Project,Scenario,Dollar_year,Weather_year,Start_day,r,state,gea,country,tz,t
Cambium24,MidCase,2023$,2012,Sunday,p30,AZ,WestConnect_South,usa,MT,2050
Metric definitions and scenario descriptions: 2024 Cambium Documentation (https://www.nrel.gov/docs/fy25osti/93005.pdf)
Time,Time,Load,Load,Load,Load,Load,Load,Load,Transmission,Transmission,Operational,Operational,Operational,Operational,Emissions,Emissions,Emissions,Emissions,Emissions,Emissions,Emissions,Emissions,Emissions,Emissions,Emissions,Emissions,Emissions,Emissions,Emissions,Emissions,Emissions,Emissions,Emissions,Emissions,Emissions,Emissions,Emissions,Emissions,Emissions,Emissions,Emissions,Emissions,Emissions,Emissions,Emissions,Emissions,Emissions,Emissions,Emissions,Emissions,Busbar costs,Busbar costs,Busbar costs,Busbar costs,End use cost,End use cost,End use cost,End use cost,Curtailment,Curtailment,Curtailment,Generation,Generation,Generation,Generation,Generation,Generation,Generation,Generation,Generation,Generation,Generation,Generation,Generation,Generation,Generation,Generation,Generation,Generation
Datetime,Datetime,MWh,MWh,MWh,MWh,MWh,MWh,MWh,MWh,MWh,MWh/MWh,MWh/MWh,unitless,unitless,kg/MWh,g/MWh,g/MWh,kg/MWh,g/MWh,g/MWh,kg/MWh,kg/MWh,kg/MWh,kg/MWh,g/MWh,g/MWh,kg/MWh,g/MWh,g/MWh,kg/MWh,kg/MWh,kg/MWh,kg/MWh,g/MWh,g/MWh,kg/MWh,g/MWh,g/MWh,kg/MWh,kg/MWh,kg/MWh,kg/MWh,g/MWh,g/MWh,kg/MWh,g/MWh,g/MWh,kg/MWh,kg/MWh,kg/MWh,$/MWh,$/MWh,$/MWh,$/MWh,$/MWh,$/MWh,$/MWh,$/MWh,MWh,MWh,MWh,MWh,MWh,MWh,MWh,MWh,MWh,MWh,MWh,MWh,MWh,MWh,MWh,MWh,MWh,MWh,MWh,MWh,MWh
timestamp,timestamp_local,busbar_load_for_enduse,battery_charging,phs_charging,trans_losses,busbar_load,enduse_load,net_load_busbar,imports,exports,distloss_rate_avg,distloss_rate_marg,marg_gen_tech,marg_es_tech,aer_gen_co2_c,aer_gen_ch4_c,aer_gen_n2o_c,aer_gen_co2_p,aer_gen_ch4_p,aer_gen_n2o_p,aer_gen_co2e_c,aer_gen_co2e_p,aer_gen_co2e,aer_load_co2_c,aer_load_ch4_c,aer_load_n2o_c,aer_load_co2_p,aer_load_ch4_p,aer_load_n2o_p,aer_load_co2e_c,aer_load_co2e_p,aer_load_co2e,lrmer_co2_c,lrmer_ch4_c,lrmer_n2o_c,lrmer_co2_p,lrmer_ch4_p,lrmer_n2o_p,lrmer_co2e_c,lrmer_co2e_p,lrmer_co2e,srmer_co2_c,srmer_ch4_c,srmer_n2o_c,srmer_co2_p,srmer_ch4_p,srmer_n2o_p,srmer_co2e_c,srmer_co2e_p,srmer_co2e,energy_cost_busbar,capacity_cost_busbar,portfolio_cost_busbar,total_cost_busbar,energy_cost_enduse,capacity_cost_enduse,portfolio_cost_enduse,total_cost_enduse,curt_wind_MWh,curt_solar_MWh,curtailment_MWh,generation,variable_generation,battery_MWh,biomass_MWh,canada_MWh,coal_MWh,csp_MWh,distpv_MWh,gas-cc_MWh,gas-ct_MWh,geothermal_MWh,hydro_MWh,nuclear_MWh,o-g-s_MWh,phs_MWh,upv_MWh,wind-ons_MWh,wind-ofs_MWh
2050-01-01 02:00:00,2050-01-01 00:00:00,1378.9,0.0,0.0,0.0,1378.9,1337.2,1322.0,0.0,0.0,0.0303,0.0361,battery,gas-cc,0.0,0.0,0.0,0.0,0.0,0.0,0.0,0.0,0.0,0.0,0.0,0.0,0.0,0.0,0.0,0.0,0.0,0.0,152.2,2.9,0.29,18.0,1147.6,0.07,152.4,52.2,204.6,355.8,6.7,0.67,42.0,2685.1,0.15,356.2,122.1,478.3,27.6,0.0,0.0,27.6,28.63,0.0,0.0,28.63,0.0,0.0,0.0,1378.9,56.9,1322.0,0.0,0.0,0.0,0.0,0.0,0.0,0.0,0.0,0.0,0.0,0.0,0.0,0.0,56.9,0.0
2050-01-01 03:00:00,2050-01-01 01:00:00,1325.3,0.0,0.0,0.6,1325.9,1285.4,1242.9,39.0,0.0,0.0301,0.0347,battery,gas-cc,0.0,0.0,0.0,0.0,0.0,0.0,0.0,0.0,0.0,0.0,0.0,0.0,0.0,0.0,0.0,0.0,0.0,0.0,154.1,2.9,0.29,18.2,1161.7,0.07,154.3,52.8,207.1,371.0,7.0,0.7,43.8,2799.7,0.16,371.4,127.3,498.7,27.6,0.0,0.0,27.6,28.59,0.0,0.0,28.59,0.0,0.0,0.0,1286.8,83.0,1203.9,0.0,0.0,0.0,0.0,0.0,0.0,0.0,0.0,0.0,0.0,0.0,0.0,0.0,83.0,0.0
2050-01-01 04:00:00,2050-01-01 02:00:00,1260.0,0.0,0.0,0.0,1260.0,1222.4,1142.2,0.0,0.0,0.0299,0.033,battery,gas-cc,0.0,0.0,0.0,0.0,0.0,0.0,0.0,0.0,0.0,0.0,0.0,0.0,0.0,0.0,0.0,0.0,0.0,0.0,153.2,2.9,0.29,18.1,1154.7,0.07,153.3,52.5,205.9,354.7,6.7,0.67,41.9,2676.5,0.15,355.1,121.7,476.8,27.6,0.0,0.0,27.6,28.54,0.0,0.0,28.54,0.0,0.0,0.0,1260.0,117.8,1142.2,0.0,0.0,0.0,0.0,0.0,0.0,0.0,0.0,0.0,0.0,0.0,0.0,0.0,117.8,0.0
2050-01-01 05:00:00,2050-01-01 03:00:00,1218.9,0.0,0.0,0.0,1218.9,1182.7,1033.6,0.0,0.0,0.0298,0.0319,battery,gas-cc,0.0,0.0,0.0,0.0,0.0,0.0,0.0,0.0,0.0,0.0,0.0,0.0,0.0,0.0,0.0,0.0,0.0,0.0,154.0,2.9,0.29,18.2,1161.2,0.07,154.2,52.8,207.0,354.3,6.7,0.67,41.9,2673.5,0.15,354.7,121.6,476.2,27.6,0.0,0.0,27.6,28.51,0.0,0.0,28.51,0.0,0.0,0.0,1218.9,185.4,1033.6,0.0,0.0,0.0,0.0,0.0,0.0,0.0,0.0,0.0,0.0,0.0,0.0,0.0,185.4,0.0
2050-01-01 06:00:00,2050-01-01 04:00:00,1195.8,0.0,0.0,6.9,1202.7,1160.2,975.1,445.3,0.0,0.0297,0.0313,battery,gas-cc,0.0,0.0,0.0,0.0,0.0,0.0,0.0,0.0,0.0,0.0,0.0,0.0,0.0,0.0,0.0,0.0,0.0,0.0,152.9,2.9,0.29,18.1,1152.5,0.07,153.0,52.4,205.5,354.1,6.7,0.67,41.8,2671.8,0.15,354.4,121.5,475.9,27.6,0.0,0.0,27.6,28.49,0.0,0.0,28.49,0.0,0.0,0.0,757.4,227.6,529.8,0.0,0.0,0.0,0.0,0.0,0.0,0.0,0.0,0.0,0.0,0.0,0.0,0.0,227.6,0.0
2050-01-01 07:00:00,2050-01-01 05:00:00,1201.1,0.0,0.0,5.8,1206.9,1165.3,966.8,374.4,0.0,0.0297,0.0314,battery,gas-cc,0.0,0.0,0.0,0.0,0.0,0.0,0.0,0.0,0.0,0.0,0.0,0.0,0.0,0.0,0.0,0.0,0.0,0.0,154.1,2.9,0.29,18.2,1161.7,0.07,154.3,52.8,207.1,354.1,6.7,0.67,41.8,2672.2,0.15,354.5,121.5,476.0,27.6,0.0,0.0,27.6,28.49,0.0,0.0,28.49,0.0,0.0,0.0,832.4,240.1,592.4,0.0,0.0,0.0,0.0,0.0,0.0,0.0,0.0,0.0,0.0,0.0,0.0,0.0,240.1,0.0
2050-01-01 08:00:00,2050-01-01 06:00:00,1242.1,0.0,0.0,1.8,1243.9,1205.1,985.1,115.5,0.0,0.0298,0.0325,battery,gas-cc,0.0,0.0,0.0,0.0,0.0,0.0,0.0,0.0,0.0,0.0,0.0,0.0,0.0,0.0,0.0,0.0,0.0,0.0,218.0,4.1,0.41,25.8,1644.7,0.09,218.3,74.8,293.1,354.5,6.7,0.67,41.9,2675.2,0.15,354.9,121.6,476.5,27.6,0.0,0.0,27.6,28.53,0.0,0.0,28.53,0.0,0.0,0.0,1128.4,258.8,869.7,0.0,0.0,0.0,0.0,0.0,0.0,0.0,0.0,0.0,0.0,0.0,0.0,0.0,258.8,0.0
2050-01-01 09:00:00,2050-01-01 07:00:00,1302.1,0.0,0.0,6.8,1308.9,1263.1,-1044.3,0.0,1044.3,0.03,0.0341,battery,gas-cc,0.0,0.0,0.0,0.0,0.0,0.0,0.0,0.0,0.0,0.0,0.0,0.0,0.0,0.0,0.0,0.0,0.0,0.0,144.1,2.7,0.27,17.0,1086.0,0.06,144.2,49.4,193.6,396.6,7.5,0.75,46.9,2992.8,0.17,397.0,136.1,533.1,26.94,0.0,0.0,26.94,27.89,0.0,0.0,27.89,0.0,0.0,0.0,2353.1,2353.1,0.0,0.0,0.0,0.0,0.0,88.1,0.0,0.0,0.0,0.0,0.0,0.0,0.0,2000.1,264.9,0.0
2050-01-01 10:00:00,2050-01-01 08:00:00,1381.1,2431.9,0.0,0.0,3813.0,1339.3,0.0,0.0,0.0,0.0303,0.0361,upv,upv,0.0,0.0,0.0,0.0,0.0,0.0,0.0,0.0,0.0,0.0,0.0,0.0,0.0,0.0,0.0,0.0,0.0,0.0,139.7,2.6,0.26,16.5,1053.3,0.06,139.9,47.9,187.8,0.0,0.0,0.0,0.0,0.0,0.0,0.0,0.0,0.0,0.0,0.0,0.0,0.0,0.0,0.0,0.0,0.0,0.0,4284.7,4284.7,3813.0,3813.0,0.0,0.0,0.0,0.0,0.0,330.9,0.0,0.0,0.0,0.0,0.0,0.0,0.0,3224.5,257.6,0.0
2050-01-01 11:00:00,2050-01-01 09:00:00,1409.5,3751.1,0.0,10.7,5171.2,1366.6,-1640.0,0.0,1640.0,0.0304,0.0369,upv,upv,0.0,0.0,0.0,0.0,0.0,0.0,0.0,0.0,0.0,0.0,0.0,0.0,0.0,0.0,0.0,0.0,0.0,0.0,139.7,2.6,0.26,16.5,1053.4,0.06,139.9,47.9,187.8,0.0,0.0,0.0,0.0,0.0,0.0,0.0,0.0,0.0,0.0,0.0,0.0,0.0,0.0,0.0,0.0,0.0,0.0,2214.1,2214.1,6811.2,6811.2,0.0,0.0,0.0,0.0,0.0,370.6,0.0,0.0,0.0,0.0,0.0,0.0,0.0,6199.7,240.9,0.0
2050-01-01 12:00:00,2050-01-01 10:00:00,1432.6,4019.6,0.0,10.7,5462.9,1388.9,-1640.0,0.0,1640.0,0.0305,0.0375,upv,upv,0.0,0.0,0.0,0.0,0.0,0.0,0.0,0.0,0.0,0.0,0.0,0.0,0.0,0.0,0.0,0.0,0.0,0.0,139.7,2.6,0.26,16.5,1053.6,0.06,139.9,47.9,187.8,0.0,0.0,0.0,0.0,0.0,0.0,0.0,0.0,0.0,0.0,0.0,0.0,0.0,0.0,0.0,0.0,0.0,0.0,1277.3,1277.3,7102.8,7102.8,0.0,0.0,0.0,0.0,0.0,345.4,0.0,0.0,0.0,0.0,0.0,0.0,0.0,6561.4,196.0,0.0
2050-01-01 13:00:00,2050-01-01 11:00:00,1451.6,2431.9,0.0,6.5,3889.9,1407.2,-995.3,0.0,995.3,0.0306,0.038,upv,upv,0.0,0.0,0.0,0.0,0.0,0.0,0.0,0.0,0.0,0.0,0.0,0.0,0.0,0.0,0.0,0.0,0.0,0.0,139.8,2.6,0.26,16.5,1053.7,0.06,139.9,47.9,187.8,0.0,0.0,0.0,0.0,0.0,0.0,0.0,0.0,0.0,0.0,0.0,0.0,0.0,0.0,0.0,0.0,0.0,0.0,2844.7,2844.7,4885.3,4885.3,0.0,0.0,0.0,0.0,0.0,319.6,0.0,0.0,0.0,0.0,0.0,0.0,0.0,4405.9,159.8,0.0
2050-01-01 14:00:00,2050-01-01 12:00:00,1489.5,4019.6,0.0,10.7,5519.7,1443.6,-1640.0,0.0,1640.0,0.0308,0.039,upv,upv,0.0,0.0,0.0,0.0,0.0,0.0,0.0,0.0,0.0,0.0,0.0,0.0,0.0,0.0,0.0,0.0,0.0,0.0,139.8,2.6,0.26,16.5,1053.8,0.06,139.9,47.9,187.9,0.0,0.0,0.0,0.0,0.0,0.0,0.0,0.0,0.0,0.0,0.0,0.0,0.0,0.0,0.0,0.0,0.0,0.0,450.4,450.4,7159.7,7159.7,0.0,0.0,0.0,0.0,0.0,314.9,0.0,0.0,0.0,0.0,0.0,0.0,0.0,6696.9,147.9,0.0
2050-01-01 15:00:00,2050-01-01 13:00:00,1517.9,4019.6,0.0,10.7,5548.1,1470.9,-1640.0,0.0,1640.0,0.031,0.0397,upv,upv,0.0,0.0,0.0,0.0,0.0,0.0,0.0,0.0,0.0,0.0,0.0,0.0,0.0,0.0,0.0,0.0,0.0,0.0,139.8,2.6,0.26,16.5,1054.0,0.06,140.0,47.9,187.9,0.0,0.0,0.0,0.0,0.0,0.0,0.0,0.0,0.0,0.0,0.0,0.0,0.0,0.0,0.0,0.0,0.0,154.2,638.5,792.7,7188.1,7188.1,0.0,0.0,0.0,0.0,0.0,0.0,0.0,0.0,0.0,0.0,0.0,0.0,0.0,7188.1,0.0,0.0
2050-01-01 16:00:00,2050-01-01 14:00:00,1562.1,4019.6,0.0,10.7,5592.3,1513.3,-1640.0,0.0,1640.0,0.0312,0.0409,upv,upv,0.0,0.0,0.0,0.0,0.0,0.0,0.0,0.0,0.0,0.0,0.0,0.0,0.0,0.0,0.0,0.0,0.0,0.0,139.8,2.6,0.26,16.5,1054.3,0.06,140.0,48.0,188.0,0.0,0.0,0.0,0.0,0.0,0.0,0.0,0.0,0.0,0.0,0.0,0.0,0.0,0.0,0.0,0.0,0.0,0.0,1072.5,1072.5,7232.3,7232.3,0.0,0.0,0.0,0.0,0.0,344.3,0.0,0.0,0.0,0.0,0.0,0.0,0.0,6740.4,147.6,0.0
2050-01-01 17:00:00,2050-01-01 15:00:00,1595.8,2431.9,0.0,10.7,4038.3,1545.6,-1640.0,0.0,1640.0,0.0314,0.0417,upv,upv,0.0,0.0,0.0,0.0,0.0,0.0,0.0,0.0,0.0,0.0,0.0,0.0,0.0,0.0,0.0,0.0,0.0,0.0,140.2,2.6,0.27,16.6,1057.1,0.06,140.4,48.1,188.5,0.0,0.0,0.0,0.0,0.0,0.0,0.0,0.0,0.0,0.0,0.0,0.0,0.0,0.0,0.0,0.0,0.0,0.0,1655.2,1655.2,5678.3,5678.3,0.0,0.0,0.0,0.0,0.0,303.0,0.0,0.0,0.0,0.0,0.0,0.0,0.0,5220.6,154.8,0.0
2050-01-01 18:00:00,2050-01-01 16:00:00,1662.1,0.0,0.0,20.4,1682.5,1609.1,-475.9,0.0,1551.7,0.0319,0.0435,battery,gas-cc,120.2,2.3,0.23,14.2,907.1,0.05,120.3,41.2,161.6,124.2,2.3,0.23,14.7,936.9,0.05,124.3,42.6,166.9,145.4,2.7,0.28,17.2,1096.4,0.06,145.6,49.9,195.5,434.1,8.2,0.82,51.3,3276.2,0.19,434.6,149.0,583.6,37.13,0.0,0.0,37.13,38.82,0.0,0.0,38.82,0.0,0.0,0.0,3234.2,2158.3,3.1,0.0,0.0,0.0,0.0,82.9,1072.7,0.0,0.0,0.0,0.0,0.0,0.0,1882.1,193.3,0.0
2050-01-01 19:00:00,2050-01-01 17:00:00,1775.8,0.0,0.0,9.8,1785.6,1717.7,1537.2,0.0,1188.1,0.0327,0.0464,battery,gas-cc,130.7,2.5,0.25,15.4,986.5,0.06,130.9,44.9,175.7,135.2,2.5,0.25,16.0,1019.9,0.06,135.3,46.4,181.7,155.3,2.9,0.29,18.3,1170.9,0.07,155.5,53.3,208.7,435.5,8.2,0.82,51.4,3286.4,0.19,436.0,149.4,585.4,37.13,0.0,0.0,37.13,38.94,0.0,0.0,38.94,0.0,0.0,0.0,2973.7,248.4,1652.6,0.0,0.0,0.0,0.0,0.0,1072.7,0.0,0.0,0.0,0.0,0.0,0.0,0.0,248.4,0.0
2050-01-01 20:00:00,2050-01-01 18:00:00,1868.4,0.0,0.0,27.7,1896.1,1805.9,1657.3,0.0,2626.7,0.0335,0.0489,battery,gas-cc,86.0,1.6,0.16,10.2,648.6,0.04,86.0,29.5,115.5,88.9,1.7,0.17,10.5,671.1,0.04,89.0,30.5,119.6,147.6,2.8,0.28,17.4,1112.4,0.06,147.7,50.6,198.3,423.0,8.0,0.8,50.0,3192.1,0.18,423.5,145.1,568.6,37.13,0.0,0.0,37.13,39.04,0.0,0.0,39.04,0.0,0.0,0.0,4522.8,238.8,3211.2,0.0,0.0,0.0,0.0,0.0,1072.7,0.0,0.0,0.0,0.0,0.0,0.0,0.0,238.8,0.0
2050-01-01 21:00:00,2050-01-01 19:00:00,1834.7,0.0,0.0,20.1,1854.8,1773.9,1614.5,0.0,1465.2,0.0332,0.048,battery,gas-cc,117.1,2.2,0.22,13.8,883.6,0.05,117.2,40.2,157.4,121.1,2.3,0.23,14.3,914.0,0.05,121.2,41.6,162.8,152.5,2.9,0.29,18.0,1149.5,0.07,152.6,52.3,204.9,422.6,8.0,0.8,49.9,3189.2,0.18,423.1,145.0,568.1,37.13,0.0,0.0,37.13,39.0,0.0,0.0,39.0,0.0,0.0,0.0,3320.0,240.3,2007.0,0.0,0.0,0.0,0.0,0.0,1072.7,0.0,0.0,0.0,0.0,0.0,0.0,0.0,240.3,0.0
2050-01-01 22:00:00,2050-01-01 20:00:00,1740.0,0.0,0.0,18.3,1758.3,1683.6,1532.8,0.0,1192.6,0.0324,0.0455,battery,gas-cc,131.7,2.5,0.25,15.6,994.2,0.06,131.9,45.2,177.1,136.2,2.6,0.26,16.1,1027.5,0.06,136.3,46.7,183.0,155.3,2.9,0.29,18.3,1170.8,0.07,155.5,53.3,208.7,421.5,7.9,0.79,49.8,3180.9,0.18,422.0,144.6,566.6,37.13,0.0,0.0,37.13,38.9,0.0,0.0,38.9,0.0,0.0,0.0,2950.9,225.6,1652.6,0.0,0.0,0.0,0.0,0.0,1072.7,0.0,0.0,0.0,0.0,0.0,0.0,0.0,225.6,0.0
2050-01-01 23:00:00,2050-01-01 21:00:00,1649.5,0.0,0.0,19.0,1668.5,1597.0,1429.1,0.0,1296.2,0.0318,0.0431,battery,gas-cc,131.1,2.5,0.25,15.5,989.5,0.06,131.3,45.0,176.3,135.4,2.6,0.26,16.0,1022.0,0.06,135.6,46.5,182.1,154.1,2.9,0.29,18.2,1161.6,0.07,154.2,52.8,207.1,420.5,7.9,0.79,49.7,3173.0,0.18,420.9,144.3,565.2,37.13,0.0,0.0,37.13,38.81,0.0,0.0,38.81,0.0,0.0,0.0,2964.7,239.4,1652.6,0.0,0.0,0.0,0.0,0.0,1072.7,0.0,0.0,0.0,0.0,0.0,0.0,0.0,239.4,0.0
2050-01-02 00:00:00,2050-01-01 22:00:00,1574.7,0.0,0.0,20.9,1595.6,1525.5,1349.7,0.0,1671.3,0.0313,0.0412,gas-cc,gas-cc,119.0,2.2,0.22,14.1,898.0,0.05,119.1,40.8,160.0,122.8,2.3,0.23,14.5,927.0,0.05,123.0,42.2,165.1,153.5,2.9,0.29,18.1,1156.9,0.07,153.6,52.6,206.2,366.9,6.9,0.69,43.3,2768.7,0.16,367.3,125.9,493.2,37.47,0.0,0.0,37.47,39.08,0.0,0.0,39.08,0.0,0.0,0.0,3266.9,245.9,1948.2,0.0,0.0,0.0,0.0,0.0,1072.7,0.0,0.0,0.0,0.0,0.0,0.0,0.0,245.9,0.0
2050-01-02 01:00:00,2050-01-01 23:00:00,1453.7,0.0,0.0,21.2,1474.9,1409.2,1226.7,0.0,1628.5,0.0306,0.038,gas-cc,gas-cc,125.3,2.4,0.24,14.8,945.3,0.05,125.4,43.0,168.4,129.2,2.4,0.24,15.3,975.2,0.06,129.4,44.3,173.7,227.0,4.3,0.43,26.8,1712.2,0.1,227.2,77.9,305.1,365.7,6.9,0.69,43.2,2759.6,0.16,366.1,125.5,491.6,37.47,0.0,0.0,37.47,38.95,0.0,0.0,38.95,0.0,0.0,0.0,3103.4,248.1,1782.5,0.0,0.0,0.0,0.0,0.0,1072.7,0.0,0.0,0.0,0.0,0.0,0.0,0.0,248.1,0.0
2050-01-02 02:00:00,2050-01-02 00:00:00,1320.0,0.0,0.0,14.4,1334.4,1280.4,1083.8,0.0,1579.7,0.03,0.0345,gas-cc,gas-cc,133.4,2.5,0.25,15.8,1006.7,0.06,133.5,45.8,179.3,137.5,2.6,0.26,16.3,1037.9,0.06,137.7,47.2,184.9,150.0,2.8,0.28,17.7,1131.1,0.07,150.2,51.4,201.6,364.4,6.9,0.69,43.0,2749.6,0.16,364.8,125.0,489.8,37.47,0.0,0.0,37.47,38.81,0.0,0.0,38.81,0.0,0.0,0.0,2914.1,250.6,1590.8,0.0,0.0,0.0,0.0,0.0,1072.7,0.0,0.0,0.0,0.0,0.0,0.0,0.0,250.6,0.0
2050-01-02 03:00:00,2050-01-02 01:00:00,1252.6,0.0,0.0,20.9,1273.6,1215.3,1026.4,0.0,2291.5,0.0298,0.0328,battery,gas-cc,109.0,2.1,0.21,12.9,822.9,0.05,109.2,37.4,146.6,112.4,2.1,0.21,13.3,848.2,0.05,112.5,38.6,151.1,153.8,2.9,0.29,18.2,1159.8,0.07,154.0,52.8,206.8,363.7,6.9,0.69,43.0,2744.6,0.16,364.1,124.8,488.9,37.47,0.0,0.0,37.47,38.74,0.0,0.0,38.74,0.0,0.0,0.0,3565.1,247.2,2245.2,0.0,0.0,0.0,0.0,0.0,1072.7,0.0,0.0,0.0,0.0,0.0,0.0,0.0,247.2,0.0
2050-01-02 04:00:00,2050-01-02 02:00:00,1203.2,0.0,0.0,18.2,1221.4,1167.4,984.1,0.0,1794.4,0.0297,0.0315,gas-cc,gas-cc,128.9,2.4,0.24,15.2,972.8,0.06,129.0,44.2,173.3,132.9,2.5,0.25,15.7,1002.6,0.06,133.0,45.6,178.6,200.3,3.8,0.38,23.7,1510.7,0.09,200.5,68.7,269.2,363.2,6.8,0.68,42.9,2740.9,0.16,363.6,124.6,488.2,37.47,0.0,0.0,37.47,38.69,0.0,0.0,38.69,0.0,0.0,0.0,3015.8,237.3,1705.8,0.0,0.0,0.0,0.0,0.0,1072.7,0.0,0.0,0.0,0.0,0.0,0.0,0.0,237.3,0.0
2050-01-02 05:00:00,2050-01-02 03:00:00,1170.5,0.0,0.0,20.4,1190.9,1135.8,963.2,0.0,2267.8,0.0297,0.0306,battery,gas-cc,112.4,2.1,0.21,13.3,848.2,0.05,112.5,38.6,151.1,115.8,2.2,0.22,13.7,874.2,0.05,116.0,39.8,155.7,184.4,3.5,0.35,21.8,1390.6,0.08,184.6,63.2,247.8,437.5,8.2,0.82,51.7,3301.5,0.19,438.0,150.1,588.1,37.47,0.0,0.0,37.47,38.65,0.0,0.0,38.65,0.0,0.0,0.0,3458.8,227.8,2158.3,0.0,0.0,0.0,0.0,0.0,1072.7,0.0,0.0,0.0,0.0,0.0,0.0,0.0,227.8,0.0
2050-01-02 06:00:00,2050-01-02 04:00:00,1172.6,0.0,0.0,13.8,1186.4,1137.8,948.7,0.0,1805.7,0.0297,0.0307,battery,gas-cc,129.9,2.4,0.24,15.3,980.4,0.06,130.1,44.6,174.6,133.9,2.5,0.25,15.8,1010.5,0.06,134.0,46.0,180.0,152.4,2.9,0.29,18.0,1148.6,0.07,152.5,52.2,204.8,362.9,6.8,0.68,42.9,2738.6,0.16,363.3,124.5,487.8,37.47,0.0,0.0,37.47,38.66,0.0,0.0,38.66,0.0,0.0,0.0,2992.2,237.7,1681.7,0.0,0.0,0.0,0.0,0.0,1072.7,0.0,0.0,0.0,0.0,0.0,0.0,0.0,237.7,0.0
2050-01-02 07:00:00,2050-01-02 05:00:00,1213.7,0.0,0.0,19.2,1232.9,1177.6,997.9,0.0,1438.6,0.0298,0.0317,gas-cc,gas-cc,145.5,2.7,0.27,17.2,1098.1,0.06,145.7,49.9,195.6,150.0,2.8,0.28,17.7,1131.8,0.07,150.1,51.5,201.6,155.0,2.9,0.29,18.3,1168.8,0.07,155.2,53.2,208.4,363.3,6.8,0.68,42.9,2741.7,0.16,363.7,124.7,488.4,37.47,0.0,0.0,37.47,38.7,0.0,0.0,38.7,0.0,0.0,0.0,2671.5,235.0,1363.8,0.0,0.0,0.0,0.0,0.0,1072.7,0.0,0.0,0.0,0.0,0.0,0.0,0.0,235.0,0.0
2050-01-02 08:00:00,2050-01-02 06:00:00,1316.8,0.0,0.0,22.3,1339.2,1277.3,1099.5,0.0,1809.4,0.03,0.0344,gas-cc,gas-cc,123.5,2.3,0.23,14.6,931.7,0.05,123.6,42.4,166.0,127.3,2.4,0.24,15.0,960.6,0.06,127.4,43.7,171.1,153.5,2.9,0.29,18.1,1157.0,0.07,153.6,52.6,206.2,364.3,6.9,0.69,43.0,2749.3,0.16,364.7,125.0,489.7,37.47,0.0,0.0,37.47,38.81,0.0,0.0,38.81,0.0,0.0,0.0,3148.6,239.6,1836.2,0.0,0.0,0.0,0.0,0.0,1072.7,0.0,0.0,0.0,0.0,0.0,0.0,0.0,239.6,0.0
2050-01-02 09:00:00,2050-01-02 07:00:00,1474.7,0.0,0.0,4.7,1479.4,1429.4,-721.8,0.0,721.8,0.0307,0.0386,hydro,gas-cc,0.0,0.0,0.0,0.0,0.0,0.0,0.0,0.0,0.0,0.0,0.0,0.0,0.0,0.0,0.0,0.0,0.0,0.0,221.7,4.2,0.42,26.2,1672.3,0.1,221.9,76.0,298.0,361.6,6.8,0.68,42.7,2728.7,0.16,362.0,124.1,486.1,31.71,0.0,0.0,31.71,32.98,0.0,0.0,32.98,0.0,0.0,0.0,2201.2,2201.2,0.0,0.0,0.0,0.0,0.0,82.6,0.0,0.0,0.0,0.0,0.0,0.0,0.0,1875.7,242.9,0.0
2050-01-02 10:00:00,2050-01-02 08:00:00,1628.4,3235.2,0.0,28.9,4892.6,1576.9,-2816.0,0.0,2816.0,0.0316,0.0426,distpv,distpv,0.0,0.0,0.0,0.0,0.0,0.0,0.0,0.0,0.0,0.0,0.0,0.0,0.0,0.0,0.0,0.0,0.0,0.0,139.9,2.6,0.26,16.5,1054.8,0.06,140.1,48.0,188.0,0.0,0.0,0.0,0.0,0.0,0.0,0.0,0.0,0.0,0.0,0.0,0.0,0.0,0.0,0.0,0.0,0.0,0.0,97.4,97.4,7708.6,7708.6,0.0,0.0,0.0,0.0,0.0,222.4,0.0,0.0,0.0,0.0,0.0,0.0,0.0,7257.1,229.1,0.0
2050-01-02 11:00:00,2050-01-02 09:00:00,1644.2,3758.9,0.0,28.9,5432.0,1592.0,-2816.0,0.0,2816.0,0.0318,0.043,upv,upv,0.0,0.0,0.0,0.0,0.0,0.0,0.0,0.0,0.0,0.0,0.0,0.0,0.0,0.0,0.0,0.0,0.0,0.0,139.9,2.6,0.26,16.5,1054.9,0.06,140.1,48.0,188.1,0.0,0.0,0.0,0.0,0.0,0.0,0.0,0.0,0.0,0.0,0.0,0.0,0.0,0.0,0.0,0.0,0.0,0.0,589.0,589.0,8248.0,8248.0,0.0,0.0,0.0,0.0,0.0,364.5,0.0,0.0,0.0,0.0,0.0,0.0,0.0,7682.7,200.8,0.0
2050-01-02 12:00:00,2050-01-02 10:00:00,1605.3,3778.4,0.0,28.9,5412.6,1554.7,-2816.0,0.0,2816.0,0.0315,0.042,battery,upv,0.0,0.0,0.0,0.0,0.0,0.0,0.0,0.0,0.0,0.0,0.0,0.0,0.0,0.0,0.0,0.0,0.0,0.0,139.9,2.6,0.26,16.5,1054.6,0.06,140.0,48.0,188.0,0.0,0.0,0.0,0.0,0.0,0.0,0.0,0.0,0.0,0.0,0.0,0.0,0.0,0.0,0.0,0.0,0.0,0.0,0.0,0.0,8228.6,8228.6,0.0,0.0,0.0,0.0,0.0,339.8,0.0,0.0,0.0,0.0,0.0,0.0,0.0,7709.5,179.4,0.0
2050-01-02 13:00:00,2050-01-02 11:00:00,1562.1,3246.3,0.0,28.9,4837.3,1513.3,-2816.0,0.0,2816.0,0.0312,0.0409,battery,upv,0.0,0.0,0.0,0.0,0.0,0.0,0.0,0.0,0.0,0.0,0.0,0.0,0.0,0.0,0.0,0.0,0.0,0.0,139.8,2.6,0.26,16.5,1054.3,0.06,140.0,48.0,188.0,0.0,0.0,0.0,0.0,0.0,0.0,0.0,0.0,0.0,0.0,0.0,0.0,0.0,0.0,0.0,0.0,0.0,0.0,0.0,0.0,7653.3,7653.3,0.0,0.0,0.0,0.0,0.0,316.1,0.0,0.0,0.0,0.0,0.0,0.0,0.0,7173.1,164.0,0.0
2050-01-02 14:00:00,2050-01-02 12:00:00,1556.8,3144.9,0.0,28.9,4730.7,1508.3,-2816.0,0.0,2816.0,0.0312,0.0407,battery,upv,0.0,0.0,0.0,0.0,0.0,0.0,0.0,0.0,0.0,0.0,0.0,0.0,0.0,0.0,0.0,0.0,0.0,0.0,139.8,2.6,0.26,16.5,1054.3,0.06,140.0,48.0,187.9,0.0,0.0,0.0,0.0,0.0,0.0,0.0,0.0,0.0,0.0,0.0,0.0,0.0,0.0,0.0,0.0,0.0,0.0,0.0,0.0,7546.7,7546.7,0.0,0.0,0.0,0.0,0.0,311.8,0.0,0.0,0.0,0.0,0.0,0.0,0.0,7076.2,158.7,0.0
2050-01-02 15:00:00,2050-01-02 13:00:00,1556.8,3402.2,0.0,28.9,4987.9,1508.3,-2816.0,0.0,2816.0,0.0312,0.0407,upv,upv,0.0,0.0,0.0,0.0,0.0,0.0,0.0,0.0,0.0,0.0,0.0,0.0,0.0,0.0,0.0,0.0,0.0,0.0,139.8,2.6,0.26,16.5,1054.3,0.06,140.0,48.0,187.9,0.0,0.0,0.0,0.0,0.0,0.0,0.0,0.0,0.0,0.0,0.0,0.0,0.0,0.0,0.0,0.0,0.0,0.0,141.1,141.1,7803.9,7803.9,0.0,0.0,0.0,0.0,0.0,329.0,0.0,0.0,0.0,0.0,0.0,0.0,0.0,7322.8,152.2,0.0
2050-01-02 16:00:00,2050-01-02 14:00:00,1551.6,3908.3,0.0,28.9,5488.8,1503.2,-2816.0,0.0,2816.0,0.0312,0.0406,battery,upv,0.0,0.0,0.0,0.0,0.0,0.0,0.0,0.0,0.0,0.0,0.0,0.0,0.0,0.0,0.0,0.0,0.0,0.0,139.8,2.6,0.26,16.5,1054.2,0.06,140.0,48.0,187.9,0.0,0.0,0.0,0.0,0.0,0.0,0.0,0.0,0.0,0.0,0.0,0.0,0.0,0.0,0.0,0.0,0.0,0.0,0.0,0.0,8304.8,8304.8,0.0,0.0,0.0,0.0,0.0,343.9,0.0,0.0,0.0,0.0,0.0,0.0,0.0,7806.4,154.5,0.0
2050-01-02 17:00:00,2050-01-02 15:00:00,1618.9,2650.9,0.0,28.9,4298.7,1567.8,-2816.0,0.0,2816.0,0.0316,0.0423,upv,upv,0.0,0.0,0.0,0.0,0.0,0.0,0.0,0.0,0.0,0.0,0.0,0.0,0.0,0.0,0.0,0.0,0.0,0.0,139.9,2.6,0.26,16.5,1054.7,0.06,140.1,48.0,188.0,0.0,0.0,0.0,0.0,0.0,0.0,0.0,0.0,0.0,0.0,0.0,0.0,0.0,0.0,0.0,0.0,0.0,0.0,269.6,269.6,7114.7,7114.7,0.0,0.0,0.0,0.0,0.0,305.3,0.0,0.0,0.0,0.0,0.0,0.0,0.0,6658.0,151.5,0.0
2050-01-02 18:00:00,2050-01-02 16:00:00,1688.4,0.0,0.0,3.7,1692.1,1634.3,-562.3,0.0,562.3,0.0321,0.0442,battery,gas-cc,0.0,0.0,0.0,0.0,0.0,0.0,0.0,0.0,0.0,0.0,0.0,0.0,0.0,0.0,0.0,0.0,0.0,0.0,180.7,3.4,0.34,21.3,1362.5,0.08,180.9,62.0,242.8,368.0,6.9,0.69,43.5,2777.3,0.16,368.4,126.3,494.7,31.71,0.0,0.0,31.71,33.17,0.0,0.0,33.17,0.0,0.0,0.0,2254.4,2254.4,0.0,0.0,0.0,0.0,0.0,86.6,0.0,0.0,0.0,0.0,0.0,0.0,0.0,1966.1,201.6,0.0
2050-01-02 19:00:00,2050-01-02 17:00:00,1861.1,0.0,0.0,7.8,1868.9,1798.9,1620.9,0.0,1200.7,0.0334,0.0487,battery,gas-cc,0.0,0.0,0.0,0.0,0.0,0.0,0.0,0.0,0.0,0.0,0.0,0.0,0.0,0.0,0.0,0.0,0.0,0.0,162.6,3.1,0.31,19.2,1225.9,0.07,162.8,55.8,218.5,369.8,7.0,0.7,43.7,2790.5,0.16,370.2,126.9,497.1,31.71,0.0,0.0,31.71,33.33,0.0,0.0,33.33,0.0,0.0,0.0,3069.5,248.0,2821.5,0.0,0.0,0.0,0.0,0.0,0.0,0.0,0.0,0.0,0.0,0.0,0.0,0.0,248.0,0.0
2050-01-02 20:00:00,2050-01-02 18:00:00,1997.9,0.0,0.0,2.5,2000.4,1928.8,1758.0,0.0,385.0,0.0346,0.0522,battery,gas-cc,0.0,0.0,0.0,0.0,0.0,0.0,0.0,0.0,0.0,0.0,0.0,0.0,0.0,0.0,0.0,0.0,0.0,0.0,160.0,3.0,0.3,18.9,1206.3,0.07,160.2,54.9,215.0,371.2,7.0,0.7,43.8,2801.0,0.16,371.6,127.4,498.9,31.71,0.0,0.0,31.71,33.45,0.0,0.0,33.45,0.0,0.0,0.0,2385.4,242.4,2143.1,0.0,0.0,0.0,0.0,0.0,0.0,0.0,0.0,0.0,0.0,0.0,0.0,0.0,242.4,0.0
2050-01-02 21:00:00,2050-01-02 19:00:00,1961.1,0.0,0.0,0.0,1961.1,1893.9,1746.3,0.0,7.1,0.0342,0.0513,battery,gas-cc,0.0,0.0,0.0,0.0,0.0,0.0,0.0,0.0,0.0,0.0,0.0,0.0,0.0,0.0,0.0,0.0,0.0,0.0,163.6,3.1,0.31,19.3,1233.2,0.07,163.7,56.1,219.8,370.8,7.0,0.7,43.8,2798.2,0.16,371.2,127.2,498.4,31.71,0.0,0.0,31.71,33.42,0.0,0.0,33.42,0.0,0.0,0.0,1968.2,214.8,1753.4,0.0,0.0,0.0,0.0,0.0,0.0,0.0,0.0,0.0,0.0,0.0,0.0,0.0,214.8,0.0
2050-01-02 22:00:00,2050-01-02 20:00:00,1843.2,0.0,0.0,0.0,1843.2,1781.9,1638.6,0.0,0.0,0.0332,0.0482,battery,gas-cc,0.0,0.0,0.0,0.0,0.0,0.0,0.0,0.0,0.0,0.0,0.0,0.0,0.0,0.0,0.0,0.0,0.0,0.0,189.7,3.6,0.36,22.4,1430.9,0.08,189.9,65.1,255.0,364.6,6.9,0.69,43.1,2751.7,0.16,365.0,125.1,490.2,31.71,0.0,0.0,31.71,33.31,0.0,0.0,33.31,0.0,0.0,0.0,1843.2,204.5,1638.6,0.0,0.0,0.0,0.0,0.0,0.0,0.0,0.0,0.0,0.0,0.0,0.0,0.0,204.5,0.0
2050-01-02 23:00:00,2050-01-02 21:00:00,1736.8,0.0,0.0,0.0,1736.8,1680.5,1545.5,0.0,0.0,0.0324,0.0454,battery,gas-cc,0.0,0.0,0.0,0.0,0.0,0.0,0.0,0.0,0.0,0.0,0.0,0.0,0.0,0.0,0.0,0.0,0.0,0.0,190.4,3.6,0.36,22.5,1435.7,0.08,190.6,65.3,255.9,363.6,6.9,0.69,43.0,2743.7,0.16,364.0,124.8,488.7,31.71,0.0,0.0,31.71,33.21,0.0,0.0,33.21,0.0,0.0,0.0,1736.8,191.4,1545.5,0.0,0.0,0.0,0.0,0.0,0.0,0.0,0.0,0.0,0.0,0.0,0.0,0.0,191.4,0.0
2050-01-03 00:00:00,2050-01-02 22:00:00,1621.1,0.0,0.0,2.0,1623.1,1569.8,1440.2,0.0,313.2,0.0316,0.0424,battery,gas-cc,0.0,0.0,0.0,0.0,0.0,0.0,0.0,0.0,0.0,0.0,0.0,0.0,0.0,0.0,0.0,0.0,0.0,0.0,185.6,3.5,0.35,21.9,1399.7,0.08,185.8,63.7,249.5,363.0,6.8,0.68,42.9,2739.6,0.16,363.4,124.6,488.0,31.44,0.0,0.0,31.44,32.83,0.0,0.0,32.83,0.0,0.0,0.0,1936.3,182.9,1753.4,0.0,0.0,0.0,0.0,0.0,0.0,0.0,0.0,0.0,0.0,0.0,0.0,0.0,182.9,0.0
2050-01-03 01:00:00,2050-01-02 23:00:00,1482.1,0.0,0.0,0.6,1482.7,1436.5,1324.1,0.0,94.6,0.0308,0.0388,battery,gas-cc,0.0,0.0,0.0,0.0,0.0,0.0,0.0,0.0,0.0,0.0,0.0,0.0,0.0,0.0,0.0,0.0,0.0,0.0,194.2,3.7,0.37,22.9,1464.1,0.08,194.4,66.6,261.0,361.7,6.8,0.68,42.7,2729.3,0.16,362.1,124.1,486.2,31.44,0.0,0.0,31.44,32.71,0.0,0.0,32.71,0.0,0.0,0.0,1577.3,158.6,1418.7,0.0,0.0,0.0,0.0,0.0,0.0,0.0,0.0,0.0,0.0,0.0,0.0,0.0,158.6,0.0
2050-01-03 02:00:00,2050-01-03 00:00:00,1348.4,0.0,0.0,2.0,1350.5,1307.8,1217.3,0.0,312.7,0.0301,0.0353,battery,gas-cc,0.0,0.0,0.0,0.0,0.0,0.0,0.0,0.0,0.0,0.0,0.0,0.0,0.0,0.0,0.0,0.0,0.0,0.0,154.3,2.9,0.29,18.2,1163.5,0.07,154.5,52.9,207.4,360.4,6.8,0.68,42.6,2719.4,0.16,360.8,123.7,484.4,31.44,0.0,0.0,31.44,32.59,0.0,0.0,32.59,0.0,0.0,0.0,1663.1,133.2,1530.0,0.0,0.0,0.0,0.0,0.0,0.0,0.0,0.0,0.0,0.0,0.0,0.0,0.0,133.2,0.0
2050-01-03 03:00:00,2050-01-03 01:00:00,1268.4,0.0,0.0,0.0,1268.4,1230.5,1152.9,0.0,0.0,0.0299,0.0332,battery,gas-cc,0.0,0.0,0.0,0.0,0.0,0.0,0.0,0.0,0.0,0.0,0.0,0.0,0.0,0.0,0.0,0.0,0.0,0.0,168.6,3.2,0.32,19.9,1271.2,0.07,168.8,57.8,226.6,354.8,6.7,0.67,41.9,2677.1,0.15,355.1,121.7,476.9,31.44,0.0,0.0,31.44,32.52,0.0,0.0,32.52,0.0,0.0,0.0,1268.4,115.5,1152.9,0.0,0.0,0.0,0.0,0.0,0.0,0.0,0.0,0.0,0.0,0.0,0.0,0.0,115.5,0.0
2050-01-03 04:00:00,2050-01-03 02:00:00,1222.1,0.0,0.0,0.0,1222.1,1185.7,1134.1,0.0,0.0,0.0298,0.032,battery,gas-cc,0.0,0.0,0.0,0.0,0.0,0.0,0.0,0.0,0.0,0.0,0.0,0.0,0.0,0.0,0.0,0.0,0.0,0.0,158.8,3.0,0.3,18.8,1197.5,0.07,159.0,54.5,213.5,354.3,6.7,0.67,41.9,2673.7,0.15,354.7,121.6,476.3,31.44,0.0,0.0,31.44,32.48,0.0,0.0,32.48,0.0,0.0,0.0,1222.1,88.0,1134.1,0.0,0.0,0.0,0.0,0.0,0.0,0.0,0.0,0.0,0.0,0.0,0.0,0.0,88.0,0.0
2050-01-03 05:00:00,2050-01-03 03:00:00,1188.4,0.0,0.0,0.0,1188.4,1153.1,1116.0,0.0,0.0,0.0297,0.0311,battery,gas-cc,0.0,0.0,0.0,0.0,0.0,0.0,0.0,0.0,0.0,0.0,0.0,0.0,0.0,0.0,0.0,0.0,0.0,0.0,152.2,2.9,0.29,18.0,1147.6,0.07,152.4,52.2,204.6,354.0,6.7,0.67,41.8,2671.3,0.15,354.4,121.5,475.8,31.44,0.0,0.0,31.44,32.45,0.0,0.0,32.45,0.0,0.0,0.0,1188.4,72.4,1116.0,0.0,0.0,0.0,0.0,0.0,0.0,0.0,0.0,0.0,0.0,0.0,0.0,0.0,72.4,0.0
2050-01-03 06:00:00,2050-01-03 04:00:00,1203.2,0.0,0.0,2.1,1205.2,1167.4,1140.7,0.0,317.1,0.0297,0.0315,gas-cc,gas-cc,0.0,0.0,0.0,0.0,0.0,0.0,0.0,0.0,0.0,0.0,0.0,0.0,0.0,0.0,0.0,0.0,0.0,0.0,203.7,3.8,0.38,24.1,1536.7,0.09,204.0,69.9,273.8,363.2,6.8,0.68,42.9,2740.9,0.16,363.6,124.6,488.2,31.44,0.0,0.0,31.44,32.46,0.0,0.0,32.46,0.0,0.0,0.0,1522.3,64.6,1457.8,0.0,0.0,0.0,0.0,0.0,0.0,0.0,0.0,0.0,0.0,0.0,0.0,0.0,64.6,0.0
2050-01-03 07:00:00,2050-01-03 05:00:00,1273.7,0.0,0.0,1.7,1275.4,1235.6,1218.5,0.0,268.3,0.0299,0.0333,gas-cc,gas-cc,0.0,0.0,0.0,0.0,0.0,0.0,0.0,0.0,0.0,0.0,0.0,0.0,0.0,0.0,0.0,0.0,0.0,0.0,195.6,3.7,0.37,23.1,1475.2,0.09,195.8,67.1,262.9,363.9,6.9,0.69,43.0,2746.1,0.16,364.3,124.9,489.2,31.44,0.0,0.0,31.44,32.53,0.0,0.0,32.53,0.0,0.0,0.0,1543.8,56.9,1486.9,0.0,0.0,0.0,0.0,0.0,0.0,0.0,0.0,0.0,0.0,0.0,0.0,0.0,56.9,0.0
2050-01-03 08:00:00,2050-01-03 06:00:00,1423.2,0.0,0.0,2.7,1425.9,1379.8,1377.4,0.0,417.4,0.0305,0.0372,battery,gas-cc,0.0,0.0,0.0,0.0,0.0,0.0,0.0,0.0,0.0,0.0,0.0,0.0,0.0,0.0,0.0,0.0,0.0,0.0,175.4,3.3,0.33,20.7,1322.8,0.08,175.6,60.2,235.8,361.1,6.8,0.68,42.7,2724.9,0.16,361.5,123.9,485.4,31.44,0.0,0.0,31.44,32.66,0.0,0.0,32.66,0.0,0.0,0.0,1843.3,48.5,1794.8,0.0,0.0,0.0,0.0,0.0,0.0,0.0,0.0,0.0,0.0,0.0,0.0,0.0,48.5,0.0
2050-01-03 09:00:00,2050-01-03 07:00:00,1582.1,0.0,0.0,3.2,1585.3,1532.5,-312.6,0.0,489.4,0.0313,0.0414,gas-cc,gas-cc,0.0,0.0,0.0,0.0,0.0,0.0,0.0,0.0,0.0,0.0,0.0,0.0,0.0,0.0,0.0,0.0,0.0,0.0,146.1,2.8,0.28,17.3,1101.1,0.06,146.2,50.1,196.3,367.0,6.9,0.69,43.4,2769.2,0.16,367.4,125.9,493.3,31.44,0.0,0.0,31.44,32.8,0.0,0.0,32.8,0.0,0.0,0.0,2074.7,1897.8,176.8,0.0,0.0,0.0,0.0,78.2,0.0,0.0,0.0,0.0,0.0,0.0,0.0,1775.5,44.1,0.0
2050-01-03 10:00:00,2050-01-03 08:00:00,1698.9,3742.7,0.0,13.2,5454.9,1644.3,-1473.0,166.9,1640.0,0.0321,0.0444,battery,distpv,0.0,0.0,0.0,0.0,0.0,0.0,0.0,0.0,0.0,0.0,0.0,0.0,0.0,0.0,0.0,0.0,0.0,0.0,158.0,3.0,0.3,18.7,1191.1,0.07,158.1,54.2,212.3,0.0,0.0,0.0,0.0,0.0,0.0,0.0,0.0,0.0,0.05,0.0,0.0,0.05,0.05,0.0,0.0,0.05,0.0,0.0,0.0,6927.9,6927.9,0.0,0.0,0.0,0.0,0.0,290.7,0.0,0.0,0.0,0.0,0.0,0.0,0.0,6597.9,39.3,0.0
2050-01-03 11:00:00,2050-01-03 09:00:00,1711.6,4019.6,0.0,18.2,5749.3,1656.4,-2125.2,0.0,2125.2,0.0322,0.0448,battery,distpv,0.0,0.0,0.0,0.0,0.0,0.0,0.0,0.0,0.0,0.0,0.0,0.0,0.0,0.0,0.0,0.0,0.0,0.0,140.0,2.6,0.26,16.5,1055.4,0.06,140.1,48.0,188.2,0.0,0.0,0.0,0.0,0.0,0.0,0.0,0.0,0.0,0.02,0.0,0.0,0.02,0.02,0.0,0.0,0.02,0.0,0.0,0.0,7874.5,7874.5,0.0,0.0,0.0,0.0,0.0,330.9,0.0,0.0,0.0,0.0,0.0,0.0,0.0,7509.1,34.5,0.0
2050-01-03 12:00:00,2050-01-03 10:00:00,1638.9,4019.6,0.0,16.8,5675.4,1587.0,-2038.5,0.0,2038.5,0.0317,0.0429,distpv,distpv,0.0,0.0,0.0,0.0,0.0,0.0,0.0,0.0,0.0,0.0,0.0,0.0,0.0,0.0,0.0,0.0,0.0,0.0,144.2,2.7,0.27,17.0,1087.3,0.06,144.4,49.5,193.8,0.0,0.0,0.0,0.0,0.0,0.0,0.0,0.0,0.0,0.02,0.0,0.0,0.02,0.02,0.0,0.0,0.02,0.0,0.0,0.0,7713.9,7713.9,0.0,0.0,0.0,0.0,0.0,324.6,0.0,0.0,0.0,0.0,0.0,0.0,0.0,7367.0,22.3,0.0
2050-01-03 13:00:00,2050-01-03 11:00:00,1595.8,3906.7,0.0,10.7,5513.1,1545.6,-1640.0,0.0,1640.0,0.0314,0.0417,battery,distpv,0.0,0.0,0.0,0.0,0.0,0.0,0.0,0.0,0.0,0.0,0.0,0.0,0.0,0.0,0.0,0.0,0.0,0.0,146.9,2.8,0.28,17.4,1107.8,0.06,147.1,50.4,197.5,0.0,0.0,0.0,0.0,0.0,0.0,0.0,0.0,0.0,0.05,0.0,0.0,0.05,0.05,0.0,0.0,0.05,0.0,0.0,0.0,7153.1,7153.1,0.0,0.0,0.0,0.0,0.0,301.3,0.0,0.0,0.0,0.0,0.0,0.0,0.0,6837.0,14.7,0.0
2050-01-03 14:00:00,2050-01-03 12:00:00,1574.7,3707.5,0.0,10.7,5292.9,1525.5,-1640.0,0.0,1640.0,0.0313,0.0412,battery,distpv,0.0,0.0,0.0,0.0,0.0,0.0,0.0,0.0,0.0,0.0,0.0,0.0,0.0,0.0,0.0,0.0,0.0,0.0,144.0,2.7,0.27,17.0,1085.7,0.06,144.2,49.4,193.5,0.0,0.0,0.0,0.0,0.0,0.0,0.0,0.0,0.0,0.05,0.0,0.0,0.05,0.05,0.0,0.0,0.05,0.0,0.0,0.0,6932.8,6932.8,0.0,0.0,0.0,0.0,0.0,292.1,0.0,0.0,0.0,0.0,0.0,0.0,0.0,6630.3,10.4,0.0
2050-01-03 15:00:00,2050-01-03 13:00:00,1572.6,2865.3,0.0,11.1,4449.1,1523.4,-1610.7,29.3,1640.0,0.0313,0.0411,upv,upv,0.0,0.0,0.0,0.0,0.0,0.0,0.0,0.0,0.0,0.0,0.0,0.0,0.0,0.0,0.0,0.0,0.0,0.0,140.0,2.6,0.26,16.5,1055.2,0.06,140.1,48.0,188.1,0.0,0.0,0.0,0.0,0.0,0.0,0.0,0.0,0.0,0.05,0.0,0.0,0.05,0.05,0.0,0.0,0.05,0.0,0.0,0.0,6059.8,6059.8,0.0,0.0,0.0,0.0,0.0,255.5,0.0,0.0,0.0,0.0,0.0,0.0,0.0,5796.6,7.6,0.0
2050-01-03 16:00:00,2050-01-03 14:00:00,1553.7,2431.9,0.0,13.0,3998.6,1505.3,-489.4,445.3,934.7,0.0312,0.0406,gas-cc,gas-cc,0.0,0.0,0.0,0.0,0.0,0.0,0.0,0.0,0.0,0.0,0.0,0.0,0.0,0.0,0.0,0.0,0.0,0.0,139.8,2.6,0.26,16.5,1054.2,0.06,140.0,48.0,187.9,366.7,6.9,0.69,43.3,2767.1,0.16,367.1,125.8,492.9,19.78,0.0,0.0,19.78,20.61,0.0,0.0,20.61,0.0,0.0,0.0,4488.0,4488.0,0.0,0.0,0.0,0.0,0.0,189.3,0.0,0.0,0.0,0.0,0.0,0.0,0.0,4294.2,4.5,0.0
2050-01-03 17:00:00,2050-01-03 15:00:00,1595.8,2431.9,0.0,11.6,4039.3,1545.6,1165.9,1165.9,0.0,0.0314,0.0417,battery,gas-cc,0.0,0.0,0.0,0.0,0.0,0.0,0.0,0.0,0.0,0.0,0.0,0.0,0.2,0.5,0.0,0.0,0.2,0.2,171.7,3.2,0.32,20.3,1295.2,0.07,171.9,58.9,230.8,408.7,7.7,0.77,48.3,3084.1,0.18,409.1,140.2,549.4,20.33,0.0,0.0,20.33,21.22,0.0,0.0,21.22,0.0,0.0,0.0,2873.4,2873.4,0.0,0.0,0.0,0.0,0.0,121.2,0.0,0.0,0.0,0.0,0.0,0.0,0.0,2749.7,2.5,0.0
2050-01-03 18:00:00,2050-01-03 16:00:00,1662.1,0.0,0.0,0.0,1662.1,1609.1,503.6,0.0,0.0,0.0319,0.0435,battery,gas-cc,0.0,0.0,0.0,0.0,0.0,0.0,0.0,0.0,0.0,0.0,0.0,0.0,0.0,0.0,0.0,0.0,0.0,0.0,152.8,2.9,0.29,18.0,1151.8,0.07,152.9,52.4,205.3,358.6,6.8,0.68,42.4,2705.9,0.16,359.0,123.0,482.0,31.44,0.0,0.0,31.44,32.87,0.0,0.0,32.87,0.0,0.0,0.0,1662.1,1158.5,503.6,0.0,0.0,0.0,0.0,48.7,0.0,0.0,0.0,0.0,0.0,0.0,0.0,1105.0,4.8,0.0
2050-01-03 19:00:00,2050-01-03 17:00:00,1816.8,0.0,0.0,0.3,1817.1,1756.8,1807.6,0.0,39.8,0.033,0.0475,battery,gas-cc,0.0,0.0,0.0,0.0,0.0,0.0,0.0,0.0,0.0,0.0,0.0,0.0,0.0,0.0,0.0,0.0,0.0,0.0,153.8,2.9,0.29,18.2,1159.8,0.07,154.0,52.8,206.8,369.3,7.0,0.7,43.6,2787.1,0.16,369.7,126.7,496.5,31.44,0.0,0.0,31.44,33.01,0.0,0.0,33.01,0.0,0.0,0.0,1856.9,9.5,1847.4,0.0,0.0,0.0,0.0,0.0,0.0,0.0,0.0,0.0,0.0,0.0,0.0,0.0,9.5,0.0
2050-01-03 20:00:00,2050-01-03 18:00:00,1976.8,0.0,0.0,0.0,1976.8,1908.9,1970.8,0.0,0.0,0.0344,0.0517,battery,gas-cc,0.0,0.0,0.0,0.0,0.0,0.0,0.0,0.0,0.0,0.0,0.0,0.0,0.0,0.0,0.0,0.0,0.0,0.0,163.9,3.1,0.31,19.4,1235.6,0.07,164.1,56.2,220.3,361.7,6.8,0.68,42.7,2729.4,0.16,362.1,124.1,486.2,31.44,0.0,0.0,31.44,33.16,0.0,0.0,33.16,0.0,0.0,0.0,1976.8,6.0,1970.8,0.0,0.0,0.0,0.0,0.0,0.0,0.0,0.0,0.0,0.0,0.0,0.0,0.0,6.0,0.0
2050-01-03 21:00:00,2050-01-03 19:00:00,1951.6,0.0,0.0,0.0,1951.6,1884.9,1933.9,0.0,0.0,0.0342,0.051,battery,gas-cc,0.0,0.0,0.0,0.0,0.0,0.0,0.0,0.0,0.0,0.0,0.0,0.0,0.0,0.0,0.0,0.0,0.0,0.0,154.7,2.9,0.29,18.3,1166.2,0.07,154.9,53.0,207.9,361.4,6.8,0.68,42.7,2727.5,0.16,361.8,124.0,485.8,31.44,0.0,0.0,31.44,33.13,0.0,0.0,33.13,0.0,0.0,0.0,1951.6,17.6,1933.9,0.0,0.0,0.0,0.0,0.0,0.0,0.0,0.0,0.0,0.0,0.0,0.0,0.0,17.6,0.0
2050-01-03 22:00:00,2050-01-03 20:00:00,1853.7,0.0,0.0,1.2,1854.9,1791.9,1832.0,51.8,67.2,0.0333,0.0485,battery,gas-cc,0.0,0.0,0.0,0.0,0.0,0.0,0.0,0.0,0.0,0.0,0.0,0.0,0.0,0.0,0.0,0.0,0.0,0.0,156.5,3.0,0.3,18.5,1179.6,0.07,156.6,53.7,210.3,369.7,7.0,0.7,43.7,2789.9,0.16,370.1,126.9,497.0,31.44,0.0,0.0,31.44,33.04,0.0,0.0,33.04,0.0,0.0,0.0,1870.4,22.9,1847.4,0.0,0.0,0.0,0.0,0.0,0.0,0.0,0.0,0.0,0.0,0.0,0.0,0.0,22.9,0.0
2050-01-03 23:00:00,2050-01-03 21:00:00,1765.3,0.0,0.0,0.0,1765.3,1707.7,1754.0,0.5,0.0,0.0326,0.0462,battery,gas-cc,0.0,0.0,0.0,0.0,0.0,0.0,0.0,0.0,0.0,0.0,0.0,0.0,0.0,0.0,0.0,0.0,0.0,0.0,154.9,2.9,0.29,18.3,1167.8,0.07,155.1,53.1,208.2,359.6,6.8,0.68,42.5,2713.5,0.16,360.0,123.4,483.4,31.44,0.0,0.0,31.44,32.96,0.0,0.0,32.96,0.0,0.0,0.0,1764.7,11.3,1753.4,0.0,0.0,0.0,0.0,0.0,0.0,0.0,0.0,0.0,0.0,0.0,0.0,0.0,11.3,0.0
2050-01-04 00:00:00,2050-01-03 22:00:00,1642.1,0.0,0.0,6.9,1649.0,1590.0,1643.7,445.3,0.0,0.0317,0.0429,battery,gas-cc,0.0,0.0,0.0,0.0,0.0,0.0,0.0,0.0,0.0,0.0,0.0,0.0,0.0,0.0,0.0,0.0,0.0,0.0,152.0,2.9,0.29,18.0,1146.0,0.07,152.2,52.1,204.3,378.7,7.1,0.71,44.7,2857.4,0.16,379.1,129.9,509.0,33.0,0.0,0.0,33.0,34.48,0.0,0.0,34.48,0.0,0.0,0.0,1203.7,5.3,1198.4,0.0,0.0,0.0,0.0,0.0,0.0,0.0,0.0,0.0,0.0,0.0,0.0,0.0,5.3,0.0
2050-01-04 01:00:00,2050-01-03 23:00:00,1500.0,0.0,0.0,0.0,1500.0,1453.7,1496.9,0.0,0.0,0.0309,0.0392,battery,gas-cc,0.0,0.0,0.0,0.0,0.0,0.0,0.0,0.0,0.0,0.0,0.0,0.0,0.0,0.0,0.0,0.0,0.0,0.0,180.1,3.4,0.34,21.3,1358.4,0.08,180.3,61.8,242.1,377.2,7.1,0.71,44.6,2846.4,0.16,377.6,129.4,507.0,33.0,0.0,0.0,33.0,34.35,0.0,0.0,34.35,0.0,0.0,0.0,1500.0,3.1,1496.9,0.0,0.0,0.0,0.0,0.0,0.0,0.0,0.0,0.0,0.0,0.0,0.0,0.0,3.1,0.0
2050-01-04 02:00:00,2050-01-04 00:00:00,1371.6,0.0,0.0,6.9,1378.5,1330.1,1375.0,445.3,0.0,0.0302,0.0359,battery,gas-cc,0.0,0.0,0.0,0.0,0.0,0.0,0.0,0.0,0.0,0.0,0.0,0.0,0.0,0.0,0.0,0.0,0.0,0.0,152.5,2.9,0.29,18.0,1149.7,0.07,152.7,52.3,205.0,375.9,7.1,0.71,44.4,2836.5,0.16,376.3,129.0,505.3,33.0,0.0,0.0,33.0,34.23,0.0,0.0,34.23,0.0,0.0,0.0,933.2,3.4,929.7,0.0,0.0,0.0,0.0,0.0,0.0,0.0,0.0,0.0,0.0,0.0,0.0,0.0,3.4,0.0
2050-01-04 03:00:00,2050-01-04 01:00:00,1293.7,0.0,0.0,5.9,1299.6,1254.9,1293.6,380.4,0.0,0.0299,0.0338,battery,gas-cc,0.0,0.0,0.0,0.0,0.0,0.0,0.0,0.0,0.0,0.0,0.0,0.0,0.0,0.0,0.0,0.0,0.0,0.0,154.0,2.9,0.29,18.2,1161.3,0.07,154.2,52.8,207.0,375.1,7.1,0.71,44.3,2830.5,0.16,375.5,128.7,504.2,33.0,0.0,0.0,33.0,34.15,0.0,0.0,34.15,0.0,0.0,0.0,919.2,6.0,913.2,0.0,0.0,0.0,0.0,0.0,0.0,0.0,0.0,0.0,0.0,0.0,0.0,0.0,6.0,0.0
2050-01-04 04:00:00,2050-01-04 02:00:00,1252.6,0.0,0.0,5.7,1258.3,1215.3,1245.3,367.0,0.0,0.0298,0.0328,battery,gas-cc,0.0,0.0,0.0,0.0,0.0,0.0,0.0,0.0,0.0,0.0,0.0,0.0,0.0,0.0,0.0,0.0,0.0,0.0,153.2,2.9,0.29,18.1,1154.6,0.07,153.3,52.5,205.8,363.7,6.9,0.69,43.0,2744.6,0.16,364.1,124.8,488.9,33.0,0.0,0.0,33.0,34.12,0.0,0.0,34.12,0.0,0.0,0.0,891.3,13.0,878.3,0.0,0.0,0.0,0.0,0.0,0.0,0.0,0.0,0.0,0.0,0.0,0.0,0.0,13.0,0.0
2050-01-04 05:00:00,2050-01-04 03:00:00,1231.6,0.0,0.0,1.4,1233.0,1194.9,1214.2,89.1,0.0,0.0298,0.0322,battery,gas-cc,0.0,0.0,0.0,0.0,0.0,0.0,0.0,0.0,0.0,0.0,0.0,0.0,0.0,0.0,0.0,0.0,0.0,0.0,157.7,3.0,0.3,18.6,1189.3,0.07,157.9,54.1,212.0,374.5,7.1,0.71,44.2,2825.7,0.16,374.9,128.5,503.3,33.0,0.0,0.0,33.0,34.1,0.0,0.0,34.1,0.0,0.0,0.0,1143.8,18.7,1125.1,0.0,0.0,0.0,0.0,0.0,0.0,0.0,0.0,0.0,0.0,0.0,0.0,0.0,18.7,0.0
2050-01-04 06:00:00,2050-01-04 04:00:00,1245.3,0.0,0.0,6.9,1252.2,1208.1,1228.3,445.3,0.0,0.0298,0.0326,battery,gas-cc,0.0,0.0,0.0,0.0,0.0,0.0,0.0,0.0,0.0,0.0,0.0,0.0,0.0,0.0,0.0,0.0,0.0,0.0,165.2,3.1,0.31,19.5,1245.3,0.07,165.3,56.6,222.0,374.6,7.1,0.71,44.3,2826.8,0.16,375.0,128.5,503.5,33.0,0.0,0.0,33.0,34.11,0.0,0.0,34.11,0.0,0.0,0.0,806.9,23.9,783.0,0.0,0.0,0.0,0.0,0.0,0.0,0.0,0.0,0.0,0.0,0.0,0.0,0.0,23.9,0.0
2050-01-04 07:00:00,2050-01-04 05:00:00,1329.5,0.0,0.0,0.1,1329.6,1289.5,1297.0,5.0,0.0,0.0301,0.0348,battery,gas-cc,0.0,0.0,0.0,0.0,0.0,0.0,0.0,0.0,0.0,0.0,0.0,0.0,0.0,0.0,0.0,0.0,0.0,0.0,159.1,3.0,0.3,18.8,1199.8,0.07,159.3,54.6,213.9,375.5,7.1,0.71,44.4,2833.2,0.16,375.9,128.8,504.7,33.0,0.0,0.0,33.0,34.19,0.0,0.0,34.19,0.0,0.0,0.0,1324.5,32.5,1292.0,0.0,0.0,0.0,0.0,0.0,0.0,0.0,0.0,0.0,0.0,0.0,0.0,0.0,32.5,0.0
2050-01-04 08:00:00,2050-01-04 06:00:00,1484.2,0.0,0.0,2.6,1486.8,1438.5,1446.1,165.3,0.0,0.0308,0.0388,battery,gas-cc,0.0,0.0,0.0,0.0,0.0,0.0,0.0,0.0,0.0,0.0,0.0,0.0,0.0,0.0,0.0,0.0,0.0,0.0,228.5,4.3,0.43,27.0,1723.3,0.1,228.7,78.4,307.1,377.0,7.1,0.71,44.5,2845.2,0.16,377.4,129.4,506.8,33.0,0.0,0.0,33.0,34.33,0.0,0.0,34.33,0.0,0.0,0.0,1321.4,40.7,1280.8,0.0,0.0,0.0,0.0,0.0,0.0,0.0,0.0,0.0,0.0,0.0,0.0,0.0,40.7,0.0
2050-01-04 09:00:00,2050-01-04 07:00:00,1644.2,0.0,0.0,11.9,1656.1,1592.0,-326.6,445.3,771.9,0.0318,0.043,battery,gas-cc,0.0,0.0,0.0,0.0,0.0,0.0,0.0,0.0,0.0,0.0,0.0,0.0,0.0,0.0,0.0,0.0,0.0,0.0,157.0,3.0,0.3,18.6,1183.9,0.07,157.2,53.9,211.0,455.4,8.6,0.86,53.8,3436.2,0.2,455.8,156.2,612.1,32.33,0.0,0.0,32.33,33.78,0.0,0.0,33.78,0.0,0.0,0.0,1982.7,1982.7,0.0,0.0,0.0,0.0,0.0,82.0,0.0,0.0,0.0,0.0,0.0,0.0,0.0,1861.1,39.6,0.0
2050-01-04 10:00:00,2050-01-04 08:00:00,1765.3,2755.7,0.0,28.8,4549.7,1707.7,-2807.7,0.0,2807.7,0.0326,0.0462,distpv,distpv,0.0,0.0,0.0,0.0,0.0,0.0,0.0,0.0,0.0,0.0,0.0,0.0,0.0,0.0,0.0,0.0,0.0,0.0,140.1,2.6,0.27,16.5,1055.8,0.06,140.2,48.0,188.2,0.0,0.0,0.0,0.0,0.0,0.0,0.0,0.0,0.0,0.0,0.0,0.0,0.0,0.0,0.0,0.0,0.0,0.0,278.8,278.8,7357.3,7357.3,0.0,0.0,0.0,0.0,0.0,41.4,0.0,0.0,0.0,0.0,0.0,0.0,0.0,7263.6,52.4,0.0
2050-01-04 11:00:00,2050-01-04 09:00:00,1740.0,3727.9,0.0,25.2,5493.1,1683.6,-2578.4,0.0,2578.4,0.0324,0.0455,upv,upv,0.0,0.0,0.0,0.0,0.0,0.0,0.0,0.0,0.0,0.0,0.0,0.0,0.0,0.0,0.0,0.0,0.0,0.0,140.0,2.6,0.27,16.5,1055.6,0.06,140.2,48.0,188.2,0.0,0.0,0.0,0.0,0.0,0.0,0.0,0.0,0.0,0.0,0.0,0.0,0.0,0.0,0.0,0.0,0.0,0.0,691.0,691.0,8071.5,8071.5,0.0,0.0,0.0,0.0,0.0,366.8,0.0,0.0,0.0,0.0,0.0,0.0,0.0,7632.4,72.2,0.0
2050-01-04 12:00:00,2050-01-04 10:00:00,1667.4,3564.0,0.0,28.9,5260.3,1614.2,-2816.0,0.0,2816.0,0.0319,0.0436,upv,upv,0.0,0.0,0.0,0.0,0.0,0.0,0.0,0.0,0.0,0.0,0.0,0.0,0.0,0.0,0.0,0.0,0.0,0.0,146.1,2.8,0.28,17.3,1101.2,0.06,146.2,50.1,196.3,0.0,0.0,0.0,0.0,0.0,0.0,0.0,0.0,0.0,0.0,0.0,0.0,0.0,0.0,0.0,0.0,0.0,0.0,232.6,232.6,8076.3,8076.3,0.0,0.0,0.0,0.0,0.0,344.8,0.0,0.0,0.0,0.0,0.0,0.0,0.0,7593.2,138.3,0.0
2050-01-04 13:00:00,2050-01-04 11:00:00,1601.1,2655.8,0.0,28.9,4285.7,1550.7,-2816.0,0.0,2816.0,0.0315,0.0419,upv,upv,0.0,0.0,0.0,0.0,0.0,0.0,0.0,0.0,0.0,0.0,0.0,0.0,0.0,0.0,0.0,0.0,0.0,0.0,144.8,2.7,0.27,17.1,1091.7,0.06,145.0,49.7,194.6,0.0,0.0,0.0,0.0,0.0,0.0,0.0,0.0,0.0,0.0,0.0,0.0,0.0,0.0,0.0,0.0,0.0,0.0,768.2,768.2,7101.8,7101.8,0.0,0.0,0.0,0.0,0.0,324.3,0.0,0.0,0.0,0.0,0.0,0.0,0.0,6592.3,185.2,0.0
2050-01-04 14:00:00,2050-01-04 12:00:00,1580.0,3395.2,0.0,28.9,5004.1,1530.5,-2816.0,0.0,2816.0,0.0313,0.0413,battery,upv,0.0,0.0,0.0,0.0,0.0,0.0,0.0,0.0,0.0,0.0,0.0,0.0,0.0,0.0,0.0,0.0,0.0,0.0,140.8,2.7,0.27,16.6,1061.4,0.06,140.9,48.3,189.2,0.0,0.0,0.0,0.0,0.0,0.0,0.0,0.0,0.0,0.0,0.0,0.0,0.0,0.0,0.0,0.0,0.0,0.0,0.0,0.0,7820.1,7820.1,0.0,0.0,0.0,0.0,0.0,323.0,0.0,0.0,0.0,0.0,0.0,0.0,0.0,7328.2,169.0,0.0
2050-01-04 15:00:00,2050-01-04 13:00:00,1569.5,3795.7,0.0,28.9,5394.0,1520.4,-2816.0,0.0,2816.0,0.0313,0.041,upv,upv,0.0,0.0,0.0,0.0,0.0,0.0,0.0,0.0,0.0,0.0,0.0,0.0,0.0,0.0,0.0,0.0,0.0,0.0,139.9,2.6,0.26,16.5,1054.3,0.06,140.0,48.0,188.0,0.0,0.0,0.0,0.0,0.0,0.0,0.0,0.0,0.0,0.0,0.0,0.0,0.0,0.0,0.0,0.0,0.0,0.0,55.4,55.4,8210.0,8210.0,0.0,0.0,0.0,0.0,0.0,341.4,0.0,0.0,0.0,0.0,0.0,0.0,0.0,7692.8,175.8,0.0
2050-01-04 16:00:00,2050-01-04 14:00:00,1574.7,4019.6,0.0,28.9,5623.2,1525.5,-2816.0,0.0,2816.0,0.0313,0.0412,upv,upv,0.0,0.0,0.0,0.0,0.0,0.0,0.0,0.0,0.0,0.0,0.0,0.0,0.0,0.0,0.0,0.0,0.0,0.0,139.9,2.6,0.26,16.5,1054.6,0.06,140.0,48.0,188.0,0.0,0.0,0.0,0.0,0.0,0.0,0.0,0.0,0.0,0.0,0.0,0.0,0.0,0.0,0.0,0.0,0.0,0.0,239.0,239.0,8439.2,8439.2,0.0,0.0,0.0,0.0,0.0,358.0,0.0,0.0,0.0,0.0,0.0,0.0,0.0,7884.1,197.1,0.0
2050-01-04 17:00:00,2050-01-04 15:00:00,1624.2,3211.2,0.0,28.9,4864.3,1572.9,-2816.0,0.0,2816.0,0.0316,0.0425,upv,upv,0.0,0.0,0.0,0.0,0.0,0.0,0.0,0.0,0.0,0.0,0.0,0.0,0.0,0.0,0.0,0.0,0.0,0.0,140.6,2.7,0.27,16.6,1060.0,0.06,140.8,48.2,189.0,0.0,0.0,0.0,0.0,0.0,0.0,0.0,0.0,0.0,0.0,0.0,0.0,0.0,0.0,0.0,0.0,0.0,0.0,121.5,121.5,7680.3,7680.3,0.0,0.0,0.0,0.0,0.0,321.2,0.0,0.0,0.0,0.0,0.0,0.0,0.0,7167.9,191.3,0.0
2050-01-04 18:00:00,2050-01-04 16:00:00,1729.5,0.0,0.0,4.9,1734.4,1673.5,-756.5,0.0,756.5,0.0324,0.0452,battery,gas-cc,0.0,0.0,0.0,0.0,0.0,0.0,0.0,0.0,0.0,0.0,0.0,0.0,0.0,0.0,0.0,0.0,0.0,0.0,149.6,2.8,0.28,17.7,1127.8,0.07,149.8,51.3,201.1,406.7,7.7,0.77,48.0,3068.7,0.18,407.1,139.5,546.6,33.22,0.0,0.0,33.22,34.8,0.0,0.0,34.8,0.0,0.0,0.0,2490.9,2490.9,0.0,0.0,0.0,0.0,0.0,95.4,0.0,0.0,0.0,0.0,0.0,0.0,0.0,2163.2,232.3,0.0
2050-01-04 19:00:00,2050-01-04 17:00:00,1889.5,0.0,0.0,4.3,1893.8,1825.9,1678.7,0.0,659.2,0.0336,0.0494,battery,gas-cc,0.0,0.0,0.0,0.0,0.0,0.0,0.0,0.0,0.0,0.0,0.0,0.0,0.0,0.0,0.0,0.0,0.0,0.0,180.9,3.4,0.34,21.4,1363.9,0.08,181.1,62.0,243.1,408.5,7.7,0.77,48.3,3082.3,0.18,408.9,140.2,549.0,33.22,0.0,0.0,33.22,34.95,0.0,0.0,34.95,0.0,0.0,0.0,2552.9,215.0,2337.9,0.0,0.0,0.0,0.0,0.0,0.0,0.0,0.0,0.0,0.0,0.0,0.0,0.0,215.0,0.0
2050-01-04 20:00:00,2050-01-04 18:00:00,2017.9,0.0,0.0,6.1,2024.0,1947.8,1786.7,0.0,940.8,0.0347,0.0528,battery,gas-cc,0.0,0.0,0.0,0.0,0.0,0.0,0.0,0.0,0.0,0.0,0.0,0.0,0.0,0.0,0.0,0.0,0.0,0.0,155.0,2.9,0.29,18.3,1168.5,0.07,155.2,53.2,208.3,409.9,7.7,0.77,48.4,3093.2,0.18,410.3,140.6,551.0,33.22,0.0,0.0,33.22,35.07,0.0,0.0,35.07,0.0,0.0,0.0,2964.9,237.3,2727.5,0.0,0.0,0.0,0.0,0.0,0.0,0.0,0.0,0.0,0.0,0.0,0.0,0.0,237.3,0.0
2050-01-04 21:00:00,2050-01-04 19:00:00,1987.4,0.0,0.0,9.3,1996.7,1918.9,1805.0,0.0,1435.2,0.0345,0.052,battery,gas-cc,0.0,0.0,0.0,0.0,0.0,0.0,0.0,0.0,0.0,0.0,0.0,0.0,0.0,0.0,0.0,0.0,0.0,0.0,167.6,3.2,0.32,19.8,1263.5,0.07,167.8,57.5,225.2,409.6,7.7,0.77,48.4,3090.6,0.18,410.0,140.5,550.5,33.22,0.0,0.0,33.22,35.05,0.0,0.0,35.05,0.0,0.0,0.0,3431.9,191.7,3240.3,0.0,0.0,0.0,0.0,0.0,0.0,0.0,0.0,0.0,0.0,0.0,0.0,0.0,191.7,0.0
2050-01-04 22:00:00,2050-01-04 20:00:00,1863.2,0.0,0.0,6.4,1869.6,1800.9,1641.4,0.0,985.3,0.0334,0.0487,battery,gas-cc,0.0,0.0,0.0,0.0,0.0,0.0,0.0,0.0,0.0,0.0,0.0,0.0,0.0,0.0,0.0,0.0,0.0,0.0,174.7,3.3,0.33,20.6,1317.2,0.08,174.9,59.9,234.8,408.2,7.7,0.77,48.2,3080.0,0.18,408.6,140.0,548.6,33.22,0.0,0.0,33.22,34.93,0.0,0.0,34.93,0.0,0.0,0.0,2854.9,228.2,2626.7,0.0,0.0,0.0,0.0,0.0,0.0,0.0,0.0,0.0,0.0,0.0,0.0,0.0,228.2,0.0
2050-01-04 23:00:00,2050-01-04 21:00:00,1754.7,0.0,0.0,6.5,1761.2,1697.6,1534.0,0.0,998.7,0.0326,0.0459,battery,gas-cc,0.0,0.0,0.0,0.0,0.0,0.0,0.0,0.0,0.0,0.0,0.0,0.0,0.0,0.0,0.0,0.0,0.0,0.0,154.7,2.9,0.29,18.3,1166.3,0.07,154.9,53.1,207.9,406.9,7.7,0.77,48.1,3070.9,0.18,407.4,139.6,547.0,33.22,0.0,0.0,33.22,34.82,0.0,0.0,34.82,0.0,0.0,0.0,2759.9,227.2,2532.7,0.0,0.0,0.0,0.0,0.0,0.0,0.0,0.0,0.0,0.0,0.0,0.0,0.0,227.2,0.0
2050-01-05 00:00:00,2050-01-04 22:00:00,1638.9,0.0,0.0,6.7,1645.6,1587.0,1431.4,0.0,1029.6,0.0317,0.0429,battery,gas-cc,0.0,0.0,0.0,0.0,0.0,0.0,0.0,0.0,0.0,0.0,0.0,0.0,0.0,0.0,0.0,0.0,0.0,0.0,155.4,2.9,0.29,18.4,1171.9,0.07,155.6,53.3,208.9,372.5,7.0,0.7,44.0,2811.0,0.16,372.9,127.8,500.7,32.98,0.0,0.0,32.98,34.46,0.0,0.0,34.46,0.0,0.0,0.0,2675.2,214.2,2461.0,0.0,0.0,0.0,0.0,0.0,0.0,0.0,0.0,0.0,0.0,0.0,0.0,0.0,214.2,0.0
2050-01-05 01:00:00,2050-01-04 23:00:00,1492.6,0.0,0.0,3.0,1495.7,1446.6,1270.9,0.0,464.5,0.0308,0.039,battery,gas-cc,0.0,0.0,0.0,0.0,0.0,0.0,0.0,0.0,0.0,0.0,0.0,0.0,0.0,0.0,0.0,0.0,0.0,0.0,154.6,2.9,0.29,18.3,1165.5,0.07,154.8,53.0,207.8,371.0,7.0,0.7,43.8,2799.8,0.16,371.4,127.3,498.7,32.98,0.0,0.0,32.98,34.32,0.0,0.0,34.32,0.0,0.0,0.0,1960.2,224.7,1735.4,0.0,0.0,0.0,0.0,0.0,0.0,0.0,0.0,0.0,0.0,0.0,0.0,0.0,224.7,0.0
2050-01-05 02:00:00,2050-01-05 00:00:00,1363.2,0.0,0.0,4.3,1367.5,1322.0,1150.3,0.0,668.3,0.0302,0.0356,battery,gas-cc,0.0,0.0,0.0,0.0,0.0,0.0,0.0,0.0,0.0,0.0,0.0,0.0,0.0,0.0,0.0,0.0,0.0,0.0,155.7,2.9,0.29,18.4,1173.5,0.07,155.8,53.4,209.2,402.6,7.6,0.76,47.6,3038.3,0.17,403.1,138.1,541.2,32.98,0.0,0.0,32.98,34.2,0.0,0.0,34.2,0.0,0.0,0.0,2035.8,217.2,1818.5,0.0,0.0,0.0,0.0,0.0,0.0,0.0,0.0,0.0,0.0,0.0,0.0,0.0,217.2,0.0
2050-01-05 03:00:00,2050-01-05 01:00:00,1281.1,0.0,0.0,4.5,1285.5,1242.7,1071.7,287.4,0.0,0.0299,0.0335,battery,gas-cc,0.0,0.0,0.0,0.0,0.0,0.0,0.0,0.0,0.0,0.0,0.0,0.0,0.0,0.0,0.0,0.0,0.0,0.0,154.4,2.9,0.29,18.2,1163.8,0.07,154.5,52.9,207.5,375.0,7.1,0.71,44.3,2829.5,0.16,375.4,128.7,504.0,32.98,0.0,0.0,32.98,34.13,0.0,0.0,34.13,0.0,0.0,0.0,998.1,213.8,784.3,0.0,0.0,0.0,0.0,0.0,0.0,0.0,0.0,0.0,0.0,0.0,0.0,0.0,213.8,0.0
2050-01-05 04:00:00,2050-01-05 02:00:00,1231.6,0.0,0.0,6.9,1238.5,1194.9,1041.4,445.3,0.0,0.0298,0.0322,battery,gas-cc,0.0,0.0,0.0,0.0,0.0,0.0,0.0,0.0,0.0,0.0,0.0,0.0,0.0,0.0,0.0,0.0,0.0,0.0,187.2,3.5,0.35,22.1,1411.7,0.08,187.4,64.2,251.6,374.5,7.1,0.71,44.2,2825.7,0.16,374.9,128.5,503.3,32.98,0.0,0.0,32.98,34.08,0.0,0.0,34.08,0.0,0.0,0.0,793.2,197.1,596.0,0.0,0.0,0.0,0.0,0.0,0.0,0.0,0.0,0.0,0.0,0.0,0.0,0.0,197.1,0.0
2050-01-05 05:00:00,2050-01-05 03:00:00,1203.2,0.0,0.0,2.5,1205.6,1167.4,1025.3,159.2,0.0,0.0297,0.0315,battery,gas-cc,0.0,0.0,0.0,0.0,0.0,0.0,0.0,0.0,0.0,0.0,0.0,0.0,0.0,0.0,0.0,0.0,0.0,0.0,154.1,2.9,0.29,18.2,1162.0,0.07,154.3,52.9,207.2,363.2,6.8,0.68,42.9,2740.9,0.16,363.6,124.6,488.2,32.98,0.0,0.0,32.98,34.05,0.0,0.0,34.05,0.0,0.0,0.0,1046.5,180.3,866.2,0.0,0.0,0.0,0.0,0.0,0.0,0.0,0.0,0.0,0.0,0.0,0.0,0.0,180.3,0.0
2050-01-05 06:00:00,2050-01-05 04:00:00,1227.4,0.0,0.0,0.2,1227.6,1190.8,1043.4,0.0,30.0,0.0298,0.0321,battery,gas-cc,0.0,0.0,0.0,0.0,0.0,0.0,0.0,0.0,0.0,0.0,0.0,0.0,0.0,0.0,0.0,0.0,0.0,0.0,153.1,2.9,0.29,18.1,1153.9,0.07,153.2,52.5,205.7,401.1,7.6,0.76,47.4,3027.1,0.17,401.6,137.6,539.2,32.98,0.0,0.0,32.98,34.08,0.0,0.0,34.08,0.0,0.0,0.0,1257.5,184.1,1073.4,0.0,0.0,0.0,0.0,0.0,0.0,0.0,0.0,0.0,0.0,0.0,0.0,0.0,184.1,0.0
2050-01-05 07:00:00,2050-01-05 05:00:00,1306.3,0.0,0.0,0.8,1307.2,1267.1,1133.1,0.0,129.8,0.03,0.0342,battery,gas-cc,0.0,0.0,0.0,0.0,0.0,0.0,0.0,0.0,0.0,0.0,0.0,0.0,0.0,0.0,0.0,0.0,0.0,0.0,175.1,3.3,0.33,20.7,1320.1,0.08,175.3,60.0,235.3,402.0,7.6,0.76,47.5,3033.6,0.17,402.4,137.9,540.4,32.98,0.0,0.0,32.98,34.15,0.0,0.0,34.15,0.0,0.0,0.0,1437.0,174.0,1263.0,0.0,0.0,0.0,0.0,0.0,0.0,0.0,0.0,0.0,0.0,0.0,0.0,0.0,174.0,0.0
2050-01-05 08:00:00,2050-01-05 06:00:00,1474.7,0.0,0.0,7.3,1482.1,1429.4,1302.0,0.0,1126.5,0.0307,0.0386,battery,gas-cc,0.0,0.0,0.0,0.0,0.0,0.0,0.0,0.0,0.0,0.0,0.0,0.0,0.0,0.0,0.0,0.0,0.0,0.0,154.5,2.9,0.29,18.3,1164.8,0.07,154.7,53.0,207.6,370.8,7.0,0.7,43.8,2798.5,0.16,371.2,127.2,498.5,32.98,0.0,0.0,32.98,34.31,0.0,0.0,34.31,0.0,0.0,0.0,2608.6,180.0,2428.5,0.0,0.0,0.0,0.0,0.0,0.0,0.0,0.0,0.0,0.0,0.0,0.0,0.0,180.0,0.0
2050-01-05 09:00:00,2050-01-05 07:00:00,1628.4,0.0,0.0,3.7,1632.1,1576.9,-573.1,0.0,573.1,0.0316,0.0426,hydro,gas-cc,0.0,0.0,0.0,0.0,0.0,0.0,0.0,0.0,0.0,0.0,0.0,0.0,0.0,0.0,0.0,0.0,0.0,0.0,141.5,2.7,0.27,16.7,1066.5,0.06,141.6,48.5,190.1,363.1,6.8,0.68,42.9,2740.2,0.16,363.5,124.6,488.1,31.44,0.0,0.0,31.44,32.84,0.0,0.0,32.84,0.0,0.0,0.0,2205.3,2205.3,0.0,0.0,0.0,0.0,0.0,85.5,0.0,0.0,0.0,0.0,0.0,0.0,0.0,1940.3,179.5,0.0
2050-01-05 10:00:00,2050-01-05 08:00:00,1740.0,2431.9,0.0,10.7,4182.6,1683.6,-1640.0,0.0,1640.0,0.0324,0.0455,upv,upv,0.0,0.0,0.0,0.0,0.0,0.0,0.0,0.0,0.0,0.0,0.0,0.0,0.0,0.0,0.0,0.0,0.0,0.0,141.5,2.7,0.27,16.7,1066.6,0.06,141.6,48.5,190.1,0.0,0.0,0.0,0.0,0.0,0.0,0.0,0.0,0.0,0.0,0.0,0.0,0.0,0.0,0.0,0.0,0.0,178.8,1855.6,2034.4,5822.5,5822.5,0.0,0.0,0.0,0.0,0.0,0.0,0.0,0.0,0.0,0.0,0.0,0.0,0.0,5822.5,0.0,0.0
2050-01-05 11:00:00,2050-01-05 09:00:00,1713.7,3235.4,0.0,10.7,4959.7,1658.4,-1640.0,0.0,1640.0,0.0322,0.0448,upv,upv,0.0,0.0,0.0,0.0,0.0,0.0,0.0,0.0,0.0,0.0,0.0,0.0,0.0,0.0,0.0,0.0,0.0,0.0,140.5,2.7,0.27,16.6,1059.5,0.06,140.7,48.2,188.9,0.0,0.0,0.0,0.0,0.0,0.0,0.0,0.0,0.0,0.0,0.0,0.0,0.0,0.0,0.0,0.0,0.0,0.0,2451.6,2451.6,6599.7,6599.7,0.0,0.0,0.0,0.0,0.0,376.0,0.0,0.0,0.0,0.0,0.0,0.0,0.0,6078.6,145.0,0.0
2050-01-05 12:00:00,2050-01-05 10:00:00,1649.5,3598.0,0.0,10.7,5258.1,1597.0,-1640.0,0.0,1640.0,0.0318,0.0431,upv,upv,0.0,0.0,0.0,0.0,0.0,0.0,0.0,0.0,0.0,0.0,0.0,0.0,0.0,0.0,0.0,0.0,0.0,0.0,139.9,2.6,0.26,16.5,1054.9,0.06,140.1,48.0,188.1,0.0,0.0,0.0,0.0,0.0,0.0,0.0,0.0,0.0,0.0,0.0,0.0,0.0,0.0,0.0,0.0,0.0,0.0,1567.5,1567.5,6898.1,6898.1,0.0,0.0,0.0,0.0,0.0,352.2,0.0,0.0,0.0,0.0,0.0,0.0,0.0,6426.3,119.5,0.0
2050-01-05 13:00:00,2050-01-05 11:00:00,1590.5,3791.8,0.0,10.7,5393.0,1540.6,-1640.0,0.0,1640.0,0.0314,0.0416,upv,upv,0.0,0.0,0.0,0.0,0.0,0.0,0.0,0.0,0.0,0.0,0.0,0.0,0.0,0.0,0.0,0.0,0.0,0.0,139.9,2.6,0.26,16.5,1054.5,0.06,140.0,48.0,188.0,0.0,0.0,0.0,0.0,0.0,0.0,0.0,0.0,0.0,0.0,0.0,0.0,0.0,0.0,0.0,0.0,0.0,107.3,732.8,840.1,7033.0,7033.0,0.0,0.0,0.0,0.0,0.0,0.0,0.0,0.0,0.0,0.0,0.0,0.0,0.0,7033.0,0.0,0.0
2050-01-05 14:00:00,2050-01-05 12:00:00,1569.5,4019.6,0.0,10.7,5599.7,1520.4,-1640.0,0.0,1640.0,0.0313,0.041,upv,upv,0.0,0.0,0.0,0.0,0.0,0.0,0.0,0.0,0.0,0.0,0.0,0.0,0.0,0.0,0.0,0.0,0.0,0.0,148.4,2.8,0.28,17.5,1119.2,0.06,148.6,50.9,199.5,0.0,0.0,0.0,0.0,0.0,0.0,0.0,0.0,0.0,0.0,0.0,0.0,0.0,0.0,0.0,0.0,0.0,0.0,492.9,492.9,7239.7,7239.7,0.0,0.0,0.0,0.0,0.0,322.3,0.0,0.0,0.0,0.0,0.0,0.0,0.0,6822.3,95.1,0.0
2050-01-05 15:00:00,2050-01-05 13:00:00,1564.2,3435.1,0.0,10.7,5010.0,1515.4,-1640.0,0.0,1640.0,0.0312,0.0409,upv,upv,0.0,0.0,0.0,0.0,0.0,0.0,0.0,0.0,0.0,0.0,0.0,0.0,0.0,0.0,0.0,0.0,0.0,0.0,144.0,2.7,0.27,17.0,1086.0,0.06,144.2,49.4,193.6,0.0,0.0,0.0,0.0,0.0,0.0,0.0,0.0,0.0,0.0,0.0,0.0,0.0,0.0,0.0,0.0,0.0,0.0,1330.4,1330.4,6649.9,6649.9,0.0,0.0,0.0,0.0,0.0,333.6,0.0,0.0,0.0,0.0,0.0,0.0,0.0,6243.4,72.9,0.0
2050-01-05 16:00:00,2050-01-05 14:00:00,1556.8,3402.2,0.0,10.7,4969.7,1508.3,-1640.0,0.0,1640.0,0.0312,0.0407,upv,upv,0.0,0.0,0.0,0.0,0.0,0.0,0.0,0.0,0.0,0.0,0.0,0.0,0.0,0.0,0.0,0.0,0.0,0.0,139.8,2.6,0.26,16.5,1054.3,0.06,140.0,48.0,187.9,0.0,0.0,0.0,0.0,0.0,0.0,0.0,0.0,0.0,0.0,0.0,0.0,0.0,0.0,0.0,0.0,0.0,0.0,1403.5,1403.5,6609.6,6609.6,0.0,0.0,0.0,0.0,0.0,336.0,0.0,0.0,0.0,0.0,0.0,0.0,0.0,6222.0,51.7,0.0
2050-01-05 17:00:00,2050-01-05 15:00:00,1608.4,3211.2,0.0,10.7,4830.3,1557.7,-1640.0,0.0,1640.0,0.0315,0.0421,upv,upv,0.0,0.0,0.0,0.0,0.0,0.0,0.0,0.0,0.0,0.0,0.0,0.0,0.0,0.0,0.0,0.0,0.0,0.0,139.9,2.6,0.26,16.5,1054.6,0.06,140.0,48.0,188.0,0.0,0.0,0.0,0.0,0.0,0.0,0.0,0.0,0.0,0.0,0.0,0.0,0.0,0.0,0.0,0.0,0.0,33.9,681.6,715.5,6470.2,6470.2,0.0,0.0,0.0,0.0,0.0,301.9,0.0,0.0,0.0,0.0,0.0,0.0,0.0,6168.4,0.0,0.0
2050-01-05 18:00:00,2050-01-05 16:00:00,1680.0,585.0,0.0,0.0,2265.0,1626.2,0.0,0.0,0.0,0.032,0.0439,battery,gas-cc,0.0,0.0,0.0,0.0,0.0,0.0,0.0,0.0,0.0,0.0,0.0,0.0,0.0,0.0,0.0,0.0,0.0,0.0,143.6,2.7,0.27,17.0,1082.3,0.06,143.7,49.2,193.0,318.6,6.0,0.6,37.6,2404.0,0.14,318.9,109.3,428.2,26.7,0.0,0.0,26.7,27.92,0.0,0.0,27.92,0.0,0.0,0.0,2265.0,2265.0,0.0,0.0,0.0,0.0,0.0,94.2,0.0,0.0,0.0,0.0,0.0,0.0,0.0,2137.4,33.4,0.0
2050-01-05 19:00:00,2050-01-05 17:00:00,1822.1,0.0,0.0,1.0,1823.1,1761.8,1801.0,0.0,147.3,0.0331,0.0477,battery,gas-cc,0.0,0.0,0.0,0.0,0.0,0.0,0.0,0.0,0.0,0.0,0.0,0.0,0.0,0.0,0.0,0.0,0.0,0.0,193.7,3.7,0.37,22.9,1461.0,0.08,193.9,66.4,260.4,369.4,7.0,0.7,43.6,2787.5,0.16,369.8,126.7,496.5,31.44,0.0,0.0,31.44,33.02,0.0,0.0,33.02,0.0,0.0,0.0,1970.3,22.1,1948.2,0.0,0.0,0.0,0.0,0.0,0.0,0.0,0.0,0.0,0.0,0.0,0.0,0.0,22.1,0.0
2050-01-05 20:00:00,2050-01-05 18:00:00,1969.5,0.0,0.0,0.8,1970.2,1901.9,1954.2,0.0,117.2,0.0343,0.0515,battery,gas-cc,0.0,0.0,0.0,0.0,0.0,0.0,0.0,0.0,0.0,0.0,0.0,0.0,0.0,0.0,0.0,0.0,0.0,0.0,152.4,2.9,0.29,18.0,1148.9,0.07,152.6,52.3,204.8,366.5,6.9,0.69,43.3,2765.9,0.16,366.9,125.8,492.7,31.44,0.0,0.0,31.44,33.15,0.0,0.0,33.15,0.0,0.0,0.0,2087.4,16.1,2071.3,0.0,0.0,0.0,0.0,0.0,0.0,0.0,0.0,0.0,0.0,0.0,0.0,0.0,16.1,0.0
2050-01-05 21:00:00,2050-01-05 19:00:00,1958.9,0.0,0.0,1.2,1960.2,1891.9,1952.4,0.0,190.7,0.0342,0.0512,gas-cc,gas-cc,0.0,0.0,0.0,0.0,0.0,0.0,0.0,0.0,0.0,0.0,0.0,0.0,0.0,0.0,0.0,0.0,0.0,0.0,157.0,3.0,0.3,18.6,1184.0,0.07,157.2,53.9,211.1,370.8,7.0,0.7,43.8,2798.0,0.16,371.2,127.2,498.4,31.44,0.0,0.0,31.44,33.14,0.0,0.0,33.14,0.0,0.0,0.0,2150.9,7.8,2143.1,0.0,0.0,0.0,0.0,0.0,0.0,0.0,0.0,0.0,0.0,0.0,0.0,0.0,7.8,0.0
2050-01-05 22:00:00,2050-01-05 20:00:00,1857.9,0.0,0.0,0.8,1858.7,1795.9,1855.1,0.0,122.2,0.0334,0.0486,gas-cc,gas-cc,0.0,0.0,0.0,0.0,0.0,0.0,0.0,0.0,0.0,0.0,0.0,0.0,0.0,0.0,0.0,0.0,0.0,0.0,153.7,2.9,0.29,18.2,1158.9,0.07,153.9,52.7,206.6,369.8,7.0,0.7,43.7,2790.2,0.16,370.2,126.9,497.0,31.44,0.0,0.0,31.44,33.05,0.0,0.0,33.05,0.0,0.0,0.0,1980.9,3.6,1977.3,0.0,0.0,0.0,0.0,0.0,0.0,0.0,0.0,0.0,0.0,0.0,0.0,0.0,3.6,0.0
2050-01-05 23:00:00,2050-01-05 21:00:00,1770.5,0.0,0.0,5.1,1775.6,1712.7,1774.1,0.0,787.7,0.0327,0.0463,battery,gas-cc,0.0,0.0,0.0,0.0,0.0,0.0,0.0,0.0,0.0,0.0,0.0,0.0,0.0,0.0,0.0,0.0,0.0,0.0,182.3,3.4,0.34,21.5,1374.8,0.08,182.5,62.5,245.0,368.9,7.0,0.7,43.6,2783.5,0.16,369.3,126.6,495.8,31.44,0.0,0.0,31.44,32.97,0.0,0.0,32.97,0.0,0.0,0.0,2563.3,1.5,2561.8,0.0,0.0,0.0,0.0,0.0,0.0,0.0,0.0,0.0,0.0,0.0,0.0,0.0,1.5,0.0
2050-01-06 00:00:00,2050-01-05 22:00:00,1644.2,0.0,0.0,0.0,1644.2,1592.0,1643.9,0.0,0.0,0.0318,0.043,battery,gas-cc,0.0,0.0,0.0,0.0,0.0,0.0,0.0,0.0,0.0,0.0,0.0,0.0,0.0,0.0,0.0,0.0,0.0,0.0,157.8,3.0,0.3,18.6,1189.7,0.07,158.0,54.1,212.1,362.7,6.8,0.68,42.8,2736.7,0.16,363.1,124.4,487.5,32.09,0.0,0.0,32.09,33.54,0.0,0.0,33.54,0.0,0.0,0.0,1644.2,0.3,1643.9,0.0,0.0,0.0,0.0,0.0,0.0,0.0,0.0,0.0,0.0,0.0,0.0,0.0,0.3,0.0
2050-01-06 01:00:00,2050-01-05 23:00:00,1507.4,0.0,0.0,0.0,1507.4,1460.8,1505.9,0.0,0.0,0.0309,0.0394,battery,gas-cc,0.0,0.0,0.0,0.0,0.0,0.0,0.0,0.0,0.0,0.0,0.0,0.0,0.0,0.0,0.0,0.0,0.0,0.0,178.6,3.4,0.34,21.1,1346.9,0.08,178.8,61.3,240.1,361.3,6.8,0.68,42.7,2726.5,0.16,361.7,124.0,485.7,32.09,0.0,0.0,32.09,33.41,0.0,0.0,33.41,0.0,0.0,0.0,1507.4,1.4,1505.9,0.0,0.0,0.0,0.0,0.0,0.0,0.0,0.0,0.0,0.0,0.0,0.0,0.0,1.4,0.0
2050-01-06 02:00:00,2050-01-06 00:00:00,1378.9,0.0,0.0,0.0,1378.9,1337.2,1375.0,0.0,0.0,0.0303,0.0361,battery,gas-cc,0.0,0.0,0.0,0.0,0.0,0.0,0.0,0.0,0.0,0.0,0.0,0.0,0.0,0.0,0.0,0.0,0.0,0.0,153.7,2.9,0.29,18.2,1158.7,0.07,153.9,52.7,206.6,360.1,6.8,0.68,42.5,2717.0,0.16,360.4,123.5,484.0,32.09,0.0,0.0,32.09,33.3,0.0,0.0,33.3,0.0,0.0,0.0,1378.9,3.9,1375.0,0.0,0.0,0.0,0.0,0.0,0.0,0.0,0.0,0.0,0.0,0.0,0.0,0.0,3.9,0.0
2050-01-06 03:00:00,2050-01-06 01:00:00,1311.6,0.0,0.0,0.0,1311.6,1272.2,1300.7,0.0,0.0,0.03,0.0343,battery,gas-cc,0.0,0.0,0.0,0.0,0.0,0.0,0.0,0.0,0.0,0.0,0.0,0.0,0.0,0.0,0.0,0.0,0.0,0.0,156.5,3.0,0.3,18.5,1179.8,0.07,156.7,53.7,210.3,359.4,6.8,0.68,42.5,2712.1,0.16,359.8,123.3,483.1,32.09,0.0,0.0,32.09,33.23,0.0,0.0,33.23,0.0,0.0,0.0,1311.6,10.9,1300.7,0.0,0.0,0.0,0.0,0.0,0.0,0.0,0.0,0.0,0.0,0.0,0.0,0.0,10.9,0.0
2050-01-06 04:00:00,2050-01-06 02:00:00,1265.3,0.0,0.0,0.4,1265.7,1227.5,1247.5,26.6,0.0,0.0299,0.0331,battery,gas-cc,0.0,0.0,0.0,0.0,0.0,0.0,0.0,0.0,0.0,0.0,0.0,0.0,0.0,0.0,0.0,0.0,0.0,0.0,182.3,3.4,0.34,21.5,1374.7,0.08,182.5,62.5,245.0,359.6,6.8,0.68,42.5,2713.3,0.16,359.9,123.4,483.3,32.09,0.0,0.0,32.09,33.19,0.0,0.0,33.19,0.0,0.0,0.0,1239.1,18.2,1220.9,0.0,0.0,0.0,0.0,0.0,0.0,0.0,0.0,0.0,0.0,0.0,0.0,0.0,18.2,0.0
2050-01-06 05:00:00,2050-01-06 03:00:00,1240.0,0.0,0.0,1.0,1241.0,1203.0,1214.8,66.7,0.0,0.0298,0.0324,battery,gas-cc,0.0,0.0,0.0,0.0,0.0,0.0,0.0,0.0,0.0,0.0,0.0,0.0,0.0,0.0,0.0,0.0,0.0,0.0,155.9,2.9,0.3,18.4,1175.7,0.07,156.1,53.5,209.6,359.3,6.8,0.68,42.4,2711.4,0.16,359.7,123.3,483.0,32.09,0.0,0.0,32.09,33.17,0.0,0.0,33.17,0.0,0.0,0.0,1174.3,26.2,1148.1,0.0,0.0,0.0,0.0,0.0,0.0,0.0,0.0,0.0,0.0,0.0,0.0,0.0,26.2,0.0
2050-01-06 06:00:00,2050-01-06 04:00:00,1263.2,0.0,0.0,6.9,1270.1,1225.4,1237.6,445.3,0.0,0.0299,0.033,battery,gas-cc,0.0,0.0,0.0,0.0,0.0,0.0,0.0,0.0,0.0,0.0,0.0,0.0,0.0,0.0,0.0,0.0,0.0,0.0,224.4,4.2,0.42,26.5,1693.0,0.1,224.7,77.0,301.7,358.9,6.8,0.68,42.4,2708.5,0.16,359.3,123.2,482.5,32.09,0.0,0.0,32.09,33.19,0.0,0.0,33.19,0.0,0.0,0.0,824.8,32.5,792.3,0.0,0.0,0.0,0.0,0.0,0.0,0.0,0.0,0.0,0.0,0.0,0.0,0.0,32.5,0.0
2050-01-06 07:00:00,2050-01-06 05:00:00,1348.4,0.0,0.0,6.9,1355.3,1307.8,1319.7,445.3,0.0,0.0301,0.0353,battery,gas-cc,0.0,0.0,0.0,0.0,0.0,0.0,0.0,0.0,0.0,0.0,0.0,0.0,0.0,0.0,0.0,0.0,0.0,0.0,173.8,3.3,0.33,20.5,1310.4,0.08,174.0,59.6,233.6,359.8,6.8,0.68,42.5,2714.8,0.16,360.1,123.4,483.6,32.09,0.0,0.0,32.09,33.27,0.0,0.0,33.27,0.0,0.0,0.0,910.0,35.6,874.4,0.0,0.0,0.0,0.0,0.0,0.0,0.0,0.0,0.0,0.0,0.0,0.0,0.0,35.6,0.0
2050-01-06 08:00:00,2050-01-06 06:00:00,1512.6,0.0,0.0,0.0,1512.6,1465.9,1482.6,0.0,0.0,0.0309,0.0396,battery,gas-cc,0.0,0.0,0.0,0.0,0.0,0.0,0.0,0.0,0.0,0.0,0.0,0.0,0.0,0.0,0.0,0.0,0.0,0.0,154.3,2.9,0.29,18.2,1162.9,0.07,154.4,52.9,207.3,361.4,6.8,0.68,42.7,2726.9,0.16,361.8,124.0,485.7,32.09,0.0,0.0,32.09,33.42,0.0,0.0,33.42,0.0,0.0,0.0,1512.6,30.0,1482.6,0.0,0.0,0.0,0.0,0.0,0.0,0.0,0.0,0.0,0.0,0.0,0.0,0.0,30.0,0.0
2050-01-06 09:00:00,2050-01-06 07:00:00,1672.6,0.0,0.0,1.0,1673.7,1619.2,-160.9,0.0,160.9,0.032,0.0437,gas-cc,gas-cc,0.0,0.0,0.0,0.0,0.0,0.0,0.0,0.0,0.0,0.0,0.0,0.0,0.0,0.0,0.0,0.0,0.0,0.0,151.2,2.9,0.29,17.9,1139.5,0.07,151.3,51.8,203.2,367.9,6.9,0.69,43.5,2776.1,0.16,368.3,126.2,494.5,31.44,0.0,0.0,31.44,32.88,0.0,0.0,32.88,0.0,0.0,0.0,1834.6,1834.6,0.0,0.0,0.0,0.0,0.0,76.4,0.0,0.0,0.0,0.0,0.0,0.0,0.0,1733.5,24.7,0.0
2050-01-06 10:00:00,2050-01-06 08:00:00,1788.4,3274.2,0.0,10.7,5073.3,1729.7,-1640.0,0.0,1640.0,0.0328,0.0468,upv,upv,0.0,0.0,0.0,0.0,0.0,0.0,0.0,0.0,0.0,0.0,0.0,0.0,0.0,0.0,0.0,0.0,0.0,0.0,140.1,2.6,0.27,16.6,1056.0,0.06,140.2,48.0,188.3,0.0,0.0,0.0,0.0,0.0,0.0,0.0,0.0,0.0,0.0,0.0,0.0,0.0,0.0,0.0,0.0,0.0,0.0,574.2,574.2,6713.3,6713.3,0.0,0.0,0.0,0.0,0.0,306.8,0.0,0.0,0.0,0.0,0.0,0.0,0.0,6385.7,20.9,0.0
2050-01-06 11:00:00,2050-01-06 09:00:00,1773.7,3240.3,0.0,10.7,5024.6,1715.7,-1640.0,0.0,1640.0,0.0327,0.0464,upv,upv,0.0,0.0,0.0,0.0,0.0,0.0,0.0,0.0,0.0,0.0,0.0,0.0,0.0,0.0,0.0,0.0,0.0,0.0,140.1,2.6,0.27,16.5,1055.9,0.06,140.2,48.0,188.2,0.0,0.0,0.0,0.0,0.0,0.0,0.0,0.0,0.0,0.0,0.0,0.0,0.0,0.0,0.0,0.0,0.0,10.7,1782.7,1793.4,6664.6,6664.6,0.0,0.0,0.0,0.0,0.0,356.6,0.0,0.0,0.0,0.0,0.0,0.0,0.0,6308.0,0.0,0.0
2050-01-06 12:00:00,2050-01-06 10:00:00,1683.2,4019.6,0.0,10.7,5713.4,1629.3,-1640.0,0.0,1640.0,0.032,0.044,upv,upv,0.0,0.0,0.0,0.0,0.0,0.0,0.0,0.0,0.0,0.0,0.0,0.0,0.0,0.0,0.0,0.0,0.0,0.0,140.0,2.6,0.26,16.5,1055.2,0.06,140.1,48.0,188.1,0.0,0.0,0.0,0.0,0.0,0.0,0.0,0.0,0.0,0.0,0.0,0.0,0.0,0.0,0.0,0.0,0.0,9.6,648.7,658.3,7353.4,7353.4,0.0,0.0,0.0,0.0,0.0,0.0,0.0,0.0,0.0,0.0,0.0,0.0,0.0,7353.4,0.0,0.0
2050-01-06 13:00:00,2050-01-06 11:00:00,1608.4,3406.0,0.0,10.7,5025.1,1557.7,-1640.0,0.0,1640.0,0.0315,0.0421,upv,upv,0.0,0.0,0.0,0.0,0.0,0.0,0.0,0.0,0.0,0.0,0.0,0.0,0.0,0.0,0.0,0.0,0.0,0.0,139.9,2.6,0.26,16.5,1054.6,0.06,140.0,48.0,188.0,0.0,0.0,0.0,0.0,0.0,0.0,0.0,0.0,0.0,0.0,0.0,0.0,0.0,0.0,0.0,0.0,0.0,9.2,911.8,920.9,6665.1,6665.1,0.0,0.0,0.0,0.0,0.0,319.7,0.0,0.0,0.0,0.0,0.0,0.0,0.0,6345.3,0.0,0.0
2050-01-06 14:00:00,2050-01-06 12:00:00,1572.6,2941.7,0.0,10.7,4525.0,1523.4,-1640.0,0.0,1640.0,0.0313,0.0411,upv,upv,0.0,0.0,0.0,0.0,0.0,0.0,0.0,0.0,0.0,0.0,0.0,0.0,0.0,0.0,0.0,0.0,0.0,0.0,160.8,3.0,0.3,19.0,1212.2,0.07,160.9,55.1,216.1,0.0,0.0,0.0,0.0,0.0,0.0,0.0,0.0,0.0,0.0,0.0,0.0,0.0,0.0,0.0,0.0,0.0,15.0,1391.6,1406.6,6165.0,6165.0,0.0,0.0,0.0,0.0,0.0,318.8,0.0,0.0,0.0,0.0,0.0,0.0,0.0,5846.1,0.0,0.0
2050-01-06 15:00:00,2050-01-06 13:00:00,1546.3,3045.5,0.0,10.7,4602.4,1498.2,-1640.0,0.0,1640.0,0.0311,0.0404,upv,upv,0.0,0.0,0.0,0.0,0.0,0.0,0.0,0.0,0.0,0.0,0.0,0.0,0.0,0.0,0.0,0.0,0.0,0.0,148.9,2.8,0.28,17.6,1123.0,0.06,149.1,51.1,200.2,0.0,0.0,0.0,0.0,0.0,0.0,0.0,0.0,0.0,0.0,0.0,0.0,0.0,0.0,0.0,0.0,0.0,0.0,1767.6,1767.6,6242.4,6242.4,0.0,0.0,0.0,0.0,0.0,337.1,0.0,0.0,0.0,0.0,0.0,0.0,0.0,5883.7,21.7,0.0
2050-01-06 16:00:00,2050-01-06 14:00:00,1544.2,3207.3,0.0,10.7,4762.2,1496.2,-1640.0,0.0,1640.0,0.0311,0.0404,upv,upv,0.0,0.0,0.0,0.0,0.0,0.0,0.0,0.0,0.0,0.0,0.0,0.0,0.0,0.0,0.0,0.0,0.0,0.0,139.8,2.6,0.26,16.5,1054.2,0.06,140.0,48.0,187.9,0.0,0.0,0.0,0.0,0.0,0.0,0.0,0.0,0.0,0.0,0.0,0.0,0.0,0.0,0.0,0.0,0.0,0.0,1983.1,1983.1,6402.2,6402.2,0.0,0.0,0.0,0.0,0.0,352.8,0.0,0.0,0.0,0.0,0.0,0.0,0.0,6023.6,25.8,0.0
2050-01-06 17:00:00,2050-01-06 15:00:00,1587.4,3990.5,0.0,10.7,5588.5,1537.6,-1640.0,0.0,1640.0,0.0314,0.0415,upv,upv,0.0,0.0,0.0,0.0,0.0,0.0,0.0,0.0,0.0,0.0,0.0,0.0,0.0,0.0,0.0,0.0,0.0,0.0,139.9,2.6,0.26,16.5,1054.5,0.06,140.0,48.0,188.0,0.0,0.0,0.0,0.0,0.0,0.0,0.0,0.0,0.0,0.0,0.0,0.0,0.0,0.0,0.0,0.0,0.0,0.0,363.3,363.3,7228.5,7228.5,0.0,0.0,0.0,0.0,0.0,319.2,0.0,0.0,0.0,0.0,0.0,0.0,0.0,6880.9,28.4,0.0
2050-01-06 18:00:00,2050-01-06 16:00:00,1647.4,0.0,0.0,4.7,1652.0,1595.0,-716.5,0.0,716.5,0.0318,0.0431,hydro,gas-cc,0.0,0.0,0.0,0.0,0.0,0.0,0.0,0.0,0.0,0.0,0.0,0.0,0.0,0.0,0.0,0.0,0.0,0.0,144.0,2.7,0.27,17.0,1085.4,0.06,144.1,49.4,193.5,363.3,6.8,0.68,42.9,2741.6,0.16,363.7,124.7,488.4,31.44,0.0,0.0,31.44,32.86,0.0,0.0,32.86,0.0,0.0,0.0,2368.5,2368.5,0.0,0.0,0.0,0.0,0.0,98.9,0.0,0.0,0.0,0.0,0.0,0.0,0.0,2244.0,25.6,0.0
2050-01-06 19:00:00,2050-01-06 17:00:00,1781.1,0.0,0.0,0.6,1781.6,1722.7,1761.8,0.0,85.7,0.0328,0.0466,battery,gas-cc,0.0,0.0,0.0,0.0,0.0,0.0,0.0,0.0,0.0,0.0,0.0,0.0,0.0,0.0,0.0,0.0,0.0,0.0,155.7,2.9,0.29,18.4,1173.7,0.07,155.9,53.4,209.2,360.0,6.8,0.68,42.5,2716.9,0.16,360.4,123.5,484.0,32.09,0.0,0.0,32.09,33.66,0.0,0.0,33.66,0.0,0.0,0.0,1867.3,19.9,1847.4,0.0,0.0,0.0,0.0,0.0,0.0,0.0,0.0,0.0,0.0,0.0,0.0,0.0,19.9,0.0
2050-01-06 20:00:00,2050-01-06 18:00:00,1923.2,0.0,0.0,7.9,1931.1,1857.9,1900.3,0.0,1216.9,0.0339,0.0503,battery,gas-cc,0.0,0.0,0.0,0.0,0.0,0.0,0.0,0.0,0.0,0.0,0.0,0.0,0.0,0.0,0.0,0.0,0.0,0.0,159.0,3.0,0.3,18.8,1198.8,0.07,159.2,54.5,213.7,365.4,6.9,0.69,43.2,2757.7,0.16,365.8,125.4,491.2,32.09,0.0,0.0,32.09,33.79,0.0,0.0,33.79,0.0,0.0,0.0,3147.9,30.7,3117.2,0.0,0.0,0.0,0.0,0.0,0.0,0.0,0.0,0.0,0.0,0.0,0.0,0.0,30.7,0.0
2050-01-06 21:00:00,2050-01-06 19:00:00,1909.5,0.0,0.0,4.2,1913.7,1844.9,1886.3,0.0,646.4,0.0338,0.0499,battery,gas-cc,0.0,0.0,0.0,0.0,0.0,0.0,0.0,0.0,0.0,0.0,0.0,0.0,0.0,0.0,0.0,0.0,0.0,0.0,158.6,3.0,0.3,18.7,1196.0,0.07,158.8,54.4,213.2,357.0,6.7,0.67,42.2,2694.0,0.15,357.4,122.5,479.9,32.09,0.0,0.0,32.09,33.78,0.0,0.0,33.78,0.0,0.0,0.0,2560.1,27.4,2532.7,0.0,0.0,0.0,0.0,0.0,0.0,0.0,0.0,0.0,0.0,0.0,0.0,0.0,27.4,0.0
2050-01-06 22:00:00,2050-01-06 20:00:00,1827.4,0.0,0.0,1.5,1828.9,1766.8,1813.0,0.0,229.2,0.0331,0.0478,battery,gas-cc,0.0,0.0,0.0,0.0,0.0,0.0,0.0,0.0,0.0,0.0,0.0,0.0,0.0,0.0,0.0,0.0,0.0,0.0,155.9,2.9,0.3,18.4,1175.0,0.07,156.0,53.4,209.5,356.2,6.7,0.67,42.1,2687.9,0.15,356.6,122.2,478.8,32.09,0.0,0.0,32.09,33.71,0.0,0.0,33.71,0.0,0.0,0.0,2058.1,15.8,2042.2,0.0,0.0,0.0,0.0,0.0,0.0,0.0,0.0,0.0,0.0,0.0,0.0,0.0,15.8,0.0
2050-01-06 23:00:00,2050-01-06 21:00:00,1747.4,0.0,0.0,7.0,1754.4,1690.6,1740.6,0.0,1080.9,0.0325,0.0457,battery,gas-cc,0.0,0.0,0.0,0.0,0.0,0.0,0.0,0.0,0.0,0.0,0.0,0.0,0.0,0.0,0.0,0.0,0.0,0.0,197.8,3.7,0.37,23.4,1491.9,0.09,198.0,67.9,265.9,363.7,6.9,0.69,43.0,2744.5,0.16,364.1,124.8,488.9,32.09,0.0,0.0,32.09,33.63,0.0,0.0,33.63,0.0,0.0,0.0,2835.3,13.7,2821.5,0.0,0.0,0.0,0.0,0.0,0.0,0.0,0.0,0.0,0.0,0.0,0.0,0.0,13.7,0.0
2050-01-07 00:00:00,2050-01-06 22:00:00,1647.4,0.0,0.0,0.6,1648.0,1595.0,1633.5,0.0,99.6,0.0318,0.0431,battery,gas-cc,0.0,0.0,0.0,0.0,0.0,0.0,0.0,0.0,0.0,0.0,0.0,0.0,0.0,0.0,0.0,0.0,0.0,0.0,153.0,2.9,0.29,18.1,1153.5,0.07,153.2,52.5,205.6,367.6,6.9,0.69,43.4,2774.2,0.16,368.0,126.1,494.2,31.71,0.0,0.0,31.71,33.13,0.0,0.0,33.13,0.0,0.0,0.0,1747.7,14.5,1733.2,0.0,0.0,0.0,0.0,0.0,0.0,0.0,0.0,0.0,0.0,0.0,0.0,0.0,14.5,0.0
2050-01-07 01:00:00,2050-01-06 23:00:00,1521.1,0.0,0.0,0.1,1521.2,1473.9,1494.5,0.0,23.0,0.031,0.0398,battery,gas-cc,0.0,0.0,0.0,0.0,0.0,0.0,0.0,0.0,0.0,0.0,0.0,0.0,0.0,0.0,0.0,0.0,0.0,0.0,151.2,2.9,0.29,17.9,1139.9,0.07,151.4,51.8,203.2,366.4,6.9,0.69,43.3,2764.6,0.16,366.8,125.7,492.5,31.71,0.0,0.0,31.71,33.02,0.0,0.0,33.02,0.0,0.0,0.0,1544.2,26.7,1517.4,0.0,0.0,0.0,0.0,0.0,0.0,0.0,0.0,0.0,0.0,0.0,0.0,0.0,26.7,0.0
2050-01-07 02:00:00,2050-01-07 00:00:00,1420.0,0.0,0.0,0.2,1420.2,1376.8,1390.3,0.0,28.5,0.0304,0.0371,battery,gas-cc,0.0,0.0,0.0,0.0,0.0,0.0,0.0,0.0,0.0,0.0,0.0,0.0,0.0,0.0,0.0,0.0,0.0,0.0,217.0,4.1,0.41,25.6,1637.1,0.09,217.3,74.5,291.7,365.4,6.9,0.69,43.2,2757.0,0.16,365.7,125.4,491.1,31.71,0.0,0.0,31.71,32.93,0.0,0.0,32.93,0.0,0.0,0.0,1448.7,29.9,1418.8,0.0,0.0,0.0,0.0,0.0,0.0,0.0,0.0,0.0,0.0,0.0,0.0,0.0,29.9,0.0
2050-01-07 03:00:00,2050-01-07 01:00:00,1322.1,0.0,0.0,0.0,1322.1,1282.4,1298.6,0.0,0.0,0.03,0.0346,battery,gas-cc,0.0,0.0,0.0,0.0,0.0,0.0,0.0,0.0,0.0,0.0,0.0,0.0,0.0,0.0,0.0,0.0,0.0,0.0,151.2,2.9,0.29,17.9,1140.0,0.07,151.4,51.9,203.2,359.5,6.8,0.68,42.5,2712.8,0.16,359.9,123.4,483.2,31.71,0.0,0.0,31.71,32.84,0.0,0.0,32.84,0.0,0.0,0.0,1322.1,23.5,1298.6,0.0,0.0,0.0,0.0,0.0,0.0,0.0,0.0,0.0,0.0,0.0,0.0,0.0,23.5,0.0
2050-01-07 04:00:00,2050-01-07 02:00:00,1263.2,0.0,0.0,0.0,1263.2,1225.4,1238.5,0.0,0.0,0.0299,0.033,battery,gas-cc,0.0,0.0,0.0,0.0,0.0,0.0,0.0,0.0,0.0,0.0,0.0,0.0,0.0,0.0,0.0,0.0,0.0,0.0,154.9,2.9,0.29,18.3,1167.5,0.07,155.0,53.1,208.1,358.9,6.8,0.68,42.4,2708.5,0.16,359.3,123.2,482.5,31.71,0.0,0.0,31.71,32.79,0.0,0.0,32.79,0.0,0.0,0.0,1263.2,24.6,1238.5,0.0,0.0,0.0,0.0,0.0,0.0,0.0,0.0,0.0,0.0,0.0,0.0,0.0,24.6,0.0
2050-01-07 05:00:00,2050-01-07 03:00:00,1234.7,0.0,0.0,0.4,1235.1,1197.9,1203.9,0.0,55.6,0.0298,0.0323,gas-cc,gas-cc,0.0,0.0,0.0,0.0,0.0,0.0,0.0,0.0,0.0,0.0,0.0,0.0,0.0,0.0,0.0,0.0,0.0,0.0,154.9,2.9,0.29,18.3,1167.6,0.07,155.0,53.1,208.2,363.5,6.9,0.69,42.9,2743.2,0.16,363.9,124.7,488.7,31.71,0.0,0.0,31.71,32.76,0.0,0.0,32.76,0.0,0.0,0.0,1290.7,31.2,1259.4,0.0,0.0,0.0,0.0,0.0,0.0,0.0,0.0,0.0,0.0,0.0,0.0,0.0,31.2,0.0
2050-01-07 06:00:00,2050-01-07 04:00:00,1224.2,0.0,0.0,0.5,1224.7,1187.8,1186.2,0.0,76.8,0.0298,0.032,battery,gas-cc,0.0,0.0,0.0,0.0,0.0,0.0,0.0,0.0,0.0,0.0,0.0,0.0,0.0,0.0,0.0,0.0,0.0,0.0,159.6,3.0,0.3,18.9,1203.6,0.07,159.8,54.7,214.6,363.4,6.8,0.68,42.9,2742.5,0.16,363.8,124.7,488.5,31.71,0.0,0.0,31.71,32.75,0.0,0.0,32.75,0.0,0.0,0.0,1301.5,38.5,1263.0,0.0,0.0,0.0,0.0,0.0,0.0,0.0,0.0,0.0,0.0,0.0,0.0,0.0,38.5,0.0
2050-01-07 07:00:00,2050-01-07 05:00:00,1247.4,0.0,0.0,0.0,1247.4,1210.2,1206.7,0.0,0.0,0.0298,0.0326,battery,gas-cc,0.0,0.0,0.0,0.0,0.0,0.0,0.0,0.0,0.0,0.0,0.0,0.0,0.0,0.0,0.0,0.0,0.0,0.0,163.4,3.1,0.31,19.3,1231.7,0.07,163.5,56.0,219.6,358.8,6.8,0.68,42.4,2707.4,0.16,359.2,123.1,482.3,31.71,0.0,0.0,31.71,32.77,0.0,0.0,32.77,0.0,0.0,0.0,1247.4,40.7,1206.7,0.0,0.0,0.0,0.0,0.0,0.0,0.0,0.0,0.0,0.0,0.0,0.0,0.0,40.7,0.0
2050-01-07 08:00:00,2050-01-07 06:00:00,1309.5,0.0,0.0,0.0,1309.5,1270.2,1267.6,0.0,0.0,0.03,0.0342,battery,gas-cc,0.0,0.0,0.0,0.0,0.0,0.0,0.0,0.0,0.0,0.0,0.0,0.0,0.0,0.0,0.0,0.0,0.0,0.0,192.4,3.6,0.36,22.7,1451.0,0.08,192.6,66.0,258.6,359.4,6.8,0.68,42.5,2711.9,0.16,359.8,123.3,483.1,31.71,0.0,0.0,31.71,32.83,0.0,0.0,32.83,0.0,0.0,0.0,1309.5,41.9,1267.6,0.0,0.0,0.0,0.0,0.0,0.0,0.0,0.0,0.0,0.0,0.0,0.0,0.0,41.9,0.0
2050-01-07 09:00:00,2050-01-07 07:00:00,1404.2,0.0,0.0,1.0,1405.2,1361.6,-150.9,0.0,150.9,0.0304,0.0367,battery,gas-cc,0.0,0.0,0.0,0.0,0.0,0.0,0.0,0.0,0.0,0.0,0.0,0.0,0.0,0.0,0.0,0.0,0.0,0.0,189.0,3.6,0.36,22.3,1425.2,0.08,189.2,64.8,254.0,429.2,8.1,0.81,50.7,3239.0,0.19,429.7,147.3,577.0,30.85,0.0,0.0,30.85,32.03,0.0,0.0,32.03,0.0,0.0,0.0,1556.1,1556.1,0.0,0.0,0.0,0.0,0.0,63.6,0.0,0.0,0.0,0.0,0.0,0.0,0.0,1442.7,49.8,0.0
2050-01-07 10:00:00,2050-01-07 08:00:00,1484.2,2626.7,0.0,10.7,4121.6,1438.5,-1640.0,0.0,1640.0,0.0308,0.0388,upv,upv,0.0,0.0,0.0,0.0,0.0,0.0,0.0,0.0,0.0,0.0,0.0,0.0,0.0,0.0,0.0,0.0,0.0,0.0,140.8,2.7,0.27,16.6,1061.7,0.06,141.0,48.3,189.3,0.0,0.0,0.0,0.0,0.0,0.0,0.0,0.0,0.0,0.0,0.0,0.0,0.0,0.0,0.0,0.0,0.0,53.9,1673.6,1727.6,5761.6,5761.6,0.0,0.0,0.0,0.0,0.0,0.0,0.0,0.0,0.0,0.0,0.0,0.0,0.0,5761.6,0.0,0.0
2050-01-07 11:00:00,2050-01-07 09:00:00,1523.2,3627.1,0.0,10.7,5160.9,1476.0,-1640.0,0.0,1640.0,0.031,0.0398,upv,upv,0.0,0.0,0.0,0.0,0.0,0.0,0.0,0.0,0.0,0.0,0.0,0.0,0.0,0.0,0.0,0.0,0.0,0.0,140.3,2.6,0.27,16.6,1057.5,0.06,140.4,48.1,188.5,0.0,0.0,0.0,0.0,0.0,0.0,0.0,0.0,0.0,0.0,0.0,0.0,0.0,0.0,0.0,0.0,0.0,0.0,1857.7,1857.7,6800.9,6800.9,0.0,0.0,0.0,0.0,0.0,364.0,0.0,0.0,0.0,0.0,0.0,0.0,0.0,6401.0,35.9,0.0
2050-01-07 12:00:00,2050-01-07 10:00:00,1528.4,3824.8,0.0,10.7,5363.8,1481.0,-1640.0,0.0,1640.0,0.031,0.04,upv,upv,0.0,0.0,0.0,0.0,0.0,0.0,0.0,0.0,0.0,0.0,0.0,0.0,0.0,0.0,0.0,0.0,0.0,0.0,139.8,2.6,0.26,16.5,1054.1,0.06,140.0,47.9,187.9,0.0,0.0,0.0,0.0,0.0,0.0,0.0,0.0,0.0,0.0,0.0,0.0,0.0,0.0,0.0,0.0,0.0,0.0,1294.5,1294.5,7003.8,7003.8,0.0,0.0,0.0,0.0,0.0,348.3,0.0,0.0,0.0,0.0,0.0,0.0,0.0,6608.9,46.7,0.0
2050-01-07 13:00:00,2050-01-07 11:00:00,1528.4,2821.5,0.0,10.7,4360.6,1481.0,-1640.0,0.0,1640.0,0.031,0.04,upv,upv,0.0,0.0,0.0,0.0,0.0,0.0,0.0,0.0,0.0,0.0,0.0,0.0,0.0,0.0,0.0,0.0,0.0,0.0,142.7,2.7,0.27,16.9,1076.2,0.06,142.9,49.0,191.9,0.0,0.0,0.0,0.0,0.0,0.0,0.0,0.0,0.0,0.0,0.0,0.0,0.0,0.0,0.0,0.0,0.0,0.0,1853.1,1853.1,6000.6,6000.6,0.0,0.0,0.0,0.0,0.0,328.0,0.0,0.0,0.0,0.0,0.0,0.0,0.0,5591.4,81.1,0.0
2050-01-07 14:00:00,2050-01-07 12:00:00,1533.7,3819.8,0.0,10.7,5364.2,1486.1,-1640.0,0.0,1640.0,0.031,0.0401,upv,upv,0.0,0.0,0.0,0.0,0.0,0.0,0.0,0.0,0.0,0.0,0.0,0.0,0.0,0.0,0.0,0.0,0.0,0.0,140.0,2.6,0.26,16.5,1055.2,0.06,140.1,48.0,188.1,0.0,0.0,0.0,0.0,0.0,0.0,0.0,0.0,0.0,0.0,0.0,0.0,0.0,0.0,0.0,0.0,0.0,0.0,846.4,846.4,7004.1,7004.1,0.0,0.0,0.0,0.0,0.0,326.1,0.0,0.0,0.0,0.0,0.0,0.0,0.0,6552.9,125.2,0.0
2050-01-07 15:00:00,2050-01-07 13:00:00,1538.9,3824.8,0.0,10.7,5374.4,1491.1,-1640.0,0.0,1640.0,0.0311,0.0402,upv,upv,0.0,0.0,0.0,0.0,0.0,0.0,0.0,0.0,0.0,0.0,0.0,0.0,0.0,0.0,0.0,0.0,0.0,0.0,139.8,2.6,0.26,16.5,1054.1,0.06,140.0,48.0,187.9,0.0,0.0,0.0,0.0,0.0,0.0,0.0,0.0,0.0,0.0,0.0,0.0,0.0,0.0,0.0,0.0,0.0,0.0,1279.1,1279.1,7014.3,7014.3,0.0,0.0,0.0,0.0,0.0,343.4,0.0,0.0,0.0,0.0,0.0,0.0,0.0,6514.4,156.5,0.0
2050-01-07 16:00:00,2050-01-07 14:00:00,1544.2,3986.6,0.0,10.7,5541.5,1496.2,-1640.0,0.0,1640.0,0.0311,0.0404,upv,upv,0.0,0.0,0.0,0.0,0.0,0.0,0.0,0.0,0.0,0.0,0.0,0.0,0.0,0.0,0.0,0.0,0.0,0.0,139.8,2.6,0.26,16.5,1054.2,0.06,140.0,48.0,187.9,0.0,0.0,0.0,0.0,0.0,0.0,0.0,0.0,0.0,0.0,0.0,0.0,0.0,0.0,0.0,0.0,0.0,0.0,1545.4,1545.4,7181.5,7181.5,0.0,0.0,0.0,0.0,0.0,359.6,0.0,0.0,0.0,0.0,0.0,0.0,0.0,6616.4,205.5,0.0
2050-01-07 17:00:00,2050-01-07 15:00:00,1549.5,2593.8,0.0,10.7,4153.9,1501.2,-1640.0,0.0,1640.0,0.0311,0.0405,upv,upv,0.0,0.0,0.0,0.0,0.0,0.0,0.0,0.0,0.0,0.0,0.0,0.0,0.0,0.0,0.0,0.0,0.0,0.0,139.8,2.6,0.26,16.5,1054.2,0.06,140.0,48.0,187.9,0.0,0.0,0.0,0.0,0.0,0.0,0.0,0.0,0.0,0.0,0.0,0.0,0.0,0.0,0.0,0.0,0.0,0.0,2124.0,2124.0,5793.9,5793.9,0.0,0.0,0.0,0.0,0.0,325.5,0.0,0.0,0.0,0.0,0.0,0.0,0.0,5262.3,206.0,0.0
2050-01-07 18:00:00,2050-01-07 16:00:00,1613.7,0.0,0.0,9.2,1622.9,1562.8,-992.8,0.0,1411.5,0.0315,0.0422,battery,gas-cc,0.0,0.0,0.0,0.0,0.0,0.0,0.0,0.0,0.0,0.0,0.0,0.0,0.0,0.0,0.0,0.0,0.0,0.0,171.5,3.2,0.32,20.3,1292.9,0.07,171.6,58.8,230.4,373.9,7.0,0.7,44.2,2821.8,0.16,374.3,128.3,502.6,29.52,0.0,0.0,29.52,30.82,0.0,0.0,30.82,0.0,0.0,0.0,3034.3,2615.6,418.7,0.0,0.0,0.0,0.0,101.4,0.0,0.0,0.0,0.0,0.0,0.0,0.0,2302.2,212.0,0.0
2050-01-07 19:00:00,2050-01-07 17:00:00,1718.9,0.0,0.0,8.6,1727.5,1663.5,1533.1,0.0,1317.5,0.0323,0.045,battery,gas-cc,0.0,0.0,0.0,0.0,0.0,0.0,0.0,0.0,0.0,0.0,0.0,0.0,0.0,0.0,0.0,0.0,0.0,0.0,236.5,4.5,0.45,27.9,1783.8,0.1,236.7,81.1,317.8,331.5,6.2,0.62,39.2,2501.6,0.14,331.9,113.7,445.6,29.52,0.0,0.0,29.52,30.91,0.0,0.0,30.91,0.0,0.0,0.0,3045.0,194.4,2850.6,0.0,0.0,0.0,0.0,0.0,0.0,0.0,0.0,0.0,0.0,0.0,0.0,0.0,194.4,0.0
2050-01-07 20:00:00,2050-01-07 18:00:00,1806.3,0.0,0.0,8.9,1815.2,1746.8,1648.0,0.0,1368.4,0.033,0.0472,battery,gas-cc,0.0,0.0,0.0,0.0,0.0,0.0,0.0,0.0,0.0,0.0,0.0,0.0,0.0,0.0,0.0,0.0,0.0,0.0,167.4,3.2,0.32,19.8,1261.9,0.07,167.5,57.4,224.9,332.3,6.3,0.63,39.3,2507.6,0.14,332.7,114.0,446.7,29.52,0.0,0.0,29.52,30.98,0.0,0.0,30.98,0.0,0.0,0.0,3183.6,167.2,3016.4,0.0,0.0,0.0,0.0,0.0,0.0,0.0,0.0,0.0,0.0,0.0,0.0,0.0,167.2,0.0
2050-01-07 21:00:00,2050-01-07 19:00:00,1786.3,0.0,0.0,4.0,1790.3,1727.7,1625.2,0.0,611.9,0.0328,0.0467,battery,gas-cc,0.0,0.0,0.0,0.0,0.0,0.0,0.0,0.0,0.0,0.0,0.0,0.0,0.0,0.0,0.0,0.0,0.0,0.0,155.1,2.9,0.29,18.3,1169.4,0.07,155.3,53.2,208.5,355.9,6.7,0.67,42.0,2685.4,0.15,356.2,122.1,478.4,29.52,0.0,0.0,29.52,30.96,0.0,0.0,30.96,0.0,0.0,0.0,2402.2,165.1,2237.1,0.0,0.0,0.0,0.0,0.0,0.0,0.0,0.0,0.0,0.0,0.0,0.0,0.0,165.1,0.0
2050-01-07 22:00:00,2050-01-07 20:00:00,1740.0,0.0,0.0,5.8,1745.8,1683.6,1593.8,0.0,895.8,0.0324,0.0455,battery,gas-cc,0.0,0.0,0.0,0.0,0.0,0.0,0.0,0.0,0.0,0.0,0.0,0.0,0.0,0.0,0.0,0.0,0.0,0.0,178.1,3.4,0.34,21.0,1343.2,0.08,178.3,61.1,239.4,331.7,6.3,0.63,39.2,2503.1,0.14,332.1,113.8,445.9,29.52,0.0,0.0,29.52,30.92,0.0,0.0,30.92,0.0,0.0,0.0,2641.6,152.0,2489.6,0.0,0.0,0.0,0.0,0.0,0.0,0.0,0.0,0.0,0.0,0.0,0.0,0.0,152.0,0.0
2050-01-07 23:00:00,2050-01-07 21:00:00,1677.9,0.0,0.0,3.3,1681.1,1624.2,1570.9,0.0,500.4,0.032,0.0439,battery,gas-cc,0.0,0.0,0.0,0.0,0.0,0.0,0.0,0.0,0.0,0.0,0.0,0.0,0.0,0.0,0.0,0.0,0.0,0.0,152.4,2.9,0.29,18.0,1148.9,0.07,152.6,52.3,204.8,331.1,6.2,0.62,39.1,2498.8,0.14,331.5,113.6,445.1,29.52,0.0,0.0,29.52,30.87,0.0,0.0,30.87,0.0,0.0,0.0,2181.6,110.3,2071.3,0.0,0.0,0.0,0.0,0.0,0.0,0.0,0.0,0.0,0.0,0.0,0.0,0.0,110.3,0.0
2050-01-08 00:00:00,2050-01-07 22:00:00,1592.6,0.0,0.0,6.9,1599.5,1542.6,1506.4,445.3,0.0,0.0314,0.0416,battery,gas-cc,0.0,0.0,0.0,0.0,0.0,0.0,0.0,0.0,0.0,0.0,0.0,0.0,0.0,0.0,0.0,0.0,0.0,0.0,150.6,2.8,0.29,17.8,1135.5,0.07,150.8,51.7,202.4,357.9,6.7,0.67,42.3,2700.8,0.16,358.3,122.8,481.1,31.36,0.0,0.0,31.36,32.72,0.0,0.0,32.72,0.0,0.0,0.0,1154.2,93.1,1061.1,0.0,0.0,0.0,0.0,0.0,0.0,0.0,0.0,0.0,0.0,0.0,0.0,0.0,93.1,0.0
2050-01-08 01:00:00,2050-01-07 23:00:00,1489.5,0.0,0.0,6.9,1496.4,1443.6,1413.7,445.3,0.0,0.0308,0.039,battery,gas-cc,0.0,0.0,0.0,0.0,0.0,0.0,0.0,0.0,0.0,0.0,0.0,0.0,0.0,0.0,0.0,0.0,0.0,0.0,187.9,3.5,0.36,22.2,1417.3,0.08,188.1,64.5,252.6,356.9,6.7,0.67,42.2,2693.2,0.15,357.3,122.5,479.7,31.36,0.0,0.0,31.36,32.63,0.0,0.0,32.63,0.0,0.0,0.0,1051.1,82.7,968.4,0.0,0.0,0.0,0.0,0.0,0.0,0.0,0.0,0.0,0.0,0.0,0.0,0.0,82.7,0.0
2050-01-08 02:00:00,2050-01-08 00:00:00,1391.6,0.0,0.0,6.9,1398.5,1349.4,1306.3,445.3,0.0,0.0303,0.0364,battery,gas-cc,0.0,0.0,0.0,0.0,0.0,0.0,0.0,0.0,0.0,0.0,0.0,0.0,0.0,0.0,0.0,0.0,0.0,0.0,174.6,3.3,0.33,20.6,1316.9,0.08,174.8,59.9,234.7,355.9,6.7,0.67,42.0,2686.0,0.15,356.3,122.1,478.5,31.36,0.0,0.0,31.36,32.54,0.0,0.0,32.54,0.0,0.0,0.0,953.2,92.1,861.0,0.0,0.0,0.0,0.0,0.0,0.0,0.0,0.0,0.0,0.0,0.0,0.0,0.0,92.1,0.0
2050-01-08 03:00:00,2050-01-08 01:00:00,1316.8,0.0,0.0,6.9,1323.7,1277.3,1228.8,445.3,0.0,0.03,0.0344,battery,gas-cc,0.0,0.0,0.0,0.0,0.0,0.0,0.0,0.0,0.0,0.0,0.0,0.0,0.0,0.0,0.0,0.0,0.0,0.0,153.3,2.9,0.29,18.1,1155.3,0.07,153.4,52.6,206.0,355.2,6.7,0.67,42.0,2680.6,0.15,355.6,121.9,477.5,31.36,0.0,0.0,31.36,32.48,0.0,0.0,32.48,0.0,0.0,0.0,878.4,94.9,783.5,0.0,0.0,0.0,0.0,0.0,0.0,0.0,0.0,0.0,0.0,0.0,0.0,0.0,94.9,0.0
2050-01-08 04:00:00,2050-01-08 02:00:00,1257.9,0.0,0.0,6.9,1264.8,1220.3,1181.2,445.3,0.0,0.0299,0.0329,battery,gas-cc,0.0,0.0,0.0,0.0,0.0,0.0,0.0,0.0,0.0,0.0,0.0,0.0,0.0,0.0,0.0,0.0,0.0,0.0,152.7,2.9,0.29,18.0,1150.9,0.07,152.8,52.4,205.2,354.7,6.7,0.67,41.9,2676.3,0.15,355.0,121.7,476.7,31.36,0.0,0.0,31.36,32.43,0.0,0.0,32.43,0.0,0.0,0.0,819.5,83.6,735.9,0.0,0.0,0.0,0.0,0.0,0.0,0.0,0.0,0.0,0.0,0.0,0.0,0.0,83.6,0.0
2050-01-08 05:00:00,2050-01-08 03:00:00,1218.9,0.0,0.0,6.9,1225.8,1182.7,1147.9,445.3,0.0,0.0298,0.0319,battery,gas-cc,0.0,0.0,0.0,0.0,0.0,0.0,0.0,0.0,0.0,0.0,0.0,0.0,0.0,0.0,0.0,0.0,0.0,0.0,174.1,3.3,0.33,20.6,1312.8,0.08,174.3,59.7,234.0,354.3,6.7,0.67,41.9,2673.5,0.15,354.7,121.6,476.2,31.36,0.0,0.0,31.36,32.39,0.0,0.0,32.39,0.0,0.0,0.0,780.5,77.9,702.6,0.0,0.0,0.0,0.0,0.0,0.0,0.0,0.0,0.0,0.0,0.0,0.0,0.0,77.9,0.0
2050-01-08 06:00:00,2050-01-08 04:00:00,1208.4,0.0,0.0,8.9,1217.4,1172.5,1133.1,759.9,0.0,0.0298,0.0316,battery,gas-cc,0.0,0.0,0.0,0.0,0.0,0.0,0.0,0.0,0.0,0.0,0.0,0.0,0.9,2.0,0.02,0.0,0.9,0.9,147.8,2.8,0.28,17.5,1114.3,0.06,148.0,50.7,198.7,354.2,6.7,0.67,41.8,2672.7,0.15,354.6,121.5,476.1,31.36,0.0,0.0,31.36,32.38,0.0,0.0,32.38,0.0,0.0,0.0,457.5,84.3,373.2,0.0,0.0,0.0,0.0,0.0,0.0,0.0,0.0,0.0,0.0,0.0,0.0,0.0,84.3,0.0
2050-01-08 07:00:00,2050-01-08 05:00:00,1218.9,0.0,0.0,9.2,1228.1,1182.7,1114.6,791.5,0.0,0.0298,0.0319,battery,gas-cc,0.0,0.0,0.0,0.0,0.0,0.0,0.0,0.0,0.0,0.0,0.0,0.0,0.9,2.2,0.02,0.0,1.0,1.0,150.3,2.8,0.28,17.8,1133.4,0.07,150.5,51.6,202.1,354.3,6.7,0.67,41.9,2673.5,0.15,354.7,121.6,476.2,31.36,0.0,0.0,31.36,32.39,0.0,0.0,32.39,0.0,0.0,0.0,436.6,113.5,323.1,0.0,0.0,0.0,0.0,0.0,0.0,0.0,0.0,0.0,0.0,0.0,0.0,0.0,113.5,0.0
2050-01-08 08:00:00,2050-01-08 06:00:00,1270.5,0.0,0.0,6.9,1277.4,1232.6,1173.9,445.3,0.0,0.0299,0.0332,battery,gas-cc,0.0,0.0,0.0,0.0,0.0,0.0,0.0,0.0,0.0,0.0,0.0,0.0,0.0,0.0,0.0,0.0,0.0,0.0,146.9,2.8,0.28,17.4,1107.1,0.06,147.0,50.4,197.4,354.8,6.7,0.67,41.9,2677.2,0.15,355.2,121.7,476.9,31.36,0.0,0.0,31.36,32.44,0.0,0.0,32.44,0.0,0.0,0.0,832.1,103.5,728.6,0.0,0.0,0.0,0.0,0.0,0.0,0.0,0.0,0.0,0.0,0.0,0.0,0.0,103.5,0.0
2050-01-08 09:00:00,2050-01-08 07:00:00,1361.1,0.0,0.0,13.6,1374.7,1320.0,-584.9,445.3,1030.2,0.0302,0.0356,battery,gas-cc,0.0,0.0,0.0,0.0,0.0,0.0,0.0,0.0,0.0,0.0,0.0,0.0,0.0,0.0,0.0,0.0,0.0,0.0,139.7,2.6,0.26,16.5,1053.2,0.06,139.8,47.9,187.8,430.6,8.1,0.81,50.9,3249.4,0.19,431.1,147.8,578.8,29.7,0.0,0.0,29.7,30.79,0.0,0.0,30.79,0.0,0.0,0.0,1959.6,1959.6,0.0,0.0,0.0,0.0,0.0,78.7,0.0,0.0,0.0,0.0,0.0,0.0,0.0,1786.8,94.1,0.0
2050-01-08 10:00:00,2050-01-08 08:00:00,1448.4,2979.6,0.0,8.1,4436.1,1404.1,-1248.8,0.0,1248.8,0.0306,0.0379,upv,upv,0.0,0.0,0.0,0.0,0.0,0.0,0.0,0.0,0.0,0.0,0.0,0.0,0.0,0.0,0.0,0.0,0.0,0.0,139.8,2.6,0.26,16.5,1053.6,0.06,139.9,47.9,187.8,0.0,0.0,0.0,0.0,0.0,0.0,0.0,0.0,0.0,0.0,0.0,0.0,0.0,0.0,0.0,0.0,0.0,0.0,1915.1,1915.1,5684.9,5684.9,0.0,0.0,0.0,0.0,0.0,317.8,0.0,0.0,0.0,0.0,0.0,0.0,0.0,5296.7,70.5,0.0
2050-01-08 11:00:00,2050-01-08 09:00:00,1497.9,3600.8,0.0,7.2,5105.9,1451.7,-1102.6,0.0,1102.6,0.0308,0.0392,upv,upv,0.0,0.0,0.0,0.0,0.0,0.0,0.0,0.0,0.0,0.0,0.0,0.0,0.0,0.0,0.0,0.0,0.0,0.0,139.8,2.6,0.26,16.5,1053.9,0.06,139.9,47.9,187.9,0.0,0.0,0.0,0.0,0.0,0.0,0.0,0.0,0.0,0.0,0.0,0.0,0.0,0.0,0.0,0.0,0.0,0.0,2612.5,2612.5,6208.5,6208.5,0.0,0.0,0.0,0.0,0.0,368.5,0.0,0.0,0.0,0.0,0.0,0.0,0.0,5749.6,90.4,0.0
2050-01-08 12:00:00,2050-01-08 10:00:00,1517.9,3629.9,0.0,10.4,5158.2,1470.9,-1594.3,0.0,1594.3,0.031,0.0397,upv,upv,0.0,0.0,0.0,0.0,0.0,0.0,0.0,0.0,0.0,0.0,0.0,0.0,0.0,0.0,0.0,0.0,0.0,0.0,139.9,2.6,0.26,16.5,1054.6,0.06,140.0,48.0,188.0,0.0,0.0,0.0,0.0,0.0,0.0,0.0,0.0,0.0,0.0,0.0,0.0,0.0,0.0,0.0,0.0,0.0,0.0,1511.3,1511.3,6752.5,6752.5,0.0,0.0,0.0,0.0,0.0,345.7,0.0,0.0,0.0,0.0,0.0,0.0,0.0,6333.9,72.9,0.0
2050-01-08 13:00:00,2050-01-08 11:00:00,1526.3,2431.9,0.0,10.5,3968.7,1479.0,-1615.5,0.0,1615.5,0.031,0.0399,upv,upv,0.0,0.0,0.0,0.0,0.0,0.0,0.0,0.0,0.0,0.0,0.0,0.0,0.0,0.0,0.0,0.0,0.0,0.0,139.8,2.6,0.26,16.5,1054.1,0.06,140.0,47.9,187.9,0.0,0.0,0.0,0.0,0.0,0.0,0.0,0.0,0.0,0.0,0.0,0.0,0.0,0.0,0.0,0.0,0.0,0.0,2235.6,2235.6,5584.2,5584.2,0.0,0.0,0.0,0.0,0.0,327.7,0.0,0.0,0.0,0.0,0.0,0.0,0.0,5202.4,54.1,0.0
2050-01-08 14:00:00,2050-01-08 12:00:00,1553.7,3622.2,0.0,9.9,5185.7,1505.3,-1516.8,0.0,1516.8,0.0312,0.0406,upv,upv,0.0,0.0,0.0,0.0,0.0,0.0,0.0,0.0,0.0,0.0,0.0,0.0,0.0,0.0,0.0,0.0,0.0,0.0,139.8,2.6,0.26,16.5,1054.2,0.06,140.0,48.0,187.9,0.0,0.0,0.0,0.0,0.0,0.0,0.0,0.0,0.0,0.0,0.0,0.0,0.0,0.0,0.0,0.0,0.0,0.0,943.5,943.5,6702.5,6702.5,0.0,0.0,0.0,0.0,0.0,320.3,0.0,0.0,0.0,0.0,0.0,0.0,0.0,6326.6,55.7,0.0
2050-01-08 15:00:00,2050-01-08 13:00:00,1556.8,4019.6,0.0,9.0,5585.4,1508.3,-1386.8,0.0,1386.8,0.0312,0.0407,upv,upv,0.0,0.0,0.0,0.0,0.0,0.0,0.0,0.0,0.0,0.0,0.0,0.0,0.0,0.0,0.0,0.0,0.0,0.0,143.5,2.7,0.27,17.0,1081.7,0.06,143.6,49.2,192.8,0.0,0.0,0.0,0.0,0.0,0.0,0.0,0.0,0.0,0.0,0.0,0.0,0.0,0.0,0.0,0.0,0.0,0.0,1165.1,1165.1,6972.2,6972.2,0.0,0.0,0.0,0.0,0.0,340.5,0.0,0.0,0.0,0.0,0.0,0.0,0.0,6563.7,68.0,0.0
2050-01-08 16:00:00,2050-01-08 14:00:00,1562.1,4019.6,0.0,10.1,5591.8,1513.3,-1557.2,0.0,1557.2,0.0312,0.0409,upv,upv,0.0,0.0,0.0,0.0,0.0,0.0,0.0,0.0,0.0,0.0,0.0,0.0,0.0,0.0,0.0,0.0,0.0,0.0,140.1,2.6,0.27,16.6,1056.5,0.06,140.3,48.1,188.3,0.0,0.0,0.0,0.0,0.0,0.0,0.0,0.0,0.0,0.0,0.0,0.0,0.0,0.0,0.0,0.0,0.0,0.0,1344.6,1344.6,7149.0,7149.0,0.0,0.0,0.0,0.0,0.0,355.7,0.0,0.0,0.0,0.0,0.0,0.0,0.0,6726.7,66.6,0.0
2050-01-08 17:00:00,2050-01-08 15:00:00,1569.5,2821.5,0.0,4.7,4395.7,1520.4,-720.3,0.0,720.3,0.0313,0.041,upv,upv,0.0,0.0,0.0,0.0,0.0,0.0,0.0,0.0,0.0,0.0,0.0,0.0,0.0,0.0,0.0,0.0,0.0,0.0,149.4,2.8,0.28,17.7,1126.5,0.07,149.6,51.2,200.8,0.0,0.0,0.0,0.0,0.0,0.0,0.0,0.0,0.0,0.0,0.0,0.0,0.0,0.0,0.0,0.0,0.0,0.0,2345.1,2345.1,5116.0,5116.0,0.0,0.0,0.0,0.0,0.0,312.2,0.0,0.0,0.0,0.0,0.0,0.0,0.0,4737.5,66.4,0.0
2050-01-08 18:00:00,2050-01-08 16:00:00,1644.2,0.0,0.0,5.1,1649.3,1592.0,-786.5,0.0,786.5,0.0318,0.043,hydro,gas-cc,0.0,0.0,0.0,0.0,0.0,0.0,0.0,0.0,0.0,0.0,0.0,0.0,0.0,0.0,0.0,0.0,0.0,0.0,150.1,2.8,0.28,17.7,1131.8,0.07,150.3,51.5,201.8,363.3,6.8,0.68,42.9,2741.4,0.16,363.7,124.6,488.3,30.52,0.0,0.0,30.52,31.9,0.0,0.0,31.9,0.0,0.0,0.0,2435.8,2435.8,0.0,0.0,0.0,0.0,0.0,99.2,0.0,0.0,0.0,0.0,0.0,0.0,0.0,2250.5,86.2,0.0
2050-01-08 19:00:00,2050-01-08 17:00:00,1752.6,0.0,0.0,2.2,1754.8,1695.6,1616.5,0.0,331.7,0.0325,0.0458,battery,gas-cc,0.0,0.0,0.0,0.0,0.0,0.0,0.0,0.0,0.0,0.0,0.0,0.0,0.0,0.0,0.0,0.0,0.0,0.0,152.3,2.9,0.29,18.0,1148.1,0.07,152.5,52.2,204.7,341.8,6.4,0.64,40.4,2579.5,0.15,342.2,117.3,459.5,36.9,0.0,0.0,36.9,38.68,0.0,0.0,38.68,0.0,0.0,0.0,2086.5,138.3,1948.2,0.0,0.0,0.0,0.0,0.0,0.0,0.0,0.0,0.0,0.0,0.0,0.0,0.0,138.3,0.0
2050-01-08 20:00:00,2050-01-08 18:00:00,1855.8,0.0,0.0,4.7,1860.5,1793.9,1702.5,0.0,729.4,0.0334,0.0485,battery,gas-cc,0.0,0.0,0.0,0.0,0.0,0.0,0.0,0.0,0.0,0.0,0.0,0.0,0.0,0.0,0.0,0.0,0.0,0.0,154.3,2.9,0.29,18.2,1163.2,0.07,154.5,52.9,207.4,422.9,8.0,0.8,50.0,3191.0,0.18,423.3,145.1,568.4,36.9,0.0,0.0,36.9,38.79,0.0,0.0,38.79,0.0,0.0,0.0,2589.9,158.0,2431.9,0.0,0.0,0.0,0.0,0.0,0.0,0.0,0.0,0.0,0.0,0.0,0.0,0.0,158.0,0.0
2050-01-08 21:00:00,2050-01-08 19:00:00,1857.9,0.0,0.0,0.0,1857.9,1795.9,1683.7,0.0,0.0,0.0334,0.0486,battery,gas-cc,0.0,0.0,0.0,0.0,0.0,0.0,0.0,0.0,0.0,0.0,0.0,0.0,0.0,0.0,0.0,0.0,0.0,0.0,151.3,2.9,0.29,17.9,1140.5,0.07,151.4,51.9,203.3,417.1,7.9,0.79,49.3,3147.5,0.18,417.5,143.1,560.7,36.9,0.0,0.0,36.9,38.79,0.0,0.0,38.79,0.0,0.0,0.0,1857.9,174.2,1683.7,0.0,0.0,0.0,0.0,0.0,0.0,0.0,0.0,0.0,0.0,0.0,0.0,0.0,174.2,0.0
2050-01-08 22:00:00,2050-01-08 20:00:00,1804.2,0.0,0.0,4.5,1808.7,1744.8,1672.9,0.0,694.1,0.0329,0.0472,battery,gas-cc,0.0,0.0,0.0,0.0,0.0,0.0,0.0,0.0,0.0,0.0,0.0,0.0,0.0,0.0,0.0,0.0,0.0,0.0,154.2,2.9,0.29,18.2,1162.2,0.07,154.3,52.9,207.2,422.3,8.0,0.8,49.9,3186.5,0.18,422.7,144.9,567.6,36.9,0.0,0.0,36.9,38.73,0.0,0.0,38.73,0.0,0.0,0.0,2502.8,135.8,2367.0,0.0,0.0,0.0,0.0,0.0,0.0,0.0,0.0,0.0,0.0,0.0,0.0,0.0,135.8,0.0
2050-01-08 23:00:00,2050-01-08 21:00:00,1736.8,0.0,0.0,0.3,1737.2,1680.5,1630.7,0.0,51.0,0.0324,0.0454,battery,gas-cc,0.0,0.0,0.0,0.0,0.0,0.0,0.0,0.0,0.0,0.0,0.0,0.0,0.0,0.0,0.0,0.0,0.0,0.0,156.7,3.0,0.3,18.5,1181.7,0.07,156.9,53.8,210.7,391.5,7.4,0.74,46.3,2954.6,0.17,392.0,134.3,526.3,36.9,0.0,0.0,36.9,38.66,0.0,0.0,38.66,0.0,0.0,0.0,1788.2,106.5,1681.7,0.0,0.0,0.0,0.0,0.0,0.0,0.0,0.0,0.0,0.0,0.0,0.0,0.0,106.5,0.0
2050-01-09 00:00:00,2050-01-08 22:00:00,1644.2,0.0,0.0,0.0,1644.2,1592.0,1571.6,0.0,0.0,0.0318,0.043,battery,gas-cc,0.0,0.0,0.0,0.0,0.0,0.0,0.0,0.0,0.0,0.0,0.0,0.0,0.0,0.0,0.0,0.0,0.0,0.0,191.9,3.6,0.36,22.7,1447.5,0.08,192.1,65.8,257.9,403.6,7.6,0.76,47.7,3045.7,0.17,404.0,138.5,542.5,35.05,0.0,0.0,35.05,36.62,0.0,0.0,36.62,0.0,0.0,0.0,1644.2,72.7,1571.6,0.0,0.0,0.0,0.0,0.0,0.0,0.0,0.0,0.0,0.0,0.0,0.0,0.0,72.7,0.0
2050-01-09 01:00:00,2050-01-08 23:00:00,1521.1,0.0,0.0,0.0,1521.1,1473.9,1485.8,0.0,0.0,0.031,0.0398,battery,gas-cc,0.0,0.0,0.0,0.0,0.0,0.0,0.0,0.0,0.0,0.0,0.0,0.0,0.0,0.0,0.0,0.0,0.0,0.0,193.4,3.6,0.37,22.9,1458.9,0.08,193.6,66.3,260.0,402.3,7.6,0.76,47.5,3035.5,0.17,402.7,138.0,540.7,35.05,0.0,0.0,35.05,36.5,0.0,0.0,36.5,0.0,0.0,0.0,1521.1,35.3,1485.8,0.0,0.0,0.0,0.0,0.0,0.0,0.0,0.0,0.0,0.0,0.0,0.0,0.0,35.3,0.0
2050-01-09 02:00:00,2050-01-09 00:00:00,1396.8,0.0,0.0,0.0,1396.8,1354.5,1379.2,0.0,0.0,0.0303,0.0365,battery,gas-cc,0.0,0.0,0.0,0.0,0.0,0.0,0.0,0.0,0.0,0.0,0.0,0.0,0.0,0.0,0.0,0.0,0.0,0.0,240.7,4.5,0.45,28.4,1816.2,0.1,241.0,82.6,323.6,400.9,7.6,0.76,47.4,3025.2,0.17,401.3,137.6,538.9,35.05,0.0,0.0,35.05,36.38,0.0,0.0,36.38,0.0,0.0,0.0,1396.8,17.6,1379.2,0.0,0.0,0.0,0.0,0.0,0.0,0.0,0.0,0.0,0.0,0.0,0.0,0.0,17.6,0.0
2050-01-09 03:00:00,2050-01-09 01:00:00,1334.7,0.0,0.0,0.0,1334.7,1294.6,1312.6,0.0,0.0,0.0301,0.0349,battery,gas-cc,0.0,0.0,0.0,0.0,0.0,0.0,0.0,0.0,0.0,0.0,0.0,0.0,0.0,0.0,0.0,0.0,0.0,0.0,251.4,4.7,0.47,29.7,1896.9,0.11,251.7,86.3,337.9,400.2,7.5,0.75,47.3,3020.1,0.17,400.7,137.3,538.0,35.05,0.0,0.0,35.05,36.32,0.0,0.0,36.32,0.0,0.0,0.0,1334.7,22.1,1312.6,0.0,0.0,0.0,0.0,0.0,0.0,0.0,0.0,0.0,0.0,0.0,0.0,0.0,22.1,0.0
2050-01-09 04:00:00,2050-01-09 02:00:00,1304.2,0.0,0.0,0.0,1304.2,1265.1,1269.7,0.0,0.0,0.03,0.0341,battery,gas-cc,0.0,0.0,0.0,0.0,0.0,0.0,0.0,0.0,0.0,0.0,0.0,0.0,0.0,0.0,0.0,0.0,0.0,0.0,182.7,3.4,0.35,21.6,1378.1,0.08,182.9,62.7,245.6,399.9,7.5,0.75,47.2,3017.6,0.17,400.3,137.2,537.5,35.05,0.0,0.0,35.05,36.29,0.0,0.0,36.29,0.0,0.0,0.0,1304.2,34.5,1269.7,0.0,0.0,0.0,0.0,0.0,0.0,0.0,0.0,0.0,0.0,0.0,0.0,0.0,34.5,0.0
2050-01-09 05:00:00,2050-01-09 03:00:00,1281.1,0.0,0.0,0.0,1281.1,1242.7,1239.0,0.0,4.1,0.0299,0.0335,battery,gas-cc,0.0,0.0,0.0,0.0,0.0,0.0,0.0,0.0,0.0,0.0,0.0,0.0,0.0,0.0,0.0,0.0,0.0,0.0,182.6,3.4,0.34,21.6,1376.7,0.08,182.7,62.6,245.4,389.7,7.3,0.73,46.0,2940.5,0.17,390.1,133.7,523.8,35.05,0.0,0.0,35.05,36.26,0.0,0.0,36.26,0.0,0.0,0.0,1285.2,42.1,1243.1,0.0,0.0,0.0,0.0,0.0,0.0,0.0,0.0,0.0,0.0,0.0,0.0,0.0,42.1,0.0
2050-01-09 06:00:00,2050-01-09 04:00:00,1304.2,0.0,0.0,0.0,1304.2,1265.1,1225.1,0.0,0.0,0.03,0.0341,battery,gas-cc,0.0,0.0,0.0,0.0,0.0,0.0,0.0,0.0,0.0,0.0,0.0,0.0,0.0,0.0,0.0,0.0,0.0,0.0,177.3,3.3,0.34,20.9,1336.9,0.08,177.5,60.8,238.3,399.9,7.5,0.75,47.2,3017.6,0.17,400.3,137.2,537.5,35.05,0.0,0.0,35.05,36.29,0.0,0.0,36.29,0.0,0.0,0.0,1304.2,79.2,1225.1,0.0,0.0,0.0,0.0,0.0,0.0,0.0,0.0,0.0,0.0,0.0,0.0,0.0,79.2,0.0
2050-01-09 07:00:00,2050-01-09 05:00:00,1394.7,0.0,0.0,0.0,1394.7,1352.4,1296.2,0.0,0.0,0.0303,0.0365,battery,gas-cc,0.0,0.0,0.0,0.0,0.0,0.0,0.0,0.0,0.0,0.0,0.0,0.0,0.0,0.0,0.0,0.0,0.0,0.0,149.7,2.8,0.28,17.7,1128.4,0.07,149.8,51.3,201.2,400.9,7.6,0.76,47.4,3025.1,0.17,401.3,137.5,538.9,35.05,0.0,0.0,35.05,36.37,0.0,0.0,36.37,0.0,0.0,0.0,1394.7,98.5,1296.2,0.0,0.0,0.0,0.0,0.0,0.0,0.0,0.0,0.0,0.0,0.0,0.0,0.0,98.5,0.0
2050-01-09 08:00:00,2050-01-09 06:00:00,1577.9,0.0,0.0,0.0,1577.9,1528.5,1483.0,0.0,0.0,0.0313,0.0413,battery,gas-cc,0.0,0.0,0.0,0.0,0.0,0.0,0.0,0.0,0.0,0.0,0.0,0.0,0.0,0.0,0.0,0.0,0.0,0.0,159.2,3.0,0.3,18.8,1200.0,0.07,159.3,54.6,213.9,402.9,7.6,0.76,47.6,3040.2,0.17,403.3,138.2,541.5,35.05,0.0,0.0,35.05,36.56,0.0,0.0,36.56,0.0,0.0,0.0,1577.9,94.9,1483.0,0.0,0.0,0.0,0.0,0.0,0.0,0.0,0.0,0.0,0.0,0.0,0.0,0.0,94.9,0.0
2050-01-09 09:00:00,2050-01-09 07:00:00,1736.8,0.0,0.0,5.0,1741.8,1680.5,-86.3,0.0,763.9,0.0324,0.0454,battery,gas-cc,0.0,0.0,0.0,0.0,0.0,0.0,0.0,0.0,0.0,0.0,0.0,0.0,0.0,0.0,0.0,0.0,0.0,0.0,147.6,2.8,0.28,17.4,1112.6,0.06,147.7,50.6,198.3,389.8,7.3,0.73,46.1,2941.7,0.17,390.2,133.8,524.0,35.05,0.0,0.0,35.05,36.72,0.0,0.0,36.72,0.0,0.0,0.0,2505.7,1828.1,677.6,0.0,0.0,0.0,0.0,72.5,0.0,0.0,0.0,0.0,0.0,0.0,0.0,1645.4,110.1,0.0
2050-01-09 10:00:00,2050-01-09 08:00:00,1840.0,2814.4,0.0,28.9,4683.3,1778.9,-2816.0,0.0,2816.0,0.0332,0.0481,battery,gas-cc,0.0,0.0,0.0,0.0,0.0,0.0,0.0,0.0,0.0,0.0,0.0,0.0,0.0,0.0,0.0,0.0,0.0,0.0,140.4,2.7,0.27,16.6,1058.8,0.06,140.6,48.2,188.8,320.0,6.0,0.6,37.8,2414.6,0.14,320.3,109.8,430.1,25.91,0.0,0.0,25.91,27.22,0.0,0.0,27.22,0.0,0.0,0.0,7499.3,7499.3,0.0,0.0,0.0,0.0,0.0,313.4,0.0,0.0,0.0,0.0,0.0,0.0,0.0,7114.9,71.0,0.0
2050-01-09 11:00:00,2050-01-09 09:00:00,1816.8,3393.8,0.0,28.9,5239.5,1756.8,-2816.0,0.0,2816.0,0.033,0.0475,battery,gas-cc,0.0,0.0,0.0,0.0,0.0,0.0,0.0,0.0,0.0,0.0,0.0,0.0,0.0,0.0,0.0,0.0,0.0,0.0,141.0,2.7,0.27,16.7,1063.0,0.06,141.1,48.4,189.5,319.8,6.0,0.6,37.8,2413.0,0.14,320.1,109.7,429.8,25.91,0.0,0.0,25.91,27.2,0.0,0.0,27.2,0.0,0.0,0.0,8055.5,8055.5,0.0,0.0,0.0,0.0,0.0,337.8,0.0,0.0,0.0,0.0,0.0,0.0,0.0,7664.2,53.5,0.0
2050-01-09 12:00:00,2050-01-09 10:00:00,1729.5,3553.6,0.0,27.9,5311.0,1673.5,-2753.7,0.0,2753.7,0.0324,0.0452,gas-cc,gas-cc,0.0,0.0,0.0,0.0,0.0,0.0,0.0,0.0,0.0,0.0,0.0,0.0,0.0,0.0,0.0,0.0,0.0,0.0,140.2,2.6,0.27,16.6,1057.0,0.06,140.4,48.1,188.4,401.2,7.6,0.76,47.4,3027.8,0.17,401.7,137.7,539.3,25.91,0.0,0.0,25.91,27.14,0.0,0.0,27.14,0.0,0.0,0.0,8064.7,8064.7,0.0,0.0,0.0,0.0,0.0,337.4,0.0,0.0,0.0,0.0,0.0,0.0,0.0,7657.8,69.5,0.0
2050-01-09 13:00:00,2050-01-09 11:00:00,1644.2,3372.6,0.0,28.9,5045.7,1592.0,-2816.0,0.0,2816.0,0.0318,0.043,battery,gas-cc,0.0,0.0,0.0,0.0,0.0,0.0,0.0,0.0,0.0,0.0,0.0,0.0,0.0,0.0,0.0,0.0,0.0,0.0,139.9,2.6,0.26,16.5,1054.9,0.06,140.1,48.0,188.1,318.3,6.0,0.6,37.6,2401.7,0.14,318.6,109.2,427.8,25.91,0.0,0.0,25.91,27.07,0.0,0.0,27.07,0.0,0.0,0.0,7861.7,7861.7,0.0,0.0,0.0,0.0,0.0,328.6,0.0,0.0,0.0,0.0,0.0,0.0,0.0,7457.4,75.7,0.0
2050-01-09 14:00:00,2050-01-09 12:00:00,1608.4,3355.0,0.0,28.9,4992.3,1557.7,-2816.0,0.0,2816.0,0.0315,0.0421,battery,gas-cc,0.0,0.0,0.0,0.0,0.0,0.0,0.0,0.0,0.0,0.0,0.0,0.0,0.0,0.0,0.0,0.0,0.0,0.0,145.3,2.7,0.27,17.2,1095.1,0.06,145.4,49.8,195.2,318.0,6.0,0.6,37.6,2399.3,0.14,318.3,109.1,427.4,25.91,0.0,0.0,25.91,27.05,0.0,0.0,27.05,0.0,0.0,0.0,7808.3,7808.3,0.0,0.0,0.0,0.0,0.0,326.6,0.0,0.0,0.0,0.0,0.0,0.0,0.0,7412.2,69.5,0.0
2050-01-09 15:00:00,2050-01-09 13:00:00,1592.6,3441.4,0.0,28.9,5063.0,1542.6,-2816.0,0.0,2816.0,0.0314,0.0416,battery,gas-cc,0.0,0.0,0.0,0.0,0.0,0.0,0.0,0.0,0.0,0.0,0.0,0.0,0.0,0.0,0.0,0.0,0.0,0.0,140.6,2.7,0.27,16.6,1060.2,0.06,140.8,48.2,189.0,317.8,6.0,0.6,37.5,2398.3,0.14,318.2,109.0,427.2,25.91,0.0,0.0,25.91,27.03,0.0,0.0,27.03,0.0,0.0,0.0,7879.0,7879.0,0.0,0.0,0.0,0.0,0.0,329.7,0.0,0.0,0.0,0.0,0.0,0.0,0.0,7483.3,66.0,0.0
2050-01-09 16:00:00,2050-01-09 14:00:00,1558.9,3976.5,0.0,28.8,5564.2,1510.3,-2808.2,0.0,2808.2,0.0312,0.0408,battery,gas-cc,0.0,0.0,0.0,0.0,0.0,0.0,0.0,0.0,0.0,0.0,0.0,0.0,0.0,0.0,0.0,0.0,0.0,0.0,140.8,2.7,0.27,16.6,1061.5,0.06,141.0,48.3,189.2,399.4,7.5,0.75,47.2,3013.8,0.17,399.8,137.0,536.8,25.91,0.0,0.0,25.91,27.01,0.0,0.0,27.01,0.0,0.0,0.0,8372.4,8372.4,0.0,0.0,0.0,0.0,0.0,350.8,0.0,0.0,0.0,0.0,0.0,0.0,0.0,7961.5,60.2,0.0
2050-01-09 17:00:00,2050-01-09 15:00:00,1587.4,3217.7,0.0,28.9,4834.0,1537.6,-2816.0,0.0,2816.0,0.0314,0.0415,battery,gas-cc,0.0,0.0,0.0,0.0,0.0,0.0,0.0,0.0,0.0,0.0,0.0,0.0,0.0,0.0,0.0,0.0,0.0,0.0,139.9,2.6,0.26,16.5,1054.5,0.06,140.0,48.0,188.0,317.8,6.0,0.6,37.5,2397.9,0.14,318.1,109.0,427.1,25.91,0.0,0.0,25.91,27.03,0.0,0.0,27.03,0.0,0.0,0.0,7650.0,7650.0,0.0,0.0,0.0,0.0,0.0,320.3,0.0,0.0,0.0,0.0,0.0,0.0,0.0,7270.0,59.7,0.0
2050-01-09 18:00:00,2050-01-09 16:00:00,1656.8,0.0,0.0,13.8,1670.6,1604.1,-803.6,0.0,1582.9,0.0318,0.0433,battery,gas-cc,0.0,0.0,0.0,0.0,0.0,0.0,0.0,0.0,0.0,0.0,0.0,0.0,0.0,0.0,0.0,0.0,0.0,0.0,186.3,3.5,0.35,22.0,1405.0,0.08,186.5,63.9,250.4,443.3,8.4,0.84,52.4,3345.4,0.19,443.8,152.1,595.9,38.05,0.0,0.0,38.05,39.77,0.0,0.0,39.77,0.0,0.0,0.0,3253.6,2474.3,779.3,0.0,0.0,0.0,0.0,102.0,0.0,0.0,0.0,0.0,0.0,0.0,0.0,2316.7,55.5,0.0
2050-01-09 19:00:00,2050-01-09 17:00:00,1814.7,0.0,0.0,8.8,1823.6,1754.8,1737.7,0.0,570.7,0.033,0.0475,battery,gas-cc,0.0,0.0,0.0,0.0,0.0,0.0,0.0,0.0,0.0,0.0,0.0,0.0,0.0,0.0,0.0,0.0,0.0,0.0,154.8,2.9,0.29,18.3,1167.2,0.07,155.0,53.1,208.1,445.3,8.4,0.84,52.6,3359.9,0.19,445.7,152.8,598.5,38.05,0.0,0.0,38.05,39.95,0.0,0.0,39.95,0.0,0.0,0.0,2394.3,85.9,2308.4,0.0,0.0,0.0,0.0,0.0,0.0,0.0,0.0,0.0,0.0,0.0,0.0,0.0,85.9,0.0
2050-01-09 20:00:00,2050-01-09 18:00:00,1980.0,0.0,0.0,4.6,1984.6,1911.9,1905.1,0.0,298.1,0.0344,0.0518,battery,gas-cc,0.0,0.0,0.0,0.0,0.0,0.0,0.0,0.0,0.0,0.0,0.0,0.0,0.0,0.0,0.0,0.0,0.0,0.0,154.6,2.9,0.29,18.3,1165.7,0.07,154.8,53.0,207.8,447.3,8.4,0.84,52.8,3375.2,0.19,447.8,153.5,601.2,38.05,0.0,0.0,38.05,40.13,0.0,0.0,40.13,0.0,0.0,0.0,2282.8,79.5,2203.3,0.0,0.0,0.0,0.0,0.0,0.0,0.0,0.0,0.0,0.0,0.0,0.0,0.0,79.5,0.0
2050-01-09 21:00:00,2050-01-09 19:00:00,1982.1,0.0,0.0,2.5,1984.6,1913.9,1934.1,0.0,385.7,0.0344,0.0518,battery,gas-cc,0.0,0.0,0.0,0.0,0.0,0.0,0.0,0.0,0.0,0.0,0.0,0.0,0.0,0.0,0.0,0.0,0.0,0.0,153.9,2.9,0.29,18.2,1160.2,0.07,154.1,52.8,206.8,426.7,8.0,0.8,50.4,3220.2,0.18,427.2,146.4,573.6,38.05,0.0,0.0,38.05,40.13,0.0,0.0,40.13,0.0,0.0,0.0,2370.3,50.5,2319.7,0.0,0.0,0.0,0.0,0.0,0.0,0.0,0.0,0.0,0.0,0.0,0.0,0.0,50.5,0.0
2050-01-09 22:00:00,2050-01-09 20:00:00,1902.1,0.0,0.0,6.2,1908.3,1837.9,1871.9,0.0,949.6,0.0337,0.0497,battery,gas-cc,0.0,0.0,0.0,0.0,0.0,0.0,0.0,0.0,0.0,0.0,0.0,0.0,0.0,0.0,0.0,0.0,0.0,0.0,154.0,2.9,0.29,18.2,1161.0,0.07,154.2,52.8,207.0,429.5,8.1,0.81,50.7,3240.9,0.19,429.9,147.4,577.3,38.05,0.0,0.0,38.05,40.04,0.0,0.0,40.04,0.0,0.0,0.0,2857.9,36.4,2821.5,0.0,0.0,0.0,0.0,0.0,0.0,0.0,0.0,0.0,0.0,0.0,0.0,0.0,36.4,0.0
2050-01-09 23:00:00,2050-01-09 21:00:00,1827.4,0.0,0.0,6.5,1833.9,1766.8,1822.8,0.0,998.8,0.0331,0.0478,battery,gas-cc,0.0,0.0,0.0,0.0,0.0,0.0,0.0,0.0,0.0,0.0,0.0,0.0,0.0,0.0,0.0,0.0,0.0,0.0,153.9,2.9,0.29,18.2,1160.0,0.07,154.0,52.8,206.8,428.6,8.1,0.81,50.6,3234.2,0.19,429.1,147.1,576.1,38.05,0.0,0.0,38.05,39.96,0.0,0.0,39.96,0.0,0.0,0.0,2832.6,11.1,2821.5,0.0,0.0,0.0,0.0,0.0,0.0,0.0,0.0,0.0,0.0,0.0,0.0,0.0,11.1,0.0
2050-01-10 00:00:00,2050-01-09 22:00:00,1698.9,0.0,0.0,9.7,1708.7,1644.3,1703.8,0.0,1498.4,0.0321,0.0444,battery,gas-cc,90.3,1.7,0.17,10.7,681.4,0.04,90.4,31.0,121.4,93.3,1.8,0.18,11.0,704.1,0.04,93.4,32.0,125.4,168.4,3.2,0.32,19.9,1269.6,0.07,168.6,57.7,226.3,427.1,8.0,0.8,50.5,3222.8,0.19,427.5,146.5,574.1,37.92,0.0,0.0,37.92,39.68,0.0,0.0,39.68,0.0,0.0,0.0,3207.1,4.9,2403.1,0.0,0.0,0.0,0.0,0.0,799.1,0.0,0.0,0.0,0.0,0.0,0.0,0.0,4.9,0.0
2050-01-10 01:00:00,2050-01-09 23:00:00,1567.4,0.0,0.0,5.4,1572.7,1518.4,1567.0,0.0,827.1,0.0313,0.041,battery,gas-cc,120.7,2.3,0.23,14.3,910.7,0.05,120.8,41.4,162.2,124.6,2.3,0.23,14.7,940.1,0.05,124.7,42.8,167.5,163.0,3.1,0.31,19.3,1229.3,0.07,163.2,55.9,219.1,425.6,8.0,0.8,50.3,3211.3,0.18,426.0,146.0,572.0,37.92,0.0,0.0,37.92,39.54,0.0,0.0,39.54,0.0,0.0,0.0,2399.8,5.7,1594.9,0.0,0.0,0.0,0.0,0.0,799.1,0.0,0.0,0.0,0.0,0.0,0.0,0.0,5.7,0.0
2050-01-10 02:00:00,2050-01-10 00:00:00,1464.2,0.0,0.0,3.0,1467.2,1419.3,1455.8,0.0,454.3,0.0307,0.0383,battery,gas-cc,150.7,2.8,0.28,17.8,1137.4,0.07,150.9,51.7,202.6,155.5,2.9,0.29,18.4,1173.4,0.07,155.7,53.4,209.0,183.3,3.5,0.35,21.7,1382.6,0.08,183.5,62.9,246.4,424.4,8.0,0.8,50.1,3202.3,0.18,424.8,145.6,570.4,37.92,0.0,0.0,37.92,39.43,0.0,0.0,39.43,0.0,0.0,0.0,1921.4,11.4,1110.9,0.0,0.0,0.0,0.0,0.0,799.1,0.0,0.0,0.0,0.0,0.0,0.0,0.0,11.4,0.0
2050-01-10 03:00:00,2050-01-10 01:00:00,1391.6,0.0,0.0,4.0,1395.6,1349.4,1385.0,0.0,614.4,0.0303,0.0364,battery,gas-cc,144.1,2.7,0.27,17.0,1087.3,0.06,144.2,49.4,193.7,148.6,2.8,0.28,17.6,1121.3,0.06,148.8,51.0,199.7,165.4,3.1,0.31,19.5,1246.8,0.07,165.5,56.7,222.2,423.5,8.0,0.8,50.0,3196.0,0.18,424.0,145.3,569.3,37.92,0.0,0.0,37.92,39.35,0.0,0.0,39.35,0.0,0.0,0.0,2010.0,10.6,1200.3,0.0,0.0,0.0,0.0,0.0,799.1,0.0,0.0,0.0,0.0,0.0,0.0,0.0,10.6,0.0
2050-01-10 04:00:00,2050-01-10 02:00:00,1348.4,0.0,0.0,0.6,1349.0,1307.8,1336.9,0.0,95.0,0.0301,0.0353,battery,gas-cc,200.6,3.8,0.38,23.7,1513.5,0.09,200.8,68.8,269.6,206.8,3.9,0.39,24.4,1560.5,0.09,207.0,71.0,278.0,151.5,2.9,0.29,17.9,1142.2,0.07,151.7,52.0,203.6,423.0,8.0,0.8,50.0,3192.2,0.18,423.5,145.2,568.6,37.92,0.0,0.0,37.92,39.3,0.0,0.0,39.3,0.0,0.0,0.0,1444.0,12.1,632.8,0.0,0.0,0.0,0.0,0.0,799.1,0.0,0.0,0.0,0.0,0.0,0.0,0.0,12.1,0.0
2050-01-10 05:00:00,2050-01-10 03:00:00,1327.4,0.0,0.0,0.2,1327.6,1287.5,1311.3,0.0,28.7,0.0301,0.0347,battery,gas-cc,213.5,4.0,0.4,25.2,1611.4,0.09,213.8,73.3,287.0,220.2,4.1,0.41,26.0,1661.3,0.1,220.4,75.5,295.9,154.6,2.9,0.29,18.3,1165.4,0.07,154.8,53.0,207.8,422.8,8.0,0.8,49.9,3190.4,0.18,423.2,145.1,568.3,37.92,0.0,0.0,37.92,39.28,0.0,0.0,39.28,0.0,0.0,0.0,1356.2,16.3,540.8,0.0,0.0,0.0,0.0,0.0,799.1,0.0,0.0,0.0,0.0,0.0,0.0,0.0,16.3,0.0
2050-01-10 06:00:00,2050-01-10 04:00:00,1350.5,0.0,0.0,4.6,1355.1,1309.8,1334.5,0.0,710.9,0.0301,0.0353,battery,gas-cc,92.2,1.7,0.17,10.9,695.6,0.04,92.3,31.6,123.9,95.0,1.8,0.18,11.2,717.3,0.04,95.1,32.6,127.8,169.8,3.2,0.32,20.1,1279.9,0.07,169.9,58.2,228.2,423.0,8.0,0.8,50.0,3192.4,0.18,423.5,145.2,568.7,37.92,0.0,0.0,37.92,39.31,0.0,0.0,39.31,0.0,0.0,0.0,2066.1,20.7,1519.9,0.0,0.0,0.0,0.0,0.0,525.5,0.0,0.0,0.0,0.0,0.0,0.0,0.0,20.7,0.0
2050-01-10 07:00:00,2050-01-10 05:00:00,1451.6,0.0,0.0,9.5,1461.0,1407.2,1438.6,0.0,1453.9,0.0306,0.038,battery,gas-cc,65.3,1.2,0.12,7.7,493.1,0.03,65.4,22.4,87.8,67.4,1.3,0.13,8.0,508.6,0.03,67.5,23.1,90.6,165.6,3.1,0.31,19.6,1248.4,0.07,165.8,56.8,222.5,424.2,8.0,0.8,50.1,3201.2,0.18,424.7,145.6,570.2,37.92,0.0,0.0,37.92,39.41,0.0,0.0,39.41,0.0,0.0,0.0,2914.9,22.4,2367.0,0.0,0.0,0.0,0.0,0.0,525.5,0.0,0.0,0.0,0.0,0.0,0.0,0.0,22.4,0.0
2050-01-10 08:00:00,2050-01-10 06:00:00,1597.9,0.0,0.0,5.3,1603.2,1547.6,1580.2,0.0,813.4,0.0314,0.0418,battery,gas-cc,78.8,1.5,0.15,9.3,594.7,0.03,78.9,27.0,105.9,81.4,1.5,0.15,9.6,614.1,0.04,81.5,27.9,109.4,173.1,3.3,0.33,20.5,1305.4,0.08,173.3,59.4,232.7,425.9,8.0,0.8,50.3,3214.0,0.18,426.4,146.1,572.5,37.92,0.0,0.0,37.92,39.57,0.0,0.0,39.57,0.0,0.0,0.0,2416.5,23.0,1868.0,0.0,0.0,0.0,0.0,0.0,525.5,0.0,0.0,0.0,0.0,0.0,0.0,0.0,23.0,0.0
2050-01-10 09:00:00,2050-01-10 07:00:00,1747.4,0.0,0.0,4.6,1751.9,1690.6,-177.1,0.0,702.7,0.0325,0.0457,battery,gas-cc,77.6,1.5,0.15,9.2,585.5,0.03,77.7,26.6,104.3,80.2,1.5,0.15,9.5,605.2,0.03,80.3,27.5,107.8,174.8,3.3,0.33,20.7,1318.2,0.08,175.0,60.0,234.9,456.6,8.6,0.86,53.9,3445.9,0.2,457.1,156.7,613.8,36.9,0.0,0.0,36.9,38.67,0.0,0.0,38.67,0.0,0.0,0.0,2454.6,1929.1,0.0,0.0,0.0,0.0,0.0,80.4,525.5,0.0,0.0,0.0,0.0,0.0,0.0,1824.0,24.7,0.0
2050-01-10 10:00:00,2050-01-10 08:00:00,1855.8,2833.7,0.0,28.9,4718.4,1793.9,-2816.0,0.0,2816.0,0.0334,0.0485,battery,distpv,0.0,0.0,0.0,0.0,0.0,0.0,0.0,0.0,0.0,0.0,0.0,0.0,0.0,0.0,0.0,0.0,0.0,0.0,152.1,2.9,0.29,18.0,1146.7,0.07,152.3,52.2,204.4,0.0,0.0,0.0,0.0,0.0,0.0,0.0,0.0,0.0,13.47,0.0,0.0,13.47,14.16,0.0,0.0,14.16,0.0,0.0,0.0,7534.4,7534.4,0.0,0.0,0.0,0.0,0.0,316.9,0.0,0.0,0.0,0.0,0.0,0.0,0.0,7192.5,25.1,0.0
2050-01-10 11:00:00,2050-01-10 09:00:00,1832.6,3973.9,0.0,28.9,5835.4,1771.9,-2816.0,0.0,2816.0,0.0332,0.0479,battery,distpv,0.0,0.0,0.0,0.0,0.0,0.0,0.0,0.0,0.0,0.0,0.0,0.0,0.0,0.0,0.0,0.0,0.0,0.0,140.5,2.7,0.27,16.6,1059.1,0.06,140.6,48.2,188.8,0.0,0.0,0.0,0.0,0.0,0.0,0.0,0.0,0.0,13.47,0.0,0.0,13.47,14.15,0.0,0.0,14.15,0.0,0.0,0.0,8651.5,8651.5,0.0,0.0,0.0,0.0,0.0,364.1,0.0,0.0,0.0,0.0,0.0,0.0,0.0,8265.2,22.1,0.0
2050-01-10 12:00:00,2050-01-10 10:00:00,1734.7,3453.2,0.0,28.9,5216.9,1678.5,-2816.0,0.0,2816.0,0.0324,0.0454,battery,distpv,0.0,0.0,0.0,0.0,0.0,0.0,0.0,0.0,0.0,0.0,0.0,0.0,0.0,0.0,0.0,0.0,0.0,0.0,147.3,2.8,0.28,17.4,1110.6,0.06,147.5,50.5,198.0,0.0,0.0,0.0,0.0,0.0,0.0,0.0,0.0,0.0,13.47,0.0,0.0,13.47,14.11,0.0,0.0,14.11,0.0,0.0,0.0,8032.9,8032.9,0.0,0.0,0.0,0.0,0.0,338.3,0.0,0.0,0.0,0.0,0.0,0.0,0.0,7677.1,17.4,0.0
2050-01-10 13:00:00,2050-01-10 11:00:00,1642.1,3020.8,0.0,28.9,4691.8,1590.0,-2816.0,0.0,2816.0,0.0317,0.0429,battery,distpv,0.0,0.0,0.0,0.0,0.0,0.0,0.0,0.0,0.0,0.0,0.0,0.0,0.0,0.0,0.0,0.0,0.0,0.0,141.0,2.7,0.27,16.7,1063.3,0.06,141.2,48.4,189.6,0.0,0.0,0.0,0.0,0.0,0.0,0.0,0.0,0.0,13.47,0.0,0.0,13.47,14.08,0.0,0.0,14.08,0.0,0.0,0.0,7507.8,7507.8,0.0,0.0,0.0,0.0,0.0,316.3,0.0,0.0,0.0,0.0,0.0,0.0,0.0,7179.5,12.0,0.0
2050-01-10 14:00:00,2050-01-10 12:00:00,1603.2,2845.7,0.0,28.9,4477.7,1552.7,-2815.0,0.0,2815.0,0.0315,0.0419,phs,gas-cc,0.0,0.0,0.0,0.0,0.0,0.0,0.0,0.0,0.0,0.0,0.0,0.0,0.0,0.0,0.0,0.0,0.0,0.0,145.6,2.7,0.28,17.2,1097.7,0.06,145.8,49.9,195.7,363.0,6.8,0.68,42.9,2739.2,0.16,363.4,124.6,487.9,13.47,0.0,0.0,13.47,14.06,0.0,0.0,14.06,0.0,0.0,0.0,7292.7,7292.7,0.0,0.0,0.0,0.0,0.0,307.5,0.0,0.0,0.0,0.0,0.0,0.0,0.0,6979.2,6.0,0.0
2050-01-10 15:00:00,2050-01-10 13:00:00,1572.6,3940.6,0.0,17.8,5531.0,1523.4,-2102.0,0.0,2102.0,0.0313,0.0411,phs,gas-cc,0.0,0.0,0.0,0.0,0.0,0.0,0.0,0.0,0.0,0.0,0.0,0.0,0.0,0.0,0.0,0.0,0.0,0.0,139.9,2.6,0.26,16.5,1054.4,0.06,140.0,48.0,188.0,362.7,6.8,0.68,42.8,2736.9,0.16,363.1,124.4,487.5,13.47,0.0,0.0,13.47,14.05,0.0,0.0,14.05,0.0,0.0,0.0,7633.0,7633.0,0.0,0.0,0.0,0.0,0.0,322.1,0.0,0.0,0.0,0.0,0.0,0.0,0.0,7308.8,2.1,0.0
2050-01-10 16:00:00,2050-01-10 14:00:00,1549.5,3981.3,0.0,26.1,5556.8,1501.2,-2634.4,0.0,2634.4,0.0311,0.0405,upv,upv,0.0,0.0,0.0,0.0,0.0,0.0,0.0,0.0,0.0,0.0,0.0,0.0,0.0,0.0,0.0,0.0,0.0,0.0,139.8,2.6,0.26,16.5,1054.2,0.06,140.0,48.0,187.9,0.0,0.0,0.0,0.0,0.0,0.0,0.0,0.0,0.0,13.47,0.0,0.0,13.47,14.04,0.0,0.0,14.04,0.0,0.0,0.0,8191.2,8191.2,0.0,0.0,0.0,0.0,0.0,345.7,0.0,0.0,0.0,0.0,0.0,0.0,0.0,7845.2,0.3,0.0
2050-01-10 17:00:00,2050-01-10 15:00:00,1582.1,3075.9,0.0,28.9,4686.9,1532.5,-2816.0,0.0,2816.0,0.0313,0.0414,battery,distpv,0.0,0.0,0.0,0.0,0.0,0.0,0.0,0.0,0.0,0.0,0.0,0.0,0.0,0.0,0.0,0.0,0.0,0.0,141.0,2.7,0.27,16.7,1063.1,0.06,141.2,48.4,189.5,0.0,0.0,0.0,0.0,0.0,0.0,0.0,0.0,0.0,13.47,0.0,0.0,13.47,14.06,0.0,0.0,14.06,0.0,0.0,0.0,7502.9,7502.9,0.0,0.0,0.0,0.0,0.0,316.7,0.0,0.0,0.0,0.0,0.0,0.0,0.0,7186.0,0.2,0.0
2050-01-10 18:00:00,2050-01-10 16:00:00,1654.7,0.0,0.0,9.0,1663.7,1602.1,-853.7,0.0,1379.3,0.0318,0.0433,battery,gas-cc,62.6,1.2,0.12,7.4,472.3,0.03,62.7,21.5,84.1,64.6,1.2,0.12,7.6,487.8,0.03,64.7,22.2,86.9,162.3,3.1,0.31,19.2,1224.2,0.07,162.5,55.7,218.2,420.5,7.9,0.79,49.7,3173.5,0.18,421.0,144.3,565.3,36.9,0.0,0.0,36.9,38.57,0.0,0.0,38.57,0.0,0.0,0.0,3043.0,2517.4,0.0,0.0,0.0,0.0,0.0,106.2,525.5,0.0,0.0,0.0,0.0,0.0,0.0,2410.4,0.8,0.0
2050-01-10 19:00:00,2050-01-10 17:00:00,1806.3,0.0,0.0,1.8,1808.1,1746.8,1806.9,0.0,277.2,0.033,0.0472,battery,gas-cc,91.3,1.7,0.17,10.8,689.2,0.04,91.4,31.3,122.8,94.4,1.8,0.18,11.2,712.7,0.04,94.5,32.4,127.0,160.3,3.0,0.3,18.9,1208.5,0.07,160.5,55.0,215.4,424.7,8.0,0.8,50.2,3204.7,0.18,425.1,145.7,570.8,36.9,0.0,0.0,36.9,38.73,0.0,0.0,38.73,0.0,0.0,0.0,2085.4,1.2,1558.6,0.0,0.0,0.0,0.0,0.0,525.5,0.0,0.0,0.0,0.0,0.0,0.0,0.0,1.2,0.0
2050-01-10 20:00:00,2050-01-10 18:00:00,1958.9,0.0,0.0,0.0,1958.9,1891.9,1957.7,0.0,0.0,0.0342,0.0512,battery,gas-cc,97.2,1.8,0.18,11.5,733.7,0.04,97.3,33.4,130.7,100.7,1.9,0.19,11.9,759.7,0.04,100.8,34.6,135.3,162.2,3.1,0.31,19.2,1222.5,0.07,162.3,55.6,217.9,418.3,7.9,0.79,49.4,3156.2,0.18,418.7,143.5,562.2,36.9,0.0,0.0,36.9,38.9,0.0,0.0,38.9,0.0,0.0,0.0,1958.9,1.2,1432.2,0.0,0.0,0.0,0.0,0.0,525.5,0.0,0.0,0.0,0.0,0.0,0.0,0.0,1.2,0.0
2050-01-10 21:00:00,2050-01-10 19:00:00,1955.8,0.0,0.0,3.1,1958.9,1888.9,1958.1,0.0,481.8,0.0342,0.0511,battery,gas-cc,78.0,1.5,0.15,9.2,588.9,0.03,78.1,26.8,104.9,80.8,1.5,0.15,9.6,609.7,0.04,80.9,27.7,108.6,169.5,3.2,0.32,20.0,1277.9,0.07,169.7,58.1,227.8,426.4,8.0,0.8,50.4,3217.9,0.18,426.9,146.3,573.2,36.9,0.0,0.0,36.9,38.89,0.0,0.0,38.89,0.0,0.0,0.0,2440.7,0.8,1914.3,0.0,0.0,0.0,0.0,0.0,525.5,0.0,0.0,0.0,0.0,0.0,0.0,0.0,0.8,0.0
2050-01-10 22:00:00,2050-01-10 20:00:00,1881.1,0.0,0.0,0.0,1881.1,1817.9,1880.6,0.0,0.0,0.0336,0.0492,battery,gas-cc,101.2,1.9,0.19,12.0,764.0,0.04,101.4,34.7,136.1,104.8,2.0,0.2,12.4,790.6,0.05,104.9,36.0,140.8,248.9,5.1,0.58,29.7,1774.6,0.14,249.2,82.6,331.8,417.4,7.9,0.79,49.3,3149.5,0.18,417.8,143.2,561.0,36.9,0.0,0.0,36.9,38.81,0.0,0.0,38.81,0.0,0.0,0.0,1881.1,0.4,1355.1,0.0,0.0,0.0,0.0,0.0,525.5,0.0,0.0,0.0,0.0,0.0,0.0,0.0,0.4,0.0
2050-01-10 23:00:00,2050-01-10 21:00:00,1816.8,0.0,0.0,0.0,1816.8,1756.8,1816.1,0.0,0.0,0.033,0.0475,battery,gas-cc,104.8,2.0,0.2,12.4,791.0,0.05,104.9,36.0,140.9,108.4,2.0,0.2,12.8,818.1,0.05,108.5,37.2,145.7,162.2,3.1,0.31,19.2,1222.9,0.07,162.4,55.6,218.0,416.6,7.9,0.79,49.2,3143.9,0.18,417.1,143.0,560.0,36.9,0.0,0.0,36.9,38.74,0.0,0.0,38.74,0.0,0.0,0.0,1816.8,0.8,1290.5,0.0,0.0,0.0,0.0,0.0,525.5,0.0,0.0,0.0,0.0,0.0,0.0,0.0,0.8,0.0
2050-01-11 00:00:00,2050-01-10 22:00:00,1704.2,0.0,0.0,0.0,1704.2,1649.4,1703.0,0.0,0.0,0.0322,0.0446,gas-cc,gas-cc,1.2,0.0,0.0,0.1,9.1,0.0,1.2,0.4,1.6,1.2,0.0,0.0,0.2,9.4,0.0,1.2,0.4,1.7,223.1,4.2,0.42,26.4,1682.9,0.1,223.3,76.5,299.9,379.3,7.1,0.71,44.8,2862.3,0.16,379.7,130.1,509.9,33.36,0.0,0.0,33.36,34.91,0.0,0.0,34.91,0.0,0.0,0.0,1704.2,1.2,1697.4,0.0,0.0,0.0,0.0,0.0,5.7,0.0,0.0,0.0,0.0,0.0,0.0,0.0,1.2,0.0
2050-01-11 01:00:00,2050-01-10 23:00:00,1577.9,0.0,0.0,0.0,1577.9,1528.5,1576.7,0.0,0.0,0.0313,0.0413,gas-cc,gas-cc,44.1,0.8,0.08,5.2,333.1,0.02,44.2,15.1,59.3,45.6,0.9,0.09,5.4,343.9,0.02,45.6,15.6,61.3,194.8,3.7,0.37,23.0,1469.0,0.08,195.0,66.8,261.8,378.0,7.1,0.71,44.7,2852.4,0.16,378.4,129.7,508.1,33.36,0.0,0.0,33.36,34.79,0.0,0.0,34.79,0.0,0.0,0.0,1577.9,1.2,1384.5,0.0,0.0,0.0,0.0,0.0,192.2,0.0,0.0,0.0,0.0,0.0,0.0,0.0,1.2,0.0
2050-01-11 02:00:00,2050-01-11 00:00:00,1443.2,0.0,0.0,0.0,1443.2,1399.1,1441.7,0.0,0.0,0.0306,0.0377,gas-cc,gas-cc,48.3,0.9,0.09,5.7,364.2,0.02,48.3,16.6,64.9,49.8,0.9,0.09,5.9,375.7,0.02,49.8,17.1,66.9,275.3,5.2,0.52,32.5,2077.1,0.12,275.6,94.4,370.0,376.6,7.1,0.71,44.5,2842.0,0.16,377.0,129.2,506.2,33.36,0.0,0.0,33.36,34.66,0.0,0.0,34.66,0.0,0.0,0.0,1443.2,1.4,1249.5,0.0,0.0,0.0,0.0,0.0,192.2,0.0,0.0,0.0,0.0,0.0,0.0,0.0,1.4,0.0
2050-01-11 03:00:00,2050-01-11 01:00:00,1373.7,0.0,0.0,0.0,1373.7,1332.2,1371.2,0.0,0.0,0.0302,0.0359,gas-cc,gas-cc,52.8,1.0,0.1,6.2,398.8,0.02,52.9,18.1,71.0,54.5,1.0,0.1,6.4,411.2,0.02,54.6,18.7,73.3,174.8,3.3,0.33,20.6,1317.8,0.08,174.9,59.9,234.9,375.9,7.1,0.71,44.4,2836.6,0.16,376.3,129.0,505.3,33.36,0.0,0.0,33.36,34.6,0.0,0.0,34.6,0.0,0.0,0.0,1373.7,2.5,1170.9,0.0,0.0,0.0,0.0,0.0,200.3,0.0,0.0,0.0,0.0,0.0,0.0,0.0,2.5,0.0
2050-01-11 04:00:00,2050-01-11 02:00:00,1332.6,0.0,0.0,2.5,1335.1,1292.6,1331.7,159.7,0.0,0.0301,0.0348,battery,gas-cc,0.0,0.0,0.0,0.0,0.0,0.0,0.0,0.0,0.0,0.0,0.0,0.0,0.0,0.0,0.0,0.0,0.0,0.0,223.5,4.2,0.42,26.4,1685.7,0.1,223.7,76.7,300.4,375.5,7.1,0.71,44.4,2833.5,0.16,375.9,128.8,504.7,33.36,0.0,0.0,33.36,34.56,0.0,0.0,34.56,0.0,0.0,0.0,1175.4,3.4,1172.0,0.0,0.0,0.0,0.0,0.0,0.0,0.0,0.0,0.0,0.0,0.0,0.0,0.0,3.4,0.0
2050-01-11 05:00:00,2050-01-11 03:00:00,1322.1,0.0,0.0,0.0,1322.1,1282.4,1317.6,0.0,0.0,0.03,0.0346,gas-cc,gas-cc,40.7,0.8,0.08,4.8,307.4,0.02,40.8,14.0,54.8,42.0,0.8,0.08,5.0,317.0,0.02,42.0,14.4,56.5,270.1,5.1,0.51,31.9,2037.4,0.12,270.3,92.6,363.0,375.4,7.1,0.71,44.3,2832.7,0.16,375.8,128.8,504.6,33.36,0.0,0.0,33.36,34.55,0.0,0.0,34.55,0.0,0.0,0.0,1322.1,4.5,1168.9,0.0,0.0,0.0,0.0,0.0,148.6,0.0,0.0,0.0,0.0,0.0,0.0,0.0,4.5,0.0
2050-01-11 06:00:00,2050-01-11 04:00:00,1345.3,0.0,0.0,0.0,1345.3,1304.7,1339.0,0.0,0.0,0.0301,0.0352,gas-cc,gas-cc,96.0,1.8,0.18,11.3,724.7,0.04,96.1,33.0,129.1,99.0,1.9,0.19,11.7,747.2,0.04,99.1,34.0,133.1,184.8,3.5,0.35,21.8,1393.8,0.08,185.0,63.4,248.4,375.6,7.1,0.71,44.4,2834.4,0.16,376.0,128.9,504.9,33.36,0.0,0.0,33.36,34.57,0.0,0.0,34.57,0.0,0.0,0.0,1345.3,6.2,982.6,0.0,0.0,0.0,0.0,0.0,356.5,0.0,0.0,0.0,0.0,0.0,0.0,0.0,6.2,0.0
2050-01-11 07:00:00,2050-01-11 05:00:00,1437.9,0.0,0.0,0.0,1437.9,1394.0,1428.3,0.0,0.0,0.0305,0.0376,gas-cc,gas-cc,114.5,2.2,0.22,13.5,863.8,0.05,114.6,39.3,153.9,118.1,2.2,0.22,14.0,891.1,0.05,118.2,40.5,158.7,170.3,3.2,0.32,20.1,1284.0,0.07,170.5,58.4,228.9,376.6,7.1,0.71,44.5,2841.6,0.16,377.0,129.2,506.2,33.36,0.0,0.0,33.36,34.66,0.0,0.0,34.66,0.0,0.0,0.0,1437.9,9.6,974.1,0.0,0.0,0.0,0.0,0.0,454.2,0.0,0.0,0.0,0.0,0.0,0.0,0.0,9.6,0.0
2050-01-11 08:00:00,2050-01-11 06:00:00,1587.4,0.0,0.0,0.0,1587.4,1537.6,1575.7,0.0,0.0,0.0314,0.0415,gas-cc,gas-cc,92.9,1.7,0.17,11.0,700.7,0.04,93.0,31.9,124.8,95.9,1.8,0.18,11.3,723.4,0.04,96.0,32.9,128.9,188.6,3.6,0.36,22.3,1422.4,0.08,188.8,64.7,253.5,378.1,7.1,0.71,44.7,2853.2,0.16,378.5,129.7,508.2,33.36,0.0,0.0,33.36,34.8,0.0,0.0,34.8,0.0,0.0,0.0,1587.4,11.7,1168.9,0.0,0.0,0.0,0.0,0.0,406.7,0.0,0.0,0.0,0.0,0.0,0.0,0.0,11.7,0.0
2050-01-11 09:00:00,2050-01-11 07:00:00,1750.5,0.0,0.0,6.9,1757.4,1693.6,1232.9,445.3,0.0,0.0325,0.0458,battery,gas-cc,0.0,0.0,0.0,0.0,0.0,0.0,0.0,0.0,0.0,0.0,0.0,0.0,0.0,0.0,0.0,0.0,0.0,0.0,194.6,3.7,0.37,23.0,1468.2,0.08,194.9,66.8,261.6,379.8,7.2,0.72,44.9,2865.9,0.16,380.2,130.3,510.5,33.36,0.0,0.0,33.36,34.96,0.0,0.0,34.96,0.0,0.0,0.0,1312.1,524.5,787.6,0.0,0.0,0.0,0.0,21.6,0.0,0.0,0.0,0.0,0.0,0.0,0.0,491.1,11.7,0.0
2050-01-11 10:00:00,2050-01-11 08:00:00,1871.6,770.3,0.0,12.1,2654.0,1808.9,1243.2,1243.2,0.0,0.0335,0.0489,battery,gas-cc,0.0,0.0,0.0,0.0,0.0,0.0,0.0,0.0,0.0,0.0,0.0,0.0,0.5,1.1,0.01,0.0,0.5,0.5,173.8,3.3,0.33,20.5,1310.8,0.08,174.0,59.6,233.6,324.1,6.1,0.61,38.3,2445.9,0.14,324.5,111.2,435.7,28.32,0.0,0.0,28.32,29.78,0.0,0.0,29.78,0.0,0.0,0.0,1410.8,1410.8,0.0,0.0,0.0,0.0,0.0,59.1,0.0,0.0,0.0,0.0,0.0,0.0,0.0,1341.7,9.9,0.0
2050-01-11 11:00:00,2050-01-11 09:00:00,1866.3,1973.4,0.0,12.1,3851.8,1803.9,1243.2,1243.2,0.0,0.0334,0.0488,battery,gas-cc,0.0,0.0,0.0,0.0,0.0,0.0,0.0,0.0,0.0,0.0,0.0,0.0,0.2,0.6,0.01,0.0,0.3,0.3,140.2,2.6,0.27,16.6,1056.7,0.06,140.3,48.1,188.4,324.1,6.1,0.61,38.3,2445.5,0.14,324.4,111.2,435.6,28.32,0.0,0.0,28.32,29.78,0.0,0.0,29.78,0.0,0.0,0.0,2608.7,2608.7,0.0,0.0,0.0,0.0,0.0,109.8,0.0,0.0,0.0,0.0,0.0,0.0,0.0,2492.8,6.1,0.0
2050-01-11 12:00:00,2050-01-11 10:00:00,1770.5,3427.3,0.0,10.6,5208.5,1712.7,1014.8,1014.8,0.0,0.0327,0.0463,battery,gas-cc,0.0,0.0,0.0,0.0,0.0,0.0,0.0,0.0,0.0,0.0,0.0,0.0,0.1,0.3,0.0,0.0,0.1,0.1,140.3,2.6,0.27,16.6,1057.6,0.06,140.4,48.1,188.5,336.0,6.3,0.63,39.7,2535.4,0.15,336.3,115.3,451.6,21.83,0.0,0.0,21.83,22.89,0.0,0.0,22.89,0.0,0.0,0.0,4193.7,4193.7,0.0,0.0,0.0,0.0,0.0,176.7,0.0,0.0,0.0,0.0,0.0,0.0,0.0,4009.8,7.2,0.0
2050-01-11 13:00:00,2050-01-11 11:00:00,1683.2,4019.6,0.0,12.3,5715.0,1629.3,-380.7,445.3,826.0,0.032,0.044,gas-cc,gas-cc,0.0,0.0,0.0,0.0,0.0,0.0,0.0,0.0,0.0,0.0,0.0,0.0,0.0,0.0,0.0,0.0,0.0,0.0,140.0,2.6,0.26,16.5,1055.2,0.06,140.1,48.0,188.1,368.0,6.9,0.69,43.5,2776.9,0.16,368.4,126.3,494.6,21.24,0.0,0.0,21.24,22.22,0.0,0.0,22.22,0.0,0.0,0.0,6095.7,6095.7,0.0,0.0,0.0,0.0,0.0,256.8,0.0,0.0,0.0,0.0,0.0,0.0,0.0,5828.9,10.0,0.0
2050-01-11 14:00:00,2050-01-11 12:00:00,1628.4,4019.6,0.0,16.2,5664.2,1576.9,-1283.0,357.0,1640.0,0.0316,0.0426,wind-ons,wind-ons,0.0,0.0,0.0,0.0,0.0,0.0,0.0,0.0,0.0,0.0,0.0,0.0,0.0,0.0,0.0,0.0,0.0,0.0,139.9,2.6,0.26,16.5,1054.8,0.06,140.1,48.0,188.0,0.0,0.0,0.0,0.0,0.0,0.0,0.0,0.0,0.0,0.02,0.0,0.0,0.02,0.02,0.0,0.0,0.02,0.0,0.0,0.0,6947.2,6947.2,0.0,0.0,0.0,0.0,0.0,292.5,0.0,0.0,0.0,0.0,0.0,0.0,0.0,6636.7,18.0,0.0
2050-01-11 15:00:00,2050-01-11 13:00:00,1585.3,4019.6,0.0,12.4,5617.2,1535.5,-400.0,445.3,845.3,0.0314,0.0415,gas-cc,gas-cc,0.0,0.0,0.0,0.0,0.0,0.0,0.0,0.0,0.0,0.0,0.0,0.0,0.0,0.0,0.0,0.0,0.0,0.0,139.9,2.6,0.26,16.5,1054.5,0.06,140.0,48.0,188.0,367.0,6.9,0.69,43.4,2769.5,0.16,367.4,125.9,493.3,21.24,0.0,0.0,21.24,22.16,0.0,0.0,22.16,0.0,0.0,0.0,6017.2,6017.2,0.0,0.0,0.0,0.0,0.0,252.8,0.0,0.0,0.0,0.0,0.0,0.0,0.0,5735.2,29.2,0.0
2050-01-11 16:00:00,2050-01-11 14:00:00,1558.9,4019.6,0.0,7.5,5586.0,1510.3,359.1,445.3,86.2,0.0312,0.0408,battery,gas-cc,0.0,0.0,0.0,0.0,0.0,0.0,0.0,0.0,0.0,0.0,0.0,0.0,0.0,0.0,0.0,0.0,0.0,0.0,139.8,2.6,0.26,16.5,1054.3,0.06,140.0,48.0,188.0,334.0,6.3,0.63,39.5,2520.8,0.14,334.4,114.6,449.0,21.24,0.0,0.0,21.24,22.14,0.0,0.0,22.14,0.0,0.0,0.0,5226.9,5226.9,0.0,0.0,0.0,0.0,0.0,219.1,0.0,0.0,0.0,0.0,0.0,0.0,0.0,4969.5,38.4,0.0
2050-01-11 17:00:00,2050-01-11 15:00:00,1595.8,2755.7,0.0,11.1,4362.6,1545.6,1092.1,1092.1,0.0,0.0314,0.0417,battery,gas-cc,0.0,0.0,0.0,0.0,0.0,0.0,0.0,0.0,0.0,0.0,0.0,0.0,0.2,0.5,0.0,0.0,0.2,0.2,152.5,2.9,0.29,18.0,1150.1,0.07,152.7,52.3,205.0,334.4,6.3,0.63,39.5,2523.3,0.14,334.7,114.7,449.5,21.83,0.0,0.0,21.83,22.78,0.0,0.0,22.78,0.0,0.0,0.0,3270.4,3270.4,0.0,0.0,0.0,0.0,0.0,136.1,0.0,0.0,0.0,0.0,0.0,0.0,0.0,3089.0,45.3,0.0
2050-01-11 18:00:00,2050-01-11 16:00:00,1654.7,0.0,0.0,9.2,1663.9,1602.1,791.3,791.3,0.0,0.0318,0.0433,gas-cc,gas-cc,0.0,0.0,0.0,0.0,0.0,0.0,0.0,0.0,0.0,0.0,0.0,0.0,0.5,1.2,0.01,0.0,0.5,0.5,180.2,3.4,0.34,21.3,1359.0,0.08,180.4,61.8,242.2,367.7,6.9,0.69,43.4,2774.7,0.16,368.1,126.2,494.3,32.3,0.0,0.0,32.3,33.76,0.0,0.0,33.76,0.0,0.0,0.0,872.6,872.6,0.0,0.0,0.0,0.0,0.0,34.5,0.0,0.0,0.0,0.0,0.0,0.0,0.0,783.5,54.5,0.0
2050-01-11 19:00:00,2050-01-11 17:00:00,1796.8,0.0,0.0,6.9,1803.7,1737.8,1756.9,445.3,0.0,0.0329,0.047,battery,gas-cc,140.2,2.6,0.26,16.6,1058.0,0.06,140.4,48.1,188.5,109.2,2.1,0.21,12.9,823.9,0.05,109.3,37.5,146.8,164.0,3.1,0.31,19.4,1236.8,0.07,164.2,56.3,220.5,380.3,7.2,0.72,44.9,2869.6,0.16,380.7,130.5,511.2,33.36,0.0,0.0,33.36,35.0,0.0,0.0,35.0,0.0,0.0,0.0,1358.4,46.9,786.0,0.0,0.0,0.0,0.0,0.0,525.5,0.0,0.0,0.0,0.0,0.0,0.0,0.0,46.9,0.0
2050-01-11 20:00:00,2050-01-11 18:00:00,1951.6,0.0,0.0,6.9,1958.5,1884.9,1924.3,445.3,0.0,0.0342,0.051,battery,gas-cc,125.9,2.4,0.24,14.9,949.8,0.05,126.0,43.2,169.2,100.7,1.9,0.19,11.9,759.8,0.04,100.8,34.6,135.3,183.4,3.5,0.35,21.7,1383.4,0.08,183.6,62.9,246.5,381.9,7.2,0.72,45.1,2881.8,0.17,382.3,131.0,513.3,33.36,0.0,0.0,33.36,35.15,0.0,0.0,35.15,0.0,0.0,0.0,1513.2,34.2,953.5,0.0,0.0,0.0,0.0,0.0,525.5,0.0,0.0,0.0,0.0,0.0,0.0,0.0,34.2,0.0
2050-01-11 21:00:00,2050-01-11 19:00:00,1964.2,0.0,0.0,6.9,1971.1,1896.9,1943.8,445.3,0.0,0.0343,0.0514,battery,gas-cc,124.8,2.4,0.24,14.7,941.9,0.05,125.0,42.8,167.8,100.1,1.9,0.19,11.8,755.0,0.04,100.2,34.3,134.5,167.4,3.2,0.32,19.8,1262.6,0.07,167.6,57.4,225.0,382.0,7.2,0.72,45.1,2882.8,0.17,382.4,131.1,513.5,33.36,0.0,0.0,33.36,35.16,0.0,0.0,35.16,0.0,0.0,0.0,1525.8,27.4,972.9,0.0,0.0,0.0,0.0,0.0,525.5,0.0,0.0,0.0,0.0,0.0,0.0,0.0,27.4,0.0
2050-01-11 22:00:00,2050-01-11 20:00:00,1891.6,0.0,0.0,0.0,1891.6,1827.9,1870.7,0.0,0.0,0.0336,0.0495,battery,gas-cc,100.7,1.9,0.19,11.9,759.8,0.04,100.8,34.5,135.3,104.2,2.0,0.2,12.3,786.3,0.05,104.3,35.8,140.1,188.9,3.6,0.36,22.3,1424.7,0.08,189.1,64.8,253.9,381.3,7.2,0.72,45.0,2877.1,0.17,381.7,130.8,512.5,33.36,0.0,0.0,33.36,35.09,0.0,0.0,35.09,0.0,0.0,0.0,1891.6,20.9,1345.2,0.0,0.0,0.0,0.0,0.0,525.5,0.0,0.0,0.0,0.0,0.0,0.0,0.0,20.9,0.0
2050-01-11 23:00:00,2050-01-11 21:00:00,1829.5,0.0,0.0,0.0,1829.5,1768.9,1804.3,0.0,0.0,0.0331,0.0478,battery,gas-cc,104.1,2.0,0.2,12.3,785.6,0.05,104.2,35.7,139.9,107.7,2.0,0.2,12.7,812.5,0.05,107.8,37.0,144.7,212.3,4.0,0.4,25.1,1601.6,0.09,212.6,72.8,285.4,380.6,7.2,0.72,45.0,2872.1,0.16,381.0,130.6,511.6,33.36,0.0,0.0,33.36,35.03,0.0,0.0,35.03,0.0,0.0,0.0,1829.5,25.2,1278.8,0.0,0.0,0.0,0.0,0.0,525.5,0.0,0.0,0.0,0.0,0.0,0.0,0.0,25.2,0.0
2050-01-12 00:00:00,2050-01-11 22:00:00,1706.3,0.0,0.0,0.0,1706.3,1651.4,1674.8,0.0,0.0,0.0322,0.0446,battery,gas-cc,111.6,2.1,0.21,13.2,842.3,0.05,111.7,38.3,150.0,115.3,2.2,0.22,13.6,870.3,0.05,115.5,39.6,155.0,149.1,2.8,0.28,17.6,1123.8,0.06,149.2,51.1,200.3,379.3,7.1,0.71,44.8,2862.5,0.16,379.7,130.2,509.9,33.36,0.0,0.0,33.36,34.91,0.0,0.0,34.91,0.0,0.0,0.0,1706.3,31.5,1149.3,0.0,0.0,0.0,0.0,0.0,525.5,0.0,0.0,0.0,0.0,0.0,0.0,0.0,31.5,0.0
2050-01-12 01:00:00,2050-01-11 23:00:00,1580.0,0.0,0.0,0.0,1580.0,1530.5,1551.0,0.0,0.0,0.0313,0.0413,battery,gas-cc,0.0,0.0,0.0,0.0,0.0,0.0,0.0,0.0,0.0,0.0,0.0,0.0,0.0,0.0,0.0,0.0,0.0,0.0,176.4,3.3,0.33,20.8,1330.2,0.08,176.6,60.5,237.1,378.0,7.1,0.71,44.7,2852.6,0.16,378.4,129.7,508.1,33.36,0.0,0.0,33.36,34.79,0.0,0.0,34.79,0.0,0.0,0.0,1580.0,29.0,1551.0,0.0,0.0,0.0,0.0,0.0,0.0,0.0,0.0,0.0,0.0,0.0,0.0,0.0,29.0,0.0
2050-01-12 02:00:00,2050-01-12 00:00:00,1464.2,0.0,0.0,0.0,1464.2,1419.3,1439.8,0.0,0.0,0.0307,0.0383,battery,gas-cc,130.1,2.5,0.25,15.4,981.6,0.06,130.2,44.6,174.8,134.2,2.5,0.25,15.9,1012.6,0.06,134.3,46.1,180.4,154.6,2.9,0.29,18.3,1165.4,0.07,154.8,53.0,207.8,376.8,7.1,0.71,44.5,2843.6,0.16,377.2,129.3,506.5,33.36,0.0,0.0,33.36,34.68,0.0,0.0,34.68,0.0,0.0,0.0,1464.2,24.4,914.3,0.0,0.0,0.0,0.0,0.0,525.5,0.0,0.0,0.0,0.0,0.0,0.0,0.0,24.4,0.0
2050-01-12 03:00:00,2050-01-12 01:00:00,1396.8,0.0,0.0,0.0,1396.8,1354.5,1375.8,0.0,0.0,0.0303,0.0365,gas-cc,gas-cc,3.1,0.1,0.01,0.4,23.5,0.0,3.1,1.1,4.2,3.2,0.1,0.01,0.4,24.2,0.0,3.2,1.1,4.3,154.4,2.9,0.29,18.2,1163.9,0.07,154.6,52.9,207.5,376.1,7.1,0.71,44.4,2838.4,0.16,376.5,129.1,505.6,33.36,0.0,0.0,33.36,34.62,0.0,0.0,34.62,0.0,0.0,0.0,1396.8,21.1,1363.8,0.0,0.0,0.0,0.0,0.0,12.0,0.0,0.0,0.0,0.0,0.0,0.0,0.0,21.1,0.0
2050-01-12 04:00:00,2050-01-12 02:00:00,1348.4,0.0,0.0,0.0,1348.4,1307.8,1322.4,0.0,0.0,0.0301,0.0353,gas-cc,gas-cc,41.2,0.8,0.08,4.9,311.1,0.02,41.3,14.1,55.4,42.5,0.8,0.08,5.0,320.8,0.02,42.6,14.6,57.2,169.4,3.2,0.32,20.0,1277.1,0.07,169.5,58.1,227.6,375.6,7.1,0.71,44.4,2834.7,0.16,376.1,128.9,504.9,33.36,0.0,0.0,33.36,34.57,0.0,0.0,34.57,0.0,0.0,0.0,1348.4,26.1,1168.9,0.0,0.0,0.0,0.0,0.0,153.4,0.0,0.0,0.0,0.0,0.0,0.0,0.0,26.1,0.0
2050-01-12 05:00:00,2050-01-12 03:00:00,1327.4,0.0,0.0,0.0,1327.4,1287.5,1296.0,0.0,0.0,0.0301,0.0347,battery,gas-cc,143.5,2.7,0.27,16.9,1082.8,0.06,143.6,49.2,192.9,147.9,2.8,0.28,17.5,1116.3,0.06,148.1,50.8,198.9,169.1,3.2,0.32,20.0,1275.1,0.07,169.3,58.0,227.3,375.4,7.1,0.71,44.3,2833.1,0.16,375.8,128.8,504.7,33.36,0.0,0.0,33.36,34.56,0.0,0.0,34.56,0.0,0.0,0.0,1327.4,31.3,770.5,0.0,0.0,0.0,0.0,0.0,525.5,0.0,0.0,0.0,0.0,0.0,0.0,0.0,31.3,0.0
2050-01-12 06:00:00,2050-01-12 04:00:00,1345.3,0.0,0.0,0.0,1345.3,1304.7,1294.1,0.0,0.0,0.0301,0.0352,gas-cc,gas-cc,138.7,2.6,0.26,16.4,1046.5,0.06,138.8,47.6,186.4,143.0,2.7,0.27,16.9,1079.0,0.06,143.1,49.1,192.2,154.1,2.9,0.29,18.2,1161.8,0.07,154.3,52.8,207.1,375.6,7.1,0.71,44.4,2834.4,0.16,376.0,128.9,504.9,33.36,0.0,0.0,33.36,34.57,0.0,0.0,34.57,0.0,0.0,0.0,1345.3,51.2,779.3,0.0,0.0,0.0,0.0,0.0,514.8,0.0,0.0,0.0,0.0,0.0,0.0,0.0,51.2,0.0
2050-01-12 07:00:00,2050-01-12 05:00:00,1432.6,0.0,0.0,0.0,1432.6,1388.9,1380.7,0.0,0.0,0.0305,0.0375,gas-cc,gas-cc,87.4,1.6,0.16,10.3,659.9,0.04,87.5,30.0,117.5,90.2,1.7,0.17,10.7,680.6,0.04,90.3,31.0,121.2,159.6,3.0,0.3,18.9,1203.4,0.07,159.8,54.7,214.5,376.5,7.1,0.71,44.5,2841.2,0.16,376.9,129.2,506.1,33.36,0.0,0.0,33.36,34.65,0.0,0.0,34.65,0.0,0.0,0.0,1432.6,51.9,1035.0,0.0,0.0,0.0,0.0,0.0,345.7,0.0,0.0,0.0,0.0,0.0,0.0,0.0,51.9,0.0
2050-01-12 08:00:00,2050-01-12 06:00:00,1569.5,0.0,0.0,0.0,1569.5,1520.4,1515.2,0.0,0.0,0.0313,0.041,battery,gas-cc,121.3,2.3,0.23,14.3,915.7,0.05,121.5,41.6,163.1,125.3,2.4,0.24,14.8,945.3,0.05,125.4,43.0,168.4,154.7,2.9,0.29,18.3,1166.3,0.07,154.9,53.1,207.9,377.9,7.1,0.71,44.6,2851.8,0.16,378.3,129.7,508.0,33.36,0.0,0.0,33.36,34.78,0.0,0.0,34.78,0.0,0.0,0.0,1569.5,54.2,989.7,0.0,0.0,0.0,0.0,0.0,525.5,0.0,0.0,0.0,0.0,0.0,0.0,0.0,54.2,0.0
2050-01-12 09:00:00,2050-01-12 07:00:00,1718.9,0.0,0.0,0.0,1718.9,1663.5,1254.6,0.0,0.0,0.0323,0.045,gas-cc,gas-cc,67.2,1.3,0.13,7.9,507.3,0.03,67.3,23.1,90.4,69.5,1.3,0.13,8.2,524.3,0.03,69.5,23.8,93.4,158.6,3.0,0.3,18.7,1196.0,0.07,158.8,54.4,213.2,379.5,7.2,0.72,44.8,2863.5,0.16,379.9,130.2,510.1,33.36,0.0,0.0,33.36,34.93,0.0,0.0,34.93,0.0,0.0,0.0,1718.9,464.4,935.7,0.0,0.0,0.0,0.0,16.3,318.9,0.0,0.0,0.0,0.0,0.0,0.0,369.2,78.9,0.0
2050-01-12 10:00:00,2050-01-12 08:00:00,1837.9,0.0,0.0,3.3,1841.2,1776.9,208.5,213.1,4.6,0.0332,0.0481,gas-cc,gas-cc,0.0,0.0,0.0,0.0,0.0,0.0,0.0,0.0,0.0,0.0,0.0,0.0,0.0,0.0,0.0,0.0,0.0,0.0,140.1,2.6,0.27,16.6,1056.5,0.06,140.3,48.1,188.3,369.5,7.0,0.7,43.7,2788.7,0.16,369.9,126.8,496.7,29.59,0.0,0.0,29.59,31.08,0.0,0.0,31.08,0.0,0.0,0.0,1632.8,1632.8,0.0,0.0,0.0,0.0,0.0,65.7,0.0,0.0,0.0,0.0,0.0,0.0,0.0,1491.2,75.9,0.0
2050-01-12 11:00:00,2050-01-12 09:00:00,1845.3,1543.4,0.0,12.1,3400.7,1783.9,1243.2,1243.2,0.0,0.0333,0.0483,battery,gas-cc,0.0,0.0,0.0,0.0,0.0,0.0,0.0,0.0,0.0,0.0,0.0,0.0,0.3,0.8,0.01,0.0,0.4,0.4,140.1,2.6,0.27,16.6,1056.5,0.06,140.3,48.1,188.4,323.9,6.1,0.61,38.3,2444.1,0.14,324.2,111.1,435.4,28.32,0.0,0.0,28.32,29.76,0.0,0.0,29.76,0.0,0.0,0.0,2157.6,2157.6,0.0,0.0,0.0,0.0,0.0,88.6,0.0,0.0,0.0,0.0,0.0,0.0,0.0,2009.8,59.3,0.0
2050-01-12 12:00:00,2050-01-12 10:00:00,1760.0,2032.4,0.0,12.1,3804.5,1702.6,1243.2,1243.2,0.0,0.0326,0.046,battery,gas-cc,0.0,0.0,0.0,0.0,0.0,0.0,0.0,0.0,0.0,0.0,0.0,0.0,0.3,0.7,0.01,0.0,0.3,0.3,140.0,2.6,0.27,16.5,1055.8,0.06,140.2,48.0,188.2,323.1,6.1,0.61,38.2,2438.4,0.14,323.5,110.9,434.4,28.32,0.0,0.0,28.32,29.69,0.0,0.0,29.69,0.0,0.0,0.0,2561.3,2561.3,0.0,0.0,0.0,0.0,0.0,106.1,0.0,0.0,0.0,0.0,0.0,0.0,0.0,2408.8,46.4,0.0
2050-01-12 13:00:00,2050-01-12 11:00:00,1675.8,1653.8,0.0,12.1,3341.7,1622.2,1243.2,1243.2,0.0,0.032,0.0438,battery,gas-cc,0.0,0.0,0.0,0.0,0.0,0.0,0.0,0.0,0.0,0.0,0.0,0.0,0.3,0.7,0.01,0.0,0.3,0.3,151.2,2.9,0.29,17.9,1140.1,0.07,151.4,51.9,203.2,322.4,6.1,0.61,38.1,2432.8,0.14,322.7,110.6,433.4,28.32,0.0,0.0,28.32,29.62,0.0,0.0,29.62,0.0,0.0,0.0,2098.5,2098.5,0.0,0.0,0.0,0.0,0.0,86.8,0.0,0.0,0.0,0.0,0.0,0.0,0.0,1971.0,40.7,0.0
2050-01-12 14:00:00,2050-01-12 12:00:00,1642.1,1977.4,0.0,12.1,3631.6,1590.0,1243.2,1243.2,0.0,0.0317,0.0429,battery,gas-cc,0.0,0.0,0.0,0.0,0.0,0.0,0.0,0.0,0.0,0.0,0.0,0.0,0.3,0.7,0.01,0.0,0.3,0.3,139.9,2.6,0.26,16.5,1054.9,0.06,140.1,48.0,188.1,322.1,6.1,0.61,38.0,2430.5,0.14,322.4,110.5,433.0,28.32,0.0,0.0,28.32,29.59,0.0,0.0,29.59,0.0,0.0,0.0,2388.5,2388.5,0.0,0.0,0.0,0.0,0.0,99.8,0.0,0.0,0.0,0.0,0.0,0.0,0.0,2265.0,23.7,0.0
2050-01-12 15:00:00,2050-01-12 13:00:00,1615.8,2929.8,0.0,12.1,4557.7,1564.8,1243.2,1243.2,0.0,0.0316,0.0423,battery,gas-cc,0.0,0.0,0.0,0.0,0.0,0.0,0.0,0.0,0.0,0.0,0.0,0.0,0.2,0.6,0.01,0.0,0.3,0.3,139.9,2.6,0.26,16.5,1054.7,0.06,140.0,48.0,188.0,321.9,6.1,0.61,38.0,2428.8,0.14,322.2,110.4,432.6,28.32,0.0,0.0,28.32,29.57,0.0,0.0,29.57,0.0,0.0,0.0,3314.6,3314.6,0.0,0.0,0.0,0.0,0.0,139.2,0.0,0.0,0.0,0.0,0.0,0.0,0.0,3158.4,16.9,0.0
2050-01-12 16:00:00,2050-01-12 14:00:00,1592.6,2652.1,0.0,12.1,4256.8,1542.6,1243.2,1243.2,0.0,0.0314,0.0416,battery,gas-cc,0.0,0.0,0.0,0.0,0.0,0.0,0.0,0.0,0.0,0.0,0.0,0.0,0.3,0.6,0.01,0.0,0.3,0.3,139.9,2.6,0.26,16.5,1054.5,0.06,140.0,48.0,188.0,321.7,6.1,0.61,38.0,2427.3,0.14,322.0,110.4,432.4,28.32,0.0,0.0,28.32,29.55,0.0,0.0,29.55,0.0,0.0,0.0,3013.7,3013.7,0.0,0.0,0.0,0.0,0.0,126.7,0.0,0.0,0.0,0.0,0.0,0.0,0.0,2875.7,11.3,0.0
2050-01-12 17:00:00,2050-01-12 15:00:00,1618.9,1644.5,0.0,12.1,3275.6,1567.8,1243.2,1243.2,0.0,0.0316,0.0423,battery,gas-cc,0.0,0.0,0.0,0.0,0.0,0.0,0.0,0.0,0.0,0.0,0.0,0.0,0.4,1.0,0.01,0.0,0.5,0.5,139.9,2.6,0.26,16.5,1054.7,0.06,140.1,48.0,188.0,321.9,6.1,0.61,38.0,2429.0,0.14,322.2,110.4,432.7,28.32,0.0,0.0,28.32,29.57,0.0,0.0,29.57,0.0,0.0,0.0,2032.4,2032.4,0.0,0.0,0.0,0.0,0.0,85.2,0.0,0.0,0.0,0.0,0.0,0.0,0.0,1933.8,13.4,0.0
2050-01-12 18:00:00,2050-01-12 16:00:00,1675.8,0.0,0.0,0.0,1675.8,1622.2,953.9,0.0,0.0,0.032,0.0438,battery,gas-cc,0.0,0.0,0.0,0.0,0.0,0.0,0.0,0.0,0.0,0.0,0.0,0.0,0.0,0.0,0.0,0.0,0.0,0.0,142.9,2.7,0.27,16.9,1077.7,0.06,143.1,49.0,192.1,379.0,7.1,0.71,44.8,2860.1,0.16,379.4,130.0,509.5,33.36,0.0,0.0,33.36,34.88,0.0,0.0,34.88,0.0,0.0,0.0,1675.8,721.9,953.9,0.0,0.0,0.0,0.0,29.5,0.0,0.0,0.0,0.0,0.0,0.0,0.0,668.4,24.0,0.0
2050-01-12 19:00:00,2050-01-12 17:00:00,1825.3,0.0,0.0,0.0,1825.3,1764.8,1783.8,0.0,0.0,0.0331,0.0477,gas-cc,gas-cc,26.1,0.5,0.05,3.1,196.6,0.01,26.1,8.9,35.0,26.9,0.5,0.05,3.2,203.4,0.01,27.0,9.3,36.2,163.6,3.1,0.31,19.3,1233.8,0.07,163.8,56.1,219.9,380.6,7.2,0.72,45.0,2871.8,0.16,381.0,130.6,511.6,33.36,0.0,0.0,33.36,35.03,0.0,0.0,35.03,0.0,0.0,0.0,1825.3,41.4,1652.6,0.0,0.0,0.0,0.0,0.0,131.2,0.0,0.0,0.0,0.0,0.0,0.0,0.0,41.4,0.0
2050-01-12 20:00:00,2050-01-12 18:00:00,2000.0,0.0,0.0,0.0,2000.0,1930.8,1968.2,0.0,0.0,0.0346,0.0523,battery,gas-cc,0.0,0.0,0.0,0.0,0.0,0.0,0.0,0.0,0.0,0.0,0.0,0.0,0.0,0.0,0.0,0.0,0.0,0.0,170.5,3.2,0.32,20.1,1285.7,0.07,170.7,58.5,229.2,382.4,7.2,0.72,45.2,2885.7,0.17,382.8,131.2,514.0,33.36,0.0,0.0,33.36,35.2,0.0,0.0,35.2,0.0,0.0,0.0,2000.0,31.8,1968.2,0.0,0.0,0.0,0.0,0.0,0.0,0.0,0.0,0.0,0.0,0.0,0.0,0.0,31.8,0.0
2050-01-12 21:00:00,2050-01-12 19:00:00,2000.0,0.0,0.0,0.0,2000.0,1930.8,1968.6,0.0,0.0,0.0346,0.0523,gas-cc,gas-cc,16.7,0.3,0.03,2.0,125.9,0.01,16.7,5.7,22.4,17.3,0.3,0.03,2.1,130.4,0.01,17.3,5.9,23.2,153.8,2.9,0.29,18.2,1159.2,0.07,153.9,52.7,206.7,382.4,7.2,0.72,45.2,2885.7,0.17,382.8,131.2,514.0,33.36,0.0,0.0,33.36,35.2,0.0,0.0,35.2,0.0,0.0,0.0,2000.0,31.4,1876.5,0.0,0.0,0.0,0.0,0.0,92.0,0.0,0.0,0.0,0.0,0.0,0.0,0.0,31.4,0.0
2050-01-12 22:00:00,2050-01-12 20:00:00,1928.4,0.0,0.0,0.0,1928.4,1862.9,1899.5,0.0,0.0,0.034,0.0504,gas-cc,gas-cc,40.9,0.8,0.08,4.8,308.9,0.02,41.0,14.0,55.0,42.4,0.8,0.08,5.0,319.8,0.02,42.4,14.6,57.0,152.2,2.9,0.29,18.0,1147.3,0.07,152.3,52.2,204.5,381.6,7.2,0.72,45.1,2880.0,0.17,382.1,131.0,513.0,33.36,0.0,0.0,33.36,35.13,0.0,0.0,35.13,0.0,0.0,0.0,1928.4,28.9,1681.7,0.0,0.0,0.0,0.0,0.0,217.8,0.0,0.0,0.0,0.0,0.0,0.0,0.0,28.9,0.0
2050-01-12 23:00:00,2050-01-12 21:00:00,1871.6,0.0,0.0,0.0,1871.6,1808.9,1843.5,0.0,0.0,0.0335,0.0489,battery,gas-cc,0.0,0.0,0.0,0.0,0.0,0.0,0.0,0.0,0.0,0.0,0.0,0.0,0.0,0.0,0.0,0.0,0.0,0.0,151.7,2.9,0.29,17.9,1143.3,0.07,151.8,52.0,203.8,381.0,7.2,0.72,45.0,2875.5,0.17,381.5,130.7,512.2,33.36,0.0,0.0,33.36,35.07,0.0,0.0,35.07,0.0,0.0,0.0,1871.6,28.1,1843.5,0.0,0.0,0.0,0.0,0.0,0.0,0.0,0.0,0.0,0.0,0.0,0.0,0.0,28.1,0.0
2050-01-13 00:00:00,2050-01-12 22:00:00,1750.5,0.0,0.0,0.0,1750.5,1693.6,1725.5,0.0,0.0,0.0325,0.0458,battery,gas-cc,0.0,0.0,0.0,0.0,0.0,0.0,0.0,0.0,0.0,0.0,0.0,0.0,0.0,0.0,0.0,0.0,0.0,0.0,157.8,3.0,0.3,18.6,1189.5,0.07,157.9,54.1,212.1,427.7,8.1,0.81,50.5,3227.4,0.19,428.1,146.7,574.9,38.41,0.0,0.0,38.41,40.25,0.0,0.0,40.25,0.0,0.0,0.0,1750.5,25.0,1725.5,0.0,0.0,0.0,0.0,0.0,0.0,0.0,0.0,0.0,0.0,0.0,0.0,0.0,25.0,0.0
2050-01-13 01:00:00,2050-01-12 23:00:00,1628.4,0.0,0.0,0.0,1628.4,1576.9,1602.5,1.2,0.0,0.0316,0.0426,battery,gas-cc,0.0,0.0,0.0,0.0,0.0,0.0,0.0,0.0,0.0,0.0,0.0,0.0,0.0,0.0,0.0,0.0,0.0,0.0,174.2,3.3,0.33,20.6,1313.1,0.08,174.3,59.7,234.1,426.3,8.0,0.8,50.4,3216.6,0.18,426.7,146.3,573.0,38.41,0.0,0.0,38.41,40.11,0.0,0.0,40.11,0.0,0.0,0.0,1627.2,25.9,1601.3,0.0,0.0,0.0,0.0,0.0,0.0,0.0,0.0,0.0,0.0,0.0,0.0,0.0,25.9,0.0
2050-01-13 02:00:00,2050-01-13 00:00:00,1503.2,0.0,0.0,0.0,1503.2,1456.8,1465.6,0.0,0.0,0.0309,0.0393,battery,gas-cc,0.0,0.0,0.0,0.0,0.0,0.0,0.0,0.0,0.0,0.0,0.0,0.0,0.0,0.0,0.0,0.0,0.0,0.0,173.5,3.3,0.33,20.5,1308.3,0.08,173.7,59.5,233.2,424.8,8.0,0.8,50.2,3205.7,0.18,425.3,145.8,571.0,38.41,0.0,0.0,38.41,39.98,0.0,0.0,39.98,0.0,0.0,0.0,1503.2,37.5,1465.6,0.0,0.0,0.0,0.0,0.0,0.0,0.0,0.0,0.0,0.0,0.0,0.0,0.0,37.5,0.0
2050-01-13 03:00:00,2050-01-13 01:00:00,1428.4,0.0,0.0,0.3,1428.7,1384.9,1369.9,21.2,0.0,0.0305,0.0374,battery,gas-cc,0.0,0.0,0.0,0.0,0.0,0.0,0.0,0.0,0.0,0.0,0.0,0.0,0.0,0.0,0.0,0.0,0.0,0.0,230.8,4.4,0.44,27.3,1740.6,0.1,231.0,79.2,310.2,388.3,7.3,0.73,45.9,2929.8,0.17,388.7,133.2,521.9,38.41,0.0,0.0,38.41,39.9,0.0,0.0,39.9,0.0,0.0,0.0,1407.6,58.8,1348.8,0.0,0.0,0.0,0.0,0.0,0.0,0.0,0.0,0.0,0.0,0.0,0.0,0.0,58.8,0.0
2050-01-13 04:00:00,2050-01-13 02:00:00,1400.0,0.0,0.0,6.9,1406.9,1357.5,1310.9,445.3,0.0,0.0303,0.0366,battery,gas-cc,0.0,0.0,0.0,0.0,0.0,0.0,0.0,0.0,0.0,0.0,0.0,0.0,0.0,0.0,0.0,0.0,0.0,0.0,239.1,4.5,0.45,28.3,1803.8,0.1,239.4,82.0,321.4,423.6,8.0,0.8,50.0,3196.7,0.18,424.1,145.4,569.4,38.41,0.0,0.0,38.41,39.86,0.0,0.0,39.86,0.0,0.0,0.0,961.6,96.0,865.6,0.0,0.0,0.0,0.0,0.0,0.0,0.0,0.0,0.0,0.0,0.0,0.0,0.0,96.0,0.0
2050-01-13 05:00:00,2050-01-13 03:00:00,1368.4,0.0,0.0,3.9,1372.4,1327.1,1245.8,254.5,0.0,0.0302,0.0358,battery,gas-cc,0.0,0.0,0.0,0.0,0.0,0.0,0.0,0.0,0.0,0.0,0.0,0.0,0.0,0.0,0.0,0.0,0.0,0.0,149.0,2.8,0.28,17.6,1123.0,0.06,149.1,51.1,200.2,423.3,8.0,0.8,50.0,3194.0,0.18,423.7,145.2,568.9,38.41,0.0,0.0,38.41,39.83,0.0,0.0,39.83,0.0,0.0,0.0,1117.9,126.6,991.3,0.0,0.0,0.0,0.0,0.0,0.0,0.0,0.0,0.0,0.0,0.0,0.0,0.0,126.6,0.0
2050-01-13 06:00:00,2050-01-13 04:00:00,1396.8,0.0,0.0,6.9,1403.7,1354.5,1249.5,445.3,0.0,0.0303,0.0365,battery,gas-cc,0.0,0.0,0.0,0.0,0.0,0.0,0.0,0.0,0.0,0.0,0.0,0.0,0.0,0.0,0.0,0.0,0.0,0.0,176.5,3.3,0.33,20.9,1330.9,0.08,176.7,60.5,237.2,423.6,8.0,0.8,50.0,3196.4,0.18,424.0,145.3,569.4,38.41,0.0,0.0,38.41,39.86,0.0,0.0,39.86,0.0,0.0,0.0,958.4,154.2,804.2,0.0,0.0,0.0,0.0,0.0,0.0,0.0,0.0,0.0,0.0,0.0,0.0,0.0,154.2,0.0
2050-01-13 07:00:00,2050-01-13 05:00:00,1497.9,0.0,0.0,5.7,1503.6,1451.7,1355.7,366.4,0.0,0.0308,0.0392,battery,gas-cc,0.0,0.0,0.0,0.0,0.0,0.0,0.0,0.0,0.0,0.0,0.0,0.0,0.0,0.0,0.0,0.0,0.0,0.0,186.1,3.5,0.35,22.0,1403.3,0.08,186.3,63.8,250.1,389.0,7.3,0.73,46.0,2935.4,0.17,389.4,133.5,522.9,38.41,0.0,0.0,38.41,39.97,0.0,0.0,39.97,0.0,0.0,0.0,1137.1,147.9,989.2,0.0,0.0,0.0,0.0,0.0,0.0,0.0,0.0,0.0,0.0,0.0,0.0,0.0,147.9,0.0
2050-01-13 08:00:00,2050-01-13 06:00:00,1642.1,0.0,0.0,0.0,1642.1,1590.0,1510.1,0.0,0.0,0.0317,0.0429,battery,gas-cc,0.0,0.0,0.0,0.0,0.0,0.0,0.0,0.0,0.0,0.0,0.0,0.0,0.0,0.0,0.0,0.0,0.0,0.0,150.1,2.8,0.28,17.7,1131.5,0.07,150.3,51.5,201.7,426.4,8.0,0.8,50.4,3217.8,0.18,426.9,146.3,573.2,38.41,0.0,0.0,38.41,40.13,0.0,0.0,40.13,0.0,0.0,0.0,1642.1,132.0,1510.1,0.0,0.0,0.0,0.0,0.0,0.0,0.0,0.0,0.0,0.0,0.0,0.0,0.0,132.0,0.0
2050-01-13 09:00:00,2050-01-13 07:00:00,1822.1,0.0,0.0,10.8,1832.9,1761.8,-354.6,388.1,742.7,0.0331,0.0477,battery,gas-cc,0.0,0.0,0.0,0.0,0.0,0.0,0.0,0.0,0.0,0.0,0.0,0.0,0.0,0.0,0.0,0.0,0.0,0.0,145.6,2.7,0.28,17.2,1097.8,0.06,145.8,49.9,195.7,424.9,8.0,0.8,50.2,3206.1,0.18,425.3,145.8,571.1,37.34,0.0,0.0,37.34,39.21,0.0,0.0,39.21,0.0,0.0,0.0,2187.5,2187.5,0.0,0.0,0.0,0.0,0.0,86.0,0.0,0.0,0.0,0.0,0.0,0.0,0.0,1951.6,150.0,0.0
2050-01-13 10:00:00,2050-01-13 08:00:00,1937.9,3825.8,0.0,10.7,5774.3,1871.9,-1640.0,0.0,1640.0,0.034,0.0507,upv,upv,0.0,0.0,0.0,0.0,0.0,0.0,0.0,0.0,0.0,0.0,0.0,0.0,0.0,0.0,0.0,0.0,0.0,0.0,140.3,2.6,0.27,16.6,1057.4,0.06,140.4,48.1,188.5,0.0,0.0,0.0,0.0,0.0,0.0,0.0,0.0,0.0,0.0,0.0,0.0,0.0,0.0,0.0,0.0,0.0,0.0,852.4,852.4,7414.3,7414.3,0.0,0.0,0.0,0.0,0.0,341.9,0.0,0.0,0.0,0.0,0.0,0.0,0.0,6908.7,163.6,0.0
2050-01-13 11:00:00,2050-01-13 09:00:00,1896.8,4019.6,0.0,10.7,5927.1,1832.9,-1640.0,0.0,1640.0,0.0337,0.0496,upv,upv,0.0,0.0,0.0,0.0,0.0,0.0,0.0,0.0,0.0,0.0,0.0,0.0,0.0,0.0,0.0,0.0,0.0,0.0,140.7,2.7,0.27,16.6,1060.4,0.06,140.8,48.2,189.0,0.0,0.0,0.0,0.0,0.0,0.0,0.0,0.0,0.0,0.0,0.0,0.0,0.0,0.0,0.0,0.0,0.0,0.0,1965.1,1965.1,7567.0,7567.0,0.0,0.0,0.0,0.0,0.0,396.3,0.0,0.0,0.0,0.0,0.0,0.0,0.0,7030.4,140.4,0.0
2050-01-13 12:00:00,2050-01-13 10:00:00,1783.2,3435.1,0.0,10.7,5228.9,1724.7,-1640.0,0.0,1640.0,0.0328,0.0466,upv,upv,0.0,0.0,0.0,0.0,0.0,0.0,0.0,0.0,0.0,0.0,0.0,0.0,0.0,0.0,0.0,0.0,0.0,0.0,140.1,2.6,0.27,16.5,1056.0,0.06,140.2,48.0,188.3,0.0,0.0,0.0,0.0,0.0,0.0,0.0,0.0,0.0,0.0,0.0,0.0,0.0,0.0,0.0,0.0,0.0,0.0,2155.8,2155.8,6868.9,6868.9,0.0,0.0,0.0,0.0,0.0,374.6,0.0,0.0,0.0,0.0,0.0,0.0,0.0,6348.6,145.7,0.0
2050-01-13 13:00:00,2050-01-13 11:00:00,1675.8,3207.3,0.0,10.7,4893.8,1622.2,-1640.0,0.0,1640.0,0.032,0.0438,upv,upv,0.0,0.0,0.0,0.0,0.0,0.0,0.0,0.0,0.0,0.0,0.0,0.0,0.0,0.0,0.0,0.0,0.0,0.0,140.0,2.6,0.26,16.5,1055.2,0.06,140.1,48.0,188.1,0.0,0.0,0.0,0.0,0.0,0.0,0.0,0.0,0.0,0.0,0.0,0.0,0.0,0.0,0.0,0.0,0.0,0.0,1949.2,1949.2,6533.7,6533.7,0.0,0.0,0.0,0.0,0.0,351.3,0.0,0.0,0.0,0.0,0.0,0.0,0.0,6025.2,157.2,0.0
2050-01-13 14:00:00,2050-01-13 12:00:00,1613.7,3629.9,0.0,10.7,5254.3,1562.8,-1640.0,0.0,1640.0,0.0315,0.0422,upv,upv,0.0,0.0,0.0,0.0,0.0,0.0,0.0,0.0,0.0,0.0,0.0,0.0,0.0,0.0,0.0,0.0,0.0,0.0,139.9,2.6,0.26,16.5,1054.7,0.06,140.0,48.0,188.0,0.0,0.0,0.0,0.0,0.0,0.0,0.0,0.0,0.0,0.0,0.0,0.0,0.0,0.0,0.0,0.0,0.0,0.0,1461.1,1461.1,6894.2,6894.2,0.0,0.0,0.0,0.0,0.0,345.4,0.0,0.0,0.0,0.0,0.0,0.0,0.0,6377.6,171.3,0.0
2050-01-13 15:00:00,2050-01-13 13:00:00,1587.4,3373.1,0.0,10.7,4971.1,1537.6,-1640.0,0.0,1640.0,0.0314,0.0415,upv,upv,0.0,0.0,0.0,0.0,0.0,0.0,0.0,0.0,0.0,0.0,0.0,0.0,0.0,0.0,0.0,0.0,0.0,0.0,139.9,2.6,0.26,16.5,1054.5,0.06,140.0,48.0,188.0,0.0,0.0,0.0,0.0,0.0,0.0,0.0,0.0,0.0,0.0,0.0,0.0,0.0,0.0,0.0,0.0,0.0,0.0,2106.0,2106.0,6611.1,6611.1,0.0,0.0,0.0,0.0,0.0,361.1,0.0,0.0,0.0,0.0,0.0,0.0,0.0,6088.1,161.9,0.0
2050-01-13 16:00:00,2050-01-13 14:00:00,1567.4,3040.5,0.0,10.7,4618.6,1518.4,-1640.0,0.0,1640.0,0.0313,0.041,upv,upv,0.0,0.0,0.0,0.0,0.0,0.0,0.0,0.0,0.0,0.0,0.0,0.0,0.0,0.0,0.0,0.0,0.0,0.0,139.9,2.6,0.26,16.5,1054.3,0.06,140.0,48.0,188.0,0.0,0.0,0.0,0.0,0.0,0.0,0.0,0.0,0.0,0.0,0.0,0.0,0.0,0.0,0.0,0.0,0.0,0.0,2871.6,2871.6,6258.5,6258.5,0.0,0.0,0.0,0.0,0.0,378.6,0.0,0.0,0.0,0.0,0.0,0.0,0.0,5723.2,156.8,0.0
2050-01-13 17:00:00,2050-01-13 15:00:00,1601.1,2593.8,0.0,10.7,4205.5,1550.7,-1640.0,0.0,1640.0,0.0315,0.0419,upv,upv,0.0,0.0,0.0,0.0,0.0,0.0,0.0,0.0,0.0,0.0,0.0,0.0,0.0,0.0,0.0,0.0,0.0,0.0,139.9,2.6,0.26,16.5,1054.6,0.06,140.0,48.0,188.0,0.0,0.0,0.0,0.0,0.0,0.0,0.0,0.0,0.0,0.0,0.0,0.0,0.0,0.0,0.0,0.0,0.0,0.0,2690.1,2690.1,5845.5,5845.5,0.0,0.0,0.0,0.0,0.0,352.8,0.0,0.0,0.0,0.0,0.0,0.0,0.0,5316.6,176.1,0.0
2050-01-13 18:00:00,2050-01-13 16:00:00,1660.0,1664.6,0.0,0.0,3324.6,1607.1,0.0,0.0,0.0,0.0319,0.0434,battery,gas-cc,0.0,0.0,0.0,0.0,0.0,0.0,0.0,0.0,0.0,0.0,0.0,0.0,0.0,0.0,0.0,0.0,0.0,0.0,147.5,2.8,0.28,17.4,1111.7,0.06,147.6,50.6,198.2,318.4,6.0,0.6,37.6,2402.7,0.14,318.7,109.3,428.0,27.31,0.0,0.0,27.31,28.55,0.0,0.0,28.55,0.0,0.0,0.0,3324.6,3324.6,0.0,0.0,0.0,0.0,0.0,131.7,0.0,0.0,0.0,0.0,0.0,0.0,0.0,2988.8,204.1,0.0
2050-01-13 19:00:00,2050-01-13 17:00:00,1796.8,0.0,0.0,0.0,1796.8,1737.8,1546.0,0.0,0.0,0.0329,0.047,battery,gas-cc,0.0,0.0,0.0,0.0,0.0,0.0,0.0,0.0,0.0,0.0,0.0,0.0,0.0,0.0,0.0,0.0,0.0,0.0,157.3,3.0,0.3,18.6,1185.7,0.07,157.4,53.9,211.4,368.4,6.9,0.69,43.5,2780.0,0.16,368.8,126.4,495.2,32.16,0.0,0.0,32.16,33.75,0.0,0.0,33.75,0.0,0.0,0.0,1796.8,250.9,1546.0,0.0,0.0,0.0,0.0,0.0,0.0,0.0,0.0,0.0,0.0,0.0,0.0,0.0,250.9,0.0
2050-01-13 20:00:00,2050-01-13 18:00:00,1953.7,0.0,0.0,0.0,1953.7,1886.9,1708.7,0.0,0.0,0.0342,0.0511,battery,gas-cc,0.0,0.0,0.0,0.0,0.0,0.0,0.0,0.0,0.0,0.0,0.0,0.0,0.0,0.0,0.0,0.0,0.0,0.0,251.0,4.7,0.47,29.7,1892.7,0.11,251.3,86.1,337.4,370.0,7.0,0.7,43.7,2792.0,0.16,370.4,127.0,497.3,32.16,0.0,0.0,32.16,33.89,0.0,0.0,33.89,0.0,0.0,0.0,1953.7,245.0,1708.7,0.0,0.0,0.0,0.0,0.0,0.0,0.0,0.0,0.0,0.0,0.0,0.0,0.0,245.0,0.0
2050-01-13 21:00:00,2050-01-13 19:00:00,1943.2,0.0,0.0,0.0,1943.2,1876.9,1703.9,0.0,0.0,0.0341,0.0508,battery,gas-cc,0.0,0.0,0.0,0.0,0.0,0.0,0.0,0.0,0.0,0.0,0.0,0.0,0.0,0.0,0.0,0.0,0.0,0.0,159.8,3.0,0.3,18.9,1205.1,0.07,160.0,54.8,214.8,369.9,7.0,0.7,43.7,2791.2,0.16,370.3,126.9,497.2,32.16,0.0,0.0,32.16,33.88,0.0,0.0,33.88,0.0,0.0,0.0,1943.2,239.2,1703.9,0.0,0.0,0.0,0.0,0.0,0.0,0.0,0.0,0.0,0.0,0.0,0.0,0.0,239.2,0.0
2050-01-13 22:00:00,2050-01-13 20:00:00,1855.8,0.0,0.0,0.4,1856.1,1793.9,1605.2,0.0,55.4,0.0334,0.0485,battery,gas-cc,0.0,0.0,0.0,0.0,0.0,0.0,0.0,0.0,0.0,0.0,0.0,0.0,0.0,0.0,0.0,0.0,0.0,0.0,203.5,3.8,0.38,24.0,1534.2,0.09,203.7,69.8,273.5,369.0,7.0,0.7,43.6,2784.5,0.16,369.4,126.6,496.0,32.16,0.0,0.0,32.16,33.8,0.0,0.0,33.8,0.0,0.0,0.0,1911.6,251.0,1660.6,0.0,0.0,0.0,0.0,0.0,0.0,0.0,0.0,0.0,0.0,0.0,0.0,0.0,251.0,0.0
2050-01-13 23:00:00,2050-01-13 21:00:00,1809.5,0.0,0.0,8.2,1817.7,1749.8,1563.0,0.0,1258.6,0.033,0.0473,battery,gas-cc,0.0,0.0,0.0,0.0,0.0,0.0,0.0,0.0,0.0,0.0,0.0,0.0,0.0,0.0,0.0,0.0,0.0,0.0,154.2,2.9,0.29,18.2,1162.5,0.07,154.4,52.9,207.2,393.3,7.4,0.74,46.5,2967.7,0.17,393.7,134.9,528.6,32.16,0.0,0.0,32.16,33.76,0.0,0.0,33.76,0.0,0.0,0.0,3076.2,254.7,2821.5,0.0,0.0,0.0,0.0,0.0,0.0,0.0,0.0,0.0,0.0,0.0,0.0,0.0,254.7,0.0
2050-01-14 00:00:00,2050-01-13 22:00:00,1718.9,0.0,0.0,8.3,1727.2,1663.5,1482.8,0.0,1270.6,0.0323,0.045,battery,gas-cc,0.0,0.0,0.0,0.0,0.0,0.0,0.0,0.0,0.0,0.0,0.0,0.0,0.0,0.0,0.0,0.0,0.0,0.0,148.8,2.8,0.28,17.6,1121.4,0.06,148.9,51.0,199.9,368.4,6.9,0.69,43.5,2780.1,0.16,368.8,126.4,495.2,31.94,0.0,0.0,31.94,33.44,0.0,0.0,33.44,0.0,0.0,0.0,2997.8,244.4,2753.4,0.0,0.0,0.0,0.0,0.0,0.0,0.0,0.0,0.0,0.0,0.0,0.0,0.0,244.4,0.0
2050-01-14 01:00:00,2050-01-13 23:00:00,1601.1,0.0,0.0,9.3,1610.3,1550.7,1371.5,0.0,1423.1,0.0315,0.0419,battery,gas-cc,0.0,0.0,0.0,0.0,0.0,0.0,0.0,0.0,0.0,0.0,0.0,0.0,0.0,0.0,0.0,0.0,0.0,0.0,164.0,3.1,0.31,19.4,1236.7,0.07,164.2,56.3,220.5,371.6,7.0,0.7,43.9,2804.1,0.16,372.0,127.5,499.5,31.94,0.0,0.0,31.94,33.34,0.0,0.0,33.34,0.0,0.0,0.0,3033.5,238.8,2794.6,0.0,0.0,0.0,0.0,0.0,0.0,0.0,0.0,0.0,0.0,0.0,0.0,0.0,238.8,0.0
2050-01-14 02:00:00,2050-01-14 00:00:00,1489.5,0.0,0.0,2.8,1492.3,1443.6,1249.0,0.0,436.3,0.0308,0.039,battery,gas-cc,0.0,0.0,0.0,0.0,0.0,0.0,0.0,0.0,0.0,0.0,0.0,0.0,0.0,0.0,0.0,0.0,0.0,0.0,162.1,3.1,0.31,19.1,1221.8,0.07,162.2,55.6,217.8,370.5,7.0,0.7,43.8,2795.6,0.16,370.9,127.1,498.0,31.94,0.0,0.0,31.94,33.24,0.0,0.0,33.24,0.0,0.0,0.0,1928.6,243.3,1685.2,0.0,0.0,0.0,0.0,0.0,0.0,0.0,0.0,0.0,0.0,0.0,0.0,0.0,243.3,0.0
2050-01-14 03:00:00,2050-01-14 01:00:00,1409.5,0.0,0.0,3.0,1412.4,1366.6,1165.8,0.0,454.9,0.0304,0.0369,gas-cc,gas-cc,0.0,0.0,0.0,0.0,0.0,0.0,0.0,0.0,0.0,0.0,0.0,0.0,0.0,0.0,0.0,0.0,0.0,0.0,199.7,3.8,0.38,23.6,1506.3,0.09,199.9,68.5,268.4,369.7,7.0,0.7,43.7,2789.5,0.16,370.1,126.8,496.9,31.94,0.0,0.0,31.94,33.16,0.0,0.0,33.16,0.0,0.0,0.0,1867.3,246.6,1620.7,0.0,0.0,0.0,0.0,0.0,0.0,0.0,0.0,0.0,0.0,0.0,0.0,0.0,246.6,0.0
2050-01-14 04:00:00,2050-01-14 02:00:00,1353.7,0.0,0.0,0.0,1353.7,1312.9,1111.9,0.0,0.0,0.0302,0.0354,battery,gas-cc,0.0,0.0,0.0,0.0,0.0,0.0,0.0,0.0,0.0,0.0,0.0,0.0,0.0,0.0,0.0,0.0,0.0,0.0,154.6,2.9,0.29,18.3,1165.4,0.07,154.7,53.0,207.8,359.9,6.8,0.68,42.5,2715.7,0.16,360.3,123.5,483.7,31.94,0.0,0.0,31.94,33.11,0.0,0.0,33.11,0.0,0.0,0.0,1353.7,241.8,1111.9,0.0,0.0,0.0,0.0,0.0,0.0,0.0,0.0,0.0,0.0,0.0,0.0,0.0,241.8,0.0
2050-01-14 05:00:00,2050-01-14 03:00:00,1327.4,0.0,0.0,0.0,1327.4,1287.5,1088.7,0.0,0.0,0.0301,0.0347,battery,gas-cc,0.0,0.0,0.0,0.0,0.0,0.0,0.0,0.0,0.0,0.0,0.0,0.0,0.0,0.0,0.0,0.0,0.0,0.0,164.3,3.1,0.31,19.4,1238.9,0.07,164.5,56.4,220.9,359.6,6.8,0.68,42.5,2713.8,0.16,360.0,123.4,483.4,31.94,0.0,0.0,31.94,33.09,0.0,0.0,33.09,0.0,0.0,0.0,1327.4,238.7,1088.7,0.0,0.0,0.0,0.0,0.0,0.0,0.0,0.0,0.0,0.0,0.0,0.0,0.0,238.7,0.0
2050-01-14 06:00:00,2050-01-14 04:00:00,1316.8,0.0,0.0,0.0,1316.8,1277.3,1078.6,0.0,0.0,0.03,0.0344,battery,gas-cc,0.0,0.0,0.0,0.0,0.0,0.0,0.0,0.0,0.0,0.0,0.0,0.0,0.0,0.0,0.0,0.0,0.0,0.0,150.5,2.8,0.28,17.8,1134.7,0.07,150.7,51.6,202.3,359.5,6.8,0.68,42.5,2713.0,0.16,359.9,123.4,483.3,31.94,0.0,0.0,31.94,33.08,0.0,0.0,33.08,0.0,0.0,0.0,1316.8,238.3,1078.6,0.0,0.0,0.0,0.0,0.0,0.0,0.0,0.0,0.0,0.0,0.0,0.0,0.0,238.3,0.0
2050-01-14 07:00:00,2050-01-14 05:00:00,1345.3,0.0,0.0,0.0,1345.3,1304.7,1104.5,0.0,0.0,0.0301,0.0352,battery,gas-cc,0.0,0.0,0.0,0.0,0.0,0.0,0.0,0.0,0.0,0.0,0.0,0.0,0.0,0.0,0.0,0.0,0.0,0.0,173.4,3.3,0.33,20.5,1307.3,0.08,173.6,59.5,233.0,359.8,6.8,0.68,42.5,2715.1,0.16,360.2,123.5,483.6,31.94,0.0,0.0,31.94,33.11,0.0,0.0,33.11,0.0,0.0,0.0,1345.3,240.7,1104.5,0.0,0.0,0.0,0.0,0.0,0.0,0.0,0.0,0.0,0.0,0.0,0.0,0.0,240.7,0.0
2050-01-14 08:00:00,2050-01-14 06:00:00,1400.0,0.0,0.0,0.0,1400.0,1357.5,1160.6,0.0,0.0,0.0303,0.0366,battery,gas-cc,0.0,0.0,0.0,0.0,0.0,0.0,0.0,0.0,0.0,0.0,0.0,0.0,0.0,0.0,0.0,0.0,0.0,0.0,176.8,3.3,0.33,20.9,1333.0,0.08,177.0,60.6,237.6,360.3,6.8,0.68,42.6,2719.1,0.16,360.7,123.6,484.4,31.94,0.0,0.0,31.94,33.16,0.0,0.0,33.16,0.0,0.0,0.0,1400.0,239.4,1160.6,0.0,0.0,0.0,0.0,0.0,0.0,0.0,0.0,0.0,0.0,0.0,0.0,0.0,239.4,0.0
2050-01-14 09:00:00,2050-01-14 07:00:00,1482.1,0.0,0.0,0.0,1482.1,1436.5,632.3,0.0,0.0,0.0308,0.0388,battery,gas-cc,0.0,0.0,0.0,0.0,0.0,0.0,0.0,0.0,0.0,0.0,0.0,0.0,0.0,0.0,0.0,0.0,0.0,0.0,147.2,2.8,0.28,17.4,1109.9,0.06,147.4,50.5,197.9,361.1,6.8,0.68,42.7,2725.2,0.16,361.5,123.9,485.4,31.94,0.0,0.0,31.94,33.23,0.0,0.0,33.23,0.0,0.0,0.0,1482.1,849.8,632.3,0.0,0.0,0.0,0.0,26.1,0.0,0.0,0.0,0.0,0.0,0.0,0.0,591.7,232.0,0.0
2050-01-14 10:00:00,2050-01-14 08:00:00,1569.5,2683.0,0.0,11.1,4263.6,1520.4,1094.3,1094.3,0.0,0.0313,0.041,battery,gas-cc,0.0,0.0,0.0,0.0,0.0,0.0,0.0,0.0,0.0,0.0,0.0,0.0,0.2,0.4,0.0,0.0,0.2,0.2,157.7,3.0,0.3,18.6,1189.0,0.07,157.9,54.1,211.9,317.6,6.0,0.6,37.5,2396.8,0.14,318.0,109.0,426.9,16.9,0.0,0.0,16.9,17.63,0.0,0.0,17.63,0.0,0.0,0.0,3169.3,3169.3,0.0,0.0,0.0,0.0,0.0,124.8,0.0,0.0,0.0,0.0,0.0,0.0,0.0,2832.1,212.4,0.0
2050-01-14 11:00:00,2050-01-14 09:00:00,1608.4,4019.6,0.0,9.5,5637.5,1557.7,847.0,847.0,0.0,0.0315,0.0421,wind-ons,wind-ons,0.0,0.0,0.0,0.0,0.0,0.0,0.0,0.0,0.0,0.0,0.0,0.0,0.1,0.2,0.0,0.0,0.1,0.1,139.9,2.6,0.26,16.5,1054.6,0.06,140.0,48.0,188.0,0.0,0.0,0.0,0.0,0.0,0.0,0.0,0.0,0.0,5.06,0.0,0.0,5.06,5.28,0.0,0.0,5.28,0.0,0.0,0.0,4790.5,4790.5,0.0,0.0,0.0,0.0,0.0,195.1,0.0,0.0,0.0,0.0,0.0,0.0,0.0,4426.6,168.8,0.0
2050-01-14 12:00:00,2050-01-14 10:00:00,1587.4,3921.6,0.0,9.6,5518.5,1537.6,863.2,863.2,0.0,0.0314,0.0415,battery,gas-cc,0.0,0.0,0.0,0.0,0.0,0.0,0.0,0.0,0.0,0.0,0.0,0.0,0.1,0.2,0.0,0.0,0.1,0.1,139.9,2.6,0.26,16.5,1054.5,0.06,140.0,48.0,188.0,362.8,6.8,0.68,42.9,2738.0,0.16,363.2,124.5,487.7,16.9,0.0,0.0,16.9,17.63,0.0,0.0,17.63,0.0,0.0,0.0,4655.3,4655.3,0.0,0.0,0.0,0.0,0.0,191.3,0.0,0.0,0.0,0.0,0.0,0.0,0.0,4339.4,124.7,0.0
2050-01-14 13:00:00,2050-01-14 11:00:00,1567.4,3799.0,0.0,7.4,5373.8,1518.4,525.2,525.2,0.0,0.0313,0.041,battery,gas-cc,0.0,0.0,0.0,0.0,0.0,0.0,0.0,0.0,0.0,0.0,0.0,0.0,0.0,0.0,0.0,0.0,0.0,0.0,144.6,2.7,0.27,17.1,1089.9,0.06,144.7,49.6,194.3,334.1,6.3,0.63,39.5,2521.4,0.14,334.5,114.6,449.1,16.9,0.0,0.0,16.9,17.62,0.0,0.0,17.62,0.0,0.0,0.0,4848.6,4848.6,0.0,0.0,0.0,0.0,0.0,200.3,0.0,0.0,0.0,0.0,0.0,0.0,0.0,4546.2,102.1,0.0
2050-01-14 14:00:00,2050-01-14 12:00:00,1556.8,3469.1,0.0,8.7,5034.6,1508.3,714.6,714.6,0.0,0.0312,0.0407,battery,gas-cc,0.0,0.0,0.0,0.0,0.0,0.0,0.0,0.0,0.0,0.0,0.0,0.0,0.1,0.1,0.0,0.0,0.1,0.1,139.8,2.6,0.26,16.5,1054.3,0.06,140.0,48.0,187.9,334.0,6.3,0.63,39.5,2520.6,0.14,334.4,114.6,449.0,16.9,0.0,0.0,16.9,17.62,0.0,0.0,17.62,0.0,0.0,0.0,4320.0,4320.0,0.0,0.0,0.0,0.0,0.0,178.6,0.0,0.0,0.0,0.0,0.0,0.0,0.0,4055.1,86.3,0.0
2050-01-14 15:00:00,2050-01-14 13:00:00,1572.6,3950.3,0.0,6.9,5529.8,1523.4,445.3,445.3,0.0,0.0313,0.0411,battery,gas-cc,0.0,0.0,0.0,0.0,0.0,0.0,0.0,0.0,0.0,0.0,0.0,0.0,0.0,0.0,0.0,0.0,0.0,0.0,139.9,2.6,0.26,16.5,1054.4,0.06,140.0,48.0,188.0,317.6,6.0,0.6,37.5,2397.0,0.14,318.0,109.0,427.0,16.9,0.0,0.0,16.9,17.63,0.0,0.0,17.63,0.0,0.0,0.0,5084.5,5084.5,0.0,0.0,0.0,0.0,0.0,212.0,0.0,0.0,0.0,0.0,0.0,0.0,0.0,4811.1,61.4,0.0
2050-01-14 16:00:00,2050-01-14 14:00:00,1595.8,2850.6,0.0,8.9,4455.4,1545.6,759.9,759.9,0.0,0.0314,0.0417,battery,gas-cc,0.0,0.0,0.0,0.0,0.0,0.0,0.0,0.0,0.0,0.0,0.0,0.0,0.1,0.2,0.0,0.0,0.1,0.1,140.0,2.6,0.27,16.5,1055.7,0.06,140.2,48.0,188.2,334.4,6.3,0.63,39.5,2523.3,0.14,334.7,114.7,449.5,16.9,0.0,0.0,16.9,17.64,0.0,0.0,17.64,0.0,0.0,0.0,3695.4,3695.4,0.0,0.0,0.0,0.0,0.0,154.2,0.0,0.0,0.0,0.0,0.0,0.0,0.0,3499.3,41.9,0.0
2050-01-14 17:00:00,2050-01-14 15:00:00,1605.3,623.0,0.0,12.1,2240.4,1554.7,1243.2,1243.2,0.0,0.0315,0.042,battery,gas-cc,0.0,0.0,0.0,0.0,0.0,0.0,0.0,0.0,0.0,0.0,0.0,0.0,0.5,1.2,0.01,0.0,0.6,0.6,139.9,2.6,0.26,16.5,1054.6,0.06,140.0,48.0,188.0,317.9,6.0,0.6,37.6,2399.1,0.14,318.3,109.1,427.4,26.74,0.0,0.0,26.74,27.91,0.0,0.0,27.91,0.0,0.0,0.0,997.2,997.2,0.0,0.0,0.0,0.0,0.0,40.8,0.0,0.0,0.0,0.0,0.0,0.0,0.0,926.5,29.9,0.0
2050-01-14 18:00:00,2050-01-14 16:00:00,1652.6,0.0,0.0,0.0,1652.6,1600.1,1170.1,0.0,0.0,0.0318,0.0432,battery,gas-cc,0.0,0.0,0.0,0.0,0.0,0.0,0.0,0.0,0.0,0.0,0.0,0.0,0.0,0.0,0.0,0.0,0.0,0.0,192.1,3.6,0.36,22.7,1449.0,0.08,192.3,65.9,258.2,358.5,6.8,0.68,42.3,2705.2,0.16,358.9,123.0,481.9,31.5,0.0,0.0,31.5,32.92,0.0,0.0,32.92,0.0,0.0,0.0,1652.6,482.5,1170.1,0.0,0.0,0.0,0.0,19.1,0.0,0.0,0.0,0.0,0.0,0.0,0.0,433.0,30.5,0.0
2050-01-14 19:00:00,2050-01-14 17:00:00,1745.3,0.0,0.0,0.0,1745.3,1688.6,1711.9,0.0,0.0,0.0325,0.0456,battery,gas-cc,0.0,0.0,0.0,0.0,0.0,0.0,0.0,0.0,0.0,0.0,0.0,0.0,0.0,0.0,0.0,0.0,0.0,0.0,251.1,4.7,0.47,29.7,1894.2,0.11,251.3,86.1,337.5,359.4,6.8,0.68,42.5,2712.1,0.16,359.8,123.3,483.1,31.5,0.0,0.0,31.5,33.0,0.0,0.0,33.0,0.0,0.0,0.0,1745.3,33.3,1711.9,0.0,0.0,0.0,0.0,0.0,0.0,0.0,0.0,0.0,0.0,0.0,0.0,0.0,33.3,0.0
2050-01-14 20:00:00,2050-01-14 18:00:00,1809.5,0.0,0.0,0.0,1809.5,1749.8,1792.4,0.0,0.0,0.033,0.0473,battery,gas-cc,0.0,0.0,0.0,0.0,0.0,0.0,0.0,0.0,0.0,0.0,0.0,0.0,0.0,0.0,0.0,0.0,0.0,0.0,182.5,3.4,0.34,21.6,1376.1,0.08,182.7,62.6,245.3,360.0,6.8,0.68,42.5,2716.8,0.16,360.4,123.5,484.0,31.5,0.0,0.0,31.5,33.06,0.0,0.0,33.06,0.0,0.0,0.0,1809.5,17.1,1792.4,0.0,0.0,0.0,0.0,0.0,0.0,0.0,0.0,0.0,0.0,0.0,0.0,0.0,17.1,0.0
2050-01-14 21:00:00,2050-01-14 19:00:00,1798.9,0.0,0.0,0.0,1798.9,1739.8,1786.2,0.0,0.0,0.0329,0.047,battery,gas-cc,0.0,0.0,0.0,0.0,0.0,0.0,0.0,0.0,0.0,0.0,0.0,0.0,0.0,0.0,0.0,0.0,0.0,0.0,166.6,3.1,0.32,19.7,1256.0,0.07,166.8,57.1,223.9,359.9,6.8,0.68,42.5,2716.1,0.16,360.3,123.5,483.8,31.5,0.0,0.0,31.5,33.05,0.0,0.0,33.05,0.0,0.0,0.0,1798.9,12.8,1786.2,0.0,0.0,0.0,0.0,0.0,0.0,0.0,0.0,0.0,0.0,0.0,0.0,0.0,12.8,0.0
2050-01-14 22:00:00,2050-01-14 20:00:00,1760.0,0.0,0.0,0.0,1760.0,1702.6,1756.5,0.0,0.0,0.0326,0.046,battery,gas-cc,0.0,0.0,0.0,0.0,0.0,0.0,0.0,0.0,0.0,0.0,0.0,0.0,0.0,0.0,0.0,0.0,0.0,0.0,228.6,4.3,0.43,27.0,1724.8,0.1,228.9,78.4,307.3,359.5,6.8,0.68,42.5,2713.2,0.16,359.9,123.4,483.3,31.5,0.0,0.0,31.5,33.02,0.0,0.0,33.02,0.0,0.0,0.0,1760.0,3.5,1756.5,0.0,0.0,0.0,0.0,0.0,0.0,0.0,0.0,0.0,0.0,0.0,0.0,0.0,3.5,0.0
2050-01-14 23:00:00,2050-01-14 21:00:00,1708.4,0.0,0.0,0.0,1708.4,1653.4,1706.5,0.0,0.0,0.0322,0.0447,battery,gas-cc,0.0,0.0,0.0,0.0,0.0,0.0,0.0,0.0,0.0,0.0,0.0,0.0,0.0,0.0,0.0,0.0,0.0,0.0,182.2,3.4,0.34,21.5,1374.3,0.08,182.4,62.5,244.9,359.0,6.8,0.68,42.4,2709.3,0.16,359.4,123.2,482.6,31.5,0.0,0.0,31.5,32.97,0.0,0.0,32.97,0.0,0.0,0.0,1708.4,1.9,1706.5,0.0,0.0,0.0,0.0,0.0,0.0,0.0,0.0,0.0,0.0,0.0,0.0,0.0,1.9,0.0
2050-01-15 00:00:00,2050-01-14 22:00:00,1613.7,0.0,0.0,0.0,1613.7,1562.8,1610.4,0.0,0.0,0.0315,0.0422,battery,gas-cc,0.0,0.0,0.0,0.0,0.0,0.0,0.0,0.0,0.0,0.0,0.0,0.0,0.0,0.0,0.0,0.0,0.0,0.0,169.4,3.2,0.32,20.0,1277.3,0.07,169.6,58.1,227.7,366.6,6.9,0.69,43.3,2766.1,0.16,366.9,125.8,492.7,32.07,0.0,0.0,32.07,33.49,0.0,0.0,33.49,0.0,0.0,0.0,1613.7,3.2,1610.4,0.0,0.0,0.0,0.0,0.0,0.0,0.0,0.0,0.0,0.0,0.0,0.0,0.0,3.2,0.0
2050-01-15 01:00:00,2050-01-14 23:00:00,1505.3,0.0,0.0,0.0,1505.3,1458.8,1498.7,0.0,0.0,0.0309,0.0394,battery,gas-cc,0.0,0.0,0.0,0.0,0.0,0.0,0.0,0.0,0.0,0.0,0.0,0.0,0.0,0.0,0.0,0.0,0.0,0.0,181.1,3.4,0.34,21.4,1365.8,0.08,181.3,62.1,243.4,365.5,6.9,0.69,43.2,2757.9,0.16,365.9,125.4,491.3,32.07,0.0,0.0,32.07,33.39,0.0,0.0,33.39,0.0,0.0,0.0,1505.3,6.6,1498.7,0.0,0.0,0.0,0.0,0.0,0.0,0.0,0.0,0.0,0.0,0.0,0.0,0.0,6.6,0.0
2050-01-15 02:00:00,2050-01-15 00:00:00,1391.6,0.0,0.0,0.0,1391.6,1349.4,1377.9,0.0,0.0,0.0303,0.0364,battery,gas-cc,0.0,0.0,0.0,0.0,0.0,0.0,0.0,0.0,0.0,0.0,0.0,0.0,0.0,0.0,0.0,0.0,0.0,0.0,170.9,3.2,0.32,20.2,1288.3,0.07,171.0,58.6,229.6,364.3,6.9,0.69,43.0,2749.4,0.16,364.7,125.0,489.8,32.07,0.0,0.0,32.07,33.28,0.0,0.0,33.28,0.0,0.0,0.0,1391.6,13.7,1377.9,0.0,0.0,0.0,0.0,0.0,0.0,0.0,0.0,0.0,0.0,0.0,0.0,0.0,13.7,0.0
2050-01-15 03:00:00,2050-01-15 01:00:00,1311.6,0.0,0.0,0.0,1311.6,1272.2,1289.6,0.0,0.0,0.03,0.0343,battery,gas-cc,0.0,0.0,0.0,0.0,0.0,0.0,0.0,0.0,0.0,0.0,0.0,0.0,0.0,0.0,0.0,0.0,0.0,0.0,220.2,4.2,0.42,26.0,1660.8,0.1,220.4,75.5,295.9,363.6,6.9,0.69,42.9,2743.4,0.16,363.9,124.7,488.7,32.07,0.0,0.0,32.07,33.21,0.0,0.0,33.21,0.0,0.0,0.0,1311.6,22.0,1289.6,0.0,0.0,0.0,0.0,0.0,0.0,0.0,0.0,0.0,0.0,0.0,0.0,0.0,22.0,0.0
2050-01-15 04:00:00,2050-01-15 02:00:00,1245.3,0.0,0.0,4.1,1249.3,1208.1,1224.8,262.6,0.0,0.0298,0.0326,battery,gas-cc,0.0,0.0,0.0,0.0,0.0,0.0,0.0,0.0,0.0,0.0,0.0,0.0,0.0,0.0,0.0,0.0,0.0,0.0,185.0,3.5,0.35,21.9,1395.3,0.08,185.2,63.5,248.7,362.9,6.8,0.68,42.9,2738.5,0.16,363.3,124.5,487.8,32.07,0.0,0.0,32.07,33.15,0.0,0.0,33.15,0.0,0.0,0.0,986.8,24.5,962.3,0.0,0.0,0.0,0.0,0.0,0.0,0.0,0.0,0.0,0.0,0.0,0.0,0.0,24.5,0.0
2050-01-15 05:00:00,2050-01-15 03:00:00,1206.3,0.0,0.0,6.9,1213.2,1170.4,1186.6,445.3,0.0,0.0297,0.0315,battery,gas-cc,0.0,0.0,0.0,0.0,0.0,0.0,0.0,0.0,0.0,0.0,0.0,0.0,0.0,0.0,0.0,0.0,0.0,0.0,171.6,3.2,0.32,20.3,1293.7,0.07,171.7,58.8,230.6,362.5,6.8,0.68,42.8,2735.6,0.16,362.9,124.4,487.3,32.07,0.0,0.0,32.07,33.12,0.0,0.0,33.12,0.0,0.0,0.0,767.9,26.6,741.3,0.0,0.0,0.0,0.0,0.0,0.0,0.0,0.0,0.0,0.0,0.0,0.0,0.0,26.6,0.0
2050-01-15 06:00:00,2050-01-15 04:00:00,1190.5,0.0,0.0,7.1,1197.7,1155.1,1168.3,480.0,0.0,0.0297,0.0311,gas-cc,gas-cc,0.0,0.0,0.0,0.0,0.0,0.0,0.0,0.0,0.0,0.0,0.0,0.0,0.1,0.2,0.0,0.0,0.1,0.1,193.1,3.6,0.36,22.8,1456.6,0.08,193.3,66.2,259.6,363.1,6.8,0.68,42.9,2740.0,0.16,363.5,124.6,488.1,32.07,0.0,0.0,32.07,33.1,0.0,0.0,33.1,0.0,0.0,0.0,717.6,29.4,688.3,0.0,0.0,0.0,0.0,0.0,0.0,0.0,0.0,0.0,0.0,0.0,0.0,0.0,29.4,0.0
2050-01-15 07:00:00,2050-01-15 05:00:00,1198.9,0.0,0.0,9.1,1208.0,1163.3,1177.7,777.6,0.0,0.0297,0.0314,battery,gas-cc,0.0,0.0,0.0,0.0,0.0,0.0,0.0,0.0,0.0,0.0,0.0,0.0,0.9,2.1,0.02,0.0,1.0,1.0,181.8,3.4,0.34,21.5,1370.9,0.08,182.0,62.4,244.3,362.4,6.8,0.68,42.8,2735.1,0.16,362.8,124.4,487.2,32.07,0.0,0.0,32.07,33.11,0.0,0.0,33.11,0.0,0.0,0.0,430.4,30.3,400.1,0.0,0.0,0.0,0.0,0.0,0.0,0.0,0.0,0.0,0.0,0.0,0.0,0.0,30.3,0.0
2050-01-15 08:00:00,2050-01-15 06:00:00,1242.1,0.0,0.0,6.9,1249.0,1205.1,1212.7,445.3,0.0,0.0298,0.0325,battery,gas-cc,0.0,0.0,0.0,0.0,0.0,0.0,0.0,0.0,0.0,0.0,0.0,0.0,0.0,0.0,0.0,0.0,0.0,0.0,177.4,3.3,0.34,21.0,1338.0,0.08,177.6,60.9,238.5,362.9,6.8,0.68,42.9,2738.3,0.16,363.3,124.5,487.8,32.07,0.0,0.0,32.07,33.15,0.0,0.0,33.15,0.0,0.0,0.0,803.7,36.3,767.4,0.0,0.0,0.0,0.0,0.0,0.0,0.0,0.0,0.0,0.0,0.0,0.0,0.0,36.3,0.0
2050-01-15 09:00:00,2050-01-15 07:00:00,1316.8,0.0,0.0,10.3,1327.1,1277.3,969.2,969.2,0.0,0.03,0.0344,hydro,gas-cc,0.0,0.0,0.0,0.0,0.0,0.0,0.0,0.0,0.0,0.0,0.0,0.0,1.1,2.6,0.02,0.0,1.2,1.2,173.4,3.3,0.33,20.5,1307.7,0.08,173.6,59.5,233.0,358.4,6.8,0.68,42.3,2704.2,0.16,358.7,123.0,481.7,28.71,0.0,0.0,28.71,29.74,0.0,0.0,29.74,0.0,0.0,0.0,358.0,358.0,0.0,0.0,0.0,0.0,0.0,13.2,0.0,0.0,0.0,0.0,0.0,0.0,0.0,299.1,45.7,0.0
2050-01-15 10:00:00,2050-01-15 08:00:00,1407.4,598.1,0.0,6.9,2012.4,1364.6,445.3,445.3,0.0,0.0304,0.0368,battery,gas-cc,0.0,0.0,0.0,0.0,0.0,0.0,0.0,0.0,0.0,0.0,0.0,0.0,0.0,0.0,0.0,0.0,0.0,0.0,139.7,2.6,0.26,16.5,1053.4,0.06,139.9,47.9,187.8,320.0,6.0,0.6,37.8,2415.1,0.14,320.4,109.8,430.2,27.23,0.0,0.0,27.23,28.27,0.0,0.0,28.27,0.0,0.0,0.0,1567.0,1567.0,0.0,0.0,0.0,0.0,0.0,64.6,0.0,0.0,0.0,0.0,0.0,0.0,0.0,1466.1,36.3,0.0
2050-01-15 11:00:00,2050-01-15 09:00:00,1484.2,1247.5,0.0,6.9,2738.6,1438.5,445.3,445.3,0.0,0.0308,0.0388,battery,gas-cc,0.0,0.0,0.0,0.0,0.0,0.0,0.0,0.0,0.0,0.0,0.0,0.0,0.0,0.0,0.0,0.0,0.0,0.0,139.8,2.6,0.26,16.5,1053.8,0.06,139.9,47.9,187.9,316.9,6.0,0.6,37.4,2391.2,0.14,317.2,108.7,425.9,27.23,0.0,0.0,27.23,28.33,0.0,0.0,28.33,0.0,0.0,0.0,2293.3,2293.3,0.0,0.0,0.0,0.0,0.0,95.0,0.0,0.0,0.0,0.0,0.0,0.0,0.0,2155.2,43.2,0.0
2050-01-15 12:00:00,2050-01-15 10:00:00,1523.2,1627.1,0.0,6.9,3157.2,1476.0,445.3,445.3,0.0,0.031,0.0398,battery,gas-cc,0.0,0.0,0.0,0.0,0.0,0.0,0.0,0.0,0.0,0.0,0.0,0.0,0.0,0.0,0.0,0.0,0.0,0.0,139.8,2.6,0.26,16.5,1054.0,0.06,140.0,47.9,187.9,317.2,6.0,0.6,37.5,2393.7,0.14,317.6,108.8,426.4,27.23,0.0,0.0,27.23,28.36,0.0,0.0,28.36,0.0,0.0,0.0,2711.9,2711.9,0.0,0.0,0.0,0.0,0.0,110.7,0.0,0.0,0.0,0.0,0.0,0.0,0.0,2512.2,89.0,0.0
2050-01-15 13:00:00,2050-01-15 11:00:00,1526.3,2269.1,0.0,6.9,3802.4,1479.0,445.3,445.3,0.0,0.031,0.0399,battery,gas-cc,0.0,0.0,0.0,0.0,0.0,0.0,0.0,0.0,0.0,0.0,0.0,0.0,0.0,0.0,0.0,0.0,0.0,0.0,139.8,2.6,0.26,16.5,1054.1,0.06,140.0,47.9,187.9,317.2,6.0,0.6,37.5,2393.9,0.14,317.6,108.9,426.4,27.23,0.0,0.0,27.23,28.36,0.0,0.0,28.36,0.0,0.0,0.0,3357.1,3357.1,0.0,0.0,0.0,0.0,0.0,135.8,0.0,0.0,0.0,0.0,0.0,0.0,0.0,3080.9,140.4,0.0
2050-01-15 14:00:00,2050-01-15 12:00:00,1549.5,1841.4,0.0,6.9,3397.8,1501.2,445.3,445.3,0.0,0.0311,0.0405,battery,gas-cc,0.0,0.0,0.0,0.0,0.0,0.0,0.0,0.0,0.0,0.0,0.0,0.0,0.0,0.0,0.0,0.0,0.0,0.0,139.8,2.6,0.26,16.5,1054.2,0.06,140.0,48.0,187.9,317.4,6.0,0.6,37.5,2395.5,0.14,317.8,108.9,426.7,27.23,0.0,0.0,27.23,28.38,0.0,0.0,28.38,0.0,0.0,0.0,2952.5,2952.5,0.0,0.0,0.0,0.0,0.0,116.2,0.0,0.0,0.0,0.0,0.0,0.0,0.0,2638.2,198.1,0.0
2050-01-15 15:00:00,2050-01-15 13:00:00,1569.5,1084.0,0.0,6.9,2660.4,1520.4,445.3,445.3,0.0,0.0313,0.041,battery,gas-cc,0.0,0.0,0.0,0.0,0.0,0.0,0.0,0.0,0.0,0.0,0.0,0.0,0.0,0.0,0.0,0.0,0.0,0.0,139.9,2.6,0.26,16.5,1054.3,0.06,140.0,48.0,188.0,317.6,6.0,0.6,37.5,2396.8,0.14,318.0,109.0,426.9,27.23,0.0,0.0,27.23,28.4,0.0,0.0,28.4,0.0,0.0,0.0,2215.1,2215.1,0.0,0.0,0.0,0.0,0.0,83.8,0.0,0.0,0.0,0.0,0.0,0.0,0.0,1901.5,229.8,0.0
2050-01-15 16:00:00,2050-01-15 14:00:00,1569.5,553.3,0.0,6.9,2129.7,1520.4,445.3,445.3,0.0,0.0313,0.041,battery,gas-cc,0.0,0.0,0.0,0.0,0.0,0.0,0.0,0.0,0.0,0.0,0.0,0.0,0.0,0.0,0.0,0.0,0.0,0.0,139.9,2.6,0.26,16.5,1054.3,0.06,140.0,48.0,188.0,321.5,6.1,0.61,38.0,2425.7,0.14,321.8,110.3,432.1,27.23,0.0,0.0,27.23,28.4,0.0,0.0,28.4,0.0,0.0,0.0,1684.4,1684.4,0.0,0.0,0.0,0.0,0.0,60.8,0.0,0.0,0.0,0.0,0.0,0.0,0.0,1380.5,243.1,0.0
2050-01-15 17:00:00,2050-01-15 15:00:00,1574.7,0.0,0.0,8.4,1583.2,1525.5,683.3,683.3,0.0,0.0313,0.0412,battery,gas-cc,0.0,0.0,0.0,0.0,0.0,0.0,0.0,0.0,0.0,0.0,0.0,0.0,0.4,0.9,0.01,0.0,0.4,0.4,140.0,2.6,0.26,16.5,1055.1,0.06,140.1,48.0,188.1,346.1,6.5,0.65,40.9,2612.1,0.15,346.5,118.8,465.3,27.43,0.0,0.0,27.43,28.61,0.0,0.0,28.61,0.0,0.0,0.0,899.9,899.9,0.0,0.0,0.0,0.0,0.0,27.7,0.0,0.0,0.0,0.0,0.0,0.0,0.0,628.5,243.7,0.0
2050-01-15 18:00:00,2050-01-15 16:00:00,1631.6,0.0,0.0,6.9,1638.5,1579.9,1157.1,445.3,0.0,0.0317,0.0427,battery,gas-cc,0.0,0.0,0.0,0.0,0.0,0.0,0.0,0.0,0.0,0.0,0.0,0.0,0.0,0.0,0.0,0.0,0.0,0.0,148.9,2.8,0.28,17.6,1122.7,0.06,149.1,51.1,200.1,366.7,6.9,0.69,43.3,2767.4,0.16,367.1,125.8,493.0,32.07,0.0,0.0,32.07,33.5,0.0,0.0,33.5,0.0,0.0,0.0,1193.2,481.4,711.8,0.0,0.0,0.0,0.0,11.3,0.0,0.0,0.0,0.0,0.0,0.0,0.0,256.7,213.4,0.0
2050-01-15 19:00:00,2050-01-15 17:00:00,1727.4,0.0,0.0,6.9,1734.3,1671.5,1536.7,445.3,0.0,0.0323,0.0452,battery,gas-cc,0.0,0.0,0.0,0.0,0.0,0.0,0.0,0.0,0.0,0.0,0.0,0.0,0.0,0.0,0.0,0.0,0.0,0.0,162.8,3.1,0.31,19.2,1227.7,0.07,163.0,55.8,218.8,367.7,6.9,0.69,43.4,2774.7,0.16,368.1,126.2,494.3,32.07,0.0,0.0,32.07,33.59,0.0,0.0,33.59,0.0,0.0,0.0,1289.0,197.5,1091.4,0.0,0.0,0.0,0.0,0.0,0.0,0.0,0.0,0.0,0.0,0.0,0.0,0.0,197.5,0.0
2050-01-15 20:00:00,2050-01-15 18:00:00,1806.3,0.0,0.0,6.9,1813.2,1746.8,1659.0,445.3,0.0,0.033,0.0472,battery,gas-cc,0.0,0.0,0.0,0.0,0.0,0.0,0.0,0.0,0.0,0.0,0.0,0.0,0.0,0.0,0.0,0.0,0.0,0.0,165.5,3.1,0.31,19.6,1248.2,0.07,165.7,56.8,222.5,368.5,6.9,0.69,43.5,2780.7,0.16,368.9,126.4,495.3,32.07,0.0,0.0,32.07,33.66,0.0,0.0,33.66,0.0,0.0,0.0,1367.9,154.2,1213.7,0.0,0.0,0.0,0.0,0.0,0.0,0.0,0.0,0.0,0.0,0.0,0.0,0.0,154.2,0.0
2050-01-15 21:00:00,2050-01-15 19:00:00,1793.7,0.0,0.0,6.9,1800.6,1734.8,1671.5,445.3,0.0,0.0329,0.0469,battery,gas-cc,0.0,0.0,0.0,0.0,0.0,0.0,0.0,0.0,0.0,0.0,0.0,0.0,0.0,0.0,0.0,0.0,0.0,0.0,166.0,3.1,0.31,19.6,1252.1,0.07,166.2,56.9,223.2,368.4,6.9,0.69,43.5,2779.7,0.16,368.8,126.4,495.2,32.07,0.0,0.0,32.07,33.65,0.0,0.0,33.65,0.0,0.0,0.0,1355.3,129.1,1226.2,0.0,0.0,0.0,0.0,0.0,0.0,0.0,0.0,0.0,0.0,0.0,0.0,0.0,129.1,0.0
2050-01-15 22:00:00,2050-01-15 20:00:00,1750.5,0.0,0.0,6.9,1757.4,1693.6,1680.0,445.3,0.0,0.0325,0.0458,battery,gas-cc,0.0,0.0,0.0,0.0,0.0,0.0,0.0,0.0,0.0,0.0,0.0,0.0,0.0,0.0,0.0,0.0,0.0,0.0,165.6,3.1,0.31,19.6,1248.9,0.07,165.8,56.8,222.6,367.9,6.9,0.69,43.5,2776.5,0.16,368.3,126.2,494.6,32.07,0.0,0.0,32.07,33.61,0.0,0.0,33.61,0.0,0.0,0.0,1312.1,77.4,1234.7,0.0,0.0,0.0,0.0,0.0,0.0,0.0,0.0,0.0,0.0,0.0,0.0,0.0,77.4,0.0
2050-01-15 23:00:00,2050-01-15 21:00:00,1683.2,0.0,0.0,6.9,1690.1,1629.3,1615.6,445.3,0.0,0.032,0.044,battery,gas-cc,0.0,0.0,0.0,0.0,0.0,0.0,0.0,0.0,0.0,0.0,0.0,0.0,0.0,0.0,0.0,0.0,0.0,0.0,170.5,3.2,0.32,20.1,1286.1,0.07,170.7,58.5,229.2,367.3,6.9,0.69,43.4,2771.3,0.16,367.6,126.0,493.7,32.07,0.0,0.0,32.07,33.55,0.0,0.0,33.55,0.0,0.0,0.0,1244.8,74.5,1170.2,0.0,0.0,0.0,0.0,0.0,0.0,0.0,0.0,0.0,0.0,0.0,0.0,0.0,74.5,0.0
2050-01-16 00:00:00,2050-01-15 22:00:00,1574.7,0.0,0.0,6.9,1581.6,1525.5,1483.6,445.3,0.0,0.0313,0.0412,battery,gas-cc,0.0,0.0,0.0,0.0,0.0,0.0,0.0,0.0,0.0,0.0,0.0,0.0,0.0,0.0,0.0,0.0,0.0,0.0,163.6,3.1,0.31,19.3,1233.4,0.07,163.7,56.1,219.8,367.5,6.9,0.69,43.4,2773.4,0.16,367.9,126.1,494.0,32.3,0.0,0.0,32.3,33.69,0.0,0.0,33.69,0.0,0.0,0.0,1136.3,98.0,1038.3,0.0,0.0,0.0,0.0,0.0,0.0,0.0,0.0,0.0,0.0,0.0,0.0,0.0,98.0,0.0
2050-01-16 01:00:00,2050-01-15 23:00:00,1461.1,0.0,0.0,8.0,1469.1,1416.3,1355.4,620.9,0.0,0.0306,0.0382,gas-cc,gas-cc,0.0,0.0,0.0,0.0,0.0,0.0,0.0,0.0,0.0,0.0,0.0,0.0,0.3,0.7,0.01,0.0,0.3,0.3,183.5,3.5,0.35,21.7,1384.4,0.08,183.7,63.0,246.7,365.8,6.9,0.69,43.2,2760.1,0.16,366.2,125.5,491.7,32.3,0.0,0.0,32.3,33.59,0.0,0.0,33.59,0.0,0.0,0.0,848.2,113.7,734.5,0.0,0.0,0.0,0.0,0.0,0.0,0.0,0.0,0.0,0.0,0.0,0.0,0.0,113.7,0.0
2050-01-16 02:00:00,2050-01-16 00:00:00,1345.3,0.0,0.0,6.9,1352.2,1304.7,1226.0,445.3,0.0,0.0301,0.0352,battery,gas-cc,0.0,0.0,0.0,0.0,0.0,0.0,0.0,0.0,0.0,0.0,0.0,0.0,0.0,0.0,0.0,0.0,0.0,0.0,170.4,3.2,0.32,20.1,1285.3,0.07,170.6,58.5,229.1,365.2,6.9,0.69,43.1,2756.1,0.16,365.6,125.3,490.9,32.3,0.0,0.0,32.3,33.48,0.0,0.0,33.48,0.0,0.0,0.0,906.9,126.2,780.7,0.0,0.0,0.0,0.0,0.0,0.0,0.0,0.0,0.0,0.0,0.0,0.0,0.0,126.2,0.0
2050-01-16 03:00:00,2050-01-16 01:00:00,1288.4,0.0,0.0,9.1,1297.5,1249.9,1168.4,778.7,0.0,0.0299,0.0337,gas-cc,gas-cc,0.0,0.0,0.0,0.0,0.0,0.0,0.0,0.0,0.0,0.0,0.0,0.0,0.7,1.6,0.02,0.0,0.7,0.7,166.7,3.1,0.32,19.7,1256.9,0.07,166.9,57.2,224.0,364.1,6.9,0.69,43.0,2747.2,0.16,364.4,124.9,489.4,32.3,0.0,0.0,32.3,33.43,0.0,0.0,33.43,0.0,0.0,0.0,518.8,129.1,389.6,0.0,0.0,0.0,0.0,0.0,0.0,0.0,0.0,0.0,0.0,0.0,0.0,0.0,129.1,0.0
2050-01-16 04:00:00,2050-01-16 02:00:00,1240.0,0.0,0.0,10.0,1250.0,1203.0,1121.6,926.8,0.0,0.0298,0.0324,gas-cc,gas-cc,0.0,0.0,0.0,0.0,0.0,0.0,0.0,0.0,0.0,0.0,0.0,0.0,1.1,2.6,0.02,0.0,1.2,1.2,175.2,3.3,0.33,20.7,1321.8,0.08,175.4,60.1,235.5,363.6,6.9,0.69,42.9,2743.6,0.16,364.0,124.8,488.7,32.3,0.0,0.0,32.3,33.39,0.0,0.0,33.39,0.0,0.0,0.0,323.3,128.4,194.8,0.0,0.0,0.0,0.0,0.0,0.0,0.0,0.0,0.0,0.0,0.0,0.0,0.0,128.4,0.0
2050-01-16 05:00:00,2050-01-16 03:00:00,1208.4,0.0,0.0,11.0,1219.5,1172.5,1081.7,1081.7,0.0,0.0298,0.0316,hydro,gas-cc,0.0,0.0,0.0,0.0,0.0,0.0,0.0,0.0,0.0,0.0,0.0,0.0,1.5,3.5,0.03,0.0,1.6,1.6,149.7,2.8,0.28,17.7,1128.9,0.07,149.8,51.3,201.2,385.9,7.3,0.73,45.6,2912.4,0.17,386.4,132.4,518.8,31.94,0.0,0.0,31.94,32.99,0.0,0.0,32.99,0.0,0.0,0.0,137.7,137.7,0.0,0.0,0.0,0.0,0.0,0.0,0.0,0.0,0.0,0.0,0.0,0.0,0.0,0.0,137.7,0.0
2050-01-16 06:00:00,2050-01-16 04:00:00,1208.4,0.0,0.0,10.8,1219.3,1172.5,1049.7,1049.7,0.0,0.0298,0.0316,hydro,gas-cc,0.0,0.0,0.0,0.0,0.0,0.0,0.0,0.0,0.0,0.0,0.0,0.0,1.5,3.6,0.03,0.0,1.7,1.7,159.4,3.0,0.3,18.8,1202.1,0.07,159.6,54.7,214.3,385.9,7.3,0.73,45.6,2912.4,0.17,386.4,132.4,518.8,31.94,0.0,0.0,31.94,32.99,0.0,0.0,32.99,0.0,0.0,0.0,169.5,169.5,0.0,0.0,0.0,0.0,0.0,0.0,0.0,0.0,0.0,0.0,0.0,0.0,0.0,0.0,169.5,0.0
2050-01-16 07:00:00,2050-01-16 05:00:00,1265.3,0.0,0.0,11.0,1276.3,1227.5,1082.2,1082.2,0.0,0.0299,0.0331,hydro,gas-cc,0.0,0.0,0.0,0.0,0.0,0.0,0.0,0.0,0.0,0.0,0.0,0.0,1.5,3.4,0.03,0.0,1.6,1.6,177.2,3.3,0.33,20.9,1336.6,0.08,177.4,60.8,238.2,386.5,7.3,0.73,45.7,2916.9,0.17,387.0,132.6,519.6,31.94,0.0,0.0,31.94,33.04,0.0,0.0,33.04,0.0,0.0,0.0,194.1,194.1,0.0,0.0,0.0,0.0,0.0,0.0,0.0,0.0,0.0,0.0,0.0,0.0,0.0,0.0,194.1,0.0
2050-01-16 08:00:00,2050-01-16 06:00:00,1363.2,0.0,0.0,10.1,1373.3,1322.0,1156.2,938.9,0.0,0.0302,0.0356,battery,gas-cc,0.0,0.0,0.0,0.0,0.0,0.0,0.0,0.0,0.0,0.0,0.0,0.0,1.0,2.4,0.02,0.0,1.1,1.1,171.2,3.2,0.32,20.2,1291.0,0.07,171.4,58.7,230.1,364.8,6.9,0.69,43.1,2752.8,0.16,365.2,125.2,490.4,32.3,0.0,0.0,32.3,33.5,0.0,0.0,33.5,0.0,0.0,0.0,434.3,217.1,217.3,0.0,0.0,0.0,0.0,0.0,0.0,0.0,0.0,0.0,0.0,0.0,0.0,0.0,217.1,0.0
2050-01-16 09:00:00,2050-01-16 07:00:00,1528.4,0.0,0.0,7.5,1535.9,1481.0,629.6,535.9,0.0,0.031,0.04,battery,gas-cc,0.0,0.0,0.0,0.0,0.0,0.0,0.0,0.0,0.0,0.0,0.0,0.0,0.1,0.3,0.0,0.0,0.2,0.2,171.5,3.2,0.32,20.3,1293.3,0.07,171.6,58.8,230.5,366.4,6.9,0.69,43.3,2765.2,0.16,366.8,125.7,492.6,32.3,0.0,0.0,32.3,33.65,0.0,0.0,33.65,0.0,0.0,0.0,1000.0,906.4,93.6,0.0,0.0,0.0,0.0,29.6,0.0,0.0,0.0,0.0,0.0,0.0,0.0,672.5,204.2,0.0
2050-01-16 10:00:00,2050-01-16 08:00:00,1698.9,2390.6,0.0,12.1,4101.6,1644.3,1243.2,1243.2,0.0,0.0321,0.0444,battery,gas-cc,0.0,0.0,0.0,0.0,0.0,0.0,0.0,0.0,0.0,0.0,0.0,0.0,0.3,0.8,0.01,0.0,0.4,0.4,159.0,3.0,0.3,18.8,1199.1,0.07,159.2,54.5,213.7,318.7,6.0,0.6,37.7,2405.3,0.14,319.1,109.4,428.4,26.4,0.0,0.0,26.4,27.63,0.0,0.0,27.63,0.0,0.0,0.0,2858.5,2858.5,0.0,0.0,0.0,0.0,0.0,112.4,0.0,0.0,0.0,0.0,0.0,0.0,0.0,2551.0,195.1,0.0
2050-01-16 11:00:00,2050-01-16 09:00:00,1731.6,3532.5,0.0,6.9,5271.0,1675.5,445.3,445.3,0.0,0.0324,0.0453,battery,upv,0.0,0.0,0.0,0.0,0.0,0.0,0.0,0.0,0.0,0.0,0.0,0.0,0.0,0.0,0.0,0.0,0.0,0.0,140.0,2.6,0.27,16.5,1055.6,0.06,140.2,48.0,188.2,0.0,0.0,0.0,0.0,0.0,0.0,0.0,0.0,0.0,13.74,0.0,0.0,13.74,14.39,0.0,0.0,14.39,0.0,0.0,0.0,4825.7,4825.7,0.0,0.0,0.0,0.0,0.0,194.7,0.0,0.0,0.0,0.0,0.0,0.0,0.0,4416.9,214.1,0.0
2050-01-16 12:00:00,2050-01-16 10:00:00,1683.2,3824.8,0.0,8.2,5516.1,1629.3,249.3,445.3,196.0,0.032,0.044,battery,gas-cc,0.0,0.0,0.0,0.0,0.0,0.0,0.0,0.0,0.0,0.0,0.0,0.0,0.0,0.0,0.0,0.0,0.0,0.0,140.0,2.6,0.26,16.5,1055.2,0.06,140.1,48.0,188.1,335.2,6.3,0.63,39.6,2529.3,0.15,335.5,115.0,450.6,13.74,0.0,0.0,13.74,14.37,0.0,0.0,14.37,0.0,0.0,0.0,5266.8,5266.8,0.0,0.0,0.0,0.0,0.0,213.3,0.0,0.0,0.0,0.0,0.0,0.0,0.0,4840.2,213.3,0.0
2050-01-16 13:00:00,2050-01-16 11:00:00,1624.2,2821.5,0.0,16.2,4462.0,1572.9,-990.0,445.3,1435.3,0.0316,0.0425,battery,gas-cc,0.0,0.0,0.0,0.0,0.0,0.0,0.0,0.0,0.0,0.0,0.0,0.0,0.0,0.0,0.0,0.0,0.0,0.0,139.9,2.6,0.26,16.5,1054.6,0.06,140.0,48.0,188.0,369.1,7.0,0.7,43.6,2785.2,0.16,369.5,126.6,496.1,13.74,0.0,0.0,13.74,14.35,0.0,0.0,14.35,0.0,0.0,0.0,5452.0,5452.0,0.0,0.0,0.0,0.0,0.0,219.6,0.0,0.0,0.0,0.0,0.0,0.0,0.0,4985.6,246.8,0.0
2050-01-16 14:00:00,2050-01-16 12:00:00,1587.4,4019.6,0.0,8.9,5615.9,1537.6,136.6,445.3,308.7,0.0314,0.0415,battery,gas-cc,0.0,0.0,0.0,0.0,0.0,0.0,0.0,0.0,0.0,0.0,0.0,0.0,0.0,0.0,0.0,0.0,0.0,0.0,139.8,2.6,0.26,16.5,1053.7,0.06,139.9,47.9,187.9,368.7,6.9,0.69,43.6,2782.4,0.16,369.1,126.5,495.6,13.74,0.0,0.0,13.74,14.33,0.0,0.0,14.33,0.0,0.0,0.0,5479.2,5479.2,0.0,0.0,0.0,0.0,0.0,220.7,0.0,0.0,0.0,0.0,0.0,0.0,0.0,5008.2,250.3,0.0
2050-01-16 15:00:00,2050-01-16 13:00:00,1567.4,3248.2,0.0,6.9,4822.5,1518.4,445.3,445.3,0.0,0.0313,0.041,battery,upv,0.0,0.0,0.0,0.0,0.0,0.0,0.0,0.0,0.0,0.0,0.0,0.0,0.0,0.0,0.0,0.0,0.0,0.0,139.7,2.6,0.26,16.5,1053.0,0.06,139.8,47.9,187.7,0.0,0.0,0.0,0.0,0.0,0.0,0.0,0.0,0.0,13.74,0.0,0.0,13.74,14.33,0.0,0.0,14.33,0.0,0.0,0.0,4377.2,4377.2,0.0,0.0,0.0,0.0,0.0,174.1,0.0,0.0,0.0,0.0,0.0,0.0,0.0,3951.7,251.4,0.0
2050-01-16 16:00:00,2050-01-16 14:00:00,1541.1,3599.4,0.0,7.3,5147.8,1493.1,378.0,445.3,67.3,0.0311,0.0403,battery,gas-cc,0.0,0.0,0.0,0.0,0.0,0.0,0.0,0.0,0.0,0.0,0.0,0.0,0.0,0.0,0.0,0.0,0.0,0.0,139.8,2.6,0.26,16.5,1054.2,0.06,140.0,48.0,187.9,368.2,6.9,0.69,43.5,2778.9,0.16,368.6,126.4,495.0,13.74,0.0,0.0,13.74,14.32,0.0,0.0,14.32,0.0,0.0,0.0,4769.8,4769.8,0.0,0.0,0.0,0.0,0.0,191.3,0.0,0.0,0.0,0.0,0.0,0.0,0.0,4339.4,239.1,0.0
2050-01-16 17:00:00,2050-01-16 15:00:00,1564.2,3647.2,0.0,15.6,5227.0,1515.4,-889.8,445.3,1335.1,0.0312,0.0409,battery,gas-cc,0.0,0.0,0.0,0.0,0.0,0.0,0.0,0.0,0.0,0.0,0.0,0.0,0.0,0.0,0.0,0.0,0.0,0.0,139.8,2.6,0.26,16.5,1054.3,0.06,140.0,48.0,188.0,368.5,6.9,0.69,43.5,2780.6,0.16,368.9,126.4,495.3,13.74,0.0,0.0,13.74,14.32,0.0,0.0,14.32,0.0,0.0,0.0,6116.8,6116.8,0.0,0.0,0.0,0.0,0.0,247.8,0.0,0.0,0.0,0.0,0.0,0.0,0.0,5622.1,246.9,0.0
2050-01-16 18:00:00,2050-01-16 16:00:00,1621.1,1839.3,0.0,6.9,3467.2,1569.8,445.3,445.3,0.0,0.0316,0.0424,battery,gas-cc,0.0,0.0,0.0,0.0,0.0,0.0,0.0,0.0,0.0,0.0,0.0,0.0,0.0,0.0,0.0,0.0,0.0,0.0,188.8,3.6,0.36,22.3,1424.1,0.08,189.0,64.8,253.8,318.1,6.0,0.6,37.6,2400.1,0.14,318.4,109.1,427.5,26.4,0.0,0.0,26.4,27.57,0.0,0.0,27.57,0.0,0.0,0.0,3021.9,3021.9,0.0,0.0,0.0,0.0,0.0,117.8,0.0,0.0,0.0,0.0,0.0,0.0,0.0,2673.8,230.3,0.0
2050-01-16 19:00:00,2050-01-16 17:00:00,1760.0,0.0,0.0,12.7,1772.7,1702.6,1554.0,445.3,889.4,0.0326,0.046,battery,gas-cc,0.0,0.0,0.0,0.0,0.0,0.0,0.0,0.0,0.0,0.0,0.0,0.0,0.0,0.0,0.0,0.0,0.0,0.0,155.8,2.9,0.29,18.4,1174.2,0.07,155.9,53.4,209.3,452.2,8.5,0.85,53.4,3412.6,0.2,452.7,155.2,607.9,31.09,0.0,0.0,31.09,32.59,0.0,0.0,32.59,0.0,0.0,0.0,2216.8,218.7,1998.0,0.0,0.0,0.0,0.0,0.0,0.0,0.0,0.0,0.0,0.0,0.0,0.0,0.0,218.7,0.0
2050-01-16 20:00:00,2050-01-16 18:00:00,1912.6,0.0,0.0,15.8,1928.5,1847.9,1726.1,445.3,1375.0,0.0338,0.05,battery,gas-cc,0.0,0.0,0.0,0.0,0.0,0.0,0.0,0.0,0.0,0.0,0.0,0.0,0.0,0.0,0.0,0.0,0.0,0.0,167.7,3.2,0.32,19.8,1264.7,0.07,167.9,57.5,225.4,393.4,7.4,0.74,46.5,2968.9,0.17,393.9,135.0,528.8,31.09,0.0,0.0,31.09,32.73,0.0,0.0,32.73,0.0,0.0,0.0,2858.1,202.3,2655.8,0.0,0.0,0.0,0.0,0.0,0.0,0.0,0.0,0.0,0.0,0.0,0.0,0.0,202.3,0.0
2050-01-16 21:00:00,2050-01-16 19:00:00,1912.6,0.0,0.0,15.0,1927.6,1847.9,1768.3,445.3,1238.8,0.0338,0.05,battery,gas-cc,0.0,0.0,0.0,0.0,0.0,0.0,0.0,0.0,0.0,0.0,0.0,0.0,0.0,0.0,0.0,0.0,0.0,0.0,157.7,3.0,0.3,18.6,1188.8,0.07,157.9,54.1,211.9,454.1,8.6,0.86,53.6,3426.9,0.2,454.6,155.8,610.4,31.09,0.0,0.0,31.09,32.73,0.0,0.0,32.73,0.0,0.0,0.0,2721.1,159.3,2561.8,0.0,0.0,0.0,0.0,0.0,0.0,0.0,0.0,0.0,0.0,0.0,0.0,0.0,159.3,0.0
2050-01-16 22:00:00,2050-01-16 20:00:00,1834.7,0.0,0.0,13.7,1848.5,1773.9,1733.4,445.3,1049.8,0.0332,0.048,battery,gas-cc,0.0,0.0,0.0,0.0,0.0,0.0,0.0,0.0,0.0,0.0,0.0,0.0,0.0,0.0,0.0,0.0,0.0,0.0,183.6,3.5,0.35,21.7,1384.7,0.08,183.8,63.0,246.8,453.2,8.5,0.85,53.5,3419.6,0.2,453.6,155.5,609.1,31.09,0.0,0.0,31.09,32.66,0.0,0.0,32.66,0.0,0.0,0.0,2452.9,115.0,2337.9,0.0,0.0,0.0,0.0,0.0,0.0,0.0,0.0,0.0,0.0,0.0,0.0,0.0,115.0,0.0
2050-01-16 23:00:00,2050-01-16 21:00:00,1778.9,0.0,0.0,11.9,1790.9,1720.7,1715.8,445.3,771.7,0.0327,0.0465,battery,gas-cc,0.0,0.0,0.0,0.0,0.0,0.0,0.0,0.0,0.0,0.0,0.0,0.0,0.0,0.0,0.0,0.0,0.0,0.0,153.7,2.9,0.29,18.2,1159.0,0.07,153.9,52.7,206.6,384.2,7.2,0.72,45.4,2899.2,0.17,384.6,131.8,516.4,31.09,0.0,0.0,31.09,32.61,0.0,0.0,32.61,0.0,0.0,0.0,2117.3,75.1,2042.2,0.0,0.0,0.0,0.0,0.0,0.0,0.0,0.0,0.0,0.0,0.0,0.0,0.0,75.1,0.0
2050-01-17 00:00:00,2050-01-16 22:00:00,1660.0,0.0,0.0,6.9,1666.9,1607.1,1636.4,445.3,0.0,0.0319,0.0434,battery,gas-cc,0.0,0.0,0.0,0.0,0.0,0.0,0.0,0.0,0.0,0.0,0.0,0.0,0.0,0.0,0.0,0.0,0.0,0.0,172.5,3.3,0.33,20.4,1301.1,0.08,172.7,59.2,231.9,368.4,6.9,0.69,43.5,2779.8,0.16,368.8,126.4,495.2,32.29,0.0,0.0,32.29,33.75,0.0,0.0,33.75,0.0,0.0,0.0,1221.6,30.5,1191.1,0.0,0.0,0.0,0.0,0.0,0.0,0.0,0.0,0.0,0.0,0.0,0.0,0.0,30.5,0.0
2050-01-17 01:00:00,2050-01-16 23:00:00,1535.8,0.0,0.0,6.9,1542.7,1488.1,1515.1,445.3,0.0,0.0311,0.0402,battery,gas-cc,0.0,0.0,0.0,0.0,0.0,0.0,0.0,0.0,0.0,0.0,0.0,0.0,0.0,0.0,0.0,0.0,0.0,0.0,220.3,4.2,0.42,26.0,1662.1,0.1,220.6,75.6,296.1,367.1,6.9,0.69,43.4,2770.4,0.16,367.5,126.0,493.5,32.29,0.0,0.0,32.29,33.64,0.0,0.0,33.64,0.0,0.0,0.0,1097.4,27.5,1069.8,0.0,0.0,0.0,0.0,0.0,0.0,0.0,0.0,0.0,0.0,0.0,0.0,0.0,27.5,0.0
2050-01-17 02:00:00,2050-01-17 00:00:00,1407.4,0.0,0.0,6.9,1414.2,1364.6,1385.1,443.6,0.0,0.0304,0.0368,battery,gas-cc,0.0,0.0,0.0,0.0,0.0,0.0,0.0,0.0,0.0,0.0,0.0,0.0,0.0,0.0,0.0,0.0,0.0,0.0,175.5,3.3,0.33,20.7,1323.1,0.08,175.6,60.2,235.8,365.8,6.9,0.69,43.2,2760.8,0.16,366.2,125.5,491.8,32.29,0.0,0.0,32.29,33.52,0.0,0.0,33.52,0.0,0.0,0.0,970.6,29.2,941.4,0.0,0.0,0.0,0.0,0.0,0.0,0.0,0.0,0.0,0.0,0.0,0.0,0.0,29.2,0.0
2050-01-17 03:00:00,2050-01-17 01:00:00,1343.2,0.0,0.0,6.9,1350.1,1302.7,1317.7,445.3,0.0,0.0301,0.0351,battery,gas-cc,0.0,0.0,0.0,0.0,0.0,0.0,0.0,0.0,0.0,0.0,0.0,0.0,0.0,0.0,0.0,0.0,0.0,0.0,189.7,3.6,0.36,22.4,1430.9,0.08,189.9,65.1,255.0,365.2,6.9,0.69,43.1,2755.9,0.16,365.6,125.3,490.9,32.29,0.0,0.0,32.29,33.46,0.0,0.0,33.46,0.0,0.0,0.0,904.8,32.3,872.4,0.0,0.0,0.0,0.0,0.0,0.0,0.0,0.0,0.0,0.0,0.0,0.0,0.0,32.3,0.0
2050-01-17 04:00:00,2050-01-17 02:00:00,1298.9,0.0,0.0,1.4,1300.3,1260.0,1259.3,90.4,0.0,0.03,0.034,battery,gas-cc,0.0,0.0,0.0,0.0,0.0,0.0,0.0,0.0,0.0,0.0,0.0,0.0,0.0,0.0,0.0,0.0,0.0,0.0,205.3,3.9,0.39,24.2,1548.3,0.09,205.5,70.4,275.9,364.8,6.9,0.69,43.1,2752.7,0.16,365.2,125.2,490.3,32.29,0.0,0.0,32.29,33.42,0.0,0.0,33.42,0.0,0.0,0.0,1210.0,41.0,1168.9,0.0,0.0,0.0,0.0,0.0,0.0,0.0,0.0,0.0,0.0,0.0,0.0,0.0,41.0,0.0
2050-01-17 05:00:00,2050-01-17 03:00:00,1273.7,0.0,0.0,6.9,1280.6,1235.6,1249.5,445.3,0.0,0.0299,0.0333,battery,gas-cc,0.0,0.0,0.0,0.0,0.0,0.0,0.0,0.0,0.0,0.0,0.0,0.0,0.0,0.0,0.0,0.0,0.0,0.0,222.1,4.2,0.42,26.2,1675.6,0.1,222.3,76.2,298.5,364.5,6.9,0.69,43.1,2750.8,0.16,364.9,125.1,490.0,32.29,0.0,0.0,32.29,33.4,0.0,0.0,33.4,0.0,0.0,0.0,835.3,31.1,804.1,0.0,0.0,0.0,0.0,0.0,0.0,0.0,0.0,0.0,0.0,0.0,0.0,0.0,31.1,0.0
2050-01-17 06:00:00,2050-01-17 04:00:00,1296.8,0.0,0.0,0.1,1297.0,1258.0,1270.7,7.8,0.0,0.03,0.0339,battery,gas-cc,0.0,0.0,0.0,0.0,0.0,0.0,0.0,0.0,0.0,0.0,0.0,0.0,0.0,0.0,0.0,0.0,0.0,0.0,270.5,5.1,0.51,32.0,2041.0,0.12,270.8,92.8,363.6,364.8,6.9,0.69,43.1,2752.5,0.16,365.1,125.2,490.3,32.29,0.0,0.0,32.29,33.42,0.0,0.0,33.42,0.0,0.0,0.0,1289.2,26.2,1263.0,0.0,0.0,0.0,0.0,0.0,0.0,0.0,0.0,0.0,0.0,0.0,0.0,0.0,26.2,0.0
2050-01-17 07:00:00,2050-01-17 05:00:00,1386.3,0.0,0.0,4.4,1390.7,1344.3,1371.1,285.4,0.0,0.0303,0.0363,battery,gas-cc,0.0,0.0,0.0,0.0,0.0,0.0,0.0,0.0,0.0,0.0,0.0,0.0,0.0,0.0,0.0,0.0,0.0,0.0,238.9,4.5,0.45,28.2,1802.4,0.1,239.2,82.0,321.1,365.6,6.9,0.69,43.2,2759.2,0.16,366.0,125.5,491.5,32.29,0.0,0.0,32.29,33.5,0.0,0.0,33.5,0.0,0.0,0.0,1105.3,19.7,1085.6,0.0,0.0,0.0,0.0,0.0,0.0,0.0,0.0,0.0,0.0,0.0,0.0,0.0,19.7,0.0
2050-01-17 08:00:00,2050-01-17 06:00:00,1535.8,0.0,0.0,0.5,1536.3,1488.1,1521.8,33.4,0.0,0.0311,0.0402,battery,gas-cc,0.0,0.0,0.0,0.0,0.0,0.0,0.0,0.0,0.0,0.0,0.0,0.0,0.0,0.0,0.0,0.0,0.0,0.0,186.8,3.5,0.35,22.1,1408.6,0.08,187.0,64.1,251.0,367.1,6.9,0.69,43.4,2770.4,0.16,367.5,126.0,493.5,32.29,0.0,0.0,32.29,33.64,0.0,0.0,33.64,0.0,0.0,0.0,1502.9,14.5,1488.4,0.0,0.0,0.0,0.0,0.0,0.0,0.0,0.0,0.0,0.0,0.0,0.0,0.0,14.5,0.0
2050-01-17 09:00:00,2050-01-17 07:00:00,1693.7,0.0,0.0,2.4,1696.1,1639.3,-368.4,0.0,368.4,0.0321,0.0443,battery,gas-cc,0.0,0.0,0.0,0.0,0.0,0.0,0.0,0.0,0.0,0.0,0.0,0.0,0.0,0.0,0.0,0.0,0.0,0.0,183.5,3.5,0.35,21.7,1383.7,0.08,183.7,62.9,246.6,385.6,7.3,0.73,45.6,2909.9,0.17,386.0,132.3,518.3,31.63,0.0,0.0,31.63,33.1,0.0,0.0,33.1,0.0,0.0,0.0,2064.5,2064.5,0.0,0.0,0.0,0.0,0.0,86.7,0.0,0.0,0.0,0.0,0.0,0.0,0.0,1967.8,10.0,0.0
2050-01-17 10:00:00,2050-01-17 08:00:00,1804.2,3178.2,0.0,10.7,4993.1,1744.8,-1640.0,0.0,1640.0,0.0329,0.0472,upv,upv,0.0,0.0,0.0,0.0,0.0,0.0,0.0,0.0,0.0,0.0,0.0,0.0,0.0,0.0,0.0,0.0,0.0,0.0,140.1,2.6,0.27,16.6,1056.2,0.06,140.2,48.0,188.3,0.0,0.0,0.0,0.0,0.0,0.0,0.0,0.0,0.0,0.0,0.0,0.0,0.0,0.0,0.0,0.0,0.0,0.0,1064.7,1064.7,6633.1,6633.1,0.0,0.0,0.0,0.0,0.0,0.0,0.0,0.0,0.0,0.0,0.0,0.0,0.0,6626.9,6.2,0.0
2050-01-17 11:00:00,2050-01-17 09:00:00,1778.9,3824.8,0.0,10.7,5614.4,1720.7,-1640.0,0.0,1640.0,0.0327,0.0465,upv,upv,0.0,0.0,0.0,0.0,0.0,0.0,0.0,0.0,0.0,0.0,0.0,0.0,0.0,0.0,0.0,0.0,0.0,0.0,140.1,2.6,0.27,16.5,1056.0,0.06,140.2,48.0,188.3,0.0,0.0,0.0,0.0,0.0,0.0,0.0,0.0,0.0,0.0,0.0,0.0,0.0,0.0,0.0,0.0,0.0,2.6,1462.8,1465.4,7254.3,7254.3,0.0,0.0,0.0,0.0,0.0,367.9,0.0,0.0,0.0,0.0,0.0,0.0,0.0,6886.4,0.0,0.0
2050-01-17 12:00:00,2050-01-17 10:00:00,1683.2,3240.3,0.0,10.7,4934.1,1629.3,-1640.0,0.0,1640.0,0.032,0.044,upv,upv,0.0,0.0,0.0,0.0,0.0,0.0,0.0,0.0,0.0,0.0,0.0,0.0,0.0,0.0,0.0,0.0,0.0,0.0,140.0,2.6,0.26,16.5,1055.2,0.06,140.1,48.0,188.1,0.0,0.0,0.0,0.0,0.0,0.0,0.0,0.0,0.0,0.0,0.0,0.0,0.0,0.0,0.0,0.0,0.0,2.9,1670.7,1673.6,6574.1,6574.1,0.0,0.0,0.0,0.0,0.0,0.0,0.0,0.0,0.0,0.0,0.0,0.0,0.0,6574.1,0.0,0.0
2050-01-17 13:00:00,2050-01-17 11:00:00,1608.4,3307.2,0.0,10.7,4926.3,1557.7,-1640.0,0.0,1640.0,0.0315,0.0421,upv,upv,0.0,0.0,0.0,0.0,0.0,0.0,0.0,0.0,0.0,0.0,0.0,0.0,0.0,0.0,0.0,0.0,0.0,0.0,139.9,2.6,0.26,16.5,1054.6,0.06,140.0,48.0,188.0,0.0,0.0,0.0,0.0,0.0,0.0,0.0,0.0,0.0,0.0,0.0,0.0,0.0,0.0,0.0,0.0,0.0,3.8,1287.3,1291.1,6566.2,6566.2,0.0,0.0,0.0,0.0,0.0,331.5,0.0,0.0,0.0,0.0,0.0,0.0,0.0,6234.8,0.0,0.0
2050-01-17 14:00:00,2050-01-17 12:00:00,1577.9,3435.1,0.0,10.7,5023.7,1528.5,-1640.0,0.0,1640.0,0.0313,0.0413,upv,upv,0.0,0.0,0.0,0.0,0.0,0.0,0.0,0.0,0.0,0.0,0.0,0.0,0.0,0.0,0.0,0.0,0.0,0.0,139.9,2.6,0.26,16.5,1054.4,0.06,140.0,48.0,188.0,0.0,0.0,0.0,0.0,0.0,0.0,0.0,0.0,0.0,0.0,0.0,0.0,0.0,0.0,0.0,0.0,0.0,6.9,1189.9,1196.8,6663.6,6663.6,0.0,0.0,0.0,0.0,0.0,331.5,0.0,0.0,0.0,0.0,0.0,0.0,0.0,6332.1,0.0,0.0
2050-01-17 15:00:00,2050-01-17 13:00:00,1551.6,3402.2,0.0,10.7,4964.4,1503.2,-1640.0,0.0,1640.0,0.0312,0.0406,upv,upv,0.0,0.0,0.0,0.0,0.0,0.0,0.0,0.0,0.0,0.0,0.0,0.0,0.0,0.0,0.0,0.0,0.0,0.0,139.8,2.6,0.26,16.5,1054.2,0.06,140.0,48.0,187.9,0.0,0.0,0.0,0.0,0.0,0.0,0.0,0.0,0.0,0.0,0.0,0.0,0.0,0.0,0.0,0.0,0.0,9.8,1647.2,1657.0,6604.4,6604.4,0.0,0.0,0.0,0.0,0.0,0.0,0.0,0.0,0.0,0.0,0.0,0.0,0.0,6604.4,0.0,0.0
2050-01-17 16:00:00,2050-01-17 14:00:00,1526.3,3235.4,0.0,10.7,4772.3,1479.0,-1640.0,0.0,1640.0,0.031,0.0399,upv,upv,0.0,0.0,0.0,0.0,0.0,0.0,0.0,0.0,0.0,0.0,0.0,0.0,0.0,0.0,0.0,0.0,0.0,0.0,139.9,2.6,0.26,16.5,1054.4,0.06,140.0,48.0,188.0,0.0,0.0,0.0,0.0,0.0,0.0,0.0,0.0,0.0,0.0,0.0,0.0,0.0,0.0,0.0,0.0,0.0,11.1,2203.6,2214.7,6412.3,6412.3,0.0,0.0,0.0,0.0,0.0,0.0,0.0,0.0,0.0,0.0,0.0,0.0,0.0,6412.3,0.0,0.0
2050-01-17 17:00:00,2050-01-17 15:00:00,1556.8,3502.0,0.0,10.7,5069.5,1508.3,-1640.0,0.0,1640.0,0.0312,0.0407,upv,upv,0.0,0.0,0.0,0.0,0.0,0.0,0.0,0.0,0.0,0.0,0.0,0.0,0.0,0.0,0.0,0.0,0.0,0.0,141.0,2.7,0.27,16.7,1063.1,0.06,141.2,48.4,189.5,0.0,0.0,0.0,0.0,0.0,0.0,0.0,0.0,0.0,0.0,0.0,0.0,0.0,0.0,0.0,0.0,0.0,11.0,1022.5,1033.5,6709.5,6709.5,0.0,0.0,0.0,0.0,0.0,0.0,0.0,0.0,0.0,0.0,0.0,0.0,0.0,6709.5,0.0,0.0
2050-01-17 18:00:00,2050-01-17 16:00:00,1624.2,389.6,0.0,12.0,2025.9,1572.9,-1260.3,0.0,1260.3,0.0316,0.0425,battery,gas-cc,0.0,0.0,0.0,0.0,0.0,0.0,0.0,0.0,0.0,0.0,0.0,0.0,0.0,0.0,0.0,0.0,0.0,0.0,146.0,2.8,0.28,17.2,1100.4,0.06,146.1,50.1,196.2,371.8,7.0,0.7,43.9,2805.9,0.16,372.2,127.6,499.8,27.29,0.0,0.0,27.29,28.5,0.0,0.0,28.5,0.0,0.0,0.0,3286.1,3286.1,0.0,0.0,0.0,0.0,0.0,138.2,0.0,0.0,0.0,0.0,0.0,0.0,0.0,3137.4,10.5,0.0
2050-01-17 19:00:00,2050-01-17 17:00:00,1757.9,0.0,0.0,0.0,1757.9,1700.6,1748.9,0.0,0.0,0.0326,0.046,battery,gas-cc,0.0,0.0,0.0,0.0,0.0,0.0,0.0,0.0,0.0,0.0,0.0,0.0,0.0,0.0,0.0,0.0,0.0,0.0,187.0,3.5,0.35,22.1,1410.2,0.08,187.2,64.1,251.3,379.9,7.2,0.72,44.9,2866.5,0.16,380.3,130.3,510.6,33.53,0.0,0.0,33.53,35.15,0.0,0.0,35.15,0.0,0.0,0.0,1757.9,9.0,1748.9,0.0,0.0,0.0,0.0,0.0,0.0,0.0,0.0,0.0,0.0,0.0,0.0,0.0,9.0,0.0
2050-01-17 20:00:00,2050-01-17 18:00:00,1917.9,0.0,0.0,5.9,1923.7,1852.9,1920.8,0.0,900.7,0.0339,0.0502,battery,gas-cc,0.0,0.0,0.0,0.0,0.0,0.0,0.0,0.0,0.0,0.0,0.0,0.0,0.0,0.0,0.0,0.0,0.0,0.0,212.3,4.0,0.4,25.1,1601.1,0.09,212.5,72.8,285.3,458.8,8.6,0.86,54.2,3462.1,0.2,459.3,157.4,616.7,33.53,0.0,0.0,33.53,35.3,0.0,0.0,35.3,0.0,0.0,0.0,2824.5,2.9,2821.5,0.0,0.0,0.0,0.0,0.0,0.0,0.0,0.0,0.0,0.0,0.0,0.0,0.0,2.9,0.0
2050-01-17 21:00:00,2050-01-17 19:00:00,1914.7,0.0,0.0,3.4,1918.1,1849.9,1914.9,0.0,517.0,0.0338,0.0501,battery,gas-cc,0.0,0.0,0.0,0.0,0.0,0.0,0.0,0.0,0.0,0.0,0.0,0.0,0.0,0.0,0.0,0.0,0.0,0.0,192.8,3.6,0.36,22.8,1454.0,0.08,193.0,66.1,259.1,458.7,8.6,0.86,54.2,3461.8,0.2,459.2,157.4,616.6,33.53,0.0,0.0,33.53,35.3,0.0,0.0,35.3,0.0,0.0,0.0,2435.1,3.2,2431.9,0.0,0.0,0.0,0.0,0.0,0.0,0.0,0.0,0.0,0.0,0.0,0.0,0.0,3.2,0.0
2050-01-17 22:00:00,2050-01-17 20:00:00,1840.0,0.0,0.0,2.7,1842.7,1778.9,1838.4,0.0,419.4,0.0332,0.0481,battery,gas-cc,0.0,0.0,0.0,0.0,0.0,0.0,0.0,0.0,0.0,0.0,0.0,0.0,0.0,0.0,0.0,0.0,0.0,0.0,282.6,5.3,0.53,33.4,2132.4,0.12,282.9,97.0,379.9,457.8,8.6,0.86,54.1,3454.7,0.2,458.3,157.1,615.4,33.53,0.0,0.0,33.53,35.23,0.0,0.0,35.23,0.0,0.0,0.0,2262.1,4.3,2257.8,0.0,0.0,0.0,0.0,0.0,0.0,0.0,0.0,0.0,0.0,0.0,0.0,0.0,4.3,0.0
2050-01-17 23:00:00,2050-01-17 21:00:00,1778.9,0.0,0.0,6.8,1785.7,1720.7,1779.9,0.0,1041.7,0.0327,0.0465,battery,gas-cc,0.0,0.0,0.0,0.0,0.0,0.0,0.0,0.0,0.0,0.0,0.0,0.0,0.0,0.0,0.0,0.0,0.0,0.0,199.1,3.8,0.38,23.5,1502.0,0.09,199.4,68.3,267.7,457.0,8.6,0.86,54.0,3448.9,0.2,457.5,156.8,614.3,33.53,0.0,0.0,33.53,35.17,0.0,0.0,35.17,0.0,0.0,0.0,2827.4,5.8,2821.5,0.0,0.0,0.0,0.0,0.0,0.0,0.0,0.0,0.0,0.0,0.0,0.0,0.0,5.8,0.0
2050-01-18 00:00:00,2050-01-17 22:00:00,1665.3,0.0,0.0,2.4,1667.6,1612.1,1662.0,0.0,362.1,0.0319,0.0435,battery,gas-cc,0.0,0.0,0.0,0.0,0.0,0.0,0.0,0.0,0.0,0.0,0.0,0.0,0.0,0.0,0.0,0.0,0.0,0.0,186.8,3.5,0.35,22.1,1408.8,0.08,187.0,64.1,251.1,433.9,8.2,0.82,51.3,3274.3,0.19,434.4,148.9,583.3,35.65,0.0,0.0,35.65,37.28,0.0,0.0,37.28,0.0,0.0,0.0,2029.8,5.6,2024.1,0.0,0.0,0.0,0.0,0.0,0.0,0.0,0.0,0.0,0.0,0.0,0.0,0.0,5.6,0.0
2050-01-18 01:00:00,2050-01-17 23:00:00,1526.3,0.0,0.0,7.1,1533.4,1479.0,1529.3,354.8,245.6,0.031,0.0399,battery,gas-cc,0.0,0.0,0.0,0.0,0.0,0.0,0.0,0.0,0.0,0.0,0.0,0.0,0.0,0.0,0.0,0.0,0.0,0.0,206.1,3.9,0.39,24.3,1554.4,0.09,206.3,70.7,277.0,432.3,8.1,0.81,51.1,3262.0,0.19,432.7,148.3,581.1,35.65,0.0,0.0,35.65,37.14,0.0,0.0,37.14,0.0,0.0,0.0,1424.2,4.1,1420.0,0.0,0.0,0.0,0.0,0.0,0.0,0.0,0.0,0.0,0.0,0.0,0.0,0.0,4.1,0.0
2050-01-18 02:00:00,2050-01-18 00:00:00,1409.5,0.0,0.0,4.0,1413.5,1366.6,1408.1,259.6,0.0,0.0304,0.0369,battery,gas-cc,0.0,0.0,0.0,0.0,0.0,0.0,0.0,0.0,0.0,0.0,0.0,0.0,0.0,0.0,0.0,0.0,0.0,0.0,201.2,3.8,0.38,23.8,1517.2,0.09,201.4,69.0,270.4,401.0,7.6,0.76,47.4,3026.3,0.17,401.5,137.6,539.1,35.65,0.0,0.0,35.65,37.02,0.0,0.0,37.02,0.0,0.0,0.0,1153.9,5.4,1148.5,0.0,0.0,0.0,0.0,0.0,0.0,0.0,0.0,0.0,0.0,0.0,0.0,0.0,5.4,0.0
2050-01-18 03:00:00,2050-01-18 01:00:00,1334.7,0.0,0.0,4.1,1338.8,1294.6,1334.2,237.4,60.6,0.0301,0.0349,battery,gas-cc,0.0,0.0,0.0,0.0,0.0,0.0,0.0,0.0,0.0,0.0,0.0,0.0,0.0,0.0,0.0,0.0,0.0,0.0,210.4,4.0,0.4,24.9,1586.9,0.09,210.6,72.2,282.8,400.2,7.5,0.75,47.3,3020.1,0.17,400.7,137.3,538.0,35.65,0.0,0.0,35.65,36.94,0.0,0.0,36.94,0.0,0.0,0.0,1162.0,4.6,1157.4,0.0,0.0,0.0,0.0,0.0,0.0,0.0,0.0,0.0,0.0,0.0,0.0,0.0,4.6,0.0
2050-01-18 04:00:00,2050-01-18 02:00:00,1293.7,0.0,0.0,1.9,1295.6,1254.9,1291.5,124.3,0.0,0.0299,0.0338,battery,gas-cc,0.0,0.0,0.0,0.0,0.0,0.0,0.0,0.0,0.0,0.0,0.0,0.0,0.0,0.0,0.0,0.0,0.0,0.0,206.8,3.9,0.39,24.4,1559.8,0.09,207.0,70.9,278.0,399.8,7.5,0.75,47.2,3016.8,0.17,400.2,137.2,537.4,35.65,0.0,0.0,35.65,36.9,0.0,0.0,36.9,0.0,0.0,0.0,1171.3,4.1,1167.2,0.0,0.0,0.0,0.0,0.0,0.0,0.0,0.0,0.0,0.0,0.0,0.0,0.0,4.1,0.0
2050-01-18 05:00:00,2050-01-18 03:00:00,1277.9,0.0,0.0,0.9,1278.8,1239.7,1275.1,55.5,0.0,0.0299,0.0334,battery,gas-cc,0.0,0.0,0.0,0.0,0.0,0.0,0.0,0.0,0.0,0.0,0.0,0.0,0.0,0.0,0.0,0.0,0.0,0.0,226.9,4.3,0.43,26.8,1712.0,0.1,227.2,77.9,305.0,399.6,7.5,0.75,47.2,3015.5,0.17,400.0,137.1,537.2,35.65,0.0,0.0,35.65,36.89,0.0,0.0,36.89,0.0,0.0,0.0,1223.3,3.6,1219.7,0.0,0.0,0.0,0.0,0.0,0.0,0.0,0.0,0.0,0.0,0.0,0.0,0.0,3.6,0.0
2050-01-18 06:00:00,2050-01-18 04:00:00,1302.1,0.0,0.0,1.4,1303.5,1263.1,1299.7,0.0,219.8,0.03,0.0341,battery,gas-cc,0.0,0.0,0.0,0.0,0.0,0.0,0.0,0.0,0.0,0.0,0.0,0.0,0.0,0.0,0.0,0.0,0.0,0.0,231.1,4.4,0.44,27.3,1743.3,0.1,231.3,79.3,310.6,399.9,7.5,0.75,47.2,3017.5,0.17,400.3,137.2,537.5,35.65,0.0,0.0,35.65,36.91,0.0,0.0,36.91,0.0,0.0,0.0,1523.4,3.9,1519.5,0.0,0.0,0.0,0.0,0.0,0.0,0.0,0.0,0.0,0.0,0.0,0.0,0.0,3.9,0.0
2050-01-18 07:00:00,2050-01-18 05:00:00,1394.7,0.0,0.0,0.7,1395.5,1352.4,1388.4,0.0,110.8,0.0303,0.0365,battery,gas-cc,0.0,0.0,0.0,0.0,0.0,0.0,0.0,0.0,0.0,0.0,0.0,0.0,0.0,0.0,0.0,0.0,0.0,0.0,213.6,4.0,0.4,25.2,1611.2,0.09,213.8,73.3,287.1,400.9,7.6,0.76,47.4,3025.1,0.17,401.3,137.5,538.9,35.65,0.0,0.0,35.65,37.0,0.0,0.0,37.0,0.0,0.0,0.0,1506.2,7.0,1499.2,0.0,0.0,0.0,0.0,0.0,0.0,0.0,0.0,0.0,0.0,0.0,0.0,0.0,7.0,0.0
2050-01-18 08:00:00,2050-01-18 06:00:00,1577.9,0.0,0.0,0.0,1577.9,1528.5,1571.0,0.0,0.0,0.0313,0.0413,battery,gas-cc,0.0,0.0,0.0,0.0,0.0,0.0,0.0,0.0,0.0,0.0,0.0,0.0,0.0,0.0,0.0,0.0,0.0,0.0,242.9,4.6,0.46,28.7,1832.3,0.11,243.1,83.3,326.5,402.9,7.6,0.76,47.6,3040.2,0.17,403.3,138.2,541.5,35.65,0.0,0.0,35.65,37.19,0.0,0.0,37.19,0.0,0.0,0.0,1577.9,6.9,1571.0,0.0,0.0,0.0,0.0,0.0,0.0,0.0,0.0,0.0,0.0,0.0,0.0,0.0,6.9,0.0
2050-01-18 09:00:00,2050-01-18 07:00:00,1747.4,0.0,0.0,9.4,1756.7,1690.6,44.3,347.0,613.0,0.0325,0.0457,battery,gas-cc,0.0,0.0,0.0,0.0,0.0,0.0,0.0,0.0,0.0,0.0,0.0,0.0,0.0,0.0,0.0,0.0,0.0,0.0,204.5,3.9,0.39,24.2,1543.0,0.09,204.8,70.2,274.9,404.7,7.6,0.76,47.8,3054.3,0.18,405.2,138.9,544.1,35.65,0.0,0.0,35.65,37.36,0.0,0.0,37.36,0.0,0.0,0.0,2022.7,1712.5,310.3,0.0,0.0,0.0,0.0,71.7,0.0,0.0,0.0,0.0,0.0,0.0,0.0,1627.7,13.1,0.0
2050-01-18 10:00:00,2050-01-18 08:00:00,1848.4,3045.5,0.0,10.7,4904.5,1786.9,-1640.0,0.0,1640.0,0.0333,0.0483,upv,upv,0.0,0.0,0.0,0.0,0.0,0.0,0.0,0.0,0.0,0.0,0.0,0.0,0.0,0.0,0.0,0.0,0.0,0.0,140.1,2.6,0.27,16.6,1056.6,0.06,140.3,48.1,188.4,0.0,0.0,0.0,0.0,0.0,0.0,0.0,0.0,0.0,0.0,0.0,0.0,0.0,0.0,0.0,0.0,0.0,11.3,1356.2,1367.5,6544.5,6544.5,0.0,0.0,0.0,0.0,0.0,0.0,0.0,0.0,0.0,0.0,0.0,0.0,0.0,6544.5,0.0,0.0
2050-01-18 11:00:00,2050-01-18 09:00:00,1802.1,3435.1,0.0,10.7,5247.9,1742.8,-1640.0,0.0,1640.0,0.0329,0.0471,upv,upv,0.0,0.0,0.0,0.0,0.0,0.0,0.0,0.0,0.0,0.0,0.0,0.0,0.0,0.0,0.0,0.0,0.0,0.0,140.3,2.6,0.27,16.6,1057.7,0.06,140.5,48.1,188.6,0.0,0.0,0.0,0.0,0.0,0.0,0.0,0.0,0.0,0.0,0.0,0.0,0.0,0.0,0.0,0.0,0.0,7.6,2038.5,2046.1,6887.8,6887.8,0.0,0.0,0.0,0.0,0.0,376.8,0.0,0.0,0.0,0.0,0.0,0.0,0.0,6511.1,0.0,0.0
2050-01-18 12:00:00,2050-01-18 10:00:00,1704.2,3045.5,0.0,10.7,4760.3,1649.4,-1640.0,0.0,1640.0,0.0322,0.0446,upv,upv,0.0,0.0,0.0,0.0,0.0,0.0,0.0,0.0,0.0,0.0,0.0,0.0,0.0,0.0,0.0,0.0,0.0,0.0,140.8,2.7,0.27,16.6,1061.6,0.06,141.0,48.3,189.3,0.0,0.0,0.0,0.0,0.0,0.0,0.0,0.0,0.0,0.0,0.0,0.0,0.0,0.0,0.0,0.0,0.0,4.0,1878.2,1882.2,6400.3,6400.3,0.0,0.0,0.0,0.0,0.0,0.0,0.0,0.0,0.0,0.0,0.0,0.0,0.0,6400.3,0.0,0.0
2050-01-18 13:00:00,2050-01-18 11:00:00,1615.8,3990.5,0.0,10.7,5616.9,1564.8,-1640.0,0.0,1640.0,0.0316,0.0423,upv,upv,0.0,0.0,0.0,0.0,0.0,0.0,0.0,0.0,0.0,0.0,0.0,0.0,0.0,0.0,0.0,0.0,0.0,0.0,150.8,2.8,0.29,17.8,1137.0,0.07,151.0,51.7,202.7,0.0,0.0,0.0,0.0,0.0,0.0,0.0,0.0,0.0,0.0,0.0,0.0,0.0,0.0,0.0,0.0,0.0,1.0,623.6,624.5,7256.9,7256.9,0.0,0.0,0.0,0.0,0.0,0.0,0.0,0.0,0.0,0.0,0.0,0.0,0.0,7256.9,0.0,0.0
2050-01-18 14:00:00,2050-01-18 12:00:00,1574.7,2946.6,0.0,10.7,4532.0,1525.5,-1640.0,0.0,1640.0,0.0313,0.0412,upv,upv,0.0,0.0,0.0,0.0,0.0,0.0,0.0,0.0,0.0,0.0,0.0,0.0,0.0,0.0,0.0,0.0,0.0,0.0,143.2,2.7,0.27,16.9,1079.2,0.06,143.3,49.1,192.4,0.0,0.0,0.0,0.0,0.0,0.0,0.0,0.0,0.0,0.0,0.0,0.0,0.0,0.0,0.0,0.0,0.0,0.2,1715.3,1715.5,6172.0,6172.0,0.0,0.0,0.0,0.0,0.0,0.0,0.0,0.0,0.0,0.0,0.0,0.0,0.0,6172.0,0.0,0.0
2050-01-18 15:00:00,2050-01-18 13:00:00,1541.1,3406.0,0.0,10.7,4957.7,1493.1,-1640.0,0.0,1640.0,0.0311,0.0403,upv,upv,0.0,0.0,0.0,0.0,0.0,0.0,0.0,0.0,0.0,0.0,0.0,0.0,0.0,0.0,0.0,0.0,0.0,0.0,142.6,2.7,0.27,16.9,1075.4,0.06,142.8,48.9,191.7,0.0,0.0,0.0,0.0,0.0,0.0,0.0,0.0,0.0,0.0,0.0,0.0,0.0,0.0,0.0,0.0,0.0,0.4,1707.9,1708.3,6597.7,6597.7,0.0,0.0,0.0,0.0,0.0,350.6,0.0,0.0,0.0,0.0,0.0,0.0,0.0,6247.1,0.0,0.0
2050-01-18 16:00:00,2050-01-18 14:00:00,1517.9,3849.9,0.0,10.7,5378.5,1470.9,-1640.0,0.0,1640.0,0.031,0.0397,upv,upv,0.0,0.0,0.0,0.0,0.0,0.0,0.0,0.0,0.0,0.0,0.0,0.0,0.0,0.0,0.0,0.0,0.0,0.0,144.1,2.7,0.27,17.0,1086.3,0.06,144.2,49.4,193.7,0.0,0.0,0.0,0.0,0.0,0.0,0.0,0.0,0.0,0.0,0.0,0.0,0.0,0.0,0.0,0.0,0.0,3.9,1678.4,1682.3,7018.5,7018.5,0.0,0.0,0.0,0.0,0.0,0.0,0.0,0.0,0.0,0.0,0.0,0.0,0.0,7018.5,0.0,0.0
2050-01-18 17:00:00,2050-01-18 15:00:00,1553.7,3406.0,0.0,10.7,4970.4,1505.3,-1640.0,0.0,1640.0,0.0312,0.0406,upv,upv,0.0,0.0,0.0,0.0,0.0,0.0,0.0,0.0,0.0,0.0,0.0,0.0,0.0,0.0,0.0,0.0,0.0,0.0,145.7,2.8,0.28,17.2,1098.7,0.06,145.9,50.0,195.9,0.0,0.0,0.0,0.0,0.0,0.0,0.0,0.0,0.0,0.0,0.0,0.0,0.0,0.0,0.0,0.0,0.0,6.9,1580.6,1587.5,6610.3,6610.3,0.0,0.0,0.0,0.0,0.0,345.7,0.0,0.0,0.0,0.0,0.0,0.0,0.0,6264.6,0.0,0.0
2050-01-18 18:00:00,2050-01-18 16:00:00,1618.9,2224.1,0.0,6.9,3850.0,1567.8,445.3,445.3,0.0,0.0316,0.0423,battery,gas-cc,0.0,0.0,0.0,0.0,0.0,0.0,0.0,0.0,0.0,0.0,0.0,0.0,0.0,0.0,0.0,0.0,0.0,0.0,141.0,2.7,0.27,16.7,1062.9,0.06,141.1,48.4,189.5,336.0,6.3,0.63,39.7,2535.8,0.15,336.4,115.3,451.7,30.28,0.0,0.0,30.28,31.61,0.0,0.0,31.61,0.0,0.0,0.0,3404.6,3404.6,0.0,0.0,0.0,0.0,0.0,143.0,0.0,0.0,0.0,0.0,0.0,0.0,0.0,3245.7,16.0,0.0
2050-01-18 19:00:00,2050-01-18 17:00:00,1757.9,0.0,0.0,14.4,1772.3,1700.6,1754.1,445.3,1152.2,0.0326,0.046,battery,gas-cc,0.0,0.0,0.0,0.0,0.0,0.0,0.0,0.0,0.0,0.0,0.0,0.0,0.0,0.0,0.0,0.0,0.0,0.0,173.5,3.3,0.33,20.5,1308.1,0.08,173.7,59.5,233.2,404.9,7.6,0.76,47.8,3055.2,0.18,405.3,138.9,544.2,35.65,0.0,0.0,35.65,37.37,0.0,0.0,37.37,0.0,0.0,0.0,2479.1,18.2,2461.0,0.0,0.0,0.0,0.0,0.0,0.0,0.0,0.0,0.0,0.0,0.0,0.0,0.0,18.2,0.0
2050-01-18 20:00:00,2050-01-18 18:00:00,1946.3,0.0,0.0,17.6,1963.9,1879.9,1945.4,445.3,1640.0,0.0341,0.0509,battery,gas-cc,0.0,0.0,0.0,0.0,0.0,0.0,0.0,0.0,0.0,0.0,0.0,0.0,0.0,0.0,0.0,0.0,0.0,0.0,194.6,3.7,0.37,23.0,1467.9,0.08,194.8,66.8,261.6,407.0,7.7,0.77,48.1,3071.0,0.18,407.4,139.6,547.0,35.65,0.0,0.0,35.65,37.56,0.0,0.0,37.56,0.0,0.0,0.0,3158.5,18.5,3140.1,0.0,0.0,0.0,0.0,0.0,0.0,0.0,0.0,0.0,0.0,0.0,0.0,0.0,18.5,0.0
2050-01-18 21:00:00,2050-01-18 19:00:00,1946.3,0.0,0.0,11.7,1958.0,1879.9,1941.8,445.3,740.6,0.0341,0.0509,battery,gas-cc,0.0,0.0,0.0,0.0,0.0,0.0,0.0,0.0,0.0,0.0,0.0,0.0,0.0,0.0,0.0,0.0,0.0,0.0,179.1,3.4,0.34,21.2,1350.7,0.08,179.3,61.4,240.7,407.0,7.7,0.77,48.1,3071.0,0.18,407.4,139.6,547.0,35.65,0.0,0.0,35.65,37.56,0.0,0.0,37.56,0.0,0.0,0.0,2253.3,16.3,2237.1,0.0,0.0,0.0,0.0,0.0,0.0,0.0,0.0,0.0,0.0,0.0,0.0,0.0,16.3,0.0
2050-01-18 22:00:00,2050-01-18 20:00:00,1857.9,0.0,0.0,13.0,1870.9,1795.9,1857.4,445.3,936.9,0.0334,0.0486,battery,gas-cc,0.0,0.0,0.0,0.0,0.0,0.0,0.0,0.0,0.0,0.0,0.0,0.0,0.0,0.0,0.0,0.0,0.0,0.0,198.3,3.7,0.37,23.4,1495.7,0.09,198.5,68.0,266.5,406.0,7.7,0.77,48.0,3063.6,0.18,406.4,139.3,545.7,35.65,0.0,0.0,35.65,37.47,0.0,0.0,37.47,0.0,0.0,0.0,2362.5,13.5,2349.0,0.0,0.0,0.0,0.0,0.0,0.0,0.0,0.0,0.0,0.0,0.0,0.0,0.0,13.5,0.0
2050-01-18 23:00:00,2050-01-18 21:00:00,1791.6,0.0,0.0,13.9,1805.5,1732.7,1794.8,445.3,1082.4,0.0328,0.0469,battery,gas-cc,0.0,0.0,0.0,0.0,0.0,0.0,0.0,0.0,0.0,0.0,0.0,0.0,0.0,0.0,0.0,0.0,0.0,0.0,208.6,3.9,0.39,24.6,1573.8,0.09,208.9,71.6,280.4,405.2,7.6,0.76,47.9,3058.0,0.18,405.7,139.0,544.7,35.65,0.0,0.0,35.65,37.41,0.0,0.0,37.41,0.0,0.0,0.0,2442.6,10.7,2431.9,0.0,0.0,0.0,0.0,0.0,0.0,0.0,0.0,0.0,0.0,0.0,0.0,0.0,10.7,0.0
2050-01-19 00:00:00,2050-01-18 22:00:00,1688.4,0.0,0.0,8.6,1697.0,1634.3,1687.6,445.3,254.6,0.0321,0.0442,battery,gas-cc,0.0,0.0,0.0,0.0,0.0,0.0,0.0,0.0,0.0,0.0,0.0,0.0,0.0,0.0,0.0,0.0,0.0,0.0,246.8,4.7,0.47,29.2,1861.9,0.11,247.0,84.7,331.7,373.0,7.0,0.7,44.1,2814.8,0.16,373.4,128.0,501.4,32.13,0.0,0.0,32.13,33.62,0.0,0.0,33.62,0.0,0.0,0.0,1506.3,9.3,1496.9,0.0,0.0,0.0,0.0,0.0,0.0,0.0,0.0,0.0,0.0,0.0,0.0,0.0,9.3,0.0
2050-01-19 01:00:00,2050-01-18 23:00:00,1538.9,0.0,0.0,5.2,1544.2,1491.1,1537.4,257.6,189.5,0.0311,0.0402,battery,gas-cc,0.0,0.0,0.0,0.0,0.0,0.0,0.0,0.0,0.0,0.0,0.0,0.0,0.0,0.0,0.0,0.0,0.0,0.0,251.2,4.7,0.47,29.7,1895.7,0.11,251.5,86.2,337.7,371.5,7.0,0.7,43.9,2803.3,0.16,371.9,127.5,499.4,32.13,0.0,0.0,32.13,33.48,0.0,0.0,33.48,0.0,0.0,0.0,1476.1,6.8,1469.3,0.0,0.0,0.0,0.0,0.0,0.0,0.0,0.0,0.0,0.0,0.0,0.0,0.0,6.8,0.0
2050-01-19 02:00:00,2050-01-19 00:00:00,1437.9,0.0,0.0,6.9,1444.8,1394.0,1439.4,445.3,0.0,0.0305,0.0376,battery,gas-cc,0.0,0.0,0.0,0.0,0.0,0.0,0.0,0.0,0.0,0.0,0.0,0.0,0.0,0.0,0.0,0.0,0.0,0.0,195.0,3.7,0.37,23.0,1470.5,0.08,195.2,66.9,262.1,364.8,6.9,0.69,43.1,2752.9,0.16,365.2,125.2,490.4,32.13,0.0,0.0,32.13,33.39,0.0,0.0,33.39,0.0,0.0,0.0,999.5,5.3,994.1,0.0,0.0,0.0,0.0,0.0,0.0,0.0,0.0,0.0,0.0,0.0,0.0,0.0,5.3,0.0
2050-01-19 03:00:00,2050-01-19 01:00:00,1371.6,0.0,0.0,14.1,1385.7,1330.1,1381.5,445.3,1114.8,0.0302,0.0359,battery,gas-cc,0.0,0.0,0.0,0.0,0.0,0.0,0.0,0.0,0.0,0.0,0.0,0.0,0.0,0.0,0.0,0.0,0.0,0.0,236.8,4.5,0.45,28.0,1786.8,0.1,237.1,81.3,318.3,369.8,7.0,0.7,43.7,2790.6,0.16,370.2,126.9,497.1,32.13,0.0,0.0,32.13,33.33,0.0,0.0,33.33,0.0,0.0,0.0,2055.2,4.2,2051.0,0.0,0.0,0.0,0.0,0.0,0.0,0.0,0.0,0.0,0.0,0.0,0.0,0.0,4.2,0.0
2050-01-19 04:00:00,2050-01-19 02:00:00,1325.3,0.0,0.0,2.4,1327.6,1285.4,1322.7,153.8,0.0,0.0301,0.0347,battery,gas-cc,0.0,0.0,0.0,0.0,0.0,0.0,0.0,0.0,0.0,0.0,0.0,0.0,0.0,0.0,0.0,0.0,0.0,0.0,210.8,4.0,0.4,24.9,1589.8,0.09,211.0,72.3,283.3,351.4,6.6,0.66,41.5,2651.9,0.15,351.8,120.6,472.4,32.13,0.0,0.0,32.13,33.29,0.0,0.0,33.29,0.0,0.0,0.0,1173.8,4.9,1168.9,0.0,0.0,0.0,0.0,0.0,0.0,0.0,0.0,0.0,0.0,0.0,0.0,0.0,4.9,0.0
2050-01-19 05:00:00,2050-01-19 03:00:00,1304.2,0.0,0.0,8.9,1313.1,1265.1,1306.2,365.7,500.6,0.03,0.0341,battery,gas-cc,0.0,0.0,0.0,0.0,0.0,0.0,0.0,0.0,0.0,0.0,0.0,0.0,0.0,0.0,0.0,0.0,0.0,0.0,232.5,4.4,0.44,27.5,1754.3,0.1,232.8,79.8,312.6,369.1,7.0,0.7,43.6,2785.5,0.16,369.5,126.7,496.2,32.13,0.0,0.0,32.13,33.27,0.0,0.0,33.27,0.0,0.0,0.0,1448.1,7.0,1441.1,0.0,0.0,0.0,0.0,0.0,0.0,0.0,0.0,0.0,0.0,0.0,0.0,0.0,7.0,0.0
2050-01-19 06:00:00,2050-01-19 04:00:00,1329.5,0.0,0.0,8.8,1338.3,1289.5,1330.0,247.4,764.8,0.0301,0.0348,battery,gas-cc,0.0,0.0,0.0,0.0,0.0,0.0,0.0,0.0,0.0,0.0,0.0,0.0,0.0,0.0,0.0,0.0,0.0,0.0,181.4,3.4,0.34,21.4,1368.0,0.08,181.6,62.2,243.8,369.4,7.0,0.7,43.6,2787.4,0.16,369.8,126.7,496.5,32.13,0.0,0.0,32.13,33.29,0.0,0.0,33.29,0.0,0.0,0.0,1855.7,8.3,1847.4,0.0,0.0,0.0,0.0,0.0,0.0,0.0,0.0,0.0,0.0,0.0,0.0,0.0,8.3,0.0
2050-01-19 07:00:00,2050-01-19 05:00:00,1423.2,0.0,0.0,3.3,1426.5,1379.8,1416.9,216.1,0.0,0.0305,0.0372,battery,gas-cc,0.0,0.0,0.0,0.0,0.0,0.0,0.0,0.0,0.0,0.0,0.0,0.0,0.0,0.0,0.0,0.0,0.0,0.0,182.9,3.5,0.35,21.6,1379.5,0.08,183.1,62.7,245.9,352.4,6.6,0.66,41.6,2658.9,0.15,352.7,120.9,473.6,32.13,0.0,0.0,32.13,33.38,0.0,0.0,33.38,0.0,0.0,0.0,1210.4,9.7,1200.8,0.0,0.0,0.0,0.0,0.0,0.0,0.0,0.0,0.0,0.0,0.0,0.0,0.0,9.7,0.0
2050-01-19 08:00:00,2050-01-19 06:00:00,1592.6,0.0,0.0,2.8,1595.4,1542.6,1583.6,181.6,0.0,0.0314,0.0416,battery,gas-cc,0.0,0.0,0.0,0.0,0.0,0.0,0.0,0.0,0.0,0.0,0.0,0.0,0.0,0.0,0.0,0.0,0.0,0.0,207.3,3.9,0.39,24.5,1563.5,0.09,207.5,71.1,278.6,354.0,6.7,0.67,41.8,2671.2,0.15,354.4,121.5,475.8,32.13,0.0,0.0,32.13,33.53,0.0,0.0,33.53,0.0,0.0,0.0,1413.9,11.8,1402.1,0.0,0.0,0.0,0.0,0.0,0.0,0.0,0.0,0.0,0.0,0.0,0.0,0.0,11.8,0.0
2050-01-19 09:00:00,2050-01-19 07:00:00,1763.2,0.0,0.0,15.9,1779.1,1705.6,-368.1,429.4,1426.5,0.0326,0.0461,battery,gas-cc,0.0,0.0,0.0,0.0,0.0,0.0,0.0,0.0,0.0,0.0,0.0,0.0,0.0,0.0,0.0,0.0,0.0,0.0,206.0,3.9,0.39,24.3,1553.6,0.09,206.2,70.7,276.8,373.8,7.0,0.7,44.2,2820.6,0.16,374.2,128.3,502.4,32.13,0.0,0.0,32.13,33.69,0.0,0.0,33.69,0.0,0.0,0.0,2776.1,2147.2,629.0,0.0,0.0,0.0,0.0,90.1,0.0,0.0,0.0,0.0,0.0,0.0,0.0,2045.3,11.7,0.0
2050-01-19 10:00:00,2050-01-19 08:00:00,1857.9,3821.9,0.0,10.7,5690.5,1795.9,-1640.0,0.0,1640.0,0.0334,0.0486,upv,upv,0.0,0.0,0.0,0.0,0.0,0.0,0.0,0.0,0.0,0.0,0.0,0.0,0.0,0.0,0.0,0.0,0.0,0.0,145.1,2.7,0.27,17.1,1093.9,0.06,145.2,49.8,195.0,0.0,0.0,0.0,0.0,0.0,0.0,0.0,0.0,0.0,0.0,0.0,0.0,0.0,0.0,0.0,0.0,0.0,10.4,536.6,546.9,7330.4,7330.4,0.0,0.0,0.0,0.0,0.0,0.0,0.0,0.0,0.0,0.0,0.0,0.0,0.0,7330.4,0.0,0.0
2050-01-19 11:00:00,2050-01-19 09:00:00,1814.7,4019.6,0.0,10.7,5845.0,1754.8,-1640.0,0.0,1640.0,0.033,0.0475,upv,upv,0.0,0.0,0.0,0.0,0.0,0.0,0.0,0.0,0.0,0.0,0.0,0.0,0.0,0.0,0.0,0.0,0.0,0.0,141.5,2.7,0.27,16.7,1067.1,0.06,141.7,48.5,190.2,0.0,0.0,0.0,0.0,0.0,0.0,0.0,0.0,0.0,0.0,0.0,0.0,0.0,0.0,0.0,0.0,0.0,6.7,1495.2,1502.0,7484.9,7484.9,0.0,0.0,0.0,0.0,0.0,378.9,0.0,0.0,0.0,0.0,0.0,0.0,0.0,7106.0,0.0,0.0
2050-01-19 12:00:00,2050-01-19 10:00:00,1701.1,4019.6,0.0,10.7,5731.3,1646.4,-1640.0,0.0,1640.0,0.0322,0.0445,upv,upv,0.0,0.0,0.0,0.0,0.0,0.0,0.0,0.0,0.0,0.0,0.0,0.0,0.0,0.0,0.0,0.0,0.0,0.0,140.0,2.6,0.26,16.5,1055.3,0.06,140.1,48.0,188.1,0.0,0.0,0.0,0.0,0.0,0.0,0.0,0.0,0.0,0.0,0.0,0.0,0.0,0.0,0.0,0.0,0.0,3.5,1035.5,1039.0,7371.3,7371.3,0.0,0.0,0.0,0.0,0.0,354.8,0.0,0.0,0.0,0.0,0.0,0.0,0.0,7016.5,0.0,0.0
2050-01-19 13:00:00,2050-01-19 11:00:00,1615.8,3795.7,0.0,10.7,5422.1,1564.8,-1640.0,0.0,1640.0,0.0316,0.0423,upv,upv,0.0,0.0,0.0,0.0,0.0,0.0,0.0,0.0,0.0,0.0,0.0,0.0,0.0,0.0,0.0,0.0,0.0,0.0,152.5,2.9,0.29,18.0,1149.9,0.07,152.7,52.3,205.0,0.0,0.0,0.0,0.0,0.0,0.0,0.0,0.0,0.0,0.0,0.0,0.0,0.0,0.0,0.0,0.0,0.0,1.2,838.7,839.9,7062.1,7062.1,0.0,0.0,0.0,0.0,0.0,333.5,0.0,0.0,0.0,0.0,0.0,0.0,0.0,6728.6,0.0,0.0
2050-01-19 14:00:00,2050-01-19 12:00:00,1572.6,2655.8,0.0,10.7,4239.1,1523.4,-1640.0,0.0,1640.0,0.0313,0.0411,upv,upv,0.0,0.0,0.0,0.0,0.0,0.0,0.0,0.0,0.0,0.0,0.0,0.0,0.0,0.0,0.0,0.0,0.0,0.0,139.9,2.6,0.26,16.5,1054.4,0.06,140.0,48.0,188.0,0.0,0.0,0.0,0.0,0.0,0.0,0.0,0.0,0.0,0.0,0.0,0.0,0.0,0.0,0.0,0.0,0.0,1.3,1947.5,1948.9,5879.1,5879.1,0.0,0.0,0.0,0.0,0.0,330.4,0.0,0.0,0.0,0.0,0.0,0.0,0.0,5548.7,0.0,0.0
2050-01-19 15:00:00,2050-01-19 13:00:00,1541.1,2431.9,0.0,10.7,3983.6,1493.1,-1640.0,0.0,1640.0,0.0311,0.0403,upv,upv,0.0,0.0,0.0,0.0,0.0,0.0,0.0,0.0,0.0,0.0,0.0,0.0,0.0,0.0,0.0,0.0,0.0,0.0,139.8,2.6,0.26,16.5,1054.2,0.06,140.0,48.0,187.9,0.0,0.0,0.0,0.0,0.0,0.0,0.0,0.0,0.0,0.0,0.0,0.0,0.0,0.0,0.0,0.0,0.0,3.0,2628.0,2631.0,5623.6,5623.6,0.0,0.0,0.0,0.0,0.0,348.3,0.0,0.0,0.0,0.0,0.0,0.0,0.0,5275.3,0.0,0.0
2050-01-19 16:00:00,2050-01-19 14:00:00,1517.9,3948.8,0.0,10.7,5477.3,1470.9,-1640.0,0.0,1640.0,0.031,0.0397,upv,upv,0.0,0.0,0.0,0.0,0.0,0.0,0.0,0.0,0.0,0.0,0.0,0.0,0.0,0.0,0.0,0.0,0.0,0.0,139.8,2.6,0.26,16.5,1054.0,0.06,140.0,47.9,187.9,0.0,0.0,0.0,0.0,0.0,0.0,0.0,0.0,0.0,0.0,0.0,0.0,0.0,0.0,0.0,0.0,0.0,8.6,1593.0,1601.7,7117.3,7117.3,0.0,0.0,0.0,0.0,0.0,367.6,0.0,0.0,0.0,0.0,0.0,0.0,0.0,6749.7,0.0,0.0
2050-01-19 17:00:00,2050-01-19 15:00:00,1553.7,2431.9,0.0,10.7,3996.2,1505.3,-1640.0,0.0,1640.0,0.0312,0.0406,upv,upv,0.0,0.0,0.0,0.0,0.0,0.0,0.0,0.0,0.0,0.0,0.0,0.0,0.0,0.0,0.0,0.0,0.0,0.0,156.4,3.0,0.3,18.5,1179.3,0.07,156.6,53.6,210.2,0.0,0.0,0.0,0.0,0.0,0.0,0.0,0.0,0.0,0.0,0.0,0.0,0.0,0.0,0.0,0.0,0.0,11.3,2541.2,2552.5,5636.2,5636.2,0.0,0.0,0.0,0.0,0.0,345.2,0.0,0.0,0.0,0.0,0.0,0.0,0.0,5291.0,0.0,0.0
2050-01-19 18:00:00,2050-01-19 16:00:00,1631.6,2294.1,0.0,6.9,3932.5,1579.9,445.3,445.3,0.0,0.0317,0.0427,battery,gas-cc,0.0,0.0,0.0,0.0,0.0,0.0,0.0,0.0,0.0,0.0,0.0,0.0,0.0,0.0,0.0,0.0,0.0,0.0,162.8,3.1,0.31,19.2,1227.6,0.07,163.0,55.8,218.8,340.7,6.4,0.64,40.2,2571.0,0.15,341.1,116.9,458.0,26.7,0.0,0.0,26.7,27.89,0.0,0.0,27.89,0.0,0.0,0.0,3487.2,3487.2,0.0,0.0,0.0,0.0,0.0,146.3,0.0,0.0,0.0,0.0,0.0,0.0,0.0,3321.6,19.3,0.0
2050-01-19 19:00:00,2050-01-19 17:00:00,1760.0,0.0,0.0,17.6,1777.6,1702.6,1754.8,445.3,1640.0,0.0326,0.046,battery,gas-cc,0.0,0.0,0.0,0.0,0.0,0.0,0.0,0.0,0.0,0.0,0.0,0.0,0.0,0.0,0.0,0.0,0.0,0.0,191.1,3.6,0.36,22.6,1441.2,0.08,191.3,65.5,256.8,359.5,6.8,0.68,42.5,2713.2,0.16,359.9,123.4,483.3,31.44,0.0,0.0,31.44,32.96,0.0,0.0,32.96,0.0,0.0,0.0,2972.2,22.8,2949.4,0.0,0.0,0.0,0.0,0.0,0.0,0.0,0.0,0.0,0.0,0.0,0.0,0.0,22.8,0.0
2050-01-19 20:00:00,2050-01-19 18:00:00,1937.9,0.0,0.0,17.6,1955.5,1871.9,1940.2,445.3,1640.0,0.034,0.0507,battery,gas-cc,0.0,0.0,0.0,0.0,0.0,0.0,0.0,0.0,0.0,0.0,0.0,0.0,0.0,0.0,0.0,0.0,0.0,0.0,181.1,3.4,0.34,21.4,1365.4,0.08,181.2,62.1,243.3,361.3,6.8,0.68,42.7,2726.4,0.16,361.7,124.0,485.7,31.44,0.0,0.0,31.44,33.12,0.0,0.0,33.12,0.0,0.0,0.0,3150.1,15.3,3134.9,0.0,0.0,0.0,0.0,0.0,0.0,0.0,0.0,0.0,0.0,0.0,0.0,0.0,15.3,0.0
2050-01-19 21:00:00,2050-01-19 19:00:00,1930.5,0.0,0.0,13.0,1943.6,1864.9,1931.7,445.3,945.5,0.034,0.0505,battery,gas-cc,0.0,0.0,0.0,0.0,0.0,0.0,0.0,0.0,0.0,0.0,0.0,0.0,0.0,0.0,0.0,0.0,0.0,0.0,205.6,3.9,0.39,24.3,1550.8,0.09,205.8,70.5,276.3,370.5,7.0,0.7,43.8,2795.8,0.16,370.9,127.1,498.0,31.44,0.0,0.0,31.44,33.11,0.0,0.0,33.11,0.0,0.0,0.0,2443.8,11.9,2431.9,0.0,0.0,0.0,0.0,0.0,0.0,0.0,0.0,0.0,0.0,0.0,0.0,0.0,11.9,0.0
2050-01-19 22:00:00,2050-01-19 20:00:00,1850.5,0.0,0.0,10.4,1860.9,1788.9,1852.1,445.3,541.4,0.0333,0.0484,battery,gas-cc,0.0,0.0,0.0,0.0,0.0,0.0,0.0,0.0,0.0,0.0,0.0,0.0,0.0,0.0,0.0,0.0,0.0,0.0,175.5,3.3,0.33,20.7,1323.6,0.08,175.7,60.2,235.9,369.7,7.0,0.7,43.7,2789.7,0.16,370.1,126.8,496.9,31.44,0.0,0.0,31.44,33.04,0.0,0.0,33.04,0.0,0.0,0.0,1957.1,8.8,1948.2,0.0,0.0,0.0,0.0,0.0,0.0,0.0,0.0,0.0,0.0,0.0,0.0,0.0,8.8,0.0
2050-01-19 23:00:00,2050-01-19 21:00:00,1781.1,0.0,0.0,14.6,1795.7,1722.7,1789.3,445.3,1188.7,0.0328,0.0466,battery,gas-cc,0.0,0.0,0.0,0.0,0.0,0.0,0.0,0.0,0.0,0.0,0.0,0.0,0.0,0.0,0.0,0.0,0.0,0.0,184.9,3.5,0.35,21.8,1394.2,0.08,185.1,63.4,248.5,369.0,7.0,0.7,43.6,2784.3,0.16,369.4,126.6,496.0,31.44,0.0,0.0,31.44,32.98,0.0,0.0,32.98,0.0,0.0,0.0,2539.1,6.4,2532.7,0.0,0.0,0.0,0.0,0.0,0.0,0.0,0.0,0.0,0.0,0.0,0.0,0.0,6.4,0.0
2050-01-20 00:00:00,2050-01-19 22:00:00,1677.9,0.0,0.0,9.8,1687.7,1624.2,1682.0,445.3,445.0,0.032,0.0439,battery,gas-cc,0.0,0.0,0.0,0.0,0.0,0.0,0.0,0.0,0.0,0.0,0.0,0.0,0.0,0.0,0.0,0.0,0.0,0.0,240.2,4.5,0.45,28.4,1812.5,0.1,240.5,82.4,322.9,367.9,6.9,0.69,43.5,2776.5,0.16,368.3,126.2,494.6,31.44,0.0,0.0,31.44,32.89,0.0,0.0,32.89,0.0,0.0,0.0,1687.4,5.7,1681.7,0.0,0.0,0.0,0.0,0.0,0.0,0.0,0.0,0.0,0.0,0.0,0.0,0.0,5.7,0.0
2050-01-20 01:00:00,2050-01-19 23:00:00,1535.8,0.0,0.0,12.0,1547.8,1488.1,1538.8,445.3,784.8,0.0311,0.0402,battery,gas-cc,0.0,0.0,0.0,0.0,0.0,0.0,0.0,0.0,0.0,0.0,0.0,0.0,0.0,0.0,0.0,0.0,0.0,0.0,207.1,3.9,0.39,24.5,1561.9,0.09,207.3,71.0,278.3,366.5,6.9,0.69,43.3,2765.7,0.16,366.9,125.8,492.7,31.44,0.0,0.0,31.44,32.76,0.0,0.0,32.76,0.0,0.0,0.0,1887.3,9.0,1878.3,0.0,0.0,0.0,0.0,0.0,0.0,0.0,0.0,0.0,0.0,0.0,0.0,0.0,9.0,0.0
2050-01-20 02:00:00,2050-01-20 00:00:00,1409.5,0.0,0.0,6.9,1416.4,1366.6,1401.0,445.3,0.0,0.0304,0.0369,battery,gas-cc,0.0,0.0,0.0,0.0,0.0,0.0,0.0,0.0,0.0,0.0,0.0,0.0,0.0,0.0,0.0,0.0,0.0,0.0,236.7,4.5,0.45,28.0,1785.9,0.1,237.0,81.2,318.2,356.1,6.7,0.67,42.1,2687.3,0.15,356.5,122.2,478.7,31.44,0.0,0.0,31.44,32.65,0.0,0.0,32.65,0.0,0.0,0.0,971.1,15.4,955.7,0.0,0.0,0.0,0.0,0.0,0.0,0.0,0.0,0.0,0.0,0.0,0.0,0.0,15.4,0.0
2050-01-20 03:00:00,2050-01-20 01:00:00,1334.7,0.0,0.0,8.3,1343.0,1294.6,1321.6,445.3,215.6,0.0301,0.0349,gas-cc,gas-cc,0.0,0.0,0.0,0.0,0.0,0.0,0.0,0.0,0.0,0.0,0.0,0.0,0.0,0.0,0.0,0.0,0.0,0.0,232.5,4.4,0.44,27.5,1754.2,0.1,232.8,79.8,312.5,364.5,6.9,0.69,43.1,2750.7,0.16,364.9,125.1,490.0,31.44,0.0,0.0,31.44,32.58,0.0,0.0,32.58,0.0,0.0,0.0,1113.3,21.4,1091.9,0.0,0.0,0.0,0.0,0.0,0.0,0.0,0.0,0.0,0.0,0.0,0.0,0.0,21.4,0.0
2050-01-20 04:00:00,2050-01-20 02:00:00,1309.5,0.0,0.0,6.9,1316.4,1270.2,1287.1,445.3,0.0,0.03,0.0342,battery,gas-cc,0.0,0.0,0.0,0.0,0.0,0.0,0.0,0.0,0.0,0.0,0.0,0.0,0.0,0.0,0.0,0.0,0.0,0.0,249.4,4.7,0.47,29.5,1881.3,0.11,249.6,85.6,335.2,355.2,6.7,0.67,42.0,2680.1,0.15,355.5,121.9,477.4,31.44,0.0,0.0,31.44,32.56,0.0,0.0,32.56,0.0,0.0,0.0,871.1,29.3,841.8,0.0,0.0,0.0,0.0,0.0,0.0,0.0,0.0,0.0,0.0,0.0,0.0,0.0,29.3,0.0
2050-01-20 05:00:00,2050-01-20 03:00:00,1283.2,0.0,0.0,11.7,1294.9,1244.8,1253.5,445.3,738.2,0.0299,0.0336,battery,gas-cc,0.0,0.0,0.0,0.0,0.0,0.0,0.0,0.0,0.0,0.0,0.0,0.0,0.0,0.0,0.0,0.0,0.0,0.0,201.9,3.8,0.38,23.8,1522.6,0.09,202.1,69.2,271.3,364.0,6.9,0.69,43.0,2746.8,0.16,364.4,124.9,489.3,31.44,0.0,0.0,31.44,32.53,0.0,0.0,32.53,0.0,0.0,0.0,1587.8,41.4,1546.4,0.0,0.0,0.0,0.0,0.0,0.0,0.0,0.0,0.0,0.0,0.0,0.0,0.0,41.4,0.0
2050-01-20 06:00:00,2050-01-20 04:00:00,1314.7,0.0,0.0,6.9,1321.6,1275.3,1270.5,445.3,0.0,0.03,0.0344,battery,gas-cc,0.0,0.0,0.0,0.0,0.0,0.0,0.0,0.0,0.0,0.0,0.0,0.0,0.0,0.0,0.0,0.0,0.0,0.0,183.0,3.5,0.35,21.6,1380.1,0.08,183.2,62.8,246.0,355.2,6.7,0.67,42.0,2680.4,0.15,355.6,121.9,477.5,31.44,0.0,0.0,31.44,32.56,0.0,0.0,32.56,0.0,0.0,0.0,876.3,51.2,825.2,0.0,0.0,0.0,0.0,0.0,0.0,0.0,0.0,0.0,0.0,0.0,0.0,0.0,51.2,0.0
2050-01-20 07:00:00,2050-01-20 05:00:00,1417.9,0.0,0.0,9.7,1427.6,1374.7,1375.0,445.3,434.1,0.0304,0.0371,battery,gas-cc,0.0,0.0,0.0,0.0,0.0,0.0,0.0,0.0,0.0,0.0,0.0,0.0,0.0,0.0,0.0,0.0,0.0,0.0,194.7,3.7,0.37,23.0,1468.1,0.08,194.9,66.8,261.6,361.0,6.8,0.68,42.7,2724.5,0.16,361.4,123.9,485.3,31.44,0.0,0.0,31.44,32.65,0.0,0.0,32.65,0.0,0.0,0.0,1416.4,52.6,1363.8,0.0,0.0,0.0,0.0,0.0,0.0,0.0,0.0,0.0,0.0,0.0,0.0,0.0,52.6,0.0
2050-01-20 08:00:00,2050-01-20 06:00:00,1582.1,0.0,0.0,6.9,1589.0,1532.5,1536.4,445.3,0.0,0.0313,0.0414,battery,gas-cc,0.0,0.0,0.0,0.0,0.0,0.0,0.0,0.0,0.0,0.0,0.0,0.0,0.0,0.0,0.0,0.0,0.0,0.0,180.0,3.4,0.34,21.3,1357.7,0.08,180.2,61.7,242.0,357.8,6.7,0.67,42.3,2700.0,0.16,358.2,122.8,480.9,31.44,0.0,0.0,31.44,32.8,0.0,0.0,32.8,0.0,0.0,0.0,1143.7,52.6,1091.1,0.0,0.0,0.0,0.0,0.0,0.0,0.0,0.0,0.0,0.0,0.0,0.0,0.0,52.6,0.0
2050-01-20 09:00:00,2050-01-20 07:00:00,1757.9,0.0,0.0,17.6,1775.5,1700.6,-461.3,445.3,1640.0,0.0326,0.046,battery,gas-cc,0.0,0.0,0.0,0.0,0.0,0.0,0.0,0.0,0.0,0.0,0.0,0.0,0.0,0.0,0.0,0.0,0.0,0.0,183.7,3.5,0.35,21.7,1385.2,0.08,183.9,63.0,246.9,359.5,6.8,0.68,42.5,2713.0,0.16,359.9,123.4,483.3,31.44,0.0,0.0,31.44,32.96,0.0,0.0,32.96,0.0,0.0,0.0,2970.1,2236.8,733.3,0.0,0.0,0.0,0.0,92.1,0.0,0.0,0.0,0.0,0.0,0.0,0.0,2090.5,54.1,0.0
2050-01-20 10:00:00,2050-01-20 08:00:00,1855.8,2456.1,0.0,11.3,4323.2,1793.9,-1682.0,0.0,1682.0,0.0334,0.0485,upv,upv,0.0,0.0,0.0,0.0,0.0,0.0,0.0,0.0,0.0,0.0,0.0,0.0,0.0,0.0,0.0,0.0,0.0,0.0,151.4,2.9,0.29,17.9,1141.2,0.07,151.5,51.9,203.4,0.0,0.0,0.0,0.0,0.0,0.0,0.0,0.0,0.0,0.0,0.0,0.0,0.0,0.0,0.0,0.0,0.0,55.9,1909.1,1965.0,6005.1,6005.1,0.0,0.0,0.0,0.0,0.0,0.0,0.0,0.0,0.0,0.0,0.0,0.0,0.0,6005.1,0.0,0.0
2050-01-20 11:00:00,2050-01-20 09:00:00,1820.0,3725.9,0.0,15.4,5561.3,1759.8,-1945.5,0.0,1945.5,0.0331,0.0476,upv,upv,0.0,0.0,0.0,0.0,0.0,0.0,0.0,0.0,0.0,0.0,0.0,0.0,0.0,0.0,0.0,0.0,0.0,0.0,141.5,2.7,0.27,16.7,1066.5,0.06,141.6,48.5,190.1,0.0,0.0,0.0,0.0,0.0,0.0,0.0,0.0,0.0,0.0,0.0,0.0,0.0,0.0,0.0,0.0,0.0,0.0,1320.5,1320.5,7506.8,7506.8,0.0,0.0,0.0,0.0,0.0,370.6,0.0,0.0,0.0,0.0,0.0,0.0,0.0,7093.3,42.9,0.0
2050-01-20 12:00:00,2050-01-20 10:00:00,1706.3,4019.6,0.0,10.7,5736.5,1651.4,-1640.0,0.0,1640.0,0.0322,0.0446,upv,upv,0.0,0.0,0.0,0.0,0.0,0.0,0.0,0.0,0.0,0.0,0.0,0.0,0.0,0.0,0.0,0.0,0.0,0.0,140.4,2.7,0.27,16.6,1058.5,0.06,140.6,48.1,188.7,0.0,0.0,0.0,0.0,0.0,0.0,0.0,0.0,0.0,0.0,0.0,0.0,0.0,0.0,0.0,0.0,0.0,47.5,854.8,902.3,7376.5,7376.5,0.0,0.0,0.0,0.0,0.0,0.0,0.0,0.0,0.0,0.0,0.0,0.0,0.0,7376.5,0.0,0.0
2050-01-20 13:00:00,2050-01-20 11:00:00,1615.8,3211.2,0.0,12.7,4839.7,1564.8,-1771.6,0.0,1771.6,0.0316,0.0423,upv,upv,0.0,0.0,0.0,0.0,0.0,0.0,0.0,0.0,0.0,0.0,0.0,0.0,0.0,0.0,0.0,0.0,0.0,0.0,142.6,2.7,0.27,16.9,1075.3,0.06,142.8,48.9,191.7,0.0,0.0,0.0,0.0,0.0,0.0,0.0,0.0,0.0,0.0,0.0,0.0,0.0,0.0,0.0,0.0,0.0,0.0,1280.0,1280.0,6611.3,6611.3,0.0,0.0,0.0,0.0,0.0,330.9,0.0,0.0,0.0,0.0,0.0,0.0,0.0,6229.1,51.2,0.0
2050-01-20 14:00:00,2050-01-20 12:00:00,1564.2,3887.8,0.0,15.7,5467.7,1515.4,-1963.8,0.0,1963.8,0.0312,0.0409,upv,upv,0.0,0.0,0.0,0.0,0.0,0.0,0.0,0.0,0.0,0.0,0.0,0.0,0.0,0.0,0.0,0.0,0.0,0.0,141.0,2.7,0.27,16.7,1062.9,0.06,141.1,48.4,189.5,0.0,0.0,0.0,0.0,0.0,0.0,0.0,0.0,0.0,0.0,0.0,0.0,0.0,0.0,0.0,0.0,0.0,55.0,44.1,99.1,7431.5,7431.5,0.0,0.0,0.0,0.0,0.0,315.4,0.0,0.0,0.0,0.0,0.0,0.0,0.0,7116.1,0.0,0.0
2050-01-20 15:00:00,2050-01-20 13:00:00,1544.2,3990.5,0.0,12.2,5546.9,1496.2,-1738.3,0.0,1738.3,0.0311,0.0404,upv,upv,0.0,0.0,0.0,0.0,0.0,0.0,0.0,0.0,0.0,0.0,0.0,0.0,0.0,0.0,0.0,0.0,0.0,0.0,161.0,3.0,0.3,19.0,1213.9,0.07,161.2,55.2,216.4,0.0,0.0,0.0,0.0,0.0,0.0,0.0,0.0,0.0,0.0,0.0,0.0,0.0,0.0,0.0,0.0,0.0,0.0,238.1,238.1,7285.2,7285.2,0.0,0.0,0.0,0.0,0.0,315.2,0.0,0.0,0.0,0.0,0.0,0.0,0.0,6915.6,54.4,0.0
2050-01-20 16:00:00,2050-01-20 14:00:00,1523.2,3045.5,0.0,10.7,4579.3,1476.0,-1640.0,0.0,1640.0,0.031,0.0398,upv,upv,0.0,0.0,0.0,0.0,0.0,0.0,0.0,0.0,0.0,0.0,0.0,0.0,0.0,0.0,0.0,0.0,0.0,0.0,140.3,2.6,0.27,16.6,1057.7,0.06,140.4,48.1,188.6,0.0,0.0,0.0,0.0,0.0,0.0,0.0,0.0,0.0,0.0,0.0,0.0,0.0,0.0,0.0,0.0,0.0,51.1,1189.0,1240.1,6219.2,6219.2,0.0,0.0,0.0,0.0,0.0,0.0,0.0,0.0,0.0,0.0,0.0,0.0,0.0,6219.2,0.0,0.0
2050-01-20 17:00:00,2050-01-20 15:00:00,1556.8,2788.6,0.0,13.4,4358.8,1508.3,-1816.4,0.0,1816.4,0.0312,0.0407,upv,upv,0.0,0.0,0.0,0.0,0.0,0.0,0.0,0.0,0.0,0.0,0.0,0.0,0.0,0.0,0.0,0.0,0.0,0.0,151.3,2.9,0.29,17.9,1140.8,0.07,151.5,51.9,203.4,0.0,0.0,0.0,0.0,0.0,0.0,0.0,0.0,0.0,0.0,0.0,0.0,0.0,0.0,0.0,0.0,0.0,49.8,369.4,419.2,6175.2,6175.2,0.0,0.0,0.0,0.0,0.0,0.0,0.0,0.0,0.0,0.0,0.0,0.0,0.0,6175.2,0.0,0.0
2050-01-20 18:00:00,2050-01-20 16:00:00,1624.2,0.0,0.0,10.7,1634.9,1572.9,-1249.8,0.0,1639.4,0.0316,0.0425,battery,gas-cc,0.0,0.0,0.0,0.0,0.0,0.0,0.0,0.0,0.0,0.0,0.0,0.0,0.0,0.0,0.0,0.0,0.0,0.0,215.6,4.1,0.41,25.5,1626.2,0.09,215.8,74.0,289.8,383.6,7.2,0.72,45.3,2894.6,0.17,384.0,131.6,515.6,30.39,0.0,0.0,30.39,31.74,0.0,0.0,31.74,0.0,0.0,0.0,3274.3,2884.6,389.6,0.0,0.0,0.0,0.0,119.7,0.0,0.0,0.0,0.0,0.0,0.0,0.0,2717.4,47.5,0.0
2050-01-20 19:00:00,2050-01-20 17:00:00,1752.6,0.0,0.0,3.3,1756.0,1695.6,1723.3,0.0,511.5,0.0325,0.0458,battery,gas-cc,0.0,0.0,0.0,0.0,0.0,0.0,0.0,0.0,0.0,0.0,0.0,0.0,0.0,0.0,0.0,0.0,0.0,0.0,183.9,3.5,0.35,21.7,1386.7,0.08,184.1,63.1,247.1,384.9,7.3,0.73,45.5,2904.8,0.17,385.4,132.1,517.4,30.39,0.0,0.0,30.39,31.85,0.0,0.0,31.85,0.0,0.0,0.0,2267.5,32.7,2234.8,0.0,0.0,0.0,0.0,0.0,0.0,0.0,0.0,0.0,0.0,0.0,0.0,0.0,32.7,0.0
2050-01-20 20:00:00,2050-01-20 18:00:00,1917.9,0.0,0.0,1.2,1919.1,1852.9,1893.4,0.0,178.0,0.0339,0.0502,battery,gas-cc,0.0,0.0,0.0,0.0,0.0,0.0,0.0,0.0,0.0,0.0,0.0,0.0,0.0,0.0,0.0,0.0,0.0,0.0,205.6,3.9,0.39,24.3,1550.8,0.09,205.8,70.5,276.3,386.7,7.3,0.73,45.7,2918.0,0.17,387.1,132.7,519.8,30.39,0.0,0.0,30.39,31.99,0.0,0.0,31.99,0.0,0.0,0.0,2097.0,25.7,2071.3,0.0,0.0,0.0,0.0,0.0,0.0,0.0,0.0,0.0,0.0,0.0,0.0,0.0,25.7,0.0
2050-01-20 21:00:00,2050-01-20 19:00:00,1904.2,0.0,0.0,5.1,1909.3,1839.9,1867.1,0.0,788.7,0.0338,0.0498,battery,gas-cc,0.0,0.0,0.0,0.0,0.0,0.0,0.0,0.0,0.0,0.0,0.0,0.0,0.0,0.0,0.0,0.0,0.0,0.0,194.5,3.7,0.37,23.0,1467.3,0.08,194.8,66.7,261.5,386.5,7.3,0.73,45.7,2916.9,0.17,387.0,132.6,519.6,30.39,0.0,0.0,30.39,31.98,0.0,0.0,31.98,0.0,0.0,0.0,2698.0,42.2,2655.8,0.0,0.0,0.0,0.0,0.0,0.0,0.0,0.0,0.0,0.0,0.0,0.0,0.0,42.2,0.0
2050-01-20 22:00:00,2050-01-20 20:00:00,1814.7,0.0,0.0,10.6,1825.3,1754.8,1774.4,0.0,1631.6,0.033,0.0475,battery,gas-cc,0.0,0.0,0.0,0.0,0.0,0.0,0.0,0.0,0.0,0.0,0.0,0.0,0.0,0.0,0.0,0.0,0.0,0.0,186.6,3.5,0.35,22.0,1407.4,0.08,186.8,64.0,250.8,385.6,7.3,0.73,45.6,2909.8,0.17,386.0,132.3,518.3,30.39,0.0,0.0,30.39,31.9,0.0,0.0,31.9,0.0,0.0,0.0,3456.9,50.9,3406.0,0.0,0.0,0.0,0.0,0.0,0.0,0.0,0.0,0.0,0.0,0.0,0.0,0.0,50.9,0.0
2050-01-20 23:00:00,2050-01-20 21:00:00,1750.5,0.0,0.0,6.1,1756.6,1693.6,1724.9,0.0,930.9,0.0325,0.0458,battery,gas-cc,0.0,0.0,0.0,0.0,0.0,0.0,0.0,0.0,0.0,0.0,0.0,0.0,0.0,0.0,0.0,0.0,0.0,0.0,215.4,4.1,0.41,25.4,1624.8,0.09,215.6,73.9,289.5,384.9,7.3,0.73,45.5,2904.7,0.17,385.3,132.1,517.4,30.39,0.0,0.0,30.39,31.85,0.0,0.0,31.85,0.0,0.0,0.0,2687.5,31.7,2655.8,0.0,0.0,0.0,0.0,0.0,0.0,0.0,0.0,0.0,0.0,0.0,0.0,0.0,31.7,0.0
2050-01-21 00:00:00,2050-01-20 22:00:00,1652.6,0.0,0.0,0.0,1652.6,1600.1,1623.1,0.0,0.0,0.0318,0.0432,battery,gas-cc,0.0,0.0,0.0,0.0,0.0,0.0,0.0,0.0,0.0,0.0,0.0,0.0,0.0,0.0,0.0,0.0,0.0,0.0,166.2,3.1,0.31,19.6,1253.2,0.07,166.4,57.0,223.4,358.5,6.8,0.68,42.3,2705.2,0.16,358.9,123.0,481.9,31.52,0.0,0.0,31.52,32.94,0.0,0.0,32.94,0.0,0.0,0.0,1652.6,29.5,1623.1,0.0,0.0,0.0,0.0,0.0,0.0,0.0,0.0,0.0,0.0,0.0,0.0,0.0,29.5,0.0
2050-01-21 01:00:00,2050-01-20 23:00:00,1523.2,0.0,0.0,1.4,1524.6,1476.0,1493.4,90.1,0.0,0.031,0.0398,battery,gas-cc,0.0,0.0,0.0,0.0,0.0,0.0,0.0,0.0,0.0,0.0,0.0,0.0,0.0,0.0,0.0,0.0,0.0,0.0,165.4,3.1,0.31,19.5,1247.1,0.07,165.6,56.7,222.3,357.2,6.7,0.67,42.2,2695.7,0.15,357.6,122.6,480.2,31.52,0.0,0.0,31.52,32.83,0.0,0.0,32.83,0.0,0.0,0.0,1434.4,31.2,1403.3,0.0,0.0,0.0,0.0,0.0,0.0,0.0,0.0,0.0,0.0,0.0,0.0,0.0,31.2,0.0
2050-01-21 02:00:00,2050-01-21 00:00:00,1420.0,0.0,0.0,0.0,1420.0,1376.8,1391.6,0.0,0.0,0.0304,0.0371,battery,gas-cc,0.0,0.0,0.0,0.0,0.0,0.0,0.0,0.0,0.0,0.0,0.0,0.0,0.0,0.0,0.0,0.0,0.0,0.0,167.7,3.2,0.32,19.8,1264.6,0.07,167.9,57.5,225.4,356.2,6.7,0.67,42.1,2688.1,0.15,356.6,122.2,478.8,31.52,0.0,0.0,31.52,32.74,0.0,0.0,32.74,0.0,0.0,0.0,1420.0,28.4,1391.6,0.0,0.0,0.0,0.0,0.0,0.0,0.0,0.0,0.0,0.0,0.0,0.0,0.0,28.4,0.0
2050-01-21 03:00:00,2050-01-21 01:00:00,1314.7,0.0,0.0,0.0,1314.7,1275.3,1277.9,0.0,0.0,0.03,0.0344,battery,gas-cc,0.0,0.0,0.0,0.0,0.0,0.0,0.0,0.0,0.0,0.0,0.0,0.0,0.0,0.0,0.0,0.0,0.0,0.0,155.6,2.9,0.29,18.4,1173.2,0.07,155.8,53.4,209.1,355.2,6.7,0.67,42.0,2680.4,0.15,355.6,121.9,477.5,31.52,0.0,0.0,31.52,32.64,0.0,0.0,32.64,0.0,0.0,0.0,1314.7,36.9,1277.9,0.0,0.0,0.0,0.0,0.0,0.0,0.0,0.0,0.0,0.0,0.0,0.0,0.0,36.9,0.0
2050-01-21 04:00:00,2050-01-21 02:00:00,1268.4,0.0,0.0,5.7,1274.2,1230.5,1242.3,369.8,0.0,0.0299,0.0332,battery,gas-cc,0.0,0.0,0.0,0.0,0.0,0.0,0.0,0.0,0.0,0.0,0.0,0.0,0.0,0.0,0.0,0.0,0.0,0.0,146.8,2.8,0.28,17.3,1106.8,0.06,147.0,50.3,197.3,354.8,6.7,0.67,41.9,2677.1,0.15,355.1,121.7,476.9,31.52,0.0,0.0,31.52,32.6,0.0,0.0,32.6,0.0,0.0,0.0,904.3,31.8,872.5,0.0,0.0,0.0,0.0,0.0,0.0,0.0,0.0,0.0,0.0,0.0,0.0,0.0,31.8,0.0
2050-01-21 05:00:00,2050-01-21 03:00:00,1231.6,0.0,0.0,6.9,1238.5,1194.9,1210.0,445.3,0.0,0.0298,0.0322,battery,gas-cc,0.0,0.0,0.0,0.0,0.0,0.0,0.0,0.0,0.0,0.0,0.0,0.0,0.0,0.0,0.0,0.0,0.0,0.0,160.9,3.0,0.3,19.0,1212.7,0.07,161.0,55.2,216.2,354.4,6.7,0.67,41.9,2674.4,0.15,354.8,121.6,476.4,31.52,0.0,0.0,31.52,32.57,0.0,0.0,32.57,0.0,0.0,0.0,793.2,28.5,764.7,0.0,0.0,0.0,0.0,0.0,0.0,0.0,0.0,0.0,0.0,0.0,0.0,0.0,28.5,0.0
2050-01-21 06:00:00,2050-01-21 04:00:00,1216.8,0.0,0.0,6.9,1223.7,1180.6,1189.2,445.3,0.0,0.0298,0.0318,battery,gas-cc,0.0,0.0,0.0,0.0,0.0,0.0,0.0,0.0,0.0,0.0,0.0,0.0,0.0,0.0,0.0,0.0,0.0,0.0,147.5,2.8,0.28,17.4,1111.7,0.06,147.6,50.6,198.2,354.3,6.7,0.67,41.8,2673.3,0.15,354.6,121.6,476.2,31.52,0.0,0.0,31.52,32.56,0.0,0.0,32.56,0.0,0.0,0.0,778.4,34.5,743.9,0.0,0.0,0.0,0.0,0.0,0.0,0.0,0.0,0.0,0.0,0.0,0.0,0.0,34.5,0.0
2050-01-21 07:00:00,2050-01-21 05:00:00,1236.8,0.0,0.0,6.9,1243.7,1200.0,1197.2,445.3,0.0,0.0298,0.0323,battery,gas-cc,0.0,0.0,0.0,0.0,0.0,0.0,0.0,0.0,0.0,0.0,0.0,0.0,0.0,0.0,0.0,0.0,0.0,0.0,178.1,3.4,0.34,21.0,1343.3,0.08,178.3,61.1,239.4,354.5,6.7,0.67,41.9,2674.8,0.15,354.8,121.6,476.5,31.52,0.0,0.0,31.52,32.57,0.0,0.0,32.57,0.0,0.0,0.0,798.4,46.5,751.9,0.0,0.0,0.0,0.0,0.0,0.0,0.0,0.0,0.0,0.0,0.0,0.0,0.0,46.5,0.0
2050-01-21 08:00:00,2050-01-21 06:00:00,1302.1,0.0,0.0,6.9,1309.0,1263.1,1259.4,445.3,0.0,0.03,0.0341,battery,gas-cc,0.0,0.0,0.0,0.0,0.0,0.0,0.0,0.0,0.0,0.0,0.0,0.0,0.0,0.0,0.0,0.0,0.0,0.0,143.2,2.7,0.27,16.9,1079.5,0.06,143.3,49.1,192.5,355.1,6.7,0.67,41.9,2679.5,0.15,355.5,121.8,477.3,31.52,0.0,0.0,31.52,32.63,0.0,0.0,32.63,0.0,0.0,0.0,863.7,49.6,814.1,0.0,0.0,0.0,0.0,0.0,0.0,0.0,0.0,0.0,0.0,0.0,0.0,0.0,49.6,0.0
2050-01-21 09:00:00,2050-01-21 07:00:00,1378.9,0.0,0.0,7.9,1386.8,1337.2,593.8,593.8,0.0,0.0303,0.0361,battery,gas-cc,0.0,0.0,0.0,0.0,0.0,0.0,0.0,0.0,0.0,0.0,0.0,0.0,0.3,0.7,0.01,0.0,0.3,0.3,139.7,2.6,0.26,16.5,1053.3,0.06,139.9,47.9,187.8,338.4,6.4,0.64,40.0,2553.3,0.15,338.7,116.1,454.8,27.37,0.0,0.0,27.37,28.39,0.0,0.0,28.39,0.0,0.0,0.0,793.0,793.0,0.0,0.0,0.0,0.0,0.0,31.3,0.0,0.0,0.0,0.0,0.0,0.0,0.0,710.8,50.9,0.0
2050-01-21 10:00:00,2050-01-21 08:00:00,1489.5,1253.2,0.0,6.9,2749.5,1443.6,445.3,445.3,0.0,0.0308,0.039,battery,gas-cc,0.0,0.0,0.0,0.0,0.0,0.0,0.0,0.0,0.0,0.0,0.0,0.0,0.0,0.0,0.0,0.0,0.0,0.0,139.8,2.6,0.26,16.5,1053.8,0.06,139.9,47.9,187.9,318.6,6.0,0.6,37.6,2404.0,0.14,318.9,109.3,428.2,26.22,0.0,0.0,26.22,27.28,0.0,0.0,27.28,0.0,0.0,0.0,2304.2,2304.2,0.0,0.0,0.0,0.0,0.0,95.0,0.0,0.0,0.0,0.0,0.0,0.0,0.0,2155.2,54.1,0.0
2050-01-21 11:00:00,2050-01-21 09:00:00,1558.9,1756.4,0.0,6.9,3322.3,1510.3,445.3,445.3,0.0,0.0312,0.0408,battery,gas-cc,0.0,0.0,0.0,0.0,0.0,0.0,0.0,0.0,0.0,0.0,0.0,0.0,0.0,0.0,0.0,0.0,0.0,0.0,144.1,2.7,0.27,17.0,1086.5,0.06,144.3,49.4,193.7,319.2,6.0,0.6,37.7,2408.6,0.14,319.5,109.5,429.0,26.22,0.0,0.0,26.22,27.33,0.0,0.0,27.33,0.0,0.0,0.0,2877.0,2877.0,0.0,0.0,0.0,0.0,0.0,119.9,0.0,0.0,0.0,0.0,0.0,0.0,0.0,2720.6,36.5,0.0
2050-01-21 12:00:00,2050-01-21 10:00:00,1582.1,3056.1,0.0,6.9,4645.1,1532.5,445.3,445.3,0.0,0.0313,0.0414,battery,gas-cc,0.0,0.0,0.0,0.0,0.0,0.0,0.0,0.0,0.0,0.0,0.0,0.0,0.0,0.0,0.0,0.0,0.0,0.0,139.9,2.6,0.26,16.5,1054.4,0.06,140.0,48.0,188.0,319.4,6.0,0.6,37.7,2410.1,0.14,319.7,109.6,429.3,26.22,0.0,0.0,26.22,27.35,0.0,0.0,27.35,0.0,0.0,0.0,4199.8,4199.8,0.0,0.0,0.0,0.0,0.0,173.6,0.0,0.0,0.0,0.0,0.0,0.0,0.0,3938.7,87.5,0.0
2050-01-21 13:00:00,2050-01-21 11:00:00,1577.9,3710.3,0.0,13.1,5301.4,1528.5,-513.6,445.3,958.9,0.0313,0.0413,battery,gas-cc,0.0,0.0,0.0,0.0,0.0,0.0,0.0,0.0,0.0,0.0,0.0,0.0,0.0,0.0,0.0,0.0,0.0,0.0,139.9,2.6,0.26,16.5,1054.4,0.06,140.0,48.0,188.0,319.3,6.0,0.6,37.7,2409.8,0.14,319.7,109.6,429.3,26.22,0.0,0.0,26.22,27.34,0.0,0.0,27.34,0.0,0.0,0.0,5814.9,5814.9,0.0,0.0,0.0,0.0,0.0,239.1,0.0,0.0,0.0,0.0,0.0,0.0,0.0,5425.1,150.8,0.0
2050-01-21 14:00:00,2050-01-21 12:00:00,1590.5,4019.6,0.0,11.1,5621.2,1540.6,-205.5,445.3,650.8,0.0314,0.0416,battery,gas-cc,0.0,0.0,0.0,0.0,0.0,0.0,0.0,0.0,0.0,0.0,0.0,0.0,0.0,0.0,0.0,0.0,0.0,0.0,139.9,2.6,0.26,16.5,1054.5,0.06,140.0,48.0,188.0,319.5,6.0,0.6,37.7,2410.7,0.14,319.8,109.6,429.4,26.22,0.0,0.0,26.22,27.35,0.0,0.0,27.35,0.0,0.0,0.0,5826.8,5826.8,0.0,0.0,0.0,0.0,0.0,237.8,0.0,0.0,0.0,0.0,0.0,0.0,0.0,5399.2,189.7,0.0
2050-01-21 15:00:00,2050-01-21 13:00:00,1572.6,4019.6,0.0,16.3,5608.5,1523.4,-996.4,445.3,1441.7,0.0313,0.0411,battery,gas-cc,0.0,0.0,0.0,0.0,0.0,0.0,0.0,0.0,0.0,0.0,0.0,0.0,0.0,0.0,0.0,0.0,0.0,0.0,139.9,2.6,0.26,16.5,1054.4,0.06,140.0,48.0,188.0,319.3,6.0,0.6,37.7,2409.5,0.14,319.6,109.6,429.2,26.22,0.0,0.0,26.22,27.34,0.0,0.0,27.34,0.0,0.0,0.0,6604.8,6604.8,0.0,0.0,0.0,0.0,0.0,268.0,0.0,0.0,0.0,0.0,0.0,0.0,0.0,6081.0,255.9,0.0
2050-01-21 16:00:00,2050-01-21 14:00:00,1564.2,4019.6,0.0,16.1,5599.9,1515.4,-974.6,445.3,1420.0,0.0312,0.0409,battery,gas-cc,0.0,0.0,0.0,0.0,0.0,0.0,0.0,0.0,0.0,0.0,0.0,0.0,0.0,0.0,0.0,0.0,0.0,0.0,139.8,2.6,0.26,16.5,1054.3,0.06,140.0,48.0,188.0,319.2,6.0,0.6,37.7,2408.9,0.14,319.6,109.5,429.1,26.22,0.0,0.0,26.22,27.33,0.0,0.0,27.33,0.0,0.0,0.0,6574.6,6574.6,0.0,0.0,0.0,0.0,0.0,266.2,0.0,0.0,0.0,0.0,0.0,0.0,0.0,6039.0,269.4,0.0
2050-01-21 17:00:00,2050-01-21 15:00:00,1549.5,3436.1,0.0,7.1,4992.7,1501.2,421.3,445.3,24.0,0.0311,0.0405,battery,gas-cc,0.0,0.0,0.0,0.0,0.0,0.0,0.0,0.0,0.0,0.0,0.0,0.0,0.0,0.0,0.0,0.0,0.0,0.0,139.8,2.6,0.26,16.5,1054.2,0.06,140.0,48.0,187.9,319.1,6.0,0.6,37.7,2408.0,0.14,319.4,109.5,428.9,26.22,0.0,0.0,26.22,27.32,0.0,0.0,27.32,0.0,0.0,0.0,4571.3,4571.3,0.0,0.0,0.0,0.0,0.0,181.3,0.0,0.0,0.0,0.0,0.0,0.0,0.0,4116.4,273.5,0.0
2050-01-21 18:00:00,2050-01-21 16:00:00,1601.1,894.7,0.0,6.9,2502.7,1550.7,445.3,445.3,0.0,0.0315,0.0419,battery,gas-cc,0.0,0.0,0.0,0.0,0.0,0.0,0.0,0.0,0.0,0.0,0.0,0.0,0.0,0.0,0.0,0.0,0.0,0.0,165.3,3.1,0.31,19.5,1246.3,0.07,165.5,56.7,222.1,319.5,6.0,0.6,37.7,2411.4,0.14,319.9,109.6,429.5,26.22,0.0,0.0,26.22,27.36,0.0,0.0,27.36,0.0,0.0,0.0,2057.4,2057.4,0.0,0.0,0.0,0.0,0.0,75.6,0.0,0.0,0.0,0.0,0.0,0.0,0.0,1715.7,266.0,0.0
2050-01-21 19:00:00,2050-01-21 17:00:00,1701.1,0.0,0.0,17.6,1718.6,1646.4,1450.1,445.3,1640.0,0.0322,0.0445,battery,gas-cc,0.0,0.0,0.0,0.0,0.0,0.0,0.0,0.0,0.0,0.0,0.0,0.0,0.0,0.0,0.0,0.0,0.0,0.0,167.3,3.2,0.32,19.8,1261.9,0.07,167.5,57.4,224.9,384.4,7.2,0.72,45.4,2900.7,0.17,384.8,131.9,516.7,30.88,0.0,0.0,30.88,32.32,0.0,0.0,32.32,0.0,0.0,0.0,2913.3,268.5,2644.8,0.0,0.0,0.0,0.0,0.0,0.0,0.0,0.0,0.0,0.0,0.0,0.0,0.0,268.5,0.0
2050-01-21 20:00:00,2050-01-21 18:00:00,1802.1,0.0,0.0,17.6,1819.7,1742.8,1560.3,445.3,1640.0,0.0329,0.0471,battery,gas-cc,0.0,0.0,0.0,0.0,0.0,0.0,0.0,0.0,0.0,0.0,0.0,0.0,0.0,0.0,0.0,0.0,0.0,0.0,167.7,3.2,0.32,19.8,1264.7,0.07,167.9,57.5,225.4,385.5,7.3,0.73,45.5,2908.8,0.17,385.9,132.3,518.1,30.88,0.0,0.0,30.88,32.41,0.0,0.0,32.41,0.0,0.0,0.0,3014.3,259.3,2755.0,0.0,0.0,0.0,0.0,0.0,0.0,0.0,0.0,0.0,0.0,0.0,0.0,0.0,259.3,0.0
2050-01-21 21:00:00,2050-01-21 19:00:00,1783.2,0.0,0.0,17.0,1800.2,1724.7,1540.2,445.3,1560.9,0.0328,0.0466,battery,gas-cc,0.0,0.0,0.0,0.0,0.0,0.0,0.0,0.0,0.0,0.0,0.0,0.0,0.0,0.0,0.0,0.0,0.0,0.0,178.8,3.4,0.34,21.1,1348.7,0.08,179.0,61.3,240.3,392.0,7.4,0.74,46.3,2958.3,0.17,392.5,134.5,527.0,30.88,0.0,0.0,30.88,32.39,0.0,0.0,32.39,0.0,0.0,0.0,2915.8,260.0,2655.8,0.0,0.0,0.0,0.0,0.0,0.0,0.0,0.0,0.0,0.0,0.0,0.0,0.0,260.0,0.0
2050-01-21 22:00:00,2050-01-21 20:00:00,1731.6,0.0,0.0,17.6,1749.1,1675.5,1493.0,445.3,1640.0,0.0324,0.0453,battery,gas-cc,0.0,0.0,0.0,0.0,0.0,0.0,0.0,0.0,0.0,0.0,0.0,0.0,0.0,0.0,0.0,0.0,0.0,0.0,176.8,3.3,0.33,20.9,1333.9,0.08,177.0,60.7,237.7,384.7,7.3,0.73,45.4,2903.2,0.17,385.1,132.0,517.1,30.88,0.0,0.0,30.88,32.34,0.0,0.0,32.34,0.0,0.0,0.0,2943.8,256.2,2687.6,0.0,0.0,0.0,0.0,0.0,0.0,0.0,0.0,0.0,0.0,0.0,0.0,0.0,256.2,0.0
2050-01-21 23:00:00,2050-01-21 21:00:00,1662.1,0.0,0.0,13.8,1675.9,1609.1,1423.8,445.3,1063.7,0.0319,0.0435,battery,gas-cc,0.0,0.0,0.0,0.0,0.0,0.0,0.0,0.0,0.0,0.0,0.0,0.0,0.0,0.0,0.0,0.0,0.0,0.0,171.8,3.2,0.32,20.3,1295.7,0.07,172.0,58.9,230.9,390.7,7.4,0.74,46.2,2948.5,0.17,391.2,134.1,525.2,30.88,0.0,0.0,30.88,32.28,0.0,0.0,32.28,0.0,0.0,0.0,2294.3,252.1,2042.2,0.0,0.0,0.0,0.0,0.0,0.0,0.0,0.0,0.0,0.0,0.0,0.0,0.0,252.1,0.0
2050-01-22 00:00:00,2050-01-21 22:00:00,1574.7,0.0,0.0,6.9,1581.6,1525.5,1332.7,445.3,0.0,0.0313,0.0412,battery,gas-cc,0.0,0.0,0.0,0.0,0.0,0.0,0.0,0.0,0.0,0.0,0.0,0.0,0.0,0.0,0.0,0.0,0.0,0.0,171.4,3.2,0.32,20.3,1292.6,0.07,171.6,58.8,230.4,359.6,6.8,0.68,42.5,2713.5,0.16,360.0,123.4,483.4,30.24,0.0,0.0,30.24,31.54,0.0,0.0,31.54,0.0,0.0,0.0,1136.3,248.9,887.4,0.0,0.0,0.0,0.0,0.0,0.0,0.0,0.0,0.0,0.0,0.0,0.0,0.0,248.9,0.0
2050-01-22 01:00:00,2050-01-21 23:00:00,1469.5,0.0,0.0,6.9,1476.4,1424.4,1225.8,445.3,0.0,0.0307,0.0384,battery,gas-cc,0.0,0.0,0.0,0.0,0.0,0.0,0.0,0.0,0.0,0.0,0.0,0.0,0.0,0.0,0.0,0.0,0.0,0.0,170.1,3.2,0.32,20.1,1283.0,0.07,170.3,58.4,228.7,358.6,6.8,0.68,42.4,2705.8,0.16,358.9,123.0,482.0,30.24,0.0,0.0,30.24,31.45,0.0,0.0,31.45,0.0,0.0,0.0,1031.1,250.6,780.5,0.0,0.0,0.0,0.0,0.0,0.0,0.0,0.0,0.0,0.0,0.0,0.0,0.0,250.6,0.0
2050-01-22 02:00:00,2050-01-22 00:00:00,1384.2,0.0,0.0,6.9,1391.1,1342.3,1126.9,445.3,0.0,0.0303,0.0362,battery,gas-cc,0.0,0.0,0.0,0.0,0.0,0.0,0.0,0.0,0.0,0.0,0.0,0.0,0.0,0.0,0.0,0.0,0.0,0.0,218.0,4.1,0.41,25.8,1644.3,0.09,218.2,74.8,293.0,357.7,6.7,0.67,42.3,2699.5,0.16,358.1,122.7,480.9,30.24,0.0,0.0,30.24,31.38,0.0,0.0,31.38,0.0,0.0,0.0,945.8,264.3,681.6,0.0,0.0,0.0,0.0,0.0,0.0,0.0,0.0,0.0,0.0,0.0,0.0,0.0,264.3,0.0
2050-01-22 03:00:00,2050-01-22 01:00:00,1302.1,0.0,0.0,6.9,1309.0,1263.1,1051.7,445.3,0.0,0.03,0.0341,battery,gas-cc,0.0,0.0,0.0,0.0,0.0,0.0,0.0,0.0,0.0,0.0,0.0,0.0,0.0,0.0,0.0,0.0,0.0,0.0,164.4,3.1,0.31,19.4,1239.3,0.07,164.5,56.4,220.9,356.9,6.7,0.67,42.2,2693.5,0.15,357.3,122.5,479.8,30.24,0.0,0.0,30.24,31.31,0.0,0.0,31.31,0.0,0.0,0.0,863.7,257.3,606.4,0.0,0.0,0.0,0.0,0.0,0.0,0.0,0.0,0.0,0.0,0.0,0.0,0.0,257.3,0.0
2050-01-22 04:00:00,2050-01-22 02:00:00,1247.4,0.0,0.0,6.9,1254.3,1210.2,1037.2,445.3,0.0,0.0298,0.0326,battery,gas-cc,0.0,0.0,0.0,0.0,0.0,0.0,0.0,0.0,0.0,0.0,0.0,0.0,0.0,0.0,0.0,0.0,0.0,0.0,155.3,2.9,0.29,18.3,1170.6,0.07,155.4,53.3,208.7,356.4,6.7,0.67,42.1,2689.5,0.15,356.8,122.3,479.1,30.24,0.0,0.0,30.24,31.26,0.0,0.0,31.26,0.0,0.0,0.0,809.0,217.1,591.9,0.0,0.0,0.0,0.0,0.0,0.0,0.0,0.0,0.0,0.0,0.0,0.0,0.0,217.1,0.0
2050-01-22 05:00:00,2050-01-22 03:00:00,1231.6,0.0,0.0,7.8,1239.3,1194.9,1035.7,578.3,0.0,0.0298,0.0322,battery,gas-cc,0.0,0.0,0.0,0.0,0.0,0.0,0.0,0.0,0.0,0.0,0.0,0.0,0.4,0.8,0.01,0.0,0.4,0.4,149.6,2.8,0.28,17.7,1127.7,0.07,149.7,51.3,201.0,356.3,6.7,0.67,42.1,2688.4,0.15,356.6,122.2,478.9,30.24,0.0,0.0,30.24,31.25,0.0,0.0,31.25,0.0,0.0,0.0,661.0,203.7,457.3,0.0,0.0,0.0,0.0,0.0,0.0,0.0,0.0,0.0,0.0,0.0,0.0,0.0,203.7,0.0
2050-01-22 06:00:00,2050-01-22 04:00:00,1216.8,0.0,0.0,7.8,1224.6,1180.6,1093.0,578.8,0.0,0.0298,0.0318,battery,gas-cc,0.0,0.0,0.0,0.0,0.0,0.0,0.0,0.0,0.0,0.0,0.0,0.0,0.4,0.8,0.01,0.0,0.4,0.4,148.0,2.8,0.28,17.5,1115.8,0.06,148.2,50.8,198.9,372.7,7.0,0.7,44.0,2812.5,0.16,373.1,127.9,501.0,30.24,0.0,0.0,30.24,31.24,0.0,0.0,31.24,0.0,0.0,0.0,645.8,131.6,514.3,0.0,0.0,0.0,0.0,0.0,0.0,0.0,0.0,0.0,0.0,0.0,0.0,0.0,131.6,0.0
2050-01-22 07:00:00,2050-01-22 05:00:00,1247.4,0.0,0.0,6.9,1254.3,1210.2,1172.7,445.3,0.0,0.0298,0.0326,battery,gas-cc,0.0,0.0,0.0,0.0,0.0,0.0,0.0,0.0,0.0,0.0,0.0,0.0,0.0,0.0,0.0,0.0,0.0,0.0,145.8,2.8,0.28,17.2,1098.8,0.06,145.9,50.0,195.9,356.4,6.7,0.67,42.1,2689.5,0.15,356.8,122.3,479.1,30.24,0.0,0.0,30.24,31.26,0.0,0.0,31.26,0.0,0.0,0.0,809.0,81.5,727.4,0.0,0.0,0.0,0.0,0.0,0.0,0.0,0.0,0.0,0.0,0.0,0.0,0.0,81.5,0.0
2050-01-22 08:00:00,2050-01-22 06:00:00,1309.5,0.0,0.0,6.9,1316.4,1270.2,1262.2,445.3,0.0,0.03,0.0342,battery,gas-cc,0.0,0.0,0.0,0.0,0.0,0.0,0.0,0.0,0.0,0.0,0.0,0.0,0.0,0.0,0.0,0.0,0.0,0.0,151.7,2.9,0.29,17.9,1143.6,0.07,151.9,52.0,203.9,357.0,6.7,0.67,42.2,2694.1,0.15,357.4,122.5,479.9,30.24,0.0,0.0,30.24,31.32,0.0,0.0,31.32,0.0,0.0,0.0,871.1,54.1,816.9,0.0,0.0,0.0,0.0,0.0,0.0,0.0,0.0,0.0,0.0,0.0,0.0,0.0,54.1,0.0
2050-01-22 09:00:00,2050-01-22 07:00:00,1407.4,51.2,0.0,11.8,1470.3,1364.6,-310.7,445.3,756.0,0.0304,0.0368,gas-cc,gas-cc,0.0,0.0,0.0,0.0,0.0,0.0,0.0,0.0,0.0,0.0,0.0,0.0,0.0,0.0,0.0,0.0,0.0,0.0,207.5,3.9,0.39,24.5,1565.1,0.09,207.7,71.2,278.9,365.2,6.9,0.69,43.1,2756.1,0.16,365.6,125.3,490.9,26.22,0.0,0.0,26.22,27.22,0.0,0.0,27.22,0.0,0.0,0.0,1781.0,1781.0,0.0,0.0,0.0,0.0,0.0,74.2,0.0,0.0,0.0,0.0,0.0,0.0,0.0,1683.4,23.4,0.0
2050-01-22 10:00:00,2050-01-22 08:00:00,1523.2,2917.5,0.0,10.7,4451.4,1476.0,-1640.0,0.0,1640.0,0.031,0.0398,upv,upv,0.0,0.0,0.0,0.0,0.0,0.0,0.0,0.0,0.0,0.0,0.0,0.0,0.0,0.0,0.0,0.0,0.0,0.0,143.8,2.7,0.27,17.0,1084.1,0.06,144.0,49.3,193.3,0.0,0.0,0.0,0.0,0.0,0.0,0.0,0.0,0.0,0.0,0.0,0.0,0.0,0.0,0.0,0.0,0.0,17.4,972.7,990.2,6091.3,6091.3,0.0,0.0,0.0,0.0,0.0,0.0,0.0,0.0,0.0,0.0,0.0,0.0,0.0,6091.3,0.0,0.0
2050-01-22 11:00:00,2050-01-22 09:00:00,1569.5,3564.0,0.0,10.7,5144.2,1520.4,-1640.0,0.0,1640.0,0.0313,0.041,upv,upv,0.0,0.0,0.0,0.0,0.0,0.0,0.0,0.0,0.0,0.0,0.0,0.0,0.0,0.0,0.0,0.0,0.0,0.0,143.8,2.7,0.27,17.0,1083.8,0.06,143.9,49.3,193.2,0.0,0.0,0.0,0.0,0.0,0.0,0.0,0.0,0.0,0.0,0.0,0.0,0.0,0.0,0.0,0.0,0.0,0.0,1775.3,1775.3,6784.1,6784.1,0.0,0.0,0.0,0.0,0.0,360.5,0.0,0.0,0.0,0.0,0.0,0.0,0.0,6405.9,17.7,0.0
2050-01-22 12:00:00,2050-01-22 10:00:00,1574.7,3990.5,0.0,10.7,5575.9,1525.5,-1640.0,0.0,1640.0,0.0313,0.0412,upv,upv,0.0,0.0,0.0,0.0,0.0,0.0,0.0,0.0,0.0,0.0,0.0,0.0,0.0,0.0,0.0,0.0,0.0,0.0,145.1,2.7,0.27,17.1,1093.7,0.06,145.2,49.7,195.0,0.0,0.0,0.0,0.0,0.0,0.0,0.0,0.0,0.0,0.0,0.0,0.0,0.0,0.0,0.0,0.0,0.0,18.3,1548.5,1566.8,7215.9,7215.9,0.0,0.0,0.0,0.0,0.0,369.9,0.0,0.0,0.0,0.0,0.0,0.0,0.0,6845.9,0.0,0.0
2050-01-22 13:00:00,2050-01-22 11:00:00,1567.4,4019.6,0.0,10.7,5597.6,1518.4,-1640.0,0.0,1640.0,0.0313,0.041,upv,upv,0.0,0.0,0.0,0.0,0.0,0.0,0.0,0.0,0.0,0.0,0.0,0.0,0.0,0.0,0.0,0.0,0.0,0.0,141.8,2.7,0.27,16.8,1069.2,0.06,142.0,48.6,190.6,0.0,0.0,0.0,0.0,0.0,0.0,0.0,0.0,0.0,0.0,0.0,0.0,0.0,0.0,0.0,0.0,0.0,0.0,1065.2,1065.2,7237.6,7237.6,0.0,0.0,0.0,0.0,0.0,349.7,0.0,0.0,0.0,0.0,0.0,0.0,0.0,6870.5,17.4,0.0
2050-01-22 14:00:00,2050-01-22 12:00:00,1582.1,3402.2,0.0,10.7,4994.9,1532.5,-1640.0,0.0,1640.0,0.0313,0.0414,upv,upv,0.0,0.0,0.0,0.0,0.0,0.0,0.0,0.0,0.0,0.0,0.0,0.0,0.0,0.0,0.0,0.0,0.0,0.0,158.4,3.0,0.3,18.7,1194.5,0.07,158.6,54.3,212.9,0.0,0.0,0.0,0.0,0.0,0.0,0.0,0.0,0.0,0.0,0.0,0.0,0.0,0.0,0.0,0.0,0.0,14.1,1508.8,1522.8,6634.9,6634.9,0.0,0.0,0.0,0.0,0.0,0.0,0.0,0.0,0.0,0.0,0.0,0.0,0.0,6634.9,0.0,0.0
2050-01-22 15:00:00,2050-01-22 13:00:00,1569.5,4019.6,0.0,10.7,5599.7,1520.4,-1640.0,0.0,1640.0,0.0313,0.041,upv,upv,0.0,0.0,0.0,0.0,0.0,0.0,0.0,0.0,0.0,0.0,0.0,0.0,0.0,0.0,0.0,0.0,0.0,0.0,143.4,2.7,0.27,16.9,1081.1,0.06,143.6,49.2,192.7,0.0,0.0,0.0,0.0,0.0,0.0,0.0,0.0,0.0,0.0,0.0,0.0,0.0,0.0,0.0,0.0,0.0,18.6,1018.7,1037.3,7239.7,7239.7,0.0,0.0,0.0,0.0,0.0,348.6,0.0,0.0,0.0,0.0,0.0,0.0,0.0,6891.1,0.0,0.0
2050-01-22 16:00:00,2050-01-22 14:00:00,1574.7,2779.8,0.0,10.7,4365.2,1525.5,-1640.0,0.0,1640.0,0.0313,0.0412,upv,upv,0.0,0.0,0.0,0.0,0.0,0.0,0.0,0.0,0.0,0.0,0.0,0.0,0.0,0.0,0.0,0.0,0.0,0.0,147.9,2.8,0.28,17.5,1115.0,0.06,148.0,50.7,198.8,0.0,0.0,0.0,0.0,0.0,0.0,0.0,0.0,0.0,0.0,0.0,0.0,0.0,0.0,0.0,0.0,0.0,16.3,1403.1,1419.4,6005.2,6005.2,0.0,0.0,0.0,0.0,0.0,312.7,0.0,0.0,0.0,0.0,0.0,0.0,0.0,5692.5,0.0,0.0
2050-01-22 17:00:00,2050-01-22 15:00:00,1580.0,2431.9,0.0,11.1,4023.0,1530.5,-197.1,445.3,642.4,0.0313,0.0413,gas-cc,gas-cc,0.0,0.0,0.0,0.0,0.0,0.0,0.0,0.0,0.0,0.0,0.0,0.0,0.0,0.0,0.0,0.0,0.0,0.0,174.8,3.3,0.33,20.6,1317.9,0.08,174.9,59.9,234.9,366.9,6.9,0.69,43.3,2769.1,0.16,367.3,125.9,493.3,19.4,0.0,0.0,19.4,20.24,0.0,0.0,20.24,0.0,0.0,0.0,4220.1,4220.1,0.0,0.0,0.0,0.0,0.0,177.4,0.0,0.0,0.0,0.0,0.0,0.0,0.0,4026.0,16.7,0.0
2050-01-22 18:00:00,2050-01-22 16:00:00,1628.4,0.0,0.0,4.5,1633.0,1576.9,293.0,293.0,0.0,0.0316,0.0426,hydro,gas-cc,0.0,0.0,0.0,0.0,0.0,0.0,0.0,0.0,0.0,0.0,0.0,0.0,0.0,0.0,0.0,0.0,0.0,0.0,142.5,2.7,0.27,16.8,1074.4,0.06,142.7,48.9,191.5,360.1,6.8,0.68,42.5,2717.5,0.16,360.5,123.6,484.1,30.16,0.0,0.0,30.16,31.5,0.0,0.0,31.5,0.0,0.0,0.0,1340.0,1340.0,0.0,0.0,0.0,0.0,0.0,55.8,0.0,0.0,0.0,0.0,0.0,0.0,0.0,1265.0,19.3,0.0
2050-01-22 19:00:00,2050-01-22 17:00:00,1731.6,0.0,0.0,0.3,1731.8,1675.5,1713.1,0.0,40.3,0.0324,0.0453,battery,gas-cc,0.0,0.0,0.0,0.0,0.0,0.0,0.0,0.0,0.0,0.0,0.0,0.0,0.0,0.0,0.0,0.0,0.0,0.0,202.0,3.8,0.38,23.9,1523.7,0.09,202.2,69.3,271.5,415.6,7.8,0.78,49.1,3136.6,0.18,416.1,142.6,558.7,36.74,0.0,0.0,36.74,38.48,0.0,0.0,38.48,0.0,0.0,0.0,1772.2,18.8,1753.4,0.0,0.0,0.0,0.0,0.0,0.0,0.0,0.0,0.0,0.0,0.0,0.0,0.0,18.8,0.0
2050-01-22 20:00:00,2050-01-22 18:00:00,1843.2,0.0,0.0,3.5,1846.7,1781.9,1828.2,0.0,538.8,0.0332,0.0482,battery,gas-cc,0.0,0.0,0.0,0.0,0.0,0.0,0.0,0.0,0.0,0.0,0.0,0.0,0.0,0.0,0.0,0.0,0.0,0.0,168.5,3.2,0.32,19.9,1270.4,0.07,168.6,57.8,226.4,416.9,7.9,0.79,49.3,3146.2,0.18,417.4,143.1,560.4,36.74,0.0,0.0,36.74,38.6,0.0,0.0,38.6,0.0,0.0,0.0,2385.4,18.5,2367.0,0.0,0.0,0.0,0.0,0.0,0.0,0.0,0.0,0.0,0.0,0.0,0.0,0.0,18.5,0.0
2050-01-22 21:00:00,2050-01-22 19:00:00,1848.4,0.0,0.0,0.0,1848.4,1786.9,1833.0,0.0,0.0,0.0333,0.0483,battery,gas-cc,0.0,0.0,0.0,0.0,0.0,0.0,0.0,0.0,0.0,0.0,0.0,0.0,0.0,0.0,0.0,0.0,0.0,0.0,164.4,3.1,0.31,19.4,1239.4,0.07,164.5,56.4,220.9,417.0,7.9,0.79,49.3,3146.6,0.18,417.4,143.1,560.5,36.74,0.0,0.0,36.74,38.6,0.0,0.0,38.6,0.0,0.0,0.0,1848.4,15.4,1833.0,0.0,0.0,0.0,0.0,0.0,0.0,0.0,0.0,0.0,0.0,0.0,0.0,0.0,15.4,0.0
2050-01-22 22:00:00,2050-01-22 20:00:00,1816.8,0.0,0.0,5.8,1822.6,1756.8,1809.9,0.0,891.7,0.033,0.0475,battery,gas-cc,0.0,0.0,0.0,0.0,0.0,0.0,0.0,0.0,0.0,0.0,0.0,0.0,0.0,0.0,0.0,0.0,0.0,0.0,166.7,3.1,0.32,19.7,1257.3,0.07,166.9,57.2,224.1,416.6,7.9,0.79,49.2,3143.9,0.18,417.1,143.0,560.0,36.74,0.0,0.0,36.74,38.57,0.0,0.0,38.57,0.0,0.0,0.0,2714.4,12.7,2701.6,0.0,0.0,0.0,0.0,0.0,0.0,0.0,0.0,0.0,0.0,0.0,0.0,0.0,12.7,0.0
2050-01-22 23:00:00,2050-01-22 21:00:00,1763.2,0.0,0.0,5.8,1769.0,1705.6,1761.7,0.0,894.1,0.0326,0.0461,battery,gas-cc,0.0,0.0,0.0,0.0,0.0,0.0,0.0,0.0,0.0,0.0,0.0,0.0,0.0,0.0,0.0,0.0,0.0,0.0,203.7,3.8,0.38,24.1,1536.7,0.09,203.9,69.9,273.8,429.0,8.1,0.81,50.7,3237.5,0.19,429.5,147.2,576.7,36.74,0.0,0.0,36.74,38.51,0.0,0.0,38.51,0.0,0.0,0.0,2663.1,7.2,2655.8,0.0,0.0,0.0,0.0,0.0,0.0,0.0,0.0,0.0,0.0,0.0,0.0,0.0,7.2,0.0
2050-01-23 00:00:00,2050-01-22 22:00:00,1656.8,0.0,0.0,0.0,1656.8,1604.1,1653.2,0.0,0.0,0.0318,0.0433,battery,gas-cc,0.0,0.0,0.0,0.0,0.0,0.0,0.0,0.0,0.0,0.0,0.0,0.0,0.0,0.0,0.0,0.0,0.0,0.0,160.6,3.0,0.3,19.0,1211.1,0.07,160.8,55.1,215.9,372.7,7.0,0.7,44.0,2812.4,0.16,373.1,127.9,501.0,32.91,0.0,0.0,32.91,34.4,0.0,0.0,34.4,0.0,0.0,0.0,1656.8,3.6,1653.2,0.0,0.0,0.0,0.0,0.0,0.0,0.0,0.0,0.0,0.0,0.0,0.0,0.0,3.6,0.0
2050-01-23 01:00:00,2050-01-22 23:00:00,1530.5,0.0,0.0,0.0,1530.5,1483.0,1529.1,0.0,0.0,0.031,0.04,battery,gas-cc,0.0,0.0,0.0,0.0,0.0,0.0,0.0,0.0,0.0,0.0,0.0,0.0,0.0,0.0,0.0,0.0,0.0,0.0,176.4,3.3,0.33,20.8,1330.1,0.08,176.5,60.5,237.0,371.4,7.0,0.7,43.9,2802.7,0.16,371.8,127.4,499.2,32.91,0.0,0.0,32.91,34.29,0.0,0.0,34.29,0.0,0.0,0.0,1530.5,1.5,1529.1,0.0,0.0,0.0,0.0,0.0,0.0,0.0,0.0,0.0,0.0,0.0,0.0,0.0,1.5,0.0
2050-01-23 02:00:00,2050-01-23 00:00:00,1412.6,0.0,0.0,0.0,1412.6,1369.7,1412.4,0.0,0.0,0.0304,0.0369,battery,gas-cc,0.0,0.0,0.0,0.0,0.0,0.0,0.0,0.0,0.0,0.0,0.0,0.0,0.0,0.0,0.0,0.0,0.0,0.0,203.1,3.8,0.38,24.0,1531.8,0.09,203.3,69.7,273.0,370.2,7.0,0.7,43.7,2793.7,0.16,370.6,127.0,497.6,32.91,0.0,0.0,32.91,34.18,0.0,0.0,34.18,0.0,0.0,0.0,1412.6,0.3,1412.4,0.0,0.0,0.0,0.0,0.0,0.0,0.0,0.0,0.0,0.0,0.0,0.0,0.0,0.3,0.0
2050-01-23 03:00:00,2050-01-23 01:00:00,1355.8,0.0,0.0,0.0,1355.8,1314.9,1354.0,0.0,0.0,0.0302,0.0355,battery,gas-cc,0.0,0.0,0.0,0.0,0.0,0.0,0.0,0.0,0.0,0.0,0.0,0.0,0.0,0.0,0.0,0.0,0.0,0.0,181.7,3.4,0.34,21.5,1370.5,0.08,181.9,62.3,244.2,369.6,7.0,0.7,43.7,2789.4,0.16,370.0,126.8,496.9,32.91,0.0,0.0,32.91,34.12,0.0,0.0,34.12,0.0,0.0,0.0,1355.8,1.8,1354.0,0.0,0.0,0.0,0.0,0.0,0.0,0.0,0.0,0.0,0.0,0.0,0.0,0.0,1.8,0.0
2050-01-23 04:00:00,2050-01-23 02:00:00,1322.1,0.0,0.0,0.0,1322.1,1282.4,1320.1,0.0,0.0,0.03,0.0346,battery,gas-cc,0.0,0.0,0.0,0.0,0.0,0.0,0.0,0.0,0.0,0.0,0.0,0.0,0.0,0.0,0.0,0.0,0.0,0.0,149.6,2.8,0.28,17.7,1128.0,0.07,149.8,51.3,201.1,369.3,7.0,0.7,43.6,2786.9,0.16,369.7,126.7,496.4,32.91,0.0,0.0,32.91,34.09,0.0,0.0,34.09,0.0,0.0,0.0,1322.1,2.0,1320.1,0.0,0.0,0.0,0.0,0.0,0.0,0.0,0.0,0.0,0.0,0.0,0.0,0.0,2.0,0.0
2050-01-23 05:00:00,2050-01-23 03:00:00,1306.3,0.0,0.0,0.4,1306.7,1267.1,1305.2,0.0,54.2,0.03,0.0342,battery,gas-cc,0.0,0.0,0.0,0.0,0.0,0.0,0.0,0.0,0.0,0.0,0.0,0.0,0.0,0.0,0.0,0.0,0.0,0.0,171.7,3.2,0.32,20.3,1295.1,0.07,171.9,58.9,230.8,369.2,7.0,0.7,43.6,2785.7,0.16,369.5,126.7,496.2,32.91,0.0,0.0,32.91,34.08,0.0,0.0,34.08,0.0,0.0,0.0,1360.8,1.5,1359.3,0.0,0.0,0.0,0.0,0.0,0.0,0.0,0.0,0.0,0.0,0.0,0.0,0.0,1.5,0.0
2050-01-23 06:00:00,2050-01-23 04:00:00,1329.5,0.0,0.0,0.0,1329.5,1289.5,1327.9,0.0,0.0,0.0301,0.0348,battery,gas-cc,0.0,0.0,0.0,0.0,0.0,0.0,0.0,0.0,0.0,0.0,0.0,0.0,0.0,0.0,0.0,0.0,0.0,0.0,168.1,3.2,0.32,19.9,1267.6,0.07,168.3,57.7,225.9,369.4,7.0,0.7,43.6,2787.4,0.16,369.8,126.7,496.5,32.91,0.0,0.0,32.91,34.1,0.0,0.0,34.1,0.0,0.0,0.0,1329.5,1.6,1327.9,0.0,0.0,0.0,0.0,0.0,0.0,0.0,0.0,0.0,0.0,0.0,0.0,0.0,1.6,0.0
2050-01-23 07:00:00,2050-01-23 05:00:00,1432.6,0.0,0.0,2.3,1435.0,1388.9,1433.0,10.8,331.2,0.0305,0.0375,battery,gas-cc,0.0,0.0,0.0,0.0,0.0,0.0,0.0,0.0,0.0,0.0,0.0,0.0,0.0,0.0,0.0,0.0,0.0,0.0,168.4,3.2,0.32,19.9,1269.7,0.07,168.6,57.8,226.3,370.4,7.0,0.7,43.8,2795.2,0.16,370.8,127.1,497.9,32.91,0.0,0.0,32.91,34.19,0.0,0.0,34.19,0.0,0.0,0.0,1755.3,1.9,1753.4,0.0,0.0,0.0,0.0,0.0,0.0,0.0,0.0,0.0,0.0,0.0,0.0,0.0,1.9,0.0
2050-01-23 08:00:00,2050-01-23 06:00:00,1621.1,0.0,0.0,0.6,1621.7,1569.8,1619.2,40.9,0.0,0.0316,0.0424,battery,gas-cc,0.0,0.0,0.0,0.0,0.0,0.0,0.0,0.0,0.0,0.0,0.0,0.0,0.0,0.0,0.0,0.0,0.0,0.0,175.6,3.3,0.33,20.7,1324.5,0.08,175.8,60.2,236.1,372.3,7.0,0.7,44.0,2809.6,0.16,372.7,127.8,500.5,32.91,0.0,0.0,32.91,34.37,0.0,0.0,34.37,0.0,0.0,0.0,1580.8,2.5,1578.3,0.0,0.0,0.0,0.0,0.0,0.0,0.0,0.0,0.0,0.0,0.0,0.0,0.0,2.5,0.0
2050-01-23 09:00:00,2050-01-23 07:00:00,1783.2,0.0,0.0,12.1,1795.2,1724.7,-165.4,445.3,795.8,0.0328,0.0466,battery,gas-cc,0.0,0.0,0.0,0.0,0.0,0.0,0.0,0.0,0.0,0.0,0.0,0.0,0.0,0.0,0.0,0.0,0.0,0.0,157.5,3.0,0.3,18.6,1187.6,0.07,157.7,54.0,211.7,374.0,7.0,0.7,44.2,2822.1,0.16,374.4,128.3,502.7,32.91,0.0,0.0,32.91,34.52,0.0,0.0,34.52,0.0,0.0,0.0,2145.7,1960.6,185.1,0.0,0.0,0.0,0.0,82.6,0.0,0.0,0.0,0.0,0.0,0.0,0.0,1874.0,4.0,0.0
2050-01-23 10:00:00,2050-01-23 08:00:00,1886.3,3882.9,0.0,16.2,5785.4,1822.9,-983.9,445.3,1429.2,0.0336,0.0493,battery,gas-cc,0.0,0.0,0.0,0.0,0.0,0.0,0.0,0.0,0.0,0.0,0.0,0.0,0.0,0.0,0.0,0.0,0.0,0.0,156.8,3.0,0.3,18.5,1182.6,0.07,157.0,53.8,210.8,320.4,6.0,0.6,37.8,2417.7,0.14,320.7,109.9,430.7,27.94,0.0,0.0,27.94,29.39,0.0,0.0,29.39,0.0,0.0,0.0,6769.3,6769.3,0.0,0.0,0.0,0.0,0.0,285.5,0.0,0.0,0.0,0.0,0.0,0.0,0.0,6478.4,5.4,0.0
2050-01-23 11:00:00,2050-01-23 09:00:00,1868.4,4019.6,0.0,13.6,5901.6,1805.9,-1827.5,0.0,1827.5,0.0335,0.0489,upv,upv,0.0,0.0,0.0,0.0,0.0,0.0,0.0,0.0,0.0,0.0,0.0,0.0,0.0,0.0,0.0,0.0,0.0,0.0,151.9,2.9,0.29,18.0,1145.7,0.07,152.1,52.1,204.2,0.0,0.0,0.0,0.0,0.0,0.0,0.0,0.0,0.0,4.75,0.0,0.0,4.75,4.99,0.0,0.0,4.99,0.0,0.0,0.0,7729.1,7729.1,0.0,0.0,0.0,0.0,0.0,326.1,0.0,0.0,0.0,0.0,0.0,0.0,0.0,7399.3,3.8,0.0
2050-01-23 12:00:00,2050-01-23 10:00:00,1763.2,4019.6,0.0,10.9,5793.7,1705.6,-1656.7,0.0,1656.7,0.0326,0.0461,upv,upv,0.0,0.0,0.0,0.0,0.0,0.0,0.0,0.0,0.0,0.0,0.0,0.0,0.0,0.0,0.0,0.0,0.0,0.0,155.1,2.9,0.29,18.3,1169.6,0.07,155.3,53.2,208.5,0.0,0.0,0.0,0.0,0.0,0.0,0.0,0.0,0.0,4.75,0.0,0.0,4.75,4.98,0.0,0.0,4.98,0.0,0.0,0.0,7450.3,7450.3,0.0,0.0,0.0,0.0,0.0,314.2,0.0,0.0,0.0,0.0,0.0,0.0,0.0,7127.9,8.3,0.0
2050-01-23 13:00:00,2050-01-23 11:00:00,1672.6,3824.8,0.0,15.7,5513.1,1619.2,-907.3,445.3,1352.6,0.032,0.0437,battery,gas-cc,0.0,0.0,0.0,0.0,0.0,0.0,0.0,0.0,0.0,0.0,0.0,0.0,0.0,0.0,0.0,0.0,0.0,0.0,140.0,2.6,0.26,16.5,1055.1,0.06,140.1,48.0,188.1,318.5,6.0,0.6,37.6,2403.5,0.14,318.9,109.3,428.1,27.94,0.0,0.0,27.94,29.22,0.0,0.0,29.22,0.0,0.0,0.0,6420.3,6420.3,0.0,0.0,0.0,0.0,0.0,270.1,0.0,0.0,0.0,0.0,0.0,0.0,0.0,6129.4,20.8,0.0
2050-01-23 14:00:00,2050-01-23 12:00:00,1628.4,2850.6,0.0,15.8,4494.9,1576.9,-925.1,445.3,1370.4,0.0316,0.0426,battery,gas-cc,0.0,0.0,0.0,0.0,0.0,0.0,0.0,0.0,0.0,0.0,0.0,0.0,0.0,0.0,0.0,0.0,0.0,0.0,139.9,2.6,0.26,16.5,1054.8,0.06,140.1,48.0,188.0,318.1,6.0,0.6,37.6,2400.6,0.14,318.5,109.2,427.6,27.94,0.0,0.0,27.94,29.19,0.0,0.0,29.19,0.0,0.0,0.0,5419.9,5419.9,0.0,0.0,0.0,0.0,0.0,226.8,0.0,0.0,0.0,0.0,0.0,0.0,0.0,5147.2,45.9,0.0
2050-01-23 15:00:00,2050-01-23 13:00:00,1610.5,3663.9,0.0,11.0,5285.4,1559.8,-179.0,445.3,624.4,0.0315,0.0421,battery,gas-cc,0.0,0.0,0.0,0.0,0.0,0.0,0.0,0.0,0.0,0.0,0.0,0.0,0.0,0.0,0.0,0.0,0.0,0.0,139.9,2.6,0.26,16.5,1054.6,0.06,140.0,48.0,188.0,318.0,6.0,0.6,37.6,2399.4,0.14,318.3,109.1,427.4,27.94,0.0,0.0,27.94,29.17,0.0,0.0,29.17,0.0,0.0,0.0,5464.4,5464.4,0.0,0.0,0.0,0.0,0.0,227.4,0.0,0.0,0.0,0.0,0.0,0.0,0.0,5160.1,77.0,0.0
2050-01-23 16:00:00,2050-01-23 14:00:00,1585.3,2431.9,0.0,7.1,4024.2,1535.5,419.5,445.3,25.8,0.0314,0.0415,battery,gas-cc,0.0,0.0,0.0,0.0,0.0,0.0,0.0,0.0,0.0,0.0,0.0,0.0,0.0,0.0,0.0,0.0,0.0,0.0,139.9,2.6,0.26,16.5,1054.5,0.06,140.0,48.0,188.0,317.7,6.0,0.6,37.5,2397.8,0.14,318.1,109.0,427.1,27.94,0.0,0.0,27.94,29.15,0.0,0.0,29.15,0.0,0.0,0.0,3604.8,3604.8,0.0,0.0,0.0,0.0,0.0,148.0,0.0,0.0,0.0,0.0,0.0,0.0,0.0,3357.1,99.7,0.0
2050-01-23 17:00:00,2050-01-23 15:00:00,1621.1,0.0,0.0,12.8,1633.8,1569.8,-455.9,445.3,901.2,0.0316,0.0424,gas-cc,gas-cc,0.0,0.0,0.0,0.0,0.0,0.0,0.0,0.0,0.0,0.0,0.0,0.0,0.0,0.0,0.0,0.0,0.0,0.0,150.2,2.8,0.28,17.8,1133.0,0.07,150.4,51.5,201.9,421.7,7.9,0.79,49.8,3181.9,0.18,422.1,144.7,566.8,29.59,0.0,0.0,29.59,30.9,0.0,0.0,30.9,0.0,0.0,0.0,2089.7,2089.7,0.0,0.0,0.0,0.0,0.0,83.4,0.0,0.0,0.0,0.0,0.0,0.0,0.0,1891.8,114.6,0.0
2050-01-23 18:00:00,2050-01-23 16:00:00,1693.7,0.0,0.0,0.0,1693.7,1639.3,987.5,0.0,0.0,0.0321,0.0443,battery,gas-cc,0.0,0.0,0.0,0.0,0.0,0.0,0.0,0.0,0.0,0.0,0.0,0.0,0.0,0.0,0.0,0.0,0.0,0.0,172.0,3.2,0.33,20.3,1297.0,0.07,172.2,59.0,231.2,373.1,7.0,0.7,44.1,2815.2,0.16,373.5,128.0,501.5,32.91,0.0,0.0,32.91,34.44,0.0,0.0,34.44,0.0,0.0,0.0,1693.7,706.2,987.5,0.0,0.0,0.0,0.0,25.7,0.0,0.0,0.0,0.0,0.0,0.0,0.0,582.4,98.1,0.0
2050-01-23 19:00:00,2050-01-23 17:00:00,1829.5,0.0,0.0,1.2,1830.7,1768.9,1756.7,0.0,181.8,0.0331,0.0478,battery,gas-cc,0.0,0.0,0.0,0.0,0.0,0.0,0.0,0.0,0.0,0.0,0.0,0.0,0.0,0.0,0.0,0.0,0.0,0.0,228.0,4.3,0.43,26.9,1720.4,0.1,228.3,78.2,306.5,407.8,7.7,0.77,48.2,3077.2,0.18,408.2,139.9,548.1,32.91,0.0,0.0,32.91,34.57,0.0,0.0,34.57,0.0,0.0,0.0,2012.5,74.0,1938.5,0.0,0.0,0.0,0.0,0.0,0.0,0.0,0.0,0.0,0.0,0.0,0.0,0.0,74.0,0.0
2050-01-23 20:00:00,2050-01-23 18:00:00,1989.5,0.0,0.0,2.7,1992.1,1920.9,1926.9,0.0,411.0,0.0345,0.052,battery,gas-cc,0.0,0.0,0.0,0.0,0.0,0.0,0.0,0.0,0.0,0.0,0.0,0.0,0.0,0.0,0.0,0.0,0.0,0.0,203.0,3.8,0.38,24.0,1531.1,0.09,203.2,69.6,272.8,409.6,7.7,0.77,48.4,3090.8,0.18,410.0,140.5,550.6,32.91,0.0,0.0,32.91,34.72,0.0,0.0,34.72,0.0,0.0,0.0,2403.1,65.2,2337.9,0.0,0.0,0.0,0.0,0.0,0.0,0.0,0.0,0.0,0.0,0.0,0.0,0.0,65.2,0.0
2050-01-23 21:00:00,2050-01-23 19:00:00,1989.5,0.0,0.0,0.0,1989.5,1920.9,1921.9,0.0,0.0,0.0345,0.052,battery,gas-cc,0.0,0.0,0.0,0.0,0.0,0.0,0.0,0.0,0.0,0.0,0.0,0.0,0.0,0.0,0.0,0.0,0.0,0.0,177.5,3.3,0.34,21.0,1338.3,0.08,177.7,60.9,238.5,376.1,7.1,0.71,44.4,2838.2,0.16,376.5,129.1,505.6,32.91,0.0,0.0,32.91,34.72,0.0,0.0,34.72,0.0,0.0,0.0,1989.5,67.6,1921.9,0.0,0.0,0.0,0.0,0.0,0.0,0.0,0.0,0.0,0.0,0.0,0.0,0.0,67.6,0.0
2050-01-23 22:00:00,2050-01-23 20:00:00,1914.7,0.0,0.0,8.8,1923.6,1849.9,1851.9,0.0,1359.3,0.0338,0.0501,battery,gas-cc,0.0,0.0,0.0,0.0,0.0,0.0,0.0,0.0,0.0,0.0,0.0,0.0,0.0,0.0,0.0,0.0,0.0,0.0,230.2,4.3,0.43,27.2,1736.7,0.1,230.5,79.0,309.4,408.7,7.7,0.77,48.3,3084.4,0.18,409.2,140.2,549.4,32.91,0.0,0.0,32.91,34.65,0.0,0.0,34.65,0.0,0.0,0.0,3282.8,71.6,3211.2,0.0,0.0,0.0,0.0,0.0,0.0,0.0,0.0,0.0,0.0,0.0,0.0,0.0,71.6,0.0
2050-01-23 23:00:00,2050-01-23 21:00:00,1822.1,0.0,0.0,0.0,1822.1,1761.8,1722.9,0.0,0.0,0.0331,0.0477,battery,gas-cc,0.0,0.0,0.0,0.0,0.0,0.0,0.0,0.0,0.0,0.0,0.0,0.0,0.0,0.0,0.0,0.0,0.0,0.0,164.0,3.1,0.31,19.4,1236.6,0.07,164.2,56.2,220.4,374.4,7.1,0.71,44.2,2825.1,0.16,374.8,128.5,503.2,32.91,0.0,0.0,32.91,34.56,0.0,0.0,34.56,0.0,0.0,0.0,1822.1,99.2,1722.9,0.0,0.0,0.0,0.0,0.0,0.0,0.0,0.0,0.0,0.0,0.0,0.0,0.0,99.2,0.0
2050-01-24 00:00:00,2050-01-23 22:00:00,1695.8,0.0,0.0,0.0,1695.8,1641.3,1577.2,0.0,0.0,0.0321,0.0443,battery,gas-cc,0.0,0.0,0.0,0.0,0.0,0.0,0.0,0.0,0.0,0.0,0.0,0.0,0.0,0.0,0.0,0.0,0.0,0.0,171.7,3.2,0.32,20.3,1294.9,0.07,171.9,58.9,230.8,428.2,8.1,0.81,50.6,3231.5,0.19,428.7,146.9,575.6,42.51,0.0,0.0,42.51,44.49,0.0,0.0,44.49,0.0,0.0,0.0,1695.8,118.6,1577.2,0.0,0.0,0.0,0.0,0.0,0.0,0.0,0.0,0.0,0.0,0.0,0.0,0.0,118.6,0.0
2050-01-24 01:00:00,2050-01-23 23:00:00,1544.2,0.0,0.0,0.0,1544.2,1496.2,1440.5,0.0,0.0,0.0311,0.0404,battery,gas-cc,0.0,0.0,0.0,0.0,0.0,0.0,0.0,0.0,0.0,0.0,0.0,0.0,0.0,0.0,0.0,0.0,0.0,0.0,164.1,3.1,0.31,19.4,1237.5,0.07,164.3,56.3,220.6,426.5,8.0,0.8,50.4,3218.2,0.18,426.9,146.3,573.3,42.51,0.0,0.0,42.51,44.3,0.0,0.0,44.3,0.0,0.0,0.0,1544.2,103.8,1440.5,0.0,0.0,0.0,0.0,0.0,0.0,0.0,0.0,0.0,0.0,0.0,0.0,0.0,103.8,0.0
2050-01-24 02:00:00,2050-01-24 00:00:00,1409.5,0.0,0.0,0.3,1409.7,1366.6,1317.3,16.3,0.0,0.0304,0.0369,battery,gas-cc,0.0,0.0,0.0,0.0,0.0,0.0,0.0,0.0,0.0,0.0,0.0,0.0,0.0,0.0,0.0,0.0,0.0,0.0,166.9,3.1,0.32,19.7,1258.6,0.07,167.1,57.2,224.3,424.9,8.0,0.8,50.2,3206.4,0.18,425.4,145.8,571.2,42.51,0.0,0.0,42.51,44.14,0.0,0.0,44.14,0.0,0.0,0.0,1393.5,92.4,1301.0,0.0,0.0,0.0,0.0,0.0,0.0,0.0,0.0,0.0,0.0,0.0,0.0,0.0,92.4,0.0
2050-01-24 03:00:00,2050-01-24 01:00:00,1316.8,0.0,0.0,6.9,1323.7,1277.3,1265.6,445.3,0.0,0.03,0.0344,battery,gas-cc,0.0,0.0,0.0,0.0,0.0,0.0,0.0,0.0,0.0,0.0,0.0,0.0,0.0,0.0,0.0,0.0,0.0,0.0,185.6,3.5,0.35,21.9,1400.2,0.08,185.8,63.7,249.5,423.8,8.0,0.8,50.1,3198.4,0.18,424.3,145.4,569.7,42.51,0.0,0.0,42.51,44.03,0.0,0.0,44.03,0.0,0.0,0.0,878.4,58.1,820.3,0.0,0.0,0.0,0.0,0.0,0.0,0.0,0.0,0.0,0.0,0.0,0.0,0.0,58.1,0.0
2050-01-24 04:00:00,2050-01-24 02:00:00,1273.7,0.0,0.0,6.9,1280.6,1235.6,1214.6,445.3,0.0,0.0299,0.0333,battery,gas-cc,0.0,0.0,0.0,0.0,0.0,0.0,0.0,0.0,0.0,0.0,0.0,0.0,0.0,0.0,0.0,0.0,0.0,0.0,180.6,3.4,0.34,21.3,1361.9,0.08,180.8,61.9,242.7,423.3,8.0,0.8,50.0,3194.6,0.18,423.8,145.3,569.1,42.51,0.0,0.0,42.51,43.98,0.0,0.0,43.98,0.0,0.0,0.0,835.3,66.0,769.3,0.0,0.0,0.0,0.0,0.0,0.0,0.0,0.0,0.0,0.0,0.0,0.0,0.0,66.0,0.0
2050-01-24 05:00:00,2050-01-24 03:00:00,1245.3,0.0,0.0,5.5,1250.8,1208.1,1164.5,357.4,0.0,0.0298,0.0326,battery,gas-cc,0.0,0.0,0.0,0.0,0.0,0.0,0.0,0.0,0.0,0.0,0.0,0.0,0.0,0.0,0.0,0.0,0.0,0.0,178.1,3.4,0.34,21.0,1343.3,0.08,178.3,61.1,239.4,464.0,8.7,0.87,54.8,3501.6,0.2,464.5,159.2,623.7,42.51,0.0,0.0,42.51,43.95,0.0,0.0,43.95,0.0,0.0,0.0,893.4,86.3,807.0,0.0,0.0,0.0,0.0,0.0,0.0,0.0,0.0,0.0,0.0,0.0,0.0,0.0,86.3,0.0
2050-01-24 06:00:00,2050-01-24 04:00:00,1265.3,0.0,0.0,0.0,1265.3,1227.5,1196.3,0.0,0.0,0.0299,0.0331,battery,gas-cc,0.0,0.0,0.0,0.0,0.0,0.0,0.0,0.0,0.0,0.0,0.0,0.0,0.0,0.0,0.0,0.0,0.0,0.0,178.2,3.4,0.34,21.1,1344.1,0.08,178.4,61.1,239.5,423.2,8.0,0.8,50.0,3193.9,0.18,423.7,145.2,568.9,42.51,0.0,0.0,42.51,43.97,0.0,0.0,43.97,0.0,0.0,0.0,1265.3,69.0,1196.3,0.0,0.0,0.0,0.0,0.0,0.0,0.0,0.0,0.0,0.0,0.0,0.0,0.0,69.0,0.0
2050-01-24 07:00:00,2050-01-24 05:00:00,1363.2,0.0,0.0,2.0,1365.2,1322.0,1313.2,131.9,0.0,0.0302,0.0356,battery,gas-cc,0.0,0.0,0.0,0.0,0.0,0.0,0.0,0.0,0.0,0.0,0.0,0.0,0.0,0.0,0.0,0.0,0.0,0.0,180.2,3.4,0.34,21.3,1359.2,0.08,180.4,61.8,242.2,424.4,8.0,0.8,50.1,3202.4,0.18,424.8,145.6,570.4,42.51,0.0,0.0,42.51,44.09,0.0,0.0,44.09,0.0,0.0,0.0,1233.3,52.0,1181.3,0.0,0.0,0.0,0.0,0.0,0.0,0.0,0.0,0.0,0.0,0.0,0.0,0.0,52.0,0.0
2050-01-24 08:00:00,2050-01-24 06:00:00,1544.2,0.0,0.0,0.0,1544.2,1496.2,1484.5,0.0,0.0,0.0311,0.0404,battery,gas-cc,0.0,0.0,0.0,0.0,0.0,0.0,0.0,0.0,0.0,0.0,0.0,0.0,0.0,0.0,0.0,0.0,0.0,0.0,172.9,3.3,0.33,20.4,1303.9,0.08,173.1,59.3,232.4,426.5,8.0,0.8,50.4,3218.2,0.18,426.9,146.3,573.3,42.51,0.0,0.0,42.51,44.3,0.0,0.0,44.3,0.0,0.0,0.0,1544.2,59.7,1484.5,0.0,0.0,0.0,0.0,0.0,0.0,0.0,0.0,0.0,0.0,0.0,0.0,0.0,59.7,0.0
2050-01-24 09:00:00,2050-01-24 07:00:00,1701.1,0.0,0.0,3.1,1704.1,1646.4,-470.4,0.0,470.4,0.0322,0.0445,battery,gas-cc,0.0,0.0,0.0,0.0,0.0,0.0,0.0,0.0,0.0,0.0,0.0,0.0,0.0,0.0,0.0,0.0,0.0,0.0,165.5,3.1,0.31,19.6,1247.9,0.07,165.7,56.8,222.4,428.3,8.1,0.81,50.6,3232.0,0.19,428.8,147.0,575.7,41.56,0.0,0.0,41.56,43.5,0.0,0.0,43.5,0.0,0.0,0.0,2174.5,2174.5,0.0,0.0,0.0,0.0,0.0,89.1,0.0,0.0,0.0,0.0,0.0,0.0,0.0,2022.7,62.7,0.0
2050-01-24 10:00:00,2050-01-24 08:00:00,1809.5,2953.8,0.0,28.9,4792.2,1749.8,-2816.0,0.0,2816.0,0.033,0.0473,upv,upv,0.0,0.0,0.0,0.0,0.0,0.0,0.0,0.0,0.0,0.0,0.0,0.0,0.0,0.0,0.0,0.0,0.0,0.0,141.8,2.7,0.27,16.8,1068.9,0.06,141.9,48.6,190.6,0.0,0.0,0.0,0.0,0.0,0.0,0.0,0.0,0.0,0.0,0.0,0.0,0.0,0.0,0.0,0.0,0.0,0.0,190.6,190.6,7608.2,7608.2,0.0,0.0,0.0,0.0,0.0,327.7,0.0,0.0,0.0,0.0,0.0,0.0,0.0,7247.4,33.1,0.0
2050-01-24 11:00:00,2050-01-24 09:00:00,1786.3,4019.6,0.0,28.9,5834.8,1727.7,-2816.0,0.0,2816.0,0.0328,0.0467,upv,upv,0.0,0.0,0.0,0.0,0.0,0.0,0.0,0.0,0.0,0.0,0.0,0.0,0.0,0.0,0.0,0.0,0.0,0.0,141.3,2.7,0.27,16.7,1065.0,0.06,141.4,48.4,189.9,0.0,0.0,0.0,0.0,0.0,0.0,0.0,0.0,0.0,0.0,0.0,0.0,0.0,0.0,0.0,0.0,0.0,39.1,390.1,429.2,8650.8,8650.8,0.0,0.0,0.0,0.0,0.0,381.5,0.0,0.0,0.0,0.0,0.0,0.0,0.0,8269.3,0.0,0.0
2050-01-24 12:00:00,2050-01-24 10:00:00,1693.7,3986.6,0.0,28.9,5709.2,1639.3,-2816.0,0.0,2816.0,0.0321,0.0443,upv,upv,0.0,0.0,0.0,0.0,0.0,0.0,0.0,0.0,0.0,0.0,0.0,0.0,0.0,0.0,0.0,0.0,0.0,0.0,139.9,2.6,0.26,16.5,1054.9,0.06,140.1,48.0,188.1,0.0,0.0,0.0,0.0,0.0,0.0,0.0,0.0,0.0,0.0,0.0,0.0,0.0,0.0,0.0,0.0,0.0,58.4,259.3,317.7,8525.2,8525.2,0.0,0.0,0.0,0.0,0.0,370.6,0.0,0.0,0.0,0.0,0.0,0.0,0.0,8154.6,0.0,0.0
2050-01-24 13:00:00,2050-01-24 11:00:00,1621.1,3016.4,0.0,28.9,4666.3,1569.8,-2816.0,0.0,2816.0,0.0316,0.0424,upv,upv,0.0,0.0,0.0,0.0,0.0,0.0,0.0,0.0,0.0,0.0,0.0,0.0,0.0,0.0,0.0,0.0,0.0,0.0,139.8,2.6,0.26,16.5,1054.2,0.06,140.0,48.0,187.9,0.0,0.0,0.0,0.0,0.0,0.0,0.0,0.0,0.0,0.0,0.0,0.0,0.0,0.0,0.0,0.0,0.0,97.1,695.1,792.2,7482.3,7482.3,0.0,0.0,0.0,0.0,0.0,345.2,0.0,0.0,0.0,0.0,0.0,0.0,0.0,7137.1,0.0,0.0
2050-01-24 14:00:00,2050-01-24 12:00:00,1582.1,3390.0,0.0,28.9,5001.0,1532.5,-2816.0,0.0,2816.0,0.0313,0.0414,upv,upv,0.0,0.0,0.0,0.0,0.0,0.0,0.0,0.0,0.0,0.0,0.0,0.0,0.0,0.0,0.0,0.0,0.0,0.0,139.8,2.6,0.26,16.5,1054.0,0.06,140.0,47.9,187.9,0.0,0.0,0.0,0.0,0.0,0.0,0.0,0.0,0.0,0.0,0.0,0.0,0.0,0.0,0.0,0.0,0.0,0.0,298.4,298.4,7817.0,7817.0,0.0,0.0,0.0,0.0,0.0,337.8,0.0,0.0,0.0,0.0,0.0,0.0,0.0,7365.8,113.5,0.0
2050-01-24 15:00:00,2050-01-24 13:00:00,1564.2,3824.8,0.0,28.9,5417.8,1515.4,-2816.0,0.0,2816.0,0.0312,0.0409,upv,upv,0.0,0.0,0.0,0.0,0.0,0.0,0.0,0.0,0.0,0.0,0.0,0.0,0.0,0.0,0.0,0.0,0.0,0.0,139.9,2.6,0.26,16.5,1054.9,0.06,140.1,48.0,188.1,0.0,0.0,0.0,0.0,0.0,0.0,0.0,0.0,0.0,0.0,0.0,0.0,0.0,0.0,0.0,0.0,0.0,0.0,365.0,365.0,8233.9,8233.9,0.0,0.0,0.0,0.0,0.0,357.3,0.0,0.0,0.0,0.0,0.0,0.0,0.0,7745.1,131.4,0.0
2050-01-24 16:00:00,2050-01-24 14:00:00,1549.5,3016.4,0.0,26.8,4592.6,1501.2,-2678.8,0.0,2678.8,0.0311,0.0405,upv,upv,0.0,0.0,0.0,0.0,0.0,0.0,0.0,0.0,0.0,0.0,0.0,0.0,0.0,0.0,0.0,0.0,0.0,0.0,145.0,2.7,0.27,17.1,1093.1,0.06,145.1,49.7,194.9,0.0,0.0,0.0,0.0,0.0,0.0,0.0,0.0,0.0,0.0,0.0,0.0,0.0,0.0,0.0,0.0,0.0,0.0,1616.7,1616.7,7271.4,7271.4,0.0,0.0,0.0,0.0,0.0,369.4,0.0,0.0,0.0,0.0,0.0,0.0,0.0,6764.8,137.3,0.0
2050-01-24 17:00:00,2050-01-24 15:00:00,1577.9,2917.5,0.0,22.0,4517.4,1528.5,-2370.3,0.0,2370.3,0.0313,0.0413,upv,upv,0.0,0.0,0.0,0.0,0.0,0.0,0.0,0.0,0.0,0.0,0.0,0.0,0.0,0.0,0.0,0.0,0.0,0.0,139.9,2.6,0.26,16.5,1054.4,0.06,140.0,48.0,188.0,0.0,0.0,0.0,0.0,0.0,0.0,0.0,0.0,0.0,0.0,0.0,0.0,0.0,0.0,0.0,0.0,0.0,151.9,1492.0,1643.9,6887.7,6887.7,0.0,0.0,0.0,0.0,0.0,353.7,0.0,0.0,0.0,0.0,0.0,0.0,0.0,6534.1,0.0,0.0
2050-01-24 18:00:00,2050-01-24 16:00:00,1649.5,0.0,0.0,19.7,1669.2,1597.0,-2225.0,0.0,2225.0,0.0318,0.0431,battery,gas-cc,0.0,0.0,0.0,0.0,0.0,0.0,0.0,0.0,0.0,0.0,0.0,0.0,0.0,0.0,0.0,0.0,0.0,0.0,144.1,2.7,0.27,17.0,1086.6,0.06,144.3,49.4,193.7,330.9,6.2,0.62,39.1,2496.9,0.14,331.2,113.5,444.8,27.4,0.0,0.0,27.4,28.63,0.0,0.0,28.63,0.0,0.0,0.0,3894.2,3894.2,0.0,0.0,0.0,0.0,0.0,157.1,0.0,0.0,0.0,0.0,0.0,0.0,0.0,3563.9,173.2,0.0
2050-01-24 19:00:00,2050-01-24 17:00:00,1783.2,0.0,0.0,17.6,1800.7,1724.7,1594.0,445.3,1640.0,0.0328,0.0466,battery,gas-cc,0.0,0.0,0.0,0.0,0.0,0.0,0.0,0.0,0.0,0.0,0.0,0.0,0.0,0.0,0.0,0.0,0.0,0.0,149.6,2.8,0.28,17.7,1127.5,0.07,149.7,51.3,201.0,361.6,6.8,0.68,42.7,2729.1,0.16,362.0,124.1,486.1,29.99,0.0,0.0,29.99,31.46,0.0,0.0,31.46,0.0,0.0,0.0,2995.4,206.7,2788.7,0.0,0.0,0.0,0.0,0.0,0.0,0.0,0.0,0.0,0.0,0.0,0.0,0.0,206.7,0.0
2050-01-24 20:00:00,2050-01-24 18:00:00,1961.1,0.0,0.0,17.6,1978.6,1893.9,1752.4,445.3,1640.0,0.0342,0.0513,battery,gas-cc,0.0,0.0,0.0,0.0,0.0,0.0,0.0,0.0,0.0,0.0,0.0,0.0,0.0,0.0,0.0,0.0,0.0,0.0,144.2,2.7,0.27,17.0,1086.9,0.06,144.3,49.4,193.8,363.4,6.8,0.68,42.9,2742.4,0.16,363.8,124.7,488.5,29.99,0.0,0.0,29.99,31.61,0.0,0.0,31.61,0.0,0.0,0.0,3173.3,226.2,2947.0,0.0,0.0,0.0,0.0,0.0,0.0,0.0,0.0,0.0,0.0,0.0,0.0,0.0,226.2,0.0
2050-01-24 21:00:00,2050-01-24 19:00:00,1953.7,0.0,0.0,17.6,1971.2,1886.9,1737.9,445.3,1640.0,0.0342,0.0511,battery,gas-cc,0.0,0.0,0.0,0.0,0.0,0.0,0.0,0.0,0.0,0.0,0.0,0.0,0.0,0.0,0.0,0.0,0.0,0.0,146.1,2.8,0.28,17.3,1100.7,0.06,146.2,50.1,196.3,363.3,6.8,0.68,42.9,2741.9,0.16,363.7,124.7,488.4,29.99,0.0,0.0,29.99,31.61,0.0,0.0,31.61,0.0,0.0,0.0,3165.9,233.4,2932.5,0.0,0.0,0.0,0.0,0.0,0.0,0.0,0.0,0.0,0.0,0.0,0.0,0.0,233.4,0.0
2050-01-24 22:00:00,2050-01-24 20:00:00,1876.8,0.0,0.0,16.1,1892.9,1813.9,1660.7,445.3,1411.4,0.0335,0.0491,battery,gas-cc,0.0,0.0,0.0,0.0,0.0,0.0,0.0,0.0,0.0,0.0,0.0,0.0,0.0,0.0,0.0,0.0,0.0,0.0,152.8,2.9,0.29,18.0,1151.6,0.07,152.9,52.4,205.3,362.6,6.8,0.68,42.8,2736.1,0.16,363.0,124.4,487.4,29.99,0.0,0.0,29.99,31.54,0.0,0.0,31.54,0.0,0.0,0.0,2859.0,232.3,2626.7,0.0,0.0,0.0,0.0,0.0,0.0,0.0,0.0,0.0,0.0,0.0,0.0,0.0,232.3,0.0
2050-01-24 23:00:00,2050-01-24 21:00:00,1791.6,0.0,0.0,16.5,1808.1,1732.7,1589.0,445.3,1483.0,0.0328,0.0469,battery,gas-cc,0.0,0.0,0.0,0.0,0.0,0.0,0.0,0.0,0.0,0.0,0.0,0.0,0.0,0.0,0.0,0.0,0.0,0.0,160.0,3.0,0.3,18.9,1206.1,0.07,160.1,54.9,215.0,361.7,6.8,0.68,42.7,2729.7,0.16,362.1,124.1,486.2,29.99,0.0,0.0,29.99,31.47,0.0,0.0,31.47,0.0,0.0,0.0,2845.9,219.1,2626.7,0.0,0.0,0.0,0.0,0.0,0.0,0.0,0.0,0.0,0.0,0.0,0.0,0.0,219.1,0.0
2050-01-25 00:00:00,2050-01-24 22:00:00,1667.4,0.0,0.0,6.9,1674.3,1614.2,1495.6,445.3,0.0,0.0319,0.0436,battery,gas-cc,0.0,0.0,0.0,0.0,0.0,0.0,0.0,0.0,0.0,0.0,0.0,0.0,0.0,0.0,0.0,0.0,0.0,0.0,179.9,3.4,0.34,21.3,1356.7,0.08,180.1,61.7,241.8,358.6,6.8,0.68,42.4,2706.3,0.16,359.0,123.1,482.1,31.44,0.0,0.0,31.44,32.88,0.0,0.0,32.88,0.0,0.0,0.0,1229.0,178.7,1050.3,0.0,0.0,0.0,0.0,0.0,0.0,0.0,0.0,0.0,0.0,0.0,0.0,0.0,178.7,0.0
2050-01-25 01:00:00,2050-01-24 23:00:00,1533.7,0.0,0.0,6.9,1540.6,1486.1,1443.7,445.3,0.0,0.031,0.0401,battery,gas-cc,0.0,0.0,0.0,0.0,0.0,0.0,0.0,0.0,0.0,0.0,0.0,0.0,0.0,0.0,0.0,0.0,0.0,0.0,181.0,3.4,0.34,21.4,1365.4,0.08,181.2,62.1,243.3,357.3,6.7,0.67,42.2,2696.4,0.15,357.7,122.6,480.3,31.44,0.0,0.0,31.44,32.76,0.0,0.0,32.76,0.0,0.0,0.0,1095.3,96.9,998.4,0.0,0.0,0.0,0.0,0.0,0.0,0.0,0.0,0.0,0.0,0.0,0.0,0.0,96.9,0.0
2050-01-25 02:00:00,2050-01-25 00:00:00,1412.6,0.0,0.0,7.1,1419.7,1369.7,1367.8,445.3,27.9,0.0304,0.0369,gas-cc,gas-cc,0.0,0.0,0.0,0.0,0.0,0.0,0.0,0.0,0.0,0.0,0.0,0.0,0.0,0.0,0.0,0.0,0.0,0.0,177.0,3.3,0.33,20.9,1335.0,0.08,177.2,60.7,237.9,365.3,6.9,0.69,43.2,2756.5,0.16,365.7,125.3,491.0,31.44,0.0,0.0,31.44,32.65,0.0,0.0,32.65,0.0,0.0,0.0,1002.3,51.9,950.3,0.0,0.0,0.0,0.0,0.0,0.0,0.0,0.0,0.0,0.0,0.0,0.0,0.0,51.9,0.0
2050-01-25 03:00:00,2050-01-25 01:00:00,1329.5,0.0,0.0,6.9,1336.4,1289.5,1284.3,445.3,0.0,0.0301,0.0348,battery,gas-cc,0.0,0.0,0.0,0.0,0.0,0.0,0.0,0.0,0.0,0.0,0.0,0.0,0.0,0.0,0.0,0.0,0.0,0.0,186.6,3.5,0.35,22.0,1407.2,0.08,186.8,64.0,250.8,355.3,6.7,0.67,42.0,2681.5,0.15,355.7,121.9,477.7,31.44,0.0,0.0,31.44,32.58,0.0,0.0,32.58,0.0,0.0,0.0,891.1,52.1,839.0,0.0,0.0,0.0,0.0,0.0,0.0,0.0,0.0,0.0,0.0,0.0,0.0,0.0,52.1,0.0
2050-01-25 04:00:00,2050-01-25 02:00:00,1293.7,0.0,0.0,8.5,1302.2,1254.9,1230.4,405.8,344.3,0.0299,0.0338,battery,gas-cc,0.0,0.0,0.0,0.0,0.0,0.0,0.0,0.0,0.0,0.0,0.0,0.0,0.0,0.0,0.0,0.0,0.0,0.0,193.3,3.6,0.37,22.8,1457.8,0.08,193.5,66.3,259.8,355.0,6.7,0.67,41.9,2678.9,0.15,355.4,121.8,477.2,31.44,0.0,0.0,31.44,32.54,0.0,0.0,32.54,0.0,0.0,0.0,1240.7,71.8,1168.9,0.0,0.0,0.0,0.0,0.0,0.0,0.0,0.0,0.0,0.0,0.0,0.0,0.0,71.8,0.0
2050-01-25 05:00:00,2050-01-25 03:00:00,1270.5,0.0,0.0,5.4,1275.9,1232.6,1197.0,347.6,0.0,0.0299,0.0332,battery,gas-cc,0.0,0.0,0.0,0.0,0.0,0.0,0.0,0.0,0.0,0.0,0.0,0.0,0.0,0.0,0.0,0.0,0.0,0.0,213.5,4.1,0.42,25.3,1594.1,0.1,213.7,72.8,286.5,354.8,6.7,0.67,41.9,2677.2,0.15,355.2,121.7,476.9,31.44,0.0,0.0,31.44,32.52,0.0,0.0,32.52,0.0,0.0,0.0,928.4,78.9,849.5,0.0,0.0,0.0,0.0,0.0,0.0,0.0,0.0,0.0,0.0,0.0,0.0,0.0,78.9,0.0
2050-01-25 06:00:00,2050-01-25 04:00:00,1291.6,0.0,0.0,4.4,1296.0,1252.9,1216.9,282.7,0.0,0.0299,0.0338,battery,gas-cc,0.0,0.0,0.0,0.0,0.0,0.0,0.0,0.0,0.0,0.0,0.0,0.0,0.0,0.0,0.0,0.0,0.0,0.0,207.4,3.9,0.39,24.5,1564.4,0.09,207.6,71.1,278.8,355.0,6.7,0.67,41.9,2678.8,0.15,355.4,121.8,477.2,31.44,0.0,0.0,31.44,32.54,0.0,0.0,32.54,0.0,0.0,0.0,1013.2,79.1,934.2,0.0,0.0,0.0,0.0,0.0,0.0,0.0,0.0,0.0,0.0,0.0,0.0,0.0,79.1,0.0
2050-01-25 07:00:00,2050-01-25 05:00:00,1386.3,0.0,0.0,3.7,1390.0,1344.3,1301.1,237.5,0.0,0.0303,0.0363,battery,gas-cc,0.0,0.0,0.0,0.0,0.0,0.0,0.0,0.0,0.0,0.0,0.0,0.0,0.0,0.0,0.0,0.0,0.0,0.0,209.1,3.9,0.39,24.7,1577.1,0.09,209.3,71.7,281.0,355.9,6.7,0.67,42.0,2685.6,0.15,356.3,122.1,478.4,31.44,0.0,0.0,31.44,32.63,0.0,0.0,32.63,0.0,0.0,0.0,1152.5,88.9,1063.7,0.0,0.0,0.0,0.0,0.0,0.0,0.0,0.0,0.0,0.0,0.0,0.0,0.0,88.9,0.0
2050-01-25 08:00:00,2050-01-25 06:00:00,1567.4,0.0,0.0,7.0,1574.4,1518.4,1465.8,408.0,111.1,0.0313,0.041,battery,gas-cc,0.0,0.0,0.0,0.0,0.0,0.0,0.0,0.0,0.0,0.0,0.0,0.0,0.0,0.0,0.0,0.0,0.0,0.0,223.7,4.2,0.42,26.4,1687.5,0.1,223.9,76.7,300.7,362.5,6.8,0.68,42.8,2735.6,0.16,362.9,124.4,487.3,31.44,0.0,0.0,31.44,32.79,0.0,0.0,32.79,0.0,0.0,0.0,1277.6,108.6,1168.9,0.0,0.0,0.0,0.0,0.0,0.0,0.0,0.0,0.0,0.0,0.0,0.0,0.0,108.6,0.0
2050-01-25 09:00:00,2050-01-25 07:00:00,1722.1,0.0,0.0,9.1,1731.2,1666.5,-844.4,129.0,1084.9,0.0323,0.045,battery,gas-cc,0.0,0.0,0.0,0.0,0.0,0.0,0.0,0.0,0.0,0.0,0.0,0.0,0.0,0.0,0.0,0.0,0.0,0.0,176.0,3.3,0.33,20.8,1327.1,0.08,176.2,60.4,236.5,364.1,6.9,0.69,43.0,2747.2,0.16,364.4,124.9,489.4,31.44,0.0,0.0,31.44,32.93,0.0,0.0,32.93,0.0,0.0,0.0,2687.0,2575.5,111.5,0.0,0.0,0.0,0.0,103.1,0.0,0.0,0.0,0.0,0.0,0.0,0.0,2339.3,133.1,0.0
2050-01-25 10:00:00,2050-01-25 08:00:00,1816.8,3821.9,0.0,0.0,5638.8,1756.8,-0.0,0.0,0.0,0.033,0.0475,upv,upv,0.0,0.0,0.0,0.0,0.0,0.0,0.0,0.0,0.0,0.0,0.0,0.0,0.0,0.0,0.0,0.0,0.0,0.0,140.1,2.6,0.27,16.6,1056.3,0.06,140.3,48.0,188.3,0.0,0.0,0.0,0.0,0.0,0.0,0.0,0.0,0.0,0.0,0.0,0.0,0.0,0.0,0.0,0.0,0.0,0.0,2833.8,2833.8,5638.8,5638.8,0.0,0.0,0.0,0.0,0.0,352.6,0.0,0.0,0.0,0.0,0.0,0.0,0.0,5166.5,119.7,0.0
2050-01-25 11:00:00,2050-01-25 09:00:00,1786.3,4019.6,0.0,0.0,5805.9,1727.7,0.0,0.0,0.0,0.0328,0.0467,upv,upv,0.0,0.0,0.0,0.0,0.0,0.0,0.0,0.0,0.0,0.0,0.0,0.0,0.0,0.0,0.0,0.0,0.0,0.0,140.1,2.6,0.27,16.5,1056.0,0.06,140.2,48.0,188.3,0.0,0.0,0.0,0.0,0.0,0.0,0.0,0.0,0.0,0.0,0.0,0.0,0.0,0.0,0.0,0.0,0.0,0.0,3644.0,3644.0,5805.9,5805.9,0.0,0.0,0.0,0.0,0.0,395.2,0.0,0.0,0.0,0.0,0.0,0.0,0.0,5325.5,85.2,0.0
2050-01-25 12:00:00,2050-01-25 10:00:00,1662.1,4019.6,0.0,0.0,5681.7,1609.1,-0.0,0.0,0.0,0.0319,0.0435,upv,upv,0.0,0.0,0.0,0.0,0.0,0.0,0.0,0.0,0.0,0.0,0.0,0.0,0.0,0.0,0.0,0.0,0.0,0.0,139.9,2.6,0.26,16.5,1055.0,0.06,140.1,48.0,188.1,0.0,0.0,0.0,0.0,0.0,0.0,0.0,0.0,0.0,0.0,0.0,0.0,0.0,0.0,0.0,0.0,0.0,0.0,3331.2,3331.2,5681.7,5681.7,0.0,0.0,0.0,0.0,0.0,377.1,0.0,0.0,0.0,0.0,0.0,0.0,0.0,5224.8,79.8,0.0
2050-01-25 13:00:00,2050-01-25 11:00:00,1590.5,3016.4,0.0,0.0,4606.9,1540.6,0.0,0.0,0.0,0.0314,0.0416,upv,upv,0.0,0.0,0.0,0.0,0.0,0.0,0.0,0.0,0.0,0.0,0.0,0.0,0.0,0.0,0.0,0.0,0.0,0.0,139.9,2.6,0.26,16.5,1054.5,0.06,140.0,48.0,188.0,0.0,0.0,0.0,0.0,0.0,0.0,0.0,0.0,0.0,0.0,0.0,0.0,0.0,0.0,0.0,0.0,0.0,0.0,3904.6,3904.6,4606.9,4606.9,0.0,0.0,0.0,0.0,0.0,357.1,0.0,0.0,0.0,0.0,0.0,0.0,0.0,4199.0,50.8,0.0
2050-01-25 14:00:00,2050-01-25 12:00:00,1572.6,3040.5,0.0,0.0,4613.2,1523.4,-0.0,0.0,0.0,0.0313,0.0411,upv,upv,0.0,0.0,0.0,0.0,0.0,0.0,0.0,0.0,0.0,0.0,0.0,0.0,0.0,0.0,0.0,0.0,0.0,0.0,139.9,2.6,0.26,16.5,1054.4,0.06,140.0,48.0,188.0,0.0,0.0,0.0,0.0,0.0,0.0,0.0,0.0,0.0,0.0,0.0,0.0,0.0,0.0,0.0,0.0,0.0,0.0,3773.4,3773.4,4613.2,4613.2,0.0,0.0,0.0,0.0,0.0,352.6,0.0,0.0,0.0,0.0,0.0,0.0,0.0,4226.9,33.7,0.0
2050-01-25 15:00:00,2050-01-25 13:00:00,1562.1,3240.3,0.0,0.0,4802.4,1513.3,0.0,0.0,0.0,0.0312,0.0409,upv,upv,0.0,0.0,0.0,0.0,0.0,0.0,0.0,0.0,0.0,0.0,0.0,0.0,0.0,0.0,0.0,0.0,0.0,0.0,139.8,2.6,0.26,16.5,1054.3,0.06,140.0,48.0,188.0,0.0,0.0,0.0,0.0,0.0,0.0,0.0,0.0,0.0,0.0,0.0,0.0,0.0,0.0,0.0,0.0,0.0,0.0,3906.6,3906.6,4802.4,4802.4,0.0,0.0,0.0,0.0,0.0,366.8,0.0,0.0,0.0,0.0,0.0,0.0,0.0,4416.7,18.8,0.0
2050-01-25 16:00:00,2050-01-25 14:00:00,1541.1,2755.7,0.0,0.0,4296.7,1493.1,0.0,0.0,0.0,0.0311,0.0403,upv,upv,0.0,0.0,0.0,0.0,0.0,0.0,0.0,0.0,0.0,0.0,0.0,0.0,0.0,0.0,0.0,0.0,0.0,0.0,139.8,2.6,0.26,16.5,1054.2,0.06,140.0,48.0,187.9,0.0,0.0,0.0,0.0,0.0,0.0,0.0,0.0,0.0,0.0,0.0,0.0,0.0,0.0,0.0,0.0,0.0,14.5,4642.9,4657.4,4296.7,4296.7,0.0,0.0,0.0,0.0,0.0,377.1,0.0,0.0,0.0,0.0,0.0,0.0,0.0,3919.6,0.0,0.0
2050-01-25 17:00:00,2050-01-25 15:00:00,1569.5,3211.2,0.0,0.0,4780.7,1520.4,0.0,0.0,0.0,0.0313,0.041,upv,upv,0.0,0.0,0.0,0.0,0.0,0.0,0.0,0.0,0.0,0.0,0.0,0.0,0.0,0.0,0.0,0.0,0.0,0.0,139.9,2.6,0.26,16.5,1054.3,0.06,140.0,48.0,188.0,0.0,0.0,0.0,0.0,0.0,0.0,0.0,0.0,0.0,0.0,0.0,0.0,0.0,0.0,0.0,0.0,0.0,13.1,3302.3,3315.4,4780.7,4780.7,0.0,0.0,0.0,0.0,0.0,341.2,0.0,0.0,0.0,0.0,0.0,0.0,0.0,4439.4,0.0,0.0
2050-01-25 18:00:00,2050-01-25 16:00:00,1638.9,381.1,0.0,10.7,2030.7,1587.0,-1640.0,0.0,1640.0,0.0317,0.0429,battery,gas-cc,0.0,0.0,0.0,0.0,0.0,0.0,0.0,0.0,0.0,0.0,0.0,0.0,0.0,0.0,0.0,0.0,0.0,0.0,139.9,2.6,0.26,16.5,1054.8,0.06,140.1,48.0,188.1,319.9,6.0,0.6,37.8,2413.9,0.14,320.2,109.8,430.0,22.95,0.0,0.0,22.95,23.98,0.0,0.0,23.98,0.0,0.0,0.0,3670.6,3670.6,0.0,0.0,0.0,0.0,0.0,154.2,0.0,0.0,0.0,0.0,0.0,0.0,0.0,3499.3,17.1,0.0
2050-01-25 19:00:00,2050-01-25 17:00:00,1773.7,0.0,0.0,3.8,1777.5,1715.7,1753.0,0.0,584.9,0.0327,0.0464,battery,gas-cc,0.0,0.0,0.0,0.0,0.0,0.0,0.0,0.0,0.0,0.0,0.0,0.0,0.0,0.0,0.0,0.0,0.0,0.0,179.1,3.4,0.34,21.2,1350.3,0.08,179.2,61.4,240.7,342.0,6.4,0.64,40.4,2581.0,0.15,342.4,117.4,459.7,27.04,0.0,0.0,27.04,28.35,0.0,0.0,28.35,0.0,0.0,0.0,2362.4,24.5,2337.9,0.0,0.0,0.0,0.0,0.0,0.0,0.0,0.0,0.0,0.0,0.0,0.0,0.0,24.5,0.0
2050-01-25 20:00:00,2050-01-25 18:00:00,1941.1,0.0,0.0,2.1,1943.2,1874.9,1913.6,0.0,323.5,0.0341,0.0508,battery,gas-cc,0.0,0.0,0.0,0.0,0.0,0.0,0.0,0.0,0.0,0.0,0.0,0.0,0.0,0.0,0.0,0.0,0.0,0.0,169.5,3.2,0.32,20.0,1278.0,0.07,169.7,58.1,227.8,343.6,6.5,0.65,40.6,2592.9,0.15,344.0,117.9,461.9,27.04,0.0,0.0,27.04,28.48,0.0,0.0,28.48,0.0,0.0,0.0,2266.7,29.6,2237.1,0.0,0.0,0.0,0.0,0.0,0.0,0.0,0.0,0.0,0.0,0.0,0.0,0.0,29.6,0.0
2050-01-25 21:00:00,2050-01-25 19:00:00,1951.6,0.0,0.0,2.1,1953.7,1884.9,1916.0,0.0,321.1,0.0342,0.051,battery,gas-cc,0.0,0.0,0.0,0.0,0.0,0.0,0.0,0.0,0.0,0.0,0.0,0.0,0.0,0.0,0.0,0.0,0.0,0.0,152.2,2.9,0.29,18.0,1147.4,0.07,152.4,52.2,204.6,343.7,6.5,0.65,40.6,2593.6,0.15,344.1,117.9,462.0,27.04,0.0,0.0,27.04,28.49,0.0,0.0,28.49,0.0,0.0,0.0,2274.8,37.7,2237.1,0.0,0.0,0.0,0.0,0.0,0.0,0.0,0.0,0.0,0.0,0.0,0.0,0.0,37.7,0.0
2050-01-25 22:00:00,2050-01-25 20:00:00,1866.3,0.0,0.0,0.1,1866.4,1803.9,1834.9,0.0,12.6,0.0334,0.0488,battery,gas-cc,0.0,0.0,0.0,0.0,0.0,0.0,0.0,0.0,0.0,0.0,0.0,0.0,0.0,0.0,0.0,0.0,0.0,0.0,153.3,2.9,0.29,18.1,1155.4,0.07,153.4,52.6,206.0,342.9,6.5,0.65,40.5,2587.5,0.15,343.3,117.7,460.9,27.04,0.0,0.0,27.04,28.42,0.0,0.0,28.42,0.0,0.0,0.0,1879.0,31.5,1847.4,0.0,0.0,0.0,0.0,0.0,0.0,0.0,0.0,0.0,0.0,0.0,0.0,0.0,31.5,0.0
2050-01-25 23:00:00,2050-01-25 21:00:00,1783.2,0.0,0.0,0.0,1783.2,1724.7,1754.0,0.0,0.0,0.0328,0.0466,battery,gas-cc,0.0,0.0,0.0,0.0,0.0,0.0,0.0,0.0,0.0,0.0,0.0,0.0,0.0,0.0,0.0,0.0,0.0,0.0,151.5,2.9,0.29,17.9,1141.8,0.07,151.6,51.9,203.6,361.6,6.8,0.68,42.7,2729.1,0.16,362.0,124.1,486.1,27.04,0.0,0.0,27.04,28.36,0.0,0.0,28.36,0.0,0.0,0.0,1783.2,29.2,1754.0,0.0,0.0,0.0,0.0,0.0,0.0,0.0,0.0,0.0,0.0,0.0,0.0,0.0,29.2,0.0
2050-01-26 00:00:00,2050-01-25 22:00:00,1670.5,0.0,0.0,4.7,1675.2,1617.2,1648.8,0.0,715.8,0.0319,0.0437,battery,gas-cc,0.0,0.0,0.0,0.0,0.0,0.0,0.0,0.0,0.0,0.0,0.0,0.0,0.0,0.0,0.0,0.0,0.0,0.0,155.0,2.9,0.29,18.3,1168.8,0.07,155.2,53.2,208.4,360.5,6.8,0.68,42.6,2720.7,0.16,360.9,123.7,484.6,27.04,0.0,0.0,27.04,28.27,0.0,0.0,28.27,0.0,0.0,0.0,2390.9,26.4,2364.5,0.0,0.0,0.0,0.0,0.0,0.0,0.0,0.0,0.0,0.0,0.0,0.0,0.0,26.4,0.0
2050-01-26 01:00:00,2050-01-25 23:00:00,1528.4,0.0,0.0,0.4,1528.8,1481.0,1498.5,0.0,60.0,0.031,0.04,battery,gas-cc,0.0,0.0,0.0,0.0,0.0,0.0,0.0,0.0,0.0,0.0,0.0,0.0,0.0,0.0,0.0,0.0,0.0,0.0,154.2,2.9,0.29,18.2,1162.4,0.07,154.4,52.9,207.2,399.0,7.5,0.75,47.1,3011.2,0.17,399.5,136.9,536.4,27.04,0.0,0.0,27.04,28.16,0.0,0.0,28.16,0.0,0.0,0.0,1588.8,30.3,1558.6,0.0,0.0,0.0,0.0,0.0,0.0,0.0,0.0,0.0,0.0,0.0,0.0,0.0,30.3,0.0
2050-01-26 02:00:00,2050-01-26 00:00:00,1409.5,0.0,0.0,4.4,1413.9,1366.6,1383.0,284.8,0.0,0.0304,0.0369,battery,gas-cc,0.0,0.0,0.0,0.0,0.0,0.0,0.0,0.0,0.0,0.0,0.0,0.0,0.0,0.0,0.0,0.0,0.0,0.0,152.5,2.9,0.29,18.0,1149.9,0.07,152.7,52.3,205.0,358.0,6.7,0.67,42.3,2701.4,0.16,358.4,122.8,481.2,27.04,0.0,0.0,27.04,28.07,0.0,0.0,28.07,0.0,0.0,0.0,1129.1,30.9,1098.2,0.0,0.0,0.0,0.0,0.0,0.0,0.0,0.0,0.0,0.0,0.0,0.0,0.0,30.9,0.0
2050-01-26 03:00:00,2050-01-26 01:00:00,1329.5,0.0,0.0,3.9,1333.4,1289.5,1301.9,253.2,0.0,0.0301,0.0348,battery,gas-cc,0.0,0.0,0.0,0.0,0.0,0.0,0.0,0.0,0.0,0.0,0.0,0.0,0.0,0.0,0.0,0.0,0.0,0.0,154.1,2.9,0.29,18.2,1161.9,0.07,154.3,52.9,207.1,357.2,6.7,0.67,42.2,2695.5,0.15,357.6,122.6,480.2,27.04,0.0,0.0,27.04,28.01,0.0,0.0,28.01,0.0,0.0,0.0,1080.2,31.5,1048.7,0.0,0.0,0.0,0.0,0.0,0.0,0.0,0.0,0.0,0.0,0.0,0.0,0.0,31.5,0.0
2050-01-26 04:00:00,2050-01-26 02:00:00,1293.7,0.0,0.0,2.8,1296.4,1254.9,1263.2,178.0,0.0,0.0299,0.0338,battery,gas-cc,0.0,0.0,0.0,0.0,0.0,0.0,0.0,0.0,0.0,0.0,0.0,0.0,0.0,0.0,0.0,0.0,0.0,0.0,222.9,4.2,0.42,26.3,1681.1,0.1,223.1,76.5,299.6,356.9,6.7,0.67,42.2,2692.9,0.15,357.2,122.4,479.7,27.04,0.0,0.0,27.04,27.98,0.0,0.0,27.98,0.0,0.0,0.0,1118.4,33.3,1085.1,0.0,0.0,0.0,0.0,0.0,0.0,0.0,0.0,0.0,0.0,0.0,0.0,0.0,33.3,0.0
2050-01-26 05:00:00,2050-01-26 03:00:00,1270.5,0.0,0.0,0.4,1270.9,1232.6,1236.0,13.5,30.0,0.0299,0.0332,battery,gas-cc,0.0,0.0,0.0,0.0,0.0,0.0,0.0,0.0,0.0,0.0,0.0,0.0,0.0,0.0,0.0,0.0,0.0,0.0,153.7,2.9,0.29,18.2,1158.7,0.07,153.9,52.7,206.6,396.3,7.5,0.75,46.8,2990.2,0.17,396.7,136.0,532.7,27.04,0.0,0.0,27.04,27.97,0.0,0.0,27.97,0.0,0.0,0.0,1287.4,34.9,1252.5,0.0,0.0,0.0,0.0,0.0,0.0,0.0,0.0,0.0,0.0,0.0,0.0,0.0,34.9,0.0
2050-01-26 06:00:00,2050-01-26 04:00:00,1296.8,0.0,0.0,0.0,1296.8,1258.0,1263.7,0.0,0.0,0.03,0.0339,battery,gas-cc,0.0,0.0,0.0,0.0,0.0,0.0,0.0,0.0,0.0,0.0,0.0,0.0,0.0,0.0,0.0,0.0,0.0,0.0,197.5,3.7,0.37,23.3,1489.6,0.09,197.7,67.7,265.5,356.9,6.7,0.67,42.2,2693.1,0.15,357.3,122.5,479.7,27.04,0.0,0.0,27.04,27.99,0.0,0.0,27.99,0.0,0.0,0.0,1296.8,33.1,1263.7,0.0,0.0,0.0,0.0,0.0,0.0,0.0,0.0,0.0,0.0,0.0,0.0,0.0,33.1,0.0
2050-01-26 07:00:00,2050-01-26 05:00:00,1396.8,0.0,0.0,0.0,1396.8,1354.5,1365.1,0.0,0.0,0.0303,0.0365,battery,gas-cc,0.0,0.0,0.0,0.0,0.0,0.0,0.0,0.0,0.0,0.0,0.0,0.0,0.0,0.0,0.0,0.0,0.0,0.0,308.2,5.8,0.58,36.4,2325.5,0.13,308.5,105.7,414.3,357.9,6.7,0.67,42.3,2700.4,0.16,358.2,122.8,481.0,27.04,0.0,0.0,27.04,28.06,0.0,0.0,28.06,0.0,0.0,0.0,1396.8,31.8,1365.1,0.0,0.0,0.0,0.0,0.0,0.0,0.0,0.0,0.0,0.0,0.0,0.0,0.0,31.8,0.0
2050-01-26 08:00:00,2050-01-26 06:00:00,1577.9,0.0,0.0,0.0,1577.9,1528.5,1543.4,0.0,0.0,0.0313,0.0413,battery,gas-cc,0.0,0.0,0.0,0.0,0.0,0.0,0.0,0.0,0.0,0.0,0.0,0.0,0.0,0.0,0.0,0.0,0.0,0.0,227.1,4.3,0.43,26.8,1712.9,0.1,227.3,77.9,305.2,359.6,6.8,0.68,42.5,2713.8,0.16,360.0,123.4,483.4,27.04,0.0,0.0,27.04,28.2,0.0,0.0,28.2,0.0,0.0,0.0,1577.9,34.5,1543.4,0.0,0.0,0.0,0.0,0.0,0.0,0.0,0.0,0.0,0.0,0.0,0.0,0.0,34.5,0.0
2050-01-26 09:00:00,2050-01-26 07:00:00,1734.7,0.0,0.0,12.8,1747.5,1678.5,-729.3,366.2,1095.5,0.0324,0.0454,battery,gas-cc,0.0,0.0,0.0,0.0,0.0,0.0,0.0,0.0,0.0,0.0,0.0,0.0,0.0,0.0,0.0,0.0,0.0,0.0,149.4,2.8,0.28,17.7,1126.3,0.07,149.6,51.2,200.8,401.3,7.6,0.76,47.4,3028.3,0.17,401.7,137.7,539.4,27.04,0.0,0.0,27.04,28.32,0.0,0.0,28.32,0.0,0.0,0.0,2476.8,2476.8,0.0,0.0,0.0,0.0,0.0,103.4,0.0,0.0,0.0,0.0,0.0,0.0,0.0,2345.8,27.6,0.0
2050-01-26 10:00:00,2050-01-26 08:00:00,1840.0,2431.9,0.0,26.5,4298.4,1778.9,-2662.8,0.0,2662.8,0.0332,0.0481,upv,upv,0.0,0.0,0.0,0.0,0.0,0.0,0.0,0.0,0.0,0.0,0.0,0.0,0.0,0.0,0.0,0.0,0.0,0.0,140.1,2.6,0.27,16.6,1056.5,0.06,140.3,48.1,188.3,0.0,0.0,0.0,0.0,0.0,0.0,0.0,0.0,0.0,0.0,0.0,0.0,0.0,0.0,0.0,0.0,0.0,0.0,1393.7,1393.7,6961.2,6961.2,0.0,0.0,0.0,0.0,0.0,351.3,0.0,0.0,0.0,0.0,0.0,0.0,0.0,6580.7,29.2,0.0
2050-01-26 11:00:00,2050-01-26 09:00:00,1796.8,2850.6,0.0,28.9,4676.4,1737.8,-2816.0,0.0,2816.0,0.0329,0.047,upv,upv,0.0,0.0,0.0,0.0,0.0,0.0,0.0,0.0,0.0,0.0,0.0,0.0,0.0,0.0,0.0,0.0,0.0,0.0,140.1,2.6,0.27,16.6,1056.1,0.06,140.2,48.0,188.3,0.0,0.0,0.0,0.0,0.0,0.0,0.0,0.0,0.0,0.0,0.0,0.0,0.0,0.0,0.0,0.0,0.0,0.0,1795.5,1795.5,7492.4,7492.4,0.0,0.0,0.0,0.0,0.0,390.8,0.0,0.0,0.0,0.0,0.0,0.0,0.0,7077.2,24.4,0.0
2050-01-26 12:00:00,2050-01-26 10:00:00,1690.5,3918.0,0.0,26.8,5635.3,1636.3,-2678.9,0.0,2678.9,0.0321,0.0442,upv,upv,0.0,0.0,0.0,0.0,0.0,0.0,0.0,0.0,0.0,0.0,0.0,0.0,0.0,0.0,0.0,0.0,0.0,0.0,140.0,2.6,0.26,16.5,1055.2,0.06,140.1,48.0,188.1,0.0,0.0,0.0,0.0,0.0,0.0,0.0,0.0,0.0,0.0,0.0,0.0,0.0,0.0,0.0,0.0,0.0,0.0,447.2,447.2,8314.2,8314.2,0.0,0.0,0.0,0.0,0.0,368.8,0.0,0.0,0.0,0.0,0.0,0.0,0.0,7921.4,24.0,0.0
2050-01-26 13:00:00,2050-01-26 11:00:00,1610.5,3828.5,0.0,27.3,5466.3,1559.8,-2714.1,0.0,2714.1,0.0315,0.0421,battery,upv,0.0,0.0,0.0,0.0,0.0,0.0,0.0,0.0,0.0,0.0,0.0,0.0,0.0,0.0,0.0,0.0,0.0,0.0,139.9,2.6,0.26,16.5,1054.6,0.06,140.0,48.0,188.0,0.0,0.0,0.0,0.0,0.0,0.0,0.0,0.0,0.0,0.0,0.0,0.0,0.0,0.0,0.0,0.0,0.0,0.0,0.0,0.0,8180.4,8180.4,0.0,0.0,0.0,0.0,0.0,344.5,0.0,0.0,0.0,0.0,0.0,0.0,0.0,7819.3,16.7,0.0
2050-01-26 14:00:00,2050-01-26 12:00:00,1572.6,3625.0,0.0,28.1,5225.7,1523.4,-2763.2,0.0,2763.2,0.0313,0.0411,battery,upv,0.0,0.0,0.0,0.0,0.0,0.0,0.0,0.0,0.0,0.0,0.0,0.0,0.0,0.0,0.0,0.0,0.0,0.0,139.9,2.6,0.26,16.5,1054.4,0.06,140.0,48.0,188.0,0.0,0.0,0.0,0.0,0.0,0.0,0.0,0.0,0.0,0.0,0.0,0.0,0.0,0.0,0.0,0.0,0.0,0.0,0.0,0.0,7988.9,7988.9,0.0,0.0,0.0,0.0,0.0,336.9,0.0,0.0,0.0,0.0,0.0,0.0,0.0,7644.8,7.2,0.0
2050-01-26 15:00:00,2050-01-26 13:00:00,1553.7,4019.6,0.0,25.6,5598.8,1505.3,-2602.4,0.0,2602.4,0.0312,0.0406,upv,upv,0.0,0.0,0.0,0.0,0.0,0.0,0.0,0.0,0.0,0.0,0.0,0.0,0.0,0.0,0.0,0.0,0.0,0.0,139.8,2.6,0.26,16.5,1054.2,0.06,140.0,48.0,187.9,0.0,0.0,0.0,0.0,0.0,0.0,0.0,0.0,0.0,0.0,0.0,0.0,0.0,0.0,0.0,0.0,0.0,0.0,153.5,153.5,8201.2,8201.2,0.0,0.0,0.0,0.0,0.0,352.6,0.0,0.0,0.0,0.0,0.0,0.0,0.0,7846.7,1.9,0.0
2050-01-26 16:00:00,2050-01-26 14:00:00,1535.8,2821.5,0.0,17.5,4374.8,1488.1,-2081.0,0.0,2081.0,0.0311,0.0402,upv,upv,0.0,0.0,0.0,0.0,0.0,0.0,0.0,0.0,0.0,0.0,0.0,0.0,0.0,0.0,0.0,0.0,0.0,0.0,140.1,2.6,0.27,16.6,1056.4,0.06,140.3,48.1,188.3,0.0,0.0,0.0,0.0,0.0,0.0,0.0,0.0,0.0,0.0,0.0,0.0,0.0,0.0,0.0,0.0,0.0,0.3,2308.5,2308.8,6455.9,6455.9,0.0,0.0,0.0,0.0,0.0,369.9,0.0,0.0,0.0,0.0,0.0,0.0,0.0,6086.0,0.0,0.0
2050-01-26 17:00:00,2050-01-26 15:00:00,1574.7,3629.9,0.0,11.4,5216.0,1525.5,-1685.9,0.0,1685.9,0.0313,0.0412,upv,upv,0.0,0.0,0.0,0.0,0.0,0.0,0.0,0.0,0.0,0.0,0.0,0.0,0.0,0.0,0.0,0.0,0.0,0.0,146.3,2.8,0.28,17.3,1102.4,0.06,146.4,50.2,196.6,0.0,0.0,0.0,0.0,0.0,0.0,0.0,0.0,0.0,0.0,0.0,0.0,0.0,0.0,0.0,0.0,0.0,0.1,1329.4,1329.4,6901.9,6901.9,0.0,0.0,0.0,0.0,0.0,347.4,0.0,0.0,0.0,0.0,0.0,0.0,0.0,6554.6,0.0,0.0
2050-01-26 18:00:00,2050-01-26 16:00:00,1636.8,0.0,0.0,21.2,1658.0,1584.9,-2317.3,0.0,2317.3,0.0317,0.0428,gas-cc,gas-cc,0.0,0.0,0.0,0.0,0.0,0.0,0.0,0.0,0.0,0.0,0.0,0.0,0.0,0.0,0.0,0.0,0.0,0.0,139.9,2.6,0.26,16.5,1054.8,0.06,140.1,48.0,188.0,378.6,7.1,0.71,44.7,2857.0,0.16,379.0,129.9,508.9,23.38,0.0,0.0,23.38,24.42,0.0,0.0,24.42,0.0,0.0,0.0,3975.3,3975.3,0.0,0.0,0.0,0.0,0.0,167.7,0.0,0.0,0.0,0.0,0.0,0.0,0.0,3806.3,1.3,0.0
2050-01-26 19:00:00,2050-01-26 17:00:00,1763.2,0.0,0.0,5.2,1768.3,1705.6,1765.1,0.0,796.7,0.0326,0.0461,battery,gas-cc,0.0,0.0,0.0,0.0,0.0,0.0,0.0,0.0,0.0,0.0,0.0,0.0,0.0,0.0,0.0,0.0,0.0,0.0,155.5,2.9,0.29,18.4,1172.0,0.07,155.6,53.3,208.9,401.6,7.6,0.76,47.4,3030.6,0.17,402.0,137.8,539.8,27.04,0.0,0.0,27.04,28.34,0.0,0.0,28.34,0.0,0.0,0.0,2565.0,3.2,2561.8,0.0,0.0,0.0,0.0,0.0,0.0,0.0,0.0,0.0,0.0,0.0,0.0,0.0,3.2,0.0
2050-01-26 20:00:00,2050-01-26 18:00:00,1935.8,0.0,0.0,5.0,1940.8,1869.9,1936.4,52.9,639.4,0.034,0.0506,gas-cc,gas-cc,0.0,0.0,0.0,0.0,0.0,0.0,0.0,0.0,0.0,0.0,0.0,0.0,0.0,0.0,0.0,0.0,0.0,0.0,157.9,3.0,0.3,18.7,1190.3,0.07,158.1,54.1,212.2,381.7,7.2,0.72,45.1,2880.6,0.17,382.1,131.0,513.1,27.04,0.0,0.0,27.04,28.48,0.0,0.0,28.48,0.0,0.0,0.0,2527.2,4.4,2522.8,0.0,0.0,0.0,0.0,0.0,0.0,0.0,0.0,0.0,0.0,0.0,0.0,0.0,4.4,0.0
2050-01-26 21:00:00,2050-01-26 19:00:00,1948.4,0.0,0.0,8.1,1956.5,1881.9,1953.3,315.2,495.1,0.0341,0.051,gas-cc,gas-cc,0.0,0.0,0.0,0.0,0.0,0.0,0.0,0.0,0.0,0.0,0.0,0.0,0.0,0.0,0.0,0.0,0.0,0.0,155.0,2.9,0.29,18.3,1168.7,0.07,155.2,53.2,208.3,403.7,7.6,0.76,47.7,3046.1,0.17,404.1,138.5,542.6,27.04,0.0,0.0,27.04,28.49,0.0,0.0,28.49,0.0,0.0,0.0,2136.4,3.2,2133.2,0.0,0.0,0.0,0.0,0.0,0.0,0.0,0.0,0.0,0.0,0.0,0.0,0.0,3.2,0.0
2050-01-26 22:00:00,2050-01-26 20:00:00,1848.4,0.0,0.0,2.6,1851.0,1786.9,1846.0,168.5,0.0,0.0333,0.0483,battery,gas-cc,0.0,0.0,0.0,0.0,0.0,0.0,0.0,0.0,0.0,0.0,0.0,0.0,0.0,0.0,0.0,0.0,0.0,0.0,157.5,3.0,0.3,18.6,1187.3,0.07,157.7,54.0,211.7,362.3,6.8,0.68,42.8,2734.0,0.16,362.7,124.3,487.0,27.04,0.0,0.0,27.04,28.41,0.0,0.0,28.41,0.0,0.0,0.0,1682.5,5.1,1677.5,0.0,0.0,0.0,0.0,0.0,0.0,0.0,0.0,0.0,0.0,0.0,0.0,0.0,5.1,0.0
2050-01-26 23:00:00,2050-01-26 21:00:00,1763.2,0.0,0.0,12.1,1775.2,1705.6,1767.2,410.7,880.5,0.0326,0.0461,battery,gas-cc,0.0,0.0,0.0,0.0,0.0,0.0,0.0,0.0,0.0,0.0,0.0,0.0,0.0,0.0,0.0,0.0,0.0,0.0,153.9,2.9,0.29,18.2,1159.9,0.07,154.0,52.8,206.8,401.6,7.6,0.76,47.4,3030.6,0.17,402.0,137.8,539.8,27.04,0.0,0.0,27.04,28.34,0.0,0.0,28.34,0.0,0.0,0.0,2245.1,8.0,2237.1,0.0,0.0,0.0,0.0,0.0,0.0,0.0,0.0,0.0,0.0,0.0,0.0,0.0,8.0,0.0
2050-01-27 00:00:00,2050-01-26 22:00:00,1644.2,0.0,0.0,4.9,1649.1,1592.0,1636.9,46.1,646.3,0.0318,0.043,battery,gas-cc,0.0,0.0,0.0,0.0,0.0,0.0,0.0,0.0,0.0,0.0,0.0,0.0,0.0,0.0,0.0,0.0,0.0,0.0,163.8,3.1,0.31,19.4,1234.9,0.07,164.0,56.2,220.1,383.8,7.2,0.72,45.3,2896.2,0.17,384.2,131.7,515.9,30.16,0.0,0.0,30.16,31.51,0.0,0.0,31.51,0.0,0.0,0.0,2249.3,12.2,2237.1,0.0,0.0,0.0,0.0,0.0,0.0,0.0,0.0,0.0,0.0,0.0,0.0,0.0,12.2,0.0
2050-01-27 01:00:00,2050-01-26 23:00:00,1500.0,0.0,0.0,2.3,1502.3,1453.7,1479.1,54.4,227.9,0.0309,0.0392,battery,gas-cc,0.0,0.0,0.0,0.0,0.0,0.0,0.0,0.0,0.0,0.0,0.0,0.0,0.0,0.0,0.0,0.0,0.0,0.0,241.6,4.6,0.46,28.5,1822.9,0.1,241.9,82.9,324.8,382.3,7.2,0.72,45.2,2884.9,0.17,382.7,131.2,513.9,30.16,0.0,0.0,30.16,31.39,0.0,0.0,31.39,0.0,0.0,0.0,1675.8,23.2,1652.6,0.0,0.0,0.0,0.0,0.0,0.0,0.0,0.0,0.0,0.0,0.0,0.0,0.0,23.2,0.0
2050-01-27 02:00:00,2050-01-27 00:00:00,1381.1,0.0,0.0,13.0,1394.0,1339.3,1360.4,445.3,935.8,0.0303,0.0361,hydro,gas-cc,0.0,0.0,0.0,0.0,0.0,0.0,0.0,0.0,0.0,0.0,0.0,0.0,0.0,0.0,0.0,0.0,0.0,0.0,156.0,2.9,0.3,18.4,1176.2,0.07,156.2,53.5,209.7,359.0,6.8,0.68,42.4,2708.9,0.16,359.4,123.2,482.5,30.16,0.0,0.0,30.16,31.29,0.0,0.0,31.29,0.0,0.0,0.0,1884.6,33.6,1850.9,0.0,0.0,0.0,0.0,0.0,0.0,0.0,0.0,0.0,0.0,0.0,0.0,0.0,33.6,0.0
2050-01-27 03:00:00,2050-01-27 01:00:00,1302.1,0.0,0.0,11.2,1313.3,1263.1,1278.4,445.3,667.0,0.03,0.0341,battery,gas-cc,0.0,0.0,0.0,0.0,0.0,0.0,0.0,0.0,0.0,0.0,0.0,0.0,0.0,0.0,0.0,0.0,0.0,0.0,182.2,3.4,0.34,21.5,1374.0,0.08,182.4,62.5,244.9,380.2,7.2,0.72,44.9,2869.4,0.16,380.7,130.5,511.1,30.16,0.0,0.0,30.16,31.22,0.0,0.0,31.22,0.0,0.0,0.0,1535.1,34.9,1500.1,0.0,0.0,0.0,0.0,0.0,0.0,0.0,0.0,0.0,0.0,0.0,0.0,0.0,34.9,0.0
2050-01-27 04:00:00,2050-01-27 02:00:00,1257.9,0.0,0.0,3.1,1261.0,1220.3,1230.2,201.1,0.0,0.0299,0.0329,battery,gas-cc,0.0,0.0,0.0,0.0,0.0,0.0,0.0,0.0,0.0,0.0,0.0,0.0,0.0,0.0,0.0,0.0,0.0,0.0,161.0,3.0,0.3,19.0,1214.2,0.07,161.2,55.2,216.4,356.5,6.7,0.67,42.1,2690.3,0.15,356.9,122.3,479.2,30.16,0.0,0.0,30.16,31.18,0.0,0.0,31.18,0.0,0.0,0.0,1059.9,30.8,1029.2,0.0,0.0,0.0,0.0,0.0,0.0,0.0,0.0,0.0,0.0,0.0,0.0,0.0,30.8,0.0
2050-01-27 05:00:00,2050-01-27 03:00:00,1234.7,0.0,0.0,9.6,1244.3,1197.9,1217.6,445.3,407.4,0.0298,0.0323,battery,gas-cc,0.0,0.0,0.0,0.0,0.0,0.0,0.0,0.0,0.0,0.0,0.0,0.0,0.0,0.0,0.0,0.0,0.0,0.0,151.0,2.9,0.29,17.8,1138.7,0.07,151.2,51.8,203.0,379.6,7.2,0.72,44.8,2864.2,0.16,380.0,130.2,510.2,30.16,0.0,0.0,30.16,31.16,0.0,0.0,31.16,0.0,0.0,0.0,1206.4,26.7,1179.7,0.0,0.0,0.0,0.0,0.0,0.0,0.0,0.0,0.0,0.0,0.0,0.0,0.0,26.7,0.0
2050-01-27 06:00:00,2050-01-27 04:00:00,1260.0,0.0,0.0,6.8,1266.8,1222.4,1240.8,441.2,0.0,0.0299,0.033,battery,gas-cc,0.0,0.0,0.0,0.0,0.0,0.0,0.0,0.0,0.0,0.0,0.0,0.0,0.0,0.0,0.0,0.0,0.0,0.0,194.4,3.7,0.37,23.0,1466.2,0.08,194.6,66.7,261.3,356.5,6.7,0.67,42.1,2690.5,0.15,356.9,122.3,479.3,30.16,0.0,0.0,30.16,31.19,0.0,0.0,31.19,0.0,0.0,0.0,825.6,26.0,799.6,0.0,0.0,0.0,0.0,0.0,0.0,0.0,0.0,0.0,0.0,0.0,0.0,0.0,26.0,0.0
2050-01-27 07:00:00,2050-01-27 05:00:00,1353.7,0.0,0.0,6.9,1360.6,1312.9,1338.1,445.3,0.0,0.0302,0.0354,battery,gas-cc,0.0,0.0,0.0,0.0,0.0,0.0,0.0,0.0,0.0,0.0,0.0,0.0,0.0,0.0,0.0,0.0,0.0,0.0,181.7,3.4,0.34,21.5,1370.2,0.08,181.9,62.3,244.2,357.4,6.7,0.67,42.2,2697.3,0.15,357.8,122.6,480.5,30.16,0.0,0.0,30.16,31.26,0.0,0.0,31.26,0.0,0.0,0.0,915.3,22.5,892.8,0.0,0.0,0.0,0.0,0.0,0.0,0.0,0.0,0.0,0.0,0.0,0.0,0.0,22.5,0.0
2050-01-27 08:00:00,2050-01-27 06:00:00,1528.4,0.0,0.0,7.5,1536.0,1481.0,1516.0,445.3,98.3,0.031,0.04,battery,gas-cc,0.0,0.0,0.0,0.0,0.0,0.0,0.0,0.0,0.0,0.0,0.0,0.0,0.0,0.0,0.0,0.0,0.0,0.0,152.5,2.9,0.29,18.0,1149.5,0.07,152.6,52.3,204.9,359.1,6.8,0.68,42.4,2710.1,0.16,359.5,123.2,482.8,30.16,0.0,0.0,30.16,31.41,0.0,0.0,31.41,0.0,0.0,0.0,1189.0,20.0,1168.9,0.0,0.0,0.0,0.0,0.0,0.0,0.0,0.0,0.0,0.0,0.0,0.0,0.0,20.0,0.0
2050-01-27 09:00:00,2050-01-27 07:00:00,1685.3,0.0,0.0,14.1,1699.4,1631.3,-661.4,445.3,1106.7,0.032,0.0441,battery,gas-cc,0.0,0.0,0.0,0.0,0.0,0.0,0.0,0.0,0.0,0.0,0.0,0.0,0.0,0.0,0.0,0.0,0.0,0.0,158.9,3.0,0.3,18.8,1198.0,0.07,159.1,54.5,213.5,384.2,7.2,0.72,45.4,2899.5,0.17,384.6,131.8,516.5,30.16,0.0,0.0,30.16,31.55,0.0,0.0,31.55,0.0,0.0,0.0,2360.8,2360.8,0.0,0.0,0.0,0.0,0.0,99.1,0.0,0.0,0.0,0.0,0.0,0.0,0.0,2247.2,14.4,0.0
2050-01-27 10:00:00,2050-01-27 08:00:00,1788.4,2431.9,0.0,10.7,4231.0,1729.7,-1640.0,0.0,1640.0,0.0328,0.0468,upv,upv,0.0,0.0,0.0,0.0,0.0,0.0,0.0,0.0,0.0,0.0,0.0,0.0,0.0,0.0,0.0,0.0,0.0,0.0,140.1,2.6,0.27,16.6,1056.0,0.06,140.2,48.0,188.3,0.0,0.0,0.0,0.0,0.0,0.0,0.0,0.0,0.0,0.0,0.0,0.0,0.0,0.0,0.0,0.0,0.0,0.0,1897.5,1897.5,5870.9,5870.9,0.0,0.0,0.0,0.0,0.0,327.5,0.0,0.0,0.0,0.0,0.0,0.0,0.0,5534.0,9.4,0.0
2050-01-27 11:00:00,2050-01-27 09:00:00,1757.9,3751.1,0.0,10.7,5519.7,1700.6,-1640.0,0.0,1640.0,0.0326,0.046,upv,upv,0.0,0.0,0.0,0.0,0.0,0.0,0.0,0.0,0.0,0.0,0.0,0.0,0.0,0.0,0.0,0.0,0.0,0.0,140.1,2.6,0.27,16.6,1056.3,0.06,140.3,48.0,188.3,0.0,0.0,0.0,0.0,0.0,0.0,0.0,0.0,0.0,0.0,0.0,0.0,0.0,0.0,0.0,0.0,0.0,7.0,1490.0,1497.0,7159.6,7159.6,0.0,0.0,0.0,0.0,0.0,365.0,0.0,0.0,0.0,0.0,0.0,0.0,0.0,6794.6,0.0,0.0
2050-01-27 12:00:00,2050-01-27 10:00:00,1672.6,4019.6,0.0,10.7,5702.9,1619.2,-1640.0,0.0,1640.0,0.032,0.0437,upv,upv,0.0,0.0,0.0,0.0,0.0,0.0,0.0,0.0,0.0,0.0,0.0,0.0,0.0,0.0,0.0,0.0,0.0,0.0,139.4,2.6,0.26,16.5,1051.1,0.06,139.6,47.8,187.4,0.0,0.0,0.0,0.0,0.0,0.0,0.0,0.0,0.0,0.0,0.0,0.0,0.0,0.0,0.0,0.0,0.0,8.3,895.3,903.6,7342.8,7342.8,0.0,0.0,0.0,0.0,0.0,347.7,0.0,0.0,0.0,0.0,0.0,0.0,0.0,6995.1,0.0,0.0
2050-01-27 13:00:00,2050-01-27 11:00:00,1603.2,4019.6,0.0,10.7,5633.4,1552.7,-1640.0,0.0,1640.0,0.0315,0.0419,upv,upv,0.0,0.0,0.0,0.0,0.0,0.0,0.0,0.0,0.0,0.0,0.0,0.0,0.0,0.0,0.0,0.0,0.0,0.0,139.9,2.6,0.26,16.5,1054.5,0.06,140.0,48.0,188.0,0.0,0.0,0.0,0.0,0.0,0.0,0.0,0.0,0.0,0.0,0.0,0.0,0.0,0.0,0.0,0.0,0.0,7.3,708.4,715.6,7273.4,7273.4,0.0,0.0,0.0,0.0,0.0,336.9,0.0,0.0,0.0,0.0,0.0,0.0,0.0,6936.5,0.0,0.0
2050-01-27 14:00:00,2050-01-27 12:00:00,1572.6,4019.6,0.0,10.7,5602.9,1523.4,-1640.0,0.0,1640.0,0.0313,0.0411,upv,upv,0.0,0.0,0.0,0.0,0.0,0.0,0.0,0.0,0.0,0.0,0.0,0.0,0.0,0.0,0.0,0.0,0.0,0.0,141.5,2.7,0.27,16.7,1066.9,0.06,141.7,48.5,190.2,0.0,0.0,0.0,0.0,0.0,0.0,0.0,0.0,0.0,0.0,0.0,0.0,0.0,0.0,0.0,0.0,0.0,7.3,637.6,644.9,7242.8,7242.8,0.0,0.0,0.0,0.0,0.0,332.6,0.0,0.0,0.0,0.0,0.0,0.0,0.0,6910.3,0.0,0.0
2050-01-27 15:00:00,2050-01-27 13:00:00,1551.6,4019.6,0.0,10.7,5581.8,1503.2,-1640.0,0.0,1640.0,0.0312,0.0406,upv,upv,0.0,0.0,0.0,0.0,0.0,0.0,0.0,0.0,0.0,0.0,0.0,0.0,0.0,0.0,0.0,0.0,0.0,0.0,138.3,2.6,0.26,16.3,1042.4,0.06,138.4,47.4,185.8,0.0,0.0,0.0,0.0,0.0,0.0,0.0,0.0,0.0,0.0,0.0,0.0,0.0,0.0,0.0,0.0,0.0,9.6,125.6,135.2,7221.8,7221.8,0.0,0.0,0.0,0.0,0.0,310.0,0.0,0.0,0.0,0.0,0.0,0.0,0.0,6911.8,0.0,0.0
2050-01-27 16:00:00,2050-01-27 14:00:00,1526.3,2431.9,0.0,10.7,3968.9,1479.0,-1640.0,0.0,1640.0,0.031,0.0399,upv,upv,0.0,0.0,0.0,0.0,0.0,0.0,0.0,0.0,0.0,0.0,0.0,0.0,0.0,0.0,0.0,0.0,0.0,0.0,140.5,2.7,0.27,16.6,1059.0,0.06,140.6,48.2,188.8,0.0,0.0,0.0,0.0,0.0,0.0,0.0,0.0,0.0,0.0,0.0,0.0,0.0,0.0,0.0,0.0,0.0,13.4,578.1,591.6,5608.8,5608.8,0.0,0.0,0.0,0.0,0.0,261.1,0.0,0.0,0.0,0.0,0.0,0.0,0.0,5347.7,0.0,0.0
2050-01-27 17:00:00,2050-01-27 15:00:00,1562.1,2431.9,0.0,7.9,4001.9,1513.3,594.4,594.4,0.0,0.0312,0.0409,wind-ons,wind-ons,0.0,0.0,0.0,0.0,0.0,0.0,0.0,0.0,0.0,0.0,0.0,0.0,0.1,0.1,0.0,0.0,0.1,0.1,140.4,2.6,0.27,16.6,1058.4,0.06,140.5,48.1,188.7,0.0,0.0,0.0,0.0,0.0,0.0,0.0,0.0,0.0,0.03,0.0,0.0,0.03,0.03,0.0,0.0,0.03,0.0,0.0,0.0,3407.5,3407.5,0.0,0.0,0.0,0.0,0.0,143.2,0.0,0.0,0.0,0.0,0.0,0.0,0.0,3248.9,15.4,0.0
2050-01-27 18:00:00,2050-01-27 16:00:00,1624.2,812.2,0.0,12.1,2448.5,1572.9,1243.2,1243.2,0.0,0.0316,0.0425,battery,gas-cc,0.0,0.0,0.0,0.0,0.0,0.0,0.0,0.0,0.0,0.0,0.0,0.0,0.7,1.7,0.02,0.0,0.8,0.8,141.2,2.7,0.27,16.7,1064.4,0.06,141.3,48.4,189.8,319.7,6.0,0.6,37.8,2412.9,0.14,320.1,109.7,429.8,23.03,0.0,0.0,23.03,24.05,0.0,0.0,24.05,0.0,0.0,0.0,1205.3,1205.3,0.0,0.0,0.0,0.0,0.0,50.1,0.0,0.0,0.0,0.0,0.0,0.0,0.0,1136.5,18.7,0.0
2050-01-27 19:00:00,2050-01-27 17:00:00,1745.3,0.0,0.0,17.6,1762.8,1688.6,1742.3,445.3,1640.0,0.0325,0.0456,battery,gas-cc,0.0,0.0,0.0,0.0,0.0,0.0,0.0,0.0,0.0,0.0,0.0,0.0,0.0,0.0,0.0,0.0,0.0,0.0,211.9,4.0,0.4,25.0,1598.7,0.09,212.2,72.7,284.9,361.3,6.8,0.68,42.7,2726.2,0.16,361.7,124.0,485.6,27.13,0.0,0.0,27.13,28.42,0.0,0.0,28.42,0.0,0.0,0.0,2957.5,20.5,2937.0,0.0,0.0,0.0,0.0,0.0,0.0,0.0,0.0,0.0,0.0,0.0,0.0,0.0,20.5,0.0
2050-01-27 20:00:00,2050-01-27 18:00:00,1884.2,0.0,0.0,14.7,1898.9,1820.9,1874.5,445.3,1197.6,0.0336,0.0493,battery,gas-cc,0.0,0.0,0.0,0.0,0.0,0.0,0.0,0.0,0.0,0.0,0.0,0.0,0.0,0.0,0.0,0.0,0.0,0.0,153.1,2.9,0.29,18.1,1154.3,0.07,153.3,52.5,205.8,418.6,7.9,0.79,49.5,3158.9,0.18,419.1,143.6,562.7,27.13,0.0,0.0,27.13,28.53,0.0,0.0,28.53,0.0,0.0,0.0,2651.2,24.4,2626.7,0.0,0.0,0.0,0.0,0.0,0.0,0.0,0.0,0.0,0.0,0.0,0.0,0.0,24.4,0.0
2050-01-27 21:00:00,2050-01-27 19:00:00,1878.9,0.0,0.0,14.7,1893.7,1815.9,1874.4,445.3,1200.7,0.0335,0.0491,battery,gas-cc,0.0,0.0,0.0,0.0,0.0,0.0,0.0,0.0,0.0,0.0,0.0,0.0,0.0,0.0,0.0,0.0,0.0,0.0,166.9,3.1,0.32,19.7,1258.1,0.07,167.0,57.2,224.3,418.5,7.9,0.79,49.4,3158.4,0.18,419.0,143.6,562.6,27.13,0.0,0.0,27.13,28.53,0.0,0.0,28.53,0.0,0.0,0.0,2649.0,19.2,2629.8,0.0,0.0,0.0,0.0,0.0,0.0,0.0,0.0,0.0,0.0,0.0,0.0,0.0,19.2,0.0
2050-01-27 22:00:00,2050-01-27 20:00:00,1804.2,0.0,0.0,6.1,1810.3,1744.8,1796.6,395.1,0.0,0.0329,0.0472,battery,gas-cc,0.0,0.0,0.0,0.0,0.0,0.0,0.0,0.0,0.0,0.0,0.0,0.0,0.0,0.0,0.0,0.0,0.0,0.0,152.2,2.9,0.29,18.0,1147.1,0.07,152.3,52.2,204.5,361.9,6.8,0.68,42.7,2730.6,0.16,362.2,124.2,486.4,27.13,0.0,0.0,27.13,28.47,0.0,0.0,28.47,0.0,0.0,0.0,1415.2,13.7,1401.4,0.0,0.0,0.0,0.0,0.0,0.0,0.0,0.0,0.0,0.0,0.0,0.0,0.0,13.7,0.0
2050-01-27 23:00:00,2050-01-27 21:00:00,1731.6,0.0,0.0,11.2,1742.8,1675.5,1727.6,357.8,867.2,0.0324,0.0453,battery,gas-cc,0.0,0.0,0.0,0.0,0.0,0.0,0.0,0.0,0.0,0.0,0.0,0.0,0.0,0.0,0.0,0.0,0.0,0.0,151.9,2.9,0.29,17.9,1144.9,0.07,152.0,52.1,204.1,422.1,8.0,0.8,49.9,3185.4,0.18,422.6,144.8,567.4,27.13,0.0,0.0,27.13,28.41,0.0,0.0,28.41,0.0,0.0,0.0,2252.2,15.1,2237.1,0.0,0.0,0.0,0.0,0.0,0.0,0.0,0.0,0.0,0.0,0.0,0.0,0.0,15.1,0.0
2050-01-28 00:00:00,2050-01-27 22:00:00,1626.3,0.0,0.0,6.8,1633.1,1574.9,1616.1,413.4,53.6,0.0316,0.0425,battery,gas-cc,0.0,0.0,0.0,0.0,0.0,0.0,0.0,0.0,0.0,0.0,0.0,0.0,0.0,0.0,0.0,0.0,0.0,0.0,174.7,3.3,0.33,20.6,1317.3,0.08,174.9,59.9,234.8,383.6,7.2,0.72,45.3,2894.8,0.17,384.0,131.6,515.7,30.99,0.0,0.0,30.99,32.37,0.0,0.0,32.37,0.0,0.0,0.0,1273.3,17.0,1256.3,0.0,0.0,0.0,0.0,0.0,0.0,0.0,0.0,0.0,0.0,0.0,0.0,0.0,17.0,0.0
2050-01-28 01:00:00,2050-01-27 23:00:00,1503.2,0.0,0.0,10.8,1514.0,1456.8,1504.6,437.6,618.6,0.0309,0.0393,battery,gas-cc,0.0,0.0,0.0,0.0,0.0,0.0,0.0,0.0,0.0,0.0,0.0,0.0,0.0,0.0,0.0,0.0,0.0,0.0,160.3,3.0,0.3,18.9,1208.8,0.07,160.5,55.0,215.5,449.1,8.5,0.85,53.0,3388.7,0.19,449.5,154.1,603.6,30.99,0.0,0.0,30.99,32.26,0.0,0.0,32.26,0.0,0.0,0.0,1695.0,9.4,1685.6,0.0,0.0,0.0,0.0,0.0,0.0,0.0,0.0,0.0,0.0,0.0,0.0,0.0,9.4,0.0
2050-01-28 02:00:00,2050-01-28 00:00:00,1396.8,0.0,0.0,0.0,1396.8,1354.5,1382.0,0.0,0.0,0.0303,0.0365,battery,gas-cc,0.0,0.0,0.0,0.0,0.0,0.0,0.0,0.0,0.0,0.0,0.0,0.0,0.0,0.0,0.0,0.0,0.0,0.0,154.9,2.9,0.29,18.3,1167.8,0.07,155.1,53.1,208.2,381.2,7.2,0.72,45.0,2876.8,0.17,381.6,130.8,512.4,30.99,0.0,0.0,30.99,32.16,0.0,0.0,32.16,0.0,0.0,0.0,1396.8,14.8,1382.0,0.0,0.0,0.0,0.0,0.0,0.0,0.0,0.0,0.0,0.0,0.0,0.0,0.0,14.8,0.0
2050-01-28 03:00:00,2050-01-28 01:00:00,1296.8,0.0,0.0,0.0,1296.8,1258.0,1278.4,0.0,0.0,0.03,0.0339,battery,gas-cc,0.0,0.0,0.0,0.0,0.0,0.0,0.0,0.0,0.0,0.0,0.0,0.0,0.0,0.0,0.0,0.0,0.0,0.0,152.7,2.9,0.29,18.0,1151.3,0.07,152.9,52.4,205.2,380.2,7.2,0.72,44.9,2869.0,0.16,380.6,130.5,511.1,30.99,0.0,0.0,30.99,32.08,0.0,0.0,32.08,0.0,0.0,0.0,1296.8,18.5,1278.4,0.0,0.0,0.0,0.0,0.0,0.0,0.0,0.0,0.0,0.0,0.0,0.0,0.0,18.5,0.0
2050-01-28 04:00:00,2050-01-28 02:00:00,1245.3,0.0,0.0,0.0,1245.3,1208.1,1234.0,0.0,0.0,0.0298,0.0326,battery,gas-cc,0.0,0.0,0.0,0.0,0.0,0.0,0.0,0.0,0.0,0.0,0.0,0.0,0.0,0.0,0.0,0.0,0.0,0.0,153.4,2.9,0.29,18.1,1156.4,0.07,153.6,52.6,206.2,379.7,7.2,0.72,44.8,2865.0,0.16,380.1,130.3,510.3,30.99,0.0,0.0,30.99,32.03,0.0,0.0,32.03,0.0,0.0,0.0,1245.3,11.2,1234.0,0.0,0.0,0.0,0.0,0.0,0.0,0.0,0.0,0.0,0.0,0.0,0.0,0.0,11.2,0.0
2050-01-28 05:00:00,2050-01-28 03:00:00,1203.2,0.0,0.0,0.0,1203.2,1167.4,1157.7,0.0,0.0,0.0297,0.0315,battery,gas-cc,0.0,0.0,0.0,0.0,0.0,0.0,0.0,0.0,0.0,0.0,0.0,0.0,0.0,0.0,0.0,0.0,0.0,0.0,153.3,2.9,0.29,18.1,1156.0,0.07,153.5,52.6,206.1,379.2,7.1,0.71,44.8,2861.7,0.16,379.6,130.1,509.8,30.99,0.0,0.0,30.99,32.0,0.0,0.0,32.0,0.0,0.0,0.0,1203.2,45.5,1157.7,0.0,0.0,0.0,0.0,0.0,0.0,0.0,0.0,0.0,0.0,0.0,0.0,0.0,45.5,0.0
2050-01-28 06:00:00,2050-01-28 04:00:00,1190.5,0.0,0.0,0.0,1190.5,1155.1,1117.4,0.0,0.0,0.0297,0.0311,battery,gas-cc,0.0,0.0,0.0,0.0,0.0,0.0,0.0,0.0,0.0,0.0,0.0,0.0,0.0,0.0,0.0,0.0,0.0,0.0,151.7,2.9,0.29,17.9,1143.5,0.07,151.8,52.0,203.9,379.1,7.1,0.71,44.8,2860.8,0.16,379.5,130.1,509.6,30.99,0.0,0.0,30.99,31.98,0.0,0.0,31.98,0.0,0.0,0.0,1190.5,73.1,1117.4,0.0,0.0,0.0,0.0,0.0,0.0,0.0,0.0,0.0,0.0,0.0,0.0,0.0,73.1,0.0
2050-01-28 07:00:00,2050-01-28 05:00:00,1213.7,0.0,0.0,4.3,1218.0,1177.6,1076.4,0.0,667.1,0.0298,0.0317,battery,gas-cc,0.0,0.0,0.0,0.0,0.0,0.0,0.0,0.0,0.0,0.0,0.0,0.0,0.0,0.0,0.0,0.0,0.0,0.0,150.2,2.8,0.28,17.8,1132.7,0.07,150.4,51.5,201.9,379.3,7.1,0.71,44.8,2862.5,0.16,379.7,130.2,509.9,30.99,0.0,0.0,30.99,32.0,0.0,0.0,32.0,0.0,0.0,0.0,1885.2,141.6,1743.5,0.0,0.0,0.0,0.0,0.0,0.0,0.0,0.0,0.0,0.0,0.0,0.0,0.0,141.6,0.0
2050-01-28 08:00:00,2050-01-28 06:00:00,1288.4,0.0,0.0,0.0,1288.4,1249.9,1059.7,0.0,0.0,0.0299,0.0337,battery,gas-cc,0.0,0.0,0.0,0.0,0.0,0.0,0.0,0.0,0.0,0.0,0.0,0.0,0.0,0.0,0.0,0.0,0.0,0.0,146.7,2.8,0.28,17.3,1105.7,0.06,146.8,50.3,197.1,380.1,7.2,0.72,44.9,2868.3,0.16,380.5,130.4,510.9,30.99,0.0,0.0,30.99,32.07,0.0,0.0,32.07,0.0,0.0,0.0,1288.4,228.7,1059.7,0.0,0.0,0.0,0.0,0.0,0.0,0.0,0.0,0.0,0.0,0.0,0.0,0.0,228.7,0.0
2050-01-28 09:00:00,2050-01-28 07:00:00,1384.2,0.0,0.0,6.4,1390.6,1342.3,-989.3,0.0,989.3,0.0303,0.0362,gas-cc,gas-cc,0.0,0.0,0.0,0.0,0.0,0.0,0.0,0.0,0.0,0.0,0.0,0.0,0.0,0.0,0.0,0.0,0.0,0.0,147.8,2.8,0.28,17.5,1114.3,0.06,148.0,50.7,198.6,365.0,6.9,0.69,43.1,2754.4,0.16,365.4,125.2,490.6,26.51,0.0,0.0,26.51,27.51,0.0,0.0,27.51,0.0,0.0,0.0,2379.9,2379.9,0.0,0.0,0.0,0.0,0.0,90.9,0.0,0.0,0.0,0.0,0.0,0.0,0.0,2061.5,227.6,0.0
2050-01-28 10:00:00,2050-01-28 08:00:00,1466.3,2461.0,0.0,0.0,3927.3,1421.3,0.0,0.0,0.0,0.0307,0.0383,upv,upv,0.0,0.0,0.0,0.0,0.0,0.0,0.0,0.0,0.0,0.0,0.0,0.0,0.0,0.0,0.0,0.0,0.0,0.0,139.8,2.6,0.26,16.5,1053.7,0.06,139.9,47.9,187.8,0.0,0.0,0.0,0.0,0.0,0.0,0.0,0.0,0.0,0.0,0.0,0.0,0.0,0.0,0.0,0.0,0.0,183.9,4250.1,4434.0,3927.3,3927.3,0.0,0.0,0.0,0.0,0.0,0.0,0.0,0.0,0.0,0.0,0.0,0.0,0.0,3927.3,0.0,0.0
2050-01-28 11:00:00,2050-01-28 09:00:00,1510.5,3792.8,0.0,0.0,5303.4,1463.8,0.0,0.0,0.0,0.0309,0.0395,upv,upv,0.0,0.0,0.0,0.0,0.0,0.0,0.0,0.0,0.0,0.0,0.0,0.0,0.0,0.0,0.0,0.0,0.0,0.0,139.8,2.6,0.26,16.5,1054.0,0.06,140.0,47.9,187.9,0.0,0.0,0.0,0.0,0.0,0.0,0.0,0.0,0.0,0.0,0.0,0.0,0.0,0.0,0.0,0.0,0.0,0.0,4170.0,4170.0,5303.4,5303.4,0.0,0.0,0.0,0.0,0.0,393.0,0.0,0.0,0.0,0.0,0.0,0.0,0.0,4747.9,162.4,0.0
2050-01-28 12:00:00,2050-01-28 10:00:00,1526.3,4019.6,0.0,0.0,5545.9,1479.0,0.0,0.0,0.0,0.031,0.0399,upv,upv,0.0,0.0,0.0,0.0,0.0,0.0,0.0,0.0,0.0,0.0,0.0,0.0,0.0,0.0,0.0,0.0,0.0,0.0,139.8,2.6,0.26,16.5,1054.1,0.06,140.0,47.9,187.9,0.0,0.0,0.0,0.0,0.0,0.0,0.0,0.0,0.0,0.0,0.0,0.0,0.0,0.0,0.0,0.0,0.0,152.0,3279.2,3431.2,5545.9,5545.9,0.0,0.0,0.0,0.0,0.0,372.4,0.0,0.0,0.0,0.0,0.0,0.0,0.0,5173.5,0.0,0.0
2050-01-28 13:00:00,2050-01-28 11:00:00,1523.2,3567.9,0.0,0.0,5091.1,1476.0,0.0,0.0,0.0,0.031,0.0398,upv,upv,0.0,0.0,0.0,0.0,0.0,0.0,0.0,0.0,0.0,0.0,0.0,0.0,0.0,0.0,0.0,0.0,0.0,0.0,139.8,2.6,0.26,16.5,1054.0,0.06,140.0,47.9,187.9,0.0,0.0,0.0,0.0,0.0,0.0,0.0,0.0,0.0,0.0,0.0,0.0,0.0,0.0,0.0,0.0,0.0,146.4,3255.0,3401.4,5091.1,5091.1,0.0,0.0,0.0,0.0,0.0,352.2,0.0,0.0,0.0,0.0,0.0,0.0,0.0,4738.8,0.0,0.0
2050-01-28 14:00:00,2050-01-28 12:00:00,1535.8,4019.6,0.0,0.0,5555.4,1488.1,0.0,0.0,0.0,0.0311,0.0402,upv,upv,0.0,0.0,0.0,0.0,0.0,0.0,0.0,0.0,0.0,0.0,0.0,0.0,0.0,0.0,0.0,0.0,0.0,0.0,139.8,2.6,0.26,16.5,1054.1,0.06,140.0,47.9,187.9,0.0,0.0,0.0,0.0,0.0,0.0,0.0,0.0,0.0,0.0,0.0,0.0,0.0,0.0,0.0,0.0,0.0,0.0,2826.1,2826.1,5555.4,5555.4,0.0,0.0,0.0,0.0,0.0,348.6,0.0,0.0,0.0,0.0,0.0,0.0,0.0,5083.7,123.0,0.0
2050-01-28 15:00:00,2050-01-28 13:00:00,1553.7,3957.5,0.0,0.0,5511.2,1505.3,0.0,0.0,0.0,0.0312,0.0406,upv,upv,0.0,0.0,0.0,0.0,0.0,0.0,0.0,0.0,0.0,0.0,0.0,0.0,0.0,0.0,0.0,0.0,0.0,0.0,139.8,2.6,0.26,16.5,1054.2,0.06,140.0,48.0,187.9,0.0,0.0,0.0,0.0,0.0,0.0,0.0,0.0,0.0,0.0,0.0,0.0,0.0,0.0,0.0,0.0,0.0,110.9,3091.2,3202.1,5511.2,5511.2,0.0,0.0,0.0,0.0,0.0,363.1,0.0,0.0,0.0,0.0,0.0,0.0,0.0,5148.2,0.0,0.0
2050-01-28 16:00:00,2050-01-28 14:00:00,1567.4,2845.7,0.0,0.0,4413.1,1518.4,0.0,0.0,0.0,0.0313,0.041,upv,upv,0.0,0.0,0.0,0.0,0.0,0.0,0.0,0.0,0.0,0.0,0.0,0.0,0.0,0.0,0.0,0.0,0.0,0.0,139.9,2.6,0.26,16.5,1054.3,0.06,140.0,48.0,188.0,0.0,0.0,0.0,0.0,0.0,0.0,0.0,0.0,0.0,0.0,0.0,0.0,0.0,0.0,0.0,0.0,0.0,102.0,4607.7,4709.7,4413.1,4413.1,0.0,0.0,0.0,0.0,0.0,380.7,0.0,0.0,0.0,0.0,0.0,0.0,0.0,4032.3,0.0,0.0
2050-01-28 17:00:00,2050-01-28 15:00:00,1585.3,2461.0,0.0,0.0,4046.2,1535.5,0.0,0.0,0.0,0.0314,0.0415,upv,upv,0.0,0.0,0.0,0.0,0.0,0.0,0.0,0.0,0.0,0.0,0.0,0.0,0.0,0.0,0.0,0.0,0.0,0.0,139.9,2.6,0.26,16.5,1054.5,0.06,140.0,48.0,188.0,0.0,0.0,0.0,0.0,0.0,0.0,0.0,0.0,0.0,0.0,0.0,0.0,0.0,0.0,0.0,0.0,0.0,123.2,4522.4,4645.6,4046.2,4046.2,0.0,0.0,0.0,0.0,0.0,361.6,0.0,0.0,0.0,0.0,0.0,0.0,0.0,3684.6,0.0,0.0
2050-01-28 18:00:00,2050-01-28 16:00:00,1647.4,2431.9,0.0,2.1,4081.4,1595.0,-327.9,0.0,327.9,0.0318,0.0431,hydro,hydro,0.0,0.0,0.0,0.0,0.0,0.0,0.0,0.0,0.0,0.0,0.0,0.0,0.0,0.0,0.0,0.0,0.0,0.0,146.3,2.8,0.28,17.3,1103.3,0.06,146.5,50.2,196.7,0.0,0.0,0.0,0.0,0.0,0.0,0.0,0.0,0.0,12.03,0.0,0.0,12.03,12.57,0.0,0.0,12.57,0.0,0.0,0.0,4409.3,4409.3,0.0,0.0,0.0,0.0,0.0,179.7,0.0,0.0,0.0,0.0,0.0,0.0,0.0,4077.7,151.9,0.0
2050-01-28 19:00:00,2050-01-28 17:00:00,1731.6,0.0,0.0,8.5,1740.0,1675.5,1520.4,0.0,1301.2,0.0324,0.0453,battery,gas-cc,0.0,0.0,0.0,0.0,0.0,0.0,0.0,0.0,0.0,0.0,0.0,0.0,0.0,0.0,0.0,0.0,0.0,0.0,151.1,2.9,0.29,17.9,1139.0,0.07,151.2,51.8,203.1,433.1,8.2,0.82,51.2,3268.0,0.19,433.5,148.6,582.1,28.09,0.0,0.0,28.09,29.43,0.0,0.0,29.43,0.0,0.0,0.0,3041.2,219.7,2821.5,0.0,0.0,0.0,0.0,0.0,0.0,0.0,0.0,0.0,0.0,0.0,0.0,0.0,219.7,0.0
2050-01-28 20:00:00,2050-01-28 18:00:00,1850.5,0.0,0.0,4.7,1855.2,1788.9,1616.3,0.0,721.6,0.0333,0.0484,battery,gas-cc,0.0,0.0,0.0,0.0,0.0,0.0,0.0,0.0,0.0,0.0,0.0,0.0,0.0,0.0,0.0,0.0,0.0,0.0,241.3,4.6,0.46,28.5,1820.7,0.1,241.6,82.8,324.4,362.3,6.8,0.68,42.8,2734.1,0.16,362.7,124.3,487.0,28.09,0.0,0.0,28.09,29.52,0.0,0.0,29.52,0.0,0.0,0.0,2576.8,239.0,2337.9,0.0,0.0,0.0,0.0,0.0,0.0,0.0,0.0,0.0,0.0,0.0,0.0,0.0,239.0,0.0
2050-01-28 21:00:00,2050-01-28 19:00:00,1834.7,0.0,0.0,7.5,1842.3,1773.9,1593.5,0.0,1159.9,0.0332,0.048,battery,gas-cc,0.0,0.0,0.0,0.0,0.0,0.0,0.0,0.0,0.0,0.0,0.0,0.0,0.0,0.0,0.0,0.0,0.0,0.0,197.0,3.7,0.37,23.3,1485.8,0.09,197.2,67.6,264.8,362.2,6.8,0.68,42.8,2732.9,0.16,362.6,124.3,486.8,28.09,0.0,0.0,28.09,29.51,0.0,0.0,29.51,0.0,0.0,0.0,3002.2,248.8,2753.4,0.0,0.0,0.0,0.0,0.0,0.0,0.0,0.0,0.0,0.0,0.0,0.0,0.0,248.8,0.0
2050-01-28 22:00:00,2050-01-28 20:00:00,1752.6,0.0,0.0,0.4,1753.0,1695.6,1497.9,0.0,60.7,0.0325,0.0458,battery,gas-cc,0.0,0.0,0.0,0.0,0.0,0.0,0.0,0.0,0.0,0.0,0.0,0.0,0.0,0.0,0.0,0.0,0.0,0.0,153.9,2.9,0.29,18.2,1160.4,0.07,154.1,52.8,206.9,361.3,6.8,0.68,42.7,2726.8,0.16,361.7,124.0,485.7,28.09,0.0,0.0,28.09,29.44,0.0,0.0,29.44,0.0,0.0,0.0,1813.7,255.1,1558.6,0.0,0.0,0.0,0.0,0.0,0.0,0.0,0.0,0.0,0.0,0.0,0.0,0.0,255.1,0.0
2050-01-28 23:00:00,2050-01-28 21:00:00,1675.8,0.0,0.0,7.8,1683.6,1622.2,1429.4,0.0,1197.3,0.032,0.0438,battery,gas-cc,0.0,0.0,0.0,0.0,0.0,0.0,0.0,0.0,0.0,0.0,0.0,0.0,0.0,0.0,0.0,0.0,0.0,0.0,153.4,2.9,0.29,18.1,1156.7,0.07,153.6,52.6,206.2,360.6,6.8,0.68,42.6,2721.0,0.16,361.0,123.7,484.7,28.09,0.0,0.0,28.09,29.38,0.0,0.0,29.38,0.0,0.0,0.0,2880.9,254.1,2626.7,0.0,0.0,0.0,0.0,0.0,0.0,0.0,0.0,0.0,0.0,0.0,0.0,0.0,254.1,0.0
2050-01-29 00:00:00,2050-01-28 22:00:00,1590.5,0.0,0.0,5.3,1595.9,1540.6,1346.6,0.0,820.2,0.0314,0.0416,gas-cc,gas-cc,0.0,0.0,0.0,0.0,0.0,0.0,0.0,0.0,0.0,0.0,0.0,0.0,0.0,0.0,0.0,0.0,0.0,0.0,154.7,2.9,0.29,18.3,1166.1,0.07,154.8,53.0,207.9,399.7,7.5,0.75,47.2,3016.4,0.17,400.1,137.2,537.3,27.04,0.0,0.0,27.04,28.21,0.0,0.0,28.21,0.0,0.0,0.0,2416.1,249.2,2166.9,0.0,0.0,0.0,0.0,0.0,0.0,0.0,0.0,0.0,0.0,0.0,0.0,0.0,249.2,0.0
2050-01-29 01:00:00,2050-01-28 23:00:00,1474.7,0.0,0.0,2.8,1477.5,1429.4,1240.6,0.0,426.7,0.0307,0.0386,gas-cc,gas-cc,0.0,0.0,0.0,0.0,0.0,0.0,0.0,0.0,0.0,0.0,0.0,0.0,0.0,0.0,0.0,0.0,0.0,0.0,154.0,2.9,0.29,18.2,1160.9,0.07,154.2,52.8,207.0,398.5,7.5,0.75,47.1,3006.9,0.17,398.9,136.7,535.6,27.04,0.0,0.0,27.04,28.12,0.0,0.0,28.12,0.0,0.0,0.0,1904.2,236.9,1667.3,0.0,0.0,0.0,0.0,0.0,0.0,0.0,0.0,0.0,0.0,0.0,0.0,0.0,236.9,0.0
2050-01-29 02:00:00,2050-01-29 00:00:00,1381.1,0.0,0.0,1.7,1382.7,1339.3,1142.1,0.0,258.9,0.0303,0.0361,gas-cc,gas-cc,0.0,0.0,0.0,0.0,0.0,0.0,0.0,0.0,0.0,0.0,0.0,0.0,0.0,0.0,0.0,0.0,0.0,0.0,152.8,2.9,0.29,18.1,1152.3,0.07,153.0,52.4,205.4,397.4,7.5,0.75,47.0,2999.2,0.17,397.9,136.4,534.2,27.04,0.0,0.0,27.04,28.05,0.0,0.0,28.05,0.0,0.0,0.0,1641.7,240.6,1401.1,0.0,0.0,0.0,0.0,0.0,0.0,0.0,0.0,0.0,0.0,0.0,0.0,0.0,240.6,0.0
2050-01-29 03:00:00,2050-01-29 01:00:00,1296.8,0.0,0.0,0.0,1296.8,1258.0,1059.0,0.0,0.0,0.03,0.0339,battery,gas-cc,0.0,0.0,0.0,0.0,0.0,0.0,0.0,0.0,0.0,0.0,0.0,0.0,0.0,0.0,0.0,0.0,0.0,0.0,150.3,2.8,0.28,17.8,1133.2,0.07,150.5,51.5,202.0,356.9,6.7,0.67,42.2,2693.1,0.15,357.3,122.5,479.7,27.04,0.0,0.0,27.04,27.99,0.0,0.0,27.99,0.0,0.0,0.0,1296.8,237.9,1059.0,0.0,0.0,0.0,0.0,0.0,0.0,0.0,0.0,0.0,0.0,0.0,0.0,0.0,237.9,0.0
2050-01-29 04:00:00,2050-01-29 02:00:00,1240.0,0.0,0.0,1.9,1241.9,1203.0,1020.9,0.0,293.2,0.0298,0.0324,gas-cc,gas-cc,0.0,0.0,0.0,0.0,0.0,0.0,0.0,0.0,0.0,0.0,0.0,0.0,0.0,0.0,0.0,0.0,0.0,0.0,148.0,2.8,0.28,17.5,1115.6,0.06,148.1,50.7,198.9,395.9,7.5,0.75,46.8,2987.8,0.17,396.4,135.9,532.2,27.04,0.0,0.0,27.04,27.94,0.0,0.0,27.94,0.0,0.0,0.0,1535.1,221.1,1314.1,0.0,0.0,0.0,0.0,0.0,0.0,0.0,0.0,0.0,0.0,0.0,0.0,0.0,221.1,0.0
2050-01-29 05:00:00,2050-01-29 03:00:00,1206.3,0.0,0.0,0.0,1206.3,1170.4,987.4,0.0,0.0,0.0297,0.0315,battery,gas-cc,0.0,0.0,0.0,0.0,0.0,0.0,0.0,0.0,0.0,0.0,0.0,0.0,0.0,0.0,0.0,0.0,0.0,0.0,206.6,3.9,0.39,24.4,1558.5,0.09,206.9,70.9,277.7,356.0,6.7,0.67,42.1,2686.6,0.15,356.4,122.2,478.6,27.04,0.0,0.0,27.04,27.92,0.0,0.0,27.92,0.0,0.0,0.0,1206.3,218.9,987.4,0.0,0.0,0.0,0.0,0.0,0.0,0.0,0.0,0.0,0.0,0.0,0.0,0.0,218.9,0.0
2050-01-29 06:00:00,2050-01-29 04:00:00,1190.5,0.0,0.0,0.0,1190.5,1155.1,955.0,0.0,0.0,0.0297,0.0311,battery,gas-cc,0.0,0.0,0.0,0.0,0.0,0.0,0.0,0.0,0.0,0.0,0.0,0.0,0.0,0.0,0.0,0.0,0.0,0.0,148.7,2.8,0.28,17.6,1120.8,0.06,148.8,51.0,199.8,355.9,6.7,0.67,42.0,2685.4,0.15,356.2,122.1,478.4,27.04,0.0,0.0,27.04,27.91,0.0,0.0,27.91,0.0,0.0,0.0,1190.5,235.5,955.0,0.0,0.0,0.0,0.0,0.0,0.0,0.0,0.0,0.0,0.0,0.0,0.0,0.0,235.5,0.0
2050-01-29 07:00:00,2050-01-29 05:00:00,1203.2,0.0,0.0,0.9,1204.1,1167.4,959.5,0.0,137.7,0.0297,0.0315,battery,gas-cc,0.0,0.0,0.0,0.0,0.0,0.0,0.0,0.0,0.0,0.0,0.0,0.0,0.0,0.0,0.0,0.0,0.0,0.0,154.1,2.9,0.29,18.2,1161.8,0.07,154.3,52.8,207.1,356.0,6.7,0.67,42.1,2686.3,0.15,356.4,122.1,478.5,27.04,0.0,0.0,27.04,27.91,0.0,0.0,27.91,0.0,0.0,0.0,1341.8,244.6,1097.2,0.0,0.0,0.0,0.0,0.0,0.0,0.0,0.0,0.0,0.0,0.0,0.0,0.0,244.6,0.0
2050-01-29 08:00:00,2050-01-29 06:00:00,1250.5,0.0,0.0,0.0,1250.5,1213.2,1009.4,0.0,0.0,0.0298,0.0327,battery,gas-cc,0.0,0.0,0.0,0.0,0.0,0.0,0.0,0.0,0.0,0.0,0.0,0.0,0.0,0.0,0.0,0.0,0.0,0.0,159.1,3.0,0.3,18.8,1199.8,0.07,159.3,54.6,213.9,356.4,6.7,0.67,42.1,2689.8,0.15,356.8,122.3,479.1,27.04,0.0,0.0,27.04,27.95,0.0,0.0,27.95,0.0,0.0,0.0,1250.5,241.1,1009.4,0.0,0.0,0.0,0.0,0.0,0.0,0.0,0.0,0.0,0.0,0.0,0.0,0.0,241.1,0.0
2050-01-29 09:00:00,2050-01-29 07:00:00,1334.7,0.0,0.0,10.4,1345.2,1294.6,-1606.6,0.0,1606.6,0.0301,0.0349,battery,gas-cc,0.0,0.0,0.0,0.0,0.0,0.0,0.0,0.0,0.0,0.0,0.0,0.0,0.0,0.0,0.0,0.0,0.0,0.0,148.2,2.8,0.28,17.5,1117.4,0.06,148.4,50.8,199.2,379.6,7.2,0.72,44.8,2864.3,0.16,380.0,130.2,510.2,26.26,0.0,0.0,26.26,27.21,0.0,0.0,27.21,0.0,0.0,0.0,2951.7,2951.8,0.0,0.0,0.0,0.0,0.0,114.6,0.0,0.0,0.0,0.0,0.0,0.0,0.0,2599.4,237.7,0.0
2050-01-29 10:00:00,2050-01-29 08:00:00,1423.2,2431.9,0.0,10.7,3865.7,1379.8,-1640.0,0.0,1640.0,0.0305,0.0372,upv,upv,0.0,0.0,0.0,0.0,0.0,0.0,0.0,0.0,0.0,0.0,0.0,0.0,0.0,0.0,0.0,0.0,0.0,0.0,139.7,2.6,0.26,16.5,1053.5,0.06,139.9,47.9,187.8,0.0,0.0,0.0,0.0,0.0,0.0,0.0,0.0,0.0,0.0,0.0,0.0,0.0,0.0,0.0,0.0,0.0,219.1,3258.7,3477.8,5505.7,5505.7,0.0,0.0,0.0,0.0,0.0,0.0,0.0,0.0,0.0,0.0,0.0,0.0,0.0,5505.7,0.0,0.0
2050-01-29 11:00:00,2050-01-29 09:00:00,1469.5,3427.3,0.0,10.7,4907.5,1424.4,-1640.0,0.0,1640.0,0.0307,0.0384,upv,upv,0.0,0.0,0.0,0.0,0.0,0.0,0.0,0.0,0.0,0.0,0.0,0.0,0.0,0.0,0.0,0.0,0.0,0.0,139.8,2.6,0.26,16.5,1053.7,0.06,139.9,47.9,187.9,0.0,0.0,0.0,0.0,0.0,0.0,0.0,0.0,0.0,0.0,0.0,0.0,0.0,0.0,0.0,0.0,0.0,198.6,3053.6,3252.2,6547.4,6547.4,0.0,0.0,0.0,0.0,0.0,0.0,0.0,0.0,0.0,0.0,0.0,0.0,0.0,6547.4,0.0,0.0
2050-01-29 12:00:00,2050-01-29 10:00:00,1484.2,3953.7,0.0,10.7,5448.6,1438.5,-1640.0,0.0,1640.0,0.0308,0.0388,upv,upv,0.0,0.0,0.0,0.0,0.0,0.0,0.0,0.0,0.0,0.0,0.0,0.0,0.0,0.0,0.0,0.0,0.0,0.0,139.8,2.6,0.26,16.5,1053.8,0.06,139.9,47.9,187.9,0.0,0.0,0.0,0.0,0.0,0.0,0.0,0.0,0.0,0.0,0.0,0.0,0.0,0.0,0.0,0.0,0.0,0.0,2113.2,2113.2,7088.5,7088.5,0.0,0.0,0.0,0.0,0.0,380.7,0.0,0.0,0.0,0.0,0.0,0.0,0.0,6526.8,181.0,0.0
2050-01-29 13:00:00,2050-01-29 11:00:00,1489.5,3990.5,0.0,10.7,5490.6,1443.6,-1640.0,0.0,1640.0,0.0308,0.039,upv,upv,0.0,0.0,0.0,0.0,0.0,0.0,0.0,0.0,0.0,0.0,0.0,0.0,0.0,0.0,0.0,0.0,0.0,0.0,139.8,2.6,0.26,16.5,1053.9,0.06,139.9,47.9,187.9,0.0,0.0,0.0,0.0,0.0,0.0,0.0,0.0,0.0,0.0,0.0,0.0,0.0,0.0,0.0,0.0,0.0,0.0,1517.3,1517.3,7130.6,7130.6,0.0,0.0,0.0,0.0,0.0,358.2,0.0,0.0,0.0,0.0,0.0,0.0,0.0,6612.2,160.2,0.0
2050-01-29 14:00:00,2050-01-29 12:00:00,1517.9,4019.6,0.0,10.7,5548.1,1470.9,-1640.0,0.0,1640.0,0.031,0.0397,upv,upv,0.0,0.0,0.0,0.0,0.0,0.0,0.0,0.0,0.0,0.0,0.0,0.0,0.0,0.0,0.0,0.0,0.0,0.0,139.8,2.6,0.26,16.5,1054.0,0.06,140.0,47.9,187.9,0.0,0.0,0.0,0.0,0.0,0.0,0.0,0.0,0.0,0.0,0.0,0.0,0.0,0.0,0.0,0.0,0.0,0.0,1245.4,1245.4,7188.1,7188.1,0.0,0.0,0.0,0.0,0.0,350.6,0.0,0.0,0.0,0.0,0.0,0.0,0.0,6709.6,127.9,0.0
2050-01-29 15:00:00,2050-01-29 13:00:00,1541.1,3824.8,0.0,10.7,5376.5,1493.1,-1640.0,0.0,1640.0,0.0311,0.0403,upv,upv,0.0,0.0,0.0,0.0,0.0,0.0,0.0,0.0,0.0,0.0,0.0,0.0,0.0,0.0,0.0,0.0,0.0,0.0,139.8,2.6,0.26,16.5,1054.2,0.06,140.0,48.0,187.9,0.0,0.0,0.0,0.0,0.0,0.0,0.0,0.0,0.0,0.0,0.0,0.0,0.0,0.0,0.0,0.0,0.0,0.0,1684.2,1684.2,7016.4,7016.4,0.0,0.0,0.0,0.0,0.0,363.1,0.0,0.0,0.0,0.0,0.0,0.0,0.0,6555.2,98.2,0.0
2050-01-29 16:00:00,2050-01-29 14:00:00,1567.4,3045.5,0.0,10.7,4623.5,1518.4,-1640.0,0.0,1640.0,0.0313,0.041,upv,upv,0.0,0.0,0.0,0.0,0.0,0.0,0.0,0.0,0.0,0.0,0.0,0.0,0.0,0.0,0.0,0.0,0.0,0.0,139.9,2.6,0.26,16.5,1054.3,0.06,140.0,48.0,188.0,0.0,0.0,0.0,0.0,0.0,0.0,0.0,0.0,0.0,0.0,0.0,0.0,0.0,0.0,0.0,0.0,0.0,0.0,2797.8,2797.8,6263.4,6263.4,0.0,0.0,0.0,0.0,0.0,378.9,0.0,0.0,0.0,0.0,0.0,0.0,0.0,5803.4,81.1,0.0
2050-01-29 17:00:00,2050-01-29 15:00:00,1585.3,2431.9,0.0,10.7,4027.8,1535.5,-1640.0,0.0,1640.0,0.0314,0.0415,upv,upv,0.0,0.0,0.0,0.0,0.0,0.0,0.0,0.0,0.0,0.0,0.0,0.0,0.0,0.0,0.0,0.0,0.0,0.0,139.9,2.6,0.26,16.5,1054.5,0.06,140.0,48.0,188.0,0.0,0.0,0.0,0.0,0.0,0.0,0.0,0.0,0.0,0.0,0.0,0.0,0.0,0.0,0.0,0.0,0.0,0.0,2669.0,2669.0,5667.8,5667.8,0.0,0.0,0.0,0.0,0.0,348.6,0.0,0.0,0.0,0.0,0.0,0.0,0.0,5240.8,78.4,0.0
2050-01-29 18:00:00,2050-01-29 16:00:00,1652.6,2431.9,0.0,2.7,4087.2,1600.1,-415.7,0.0,415.7,0.0318,0.0432,battery,gas-cc,0.0,0.0,0.0,0.0,0.0,0.0,0.0,0.0,0.0,0.0,0.0,0.0,0.0,0.0,0.0,0.0,0.0,0.0,140.0,2.6,0.27,16.5,1055.7,0.06,140.2,48.0,188.2,320.0,6.0,0.6,37.8,2414.8,0.14,320.3,109.8,430.1,22.95,0.0,0.0,22.95,23.98,0.0,0.0,23.98,0.0,0.0,0.0,4503.0,4503.0,0.0,0.0,0.0,0.0,0.0,186.0,0.0,0.0,0.0,0.0,0.0,0.0,0.0,4223.1,93.8,0.0
2050-01-29 19:00:00,2050-01-29 17:00:00,1731.6,0.0,0.0,9.1,1740.7,1675.5,1608.7,0.0,1407.6,0.0324,0.0453,battery,gas-cc,0.0,0.0,0.0,0.0,0.0,0.0,0.0,0.0,0.0,0.0,0.0,0.0,0.0,0.0,0.0,0.0,0.0,0.0,154.2,2.9,0.29,18.2,1162.1,0.07,154.3,52.9,207.2,331.6,6.3,0.63,39.2,2502.5,0.14,332.0,113.8,445.8,29.8,0.0,0.0,29.8,31.21,0.0,0.0,31.21,0.0,0.0,0.0,3148.4,132.0,3016.4,0.0,0.0,0.0,0.0,0.0,0.0,0.0,0.0,0.0,0.0,0.0,0.0,0.0,132.0,0.0
2050-01-29 20:00:00,2050-01-29 18:00:00,1855.8,0.0,0.0,9.5,1865.3,1793.9,1743.7,0.0,1467.5,0.0334,0.0485,battery,gas-cc,0.0,0.0,0.0,0.0,0.0,0.0,0.0,0.0,0.0,0.0,0.0,0.0,0.0,0.0,0.0,0.0,0.0,0.0,155.6,2.9,0.29,18.4,1173.4,0.07,155.8,53.4,209.2,332.8,6.3,0.63,39.3,2511.1,0.14,333.1,114.2,447.3,29.8,0.0,0.0,29.8,31.32,0.0,0.0,31.32,0.0,0.0,0.0,3332.9,121.7,3211.2,0.0,0.0,0.0,0.0,0.0,0.0,0.0,0.0,0.0,0.0,0.0,0.0,0.0,121.7,0.0
2050-01-29 21:00:00,2050-01-29 19:00:00,1866.3,0.0,0.0,0.1,1866.5,1803.9,1752.0,0.0,21.4,0.0334,0.0488,battery,gas-cc,0.0,0.0,0.0,0.0,0.0,0.0,0.0,0.0,0.0,0.0,0.0,0.0,0.0,0.0,0.0,0.0,0.0,0.0,154.1,2.9,0.29,18.2,1161.4,0.07,154.2,52.8,207.1,362.5,6.8,0.68,42.8,2735.3,0.16,362.9,124.4,487.2,29.8,0.0,0.0,29.8,31.33,0.0,0.0,31.33,0.0,0.0,0.0,1887.8,114.4,1773.4,0.0,0.0,0.0,0.0,0.0,0.0,0.0,0.0,0.0,0.0,0.0,0.0,0.0,114.4,0.0
2050-01-29 22:00:00,2050-01-29 20:00:00,1796.8,0.0,0.0,8.1,1805.0,1737.8,1702.0,0.0,1252.1,0.0329,0.047,battery,gas-cc,0.0,0.0,0.0,0.0,0.0,0.0,0.0,0.0,0.0,0.0,0.0,0.0,0.0,0.0,0.0,0.0,0.0,0.0,154.6,2.9,0.29,18.3,1165.8,0.07,154.8,53.0,207.8,361.8,6.8,0.68,42.7,2730.1,0.16,362.2,124.1,486.3,29.8,0.0,0.0,29.8,31.27,0.0,0.0,31.27,0.0,0.0,0.0,3057.1,102.9,2954.2,0.0,0.0,0.0,0.0,0.0,0.0,0.0,0.0,0.0,0.0,0.0,0.0,0.0,102.9,0.0
2050-01-29 23:00:00,2050-01-29 21:00:00,1693.7,0.0,0.0,1.4,1695.1,1639.3,1626.2,0.0,221.2,0.0321,0.0443,battery,gas-cc,0.0,0.0,0.0,0.0,0.0,0.0,0.0,0.0,0.0,0.0,0.0,0.0,0.0,0.0,0.0,0.0,0.0,0.0,155.3,2.9,0.29,18.4,1171.1,0.07,155.5,53.3,208.8,360.8,6.8,0.68,42.6,2722.4,0.16,361.2,123.8,484.9,29.8,0.0,0.0,29.8,31.18,0.0,0.0,31.18,0.0,0.0,0.0,1916.3,68.9,1847.4,0.0,0.0,0.0,0.0,0.0,0.0,0.0,0.0,0.0,0.0,0.0,0.0,0.0,68.9,0.0
2050-01-30 00:00:00,2050-01-29 22:00:00,1577.9,0.0,0.0,0.0,1577.9,1528.5,1539.3,0.0,0.0,0.0313,0.0413,battery,gas-cc,0.0,0.0,0.0,0.0,0.0,0.0,0.0,0.0,0.0,0.0,0.0,0.0,0.0,0.0,0.0,0.0,0.0,0.0,186.9,3.5,0.35,22.1,1409.8,0.08,187.1,64.1,251.3,357.8,6.7,0.67,42.3,2699.7,0.16,358.1,122.8,480.9,31.9,0.0,0.0,31.9,33.28,0.0,0.0,33.28,0.0,0.0,0.0,1577.9,38.6,1539.3,0.0,0.0,0.0,0.0,0.0,0.0,0.0,0.0,0.0,0.0,0.0,0.0,0.0,38.6,0.0
2050-01-30 01:00:00,2050-01-29 23:00:00,1471.6,0.0,0.0,0.1,1471.7,1426.4,1447.7,0.0,13.1,0.0307,0.0385,battery,gas-cc,0.0,0.0,0.0,0.0,0.0,0.0,0.0,0.0,0.0,0.0,0.0,0.0,0.0,0.0,0.0,0.0,0.0,0.0,181.9,3.4,0.34,21.5,1372.0,0.08,182.1,62.4,244.5,370.8,7.0,0.7,43.8,2798.2,0.16,371.2,127.2,498.4,31.9,0.0,0.0,31.9,33.18,0.0,0.0,33.18,0.0,0.0,0.0,1484.7,23.9,1460.8,0.0,0.0,0.0,0.0,0.0,0.0,0.0,0.0,0.0,0.0,0.0,0.0,0.0,23.9,0.0
2050-01-30 02:00:00,2050-01-30 00:00:00,1345.3,0.0,0.0,0.0,1345.3,1304.7,1328.1,0.0,0.0,0.0301,0.0352,battery,gas-cc,0.0,0.0,0.0,0.0,0.0,0.0,0.0,0.0,0.0,0.0,0.0,0.0,0.0,0.0,0.0,0.0,0.0,0.0,185.9,3.5,0.35,22.0,1402.0,0.08,186.1,63.8,249.9,355.5,6.7,0.67,42.0,2682.7,0.15,355.9,122.0,477.9,31.9,0.0,0.0,31.9,33.07,0.0,0.0,33.07,0.0,0.0,0.0,1345.3,17.2,1328.1,0.0,0.0,0.0,0.0,0.0,0.0,0.0,0.0,0.0,0.0,0.0,0.0,0.0,17.2,0.0
2050-01-30 03:00:00,2050-01-30 01:00:00,1288.4,0.0,0.0,0.0,1288.4,1249.9,1277.1,0.0,0.0,0.0299,0.0337,battery,gas-cc,0.0,0.0,0.0,0.0,0.0,0.0,0.0,0.0,0.0,0.0,0.0,0.0,0.0,0.0,0.0,0.0,0.0,0.0,151.5,2.9,0.29,17.9,1142.0,0.07,151.6,51.9,203.6,355.0,6.7,0.67,41.9,2678.5,0.15,355.3,121.8,477.1,31.9,0.0,0.0,31.9,33.02,0.0,0.0,33.02,0.0,0.0,0.0,1288.4,11.3,1277.1,0.0,0.0,0.0,0.0,0.0,0.0,0.0,0.0,0.0,0.0,0.0,0.0,0.0,11.3,0.0
2050-01-30 04:00:00,2050-01-30 02:00:00,1245.3,0.0,0.0,0.5,1245.8,1208.1,1234.8,0.0,80.3,0.0298,0.0326,battery,gas-cc,0.0,0.0,0.0,0.0,0.0,0.0,0.0,0.0,0.0,0.0,0.0,0.0,0.0,0.0,0.0,0.0,0.0,0.0,150.9,2.8,0.29,17.8,1137.9,0.07,151.1,51.8,202.9,368.5,6.9,0.69,43.5,2781.1,0.16,368.9,126.5,495.4,31.9,0.0,0.0,31.9,32.98,0.0,0.0,32.98,0.0,0.0,0.0,1326.0,11.0,1315.0,0.0,0.0,0.0,0.0,0.0,0.0,0.0,0.0,0.0,0.0,0.0,0.0,0.0,11.0,0.0
2050-01-30 05:00:00,2050-01-30 03:00:00,1229.5,0.0,0.0,0.3,1229.7,1192.8,1220.5,0.0,42.5,0.0298,0.0322,battery,gas-cc,0.0,0.0,0.0,0.0,0.0,0.0,0.0,0.0,0.0,0.0,0.0,0.0,0.0,0.0,0.0,0.0,0.0,0.0,154.6,2.9,0.29,18.3,1165.3,0.07,154.7,53.0,207.7,368.4,6.9,0.69,43.5,2779.9,0.16,368.8,126.4,495.2,31.9,0.0,0.0,31.9,32.96,0.0,0.0,32.96,0.0,0.0,0.0,1272.2,9.3,1263.0,0.0,0.0,0.0,0.0,0.0,0.0,0.0,0.0,0.0,0.0,0.0,0.0,0.0,9.3,0.0
2050-01-30 06:00:00,2050-01-30 04:00:00,1252.6,0.0,0.0,0.0,1252.6,1215.3,1244.7,0.0,0.0,0.0298,0.0328,battery,gas-cc,0.0,0.0,0.0,0.0,0.0,0.0,0.0,0.0,0.0,0.0,0.0,0.0,0.0,0.0,0.0,0.0,0.0,0.0,168.4,3.2,0.32,19.9,1269.6,0.07,168.6,57.7,226.3,354.6,6.7,0.67,41.9,2675.9,0.15,355.0,121.7,476.7,31.9,0.0,0.0,31.9,32.98,0.0,0.0,32.98,0.0,0.0,0.0,1252.6,8.0,1244.7,0.0,0.0,0.0,0.0,0.0,0.0,0.0,0.0,0.0,0.0,0.0,0.0,0.0,8.0,0.0
2050-01-30 07:00:00,2050-01-30 05:00:00,1343.2,0.0,0.0,0.0,1343.2,1302.7,1334.4,0.0,0.0,0.0301,0.0351,battery,gas-cc,0.0,0.0,0.0,0.0,0.0,0.0,0.0,0.0,0.0,0.0,0.0,0.0,0.0,0.0,0.0,0.0,0.0,0.0,183.6,3.5,0.35,21.7,1384.2,0.08,183.8,63.0,246.7,355.5,6.7,0.67,42.0,2682.5,0.15,355.9,122.0,477.8,31.9,0.0,0.0,31.9,33.06,0.0,0.0,33.06,0.0,0.0,0.0,1343.2,8.8,1334.4,0.0,0.0,0.0,0.0,0.0,0.0,0.0,0.0,0.0,0.0,0.0,0.0,0.0,8.8,0.0
2050-01-30 08:00:00,2050-01-30 06:00:00,1512.6,0.0,0.0,0.3,1513.0,1465.9,1505.1,0.0,53.5,0.0309,0.0396,battery,gas-cc,0.0,0.0,0.0,0.0,0.0,0.0,0.0,0.0,0.0,0.0,0.0,0.0,0.0,0.0,0.0,0.0,0.0,0.0,191.8,3.6,0.36,22.7,1446.5,0.08,192.0,65.8,257.8,371.2,7.0,0.7,43.9,2801.3,0.16,371.6,127.4,499.0,31.9,0.0,0.0,31.9,33.22,0.0,0.0,33.22,0.0,0.0,0.0,1566.5,7.9,1558.6,0.0,0.0,0.0,0.0,0.0,0.0,0.0,0.0,0.0,0.0,0.0,0.0,0.0,7.9,0.0
2050-01-30 09:00:00,2050-01-30 07:00:00,1675.8,0.0,0.0,16.4,1692.2,1622.2,-1017.3,445.3,1462.6,0.032,0.0438,battery,gas-cc,0.0,0.0,0.0,0.0,0.0,0.0,0.0,0.0,0.0,0.0,0.0,0.0,0.0,0.0,0.0,0.0,0.0,0.0,146.7,2.8,0.28,17.3,1105.8,0.06,146.8,50.3,197.1,372.9,7.0,0.7,44.0,2813.8,0.16,373.3,127.9,501.2,31.9,0.0,0.0,31.9,33.37,0.0,0.0,33.37,0.0,0.0,0.0,2709.5,2709.5,0.0,0.0,0.0,0.0,0.0,114.0,0.0,0.0,0.0,0.0,0.0,0.0,0.0,2586.5,9.0,0.0
2050-01-30 10:00:00,2050-01-30 08:00:00,1793.7,3795.7,0.0,10.7,5600.0,1734.8,-1640.0,0.0,1640.0,0.0329,0.0469,upv,upv,0.0,0.0,0.0,0.0,0.0,0.0,0.0,0.0,0.0,0.0,0.0,0.0,0.0,0.0,0.0,0.0,0.0,0.0,215.1,4.1,0.41,25.4,1622.9,0.09,215.4,73.8,289.2,0.0,0.0,0.0,0.0,0.0,0.0,0.0,0.0,0.0,0.0,0.0,0.0,0.0,0.0,0.0,0.0,0.0,8.3,1322.0,1330.3,7240.0,7240.0,0.0,0.0,0.0,0.0,0.0,361.4,0.0,0.0,0.0,0.0,0.0,0.0,0.0,6878.5,0.0,0.0
2050-01-30 11:00:00,2050-01-30 09:00:00,1757.9,3795.7,0.0,10.7,5564.2,1700.6,-1640.0,0.0,1640.0,0.0326,0.046,upv,upv,0.0,0.0,0.0,0.0,0.0,0.0,0.0,0.0,0.0,0.0,0.0,0.0,0.0,0.0,0.0,0.0,0.0,0.0,141.8,2.7,0.27,16.8,1069.1,0.06,142.0,48.6,190.6,0.0,0.0,0.0,0.0,0.0,0.0,0.0,0.0,0.0,0.0,0.0,0.0,0.0,0.0,0.0,0.0,0.0,6.3,2140.5,2146.8,7204.2,7204.2,0.0,0.0,0.0,0.0,0.0,394.5,0.0,0.0,0.0,0.0,0.0,0.0,0.0,6809.7,0.0,0.0
2050-01-30 12:00:00,2050-01-30 10:00:00,1660.0,2626.7,0.0,10.7,4297.4,1607.1,-1640.0,0.0,1640.0,0.0319,0.0434,upv,upv,0.0,0.0,0.0,0.0,0.0,0.0,0.0,0.0,0.0,0.0,0.0,0.0,0.0,0.0,0.0,0.0,0.0,0.0,139.9,2.6,0.26,16.5,1055.0,0.06,140.1,48.0,188.1,0.0,0.0,0.0,0.0,0.0,0.0,0.0,0.0,0.0,0.0,0.0,0.0,0.0,0.0,0.0,0.0,0.0,0.0,3134.0,3134.0,5937.3,5937.3,0.0,0.0,0.0,0.0,0.0,382.2,0.0,0.0,0.0,0.0,0.0,0.0,0.0,5538.3,16.9,0.0
2050-01-30 13:00:00,2050-01-30 11:00:00,1590.5,3953.7,0.0,10.7,5554.9,1540.6,-1640.0,0.0,1640.0,0.0314,0.0416,upv,upv,0.0,0.0,0.0,0.0,0.0,0.0,0.0,0.0,0.0,0.0,0.0,0.0,0.0,0.0,0.0,0.0,0.0,0.0,142.3,2.7,0.27,16.8,1072.7,0.06,142.4,48.8,191.2,0.0,0.0,0.0,0.0,0.0,0.0,0.0,0.0,0.0,0.0,0.0,0.0,0.0,0.0,0.0,0.0,0.0,0.0,1490.2,1490.2,7194.8,7194.8,0.0,0.0,0.0,0.0,0.0,364.1,0.0,0.0,0.0,0.0,0.0,0.0,0.0,6775.0,55.7,0.0
2050-01-30 14:00:00,2050-01-30 12:00:00,1562.1,3045.5,0.0,10.7,4618.2,1513.3,-1640.0,0.0,1640.0,0.0312,0.0409,upv,upv,0.0,0.0,0.0,0.0,0.0,0.0,0.0,0.0,0.0,0.0,0.0,0.0,0.0,0.0,0.0,0.0,0.0,0.0,139.8,2.6,0.26,16.5,1054.3,0.06,140.0,48.0,188.0,0.0,0.0,0.0,0.0,0.0,0.0,0.0,0.0,0.0,0.0,0.0,0.0,0.0,0.0,0.0,0.0,0.0,0.0,2386.9,2386.9,6258.2,6258.2,0.0,0.0,0.0,0.0,0.0,360.5,0.0,0.0,0.0,0.0,0.0,0.0,0.0,5794.3,103.3,0.0
2050-01-30 15:00:00,2050-01-30 13:00:00,1549.5,3854.9,0.0,10.7,5415.0,1501.2,-1640.0,0.0,1640.0,0.0311,0.0405,upv,upv,0.0,0.0,0.0,0.0,0.0,0.0,0.0,0.0,0.0,0.0,0.0,0.0,0.0,0.0,0.0,0.0,0.0,0.0,140.0,2.6,0.27,16.5,1055.6,0.06,140.2,48.0,188.2,0.0,0.0,0.0,0.0,0.0,0.0,0.0,0.0,0.0,0.0,0.0,0.0,0.0,0.0,0.0,0.0,0.0,0.0,1944.7,1944.7,7055.0,7055.0,0.0,0.0,0.0,0.0,0.0,374.2,0.0,0.0,0.0,0.0,0.0,0.0,0.0,6546.7,134.0,0.0
2050-01-30 16:00:00,2050-01-30 14:00:00,1530.5,3597.0,0.0,10.7,5138.2,1483.0,-1640.0,0.0,1640.0,0.031,0.04,upv,upv,0.0,0.0,0.0,0.0,0.0,0.0,0.0,0.0,0.0,0.0,0.0,0.0,0.0,0.0,0.0,0.0,0.0,0.0,139.8,2.6,0.26,16.5,1054.1,0.06,140.0,47.9,187.9,0.0,0.0,0.0,0.0,0.0,0.0,0.0,0.0,0.0,0.0,0.0,0.0,0.0,0.0,0.0,0.0,0.0,0.0,2527.5,2527.5,6778.1,6778.1,0.0,0.0,0.0,0.0,0.0,384.7,0.0,0.0,0.0,0.0,0.0,0.0,0.0,6203.0,190.4,0.0
2050-01-30 17:00:00,2050-01-30 15:00:00,1580.0,2456.1,0.0,10.7,4046.7,1530.5,-1640.0,0.0,1640.0,0.0313,0.0413,upv,upv,0.0,0.0,0.0,0.0,0.0,0.0,0.0,0.0,0.0,0.0,0.0,0.0,0.0,0.0,0.0,0.0,0.0,0.0,139.9,2.6,0.26,16.5,1054.4,0.06,140.0,48.0,188.0,0.0,0.0,0.0,0.0,0.0,0.0,0.0,0.0,0.0,0.0,0.0,0.0,0.0,0.0,0.0,0.0,0.0,0.0,3169.2,3169.2,5686.7,5686.7,0.0,0.0,0.0,0.0,0.0,365.4,0.0,0.0,0.0,0.0,0.0,0.0,0.0,5121.8,199.5,0.0
2050-01-30 18:00:00,2050-01-30 16:00:00,1636.8,2431.9,0.0,13.6,4082.4,1584.9,-592.1,445.3,1037.4,0.0317,0.0428,gas-cc,gas-cc,0.0,0.0,0.0,0.0,0.0,0.0,0.0,0.0,0.0,0.0,0.0,0.0,0.0,0.0,0.0,0.0,0.0,0.0,179.4,3.4,0.34,21.2,1353.1,0.08,179.6,61.5,241.2,367.5,6.9,0.69,43.4,2773.4,0.16,367.9,126.1,494.0,26.08,0.0,0.0,26.08,27.24,0.0,0.0,27.24,0.0,0.0,0.0,4674.4,4674.4,0.0,0.0,0.0,0.0,0.0,188.7,0.0,0.0,0.0,0.0,0.0,0.0,0.0,4284.5,201.2,0.0
2050-01-30 19:00:00,2050-01-30 17:00:00,1760.0,0.0,0.0,9.6,1769.6,1702.6,1563.9,0.0,1481.6,0.0326,0.046,battery,gas-cc,0.0,0.0,0.0,0.0,0.0,0.0,0.0,0.0,0.0,0.0,0.0,0.0,0.0,0.0,0.0,0.0,0.0,0.0,154.6,2.9,0.29,18.3,1165.9,0.07,154.8,53.0,207.8,386.3,7.3,0.73,45.6,2915.2,0.17,386.7,132.6,519.3,32.16,0.0,0.0,32.16,33.71,0.0,0.0,33.71,0.0,0.0,0.0,3251.2,205.7,3045.5,0.0,0.0,0.0,0.0,0.0,0.0,0.0,0.0,0.0,0.0,0.0,0.0,0.0,205.7,0.0
2050-01-30 20:00:00,2050-01-30 18:00:00,1930.5,0.0,0.0,4.6,1935.1,1864.9,1749.9,0.0,711.1,0.034,0.0505,battery,gas-cc,0.0,0.0,0.0,0.0,0.0,0.0,0.0,0.0,0.0,0.0,0.0,0.0,0.0,0.0,0.0,0.0,0.0,0.0,155.3,2.9,0.29,18.3,1170.5,0.07,155.4,53.2,208.7,375.5,7.1,0.71,44.4,2833.6,0.16,375.9,128.8,504.7,32.16,0.0,0.0,32.16,33.87,0.0,0.0,33.87,0.0,0.0,0.0,2646.2,185.2,2461.0,0.0,0.0,0.0,0.0,0.0,0.0,0.0,0.0,0.0,0.0,0.0,0.0,0.0,185.2,0.0
2050-01-30 21:00:00,2050-01-30 19:00:00,1946.3,0.0,0.0,2.6,1948.9,1879.9,1803.7,0.0,400.3,0.0341,0.0509,battery,gas-cc,0.0,0.0,0.0,0.0,0.0,0.0,0.0,0.0,0.0,0.0,0.0,0.0,0.0,0.0,0.0,0.0,0.0,0.0,153.5,2.9,0.29,18.1,1157.3,0.07,153.7,52.6,206.3,375.7,7.1,0.71,44.4,2834.8,0.16,376.1,128.9,505.0,32.16,0.0,0.0,32.16,33.88,0.0,0.0,33.88,0.0,0.0,0.0,2349.2,145.2,2204.0,0.0,0.0,0.0,0.0,0.0,0.0,0.0,0.0,0.0,0.0,0.0,0.0,0.0,145.2,0.0
2050-01-30 22:00:00,2050-01-30 20:00:00,1845.3,0.0,0.0,5.1,1850.4,1783.9,1746.0,0.0,786.7,0.0333,0.0483,battery,gas-cc,0.0,0.0,0.0,0.0,0.0,0.0,0.0,0.0,0.0,0.0,0.0,0.0,0.0,0.0,0.0,0.0,0.0,0.0,153.6,2.9,0.29,18.1,1157.7,0.07,153.7,52.7,206.4,374.6,7.1,0.71,44.3,2826.9,0.16,375.0,128.5,503.6,32.16,0.0,0.0,32.16,33.79,0.0,0.0,33.79,0.0,0.0,0.0,2637.1,104.4,2532.7,0.0,0.0,0.0,0.0,0.0,0.0,0.0,0.0,0.0,0.0,0.0,0.0,0.0,104.4,0.0
2050-01-30 23:00:00,2050-01-30 21:00:00,1747.4,0.0,0.0,2.4,1749.8,1690.6,1675.4,0.0,366.9,0.0325,0.0457,battery,gas-cc,0.0,0.0,0.0,0.0,0.0,0.0,0.0,0.0,0.0,0.0,0.0,0.0,0.0,0.0,0.0,0.0,0.0,0.0,164.0,3.1,0.31,19.4,1236.6,0.07,164.2,56.2,220.4,373.6,7.0,0.7,44.1,2819.4,0.16,374.0,128.2,502.2,32.16,0.0,0.0,32.16,33.7,0.0,0.0,33.7,0.0,0.0,0.0,2116.6,74.4,2042.2,0.0,0.0,0.0,0.0,0.0,0.0,0.0,0.0,0.0,0.0,0.0,0.0,0.0,74.4,0.0
2050-01-31 00:00:00,2050-01-30 22:00:00,1621.1,0.0,0.0,6.9,1628.0,1569.8,1555.0,445.3,0.0,0.0316,0.0424,battery,gas-cc,0.0,0.0,0.0,0.0,0.0,0.0,0.0,0.0,0.0,0.0,0.0,0.0,0.0,0.0,0.0,0.0,0.0,0.0,150.4,2.8,0.28,17.8,1134.2,0.07,150.6,51.6,202.2,372.3,7.0,0.7,44.0,2809.6,0.16,372.7,127.8,500.5,32.83,0.0,0.0,32.83,34.28,0.0,0.0,34.28,0.0,0.0,0.0,1182.6,72.9,1109.7,0.0,0.0,0.0,0.0,0.0,0.0,0.0,0.0,0.0,0.0,0.0,0.0,0.0,72.9,0.0
2050-01-31 01:00:00,2050-01-30 23:00:00,1476.8,0.0,0.0,5.6,1482.5,1431.5,1413.0,364.4,0.0,0.0307,0.0386,battery,gas-cc,0.0,0.0,0.0,0.0,0.0,0.0,0.0,0.0,0.0,0.0,0.0,0.0,0.0,0.0,0.0,0.0,0.0,0.0,176.2,3.3,0.33,20.8,1328.5,0.08,176.4,60.4,236.8,370.9,7.0,0.7,43.8,2798.6,0.16,371.3,127.3,498.5,32.83,0.0,0.0,32.83,34.14,0.0,0.0,34.14,0.0,0.0,0.0,1118.1,69.4,1048.6,0.0,0.0,0.0,0.0,0.0,0.0,0.0,0.0,0.0,0.0,0.0,0.0,0.0,69.4,0.0
2050-01-31 02:00:00,2050-01-31 00:00:00,1368.4,0.0,0.0,2.7,1371.1,1327.1,1295.1,171.5,0.0,0.0302,0.0358,battery,gas-cc,0.0,0.0,0.0,0.0,0.0,0.0,0.0,0.0,0.0,0.0,0.0,0.0,0.0,0.0,0.0,0.0,0.0,0.0,218.8,4.1,0.41,25.8,1650.0,0.1,219.0,75.0,294.0,369.8,7.0,0.7,43.7,2790.4,0.16,370.2,126.9,497.1,32.83,0.0,0.0,32.83,34.04,0.0,0.0,34.04,0.0,0.0,0.0,1199.6,76.0,1123.6,0.0,0.0,0.0,0.0,0.0,0.0,0.0,0.0,0.0,0.0,0.0,0.0,0.0,76.0,0.0
2050-01-31 03:00:00,2050-01-31 01:00:00,1288.4,0.0,0.0,0.0,1288.4,1249.9,1217.3,0.0,0.0,0.0299,0.0337,battery,gas-cc,0.0,0.0,0.0,0.0,0.0,0.0,0.0,0.0,0.0,0.0,0.0,0.0,0.0,0.0,0.0,0.0,0.0,0.0,157.2,3.0,0.3,18.6,1185.2,0.07,157.4,53.9,211.3,369.0,7.0,0.7,43.6,2784.3,0.16,369.4,126.6,496.0,32.83,0.0,0.0,32.83,33.97,0.0,0.0,33.97,0.0,0.0,0.0,1288.4,71.2,1217.3,0.0,0.0,0.0,0.0,0.0,0.0,0.0,0.0,0.0,0.0,0.0,0.0,0.0,71.2,0.0
2050-01-31 04:00:00,2050-01-31 02:00:00,1245.3,0.0,0.0,0.0,1245.3,1208.1,1172.6,0.0,0.0,0.0298,0.0326,battery,gas-cc,0.0,0.0,0.0,0.0,0.0,0.0,0.0,0.0,0.0,0.0,0.0,0.0,0.0,0.0,0.0,0.0,0.0,0.0,153.6,2.9,0.29,18.2,1158.2,0.07,153.8,52.7,206.5,368.5,6.9,0.69,43.5,2781.1,0.16,368.9,126.5,495.4,32.83,0.0,0.0,32.83,33.93,0.0,0.0,33.93,0.0,0.0,0.0,1245.3,72.7,1172.6,0.0,0.0,0.0,0.0,0.0,0.0,0.0,0.0,0.0,0.0,0.0,0.0,0.0,72.7,0.0
2050-01-31 05:00:00,2050-01-31 03:00:00,1224.2,0.0,0.0,0.0,1224.2,1187.8,1154.3,0.0,0.0,0.0298,0.032,battery,gas-cc,0.0,0.0,0.0,0.0,0.0,0.0,0.0,0.0,0.0,0.0,0.0,0.0,0.0,0.0,0.0,0.0,0.0,0.0,176.1,3.3,0.33,20.8,1328.3,0.08,176.3,60.4,236.7,368.3,6.9,0.69,43.5,2779.5,0.16,368.7,126.4,495.1,32.83,0.0,0.0,32.83,33.91,0.0,0.0,33.91,0.0,0.0,0.0,1224.2,69.9,1154.3,0.0,0.0,0.0,0.0,0.0,0.0,0.0,0.0,0.0,0.0,0.0,0.0,0.0,69.9,0.0
2050-01-31 06:00:00,2050-01-31 04:00:00,1240.0,0.0,0.0,0.0,1240.0,1203.0,1182.6,0.0,0.0,0.0298,0.0324,battery,gas-cc,0.0,0.0,0.0,0.0,0.0,0.0,0.0,0.0,0.0,0.0,0.0,0.0,0.0,0.0,0.0,0.0,0.0,0.0,154.2,2.9,0.29,18.2,1162.4,0.07,154.4,52.9,207.2,368.5,6.9,0.69,43.5,2780.7,0.16,368.9,126.4,495.3,32.83,0.0,0.0,32.83,33.93,0.0,0.0,33.93,0.0,0.0,0.0,1240.0,57.4,1182.6,0.0,0.0,0.0,0.0,0.0,0.0,0.0,0.0,0.0,0.0,0.0,0.0,0.0,57.4,0.0
2050-01-31 07:00:00,2050-01-31 05:00:00,1322.1,0.0,0.0,0.0,1322.1,1282.4,1262.7,0.0,0.0,0.03,0.0346,battery,gas-cc,0.0,0.0,0.0,0.0,0.0,0.0,0.0,0.0,0.0,0.0,0.0,0.0,0.0,0.0,0.0,0.0,0.0,0.0,152.2,2.9,0.29,18.0,1147.1,0.07,152.3,52.2,204.5,369.3,7.0,0.7,43.6,2786.9,0.16,369.7,126.7,496.4,32.83,0.0,0.0,32.83,34.0,0.0,0.0,34.0,0.0,0.0,0.0,1322.1,59.4,1262.7,0.0,0.0,0.0,0.0,0.0,0.0,0.0,0.0,0.0,0.0,0.0,0.0,0.0,59.4,0.0
2050-01-31 08:00:00,2050-01-31 06:00:00,1487.4,0.0,0.0,6.6,1493.9,1441.6,1438.1,424.1,0.0,0.0308,0.0389,battery,gas-cc,0.0,0.0,0.0,0.0,0.0,0.0,0.0,0.0,0.0,0.0,0.0,0.0,0.0,0.0,0.0,0.0,0.0,0.0,182.2,3.4,0.34,21.5,1374.2,0.08,182.4,62.5,244.9,371.0,7.0,0.7,43.8,2799.4,0.16,371.4,127.3,498.7,32.83,0.0,0.0,32.83,34.15,0.0,0.0,34.15,0.0,0.0,0.0,1069.8,55.8,1014.0,0.0,0.0,0.0,0.0,0.0,0.0,0.0,0.0,0.0,0.0,0.0,0.0,0.0,55.8,0.0
2050-01-31 09:00:00,2050-01-31 07:00:00,1644.2,0.0,0.0,0.0,1644.2,1592.0,697.0,0.0,0.0,0.0318,0.043,battery,gas-cc,0.0,0.0,0.0,0.0,0.0,0.0,0.0,0.0,0.0,0.0,0.0,0.0,0.0,0.0,0.0,0.0,0.0,0.0,150.1,2.8,0.28,17.7,1131.3,0.07,150.2,51.5,201.7,372.6,7.0,0.7,44.0,2811.4,0.16,373.0,127.8,500.8,32.83,0.0,0.0,32.83,34.3,0.0,0.0,34.3,0.0,0.0,0.0,1644.2,947.2,697.0,0.0,0.0,0.0,0.0,38.0,0.0,0.0,0.0,0.0,0.0,0.0,0.0,861.9,47.3,0.0
2050-01-31 10:00:00,2050-01-31 08:00:00,1760.0,2431.9,0.0,8.4,4200.3,1702.6,-1297.3,0.0,1297.3,0.0326,0.046,gas-cc,gas-cc,0.0,0.0,0.0,0.0,0.0,0.0,0.0,0.0,0.0,0.0,0.0,0.0,0.0,0.0,0.0,0.0,0.0,0.0,156.5,3.0,0.3,18.5,1180.0,0.07,156.7,53.7,210.3,368.8,6.9,0.69,43.6,2782.7,0.16,369.2,126.5,495.7,19.62,0.0,0.0,19.62,20.56,0.0,0.0,20.56,0.0,0.0,0.0,5497.6,5497.6,0.0,0.0,0.0,0.0,0.0,231.0,0.0,0.0,0.0,0.0,0.0,0.0,0.0,5240.9,25.7,0.0
2050-01-31 11:00:00,2050-01-31 09:00:00,1736.8,3770.9,0.0,28.9,5536.7,1680.5,-2816.0,0.0,2816.0,0.0324,0.0454,battery,upv,0.0,0.0,0.0,0.0,0.0,0.0,0.0,0.0,0.0,0.0,0.0,0.0,0.0,0.0,0.0,0.0,0.0,0.0,140.0,2.6,0.26,16.5,1055.2,0.06,140.1,48.0,188.1,0.0,0.0,0.0,0.0,0.0,0.0,0.0,0.0,0.0,0.0,0.0,0.0,0.0,0.0,0.0,0.0,0.0,0.0,0.0,0.0,8352.7,8352.7,0.0,0.0,0.0,0.0,0.0,351.7,0.0,0.0,0.0,0.0,0.0,0.0,0.0,7980.9,20.1,0.0
2050-01-31 12:00:00,2050-01-31 10:00:00,1631.6,4019.6,0.0,28.9,5680.0,1579.9,-2816.0,0.0,2816.0,0.0317,0.0427,upv,upv,0.0,0.0,0.0,0.0,0.0,0.0,0.0,0.0,0.0,0.0,0.0,0.0,0.0,0.0,0.0,0.0,0.0,0.0,139.9,2.6,0.26,16.5,1054.8,0.06,140.1,48.0,188.0,0.0,0.0,0.0,0.0,0.0,0.0,0.0,0.0,0.0,0.0,0.0,0.0,0.0,0.0,0.0,0.0,0.0,22.2,450.4,472.5,8496.1,8496.1,0.0,0.0,0.0,0.0,0.0,0.0,0.0,0.0,0.0,0.0,0.0,0.0,0.0,8496.1,0.0,0.0
2050-01-31 13:00:00,2050-01-31 11:00:00,1569.5,4019.6,0.0,28.9,5617.9,1520.4,-2816.0,0.0,2816.0,0.0313,0.041,upv,upv,0.0,0.0,0.0,0.0,0.0,0.0,0.0,0.0,0.0,0.0,0.0,0.0,0.0,0.0,0.0,0.0,0.0,0.0,147.2,2.8,0.28,17.4,1109.5,0.06,147.3,50.5,197.8,0.0,0.0,0.0,0.0,0.0,0.0,0.0,0.0,0.0,0.0,0.0,0.0,0.0,0.0,0.0,0.0,0.0,0.0,187.9,187.9,8433.9,8433.9,0.0,0.0,0.0,0.0,0.0,362.0,0.0,0.0,0.0,0.0,0.0,0.0,0.0,8025.6,46.4,0.0
2050-01-31 14:00:00,2050-01-31 12:00:00,1556.8,3807.2,0.0,28.9,5392.9,1508.3,-2816.0,0.0,2816.0,0.0312,0.0407,battery,upv,0.0,0.0,0.0,0.0,0.0,0.0,0.0,0.0,0.0,0.0,0.0,0.0,0.0,0.0,0.0,0.0,0.0,0.0,143.7,2.7,0.27,17.0,1083.4,0.06,143.9,49.3,193.1,0.0,0.0,0.0,0.0,0.0,0.0,0.0,0.0,0.0,0.0,0.0,0.0,0.0,0.0,0.0,0.0,0.0,0.0,358.0,358.0,8209.0,8209.0,0.0,0.0,0.0,0.0,0.0,0.0,0.0,0.0,0.0,0.0,0.0,0.0,0.0,8123.0,85.9,0.0
2050-01-31 15:00:00,2050-01-31 13:00:00,1549.5,3564.0,0.0,28.9,5142.4,1501.2,-2816.0,0.0,2816.0,0.0311,0.0405,upv,upv,0.0,0.0,0.0,0.0,0.0,0.0,0.0,0.0,0.0,0.0,0.0,0.0,0.0,0.0,0.0,0.0,0.0,0.0,139.8,2.6,0.26,16.5,1054.3,0.06,140.0,48.0,187.9,0.0,0.0,0.0,0.0,0.0,0.0,0.0,0.0,0.0,0.0,0.0,0.0,0.0,0.0,0.0,0.0,0.0,107.0,832.9,939.9,7958.4,7958.4,0.0,0.0,0.0,0.0,0.0,0.0,0.0,0.0,0.0,0.0,0.0,0.0,0.0,7958.4,0.0,0.0
2050-01-31 16:00:00,2050-01-31 14:00:00,1533.7,3080.0,0.0,28.9,4642.5,1486.1,-2816.0,0.0,2816.0,0.031,0.0401,upv,upv,0.0,0.0,0.0,0.0,0.0,0.0,0.0,0.0,0.0,0.0,0.0,0.0,0.0,0.0,0.0,0.0,0.0,0.0,140.3,2.6,0.27,16.6,1058.0,0.06,140.5,48.1,188.6,0.0,0.0,0.0,0.0,0.0,0.0,0.0,0.0,0.0,0.0,0.0,0.0,0.0,0.0,0.0,0.0,0.0,152.8,1690.4,1843.2,7458.5,7458.5,0.0,0.0,0.0,0.0,0.0,0.0,0.0,0.0,0.0,0.0,0.0,0.0,0.0,7458.5,0.0,0.0
2050-01-31 17:00:00,2050-01-31 15:00:00,1580.0,2431.9,0.0,28.9,4040.8,1530.5,-2816.0,0.0,2816.0,0.0313,0.0413,upv,upv,0.0,0.0,0.0,0.0,0.0,0.0,0.0,0.0,0.0,0.0,0.0,0.0,0.0,0.0,0.0,0.0,0.0,0.0,141.2,2.7,0.27,16.7,1064.6,0.06,141.4,48.4,189.8,0.0,0.0,0.0,0.0,0.0,0.0,0.0,0.0,0.0,0.0,0.0,0.0,0.0,0.0,0.0,0.0,0.0,147.6,1921.2,2068.9,6856.8,6856.8,0.0,0.0,0.0,0.0,0.0,0.0,0.0,0.0,0.0,0.0,0.0,0.0,0.0,6856.8,0.0,0.0
2050-01-31 18:00:00,2050-01-31 16:00:00,1644.2,248.8,0.0,28.9,1921.9,1592.0,-2816.0,0.0,2816.0,0.0318,0.043,battery,gas-cc,0.0,0.0,0.0,0.0,0.0,0.0,0.0,0.0,0.0,0.0,0.0,0.0,0.0,0.0,0.0,0.0,0.0,0.0,140.4,2.7,0.27,16.6,1058.8,0.06,140.6,48.2,188.8,340.8,6.4,0.64,40.3,2571.8,0.15,341.2,116.9,458.1,27.87,0.0,0.0,27.87,29.12,0.0,0.0,29.12,0.0,0.0,0.0,4737.9,4737.9,0.0,0.0,0.0,0.0,0.0,194.5,0.0,0.0,0.0,0.0,0.0,0.0,0.0,4413.7,129.7,0.0
2050-01-31 19:00:00,2050-01-31 17:00:00,1765.3,0.0,0.0,0.0,1765.3,1707.7,1668.6,0.0,0.0,0.0326,0.0462,battery,gas-cc,0.0,0.0,0.0,0.0,0.0,0.0,0.0,0.0,0.0,0.0,0.0,0.0,0.0,0.0,0.0,0.0,0.0,0.0,160.9,3.0,0.3,19.0,1213.3,0.07,161.1,55.2,216.3,458.9,8.6,0.86,54.2,3463.2,0.2,459.4,157.5,616.9,36.21,0.0,0.0,36.21,37.97,0.0,0.0,37.97,0.0,0.0,0.0,1765.3,96.7,1668.6,0.0,0.0,0.0,0.0,0.0,0.0,0.0,0.0,0.0,0.0,0.0,0.0,0.0,96.7,0.0
2050-01-31 20:00:00,2050-01-31 18:00:00,1928.4,0.0,0.0,3.1,1931.5,1862.9,1866.4,0.0,471.5,0.034,0.0504,battery,gas-cc,0.0,0.0,0.0,0.0,0.0,0.0,0.0,0.0,0.0,0.0,0.0,0.0,0.0,0.0,0.0,0.0,0.0,0.0,155.9,2.9,0.3,18.4,1175.2,0.07,156.0,53.5,209.5,461.0,8.7,0.87,54.5,3478.7,0.2,461.5,158.2,619.7,36.21,0.0,0.0,36.21,38.14,0.0,0.0,38.14,0.0,0.0,0.0,2403.0,65.1,2337.9,0.0,0.0,0.0,0.0,0.0,0.0,0.0,0.0,0.0,0.0,0.0,0.0,0.0,65.1,0.0
2050-01-31 21:00:00,2050-01-31 19:00:00,1935.8,0.0,0.0,4.7,1940.5,1869.9,1906.7,0.0,720.0,0.034,0.0506,battery,gas-cc,0.0,0.0,0.0,0.0,0.0,0.0,0.0,0.0,0.0,0.0,0.0,0.0,0.0,0.0,0.0,0.0,0.0,0.0,155.7,2.9,0.29,18.4,1174.1,0.07,155.9,53.4,209.3,461.1,8.7,0.87,54.5,3479.4,0.2,461.6,158.2,619.8,36.21,0.0,0.0,36.21,38.14,0.0,0.0,38.14,0.0,0.0,0.0,2660.5,33.8,2626.7,0.0,0.0,0.0,0.0,0.0,0.0,0.0,0.0,0.0,0.0,0.0,0.0,0.0,33.8,0.0
2050-01-31 22:00:00,2050-01-31 20:00:00,1848.4,0.0,0.0,0.0,1848.4,1786.9,1835.1,0.0,0.0,0.0333,0.0483,battery,gas-cc,0.0,0.0,0.0,0.0,0.0,0.0,0.0,0.0,0.0,0.0,0.0,0.0,0.0,0.0,0.0,0.0,0.0,0.0,155.6,2.9,0.29,18.4,1173.4,0.07,155.8,53.4,209.2,460.0,8.7,0.87,54.3,3471.1,0.2,460.5,157.8,618.3,36.21,0.0,0.0,36.21,38.05,0.0,0.0,38.05,0.0,0.0,0.0,1848.4,13.3,1835.1,0.0,0.0,0.0,0.0,0.0,0.0,0.0,0.0,0.0,0.0,0.0,0.0,0.0,13.3,0.0
2050-01-31 23:00:00,2050-01-31 21:00:00,1750.5,0.0,0.0,0.0,1750.5,1693.6,1746.6,0.0,0.0,0.0325,0.0458,battery,gas-cc,0.0,0.0,0.0,0.0,0.0,0.0,0.0,0.0,0.0,0.0,0.0,0.0,0.0,0.0,0.0,0.0,0.0,0.0,155.7,2.9,0.29,18.4,1173.9,0.07,155.9,53.4,209.3,458.7,8.6,0.86,54.2,3461.8,0.2,459.2,157.4,616.6,36.21,0.0,0.0,36.21,37.95,0.0,0.0,37.95,0.0,0.0,0.0,1750.5,3.9,1746.6,0.0,0.0,0.0,0.0,0.0,0.0,0.0,0.0,0.0,0.0,0.0,0.0,0.0,3.9,0.0
2050-02-01 00:00:00,2050-01-31 22:00:00,1628.4,0.0,0.0,6.6,1635.0,1576.9,1634.7,422.6,0.0,0.0316,0.0426,battery,gas-cc,0.0,0.0,0.0,0.0,0.0,0.0,0.0,0.0,0.0,0.0,0.0,0.0,0.0,0.0,0.0,0.0,0.0,0.0,149.0,2.8,0.28,17.6,1122.5,0.07,149.1,51.1,200.2,403.4,7.6,0.76,47.7,3044.4,0.17,403.9,138.4,542.3,35.31,0.0,0.0,35.31,36.88,0.0,0.0,36.88,0.0,0.0,0.0,1212.4,0.2,1212.2,0.0,0.0,0.0,0.0,0.0,0.0,0.0,0.0,0.0,0.0,0.0,0.0,0.0,0.2,0.0
2050-02-01 01:00:00,2050-01-31 23:00:00,1487.4,0.0,0.0,6.9,1494.3,1441.6,1494.2,445.3,0.0,0.0308,0.0389,battery,gas-cc,0.0,0.0,0.0,0.0,0.0,0.0,0.0,0.0,0.0,0.0,0.0,0.0,0.0,0.0,0.0,0.0,0.0,0.0,146.1,2.8,0.28,17.3,1100.9,0.06,146.3,50.1,196.4,401.9,7.6,0.76,47.5,3032.7,0.17,402.3,137.9,540.2,35.31,0.0,0.0,35.31,36.74,0.0,0.0,36.74,0.0,0.0,0.0,1049.0,0.0,1048.9,0.0,0.0,0.0,0.0,0.0,0.0,0.0,0.0,0.0,0.0,0.0,0.0,0.0,0.0,0.0
2050-02-01 02:00:00,2050-02-01 00:00:00,1361.1,0.0,0.0,6.4,1367.4,1320.0,1366.9,412.0,0.0,0.0302,0.0356,battery,gas-cc,0.0,0.0,0.0,0.0,0.0,0.0,0.0,0.0,0.0,0.0,0.0,0.0,0.0,0.0,0.0,0.0,0.0,0.0,145.7,2.8,0.28,17.2,1097.8,0.06,145.9,49.9,195.8,400.5,7.5,0.75,47.3,3022.3,0.17,400.9,137.4,538.4,35.31,0.0,0.0,35.31,36.62,0.0,0.0,36.62,0.0,0.0,0.0,955.5,0.6,954.9,0.0,0.0,0.0,0.0,0.0,0.0,0.0,0.0,0.0,0.0,0.0,0.0,0.0,0.6,0.0
2050-02-01 03:00:00,2050-02-01 01:00:00,1286.3,0.0,0.0,6.9,1293.2,1247.8,1292.8,445.3,0.0,0.0299,0.0336,battery,gas-cc,0.0,0.0,0.0,0.0,0.0,0.0,0.0,0.0,0.0,0.0,0.0,0.0,0.0,0.0,0.0,0.0,0.0,0.0,246.0,4.6,0.46,29.1,1855.4,0.11,246.2,84.4,330.6,400.4,7.5,0.75,47.3,3021.8,0.17,400.9,137.4,538.3,35.31,0.0,0.0,35.31,36.54,0.0,0.0,36.54,0.0,0.0,0.0,847.9,0.4,847.5,0.0,0.0,0.0,0.0,0.0,0.0,0.0,0.0,0.0,0.0,0.0,0.0,0.0,0.4,0.0
2050-02-01 04:00:00,2050-02-01 02:00:00,1245.3,0.0,0.0,3.8,1249.1,1208.1,1246.6,247.5,0.0,0.0298,0.0326,battery,gas-cc,0.0,0.0,0.0,0.0,0.0,0.0,0.0,0.0,0.0,0.0,0.0,0.0,0.0,0.0,0.0,0.0,0.0,0.0,147.6,2.8,0.28,17.4,1112.5,0.06,147.8,50.6,198.4,400.0,7.5,0.75,47.3,3018.4,0.17,400.4,137.2,537.7,35.31,0.0,0.0,35.31,36.5,0.0,0.0,36.5,0.0,0.0,0.0,1001.6,2.5,999.1,0.0,0.0,0.0,0.0,0.0,0.0,0.0,0.0,0.0,0.0,0.0,0.0,0.0,2.5,0.0
2050-02-01 05:00:00,2050-02-01 03:00:00,1231.6,0.0,0.0,3.6,1235.2,1194.9,1230.5,235.0,0.0,0.0298,0.0322,battery,gas-cc,0.0,0.0,0.0,0.0,0.0,0.0,0.0,0.0,0.0,0.0,0.0,0.0,0.0,0.0,0.0,0.0,0.0,0.0,145.2,2.7,0.28,17.2,1093.9,0.06,145.3,49.8,195.1,399.8,7.5,0.75,47.2,3017.3,0.17,400.3,137.2,537.5,35.31,0.0,0.0,35.31,36.49,0.0,0.0,36.49,0.0,0.0,0.0,1000.2,4.7,995.5,0.0,0.0,0.0,0.0,0.0,0.0,0.0,0.0,0.0,0.0,0.0,0.0,0.0,4.7,0.0
2050-02-01 06:00:00,2050-02-01 04:00:00,1247.4,0.0,0.0,0.9,1248.2,1210.2,1240.2,55.5,0.0,0.0298,0.0326,battery,gas-cc,0.0,0.0,0.0,0.0,0.0,0.0,0.0,0.0,0.0,0.0,0.0,0.0,0.0,0.0,0.0,0.0,0.0,0.0,145.4,2.7,0.28,17.2,1095.9,0.06,145.6,49.9,195.5,400.0,7.5,0.75,47.3,3018.6,0.17,400.4,137.3,537.7,35.31,0.0,0.0,35.31,36.5,0.0,0.0,36.5,0.0,0.0,0.0,1192.8,8.0,1184.8,0.0,0.0,0.0,0.0,0.0,0.0,0.0,0.0,0.0,0.0,0.0,0.0,0.0,8.0,0.0
2050-02-01 07:00:00,2050-02-01 05:00:00,1334.7,0.0,0.0,6.9,1341.6,1294.6,1327.0,445.3,0.0,0.0301,0.0349,battery,gas-cc,0.0,0.0,0.0,0.0,0.0,0.0,0.0,0.0,0.0,0.0,0.0,0.0,0.0,0.0,0.0,0.0,0.0,0.0,148.2,2.8,0.28,17.5,1116.6,0.06,148.4,50.8,199.2,401.0,7.6,0.76,47.4,3025.7,0.17,401.4,137.6,539.0,35.31,0.0,0.0,35.31,36.59,0.0,0.0,36.59,0.0,0.0,0.0,896.3,14.7,881.7,0.0,0.0,0.0,0.0,0.0,0.0,0.0,0.0,0.0,0.0,0.0,0.0,0.0,14.7,0.0
2050-02-01 08:00:00,2050-02-01 06:00:00,1505.3,0.0,0.0,6.9,1512.2,1458.8,1488.1,445.3,0.0,0.0309,0.0394,battery,gas-cc,0.0,0.0,0.0,0.0,0.0,0.0,0.0,0.0,0.0,0.0,0.0,0.0,0.0,0.0,0.0,0.0,0.0,0.0,145.0,2.7,0.28,17.1,1092.8,0.06,145.2,49.7,194.9,402.8,7.6,0.76,47.6,3039.8,0.17,403.3,138.2,541.5,35.31,0.0,0.0,35.31,36.76,0.0,0.0,36.76,0.0,0.0,0.0,1066.9,24.0,1042.8,0.0,0.0,0.0,0.0,0.0,0.0,0.0,0.0,0.0,0.0,0.0,0.0,0.0,24.0,0.0
2050-02-01 09:00:00,2050-02-01 07:00:00,1654.7,0.0,0.0,12.5,1667.2,1602.1,-1068.2,250.5,1318.7,0.0318,0.0433,hydro,gas-cc,0.0,0.0,0.0,0.0,0.0,0.0,0.0,0.0,0.0,0.0,0.0,0.0,0.0,0.0,0.0,0.0,0.0,0.0,160.4,3.0,0.3,19.0,1209.7,0.07,160.6,55.0,215.6,455.5,8.6,0.86,53.8,3437.2,0.2,456.0,156.3,612.3,31.59,0.0,0.0,31.59,33.02,0.0,0.0,33.02,0.0,0.0,0.0,2735.4,2735.4,0.0,0.0,0.0,0.0,0.0,113.5,0.0,0.0,0.0,0.0,0.0,0.0,0.0,2576.8,45.0,0.0
2050-02-01 10:00:00,2050-02-01 08:00:00,1750.5,3905.4,0.0,28.9,5684.8,1693.6,-2816.0,0.0,2816.0,0.0325,0.0458,battery,upv,0.0,0.0,0.0,0.0,0.0,0.0,0.0,0.0,0.0,0.0,0.0,0.0,0.0,0.0,0.0,0.0,0.0,0.0,140.0,2.6,0.27,16.5,1055.7,0.06,140.2,48.0,188.2,0.0,0.0,0.0,0.0,0.0,0.0,0.0,0.0,0.0,0.0,0.0,0.0,0.0,0.0,0.0,0.0,0.0,0.0,0.0,0.0,8500.8,8500.8,0.0,0.0,0.0,0.0,0.0,356.7,0.0,0.0,0.0,0.0,0.0,0.0,0.0,8097.2,46.9,0.0
2050-02-01 11:00:00,2050-02-01 09:00:00,1711.6,3962.4,0.0,28.9,5702.9,1656.4,-2816.0,0.0,2816.0,0.0322,0.0448,upv,upv,0.0,0.0,0.0,0.0,0.0,0.0,0.0,0.0,0.0,0.0,0.0,0.0,0.0,0.0,0.0,0.0,0.0,0.0,150.1,2.8,0.28,17.7,1132.0,0.07,150.3,51.5,201.8,0.0,0.0,0.0,0.0,0.0,0.0,0.0,0.0,0.0,0.0,0.0,0.0,0.0,0.0,0.0,0.0,0.0,37.1,582.7,619.8,8518.9,8518.9,0.0,0.0,0.0,0.0,0.0,0.0,0.0,0.0,0.0,0.0,0.0,0.0,0.0,8518.9,0.0,0.0
2050-02-01 12:00:00,2050-02-01 10:00:00,1626.3,4019.6,0.0,28.9,5674.8,1574.9,-2816.0,0.0,2816.0,0.0316,0.0425,upv,upv,0.0,0.0,0.0,0.0,0.0,0.0,0.0,0.0,0.0,0.0,0.0,0.0,0.0,0.0,0.0,0.0,0.0,0.0,139.9,2.6,0.26,16.5,1054.7,0.06,140.1,48.0,188.0,0.0,0.0,0.0,0.0,0.0,0.0,0.0,0.0,0.0,0.0,0.0,0.0,0.0,0.0,0.0,0.0,0.0,0.0,250.1,250.1,8490.8,8490.8,0.0,0.0,0.0,0.0,0.0,367.4,0.0,0.0,0.0,0.0,0.0,0.0,0.0,8086.2,37.3,0.0
2050-02-01 13:00:00,2050-02-01 11:00:00,1538.9,4001.6,0.0,28.9,5569.4,1491.1,-2816.0,0.0,2816.0,0.0311,0.0402,battery,upv,0.0,0.0,0.0,0.0,0.0,0.0,0.0,0.0,0.0,0.0,0.0,0.0,0.0,0.0,0.0,0.0,0.0,0.0,139.8,2.6,0.26,16.5,1054.1,0.06,140.0,48.0,187.9,0.0,0.0,0.0,0.0,0.0,0.0,0.0,0.0,0.0,0.0,0.0,0.0,0.0,0.0,0.0,0.0,0.0,0.0,0.0,0.0,8385.4,8385.4,0.0,0.0,0.0,0.0,0.0,352.6,0.0,0.0,0.0,0.0,0.0,0.0,0.0,8000.3,32.6,0.0
2050-02-01 14:00:00,2050-02-01 12:00:00,1515.8,3550.9,0.0,28.9,5095.5,1468.9,-2816.0,0.0,2816.0,0.0309,0.0396,battery,upv,0.0,0.0,0.0,0.0,0.0,0.0,0.0,0.0,0.0,0.0,0.0,0.0,0.0,0.0,0.0,0.0,0.0,0.0,139.8,2.6,0.26,16.5,1054.0,0.06,140.0,47.9,187.9,0.0,0.0,0.0,0.0,0.0,0.0,0.0,0.0,0.0,0.0,0.0,0.0,0.0,0.0,0.0,0.0,0.0,0.0,0.0,0.0,7911.5,7911.5,0.0,0.0,0.0,0.0,0.0,332.9,0.0,0.0,0.0,0.0,0.0,0.0,0.0,7554.4,24.3,0.0
2050-02-01 15:00:00,2050-02-01 13:00:00,1521.1,2821.5,0.0,28.9,4371.5,1473.9,-2816.0,0.0,2816.0,0.031,0.0398,upv,upv,0.0,0.0,0.0,0.0,0.0,0.0,0.0,0.0,0.0,0.0,0.0,0.0,0.0,0.0,0.0,0.0,0.0,0.0,149.0,2.8,0.28,17.6,1123.5,0.06,149.2,51.1,200.3,0.0,0.0,0.0,0.0,0.0,0.0,0.0,0.0,0.0,0.0,0.0,0.0,0.0,0.0,0.0,0.0,0.0,13.7,254.5,268.2,7187.5,7187.5,0.0,0.0,0.0,0.0,0.0,314.2,0.0,0.0,0.0,0.0,0.0,0.0,0.0,6873.3,0.0,0.0
2050-02-01 16:00:00,2050-02-01 14:00:00,1521.1,2431.9,0.0,28.9,3981.8,1473.9,-2816.0,0.0,2816.0,0.031,0.0398,distpv,distpv,0.0,0.0,0.0,0.0,0.0,0.0,0.0,0.0,0.0,0.0,0.0,0.0,0.0,0.0,0.0,0.0,0.0,0.0,139.8,2.6,0.26,16.5,1054.0,0.06,140.0,47.9,187.9,0.0,0.0,0.0,0.0,0.0,0.0,0.0,0.0,0.0,0.0,0.0,0.0,0.0,0.0,0.0,0.0,0.0,10.4,36.9,47.3,6797.8,6797.8,0.0,0.0,0.0,0.0,0.0,251.6,0.0,0.0,0.0,0.0,0.0,0.0,0.0,6546.2,0.0,0.0
2050-02-01 17:00:00,2050-02-01 15:00:00,1556.8,2431.9,0.0,19.8,4008.6,1508.3,-1913.1,0.0,1913.1,0.0312,0.0407,battery,gas-cc,0.0,0.0,0.0,0.0,0.0,0.0,0.0,0.0,0.0,0.0,0.0,0.0,0.0,0.0,0.0,0.0,0.0,0.0,152.3,2.9,0.29,18.0,1148.6,0.07,152.5,52.2,204.7,384.4,7.2,0.72,45.4,2900.9,0.17,384.8,131.9,516.7,23.55,0.0,0.0,23.55,24.55,0.0,0.0,24.55,0.0,0.0,0.0,5921.7,5921.7,0.0,0.0,0.0,0.0,0.0,249.4,0.0,0.0,0.0,0.0,0.0,0.0,0.0,5660.9,11.4,0.0
2050-02-01 18:00:00,2050-02-01 16:00:00,1615.8,0.0,0.0,20.0,1635.8,1564.8,-1446.7,0.0,1446.7,0.0316,0.0423,hydro,gas-cc,0.0,0.0,0.0,0.0,0.0,0.0,0.0,0.0,0.0,0.0,0.0,0.0,0.0,0.0,0.0,0.0,0.0,0.0,140.0,2.6,0.27,16.5,1055.6,0.06,140.2,48.0,188.2,405.4,7.6,0.76,47.9,3059.2,0.18,405.8,139.1,544.9,34.44,0.0,0.0,34.44,35.96,0.0,0.0,35.96,0.0,0.0,0.0,3082.5,3082.5,0.0,0.0,0.0,0.0,0.0,128.7,0.0,0.0,0.0,0.0,0.0,0.0,0.0,2922.5,31.2,0.0
2050-02-01 19:00:00,2050-02-01 17:00:00,1718.9,0.0,0.0,12.0,1731.0,1663.5,1660.5,0.0,777.2,0.0323,0.045,battery,gas-cc,0.0,0.0,0.0,0.0,0.0,0.0,0.0,0.0,0.0,0.0,0.0,0.0,0.0,0.0,0.0,0.0,0.0,0.0,145.5,2.7,0.28,17.2,1096.6,0.06,145.7,49.9,195.6,405.2,7.6,0.76,47.9,3057.6,0.18,405.6,139.0,544.6,35.6,0.0,0.0,35.6,37.27,0.0,0.0,37.27,0.0,0.0,0.0,2508.2,70.5,2437.6,0.0,0.0,0.0,0.0,0.0,0.0,0.0,0.0,0.0,0.0,0.0,0.0,0.0,70.5,0.0
2050-02-01 20:00:00,2050-02-01 18:00:00,1891.6,0.0,0.0,12.3,1903.9,1827.9,1804.6,0.0,1066.7,0.0336,0.0495,battery,gas-cc,0.0,0.0,0.0,0.0,0.0,0.0,0.0,0.0,0.0,0.0,0.0,0.0,0.0,0.0,0.0,0.0,0.0,0.0,146.1,2.8,0.28,17.3,1101.0,0.06,146.3,50.1,196.4,460.5,8.7,0.87,54.4,3475.2,0.2,461.0,158.0,619.0,35.6,0.0,0.0,35.6,37.45,0.0,0.0,37.45,0.0,0.0,0.0,2970.6,99.2,2871.3,0.0,0.0,0.0,0.0,0.0,0.0,0.0,0.0,0.0,0.0,0.0,0.0,0.0,99.2,0.0
2050-02-01 21:00:00,2050-02-01 19:00:00,1909.5,0.0,0.0,19.0,1928.5,1844.9,1850.6,0.0,2169.0,0.0338,0.0499,battery,gas-cc,0.0,0.0,0.0,0.0,0.0,0.0,0.0,0.0,0.0,0.0,0.0,0.0,0.0,0.0,0.0,0.0,0.0,0.0,146.0,2.8,0.28,17.3,1100.4,0.06,146.2,50.1,196.3,460.8,8.7,0.87,54.4,3476.9,0.2,461.2,158.1,619.3,35.6,0.0,0.0,35.6,37.47,0.0,0.0,37.47,0.0,0.0,0.0,4097.5,77.9,4019.6,0.0,0.0,0.0,0.0,0.0,0.0,0.0,0.0,0.0,0.0,0.0,0.0,0.0,77.9,0.0
2050-02-01 22:00:00,2050-02-01 20:00:00,1827.4,0.0,0.0,6.7,1834.1,1766.8,1790.1,0.0,576.8,0.0331,0.0478,battery,gas-cc,0.0,0.0,0.0,0.0,0.0,0.0,0.0,0.0,0.0,0.0,0.0,0.0,0.0,0.0,0.0,0.0,0.0,0.0,145.2,2.7,0.28,17.2,1094.4,0.06,145.4,49.8,195.2,459.7,8.7,0.87,54.3,3469.1,0.2,460.2,157.7,617.9,35.6,0.0,0.0,35.6,37.38,0.0,0.0,37.38,0.0,0.0,0.0,2410.9,43.9,2367.0,0.0,0.0,0.0,0.0,0.0,0.0,0.0,0.0,0.0,0.0,0.0,0.0,0.0,43.9,0.0
2050-02-01 23:00:00,2050-02-01 21:00:00,1734.7,0.0,0.0,16.7,1751.5,1678.5,1719.6,0.0,1491.6,0.0324,0.0454,battery,gas-cc,0.0,0.0,0.0,0.0,0.0,0.0,0.0,0.0,0.0,0.0,0.0,0.0,0.0,0.0,0.0,0.0,0.0,0.0,146.0,2.8,0.28,17.3,1100.1,0.06,146.2,50.1,196.2,458.5,8.6,0.86,54.2,3460.3,0.2,459.0,157.3,616.4,35.6,0.0,0.0,35.6,37.29,0.0,0.0,37.29,0.0,0.0,0.0,3243.0,31.9,3211.2,0.0,0.0,0.0,0.0,0.0,0.0,0.0,0.0,0.0,0.0,0.0,0.0,0.0,31.9,0.0
2050-02-02 00:00:00,2050-02-01 22:00:00,1621.1,0.0,0.0,4.5,1625.5,1569.8,1592.4,0.0,689.1,0.0316,0.0424,battery,gas-cc,0.0,0.0,0.0,0.0,0.0,0.0,0.0,0.0,0.0,0.0,0.0,0.0,0.0,0.0,0.0,0.0,0.0,0.0,159.1,3.1,0.33,18.9,1171.6,0.08,159.3,53.8,213.1,514.8,9.7,0.97,60.8,3884.6,0.22,515.3,176.6,692.0,40.62,0.0,0.0,40.62,42.42,0.0,0.0,42.42,0.0,0.0,0.0,2314.7,33.1,2281.6,0.0,0.0,0.0,0.0,0.0,0.0,0.0,0.0,0.0,0.0,0.0,0.0,0.0,33.1,0.0
2050-02-02 01:00:00,2050-02-01 23:00:00,1487.4,0.0,0.0,0.7,1488.1,1441.6,1431.5,0.0,114.6,0.0308,0.0389,battery,gas-cc,0.0,0.0,0.0,0.0,0.0,0.0,0.0,0.0,0.0,0.0,0.0,0.0,0.0,0.0,0.0,0.0,0.0,0.0,146.1,2.8,0.28,17.3,1100.6,0.06,146.2,50.1,196.3,512.9,9.7,0.97,60.6,3870.5,0.22,513.5,176.0,689.4,40.62,0.0,0.0,40.62,42.26,0.0,0.0,42.26,0.0,0.0,0.0,1602.7,56.6,1546.1,0.0,0.0,0.0,0.0,0.0,0.0,0.0,0.0,0.0,0.0,0.0,0.0,0.0,56.6,0.0
2050-02-02 02:00:00,2050-02-02 00:00:00,1366.3,0.0,0.0,3.9,1370.2,1325.0,1297.8,252.7,0.0,0.0302,0.0357,battery,gas-cc,0.0,0.0,0.0,0.0,0.0,0.0,0.0,0.0,0.0,0.0,0.0,0.0,0.0,0.0,0.0,0.0,0.0,0.0,145.4,2.7,0.28,17.2,1095.8,0.06,145.6,49.9,195.4,511.2,9.6,0.96,60.4,3857.8,0.22,511.8,175.4,687.2,40.62,0.0,0.0,40.62,42.12,0.0,0.0,42.12,0.0,0.0,0.0,1117.6,72.5,1045.1,0.0,0.0,0.0,0.0,0.0,0.0,0.0,0.0,0.0,0.0,0.0,0.0,0.0,72.5,0.0
2050-02-02 03:00:00,2050-02-02 01:00:00,1288.4,0.0,0.0,6.9,1295.3,1249.9,1215.9,445.3,0.0,0.0299,0.0337,battery,gas-cc,0.0,0.0,0.0,0.0,0.0,0.0,0.0,0.0,0.0,0.2,0.0,0.0,0.0,1.6,0.0,0.2,0.1,0.3,143.3,2.7,0.27,16.9,1079.8,0.06,143.4,49.1,192.6,510.1,9.6,0.96,60.3,3849.6,0.22,510.7,175.0,685.7,40.62,0.0,0.0,40.62,42.03,0.0,0.0,42.03,0.0,0.0,0.0,850.0,79.4,770.6,0.0,0.0,0.0,0.0,0.0,0.0,0.0,0.0,0.0,0.0,0.0,0.0,0.0,79.4,0.0
2050-02-02 04:00:00,2050-02-02 02:00:00,1252.6,0.0,0.0,7.0,1259.6,1215.3,1172.7,452.8,0.0,0.0298,0.0328,battery,gas-cc,0.0,0.0,0.0,0.0,0.0,0.0,0.0,0.0,0.0,0.8,0.0,0.0,0.1,5.9,0.0,0.8,0.3,1.1,144.4,2.7,0.27,17.1,1088.1,0.06,144.5,49.5,194.0,509.7,9.6,0.96,60.2,3845.9,0.22,510.2,174.9,685.1,40.62,0.0,0.0,40.62,41.99,0.0,0.0,41.99,0.0,0.0,0.0,806.8,86.9,719.9,0.0,0.0,0.0,0.0,0.0,0.0,0.0,0.0,0.0,0.0,0.0,0.0,0.0,86.9,0.0
2050-02-02 05:00:00,2050-02-02 03:00:00,1224.2,0.0,0.0,10.0,1234.2,1187.8,1140.5,922.9,0.0,0.0298,0.032,hydro,gas-cc,0.0,0.0,0.0,0.0,0.0,0.0,0.0,0.0,0.0,12.0,0.2,0.02,2.6,93.7,0.03,12.0,5.4,17.5,144.9,2.7,0.27,17.1,1091.7,0.06,145.0,49.7,194.7,450.2,8.5,0.85,53.2,3397.2,0.2,450.7,154.5,605.1,40.62,0.0,0.0,40.62,41.96,0.0,0.0,41.96,0.0,0.0,0.0,311.3,93.7,217.6,0.0,0.0,0.0,0.0,0.0,0.0,0.0,0.0,0.0,0.0,0.0,0.0,0.0,93.7,0.0
2050-02-02 06:00:00,2050-02-02 04:00:00,1252.6,0.0,0.0,7.0,1259.6,1215.3,1157.0,459.3,0.0,0.0298,0.0328,gas-cc,gas-cc,0.0,0.0,0.0,0.0,0.0,0.0,0.0,0.0,0.0,0.4,0.0,0.0,0.1,2.9,0.0,0.4,0.2,0.5,147.9,2.9,0.3,17.5,1092.9,0.07,148.1,50.1,198.2,411.4,7.8,0.78,48.6,3104.7,0.18,411.9,141.2,553.0,40.62,0.0,0.0,40.62,41.99,0.0,0.0,41.99,0.0,0.0,0.0,800.3,102.6,697.7,0.0,0.0,0.0,0.0,0.0,0.0,0.0,0.0,0.0,0.0,0.0,0.0,0.0,102.6,0.0
2050-02-02 07:00:00,2050-02-02 05:00:00,1350.5,0.0,0.0,0.0,1350.5,1309.8,1259.1,0.0,0.0,0.0301,0.0353,battery,gas-cc,0.0,0.0,0.0,0.0,0.0,0.0,0.0,0.0,0.0,0.0,0.0,0.0,0.0,0.0,0.0,0.0,0.0,0.0,144.3,2.7,0.27,17.1,1087.5,0.06,144.5,49.5,193.9,511.0,9.6,0.96,60.4,3856.1,0.22,511.6,175.3,686.9,40.62,0.0,0.0,40.62,42.11,0.0,0.0,42.11,0.0,0.0,0.0,1350.5,91.5,1259.1,0.0,0.0,0.0,0.0,0.0,0.0,0.0,0.0,0.0,0.0,0.0,0.0,0.0,91.5,0.0
2050-02-02 08:00:00,2050-02-02 06:00:00,1535.8,0.0,0.0,10.2,1546.0,1488.1,1474.5,0.0,1572.6,0.0311,0.0402,battery,gas-cc,0.0,0.0,0.0,0.0,0.0,0.0,0.0,0.0,0.0,0.0,0.0,0.0,0.0,0.0,0.0,0.0,0.0,0.0,145.9,2.8,0.29,17.3,1083.6,0.07,146.1,49.6,195.6,513.6,9.7,0.97,60.7,3875.6,0.22,514.1,176.2,690.4,40.62,0.0,0.0,40.62,42.32,0.0,0.0,42.32,0.0,0.0,0.0,3118.7,71.5,3047.2,0.0,0.0,0.0,0.0,0.0,0.0,0.0,0.0,0.0,0.0,0.0,0.0,0.0,71.5,0.0
2050-02-02 09:00:00,2050-02-02 07:00:00,1685.3,0.0,0.0,8.1,1693.4,1631.3,-1253.6,0.0,1253.6,0.032,0.0441,hydro,gas-cc,0.0,0.0,0.0,0.0,0.0,0.0,0.0,0.0,0.0,0.0,0.0,0.0,0.0,0.0,0.0,0.0,0.0,0.0,142.1,2.7,0.27,16.8,1066.2,0.06,142.2,48.6,190.8,455.9,8.6,0.86,53.9,3440.0,0.2,456.4,156.4,612.8,35.19,0.0,0.0,35.19,36.81,0.0,0.0,36.81,0.0,0.0,0.0,2947.0,2947.0,0.0,0.0,0.0,0.0,0.0,122.1,0.0,0.0,0.0,0.0,0.0,0.0,0.0,2770.7,54.3,0.0
2050-02-02 10:00:00,2050-02-02 08:00:00,1786.3,2431.9,0.0,28.9,4247.1,1727.7,-2816.0,0.0,2816.0,0.0328,0.0467,upv,upv,0.0,0.0,0.0,0.0,0.0,0.0,0.0,0.0,0.0,0.0,0.0,0.0,0.0,0.0,0.0,0.0,0.0,0.0,149.7,2.8,0.28,17.7,1128.8,0.07,149.9,51.3,201.2,0.0,0.0,0.0,0.0,0.0,0.0,0.0,0.0,0.0,0.0,0.0,0.0,0.0,0.0,0.0,0.0,0.0,37.9,1647.2,1685.1,7063.1,7063.1,0.0,0.0,0.0,0.0,0.0,367.6,0.0,0.0,0.0,0.0,0.0,0.0,0.0,6695.5,0.0,0.0
2050-02-02 11:00:00,2050-02-02 09:00:00,1768.4,2461.0,0.0,28.9,4258.3,1710.7,-2816.0,0.0,2816.0,0.0327,0.0462,upv,upv,0.0,0.0,0.0,0.0,0.0,0.0,0.0,0.0,0.0,0.0,0.0,0.0,0.0,0.0,0.0,0.0,0.0,0.0,148.1,2.8,0.28,17.5,1116.5,0.06,148.2,50.8,199.0,0.0,0.0,0.0,0.0,0.0,0.0,0.0,0.0,0.0,0.0,0.0,0.0,0.0,0.0,0.0,0.0,0.0,51.3,2560.5,2611.8,7074.3,7074.3,0.0,0.0,0.0,0.0,0.0,406.7,0.0,0.0,0.0,0.0,0.0,0.0,0.0,6667.6,0.0,0.0
2050-02-02 12:00:00,2050-02-02 10:00:00,1670.5,3406.0,0.0,28.9,5105.4,1617.2,-2816.0,0.0,2816.0,0.0319,0.0437,upv,upv,0.0,0.0,0.0,0.0,0.0,0.0,0.0,0.0,0.0,0.0,0.0,0.0,0.0,0.0,0.0,0.0,0.0,0.0,140.0,2.6,0.26,16.5,1055.1,0.06,140.1,48.0,188.1,0.0,0.0,0.0,0.0,0.0,0.0,0.0,0.0,0.0,0.0,0.0,0.0,0.0,0.0,0.0,0.0,0.0,89.9,1430.0,1519.9,7921.4,7921.4,0.0,0.0,0.0,0.0,0.0,0.0,0.0,0.0,0.0,0.0,0.0,0.0,0.0,7921.4,0.0,0.0
2050-02-02 13:00:00,2050-02-02 11:00:00,1592.6,4019.6,0.0,24.0,5636.2,1542.6,-2502.0,0.0,2502.0,0.0314,0.0416,upv,upv,0.0,0.0,0.0,0.0,0.0,0.0,0.0,0.0,0.0,0.0,0.0,0.0,0.0,0.0,0.0,0.0,0.0,0.0,139.9,2.6,0.26,16.5,1054.5,0.06,140.0,48.0,188.0,0.0,0.0,0.0,0.0,0.0,0.0,0.0,0.0,0.0,0.0,0.0,0.0,0.0,0.0,0.0,0.0,0.0,0.0,994.3,994.3,8138.3,8138.3,0.0,0.0,0.0,0.0,0.0,378.6,0.0,0.0,0.0,0.0,0.0,0.0,0.0,7594.0,165.7,0.0
2050-02-02 14:00:00,2050-02-02 12:00:00,1556.8,4019.6,0.0,25.0,5601.4,1508.3,-2565.7,0.0,2565.7,0.0312,0.0407,upv,upv,0.0,0.0,0.0,0.0,0.0,0.0,0.0,0.0,0.0,0.0,0.0,0.0,0.0,0.0,0.0,0.0,0.0,0.0,139.8,2.6,0.26,16.5,1054.3,0.06,140.0,48.0,187.9,0.0,0.0,0.0,0.0,0.0,0.0,0.0,0.0,0.0,0.0,0.0,0.0,0.0,0.0,0.0,0.0,0.0,68.9,878.2,947.1,8167.1,8167.1,0.0,0.0,0.0,0.0,0.0,376.0,0.0,0.0,0.0,0.0,0.0,0.0,0.0,7651.9,139.2,0.0
2050-02-02 15:00:00,2050-02-02 13:00:00,1541.1,3045.5,0.0,28.9,4615.4,1493.1,-2816.0,0.0,2816.0,0.0311,0.0403,upv,upv,0.0,0.0,0.0,0.0,0.0,0.0,0.0,0.0,0.0,0.0,0.0,0.0,0.0,0.0,0.0,0.0,0.0,0.0,139.8,2.6,0.26,16.5,1054.2,0.06,140.0,48.0,187.9,0.0,0.0,0.0,0.0,0.0,0.0,0.0,0.0,0.0,0.0,0.0,0.0,0.0,0.0,0.0,0.0,0.0,236.8,1805.2,2041.9,7431.4,7431.4,0.0,0.0,0.0,0.0,0.0,389.8,0.0,0.0,0.0,0.0,0.0,0.0,0.0,7041.6,0.0,0.0
2050-02-02 16:00:00,2050-02-02 14:00:00,1528.4,3882.9,0.0,28.9,5440.2,1481.0,-2816.0,0.0,2816.0,0.031,0.04,upv,upv,0.0,0.0,0.0,0.0,0.0,0.0,0.0,0.0,0.0,0.0,0.0,0.0,0.0,0.0,0.0,0.0,0.0,0.0,139.8,2.6,0.26,16.5,1054.1,0.06,140.0,47.9,187.9,0.0,0.0,0.0,0.0,0.0,0.0,0.0,0.0,0.0,0.0,0.0,0.0,0.0,0.0,0.0,0.0,0.0,0.0,1684.4,1684.4,8256.2,8256.2,0.0,0.0,0.0,0.0,0.0,408.9,0.0,0.0,0.0,0.0,0.0,0.0,0.0,7595.4,251.9,0.0
2050-02-02 17:00:00,2050-02-02 15:00:00,1562.1,3858.7,0.0,28.9,5449.7,1513.3,-2816.0,0.0,2816.0,0.0312,0.0409,upv,upv,0.0,0.0,0.0,0.0,0.0,0.0,0.0,0.0,0.0,0.0,0.0,0.0,0.0,0.0,0.0,0.0,0.0,0.0,139.8,2.6,0.26,16.5,1054.3,0.06,140.0,48.0,188.0,0.0,0.0,0.0,0.0,0.0,0.0,0.0,0.0,0.0,0.0,0.0,0.0,0.0,0.0,0.0,0.0,0.0,261.7,1052.0,1313.7,8265.7,8265.7,0.0,0.0,0.0,0.0,0.0,393.4,0.0,0.0,0.0,0.0,0.0,0.0,0.0,7872.4,0.0,0.0
2050-02-02 18:00:00,2050-02-02 16:00:00,1628.4,2431.9,0.0,7.5,4067.8,1576.9,-1147.7,0.0,1147.7,0.0316,0.0426,battery,gas-cc,0.0,0.0,0.0,0.0,0.0,0.0,0.0,0.0,0.0,0.0,0.0,0.0,0.0,0.0,0.0,0.0,0.0,0.0,149.0,2.8,0.28,17.6,1123.0,0.06,149.1,51.1,200.2,355.3,6.7,0.67,42.0,2681.3,0.15,355.7,121.9,477.6,19.66,0.0,0.0,19.66,20.54,0.0,0.0,20.54,0.0,0.0,0.0,5215.5,5215.5,0.0,0.0,0.0,0.0,0.0,209.3,0.0,0.0,0.0,0.0,0.0,0.0,0.0,4749.7,256.5,0.0
2050-02-02 19:00:00,2050-02-02 17:00:00,1729.5,0.0,0.0,3.5,1733.0,1673.5,1500.9,0.0,541.4,0.0324,0.0452,battery,gas-cc,0.0,0.0,0.0,0.0,0.0,0.0,0.0,0.0,0.0,0.0,0.0,0.0,0.0,0.0,0.0,0.0,0.0,0.0,145.2,2.7,0.28,17.2,1094.2,0.06,145.4,49.8,195.1,360.8,6.8,0.68,42.6,2722.6,0.16,361.2,123.8,485.0,32.4,0.0,0.0,32.4,33.94,0.0,0.0,33.94,0.0,0.0,0.0,2274.4,232.1,2042.2,0.0,0.0,0.0,0.0,0.0,0.0,0.0,0.0,0.0,0.0,0.0,0.0,0.0,232.1,0.0
2050-02-02 20:00:00,2050-02-02 18:00:00,1886.3,0.0,0.0,5.0,1891.3,1822.9,1661.8,0.0,770.1,0.0336,0.0493,battery,gas-cc,0.0,0.0,0.0,0.0,0.0,0.0,0.0,0.0,0.0,0.0,0.0,0.0,0.0,0.0,0.0,0.0,0.0,0.0,145.4,2.8,0.28,17.2,1092.6,0.06,145.6,49.8,195.3,362.3,6.8,0.68,42.8,2734.3,0.16,362.7,124.3,487.1,32.4,0.0,0.0,32.4,34.08,0.0,0.0,34.08,0.0,0.0,0.0,2661.4,229.5,2431.9,0.0,0.0,0.0,0.0,0.0,0.0,0.0,0.0,0.0,0.0,0.0,0.0,0.0,229.5,0.0
2050-02-02 21:00:00,2050-02-02 19:00:00,1907.4,0.0,0.0,2.9,1910.3,1842.9,1723.1,0.0,450.2,0.0338,0.0499,battery,gas-cc,0.0,0.0,0.0,0.0,0.0,0.0,0.0,0.0,0.0,0.0,0.0,0.0,0.0,0.0,0.0,0.0,0.0,0.0,145.7,2.8,0.28,17.2,1098.0,0.06,145.9,50.0,195.8,366.9,6.9,0.69,43.3,2769.0,0.16,367.3,125.9,493.2,32.4,0.0,0.0,32.4,34.1,0.0,0.0,34.1,0.0,0.0,0.0,2360.5,187.2,2173.4,0.0,0.0,0.0,0.0,0.0,0.0,0.0,0.0,0.0,0.0,0.0,0.0,0.0,187.2,0.0
2050-02-02 22:00:00,2050-02-02 20:00:00,1832.6,0.0,0.0,0.0,1832.6,1771.9,1685.0,0.0,0.0,0.0332,0.0479,battery,gas-cc,0.0,0.0,0.0,0.0,0.0,0.0,0.0,0.0,0.0,0.0,0.0,0.0,0.0,0.0,0.0,0.0,0.0,0.0,138.7,2.6,0.26,16.4,1045.9,0.06,138.9,47.6,186.5,374.5,7.1,0.71,44.2,2826.0,0.16,374.9,128.5,503.4,32.4,0.0,0.0,32.4,34.03,0.0,0.0,34.03,0.0,0.0,0.0,1832.6,147.6,1685.0,0.0,0.0,0.0,0.0,0.0,0.0,0.0,0.0,0.0,0.0,0.0,0.0,0.0,147.6,0.0
2050-02-02 23:00:00,2050-02-02 21:00:00,1760.0,0.0,0.0,0.6,1760.6,1702.6,1663.5,0.0,90.0,0.0326,0.046,battery,gas-cc,0.0,0.0,0.0,0.0,0.0,0.0,0.0,0.0,0.0,0.0,0.0,0.0,0.0,0.0,0.0,0.0,0.0,0.0,144.5,2.7,0.27,17.1,1088.8,0.06,144.6,49.5,194.2,365.5,6.9,0.69,43.2,2757.8,0.16,365.8,125.4,491.2,32.4,0.0,0.0,32.4,33.97,0.0,0.0,33.97,0.0,0.0,0.0,1850.5,97.1,1753.4,0.0,0.0,0.0,0.0,0.0,0.0,0.0,0.0,0.0,0.0,0.0,0.0,0.0,97.1,0.0
2050-02-03 00:00:00,2050-02-02 22:00:00,1647.4,0.0,0.0,5.1,1652.5,1595.0,1598.0,0.0,789.7,0.0318,0.0431,battery,gas-cc,0.0,0.0,0.0,0.0,0.0,0.0,0.0,0.0,0.0,0.0,0.0,0.0,0.0,0.0,0.0,0.0,0.0,0.0,144.5,2.7,0.27,17.1,1088.6,0.06,144.6,49.5,194.1,382.5,7.2,0.72,45.2,2886.6,0.17,382.9,131.3,514.2,33.24,0.0,0.0,33.24,34.74,0.0,0.0,34.74,0.0,0.0,0.0,2442.2,54.5,2387.7,0.0,0.0,0.0,0.0,0.0,0.0,0.0,0.0,0.0,0.0,0.0,0.0,0.0,54.5,0.0
2050-02-03 01:00:00,2050-02-02 23:00:00,1510.5,0.0,0.0,2.0,1512.5,1463.8,1478.6,0.0,310.8,0.0309,0.0395,battery,gas-cc,0.0,0.0,0.0,0.0,0.0,0.0,0.0,0.0,0.0,0.0,0.0,0.0,0.0,0.0,0.0,0.0,0.0,0.0,144.7,2.7,0.27,17.1,1090.0,0.06,144.8,49.6,194.4,381.1,7.2,0.72,45.0,2875.8,0.17,381.5,130.8,512.3,33.24,0.0,0.0,33.24,34.61,0.0,0.0,34.61,0.0,0.0,0.0,1823.3,34.0,1789.4,0.0,0.0,0.0,0.0,0.0,0.0,0.0,0.0,0.0,0.0,0.0,0.0,0.0,34.0,0.0
2050-02-03 02:00:00,2050-02-03 00:00:00,1404.2,0.0,0.0,4.3,1408.5,1361.6,1379.9,0.0,666.2,0.0304,0.0367,gas-cc,gas-cc,0.0,0.0,0.0,0.0,0.0,0.0,0.0,0.0,0.0,0.0,0.0,0.0,0.0,0.0,0.0,0.0,0.0,0.0,144.8,2.7,0.27,17.1,1091.4,0.06,145.0,49.7,194.6,376.2,7.1,0.71,44.4,2839.0,0.16,376.6,129.1,505.7,33.24,0.0,0.0,33.24,34.51,0.0,0.0,34.51,0.0,0.0,0.0,2074.8,28.6,2046.2,0.0,0.0,0.0,0.0,0.0,0.0,0.0,0.0,0.0,0.0,0.0,0.0,0.0,28.6,0.0
2050-02-03 03:00:00,2050-02-03 01:00:00,1334.7,0.0,0.0,0.0,1334.7,1294.6,1319.5,0.0,0.0,0.0301,0.0349,battery,gas-cc,0.0,0.0,0.0,0.0,0.0,0.0,0.0,0.0,0.0,0.0,0.0,0.0,0.0,0.0,0.0,0.0,0.0,0.0,144.9,2.7,0.27,17.1,1092.2,0.06,145.1,49.7,194.8,374.2,7.1,0.71,44.2,2823.8,0.16,374.6,128.4,503.0,33.24,0.0,0.0,33.24,34.44,0.0,0.0,34.44,0.0,0.0,0.0,1334.7,15.3,1319.5,0.0,0.0,0.0,0.0,0.0,0.0,0.0,0.0,0.0,0.0,0.0,0.0,0.0,15.3,0.0
2050-02-03 04:00:00,2050-02-03 02:00:00,1293.7,0.0,0.0,0.0,1293.7,1254.9,1286.9,0.0,0.0,0.0299,0.0338,battery,gas-cc,0.0,0.0,0.0,0.0,0.0,0.0,0.0,0.0,0.0,0.0,0.0,0.0,0.0,0.0,0.0,0.0,0.0,0.0,145.1,2.7,0.28,17.2,1093.7,0.06,145.3,49.8,195.1,373.8,7.0,0.7,44.2,2820.7,0.16,374.2,128.3,502.4,33.24,0.0,0.0,33.24,34.4,0.0,0.0,34.4,0.0,0.0,0.0,1293.7,6.8,1286.9,0.0,0.0,0.0,0.0,0.0,0.0,0.0,0.0,0.0,0.0,0.0,0.0,0.0,6.8,0.0
2050-02-03 05:00:00,2050-02-03 03:00:00,1277.9,0.0,0.0,1.3,1279.2,1239.7,1276.7,0.0,201.0,0.0299,0.0334,battery,gas-cc,0.0,0.0,0.0,0.0,0.0,0.0,0.0,0.0,0.0,0.0,0.0,0.0,0.0,0.0,0.0,0.0,0.0,0.0,145.5,2.7,0.28,17.2,1096.3,0.06,145.7,49.9,195.5,378.7,7.1,0.71,44.7,2857.7,0.16,379.1,129.9,509.0,33.24,0.0,0.0,33.24,34.39,0.0,0.0,34.39,0.0,0.0,0.0,1480.2,2.5,1477.8,0.0,0.0,0.0,0.0,0.0,0.0,0.0,0.0,0.0,0.0,0.0,0.0,0.0,2.5,0.0
2050-02-03 06:00:00,2050-02-03 04:00:00,1296.8,0.0,0.0,2.5,1299.3,1258.0,1298.1,0.0,383.8,0.03,0.0339,battery,gas-cc,0.0,0.0,0.0,0.0,0.0,0.0,0.0,0.0,0.0,0.0,0.0,0.0,0.0,0.0,0.0,0.0,0.0,0.0,144.9,2.7,0.28,17.1,1091.5,0.06,145.0,49.7,194.7,378.9,7.1,0.71,44.8,2859.2,0.16,379.3,130.0,509.3,33.24,0.0,0.0,33.24,34.41,0.0,0.0,34.41,0.0,0.0,0.0,1683.1,1.2,1681.9,0.0,0.0,0.0,0.0,0.0,0.0,0.0,0.0,0.0,0.0,0.0,0.0,0.0,1.2,0.0
2050-02-03 07:00:00,2050-02-03 05:00:00,1394.7,0.0,0.0,0.0,1394.7,1352.4,1392.8,0.0,0.0,0.0303,0.0365,battery,gas-cc,0.0,0.0,0.0,0.0,0.0,0.0,0.0,0.0,0.0,0.0,0.0,0.0,0.0,0.0,0.0,0.0,0.0,0.0,144.9,2.7,0.27,17.1,1091.9,0.06,145.1,49.7,194.7,374.8,7.1,0.71,44.3,2828.4,0.16,375.2,128.6,503.8,33.24,0.0,0.0,33.24,34.5,0.0,0.0,34.5,0.0,0.0,0.0,1394.7,1.9,1392.8,0.0,0.0,0.0,0.0,0.0,0.0,0.0,0.0,0.0,0.0,0.0,0.0,0.0,1.9,0.0
2050-02-03 08:00:00,2050-02-03 06:00:00,1572.6,0.0,0.0,0.5,1573.2,1523.4,1571.0,0.0,84.4,0.0313,0.0411,battery,gas-cc,0.0,0.0,0.0,0.0,0.0,0.0,0.0,0.0,0.0,0.0,0.0,0.0,0.0,0.0,0.0,0.0,0.0,0.0,145.4,2.7,0.28,17.2,1095.9,0.06,145.6,49.9,195.5,377.9,7.1,0.71,44.6,2852.0,0.16,378.3,129.7,508.0,33.24,0.0,0.0,33.24,34.67,0.0,0.0,34.67,0.0,0.0,0.0,1657.6,2.2,1655.4,0.0,0.0,0.0,0.0,0.0,0.0,0.0,0.0,0.0,0.0,0.0,0.0,0.0,2.2,0.0
2050-02-03 09:00:00,2050-02-03 07:00:00,1722.1,0.0,0.0,3.6,1725.7,1666.5,-548.8,0.0,548.8,0.0323,0.045,battery,gas-cc,0.0,0.0,0.0,0.0,0.0,0.0,0.0,0.0,0.0,0.0,0.0,0.0,0.0,0.0,0.0,0.0,0.0,0.0,140.0,2.6,0.26,16.5,1055.5,0.06,140.2,48.0,188.2,418.6,7.9,0.79,49.4,3158.6,0.18,419.0,143.6,562.6,29.84,0.0,0.0,29.84,31.25,0.0,0.0,31.25,0.0,0.0,0.0,2274.5,2274.5,0.0,0.0,0.0,0.0,0.0,95.9,0.0,0.0,0.0,0.0,0.0,0.0,0.0,2176.2,2.4,0.0
2050-02-03 10:00:00,2050-02-03 08:00:00,1840.0,2626.7,0.0,28.9,4495.6,1778.9,-2816.0,0.0,2816.0,0.0332,0.0481,upv,upv,0.0,0.0,0.0,0.0,0.0,0.0,0.0,0.0,0.0,0.0,0.0,0.0,0.0,0.0,0.0,0.0,0.0,0.0,140.9,2.7,0.27,16.6,1062.1,0.06,141.0,48.3,189.4,0.0,0.0,0.0,0.0,0.0,0.0,0.0,0.0,0.0,0.0,0.0,0.0,0.0,0.0,0.0,0.0,0.0,2.8,56.1,58.8,7311.6,7311.6,0.0,0.0,0.0,0.0,0.0,310.9,0.0,0.0,0.0,0.0,0.0,0.0,0.0,7000.7,0.0,0.0
2050-02-03 11:00:00,2050-02-03 09:00:00,1796.8,3986.6,0.0,28.9,5812.4,1737.8,-2816.0,0.0,2816.0,0.0329,0.047,upv,upv,0.0,0.0,0.0,0.0,0.0,0.0,0.0,0.0,0.0,0.0,0.0,0.0,0.0,0.0,0.0,0.0,0.0,0.0,140.2,2.6,0.27,16.6,1056.6,0.06,140.3,48.1,188.4,0.0,0.0,0.0,0.0,0.0,0.0,0.0,0.0,0.0,0.0,0.0,0.0,0.0,0.0,0.0,0.0,0.0,2.1,520.6,522.7,8628.4,8628.4,0.0,0.0,0.0,0.0,0.0,0.0,0.0,0.0,0.0,0.0,0.0,0.0,0.0,8628.4,0.0,0.0
2050-02-03 12:00:00,2050-02-03 10:00:00,1698.9,3725.9,0.0,28.9,5453.8,1644.3,-2816.0,0.0,2816.0,0.0321,0.0444,upv,upv,0.0,0.0,0.0,0.0,0.0,0.0,0.0,0.0,0.0,0.0,0.0,0.0,0.0,0.0,0.0,0.0,0.0,0.0,140.0,2.6,0.26,16.5,1055.3,0.06,140.1,48.0,188.1,0.0,0.0,0.0,0.0,0.0,0.0,0.0,0.0,0.0,0.0,0.0,0.0,0.0,0.0,0.0,0.0,0.0,0.8,737.3,738.2,8269.8,8269.8,0.0,0.0,0.0,0.0,0.0,380.0,0.0,0.0,0.0,0.0,0.0,0.0,0.0,7889.8,0.0,0.0
2050-02-03 13:00:00,2050-02-03 11:00:00,1603.2,4019.6,0.0,28.9,5651.6,1552.7,-2816.0,0.0,2816.0,0.0315,0.0419,distpv,distpv,0.0,0.0,0.0,0.0,0.0,0.0,0.0,0.0,0.0,0.0,0.0,0.0,0.0,0.0,0.0,0.0,0.0,0.0,140.9,2.7,0.27,16.7,1059.3,0.06,141.0,48.2,189.3,0.0,0.0,0.0,0.0,0.0,0.0,0.0,0.0,0.0,0.0,0.0,0.0,0.0,0.0,0.0,0.0,0.0,0.0,148.2,148.2,8467.6,8467.6,0.0,0.0,0.0,0.0,0.0,215.4,0.0,0.0,0.0,0.0,0.0,0.0,0.0,8252.3,0.0,0.0
2050-02-03 14:00:00,2050-02-03 12:00:00,1564.2,3819.8,0.0,28.9,5412.9,1515.4,-2816.0,0.0,2816.0,0.0312,0.0409,upv,upv,0.0,0.0,0.0,0.0,0.0,0.0,0.0,0.0,0.0,0.0,0.0,0.0,0.0,0.0,0.0,0.0,0.0,0.0,139.8,2.6,0.26,16.5,1054.3,0.06,140.0,48.0,188.0,0.0,0.0,0.0,0.0,0.0,0.0,0.0,0.0,0.0,0.0,0.0,0.0,0.0,0.0,0.0,0.0,0.0,2.2,366.6,368.9,8228.9,8228.9,0.0,0.0,0.0,0.0,0.0,362.7,0.0,0.0,0.0,0.0,0.0,0.0,0.0,7866.2,0.0,0.0
2050-02-03 15:00:00,2050-02-03 13:00:00,1541.1,3211.2,0.0,28.9,4781.1,1493.1,-2816.0,0.0,2816.0,0.0311,0.0403,upv,upv,0.0,0.0,0.0,0.0,0.0,0.0,0.0,0.0,0.0,0.0,0.0,0.0,0.0,0.0,0.0,0.0,0.0,0.0,139.9,2.6,0.26,16.5,1054.6,0.06,140.0,48.0,188.0,0.0,0.0,0.0,0.0,0.0,0.0,0.0,0.0,0.0,0.0,0.0,0.0,0.0,0.0,0.0,0.0,0.0,7.2,1140.3,1147.5,7597.1,7597.1,0.0,0.0,0.0,0.0,0.0,368.8,0.0,0.0,0.0,0.0,0.0,0.0,0.0,7228.3,0.0,0.0
2050-02-03 16:00:00,2050-02-03 14:00:00,1523.2,3303.3,0.0,28.9,4855.4,1476.0,-2816.0,0.0,2816.0,0.031,0.0398,distpv,distpv,0.0,0.0,0.0,0.0,0.0,0.0,0.0,0.0,0.0,0.0,0.0,0.0,0.0,0.0,0.0,0.0,0.0,0.0,140.9,2.7,0.27,16.6,1061.8,0.06,141.0,48.3,189.3,0.0,0.0,0.0,0.0,0.0,0.0,0.0,0.0,0.0,0.0,0.0,0.0,0.0,0.0,0.0,0.0,0.0,0.0,24.4,24.4,7671.4,7671.4,0.0,0.0,0.0,0.0,0.0,299.7,0.0,0.0,0.0,0.0,0.0,0.0,0.0,7354.0,17.6,0.0
2050-02-03 17:00:00,2050-02-03 15:00:00,1553.7,2431.9,0.0,19.8,4005.4,1505.3,-2228.0,0.0,2228.0,0.0312,0.0406,battery,wind-ons,0.0,0.0,0.0,0.0,0.0,0.0,0.0,0.0,0.0,0.0,0.0,0.0,0.0,0.0,0.0,0.0,0.0,0.0,139.8,2.6,0.26,16.5,1054.2,0.06,140.0,48.0,187.9,0.0,0.0,0.0,0.0,0.0,0.0,0.0,0.0,0.0,4.71,0.0,0.0,4.71,4.91,0.0,0.0,4.91,0.0,0.0,0.0,6233.4,6233.4,0.0,0.0,0.0,0.0,0.0,262.5,0.0,0.0,0.0,0.0,0.0,0.0,0.0,5958.2,12.7,0.0
2050-02-03 18:00:00,2050-02-03 16:00:00,1605.3,2431.9,0.0,9.7,4046.9,1554.7,877.5,877.5,0.0,0.0315,0.042,hydro,gas-cc,0.0,0.0,0.0,0.0,0.0,0.0,0.0,0.0,0.0,0.0,0.0,0.0,0.3,0.6,0.01,0.0,0.3,0.3,143.6,2.7,0.27,17.0,1082.4,0.06,143.7,49.2,193.0,372.2,7.0,0.7,44.0,2808.4,0.16,372.6,127.7,500.3,20.79,0.0,0.0,20.79,21.7,0.0,0.0,21.7,0.0,0.0,0.0,3169.4,3169.4,0.0,0.0,0.0,0.0,0.0,133.3,0.0,0.0,0.0,0.0,0.0,0.0,0.0,3024.3,11.8,0.0
2050-02-03 19:00:00,2050-02-03 17:00:00,1693.7,0.0,0.0,9.4,1703.0,1639.3,1677.6,0.0,1439.6,0.0321,0.0443,battery,gas-cc,0.0,0.0,0.0,0.0,0.0,0.0,0.0,0.0,0.0,0.0,0.0,0.0,0.0,0.0,0.0,0.0,0.0,0.0,172.0,3.2,0.33,20.3,1296.5,0.07,172.2,59.0,231.1,400.8,7.6,0.76,47.4,3024.9,0.17,401.3,137.5,538.8,27.04,0.0,0.0,27.04,28.29,0.0,0.0,28.29,0.0,0.0,0.0,3142.7,25.5,3117.2,0.0,0.0,0.0,0.0,0.0,0.0,0.0,0.0,0.0,0.0,0.0,0.0,0.0,25.5,0.0
2050-02-03 20:00:00,2050-02-03 18:00:00,1855.8,0.0,0.0,5.1,1860.9,1793.9,1839.9,0.0,786.9,0.0334,0.0485,gas-cc,gas-cc,0.0,0.0,0.0,0.0,0.0,0.0,0.0,0.0,0.0,0.0,0.0,0.0,0.0,0.0,0.0,0.0,0.0,0.0,148.4,2.8,0.28,17.5,1118.1,0.06,148.6,50.9,199.4,402.6,7.6,0.76,47.6,3038.3,0.17,403.1,138.2,541.2,27.04,0.0,0.0,27.04,28.42,0.0,0.0,28.42,0.0,0.0,0.0,2647.8,21.1,2626.7,0.0,0.0,0.0,0.0,0.0,0.0,0.0,0.0,0.0,0.0,0.0,0.0,0.0,21.1,0.0
2050-02-03 21:00:00,2050-02-03 19:00:00,1871.6,0.0,0.0,2.5,1874.0,1808.9,1859.8,0.0,377.3,0.0335,0.0489,battery,gas-cc,0.0,0.0,0.0,0.0,0.0,0.0,0.0,0.0,0.0,0.0,0.0,0.0,0.0,0.0,0.0,0.0,0.0,0.0,154.7,2.9,0.29,18.3,1164.7,0.07,154.8,53.0,207.9,402.8,7.6,0.76,47.6,3039.7,0.17,403.2,138.2,541.5,27.04,0.0,0.0,27.04,28.43,0.0,0.0,28.43,0.0,0.0,0.0,2251.3,14.3,2237.1,0.0,0.0,0.0,0.0,0.0,0.0,0.0,0.0,0.0,0.0,0.0,0.0,0.0,14.3,0.0
2050-02-03 22:00:00,2050-02-03 20:00:00,1798.9,0.0,0.0,7.9,1806.9,1739.8,1796.2,0.0,1220.1,0.0329,0.047,battery,gas-cc,0.0,0.0,0.0,0.0,0.0,0.0,0.0,0.0,0.0,0.0,0.0,0.0,0.0,0.0,0.0,0.0,0.0,0.0,147.1,2.8,0.28,17.4,1108.4,0.06,147.3,50.4,197.7,402.0,7.6,0.76,47.5,3033.6,0.17,402.4,137.9,540.4,27.04,0.0,0.0,27.04,28.37,0.0,0.0,28.37,0.0,0.0,0.0,3027.0,10.6,3016.4,0.0,0.0,0.0,0.0,0.0,0.0,0.0,0.0,0.0,0.0,0.0,0.0,0.0,10.6,0.0
2050-02-03 23:00:00,2050-02-03 21:00:00,1734.7,0.0,0.0,8.3,1743.1,1678.5,1734.1,0.0,1282.3,0.0324,0.0454,battery,gas-cc,0.0,0.0,0.0,0.0,0.0,0.0,0.0,0.0,0.0,0.0,0.0,0.0,0.0,0.0,0.0,0.0,0.0,0.0,148.5,2.8,0.28,17.5,1118.9,0.06,148.7,50.9,199.6,401.3,7.6,0.76,47.4,3028.3,0.17,401.7,137.7,539.4,27.04,0.0,0.0,27.04,28.32,0.0,0.0,28.32,0.0,0.0,0.0,3025.3,9.0,3016.4,0.0,0.0,0.0,0.0,0.0,0.0,0.0,0.0,0.0,0.0,0.0,0.0,0.0,9.0,0.0
2050-02-04 00:00:00,2050-02-03 22:00:00,1638.9,0.0,0.0,0.0,1638.9,1587.0,1627.8,0.0,0.0,0.0317,0.0429,battery,gas-cc,0.0,0.0,0.0,0.0,0.0,0.0,0.0,0.0,0.0,0.0,0.0,0.0,0.0,0.0,0.0,0.0,0.0,0.0,158.1,3.0,0.3,18.7,1191.4,0.07,158.3,54.2,212.5,360.2,6.8,0.68,42.6,2718.3,0.16,360.6,123.6,484.2,28.07,0.0,0.0,28.07,29.33,0.0,0.0,29.33,0.0,0.0,0.0,1638.9,11.1,1627.8,0.0,0.0,0.0,0.0,0.0,0.0,0.0,0.0,0.0,0.0,0.0,0.0,0.0,11.1,0.0
2050-02-04 01:00:00,2050-02-03 23:00:00,1512.6,0.0,0.0,3.2,1515.9,1465.9,1504.4,208.8,0.0,0.0309,0.0396,battery,gas-cc,0.0,0.0,0.0,0.0,0.0,0.0,0.0,0.0,0.0,0.0,0.0,0.0,0.0,0.0,0.0,0.0,0.0,0.0,162.2,3.1,0.31,19.2,1222.9,0.07,162.4,55.6,218.0,435.6,8.2,0.82,51.5,3287.0,0.19,436.1,149.5,585.5,28.07,0.0,0.0,28.07,29.23,0.0,0.0,29.23,0.0,0.0,0.0,1307.1,11.4,1295.7,0.0,0.0,0.0,0.0,0.0,0.0,0.0,0.0,0.0,0.0,0.0,0.0,0.0,11.4,0.0
2050-02-04 02:00:00,2050-02-04 00:00:00,1425.3,0.0,0.0,6.9,1432.2,1381.8,1419.4,445.3,0.0,0.0305,0.0373,battery,gas-cc,0.0,0.0,0.0,0.0,0.0,0.0,0.0,0.0,0.0,0.0,0.0,0.0,0.0,0.0,0.0,0.0,0.0,0.0,168.3,3.2,0.32,19.9,1269.0,0.07,168.5,57.7,226.2,358.1,6.7,0.67,42.3,2702.5,0.16,358.5,122.9,481.4,28.07,0.0,0.0,28.07,29.16,0.0,0.0,29.16,0.0,0.0,0.0,986.9,12.8,974.1,0.0,0.0,0.0,0.0,0.0,0.0,0.0,0.0,0.0,0.0,0.0,0.0,0.0,12.8,0.0
2050-02-04 03:00:00,2050-02-04 01:00:00,1327.4,0.0,0.0,6.9,1334.3,1287.5,1318.5,445.3,0.0,0.0301,0.0347,battery,gas-cc,0.0,0.0,0.0,0.0,0.0,0.0,0.0,0.0,0.0,0.0,0.0,0.0,0.0,0.0,0.0,0.0,0.0,0.0,151.4,2.9,0.29,17.9,1140.7,0.07,151.5,51.9,203.4,357.2,6.7,0.67,42.2,2695.4,0.15,357.6,122.6,480.1,28.07,0.0,0.0,28.07,29.08,0.0,0.0,29.08,0.0,0.0,0.0,889.0,15.7,873.2,0.0,0.0,0.0,0.0,0.0,0.0,0.0,0.0,0.0,0.0,0.0,0.0,0.0,15.7,0.0
2050-02-04 04:00:00,2050-02-04 02:00:00,1288.4,0.0,0.0,6.9,1295.3,1249.9,1271.3,445.3,0.0,0.0299,0.0337,battery,gas-cc,0.0,0.0,0.0,0.0,0.0,0.0,0.0,0.0,0.0,0.0,0.0,0.0,0.0,0.0,0.0,0.0,0.0,0.0,145.9,2.8,0.28,17.2,1099.2,0.06,146.0,50.0,196.0,356.8,6.7,0.67,42.1,2692.5,0.15,357.2,122.4,479.6,28.07,0.0,0.0,28.07,29.05,0.0,0.0,29.05,0.0,0.0,0.0,850.0,24.0,826.0,0.0,0.0,0.0,0.0,0.0,0.0,0.0,0.0,0.0,0.0,0.0,0.0,0.0,24.0,0.0
2050-02-04 05:00:00,2050-02-04 03:00:00,1260.0,0.0,0.0,0.0,1260.0,1222.4,1242.0,0.0,0.0,0.0299,0.033,battery,gas-cc,0.0,0.0,0.0,0.0,0.0,0.0,0.0,0.0,0.0,0.0,0.0,0.0,0.0,0.0,0.0,0.0,0.0,0.0,145.3,2.7,0.28,17.2,1094.5,0.06,145.4,49.8,195.2,356.5,6.7,0.67,42.1,2690.5,0.15,356.9,122.3,479.3,28.07,0.0,0.0,28.07,29.03,0.0,0.0,29.03,0.0,0.0,0.0,1260.0,18.0,1242.0,0.0,0.0,0.0,0.0,0.0,0.0,0.0,0.0,0.0,0.0,0.0,0.0,0.0,18.0,0.0
2050-02-04 06:00:00,2050-02-04 04:00:00,1250.5,0.0,0.0,0.0,1250.5,1213.2,1218.3,0.0,0.0,0.0298,0.0327,battery,gas-cc,0.0,0.0,0.0,0.0,0.0,0.0,0.0,0.0,0.0,0.0,0.0,0.0,0.0,0.0,0.0,0.0,0.0,0.0,145.3,2.7,0.28,17.2,1094.9,0.06,145.5,49.8,195.3,356.4,6.7,0.67,42.1,2689.8,0.15,356.8,122.3,479.1,28.07,0.0,0.0,28.07,29.02,0.0,0.0,29.02,0.0,0.0,0.0,1250.5,32.2,1218.3,0.0,0.0,0.0,0.0,0.0,0.0,0.0,0.0,0.0,0.0,0.0,0.0,0.0,32.2,0.0
2050-02-04 07:00:00,2050-02-04 05:00:00,1273.7,0.0,0.0,6.9,1280.6,1235.6,1248.6,445.3,0.0,0.0299,0.0333,battery,gas-cc,0.0,0.0,0.0,0.0,0.0,0.0,0.0,0.0,0.0,0.0,0.0,0.0,0.0,0.1,0.0,0.0,0.0,0.0,144.4,2.7,0.27,17.1,1088.3,0.06,144.6,49.5,194.1,356.7,6.7,0.67,42.1,2691.4,0.15,357.0,122.4,479.4,28.07,0.0,0.0,28.07,29.04,0.0,0.0,29.04,0.0,0.0,0.0,835.3,32.0,803.3,0.0,0.0,0.0,0.0,0.0,0.0,0.0,0.0,0.0,0.0,0.0,0.0,0.0,32.0,0.0
2050-02-04 08:00:00,2050-02-04 06:00:00,1343.2,0.0,0.0,6.9,1350.1,1302.7,1326.6,445.3,0.0,0.0301,0.0351,battery,gas-cc,0.0,0.0,0.0,0.0,0.0,0.0,0.0,0.0,0.0,0.0,0.0,0.0,0.0,0.1,0.0,0.0,0.0,0.0,145.4,2.7,0.28,17.2,1095.7,0.06,145.6,49.9,195.4,357.3,6.7,0.67,42.2,2696.5,0.15,357.7,122.6,480.3,28.07,0.0,0.0,28.07,29.09,0.0,0.0,29.09,0.0,0.0,0.0,904.8,23.5,881.3,0.0,0.0,0.0,0.0,0.0,0.0,0.0,0.0,0.0,0.0,0.0,0.0,0.0,23.5,0.0
2050-02-04 09:00:00,2050-02-04 07:00:00,1443.2,0.0,0.0,16.4,1459.5,1399.1,-1014.6,445.3,1459.9,0.0306,0.0377,gas-cc,gas-cc,0.0,0.0,0.0,0.0,0.0,0.0,0.0,0.0,0.0,0.0,0.0,0.0,0.0,0.0,0.0,0.0,0.0,0.0,139.8,2.6,0.26,16.5,1053.6,0.06,139.9,47.9,187.8,365.6,6.9,0.69,43.2,2758.8,0.16,366.0,125.4,491.4,26.22,0.0,0.0,26.22,27.24,0.0,0.0,27.24,0.0,0.0,0.0,2474.1,2474.1,0.0,0.0,0.0,0.0,0.0,103.4,0.0,0.0,0.0,0.0,0.0,0.0,0.0,2347.4,23.3,0.0
2050-02-04 10:00:00,2050-02-04 08:00:00,1515.8,2431.9,0.0,0.0,3947.7,1468.9,0.0,0.0,0.0,0.0309,0.0396,upv,upv,0.0,0.0,0.0,0.0,0.0,0.0,0.0,0.0,0.0,0.0,0.0,0.0,0.0,0.0,0.0,0.0,0.0,0.0,139.8,2.6,0.26,16.5,1054.1,0.06,140.0,47.9,187.9,0.0,0.0,0.0,0.0,0.0,0.0,0.0,0.0,0.0,0.0,0.0,0.0,0.0,0.0,0.0,0.0,0.0,17.1,3581.9,3599.0,3947.7,3947.7,0.0,0.0,0.0,0.0,0.0,317.8,0.0,0.0,0.0,0.0,0.0,0.0,0.0,3629.9,0.0,0.0
2050-02-04 11:00:00,2050-02-04 09:00:00,1538.9,3435.1,0.0,0.0,4974.0,1491.1,0.0,0.0,0.0,0.0311,0.0402,upv,upv,0.0,0.0,0.0,0.0,0.0,0.0,0.0,0.0,0.0,0.0,0.0,0.0,0.0,0.0,0.0,0.0,0.0,0.0,139.8,2.6,0.26,16.5,1054.1,0.06,140.0,48.0,187.9,0.0,0.0,0.0,0.0,0.0,0.0,0.0,0.0,0.0,0.0,0.0,0.0,0.0,0.0,0.0,0.0,0.0,9.9,2980.7,2990.6,4974.0,4974.0,0.0,0.0,0.0,0.0,0.0,0.0,0.0,0.0,0.0,0.0,0.0,0.0,0.0,4974.0,0.0,0.0
2050-02-04 12:00:00,2050-02-04 10:00:00,1533.7,3435.1,0.0,0.0,4968.8,1486.1,0.0,0.0,0.0,0.031,0.0401,upv,upv,0.0,0.0,0.0,0.0,0.0,0.0,0.0,0.0,0.0,0.0,0.0,0.0,0.0,0.0,0.0,0.0,0.0,0.0,139.8,2.6,0.26,16.5,1054.1,0.06,140.0,47.9,187.9,0.0,0.0,0.0,0.0,0.0,0.0,0.0,0.0,0.0,0.0,0.0,0.0,0.0,0.0,0.0,0.0,0.0,6.7,2608.1,2614.7,4968.8,4968.8,0.0,0.0,0.0,0.0,0.0,0.0,0.0,0.0,0.0,0.0,0.0,0.0,0.0,4968.8,0.0,0.0
2050-02-04 13:00:00,2050-02-04 11:00:00,1515.8,4019.6,0.0,0.0,5535.4,1468.9,0.0,0.0,0.0,0.0309,0.0396,upv,upv,0.0,0.0,0.0,0.0,0.0,0.0,0.0,0.0,0.0,0.0,0.0,0.0,0.0,0.0,0.0,0.0,0.0,0.0,139.8,2.6,0.26,16.5,1054.0,0.06,140.0,47.9,187.9,0.0,0.0,0.0,0.0,0.0,0.0,0.0,0.0,0.0,0.0,0.0,0.0,0.0,0.0,0.0,0.0,0.0,7.6,2007.7,2015.3,5535.4,5535.4,0.0,0.0,0.0,0.0,0.0,0.0,0.0,0.0,0.0,0.0,0.0,0.0,0.0,5535.4,0.0,0.0
2050-02-04 14:00:00,2050-02-04 12:00:00,1523.2,3240.3,0.0,0.0,4763.4,1476.0,0.0,0.0,0.0,0.031,0.0398,upv,upv,0.0,0.0,0.0,0.0,0.0,0.0,0.0,0.0,0.0,0.0,0.0,0.0,0.0,0.0,0.0,0.0,0.0,0.0,139.8,2.6,0.26,16.5,1054.0,0.06,140.0,47.9,187.9,0.0,0.0,0.0,0.0,0.0,0.0,0.0,0.0,0.0,0.0,0.0,0.0,0.0,0.0,0.0,0.0,0.0,3.1,2570.5,2573.6,4763.4,4763.4,0.0,0.0,0.0,0.0,0.0,309.5,0.0,0.0,0.0,0.0,0.0,0.0,0.0,4454.0,0.0,0.0
2050-02-04 15:00:00,2050-02-04 13:00:00,1523.2,3795.7,0.0,0.0,5318.8,1476.0,0.0,0.0,0.0,0.031,0.0398,upv,upv,0.0,0.0,0.0,0.0,0.0,0.0,0.0,0.0,0.0,0.0,0.0,0.0,0.0,0.0,0.0,0.0,0.0,0.0,140.0,2.6,0.26,16.5,1055.5,0.06,140.2,48.0,188.2,0.0,0.0,0.0,0.0,0.0,0.0,0.0,0.0,0.0,0.0,0.0,0.0,0.0,0.0,0.0,0.0,0.0,1.0,2109.5,2110.5,5318.8,5318.8,0.0,0.0,0.0,0.0,0.0,313.4,0.0,0.0,0.0,0.0,0.0,0.0,0.0,5005.4,0.0,0.0
2050-02-04 16:00:00,2050-02-04 14:00:00,1523.2,3751.1,0.0,0.0,5274.3,1476.0,-0.0,0.0,0.0,0.031,0.0398,upv,upv,0.0,0.0,0.0,0.0,0.0,0.0,0.0,0.0,0.0,0.0,0.0,0.0,0.0,0.0,0.0,0.0,0.0,0.0,139.8,2.6,0.26,16.5,1054.0,0.06,140.0,47.9,187.9,0.0,0.0,0.0,0.0,0.0,0.0,0.0,0.0,0.0,0.0,0.0,0.0,0.0,0.0,0.0,0.0,0.0,1.3,1843.8,1845.1,5274.3,5274.3,0.0,0.0,0.0,0.0,0.0,300.4,0.0,0.0,0.0,0.0,0.0,0.0,0.0,4973.8,0.0,0.0
2050-02-04 17:00:00,2050-02-04 15:00:00,1535.8,3016.4,0.0,0.0,4552.2,1488.1,0.0,0.0,0.0,0.0311,0.0402,upv,upv,0.0,0.0,0.0,0.0,0.0,0.0,0.0,0.0,0.0,0.0,0.0,0.0,0.0,0.0,0.0,0.0,0.0,0.0,139.8,2.6,0.26,16.5,1054.1,0.06,140.0,47.9,187.9,0.0,0.0,0.0,0.0,0.0,0.0,0.0,0.0,0.0,0.0,0.0,0.0,0.0,0.0,0.0,0.0,0.0,7.0,1813.6,1820.7,4552.2,4552.2,0.0,0.0,0.0,0.0,0.0,268.7,0.0,0.0,0.0,0.0,0.0,0.0,0.0,4283.5,0.0,0.0
2050-02-04 18:00:00,2050-02-04 16:00:00,1585.3,2431.9,0.0,9.7,4026.8,1535.5,870.5,870.5,0.0,0.0314,0.0415,battery,upv,0.0,0.0,0.0,0.0,0.0,0.0,0.0,0.0,0.0,0.0,0.0,0.0,0.2,0.6,0.01,0.0,0.3,0.3,139.9,2.6,0.26,16.5,1054.5,0.06,140.0,48.0,188.0,0.0,0.0,0.0,0.0,0.0,0.0,0.0,0.0,0.0,0.02,0.0,0.0,0.02,0.02,0.0,0.0,0.02,0.0,0.0,0.0,3156.3,3156.3,0.0,0.0,0.0,0.0,0.0,132.4,0.0,0.0,0.0,0.0,0.0,0.0,0.0,3006.6,17.3,0.0
2050-02-04 19:00:00,2050-02-04 17:00:00,1649.5,0.0,0.0,5.4,1654.9,1597.0,1626.2,0.0,834.7,0.0318,0.0431,battery,gas-cc,0.0,0.0,0.0,0.0,0.0,0.0,0.0,0.0,0.0,0.0,0.0,0.0,0.0,0.0,0.0,0.0,0.0,0.0,145.3,2.7,0.28,17.2,1094.7,0.06,145.4,49.8,195.2,390.6,7.4,0.74,46.1,2947.5,0.17,391.0,134.0,525.0,30.65,0.0,0.0,30.65,32.03,0.0,0.0,32.03,0.0,0.0,0.0,2489.6,28.7,2461.0,0.0,0.0,0.0,0.0,0.1,0.0,0.0,0.0,0.0,0.0,0.0,0.0,1.3,27.3,0.0
2050-02-04 20:00:00,2050-02-04 18:00:00,1765.3,0.0,0.0,7.7,1772.9,1707.7,1755.1,0.0,1177.0,0.0326,0.0462,battery,gas-cc,0.0,0.0,0.0,0.0,0.0,0.0,0.0,0.0,0.0,0.0,0.0,0.0,0.0,0.0,0.0,0.0,0.0,0.0,145.9,2.8,0.28,17.2,1099.4,0.06,146.1,50.0,196.1,391.8,7.4,0.74,46.3,2956.9,0.17,392.3,134.4,526.7,30.65,0.0,0.0,30.65,32.13,0.0,0.0,32.13,0.0,0.0,0.0,2950.0,17.9,2932.1,0.0,0.0,0.0,0.0,0.0,0.0,0.0,0.0,0.0,0.0,0.0,0.0,0.0,17.9,0.0
2050-02-04 21:00:00,2050-02-04 19:00:00,1783.2,0.0,0.0,3.6,1786.8,1724.7,1780.0,0.0,557.9,0.0328,0.0466,battery,gas-cc,0.0,0.0,0.0,0.0,0.0,0.0,0.0,0.0,0.0,0.0,0.0,0.0,0.0,0.0,0.0,0.0,0.0,0.0,145.0,2.7,0.27,17.1,1092.6,0.06,145.2,49.7,194.9,457.1,8.6,0.86,54.0,3449.3,0.2,457.6,156.8,614.4,30.65,0.0,0.0,30.65,32.15,0.0,0.0,32.15,0.0,0.0,0.0,2344.7,6.8,2337.9,0.0,0.0,0.0,0.0,0.0,0.0,0.0,0.0,0.0,0.0,0.0,0.0,0.0,6.8,0.0
2050-02-04 22:00:00,2050-02-04 20:00:00,1731.6,0.0,0.0,2.6,1734.2,1675.5,1729.5,0.0,403.7,0.0324,0.0453,battery,gas-cc,0.0,0.0,0.0,0.0,0.0,0.0,0.0,0.0,0.0,0.0,0.0,0.0,0.0,0.0,0.0,0.0,0.0,0.0,145.8,2.8,0.28,17.2,1098.7,0.06,146.0,50.0,196.0,391.5,7.4,0.74,46.2,2954.2,0.17,391.9,134.3,526.2,30.65,0.0,0.0,30.65,32.1,0.0,0.0,32.1,0.0,0.0,0.0,2137.9,4.7,2133.2,0.0,0.0,0.0,0.0,0.0,0.0,0.0,0.0,0.0,0.0,0.0,0.0,0.0,4.7,0.0
2050-02-04 23:00:00,2050-02-04 21:00:00,1680.0,0.0,0.0,4.3,1684.3,1626.2,1682.6,0.0,655.3,0.032,0.0439,battery,gas-cc,0.0,0.0,0.0,0.0,0.0,0.0,0.0,0.0,0.0,0.0,0.0,0.0,0.0,0.0,0.0,0.0,0.0,0.0,146.1,2.8,0.28,17.3,1101.0,0.06,146.3,50.1,196.4,390.9,7.4,0.74,46.2,2950.0,0.17,391.3,134.1,525.5,30.65,0.0,0.0,30.65,32.06,0.0,0.0,32.06,0.0,0.0,0.0,2339.5,1.6,2337.9,0.0,0.0,0.0,0.0,0.0,0.0,0.0,0.0,0.0,0.0,0.0,0.0,0.0,1.6,0.0
2050-02-05 00:00:00,2050-02-04 22:00:00,1592.6,0.0,0.0,1.2,1593.8,1542.6,1575.2,0.0,178.2,0.0314,0.0416,battery,gas-cc,0.0,0.0,0.0,0.0,0.0,0.0,0.0,0.0,0.0,0.0,0.0,0.0,0.0,0.0,0.0,0.0,0.0,0.0,156.7,3.0,0.3,18.5,1180.9,0.07,156.9,53.7,210.6,372.0,7.0,0.7,43.9,2807.5,0.16,372.4,127.7,500.1,33.02,0.0,0.0,33.02,34.45,0.0,0.0,34.45,0.0,0.0,0.0,1772.0,18.5,1753.4,0.0,0.0,0.0,0.0,0.0,0.0,0.0,0.0,0.0,0.0,0.0,0.0,0.0,18.5,0.0
2050-02-05 01:00:00,2050-02-04 23:00:00,1492.6,0.0,0.0,0.0,1492.6,1446.6,1436.6,0.0,0.0,0.0308,0.039,battery,gas-cc,0.0,0.0,0.0,0.0,0.0,0.0,0.0,0.0,0.0,0.0,0.0,0.0,0.0,0.0,0.0,0.0,0.0,0.0,219.6,4.1,0.41,25.9,1656.1,0.1,219.8,75.3,295.1,375.8,7.1,0.71,44.4,2835.9,0.16,376.2,128.9,505.2,33.02,0.0,0.0,33.02,34.36,0.0,0.0,34.36,0.0,0.0,0.0,1492.6,56.0,1436.6,0.0,0.0,0.0,0.0,0.0,0.0,0.0,0.0,0.0,0.0,0.0,0.0,0.0,56.0,0.0
2050-02-05 02:00:00,2050-02-05 00:00:00,1386.3,0.0,0.0,0.0,1386.3,1344.3,1288.0,0.0,0.0,0.0303,0.0363,battery,gas-cc,0.0,0.0,0.0,0.0,0.0,0.0,0.0,0.0,0.0,0.0,0.0,0.0,0.0,0.0,0.0,0.0,0.0,0.0,240.9,4.5,0.45,28.5,1817.2,0.1,241.1,82.6,323.8,374.7,7.1,0.71,44.3,2827.7,0.16,375.1,128.6,503.7,33.02,0.0,0.0,33.02,34.26,0.0,0.0,34.26,0.0,0.0,0.0,1386.3,98.4,1288.0,0.0,0.0,0.0,0.0,0.0,0.0,0.0,0.0,0.0,0.0,0.0,0.0,0.0,98.4,0.0
2050-02-05 03:00:00,2050-02-05 01:00:00,1320.0,0.0,0.0,0.0,1320.0,1280.4,1211.0,0.0,0.0,0.03,0.0345,battery,gas-cc,0.0,0.0,0.0,0.0,0.0,0.0,0.0,0.0,0.0,0.0,0.0,0.0,0.0,0.0,0.0,0.0,0.0,0.0,189.1,3.6,0.36,22.3,1425.9,0.08,189.3,64.9,254.2,374.1,7.0,0.7,44.2,2822.7,0.16,374.5,128.3,502.8,33.02,0.0,0.0,33.02,34.2,0.0,0.0,34.2,0.0,0.0,0.0,1320.0,109.0,1211.0,0.0,0.0,0.0,0.0,0.0,0.0,0.0,0.0,0.0,0.0,0.0,0.0,0.0,109.0,0.0
2050-02-05 04:00:00,2050-02-05 02:00:00,1270.5,0.0,0.0,7.2,1277.7,1232.6,1133.5,0.0,1103.6,0.0299,0.0332,battery,gas-cc,0.0,0.0,0.0,0.0,0.0,0.0,0.0,0.0,0.0,0.0,0.0,0.0,0.0,0.0,0.0,0.0,0.0,0.0,174.5,3.3,0.33,20.6,1312.0,0.08,174.7,59.7,234.4,368.8,7.0,0.7,43.6,2783.0,0.16,369.2,126.5,495.7,33.02,0.0,0.0,33.02,34.15,0.0,0.0,34.15,0.0,0.0,0.0,2381.3,144.2,2237.1,0.0,0.0,0.0,0.0,0.0,0.0,0.0,0.0,0.0,0.0,0.0,0.0,0.0,144.2,0.0
2050-02-05 05:00:00,2050-02-05 03:00:00,1245.3,0.0,0.0,2.4,1247.7,1208.1,1085.4,0.0,372.4,0.0298,0.0326,battery,gas-cc,0.0,0.0,0.0,0.0,0.0,0.0,0.0,0.0,0.0,0.0,0.0,0.0,0.0,0.0,0.0,0.0,0.0,0.0,184.8,3.5,0.35,21.8,1389.3,0.08,185.0,63.3,248.3,368.5,6.9,0.69,43.5,2781.1,0.16,368.9,126.5,495.4,33.02,0.0,0.0,33.02,34.13,0.0,0.0,34.13,0.0,0.0,0.0,1620.0,162.3,1457.8,0.0,0.0,0.0,0.0,0.0,0.0,0.0,0.0,0.0,0.0,0.0,0.0,0.0,162.3,0.0
2050-02-05 06:00:00,2050-02-05 04:00:00,1231.6,0.0,0.0,3.8,1235.4,1194.9,1061.4,0.0,591.2,0.0298,0.0322,battery,gas-cc,0.0,0.0,0.0,0.0,0.0,0.0,0.0,0.0,0.0,0.0,0.0,0.0,0.0,0.0,0.0,0.0,0.0,0.0,167.4,3.2,0.32,19.8,1260.7,0.07,167.6,57.4,224.9,373.2,7.0,0.7,44.1,2815.9,0.16,373.6,128.0,501.6,33.02,0.0,0.0,33.02,34.12,0.0,0.0,34.12,0.0,0.0,0.0,1826.6,174.0,1652.6,0.0,0.0,0.0,0.0,0.0,0.0,0.0,0.0,0.0,0.0,0.0,0.0,0.0,174.0,0.0
2050-02-05 07:00:00,2050-02-05 05:00:00,1252.6,0.0,0.0,0.7,1253.3,1215.3,1061.2,0.0,105.5,0.0298,0.0328,battery,gas-cc,0.0,0.0,0.0,0.0,0.0,0.0,0.0,0.0,0.0,0.0,0.0,0.0,0.0,0.0,0.0,0.0,0.0,0.0,191.6,3.6,0.36,22.6,1444.3,0.08,191.8,65.7,257.5,368.6,6.9,0.69,43.5,2781.6,0.16,369.0,126.5,495.5,33.02,0.0,0.0,33.02,34.13,0.0,0.0,34.13,0.0,0.0,0.0,1358.8,192.1,1166.7,0.0,0.0,0.0,0.0,0.0,0.0,0.0,0.0,0.0,0.0,0.0,0.0,0.0,192.1,0.0
2050-02-05 08:00:00,2050-02-05 06:00:00,1316.8,0.0,0.0,0.0,1316.8,1277.3,1116.7,0.0,0.0,0.03,0.0344,battery,gas-cc,0.0,0.0,0.0,0.0,0.0,0.0,0.0,0.0,0.0,0.0,0.0,0.0,0.0,0.0,0.0,0.0,0.0,0.0,176.1,3.3,0.33,20.8,1327.6,0.08,176.3,60.4,236.7,374.0,7.0,0.7,44.2,2822.4,0.16,374.4,128.3,502.8,33.02,0.0,0.0,33.02,34.19,0.0,0.0,34.19,0.0,0.0,0.0,1316.8,200.1,1116.7,0.0,0.0,0.0,0.0,0.0,0.0,0.0,0.0,0.0,0.0,0.0,0.0,0.0,200.1,0.0
2050-02-05 09:00:00,2050-02-05 07:00:00,1412.6,468.7,0.0,0.0,1881.4,1369.7,0.0,0.0,0.0,0.0304,0.0369,battery,gas-cc,0.0,0.0,0.0,0.0,0.0,0.0,0.0,0.0,0.0,0.0,0.0,0.0,0.0,0.0,0.0,0.0,0.0,0.0,149.8,2.8,0.28,17.7,1129.5,0.07,150.0,51.4,201.4,328.8,6.2,0.62,38.8,2480.8,0.14,329.1,112.8,441.9,28.03,0.0,0.0,28.03,29.11,0.0,0.0,29.11,0.0,0.0,0.0,1881.4,1881.4,0.0,0.0,0.0,0.0,0.0,71.3,0.0,0.0,0.0,0.0,0.0,0.0,0.0,1618.8,191.3,0.0
2050-02-05 10:00:00,2050-02-05 08:00:00,1489.5,2431.9,0.0,0.0,3921.4,1443.6,0.0,0.0,0.0,0.0308,0.039,upv,upv,0.0,0.0,0.0,0.0,0.0,0.0,0.0,0.0,0.0,0.0,0.0,0.0,0.0,0.0,0.0,0.0,0.0,0.0,139.8,2.6,0.26,16.5,1053.8,0.06,139.9,47.9,187.9,0.0,0.0,0.0,0.0,0.0,0.0,0.0,0.0,0.0,0.0,0.0,0.0,0.0,0.0,0.0,0.0,0.0,0.0,2056.6,2056.6,3921.4,3921.4,0.0,0.0,0.0,0.0,0.0,245.6,0.0,0.0,0.0,0.0,0.0,0.0,0.0,3517.1,158.7,0.0
2050-02-05 11:00:00,2050-02-05 09:00:00,1515.8,3726.9,0.0,0.0,5242.7,1468.9,0.0,0.0,0.0,0.0309,0.0396,upv,upv,0.0,0.0,0.0,0.0,0.0,0.0,0.0,0.0,0.0,0.0,0.0,0.0,0.0,0.0,0.0,0.0,0.0,0.0,139.8,2.6,0.26,16.5,1054.0,0.06,140.0,47.9,187.9,0.0,0.0,0.0,0.0,0.0,0.0,0.0,0.0,0.0,0.0,0.0,0.0,0.0,0.0,0.0,0.0,0.0,0.0,2303.4,2303.4,5242.7,5242.7,0.0,0.0,0.0,0.0,0.0,311.8,0.0,0.0,0.0,0.0,0.0,0.0,0.0,4772.8,158.2,0.0
2050-02-05 12:00:00,2050-02-05 10:00:00,1523.2,4014.7,0.0,0.0,5537.8,1476.0,-0.0,0.0,0.0,0.031,0.0398,upv,upv,0.0,0.0,0.0,0.0,0.0,0.0,0.0,0.0,0.0,0.0,0.0,0.0,0.0,0.0,0.0,0.0,0.0,0.0,139.8,2.6,0.26,16.5,1054.0,0.06,140.0,47.9,187.9,0.0,0.0,0.0,0.0,0.0,0.0,0.0,0.0,0.0,0.0,0.0,0.0,0.0,0.0,0.0,0.0,0.0,0.0,2967.5,2967.5,5537.8,5537.8,0.0,0.0,0.0,0.0,0.0,353.3,0.0,0.0,0.0,0.0,0.0,0.0,0.0,5052.2,132.3,0.0
2050-02-05 13:00:00,2050-02-05 11:00:00,1507.4,3045.5,0.0,0.0,4552.8,1460.8,-0.0,0.0,0.0,0.0309,0.0394,upv,upv,0.0,0.0,0.0,0.0,0.0,0.0,0.0,0.0,0.0,0.0,0.0,0.0,0.0,0.0,0.0,0.0,0.0,0.0,139.8,2.6,0.26,16.5,1053.9,0.06,140.0,47.9,187.9,0.0,0.0,0.0,0.0,0.0,0.0,0.0,0.0,0.0,0.0,0.0,0.0,0.0,0.0,0.0,0.0,0.0,0.0,4110.5,4110.5,4552.8,4552.8,0.0,0.0,0.0,0.0,0.0,361.4,0.0,0.0,0.0,0.0,0.0,0.0,0.0,4090.1,101.3,0.0
2050-02-05 14:00:00,2050-02-05 12:00:00,1523.2,4019.6,0.0,0.0,5542.7,1476.0,0.0,0.0,0.0,0.031,0.0398,upv,upv,0.0,0.0,0.0,0.0,0.0,0.0,0.0,0.0,0.0,0.0,0.0,0.0,0.0,0.0,0.0,0.0,0.0,0.0,139.8,2.6,0.26,16.5,1054.0,0.06,140.0,47.9,187.9,0.0,0.0,0.0,0.0,0.0,0.0,0.0,0.0,0.0,0.0,0.0,0.0,0.0,0.0,0.0,0.0,0.0,0.0,3005.0,3005.0,5542.7,5542.7,0.0,0.0,0.0,0.0,0.0,357.1,0.0,0.0,0.0,0.0,0.0,0.0,0.0,5098.6,87.0,0.0
2050-02-05 15:00:00,2050-02-05 13:00:00,1541.1,4019.6,0.0,0.0,5560.6,1493.1,0.0,0.0,0.0,0.0311,0.0403,upv,upv,0.0,0.0,0.0,0.0,0.0,0.0,0.0,0.0,0.0,0.0,0.0,0.0,0.0,0.0,0.0,0.0,0.0,0.0,139.8,2.6,0.26,16.5,1054.2,0.06,140.0,48.0,187.9,0.0,0.0,0.0,0.0,0.0,0.0,0.0,0.0,0.0,0.0,0.0,0.0,0.0,0.0,0.0,0.0,0.0,0.0,3312.0,3312.0,5560.6,5560.6,0.0,0.0,0.0,0.0,0.0,371.7,0.0,0.0,0.0,0.0,0.0,0.0,0.0,5121.2,67.7,0.0
2050-02-05 16:00:00,2050-02-05 14:00:00,1558.9,3406.0,0.0,0.0,4965.0,1510.3,0.0,0.0,0.0,0.0312,0.0408,upv,upv,0.0,0.0,0.0,0.0,0.0,0.0,0.0,0.0,0.0,0.0,0.0,0.0,0.0,0.0,0.0,0.0,0.0,0.0,139.8,2.6,0.26,16.5,1054.3,0.06,140.0,48.0,188.0,0.0,0.0,0.0,0.0,0.0,0.0,0.0,0.0,0.0,0.0,0.0,0.0,0.0,0.0,0.0,0.0,0.0,0.0,4344.9,4344.9,4965.0,4965.0,0.0,0.0,0.0,0.0,0.0,390.8,0.0,0.0,0.0,0.0,0.0,0.0,0.0,4527.8,46.3,0.0
2050-02-05 17:00:00,2050-02-05 15:00:00,1558.9,2461.0,0.0,0.0,4019.9,1510.3,0.0,0.0,0.0,0.0312,0.0408,upv,upv,0.0,0.0,0.0,0.0,0.0,0.0,0.0,0.0,0.0,0.0,0.0,0.0,0.0,0.0,0.0,0.0,0.0,0.0,139.8,2.6,0.26,16.5,1054.3,0.06,140.0,48.0,188.0,0.0,0.0,0.0,0.0,0.0,0.0,0.0,0.0,0.0,0.0,0.0,0.0,0.0,0.0,0.0,0.0,0.0,0.0,4959.0,4959.0,4019.9,4019.9,0.0,0.0,0.0,0.0,0.0,377.1,0.0,0.0,0.0,0.0,0.0,0.0,0.0,3597.0,45.8,0.0
2050-02-05 18:00:00,2050-02-05 16:00:00,1582.1,2431.9,0.0,14.4,4028.5,1532.5,-1048.7,0.0,1048.7,0.0313,0.0414,phs,gas-cc,0.0,0.0,0.0,0.0,0.0,0.0,0.0,0.0,0.0,0.0,0.0,0.0,0.0,0.0,0.0,0.0,0.0,0.0,141.6,2.7,0.27,16.7,1067.4,0.06,141.7,48.6,190.3,367.0,6.9,0.69,43.4,2769.2,0.16,367.4,125.9,493.3,20.58,0.0,0.0,20.58,21.47,0.0,0.0,21.47,0.0,0.0,0.0,5077.2,5077.2,0.0,0.0,0.0,0.0,0.0,211.8,0.0,0.0,0.0,0.0,0.0,0.0,0.0,4807.9,57.5,0.0
2050-02-05 19:00:00,2050-02-05 17:00:00,1628.4,0.0,0.0,11.2,1639.6,1576.9,1554.2,0.0,1200.2,0.0316,0.0426,battery,gas-cc,136.9,2.6,0.26,16.2,1033.0,0.06,137.0,47.0,184.0,141.4,2.7,0.27,16.7,1066.8,0.06,141.5,48.5,190.0,145.8,2.8,0.28,17.2,1098.9,0.06,146.0,50.0,196.0,514.9,9.7,0.97,60.8,3885.4,0.22,515.4,176.7,692.1,39.3,0.0,0.0,39.3,41.04,0.0,0.0,41.04,0.0,0.0,0.0,2839.8,85.4,1681.7,0.0,0.0,0.0,0.0,0.2,1072.7,0.0,0.0,0.0,0.0,0.0,0.0,4.0,81.3,0.0
2050-02-05 20:00:00,2050-02-05 18:00:00,1722.1,0.0,0.0,17.0,1739.1,1666.5,1661.3,0.0,1872.4,0.0323,0.045,battery,gas-cc,107.6,2.0,0.2,12.7,812.3,0.05,107.8,36.9,144.7,111.2,2.1,0.21,13.1,839.4,0.05,111.4,38.2,149.5,145.8,2.8,0.28,17.2,1098.2,0.06,145.9,50.0,195.9,516.2,9.7,0.97,61.0,3895.4,0.22,516.8,177.1,693.9,39.3,0.0,0.0,39.3,41.15,0.0,0.0,41.15,0.0,0.0,0.0,3611.5,77.8,2461.0,0.0,0.0,0.0,0.0,0.0,1072.7,0.0,0.0,0.0,0.0,0.0,0.0,0.0,77.8,0.0
2050-02-05 21:00:00,2050-02-05 19:00:00,1742.1,0.0,0.0,9.0,1751.1,1685.6,1687.5,0.0,605.7,0.0325,0.0456,battery,gas-cc,164.9,3.1,0.31,19.5,1244.7,0.07,165.1,56.6,221.7,170.5,3.2,0.32,20.1,1286.5,0.07,170.7,58.5,229.2,145.9,2.8,0.28,17.2,1099.1,0.06,146.0,50.0,196.0,516.5,9.7,0.97,61.0,3897.5,0.22,517.0,177.2,694.3,39.3,0.0,0.0,39.3,41.17,0.0,0.0,41.17,0.0,0.0,0.0,2356.9,63.6,1220.5,0.0,0.0,0.0,0.0,0.0,1072.7,0.0,0.0,0.0,0.0,0.0,0.0,0.0,63.6,0.0
2050-02-05 22:00:00,2050-02-05 20:00:00,1734.7,0.0,0.0,10.9,1745.6,1678.5,1715.0,0.0,1319.5,0.0324,0.0454,battery,gas-cc,126.8,2.4,0.24,15.0,957.1,0.05,127.0,43.5,170.5,131.1,2.5,0.25,15.5,989.2,0.06,131.2,45.0,176.2,146.1,2.8,0.28,17.3,1101.1,0.06,146.3,50.1,196.4,516.4,9.7,0.97,61.0,3896.7,0.22,516.9,177.2,694.1,39.3,0.0,0.0,39.3,41.16,0.0,0.0,41.16,0.0,0.0,0.0,3065.1,30.6,1961.7,0.0,0.0,0.0,0.0,0.0,1072.7,0.0,0.0,0.0,0.0,0.0,0.0,0.0,30.6,0.0
2050-02-05 23:00:00,2050-02-05 21:00:00,1675.8,0.0,0.0,15.7,1691.5,1622.2,1681.7,0.0,1966.0,0.032,0.0438,battery,gas-cc,106.3,2.0,0.2,12.6,802.1,0.05,106.4,36.5,142.9,109.8,2.1,0.21,13.0,828.6,0.05,109.9,37.7,147.6,146.0,2.8,0.28,17.2,1099.8,0.06,146.1,50.0,196.2,515.5,9.7,0.97,60.9,3890.4,0.22,516.1,176.9,693.0,39.3,0.0,0.0,39.3,41.1,0.0,0.0,41.1,0.0,0.0,0.0,3657.5,9.8,2574.9,0.0,0.0,0.0,0.0,0.0,1072.7,0.0,0.0,0.0,0.0,0.0,0.0,0.0,9.8,0.0
2050-02-06 00:00:00,2050-02-05 22:00:00,1572.6,0.0,0.0,19.5,1592.1,1523.4,1586.1,0.0,1372.4,0.0313,0.0411,battery,gas-cc,131.1,2.5,0.25,15.5,989.6,0.06,131.3,45.0,176.3,135.4,2.6,0.26,16.0,1021.5,0.06,135.5,46.5,182.0,146.0,2.8,0.28,17.2,1099.7,0.06,146.1,50.0,196.1,398.8,7.5,0.75,47.1,3009.1,0.17,399.2,136.8,536.0,37.84,0.0,0.0,37.84,39.46,0.0,0.0,39.46,0.0,0.0,0.0,2964.6,6.1,1885.8,0.0,0.0,0.0,0.0,0.0,1072.7,0.0,0.0,0.0,0.0,0.0,0.0,0.0,6.1,0.0
2050-02-06 01:00:00,2050-02-05 23:00:00,1451.6,0.0,0.0,18.8,1470.4,1407.2,1465.2,0.0,1269.6,0.0306,0.038,battery,gas-cc,141.9,2.7,0.27,16.8,1070.7,0.06,142.0,48.7,190.7,146.4,2.8,0.28,17.3,1104.5,0.06,146.5,50.2,196.7,145.9,2.8,0.28,17.2,1099.0,0.06,146.0,50.0,196.0,397.4,7.5,0.75,46.9,2999.2,0.17,397.9,136.4,534.2,37.84,0.0,0.0,37.84,39.33,0.0,0.0,39.33,0.0,0.0,0.0,2740.1,5.2,1662.1,0.0,0.0,0.0,0.0,0.0,1072.7,0.0,0.0,0.0,0.0,0.0,0.0,0.0,5.2,0.0
2050-02-06 02:00:00,2050-02-06 00:00:00,1337.9,0.0,0.0,18.2,1356.1,1297.6,1346.0,0.0,1176.0,0.0301,0.035,battery,gas-cc,153.5,2.9,0.29,18.1,1158.6,0.07,153.7,52.7,206.4,158.3,3.0,0.3,18.7,1194.5,0.07,158.5,54.3,212.8,223.1,4.2,0.42,26.4,1682.9,0.1,223.4,76.5,299.9,422.9,8.0,0.8,50.0,3191.3,0.18,423.4,145.1,568.5,37.84,0.0,0.0,37.84,39.21,0.0,0.0,39.21,0.0,0.0,0.0,2532.2,10.1,1449.3,0.0,0.0,0.0,0.0,0.0,1072.7,0.0,0.0,0.0,0.0,0.0,0.0,0.0,10.1,0.0
2050-02-06 03:00:00,2050-02-06 01:00:00,1286.3,0.0,0.0,18.5,1304.8,1247.8,1294.5,0.0,1213.8,0.0299,0.0336,battery,gas-cc,154.4,2.9,0.29,18.2,1164.8,0.07,154.5,53.0,207.5,159.1,3.0,0.3,18.8,1200.7,0.07,159.3,54.6,213.9,145.8,2.8,0.28,17.2,1098.3,0.06,145.9,50.0,195.9,422.3,8.0,0.8,49.9,3186.9,0.18,422.8,144.9,567.7,37.84,0.0,0.0,37.84,39.15,0.0,0.0,39.15,0.0,0.0,0.0,2518.6,10.2,1435.6,0.0,0.0,0.0,0.0,0.0,1072.7,0.0,0.0,0.0,0.0,0.0,0.0,0.0,10.2,0.0
2050-02-06 04:00:00,2050-02-06 02:00:00,1247.4,0.0,0.0,21.4,1268.8,1210.2,1257.8,0.0,1662.4,0.0298,0.0326,battery,gas-cc,132.6,2.5,0.25,15.7,1000.9,0.06,132.8,45.5,178.3,136.7,2.6,0.26,16.2,1031.6,0.06,136.9,46.9,183.8,145.6,2.8,0.28,17.2,1096.9,0.06,145.7,49.9,195.6,421.9,8.0,0.8,49.8,3183.5,0.18,422.3,144.8,567.1,37.84,0.0,0.0,37.84,39.11,0.0,0.0,39.11,0.0,0.0,0.0,2931.1,10.9,1847.4,0.0,0.0,0.0,0.0,0.0,1072.7,0.0,0.0,0.0,0.0,0.0,0.0,0.0,10.9,0.0
2050-02-06 05:00:00,2050-02-06 03:00:00,1231.6,0.0,0.0,20.9,1252.4,1194.9,1239.9,0.0,1579.7,0.0298,0.0322,battery,gas-cc,137.3,2.6,0.26,16.2,1035.9,0.06,137.4,47.1,184.5,141.5,2.7,0.27,16.7,1067.7,0.06,141.6,48.6,190.2,169.5,3.2,0.32,20.0,1277.3,0.07,169.6,58.1,227.8,472.0,8.9,0.89,55.8,3561.9,0.2,472.5,162.0,634.5,37.84,0.0,0.0,37.84,39.09,0.0,0.0,39.09,0.0,0.0,0.0,2832.1,12.6,1746.8,0.0,0.0,0.0,0.0,0.0,1072.7,0.0,0.0,0.0,0.0,0.0,0.0,0.0,12.6,0.0
2050-02-06 06:00:00,2050-02-06 04:00:00,1252.6,0.0,0.0,19.8,1272.4,1215.3,1258.7,0.0,1414.0,0.0298,0.0328,battery,gas-cc,144.7,2.7,0.27,17.1,1092.0,0.06,144.9,49.7,194.5,149.2,2.8,0.28,17.6,1125.6,0.06,149.3,51.2,200.5,232.5,4.4,0.44,27.5,1753.4,0.1,232.7,79.7,312.5,395.3,7.5,0.75,46.7,2983.0,0.17,395.7,135.6,531.4,37.84,0.0,0.0,37.84,39.12,0.0,0.0,39.12,0.0,0.0,0.0,2686.4,13.7,1600.0,0.0,0.0,0.0,0.0,0.0,1072.7,0.0,0.0,0.0,0.0,0.0,0.0,0.0,13.7,0.0
2050-02-06 07:00:00,2050-02-06 05:00:00,1353.7,0.0,0.0,24.5,1378.2,1312.9,1362.7,0.0,2141.9,0.0302,0.0354,battery,gas-ct,110.4,2.1,0.21,13.0,833.4,0.05,110.6,37.9,148.5,113.9,2.1,0.21,13.5,859.3,0.05,114.0,39.1,153.1,243.7,4.6,0.46,28.8,1838.2,0.11,243.9,83.6,327.5,557.9,10.5,1.05,65.9,4210.3,0.24,558.5,191.4,750.0,37.84,0.0,0.0,37.84,39.22,0.0,0.0,39.22,0.0,0.0,0.0,3520.1,15.5,2431.9,0.0,0.0,0.0,0.0,0.0,1072.7,0.0,0.0,0.0,0.0,0.0,0.0,0.0,15.5,0.0
2050-02-06 08:00:00,2050-02-06 06:00:00,1517.9,0.0,0.0,18.3,1536.2,1470.9,1518.3,0.0,2087.2,0.031,0.0397,battery,gas-cc,107.3,2.0,0.2,12.7,809.6,0.05,107.4,36.8,144.2,110.7,2.1,0.21,13.1,835.5,0.05,110.8,38.0,148.8,253.6,4.8,0.48,30.0,1913.2,0.11,253.9,87.0,340.9,425.0,8.0,0.8,50.2,3207.0,0.18,425.4,145.8,571.3,37.84,0.0,0.0,37.84,39.4,0.0,0.0,39.4,0.0,0.0,0.0,3623.4,18.0,2532.7,0.0,0.0,0.0,0.0,0.0,1072.7,0.0,0.0,0.0,0.0,0.0,0.0,0.0,18.0,0.0
2050-02-06 09:00:00,2050-02-06 07:00:00,1672.6,0.0,0.0,9.4,1682.0,1619.2,-1323.5,0.0,1444.0,0.032,0.0437,gas-cc,gas-cc,14.0,0.3,0.03,1.6,105.4,0.01,14.0,4.8,18.8,14.4,0.3,0.03,1.7,108.9,0.01,14.4,4.9,19.4,169.1,3.2,0.32,20.0,1275.5,0.07,169.3,58.0,227.3,379.0,7.1,0.71,44.8,2859.8,0.16,379.4,130.0,509.4,33.36,0.0,0.0,33.36,34.88,0.0,0.0,34.88,0.0,0.0,0.0,3126.0,3005.5,0.0,0.0,0.0,0.0,0.0,126.0,120.5,0.0,0.0,0.0,0.0,0.0,0.0,2857.9,21.7,0.0
2050-02-06 10:00:00,2050-02-06 08:00:00,1770.5,3660.0,0.0,13.1,5443.7,1712.7,-1799.7,0.0,1799.7,0.0327,0.0463,upv,upv,0.0,0.0,0.0,0.0,0.0,0.0,0.0,0.0,0.0,0.0,0.0,0.0,0.0,0.0,0.0,0.0,0.0,0.0,140.1,2.6,0.27,16.5,1055.9,0.06,140.2,48.0,188.2,0.0,0.0,0.0,0.0,0.0,0.0,0.0,0.0,0.0,0.0,0.0,0.0,0.0,0.0,0.0,0.0,0.0,0.0,1186.9,1186.9,7243.4,7243.4,0.0,0.0,0.0,0.0,0.0,355.1,0.0,0.0,0.0,0.0,0.0,0.0,0.0,6871.5,16.7,0.0
2050-02-06 11:00:00,2050-02-06 09:00:00,1745.3,4019.6,0.0,12.2,5777.0,1688.6,-1739.8,0.0,1739.8,0.0325,0.0456,upv,upv,0.0,0.0,0.0,0.0,0.0,0.0,0.0,0.0,0.0,0.0,0.0,0.0,0.0,0.0,0.0,0.0,0.0,0.0,140.5,2.7,0.27,16.6,1059.2,0.06,140.6,48.2,188.8,0.0,0.0,0.0,0.0,0.0,0.0,0.0,0.0,0.0,0.0,0.0,0.0,0.0,0.0,0.0,0.0,0.0,0.0,1456.4,1456.4,7516.8,7516.8,0.0,0.0,0.0,0.0,0.0,377.9,0.0,0.0,0.0,0.0,0.0,0.0,0.0,7119.0,20.0,0.0
2050-02-06 12:00:00,2050-02-06 10:00:00,1662.1,3406.0,0.0,10.7,5078.8,1609.1,-1640.0,0.0,1640.0,0.0319,0.0435,upv,upv,0.0,0.0,0.0,0.0,0.0,0.0,0.0,0.0,0.0,0.0,0.0,0.0,0.0,0.0,0.0,0.0,0.0,0.0,143.3,2.7,0.27,16.9,1080.4,0.06,143.5,49.1,192.6,0.0,0.0,0.0,0.0,0.0,0.0,0.0,0.0,0.0,0.0,0.0,0.0,0.0,0.0,0.0,0.0,0.0,0.0,1976.9,1976.9,6718.7,6718.7,0.0,0.0,0.0,0.0,0.0,365.4,0.0,0.0,0.0,0.0,0.0,0.0,0.0,6314.1,39.2,0.0
2050-02-06 13:00:00,2050-02-06 11:00:00,1592.6,3924.6,0.0,10.7,5527.9,1542.6,-1640.0,0.0,1640.0,0.0314,0.0416,upv,upv,0.0,0.0,0.0,0.0,0.0,0.0,0.0,0.0,0.0,0.0,0.0,0.0,0.0,0.0,0.0,0.0,0.0,0.0,164.6,3.1,0.31,19.4,1241.0,0.07,164.8,56.4,221.2,0.0,0.0,0.0,0.0,0.0,0.0,0.0,0.0,0.0,0.0,0.0,0.0,0.0,0.0,0.0,0.0,0.0,0.0,855.4,855.4,7167.9,7167.9,0.0,0.0,0.0,0.0,0.0,335.8,0.0,0.0,0.0,0.0,0.0,0.0,0.0,6763.6,68.5,0.0
2050-02-06 14:00:00,2050-02-06 12:00:00,1562.1,4019.6,0.0,13.0,5594.7,1513.3,-1792.9,0.0,1792.9,0.0312,0.0409,battery,upv,0.0,0.0,0.0,0.0,0.0,0.0,0.0,0.0,0.0,0.0,0.0,0.0,0.0,0.0,0.0,0.0,0.0,0.0,139.8,2.6,0.26,16.5,1054.3,0.06,140.0,48.0,188.0,0.0,0.0,0.0,0.0,0.0,0.0,0.0,0.0,0.0,0.0,0.0,0.0,0.0,0.0,0.0,0.0,0.0,0.0,0.0,0.0,7387.6,7387.6,0.0,0.0,0.0,0.0,0.0,307.5,0.0,0.0,0.0,0.0,0.0,0.0,0.0,6979.2,100.9,0.0
2050-02-06 15:00:00,2050-02-06 13:00:00,1533.7,3045.5,0.0,15.5,4594.6,1486.1,-1950.0,0.0,1950.0,0.031,0.0401,battery,upv,0.0,0.0,0.0,0.0,0.0,0.0,0.0,0.0,0.0,0.0,0.0,0.0,0.0,0.0,0.0,0.0,0.0,0.0,154.9,2.9,0.29,18.3,1168.0,0.07,155.1,53.1,208.2,0.0,0.0,0.0,0.0,0.0,0.0,0.0,0.0,0.0,0.0,0.0,0.0,0.0,0.0,0.0,0.0,0.0,109.8,0.0,109.8,6544.6,6544.6,0.0,0.0,0.0,0.0,0.0,276.3,0.0,0.0,0.0,0.0,0.0,0.0,0.0,6268.4,0.0,0.0
2050-02-06 16:00:00,2050-02-06 14:00:00,1512.6,2617.9,0.0,10.9,4141.5,1465.9,-1656.8,0.0,1656.8,0.0309,0.0396,battery,upv,0.0,0.0,0.0,0.0,0.0,0.0,0.0,0.0,0.0,0.0,0.0,0.0,0.0,0.0,0.0,0.0,0.0,0.0,139.8,2.6,0.26,16.5,1054.0,0.06,140.0,47.9,187.9,0.0,0.0,0.0,0.0,0.0,0.0,0.0,0.0,0.0,0.0,0.0,0.0,0.0,0.0,0.0,0.0,0.0,0.0,0.0,0.0,5798.3,5798.3,0.0,0.0,0.0,0.0,0.0,240.0,0.0,0.0,0.0,0.0,0.0,0.0,0.0,5447.7,110.6,0.0
2050-02-06 17:00:00,2050-02-06 15:00:00,1544.2,2431.9,0.0,2.8,3978.9,1496.2,-423.3,0.0,423.3,0.0311,0.0404,battery,distpv,0.0,0.0,0.0,0.0,0.0,0.0,0.0,0.0,0.0,0.0,0.0,0.0,0.0,0.0,0.0,0.0,0.0,0.0,139.8,2.6,0.26,16.5,1054.2,0.06,140.0,48.0,187.9,0.0,0.0,0.0,0.0,0.0,0.0,0.0,0.0,0.0,0.02,0.0,0.0,0.02,0.02,0.0,0.0,0.02,0.0,0.0,0.0,4402.1,4402.1,0.0,0.0,0.0,0.0,0.0,181.3,0.0,0.0,0.0,0.0,0.0,0.0,0.0,4113.2,107.7,0.0
2050-02-06 18:00:00,2050-02-06 16:00:00,1608.4,981.2,0.0,0.0,2589.6,1557.7,0.0,0.0,0.0,0.0315,0.0421,battery,gas-cc,0.0,0.0,0.0,0.0,0.0,0.0,0.0,0.0,0.0,0.0,0.0,0.0,0.0,0.0,0.0,0.0,0.0,0.0,139.9,2.6,0.26,16.5,1054.6,0.06,140.0,48.0,188.0,405.8,7.6,0.76,47.9,3062.1,0.18,406.2,139.2,545.5,31.88,0.0,0.0,31.88,33.28,0.0,0.0,33.28,0.0,0.0,0.0,2589.6,2589.6,0.0,0.0,0.0,0.0,0.0,105.7,0.0,0.0,0.0,0.0,0.0,0.0,0.0,2400.7,83.2,0.0
2050-02-06 19:00:00,2050-02-06 17:00:00,1736.8,0.0,0.0,6.8,1743.7,1680.5,1676.0,0.0,1049.3,0.0324,0.0454,battery,gas-cc,139.2,2.6,0.26,16.4,1050.4,0.06,139.3,47.8,187.1,143.9,2.7,0.27,17.0,1085.6,0.06,144.0,49.4,193.4,145.5,2.7,0.28,17.2,1096.1,0.06,145.6,49.9,195.5,428.7,8.1,0.81,50.6,3235.2,0.19,429.2,147.1,576.3,37.54,0.0,0.0,37.54,39.32,0.0,0.0,39.32,0.0,0.0,0.0,2793.0,67.7,1652.6,0.0,0.0,0.0,0.0,0.0,1072.7,0.0,0.0,0.0,0.0,0.0,0.0,0.0,67.7,0.0
2050-02-06 20:00:00,2050-02-06 18:00:00,1894.7,0.0,0.0,7.4,1902.1,1830.9,1859.7,0.0,1135.9,0.0337,0.0495,battery,gas-cc,128.0,2.4,0.24,15.1,965.6,0.06,128.1,43.9,172.0,132.4,2.5,0.25,15.6,999.3,0.06,132.6,45.4,178.0,145.5,2.7,0.28,17.2,1096.6,0.06,145.7,49.9,195.6,430.6,8.1,0.81,50.9,3249.2,0.19,431.0,147.7,578.8,37.54,0.0,0.0,37.54,39.49,0.0,0.0,39.49,0.0,0.0,0.0,3038.0,42.4,1922.9,0.0,0.0,0.0,0.0,0.0,1072.7,0.0,0.0,0.0,0.0,0.0,0.0,0.0,42.4,0.0
2050-02-06 21:00:00,2050-02-06 19:00:00,1902.1,0.0,0.0,10.1,1912.2,1837.9,1892.8,0.0,1546.9,0.0337,0.0497,battery,gas-cc,112.4,2.1,0.21,13.3,848.1,0.05,112.5,38.6,151.1,116.3,2.2,0.22,13.7,877.7,0.05,116.4,39.9,156.4,146.0,2.8,0.28,17.2,1099.9,0.06,146.1,50.0,196.2,430.7,8.1,0.81,50.9,3249.9,0.19,431.1,147.8,578.9,37.54,0.0,0.0,37.54,39.5,0.0,0.0,39.5,0.0,0.0,0.0,3459.1,19.3,2367.0,0.0,0.0,0.0,0.0,0.0,1072.7,0.0,0.0,0.0,0.0,0.0,0.0,0.0,19.3,0.0
2050-02-06 22:00:00,2050-02-06 20:00:00,1822.1,0.0,0.0,9.1,1831.2,1761.8,1823.0,0.0,1392.8,0.0331,0.0477,battery,gas-cc,120.6,2.3,0.23,14.2,910.0,0.05,120.7,41.4,162.1,124.7,2.4,0.24,14.7,941.1,0.05,124.8,42.8,167.6,196.7,3.7,0.37,23.2,1483.0,0.09,196.9,67.5,264.3,429.7,8.1,0.81,50.8,3242.7,0.19,430.2,147.4,577.6,37.54,0.0,0.0,37.54,39.41,0.0,0.0,39.41,0.0,0.0,0.0,3223.9,8.1,2143.1,0.0,0.0,0.0,0.0,0.0,1072.7,0.0,0.0,0.0,0.0,0.0,0.0,0.0,8.1,0.0
2050-02-06 23:00:00,2050-02-06 21:00:00,1747.4,0.0,0.0,7.0,1754.4,1690.6,1748.3,0.0,1077.9,0.0325,0.0457,battery,gas-cc,137.3,2.6,0.26,16.2,1035.8,0.06,137.4,47.1,184.5,141.9,2.7,0.27,16.8,1070.6,0.06,142.0,48.7,190.7,145.4,2.7,0.28,17.2,1095.4,0.06,145.5,49.8,195.4,428.8,8.1,0.81,50.7,3236.1,0.19,429.3,147.1,576.4,37.54,0.0,0.0,37.54,39.33,0.0,0.0,39.33,0.0,0.0,0.0,2832.2,6.1,1753.4,0.0,0.0,0.0,0.0,0.0,1072.7,0.0,0.0,0.0,0.0,0.0,0.0,0.0,6.1,0.0
2050-02-07 00:00:00,2050-02-06 22:00:00,1628.4,0.0,0.0,10.7,1639.1,1576.9,1630.6,0.0,1640.0,0.0316,0.0426,battery,gas-cc,118.6,2.2,0.22,14.0,894.7,0.05,118.7,40.7,159.4,122.4,2.3,0.23,14.5,923.9,0.05,122.6,42.0,164.6,145.6,2.7,0.28,17.2,1096.7,0.06,145.7,49.9,195.6,424.8,8.0,0.8,50.2,3205.5,0.18,425.2,145.8,571.0,37.47,0.0,0.0,37.47,39.14,0.0,0.0,39.14,0.0,0.0,0.0,3279.0,8.5,2197.8,0.0,0.0,0.0,0.0,0.0,1072.7,0.0,0.0,0.0,0.0,0.0,0.0,0.0,8.5,0.0
2050-02-07 01:00:00,2050-02-06 23:00:00,1494.7,0.0,0.0,7.7,1502.4,1448.7,1486.9,0.0,1181.2,0.0308,0.0391,battery,gas-cc,144.9,2.7,0.27,17.1,1093.2,0.06,145.0,49.7,194.7,149.5,2.8,0.28,17.7,1127.9,0.06,149.6,51.3,200.9,144.2,2.7,0.27,17.0,1086.6,0.06,144.3,49.4,193.8,429.0,8.1,0.81,50.7,3237.1,0.19,429.4,147.2,576.6,37.47,0.0,0.0,37.47,39.0,0.0,0.0,39.0,0.0,0.0,0.0,2683.7,15.5,1595.4,0.0,0.0,0.0,0.0,0.0,1072.7,0.0,0.0,0.0,0.0,0.0,0.0,0.0,15.5,0.0
2050-02-07 02:00:00,2050-02-07 00:00:00,1371.6,0.0,0.0,10.7,1382.2,1330.1,1361.9,0.0,1640.0,0.0302,0.0359,battery,gas-cc,128.6,2.4,0.24,15.2,970.7,0.06,128.8,44.1,172.9,132.6,2.5,0.25,15.7,1001.0,0.06,132.8,45.5,178.3,144.6,2.7,0.27,17.1,1089.7,0.06,144.8,49.6,194.3,421.8,7.9,0.79,49.8,3183.1,0.18,422.3,144.7,567.0,37.47,0.0,0.0,37.47,38.87,0.0,0.0,38.87,0.0,0.0,0.0,3022.2,20.3,1929.1,0.0,0.0,0.0,0.0,0.0,1072.7,0.0,0.0,0.0,0.0,0.0,0.0,0.0,20.3,0.0
2050-02-07 03:00:00,2050-02-07 01:00:00,1296.8,0.0,0.0,8.1,1304.9,1258.0,1282.1,0.0,1238.5,0.03,0.0339,battery,gas-cc,152.8,2.9,0.29,18.1,1153.4,0.07,153.0,52.4,205.5,157.6,3.0,0.3,18.6,1189.1,0.07,157.7,54.1,211.8,145.0,2.7,0.28,17.1,1092.9,0.06,145.2,49.7,194.9,426.7,8.0,0.8,50.4,3219.8,0.18,427.1,146.4,573.5,37.47,0.0,0.0,37.47,38.79,0.0,0.0,38.79,0.0,0.0,0.0,2543.4,22.8,1447.9,0.0,0.0,0.0,0.0,0.0,1072.7,0.0,0.0,0.0,0.0,0.0,0.0,0.0,22.8,0.0
2050-02-07 04:00:00,2050-02-07 02:00:00,1252.6,0.0,0.0,0.6,1253.2,1215.3,1236.4,0.0,93.3,0.0298,0.0328,battery,gas-cc,288.7,5.4,0.54,34.1,2178.7,0.13,289.0,99.1,388.1,297.6,5.6,0.56,35.2,2245.7,0.13,297.9,102.1,400.0,145.2,2.7,0.28,17.2,1093.8,0.06,145.3,49.8,195.1,426.2,8.0,0.8,50.3,3216.0,0.18,426.6,146.2,572.9,37.47,0.0,0.0,37.47,38.74,0.0,0.0,38.74,0.0,0.0,0.0,1346.5,16.8,257.0,0.0,0.0,0.0,0.0,0.0,1072.7,0.0,0.0,0.0,0.0,0.0,0.0,0.0,16.8,0.0
2050-02-07 05:00:00,2050-02-07 03:00:00,1224.2,0.0,0.0,0.2,1224.5,1187.8,1211.2,0.0,37.7,0.0298,0.032,battery,gas-cc,308.0,5.8,0.58,36.4,2324.3,0.13,308.3,105.7,414.0,317.5,6.0,0.6,37.5,2395.6,0.14,317.8,108.9,426.7,146.5,2.8,0.29,17.3,1095.1,0.07,146.7,50.0,196.6,420.1,7.9,0.79,49.6,3170.4,0.18,420.6,144.2,564.8,37.47,0.0,0.0,37.47,38.71,0.0,0.0,38.71,0.0,0.0,0.0,1262.2,13.2,176.2,0.0,0.0,0.0,0.0,0.0,1072.7,0.0,0.0,0.0,0.0,0.0,0.0,0.0,13.2,0.0
2050-02-07 06:00:00,2050-02-07 04:00:00,1245.3,0.0,0.0,9.2,1254.5,1208.1,1244.3,0.0,1416.1,0.0298,0.0326,battery,gas-cc,145.6,2.7,0.27,17.2,1098.5,0.06,145.7,49.9,195.7,150.0,2.8,0.28,17.7,1132.3,0.07,150.2,51.5,201.7,159.9,3.0,0.3,18.9,1205.6,0.07,160.1,54.8,215.0,421.8,8.0,0.8,49.8,3183.3,0.18,422.3,144.7,567.0,37.47,0.0,0.0,37.47,38.73,0.0,0.0,38.73,0.0,0.0,0.0,2670.6,10.2,1587.7,0.0,0.0,0.0,0.0,0.0,1072.7,0.0,0.0,0.0,0.0,0.0,0.0,0.0,10.2,0.0
2050-02-07 07:00:00,2050-02-07 05:00:00,1329.5,0.0,0.0,7.8,1337.3,1289.5,1326.6,0.0,1204.0,0.0301,0.0348,gas-cc,gas-cc,153.0,2.9,0.29,18.1,1154.4,0.07,153.1,52.5,205.6,157.7,3.0,0.3,18.6,1190.2,0.07,157.9,54.1,212.0,144.6,2.7,0.27,17.1,1089.3,0.06,144.7,49.6,194.3,364.5,6.9,0.69,43.1,2750.3,0.16,364.9,125.1,489.9,37.47,0.0,0.0,37.47,38.82,0.0,0.0,38.82,0.0,0.0,0.0,2541.3,10.7,1457.8,0.0,0.0,0.0,0.0,0.0,1072.7,0.0,0.0,0.0,0.0,0.0,0.0,0.0,10.7,0.0
2050-02-07 08:00:00,2050-02-07 06:00:00,1487.4,0.0,0.0,7.7,1495.0,1441.6,1477.0,0.0,1179.3,0.0308,0.0389,battery,gas-cc,145.4,2.7,0.27,17.2,1097.0,0.06,145.5,49.9,195.4,150.0,2.8,0.28,17.7,1131.8,0.07,150.1,51.5,201.6,144.6,2.7,0.27,17.1,1089.9,0.06,144.8,49.6,194.4,428.9,8.1,0.81,50.7,3236.5,0.19,429.4,147.2,576.5,37.47,0.0,0.0,37.47,38.99,0.0,0.0,38.99,0.0,0.0,0.0,2674.3,18.1,1583.5,0.0,0.0,0.0,0.0,0.0,1072.7,0.0,0.0,0.0,0.0,0.0,0.0,0.0,18.1,0.0
2050-02-07 09:00:00,2050-02-07 07:00:00,1636.8,0.0,0.0,5.3,1642.2,1584.9,354.2,0.0,819.3,0.0317,0.0428,battery,gas-cc,157.9,3.0,0.3,18.7,1191.9,0.07,158.1,54.2,212.3,163.1,3.1,0.31,19.3,1230.9,0.07,163.3,56.0,219.3,144.0,2.7,0.27,17.0,1085.1,0.06,144.2,49.4,193.6,430.6,8.1,0.81,50.9,3249.7,0.19,431.1,147.8,578.9,37.47,0.0,0.0,37.47,39.15,0.0,0.0,39.15,0.0,0.0,0.0,2461.4,1288.0,100.7,0.0,0.0,0.0,0.0,52.9,1072.7,0.0,0.0,0.0,0.0,0.0,0.0,1200.4,34.7,0.0
2050-02-07 10:00:00,2050-02-07 08:00:00,1736.8,2529.8,0.0,15.4,4282.0,1680.5,-1946.1,0.0,1946.1,0.0324,0.0454,battery,gas-cc,0.0,0.0,0.0,0.0,0.0,0.0,0.0,0.0,0.0,0.0,0.0,0.0,0.0,0.0,0.0,0.0,0.0,0.0,190.5,3.6,0.36,22.5,1436.5,0.08,190.7,65.3,256.0,315.8,6.0,0.6,37.3,2383.5,0.14,316.2,108.4,424.6,24.51,0.0,0.0,24.51,25.68,0.0,0.0,25.68,0.0,0.0,0.0,6228.1,6228.1,0.0,0.0,0.0,0.0,0.0,261.3,0.0,0.0,0.0,0.0,0.0,0.0,0.0,5929.1,37.7,0.0
2050-02-07 11:00:00,2050-02-07 09:00:00,1716.8,4019.6,0.0,28.9,5765.3,1661.4,-2816.0,0.0,2816.0,0.0323,0.0449,upv,upv,0.0,0.0,0.0,0.0,0.0,0.0,0.0,0.0,0.0,0.0,0.0,0.0,0.0,0.0,0.0,0.0,0.0,0.0,145.9,2.8,0.28,17.2,1100.3,0.06,146.1,50.0,196.1,0.0,0.0,0.0,0.0,0.0,0.0,0.0,0.0,0.0,0.0,0.0,0.0,0.0,0.0,0.0,0.0,0.0,0.0,187.2,187.2,8581.3,8581.3,0.0,0.0,0.0,0.0,0.0,368.5,0.0,0.0,0.0,0.0,0.0,0.0,0.0,8175.0,37.9,0.0
2050-02-07 12:00:00,2050-02-07 10:00:00,1638.9,4019.6,0.0,28.9,5687.4,1587.0,-2816.0,0.0,2816.0,0.0317,0.0429,upv,upv,0.0,0.0,0.0,0.0,0.0,0.0,0.0,0.0,0.0,0.0,0.0,0.0,0.0,0.0,0.0,0.0,0.0,0.0,139.9,2.6,0.26,16.5,1054.8,0.06,140.1,48.0,188.1,0.0,0.0,0.0,0.0,0.0,0.0,0.0,0.0,0.0,0.0,0.0,0.0,0.0,0.0,0.0,0.0,0.0,0.0,49.7,49.7,8503.4,8503.4,0.0,0.0,0.0,0.0,0.0,359.4,0.0,0.0,0.0,0.0,0.0,0.0,0.0,8105.7,38.3,0.0
2050-02-07 13:00:00,2050-02-07 11:00:00,1564.2,3986.6,0.0,26.3,5577.1,1515.4,-2646.3,0.0,2646.3,0.0312,0.0409,battery,gas-cc,0.0,0.0,0.0,0.0,0.0,0.0,0.0,0.0,0.0,0.0,0.0,0.0,0.0,0.0,0.0,0.0,0.0,0.0,142.6,2.7,0.27,16.9,1075.4,0.06,142.8,48.9,191.7,319.2,6.0,0.6,37.7,2408.9,0.14,319.6,109.5,429.1,24.51,0.0,0.0,24.51,25.56,0.0,0.0,25.56,0.0,0.0,0.0,8223.4,8223.4,0.0,0.0,0.0,0.0,0.0,345.4,0.0,0.0,0.0,0.0,0.0,0.0,0.0,7838.7,39.3,0.0
2050-02-07 14:00:00,2050-02-07 12:00:00,1530.5,3990.5,0.0,28.1,5549.1,1483.0,-2766.2,0.0,2766.2,0.031,0.04,battery,gas-cc,0.0,0.0,0.0,0.0,0.0,0.0,0.0,0.0,0.0,0.0,0.0,0.0,0.0,0.0,0.0,0.0,0.0,0.0,140.5,2.7,0.27,16.6,1059.6,0.06,140.7,48.2,188.9,318.9,6.0,0.6,37.7,2406.7,0.14,319.3,109.4,428.7,24.51,0.0,0.0,24.51,25.53,0.0,0.0,25.53,0.0,0.0,0.0,8315.3,8315.3,0.0,0.0,0.0,0.0,0.0,349.2,0.0,0.0,0.0,0.0,0.0,0.0,0.0,7922.7,43.5,0.0
2050-02-07 15:00:00,2050-02-07 13:00:00,1523.2,3622.2,0.0,28.9,5174.2,1476.0,-2814.6,0.0,2814.6,0.031,0.0398,battery,gas-cc,0.0,0.0,0.0,0.0,0.0,0.0,0.0,0.0,0.0,0.0,0.0,0.0,0.0,0.0,0.0,0.0,0.0,0.0,140.5,2.7,0.27,16.6,1059.4,0.06,140.7,48.2,188.9,318.9,6.0,0.6,37.7,2406.2,0.14,319.2,109.4,428.6,24.51,0.0,0.0,24.51,25.53,0.0,0.0,25.53,0.0,0.0,0.0,7988.7,7988.7,0.0,0.0,0.0,0.0,0.0,335.1,0.0,0.0,0.0,0.0,0.0,0.0,0.0,7606.1,47.6,0.0
2050-02-07 16:00:00,2050-02-07 14:00:00,1523.2,2525.0,0.0,20.0,4068.2,1476.0,-2245.7,0.0,2245.7,0.031,0.0398,battery,gas-cc,0.0,0.0,0.0,0.0,0.0,0.0,0.0,0.0,0.0,0.0,0.0,0.0,0.0,0.0,0.0,0.0,0.0,0.0,139.8,2.6,0.26,16.5,1054.0,0.06,140.0,47.9,187.9,318.9,6.0,0.6,37.7,2406.2,0.14,319.2,109.4,428.6,24.51,0.0,0.0,24.51,25.53,0.0,0.0,25.53,0.0,0.0,0.0,6313.9,6313.9,0.0,0.0,0.0,0.0,0.0,264.4,0.0,0.0,0.0,0.0,0.0,0.0,0.0,6000.2,49.4,0.0
2050-02-07 17:00:00,2050-02-07 15:00:00,1574.7,2431.9,0.0,13.5,4020.1,1525.5,-568.4,445.3,1013.7,0.0313,0.0412,battery,gas-cc,0.0,0.0,0.0,0.0,0.0,0.0,0.0,0.0,0.0,0.0,0.0,0.0,0.0,0.0,0.0,0.0,0.0,0.0,139.9,2.6,0.26,16.5,1054.4,0.06,140.0,48.0,188.0,319.3,6.0,0.6,37.7,2409.6,0.14,319.7,109.6,429.2,26.32,0.0,0.0,26.32,27.45,0.0,0.0,27.45,0.0,0.0,0.0,4588.5,4588.5,0.0,0.0,0.0,0.0,0.0,190.7,0.0,0.0,0.0,0.0,0.0,0.0,0.0,4329.7,68.1,0.0
2050-02-07 18:00:00,2050-02-07 16:00:00,1649.5,0.0,0.0,10.7,1660.1,1597.0,-313.2,0.0,1640.0,0.0318,0.0431,battery,gas-cc,117.8,2.2,0.22,13.9,889.0,0.05,117.9,40.4,158.4,121.7,2.3,0.23,14.4,918.1,0.05,121.8,41.7,163.6,143.3,2.7,0.27,16.9,1079.6,0.06,143.4,49.1,192.5,426.5,8.0,0.8,50.4,3218.5,0.18,427.0,146.3,573.3,37.47,0.0,0.0,37.47,39.16,0.0,0.0,39.16,0.0,0.0,0.0,3300.1,1973.3,254.0,0.0,0.0,0.0,0.0,80.1,1072.7,0.0,0.0,0.0,0.0,0.0,0.0,1817.5,75.7,0.0
2050-02-07 19:00:00,2050-02-07 17:00:00,1778.9,0.0,0.0,10.7,1789.6,1720.7,1684.1,0.0,1640.0,0.0327,0.0465,battery,gas-cc,113.4,2.1,0.21,13.4,855.4,0.05,113.5,38.9,152.4,117.2,2.2,0.22,13.8,884.4,0.05,117.3,40.2,157.5,146.2,2.8,0.28,17.3,1101.4,0.06,146.3,50.1,196.4,426.5,8.0,0.8,50.4,3218.7,0.18,427.0,146.4,573.3,37.47,0.0,0.0,37.47,39.3,0.0,0.0,39.3,0.0,0.0,0.0,3429.6,105.5,2251.4,0.0,0.0,0.0,0.0,0.0,1072.7,0.0,0.0,0.0,0.0,0.0,0.0,0.0,105.5,0.0
2050-02-07 20:00:00,2050-02-07 18:00:00,1928.4,0.0,0.0,10.7,1939.1,1862.9,1810.0,0.0,1640.0,0.034,0.0504,battery,gas-cc,108.6,2.0,0.2,12.8,819.7,0.05,108.7,37.3,146.0,112.4,2.1,0.21,13.3,848.5,0.05,112.6,38.6,151.1,146.5,2.8,0.28,17.3,1103.7,0.06,146.6,50.2,196.9,428.3,8.1,0.81,50.6,3231.9,0.19,428.7,147.0,575.7,37.47,0.0,0.0,37.47,39.46,0.0,0.0,39.46,0.0,0.0,0.0,3579.0,129.1,2377.2,0.0,0.0,0.0,0.0,0.0,1072.7,0.0,0.0,0.0,0.0,0.0,0.0,0.0,129.1,0.0
2050-02-07 21:00:00,2050-02-07 19:00:00,1932.6,0.0,0.0,10.7,1943.3,1866.9,1816.8,0.0,1640.0,0.034,0.0505,battery,gas-cc,108.5,2.0,0.2,12.8,818.7,0.05,108.6,37.2,145.8,112.3,2.1,0.21,13.3,847.5,0.05,112.4,38.5,151.0,146.4,2.8,0.28,17.3,1103.0,0.06,146.6,50.2,196.7,428.3,8.1,0.81,50.6,3232.3,0.19,428.8,147.0,575.8,37.47,0.0,0.0,37.47,39.47,0.0,0.0,39.47,0.0,0.0,0.0,3583.3,126.5,2384.0,0.0,0.0,0.0,0.0,0.0,1072.7,0.0,0.0,0.0,0.0,0.0,0.0,0.0,126.5,0.0
2050-02-07 22:00:00,2050-02-07 20:00:00,1845.3,0.0,0.0,8.7,1854.0,1783.9,1680.5,0.0,1340.5,0.0333,0.0483,battery,gas-cc,121.7,2.3,0.23,14.4,918.4,0.05,121.8,41.8,163.6,125.9,2.4,0.24,14.9,950.0,0.05,126.0,43.2,169.2,146.3,2.8,0.28,17.3,1102.4,0.06,146.5,50.2,196.6,433.1,8.2,0.82,51.2,3268.3,0.19,433.6,148.6,582.2,37.47,0.0,0.0,37.47,39.37,0.0,0.0,39.37,0.0,0.0,0.0,3194.5,173.5,1948.2,0.0,0.0,0.0,0.0,0.0,1072.7,0.0,0.0,0.0,0.0,0.0,0.0,0.0,173.5,0.0
2050-02-07 23:00:00,2050-02-07 21:00:00,1745.3,0.0,0.0,10.7,1755.9,1688.6,1562.5,0.0,1640.0,0.0325,0.0456,battery,gas-cc,114.5,2.2,0.22,13.5,863.9,0.05,114.6,39.3,153.9,118.3,2.2,0.22,14.0,892.9,0.05,118.5,40.6,159.1,145.7,2.8,0.28,17.2,1097.7,0.06,145.8,49.9,195.8,426.1,8.0,0.8,50.3,3215.7,0.18,426.6,146.2,572.8,37.47,0.0,0.0,37.47,39.26,0.0,0.0,39.26,0.0,0.0,0.0,3395.9,193.4,2129.7,0.0,0.0,0.0,0.0,0.0,1072.7,0.0,0.0,0.0,0.0,0.0,0.0,0.0,193.4,0.0
2050-02-08 00:00:00,2050-02-07 22:00:00,1610.5,0.0,0.0,2.5,1613.1,1559.8,1396.5,0.0,389.0,0.0315,0.0421,battery,gas-cc,194.2,3.7,0.37,22.9,1465.3,0.08,194.4,66.6,261.0,200.5,3.8,0.38,23.7,1513.0,0.09,200.7,68.8,269.5,259.2,4.9,0.49,30.6,1955.2,0.11,259.5,88.9,348.4,460.8,8.7,0.87,54.4,3477.1,0.2,461.3,158.1,619.4,41.46,0.0,0.0,41.46,43.29,0.0,0.0,43.29,0.0,0.0,0.0,2002.1,216.5,712.8,0.0,0.0,0.0,0.0,0.0,1072.7,0.0,0.0,0.0,0.0,0.0,0.0,0.0,216.5,0.0
2050-02-08 01:00:00,2050-02-07 23:00:00,1466.3,0.0,0.0,9.2,1475.5,1421.3,1240.0,0.0,1413.5,0.0307,0.0383,battery,gas-cc,134.6,2.5,0.25,15.9,1015.5,0.06,134.7,46.2,180.9,138.8,2.6,0.26,16.4,1047.6,0.06,139.0,47.6,186.6,179.4,3.4,0.34,21.2,1352.5,0.08,179.6,61.5,241.1,512.6,9.7,0.97,60.6,3868.3,0.22,513.2,175.9,689.1,41.46,0.0,0.0,41.46,43.12,0.0,0.0,43.12,0.0,0.0,0.0,2889.0,235.5,1580.7,0.0,0.0,0.0,0.0,0.0,1072.7,0.0,0.0,0.0,0.0,0.0,0.0,0.0,235.5,0.0
2050-02-08 02:00:00,2050-02-08 00:00:00,1325.3,0.0,0.0,10.7,1335.9,1285.4,1113.9,0.0,1640.0,0.0301,0.0347,battery,gas-cc,130.6,2.5,0.25,15.4,985.8,0.06,130.8,44.8,175.6,134.7,2.5,0.25,15.9,1016.4,0.06,134.8,46.2,181.0,146.5,2.8,0.28,17.3,1104.1,0.06,146.7,50.2,196.9,510.7,9.6,0.96,60.3,3853.5,0.22,511.2,175.2,686.4,41.46,0.0,0.0,41.46,42.95,0.0,0.0,42.95,0.0,0.0,0.0,2975.9,222.0,1681.1,0.0,0.0,0.0,0.0,0.0,1072.7,0.0,0.0,0.0,0.0,0.0,0.0,0.0,222.0,0.0
2050-02-08 03:00:00,2050-02-08 01:00:00,1242.1,0.0,0.0,10.3,1252.4,1205.1,1073.2,0.0,1587.2,0.0298,0.0325,battery,gas-cc,136.9,2.6,0.26,16.2,1033.1,0.06,137.1,47.0,184.0,141.1,2.7,0.27,16.7,1064.9,0.06,141.3,48.4,189.7,143.6,2.7,0.27,17.0,1082.3,0.06,143.8,49.2,193.0,509.5,9.6,0.96,60.2,3844.8,0.22,510.1,174.8,684.9,41.46,0.0,0.0,41.46,42.86,0.0,0.0,42.86,0.0,0.0,0.0,2839.6,179.2,1587.7,0.0,0.0,0.0,0.0,0.0,1072.7,0.0,0.0,0.0,0.0,0.0,0.0,0.0,179.2,0.0
2050-02-08 04:00:00,2050-02-08 02:00:00,1193.7,0.0,0.0,9.1,1202.8,1158.2,1012.9,0.0,1401.7,0.0297,0.0312,battery,gas-cc,149.3,2.8,0.28,17.6,1126.4,0.06,149.4,51.2,200.6,153.8,2.9,0.29,18.2,1160.9,0.07,154.0,52.8,206.8,151.8,2.9,0.3,18.0,1137.2,0.07,152.0,51.9,203.8,508.8,9.6,0.96,60.1,3839.8,0.22,509.4,174.6,684.0,41.46,0.0,0.0,41.46,42.8,0.0,0.0,42.8,0.0,0.0,0.0,2604.5,189.9,1341.8,0.0,0.0,0.0,0.0,0.0,1072.7,0.0,0.0,0.0,0.0,0.0,0.0,0.0,189.9,0.0
2050-02-08 05:00:00,2050-02-08 03:00:00,1167.4,0.0,0.0,10.7,1178.0,1132.7,974.3,0.0,1640.0,0.0297,0.0305,battery,gas-cc,138.0,2.6,0.26,16.3,1041.0,0.06,138.1,47.3,185.4,142.2,2.7,0.27,16.8,1072.9,0.06,142.3,48.8,191.1,144.8,2.8,0.28,17.1,1087.0,0.06,145.0,49.5,194.5,508.5,9.6,0.96,60.1,3837.1,0.22,509.0,174.5,683.5,41.46,0.0,0.0,41.46,42.77,0.0,0.0,42.77,0.0,0.0,0.0,2818.0,203.7,1541.6,0.0,0.0,0.0,0.0,0.0,1072.7,0.0,0.0,0.0,0.0,0.0,0.0,0.0,203.7,0.0
2050-02-08 06:00:00,2050-02-08 04:00:00,1180.0,0.0,0.0,10.0,1190.0,1144.9,993.8,0.0,1539.6,0.0297,0.0309,battery,gas-cc,142.4,2.7,0.27,16.8,1074.8,0.06,142.6,48.9,191.4,146.8,2.8,0.28,17.3,1107.7,0.06,146.9,50.4,197.3,157.4,3.3,0.38,18.8,1111.9,0.09,157.6,51.9,209.5,508.7,9.6,0.96,60.1,3838.4,0.22,509.2,174.5,683.7,41.46,0.0,0.0,41.46,42.78,0.0,0.0,42.78,0.0,0.0,0.0,2729.6,196.2,1460.7,0.0,0.0,0.0,0.0,0.0,1072.7,0.0,0.0,0.0,0.0,0.0,0.0,0.0,196.2,0.0
2050-02-08 07:00:00,2050-02-08 05:00:00,1252.6,0.0,0.0,9.3,1261.9,1215.3,1074.2,0.0,1432.2,0.0298,0.0328,battery,gas-cc,144.3,2.7,0.27,17.0,1088.9,0.06,144.5,49.5,194.0,148.7,2.8,0.28,17.6,1122.4,0.06,148.9,51.0,199.9,144.4,2.7,0.27,17.1,1088.3,0.06,144.6,49.5,194.1,509.7,9.6,0.96,60.2,3845.9,0.22,510.2,174.9,685.1,41.46,0.0,0.0,41.46,42.87,0.0,0.0,42.87,0.0,0.0,0.0,2694.2,187.7,1433.7,0.0,0.0,0.0,0.0,0.0,1072.7,0.0,0.0,0.0,0.0,0.0,0.0,0.0,187.7,0.0
2050-02-08 08:00:00,2050-02-08 06:00:00,1394.7,0.0,0.0,10.7,1405.4,1352.4,1209.9,0.0,1640.0,0.0303,0.0365,battery,gas-cc,127.7,2.4,0.24,15.1,963.3,0.06,127.8,43.8,171.6,131.6,2.5,0.25,15.6,993.5,0.06,131.8,45.2,177.0,164.5,3.1,0.31,19.4,1239.7,0.07,164.6,56.4,221.0,511.6,9.6,0.96,60.4,3860.7,0.22,512.2,175.5,687.7,41.46,0.0,0.0,41.46,43.03,0.0,0.0,43.03,0.0,0.0,0.0,3045.4,195.5,1777.1,0.0,0.0,0.0,0.0,0.0,1072.7,0.0,0.0,0.0,0.0,0.0,0.0,0.0,195.5,0.0
2050-02-08 09:00:00,2050-02-08 07:00:00,1546.3,0.0,0.0,2.1,1548.5,1498.2,1057.2,0.0,328.4,0.0311,0.0404,battery,gas-cc,207.1,3.9,0.39,24.5,1563.0,0.09,207.4,71.1,278.4,213.8,4.0,0.4,25.3,1613.2,0.09,214.0,73.4,287.4,142.0,2.7,0.27,16.8,1070.1,0.06,142.1,48.7,190.8,513.7,9.7,0.97,60.7,3876.7,0.22,514.3,176.3,690.6,41.46,0.0,0.0,41.46,43.21,0.0,0.0,43.21,0.0,0.0,0.0,1876.9,491.2,312.9,0.0,0.0,0.0,0.0,13.3,1072.7,0.0,0.0,0.0,0.0,0.0,0.0,301.7,176.2,0.0
2050-02-08 10:00:00,2050-02-08 08:00:00,1647.4,0.0,0.0,1.3,1648.7,1595.0,84.7,84.7,0.0,0.0318,0.0431,battery,gas-cc,0.0,0.0,0.0,0.0,0.0,0.0,0.0,0.0,0.0,0.0,0.0,0.0,0.0,0.0,0.0,0.0,0.0,0.0,139.9,2.6,0.26,16.5,1054.9,0.06,140.1,48.0,188.1,346.8,6.5,0.65,41.0,2617.3,0.15,347.2,119.0,466.2,28.01,0.0,0.0,28.01,29.27,0.0,0.0,29.27,0.0,0.0,0.0,1563.9,1563.9,0.0,0.0,0.0,0.0,0.0,60.0,0.0,0.0,0.0,0.0,0.0,0.0,0.0,1360.3,143.7,0.0
2050-02-08 11:00:00,2050-02-08 09:00:00,1647.4,2130.7,0.0,0.4,3778.4,1595.0,22.8,22.8,0.0,0.0318,0.0431,battery,gas-cc,0.0,0.0,0.0,0.0,0.0,0.0,0.0,0.0,0.0,0.0,0.0,0.0,0.0,0.0,0.0,0.0,0.0,0.0,146.4,2.8,0.28,17.3,1103.8,0.06,146.6,50.2,196.8,346.8,6.5,0.65,41.0,2617.3,0.15,347.2,119.0,466.2,28.01,0.0,0.0,28.01,29.27,0.0,0.0,29.27,0.0,0.0,0.0,3755.6,3755.6,0.0,0.0,0.0,0.0,0.0,151.0,0.0,0.0,0.0,0.0,0.0,0.0,0.0,3428.2,176.4,0.0
2050-02-08 12:00:00,2050-02-08 10:00:00,1585.3,4019.6,0.0,0.9,5605.7,1535.5,-138.3,0.0,138.3,0.0314,0.0415,battery,gas-cc,0.0,0.0,0.0,0.0,0.0,0.0,0.0,0.0,0.0,0.0,0.0,0.0,0.0,0.0,0.0,0.0,0.0,0.0,139.9,2.6,0.26,16.5,1054.5,0.06,140.0,48.0,188.0,346.2,6.5,0.65,40.9,2612.8,0.15,346.6,118.8,465.4,27.43,0.0,0.0,27.43,28.62,0.0,0.0,28.62,0.0,0.0,0.0,5744.0,5744.0,0.0,0.0,0.0,0.0,0.0,235.8,0.0,0.0,0.0,0.0,0.0,0.0,0.0,5354.0,154.2,0.0
2050-02-08 13:00:00,2050-02-08 11:00:00,1528.4,4019.6,0.0,8.4,5556.4,1481.0,-1289.5,0.0,1289.5,0.031,0.04,battery,gas-cc,0.0,0.0,0.0,0.0,0.0,0.0,0.0,0.0,0.0,0.0,0.0,0.0,0.0,0.0,0.0,0.0,0.0,0.0,145.4,2.7,0.28,17.2,1096.4,0.06,145.6,49.9,195.5,345.7,6.5,0.65,40.8,2608.8,0.15,346.1,118.6,464.7,27.43,0.0,0.0,27.43,28.58,0.0,0.0,28.58,0.0,0.0,0.0,6845.9,6845.9,0.0,0.0,0.0,0.0,0.0,282.6,0.0,0.0,0.0,0.0,0.0,0.0,0.0,6413.8,149.6,0.0
2050-02-08 14:00:00,2050-02-08 12:00:00,1526.3,4019.6,0.0,4.1,5550.0,1479.0,-632.8,0.0,632.8,0.031,0.0399,battery,gas-cc,0.0,0.0,0.0,0.0,0.0,0.0,0.0,0.0,0.0,0.0,0.0,0.0,0.0,0.0,0.0,0.0,0.0,0.0,139.8,2.6,0.26,16.5,1054.1,0.06,140.0,47.9,187.9,345.7,6.5,0.65,40.8,2608.6,0.15,346.1,118.6,464.7,27.43,0.0,0.0,27.43,28.58,0.0,0.0,28.58,0.0,0.0,0.0,6182.8,6182.8,0.0,0.0,0.0,0.0,0.0,255.5,0.0,0.0,0.0,0.0,0.0,0.0,0.0,5796.6,130.7,0.0
2050-02-08 15:00:00,2050-02-08 13:00:00,1528.4,4019.6,0.0,1.1,5549.1,1481.0,-172.4,0.0,172.4,0.031,0.04,battery,gas-cc,0.0,0.0,0.0,0.0,0.0,0.0,0.0,0.0,0.0,0.0,0.0,0.0,0.0,0.0,0.0,0.0,0.0,0.0,139.8,2.6,0.26,16.5,1054.1,0.06,140.0,47.9,187.9,345.7,6.5,0.65,40.8,2608.8,0.15,346.1,118.6,464.7,27.43,0.0,0.0,27.43,28.58,0.0,0.0,28.58,0.0,0.0,0.0,5721.5,5721.5,0.0,0.0,0.0,0.0,0.0,237.3,0.0,0.0,0.0,0.0,0.0,0.0,0.0,5383.0,101.2,0.0
2050-02-08 16:00:00,2050-02-08 14:00:00,1517.9,2050.8,0.0,0.0,3568.7,1470.9,0.0,0.0,0.0,0.031,0.0397,battery,gas-cc,0.0,0.0,0.0,0.0,0.0,0.0,0.0,0.0,0.0,0.0,0.0,0.0,0.0,0.0,0.0,0.0,0.0,0.0,139.8,2.6,0.26,16.5,1054.0,0.06,140.0,47.9,187.9,353.6,6.7,0.67,41.8,2668.1,0.15,353.9,121.3,475.3,28.01,0.0,0.0,28.01,29.16,0.0,0.0,29.16,0.0,0.0,0.0,3568.7,3568.7,0.0,0.0,0.0,0.0,0.0,144.2,0.0,0.0,0.0,0.0,0.0,0.0,0.0,3271.5,153.0,0.0
2050-02-08 17:00:00,2050-02-08 15:00:00,1551.6,1271.4,0.0,0.0,2823.0,1503.2,0.0,0.0,0.0,0.0312,0.0406,battery,gas-cc,0.0,0.0,0.0,0.0,0.0,0.0,0.0,0.0,0.0,0.0,0.0,0.0,0.0,0.0,0.0,0.0,0.0,0.0,157.7,3.0,0.3,18.6,1189.3,0.07,157.9,54.1,212.0,353.9,6.7,0.67,41.8,2670.5,0.15,354.3,121.4,475.7,28.01,0.0,0.0,28.01,29.19,0.0,0.0,29.19,0.0,0.0,0.0,2823.0,2823.0,0.0,0.0,0.0,0.0,0.0,112.1,0.0,0.0,0.0,0.0,0.0,0.0,0.0,2544.5,166.4,0.0
2050-02-08 18:00:00,2050-02-08 16:00:00,1605.3,0.0,0.0,5.3,1610.6,1554.7,-342.8,0.0,342.8,0.0315,0.042,battery,gas-cc,0.0,0.0,0.0,0.0,0.0,0.0,0.0,0.0,0.0,0.0,0.0,0.0,0.0,0.0,0.0,0.0,0.0,0.0,145.7,2.7,0.28,17.2,1098.2,0.06,145.8,50.0,195.8,371.6,7.0,0.7,43.9,2804.4,0.16,372.0,127.5,499.6,29.66,0.0,0.0,29.66,30.96,0.0,0.0,30.96,0.0,0.0,0.0,1953.3,1953.3,0.0,0.0,0.0,0.0,0.0,75.7,0.0,0.0,0.0,0.0,0.0,0.0,0.0,1717.3,160.4,0.0
2050-02-08 19:00:00,2050-02-08 17:00:00,1704.2,0.0,0.0,0.0,1704.2,1649.4,1597.4,0.0,0.0,0.0322,0.0446,battery,gas-cc,0.0,0.0,0.0,0.0,0.0,0.0,0.0,0.0,0.0,0.0,0.0,0.0,0.0,0.0,0.0,0.0,0.0,0.0,145.8,2.8,0.28,17.2,1098.7,0.06,146.0,50.0,196.0,378.0,7.1,0.71,44.7,2852.3,0.16,378.4,129.7,508.1,32.98,0.0,0.0,32.98,34.52,0.0,0.0,34.52,0.0,0.0,0.0,1704.2,106.8,1597.4,0.0,0.0,0.0,0.0,0.2,0.0,0.0,0.0,0.0,0.0,0.0,0.0,5.3,101.3,0.0
2050-02-08 20:00:00,2050-02-08 18:00:00,1861.1,0.0,0.0,0.0,1861.1,1798.9,1746.3,0.0,0.0,0.0334,0.0487,battery,gas-cc,0.0,0.0,0.0,0.0,0.0,0.0,0.0,0.0,0.0,0.0,0.0,0.0,0.0,0.0,0.0,0.0,0.0,0.0,144.8,2.7,0.27,17.1,1091.0,0.06,144.9,49.6,194.6,379.6,7.2,0.72,44.8,2864.6,0.16,380.0,130.3,510.3,32.98,0.0,0.0,32.98,34.67,0.0,0.0,34.67,0.0,0.0,0.0,1861.1,114.8,1746.3,0.0,0.0,0.0,0.0,0.0,0.0,0.0,0.0,0.0,0.0,0.0,0.0,0.0,114.8,0.0
2050-02-08 21:00:00,2050-02-08 19:00:00,1894.7,0.0,0.0,0.0,1894.7,1830.9,1787.7,0.0,0.0,0.0337,0.0495,battery,gas-cc,0.0,0.0,0.0,0.0,0.0,0.0,0.0,0.0,0.0,0.0,0.0,0.0,0.0,0.0,0.0,0.0,0.0,0.0,146.0,2.8,0.28,17.3,1100.0,0.06,146.2,50.0,196.2,380.0,7.2,0.72,44.9,2867.3,0.16,380.4,130.4,510.8,32.98,0.0,0.0,32.98,34.7,0.0,0.0,34.7,0.0,0.0,0.0,1894.7,107.0,1787.7,0.0,0.0,0.0,0.0,0.0,0.0,0.0,0.0,0.0,0.0,0.0,0.0,0.0,107.0,0.0
2050-02-08 22:00:00,2050-02-08 20:00:00,1809.5,0.0,0.0,0.0,1809.5,1749.8,1750.5,0.0,0.0,0.033,0.0473,battery,gas-cc,0.0,0.0,0.0,0.0,0.0,0.0,0.0,0.0,0.0,0.0,0.0,0.0,0.0,0.0,0.0,0.0,0.0,0.0,154.8,2.9,0.3,18.3,1161.2,0.07,155.0,52.9,207.9,379.1,7.1,0.71,44.8,2860.6,0.16,379.5,130.1,509.6,32.98,0.0,0.0,32.98,34.62,0.0,0.0,34.62,0.0,0.0,0.0,1809.5,59.0,1750.5,0.0,0.0,0.0,0.0,0.0,0.0,0.0,0.0,0.0,0.0,0.0,0.0,0.0,59.0,0.0
2050-02-08 23:00:00,2050-02-08 21:00:00,1718.9,0.0,0.0,0.0,1718.9,1663.5,1664.9,0.0,0.0,0.0323,0.045,battery,gas-cc,0.0,0.0,0.0,0.0,0.0,0.0,0.0,0.0,0.0,0.0,0.0,0.0,0.0,0.0,0.0,0.0,0.0,0.0,147.0,2.8,0.28,17.4,1106.8,0.06,147.1,50.4,197.5,378.1,7.1,0.71,44.7,2853.5,0.16,378.5,129.7,508.3,32.98,0.0,0.0,32.98,34.54,0.0,0.0,34.54,0.0,0.0,0.0,1718.9,54.0,1664.9,0.0,0.0,0.0,0.0,0.0,0.0,0.0,0.0,0.0,0.0,0.0,0.0,0.0,54.0,0.0
2050-02-09 00:00:00,2050-02-08 22:00:00,1590.5,0.0,0.0,0.0,1590.5,1540.6,1536.6,0.0,0.0,0.0314,0.0416,battery,gas-cc,62.3,1.2,0.12,7.4,470.4,0.03,62.4,21.4,83.8,64.4,1.2,0.12,7.6,485.7,0.03,64.4,22.1,86.5,281.8,7.1,1.05,34.5,1654.1,0.28,282.3,83.8,366.1,403.8,7.6,0.76,47.7,3046.8,0.18,404.2,138.5,542.7,35.21,0.0,0.0,35.21,36.74,0.0,0.0,36.74,0.0,0.0,0.0,1590.5,53.9,1263.0,0.0,0.0,0.0,0.0,0.0,273.6,0.0,0.0,0.0,0.0,0.0,0.0,0.0,53.9,0.0
2050-02-09 01:00:00,2050-02-08 23:00:00,1448.4,0.0,0.0,0.0,1448.4,1404.1,1430.9,0.0,0.0,0.0306,0.0379,battery,gas-cc,68.5,1.3,0.13,8.1,516.6,0.03,68.5,23.5,92.0,70.6,1.3,0.13,8.3,532.9,0.03,70.7,24.2,94.9,263.8,5.0,0.5,31.2,1989.6,0.11,264.1,90.5,354.5,402.2,7.6,0.76,47.5,3035.1,0.17,402.6,138.0,540.6,35.21,0.0,0.0,35.21,36.6,0.0,0.0,36.6,0.0,0.0,0.0,1448.4,17.5,1157.3,0.0,0.0,0.0,0.0,0.0,273.6,0.0,0.0,0.0,0.0,0.0,0.0,0.0,17.5,0.0
2050-02-09 02:00:00,2050-02-09 00:00:00,1325.3,0.0,0.0,0.0,1325.3,1285.4,1317.1,0.0,0.0,0.0301,0.0347,battery,gas-cc,74.8,1.4,0.14,8.8,564.6,0.03,74.9,25.7,100.6,77.1,1.5,0.15,9.1,582.1,0.03,77.2,26.5,103.7,143.9,2.7,0.27,17.0,1084.2,0.06,144.0,49.3,193.4,400.9,7.6,0.76,47.4,3025.0,0.17,401.3,137.5,538.8,35.21,0.0,0.0,35.21,36.47,0.0,0.0,36.47,0.0,0.0,0.0,1325.3,8.1,1043.5,0.0,0.0,0.0,0.0,0.0,273.6,0.0,0.0,0.0,0.0,0.0,0.0,0.0,8.1,0.0
2050-02-09 03:00:00,2050-02-09 01:00:00,1245.3,0.0,0.0,0.0,1245.3,1208.1,1238.0,0.0,0.0,0.0298,0.0326,battery,gas-cc,79.6,1.5,0.15,9.4,600.9,0.03,79.7,27.3,107.0,82.1,1.5,0.15,9.7,619.3,0.04,82.2,28.2,110.3,145.2,2.7,0.28,17.2,1094.1,0.06,145.4,49.8,195.1,400.0,7.5,0.75,47.3,3018.4,0.17,400.4,137.2,537.7,35.21,0.0,0.0,35.21,36.4,0.0,0.0,36.4,0.0,0.0,0.0,1245.3,7.3,964.4,0.0,0.0,0.0,0.0,0.0,273.6,0.0,0.0,0.0,0.0,0.0,0.0,0.0,7.3,0.0
2050-02-09 04:00:00,2050-02-09 02:00:00,1201.1,0.0,0.0,1.8,1202.9,1165.3,1188.6,118.4,0.0,0.0297,0.0314,battery,gas-cc,91.4,1.7,0.17,10.8,690.0,0.04,91.5,31.4,122.9,85.0,1.6,0.16,10.0,641.1,0.04,85.0,29.2,114.2,144.9,2.7,0.27,17.1,1092.1,0.06,145.1,49.7,194.8,399.5,7.5,0.75,47.2,3014.8,0.17,399.9,137.1,537.0,35.21,0.0,0.0,35.21,36.35,0.0,0.0,36.35,0.0,0.0,0.0,1084.5,14.3,796.6,0.0,0.0,0.0,0.0,0.0,273.6,0.0,0.0,0.0,0.0,0.0,0.0,0.0,14.3,0.0
2050-02-09 05:00:00,2050-02-09 03:00:00,1170.5,0.0,0.0,0.0,1170.5,1135.8,1149.3,0.0,0.0,0.0297,0.0306,battery,gas-cc,84.7,1.6,0.16,10.0,639.2,0.04,84.8,29.1,113.9,87.3,1.6,0.16,10.3,658.8,0.04,87.4,30.0,117.4,144.3,2.7,0.27,17.1,1087.6,0.06,144.5,49.5,194.0,399.2,7.5,0.75,47.2,3012.3,0.17,399.6,137.0,536.6,35.21,0.0,0.0,35.21,36.32,0.0,0.0,36.32,0.0,0.0,0.0,1170.5,21.3,875.7,0.0,0.0,0.0,0.0,0.0,273.6,0.0,0.0,0.0,0.0,0.0,0.0,0.0,21.3,0.0
2050-02-09 06:00:00,2050-02-09 04:00:00,1188.4,0.0,0.0,6.1,1194.5,1153.1,1158.0,390.6,0.0,0.0297,0.0311,battery,gas-cc,123.3,2.3,0.23,14.6,930.7,0.05,123.5,42.3,165.8,85.6,1.6,0.16,10.1,645.6,0.04,85.6,29.4,115.0,144.3,2.7,0.27,17.1,1087.7,0.06,144.5,49.5,194.0,399.4,7.5,0.75,47.2,3013.8,0.17,399.8,137.0,536.8,35.21,0.0,0.0,35.21,36.34,0.0,0.0,36.34,0.0,0.0,0.0,803.9,36.5,493.9,0.0,0.0,0.0,0.0,0.0,273.6,0.0,0.0,0.0,0.0,0.0,0.0,0.0,36.5,0.0
2050-02-09 07:00:00,2050-02-09 05:00:00,1268.4,0.0,0.0,0.0,1268.4,1230.5,1226.4,0.0,0.0,0.0299,0.0332,battery,gas-cc,78.2,1.5,0.15,9.2,589.9,0.03,78.3,26.8,105.1,80.6,1.5,0.15,9.5,608.1,0.04,80.7,27.7,108.3,147.5,2.8,0.28,17.4,1107.8,0.07,147.6,50.5,198.1,400.2,7.5,0.75,47.3,3020.3,0.17,400.7,137.3,538.0,35.21,0.0,0.0,35.21,36.42,0.0,0.0,36.42,0.0,0.0,0.0,1268.4,42.0,952.8,0.0,0.0,0.0,0.0,0.0,273.6,0.0,0.0,0.0,0.0,0.0,0.0,0.0,42.0,0.0
2050-02-09 08:00:00,2050-02-09 06:00:00,1428.4,0.0,0.0,0.0,1428.4,1384.9,1391.1,0.0,0.0,0.0305,0.0374,battery,gas-cc,69.4,1.3,0.13,8.2,523.8,0.03,69.5,23.8,93.3,71.6,1.3,0.13,8.5,540.3,0.03,71.7,24.6,96.2,207.1,4.1,0.44,24.6,1522.5,0.1,207.4,70.0,277.4,402.0,7.6,0.76,47.5,3033.4,0.17,402.4,137.9,540.3,35.21,0.0,0.0,35.21,36.58,0.0,0.0,36.58,0.0,0.0,0.0,1428.4,37.3,1117.5,0.0,0.0,0.0,0.0,0.0,273.6,0.0,0.0,0.0,0.0,0.0,0.0,0.0,37.3,0.0
2050-02-09 09:00:00,2050-02-09 07:00:00,1580.0,0.0,0.0,11.0,1591.0,1530.5,-1662.2,0.0,1662.2,0.0313,0.0413,gas-cc,gas-cc,0.0,0.0,0.0,0.0,0.0,0.0,0.0,0.0,0.0,0.0,0.0,0.0,0.0,0.0,0.0,0.0,0.0,0.0,152.4,2.9,0.29,18.0,1145.8,0.07,152.6,52.2,204.8,366.9,6.9,0.69,43.3,2769.1,0.16,367.3,125.9,493.3,30.13,0.0,0.0,30.13,31.43,0.0,0.0,31.43,0.0,0.0,0.0,3253.2,3253.2,0.0,0.0,0.0,0.0,0.0,136.2,0.0,0.0,0.0,0.0,0.0,0.0,0.0,3092.2,24.8,0.0
2050-02-09 10:00:00,2050-02-09 08:00:00,1680.0,3502.0,0.0,0.0,5182.0,1626.2,0.0,0.0,0.0,0.032,0.0439,upv,upv,0.0,0.0,0.0,0.0,0.0,0.0,0.0,0.0,0.0,0.0,0.0,0.0,0.0,0.0,0.0,0.0,0.0,0.0,151.2,2.9,0.29,17.9,1139.9,0.07,151.3,51.8,203.2,0.0,0.0,0.0,0.0,0.0,0.0,0.0,0.0,0.0,0.0,0.0,0.0,0.0,0.0,0.0,0.0,0.0,14.8,3285.4,3300.2,5182.0,5182.0,0.0,0.0,0.0,0.0,0.0,357.3,0.0,0.0,0.0,0.0,0.0,0.0,0.0,4824.7,0.0,0.0
2050-02-09 11:00:00,2050-02-09 09:00:00,1654.7,3600.8,0.0,0.0,5255.6,1602.1,0.0,0.0,0.0,0.0318,0.0433,upv,upv,0.0,0.0,0.0,0.0,0.0,0.0,0.0,0.0,0.0,0.0,0.0,0.0,0.0,0.0,0.0,0.0,0.0,0.0,149.7,2.8,0.28,17.7,1129.1,0.07,149.9,51.4,201.3,0.0,0.0,0.0,0.0,0.0,0.0,0.0,0.0,0.0,0.0,0.0,0.0,0.0,0.0,0.0,0.0,0.0,12.5,4095.9,4108.4,5255.6,5255.6,0.0,0.0,0.0,0.0,0.0,394.8,0.0,0.0,0.0,0.0,0.0,0.0,0.0,4860.8,0.0,0.0
2050-02-09 12:00:00,2050-02-09 10:00:00,1580.0,3016.4,0.0,0.0,4596.4,1530.5,0.0,0.0,0.0,0.0313,0.0413,upv,upv,0.0,0.0,0.0,0.0,0.0,0.0,0.0,0.0,0.0,0.0,0.0,0.0,0.0,0.0,0.0,0.0,0.0,0.0,139.9,2.6,0.26,16.5,1054.4,0.06,140.0,48.0,188.0,0.0,0.0,0.0,0.0,0.0,0.0,0.0,0.0,0.0,0.0,0.0,0.0,0.0,0.0,0.0,0.0,0.0,9.1,4505.2,4514.3,4596.4,4596.4,0.0,0.0,0.0,0.0,0.0,384.0,0.0,0.0,0.0,0.0,0.0,0.0,0.0,4212.4,0.0,0.0
2050-02-09 13:00:00,2050-02-09 11:00:00,1526.3,3854.9,0.0,0.0,5381.2,1479.0,0.0,0.0,0.0,0.031,0.0399,upv,upv,0.0,0.0,0.0,0.0,0.0,0.0,0.0,0.0,0.0,0.0,0.0,0.0,0.0,0.0,0.0,0.0,0.0,0.0,292.1,5.5,0.55,34.5,2203.8,0.13,292.4,100.2,392.6,0.0,0.0,0.0,0.0,0.0,0.0,0.0,0.0,0.0,0.0,0.0,0.0,0.0,0.0,0.0,0.0,0.0,9.0,3410.1,3419.1,5381.2,5381.2,0.0,0.0,0.0,0.0,0.0,371.0,0.0,0.0,0.0,0.0,0.0,0.0,0.0,5010.2,0.0,0.0
2050-02-09 14:00:00,2050-02-09 12:00:00,1515.8,3435.1,0.0,0.0,4950.9,1468.9,0.0,0.0,0.0,0.0309,0.0396,upv,upv,0.0,0.0,0.0,0.0,0.0,0.0,0.0,0.0,0.0,0.0,0.0,0.0,0.0,0.0,0.0,0.0,0.0,0.0,149.8,2.8,0.28,17.7,1129.4,0.07,150.0,51.4,201.3,0.0,0.0,0.0,0.0,0.0,0.0,0.0,0.0,0.0,0.0,0.0,0.0,0.0,0.0,0.0,0.0,0.0,15.7,3779.7,3795.4,4950.9,4950.9,0.0,0.0,0.0,0.0,0.0,368.5,0.0,0.0,0.0,0.0,0.0,0.0,0.0,4582.4,0.0,0.0
2050-02-09 15:00:00,2050-02-09 13:00:00,1523.2,3430.2,0.0,0.0,4953.3,1476.0,-0.0,0.0,0.0,0.031,0.0398,upv,upv,0.0,0.0,0.0,0.0,0.0,0.0,0.0,0.0,0.0,0.0,0.0,0.0,0.0,0.0,0.0,0.0,0.0,0.0,142.4,2.7,0.27,16.8,1073.3,0.06,142.5,48.8,191.3,0.0,0.0,0.0,0.0,0.0,0.0,0.0,0.0,0.0,0.0,0.0,0.0,0.0,0.0,0.0,0.0,0.0,0.0,4112.5,4112.5,4953.3,4953.3,0.0,0.0,0.0,0.0,0.0,381.5,0.0,0.0,0.0,0.0,0.0,0.0,0.0,4546.9,25.0,0.0
2050-02-09 16:00:00,2050-02-09 14:00:00,1521.1,2850.6,0.0,0.0,4371.7,1473.9,0.0,0.0,0.0,0.031,0.0398,upv,upv,0.0,0.0,0.0,0.0,0.0,0.0,0.0,0.0,0.0,0.0,0.0,0.0,0.0,0.0,0.0,0.0,0.0,0.0,139.8,2.6,0.26,16.5,1054.0,0.06,140.0,47.9,187.9,0.0,0.0,0.0,0.0,0.0,0.0,0.0,0.0,0.0,0.0,0.0,0.0,0.0,0.0,0.0,0.0,0.0,0.0,5114.5,5114.5,4371.7,4371.7,0.0,0.0,0.0,0.0,0.0,398.1,0.0,0.0,0.0,0.0,0.0,0.0,0.0,3919.7,53.9,0.0
2050-02-09 17:00:00,2050-02-09 15:00:00,1562.1,3435.1,0.0,0.0,4997.2,1513.3,0.0,0.0,0.0,0.0312,0.0409,upv,upv,0.0,0.0,0.0,0.0,0.0,0.0,0.0,0.0,0.0,0.0,0.0,0.0,0.0,0.0,0.0,0.0,0.0,0.0,143.2,2.7,0.27,16.9,1077.8,0.06,143.3,49.1,192.4,0.0,0.0,0.0,0.0,0.0,0.0,0.0,0.0,0.0,0.0,0.0,0.0,0.0,0.0,0.0,0.0,0.0,0.0,4167.7,4167.7,4997.2,4997.2,0.0,0.0,0.0,0.0,0.0,383.6,0.0,0.0,0.0,0.0,0.0,0.0,0.0,4537.0,76.6,0.0
2050-02-09 18:00:00,2050-02-09 16:00:00,1633.7,2431.9,0.0,9.1,4074.7,1581.9,-1397.9,0.0,1397.9,0.0317,0.0427,hydro,gas-cc,0.0,0.0,0.0,0.0,0.0,0.0,0.0,0.0,0.0,0.0,0.0,0.0,0.0,0.0,0.0,0.0,0.0,0.0,143.3,2.7,0.27,16.9,1080.6,0.06,143.5,49.2,192.6,399.4,7.5,0.75,47.2,3014.1,0.17,399.8,137.1,536.9,19.22,0.0,0.0,19.22,20.07,0.0,0.0,20.07,0.0,0.0,0.0,5472.6,5472.6,0.0,0.0,0.0,0.0,0.0,226.1,0.0,0.0,0.0,0.0,0.0,0.0,0.0,5131.0,115.4,0.0
2050-02-09 19:00:00,2050-02-09 17:00:00,1760.0,0.0,0.0,9.6,1769.6,1702.6,1550.5,0.0,1479.7,0.0326,0.046,battery,gas-cc,30.5,0.6,0.06,3.6,230.3,0.01,30.5,10.5,41.0,31.5,0.6,0.06,3.7,238.0,0.01,31.6,10.8,42.4,145.6,2.8,0.28,17.2,1096.9,0.06,145.8,49.9,195.7,407.0,7.7,0.77,48.1,3071.3,0.18,407.4,139.7,547.1,34.5,0.0,0.0,34.5,36.16,0.0,0.0,36.16,0.0,0.0,0.0,3249.3,219.1,2756.6,0.0,0.0,0.0,0.0,2.5,273.6,0.0,0.0,0.0,0.0,0.0,0.0,56.9,159.7,0.0
2050-02-09 20:00:00,2050-02-09 18:00:00,1909.5,0.0,0.0,10.7,1920.1,1844.9,1746.4,0.0,1640.0,0.0338,0.0499,battery,gas-cc,27.9,0.5,0.05,3.3,210.2,0.01,27.9,9.6,37.4,28.8,0.5,0.05,3.4,217.5,0.01,28.9,9.9,38.8,146.2,2.8,0.28,17.3,1101.7,0.06,146.4,50.1,196.5,389.6,7.3,0.73,46.0,2940.2,0.17,390.0,133.7,523.7,34.5,0.0,0.0,34.5,36.31,0.0,0.0,36.31,0.0,0.0,0.0,3560.1,173.8,3112.7,0.0,0.0,0.0,0.0,0.0,273.6,0.0,0.0,0.0,0.0,0.0,0.0,0.0,173.8,0.0
2050-02-09 21:00:00,2050-02-09 19:00:00,1909.5,0.0,0.0,7.3,1916.7,1844.9,1781.7,0.0,1118.9,0.0338,0.0499,battery,gas-cc,32.7,0.6,0.06,3.9,246.5,0.01,32.7,11.2,43.9,33.8,0.6,0.06,4.0,255.1,0.01,33.8,11.6,45.4,145.4,2.7,0.28,17.2,1095.8,0.06,145.6,49.9,195.4,408.7,7.7,0.77,48.3,3084.0,0.18,409.1,140.2,549.3,34.5,0.0,0.0,34.5,36.31,0.0,0.0,36.31,0.0,0.0,0.0,3035.7,135.0,2627.1,0.0,0.0,0.0,0.0,0.0,273.6,0.0,0.0,0.0,0.0,0.0,0.0,0.0,135.0,0.0
2050-02-09 22:00:00,2050-02-09 20:00:00,1816.8,0.0,0.0,6.4,1823.2,1756.8,1732.3,0.0,984.0,0.033,0.0475,battery,gas-cc,35.3,0.7,0.07,4.2,266.5,0.02,35.4,12.1,47.5,36.5,0.7,0.07,4.3,275.7,0.02,36.6,12.5,49.1,145.8,2.8,0.28,17.2,1098.3,0.06,145.9,50.0,195.9,407.6,7.7,0.77,48.2,3076.1,0.18,408.1,139.9,547.9,34.5,0.0,0.0,34.5,36.22,0.0,0.0,36.22,0.0,0.0,0.0,2807.2,90.9,2442.7,0.0,0.0,0.0,0.0,0.0,273.6,0.0,0.0,0.0,0.0,0.0,0.0,0.0,90.9,0.0
2050-02-09 23:00:00,2050-02-09 21:00:00,1716.8,0.0,0.0,5.6,1722.5,1661.4,1673.7,0.0,866.1,0.0323,0.0449,battery,gas-cc,38.3,0.7,0.07,4.5,289.0,0.02,38.3,13.1,51.5,39.6,0.7,0.07,4.7,298.7,0.02,39.6,13.6,53.2,145.8,2.8,0.28,17.2,1098.6,0.06,146.0,50.0,195.9,406.5,7.7,0.77,48.0,3067.7,0.18,407.0,139.5,546.4,34.5,0.0,0.0,34.5,36.12,0.0,0.0,36.12,0.0,0.0,0.0,2588.6,48.8,2266.2,0.0,0.0,0.0,0.0,0.0,273.6,0.0,0.0,0.0,0.0,0.0,0.0,0.0,48.8,0.0
2050-02-10 00:00:00,2050-02-09 22:00:00,1595.8,0.0,0.0,1.6,1597.4,1545.6,1565.1,0.0,249.1,0.0314,0.0417,gas-cc,gas-cc,53.7,1.0,0.1,6.3,405.2,0.02,53.8,18.4,72.2,55.4,1.0,0.1,6.6,418.4,0.02,55.5,19.0,74.5,145.5,2.7,0.28,17.2,1096.5,0.06,145.7,49.9,195.6,367.1,6.9,0.69,43.4,2770.3,0.16,367.5,126.0,493.5,37.47,0.0,0.0,37.47,39.1,0.0,0.0,39.1,0.0,0.0,0.0,1846.5,32.3,1540.6,0.0,0.0,0.0,0.0,0.0,273.6,0.0,0.0,0.0,0.0,0.0,0.0,0.0,32.3,0.0
2050-02-10 01:00:00,2050-02-09 23:00:00,1443.2,0.0,0.0,0.0,1443.2,1399.1,1421.9,0.0,0.0,0.0306,0.0377,battery,gas-cc,68.7,1.3,0.13,8.1,518.5,0.03,68.8,23.6,92.4,70.9,1.3,0.13,8.4,534.8,0.03,70.9,24.3,95.3,145.7,2.8,0.28,17.2,1097.6,0.06,145.8,49.9,195.8,422.6,8.0,0.8,49.9,3189.3,0.18,423.1,145.0,568.1,37.47,0.0,0.0,37.47,38.94,0.0,0.0,38.94,0.0,0.0,0.0,1443.2,21.3,1148.3,0.0,0.0,0.0,0.0,0.0,273.6,0.0,0.0,0.0,0.0,0.0,0.0,0.0,21.3,0.0
2050-02-10 02:00:00,2050-02-10 00:00:00,1316.8,0.0,0.0,1.5,1318.4,1277.3,1303.5,0.0,237.7,0.03,0.0344,battery,gas-cc,63.7,1.2,0.12,7.5,480.8,0.03,63.8,21.9,85.7,65.7,1.2,0.12,7.8,495.7,0.03,65.8,22.5,88.3,144.6,2.7,0.27,17.1,1089.9,0.06,144.8,49.6,194.4,426.9,8.0,0.8,50.4,3221.5,0.19,427.4,146.5,573.9,37.47,0.0,0.0,37.47,38.81,0.0,0.0,38.81,0.0,0.0,0.0,1556.1,14.9,1267.6,0.0,0.0,0.0,0.0,0.0,273.6,0.0,0.0,0.0,0.0,0.0,0.0,0.0,14.9,0.0
2050-02-10 03:00:00,2050-02-10 01:00:00,1242.1,0.0,0.0,1.8,1243.9,1205.1,1233.2,0.0,280.8,0.0298,0.0325,battery,gas-cc,65.0,1.2,0.12,7.7,490.7,0.03,65.1,22.3,87.4,67.0,1.3,0.13,7.9,505.8,0.03,67.1,23.0,90.1,145.1,2.7,0.28,17.1,1093.3,0.06,145.3,49.7,195.0,421.8,7.9,0.79,49.8,3183.0,0.18,422.3,144.7,567.0,37.47,0.0,0.0,37.47,38.73,0.0,0.0,38.73,0.0,0.0,0.0,1524.7,10.7,1240.4,0.0,0.0,0.0,0.0,0.0,273.6,0.0,0.0,0.0,0.0,0.0,0.0,0.0,10.7,0.0
2050-02-10 04:00:00,2050-02-10 02:00:00,1201.1,0.0,0.0,1.0,1202.0,1165.3,1191.7,0.0,150.0,0.0297,0.0314,hydro,gas-cc,73.3,1.4,0.14,8.7,553.4,0.03,73.4,25.2,98.6,75.6,1.4,0.14,8.9,570.4,0.03,75.7,25.9,101.6,145.2,2.7,0.28,17.2,1094.4,0.06,145.4,49.8,195.2,363.2,6.8,0.68,42.9,2740.7,0.16,363.6,124.6,488.2,37.47,0.0,0.0,37.47,38.69,0.0,0.0,38.69,0.0,0.0,0.0,1352.0,10.3,1068.1,0.0,0.0,0.0,0.0,0.0,273.6,0.0,0.0,0.0,0.0,0.0,0.0,0.0,10.3,0.0
2050-02-10 05:00:00,2050-02-10 03:00:00,1172.6,0.0,0.0,6.3,1178.9,1137.8,1165.9,0.0,969.2,0.0297,0.0307,battery,gas-cc,46.2,0.9,0.09,5.5,348.3,0.02,46.2,15.8,62.0,47.6,0.9,0.09,5.6,359.0,0.02,47.6,16.3,64.0,144.8,2.7,0.27,17.1,1091.1,0.06,144.9,49.6,194.6,421.0,7.9,0.79,49.7,3177.1,0.18,421.5,144.5,565.9,37.47,0.0,0.0,37.47,38.66,0.0,0.0,38.66,0.0,0.0,0.0,2148.1,13.0,1861.5,0.0,0.0,0.0,0.0,0.0,273.6,0.0,0.0,0.0,0.0,0.0,0.0,0.0,13.0,0.0
2050-02-10 06:00:00,2050-02-10 04:00:00,1190.5,0.0,0.0,0.8,1191.3,1155.1,1185.2,0.0,123.9,0.0297,0.0311,hydro,gas-cc,75.4,1.4,0.14,8.9,568.9,0.03,75.5,25.9,101.3,77.7,1.5,0.15,9.2,586.3,0.03,77.8,26.7,104.4,145.1,2.7,0.28,17.1,1093.5,0.06,145.3,49.8,195.0,363.1,6.8,0.68,42.9,2740.0,0.16,363.5,124.6,488.1,37.47,0.0,0.0,37.47,38.68,0.0,0.0,38.68,0.0,0.0,0.0,1315.2,6.1,1035.5,0.0,0.0,0.0,0.0,0.0,273.6,0.0,0.0,0.0,0.0,0.0,0.0,0.0,6.1,0.0
2050-02-10 07:00:00,2050-02-10 05:00:00,1263.2,0.0,0.0,5.0,1268.2,1225.4,1261.5,0.0,768.6,0.0299,0.033,gas-cc,gas-cc,48.7,0.9,0.09,5.8,367.4,0.02,48.7,16.7,65.4,50.2,0.9,0.09,5.9,378.7,0.02,50.2,17.2,67.5,145.5,2.7,0.28,17.2,1096.5,0.06,145.7,49.9,195.6,363.8,6.9,0.69,43.0,2745.3,0.16,364.2,124.8,489.0,37.47,0.0,0.0,37.47,38.75,0.0,0.0,38.75,0.0,0.0,0.0,2036.7,6.6,1756.5,0.0,0.0,0.0,0.0,0.0,273.6,0.0,0.0,0.0,0.0,0.0,0.0,0.0,6.6,0.0
2050-02-10 08:00:00,2050-02-10 06:00:00,1423.2,0.0,0.0,6.1,1429.3,1379.8,1420.1,0.0,943.3,0.0305,0.0372,battery,gas-cc,41.8,0.8,0.08,4.9,315.4,0.02,41.8,14.3,56.2,43.1,0.8,0.08,5.1,325.3,0.02,43.2,14.8,57.9,145.9,2.8,0.28,17.2,1099.1,0.06,146.0,50.0,196.0,423.9,8.0,0.8,50.1,3198.7,0.18,424.3,145.4,569.8,37.47,0.0,0.0,37.47,38.92,0.0,0.0,38.92,0.0,0.0,0.0,2372.6,9.2,2089.8,0.0,0.0,0.0,0.0,0.0,273.6,0.0,0.0,0.0,0.0,0.0,0.0,0.0,9.2,0.0
2050-02-10 09:00:00,2050-02-10 07:00:00,1569.5,0.0,0.0,9.4,1578.9,1520.4,-1444.9,0.0,1444.9,0.0313,0.041,battery,gas-cc,0.0,0.0,0.0,0.0,0.0,0.0,0.0,0.0,0.0,0.0,0.0,0.0,0.0,0.0,0.0,0.0,0.0,0.0,141.7,2.7,0.27,16.7,1067.9,0.06,141.8,48.6,190.4,454.4,8.6,0.86,53.7,3429.2,0.2,454.9,155.9,610.8,30.01,0.0,0.0,30.01,31.29,0.0,0.0,31.29,0.0,0.0,0.0,3023.8,3023.8,0.0,0.0,0.0,0.0,0.0,127.2,0.0,0.0,0.0,0.0,0.0,0.0,0.0,2887.0,9.5,0.0
2050-02-10 10:00:00,2050-02-10 08:00:00,1680.0,2917.5,0.0,0.0,4597.5,1626.2,0.0,0.0,0.0,0.032,0.0439,upv,upv,0.0,0.0,0.0,0.0,0.0,0.0,0.0,0.0,0.0,0.0,0.0,0.0,0.0,0.0,0.0,0.0,0.0,0.0,144.4,2.7,0.27,17.1,1088.7,0.06,144.6,49.5,194.1,0.0,0.0,0.0,0.0,0.0,0.0,0.0,0.0,0.0,0.0,0.0,0.0,0.0,0.0,0.0,0.0,0.0,5.5,3863.2,3868.7,4597.5,4597.5,0.0,0.0,0.0,0.0,0.0,357.1,0.0,0.0,0.0,0.0,0.0,0.0,0.0,4240.4,0.0,0.0
2050-02-10 11:00:00,2050-02-10 09:00:00,1649.5,3957.5,0.0,0.0,5607.0,1597.0,0.0,0.0,0.0,0.0318,0.0431,upv,upv,0.0,0.0,0.0,0.0,0.0,0.0,0.0,0.0,0.0,0.0,0.0,0.0,0.0,0.0,0.0,0.0,0.0,0.0,139.9,2.6,0.26,16.5,1054.9,0.06,140.1,48.0,188.1,0.0,0.0,0.0,0.0,0.0,0.0,0.0,0.0,0.0,0.0,0.0,0.0,0.0,0.0,0.0,0.0,0.0,3.8,3805.1,3808.9,5607.0,5607.0,0.0,0.0,0.0,0.0,0.0,397.3,0.0,0.0,0.0,0.0,0.0,0.0,0.0,5209.7,0.0,0.0
2050-02-10 12:00:00,2050-02-10 10:00:00,1574.7,4014.7,0.0,0.0,5589.4,1525.5,0.0,0.0,0.0,0.0313,0.0412,upv,upv,0.0,0.0,0.0,0.0,0.0,0.0,0.0,0.0,0.0,0.0,0.0,0.0,0.0,0.0,0.0,0.0,0.0,0.0,139.9,2.6,0.26,16.5,1054.4,0.06,140.0,48.0,188.0,0.0,0.0,0.0,0.0,0.0,0.0,0.0,0.0,0.0,0.0,0.0,0.0,0.0,0.0,0.0,0.0,0.0,1.3,3411.3,3412.5,5589.4,5589.4,0.0,0.0,0.0,0.0,0.0,380.0,0.0,0.0,0.0,0.0,0.0,0.0,0.0,5209.4,0.0,0.0
2050-02-10 13:00:00,2050-02-10 11:00:00,1530.5,4019.6,0.0,0.0,5550.1,1483.0,0.0,0.0,0.0,0.031,0.04,upv,upv,0.0,0.0,0.0,0.0,0.0,0.0,0.0,0.0,0.0,0.0,0.0,0.0,0.0,0.0,0.0,0.0,0.0,0.0,139.8,2.6,0.26,16.5,1054.1,0.06,140.0,47.9,187.9,0.0,0.0,0.0,0.0,0.0,0.0,0.0,0.0,0.0,0.0,0.0,0.0,0.0,0.0,0.0,0.0,0.0,0.1,3200.8,3200.9,5550.1,5550.1,0.0,0.0,0.0,0.0,0.0,369.4,0.0,0.0,0.0,0.0,0.0,0.0,0.0,5180.7,0.0,0.0
2050-02-10 14:00:00,2050-02-10 12:00:00,1515.8,3435.1,0.0,0.0,4950.9,1468.9,0.0,0.0,0.0,0.0309,0.0396,upv,upv,0.0,0.0,0.0,0.0,0.0,0.0,0.0,0.0,0.0,0.0,0.0,0.0,0.0,0.0,0.0,0.0,0.0,0.0,139.8,2.6,0.26,16.5,1054.0,0.06,140.0,47.9,187.9,0.0,0.0,0.0,0.0,0.0,0.0,0.0,0.0,0.0,0.0,0.0,0.0,0.0,0.0,0.0,0.0,0.0,0.2,3779.7,3779.9,4950.9,4950.9,0.0,0.0,0.0,0.0,0.0,368.5,0.0,0.0,0.0,0.0,0.0,0.0,0.0,4582.4,0.0,0.0
2050-02-10 15:00:00,2050-02-10 13:00:00,1523.2,2979.6,0.0,0.0,4502.7,1476.0,0.0,0.0,0.0,0.031,0.0398,upv,upv,0.0,0.0,0.0,0.0,0.0,0.0,0.0,0.0,0.0,0.0,0.0,0.0,0.0,0.0,0.0,0.0,0.0,0.0,139.8,2.6,0.26,16.5,1054.0,0.06,140.0,47.9,187.9,0.0,0.0,0.0,0.0,0.0,0.0,0.0,0.0,0.0,0.0,0.0,0.0,0.0,0.0,0.0,0.0,0.0,2.5,4632.6,4635.0,4502.7,4502.7,0.0,0.0,0.0,0.0,0.0,385.4,0.0,0.0,0.0,0.0,0.0,0.0,0.0,4117.3,0.0,0.0
2050-02-10 16:00:00,2050-02-10 14:00:00,1528.4,2979.6,0.0,0.0,4508.0,1481.0,-0.0,0.0,0.0,0.031,0.04,upv,upv,0.0,0.0,0.0,0.0,0.0,0.0,0.0,0.0,0.0,0.0,0.0,0.0,0.0,0.0,0.0,0.0,0.0,0.0,139.8,2.6,0.26,16.5,1054.1,0.06,140.0,47.9,187.9,0.0,0.0,0.0,0.0,0.0,0.0,0.0,0.0,0.0,0.0,0.0,0.0,0.0,0.0,0.0,0.0,0.0,9.0,5052.5,5061.5,4508.0,4508.0,0.0,0.0,0.0,0.0,0.0,403.5,0.0,0.0,0.0,0.0,0.0,0.0,0.0,4104.5,0.0,0.0
2050-02-10 17:00:00,2050-02-10 15:00:00,1585.3,2821.5,0.0,0.0,4406.8,1535.5,0.0,0.0,0.0,0.0314,0.0415,upv,upv,0.0,0.0,0.0,0.0,0.0,0.0,0.0,0.0,0.0,0.0,0.0,0.0,0.0,0.0,0.0,0.0,0.0,0.0,139.9,2.6,0.26,16.5,1054.5,0.06,140.0,48.0,188.0,0.0,0.0,0.0,0.0,0.0,0.0,0.0,0.0,0.0,0.0,0.0,0.0,0.0,0.0,0.0,0.0,0.0,12.6,4850.2,4862.8,4406.8,4406.8,0.0,0.0,0.0,0.0,0.0,390.8,0.0,0.0,0.0,0.0,0.0,0.0,0.0,4016.0,0.0,0.0
2050-02-10 18:00:00,2050-02-10 16:00:00,1654.7,2431.9,0.0,10.1,4096.8,1602.1,-1559.6,0.0,1559.6,0.0318,0.0433,battery,hydro,0.0,0.0,0.0,0.0,0.0,0.0,0.0,0.0,0.0,0.0,0.0,0.0,0.0,0.0,0.0,0.0,0.0,0.0,144.2,2.7,0.27,17.0,1087.2,0.06,144.4,49.5,193.8,0.0,0.0,0.0,0.0,0.0,0.0,0.0,0.0,0.0,1.37,0.0,0.0,1.37,1.43,0.0,0.0,1.43,0.0,0.0,0.0,5656.3,5656.3,0.0,0.0,0.0,0.0,0.0,237.8,0.0,0.0,0.0,0.0,0.0,0.0,0.0,5399.2,19.3,0.0
2050-02-10 19:00:00,2050-02-10 17:00:00,1757.9,0.0,0.0,7.1,1765.0,1700.6,1640.7,0.0,1086.8,0.0326,0.046,battery,gas-cc,0.0,0.0,0.0,0.0,0.0,0.0,0.0,0.0,0.0,0.0,0.0,0.0,0.0,0.0,0.0,0.0,0.0,0.0,153.4,2.9,0.29,18.1,1156.2,0.07,153.6,52.6,206.2,331.9,6.3,0.63,39.2,2504.3,0.14,332.2,113.9,446.1,27.16,0.0,0.0,27.16,28.47,0.0,0.0,28.47,0.0,0.0,0.0,2851.8,124.2,2727.5,0.0,0.0,0.0,0.0,3.7,0.0,0.0,0.0,0.0,0.0,0.0,0.0,83.4,37.1,0.0
2050-02-10 20:00:00,2050-02-10 18:00:00,1900.0,0.0,0.0,6.2,1906.2,1835.9,1872.3,0.0,949.2,0.0337,0.0497,battery,gas-cc,0.0,0.0,0.0,0.0,0.0,0.0,0.0,0.0,0.0,0.0,0.0,0.0,0.0,0.0,0.0,0.0,0.0,0.0,148.8,2.8,0.28,17.6,1121.1,0.07,148.9,51.0,199.9,333.2,6.3,0.63,39.4,2514.1,0.14,333.5,114.3,447.8,27.16,0.0,0.0,27.16,28.58,0.0,0.0,28.58,0.0,0.0,0.0,2855.4,33.9,2821.5,0.0,0.0,0.0,0.0,0.0,0.0,0.0,0.0,0.0,0.0,0.0,0.0,0.0,33.9,0.0
2050-02-10 21:00:00,2050-02-10 19:00:00,1896.8,0.0,0.0,10.7,1907.5,1832.9,1886.7,0.0,1640.0,0.0337,0.0496,battery,gas-cc,0.0,0.0,0.0,0.0,0.0,0.0,0.0,0.0,0.0,0.0,0.0,0.0,0.0,0.0,0.0,0.0,0.0,0.0,148.4,2.8,0.28,17.5,1118.4,0.06,148.6,50.9,199.5,357.3,6.7,0.67,42.2,2695.9,0.15,357.6,122.6,480.2,27.16,0.0,0.0,27.16,28.58,0.0,0.0,28.58,0.0,0.0,0.0,3547.5,20.8,3526.7,0.0,0.0,0.0,0.0,0.0,0.0,0.0,0.0,0.0,0.0,0.0,0.0,0.0,20.8,0.0
2050-02-10 22:00:00,2050-02-10 20:00:00,1791.6,0.0,0.0,2.3,1793.9,1732.7,1788.3,0.0,354.8,0.0328,0.0469,battery,gas-cc,0.0,0.0,0.0,0.0,0.0,0.0,0.0,0.0,0.0,0.0,0.0,0.0,0.0,0.0,0.0,0.0,0.0,0.0,147.7,2.8,0.28,17.5,1113.1,0.06,147.9,50.6,198.5,332.2,6.3,0.63,39.2,2506.6,0.14,332.5,114.0,446.5,27.16,0.0,0.0,27.16,28.5,0.0,0.0,28.5,0.0,0.0,0.0,2148.7,5.6,2143.1,0.0,0.0,0.0,0.0,0.0,0.0,0.0,0.0,0.0,0.0,0.0,0.0,0.0,5.6,0.0
2050-02-10 23:00:00,2050-02-10 21:00:00,1693.7,0.0,0.0,5.0,1698.7,1639.3,1695.4,0.0,765.5,0.0321,0.0443,battery,gas-cc,0.0,0.0,0.0,0.0,0.0,0.0,0.0,0.0,0.0,0.0,0.0,0.0,0.0,0.0,0.0,0.0,0.0,0.0,145.3,2.7,0.28,17.2,1094.6,0.06,145.4,49.8,195.2,331.3,6.2,0.62,39.1,2499.9,0.14,331.6,113.7,445.3,27.16,0.0,0.0,27.16,28.42,0.0,0.0,28.42,0.0,0.0,0.0,2464.2,3.2,2461.0,0.0,0.0,0.0,0.0,0.0,0.0,0.0,0.0,0.0,0.0,0.0,0.0,0.0,3.2,0.0
2050-02-11 00:00:00,2050-02-10 22:00:00,1597.9,0.0,0.0,0.0,1597.9,1547.6,1594.3,0.0,0.0,0.0314,0.0418,battery,gas-cc,0.0,0.0,0.0,0.0,0.0,0.0,0.0,0.0,0.0,0.0,0.0,0.0,0.0,0.0,0.0,0.0,0.0,0.0,150.1,2.8,0.28,17.7,1131.3,0.07,150.3,51.5,201.8,354.3,6.7,0.67,41.9,2673.9,0.15,354.7,121.6,476.3,28.57,0.0,0.0,28.57,29.81,0.0,0.0,29.81,0.0,0.0,0.0,1597.9,3.6,1594.3,0.0,0.0,0.0,0.0,0.0,0.0,0.0,0.0,0.0,0.0,0.0,0.0,0.0,3.6,0.0
2050-02-11 01:00:00,2050-02-10 23:00:00,1461.1,0.0,0.0,0.0,1461.1,1416.3,1456.3,0.0,0.0,0.0306,0.0382,battery,gas-cc,0.0,0.0,0.0,0.0,0.0,0.0,0.0,0.0,0.0,0.0,0.0,0.0,0.0,0.0,0.0,0.0,0.0,0.0,156.1,2.9,0.3,18.4,1176.5,0.07,156.3,53.5,209.8,353.0,6.7,0.67,41.7,2663.9,0.15,353.4,121.1,474.5,28.57,0.0,0.0,28.57,29.7,0.0,0.0,29.7,0.0,0.0,0.0,1461.1,4.7,1456.3,0.0,0.0,0.0,0.0,0.0,0.0,0.0,0.0,0.0,0.0,0.0,0.0,0.0,4.7,0.0
2050-02-11 02:00:00,2050-02-11 00:00:00,1348.4,0.0,0.0,0.0,1348.4,1307.8,1340.4,0.0,0.0,0.0301,0.0353,battery,gas-cc,0.0,0.0,0.0,0.0,0.0,0.0,0.0,0.0,0.0,0.0,0.0,0.0,0.0,0.0,0.0,0.0,0.0,0.0,144.7,2.7,0.27,17.1,1090.3,0.06,144.8,49.6,194.4,351.9,6.6,0.66,41.6,2655.8,0.15,352.3,120.8,473.1,28.57,0.0,0.0,28.57,29.61,0.0,0.0,29.61,0.0,0.0,0.0,1348.4,8.0,1340.4,0.0,0.0,0.0,0.0,0.0,0.0,0.0,0.0,0.0,0.0,0.0,0.0,0.0,8.0,0.0
2050-02-11 03:00:00,2050-02-11 01:00:00,1247.4,0.0,0.0,0.0,1247.4,1210.2,1232.8,0.0,0.0,0.0298,0.0326,battery,gas-cc,0.0,0.0,0.0,0.0,0.0,0.0,0.0,0.0,0.0,0.0,0.0,0.0,0.0,0.0,0.0,0.0,0.0,0.0,143.7,2.7,0.27,17.0,1083.3,0.06,143.9,49.3,193.2,351.0,6.6,0.66,41.5,2648.6,0.15,351.4,120.4,471.8,28.57,0.0,0.0,28.57,29.53,0.0,0.0,29.53,0.0,0.0,0.0,1247.4,14.6,1232.8,0.0,0.0,0.0,0.0,0.0,0.0,0.0,0.0,0.0,0.0,0.0,0.0,0.0,14.6,0.0
2050-02-11 04:00:00,2050-02-11 02:00:00,1198.9,0.0,0.0,0.0,1198.9,1163.3,1184.1,0.0,0.0,0.0297,0.0314,battery,gas-cc,0.0,0.0,0.0,0.0,0.0,0.0,0.0,0.0,0.0,0.0,0.0,0.0,0.0,0.0,0.0,0.0,0.0,0.0,144.4,2.7,0.27,17.1,1088.0,0.06,144.5,49.5,194.0,350.5,6.6,0.66,41.4,2645.1,0.15,350.9,120.3,471.2,28.57,0.0,0.0,28.57,29.49,0.0,0.0,29.49,0.0,0.0,0.0,1198.9,14.9,1184.1,0.0,0.0,0.0,0.0,0.0,0.0,0.0,0.0,0.0,0.0,0.0,0.0,0.0,14.9,0.0
2050-02-11 05:00:00,2050-02-11 03:00:00,1162.1,0.0,0.0,0.0,1162.1,1127.6,1139.1,0.0,0.0,0.0297,0.0304,battery,gas-cc,0.0,0.0,0.0,0.0,0.0,0.0,0.0,0.0,0.0,0.0,0.0,0.0,0.0,0.0,0.0,0.0,0.0,0.0,154.0,2.9,0.29,18.2,1160.8,0.07,154.2,52.8,207.0,350.2,6.6,0.66,41.4,2642.5,0.15,350.5,120.2,470.7,28.57,0.0,0.0,28.57,29.46,0.0,0.0,29.46,0.0,0.0,0.0,1162.1,23.0,1139.1,0.0,0.0,0.0,0.0,0.0,0.0,0.0,0.0,0.0,0.0,0.0,0.0,0.0,23.0,0.0
2050-02-11 06:00:00,2050-02-11 04:00:00,1147.4,0.0,0.0,0.0,1147.4,1113.3,1122.1,0.0,0.0,0.0297,0.03,battery,gas-cc,0.0,0.0,0.0,0.0,0.0,0.0,0.0,0.0,0.0,0.0,0.0,0.0,0.0,0.0,0.0,0.0,0.0,0.0,144.7,2.7,0.27,17.1,1090.7,0.06,144.9,49.6,194.5,350.0,6.6,0.66,41.3,2641.4,0.15,350.4,120.1,470.5,28.57,0.0,0.0,28.57,29.45,0.0,0.0,29.45,0.0,0.0,0.0,1147.4,25.2,1122.1,0.0,0.0,0.0,0.0,0.0,0.0,0.0,0.0,0.0,0.0,0.0,0.0,0.0,25.2,0.0
2050-02-11 07:00:00,2050-02-11 05:00:00,1165.3,0.0,0.0,0.0,1165.3,1130.6,1142.9,0.0,0.0,0.0297,0.0305,battery,gas-cc,0.0,0.0,0.0,0.0,0.0,0.0,0.0,0.0,0.0,0.0,0.0,0.0,0.0,0.0,0.0,0.0,0.0,0.0,144.2,2.7,0.27,17.0,1086.8,0.06,144.4,49.4,193.8,350.2,6.6,0.66,41.4,2642.7,0.15,350.6,120.2,470.7,28.57,0.0,0.0,28.57,29.46,0.0,0.0,29.46,0.0,0.0,0.0,1165.3,22.4,1142.9,0.0,0.0,0.0,0.0,0.0,0.0,0.0,0.0,0.0,0.0,0.0,0.0,0.0,22.4,0.0
2050-02-11 08:00:00,2050-02-11 06:00:00,1231.6,0.0,0.0,0.2,1231.8,1194.9,1205.1,0.0,26.5,0.0298,0.0322,battery,gas-cc,0.0,0.0,0.0,0.0,0.0,0.0,0.0,0.0,0.0,0.0,0.0,0.0,0.0,0.0,0.0,0.0,0.0,0.0,144.9,2.7,0.27,17.1,1091.6,0.06,145.0,49.7,194.7,327.1,6.2,0.62,38.6,2468.7,0.14,327.5,112.3,439.7,28.57,0.0,0.0,28.57,29.52,0.0,0.0,29.52,0.0,0.0,0.0,1258.2,26.6,1231.6,0.0,0.0,0.0,0.0,0.0,0.0,0.0,0.0,0.0,0.0,0.0,0.0,0.0,26.6,0.0
2050-02-11 09:00:00,2050-02-11 07:00:00,1311.6,0.0,0.0,9.5,1321.1,1272.2,-1466.8,0.0,1466.8,0.03,0.0343,gas-cc,gas-cc,0.0,0.0,0.0,0.0,0.0,0.0,0.0,0.0,0.0,0.0,0.0,0.0,0.0,0.0,0.0,0.0,0.0,0.0,171.8,3.2,0.32,20.3,1295.7,0.07,172.0,58.9,230.9,364.3,6.9,0.69,43.0,2748.9,0.16,364.7,125.0,489.7,26.3,0.0,0.0,26.3,27.24,0.0,0.0,27.24,0.0,0.0,0.0,2788.0,2788.0,0.0,0.0,0.0,0.0,0.0,116.2,0.0,0.0,0.0,0.0,0.0,0.0,0.0,2638.2,33.5,0.0
2050-02-11 10:00:00,2050-02-11 08:00:00,1404.2,3432.3,0.0,0.2,4836.7,1361.6,-33.8,0.0,33.8,0.0304,0.0367,upv,upv,0.0,0.0,0.0,0.0,0.0,0.0,0.0,0.0,0.0,0.0,0.0,0.0,0.0,0.0,0.0,0.0,0.0,0.0,144.0,2.7,0.27,17.0,1086.0,0.06,144.2,49.4,193.6,0.0,0.0,0.0,0.0,0.0,0.0,0.0,0.0,0.0,0.0,0.0,0.0,0.0,0.0,0.0,0.0,0.0,0.0,3821.3,3821.3,4870.5,4870.5,0.0,0.0,0.0,0.0,0.0,365.6,0.0,0.0,0.0,0.0,0.0,0.0,0.0,4476.2,28.7,0.0
2050-02-11 11:00:00,2050-02-11 09:00:00,1441.1,3953.7,0.0,0.0,5394.7,1397.0,0.0,0.0,0.0,0.0305,0.0377,upv,upv,0.0,0.0,0.0,0.0,0.0,0.0,0.0,0.0,0.0,0.0,0.0,0.0,0.0,0.0,0.0,0.0,0.0,0.0,139.7,2.6,0.26,16.5,1053.6,0.06,139.9,47.9,187.8,0.0,0.0,0.0,0.0,0.0,0.0,0.0,0.0,0.0,0.0,0.0,0.0,0.0,0.0,0.0,0.0,0.0,0.0,3221.9,3221.9,5394.7,5394.7,0.0,0.0,0.0,0.0,0.0,362.0,0.0,0.0,0.0,0.0,0.0,0.0,0.0,4991.6,41.1,0.0
2050-02-11 12:00:00,2050-02-11 10:00:00,1451.6,3629.9,0.0,0.0,5081.5,1407.2,-0.0,0.0,0.0,0.0306,0.038,upv,upv,0.0,0.0,0.0,0.0,0.0,0.0,0.0,0.0,0.0,0.0,0.0,0.0,0.0,0.0,0.0,0.0,0.0,0.0,139.8,2.6,0.26,16.5,1053.6,0.06,139.9,47.9,187.8,0.0,0.0,0.0,0.0,0.0,0.0,0.0,0.0,0.0,0.0,0.0,0.0,0.0,0.0,0.0,0.0,0.0,0.0,3507.1,3507.1,5081.5,5081.5,0.0,0.0,0.0,0.0,0.0,359.4,0.0,0.0,0.0,0.0,0.0,0.0,0.0,4648.2,73.8,0.0
2050-02-11 13:00:00,2050-02-11 11:00:00,1448.4,3990.5,0.0,0.0,5438.9,1404.1,0.0,0.0,0.0,0.0306,0.0379,upv,upv,0.0,0.0,0.0,0.0,0.0,0.0,0.0,0.0,0.0,0.0,0.0,0.0,0.0,0.0,0.0,0.0,0.0,0.0,139.8,2.6,0.26,16.5,1053.6,0.06,139.9,47.9,187.8,0.0,0.0,0.0,0.0,0.0,0.0,0.0,0.0,0.0,0.0,0.0,0.0,0.0,0.0,0.0,0.0,0.0,0.0,3201.7,3201.7,5438.9,5438.9,0.0,0.0,0.0,0.0,0.0,359.4,0.0,0.0,0.0,0.0,0.0,0.0,0.0,4953.6,125.8,0.0
2050-02-11 14:00:00,2050-02-11 12:00:00,1469.5,2821.5,0.0,0.0,4291.0,1424.4,0.0,0.0,0.0,0.0307,0.0384,upv,upv,0.0,0.0,0.0,0.0,0.0,0.0,0.0,0.0,0.0,0.0,0.0,0.0,0.0,0.0,0.0,0.0,0.0,0.0,141.8,2.7,0.27,16.8,1069.3,0.06,142.0,48.6,190.6,0.0,0.0,0.0,0.0,0.0,0.0,0.0,0.0,0.0,0.0,0.0,0.0,0.0,0.0,0.0,0.0,0.0,0.0,4504.6,4504.6,4291.0,4291.0,0.0,0.0,0.0,0.0,0.0,364.1,0.0,0.0,0.0,0.0,0.0,0.0,0.0,3760.6,166.2,0.0
2050-02-11 15:00:00,2050-02-11 13:00:00,1505.3,2821.5,0.0,0.0,4326.8,1458.8,0.0,0.0,0.0,0.0309,0.0394,upv,upv,0.0,0.0,0.0,0.0,0.0,0.0,0.0,0.0,0.0,0.0,0.0,0.0,0.0,0.0,0.0,0.0,0.0,0.0,140.0,2.6,0.26,16.5,1055.1,0.06,140.1,48.0,188.1,0.0,0.0,0.0,0.0,0.0,0.0,0.0,0.0,0.0,0.0,0.0,0.0,0.0,0.0,0.0,0.0,0.0,0.0,4788.0,4788.0,4326.8,4326.8,0.0,0.0,0.0,0.0,0.0,376.8,0.0,0.0,0.0,0.0,0.0,0.0,0.0,3761.5,188.5,0.0
2050-02-11 16:00:00,2050-02-11 14:00:00,1528.4,2845.7,0.0,0.0,4374.1,1481.0,-0.0,0.0,0.0,0.031,0.04,upv,upv,0.0,0.0,0.0,0.0,0.0,0.0,0.0,0.0,0.0,0.0,0.0,0.0,0.0,0.0,0.0,0.0,0.0,0.0,139.8,2.6,0.26,16.5,1054.1,0.06,140.0,47.9,187.9,0.0,0.0,0.0,0.0,0.0,0.0,0.0,0.0,0.0,0.0,0.0,0.0,0.0,0.0,0.0,0.0,0.0,0.0,4881.1,4881.1,4374.1,4374.1,0.0,0.0,0.0,0.0,0.0,381.1,0.0,0.0,0.0,0.0,0.0,0.0,0.0,3765.4,227.6,0.0
2050-02-11 17:00:00,2050-02-11 15:00:00,1564.2,3629.9,0.0,0.0,5194.1,1515.4,0.0,0.0,0.0,0.0312,0.0409,upv,upv,0.0,0.0,0.0,0.0,0.0,0.0,0.0,0.0,0.0,0.0,0.0,0.0,0.0,0.0,0.0,0.0,0.0,0.0,139.8,2.6,0.26,16.5,1054.3,0.06,140.0,48.0,188.0,0.0,0.0,0.0,0.0,0.0,0.0,0.0,0.0,0.0,0.0,0.0,0.0,0.0,0.0,0.0,0.0,0.0,0.0,4415.6,4415.6,5194.1,5194.1,0.0,0.0,0.0,0.0,0.0,395.2,0.0,0.0,0.0,0.0,0.0,0.0,0.0,4554.0,245.0,0.0
2050-02-11 18:00:00,2050-02-11 16:00:00,1626.3,2431.9,0.0,13.6,4071.9,1574.9,-1832.5,0.0,1832.5,0.0316,0.0425,battery,gas-cc,0.0,0.0,0.0,0.0,0.0,0.0,0.0,0.0,0.0,0.0,0.0,0.0,0.0,0.0,0.0,0.0,0.0,0.0,147.4,2.8,0.28,17.4,1111.1,0.06,147.5,50.5,198.1,367.4,6.9,0.69,43.4,2772.6,0.16,367.8,126.1,493.9,16.57,0.0,0.0,16.57,17.31,0.0,0.0,17.31,0.0,0.0,0.0,5904.3,5904.3,0.0,0.0,0.0,0.0,0.0,238.9,0.0,0.0,0.0,0.0,0.0,0.0,0.0,5421.8,243.6,0.0
2050-02-11 19:00:00,2050-02-11 17:00:00,1688.4,0.0,0.0,9.5,1698.0,1634.3,1352.5,0.0,1469.0,0.0321,0.0442,battery,gas-cc,0.0,0.0,0.0,0.0,0.0,0.0,0.0,0.0,0.0,0.0,0.0,0.0,0.0,0.0,0.0,0.0,0.0,0.0,143.9,2.7,0.27,17.0,1084.8,0.06,144.1,49.4,193.4,331.2,6.2,0.62,39.1,2499.6,0.14,331.6,113.7,445.2,27.03,0.0,0.0,27.03,28.28,0.0,0.0,28.28,0.0,0.0,0.0,3167.0,345.5,2821.5,0.0,0.0,0.0,0.0,4.4,0.0,0.0,0.0,0.0,0.0,0.0,0.0,100.6,240.5,0.0
2050-02-11 20:00:00,2050-02-11 18:00:00,1786.3,0.0,0.0,4.2,1790.5,1727.7,1584.1,0.0,643.3,0.0328,0.0467,battery,gas-cc,0.0,0.0,0.0,0.0,0.0,0.0,0.0,0.0,0.0,0.0,0.0,0.0,0.0,0.0,0.0,0.0,0.0,0.0,145.9,2.8,0.28,17.2,1099.2,0.06,146.0,50.0,196.0,435.6,8.2,0.82,51.5,3287.3,0.19,436.1,149.5,585.6,27.03,0.0,0.0,27.03,28.35,0.0,0.0,28.35,0.0,0.0,0.0,2433.8,206.4,2227.3,0.0,0.0,0.0,0.0,0.0,0.0,0.0,0.0,0.0,0.0,0.0,0.0,0.0,206.4,0.0
2050-02-11 21:00:00,2050-02-11 19:00:00,1802.1,0.0,0.0,10.3,1812.4,1742.8,1620.6,0.0,1590.5,0.0329,0.0471,battery,gas-cc,0.0,0.0,0.0,0.0,0.0,0.0,0.0,0.0,0.0,0.0,0.0,0.0,0.0,0.0,0.0,0.0,0.0,0.0,145.9,2.8,0.28,17.2,1099.3,0.06,146.1,50.0,196.1,435.8,8.2,0.82,51.5,3288.8,0.19,436.3,149.5,585.8,27.03,0.0,0.0,27.03,28.37,0.0,0.0,28.37,0.0,0.0,0.0,3403.0,191.8,3211.2,0.0,0.0,0.0,0.0,0.0,0.0,0.0,0.0,0.0,0.0,0.0,0.0,0.0,191.8,0.0
2050-02-11 22:00:00,2050-02-11 20:00:00,1711.6,0.0,0.0,10.2,1721.8,1656.4,1544.2,0.0,1573.0,0.0322,0.0448,battery,gas-cc,0.0,0.0,0.0,0.0,0.0,0.0,0.0,0.0,0.0,0.0,0.0,0.0,0.0,0.0,0.0,0.0,0.0,0.0,145.8,2.8,0.28,17.2,1098.3,0.06,145.9,50.0,195.9,434.7,8.2,0.82,51.4,3280.6,0.19,435.2,149.2,584.4,27.03,0.0,0.0,27.03,28.29,0.0,0.0,28.29,0.0,0.0,0.0,3294.8,177.6,3117.2,0.0,0.0,0.0,0.0,0.0,0.0,0.0,0.0,0.0,0.0,0.0,0.0,0.0,177.6,0.0
2050-02-11 23:00:00,2050-02-11 21:00:00,1618.9,0.0,0.0,6.5,1625.5,1567.8,1458.5,0.0,1002.4,0.0316,0.0423,battery,gas-cc,0.0,0.0,0.0,0.0,0.0,0.0,0.0,0.0,0.0,0.0,0.0,0.0,0.0,0.0,0.0,0.0,0.0,0.0,146.1,2.8,0.28,17.3,1100.7,0.06,146.2,50.1,196.3,433.6,8.2,0.82,51.2,3272.3,0.19,434.1,148.8,582.9,27.03,0.0,0.0,27.03,28.22,0.0,0.0,28.22,0.0,0.0,0.0,2627.9,166.9,2461.0,0.0,0.0,0.0,0.0,0.0,0.0,0.0,0.0,0.0,0.0,0.0,0.0,0.0,166.9,0.0
2050-02-12 00:00:00,2050-02-11 22:00:00,1526.3,0.0,0.0,0.0,1526.3,1479.0,1369.0,0.0,0.0,0.031,0.0399,battery,gas-cc,0.0,0.0,0.0,0.0,0.0,0.0,0.0,0.0,0.0,0.0,0.0,0.0,0.0,0.0,0.0,0.0,0.0,0.0,173.2,3.3,0.33,20.5,1305.4,0.08,173.3,59.4,232.7,353.6,6.7,0.67,41.8,2668.7,0.15,354.0,121.3,475.4,27.08,0.0,0.0,27.08,28.21,0.0,0.0,28.21,0.0,0.0,0.0,1526.3,157.3,1369.0,0.0,0.0,0.0,0.0,0.0,0.0,0.0,0.0,0.0,0.0,0.0,0.0,0.0,157.3,0.0
2050-02-12 01:00:00,2050-02-11 23:00:00,1420.0,0.0,0.0,4.7,1424.7,1376.8,1288.5,0.0,730.2,0.0304,0.0371,hydro,gas-cc,0.0,0.0,0.0,0.0,0.0,0.0,0.0,0.0,0.0,0.0,0.0,0.0,0.0,0.0,0.0,0.0,0.0,0.0,142.8,2.7,0.27,16.9,1075.9,0.06,142.9,48.9,191.9,352.6,6.6,0.66,41.7,2661.0,0.15,353.0,121.0,474.0,27.08,0.0,0.0,27.08,28.13,0.0,0.0,28.13,0.0,0.0,0.0,2154.9,136.2,2018.7,0.0,0.0,0.0,0.0,0.0,0.0,0.0,0.0,0.0,0.0,0.0,0.0,0.0,136.2,0.0
2050-02-12 02:00:00,2050-02-12 00:00:00,1316.8,0.0,0.0,0.7,1317.5,1277.3,1189.2,44.0,0.0,0.03,0.0344,battery,gas-cc,0.0,0.0,0.0,0.0,0.0,0.0,0.0,0.0,0.0,0.0,0.0,0.0,0.0,0.0,0.0,0.0,0.0,0.0,190.5,3.6,0.36,22.5,1436.7,0.08,190.7,65.3,256.1,351.6,6.6,0.66,41.5,2653.5,0.15,352.0,120.7,472.7,27.08,0.0,0.0,27.08,28.05,0.0,0.0,28.05,0.0,0.0,0.0,1273.6,128.3,1145.3,0.0,0.0,0.0,0.0,0.0,0.0,0.0,0.0,0.0,0.0,0.0,0.0,0.0,128.3,0.0
2050-02-12 03:00:00,2050-02-12 01:00:00,1229.5,0.0,0.0,2.8,1232.3,1192.8,1105.3,95.9,198.6,0.0298,0.0322,battery,gas-cc,0.0,0.0,0.0,0.0,0.0,0.0,0.0,0.0,0.0,0.0,0.0,0.0,0.0,0.0,0.0,0.0,0.0,0.0,175.0,3.3,0.33,20.7,1319.1,0.08,175.2,60.0,235.2,327.1,6.2,0.62,38.6,2468.6,0.14,327.5,112.2,439.7,27.08,0.0,0.0,27.08,27.98,0.0,0.0,27.98,0.0,0.0,0.0,1335.0,127.0,1208.0,0.0,0.0,0.0,0.0,0.0,0.0,0.0,0.0,0.0,0.0,0.0,0.0,0.0,127.0,0.0
2050-02-12 04:00:00,2050-02-12 02:00:00,1160.0,0.0,0.0,0.6,1160.6,1125.5,992.1,35.9,0.0,0.0297,0.0303,battery,gas-cc,0.0,0.0,0.0,0.0,0.0,0.0,0.0,0.0,0.0,0.0,0.0,0.0,0.0,0.0,0.0,0.0,0.0,0.0,197.0,3.7,0.37,23.3,1485.5,0.09,197.2,67.6,264.8,350.2,6.6,0.66,41.4,2642.3,0.15,350.5,120.1,470.7,27.08,0.0,0.0,27.08,27.93,0.0,0.0,27.93,0.0,0.0,0.0,1124.6,168.4,956.2,0.0,0.0,0.0,0.0,0.0,0.0,0.0,0.0,0.0,0.0,0.0,0.0,0.0,168.4,0.0
2050-02-12 05:00:00,2050-02-12 03:00:00,1124.2,0.0,0.0,0.0,1124.2,1090.8,949.4,0.0,4.2,0.0297,0.0294,battery,gas-cc,0.0,0.0,0.0,0.0,0.0,0.0,0.0,0.0,0.0,0.0,0.0,0.0,0.0,0.0,0.0,0.0,0.0,0.0,228.2,4.3,0.43,27.0,1721.4,0.1,228.4,78.3,306.7,326.2,6.1,0.61,38.5,2461.6,0.14,326.6,111.9,438.5,27.08,0.0,0.0,27.08,27.91,0.0,0.0,27.91,0.0,0.0,0.0,1128.4,174.8,953.6,0.0,0.0,0.0,0.0,0.0,0.0,0.0,0.0,0.0,0.0,0.0,0.0,0.0,174.8,0.0
2050-02-12 06:00:00,2050-02-12 04:00:00,1097.9,0.0,0.0,0.0,1097.9,1065.3,927.6,0.0,0.0,0.0297,0.0287,battery,gas-cc,0.0,0.0,0.0,0.0,0.0,0.0,0.0,0.0,0.0,0.0,0.0,0.0,0.0,0.0,0.0,0.0,0.0,0.0,217.3,4.1,0.41,25.7,1638.8,0.09,217.5,74.5,292.0,349.6,6.6,0.66,41.3,2637.9,0.15,349.9,119.9,469.9,27.08,0.0,0.0,27.08,27.89,0.0,0.0,27.89,0.0,0.0,0.0,1097.9,170.3,927.6,0.0,0.0,0.0,0.0,0.0,0.0,0.0,0.0,0.0,0.0,0.0,0.0,0.0,170.3,0.0
2050-02-12 07:00:00,2050-02-12 05:00:00,1110.5,0.0,0.0,0.0,1110.5,1077.5,956.2,0.0,0.0,0.0297,0.029,battery,gas-cc,0.0,0.0,0.0,0.0,0.0,0.0,0.0,0.0,0.0,0.0,0.0,0.0,0.0,0.0,0.0,0.0,0.0,0.0,245.7,4.6,0.46,29.0,1853.6,0.11,246.0,84.3,330.2,349.7,6.6,0.66,41.3,2638.8,0.15,350.1,120.0,470.0,27.08,0.0,0.0,27.08,27.89,0.0,0.0,27.89,0.0,0.0,0.0,1110.5,154.3,956.2,0.0,0.0,0.0,0.0,0.0,0.0,0.0,0.0,0.0,0.0,0.0,0.0,0.0,154.3,0.0
2050-02-12 08:00:00,2050-02-12 06:00:00,1152.6,0.0,0.0,0.0,1152.6,1118.4,997.9,0.0,0.0,0.0297,0.0301,battery,gas-cc,0.0,0.0,0.0,0.0,0.0,0.0,0.0,0.0,0.0,0.0,0.0,0.0,0.0,0.0,0.0,0.0,0.0,0.0,218.9,4.1,0.41,25.9,1651.7,0.1,219.2,75.1,294.3,350.1,6.6,0.66,41.4,2641.8,0.15,350.5,120.1,470.6,27.08,0.0,0.0,27.08,27.93,0.0,0.0,27.93,0.0,0.0,0.0,1152.6,154.8,997.9,0.0,0.0,0.0,0.0,0.0,0.0,0.0,0.0,0.0,0.0,0.0,0.0,0.0,154.8,0.0
2050-02-12 09:00:00,2050-02-12 07:00:00,1229.5,723.7,0.0,12.9,1966.1,1192.8,-1495.0,145.0,1640.0,0.0298,0.0322,battery,gas-cc,0.0,0.0,0.0,0.0,0.0,0.0,0.0,0.0,0.0,0.0,0.0,0.0,0.0,0.0,0.0,0.0,0.0,0.0,139.6,2.6,0.26,16.5,1052.7,0.06,139.8,47.9,187.7,311.5,5.9,0.59,36.8,2350.8,0.14,311.9,106.9,418.7,22.99,0.0,0.0,22.99,23.76,0.0,0.0,23.76,0.0,0.0,0.0,3461.1,3461.1,0.0,0.0,0.0,0.0,0.0,139.1,0.0,0.0,0.0,0.0,0.0,0.0,0.0,3156.8,165.1,0.0
2050-02-12 10:00:00,2050-02-12 08:00:00,1334.7,2431.9,0.0,28.9,3795.5,1294.6,-2816.0,0.0,2816.0,0.0301,0.0349,upv,upv,0.0,0.0,0.0,0.0,0.0,0.0,0.0,0.0,0.0,0.0,0.0,0.0,0.0,0.0,0.0,0.0,0.0,0.0,139.7,2.6,0.26,16.5,1053.1,0.06,139.8,47.9,187.7,0.0,0.0,0.0,0.0,0.0,0.0,0.0,0.0,0.0,0.0,0.0,0.0,0.0,0.0,0.0,0.0,0.0,141.9,2341.7,2483.6,6611.5,6611.5,0.0,0.0,0.0,0.0,0.0,0.0,0.0,0.0,0.0,0.0,0.0,0.0,0.0,6611.5,0.0,0.0
2050-02-12 11:00:00,2050-02-12 09:00:00,1386.3,3629.9,0.0,28.9,5045.1,1344.3,-2816.0,0.0,2816.0,0.0303,0.0363,upv,upv,0.0,0.0,0.0,0.0,0.0,0.0,0.0,0.0,0.0,0.0,0.0,0.0,0.0,0.0,0.0,0.0,0.0,0.0,139.7,2.6,0.26,16.5,1053.3,0.06,139.9,47.9,187.8,0.0,0.0,0.0,0.0,0.0,0.0,0.0,0.0,0.0,0.0,0.0,0.0,0.0,0.0,0.0,0.0,0.0,0.0,2105.4,2105.4,7861.1,7861.1,0.0,0.0,0.0,0.0,0.0,0.0,0.0,0.0,0.0,0.0,0.0,0.0,0.0,7711.4,149.7,0.0
2050-02-12 12:00:00,2050-02-12 10:00:00,1420.0,3629.9,0.0,28.9,5078.8,1376.8,-2816.0,0.0,2816.0,0.0304,0.0371,upv,upv,0.0,0.0,0.0,0.0,0.0,0.0,0.0,0.0,0.0,0.0,0.0,0.0,0.0,0.0,0.0,0.0,0.0,0.0,139.7,2.6,0.26,16.5,1053.4,0.06,139.9,47.9,187.8,0.0,0.0,0.0,0.0,0.0,0.0,0.0,0.0,0.0,0.0,0.0,0.0,0.0,0.0,0.0,0.0,0.0,170.5,1625.1,1795.5,7894.8,7894.8,0.0,0.0,0.0,0.0,0.0,0.0,0.0,0.0,0.0,0.0,0.0,0.0,0.0,7894.8,0.0,0.0
2050-02-12 13:00:00,2050-02-12 11:00:00,1432.6,4019.6,0.0,26.7,5478.9,1388.9,-2674.2,0.0,2674.2,0.0305,0.0375,upv,upv,0.0,0.0,0.0,0.0,0.0,0.0,0.0,0.0,0.0,0.0,0.0,0.0,0.0,0.0,0.0,0.0,0.0,0.0,139.7,2.6,0.26,16.5,1053.4,0.06,139.9,47.9,187.8,0.0,0.0,0.0,0.0,0.0,0.0,0.0,0.0,0.0,0.0,0.0,0.0,0.0,0.0,0.0,0.0,0.0,0.0,1227.4,1227.4,8153.1,8153.1,0.0,0.0,0.0,0.0,0.0,0.0,0.0,0.0,0.0,0.0,0.0,0.0,0.0,7948.4,204.6,0.0
2050-02-12 14:00:00,2050-02-12 12:00:00,1461.1,3600.8,0.0,28.2,5090.1,1416.3,-2769.7,0.0,2769.7,0.0306,0.0382,upv,upv,0.0,0.0,0.0,0.0,0.0,0.0,0.0,0.0,0.0,0.0,0.0,0.0,0.0,0.0,0.0,0.0,0.0,0.0,139.7,2.6,0.26,16.5,1052.9,0.06,139.8,47.9,187.7,0.0,0.0,0.0,0.0,0.0,0.0,0.0,0.0,0.0,0.0,0.0,0.0,0.0,0.0,0.0,0.0,0.0,239.8,1194.7,1434.5,7859.8,7859.8,0.0,0.0,0.0,0.0,0.0,0.0,0.0,0.0,0.0,0.0,0.0,0.0,0.0,7859.8,0.0,0.0
2050-02-12 15:00:00,2050-02-12 13:00:00,1474.7,3887.8,0.0,24.1,5386.7,1429.4,-2508.6,0.0,2508.6,0.0307,0.0386,upv,upv,0.0,0.0,0.0,0.0,0.0,0.0,0.0,0.0,0.0,0.0,0.0,0.0,0.0,0.0,0.0,0.0,0.0,0.0,139.6,2.6,0.26,16.5,1052.7,0.06,139.8,47.9,187.7,0.0,0.0,0.0,0.0,0.0,0.0,0.0,0.0,0.0,0.0,0.0,0.0,0.0,0.0,0.0,0.0,0.0,251.9,1381.9,1633.8,7895.3,7895.3,0.0,0.0,0.0,0.0,0.0,0.0,0.0,0.0,0.0,0.0,0.0,0.0,0.0,7895.3,0.0,0.0
2050-02-12 16:00:00,2050-02-12 14:00:00,1482.1,3145.3,0.0,28.1,4655.6,1436.5,-2767.7,0.0,2767.7,0.0308,0.0388,upv,upv,0.0,0.0,0.0,0.0,0.0,0.0,0.0,0.0,0.0,0.0,0.0,0.0,0.0,0.0,0.0,0.0,0.0,0.0,138.9,2.6,0.26,16.4,1047.4,0.06,139.1,47.6,186.7,0.0,0.0,0.0,0.0,0.0,0.0,0.0,0.0,0.0,0.0,0.0,0.0,0.0,0.0,0.0,0.0,0.0,255.6,1955.2,2210.8,7423.2,7423.2,0.0,0.0,0.0,0.0,0.0,0.0,0.0,0.0,0.0,0.0,0.0,0.0,0.0,7423.2,0.0,0.0
2050-02-12 17:00:00,2050-02-12 15:00:00,1497.9,2779.8,0.0,27.0,4304.7,1451.7,-2691.8,0.0,2691.8,0.0308,0.0392,upv,upv,0.0,0.0,0.0,0.0,0.0,0.0,0.0,0.0,0.0,0.0,0.0,0.0,0.0,0.0,0.0,0.0,0.0,0.0,139.8,2.6,0.26,16.5,1054.2,0.06,140.0,48.0,187.9,0.0,0.0,0.0,0.0,0.0,0.0,0.0,0.0,0.0,0.0,0.0,0.0,0.0,0.0,0.0,0.0,0.0,257.6,1012.2,1269.7,6996.5,6996.5,0.0,0.0,0.0,0.0,0.0,0.0,0.0,0.0,0.0,0.0,0.0,0.0,0.0,6996.5,0.0,0.0
2050-02-12 18:00:00,2050-02-12 16:00:00,1556.8,2431.9,0.0,17.1,4005.9,1508.3,-1126.2,445.3,1571.5,0.0312,0.0407,battery,gas-cc,0.0,0.0,0.0,0.0,0.0,0.0,0.0,0.0,0.0,0.0,0.0,0.0,0.0,0.0,0.0,0.0,0.0,0.0,185.6,3.5,0.35,21.9,1399.4,0.08,185.8,63.6,249.4,358.2,6.8,0.68,42.3,2703.1,0.16,358.6,122.9,481.5,14.21,0.0,0.0,14.21,14.81,0.0,0.0,14.81,0.0,0.0,0.0,5132.1,5132.1,0.0,0.0,0.0,0.0,0.0,205.7,0.0,0.0,0.0,0.0,0.0,0.0,0.0,4669.0,257.4,0.0
2050-02-12 19:00:00,2050-02-12 17:00:00,1621.1,0.0,0.0,11.3,1632.3,1569.8,1267.2,445.3,669.0,0.0316,0.0424,battery,gas-cc,0.0,0.0,0.0,0.0,0.0,0.0,0.0,0.0,0.0,0.0,0.0,0.0,0.0,0.0,0.0,0.0,0.0,0.0,145.3,2.7,0.28,17.2,1095.1,0.06,145.5,49.8,195.3,381.1,7.2,0.72,45.0,2876.0,0.17,381.5,130.8,512.3,30.64,0.0,0.0,30.64,32.0,0.0,0.0,32.0,0.0,0.0,0.0,1856.0,365.2,1490.9,0.0,0.0,0.0,0.0,5.0,0.0,0.0,0.0,0.0,0.0,0.0,0.0,112.5,247.7,0.0
2050-02-12 20:00:00,2050-02-12 18:00:00,1722.1,0.0,0.0,7.5,1729.6,1666.5,1509.1,445.3,92.1,0.0323,0.045,battery,gas-cc,0.0,0.0,0.0,0.0,0.0,0.0,0.0,0.0,0.0,0.0,0.0,0.0,0.0,0.0,0.0,0.0,0.0,0.0,145.7,2.8,0.28,17.2,1098.2,0.06,145.9,50.0,195.9,382.2,7.2,0.72,45.1,2883.9,0.17,382.6,131.1,513.7,30.64,0.0,0.0,30.64,32.08,0.0,0.0,32.08,0.0,0.0,0.0,1376.4,220.5,1155.9,0.0,0.0,0.0,0.0,0.0,0.0,0.0,0.0,0.0,0.0,0.0,0.0,0.0,220.5,0.0
2050-02-12 21:00:00,2050-02-12 19:00:00,1754.7,0.0,0.0,16.9,1771.6,1697.6,1580.2,445.3,1533.4,0.0326,0.0459,battery,gas-cc,0.0,0.0,0.0,0.0,0.0,0.0,0.0,0.0,0.0,0.0,0.0,0.0,0.0,0.0,0.0,0.0,0.0,0.0,145.2,2.7,0.28,17.2,1094.2,0.06,145.4,49.8,195.1,382.5,7.2,0.72,45.2,2886.5,0.17,382.9,131.2,514.2,30.64,0.0,0.0,30.64,32.11,0.0,0.0,32.11,0.0,0.0,0.0,2859.7,191.4,2668.4,0.0,0.0,0.0,0.0,0.0,0.0,0.0,0.0,0.0,0.0,0.0,0.0,0.0,191.4,0.0
2050-02-12 22:00:00,2050-02-12 20:00:00,1701.1,0.0,0.0,17.6,1718.6,1646.4,1549.5,445.3,1640.0,0.0322,0.0445,battery,gas-cc,0.0,0.0,0.0,0.0,0.0,0.0,0.0,0.0,0.0,0.0,0.0,0.0,0.0,0.0,0.0,0.0,0.0,0.0,145.5,2.7,0.28,17.2,1096.2,0.06,145.6,49.9,195.5,373.1,7.0,0.7,44.1,2815.8,0.16,373.5,128.0,501.6,30.64,0.0,0.0,30.64,32.07,0.0,0.0,32.07,0.0,0.0,0.0,2913.3,169.1,2744.2,0.0,0.0,0.0,0.0,0.0,0.0,0.0,0.0,0.0,0.0,0.0,0.0,0.0,169.1,0.0
2050-02-12 23:00:00,2050-02-12 21:00:00,1642.1,0.0,0.0,7.0,1649.1,1590.0,1540.2,445.3,8.9,0.0317,0.0429,battery,gas-cc,0.0,0.0,0.0,0.0,0.0,0.0,0.0,0.0,0.0,0.0,0.0,0.0,0.0,0.0,0.0,0.0,0.0,0.0,144.0,2.7,0.27,17.0,1085.4,0.06,144.2,49.4,193.6,381.3,7.2,0.72,45.0,2877.6,0.17,381.7,130.8,512.6,30.64,0.0,0.0,30.64,32.01,0.0,0.0,32.01,0.0,0.0,0.0,1212.6,108.8,1103.8,0.0,0.0,0.0,0.0,0.0,0.0,0.0,0.0,0.0,0.0,0.0,0.0,0.0,108.8,0.0
2050-02-13 00:00:00,2050-02-12 22:00:00,1533.7,0.0,0.0,10.7,1544.4,1486.1,1491.0,445.3,583.4,0.031,0.0401,battery,gas-cc,0.0,0.0,0.0,0.0,0.0,0.0,0.0,0.0,0.0,0.0,0.0,0.0,0.0,0.0,0.0,0.0,0.0,0.0,149.4,2.8,0.28,17.7,1125.9,0.07,149.6,51.2,200.8,329.8,6.2,0.62,39.0,2489.0,0.14,330.2,113.2,443.4,27.21,0.0,0.0,27.21,28.34,0.0,0.0,28.34,0.0,0.0,0.0,1682.5,53.4,1629.1,0.0,0.0,0.0,0.0,0.0,0.0,0.0,0.0,0.0,0.0,0.0,0.0,0.0,53.4,0.0
2050-02-13 01:00:00,2050-02-12 23:00:00,1412.6,0.0,0.0,16.6,1429.3,1369.7,1391.2,445.3,1497.8,0.0304,0.0369,battery,gas-cc,0.0,0.0,0.0,0.0,0.0,0.0,0.0,0.0,0.0,0.0,0.0,0.0,0.0,0.0,0.0,0.0,0.0,0.0,150.0,2.8,0.28,17.7,1130.0,0.07,150.1,51.4,201.5,328.8,6.2,0.62,38.8,2480.8,0.14,329.1,112.8,441.9,27.21,0.0,0.0,27.21,28.25,0.0,0.0,28.25,0.0,0.0,0.0,2481.8,38.0,2443.8,0.0,0.0,0.0,0.0,0.0,0.0,0.0,0.0,0.0,0.0,0.0,0.0,0.0,38.0,0.0
2050-02-13 02:00:00,2050-02-13 00:00:00,1296.8,0.0,0.0,17.6,1314.4,1258.0,1290.6,445.3,1640.0,0.03,0.0339,battery,gas-cc,0.0,0.0,0.0,0.0,0.0,0.0,0.0,0.0,0.0,0.0,0.0,0.0,0.0,0.0,0.0,0.0,0.0,0.0,184.3,3.5,0.35,21.8,1389.2,0.08,184.5,63.2,247.7,351.5,6.6,0.66,41.5,2652.1,0.15,351.8,120.6,472.4,27.21,0.0,0.0,27.21,28.16,0.0,0.0,28.16,0.0,0.0,0.0,2509.1,23.8,2485.2,0.0,0.0,0.0,0.0,0.0,0.0,0.0,0.0,0.0,0.0,0.0,0.0,0.0,23.8,0.0
2050-02-13 03:00:00,2050-02-13 01:00:00,1234.7,0.0,0.0,16.3,1251.1,1197.9,1230.6,445.3,1451.8,0.0298,0.0323,battery,gas-cc,0.0,0.0,0.0,0.0,0.0,0.0,0.0,0.0,0.0,0.0,0.0,0.0,0.0,0.0,0.0,0.0,0.0,0.0,143.7,2.7,0.27,17.0,1083.2,0.06,143.9,49.3,193.2,327.2,6.2,0.62,38.6,2468.9,0.14,327.5,112.3,439.8,27.21,0.0,0.0,27.21,28.11,0.0,0.0,28.11,0.0,0.0,0.0,2257.5,20.5,2237.1,0.0,0.0,0.0,0.0,0.0,0.0,0.0,0.0,0.0,0.0,0.0,0.0,0.0,20.5,0.0
2050-02-13 04:00:00,2050-02-13 02:00:00,1193.7,0.0,0.0,12.2,1205.9,1158.2,1185.1,445.3,818.8,0.0297,0.0312,battery,gas-cc,0.0,0.0,0.0,0.0,0.0,0.0,0.0,0.0,0.0,0.0,0.0,0.0,0.0,0.0,0.0,0.0,0.0,0.0,146.4,2.8,0.28,17.3,1103.2,0.06,146.5,50.2,196.7,326.8,6.2,0.62,38.6,2466.2,0.14,327.2,112.1,439.3,27.21,0.0,0.0,27.21,28.08,0.0,0.0,28.08,0.0,0.0,0.0,1579.4,20.8,1558.6,0.0,0.0,0.0,0.0,0.0,0.0,0.0,0.0,0.0,0.0,0.0,0.0,0.0,20.8,0.0
2050-02-13 05:00:00,2050-02-13 03:00:00,1165.3,0.0,0.0,11.6,1176.8,1130.6,1150.5,445.3,719.9,0.0297,0.0305,battery,gas-cc,0.0,0.0,0.0,0.0,0.0,0.0,0.0,0.0,0.0,0.0,0.0,0.0,0.0,0.0,0.0,0.0,0.0,0.0,143.7,2.7,0.27,17.0,1083.1,0.06,143.9,49.3,193.2,326.6,6.2,0.62,38.6,2464.3,0.14,326.9,112.1,439.0,27.21,0.0,0.0,27.21,28.06,0.0,0.0,28.06,0.0,0.0,0.0,1451.4,26.3,1425.1,0.0,0.0,0.0,0.0,0.0,0.0,0.0,0.0,0.0,0.0,0.0,0.0,0.0,26.3,0.0
2050-02-13 06:00:00,2050-02-13 04:00:00,1188.4,0.0,0.0,8.1,1196.5,1153.1,1172.1,445.3,187.4,0.0297,0.0311,gas-cc,gas-cc,0.0,0.0,0.0,0.0,0.0,0.0,0.0,0.0,0.0,0.0,0.0,0.0,0.0,0.0,0.0,0.0,0.0,0.0,155.5,2.9,0.29,18.4,1171.7,0.07,155.6,53.3,208.9,389.4,7.3,0.73,46.0,2938.2,0.17,389.8,133.6,523.4,27.21,0.0,0.0,27.21,28.08,0.0,0.0,28.08,0.0,0.0,0.0,938.6,24.4,914.2,0.0,0.0,0.0,0.0,0.0,0.0,0.0,0.0,0.0,0.0,0.0,0.0,0.0,24.4,0.0
2050-02-13 07:00:00,2050-02-13 05:00:00,1270.5,0.0,0.0,7.5,1278.0,1232.6,1251.9,445.3,85.8,0.0299,0.0332,battery,gas-cc,0.0,0.0,0.0,0.0,0.0,0.0,0.0,0.0,0.0,0.0,0.0,0.0,0.0,0.0,0.0,0.0,0.0,0.0,143.2,2.7,0.27,16.9,1079.5,0.06,143.4,49.1,192.5,327.5,6.2,0.62,38.7,2471.3,0.14,327.8,112.4,440.2,27.21,0.0,0.0,27.21,28.14,0.0,0.0,28.14,0.0,0.0,0.0,918.4,26.0,892.4,0.0,0.0,0.0,0.0,0.0,0.0,0.0,0.0,0.0,0.0,0.0,0.0,0.0,26.0,0.0
2050-02-13 08:00:00,2050-02-13 06:00:00,1453.7,0.0,0.0,16.6,1470.2,1409.2,1440.9,445.3,1486.0,0.0306,0.038,battery,gas-cc,0.0,0.0,0.0,0.0,0.0,0.0,0.0,0.0,0.0,0.0,0.0,0.0,0.0,0.0,0.0,0.0,0.0,0.0,144.4,2.7,0.27,17.1,1088.5,0.06,144.6,49.5,194.1,329.1,6.2,0.62,38.9,2483.6,0.14,329.5,112.9,442.4,27.21,0.0,0.0,27.21,28.28,0.0,0.0,28.28,0.0,0.0,0.0,2511.0,29.3,2481.6,0.0,0.0,0.0,0.0,0.0,0.0,0.0,0.0,0.0,0.0,0.0,0.0,0.0,29.3,0.0
2050-02-13 09:00:00,2050-02-13 07:00:00,1603.2,861.9,0.0,17.6,2482.6,1552.7,-1194.7,445.3,1640.0,0.0315,0.0419,battery,gas-cc,0.0,0.0,0.0,0.0,0.0,0.0,0.0,0.0,0.0,0.0,0.0,0.0,0.0,0.0,0.0,0.0,0.0,0.0,141.4,2.7,0.27,16.7,1065.7,0.06,141.5,48.5,190.0,314.7,5.9,0.59,37.2,2374.8,0.14,315.0,108.0,423.0,23.09,0.0,0.0,23.09,24.11,0.0,0.0,24.11,0.0,0.0,0.0,3677.2,3677.2,0.0,0.0,0.0,0.0,0.0,153.9,0.0,0.0,0.0,0.0,0.0,0.0,0.0,3492.8,30.5,0.0
2050-02-13 10:00:00,2050-02-13 08:00:00,1695.8,3824.8,0.0,26.2,5546.8,1641.3,-2644.8,0.0,2644.8,0.0321,0.0443,upv,upv,0.0,0.0,0.0,0.0,0.0,0.0,0.0,0.0,0.0,0.0,0.0,0.0,0.0,0.0,0.0,0.0,0.0,0.0,148.0,2.8,0.28,17.5,1115.8,0.06,148.2,50.8,198.9,0.0,0.0,0.0,0.0,0.0,0.0,0.0,0.0,0.0,0.0,0.0,0.0,0.0,0.0,0.0,0.0,0.0,0.0,830.7,830.7,8191.6,8191.6,0.0,0.0,0.0,0.0,0.0,0.0,0.0,0.0,0.0,0.0,0.0,0.0,0.0,8176.4,15.2,0.0
2050-02-13 11:00:00,2050-02-13 09:00:00,1693.7,3629.9,0.0,28.9,5352.5,1639.3,-2816.0,0.0,2816.0,0.0321,0.0443,upv,upv,0.0,0.0,0.0,0.0,0.0,0.0,0.0,0.0,0.0,0.0,0.0,0.0,0.0,0.0,0.0,0.0,0.0,0.0,140.0,2.6,0.26,16.5,1055.3,0.06,140.1,48.0,188.1,0.0,0.0,0.0,0.0,0.0,0.0,0.0,0.0,0.0,0.0,0.0,0.0,0.0,0.0,0.0,0.0,0.0,18.1,1675.3,1693.4,8168.5,8168.5,0.0,0.0,0.0,0.0,0.0,0.0,0.0,0.0,0.0,0.0,0.0,0.0,0.0,8168.5,0.0,0.0
2050-02-13 12:00:00,2050-02-13 10:00:00,1624.2,3625.0,0.0,28.9,5278.1,1572.9,-2816.0,0.0,2816.0,0.0316,0.0425,upv,upv,0.0,0.0,0.0,0.0,0.0,0.0,0.0,0.0,0.0,0.0,0.0,0.0,0.0,0.0,0.0,0.0,0.0,0.0,159.4,3.0,0.3,18.8,1201.7,0.07,159.5,54.7,214.2,0.0,0.0,0.0,0.0,0.0,0.0,0.0,0.0,0.0,0.0,0.0,0.0,0.0,0.0,0.0,0.0,0.0,22.9,1452.7,1475.6,8094.1,8094.1,0.0,0.0,0.0,0.0,0.0,0.0,0.0,0.0,0.0,0.0,0.0,0.0,0.0,8094.1,0.0,0.0
2050-02-13 13:00:00,2050-02-13 11:00:00,1562.1,3211.2,0.0,18.1,4791.4,1513.3,-2121.5,0.0,2121.5,0.0312,0.0409,upv,upv,0.0,0.0,0.0,0.0,0.0,0.0,0.0,0.0,0.0,0.0,0.0,0.0,0.0,0.0,0.0,0.0,0.0,0.0,153.7,2.9,0.29,18.2,1158.6,0.07,153.8,52.7,206.5,0.0,0.0,0.0,0.0,0.0,0.0,0.0,0.0,0.0,0.0,0.0,0.0,0.0,0.0,0.0,0.0,0.0,41.9,2242.8,2284.7,6912.9,6912.9,0.0,0.0,0.0,0.0,0.0,0.0,0.0,0.0,0.0,0.0,0.0,0.0,0.0,6912.9,0.0,0.0
2050-02-13 14:00:00,2050-02-13 12:00:00,1541.1,3791.8,0.0,24.6,5357.5,1493.1,-2541.5,0.0,2541.5,0.0311,0.0403,upv,upv,0.0,0.0,0.0,0.0,0.0,0.0,0.0,0.0,0.0,0.0,0.0,0.0,0.0,0.0,0.0,0.0,0.0,0.0,139.8,2.6,0.26,16.5,1054.2,0.06,140.0,48.0,187.9,0.0,0.0,0.0,0.0,0.0,0.0,0.0,0.0,0.0,0.0,0.0,0.0,0.0,0.0,0.0,0.0,0.0,0.0,1259.1,1259.1,7899.0,7899.0,0.0,0.0,0.0,0.0,0.0,382.9,0.0,0.0,0.0,0.0,0.0,0.0,0.0,7432.6,83.5,0.0
2050-02-13 15:00:00,2050-02-13 13:00:00,1528.4,3693.0,0.0,23.3,5244.7,1481.0,-2453.5,0.0,2453.5,0.031,0.04,upv,upv,0.0,0.0,0.0,0.0,0.0,0.0,0.0,0.0,0.0,0.0,0.0,0.0,0.0,0.0,0.0,0.0,0.0,0.0,171.9,3.2,0.32,20.3,1296.3,0.07,172.1,59.0,231.1,0.0,0.0,0.0,0.0,0.0,0.0,0.0,0.0,0.0,0.0,0.0,0.0,0.0,0.0,0.0,0.0,0.0,129.1,1687.1,1816.2,7698.1,7698.1,0.0,0.0,0.0,0.0,0.0,0.0,0.0,0.0,0.0,0.0,0.0,0.0,0.0,7698.1,0.0,0.0
2050-02-13 16:00:00,2050-02-13 14:00:00,1503.2,2917.5,0.0,23.5,4444.2,1456.8,-2470.7,0.0,2470.7,0.0309,0.0393,upv,upv,0.0,0.0,0.0,0.0,0.0,0.0,0.0,0.0,0.0,0.0,0.0,0.0,0.0,0.0,0.0,0.0,0.0,0.0,139.8,2.6,0.26,16.5,1053.9,0.06,139.9,47.9,187.9,0.0,0.0,0.0,0.0,0.0,0.0,0.0,0.0,0.0,0.0,0.0,0.0,0.0,0.0,0.0,0.0,0.0,0.0,2983.5,2983.5,6915.0,6915.0,0.0,0.0,0.0,0.0,0.0,0.0,0.0,0.0,0.0,0.0,0.0,0.0,0.0,6745.7,169.2,0.0
2050-02-13 17:00:00,2050-02-13 15:00:00,1538.9,2431.9,0.0,28.9,3999.7,1491.1,-2816.0,0.0,2816.0,0.0311,0.0402,upv,upv,0.0,0.0,0.0,0.0,0.0,0.0,0.0,0.0,0.0,0.0,0.0,0.0,0.0,0.0,0.0,0.0,0.0,0.0,153.6,2.9,0.29,18.1,1157.8,0.07,153.7,52.7,206.4,0.0,0.0,0.0,0.0,0.0,0.0,0.0,0.0,0.0,0.0,0.0,0.0,0.0,0.0,0.0,0.0,0.0,210.9,2616.5,2827.5,6815.7,6815.7,0.0,0.0,0.0,0.0,0.0,0.0,0.0,0.0,0.0,0.0,0.0,0.0,0.0,6815.7,0.0,0.0
2050-02-13 18:00:00,2050-02-13 16:00:00,1595.8,1695.6,0.0,26.4,3317.8,1545.6,-2653.8,0.0,2653.8,0.0314,0.0417,battery,gas-cc,0.0,0.0,0.0,0.0,0.0,0.0,0.0,0.0,0.0,0.0,0.0,0.0,0.0,0.0,0.0,0.0,0.0,0.0,143.2,2.7,0.28,16.9,1070.7,0.07,143.4,48.9,192.2,314.6,5.9,0.59,37.2,2374.3,0.14,315.0,108.0,422.9,23.09,0.0,0.0,23.09,24.1,0.0,0.0,24.1,0.0,0.0,0.0,5971.6,5971.6,0.0,0.0,0.0,0.0,0.0,242.7,0.0,0.0,0.0,0.0,0.0,0.0,0.0,5509.1,219.8,0.0
2050-02-13 19:00:00,2050-02-13 17:00:00,1701.1,0.0,0.0,8.4,1709.4,1646.4,1336.5,0.0,1290.2,0.0322,0.0445,battery,gas-cc,0.0,0.0,0.0,0.0,0.0,0.0,0.0,0.0,0.0,0.0,0.0,0.0,0.0,0.0,0.0,0.0,0.0,0.0,145.1,2.7,0.28,17.1,1093.3,0.06,145.2,49.7,195.0,409.9,7.7,0.77,48.4,3092.9,0.18,410.3,140.6,550.9,36.43,0.0,0.0,36.43,38.13,0.0,0.0,38.13,0.0,0.0,0.0,2999.7,373.0,2626.7,0.0,0.0,0.0,0.0,6.7,0.0,0.0,0.0,0.0,0.0,0.0,0.0,152.2,214.1,0.0
2050-02-13 20:00:00,2050-02-13 18:00:00,1857.9,0.0,0.0,5.2,1863.1,1795.9,1667.1,0.0,807.1,0.0334,0.0486,battery,gas-cc,0.0,0.0,0.0,0.0,0.0,0.0,0.0,0.0,0.0,0.0,0.0,0.0,0.0,0.0,0.0,0.0,0.0,0.0,145.6,2.7,0.28,17.2,1097.0,0.06,145.7,49.9,195.6,422.9,8.0,0.8,50.0,3191.2,0.18,423.3,145.1,568.5,36.43,0.0,0.0,36.43,38.3,0.0,0.0,38.3,0.0,0.0,0.0,2670.2,196.0,2474.2,0.0,0.0,0.0,0.0,0.0,0.0,0.0,0.0,0.0,0.0,0.0,0.0,0.0,196.0,0.0
2050-02-13 21:00:00,2050-02-13 19:00:00,1881.1,0.0,0.0,0.0,1881.1,1817.9,1705.9,0.0,0.0,0.0336,0.0492,battery,gas-cc,0.0,0.0,0.0,0.0,0.0,0.0,0.0,0.0,0.0,0.0,0.0,0.0,0.0,0.0,0.0,0.0,0.0,0.0,146.2,2.8,0.28,17.3,1101.8,0.06,146.4,50.1,196.5,411.9,7.8,0.78,48.7,3108.3,0.18,412.3,141.3,553.7,36.43,0.0,0.0,36.43,38.32,0.0,0.0,38.32,0.0,0.0,0.0,1881.1,175.1,1705.9,0.0,0.0,0.0,0.0,0.0,0.0,0.0,0.0,0.0,0.0,0.0,0.0,0.0,175.1,0.0
2050-02-13 22:00:00,2050-02-13 20:00:00,1793.7,0.0,0.0,6.7,1800.3,1734.8,1631.4,0.0,1024.4,0.0329,0.0469,battery,gas-cc,0.0,0.0,0.0,0.0,0.0,0.0,0.0,0.0,0.0,0.0,0.0,0.0,0.0,0.0,0.0,0.0,0.0,0.0,145.6,2.7,0.28,17.2,1096.9,0.06,145.7,49.9,195.6,410.9,7.7,0.77,48.5,3100.8,0.18,411.4,141.0,552.3,36.43,0.0,0.0,36.43,38.23,0.0,0.0,38.23,0.0,0.0,0.0,2824.8,169.0,2655.8,0.0,0.0,0.0,0.0,0.0,0.0,0.0,0.0,0.0,0.0,0.0,0.0,0.0,169.0,0.0
2050-02-13 23:00:00,2050-02-13 21:00:00,1713.7,0.0,0.0,0.0,1713.7,1658.4,1549.2,0.0,0.0,0.0322,0.0448,battery,gas-cc,0.0,0.0,0.0,0.0,0.0,0.0,0.0,0.0,0.0,0.0,0.0,0.0,0.0,0.0,0.0,0.0,0.0,0.0,145.9,2.8,0.28,17.2,1099.5,0.06,146.1,50.0,196.1,410.0,7.7,0.77,48.4,3094.0,0.18,410.5,140.7,551.1,36.43,0.0,0.0,36.43,38.14,0.0,0.0,38.14,0.0,0.0,0.0,1713.7,164.5,1549.2,0.0,0.0,0.0,0.0,0.0,0.0,0.0,0.0,0.0,0.0,0.0,0.0,0.0,164.5,0.0
2050-02-14 00:00:00,2050-02-13 22:00:00,1595.8,0.0,0.0,0.0,1595.8,1545.6,1436.3,0.0,0.0,0.0314,0.0417,battery,gas-cc,0.0,0.0,0.0,0.0,0.0,0.0,0.0,0.0,0.0,0.0,0.0,0.0,0.0,0.0,0.0,0.0,0.0,0.0,170.9,3.2,0.32,20.2,1288.2,0.07,171.1,58.6,229.7,408.7,7.7,0.77,48.3,3084.1,0.18,409.1,140.2,549.4,37.47,0.0,0.0,37.47,39.1,0.0,0.0,39.1,0.0,0.0,0.0,1595.8,159.5,1436.3,0.0,0.0,0.0,0.0,0.0,0.0,0.0,0.0,0.0,0.0,0.0,0.0,0.0,159.5,0.0
2050-02-14 01:00:00,2050-02-13 23:00:00,1458.9,0.0,0.0,2.4,1461.3,1414.3,1293.1,0.0,369.2,0.0306,0.0382,battery,gas-cc,0.0,0.0,0.0,0.0,0.0,0.0,0.0,0.0,0.0,0.0,0.0,0.0,0.0,0.0,0.0,0.0,0.0,0.0,199.3,3.8,0.38,23.5,1502.7,0.09,199.5,68.4,267.9,365.7,6.9,0.69,43.2,2760.0,0.16,366.1,125.5,491.6,37.47,0.0,0.0,37.47,38.96,0.0,0.0,38.96,0.0,0.0,0.0,1830.5,168.3,1662.2,0.0,0.0,0.0,0.0,0.0,0.0,0.0,0.0,0.0,0.0,0.0,0.0,0.0,168.3,0.0
2050-02-14 02:00:00,2050-02-14 00:00:00,1337.9,0.0,0.0,0.0,1337.9,1297.6,1146.4,0.0,0.0,0.0301,0.035,battery,gas-cc,0.0,0.0,0.0,0.0,0.0,0.0,0.0,0.0,0.0,0.0,0.0,0.0,0.0,0.0,0.0,0.0,0.0,0.0,207.2,3.9,0.39,24.5,1561.6,0.09,207.4,71.0,278.5,405.8,7.6,0.76,47.9,3062.5,0.18,406.3,139.3,545.5,37.47,0.0,0.0,37.47,38.83,0.0,0.0,38.83,0.0,0.0,0.0,1337.9,191.5,1146.4,0.0,0.0,0.0,0.0,0.0,0.0,0.0,0.0,0.0,0.0,0.0,0.0,0.0,191.5,0.0
2050-02-14 03:00:00,2050-02-14 01:00:00,1254.7,0.0,0.0,7.1,1261.9,1217.3,1084.7,0.0,1094.4,0.0298,0.0328,battery,gas-cc,0.0,0.0,0.0,0.0,0.0,0.0,0.0,0.0,0.0,0.0,0.0,0.0,0.0,0.0,0.0,0.0,0.0,0.0,151.4,2.9,0.29,17.9,1140.8,0.07,151.5,51.9,203.4,363.7,6.9,0.69,43.0,2744.7,0.16,364.1,124.8,488.9,37.47,0.0,0.0,37.47,38.74,0.0,0.0,38.74,0.0,0.0,0.0,2356.2,177.2,2179.1,0.0,0.0,0.0,0.0,0.0,0.0,0.0,0.0,0.0,0.0,0.0,0.0,0.0,177.2,0.0
2050-02-14 04:00:00,2050-02-14 02:00:00,1208.4,0.0,0.0,10.3,1218.7,1172.5,1048.8,0.0,1578.0,0.0298,0.0316,gas-cc,gas-cc,0.0,0.0,0.0,0.0,0.0,0.0,0.0,0.0,0.0,0.0,0.0,0.0,0.0,0.0,0.0,0.0,0.0,0.0,177.7,3.4,0.34,21.0,1337.6,0.08,177.9,60.9,238.8,363.3,6.8,0.68,42.9,2741.3,0.16,363.7,124.6,488.3,37.47,0.0,0.0,37.47,38.69,0.0,0.0,38.69,0.0,0.0,0.0,2796.6,169.9,2626.7,0.0,0.0,0.0,0.0,0.0,0.0,0.0,0.0,0.0,0.0,0.0,0.0,0.0,169.9,0.0
2050-02-14 05:00:00,2050-02-14 03:00:00,1180.0,0.0,0.0,2.5,1182.5,1144.9,1008.6,0.0,382.4,0.0297,0.0309,gas-cc,gas-cc,0.0,0.0,0.0,0.0,0.0,0.0,0.0,0.0,0.0,0.0,0.0,0.0,0.0,0.0,0.0,0.0,0.0,0.0,153.9,2.9,0.29,18.2,1160.1,0.07,154.1,52.8,206.9,363.0,6.8,0.68,42.9,2739.2,0.16,363.4,124.6,487.9,37.47,0.0,0.0,37.47,38.66,0.0,0.0,38.66,0.0,0.0,0.0,1564.9,173.9,1391.0,0.0,0.0,0.0,0.0,0.0,0.0,0.0,0.0,0.0,0.0,0.0,0.0,0.0,173.9,0.0
2050-02-14 06:00:00,2050-02-14 04:00:00,1185.3,0.0,0.0,1.1,1186.4,1150.0,994.9,0.0,174.1,0.0297,0.031,gas-cc,gas-cc,0.0,0.0,0.0,0.0,0.0,0.0,0.0,0.0,0.0,0.0,0.0,0.0,0.0,0.0,0.0,0.0,0.0,0.0,143.8,2.7,0.27,17.0,1083.6,0.06,143.9,49.3,193.2,363.0,6.8,0.68,42.9,2739.6,0.16,363.4,124.6,488.0,37.47,0.0,0.0,37.47,38.67,0.0,0.0,38.67,0.0,0.0,0.0,1360.5,191.5,1168.9,0.0,0.0,0.0,0.0,0.0,0.0,0.0,0.0,0.0,0.0,0.0,0.0,0.0,191.5,0.0
2050-02-14 07:00:00,2050-02-14 05:00:00,1273.7,0.0,0.0,9.9,1283.6,1235.6,1095.4,0.0,1526.7,0.0299,0.0333,gas-cc,gas-cc,0.0,0.0,0.0,0.0,0.0,0.0,0.0,0.0,0.0,0.0,0.0,0.0,0.0,0.0,0.0,0.0,0.0,0.0,143.6,2.7,0.27,17.0,1082.5,0.06,143.8,49.2,193.1,363.9,6.9,0.69,43.0,2746.1,0.16,364.3,124.9,489.2,37.47,0.0,0.0,37.47,38.76,0.0,0.0,38.76,0.0,0.0,0.0,2810.3,188.2,2622.0,0.0,0.0,0.0,0.0,0.0,0.0,0.0,0.0,0.0,0.0,0.0,0.0,0.0,188.2,0.0
2050-02-14 08:00:00,2050-02-14 06:00:00,1443.2,0.0,0.0,0.0,1443.2,1399.1,1247.0,0.0,0.0,0.0306,0.0377,battery,gas-cc,0.0,0.0,0.0,0.0,0.0,0.0,0.0,0.0,0.0,0.0,0.0,0.0,0.0,0.0,0.0,0.0,0.0,0.0,145.6,2.8,0.28,17.2,1097.4,0.06,145.8,49.9,195.7,407.0,7.7,0.77,48.1,3071.3,0.18,407.4,139.7,547.1,37.47,0.0,0.0,37.47,38.94,0.0,0.0,38.94,0.0,0.0,0.0,1443.2,196.2,1247.0,0.0,0.0,0.0,0.0,0.0,0.0,0.0,0.0,0.0,0.0,0.0,0.0,0.0,196.2,0.0
2050-02-14 09:00:00,2050-02-14 07:00:00,1595.8,0.0,0.0,9.6,1605.4,1545.6,863.7,863.7,0.0,0.0314,0.0417,battery,gas-cc,0.0,0.0,0.0,0.0,0.0,0.0,0.0,0.0,0.0,0.0,0.0,0.0,0.6,1.5,0.01,0.0,0.7,0.7,181.5,3.4,0.34,21.4,1368.7,0.08,181.7,62.3,243.9,454.8,8.6,0.86,53.7,3431.6,0.2,455.2,156.0,611.3,31.7,0.0,0.0,31.7,33.08,0.0,0.0,33.08,0.0,0.0,0.0,741.7,741.7,0.0,0.0,0.0,0.0,0.0,23.8,0.0,0.0,0.0,0.0,0.0,0.0,0.0,541.2,176.6,0.0
2050-02-14 10:00:00,2050-02-14 08:00:00,1716.8,1904.3,0.0,12.1,3633.2,1661.4,1243.2,1243.2,0.0,0.0323,0.0449,battery,gas-cc,0.0,0.0,0.0,0.0,0.0,0.0,0.0,0.0,0.0,0.0,0.0,0.0,0.3,0.7,0.01,0.0,0.3,0.3,141.2,2.7,0.27,16.7,1064.3,0.06,141.3,48.4,189.7,315.7,5.9,0.59,37.3,2382.2,0.14,316.0,108.3,424.3,25.8,0.0,0.0,25.8,27.01,0.0,0.0,27.01,0.0,0.0,0.0,2390.1,2390.1,0.0,0.0,0.0,0.0,0.0,93.0,0.0,0.0,0.0,0.0,0.0,0.0,0.0,2111.5,185.5,0.0
2050-02-14 11:00:00,2050-02-14 09:00:00,1742.1,2431.9,0.0,1.5,4175.5,1685.6,93.7,93.7,0.0,0.0325,0.0456,battery,gas-cc,0.0,0.0,0.0,0.0,0.0,0.0,0.0,0.0,0.0,0.0,0.0,0.0,0.0,0.0,0.0,0.0,0.0,0.0,141.5,2.7,0.27,16.7,1066.4,0.06,141.6,48.5,190.1,315.9,6.0,0.6,37.3,2383.8,0.14,316.2,108.4,424.6,23.8,0.0,0.0,23.8,24.94,0.0,0.0,24.94,0.0,0.0,0.0,4081.7,4081.7,0.0,0.0,0.0,0.0,0.0,162.3,0.0,0.0,0.0,0.0,0.0,0.0,0.0,3683.5,236.0,0.0
2050-02-14 12:00:00,2050-02-14 10:00:00,1688.4,2941.7,0.0,0.9,4631.0,1634.3,-139.8,0.0,139.8,0.0321,0.0442,battery,gas-cc,0.0,0.0,0.0,0.0,0.0,0.0,0.0,0.0,0.0,0.0,0.0,0.0,0.0,0.0,0.0,0.0,0.0,0.0,140.0,2.6,0.26,16.5,1055.3,0.06,140.1,48.0,188.1,368.0,6.9,0.69,43.5,2777.3,0.16,368.4,126.3,494.7,23.32,0.0,0.0,23.32,24.39,0.0,0.0,24.39,0.0,0.0,0.0,4770.8,4770.8,0.0,0.0,0.0,0.0,0.0,191.3,0.0,0.0,0.0,0.0,0.0,0.0,0.0,4342.6,236.9,0.0
2050-02-14 13:00:00,2050-02-14 11:00:00,1628.4,3891.7,0.0,6.7,5526.8,1576.9,-1027.9,0.0,1027.9,0.0316,0.0426,battery,gas-cc,0.0,0.0,0.0,0.0,0.0,0.0,0.0,0.0,0.0,0.0,0.0,0.0,0.0,0.0,0.0,0.0,0.0,0.0,142.0,2.7,0.27,16.8,1070.4,0.06,142.1,48.7,190.8,293.7,5.5,0.55,34.7,2216.0,0.13,294.0,100.8,394.7,23.32,0.0,0.0,23.32,24.35,0.0,0.0,24.35,0.0,0.0,0.0,6554.7,6554.7,0.0,0.0,0.0,0.0,0.0,265.3,0.0,0.0,0.0,0.0,0.0,0.0,0.0,6019.6,269.9,0.0
2050-02-14 14:00:00,2050-02-14 12:00:00,1624.2,4019.6,0.0,17.5,5661.3,1572.9,-2081.1,0.0,2081.1,0.0316,0.0425,battery,gas-cc,0.0,0.0,0.0,0.0,0.0,0.0,0.0,0.0,0.0,0.0,0.0,0.0,0.0,0.0,0.0,0.0,0.0,0.0,144.7,2.7,0.27,17.1,1091.2,0.06,144.9,49.6,194.5,367.4,6.9,0.69,43.4,2772.4,0.16,367.8,126.1,493.8,22.34,0.0,0.0,22.34,23.33,0.0,0.0,23.33,0.0,0.0,0.0,7742.3,7742.3,0.0,0.0,0.0,0.0,0.0,315.2,0.0,0.0,0.0,0.0,0.0,0.0,0.0,7153.7,273.4,0.0
2050-02-14 15:00:00,2050-02-14 13:00:00,1603.2,4019.6,0.0,12.7,5635.5,1552.7,-1774.6,0.0,1774.6,0.0315,0.0419,battery,gas-cc,0.0,0.0,0.0,0.0,0.0,0.0,0.0,0.0,0.0,0.0,0.0,0.0,0.0,0.0,0.0,0.0,0.0,0.0,139.9,2.6,0.26,16.5,1054.6,0.06,140.0,48.0,188.0,367.2,6.9,0.69,43.4,2770.8,0.16,367.6,126.0,493.6,22.34,0.0,0.0,22.34,23.32,0.0,0.0,23.32,0.0,0.0,0.0,7410.1,7410.1,0.0,0.0,0.0,0.0,0.0,301.5,0.0,0.0,0.0,0.0,0.0,0.0,0.0,6843.5,265.1,0.0
2050-02-14 16:00:00,2050-02-14 14:00:00,1574.7,3953.7,0.0,5.2,5533.6,1525.5,-793.4,0.0,793.4,0.0313,0.0412,gas-cc,gas-cc,0.0,0.0,0.0,0.0,0.0,0.0,0.0,0.0,0.0,0.0,0.0,0.0,0.0,0.0,0.0,0.0,0.0,0.0,160.6,3.0,0.3,19.0,1211.1,0.07,160.8,55.1,215.9,366.9,6.9,0.69,43.3,2768.7,0.16,367.3,125.9,493.2,23.32,0.0,0.0,23.32,24.32,0.0,0.0,24.32,0.0,0.0,0.0,6326.9,6326.9,0.0,0.0,0.0,0.0,0.0,256.1,0.0,0.0,0.0,0.0,0.0,0.0,0.0,5812.8,258.1,0.0
2050-02-14 17:00:00,2050-02-14 15:00:00,1605.3,3435.1,0.0,4.3,5044.6,1554.7,-658.4,0.0,658.4,0.0315,0.042,gas-cc,gas-cc,0.0,0.0,0.0,0.0,0.0,0.0,0.0,0.0,0.0,0.0,0.0,0.0,0.0,0.0,0.0,0.0,0.0,0.0,160.7,3.0,0.3,19.0,1211.8,0.07,160.9,55.1,216.0,367.2,6.9,0.69,43.4,2771.0,0.16,367.6,126.0,493.6,23.32,0.0,0.0,23.32,24.34,0.0,0.0,24.34,0.0,0.0,0.0,5703.0,5703.0,0.0,0.0,0.0,0.0,0.0,229.7,0.0,0.0,0.0,0.0,0.0,0.0,0.0,5211.8,261.5,0.0
2050-02-14 18:00:00,2050-02-14 16:00:00,1670.5,2431.9,0.0,5.8,4108.3,1617.2,376.8,376.8,0.0,0.0319,0.0437,battery,gas-cc,0.0,0.0,0.0,0.0,0.0,0.0,0.0,0.0,0.0,0.0,0.0,0.0,0.0,0.0,0.0,0.0,0.0,0.0,158.4,3.0,0.3,18.7,1194.6,0.07,158.6,54.3,212.9,367.9,6.9,0.69,43.5,2775.9,0.16,368.3,126.2,494.5,23.8,0.0,0.0,23.8,24.89,0.0,0.0,24.89,0.0,0.0,0.0,3731.5,3731.5,0.0,0.0,0.0,0.0,0.0,147.3,0.0,0.0,0.0,0.0,0.0,0.0,0.0,3344.2,239.9,0.0
2050-02-14 19:00:00,2050-02-14 17:00:00,1770.5,0.0,0.0,7.8,1778.3,1712.7,1433.8,0.0,1193.8,0.0327,0.0463,battery,gas-cc,0.0,0.0,0.0,0.0,0.0,0.0,0.0,0.0,0.0,0.0,0.0,0.0,0.0,0.0,0.0,0.0,0.0,0.0,148.8,2.8,0.28,17.6,1121.5,0.07,149.0,51.0,200.0,438.7,8.3,0.83,51.8,3310.3,0.19,439.1,150.5,589.7,30.39,0.0,0.0,30.39,31.86,0.0,0.0,31.86,0.0,0.0,0.0,2972.1,344.5,2627.6,0.0,0.0,0.0,0.0,5.2,0.0,0.0,0.0,0.0,0.0,0.0,0.0,119.1,220.1,0.0
2050-02-14 20:00:00,2050-02-14 18:00:00,1920.0,0.0,0.0,7.3,1927.3,1854.9,1751.6,445.3,57.5,0.0339,0.0502,battery,gas-cc,0.0,0.0,0.0,0.0,0.0,0.0,0.0,0.0,0.0,0.0,0.0,0.0,0.0,0.1,0.0,0.0,0.0,0.0,219.7,4.1,0.41,25.9,1656.6,0.1,219.9,75.3,295.2,384.3,7.2,0.72,45.4,2899.6,0.17,384.7,131.8,516.5,30.39,0.0,0.0,30.39,31.99,0.0,0.0,31.99,0.0,0.0,0.0,1539.4,175.7,1363.8,0.0,0.0,0.0,0.0,0.0,0.0,0.0,0.0,0.0,0.0,0.0,0.0,0.0,175.7,0.0
2050-02-14 21:00:00,2050-02-14 19:00:00,1953.7,0.0,0.0,15.2,1968.9,1886.9,1805.1,389.8,1406.2,0.0342,0.0511,battery,gas-cc,0.0,0.0,0.0,0.0,0.0,0.0,0.0,0.0,0.0,0.0,0.0,0.0,0.0,0.1,0.0,0.0,0.0,0.0,190.3,3.6,0.36,22.5,1434.8,0.08,190.5,65.3,255.8,440.9,8.3,0.83,52.1,3327.0,0.19,441.4,151.3,592.6,30.39,0.0,0.0,30.39,32.02,0.0,0.0,32.02,0.0,0.0,0.0,2985.3,163.8,2821.5,0.0,0.0,0.0,0.0,0.0,0.0,0.0,0.0,0.0,0.0,0.0,0.0,0.0,163.8,0.0
2050-02-14 22:00:00,2050-02-14 20:00:00,1891.6,0.0,0.0,7.6,1899.2,1827.9,1760.7,260.8,543.0,0.0336,0.0495,battery,gas-cc,0.0,0.0,0.0,0.0,0.0,0.0,0.0,0.0,0.0,0.0,0.0,0.0,0.0,0.1,0.0,0.0,0.0,0.0,146.2,2.8,0.28,17.3,1101.5,0.06,146.3,50.1,196.5,440.1,8.3,0.83,52.0,3321.3,0.19,440.6,151.0,591.6,30.39,0.0,0.0,30.39,31.97,0.0,0.0,31.97,0.0,0.0,0.0,2181.3,138.4,2042.9,0.0,0.0,0.0,0.0,0.0,0.0,0.0,0.0,0.0,0.0,0.0,0.0,0.0,138.4,0.0
2050-02-14 23:00:00,2050-02-14 21:00:00,1820.0,0.0,0.0,9.6,1829.6,1759.8,1742.1,445.3,418.2,0.0331,0.0476,battery,gas-cc,0.0,0.0,0.0,0.0,0.0,0.0,0.0,0.0,0.0,0.0,0.0,0.0,0.0,0.1,0.0,0.0,0.0,0.0,146.2,2.8,0.28,17.3,1101.7,0.06,146.4,50.1,196.5,383.2,7.2,0.72,45.3,2891.7,0.17,383.6,131.5,515.1,30.39,0.0,0.0,30.39,31.9,0.0,0.0,31.9,0.0,0.0,0.0,1802.5,87.5,1715.0,0.0,0.0,0.0,0.0,0.0,0.0,0.0,0.0,0.0,0.0,0.0,0.0,0.0,87.5,0.0
2050-02-15 00:00:00,2050-02-14 22:00:00,1701.1,0.0,0.0,0.0,1701.1,1646.4,1645.9,0.0,0.0,0.0322,0.0445,battery,gas-cc,0.0,0.0,0.0,0.0,0.0,0.0,0.0,0.0,0.0,0.0,0.0,0.0,0.0,0.0,0.0,0.0,0.0,0.0,182.8,3.4,0.35,21.6,1378.4,0.08,183.0,62.7,245.7,373.1,7.0,0.7,44.1,2815.8,0.16,373.5,128.0,501.6,30.16,0.0,0.0,30.16,31.57,0.0,0.0,31.57,0.0,0.0,0.0,1701.1,55.2,1645.9,0.0,0.0,0.0,0.0,0.0,0.0,0.0,0.0,0.0,0.0,0.0,0.0,0.0,55.2,0.0
2050-02-15 01:00:00,2050-02-14 23:00:00,1553.7,0.0,0.0,0.0,1553.7,1505.3,1513.9,0.0,0.0,0.0312,0.0406,battery,gas-cc,0.0,0.0,0.0,0.0,0.0,0.0,0.0,0.0,0.0,0.0,0.0,0.0,0.0,0.0,0.0,0.0,0.0,0.0,146.3,2.8,0.28,17.3,1102.5,0.06,146.5,50.2,196.6,371.6,7.0,0.7,43.9,2804.5,0.16,372.0,127.5,499.6,30.16,0.0,0.0,30.16,31.44,0.0,0.0,31.44,0.0,0.0,0.0,1553.7,39.8,1513.9,0.0,0.0,0.0,0.0,0.0,0.0,0.0,0.0,0.0,0.0,0.0,0.0,0.0,39.8,0.0
2050-02-15 02:00:00,2050-02-15 00:00:00,1432.6,0.0,0.0,1.6,1434.2,1388.9,1400.4,101.0,0.0,0.0305,0.0375,battery,gas-cc,0.0,0.0,0.0,0.0,0.0,0.0,0.0,0.0,0.0,0.0,0.0,0.0,0.0,0.0,0.0,0.0,0.0,0.0,149.4,2.8,0.28,17.7,1125.6,0.07,149.5,51.2,200.8,370.4,7.0,0.7,43.8,2795.2,0.16,370.8,127.1,497.9,30.16,0.0,0.0,30.16,31.34,0.0,0.0,31.34,0.0,0.0,0.0,1333.2,33.8,1299.4,0.0,0.0,0.0,0.0,0.0,0.0,0.0,0.0,0.0,0.0,0.0,0.0,0.0,33.8,0.0
2050-02-15 03:00:00,2050-02-15 01:00:00,1361.1,0.0,0.0,1.3,1362.4,1320.0,1335.2,85.5,0.0,0.0302,0.0356,battery,gas-cc,0.0,0.0,0.0,0.0,0.0,0.0,0.0,0.0,0.0,0.0,0.0,0.0,0.0,0.0,0.0,0.0,0.0,0.0,161.6,3.0,0.31,19.1,1217.9,0.07,161.7,55.4,217.1,369.7,7.0,0.7,43.7,2789.8,0.16,370.1,126.9,497.0,30.16,0.0,0.0,30.16,31.27,0.0,0.0,31.27,0.0,0.0,0.0,1276.9,27.2,1249.7,0.0,0.0,0.0,0.0,0.0,0.0,0.0,0.0,0.0,0.0,0.0,0.0,0.0,27.2,0.0
2050-02-15 04:00:00,2050-02-15 02:00:00,1322.1,0.0,0.0,0.0,1322.1,1282.4,1315.3,0.0,0.0,0.03,0.0346,battery,gas-cc,0.0,0.0,0.0,0.0,0.0,0.0,0.0,0.0,0.0,0.0,0.0,0.0,0.0,0.0,0.0,0.0,0.0,0.0,211.8,4.0,0.4,25.0,1597.3,0.09,212.0,72.6,284.6,369.3,7.0,0.7,43.6,2786.9,0.16,369.7,126.7,496.4,30.16,0.0,0.0,30.16,31.24,0.0,0.0,31.24,0.0,0.0,0.0,1322.1,6.8,1315.3,0.0,0.0,0.0,0.0,0.0,0.0,0.0,0.0,0.0,0.0,0.0,0.0,0.0,6.8,0.0
2050-02-15 05:00:00,2050-02-15 03:00:00,1298.9,0.0,0.0,0.0,1298.9,1260.0,1295.1,0.0,0.0,0.03,0.034,battery,gas-cc,0.0,0.0,0.0,0.0,0.0,0.0,0.0,0.0,0.0,0.0,0.0,0.0,0.0,0.0,0.0,0.0,0.0,0.0,203.9,3.8,0.39,24.1,1537.7,0.09,204.1,69.9,274.1,369.1,7.0,0.7,43.6,2785.1,0.16,369.5,126.6,496.1,30.16,0.0,0.0,30.16,31.22,0.0,0.0,31.22,0.0,0.0,0.0,1298.9,3.8,1295.1,0.0,0.0,0.0,0.0,0.0,0.0,0.0,0.0,0.0,0.0,0.0,0.0,0.0,3.8,0.0
2050-02-15 06:00:00,2050-02-15 04:00:00,1325.3,0.0,0.0,0.0,1325.3,1285.4,1324.2,0.0,0.0,0.0301,0.0347,battery,gas-cc,0.0,0.0,0.0,0.0,0.0,0.0,0.0,0.0,0.0,0.0,0.0,0.0,0.0,0.0,0.0,0.0,0.0,0.0,144.2,2.7,0.27,17.0,1086.7,0.06,144.4,49.4,193.8,369.3,7.0,0.7,43.6,2787.1,0.16,369.7,126.7,496.5,30.16,0.0,0.0,30.16,31.24,0.0,0.0,31.24,0.0,0.0,0.0,1325.3,1.1,1324.2,0.0,0.0,0.0,0.0,0.0,0.0,0.0,0.0,0.0,0.0,0.0,0.0,0.0,1.1,0.0
2050-02-15 07:00:00,2050-02-15 05:00:00,1417.9,0.0,0.0,0.0,1417.9,1374.7,1417.8,0.0,4.7,0.0304,0.0371,battery,gas-cc,0.0,0.0,0.0,0.0,0.0,0.0,0.0,0.0,0.0,0.0,0.0,0.0,0.0,0.0,0.0,0.0,0.0,0.0,143.3,2.7,0.27,16.9,1080.1,0.06,143.5,49.1,192.6,379.0,7.1,0.71,44.8,2860.1,0.16,379.4,130.0,509.5,30.16,0.0,0.0,30.16,31.32,0.0,0.0,31.32,0.0,0.0,0.0,1422.7,0.1,1422.5,0.0,0.0,0.0,0.0,0.0,0.0,0.0,0.0,0.0,0.0,0.0,0.0,0.0,0.1,0.0
2050-02-15 08:00:00,2050-02-15 06:00:00,1590.5,0.0,0.0,0.0,1590.5,1540.6,1588.6,0.0,0.0,0.0314,0.0416,battery,gas-cc,0.0,0.0,0.0,0.0,0.0,0.0,0.0,0.0,0.0,0.0,0.0,0.0,0.0,0.0,0.0,0.0,0.0,0.0,148.6,2.8,0.28,17.6,1119.9,0.06,148.8,50.9,199.7,372.0,7.0,0.7,43.9,2807.3,0.16,372.4,127.6,500.1,30.16,0.0,0.0,30.16,31.47,0.0,0.0,31.47,0.0,0.0,0.0,1590.5,2.0,1588.6,0.0,0.0,0.0,0.0,0.0,0.0,0.0,0.0,0.0,0.0,0.0,0.0,0.0,2.0,0.0
2050-02-15 09:00:00,2050-02-15 07:00:00,1736.8,1074.9,0.0,17.6,2829.3,1680.5,-1194.7,445.3,1640.0,0.0324,0.0454,battery,gas-cc,0.0,0.0,0.0,0.0,0.0,0.0,0.0,0.0,0.0,0.0,0.0,0.0,0.0,0.0,0.0,0.0,0.0,0.0,140.8,2.7,0.27,16.6,1061.1,0.06,140.9,48.3,189.2,315.8,6.0,0.6,37.3,2383.5,0.14,316.2,108.4,424.6,25.61,0.0,0.0,25.61,26.83,0.0,0.0,26.83,0.0,0.0,0.0,4023.9,4023.9,0.0,0.0,0.0,0.0,0.0,169.5,0.0,0.0,0.0,0.0,0.0,0.0,0.0,3848.3,6.1,0.0
2050-02-15 10:00:00,2050-02-15 08:00:00,1829.5,3821.9,0.0,18.4,5669.8,1768.9,-2138.1,0.0,2138.1,0.0331,0.0478,upv,upv,0.0,0.0,0.0,0.0,0.0,0.0,0.0,0.0,0.0,0.0,0.0,0.0,0.0,0.0,0.0,0.0,0.0,0.0,145.1,2.7,0.27,17.1,1094.2,0.06,145.3,49.8,195.1,0.0,0.0,0.0,0.0,0.0,0.0,0.0,0.0,0.0,0.0,0.0,0.0,0.0,0.0,0.0,0.0,0.0,5.4,1556.9,1562.3,7807.9,7807.9,0.0,0.0,0.0,0.0,0.0,395.2,0.0,0.0,0.0,0.0,0.0,0.0,0.0,7412.7,0.0,0.0
2050-02-15 11:00:00,2050-02-15 09:00:00,1793.7,4019.6,0.0,20.6,5833.8,1734.8,-2279.7,0.0,2279.7,0.0329,0.0469,upv,upv,0.0,0.0,0.0,0.0,0.0,0.0,0.0,0.0,0.0,0.0,0.0,0.0,0.0,0.0,0.0,0.0,0.0,0.0,141.8,2.7,0.27,16.8,1068.9,0.06,141.9,48.6,190.6,0.0,0.0,0.0,0.0,0.0,0.0,0.0,0.0,0.0,0.0,0.0,0.0,0.0,0.0,0.0,0.0,0.0,10.3,1892.2,1902.4,8113.6,8113.6,0.0,0.0,0.0,0.0,0.0,422.2,0.0,0.0,0.0,0.0,0.0,0.0,0.0,7691.3,0.0,0.0
2050-02-15 12:00:00,2050-02-15 10:00:00,1667.4,4019.6,0.0,21.3,5708.2,1614.2,-2326.2,0.0,2326.2,0.0319,0.0436,upv,upv,0.0,0.0,0.0,0.0,0.0,0.0,0.0,0.0,0.0,0.0,0.0,0.0,0.0,0.0,0.0,0.0,0.0,0.0,139.9,2.6,0.26,16.5,1055.1,0.06,140.1,48.0,188.1,0.0,0.0,0.0,0.0,0.0,0.0,0.0,0.0,0.0,0.0,0.0,0.0,0.0,0.0,0.0,0.0,0.0,14.3,1593.5,1607.8,8034.4,8034.4,0.0,0.0,0.0,0.0,0.0,406.4,0.0,0.0,0.0,0.0,0.0,0.0,0.0,7628.1,0.0,0.0
2050-02-15 13:00:00,2050-02-15 11:00:00,1569.5,3435.1,0.0,28.9,5033.5,1520.4,-2816.0,0.0,2816.0,0.0313,0.041,upv,upv,0.0,0.0,0.0,0.0,0.0,0.0,0.0,0.0,0.0,0.0,0.0,0.0,0.0,0.0,0.0,0.0,0.0,0.0,146.4,2.8,0.28,17.3,1103.7,0.06,146.5,50.2,196.8,0.0,0.0,0.0,0.0,0.0,0.0,0.0,0.0,0.0,0.0,0.0,0.0,0.0,0.0,0.0,0.0,0.0,0.0,1499.1,1499.1,7849.5,7849.5,0.0,0.0,0.0,0.0,0.0,393.4,0.0,0.0,0.0,0.0,0.0,0.0,0.0,7431.7,24.4,0.0
2050-02-15 14:00:00,2050-02-15 12:00:00,1562.1,2431.9,0.0,28.9,4022.9,1513.3,-2816.0,0.0,2816.0,0.0312,0.0409,upv,upv,0.0,0.0,0.0,0.0,0.0,0.0,0.0,0.0,0.0,0.0,0.0,0.0,0.0,0.0,0.0,0.0,0.0,0.0,139.8,2.6,0.26,16.5,1054.3,0.06,140.0,48.0,188.0,0.0,0.0,0.0,0.0,0.0,0.0,0.0,0.0,0.0,0.0,0.0,0.0,0.0,0.0,0.0,0.0,0.0,0.0,2583.0,2583.0,6838.9,6838.9,0.0,0.0,0.0,0.0,0.0,395.5,0.0,0.0,0.0,0.0,0.0,0.0,0.0,6393.1,50.3,0.0
2050-02-15 15:00:00,2050-02-15 13:00:00,1541.1,3016.4,0.0,28.9,4586.3,1493.1,-2816.0,0.0,2816.0,0.0311,0.0403,upv,upv,0.0,0.0,0.0,0.0,0.0,0.0,0.0,0.0,0.0,0.0,0.0,0.0,0.0,0.0,0.0,0.0,0.0,0.0,139.8,2.6,0.26,16.5,1054.2,0.06,140.0,48.0,187.9,0.0,0.0,0.0,0.0,0.0,0.0,0.0,0.0,0.0,0.0,0.0,0.0,0.0,0.0,0.0,0.0,0.0,0.0,2258.6,2258.6,7402.3,7402.3,0.0,0.0,0.0,0.0,0.0,404.9,0.0,0.0,0.0,0.0,0.0,0.0,0.0,6930.7,66.7,0.0
2050-02-15 16:00:00,2050-02-15 14:00:00,1517.9,3625.0,0.0,28.9,5171.8,1470.9,-2816.0,0.0,2816.0,0.031,0.0397,upv,upv,0.0,0.0,0.0,0.0,0.0,0.0,0.0,0.0,0.0,0.0,0.0,0.0,0.0,0.0,0.0,0.0,0.0,0.0,139.8,2.6,0.26,16.5,1054.0,0.06,140.0,47.9,187.9,0.0,0.0,0.0,0.0,0.0,0.0,0.0,0.0,0.0,0.0,0.0,0.0,0.0,0.0,0.0,0.0,0.0,0.0,2207.1,2207.1,7987.8,7987.8,0.0,0.0,0.0,0.0,0.0,425.8,0.0,0.0,0.0,0.0,0.0,0.0,0.0,7460.4,101.6,0.0
2050-02-15 17:00:00,2050-02-15 15:00:00,1546.3,2755.7,0.0,28.9,4330.9,1498.2,-2816.0,0.0,2816.0,0.0311,0.0404,upv,upv,0.0,0.0,0.0,0.0,0.0,0.0,0.0,0.0,0.0,0.0,0.0,0.0,0.0,0.0,0.0,0.0,0.0,0.0,147.5,2.8,0.28,17.4,1112.3,0.06,147.7,50.6,198.3,0.0,0.0,0.0,0.0,0.0,0.0,0.0,0.0,0.0,0.0,0.0,0.0,0.0,0.0,0.0,0.0,0.0,0.0,2815.5,2815.5,7146.9,7146.9,0.0,0.0,0.0,0.0,0.0,416.1,0.0,0.0,0.0,0.0,0.0,0.0,0.0,6625.8,104.9,0.0
2050-02-15 18:00:00,2050-02-15 16:00:00,1605.3,1261.2,0.0,28.9,2895.4,1554.7,-2816.0,0.0,2816.0,0.0315,0.042,battery,gas-cc,0.0,0.0,0.0,0.0,0.0,0.0,0.0,0.0,0.0,0.0,0.0,0.0,0.0,0.0,0.0,0.0,0.0,0.0,139.9,2.6,0.26,16.5,1054.6,0.06,140.0,48.0,188.0,314.7,5.9,0.59,37.2,2374.9,0.14,315.1,108.0,423.0,25.61,0.0,0.0,25.61,26.73,0.0,0.0,26.73,0.0,0.0,0.0,5711.4,5711.4,0.0,0.0,0.0,0.0,0.0,236.6,0.0,0.0,0.0,0.0,0.0,0.0,0.0,5366.9,107.9,0.0
2050-02-15 19:00:00,2050-02-15 17:00:00,1704.2,0.0,0.0,0.7,1704.9,1649.4,1340.8,0.0,105.8,0.0322,0.0446,battery,gas-cc,0.0,0.0,0.0,0.0,0.0,0.0,0.0,0.0,0.0,0.0,0.0,0.0,0.0,0.0,0.0,0.0,0.0,0.0,145.0,2.7,0.28,17.1,1092.8,0.06,145.2,49.7,194.9,456.1,8.6,0.86,53.9,3441.8,0.2,456.6,156.5,613.1,39.23,0.0,0.0,39.23,41.06,0.0,0.0,41.06,0.0,0.0,0.0,1810.7,364.1,1446.6,0.0,0.0,0.0,0.0,10.8,0.0,0.0,0.0,0.0,0.0,0.0,0.0,246.2,107.1,0.0
2050-02-15 20:00:00,2050-02-15 18:00:00,1881.1,0.0,0.0,6.7,1887.7,1817.9,1795.6,0.0,1025.9,0.0336,0.0492,battery,gas-cc,0.0,0.0,0.0,0.0,0.0,0.0,0.0,0.0,0.0,0.0,0.0,0.0,0.0,0.0,0.0,0.0,0.0,0.0,146.3,2.8,0.28,17.3,1102.2,0.06,146.4,50.1,196.6,458.3,8.6,0.86,54.1,3458.6,0.2,458.8,157.3,616.1,39.23,0.0,0.0,39.23,41.26,0.0,0.0,41.26,0.0,0.0,0.0,2913.6,92.1,2821.5,0.0,0.0,0.0,0.0,0.0,0.0,0.0,0.0,0.0,0.0,0.0,0.0,0.0,92.1,0.0
2050-02-15 21:00:00,2050-02-15 19:00:00,1917.9,0.0,0.0,7.8,1925.7,1852.9,1852.3,0.0,1193.1,0.0339,0.0502,battery,gas-cc,0.0,0.0,0.0,0.0,0.0,0.0,0.0,0.0,0.0,0.0,0.0,0.0,0.0,0.0,0.0,0.0,0.0,0.0,148.8,2.8,0.28,17.6,1121.4,0.07,149.0,51.0,200.0,458.8,8.6,0.86,54.2,3462.1,0.2,459.3,157.4,616.7,39.23,0.0,0.0,39.23,41.3,0.0,0.0,41.3,0.0,0.0,0.0,3118.8,73.3,3045.5,0.0,0.0,0.0,0.0,0.0,0.0,0.0,0.0,0.0,0.0,0.0,0.0,0.0,73.3,0.0
2050-02-15 22:00:00,2050-02-15 20:00:00,1837.9,0.0,0.0,7.4,1845.3,1776.9,1788.5,0.0,1133.9,0.0332,0.0481,battery,gas-cc,0.0,0.0,0.0,0.0,0.0,0.0,0.0,0.0,0.0,0.0,0.0,0.0,0.0,0.0,0.0,0.0,0.0,0.0,146.5,2.8,0.28,17.3,1104.2,0.06,146.7,50.2,196.9,457.8,8.6,0.86,54.1,3454.5,0.2,458.3,157.1,615.3,39.23,0.0,0.0,39.23,41.21,0.0,0.0,41.21,0.0,0.0,0.0,2979.1,56.8,2922.4,0.0,0.0,0.0,0.0,0.0,0.0,0.0,0.0,0.0,0.0,0.0,0.0,0.0,56.8,0.0
2050-02-15 23:00:00,2050-02-15 21:00:00,1775.8,0.0,0.0,7.5,1783.3,1717.7,1722.3,0.0,1149.0,0.0327,0.0464,battery,gas-cc,0.0,0.0,0.0,0.0,0.0,0.0,0.0,0.0,0.0,0.0,0.0,0.0,0.0,0.0,0.0,0.0,0.0,0.0,213.9,4.0,0.4,25.3,1613.5,0.09,214.2,73.4,287.5,457.0,8.6,0.86,54.0,3448.6,0.2,457.5,156.8,614.3,39.23,0.0,0.0,39.23,41.14,0.0,0.0,41.14,0.0,0.0,0.0,2932.3,60.9,2871.3,0.0,0.0,0.0,0.0,0.0,0.0,0.0,0.0,0.0,0.0,0.0,0.0,0.0,60.9,0.0
2050-02-16 00:00:00,2050-02-15 22:00:00,1652.6,0.0,0.0,0.0,1652.6,1600.1,1602.7,0.0,0.0,0.0318,0.0432,battery,gas-cc,0.0,0.0,0.0,0.0,0.0,0.0,0.0,0.0,0.0,0.0,0.0,0.0,0.0,0.0,0.0,0.0,0.0,0.0,146.1,2.8,0.28,17.3,1100.7,0.06,146.2,50.1,196.3,461.0,8.7,0.87,54.5,3478.4,0.2,461.4,158.2,619.6,41.36,0.0,0.0,41.36,43.23,0.0,0.0,43.23,0.0,0.0,0.0,1652.6,49.9,1602.7,0.0,0.0,0.0,0.0,0.0,0.0,0.0,0.0,0.0,0.0,0.0,0.0,0.0,49.9,0.0
2050-02-16 01:00:00,2050-02-15 23:00:00,1507.4,0.0,0.0,0.0,1507.4,1460.8,1453.3,0.0,0.0,0.0309,0.0394,battery,gas-cc,0.0,0.0,0.0,0.0,0.0,0.0,0.0,0.0,0.0,0.0,0.0,0.0,0.0,0.0,0.0,0.0,0.0,0.0,145.5,2.7,0.28,17.2,1096.7,0.06,145.7,49.9,195.6,459.1,8.7,0.87,54.2,3464.7,0.2,459.6,157.5,617.2,41.36,0.0,0.0,41.36,43.06,0.0,0.0,43.06,0.0,0.0,0.0,1507.4,54.1,1453.3,0.0,0.0,0.0,0.0,0.0,0.0,0.0,0.0,0.0,0.0,0.0,0.0,0.0,54.1,0.0
2050-02-16 02:00:00,2050-02-16 00:00:00,1386.3,0.0,0.0,0.0,1386.3,1344.3,1345.1,0.0,0.0,0.0303,0.0363,battery,gas-cc,0.0,0.0,0.0,0.0,0.0,0.0,0.0,0.0,0.0,0.0,0.0,0.0,0.0,0.0,0.0,0.0,0.0,0.0,144.8,2.7,0.27,17.1,1091.1,0.06,145.0,49.6,194.6,457.6,8.6,0.86,54.1,3453.3,0.2,458.1,157.0,615.1,41.36,0.0,0.0,41.36,42.92,0.0,0.0,42.92,0.0,0.0,0.0,1386.3,41.2,1345.1,0.0,0.0,0.0,0.0,0.0,0.0,0.0,0.0,0.0,0.0,0.0,0.0,0.0,41.2,0.0
2050-02-16 03:00:00,2050-02-16 01:00:00,1311.6,0.0,0.0,0.0,1311.6,1272.2,1250.8,0.0,0.0,0.03,0.0343,battery,gas-cc,0.0,0.0,0.0,0.0,0.0,0.0,0.0,0.0,0.0,0.0,0.0,0.0,0.0,0.0,0.0,0.0,0.0,0.0,145.5,2.7,0.28,17.2,1096.0,0.06,145.6,49.9,195.5,456.7,8.6,0.86,53.9,3446.3,0.2,457.2,156.7,613.9,41.36,0.0,0.0,41.36,42.83,0.0,0.0,42.83,0.0,0.0,0.0,1311.6,60.8,1250.8,0.0,0.0,0.0,0.0,0.0,0.0,0.0,0.0,0.0,0.0,0.0,0.0,0.0,60.8,0.0
2050-02-16 04:00:00,2050-02-16 02:00:00,1270.5,0.0,0.0,0.0,1270.5,1232.6,1223.5,0.0,0.0,0.0299,0.0332,battery,gas-cc,0.0,0.0,0.0,0.0,0.0,0.0,0.0,0.0,0.0,0.0,0.0,0.0,0.0,0.0,0.0,0.0,0.0,0.0,145.7,2.8,0.28,17.2,1098.0,0.06,145.9,50.0,195.8,456.2,8.6,0.86,53.9,3442.5,0.2,456.7,156.5,613.2,41.36,0.0,0.0,41.36,42.79,0.0,0.0,42.79,0.0,0.0,0.0,1270.5,47.0,1223.5,0.0,0.0,0.0,0.0,0.0,0.0,0.0,0.0,0.0,0.0,0.0,0.0,0.0,47.0,0.0
2050-02-16 05:00:00,2050-02-16 03:00:00,1252.6,0.0,0.0,1.7,1254.3,1215.3,1206.0,0.0,254.9,0.0298,0.0328,battery,gas-cc,0.0,0.0,0.0,0.0,0.0,0.0,0.0,0.0,0.0,0.0,0.0,0.0,0.0,0.0,0.0,0.0,0.0,0.0,145.7,2.8,0.28,17.2,1097.5,0.06,145.8,49.9,195.8,456.0,8.6,0.86,53.9,3440.8,0.2,456.5,156.5,612.9,41.36,0.0,0.0,41.36,42.77,0.0,0.0,42.77,0.0,0.0,0.0,1509.2,48.3,1460.9,0.0,0.0,0.0,0.0,0.0,0.0,0.0,0.0,0.0,0.0,0.0,0.0,0.0,48.3,0.0
2050-02-16 06:00:00,2050-02-16 04:00:00,1265.3,0.0,0.0,3.0,1268.3,1227.5,1214.4,0.0,243.4,0.0299,0.0331,battery,gas-cc,0.0,0.0,0.0,0.0,0.0,0.0,0.0,0.0,0.0,0.0,0.0,0.0,0.0,0.0,0.0,0.0,0.0,0.0,145.9,2.8,0.28,17.2,1099.1,0.06,146.0,50.0,196.0,382.0,7.2,0.72,45.1,2882.3,0.17,382.4,131.1,513.4,41.36,0.0,0.0,41.36,42.78,0.0,0.0,42.78,0.0,0.0,0.0,1511.7,53.9,1457.8,0.0,0.0,0.0,0.0,0.0,0.0,0.0,0.0,0.0,0.0,0.0,0.0,0.0,53.9,0.0
2050-02-16 07:00:00,2050-02-16 05:00:00,1355.8,0.0,0.0,0.9,1356.7,1314.9,1310.5,0.0,58.8,0.0302,0.0355,battery,gas-cc,0.0,0.0,0.0,0.0,0.0,0.0,0.0,0.0,0.0,0.0,0.0,0.0,0.0,0.0,0.0,0.0,0.0,0.0,145.6,2.8,0.28,17.2,1097.1,0.06,145.8,49.9,195.7,457.2,8.6,0.86,54.0,3450.4,0.2,457.7,156.9,614.6,41.36,0.0,0.0,41.36,42.89,0.0,0.0,42.89,0.0,0.0,0.0,1415.5,46.2,1369.3,0.0,0.0,0.0,0.0,0.0,0.0,0.0,0.0,0.0,0.0,0.0,0.0,0.0,46.2,0.0
2050-02-16 08:00:00,2050-02-16 06:00:00,1521.1,0.0,0.0,9.8,1530.8,1473.9,1486.6,0.0,734.2,0.031,0.0398,battery,gas-cc,0.0,0.0,0.0,0.0,0.0,0.0,0.0,0.0,0.0,0.0,0.0,0.0,0.0,0.0,0.0,0.0,0.0,0.0,144.7,2.7,0.27,17.1,1090.2,0.06,144.8,49.6,194.4,412.6,7.8,0.78,48.7,3113.3,0.18,413.0,141.6,554.6,41.36,0.0,0.0,41.36,43.08,0.0,0.0,43.08,0.0,0.0,0.0,2265.0,44.2,2220.8,0.0,0.0,0.0,0.0,0.0,0.0,0.0,0.0,0.0,0.0,0.0,0.0,0.0,44.2,0.0
2050-02-16 09:00:00,2050-02-16 07:00:00,1667.4,0.0,0.0,0.9,1668.3,1614.2,60.6,60.6,0.0,0.0319,0.0436,battery,gas-cc,0.0,0.0,0.0,0.0,0.0,0.0,0.0,0.0,0.0,0.0,0.0,0.0,0.0,0.0,0.0,0.0,0.0,0.0,141.0,2.7,0.27,16.7,1063.2,0.06,141.2,48.4,189.6,420.5,7.9,0.79,49.7,3173.4,0.18,421.0,144.3,565.3,40.89,0.0,0.0,40.89,42.75,0.0,0.0,42.75,0.0,0.0,0.0,1607.7,1607.7,0.0,0.0,0.0,0.0,0.0,66.5,0.0,0.0,0.0,0.0,0.0,0.0,0.0,1508.9,32.3,0.0
2050-02-16 10:00:00,2050-02-16 08:00:00,1747.4,2431.9,0.0,7.0,4186.3,1690.6,915.9,915.9,0.0,0.0325,0.0457,hydro,gas-cc,0.0,0.0,0.0,0.0,0.0,0.0,0.0,0.0,0.0,0.0,0.0,0.0,0.3,0.6,0.01,0.0,0.3,0.3,140.1,2.6,0.27,16.5,1055.9,0.06,140.2,48.0,188.2,362.6,6.8,0.68,42.8,2736.1,0.16,363.0,124.4,487.4,11.36,0.0,0.0,11.36,11.9,0.0,0.0,11.9,0.0,0.0,0.0,3270.4,3270.4,0.0,0.0,0.0,0.0,0.0,136.9,0.0,0.0,0.0,0.0,0.0,0.0,0.0,3105.1,28.4,0.0
2050-02-16 11:00:00,2050-02-16 09:00:00,1716.8,3174.4,0.0,0.4,4891.6,1661.4,63.9,63.9,0.0,0.0323,0.0449,battery,wind-ons,0.0,0.0,0.0,0.0,0.0,0.0,0.0,0.0,0.0,0.0,0.0,0.0,0.0,0.0,0.0,0.0,0.0,0.0,140.0,2.6,0.26,16.5,1055.4,0.06,140.1,48.0,188.2,0.0,0.0,0.0,0.0,0.0,0.0,0.0,0.0,0.0,4.86,0.0,0.0,4.86,5.09,0.0,0.0,5.09,0.0,0.0,0.0,4827.8,4827.8,0.0,0.0,0.0,0.0,0.0,202.5,0.0,0.0,0.0,0.0,0.0,0.0,0.0,4594.7,30.7,0.0
2050-02-16 12:00:00,2050-02-16 10:00:00,1613.7,4019.6,0.0,4.4,5637.7,1562.8,-390.9,0.0,390.9,0.0315,0.0422,upv,upv,0.0,0.0,0.0,0.0,0.0,0.0,0.0,0.0,0.0,0.0,0.0,0.0,0.0,0.0,0.0,0.0,0.0,0.0,139.9,2.6,0.26,16.5,1054.7,0.06,140.0,48.0,188.0,0.0,0.0,0.0,0.0,0.0,0.0,0.0,0.0,0.0,4.7,0.0,0.0,4.7,4.91,0.0,0.0,4.91,0.0,0.0,0.0,6028.6,6028.6,0.0,0.0,0.0,0.0,0.0,252.8,0.0,0.0,0.0,0.0,0.0,0.0,0.0,5738.5,37.4,0.0
2050-02-16 13:00:00,2050-02-16 11:00:00,1530.5,4019.6,0.0,6.1,5556.2,1483.0,-896.3,0.0,896.3,0.031,0.04,battery,upv,0.0,0.0,0.0,0.0,0.0,0.0,0.0,0.0,0.0,0.0,0.0,0.0,0.0,0.0,0.0,0.0,0.0,0.0,139.9,2.6,0.26,16.5,1054.4,0.06,140.0,48.0,188.0,0.0,0.0,0.0,0.0,0.0,0.0,0.0,0.0,0.0,4.7,0.0,0.0,4.7,4.9,0.0,0.0,4.9,0.0,0.0,0.0,6452.5,6452.5,0.0,0.0,0.0,0.0,0.0,271.0,0.0,0.0,0.0,0.0,0.0,0.0,0.0,6148.8,32.6,0.0
2050-02-16 14:00:00,2050-02-16 12:00:00,1558.9,4019.6,0.0,6.6,5585.2,1510.3,-1020.7,0.0,1020.7,0.0312,0.0408,upv,upv,0.0,0.0,0.0,0.0,0.0,0.0,0.0,0.0,0.0,0.0,0.0,0.0,0.0,0.0,0.0,0.0,0.0,0.0,140.0,2.6,0.26,16.5,1055.1,0.06,140.1,48.0,188.1,0.0,0.0,0.0,0.0,0.0,0.0,0.0,0.0,0.0,4.7,0.0,0.0,4.7,4.9,0.0,0.0,4.9,0.0,0.0,0.0,6605.9,6605.9,0.0,0.0,0.0,0.0,0.0,277.5,0.0,0.0,0.0,0.0,0.0,0.0,0.0,6297.5,30.9,0.0
2050-02-16 15:00:00,2050-02-16 13:00:00,1538.9,3858.7,0.0,2.3,5400.0,1491.1,353.1,353.1,0.0,0.0311,0.0402,upv,upv,0.0,0.0,0.0,0.0,0.0,0.0,0.0,0.0,0.0,0.0,0.0,0.0,0.1,0.2,0.0,0.0,0.1,0.1,139.8,2.6,0.26,16.5,1054.1,0.06,140.0,48.0,187.9,0.0,0.0,0.0,0.0,0.0,0.0,0.0,0.0,0.0,4.86,0.0,0.0,4.86,5.06,0.0,0.0,5.06,0.0,0.0,0.0,5046.9,5046.9,0.0,0.0,0.0,0.0,0.0,211.8,0.0,0.0,0.0,0.0,0.0,0.0,0.0,4807.9,27.2,0.0
2050-02-16 16:00:00,2050-02-16 14:00:00,1521.1,3169.5,0.0,3.2,4693.7,1473.9,488.5,488.5,0.0,0.031,0.0398,upv,upv,0.0,0.0,0.0,0.0,0.0,0.0,0.0,0.0,0.0,0.0,0.0,0.0,0.1,0.3,0.0,0.0,0.1,0.1,140.7,2.7,0.27,16.6,1061.0,0.06,140.9,48.3,189.2,0.0,0.0,0.0,0.0,0.0,0.0,0.0,0.0,0.0,4.86,0.0,0.0,4.86,5.06,0.0,0.0,5.06,0.0,0.0,0.0,4205.2,4205.2,0.0,0.0,0.0,0.0,0.0,176.3,0.0,0.0,0.0,0.0,0.0,0.0,0.0,4000.1,28.8,0.0
2050-02-16 17:00:00,2050-02-16 15:00:00,1553.7,2431.9,0.0,3.4,3989.0,1505.3,530.5,530.5,0.0,0.0312,0.0406,upv,upv,0.0,0.0,0.0,0.0,0.0,0.0,0.0,0.0,0.0,0.0,0.0,0.0,0.2,0.4,0.0,0.0,0.2,0.2,139.9,2.6,0.26,16.5,1054.9,0.06,140.1,48.0,188.1,0.0,0.0,0.0,0.0,0.0,0.0,0.0,0.0,0.0,4.86,0.0,0.0,4.86,5.06,0.0,0.0,5.06,0.0,0.0,0.0,3458.5,3458.5,0.0,0.0,0.0,0.0,0.0,145.0,0.0,0.0,0.0,0.0,0.0,0.0,0.0,3290.9,22.6,0.0
2050-02-16 18:00:00,2050-02-16 16:00:00,1608.4,1535.9,0.0,12.1,3156.5,1557.7,1243.2,1243.2,0.0,0.0315,0.0421,battery,gas-cc,0.0,0.0,0.0,0.0,0.0,0.0,0.0,0.0,0.0,0.0,0.0,0.0,0.6,1.3,0.01,0.0,0.6,0.6,141.9,2.7,0.27,16.8,1069.9,0.06,142.1,48.7,190.7,363.0,6.8,0.68,42.9,2739.6,0.16,363.4,124.6,488.0,31.76,0.0,0.0,31.76,33.16,0.0,0.0,33.16,0.0,0.0,0.0,1913.3,1913.3,0.0,0.0,0.0,0.0,0.0,79.9,0.0,0.0,0.0,0.0,0.0,0.0,0.0,1812.7,20.7,0.0
2050-02-16 19:00:00,2050-02-16 17:00:00,1698.9,0.0,0.0,6.4,1705.4,1644.3,1641.5,0.0,985.3,0.0321,0.0444,battery,gas-cc,0.0,0.0,0.0,0.0,0.0,0.0,0.0,0.0,0.0,0.0,0.0,0.0,0.0,0.0,0.0,0.0,0.0,0.0,143.2,2.7,0.27,16.9,1079.5,0.06,143.4,49.1,192.5,476.9,9.0,0.9,56.3,3599.1,0.21,477.5,163.7,641.1,37.41,0.0,0.0,37.41,39.14,0.0,0.0,39.14,0.0,0.0,0.0,2690.6,63.9,2626.7,0.0,0.0,0.0,0.0,1.6,0.0,0.0,0.0,0.0,0.0,0.0,0.0,37.1,25.2,0.0
2050-02-16 20:00:00,2050-02-16 18:00:00,1863.2,0.0,0.0,3.8,1867.0,1800.9,1842.5,0.0,589.4,0.0334,0.0487,battery,gas-cc,0.0,0.0,0.0,0.0,0.0,0.0,0.0,0.0,0.0,0.0,0.0,0.0,0.0,0.0,0.0,0.0,0.0,0.0,145.8,2.8,0.28,17.2,1098.7,0.06,146.0,50.0,196.0,479.1,9.0,0.9,56.6,3615.4,0.21,479.6,164.4,644.0,37.41,0.0,0.0,37.41,39.32,0.0,0.0,39.32,0.0,0.0,0.0,2456.4,24.5,2431.9,0.0,0.0,0.0,0.0,0.0,0.0,0.0,0.0,0.0,0.0,0.0,0.0,0.0,24.5,0.0
2050-02-16 21:00:00,2050-02-16 19:00:00,1896.8,0.0,0.0,0.0,1896.8,1832.9,1878.5,0.0,0.0,0.0337,0.0496,battery,gas-cc,0.0,0.0,0.0,0.0,0.0,0.0,0.0,0.0,0.0,0.0,0.0,0.0,0.0,0.0,0.0,0.0,0.0,0.0,144.5,2.7,0.27,17.1,1089.2,0.06,144.7,49.6,194.2,412.1,7.8,0.78,48.7,3109.6,0.18,412.5,141.4,553.9,37.41,0.0,0.0,37.41,39.36,0.0,0.0,39.36,0.0,0.0,0.0,1896.8,18.4,1878.5,0.0,0.0,0.0,0.0,0.0,0.0,0.0,0.0,0.0,0.0,0.0,0.0,0.0,18.4,0.0
2050-02-16 22:00:00,2050-02-16 20:00:00,1829.5,0.0,0.0,8.7,1838.1,1768.9,1828.0,0.0,1331.4,0.0331,0.0478,battery,gas-cc,0.0,0.0,0.0,0.0,0.0,0.0,0.0,0.0,0.0,0.0,0.0,0.0,0.0,0.0,0.0,0.0,0.0,0.0,145.5,2.7,0.28,17.2,1096.3,0.06,145.7,49.9,195.5,471.3,8.9,0.89,55.7,3556.8,0.2,471.8,161.7,633.6,37.41,0.0,0.0,37.41,39.28,0.0,0.0,39.28,0.0,0.0,0.0,3169.5,10.1,3159.4,0.0,0.0,0.0,0.0,0.0,0.0,0.0,0.0,0.0,0.0,0.0,0.0,0.0,10.1,0.0
2050-02-16 23:00:00,2050-02-16 21:00:00,1750.5,0.0,0.0,5.8,1756.3,1693.6,1738.7,0.0,888.0,0.0325,0.0458,battery,gas-cc,0.0,0.0,0.0,0.0,0.0,0.0,0.0,0.0,0.0,0.0,0.0,0.0,0.0,0.0,0.0,0.0,0.0,0.0,144.9,2.7,0.27,17.1,1091.6,0.06,145.0,49.7,194.7,410.4,7.7,0.77,48.5,3097.1,0.18,410.9,140.8,551.7,37.41,0.0,0.0,37.41,39.2,0.0,0.0,39.2,0.0,0.0,0.0,2644.3,17.6,2626.7,0.0,0.0,0.0,0.0,0.0,0.0,0.0,0.0,0.0,0.0,0.0,0.0,0.0,17.6,0.0
2050-02-17 00:00:00,2050-02-16 22:00:00,1624.2,0.0,0.0,0.0,1624.2,1572.9,1616.8,0.0,0.0,0.0316,0.0425,battery,gas-cc,0.0,0.0,0.0,0.0,0.0,0.0,0.0,0.0,0.0,0.0,0.0,0.0,0.0,0.0,0.0,0.0,0.0,0.0,144.0,2.7,0.27,17.0,1085.4,0.06,144.2,49.4,193.6,455.1,8.6,0.86,53.8,3434.3,0.2,455.6,156.2,611.8,39.55,0.0,0.0,39.55,41.3,0.0,0.0,41.3,0.0,0.0,0.0,1624.2,7.4,1616.8,0.0,0.0,0.0,0.0,0.0,0.0,0.0,0.0,0.0,0.0,0.0,0.0,0.0,7.4,0.0
2050-02-17 01:00:00,2050-02-16 23:00:00,1487.4,0.0,0.0,3.4,1490.8,1441.6,1459.2,220.0,0.0,0.0308,0.0389,gas-cc,gas-cc,0.0,0.0,0.0,0.0,0.0,0.0,0.0,0.0,0.0,0.0,0.0,0.0,0.0,0.0,0.0,0.0,0.0,0.0,145.6,2.8,0.28,17.2,1097.0,0.06,145.7,49.9,195.7,370.4,7.0,0.7,43.8,2795.4,0.16,370.8,127.1,497.9,39.55,0.0,0.0,39.55,41.15,0.0,0.0,41.15,0.0,0.0,0.0,1270.8,31.5,1239.3,0.0,0.0,0.0,0.0,0.0,0.0,0.0,0.0,0.0,0.0,0.0,0.0,0.0,31.5,0.0
2050-02-17 02:00:00,2050-02-17 00:00:00,1366.3,0.0,0.0,0.0,1366.3,1325.0,1338.2,0.0,0.0,0.0302,0.0357,battery,gas-cc,0.0,0.0,0.0,0.0,0.0,0.0,0.0,0.0,0.0,0.0,0.0,0.0,0.0,0.0,0.0,0.0,0.0,0.0,144.7,2.7,0.27,17.1,1090.3,0.06,144.8,49.6,194.4,451.9,8.5,0.85,53.4,3410.3,0.2,452.4,155.1,607.5,39.55,0.0,0.0,39.55,41.01,0.0,0.0,41.01,0.0,0.0,0.0,1366.3,28.1,1338.2,0.0,0.0,0.0,0.0,0.0,0.0,0.0,0.0,0.0,0.0,0.0,0.0,0.0,28.1,0.0
2050-02-17 03:00:00,2050-02-17 01:00:00,1288.4,0.0,0.0,1.4,1289.8,1249.9,1271.9,90.8,0.0,0.0299,0.0337,battery,gas-cc,0.0,0.0,0.0,0.0,0.0,0.0,0.0,0.0,0.0,0.0,0.0,0.0,0.0,0.0,0.0,0.0,0.0,0.0,145.0,2.7,0.27,17.1,1092.4,0.06,145.1,49.7,194.8,368.4,6.9,0.69,43.5,2780.4,0.16,368.8,126.4,495.3,39.55,0.0,0.0,39.55,40.93,0.0,0.0,40.93,0.0,0.0,0.0,1199.0,17.9,1181.1,0.0,0.0,0.0,0.0,0.0,0.0,0.0,0.0,0.0,0.0,0.0,0.0,0.0,17.9,0.0
2050-02-17 04:00:00,2050-02-17 02:00:00,1245.3,0.0,0.0,0.0,1245.3,1208.1,1221.4,0.1,0.0,0.0298,0.0326,battery,gas-cc,0.0,0.0,0.0,0.0,0.0,0.0,0.0,0.0,0.0,0.0,0.0,0.0,0.0,0.0,0.0,0.0,0.0,0.0,144.7,2.7,0.27,17.1,1090.2,0.06,144.8,49.6,194.4,376.4,7.1,0.71,44.5,2840.3,0.16,376.8,129.1,505.9,39.55,0.0,0.0,39.55,40.88,0.0,0.0,40.88,0.0,0.0,0.0,1245.2,23.9,1221.3,0.0,0.0,0.0,0.0,0.0,0.0,0.0,0.0,0.0,0.0,0.0,0.0,0.0,23.9,0.0
2050-02-17 05:00:00,2050-02-17 03:00:00,1227.4,0.0,0.0,4.2,1231.6,1190.8,1228.7,271.0,0.0,0.0298,0.0321,battery,gas-cc,0.0,0.0,0.0,0.0,0.0,0.0,0.0,0.0,0.0,0.0,0.0,0.0,0.0,0.0,0.0,0.0,0.0,0.0,181.2,3.4,0.34,21.4,1366.5,0.08,181.4,62.2,243.5,376.2,7.1,0.71,44.4,2838.9,0.16,376.6,129.1,505.7,39.55,0.0,0.0,39.55,40.86,0.0,0.0,40.86,0.0,0.0,0.0,960.6,2.9,957.7,0.0,0.0,0.0,0.0,0.0,0.0,0.0,0.0,0.0,0.0,0.0,0.0,0.0,2.9,0.0
2050-02-17 06:00:00,2050-02-17 04:00:00,1245.3,0.0,0.0,0.0,1245.3,1208.1,1244.5,0.0,0.0,0.0298,0.0326,battery,gas-cc,0.0,0.0,0.0,0.0,0.0,0.0,0.0,0.0,0.0,0.0,0.0,0.0,0.0,0.0,0.0,0.0,0.0,0.0,145.8,2.8,0.28,17.2,1098.4,0.06,145.9,50.0,195.9,450.4,8.5,0.85,53.2,3399.1,0.2,450.9,154.6,605.5,39.55,0.0,0.0,39.55,40.88,0.0,0.0,40.88,0.0,0.0,0.0,1245.3,0.8,1244.5,0.0,0.0,0.0,0.0,0.0,0.0,0.0,0.0,0.0,0.0,0.0,0.0,0.0,0.8,0.0
2050-02-17 07:00:00,2050-02-17 05:00:00,1332.6,0.0,0.0,0.0,1332.6,1292.6,1332.5,0.0,0.0,0.0301,0.0348,battery,gas-cc,0.0,0.0,0.0,0.0,0.0,0.0,0.0,0.0,0.0,0.0,0.0,0.0,0.0,0.0,0.0,0.0,0.0,0.0,145.5,2.7,0.28,17.2,1096.3,0.06,145.7,49.9,195.5,451.5,8.5,0.85,53.3,3407.2,0.2,452.0,154.9,606.9,39.55,0.0,0.0,39.55,40.97,0.0,0.0,40.97,0.0,0.0,0.0,1332.6,0.1,1332.5,0.0,0.0,0.0,0.0,0.0,0.0,0.0,0.0,0.0,0.0,0.0,0.0,0.0,0.1,0.0
2050-02-17 08:00:00,2050-02-17 06:00:00,1507.4,0.0,0.0,0.0,1507.4,1460.8,1507.3,0.0,0.0,0.0309,0.0394,battery,gas-cc,0.0,0.0,0.0,0.0,0.0,0.0,0.0,0.0,0.0,0.0,0.0,0.0,0.0,0.0,0.0,0.0,0.0,0.0,145.7,2.8,0.28,17.2,1097.9,0.06,145.9,50.0,195.8,453.7,8.5,0.85,53.6,3423.4,0.2,454.1,155.7,609.8,39.55,0.0,0.0,39.55,41.17,0.0,0.0,41.17,0.0,0.0,0.0,1507.4,0.0,1507.3,0.0,0.0,0.0,0.0,0.0,0.0,0.0,0.0,0.0,0.0,0.0,0.0,0.0,0.0,0.0
2050-02-17 09:00:00,2050-02-17 07:00:00,1660.0,0.0,0.0,10.0,1670.0,1607.1,921.6,921.6,0.0,0.0319,0.0434,battery,gas-cc,0.0,0.0,0.0,0.0,0.0,0.0,0.0,0.0,0.0,3.4,0.1,0.01,1.0,27.4,0.02,3.4,1.9,5.3,140.5,2.7,0.27,16.6,1058.8,0.06,140.6,48.2,188.8,415.5,7.8,0.78,49.1,3135.2,0.18,415.9,142.6,558.5,37.26,0.0,0.0,37.26,38.95,0.0,0.0,38.95,0.0,0.0,0.0,748.4,748.4,0.0,0.0,0.0,0.0,0.0,31.5,0.0,0.0,0.0,0.0,0.0,0.0,0.0,714.5,2.4,0.0
2050-02-17 10:00:00,2050-02-17 08:00:00,1770.5,3141.4,0.0,0.0,4912.0,1712.7,0.0,0.0,0.0,0.0327,0.0463,upv,upv,0.0,0.0,0.0,0.0,0.0,0.0,0.0,0.0,0.0,0.0,0.0,0.0,0.0,0.0,0.0,0.0,0.0,0.0,159.2,3.0,0.3,18.8,1200.2,0.07,159.3,54.6,213.9,0.0,0.0,0.0,0.0,0.0,0.0,0.0,0.0,0.0,0.0,0.0,0.0,0.0,0.0,0.0,0.0,0.0,3.8,262.9,266.7,4912.0,4912.0,0.0,0.0,0.0,0.0,0.0,0.0,0.0,0.0,0.0,0.0,0.0,0.0,0.0,4912.0,0.0,0.0
2050-02-17 11:00:00,2050-02-17 09:00:00,1752.6,3920.7,0.0,0.0,5673.4,1695.6,0.0,0.0,0.0,0.0325,0.0458,upv,upv,0.0,0.0,0.0,0.0,0.0,0.0,0.0,0.0,0.0,0.0,0.0,0.0,0.0,0.0,0.0,0.0,0.0,0.0,140.0,2.6,0.27,16.5,1055.7,0.06,140.2,48.0,188.2,0.0,0.0,0.0,0.0,0.0,0.0,0.0,0.0,0.0,0.0,0.0,0.0,0.0,0.0,0.0,0.0,0.0,1.8,1863.1,1864.9,5673.4,5673.4,0.0,0.0,0.0,0.0,0.0,318.1,0.0,0.0,0.0,0.0,0.0,0.0,0.0,5355.3,0.0,0.0
2050-02-17 12:00:00,2050-02-17 10:00:00,1675.8,3824.8,0.0,0.0,5500.5,1622.2,0.0,0.0,0.0,0.032,0.0438,upv,upv,0.0,0.0,0.0,0.0,0.0,0.0,0.0,0.0,0.0,0.0,0.0,0.0,0.0,0.0,0.0,0.0,0.0,0.0,142.6,2.7,0.27,16.8,1074.9,0.06,142.7,48.9,191.6,0.0,0.0,0.0,0.0,0.0,0.0,0.0,0.0,0.0,0.0,0.0,0.0,0.0,0.0,0.0,0.0,0.0,9.0,507.6,516.6,5500.5,5500.5,0.0,0.0,0.0,0.0,0.0,253.5,0.0,0.0,0.0,0.0,0.0,0.0,0.0,5247.0,0.0,0.0
2050-02-17 13:00:00,2050-02-17 11:00:00,1603.2,3211.2,0.0,0.0,4814.4,1552.7,0.0,0.0,0.0,0.0315,0.0419,upv,upv,0.0,0.0,0.0,0.0,0.0,0.0,0.0,0.0,0.0,0.0,0.0,0.0,0.0,0.0,0.0,0.0,0.0,0.0,140.8,2.7,0.27,16.6,1061.2,0.06,140.9,48.3,189.2,0.0,0.0,0.0,0.0,0.0,0.0,0.0,0.0,0.0,0.0,0.0,0.0,0.0,0.0,0.0,0.0,0.0,0.0,550.1,550.1,4814.4,4814.4,0.0,0.0,0.0,0.0,0.0,225.7,0.0,0.0,0.0,0.0,0.0,0.0,0.0,4571.3,17.4,0.0
2050-02-17 14:00:00,2050-02-17 12:00:00,1564.2,3235.4,0.0,0.0,4799.6,1515.4,0.0,0.0,0.0,0.0312,0.0409,upv,upv,0.0,0.0,0.0,0.0,0.0,0.0,0.0,0.0,0.0,0.0,0.0,0.0,0.0,0.0,0.0,0.0,0.0,0.0,141.0,2.7,0.27,16.7,1063.3,0.06,141.2,48.4,189.6,0.0,0.0,0.0,0.0,0.0,0.0,0.0,0.0,0.0,0.0,0.0,0.0,0.0,0.0,0.0,0.0,0.0,0.0,1173.1,1173.1,4799.6,4799.6,0.0,0.0,0.0,0.0,0.0,250.6,0.0,0.0,0.0,0.0,0.0,0.0,0.0,4516.9,32.0,0.0
2050-02-17 15:00:00,2050-02-17 13:00:00,1544.2,3986.6,0.0,0.0,5530.8,1496.2,0.0,0.0,0.0,0.0311,0.0404,upv,upv,0.0,0.0,0.0,0.0,0.0,0.0,0.0,0.0,0.0,0.0,0.0,0.0,0.0,0.0,0.0,0.0,0.0,0.0,139.8,2.6,0.26,16.5,1054.2,0.06,140.0,48.0,187.9,0.0,0.0,0.0,0.0,0.0,0.0,0.0,0.0,0.0,0.0,0.0,0.0,0.0,0.0,0.0,0.0,0.0,0.0,319.4,319.4,5530.8,5530.8,0.0,0.0,0.0,0.0,0.0,244.5,0.0,0.0,0.0,0.0,0.0,0.0,0.0,5228.4,57.9,0.0
2050-02-17 16:00:00,2050-02-17 14:00:00,1526.3,2431.9,0.0,0.0,3958.2,1479.0,0.0,0.0,0.0,0.031,0.0399,upv,upv,0.0,0.0,0.0,0.0,0.0,0.0,0.0,0.0,0.0,0.0,0.0,0.0,0.0,0.0,0.0,0.0,0.0,0.0,164.2,3.1,0.31,19.4,1238.4,0.07,164.4,56.3,220.7,0.0,0.0,0.0,0.0,0.0,0.0,0.0,0.0,0.0,0.0,0.0,0.0,0.0,0.0,0.0,0.0,0.0,0.0,1676.8,1676.8,3958.2,3958.2,0.0,0.0,0.0,0.0,0.0,234.2,0.0,0.0,0.0,0.0,0.0,0.0,0.0,3638.4,85.6,0.0
2050-02-17 17:00:00,2050-02-17 15:00:00,1549.5,3373.1,0.0,0.0,4922.5,1501.2,0.0,0.0,0.0,0.0311,0.0405,upv,upv,0.0,0.0,0.0,0.0,0.0,0.0,0.0,0.0,0.0,0.0,0.0,0.0,0.0,0.0,0.0,0.0,0.0,0.0,139.8,2.6,0.26,16.5,1054.2,0.06,140.0,48.0,187.9,0.0,0.0,0.0,0.0,0.0,0.0,0.0,0.0,0.0,0.0,0.0,0.0,0.0,0.0,0.0,0.0,0.0,0.0,1725.0,1725.0,4922.5,4922.5,0.0,0.0,0.0,0.0,0.0,275.5,0.0,0.0,0.0,0.0,0.0,0.0,0.0,4527.3,119.8,0.0
2050-02-17 18:00:00,2050-02-17 16:00:00,1610.5,2431.9,0.0,7.2,4049.7,1559.8,-1113.8,0.0,1113.8,0.0315,0.0421,upv,upv,0.0,0.0,0.0,0.0,0.0,0.0,0.0,0.0,0.0,0.0,0.0,0.0,0.0,0.0,0.0,0.0,0.0,0.0,140.0,2.6,0.27,16.5,1055.7,0.06,140.2,48.0,188.2,0.0,0.0,0.0,0.0,0.0,0.0,0.0,0.0,0.0,0.0,0.0,0.0,0.0,0.0,0.0,0.0,0.0,0.0,0.0,0.0,5163.4,5163.4,0.0,0.0,0.0,0.0,0.0,211.8,0.0,0.0,0.0,0.0,0.0,0.0,0.0,4807.9,143.7,0.0
2050-02-17 19:00:00,2050-02-17 17:00:00,1701.1,0.0,0.0,7.6,1708.7,1646.4,1189.6,0.0,707.6,0.0322,0.0445,gas-cc,gas-cc,0.0,0.0,0.0,0.0,0.0,0.0,0.0,0.0,0.0,0.0,0.0,0.0,0.0,0.0,0.0,0.0,0.0,0.0,172.9,3.3,0.33,20.4,1304.0,0.08,173.1,59.3,232.4,368.2,6.9,0.69,43.5,2778.2,0.16,368.6,126.3,494.9,37.41,0.0,0.0,37.41,39.15,0.0,0.0,39.15,0.0,0.0,0.0,2416.3,519.1,1897.2,0.0,0.0,0.0,0.0,15.3,0.0,0.0,0.0,0.0,0.0,0.0,0.0,348.2,155.6,0.0
2050-02-17 20:00:00,2050-02-17 18:00:00,1850.5,0.0,0.0,12.2,1862.8,1788.9,1702.7,0.0,1537.6,0.0333,0.0484,battery,gas-cc,0.0,0.0,0.0,0.0,0.0,0.0,0.0,0.0,0.0,0.0,0.0,0.0,0.0,0.0,0.0,0.0,0.0,0.0,146.4,2.8,0.28,17.3,1102.7,0.06,146.5,50.2,196.7,436.4,8.2,0.82,51.6,3293.1,0.19,436.9,149.7,586.6,37.41,0.0,0.0,37.41,39.31,0.0,0.0,39.31,0.0,0.0,0.0,3400.4,160.1,3240.3,0.0,0.0,0.0,0.0,0.0,0.0,0.0,0.0,0.0,0.0,0.0,0.0,0.0,160.1,0.0
2050-02-17 21:00:00,2050-02-17 19:00:00,1871.6,0.0,0.0,4.8,1876.4,1808.9,1724.6,0.0,736.4,0.0335,0.0489,battery,gas-cc,0.0,0.0,0.0,0.0,0.0,0.0,0.0,0.0,0.0,0.0,0.0,0.0,0.0,0.0,0.0,0.0,0.0,0.0,146.3,2.8,0.28,17.3,1102.0,0.06,146.4,50.1,196.6,487.4,9.2,0.92,57.6,3677.7,0.21,487.9,167.2,655.1,37.41,0.0,0.0,37.41,39.33,0.0,0.0,39.33,0.0,0.0,0.0,2612.7,151.7,2461.0,0.0,0.0,0.0,0.0,0.0,0.0,0.0,0.0,0.0,0.0,0.0,0.0,0.0,151.7,0.0
2050-02-17 22:00:00,2050-02-17 20:00:00,1793.7,0.0,0.0,3.8,1797.4,1734.8,1662.1,0.0,578.1,0.0329,0.0469,battery,gas-cc,0.0,0.0,0.0,0.0,0.0,0.0,0.0,0.0,0.0,0.0,0.0,0.0,0.0,0.0,0.0,0.0,0.0,0.0,146.2,2.8,0.28,17.3,1101.7,0.06,146.4,50.1,196.5,410.9,7.7,0.77,48.5,3100.8,0.18,411.4,141.0,552.3,37.41,0.0,0.0,37.41,39.25,0.0,0.0,39.25,0.0,0.0,0.0,2375.5,135.3,2240.2,0.0,0.0,0.0,0.0,0.0,0.0,0.0,0.0,0.0,0.0,0.0,0.0,0.0,135.3,0.0
2050-02-17 23:00:00,2050-02-17 21:00:00,1716.8,0.0,0.0,4.4,1721.2,1661.4,1593.9,0.0,672.2,0.0323,0.0449,battery,gas-cc,0.0,0.0,0.0,0.0,0.0,0.0,0.0,0.0,0.0,0.0,0.0,0.0,0.0,0.0,0.0,0.0,0.0,0.0,145.8,2.8,0.28,17.2,1098.9,0.06,146.0,50.0,196.0,410.0,7.7,0.77,48.4,3094.3,0.18,410.5,140.7,551.2,37.41,0.0,0.0,37.41,39.16,0.0,0.0,39.16,0.0,0.0,0.0,2393.4,127.3,2266.2,0.0,0.0,0.0,0.0,0.0,0.0,0.0,0.0,0.0,0.0,0.0,0.0,0.0,127.3,0.0
2050-02-18 00:00:00,2050-02-17 22:00:00,1628.4,0.0,0.0,16.1,1644.5,1576.9,1519.5,0.0,1407.3,0.0316,0.0426,hydro,hydro,0.0,0.0,0.0,0.0,0.0,0.0,0.0,0.0,0.0,0.0,0.0,0.0,0.0,0.0,0.0,0.0,0.0,0.0,145.0,2.7,0.28,17.1,1092.9,0.06,145.2,49.7,194.9,0.0,0.0,0.0,0.0,0.0,0.0,0.0,0.0,0.0,37.47,0.0,0.0,37.47,39.14,0.0,0.0,39.14,0.0,0.0,0.0,3051.9,125.1,2926.8,0.0,0.0,0.0,0.0,0.0,0.0,0.0,0.0,0.0,0.0,0.0,0.0,0.0,125.1,0.0
2050-02-18 01:00:00,2050-02-17 23:00:00,1494.7,0.0,0.0,0.0,1494.7,1448.7,1402.6,0.0,0.0,0.0308,0.0391,battery,gas-cc,0.0,0.0,0.0,0.0,0.0,0.0,0.0,0.0,0.0,0.0,0.0,0.0,0.0,0.0,0.0,0.0,0.0,0.0,145.4,2.7,0.28,17.2,1095.6,0.06,145.6,49.8,195.4,407.6,7.7,0.77,48.1,3075.6,0.18,408.0,139.8,547.9,37.47,0.0,0.0,37.47,39.0,0.0,0.0,39.0,0.0,0.0,0.0,1494.7,92.1,1402.6,0.0,0.0,0.0,0.0,0.0,0.0,0.0,0.0,0.0,0.0,0.0,0.0,0.0,92.1,0.0
2050-02-18 02:00:00,2050-02-18 00:00:00,1389.5,0.0,0.0,0.0,1389.5,1347.4,1311.0,0.0,0.0,0.0303,0.0363,battery,gas-cc,0.0,0.0,0.0,0.0,0.0,0.0,0.0,0.0,0.0,0.0,0.0,0.0,0.0,0.0,0.0,0.0,0.0,0.0,144.9,2.7,0.27,17.1,1092.1,0.06,145.1,49.7,194.8,406.4,7.7,0.77,48.0,3066.8,0.18,406.8,139.4,546.3,37.47,0.0,0.0,37.47,38.88,0.0,0.0,38.88,0.0,0.0,0.0,1389.5,78.5,1311.0,0.0,0.0,0.0,0.0,0.0,0.0,0.0,0.0,0.0,0.0,0.0,0.0,0.0,78.5,0.0
2050-02-18 03:00:00,2050-02-18 01:00:00,1298.9,0.0,0.0,0.0,1298.9,1260.0,1236.9,0.0,0.0,0.03,0.034,battery,gas-cc,0.0,0.0,0.0,0.0,0.0,0.0,0.0,0.0,0.0,0.0,0.0,0.0,0.0,0.0,0.0,0.0,0.0,0.0,145.3,2.7,0.28,17.2,1094.8,0.06,145.5,49.8,195.3,405.4,7.6,0.76,47.9,3059.3,0.18,405.8,139.1,544.9,37.47,0.0,0.0,37.47,38.79,0.0,0.0,38.79,0.0,0.0,0.0,1298.9,62.0,1236.9,0.0,0.0,0.0,0.0,0.0,0.0,0.0,0.0,0.0,0.0,0.0,0.0,0.0,62.0,0.0
2050-02-18 04:00:00,2050-02-18 02:00:00,1245.3,0.0,0.0,0.0,1245.3,1208.1,1204.9,0.0,0.0,0.0298,0.0326,battery,gas-cc,0.0,0.0,0.0,0.0,0.0,0.0,0.0,0.0,0.0,0.0,0.0,0.0,0.0,0.0,0.0,0.0,0.0,0.0,144.5,2.7,0.27,17.1,1088.7,0.06,144.6,49.5,194.2,404.8,7.6,0.76,47.8,3054.8,0.18,405.3,138.9,544.2,37.47,0.0,0.0,37.47,38.73,0.0,0.0,38.73,0.0,0.0,0.0,1245.3,40.3,1204.9,0.0,0.0,0.0,0.0,0.0,0.0,0.0,0.0,0.0,0.0,0.0,0.0,0.0,40.3,0.0
2050-02-18 05:00:00,2050-02-18 03:00:00,1218.9,0.0,0.0,0.0,1218.9,1182.7,1195.4,0.0,0.0,0.0298,0.0319,battery,gas-cc,0.0,0.0,0.0,0.0,0.0,0.0,0.0,0.0,0.0,0.0,0.0,0.0,0.0,0.0,0.0,0.0,0.0,0.0,144.8,2.7,0.27,17.1,1090.9,0.06,144.9,49.6,194.6,404.5,7.6,0.76,47.8,3052.7,0.18,405.0,138.8,543.8,37.47,0.0,0.0,37.47,38.7,0.0,0.0,38.7,0.0,0.0,0.0,1218.9,23.5,1195.4,0.0,0.0,0.0,0.0,0.0,0.0,0.0,0.0,0.0,0.0,0.0,0.0,0.0,23.5,0.0
2050-02-18 06:00:00,2050-02-18 04:00:00,1211.6,0.0,0.0,0.0,1211.6,1175.5,1195.0,0.0,0.0,0.0298,0.0317,battery,gas-cc,0.0,0.0,0.0,0.0,0.0,0.0,0.0,0.0,0.0,0.0,0.0,0.0,0.0,0.0,0.0,0.0,0.0,0.0,145.4,2.7,0.28,17.2,1095.8,0.06,145.6,49.9,195.4,404.5,7.6,0.76,47.8,3052.1,0.18,404.9,138.8,543.7,37.47,0.0,0.0,37.47,38.7,0.0,0.0,38.7,0.0,0.0,0.0,1211.6,16.6,1195.0,0.0,0.0,0.0,0.0,0.0,0.0,0.0,0.0,0.0,0.0,0.0,0.0,0.0,16.6,0.0
2050-02-18 07:00:00,2050-02-18 05:00:00,1245.3,0.0,0.0,0.0,1245.3,1208.1,1232.9,0.0,0.0,0.0298,0.0326,battery,gas-cc,0.0,0.0,0.0,0.0,0.0,0.0,0.0,0.0,0.0,0.0,0.0,0.0,0.0,0.0,0.0,0.0,0.0,0.0,144.8,2.7,0.27,17.1,1091.4,0.06,145.0,49.7,194.7,404.8,7.6,0.76,47.8,3054.8,0.18,405.3,138.9,544.2,37.47,0.0,0.0,37.47,38.73,0.0,0.0,38.73,0.0,0.0,0.0,1245.3,12.3,1232.9,0.0,0.0,0.0,0.0,0.0,0.0,0.0,0.0,0.0,0.0,0.0,0.0,0.0,12.3,0.0
2050-02-18 08:00:00,2050-02-18 06:00:00,1322.1,0.0,0.0,0.0,1322.1,1282.4,1313.1,0.0,0.0,0.03,0.0346,battery,gas-cc,0.0,0.0,0.0,0.0,0.0,0.0,0.0,0.0,0.0,0.0,0.0,0.0,0.0,0.0,0.0,0.0,0.0,0.0,145.3,2.7,0.28,17.2,1094.8,0.06,145.5,49.8,195.3,405.7,7.6,0.76,47.9,3061.2,0.18,406.1,139.2,545.3,37.47,0.0,0.0,37.47,38.81,0.0,0.0,38.81,0.0,0.0,0.0,1322.1,9.0,1313.1,0.0,0.0,0.0,0.0,0.0,0.0,0.0,0.0,0.0,0.0,0.0,0.0,0.0,9.0,0.0
2050-02-18 09:00:00,2050-02-18 07:00:00,1420.0,1609.5,0.0,7.3,3036.7,1376.8,-1119.2,0.0,1119.2,0.0304,0.0371,battery,gas-cc,0.0,0.0,0.0,0.0,0.0,0.0,0.0,0.0,0.0,0.0,0.0,0.0,0.0,0.0,0.0,0.0,0.0,0.0,149.9,2.8,0.28,17.7,1130.0,0.07,150.0,51.4,201.4,355.4,6.7,0.67,42.0,2682.0,0.15,355.8,122.0,477.7,15.11,0.0,0.0,15.11,15.7,0.0,0.0,15.7,0.0,0.0,0.0,4156.0,4156.0,0.0,0.0,0.0,0.0,0.0,175.1,0.0,0.0,0.0,0.0,0.0,0.0,0.0,3974.3,6.6,0.0
2050-02-18 10:00:00,2050-02-18 08:00:00,1494.7,2431.9,0.0,0.0,3926.6,1448.7,0.0,0.0,0.0,0.0308,0.0391,upv,upv,0.0,0.0,0.0,0.0,0.0,0.0,0.0,0.0,0.0,0.0,0.0,0.0,0.0,0.0,0.0,0.0,0.0,0.0,139.8,2.6,0.26,16.5,1053.9,0.06,139.9,47.9,187.9,0.0,0.0,0.0,0.0,0.0,0.0,0.0,0.0,0.0,0.0,0.0,0.0,0.0,0.0,0.0,0.0,0.0,2.1,5283.0,5285.1,3926.6,3926.6,0.0,0.0,0.0,0.0,0.0,0.0,0.0,0.0,0.0,0.0,0.0,0.0,0.0,3926.6,0.0,0.0
2050-02-18 11:00:00,2050-02-18 09:00:00,1528.4,3891.7,0.0,0.0,5420.1,1481.0,0.0,0.0,0.0,0.031,0.04,upv,upv,0.0,0.0,0.0,0.0,0.0,0.0,0.0,0.0,0.0,0.0,0.0,0.0,0.0,0.0,0.0,0.0,0.0,0.0,139.8,2.6,0.26,16.5,1054.1,0.06,140.0,47.9,187.9,0.0,0.0,0.0,0.0,0.0,0.0,0.0,0.0,0.0,0.0,0.0,0.0,0.0,0.0,0.0,0.0,0.0,0.9,4464.3,4465.2,5420.1,5420.1,0.0,0.0,0.0,0.0,0.0,417.2,0.0,0.0,0.0,0.0,0.0,0.0,0.0,5002.9,0.0,0.0
2050-02-18 12:00:00,2050-02-18 10:00:00,1515.8,4014.7,0.0,0.0,5530.4,1468.9,0.0,0.0,0.0,0.0309,0.0396,upv,upv,0.0,0.0,0.0,0.0,0.0,0.0,0.0,0.0,0.0,0.0,0.0,0.0,0.0,0.0,0.0,0.0,0.0,0.0,139.8,2.6,0.26,16.5,1054.0,0.06,140.0,47.9,187.9,0.0,0.0,0.0,0.0,0.0,0.0,0.0,0.0,0.0,0.0,0.0,0.0,0.0,0.0,0.0,0.0,0.0,1.3,4050.1,4051.4,5530.4,5530.4,0.0,0.0,0.0,0.0,0.0,404.2,0.0,0.0,0.0,0.0,0.0,0.0,0.0,5126.3,0.0,0.0
2050-02-18 13:00:00,2050-02-18 11:00:00,1487.4,2461.0,0.0,0.0,3948.4,1441.6,0.0,0.0,0.0,0.0308,0.0389,upv,upv,0.0,0.0,0.0,0.0,0.0,0.0,0.0,0.0,0.0,0.0,0.0,0.0,0.0,0.0,0.0,0.0,0.0,0.0,141.1,2.7,0.27,16.7,1063.5,0.06,141.2,48.4,189.6,0.0,0.0,0.0,0.0,0.0,0.0,0.0,0.0,0.0,0.0,0.0,0.0,0.0,0.0,0.0,0.0,0.0,2.5,5335.6,5338.1,3948.4,3948.4,0.0,0.0,0.0,0.0,0.0,391.9,0.0,0.0,0.0,0.0,0.0,0.0,0.0,3556.4,0.0,0.0
2050-02-18 14:00:00,2050-02-18 12:00:00,1505.3,3854.9,0.0,0.0,5360.1,1458.8,0.0,0.0,0.0,0.0309,0.0394,upv,upv,0.0,0.0,0.0,0.0,0.0,0.0,0.0,0.0,0.0,0.0,0.0,0.0,0.0,0.0,0.0,0.0,0.0,0.0,146.0,2.8,0.28,17.2,1100.7,0.06,146.1,50.1,196.2,0.0,0.0,0.0,0.0,0.0,0.0,0.0,0.0,0.0,0.0,0.0,0.0,0.0,0.0,0.0,0.0,0.0,4.0,3890.1,3894.1,5360.1,5360.1,0.0,0.0,0.0,0.0,0.0,390.5,0.0,0.0,0.0,0.0,0.0,0.0,0.0,4969.6,0.0,0.0
2050-02-18 15:00:00,2050-02-18 13:00:00,1497.9,4019.6,0.0,0.0,5517.5,1451.7,0.0,0.0,0.0,0.0308,0.0392,upv,upv,0.0,0.0,0.0,0.0,0.0,0.0,0.0,0.0,0.0,0.0,0.0,0.0,0.0,0.0,0.0,0.0,0.0,0.0,140.9,2.7,0.27,16.6,1061.9,0.06,141.0,48.3,189.3,0.0,0.0,0.0,0.0,0.0,0.0,0.0,0.0,0.0,0.0,0.0,0.0,0.0,0.0,0.0,0.0,0.0,6.6,3996.0,4002.6,5517.5,5517.5,0.0,0.0,0.0,0.0,0.0,401.7,0.0,0.0,0.0,0.0,0.0,0.0,0.0,5115.8,0.0,0.0
2050-02-18 16:00:00,2050-02-18 14:00:00,1505.3,4019.6,0.0,0.0,5524.8,1458.8,0.0,0.0,0.0,0.0309,0.0394,upv,upv,0.0,0.0,0.0,0.0,0.0,0.0,0.0,0.0,0.0,0.0,0.0,0.0,0.0,0.0,0.0,0.0,0.0,0.0,140.1,2.6,0.27,16.6,1056.5,0.06,140.3,48.1,188.3,0.0,0.0,0.0,0.0,0.0,0.0,0.0,0.0,0.0,0.0,0.0,0.0,0.0,0.0,0.0,0.0,0.0,9.9,4325.8,4335.7,5524.8,5524.8,0.0,0.0,0.0,0.0,0.0,415.7,0.0,0.0,0.0,0.0,0.0,0.0,0.0,5109.1,0.0,0.0
2050-02-18 17:00:00,2050-02-18 15:00:00,1510.5,2431.9,0.0,0.0,3942.4,1463.8,0.0,0.0,0.0,0.0309,0.0395,upv,upv,0.0,0.0,0.0,0.0,0.0,0.0,0.0,0.0,0.0,0.0,0.0,0.0,0.0,0.0,0.0,0.0,0.0,0.0,139.8,2.6,0.26,16.5,1054.0,0.06,140.0,47.9,187.9,0.0,0.0,0.0,0.0,0.0,0.0,0.0,0.0,0.0,0.0,0.0,0.0,0.0,0.0,0.0,0.0,0.0,13.0,5571.0,5584.1,3942.4,3942.4,0.0,0.0,0.0,0.0,0.0,401.7,0.0,0.0,0.0,0.0,0.0,0.0,0.0,3540.8,0.0,0.0
2050-02-18 18:00:00,2050-02-18 16:00:00,1553.7,2431.9,0.0,1.6,3987.2,1505.3,-248.9,0.0,248.9,0.0312,0.0406,upv,upv,0.0,0.0,0.0,0.0,0.0,0.0,0.0,0.0,0.0,0.0,0.0,0.0,0.0,0.0,0.0,0.0,0.0,0.0,139.9,2.6,0.26,16.5,1054.5,0.06,140.0,48.0,188.0,0.0,0.0,0.0,0.0,0.0,0.0,0.0,0.0,0.0,0.0,0.0,0.0,0.0,0.0,0.0,0.0,0.0,14.9,1977.8,1992.8,4236.1,4236.1,0.0,0.0,0.0,0.0,0.0,262.2,0.0,0.0,0.0,0.0,0.0,0.0,0.0,3973.9,0.0,0.0
2050-02-18 19:00:00,2050-02-18 17:00:00,1608.4,0.0,0.0,10.7,1619.1,1557.7,1144.2,0.0,1640.0,0.0315,0.0421,battery,gas-cc,0.0,0.0,0.0,0.0,0.0,0.0,0.0,0.0,0.0,0.0,0.0,0.0,0.0,0.0,0.0,0.0,0.0,0.0,145.3,2.7,0.28,17.2,1094.6,0.06,145.4,49.8,195.2,354.4,6.7,0.67,41.9,2674.7,0.15,354.8,121.6,476.4,24.46,0.0,0.0,24.46,25.54,0.0,0.0,25.54,0.0,0.0,0.0,3259.0,474.9,2784.2,0.0,0.0,0.0,0.0,19.5,0.0,0.0,0.0,0.0,0.0,0.0,0.0,443.5,11.8,0.0
2050-02-18 20:00:00,2050-02-18 18:00:00,1695.8,0.0,0.0,10.7,1706.4,1641.3,1690.2,0.0,1640.0,0.0321,0.0443,battery,gas-cc,0.0,0.0,0.0,0.0,0.0,0.0,0.0,0.0,0.0,0.0,0.0,0.0,0.0,0.0,0.0,0.0,0.0,0.0,145.5,2.7,0.28,17.2,1096.4,0.06,145.7,49.9,195.5,355.3,6.7,0.67,42.0,2681.1,0.15,355.7,121.9,477.6,24.46,0.0,0.0,24.46,25.6,0.0,0.0,25.6,0.0,0.0,0.0,3346.4,16.2,3330.2,0.0,0.0,0.0,0.0,0.0,0.0,0.0,0.0,0.0,0.0,0.0,0.0,0.0,16.2,0.0
2050-02-18 21:00:00,2050-02-18 19:00:00,1731.6,0.0,0.0,10.7,1742.2,1675.5,1725.2,0.0,1640.0,0.0324,0.0453,battery,gas-cc,0.0,0.0,0.0,0.0,0.0,0.0,0.0,0.0,0.0,0.0,0.0,0.0,0.0,0.0,0.0,0.0,0.0,0.0,144.8,2.7,0.27,17.1,1091.1,0.06,145.0,49.6,194.6,355.6,6.7,0.67,42.0,2683.7,0.15,356.0,122.0,478.0,24.46,0.0,0.0,24.46,25.62,0.0,0.0,25.62,0.0,0.0,0.0,3382.2,17.0,3365.2,0.0,0.0,0.0,0.0,0.0,0.0,0.0,0.0,0.0,0.0,0.0,0.0,0.0,17.0,0.0
2050-02-18 22:00:00,2050-02-18 20:00:00,1690.5,0.0,0.0,9.9,1700.5,1636.3,1683.3,0.0,1527.9,0.0321,0.0442,battery,gas-cc,0.0,0.0,0.0,0.0,0.0,0.0,0.0,0.0,0.0,0.0,0.0,0.0,0.0,0.0,0.0,0.0,0.0,0.0,145.4,2.7,0.28,17.2,1095.7,0.06,145.6,49.9,195.4,331.3,6.2,0.62,39.1,2499.7,0.14,331.6,113.7,445.3,24.46,0.0,0.0,24.46,25.6,0.0,0.0,25.6,0.0,0.0,0.0,3228.4,17.2,3211.2,0.0,0.0,0.0,0.0,0.0,0.0,0.0,0.0,0.0,0.0,0.0,0.0,0.0,17.2,0.0
2050-02-18 23:00:00,2050-02-18 21:00:00,1626.3,0.0,0.0,7.8,1634.1,1574.9,1622.0,0.0,1199.5,0.0316,0.0425,battery,gas-cc,0.0,0.0,0.0,0.0,0.0,0.0,0.0,0.0,0.0,0.0,0.0,0.0,0.0,0.0,0.0,0.0,0.0,0.0,149.4,2.8,0.28,17.7,1125.9,0.07,149.5,51.2,200.8,376.9,7.1,0.71,44.5,2843.9,0.16,377.3,129.3,506.6,24.46,0.0,0.0,24.46,25.55,0.0,0.0,25.55,0.0,0.0,0.0,2833.6,12.1,2821.5,0.0,0.0,0.0,0.0,0.0,0.0,0.0,0.0,0.0,0.0,0.0,0.0,0.0,12.1,0.0
2050-02-19 00:00:00,2050-02-18 22:00:00,1544.2,0.0,0.0,0.0,1544.2,1496.2,1535.4,0.0,0.0,0.0311,0.0404,battery,gas-cc,0.0,0.0,0.0,0.0,0.0,0.0,0.0,0.0,0.0,0.0,0.0,0.0,0.0,0.0,0.0,0.0,0.0,0.0,144.4,2.7,0.27,17.1,1088.4,0.06,144.6,49.5,194.1,353.8,6.7,0.67,41.8,2670.0,0.15,354.2,121.4,475.6,26.76,0.0,0.0,26.76,27.89,0.0,0.0,27.89,0.0,0.0,0.0,1544.2,8.8,1535.4,0.0,0.0,0.0,0.0,0.0,0.0,0.0,0.0,0.0,0.0,0.0,0.0,0.0,8.8,0.0
2050-02-19 01:00:00,2050-02-18 23:00:00,1453.7,0.0,0.0,0.0,1453.7,1409.2,1443.1,0.0,0.0,0.0306,0.038,battery,gas-cc,0.0,0.0,0.0,0.0,0.0,0.0,0.0,0.0,0.0,0.0,0.0,0.0,0.0,0.0,0.0,0.0,0.0,0.0,162.8,3.1,0.31,19.2,1227.1,0.07,163.0,55.8,218.8,352.9,6.7,0.67,41.7,2663.4,0.15,353.3,121.1,474.4,26.76,0.0,0.0,26.76,27.82,0.0,0.0,27.82,0.0,0.0,0.0,1453.7,10.6,1443.1,0.0,0.0,0.0,0.0,0.0,0.0,0.0,0.0,0.0,0.0,0.0,0.0,0.0,10.6,0.0
2050-02-19 02:00:00,2050-02-19 00:00:00,1357.9,0.0,0.0,5.0,1362.9,1316.9,1346.5,322.4,0.0,0.0302,0.0355,battery,gas-cc,0.0,0.0,0.0,0.0,0.0,0.0,0.0,0.0,0.0,0.0,0.0,0.0,0.0,0.0,0.0,0.0,0.0,0.0,145.6,2.7,0.28,17.2,1096.9,0.06,145.7,49.9,195.6,352.0,6.6,0.66,41.6,2656.5,0.15,352.4,120.8,473.2,26.76,0.0,0.0,26.76,27.75,0.0,0.0,27.75,0.0,0.0,0.0,1040.5,16.4,1024.1,0.0,0.0,0.0,0.0,0.0,0.0,0.0,0.0,0.0,0.0,0.0,0.0,0.0,16.4,0.0
2050-02-19 03:00:00,2050-02-19 01:00:00,1288.4,0.0,0.0,0.0,1288.4,1249.9,1262.1,0.0,0.0,0.0299,0.0337,battery,gas-cc,0.0,0.0,0.0,0.0,0.0,0.0,0.0,0.0,0.0,0.0,0.0,0.0,0.0,0.0,0.0,0.0,0.0,0.0,182.3,3.4,0.34,21.5,1374.5,0.08,182.5,62.5,245.0,351.4,6.6,0.66,41.5,2651.5,0.15,351.7,120.6,472.3,26.76,0.0,0.0,26.76,27.69,0.0,0.0,27.69,0.0,0.0,0.0,1288.4,26.3,1262.1,0.0,0.0,0.0,0.0,0.0,0.0,0.0,0.0,0.0,0.0,0.0,0.0,0.0,26.3,0.0
2050-02-19 04:00:00,2050-02-19 02:00:00,1240.0,0.0,0.0,0.0,1240.0,1203.0,1199.1,0.0,0.0,0.0298,0.0324,battery,gas-cc,0.0,0.0,0.0,0.0,0.0,0.0,0.0,0.0,0.0,0.0,0.0,0.0,0.0,0.0,0.0,0.0,0.0,0.0,169.9,3.2,0.32,20.1,1281.1,0.07,170.1,58.3,228.4,350.9,6.6,0.66,41.5,2648.0,0.15,351.3,120.4,471.7,26.76,0.0,0.0,26.76,27.66,0.0,0.0,27.66,0.0,0.0,0.0,1240.0,40.9,1199.1,0.0,0.0,0.0,0.0,0.0,0.0,0.0,0.0,0.0,0.0,0.0,0.0,0.0,40.9,0.0
2050-02-19 05:00:00,2050-02-19 03:00:00,1208.4,0.0,0.0,0.0,1208.4,1172.5,1157.4,0.0,0.0,0.0298,0.0316,battery,gas-cc,0.0,0.0,0.0,0.0,0.0,0.0,0.0,0.0,0.0,0.0,0.0,0.0,0.0,0.0,0.0,0.0,0.0,0.0,144.5,2.7,0.27,17.1,1089.0,0.06,144.7,49.5,194.2,350.6,6.6,0.66,41.4,2645.8,0.15,351.0,120.3,471.3,26.76,0.0,0.0,26.76,27.63,0.0,0.0,27.63,0.0,0.0,0.0,1208.4,51.0,1157.4,0.0,0.0,0.0,0.0,0.0,0.0,0.0,0.0,0.0,0.0,0.0,0.0,0.0,51.0,0.0
2050-02-19 06:00:00,2050-02-19 04:00:00,1203.2,0.0,0.0,0.0,1203.2,1167.4,1153.5,0.0,0.0,0.0297,0.0315,battery,gas-cc,0.0,0.0,0.0,0.0,0.0,0.0,0.0,0.0,0.0,0.0,0.0,0.0,0.0,0.0,0.0,0.0,0.0,0.0,167.9,3.2,0.32,19.8,1265.6,0.07,168.1,57.6,225.7,350.6,6.6,0.66,41.4,2645.4,0.15,350.9,120.3,471.2,26.76,0.0,0.0,26.76,27.63,0.0,0.0,27.63,0.0,0.0,0.0,1203.2,49.6,1153.5,0.0,0.0,0.0,0.0,0.0,0.0,0.0,0.0,0.0,0.0,0.0,0.0,0.0,49.6,0.0
2050-02-19 07:00:00,2050-02-19 05:00:00,1218.9,0.0,0.0,0.0,1218.9,1182.7,1162.6,0.0,0.0,0.0298,0.0319,battery,gas-cc,0.0,0.0,0.0,0.0,0.0,0.0,0.0,0.0,0.0,0.0,0.0,0.0,0.0,0.0,0.0,0.0,0.0,0.0,142.2,2.7,0.27,16.8,1071.5,0.06,142.3,48.7,191.1,350.7,6.6,0.66,41.4,2646.5,0.15,351.1,120.3,471.4,26.76,0.0,0.0,26.76,27.64,0.0,0.0,27.64,0.0,0.0,0.0,1218.9,56.4,1162.6,0.0,0.0,0.0,0.0,0.0,0.0,0.0,0.0,0.0,0.0,0.0,0.0,0.0,56.4,0.0
2050-02-19 08:00:00,2050-02-19 06:00:00,1260.0,0.0,0.0,2.5,1262.5,1222.4,1201.4,159.6,0.0,0.0299,0.033,battery,gas-cc,0.0,0.0,0.0,0.0,0.0,0.0,0.0,0.0,0.0,0.0,0.0,0.0,0.0,0.0,0.0,0.0,0.0,0.0,144.9,2.7,0.27,17.1,1091.6,0.06,145.0,49.7,194.7,351.1,6.6,0.66,41.5,2649.5,0.15,351.5,120.5,471.9,26.76,0.0,0.0,26.76,27.67,0.0,0.0,27.67,0.0,0.0,0.0,1102.9,61.1,1041.8,0.0,0.0,0.0,0.0,0.0,0.0,0.0,0.0,0.0,0.0,0.0,0.0,0.0,61.1,0.0
2050-02-19 09:00:00,2050-02-19 07:00:00,1332.6,1609.5,0.0,7.9,2950.0,1292.6,288.7,445.3,156.6,0.0301,0.0348,battery,gas-cc,0.0,0.0,0.0,0.0,0.0,0.0,0.0,0.0,0.0,0.0,0.0,0.0,0.0,0.0,0.0,0.0,0.0,0.0,140.2,2.6,0.27,16.6,1056.5,0.06,140.3,48.1,188.4,323.7,6.1,0.61,38.2,2442.4,0.14,324.0,111.1,435.1,19.1,0.0,0.0,19.1,19.79,0.0,0.0,19.79,0.0,0.0,0.0,2661.3,2661.3,0.0,0.0,0.0,0.0,0.0,110.1,0.0,0.0,0.0,0.0,0.0,0.0,0.0,2497.7,53.6,0.0
2050-02-19 10:00:00,2050-02-19 08:00:00,1423.2,2431.9,0.0,9.2,3864.2,1379.8,-1408.5,0.0,1408.5,0.0305,0.0372,upv,upv,0.0,0.0,0.0,0.0,0.0,0.0,0.0,0.0,0.0,0.0,0.0,0.0,0.0,0.0,0.0,0.0,0.0,0.0,139.7,2.6,0.26,16.5,1053.5,0.06,139.9,47.9,187.8,0.0,0.0,0.0,0.0,0.0,0.0,0.0,0.0,0.0,0.0,0.0,0.0,0.0,0.0,0.0,0.0,0.0,0.0,1035.0,1035.0,5272.7,5272.7,0.0,0.0,0.0,0.0,0.0,264.7,0.0,0.0,0.0,0.0,0.0,0.0,0.0,4971.7,36.3,0.0
2050-02-19 11:00:00,2050-02-19 09:00:00,1466.3,3535.0,0.0,10.7,5011.9,1421.3,-1640.0,0.0,1640.0,0.0307,0.0383,upv,upv,0.0,0.0,0.0,0.0,0.0,0.0,0.0,0.0,0.0,0.0,0.0,0.0,0.0,0.0,0.0,0.0,0.0,0.0,139.8,2.6,0.26,16.5,1053.7,0.06,139.9,47.9,187.8,0.0,0.0,0.0,0.0,0.0,0.0,0.0,0.0,0.0,0.0,0.0,0.0,0.0,0.0,0.0,0.0,0.0,91.3,1282.6,1373.9,6651.9,6651.9,0.0,0.0,0.0,0.0,0.0,0.0,0.0,0.0,0.0,0.0,0.0,0.0,0.0,6651.9,0.0,0.0
2050-02-19 12:00:00,2050-02-19 10:00:00,1484.2,3207.3,0.0,4.4,4696.0,1438.5,-684.0,0.0,684.0,0.0308,0.0388,upv,upv,0.0,0.0,0.0,0.0,0.0,0.0,0.0,0.0,0.0,0.0,0.0,0.0,0.0,0.0,0.0,0.0,0.0,0.0,139.8,2.6,0.26,16.5,1053.8,0.06,139.9,47.9,187.9,0.0,0.0,0.0,0.0,0.0,0.0,0.0,0.0,0.0,0.0,0.0,0.0,0.0,0.0,0.0,0.0,0.0,0.0,3933.6,3933.6,5380.0,5380.0,0.0,0.0,0.0,0.0,0.0,386.2,0.0,0.0,0.0,0.0,0.0,0.0,0.0,4829.2,164.6,0.0
2050-02-19 13:00:00,2050-02-19 11:00:00,1474.7,3887.8,0.0,10.7,5373.2,1429.4,-1640.0,0.0,1640.0,0.0307,0.0386,upv,upv,0.0,0.0,0.0,0.0,0.0,0.0,0.0,0.0,0.0,0.0,0.0,0.0,0.0,0.0,0.0,0.0,0.0,0.0,139.8,2.6,0.26,16.5,1053.7,0.06,139.9,47.9,187.9,0.0,0.0,0.0,0.0,0.0,0.0,0.0,0.0,0.0,0.0,0.0,0.0,0.0,0.0,0.0,0.0,0.0,0.0,2479.6,2479.6,7013.2,7013.2,0.0,0.0,0.0,0.0,0.0,391.6,0.0,0.0,0.0,0.0,0.0,0.0,0.0,6406.0,215.6,0.0
2050-02-19 14:00:00,2050-02-19 12:00:00,1492.6,4019.6,0.0,8.4,5520.6,1446.6,-1293.3,0.0,1293.3,0.0308,0.039,upv,upv,0.0,0.0,0.0,0.0,0.0,0.0,0.0,0.0,0.0,0.0,0.0,0.0,0.0,0.0,0.0,0.0,0.0,0.0,139.8,2.6,0.26,16.5,1053.9,0.06,139.9,47.9,187.9,0.0,0.0,0.0,0.0,0.0,0.0,0.0,0.0,0.0,0.0,0.0,0.0,0.0,0.0,0.0,0.0,0.0,0.0,2759.9,2759.9,6813.9,6813.9,0.0,0.0,0.0,0.0,0.0,394.1,0.0,0.0,0.0,0.0,0.0,0.0,0.0,6183.8,236.0,0.0
2050-02-19 15:00:00,2050-02-19 13:00:00,1487.4,3986.6,0.0,10.7,5484.7,1441.6,-1640.0,0.0,1640.0,0.0308,0.0389,upv,upv,0.0,0.0,0.0,0.0,0.0,0.0,0.0,0.0,0.0,0.0,0.0,0.0,0.0,0.0,0.0,0.0,0.0,0.0,139.8,2.6,0.26,16.5,1053.8,0.06,139.9,47.9,187.9,0.0,0.0,0.0,0.0,0.0,0.0,0.0,0.0,0.0,0.0,0.0,0.0,0.0,0.0,0.0,0.0,0.0,0.0,2830.0,2830.0,7124.6,7124.6,0.0,0.0,0.0,0.0,0.0,409.6,0.0,0.0,0.0,0.0,0.0,0.0,0.0,6462.7,252.4,0.0
2050-02-19 16:00:00,2050-02-19 14:00:00,1497.9,3211.2,0.0,10.7,4719.7,1451.7,-1640.0,0.0,1640.0,0.0308,0.0392,upv,upv,0.0,0.0,0.0,0.0,0.0,0.0,0.0,0.0,0.0,0.0,0.0,0.0,0.0,0.0,0.0,0.0,0.0,0.0,139.9,2.6,0.26,16.5,1054.4,0.06,140.0,48.0,188.0,0.0,0.0,0.0,0.0,0.0,0.0,0.0,0.0,0.0,0.0,0.0,0.0,0.0,0.0,0.0,0.0,0.0,0.0,3915.9,3915.9,6359.7,6359.7,0.0,0.0,0.0,0.0,0.0,423.0,0.0,0.0,0.0,0.0,0.0,0.0,0.0,5680.6,256.2,0.0
2050-02-19 17:00:00,2050-02-19 15:00:00,1505.3,2845.7,0.0,10.7,4361.6,1458.8,-1640.0,0.0,1640.0,0.0309,0.0394,upv,upv,0.0,0.0,0.0,0.0,0.0,0.0,0.0,0.0,0.0,0.0,0.0,0.0,0.0,0.0,0.0,0.0,0.0,0.0,139.8,2.6,0.26,16.5,1053.9,0.06,139.9,47.9,187.9,0.0,0.0,0.0,0.0,0.0,0.0,0.0,0.0,0.0,0.0,0.0,0.0,0.0,0.0,0.0,0.0,0.0,260.0,3653.3,3913.3,6001.6,6001.6,0.0,0.0,0.0,0.0,0.0,407.4,0.0,0.0,0.0,0.0,0.0,0.0,0.0,5594.2,0.0,0.0
2050-02-19 18:00:00,2050-02-19 16:00:00,1553.7,2431.9,0.0,10.7,3996.2,1505.3,-1640.0,0.0,1640.0,0.0312,0.0406,upv,upv,0.0,0.0,0.0,0.0,0.0,0.0,0.0,0.0,0.0,0.0,0.0,0.0,0.0,0.0,0.0,0.0,0.0,0.0,139.8,2.6,0.26,16.5,1054.2,0.06,140.0,48.0,187.9,0.0,0.0,0.0,0.0,0.0,0.0,0.0,0.0,0.0,0.0,0.0,0.0,0.0,0.0,0.0,0.0,0.0,0.0,714.3,714.3,5636.2,5636.2,0.0,0.0,0.0,0.0,0.0,257.3,0.0,0.0,0.0,0.0,0.0,0.0,0.0,5124.3,254.5,0.0
2050-02-19 19:00:00,2050-02-19 17:00:00,1618.9,0.0,0.0,11.3,1630.2,1567.8,881.3,445.3,673.6,0.0316,0.0423,battery,gas-cc,0.0,0.0,0.0,0.0,0.0,0.0,0.0,0.0,0.0,0.0,0.0,0.0,0.0,0.0,0.0,0.0,0.0,0.0,144.1,2.7,0.27,17.0,1085.9,0.06,144.3,49.4,193.7,372.3,7.0,0.7,44.0,2809.5,0.16,372.7,127.7,500.5,29.16,0.0,0.0,29.16,30.45,0.0,0.0,30.45,0.0,0.0,0.0,1858.5,748.9,1109.5,0.0,0.0,0.0,0.0,21.3,0.0,0.0,0.0,0.0,0.0,0.0,0.0,484.3,243.3,0.0
2050-02-19 20:00:00,2050-02-19 18:00:00,1722.1,0.0,0.0,13.2,1735.3,1666.5,1516.0,445.3,971.5,0.0323,0.045,battery,gas-cc,0.0,0.0,0.0,0.0,0.0,0.0,0.0,0.0,0.0,0.0,0.0,0.0,0.0,0.0,0.0,0.0,0.0,0.0,145.2,2.7,0.28,17.2,1094.5,0.06,145.4,49.8,195.2,373.4,7.0,0.7,44.1,2817.4,0.16,373.8,128.1,501.9,29.16,0.0,0.0,29.16,30.54,0.0,0.0,30.54,0.0,0.0,0.0,2261.5,219.3,2042.2,0.0,0.0,0.0,0.0,0.0,0.0,0.0,0.0,0.0,0.0,0.0,0.0,0.0,219.3,0.0
2050-02-19 21:00:00,2050-02-19 19:00:00,1752.6,0.0,0.0,6.9,1759.5,1695.6,1559.5,445.3,0.0,0.0325,0.0458,battery,gas-cc,0.0,0.0,0.0,0.0,0.0,0.0,0.0,0.0,0.0,0.0,0.0,0.0,0.0,0.0,0.0,0.0,0.0,0.0,146.5,2.8,0.28,17.3,1104.0,0.06,146.6,50.2,196.9,331.8,6.3,0.63,39.2,2504.0,0.14,332.2,113.9,446.0,29.16,0.0,0.0,29.16,30.56,0.0,0.0,30.56,0.0,0.0,0.0,1314.2,200.0,1114.2,0.0,0.0,0.0,0.0,0.0,0.0,0.0,0.0,0.0,0.0,0.0,0.0,0.0,200.0,0.0
2050-02-19 22:00:00,2050-02-19 20:00:00,1716.8,0.0,0.0,8.6,1725.4,1661.4,1529.7,445.3,260.5,0.0323,0.0449,battery,gas-cc,0.0,0.0,0.0,0.0,0.0,0.0,0.0,0.0,0.0,0.0,0.0,0.0,0.0,0.0,0.0,0.0,0.0,0.0,180.7,3.4,0.34,21.4,1362.6,0.08,180.9,62.0,242.9,373.3,7.0,0.7,44.1,2817.0,0.16,373.7,128.1,501.8,29.16,0.0,0.0,29.16,30.53,0.0,0.0,30.53,0.0,0.0,0.0,1540.6,195.8,1344.9,0.0,0.0,0.0,0.0,0.0,0.0,0.0,0.0,0.0,0.0,0.0,0.0,0.0,195.8,0.0
2050-02-19 23:00:00,2050-02-19 21:00:00,1660.0,0.0,0.0,15.3,1675.3,1607.1,1488.2,445.3,1298.1,0.0319,0.0434,battery,gas-cc,0.0,0.0,0.0,0.0,0.0,0.0,0.0,0.0,0.0,0.0,0.0,0.0,0.0,0.0,0.0,0.0,0.0,0.0,144.2,2.7,0.27,17.0,1086.6,0.06,144.4,49.4,193.8,372.7,7.0,0.7,44.0,2812.6,0.16,373.1,127.9,501.0,29.16,0.0,0.0,29.16,30.48,0.0,0.0,30.48,0.0,0.0,0.0,2528.1,187.2,2341.0,0.0,0.0,0.0,0.0,0.0,0.0,0.0,0.0,0.0,0.0,0.0,0.0,0.0,187.2,0.0
2050-02-20 00:00:00,2050-02-19 22:00:00,1564.2,0.0,0.0,9.9,1574.1,1515.4,1450.1,445.3,467.1,0.0312,0.0409,battery,gas-cc,0.0,0.0,0.0,0.0,0.0,0.0,0.0,0.0,0.0,0.0,0.0,0.0,0.0,0.0,0.0,0.0,0.0,0.0,145.5,2.7,0.28,17.2,1096.3,0.06,145.7,49.9,195.5,380.5,7.2,0.72,45.0,2871.5,0.16,380.9,130.6,511.5,30.31,0.0,0.0,30.31,31.6,0.0,0.0,31.6,0.0,0.0,0.0,1595.9,124.1,1471.8,0.0,0.0,0.0,0.0,0.0,0.0,0.0,0.0,0.0,0.0,0.0,0.0,0.0,124.1,0.0
2050-02-20 01:00:00,2050-02-19 23:00:00,1448.4,0.0,0.0,16.1,1464.5,1404.1,1373.7,445.3,1409.5,0.0306,0.0379,battery,gas-cc,0.0,0.0,0.0,0.0,0.0,0.0,0.0,0.0,0.0,0.0,0.0,0.0,0.0,0.0,0.0,0.0,0.0,0.0,145.6,2.7,0.28,17.2,1096.7,0.06,145.7,49.9,195.6,379.3,7.1,0.71,44.8,2862.5,0.16,379.7,130.2,509.9,30.31,0.0,0.0,30.31,31.5,0.0,0.0,31.5,0.0,0.0,0.0,2428.7,90.8,2337.9,0.0,0.0,0.0,0.0,0.0,0.0,0.0,0.0,0.0,0.0,0.0,0.0,0.0,90.8,0.0
2050-02-20 02:00:00,2050-02-20 00:00:00,1332.6,0.0,0.0,17.6,1350.2,1292.6,1284.6,445.3,1640.0,0.0301,0.0348,battery,gas-cc,0.0,0.0,0.0,0.0,0.0,0.0,0.0,0.0,0.0,0.0,0.0,0.0,0.0,0.0,0.0,0.0,0.0,0.0,144.8,2.7,0.27,17.1,1090.9,0.06,144.9,49.6,194.6,369.4,7.0,0.7,43.6,2787.7,0.16,369.8,126.8,496.6,30.31,0.0,0.0,30.31,31.4,0.0,0.0,31.4,0.0,0.0,0.0,2544.9,65.6,2479.3,0.0,0.0,0.0,0.0,0.0,0.0,0.0,0.0,0.0,0.0,0.0,0.0,0.0,65.6,0.0
2050-02-20 03:00:00,2050-02-20 01:00:00,1277.9,0.0,0.0,13.6,1291.5,1239.7,1247.5,445.3,1028.0,0.0299,0.0334,battery,gas-cc,0.0,0.0,0.0,0.0,0.0,0.0,0.0,0.0,0.0,0.0,0.0,0.0,0.0,0.0,0.0,0.0,0.0,0.0,152.9,2.9,0.29,18.1,1152.2,0.07,153.1,52.4,205.5,377.6,7.1,0.71,44.6,2849.3,0.16,378.0,129.6,507.5,30.31,0.0,0.0,30.31,31.36,0.0,0.0,31.36,0.0,0.0,0.0,1874.2,44.0,1830.2,0.0,0.0,0.0,0.0,0.0,0.0,0.0,0.0,0.0,0.0,0.0,0.0,0.0,44.0,0.0
2050-02-20 04:00:00,2050-02-20 02:00:00,1234.7,0.0,0.0,16.6,1251.3,1197.9,1226.3,445.3,1485.2,0.0298,0.0323,battery,gas-cc,0.0,0.0,0.0,0.0,0.0,0.0,0.0,0.0,0.0,0.0,0.0,0.0,0.0,0.0,0.0,0.0,0.0,0.0,151.0,2.9,0.29,17.8,1137.8,0.07,151.2,51.8,202.9,409.4,7.7,0.77,48.4,3089.2,0.18,409.8,140.5,550.3,30.31,0.0,0.0,30.31,31.32,0.0,0.0,31.32,0.0,0.0,0.0,2291.2,25.0,2266.2,0.0,0.0,0.0,0.0,0.0,0.0,0.0,0.0,0.0,0.0,0.0,0.0,0.0,25.0,0.0
2050-02-20 05:00:00,2050-02-20 03:00:00,1208.4,0.0,0.0,16.5,1224.9,1172.5,1206.8,445.3,1475.6,0.0298,0.0316,battery,gas-cc,0.0,0.0,0.0,0.0,0.0,0.0,0.0,0.0,0.0,0.0,0.0,0.0,0.0,0.0,0.0,0.0,0.0,0.0,146.9,2.8,0.28,17.4,1107.2,0.06,147.1,50.4,197.5,409.1,7.7,0.77,48.3,3087.0,0.18,409.5,140.4,549.9,30.31,0.0,0.0,30.31,31.3,0.0,0.0,31.3,0.0,0.0,0.0,2255.2,18.2,2237.1,0.0,0.0,0.0,0.0,0.0,0.0,0.0,0.0,0.0,0.0,0.0,0.0,0.0,18.2,0.0
2050-02-20 06:00:00,2050-02-20 04:00:00,1234.7,0.0,0.0,10.4,1245.2,1197.9,1230.3,445.3,544.7,0.0298,0.0323,battery,gas-cc,0.0,0.0,0.0,0.0,0.0,0.0,0.0,0.0,0.0,0.0,0.0,0.0,0.0,0.0,0.0,0.0,0.0,0.0,152.3,2.9,0.29,18.0,1147.8,0.07,152.5,52.2,204.7,409.4,7.7,0.77,48.4,3089.2,0.18,409.8,140.5,550.3,30.31,0.0,0.0,30.31,31.32,0.0,0.0,31.32,0.0,0.0,0.0,1344.6,14.8,1329.8,0.0,0.0,0.0,0.0,0.0,0.0,0.0,0.0,0.0,0.0,0.0,0.0,0.0,14.8,0.0
2050-02-20 07:00:00,2050-02-20 05:00:00,1309.5,0.0,0.0,16.1,1325.6,1270.2,1312.9,445.3,1414.6,0.03,0.0342,battery,gas-cc,0.0,0.0,0.0,0.0,0.0,0.0,0.0,0.0,0.0,0.0,0.0,0.0,0.0,0.0,0.0,0.0,0.0,0.0,171.4,3.2,0.32,20.2,1291.9,0.07,171.6,58.8,230.3,393.9,7.4,0.74,46.5,2972.6,0.17,394.3,135.2,529.5,30.31,0.0,0.0,30.31,31.38,0.0,0.0,31.38,0.0,0.0,0.0,2294.9,12.7,2282.2,0.0,0.0,0.0,0.0,0.0,0.0,0.0,0.0,0.0,0.0,0.0,0.0,0.0,12.7,0.0
2050-02-20 08:00:00,2050-02-20 06:00:00,1451.6,0.0,0.0,15.3,1466.9,1407.2,1460.3,445.3,1290.3,0.0306,0.038,battery,gas-cc,0.0,0.0,0.0,0.0,0.0,0.0,0.0,0.0,0.0,0.0,0.0,0.0,0.0,0.0,0.0,0.0,0.0,0.0,145.5,2.7,0.28,17.2,1096.1,0.06,145.6,49.9,195.5,379.4,7.1,0.71,44.8,2862.7,0.16,379.8,130.2,509.9,30.31,0.0,0.0,30.31,31.5,0.0,0.0,31.5,0.0,0.0,0.0,2311.9,6.6,2305.3,0.0,0.0,0.0,0.0,0.0,0.0,0.0,0.0,0.0,0.0,0.0,0.0,0.0,6.6,0.0
2050-02-20 09:00:00,2050-02-20 07:00:00,1615.8,1609.5,0.0,16.9,3242.1,1564.8,-1091.6,445.3,1536.9,0.0316,0.0423,battery,gas-cc,0.0,0.0,0.0,0.0,0.0,0.0,0.0,0.0,0.0,0.0,0.0,0.0,0.0,0.0,0.0,0.0,0.0,0.0,156.9,3.0,0.3,18.5,1182.9,0.07,157.1,53.8,210.9,293.6,5.5,0.55,34.7,2215.2,0.13,293.9,100.7,394.6,25.21,0.0,0.0,25.21,26.32,0.0,0.0,26.32,0.0,0.0,0.0,4333.8,4333.8,0.0,0.0,0.0,0.0,0.0,182.7,0.0,0.0,0.0,0.0,0.0,0.0,0.0,4145.5,5.5,0.0
2050-02-20 10:00:00,2050-02-20 08:00:00,1760.0,2755.7,0.0,0.0,4515.7,1702.6,0.0,0.0,0.0,0.0326,0.046,upv,upv,0.0,0.0,0.0,0.0,0.0,0.0,0.0,0.0,0.0,0.0,0.0,0.0,0.0,0.0,0.0,0.0,0.0,0.0,140.0,2.6,0.27,16.5,1055.8,0.06,140.2,48.0,188.2,0.0,0.0,0.0,0.0,0.0,0.0,0.0,0.0,0.0,0.0,0.0,0.0,0.0,0.0,0.0,0.0,0.0,2.2,4660.2,4662.4,4515.7,4515.7,0.0,0.0,0.0,0.0,0.0,387.2,0.0,0.0,0.0,0.0,0.0,0.0,0.0,4128.4,0.0,0.0
2050-02-20 11:00:00,2050-02-20 09:00:00,1745.3,2845.7,0.0,0.0,4591.0,1688.6,-0.0,0.0,0.0,0.0325,0.0456,upv,upv,0.0,0.0,0.0,0.0,0.0,0.0,0.0,0.0,0.0,0.0,0.0,0.0,0.0,0.0,0.0,0.0,0.0,0.0,140.4,2.7,0.27,16.6,1058.6,0.06,140.6,48.2,188.7,0.0,0.0,0.0,0.0,0.0,0.0,0.0,0.0,0.0,0.0,0.0,0.0,0.0,0.0,0.0,0.0,0.0,0.6,5117.8,5118.4,4591.0,4591.0,0.0,0.0,0.0,0.0,0.0,409.6,0.0,0.0,0.0,0.0,0.0,0.0,0.0,4181.4,0.0,0.0
2050-02-20 12:00:00,2050-02-20 10:00:00,1665.3,3597.0,0.0,0.0,5262.2,1612.1,-0.0,0.0,0.0,0.0319,0.0435,upv,upv,0.0,0.0,0.0,0.0,0.0,0.0,0.0,0.0,0.0,0.0,0.0,0.0,0.0,0.0,0.0,0.0,0.0,0.0,139.9,2.6,0.26,16.5,1055.0,0.06,140.1,48.0,188.1,0.0,0.0,0.0,0.0,0.0,0.0,0.0,0.0,0.0,0.0,0.0,0.0,0.0,0.0,0.0,0.0,0.0,0.0,4035.0,4035.0,5262.2,5262.2,0.0,0.0,0.0,0.0,0.0,392.3,0.0,0.0,0.0,0.0,0.0,0.0,0.0,4870.0,0.0,0.0
2050-02-20 13:00:00,2050-02-20 11:00:00,1603.2,3629.9,0.0,0.0,5233.1,1552.7,0.0,0.0,0.0,0.0315,0.0419,upv,upv,0.0,0.0,0.0,0.0,0.0,0.0,0.0,0.0,0.0,0.0,0.0,0.0,0.0,0.0,0.0,0.0,0.0,0.0,140.0,2.6,0.26,16.5,1055.2,0.06,140.1,48.0,188.1,0.0,0.0,0.0,0.0,0.0,0.0,0.0,0.0,0.0,0.0,0.0,0.0,0.0,0.0,0.0,0.0,0.0,0.0,3828.2,3828.2,5233.1,5233.1,0.0,0.0,0.0,0.0,0.0,382.5,0.0,0.0,0.0,0.0,0.0,0.0,0.0,4850.5,0.0,0.0
2050-02-20 14:00:00,2050-02-20 12:00:00,1562.1,3016.4,0.0,0.0,4578.5,1513.3,0.0,0.0,0.0,0.0312,0.0409,upv,upv,0.0,0.0,0.0,0.0,0.0,0.0,0.0,0.0,0.0,0.0,0.0,0.0,0.0,0.0,0.0,0.0,0.0,0.0,139.8,2.6,0.26,16.5,1054.3,0.06,140.0,48.0,188.0,0.0,0.0,0.0,0.0,0.0,0.0,0.0,0.0,0.0,0.0,0.0,0.0,0.0,0.0,0.0,0.0,0.0,0.0,4401.7,4401.7,4578.5,4578.5,0.0,0.0,0.0,0.0,0.0,378.9,0.0,0.0,0.0,0.0,0.0,0.0,0.0,4199.5,0.0,0.0
2050-02-20 15:00:00,2050-02-20 13:00:00,1535.8,3986.6,0.0,0.0,5522.4,1488.1,0.0,0.0,0.0,0.0311,0.0402,upv,upv,0.0,0.0,0.0,0.0,0.0,0.0,0.0,0.0,0.0,0.0,0.0,0.0,0.0,0.0,0.0,0.0,0.0,0.0,139.8,2.6,0.26,16.5,1054.1,0.06,140.0,47.9,187.9,0.0,0.0,0.0,0.0,0.0,0.0,0.0,0.0,0.0,0.0,0.0,0.0,0.0,0.0,0.0,0.0,0.0,0.1,3815.4,3815.5,5522.4,5522.4,0.0,0.0,0.0,0.0,0.0,394.1,0.0,0.0,0.0,0.0,0.0,0.0,0.0,5128.3,0.0,0.0
2050-02-20 16:00:00,2050-02-20 14:00:00,1521.1,3629.9,0.0,0.0,5151.0,1473.9,0.0,0.0,0.0,0.031,0.0398,upv,upv,0.0,0.0,0.0,0.0,0.0,0.0,0.0,0.0,0.0,0.0,0.0,0.0,0.0,0.0,0.0,0.0,0.0,0.0,142.9,2.7,0.27,16.9,1077.5,0.06,143.1,49.0,192.1,0.0,0.0,0.0,0.0,0.0,0.0,0.0,0.0,0.0,0.0,0.0,0.0,0.0,0.0,0.0,0.0,0.0,0.0,4355.6,4355.6,5151.0,5151.0,0.0,0.0,0.0,0.0,0.0,401.3,0.0,0.0,0.0,0.0,0.0,0.0,0.0,4749.7,0.0,0.0
2050-02-20 17:00:00,2050-02-20 15:00:00,1541.1,3663.9,0.0,0.0,5204.9,1493.1,0.0,0.0,0.0,0.0311,0.0403,upv,upv,0.0,0.0,0.0,0.0,0.0,0.0,0.0,0.0,0.0,0.0,0.0,0.0,0.0,0.0,0.0,0.0,0.0,0.0,139.8,2.6,0.26,16.5,1054.2,0.06,140.0,48.0,187.9,0.0,0.0,0.0,0.0,0.0,0.0,0.0,0.0,0.0,0.0,0.0,0.0,0.0,0.0,0.0,0.0,0.0,0.1,3019.7,3019.8,5204.9,5204.9,0.0,0.0,0.0,0.0,0.0,347.2,0.0,0.0,0.0,0.0,0.0,0.0,0.0,4857.8,0.0,0.0
2050-02-20 18:00:00,2050-02-20 16:00:00,1613.7,2431.9,0.0,1.8,4047.3,1562.8,-68.6,59.7,128.3,0.0315,0.0422,wind-ons,wind-ons,0.0,0.0,0.0,0.0,0.0,0.0,0.0,0.0,0.0,0.0,0.0,0.0,0.0,0.0,0.0,0.0,0.0,0.0,146.5,2.8,0.28,17.3,1104.4,0.06,146.6,50.2,196.9,0.0,0.0,0.0,0.0,0.0,0.0,0.0,0.0,0.0,0.03,0.0,0.0,0.03,0.03,0.0,0.0,0.03,0.0,0.0,0.0,4115.9,4115.9,0.0,0.0,0.0,0.0,0.0,173.7,0.0,0.0,0.0,0.0,0.0,0.0,0.0,3942.0,0.3,0.0
2050-02-20 19:00:00,2050-02-20 17:00:00,1711.6,0.0,0.0,6.1,1717.7,1656.4,1538.9,0.0,936.8,0.0322,0.0448,battery,gas-cc,0.0,0.0,0.0,0.0,0.0,0.0,0.0,0.0,0.0,0.0,0.0,0.0,0.0,0.0,0.0,0.0,0.0,0.0,145.5,2.7,0.28,17.2,1096.5,0.06,145.7,49.9,195.6,382.1,7.2,0.72,45.1,2883.1,0.17,382.5,131.1,513.6,30.31,0.0,0.0,30.31,31.73,0.0,0.0,31.73,0.0,0.0,0.0,2654.5,178.7,2475.7,0.0,0.0,0.0,0.0,7.5,0.0,0.0,0.0,0.0,0.0,0.0,0.0,170.7,0.5,0.0
2050-02-20 20:00:00,2050-02-20 18:00:00,1871.6,0.0,0.0,8.7,1880.3,1808.9,1874.6,0.0,1336.6,0.0335,0.0489,battery,gas-cc,0.0,0.0,0.0,0.0,0.0,0.0,0.0,0.0,0.0,0.0,0.0,0.0,0.0,0.0,0.0,0.0,0.0,0.0,145.8,2.8,0.28,17.2,1098.7,0.06,146.0,50.0,196.0,383.7,7.2,0.72,45.3,2895.8,0.17,384.2,131.7,515.8,30.31,0.0,0.0,30.31,31.87,0.0,0.0,31.87,0.0,0.0,0.0,3216.8,5.6,3211.2,0.0,0.0,0.0,0.0,0.0,0.0,0.0,0.0,0.0,0.0,0.0,0.0,0.0,5.6,0.0
2050-02-20 21:00:00,2050-02-20 19:00:00,1907.4,0.0,0.0,0.9,1908.3,1842.9,1903.2,0.0,139.0,0.0338,0.0499,battery,gas-cc,0.0,0.0,0.0,0.0,0.0,0.0,0.0,0.0,0.0,0.0,0.0,0.0,0.0,0.0,0.0,0.0,0.0,0.0,146.6,2.8,0.28,17.3,1104.4,0.06,146.7,50.2,197.0,384.1,7.2,0.72,45.4,2898.6,0.17,384.5,131.8,516.3,30.31,0.0,0.0,30.31,31.9,0.0,0.0,31.9,0.0,0.0,0.0,2047.3,5.0,2042.2,0.0,0.0,0.0,0.0,0.0,0.0,0.0,0.0,0.0,0.0,0.0,0.0,0.0,5.0,0.0
2050-02-20 22:00:00,2050-02-20 20:00:00,1827.4,0.0,0.0,2.7,1830.1,1766.8,1820.1,0.0,417.0,0.0331,0.0478,hydro,gas-cc,0.0,0.0,0.0,0.0,0.0,0.0,0.0,0.0,0.0,0.0,0.0,0.0,0.0,0.0,0.0,0.0,0.0,0.0,146.3,2.8,0.28,17.3,1102.2,0.06,146.4,50.1,196.6,366.1,6.9,0.69,43.3,2762.9,0.16,366.5,125.6,492.2,30.31,0.0,0.0,30.31,31.83,0.0,0.0,31.83,0.0,0.0,0.0,2247.0,10.0,2237.1,0.0,0.0,0.0,0.0,0.0,0.0,0.0,0.0,0.0,0.0,0.0,0.0,0.0,10.0,0.0
2050-02-20 23:00:00,2050-02-20 21:00:00,1747.4,0.0,0.0,3.2,1750.6,1690.6,1742.7,0.0,494.4,0.0325,0.0457,hydro,gas-cc,0.0,0.0,0.0,0.0,0.0,0.0,0.0,0.0,0.0,0.0,0.0,0.0,0.0,0.0,0.0,0.0,0.0,0.0,146.2,2.8,0.28,17.3,1101.5,0.06,146.3,50.1,196.5,362.6,6.8,0.68,42.8,2736.1,0.16,363.0,124.4,487.4,30.31,0.0,0.0,30.31,31.76,0.0,0.0,31.76,0.0,0.0,0.0,2244.9,7.9,2237.1,0.0,0.0,0.0,0.0,0.0,0.0,0.0,0.0,0.0,0.0,0.0,0.0,0.0,7.9,0.0
2050-02-21 00:00:00,2050-02-20 22:00:00,1626.3,0.0,0.0,0.0,1626.3,1574.9,1619.2,0.0,0.0,0.0316,0.0425,battery,gas-cc,0.0,0.0,0.0,0.0,0.0,0.0,0.0,0.0,0.0,0.0,0.0,0.0,0.0,0.0,0.0,0.0,0.0,0.0,215.4,4.1,0.41,25.5,1624.9,0.09,215.7,73.9,289.6,372.4,7.0,0.7,44.0,2810.0,0.16,372.8,127.8,500.6,32.1,0.0,0.0,32.1,33.52,0.0,0.0,33.52,0.0,0.0,0.0,1626.3,7.1,1619.2,0.0,0.0,0.0,0.0,0.0,0.0,0.0,0.0,0.0,0.0,0.0,0.0,0.0,7.1,0.0
2050-02-21 01:00:00,2050-02-20 23:00:00,1484.2,0.0,0.0,0.0,1484.2,1438.5,1478.3,0.0,0.0,0.0308,0.0388,battery,gas-cc,0.0,0.0,0.0,0.0,0.0,0.0,0.0,0.0,0.0,0.0,0.0,0.0,0.0,0.0,0.0,0.0,0.0,0.0,144.5,2.7,0.27,17.1,1088.8,0.06,144.6,49.5,194.2,370.9,7.0,0.7,43.8,2799.2,0.16,371.3,127.3,498.6,32.1,0.0,0.0,32.1,33.39,0.0,0.0,33.39,0.0,0.0,0.0,1484.2,5.9,1478.3,0.0,0.0,0.0,0.0,0.0,0.0,0.0,0.0,0.0,0.0,0.0,0.0,0.0,5.9,0.0
2050-02-21 02:00:00,2050-02-21 00:00:00,1363.2,0.0,0.0,1.1,1364.2,1322.0,1358.3,0.0,163.7,0.0302,0.0356,battery,gas-cc,0.0,0.0,0.0,0.0,0.0,0.0,0.0,0.0,0.0,0.0,0.0,0.0,0.0,0.0,0.0,0.0,0.0,0.0,228.7,4.3,0.43,27.0,1725.3,0.1,229.0,78.5,307.4,368.7,6.9,0.69,43.6,2782.5,0.16,369.1,126.5,495.6,32.1,0.0,0.0,32.1,33.28,0.0,0.0,33.28,0.0,0.0,0.0,1527.9,5.9,1522.0,0.0,0.0,0.0,0.0,0.0,0.0,0.0,0.0,0.0,0.0,0.0,0.0,0.0,5.9,0.0
2050-02-21 03:00:00,2050-02-21 01:00:00,1298.9,0.0,0.0,0.2,1299.2,1260.0,1295.4,0.0,33.9,0.03,0.034,battery,gas-cc,0.0,0.0,0.0,0.0,0.0,0.0,0.0,0.0,0.0,0.0,0.0,0.0,0.0,0.0,0.0,0.0,0.0,0.0,179.9,3.4,0.34,21.3,1356.0,0.08,180.1,61.7,241.7,368.1,6.9,0.69,43.5,2777.7,0.16,368.5,126.3,494.8,32.1,0.0,0.0,32.1,33.22,0.0,0.0,33.22,0.0,0.0,0.0,1333.0,3.8,1329.3,0.0,0.0,0.0,0.0,0.0,0.0,0.0,0.0,0.0,0.0,0.0,0.0,0.0,3.8,0.0
2050-02-21 04:00:00,2050-02-21 02:00:00,1254.7,0.0,0.0,0.0,1254.7,1217.3,1251.8,0.0,0.0,0.0298,0.0328,battery,gas-cc,0.0,0.0,0.0,0.0,0.0,0.0,0.0,0.0,0.0,0.0,0.0,0.0,0.0,0.0,0.0,0.0,0.0,0.0,150.7,2.8,0.29,17.8,1135.7,0.07,150.9,51.7,202.6,368.6,6.9,0.69,43.5,2781.8,0.16,369.0,126.5,495.5,32.1,0.0,0.0,32.1,33.18,0.0,0.0,33.18,0.0,0.0,0.0,1254.7,2.9,1251.8,0.0,0.0,0.0,0.0,0.0,0.0,0.0,0.0,0.0,0.0,0.0,0.0,0.0,2.9,0.0
2050-02-21 05:00:00,2050-02-21 03:00:00,1245.3,0.0,0.0,6.4,1251.7,1208.1,1246.1,0.0,991.0,0.0298,0.0326,battery,gas-cc,0.0,0.0,0.0,0.0,0.0,0.0,0.0,0.0,0.0,0.0,0.0,0.0,0.0,0.0,0.0,0.0,0.0,0.0,163.3,3.1,0.31,19.3,1231.0,0.07,163.5,56.0,219.5,367.6,6.9,0.69,43.4,2773.6,0.16,367.9,126.1,494.1,32.1,0.0,0.0,32.1,33.18,0.0,0.0,33.18,0.0,0.0,0.0,2242.7,5.6,2237.1,0.0,0.0,0.0,0.0,0.0,0.0,0.0,0.0,0.0,0.0,0.0,0.0,0.0,5.6,0.0
2050-02-21 06:00:00,2050-02-21 04:00:00,1270.5,0.0,0.0,4.5,1275.1,1232.6,1260.3,0.0,698.8,0.0299,0.0332,battery,gas-cc,0.0,0.0,0.0,0.0,0.0,0.0,0.0,0.0,0.0,0.0,0.0,0.0,0.0,0.0,0.0,0.0,0.0,0.0,243.0,4.6,0.46,28.7,1833.1,0.11,243.3,83.4,326.6,367.8,6.9,0.69,43.4,2775.5,0.16,368.2,126.2,494.4,32.1,0.0,0.0,32.1,33.2,0.0,0.0,33.2,0.0,0.0,0.0,1973.9,14.8,1959.1,0.0,0.0,0.0,0.0,0.0,0.0,0.0,0.0,0.0,0.0,0.0,0.0,0.0,14.8,0.0
2050-02-21 07:00:00,2050-02-21 05:00:00,1373.7,0.0,0.0,0.0,1373.7,1332.2,1357.5,0.0,0.0,0.0302,0.0359,battery,gas-cc,0.0,0.0,0.0,0.0,0.0,0.0,0.0,0.0,0.0,0.0,0.0,0.0,0.0,0.0,0.0,0.0,0.0,0.0,183.3,3.5,0.35,21.7,1381.7,0.08,183.5,62.9,246.3,369.8,7.0,0.7,43.7,2790.8,0.16,370.2,126.9,497.1,32.1,0.0,0.0,32.1,33.29,0.0,0.0,33.29,0.0,0.0,0.0,1373.7,16.2,1357.5,0.0,0.0,0.0,0.0,0.0,0.0,0.0,0.0,0.0,0.0,0.0,0.0,0.0,16.2,0.0
2050-02-21 08:00:00,2050-02-21 06:00:00,1551.6,0.0,0.0,0.0,1551.6,1503.2,1533.9,0.0,0.0,0.0312,0.0406,battery,gas-cc,0.0,0.0,0.0,0.0,0.0,0.0,0.0,0.0,0.0,0.0,0.0,0.0,0.0,0.0,0.0,0.0,0.0,0.0,149.3,2.8,0.28,17.6,1124.9,0.07,149.4,51.2,200.6,371.6,7.0,0.7,43.9,2804.3,0.16,372.0,127.5,499.5,32.1,0.0,0.0,32.1,33.45,0.0,0.0,33.45,0.0,0.0,0.0,1551.6,17.7,1533.9,0.0,0.0,0.0,0.0,0.0,0.0,0.0,0.0,0.0,0.0,0.0,0.0,0.0,17.7,0.0
2050-02-21 09:00:00,2050-02-21 07:00:00,1690.5,1609.5,0.0,14.7,3314.7,1636.3,-1380.2,259.8,1640.0,0.0321,0.0442,upv,upv,0.0,0.0,0.0,0.0,0.0,0.0,0.0,0.0,0.0,0.0,0.0,0.0,0.0,0.0,0.0,0.0,0.0,0.0,140.8,2.7,0.27,16.6,1061.7,0.06,141.0,48.3,189.3,0.0,0.0,0.0,0.0,0.0,0.0,0.0,0.0,0.0,0.03,0.0,0.0,0.03,0.03,0.0,0.0,0.03,0.0,0.0,0.0,4694.8,4694.8,0.0,0.0,0.0,0.0,0.0,197.4,0.0,0.0,0.0,0.0,0.0,0.0,0.0,4478.3,19.1,0.0
2050-02-21 10:00:00,2050-02-21 08:00:00,1775.8,2431.9,0.0,0.0,4207.7,1717.7,0.0,0.0,0.0,0.0327,0.0464,upv,upv,0.0,0.0,0.0,0.0,0.0,0.0,0.0,0.0,0.0,0.0,0.0,0.0,0.0,0.0,0.0,0.0,0.0,0.0,140.1,2.6,0.27,16.5,1055.9,0.06,140.2,48.0,188.2,0.0,0.0,0.0,0.0,0.0,0.0,0.0,0.0,0.0,0.0,0.0,0.0,0.0,0.0,0.0,0.0,0.0,14.5,5440.4,5454.9,4207.7,4207.7,0.0,0.0,0.0,0.0,0.0,0.0,0.0,0.0,0.0,0.0,0.0,0.0,0.0,4207.7,0.0,0.0
2050-02-21 11:00:00,2050-02-21 09:00:00,1740.0,3854.9,0.0,0.0,5594.9,1683.6,0.0,0.0,0.0,0.0324,0.0455,upv,upv,0.0,0.0,0.0,0.0,0.0,0.0,0.0,0.0,0.0,0.0,0.0,0.0,0.0,0.0,0.0,0.0,0.0,0.0,140.0,2.6,0.27,16.5,1055.6,0.06,140.2,48.0,188.2,0.0,0.0,0.0,0.0,0.0,0.0,0.0,0.0,0.0,0.0,0.0,0.0,0.0,0.0,0.0,0.0,0.0,7.9,4579.7,4587.6,5594.9,5594.9,0.0,0.0,0.0,0.0,0.0,429.5,0.0,0.0,0.0,0.0,0.0,0.0,0.0,5165.4,0.0,0.0
2050-02-21 12:00:00,2050-02-21 10:00:00,1647.4,4019.6,0.0,0.0,5666.9,1595.0,0.0,0.0,0.0,0.0318,0.0431,upv,upv,0.0,0.0,0.0,0.0,0.0,0.0,0.0,0.0,0.0,0.0,0.0,0.0,0.0,0.0,0.0,0.0,0.0,0.0,139.9,2.6,0.26,16.5,1054.9,0.06,140.1,48.0,188.1,0.0,0.0,0.0,0.0,0.0,0.0,0.0,0.0,0.0,0.0,0.0,0.0,0.0,0.0,0.0,0.0,0.0,3.6,4035.4,4039.0,5666.9,5666.9,0.0,0.0,0.0,0.0,0.0,409.6,0.0,0.0,0.0,0.0,0.0,0.0,0.0,5257.3,0.0,0.0
2050-02-21 13:00:00,2050-02-21 11:00:00,1569.5,3600.8,0.0,0.0,5170.3,1520.4,0.0,0.0,0.0,0.0313,0.041,upv,upv,0.0,0.0,0.0,0.0,0.0,0.0,0.0,0.0,0.0,0.0,0.0,0.0,0.0,0.0,0.0,0.0,0.0,0.0,139.9,2.6,0.26,16.5,1054.3,0.06,140.0,48.0,188.0,0.0,0.0,0.0,0.0,0.0,0.0,0.0,0.0,0.0,0.0,0.0,0.0,0.0,0.0,0.0,0.0,0.0,0.8,4106.8,4107.6,5170.3,5170.3,0.0,0.0,0.0,0.0,0.0,0.0,0.0,0.0,0.0,0.0,0.0,0.0,0.0,5170.3,0.0,0.0
2050-02-21 14:00:00,2050-02-21 12:00:00,1541.1,2850.6,0.0,0.0,4391.7,1493.1,0.0,0.0,0.0,0.0311,0.0403,upv,upv,0.0,0.0,0.0,0.0,0.0,0.0,0.0,0.0,0.0,0.0,0.0,0.0,0.0,0.0,0.0,0.0,0.0,0.0,139.8,2.6,0.26,16.5,1054.2,0.06,140.0,48.0,187.9,0.0,0.0,0.0,0.0,0.0,0.0,0.0,0.0,0.0,0.0,0.0,0.0,0.0,0.0,0.0,0.0,0.0,0.0,4770.6,4770.6,4391.7,4391.7,0.0,0.0,0.0,0.0,0.0,386.5,0.0,0.0,0.0,0.0,0.0,0.0,0.0,4005.2,0.0,0.0
2050-02-21 15:00:00,2050-02-21 13:00:00,1535.8,3915.8,0.0,0.0,5451.6,1488.1,0.0,0.0,0.0,0.0311,0.0402,upv,upv,0.0,0.0,0.0,0.0,0.0,0.0,0.0,0.0,0.0,0.0,0.0,0.0,0.0,0.0,0.0,0.0,0.0,0.0,139.8,2.6,0.26,16.5,1054.1,0.06,140.0,47.9,187.9,0.0,0.0,0.0,0.0,0.0,0.0,0.0,0.0,0.0,0.0,0.0,0.0,0.0,0.0,0.0,0.0,0.0,0.0,3967.0,3967.0,5451.6,5451.6,0.0,0.0,0.0,0.0,0.0,0.0,0.0,0.0,0.0,0.0,0.0,0.0,0.0,5451.6,0.0,0.0
2050-02-21 16:00:00,2050-02-21 14:00:00,1528.4,4019.6,0.0,0.0,5548.0,1481.0,0.0,0.0,0.0,0.031,0.04,upv,upv,0.0,0.0,0.0,0.0,0.0,0.0,0.0,0.0,0.0,0.0,0.0,0.0,0.0,0.0,0.0,0.0,0.0,0.0,139.8,2.6,0.26,16.5,1054.1,0.06,140.0,47.9,187.9,0.0,0.0,0.0,0.0,0.0,0.0,0.0,0.0,0.0,0.0,0.0,0.0,0.0,0.0,0.0,0.0,0.0,0.0,4194.5,4194.5,5548.0,5548.0,0.0,0.0,0.0,0.0,0.0,0.0,0.0,0.0,0.0,0.0,0.0,0.0,0.0,5548.0,0.0,0.0
2050-02-21 17:00:00,2050-02-21 15:00:00,1567.4,2431.9,0.0,0.0,3999.3,1518.4,0.0,0.0,0.0,0.0313,0.041,upv,upv,0.0,0.0,0.0,0.0,0.0,0.0,0.0,0.0,0.0,0.0,0.0,0.0,0.0,0.0,0.0,0.0,0.0,0.0,139.9,2.6,0.26,16.5,1054.3,0.06,140.0,48.0,188.0,0.0,0.0,0.0,0.0,0.0,0.0,0.0,0.0,0.0,0.0,0.0,0.0,0.0,0.0,0.0,0.0,0.0,0.1,5547.6,5547.6,3999.3,3999.3,0.0,0.0,0.0,0.0,0.0,402.8,0.0,0.0,0.0,0.0,0.0,0.0,0.0,3596.5,0.0,0.0
2050-02-21 18:00:00,2050-02-21 16:00:00,1631.6,2431.9,0.0,0.0,4063.5,1579.9,0.0,0.0,0.0,0.0317,0.0427,upv,upv,0.0,0.0,0.0,0.0,0.0,0.0,0.0,0.0,0.0,0.0,0.0,0.0,0.0,0.0,0.0,0.0,0.0,0.0,139.9,2.6,0.26,16.5,1054.8,0.06,140.1,48.0,188.0,0.0,0.0,0.0,0.0,0.0,0.0,0.0,0.0,0.0,0.0,0.0,0.0,0.0,0.0,0.0,0.0,0.0,2.9,2572.2,2575.1,4063.5,4063.5,0.0,0.0,0.0,0.0,0.0,280.0,0.0,0.0,0.0,0.0,0.0,0.0,0.0,3783.4,0.0,0.0
2050-02-21 19:00:00,2050-02-21 17:00:00,1736.8,0.0,0.0,1.2,1738.1,1680.5,998.1,0.0,190.8,0.0324,0.0454,battery,gas-cc,0.0,0.0,0.0,0.0,0.0,0.0,0.0,0.0,0.0,0.0,0.0,0.0,0.0,0.0,0.0,0.0,0.0,0.0,164.0,3.1,0.31,19.4,1236.0,0.07,164.1,56.2,220.4,368.5,6.9,0.69,43.5,2781.0,0.16,368.9,126.5,495.4,24.78,0.0,0.0,24.78,25.96,0.0,0.0,25.96,0.0,0.0,0.0,1928.9,740.0,1188.9,0.0,0.0,0.0,0.0,30.6,0.0,0.0,0.0,0.0,0.0,0.0,0.0,694.7,14.7,0.0
2050-02-21 20:00:00,2050-02-21 18:00:00,1900.0,0.0,0.0,8.8,1908.8,1835.9,1863.5,0.0,1347.7,0.0337,0.0497,battery,gas-cc,0.0,0.0,0.0,0.0,0.0,0.0,0.0,0.0,0.0,0.0,0.0,0.0,0.0,0.0,0.0,0.0,0.0,0.0,145.9,2.8,0.28,17.2,1099.3,0.06,146.1,50.0,196.1,333.2,6.3,0.63,39.4,2514.1,0.14,333.5,114.3,447.8,24.78,0.0,0.0,24.78,26.07,0.0,0.0,26.07,0.0,0.0,0.0,3256.4,45.2,3211.2,0.0,0.0,0.0,0.0,0.0,0.0,0.0,0.0,0.0,0.0,0.0,0.0,0.0,45.2,0.0
2050-02-21 21:00:00,2050-02-21 19:00:00,1930.5,0.0,0.0,10.7,1941.2,1864.9,1905.0,0.0,1640.0,0.034,0.0505,battery,gas-cc,0.0,0.0,0.0,0.0,0.0,0.0,0.0,0.0,0.0,0.0,0.0,0.0,0.0,0.0,0.0,0.0,0.0,0.0,145.7,2.8,0.28,17.2,1097.9,0.06,145.9,50.0,195.8,333.4,6.3,0.63,39.4,2516.2,0.14,333.8,114.4,448.2,24.78,0.0,0.0,24.78,26.09,0.0,0.0,26.09,0.0,0.0,0.0,3581.2,36.2,3544.9,0.0,0.0,0.0,0.0,0.0,0.0,0.0,0.0,0.0,0.0,0.0,0.0,0.0,36.2,0.0
2050-02-21 22:00:00,2050-02-21 20:00:00,1832.6,0.0,0.0,10.4,1843.0,1771.9,1810.2,0.0,1595.8,0.0332,0.0479,battery,gas-cc,0.0,0.0,0.0,0.0,0.0,0.0,0.0,0.0,0.0,0.0,0.0,0.0,0.0,0.0,0.0,0.0,0.0,0.0,146.0,2.8,0.28,17.3,1100.4,0.06,146.2,50.1,196.3,369.5,7.0,0.7,43.6,2788.3,0.16,369.9,126.8,496.7,24.78,0.0,0.0,24.78,26.02,0.0,0.0,26.02,0.0,0.0,0.0,3438.8,32.8,3406.0,0.0,0.0,0.0,0.0,0.0,0.0,0.0,0.0,0.0,0.0,0.0,0.0,0.0,32.8,0.0
2050-02-21 23:00:00,2050-02-21 21:00:00,1740.0,0.0,0.0,9.7,1749.7,1683.6,1723.2,0.0,1488.0,0.0324,0.0455,battery,gas-cc,0.0,0.0,0.0,0.0,0.0,0.0,0.0,0.0,0.0,0.0,0.0,0.0,0.0,0.0,0.0,0.0,0.0,0.0,145.6,2.8,0.28,17.2,1097.4,0.06,145.8,49.9,195.7,331.7,6.3,0.63,39.2,2503.1,0.14,332.1,113.8,445.9,24.78,0.0,0.0,24.78,25.96,0.0,0.0,25.96,0.0,0.0,0.0,3237.7,26.5,3211.2,0.0,0.0,0.0,0.0,0.0,0.0,0.0,0.0,0.0,0.0,0.0,0.0,0.0,26.5,0.0
2050-02-22 00:00:00,2050-02-21 22:00:00,1608.4,0.0,0.0,0.0,1608.4,1557.7,1591.5,0.0,0.0,0.0315,0.0421,battery,gas-cc,0.0,0.0,0.0,0.0,0.0,0.0,0.0,0.0,0.0,0.0,0.0,0.0,0.0,0.0,0.0,0.0,0.0,0.0,228.2,4.3,0.43,27.0,1721.2,0.1,228.4,78.3,306.7,330.5,6.2,0.62,39.0,2494.1,0.14,330.9,113.4,444.3,26.76,0.0,0.0,26.76,27.94,0.0,0.0,27.94,0.0,0.0,0.0,1608.4,17.0,1591.5,0.0,0.0,0.0,0.0,0.0,0.0,0.0,0.0,0.0,0.0,0.0,0.0,0.0,17.0,0.0
2050-02-22 01:00:00,2050-02-21 23:00:00,1469.5,0.0,0.0,0.0,1469.5,1424.4,1454.4,0.0,0.0,0.0307,0.0384,battery,gas-cc,0.0,0.0,0.0,0.0,0.0,0.0,0.0,0.0,0.0,0.0,0.0,0.0,0.0,0.0,0.0,0.0,0.0,0.0,144.3,2.7,0.27,17.0,1087.3,0.06,144.4,49.5,193.9,329.3,6.2,0.62,38.9,2484.7,0.14,329.6,113.0,442.6,26.76,0.0,0.0,26.76,27.83,0.0,0.0,27.83,0.0,0.0,0.0,1469.5,15.1,1454.4,0.0,0.0,0.0,0.0,0.0,0.0,0.0,0.0,0.0,0.0,0.0,0.0,0.0,15.1,0.0
2050-02-22 02:00:00,2050-02-22 00:00:00,1343.2,0.0,0.0,0.0,1343.2,1302.7,1330.7,0.0,0.0,0.0301,0.0351,battery,gas-cc,0.0,0.0,0.0,0.0,0.0,0.0,0.0,0.0,0.0,0.0,0.0,0.0,0.0,0.0,0.0,0.0,0.0,0.0,234.3,4.4,0.44,27.7,1767.3,0.1,234.6,80.4,314.9,328.1,6.2,0.62,38.8,2476.2,0.14,328.5,112.6,441.1,26.76,0.0,0.0,26.76,27.74,0.0,0.0,27.74,0.0,0.0,0.0,1343.2,12.5,1330.7,0.0,0.0,0.0,0.0,0.0,0.0,0.0,0.0,0.0,0.0,0.0,0.0,0.0,12.5,0.0
2050-02-22 03:00:00,2050-02-22 01:00:00,1270.5,0.0,0.0,0.0,1270.5,1232.6,1257.0,0.0,0.0,0.0299,0.0332,battery,gas-cc,0.0,0.0,0.0,0.0,0.0,0.0,0.0,0.0,0.0,0.0,0.0,0.0,0.0,0.0,0.0,0.0,0.0,0.0,135.4,2.6,0.26,16.0,1020.4,0.06,135.6,46.4,182.0,327.5,6.2,0.62,38.7,2471.3,0.14,327.8,112.4,440.2,26.76,0.0,0.0,26.76,27.68,0.0,0.0,27.68,0.0,0.0,0.0,1270.5,13.6,1257.0,0.0,0.0,0.0,0.0,0.0,0.0,0.0,0.0,0.0,0.0,0.0,0.0,0.0,13.6,0.0
2050-02-22 04:00:00,2050-02-22 02:00:00,1231.6,0.0,0.0,0.0,1231.6,1194.9,1219.3,0.0,0.0,0.0298,0.0322,battery,gas-cc,0.0,0.0,0.0,0.0,0.0,0.0,0.0,0.0,0.0,0.0,0.0,0.0,0.0,0.0,0.0,0.0,0.0,0.0,177.4,3.3,0.34,21.0,1337.4,0.08,177.6,60.8,238.4,327.1,6.2,0.62,38.6,2468.7,0.14,327.5,112.3,439.7,26.76,0.0,0.0,26.76,27.65,0.0,0.0,27.65,0.0,0.0,0.0,1231.6,12.3,1219.3,0.0,0.0,0.0,0.0,0.0,0.0,0.0,0.0,0.0,0.0,0.0,0.0,0.0,12.3,0.0
2050-02-22 05:00:00,2050-02-22 03:00:00,1216.8,0.0,0.0,2.5,1219.4,1180.6,1208.3,162.6,0.0,0.0298,0.0318,battery,gas-cc,0.0,0.0,0.0,0.0,0.0,0.0,0.0,0.0,0.0,0.0,0.0,0.0,0.0,0.0,0.0,0.0,0.0,0.0,154.7,2.9,0.29,18.3,1165.8,0.07,154.9,53.0,207.9,371.0,7.0,0.7,43.8,2799.6,0.16,371.4,127.3,498.7,26.76,0.0,0.0,26.76,27.64,0.0,0.0,27.64,0.0,0.0,0.0,1056.7,11.0,1045.7,0.0,0.0,0.0,0.0,0.0,0.0,0.0,0.0,0.0,0.0,0.0,0.0,0.0,11.0,0.0
2050-02-22 06:00:00,2050-02-22 04:00:00,1240.0,0.0,0.0,0.0,1240.0,1203.0,1230.2,0.0,0.0,0.0298,0.0324,battery,gas-cc,0.0,0.0,0.0,0.0,0.0,0.0,0.0,0.0,0.0,0.0,0.0,0.0,0.0,0.0,0.0,0.0,0.0,0.0,144.3,2.7,0.27,17.1,1087.5,0.06,144.5,49.5,194.0,327.2,6.2,0.62,38.7,2469.3,0.14,327.6,112.3,439.8,26.76,0.0,0.0,26.76,27.66,0.0,0.0,27.66,0.0,0.0,0.0,1240.0,9.8,1230.2,0.0,0.0,0.0,0.0,0.0,0.0,0.0,0.0,0.0,0.0,0.0,0.0,0.0,9.8,0.0
2050-02-22 07:00:00,2050-02-22 05:00:00,1306.3,0.0,0.0,0.0,1306.3,1267.1,1298.2,0.0,0.0,0.03,0.0342,battery,gas-cc,0.0,0.0,0.0,0.0,0.0,0.0,0.0,0.0,0.0,0.0,0.0,0.0,0.0,0.0,0.0,0.0,0.0,0.0,155.1,2.9,0.29,18.3,1169.1,0.07,155.3,53.2,208.4,327.8,6.2,0.62,38.7,2473.7,0.14,328.2,112.5,440.6,26.76,0.0,0.0,26.76,27.71,0.0,0.0,27.71,0.0,0.0,0.0,1306.3,8.1,1298.2,0.0,0.0,0.0,0.0,0.0,0.0,0.0,0.0,0.0,0.0,0.0,0.0,0.0,8.1,0.0
2050-02-22 08:00:00,2050-02-22 06:00:00,1510.5,0.0,0.0,0.0,1510.5,1463.8,1502.4,0.0,0.0,0.0309,0.0395,battery,gas-cc,0.0,0.0,0.0,0.0,0.0,0.0,0.0,0.0,0.0,0.0,0.0,0.0,0.0,0.0,0.0,0.0,0.0,0.0,145.3,2.7,0.28,17.2,1095.1,0.06,145.5,49.8,195.3,329.6,6.2,0.62,38.9,2487.4,0.14,330.0,113.1,443.1,26.76,0.0,0.0,26.76,27.86,0.0,0.0,27.86,0.0,0.0,0.0,1510.5,8.1,1502.4,0.0,0.0,0.0,0.0,0.0,0.0,0.0,0.0,0.0,0.0,0.0,0.0,0.0,8.1,0.0
2050-02-22 09:00:00,2050-02-22 07:00:00,1647.4,1620.7,0.0,10.7,3278.7,1595.0,-1640.0,0.0,1640.0,0.0318,0.0431,battery,upv,0.0,0.0,0.0,0.0,0.0,0.0,0.0,0.0,0.0,0.0,0.0,0.0,0.0,0.0,0.0,0.0,0.0,0.0,139.9,2.6,0.26,16.5,1054.9,0.06,140.1,48.0,188.1,0.0,0.0,0.0,0.0,0.0,0.0,0.0,0.0,0.0,0.0,0.0,0.0,0.0,0.0,0.0,0.0,0.0,0.0,0.0,0.0,4918.6,4918.6,0.0,0.0,0.0,0.0,0.0,207.3,0.0,0.0,0.0,0.0,0.0,0.0,0.0,4704.5,6.8,0.0
2050-02-22 10:00:00,2050-02-22 08:00:00,1729.5,3469.1,0.0,0.0,5198.5,1673.5,0.0,0.0,0.0,0.0324,0.0452,upv,upv,0.0,0.0,0.0,0.0,0.0,0.0,0.0,0.0,0.0,0.0,0.0,0.0,0.0,0.0,0.0,0.0,0.0,0.0,140.1,2.6,0.27,16.5,1055.9,0.06,140.2,48.0,188.2,0.0,0.0,0.0,0.0,0.0,0.0,0.0,0.0,0.0,0.0,0.0,0.0,0.0,0.0,0.0,0.0,0.0,4.6,4672.2,4676.8,5198.5,5198.5,0.0,0.0,0.0,0.0,0.0,416.5,0.0,0.0,0.0,0.0,0.0,0.0,0.0,4782.1,0.0,0.0
2050-02-22 11:00:00,2050-02-22 09:00:00,1698.9,3373.1,0.0,0.0,5072.0,1644.3,0.0,0.0,0.0,0.0321,0.0444,upv,upv,0.0,0.0,0.0,0.0,0.0,0.0,0.0,0.0,0.0,0.0,0.0,0.0,0.0,0.0,0.0,0.0,0.0,0.0,140.0,2.6,0.26,16.5,1055.3,0.06,140.1,48.0,188.1,0.0,0.0,0.0,0.0,0.0,0.0,0.0,0.0,0.0,0.0,0.0,0.0,0.0,0.0,0.0,0.0,0.0,2.0,5149.5,5151.5,5072.0,5072.0,0.0,0.0,0.0,0.0,0.0,431.3,0.0,0.0,0.0,0.0,0.0,0.0,0.0,4640.8,0.0,0.0
2050-02-22 12:00:00,2050-02-22 10:00:00,1613.7,3808.6,0.0,0.0,5422.3,1562.8,0.0,0.0,0.0,0.0315,0.0422,upv,upv,0.0,0.0,0.0,0.0,0.0,0.0,0.0,0.0,0.0,0.0,0.0,0.0,0.0,0.0,0.0,0.0,0.0,0.0,139.9,2.6,0.26,16.5,1054.7,0.06,140.0,48.0,188.0,0.0,0.0,0.0,0.0,0.0,0.0,0.0,0.0,0.0,0.0,0.0,0.0,0.0,0.0,0.0,0.0,0.0,0.6,4219.3,4219.9,5422.3,5422.3,0.0,0.0,0.0,0.0,0.0,407.1,0.0,0.0,0.0,0.0,0.0,0.0,0.0,5015.2,0.0,0.0
2050-02-22 13:00:00,2050-02-22 11:00:00,1546.3,3045.5,0.0,0.0,4591.8,1498.2,0.0,0.0,0.0,0.0311,0.0404,upv,upv,0.0,0.0,0.0,0.0,0.0,0.0,0.0,0.0,0.0,0.0,0.0,0.0,0.0,0.0,0.0,0.0,0.0,0.0,139.8,2.6,0.26,16.5,1054.2,0.06,140.0,48.0,187.9,0.0,0.0,0.0,0.0,0.0,0.0,0.0,0.0,0.0,0.0,0.0,0.0,0.0,0.0,0.0,0.0,0.0,0.0,4658.4,4658.4,4591.8,4591.8,0.0,0.0,0.0,0.0,0.0,390.5,0.0,0.0,0.0,0.0,0.0,0.0,0.0,4201.3,0.0,0.0
2050-02-22 14:00:00,2050-02-22 12:00:00,1528.4,3597.0,0.0,0.0,5125.4,1481.0,0.0,0.0,0.0,0.031,0.04,upv,upv,0.0,0.0,0.0,0.0,0.0,0.0,0.0,0.0,0.0,0.0,0.0,0.0,0.0,0.0,0.0,0.0,0.0,0.0,139.8,2.6,0.26,16.5,1054.1,0.06,140.0,47.9,187.9,0.0,0.0,0.0,0.0,0.0,0.0,0.0,0.0,0.0,0.0,0.0,0.0,0.0,0.0,0.0,0.0,0.0,0.0,4050.5,4050.5,5125.4,5125.4,0.0,0.0,0.0,0.0,0.0,387.2,0.0,0.0,0.0,0.0,0.0,0.0,0.0,4738.2,0.0,0.0
2050-02-22 15:00:00,2050-02-22 13:00:00,1521.1,3629.9,0.0,0.0,5151.0,1473.9,0.0,0.0,0.0,0.031,0.0398,upv,upv,0.0,0.0,0.0,0.0,0.0,0.0,0.0,0.0,0.0,0.0,0.0,0.0,0.0,0.0,0.0,0.0,0.0,0.0,139.8,2.6,0.26,16.5,1054.0,0.06,140.0,47.9,187.9,0.0,0.0,0.0,0.0,0.0,0.0,0.0,0.0,0.0,0.0,0.0,0.0,0.0,0.0,0.0,0.0,0.0,3.5,4375.7,4379.3,5151.0,5151.0,0.0,0.0,0.0,0.0,0.0,402.0,0.0,0.0,0.0,0.0,0.0,0.0,0.0,4748.9,0.0,0.0
2050-02-22 16:00:00,2050-02-22 14:00:00,1521.1,2817.7,0.0,0.0,4338.7,1473.9,0.0,0.0,0.0,0.031,0.0398,upv,upv,0.0,0.0,0.0,0.0,0.0,0.0,0.0,0.0,0.0,0.0,0.0,0.0,0.0,0.0,0.0,0.0,0.0,0.0,139.8,2.6,0.26,16.5,1054.0,0.06,140.0,47.9,187.9,0.0,0.0,0.0,0.0,0.0,0.0,0.0,0.0,0.0,0.0,0.0,0.0,0.0,0.0,0.0,0.0,0.0,9.4,5532.0,5541.4,4338.7,4338.7,0.0,0.0,0.0,0.0,0.0,416.5,0.0,0.0,0.0,0.0,0.0,0.0,0.0,3922.3,0.0,0.0
2050-02-22 17:00:00,2050-02-22 15:00:00,1562.1,2788.6,0.0,0.0,4350.7,1513.3,0.0,0.0,0.0,0.0312,0.0409,upv,upv,0.0,0.0,0.0,0.0,0.0,0.0,0.0,0.0,0.0,0.0,0.0,0.0,0.0,0.0,0.0,0.0,0.0,0.0,139.8,2.6,0.26,16.5,1054.3,0.06,140.0,48.0,188.0,0.0,0.0,0.0,0.0,0.0,0.0,0.0,0.0,0.0,0.0,0.0,0.0,0.0,0.0,0.0,0.0,0.0,0.0,5409.1,5409.1,4350.7,4350.7,0.0,0.0,0.0,0.0,0.0,411.1,0.0,0.0,0.0,0.0,0.0,0.0,0.0,3922.4,17.3,0.0
2050-02-22 18:00:00,2050-02-22 16:00:00,1644.2,3016.4,0.0,0.0,4660.6,1592.0,0.0,0.0,0.0,0.0318,0.043,upv,upv,0.0,0.0,0.0,0.0,0.0,0.0,0.0,0.0,0.0,0.0,0.0,0.0,0.0,0.0,0.0,0.0,0.0,0.0,139.9,2.6,0.26,16.5,1054.9,0.06,140.1,48.0,188.1,0.0,0.0,0.0,0.0,0.0,0.0,0.0,0.0,0.0,0.0,0.0,0.0,0.0,0.0,0.0,0.0,0.0,0.0,2100.0,2100.0,4660.6,4660.6,0.0,0.0,0.0,0.0,0.0,284.2,0.0,0.0,0.0,0.0,0.0,0.0,0.0,4349.3,27.1,0.0
2050-02-22 19:00:00,2050-02-22 17:00:00,1742.1,0.0,0.0,16.9,1759.0,1685.6,943.9,445.3,1543.7,0.0325,0.0456,battery,hydro,0.0,0.0,0.0,0.0,0.0,0.0,0.0,0.0,0.0,0.0,0.0,0.0,0.0,0.0,0.0,0.0,0.0,0.0,141.5,2.7,0.27,16.7,1066.6,0.06,141.7,48.5,190.2,0.0,0.0,0.0,0.0,0.0,0.0,0.0,0.0,0.0,6.84,0.0,0.0,6.84,7.17,0.0,0.0,7.17,0.0,0.0,0.0,2857.4,815.1,2042.2,0.0,0.0,0.0,0.0,32.6,0.0,0.0,0.0,0.0,0.0,0.0,0.0,739.9,42.6,0.0
2050-02-22 20:00:00,2050-02-22 18:00:00,1886.3,0.0,0.0,17.3,1903.7,1822.9,1856.6,445.3,1605.1,0.0336,0.0493,battery,hydro,0.0,0.0,0.0,0.0,0.0,0.0,0.0,0.0,0.0,0.0,0.0,0.0,0.0,0.0,0.0,0.0,0.0,0.0,145.7,2.8,0.28,17.2,1098.1,0.06,145.9,50.0,195.8,0.0,0.0,0.0,0.0,0.0,0.0,0.0,0.0,0.0,6.84,0.0,0.0,6.84,7.2,0.0,0.0,7.2,0.0,0.0,0.0,3063.4,47.0,3016.4,0.0,0.0,0.0,0.0,0.0,0.0,0.0,0.0,0.0,0.0,0.0,0.0,0.0,47.0,0.0
2050-02-22 21:00:00,2050-02-22 19:00:00,1917.9,0.0,0.0,17.5,1935.4,1852.9,1895.4,445.3,1625.2,0.0339,0.0502,battery,hydro,0.0,0.0,0.0,0.0,0.0,0.0,0.0,0.0,0.0,0.0,0.0,0.0,0.0,0.0,0.0,0.0,0.0,0.0,145.7,2.8,0.28,17.2,1097.8,0.06,145.9,49.9,195.8,0.0,0.0,0.0,0.0,0.0,0.0,0.0,0.0,0.0,6.84,0.0,0.0,6.84,7.21,0.0,0.0,7.21,0.0,0.0,0.0,3115.3,39.9,3075.4,0.0,0.0,0.0,0.0,0.0,0.0,0.0,0.0,0.0,0.0,0.0,0.0,0.0,39.9,0.0
2050-02-22 22:00:00,2050-02-22 20:00:00,1825.3,0.0,0.0,17.6,1842.8,1764.8,1806.2,445.3,1640.0,0.0331,0.0477,battery,hydro,0.0,0.0,0.0,0.0,0.0,0.0,0.0,0.0,0.0,0.0,0.0,0.0,0.0,0.0,0.0,0.0,0.0,0.0,146.1,2.8,0.28,17.3,1101.1,0.06,146.3,50.1,196.4,0.0,0.0,0.0,0.0,0.0,0.0,0.0,0.0,0.0,6.84,0.0,0.0,6.84,7.19,0.0,0.0,7.19,0.0,0.0,0.0,3037.5,36.6,3000.8,0.0,0.0,0.0,0.0,0.0,0.0,0.0,0.0,0.0,0.0,0.0,0.0,0.0,36.6,0.0
2050-02-22 23:00:00,2050-02-22 21:00:00,1718.9,0.0,0.0,14.5,1733.4,1663.5,1697.4,445.3,1164.3,0.0323,0.045,battery,hydro,0.0,0.0,0.0,0.0,0.0,0.0,0.0,0.0,0.0,0.0,0.0,0.0,0.0,0.0,0.0,0.0,0.0,0.0,145.9,2.8,0.28,17.2,1099.3,0.06,146.0,50.0,196.1,0.0,0.0,0.0,0.0,0.0,0.0,0.0,0.0,0.0,6.84,0.0,0.0,6.84,7.17,0.0,0.0,7.17,0.0,0.0,0.0,2452.5,36.0,2416.5,0.0,0.0,0.0,0.0,0.0,0.0,0.0,0.0,0.0,0.0,0.0,0.0,0.0,36.0,0.0
2050-02-23 00:00:00,2050-02-22 22:00:00,1590.5,0.0,0.0,12.4,1603.0,1540.6,1570.2,445.3,852.5,0.0314,0.0416,battery,hydro,0.0,0.0,0.0,0.0,0.0,0.0,0.0,0.0,0.0,0.0,0.0,0.0,0.0,0.0,0.0,0.0,0.0,0.0,146.1,2.8,0.28,17.3,1100.6,0.06,146.2,50.1,196.3,0.0,0.0,0.0,0.0,0.0,0.0,0.0,0.0,0.0,6.87,0.0,0.0,6.87,7.17,0.0,0.0,7.17,0.0,0.0,0.0,2010.1,32.8,1977.3,0.0,0.0,0.0,0.0,0.0,0.0,0.0,0.0,0.0,0.0,0.0,0.0,0.0,32.8,0.0
2050-02-23 01:00:00,2050-02-22 23:00:00,1446.3,0.0,0.0,9.4,1455.7,1402.1,1430.9,445.3,378.2,0.0306,0.0378,battery,hydro,0.0,0.0,0.0,0.0,0.0,0.0,0.0,0.0,0.0,0.0,0.0,0.0,0.0,0.0,0.0,0.0,0.0,0.0,145.9,2.8,0.28,17.2,1099.7,0.06,146.1,50.0,196.1,0.0,0.0,0.0,0.0,0.0,0.0,0.0,0.0,0.0,6.87,0.0,0.0,6.87,7.14,0.0,0.0,7.14,0.0,0.0,0.0,1388.5,24.8,1363.8,0.0,0.0,0.0,0.0,0.0,0.0,0.0,0.0,0.0,0.0,0.0,0.0,0.0,24.8,0.0
2050-02-23 02:00:00,2050-02-23 00:00:00,1309.5,0.0,0.0,16.8,1326.2,1270.2,1309.2,445.3,1516.5,0.03,0.0342,battery,hydro,0.0,0.0,0.0,0.0,0.0,0.0,0.0,0.0,0.0,0.0,0.0,0.0,0.0,0.0,0.0,0.0,0.0,0.0,145.9,2.8,0.28,17.2,1099.2,0.06,146.0,50.0,196.1,0.0,0.0,0.0,0.0,0.0,0.0,0.0,0.0,0.0,6.87,0.0,0.0,6.87,7.11,0.0,0.0,7.11,0.0,0.0,0.0,2397.4,17.1,2380.3,0.0,0.0,0.0,0.0,0.0,0.0,0.0,0.0,0.0,0.0,0.0,0.0,0.0,17.1,0.0
2050-02-23 03:00:00,2050-02-23 01:00:00,1245.3,0.0,0.0,8.8,1254.1,1208.1,1237.5,445.3,291.2,0.0298,0.0326,battery,hydro,0.0,0.0,0.0,0.0,0.0,0.0,0.0,0.0,0.0,0.0,0.0,0.0,0.0,0.0,0.0,0.0,0.0,0.0,144.7,2.7,0.27,17.1,1090.2,0.06,144.8,49.6,194.4,0.0,0.0,0.0,0.0,0.0,0.0,0.0,0.0,0.0,6.87,0.0,0.0,6.87,7.1,0.0,0.0,7.1,0.0,0.0,0.0,1100.0,16.5,1083.4,0.0,0.0,0.0,0.0,0.0,0.0,0.0,0.0,0.0,0.0,0.0,0.0,0.0,16.5,0.0
2050-02-23 04:00:00,2050-02-23 02:00:00,1201.1,0.0,0.0,11.7,1212.7,1165.3,1196.1,445.3,736.1,0.0297,0.0314,battery,hydro,0.0,0.0,0.0,0.0,0.0,0.0,0.0,0.0,0.0,0.0,0.0,0.0,0.0,0.0,0.0,0.0,0.0,0.0,192.3,3.6,0.36,22.7,1449.9,0.08,192.5,65.9,258.4,0.0,0.0,0.0,0.0,0.0,0.0,0.0,0.0,0.0,6.87,0.0,0.0,6.87,7.09,0.0,0.0,7.09,0.0,0.0,0.0,1503.5,16.7,1486.9,0.0,0.0,0.0,0.0,0.0,0.0,0.0,0.0,0.0,0.0,0.0,0.0,0.0,16.7,0.0
2050-02-23 05:00:00,2050-02-23 03:00:00,1183.2,0.0,0.0,7.2,1190.4,1148.0,1172.8,445.3,51.8,0.0297,0.0309,battery,hydro,0.0,0.0,0.0,0.0,0.0,0.0,0.0,0.0,0.0,0.0,0.0,0.0,0.0,0.0,0.0,0.0,0.0,0.0,145.0,2.7,0.28,17.1,1092.5,0.06,145.1,49.7,194.9,0.0,0.0,0.0,0.0,0.0,0.0,0.0,0.0,0.0,6.87,0.0,0.0,6.87,7.09,0.0,0.0,7.09,0.0,0.0,0.0,796.9,17.6,779.3,0.0,0.0,0.0,0.0,0.0,0.0,0.0,0.0,0.0,0.0,0.0,0.0,0.0,17.6,0.0
2050-02-23 06:00:00,2050-02-23 04:00:00,1198.9,0.0,0.0,7.4,1206.4,1163.3,1187.3,445.3,82.2,0.0297,0.0314,battery,hydro,0.0,0.0,0.0,0.0,0.0,0.0,0.0,0.0,0.0,0.0,0.0,0.0,0.0,0.0,0.0,0.0,0.0,0.0,145.1,2.7,0.28,17.1,1093.6,0.06,145.3,49.8,195.0,0.0,0.0,0.0,0.0,0.0,0.0,0.0,0.0,0.0,6.87,0.0,0.0,6.87,7.09,0.0,0.0,7.09,0.0,0.0,0.0,843.3,19.1,824.2,0.0,0.0,0.0,0.0,0.0,0.0,0.0,0.0,0.0,0.0,0.0,0.0,0.0,19.1,0.0
2050-02-23 07:00:00,2050-02-23 05:00:00,1286.3,0.0,0.0,12.3,1298.6,1247.8,1276.1,445.3,829.8,0.0299,0.0336,battery,hydro,0.0,0.0,0.0,0.0,0.0,0.0,0.0,0.0,0.0,0.0,0.0,0.0,0.0,0.0,0.0,0.0,0.0,0.0,150.1,2.8,0.28,17.7,1131.4,0.07,150.3,51.5,201.8,0.0,0.0,0.0,0.0,0.0,0.0,0.0,0.0,0.0,6.87,0.0,0.0,6.87,7.11,0.0,0.0,7.11,0.0,0.0,0.0,1683.1,22.5,1660.6,0.0,0.0,0.0,0.0,0.0,0.0,0.0,0.0,0.0,0.0,0.0,0.0,0.0,22.5,0.0
2050-02-23 08:00:00,2050-02-23 06:00:00,1464.2,0.0,0.0,9.4,1473.6,1419.3,1452.6,445.3,377.1,0.0307,0.0383,battery,hydro,0.0,0.0,0.0,0.0,0.0,0.0,0.0,0.0,0.0,0.0,0.0,0.0,0.0,0.0,0.0,0.0,0.0,0.0,173.6,3.3,0.33,20.5,1308.9,0.08,173.8,59.5,233.4,0.0,0.0,0.0,0.0,0.0,0.0,0.0,0.0,0.0,6.87,0.0,0.0,6.87,7.14,0.0,0.0,7.14,0.0,0.0,0.0,1405.3,21.0,1384.4,0.0,0.0,0.0,0.0,0.0,0.0,0.0,0.0,0.0,0.0,0.0,0.0,0.0,21.0,0.0
2050-02-23 09:00:00,2050-02-23 07:00:00,1597.9,1609.5,0.0,10.3,3217.6,1547.6,-1579.7,0.0,1579.7,0.0314,0.0418,wind-ons,wind-ons,0.0,0.0,0.0,0.0,0.0,0.0,0.0,0.0,0.0,0.0,0.0,0.0,0.0,0.0,0.0,0.0,0.0,0.0,139.9,2.6,0.26,16.5,1054.5,0.06,140.0,48.0,188.0,0.0,0.0,0.0,0.0,0.0,0.0,0.0,0.0,0.0,0.0,0.0,0.0,0.0,0.0,0.0,0.0,0.0,0.0,0.0,0.0,4797.3,4797.3,0.0,0.0,0.0,0.0,0.0,201.6,0.0,0.0,0.0,0.0,0.0,0.0,0.0,4575.3,20.5,0.0
2050-02-23 10:00:00,2050-02-23 08:00:00,1688.4,4019.6,0.0,0.0,5708.0,1634.3,0.0,0.0,0.0,0.0321,0.0442,upv,upv,0.0,0.0,0.0,0.0,0.0,0.0,0.0,0.0,0.0,0.0,0.0,0.0,0.0,0.0,0.0,0.0,0.0,0.0,140.0,2.6,0.26,16.5,1055.2,0.06,140.1,48.0,188.1,0.0,0.0,0.0,0.0,0.0,0.0,0.0,0.0,0.0,0.0,0.0,0.0,0.0,0.0,0.0,0.0,0.0,0.0,3748.7,3748.7,5708.0,5708.0,0.0,0.0,0.0,0.0,0.0,398.4,0.0,0.0,0.0,0.0,0.0,0.0,0.0,5292.0,17.6,0.0
2050-02-23 11:00:00,2050-02-23 09:00:00,1649.5,3629.9,0.0,0.0,5279.4,1597.0,0.0,0.0,0.0,0.0318,0.0431,upv,upv,0.0,0.0,0.0,0.0,0.0,0.0,0.0,0.0,0.0,0.0,0.0,0.0,0.0,0.0,0.0,0.0,0.0,0.0,139.9,2.6,0.26,16.5,1054.9,0.06,140.1,48.0,188.1,0.0,0.0,0.0,0.0,0.0,0.0,0.0,0.0,0.0,0.0,0.0,0.0,0.0,0.0,0.0,0.0,0.0,21.7,4625.1,4646.8,5279.4,5279.4,0.0,0.0,0.0,0.0,0.0,417.9,0.0,0.0,0.0,0.0,0.0,0.0,0.0,4861.5,0.0,0.0
2050-02-23 12:00:00,2050-02-23 10:00:00,1580.0,3045.5,0.0,0.0,4625.5,1530.5,0.0,0.0,0.0,0.0313,0.0413,upv,upv,0.0,0.0,0.0,0.0,0.0,0.0,0.0,0.0,0.0,0.0,0.0,0.0,0.0,0.0,0.0,0.0,0.0,0.0,139.9,2.6,0.26,16.5,1054.4,0.06,140.0,48.0,188.0,0.0,0.0,0.0,0.0,0.0,0.0,0.0,0.0,0.0,0.0,0.0,0.0,0.0,0.0,0.0,0.0,0.0,43.4,4888.0,4931.3,4625.5,4625.5,0.0,0.0,0.0,0.0,0.0,401.7,0.0,0.0,0.0,0.0,0.0,0.0,0.0,4223.8,0.0,0.0
2050-02-23 13:00:00,2050-02-23 11:00:00,1533.7,3340.1,0.0,0.0,4873.8,1486.1,0.0,0.0,0.0,0.031,0.0401,upv,upv,0.0,0.0,0.0,0.0,0.0,0.0,0.0,0.0,0.0,0.0,0.0,0.0,0.0,0.0,0.0,0.0,0.0,0.0,139.8,2.6,0.26,16.5,1054.1,0.06,140.0,47.9,187.9,0.0,0.0,0.0,0.0,0.0,0.0,0.0,0.0,0.0,0.0,0.0,0.0,0.0,0.0,0.0,0.0,0.0,0.0,4491.9,4491.9,4873.8,4873.8,0.0,0.0,0.0,0.0,0.0,391.9,0.0,0.0,0.0,0.0,0.0,0.0,0.0,4406.6,75.3,0.0
2050-02-23 14:00:00,2050-02-23 12:00:00,1517.9,3629.9,0.0,0.0,5147.8,1470.9,0.0,0.0,0.0,0.031,0.0397,upv,upv,0.0,0.0,0.0,0.0,0.0,0.0,0.0,0.0,0.0,0.0,0.0,0.0,0.0,0.0,0.0,0.0,0.0,0.0,139.8,2.6,0.26,16.5,1054.0,0.06,140.0,47.9,187.9,0.0,0.0,0.0,0.0,0.0,0.0,0.0,0.0,0.0,0.0,0.0,0.0,0.0,0.0,0.0,0.0,0.0,109.2,4075.5,4184.6,5147.8,5147.8,0.0,0.0,0.0,0.0,0.0,389.4,0.0,0.0,0.0,0.0,0.0,0.0,0.0,4758.4,0.0,0.0
2050-02-23 15:00:00,2050-02-23 13:00:00,1535.8,3016.4,0.0,0.0,4552.2,1488.1,0.0,0.0,0.0,0.0311,0.0402,upv,upv,0.0,0.0,0.0,0.0,0.0,0.0,0.0,0.0,0.0,0.0,0.0,0.0,0.0,0.0,0.0,0.0,0.0,0.0,139.8,2.6,0.26,16.5,1054.1,0.06,140.0,47.9,187.9,0.0,0.0,0.0,0.0,0.0,0.0,0.0,0.0,0.0,0.0,0.0,0.0,0.0,0.0,0.0,0.0,0.0,0.0,5177.5,5177.5,4552.2,4552.2,0.0,0.0,0.0,0.0,0.0,405.3,0.0,0.0,0.0,0.0,0.0,0.0,0.0,4018.2,128.6,0.0
2050-02-23 16:00:00,2050-02-23 14:00:00,1533.7,3178.2,0.0,0.0,4711.9,1486.1,-0.0,0.0,0.0,0.031,0.0401,upv,upv,0.0,0.0,0.0,0.0,0.0,0.0,0.0,0.0,0.0,0.0,0.0,0.0,0.0,0.0,0.0,0.0,0.0,0.0,139.8,2.6,0.26,16.5,1054.1,0.06,140.0,47.9,187.9,0.0,0.0,0.0,0.0,0.0,0.0,0.0,0.0,0.0,0.0,0.0,0.0,0.0,0.0,0.0,0.0,0.0,127.6,5186.1,5313.7,4711.9,4711.9,0.0,0.0,0.0,0.0,0.0,417.9,0.0,0.0,0.0,0.0,0.0,0.0,0.0,4294.0,0.0,0.0
2050-02-23 17:00:00,2050-02-23 15:00:00,1580.0,2779.8,0.0,0.0,4359.8,1530.5,0.0,0.0,0.0,0.0313,0.0413,upv,upv,0.0,0.0,0.0,0.0,0.0,0.0,0.0,0.0,0.0,0.0,0.0,0.0,0.0,0.0,0.0,0.0,0.0,0.0,139.9,2.6,0.26,16.5,1054.4,0.06,140.0,48.0,188.0,0.0,0.0,0.0,0.0,0.0,0.0,0.0,0.0,0.0,0.0,0.0,0.0,0.0,0.0,0.0,0.0,0.0,127.1,3831.1,3958.2,4359.8,4359.8,0.0,0.0,0.0,0.0,0.0,345.7,0.0,0.0,0.0,0.0,0.0,0.0,0.0,4014.1,0.0,0.0
2050-02-23 18:00:00,2050-02-23 16:00:00,1660.0,2917.5,0.0,0.0,4577.5,1607.1,0.0,0.0,0.0,0.0319,0.0434,upv,upv,0.0,0.0,0.0,0.0,0.0,0.0,0.0,0.0,0.0,0.0,0.0,0.0,0.0,0.0,0.0,0.0,0.0,0.0,139.9,2.6,0.26,16.5,1055.0,0.06,140.1,48.0,188.1,0.0,0.0,0.0,0.0,0.0,0.0,0.0,0.0,0.0,0.0,0.0,0.0,0.0,0.0,0.0,0.0,0.0,137.5,1606.0,1743.5,4577.5,4577.5,0.0,0.0,0.0,0.0,0.0,260.9,0.0,0.0,0.0,0.0,0.0,0.0,0.0,4316.6,0.0,0.0
2050-02-23 19:00:00,2050-02-23 17:00:00,1745.3,0.0,0.0,11.1,1756.4,1688.6,775.0,445.3,644.5,0.0325,0.0456,battery,hydro,0.0,0.0,0.0,0.0,0.0,0.0,0.0,0.0,0.0,0.0,0.0,0.0,0.0,0.0,0.0,0.0,0.0,0.0,144.8,2.7,0.27,17.1,1091.1,0.06,145.0,49.6,194.6,0.0,0.0,0.0,0.0,0.0,0.0,0.0,0.0,0.0,6.45,0.0,0.0,6.45,6.76,0.0,0.0,6.76,0.0,0.0,0.0,1955.5,981.4,974.1,0.0,0.0,0.0,0.0,34.9,0.0,0.0,0.0,0.0,0.0,0.0,0.0,791.6,154.9,0.0
2050-02-23 20:00:00,2050-02-23 18:00:00,1886.3,0.0,0.0,10.0,1896.3,1822.9,1754.9,445.3,472.9,0.0336,0.0493,battery,hydro,0.0,0.0,0.0,0.0,0.0,0.0,0.0,0.0,0.0,0.0,0.0,0.0,0.0,0.0,0.0,0.0,0.0,0.0,144.9,2.7,0.27,17.1,1092.1,0.06,145.1,49.7,194.8,0.0,0.0,0.0,0.0,0.0,0.0,0.0,0.0,0.0,6.45,0.0,0.0,6.45,6.79,0.0,0.0,6.79,0.0,0.0,0.0,1923.9,141.4,1782.5,0.0,0.0,0.0,0.0,0.0,0.0,0.0,0.0,0.0,0.0,0.0,0.0,0.0,141.4,0.0
2050-02-23 21:00:00,2050-02-23 19:00:00,1935.8,0.0,0.0,17.6,1953.4,1869.9,1857.0,445.3,1640.0,0.034,0.0506,battery,hydro,0.0,0.0,0.0,0.0,0.0,0.0,0.0,0.0,0.0,0.0,0.0,0.0,0.0,0.0,0.0,0.0,0.0,0.0,144.5,2.7,0.27,17.1,1089.1,0.06,144.7,49.5,194.2,0.0,0.0,0.0,0.0,0.0,0.0,0.0,0.0,0.0,6.45,0.0,0.0,6.45,6.79,0.0,0.0,6.79,0.0,0.0,0.0,3148.0,96.3,3051.7,0.0,0.0,0.0,0.0,0.0,0.0,0.0,0.0,0.0,0.0,0.0,0.0,0.0,96.3,0.0
2050-02-23 22:00:00,2050-02-23 20:00:00,1837.9,0.0,0.0,13.4,1851.3,1776.9,1784.7,445.3,998.4,0.0332,0.0481,battery,hydro,0.0,0.0,0.0,0.0,0.0,0.0,0.0,0.0,0.0,0.0,0.0,0.0,0.0,0.0,0.0,0.0,0.0,0.0,144.1,2.7,0.27,17.0,1086.3,0.06,144.3,49.4,193.7,0.0,0.0,0.0,0.0,0.0,0.0,0.0,0.0,0.0,6.45,0.0,0.0,6.45,6.78,0.0,0.0,6.78,0.0,0.0,0.0,2404.4,66.5,2337.9,0.0,0.0,0.0,0.0,0.0,0.0,0.0,0.0,0.0,0.0,0.0,0.0,0.0,66.5,0.0
2050-02-23 23:00:00,2050-02-23 21:00:00,1729.5,0.0,0.0,14.0,1743.5,1673.5,1689.4,445.3,1093.8,0.0324,0.0452,battery,hydro,0.0,0.0,0.0,0.0,0.0,0.0,0.0,0.0,0.0,0.0,0.0,0.0,0.0,0.1,0.0,0.0,0.0,0.0,143.2,2.7,0.27,16.9,1079.0,0.06,143.3,49.1,192.4,0.0,0.0,0.0,0.0,0.0,0.0,0.0,0.0,0.0,6.45,0.0,0.0,6.45,6.76,0.0,0.0,6.76,0.0,0.0,0.0,2392.0,54.1,2337.9,0.0,0.0,0.0,0.0,0.0,0.0,0.0,0.0,0.0,0.0,0.0,0.0,0.0,54.1,0.0
2050-02-24 00:00:00,2050-02-23 22:00:00,1603.2,0.0,0.0,4.2,1607.4,1552.7,1577.2,197.1,178.4,0.0315,0.0419,gas-cc,gas-cc,0.0,0.0,0.0,0.0,0.0,0.0,0.0,0.0,0.0,0.0,0.0,0.0,0.0,0.0,0.0,0.0,0.0,0.0,165.4,3.1,0.31,19.5,1246.9,0.07,165.6,56.7,222.3,367.2,6.9,0.69,43.4,2770.8,0.16,367.6,126.0,493.6,26.22,0.0,0.0,26.22,27.36,0.0,0.0,27.36,0.0,0.0,0.0,1588.8,30.2,1558.6,0.0,0.0,0.0,0.0,0.0,0.0,0.0,0.0,0.0,0.0,0.0,0.0,0.0,30.2,0.0
2050-02-24 01:00:00,2050-02-23 23:00:00,1451.6,0.0,0.0,1.4,1453.0,1407.2,1437.9,0.0,214.7,0.0306,0.038,gas-cc,gas-cc,0.0,0.0,0.0,0.0,0.0,0.0,0.0,0.0,0.0,0.0,0.0,0.0,0.0,0.0,0.0,0.0,0.0,0.0,145.3,2.7,0.28,17.2,1094.5,0.06,145.4,49.8,195.2,365.7,6.9,0.69,43.2,2759.4,0.16,366.1,125.5,491.5,26.22,0.0,0.0,26.22,27.25,0.0,0.0,27.25,0.0,0.0,0.0,1667.6,15.0,1652.6,0.0,0.0,0.0,0.0,0.0,0.0,0.0,0.0,0.0,0.0,0.0,0.0,0.0,15.0,0.0
2050-02-24 02:00:00,2050-02-24 00:00:00,1329.5,0.0,0.0,6.6,1336.0,1289.5,1319.8,0.0,1008.0,0.0301,0.0348,battery,gas-cc,0.0,0.0,0.0,0.0,0.0,0.0,0.0,0.0,0.0,0.0,0.0,0.0,0.0,0.0,0.0,0.0,0.0,0.0,145.2,2.7,0.28,17.2,1094.3,0.06,145.4,49.8,195.2,364.5,6.9,0.69,43.1,2750.3,0.16,364.9,125.1,489.9,26.22,0.0,0.0,26.22,27.16,0.0,0.0,27.16,0.0,0.0,0.0,2344.0,16.2,2327.8,0.0,0.0,0.0,0.0,0.0,0.0,0.0,0.0,0.0,0.0,0.0,0.0,0.0,16.2,0.0
2050-02-24 03:00:00,2050-02-24 01:00:00,1245.3,0.0,0.0,6.5,1251.7,1208.1,1236.0,0.0,992.5,0.0298,0.0326,battery,gas-cc,0.0,0.0,0.0,0.0,0.0,0.0,0.0,0.0,0.0,0.0,0.0,0.0,0.0,0.0,0.0,0.0,0.0,0.0,171.0,3.2,0.32,20.2,1288.9,0.07,171.1,58.6,229.8,363.6,6.9,0.69,43.0,2744.0,0.16,364.0,124.8,488.8,26.22,0.0,0.0,26.22,27.1,0.0,0.0,27.1,0.0,0.0,0.0,2244.2,15.7,2228.5,0.0,0.0,0.0,0.0,0.0,0.0,0.0,0.0,0.0,0.0,0.0,0.0,0.0,15.7,0.0
2050-02-24 04:00:00,2050-02-24 02:00:00,1195.8,0.0,0.0,7.1,1202.9,1160.2,1191.6,0.0,1086.9,0.0297,0.0313,battery,gas-cc,0.0,0.0,0.0,0.0,0.0,0.0,0.0,0.0,0.0,0.0,0.0,0.0,0.0,0.0,0.0,0.0,0.0,0.0,166.0,3.1,0.31,19.6,1251.6,0.07,166.2,56.9,223.1,363.1,6.8,0.68,42.9,2740.3,0.16,363.5,124.6,488.1,26.22,0.0,0.0,26.22,27.06,0.0,0.0,27.06,0.0,0.0,0.0,2289.7,11.2,2278.5,0.0,0.0,0.0,0.0,0.0,0.0,0.0,0.0,0.0,0.0,0.0,0.0,0.0,11.2,0.0
2050-02-24 05:00:00,2050-02-24 03:00:00,1172.6,0.0,0.0,0.0,1172.6,1137.8,1161.9,0.0,0.0,0.0297,0.0307,battery,gas-cc,0.0,0.0,0.0,0.0,0.0,0.0,0.0,0.0,0.0,0.0,0.0,0.0,0.0,0.0,0.0,0.0,0.0,0.0,144.8,2.7,0.27,17.1,1091.3,0.06,145.0,49.7,194.6,330.6,6.2,0.62,39.0,2494.5,0.14,330.9,113.4,444.3,26.22,0.0,0.0,26.22,27.05,0.0,0.0,27.05,0.0,0.0,0.0,1172.6,10.7,1161.9,0.0,0.0,0.0,0.0,0.0,0.0,0.0,0.0,0.0,0.0,0.0,0.0,0.0,10.7,0.0
2050-02-24 06:00:00,2050-02-24 04:00:00,1180.0,0.0,0.0,0.0,1180.0,1144.9,1156.9,0.0,0.0,0.0297,0.0309,battery,gas-cc,0.0,0.0,0.0,0.0,0.0,0.0,0.0,0.0,0.0,0.0,0.0,0.0,0.0,0.0,0.0,0.0,0.0,0.0,145.7,2.8,0.28,17.2,1098.0,0.06,145.9,50.0,195.8,330.6,6.2,0.62,39.1,2495.0,0.14,331.0,113.4,444.4,26.22,0.0,0.0,26.22,27.05,0.0,0.0,27.05,0.0,0.0,0.0,1180.0,23.1,1156.9,0.0,0.0,0.0,0.0,0.0,0.0,0.0,0.0,0.0,0.0,0.0,0.0,0.0,23.1,0.0
2050-02-24 07:00:00,2050-02-24 05:00:00,1257.9,0.0,0.0,6.8,1264.7,1220.3,1228.9,0.0,1049.6,0.0299,0.0329,gas-cc,gas-cc,0.0,0.0,0.0,0.0,0.0,0.0,0.0,0.0,0.0,0.0,0.0,0.0,0.0,0.0,0.0,0.0,0.0,0.0,145.0,2.7,0.28,17.1,1092.5,0.06,145.1,49.7,194.9,363.8,6.9,0.69,43.0,2744.9,0.16,364.1,124.8,489.0,26.22,0.0,0.0,26.22,27.11,0.0,0.0,27.11,0.0,0.0,0.0,2314.3,35.9,2278.5,0.0,0.0,0.0,0.0,0.0,0.0,0.0,0.0,0.0,0.0,0.0,0.0,0.0,35.9,0.0
2050-02-24 08:00:00,2050-02-24 06:00:00,1414.7,0.0,0.0,0.0,1414.7,1371.7,1364.2,0.0,0.0,0.0304,0.037,battery,gas-cc,0.0,0.0,0.0,0.0,0.0,0.0,0.0,0.0,0.0,0.0,0.0,0.0,0.0,0.0,0.0,0.0,0.0,0.0,145.6,2.7,0.28,17.2,1096.9,0.06,145.7,49.9,195.6,332.7,6.3,0.63,39.3,2510.9,0.14,333.1,114.2,447.3,26.22,0.0,0.0,26.22,27.22,0.0,0.0,27.22,0.0,0.0,0.0,1414.7,50.5,1364.2,0.0,0.0,0.0,0.0,0.0,0.0,0.0,0.0,0.0,0.0,0.0,0.0,0.0,50.5,0.0
2050-02-24 09:00:00,2050-02-24 07:00:00,1553.7,1609.5,0.0,12.2,3175.3,1505.3,-1739.6,0.0,1739.6,0.0312,0.0406,distpv,distpv,0.0,0.0,0.0,0.0,0.0,0.0,0.0,0.0,0.0,0.0,0.0,0.0,0.0,0.0,0.0,0.0,0.0,0.0,140.0,2.6,0.26,16.5,1055.3,0.06,140.1,48.0,188.1,0.0,0.0,0.0,0.0,0.0,0.0,0.0,0.0,0.0,1.37,0.0,0.0,1.37,1.43,0.0,0.0,1.43,0.0,0.0,0.0,4915.0,4915.0,0.0,0.0,0.0,0.0,0.0,205.0,0.0,0.0,0.0,0.0,0.0,0.0,0.0,4652.8,57.2,0.0
2050-02-24 10:00:00,2050-02-24 08:00:00,1670.5,3795.7,0.0,0.0,5466.2,1617.2,0.0,0.0,0.0,0.0319,0.0437,upv,upv,0.0,0.0,0.0,0.0,0.0,0.0,0.0,0.0,0.0,0.0,0.0,0.0,0.0,0.0,0.0,0.0,0.0,0.0,140.0,2.6,0.26,16.5,1055.1,0.06,140.1,48.0,188.1,0.0,0.0,0.0,0.0,0.0,0.0,0.0,0.0,0.0,0.0,0.0,0.0,0.0,0.0,0.0,0.0,0.0,0.0,4105.6,4105.6,5466.2,5466.2,0.0,0.0,0.0,0.0,0.0,400.9,0.0,0.0,0.0,0.0,0.0,0.0,0.0,4993.3,72.0,0.0
2050-02-24 11:00:00,2050-02-24 09:00:00,1656.8,2617.9,0.0,0.0,4274.8,1604.1,0.0,0.0,0.0,0.0318,0.0433,upv,upv,0.0,0.0,0.0,0.0,0.0,0.0,0.0,0.0,0.0,0.0,0.0,0.0,0.0,0.0,0.0,0.0,0.0,0.0,139.9,2.6,0.26,16.5,1055.0,0.06,140.1,48.0,188.1,0.0,0.0,0.0,0.0,0.0,0.0,0.0,0.0,0.0,0.0,0.0,0.0,0.0,0.0,0.0,0.0,0.0,0.0,5794.2,5794.2,4274.8,4274.8,0.0,0.0,0.0,0.0,0.0,421.5,0.0,0.0,0.0,0.0,0.0,0.0,0.0,3769.9,83.4,0.0
2050-02-24 12:00:00,2050-02-24 10:00:00,1590.5,3986.6,0.0,0.0,5577.2,1540.6,-0.0,0.0,0.0,0.0314,0.0416,upv,upv,0.0,0.0,0.0,0.0,0.0,0.0,0.0,0.0,0.0,0.0,0.0,0.0,0.0,0.0,0.0,0.0,0.0,0.0,139.9,2.6,0.26,16.5,1054.5,0.06,140.0,48.0,188.0,0.0,0.0,0.0,0.0,0.0,0.0,0.0,0.0,0.0,0.0,0.0,0.0,0.0,0.0,0.0,0.0,0.0,0.0,4132.8,4132.8,5577.2,5577.2,0.0,0.0,0.0,0.0,0.0,406.7,0.0,0.0,0.0,0.0,0.0,0.0,0.0,5095.2,75.2,0.0
2050-02-24 13:00:00,2050-02-24 11:00:00,1541.1,2821.5,0.0,0.0,4362.6,1493.1,0.0,0.0,0.0,0.0311,0.0403,upv,upv,0.0,0.0,0.0,0.0,0.0,0.0,0.0,0.0,0.0,0.0,0.0,0.0,0.0,0.0,0.0,0.0,0.0,0.0,139.8,2.6,0.26,16.5,1054.2,0.06,140.0,48.0,187.9,0.0,0.0,0.0,0.0,0.0,0.0,0.0,0.0,0.0,0.0,0.0,0.0,0.0,0.0,0.0,0.0,0.0,0.0,5013.4,5013.4,4362.6,4362.6,0.0,0.0,0.0,0.0,0.0,393.4,0.0,0.0,0.0,0.0,0.0,0.0,0.0,3917.4,51.8,0.0
2050-02-24 14:00:00,2050-02-24 12:00:00,1538.9,3821.9,0.0,0.0,5360.9,1491.1,0.0,0.0,0.0,0.0311,0.0402,upv,upv,0.0,0.0,0.0,0.0,0.0,0.0,0.0,0.0,0.0,0.0,0.0,0.0,0.0,0.0,0.0,0.0,0.0,0.0,139.8,2.6,0.26,16.5,1054.1,0.06,140.0,48.0,187.9,0.0,0.0,0.0,0.0,0.0,0.0,0.0,0.0,0.0,0.0,0.0,0.0,0.0,0.0,0.0,0.0,0.0,0.0,3934.5,3934.5,5360.9,5360.9,0.0,0.0,0.0,0.0,0.0,391.2,0.0,0.0,0.0,0.0,0.0,0.0,0.0,4944.6,25.0,0.0
2050-02-24 15:00:00,2050-02-24 13:00:00,1558.9,4019.6,0.0,0.0,5578.5,1510.3,0.0,0.0,0.0,0.0312,0.0408,upv,upv,0.0,0.0,0.0,0.0,0.0,0.0,0.0,0.0,0.0,0.0,0.0,0.0,0.0,0.0,0.0,0.0,0.0,0.0,139.8,2.6,0.26,16.5,1054.3,0.06,140.0,48.0,188.0,0.0,0.0,0.0,0.0,0.0,0.0,0.0,0.0,0.0,0.0,0.0,0.0,0.0,0.0,0.0,0.0,0.0,12.5,4008.9,4021.3,5578.5,5578.5,0.0,0.0,0.0,0.0,0.0,404.6,0.0,0.0,0.0,0.0,0.0,0.0,0.0,5174.0,0.0,0.0
2050-02-24 16:00:00,2050-02-24 14:00:00,1558.9,3629.9,0.0,0.0,5188.9,1510.3,0.0,0.0,0.0,0.0312,0.0408,upv,upv,0.0,0.0,0.0,0.0,0.0,0.0,0.0,0.0,0.0,0.0,0.0,0.0,0.0,0.0,0.0,0.0,0.0,0.0,139.8,2.6,0.26,16.5,1054.3,0.06,140.0,48.0,188.0,0.0,0.0,0.0,0.0,0.0,0.0,0.0,0.0,0.0,0.0,0.0,0.0,0.0,0.0,0.0,0.0,0.0,6.2,4736.1,4742.3,5188.9,5188.9,0.0,0.0,0.0,0.0,0.0,419.0,0.0,0.0,0.0,0.0,0.0,0.0,0.0,4769.9,0.0,0.0
2050-02-24 17:00:00,2050-02-24 15:00:00,1624.2,2431.9,0.0,0.0,4056.1,1572.9,0.0,0.0,0.0,0.0316,0.0425,upv,upv,0.0,0.0,0.0,0.0,0.0,0.0,0.0,0.0,0.0,0.0,0.0,0.0,0.0,0.0,0.0,0.0,0.0,0.0,139.9,2.6,0.26,16.5,1054.7,0.06,140.1,48.0,188.0,0.0,0.0,0.0,0.0,0.0,0.0,0.0,0.0,0.0,0.0,0.0,0.0,0.0,0.0,0.0,0.0,0.0,6.9,5625.7,5632.6,4056.1,4056.1,0.0,0.0,0.0,0.0,0.0,408.5,0.0,0.0,0.0,0.0,0.0,0.0,0.0,3647.6,0.0,0.0
2050-02-24 18:00:00,2050-02-24 16:00:00,1670.5,2431.9,0.0,0.0,4102.4,1617.2,0.0,0.0,0.0,0.0319,0.0437,upv,upv,0.0,0.0,0.0,0.0,0.0,0.0,0.0,0.0,0.0,0.0,0.0,0.0,0.0,0.0,0.0,0.0,0.0,0.0,140.0,2.6,0.26,16.5,1055.1,0.06,140.1,48.0,188.1,0.0,0.0,0.0,0.0,0.0,0.0,0.0,0.0,0.0,0.0,0.0,0.0,0.0,0.0,0.0,0.0,0.0,9.5,2641.1,2650.6,4102.4,4102.4,0.0,0.0,0.0,0.0,0.0,284.6,0.0,0.0,0.0,0.0,0.0,0.0,0.0,3817.9,0.0,0.0
2050-02-24 19:00:00,2050-02-24 17:00:00,1768.4,0.0,0.0,10.7,1779.1,1710.7,854.5,0.0,1640.0,0.0327,0.0462,battery,gas-cc,0.0,0.0,0.0,0.0,0.0,0.0,0.0,0.0,0.0,0.0,0.0,0.0,0.0,0.0,0.0,0.0,0.0,0.0,140.1,2.6,0.27,16.5,1055.9,0.06,140.2,48.0,188.2,336.0,6.3,0.63,39.7,2535.3,0.15,336.3,115.3,451.6,15.58,0.0,0.0,15.58,16.33,0.0,0.0,16.33,0.0,0.0,0.0,3419.0,924.6,2494.4,0.0,0.0,0.0,0.0,37.7,0.0,0.0,0.0,0.0,0.0,0.0,0.0,854.6,32.3,0.0
2050-02-24 20:00:00,2050-02-24 18:00:00,1904.2,0.0,0.0,10.7,1914.9,1839.9,1848.2,0.0,1640.0,0.0338,0.0498,battery,gas-cc,0.0,0.0,0.0,0.0,0.0,0.0,0.0,0.0,0.0,0.0,0.0,0.0,0.0,0.0,0.0,0.0,0.0,0.0,145.7,2.8,0.28,17.2,1098.0,0.06,145.9,50.0,195.8,337.2,6.4,0.64,39.8,2544.7,0.15,337.6,115.7,453.3,15.58,0.0,0.0,15.58,16.39,0.0,0.0,16.39,0.0,0.0,0.0,3554.8,66.7,3488.2,0.0,0.0,0.0,0.0,0.0,0.0,0.0,0.0,0.0,0.0,0.0,0.0,0.0,66.7,0.0
2050-02-24 21:00:00,2050-02-24 19:00:00,1928.4,0.0,0.0,10.7,1939.1,1862.9,1867.5,0.0,1640.0,0.034,0.0504,battery,gas-cc,0.0,0.0,0.0,0.0,0.0,0.0,0.0,0.0,0.0,0.0,0.0,0.0,0.0,0.0,0.0,0.0,0.0,0.0,146.5,2.8,0.28,17.3,1103.7,0.06,146.6,50.2,196.9,337.4,6.4,0.64,39.9,2546.4,0.15,337.8,115.8,453.6,15.58,0.0,0.0,15.58,16.4,0.0,0.0,16.4,0.0,0.0,0.0,3579.0,71.6,3507.5,0.0,0.0,0.0,0.0,0.0,0.0,0.0,0.0,0.0,0.0,0.0,0.0,0.0,71.6,0.0
2050-02-24 22:00:00,2050-02-24 20:00:00,1816.8,0.0,0.0,4.7,1821.5,1756.8,1737.5,0.0,723.5,0.033,0.0475,battery,gas-cc,0.0,0.0,0.0,0.0,0.0,0.0,0.0,0.0,0.0,0.0,0.0,0.0,0.0,0.0,0.0,0.0,0.0,0.0,146.2,2.8,0.28,17.3,1101.4,0.06,146.3,50.1,196.4,374.3,7.1,0.71,44.2,2824.7,0.16,374.7,128.4,503.2,15.58,0.0,0.0,15.58,16.35,0.0,0.0,16.35,0.0,0.0,0.0,2545.1,84.1,2461.0,0.0,0.0,0.0,0.0,0.0,0.0,0.0,0.0,0.0,0.0,0.0,0.0,0.0,84.1,0.0
2050-02-24 23:00:00,2050-02-24 21:00:00,1711.6,0.0,0.0,10.7,1722.2,1656.4,1654.1,0.0,1640.0,0.0322,0.0448,battery,gas-cc,0.0,0.0,0.0,0.0,0.0,0.0,0.0,0.0,0.0,0.0,0.0,0.0,0.0,0.0,0.0,0.0,0.0,0.0,146.3,2.8,0.28,17.3,1102.3,0.06,146.5,50.2,196.6,335.4,6.3,0.63,39.6,2531.3,0.15,335.8,115.1,450.9,15.58,0.0,0.0,15.58,16.31,0.0,0.0,16.31,0.0,0.0,0.0,3362.2,68.1,3294.1,0.0,0.0,0.0,0.0,0.0,0.0,0.0,0.0,0.0,0.0,0.0,0.0,0.0,68.1,0.0
2050-02-25 00:00:00,2050-02-24 22:00:00,1605.3,0.0,0.0,3.8,1609.0,1554.7,1574.0,0.0,582.5,0.0315,0.042,gas-cc,gas-cc,0.0,0.0,0.0,0.0,0.0,0.0,0.0,0.0,0.0,0.0,0.0,0.0,0.0,0.0,0.0,0.0,0.0,0.0,145.5,2.7,0.28,17.2,1096.3,0.06,145.6,49.9,195.5,367.2,6.9,0.69,43.4,2771.0,0.16,367.6,126.0,493.6,26.22,0.0,0.0,26.22,27.36,0.0,0.0,27.36,0.0,0.0,0.0,2191.5,35.1,2156.5,0.0,0.0,0.0,0.0,0.0,0.0,0.0,0.0,0.0,0.0,0.0,0.0,0.0,35.1,0.0
2050-02-25 01:00:00,2050-02-24 23:00:00,1458.9,0.0,0.0,1.0,1460.0,1414.3,1432.1,0.0,156.9,0.0306,0.0382,gas-cc,gas-cc,0.0,0.0,0.0,0.0,0.0,0.0,0.0,0.0,0.0,0.0,0.0,0.0,0.0,0.0,0.0,0.0,0.0,0.0,164.4,3.1,0.31,19.4,1239.2,0.07,164.6,56.4,221.0,365.7,6.9,0.69,43.2,2760.0,0.16,366.1,125.5,491.6,26.22,0.0,0.0,26.22,27.26,0.0,0.0,27.26,0.0,0.0,0.0,1616.8,27.8,1589.0,0.0,0.0,0.0,0.0,0.0,0.0,0.0,0.0,0.0,0.0,0.0,0.0,0.0,27.8,0.0
2050-02-25 02:00:00,2050-02-25 00:00:00,1340.0,0.0,0.0,0.5,1340.5,1299.7,1313.9,0.0,69.9,0.0301,0.035,battery,gas-cc,0.0,0.0,0.0,0.0,0.0,0.0,0.0,0.0,0.0,0.0,0.0,0.0,0.0,0.0,0.0,0.0,0.0,0.0,153.9,2.9,0.29,18.2,1160.0,0.07,154.1,52.8,206.9,332.1,6.3,0.63,39.2,2505.8,0.14,332.4,113.9,446.4,26.22,0.0,0.0,26.22,27.17,0.0,0.0,27.17,0.0,0.0,0.0,1410.3,26.6,1383.7,0.0,0.0,0.0,0.0,0.0,0.0,0.0,0.0,0.0,0.0,0.0,0.0,0.0,26.6,0.0
2050-02-25 03:00:00,2050-02-25 01:00:00,1240.0,0.0,0.0,0.0,1240.0,1203.0,1223.7,0.0,0.0,0.0298,0.0324,battery,gas-cc,0.0,0.0,0.0,0.0,0.0,0.0,0.0,0.0,0.0,0.0,0.0,0.0,0.0,0.0,0.0,0.0,0.0,0.0,144.0,2.7,0.27,17.0,1085.2,0.06,144.2,49.4,193.5,331.2,6.2,0.62,39.1,2499.1,0.14,331.5,113.6,445.2,26.22,0.0,0.0,26.22,27.09,0.0,0.0,27.09,0.0,0.0,0.0,1240.0,16.3,1223.7,0.0,0.0,0.0,0.0,0.0,0.0,0.0,0.0,0.0,0.0,0.0,0.0,0.0,16.3,0.0
2050-02-25 04:00:00,2050-02-25 02:00:00,1183.2,0.0,0.0,0.0,1183.2,1148.0,1169.4,0.0,0.0,0.0297,0.0309,battery,gas-cc,0.0,0.0,0.0,0.0,0.0,0.0,0.0,0.0,0.0,0.0,0.0,0.0,0.0,0.0,0.0,0.0,0.0,0.0,143.6,2.7,0.27,17.0,1082.5,0.06,143.8,49.2,193.1,330.7,6.2,0.62,39.1,2495.2,0.14,331.0,113.5,444.5,26.22,0.0,0.0,26.22,27.05,0.0,0.0,27.05,0.0,0.0,0.0,1183.2,13.8,1169.4,0.0,0.0,0.0,0.0,0.0,0.0,0.0,0.0,0.0,0.0,0.0,0.0,0.0,13.8,0.0
2050-02-25 05:00:00,2050-02-25 03:00:00,1147.4,0.0,0.0,0.0,1147.4,1113.3,1135.6,0.0,0.0,0.0297,0.03,battery,gas-cc,0.0,0.0,0.0,0.0,0.0,0.0,0.0,0.0,0.0,0.0,0.0,0.0,0.0,0.0,0.0,0.0,0.0,0.0,164.9,3.1,0.31,19.5,1243.3,0.07,165.1,56.6,221.6,330.3,6.2,0.62,39.0,2492.8,0.14,330.7,113.3,444.0,26.22,0.0,0.0,26.22,27.03,0.0,0.0,27.03,0.0,0.0,0.0,1147.4,11.8,1135.6,0.0,0.0,0.0,0.0,0.0,0.0,0.0,0.0,0.0,0.0,0.0,0.0,0.0,11.8,0.0
2050-02-25 06:00:00,2050-02-25 04:00:00,1142.1,0.0,0.0,1.0,1143.1,1108.2,1132.5,62.0,0.0,0.0297,0.0299,battery,gas-cc,0.0,0.0,0.0,0.0,0.0,0.0,0.0,0.0,0.0,0.0,0.0,0.0,0.0,0.0,0.0,0.0,0.0,0.0,143.7,2.7,0.27,17.0,1082.7,0.06,143.8,49.3,193.1,330.3,6.2,0.62,39.0,2492.5,0.14,330.6,113.3,444.0,26.22,0.0,0.0,26.22,27.02,0.0,0.0,27.02,0.0,0.0,0.0,1081.1,10.6,1070.5,0.0,0.0,0.0,0.0,0.0,0.0,0.0,0.0,0.0,0.0,0.0,0.0,0.0,10.6,0.0
2050-02-25 07:00:00,2050-02-25 05:00:00,1162.1,0.0,0.0,6.5,1168.6,1127.6,1158.3,421.7,0.0,0.0297,0.0304,battery,gas-cc,0.0,0.0,0.0,0.0,0.0,0.0,0.0,0.0,0.0,0.0,0.0,0.0,0.0,0.0,0.0,0.0,0.0,0.0,143.1,2.7,0.27,16.9,1078.7,0.06,143.3,49.1,192.4,330.5,6.2,0.62,39.0,2493.8,0.14,330.8,113.4,444.2,26.22,0.0,0.0,26.22,27.04,0.0,0.0,27.04,0.0,0.0,0.0,747.0,10.4,736.6,0.0,0.0,0.0,0.0,0.0,0.0,0.0,0.0,0.0,0.0,0.0,0.0,0.0,10.4,0.0
2050-02-25 08:00:00,2050-02-25 06:00:00,1229.5,0.0,0.0,6.9,1236.4,1192.8,1226.8,445.3,0.0,0.0298,0.0322,battery,gas-cc,0.0,0.0,0.0,0.0,0.0,0.0,0.0,0.0,0.0,0.0,0.0,0.0,0.0,0.0,0.0,0.0,0.0,0.0,145.3,2.7,0.28,17.2,1094.5,0.06,145.4,49.8,195.2,331.1,6.2,0.62,39.1,2498.3,0.14,331.4,113.6,445.0,26.22,0.0,0.0,26.22,27.09,0.0,0.0,27.09,0.0,0.0,0.0,791.1,9.6,781.5,0.0,0.0,0.0,0.0,0.0,0.0,0.0,0.0,0.0,0.0,0.0,0.0,0.0,9.6,0.0
2050-02-25 09:00:00,2050-02-25 07:00:00,1306.3,2748.3,0.0,0.0,4054.6,1267.1,0.0,0.0,0.0,0.03,0.0342,upv,upv,0.0,0.0,0.0,0.0,0.0,0.0,0.0,0.0,0.0,0.0,0.0,0.0,0.0,0.0,0.0,0.0,0.0,0.0,139.7,2.6,0.26,16.5,1053.0,0.06,139.8,47.9,187.7,0.0,0.0,0.0,0.0,0.0,0.0,0.0,0.0,0.0,0.0,0.0,0.0,0.0,0.0,0.0,0.0,0.0,0.0,990.0,990.0,4054.6,4054.6,0.0,0.0,0.0,0.0,0.0,212.6,0.0,0.0,0.0,0.0,0.0,0.0,0.0,3834.0,8.0,0.0
2050-02-25 10:00:00,2050-02-25 08:00:00,1381.1,3435.1,0.0,0.0,4816.2,1339.3,0.0,0.0,0.0,0.0303,0.0361,upv,upv,0.0,0.0,0.0,0.0,0.0,0.0,0.0,0.0,0.0,0.0,0.0,0.0,0.0,0.0,0.0,0.0,0.0,0.0,139.7,2.6,0.26,16.5,1053.3,0.06,139.9,47.9,187.8,0.0,0.0,0.0,0.0,0.0,0.0,0.0,0.0,0.0,0.0,0.0,0.0,0.0,0.0,0.0,0.0,0.0,6.0,4636.2,4642.2,4816.2,4816.2,0.0,0.0,0.0,0.0,0.0,398.8,0.0,0.0,0.0,0.0,0.0,0.0,0.0,4417.4,0.0,0.0
2050-02-25 11:00:00,2050-02-25 09:00:00,1409.5,2655.8,0.0,0.0,4065.3,1366.6,0.0,0.0,0.0,0.0304,0.0369,upv,upv,0.0,0.0,0.0,0.0,0.0,0.0,0.0,0.0,0.0,0.0,0.0,0.0,0.0,0.0,0.0,0.0,0.0,0.0,139.7,2.6,0.26,16.5,1053.4,0.06,139.9,47.9,187.8,0.0,0.0,0.0,0.0,0.0,0.0,0.0,0.0,0.0,0.0,0.0,0.0,0.0,0.0,0.0,0.0,0.0,3.1,5697.7,5700.9,4065.3,4065.3,0.0,0.0,0.0,0.0,0.0,412.1,0.0,0.0,0.0,0.0,0.0,0.0,0.0,3653.1,0.0,0.0
2050-02-25 12:00:00,2050-02-25 10:00:00,1432.6,3240.3,0.0,0.0,4672.9,1388.9,0.0,0.0,0.0,0.0305,0.0375,upv,upv,0.0,0.0,0.0,0.0,0.0,0.0,0.0,0.0,0.0,0.0,0.0,0.0,0.0,0.0,0.0,0.0,0.0,0.0,139.7,2.6,0.26,16.5,1053.5,0.06,139.9,47.9,187.8,0.0,0.0,0.0,0.0,0.0,0.0,0.0,0.0,0.0,0.0,0.0,0.0,0.0,0.0,0.0,0.0,0.0,0.3,4961.9,4962.2,4672.9,4672.9,0.0,0.0,0.0,0.0,0.0,406.7,0.0,0.0,0.0,0.0,0.0,0.0,0.0,4266.2,0.0,0.0
2050-02-25 13:00:00,2050-02-25 11:00:00,1443.2,3240.3,0.0,0.0,4683.4,1399.1,-0.0,0.0,0.0,0.0306,0.0377,upv,upv,0.0,0.0,0.0,0.0,0.0,0.0,0.0,0.0,0.0,0.0,0.0,0.0,0.0,0.0,0.0,0.0,0.0,0.0,139.8,2.6,0.26,16.5,1053.6,0.06,139.9,47.9,187.8,0.0,0.0,0.0,0.0,0.0,0.0,0.0,0.0,0.0,0.0,0.0,0.0,0.0,0.0,0.0,0.0,0.0,2.8,4762.5,4765.3,4683.4,4683.4,0.0,0.0,0.0,0.0,0.0,398.8,0.0,0.0,0.0,0.0,0.0,0.0,0.0,4284.7,0.0,0.0
2050-02-25 14:00:00,2050-02-25 12:00:00,1474.7,3786.9,0.0,0.0,5261.6,1429.4,0.0,0.0,0.0,0.0307,0.0386,upv,upv,0.0,0.0,0.0,0.0,0.0,0.0,0.0,0.0,0.0,0.0,0.0,0.0,0.0,0.0,0.0,0.0,0.0,0.0,139.8,2.6,0.26,16.5,1053.7,0.06,139.9,47.9,187.9,0.0,0.0,0.0,0.0,0.0,0.0,0.0,0.0,0.0,0.0,0.0,0.0,0.0,0.0,0.0,0.0,0.0,15.9,4170.6,4186.5,5261.6,5261.6,0.0,0.0,0.0,0.0,0.0,398.1,0.0,0.0,0.0,0.0,0.0,0.0,0.0,4863.6,0.0,0.0
2050-02-25 15:00:00,2050-02-25 13:00:00,1507.4,2983.4,0.0,0.0,4490.8,1460.8,0.0,0.0,0.0,0.0309,0.0394,upv,upv,0.0,0.0,0.0,0.0,0.0,0.0,0.0,0.0,0.0,0.0,0.0,0.0,0.0,0.0,0.0,0.0,0.0,0.0,139.8,2.6,0.26,16.5,1053.9,0.06,140.0,47.9,187.9,0.0,0.0,0.0,0.0,0.0,0.0,0.0,0.0,0.0,0.0,0.0,0.0,0.0,0.0,0.0,0.0,0.0,0.0,5279.3,5279.3,4490.8,4490.8,0.0,0.0,0.0,0.0,0.0,410.7,0.0,0.0,0.0,0.0,0.0,0.0,0.0,4039.3,40.8,0.0
2050-02-25 16:00:00,2050-02-25 14:00:00,1535.8,2755.7,0.0,0.0,4291.4,1488.1,0.0,0.0,0.0,0.0311,0.0402,upv,upv,0.0,0.0,0.0,0.0,0.0,0.0,0.0,0.0,0.0,0.0,0.0,0.0,0.0,0.0,0.0,0.0,0.0,0.0,139.8,2.6,0.26,16.5,1054.1,0.06,140.0,47.9,187.9,0.0,0.0,0.0,0.0,0.0,0.0,0.0,0.0,0.0,0.0,0.0,0.0,0.0,0.0,0.0,0.0,0.0,0.0,5810.4,5810.4,4291.4,4291.4,0.0,0.0,0.0,0.0,0.0,424.0,0.0,0.0,0.0,0.0,0.0,0.0,0.0,3811.8,55.6,0.0
2050-02-25 17:00:00,2050-02-25 15:00:00,1574.7,3304.4,0.0,0.0,4879.1,1525.5,0.0,0.0,0.0,0.0313,0.0412,upv,upv,0.0,0.0,0.0,0.0,0.0,0.0,0.0,0.0,0.0,0.0,0.0,0.0,0.0,0.0,0.0,0.0,0.0,0.0,139.9,2.6,0.26,16.5,1054.4,0.06,140.0,48.0,188.0,0.0,0.0,0.0,0.0,0.0,0.0,0.0,0.0,0.0,0.0,0.0,0.0,0.0,0.0,0.0,0.0,0.0,0.0,5018.7,5018.7,4879.1,4879.1,0.0,0.0,0.0,0.0,0.0,415.0,0.0,0.0,0.0,0.0,0.0,0.0,0.0,4396.8,67.3,0.0
2050-02-25 18:00:00,2050-02-25 16:00:00,1636.8,3016.4,0.0,0.0,4653.2,1584.9,0.0,0.0,0.0,0.0317,0.0428,upv,upv,0.0,0.0,0.0,0.0,0.0,0.0,0.0,0.0,0.0,0.0,0.0,0.0,0.0,0.0,0.0,0.0,0.0,0.0,139.9,2.6,0.26,16.5,1054.8,0.06,140.1,48.0,188.0,0.0,0.0,0.0,0.0,0.0,0.0,0.0,0.0,0.0,0.0,0.0,0.0,0.0,0.0,0.0,0.0,0.0,0.0,2336.1,2336.1,4653.2,4653.2,0.0,0.0,0.0,0.0,0.0,292.0,0.0,0.0,0.0,0.0,0.0,0.0,0.0,4287.7,73.5,0.0
2050-02-25 19:00:00,2050-02-25 17:00:00,1688.4,0.0,0.0,16.7,1705.1,1634.3,618.9,445.3,1508.1,0.0321,0.0442,battery,distpv,0.0,0.0,0.0,0.0,0.0,0.0,0.0,0.0,0.0,0.0,0.0,0.0,0.0,0.0,0.0,0.0,0.0,0.0,145.1,2.7,0.28,17.1,1093.4,0.06,145.3,49.7,195.0,0.0,0.0,0.0,0.0,0.0,0.0,0.0,0.0,0.0,2.02,0.0,0.0,2.02,2.11,0.0,0.0,2.11,0.0,0.0,0.0,2767.9,1086.2,1681.7,0.0,0.0,0.0,0.0,41.3,0.0,0.0,0.0,0.0,0.0,0.0,0.0,937.0,107.9,0.0
2050-02-25 20:00:00,2050-02-25 18:00:00,1773.7,0.0,0.0,17.6,1791.2,1715.7,1672.2,445.3,1640.0,0.0327,0.0464,battery,distpv,0.0,0.0,0.0,0.0,0.0,0.0,0.0,0.0,0.0,0.0,0.0,0.0,0.0,0.0,0.0,0.0,0.0,0.0,146.3,2.8,0.28,17.3,1102.1,0.06,146.4,50.1,196.6,0.0,0.0,0.0,0.0,0.0,0.0,0.0,0.0,0.0,2.02,0.0,0.0,2.02,2.12,0.0,0.0,2.12,0.0,0.0,0.0,2985.9,119.0,2866.9,0.0,0.0,0.0,0.0,0.0,0.0,0.0,0.0,0.0,0.0,0.0,0.0,0.0,119.0,0.0
2050-02-25 21:00:00,2050-02-25 19:00:00,1798.9,0.0,0.0,17.6,1816.5,1739.8,1716.5,445.3,1640.0,0.0329,0.047,battery,distpv,0.0,0.0,0.0,0.0,0.0,0.0,0.0,0.0,0.0,0.0,0.0,0.0,0.0,0.0,0.0,0.0,0.0,0.0,146.3,2.8,0.28,17.3,1102.3,0.06,146.5,50.2,196.6,0.0,0.0,0.0,0.0,0.0,0.0,0.0,0.0,0.0,2.02,0.0,0.0,2.02,2.12,0.0,0.0,2.12,0.0,0.0,0.0,3011.2,100.0,2911.2,0.0,0.0,0.0,0.0,0.0,0.0,0.0,0.0,0.0,0.0,0.0,0.0,0.0,100.0,0.0
2050-02-25 22:00:00,2050-02-25 20:00:00,1716.8,0.0,0.0,12.5,1729.4,1661.4,1654.0,445.3,862.7,0.0323,0.0449,battery,distpv,0.0,0.0,0.0,0.0,0.0,0.0,0.0,0.0,0.0,0.0,0.0,0.0,0.0,0.0,0.0,0.0,0.0,0.0,145.5,2.7,0.28,17.2,1096.3,0.06,145.7,49.9,195.5,0.0,0.0,0.0,0.0,0.0,0.0,0.0,0.0,0.0,2.02,0.0,0.0,2.02,2.11,0.0,0.0,2.11,0.0,0.0,0.0,2146.7,75.4,2071.3,0.0,0.0,0.0,0.0,0.0,0.0,0.0,0.0,0.0,0.0,0.0,0.0,0.0,75.4,0.0
2050-02-25 23:00:00,2050-02-25 21:00:00,1631.6,0.0,0.0,4.4,1636.0,1579.9,1588.6,174.1,267.2,0.0317,0.0427,battery,distpv,0.0,0.0,0.0,0.0,0.0,0.0,0.0,0.0,0.0,0.0,0.0,0.0,0.0,0.0,0.0,0.0,0.0,0.0,144.9,2.7,0.27,17.1,1091.8,0.06,145.0,49.7,194.7,0.0,0.0,0.0,0.0,0.0,0.0,0.0,0.0,0.0,2.02,0.0,0.0,2.02,2.11,0.0,0.0,2.11,0.0,0.0,0.0,1729.1,47.4,1681.7,0.0,0.0,0.0,0.0,0.0,0.0,0.0,0.0,0.0,0.0,0.0,0.0,0.0,47.4,0.0
2050-02-26 00:00:00,2050-02-25 22:00:00,1538.9,0.0,0.0,3.9,1542.8,1491.1,1518.4,0.0,594.6,0.0311,0.0402,battery,distpv,0.0,0.0,0.0,0.0,0.0,0.0,0.0,0.0,0.0,0.0,0.0,0.0,0.0,0.0,0.0,0.0,0.0,0.0,144.6,2.7,0.27,17.1,1089.9,0.06,144.8,49.6,194.4,0.0,0.0,0.0,0.0,0.0,0.0,0.0,0.0,0.0,2.12,0.0,0.0,2.12,2.2,0.0,0.0,2.2,0.0,0.0,0.0,2137.4,24.4,2113.0,0.0,0.0,0.0,0.0,0.0,0.0,0.0,0.0,0.0,0.0,0.0,0.0,0.0,24.4,0.0
2050-02-26 01:00:00,2050-02-25 23:00:00,1425.3,0.0,0.0,5.2,1430.5,1381.8,1419.8,0.0,798.1,0.0305,0.0373,hydro,distpv,0.0,0.0,0.0,0.0,0.0,0.0,0.0,0.0,0.0,0.0,0.0,0.0,0.0,0.0,0.0,0.0,0.0,0.0,167.3,3.2,0.32,19.8,1261.2,0.07,167.5,57.4,224.9,0.0,0.0,0.0,0.0,0.0,0.0,0.0,0.0,0.0,2.12,0.0,0.0,2.12,2.2,0.0,0.0,2.2,0.0,0.0,0.0,2228.6,10.6,2217.9,0.0,0.0,0.0,0.0,0.0,0.0,0.0,0.0,0.0,0.0,0.0,0.0,0.0,10.6,0.0
2050-02-26 02:00:00,2050-02-26 00:00:00,1316.8,0.0,0.0,3.8,1320.6,1277.3,1315.9,0.0,577.5,0.03,0.0344,battery,distpv,0.0,0.0,0.0,0.0,0.0,0.0,0.0,0.0,0.0,0.0,0.0,0.0,0.0,0.0,0.0,0.0,0.0,0.0,159.6,3.0,0.3,18.9,1203.0,0.07,159.8,54.7,214.5,0.0,0.0,0.0,0.0,0.0,0.0,0.0,0.0,0.0,2.12,0.0,0.0,2.12,2.19,0.0,0.0,2.19,0.0,0.0,0.0,1898.1,4.7,1893.4,0.0,0.0,0.0,0.0,0.0,0.0,0.0,0.0,0.0,0.0,0.0,0.0,0.0,4.7,0.0
2050-02-26 03:00:00,2050-02-26 01:00:00,1227.4,0.0,0.0,1.2,1228.5,1190.8,1226.7,0.0,178.5,0.0298,0.0321,battery,distpv,0.0,0.0,0.0,0.0,0.0,0.0,0.0,0.0,0.0,0.0,0.0,0.0,0.0,0.0,0.0,0.0,0.0,0.0,144.8,2.7,0.27,17.1,1091.0,0.06,144.9,49.6,194.6,0.0,0.0,0.0,0.0,0.0,0.0,0.0,0.0,0.0,2.12,0.0,0.0,2.12,2.19,0.0,0.0,2.19,0.0,0.0,0.0,1407.1,1.9,1405.2,0.0,0.0,0.0,0.0,0.0,0.0,0.0,0.0,0.0,0.0,0.0,0.0,0.0,1.9,0.0
2050-02-26 04:00:00,2050-02-26 02:00:00,1177.9,0.0,0.0,0.1,1178.0,1142.9,1174.8,0.0,20.7,0.0297,0.0308,battery,distpv,0.0,0.0,0.0,0.0,0.0,0.0,0.0,0.0,0.0,0.0,0.0,0.0,0.0,0.0,0.0,0.0,0.0,0.0,145.2,2.7,0.28,17.2,1093.9,0.06,145.3,49.8,195.1,0.0,0.0,0.0,0.0,0.0,0.0,0.0,0.0,0.0,2.12,0.0,0.0,2.12,2.18,0.0,0.0,2.18,0.0,0.0,0.0,1198.7,3.2,1195.4,0.0,0.0,0.0,0.0,0.0,0.0,0.0,0.0,0.0,0.0,0.0,0.0,0.0,3.2,0.0
2050-02-26 05:00:00,2050-02-26 03:00:00,1149.5,0.0,0.0,5.4,1154.9,1115.3,1150.2,0.0,835.5,0.0297,0.0301,battery,distpv,0.0,0.0,0.0,0.0,0.0,0.0,0.0,0.0,0.0,0.0,0.0,0.0,0.0,0.0,0.0,0.0,0.0,0.0,144.1,2.7,0.27,17.0,1085.6,0.06,144.2,49.4,193.6,0.0,0.0,0.0,0.0,0.0,0.0,0.0,0.0,0.0,2.12,0.0,0.0,2.12,2.18,0.0,0.0,2.18,0.0,0.0,0.0,1990.4,4.7,1985.7,0.0,0.0,0.0,0.0,0.0,0.0,0.0,0.0,0.0,0.0,0.0,0.0,0.0,4.7,0.0
2050-02-26 06:00:00,2050-02-26 04:00:00,1133.7,0.0,0.0,2.1,1135.8,1100.0,1125.4,0.0,321.2,0.0297,0.0296,battery,distpv,0.0,0.0,0.0,0.0,0.0,0.0,0.0,0.0,0.0,0.0,0.0,0.0,0.0,0.0,0.0,0.0,0.0,0.0,144.4,2.7,0.27,17.1,1087.9,0.06,144.5,49.5,194.0,0.0,0.0,0.0,0.0,0.0,0.0,0.0,0.0,0.0,2.12,0.0,0.0,2.12,2.18,0.0,0.0,2.18,0.0,0.0,0.0,1457.0,10.4,1446.6,0.0,0.0,0.0,0.0,0.0,0.0,0.0,0.0,0.0,0.0,0.0,0.0,0.0,10.4,0.0
2050-02-26 07:00:00,2050-02-26 05:00:00,1152.6,0.0,0.0,4.6,1157.2,1118.4,1138.5,0.0,708.9,0.0297,0.0301,battery,distpv,0.0,0.0,0.0,0.0,0.0,0.0,0.0,0.0,0.0,0.0,0.0,0.0,0.0,0.0,0.0,0.0,0.0,0.0,144.3,2.7,0.27,17.0,1087.1,0.06,144.4,49.5,193.9,0.0,0.0,0.0,0.0,0.0,0.0,0.0,0.0,0.0,2.12,0.0,0.0,2.12,2.18,0.0,0.0,2.18,0.0,0.0,0.0,1866.2,18.8,1847.4,0.0,0.0,0.0,0.0,0.0,0.0,0.0,0.0,0.0,0.0,0.0,0.0,0.0,18.8,0.0
2050-02-26 08:00:00,2050-02-26 06:00:00,1201.1,0.0,0.0,0.0,1201.1,1165.3,1174.1,0.0,0.0,0.0297,0.0314,battery,distpv,0.0,0.0,0.0,0.0,0.0,0.0,0.0,0.0,0.0,0.0,0.0,0.0,0.0,0.0,0.0,0.0,0.0,0.0,144.7,2.7,0.27,17.1,1090.6,0.06,144.9,49.6,194.5,0.0,0.0,0.0,0.0,0.0,0.0,0.0,0.0,0.0,2.12,0.0,0.0,2.12,2.18,0.0,0.0,2.18,0.0,0.0,0.0,1201.1,27.0,1174.1,0.0,0.0,0.0,0.0,0.1,0.0,0.0,0.0,0.0,0.0,0.0,0.0,1.3,25.6,0.0
2050-02-26 09:00:00,2050-02-26 07:00:00,1270.5,2556.3,0.0,0.0,3826.8,1232.6,0.0,0.0,0.0,0.0299,0.0332,upv,upv,0.0,0.0,0.0,0.0,0.0,0.0,0.0,0.0,0.0,0.0,0.0,0.0,0.0,0.0,0.0,0.0,0.0,0.0,139.7,2.6,0.26,16.5,1052.8,0.06,139.8,47.9,187.7,0.0,0.0,0.0,0.0,0.0,0.0,0.0,0.0,0.0,0.0,0.0,0.0,0.0,0.0,0.0,0.0,0.0,25.1,1344.8,1369.9,3826.8,3826.8,0.0,0.0,0.0,0.0,0.0,218.3,0.0,0.0,0.0,0.0,0.0,0.0,0.0,3608.5,0.0,0.0
2050-02-26 10:00:00,2050-02-26 08:00:00,1350.5,2943.8,0.0,0.0,4294.3,1309.8,0.0,0.0,0.0,0.0301,0.0353,upv,upv,0.0,0.0,0.0,0.0,0.0,0.0,0.0,0.0,0.0,0.0,0.0,0.0,0.0,0.0,0.0,0.0,0.0,0.0,139.7,2.6,0.26,16.5,1053.1,0.06,139.8,47.9,187.7,0.0,0.0,0.0,0.0,0.0,0.0,0.0,0.0,0.0,0.0,0.0,0.0,0.0,0.0,0.0,0.0,0.0,14.3,5387.5,5401.8,4294.3,4294.3,0.0,0.0,0.0,0.0,0.0,408.5,0.0,0.0,0.0,0.0,0.0,0.0,0.0,3885.8,0.0,0.0
2050-02-26 11:00:00,2050-02-26 09:00:00,1396.8,3045.5,0.0,0.0,4442.3,1354.5,0.0,0.0,0.0,0.0303,0.0365,upv,upv,0.0,0.0,0.0,0.0,0.0,0.0,0.0,0.0,0.0,0.0,0.0,0.0,0.0,0.0,0.0,0.0,0.0,0.0,139.7,2.6,0.26,16.5,1053.3,0.06,139.9,47.9,187.8,0.0,0.0,0.0,0.0,0.0,0.0,0.0,0.0,0.0,0.0,0.0,0.0,0.0,0.0,0.0,0.0,0.0,0.0,5743.6,5743.6,4442.3,4442.3,0.0,0.0,0.0,0.0,0.0,428.7,0.0,0.0,0.0,0.0,0.0,0.0,0.0,3988.6,25.0,0.0
2050-02-26 12:00:00,2050-02-26 10:00:00,1425.3,3016.4,0.0,0.0,4441.6,1381.8,0.0,0.0,0.0,0.0305,0.0373,upv,upv,0.0,0.0,0.0,0.0,0.0,0.0,0.0,0.0,0.0,0.0,0.0,0.0,0.0,0.0,0.0,0.0,0.0,0.0,141.1,2.7,0.27,16.7,1063.6,0.06,141.2,48.4,189.6,0.0,0.0,0.0,0.0,0.0,0.0,0.0,0.0,0.0,0.0,0.0,0.0,0.0,0.0,0.0,0.0,0.0,0.0,5518.5,5518.5,4441.6,4441.6,0.0,0.0,0.0,0.0,0.0,417.9,0.0,0.0,0.0,0.0,0.0,0.0,0.0,3961.6,62.1,0.0
2050-02-26 13:00:00,2050-02-26 11:00:00,1435.8,3402.2,0.0,0.0,4837.9,1392.0,0.0,0.0,0.0,0.0305,0.0375,upv,upv,0.0,0.0,0.0,0.0,0.0,0.0,0.0,0.0,0.0,0.0,0.0,0.0,0.0,0.0,0.0,0.0,0.0,0.0,139.7,2.6,0.26,16.5,1053.5,0.06,139.9,47.9,187.8,0.0,0.0,0.0,0.0,0.0,0.0,0.0,0.0,0.0,0.0,0.0,0.0,0.0,0.0,0.0,0.0,0.0,0.0,4909.9,4909.9,4837.9,4837.9,0.0,0.0,0.0,0.0,0.0,407.1,0.0,0.0,0.0,0.0,0.0,0.0,0.0,4331.1,99.7,0.0
2050-02-26 14:00:00,2050-02-26 12:00:00,1474.7,3406.0,0.0,0.0,4880.8,1429.4,0.0,0.0,0.0,0.0307,0.0386,upv,upv,0.0,0.0,0.0,0.0,0.0,0.0,0.0,0.0,0.0,0.0,0.0,0.0,0.0,0.0,0.0,0.0,0.0,0.0,139.8,2.6,0.26,16.5,1053.7,0.06,139.9,47.9,187.9,0.0,0.0,0.0,0.0,0.0,0.0,0.0,0.0,0.0,0.0,0.0,0.0,0.0,0.0,0.0,0.0,0.0,0.0,4866.4,4866.4,4880.8,4880.8,0.0,0.0,0.0,0.0,0.0,405.6,0.0,0.0,0.0,0.0,0.0,0.0,0.0,4342.3,132.8,0.0
2050-02-26 15:00:00,2050-02-26 13:00:00,1512.6,3990.5,0.0,0.0,5503.1,1465.9,-0.0,0.0,0.0,0.0309,0.0396,upv,upv,0.0,0.0,0.0,0.0,0.0,0.0,0.0,0.0,0.0,0.0,0.0,0.0,0.0,0.0,0.0,0.0,0.0,0.0,139.8,2.6,0.26,16.5,1054.0,0.06,140.0,47.9,187.9,0.0,0.0,0.0,0.0,0.0,0.0,0.0,0.0,0.0,0.0,0.0,0.0,0.0,0.0,0.0,0.0,0.0,0.0,4566.2,4566.2,5503.1,5503.1,0.0,0.0,0.0,0.0,0.0,417.2,0.0,0.0,0.0,0.0,0.0,0.0,0.0,4901.0,185.0,0.0
2050-02-26 16:00:00,2050-02-26 14:00:00,1535.8,2648.1,0.0,0.0,4183.8,1488.1,0.0,0.0,0.0,0.0311,0.0402,upv,upv,0.0,0.0,0.0,0.0,0.0,0.0,0.0,0.0,0.0,0.0,0.0,0.0,0.0,0.0,0.0,0.0,0.0,0.0,139.8,2.6,0.26,16.5,1054.1,0.06,140.0,47.9,187.9,0.0,0.0,0.0,0.0,0.0,0.0,0.0,0.0,0.0,0.0,0.0,0.0,0.0,0.0,0.0,0.0,0.0,0.0,6166.7,6166.7,4183.8,4183.8,0.0,0.0,0.0,0.0,0.0,428.4,0.0,0.0,0.0,0.0,0.0,0.0,0.0,3559.0,196.4,0.0
2050-02-26 17:00:00,2050-02-26 15:00:00,1577.9,2655.8,0.0,0.0,4233.7,1528.5,-0.0,0.0,0.0,0.0313,0.0413,upv,upv,0.0,0.0,0.0,0.0,0.0,0.0,0.0,0.0,0.0,0.0,0.0,0.0,0.0,0.0,0.0,0.0,0.0,0.0,139.9,2.6,0.26,16.5,1054.4,0.06,140.0,48.0,188.0,0.0,0.0,0.0,0.0,0.0,0.0,0.0,0.0,0.0,0.0,0.0,0.0,0.0,0.0,0.0,0.0,0.0,0.0,5886.4,5886.4,4233.7,4233.7,0.0,0.0,0.0,0.0,0.0,419.0,0.0,0.0,0.0,0.0,0.0,0.0,0.0,3626.1,188.7,0.0
2050-02-26 18:00:00,2050-02-26 16:00:00,1638.9,3502.0,0.0,0.0,5141.0,1587.0,0.0,0.0,0.0,0.0317,0.0429,upv,upv,0.0,0.0,0.0,0.0,0.0,0.0,0.0,0.0,0.0,0.0,0.0,0.0,0.0,0.0,0.0,0.0,0.0,0.0,139.9,2.6,0.26,16.5,1054.8,0.06,140.1,48.0,188.1,0.0,0.0,0.0,0.0,0.0,0.0,0.0,0.0,0.0,0.0,0.0,0.0,0.0,0.0,0.0,0.0,0.0,0.0,2016.1,2016.1,5141.0,5141.0,0.0,0.0,0.0,0.0,0.0,293.9,0.0,0.0,0.0,0.0,0.0,0.0,0.0,4652.9,194.1,0.0
2050-02-26 19:00:00,2050-02-26 17:00:00,1704.2,0.0,0.0,9.1,1713.4,1649.4,542.1,0.0,1406.1,0.0322,0.0446,battery,gas-cc,0.0,0.0,0.0,0.0,0.0,0.0,0.0,0.0,0.0,0.0,0.0,0.0,0.0,0.0,0.0,0.0,0.0,0.0,144.3,2.7,0.27,17.0,1087.1,0.06,144.4,49.5,193.9,331.4,6.2,0.62,39.1,2500.6,0.14,331.7,113.7,445.4,29.73,0.0,0.0,29.73,31.12,0.0,0.0,31.12,0.0,0.0,0.0,3119.5,1171.2,1948.2,0.0,0.0,0.0,0.0,42.6,0.0,0.0,0.0,0.0,0.0,0.0,0.0,966.1,162.5,0.0
2050-02-26 20:00:00,2050-02-26 18:00:00,1804.2,0.0,0.0,0.0,1804.2,1744.8,1666.6,0.0,0.0,0.0329,0.0472,battery,gas-cc,0.0,0.0,0.0,0.0,0.0,0.0,0.0,0.0,0.0,0.0,0.0,0.0,0.0,0.0,0.0,0.0,0.0,0.0,145.7,2.8,0.28,17.2,1098.0,0.06,145.9,50.0,195.8,378.7,7.1,0.71,44.7,2857.8,0.16,379.1,129.9,509.1,29.73,0.0,0.0,29.73,31.21,0.0,0.0,31.21,0.0,0.0,0.0,1804.2,137.6,1666.6,0.0,0.0,0.0,0.0,0.0,0.0,0.0,0.0,0.0,0.0,0.0,0.0,0.0,137.6,0.0
2050-02-26 21:00:00,2050-02-26 19:00:00,1832.6,0.0,0.0,5.2,1837.9,1771.9,1726.9,0.0,805.8,0.0332,0.0479,battery,gas-cc,0.0,0.0,0.0,0.0,0.0,0.0,0.0,0.0,0.0,0.0,0.0,0.0,0.0,0.0,0.0,0.0,0.0,0.0,147.3,2.8,0.28,17.4,1109.7,0.06,147.4,50.5,197.9,332.5,6.3,0.63,39.3,2509.5,0.14,332.9,114.1,447.0,29.73,0.0,0.0,29.73,31.23,0.0,0.0,31.23,0.0,0.0,0.0,2643.7,111.0,2532.7,0.0,0.0,0.0,0.0,0.0,0.0,0.0,0.0,0.0,0.0,0.0,0.0,0.0,111.0,0.0
2050-02-26 22:00:00,2050-02-26 20:00:00,1765.3,0.0,0.0,1.6,1766.9,1707.7,1697.6,0.0,250.7,0.0326,0.0462,battery,gas-cc,0.0,0.0,0.0,0.0,0.0,0.0,0.0,0.0,0.0,0.0,0.0,0.0,0.0,0.0,0.0,0.0,0.0,0.0,145.8,2.8,0.28,17.2,1098.8,0.06,146.0,50.0,196.0,378.3,7.1,0.71,44.7,2854.8,0.16,378.7,129.8,508.5,29.73,0.0,0.0,29.73,31.17,0.0,0.0,31.17,0.0,0.0,0.0,2017.6,69.3,1948.2,0.0,0.0,0.0,0.0,0.0,0.0,0.0,0.0,0.0,0.0,0.0,0.0,0.0,69.3,0.0
2050-02-26 23:00:00,2050-02-26 21:00:00,1670.5,0.0,0.0,9.2,1679.7,1617.2,1602.8,134.4,1093.4,0.0319,0.0437,battery,gas-cc,0.0,0.0,0.0,0.0,0.0,0.0,0.0,0.0,0.0,0.0,0.0,0.0,0.0,0.0,0.0,0.0,0.0,0.0,145.9,2.8,0.28,17.2,1099.5,0.06,146.1,50.0,196.1,331.1,6.2,0.62,39.1,2498.3,0.14,331.4,113.6,445.0,29.73,0.0,0.0,29.73,31.09,0.0,0.0,31.09,0.0,0.0,0.0,2638.8,77.0,2561.8,0.0,0.0,0.0,0.0,0.0,0.0,0.0,0.0,0.0,0.0,0.0,0.0,0.0,77.0,0.0
2050-02-27 00:00:00,2050-02-26 22:00:00,1551.6,0.0,0.0,14.9,1566.5,1503.2,1443.8,351.1,1457.3,0.0312,0.0406,battery,gas-cc,0.0,0.0,0.0,0.0,0.0,0.0,0.0,0.0,0.0,0.0,0.0,0.0,0.0,0.0,0.0,0.0,0.0,0.0,145.9,2.8,0.28,17.2,1099.1,0.06,146.0,50.0,196.0,432.8,8.2,0.82,51.1,3266.3,0.19,433.3,148.5,581.8,29.83,0.0,0.0,29.83,31.09,0.0,0.0,31.09,0.0,0.0,0.0,2672.7,122.7,2550.0,0.0,0.0,0.0,0.0,0.0,0.0,0.0,0.0,0.0,0.0,0.0,0.0,0.0,122.7,0.0
2050-02-27 01:00:00,2050-02-26 23:00:00,1412.6,0.0,0.0,12.7,1425.3,1369.7,1248.6,445.3,890.8,0.0304,0.0369,battery,gas-cc,0.0,0.0,0.0,0.0,0.0,0.0,0.0,0.0,0.0,0.0,0.0,0.0,0.0,0.0,0.0,0.0,0.0,0.0,148.0,2.8,0.28,17.5,1115.4,0.06,148.2,50.7,198.9,374.7,7.1,0.71,44.3,2827.4,0.16,375.1,128.6,503.7,29.83,0.0,0.0,29.83,30.97,0.0,0.0,30.97,0.0,0.0,0.0,1870.8,176.8,1694.0,0.0,0.0,0.0,0.0,0.0,0.0,0.0,0.0,0.0,0.0,0.0,0.0,0.0,176.8,0.0
2050-02-27 02:00:00,2050-02-27 00:00:00,1273.7,0.0,0.0,12.4,1286.1,1235.6,1091.5,445.3,840.7,0.0299,0.0333,battery,gas-cc,0.0,0.0,0.0,0.0,0.0,0.0,0.0,0.0,0.0,0.0,0.0,0.0,0.0,0.0,0.0,0.0,0.0,0.0,145.5,2.7,0.28,17.2,1096.4,0.06,145.7,49.9,195.6,373.3,7.0,0.7,44.1,2816.8,0.16,373.7,128.1,501.8,29.83,0.0,0.0,29.83,30.86,0.0,0.0,30.86,0.0,0.0,0.0,1681.4,194.5,1486.9,0.0,0.0,0.0,0.0,0.0,0.0,0.0,0.0,0.0,0.0,0.0,0.0,0.0,194.5,0.0
2050-02-27 03:00:00,2050-02-27 01:00:00,1218.9,0.0,0.0,16.4,1235.4,1182.7,1026.6,445.3,1467.0,0.0298,0.0319,battery,gas-cc,0.0,0.0,0.0,0.0,0.0,0.0,0.0,0.0,0.0,0.0,0.0,0.0,0.0,0.0,0.0,0.0,0.0,0.0,147.3,2.8,0.28,17.4,1109.8,0.06,147.4,50.5,197.9,429.0,8.1,0.81,50.7,3236.9,0.19,429.4,147.2,576.6,29.83,0.0,0.0,29.83,30.81,0.0,0.0,30.81,0.0,0.0,0.0,2257.1,208.8,2048.4,0.0,0.0,0.0,0.0,0.0,0.0,0.0,0.0,0.0,0.0,0.0,0.0,0.0,208.8,0.0
2050-02-27 04:00:00,2050-02-27 02:00:00,1165.3,0.0,0.0,15.4,1180.7,1130.6,968.8,445.3,1312.4,0.0297,0.0305,battery,gas-cc,0.0,0.0,0.0,0.0,0.0,0.0,0.0,0.0,0.0,0.0,0.0,0.0,0.0,0.0,0.0,0.0,0.0,0.0,145.1,2.7,0.28,17.1,1093.0,0.06,145.2,49.7,194.9,428.3,8.1,0.81,50.6,3232.3,0.19,428.8,147.0,575.8,29.83,0.0,0.0,29.83,30.77,0.0,0.0,30.77,0.0,0.0,0.0,2047.8,211.9,1835.9,0.0,0.0,0.0,0.0,0.0,0.0,0.0,0.0,0.0,0.0,0.0,0.0,0.0,211.9,0.0
2050-02-27 05:00:00,2050-02-27 03:00:00,1136.8,0.0,0.0,15.0,1151.9,1103.1,944.6,445.3,1249.8,0.0297,0.0297,battery,gas-cc,0.0,0.0,0.0,0.0,0.0,0.0,0.0,0.0,0.0,0.0,0.0,0.0,0.0,0.0,0.0,0.0,0.0,0.0,177.4,3.3,0.34,21.0,1337.1,0.08,177.5,60.8,238.4,428.0,8.1,0.81,50.6,3229.8,0.19,428.5,146.9,575.3,29.83,0.0,0.0,29.83,30.74,0.0,0.0,30.74,0.0,0.0,0.0,1956.4,207.2,1749.1,0.0,0.0,0.0,0.0,0.0,0.0,0.0,0.0,0.0,0.0,0.0,0.0,0.0,207.2,0.0
2050-02-27 06:00:00,2050-02-27 04:00:00,1147.4,0.0,0.0,12.3,1159.7,1113.3,961.1,445.3,834.2,0.0297,0.03,battery,gas-cc,0.0,0.0,0.0,0.0,0.0,0.0,0.0,0.0,0.0,0.0,0.0,0.0,0.0,0.0,0.0,0.0,0.0,0.0,145.0,2.7,0.28,17.1,1092.4,0.06,145.1,49.7,194.8,428.1,8.1,0.81,50.6,3230.7,0.19,428.6,146.9,575.5,29.83,0.0,0.0,29.83,30.75,0.0,0.0,30.75,0.0,0.0,0.0,1548.6,198.6,1350.0,0.0,0.0,0.0,0.0,0.0,0.0,0.0,0.0,0.0,0.0,0.0,0.0,0.0,198.6,0.0
2050-02-27 07:00:00,2050-02-27 05:00:00,1229.5,0.0,0.0,10.0,1239.5,1192.8,1042.6,445.3,479.1,0.0298,0.0322,battery,gas-cc,0.0,0.0,0.0,0.0,0.0,0.0,0.0,0.0,0.0,0.0,0.0,0.0,0.0,0.0,0.0,0.0,0.0,0.0,162.6,3.1,0.31,19.2,1225.8,0.07,162.8,55.8,218.6,429.1,8.1,0.81,50.7,3237.9,0.19,429.5,147.2,576.8,29.83,0.0,0.0,29.83,30.82,0.0,0.0,30.82,0.0,0.0,0.0,1273.3,196.9,1076.4,0.0,0.0,0.0,0.0,0.0,0.0,0.0,0.0,0.0,0.0,0.0,0.0,0.0,196.9,0.0
2050-02-27 08:00:00,2050-02-27 06:00:00,1381.1,0.0,0.0,15.3,1396.4,1339.3,1193.8,445.3,1294.7,0.0303,0.0361,battery,gas-cc,0.0,0.0,0.0,0.0,0.0,0.0,0.0,0.0,0.0,0.0,0.0,0.0,0.0,0.0,0.0,0.0,0.0,0.0,167.7,3.2,0.32,19.8,1264.1,0.07,167.9,57.5,225.4,430.8,8.1,0.81,50.9,3251.2,0.19,431.3,147.8,579.1,29.83,0.0,0.0,29.83,30.95,0.0,0.0,30.95,0.0,0.0,0.0,2245.8,202.5,2043.2,0.0,0.0,0.0,0.0,0.3,0.0,0.0,0.0,0.0,0.0,0.0,0.0,7.9,194.3,0.0
2050-02-27 09:00:00,2050-02-27 07:00:00,1507.4,2427.5,0.0,10.7,3945.6,1460.8,-1640.0,0.0,1640.0,0.0309,0.0394,battery,upv,0.0,0.0,0.0,0.0,0.0,0.0,0.0,0.0,0.0,0.0,0.0,0.0,0.0,0.0,0.0,0.0,0.0,0.0,139.8,2.6,0.26,16.5,1053.9,0.06,140.0,47.9,187.9,0.0,0.0,0.0,0.0,0.0,0.0,0.0,0.0,0.0,0.0,0.0,0.0,0.0,0.0,0.0,0.0,0.0,0.0,0.0,0.0,5585.5,5585.5,0.0,0.0,0.0,0.0,0.0,227.5,0.0,0.0,0.0,0.0,0.0,0.0,0.0,5163.3,194.7,0.0
2050-02-27 10:00:00,2050-02-27 08:00:00,1608.4,4019.6,0.0,10.7,5638.7,1557.7,-1640.0,0.0,1640.0,0.0315,0.0421,upv,upv,0.0,0.0,0.0,0.0,0.0,0.0,0.0,0.0,0.0,0.0,0.0,0.0,0.0,0.0,0.0,0.0,0.0,0.0,139.9,2.6,0.26,16.5,1054.6,0.06,140.0,48.0,188.0,0.0,0.0,0.0,0.0,0.0,0.0,0.0,0.0,0.0,0.0,0.0,0.0,0.0,0.0,0.0,0.0,0.0,197.5,2767.7,2965.2,7278.6,7278.6,0.0,0.0,0.0,0.0,0.0,0.0,0.0,0.0,0.0,0.0,0.0,0.0,0.0,7278.6,0.0,0.0
2050-02-27 11:00:00,2050-02-27 09:00:00,1595.8,3892.8,0.0,10.7,5499.3,1545.6,-1640.0,0.0,1640.0,0.0314,0.0417,upv,upv,0.0,0.0,0.0,0.0,0.0,0.0,0.0,0.0,0.0,0.0,0.0,0.0,0.0,0.0,0.0,0.0,0.0,0.0,139.9,2.6,0.26,16.5,1054.5,0.06,140.0,48.0,188.0,0.0,0.0,0.0,0.0,0.0,0.0,0.0,0.0,0.0,0.0,0.0,0.0,0.0,0.0,0.0,0.0,0.0,254.5,3163.5,3418.0,7139.2,7139.2,0.0,0.0,0.0,0.0,0.0,0.0,0.0,0.0,0.0,0.0,0.0,0.0,0.0,7139.2,0.0,0.0
2050-02-27 12:00:00,2050-02-27 10:00:00,1549.5,3729.8,0.0,10.7,5289.9,1501.2,-1640.0,0.0,1640.0,0.0311,0.0405,upv,upv,0.0,0.0,0.0,0.0,0.0,0.0,0.0,0.0,0.0,0.0,0.0,0.0,0.0,0.0,0.0,0.0,0.0,0.0,139.8,2.6,0.26,16.5,1054.2,0.06,140.0,48.0,187.9,0.0,0.0,0.0,0.0,0.0,0.0,0.0,0.0,0.0,0.0,0.0,0.0,0.0,0.0,0.0,0.0,0.0,277.1,3264.7,3541.8,6929.9,6929.9,0.0,0.0,0.0,0.0,0.0,0.0,0.0,0.0,0.0,0.0,0.0,0.0,0.0,6929.9,0.0,0.0
2050-02-27 13:00:00,2050-02-27 11:00:00,1517.9,3758.9,0.0,10.7,5287.4,1470.9,-1640.0,0.0,1640.0,0.031,0.0397,upv,upv,0.0,0.0,0.0,0.0,0.0,0.0,0.0,0.0,0.0,0.0,0.0,0.0,0.0,0.0,0.0,0.0,0.0,0.0,139.8,2.6,0.26,16.5,1054.0,0.06,140.0,47.9,187.9,0.0,0.0,0.0,0.0,0.0,0.0,0.0,0.0,0.0,0.0,0.0,0.0,0.0,0.0,0.0,0.0,0.0,0.0,3191.7,3191.7,6927.4,6927.4,0.0,0.0,0.0,0.0,0.0,0.0,0.0,0.0,0.0,0.0,0.0,0.0,0.0,6652.1,275.3,0.0
2050-02-27 14:00:00,2050-02-27 12:00:00,1523.2,2557.0,0.0,10.7,4090.8,1476.0,-1640.0,0.0,1640.0,0.031,0.0398,upv,upv,0.0,0.0,0.0,0.0,0.0,0.0,0.0,0.0,0.0,0.0,0.0,0.0,0.0,0.0,0.0,0.0,0.0,0.0,139.8,2.6,0.26,16.5,1054.0,0.06,140.0,47.9,187.9,0.0,0.0,0.0,0.0,0.0,0.0,0.0,0.0,0.0,0.0,0.0,0.0,0.0,0.0,0.0,0.0,0.0,0.0,4203.4,4203.4,5730.8,5730.8,0.0,0.0,0.0,0.0,0.0,0.0,0.0,0.0,0.0,0.0,0.0,0.0,0.0,5451.5,279.3,0.0
2050-02-27 15:00:00,2050-02-27 13:00:00,1538.9,2821.5,0.0,10.7,4371.2,1491.1,-1640.0,0.0,1640.0,0.0311,0.0402,upv,upv,0.0,0.0,0.0,0.0,0.0,0.0,0.0,0.0,0.0,0.0,0.0,0.0,0.0,0.0,0.0,0.0,0.0,0.0,139.8,2.6,0.26,16.5,1054.1,0.06,140.0,48.0,187.9,0.0,0.0,0.0,0.0,0.0,0.0,0.0,0.0,0.0,0.0,0.0,0.0,0.0,0.0,0.0,0.0,0.0,0.0,3775.1,3775.1,6011.1,6011.1,0.0,0.0,0.0,0.0,0.0,0.0,0.0,0.0,0.0,0.0,0.0,0.0,0.0,5731.6,279.6,0.0
2050-02-27 16:00:00,2050-02-27 14:00:00,1546.3,2713.9,0.0,10.7,4270.9,1498.2,-1640.0,0.0,1640.0,0.0311,0.0404,upv,upv,0.0,0.0,0.0,0.0,0.0,0.0,0.0,0.0,0.0,0.0,0.0,0.0,0.0,0.0,0.0,0.0,0.0,0.0,139.8,2.6,0.26,16.5,1054.2,0.06,140.0,48.0,187.9,0.0,0.0,0.0,0.0,0.0,0.0,0.0,0.0,0.0,0.0,0.0,0.0,0.0,0.0,0.0,0.0,0.0,0.0,3362.6,3362.6,5910.9,5910.9,0.0,0.0,0.0,0.0,0.0,0.0,0.0,0.0,0.0,0.0,0.0,0.0,0.0,5631.2,279.7,0.0
2050-02-27 17:00:00,2050-02-27 15:00:00,1595.8,2780.1,0.0,10.7,4386.5,1545.6,-1640.0,0.0,1640.0,0.0314,0.0417,upv,upv,0.0,0.0,0.0,0.0,0.0,0.0,0.0,0.0,0.0,0.0,0.0,0.0,0.0,0.0,0.0,0.0,0.0,0.0,140.3,2.6,0.27,16.6,1057.8,0.06,140.5,48.1,188.6,0.0,0.0,0.0,0.0,0.0,0.0,0.0,0.0,0.0,0.0,0.0,0.0,0.0,0.0,0.0,0.0,0.0,278.9,2731.1,3009.9,6026.5,6026.5,0.0,0.0,0.0,0.0,0.0,0.0,0.0,0.0,0.0,0.0,0.0,0.0,0.0,6026.5,0.0,0.0
2050-02-27 18:00:00,2050-02-27 16:00:00,1638.9,2465.4,0.0,19.7,4124.0,1587.0,-2223.7,0.0,2223.7,0.0317,0.0429,battery,upv,0.0,0.0,0.0,0.0,0.0,0.0,0.0,0.0,0.0,0.0,0.0,0.0,0.0,0.0,0.0,0.0,0.0,0.0,140.6,2.7,0.27,16.6,1060.2,0.06,140.8,48.2,189.0,0.0,0.0,0.0,0.0,0.0,0.0,0.0,0.0,0.0,0.0,0.0,0.0,0.0,0.0,0.0,0.0,0.0,0.0,267.4,267.4,6347.7,6347.7,0.0,0.0,0.0,0.0,0.0,0.0,0.0,0.0,0.0,0.0,0.0,0.0,0.0,6068.0,279.7,0.0
2050-02-27 19:00:00,2050-02-27 17:00:00,1736.8,0.0,0.0,14.1,1750.9,1680.5,474.1,445.3,1104.1,0.0324,0.0454,battery,gas-cc,0.0,0.0,0.0,0.0,0.0,0.0,0.0,0.0,0.0,0.0,0.0,0.0,0.0,0.0,0.0,0.0,0.0,0.0,145.1,2.7,0.28,17.1,1093.3,0.06,145.2,49.7,195.0,378.0,7.1,0.71,44.7,2852.6,0.16,378.4,129.7,508.1,29.83,0.0,0.0,29.83,31.25,0.0,0.0,31.25,0.0,0.0,0.0,2409.7,1276.8,1132.9,0.0,0.0,0.0,0.0,42.2,0.0,0.0,0.0,0.0,0.0,0.0,0.0,957.2,277.4,0.0
2050-02-27 20:00:00,2050-02-27 18:00:00,1863.2,0.0,0.0,17.3,1880.4,1800.9,1608.4,445.3,1598.1,0.0334,0.0487,battery,gas-cc,0.0,0.0,0.0,0.0,0.0,0.0,0.0,0.0,0.0,0.0,0.0,0.0,0.0,0.0,0.0,0.0,0.0,0.0,145.7,2.8,0.28,17.2,1097.9,0.06,145.9,49.9,195.8,379.3,7.1,0.71,44.8,2862.5,0.16,379.7,130.2,509.9,29.83,0.0,0.0,29.83,31.36,0.0,0.0,31.36,0.0,0.0,0.0,3033.2,272.0,2761.2,0.0,0.0,0.0,0.0,0.0,0.0,0.0,0.0,0.0,0.0,0.0,0.0,0.0,272.0,0.0
2050-02-27 21:00:00,2050-02-27 19:00:00,1878.9,0.0,0.0,16.2,1895.2,1815.9,1622.5,445.3,1435.6,0.0335,0.0491,battery,gas-cc,0.0,0.0,0.0,0.0,0.0,0.0,0.0,0.0,0.0,0.0,0.0,0.0,0.0,0.0,0.0,0.0,0.0,0.0,155.9,2.9,0.3,18.4,1174.7,0.07,156.0,53.4,209.5,379.5,7.2,0.72,44.8,2863.7,0.16,379.9,130.2,510.1,29.83,0.0,0.0,29.83,31.37,0.0,0.0,31.37,0.0,0.0,0.0,2885.4,272.7,2612.7,0.0,0.0,0.0,0.0,0.0,0.0,0.0,0.0,0.0,0.0,0.0,0.0,0.0,272.7,0.0
2050-02-27 22:00:00,2050-02-27 20:00:00,1781.1,0.0,0.0,17.6,1798.6,1722.7,1551.0,445.3,1640.0,0.0328,0.0466,battery,gas-cc,0.0,0.0,0.0,0.0,0.0,0.0,0.0,0.0,0.0,0.0,0.0,0.0,0.0,0.0,0.0,0.0,0.0,0.0,165.1,3.1,0.31,19.5,1244.6,0.07,165.3,56.6,221.9,378.5,7.1,0.71,44.7,2856.0,0.16,378.9,129.9,508.7,29.83,0.0,0.0,29.83,31.29,0.0,0.0,31.29,0.0,0.0,0.0,2993.3,247.6,2745.7,0.0,0.0,0.0,0.0,0.0,0.0,0.0,0.0,0.0,0.0,0.0,0.0,0.0,247.6,0.0
2050-02-27 23:00:00,2050-02-27 21:00:00,1685.3,0.0,0.0,16.3,1701.5,1631.3,1452.6,445.3,1440.1,0.032,0.0441,battery,gas-cc,0.0,0.0,0.0,0.0,0.0,0.0,0.0,0.0,0.0,0.0,0.0,0.0,0.0,0.0,0.0,0.0,0.0,0.0,154.2,2.9,0.29,18.2,1161.9,0.07,154.3,52.9,207.2,377.5,7.1,0.71,44.6,2848.5,0.16,377.9,129.5,507.4,29.83,0.0,0.0,29.83,31.21,0.0,0.0,31.21,0.0,0.0,0.0,2696.3,248.9,2447.3,0.0,0.0,0.0,0.0,0.0,0.0,0.0,0.0,0.0,0.0,0.0,0.0,0.0,248.9,0.0
2050-02-28 00:00:00,2050-02-27 22:00:00,1567.4,0.0,0.0,8.9,1576.2,1518.4,1306.1,209.8,863.0,0.0313,0.041,battery,gas-cc,0.0,0.0,0.0,0.0,0.0,0.0,0.0,0.0,0.0,0.0,0.0,0.0,0.0,0.0,0.0,0.0,0.0,0.0,146.4,2.8,0.28,17.3,1103.3,0.06,146.6,50.2,196.8,371.8,7.0,0.7,43.9,2805.5,0.16,372.2,127.6,499.7,31.38,0.0,0.0,31.38,32.72,0.0,0.0,32.72,0.0,0.0,0.0,2229.5,270.1,1959.3,0.0,0.0,0.0,0.0,0.0,0.0,0.0,0.0,0.0,0.0,0.0,0.0,0.0,270.1,0.0
2050-02-28 01:00:00,2050-02-27 23:00:00,1430.5,0.0,0.0,11.7,1442.3,1386.9,1167.9,445.3,743.5,0.0305,0.0374,battery,gas-cc,0.0,0.0,0.0,0.0,0.0,0.0,0.0,0.0,0.0,0.0,0.0,0.0,0.0,0.0,0.0,0.0,0.0,0.0,145.7,2.8,0.28,17.2,1097.9,0.06,145.9,50.0,195.8,388.3,7.3,0.73,45.9,2930.0,0.17,388.7,133.2,521.9,31.38,0.0,0.0,31.38,32.6,0.0,0.0,32.6,0.0,0.0,0.0,1740.5,274.4,1466.1,0.0,0.0,0.0,0.0,0.0,0.0,0.0,0.0,0.0,0.0,0.0,0.0,0.0,274.4,0.0
2050-02-28 02:00:00,2050-02-28 00:00:00,1325.3,0.0,0.0,17.6,1342.8,1285.4,1091.3,445.3,1640.0,0.0301,0.0347,battery,gas-cc,0.0,0.0,0.0,0.0,0.0,0.0,0.0,0.0,0.0,0.0,0.0,0.0,0.0,0.0,0.0,0.0,0.0,0.0,167.9,3.2,0.32,19.8,1265.4,0.07,168.1,57.6,225.6,373.8,7.0,0.7,44.2,2820.7,0.16,374.2,128.3,502.5,31.38,0.0,0.0,31.38,32.5,0.0,0.0,32.5,0.0,0.0,0.0,2537.5,251.5,2285.9,0.0,0.0,0.0,0.0,0.0,0.0,0.0,0.0,0.0,0.0,0.0,0.0,0.0,251.5,0.0
2050-02-28 03:00:00,2050-02-28 01:00:00,1247.4,0.0,0.0,14.5,1261.9,1210.2,1028.1,445.3,1170.6,0.0298,0.0326,battery,gas-cc,0.0,0.0,0.0,0.0,0.0,0.0,0.0,0.0,0.0,0.0,0.0,0.0,0.0,0.0,0.0,0.0,0.0,0.0,187.7,3.5,0.36,22.2,1415.4,0.08,187.9,64.4,252.3,368.6,6.9,0.69,43.5,2781.3,0.16,369.0,126.5,495.4,31.38,0.0,0.0,31.38,32.44,0.0,0.0,32.44,0.0,0.0,0.0,1987.2,233.8,1753.4,0.0,0.0,0.0,0.0,0.0,0.0,0.0,0.0,0.0,0.0,0.0,0.0,0.0,233.8,0.0
2050-02-28 04:00:00,2050-02-28 02:00:00,1201.1,0.0,0.0,14.0,1215.1,1165.3,1006.0,445.3,1091.9,0.0297,0.0314,battery,gas-cc,0.0,0.0,0.0,0.0,0.0,0.0,0.0,0.0,0.0,0.0,0.0,0.0,0.0,0.0,0.0,0.0,0.0,0.0,210.0,4.0,0.4,24.8,1583.7,0.09,210.2,72.0,282.2,368.1,6.9,0.69,43.5,2777.8,0.16,368.5,126.3,494.8,31.38,0.0,0.0,31.38,32.4,0.0,0.0,32.4,0.0,0.0,0.0,1861.6,209.0,1652.6,0.0,0.0,0.0,0.0,0.0,0.0,0.0,0.0,0.0,0.0,0.0,0.0,0.0,209.0,0.0
2050-02-28 05:00:00,2050-02-28 03:00:00,1177.9,0.0,0.0,13.6,1191.5,1142.9,1008.5,445.3,1025.4,0.0297,0.0308,battery,gas-cc,0.0,0.0,0.0,0.0,0.0,0.0,0.0,0.0,0.0,0.0,0.0,0.0,0.0,0.0,0.0,0.0,0.0,0.0,151.2,2.9,0.29,17.9,1139.8,0.07,151.4,51.9,203.3,367.9,6.9,0.69,43.5,2776.0,0.16,368.3,126.2,494.5,31.38,0.0,0.0,31.38,32.38,0.0,0.0,32.38,0.0,0.0,0.0,1771.5,182.9,1588.6,0.0,0.0,0.0,0.0,0.0,0.0,0.0,0.0,0.0,0.0,0.0,0.0,0.0,182.9,0.0
2050-02-28 06:00:00,2050-02-28 04:00:00,1188.4,0.0,0.0,13.5,1201.9,1153.1,992.4,445.3,1016.3,0.0297,0.0311,battery,gas-cc,0.0,0.0,0.0,0.0,0.0,0.0,0.0,0.0,0.0,0.0,0.0,0.0,0.0,0.0,0.0,0.0,0.0,0.0,195.3,3.7,0.37,23.1,1473.1,0.09,195.5,67.0,262.5,368.0,6.9,0.69,43.5,2776.8,0.16,368.4,126.3,494.6,31.38,0.0,0.0,31.38,32.38,0.0,0.0,32.38,0.0,0.0,0.0,1772.9,209.6,1563.3,0.0,0.0,0.0,0.0,0.0,0.0,0.0,0.0,0.0,0.0,0.0,0.0,0.0,209.6,0.0
2050-02-28 07:00:00,2050-02-28 05:00:00,1268.4,0.0,0.0,7.3,1275.7,1230.5,1062.5,445.3,64.4,0.0299,0.0332,battery,gas-cc,0.0,0.0,0.0,0.0,0.0,0.0,0.0,0.0,0.0,0.0,0.0,0.0,0.0,0.0,0.0,0.0,0.0,0.0,147.9,2.8,0.28,17.5,1114.9,0.06,148.1,50.7,198.8,386.6,7.3,0.73,45.7,2917.1,0.17,387.0,132.6,519.6,31.38,0.0,0.0,31.38,32.45,0.0,0.0,32.45,0.0,0.0,0.0,894.8,213.3,681.6,0.0,0.0,0.0,0.0,0.0,0.0,0.0,0.0,0.0,0.0,0.0,0.0,0.0,213.3,0.0
2050-02-28 08:00:00,2050-02-28 06:00:00,1441.1,0.0,0.0,13.8,1454.9,1397.0,1219.2,445.3,1066.8,0.0305,0.0377,battery,gas-cc,0.0,0.0,0.0,0.0,0.0,0.0,0.0,0.0,0.0,0.0,0.0,0.0,0.0,0.0,0.0,0.0,0.0,0.0,145.5,2.7,0.28,17.2,1096.2,0.06,145.6,49.9,195.5,370.5,7.0,0.7,43.8,2795.9,0.16,370.9,127.1,498.0,31.38,0.0,0.0,31.38,32.61,0.0,0.0,32.61,0.0,0.0,0.0,2076.4,235.7,1840.7,0.0,0.0,0.0,0.0,0.6,0.0,0.0,0.0,0.0,0.0,0.0,0.0,13.2,221.9,0.0
2050-02-28 09:00:00,2050-02-28 07:00:00,1590.5,1609.5,0.0,12.8,3212.8,1540.6,-1500.5,139.5,1640.0,0.0314,0.0416,wind-ons,wind-ons,0.0,0.0,0.0,0.0,0.0,0.0,0.0,0.0,0.0,0.0,0.0,0.0,0.0,0.0,0.0,0.0,0.0,0.0,139.9,2.6,0.26,16.5,1054.5,0.06,140.0,48.0,188.0,0.0,0.0,0.0,0.0,0.0,0.0,0.0,0.0,0.0,0.02,0.0,0.0,0.02,0.02,0.0,0.0,0.02,0.0,0.0,0.0,4713.3,4713.3,0.0,0.0,0.0,0.0,0.0,192.0,0.0,0.0,0.0,0.0,0.0,0.0,0.0,4358.8,162.5,0.0
2050-02-28 10:00:00,2050-02-28 08:00:00,1701.1,3535.0,0.0,10.7,5246.7,1646.4,-1640.0,0.0,1640.0,0.0322,0.0445,upv,upv,0.0,0.0,0.0,0.0,0.0,0.0,0.0,0.0,0.0,0.0,0.0,0.0,0.0,0.0,0.0,0.0,0.0,0.0,140.0,2.6,0.27,16.5,1055.7,0.06,140.2,48.0,188.2,0.0,0.0,0.0,0.0,0.0,0.0,0.0,0.0,0.0,0.0,0.0,0.0,0.0,0.0,0.0,0.0,0.0,0.0,2064.2,2064.2,6886.6,6886.6,0.0,0.0,0.0,0.0,0.0,371.0,0.0,0.0,0.0,0.0,0.0,0.0,0.0,6356.1,159.5,0.0
2050-02-28 11:00:00,2050-02-28 09:00:00,1701.1,3240.3,0.0,10.7,4952.0,1646.4,-1640.0,0.0,1640.0,0.0322,0.0445,upv,upv,0.0,0.0,0.0,0.0,0.0,0.0,0.0,0.0,0.0,0.0,0.0,0.0,0.0,0.0,0.0,0.0,0.0,0.0,140.0,2.6,0.26,16.5,1055.4,0.06,140.1,48.0,188.1,0.0,0.0,0.0,0.0,0.0,0.0,0.0,0.0,0.0,0.0,0.0,0.0,0.0,0.0,0.0,0.0,0.0,161.3,2239.9,2401.2,6592.0,6592.0,0.0,0.0,0.0,0.0,0.0,0.0,0.0,0.0,0.0,0.0,0.0,0.0,0.0,6592.0,0.0,0.0
2050-02-28 12:00:00,2050-02-28 10:00:00,1633.7,3725.9,0.0,10.7,5370.3,1581.9,-1640.0,0.0,1640.0,0.0317,0.0427,upv,upv,0.0,0.0,0.0,0.0,0.0,0.0,0.0,0.0,0.0,0.0,0.0,0.0,0.0,0.0,0.0,0.0,0.0,0.0,140.1,2.6,0.27,16.5,1055.8,0.06,140.2,48.0,188.2,0.0,0.0,0.0,0.0,0.0,0.0,0.0,0.0,0.0,0.0,0.0,0.0,0.0,0.0,0.0,0.0,0.0,0.0,1795.5,1795.5,7010.2,7010.2,0.0,0.0,0.0,0.0,0.0,365.6,0.0,0.0,0.0,0.0,0.0,0.0,0.0,6502.1,142.6,0.0
2050-02-28 13:00:00,2050-02-28 11:00:00,1569.5,4019.6,0.0,10.7,5599.7,1520.4,-1640.0,0.0,1640.0,0.0313,0.041,upv,upv,0.0,0.0,0.0,0.0,0.0,0.0,0.0,0.0,0.0,0.0,0.0,0.0,0.0,0.0,0.0,0.0,0.0,0.0,139.9,2.6,0.26,16.5,1054.3,0.06,140.0,48.0,188.0,0.0,0.0,0.0,0.0,0.0,0.0,0.0,0.0,0.0,0.0,0.0,0.0,0.0,0.0,0.0,0.0,0.0,82.8,2388.3,2471.1,7239.7,7239.7,0.0,0.0,0.0,0.0,0.0,0.0,0.0,0.0,0.0,0.0,0.0,0.0,0.0,7239.7,0.0,0.0
2050-02-28 14:00:00,2050-02-28 12:00:00,1551.6,3016.4,0.0,10.7,4578.6,1503.2,-1640.0,0.0,1640.0,0.0312,0.0406,upv,upv,0.0,0.0,0.0,0.0,0.0,0.0,0.0,0.0,0.0,0.0,0.0,0.0,0.0,0.0,0.0,0.0,0.0,0.0,140.0,2.6,0.27,16.5,1055.6,0.06,140.2,48.0,188.2,0.0,0.0,0.0,0.0,0.0,0.0,0.0,0.0,0.0,0.0,0.0,0.0,0.0,0.0,0.0,0.0,0.0,0.0,3518.7,3518.7,6218.6,6218.6,0.0,0.0,0.0,0.0,0.0,407.8,0.0,0.0,0.0,0.0,0.0,0.0,0.0,5735.2,75.5,0.0
2050-02-28 15:00:00,2050-02-28 13:00:00,1530.5,3012.5,0.0,10.7,4553.7,1483.0,-1640.0,0.0,1640.0,0.031,0.04,upv,upv,0.0,0.0,0.0,0.0,0.0,0.0,0.0,0.0,0.0,0.0,0.0,0.0,0.0,0.0,0.0,0.0,0.0,0.0,141.3,2.7,0.27,16.7,1065.1,0.06,141.4,48.4,189.9,0.0,0.0,0.0,0.0,0.0,0.0,0.0,0.0,0.0,0.0,0.0,0.0,0.0,0.0,0.0,0.0,0.0,0.0,3873.3,3873.3,6193.7,6193.7,0.0,0.0,0.0,0.0,0.0,422.2,0.0,0.0,0.0,0.0,0.0,0.0,0.0,5710.2,61.2,0.0
2050-02-28 16:00:00,2050-02-28 14:00:00,1503.2,3169.5,0.0,10.7,4683.3,1456.8,-1640.0,0.0,1640.0,0.0309,0.0393,upv,upv,0.0,0.0,0.0,0.0,0.0,0.0,0.0,0.0,0.0,0.0,0.0,0.0,0.0,0.0,0.0,0.0,0.0,0.0,145.3,2.7,0.27,17.2,1095.2,0.06,145.4,49.8,195.2,0.0,0.0,0.0,0.0,0.0,0.0,0.0,0.0,0.0,0.0,0.0,0.0,0.0,0.0,0.0,0.0,0.0,0.0,3985.8,3985.8,6323.3,6323.3,0.0,0.0,0.0,0.0,0.0,433.1,0.0,0.0,0.0,0.0,0.0,0.0,0.0,5843.3,46.9,0.0
2050-02-28 17:00:00,2050-02-28 15:00:00,1523.2,3406.0,0.0,10.7,4939.8,1476.0,-1640.0,0.0,1640.0,0.031,0.0398,upv,upv,0.0,0.0,0.0,0.0,0.0,0.0,0.0,0.0,0.0,0.0,0.0,0.0,0.0,0.0,0.0,0.0,0.0,0.0,140.3,2.6,0.27,16.6,1057.4,0.06,140.4,48.1,188.5,0.0,0.0,0.0,0.0,0.0,0.0,0.0,0.0,0.0,0.0,0.0,0.0,0.0,0.0,0.0,0.0,0.0,0.0,3559.2,3559.2,6579.8,6579.8,0.0,0.0,0.0,0.0,0.0,426.2,0.0,0.0,0.0,0.0,0.0,0.0,0.0,6114.8,38.8,0.0
2050-02-28 18:00:00,2050-02-28 16:00:00,1590.5,2431.9,0.0,10.7,4033.1,1540.6,-1640.0,0.0,1640.0,0.0314,0.0416,upv,upv,0.0,0.0,0.0,0.0,0.0,0.0,0.0,0.0,0.0,0.0,0.0,0.0,0.0,0.0,0.0,0.0,0.0,0.0,140.2,2.6,0.27,16.6,1057.1,0.06,140.4,48.1,188.5,0.0,0.0,0.0,0.0,0.0,0.0,0.0,0.0,0.0,0.0,0.0,0.0,0.0,0.0,0.0,0.0,0.0,31.9,1559.8,1591.7,5673.0,5673.0,0.0,0.0,0.0,0.0,0.0,0.0,0.0,0.0,0.0,0.0,0.0,0.0,0.0,5673.0,0.0,0.0
2050-02-28 19:00:00,2050-02-28 17:00:00,1683.2,0.0,0.0,12.6,1695.8,1629.3,466.6,445.3,881.1,0.032,0.044,battery,gas-cc,0.0,0.0,0.0,0.0,0.0,0.0,0.0,0.0,0.0,0.0,0.0,0.0,0.0,0.0,0.0,0.0,0.0,0.0,148.1,2.8,0.28,17.5,1116.2,0.06,148.3,50.8,199.0,331.2,6.2,0.62,39.1,2499.2,0.14,331.5,113.6,445.2,25.13,0.0,0.0,25.13,26.29,0.0,0.0,26.29,0.0,0.0,0.0,2131.6,1229.2,902.4,0.0,0.0,0.0,0.0,50.0,0.0,0.0,0.0,0.0,0.0,0.0,0.0,1134.1,45.1,0.0
2050-02-28 20:00:00,2050-02-28 18:00:00,1843.2,0.0,0.0,14.1,1857.2,1781.9,1805.9,445.3,1100.4,0.0332,0.0482,battery,gas-cc,0.0,0.0,0.0,0.0,0.0,0.0,0.0,0.0,0.0,0.0,0.0,0.0,0.0,0.0,0.0,0.0,0.0,0.0,202.4,3.8,0.38,23.9,1526.5,0.09,202.6,69.4,272.1,385.5,7.3,0.73,45.5,2908.7,0.17,385.9,132.3,518.1,25.13,0.0,0.0,25.13,26.4,0.0,0.0,26.4,0.0,0.0,0.0,2512.3,51.3,2461.0,0.0,0.0,0.0,0.0,0.0,0.0,0.0,0.0,0.0,0.0,0.0,0.0,0.0,51.3,0.0
2050-02-28 21:00:00,2050-02-28 19:00:00,1900.0,0.0,0.0,16.3,1916.3,1835.9,1887.9,445.3,1445.2,0.0337,0.0497,battery,gas-cc,0.0,0.0,0.0,0.0,0.0,0.0,0.0,0.0,0.0,0.0,0.0,0.0,0.0,0.0,0.0,0.0,0.0,0.0,168.3,3.2,0.32,19.9,1268.5,0.07,168.4,57.7,226.1,387.7,7.3,0.73,45.8,2925.6,0.17,388.1,133.0,521.1,25.13,0.0,0.0,25.13,26.44,0.0,0.0,26.44,0.0,0.0,0.0,2916.1,28.4,2887.8,0.0,0.0,0.0,0.0,0.0,0.0,0.0,0.0,0.0,0.0,0.0,0.0,0.0,28.4,0.0
2050-02-28 22:00:00,2050-02-28 20:00:00,1827.4,0.0,0.0,14.4,1841.8,1766.8,1826.9,445.3,1151.1,0.0331,0.0478,battery,gas-cc,0.0,0.0,0.0,0.0,0.0,0.0,0.0,0.0,0.0,0.0,0.0,0.0,0.0,0.0,0.0,0.0,0.0,0.0,153.5,2.9,0.29,18.1,1156.9,0.07,153.7,52.6,206.3,385.3,7.3,0.73,45.5,2907.5,0.17,385.7,132.2,517.9,25.13,0.0,0.0,25.13,26.39,0.0,0.0,26.39,0.0,0.0,0.0,2547.6,14.8,2532.7,0.0,0.0,0.0,0.0,0.0,0.0,0.0,0.0,0.0,0.0,0.0,0.0,0.0,14.8,0.0
2050-02-28 23:00:00,2050-02-28 21:00:00,1760.0,0.0,0.0,14.0,1774.0,1702.6,1766.7,438.3,1103.6,0.0326,0.046,battery,gas-cc,0.0,0.0,0.0,0.0,0.0,0.0,0.0,0.0,0.0,0.0,0.0,0.0,0.0,0.0,0.0,0.0,0.0,0.0,144.0,2.7,0.27,17.0,1085.3,0.06,144.1,49.4,193.5,384.6,7.2,0.72,45.4,2902.1,0.17,385.0,132.0,517.0,25.13,0.0,0.0,25.13,26.34,0.0,0.0,26.34,0.0,0.0,0.0,2439.2,7.3,2431.9,0.0,0.0,0.0,0.0,0.0,0.0,0.0,0.0,0.0,0.0,0.0,0.0,0.0,7.3,0.0
2050-03-01 00:00:00,2050-02-28 22:00:00,1642.1,0.0,0.0,6.1,1648.2,1590.0,1642.7,393.0,0.0,0.0317,0.0429,battery,gas-cc,0.0,0.0,0.0,0.0,0.0,0.0,0.0,0.0,0.0,0.0,0.0,0.0,0.0,0.0,0.0,0.0,0.0,0.0,143.4,2.7,0.27,16.9,1080.9,0.06,143.5,49.2,192.7,330.8,6.2,0.62,39.1,2496.4,0.14,331.2,113.5,444.7,26.3,0.0,0.0,26.3,27.48,0.0,0.0,27.48,0.0,0.0,0.0,1255.2,5.5,1249.7,0.0,0.0,0.0,0.0,0.0,0.0,0.0,0.0,0.0,0.0,0.0,0.0,0.0,5.5,0.0
2050-03-01 01:00:00,2050-02-28 23:00:00,1497.9,0.0,0.0,11.4,1509.3,1451.7,1502.1,411.2,771.8,0.0308,0.0392,phs,gas-cc,0.0,0.0,0.0,0.0,0.0,0.0,0.0,0.0,0.0,0.0,0.0,0.0,0.0,0.0,0.0,0.0,0.0,0.0,143.3,2.7,0.27,16.9,1080.4,0.06,143.5,49.1,192.6,329.5,6.2,0.62,38.9,2486.6,0.14,329.9,113.1,442.9,26.3,0.0,0.0,26.3,27.37,0.0,0.0,27.37,0.0,0.0,0.0,1869.9,7.2,1862.7,0.0,0.0,0.0,0.0,0.0,0.0,0.0,0.0,0.0,0.0,0.0,0.0,0.0,7.2,0.0
2050-03-01 02:00:00,2050-03-01 00:00:00,1373.7,0.0,0.0,3.9,1377.6,1332.2,1364.9,250.7,0.0,0.0302,0.0359,battery,gas-cc,0.0,0.0,0.0,0.0,0.0,0.0,0.0,0.0,0.0,0.0,0.0,0.0,0.0,0.0,0.0,0.0,0.0,0.0,153.8,2.9,0.29,18.2,1159.7,0.07,154.0,52.8,206.7,328.4,6.2,0.62,38.8,2478.2,0.14,328.8,112.7,441.4,26.3,0.0,0.0,26.3,27.28,0.0,0.0,27.28,0.0,0.0,0.0,1126.9,12.7,1114.2,0.0,0.0,0.0,0.0,0.0,0.0,0.0,0.0,0.0,0.0,0.0,0.0,0.0,12.7,0.0
2050-03-01 03:00:00,2050-03-01 01:00:00,1298.9,0.0,0.0,6.9,1305.8,1260.0,1296.1,445.3,0.0,0.03,0.034,battery,gas-cc,0.0,0.0,0.0,0.0,0.0,0.0,0.0,0.0,0.0,0.0,0.0,0.0,0.0,0.0,0.0,0.0,0.0,0.0,146.0,2.8,0.28,17.2,1100.5,0.06,146.1,50.1,196.2,327.7,6.2,0.62,38.7,2473.2,0.14,328.1,112.5,440.6,26.3,0.0,0.0,26.3,27.23,0.0,0.0,27.23,0.0,0.0,0.0,860.5,9.8,850.8,0.0,0.0,0.0,0.0,0.0,0.0,0.0,0.0,0.0,0.0,0.0,0.0,0.0,9.8,0.0
2050-03-01 04:00:00,2050-03-01 02:00:00,1260.0,0.0,0.0,1.6,1261.6,1222.4,1253.8,0.0,245.4,0.0299,0.033,battery,gas-cc,0.0,0.0,0.0,0.0,0.0,0.0,0.0,0.0,0.0,0.0,0.0,0.0,0.0,0.0,0.0,0.0,0.0,0.0,145.5,2.7,0.28,17.2,1096.7,0.06,145.6,49.9,195.5,363.8,6.9,0.69,43.0,2745.1,0.16,364.2,124.8,489.0,26.3,0.0,0.0,26.3,27.2,0.0,0.0,27.2,0.0,0.0,0.0,1507.0,7.8,1499.2,0.0,0.0,0.0,0.0,0.0,0.0,0.0,0.0,0.0,0.0,0.0,0.0,0.0,7.8,0.0
2050-03-01 05:00:00,2050-03-01 03:00:00,1240.0,0.0,0.0,10.2,1250.2,1203.0,1244.3,56.0,1438.4,0.0298,0.0324,battery,gas-cc,0.0,0.0,0.0,0.0,0.0,0.0,0.0,0.0,0.0,0.0,0.0,0.0,0.0,0.0,0.0,0.0,0.0,0.0,149.2,2.8,0.28,17.6,1124.9,0.06,149.4,51.2,200.5,352.3,6.6,0.66,41.6,2658.8,0.15,352.7,120.9,473.6,26.3,0.0,0.0,26.3,27.18,0.0,0.0,27.18,0.0,0.0,0.0,2632.6,5.9,2626.7,0.0,0.0,0.0,0.0,0.0,0.0,0.0,0.0,0.0,0.0,0.0,0.0,0.0,5.9,0.0
2050-03-01 06:00:00,2050-03-01 04:00:00,1265.3,0.0,0.0,9.1,1274.4,1227.5,1266.9,0.0,1401.2,0.0299,0.0331,gas-cc,gas-cc,0.0,0.0,0.0,0.0,0.0,0.0,0.0,0.0,0.0,0.0,0.0,0.0,0.0,0.0,0.0,0.0,0.0,0.0,170.3,3.2,0.32,20.1,1284.2,0.07,170.5,58.4,228.9,363.8,6.9,0.69,43.0,2745.5,0.16,364.2,124.8,489.1,26.3,0.0,0.0,26.3,27.2,0.0,0.0,27.2,0.0,0.0,0.0,2675.6,7.4,2668.1,0.0,0.0,0.0,0.0,0.0,0.0,0.0,0.0,0.0,0.0,0.0,0.0,0.0,7.4,0.0
2050-03-01 07:00:00,2050-03-01 05:00:00,1350.5,0.0,0.0,5.8,1356.3,1309.8,1346.4,32.7,811.1,0.0301,0.0353,battery,gas-cc,0.0,0.0,0.0,0.0,0.0,0.0,0.0,0.0,0.0,0.0,0.0,0.0,0.0,0.0,0.0,0.0,0.0,0.0,142.5,2.7,0.27,16.8,1074.6,0.06,142.7,48.9,191.6,364.7,6.9,0.69,43.1,2751.8,0.16,365.1,125.1,490.2,26.3,0.0,0.0,26.3,27.26,0.0,0.0,27.26,0.0,0.0,0.0,2134.7,9.9,2124.8,0.0,0.0,0.0,0.0,0.0,0.0,0.0,0.0,0.0,0.0,0.0,0.0,0.0,9.9,0.0
2050-03-01 08:00:00,2050-03-01 06:00:00,1528.4,0.0,0.0,3.4,1531.8,1481.0,1499.6,220.1,0.0,0.031,0.04,battery,gas-cc,0.0,0.0,0.0,0.0,0.0,0.0,0.0,0.0,0.0,0.0,0.0,0.0,0.0,0.0,0.0,0.0,0.0,0.0,143.1,2.7,0.27,16.9,1078.6,0.06,143.2,49.1,192.3,329.8,6.2,0.62,39.0,2488.7,0.14,330.1,113.2,443.3,26.3,0.0,0.0,26.3,27.4,0.0,0.0,27.4,0.0,0.0,0.0,1311.7,32.2,1279.5,0.0,0.0,0.0,0.0,0.8,0.0,0.0,0.0,0.0,0.0,0.0,0.0,18.5,12.9,0.0
2050-03-01 09:00:00,2050-03-01 07:00:00,1675.8,1609.5,0.0,10.7,3295.9,1622.2,-1640.0,0.0,1640.0,0.032,0.0438,distpv,distpv,0.0,0.0,0.0,0.0,0.0,0.0,0.0,0.0,0.0,0.0,0.0,0.0,0.0,0.0,0.0,0.0,0.0,0.0,148.7,2.8,0.28,17.6,1121.3,0.06,148.9,51.0,199.9,0.0,0.0,0.0,0.0,0.0,0.0,0.0,0.0,0.0,0.0,0.0,0.0,0.0,0.0,0.0,0.0,0.0,0.0,106.2,106.2,4935.9,4935.9,0.0,0.0,0.0,0.0,0.0,106.0,0.0,0.0,0.0,0.0,0.0,0.0,0.0,4817.6,12.3,0.0
2050-03-01 10:00:00,2050-03-01 08:00:00,1757.9,3535.0,0.0,0.0,5292.8,1700.6,-0.0,0.0,0.0,0.0326,0.046,upv,upv,0.0,0.0,0.0,0.0,0.0,0.0,0.0,0.0,0.0,0.0,0.0,0.0,0.0,0.0,0.0,0.0,0.0,0.0,140.0,2.6,0.27,16.5,1055.8,0.06,140.2,48.0,188.2,0.0,0.0,0.0,0.0,0.0,0.0,0.0,0.0,0.0,0.0,0.0,0.0,0.0,0.0,0.0,0.0,0.0,8.7,4173.2,4181.8,5292.8,5292.8,0.0,0.0,0.0,0.0,0.0,399.5,0.0,0.0,0.0,0.0,0.0,0.0,0.0,4893.3,0.0,0.0
2050-03-01 11:00:00,2050-03-01 09:00:00,1731.6,3625.0,0.0,0.0,5356.6,1675.5,0.0,0.0,0.0,0.0324,0.0453,upv,upv,0.0,0.0,0.0,0.0,0.0,0.0,0.0,0.0,0.0,0.0,0.0,0.0,0.0,0.0,0.0,0.0,0.0,0.0,140.0,2.6,0.27,16.5,1055.6,0.06,140.2,48.0,188.2,0.0,0.0,0.0,0.0,0.0,0.0,0.0,0.0,0.0,0.0,0.0,0.0,0.0,0.0,0.0,0.0,0.0,3.8,4817.9,4821.8,5356.6,5356.6,0.0,0.0,0.0,0.0,0.0,429.5,0.0,0.0,0.0,0.0,0.0,0.0,0.0,4927.1,0.0,0.0
2050-03-01 12:00:00,2050-03-01 10:00:00,1610.5,3435.1,0.0,0.0,5045.6,1559.8,0.0,0.0,0.0,0.0315,0.0421,upv,upv,0.0,0.0,0.0,0.0,0.0,0.0,0.0,0.0,0.0,0.0,0.0,0.0,0.0,0.0,0.0,0.0,0.0,0.0,139.9,2.6,0.26,16.5,1054.6,0.06,140.0,48.0,188.0,0.0,0.0,0.0,0.0,0.0,0.0,0.0,0.0,0.0,0.0,0.0,0.0,0.0,0.0,0.0,0.0,0.0,0.6,4696.9,4697.5,5045.6,5045.6,0.0,0.0,0.0,0.0,0.0,411.1,0.0,0.0,0.0,0.0,0.0,0.0,0.0,4634.6,0.0,0.0
2050-03-01 13:00:00,2050-03-01 11:00:00,1523.2,3336.3,0.0,0.0,4859.4,1476.0,0.0,0.0,0.0,0.031,0.0398,upv,upv,0.0,0.0,0.0,0.0,0.0,0.0,0.0,0.0,0.0,0.0,0.0,0.0,0.0,0.0,0.0,0.0,0.0,0.0,139.8,2.6,0.26,16.5,1054.0,0.06,140.0,47.9,187.9,0.0,0.0,0.0,0.0,0.0,0.0,0.0,0.0,0.0,0.0,0.0,0.0,0.0,0.0,0.0,0.0,0.0,0.0,4721.1,4721.1,4859.4,4859.4,0.0,0.0,0.0,0.0,0.0,404.2,0.0,0.0,0.0,0.0,0.0,0.0,0.0,4455.2,0.0,0.0
2050-03-01 14:00:00,2050-03-01 12:00:00,1500.0,3791.8,0.0,0.0,5291.8,1453.7,0.0,0.0,0.0,0.0309,0.0392,upv,upv,0.0,0.0,0.0,0.0,0.0,0.0,0.0,0.0,0.0,0.0,0.0,0.0,0.0,0.0,0.0,0.0,0.0,0.0,139.8,2.6,0.26,16.5,1053.9,0.06,139.9,47.9,187.9,0.0,0.0,0.0,0.0,0.0,0.0,0.0,0.0,0.0,0.0,0.0,0.0,0.0,0.0,0.0,0.0,0.0,1.8,4383.2,4385.0,5291.8,5291.8,0.0,0.0,0.0,0.0,0.0,408.2,0.0,0.0,0.0,0.0,0.0,0.0,0.0,4883.6,0.0,0.0
2050-03-01 15:00:00,2050-03-01 13:00:00,1478.9,3435.1,0.0,0.0,4914.0,1433.5,0.0,0.0,0.0,0.0307,0.0387,upv,upv,0.0,0.0,0.0,0.0,0.0,0.0,0.0,0.0,0.0,0.0,0.0,0.0,0.0,0.0,0.0,0.0,0.0,0.0,139.8,2.6,0.26,16.5,1053.8,0.06,139.9,47.9,187.9,0.0,0.0,0.0,0.0,0.0,0.0,0.0,0.0,0.0,0.0,0.0,0.0,0.0,0.0,0.0,0.0,0.0,0.0,5161.8,5161.8,4914.0,4914.0,0.0,0.0,0.0,0.0,0.0,424.4,0.0,0.0,0.0,0.0,0.0,0.0,0.0,4473.4,16.3,0.0
2050-03-01 16:00:00,2050-03-01 14:00:00,1482.1,3211.2,0.0,0.0,4693.3,1436.5,0.0,0.0,0.0,0.0308,0.0388,upv,upv,0.0,0.0,0.0,0.0,0.0,0.0,0.0,0.0,0.0,0.0,0.0,0.0,0.0,0.0,0.0,0.0,0.0,0.0,139.8,2.6,0.26,16.5,1053.8,0.06,139.9,47.9,187.9,0.0,0.0,0.0,0.0,0.0,0.0,0.0,0.0,0.0,0.0,0.0,0.0,0.0,0.0,0.0,0.0,0.0,0.0,5573.8,5573.8,4693.3,4693.3,0.0,0.0,0.0,0.0,0.0,432.0,0.0,0.0,0.0,0.0,0.0,0.0,0.0,4229.4,31.9,0.0
2050-03-01 17:00:00,2050-03-01 15:00:00,1515.8,2755.7,0.0,0.0,4271.4,1468.9,0.0,0.0,0.0,0.0309,0.0396,upv,upv,0.0,0.0,0.0,0.0,0.0,0.0,0.0,0.0,0.0,0.0,0.0,0.0,0.0,0.0,0.0,0.0,0.0,0.0,140.6,2.7,0.27,16.6,1060.0,0.06,140.7,48.2,189.0,0.0,0.0,0.0,0.0,0.0,0.0,0.0,0.0,0.0,0.0,0.0,0.0,0.0,0.0,0.0,0.0,0.0,0.0,5766.3,5766.3,4271.4,4271.4,0.0,0.0,0.0,0.0,0.0,421.9,0.0,0.0,0.0,0.0,0.0,0.0,0.0,3804.3,45.3,0.0
2050-03-01 18:00:00,2050-03-01 16:00:00,1580.0,2431.9,0.0,0.0,4011.9,1530.5,-0.0,0.0,0.0,0.0313,0.0413,upv,upv,0.0,0.0,0.0,0.0,0.0,0.0,0.0,0.0,0.0,0.0,0.0,0.0,0.0,0.0,0.0,0.0,0.0,0.0,139.9,2.6,0.26,16.5,1054.4,0.06,140.0,48.0,188.0,0.0,0.0,0.0,0.0,0.0,0.0,0.0,0.0,0.0,0.0,0.0,0.0,0.0,0.0,0.0,0.0,0.0,0.0,3122.2,3122.2,4011.9,4011.9,0.0,0.0,0.0,0.0,0.0,299.4,0.0,0.0,0.0,0.0,0.0,0.0,0.0,3669.6,43.0,0.0
2050-03-01 19:00:00,2050-03-01 17:00:00,1665.3,0.0,0.0,16.2,1681.5,1612.1,404.0,445.3,1434.2,0.0319,0.0435,battery,gas-cc,0.0,0.0,0.0,0.0,0.0,0.0,0.0,0.0,0.0,0.0,0.0,0.0,0.0,0.0,0.0,0.0,0.0,0.0,143.8,2.7,0.27,17.0,1084.1,0.06,143.9,49.3,193.3,367.8,6.9,0.69,43.4,2775.5,0.16,368.2,126.2,494.4,23.78,0.0,0.0,23.78,24.87,0.0,0.0,24.87,0.0,0.0,0.0,2670.4,1277.5,1392.9,0.0,0.0,0.0,0.0,51.6,0.0,0.0,0.0,0.0,0.0,0.0,0.0,1171.3,54.6,0.0
2050-03-01 20:00:00,2050-03-01 18:00:00,1834.7,0.0,0.0,17.4,1852.1,1773.9,1799.7,445.3,1617.0,0.0332,0.048,battery,gas-cc,0.0,0.0,0.0,0.0,0.0,0.0,0.0,0.0,0.0,0.0,0.0,0.0,0.0,0.0,0.0,0.0,0.0,0.0,143.4,2.7,0.27,16.9,1081.4,0.06,143.6,49.2,192.8,369.5,7.0,0.7,43.7,2788.4,0.16,369.9,126.8,496.7,23.78,0.0,0.0,23.78,24.98,0.0,0.0,24.98,0.0,0.0,0.0,3023.9,52.4,2971.4,0.0,0.0,0.0,0.0,0.0,0.0,0.0,0.0,0.0,0.0,0.0,0.0,0.0,52.4,0.0
2050-03-01 21:00:00,2050-03-01 19:00:00,1881.1,0.0,0.0,17.6,1898.6,1817.9,1863.9,445.3,1640.0,0.0336,0.0492,battery,gas-cc,0.0,0.0,0.0,0.0,0.0,0.0,0.0,0.0,0.0,0.0,0.0,0.0,0.0,0.0,0.0,0.0,0.0,0.0,143.3,2.7,0.27,16.9,1080.5,0.06,143.5,49.1,192.6,333.0,6.3,0.63,39.3,2512.8,0.14,333.3,114.3,447.6,23.78,0.0,0.0,23.78,25.01,0.0,0.0,25.01,0.0,0.0,0.0,3093.3,34.7,3058.6,0.0,0.0,0.0,0.0,0.0,0.0,0.0,0.0,0.0,0.0,0.0,0.0,0.0,34.7,0.0
2050-03-01 22:00:00,2050-03-01 20:00:00,1802.1,0.0,0.0,17.6,1819.7,1742.8,1789.8,445.3,1640.0,0.0329,0.0471,battery,gas-cc,0.0,0.0,0.0,0.0,0.0,0.0,0.0,0.0,0.0,0.0,0.0,0.0,0.0,0.0,0.0,0.0,0.0,0.0,148.3,2.8,0.28,17.5,1118.1,0.06,148.5,50.9,199.3,332.3,6.3,0.63,39.3,2507.4,0.14,332.6,114.0,446.6,23.78,0.0,0.0,23.78,24.96,0.0,0.0,24.96,0.0,0.0,0.0,3014.3,29.9,2984.5,0.0,0.0,0.0,0.0,0.0,0.0,0.0,0.0,0.0,0.0,0.0,0.0,0.0,29.9,0.0
2050-03-01 23:00:00,2050-03-01 21:00:00,1729.5,0.0,0.0,12.7,1742.2,1673.5,1719.9,445.3,897.6,0.0324,0.0452,battery,gas-cc,0.0,0.0,0.0,0.0,0.0,0.0,0.0,0.0,0.0,0.0,0.0,0.0,0.0,0.0,0.0,0.0,0.0,0.0,143.0,2.7,0.27,16.9,1077.8,0.06,143.1,49.0,192.1,368.5,6.9,0.69,43.5,2780.4,0.16,368.8,126.4,495.3,23.78,0.0,0.0,23.78,24.91,0.0,0.0,24.91,0.0,0.0,0.0,2194.5,22.3,2172.1,0.0,0.0,0.0,0.0,0.0,0.0,0.0,0.0,0.0,0.0,0.0,0.0,0.0,22.3,0.0
2050-03-02 00:00:00,2050-03-01 22:00:00,1613.7,0.0,0.0,12.8,1626.5,1562.8,1595.9,445.3,904.2,0.0315,0.0422,battery,gas-cc,0.0,0.0,0.0,0.0,0.0,0.0,0.0,0.0,0.0,0.0,0.0,0.0,0.0,0.0,0.0,0.0,0.0,0.0,143.1,2.7,0.27,16.9,1078.8,0.06,143.3,49.1,192.3,400.6,7.5,0.75,47.3,3022.7,0.17,401.0,137.4,538.4,25.11,0.0,0.0,25.11,26.22,0.0,0.0,26.22,0.0,0.0,0.0,2085.4,30.5,2054.9,0.0,0.0,0.0,0.0,0.0,0.0,0.0,0.0,0.0,0.0,0.0,0.0,0.0,30.5,0.0
2050-03-02 01:00:00,2050-03-01 23:00:00,1478.9,0.0,0.0,11.9,1490.9,1433.5,1445.7,445.3,776.3,0.0307,0.0387,battery,gas-cc,0.0,0.0,0.0,0.0,0.0,0.0,0.0,0.0,0.0,0.0,0.0,0.0,0.0,0.0,0.0,0.0,0.0,0.0,150.2,2.8,0.28,17.7,1132.4,0.07,150.3,51.5,201.9,399.1,7.5,0.75,47.1,3011.6,0.17,399.5,136.9,536.5,25.11,0.0,0.0,25.11,26.12,0.0,0.0,26.12,0.0,0.0,0.0,1821.9,45.2,1776.7,0.0,0.0,0.0,0.0,0.0,0.0,0.0,0.0,0.0,0.0,0.0,0.0,0.0,45.2,0.0
2050-03-02 02:00:00,2050-03-02 00:00:00,1394.7,0.0,0.0,13.0,1407.7,1352.4,1358.0,445.3,932.6,0.0303,0.0365,battery,gas-cc,0.0,0.0,0.0,0.0,0.0,0.0,0.0,0.0,0.0,0.0,0.0,0.0,0.0,0.0,0.0,0.0,0.0,0.0,214.7,4.0,0.41,25.4,1619.3,0.09,214.9,73.6,288.5,398.2,7.5,0.75,47.0,3004.7,0.17,398.6,136.6,535.2,25.11,0.0,0.0,25.11,26.07,0.0,0.0,26.07,0.0,0.0,0.0,1895.0,49.7,1845.3,0.0,0.0,0.0,0.0,0.0,0.0,0.0,0.0,0.0,0.0,0.0,0.0,0.0,49.7,0.0
2050-03-02 03:00:00,2050-03-02 01:00:00,1311.6,0.0,0.0,12.3,1323.8,1272.2,1274.7,445.3,823.3,0.03,0.0343,gas-cc,gas-cc,0.0,0.0,0.0,0.0,0.0,0.0,0.0,0.0,0.0,0.0,0.0,0.0,0.0,0.0,0.0,0.0,0.0,0.0,166.8,3.1,0.32,19.7,1257.9,0.07,167.0,57.2,224.2,368.7,6.9,0.69,43.6,2782.1,0.16,369.1,126.5,495.6,25.11,0.0,0.0,25.11,26.01,0.0,0.0,26.01,0.0,0.0,0.0,1701.8,49.2,1652.6,0.0,0.0,0.0,0.0,0.0,0.0,0.0,0.0,0.0,0.0,0.0,0.0,0.0,49.2,0.0
2050-03-02 04:00:00,2050-03-02 02:00:00,1270.5,0.0,0.0,10.0,1280.5,1232.6,1228.6,445.3,479.7,0.0299,0.0332,battery,gas-cc,0.0,0.0,0.0,0.0,0.0,0.0,0.0,0.0,0.0,0.0,0.0,0.0,0.0,0.0,0.0,0.0,0.0,0.0,152.6,2.9,0.29,18.0,1150.4,0.07,152.7,52.3,205.1,381.1,7.2,0.72,45.0,2875.7,0.17,381.5,130.8,512.3,25.11,0.0,0.0,25.11,25.98,0.0,0.0,25.98,0.0,0.0,0.0,1314.9,51.9,1263.0,0.0,0.0,0.0,0.0,0.0,0.0,0.0,0.0,0.0,0.0,0.0,0.0,0.0,51.9,0.0
2050-03-02 05:00:00,2050-03-02 03:00:00,1242.1,0.0,0.0,10.2,1252.3,1205.1,1200.2,445.3,508.1,0.0298,0.0325,battery,gas-cc,0.0,0.0,0.0,0.0,0.0,0.0,0.0,0.0,0.0,0.0,0.0,0.0,0.0,0.0,0.0,0.0,0.0,0.0,180.3,3.4,0.34,21.3,1359.8,0.08,180.5,61.8,242.3,380.8,7.2,0.72,45.0,2873.5,0.17,381.2,130.7,511.9,25.11,0.0,0.0,25.11,25.96,0.0,0.0,25.96,0.0,0.0,0.0,1315.1,52.2,1263.0,0.0,0.0,0.0,0.0,0.0,0.0,0.0,0.0,0.0,0.0,0.0,0.0,0.0,52.2,0.0
2050-03-02 06:00:00,2050-03-02 04:00:00,1263.2,0.0,0.0,9.3,1272.4,1225.4,1229.8,445.3,362.9,0.0299,0.033,battery,gas-cc,0.0,0.0,0.0,0.0,0.0,0.0,0.0,0.0,0.0,0.0,0.0,0.0,0.0,0.0,0.0,0.0,0.0,0.0,143.4,2.7,0.27,16.9,1081.1,0.06,143.6,49.2,192.7,396.8,7.5,0.75,46.9,2994.0,0.17,397.2,136.1,533.3,25.11,0.0,0.0,25.11,25.97,0.0,0.0,25.97,0.0,0.0,0.0,1190.0,42.7,1147.3,0.0,0.0,0.0,0.0,0.0,0.0,0.0,0.0,0.0,0.0,0.0,0.0,0.0,42.7,0.0
2050-03-02 07:00:00,2050-03-02 05:00:00,1361.1,0.0,0.0,12.3,1373.3,1320.0,1338.4,445.3,830.0,0.0302,0.0356,battery,gas-cc,0.0,0.0,0.0,0.0,0.0,0.0,0.0,0.0,0.0,0.0,0.0,0.0,0.0,0.0,0.0,0.0,0.0,0.0,202.6,3.8,0.38,23.9,1528.1,0.09,202.8,69.5,272.3,397.8,7.5,0.75,47.0,3002.0,0.17,398.2,136.5,534.7,25.11,0.0,0.0,25.11,26.04,0.0,0.0,26.04,0.0,0.0,0.0,1758.0,35.0,1723.1,0.0,0.0,0.0,0.0,0.0,0.0,0.0,0.0,0.0,0.0,0.0,0.0,0.0,35.0,0.0
2050-03-02 08:00:00,2050-03-02 06:00:00,1535.8,0.0,0.0,7.9,1543.6,1488.1,1484.7,445.3,146.8,0.0311,0.0402,battery,gas-cc,0.0,0.0,0.0,0.0,0.0,0.0,0.0,0.0,0.0,0.0,0.0,0.0,0.0,0.0,0.0,0.0,0.0,0.0,151.2,2.9,0.29,17.9,1139.9,0.07,151.3,51.8,203.2,399.7,7.5,0.75,47.2,3016.3,0.17,400.1,137.2,537.3,25.11,0.0,0.0,25.11,26.17,0.0,0.0,26.17,0.0,0.0,0.0,1245.2,58.9,1186.2,0.0,0.0,0.0,0.0,1.5,0.0,0.0,0.0,0.0,0.0,0.0,0.0,34.4,23.0,0.0
2050-03-02 09:00:00,2050-03-02 07:00:00,1698.9,2125.7,0.0,10.7,3835.3,1644.3,-1640.0,0.0,1640.0,0.0321,0.0444,battery,upv,0.0,0.0,0.0,0.0,0.0,0.0,0.0,0.0,0.0,0.0,0.0,0.0,0.0,0.0,0.0,0.0,0.0,0.0,140.0,2.6,0.26,16.5,1055.3,0.06,140.1,48.0,188.1,0.0,0.0,0.0,0.0,0.0,0.0,0.0,0.0,0.0,0.0,0.0,0.0,0.0,0.0,0.0,0.0,0.0,13.1,0.0,13.1,5475.3,5475.3,0.0,0.0,0.0,0.0,0.0,231.1,0.0,0.0,0.0,0.0,0.0,0.0,0.0,5244.1,0.0,0.0
2050-03-02 10:00:00,2050-03-02 08:00:00,1796.8,3953.7,0.0,0.0,5750.5,1737.8,0.0,0.0,0.0,0.0329,0.047,upv,upv,0.0,0.0,0.0,0.0,0.0,0.0,0.0,0.0,0.0,0.0,0.0,0.0,0.0,0.0,0.0,0.0,0.0,0.0,140.1,2.6,0.27,16.6,1056.1,0.06,140.2,48.0,188.3,0.0,0.0,0.0,0.0,0.0,0.0,0.0,0.0,0.0,0.0,0.0,0.0,0.0,0.0,0.0,0.0,0.0,6.3,4153.9,4160.2,5750.5,5750.5,0.0,0.0,0.0,0.0,0.0,417.9,0.0,0.0,0.0,0.0,0.0,0.0,0.0,5332.6,0.0,0.0
2050-03-02 11:00:00,2050-03-02 09:00:00,1783.2,3629.9,0.0,0.0,5413.1,1724.7,-0.0,0.0,0.0,0.0328,0.0466,upv,upv,0.0,0.0,0.0,0.0,0.0,0.0,0.0,0.0,0.0,0.0,0.0,0.0,0.0,0.0,0.0,0.0,0.0,0.0,140.1,2.6,0.27,16.5,1056.0,0.06,140.2,48.0,188.3,0.0,0.0,0.0,0.0,0.0,0.0,0.0,0.0,0.0,0.0,0.0,0.0,0.0,0.0,0.0,0.0,0.0,12.0,4896.5,4908.5,5413.1,5413.1,0.0,0.0,0.0,0.0,0.0,435.2,0.0,0.0,0.0,0.0,0.0,0.0,0.0,4977.9,0.0,0.0
2050-03-02 12:00:00,2050-03-02 10:00:00,1695.8,3406.0,0.0,0.0,5101.8,1641.3,0.0,0.0,0.0,0.0321,0.0443,upv,upv,0.0,0.0,0.0,0.0,0.0,0.0,0.0,0.0,0.0,0.0,0.0,0.0,0.0,0.0,0.0,0.0,0.0,0.0,140.0,2.6,0.26,16.5,1055.3,0.06,140.1,48.0,188.1,0.0,0.0,0.0,0.0,0.0,0.0,0.0,0.0,0.0,0.0,0.0,0.0,0.0,0.0,0.0,0.0,0.0,33.0,5153.5,5186.5,5101.8,5101.8,0.0,0.0,0.0,0.0,0.0,432.7,0.0,0.0,0.0,0.0,0.0,0.0,0.0,4669.1,0.0,0.0
2050-03-02 13:00:00,2050-03-02 11:00:00,1621.1,3625.0,0.0,0.0,5246.1,1569.8,-0.0,0.0,0.0,0.0316,0.0424,upv,upv,0.0,0.0,0.0,0.0,0.0,0.0,0.0,0.0,0.0,0.0,0.0,0.0,0.0,0.0,0.0,0.0,0.0,0.0,139.9,2.6,0.26,16.5,1054.7,0.06,140.1,48.0,188.0,0.0,0.0,0.0,0.0,0.0,0.0,0.0,0.0,0.0,0.0,0.0,0.0,0.0,0.0,0.0,0.0,0.0,57.8,4813.5,4871.4,5246.1,5246.1,0.0,0.0,0.0,0.0,0.0,424.4,0.0,0.0,0.0,0.0,0.0,0.0,0.0,4821.7,0.0,0.0
2050-03-02 14:00:00,2050-03-02 12:00:00,1587.4,2821.5,0.0,0.0,4408.9,1537.6,0.0,0.0,0.0,0.0314,0.0415,upv,upv,0.0,0.0,0.0,0.0,0.0,0.0,0.0,0.0,0.0,0.0,0.0,0.0,0.0,0.0,0.0,0.0,0.0,0.0,139.9,2.6,0.26,16.5,1054.5,0.06,140.0,48.0,188.0,0.0,0.0,0.0,0.0,0.0,0.0,0.0,0.0,0.0,0.0,0.0,0.0,0.0,0.0,0.0,0.0,0.0,95.1,5610.5,5705.6,4408.9,4408.9,0.0,0.0,0.0,0.0,0.0,423.0,0.0,0.0,0.0,0.0,0.0,0.0,0.0,3986.0,0.0,0.0
2050-03-02 15:00:00,2050-03-02 13:00:00,1577.9,3174.4,0.0,0.0,4752.3,1528.5,-0.0,0.0,0.0,0.0313,0.0413,upv,upv,0.0,0.0,0.0,0.0,0.0,0.0,0.0,0.0,0.0,0.0,0.0,0.0,0.0,0.0,0.0,0.0,0.0,0.0,139.9,2.6,0.26,16.5,1054.4,0.06,140.0,48.0,188.0,0.0,0.0,0.0,0.0,0.0,0.0,0.0,0.0,0.0,0.0,0.0,0.0,0.0,0.0,0.0,0.0,0.0,110.5,5476.1,5586.6,4752.3,4752.3,0.0,0.0,0.0,0.0,0.0,431.6,0.0,0.0,0.0,0.0,0.0,0.0,0.0,4320.7,0.0,0.0
2050-03-02 16:00:00,2050-03-02 14:00:00,1574.7,3274.2,0.0,0.0,4849.0,1525.5,0.0,0.0,0.0,0.0313,0.0412,upv,upv,0.0,0.0,0.0,0.0,0.0,0.0,0.0,0.0,0.0,0.0,0.0,0.0,0.0,0.0,0.0,0.0,0.0,0.0,139.9,2.6,0.26,16.5,1054.4,0.06,140.0,48.0,188.0,0.0,0.0,0.0,0.0,0.0,0.0,0.0,0.0,0.0,0.0,0.0,0.0,0.0,0.0,0.0,0.0,0.0,110.8,5460.6,5571.4,4849.0,4849.0,0.0,0.0,0.0,0.0,0.0,435.2,0.0,0.0,0.0,0.0,0.0,0.0,0.0,4413.7,0.0,0.0
2050-03-02 17:00:00,2050-03-02 15:00:00,1615.8,2562.2,0.0,0.0,4178.0,1564.8,0.0,0.0,0.0,0.0316,0.0423,upv,upv,0.0,0.0,0.0,0.0,0.0,0.0,0.0,0.0,0.0,0.0,0.0,0.0,0.0,0.0,0.0,0.0,0.0,0.0,139.9,2.6,0.26,16.5,1054.7,0.06,140.0,48.0,188.0,0.0,0.0,0.0,0.0,0.0,0.0,0.0,0.0,0.0,0.0,0.0,0.0,0.0,0.0,0.0,0.0,0.0,0.0,6181.6,6181.6,4178.0,4178.0,0.0,0.0,0.0,0.0,0.0,432.3,0.0,0.0,0.0,0.0,0.0,0.0,0.0,3628.1,117.5,0.0
2050-03-02 18:00:00,2050-03-02 16:00:00,1701.1,2593.8,0.0,0.0,4294.8,1646.4,0.0,0.0,0.0,0.0322,0.0445,upv,upv,0.0,0.0,0.0,0.0,0.0,0.0,0.0,0.0,0.0,0.0,0.0,0.0,0.0,0.0,0.0,0.0,0.0,0.0,140.0,2.6,0.26,16.5,1055.3,0.06,140.1,48.0,188.1,0.0,0.0,0.0,0.0,0.0,0.0,0.0,0.0,0.0,0.0,0.0,0.0,0.0,0.0,0.0,0.0,0.0,108.7,3275.4,3384.1,4294.8,4294.8,0.0,0.0,0.0,0.0,0.0,319.6,0.0,0.0,0.0,0.0,0.0,0.0,0.0,3975.3,0.0,0.0
2050-03-02 19:00:00,2050-03-02 17:00:00,1786.3,0.0,0.0,16.9,1803.2,1727.7,265.8,445.3,1543.3,0.0328,0.0467,battery,gas-cc,0.0,0.0,0.0,0.0,0.0,0.0,0.0,0.0,0.0,0.0,0.0,0.0,0.0,0.0,0.0,0.0,0.0,0.0,144.0,2.7,0.27,17.0,1085.8,0.06,144.2,49.4,193.6,332.1,6.3,0.63,39.2,2506.3,0.14,332.5,114.0,446.4,25.11,0.0,0.0,25.11,26.35,0.0,0.0,26.35,0.0,0.0,0.0,2901.2,1537.4,1363.8,0.0,0.0,0.0,0.0,60.0,0.0,0.0,0.0,0.0,0.0,0.0,0.0,1361.9,115.5,0.0
2050-03-02 20:00:00,2050-03-02 18:00:00,1941.1,0.0,0.0,15.8,1956.8,1874.9,1811.1,445.3,1361.8,0.0341,0.0508,battery,gas-cc,0.0,0.0,0.0,0.0,0.0,0.0,0.0,0.0,0.0,0.0,0.0,0.0,0.0,0.0,0.0,0.0,0.0,0.0,143.6,2.7,0.27,17.0,1083.0,0.06,143.8,49.3,193.1,404.2,7.6,0.76,47.7,3050.0,0.18,404.6,138.7,543.3,25.11,0.0,0.0,25.11,26.46,0.0,0.0,26.46,0.0,0.0,0.0,2873.3,145.7,2727.5,0.0,0.0,0.0,0.0,0.0,0.0,0.0,0.0,0.0,0.0,0.0,0.0,0.0,145.7,0.0
2050-03-02 21:00:00,2050-03-02 19:00:00,1984.2,0.0,0.0,16.1,2000.3,1915.9,1847.1,445.3,1419.8,0.0344,0.0519,battery,gas-cc,0.0,0.0,0.0,0.0,0.0,0.0,0.0,0.0,0.0,0.0,0.0,0.0,0.0,0.0,0.0,0.0,0.0,0.0,149.9,2.8,0.28,17.7,1130.3,0.07,150.1,51.4,201.5,333.9,6.3,0.63,39.4,2519.9,0.14,334.3,114.6,448.9,25.11,0.0,0.0,25.11,26.49,0.0,0.0,26.49,0.0,0.0,0.0,2974.8,153.2,2821.5,0.0,0.0,0.0,0.0,0.0,0.0,0.0,0.0,0.0,0.0,0.0,0.0,0.0,153.2,0.0
2050-03-02 22:00:00,2050-03-02 20:00:00,1894.7,0.0,0.0,15.3,1910.0,1830.9,1782.7,445.3,1289.4,0.0337,0.0495,battery,gas-cc,0.0,0.0,0.0,0.0,0.0,0.0,0.0,0.0,0.0,0.0,0.0,0.0,0.0,0.0,0.0,0.0,0.0,0.0,153.0,2.9,0.29,18.1,1153.8,0.07,153.2,52.5,205.7,333.1,6.3,0.63,39.4,2513.7,0.14,333.5,114.3,447.8,25.11,0.0,0.0,25.11,26.42,0.0,0.0,26.42,0.0,0.0,0.0,2754.1,127.3,2626.7,0.0,0.0,0.0,0.0,0.0,0.0,0.0,0.0,0.0,0.0,0.0,0.0,0.0,127.3,0.0
2050-03-02 23:00:00,2050-03-02 21:00:00,1798.9,0.0,0.0,16.2,1815.2,1739.8,1679.8,445.3,1433.6,0.0329,0.047,battery,gas-cc,0.0,0.0,0.0,0.0,0.0,0.0,0.0,0.0,0.0,0.0,0.0,0.0,0.0,0.0,0.0,0.0,0.0,0.0,143.1,2.7,0.27,16.9,1078.8,0.06,143.2,49.1,192.3,402.6,7.6,0.76,47.6,3038.1,0.17,403.0,138.1,541.2,25.11,0.0,0.0,25.11,26.35,0.0,0.0,26.35,0.0,0.0,0.0,2803.5,135.3,2668.1,0.0,0.0,0.0,0.0,0.0,0.0,0.0,0.0,0.0,0.0,0.0,0.0,0.0,135.3,0.0
2050-03-03 00:00:00,2050-03-02 22:00:00,1665.3,0.0,0.0,17.6,1682.8,1612.1,1557.2,445.3,1640.0,0.0319,0.0435,battery,gas-cc,0.0,0.0,0.0,0.0,0.0,0.0,0.0,0.0,0.0,0.0,0.0,0.0,0.0,0.0,0.0,0.0,0.0,0.0,146.7,2.8,0.28,17.3,1105.7,0.06,146.8,50.3,197.1,331.0,6.2,0.62,39.1,2498.0,0.14,331.4,113.6,445.0,24.78,0.0,0.0,24.78,25.91,0.0,0.0,25.91,0.0,0.0,0.0,2877.5,125.6,2751.9,0.0,0.0,0.0,0.0,0.0,0.0,0.0,0.0,0.0,0.0,0.0,0.0,0.0,125.6,0.0
2050-03-03 01:00:00,2050-03-02 23:00:00,1517.9,0.0,0.0,11.1,1529.0,1470.9,1412.5,445.3,639.0,0.031,0.0397,battery,gas-cc,0.0,0.0,0.0,0.0,0.0,0.0,0.0,0.0,0.0,0.0,0.0,0.0,0.0,0.0,0.0,0.0,0.0,0.0,142.9,2.7,0.27,16.9,1077.5,0.06,143.1,49.0,192.1,366.3,6.9,0.69,43.3,2764.4,0.16,366.7,125.7,492.4,24.78,0.0,0.0,24.78,25.8,0.0,0.0,25.8,0.0,0.0,0.0,1722.6,116.4,1606.2,0.0,0.0,0.0,0.0,0.0,0.0,0.0,0.0,0.0,0.0,0.0,0.0,0.0,116.4,0.0
2050-03-03 02:00:00,2050-03-03 00:00:00,1386.3,0.0,0.0,14.3,1400.6,1344.3,1278.1,445.3,1136.1,0.0303,0.0363,battery,gas-cc,0.0,0.0,0.0,0.0,0.0,0.0,0.0,0.0,0.0,0.0,0.0,0.0,0.0,0.0,0.0,0.0,0.0,0.0,148.7,2.8,0.28,17.6,1120.8,0.06,148.8,51.0,199.8,365.0,6.9,0.69,43.1,2754.5,0.16,365.4,125.2,490.7,24.78,0.0,0.0,24.78,25.71,0.0,0.0,25.71,0.0,0.0,0.0,2091.4,122.5,1968.9,0.0,0.0,0.0,0.0,0.0,0.0,0.0,0.0,0.0,0.0,0.0,0.0,0.0,122.5,0.0
2050-03-03 03:00:00,2050-03-03 01:00:00,1309.5,0.0,0.0,9.6,1319.1,1270.2,1163.8,445.3,412.4,0.03,0.0342,battery,gas-cc,0.0,0.0,0.0,0.0,0.0,0.0,0.0,0.0,0.0,0.0,0.0,0.0,0.0,0.0,0.0,0.0,0.0,0.0,150.4,2.8,0.28,17.8,1133.9,0.07,150.5,51.6,202.1,381.5,7.2,0.72,45.1,2878.8,0.17,381.9,130.9,512.8,24.78,0.0,0.0,24.78,25.66,0.0,0.0,25.66,0.0,0.0,0.0,1286.2,155.3,1130.9,0.0,0.0,0.0,0.0,0.0,0.0,0.0,0.0,0.0,0.0,0.0,0.0,0.0,155.3,0.0
2050-03-03 04:00:00,2050-03-03 02:00:00,1263.2,0.0,0.0,9.1,1272.2,1225.4,1108.4,445.3,331.0,0.0299,0.033,battery,gas-cc,0.0,0.0,0.0,0.0,0.0,0.0,0.0,0.0,0.0,0.0,0.0,0.0,0.0,0.0,0.0,0.0,0.0,0.0,142.6,2.7,0.27,16.9,1075.4,0.06,142.8,48.9,191.7,363.8,6.9,0.69,43.0,2745.3,0.16,364.2,124.8,489.0,24.78,0.0,0.0,24.78,25.62,0.0,0.0,25.62,0.0,0.0,0.0,1157.9,163.8,994.1,0.0,0.0,0.0,0.0,0.0,0.0,0.0,0.0,0.0,0.0,0.0,0.0,0.0,163.8,0.0
2050-03-03 05:00:00,2050-03-03 03:00:00,1231.6,0.0,0.0,14.0,1245.5,1194.9,1087.6,445.3,1085.2,0.0298,0.0322,battery,gas-cc,0.0,0.0,0.0,0.0,0.0,0.0,0.0,0.0,0.0,0.0,0.0,0.0,0.0,0.0,0.0,0.0,0.0,0.0,142.7,2.7,0.27,16.9,1076.1,0.06,142.9,48.9,191.8,327.1,6.2,0.62,38.6,2468.7,0.14,327.5,112.3,439.7,24.78,0.0,0.0,24.78,25.6,0.0,0.0,25.6,0.0,0.0,0.0,1885.4,157.9,1727.5,0.0,0.0,0.0,0.0,0.0,0.0,0.0,0.0,0.0,0.0,0.0,0.0,0.0,157.9,0.0
2050-03-03 06:00:00,2050-03-03 04:00:00,1236.8,0.0,0.0,15.0,1251.9,1200.0,1134.5,445.3,1252.3,0.0298,0.0323,battery,gas-cc,0.0,0.0,0.0,0.0,0.0,0.0,0.0,0.0,0.0,0.0,0.0,0.0,0.0,0.0,0.0,0.0,0.0,0.0,146.1,2.8,0.28,17.3,1101.5,0.06,146.3,50.1,196.4,368.5,6.9,0.69,43.5,2780.5,0.16,368.9,126.4,495.3,24.78,0.0,0.0,24.78,25.61,0.0,0.0,25.61,0.0,0.0,0.0,2058.9,117.4,1941.5,0.0,0.0,0.0,0.0,0.0,0.0,0.0,0.0,0.0,0.0,0.0,0.0,0.0,117.4,0.0
2050-03-03 07:00:00,2050-03-03 05:00:00,1322.1,0.0,0.0,13.2,1335.3,1282.4,1209.6,445.3,964.7,0.03,0.0346,battery,gas-cc,0.0,0.0,0.0,0.0,0.0,0.0,0.0,0.0,0.0,0.0,0.0,0.0,0.0,0.0,0.0,0.0,0.0,0.0,144.1,2.7,0.27,17.0,1086.6,0.06,144.3,49.4,193.7,369.3,7.0,0.7,43.6,2786.9,0.16,369.7,126.7,496.4,24.78,0.0,0.0,24.78,25.66,0.0,0.0,25.66,0.0,0.0,0.0,1854.7,125.7,1729.0,0.0,0.0,0.0,0.0,0.0,0.0,0.0,0.0,0.0,0.0,0.0,0.0,0.0,125.7,0.0
2050-03-03 08:00:00,2050-03-03 06:00:00,1489.5,0.0,0.0,11.8,1501.3,1443.6,1309.8,445.3,758.2,0.0308,0.039,battery,gas-cc,0.0,0.0,0.0,0.0,0.0,0.0,0.0,0.0,0.0,0.0,0.0,0.0,0.0,0.0,0.0,0.0,0.0,0.0,144.0,2.7,0.27,17.0,1085.7,0.06,144.2,49.4,193.5,366.0,6.9,0.69,43.2,2762.2,0.16,366.4,125.6,492.0,24.78,0.0,0.0,24.78,25.78,0.0,0.0,25.78,0.0,0.0,0.0,1814.1,191.5,1622.7,0.0,0.0,0.0,0.0,3.4,0.0,0.0,0.0,0.0,0.0,0.0,0.0,76.7,111.3,0.0
2050-03-03 09:00:00,2050-03-03 07:00:00,1656.8,2030.9,0.0,0.0,3687.7,1604.1,0.0,0.0,0.0,0.0318,0.0433,upv,upv,0.0,0.0,0.0,0.0,0.0,0.0,0.0,0.0,0.0,0.0,0.0,0.0,0.0,0.0,0.0,0.0,0.0,0.0,139.9,2.6,0.26,16.5,1055.0,0.06,140.1,48.0,188.1,0.0,0.0,0.0,0.0,0.0,0.0,0.0,0.0,0.0,0.0,0.0,0.0,0.0,0.0,0.0,0.0,0.0,0.0,2409.1,2409.1,3687.7,3687.7,0.0,0.0,0.0,0.0,0.0,254.1,0.0,0.0,0.0,0.0,0.0,0.0,0.0,3358.4,75.3,0.0
2050-03-03 10:00:00,2050-03-03 08:00:00,1788.4,3795.7,0.0,0.0,5584.1,1729.7,0.0,0.0,0.0,0.0328,0.0468,upv,upv,0.0,0.0,0.0,0.0,0.0,0.0,0.0,0.0,0.0,0.0,0.0,0.0,0.0,0.0,0.0,0.0,0.0,0.0,140.1,2.6,0.27,16.6,1056.0,0.06,140.2,48.0,188.3,0.0,0.0,0.0,0.0,0.0,0.0,0.0,0.0,0.0,0.0,0.0,0.0,0.0,0.0,0.0,0.0,0.0,110.9,4705.0,4815.8,5584.1,5584.1,0.0,0.0,0.0,0.0,0.0,434.1,0.0,0.0,0.0,0.0,0.0,0.0,0.0,5149.9,0.0,0.0
2050-03-03 11:00:00,2050-03-03 09:00:00,1793.7,2655.8,0.0,0.0,4449.5,1734.8,0.0,0.0,0.0,0.0329,0.0469,upv,upv,0.0,0.0,0.0,0.0,0.0,0.0,0.0,0.0,0.0,0.0,0.0,0.0,0.0,0.0,0.0,0.0,0.0,0.0,140.1,2.6,0.27,16.6,1056.1,0.06,140.2,48.0,188.3,0.0,0.0,0.0,0.0,0.0,0.0,0.0,0.0,0.0,0.0,0.0,0.0,0.0,0.0,0.0,0.0,0.0,0.0,6036.1,6036.1,4449.5,4449.5,0.0,0.0,0.0,0.0,0.0,435.2,0.0,0.0,0.0,0.0,0.0,0.0,0.0,3838.2,176.1,0.0
2050-03-03 12:00:00,2050-03-03 10:00:00,1734.7,3986.6,0.0,0.0,5721.4,1678.5,0.0,0.0,0.0,0.0324,0.0454,upv,upv,0.0,0.0,0.0,0.0,0.0,0.0,0.0,0.0,0.0,0.0,0.0,0.0,0.0,0.0,0.0,0.0,0.0,0.0,140.0,2.6,0.27,16.5,1055.6,0.06,140.2,48.0,188.2,0.0,0.0,0.0,0.0,0.0,0.0,0.0,0.0,0.0,0.0,0.0,0.0,0.0,0.0,0.0,0.0,0.0,0.0,4795.8,4795.8,5721.4,5721.4,0.0,0.0,0.0,0.0,0.0,435.2,0.0,0.0,0.0,0.0,0.0,0.0,0.0,5078.5,207.7,0.0
2050-03-03 13:00:00,2050-03-03 11:00:00,1660.0,2821.5,0.0,0.0,4481.5,1607.1,0.0,0.0,0.0,0.0319,0.0434,upv,upv,0.0,0.0,0.0,0.0,0.0,0.0,0.0,0.0,0.0,0.0,0.0,0.0,0.0,0.0,0.0,0.0,0.0,0.0,139.9,2.6,0.26,16.5,1055.0,0.06,140.1,48.0,188.1,0.0,0.0,0.0,0.0,0.0,0.0,0.0,0.0,0.0,0.0,0.0,0.0,0.0,0.0,0.0,0.0,0.0,226.0,5828.0,6054.0,4481.5,4481.5,0.0,0.0,0.0,0.0,0.0,435.2,0.0,0.0,0.0,0.0,0.0,0.0,0.0,4046.3,0.0,0.0
2050-03-03 14:00:00,2050-03-03 12:00:00,1618.9,2461.0,0.0,0.0,4079.9,1567.8,0.0,0.0,0.0,0.0316,0.0423,upv,upv,0.0,0.0,0.0,0.0,0.0,0.0,0.0,0.0,0.0,0.0,0.0,0.0,0.0,0.0,0.0,0.0,0.0,0.0,139.9,2.6,0.26,16.5,1054.7,0.06,140.1,48.0,188.0,0.0,0.0,0.0,0.0,0.0,0.0,0.0,0.0,0.0,0.0,0.0,0.0,0.0,0.0,0.0,0.0,0.0,251.4,6229.6,6481.0,4079.9,4079.9,0.0,0.0,0.0,0.0,0.0,435.2,0.0,0.0,0.0,0.0,0.0,0.0,0.0,3644.7,0.0,0.0
2050-03-03 15:00:00,2050-03-03 13:00:00,1608.4,2850.6,0.0,0.0,4459.1,1557.7,0.0,0.0,0.0,0.0315,0.0421,upv,upv,0.0,0.0,0.0,0.0,0.0,0.0,0.0,0.0,0.0,0.0,0.0,0.0,0.0,0.0,0.0,0.0,0.0,0.0,139.9,2.6,0.26,16.5,1054.6,0.06,140.0,48.0,188.0,0.0,0.0,0.0,0.0,0.0,0.0,0.0,0.0,0.0,0.0,0.0,0.0,0.0,0.0,0.0,0.0,0.0,0.0,6104.6,6104.6,4459.1,4459.1,0.0,0.0,0.0,0.0,0.0,435.2,0.0,0.0,0.0,0.0,0.0,0.0,0.0,3769.7,254.1,0.0
2050-03-03 16:00:00,2050-03-03 14:00:00,1585.3,3981.7,0.0,0.0,5567.0,1535.5,-0.0,0.0,0.0,0.0314,0.0415,upv,upv,0.0,0.0,0.0,0.0,0.0,0.0,0.0,0.0,0.0,0.0,0.0,0.0,0.0,0.0,0.0,0.0,0.0,0.0,139.9,2.6,0.26,16.5,1054.5,0.06,140.0,48.0,188.0,0.0,0.0,0.0,0.0,0.0,0.0,0.0,0.0,0.0,0.0,0.0,0.0,0.0,0.0,0.0,0.0,0.0,257.4,4742.6,5000.0,5567.0,5567.0,0.0,0.0,0.0,0.0,0.0,435.2,0.0,0.0,0.0,0.0,0.0,0.0,0.0,5131.7,0.0,0.0
2050-03-03 17:00:00,2050-03-03 15:00:00,1626.3,3696.8,0.0,0.0,5323.2,1574.9,0.0,0.0,0.0,0.0316,0.0425,upv,upv,0.0,0.0,0.0,0.0,0.0,0.0,0.0,0.0,0.0,0.0,0.0,0.0,0.0,0.0,0.0,0.0,0.0,0.0,139.9,2.6,0.26,16.5,1054.7,0.06,140.1,48.0,188.0,0.0,0.0,0.0,0.0,0.0,0.0,0.0,0.0,0.0,0.0,0.0,0.0,0.0,0.0,0.0,0.0,0.0,262.7,4986.4,5249.1,5323.2,5323.2,0.0,0.0,0.0,0.0,0.0,435.2,0.0,0.0,0.0,0.0,0.0,0.0,0.0,4887.9,0.0,0.0
2050-03-03 18:00:00,2050-03-03 16:00:00,1688.4,2885.7,0.0,0.0,4574.2,1634.3,-0.0,0.0,0.0,0.0321,0.0442,upv,upv,0.0,0.0,0.0,0.0,0.0,0.0,0.0,0.0,0.0,0.0,0.0,0.0,0.0,0.0,0.0,0.0,0.0,0.0,140.1,2.6,0.27,16.5,1055.9,0.06,140.2,48.0,188.2,0.0,0.0,0.0,0.0,0.0,0.0,0.0,0.0,0.0,0.0,0.0,0.0,0.0,0.0,0.0,0.0,0.0,264.4,3522.3,3786.7,4574.2,4574.2,0.0,0.0,0.0,0.0,0.0,341.8,0.0,0.0,0.0,0.0,0.0,0.0,0.0,4232.4,0.0,0.0
2050-03-03 19:00:00,2050-03-03 17:00:00,1757.9,0.0,0.0,9.4,1767.3,1700.6,-47.2,413.3,460.5,0.0326,0.046,hydro,gas-cc,0.0,0.0,0.0,0.0,0.0,0.0,0.0,0.0,0.0,0.0,0.0,0.0,0.0,0.0,0.0,0.0,0.0,0.0,140.3,2.6,0.27,16.6,1057.7,0.06,140.4,48.1,188.6,370.4,7.0,0.7,43.8,2795.4,0.16,370.8,127.1,497.9,24.53,0.0,0.0,24.53,25.71,0.0,0.0,25.71,0.0,0.0,0.0,1814.5,1814.5,0.0,0.0,0.0,0.0,0.0,66.5,0.0,0.0,0.0,0.0,0.0,0.0,0.0,1508.9,239.1,0.0
2050-03-03 20:00:00,2050-03-03 18:00:00,1917.9,0.0,0.0,11.7,1929.6,1852.9,1702.1,171.5,1391.7,0.0339,0.0502,battery,gas-cc,0.0,0.0,0.0,0.0,0.0,0.0,0.0,0.0,0.0,0.0,0.0,0.0,0.0,0.0,0.0,0.0,0.0,0.0,155.4,2.9,0.29,18.4,1171.5,0.07,155.5,53.3,208.8,375.4,7.1,0.71,44.3,2832.6,0.16,375.8,128.8,504.6,24.78,0.0,0.0,24.78,26.09,0.0,0.0,26.09,0.0,0.0,0.0,3149.8,227.5,2922.4,0.0,0.0,0.0,0.0,0.0,0.0,0.0,0.0,0.0,0.0,0.0,0.0,0.0,227.5,0.0
2050-03-03 21:00:00,2050-03-03 19:00:00,1976.8,0.0,0.0,0.4,1977.3,1908.9,1815.8,26.6,0.0,0.0344,0.0517,battery,gas-cc,0.0,0.0,0.0,0.0,0.0,0.0,0.0,0.0,0.0,0.0,0.0,0.0,0.0,0.0,0.0,0.0,0.0,0.0,143.6,2.7,0.27,17.0,1082.8,0.06,143.8,49.3,193.0,333.9,6.3,0.63,39.4,2519.4,0.14,334.2,114.6,448.8,24.78,0.0,0.0,24.78,26.13,0.0,0.0,26.13,0.0,0.0,0.0,1950.6,161.4,1789.2,0.0,0.0,0.0,0.0,0.0,0.0,0.0,0.0,0.0,0.0,0.0,0.0,0.0,161.4,0.0
2050-03-03 22:00:00,2050-03-03 20:00:00,1889.5,0.0,0.0,6.6,1896.1,1825.9,1736.2,0.0,1020.5,0.0336,0.0494,battery,gas-cc,0.0,0.0,0.0,0.0,0.0,0.0,0.0,0.0,0.0,0.0,0.0,0.0,0.0,0.0,0.0,0.0,0.0,0.0,143.7,2.7,0.27,17.0,1083.6,0.06,143.9,49.3,193.2,370.1,7.0,0.7,43.7,2792.6,0.16,370.5,127.0,497.5,24.78,0.0,0.0,24.78,26.07,0.0,0.0,26.07,0.0,0.0,0.0,2916.6,159.9,2756.6,0.0,0.0,0.0,0.0,0.0,0.0,0.0,0.0,0.0,0.0,0.0,0.0,0.0,159.9,0.0
2050-03-03 23:00:00,2050-03-03 21:00:00,1806.3,0.0,0.0,7.0,1813.4,1746.8,1644.3,0.0,1083.3,0.033,0.0472,battery,gas-cc,0.0,0.0,0.0,0.0,0.0,0.0,0.0,0.0,0.0,0.0,0.0,0.0,0.0,0.0,0.0,0.0,0.0,0.0,161.4,3.0,0.31,19.1,1216.9,0.07,161.6,55.3,216.9,386.7,7.3,0.73,45.7,2918.0,0.17,387.1,132.7,519.8,24.78,0.0,0.0,24.78,26.01,0.0,0.0,26.01,0.0,0.0,0.0,2896.6,169.1,2727.5,0.0,0.0,0.0,0.0,0.0,0.0,0.0,0.0,0.0,0.0,0.0,0.0,0.0,169.1,0.0
2050-03-04 00:00:00,2050-03-03 22:00:00,1708.4,0.0,0.0,2.1,1710.5,1653.4,1556.7,0.0,319.8,0.0322,0.0447,battery,gas-cc,0.0,0.0,0.0,0.0,0.0,0.0,0.0,0.0,0.0,0.0,0.0,0.0,0.0,0.0,0.0,0.0,0.0,0.0,143.5,2.7,0.27,16.9,1081.6,0.06,143.6,49.2,192.8,368.2,6.9,0.69,43.5,2778.8,0.16,368.6,126.4,495.0,24.78,0.0,0.0,24.78,25.94,0.0,0.0,25.94,0.0,0.0,0.0,2030.3,153.8,1876.5,0.0,0.0,0.0,0.0,0.0,0.0,0.0,0.0,0.0,0.0,0.0,0.0,0.0,153.8,0.0
2050-03-04 01:00:00,2050-03-03 23:00:00,1572.6,0.0,0.0,4.2,1576.9,1523.4,1388.1,0.0,650.6,0.0313,0.0411,battery,gas-cc,0.0,0.0,0.0,0.0,0.0,0.0,0.0,0.0,0.0,0.0,0.0,0.0,0.0,0.0,0.0,0.0,0.0,0.0,184.6,3.5,0.35,21.8,1392.5,0.08,184.8,63.3,248.2,330.2,6.2,0.62,39.0,2491.7,0.14,330.5,113.3,443.8,24.78,0.0,0.0,24.78,25.84,0.0,0.0,25.84,0.0,0.0,0.0,2227.5,188.8,2038.7,0.0,0.0,0.0,0.0,0.0,0.0,0.0,0.0,0.0,0.0,0.0,0.0,0.0,188.8,0.0
2050-03-04 02:00:00,2050-03-04 00:00:00,1484.2,0.0,0.0,7.4,1491.7,1438.5,1289.9,0.0,1145.1,0.0308,0.0388,battery,gas-cc,0.0,0.0,0.0,0.0,0.0,0.0,0.0,0.0,0.0,0.0,0.0,0.0,0.0,0.0,0.0,0.0,0.0,0.0,144.2,2.7,0.27,17.0,1087.4,0.06,144.4,49.5,193.9,366.0,6.9,0.69,43.2,2761.8,0.16,366.4,125.6,492.0,24.78,0.0,0.0,24.78,25.78,0.0,0.0,25.78,0.0,0.0,0.0,2636.8,201.8,2435.0,0.0,0.0,0.0,0.0,0.0,0.0,0.0,0.0,0.0,0.0,0.0,0.0,0.0,201.8,0.0
2050-03-04 03:00:00,2050-03-04 01:00:00,1384.2,0.0,0.0,1.8,1386.0,1342.3,1225.8,0.0,273.3,0.0303,0.0362,battery,gas-cc,0.0,0.0,0.0,0.0,0.0,0.0,0.0,0.0,0.0,0.0,0.0,0.0,0.0,0.0,0.0,0.0,0.0,0.0,165.7,3.1,0.31,19.6,1249.3,0.07,165.9,56.8,222.7,328.5,6.2,0.62,38.8,2478.9,0.14,328.9,112.7,441.6,24.78,0.0,0.0,24.78,25.71,0.0,0.0,25.71,0.0,0.0,0.0,1659.3,160.2,1499.1,0.0,0.0,0.0,0.0,0.0,0.0,0.0,0.0,0.0,0.0,0.0,0.0,0.0,160.2,0.0
2050-03-04 04:00:00,2050-03-04 02:00:00,1327.4,0.0,0.0,0.3,1327.6,1287.5,1126.1,0.0,41.7,0.0301,0.0347,hydro,gas-cc,0.0,0.0,0.0,0.0,0.0,0.0,0.0,0.0,0.0,0.0,0.0,0.0,0.0,0.0,0.0,0.0,0.0,0.0,148.4,2.8,0.28,17.5,1118.8,0.06,148.6,50.9,199.4,369.4,7.0,0.7,43.6,2787.3,0.16,369.8,126.7,496.5,24.78,0.0,0.0,24.78,25.67,0.0,0.0,25.67,0.0,0.0,0.0,1369.3,201.5,1167.8,0.0,0.0,0.0,0.0,0.0,0.0,0.0,0.0,0.0,0.0,0.0,0.0,0.0,201.5,0.0
2050-03-04 05:00:00,2050-03-04 03:00:00,1296.8,0.0,0.0,7.8,1304.7,1258.0,1136.0,0.0,1201.9,0.03,0.0339,battery,gas-cc,0.0,0.0,0.0,0.0,0.0,0.0,0.0,0.0,0.0,0.0,0.0,0.0,0.0,0.0,0.0,0.0,0.0,0.0,143.1,2.7,0.27,16.9,1079.0,0.06,143.3,49.1,192.4,327.7,6.2,0.62,38.7,2473.1,0.14,328.1,112.5,440.5,24.78,0.0,0.0,24.78,25.65,0.0,0.0,25.65,0.0,0.0,0.0,2506.6,168.7,2337.9,0.0,0.0,0.0,0.0,0.0,0.0,0.0,0.0,0.0,0.0,0.0,0.0,0.0,168.7,0.0
2050-03-04 06:00:00,2050-03-04 04:00:00,1273.7,0.0,0.0,6.2,1279.9,1235.6,1112.9,0.0,950.0,0.0299,0.0333,battery,gas-cc,0.0,0.0,0.0,0.0,0.0,0.0,0.0,0.0,0.0,0.0,0.0,0.0,0.0,0.0,0.0,0.0,0.0,0.0,142.6,2.7,0.27,16.9,1075.3,0.06,142.8,48.9,191.7,368.8,7.0,0.7,43.6,2783.2,0.16,369.2,126.6,495.8,24.78,0.0,0.0,24.78,25.63,0.0,0.0,25.63,0.0,0.0,0.0,2229.9,166.9,2063.0,0.0,0.0,0.0,0.0,0.0,0.0,0.0,0.0,0.0,0.0,0.0,0.0,0.0,166.9,0.0
2050-03-04 07:00:00,2050-03-04 05:00:00,1296.8,0.0,0.0,1.0,1297.9,1258.0,1128.2,0.0,155.5,0.03,0.0339,battery,gas-cc,0.0,0.0,0.0,0.0,0.0,0.0,0.0,0.0,0.0,0.0,0.0,0.0,0.0,0.0,0.0,0.0,0.0,0.0,143.1,2.7,0.27,16.9,1078.7,0.06,143.2,49.1,192.3,381.4,7.2,0.72,45.0,2877.8,0.17,381.8,130.9,512.6,24.78,0.0,0.0,24.78,25.65,0.0,0.0,25.65,0.0,0.0,0.0,1453.3,169.7,1283.7,0.0,0.0,0.0,0.0,0.0,0.0,0.0,0.0,0.0,0.0,0.0,0.0,0.0,169.7,0.0
2050-03-04 08:00:00,2050-03-04 06:00:00,1353.7,0.0,0.0,4.8,1358.5,1312.9,1048.4,55.5,601.4,0.0302,0.0354,battery,gas-cc,0.0,0.0,0.0,0.0,0.0,0.0,0.0,0.0,0.0,0.0,0.0,0.0,0.0,0.0,0.0,0.0,0.0,0.0,142.7,2.7,0.27,16.9,1076.1,0.06,142.9,48.9,191.8,381.9,7.2,0.72,45.1,2882.2,0.17,382.4,131.1,513.4,24.78,0.0,0.0,24.78,25.69,0.0,0.0,25.69,0.0,0.0,0.0,1904.3,310.1,1594.2,0.0,0.0,0.0,0.0,5.7,0.0,0.0,0.0,0.0,0.0,0.0,0.0,128.3,176.1,0.0
2050-03-04 09:00:00,2050-03-04 07:00:00,1435.8,1641.3,0.0,0.0,3077.0,1392.0,0.0,0.0,0.0,0.0305,0.0375,upv,upv,0.0,0.0,0.0,0.0,0.0,0.0,0.0,0.0,0.0,0.0,0.0,0.0,0.0,0.0,0.0,0.0,0.0,0.0,139.7,2.6,0.26,16.5,1053.5,0.06,139.9,47.9,187.8,0.0,0.0,0.0,0.0,0.0,0.0,0.0,0.0,0.0,0.0,0.0,0.0,0.0,0.0,0.0,0.0,0.0,0.0,3579.0,3579.0,3077.0,3077.0,0.0,0.0,0.0,0.0,0.0,273.0,0.0,0.0,0.0,0.0,0.0,0.0,0.0,2618.2,185.8,0.0
2050-03-04 10:00:00,2050-03-04 08:00:00,1535.8,3045.5,0.0,0.0,4581.2,1488.1,0.0,0.0,0.0,0.0311,0.0402,upv,upv,0.0,0.0,0.0,0.0,0.0,0.0,0.0,0.0,0.0,0.0,0.0,0.0,0.0,0.0,0.0,0.0,0.0,0.0,139.8,2.6,0.26,16.5,1054.1,0.06,140.0,47.9,187.9,0.0,0.0,0.0,0.0,0.0,0.0,0.0,0.0,0.0,0.0,0.0,0.0,0.0,0.0,0.0,0.0,0.0,0.0,5891.4,5891.4,4581.2,4581.2,0.0,0.0,0.0,0.0,0.0,435.2,0.0,0.0,0.0,0.0,0.0,0.0,0.0,3982.9,163.1,0.0
2050-03-04 11:00:00,2050-03-04 09:00:00,1549.5,3211.2,0.0,0.0,4760.7,1501.2,0.0,0.0,0.0,0.0311,0.0405,upv,upv,0.0,0.0,0.0,0.0,0.0,0.0,0.0,0.0,0.0,0.0,0.0,0.0,0.0,0.0,0.0,0.0,0.0,0.0,139.8,2.6,0.26,16.5,1054.2,0.06,140.0,48.0,187.9,0.0,0.0,0.0,0.0,0.0,0.0,0.0,0.0,0.0,0.0,0.0,0.0,0.0,0.0,0.0,0.0,0.0,0.0,5701.2,5701.2,4760.7,4760.7,0.0,0.0,0.0,0.0,0.0,435.2,0.0,0.0,0.0,0.0,0.0,0.0,0.0,4173.1,152.3,0.0
2050-03-04 12:00:00,2050-03-04 10:00:00,1558.9,2850.6,0.0,0.0,4409.6,1510.3,0.0,0.0,0.0,0.0312,0.0408,upv,upv,0.0,0.0,0.0,0.0,0.0,0.0,0.0,0.0,0.0,0.0,0.0,0.0,0.0,0.0,0.0,0.0,0.0,0.0,139.8,2.6,0.26,16.5,1054.3,0.06,140.0,48.0,188.0,0.0,0.0,0.0,0.0,0.0,0.0,0.0,0.0,0.0,0.0,0.0,0.0,0.0,0.0,0.0,0.0,0.0,0.0,6029.8,6029.8,4409.6,4409.6,0.0,0.0,0.0,0.0,0.0,435.2,0.0,0.0,0.0,0.0,0.0,0.0,0.0,3844.5,129.8,0.0
2050-03-04 13:00:00,2050-03-04 11:00:00,1544.2,3406.0,0.0,0.0,4950.2,1496.2,-0.0,0.0,0.0,0.0311,0.0404,upv,upv,0.0,0.0,0.0,0.0,0.0,0.0,0.0,0.0,0.0,0.0,0.0,0.0,0.0,0.0,0.0,0.0,0.0,0.0,139.8,2.6,0.26,16.5,1054.1,0.06,140.0,47.9,187.9,0.0,0.0,0.0,0.0,0.0,0.0,0.0,0.0,0.0,0.0,0.0,0.0,0.0,0.0,0.0,0.0,0.0,0.0,5465.5,5465.5,4950.2,4950.2,0.0,0.0,0.0,0.0,0.0,435.2,0.0,0.0,0.0,0.0,0.0,0.0,0.0,4408.8,106.2,0.0
2050-03-04 14:00:00,2050-03-04 12:00:00,1572.6,3336.3,0.0,0.0,4908.9,1523.4,0.0,0.0,0.0,0.0313,0.0411,upv,upv,0.0,0.0,0.0,0.0,0.0,0.0,0.0,0.0,0.0,0.0,0.0,0.0,0.0,0.0,0.0,0.0,0.0,0.0,139.9,2.6,0.26,16.5,1054.4,0.06,140.0,48.0,188.0,0.0,0.0,0.0,0.0,0.0,0.0,0.0,0.0,0.0,0.0,0.0,0.0,0.0,0.0,0.0,0.0,0.0,0.0,5467.3,5467.3,4908.9,4908.9,0.0,0.0,0.0,0.0,0.0,434.5,0.0,0.0,0.0,0.0,0.0,0.0,0.0,4394.1,80.3,0.0
2050-03-04 15:00:00,2050-03-04 13:00:00,1582.1,3211.2,0.0,0.0,4793.3,1532.5,0.0,0.0,0.0,0.0313,0.0414,upv,upv,0.0,0.0,0.0,0.0,0.0,0.0,0.0,0.0,0.0,0.0,0.0,0.0,0.0,0.0,0.0,0.0,0.0,0.0,139.9,2.6,0.26,16.5,1054.4,0.06,140.0,48.0,188.0,0.0,0.0,0.0,0.0,0.0,0.0,0.0,0.0,0.0,0.0,0.0,0.0,0.0,0.0,0.0,0.0,0.0,0.0,5568.9,5568.9,4793.3,4793.3,0.0,0.0,0.0,0.0,0.0,435.2,0.0,0.0,0.0,0.0,0.0,0.0,0.0,4305.4,52.7,0.0
2050-03-04 16:00:00,2050-03-04 14:00:00,1590.5,3917.0,0.0,0.0,5507.5,1540.6,-0.0,0.0,0.0,0.0314,0.0416,upv,upv,0.0,0.0,0.0,0.0,0.0,0.0,0.0,0.0,0.0,0.0,0.0,0.0,0.0,0.0,0.0,0.0,0.0,0.0,139.9,2.6,0.26,16.5,1054.5,0.06,140.0,48.0,188.0,0.0,0.0,0.0,0.0,0.0,0.0,0.0,0.0,0.0,0.0,0.0,0.0,0.0,0.0,0.0,0.0,0.0,0.0,4851.6,4851.6,5507.5,5507.5,0.0,0.0,0.0,0.0,0.0,435.2,0.0,0.0,0.0,0.0,0.0,0.0,0.0,5022.7,49.6,0.0
2050-03-04 17:00:00,2050-03-04 15:00:00,1605.3,3629.9,0.0,0.0,5235.2,1554.7,0.0,0.0,0.0,0.0315,0.042,upv,upv,0.0,0.0,0.0,0.0,0.0,0.0,0.0,0.0,0.0,0.0,0.0,0.0,0.0,0.0,0.0,0.0,0.0,0.0,139.9,2.6,0.26,16.5,1054.6,0.06,140.0,48.0,188.0,0.0,0.0,0.0,0.0,0.0,0.0,0.0,0.0,0.0,0.0,0.0,0.0,0.0,0.0,0.0,0.0,0.0,0.0,5113.2,5113.2,5235.2,5235.2,0.0,0.0,0.0,0.0,0.0,434.9,0.0,0.0,0.0,0.0,0.0,0.0,0.0,4754.7,45.7,0.0
2050-03-04 18:00:00,2050-03-04 16:00:00,1670.5,2917.5,0.0,0.0,4588.1,1617.2,0.0,0.0,0.0,0.0319,0.0437,upv,upv,0.0,0.0,0.0,0.0,0.0,0.0,0.0,0.0,0.0,0.0,0.0,0.0,0.0,0.0,0.0,0.0,0.0,0.0,140.0,2.6,0.26,16.5,1055.1,0.06,140.1,48.0,188.1,0.0,0.0,0.0,0.0,0.0,0.0,0.0,0.0,0.0,0.0,0.0,0.0,0.0,0.0,0.0,0.0,0.0,0.0,3284.7,3284.7,4588.1,4588.1,0.0,0.0,0.0,0.0,0.0,330.4,0.0,0.0,0.0,0.0,0.0,0.0,0.0,4211.5,46.2,0.0
2050-03-04 19:00:00,2050-03-04 17:00:00,1701.1,0.0,0.0,4.3,1705.3,1646.4,17.4,0.0,661.1,0.0322,0.0445,battery,gas-cc,0.0,0.0,0.0,0.0,0.0,0.0,0.0,0.0,0.0,0.0,0.0,0.0,0.0,0.0,0.0,0.0,0.0,0.0,140.2,2.6,0.27,16.6,1056.7,0.06,140.3,48.1,188.4,331.3,6.2,0.62,39.1,2500.4,0.14,331.7,113.7,445.4,24.78,0.0,0.0,24.78,25.93,0.0,0.0,25.93,0.0,0.0,0.0,2366.4,1688.0,678.5,0.0,0.0,0.0,0.0,68.9,0.0,0.0,0.0,0.0,0.0,0.0,0.0,1563.1,56.0,0.0
2050-03-04 20:00:00,2050-03-04 18:00:00,1798.9,0.0,0.0,8.3,1807.2,1739.8,1739.8,0.0,1276.6,0.0329,0.047,battery,gas-cc,0.0,0.0,0.0,0.0,0.0,0.0,0.0,0.0,0.0,0.0,0.0,0.0,0.0,0.0,0.0,0.0,0.0,0.0,143.3,2.7,0.27,16.9,1080.4,0.06,143.5,49.1,192.6,370.9,7.0,0.7,43.8,2798.5,0.16,371.3,127.2,498.5,24.78,0.0,0.0,24.78,26.0,0.0,0.0,26.0,0.0,0.0,0.0,3083.8,67.4,3016.4,0.0,0.0,0.0,0.0,0.0,0.0,0.0,0.0,0.0,0.0,0.0,0.0,0.0,67.4,0.0
2050-03-04 21:00:00,2050-03-04 19:00:00,1840.0,0.0,0.0,9.3,1849.3,1778.9,1776.1,0.0,1435.1,0.0332,0.0481,battery,gas-cc,0.0,0.0,0.0,0.0,0.0,0.0,0.0,0.0,0.0,0.0,0.0,0.0,0.0,0.0,0.0,0.0,0.0,0.0,238.9,4.5,0.45,28.2,1802.1,0.1,239.1,82.0,321.1,387.4,7.3,0.73,45.8,2923.5,0.17,387.8,132.9,520.8,24.78,0.0,0.0,24.78,26.03,0.0,0.0,26.03,0.0,0.0,0.0,3284.4,73.2,3211.2,0.0,0.0,0.0,0.0,0.0,0.0,0.0,0.0,0.0,0.0,0.0,0.0,0.0,73.2,0.0
2050-03-04 22:00:00,2050-03-04 20:00:00,1802.1,0.0,0.0,7.0,1809.1,1742.8,1742.1,0.0,1079.4,0.0329,0.0471,battery,gas-cc,0.0,0.0,0.0,0.0,0.0,0.0,0.0,0.0,0.0,0.0,0.0,0.0,0.0,0.0,0.0,0.0,0.0,0.0,143.6,2.7,0.27,17.0,1082.5,0.06,143.7,49.2,193.0,370.9,7.0,0.7,43.8,2798.8,0.16,371.3,127.3,498.5,24.78,0.0,0.0,24.78,26.0,0.0,0.0,26.0,0.0,0.0,0.0,2888.6,67.0,2821.5,0.0,0.0,0.0,0.0,0.0,0.0,0.0,0.0,0.0,0.0,0.0,0.0,0.0,67.0,0.0
2050-03-04 23:00:00,2050-03-04 21:00:00,1716.8,0.0,0.0,10.1,1727.0,1661.4,1655.7,0.0,1555.5,0.0323,0.0449,battery,gas-cc,0.0,0.0,0.0,0.0,0.0,0.0,0.0,0.0,0.0,0.0,0.0,0.0,0.0,0.0,0.0,0.0,0.0,0.0,142.6,2.7,0.27,16.9,1075.4,0.06,142.8,48.9,191.7,370.0,7.0,0.7,43.7,2792.2,0.16,370.4,127.0,497.4,24.78,0.0,0.0,24.78,25.94,0.0,0.0,25.94,0.0,0.0,0.0,3282.4,71.2,3211.2,0.0,0.0,0.0,0.0,0.0,0.0,0.0,0.0,0.0,0.0,0.0,0.0,0.0,71.2,0.0
2050-03-05 00:00:00,2050-03-04 22:00:00,1621.1,0.0,0.0,2.1,1623.1,1569.8,1538.1,0.0,318.8,0.0316,0.0424,battery,gas-cc,0.0,0.0,0.0,0.0,0.0,0.0,0.0,0.0,0.0,0.0,0.0,0.0,0.0,0.0,0.0,0.0,0.0,0.0,162.3,3.1,0.31,19.2,1223.9,0.07,162.5,55.7,218.2,367.4,6.9,0.69,43.4,2772.2,0.16,367.8,126.1,493.8,29.07,0.0,0.0,29.07,30.35,0.0,0.0,30.35,0.0,0.0,0.0,1942.0,85.0,1856.9,0.0,0.0,0.0,0.0,0.0,0.0,0.0,0.0,0.0,0.0,0.0,0.0,0.0,85.0,0.0
2050-03-05 01:00:00,2050-03-04 23:00:00,1528.4,0.0,0.0,0.0,1528.4,1481.0,1442.5,0.0,4.1,0.031,0.04,battery,gas-cc,0.0,0.0,0.0,0.0,0.0,0.0,0.0,0.0,0.0,0.0,0.0,0.0,0.0,0.0,0.0,0.0,0.0,0.0,169.0,3.2,0.32,20.0,1274.7,0.07,169.2,58.0,227.2,383.9,7.2,0.72,45.3,2896.8,0.17,384.3,131.7,516.0,29.07,0.0,0.0,29.07,30.28,0.0,0.0,30.28,0.0,0.0,0.0,1532.5,85.9,1446.6,0.0,0.0,0.0,0.0,0.0,0.0,0.0,0.0,0.0,0.0,0.0,0.0,0.0,85.9,0.0
2050-03-05 02:00:00,2050-03-05 00:00:00,1404.2,0.0,0.0,1.4,1405.6,1361.6,1327.6,0.0,216.1,0.0304,0.0367,battery,gas-cc,0.0,0.0,0.0,0.0,0.0,0.0,0.0,0.0,0.0,0.0,0.0,0.0,0.0,0.0,0.0,0.0,0.0,0.0,205.9,3.9,0.39,24.3,1553.1,0.09,206.1,70.6,276.7,382.6,7.2,0.72,45.2,2887.0,0.17,383.0,131.3,514.3,29.07,0.0,0.0,29.07,30.17,0.0,0.0,30.17,0.0,0.0,0.0,1621.7,78.0,1543.7,0.0,0.0,0.0,0.0,0.0,0.0,0.0,0.0,0.0,0.0,0.0,0.0,0.0,78.0,0.0
2050-03-05 03:00:00,2050-03-05 01:00:00,1320.0,0.0,0.0,1.7,1321.7,1280.4,1242.4,0.0,257.5,0.03,0.0345,battery,gas-cc,0.0,0.0,0.0,0.0,0.0,0.0,0.0,0.0,0.0,0.0,0.0,0.0,0.0,0.0,0.0,0.0,0.0,0.0,220.1,4.2,0.42,26.0,1660.5,0.1,220.4,75.5,295.9,381.7,7.2,0.72,45.1,2880.4,0.17,382.1,131.0,513.1,29.07,0.0,0.0,29.07,30.11,0.0,0.0,30.11,0.0,0.0,0.0,1579.2,79.3,1499.9,0.0,0.0,0.0,0.0,0.0,0.0,0.0,0.0,0.0,0.0,0.0,0.0,0.0,79.3,0.0
2050-03-05 04:00:00,2050-03-05 02:00:00,1268.4,0.0,0.0,0.0,1268.4,1230.5,1148.6,0.0,0.0,0.0299,0.0332,battery,gas-cc,0.0,0.0,0.0,0.0,0.0,0.0,0.0,0.0,0.0,0.0,0.0,0.0,0.0,0.0,0.0,0.0,0.0,0.0,264.2,5.0,0.5,31.2,1993.5,0.11,264.5,90.6,355.1,327.5,6.2,0.62,38.7,2471.2,0.14,327.8,112.4,440.2,29.07,0.0,0.0,29.07,30.06,0.0,0.0,30.06,0.0,0.0,0.0,1268.4,119.8,1148.6,0.0,0.0,0.0,0.0,0.0,0.0,0.0,0.0,0.0,0.0,0.0,0.0,0.0,119.8,0.0
2050-03-05 05:00:00,2050-03-05 03:00:00,1227.4,0.0,0.0,3.2,1230.6,1190.8,1094.2,0.0,493.5,0.0298,0.0321,battery,gas-cc,0.0,0.0,0.0,0.0,0.0,0.0,0.0,0.0,0.0,0.0,0.0,0.0,0.0,0.0,0.0,0.0,0.0,0.0,213.6,4.0,0.4,25.2,1611.0,0.09,213.8,73.3,287.0,380.8,7.2,0.72,45.0,2873.2,0.17,381.2,130.6,511.8,29.07,0.0,0.0,29.07,30.03,0.0,0.0,30.03,0.0,0.0,0.0,1724.0,136.4,1587.7,0.0,0.0,0.0,0.0,0.0,0.0,0.0,0.0,0.0,0.0,0.0,0.0,0.0,136.4,0.0
2050-03-05 06:00:00,2050-03-05 04:00:00,1208.4,0.0,0.0,5.1,1213.5,1172.5,1091.3,0.0,785.2,0.0298,0.0316,battery,gas-cc,0.0,0.0,0.0,0.0,0.0,0.0,0.0,0.0,0.0,0.0,0.0,0.0,0.0,0.0,0.0,0.0,0.0,0.0,211.8,4.0,0.4,25.0,1598.0,0.09,212.1,72.7,284.7,380.6,7.2,0.72,45.0,2871.8,0.16,381.0,130.6,511.5,29.07,0.0,0.0,29.07,30.01,0.0,0.0,30.01,0.0,0.0,0.0,1998.7,122.2,1876.5,0.0,0.0,0.0,0.0,0.0,0.0,0.0,0.0,0.0,0.0,0.0,0.0,0.0,122.2,0.0
2050-03-05 07:00:00,2050-03-05 05:00:00,1227.4,0.0,0.0,0.8,1228.1,1190.8,1112.7,0.0,116.4,0.0298,0.0321,battery,gas-cc,0.0,0.0,0.0,0.0,0.0,0.0,0.0,0.0,0.0,0.0,0.0,0.0,0.0,0.0,0.0,0.0,0.0,0.0,190.5,3.6,0.36,22.5,1436.5,0.08,190.7,65.3,256.0,409.3,7.7,0.77,48.4,3088.6,0.18,409.7,140.4,550.2,29.07,0.0,0.0,29.07,30.03,0.0,0.0,30.03,0.0,0.0,0.0,1344.5,115.4,1229.1,0.0,0.0,0.0,0.0,0.0,0.0,0.0,0.0,0.0,0.0,0.0,0.0,0.0,115.4,0.0
2050-03-05 08:00:00,2050-03-05 06:00:00,1268.4,0.0,0.0,2.6,1271.0,1230.5,960.1,0.0,403.7,0.0299,0.0332,battery,gas-cc,0.0,0.0,0.0,0.0,0.0,0.0,0.0,0.0,0.0,0.0,0.0,0.0,0.0,0.0,0.0,0.0,0.0,0.0,256.6,4.8,0.48,30.3,1935.7,0.11,256.8,88.0,344.8,381.2,7.2,0.72,45.0,2876.4,0.17,381.6,130.8,512.4,29.07,0.0,0.0,29.07,30.06,0.0,0.0,30.06,0.0,0.0,0.0,1674.7,311.0,1363.8,0.0,0.0,0.0,0.0,7.8,0.0,0.0,0.0,0.0,0.0,0.0,0.0,177.3,125.8,0.0
2050-03-05 09:00:00,2050-03-05 07:00:00,1348.4,2065.0,0.0,0.0,3413.4,1307.8,0.0,0.0,0.0,0.0301,0.0353,upv,upv,0.0,0.0,0.0,0.0,0.0,0.0,0.0,0.0,0.0,0.0,0.0,0.0,0.0,0.0,0.0,0.0,0.0,0.0,139.7,2.6,0.26,16.5,1053.1,0.06,139.8,47.9,187.7,0.0,0.0,0.0,0.0,0.0,0.0,0.0,0.0,0.0,0.0,0.0,0.0,0.0,0.0,0.0,0.0,0.0,0.0,3213.3,3213.3,3413.4,3413.4,0.0,0.0,0.0,0.0,0.0,274.6,0.0,0.0,0.0,0.0,0.0,0.0,0.0,3019.6,119.2,0.0
2050-03-05 10:00:00,2050-03-05 08:00:00,1441.1,3207.3,0.0,0.0,4648.4,1397.0,-0.0,0.0,0.0,0.0305,0.0377,upv,upv,0.0,0.0,0.0,0.0,0.0,0.0,0.0,0.0,0.0,0.0,0.0,0.0,0.0,0.0,0.0,0.0,0.0,0.0,139.7,2.6,0.26,16.5,1053.6,0.06,139.9,47.9,187.8,0.0,0.0,0.0,0.0,0.0,0.0,0.0,0.0,0.0,0.0,0.0,0.0,0.0,0.0,0.0,0.0,0.0,0.0,5757.0,5757.0,4648.4,4648.4,0.0,0.0,0.0,0.0,0.0,435.2,0.0,0.0,0.0,0.0,0.0,0.0,0.0,4117.3,95.8,0.0
2050-03-05 11:00:00,2050-03-05 09:00:00,1461.1,3791.8,0.0,0.0,5252.9,1416.3,-0.0,0.0,0.0,0.0306,0.0382,upv,upv,0.0,0.0,0.0,0.0,0.0,0.0,0.0,0.0,0.0,0.0,0.0,0.0,0.0,0.0,0.0,0.0,0.0,0.0,139.8,2.6,0.26,16.5,1053.7,0.06,139.9,47.9,187.8,0.0,0.0,0.0,0.0,0.0,0.0,0.0,0.0,0.0,0.0,0.0,0.0,0.0,0.0,0.0,0.0,0.0,0.0,5146.6,5146.6,5252.9,5252.9,0.0,0.0,0.0,0.0,0.0,435.2,0.0,0.0,0.0,0.0,0.0,0.0,0.0,4727.7,90.0,0.0
2050-03-05 12:00:00,2050-03-05 10:00:00,1489.5,3791.8,0.0,0.0,5281.3,1443.6,0.0,0.0,0.0,0.0308,0.039,upv,upv,0.0,0.0,0.0,0.0,0.0,0.0,0.0,0.0,0.0,0.0,0.0,0.0,0.0,0.0,0.0,0.0,0.0,0.0,139.8,2.6,0.26,16.5,1053.8,0.06,139.9,47.9,187.9,0.0,0.0,0.0,0.0,0.0,0.0,0.0,0.0,0.0,0.0,0.0,0.0,0.0,0.0,0.0,0.0,0.0,0.0,5102.9,5102.9,5281.3,5281.3,0.0,0.0,0.0,0.0,0.0,434.5,0.0,0.0,0.0,0.0,0.0,0.0,0.0,4758.5,88.2,0.0
2050-03-05 13:00:00,2050-03-05 11:00:00,1505.3,2821.5,0.0,0.0,4326.8,1458.8,0.0,0.0,0.0,0.0309,0.0394,upv,upv,0.0,0.0,0.0,0.0,0.0,0.0,0.0,0.0,0.0,0.0,0.0,0.0,0.0,0.0,0.0,0.0,0.0,0.0,139.8,2.6,0.26,16.5,1053.9,0.06,139.9,47.9,187.9,0.0,0.0,0.0,0.0,0.0,0.0,0.0,0.0,0.0,0.0,0.0,0.0,0.0,0.0,0.0,0.0,0.0,0.0,5880.9,5880.9,4326.8,4326.8,0.0,0.0,0.0,0.0,0.0,427.7,0.0,0.0,0.0,0.0,0.0,0.0,0.0,3825.4,73.8,0.0
2050-03-05 14:00:00,2050-03-05 12:00:00,1546.3,3007.6,0.0,0.0,4553.9,1498.2,0.0,0.0,0.0,0.0311,0.0404,upv,upv,0.0,0.0,0.0,0.0,0.0,0.0,0.0,0.0,0.0,0.0,0.0,0.0,0.0,0.0,0.0,0.0,0.0,0.0,139.8,2.6,0.26,16.5,1054.2,0.06,140.0,48.0,187.9,0.0,0.0,0.0,0.0,0.0,0.0,0.0,0.0,0.0,0.0,0.0,0.0,0.0,0.0,0.0,0.0,0.0,0.0,5535.0,5535.0,4553.9,4553.9,0.0,0.0,0.0,0.0,0.0,423.3,0.0,0.0,0.0,0.0,0.0,0.0,0.0,4074.4,56.2,0.0
2050-03-05 15:00:00,2050-03-05 13:00:00,1592.6,3340.1,0.0,0.0,4932.8,1542.6,0.0,0.0,0.0,0.0314,0.0416,upv,upv,0.0,0.0,0.0,0.0,0.0,0.0,0.0,0.0,0.0,0.0,0.0,0.0,0.0,0.0,0.0,0.0,0.0,0.0,139.9,2.6,0.26,16.5,1054.5,0.06,140.0,48.0,188.0,0.0,0.0,0.0,0.0,0.0,0.0,0.0,0.0,0.0,0.0,0.0,0.0,0.0,0.0,0.0,0.0,0.0,0.0,5376.5,5376.5,4932.8,4932.8,0.0,0.0,0.0,0.0,0.0,433.4,0.0,0.0,0.0,0.0,0.0,0.0,0.0,4459.1,40.3,0.0
2050-03-05 16:00:00,2050-03-05 14:00:00,1615.8,3303.3,0.0,0.0,4919.1,1564.8,0.0,0.0,0.0,0.0316,0.0423,upv,upv,0.0,0.0,0.0,0.0,0.0,0.0,0.0,0.0,0.0,0.0,0.0,0.0,0.0,0.0,0.0,0.0,0.0,0.0,139.9,2.6,0.26,16.5,1054.7,0.06,140.0,48.0,188.0,0.0,0.0,0.0,0.0,0.0,0.0,0.0,0.0,0.0,0.0,0.0,0.0,0.0,0.0,0.0,0.0,0.0,0.0,5420.8,5420.8,4919.1,4919.1,0.0,0.0,0.0,0.0,0.0,435.2,0.0,0.0,0.0,0.0,0.0,0.0,0.0,4453.5,30.3,0.0
2050-03-05 17:00:00,2050-03-05 15:00:00,1662.1,2626.7,0.0,0.0,4288.8,1609.1,0.0,0.0,0.0,0.0319,0.0435,upv,upv,0.0,0.0,0.0,0.0,0.0,0.0,0.0,0.0,0.0,0.0,0.0,0.0,0.0,0.0,0.0,0.0,0.0,0.0,139.9,2.6,0.26,16.5,1055.0,0.06,140.1,48.0,188.1,0.0,0.0,0.0,0.0,0.0,0.0,0.0,0.0,0.0,0.0,0.0,0.0,0.0,0.0,0.0,0.0,0.0,0.0,5962.0,5962.0,4288.8,4288.8,0.0,0.0,0.0,0.0,0.0,431.6,0.0,0.0,0.0,0.0,0.0,0.0,0.0,3834.8,22.4,0.0
2050-03-05 18:00:00,2050-03-05 16:00:00,1734.7,3211.2,0.0,0.0,4945.9,1678.5,-0.0,0.0,0.0,0.0324,0.0454,upv,upv,0.0,0.0,0.0,0.0,0.0,0.0,0.0,0.0,0.0,0.0,0.0,0.0,0.0,0.0,0.0,0.0,0.0,0.0,140.0,2.6,0.27,16.5,1055.6,0.06,140.2,48.0,188.2,0.0,0.0,0.0,0.0,0.0,0.0,0.0,0.0,0.0,0.0,0.0,0.0,0.0,0.0,0.0,0.0,0.0,0.0,2795.2,2795.2,4945.9,4945.9,0.0,0.0,0.0,0.0,0.0,325.7,0.0,0.0,0.0,0.0,0.0,0.0,0.0,4597.6,22.6,0.0
2050-03-05 19:00:00,2050-03-05 17:00:00,1809.5,0.0,0.0,20.2,1829.7,1749.8,150.5,0.0,2216.5,0.033,0.0473,phs,gas-cc,0.0,0.0,0.0,0.0,0.0,0.0,0.0,0.0,0.0,0.0,0.0,0.0,0.0,0.0,0.0,0.0,0.0,0.0,141.8,2.7,0.27,16.8,1069.2,0.06,142.0,48.6,190.6,415.8,7.8,0.78,49.1,3138.0,0.18,416.3,142.7,559.0,29.07,0.0,0.0,29.07,30.51,0.0,0.0,30.51,0.0,0.0,0.0,4046.2,1679.2,2367.0,0.0,0.0,0.0,0.0,69.3,0.0,0.0,0.0,0.0,0.0,0.0,0.0,1573.6,36.3,0.0
2050-03-05 20:00:00,2050-03-05 18:00:00,1891.6,0.0,0.0,7.2,1898.8,1827.9,1846.8,0.0,1104.6,0.0336,0.0495,battery,gas-cc,0.0,0.0,0.0,0.0,0.0,0.0,0.0,0.0,0.0,0.0,0.0,0.0,0.0,0.0,0.0,0.0,0.0,0.0,175.3,3.3,0.33,20.7,1322.1,0.08,175.5,60.1,235.6,370.1,7.0,0.7,43.7,2792.8,0.16,370.5,127.0,497.5,29.07,0.0,0.0,29.07,30.58,0.0,0.0,30.58,0.0,0.0,0.0,3003.4,51.9,2951.4,0.0,0.0,0.0,0.0,0.0,0.0,0.0,0.0,0.0,0.0,0.0,0.0,0.0,51.9,0.0
2050-03-05 21:00:00,2050-03-05 19:00:00,1941.1,0.0,0.0,8.7,1949.7,1874.9,1907.8,0.0,1332.5,0.0341,0.0508,battery,gas-cc,0.0,0.0,0.0,0.0,0.0,0.0,0.0,0.0,0.0,0.0,0.0,0.0,0.0,0.0,0.0,0.0,0.0,0.0,148.1,2.8,0.28,17.5,1116.9,0.06,148.3,50.8,199.1,370.6,7.0,0.7,43.8,2796.6,0.16,371.0,127.2,498.2,29.07,0.0,0.0,29.07,30.62,0.0,0.0,30.62,0.0,0.0,0.0,3282.2,41.9,3240.3,0.0,0.0,0.0,0.0,0.0,0.0,0.0,0.0,0.0,0.0,0.0,0.0,0.0,41.9,0.0
2050-03-05 22:00:00,2050-03-05 20:00:00,1853.7,0.0,0.0,8.4,1862.1,1791.9,1821.8,0.0,1295.3,0.0333,0.0485,battery,gas-cc,0.0,0.0,0.0,0.0,0.0,0.0,0.0,0.0,0.0,0.0,0.0,0.0,0.0,0.0,0.0,0.0,0.0,0.0,167.5,3.2,0.32,19.8,1263.0,0.07,167.7,57.4,225.1,387.3,7.3,0.73,45.8,2922.7,0.17,387.7,132.9,520.6,29.07,0.0,0.0,29.07,30.55,0.0,0.0,30.55,0.0,0.0,0.0,3157.4,40.3,3117.2,0.0,0.0,0.0,0.0,0.0,0.0,0.0,0.0,0.0,0.0,0.0,0.0,0.0,40.3,0.0
2050-03-05 23:00:00,2050-03-05 21:00:00,1740.0,0.0,0.0,8.5,1748.5,1683.6,1715.7,0.0,1300.7,0.0324,0.0455,battery,gas-cc,0.0,0.0,0.0,0.0,0.0,0.0,0.0,0.0,0.0,0.0,0.0,0.0,0.0,0.0,0.0,0.0,0.0,0.0,157.0,3.0,0.3,18.6,1183.9,0.07,157.2,53.9,211.0,368.6,6.9,0.69,43.5,2781.2,0.16,369.0,126.5,495.4,29.07,0.0,0.0,29.07,30.45,0.0,0.0,30.45,0.0,0.0,0.0,3049.1,32.8,3016.4,0.0,0.0,0.0,0.0,0.0,0.0,0.0,0.0,0.0,0.0,0.0,0.0,0.0,32.8,0.0
2050-03-06 00:00:00,2050-03-05 22:00:00,1601.1,0.0,0.0,0.0,1601.1,1550.7,1578.3,0.0,0.0,0.0315,0.0419,battery,gas-cc,0.0,0.0,0.0,0.0,0.0,0.0,0.0,0.0,0.0,0.0,0.0,0.0,0.0,0.0,0.0,0.0,0.0,0.0,149.6,2.8,0.28,17.7,1128.0,0.07,149.8,51.3,201.1,334.4,6.3,0.63,39.5,2523.7,0.14,334.8,114.8,449.5,26.78,0.0,0.0,26.78,27.95,0.0,0.0,27.95,0.0,0.0,0.0,1601.1,22.7,1578.3,0.0,0.0,0.0,0.0,0.0,0.0,0.0,0.0,0.0,0.0,0.0,0.0,0.0,22.7,0.0
2050-03-06 01:00:00,2050-03-05 23:00:00,1469.5,0.0,0.0,0.0,1469.5,1424.4,1447.4,0.0,0.0,0.0307,0.0384,battery,gas-cc,0.0,0.0,0.0,0.0,0.0,0.0,0.0,0.0,0.0,0.0,0.0,0.0,0.0,0.0,0.0,0.0,0.0,0.0,149.5,2.8,0.28,17.7,1126.8,0.07,149.6,51.3,200.9,333.2,6.3,0.63,39.4,2514.6,0.14,333.6,114.3,447.9,26.78,0.0,0.0,26.78,27.85,0.0,0.0,27.85,0.0,0.0,0.0,1469.5,22.0,1447.4,0.0,0.0,0.0,0.0,0.0,0.0,0.0,0.0,0.0,0.0,0.0,0.0,0.0,22.0,0.0
2050-03-06 02:00:00,2050-03-06 00:00:00,1306.3,0.0,0.0,0.0,1306.3,1267.1,1286.7,0.0,0.0,0.03,0.0342,battery,gas-cc,0.0,0.0,0.0,0.0,0.0,0.0,0.0,0.0,0.0,0.0,0.0,0.0,0.0,0.0,0.0,0.0,0.0,0.0,151.7,2.9,0.29,17.9,1143.9,0.07,151.9,52.0,203.9,331.8,6.3,0.63,39.2,2503.5,0.14,332.1,113.8,446.0,26.78,0.0,0.0,26.78,27.73,0.0,0.0,27.73,0.0,0.0,0.0,1306.3,19.6,1286.7,0.0,0.0,0.0,0.0,0.0,0.0,0.0,0.0,0.0,0.0,0.0,0.0,0.0,19.6,0.0
2050-03-06 03:00:00,2050-03-06 01:00:00,1240.0,0.0,0.0,1.2,1241.2,1203.0,1223.2,0.0,189.4,0.0298,0.0324,battery,gas-cc,0.0,0.0,0.0,0.0,0.0,0.0,0.0,0.0,0.0,0.0,0.0,0.0,0.0,0.0,0.0,0.0,0.0,0.0,232.6,4.4,0.44,27.5,1754.7,0.1,232.9,79.8,312.7,381.1,7.2,0.72,45.0,2876.0,0.17,381.5,130.8,512.3,26.78,0.0,0.0,26.78,27.68,0.0,0.0,27.68,0.0,0.0,0.0,1430.6,18.1,1412.5,0.0,0.0,0.0,0.0,0.0,0.0,0.0,0.0,0.0,0.0,0.0,0.0,0.0,18.1,0.0
2050-03-06 04:00:00,2050-03-06 02:00:00,1188.4,0.0,0.0,0.0,1188.4,1153.1,1166.7,0.0,0.0,0.0297,0.0311,battery,gas-cc,0.0,0.0,0.0,0.0,0.0,0.0,0.0,0.0,0.0,0.0,0.0,0.0,0.0,0.0,0.0,0.0,0.0,0.0,142.6,2.7,0.27,16.8,1075.0,0.06,142.7,48.9,191.6,330.7,6.2,0.62,39.1,2495.6,0.14,331.1,113.5,444.5,26.78,0.0,0.0,26.78,27.64,0.0,0.0,27.64,0.0,0.0,0.0,1188.4,21.7,1166.7,0.0,0.0,0.0,0.0,0.0,0.0,0.0,0.0,0.0,0.0,0.0,0.0,0.0,21.7,0.0
2050-03-06 05:00:00,2050-03-06 03:00:00,1165.3,0.0,0.0,0.0,1165.3,1130.6,1136.6,0.0,0.0,0.0297,0.0305,battery,gas-cc,0.0,0.0,0.0,0.0,0.0,0.0,0.0,0.0,0.0,0.0,0.0,0.0,0.0,0.0,0.0,0.0,0.0,0.0,143.0,2.7,0.27,16.9,1078.3,0.06,143.2,49.0,192.2,330.5,6.2,0.62,39.0,2494.0,0.14,330.9,113.4,444.3,26.78,0.0,0.0,26.78,27.62,0.0,0.0,27.62,0.0,0.0,0.0,1165.3,28.6,1136.6,0.0,0.0,0.0,0.0,0.0,0.0,0.0,0.0,0.0,0.0,0.0,0.0,0.0,28.6,0.0
2050-03-06 06:00:00,2050-03-06 04:00:00,1175.8,0.0,0.0,0.0,1175.8,1140.9,1143.1,0.0,0.0,0.0297,0.0307,battery,gas-cc,0.0,0.0,0.0,0.0,0.0,0.0,0.0,0.0,0.0,0.0,0.0,0.0,0.0,0.0,0.0,0.0,0.0,0.0,150.6,2.8,0.28,17.8,1135.4,0.07,150.7,51.6,202.4,330.6,6.2,0.62,39.1,2494.7,0.14,331.0,113.4,444.4,26.78,0.0,0.0,26.78,27.63,0.0,0.0,27.63,0.0,0.0,0.0,1175.8,32.7,1143.1,0.0,0.0,0.0,0.0,0.0,0.0,0.0,0.0,0.0,0.0,0.0,0.0,0.0,32.7,0.0
2050-03-06 07:00:00,2050-03-06 05:00:00,1260.0,0.0,0.0,0.0,1260.0,1222.4,1222.8,0.0,0.0,0.0299,0.033,battery,gas-cc,0.0,0.0,0.0,0.0,0.0,0.0,0.0,0.0,0.0,0.0,0.0,0.0,0.0,0.0,0.0,0.0,0.0,0.0,142.3,2.7,0.27,16.8,1072.8,0.06,142.5,48.8,191.3,331.3,6.2,0.62,39.1,2500.4,0.14,331.7,113.7,445.4,26.78,0.0,0.0,26.78,27.69,0.0,0.0,27.69,0.0,0.0,0.0,1260.0,37.2,1222.8,0.0,0.0,0.0,0.0,0.0,0.0,0.0,0.0,0.0,0.0,0.0,0.0,0.0,37.2,0.0
2050-03-06 08:00:00,2050-03-06 06:00:00,1428.4,0.0,0.0,1.0,1429.4,1384.9,1246.8,0.0,158.3,0.0305,0.0374,battery,gas-cc,0.0,0.0,0.0,0.0,0.0,0.0,0.0,0.0,0.0,0.0,0.0,0.0,0.0,0.0,0.0,0.0,0.0,0.0,143.2,2.7,0.27,16.9,1079.4,0.06,143.3,49.1,192.4,332.9,6.3,0.63,39.3,2511.8,0.14,333.2,114.2,447.4,26.78,0.0,0.0,26.78,27.82,0.0,0.0,27.82,0.0,0.0,0.0,1587.7,182.7,1405.0,0.0,0.0,0.0,0.0,6.2,0.0,0.0,0.0,0.0,0.0,0.0,0.0,140.3,36.3,0.0
2050-03-06 09:00:00,2050-03-06 07:00:00,1580.0,2431.9,0.0,9.6,4021.5,1530.5,31.0,445.3,414.3,0.0313,0.0413,upv,upv,0.0,0.0,0.0,0.0,0.0,0.0,0.0,0.0,0.0,0.0,0.0,0.0,0.0,0.0,0.0,0.0,0.0,0.0,139.9,2.6,0.26,16.5,1054.4,0.06,140.0,48.0,188.0,0.0,0.0,0.0,0.0,0.0,0.0,0.0,0.0,0.0,0.02,0.0,0.0,0.02,0.02,0.0,0.0,0.02,0.0,0.0,0.0,3990.5,3990.5,0.0,0.0,0.0,0.0,0.0,167.2,0.0,0.0,0.0,0.0,0.0,0.0,0.0,3793.3,30.0,0.0
2050-03-06 10:00:00,2050-03-06 08:00:00,1695.8,2626.7,0.0,0.0,4322.5,1641.3,0.0,0.0,0.0,0.0321,0.0443,upv,upv,0.0,0.0,0.0,0.0,0.0,0.0,0.0,0.0,0.0,0.0,0.0,0.0,0.0,0.0,0.0,0.0,0.0,0.0,140.0,2.6,0.26,16.5,1055.3,0.06,140.1,48.0,188.1,0.0,0.0,0.0,0.0,0.0,0.0,0.0,0.0,0.0,0.0,0.0,0.0,0.0,0.0,0.0,0.0,0.0,20.8,2080.5,2101.3,4322.5,4322.5,0.0,0.0,0.0,0.0,0.0,270.3,0.0,0.0,0.0,0.0,0.0,0.0,0.0,4052.2,0.0,0.0
2050-03-06 11:00:00,2050-03-06 09:00:00,1698.9,3990.5,0.0,0.0,5689.4,1644.3,0.0,0.0,0.0,0.0321,0.0444,upv,upv,0.0,0.0,0.0,0.0,0.0,0.0,0.0,0.0,0.0,0.0,0.0,0.0,0.0,0.0,0.0,0.0,0.0,0.0,140.0,2.6,0.26,16.5,1055.3,0.06,140.1,48.0,188.1,0.0,0.0,0.0,0.0,0.0,0.0,0.0,0.0,0.0,0.0,0.0,0.0,0.0,0.0,0.0,0.0,0.0,10.1,1948.1,1958.2,5689.4,5689.4,0.0,0.0,0.0,0.0,0.0,0.0,0.0,0.0,0.0,0.0,0.0,0.0,0.0,5689.4,0.0,0.0
2050-03-06 12:00:00,2050-03-06 10:00:00,1652.6,2850.6,0.0,0.0,4503.3,1600.1,0.0,0.0,0.0,0.0318,0.0432,upv,upv,0.0,0.0,0.0,0.0,0.0,0.0,0.0,0.0,0.0,0.0,0.0,0.0,0.0,0.0,0.0,0.0,0.0,0.0,139.9,2.6,0.26,16.5,1054.9,0.06,140.1,48.0,188.1,0.0,0.0,0.0,0.0,0.0,0.0,0.0,0.0,0.0,0.0,0.0,0.0,0.0,0.0,0.0,0.0,0.0,11.7,3883.3,3895.1,4503.3,4503.3,0.0,0.0,0.0,0.0,0.0,354.0,0.0,0.0,0.0,0.0,0.0,0.0,0.0,4149.2,0.0,0.0
2050-03-06 13:00:00,2050-03-06 11:00:00,1621.1,2655.8,0.0,0.0,4276.9,1569.8,-0.0,0.0,0.0,0.0316,0.0424,upv,upv,0.0,0.0,0.0,0.0,0.0,0.0,0.0,0.0,0.0,0.0,0.0,0.0,0.0,0.0,0.0,0.0,0.0,0.0,139.9,2.6,0.26,16.5,1054.7,0.06,140.1,48.0,188.0,0.0,0.0,0.0,0.0,0.0,0.0,0.0,0.0,0.0,0.0,0.0,0.0,0.0,0.0,0.0,0.0,0.0,17.5,4453.7,4471.2,4276.9,4276.9,0.0,0.0,0.0,0.0,0.0,368.5,0.0,0.0,0.0,0.0,0.0,0.0,0.0,3908.4,0.0,0.0
2050-03-06 14:00:00,2050-03-06 12:00:00,1605.3,3887.8,0.0,0.0,5493.1,1554.7,0.0,0.0,0.0,0.0315,0.042,upv,upv,0.0,0.0,0.0,0.0,0.0,0.0,0.0,0.0,0.0,0.0,0.0,0.0,0.0,0.0,0.0,0.0,0.0,0.0,139.9,2.6,0.26,16.5,1054.6,0.06,140.0,48.0,188.0,0.0,0.0,0.0,0.0,0.0,0.0,0.0,0.0,0.0,0.0,0.0,0.0,0.0,0.0,0.0,0.0,0.0,0.0,1932.9,1932.9,5493.1,5493.1,0.0,0.0,0.0,0.0,0.0,311.8,0.0,0.0,0.0,0.0,0.0,0.0,0.0,5143.3,38.0,0.0
2050-03-06 15:00:00,2050-03-06 13:00:00,1633.7,3435.1,0.0,0.0,5068.8,1581.9,0.0,0.0,0.0,0.0317,0.0427,upv,upv,0.0,0.0,0.0,0.0,0.0,0.0,0.0,0.0,0.0,0.0,0.0,0.0,0.0,0.0,0.0,0.0,0.0,0.0,139.9,2.6,0.26,16.5,1054.8,0.06,140.1,48.0,188.0,0.0,0.0,0.0,0.0,0.0,0.0,0.0,0.0,0.0,0.0,0.0,0.0,0.0,0.0,0.0,0.0,0.0,57.1,983.4,1040.4,5068.8,5068.8,0.0,0.0,0.0,0.0,0.0,255.5,0.0,0.0,0.0,0.0,0.0,0.0,0.0,4813.3,0.0,0.0
2050-03-06 16:00:00,2050-03-06 14:00:00,1633.7,3948.8,0.0,0.0,5582.5,1581.9,0.0,0.0,0.0,0.0317,0.0427,upv,upv,0.0,0.0,0.0,0.0,0.0,0.0,0.0,0.0,0.0,0.0,0.0,0.0,0.0,0.0,0.0,0.0,0.0,0.0,139.9,2.6,0.26,16.5,1054.8,0.06,140.1,48.0,188.0,0.0,0.0,0.0,0.0,0.0,0.0,0.0,0.0,0.0,0.0,0.0,0.0,0.0,0.0,0.0,0.0,0.0,0.0,15.6,15.6,5582.5,5582.5,0.0,0.0,0.0,0.0,0.0,233.0,0.0,0.0,0.0,0.0,0.0,0.0,0.0,5270.6,78.9,0.0
2050-03-06 17:00:00,2050-03-06 15:00:00,1706.3,3729.8,0.0,0.0,5436.1,1651.4,0.0,0.0,0.0,0.0322,0.0446,upv,upv,0.0,0.0,0.0,0.0,0.0,0.0,0.0,0.0,0.0,0.0,0.0,0.0,0.0,0.0,0.0,0.0,0.0,0.0,140.0,2.6,0.26,16.5,1055.4,0.06,140.1,48.0,188.1,0.0,0.0,0.0,0.0,0.0,0.0,0.0,0.0,0.0,0.0,0.0,0.0,0.0,0.0,0.0,0.0,0.0,118.5,990.4,1108.9,5436.1,5436.1,0.0,0.0,0.0,0.0,0.0,271.2,0.0,0.0,0.0,0.0,0.0,0.0,0.0,5164.9,0.0,0.0
2050-03-06 18:00:00,2050-03-06 16:00:00,1816.8,1609.5,0.0,6.6,3432.9,1756.8,-1010.5,0.0,1010.5,0.033,0.0475,battery,distpv,0.0,0.0,0.0,0.0,0.0,0.0,0.0,0.0,0.0,0.0,0.0,0.0,0.0,0.0,0.0,0.0,0.0,0.0,140.1,2.6,0.27,16.6,1056.3,0.06,140.3,48.0,188.3,0.0,0.0,0.0,0.0,0.0,0.0,0.0,0.0,0.0,0.24,0.0,0.0,0.24,0.25,0.0,0.0,0.25,0.0,0.0,0.0,4443.3,4443.3,0.0,0.0,0.0,0.0,0.0,181.3,0.0,0.0,0.0,0.0,0.0,0.0,0.0,4113.2,148.9,0.0
2050-03-06 19:00:00,2050-03-06 17:00:00,1894.7,0.0,0.0,14.4,1909.1,1830.9,1057.3,240.0,1640.0,0.0337,0.0495,battery,wind-ons,0.0,0.0,0.0,0.0,0.0,0.0,0.0,0.0,0.0,0.0,0.0,0.0,0.0,0.0,0.0,0.0,0.0,0.0,142.5,2.7,0.27,16.8,1074.1,0.06,142.6,48.9,191.5,0.0,0.0,0.0,0.0,0.0,0.0,0.0,0.0,0.0,7.15,0.0,0.0,7.15,7.52,0.0,0.0,7.52,0.0,0.0,0.0,3309.1,851.8,2457.3,0.0,0.0,0.0,0.0,29.3,0.0,0.0,0.0,0.0,0.0,0.0,0.0,664.4,158.2,0.0
2050-03-06 20:00:00,2050-03-06 18:00:00,2030.5,0.0,0.0,12.9,2043.4,1959.8,1899.2,142.4,1640.0,0.0349,0.0531,battery,wind-ons,0.0,0.0,0.0,0.0,0.0,0.0,0.0,0.0,0.0,0.0,0.0,0.0,0.0,0.0,0.0,0.0,0.0,0.0,143.9,2.7,0.27,17.0,1084.9,0.06,144.1,49.3,193.4,0.0,0.0,0.0,0.0,0.0,0.0,0.0,0.0,0.0,7.15,0.0,0.0,7.15,7.55,0.0,0.0,7.55,0.0,0.0,0.0,3541.0,144.2,3396.7,0.0,0.0,0.0,0.0,0.0,0.0,0.0,0.0,0.0,0.0,0.0,0.0,0.0,144.2,0.0
2050-03-06 21:00:00,2050-03-06 19:00:00,2058.9,0.0,0.0,17.6,2076.5,1986.7,1953.4,445.3,1640.0,0.0351,0.0538,battery,distpv,0.0,0.0,0.0,0.0,0.0,0.0,0.0,0.0,0.0,0.0,0.0,0.0,0.0,0.0,0.0,0.0,0.0,0.0,144.0,2.7,0.27,17.0,1085.3,0.06,144.1,49.4,193.5,0.0,0.0,0.0,0.0,0.0,0.0,0.0,0.0,0.0,7.15,0.0,0.0,7.15,7.56,0.0,0.0,7.56,0.0,0.0,0.0,3271.2,123.1,3148.1,0.0,0.0,0.0,0.0,0.0,0.0,0.0,0.0,0.0,0.0,0.0,0.0,0.0,123.1,0.0
2050-03-06 22:00:00,2050-03-06 20:00:00,1946.3,0.0,0.0,15.5,1961.8,1879.9,1884.2,312.0,1640.0,0.0341,0.0509,battery,upv,0.0,0.0,0.0,0.0,0.0,0.0,0.0,0.0,0.0,0.0,0.0,0.0,0.0,0.0,0.0,0.0,0.0,0.0,143.1,2.7,0.27,16.9,1079.2,0.06,143.3,49.1,192.4,0.0,0.0,0.0,0.0,0.0,0.0,0.0,0.0,0.0,7.15,0.0,0.0,7.15,7.53,0.0,0.0,7.53,0.0,0.0,0.0,3289.8,77.6,3212.1,0.0,0.0,0.0,0.0,0.0,0.0,0.0,0.0,0.0,0.0,0.0,0.0,0.0,77.6,0.0
2050-03-06 23:00:00,2050-03-06 21:00:00,1809.5,0.0,0.0,14.2,1823.7,1749.8,1753.7,445.3,1123.5,0.033,0.0473,battery,distpv,0.0,0.0,0.0,0.0,0.0,0.0,0.0,0.0,0.0,0.0,0.0,0.0,0.0,0.0,0.0,0.0,0.0,0.0,144.4,2.7,0.27,17.1,1088.6,0.06,144.5,49.5,194.1,0.0,0.0,0.0,0.0,0.0,0.0,0.0,0.0,0.0,7.15,0.0,0.0,7.15,7.5,0.0,0.0,7.5,0.0,0.0,0.0,2501.9,70.0,2431.9,0.0,0.0,0.0,0.0,0.0,0.0,0.0,0.0,0.0,0.0,0.0,0.0,0.0,70.0,0.0
2050-03-07 00:00:00,2050-03-06 22:00:00,1642.1,0.0,0.0,7.2,1649.3,1590.0,1581.7,101.7,871.2,0.0317,0.0429,battery,gas-cc,0.0,0.0,0.0,0.0,0.0,0.0,0.0,0.0,0.0,0.0,0.0,0.0,0.0,0.0,0.0,0.0,0.0,0.0,143.3,2.7,0.27,16.9,1080.3,0.06,143.4,49.1,192.6,367.6,6.9,0.69,43.4,2773.8,0.16,368.0,126.1,494.1,23.42,0.0,0.0,23.42,24.48,0.0,0.0,24.48,0.0,0.0,0.0,2418.8,67.7,2351.1,0.0,0.0,0.0,0.0,0.0,0.0,0.0,0.0,0.0,0.0,0.0,0.0,0.0,67.7,0.0
2050-03-07 01:00:00,2050-03-06 23:00:00,1478.9,0.0,0.0,16.7,1495.7,1433.5,1434.0,390.0,1640.0,0.0307,0.0387,battery,gas-cc,0.0,0.0,0.0,0.0,0.0,0.0,0.0,0.0,0.0,0.0,0.0,0.0,0.0,0.0,0.0,0.0,0.0,0.0,135.7,2.6,0.26,16.0,1023.3,0.06,135.9,46.5,182.4,329.3,6.2,0.62,38.9,2485.3,0.14,329.7,113.0,442.7,23.42,0.0,0.0,23.42,24.37,0.0,0.0,24.37,0.0,0.0,0.0,2745.6,61.7,2684.0,0.0,0.0,0.0,0.0,0.0,0.0,0.0,0.0,0.0,0.0,0.0,0.0,0.0,61.7,0.0
2050-03-07 02:00:00,2050-03-07 00:00:00,1343.2,0.0,0.0,16.2,1359.4,1302.7,1300.4,445.3,1436.6,0.0301,0.0351,battery,gas-cc,0.0,0.0,0.0,0.0,0.0,0.0,0.0,0.0,0.0,0.0,0.0,0.0,0.0,0.0,0.0,0.0,0.0,0.0,178.5,3.4,0.34,21.1,1346.0,0.08,178.7,61.2,239.9,364.6,6.9,0.69,43.1,2751.3,0.16,365.0,125.1,490.1,23.42,0.0,0.0,23.42,24.28,0.0,0.0,24.28,0.0,0.0,0.0,2350.7,59.0,2291.8,0.0,0.0,0.0,0.0,0.0,0.0,0.0,0.0,0.0,0.0,0.0,0.0,0.0,59.0,0.0
2050-03-07 03:00:00,2050-03-07 01:00:00,1247.4,0.0,0.0,7.5,1254.9,1210.2,1210.2,445.3,97.2,0.0298,0.0326,battery,gas-cc,0.0,0.0,0.0,0.0,0.0,0.0,0.0,0.0,0.0,0.0,0.0,0.0,0.0,0.0,0.0,0.0,0.0,0.0,208.3,3.9,0.39,24.6,1570.9,0.09,208.5,71.4,279.9,363.7,6.9,0.69,43.0,2744.2,0.16,364.0,124.8,488.8,23.42,0.0,0.0,23.42,24.21,0.0,0.0,24.21,0.0,0.0,0.0,906.8,44.7,862.1,0.0,0.0,0.0,0.0,0.0,0.0,0.0,0.0,0.0,0.0,0.0,0.0,0.0,44.7,0.0
2050-03-07 04:00:00,2050-03-07 02:00:00,1190.5,0.0,0.0,8.3,1198.8,1155.1,1161.8,445.3,217.4,0.0297,0.0311,gas-cc,gas-cc,0.0,0.0,0.0,0.0,0.0,0.0,0.0,0.0,0.0,0.0,0.0,0.0,0.0,0.0,0.0,0.0,0.0,0.0,154.7,2.9,0.29,18.3,1166.2,0.07,154.8,53.0,207.9,363.1,6.8,0.68,42.9,2740.0,0.16,363.5,124.6,488.1,23.42,0.0,0.0,23.42,24.18,0.0,0.0,24.18,0.0,0.0,0.0,970.9,37.0,933.9,0.0,0.0,0.0,0.0,0.0,0.0,0.0,0.0,0.0,0.0,0.0,0.0,0.0,37.0,0.0
2050-03-07 05:00:00,2050-03-07 03:00:00,1162.1,0.0,0.0,6.9,1169.0,1127.6,1117.4,445.3,0.0,0.0297,0.0304,battery,gas-cc,0.0,0.0,0.0,0.0,0.0,0.0,0.0,0.0,0.0,0.0,0.0,0.0,0.0,0.0,0.0,0.0,0.0,0.0,141.9,2.7,0.27,16.8,1069.8,0.06,142.1,48.7,190.7,326.5,6.2,0.62,38.6,2464.1,0.14,326.9,112.0,438.9,23.42,0.0,0.0,23.42,24.16,0.0,0.0,24.16,0.0,0.0,0.0,723.7,51.6,672.1,0.0,0.0,0.0,0.0,0.0,0.0,0.0,0.0,0.0,0.0,0.0,0.0,0.0,51.6,0.0
2050-03-07 06:00:00,2050-03-07 04:00:00,1165.3,0.0,0.0,6.9,1172.2,1130.6,1098.5,445.3,0.0,0.0297,0.0305,battery,gas-cc,0.0,0.0,0.0,0.0,0.0,0.0,0.0,0.0,0.0,0.0,0.0,0.0,0.0,0.0,0.0,0.0,0.0,0.0,141.5,2.7,0.27,16.7,1066.9,0.06,141.7,48.5,190.2,326.6,6.2,0.62,38.6,2464.3,0.14,326.9,112.1,439.0,23.42,0.0,0.0,23.42,24.16,0.0,0.0,24.16,0.0,0.0,0.0,726.9,73.6,653.2,0.0,0.0,0.0,0.0,0.0,0.0,0.0,0.0,0.0,0.0,0.0,0.0,0.0,73.6,0.0
2050-03-07 07:00:00,2050-03-07 05:00:00,1242.1,0.0,0.0,6.9,1249.0,1205.1,1164.0,445.3,0.0,0.0298,0.0325,battery,gas-cc,0.0,0.0,0.0,0.0,0.0,0.0,0.0,0.0,0.0,0.0,0.0,0.0,0.0,0.0,0.0,0.0,0.0,0.0,142.9,2.7,0.27,16.9,1077.7,0.06,143.1,49.0,192.1,327.2,6.2,0.62,38.7,2469.4,0.14,327.6,112.3,439.9,23.42,0.0,0.0,23.42,24.21,0.0,0.0,24.21,0.0,0.0,0.0,803.7,85.0,718.7,0.0,0.0,0.0,0.0,0.0,0.0,0.0,0.0,0.0,0.0,0.0,0.0,0.0,85.0,0.0
2050-03-07 08:00:00,2050-03-07 06:00:00,1412.6,0.0,0.0,7.4,1420.0,1369.7,1052.0,445.3,71.8,0.0304,0.0369,battery,gas-cc,0.0,0.0,0.0,0.0,0.0,0.0,0.0,0.0,0.0,0.0,0.0,0.0,0.0,0.0,0.0,0.0,0.0,0.0,141.2,2.7,0.27,16.7,1064.2,0.06,141.3,48.4,189.7,362.3,6.8,0.68,42.8,2733.8,0.16,362.7,124.3,487.0,23.42,0.0,0.0,23.42,24.32,0.0,0.0,24.32,0.0,0.0,0.0,1046.5,368.0,678.5,0.0,0.0,0.0,0.0,11.5,0.0,0.0,0.0,0.0,0.0,0.0,0.0,262.1,94.3,0.0
2050-03-07 09:00:00,2050-03-07 07:00:00,1572.6,2034.9,0.0,0.0,3607.5,1523.4,0.0,0.0,0.0,0.0313,0.0411,upv,upv,0.0,0.0,0.0,0.0,0.0,0.0,0.0,0.0,0.0,0.0,0.0,0.0,0.0,0.0,0.0,0.0,0.0,0.0,139.9,2.6,0.26,16.5,1054.4,0.06,140.0,48.0,188.0,0.0,0.0,0.0,0.0,0.0,0.0,0.0,0.0,0.0,0.0,0.0,0.0,0.0,0.0,0.0,0.0,0.0,90.2,2920.2,3010.4,3607.5,3607.5,0.0,0.0,0.0,0.0,0.0,275.5,0.0,0.0,0.0,0.0,0.0,0.0,0.0,3332.0,0.0,0.0
2050-03-07 10:00:00,2050-03-07 08:00:00,1675.8,2686.9,0.0,0.0,4362.7,1622.2,0.0,0.0,0.0,0.032,0.0438,upv,upv,0.0,0.0,0.0,0.0,0.0,0.0,0.0,0.0,0.0,0.0,0.0,0.0,0.0,0.0,0.0,0.0,0.0,0.0,140.0,2.6,0.26,16.5,1055.1,0.06,140.1,48.0,188.1,0.0,0.0,0.0,0.0,0.0,0.0,0.0,0.0,0.0,0.0,0.0,0.0,0.0,0.0,0.0,0.0,0.0,0.0,5989.2,5989.2,4362.7,4362.7,0.0,0.0,0.0,0.0,0.0,433.8,0.0,0.0,0.0,0.0,0.0,0.0,0.0,3859.2,69.7,0.0
2050-03-07 11:00:00,2050-03-07 09:00:00,1675.8,4014.7,0.0,0.0,5690.4,1622.2,0.0,0.0,0.0,0.032,0.0438,upv,upv,0.0,0.0,0.0,0.0,0.0,0.0,0.0,0.0,0.0,0.0,0.0,0.0,0.0,0.0,0.0,0.0,0.0,0.0,140.0,2.6,0.26,16.5,1055.1,0.06,140.1,48.0,188.1,0.0,0.0,0.0,0.0,0.0,0.0,0.0,0.0,0.0,0.0,0.0,0.0,0.0,0.0,0.0,0.0,0.0,0.0,4653.6,4653.6,5690.4,5690.4,0.0,0.0,0.0,0.0,0.0,433.1,0.0,0.0,0.0,0.0,0.0,0.0,0.0,5175.5,81.9,0.0
2050-03-07 12:00:00,2050-03-07 10:00:00,1624.2,2850.6,0.0,0.0,4474.8,1572.9,0.0,0.0,0.0,0.0316,0.0425,upv,upv,0.0,0.0,0.0,0.0,0.0,0.0,0.0,0.0,0.0,0.0,0.0,0.0,0.0,0.0,0.0,0.0,0.0,0.0,139.9,2.6,0.26,16.5,1054.7,0.06,140.1,48.0,188.0,0.0,0.0,0.0,0.0,0.0,0.0,0.0,0.0,0.0,0.0,0.0,0.0,0.0,0.0,0.0,0.0,0.0,0.0,5700.7,5700.7,4474.8,4474.8,0.0,0.0,0.0,0.0,0.0,424.8,0.0,0.0,0.0,0.0,0.0,0.0,0.0,3940.9,109.2,0.0
2050-03-07 13:00:00,2050-03-07 11:00:00,1597.9,3270.4,0.0,0.0,4868.3,1547.6,0.0,0.0,0.0,0.0314,0.0418,upv,upv,0.0,0.0,0.0,0.0,0.0,0.0,0.0,0.0,0.0,0.0,0.0,0.0,0.0,0.0,0.0,0.0,0.0,0.0,139.9,2.6,0.26,16.5,1054.5,0.06,140.0,48.0,188.0,0.0,0.0,0.0,0.0,0.0,0.0,0.0,0.0,0.0,0.0,0.0,0.0,0.0,0.0,0.0,0.0,0.0,0.0,5390.5,5390.5,4868.3,4868.3,0.0,0.0,0.0,0.0,0.0,425.8,0.0,0.0,0.0,0.0,0.0,0.0,0.0,4270.6,171.8,0.0
2050-03-07 14:00:00,2050-03-07 12:00:00,1590.5,3824.8,0.0,0.0,5415.3,1540.6,0.0,0.0,0.0,0.0314,0.0416,upv,upv,0.0,0.0,0.0,0.0,0.0,0.0,0.0,0.0,0.0,0.0,0.0,0.0,0.0,0.0,0.0,0.0,0.0,0.0,139.9,2.6,0.26,16.5,1054.5,0.06,140.0,48.0,188.0,0.0,0.0,0.0,0.0,0.0,0.0,0.0,0.0,0.0,0.0,0.0,0.0,0.0,0.0,0.0,0.0,0.0,0.0,4783.2,4783.2,5415.3,5415.3,0.0,0.0,0.0,0.0,0.0,420.1,0.0,0.0,0.0,0.0,0.0,0.0,0.0,4748.6,246.6,0.0
2050-03-07 15:00:00,2050-03-07 13:00:00,1615.8,4019.6,0.0,0.0,5635.4,1564.8,0.0,0.0,0.0,0.0316,0.0423,upv,upv,0.0,0.0,0.0,0.0,0.0,0.0,0.0,0.0,0.0,0.0,0.0,0.0,0.0,0.0,0.0,0.0,0.0,0.0,139.9,2.6,0.26,16.5,1054.7,0.06,140.0,48.0,188.0,0.0,0.0,0.0,0.0,0.0,0.0,0.0,0.0,0.0,0.0,0.0,0.0,0.0,0.0,0.0,0.0,0.0,0.0,4924.2,4924.2,5635.4,5635.4,0.0,0.0,0.0,0.0,0.0,434.1,0.0,0.0,0.0,0.0,0.0,0.0,0.0,4930.7,270.5,0.0
2050-03-07 16:00:00,2050-03-07 14:00:00,1626.3,3600.8,0.0,0.0,5227.2,1574.9,-0.0,0.0,0.0,0.0316,0.0425,upv,upv,0.0,0.0,0.0,0.0,0.0,0.0,0.0,0.0,0.0,0.0,0.0,0.0,0.0,0.0,0.0,0.0,0.0,0.0,139.9,2.6,0.26,16.5,1054.7,0.06,140.1,48.0,188.0,0.0,0.0,0.0,0.0,0.0,0.0,0.0,0.0,0.0,0.0,0.0,0.0,0.0,0.0,0.0,0.0,0.0,0.0,5361.3,5361.3,5227.2,5227.2,0.0,0.0,0.0,0.0,0.0,435.2,0.0,0.0,0.0,0.0,0.0,0.0,0.0,4513.0,278.9,0.0
2050-03-07 17:00:00,2050-03-07 15:00:00,1698.9,2431.9,0.0,0.0,4130.8,1644.3,-0.0,0.0,0.0,0.0321,0.0444,upv,upv,0.0,0.0,0.0,0.0,0.0,0.0,0.0,0.0,0.0,0.0,0.0,0.0,0.0,0.0,0.0,0.0,0.0,0.0,140.1,2.6,0.27,16.6,1056.1,0.06,140.2,48.0,188.3,0.0,0.0,0.0,0.0,0.0,0.0,0.0,0.0,0.0,0.0,0.0,0.0,0.0,0.0,0.0,0.0,0.0,0.0,6458.4,6458.4,4130.8,4130.8,0.0,0.0,0.0,0.0,0.0,435.2,0.0,0.0,0.0,0.0,0.0,0.0,0.0,3415.9,279.7,0.0
2050-03-07 18:00:00,2050-03-07 16:00:00,1778.9,2431.9,0.0,0.0,4210.8,1720.7,-0.0,0.0,0.0,0.0327,0.0465,upv,upv,0.0,0.0,0.0,0.0,0.0,0.0,0.0,0.0,0.0,0.0,0.0,0.0,0.0,0.0,0.0,0.0,0.0,0.0,140.1,2.6,0.27,16.5,1056.0,0.06,140.2,48.0,188.3,0.0,0.0,0.0,0.0,0.0,0.0,0.0,0.0,0.0,0.0,0.0,0.0,0.0,0.0,0.0,0.0,0.0,0.0,4239.7,4239.7,4210.8,4210.8,0.0,0.0,0.0,0.0,0.0,344.8,0.0,0.0,0.0,0.0,0.0,0.0,0.0,3586.0,280.0,0.0
2050-03-07 19:00:00,2050-03-07 17:00:00,1891.6,0.0,0.0,17.6,1909.1,1827.9,-166.0,445.3,1640.0,0.0336,0.0495,battery,distpv,0.0,0.0,0.0,0.0,0.0,0.0,0.0,0.0,0.0,0.0,0.0,0.0,0.0,0.0,0.0,0.0,0.0,0.0,141.5,2.7,0.27,16.7,1066.9,0.06,141.7,48.5,190.2,0.0,0.0,0.0,0.0,0.0,0.0,0.0,0.0,0.0,10.95,0.0,0.0,10.95,11.52,0.0,0.0,11.52,0.0,0.0,0.0,3103.8,2075.2,1028.6,0.0,0.0,0.0,0.0,75.9,0.0,0.0,0.0,0.0,0.0,0.0,0.0,1722.2,277.1,0.0
2050-03-07 20:00:00,2050-03-07 18:00:00,2044.2,0.0,0.0,17.6,2061.8,1972.7,1795.6,445.3,1640.0,0.035,0.0535,battery,distpv,0.0,0.0,0.0,0.0,0.0,0.0,0.0,0.0,0.0,0.0,0.0,0.0,0.0,0.0,0.0,0.0,0.0,0.0,143.8,2.7,0.27,17.0,1084.0,0.06,143.9,49.3,193.2,0.0,0.0,0.0,0.0,0.0,0.0,0.0,0.0,0.0,10.95,0.0,0.0,10.95,11.57,0.0,0.0,11.57,0.0,0.0,0.0,3256.4,266.2,2990.3,0.0,0.0,0.0,0.0,0.0,0.0,0.0,0.0,0.0,0.0,0.0,0.0,0.0,266.2,0.0
2050-03-07 21:00:00,2050-03-07 19:00:00,2064.2,0.0,0.0,16.4,2080.6,1991.6,1829.7,445.3,1466.3,0.0352,0.054,battery,distpv,0.0,0.0,0.0,0.0,0.0,0.0,0.0,0.0,0.0,0.0,0.0,0.0,0.0,0.0,0.0,0.0,0.0,0.0,143.6,2.7,0.27,17.0,1082.4,0.06,143.7,49.2,193.0,0.0,0.0,0.0,0.0,0.0,0.0,0.0,0.0,0.0,10.95,0.0,0.0,10.95,11.58,0.0,0.0,11.58,0.0,0.0,0.0,3101.6,251.0,2850.6,0.0,0.0,0.0,0.0,0.0,0.0,0.0,0.0,0.0,0.0,0.0,0.0,0.0,251.0,0.0
2050-03-07 22:00:00,2050-03-07 20:00:00,1932.6,0.0,0.0,14.1,1946.7,1866.9,1707.5,445.3,1104.8,0.034,0.0505,battery,wind-ons,0.0,0.0,0.0,0.0,0.0,0.0,0.0,0.0,0.0,0.0,0.0,0.0,0.0,0.0,0.0,0.0,0.0,0.0,141.2,2.7,0.27,16.7,1064.7,0.06,141.4,48.4,189.8,0.0,0.0,0.0,0.0,0.0,0.0,0.0,0.0,0.0,10.95,0.0,0.0,10.95,11.54,0.0,0.0,11.54,0.0,0.0,0.0,2606.2,239.2,2367.0,0.0,0.0,0.0,0.0,0.0,0.0,0.0,0.0,0.0,0.0,0.0,0.0,0.0,239.2,0.0
2050-03-07 23:00:00,2050-03-07 21:00:00,1804.2,0.0,0.0,16.9,1821.1,1744.8,1569.5,445.3,1531.6,0.0329,0.0472,battery,distpv,0.0,0.0,0.0,0.0,0.0,0.0,0.0,0.0,0.0,0.0,0.0,0.0,0.0,0.0,0.0,0.0,0.0,0.0,143.4,2.7,0.27,16.9,1081.3,0.06,143.6,49.2,192.8,0.0,0.0,0.0,0.0,0.0,0.0,0.0,0.0,0.0,10.95,0.0,0.0,10.95,11.5,0.0,0.0,11.5,0.0,0.0,0.0,2907.3,251.5,2655.8,0.0,0.0,0.0,0.0,0.0,0.0,0.0,0.0,0.0,0.0,0.0,0.0,0.0,251.5,0.0
2050-03-08 00:00:00,2050-03-07 22:00:00,1662.1,0.0,0.0,17.6,1679.7,1609.1,1407.6,445.3,1640.0,0.0319,0.0435,battery,gas-cc,0.0,0.0,0.0,0.0,0.0,0.0,0.0,0.0,0.0,0.0,0.0,0.0,0.0,0.0,0.0,0.0,0.0,0.0,160.0,3.0,0.3,18.9,1206.2,0.07,160.1,54.9,215.0,331.0,6.2,0.62,39.1,2497.8,0.14,331.4,113.6,444.9,23.97,0.0,0.0,23.97,25.06,0.0,0.0,25.06,0.0,0.0,0.0,2874.3,272.0,2602.3,0.0,0.0,0.0,0.0,0.0,0.0,0.0,0.0,0.0,0.0,0.0,0.0,0.0,272.0,0.0
2050-03-08 01:00:00,2050-03-07 23:00:00,1500.0,0.0,0.0,6.9,1506.9,1453.7,1267.1,445.3,0.0,0.0309,0.0392,battery,gas-cc,0.0,0.0,0.0,0.0,0.0,0.0,0.0,0.0,0.0,0.0,0.0,0.0,0.0,0.0,0.0,0.0,0.0,0.0,143.4,2.7,0.27,16.9,1081.4,0.06,143.6,49.2,192.8,329.5,6.2,0.62,38.9,2486.7,0.14,329.9,113.1,443.0,23.97,0.0,0.0,23.97,24.95,0.0,0.0,24.95,0.0,0.0,0.0,1061.6,239.8,821.8,0.0,0.0,0.0,0.0,0.0,0.0,0.0,0.0,0.0,0.0,0.0,0.0,0.0,239.8,0.0
2050-03-08 02:00:00,2050-03-08 00:00:00,1363.2,0.0,0.0,17.6,1380.7,1322.0,1129.3,445.3,1640.0,0.0302,0.0356,battery,gas-cc,0.0,0.0,0.0,0.0,0.0,0.0,0.0,0.0,0.0,0.0,0.0,0.0,0.0,0.0,0.0,0.0,0.0,0.0,164.2,3.1,0.31,19.4,1238.2,0.07,164.4,56.3,220.7,328.3,6.2,0.62,38.8,2477.5,0.14,328.7,112.7,441.3,23.97,0.0,0.0,23.97,24.86,0.0,0.0,24.86,0.0,0.0,0.0,2575.4,251.4,2324.0,0.0,0.0,0.0,0.0,0.0,0.0,0.0,0.0,0.0,0.0,0.0,0.0,0.0,251.4,0.0
2050-03-08 03:00:00,2050-03-08 01:00:00,1260.0,0.0,0.0,15.7,1275.7,1222.4,1025.8,445.3,1352.8,0.0299,0.033,battery,gas-cc,0.0,0.0,0.0,0.0,0.0,0.0,0.0,0.0,0.0,0.0,0.0,0.0,0.0,0.0,0.0,0.0,0.0,0.0,143.3,2.7,0.27,16.9,1080.6,0.06,143.5,49.2,192.6,363.8,6.9,0.69,43.0,2745.1,0.16,364.2,124.8,489.0,23.97,0.0,0.0,23.97,24.79,0.0,0.0,24.79,0.0,0.0,0.0,2183.2,249.9,1933.3,0.0,0.0,0.0,0.0,0.0,0.0,0.0,0.0,0.0,0.0,0.0,0.0,0.0,249.9,0.0
2050-03-08 04:00:00,2050-03-08 02:00:00,1201.1,0.0,0.0,11.2,1212.3,1165.3,972.6,445.3,661.6,0.0297,0.0314,battery,gas-cc,0.0,0.0,0.0,0.0,0.0,0.0,0.0,0.0,0.0,0.0,0.0,0.0,0.0,0.0,0.0,0.0,0.0,0.0,151.1,2.9,0.29,17.9,1139.4,0.07,151.3,51.8,203.1,363.2,6.8,0.68,42.9,2740.7,0.16,363.6,124.6,488.2,23.97,0.0,0.0,23.97,24.75,0.0,0.0,24.75,0.0,0.0,0.0,1428.6,239.6,1188.9,0.0,0.0,0.0,0.0,0.0,0.0,0.0,0.0,0.0,0.0,0.0,0.0,0.0,239.6,0.0
2050-03-08 05:00:00,2050-03-08 03:00:00,1156.8,0.0,0.0,12.0,1168.8,1122.5,930.2,445.3,778.0,0.0297,0.0303,battery,gas-cc,0.0,0.0,0.0,0.0,0.0,0.0,0.0,0.0,0.0,0.0,0.0,0.0,0.0,0.0,0.0,0.0,0.0,0.0,174.6,3.3,0.33,20.6,1317.0,0.08,174.8,59.9,234.7,367.7,6.9,0.69,43.4,2774.5,0.16,368.1,126.2,494.2,23.97,0.0,0.0,23.97,24.72,0.0,0.0,24.72,0.0,0.0,0.0,1501.5,238.6,1263.0,0.0,0.0,0.0,0.0,0.0,0.0,0.0,0.0,0.0,0.0,0.0,0.0,0.0,238.6,0.0
2050-03-08 06:00:00,2050-03-08 04:00:00,1156.8,0.0,0.0,13.5,1170.3,1122.5,934.5,445.3,1008.9,0.0297,0.0303,battery,gas-cc,0.0,0.0,0.0,0.0,0.0,0.0,0.0,0.0,0.0,0.0,0.0,0.0,0.0,0.0,0.0,0.0,0.0,0.0,143.5,2.7,0.27,17.0,1082.0,0.06,143.7,49.2,192.9,367.7,6.9,0.69,43.4,2774.5,0.16,368.1,126.2,494.2,23.97,0.0,0.0,23.97,24.72,0.0,0.0,24.72,0.0,0.0,0.0,1733.9,235.8,1498.1,0.0,0.0,0.0,0.0,0.0,0.0,0.0,0.0,0.0,0.0,0.0,0.0,0.0,235.8,0.0
2050-03-08 07:00:00,2050-03-08 05:00:00,1234.7,0.0,0.0,11.8,1246.5,1197.9,1000.3,445.3,751.9,0.0298,0.0323,gas-cc,gas-cc,0.0,0.0,0.0,0.0,0.0,0.0,0.0,0.0,0.0,0.0,0.0,0.0,0.0,0.0,0.0,0.0,0.0,0.0,159.4,3.0,0.3,18.8,1201.7,0.07,159.5,54.7,214.2,363.5,6.9,0.69,42.9,2743.2,0.16,363.9,124.7,488.7,23.97,0.0,0.0,23.97,24.77,0.0,0.0,24.77,0.0,0.0,0.0,1553.2,246.2,1307.0,0.0,0.0,0.0,0.0,0.0,0.0,0.0,0.0,0.0,0.0,0.0,0.0,0.0,246.2,0.0
2050-03-08 08:00:00,2050-03-08 06:00:00,1400.0,0.0,0.0,15.1,1415.1,1357.5,838.4,445.3,1267.8,0.0303,0.0366,hydro,gas-cc,0.0,0.0,0.0,0.0,0.0,0.0,0.0,0.0,0.0,0.0,0.0,0.0,0.0,0.0,0.0,0.0,0.0,0.0,143.3,2.7,0.27,16.9,1080.6,0.06,143.5,49.2,192.6,370.1,7.0,0.7,43.7,2792.8,0.16,370.5,127.0,497.5,23.97,0.0,0.0,23.97,24.89,0.0,0.0,24.89,0.0,0.0,0.0,2237.6,576.8,1660.9,0.0,0.0,0.0,0.0,13.8,0.0,0.0,0.0,0.0,0.0,0.0,0.0,312.4,250.6,0.0
2050-03-08 09:00:00,2050-03-08 07:00:00,1567.4,2111.6,0.0,10.7,3689.7,1518.4,-1640.0,0.0,1640.0,0.0313,0.041,battery,upv,0.0,0.0,0.0,0.0,0.0,0.0,0.0,0.0,0.0,0.0,0.0,0.0,0.0,0.0,0.0,0.0,0.0,0.0,139.9,2.6,0.26,16.5,1054.3,0.06,140.0,48.0,188.0,0.0,0.0,0.0,0.0,0.0,0.0,0.0,0.0,0.0,0.0,0.0,0.0,0.0,0.0,0.0,0.0,0.0,0.0,0.0,0.0,5329.6,5329.6,0.0,0.0,0.0,0.0,0.0,214.9,0.0,0.0,0.0,0.0,0.0,0.0,0.0,4875.8,239.0,0.0
2050-03-08 10:00:00,2050-03-08 08:00:00,1713.7,2850.6,0.0,0.0,4564.3,1658.4,0.0,0.0,0.0,0.0322,0.0448,upv,upv,0.0,0.0,0.0,0.0,0.0,0.0,0.0,0.0,0.0,0.0,0.0,0.0,0.0,0.0,0.0,0.0,0.0,0.0,140.0,2.6,0.26,16.5,1055.4,0.06,140.1,48.0,188.2,0.0,0.0,0.0,0.0,0.0,0.0,0.0,0.0,0.0,0.0,0.0,0.0,0.0,0.0,0.0,0.0,0.0,0.0,3491.4,3491.4,4564.3,4564.3,0.0,0.0,0.0,0.0,0.0,328.2,0.0,0.0,0.0,0.0,0.0,0.0,0.0,3959.5,276.6,0.0
2050-03-08 11:00:00,2050-03-08 09:00:00,1736.8,2461.0,0.0,0.0,4197.8,1680.5,0.0,0.0,0.0,0.0324,0.0454,upv,upv,0.0,0.0,0.0,0.0,0.0,0.0,0.0,0.0,0.0,0.0,0.0,0.0,0.0,0.0,0.0,0.0,0.0,0.0,140.0,2.6,0.27,16.5,1055.6,0.06,140.2,48.0,188.2,0.0,0.0,0.0,0.0,0.0,0.0,0.0,0.0,0.0,0.0,0.0,0.0,0.0,0.0,0.0,0.0,0.0,278.2,4802.8,5081.0,4197.8,4197.8,0.0,0.0,0.0,0.0,0.0,380.0,0.0,0.0,0.0,0.0,0.0,0.0,0.0,3817.8,0.0,0.0
2050-03-08 12:00:00,2050-03-08 10:00:00,1695.8,3953.7,0.0,0.0,5649.5,1641.3,0.0,0.0,0.0,0.0321,0.0443,upv,upv,0.0,0.0,0.0,0.0,0.0,0.0,0.0,0.0,0.0,0.0,0.0,0.0,0.0,0.0,0.0,0.0,0.0,0.0,140.0,2.6,0.26,16.5,1055.3,0.06,140.1,48.0,188.1,0.0,0.0,0.0,0.0,0.0,0.0,0.0,0.0,0.0,0.0,0.0,0.0,0.0,0.0,0.0,0.0,0.0,0.0,3977.6,3977.6,5649.5,5649.5,0.0,0.0,0.0,0.0,0.0,394.8,0.0,0.0,0.0,0.0,0.0,0.0,0.0,4979.1,275.6,0.0
2050-03-08 13:00:00,2050-03-08 11:00:00,1638.9,3211.2,0.0,0.0,4850.1,1587.0,0.0,0.0,0.0,0.0317,0.0429,upv,upv,0.0,0.0,0.0,0.0,0.0,0.0,0.0,0.0,0.0,0.0,0.0,0.0,0.0,0.0,0.0,0.0,0.0,0.0,139.9,2.6,0.26,16.5,1054.8,0.06,140.1,48.0,188.1,0.0,0.0,0.0,0.0,0.0,0.0,0.0,0.0,0.0,0.0,0.0,0.0,0.0,0.0,0.0,0.0,0.0,271.1,5034.2,5305.3,4850.1,4850.1,0.0,0.0,0.0,0.0,0.0,417.2,0.0,0.0,0.0,0.0,0.0,0.0,0.0,4433.0,0.0,0.0
2050-03-08 14:00:00,2050-03-08 12:00:00,1595.8,4014.7,0.0,0.0,5610.4,1545.6,0.0,0.0,0.0,0.0314,0.0417,upv,upv,0.0,0.0,0.0,0.0,0.0,0.0,0.0,0.0,0.0,0.0,0.0,0.0,0.0,0.0,0.0,0.0,0.0,0.0,139.9,2.6,0.26,16.5,1054.5,0.06,140.0,48.0,188.0,0.0,0.0,0.0,0.0,0.0,0.0,0.0,0.0,0.0,0.0,0.0,0.0,0.0,0.0,0.0,0.0,0.0,0.0,4502.2,4502.2,5610.4,5610.4,0.0,0.0,0.0,0.0,0.0,415.7,0.0,0.0,0.0,0.0,0.0,0.0,0.0,4932.6,262.1,0.0
2050-03-08 15:00:00,2050-03-08 13:00:00,1582.1,4019.6,0.0,0.0,5601.7,1532.5,0.0,0.0,0.0,0.0313,0.0414,upv,upv,0.0,0.0,0.0,0.0,0.0,0.0,0.0,0.0,0.0,0.0,0.0,0.0,0.0,0.0,0.0,0.0,0.0,0.0,139.9,2.6,0.26,16.5,1054.4,0.06,140.0,48.0,188.0,0.0,0.0,0.0,0.0,0.0,0.0,0.0,0.0,0.0,0.0,0.0,0.0,0.0,0.0,0.0,0.0,0.0,257.8,3527.2,3785.0,5601.7,5601.7,0.0,0.0,0.0,0.0,0.0,385.4,0.0,0.0,0.0,0.0,0.0,0.0,0.0,5216.2,0.0,0.0
2050-03-08 16:00:00,2050-03-08 14:00:00,1564.2,3145.3,0.0,0.0,4709.5,1515.4,0.0,0.0,0.0,0.0312,0.0409,upv,upv,0.0,0.0,0.0,0.0,0.0,0.0,0.0,0.0,0.0,0.0,0.0,0.0,0.0,0.0,0.0,0.0,0.0,0.0,139.8,2.6,0.26,16.5,1054.3,0.06,140.0,48.0,188.0,0.0,0.0,0.0,0.0,0.0,0.0,0.0,0.0,0.0,0.0,0.0,0.0,0.0,0.0,0.0,0.0,0.0,0.0,4596.5,4596.5,4709.5,4709.5,0.0,0.0,0.0,0.0,0.0,381.8,0.0,0.0,0.0,0.0,0.0,0.0,0.0,4069.3,258.4,0.0
2050-03-08 17:00:00,2050-03-08 15:00:00,1603.2,2626.7,0.0,0.0,4229.9,1552.7,-0.0,0.0,0.0,0.0315,0.0419,upv,upv,0.0,0.0,0.0,0.0,0.0,0.0,0.0,0.0,0.0,0.0,0.0,0.0,0.0,0.0,0.0,0.0,0.0,0.0,139.9,2.6,0.26,16.5,1054.6,0.06,140.0,48.0,188.0,0.0,0.0,0.0,0.0,0.0,0.0,0.0,0.0,0.0,0.0,0.0,0.0,0.0,0.0,0.0,0.0,0.0,261.4,5101.1,5362.5,4229.9,4229.9,0.0,0.0,0.0,0.0,0.0,393.7,0.0,0.0,0.0,0.0,0.0,0.0,0.0,3836.2,0.0,0.0
2050-03-08 18:00:00,2050-03-08 16:00:00,1680.0,2772.1,0.0,0.0,4452.1,1626.2,-0.0,0.0,0.0,0.032,0.0439,upv,upv,0.0,0.0,0.0,0.0,0.0,0.0,0.0,0.0,0.0,0.0,0.0,0.0,0.0,0.0,0.0,0.0,0.0,0.0,140.0,2.6,0.26,16.5,1055.1,0.06,140.1,48.0,188.1,0.0,0.0,0.0,0.0,0.0,0.0,0.0,0.0,0.0,0.0,0.0,0.0,0.0,0.0,0.0,0.0,0.0,255.6,2989.9,3245.6,4452.1,4452.1,0.0,0.0,0.0,0.0,0.0,314.2,0.0,0.0,0.0,0.0,0.0,0.0,0.0,4137.9,0.0,0.0
2050-03-08 19:00:00,2050-03-08 17:00:00,1754.7,0.0,0.0,1.6,1756.3,1697.6,-240.0,0.0,240.0,0.0326,0.0459,battery,hydro,0.0,0.0,0.0,0.0,0.0,0.0,0.0,0.0,0.0,0.0,0.0,0.0,0.0,0.0,0.0,0.0,0.0,0.0,140.8,2.7,0.27,16.6,1061.8,0.06,141.0,48.3,189.3,0.0,0.0,0.0,0.0,0.0,0.0,0.0,0.0,0.0,16.54,0.0,0.0,16.54,17.33,0.0,0.0,17.33,0.0,0.0,0.0,1996.3,1996.3,0.0,0.0,0.0,0.0,0.0,74.2,0.0,0.0,0.0,0.0,0.0,0.0,0.0,1683.4,238.7,0.0
2050-03-08 20:00:00,2050-03-08 18:00:00,1917.9,0.0,0.0,6.6,1924.5,1852.9,1698.1,0.0,1011.5,0.0339,0.0502,battery,gas-cc,0.0,0.0,0.0,0.0,0.0,0.0,0.0,0.0,0.0,0.0,0.0,0.0,0.0,0.0,0.0,0.0,0.0,0.0,176.4,3.3,0.33,20.8,1330.3,0.08,176.6,60.5,237.1,370.4,7.0,0.7,43.8,2794.8,0.16,370.8,127.1,497.8,26.22,0.0,0.0,26.22,27.6,0.0,0.0,27.6,0.0,0.0,0.0,2935.9,226.4,2709.5,0.0,0.0,0.0,0.0,0.0,0.0,0.0,0.0,0.0,0.0,0.0,0.0,0.0,226.4,0.0
2050-03-08 21:00:00,2050-03-08 19:00:00,1982.1,0.0,0.0,10.5,1992.6,1913.9,1785.1,0.0,1620.9,0.0344,0.0518,gas-cc,gas-cc,0.0,0.0,0.0,0.0,0.0,0.0,0.0,0.0,0.0,0.0,0.0,0.0,0.0,0.0,0.0,0.0,0.0,0.0,148.7,2.8,0.28,17.6,1121.0,0.06,148.8,51.0,199.8,371.0,7.0,0.7,43.8,2799.8,0.16,371.4,127.3,498.7,26.22,0.0,0.0,26.22,27.65,0.0,0.0,27.65,0.0,0.0,0.0,3613.5,207.5,3406.0,0.0,0.0,0.0,0.0,0.0,0.0,0.0,0.0,0.0,0.0,0.0,0.0,0.0,207.5,0.0
2050-03-08 22:00:00,2050-03-08 20:00:00,1902.1,0.0,0.0,0.8,1902.9,1837.9,1729.3,0.0,118.2,0.0337,0.0497,battery,gas-cc,0.0,0.0,0.0,0.0,0.0,0.0,0.0,0.0,0.0,0.0,0.0,0.0,0.0,0.0,0.0,0.0,0.0,0.0,176.1,3.3,0.33,20.8,1327.8,0.08,176.3,60.4,236.7,373.3,7.0,0.7,44.1,2817.0,0.16,373.7,128.1,501.8,26.22,0.0,0.0,26.22,27.59,0.0,0.0,27.59,0.0,0.0,0.0,2021.0,173.6,1847.4,0.0,0.0,0.0,0.0,0.0,0.0,0.0,0.0,0.0,0.0,0.0,0.0,0.0,173.6,0.0
2050-03-08 23:00:00,2050-03-08 21:00:00,1829.5,0.0,0.0,8.9,1838.4,1768.9,1648.3,0.0,1368.0,0.0331,0.0478,battery,gas-cc,0.0,0.0,0.0,0.0,0.0,0.0,0.0,0.0,0.0,0.0,0.0,0.0,0.0,0.0,0.0,0.0,0.0,0.0,160.0,3.0,0.3,18.9,1206.5,0.07,160.2,54.9,215.1,369.5,7.0,0.7,43.6,2788.0,0.16,369.9,126.8,496.6,26.22,0.0,0.0,26.22,27.53,0.0,0.0,27.53,0.0,0.0,0.0,3206.4,190.0,3016.4,0.0,0.0,0.0,0.0,0.0,0.0,0.0,0.0,0.0,0.0,0.0,0.0,0.0,190.0,0.0
2050-03-09 00:00:00,2050-03-08 22:00:00,1706.3,0.0,0.0,10.1,1716.4,1651.4,1620.2,0.0,1551.2,0.0322,0.0446,battery,gas-cc,0.0,0.0,0.0,0.0,0.0,0.0,0.0,0.0,0.0,0.0,0.0,0.0,0.0,0.0,0.0,0.0,0.0,0.0,161.6,3.0,0.31,19.1,1218.5,0.07,161.8,55.4,217.2,412.0,7.8,0.78,48.7,3109.2,0.18,412.5,141.4,553.8,27.21,0.0,0.0,27.21,28.48,0.0,0.0,28.48,0.0,0.0,0.0,3267.5,96.2,3171.3,0.0,0.0,0.0,0.0,0.0,0.0,0.0,0.0,0.0,0.0,0.0,0.0,0.0,96.2,0.0
2050-03-09 01:00:00,2050-03-08 23:00:00,1556.8,0.0,0.0,0.4,1557.3,1508.3,1510.9,0.0,67.7,0.0312,0.0407,battery,gas-cc,0.0,0.0,0.0,0.0,0.0,0.0,0.0,0.0,0.0,0.0,0.0,0.0,0.0,0.0,0.0,0.0,0.0,0.0,154.3,2.9,0.29,18.2,1163.2,0.07,154.4,52.9,207.4,410.3,7.7,0.77,48.5,3096.5,0.18,410.8,140.8,551.6,27.21,0.0,0.0,27.21,28.36,0.0,0.0,28.36,0.0,0.0,0.0,1625.0,46.4,1578.6,0.0,0.0,0.0,0.0,0.0,0.0,0.0,0.0,0.0,0.0,0.0,0.0,0.0,46.4,0.0
2050-03-09 02:00:00,2050-03-09 00:00:00,1417.9,0.0,0.0,2.5,1420.3,1374.7,1358.2,0.0,377.1,0.0304,0.0371,battery,gas-cc,0.0,0.0,0.0,0.0,0.0,0.0,0.0,0.0,0.0,0.0,0.0,0.0,0.0,0.0,0.0,0.0,0.0,0.0,156.7,3.0,0.3,18.5,1181.8,0.07,156.9,53.8,210.6,408.8,7.7,0.77,48.3,3084.8,0.18,409.2,140.3,549.5,27.21,0.0,0.0,27.21,28.25,0.0,0.0,28.25,0.0,0.0,0.0,1797.4,62.1,1735.3,0.0,0.0,0.0,0.0,0.0,0.0,0.0,0.0,0.0,0.0,0.0,0.0,0.0,62.1,0.0
2050-03-09 03:00:00,2050-03-09 01:00:00,1343.2,0.0,0.0,0.6,1343.8,1302.7,1293.3,0.0,99.6,0.0301,0.0351,gas-cc,gas-cc,0.0,0.0,0.0,0.0,0.0,0.0,0.0,0.0,0.0,0.0,0.0,0.0,0.0,0.0,0.0,0.0,0.0,0.0,143.1,2.7,0.27,16.9,1079.1,0.06,143.3,49.1,192.4,391.0,7.4,0.74,46.2,2950.5,0.17,391.4,134.2,525.6,27.21,0.0,0.0,27.21,28.2,0.0,0.0,28.2,0.0,0.0,0.0,1443.4,50.5,1392.9,0.0,0.0,0.0,0.0,0.0,0.0,0.0,0.0,0.0,0.0,0.0,0.0,0.0,50.5,0.0
2050-03-09 04:00:00,2050-03-09 02:00:00,1296.8,0.0,0.0,0.8,1297.6,1258.0,1262.1,0.0,122.4,0.03,0.0339,battery,gas-cc,0.0,0.0,0.0,0.0,0.0,0.0,0.0,0.0,0.0,0.0,0.0,0.0,0.0,0.0,0.0,0.0,0.0,0.0,150.9,2.8,0.29,17.8,1138.1,0.07,151.1,51.8,202.9,390.5,7.4,0.74,46.1,2946.8,0.17,390.9,134.0,524.9,27.21,0.0,0.0,27.21,28.16,0.0,0.0,28.16,0.0,0.0,0.0,1420.0,35.5,1384.5,0.0,0.0,0.0,0.0,0.0,0.0,0.0,0.0,0.0,0.0,0.0,0.0,0.0,35.5,0.0
2050-03-09 05:00:00,2050-03-09 03:00:00,1268.4,0.0,0.0,5.3,1273.7,1230.5,1253.7,0.0,817.6,0.0299,0.0332,battery,gas-cc,0.0,0.0,0.0,0.0,0.0,0.0,0.0,0.0,0.0,0.0,0.0,0.0,0.0,0.0,0.0,0.0,0.0,0.0,155.0,2.9,0.29,18.3,1168.5,0.07,155.1,53.1,208.3,407.1,7.7,0.77,48.1,3072.4,0.18,407.6,139.7,547.3,27.21,0.0,0.0,27.21,28.14,0.0,0.0,28.14,0.0,0.0,0.0,2091.3,20.0,2071.3,0.0,0.0,0.0,0.0,0.0,0.0,0.0,0.0,0.0,0.0,0.0,0.0,0.0,20.0,0.0
2050-03-09 06:00:00,2050-03-09 04:00:00,1288.4,0.0,0.0,1.5,1289.9,1249.9,1270.3,0.0,233.0,0.0299,0.0337,battery,gas-cc,0.0,0.0,0.0,0.0,0.0,0.0,0.0,0.0,0.0,0.0,0.0,0.0,0.0,0.0,0.0,0.0,0.0,0.0,147.6,2.8,0.28,17.4,1112.9,0.06,147.8,50.6,198.4,407.4,7.7,0.77,48.1,3074.0,0.18,407.8,139.8,547.6,27.21,0.0,0.0,27.21,28.15,0.0,0.0,28.15,0.0,0.0,0.0,1523.0,19.6,1503.4,0.0,0.0,0.0,0.0,0.0,0.0,0.0,0.0,0.0,0.0,0.0,0.0,0.0,19.6,0.0
2050-03-09 07:00:00,2050-03-09 05:00:00,1381.1,0.0,0.0,3.9,1384.9,1339.3,1353.1,0.0,595.2,0.0303,0.0361,gas-cc,gas-cc,0.0,0.0,0.0,0.0,0.0,0.0,0.0,0.0,0.0,0.0,0.0,0.0,0.0,0.0,0.0,0.0,0.0,0.0,142.8,2.7,0.27,16.9,1076.6,0.06,143.0,49.0,191.9,391.4,7.4,0.74,46.2,2953.5,0.17,391.8,134.3,526.1,27.21,0.0,0.0,27.21,28.22,0.0,0.0,28.22,0.0,0.0,0.0,1980.1,31.8,1948.2,0.0,0.0,0.0,0.0,0.0,0.0,0.0,0.0,0.0,0.0,0.0,0.0,0.0,31.8,0.0
2050-03-09 08:00:00,2050-03-09 06:00:00,1556.8,0.0,0.0,4.6,1561.5,1508.3,1025.1,298.4,0.0,0.0312,0.0407,battery,gas-cc,0.0,0.0,0.0,0.0,0.0,0.0,0.0,0.0,0.0,0.0,0.0,0.0,0.0,0.0,0.0,0.0,0.0,0.0,142.9,2.7,0.27,16.9,1077.3,0.06,143.0,49.0,192.0,330.0,6.2,0.62,39.0,2490.6,0.14,330.4,113.2,443.6,27.21,0.0,0.0,27.21,28.36,0.0,0.0,28.36,0.0,0.0,0.0,1263.0,536.4,726.7,0.0,0.0,0.0,0.0,21.2,0.0,0.0,0.0,0.0,0.0,0.0,0.0,480.2,35.0,0.0
2050-03-09 09:00:00,2050-03-09 07:00:00,1713.7,2353.2,0.0,0.0,4066.9,1658.4,0.0,0.0,0.0,0.0322,0.0448,upv,upv,0.0,0.0,0.0,0.0,0.0,0.0,0.0,0.0,0.0,0.0,0.0,0.0,0.0,0.0,0.0,0.0,0.0,0.0,140.0,2.6,0.26,16.5,1055.4,0.06,140.1,48.0,188.2,0.0,0.0,0.0,0.0,0.0,0.0,0.0,0.0,0.0,0.0,0.0,0.0,0.0,0.0,0.0,0.0,0.0,0.0,2847.0,2847.0,4066.9,4066.9,0.0,0.0,0.0,0.0,0.0,290.9,0.0,0.0,0.0,0.0,0.0,0.0,0.0,3754.2,21.9,0.0
2050-03-09 10:00:00,2050-03-09 08:00:00,1811.6,3211.2,0.0,0.0,5022.8,1751.8,0.0,0.0,0.0,0.033,0.0474,upv,upv,0.0,0.0,0.0,0.0,0.0,0.0,0.0,0.0,0.0,0.0,0.0,0.0,0.0,0.0,0.0,0.0,0.0,0.0,140.1,2.6,0.27,16.6,1056.2,0.06,140.3,48.0,188.3,0.0,0.0,0.0,0.0,0.0,0.0,0.0,0.0,0.0,0.0,0.0,0.0,0.0,0.0,0.0,0.0,0.0,16.6,5266.3,5282.9,5022.8,5022.8,0.0,0.0,0.0,0.0,0.0,0.0,0.0,0.0,0.0,0.0,0.0,0.0,0.0,5022.8,0.0,0.0
2050-03-09 11:00:00,2050-03-09 09:00:00,1793.7,3435.1,0.0,0.0,5228.8,1734.8,0.0,0.0,0.0,0.0329,0.0469,upv,upv,0.0,0.0,0.0,0.0,0.0,0.0,0.0,0.0,0.0,0.0,0.0,0.0,0.0,0.0,0.0,0.0,0.0,0.0,140.1,2.6,0.27,16.6,1056.1,0.06,140.2,48.0,188.3,0.0,0.0,0.0,0.0,0.0,0.0,0.0,0.0,0.0,0.0,0.0,0.0,0.0,0.0,0.0,0.0,0.0,0.0,5111.4,5111.4,5228.8,5228.8,0.0,0.0,0.0,0.0,0.0,435.2,0.0,0.0,0.0,0.0,0.0,0.0,0.0,4762.9,30.7,0.0
2050-03-09 12:00:00,2050-03-09 10:00:00,1722.1,3240.3,0.0,0.0,4962.4,1666.5,0.0,0.0,0.0,0.0323,0.045,upv,upv,0.0,0.0,0.0,0.0,0.0,0.0,0.0,0.0,0.0,0.0,0.0,0.0,0.0,0.0,0.0,0.0,0.0,0.0,140.0,2.6,0.26,16.5,1055.5,0.06,140.2,48.0,188.2,0.0,0.0,0.0,0.0,0.0,0.0,0.0,0.0,0.0,0.0,0.0,0.0,0.0,0.0,0.0,0.0,0.0,71.2,5347.2,5418.4,4962.4,4962.4,0.0,0.0,0.0,0.0,0.0,435.2,0.0,0.0,0.0,0.0,0.0,0.0,0.0,4527.2,0.0,0.0
2050-03-09 13:00:00,2050-03-09 11:00:00,1644.2,3211.2,0.0,0.0,4855.4,1592.0,0.0,0.0,0.0,0.0318,0.043,upv,upv,0.0,0.0,0.0,0.0,0.0,0.0,0.0,0.0,0.0,0.0,0.0,0.0,0.0,0.0,0.0,0.0,0.0,0.0,139.9,2.6,0.26,16.5,1054.9,0.06,140.1,48.0,188.1,0.0,0.0,0.0,0.0,0.0,0.0,0.0,0.0,0.0,0.0,0.0,0.0,0.0,0.0,0.0,0.0,0.0,104.3,5454.1,5558.4,4855.4,4855.4,0.0,0.0,0.0,0.0,0.0,435.2,0.0,0.0,0.0,0.0,0.0,0.0,0.0,4420.2,0.0,0.0
2050-03-09 14:00:00,2050-03-09 12:00:00,1601.1,3240.3,0.0,0.0,4841.3,1550.7,0.0,0.0,0.0,0.0315,0.0419,upv,upv,0.0,0.0,0.0,0.0,0.0,0.0,0.0,0.0,0.0,0.0,0.0,0.0,0.0,0.0,0.0,0.0,0.0,0.0,139.9,2.6,0.26,16.5,1054.6,0.06,140.0,48.0,188.0,0.0,0.0,0.0,0.0,0.0,0.0,0.0,0.0,0.0,0.0,0.0,0.0,0.0,0.0,0.0,0.0,0.0,0.0,5570.4,5570.4,4841.3,4841.3,0.0,0.0,0.0,0.0,0.0,435.2,0.0,0.0,0.0,0.0,0.0,0.0,0.0,4303.9,102.2,0.0
2050-03-09 15:00:00,2050-03-09 13:00:00,1587.4,3207.3,0.0,0.0,4794.7,1537.6,0.0,0.0,0.0,0.0314,0.0415,upv,upv,0.0,0.0,0.0,0.0,0.0,0.0,0.0,0.0,0.0,0.0,0.0,0.0,0.0,0.0,0.0,0.0,0.0,0.0,139.9,2.6,0.26,16.5,1054.5,0.06,140.0,48.0,188.0,0.0,0.0,0.0,0.0,0.0,0.0,0.0,0.0,0.0,0.0,0.0,0.0,0.0,0.0,0.0,0.0,0.0,125.8,5514.8,5640.6,4794.7,4794.7,0.0,0.0,0.0,0.0,0.0,435.2,0.0,0.0,0.0,0.0,0.0,0.0,0.0,4359.5,0.0,0.0
2050-03-09 16:00:00,2050-03-09 14:00:00,1574.7,3397.2,0.0,0.0,4972.0,1525.5,0.0,0.0,0.0,0.0313,0.0412,upv,upv,0.0,0.0,0.0,0.0,0.0,0.0,0.0,0.0,0.0,0.0,0.0,0.0,0.0,0.0,0.0,0.0,0.0,0.0,139.9,2.6,0.26,16.5,1054.4,0.06,140.0,48.0,188.0,0.0,0.0,0.0,0.0,0.0,0.0,0.0,0.0,0.0,0.0,0.0,0.0,0.0,0.0,0.0,0.0,0.0,3.3,5479.7,5483.0,4972.0,4972.0,0.0,0.0,0.0,0.0,0.0,435.2,0.0,0.0,0.0,0.0,0.0,0.0,0.0,4394.6,142.2,0.0
2050-03-09 17:00:00,2050-03-09 15:00:00,1621.1,3470.5,0.0,0.0,5091.5,1569.8,0.0,0.0,0.0,0.0316,0.0424,upv,upv,0.0,0.0,0.0,0.0,0.0,0.0,0.0,0.0,0.0,0.0,0.0,0.0,0.0,0.0,0.0,0.0,0.0,0.0,139.9,2.6,0.26,16.5,1054.7,0.06,140.1,48.0,188.0,0.0,0.0,0.0,0.0,0.0,0.0,0.0,0.0,0.0,0.0,0.0,0.0,0.0,0.0,0.0,0.0,0.0,183.3,5218.0,5401.3,5091.5,5091.5,0.0,0.0,0.0,0.0,0.0,435.2,0.0,0.0,0.0,0.0,0.0,0.0,0.0,4656.3,0.0,0.0
2050-03-09 18:00:00,2050-03-09 16:00:00,1688.4,2400.1,0.0,0.0,4088.5,1634.3,0.0,0.0,0.0,0.0321,0.0442,upv,upv,0.0,0.0,0.0,0.0,0.0,0.0,0.0,0.0,0.0,0.0,0.0,0.0,0.0,0.0,0.0,0.0,0.0,0.0,140.0,2.6,0.26,16.5,1055.2,0.06,140.1,48.0,188.1,0.0,0.0,0.0,0.0,0.0,0.0,0.0,0.0,0.0,0.0,0.0,0.0,0.0,0.0,0.0,0.0,0.0,250.6,4244.0,4494.6,4088.5,4088.5,0.0,0.0,0.0,0.0,0.0,351.7,0.0,0.0,0.0,0.0,0.0,0.0,0.0,3736.8,0.0,0.0
2050-03-09 19:00:00,2050-03-09 17:00:00,1768.4,0.0,0.0,3.3,1771.8,1710.7,-492.2,0.0,512.9,0.0327,0.0462,battery,gas-cc,0.0,0.0,0.0,0.0,0.0,0.0,0.0,0.0,0.0,0.0,0.0,0.0,0.0,0.0,0.0,0.0,0.0,0.0,140.9,2.7,0.27,16.6,1062.3,0.06,141.1,48.3,189.4,356.0,6.7,0.67,42.1,2686.4,0.15,356.4,122.2,478.5,27.21,0.0,0.0,27.21,28.52,0.0,0.0,28.52,0.0,0.0,0.0,2284.6,2263.9,20.7,0.0,0.0,0.0,0.0,85.5,0.0,0.0,0.0,0.0,0.0,0.0,0.0,1940.3,238.1,0.0
2050-03-09 20:00:00,2050-03-09 18:00:00,1912.6,0.0,0.0,10.7,1923.3,1847.9,1680.9,0.0,1640.0,0.0338,0.05,battery,gas-cc,0.0,0.0,0.0,0.0,0.0,0.0,0.0,0.0,0.0,0.0,0.0,0.0,0.0,0.0,0.0,0.0,0.0,0.0,194.7,3.7,0.37,23.0,1468.7,0.08,194.9,66.8,261.7,333.3,6.3,0.63,39.4,2515.0,0.14,333.6,114.4,448.0,27.21,0.0,0.0,27.21,28.64,0.0,0.0,28.64,0.0,0.0,0.0,3563.3,242.4,3320.9,0.0,0.0,0.0,0.0,0.0,0.0,0.0,0.0,0.0,0.0,0.0,0.0,0.0,242.4,0.0
2050-03-09 21:00:00,2050-03-09 19:00:00,1980.0,0.0,0.0,8.3,1988.3,1911.9,1732.8,0.0,1283.5,0.0344,0.0518,battery,gas-cc,0.0,0.0,0.0,0.0,0.0,0.0,0.0,0.0,0.0,0.0,0.0,0.0,0.0,0.0,0.0,0.0,0.0,0.0,141.6,2.7,0.27,16.7,1067.8,0.06,141.8,48.6,190.4,333.9,6.3,0.63,39.4,2519.7,0.14,334.3,114.6,448.8,27.21,0.0,0.0,27.21,28.69,0.0,0.0,28.69,0.0,0.0,0.0,3271.9,255.5,3016.4,0.0,0.0,0.0,0.0,0.0,0.0,0.0,0.0,0.0,0.0,0.0,0.0,0.0,255.5,0.0
2050-03-09 22:00:00,2050-03-09 20:00:00,1894.7,0.0,0.0,10.2,1905.0,1830.9,1635.5,0.0,1575.7,0.0337,0.0495,battery,gas-cc,0.0,0.0,0.0,0.0,0.0,0.0,0.0,0.0,0.0,0.0,0.0,0.0,0.0,0.0,0.0,0.0,0.0,0.0,156.9,3.0,0.3,18.5,1183.3,0.07,157.1,53.8,210.9,410.7,7.7,0.77,48.5,3099.3,0.18,411.1,140.9,552.1,27.21,0.0,0.0,27.21,28.62,0.0,0.0,28.62,0.0,0.0,0.0,3480.6,269.4,3211.2,0.0,0.0,0.0,0.0,0.0,0.0,0.0,0.0,0.0,0.0,0.0,0.0,0.0,269.4,0.0
2050-03-09 23:00:00,2050-03-09 21:00:00,1798.9,0.0,0.0,5.4,1804.4,1739.8,1531.1,0.0,835.9,0.0329,0.047,battery,gas-cc,0.0,0.0,0.0,0.0,0.0,0.0,0.0,0.0,0.0,0.0,0.0,0.0,0.0,0.0,0.0,0.0,0.0,0.0,143.3,2.7,0.27,16.9,1080.4,0.06,143.5,49.1,192.6,413.1,7.8,0.78,48.8,3117.1,0.18,413.5,141.7,555.2,27.21,0.0,0.0,27.21,28.55,0.0,0.0,28.55,0.0,0.0,0.0,2640.2,273.3,2367.0,0.0,0.0,0.0,0.0,0.0,0.0,0.0,0.0,0.0,0.0,0.0,0.0,0.0,273.3,0.0
2050-03-10 00:00:00,2050-03-09 22:00:00,1665.3,0.0,0.0,8.8,1674.0,1612.1,1406.1,0.0,1348.3,0.0319,0.0435,battery,gas-cc,0.0,0.0,0.0,0.0,0.0,0.0,0.0,0.0,0.0,0.0,0.0,0.0,0.0,0.0,0.0,0.0,0.0,0.0,143.2,2.7,0.27,16.9,1079.4,0.06,143.3,49.1,192.4,398.1,7.5,0.75,47.0,3004.3,0.17,398.6,136.6,535.2,35.05,0.0,0.0,35.05,36.64,0.0,0.0,36.64,0.0,0.0,0.0,3022.3,267.9,2754.3,0.0,0.0,0.0,0.0,0.0,0.0,0.0,0.0,0.0,0.0,0.0,0.0,0.0,267.9,0.0
2050-03-10 01:00:00,2050-03-09 23:00:00,1521.1,0.0,0.0,1.7,1522.7,1473.9,1245.3,0.0,253.9,0.031,0.0398,battery,gas-cc,0.0,0.0,0.0,0.0,0.0,0.0,0.0,0.0,0.0,0.0,0.0,0.0,0.0,0.0,0.0,0.0,0.0,0.0,145.5,2.7,0.28,17.2,1097.2,0.06,145.7,49.9,195.6,377.4,7.1,0.71,44.6,2848.0,0.16,377.8,129.5,507.3,35.05,0.0,0.0,35.05,36.5,0.0,0.0,36.5,0.0,0.0,0.0,1776.6,277.4,1499.2,0.0,0.0,0.0,0.0,0.0,0.0,0.0,0.0,0.0,0.0,0.0,0.0,0.0,277.4,0.0
2050-03-10 02:00:00,2050-03-10 00:00:00,1376.8,0.0,0.0,3.7,1380.6,1335.2,1101.8,0.0,573.7,0.0302,0.036,gas-cc,gas-cc,0.0,0.0,0.0,0.0,0.0,0.0,0.0,0.0,0.0,0.0,0.0,0.0,0.0,0.0,0.0,0.0,0.0,0.0,144.3,2.7,0.27,17.1,1088.2,0.06,144.5,49.5,194.0,375.9,7.1,0.71,44.4,2836.9,0.16,376.3,129.0,505.3,35.05,0.0,0.0,35.05,36.36,0.0,0.0,36.36,0.0,0.0,0.0,1954.3,278.7,1675.5,0.0,0.0,0.0,0.0,0.0,0.0,0.0,0.0,0.0,0.0,0.0,0.0,0.0,278.7,0.0
2050-03-10 03:00:00,2050-03-10 01:00:00,1291.6,0.0,0.0,1.6,1293.2,1252.9,1014.0,0.0,243.5,0.0299,0.0338,battery,gas-cc,0.0,0.0,0.0,0.0,0.0,0.0,0.0,0.0,0.0,0.0,0.0,0.0,0.0,0.0,0.0,0.0,0.0,0.0,147.9,2.8,0.28,17.5,1114.8,0.06,148.0,50.7,198.7,375.1,7.1,0.71,44.3,2830.3,0.16,375.5,128.7,504.2,35.05,0.0,0.0,35.05,36.27,0.0,0.0,36.27,0.0,0.0,0.0,1536.7,279.2,1257.6,0.0,0.0,0.0,0.0,0.0,0.0,0.0,0.0,0.0,0.0,0.0,0.0,0.0,279.2,0.0
2050-03-10 04:00:00,2050-03-10 02:00:00,1236.8,0.0,0.0,6.4,1243.2,1200.0,964.3,0.0,980.4,0.0298,0.0323,battery,gas-cc,0.0,0.0,0.0,0.0,0.0,0.0,0.0,0.0,0.0,0.0,0.0,0.0,0.0,0.0,0.0,0.0,0.0,0.0,143.2,2.7,0.27,16.9,1079.4,0.06,143.3,49.1,192.4,374.5,7.1,0.71,44.2,2826.1,0.16,374.9,128.5,503.4,35.05,0.0,0.0,35.05,36.22,0.0,0.0,36.22,0.0,0.0,0.0,2223.6,278.9,1944.8,0.0,0.0,0.0,0.0,0.0,0.0,0.0,0.0,0.0,0.0,0.0,0.0,0.0,278.9,0.0
2050-03-10 05:00:00,2050-03-10 03:00:00,1211.6,0.0,0.0,3.4,1215.0,1175.5,938.5,0.0,530.3,0.0298,0.0317,battery,gas-cc,0.0,0.0,0.0,0.0,0.0,0.0,0.0,0.0,0.0,0.0,0.0,0.0,0.0,0.0,0.0,0.0,0.0,0.0,160.9,3.0,0.3,19.0,1213.5,0.07,161.1,55.2,216.3,374.3,7.1,0.71,44.2,2824.2,0.16,374.7,128.4,503.1,35.05,0.0,0.0,35.05,36.19,0.0,0.0,36.19,0.0,0.0,0.0,1745.4,276.6,1468.8,0.0,0.0,0.0,0.0,0.0,0.0,0.0,0.0,0.0,0.0,0.0,0.0,0.0,276.6,0.0
2050-03-10 06:00:00,2050-03-10 04:00:00,1218.9,0.0,0.0,4.7,1223.7,1182.7,947.2,0.0,726.1,0.0298,0.0319,battery,gas-cc,0.0,0.0,0.0,0.0,0.0,0.0,0.0,0.0,0.0,0.0,0.0,0.0,0.0,0.0,0.0,0.0,0.0,0.0,164.9,3.1,0.31,19.5,1243.6,0.07,165.1,56.6,221.7,393.3,7.4,0.74,46.5,2968.1,0.17,393.7,135.0,528.7,35.05,0.0,0.0,35.05,36.2,0.0,0.0,36.2,0.0,0.0,0.0,1949.7,276.4,1673.3,0.0,0.0,0.0,0.0,0.0,0.0,0.0,0.0,0.0,0.0,0.0,0.0,0.0,276.4,0.0
2050-03-10 07:00:00,2050-03-10 05:00:00,1298.9,0.0,0.0,3.7,1302.7,1260.0,1026.3,0.0,573.7,0.03,0.034,battery,gas-cc,0.0,0.0,0.0,0.0,0.0,0.0,0.0,0.0,0.0,0.0,0.0,0.0,0.0,0.0,0.0,0.0,0.0,0.0,154.2,2.9,0.29,18.2,1163.0,0.07,154.4,52.9,207.3,375.1,7.1,0.71,44.3,2830.9,0.16,375.5,128.7,504.3,35.05,0.0,0.0,35.05,36.28,0.0,0.0,36.28,0.0,0.0,0.0,1876.4,276.4,1600.0,0.0,0.0,0.0,0.0,0.0,0.0,0.0,0.0,0.0,0.0,0.0,0.0,0.0,276.4,0.0
2050-03-10 08:00:00,2050-03-10 06:00:00,1458.9,0.0,0.0,0.7,1459.6,1414.3,581.4,0.0,100.5,0.0306,0.0382,battery,gas-cc,0.0,0.0,0.0,0.0,0.0,0.0,0.0,0.0,0.0,0.0,0.0,0.0,0.0,0.0,0.0,0.0,0.0,0.0,167.5,3.2,0.32,19.8,1262.9,0.07,167.6,57.4,225.1,391.6,7.4,0.74,46.3,2954.8,0.17,392.0,134.4,526.3,35.05,0.0,0.0,35.05,36.44,0.0,0.0,36.44,0.0,0.0,0.0,1560.1,878.2,681.9,0.0,0.0,0.0,0.0,25.3,0.0,0.0,0.0,0.0,0.0,0.0,0.0,574.3,278.6,0.0
2050-03-10 09:00:00,2050-03-10 07:00:00,1613.7,4019.6,0.0,0.0,5633.3,1562.8,0.0,0.0,0.0,0.0315,0.0422,upv,upv,0.0,0.0,0.0,0.0,0.0,0.0,0.0,0.0,0.0,0.0,0.0,0.0,0.0,0.0,0.0,0.0,0.0,0.0,139.9,2.6,0.26,16.5,1054.7,0.06,140.0,48.0,188.0,0.0,0.0,0.0,0.0,0.0,0.0,0.0,0.0,0.0,0.0,0.0,0.0,0.0,0.0,0.0,0.0,0.0,279.8,1329.7,1609.6,5633.3,5633.3,0.0,0.0,0.0,0.0,0.0,0.0,0.0,0.0,0.0,0.0,0.0,0.0,0.0,5633.3,0.0,0.0
2050-03-10 10:00:00,2050-03-10 08:00:00,1727.4,4019.6,0.0,0.0,5746.9,1671.5,0.0,0.0,0.0,0.0323,0.0452,upv,upv,0.0,0.0,0.0,0.0,0.0,0.0,0.0,0.0,0.0,0.0,0.0,0.0,0.0,0.0,0.0,0.0,0.0,0.0,140.0,2.6,0.26,16.5,1055.5,0.06,140.2,48.0,188.2,0.0,0.0,0.0,0.0,0.0,0.0,0.0,0.0,0.0,0.0,0.0,0.0,0.0,0.0,0.0,0.0,0.0,279.8,4555.8,4835.6,5746.9,5746.9,0.0,0.0,0.0,0.0,0.0,434.9,0.0,0.0,0.0,0.0,0.0,0.0,0.0,5312.1,0.0,0.0
2050-03-10 11:00:00,2050-03-10 09:00:00,1729.5,3824.8,0.0,0.0,5554.2,1673.5,0.0,0.0,0.0,0.0324,0.0452,upv,upv,0.0,0.0,0.0,0.0,0.0,0.0,0.0,0.0,0.0,0.0,0.0,0.0,0.0,0.0,0.0,0.0,0.0,0.0,140.0,2.6,0.27,16.5,1055.5,0.06,140.2,48.0,188.2,0.0,0.0,0.0,0.0,0.0,0.0,0.0,0.0,0.0,0.0,0.0,0.0,0.0,0.0,0.0,0.0,0.0,280.0,4755.3,5035.3,5554.2,5554.2,0.0,0.0,0.0,0.0,0.0,0.0,0.0,0.0,0.0,0.0,0.0,0.0,0.0,5554.2,0.0,0.0
2050-03-10 12:00:00,2050-03-10 10:00:00,1667.4,2431.9,0.0,0.0,4099.3,1614.2,0.0,0.0,0.0,0.0319,0.0436,upv,upv,0.0,0.0,0.0,0.0,0.0,0.0,0.0,0.0,0.0,0.0,0.0,0.0,0.0,0.0,0.0,0.0,0.0,0.0,139.9,2.6,0.26,16.5,1055.1,0.06,140.1,48.0,188.1,0.0,0.0,0.0,0.0,0.0,0.0,0.0,0.0,0.0,0.0,0.0,0.0,0.0,0.0,0.0,0.0,0.0,280.0,6210.3,6490.2,4099.3,4099.3,0.0,0.0,0.0,0.0,0.0,0.0,0.0,0.0,0.0,0.0,0.0,0.0,0.0,4099.3,0.0,0.0
2050-03-10 13:00:00,2050-03-10 11:00:00,1615.8,4019.6,0.0,0.0,5635.4,1564.8,0.0,0.0,0.0,0.0316,0.0423,upv,upv,0.0,0.0,0.0,0.0,0.0,0.0,0.0,0.0,0.0,0.0,0.0,0.0,0.0,0.0,0.0,0.0,0.0,0.0,139.9,2.6,0.26,16.5,1054.7,0.06,140.0,48.0,188.0,0.0,0.0,0.0,0.0,0.0,0.0,0.0,0.0,0.0,0.0,0.0,0.0,0.0,0.0,0.0,0.0,0.0,0.0,4947.3,4947.3,5635.4,5635.4,0.0,0.0,0.0,0.0,0.0,434.9,0.0,0.0,0.0,0.0,0.0,0.0,0.0,4920.5,280.0,0.0
2050-03-10 14:00:00,2050-03-10 12:00:00,1587.4,2626.7,0.0,0.0,4214.1,1537.6,0.0,0.0,0.0,0.0314,0.0415,upv,upv,0.0,0.0,0.0,0.0,0.0,0.0,0.0,0.0,0.0,0.0,0.0,0.0,0.0,0.0,0.0,0.0,0.0,0.0,139.9,2.6,0.26,16.5,1054.5,0.06,140.0,48.0,188.0,0.0,0.0,0.0,0.0,0.0,0.0,0.0,0.0,0.0,0.0,0.0,0.0,0.0,0.0,0.0,0.0,0.0,279.6,5987.4,6266.9,4214.1,4214.1,0.0,0.0,0.0,0.0,0.0,430.5,0.0,0.0,0.0,0.0,0.0,0.0,0.0,3783.6,0.0,0.0
2050-03-10 15:00:00,2050-03-10 13:00:00,1601.1,2431.9,0.0,0.0,4033.0,1550.7,0.0,0.0,0.0,0.0315,0.0419,upv,upv,0.0,0.0,0.0,0.0,0.0,0.0,0.0,0.0,0.0,0.0,0.0,0.0,0.0,0.0,0.0,0.0,0.0,0.0,139.9,2.6,0.26,16.5,1054.6,0.06,140.0,48.0,188.0,0.0,0.0,0.0,0.0,0.0,0.0,0.0,0.0,0.0,0.0,0.0,0.0,0.0,0.0,0.0,0.0,0.0,279.2,6276.6,6555.7,4033.0,4033.0,0.0,0.0,0.0,0.0,0.0,435.2,0.0,0.0,0.0,0.0,0.0,0.0,0.0,3597.7,0.0,0.0
2050-03-10 16:00:00,2050-03-10 14:00:00,1577.9,3751.1,0.0,0.0,5329.0,1528.5,0.0,0.0,0.0,0.0313,0.0413,upv,upv,0.0,0.0,0.0,0.0,0.0,0.0,0.0,0.0,0.0,0.0,0.0,0.0,0.0,0.0,0.0,0.0,0.0,0.0,139.9,2.6,0.26,16.5,1054.4,0.06,140.0,48.0,188.0,0.0,0.0,0.0,0.0,0.0,0.0,0.0,0.0,0.0,0.0,0.0,0.0,0.0,0.0,0.0,0.0,0.0,0.0,5195.3,5195.3,5329.0,5329.0,0.0,0.0,0.0,0.0,0.0,432.7,0.0,0.0,0.0,0.0,0.0,0.0,0.0,4620.8,275.5,0.0
2050-03-10 17:00:00,2050-03-10 15:00:00,1642.1,2431.9,0.0,0.0,4074.0,1590.0,0.0,0.0,0.0,0.0317,0.0429,upv,upv,0.0,0.0,0.0,0.0,0.0,0.0,0.0,0.0,0.0,0.0,0.0,0.0,0.0,0.0,0.0,0.0,0.0,0.0,139.9,2.6,0.26,16.5,1054.9,0.06,140.1,48.0,188.1,0.0,0.0,0.0,0.0,0.0,0.0,0.0,0.0,0.0,0.0,0.0,0.0,0.0,0.0,0.0,0.0,0.0,269.6,4966.9,5236.4,4074.0,4074.0,0.0,0.0,0.0,0.0,0.0,381.5,0.0,0.0,0.0,0.0,0.0,0.0,0.0,3692.5,0.0,0.0
2050-03-10 18:00:00,2050-03-10 16:00:00,1713.7,1609.5,0.0,0.0,3323.1,1658.4,0.0,0.0,0.0,0.0322,0.0448,upv,upv,0.0,0.0,0.0,0.0,0.0,0.0,0.0,0.0,0.0,0.0,0.0,0.0,0.0,0.0,0.0,0.0,0.0,0.0,143.0,2.7,0.27,16.9,1077.7,0.06,143.1,49.0,192.1,0.0,0.0,0.0,0.0,0.0,0.0,0.0,0.0,0.0,0.0,0.0,0.0,0.0,0.0,0.0,0.0,0.0,267.7,1568.4,1836.1,3323.1,3323.1,0.0,0.0,0.0,0.0,0.0,206.4,0.0,0.0,0.0,0.0,0.0,0.0,0.0,3116.7,0.0,0.0
2050-03-10 19:00:00,2050-03-10 17:00:00,1786.3,0.0,0.0,0.0,1786.3,1727.7,425.0,0.0,0.0,0.0328,0.0467,battery,gas-cc,0.0,0.0,0.0,0.0,0.0,0.0,0.0,0.0,0.0,0.0,0.0,0.0,0.0,0.0,0.0,0.0,0.0,0.0,165.0,3.1,0.31,19.5,1244.3,0.07,165.2,56.6,221.8,449.8,8.5,0.85,53.1,3394.5,0.19,450.3,154.3,604.7,38.31,0.0,0.0,38.31,40.19,0.0,0.0,40.19,0.0,0.0,0.0,1786.3,1361.3,425.0,0.0,0.0,0.0,0.0,46.2,0.0,0.0,0.0,0.0,0.0,0.0,0.0,1048.5,266.6,0.0
2050-03-10 20:00:00,2050-03-10 18:00:00,1920.0,0.0,0.0,1.3,1921.3,1854.9,1654.8,0.0,192.6,0.0339,0.0502,battery,gas-cc,0.0,0.0,0.0,0.0,0.0,0.0,0.0,0.0,0.0,0.0,0.0,0.0,0.0,0.0,0.0,0.0,0.0,0.0,200.2,3.8,0.38,23.7,1510.4,0.09,200.5,68.7,269.2,458.8,8.6,0.86,54.2,3462.3,0.2,459.3,157.4,616.7,38.31,0.0,0.0,38.31,40.34,0.0,0.0,40.34,0.0,0.0,0.0,2113.9,266.4,1847.4,0.0,0.0,0.0,0.0,0.0,0.0,0.0,0.0,0.0,0.0,0.0,0.0,0.0,266.4,0.0
2050-03-10 21:00:00,2050-03-10 19:00:00,1974.7,0.0,0.0,2.1,1976.8,1906.9,1720.9,0.0,321.3,0.0344,0.0516,battery,gas-cc,0.0,0.0,0.0,0.0,0.0,0.0,0.0,0.0,0.0,0.0,0.0,0.0,0.0,0.0,0.0,0.0,0.0,0.0,249.2,4.7,0.47,29.4,1880.4,0.11,249.5,85.5,335.0,459.5,8.7,0.87,54.3,3467.5,0.2,460.0,157.7,617.7,38.31,0.0,0.0,38.31,40.4,0.0,0.0,40.4,0.0,0.0,0.0,2298.2,255.9,2042.2,0.0,0.0,0.0,0.0,0.0,0.0,0.0,0.0,0.0,0.0,0.0,0.0,0.0,255.9,0.0
2050-03-10 22:00:00,2050-03-10 20:00:00,1878.9,0.0,0.0,2.5,1881.5,1815.9,1656.6,0.0,385.7,0.0335,0.0491,battery,gas-cc,0.0,0.0,0.0,0.0,0.0,0.0,0.0,0.0,0.0,0.0,0.0,0.0,0.0,0.0,0.0,0.0,0.0,0.0,189.1,3.6,0.36,22.3,1426.1,0.08,189.3,64.9,254.2,458.3,8.6,0.86,54.1,3458.4,0.2,458.8,157.3,616.0,38.31,0.0,0.0,38.31,40.29,0.0,0.0,40.29,0.0,0.0,0.0,2267.1,224.9,2042.2,0.0,0.0,0.0,0.0,0.0,0.0,0.0,0.0,0.0,0.0,0.0,0.0,0.0,224.9,0.0
2050-03-10 23:00:00,2050-03-10 21:00:00,1778.9,0.0,0.0,5.5,1784.5,1720.7,1579.3,0.0,852.6,0.0327,0.0465,battery,gas-cc,0.0,0.0,0.0,0.0,0.0,0.0,0.0,0.0,0.0,0.0,0.0,0.0,0.0,0.0,0.0,0.0,0.0,0.0,143.7,2.7,0.27,17.0,1083.3,0.06,143.8,49.3,193.1,457.0,8.6,0.86,54.0,3448.9,0.2,457.5,156.8,614.3,38.31,0.0,0.0,38.31,40.18,0.0,0.0,40.18,0.0,0.0,0.0,2637.1,205.2,2431.9,0.0,0.0,0.0,0.0,0.0,0.0,0.0,0.0,0.0,0.0,0.0,0.0,0.0,205.2,0.0
2050-03-11 00:00:00,2050-03-10 22:00:00,1660.0,0.0,0.0,8.1,1668.1,1607.1,1435.3,0.0,1242.0,0.0319,0.0434,battery,gas-cc,0.0,0.0,0.0,0.0,0.0,0.0,0.0,0.0,0.0,0.0,0.0,0.0,0.0,0.0,0.0,0.0,0.0,0.0,143.7,2.7,0.27,17.0,1083.5,0.06,143.9,49.3,193.2,409.9,7.7,0.77,48.4,3093.2,0.18,410.3,140.6,551.0,41.69,0.0,0.0,41.69,43.58,0.0,0.0,43.58,0.0,0.0,0.0,2910.0,232.8,2677.2,0.0,0.0,0.0,0.0,0.0,0.0,0.0,0.0,0.0,0.0,0.0,0.0,0.0,232.8,0.0
2050-03-11 01:00:00,2050-03-10 23:00:00,1515.8,0.0,0.0,3.8,1519.6,1468.9,1309.5,0.0,587.7,0.0309,0.0396,battery,gas-cc,0.0,0.0,0.0,0.0,0.0,0.0,0.0,0.0,0.0,0.0,0.0,0.0,0.0,0.0,0.0,0.0,0.0,0.0,143.5,2.7,0.27,17.0,1081.8,0.06,143.6,49.2,192.8,408.3,7.7,0.77,48.2,3081.1,0.18,408.7,140.1,548.8,41.69,0.0,0.0,41.69,43.41,0.0,0.0,43.41,0.0,0.0,0.0,2107.3,210.1,1897.1,0.0,0.0,0.0,0.0,0.0,0.0,0.0,0.0,0.0,0.0,0.0,0.0,0.0,210.1,0.0
2050-03-11 02:00:00,2050-03-11 00:00:00,1394.7,0.0,0.0,2.0,1396.7,1352.4,1220.3,0.0,308.0,0.0303,0.0365,battery,gas-cc,0.0,0.0,0.0,0.0,0.0,0.0,0.0,0.0,0.0,0.0,0.0,0.0,0.0,0.0,0.0,0.0,0.0,0.0,143.3,2.7,0.27,16.9,1080.5,0.06,143.5,49.1,192.6,407.0,7.7,0.77,48.1,3071.0,0.18,407.4,139.6,547.0,41.69,0.0,0.0,41.69,43.27,0.0,0.0,43.27,0.0,0.0,0.0,1704.8,176.5,1528.3,0.0,0.0,0.0,0.0,0.0,0.0,0.0,0.0,0.0,0.0,0.0,0.0,0.0,176.5,0.0
2050-03-11 03:00:00,2050-03-11 01:00:00,1288.4,0.0,0.0,4.2,1292.6,1249.9,1156.8,0.0,645.7,0.0299,0.0337,battery,gas-cc,0.0,0.0,0.0,0.0,0.0,0.0,0.0,0.0,0.0,0.0,0.0,0.0,0.0,0.0,0.0,0.0,0.0,0.0,143.4,2.7,0.27,16.9,1080.9,0.06,143.5,49.2,192.7,405.8,7.6,0.76,47.9,3062.1,0.18,406.2,139.2,545.5,41.69,0.0,0.0,41.69,43.14,0.0,0.0,43.14,0.0,0.0,0.0,1938.3,135.8,1802.5,0.0,0.0,0.0,0.0,0.0,0.0,0.0,0.0,0.0,0.0,0.0,0.0,0.0,135.8,0.0
2050-03-11 04:00:00,2050-03-11 02:00:00,1224.2,0.0,0.0,10.6,1234.8,1187.8,1128.4,0.0,1632.1,0.0298,0.032,battery,gas-cc,0.0,0.0,0.0,0.0,0.0,0.0,0.0,0.0,0.0,0.0,0.0,0.0,0.0,0.0,0.0,0.0,0.0,0.0,143.3,2.7,0.27,16.9,1080.7,0.06,143.5,49.2,192.7,395.3,7.5,0.75,46.7,2983.2,0.17,395.7,135.6,531.4,41.69,0.0,0.0,41.69,43.07,0.0,0.0,43.07,0.0,0.0,0.0,2867.0,106.4,2760.5,0.0,0.0,0.0,0.0,0.0,0.0,0.0,0.0,0.0,0.0,0.0,0.0,0.0,106.4,0.0
2050-03-11 05:00:00,2050-03-11 03:00:00,1185.3,0.0,0.0,3.6,1188.9,1150.0,1081.2,0.0,560.3,0.0297,0.031,battery,gas-cc,0.0,0.0,0.0,0.0,0.0,0.0,0.0,0.0,0.0,0.0,0.0,0.0,0.0,0.0,0.0,0.0,0.0,0.0,132.8,2.5,0.25,15.7,1001.2,0.06,132.9,45.5,178.5,404.7,7.6,0.76,47.8,3053.6,0.18,405.1,138.8,543.9,41.69,0.0,0.0,41.69,43.02,0.0,0.0,43.02,0.0,0.0,0.0,1749.2,107.7,1641.5,0.0,0.0,0.0,0.0,0.0,0.0,0.0,0.0,0.0,0.0,0.0,0.0,0.0,107.7,0.0
2050-03-11 06:00:00,2050-03-11 04:00:00,1165.3,0.0,0.0,5.1,1170.4,1130.6,1070.2,0.0,786.8,0.0297,0.0305,battery,gas-cc,0.0,0.0,0.0,0.0,0.0,0.0,0.0,0.0,0.0,0.0,0.0,0.0,0.0,0.0,0.0,0.0,0.0,0.0,143.3,2.7,0.27,16.9,1080.6,0.06,143.5,49.2,192.6,404.4,7.6,0.76,47.8,3052.0,0.18,404.9,138.8,543.6,41.69,0.0,0.0,41.69,43.0,0.0,0.0,43.0,0.0,0.0,0.0,1957.1,100.2,1856.9,0.0,0.0,0.0,0.0,0.0,0.0,0.0,0.0,0.0,0.0,0.0,0.0,0.0,100.2,0.0
2050-03-11 07:00:00,2050-03-11 05:00:00,1185.3,0.0,0.0,10.0,1195.3,1150.0,1092.5,0.0,1543.6,0.0297,0.031,battery,gas-cc,0.0,0.0,0.0,0.0,0.0,0.0,0.0,0.0,0.0,0.0,0.0,0.0,0.0,0.0,0.0,0.0,0.0,0.0,221.1,4.2,0.42,26.1,1668.3,0.1,221.4,75.9,297.2,404.7,7.6,0.76,47.8,3053.6,0.18,405.1,138.8,543.9,41.69,0.0,0.0,41.69,43.02,0.0,0.0,43.02,0.0,0.0,0.0,2738.9,102.8,2636.1,0.0,0.0,0.0,0.0,0.0,0.0,0.0,0.0,0.0,0.0,0.0,0.0,0.0,102.8,0.0
2050-03-11 08:00:00,2050-03-11 06:00:00,1242.1,0.0,0.0,2.8,1244.9,1205.1,478.1,0.0,424.2,0.0298,0.0325,gas-cc,gas-cc,0.0,0.0,0.0,0.0,0.0,0.0,0.0,0.0,0.0,0.0,0.0,0.0,0.0,0.0,0.0,0.0,0.0,0.0,231.1,4.4,0.44,27.3,1743.8,0.1,231.4,79.3,310.7,405.3,7.6,0.76,47.9,3058.3,0.18,405.7,139.1,544.8,41.69,0.0,0.0,41.69,43.09,0.0,0.0,43.09,0.0,0.0,0.0,1669.1,766.7,902.4,0.0,0.0,0.0,0.0,28.3,0.0,0.0,0.0,0.0,0.0,0.0,0.0,641.8,96.7,0.0
2050-03-11 09:00:00,2050-03-11 07:00:00,1325.3,2259.8,0.0,0.0,3585.1,1285.4,0.0,0.0,0.0,0.0301,0.0347,upv,upv,0.0,0.0,0.0,0.0,0.0,0.0,0.0,0.0,0.0,0.0,0.0,0.0,0.0,0.0,0.0,0.0,0.0,0.0,139.7,2.6,0.26,16.5,1053.0,0.06,139.8,47.9,187.7,0.0,0.0,0.0,0.0,0.0,0.0,0.0,0.0,0.0,0.0,0.0,0.0,0.0,0.0,0.0,0.0,0.0,63.0,3283.3,3346.2,3585.1,3585.1,0.0,0.0,0.0,0.0,0.0,0.0,0.0,0.0,0.0,0.0,0.0,0.0,0.0,3585.1,0.0,0.0
2050-03-11 10:00:00,2050-03-11 08:00:00,1435.8,3016.4,0.0,0.0,4452.2,1392.0,0.0,0.0,0.0,0.0305,0.0375,upv,upv,0.0,0.0,0.0,0.0,0.0,0.0,0.0,0.0,0.0,0.0,0.0,0.0,0.0,0.0,0.0,0.0,0.0,0.0,139.7,2.6,0.26,16.5,1053.5,0.06,139.9,47.9,187.8,0.0,0.0,0.0,0.0,0.0,0.0,0.0,0.0,0.0,0.0,0.0,0.0,0.0,0.0,0.0,0.0,0.0,0.0,5857.5,5857.5,4452.2,4452.2,0.0,0.0,0.0,0.0,0.0,433.1,0.0,0.0,0.0,0.0,0.0,0.0,0.0,3971.5,47.6,0.0
2050-03-11 11:00:00,2050-03-11 09:00:00,1474.7,3045.5,0.0,0.0,4520.2,1429.4,0.0,0.0,0.0,0.0307,0.0386,upv,upv,0.0,0.0,0.0,0.0,0.0,0.0,0.0,0.0,0.0,0.0,0.0,0.0,0.0,0.0,0.0,0.0,0.0,0.0,139.8,2.6,0.26,16.5,1053.7,0.06,139.9,47.9,187.9,0.0,0.0,0.0,0.0,0.0,0.0,0.0,0.0,0.0,0.0,0.0,0.0,0.0,0.0,0.0,0.0,0.0,0.0,5819.2,5819.2,4520.2,4520.2,0.0,0.0,0.0,0.0,0.0,435.2,0.0,0.0,0.0,0.0,0.0,0.0,0.0,4055.1,29.9,0.0
2050-03-11 12:00:00,2050-03-11 10:00:00,1507.4,3824.8,0.0,0.0,5332.1,1460.8,0.0,0.0,0.0,0.0309,0.0394,upv,upv,0.0,0.0,0.0,0.0,0.0,0.0,0.0,0.0,0.0,0.0,0.0,0.0,0.0,0.0,0.0,0.0,0.0,0.0,139.8,2.6,0.26,16.5,1053.9,0.06,140.0,47.9,187.9,0.0,0.0,0.0,0.0,0.0,0.0,0.0,0.0,0.0,0.0,0.0,0.0,0.0,0.0,0.0,0.0,0.0,13.1,4977.4,4990.5,5332.1,5332.1,0.0,0.0,0.0,0.0,0.0,435.2,0.0,0.0,0.0,0.0,0.0,0.0,0.0,4896.9,0.0,0.0
2050-03-11 13:00:00,2050-03-11 11:00:00,1530.5,3795.7,0.0,0.0,5326.2,1483.0,0.0,0.0,0.0,0.031,0.04,upv,upv,0.0,0.0,0.0,0.0,0.0,0.0,0.0,0.0,0.0,0.0,0.0,0.0,0.0,0.0,0.0,0.0,0.0,0.0,139.8,2.6,0.26,16.5,1054.1,0.06,140.0,47.9,187.9,0.0,0.0,0.0,0.0,0.0,0.0,0.0,0.0,0.0,0.0,0.0,0.0,0.0,0.0,0.0,0.0,0.0,5.9,4949.6,4955.5,5326.2,5326.2,0.0,0.0,0.0,0.0,0.0,433.8,0.0,0.0,0.0,0.0,0.0,0.0,0.0,4892.4,0.0,0.0
2050-03-11 14:00:00,2050-03-11 12:00:00,1556.8,3045.5,0.0,0.0,4602.3,1508.3,0.0,0.0,0.0,0.0312,0.0407,upv,upv,0.0,0.0,0.0,0.0,0.0,0.0,0.0,0.0,0.0,0.0,0.0,0.0,0.0,0.0,0.0,0.0,0.0,0.0,139.8,2.6,0.26,16.5,1054.3,0.06,140.0,48.0,187.9,0.0,0.0,0.0,0.0,0.0,0.0,0.0,0.0,0.0,0.0,0.0,0.0,0.0,0.0,0.0,0.0,0.0,7.2,5653.0,5660.2,4602.3,4602.3,0.0,0.0,0.0,0.0,0.0,432.7,0.0,0.0,0.0,0.0,0.0,0.0,0.0,4169.6,0.0,0.0
2050-03-11 15:00:00,2050-03-11 13:00:00,1580.0,3235.4,0.0,0.0,4815.4,1530.5,-0.0,0.0,0.0,0.0313,0.0413,upv,upv,0.0,0.0,0.0,0.0,0.0,0.0,0.0,0.0,0.0,0.0,0.0,0.0,0.0,0.0,0.0,0.0,0.0,0.0,139.9,2.6,0.26,16.5,1054.4,0.06,140.0,48.0,188.0,0.0,0.0,0.0,0.0,0.0,0.0,0.0,0.0,0.0,0.0,0.0,0.0,0.0,0.0,0.0,0.0,0.0,11.7,5487.4,5499.0,4815.4,4815.4,0.0,0.0,0.0,0.0,0.0,434.9,0.0,0.0,0.0,0.0,0.0,0.0,0.0,4380.5,0.0,0.0
2050-03-11 16:00:00,2050-03-11 14:00:00,1587.4,3399.3,0.0,0.0,4986.7,1537.6,0.0,0.0,0.0,0.0314,0.0415,upv,upv,0.0,0.0,0.0,0.0,0.0,0.0,0.0,0.0,0.0,0.0,0.0,0.0,0.0,0.0,0.0,0.0,0.0,0.0,139.9,2.6,0.26,16.5,1054.5,0.06,140.0,48.0,188.0,0.0,0.0,0.0,0.0,0.0,0.0,0.0,0.0,0.0,0.0,0.0,0.0,0.0,0.0,0.0,0.0,0.0,11.0,5322.8,5333.9,4986.7,4986.7,0.0,0.0,0.0,0.0,0.0,0.0,0.0,0.0,0.0,0.0,0.0,0.0,0.0,4986.7,0.0,0.0
2050-03-11 17:00:00,2050-03-11 15:00:00,1615.8,3112.4,0.0,0.0,4728.2,1564.8,0.0,0.0,0.0,0.0316,0.0423,upv,upv,0.0,0.0,0.0,0.0,0.0,0.0,0.0,0.0,0.0,0.0,0.0,0.0,0.0,0.0,0.0,0.0,0.0,0.0,139.9,2.6,0.26,16.5,1054.7,0.06,140.0,48.0,188.0,0.0,0.0,0.0,0.0,0.0,0.0,0.0,0.0,0.0,0.0,0.0,0.0,0.0,0.0,0.0,0.0,0.0,10.9,5574.6,5585.4,4728.2,4728.2,0.0,0.0,0.0,0.0,0.0,434.9,0.0,0.0,0.0,0.0,0.0,0.0,0.0,4293.3,0.0,0.0
2050-03-11 18:00:00,2050-03-11 16:00:00,1672.6,2431.9,0.0,0.0,4104.5,1619.2,0.0,0.0,0.0,0.032,0.0437,upv,upv,0.0,0.0,0.0,0.0,0.0,0.0,0.0,0.0,0.0,0.0,0.0,0.0,0.0,0.0,0.0,0.0,0.0,0.0,140.0,2.6,0.26,16.5,1055.1,0.06,140.1,48.0,188.1,0.0,0.0,0.0,0.0,0.0,0.0,0.0,0.0,0.0,0.0,0.0,0.0,0.0,0.0,0.0,0.0,0.0,11.8,4167.3,4179.2,4104.5,4104.5,0.0,0.0,0.0,0.0,0.0,349.2,0.0,0.0,0.0,0.0,0.0,0.0,0.0,3755.4,0.0,0.0
2050-03-11 19:00:00,2050-03-11 17:00:00,1701.1,0.0,0.0,25.7,1726.7,1646.4,-422.1,0.0,2422.8,0.0322,0.0445,battery,gas-cc,0.0,0.0,0.0,0.0,0.0,0.0,0.0,0.0,0.0,0.0,0.0,0.0,0.0,0.0,0.0,0.0,0.0,0.0,150.6,2.8,0.28,17.8,1135.1,0.07,150.7,51.6,202.4,400.2,7.5,0.75,47.3,3019.6,0.17,400.6,137.3,537.9,32.03,0.0,0.0,32.03,33.52,0.0,0.0,33.52,0.0,0.0,0.0,4149.5,2148.8,2000.7,0.0,0.0,0.0,0.0,90.1,0.0,0.0,0.0,0.0,0.0,0.0,0.0,2045.3,13.4,0.0
2050-03-11 20:00:00,2050-03-11 18:00:00,1781.1,0.0,0.0,22.5,1803.6,1722.7,1785.1,0.0,1844.8,0.0328,0.0466,gas-cc,gas-cc,0.0,0.0,0.0,0.0,0.0,0.0,0.0,0.0,0.0,0.0,0.0,0.0,0.0,0.0,0.0,0.0,0.0,0.0,165.0,3.1,0.31,19.5,1244.2,0.07,165.2,56.6,221.8,369.0,7.0,0.7,43.6,2784.3,0.16,369.4,126.6,496.0,32.03,0.0,0.0,32.03,33.6,0.0,0.0,33.6,0.0,0.0,0.0,3648.3,18.4,3629.9,0.0,0.0,0.0,0.0,0.0,0.0,0.0,0.0,0.0,0.0,0.0,0.0,0.0,18.4,0.0
2050-03-11 21:00:00,2050-03-11 19:00:00,1832.6,0.0,0.0,16.9,1849.5,1771.9,1837.9,0.0,1792.1,0.0332,0.0479,gas-cc,gas-cc,0.0,0.0,0.0,0.0,0.0,0.0,0.0,0.0,0.0,0.0,0.0,0.0,0.0,0.0,0.0,0.0,0.0,0.0,149.8,2.8,0.28,17.7,1129.4,0.07,149.9,51.4,201.3,369.5,7.0,0.7,43.6,2788.3,0.16,369.9,126.8,496.7,32.03,0.0,0.0,32.03,33.64,0.0,0.0,33.64,0.0,0.0,0.0,3641.6,11.7,3629.9,0.0,0.0,0.0,0.0,0.0,0.0,0.0,0.0,0.0,0.0,0.0,0.0,0.0,11.7,0.0
2050-03-11 22:00:00,2050-03-11 20:00:00,1778.9,0.0,0.0,16.0,1794.9,1720.7,1789.9,0.0,1840.1,0.0327,0.0465,gas-cc,gas-cc,0.0,0.0,0.0,0.0,0.0,0.0,0.0,0.0,0.0,0.0,0.0,0.0,0.0,0.0,0.0,0.0,0.0,0.0,152.1,2.9,0.29,18.0,1147.0,0.07,152.3,52.2,204.5,369.0,7.0,0.7,43.6,2784.2,0.16,369.3,126.6,495.9,32.03,0.0,0.0,32.03,33.59,0.0,0.0,33.59,0.0,0.0,0.0,3635.0,5.0,3629.9,0.0,0.0,0.0,0.0,0.0,0.0,0.0,0.0,0.0,0.0,0.0,0.0,0.0,5.0,0.0
2050-03-11 23:00:00,2050-03-11 21:00:00,1690.5,0.0,0.0,8.0,1698.6,1636.3,1695.5,0.0,898.6,0.0321,0.0442,gas-cc,gas-cc,0.0,0.0,0.0,0.0,0.0,0.0,0.0,0.0,0.0,0.0,0.0,0.0,0.0,0.0,0.0,0.0,0.0,0.0,149.0,2.8,0.28,17.6,1123.4,0.06,149.2,51.1,200.3,368.1,6.9,0.69,43.5,2777.4,0.16,368.5,126.3,494.7,32.03,0.0,0.0,32.03,33.51,0.0,0.0,33.51,0.0,0.0,0.0,2597.1,3.0,2594.1,0.0,0.0,0.0,0.0,0.0,0.0,0.0,0.0,0.0,0.0,0.0,0.0,0.0,3.0,0.0
2050-03-12 00:00:00,2050-03-11 22:00:00,1597.9,0.0,0.0,25.0,1622.9,1547.6,1620.8,0.0,2369.6,0.0314,0.0418,battery,gas-cc,0.0,0.0,0.0,0.0,0.0,0.0,0.0,0.0,0.0,0.0,0.0,0.0,0.0,0.0,0.0,0.0,0.0,0.0,143.1,2.7,0.27,16.9,1079.0,0.06,143.3,49.1,192.4,367.1,6.9,0.69,43.4,2770.4,0.16,367.5,126.0,493.5,34.82,0.0,0.0,34.82,36.34,0.0,0.0,36.34,0.0,0.0,0.0,3992.6,2.1,3990.5,0.0,0.0,0.0,0.0,0.0,0.0,0.0,0.0,0.0,0.0,0.0,0.0,0.0,2.1,0.0
2050-03-12 01:00:00,2050-03-11 23:00:00,1478.9,0.0,0.0,12.3,1491.3,1433.5,1489.6,0.0,1332.0,0.0307,0.0387,battery,gas-cc,0.0,0.0,0.0,0.0,0.0,0.0,0.0,0.0,0.0,0.0,0.0,0.0,0.0,0.0,0.0,0.0,0.0,0.0,142.9,2.7,0.27,16.9,1077.1,0.06,143.0,49.0,192.0,365.9,6.9,0.69,43.2,2761.5,0.16,366.3,125.6,491.9,34.82,0.0,0.0,34.82,36.22,0.0,0.0,36.22,0.0,0.0,0.0,2823.3,1.7,2821.5,0.0,0.0,0.0,0.0,0.0,0.0,0.0,0.0,0.0,0.0,0.0,0.0,0.0,1.7,0.0
2050-03-12 02:00:00,2050-03-12 00:00:00,1355.8,0.0,0.0,10.3,1366.1,1314.9,1364.7,0.0,1584.1,0.0302,0.0355,battery,gas-cc,0.0,0.0,0.0,0.0,0.0,0.0,0.0,0.0,0.0,0.0,0.0,0.0,0.0,0.0,0.0,0.0,0.0,0.0,142.8,2.7,0.27,16.9,1076.5,0.06,142.9,49.0,191.9,394.8,7.4,0.74,46.6,2979.1,0.17,395.2,135.5,530.7,34.82,0.0,0.0,34.82,36.1,0.0,0.0,36.1,0.0,0.0,0.0,2950.2,1.3,2948.9,0.0,0.0,0.0,0.0,0.0,0.0,0.0,0.0,0.0,0.0,0.0,0.0,0.0,1.3,0.0
2050-03-12 03:00:00,2050-03-12 01:00:00,1265.3,0.0,0.0,0.3,1265.5,1227.5,1263.9,17.9,0.0,0.0299,0.0331,gas-cc,gas-cc,0.0,0.0,0.0,0.0,0.0,0.0,0.0,0.0,0.0,0.0,0.0,0.0,0.0,0.0,0.0,0.0,0.0,0.0,144.4,2.7,0.27,17.1,1088.3,0.06,144.5,49.5,194.0,411.6,7.8,0.78,48.6,3105.8,0.18,412.0,141.2,553.2,28.31,0.0,0.0,28.31,29.28,0.0,0.0,29.28,0.0,0.0,0.0,1247.6,1.6,1246.0,0.0,0.0,0.0,0.0,0.0,0.0,0.0,0.0,0.0,0.0,0.0,0.0,0.0,1.6,0.0
2050-03-12 04:00:00,2050-03-12 02:00:00,1201.1,0.0,0.0,11.9,1212.9,1165.3,1211.3,1211.3,0.0,0.0297,0.0314,battery,gas-cc,0.0,0.0,0.0,0.0,0.0,0.0,0.0,0.0,0.0,0.0,0.0,0.0,2.0,4.6,0.04,0.0,2.1,2.1,146.4,2.8,0.28,17.3,1103.6,0.06,146.5,50.2,196.7,326.9,6.2,0.62,38.6,2466.7,0.14,327.2,112.2,439.4,24.64,0.0,0.0,24.64,25.44,0.0,0.0,25.44,0.0,0.0,0.0,1.7,1.7,0.0,0.0,0.0,0.0,0.0,0.0,0.0,0.0,0.0,0.0,0.0,0.0,0.0,0.0,1.7,0.0
2050-03-12 05:00:00,2050-03-12 03:00:00,1175.8,0.0,0.0,11.7,1187.5,1140.9,1185.9,1185.9,0.0,0.0297,0.0307,hydro,gas-cc,0.0,0.0,0.0,0.0,0.0,0.0,0.0,0.0,0.0,0.0,0.0,0.0,1.8,4.2,0.04,0.0,1.9,1.9,146.7,2.8,0.28,17.3,1106.3,0.06,146.9,50.3,197.2,360.0,6.8,0.68,42.5,2716.3,0.16,360.3,123.5,483.9,24.64,0.0,0.0,24.64,25.42,0.0,0.0,25.42,0.0,0.0,0.0,1.6,1.6,0.0,0.0,0.0,0.0,0.0,0.0,0.0,0.0,0.0,0.0,0.0,0.0,0.0,0.0,1.6,0.0
2050-03-12 06:00:00,2050-03-12 04:00:00,1154.7,0.0,0.0,11.6,1166.3,1120.4,1165.7,1165.7,0.0,0.0297,0.0302,hydro,gas-cc,0.0,0.0,0.0,0.0,0.0,0.0,0.0,0.0,0.0,0.0,0.0,0.0,1.9,4.4,0.04,0.0,2.0,2.0,146.1,2.8,0.28,17.3,1101.5,0.06,146.3,50.1,196.4,359.8,6.8,0.68,42.5,2714.7,0.16,360.1,123.4,483.6,24.64,0.0,0.0,24.64,25.41,0.0,0.0,25.41,0.0,0.0,0.0,0.6,0.6,0.0,0.0,0.0,0.0,0.0,0.0,0.0,0.0,0.0,0.0,0.0,0.0,0.0,0.0,0.6,0.0
2050-03-12 07:00:00,2050-03-12 05:00:00,1167.4,0.0,0.0,11.7,1179.0,1132.7,1178.1,1178.1,0.0,0.0297,0.0305,hydro,gas-cc,0.0,0.0,0.0,0.0,0.0,0.0,0.0,0.0,0.0,0.0,0.0,0.0,1.7,4.0,0.04,0.0,1.8,1.8,134.2,2.5,0.25,15.9,1012.1,0.06,134.4,46.0,180.4,359.9,6.8,0.68,42.5,2715.7,0.16,360.3,123.5,483.7,24.64,0.0,0.0,24.64,25.41,0.0,0.0,25.41,0.0,0.0,0.0,1.0,1.0,0.0,0.0,0.0,0.0,0.0,0.0,0.0,0.0,0.0,0.0,0.0,0.0,0.0,0.0,1.0,0.0
2050-03-12 08:00:00,2050-03-12 06:00:00,1222.1,0.0,0.0,7.4,1229.5,1185.7,368.8,445.3,76.5,0.0298,0.032,gas-cc,gas-cc,0.0,0.0,0.0,0.0,0.0,0.0,0.0,0.0,0.0,0.0,0.0,0.0,0.0,0.0,0.0,0.0,0.0,0.0,141.8,2.7,0.27,16.8,1069.0,0.06,141.9,48.6,190.6,363.4,6.8,0.68,42.9,2742.3,0.16,363.8,124.7,488.5,23.97,0.0,0.0,23.97,24.77,0.0,0.0,24.77,0.0,0.0,0.0,860.7,860.7,0.0,0.0,0.0,0.0,0.0,36.3,0.0,0.0,0.0,0.0,0.0,0.0,0.0,823.1,1.3,0.0
2050-03-12 09:00:00,2050-03-12 07:00:00,1298.9,1933.2,0.0,0.0,3232.2,1260.0,-0.0,0.0,0.0,0.03,0.034,upv,upv,0.0,0.0,0.0,0.0,0.0,0.0,0.0,0.0,0.0,0.0,0.0,0.0,0.0,0.0,0.0,0.0,0.0,0.0,139.7,2.6,0.26,16.5,1052.9,0.06,139.8,47.9,187.7,0.0,0.0,0.0,0.0,0.0,0.0,0.0,0.0,0.0,0.0,0.0,0.0,0.0,0.0,0.0,0.0,0.0,0.0,3975.3,3975.3,3232.2,3232.2,0.0,0.0,0.0,0.0,0.0,304.0,0.0,0.0,0.0,0.0,0.0,0.0,0.0,2926.3,1.8,0.0
2050-03-12 10:00:00,2050-03-12 08:00:00,1407.4,3990.5,0.0,0.0,5397.9,1364.6,0.0,0.0,0.0,0.0304,0.0368,upv,upv,0.0,0.0,0.0,0.0,0.0,0.0,0.0,0.0,0.0,0.0,0.0,0.0,0.0,0.0,0.0,0.0,0.0,0.0,139.7,2.6,0.26,16.5,1053.4,0.06,139.9,47.9,187.8,0.0,0.0,0.0,0.0,0.0,0.0,0.0,0.0,0.0,0.0,0.0,0.0,0.0,0.0,0.0,0.0,0.0,1.5,4547.2,4548.7,5397.9,5397.9,0.0,0.0,0.0,0.0,0.0,0.0,0.0,0.0,0.0,0.0,0.0,0.0,0.0,5397.9,0.0,0.0
2050-03-12 11:00:00,2050-03-12 09:00:00,1448.4,2845.7,0.0,0.0,4294.1,1404.1,0.0,0.0,0.0,0.0306,0.0379,upv,upv,0.0,0.0,0.0,0.0,0.0,0.0,0.0,0.0,0.0,0.0,0.0,0.0,0.0,0.0,0.0,0.0,0.0,0.0,139.8,2.6,0.26,16.5,1053.6,0.06,139.9,47.9,187.8,0.0,0.0,0.0,0.0,0.0,0.0,0.0,0.0,0.0,0.0,0.0,0.0,0.0,0.0,0.0,0.0,0.0,1.4,5617.2,5618.5,4294.1,4294.1,0.0,0.0,0.0,0.0,0.0,0.0,0.0,0.0,0.0,0.0,0.0,0.0,0.0,4294.1,0.0,0.0
2050-03-12 12:00:00,2050-03-12 10:00:00,1474.7,2850.6,0.0,0.0,4325.4,1429.4,0.0,0.0,0.0,0.0307,0.0386,upv,upv,0.0,0.0,0.0,0.0,0.0,0.0,0.0,0.0,0.0,0.0,0.0,0.0,0.0,0.0,0.0,0.0,0.0,0.0,139.8,2.6,0.26,16.5,1053.7,0.06,139.9,47.9,187.9,0.0,0.0,0.0,0.0,0.0,0.0,0.0,0.0,0.0,0.0,0.0,0.0,0.0,0.0,0.0,0.0,0.0,0.5,5053.0,5053.5,4325.4,4325.4,0.0,0.0,0.0,0.0,0.0,395.9,0.0,0.0,0.0,0.0,0.0,0.0,0.0,3929.5,0.0,0.0
2050-03-12 13:00:00,2050-03-12 11:00:00,1497.9,2821.5,0.0,0.0,4319.4,1451.7,0.0,0.0,0.0,0.0308,0.0392,upv,upv,0.0,0.0,0.0,0.0,0.0,0.0,0.0,0.0,0.0,0.0,0.0,0.0,0.0,0.0,0.0,0.0,0.0,0.0,139.8,2.6,0.26,16.5,1053.9,0.06,139.9,47.9,187.9,0.0,0.0,0.0,0.0,0.0,0.0,0.0,0.0,0.0,0.0,0.0,0.0,0.0,0.0,0.0,0.0,0.0,8.4,5187.2,5195.6,4319.4,4319.4,0.0,0.0,0.0,0.0,0.0,401.3,0.0,0.0,0.0,0.0,0.0,0.0,0.0,3918.1,0.0,0.0
2050-03-12 14:00:00,2050-03-12 12:00:00,1535.8,3432.3,0.0,0.0,4968.1,1488.1,0.0,0.0,0.0,0.0311,0.0402,upv,upv,0.0,0.0,0.0,0.0,0.0,0.0,0.0,0.0,0.0,0.0,0.0,0.0,0.0,0.0,0.0,0.0,0.0,0.0,139.8,2.6,0.26,16.5,1054.1,0.06,140.0,47.9,187.9,0.0,0.0,0.0,0.0,0.0,0.0,0.0,0.0,0.0,0.0,0.0,0.0,0.0,0.0,0.0,0.0,0.0,0.0,4877.6,4877.6,4968.1,4968.1,0.0,0.0,0.0,0.0,0.0,414.3,0.0,0.0,0.0,0.0,0.0,0.0,0.0,4524.9,28.8,0.0
2050-03-12 15:00:00,2050-03-12 13:00:00,1562.1,3629.9,0.0,0.0,5192.0,1513.3,0.0,0.0,0.0,0.0312,0.0409,upv,upv,0.0,0.0,0.0,0.0,0.0,0.0,0.0,0.0,0.0,0.0,0.0,0.0,0.0,0.0,0.0,0.0,0.0,0.0,139.8,2.6,0.26,16.5,1054.3,0.06,140.0,48.0,188.0,0.0,0.0,0.0,0.0,0.0,0.0,0.0,0.0,0.0,0.0,0.0,0.0,0.0,0.0,0.0,0.0,0.0,0.0,4423.3,4423.3,5192.0,5192.0,0.0,0.0,0.0,0.0,0.0,403.8,0.0,0.0,0.0,0.0,0.0,0.0,0.0,4740.2,48.0,0.0
2050-03-12 16:00:00,2050-03-12 14:00:00,1590.5,3629.9,0.0,0.0,5220.5,1540.6,0.0,0.0,0.0,0.0314,0.0416,upv,upv,0.0,0.0,0.0,0.0,0.0,0.0,0.0,0.0,0.0,0.0,0.0,0.0,0.0,0.0,0.0,0.0,0.0,0.0,139.9,2.6,0.26,16.5,1054.5,0.06,140.0,48.0,188.0,0.0,0.0,0.0,0.0,0.0,0.0,0.0,0.0,0.0,0.0,0.0,0.0,0.0,0.0,0.0,0.0,0.0,0.0,4617.0,4617.0,5220.5,5220.5,0.0,0.0,0.0,0.0,0.0,412.9,0.0,0.0,0.0,0.0,0.0,0.0,0.0,4753.3,54.3,0.0
2050-03-12 17:00:00,2050-03-12 15:00:00,1615.8,3600.8,0.0,0.0,5216.6,1564.8,0.0,0.0,0.0,0.0316,0.0423,upv,upv,0.0,0.0,0.0,0.0,0.0,0.0,0.0,0.0,0.0,0.0,0.0,0.0,0.0,0.0,0.0,0.0,0.0,0.0,139.9,2.6,0.26,16.5,1054.7,0.06,140.0,48.0,188.0,0.0,0.0,0.0,0.0,0.0,0.0,0.0,0.0,0.0,0.0,0.0,0.0,0.0,0.0,0.0,0.0,0.0,0.0,4713.6,4713.6,5216.6,5216.6,0.0,0.0,0.0,0.0,0.0,416.5,0.0,0.0,0.0,0.0,0.0,0.0,0.0,4734.2,66.0,0.0
2050-03-12 18:00:00,2050-03-12 16:00:00,1698.9,2431.9,0.0,0.0,4130.8,1644.3,0.0,0.0,0.0,0.0321,0.0444,upv,upv,0.0,0.0,0.0,0.0,0.0,0.0,0.0,0.0,0.0,0.0,0.0,0.0,0.0,0.0,0.0,0.0,0.0,0.0,140.0,2.6,0.26,16.5,1055.3,0.06,140.1,48.0,188.1,0.0,0.0,0.0,0.0,0.0,0.0,0.0,0.0,0.0,0.0,0.0,0.0,0.0,0.0,0.0,0.0,0.0,0.0,3932.3,3932.3,4130.8,4130.8,0.0,0.0,0.0,0.0,0.0,336.9,0.0,0.0,0.0,0.0,0.0,0.0,0.0,3712.5,81.4,0.0
2050-03-12 19:00:00,2050-03-12 17:00:00,1740.0,0.0,0.0,13.3,1753.3,1683.6,-505.9,445.3,980.3,0.0324,0.0455,battery,distpv,0.0,0.0,0.0,0.0,0.0,0.0,0.0,0.0,0.0,0.0,0.0,0.0,0.0,0.0,0.0,0.0,0.0,0.0,145.7,2.7,0.28,17.2,1098.4,0.06,145.8,50.0,195.8,0.0,0.0,0.0,0.0,0.0,0.0,0.0,0.0,0.0,6.37,0.0,0.0,6.37,6.68,0.0,0.0,6.68,0.0,0.0,0.0,2288.2,2259.1,29.1,0.0,0.0,0.0,0.0,92.0,0.0,0.0,0.0,0.0,0.0,0.0,0.0,2088.9,78.2,0.0
2050-03-12 20:00:00,2050-03-12 18:00:00,1816.8,0.0,0.0,16.1,1832.9,1756.8,1757.2,445.3,1415.6,0.033,0.0475,battery,distpv,0.0,0.0,0.0,0.0,0.0,0.0,0.0,0.0,0.0,0.0,0.0,0.0,0.0,0.0,0.0,0.0,0.0,0.0,143.3,2.7,0.27,16.9,1080.2,0.06,143.4,49.1,192.6,0.0,0.0,0.0,0.0,0.0,0.0,0.0,0.0,0.0,6.37,0.0,0.0,6.37,6.69,0.0,0.0,6.69,0.0,0.0,0.0,2803.3,75.7,2727.5,0.0,0.0,0.0,0.0,0.0,0.0,0.0,0.0,0.0,0.0,0.0,0.0,0.0,75.7,0.0
2050-03-12 21:00:00,2050-03-12 19:00:00,1866.3,0.0,0.0,13.9,1880.2,1803.9,1806.6,445.3,1070.6,0.0334,0.0488,battery,distpv,0.0,0.0,0.0,0.0,0.0,0.0,0.0,0.0,0.0,0.0,0.0,0.0,0.0,0.0,0.0,0.0,0.0,0.0,142.8,2.7,0.27,16.9,1076.6,0.06,143.0,49.0,191.9,0.0,0.0,0.0,0.0,0.0,0.0,0.0,0.0,0.0,6.37,0.0,0.0,6.37,6.7,0.0,0.0,6.7,0.0,0.0,0.0,2505.5,73.6,2431.9,0.0,0.0,0.0,0.0,0.0,0.0,0.0,0.0,0.0,0.0,0.0,0.0,0.0,73.6,0.0
2050-03-12 22:00:00,2050-03-12 20:00:00,1811.6,0.0,0.0,17.6,1829.1,1751.8,1759.8,445.3,1640.0,0.033,0.0474,battery,distpv,0.0,0.0,0.0,0.0,0.0,0.0,0.0,0.0,0.0,0.0,0.0,0.0,0.0,0.0,0.0,0.0,0.0,0.0,147.8,2.8,0.28,17.5,1114.6,0.06,148.0,50.7,198.7,0.0,0.0,0.0,0.0,0.0,0.0,0.0,0.0,0.0,6.37,0.0,0.0,6.37,6.69,0.0,0.0,6.69,0.0,0.0,0.0,3023.8,69.3,2954.5,0.0,0.0,0.0,0.0,0.0,0.0,0.0,0.0,0.0,0.0,0.0,0.0,0.0,69.3,0.0
2050-03-12 23:00:00,2050-03-12 21:00:00,1716.8,0.0,0.0,11.5,1728.3,1661.4,1689.7,445.3,703.8,0.0323,0.0449,battery,wind-ons,0.0,0.0,0.0,0.0,0.0,0.0,0.0,0.0,0.0,0.0,0.0,0.0,0.0,0.0,0.0,0.0,0.0,0.0,146.8,2.8,0.28,17.3,1106.6,0.06,146.9,50.3,197.3,0.0,0.0,0.0,0.0,0.0,0.0,0.0,0.0,0.0,6.37,0.0,0.0,6.37,6.67,0.0,0.0,6.67,0.0,0.0,0.0,1986.9,38.6,1948.2,0.0,0.0,0.0,0.0,0.0,0.0,0.0,0.0,0.0,0.0,0.0,0.0,0.0,38.6,0.0
2050-03-13 00:00:00,2050-03-12 22:00:00,1590.5,0.0,0.0,14.3,1604.8,1540.6,1582.9,445.3,1140.9,0.0314,0.0416,battery,distpv,0.0,0.0,0.0,0.0,0.0,0.0,0.0,0.0,0.0,0.0,0.0,0.0,0.0,0.0,0.0,0.0,0.0,0.0,149.9,2.8,0.28,17.7,1129.9,0.07,150.0,51.4,201.4,0.0,0.0,0.0,0.0,0.0,0.0,0.0,0.0,0.0,11.09,0.0,0.0,11.09,11.58,0.0,0.0,11.58,0.0,0.0,0.0,2300.5,22.0,2278.5,0.0,0.0,0.0,0.0,0.0,0.0,0.0,0.0,0.0,0.0,0.0,0.0,0.0,22.0,0.0
2050-03-13 01:00:00,2050-03-12 23:00:00,1455.8,0.0,0.0,16.9,1472.7,1411.2,1455.0,445.3,1545.5,0.0306,0.0381,battery,distpv,0.0,0.0,0.0,0.0,0.0,0.0,0.0,0.0,0.0,0.0,0.0,0.0,0.0,0.0,0.0,0.0,0.0,0.0,146.4,2.8,0.28,17.3,1104.0,0.06,146.6,50.2,196.8,0.0,0.0,0.0,0.0,0.0,0.0,0.0,0.0,0.0,11.09,0.0,0.0,11.09,11.53,0.0,0.0,11.53,0.0,0.0,0.0,2572.9,17.8,2555.1,0.0,0.0,0.0,0.0,0.0,0.0,0.0,0.0,0.0,0.0,0.0,0.0,0.0,17.8,0.0
2050-03-13 02:00:00,2050-03-13 00:00:00,1325.3,0.0,0.0,7.1,1332.4,1285.4,1316.1,445.3,31.6,0.0301,0.0347,battery,distpv,0.0,0.0,0.0,0.0,0.0,0.0,0.0,0.0,0.0,0.0,0.0,0.0,0.0,0.0,0.0,0.0,0.0,0.0,154.9,2.9,0.29,18.3,1167.9,0.07,155.1,53.1,208.2,0.0,0.0,0.0,0.0,0.0,0.0,0.0,0.0,0.0,11.09,0.0,0.0,11.09,11.49,0.0,0.0,11.49,0.0,0.0,0.0,918.7,16.3,902.4,0.0,0.0,0.0,0.0,0.0,0.0,0.0,0.0,0.0,0.0,0.0,0.0,0.0,16.3,0.0
2050-03-13 03:00:00,2050-03-13 01:00:00,1252.6,0.0,0.0,16.1,1268.8,1215.3,1250.6,445.3,1420.6,0.0298,0.0328,battery,distpv,0.0,0.0,0.0,0.0,0.0,0.0,0.0,0.0,0.0,0.0,0.0,0.0,0.0,0.0,0.0,0.0,0.0,0.0,179.5,3.4,0.34,21.2,1353.7,0.08,179.7,61.6,241.2,0.0,0.0,0.0,0.0,0.0,0.0,0.0,0.0,0.0,11.09,0.0,0.0,11.09,11.47,0.0,0.0,11.47,0.0,0.0,0.0,2244.0,18.1,2225.9,0.0,0.0,0.0,0.0,0.0,0.0,0.0,0.0,0.0,0.0,0.0,0.0,0.0,18.1,0.0
2050-03-13 04:00:00,2050-03-13 02:00:00,1203.2,0.0,0.0,7.1,1210.3,1167.4,1195.9,445.3,34.5,0.0297,0.0315,battery,distpv,0.0,0.0,0.0,0.0,0.0,0.0,0.0,0.0,0.0,0.0,0.0,0.0,0.0,0.0,0.0,0.0,0.0,0.0,194.1,3.7,0.37,22.9,1463.7,0.08,194.3,66.6,260.8,0.0,0.0,0.0,0.0,0.0,0.0,0.0,0.0,0.0,11.09,0.0,0.0,11.09,11.45,0.0,0.0,11.45,0.0,0.0,0.0,799.4,14.3,785.1,0.0,0.0,0.0,0.0,0.0,0.0,0.0,0.0,0.0,0.0,0.0,0.0,0.0,14.3,0.0
2050-03-13 05:00:00,2050-03-13 03:00:00,1170.5,0.0,0.0,17.3,1187.8,1135.8,1174.1,445.3,1595.9,0.0297,0.0306,battery,distpv,0.0,0.0,0.0,0.0,0.0,0.0,0.0,0.0,0.0,0.0,0.0,0.0,0.0,0.0,0.0,0.0,0.0,0.0,142.4,2.7,0.27,16.8,1073.6,0.06,142.6,48.8,191.4,0.0,0.0,0.0,0.0,0.0,0.0,0.0,0.0,0.0,11.09,0.0,0.0,11.09,11.44,0.0,0.0,11.44,0.0,0.0,0.0,2338.4,13.7,2324.7,0.0,0.0,0.0,0.0,0.0,0.0,0.0,0.0,0.0,0.0,0.0,0.0,0.0,13.7,0.0
2050-03-13 06:00:00,2050-03-13 04:00:00,1188.4,0.0,0.0,14.8,1203.3,1153.1,1192.1,445.3,1219.7,0.0297,0.0311,battery,distpv,0.0,0.0,0.0,0.0,0.0,0.0,0.0,0.0,0.0,0.0,0.0,0.0,0.0,0.0,0.0,0.0,0.0,0.0,143.5,2.7,0.27,17.0,1082.1,0.06,143.7,49.2,192.9,0.0,0.0,0.0,0.0,0.0,0.0,0.0,0.0,0.0,11.09,0.0,0.0,11.09,11.45,0.0,0.0,11.45,0.0,0.0,0.0,1977.6,11.1,1966.5,0.0,0.0,0.0,0.0,0.0,0.0,0.0,0.0,0.0,0.0,0.0,0.0,0.0,11.1,0.0
2050-03-13 07:00:00,2050-03-13 05:00:00,1270.5,0.0,0.0,16.3,1286.8,1232.6,1278.5,445.3,1442.3,0.0299,0.0332,battery,distpv,0.0,0.0,0.0,0.0,0.0,0.0,0.0,0.0,0.0,0.0,0.0,0.0,0.0,0.0,0.0,0.0,0.0,0.0,142.3,2.7,0.27,16.8,1072.6,0.06,142.4,48.8,191.2,0.0,0.0,0.0,0.0,0.0,0.0,0.0,0.0,0.0,11.09,0.0,0.0,11.09,11.47,0.0,0.0,11.47,0.0,0.0,0.0,2283.8,8.3,2275.4,0.0,0.0,0.0,0.0,0.0,0.0,0.0,0.0,0.0,0.0,0.0,0.0,0.0,8.3,0.0
2050-03-13 08:00:00,2050-03-13 06:00:00,1420.0,0.0,0.0,13.7,1433.7,1376.8,486.4,445.3,1045.5,0.0304,0.0371,battery,distpv,0.0,0.0,0.0,0.0,0.0,0.0,0.0,0.0,0.0,0.0,0.0,0.0,0.0,0.0,0.0,0.0,0.0,0.0,141.7,2.7,0.27,16.7,1068.3,0.06,141.9,48.6,190.5,0.0,0.0,0.0,0.0,0.0,0.0,0.0,0.0,0.0,11.09,0.0,0.0,11.09,11.52,0.0,0.0,11.52,0.0,0.0,0.0,2033.9,947.3,1086.7,0.0,0.0,0.0,0.0,39.8,0.0,0.0,0.0,0.0,0.0,0.0,0.0,902.3,5.2,0.0
2050-03-13 09:00:00,2050-03-13 07:00:00,1582.1,2366.0,0.0,0.0,3948.1,1532.5,0.0,0.0,0.0,0.0313,0.0414,upv,upv,0.0,0.0,0.0,0.0,0.0,0.0,0.0,0.0,0.0,0.0,0.0,0.0,0.0,0.0,0.0,0.0,0.0,0.0,139.9,2.6,0.26,16.5,1054.4,0.06,140.0,48.0,188.0,0.0,0.0,0.0,0.0,0.0,0.0,0.0,0.0,0.0,0.0,0.0,0.0,0.0,0.0,0.0,0.0,0.0,3.3,3500.5,3503.8,3948.1,3948.1,0.0,0.0,0.0,0.0,0.0,314.3,0.0,0.0,0.0,0.0,0.0,0.0,0.0,3633.8,0.0,0.0
2050-03-13 10:00:00,2050-03-13 08:00:00,1704.2,2788.6,0.0,0.0,4492.8,1649.4,0.0,0.0,0.0,0.0322,0.0446,upv,upv,0.0,0.0,0.0,0.0,0.0,0.0,0.0,0.0,0.0,0.0,0.0,0.0,0.0,0.0,0.0,0.0,0.0,0.0,140.0,2.6,0.26,16.5,1055.3,0.06,140.1,48.0,188.1,0.0,0.0,0.0,0.0,0.0,0.0,0.0,0.0,0.0,0.0,0.0,0.0,0.0,0.0,0.0,0.0,0.0,2.6,5816.7,5819.3,4492.8,4492.8,0.0,0.0,0.0,0.0,0.0,435.2,0.0,0.0,0.0,0.0,0.0,0.0,0.0,4057.6,0.0,0.0
2050-03-13 11:00:00,2050-03-13 09:00:00,1706.3,2850.6,0.0,0.0,4556.9,1651.4,0.0,0.0,0.0,0.0322,0.0446,upv,upv,0.0,0.0,0.0,0.0,0.0,0.0,0.0,0.0,0.0,0.0,0.0,0.0,0.0,0.0,0.0,0.0,0.0,0.0,140.0,2.6,0.26,16.5,1055.4,0.06,140.1,48.0,188.1,0.0,0.0,0.0,0.0,0.0,0.0,0.0,0.0,0.0,0.0,0.0,0.0,0.0,0.0,0.0,0.0,0.0,2.2,5752.6,5754.8,4556.9,4556.9,0.0,0.0,0.0,0.0,0.0,435.2,0.0,0.0,0.0,0.0,0.0,0.0,0.0,4121.7,0.0,0.0
2050-03-13 12:00:00,2050-03-13 10:00:00,1662.1,4019.6,0.0,0.0,5681.7,1609.1,0.0,0.0,0.0,0.0319,0.0435,upv,upv,0.0,0.0,0.0,0.0,0.0,0.0,0.0,0.0,0.0,0.0,0.0,0.0,0.0,0.0,0.0,0.0,0.0,0.0,139.9,2.6,0.26,16.5,1055.0,0.06,140.1,48.0,188.1,0.0,0.0,0.0,0.0,0.0,0.0,0.0,0.0,0.0,0.0,0.0,0.0,0.0,0.0,0.0,0.0,0.0,1.5,4627.9,4629.4,5681.7,5681.7,0.0,0.0,0.0,0.0,0.0,0.0,0.0,0.0,0.0,0.0,0.0,0.0,0.0,5681.7,0.0,0.0
2050-03-13 13:00:00,2050-03-13 11:00:00,1613.7,2788.6,0.0,0.0,4402.3,1562.8,0.0,0.0,0.0,0.0315,0.0422,upv,upv,0.0,0.0,0.0,0.0,0.0,0.0,0.0,0.0,0.0,0.0,0.0,0.0,0.0,0.0,0.0,0.0,0.0,0.0,139.9,2.6,0.26,16.5,1054.7,0.06,140.0,48.0,188.0,0.0,0.0,0.0,0.0,0.0,0.0,0.0,0.0,0.0,0.0,0.0,0.0,0.0,0.0,0.0,0.0,0.0,2.4,5866.7,5869.0,4402.3,4402.3,0.0,0.0,0.0,0.0,0.0,0.0,0.0,0.0,0.0,0.0,0.0,0.0,0.0,4402.3,0.0,0.0
2050-03-13 14:00:00,2050-03-13 12:00:00,1608.4,3854.9,0.0,0.0,5463.3,1557.7,0.0,0.0,0.0,0.0315,0.0421,upv,upv,0.0,0.0,0.0,0.0,0.0,0.0,0.0,0.0,0.0,0.0,0.0,0.0,0.0,0.0,0.0,0.0,0.0,0.0,139.9,2.6,0.26,16.5,1054.6,0.06,140.0,48.0,188.0,0.0,0.0,0.0,0.0,0.0,0.0,0.0,0.0,0.0,0.0,0.0,0.0,0.0,0.0,0.0,0.0,0.0,0.0,4750.1,4750.1,5463.3,5463.3,0.0,0.0,0.0,0.0,0.0,430.9,0.0,0.0,0.0,0.0,0.0,0.0,0.0,5027.3,5.1,0.0
2050-03-13 15:00:00,2050-03-13 13:00:00,1633.7,2461.0,0.0,0.0,4094.7,1581.9,0.0,0.0,0.0,0.0317,0.0427,upv,upv,0.0,0.0,0.0,0.0,0.0,0.0,0.0,0.0,0.0,0.0,0.0,0.0,0.0,0.0,0.0,0.0,0.0,0.0,139.9,2.6,0.26,16.5,1054.8,0.06,140.1,48.0,188.0,0.0,0.0,0.0,0.0,0.0,0.0,0.0,0.0,0.0,0.0,0.0,0.0,0.0,0.0,0.0,0.0,0.0,9.0,6133.7,6142.8,4094.7,4094.7,0.0,0.0,0.0,0.0,0.0,431.6,0.0,0.0,0.0,0.0,0.0,0.0,0.0,3663.0,0.0,0.0
2050-03-13 16:00:00,2050-03-13 14:00:00,1633.7,2835.5,0.0,0.0,4469.2,1581.9,0.0,0.0,0.0,0.0317,0.0427,upv,upv,0.0,0.0,0.0,0.0,0.0,0.0,0.0,0.0,0.0,0.0,0.0,0.0,0.0,0.0,0.0,0.0,0.0,0.0,139.9,2.6,0.26,16.5,1054.8,0.06,140.1,48.0,188.0,0.0,0.0,0.0,0.0,0.0,0.0,0.0,0.0,0.0,0.0,0.0,0.0,0.0,0.0,0.0,0.0,0.0,13.9,5752.4,5766.2,4469.2,4469.2,0.0,0.0,0.0,0.0,0.0,0.0,0.0,0.0,0.0,0.0,0.0,0.0,0.0,4469.2,0.0,0.0
2050-03-13 17:00:00,2050-03-13 15:00:00,1698.9,3600.8,0.0,0.0,5299.8,1644.3,0.0,0.0,0.0,0.0321,0.0444,upv,upv,0.0,0.0,0.0,0.0,0.0,0.0,0.0,0.0,0.0,0.0,0.0,0.0,0.0,0.0,0.0,0.0,0.0,0.0,140.0,2.6,0.26,16.5,1055.3,0.06,140.1,48.0,188.1,0.0,0.0,0.0,0.0,0.0,0.0,0.0,0.0,0.0,0.0,0.0,0.0,0.0,0.0,0.0,0.0,0.0,22.9,4732.9,4755.8,5299.8,5299.8,0.0,0.0,0.0,0.0,0.0,423.3,0.0,0.0,0.0,0.0,0.0,0.0,0.0,4876.5,0.0,0.0
2050-03-13 18:00:00,2050-03-13 16:00:00,1781.1,3600.8,0.0,0.0,5381.9,1722.7,-0.0,0.0,0.0,0.0328,0.0466,upv,upv,0.0,0.0,0.0,0.0,0.0,0.0,0.0,0.0,0.0,0.0,0.0,0.0,0.0,0.0,0.0,0.0,0.0,0.0,140.1,2.6,0.27,16.5,1056.0,0.06,140.2,48.0,188.3,0.0,0.0,0.0,0.0,0.0,0.0,0.0,0.0,0.0,0.0,0.0,0.0,0.0,0.0,0.0,0.0,0.0,29.9,2761.8,2791.6,5381.9,5381.9,0.0,0.0,0.0,0.0,0.0,343.7,0.0,0.0,0.0,0.0,0.0,0.0,0.0,5038.1,0.0,0.0
2050-03-13 19:00:00,2050-03-13 17:00:00,1868.4,0.0,0.0,10.7,1879.1,1805.9,-328.1,0.0,1640.0,0.0335,0.0489,battery,distpv,0.0,0.0,0.0,0.0,0.0,0.0,0.0,0.0,0.0,0.0,0.0,0.0,0.0,0.0,0.0,0.0,0.0,0.0,142.5,2.7,0.27,16.8,1074.6,0.06,142.7,48.9,191.6,0.0,0.0,0.0,0.0,0.0,0.0,0.0,0.0,0.0,11.09,0.0,0.0,11.09,11.66,0.0,0.0,11.66,0.0,0.0,0.0,3519.0,2207.2,1311.9,0.0,0.0,0.0,0.0,91.0,0.0,0.0,0.0,0.0,0.0,0.0,0.0,2064.7,51.5,0.0
2050-03-13 20:00:00,2050-03-13 18:00:00,1997.9,0.0,0.0,10.7,2008.6,1928.8,1947.8,0.0,1640.0,0.0346,0.0522,battery,distpv,0.0,0.0,0.0,0.0,0.0,0.0,0.0,0.0,0.0,0.0,0.0,0.0,0.0,0.0,0.0,0.0,0.0,0.0,137.8,2.6,0.26,16.3,1038.7,0.06,137.9,47.2,185.2,0.0,0.0,0.0,0.0,0.0,0.0,0.0,0.0,0.0,11.09,0.0,0.0,11.09,11.71,0.0,0.0,11.71,0.0,0.0,0.0,3648.5,60.8,3587.8,0.0,0.0,0.0,0.0,0.0,0.0,0.0,0.0,0.0,0.0,0.0,0.0,0.0,60.8,0.0
2050-03-13 21:00:00,2050-03-13 19:00:00,2049.5,0.0,0.0,0.8,2050.2,1977.7,1994.8,0.0,118.0,0.035,0.0536,battery,distpv,0.0,0.0,0.0,0.0,0.0,0.0,0.0,0.0,0.0,0.0,0.0,0.0,0.0,0.0,0.0,0.0,0.0,0.0,143.6,2.7,0.27,17.0,1082.3,0.06,143.7,49.2,192.9,0.0,0.0,0.0,0.0,0.0,0.0,0.0,0.0,0.0,11.09,0.0,0.0,11.09,11.72,0.0,0.0,11.72,0.0,0.0,0.0,2168.2,55.5,2112.7,0.0,0.0,0.0,0.0,0.0,0.0,0.0,0.0,0.0,0.0,0.0,0.0,0.0,55.5,0.0
2050-03-13 22:00:00,2050-03-13 20:00:00,1948.4,0.0,0.0,0.0,1948.4,1881.9,1907.0,0.0,0.0,0.0341,0.051,battery,distpv,0.0,0.0,0.0,0.0,0.0,0.0,0.0,0.0,0.0,0.0,0.0,0.0,0.0,0.0,0.0,0.0,0.0,0.0,139.8,2.6,0.26,16.5,1053.8,0.06,139.9,47.9,187.9,0.0,0.0,0.0,0.0,0.0,0.0,0.0,0.0,0.0,11.09,0.0,0.0,11.09,11.69,0.0,0.0,11.69,0.0,0.0,0.0,1948.4,41.4,1907.0,0.0,0.0,0.0,0.0,0.0,0.0,0.0,0.0,0.0,0.0,0.0,0.0,0.0,41.4,0.0
2050-03-13 23:00:00,2050-03-13 21:00:00,1804.2,0.0,0.0,5.0,1809.2,1744.8,1784.9,319.5,0.0,0.0329,0.0472,battery,distpv,0.0,0.0,0.0,0.0,0.0,0.0,0.0,0.0,0.0,0.0,0.0,0.0,0.0,0.0,0.0,0.0,0.0,0.0,141.4,2.7,0.27,16.7,1066.3,0.06,141.6,48.5,190.1,0.0,0.0,0.0,0.0,0.0,0.0,0.0,0.0,0.0,11.09,0.0,0.0,11.09,11.64,0.0,0.0,11.64,0.0,0.0,0.0,1489.7,24.3,1465.4,0.0,0.0,0.0,0.0,0.0,0.0,0.0,0.0,0.0,0.0,0.0,0.0,0.0,24.3,0.0
2050-03-14 00:00:00,2050-03-13 22:00:00,1654.7,0.0,0.0,14.7,1669.5,1602.1,1660.4,263.8,1640.0,0.0318,0.0433,battery,gas-cc,0.0,0.0,0.0,0.0,0.0,0.0,0.0,0.0,0.0,0.0,0.0,0.0,0.0,0.0,0.0,0.0,0.0,0.0,151.6,2.9,0.29,17.9,1142.8,0.07,151.7,52.0,203.7,330.9,6.2,0.62,39.1,2497.3,0.14,331.3,113.6,444.8,23.88,0.0,0.0,23.88,24.96,0.0,0.0,24.96,0.0,0.0,0.0,3045.6,9.1,3036.5,0.0,0.0,0.0,0.0,0.0,0.0,0.0,0.0,0.0,0.0,0.0,0.0,0.0,9.1,0.0
2050-03-14 01:00:00,2050-03-13 23:00:00,1489.5,0.0,0.0,12.7,1502.2,1443.6,1499.8,445.3,893.8,0.0308,0.039,battery,gas-cc,0.0,0.0,0.0,0.0,0.0,0.0,0.0,0.0,0.0,0.0,0.0,0.0,0.0,0.0,0.0,0.0,0.0,0.0,142.5,2.7,0.27,16.8,1074.5,0.06,142.7,48.9,191.6,371.0,7.0,0.7,43.8,2799.6,0.16,371.4,127.3,498.7,23.88,0.0,0.0,23.88,24.85,0.0,0.0,24.85,0.0,0.0,0.0,1950.7,2.4,1948.2,0.0,0.0,0.0,0.0,0.0,0.0,0.0,0.0,0.0,0.0,0.0,0.0,0.0,2.4,0.0
2050-03-14 02:00:00,2050-03-14 00:00:00,1348.4,0.0,0.0,11.6,1360.0,1307.8,1358.8,364.8,908.5,0.0301,0.0353,battery,gas-cc,0.0,0.0,0.0,0.0,0.0,0.0,0.0,0.0,0.0,0.0,0.0,0.0,0.0,0.0,0.0,0.0,0.0,0.0,143.2,2.7,0.27,16.9,1079.3,0.06,143.3,49.1,192.4,369.0,7.0,0.7,43.6,2784.9,0.16,369.4,126.6,496.1,23.88,0.0,0.0,23.88,24.75,0.0,0.0,24.75,0.0,0.0,0.0,1903.7,1.2,1902.5,0.0,0.0,0.0,0.0,0.0,0.0,0.0,0.0,0.0,0.0,0.0,0.0,0.0,1.2,0.0
2050-03-14 03:00:00,2050-03-14 01:00:00,1260.0,0.0,0.0,15.4,1275.4,1222.4,1272.4,445.3,1308.4,0.0299,0.033,battery,gas-cc,0.0,0.0,0.0,0.0,0.0,0.0,0.0,0.0,0.0,0.0,0.0,0.0,0.0,0.0,0.0,0.0,0.0,0.0,148.0,2.8,0.28,17.5,1116.1,0.06,148.2,50.8,199.0,368.7,6.9,0.69,43.6,2782.2,0.16,369.1,126.5,495.6,23.88,0.0,0.0,23.88,24.69,0.0,0.0,24.69,0.0,0.0,0.0,2138.5,3.0,2135.6,0.0,0.0,0.0,0.0,0.0,0.0,0.0,0.0,0.0,0.0,0.0,0.0,0.0,3.0,0.0
2050-03-14 04:00:00,2050-03-14 02:00:00,1206.3,0.0,0.0,13.5,1219.8,1170.4,1216.1,246.1,1482.6,0.0297,0.0315,battery,gas-cc,0.0,0.0,0.0,0.0,0.0,0.0,0.0,0.0,0.0,0.0,0.0,0.0,0.0,0.0,0.0,0.0,0.0,0.0,142.1,2.7,0.27,16.8,1071.0,0.06,142.2,48.7,190.9,367.6,6.9,0.69,43.4,2774.2,0.16,368.0,126.1,494.2,23.88,0.0,0.0,23.88,24.66,0.0,0.0,24.66,0.0,0.0,0.0,2456.3,3.7,2452.6,0.0,0.0,0.0,0.0,0.0,0.0,0.0,0.0,0.0,0.0,0.0,0.0,0.0,3.7,0.0
2050-03-14 05:00:00,2050-03-14 03:00:00,1177.9,0.0,0.0,14.1,1192.0,1142.9,1187.5,445.3,1104.9,0.0297,0.0308,battery,gas-cc,0.0,0.0,0.0,0.0,0.0,0.0,0.0,0.0,0.0,0.0,0.0,0.0,0.0,0.0,0.0,0.0,0.0,0.0,145.9,2.8,0.28,17.2,1099.9,0.06,146.0,50.0,196.1,367.3,6.9,0.69,43.4,2772.1,0.16,367.7,126.0,493.8,23.88,0.0,0.0,23.88,24.64,0.0,0.0,24.64,0.0,0.0,0.0,1851.6,4.5,1847.1,0.0,0.0,0.0,0.0,0.0,0.0,0.0,0.0,0.0,0.0,0.0,0.0,0.0,4.5,0.0
2050-03-14 06:00:00,2050-03-14 04:00:00,1193.7,0.0,0.0,8.9,1202.6,1158.2,1199.2,445.3,303.8,0.0297,0.0312,battery,gas-cc,0.0,0.0,0.0,0.0,0.0,0.0,0.0,0.0,0.0,0.0,0.0,0.0,0.0,0.0,0.0,0.0,0.0,0.0,142.6,2.7,0.27,16.8,1074.8,0.06,142.7,48.9,191.6,368.0,6.9,0.69,43.5,2777.2,0.16,368.4,126.3,494.7,23.88,0.0,0.0,23.88,24.65,0.0,0.0,24.65,0.0,0.0,0.0,1061.0,3.3,1057.7,0.0,0.0,0.0,0.0,0.0,0.0,0.0,0.0,0.0,0.0,0.0,0.0,0.0,3.3,0.0
2050-03-14 07:00:00,2050-03-14 05:00:00,1273.7,0.0,0.0,3.4,1277.0,1235.6,1274.1,177.0,95.6,0.0299,0.0333,battery,gas-cc,0.0,0.0,0.0,0.0,0.0,0.0,0.0,0.0,0.0,0.0,0.0,0.0,0.0,0.0,0.0,0.0,0.0,0.0,142.7,2.7,0.27,16.9,1075.5,0.06,142.8,48.9,191.7,368.3,6.9,0.69,43.5,2779.3,0.16,368.7,126.4,495.1,23.88,0.0,0.0,23.88,24.7,0.0,0.0,24.7,0.0,0.0,0.0,1195.7,2.9,1192.7,0.0,0.0,0.0,0.0,0.0,0.0,0.0,0.0,0.0,0.0,0.0,0.0,0.0,2.9,0.0
2050-03-14 08:00:00,2050-03-14 06:00:00,1425.3,0.0,0.0,11.0,1436.3,1381.8,344.4,445.3,634.7,0.0305,0.0373,battery,gas-cc,0.0,0.0,0.0,0.0,0.0,0.0,0.0,0.0,0.0,0.0,0.0,0.0,0.0,0.0,0.0,0.0,0.0,0.0,144.7,2.7,0.27,17.1,1090.8,0.06,144.8,49.6,194.5,369.8,7.0,0.7,43.7,2790.7,0.16,370.2,126.9,497.1,23.88,0.0,0.0,23.88,24.8,0.0,0.0,24.8,0.0,0.0,0.0,1625.7,1091.9,533.7,0.0,0.0,0.0,0.0,45.9,0.0,0.0,0.0,0.0,0.0,0.0,0.0,1042.8,3.1,0.0
2050-03-14 09:00:00,2050-03-14 07:00:00,1577.9,2937.4,0.0,0.0,4515.3,1528.5,0.0,0.0,0.0,0.0313,0.0413,upv,upv,0.0,0.0,0.0,0.0,0.0,0.0,0.0,0.0,0.0,0.0,0.0,0.0,0.0,0.0,0.0,0.0,0.0,0.0,139.9,2.6,0.26,16.5,1054.4,0.06,140.0,48.0,188.0,0.0,0.0,0.0,0.0,0.0,0.0,0.0,0.0,0.0,0.0,0.0,0.0,0.0,0.0,0.0,0.0,0.0,6.9,3378.6,3385.5,4515.3,4515.3,0.0,0.0,0.0,0.0,0.0,333.1,0.0,0.0,0.0,0.0,0.0,0.0,0.0,4182.2,0.0,0.0
2050-03-14 10:00:00,2050-03-14 08:00:00,1695.8,3990.5,0.0,0.0,5686.3,1641.3,0.0,0.0,0.0,0.0321,0.0443,upv,upv,0.0,0.0,0.0,0.0,0.0,0.0,0.0,0.0,0.0,0.0,0.0,0.0,0.0,0.0,0.0,0.0,0.0,0.0,140.0,2.6,0.26,16.5,1055.3,0.06,140.1,48.0,188.1,0.0,0.0,0.0,0.0,0.0,0.0,0.0,0.0,0.0,0.0,0.0,0.0,0.0,0.0,0.0,0.0,0.0,4.2,4623.3,4627.5,5686.3,5686.3,0.0,0.0,0.0,0.0,0.0,435.2,0.0,0.0,0.0,0.0,0.0,0.0,0.0,5251.0,0.0,0.0
2050-03-14 11:00:00,2050-03-14 09:00:00,1704.2,3625.0,0.0,0.0,5329.2,1649.4,0.0,0.0,0.0,0.0322,0.0446,upv,upv,0.0,0.0,0.0,0.0,0.0,0.0,0.0,0.0,0.0,0.0,0.0,0.0,0.0,0.0,0.0,0.0,0.0,0.0,140.0,2.6,0.26,16.5,1055.3,0.06,140.1,48.0,188.1,0.0,0.0,0.0,0.0,0.0,0.0,0.0,0.0,0.0,0.0,0.0,0.0,0.0,0.0,0.0,0.0,0.0,2.7,4980.3,4983.0,5329.2,5329.2,0.0,0.0,0.0,0.0,0.0,435.2,0.0,0.0,0.0,0.0,0.0,0.0,0.0,4894.0,0.0,0.0
2050-03-14 12:00:00,2050-03-14 10:00:00,1644.2,2461.0,0.0,0.0,4105.2,1592.0,0.0,0.0,0.0,0.0318,0.043,upv,upv,0.0,0.0,0.0,0.0,0.0,0.0,0.0,0.0,0.0,0.0,0.0,0.0,0.0,0.0,0.0,0.0,0.0,0.0,139.9,2.6,0.26,16.5,1054.9,0.06,140.1,48.0,188.1,0.0,0.0,0.0,0.0,0.0,0.0,0.0,0.0,0.0,0.0,0.0,0.0,0.0,0.0,0.0,0.0,0.0,3.0,6204.3,6207.4,4105.2,4105.2,0.0,0.0,0.0,0.0,0.0,435.2,0.0,0.0,0.0,0.0,0.0,0.0,0.0,3670.0,0.0,0.0
2050-03-14 13:00:00,2050-03-14 11:00:00,1621.1,2431.9,0.0,0.0,4053.0,1569.8,0.0,0.0,0.0,0.0316,0.0424,upv,upv,0.0,0.0,0.0,0.0,0.0,0.0,0.0,0.0,0.0,0.0,0.0,0.0,0.0,0.0,0.0,0.0,0.0,0.0,139.9,2.6,0.26,16.5,1054.6,0.06,140.0,48.0,188.0,0.0,0.0,0.0,0.0,0.0,0.0,0.0,0.0,0.0,0.0,0.0,0.0,0.0,0.0,0.0,0.0,0.0,4.4,6256.6,6261.0,4053.0,4053.0,0.0,0.0,0.0,0.0,0.0,435.2,0.0,0.0,0.0,0.0,0.0,0.0,0.0,3617.7,0.0,0.0
2050-03-14 14:00:00,2050-03-14 12:00:00,1610.5,2850.6,0.0,0.0,4461.2,1559.8,0.0,0.0,0.0,0.0315,0.0421,upv,upv,0.0,0.0,0.0,0.0,0.0,0.0,0.0,0.0,0.0,0.0,0.0,0.0,0.0,0.0,0.0,0.0,0.0,0.0,139.9,2.6,0.26,16.5,1054.6,0.06,140.0,48.0,188.0,0.0,0.0,0.0,0.0,0.0,0.0,0.0,0.0,0.0,0.0,0.0,0.0,0.0,0.0,0.0,0.0,0.0,11.4,5827.9,5839.3,4461.2,4461.2,0.0,0.0,0.0,0.0,0.0,434.1,0.0,0.0,0.0,0.0,0.0,0.0,0.0,4027.0,0.0,0.0
2050-03-14 15:00:00,2050-03-14 13:00:00,1636.8,3762.7,0.0,0.0,5399.6,1584.9,0.0,0.0,0.0,0.0317,0.0428,upv,upv,0.0,0.0,0.0,0.0,0.0,0.0,0.0,0.0,0.0,0.0,0.0,0.0,0.0,0.0,0.0,0.0,0.0,0.0,139.9,2.6,0.26,16.5,1054.8,0.06,140.1,48.0,188.0,0.0,0.0,0.0,0.0,0.0,0.0,0.0,0.0,0.0,0.0,0.0,0.0,0.0,0.0,0.0,0.0,0.0,0.0,4919.1,4919.1,5399.6,5399.6,0.0,0.0,0.0,0.0,0.0,434.5,0.0,0.0,0.0,0.0,0.0,0.0,0.0,4942.3,22.8,0.0
2050-03-14 16:00:00,2050-03-14 14:00:00,1644.2,3629.9,0.0,0.0,5274.1,1592.0,0.0,0.0,0.0,0.0318,0.043,upv,upv,0.0,0.0,0.0,0.0,0.0,0.0,0.0,0.0,0.0,0.0,0.0,0.0,0.0,0.0,0.0,0.0,0.0,0.0,139.9,2.6,0.26,16.5,1054.9,0.06,140.1,48.0,188.1,0.0,0.0,0.0,0.0,0.0,0.0,0.0,0.0,0.0,0.0,0.0,0.0,0.0,0.0,0.0,0.0,0.0,0.0,5066.9,5066.9,5274.1,5274.1,0.0,0.0,0.0,0.0,0.0,435.2,0.0,0.0,0.0,0.0,0.0,0.0,0.0,4807.4,31.5,0.0
2050-03-14 17:00:00,2050-03-14 15:00:00,1716.8,2850.6,0.0,0.0,4567.5,1661.4,0.0,0.0,0.0,0.0323,0.0449,upv,upv,0.0,0.0,0.0,0.0,0.0,0.0,0.0,0.0,0.0,0.0,0.0,0.0,0.0,0.0,0.0,0.0,0.0,0.0,140.0,2.6,0.26,16.5,1055.4,0.06,140.2,48.0,188.2,0.0,0.0,0.0,0.0,0.0,0.0,0.0,0.0,0.0,0.0,0.0,0.0,0.0,0.0,0.0,0.0,0.0,0.0,5779.3,5779.3,4567.5,4567.5,0.0,0.0,0.0,0.0,0.0,435.2,0.0,0.0,0.0,0.0,0.0,0.0,0.0,4095.0,37.3,0.0
2050-03-14 18:00:00,2050-03-14 16:00:00,1796.8,2626.7,0.0,0.0,4423.6,1737.8,0.0,0.0,0.0,0.0329,0.047,upv,upv,0.0,0.0,0.0,0.0,0.0,0.0,0.0,0.0,0.0,0.0,0.0,0.0,0.0,0.0,0.0,0.0,0.0,0.0,140.1,2.6,0.27,16.6,1056.1,0.06,140.2,48.0,188.3,0.0,0.0,0.0,0.0,0.0,0.0,0.0,0.0,0.0,0.0,0.0,0.0,0.0,0.0,0.0,0.0,0.0,0.0,4006.9,4006.9,4423.6,4423.6,0.0,0.0,0.0,0.0,0.0,353.3,0.0,0.0,0.0,0.0,0.0,0.0,0.0,4012.8,57.5,0.0
2050-03-14 19:00:00,2050-03-14 17:00:00,1884.2,0.0,0.0,11.0,1895.2,1820.9,-188.2,445.3,633.5,0.0336,0.0493,battery,gas-cc,0.0,0.0,0.0,0.0,0.0,0.0,0.0,0.0,0.0,0.0,0.0,0.0,0.0,0.0,0.0,0.0,0.0,0.0,141.9,2.7,0.27,16.8,1069.9,0.06,142.1,48.7,190.7,333.0,6.3,0.63,39.3,2513.0,0.14,333.4,114.3,447.6,23.88,0.0,0.0,23.88,25.12,0.0,0.0,25.12,0.0,0.0,0.0,2083.4,2083.4,0.0,0.0,0.0,0.0,0.0,84.0,0.0,0.0,0.0,0.0,0.0,0.0,0.0,1904.7,94.7,0.0
2050-03-14 20:00:00,2050-03-14 18:00:00,2017.9,0.0,0.0,13.9,2031.8,1947.8,1904.6,445.3,1073.4,0.0347,0.0528,battery,gas-cc,0.0,0.0,0.0,0.0,0.0,0.0,0.0,0.0,0.0,0.0,0.0,0.0,0.0,0.1,0.0,0.0,0.0,0.0,144.0,2.7,0.27,17.0,1085.6,0.06,144.1,49.4,193.5,375.9,7.1,0.71,44.4,2836.4,0.16,376.3,129.0,505.2,23.88,0.0,0.0,23.88,25.21,0.0,0.0,25.21,0.0,0.0,0.0,2659.8,127.1,2532.7,0.0,0.0,0.0,0.0,0.0,0.0,0.0,0.0,0.0,0.0,0.0,0.0,0.0,127.1,0.0
2050-03-14 21:00:00,2050-03-14 19:00:00,2077.9,0.0,0.0,16.6,2094.5,2004.6,1975.0,445.3,1486.6,0.0353,0.0543,battery,gas-cc,0.0,0.0,0.0,0.0,0.0,0.0,0.0,0.0,0.0,0.0,0.0,0.0,0.0,0.0,0.0,0.0,0.0,0.0,150.3,2.8,0.28,17.8,1133.1,0.07,150.5,51.5,202.0,377.0,7.1,0.71,44.5,2845.1,0.16,377.4,129.4,506.8,23.88,0.0,0.0,23.88,25.25,0.0,0.0,25.25,0.0,0.0,0.0,3135.8,119.4,3016.4,0.0,0.0,0.0,0.0,0.0,0.0,0.0,0.0,0.0,0.0,0.0,0.0,0.0,119.4,0.0
2050-03-14 22:00:00,2050-03-14 20:00:00,1953.7,0.0,0.0,15.9,1969.6,1886.9,1883.4,445.3,1383.5,0.0342,0.0511,battery,gas-cc,0.0,0.0,0.0,0.0,0.0,0.0,0.0,0.0,0.0,0.0,0.0,0.0,0.0,0.0,0.0,0.0,0.0,0.0,150.2,2.8,0.28,17.7,1132.6,0.07,150.4,51.5,201.9,375.2,7.1,0.71,44.3,2831.3,0.16,375.6,128.7,504.3,23.88,0.0,0.0,23.88,25.16,0.0,0.0,25.16,0.0,0.0,0.0,2907.7,86.2,2821.5,0.0,0.0,0.0,0.0,0.0,0.0,0.0,0.0,0.0,0.0,0.0,0.0,0.0,86.2,0.0
2050-03-14 23:00:00,2050-03-14 21:00:00,1804.2,0.0,0.0,17.6,1821.8,1744.8,1768.3,445.3,1640.0,0.0329,0.0472,battery,gas-cc,0.0,0.0,0.0,0.0,0.0,0.0,0.0,0.0,0.0,0.0,0.0,0.0,0.0,0.0,0.0,0.0,0.0,0.0,150.3,2.8,0.28,17.8,1133.4,0.07,150.5,51.6,202.0,332.3,6.3,0.63,39.3,2507.5,0.14,332.6,114.0,446.7,23.88,0.0,0.0,23.88,25.06,0.0,0.0,25.06,0.0,0.0,0.0,3016.4,53.5,2963.0,0.0,0.0,0.0,0.0,0.0,0.0,0.0,0.0,0.0,0.0,0.0,0.0,0.0,53.5,0.0
2050-03-15 00:00:00,2050-03-14 22:00:00,1665.3,0.0,0.0,17.6,1682.8,1612.1,1638.4,445.3,1640.0,0.0319,0.0435,battery,gas-cc,0.0,0.0,0.0,0.0,0.0,0.0,0.0,0.0,0.0,0.0,0.0,0.0,0.0,0.0,0.0,0.0,0.0,0.0,169.0,3.2,0.32,20.0,1274.8,0.07,169.2,58.0,227.2,331.0,6.2,0.62,39.1,2498.0,0.14,331.4,113.6,445.0,26.22,0.0,0.0,26.22,27.41,0.0,0.0,27.41,0.0,0.0,0.0,2877.5,44.4,2833.1,0.0,0.0,0.0,0.0,0.0,0.0,0.0,0.0,0.0,0.0,0.0,0.0,0.0,44.4,0.0
2050-03-15 01:00:00,2050-03-14 23:00:00,1500.0,0.0,0.0,8.0,1508.0,1453.7,1490.5,445.3,162.2,0.0309,0.0392,battery,gas-cc,0.0,0.0,0.0,0.0,0.0,0.0,0.0,0.0,0.0,0.0,0.0,0.0,0.0,0.0,0.0,0.0,0.0,0.0,141.4,2.7,0.27,16.7,1065.9,0.06,141.5,48.5,190.0,329.5,6.2,0.62,38.9,2486.7,0.14,329.9,113.1,443.0,26.22,0.0,0.0,26.22,27.29,0.0,0.0,27.29,0.0,0.0,0.0,1224.8,17.4,1207.4,0.0,0.0,0.0,0.0,0.0,0.0,0.0,0.0,0.0,0.0,0.0,0.0,0.0,17.4,0.0
2050-03-15 02:00:00,2050-03-15 00:00:00,1368.4,0.0,0.0,12.1,1380.6,1327.1,1371.2,445.3,806.3,0.0302,0.0358,battery,gas-cc,0.0,0.0,0.0,0.0,0.0,0.0,0.0,0.0,0.0,0.0,0.0,0.0,0.0,0.0,0.0,0.0,0.0,0.0,187.7,3.5,0.35,22.2,1415.8,0.08,187.9,64.4,252.3,328.4,6.2,0.62,38.8,2477.9,0.14,328.7,112.7,441.4,26.22,0.0,0.0,26.22,27.19,0.0,0.0,27.19,0.0,0.0,0.0,1741.5,9.4,1732.1,0.0,0.0,0.0,0.0,0.0,0.0,0.0,0.0,0.0,0.0,0.0,0.0,0.0,9.4,0.0
2050-03-15 03:00:00,2050-03-15 01:00:00,1283.2,0.0,0.0,7.8,1290.9,1244.8,1285.2,445.3,134.3,0.0299,0.0336,battery,gas-cc,0.0,0.0,0.0,0.0,0.0,0.0,0.0,0.0,0.0,0.0,0.0,0.0,0.0,0.0,0.0,0.0,0.0,0.0,156.6,3.0,0.3,18.5,1180.7,0.07,156.7,53.7,210.4,364.0,6.9,0.69,43.0,2746.8,0.16,364.4,124.9,489.3,26.22,0.0,0.0,26.22,27.13,0.0,0.0,27.13,0.0,0.0,0.0,979.9,5.8,974.1,0.0,0.0,0.0,0.0,0.0,0.0,0.0,0.0,0.0,0.0,0.0,0.0,0.0,5.8,0.0
2050-03-15 04:00:00,2050-03-15 02:00:00,1227.4,0.0,0.0,3.0,1230.3,1190.8,1226.8,0.0,454.9,0.0298,0.0321,hydro,gas-cc,0.0,0.0,0.0,0.0,0.0,0.0,0.0,0.0,0.0,0.0,0.0,0.0,0.0,0.0,0.0,0.0,0.0,0.0,142.5,2.7,0.27,16.8,1074.0,0.06,142.6,48.9,191.5,327.1,6.2,0.62,38.6,2468.4,0.14,327.5,112.2,439.7,26.22,0.0,0.0,26.22,27.09,0.0,0.0,27.09,0.0,0.0,0.0,1685.2,3.6,1681.7,0.0,0.0,0.0,0.0,0.0,0.0,0.0,0.0,0.0,0.0,0.0,0.0,0.0,3.6,0.0
2050-03-15 05:00:00,2050-03-15 03:00:00,1203.2,0.0,0.0,10.9,1214.1,1167.4,1212.6,445.3,616.4,0.0297,0.0315,battery,gas-cc,0.0,0.0,0.0,0.0,0.0,0.0,0.0,0.0,0.0,0.0,0.0,0.0,0.0,0.0,0.0,0.0,0.0,0.0,143.5,2.7,0.27,17.0,1081.9,0.06,143.7,49.2,192.9,326.9,6.2,0.62,38.6,2466.8,0.14,327.2,112.2,439.4,26.22,0.0,0.0,26.22,27.07,0.0,0.0,27.07,0.0,0.0,0.0,1385.2,1.4,1383.7,0.0,0.0,0.0,0.0,0.0,0.0,0.0,0.0,0.0,0.0,0.0,0.0,0.0,1.4,0.0
2050-03-15 06:00:00,2050-03-15 04:00:00,1206.3,0.0,0.0,13.0,1219.4,1170.4,1219.4,200.8,1527.6,0.0297,0.0315,battery,gas-cc,0.0,0.0,0.0,0.0,0.0,0.0,0.0,0.0,0.0,0.0,0.0,0.0,0.0,0.0,0.0,0.0,0.0,0.0,152.3,2.9,0.29,18.0,1148.1,0.07,152.4,52.2,204.7,326.9,6.2,0.62,38.6,2467.0,0.14,327.3,112.2,439.4,26.22,0.0,0.0,26.22,27.07,0.0,0.0,27.07,0.0,0.0,0.0,2546.2,0.0,2546.2,0.0,0.0,0.0,0.0,0.0,0.0,0.0,0.0,0.0,0.0,0.0,0.0,0.0,0.0,0.0
2050-03-15 07:00:00,2050-03-15 05:00:00,1273.7,0.0,0.0,13.2,1286.9,1235.6,1286.6,289.5,1340.8,0.0299,0.0333,battery,gas-cc,0.0,0.0,0.0,0.0,0.0,0.0,0.0,0.0,0.0,0.0,0.0,0.0,0.0,0.0,0.0,0.0,0.0,0.0,142.3,2.7,0.27,16.8,1072.5,0.06,142.4,48.8,191.2,327.5,6.2,0.62,38.7,2471.5,0.14,327.9,112.4,440.3,26.22,0.0,0.0,26.22,27.12,0.0,0.0,27.12,0.0,0.0,0.0,2338.1,0.3,2337.9,0.0,0.0,0.0,0.0,0.0,0.0,0.0,0.0,0.0,0.0,0.0,0.0,0.0,0.3,0.0
2050-03-15 08:00:00,2050-03-15 06:00:00,1404.2,0.0,0.0,11.1,1415.4,1361.6,254.1,445.3,652.8,0.0304,0.0367,gas-cc,gas-cc,0.0,0.0,0.0,0.0,0.0,0.0,0.0,0.0,0.0,0.0,0.0,0.0,0.0,0.0,0.0,0.0,0.0,0.0,163.4,3.1,0.31,19.3,1232.0,0.07,163.6,56.0,219.6,365.2,6.9,0.69,43.1,2755.9,0.16,365.6,125.3,490.9,26.22,0.0,0.0,26.22,27.22,0.0,0.0,27.22,0.0,0.0,0.0,1622.8,1161.2,461.6,0.0,0.0,0.0,0.0,49.0,0.0,0.0,0.0,0.0,0.0,0.0,0.0,1111.5,0.7,0.0
2050-03-15 09:00:00,2050-03-15 07:00:00,1558.9,1641.3,0.0,0.0,3200.2,1510.3,0.0,0.0,0.0,0.0312,0.0408,upv,upv,0.0,0.0,0.0,0.0,0.0,0.0,0.0,0.0,0.0,0.0,0.0,0.0,0.0,0.0,0.0,0.0,0.0,0.0,139.8,2.6,0.26,16.5,1054.3,0.06,140.0,48.0,188.0,0.0,0.0,0.0,0.0,0.0,0.0,0.0,0.0,0.0,0.0,0.0,0.0,0.0,0.0,0.0,0.0,0.0,0.8,4363.2,4364.0,3200.2,3200.2,0.0,0.0,0.0,0.0,0.0,319.2,0.0,0.0,0.0,0.0,0.0,0.0,0.0,2881.0,0.0,0.0
2050-03-15 10:00:00,2050-03-15 08:00:00,1680.0,3795.7,0.0,0.0,5475.7,1626.2,0.0,0.0,0.0,0.032,0.0439,upv,upv,0.0,0.0,0.0,0.0,0.0,0.0,0.0,0.0,0.0,0.0,0.0,0.0,0.0,0.0,0.0,0.0,0.0,0.0,140.0,2.6,0.26,16.5,1055.1,0.06,140.1,48.0,188.1,0.0,0.0,0.0,0.0,0.0,0.0,0.0,0.0,0.0,0.0,0.0,0.0,0.0,0.0,0.0,0.0,0.0,1.0,4719.0,4720.0,5475.7,5475.7,0.0,0.0,0.0,0.0,0.0,0.0,0.0,0.0,0.0,0.0,0.0,0.0,0.0,5475.7,0.0,0.0
2050-03-15 11:00:00,2050-03-15 09:00:00,1690.5,3824.8,0.0,0.0,5515.3,1636.3,-0.0,0.0,0.0,0.0321,0.0442,upv,upv,0.0,0.0,0.0,0.0,0.0,0.0,0.0,0.0,0.0,0.0,0.0,0.0,0.0,0.0,0.0,0.0,0.0,0.0,140.0,2.6,0.26,16.5,1055.2,0.06,140.1,48.0,188.1,0.0,0.0,0.0,0.0,0.0,0.0,0.0,0.0,0.0,0.0,0.0,0.0,0.0,0.0,0.0,0.0,0.0,0.1,4794.3,4794.3,5515.3,5515.3,0.0,0.0,0.0,0.0,0.0,435.2,0.0,0.0,0.0,0.0,0.0,0.0,0.0,5080.0,0.0,0.0
2050-03-15 12:00:00,2050-03-15 10:00:00,1649.5,2655.8,0.0,0.0,4305.3,1597.0,0.0,0.0,0.0,0.0318,0.0431,upv,upv,0.0,0.0,0.0,0.0,0.0,0.0,0.0,0.0,0.0,0.0,0.0,0.0,0.0,0.0,0.0,0.0,0.0,0.0,139.9,2.6,0.26,16.5,1054.9,0.06,140.1,48.0,188.1,0.0,0.0,0.0,0.0,0.0,0.0,0.0,0.0,0.0,0.0,0.0,0.0,0.0,0.0,0.0,0.0,0.0,0.2,5943.6,5943.8,4305.3,4305.3,0.0,0.0,0.0,0.0,0.0,0.0,0.0,0.0,0.0,0.0,0.0,0.0,0.0,4305.3,0.0,0.0
2050-03-15 13:00:00,2050-03-15 11:00:00,1601.1,3990.5,0.0,0.0,5591.5,1550.7,-0.0,0.0,0.0,0.0315,0.0419,upv,upv,0.0,0.0,0.0,0.0,0.0,0.0,0.0,0.0,0.0,0.0,0.0,0.0,0.0,0.0,0.0,0.0,0.0,0.0,139.9,2.6,0.26,16.5,1054.6,0.06,140.0,48.0,188.0,0.0,0.0,0.0,0.0,0.0,0.0,0.0,0.0,0.0,0.0,0.0,0.0,0.0,0.0,0.0,0.0,0.0,0.0,4550.0,4550.0,5591.5,5591.5,0.0,0.0,0.0,0.0,0.0,428.0,0.0,0.0,0.0,0.0,0.0,0.0,0.0,5162.8,0.8,0.0
2050-03-15 14:00:00,2050-03-15 12:00:00,1595.8,2850.6,0.0,0.0,4446.4,1545.6,-0.0,0.0,0.0,0.0314,0.0417,upv,upv,0.0,0.0,0.0,0.0,0.0,0.0,0.0,0.0,0.0,0.0,0.0,0.0,0.0,0.0,0.0,0.0,0.0,0.0,139.9,2.6,0.26,16.5,1054.5,0.06,140.0,48.0,188.0,0.0,0.0,0.0,0.0,0.0,0.0,0.0,0.0,0.0,0.0,0.0,0.0,0.0,0.0,0.0,0.0,0.0,2.2,5687.5,5689.7,4446.4,4446.4,0.0,0.0,0.0,0.0,0.0,427.7,0.0,0.0,0.0,0.0,0.0,0.0,0.0,4018.8,0.0,0.0
2050-03-15 15:00:00,2050-03-15 13:00:00,1628.4,3986.6,0.0,0.0,5615.1,1576.9,0.0,0.0,0.0,0.0316,0.0426,upv,upv,0.0,0.0,0.0,0.0,0.0,0.0,0.0,0.0,0.0,0.0,0.0,0.0,0.0,0.0,0.0,0.0,0.0,0.0,139.9,2.6,0.26,16.5,1054.8,0.06,140.1,48.0,188.0,0.0,0.0,0.0,0.0,0.0,0.0,0.0,0.0,0.0,0.0,0.0,0.0,0.0,0.0,0.0,0.0,0.0,7.3,4593.2,4600.5,5615.1,5615.1,0.0,0.0,0.0,0.0,0.0,430.9,0.0,0.0,0.0,0.0,0.0,0.0,0.0,5184.2,0.0,0.0
2050-03-15 16:00:00,2050-03-15 14:00:00,1647.4,3589.2,0.0,0.0,5236.6,1595.0,0.0,0.0,0.0,0.0318,0.0431,upv,upv,0.0,0.0,0.0,0.0,0.0,0.0,0.0,0.0,0.0,0.0,0.0,0.0,0.0,0.0,0.0,0.0,0.0,0.0,139.9,2.6,0.26,16.5,1054.9,0.06,140.1,48.0,188.1,0.0,0.0,0.0,0.0,0.0,0.0,0.0,0.0,0.0,0.0,0.0,0.0,0.0,0.0,0.0,0.0,0.0,15.2,5059.3,5074.5,5236.6,5236.6,0.0,0.0,0.0,0.0,0.0,0.0,0.0,0.0,0.0,0.0,0.0,0.0,0.0,5236.6,0.0,0.0
2050-03-15 17:00:00,2050-03-15 15:00:00,1708.4,2431.9,0.0,0.0,4140.3,1653.4,0.0,0.0,0.0,0.0322,0.0447,upv,upv,0.0,0.0,0.0,0.0,0.0,0.0,0.0,0.0,0.0,0.0,0.0,0.0,0.0,0.0,0.0,0.0,0.0,0.0,140.0,2.6,0.26,16.5,1055.4,0.06,140.1,48.0,188.1,0.0,0.0,0.0,0.0,0.0,0.0,0.0,0.0,0.0,0.0,0.0,0.0,0.0,0.0,0.0,0.0,0.0,0.0,6092.5,6092.5,4140.3,4140.3,0.0,0.0,0.0,0.0,0.0,431.3,0.0,0.0,0.0,0.0,0.0,0.0,0.0,3691.4,17.7,0.0
2050-03-15 18:00:00,2050-03-15 16:00:00,1798.9,2400.1,0.0,0.0,4199.1,1739.8,0.0,0.0,0.0,0.0329,0.047,upv,upv,0.0,0.0,0.0,0.0,0.0,0.0,0.0,0.0,0.0,0.0,0.0,0.0,0.0,0.0,0.0,0.0,0.0,0.0,140.1,2.6,0.27,16.6,1056.1,0.06,140.2,48.0,188.3,0.0,0.0,0.0,0.0,0.0,0.0,0.0,0.0,0.0,0.0,0.0,0.0,0.0,0.0,0.0,0.0,0.0,19.5,4133.5,4153.0,4199.1,4199.1,0.0,0.0,0.0,0.0,0.0,351.7,0.0,0.0,0.0,0.0,0.0,0.0,0.0,3847.4,0.0,0.0
2050-03-15 19:00:00,2050-03-15 17:00:00,1881.1,0.0,0.0,3.2,1884.3,1817.9,-495.3,0.0,495.3,0.0336,0.0492,battery,gas-cc,0.0,0.0,0.0,0.0,0.0,0.0,0.0,0.0,0.0,0.0,0.0,0.0,0.0,0.0,0.0,0.0,0.0,0.0,142.5,2.7,0.27,16.8,1074.2,0.06,142.6,48.9,191.5,357.1,6.7,0.67,42.2,2694.7,0.15,357.5,122.5,480.0,26.22,0.0,0.0,26.22,27.57,0.0,0.0,27.57,0.0,0.0,0.0,2379.5,2379.5,0.0,0.0,0.0,0.0,0.0,98.9,0.0,0.0,0.0,0.0,0.0,0.0,0.0,2244.0,36.6,0.0
2050-03-15 20:00:00,2050-03-15 18:00:00,2007.4,0.0,0.0,6.9,2014.3,1937.8,1955.8,0.0,1060.5,0.0346,0.0525,battery,gas-cc,0.0,0.0,0.0,0.0,0.0,0.0,0.0,0.0,0.0,0.0,0.0,0.0,0.0,0.0,0.0,0.0,0.0,0.0,143.3,2.7,0.27,16.9,1080.0,0.06,143.4,49.1,192.5,374.4,7.1,0.71,44.2,2825.2,0.16,374.8,128.5,503.3,26.22,0.0,0.0,26.22,27.67,0.0,0.0,27.67,0.0,0.0,0.0,3074.8,58.4,3016.4,0.0,0.0,0.0,0.0,0.0,0.0,0.0,0.0,0.0,0.0,0.0,0.0,0.0,58.4,0.0
2050-03-15 21:00:00,2050-03-15 19:00:00,2056.8,0.0,0.0,6.5,2063.3,1984.7,2022.6,0.0,993.8,0.0351,0.0538,battery,gas-cc,0.0,0.0,0.0,0.0,0.0,0.0,0.0,0.0,0.0,0.0,0.0,0.0,0.0,0.0,0.0,0.0,0.0,0.0,143.7,2.7,0.27,17.0,1083.2,0.06,143.8,49.3,193.1,374.9,7.1,0.71,44.3,2829.1,0.16,375.3,128.6,503.9,26.22,0.0,0.0,26.22,27.71,0.0,0.0,27.71,0.0,0.0,0.0,3057.1,40.7,3016.4,0.0,0.0,0.0,0.0,0.0,0.0,0.0,0.0,0.0,0.0,0.0,0.0,0.0,40.7,0.0
2050-03-15 22:00:00,2050-03-15 20:00:00,1946.3,0.0,0.0,7.2,1953.5,1879.9,1935.4,0.0,1110.0,0.0341,0.0509,battery,gas-cc,0.0,0.0,0.0,0.0,0.0,0.0,0.0,0.0,0.0,0.0,0.0,0.0,0.0,0.0,0.0,0.0,0.0,0.0,142.9,2.7,0.27,16.9,1077.0,0.06,143.0,49.0,192.0,349.7,6.6,0.66,41.3,2638.8,0.15,350.1,120.0,470.1,26.22,0.0,0.0,26.22,27.62,0.0,0.0,27.62,0.0,0.0,0.0,3063.6,18.1,3045.5,0.0,0.0,0.0,0.0,0.0,0.0,0.0,0.0,0.0,0.0,0.0,0.0,0.0,18.1,0.0
2050-03-15 23:00:00,2050-03-15 21:00:00,1820.0,0.0,0.0,7.8,1827.8,1759.8,1818.0,0.0,1198.4,0.0331,0.0476,battery,gas-cc,0.0,0.0,0.0,0.0,0.0,0.0,0.0,0.0,0.0,0.0,0.0,0.0,0.0,0.0,0.0,0.0,0.0,0.0,146.6,2.8,0.28,17.3,1105.5,0.06,146.8,50.3,197.1,348.5,6.6,0.66,41.2,2629.7,0.15,348.9,119.6,468.4,26.22,0.0,0.0,26.22,27.53,0.0,0.0,27.53,0.0,0.0,0.0,3026.2,9.8,3016.4,0.0,0.0,0.0,0.0,0.0,0.0,0.0,0.0,0.0,0.0,0.0,0.0,0.0,9.8,0.0
2050-03-16 00:00:00,2050-03-15 22:00:00,1675.8,0.0,0.0,3.8,1679.6,1622.2,1676.9,0.0,589.3,0.032,0.0438,battery,gas-cc,0.0,0.0,0.0,0.0,0.0,0.0,0.0,0.0,0.0,0.0,0.0,0.0,0.0,0.0,0.0,0.0,0.0,0.0,165.8,3.1,0.31,19.6,1250.0,0.07,166.0,56.9,222.8,367.9,6.9,0.69,43.5,2776.3,0.16,368.3,126.2,494.5,26.22,0.0,0.0,26.22,27.42,0.0,0.0,27.42,0.0,0.0,0.0,2268.9,2.7,2266.2,0.0,0.0,0.0,0.0,0.0,0.0,0.0,0.0,0.0,0.0,0.0,0.0,0.0,2.7,0.0
2050-03-16 01:00:00,2050-03-15 23:00:00,1505.3,0.0,0.0,1.0,1506.3,1458.8,1506.3,0.0,158.5,0.0309,0.0394,battery,gas-cc,0.0,0.0,0.0,0.0,0.0,0.0,0.0,0.0,0.0,0.0,0.0,0.0,0.0,0.0,0.0,0.0,0.0,0.0,143.4,2.7,0.27,16.9,1080.9,0.06,143.5,49.2,192.7,345.5,6.5,0.65,40.8,2607.1,0.15,345.9,118.5,464.4,26.22,0.0,0.0,26.22,27.29,0.0,0.0,27.29,0.0,0.0,0.0,1664.8,0.0,1664.8,0.0,0.0,0.0,0.0,0.0,0.0,0.0,0.0,0.0,0.0,0.0,0.0,0.0,0.0,0.0
2050-03-16 02:00:00,2050-03-16 00:00:00,1355.8,0.0,0.0,6.9,1362.7,1314.9,1362.7,0.0,1069.2,0.0302,0.0355,gas-cc,gas-cc,0.0,0.0,0.0,0.0,0.0,0.0,0.0,0.0,0.0,0.0,0.0,0.0,0.0,0.0,0.0,0.0,0.0,0.0,143.4,2.7,0.27,16.9,1081.2,0.06,143.6,49.2,192.7,364.7,6.9,0.69,43.1,2752.2,0.16,365.1,125.1,490.3,26.22,0.0,0.0,26.22,27.18,0.0,0.0,27.18,0.0,0.0,0.0,2431.9,0.0,2431.9,0.0,0.0,0.0,0.0,0.0,0.0,0.0,0.0,0.0,0.0,0.0,0.0,0.0,0.0,0.0
2050-03-16 03:00:00,2050-03-16 01:00:00,1265.3,0.0,0.0,3.8,1269.0,1227.5,1269.0,0.0,581.5,0.0299,0.0331,gas-cc,gas-cc,0.0,0.0,0.0,0.0,0.0,0.0,0.0,0.0,0.0,0.0,0.0,0.0,0.0,0.0,0.0,0.0,0.0,0.0,143.3,2.7,0.27,16.9,1080.1,0.06,143.4,49.1,192.6,363.8,6.9,0.69,43.0,2745.5,0.16,364.2,124.8,489.1,26.22,0.0,0.0,26.22,27.11,0.0,0.0,27.11,0.0,0.0,0.0,1850.6,0.1,1850.5,0.0,0.0,0.0,0.0,0.0,0.0,0.0,0.0,0.0,0.0,0.0,0.0,0.0,0.1,0.0
2050-03-16 04:00:00,2050-03-16 02:00:00,1206.3,0.0,0.0,2.2,1208.5,1170.4,1208.1,0.0,341.3,0.0297,0.0315,gas-cc,gas-cc,0.0,0.0,0.0,0.0,0.0,0.0,0.0,0.0,0.0,0.0,0.0,0.0,0.0,0.0,0.0,0.0,0.0,0.0,143.1,2.7,0.27,16.9,1078.7,0.06,143.2,49.1,192.3,363.2,6.8,0.68,42.9,2741.1,0.16,363.6,124.6,488.3,26.22,0.0,0.0,26.22,27.07,0.0,0.0,27.07,0.0,0.0,0.0,1549.9,0.5,1549.4,0.0,0.0,0.0,0.0,0.0,0.0,0.0,0.0,0.0,0.0,0.0,0.0,0.0,0.5,0.0
2050-03-16 05:00:00,2050-03-16 03:00:00,1180.0,0.0,0.0,0.6,1180.6,1144.9,1179.3,0.0,91.5,0.0297,0.0309,gas-cc,gas-cc,0.0,0.0,0.0,0.0,0.0,0.0,0.0,0.0,0.0,0.0,0.0,0.0,0.0,0.0,0.0,0.0,0.0,0.0,165.0,3.1,0.31,19.5,1244.3,0.07,165.2,56.6,221.8,363.0,6.8,0.68,42.9,2739.2,0.16,363.4,124.6,487.9,26.22,0.0,0.0,26.22,27.05,0.0,0.0,27.05,0.0,0.0,0.0,1272.1,1.3,1270.8,0.0,0.0,0.0,0.0,0.0,0.0,0.0,0.0,0.0,0.0,0.0,0.0,0.0,1.3,0.0
2050-03-16 06:00:00,2050-03-16 04:00:00,1188.4,0.0,0.0,2.9,1191.3,1153.1,1189.0,0.0,440.1,0.0297,0.0311,gas-cc,gas-cc,0.0,0.0,0.0,0.0,0.0,0.0,0.0,0.0,0.0,0.0,0.0,0.0,0.0,0.0,0.0,0.0,0.0,0.0,142.7,2.7,0.27,16.9,1076.1,0.06,142.9,48.9,191.8,363.1,6.8,0.68,42.9,2739.8,0.16,363.5,124.6,488.0,26.22,0.0,0.0,26.22,27.06,0.0,0.0,27.06,0.0,0.0,0.0,1631.4,2.3,1629.1,0.0,0.0,0.0,0.0,0.0,0.0,0.0,0.0,0.0,0.0,0.0,0.0,0.0,2.3,0.0
2050-03-16 07:00:00,2050-03-16 05:00:00,1257.9,0.0,0.0,2.5,1260.4,1220.3,1255.5,0.0,385.9,0.0299,0.0329,battery,gas-cc,0.0,0.0,0.0,0.0,0.0,0.0,0.0,0.0,0.0,0.0,0.0,0.0,0.0,0.0,0.0,0.0,0.0,0.0,142.5,2.7,0.27,16.8,1074.0,0.06,142.6,48.9,191.5,363.8,6.9,0.69,43.0,2744.9,0.16,364.1,124.8,489.0,26.22,0.0,0.0,26.22,27.11,0.0,0.0,27.11,0.0,0.0,0.0,1646.3,4.9,1641.4,0.0,0.0,0.0,0.0,0.0,0.0,0.0,0.0,0.0,0.0,0.0,0.0,0.0,4.9,0.0
2050-03-16 08:00:00,2050-03-16 06:00:00,1376.8,0.0,0.0,0.0,1376.8,1335.2,92.9,0.0,0.0,0.0302,0.036,battery,gas-cc,0.0,0.0,0.0,0.0,0.0,0.0,0.0,0.0,0.0,0.0,0.0,0.0,0.0,0.0,0.0,0.0,0.0,0.0,142.3,2.7,0.27,16.8,1072.8,0.06,142.5,48.8,191.3,344.3,6.5,0.65,40.7,2598.0,0.15,344.7,118.1,462.8,26.22,0.0,0.0,26.22,27.19,0.0,0.0,27.19,0.0,0.0,0.0,1376.8,1284.0,92.9,0.0,0.0,0.0,0.0,53.9,0.0,0.0,0.0,0.0,0.0,0.0,0.0,1223.0,7.1,0.0
2050-03-16 09:00:00,2050-03-16 07:00:00,1535.8,3192.2,0.0,0.0,4728.0,1488.1,0.0,0.0,0.0,0.0311,0.0402,upv,upv,0.0,0.0,0.0,0.0,0.0,0.0,0.0,0.0,0.0,0.0,0.0,0.0,0.0,0.0,0.0,0.0,0.0,0.0,139.8,2.6,0.26,16.5,1054.1,0.06,140.0,47.9,187.9,0.0,0.0,0.0,0.0,0.0,0.0,0.0,0.0,0.0,0.0,0.0,0.0,0.0,0.0,0.0,0.0,0.0,0.0,2904.4,2904.4,4728.0,4728.0,0.0,0.0,0.0,0.0,0.0,321.7,0.0,0.0,0.0,0.0,0.0,0.0,0.0,4397.9,8.4,0.0
2050-03-16 10:00:00,2050-03-16 08:00:00,1667.4,2461.0,0.0,0.0,4128.4,1614.2,0.0,0.0,0.0,0.0319,0.0436,upv,upv,0.0,0.0,0.0,0.0,0.0,0.0,0.0,0.0,0.0,0.0,0.0,0.0,0.0,0.0,0.0,0.0,0.0,0.0,139.9,2.6,0.26,16.5,1055.1,0.06,140.1,48.0,188.1,0.0,0.0,0.0,0.0,0.0,0.0,0.0,0.0,0.0,0.0,0.0,0.0,0.0,0.0,0.0,0.0,0.0,6.6,6120.5,6127.1,4128.4,4128.4,0.0,0.0,0.0,0.0,0.0,432.7,0.0,0.0,0.0,0.0,0.0,0.0,0.0,3695.6,0.0,0.0
2050-03-16 11:00:00,2050-03-16 09:00:00,1685.3,4019.6,0.0,0.0,5704.8,1631.3,0.0,0.0,0.0,0.032,0.0441,upv,upv,0.0,0.0,0.0,0.0,0.0,0.0,0.0,0.0,0.0,0.0,0.0,0.0,0.0,0.0,0.0,0.0,0.0,0.0,140.1,2.6,0.27,16.6,1056.0,0.06,140.2,48.0,188.3,0.0,0.0,0.0,0.0,0.0,0.0,0.0,0.0,0.0,0.0,0.0,0.0,0.0,0.0,0.0,0.0,0.0,5.6,4604.7,4610.3,5704.8,5704.8,0.0,0.0,0.0,0.0,0.0,435.2,0.0,0.0,0.0,0.0,0.0,0.0,0.0,5269.6,0.0,0.0
2050-03-16 12:00:00,2050-03-16 10:00:00,1649.5,2431.9,0.0,0.0,4081.4,1597.0,-0.0,0.0,0.0,0.0318,0.0431,upv,upv,0.0,0.0,0.0,0.0,0.0,0.0,0.0,0.0,0.0,0.0,0.0,0.0,0.0,0.0,0.0,0.0,0.0,0.0,139.9,2.6,0.26,16.5,1054.9,0.06,140.1,48.0,188.1,0.0,0.0,0.0,0.0,0.0,0.0,0.0,0.0,0.0,0.0,0.0,0.0,0.0,0.0,0.0,0.0,0.0,5.1,6079.5,6084.6,4081.4,4081.4,0.0,0.0,0.0,0.0,0.0,428.7,0.0,0.0,0.0,0.0,0.0,0.0,0.0,3652.6,0.0,0.0
2050-03-16 13:00:00,2050-03-16 11:00:00,1618.9,2431.9,0.0,0.0,4050.8,1567.8,0.0,0.0,0.0,0.0316,0.0423,upv,upv,0.0,0.0,0.0,0.0,0.0,0.0,0.0,0.0,0.0,0.0,0.0,0.0,0.0,0.0,0.0,0.0,0.0,0.0,139.9,2.6,0.26,16.5,1054.7,0.06,140.1,48.0,188.0,0.0,0.0,0.0,0.0,0.0,0.0,0.0,0.0,0.0,0.0,0.0,0.0,0.0,0.0,0.0,0.0,0.0,2.1,5948.1,5950.2,4050.8,4050.8,0.0,0.0,0.0,0.0,0.0,421.9,0.0,0.0,0.0,0.0,0.0,0.0,0.0,3629.0,0.0,0.0
2050-03-16 14:00:00,2050-03-16 12:00:00,1621.1,3756.0,0.0,0.0,5377.1,1569.8,0.0,0.0,0.0,0.0316,0.0424,upv,upv,0.0,0.0,0.0,0.0,0.0,0.0,0.0,0.0,0.0,0.0,0.0,0.0,0.0,0.0,0.0,0.0,0.0,0.0,139.9,2.6,0.26,16.5,1054.7,0.06,140.1,48.0,188.0,0.0,0.0,0.0,0.0,0.0,0.0,0.0,0.0,0.0,0.0,0.0,0.0,0.0,0.0,0.0,0.0,0.0,0.1,4608.6,4608.6,5377.1,5377.1,0.0,0.0,0.0,0.0,0.0,421.5,0.0,0.0,0.0,0.0,0.0,0.0,0.0,4955.6,0.0,0.0
2050-03-16 15:00:00,2050-03-16 13:00:00,1662.1,4019.6,0.0,0.0,5681.7,1609.1,0.0,0.0,0.0,0.0319,0.0435,upv,upv,0.0,0.0,0.0,0.0,0.0,0.0,0.0,0.0,0.0,0.0,0.0,0.0,0.0,0.0,0.0,0.0,0.0,0.0,139.9,2.6,0.26,16.5,1055.0,0.06,140.1,48.0,188.1,0.0,0.0,0.0,0.0,0.0,0.0,0.0,0.0,0.0,0.0,0.0,0.0,0.0,0.0,0.0,0.0,0.0,0.1,4492.8,4493.0,5681.7,5681.7,0.0,0.0,0.0,0.0,0.0,429.5,0.0,0.0,0.0,0.0,0.0,0.0,0.0,5252.2,0.0,0.0
2050-03-16 16:00:00,2050-03-16 14:00:00,1688.4,2431.9,0.0,0.0,4120.3,1634.3,0.0,0.0,0.0,0.0321,0.0442,upv,upv,0.0,0.0,0.0,0.0,0.0,0.0,0.0,0.0,0.0,0.0,0.0,0.0,0.0,0.0,0.0,0.0,0.0,0.0,140.0,2.6,0.26,16.5,1055.2,0.06,140.1,48.0,188.1,0.0,0.0,0.0,0.0,0.0,0.0,0.0,0.0,0.0,0.0,0.0,0.0,0.0,0.0,0.0,0.0,0.0,0.9,6155.5,6156.4,4120.3,4120.3,0.0,0.0,0.0,0.0,0.0,433.8,0.0,0.0,0.0,0.0,0.0,0.0,0.0,3686.5,0.0,0.0
2050-03-16 17:00:00,2050-03-16 15:00:00,1765.3,2431.9,0.0,0.0,4197.2,1707.7,0.0,0.0,0.0,0.0326,0.0462,upv,upv,0.0,0.0,0.0,0.0,0.0,0.0,0.0,0.0,0.0,0.0,0.0,0.0,0.0,0.0,0.0,0.0,0.0,0.0,140.3,2.6,0.27,16.6,1057.7,0.06,140.5,48.1,188.6,0.0,0.0,0.0,0.0,0.0,0.0,0.0,0.0,0.0,0.0,0.0,0.0,0.0,0.0,0.0,0.0,0.0,1.3,6024.4,6025.7,4197.2,4197.2,0.0,0.0,0.0,0.0,0.0,431.3,0.0,0.0,0.0,0.0,0.0,0.0,0.0,3765.9,0.0,0.0
2050-03-16 18:00:00,2050-03-16 16:00:00,1861.1,3990.5,0.0,0.0,5851.5,1798.9,0.0,0.0,0.0,0.0334,0.0487,upv,upv,0.0,0.0,0.0,0.0,0.0,0.0,0.0,0.0,0.0,0.0,0.0,0.0,0.0,0.0,0.0,0.0,0.0,0.0,144.3,2.7,0.27,17.1,1088.1,0.06,144.5,49.5,194.0,0.0,0.0,0.0,0.0,0.0,0.0,0.0,0.0,0.0,0.0,0.0,0.0,0.0,0.0,0.0,0.0,0.0,4.9,2535.1,2540.0,5851.5,5851.5,0.0,0.0,0.0,0.0,0.0,354.0,0.0,0.0,0.0,0.0,0.0,0.0,0.0,5497.5,0.0,0.0
2050-03-16 19:00:00,2050-03-16 17:00:00,1948.4,0.0,0.0,11.9,1960.3,1881.9,-473.3,0.0,1447.4,0.0341,0.051,battery,gas-cc,0.0,0.0,0.0,0.0,0.0,0.0,0.0,0.0,0.0,0.0,0.0,0.0,0.0,0.0,0.0,0.0,0.0,0.0,144.8,2.7,0.27,17.1,1091.8,0.06,145.0,49.7,194.6,349.7,6.6,0.66,41.3,2639.0,0.15,350.1,120.0,470.1,26.22,0.0,0.0,26.22,27.62,0.0,0.0,27.62,0.0,0.0,0.0,3407.7,2433.6,974.1,0.0,0.0,0.0,0.0,101.1,0.0,0.0,0.0,0.0,0.0,0.0,0.0,2295.7,36.7,0.0
2050-03-16 20:00:00,2050-03-16 18:00:00,2056.8,0.0,0.0,19.8,2076.6,1984.7,2021.9,0.0,1802.8,0.0351,0.0538,battery,gas-cc,0.0,0.0,0.0,0.0,0.0,0.0,0.0,0.0,0.0,0.0,0.0,0.0,0.0,0.0,0.0,0.0,0.0,0.0,144.1,2.7,0.27,17.0,1086.1,0.06,144.2,49.4,193.6,371.8,7.0,0.7,43.9,2805.6,0.16,372.2,127.6,499.8,26.22,0.0,0.0,26.22,27.71,0.0,0.0,27.71,0.0,0.0,0.0,3879.4,54.7,3824.8,0.0,0.0,0.0,0.0,0.0,0.0,0.0,0.0,0.0,0.0,0.0,0.0,0.0,54.7,0.0
2050-03-16 21:00:00,2050-03-16 19:00:00,2097.9,0.0,0.0,5.0,2102.9,2023.5,2079.1,0.0,771.5,0.0355,0.0549,battery,gas-cc,0.0,0.0,0.0,0.0,0.0,0.0,0.0,0.0,0.0,0.0,0.0,0.0,0.0,0.0,0.0,0.0,0.0,0.0,144.1,2.7,0.27,17.0,1086.3,0.06,144.2,49.4,193.7,372.2,7.0,0.7,44.0,2808.7,0.16,372.6,127.7,500.3,26.22,0.0,0.0,26.22,27.74,0.0,0.0,27.74,0.0,0.0,0.0,2874.4,23.8,2850.6,0.0,0.0,0.0,0.0,0.0,0.0,0.0,0.0,0.0,0.0,0.0,0.0,0.0,23.8,0.0
2050-03-16 22:00:00,2050-03-16 20:00:00,1974.7,0.0,0.0,7.7,1982.5,1906.9,1959.5,0.0,1186.8,0.0344,0.0516,gas-cc,gas-cc,0.0,0.0,0.0,0.0,0.0,0.0,0.0,0.0,0.0,0.0,0.0,0.0,0.0,0.0,0.0,0.0,0.0,0.0,144.9,2.7,0.27,17.1,1092.4,0.06,145.0,49.7,194.7,370.9,7.0,0.7,43.8,2799.2,0.16,371.3,127.3,498.6,26.22,0.0,0.0,26.22,27.64,0.0,0.0,27.64,0.0,0.0,0.0,3169.2,22.9,3146.3,0.0,0.0,0.0,0.0,0.0,0.0,0.0,0.0,0.0,0.0,0.0,0.0,0.0,22.9,0.0
2050-03-16 23:00:00,2050-03-16 21:00:00,1834.7,0.0,0.0,7.9,1842.7,1773.9,1822.8,0.0,1222.6,0.0332,0.048,battery,gas-cc,0.0,0.0,0.0,0.0,0.0,0.0,0.0,0.0,0.0,0.0,0.0,0.0,0.0,0.0,0.0,0.0,0.0,0.0,144.0,2.7,0.27,17.0,1086.0,0.06,144.2,49.4,193.6,369.5,7.0,0.7,43.7,2788.4,0.16,369.9,126.8,496.7,26.22,0.0,0.0,26.22,27.54,0.0,0.0,27.54,0.0,0.0,0.0,3065.3,19.9,3045.5,0.0,0.0,0.0,0.0,0.0,0.0,0.0,0.0,0.0,0.0,0.0,0.0,0.0,19.9,0.0
2050-03-17 00:00:00,2050-03-16 22:00:00,1683.2,0.0,0.0,1.0,1684.2,1629.3,1668.9,0.0,154.1,0.032,0.044,gas-cc,gas-cc,0.0,0.0,0.0,0.0,0.0,0.0,0.0,0.0,0.0,0.0,0.0,0.0,0.0,0.0,0.0,0.0,0.0,0.0,210.3,4.0,0.4,24.8,1586.5,0.09,210.5,72.1,282.7,368.0,6.9,0.69,43.5,2776.9,0.16,368.4,126.3,494.6,26.22,0.0,0.0,26.22,27.42,0.0,0.0,27.42,0.0,0.0,0.0,1838.3,15.2,1823.1,0.0,0.0,0.0,0.0,0.0,0.0,0.0,0.0,0.0,0.0,0.0,0.0,0.0,15.2,0.0
2050-03-17 01:00:00,2050-03-16 23:00:00,1512.6,0.0,0.0,0.6,1513.2,1465.9,1508.4,0.0,91.6,0.0309,0.0396,gas-cc,gas-cc,0.0,0.0,0.0,0.0,0.0,0.0,0.0,0.0,0.0,0.0,0.0,0.0,0.0,0.0,0.0,0.0,0.0,0.0,189.7,3.6,0.36,22.4,1430.9,0.08,189.9,65.1,255.0,366.3,6.9,0.69,43.3,2764.0,0.16,366.7,125.7,492.3,26.22,0.0,0.0,26.22,27.3,0.0,0.0,27.3,0.0,0.0,0.0,1604.9,4.9,1600.0,0.0,0.0,0.0,0.0,0.0,0.0,0.0,0.0,0.0,0.0,0.0,0.0,0.0,4.9,0.0
2050-03-17 02:00:00,2050-03-17 00:00:00,1371.6,0.0,0.0,1.7,1373.3,1330.1,1368.5,0.0,262.0,0.0302,0.0359,gas-cc,gas-cc,0.0,0.0,0.0,0.0,0.0,0.0,0.0,0.0,0.0,0.0,0.0,0.0,0.0,0.0,0.0,0.0,0.0,0.0,167.9,3.2,0.32,19.8,1266.3,0.07,168.1,57.6,225.7,364.9,6.9,0.69,43.1,2753.4,0.16,365.3,125.2,490.5,26.22,0.0,0.0,26.22,27.19,0.0,0.0,27.19,0.0,0.0,0.0,1635.3,4.8,1630.5,0.0,0.0,0.0,0.0,0.0,0.0,0.0,0.0,0.0,0.0,0.0,0.0,0.0,4.8,0.0
2050-03-17 03:00:00,2050-03-17 01:00:00,1275.8,0.0,0.0,0.6,1276.4,1237.6,1273.4,0.0,90.4,0.0299,0.0334,gas-cc,gas-cc,0.0,0.0,0.0,0.0,0.0,0.0,0.0,0.0,0.0,0.0,0.0,0.0,0.0,0.0,0.0,0.0,0.0,0.0,194.5,3.7,0.37,23.0,1467.0,0.08,194.7,66.7,261.4,363.9,6.9,0.69,43.0,2746.3,0.16,364.3,124.9,489.2,26.22,0.0,0.0,26.22,27.12,0.0,0.0,27.12,0.0,0.0,0.0,1366.8,3.0,1363.8,0.0,0.0,0.0,0.0,0.0,0.0,0.0,0.0,0.0,0.0,0.0,0.0,0.0,3.0,0.0
2050-03-17 04:00:00,2050-03-17 02:00:00,1216.8,0.0,0.0,4.6,1221.5,1180.6,1219.6,0.0,710.6,0.0298,0.0318,gas-cc,gas-cc,0.0,0.0,0.0,0.0,0.0,0.0,0.0,0.0,0.0,0.0,0.0,0.0,0.0,0.0,0.0,0.0,0.0,0.0,142.7,2.7,0.27,16.9,1075.7,0.06,142.8,48.9,191.8,363.4,6.8,0.68,42.9,2741.9,0.16,363.7,124.7,488.4,26.22,0.0,0.0,26.22,27.08,0.0,0.0,27.08,0.0,0.0,0.0,1932.1,1.8,1930.2,0.0,0.0,0.0,0.0,0.0,0.0,0.0,0.0,0.0,0.0,0.0,0.0,0.0,1.8,0.0
2050-03-17 05:00:00,2050-03-17 03:00:00,1185.3,0.0,0.0,0.6,1185.9,1150.0,1184.2,0.0,99.5,0.0297,0.031,gas-cc,gas-cc,0.0,0.0,0.0,0.0,0.0,0.0,0.0,0.0,0.0,0.0,0.0,0.0,0.0,0.0,0.0,0.0,0.0,0.0,175.8,3.3,0.33,20.8,1325.6,0.08,176.0,60.3,236.3,363.0,6.8,0.68,42.9,2739.6,0.16,363.4,124.6,488.0,26.22,0.0,0.0,26.22,27.05,0.0,0.0,27.05,0.0,0.0,0.0,1285.4,1.7,1283.7,0.0,0.0,0.0,0.0,0.0,0.0,0.0,0.0,0.0,0.0,0.0,0.0,0.0,1.7,0.0
2050-03-17 06:00:00,2050-03-17 04:00:00,1180.0,0.0,0.0,3.1,1183.1,1144.9,1180.4,0.0,472.2,0.0297,0.0309,gas-cc,gas-cc,0.0,0.0,0.0,0.0,0.0,0.0,0.0,0.0,0.0,0.0,0.0,0.0,0.0,0.0,0.0,0.0,0.0,0.0,142.0,2.7,0.27,16.8,1070.7,0.06,142.2,48.7,190.9,363.0,6.8,0.68,42.9,2739.2,0.16,363.4,124.6,487.9,26.22,0.0,0.0,26.22,27.05,0.0,0.0,27.05,0.0,0.0,0.0,1655.3,2.7,1652.6,0.0,0.0,0.0,0.0,0.0,0.0,0.0,0.0,0.0,0.0,0.0,0.0,0.0,2.7,0.0
2050-03-17 07:00:00,2050-03-17 05:00:00,1245.3,0.0,0.0,0.8,1246.1,1208.1,1243.4,0.0,123.0,0.0298,0.0326,gas-cc,gas-cc,0.0,0.0,0.0,0.0,0.0,0.0,0.0,0.0,0.0,0.0,0.0,0.0,0.0,0.0,0.0,0.0,0.0,0.0,142.5,2.7,0.27,16.8,1074.5,0.06,142.7,48.9,191.5,363.6,6.9,0.69,43.0,2744.0,0.16,364.0,124.8,488.8,26.22,0.0,0.0,26.22,27.1,0.0,0.0,27.1,0.0,0.0,0.0,1369.1,2.6,1366.5,0.0,0.0,0.0,0.0,0.0,0.0,0.0,0.0,0.0,0.0,0.0,0.0,0.0,2.6,0.0
2050-03-17 08:00:00,2050-03-17 06:00:00,1361.1,0.0,0.0,10.3,1371.3,1320.0,-72.9,445.3,518.2,0.0302,0.0356,gas-cc,gas-cc,0.0,0.0,0.0,0.0,0.0,0.0,0.0,0.0,0.0,0.0,0.0,0.0,0.0,0.0,0.0,0.0,0.0,0.0,158.9,3.0,0.3,18.8,1198.1,0.07,159.1,54.5,213.6,369.2,7.0,0.7,43.6,2785.8,0.16,369.6,126.7,496.2,25.11,0.0,0.0,25.11,26.04,0.0,0.0,26.04,0.0,0.0,0.0,1444.2,1444.2,0.0,0.0,0.0,0.0,0.0,60.8,0.0,0.0,0.0,0.0,0.0,0.0,0.0,1380.5,2.9,0.0
2050-03-17 09:00:00,2050-03-17 07:00:00,1521.1,2744.3,0.0,0.0,4265.4,1473.9,0.0,0.0,0.0,0.031,0.0398,upv,upv,0.0,0.0,0.0,0.0,0.0,0.0,0.0,0.0,0.0,0.0,0.0,0.0,0.0,0.0,0.0,0.0,0.0,0.0,139.8,2.6,0.26,16.5,1054.0,0.06,140.0,47.9,187.9,0.0,0.0,0.0,0.0,0.0,0.0,0.0,0.0,0.0,0.0,0.0,0.0,0.0,0.0,0.0,0.0,0.0,2.6,3621.9,3624.5,4265.4,4265.4,0.0,0.0,0.0,0.0,0.0,332.9,0.0,0.0,0.0,0.0,0.0,0.0,0.0,3932.4,0.0,0.0
2050-03-17 10:00:00,2050-03-17 08:00:00,1660.0,3430.2,0.0,0.0,5090.2,1607.1,0.0,0.0,0.0,0.0319,0.0434,upv,upv,0.0,0.0,0.0,0.0,0.0,0.0,0.0,0.0,0.0,0.0,0.0,0.0,0.0,0.0,0.0,0.0,0.0,0.0,139.9,2.6,0.26,16.5,1055.0,0.06,140.1,48.0,188.1,0.0,0.0,0.0,0.0,0.0,0.0,0.0,0.0,0.0,0.0,0.0,0.0,0.0,0.0,0.0,0.0,0.0,3.6,5198.9,5202.5,5090.2,5090.2,0.0,0.0,0.0,0.0,0.0,434.1,0.0,0.0,0.0,0.0,0.0,0.0,0.0,4656.0,0.0,0.0
2050-03-17 11:00:00,2050-03-17 09:00:00,1685.3,2626.7,0.0,0.0,4312.0,1631.3,0.0,0.0,0.0,0.032,0.0441,upv,upv,0.0,0.0,0.0,0.0,0.0,0.0,0.0,0.0,0.0,0.0,0.0,0.0,0.0,0.0,0.0,0.0,0.0,0.0,140.0,2.6,0.26,16.5,1055.2,0.06,140.1,48.0,188.1,0.0,0.0,0.0,0.0,0.0,0.0,0.0,0.0,0.0,0.0,0.0,0.0,0.0,0.0,0.0,0.0,0.0,2.5,5997.6,6000.1,4312.0,4312.0,0.0,0.0,0.0,0.0,0.0,435.2,0.0,0.0,0.0,0.0,0.0,0.0,0.0,3876.8,0.0,0.0
2050-03-17 12:00:00,2050-03-17 10:00:00,1642.1,3535.0,0.0,0.0,5177.1,1590.0,0.0,0.0,0.0,0.0317,0.0429,upv,upv,0.0,0.0,0.0,0.0,0.0,0.0,0.0,0.0,0.0,0.0,0.0,0.0,0.0,0.0,0.0,0.0,0.0,0.0,139.9,2.6,0.26,16.5,1054.9,0.06,140.1,48.0,188.1,0.0,0.0,0.0,0.0,0.0,0.0,0.0,0.0,0.0,0.0,0.0,0.0,0.0,0.0,0.0,0.0,0.0,1.3,5118.8,5120.2,5177.1,5177.1,0.0,0.0,0.0,0.0,0.0,434.5,0.0,0.0,0.0,0.0,0.0,0.0,0.0,4742.6,0.0,0.0
2050-03-17 13:00:00,2050-03-17 11:00:00,1624.2,3016.4,0.0,0.0,4640.6,1572.9,0.0,0.0,0.0,0.0316,0.0425,upv,upv,0.0,0.0,0.0,0.0,0.0,0.0,0.0,0.0,0.0,0.0,0.0,0.0,0.0,0.0,0.0,0.0,0.0,0.0,139.9,2.6,0.26,16.5,1054.7,0.06,140.1,48.0,188.0,0.0,0.0,0.0,0.0,0.0,0.0,0.0,0.0,0.0,0.0,0.0,0.0,0.0,0.0,0.0,0.0,0.0,4.2,5628.4,5632.6,4640.6,4640.6,0.0,0.0,0.0,0.0,0.0,433.4,0.0,0.0,0.0,0.0,0.0,0.0,0.0,4207.2,0.0,0.0
2050-03-17 14:00:00,2050-03-17 12:00:00,1621.1,3402.2,0.0,0.0,5023.2,1569.8,0.0,0.0,0.0,0.0316,0.0424,upv,upv,0.0,0.0,0.0,0.0,0.0,0.0,0.0,0.0,0.0,0.0,0.0,0.0,0.0,0.0,0.0,0.0,0.0,0.0,139.9,2.6,0.26,16.5,1054.7,0.06,140.1,48.0,188.0,0.0,0.0,0.0,0.0,0.0,0.0,0.0,0.0,0.0,0.0,0.0,0.0,0.0,0.0,0.0,0.0,0.0,0.0,5275.8,5275.8,5023.2,5023.2,0.0,0.0,0.0,0.0,0.0,433.8,0.0,0.0,0.0,0.0,0.0,0.0,0.0,4572.7,16.8,0.0
2050-03-17 15:00:00,2050-03-17 13:00:00,1597.9,2983.4,0.0,0.0,4581.3,1547.6,0.0,0.0,0.0,0.0314,0.0418,upv,upv,0.0,0.0,0.0,0.0,0.0,0.0,0.0,0.0,0.0,0.0,0.0,0.0,0.0,0.0,0.0,0.0,0.0,0.0,139.9,2.6,0.26,16.5,1054.5,0.06,140.0,48.0,188.0,0.0,0.0,0.0,0.0,0.0,0.0,0.0,0.0,0.0,0.0,0.0,0.0,0.0,0.0,0.0,0.0,0.0,0.0,5773.3,5773.3,4581.3,4581.3,0.0,0.0,0.0,0.0,0.0,435.2,0.0,0.0,0.0,0.0,0.0,0.0,0.0,4101.0,45.1,0.0
2050-03-17 16:00:00,2050-03-17 14:00:00,1654.7,3532.2,0.0,0.0,5187.0,1602.1,0.0,0.0,0.0,0.0318,0.0433,upv,upv,0.0,0.0,0.0,0.0,0.0,0.0,0.0,0.0,0.0,0.0,0.0,0.0,0.0,0.0,0.0,0.0,0.0,0.0,139.9,2.6,0.26,16.5,1055.0,0.06,140.1,48.0,188.1,0.0,0.0,0.0,0.0,0.0,0.0,0.0,0.0,0.0,0.0,0.0,0.0,0.0,0.0,0.0,0.0,0.0,0.0,5167.9,5167.9,5187.0,5187.0,0.0,0.0,0.0,0.0,0.0,433.8,0.0,0.0,0.0,0.0,0.0,0.0,0.0,4680.5,72.7,0.0
2050-03-17 17:00:00,2050-03-17 15:00:00,1773.7,3240.3,0.0,0.0,5014.0,1715.7,0.0,0.0,0.0,0.0327,0.0464,upv,upv,0.0,0.0,0.0,0.0,0.0,0.0,0.0,0.0,0.0,0.0,0.0,0.0,0.0,0.0,0.0,0.0,0.0,0.0,140.1,2.6,0.27,16.5,1055.9,0.06,140.2,48.0,188.2,0.0,0.0,0.0,0.0,0.0,0.0,0.0,0.0,0.0,0.0,0.0,0.0,0.0,0.0,0.0,0.0,0.0,0.0,5373.0,5373.0,5014.0,5014.0,0.0,0.0,0.0,0.0,0.0,433.8,0.0,0.0,0.0,0.0,0.0,0.0,0.0,4475.5,104.7,0.0
2050-03-17 18:00:00,2050-03-17 16:00:00,1861.1,2655.8,0.0,10.7,4527.5,1798.9,-1640.0,0.0,1640.0,0.0334,0.0487,upv,upv,0.0,0.0,0.0,0.0,0.0,0.0,0.0,0.0,0.0,0.0,0.0,0.0,0.0,0.0,0.0,0.0,0.0,0.0,140.2,2.6,0.27,16.6,1056.7,0.06,140.3,48.1,188.4,0.0,0.0,0.0,0.0,0.0,0.0,0.0,0.0,0.0,0.0,0.0,0.0,0.0,0.0,0.0,0.0,0.0,0.0,2704.8,2704.8,6167.5,6167.5,0.0,0.0,0.0,0.0,0.0,369.0,0.0,0.0,0.0,0.0,0.0,0.0,0.0,5670.3,128.2,0.0
2050-03-17 19:00:00,2050-03-17 17:00:00,1935.8,0.0,0.0,14.9,1950.7,1869.9,-790.1,445.3,1235.4,0.034,0.0506,battery,gas-cc,0.0,0.0,0.0,0.0,0.0,0.0,0.0,0.0,0.0,0.0,0.0,0.0,0.0,0.0,0.0,0.0,0.0,0.0,142.5,2.7,0.27,16.8,1074.5,0.06,142.7,48.9,191.6,370.5,7.0,0.7,43.8,2796.2,0.16,370.9,127.1,498.1,26.22,0.0,0.0,26.22,27.61,0.0,0.0,27.61,0.0,0.0,0.0,2740.8,2740.8,0.0,0.0,0.0,0.0,0.0,108.5,0.0,0.0,0.0,0.0,0.0,0.0,0.0,2463.7,168.6,0.0
2050-03-17 20:00:00,2050-03-17 18:00:00,2041.1,0.0,0.0,17.6,2058.6,1969.7,1882.4,445.3,1640.0,0.0349,0.0534,battery,gas-cc,0.0,0.0,0.0,0.0,0.0,0.0,0.0,0.0,0.0,0.0,0.0,0.0,0.0,0.0,0.0,0.0,0.0,0.0,145.2,2.7,0.27,17.2,1094.6,0.06,145.3,49.8,195.1,350.6,6.6,0.66,41.4,2645.7,0.15,351.0,120.3,471.3,26.22,0.0,0.0,26.22,27.69,0.0,0.0,27.69,0.0,0.0,0.0,3253.3,176.2,3077.1,0.0,0.0,0.0,0.0,0.0,0.0,0.0,0.0,0.0,0.0,0.0,0.0,0.0,176.2,0.0
2050-03-17 21:00:00,2050-03-17 19:00:00,2072.6,0.0,0.0,10.6,2083.2,1999.6,1952.0,445.3,564.6,0.0352,0.0542,battery,gas-cc,0.0,0.0,0.0,0.0,0.0,0.0,0.0,0.0,0.0,0.0,0.0,0.0,0.0,0.0,0.0,0.0,0.0,0.0,154.6,2.9,0.29,18.3,1165.4,0.07,154.7,53.0,207.7,350.9,6.6,0.66,41.5,2648.0,0.15,351.3,120.4,471.7,26.22,0.0,0.0,26.22,27.72,0.0,0.0,27.72,0.0,0.0,0.0,2202.5,131.2,2071.3,0.0,0.0,0.0,0.0,0.0,0.0,0.0,0.0,0.0,0.0,0.0,0.0,0.0,131.2,0.0
2050-03-17 22:00:00,2050-03-17 20:00:00,1937.9,0.0,0.0,6.9,1944.8,1871.9,1844.9,445.3,0.0,0.034,0.0507,battery,gas-cc,0.0,0.0,0.0,0.0,0.0,0.0,0.0,0.0,0.0,0.0,0.0,0.0,0.0,0.0,0.0,0.0,0.0,0.0,171.1,3.2,0.32,20.2,1290.5,0.07,171.3,58.7,230.0,349.6,6.6,0.66,41.3,2638.2,0.15,350.0,120.0,469.9,26.22,0.0,0.0,26.22,27.62,0.0,0.0,27.62,0.0,0.0,0.0,1499.5,99.9,1399.6,0.0,0.0,0.0,0.0,0.0,0.0,0.0,0.0,0.0,0.0,0.0,0.0,0.0,99.9,0.0
2050-03-17 23:00:00,2050-03-17 21:00:00,1809.5,0.0,0.0,6.9,1816.4,1749.8,1732.4,445.3,0.0,0.033,0.0473,battery,gas-cc,0.0,0.0,0.0,0.0,0.0,0.0,0.0,0.0,0.0,0.0,0.0,0.0,0.0,0.0,0.0,0.0,0.0,0.0,166.8,3.1,0.32,19.7,1258.1,0.07,167.0,57.2,224.2,348.4,6.6,0.66,41.2,2628.9,0.15,348.8,119.5,468.3,26.22,0.0,0.0,26.22,27.52,0.0,0.0,27.52,0.0,0.0,0.0,1371.1,84.0,1287.1,0.0,0.0,0.0,0.0,0.0,0.0,0.0,0.0,0.0,0.0,0.0,0.0,0.0,84.0,0.0
2050-03-18 00:00:00,2050-03-17 22:00:00,1665.3,0.0,0.0,14.0,1679.3,1612.1,1623.7,445.3,1097.7,0.0319,0.0435,battery,gas-cc,0.0,0.0,0.0,0.0,0.0,0.0,0.0,0.0,0.0,0.0,0.0,0.0,0.0,0.0,0.0,0.0,0.0,0.0,143.2,2.7,0.27,16.9,1079.3,0.06,143.3,49.1,192.4,372.2,7.0,0.7,44.0,2809.0,0.16,372.6,127.7,500.4,25.11,0.0,0.0,25.11,26.26,0.0,0.0,26.26,0.0,0.0,0.0,2331.7,55.6,2276.1,0.0,0.0,0.0,0.0,0.0,0.0,0.0,0.0,0.0,0.0,0.0,0.0,0.0,55.6,0.0
2050-03-18 01:00:00,2050-03-17 23:00:00,1510.5,0.0,0.0,17.3,1527.9,1463.8,1463.0,445.3,1603.9,0.0309,0.0395,battery,gas-cc,0.0,0.0,0.0,0.0,0.0,0.0,0.0,0.0,0.0,0.0,0.0,0.0,0.0,0.0,0.0,0.0,0.0,0.0,147.9,2.8,0.28,17.5,1115.4,0.06,148.1,50.7,198.8,368.3,6.9,0.69,43.5,2779.5,0.16,368.7,126.4,495.1,25.11,0.0,0.0,25.11,26.15,0.0,0.0,26.15,0.0,0.0,0.0,2686.5,64.9,2621.6,0.0,0.0,0.0,0.0,0.0,0.0,0.0,0.0,0.0,0.0,0.0,0.0,0.0,64.9,0.0
2050-03-18 02:00:00,2050-03-18 00:00:00,1378.9,0.0,0.0,17.6,1396.5,1337.2,1290.4,445.3,1640.0,0.0303,0.0361,battery,gas-cc,0.0,0.0,0.0,0.0,0.0,0.0,0.0,0.0,0.0,0.0,0.0,0.0,0.0,0.0,0.0,0.0,0.0,0.0,136.1,2.6,0.26,16.1,1026.4,0.06,136.3,46.7,183.0,344.3,6.5,0.65,40.7,2598.2,0.15,344.7,118.1,462.8,25.11,0.0,0.0,25.11,26.05,0.0,0.0,26.05,0.0,0.0,0.0,2591.2,106.1,2485.1,0.0,0.0,0.0,0.0,0.0,0.0,0.0,0.0,0.0,0.0,0.0,0.0,0.0,106.1,0.0
2050-03-18 03:00:00,2050-03-18 01:00:00,1254.7,0.0,0.0,17.6,1272.3,1217.3,1124.7,445.3,1640.0,0.0298,0.0328,battery,gas-cc,0.0,0.0,0.0,0.0,0.0,0.0,0.0,0.0,0.0,0.0,0.0,0.0,0.0,0.0,0.0,0.0,0.0,0.0,142.7,2.7,0.27,16.9,1075.7,0.06,142.8,48.9,191.8,343.2,6.5,0.65,40.5,2589.5,0.15,343.5,117.7,461.3,25.11,0.0,0.0,25.11,25.97,0.0,0.0,25.97,0.0,0.0,0.0,2467.0,147.6,2319.3,0.0,0.0,0.0,0.0,0.0,0.0,0.0,0.0,0.0,0.0,0.0,0.0,0.0,147.6,0.0
2050-03-18 04:00:00,2050-03-18 02:00:00,1175.8,0.0,0.0,17.6,1193.4,1140.9,1023.7,445.3,1640.0,0.0297,0.0307,battery,gas-cc,0.0,0.0,0.0,0.0,0.0,0.0,0.0,0.0,0.0,0.0,0.0,0.0,0.0,0.0,0.0,0.0,0.0,0.0,158.5,3.0,0.3,18.7,1195.2,0.07,158.7,54.4,213.0,342.4,6.5,0.65,40.5,2584.0,0.15,342.8,117.5,460.3,25.11,0.0,0.0,25.11,25.91,0.0,0.0,25.91,0.0,0.0,0.0,2388.0,169.7,2218.4,0.0,0.0,0.0,0.0,0.0,0.0,0.0,0.0,0.0,0.0,0.0,0.0,0.0,169.7,0.0
2050-03-18 05:00:00,2050-03-18 03:00:00,1136.8,0.0,0.0,17.6,1154.4,1103.1,960.8,445.3,1640.0,0.0297,0.0297,battery,gas-cc,0.0,0.0,0.0,0.0,0.0,0.0,0.0,0.0,0.0,0.0,0.0,0.0,0.0,0.0,0.0,0.0,0.0,0.0,235.7,4.4,0.44,27.8,1778.4,0.1,236.0,80.9,316.8,342.1,6.4,0.64,40.4,2581.2,0.15,342.4,117.4,459.8,25.11,0.0,0.0,25.11,25.88,0.0,0.0,25.88,0.0,0.0,0.0,2349.1,193.6,2155.5,0.0,0.0,0.0,0.0,0.0,0.0,0.0,0.0,0.0,0.0,0.0,0.0,0.0,193.6,0.0
2050-03-18 06:00:00,2050-03-18 04:00:00,1108.4,0.0,0.0,14.1,1122.5,1075.5,912.5,445.3,1105.4,0.0297,0.029,battery,gas-cc,0.0,0.0,0.0,0.0,0.0,0.0,0.0,0.0,0.0,0.0,0.0,0.0,0.0,0.0,0.0,0.0,0.0,0.0,143.0,2.7,0.27,16.9,1078.2,0.06,143.2,49.0,192.2,366.7,6.9,0.69,43.3,2766.9,0.16,367.1,125.8,492.9,25.11,0.0,0.0,25.11,25.86,0.0,0.0,25.86,0.0,0.0,0.0,1782.6,210.0,1572.6,0.0,0.0,0.0,0.0,0.0,0.0,0.0,0.0,0.0,0.0,0.0,0.0,0.0,210.0,0.0
2050-03-18 07:00:00,2050-03-18 05:00:00,1105.3,0.0,0.0,17.3,1122.6,1072.4,911.5,445.3,1605.1,0.0297,0.0289,gas-cc,gas-cc,0.0,0.0,0.0,0.0,0.0,0.0,0.0,0.0,0.0,0.0,0.0,0.0,0.0,0.0,0.0,0.0,0.0,0.0,220.7,4.2,0.42,26.1,1664.5,0.1,220.9,75.7,296.6,366.6,6.9,0.69,43.3,2766.7,0.16,367.0,125.8,492.8,25.11,0.0,0.0,25.11,25.86,0.0,0.0,25.86,0.0,0.0,0.0,2282.4,211.1,2071.3,0.0,0.0,0.0,0.0,0.0,0.0,0.0,0.0,0.0,0.0,0.0,0.0,0.0,211.1,0.0
2050-03-18 08:00:00,2050-03-18 06:00:00,1147.4,0.0,0.0,16.8,1164.2,1113.3,-292.2,445.3,1526.3,0.0297,0.03,battery,gas-cc,0.0,0.0,0.0,0.0,0.0,0.0,0.0,0.0,0.0,0.0,0.0,0.0,0.0,0.0,0.0,0.0,0.0,0.0,143.2,2.7,0.27,16.9,1079.8,0.06,143.4,49.1,192.5,372.0,7.0,0.7,43.9,2807.2,0.16,372.4,127.6,500.1,25.11,0.0,0.0,25.11,25.89,0.0,0.0,25.89,0.0,0.0,0.0,2245.2,1456.4,788.8,0.0,0.0,0.0,0.0,52.8,0.0,0.0,0.0,0.0,0.0,0.0,0.0,1198.7,204.8,0.0
2050-03-18 09:00:00,2050-03-18 07:00:00,1229.5,2431.9,0.0,8.4,3669.8,1192.8,-1297.3,0.0,1297.3,0.0298,0.0322,upv,upv,0.0,0.0,0.0,0.0,0.0,0.0,0.0,0.0,0.0,0.0,0.0,0.0,0.0,0.0,0.0,0.0,0.0,0.0,139.6,2.6,0.26,16.5,1052.7,0.06,139.8,47.9,187.7,0.0,0.0,0.0,0.0,0.0,0.0,0.0,0.0,0.0,0.0,0.0,0.0,0.0,0.0,0.0,0.0,0.0,0.0,0.0,0.0,4967.1,4967.1,0.0,0.0,0.0,0.0,0.0,201.4,0.0,0.0,0.0,0.0,0.0,0.0,0.0,4572.0,193.7,0.0
2050-03-18 10:00:00,2050-03-18 08:00:00,1343.2,3906.7,0.0,10.7,5260.5,1302.7,-1640.0,0.0,1640.0,0.0301,0.0351,battery,upv,0.0,0.0,0.0,0.0,0.0,0.0,0.0,0.0,0.0,0.0,0.0,0.0,0.0,0.0,0.0,0.0,0.0,0.0,139.7,2.6,0.26,16.5,1053.1,0.06,139.8,47.9,187.7,0.0,0.0,0.0,0.0,0.0,0.0,0.0,0.0,0.0,0.0,0.0,0.0,0.0,0.0,0.0,0.0,0.0,0.0,0.0,0.0,6900.4,6900.4,0.0,0.0,0.0,0.0,0.0,282.8,0.0,0.0,0.0,0.0,0.0,0.0,0.0,6417.0,200.7,0.0
2050-03-18 11:00:00,2050-03-18 09:00:00,1404.2,3435.1,0.0,10.7,4850.0,1361.6,-1640.0,0.0,1640.0,0.0304,0.0367,upv,upv,0.0,0.0,0.0,0.0,0.0,0.0,0.0,0.0,0.0,0.0,0.0,0.0,0.0,0.0,0.0,0.0,0.0,0.0,139.7,2.6,0.26,16.5,1053.4,0.06,139.9,47.9,187.8,0.0,0.0,0.0,0.0,0.0,0.0,0.0,0.0,0.0,0.0,0.0,0.0,0.0,0.0,0.0,0.0,0.0,0.0,1303.2,1303.2,6489.9,6489.9,0.0,0.0,0.0,0.0,0.0,319.2,0.0,0.0,0.0,0.0,0.0,0.0,0.0,5940.9,229.8,0.0
2050-03-18 12:00:00,2050-03-18 10:00:00,1464.2,3402.2,0.0,10.7,4877.0,1419.3,-1640.0,0.0,1640.0,0.0307,0.0383,upv,upv,0.0,0.0,0.0,0.0,0.0,0.0,0.0,0.0,0.0,0.0,0.0,0.0,0.0,0.0,0.0,0.0,0.0,0.0,139.8,2.6,0.26,16.5,1053.7,0.06,139.9,47.9,187.8,0.0,0.0,0.0,0.0,0.0,0.0,0.0,0.0,0.0,0.0,0.0,0.0,0.0,0.0,0.0,0.0,0.0,0.0,2478.3,2478.3,6517.0,6517.0,0.0,0.0,0.0,0.0,0.0,369.0,0.0,0.0,0.0,0.0,0.0,0.0,0.0,5896.7,251.3,0.0
2050-03-18 13:00:00,2050-03-18 11:00:00,1505.3,3307.2,0.0,10.7,4823.1,1458.8,-1640.0,0.0,1640.0,0.0309,0.0394,upv,upv,0.0,0.0,0.0,0.0,0.0,0.0,0.0,0.0,0.0,0.0,0.0,0.0,0.0,0.0,0.0,0.0,0.0,0.0,139.8,2.6,0.26,16.5,1053.9,0.06,139.9,47.9,187.9,0.0,0.0,0.0,0.0,0.0,0.0,0.0,0.0,0.0,0.0,0.0,0.0,0.0,0.0,0.0,0.0,0.0,0.0,2033.6,2033.6,6463.1,6463.1,0.0,0.0,0.0,0.0,0.0,347.4,0.0,0.0,0.0,0.0,0.0,0.0,0.0,5850.4,265.3,0.0
2050-03-18 14:00:00,2050-03-18 12:00:00,1544.2,3995.8,0.0,10.7,5550.7,1496.2,-1640.0,0.0,1640.0,0.0311,0.0404,upv,upv,0.0,0.0,0.0,0.0,0.0,0.0,0.0,0.0,0.0,0.0,0.0,0.0,0.0,0.0,0.0,0.0,0.0,0.0,139.8,2.6,0.26,16.5,1054.2,0.06,140.0,48.0,187.9,0.0,0.0,0.0,0.0,0.0,0.0,0.0,0.0,0.0,0.0,0.0,0.0,0.0,0.0,0.0,0.0,0.0,0.0,471.7,471.7,7190.6,7190.6,0.0,0.0,0.0,0.0,0.0,311.8,0.0,0.0,0.0,0.0,0.0,0.0,0.0,6604.5,274.4,0.0
2050-03-18 15:00:00,2050-03-18 13:00:00,1582.1,3629.9,0.0,10.7,5222.7,1532.5,-1640.0,0.0,1640.0,0.0313,0.0414,upv,upv,0.0,0.0,0.0,0.0,0.0,0.0,0.0,0.0,0.0,0.0,0.0,0.0,0.0,0.0,0.0,0.0,0.0,0.0,139.9,2.6,0.26,16.5,1054.4,0.06,140.0,48.0,188.0,0.0,0.0,0.0,0.0,0.0,0.0,0.0,0.0,0.0,0.0,0.0,0.0,0.0,0.0,0.0,0.0,0.0,0.0,524.6,524.6,6862.7,6862.7,0.0,0.0,0.0,0.0,0.0,300.1,0.0,0.0,0.0,0.0,0.0,0.0,0.0,6286.6,276.0,0.0
2050-03-18 16:00:00,2050-03-18 14:00:00,1608.4,3016.4,0.0,10.7,4635.4,1557.7,-1640.0,0.0,1640.0,0.0315,0.0421,upv,upv,0.0,0.0,0.0,0.0,0.0,0.0,0.0,0.0,0.0,0.0,0.0,0.0,0.0,0.0,0.0,0.0,0.0,0.0,139.9,2.6,0.26,16.5,1054.6,0.06,140.0,48.0,188.0,0.0,0.0,0.0,0.0,0.0,0.0,0.0,0.0,0.0,0.0,0.0,0.0,0.0,0.0,0.0,0.0,0.0,0.0,2010.9,2010.9,6275.4,6275.4,0.0,0.0,0.0,0.0,0.0,338.0,0.0,0.0,0.0,0.0,0.0,0.0,0.0,5659.8,277.6,0.0
2050-03-18 17:00:00,2050-03-18 15:00:00,1647.4,2431.9,0.0,10.7,4089.9,1595.0,-1640.0,0.0,1640.0,0.0318,0.0431,upv,upv,0.0,0.0,0.0,0.0,0.0,0.0,0.0,0.0,0.0,0.0,0.0,0.0,0.0,0.0,0.0,0.0,0.0,0.0,172.1,3.2,0.33,20.3,1298.0,0.07,172.3,59.0,231.3,0.0,0.0,0.0,0.0,0.0,0.0,0.0,0.0,0.0,0.0,0.0,0.0,0.0,0.0,0.0,0.0,0.0,0.0,1335.6,1335.6,5729.9,5729.9,0.0,0.0,0.0,0.0,0.0,286.5,0.0,0.0,0.0,0.0,0.0,0.0,0.0,5165.4,277.9,0.0
2050-03-18 18:00:00,2050-03-18 16:00:00,1685.3,1184.4,0.0,17.6,2887.2,1631.3,-1194.7,445.3,1640.0,0.032,0.0441,battery,gas-cc,0.0,0.0,0.0,0.0,0.0,0.0,0.0,0.0,0.0,0.0,0.0,0.0,0.0,0.0,0.0,0.0,0.0,0.0,171.3,3.2,0.32,20.2,1291.8,0.07,171.5,58.8,230.2,308.3,5.8,0.58,36.4,2326.5,0.13,308.6,105.8,414.4,21.32,0.0,0.0,21.32,22.3,0.0,0.0,22.3,0.0,0.0,0.0,4081.9,4081.9,0.0,0.0,0.0,0.0,0.0,160.6,0.0,0.0,0.0,0.0,0.0,0.0,0.0,3644.7,276.6,0.0
2050-03-18 19:00:00,2050-03-18 17:00:00,1711.6,0.0,0.0,17.6,1729.1,1656.4,883.7,445.3,1640.0,0.0322,0.0448,battery,gas-cc,0.0,0.0,0.0,0.0,0.0,0.0,0.0,0.0,0.0,0.0,0.0,0.0,0.0,0.0,0.0,0.0,0.0,0.0,147.4,2.8,0.28,17.4,1111.4,0.06,147.6,50.6,198.1,347.4,6.5,0.65,41.0,2621.9,0.15,347.8,119.2,467.0,25.11,0.0,0.0,25.11,26.29,0.0,0.0,26.29,0.0,0.0,0.0,2923.8,845.4,2078.4,0.0,0.0,0.0,0.0,24.4,0.0,0.0,0.0,0.0,0.0,0.0,0.0,554.5,266.4,0.0
2050-03-18 20:00:00,2050-03-18 18:00:00,1770.5,0.0,0.0,17.6,1788.1,1712.7,1546.0,445.3,1640.0,0.0327,0.0463,battery,gas-cc,0.0,0.0,0.0,0.0,0.0,0.0,0.0,0.0,0.0,0.0,0.0,0.0,0.0,0.0,0.0,0.0,0.0,0.0,139.1,2.6,0.26,16.4,1048.6,0.06,139.2,47.7,186.9,348.0,6.6,0.66,41.1,2626.1,0.15,348.4,119.4,467.8,25.11,0.0,0.0,25.11,26.33,0.0,0.0,26.33,0.0,0.0,0.0,2982.7,242.1,2740.6,0.0,0.0,0.0,0.0,0.0,0.0,0.0,0.0,0.0,0.0,0.0,0.0,0.0,242.1,0.0
2050-03-18 21:00:00,2050-03-18 19:00:00,1798.9,0.0,0.0,17.6,1816.5,1739.8,1611.7,445.3,1640.0,0.0329,0.047,battery,gas-cc,0.0,0.0,0.0,0.0,0.0,0.0,0.0,0.0,0.0,0.0,0.0,0.0,0.0,0.0,0.0,0.0,0.0,0.0,147.8,2.8,0.28,17.5,1114.2,0.06,147.9,50.7,198.6,348.3,6.6,0.66,41.1,2628.1,0.15,348.6,119.5,468.2,25.11,0.0,0.0,25.11,26.35,0.0,0.0,26.35,0.0,0.0,0.0,3011.2,204.8,2806.4,0.0,0.0,0.0,0.0,0.0,0.0,0.0,0.0,0.0,0.0,0.0,0.0,0.0,204.8,0.0
2050-03-18 22:00:00,2050-03-18 20:00:00,1747.4,0.0,0.0,17.6,1764.9,1690.6,1555.5,445.3,1640.0,0.0325,0.0457,battery,gas-cc,0.0,0.0,0.0,0.0,0.0,0.0,0.0,0.0,0.0,0.0,0.0,0.0,0.0,0.0,0.0,0.0,0.0,0.0,153.7,2.9,0.29,18.2,1158.9,0.07,153.9,52.7,206.6,347.8,6.6,0.66,41.1,2624.4,0.15,348.2,119.3,467.5,25.11,0.0,0.0,25.11,26.32,0.0,0.0,26.32,0.0,0.0,0.0,2959.6,209.4,2750.2,0.0,0.0,0.0,0.0,0.0,0.0,0.0,0.0,0.0,0.0,0.0,0.0,0.0,209.4,0.0
2050-03-18 23:00:00,2050-03-18 21:00:00,1667.4,0.0,0.0,17.6,1684.9,1614.2,1450.6,445.3,1640.0,0.0319,0.0436,battery,gas-cc,0.0,0.0,0.0,0.0,0.0,0.0,0.0,0.0,0.0,0.0,0.0,0.0,0.0,0.0,0.0,0.0,0.0,0.0,148.3,2.8,0.28,17.5,1118.6,0.06,148.5,50.9,199.4,347.0,6.5,0.65,41.0,2618.7,0.15,347.4,119.1,466.5,25.11,0.0,0.0,25.11,26.26,0.0,0.0,26.26,0.0,0.0,0.0,2879.6,234.3,2645.3,0.0,0.0,0.0,0.0,0.0,0.0,0.0,0.0,0.0,0.0,0.0,0.0,0.0,234.3,0.0
2050-03-19 00:00:00,2050-03-18 22:00:00,1562.1,0.0,0.0,17.6,1579.7,1513.3,1343.0,445.3,1640.0,0.0312,0.0409,battery,gas-cc,0.0,0.0,0.0,0.0,0.0,0.0,0.0,0.0,0.0,0.0,0.0,0.0,0.0,0.0,0.0,0.0,0.0,0.0,142.0,2.7,0.27,16.8,1070.4,0.06,142.1,48.7,190.8,346.0,6.5,0.65,40.9,2611.2,0.15,346.4,118.7,465.1,25.12,0.0,0.0,25.12,26.19,0.0,0.0,26.19,0.0,0.0,0.0,2774.3,236.6,2537.7,0.0,0.0,0.0,0.0,0.0,0.0,0.0,0.0,0.0,0.0,0.0,0.0,0.0,236.6,0.0
2050-03-19 01:00:00,2050-03-18 23:00:00,1448.4,0.0,0.0,17.6,1466.0,1404.1,1240.8,445.3,1640.0,0.0306,0.0379,battery,gas-cc,0.0,0.0,0.0,0.0,0.0,0.0,0.0,0.0,0.0,0.0,0.0,0.0,0.0,0.0,0.0,0.0,0.0,0.0,141.8,2.7,0.27,16.8,1068.9,0.06,141.9,48.6,190.6,345.0,6.5,0.65,40.7,2603.1,0.15,345.3,118.4,463.7,25.12,0.0,0.0,25.12,26.11,0.0,0.0,26.11,0.0,0.0,0.0,2660.6,225.2,2435.5,0.0,0.0,0.0,0.0,0.0,0.0,0.0,0.0,0.0,0.0,0.0,0.0,0.0,225.2,0.0
2050-03-19 02:00:00,2050-03-19 00:00:00,1368.4,0.0,0.0,17.6,1386.0,1327.1,1158.8,445.3,1640.0,0.0302,0.0358,battery,gas-cc,0.0,0.0,0.0,0.0,0.0,0.0,0.0,0.0,0.0,0.0,0.0,0.0,0.0,0.0,0.0,0.0,0.0,0.0,195.8,3.7,0.37,23.1,1477.2,0.09,196.1,67.2,263.2,344.2,6.5,0.65,40.7,2597.5,0.15,344.6,118.1,462.7,25.12,0.0,0.0,25.12,26.05,0.0,0.0,26.05,0.0,0.0,0.0,2580.6,227.2,2353.4,0.0,0.0,0.0,0.0,0.0,0.0,0.0,0.0,0.0,0.0,0.0,0.0,0.0,227.2,0.0
2050-03-19 03:00:00,2050-03-19 01:00:00,1268.4,0.0,0.0,17.6,1286.0,1230.5,1057.7,445.3,1640.0,0.0299,0.0332,battery,gas-cc,0.0,0.0,0.0,0.0,0.0,0.0,0.0,0.0,0.0,0.0,0.0,0.0,0.0,0.0,0.0,0.0,0.0,0.0,163.9,3.1,0.31,19.4,1236.0,0.07,164.1,56.2,220.3,343.3,6.5,0.65,40.6,2590.4,0.15,343.6,117.8,461.4,25.12,0.0,0.0,25.12,25.98,0.0,0.0,25.98,0.0,0.0,0.0,2480.6,228.3,2252.3,0.0,0.0,0.0,0.0,0.0,0.0,0.0,0.0,0.0,0.0,0.0,0.0,0.0,228.3,0.0
2050-03-19 04:00:00,2050-03-19 02:00:00,1201.1,0.0,0.0,17.2,1218.3,1165.3,962.3,445.3,1585.4,0.0297,0.0314,battery,gas-cc,0.0,0.0,0.0,0.0,0.0,0.0,0.0,0.0,0.0,0.0,0.0,0.0,0.0,0.0,0.0,0.0,0.0,0.0,143.5,2.7,0.27,17.0,1081.7,0.06,143.6,49.2,192.8,367.6,6.9,0.69,43.4,2773.8,0.16,368.0,126.1,494.1,25.12,0.0,0.0,25.12,25.94,0.0,0.0,25.94,0.0,0.0,0.0,2358.4,255.9,2102.4,0.0,0.0,0.0,0.0,0.0,0.0,0.0,0.0,0.0,0.0,0.0,0.0,0.0,255.9,0.0
2050-03-19 05:00:00,2050-03-19 03:00:00,1156.8,0.0,0.0,6.9,1163.7,1122.5,892.5,445.3,0.0,0.0297,0.0303,battery,gas-cc,0.0,0.0,0.0,0.0,0.0,0.0,0.0,0.0,0.0,0.0,0.0,0.0,0.0,0.0,0.0,0.0,0.0,0.0,143.8,2.7,0.27,17.0,1084.0,0.06,143.9,49.3,193.3,342.2,6.5,0.65,40.4,2582.6,0.15,342.6,117.4,460.0,25.12,0.0,0.0,25.12,25.91,0.0,0.0,25.91,0.0,0.0,0.0,718.4,271.2,447.2,0.0,0.0,0.0,0.0,0.0,0.0,0.0,0.0,0.0,0.0,0.0,0.0,0.0,271.2,0.0
2050-03-19 06:00:00,2050-03-19 04:00:00,1124.2,0.0,0.0,6.9,1131.1,1090.8,852.6,445.3,0.0,0.0297,0.0294,battery,gas-cc,0.0,0.0,0.0,0.0,0.0,0.0,0.0,0.0,0.0,0.0,0.0,0.0,0.0,0.0,0.0,0.0,0.0,0.0,148.9,2.8,0.28,17.6,1122.6,0.06,149.1,51.1,200.1,341.9,6.4,0.64,40.4,2580.4,0.15,342.3,117.3,459.6,25.12,0.0,0.0,25.12,25.88,0.0,0.0,25.88,0.0,0.0,0.0,685.8,278.5,407.3,0.0,0.0,0.0,0.0,0.0,0.0,0.0,0.0,0.0,0.0,0.0,0.0,0.0,278.5,0.0
2050-03-19 07:00:00,2050-03-19 05:00:00,1121.1,0.0,0.0,6.9,1128.0,1087.8,848.1,445.3,0.0,0.0297,0.0293,battery,gas-cc,0.0,0.0,0.0,0.0,0.0,0.0,0.0,0.0,0.0,0.0,0.0,0.0,0.0,0.0,0.0,0.0,0.0,0.0,152.4,2.9,0.29,18.0,1149.4,0.07,152.6,52.3,204.9,341.9,6.4,0.64,40.4,2580.1,0.15,342.3,117.3,459.6,25.12,0.0,0.0,25.12,25.88,0.0,0.0,25.88,0.0,0.0,0.0,682.6,279.8,402.8,0.0,0.0,0.0,0.0,0.0,0.0,0.0,0.0,0.0,0.0,0.0,0.0,0.0,279.8,0.0
2050-03-19 08:00:00,2050-03-19 06:00:00,1152.6,0.0,0.0,6.9,1159.5,1118.4,763.6,445.3,0.0,0.0297,0.0301,battery,gas-cc,0.0,0.0,0.0,0.0,0.0,0.0,0.0,0.0,0.0,0.0,0.0,0.0,0.0,0.0,0.0,0.0,0.0,0.0,142.0,2.7,0.27,16.8,1070.6,0.06,142.2,48.7,190.9,342.2,6.4,0.64,40.4,2582.3,0.15,342.6,117.4,460.0,25.12,0.0,0.0,25.12,25.9,0.0,0.0,25.9,0.0,0.0,0.0,714.2,395.9,318.3,0.0,0.0,0.0,0.0,4.9,0.0,0.0,0.0,0.0,0.0,0.0,0.0,111.2,279.8,0.0
2050-03-19 09:00:00,2050-03-19 07:00:00,1245.3,1456.6,0.0,12.1,2714.0,1208.1,1243.2,1243.2,0.0,0.0298,0.0326,battery,gas-cc,0.0,0.0,0.0,0.0,0.0,0.0,0.0,0.0,0.0,0.0,0.0,0.0,0.7,1.6,0.01,0.0,0.7,0.7,139.6,2.6,0.26,16.5,1052.8,0.06,139.8,47.9,187.7,304.6,5.7,0.57,36.0,2298.9,0.13,305.0,104.5,409.5,21.03,0.0,0.0,21.03,21.74,0.0,0.0,21.74,0.0,0.0,0.0,1470.8,1470.8,0.0,0.0,0.0,0.0,0.0,50.3,0.0,0.0,0.0,0.0,0.0,0.0,0.0,1140.6,280.0,0.0
2050-03-19 10:00:00,2050-03-19 08:00:00,1407.4,2002.8,0.0,12.1,3422.3,1364.6,1243.2,1243.2,0.0,0.0304,0.0368,battery,gas-cc,0.0,0.0,0.0,0.0,0.0,0.0,0.0,0.0,0.0,0.0,0.0,0.0,0.4,1.0,0.01,0.0,0.4,0.4,139.7,2.6,0.26,16.5,1053.4,0.06,139.9,47.9,187.8,306.0,5.8,0.58,36.1,2309.0,0.13,306.3,105.0,411.3,21.03,0.0,0.0,21.03,21.83,0.0,0.0,21.83,0.0,0.0,0.0,2179.1,2179.1,0.0,0.0,0.0,0.0,0.0,80.2,0.0,0.0,0.0,0.0,0.0,0.0,0.0,1819.1,279.8,0.0
2050-03-19 11:00:00,2050-03-19 09:00:00,1500.0,2593.8,0.0,7.3,4101.1,1453.7,387.5,445.3,57.8,0.0309,0.0392,battery,gas-cc,0.0,0.0,0.0,0.0,0.0,0.0,0.0,0.0,0.0,0.0,0.0,0.0,0.0,0.0,0.0,0.0,0.0,0.0,139.8,2.6,0.26,16.5,1053.9,0.06,139.9,47.9,187.9,325.0,6.1,0.61,38.4,2452.2,0.14,325.3,111.5,436.8,17.86,0.0,0.0,17.86,18.59,0.0,0.0,18.59,0.0,0.0,0.0,3713.5,3713.5,0.0,0.0,0.0,0.0,0.0,145.2,0.0,0.0,0.0,0.0,0.0,0.0,0.0,3294.1,274.2,0.0
2050-03-19 12:00:00,2050-03-19 10:00:00,1562.1,4019.6,0.0,12.4,5594.1,1513.3,-1528.6,111.3,1640.0,0.0312,0.0409,distpv,distpv,0.0,0.0,0.0,0.0,0.0,0.0,0.0,0.0,0.0,0.0,0.0,0.0,0.0,0.0,0.0,0.0,0.0,0.0,139.8,2.6,0.26,16.5,1054.3,0.06,140.0,48.0,188.0,0.0,0.0,0.0,0.0,0.0,0.0,0.0,0.0,0.0,0.02,0.0,0.0,0.02,0.02,0.0,0.0,0.02,0.0,0.0,0.0,7122.7,7122.7,0.0,0.0,0.0,0.0,0.0,289.3,0.0,0.0,0.0,0.0,0.0,0.0,0.0,6565.6,267.8,0.0
2050-03-19 13:00:00,2050-03-19 11:00:00,1608.4,4019.6,0.0,10.7,5638.7,1557.7,-1640.0,0.0,1640.0,0.0315,0.0421,upv,upv,0.0,0.0,0.0,0.0,0.0,0.0,0.0,0.0,0.0,0.0,0.0,0.0,0.0,0.0,0.0,0.0,0.0,0.0,139.9,2.6,0.26,16.5,1054.6,0.06,140.0,48.0,188.0,0.0,0.0,0.0,0.0,0.0,0.0,0.0,0.0,0.0,0.0,0.0,0.0,0.0,0.0,0.0,0.0,0.0,0.0,513.4,513.4,7278.6,7278.6,0.0,0.0,0.0,0.0,0.0,317.6,0.0,0.0,0.0,0.0,0.0,0.0,0.0,6692.0,269.0,0.0
2050-03-19 14:00:00,2050-03-19 12:00:00,1644.2,4014.7,0.0,14.9,5673.7,1592.0,-781.7,445.3,1227.0,0.0318,0.043,battery,gas-cc,0.0,0.0,0.0,0.0,0.0,0.0,0.0,0.0,0.0,0.0,0.0,0.0,0.0,0.0,0.0,0.0,0.0,0.0,139.9,2.6,0.26,16.5,1054.9,0.06,140.1,48.0,188.1,326.2,6.1,0.61,38.5,2461.9,0.14,326.6,111.9,438.5,17.86,0.0,0.0,17.86,18.66,0.0,0.0,18.66,0.0,0.0,0.0,6455.5,6455.5,0.0,0.0,0.0,0.0,0.0,260.9,0.0,0.0,0.0,0.0,0.0,0.0,0.0,5922.6,271.9,0.0
2050-03-19 15:00:00,2050-03-19 13:00:00,1647.4,3762.7,0.0,11.1,5421.2,1595.0,-195.6,445.3,640.9,0.0318,0.0431,battery,gas-cc,0.0,0.0,0.0,0.0,0.0,0.0,0.0,0.0,0.0,0.0,0.0,0.0,0.0,0.0,0.0,0.0,0.0,0.0,139.9,2.6,0.26,16.5,1054.9,0.06,140.1,48.0,188.1,326.3,6.1,0.61,38.5,2462.1,0.14,326.6,112.0,438.6,17.86,0.0,0.0,17.86,18.66,0.0,0.0,18.66,0.0,0.0,0.0,5616.8,5616.8,0.0,0.0,0.0,0.0,0.0,225.2,0.0,0.0,0.0,0.0,0.0,0.0,0.0,5111.6,280.0,0.0
2050-03-19 16:00:00,2050-03-19 14:00:00,1665.3,2461.0,0.0,15.8,4142.0,1612.1,-918.2,445.3,1363.5,0.0319,0.0435,battery,gas-cc,0.0,0.0,0.0,0.0,0.0,0.0,0.0,0.0,0.0,0.0,0.0,0.0,0.0,0.0,0.0,0.0,0.0,0.0,139.9,2.6,0.26,16.5,1055.0,0.06,140.1,48.0,188.1,326.4,6.2,0.62,38.6,2463.3,0.14,326.8,112.0,438.8,17.86,0.0,0.0,17.86,18.67,0.0,0.0,18.67,0.0,0.0,0.0,5060.2,5060.2,0.0,0.0,0.0,0.0,0.0,201.7,0.0,0.0,0.0,0.0,0.0,0.0,0.0,4578.5,280.0,0.0
2050-03-19 17:00:00,2050-03-19 15:00:00,1665.3,3660.0,0.0,7.1,5332.4,1612.1,417.2,445.3,28.1,0.0319,0.0435,battery,gas-cc,0.0,0.0,0.0,0.0,0.0,0.0,0.0,0.0,0.0,0.0,0.0,0.0,0.0,0.0,0.0,0.0,0.0,0.0,139.9,2.6,0.26,16.5,1055.0,0.06,140.1,48.0,188.1,326.4,6.2,0.62,38.6,2463.3,0.14,326.8,112.0,438.8,17.86,0.0,0.0,17.86,18.67,0.0,0.0,18.67,0.0,0.0,0.0,4915.1,4915.1,0.0,0.0,0.0,0.0,0.0,195.6,0.0,0.0,0.0,0.0,0.0,0.0,0.0,4439.6,280.0,0.0
2050-03-19 18:00:00,2050-03-19 16:00:00,1711.6,2593.8,0.0,7.0,4312.3,1656.4,436.2,445.3,9.1,0.0322,0.0448,battery,gas-cc,0.0,0.0,0.0,0.0,0.0,0.0,0.0,0.0,0.0,0.0,0.0,0.0,0.0,0.0,0.0,0.0,0.0,0.0,140.2,2.6,0.27,16.6,1057.2,0.06,140.4,48.1,188.5,326.8,6.2,0.62,38.6,2466.4,0.14,327.2,112.1,439.3,17.86,0.0,0.0,17.86,18.69,0.0,0.0,18.69,0.0,0.0,0.0,3876.1,3876.1,0.0,0.0,0.0,0.0,0.0,151.8,0.0,0.0,0.0,0.0,0.0,0.0,0.0,3444.4,280.0,0.0
2050-03-19 19:00:00,2050-03-19 17:00:00,1757.9,0.0,0.0,15.5,1773.4,1700.6,540.6,445.3,1323.4,0.0326,0.046,battery,gas-cc,0.0,0.0,0.0,0.0,0.0,0.0,0.0,0.0,0.0,0.0,0.0,0.0,0.0,0.0,0.0,0.0,0.0,0.0,141.7,2.7,0.27,16.7,1068.4,0.06,141.9,48.6,190.5,347.9,6.6,0.66,41.1,2625.2,0.15,348.3,119.4,467.6,24.78,0.0,0.0,24.78,25.97,0.0,0.0,25.97,0.0,0.0,0.0,2651.5,1232.8,1418.7,0.0,0.0,0.0,0.0,40.2,0.0,0.0,0.0,0.0,0.0,0.0,0.0,912.8,279.8,0.0
2050-03-19 20:00:00,2050-03-19 18:00:00,1837.9,0.0,0.0,16.8,1854.7,1776.9,1575.7,445.3,1525.4,0.0332,0.0481,battery,gas-cc,0.0,0.0,0.0,0.0,0.0,0.0,0.0,0.0,0.0,0.0,0.0,0.0,0.0,0.0,0.0,0.0,0.0,0.0,143.6,2.7,0.27,17.0,1082.6,0.06,143.7,49.2,193.0,379.1,7.1,0.71,44.8,2860.5,0.16,379.5,130.1,509.5,24.78,0.0,0.0,24.78,26.03,0.0,0.0,26.03,0.0,0.0,0.0,2934.8,279.0,2655.8,0.0,0.0,0.0,0.0,0.0,0.0,0.0,0.0,0.0,0.0,0.0,0.0,0.0,279.0,0.0
2050-03-19 21:00:00,2050-03-19 19:00:00,1894.7,0.0,0.0,12.0,1906.8,1830.9,1631.5,445.3,791.2,0.0337,0.0495,battery,gas-cc,0.0,0.0,0.0,0.0,0.0,0.0,0.0,0.0,0.0,0.0,0.0,0.0,0.0,0.0,0.0,0.0,0.0,0.0,142.9,2.7,0.27,16.9,1077.5,0.06,143.1,49.0,192.1,388.0,7.3,0.73,45.8,2927.9,0.17,388.4,133.1,521.5,24.78,0.0,0.0,24.78,26.07,0.0,0.0,26.07,0.0,0.0,0.0,2252.7,275.3,1977.3,0.0,0.0,0.0,0.0,0.0,0.0,0.0,0.0,0.0,0.0,0.0,0.0,0.0,275.3,0.0
2050-03-19 22:00:00,2050-03-19 20:00:00,1857.9,0.0,0.0,14.0,1871.9,1795.9,1615.5,445.3,1096.0,0.0334,0.0486,battery,gas-cc,0.0,0.0,0.0,0.0,0.0,0.0,0.0,0.0,0.0,0.0,0.0,0.0,0.0,0.0,0.0,0.0,0.0,0.0,149.6,2.8,0.28,17.7,1127.9,0.07,149.8,51.3,201.1,387.6,7.3,0.73,45.8,2924.9,0.17,388.0,133.0,521.0,24.78,0.0,0.0,24.78,26.04,0.0,0.0,26.04,0.0,0.0,0.0,2522.6,256.5,2266.2,0.0,0.0,0.0,0.0,0.0,0.0,0.0,0.0,0.0,0.0,0.0,0.0,0.0,256.5,0.0
2050-03-19 23:00:00,2050-03-19 21:00:00,1778.9,0.0,0.0,8.6,1787.6,1720.7,1542.2,445.3,266.9,0.0327,0.0465,battery,gas-cc,0.0,0.0,0.0,0.0,0.0,0.0,0.0,0.0,0.0,0.0,0.0,0.0,0.0,0.0,0.0,0.0,0.0,0.0,147.2,2.8,0.28,17.4,1109.9,0.06,147.4,50.5,197.9,386.8,7.3,0.73,45.7,2918.6,0.17,387.2,132.7,519.9,24.78,0.0,0.0,24.78,25.99,0.0,0.0,25.99,0.0,0.0,0.0,1609.2,245.4,1363.8,0.0,0.0,0.0,0.0,0.0,0.0,0.0,0.0,0.0,0.0,0.0,0.0,0.0,245.4,0.0
2050-03-20 00:00:00,2050-03-19 22:00:00,1677.9,0.0,0.0,6.9,1684.8,1624.2,1475.1,445.3,0.0,0.032,0.0439,battery,gas-cc,0.0,0.0,0.0,0.0,0.0,0.0,0.0,0.0,0.0,0.0,0.0,0.0,0.0,0.0,0.0,0.0,0.0,0.0,145.3,2.7,0.27,17.2,1095.3,0.06,145.4,49.8,195.3,347.1,6.5,0.65,41.0,2619.4,0.15,347.5,119.1,466.6,24.78,0.0,0.0,24.78,25.91,0.0,0.0,25.91,0.0,0.0,0.0,1239.5,209.7,1029.8,0.0,0.0,0.0,0.0,0.0,0.0,0.0,0.0,0.0,0.0,0.0,0.0,0.0,209.7,0.0
2050-03-20 01:00:00,2050-03-19 23:00:00,1535.8,0.0,0.0,8.3,1544.1,1488.1,1425.7,445.3,209.2,0.0311,0.0402,battery,gas-cc,0.0,0.0,0.0,0.0,0.0,0.0,0.0,0.0,0.0,0.0,0.0,0.0,0.0,0.0,0.0,0.0,0.0,0.0,192.9,3.6,0.36,22.8,1454.8,0.08,193.1,66.2,259.3,375.9,7.1,0.71,44.4,2836.9,0.16,376.3,129.0,505.3,24.78,0.0,0.0,24.78,25.81,0.0,0.0,25.81,0.0,0.0,0.0,1308.0,118.3,1189.6,0.0,0.0,0.0,0.0,0.0,0.0,0.0,0.0,0.0,0.0,0.0,0.0,0.0,118.3,0.0
2050-03-20 02:00:00,2050-03-20 00:00:00,1423.2,0.0,0.0,17.6,1440.7,1379.8,1267.2,445.3,1640.0,0.0305,0.0372,battery,gas-cc,0.0,0.0,0.0,0.0,0.0,0.0,0.0,0.0,0.0,0.0,0.0,0.0,0.0,0.0,0.0,0.0,0.0,0.0,144.1,2.7,0.27,17.0,1086.7,0.06,144.3,49.4,193.7,344.7,6.5,0.65,40.7,2601.3,0.15,345.1,118.3,463.4,24.78,0.0,0.0,24.78,25.74,0.0,0.0,25.74,0.0,0.0,0.0,2635.4,173.5,2461.9,0.0,0.0,0.0,0.0,0.0,0.0,0.0,0.0,0.0,0.0,0.0,0.0,0.0,173.5,0.0
2050-03-20 03:00:00,2050-03-20 01:00:00,1348.4,0.0,0.0,15.6,1364.0,1307.8,1239.7,445.3,1332.8,0.0301,0.0353,battery,gas-cc,0.0,0.0,0.0,0.0,0.0,0.0,0.0,0.0,0.0,0.0,0.0,0.0,0.0,0.0,0.0,0.0,0.0,0.0,143.2,2.7,0.27,16.9,1079.9,0.06,143.4,49.1,192.5,395.8,7.5,0.75,46.8,2986.6,0.17,396.2,135.8,532.0,24.78,0.0,0.0,24.78,25.68,0.0,0.0,25.68,0.0,0.0,0.0,2251.5,124.3,2127.2,0.0,0.0,0.0,0.0,0.0,0.0,0.0,0.0,0.0,0.0,0.0,0.0,0.0,124.3,0.0
2050-03-20 04:00:00,2050-03-20 02:00:00,1293.7,0.0,0.0,10.5,1304.1,1254.9,1153.8,445.3,548.2,0.0299,0.0338,battery,gas-cc,0.0,0.0,0.0,0.0,0.0,0.0,0.0,0.0,0.0,0.0,0.0,0.0,0.0,0.0,0.0,0.0,0.0,0.0,142.1,2.7,0.27,16.8,1071.1,0.06,142.2,48.7,191.0,373.5,7.0,0.7,44.1,2818.3,0.16,373.9,128.1,502.0,24.78,0.0,0.0,24.78,25.64,0.0,0.0,25.64,0.0,0.0,0.0,1407.0,150.4,1256.7,0.0,0.0,0.0,0.0,0.0,0.0,0.0,0.0,0.0,0.0,0.0,0.0,0.0,150.4,0.0
2050-03-20 05:00:00,2050-03-20 03:00:00,1268.4,0.0,0.0,16.5,1284.9,1230.5,1204.8,445.3,1477.6,0.0299,0.0332,battery,gas-cc,0.0,0.0,0.0,0.0,0.0,0.0,0.0,0.0,0.0,0.0,0.0,0.0,0.0,0.0,0.0,0.0,0.0,0.0,125.1,2.4,0.24,14.8,943.3,0.05,125.2,42.9,168.2,373.2,7.0,0.7,44.1,2816.4,0.16,373.6,128.1,501.7,24.78,0.0,0.0,24.78,25.63,0.0,0.0,25.63,0.0,0.0,0.0,2317.2,80.1,2237.1,0.0,0.0,0.0,0.0,0.0,0.0,0.0,0.0,0.0,0.0,0.0,0.0,0.0,80.1,0.0
2050-03-20 06:00:00,2050-03-20 04:00:00,1281.1,0.0,0.0,17.6,1298.6,1242.7,1207.5,445.3,1640.0,0.0299,0.0335,battery,gas-cc,0.0,0.0,0.0,0.0,0.0,0.0,0.0,0.0,0.0,0.0,0.0,0.0,0.0,0.0,0.0,0.0,0.0,0.0,148.8,2.8,0.28,17.6,1122.1,0.06,149.0,51.0,200.0,343.4,6.5,0.65,40.6,2591.3,0.15,343.8,117.8,461.6,24.78,0.0,0.0,24.78,25.64,0.0,0.0,25.64,0.0,0.0,0.0,2493.3,91.1,2402.2,0.0,0.0,0.0,0.0,0.0,0.0,0.0,0.0,0.0,0.0,0.0,0.0,0.0,91.1,0.0
2050-03-20 07:00:00,2050-03-20 05:00:00,1357.9,0.0,0.0,11.0,1368.9,1316.9,1271.3,445.3,631.8,0.0302,0.0355,battery,gas-cc,0.0,0.0,0.0,0.0,0.0,0.0,0.0,0.0,0.0,0.0,0.0,0.0,0.0,0.0,0.0,0.0,0.0,0.0,209.7,4.0,0.4,24.8,1581.5,0.09,209.9,71.9,281.8,382.3,7.2,0.72,45.2,2885.2,0.17,382.8,131.2,513.9,24.78,0.0,0.0,24.78,25.69,0.0,0.0,25.69,0.0,0.0,0.0,1555.4,97.6,1457.8,0.0,0.0,0.0,0.0,0.0,0.0,0.0,0.0,0.0,0.0,0.0,0.0,0.0,97.6,0.0
2050-03-20 08:00:00,2050-03-20 06:00:00,1503.2,0.0,0.0,15.3,1518.4,1456.8,1007.3,445.3,1288.5,0.0309,0.0393,battery,gas-cc,0.0,0.0,0.0,0.0,0.0,0.0,0.0,0.0,0.0,0.0,0.0,0.0,0.0,0.0,0.0,0.0,0.0,0.0,142.0,2.7,0.27,16.8,1070.9,0.06,142.2,48.7,190.9,397.4,7.5,0.75,47.0,2999.2,0.17,397.9,136.4,534.2,24.78,0.0,0.0,24.78,25.79,0.0,0.0,25.79,0.0,0.0,0.0,2361.6,511.1,1850.5,0.0,0.0,0.0,0.0,16.3,0.0,0.0,0.0,0.0,0.0,0.0,0.0,370.6,124.2,0.0
2050-03-20 09:00:00,2050-03-20 07:00:00,1685.3,1164.0,0.0,12.1,2861.3,1631.3,1243.2,1243.2,0.0,0.032,0.0441,battery,gas-cc,0.0,0.0,0.0,0.0,0.0,0.0,0.0,0.0,0.0,0.0,0.0,0.0,0.5,1.2,0.01,0.0,0.5,0.5,145.8,2.8,0.28,17.2,1099.4,0.06,146.0,50.0,196.0,308.3,5.8,0.58,36.4,2326.5,0.13,308.6,105.8,414.4,21.03,0.0,0.0,21.03,22.0,0.0,0.0,22.0,0.0,0.0,0.0,1618.1,1618.1,0.0,0.0,0.0,0.0,0.0,64.3,0.0,0.0,0.0,0.0,0.0,0.0,0.0,1458.9,95.0,0.0
2050-03-20 10:00:00,2050-03-20 08:00:00,1853.7,2431.9,0.0,9.8,4295.3,1791.9,883.7,883.7,0.0,0.0333,0.0485,battery,distpv,0.0,0.0,0.0,0.0,0.0,0.0,0.0,0.0,0.0,0.0,0.0,0.0,0.2,0.4,0.0,0.0,0.2,0.2,140.2,2.6,0.27,16.6,1056.6,0.06,140.3,48.1,188.4,0.0,0.0,0.0,0.0,0.0,0.0,0.0,0.0,0.0,0.03,0.0,0.0,0.03,0.03,0.0,0.0,0.03,0.0,0.0,0.0,3411.7,3411.7,0.0,0.0,0.0,0.0,0.0,137.8,0.0,0.0,0.0,0.0,0.0,0.0,0.0,3126.1,147.8,0.0
2050-03-20 11:00:00,2050-03-20 09:00:00,1876.8,2465.1,0.0,0.8,4342.7,1813.9,-120.0,0.0,120.0,0.0335,0.0491,upv,upv,0.0,0.0,0.0,0.0,0.0,0.0,0.0,0.0,0.0,0.0,0.0,0.0,0.0,0.0,0.0,0.0,0.0,0.0,140.2,2.6,0.27,16.6,1056.8,0.06,140.3,48.1,188.4,0.0,0.0,0.0,0.0,0.0,0.0,0.0,0.0,0.0,0.0,0.0,0.0,0.0,0.0,0.0,0.0,0.0,0.0,0.0,0.0,4462.7,4462.7,0.0,0.0,0.0,0.0,0.0,180.5,0.0,0.0,0.0,0.0,0.0,0.0,0.0,4097.1,185.1,0.0
2050-03-20 12:00:00,2050-03-20 10:00:00,1814.7,3817.0,0.0,0.5,5632.2,1754.8,-75.8,0.0,75.8,0.033,0.0475,battery,upv,0.0,0.0,0.0,0.0,0.0,0.0,0.0,0.0,0.0,0.0,0.0,0.0,0.0,0.0,0.0,0.0,0.0,0.0,140.1,2.6,0.27,16.6,1056.3,0.06,140.3,48.0,188.3,0.0,0.0,0.0,0.0,0.0,0.0,0.0,0.0,0.0,0.0,0.0,0.0,0.0,0.0,0.0,0.0,0.0,0.0,0.0,0.0,5708.0,5708.0,0.0,0.0,0.0,0.0,0.0,231.5,0.0,0.0,0.0,0.0,0.0,0.0,0.0,5253.8,222.7,0.0
2050-03-20 13:00:00,2050-03-20 11:00:00,1740.0,4019.6,0.0,8.6,5768.2,1683.6,-1329.9,0.0,1329.9,0.0324,0.0455,wind-ons,wind-ons,0.0,0.0,0.0,0.0,0.0,0.0,0.0,0.0,0.0,0.0,0.0,0.0,0.0,0.0,0.0,0.0,0.0,0.0,140.0,2.6,0.27,16.5,1055.6,0.06,140.2,48.0,188.2,0.0,0.0,0.0,0.0,0.0,0.0,0.0,0.0,0.0,0.0,0.0,0.0,0.0,0.0,0.0,0.0,0.0,0.0,0.0,0.0,7098.1,7098.1,0.0,0.0,0.0,0.0,0.0,288.5,0.0,0.0,0.0,0.0,0.0,0.0,0.0,6546.2,263.3,0.0
2050-03-20 14:00:00,2050-03-20 12:00:00,1701.1,3240.3,0.0,9.2,4950.5,1646.4,-1409.6,0.0,1409.6,0.0322,0.0445,battery,upv,0.0,0.0,0.0,0.0,0.0,0.0,0.0,0.0,0.0,0.0,0.0,0.0,0.0,0.0,0.0,0.0,0.0,0.0,140.0,2.6,0.26,16.5,1055.3,0.06,140.1,48.0,188.1,0.0,0.0,0.0,0.0,0.0,0.0,0.0,0.0,0.0,0.0,0.0,0.0,0.0,0.0,0.0,0.0,0.0,0.0,0.0,0.0,6360.1,6360.1,0.0,0.0,0.0,0.0,0.0,257.1,0.0,0.0,0.0,0.0,0.0,0.0,0.0,5835.4,267.5,0.0
2050-03-20 15:00:00,2050-03-20 13:00:00,1665.3,3953.5,0.0,3.8,5622.5,1612.1,-589.0,0.0,589.0,0.0319,0.0435,battery,upv,0.0,0.0,0.0,0.0,0.0,0.0,0.0,0.0,0.0,0.0,0.0,0.0,0.0,0.0,0.0,0.0,0.0,0.0,139.9,2.6,0.26,16.5,1055.0,0.06,140.1,48.0,188.1,0.0,0.0,0.0,0.0,0.0,0.0,0.0,0.0,0.0,0.0,0.0,0.0,0.0,0.0,0.0,0.0,0.0,0.0,0.0,0.0,6211.5,6211.5,0.0,0.0,0.0,0.0,0.0,250.6,0.0,0.0,0.0,0.0,0.0,0.0,0.0,5686.8,274.1,0.0
2050-03-20 16:00:00,2050-03-20 14:00:00,1656.8,3211.2,0.0,9.5,4877.5,1604.1,-1463.2,0.0,1463.2,0.0318,0.0433,battery,wind-ons,0.0,0.0,0.0,0.0,0.0,0.0,0.0,0.0,0.0,0.0,0.0,0.0,0.0,0.0,0.0,0.0,0.0,0.0,139.9,2.6,0.26,16.5,1055.0,0.06,140.1,48.0,188.1,0.0,0.0,0.0,0.0,0.0,0.0,0.0,0.0,0.0,0.0,0.0,0.0,0.0,0.0,0.0,0.0,0.0,0.0,0.0,0.0,6340.8,6340.8,0.0,0.0,0.0,0.0,0.0,256.1,0.0,0.0,0.0,0.0,0.0,0.0,0.0,5809.6,275.2,0.0
2050-03-20 17:00:00,2050-03-20 15:00:00,1683.2,3986.6,0.0,1.8,5671.6,1629.3,-272.7,0.0,272.7,0.032,0.044,battery,upv,0.0,0.0,0.0,0.0,0.0,0.0,0.0,0.0,0.0,0.0,0.0,0.0,0.0,0.0,0.0,0.0,0.0,0.0,140.1,2.6,0.27,16.5,1056.0,0.06,140.2,48.0,188.3,0.0,0.0,0.0,0.0,0.0,0.0,0.0,0.0,0.0,0.0,0.0,0.0,0.0,0.0,0.0,0.0,0.0,0.0,0.0,0.0,5944.3,5944.3,0.0,0.0,0.0,0.0,0.0,240.0,0.0,0.0,0.0,0.0,0.0,0.0,0.0,5444.4,259.9,0.0
2050-03-20 18:00:00,2050-03-20 16:00:00,1750.5,2431.9,0.0,9.3,4191.7,1693.6,-1424.8,0.0,1424.8,0.0325,0.0458,battery,upv,0.0,0.0,0.0,0.0,0.0,0.0,0.0,0.0,0.0,0.0,0.0,0.0,0.0,0.0,0.0,0.0,0.0,0.0,140.1,2.6,0.27,16.6,1056.5,0.06,140.3,48.1,188.4,0.0,0.0,0.0,0.0,0.0,0.0,0.0,0.0,0.0,0.0,0.0,0.0,0.0,0.0,0.0,0.0,0.0,0.0,0.0,0.0,5616.4,5616.4,0.0,0.0,0.0,0.0,0.0,227.4,0.0,0.0,0.0,0.0,0.0,0.0,0.0,5160.1,229.0,0.0
2050-03-20 19:00:00,2050-03-20 17:00:00,1816.8,0.0,0.0,2.6,1819.4,1756.8,-396.5,0.0,396.5,0.033,0.0475,gas-cc,gas-cc,0.0,0.0,0.0,0.0,0.0,0.0,0.0,0.0,0.0,0.0,0.0,0.0,0.0,0.0,0.0,0.0,0.0,0.0,141.2,2.7,0.27,16.7,1064.2,0.06,141.3,48.4,189.7,369.3,7.0,0.7,43.6,2787.1,0.16,369.7,126.7,496.5,23.32,0.0,0.0,23.32,24.48,0.0,0.0,24.48,0.0,0.0,0.0,2216.0,2216.0,0.0,0.0,0.0,0.0,0.0,85.1,0.0,0.0,0.0,0.0,0.0,0.0,0.0,1932.2,198.6,0.0
2050-03-20 20:00:00,2050-03-20 18:00:00,1955.8,0.0,0.0,6.4,1962.2,1888.9,1807.6,307.0,252.9,0.0342,0.0511,battery,gas-cc,0.0,0.0,0.0,0.0,0.0,0.0,0.0,0.0,0.0,0.0,0.0,0.0,0.0,0.1,0.0,0.0,0.0,0.0,144.2,2.7,0.27,17.0,1087.2,0.06,144.4,49.5,193.8,388.6,7.3,0.73,45.9,2932.8,0.17,389.1,133.4,522.4,24.78,0.0,0.0,24.78,26.11,0.0,0.0,26.11,0.0,0.0,0.0,1908.0,154.6,1753.4,0.0,0.0,0.0,0.0,0.0,0.0,0.0,0.0,0.0,0.0,0.0,0.0,0.0,154.6,0.0
2050-03-20 21:00:00,2050-03-20 19:00:00,2030.5,0.0,0.0,11.3,2041.8,1959.8,1915.1,444.8,672.8,0.0349,0.0531,battery,gas-cc,0.0,0.0,0.0,0.0,0.0,0.0,0.0,0.0,0.0,0.0,0.0,0.0,0.0,0.1,0.0,0.0,0.0,0.0,144.1,2.7,0.27,17.0,1086.2,0.06,144.2,49.4,193.6,389.4,7.3,0.73,46.0,2938.8,0.17,389.9,133.6,523.5,24.78,0.0,0.0,24.78,26.17,0.0,0.0,26.17,0.0,0.0,0.0,2269.8,126.7,2143.1,0.0,0.0,0.0,0.0,0.0,0.0,0.0,0.0,0.0,0.0,0.0,0.0,0.0,126.7,0.0
2050-03-20 22:00:00,2050-03-20 20:00:00,1953.7,0.0,0.0,7.7,1961.4,1886.9,1874.5,232.7,624.4,0.0342,0.0511,battery,gas-cc,0.0,0.0,0.0,0.0,0.0,0.0,0.0,0.0,0.0,0.0,0.0,0.0,0.0,0.0,0.0,0.0,0.0,0.0,176.5,3.3,0.33,20.9,1331.0,0.08,176.7,60.5,237.2,388.6,7.3,0.73,45.9,2932.6,0.17,389.0,133.3,522.4,24.78,0.0,0.0,24.78,26.11,0.0,0.0,26.11,0.0,0.0,0.0,2353.0,86.9,2266.2,0.0,0.0,0.0,0.0,0.0,0.0,0.0,0.0,0.0,0.0,0.0,0.0,0.0,86.9,0.0
2050-03-20 23:00:00,2050-03-20 21:00:00,1873.7,0.0,0.0,10.1,1883.8,1810.9,1805.0,438.2,509.7,0.0335,0.049,hydro,gas-cc,0.0,0.0,0.0,0.0,0.0,0.0,0.0,0.0,0.0,0.0,0.0,0.0,0.0,0.1,0.0,0.0,0.0,0.0,143.7,2.7,0.27,17.0,1083.3,0.06,143.8,49.3,193.1,379.4,7.2,0.72,44.8,2863.3,0.16,379.8,130.2,510.0,24.78,0.0,0.0,24.78,26.05,0.0,0.0,26.05,0.0,0.0,0.0,1955.3,78.7,1876.5,0.0,0.0,0.0,0.0,0.0,0.0,0.0,0.0,0.0,0.0,0.0,0.0,0.0,78.7,0.0
2050-03-21 00:00:00,2050-03-20 22:00:00,1750.5,0.0,0.0,14.4,1765.0,1693.6,1698.4,445.3,1159.3,0.0325,0.0458,battery,gas-cc,0.0,0.0,0.0,0.0,0.0,0.0,0.0,0.0,0.0,0.0,0.0,0.0,0.0,0.0,0.0,0.0,0.0,0.0,143.5,2.7,0.27,17.0,1082.2,0.06,143.7,49.2,192.9,386.5,7.3,0.73,45.7,2916.3,0.17,386.9,132.6,519.5,24.78,0.0,0.0,24.78,25.97,0.0,0.0,25.97,0.0,0.0,0.0,2479.0,66.6,2412.4,0.0,0.0,0.0,0.0,0.0,0.0,0.0,0.0,0.0,0.0,0.0,0.0,0.0,66.6,0.0
2050-03-21 01:00:00,2050-03-20 23:00:00,1595.8,0.0,0.0,17.4,1613.2,1545.6,1556.3,445.3,1616.5,0.0314,0.0417,battery,gas-cc,0.0,0.0,0.0,0.0,0.0,0.0,0.0,0.0,0.0,0.0,0.0,0.0,0.0,0.0,0.0,0.0,0.0,0.0,190.8,3.6,0.36,22.5,1439.0,0.08,191.0,65.4,256.4,384.8,7.3,0.73,45.5,2904.0,0.17,385.2,132.0,517.3,24.78,0.0,0.0,24.78,25.86,0.0,0.0,25.86,0.0,0.0,0.0,2784.4,56.9,2727.5,0.0,0.0,0.0,0.0,0.0,0.0,0.0,0.0,0.0,0.0,0.0,0.0,0.0,56.9,0.0
2050-03-21 02:00:00,2050-03-21 00:00:00,1478.9,0.0,0.0,16.1,1495.1,1433.5,1451.4,445.3,1420.0,0.0307,0.0387,battery,gas-cc,0.0,0.0,0.0,0.0,0.0,0.0,0.0,0.0,0.0,0.0,0.0,0.0,0.0,0.0,0.0,0.0,0.0,0.0,172.4,3.3,0.33,20.4,1300.3,0.08,172.6,59.1,231.8,383.6,7.2,0.72,45.3,2894.7,0.17,384.0,131.6,515.6,24.78,0.0,0.0,24.78,25.77,0.0,0.0,25.77,0.0,0.0,0.0,2469.8,43.6,2426.2,0.0,0.0,0.0,0.0,0.0,0.0,0.0,0.0,0.0,0.0,0.0,0.0,0.0,43.6,0.0
2050-03-21 03:00:00,2050-03-21 01:00:00,1394.7,0.0,0.0,15.4,1410.2,1352.4,1368.1,445.3,1314.2,0.0303,0.0365,battery,gas-cc,0.0,0.0,0.0,0.0,0.0,0.0,0.0,0.0,0.0,0.0,0.0,0.0,0.0,0.0,0.0,0.0,0.0,0.0,167.3,3.2,0.32,19.8,1261.4,0.07,167.5,57.4,224.8,382.7,7.2,0.72,45.2,2888.1,0.17,383.1,131.3,514.5,24.78,0.0,0.0,24.78,25.72,0.0,0.0,25.72,0.0,0.0,0.0,2279.1,42.0,2237.1,0.0,0.0,0.0,0.0,0.0,0.0,0.0,0.0,0.0,0.0,0.0,0.0,0.0,42.0,0.0
2050-03-21 04:00:00,2050-03-21 02:00:00,1348.4,0.0,0.0,12.8,1361.2,1307.8,1309.8,445.3,908.9,0.0301,0.0353,battery,gas-cc,0.0,0.0,0.0,0.0,0.0,0.0,0.0,0.0,0.0,0.0,0.0,0.0,0.0,0.0,0.0,0.0,0.0,0.0,139.7,2.6,0.26,16.5,1053.7,0.06,139.9,47.9,187.8,382.2,7.2,0.72,45.2,2884.5,0.17,382.7,131.2,513.8,24.78,0.0,0.0,24.78,25.68,0.0,0.0,25.68,0.0,0.0,0.0,1824.8,51.4,1773.4,0.0,0.0,0.0,0.0,0.0,0.0,0.0,0.0,0.0,0.0,0.0,0.0,0.0,51.4,0.0
2050-03-21 05:00:00,2050-03-21 03:00:00,1329.5,0.0,0.0,16.7,1346.2,1289.5,1296.4,423.1,1561.7,0.0301,0.0348,battery,gas-cc,0.0,0.0,0.0,0.0,0.0,0.0,0.0,0.0,0.0,0.0,0.0,0.0,0.0,0.0,0.0,0.0,0.0,0.0,142.9,2.7,0.27,16.9,1077.4,0.06,143.1,49.0,192.1,382.0,7.2,0.72,45.1,2883.0,0.17,382.5,131.1,513.6,24.78,0.0,0.0,24.78,25.67,0.0,0.0,25.67,0.0,0.0,0.0,2484.8,49.8,2435.0,0.0,0.0,0.0,0.0,0.0,0.0,0.0,0.0,0.0,0.0,0.0,0.0,0.0,49.8,0.0
2050-03-21 06:00:00,2050-03-21 04:00:00,1350.5,0.0,0.0,15.6,1366.2,1309.8,1325.8,445.3,1342.0,0.0301,0.0353,battery,gas-cc,0.0,0.0,0.0,0.0,0.0,0.0,0.0,0.0,0.0,0.0,0.0,0.0,0.0,0.0,0.0,0.0,0.0,0.0,168.8,3.2,0.32,19.9,1273.0,0.07,169.0,57.9,226.9,344.0,6.5,0.65,40.6,2596.2,0.15,344.4,118.0,462.5,24.78,0.0,0.0,24.78,25.68,0.0,0.0,25.68,0.0,0.0,0.0,2262.8,40.3,2222.5,0.0,0.0,0.0,0.0,0.0,0.0,0.0,0.0,0.0,0.0,0.0,0.0,0.0,40.3,0.0
2050-03-21 07:00:00,2050-03-21 05:00:00,1443.2,0.0,0.0,6.6,1449.8,1399.1,1417.7,220.7,489.6,0.0306,0.0377,battery,gas-cc,0.0,0.0,0.0,0.0,0.0,0.0,0.0,0.0,0.0,0.0,0.0,0.0,0.0,0.0,0.0,0.0,0.0,0.0,166.3,3.1,0.31,19.6,1254.0,0.07,166.4,57.0,223.5,375.0,7.1,0.71,44.3,2829.8,0.16,375.4,128.7,504.1,24.78,0.0,0.0,24.78,25.75,0.0,0.0,25.75,0.0,0.0,0.0,1718.7,32.1,1686.6,0.0,0.0,0.0,0.0,0.0,0.0,0.0,0.0,0.0,0.0,0.0,0.0,0.0,32.1,0.0
2050-03-21 08:00:00,2050-03-21 06:00:00,1587.4,0.0,0.0,16.5,1603.9,1537.6,-575.9,445.3,1476.7,0.0314,0.0415,battery,gas-cc,0.0,0.0,0.0,0.0,0.0,0.0,0.0,0.0,0.0,0.0,0.0,0.0,0.0,0.0,0.0,0.0,0.0,0.0,141.4,2.7,0.27,16.7,1066.3,0.06,141.6,48.5,190.1,384.7,7.3,0.73,45.4,2903.3,0.17,385.2,132.0,517.2,24.78,0.0,0.0,24.78,25.85,0.0,0.0,25.85,0.0,0.0,0.0,2635.2,2179.7,455.5,0.0,0.0,0.0,0.0,90.6,0.0,0.0,0.0,0.0,0.0,0.0,0.0,2056.6,32.5,0.0
2050-03-21 09:00:00,2050-03-21 07:00:00,1754.7,2321.7,0.0,0.0,4076.5,1697.6,0.0,0.0,0.0,0.0326,0.0459,upv,upv,0.0,0.0,0.0,0.0,0.0,0.0,0.0,0.0,0.0,0.0,0.0,0.0,0.0,0.0,0.0,0.0,0.0,0.0,140.0,2.6,0.27,16.5,1055.7,0.06,140.2,48.0,188.2,0.0,0.0,0.0,0.0,0.0,0.0,0.0,0.0,0.0,0.0,0.0,0.0,0.0,0.0,0.0,0.0,0.0,0.0,4791.4,4791.4,4076.5,4076.5,0.0,0.0,0.0,0.0,0.0,373.2,0.0,0.0,0.0,0.0,0.0,0.0,0.0,3680.6,22.7,0.0
2050-03-21 10:00:00,2050-03-21 08:00:00,1863.2,3211.2,0.0,0.0,5074.4,1800.9,0.0,0.0,0.0,0.0334,0.0487,upv,upv,0.0,0.0,0.0,0.0,0.0,0.0,0.0,0.0,0.0,0.0,0.0,0.0,0.0,0.0,0.0,0.0,0.0,0.0,140.2,2.6,0.27,16.6,1056.7,0.06,140.3,48.1,188.4,0.0,0.0,0.0,0.0,0.0,0.0,0.0,0.0,0.0,0.0,0.0,0.0,0.0,0.0,0.0,0.0,0.0,30.4,5235.2,5265.6,5074.4,5074.4,0.0,0.0,0.0,0.0,0.0,435.2,0.0,0.0,0.0,0.0,0.0,0.0,0.0,4639.1,0.0,0.0
2050-03-21 11:00:00,2050-03-21 09:00:00,1850.5,3990.5,0.0,0.0,5841.0,1788.9,0.0,0.0,0.0,0.0333,0.0484,upv,upv,0.0,0.0,0.0,0.0,0.0,0.0,0.0,0.0,0.0,0.0,0.0,0.0,0.0,0.0,0.0,0.0,0.0,0.0,140.2,2.6,0.27,16.6,1056.7,0.06,140.3,48.1,188.4,0.0,0.0,0.0,0.0,0.0,0.0,0.0,0.0,0.0,0.0,0.0,0.0,0.0,0.0,0.0,0.0,0.0,48.2,4468.5,4516.7,5841.0,5841.0,0.0,0.0,0.0,0.0,0.0,435.2,0.0,0.0,0.0,0.0,0.0,0.0,0.0,5405.8,0.0,0.0
2050-03-21 12:00:00,2050-03-21 10:00:00,1754.7,3887.8,0.0,0.0,5642.5,1697.6,0.0,0.0,0.0,0.0326,0.0459,upv,upv,0.0,0.0,0.0,0.0,0.0,0.0,0.0,0.0,0.0,0.0,0.0,0.0,0.0,0.0,0.0,0.0,0.0,0.0,140.0,2.6,0.27,16.5,1055.7,0.06,140.2,48.0,188.2,0.0,0.0,0.0,0.0,0.0,0.0,0.0,0.0,0.0,0.0,0.0,0.0,0.0,0.0,0.0,0.0,0.0,54.0,4653.4,4707.3,5642.5,5642.5,0.0,0.0,0.0,0.0,0.0,434.5,0.0,0.0,0.0,0.0,0.0,0.0,0.0,5208.0,0.0,0.0
2050-03-21 13:00:00,2050-03-21 11:00:00,1677.9,3240.3,0.0,0.0,4918.2,1624.2,0.0,0.0,0.0,0.032,0.0439,upv,upv,0.0,0.0,0.0,0.0,0.0,0.0,0.0,0.0,0.0,0.0,0.0,0.0,0.0,0.0,0.0,0.0,0.0,0.0,140.0,2.6,0.26,16.5,1055.1,0.06,140.1,48.0,188.1,0.0,0.0,0.0,0.0,0.0,0.0,0.0,0.0,0.0,0.0,0.0,0.0,0.0,0.0,0.0,0.0,0.0,62.4,5370.9,5433.3,4918.2,4918.2,0.0,0.0,0.0,0.0,0.0,434.1,0.0,0.0,0.0,0.0,0.0,0.0,0.0,4484.0,0.0,0.0
2050-03-21 14:00:00,2050-03-21 12:00:00,1621.1,3240.3,0.0,0.0,4861.3,1569.8,-0.0,0.0,0.0,0.0316,0.0424,upv,upv,0.0,0.0,0.0,0.0,0.0,0.0,0.0,0.0,0.0,0.0,0.0,0.0,0.0,0.0,0.0,0.0,0.0,0.0,139.9,2.6,0.26,16.5,1054.7,0.06,140.1,48.0,188.0,0.0,0.0,0.0,0.0,0.0,0.0,0.0,0.0,0.0,0.0,0.0,0.0,0.0,0.0,0.0,0.0,0.0,62.3,5448.2,5510.5,4861.3,4861.3,0.0,0.0,0.0,0.0,0.0,435.2,0.0,0.0,0.0,0.0,0.0,0.0,0.0,4426.1,0.0,0.0
2050-03-21 15:00:00,2050-03-21 13:00:00,1597.9,3240.3,0.0,0.0,4838.2,1547.6,0.0,0.0,0.0,0.0314,0.0418,upv,upv,0.0,0.0,0.0,0.0,0.0,0.0,0.0,0.0,0.0,0.0,0.0,0.0,0.0,0.0,0.0,0.0,0.0,0.0,139.9,2.6,0.26,16.5,1054.5,0.06,140.0,48.0,188.0,0.0,0.0,0.0,0.0,0.0,0.0,0.0,0.0,0.0,0.0,0.0,0.0,0.0,0.0,0.0,0.0,0.0,0.0,5547.4,5547.4,4838.2,4838.2,0.0,0.0,0.0,0.0,0.0,435.2,0.0,0.0,0.0,0.0,0.0,0.0,0.0,4326.9,76.1,0.0
2050-03-21 16:00:00,2050-03-21 14:00:00,1585.3,3178.2,0.0,0.0,4763.5,1535.5,-0.0,0.0,0.0,0.0314,0.0415,upv,upv,0.0,0.0,0.0,0.0,0.0,0.0,0.0,0.0,0.0,0.0,0.0,0.0,0.0,0.0,0.0,0.0,0.0,0.0,139.9,2.6,0.26,16.5,1054.5,0.06,140.0,48.0,188.0,0.0,0.0,0.0,0.0,0.0,0.0,0.0,0.0,0.0,0.0,0.0,0.0,0.0,0.0,0.0,0.0,0.0,85.6,5546.0,5631.6,4763.5,4763.5,0.0,0.0,0.0,0.0,0.0,435.2,0.0,0.0,0.0,0.0,0.0,0.0,0.0,4328.3,0.0,0.0
2050-03-21 17:00:00,2050-03-21 15:00:00,1613.7,2456.1,0.0,0.0,4069.7,1562.8,0.0,0.0,0.0,0.0315,0.0422,upv,upv,0.0,0.0,0.0,0.0,0.0,0.0,0.0,0.0,0.0,0.0,0.0,0.0,0.0,0.0,0.0,0.0,0.0,0.0,139.9,2.6,0.26,16.5,1054.7,0.06,140.0,48.0,188.0,0.0,0.0,0.0,0.0,0.0,0.0,0.0,0.0,0.0,0.0,0.0,0.0,0.0,0.0,0.0,0.0,0.0,102.4,6239.8,6342.2,4069.7,4069.7,0.0,0.0,0.0,0.0,0.0,435.2,0.0,0.0,0.0,0.0,0.0,0.0,0.0,3634.5,0.0,0.0
2050-03-21 18:00:00,2050-03-21 16:00:00,1680.0,2400.1,0.0,0.0,4080.1,1626.2,0.0,0.0,0.0,0.032,0.0439,upv,upv,0.0,0.0,0.0,0.0,0.0,0.0,0.0,0.0,0.0,0.0,0.0,0.0,0.0,0.0,0.0,0.0,0.0,0.0,140.0,2.6,0.26,16.5,1055.2,0.06,140.1,48.0,188.1,0.0,0.0,0.0,0.0,0.0,0.0,0.0,0.0,0.0,0.0,0.0,0.0,0.0,0.0,0.0,0.0,0.0,125.8,5332.1,5457.8,4080.1,4080.1,0.0,0.0,0.0,0.0,0.0,397.3,0.0,0.0,0.0,0.0,0.0,0.0,0.0,3682.8,0.0,0.0
2050-03-21 19:00:00,2050-03-21 17:00:00,1750.5,0.0,0.0,12.4,1763.0,1693.6,-1298.9,181.8,1480.7,0.0325,0.0458,hydro,hydro,0.0,0.0,0.0,0.0,0.0,0.0,0.0,0.0,0.0,0.0,0.0,0.0,0.0,0.0,0.0,0.0,0.0,0.0,145.4,2.7,0.28,17.2,1096.5,0.06,145.6,49.9,195.5,0.0,0.0,0.0,0.0,0.0,0.0,0.0,0.0,0.0,6.87,0.0,0.0,6.87,7.2,0.0,0.0,7.2,0.0,0.0,0.0,3061.8,3061.8,0.0,0.0,0.0,0.0,0.0,123.1,0.0,0.0,0.0,0.0,0.0,0.0,0.0,2793.3,145.5,0.0
2050-03-21 20:00:00,2050-03-21 18:00:00,1894.7,0.0,0.0,17.6,1912.3,1830.9,1754.4,445.3,1640.0,0.0337,0.0495,battery,gas-cc,0.0,0.0,0.0,0.0,0.0,0.0,0.0,0.0,0.0,0.0,0.0,0.0,0.0,0.0,0.0,0.0,0.0,0.0,160.4,3.0,0.3,19.0,1209.7,0.07,160.6,55.0,215.6,349.2,6.6,0.66,41.3,2635.1,0.15,349.6,119.8,469.4,24.78,0.0,0.0,24.78,26.07,0.0,0.0,26.07,0.0,0.0,0.0,3107.0,157.9,2949.1,0.0,0.0,0.0,0.0,0.0,0.0,0.0,0.0,0.0,0.0,0.0,0.0,0.0,157.9,0.0
2050-03-21 21:00:00,2050-03-21 19:00:00,1980.0,0.0,0.0,17.6,1997.6,1911.9,1841.2,445.3,1640.0,0.0344,0.0518,battery,gas-cc,0.0,0.0,0.0,0.0,0.0,0.0,0.0,0.0,0.0,0.0,0.0,0.0,0.0,0.0,0.0,0.0,0.0,0.0,191.0,3.6,0.36,22.6,1440.5,0.08,191.2,65.5,256.7,350.0,6.6,0.66,41.3,2641.3,0.15,350.4,120.1,470.5,24.78,0.0,0.0,24.78,26.13,0.0,0.0,26.13,0.0,0.0,0.0,3192.2,156.4,3035.8,0.0,0.0,0.0,0.0,0.0,0.0,0.0,0.0,0.0,0.0,0.0,0.0,0.0,156.4,0.0
2050-03-21 22:00:00,2050-03-21 20:00:00,1896.8,0.0,0.0,17.6,1914.4,1832.9,1776.6,445.3,1640.0,0.0337,0.0496,battery,gas-cc,0.0,0.0,0.0,0.0,0.0,0.0,0.0,0.0,0.0,0.0,0.0,0.0,0.0,0.0,0.0,0.0,0.0,0.0,184.1,3.5,0.35,21.8,1388.5,0.08,184.3,63.2,247.5,349.2,6.6,0.66,41.3,2635.2,0.15,349.6,119.8,469.4,24.78,0.0,0.0,24.78,26.07,0.0,0.0,26.07,0.0,0.0,0.0,3109.1,137.8,2971.3,0.0,0.0,0.0,0.0,0.0,0.0,0.0,0.0,0.0,0.0,0.0,0.0,0.0,137.8,0.0
2050-03-21 23:00:00,2050-03-21 21:00:00,1804.2,0.0,0.0,16.7,1820.9,1744.8,1670.6,445.3,1502.2,0.0329,0.0472,battery,gas-cc,0.0,0.0,0.0,0.0,0.0,0.0,0.0,0.0,0.0,0.0,0.0,0.0,0.0,0.0,0.0,0.0,0.0,0.0,150.9,2.8,0.29,17.8,1138.0,0.07,151.1,51.8,202.9,387.0,7.3,0.73,45.7,2920.6,0.17,387.4,132.8,520.2,24.78,0.0,0.0,24.78,26.0,0.0,0.0,26.0,0.0,0.0,0.0,2877.8,150.2,2727.5,0.0,0.0,0.0,0.0,0.0,0.0,0.0,0.0,0.0,0.0,0.0,0.0,0.0,150.2,0.0
2050-03-22 00:00:00,2050-03-21 22:00:00,1698.9,0.0,0.0,12.7,1711.7,1644.3,1591.8,445.3,895.7,0.0321,0.0444,battery,gas-cc,0.0,0.0,0.0,0.0,0.0,0.0,0.0,0.0,0.0,0.0,0.0,0.0,0.0,0.0,0.0,0.0,0.0,0.0,143.2,2.7,0.27,16.9,1079.3,0.06,143.3,49.1,192.4,385.6,7.3,0.73,45.5,2909.5,0.17,386.0,132.3,518.3,25.11,0.0,0.0,25.11,26.28,0.0,0.0,26.28,0.0,0.0,0.0,2162.1,119.8,2042.2,0.0,0.0,0.0,0.0,0.0,0.0,0.0,0.0,0.0,0.0,0.0,0.0,0.0,119.8,0.0
2050-03-22 01:00:00,2050-03-21 23:00:00,1549.5,0.0,0.0,12.9,1562.3,1501.2,1457.4,445.3,918.2,0.0311,0.0405,battery,gas-cc,0.0,0.0,0.0,0.0,0.0,0.0,0.0,0.0,0.0,0.0,0.0,0.0,0.0,0.0,0.0,0.0,0.0,0.0,143.3,2.7,0.27,16.9,1080.6,0.06,143.5,49.2,192.6,376.1,7.1,0.71,44.4,2838.0,0.16,376.5,129.0,505.5,25.11,0.0,0.0,25.11,26.17,0.0,0.0,26.17,0.0,0.0,0.0,2035.2,105.0,1930.2,0.0,0.0,0.0,0.0,0.0,0.0,0.0,0.0,0.0,0.0,0.0,0.0,0.0,105.0,0.0
2050-03-22 02:00:00,2050-03-22 00:00:00,1394.7,0.0,0.0,12.0,1406.7,1352.4,1321.1,445.3,777.8,0.0303,0.0365,battery,gas-cc,0.0,0.0,0.0,0.0,0.0,0.0,0.0,0.0,0.0,0.0,0.0,0.0,0.0,0.0,0.0,0.0,0.0,0.0,143.2,2.7,0.27,16.9,1079.7,0.06,143.4,49.1,192.5,382.4,7.2,0.72,45.2,2885.4,0.17,382.8,131.2,514.0,25.11,0.0,0.0,25.11,26.07,0.0,0.0,26.07,0.0,0.0,0.0,1739.2,85.6,1653.6,0.0,0.0,0.0,0.0,0.0,0.0,0.0,0.0,0.0,0.0,0.0,0.0,0.0,85.6,0.0
2050-03-22 03:00:00,2050-03-22 01:00:00,1311.6,0.0,0.0,11.7,1323.3,1272.2,1269.9,445.3,734.0,0.03,0.0343,battery,gas-cc,0.0,0.0,0.0,0.0,0.0,0.0,0.0,0.0,0.0,0.0,0.0,0.0,0.0,0.0,0.0,0.0,0.0,0.0,143.1,2.7,0.27,16.9,1078.6,0.06,143.2,49.1,192.3,381.5,7.2,0.72,45.1,2878.9,0.17,381.9,130.9,512.8,25.11,0.0,0.0,25.11,26.01,0.0,0.0,26.01,0.0,0.0,0.0,1611.9,53.3,1558.6,0.0,0.0,0.0,0.0,0.0,0.0,0.0,0.0,0.0,0.0,0.0,0.0,0.0,53.3,0.0
2050-03-22 04:00:00,2050-03-22 02:00:00,1270.5,0.0,0.0,16.0,1286.5,1232.6,1220.3,413.6,1478.1,0.0299,0.0332,battery,gas-cc,0.0,0.0,0.0,0.0,0.0,0.0,0.0,0.0,0.0,0.0,0.0,0.0,0.0,0.0,0.0,0.0,0.0,0.0,142.9,2.7,0.27,16.9,1077.6,0.06,143.1,49.0,192.1,373.2,7.0,0.7,44.1,2816.6,0.16,373.6,128.1,501.7,25.11,0.0,0.0,25.11,25.98,0.0,0.0,25.98,0.0,0.0,0.0,2351.0,66.2,2284.8,0.0,0.0,0.0,0.0,0.0,0.0,0.0,0.0,0.0,0.0,0.0,0.0,0.0,66.2,0.0
2050-03-22 05:00:00,2050-03-22 03:00:00,1236.8,0.0,0.0,12.1,1249.0,1200.0,1190.2,445.3,804.1,0.0298,0.0323,battery,gas-cc,0.0,0.0,0.0,0.0,0.0,0.0,0.0,0.0,0.0,0.0,0.0,0.0,0.0,0.0,0.0,0.0,0.0,0.0,142.3,2.7,0.27,16.8,1072.9,0.06,142.5,48.8,191.3,372.9,7.0,0.7,44.1,2814.0,0.16,373.3,128.0,501.3,25.11,0.0,0.0,25.11,25.95,0.0,0.0,25.95,0.0,0.0,0.0,1607.8,58.8,1549.0,0.0,0.0,0.0,0.0,0.0,0.0,0.0,0.0,0.0,0.0,0.0,0.0,0.0,58.8,0.0
2050-03-22 06:00:00,2050-03-22 04:00:00,1257.9,0.0,0.0,12.3,1270.2,1220.3,1222.0,445.3,831.7,0.0299,0.0329,battery,gas-cc,0.0,0.0,0.0,0.0,0.0,0.0,0.0,0.0,0.0,0.0,0.0,0.0,0.0,0.0,0.0,0.0,0.0,0.0,159.5,3.0,0.3,18.8,1202.6,0.07,159.7,54.7,214.4,373.1,7.0,0.7,44.1,2815.6,0.16,373.5,128.0,501.5,25.11,0.0,0.0,25.11,25.97,0.0,0.0,25.97,0.0,0.0,0.0,1656.6,48.2,1608.4,0.0,0.0,0.0,0.0,0.0,0.0,0.0,0.0,0.0,0.0,0.0,0.0,0.0,48.2,0.0
2050-03-22 07:00:00,2050-03-22 05:00:00,1348.4,0.0,0.0,14.2,1362.6,1307.8,1312.2,395.5,1244.2,0.0301,0.0353,battery,gas-cc,0.0,0.0,0.0,0.0,0.0,0.0,0.0,0.0,0.0,0.0,0.0,0.0,0.0,0.0,0.0,0.0,0.0,0.0,142.4,2.7,0.27,16.8,1073.6,0.06,142.6,48.8,191.4,381.9,7.2,0.72,45.1,2881.8,0.17,382.3,131.0,513.3,25.11,0.0,0.0,25.11,26.03,0.0,0.0,26.03,0.0,0.0,0.0,2211.4,50.4,2160.9,0.0,0.0,0.0,0.0,0.0,0.0,0.0,0.0,0.0,0.0,0.0,0.0,0.0,50.4,0.0
2050-03-22 08:00:00,2050-03-22 06:00:00,1492.6,0.0,0.0,15.2,1507.8,1446.6,-811.5,445.3,1276.8,0.0308,0.039,battery,gas-cc,0.0,0.0,0.0,0.0,0.0,0.0,0.0,0.0,0.0,0.0,0.0,0.0,0.0,0.0,0.0,0.0,0.0,0.0,141.2,2.7,0.27,16.7,1064.4,0.06,141.3,48.4,189.8,386.6,7.3,0.73,45.7,2917.3,0.17,387.0,132.6,519.7,25.11,0.0,0.0,25.11,26.13,0.0,0.0,26.13,0.0,0.0,0.0,2339.3,2319.4,20.0,0.0,0.0,0.0,0.0,95.8,0.0,0.0,0.0,0.0,0.0,0.0,0.0,2174.5,49.0,0.0
2050-03-22 09:00:00,2050-03-22 07:00:00,1644.2,3065.4,0.0,0.0,4709.6,1592.0,0.0,0.0,0.0,0.0318,0.043,upv,upv,0.0,0.0,0.0,0.0,0.0,0.0,0.0,0.0,0.0,0.0,0.0,0.0,0.0,0.0,0.0,0.0,0.0,0.0,139.9,2.6,0.26,16.5,1054.9,0.06,140.1,48.0,188.1,0.0,0.0,0.0,0.0,0.0,0.0,0.0,0.0,0.0,0.0,0.0,0.0,0.0,0.0,0.0,0.0,0.0,0.0,4133.4,4133.4,4709.6,4709.6,0.0,0.0,0.0,0.0,0.0,371.4,0.0,0.0,0.0,0.0,0.0,0.0,0.0,4293.4,44.8,0.0
2050-03-22 10:00:00,2050-03-22 08:00:00,1750.5,4019.6,0.0,0.0,5770.1,1693.6,0.0,0.0,0.0,0.0325,0.0458,upv,upv,0.0,0.0,0.0,0.0,0.0,0.0,0.0,0.0,0.0,0.0,0.0,0.0,0.0,0.0,0.0,0.0,0.0,0.0,140.0,2.6,0.27,16.5,1055.7,0.06,140.2,48.0,188.2,0.0,0.0,0.0,0.0,0.0,0.0,0.0,0.0,0.0,0.0,0.0,0.0,0.0,0.0,0.0,0.0,0.0,0.0,4577.5,4577.5,5770.1,5770.1,0.0,0.0,0.0,0.0,0.0,435.2,0.0,0.0,0.0,0.0,0.0,0.0,0.0,5296.8,38.0,0.0
2050-03-22 11:00:00,2050-03-22 09:00:00,1736.8,3986.6,0.0,0.0,5723.5,1680.5,-0.0,0.0,0.0,0.0324,0.0454,upv,upv,0.0,0.0,0.0,0.0,0.0,0.0,0.0,0.0,0.0,0.0,0.0,0.0,0.0,0.0,0.0,0.0,0.0,0.0,140.0,2.6,0.27,16.5,1055.6,0.06,140.2,48.0,188.2,0.0,0.0,0.0,0.0,0.0,0.0,0.0,0.0,0.0,0.0,0.0,0.0,0.0,0.0,0.0,0.0,0.0,0.0,4622.8,4622.8,5723.5,5723.5,0.0,0.0,0.0,0.0,0.0,435.2,0.0,0.0,0.0,0.0,0.0,0.0,0.0,5251.5,36.7,0.0
2050-03-22 12:00:00,2050-03-22 10:00:00,1665.3,2431.9,0.0,0.0,4097.2,1612.1,0.0,0.0,0.0,0.0319,0.0435,upv,upv,0.0,0.0,0.0,0.0,0.0,0.0,0.0,0.0,0.0,0.0,0.0,0.0,0.0,0.0,0.0,0.0,0.0,0.0,139.9,2.6,0.26,16.5,1055.0,0.06,140.1,48.0,188.1,0.0,0.0,0.0,0.0,0.0,0.0,0.0,0.0,0.0,0.0,0.0,0.0,0.0,0.0,0.0,0.0,0.0,0.0,6243.6,6243.6,4097.2,4097.2,0.0,0.0,0.0,0.0,0.0,435.2,0.0,0.0,0.0,0.0,0.0,0.0,0.0,3630.7,31.2,0.0
2050-03-22 13:00:00,2050-03-22 11:00:00,1608.4,4019.6,0.0,0.0,5628.0,1557.7,0.0,0.0,0.0,0.0315,0.0421,upv,upv,0.0,0.0,0.0,0.0,0.0,0.0,0.0,0.0,0.0,0.0,0.0,0.0,0.0,0.0,0.0,0.0,0.0,0.0,139.9,2.6,0.26,16.5,1054.6,0.06,140.0,48.0,188.0,0.0,0.0,0.0,0.0,0.0,0.0,0.0,0.0,0.0,0.0,0.0,0.0,0.0,0.0,0.0,0.0,0.0,0.0,4700.9,4700.9,5628.0,5628.0,0.0,0.0,0.0,0.0,0.0,435.2,0.0,0.0,0.0,0.0,0.0,0.0,0.0,5173.4,19.4,0.0
2050-03-22 14:00:00,2050-03-22 12:00:00,1577.9,2431.9,0.0,0.0,4009.8,1528.5,0.0,0.0,0.0,0.0313,0.0413,upv,upv,0.0,0.0,0.0,0.0,0.0,0.0,0.0,0.0,0.0,0.0,0.0,0.0,0.0,0.0,0.0,0.0,0.0,0.0,139.9,2.6,0.26,16.5,1054.4,0.06,140.0,48.0,188.0,0.0,0.0,0.0,0.0,0.0,0.0,0.0,0.0,0.0,0.0,0.0,0.0,0.0,0.0,0.0,0.0,0.0,0.0,6320.9,6320.9,4009.8,4009.8,0.0,0.0,0.0,0.0,0.0,435.2,0.0,0.0,0.0,0.0,0.0,0.0,0.0,3553.4,21.2,0.0
2050-03-22 15:00:00,2050-03-22 13:00:00,1567.4,2431.9,0.0,0.0,3999.3,1518.4,0.0,0.0,0.0,0.0313,0.041,upv,upv,0.0,0.0,0.0,0.0,0.0,0.0,0.0,0.0,0.0,0.0,0.0,0.0,0.0,0.0,0.0,0.0,0.0,0.0,139.9,2.6,0.26,16.5,1054.3,0.06,140.0,48.0,188.0,0.0,0.0,0.0,0.0,0.0,0.0,0.0,0.0,0.0,0.0,0.0,0.0,0.0,0.0,0.0,0.0,0.0,0.0,6336.9,6336.9,3999.3,3999.3,0.0,0.0,0.0,0.0,0.0,435.2,0.0,0.0,0.0,0.0,0.0,0.0,0.0,3537.4,26.6,0.0
2050-03-22 16:00:00,2050-03-22 14:00:00,1562.1,3915.8,0.0,0.0,5477.9,1513.3,-0.0,0.0,0.0,0.0312,0.0409,upv,upv,0.0,0.0,0.0,0.0,0.0,0.0,0.0,0.0,0.0,0.0,0.0,0.0,0.0,0.0,0.0,0.0,0.0,0.0,139.8,2.6,0.26,16.5,1054.3,0.06,140.0,48.0,188.0,0.0,0.0,0.0,0.0,0.0,0.0,0.0,0.0,0.0,0.0,0.0,0.0,0.0,0.0,0.0,0.0,0.0,0.0,4864.2,4864.2,5477.9,5477.9,0.0,0.0,0.0,0.0,0.0,435.2,0.0,0.0,0.0,0.0,0.0,0.0,0.0,5010.1,32.6,0.0
2050-03-22 17:00:00,2050-03-22 15:00:00,1610.5,2431.9,0.0,0.0,4042.4,1559.8,0.0,0.0,0.0,0.0315,0.0421,upv,upv,0.0,0.0,0.0,0.0,0.0,0.0,0.0,0.0,0.0,0.0,0.0,0.0,0.0,0.0,0.0,0.0,0.0,0.0,139.9,2.6,0.26,16.5,1054.6,0.06,140.0,48.0,188.0,0.0,0.0,0.0,0.0,0.0,0.0,0.0,0.0,0.0,0.0,0.0,0.0,0.0,0.0,0.0,0.0,0.0,0.0,6303.8,6303.8,4042.4,4042.4,0.0,0.0,0.0,0.0,0.0,435.2,0.0,0.0,0.0,0.0,0.0,0.0,0.0,3570.5,36.7,0.0
2050-03-22 18:00:00,2050-03-22 16:00:00,1688.4,2431.9,0.0,0.0,4120.3,1634.3,0.0,0.0,0.0,0.0321,0.0442,upv,upv,0.0,0.0,0.0,0.0,0.0,0.0,0.0,0.0,0.0,0.0,0.0,0.0,0.0,0.0,0.0,0.0,0.0,0.0,140.0,2.6,0.26,16.5,1055.4,0.06,140.1,48.0,188.1,0.0,0.0,0.0,0.0,0.0,0.0,0.0,0.0,0.0,0.0,0.0,0.0,0.0,0.0,0.0,0.0,0.0,0.0,4997.9,4997.9,4120.3,4120.3,0.0,0.0,0.0,0.0,0.0,382.9,0.0,0.0,0.0,0.0,0.0,0.0,0.0,3693.8,43.6,0.0
2050-03-22 19:00:00,2050-03-22 17:00:00,1768.4,0.0,0.0,7.5,1775.9,1710.7,-1157.0,0.0,1157.0,0.0327,0.0462,hydro,gas-cc,0.0,0.0,0.0,0.0,0.0,0.0,0.0,0.0,0.0,0.0,0.0,0.0,0.0,0.0,0.0,0.0,0.0,0.0,140.9,2.7,0.27,16.7,1062.5,0.06,141.1,48.3,189.4,332.0,6.3,0.63,39.2,2505.0,0.14,332.3,113.9,446.2,25.11,0.0,0.0,25.11,26.33,0.0,0.0,26.33,0.0,0.0,0.0,2933.0,2933.0,0.0,0.0,0.0,0.0,0.0,121.1,0.0,0.0,0.0,0.0,0.0,0.0,0.0,2748.1,63.8,0.0
2050-03-22 20:00:00,2050-03-22 18:00:00,1900.0,0.0,0.0,6.5,1906.5,1835.9,1822.3,0.0,999.3,0.0337,0.0497,gas-cc,gas-cc,0.0,0.0,0.0,0.0,0.0,0.0,0.0,0.0,0.0,0.0,0.0,0.0,0.0,0.0,0.0,0.0,0.0,0.0,173.1,3.3,0.33,20.5,1305.5,0.08,173.3,59.4,232.7,388.0,7.3,0.73,45.8,2928.3,0.17,388.5,133.1,521.6,27.21,0.0,0.0,27.21,28.63,0.0,0.0,28.63,0.0,0.0,0.0,2905.8,84.2,2821.5,0.0,0.0,0.0,0.0,0.0,0.0,0.0,0.0,0.0,0.0,0.0,0.0,0.0,84.2,0.0
2050-03-22 21:00:00,2050-03-22 19:00:00,1971.6,0.0,0.0,4.6,1976.2,1903.9,1913.4,0.0,713.4,0.0343,0.0516,gas-cc,gas-cc,0.0,0.0,0.0,0.0,0.0,0.0,0.0,0.0,0.0,0.0,0.0,0.0,0.0,0.0,0.0,0.0,0.0,0.0,143.9,2.7,0.27,17.0,1084.9,0.06,144.1,49.4,193.4,370.9,7.0,0.7,43.8,2799.0,0.16,371.3,127.3,498.6,27.21,0.0,0.0,27.21,28.68,0.0,0.0,28.68,0.0,0.0,0.0,2689.6,62.9,2626.7,0.0,0.0,0.0,0.0,0.0,0.0,0.0,0.0,0.0,0.0,0.0,0.0,0.0,62.9,0.0
2050-03-22 22:00:00,2050-03-22 20:00:00,1878.9,0.0,0.0,6.4,1885.3,1815.9,1837.9,0.0,983.6,0.0335,0.0491,battery,gas-cc,0.0,0.0,0.0,0.0,0.0,0.0,0.0,0.0,0.0,0.0,0.0,0.0,0.0,0.0,0.0,0.0,0.0,0.0,143.7,2.7,0.27,17.0,1083.8,0.06,143.9,49.3,193.2,423.9,8.0,0.8,50.1,3198.5,0.18,424.3,145.4,569.7,27.21,0.0,0.0,27.21,28.61,0.0,0.0,28.61,0.0,0.0,0.0,2868.9,47.4,2821.5,0.0,0.0,0.0,0.0,0.0,0.0,0.0,0.0,0.0,0.0,0.0,0.0,0.0,47.4,0.0
2050-03-22 23:00:00,2050-03-22 21:00:00,1770.5,0.0,0.0,7.2,1777.8,1712.7,1739.0,0.0,1111.7,0.0327,0.0463,battery,gas-cc,0.0,0.0,0.0,0.0,0.0,0.0,0.0,0.0,0.0,0.0,0.0,0.0,0.0,0.0,0.0,0.0,0.0,0.0,161.6,3.0,0.31,19.1,1218.6,0.07,161.8,55.4,217.2,336.0,6.3,0.63,39.7,2535.4,0.15,336.3,115.3,451.6,27.21,0.0,0.0,27.21,28.53,0.0,0.0,28.53,0.0,0.0,0.0,2889.4,38.8,2850.6,0.0,0.0,0.0,0.0,0.0,0.0,0.0,0.0,0.0,0.0,0.0,0.0,0.0,38.8,0.0
2050-03-23 00:00:00,2050-03-22 22:00:00,1642.1,0.0,0.0,7.8,1649.9,1590.0,1614.8,0.0,1206.8,0.0317,0.0429,battery,gas-cc,0.0,0.0,0.0,0.0,0.0,0.0,0.0,0.0,0.0,0.0,0.0,0.0,0.0,0.0,0.0,0.0,0.0,0.0,164.4,3.1,0.31,19.4,1239.6,0.07,164.6,56.4,220.9,367.6,6.9,0.69,43.4,2773.8,0.16,368.0,126.1,494.1,31.33,0.0,0.0,31.33,32.74,0.0,0.0,32.74,0.0,0.0,0.0,2856.7,35.2,2821.5,0.0,0.0,0.0,0.0,0.0,0.0,0.0,0.0,0.0,0.0,0.0,0.0,0.0,35.2,0.0
2050-03-23 01:00:00,2050-03-22 23:00:00,1494.7,0.0,0.0,3.1,1497.8,1448.7,1471.0,0.0,477.3,0.0308,0.0391,battery,gas-cc,0.0,0.0,0.0,0.0,0.0,0.0,0.0,0.0,0.0,0.0,0.0,0.0,0.0,0.0,0.0,0.0,0.0,0.0,170.2,3.2,0.32,20.1,1283.3,0.07,170.4,58.4,228.7,366.1,6.9,0.69,43.2,2762.6,0.16,366.5,125.6,492.1,31.33,0.0,0.0,31.33,32.61,0.0,0.0,32.61,0.0,0.0,0.0,1975.1,26.9,1948.2,0.0,0.0,0.0,0.0,0.0,0.0,0.0,0.0,0.0,0.0,0.0,0.0,0.0,26.9,0.0
2050-03-23 02:00:00,2050-03-23 00:00:00,1345.3,0.0,0.0,4.6,1349.9,1304.7,1323.3,17.7,664.5,0.0301,0.0352,battery,gas-cc,0.0,0.0,0.0,0.0,0.0,0.0,0.0,0.0,0.0,0.0,0.0,0.0,0.0,0.0,0.0,0.0,0.0,0.0,151.6,2.9,0.29,17.9,1143.0,0.07,151.8,52.0,203.7,364.6,6.9,0.69,43.1,2751.4,0.16,365.0,125.1,490.1,31.33,0.0,0.0,31.33,32.48,0.0,0.0,32.48,0.0,0.0,0.0,1996.6,26.5,1970.1,0.0,0.0,0.0,0.0,0.0,0.0,0.0,0.0,0.0,0.0,0.0,0.0,0.0,26.5,0.0
2050-03-23 03:00:00,2050-03-23 01:00:00,1254.7,0.0,0.0,0.6,1255.3,1217.3,1233.8,0.0,85.0,0.0298,0.0328,battery,gas-cc,0.0,0.0,0.0,0.0,0.0,0.0,0.0,0.0,0.0,0.0,0.0,0.0,0.0,0.0,0.0,0.0,0.0,0.0,143.3,2.7,0.27,16.9,1080.6,0.06,143.5,49.2,192.6,363.7,6.9,0.69,43.0,2744.7,0.16,364.1,124.8,488.9,31.33,0.0,0.0,31.33,32.4,0.0,0.0,32.4,0.0,0.0,0.0,1340.3,21.5,1318.8,0.0,0.0,0.0,0.0,0.0,0.0,0.0,0.0,0.0,0.0,0.0,0.0,0.0,21.5,0.0
2050-03-23 04:00:00,2050-03-23 02:00:00,1206.3,0.0,0.0,4.4,1210.7,1170.4,1198.6,0.0,677.9,0.0297,0.0315,battery,gas-cc,0.0,0.0,0.0,0.0,0.0,0.0,0.0,0.0,0.0,0.0,0.0,0.0,0.0,0.0,0.0,0.0,0.0,0.0,160.1,3.0,0.3,18.9,1207.5,0.07,160.3,54.9,215.2,363.2,6.8,0.68,42.9,2741.1,0.16,363.6,124.6,488.3,31.33,0.0,0.0,31.33,32.35,0.0,0.0,32.35,0.0,0.0,0.0,1888.7,12.1,1876.5,0.0,0.0,0.0,0.0,0.0,0.0,0.0,0.0,0.0,0.0,0.0,0.0,0.0,12.1,0.0
2050-03-23 05:00:00,2050-03-23 03:00:00,1175.8,0.0,0.0,9.9,1185.7,1140.9,1174.3,0.0,1522.9,0.0297,0.0307,battery,gas-cc,0.0,0.0,0.0,0.0,0.0,0.0,0.0,0.0,0.0,0.0,0.0,0.0,0.0,0.0,0.0,0.0,0.0,0.0,150.7,2.8,0.29,17.8,1136.1,0.07,150.8,51.7,202.5,362.9,6.8,0.68,42.9,2738.9,0.16,363.3,124.5,487.9,31.33,0.0,0.0,31.33,32.33,0.0,0.0,32.33,0.0,0.0,0.0,2708.6,11.4,2697.2,0.0,0.0,0.0,0.0,0.0,0.0,0.0,0.0,0.0,0.0,0.0,0.0,0.0,11.4,0.0
2050-03-23 06:00:00,2050-03-23 04:00:00,1185.3,0.0,0.0,0.1,1185.4,1150.0,1175.7,0.0,22.3,0.0297,0.031,battery,gas-cc,0.0,0.0,0.0,0.0,0.0,0.0,0.0,0.0,0.0,0.0,0.0,0.0,0.0,0.0,0.0,0.0,0.0,0.0,174.3,3.3,0.33,20.6,1314.5,0.08,174.5,59.8,234.3,363.0,6.8,0.68,42.9,2739.6,0.16,363.4,124.6,488.0,31.33,0.0,0.0,31.33,32.33,0.0,0.0,32.33,0.0,0.0,0.0,1207.7,9.7,1198.0,0.0,0.0,0.0,0.0,0.0,0.0,0.0,0.0,0.0,0.0,0.0,0.0,0.0,9.7,0.0
2050-03-23 07:00:00,2050-03-23 05:00:00,1263.2,0.0,0.0,1.8,1265.0,1225.4,1260.6,0.0,280.0,0.0299,0.033,battery,gas-cc,0.0,0.0,0.0,0.0,0.0,0.0,0.0,0.0,0.0,0.0,0.0,0.0,0.0,0.0,0.0,0.0,0.0,0.0,142.1,2.7,0.27,16.8,1071.2,0.06,142.2,48.7,191.0,363.8,6.9,0.69,43.0,2745.3,0.16,364.2,124.8,489.0,31.33,0.0,0.0,31.33,32.4,0.0,0.0,32.4,0.0,0.0,0.0,1545.0,4.4,1540.6,0.0,0.0,0.0,0.0,0.0,0.0,0.0,0.0,0.0,0.0,0.0,0.0,0.0,4.4,0.0
2050-03-23 08:00:00,2050-03-23 06:00:00,1404.2,0.0,0.0,6.4,1410.6,1361.6,-901.5,25.9,927.4,0.0304,0.0367,gas-cc,gas-cc,0.0,0.0,0.0,0.0,0.0,0.0,0.0,0.0,0.0,0.0,0.0,0.0,0.0,0.0,0.0,0.0,0.0,0.0,141.1,2.7,0.27,16.7,1064.0,0.06,141.3,48.4,189.7,365.2,6.9,0.69,43.1,2755.9,0.16,365.6,125.3,490.9,26.22,0.0,0.0,26.22,27.22,0.0,0.0,27.22,0.0,0.0,0.0,2312.1,2312.1,0.0,0.0,0.0,0.0,0.0,97.3,0.0,0.0,0.0,0.0,0.0,0.0,0.0,2210.1,4.7,0.0
2050-03-23 09:00:00,2050-03-23 07:00:00,1556.8,3027.5,0.0,0.0,4584.3,1508.3,0.0,0.0,0.0,0.0312,0.0407,upv,upv,0.0,0.0,0.0,0.0,0.0,0.0,0.0,0.0,0.0,0.0,0.0,0.0,0.0,0.0,0.0,0.0,0.0,0.0,139.8,2.6,0.26,16.5,1054.3,0.06,140.0,48.0,187.9,0.0,0.0,0.0,0.0,0.0,0.0,0.0,0.0,0.0,0.0,0.0,0.0,0.0,0.0,0.0,0.0,0.0,3.0,4078.8,4081.7,4584.3,4584.3,0.0,0.0,0.0,0.0,0.0,365.6,0.0,0.0,0.0,0.0,0.0,0.0,0.0,4218.8,0.0,0.0
2050-03-23 10:00:00,2050-03-23 08:00:00,1677.9,4019.6,0.0,0.0,5697.5,1624.2,-0.0,0.0,0.0,0.032,0.0439,upv,upv,0.0,0.0,0.0,0.0,0.0,0.0,0.0,0.0,0.0,0.0,0.0,0.0,0.0,0.0,0.0,0.0,0.0,0.0,140.0,2.6,0.26,16.5,1055.1,0.06,140.1,48.0,188.1,0.0,0.0,0.0,0.0,0.0,0.0,0.0,0.0,0.0,0.0,0.0,0.0,0.0,0.0,0.0,0.0,0.0,2.4,4612.1,4614.4,5697.5,5697.5,0.0,0.0,0.0,0.0,0.0,435.2,0.0,0.0,0.0,0.0,0.0,0.0,0.0,5262.2,0.0,0.0
2050-03-23 11:00:00,2050-03-23 09:00:00,1677.9,4019.6,0.0,0.0,5697.5,1624.2,-0.0,0.0,0.0,0.032,0.0439,upv,upv,0.0,0.0,0.0,0.0,0.0,0.0,0.0,0.0,0.0,0.0,0.0,0.0,0.0,0.0,0.0,0.0,0.0,0.0,140.4,2.6,0.27,16.6,1058.2,0.06,140.5,48.1,188.7,0.0,0.0,0.0,0.0,0.0,0.0,0.0,0.0,0.0,0.0,0.0,0.0,0.0,0.0,0.0,0.0,0.0,1.5,4612.1,4613.6,5697.5,5697.5,0.0,0.0,0.0,0.0,0.0,435.2,0.0,0.0,0.0,0.0,0.0,0.0,0.0,5262.2,0.0,0.0
2050-03-23 12:00:00,2050-03-23 10:00:00,1642.1,3435.1,0.0,0.0,5077.2,1590.0,0.0,0.0,0.0,0.0317,0.0429,upv,upv,0.0,0.0,0.0,0.0,0.0,0.0,0.0,0.0,0.0,0.0,0.0,0.0,0.0,0.0,0.0,0.0,0.0,0.0,139.9,2.6,0.26,16.5,1054.9,0.06,140.1,48.0,188.1,0.0,0.0,0.0,0.0,0.0,0.0,0.0,0.0,0.0,0.0,0.0,0.0,0.0,0.0,0.0,0.0,0.0,1.5,5218.7,5220.1,5077.2,5077.2,0.0,0.0,0.0,0.0,0.0,434.5,0.0,0.0,0.0,0.0,0.0,0.0,0.0,4642.7,0.0,0.0
2050-03-23 13:00:00,2050-03-23 11:00:00,1605.3,3016.4,0.0,0.0,4621.6,1554.7,0.0,0.0,0.0,0.0315,0.042,upv,upv,0.0,0.0,0.0,0.0,0.0,0.0,0.0,0.0,0.0,0.0,0.0,0.0,0.0,0.0,0.0,0.0,0.0,0.0,139.9,2.6,0.26,16.5,1054.6,0.06,140.0,48.0,188.0,0.0,0.0,0.0,0.0,0.0,0.0,0.0,0.0,0.0,0.0,0.0,0.0,0.0,0.0,0.0,0.0,0.0,3.1,5566.2,5569.3,4621.6,4621.6,0.0,0.0,0.0,0.0,0.0,429.8,0.0,0.0,0.0,0.0,0.0,0.0,0.0,4191.8,0.0,0.0
2050-03-23 14:00:00,2050-03-23 12:00:00,1595.8,2431.9,0.0,0.0,4027.7,1545.6,0.0,0.0,0.0,0.0314,0.0417,upv,upv,0.0,0.0,0.0,0.0,0.0,0.0,0.0,0.0,0.0,0.0,0.0,0.0,0.0,0.0,0.0,0.0,0.0,0.0,139.9,2.6,0.26,16.5,1054.5,0.06,140.0,48.0,188.0,0.0,0.0,0.0,0.0,0.0,0.0,0.0,0.0,0.0,0.0,0.0,0.0,0.0,0.0,0.0,0.0,0.0,9.6,6193.9,6203.4,4027.7,4027.7,0.0,0.0,0.0,0.0,0.0,431.3,0.0,0.0,0.0,0.0,0.0,0.0,0.0,3596.4,0.0,0.0
2050-03-23 15:00:00,2050-03-23 13:00:00,1610.5,3402.2,0.0,0.0,5012.7,1559.8,0.0,0.0,0.0,0.0315,0.0421,upv,upv,0.0,0.0,0.0,0.0,0.0,0.0,0.0,0.0,0.0,0.0,0.0,0.0,0.0,0.0,0.0,0.0,0.0,0.0,139.9,2.6,0.26,16.5,1054.6,0.06,140.0,48.0,188.0,0.0,0.0,0.0,0.0,0.0,0.0,0.0,0.0,0.0,0.0,0.0,0.0,0.0,0.0,0.0,0.0,0.0,0.0,5289.7,5289.7,5012.7,5012.7,0.0,0.0,0.0,0.0,0.0,433.8,0.0,0.0,0.0,0.0,0.0,0.0,0.0,4558.7,20.2,0.0
2050-03-23 16:00:00,2050-03-23 14:00:00,1631.6,2950.5,0.0,0.0,4582.1,1579.9,0.0,0.0,0.0,0.0317,0.0427,upv,upv,0.0,0.0,0.0,0.0,0.0,0.0,0.0,0.0,0.0,0.0,0.0,0.0,0.0,0.0,0.0,0.0,0.0,0.0,139.9,2.6,0.26,16.5,1054.8,0.06,140.1,48.0,188.0,0.0,0.0,0.0,0.0,0.0,0.0,0.0,0.0,0.0,0.0,0.0,0.0,0.0,0.0,0.0,0.0,0.0,0.0,5759.3,5759.3,4582.1,4582.1,0.0,0.0,0.0,0.0,0.0,435.2,0.0,0.0,0.0,0.0,0.0,0.0,0.0,4115.0,31.8,0.0
2050-03-23 17:00:00,2050-03-23 15:00:00,1688.4,2431.9,0.0,0.0,4120.3,1634.3,0.0,0.0,0.0,0.0321,0.0442,upv,upv,0.0,0.0,0.0,0.0,0.0,0.0,0.0,0.0,0.0,0.0,0.0,0.0,0.0,0.0,0.0,0.0,0.0,0.0,140.0,2.6,0.26,16.5,1055.2,0.06,140.1,48.0,188.1,0.0,0.0,0.0,0.0,0.0,0.0,0.0,0.0,0.0,0.0,0.0,0.0,0.0,0.0,0.0,0.0,0.0,0.0,6222.8,6222.8,4120.3,4120.3,0.0,0.0,0.0,0.0,0.0,434.5,0.0,0.0,0.0,0.0,0.0,0.0,0.0,3638.6,47.2,0.0
2050-03-23 18:00:00,2050-03-23 16:00:00,1798.9,2431.9,0.0,0.0,4230.8,1739.8,-0.0,0.0,0.0,0.0329,0.047,upv,upv,0.0,0.0,0.0,0.0,0.0,0.0,0.0,0.0,0.0,0.0,0.0,0.0,0.0,0.0,0.0,0.0,0.0,0.0,140.1,2.6,0.27,16.6,1056.1,0.06,140.2,48.0,188.3,0.0,0.0,0.0,0.0,0.0,0.0,0.0,0.0,0.0,0.0,0.0,0.0,0.0,0.0,0.0,0.0,0.0,0.0,4736.9,4736.9,4230.8,4230.8,0.0,0.0,0.0,0.0,0.0,375.7,0.0,0.0,0.0,0.0,0.0,0.0,0.0,3786.8,68.4,0.0
2050-03-23 19:00:00,2050-03-23 17:00:00,1886.3,0.0,0.0,20.6,1906.9,1822.9,-1045.5,0.0,1866.3,0.0336,0.0493,hydro,gas-cc,78.8,1.5,0.15,9.3,594.9,0.03,78.9,27.0,106.0,81.6,1.5,0.15,9.6,615.6,0.04,81.7,28.0,109.7,140.8,2.7,0.27,16.6,1061.2,0.06,140.9,48.3,189.2,458.4,8.6,0.86,54.1,3459.1,0.2,458.9,157.3,616.2,37.36,0.0,0.0,37.36,39.29,0.0,0.0,39.29,0.0,0.0,0.0,3773.2,2952.4,0.0,0.0,0.0,0.0,0.0,120.4,820.8,0.0,0.0,0.0,0.0,0.0,0.0,2733.5,98.4,0.0
2050-03-23 20:00:00,2050-03-23 18:00:00,2015.8,0.0,0.0,22.0,2037.8,1945.8,1924.0,0.0,1848.2,0.0347,0.0527,gas-ct,gas-ct,76.5,1.4,0.14,9.0,577.6,0.03,76.6,26.3,102.9,79.3,1.5,0.15,9.4,598.4,0.03,79.4,27.2,106.6,143.9,2.7,0.27,17.0,1084.5,0.06,144.0,49.3,193.3,576.9,10.9,1.09,68.2,4353.6,0.25,577.6,198.0,775.5,41.78,0.0,0.0,41.78,44.1,0.0,0.0,44.1,0.0,0.0,0.0,3886.0,113.7,2951.4,0.0,0.0,0.0,0.0,0.0,820.8,0.0,0.0,0.0,0.0,0.0,0.0,0.0,113.7,0.0
2050-03-23 21:00:00,2050-03-23 19:00:00,2080.0,0.0,0.0,22.5,2102.5,2006.6,1963.3,0.0,2180.6,0.0353,0.0544,battery,gas-ct,69.4,1.3,0.13,8.2,524.1,0.03,69.5,23.8,93.4,72.0,1.4,0.14,8.5,543.3,0.03,72.1,24.7,96.8,143.9,2.7,0.27,17.0,1085.2,0.06,144.1,49.4,193.5,520.2,9.8,0.98,61.4,3925.2,0.23,520.7,178.5,699.2,41.78,0.0,0.0,41.78,44.18,0.0,0.0,44.18,0.0,0.0,0.0,4283.1,139.2,3323.1,0.0,0.0,0.0,0.0,0.0,820.8,0.0,0.0,0.0,0.0,0.0,0.0,0.0,139.2,0.0
2050-03-23 22:00:00,2050-03-23 20:00:00,1974.7,0.0,0.0,22.2,1997.0,1906.9,1894.3,0.0,2166.8,0.0344,0.0516,battery,gas-ct,71.4,1.3,0.13,8.4,539.1,0.03,71.5,24.5,96.0,74.0,1.4,0.14,8.7,558.3,0.03,74.1,25.4,99.4,143.6,2.7,0.27,17.0,1082.7,0.06,143.8,49.3,193.0,518.7,9.8,0.98,61.3,3913.8,0.22,519.2,178.0,697.2,41.78,0.0,0.0,41.78,44.05,0.0,0.0,44.05,0.0,0.0,0.0,4163.7,102.7,3240.3,0.0,0.0,0.0,0.0,0.0,820.8,0.0,0.0,0.0,0.0,0.0,0.0,0.0,102.7,0.0
2050-03-23 23:00:00,2050-03-23 21:00:00,1832.6,0.0,0.0,24.1,1856.7,1771.9,1788.4,0.0,2178.7,0.0332,0.0479,battery,gas-ct,73.7,1.4,0.14,8.7,556.2,0.03,73.8,25.3,99.1,76.2,1.4,0.14,9.0,575.3,0.03,76.3,26.2,102.5,143.6,2.7,0.27,17.0,1082.3,0.06,143.7,49.2,192.9,516.6,9.7,0.97,61.0,3898.5,0.22,517.2,177.3,694.4,41.78,0.0,0.0,41.78,43.88,0.0,0.0,43.88,0.0,0.0,0.0,4035.4,68.4,3146.3,0.0,0.0,0.0,0.0,0.0,820.8,0.0,0.0,0.0,0.0,0.0,0.0,0.0,68.4,0.0
2050-03-24 00:00:00,2050-03-23 22:00:00,1665.3,0.0,0.0,27.8,1693.1,1612.1,1635.2,0.0,2653.2,0.0319,0.0435,gas-ct,gas-ct,68.4,1.3,0.13,8.1,516.5,0.03,68.5,23.5,92.0,70.7,1.3,0.13,8.4,533.5,0.03,70.8,24.3,95.0,143.4,2.7,0.27,16.9,1081.2,0.06,143.6,49.2,192.8,560.3,10.6,1.06,66.2,4228.2,0.24,560.9,192.3,753.2,46.32,0.0,0.0,46.32,48.43,0.0,0.0,48.43,0.0,0.0,0.0,4346.3,57.9,3467.6,0.0,0.0,0.0,0.0,0.0,820.8,0.0,0.0,0.0,0.0,0.0,0.0,0.0,57.9,0.0
2050-03-24 01:00:00,2050-03-23 23:00:00,1494.7,0.0,0.0,27.4,1522.2,1448.7,1462.3,0.0,2594.1,0.0308,0.0391,battery,gas-ct,72.3,1.4,0.14,8.5,545.3,0.03,72.3,24.8,97.1,74.6,1.4,0.14,8.8,562.7,0.03,74.6,25.6,100.2,142.9,2.7,0.27,16.9,1077.5,0.06,143.1,49.0,192.1,673.9,12.7,1.27,79.6,5085.5,0.29,674.6,231.2,905.9,45.2,0.0,0.0,45.2,47.04,0.0,0.0,47.04,0.0,0.0,0.0,4116.2,59.9,3235.6,0.0,0.0,0.0,0.0,0.0,820.8,0.0,0.0,0.0,0.0,0.0,0.0,0.0,59.9,0.0
2050-03-24 02:00:00,2050-03-24 00:00:00,1361.1,0.0,0.0,21.0,1382.1,1320.0,1327.6,0.0,2307.6,0.0302,0.0356,battery,gas-ct,80.6,1.5,0.15,9.5,608.4,0.03,80.7,27.7,108.4,83.1,1.6,0.16,9.8,627.3,0.04,83.2,28.5,111.7,142.7,2.7,0.27,16.9,1075.8,0.06,142.8,48.9,191.8,611.3,11.5,1.15,72.2,4612.6,0.26,611.9,209.7,821.6,43.07,0.0,0.0,43.07,44.66,0.0,0.0,44.66,0.0,0.0,0.0,3689.7,54.5,2814.4,0.0,0.0,0.0,0.0,0.0,820.8,0.0,0.0,0.0,0.0,0.0,0.0,0.0,54.5,0.0
2050-03-24 03:00:00,2050-03-24 01:00:00,1260.0,0.0,0.0,8.7,1268.7,1222.4,1212.0,0.0,1343.8,0.0299,0.033,battery,gas-ct,113.9,2.1,0.21,13.5,859.2,0.05,114.0,39.1,153.0,117.4,2.2,0.22,13.9,885.6,0.05,117.5,40.3,157.8,142.9,2.7,0.27,16.9,1077.2,0.06,143.0,49.0,192.0,609.6,11.5,1.15,72.0,4600.0,0.26,610.2,209.2,819.4,43.06,0.0,0.0,43.06,44.53,0.0,0.0,44.53,0.0,0.0,0.0,2612.5,56.8,1735.0,0.0,0.0,0.0,0.0,0.0,820.8,0.0,0.0,0.0,0.0,0.0,0.0,0.0,56.8,0.0
2050-03-24 04:00:00,2050-03-24 02:00:00,1201.1,0.0,0.0,0.0,1201.1,1165.3,1157.6,0.0,0.0,0.0297,0.0314,battery,gas-ct,247.7,4.7,0.47,29.3,1868.9,0.11,247.9,85.0,332.9,255.3,4.8,0.48,30.2,1926.2,0.11,255.5,87.6,343.1,142.0,2.7,0.27,16.8,1070.3,0.06,142.1,48.7,190.8,608.6,11.5,1.15,71.9,4592.7,0.26,609.3,208.8,818.1,43.06,0.0,0.0,43.06,44.46,0.0,0.0,44.46,0.0,0.0,0.0,1201.1,43.5,336.8,0.0,0.0,0.0,0.0,0.0,820.8,0.0,0.0,0.0,0.0,0.0,0.0,0.0,43.5,0.0
2050-03-24 05:00:00,2050-03-24 03:00:00,1162.1,0.0,0.0,0.0,1162.1,1127.6,1132.7,0.0,0.0,0.0297,0.0304,battery,gas-ct,256.0,4.8,0.48,30.2,1931.6,0.11,256.2,87.8,344.1,263.8,5.0,0.5,31.2,1990.7,0.11,264.1,90.5,354.6,142.9,2.7,0.27,16.9,1077.2,0.06,143.1,49.0,192.1,608.0,11.5,1.15,71.8,4587.9,0.26,608.6,208.6,817.2,43.06,0.0,0.0,43.06,44.41,0.0,0.0,44.41,0.0,0.0,0.0,1162.1,29.4,311.9,0.0,0.0,0.0,0.0,0.0,820.8,0.0,0.0,0.0,0.0,0.0,0.0,0.0,29.4,0.0
2050-03-24 06:00:00,2050-03-24 04:00:00,1162.1,0.0,0.0,0.0,1162.1,1127.6,1144.4,0.0,0.0,0.0297,0.0304,battery,gas-ct,256.0,4.8,0.48,30.2,1931.6,0.11,256.2,87.8,344.1,263.8,5.0,0.5,31.2,1990.7,0.11,264.1,90.5,354.6,144.4,2.7,0.27,17.1,1088.1,0.06,144.6,49.5,194.1,608.0,11.5,1.15,71.8,4587.9,0.26,608.6,208.6,817.2,43.06,0.0,0.0,43.06,44.41,0.0,0.0,44.41,0.0,0.0,0.0,1162.1,17.7,323.6,0.0,0.0,0.0,0.0,0.0,820.8,0.0,0.0,0.0,0.0,0.0,0.0,0.0,17.7,0.0
2050-03-24 07:00:00,2050-03-24 05:00:00,1222.1,0.0,0.0,7.8,1229.9,1185.7,1220.6,0.0,1205.8,0.0298,0.032,battery,gas-ct,122.1,2.3,0.23,14.4,921.6,0.05,122.3,41.9,164.2,125.9,2.4,0.24,14.9,949.8,0.05,126.0,43.2,169.2,141.5,2.7,0.27,16.7,1067.0,0.06,141.7,48.5,190.2,508.1,9.6,0.96,60.0,3834.2,0.22,508.7,174.3,683.0,42.02,0.0,0.0,42.02,43.41,0.0,0.0,43.41,0.0,0.0,0.0,2435.7,9.3,1605.6,0.0,0.0,0.0,0.0,0.0,820.8,0.0,0.0,0.0,0.0,0.0,0.0,0.0,9.3,0.0
2050-03-24 08:00:00,2050-03-24 06:00:00,1332.6,0.0,0.0,16.8,1349.4,1292.6,-1075.3,445.3,1520.6,0.0301,0.0348,gas-cc,gas-cc,0.0,0.0,0.0,0.0,0.0,0.0,0.0,0.0,0.0,0.0,0.0,0.0,0.0,0.0,0.0,0.0,0.0,0.0,140.8,2.7,0.27,16.6,1061.7,0.06,141.0,48.3,189.3,364.5,6.9,0.69,43.1,2750.5,0.16,364.9,125.1,489.9,26.22,0.0,0.0,26.22,27.16,0.0,0.0,27.16,0.0,0.0,0.0,2424.7,2424.7,0.0,0.0,0.0,0.0,0.0,102.0,0.0,0.0,0.0,0.0,0.0,0.0,0.0,2313.5,9.3,0.0
2050-03-24 09:00:00,2050-03-24 07:00:00,1489.5,2492.2,0.0,0.0,3981.7,1443.6,0.0,0.0,0.0,0.0308,0.039,upv,upv,0.0,0.0,0.0,0.0,0.0,0.0,0.0,0.0,0.0,0.0,0.0,0.0,0.0,0.0,0.0,0.0,0.0,0.0,139.8,2.6,0.26,16.5,1053.8,0.06,139.9,47.9,187.9,0.0,0.0,0.0,0.0,0.0,0.0,0.0,0.0,0.0,0.0,0.0,0.0,0.0,0.0,0.0,0.0,0.0,10.3,4877.1,4887.4,3981.7,3981.7,0.0,0.0,0.0,0.0,0.0,373.9,0.0,0.0,0.0,0.0,0.0,0.0,0.0,3607.8,0.0,0.0
2050-03-24 10:00:00,2050-03-24 08:00:00,1626.3,3406.0,0.0,0.0,5032.3,1574.9,0.0,0.0,0.0,0.0316,0.0425,upv,upv,0.0,0.0,0.0,0.0,0.0,0.0,0.0,0.0,0.0,0.0,0.0,0.0,0.0,0.0,0.0,0.0,0.0,0.0,140.0,2.6,0.27,16.5,1055.8,0.06,140.2,48.0,188.2,0.0,0.0,0.0,0.0,0.0,0.0,0.0,0.0,0.0,0.0,0.0,0.0,0.0,0.0,0.0,0.0,0.0,7.2,5277.2,5284.4,5032.3,5032.3,0.0,0.0,0.0,0.0,0.0,435.2,0.0,0.0,0.0,0.0,0.0,0.0,0.0,4597.1,0.0,0.0
2050-03-24 11:00:00,2050-03-24 09:00:00,1662.1,2431.9,0.0,0.0,4094.0,1609.1,0.0,0.0,0.0,0.0319,0.0435,upv,upv,0.0,0.0,0.0,0.0,0.0,0.0,0.0,0.0,0.0,0.0,0.0,0.0,0.0,0.0,0.0,0.0,0.0,0.0,140.1,2.6,0.27,16.5,1056.0,0.06,140.2,48.0,188.3,0.0,0.0,0.0,0.0,0.0,0.0,0.0,0.0,0.0,0.0,0.0,0.0,0.0,0.0,0.0,0.0,0.0,6.7,6215.5,6222.3,4094.0,4094.0,0.0,0.0,0.0,0.0,0.0,435.2,0.0,0.0,0.0,0.0,0.0,0.0,0.0,3658.8,0.0,0.0
2050-03-24 12:00:00,2050-03-24 10:00:00,1636.8,2655.8,0.0,0.0,4292.6,1584.9,0.0,0.0,0.0,0.0317,0.0428,upv,upv,0.0,0.0,0.0,0.0,0.0,0.0,0.0,0.0,0.0,0.0,0.0,0.0,0.0,0.0,0.0,0.0,0.0,0.0,140.2,2.6,0.27,16.6,1057.3,0.06,140.4,48.1,188.5,0.0,0.0,0.0,0.0,0.0,0.0,0.0,0.0,0.0,0.0,0.0,0.0,0.0,0.0,0.0,0.0,0.0,7.9,6016.9,6024.8,4292.6,4292.6,0.0,0.0,0.0,0.0,0.0,435.2,0.0,0.0,0.0,0.0,0.0,0.0,0.0,3857.4,0.0,0.0
2050-03-24 13:00:00,2050-03-24 11:00:00,1613.7,3016.4,0.0,0.0,4630.1,1562.8,-0.0,0.0,0.0,0.0315,0.0422,upv,upv,0.0,0.0,0.0,0.0,0.0,0.0,0.0,0.0,0.0,0.0,0.0,0.0,0.0,0.0,0.0,0.0,0.0,0.0,139.6,2.6,0.26,16.5,1052.6,0.06,139.8,47.9,187.7,0.0,0.0,0.0,0.0,0.0,0.0,0.0,0.0,0.0,0.0,0.0,0.0,0.0,0.0,0.0,0.0,0.0,6.4,5679.5,5685.9,4630.1,4630.1,0.0,0.0,0.0,0.0,0.0,435.2,0.0,0.0,0.0,0.0,0.0,0.0,0.0,4194.8,0.0,0.0
2050-03-24 14:00:00,2050-03-24 12:00:00,1626.3,3045.5,0.0,0.0,4671.8,1574.9,0.0,0.0,0.0,0.0316,0.0425,upv,upv,0.0,0.0,0.0,0.0,0.0,0.0,0.0,0.0,0.0,0.0,0.0,0.0,0.0,0.0,0.0,0.0,0.0,0.0,139.2,2.6,0.26,16.4,1049.4,0.06,139.3,47.7,187.1,0.0,0.0,0.0,0.0,0.0,0.0,0.0,0.0,0.0,0.0,0.0,0.0,0.0,0.0,0.0,0.0,0.0,7.3,5637.8,5645.1,4671.8,4671.8,0.0,0.0,0.0,0.0,0.0,435.2,0.0,0.0,0.0,0.0,0.0,0.0,0.0,4236.5,0.0,0.0
2050-03-24 15:00:00,2050-03-24 13:00:00,1654.7,3990.5,0.0,0.0,5645.2,1602.1,0.0,0.0,0.0,0.0318,0.0433,upv,upv,0.0,0.0,0.0,0.0,0.0,0.0,0.0,0.0,0.0,0.0,0.0,0.0,0.0,0.0,0.0,0.0,0.0,0.0,140.0,2.6,0.27,16.5,1055.6,0.06,140.2,48.0,188.2,0.0,0.0,0.0,0.0,0.0,0.0,0.0,0.0,0.0,0.0,0.0,0.0,0.0,0.0,0.0,0.0,0.0,9.3,4664.3,4673.6,5645.2,5645.2,0.0,0.0,0.0,0.0,0.0,435.2,0.0,0.0,0.0,0.0,0.0,0.0,0.0,5210.0,0.0,0.0
2050-03-24 16:00:00,2050-03-24 14:00:00,1685.3,3092.2,0.0,0.0,4777.5,1631.3,0.0,0.0,0.0,0.032,0.0441,upv,upv,0.0,0.0,0.0,0.0,0.0,0.0,0.0,0.0,0.0,0.0,0.0,0.0,0.0,0.0,0.0,0.0,0.0,0.0,140.0,2.6,0.26,16.5,1055.2,0.06,140.1,48.0,188.1,0.0,0.0,0.0,0.0,0.0,0.0,0.0,0.0,0.0,0.0,0.0,0.0,0.0,0.0,0.0,0.0,0.0,14.0,5532.0,5546.1,4777.5,4777.5,0.0,0.0,0.0,0.0,0.0,0.0,0.0,0.0,0.0,0.0,0.0,0.0,0.0,4777.5,0.0,0.0
2050-03-24 17:00:00,2050-03-24 15:00:00,1765.3,3824.8,0.0,0.0,5590.0,1707.7,-0.0,0.0,0.0,0.0326,0.0462,upv,upv,0.0,0.0,0.0,0.0,0.0,0.0,0.0,0.0,0.0,0.0,0.0,0.0,0.0,0.0,0.0,0.0,0.0,0.0,140.1,2.6,0.27,16.5,1055.8,0.06,140.2,48.0,188.2,0.0,0.0,0.0,0.0,0.0,0.0,0.0,0.0,0.0,0.0,0.0,0.0,0.0,0.0,0.0,0.0,0.0,17.7,4719.5,4737.2,5590.0,5590.0,0.0,0.0,0.0,0.0,0.0,435.2,0.0,0.0,0.0,0.0,0.0,0.0,0.0,5154.8,0.0,0.0
2050-03-24 18:00:00,2050-03-24 16:00:00,1868.4,3211.2,0.0,0.0,5079.6,1805.9,0.0,0.0,0.0,0.0335,0.0489,upv,upv,0.0,0.0,0.0,0.0,0.0,0.0,0.0,0.0,0.0,0.0,0.0,0.0,0.0,0.0,0.0,0.0,0.0,0.0,140.4,2.6,0.27,16.6,1058.4,0.06,140.5,48.1,188.7,0.0,0.0,0.0,0.0,0.0,0.0,0.0,0.0,0.0,0.0,0.0,0.0,0.0,0.0,0.0,0.0,0.0,21.0,4231.3,4252.3,5079.6,5079.6,0.0,0.0,0.0,0.0,0.0,393.0,0.0,0.0,0.0,0.0,0.0,0.0,0.0,4686.6,0.0,0.0
2050-03-24 19:00:00,2050-03-24 17:00:00,1948.4,0.0,0.0,9.1,1957.6,1881.9,-1181.2,0.0,1405.1,0.0341,0.051,battery,gas-cc,0.0,0.0,0.0,0.0,0.0,0.0,0.0,0.0,0.0,0.0,0.0,0.0,0.0,0.0,0.0,0.0,0.0,0.0,141.1,2.7,0.27,16.7,1063.9,0.06,141.3,48.4,189.7,333.6,6.3,0.63,39.4,2517.5,0.14,334.0,114.5,448.4,28.9,0.0,0.0,28.9,30.46,0.0,0.0,30.46,0.0,0.0,0.0,3362.6,3138.7,223.9,0.0,0.0,0.0,0.0,130.7,0.0,0.0,0.0,0.0,0.0,0.0,0.0,2967.8,40.2,0.0
2050-03-24 20:00:00,2050-03-24 18:00:00,2049.5,0.0,0.0,17.2,2066.6,1977.7,1996.4,0.0,2023.2,0.035,0.0536,battery,gas-cc,0.0,0.0,0.0,0.0,0.0,0.0,0.0,0.0,0.0,0.0,0.0,0.0,0.0,0.0,0.0,0.0,0.0,0.0,143.8,2.7,0.27,17.0,1084.2,0.06,144.0,49.3,193.3,334.5,6.3,0.63,39.5,2524.5,0.15,334.9,114.8,449.7,28.9,0.0,0.0,28.9,30.54,0.0,0.0,30.54,0.0,0.0,0.0,4089.8,70.3,4019.6,0.0,0.0,0.0,0.0,0.0,0.0,0.0,0.0,0.0,0.0,0.0,0.0,0.0,70.3,0.0
2050-03-24 21:00:00,2050-03-24 19:00:00,2080.0,0.0,0.0,10.7,2090.7,2006.6,2034.1,0.0,1640.0,0.0353,0.0544,battery,gas-cc,0.0,0.0,0.0,0.0,0.0,0.0,0.0,0.0,0.0,0.0,0.0,0.0,0.0,0.0,0.0,0.0,0.0,0.0,144.0,2.7,0.27,17.0,1085.5,0.06,144.1,49.4,193.5,334.8,6.3,0.63,39.6,2526.6,0.15,335.2,114.9,450.1,28.9,0.0,0.0,28.9,30.57,0.0,0.0,30.57,0.0,0.0,0.0,3730.6,56.6,3674.1,0.0,0.0,0.0,0.0,0.0,0.0,0.0,0.0,0.0,0.0,0.0,0.0,0.0,56.6,0.0
2050-03-24 22:00:00,2050-03-24 20:00:00,1974.7,0.0,0.0,7.2,1981.9,1906.9,1937.8,0.0,1107.6,0.0344,0.0516,battery,gas-cc,0.0,0.0,0.0,0.0,0.0,0.0,0.0,0.0,0.0,0.0,0.0,0.0,0.0,0.0,0.0,0.0,0.0,0.0,156.6,3.0,0.3,18.5,1180.6,0.07,156.8,53.7,210.5,333.8,6.3,0.63,39.4,2519.3,0.14,334.2,114.6,448.8,28.9,0.0,0.0,28.9,30.48,0.0,0.0,30.48,0.0,0.0,0.0,3089.6,44.1,3045.5,0.0,0.0,0.0,0.0,0.0,0.0,0.0,0.0,0.0,0.0,0.0,0.0,0.0,44.1,0.0
2050-03-24 23:00:00,2050-03-24 21:00:00,1845.3,0.0,0.0,10.7,1855.9,1783.9,1834.6,0.0,1640.0,0.0333,0.0483,battery,gas-cc,0.0,0.0,0.0,0.0,0.0,0.0,0.0,0.0,0.0,0.0,0.0,0.0,0.0,0.0,0.0,0.0,0.0,0.0,143.7,2.7,0.27,17.0,1083.5,0.06,143.9,49.3,193.2,332.7,6.3,0.63,39.3,2510.3,0.14,333.0,114.1,447.2,28.9,0.0,0.0,28.9,30.37,0.0,0.0,30.37,0.0,0.0,0.0,3495.9,21.3,3474.6,0.0,0.0,0.0,0.0,0.0,0.0,0.0,0.0,0.0,0.0,0.0,0.0,0.0,21.3,0.0
2050-03-25 00:00:00,2050-03-24 22:00:00,1701.1,0.0,0.0,1.2,1702.3,1646.4,1691.2,0.0,187.2,0.0322,0.0445,gas-cc,gas-cc,0.0,0.0,0.0,0.0,0.0,0.0,0.0,0.0,0.0,0.0,0.0,0.0,0.0,0.0,0.0,0.0,0.0,0.0,204.0,3.8,0.39,24.1,1539.0,0.09,204.3,70.0,274.3,368.2,6.9,0.69,43.5,2778.2,0.16,368.6,126.3,494.9,28.35,0.0,0.0,28.35,29.67,0.0,0.0,29.67,0.0,0.0,0.0,1889.4,11.0,1878.4,0.0,0.0,0.0,0.0,0.0,0.0,0.0,0.0,0.0,0.0,0.0,0.0,0.0,11.0,0.0
2050-03-25 01:00:00,2050-03-24 23:00:00,1538.9,0.0,0.0,4.4,1543.4,1491.1,1538.1,0.0,681.5,0.0311,0.0402,battery,gas-cc,0.0,0.0,0.0,0.0,0.0,0.0,0.0,0.0,0.0,0.0,0.0,0.0,0.0,0.0,0.0,0.0,0.0,0.0,185.8,3.5,0.35,21.9,1401.2,0.08,186.0,63.7,249.7,329.9,6.2,0.62,39.0,2489.4,0.14,330.2,113.2,443.4,28.35,0.0,0.0,28.35,29.54,0.0,0.0,29.54,0.0,0.0,0.0,2224.9,5.3,2219.6,0.0,0.0,0.0,0.0,0.0,0.0,0.0,0.0,0.0,0.0,0.0,0.0,0.0,5.3,0.0
2050-03-25 02:00:00,2050-03-25 00:00:00,1391.6,0.0,0.0,1.0,1392.6,1349.4,1389.7,0.0,156.6,0.0303,0.0364,battery,gas-cc,0.0,0.0,0.0,0.0,0.0,0.0,0.0,0.0,0.0,0.0,0.0,0.0,0.0,0.0,0.0,0.0,0.0,0.0,144.0,2.7,0.27,17.0,1085.6,0.06,144.2,49.4,193.5,328.6,6.2,0.62,38.8,2479.4,0.14,328.9,112.7,441.7,28.35,0.0,0.0,28.35,29.42,0.0,0.0,29.42,0.0,0.0,0.0,1549.2,2.9,1546.3,0.0,0.0,0.0,0.0,0.0,0.0,0.0,0.0,0.0,0.0,0.0,0.0,0.0,2.9,0.0
2050-03-25 03:00:00,2050-03-25 01:00:00,1265.3,0.0,0.0,1.7,1266.9,1227.5,1266.3,108.3,0.0,0.0299,0.0331,battery,gas-cc,0.0,0.0,0.0,0.0,0.0,0.0,0.0,0.0,0.0,0.0,0.0,0.0,0.0,0.0,0.0,0.0,0.0,0.0,178.0,3.4,0.34,21.0,1342.3,0.08,178.2,61.1,239.2,327.4,6.2,0.62,38.7,2470.9,0.14,327.8,112.4,440.1,28.35,0.0,0.0,28.35,29.32,0.0,0.0,29.32,0.0,0.0,0.0,1158.7,0.6,1158.0,0.0,0.0,0.0,0.0,0.0,0.0,0.0,0.0,0.0,0.0,0.0,0.0,0.0,0.6,0.0
2050-03-25 04:00:00,2050-03-25 02:00:00,1190.5,0.0,0.0,2.2,1192.7,1155.1,1192.7,141.4,0.0,0.0297,0.0311,battery,gas-cc,0.0,0.0,0.0,0.0,0.0,0.0,0.0,0.0,0.0,0.0,0.0,0.0,0.0,0.0,0.0,0.0,0.0,0.0,142.9,2.7,0.27,16.9,1077.2,0.06,143.0,49.0,192.0,326.8,6.2,0.62,38.6,2466.0,0.14,327.1,112.1,439.3,28.35,0.0,0.0,28.35,29.26,0.0,0.0,29.26,0.0,0.0,0.0,1051.3,0.0,1051.3,0.0,0.0,0.0,0.0,0.0,0.0,0.0,0.0,0.0,0.0,0.0,0.0,0.0,0.0,0.0
2050-03-25 05:00:00,2050-03-25 03:00:00,1147.4,0.0,0.0,1.8,1149.2,1113.3,1148.8,0.0,283.8,0.0297,0.03,battery,gas-cc,0.0,0.0,0.0,0.0,0.0,0.0,0.0,0.0,0.0,0.0,0.0,0.0,0.0,0.0,0.0,0.0,0.0,0.0,158.6,3.0,0.3,18.7,1195.9,0.07,158.8,54.4,213.2,326.4,6.2,0.62,38.6,2463.1,0.14,326.8,112.0,438.8,28.35,0.0,0.0,28.35,29.23,0.0,0.0,29.23,0.0,0.0,0.0,1433.0,0.4,1432.7,0.0,0.0,0.0,0.0,0.0,0.0,0.0,0.0,0.0,0.0,0.0,0.0,0.0,0.4,0.0
2050-03-25 06:00:00,2050-03-25 04:00:00,1128.4,0.0,0.0,1.6,1130.0,1094.9,1123.8,0.0,241.4,0.0297,0.0295,battery,gas-cc,0.0,0.0,0.0,0.0,0.0,0.0,0.0,0.0,0.0,0.0,0.0,0.0,0.0,0.0,0.0,0.0,0.0,0.0,146.0,2.8,0.28,17.2,1100.4,0.06,146.1,50.1,196.2,326.2,6.1,0.61,38.5,2461.8,0.14,326.6,111.9,438.5,28.35,0.0,0.0,28.35,29.21,0.0,0.0,29.21,0.0,0.0,0.0,1371.4,6.2,1365.2,0.0,0.0,0.0,0.0,0.0,0.0,0.0,0.0,0.0,0.0,0.0,0.0,0.0,6.2,0.0
2050-03-25 07:00:00,2050-03-25 05:00:00,1121.1,0.0,0.0,2.0,1123.0,1087.8,1099.1,0.0,303.2,0.0297,0.0293,battery,gas-cc,0.0,0.0,0.0,0.0,0.0,0.0,0.0,0.0,0.0,0.0,0.0,0.0,0.0,0.0,0.0,0.0,0.0,0.0,170.8,3.2,0.32,20.2,1288.2,0.07,171.0,58.6,229.6,326.2,6.1,0.61,38.5,2461.3,0.14,326.5,111.9,438.4,28.35,0.0,0.0,28.35,29.2,0.0,0.0,29.2,0.0,0.0,0.0,1426.2,23.9,1402.3,0.0,0.0,0.0,0.0,0.0,0.0,0.0,0.0,0.0,0.0,0.0,0.0,0.0,23.9,0.0
2050-03-25 08:00:00,2050-03-25 06:00:00,1149.5,0.0,0.0,9.4,1158.9,1115.3,-1443.3,0.0,1443.3,0.0297,0.0301,gas-cc,gas-cc,0.0,0.0,0.0,0.0,0.0,0.0,0.0,0.0,0.0,0.0,0.0,0.0,0.0,0.0,0.0,0.0,0.0,0.0,140.3,2.6,0.27,16.6,1057.6,0.06,140.4,48.1,188.5,362.7,6.8,0.68,42.8,2736.9,0.16,363.1,124.4,487.5,19.4,0.0,0.0,19.4,20.0,0.0,0.0,20.0,0.0,0.0,0.0,2602.2,2602.2,0.0,0.0,0.0,0.0,0.0,108.4,0.0,0.0,0.0,0.0,0.0,0.0,0.0,2460.5,33.3,0.0
2050-03-25 09:00:00,2050-03-25 07:00:00,1234.7,1707.1,0.0,0.0,2941.9,1197.9,0.0,0.0,0.0,0.0298,0.0323,upv,upv,0.0,0.0,0.0,0.0,0.0,0.0,0.0,0.0,0.0,0.0,0.0,0.0,0.0,0.0,0.0,0.0,0.0,0.0,139.6,2.6,0.26,16.5,1052.8,0.06,139.8,47.9,187.7,0.0,0.0,0.0,0.0,0.0,0.0,0.0,0.0,0.0,0.0,0.0,0.0,0.0,0.0,0.0,0.0,0.0,0.0,5887.9,5887.9,2941.9,2941.9,0.0,0.0,0.0,0.0,0.0,370.6,0.0,0.0,0.0,0.0,0.0,0.0,0.0,2526.0,45.3,0.0
2050-03-25 10:00:00,2050-03-25 08:00:00,1348.4,3990.5,0.0,0.0,5338.9,1307.8,0.0,0.0,0.0,0.0301,0.0353,upv,upv,0.0,0.0,0.0,0.0,0.0,0.0,0.0,0.0,0.0,0.0,0.0,0.0,0.0,0.0,0.0,0.0,0.0,0.0,139.7,2.6,0.26,16.5,1053.1,0.06,139.8,47.9,187.7,0.0,0.0,0.0,0.0,0.0,0.0,0.0,0.0,0.0,0.0,0.0,0.0,0.0,0.0,0.0,0.0,0.0,35.7,4835.6,4871.4,5338.9,5338.9,0.0,0.0,0.0,0.0,0.0,429.5,0.0,0.0,0.0,0.0,0.0,0.0,0.0,4909.5,0.0,0.0
2050-03-25 11:00:00,2050-03-25 09:00:00,1414.7,3990.5,0.0,0.0,5405.2,1371.7,0.0,0.0,0.0,0.0304,0.037,upv,upv,0.0,0.0,0.0,0.0,0.0,0.0,0.0,0.0,0.0,0.0,0.0,0.0,0.0,0.0,0.0,0.0,0.0,0.0,139.7,2.6,0.26,16.5,1053.4,0.06,139.9,47.9,187.8,0.0,0.0,0.0,0.0,0.0,0.0,0.0,0.0,0.0,0.0,0.0,0.0,0.0,0.0,0.0,0.0,0.0,0.0,4414.2,4414.2,5405.2,5405.2,0.0,0.0,0.0,0.0,0.0,412.9,0.0,0.0,0.0,0.0,0.0,0.0,0.0,4956.1,36.3,0.0
2050-03-25 12:00:00,2050-03-25 10:00:00,1492.6,3435.1,0.0,0.0,4927.7,1446.6,0.0,0.0,0.0,0.0308,0.039,upv,upv,0.0,0.0,0.0,0.0,0.0,0.0,0.0,0.0,0.0,0.0,0.0,0.0,0.0,0.0,0.0,0.0,0.0,0.0,139.8,2.6,0.26,16.5,1053.9,0.06,139.9,47.9,187.9,0.0,0.0,0.0,0.0,0.0,0.0,0.0,0.0,0.0,0.0,0.0,0.0,0.0,0.0,0.0,0.0,0.0,27.3,5165.6,5193.0,4927.7,4927.7,0.0,0.0,0.0,0.0,0.0,425.8,0.0,0.0,0.0,0.0,0.0,0.0,0.0,4501.9,0.0,0.0
2050-03-25 13:00:00,2050-03-25 11:00:00,1538.9,3751.1,0.0,0.0,5290.1,1491.1,0.0,0.0,0.0,0.0311,0.0402,upv,upv,0.0,0.0,0.0,0.0,0.0,0.0,0.0,0.0,0.0,0.0,0.0,0.0,0.0,0.0,0.0,0.0,0.0,0.0,139.8,2.6,0.26,16.5,1054.1,0.06,140.0,48.0,187.9,0.0,0.0,0.0,0.0,0.0,0.0,0.0,0.0,0.0,0.0,0.0,0.0,0.0,0.0,0.0,0.0,0.0,20.6,4803.3,4823.9,5290.1,5290.1,0.0,0.0,0.0,0.0,0.0,425.8,0.0,0.0,0.0,0.0,0.0,0.0,0.0,4864.2,0.0,0.0
2050-03-25 14:00:00,2050-03-25 12:00:00,1605.3,4019.6,0.0,0.0,5624.8,1554.7,0.0,0.0,0.0,0.0315,0.042,upv,upv,0.0,0.0,0.0,0.0,0.0,0.0,0.0,0.0,0.0,0.0,0.0,0.0,0.0,0.0,0.0,0.0,0.0,0.0,139.9,2.6,0.26,16.5,1054.6,0.06,140.0,48.0,188.0,0.0,0.0,0.0,0.0,0.0,0.0,0.0,0.0,0.0,0.0,0.0,0.0,0.0,0.0,0.0,0.0,0.0,0.0,4249.7,4249.7,5624.8,5624.8,0.0,0.0,0.0,0.0,0.0,416.1,0.0,0.0,0.0,0.0,0.0,0.0,0.0,5191.7,17.1,0.0
2050-03-25 15:00:00,2050-03-25 13:00:00,1670.5,3045.5,0.0,0.0,4716.0,1617.2,0.0,0.0,0.0,0.0319,0.0437,upv,upv,0.0,0.0,0.0,0.0,0.0,0.0,0.0,0.0,0.0,0.0,0.0,0.0,0.0,0.0,0.0,0.0,0.0,0.0,140.0,2.6,0.26,16.5,1055.1,0.06,140.1,48.0,188.1,0.0,0.0,0.0,0.0,0.0,0.0,0.0,0.0,0.0,0.0,0.0,0.0,0.0,0.0,0.0,0.0,0.0,21.9,4608.2,4630.1,4716.0,4716.0,0.0,0.0,0.0,0.0,0.0,393.4,0.0,0.0,0.0,0.0,0.0,0.0,0.0,4322.6,0.0,0.0
2050-03-25 16:00:00,2050-03-25 14:00:00,1731.6,2461.0,0.0,0.0,4192.6,1675.5,0.0,0.0,0.0,0.0324,0.0453,upv,upv,0.0,0.0,0.0,0.0,0.0,0.0,0.0,0.0,0.0,0.0,0.0,0.0,0.0,0.0,0.0,0.0,0.0,0.0,140.0,2.6,0.27,16.5,1055.6,0.06,140.2,48.0,188.2,0.0,0.0,0.0,0.0,0.0,0.0,0.0,0.0,0.0,0.0,0.0,0.0,0.0,0.0,0.0,0.0,0.0,0.0,4621.9,4621.9,4192.6,4192.6,0.0,0.0,0.0,0.0,0.0,370.6,0.0,0.0,0.0,0.0,0.0,0.0,0.0,3791.9,30.0,0.0
2050-03-25 17:00:00,2050-03-25 15:00:00,1804.2,2431.9,0.0,0.0,4236.1,1744.8,0.0,0.0,0.0,0.0329,0.0472,upv,upv,0.0,0.0,0.0,0.0,0.0,0.0,0.0,0.0,0.0,0.0,0.0,0.0,0.0,0.0,0.0,0.0,0.0,0.0,140.1,2.6,0.27,16.6,1056.2,0.06,140.3,48.0,188.3,0.0,0.0,0.0,0.0,0.0,0.0,0.0,0.0,0.0,0.0,0.0,0.0,0.0,0.0,0.0,0.0,0.0,42.7,4136.8,4179.6,4236.1,4236.1,0.0,0.0,0.0,0.0,0.0,353.3,0.0,0.0,0.0,0.0,0.0,0.0,0.0,3882.8,0.0,0.0
2050-03-25 18:00:00,2050-03-25 16:00:00,1900.0,2334.2,0.0,28.9,4263.1,1835.9,-2816.0,0.0,2816.0,0.0337,0.0497,upv,upv,0.0,0.0,0.0,0.0,0.0,0.0,0.0,0.0,0.0,0.0,0.0,0.0,0.0,0.0,0.0,0.0,0.0,0.0,140.2,2.6,0.27,16.6,1057.3,0.06,140.4,48.1,188.5,0.0,0.0,0.0,0.0,0.0,0.0,0.0,0.0,0.0,0.0,0.0,0.0,0.0,0.0,0.0,0.0,0.0,52.1,841.9,894.0,7079.1,7079.1,0.0,0.0,0.0,0.0,0.0,334.4,0.0,0.0,0.0,0.0,0.0,0.0,0.0,6744.8,0.0,0.0
2050-03-25 19:00:00,2050-03-25 17:00:00,1902.1,0.0,0.0,10.7,1912.8,1837.9,-907.0,0.0,1640.0,0.0337,0.0497,battery,gas-cc,0.0,0.0,0.0,0.0,0.0,0.0,0.0,0.0,0.0,0.0,0.0,0.0,0.0,0.0,0.0,0.0,0.0,0.0,142.0,2.7,0.27,16.8,1070.6,0.06,142.2,48.7,190.9,349.3,6.6,0.66,41.3,2635.6,0.15,349.6,119.8,469.5,24.4,0.0,0.0,24.4,25.67,0.0,0.0,25.67,0.0,0.0,0.0,3552.7,2819.8,732.9,0.0,0.0,0.0,0.0,115.3,0.0,0.0,0.0,0.0,0.0,0.0,0.0,2617.2,87.3,0.0
2050-03-25 20:00:00,2050-03-25 18:00:00,1948.4,0.0,0.0,4.9,1953.3,1881.9,1812.1,0.0,749.7,0.0341,0.051,battery,gas-cc,0.0,0.0,0.0,0.0,0.0,0.0,0.0,0.0,0.0,0.0,0.0,0.0,0.0,0.0,0.0,0.0,0.0,0.0,143.6,2.7,0.27,17.0,1082.7,0.06,143.8,49.2,193.0,380.2,7.2,0.72,44.9,2869.2,0.16,380.6,130.5,511.1,24.4,0.0,0.0,24.4,25.71,0.0,0.0,25.71,0.0,0.0,0.0,2703.0,141.2,2561.8,0.0,0.0,0.0,0.0,0.0,0.0,0.0,0.0,0.0,0.0,0.0,0.0,0.0,141.2,0.0
2050-03-25 21:00:00,2050-03-25 19:00:00,1994.7,0.0,0.0,3.3,1998.1,1925.8,1854.7,0.0,512.3,0.0345,0.0522,battery,gas-cc,0.0,0.0,0.0,0.0,0.0,0.0,0.0,0.0,0.0,0.0,0.0,0.0,0.0,0.0,0.0,0.0,0.0,0.0,143.9,2.7,0.27,17.0,1084.6,0.06,144.0,49.3,193.4,380.7,7.2,0.72,45.0,2872.9,0.17,381.1,130.6,511.7,24.4,0.0,0.0,24.4,25.74,0.0,0.0,25.74,0.0,0.0,0.0,2510.4,143.4,2367.0,0.0,0.0,0.0,0.0,0.0,0.0,0.0,0.0,0.0,0.0,0.0,0.0,0.0,143.4,0.0
2050-03-25 22:00:00,2050-03-25 20:00:00,1902.1,0.0,0.0,6.1,1908.2,1837.9,1795.5,0.0,932.0,0.0337,0.0497,battery,gas-cc,0.0,0.0,0.0,0.0,0.0,0.0,0.0,0.0,0.0,0.0,0.0,0.0,0.0,0.0,0.0,0.0,0.0,0.0,165.9,3.1,0.31,19.6,1250.7,0.07,166.0,56.9,222.9,379.7,7.2,0.72,44.9,2865.5,0.16,380.1,130.3,510.4,24.4,0.0,0.0,24.4,25.67,0.0,0.0,25.67,0.0,0.0,0.0,2840.2,112.6,2727.5,0.0,0.0,0.0,0.0,0.0,0.0,0.0,0.0,0.0,0.0,0.0,0.0,0.0,112.6,0.0
2050-03-25 23:00:00,2050-03-25 21:00:00,1796.8,0.0,0.0,8.3,1805.1,1737.8,1744.2,0.0,1272.2,0.0329,0.047,battery,gas-cc,0.0,0.0,0.0,0.0,0.0,0.0,0.0,0.0,0.0,0.0,0.0,0.0,0.0,0.0,0.0,0.0,0.0,0.0,143.7,2.7,0.27,17.0,1083.4,0.06,143.9,49.3,193.1,378.6,7.1,0.71,44.7,2857.3,0.16,379.0,129.9,509.0,24.4,0.0,0.0,24.4,25.6,0.0,0.0,25.6,0.0,0.0,0.0,3077.3,60.9,3016.4,0.0,0.0,0.0,0.0,0.0,0.0,0.0,0.0,0.0,0.0,0.0,0.0,0.0,60.9,0.0
2050-03-26 00:00:00,2050-03-25 22:00:00,1656.8,0.0,0.0,10.6,1667.4,1604.1,1609.7,0.0,1630.6,0.0318,0.0433,hydro,hydro,0.0,0.0,0.0,0.0,0.0,0.0,0.0,0.0,0.0,0.0,0.0,0.0,0.0,0.0,0.0,0.0,0.0,0.0,159.5,3.0,0.3,18.8,1202.9,0.07,159.7,54.7,214.4,0.0,0.0,0.0,0.0,0.0,0.0,0.0,0.0,0.0,26.3,0.0,0.0,26.3,27.49,0.0,0.0,27.49,0.0,0.0,0.0,3298.0,57.7,3240.3,0.0,0.0,0.0,0.0,0.0,0.0,0.0,0.0,0.0,0.0,0.0,0.0,0.0,57.7,0.0
2050-03-26 01:00:00,2050-03-25 23:00:00,1515.8,0.0,0.0,5.1,1520.9,1468.9,1474.6,0.0,791.6,0.0309,0.0396,battery,gas-cc,0.0,0.0,0.0,0.0,0.0,0.0,0.0,0.0,0.0,0.0,0.0,0.0,0.0,0.0,0.0,0.0,0.0,0.0,154.1,2.9,0.29,18.2,1161.7,0.07,154.2,52.8,207.1,345.6,6.5,0.65,40.8,2607.9,0.15,346.0,118.6,464.5,26.3,0.0,0.0,26.3,27.39,0.0,0.0,27.39,0.0,0.0,0.0,2312.5,46.4,2266.2,0.0,0.0,0.0,0.0,0.0,0.0,0.0,0.0,0.0,0.0,0.0,0.0,0.0,46.4,0.0
2050-03-26 02:00:00,2050-03-26 00:00:00,1363.2,0.0,0.0,4.2,1367.3,1322.0,1333.0,0.0,638.7,0.0302,0.0356,gas-cc,gas-cc,0.0,0.0,0.0,0.0,0.0,0.0,0.0,0.0,0.0,0.0,0.0,0.0,0.0,0.0,0.0,0.0,0.0,0.0,180.6,3.4,0.34,21.3,1362.2,0.08,180.8,62.0,242.8,364.8,6.9,0.69,43.1,2752.8,0.16,365.2,125.2,490.4,26.3,0.0,0.0,26.3,27.27,0.0,0.0,27.27,0.0,0.0,0.0,2006.0,34.3,1971.8,0.0,0.0,0.0,0.0,0.0,0.0,0.0,0.0,0.0,0.0,0.0,0.0,0.0,34.3,0.0
2050-03-26 03:00:00,2050-03-26 01:00:00,1254.7,0.0,0.0,0.2,1255.0,1217.3,1228.4,0.0,34.6,0.0298,0.0328,battery,gas-cc,0.0,0.0,0.0,0.0,0.0,0.0,0.0,0.0,0.0,0.0,0.0,0.0,0.0,0.0,0.0,0.0,0.0,0.0,158.0,3.0,0.3,18.7,1191.3,0.07,158.2,54.2,212.3,349.3,6.6,0.66,41.3,2635.7,0.15,349.7,119.8,469.5,26.3,0.0,0.0,26.3,27.19,0.0,0.0,27.19,0.0,0.0,0.0,1289.5,26.6,1263.0,0.0,0.0,0.0,0.0,0.0,0.0,0.0,0.0,0.0,0.0,0.0,0.0,0.0,26.6,0.0
2050-03-26 04:00:00,2050-03-26 02:00:00,1185.3,0.0,0.0,2.7,1187.9,1150.0,1148.7,0.0,409.9,0.0297,0.031,battery,gas-cc,0.0,0.0,0.0,0.0,0.0,0.0,0.0,0.0,0.0,0.0,0.0,0.0,0.0,0.0,0.0,0.0,0.0,0.0,177.0,3.3,0.33,20.9,1335.2,0.08,177.2,60.7,238.0,362.5,6.8,0.68,42.8,2735.8,0.16,362.9,124.4,487.3,26.3,0.0,0.0,26.3,27.14,0.0,0.0,27.14,0.0,0.0,0.0,1597.9,39.3,1558.6,0.0,0.0,0.0,0.0,0.0,0.0,0.0,0.0,0.0,0.0,0.0,0.0,0.0,39.3,0.0
2050-03-26 05:00:00,2050-03-26 03:00:00,1133.7,0.0,0.0,0.3,1134.0,1100.0,1070.0,0.0,46.6,0.0297,0.0296,battery,gas-cc,0.0,0.0,0.0,0.0,0.0,0.0,0.0,0.0,0.0,0.0,0.0,0.0,0.0,0.0,0.0,0.0,0.0,0.0,160.5,3.0,0.3,19.0,1209.9,0.07,160.6,55.0,215.7,362.0,6.8,0.68,42.8,2732.0,0.16,362.4,124.2,486.7,26.3,0.0,0.0,26.3,27.11,0.0,0.0,27.11,0.0,0.0,0.0,1180.6,64.0,1116.6,0.0,0.0,0.0,0.0,0.0,0.0,0.0,0.0,0.0,0.0,0.0,0.0,0.0,64.0,0.0
2050-03-26 06:00:00,2050-03-26 04:00:00,1095.8,0.0,0.0,3.0,1098.7,1063.2,1003.7,0.0,454.1,0.0297,0.0287,battery,gas-cc,0.0,0.0,0.0,0.0,0.0,0.0,0.0,0.0,0.0,0.0,0.0,0.0,0.0,0.0,0.0,0.0,0.0,0.0,153.1,2.9,0.29,18.1,1154.6,0.07,153.3,52.5,205.8,361.7,6.8,0.68,42.7,2729.2,0.16,362.1,124.1,486.2,26.3,0.0,0.0,26.3,27.08,0.0,0.0,27.08,0.0,0.0,0.0,1552.9,95.1,1457.8,0.0,0.0,0.0,0.0,0.0,0.0,0.0,0.0,0.0,0.0,0.0,0.0,0.0,95.1,0.0
2050-03-26 07:00:00,2050-03-26 05:00:00,1092.6,0.0,0.0,0.0,1092.6,1060.2,980.2,0.0,0.0,0.0297,0.0286,battery,gas-cc,0.0,0.0,0.0,0.0,0.0,0.0,0.0,0.0,0.0,0.0,0.0,0.0,0.0,0.0,0.0,0.0,0.0,0.0,151.4,2.9,0.29,17.9,1141.7,0.07,151.6,51.9,203.5,341.7,6.4,0.64,40.4,2578.2,0.15,342.0,117.2,459.2,26.3,0.0,0.0,26.3,27.08,0.0,0.0,27.08,0.0,0.0,0.0,1092.6,112.4,980.2,0.0,0.0,0.0,0.0,0.0,0.0,0.0,0.0,0.0,0.0,0.0,0.0,0.0,112.4,0.0
2050-03-26 08:00:00,2050-03-26 06:00:00,1103.2,0.0,0.0,7.8,1110.9,1070.4,38.6,0.0,1192.9,0.0297,0.0288,gas-cc,gas-cc,0.0,0.0,0.0,0.0,0.0,0.0,0.0,0.0,0.0,0.0,0.0,0.0,0.0,0.0,0.0,0.0,0.0,0.0,141.3,2.7,0.27,16.7,1065.2,0.06,141.4,48.5,189.9,366.6,6.9,0.69,43.3,2766.5,0.16,367.0,125.8,492.8,25.08,0.0,0.0,25.08,25.83,0.0,0.0,25.83,0.0,0.0,0.0,2303.9,1072.3,1231.6,0.0,0.0,0.0,0.0,40.4,0.0,0.0,0.0,0.0,0.0,0.0,0.0,916.8,115.0,0.0
2050-03-26 09:00:00,2050-03-26 07:00:00,1188.4,2431.9,0.0,0.0,3620.3,1153.1,0.0,0.0,0.0,0.0297,0.0311,upv,upv,0.0,0.0,0.0,0.0,0.0,0.0,0.0,0.0,0.0,0.0,0.0,0.0,0.0,0.0,0.0,0.0,0.0,0.0,140.8,2.7,0.27,16.6,1061.5,0.06,141.0,48.3,189.2,0.0,0.0,0.0,0.0,0.0,0.0,0.0,0.0,0.0,0.0,0.0,0.0,0.0,0.0,0.0,0.0,0.0,85.0,77.1,162.0,3620.3,3620.3,0.0,0.0,0.0,0.0,0.0,156.1,0.0,0.0,0.0,0.0,0.0,0.0,0.0,3464.2,0.0,0.0
2050-03-26 10:00:00,2050-03-26 08:00:00,1311.6,3016.4,0.0,0.0,4327.9,1272.2,0.0,0.0,0.0,0.03,0.0343,upv,upv,0.0,0.0,0.0,0.0,0.0,0.0,0.0,0.0,0.0,0.0,0.0,0.0,0.0,0.0,0.0,0.0,0.0,0.0,139.7,2.6,0.26,16.5,1053.0,0.06,139.8,47.9,187.7,0.0,0.0,0.0,0.0,0.0,0.0,0.0,0.0,0.0,0.0,0.0,0.0,0.0,0.0,0.0,0.0,0.0,0.0,3067.2,3067.2,4327.9,4327.9,0.0,0.0,0.0,0.0,0.0,309.3,0.0,0.0,0.0,0.0,0.0,0.0,0.0,3950.8,67.9,0.0
2050-03-26 11:00:00,2050-03-26 09:00:00,1378.9,3406.0,0.0,0.0,4785.0,1337.2,0.0,0.0,0.0,0.0303,0.0361,upv,upv,0.0,0.0,0.0,0.0,0.0,0.0,0.0,0.0,0.0,0.0,0.0,0.0,0.0,0.0,0.0,0.0,0.0,0.0,139.7,2.6,0.26,16.5,1053.3,0.06,139.9,47.9,187.8,0.0,0.0,0.0,0.0,0.0,0.0,0.0,0.0,0.0,0.0,0.0,0.0,0.0,0.0,0.0,0.0,0.0,0.0,3663.5,3663.5,4785.0,4785.0,0.0,0.0,0.0,0.0,0.0,351.9,0.0,0.0,0.0,0.0,0.0,0.0,0.0,4323.9,109.2,0.0
2050-03-26 12:00:00,2050-03-26 10:00:00,1446.3,4014.7,0.0,0.0,5461.0,1402.1,0.0,0.0,0.0,0.0306,0.0378,upv,upv,0.0,0.0,0.0,0.0,0.0,0.0,0.0,0.0,0.0,0.0,0.0,0.0,0.0,0.0,0.0,0.0,0.0,0.0,139.8,2.6,0.26,16.5,1053.6,0.06,139.9,47.9,187.8,0.0,0.0,0.0,0.0,0.0,0.0,0.0,0.0,0.0,0.0,0.0,0.0,0.0,0.0,0.0,0.0,0.0,0.0,3773.1,3773.1,5461.0,5461.0,0.0,0.0,0.0,0.0,0.0,382.5,0.0,0.0,0.0,0.0,0.0,0.0,0.0,4912.2,166.2,0.0
2050-03-26 13:00:00,2050-03-26 11:00:00,1497.9,4019.6,0.0,0.0,5517.5,1451.7,0.0,0.0,0.0,0.0308,0.0392,upv,upv,0.0,0.0,0.0,0.0,0.0,0.0,0.0,0.0,0.0,0.0,0.0,0.0,0.0,0.0,0.0,0.0,0.0,0.0,139.8,2.6,0.26,16.5,1053.9,0.06,139.9,47.9,187.9,0.0,0.0,0.0,0.0,0.0,0.0,0.0,0.0,0.0,0.0,0.0,0.0,0.0,0.0,0.0,0.0,0.0,0.0,3517.2,3517.2,5517.5,5517.5,0.0,0.0,0.0,0.0,0.0,373.2,0.0,0.0,0.0,0.0,0.0,0.0,0.0,4954.8,189.5,0.0
2050-03-26 14:00:00,2050-03-26 12:00:00,1569.5,3045.5,0.0,0.0,4614.9,1520.4,0.0,0.0,0.0,0.0313,0.041,upv,upv,0.0,0.0,0.0,0.0,0.0,0.0,0.0,0.0,0.0,0.0,0.0,0.0,0.0,0.0,0.0,0.0,0.0,0.0,139.9,2.6,0.26,16.5,1054.3,0.06,140.0,48.0,188.0,0.0,0.0,0.0,0.0,0.0,0.0,0.0,0.0,0.0,0.0,0.0,0.0,0.0,0.0,0.0,0.0,0.0,0.0,3439.1,3439.1,4614.9,4614.9,0.0,0.0,0.0,0.0,0.0,330.4,0.0,0.0,0.0,0.0,0.0,0.0,0.0,4057.1,227.5,0.0
2050-03-26 15:00:00,2050-03-26 13:00:00,1631.6,2461.0,0.0,0.0,4092.6,1579.9,0.0,0.0,0.0,0.0317,0.0427,upv,upv,0.0,0.0,0.0,0.0,0.0,0.0,0.0,0.0,0.0,0.0,0.0,0.0,0.0,0.0,0.0,0.0,0.0,0.0,139.9,2.6,0.26,16.5,1054.8,0.06,140.1,48.0,188.0,0.0,0.0,0.0,0.0,0.0,0.0,0.0,0.0,0.0,0.0,0.0,0.0,0.0,0.0,0.0,0.0,0.0,0.0,3792.3,3792.3,4092.6,4092.6,0.0,0.0,0.0,0.0,0.0,322.3,0.0,0.0,0.0,0.0,0.0,0.0,0.0,3523.0,247.3,0.0
2050-03-26 16:00:00,2050-03-26 14:00:00,1662.1,3270.4,0.0,0.0,4932.5,1609.1,0.0,0.0,0.0,0.0319,0.0435,upv,upv,0.0,0.0,0.0,0.0,0.0,0.0,0.0,0.0,0.0,0.0,0.0,0.0,0.0,0.0,0.0,0.0,0.0,0.0,139.9,2.6,0.26,16.5,1055.0,0.06,140.1,48.0,188.1,0.0,0.0,0.0,0.0,0.0,0.0,0.0,0.0,0.0,0.0,0.0,0.0,0.0,0.0,0.0,0.0,0.0,0.0,2163.1,2163.1,4932.5,4932.5,0.0,0.0,0.0,0.0,0.0,288.4,0.0,0.0,0.0,0.0,0.0,0.0,0.0,4379.9,264.3,0.0
2050-03-26 17:00:00,2050-03-26 15:00:00,1724.2,3891.7,0.0,0.0,5615.9,1668.5,0.0,0.0,0.0,0.0323,0.0451,upv,upv,0.0,0.0,0.0,0.0,0.0,0.0,0.0,0.0,0.0,0.0,0.0,0.0,0.0,0.0,0.0,0.0,0.0,0.0,140.0,2.6,0.26,16.5,1055.5,0.06,140.2,48.0,188.2,0.0,0.0,0.0,0.0,0.0,0.0,0.0,0.0,0.0,0.0,0.0,0.0,0.0,0.0,0.0,0.0,0.0,0.0,465.6,465.6,5615.9,5615.9,0.0,0.0,0.0,0.0,0.0,245.2,0.0,0.0,0.0,0.0,0.0,0.0,0.0,5101.6,269.0,0.0
2050-03-26 18:00:00,2050-03-26 16:00:00,1791.6,1609.5,0.0,4.5,3405.6,1732.7,-694.4,0.0,694.4,0.0328,0.0469,wind-ons,wind-ons,0.0,0.0,0.0,0.0,0.0,0.0,0.0,0.0,0.0,0.0,0.0,0.0,0.0,0.0,0.0,0.0,0.0,0.0,140.1,2.6,0.27,16.6,1056.1,0.06,140.2,48.0,188.3,0.0,0.0,0.0,0.0,0.0,0.0,0.0,0.0,0.0,0.0,0.0,0.0,0.0,0.0,0.0,0.0,0.0,0.0,0.0,0.0,4100.0,4100.0,0.0,0.0,0.0,0.0,0.0,161.8,0.0,0.0,0.0,0.0,0.0,0.0,0.0,3670.6,267.7,0.0
2050-03-26 19:00:00,2050-03-26 17:00:00,1840.0,0.0,0.0,13.0,1853.0,1778.9,744.0,445.3,940.7,0.0332,0.0481,battery,gas-cc,0.0,0.0,0.0,0.0,0.0,0.0,0.0,0.0,0.0,0.0,0.0,0.0,0.0,0.0,0.0,0.0,0.0,0.0,140.4,2.6,0.27,16.6,1058.4,0.06,140.5,48.1,188.7,369.4,7.0,0.7,43.6,2787.4,0.16,369.8,126.7,496.5,23.32,0.0,0.0,23.32,24.5,0.0,0.0,24.5,0.0,0.0,0.0,2348.4,1109.0,1239.4,0.0,0.0,0.0,0.0,36.4,0.0,0.0,0.0,0.0,0.0,0.0,0.0,827.2,245.4,0.0
2050-03-26 20:00:00,2050-03-26 18:00:00,1907.4,0.0,0.0,17.6,1924.9,1842.9,1683.1,445.3,1640.0,0.0338,0.0499,battery,gas-cc,0.0,0.0,0.0,0.0,0.0,0.0,0.0,0.0,0.0,0.0,0.0,0.0,0.0,0.0,0.0,0.0,0.0,0.0,143.6,2.7,0.27,17.0,1082.6,0.06,143.8,49.2,193.0,349.3,6.6,0.66,41.3,2636.0,0.15,349.7,119.9,469.5,23.32,0.0,0.0,23.32,24.54,0.0,0.0,24.54,0.0,0.0,0.0,3119.6,241.8,2877.8,0.0,0.0,0.0,0.0,0.0,0.0,0.0,0.0,0.0,0.0,0.0,0.0,0.0,241.8,0.0
2050-03-26 21:00:00,2050-03-26 19:00:00,1935.8,0.0,0.0,17.6,1953.4,1869.9,1735.0,445.3,1640.0,0.034,0.0506,battery,gas-cc,0.0,0.0,0.0,0.0,0.0,0.0,0.0,0.0,0.0,0.0,0.0,0.0,0.0,0.0,0.0,0.0,0.0,0.0,143.1,2.7,0.27,16.9,1078.6,0.06,143.2,49.1,192.3,349.6,6.6,0.66,41.3,2638.0,0.15,350.0,120.0,469.9,23.32,0.0,0.0,23.32,24.56,0.0,0.0,24.56,0.0,0.0,0.0,3148.0,218.3,2929.7,0.0,0.0,0.0,0.0,0.0,0.0,0.0,0.0,0.0,0.0,0.0,0.0,0.0,218.3,0.0
2050-03-26 22:00:00,2050-03-26 20:00:00,1866.3,0.0,0.0,17.6,1883.9,1803.9,1689.8,445.3,1640.0,0.0334,0.0488,battery,gas-cc,0.0,0.0,0.0,0.0,0.0,0.0,0.0,0.0,0.0,0.0,0.0,0.0,0.0,0.0,0.0,0.0,0.0,0.0,143.4,2.7,0.27,16.9,1081.3,0.06,143.6,49.2,192.8,348.9,6.6,0.66,41.2,2633.0,0.15,349.3,119.7,469.0,23.32,0.0,0.0,23.32,24.51,0.0,0.0,24.51,0.0,0.0,0.0,3078.5,194.1,2884.4,0.0,0.0,0.0,0.0,0.0,0.0,0.0,0.0,0.0,0.0,0.0,0.0,0.0,194.1,0.0
2050-03-26 23:00:00,2050-03-26 21:00:00,1757.9,0.0,0.0,13.9,1771.8,1700.6,1606.9,445.3,1075.5,0.0326,0.046,battery,gas-cc,0.0,0.0,0.0,0.0,0.0,0.0,0.0,0.0,0.0,0.0,0.0,0.0,0.0,0.0,0.0,0.0,0.0,0.0,143.5,2.7,0.27,17.0,1081.7,0.06,143.6,49.2,192.8,368.5,6.9,0.69,43.5,2781.1,0.16,368.9,126.5,495.4,23.32,0.0,0.0,23.32,24.44,0.0,0.0,24.44,0.0,0.0,0.0,2401.9,164.9,2237.1,0.0,0.0,0.0,0.0,0.0,0.0,0.0,0.0,0.0,0.0,0.0,0.0,0.0,164.9,0.0
2050-03-27 00:00:00,2050-03-26 22:00:00,1631.6,0.0,0.0,12.4,1644.0,1579.9,1517.3,445.3,843.4,0.0317,0.0427,battery,gas-cc,0.0,0.0,0.0,0.0,0.0,0.0,0.0,0.0,0.0,0.0,0.0,0.0,0.0,0.0,0.0,0.0,0.0,0.0,142.6,2.7,0.27,16.9,1075.3,0.06,142.8,48.9,191.7,367.5,6.9,0.69,43.4,2773.0,0.16,367.9,126.1,493.9,22.26,0.0,0.0,22.26,23.25,0.0,0.0,23.25,0.0,0.0,0.0,2042.1,126.7,1915.4,0.0,0.0,0.0,0.0,0.0,0.0,0.0,0.0,0.0,0.0,0.0,0.0,0.0,126.7,0.0
2050-03-27 01:00:00,2050-03-26 23:00:00,1474.7,0.0,0.0,16.8,1491.6,1429.4,1390.5,445.3,1528.1,0.0307,0.0386,battery,gas-cc,0.0,0.0,0.0,0.0,0.0,0.0,0.0,0.0,0.0,0.0,0.0,0.0,0.0,0.0,0.0,0.0,0.0,0.0,142.2,2.7,0.27,16.8,1072.1,0.06,142.4,48.8,191.1,365.9,6.9,0.69,43.2,2761.1,0.16,366.3,125.5,491.8,22.26,0.0,0.0,22.26,23.15,0.0,0.0,23.15,0.0,0.0,0.0,2574.3,101.0,2473.3,0.0,0.0,0.0,0.0,0.0,0.0,0.0,0.0,0.0,0.0,0.0,0.0,0.0,101.0,0.0
2050-03-27 02:00:00,2050-03-27 00:00:00,1320.0,0.0,0.0,17.0,1337.0,1280.4,1233.5,445.3,1557.3,0.03,0.0345,battery,gas-cc,0.0,0.0,0.0,0.0,0.0,0.0,0.0,0.0,0.0,0.0,0.0,0.0,0.0,0.0,0.0,0.0,0.0,0.0,143.6,2.7,0.27,17.0,1082.4,0.06,143.7,49.2,193.0,369.3,7.0,0.7,43.6,2786.7,0.16,369.7,126.7,496.4,22.26,0.0,0.0,22.26,23.05,0.0,0.0,23.05,0.0,0.0,0.0,2449.0,103.5,2345.5,0.0,0.0,0.0,0.0,0.0,0.0,0.0,0.0,0.0,0.0,0.0,0.0,0.0,103.5,0.0
2050-03-27 03:00:00,2050-03-27 01:00:00,1234.7,0.0,0.0,16.9,1251.6,1197.9,1147.2,445.3,1538.3,0.0298,0.0323,battery,gas-cc,0.0,0.0,0.0,0.0,0.0,0.0,0.0,0.0,0.0,0.0,0.0,0.0,0.0,0.0,0.0,0.0,0.0,0.0,152.1,2.9,0.29,18.0,1146.8,0.07,152.3,52.2,204.4,368.4,6.9,0.69,43.5,2780.3,0.16,368.8,126.4,495.3,22.26,0.0,0.0,22.26,23.0,0.0,0.0,23.0,0.0,0.0,0.0,2344.6,104.4,2240.2,0.0,0.0,0.0,0.0,0.0,0.0,0.0,0.0,0.0,0.0,0.0,0.0,0.0,104.4,0.0
2050-03-27 04:00:00,2050-03-27 02:00:00,1170.5,0.0,0.0,9.8,1180.3,1135.8,1116.3,445.3,438.4,0.0297,0.0306,battery,gas-cc,0.0,0.0,0.0,0.0,0.0,0.0,0.0,0.0,0.0,0.0,0.0,0.0,0.0,0.0,0.0,0.0,0.0,0.0,145.3,2.7,0.27,17.2,1095.5,0.06,145.5,49.8,195.3,380.4,7.2,0.72,44.9,2870.7,0.16,380.8,130.5,511.3,22.26,0.0,0.0,22.26,22.96,0.0,0.0,22.96,0.0,0.0,0.0,1173.4,64.0,1109.4,0.0,0.0,0.0,0.0,0.0,0.0,0.0,0.0,0.0,0.0,0.0,0.0,0.0,64.0,0.0
2050-03-27 05:00:00,2050-03-27 03:00:00,1136.8,0.0,0.0,12.9,1149.7,1103.1,1077.2,445.3,917.1,0.0297,0.0297,battery,gas-cc,0.0,0.0,0.0,0.0,0.0,0.0,0.0,0.0,0.0,0.0,0.0,0.0,0.0,0.0,0.0,0.0,0.0,0.0,184.8,3.5,0.35,21.8,1393.5,0.08,185.0,63.4,248.3,367.5,6.9,0.69,43.4,2773.0,0.16,367.9,126.1,493.9,22.26,0.0,0.0,22.26,22.94,0.0,0.0,22.94,0.0,0.0,0.0,1621.5,72.5,1549.0,0.0,0.0,0.0,0.0,0.0,0.0,0.0,0.0,0.0,0.0,0.0,0.0,0.0,72.5,0.0
2050-03-27 06:00:00,2050-03-27 04:00:00,1133.7,0.0,0.0,15.3,1149.0,1100.0,1098.6,445.3,1295.0,0.0297,0.0296,battery,gas-cc,0.0,0.0,0.0,0.0,0.0,0.0,0.0,0.0,0.0,0.0,0.0,0.0,0.0,0.0,0.0,0.0,0.0,0.0,157.5,3.0,0.3,18.6,1187.3,0.07,157.6,54.0,211.6,362.3,6.8,0.68,42.8,2734.3,0.16,362.7,124.3,487.1,22.26,0.0,0.0,22.26,22.94,0.0,0.0,22.94,0.0,0.0,0.0,1998.7,50.4,1948.2,0.0,0.0,0.0,0.0,0.0,0.0,0.0,0.0,0.0,0.0,0.0,0.0,0.0,50.4,0.0
2050-03-27 07:00:00,2050-03-27 05:00:00,1206.3,0.0,0.0,6.9,1213.3,1170.4,1182.4,445.3,5.0,0.0297,0.0315,hydro,gas-cc,0.0,0.0,0.0,0.0,0.0,0.0,0.0,0.0,0.0,0.0,0.0,0.0,0.0,0.0,0.0,0.0,0.0,0.0,161.9,3.1,0.31,19.1,1220.7,0.07,162.1,55.5,217.6,368.2,6.9,0.69,43.5,2778.2,0.16,368.6,126.3,494.9,22.26,0.0,0.0,22.26,22.98,0.0,0.0,22.98,0.0,0.0,0.0,772.9,30.9,742.1,0.0,0.0,0.0,0.0,0.0,0.0,0.0,0.0,0.0,0.0,0.0,0.0,0.0,30.9,0.0
2050-03-27 08:00:00,2050-03-27 06:00:00,1327.4,0.0,0.0,16.7,1344.1,1287.5,-1059.5,445.3,1504.8,0.0301,0.0347,hydro,hydro,0.0,0.0,0.0,0.0,0.0,0.0,0.0,0.0,0.0,0.0,0.0,0.0,0.0,0.0,0.0,0.0,0.0,0.0,139.7,2.6,0.26,16.5,1053.0,0.06,139.8,47.9,187.7,0.0,0.0,0.0,0.0,0.0,0.0,0.0,0.0,0.0,1.25,0.0,0.0,1.25,1.3,0.0,0.0,1.3,0.0,0.0,0.0,2403.5,2403.5,0.0,0.0,0.0,0.0,0.0,100.3,0.0,0.0,0.0,0.0,0.0,0.0,0.0,2276.3,26.9,0.0
2050-03-27 09:00:00,2050-03-27 07:00:00,1478.9,2913.0,0.0,0.0,4392.0,1433.5,0.0,0.0,0.0,0.0307,0.0387,upv,upv,0.0,0.0,0.0,0.0,0.0,0.0,0.0,0.0,0.0,0.0,0.0,0.0,0.0,0.0,0.0,0.0,0.0,0.0,139.8,2.6,0.26,16.5,1053.8,0.06,139.9,47.9,187.9,0.0,0.0,0.0,0.0,0.0,0.0,0.0,0.0,0.0,0.0,0.0,0.0,0.0,0.0,0.0,0.0,0.0,0.0,4135.8,4135.8,4392.0,4392.0,0.0,0.0,0.0,0.0,0.0,0.0,0.0,0.0,0.0,0.0,0.0,0.0,0.0,4379.0,13.0,0.0
2050-03-27 10:00:00,2050-03-27 08:00:00,1628.4,2686.9,0.0,0.0,4315.4,1576.9,0.0,0.0,0.0,0.0316,0.0426,upv,upv,0.0,0.0,0.0,0.0,0.0,0.0,0.0,0.0,0.0,0.0,0.0,0.0,0.0,0.0,0.0,0.0,0.0,0.0,139.9,2.6,0.26,16.5,1054.8,0.06,140.1,48.0,188.0,0.0,0.0,0.0,0.0,0.0,0.0,0.0,0.0,0.0,0.0,0.0,0.0,0.0,0.0,0.0,0.0,0.0,12.9,5973.7,5986.6,4315.4,4315.4,0.0,0.0,0.0,0.0,0.0,434.1,0.0,0.0,0.0,0.0,0.0,0.0,0.0,3881.2,0.0,0.0
2050-03-27 11:00:00,2050-03-27 09:00:00,1654.7,3207.3,0.0,0.0,4862.1,1602.1,0.0,0.0,0.0,0.0318,0.0433,upv,upv,0.0,0.0,0.0,0.0,0.0,0.0,0.0,0.0,0.0,0.0,0.0,0.0,0.0,0.0,0.0,0.0,0.0,0.0,140.0,2.6,0.27,16.5,1055.7,0.06,140.2,48.0,188.2,0.0,0.0,0.0,0.0,0.0,0.0,0.0,0.0,0.0,0.0,0.0,0.0,0.0,0.0,0.0,0.0,0.0,2.2,5447.5,5449.6,4862.1,4862.1,0.0,0.0,0.0,0.0,0.0,435.2,0.0,0.0,0.0,0.0,0.0,0.0,0.0,4426.8,0.0,0.0
2050-03-27 12:00:00,2050-03-27 10:00:00,1621.1,3303.3,0.0,0.0,4924.4,1569.8,-0.0,0.0,0.0,0.0316,0.0424,upv,upv,0.0,0.0,0.0,0.0,0.0,0.0,0.0,0.0,0.0,0.0,0.0,0.0,0.0,0.0,0.0,0.0,0.0,0.0,139.9,2.6,0.26,16.5,1054.7,0.06,140.1,48.0,188.0,0.0,0.0,0.0,0.0,0.0,0.0,0.0,0.0,0.0,0.0,0.0,0.0,0.0,0.0,0.0,0.0,0.0,3.6,5385.2,5388.8,4924.4,4924.4,0.0,0.0,0.0,0.0,0.0,435.2,0.0,0.0,0.0,0.0,0.0,0.0,0.0,4489.1,0.0,0.0
2050-03-27 13:00:00,2050-03-27 11:00:00,1592.6,3435.1,0.0,0.0,5027.7,1542.6,-0.0,0.0,0.0,0.0314,0.0416,upv,upv,0.0,0.0,0.0,0.0,0.0,0.0,0.0,0.0,0.0,0.0,0.0,0.0,0.0,0.0,0.0,0.0,0.0,0.0,139.9,2.6,0.26,16.5,1054.5,0.06,140.0,48.0,188.0,0.0,0.0,0.0,0.0,0.0,0.0,0.0,0.0,0.0,0.0,0.0,0.0,0.0,0.0,0.0,0.0,0.0,0.0,5302.8,5302.8,5027.7,5027.7,0.0,0.0,0.0,0.0,0.0,435.2,0.0,0.0,0.0,0.0,0.0,0.0,0.0,4571.6,21.0,0.0
2050-03-27 14:00:00,2050-03-27 12:00:00,1580.0,3953.7,0.0,0.0,5533.7,1530.5,-0.0,0.0,0.0,0.0313,0.0413,upv,upv,0.0,0.0,0.0,0.0,0.0,0.0,0.0,0.0,0.0,0.0,0.0,0.0,0.0,0.0,0.0,0.0,0.0,0.0,139.9,2.6,0.26,16.5,1054.4,0.06,140.0,48.0,188.0,0.0,0.0,0.0,0.0,0.0,0.0,0.0,0.0,0.0,0.0,0.0,0.0,0.0,0.0,0.0,0.0,0.0,0.0,4819.8,4819.8,5533.7,5533.7,0.0,0.0,0.0,0.0,0.0,435.2,0.0,0.0,0.0,0.0,0.0,0.0,0.0,5054.5,43.9,0.0
2050-03-27 15:00:00,2050-03-27 13:00:00,1595.8,3795.7,0.0,0.0,5391.5,1545.6,-0.0,0.0,0.0,0.0314,0.0417,upv,upv,0.0,0.0,0.0,0.0,0.0,0.0,0.0,0.0,0.0,0.0,0.0,0.0,0.0,0.0,0.0,0.0,0.0,0.0,139.9,2.6,0.26,16.5,1054.5,0.06,140.0,48.0,188.0,0.0,0.0,0.0,0.0,0.0,0.0,0.0,0.0,0.0,0.0,0.0,0.0,0.0,0.0,0.0,0.0,0.0,0.0,4983.3,4983.3,5391.5,5391.5,0.0,0.0,0.0,0.0,0.0,435.2,0.0,0.0,0.0,0.0,0.0,0.0,0.0,4891.0,65.2,0.0
2050-03-27 16:00:00,2050-03-27 14:00:00,1603.2,2617.9,0.0,0.0,4221.1,1552.7,0.0,0.0,0.0,0.0315,0.0419,upv,upv,0.0,0.0,0.0,0.0,0.0,0.0,0.0,0.0,0.0,0.0,0.0,0.0,0.0,0.0,0.0,0.0,0.0,0.0,139.9,2.6,0.26,16.5,1054.6,0.06,140.0,48.0,188.0,0.0,0.0,0.0,0.0,0.0,0.0,0.0,0.0,0.0,0.0,0.0,0.0,0.0,0.0,0.0,0.0,0.0,0.0,6173.1,6173.1,4221.1,4221.1,0.0,0.0,0.0,0.0,0.0,435.2,0.0,0.0,0.0,0.0,0.0,0.0,0.0,3701.2,84.7,0.0
2050-03-27 17:00:00,2050-03-27 15:00:00,1649.5,2821.5,0.0,0.0,4471.0,1597.0,0.0,0.0,0.0,0.0318,0.0431,upv,upv,0.0,0.0,0.0,0.0,0.0,0.0,0.0,0.0,0.0,0.0,0.0,0.0,0.0,0.0,0.0,0.0,0.0,0.0,139.9,2.6,0.26,16.5,1054.9,0.06,140.1,48.0,188.1,0.0,0.0,0.0,0.0,0.0,0.0,0.0,0.0,0.0,0.0,0.0,0.0,0.0,0.0,0.0,0.0,0.0,0.0,5939.1,5939.1,4471.0,4471.0,0.0,0.0,0.0,0.0,0.0,435.2,0.0,0.0,0.0,0.0,0.0,0.0,0.0,3935.2,100.5,0.0
2050-03-27 18:00:00,2050-03-27 16:00:00,1724.2,2431.9,0.0,0.0,4156.1,1668.5,0.0,0.0,0.0,0.0323,0.0451,upv,upv,0.0,0.0,0.0,0.0,0.0,0.0,0.0,0.0,0.0,0.0,0.0,0.0,0.0,0.0,0.0,0.0,0.0,0.0,140.0,2.6,0.26,16.5,1055.5,0.06,140.2,48.0,188.2,0.0,0.0,0.0,0.0,0.0,0.0,0.0,0.0,0.0,0.0,0.0,0.0,0.0,0.0,0.0,0.0,0.0,0.0,4809.7,4809.7,4156.1,4156.1,0.0,0.0,0.0,0.0,0.0,374.6,0.0,0.0,0.0,0.0,0.0,0.0,0.0,3694.6,86.9,0.0
2050-03-27 19:00:00,2050-03-27 17:00:00,1783.2,0.0,0.0,7.2,1790.4,1724.7,-1111.9,0.0,1111.9,0.0328,0.0466,wind-ons,wind-ons,0.0,0.0,0.0,0.0,0.0,0.0,0.0,0.0,0.0,0.0,0.0,0.0,0.0,0.0,0.0,0.0,0.0,0.0,157.2,3.0,0.3,18.6,1185.5,0.07,157.4,53.9,211.3,0.0,0.0,0.0,0.0,0.0,0.0,0.0,0.0,0.0,0.0,0.0,0.0,0.0,0.0,0.0,0.0,0.0,0.0,0.0,0.0,2902.3,2902.3,0.0,0.0,0.0,0.0,0.0,119.6,0.0,0.0,0.0,0.0,0.0,0.0,0.0,2714.1,68.5,0.0
2050-03-27 20:00:00,2050-03-27 18:00:00,1894.7,0.0,0.0,9.8,1904.5,1830.9,1828.3,235.4,939.8,0.0337,0.0495,battery,gas-cc,0.0,0.0,0.0,0.0,0.0,0.0,0.0,0.0,0.0,0.0,0.0,0.0,0.0,0.0,0.0,0.0,0.0,0.0,143.6,2.7,0.27,17.0,1082.3,0.06,143.7,49.2,192.9,379.7,7.2,0.72,44.8,2864.9,0.16,380.1,130.3,510.3,22.26,0.0,0.0,22.26,23.42,0.0,0.0,23.42,0.0,0.0,0.0,2608.9,76.2,2532.7,0.0,0.0,0.0,0.0,0.0,0.0,0.0,0.0,0.0,0.0,0.0,0.0,0.0,76.2,0.0
2050-03-27 21:00:00,2050-03-27 19:00:00,1971.6,0.0,0.0,10.7,1982.2,1903.9,1906.6,156.6,1266.3,0.0343,0.0516,battery,gas-cc,0.0,0.0,0.0,0.0,0.0,0.0,0.0,0.0,0.0,0.0,0.0,0.0,0.0,0.0,0.0,0.0,0.0,0.0,143.7,2.7,0.27,17.0,1083.6,0.06,143.9,49.3,193.2,370.7,7.0,0.7,43.8,2797.5,0.16,371.1,127.2,498.3,22.26,0.0,0.0,22.26,23.47,0.0,0.0,23.47,0.0,0.0,0.0,3092.0,75.6,3016.4,0.0,0.0,0.0,0.0,0.0,0.0,0.0,0.0,0.0,0.0,0.0,0.0,0.0,75.6,0.0
2050-03-27 22:00:00,2050-03-27 20:00:00,1884.2,0.0,0.0,8.9,1893.1,1820.9,1867.5,287.9,686.6,0.0336,0.0493,battery,gas-cc,0.0,0.0,0.0,0.0,0.0,0.0,0.0,0.0,0.0,0.0,0.0,0.0,0.0,0.0,0.0,0.0,0.0,0.0,143.2,2.7,0.27,16.9,1080.0,0.06,143.4,49.1,192.5,369.8,7.0,0.7,43.7,2790.8,0.16,370.2,126.9,497.1,22.26,0.0,0.0,22.26,23.41,0.0,0.0,23.41,0.0,0.0,0.0,2291.8,25.6,2266.2,0.0,0.0,0.0,0.0,0.0,0.0,0.0,0.0,0.0,0.0,0.0,0.0,0.0,25.6,0.0
2050-03-27 23:00:00,2050-03-27 21:00:00,1770.5,0.0,0.0,1.3,1771.8,1712.7,1767.4,33.2,113.2,0.0327,0.0463,battery,gas-cc,0.0,0.0,0.0,0.0,0.0,0.0,0.0,0.0,0.0,0.0,0.0,0.0,0.0,0.0,0.0,0.0,0.0,0.0,143.4,2.7,0.27,16.9,1080.8,0.06,143.5,49.2,192.7,378.4,7.1,0.71,44.7,2855.2,0.16,378.8,129.8,508.6,22.26,0.0,0.0,22.26,23.34,0.0,0.0,23.34,0.0,0.0,0.0,1851.8,4.4,1847.4,0.0,0.0,0.0,0.0,0.0,0.0,0.0,0.0,0.0,0.0,0.0,0.0,0.0,4.4,0.0
2050-03-28 00:00:00,2050-03-27 22:00:00,1626.3,0.0,0.0,4.8,1631.1,1574.9,1630.2,0.0,743.3,0.0316,0.0425,battery,hydro,0.0,0.0,0.0,0.0,0.0,0.0,0.0,0.0,0.0,0.0,0.0,0.0,0.0,0.0,0.0,0.0,0.0,0.0,147.0,2.8,0.28,17.4,1108.3,0.06,147.2,50.4,197.6,0.0,0.0,0.0,0.0,0.0,0.0,0.0,0.0,0.0,10.21,0.0,0.0,10.21,10.66,0.0,0.0,10.66,0.0,0.0,0.0,2374.5,1.0,2373.5,0.0,0.0,0.0,0.0,0.0,0.0,0.0,0.0,0.0,0.0,0.0,0.0,0.0,1.0,0.0
2050-03-28 01:00:00,2050-03-27 23:00:00,1476.8,0.0,0.0,9.9,1486.7,1431.5,1486.7,0.0,1521.0,0.0307,0.0386,battery,hydro,0.0,0.0,0.0,0.0,0.0,0.0,0.0,0.0,0.0,0.0,0.0,0.0,0.0,0.0,0.0,0.0,0.0,0.0,172.3,3.3,0.33,20.4,1299.4,0.07,172.5,59.1,231.6,0.0,0.0,0.0,0.0,0.0,0.0,0.0,0.0,0.0,10.21,0.0,0.0,10.21,10.62,0.0,0.0,10.62,0.0,0.0,0.0,3007.8,0.0,3007.8,0.0,0.0,0.0,0.0,0.0,0.0,0.0,0.0,0.0,0.0,0.0,0.0,0.0,0.0,0.0
2050-03-28 02:00:00,2050-03-28 00:00:00,1320.0,0.0,0.0,3.6,1323.6,1280.4,1323.4,0.0,553.1,0.03,0.0345,battery,hydro,0.0,0.0,0.0,0.0,0.0,0.0,0.0,0.0,0.0,0.0,0.0,0.0,0.0,0.0,0.0,0.0,0.0,0.0,143.9,2.7,0.27,17.0,1084.8,0.06,144.0,49.3,193.4,0.0,0.0,0.0,0.0,0.0,0.0,0.0,0.0,0.0,10.21,0.0,0.0,10.21,10.58,0.0,0.0,10.58,0.0,0.0,0.0,1876.7,0.2,1876.5,0.0,0.0,0.0,0.0,0.0,0.0,0.0,0.0,0.0,0.0,0.0,0.0,0.0,0.2,0.0
2050-03-28 03:00:00,2050-03-28 01:00:00,1234.7,0.0,0.0,6.3,1241.1,1197.9,1241.0,0.0,972.6,0.0298,0.0323,battery,hydro,0.0,0.0,0.0,0.0,0.0,0.0,0.0,0.0,0.0,0.0,0.0,0.0,0.0,0.0,0.0,0.0,0.0,0.0,143.0,2.7,0.27,16.9,1077.8,0.06,143.1,49.0,192.1,0.0,0.0,0.0,0.0,0.0,0.0,0.0,0.0,0.0,10.21,0.0,0.0,10.21,10.55,0.0,0.0,10.55,0.0,0.0,0.0,2213.6,0.1,2213.6,0.0,0.0,0.0,0.0,0.0,0.0,0.0,0.0,0.0,0.0,0.0,0.0,0.0,0.1,0.0
2050-03-28 04:00:00,2050-03-28 02:00:00,1172.6,0.0,0.0,0.0,1172.6,1137.8,1171.4,0.0,0.0,0.0297,0.0307,battery,hydro,0.0,0.0,0.0,0.0,0.0,0.0,0.0,0.0,0.0,0.0,0.0,0.0,0.0,0.0,0.0,0.0,0.0,0.0,158.4,3.0,0.3,18.7,1194.1,0.07,158.5,54.3,212.8,0.0,0.0,0.0,0.0,0.0,0.0,0.0,0.0,0.0,10.21,0.0,0.0,10.21,10.53,0.0,0.0,10.53,0.0,0.0,0.0,1172.6,1.2,1171.4,0.0,0.0,0.0,0.0,0.0,0.0,0.0,0.0,0.0,0.0,0.0,0.0,0.0,1.2,0.0
2050-03-28 05:00:00,2050-03-28 03:00:00,1136.8,0.0,0.0,4.6,1141.4,1103.1,1138.9,0.0,708.6,0.0297,0.0297,battery,hydro,0.0,0.0,0.0,0.0,0.0,0.0,0.0,0.0,0.0,0.0,0.0,0.0,0.0,0.0,0.0,0.0,0.0,0.0,141.6,2.7,0.27,16.7,1067.9,0.06,141.8,48.6,190.4,0.0,0.0,0.0,0.0,0.0,0.0,0.0,0.0,0.0,10.21,0.0,0.0,10.21,10.52,0.0,0.0,10.52,0.0,0.0,0.0,1850.0,2.6,1847.4,0.0,0.0,0.0,0.0,0.0,0.0,0.0,0.0,0.0,0.0,0.0,0.0,0.0,2.6,0.0
2050-03-28 06:00:00,2050-03-28 04:00:00,1144.2,0.0,0.0,7.9,1152.1,1110.2,1148.2,0.0,1218.8,0.0297,0.0299,battery,hydro,0.0,0.0,0.0,0.0,0.0,0.0,0.0,0.0,0.0,0.0,0.0,0.0,0.0,0.0,0.0,0.0,0.0,0.0,142.7,2.7,0.27,16.9,1076.1,0.06,142.9,48.9,191.8,0.0,0.0,0.0,0.0,0.0,0.0,0.0,0.0,0.0,10.21,0.0,0.0,10.21,10.52,0.0,0.0,10.52,0.0,0.0,0.0,2370.9,3.9,2367.0,0.0,0.0,0.0,0.0,0.0,0.0,0.0,0.0,0.0,0.0,0.0,0.0,0.0,3.9,0.0
2050-03-28 07:00:00,2050-03-28 05:00:00,1211.6,0.0,0.0,4.9,1216.5,1175.5,1212.5,0.0,759.2,0.0298,0.0317,battery,hydro,0.0,0.0,0.0,0.0,0.0,0.0,0.0,0.0,0.0,0.0,0.0,0.0,0.0,0.0,0.0,0.0,0.0,0.0,165.7,3.1,0.31,19.6,1249.5,0.07,165.9,56.8,222.7,0.0,0.0,0.0,0.0,0.0,0.0,0.0,0.0,0.0,10.21,0.0,0.0,10.21,10.54,0.0,0.0,10.54,0.0,0.0,0.0,1975.7,4.1,1971.6,0.0,0.0,0.0,0.0,0.0,0.0,0.0,0.0,0.0,0.0,0.0,0.0,0.0,4.1,0.0
2050-03-28 08:00:00,2050-03-28 06:00:00,1355.8,0.0,0.0,16.3,1372.1,1314.9,-1277.4,362.5,1640.0,0.0302,0.0355,upv,upv,0.0,0.0,0.0,0.0,0.0,0.0,0.0,0.0,0.0,0.0,0.0,0.0,0.0,0.0,0.0,0.0,0.0,0.0,139.7,2.6,0.26,16.5,1053.1,0.06,139.8,47.9,187.8,0.0,0.0,0.0,0.0,0.0,0.0,0.0,0.0,0.0,5.05,0.0,0.0,5.05,5.24,0.0,0.0,5.24,0.0,0.0,0.0,2649.5,2649.5,0.0,0.0,0.0,0.0,0.0,111.4,0.0,0.0,0.0,0.0,0.0,0.0,0.0,2528.4,9.7,0.0
2050-03-28 09:00:00,2050-03-28 07:00:00,1515.8,2976.1,0.0,0.0,4491.9,1468.9,0.0,0.0,0.0,0.0309,0.0396,upv,upv,0.0,0.0,0.0,0.0,0.0,0.0,0.0,0.0,0.0,0.0,0.0,0.0,0.0,0.0,0.0,0.0,0.0,0.0,139.8,2.6,0.26,16.5,1054.0,0.06,140.0,47.9,187.9,0.0,0.0,0.0,0.0,0.0,0.0,0.0,0.0,0.0,0.0,0.0,0.0,0.0,0.0,0.0,0.0,0.0,0.0,4395.6,4395.6,4491.9,4491.9,0.0,0.0,0.0,0.0,0.0,0.0,0.0,0.0,0.0,0.0,0.0,0.0,0.0,4483.3,8.6,0.0
2050-03-28 10:00:00,2050-03-28 08:00:00,1636.8,3600.8,0.0,0.0,5237.7,1584.9,0.0,0.0,0.0,0.0317,0.0428,upv,upv,0.0,0.0,0.0,0.0,0.0,0.0,0.0,0.0,0.0,0.0,0.0,0.0,0.0,0.0,0.0,0.0,0.0,0.0,139.9,2.6,0.26,16.5,1054.8,0.06,140.1,48.0,188.0,0.0,0.0,0.0,0.0,0.0,0.0,0.0,0.0,0.0,0.0,0.0,0.0,0.0,0.0,0.0,0.0,0.0,3.4,5058.2,5061.6,5237.7,5237.7,0.0,0.0,0.0,0.0,0.0,434.5,0.0,0.0,0.0,0.0,0.0,0.0,0.0,4803.2,0.0,0.0
2050-03-28 11:00:00,2050-03-28 09:00:00,1654.7,3235.4,0.0,0.0,4890.1,1602.1,-0.0,0.0,0.0,0.0318,0.0433,upv,upv,0.0,0.0,0.0,0.0,0.0,0.0,0.0,0.0,0.0,0.0,0.0,0.0,0.0,0.0,0.0,0.0,0.0,0.0,139.9,2.6,0.26,16.5,1055.0,0.06,140.1,48.0,188.1,0.0,0.0,0.0,0.0,0.0,0.0,0.0,0.0,0.0,0.0,0.0,0.0,0.0,0.0,0.0,0.0,0.0,4.3,5419.4,5423.7,4890.1,4890.1,0.0,0.0,0.0,0.0,0.0,435.2,0.0,0.0,0.0,0.0,0.0,0.0,0.0,4454.9,0.0,0.0
2050-03-28 12:00:00,2050-03-28 10:00:00,1626.3,3629.9,0.0,0.0,5256.2,1574.9,0.0,0.0,0.0,0.0316,0.0425,upv,upv,0.0,0.0,0.0,0.0,0.0,0.0,0.0,0.0,0.0,0.0,0.0,0.0,0.0,0.0,0.0,0.0,0.0,0.0,139.9,2.6,0.26,16.5,1054.7,0.06,140.1,48.0,188.0,0.0,0.0,0.0,0.0,0.0,0.0,0.0,0.0,0.0,0.0,0.0,0.0,0.0,0.0,0.0,0.0,0.0,0.5,5012.7,5013.2,5256.2,5256.2,0.0,0.0,0.0,0.0,0.0,433.4,0.0,0.0,0.0,0.0,0.0,0.0,0.0,4822.8,0.0,0.0
2050-03-28 13:00:00,2050-03-28 11:00:00,1605.3,2492.1,0.0,0.0,4097.4,1554.7,0.0,0.0,0.0,0.0315,0.042,upv,upv,0.0,0.0,0.0,0.0,0.0,0.0,0.0,0.0,0.0,0.0,0.0,0.0,0.0,0.0,0.0,0.0,0.0,0.0,139.9,2.6,0.26,16.5,1054.6,0.06,140.0,48.0,188.0,0.0,0.0,0.0,0.0,0.0,0.0,0.0,0.0,0.0,0.0,0.0,0.0,0.0,0.0,0.0,0.0,0.0,0.6,6164.8,6165.4,4097.4,4097.4,0.0,0.0,0.0,0.0,0.0,433.1,0.0,0.0,0.0,0.0,0.0,0.0,0.0,3664.3,0.0,0.0
2050-03-28 14:00:00,2050-03-28 12:00:00,1597.9,2850.6,0.0,0.0,4448.5,1547.6,0.0,0.0,0.0,0.0314,0.0418,upv,upv,0.0,0.0,0.0,0.0,0.0,0.0,0.0,0.0,0.0,0.0,0.0,0.0,0.0,0.0,0.0,0.0,0.0,0.0,139.9,2.6,0.26,16.5,1054.5,0.06,140.0,48.0,188.0,0.0,0.0,0.0,0.0,0.0,0.0,0.0,0.0,0.0,0.0,0.0,0.0,0.0,0.0,0.0,0.0,0.0,5.3,5813.6,5818.9,4448.5,4448.5,0.0,0.0,0.0,0.0,0.0,433.1,0.0,0.0,0.0,0.0,0.0,0.0,0.0,4015.5,0.0,0.0
2050-03-28 15:00:00,2050-03-28 13:00:00,1631.6,2850.6,0.0,0.0,4482.2,1579.9,0.0,0.0,0.0,0.0317,0.0427,upv,upv,0.0,0.0,0.0,0.0,0.0,0.0,0.0,0.0,0.0,0.0,0.0,0.0,0.0,0.0,0.0,0.0,0.0,0.0,139.9,2.6,0.26,16.5,1054.8,0.06,140.1,48.0,188.0,0.0,0.0,0.0,0.0,0.0,0.0,0.0,0.0,0.0,0.0,0.0,0.0,0.0,0.0,0.0,0.0,0.0,10.1,5827.3,5837.4,4482.2,4482.2,0.0,0.0,0.0,0.0,0.0,435.2,0.0,0.0,0.0,0.0,0.0,0.0,0.0,4047.0,0.0,0.0
2050-03-28 16:00:00,2050-03-28 14:00:00,1652.6,3240.3,0.0,0.0,4892.9,1600.1,0.0,0.0,0.0,0.0318,0.0432,upv,upv,0.0,0.0,0.0,0.0,0.0,0.0,0.0,0.0,0.0,0.0,0.0,0.0,0.0,0.0,0.0,0.0,0.0,0.0,139.9,2.6,0.26,16.5,1054.9,0.06,140.1,48.0,188.1,0.0,0.0,0.0,0.0,0.0,0.0,0.0,0.0,0.0,0.0,0.0,0.0,0.0,0.0,0.0,0.0,0.0,0.0,5441.3,5441.3,4892.9,4892.9,0.0,0.0,0.0,0.0,0.0,435.2,0.0,0.0,0.0,0.0,0.0,0.0,0.0,4433.0,24.6,0.0
2050-03-28 17:00:00,2050-03-28 15:00:00,1727.4,2431.9,0.0,0.0,4159.3,1671.5,0.0,0.0,0.0,0.0323,0.0452,upv,upv,0.0,0.0,0.0,0.0,0.0,0.0,0.0,0.0,0.0,0.0,0.0,0.0,0.0,0.0,0.0,0.0,0.0,0.0,140.0,2.6,0.26,16.5,1055.5,0.06,140.2,48.0,188.2,0.0,0.0,0.0,0.0,0.0,0.0,0.0,0.0,0.0,0.0,0.0,0.0,0.0,0.0,0.0,0.0,0.0,0.0,6164.5,6164.5,4159.3,4159.3,0.0,0.0,0.0,0.0,0.0,434.1,0.0,0.0,0.0,0.0,0.0,0.0,0.0,3690.4,34.7,0.0
2050-03-28 18:00:00,2050-03-28 16:00:00,1809.5,3858.7,0.0,0.0,5668.2,1749.8,0.0,0.0,0.0,0.033,0.0473,upv,upv,0.0,0.0,0.0,0.0,0.0,0.0,0.0,0.0,0.0,0.0,0.0,0.0,0.0,0.0,0.0,0.0,0.0,0.0,140.1,2.6,0.27,16.6,1056.2,0.06,140.3,48.0,188.3,0.0,0.0,0.0,0.0,0.0,0.0,0.0,0.0,0.0,0.0,0.0,0.0,0.0,0.0,0.0,0.0,0.0,0.0,3118.2,3118.2,5668.2,5668.2,0.0,0.0,0.0,0.0,0.0,369.4,0.0,0.0,0.0,0.0,0.0,0.0,0.0,5263.3,35.5,0.0
2050-03-28 19:00:00,2050-03-28 17:00:00,1907.4,0.0,0.0,6.3,1913.7,1842.9,-969.0,0.0,969.0,0.0338,0.0499,battery,hydro,0.0,0.0,0.0,0.0,0.0,0.0,0.0,0.0,0.0,0.0,0.0,0.0,0.0,0.0,0.0,0.0,0.0,0.0,140.6,2.7,0.27,16.6,1060.0,0.06,140.7,48.2,189.0,0.0,0.0,0.0,0.0,0.0,0.0,0.0,0.0,0.0,10.0,0.0,0.0,10.0,10.52,0.0,0.0,10.52,0.0,0.0,0.0,2882.7,2882.7,0.0,0.0,0.0,0.0,0.0,120.0,0.0,0.0,0.0,0.0,0.0,0.0,0.0,2722.2,40.5,0.0
2050-03-28 20:00:00,2050-03-28 18:00:00,2023.2,0.0,0.0,10.7,2033.8,1952.8,1954.3,0.0,1640.0,0.0348,0.0529,battery,hydro,0.0,0.0,0.0,0.0,0.0,0.0,0.0,0.0,0.0,0.0,0.0,0.0,0.0,0.0,0.0,0.0,0.0,0.0,143.7,2.7,0.27,17.0,1083.4,0.06,143.9,49.3,193.1,0.0,0.0,0.0,0.0,0.0,0.0,0.0,0.0,0.0,10.0,0.0,0.0,10.0,10.56,0.0,0.0,10.56,0.0,0.0,0.0,3673.8,79.6,3594.2,0.0,0.0,0.0,0.0,0.0,0.0,0.0,0.0,0.0,0.0,0.0,0.0,0.0,79.6,0.0
2050-03-28 21:00:00,2050-03-28 19:00:00,2077.9,0.0,0.0,9.0,2086.9,2004.6,2013.8,0.0,1392.2,0.0353,0.0543,battery,hydro,0.0,0.0,0.0,0.0,0.0,0.0,0.0,0.0,0.0,0.0,0.0,0.0,0.0,0.0,0.0,0.0,0.0,0.0,143.0,2.7,0.27,16.9,1078.2,0.06,143.2,49.0,192.2,0.0,0.0,0.0,0.0,0.0,0.0,0.0,0.0,0.0,10.0,0.0,0.0,10.0,10.57,0.0,0.0,10.57,0.0,0.0,0.0,3479.2,73.1,3406.0,0.0,0.0,0.0,0.0,0.0,0.0,0.0,0.0,0.0,0.0,0.0,0.0,0.0,73.1,0.0
2050-03-28 22:00:00,2050-03-28 20:00:00,1964.2,0.0,0.0,8.9,1973.1,1896.9,1929.9,0.0,1369.4,0.0343,0.0514,battery,hydro,0.0,0.0,0.0,0.0,0.0,0.0,0.0,0.0,0.0,0.0,0.0,0.0,0.0,0.0,0.0,0.0,0.0,0.0,143.4,2.7,0.27,16.9,1080.9,0.06,143.5,49.2,192.7,0.0,0.0,0.0,0.0,0.0,0.0,0.0,0.0,0.0,10.0,0.0,0.0,10.0,10.54,0.0,0.0,10.54,0.0,0.0,0.0,3342.6,43.2,3299.4,0.0,0.0,0.0,0.0,0.0,0.0,0.0,0.0,0.0,0.0,0.0,0.0,0.0,43.2,0.0
2050-03-28 23:00:00,2050-03-28 21:00:00,1829.5,0.0,0.0,8.5,1837.9,1768.9,1814.8,0.0,1302.3,0.0331,0.0478,battery,hydro,0.0,0.0,0.0,0.0,0.0,0.0,0.0,0.0,0.0,0.0,0.0,0.0,0.0,0.0,0.0,0.0,0.0,0.0,143.1,2.7,0.27,16.9,1079.0,0.06,143.3,49.1,192.3,0.0,0.0,0.0,0.0,0.0,0.0,0.0,0.0,0.0,10.0,0.0,0.0,10.0,10.5,0.0,0.0,10.5,0.0,0.0,0.0,3140.3,23.1,3117.2,0.0,0.0,0.0,0.0,0.0,0.0,0.0,0.0,0.0,0.0,0.0,0.0,0.0,23.1,0.0
2050-03-29 00:00:00,2050-03-28 22:00:00,1660.0,0.0,0.0,5.1,1665.1,1607.1,1658.2,0.0,785.8,0.0319,0.0434,battery,gas-cc,0.0,0.0,0.0,0.0,0.0,0.0,0.0,0.0,0.0,0.0,0.0,0.0,0.0,0.0,0.0,0.0,0.0,0.0,143.6,2.7,0.27,17.0,1082.4,0.06,143.7,49.2,193.0,367.6,6.9,0.69,43.4,2773.7,0.16,368.0,126.1,494.1,16.65,0.0,0.0,16.65,17.4,0.0,0.0,17.4,0.0,0.0,0.0,2450.9,6.9,2444.0,0.0,0.0,0.0,0.0,0.0,0.0,0.0,0.0,0.0,0.0,0.0,0.0,0.0,6.9,0.0
2050-03-29 01:00:00,2050-03-28 23:00:00,1487.4,0.0,0.0,5.7,1493.1,1441.6,1491.6,0.0,875.4,0.0308,0.0389,battery,gas-cc,0.0,0.0,0.0,0.0,0.0,0.0,0.0,0.0,0.0,0.0,0.0,0.0,0.0,0.0,0.0,0.0,0.0,0.0,143.2,2.7,0.27,16.9,1079.3,0.06,143.3,49.1,192.4,375.4,7.1,0.71,44.4,2833.2,0.16,375.9,128.8,504.7,16.65,0.0,0.0,16.65,17.32,0.0,0.0,17.32,0.0,0.0,0.0,2368.4,1.5,2367.0,0.0,0.0,0.0,0.0,0.0,0.0,0.0,0.0,0.0,0.0,0.0,0.0,0.0,1.5,0.0
2050-03-29 02:00:00,2050-03-29 00:00:00,1334.7,0.0,0.0,3.6,1338.3,1294.6,1337.7,0.0,552.8,0.0301,0.0349,battery,gas-cc,0.0,0.0,0.0,0.0,0.0,0.0,0.0,0.0,0.0,0.0,0.0,0.0,0.0,0.0,0.0,0.0,0.0,0.0,142.9,2.7,0.27,16.9,1077.1,0.06,143.0,49.0,192.0,343.9,6.5,0.65,40.6,2595.1,0.15,344.3,118.0,462.3,16.65,0.0,0.0,16.65,17.25,0.0,0.0,17.25,0.0,0.0,0.0,1891.1,0.6,1890.5,0.0,0.0,0.0,0.0,0.0,0.0,0.0,0.0,0.0,0.0,0.0,0.0,0.0,0.6,0.0
2050-03-29 03:00:00,2050-03-29 01:00:00,1240.0,0.0,0.0,0.0,1240.0,1203.0,1239.8,0.0,0.0,0.0298,0.0324,battery,gas-cc,0.0,0.0,0.0,0.0,0.0,0.0,0.0,0.0,0.0,0.0,0.0,0.0,0.0,0.0,0.0,0.0,0.0,0.0,141.0,2.7,0.27,16.7,1062.9,0.06,141.1,48.4,189.5,343.0,6.5,0.65,40.5,2588.4,0.15,343.4,117.7,461.1,16.65,0.0,0.0,16.65,17.21,0.0,0.0,17.21,0.0,0.0,0.0,1240.0,0.2,1239.8,0.0,0.0,0.0,0.0,0.0,0.0,0.0,0.0,0.0,0.0,0.0,0.0,0.0,0.2,0.0
2050-03-29 04:00:00,2050-03-29 02:00:00,1177.9,0.0,0.0,0.0,1177.9,1142.9,1177.1,0.0,0.0,0.0297,0.0308,battery,gas-cc,0.0,0.0,0.0,0.0,0.0,0.0,0.0,0.0,0.0,0.0,0.0,0.0,0.0,0.0,0.0,0.0,0.0,0.0,159.3,3.0,0.3,18.8,1201.5,0.07,159.5,54.7,214.2,342.4,6.5,0.65,40.5,2584.1,0.15,342.8,117.5,460.3,16.65,0.0,0.0,16.65,17.18,0.0,0.0,17.18,0.0,0.0,0.0,1177.9,0.8,1177.1,0.0,0.0,0.0,0.0,0.0,0.0,0.0,0.0,0.0,0.0,0.0,0.0,0.0,0.8,0.0
2050-03-29 05:00:00,2050-03-29 03:00:00,1138.9,0.0,0.0,0.0,1138.9,1105.1,1138.3,0.0,0.0,0.0297,0.0298,battery,gas-cc,0.0,0.0,0.0,0.0,0.0,0.0,0.0,0.0,0.0,0.0,0.0,0.0,0.0,0.0,0.0,0.0,0.0,0.0,149.9,2.8,0.28,17.7,1130.0,0.07,150.0,51.4,201.4,342.1,6.4,0.64,40.4,2581.4,0.15,342.4,117.4,459.8,16.65,0.0,0.0,16.65,17.16,0.0,0.0,17.16,0.0,0.0,0.0,1138.9,0.7,1138.3,0.0,0.0,0.0,0.0,0.0,0.0,0.0,0.0,0.0,0.0,0.0,0.0,0.0,0.7,0.0
2050-03-29 06:00:00,2050-03-29 04:00:00,1147.4,0.0,0.0,0.0,1147.4,1113.3,1147.1,0.0,0.0,0.0297,0.03,battery,gas-cc,0.0,0.0,0.0,0.0,0.0,0.0,0.0,0.0,0.0,0.0,0.0,0.0,0.0,0.0,0.0,0.0,0.0,0.0,156.9,3.0,0.3,18.5,1183.2,0.07,157.1,53.8,210.9,342.2,6.4,0.64,40.4,2582.0,0.15,342.5,117.4,459.9,16.65,0.0,0.0,16.65,17.16,0.0,0.0,17.16,0.0,0.0,0.0,1147.4,0.3,1147.1,0.0,0.0,0.0,0.0,0.0,0.0,0.0,0.0,0.0,0.0,0.0,0.0,0.0,0.3,0.0
2050-03-29 07:00:00,2050-03-29 05:00:00,1206.3,0.0,0.0,3.0,1209.3,1170.4,1208.8,0.0,462.2,0.0297,0.0315,battery,gas-cc,0.0,0.0,0.0,0.0,0.0,0.0,0.0,0.0,0.0,0.0,0.0,0.0,0.0,0.0,0.0,0.0,0.0,0.0,141.2,2.7,0.27,16.7,1064.6,0.06,141.4,48.4,189.8,363.1,6.8,0.68,42.9,2739.7,0.16,363.4,124.6,488.0,16.65,0.0,0.0,16.65,17.19,0.0,0.0,17.19,0.0,0.0,0.0,1671.5,0.6,1670.9,0.0,0.0,0.0,0.0,0.0,0.0,0.0,0.0,0.0,0.0,0.0,0.0,0.0,0.6,0.0
2050-03-29 08:00:00,2050-03-29 06:00:00,1329.5,0.0,0.0,14.3,1343.8,1289.5,-1405.7,234.3,1640.0,0.0301,0.0348,wind-ons,wind-ons,0.0,0.0,0.0,0.0,0.0,0.0,0.0,0.0,0.0,0.0,0.0,0.0,0.0,0.0,0.0,0.0,0.0,0.0,140.2,2.6,0.27,16.6,1057.1,0.06,140.4,48.1,188.5,0.0,0.0,0.0,0.0,0.0,0.0,0.0,0.0,0.0,4.89,0.0,0.0,4.89,5.07,0.0,0.0,5.07,0.0,0.0,0.0,2749.4,2749.4,0.0,0.0,0.0,0.0,0.0,115.9,0.0,0.0,0.0,0.0,0.0,0.0,0.0,2631.7,1.7,0.0
2050-03-29 09:00:00,2050-03-29 07:00:00,1494.7,2771.7,0.0,0.0,4266.4,1448.7,0.0,0.0,0.0,0.0308,0.0391,upv,upv,0.0,0.0,0.0,0.0,0.0,0.0,0.0,0.0,0.0,0.0,0.0,0.0,0.0,0.0,0.0,0.0,0.0,0.0,139.8,2.6,0.26,16.5,1053.9,0.06,139.9,47.9,187.9,0.0,0.0,0.0,0.0,0.0,0.0,0.0,0.0,0.0,0.0,0.0,0.0,0.0,0.0,0.0,0.0,0.0,1.1,4700.4,4701.6,4266.4,4266.4,0.0,0.0,0.0,0.0,0.0,378.6,0.0,0.0,0.0,0.0,0.0,0.0,0.0,3887.9,0.0,0.0
2050-03-29 10:00:00,2050-03-29 08:00:00,1626.3,3957.5,0.0,0.0,5583.9,1574.9,-0.0,0.0,0.0,0.0316,0.0425,upv,upv,0.0,0.0,0.0,0.0,0.0,0.0,0.0,0.0,0.0,0.0,0.0,0.0,0.0,0.0,0.0,0.0,0.0,0.0,139.9,2.6,0.26,16.5,1054.7,0.06,140.1,48.0,188.0,0.0,0.0,0.0,0.0,0.0,0.0,0.0,0.0,0.0,0.0,0.0,0.0,0.0,0.0,0.0,0.0,0.0,0.2,4718.8,4719.0,5583.9,5583.9,0.0,0.0,0.0,0.0,0.0,434.9,0.0,0.0,0.0,0.0,0.0,0.0,0.0,5149.0,0.0,0.0
2050-03-29 11:00:00,2050-03-29 09:00:00,1649.5,4019.6,0.0,0.0,5669.0,1597.0,0.0,0.0,0.0,0.0318,0.0431,upv,upv,0.0,0.0,0.0,0.0,0.0,0.0,0.0,0.0,0.0,0.0,0.0,0.0,0.0,0.0,0.0,0.0,0.0,0.0,139.9,2.6,0.26,16.5,1054.9,0.06,140.1,48.0,188.1,0.0,0.0,0.0,0.0,0.0,0.0,0.0,0.0,0.0,0.0,0.0,0.0,0.0,0.0,0.0,0.0,0.0,0.0,4640.5,4640.5,5669.0,5669.0,0.0,0.0,0.0,0.0,0.0,435.2,0.0,0.0,0.0,0.0,0.0,0.0,0.0,5233.8,0.0,0.0
2050-03-29 12:00:00,2050-03-29 10:00:00,1636.8,3990.5,0.0,0.0,5627.3,1584.9,0.0,0.0,0.0,0.0317,0.0428,upv,upv,0.0,0.0,0.0,0.0,0.0,0.0,0.0,0.0,0.0,0.0,0.0,0.0,0.0,0.0,0.0,0.0,0.0,0.0,139.9,2.6,0.26,16.5,1054.8,0.06,140.1,48.0,188.0,0.0,0.0,0.0,0.0,0.0,0.0,0.0,0.0,0.0,0.0,0.0,0.0,0.0,0.0,0.0,0.0,0.0,0.0,4668.6,4668.6,5627.3,5627.3,0.0,0.0,0.0,0.0,0.0,434.5,0.0,0.0,0.0,0.0,0.0,0.0,0.0,5192.8,0.0,0.0
2050-03-29 13:00:00,2050-03-29 11:00:00,1610.5,4019.6,0.0,0.0,5630.1,1559.8,0.0,0.0,0.0,0.0315,0.0421,upv,upv,0.0,0.0,0.0,0.0,0.0,0.0,0.0,0.0,0.0,0.0,0.0,0.0,0.0,0.0,0.0,0.0,0.0,0.0,139.9,2.6,0.26,16.5,1054.6,0.06,140.0,48.0,188.0,0.0,0.0,0.0,0.0,0.0,0.0,0.0,0.0,0.0,0.0,0.0,0.0,0.0,0.0,0.0,0.0,0.0,1.7,4659.0,4660.7,5630.1,5630.1,0.0,0.0,0.0,0.0,0.0,434.1,0.0,0.0,0.0,0.0,0.0,0.0,0.0,5196.0,0.0,0.0
2050-03-29 14:00:00,2050-03-29 12:00:00,1618.9,2626.7,0.0,0.0,4245.7,1567.8,0.0,0.0,0.0,0.0316,0.0423,upv,upv,0.0,0.0,0.0,0.0,0.0,0.0,0.0,0.0,0.0,0.0,0.0,0.0,0.0,0.0,0.0,0.0,0.0,0.0,139.9,2.6,0.26,16.5,1054.7,0.06,140.1,48.0,188.0,0.0,0.0,0.0,0.0,0.0,0.0,0.0,0.0,0.0,0.0,0.0,0.0,0.0,0.0,0.0,0.0,0.0,14.1,6063.9,6078.0,4245.7,4245.7,0.0,0.0,0.0,0.0,0.0,435.2,0.0,0.0,0.0,0.0,0.0,0.0,0.0,3810.4,0.0,0.0
2050-03-29 15:00:00,2050-03-29 13:00:00,1660.0,2431.9,0.0,0.0,4091.9,1607.1,0.0,0.0,0.0,0.0319,0.0434,upv,upv,0.0,0.0,0.0,0.0,0.0,0.0,0.0,0.0,0.0,0.0,0.0,0.0,0.0,0.0,0.0,0.0,0.0,0.0,139.9,2.6,0.26,16.5,1055.0,0.06,140.1,48.0,188.1,0.0,0.0,0.0,0.0,0.0,0.0,0.0,0.0,0.0,0.0,0.0,0.0,0.0,0.0,0.0,0.0,0.0,0.0,6247.7,6247.7,4091.9,4091.9,0.0,0.0,0.0,0.0,0.0,435.2,0.0,0.0,0.0,0.0,0.0,0.0,0.0,3626.6,30.1,0.0
2050-03-29 16:00:00,2050-03-29 14:00:00,1690.5,2456.1,0.0,0.0,4146.6,1636.3,-0.0,0.0,0.0,0.0321,0.0442,upv,upv,0.0,0.0,0.0,0.0,0.0,0.0,0.0,0.0,0.0,0.0,0.0,0.0,0.0,0.0,0.0,0.0,0.0,0.0,140.0,2.6,0.26,16.5,1055.2,0.06,140.1,48.0,188.1,0.0,0.0,0.0,0.0,0.0,0.0,0.0,0.0,0.0,0.0,0.0,0.0,0.0,0.0,0.0,0.0,0.0,0.0,6208.4,6208.4,4146.6,4146.6,0.0,0.0,0.0,0.0,0.0,435.2,0.0,0.0,0.0,0.0,0.0,0.0,0.0,3665.9,45.5,0.0
2050-03-29 17:00:00,2050-03-29 15:00:00,1781.1,2461.0,0.0,0.0,4242.0,1722.7,0.0,0.0,0.0,0.0328,0.0466,upv,upv,0.0,0.0,0.0,0.0,0.0,0.0,0.0,0.0,0.0,0.0,0.0,0.0,0.0,0.0,0.0,0.0,0.0,0.0,140.1,2.6,0.27,16.5,1056.0,0.06,140.2,48.0,188.3,0.0,0.0,0.0,0.0,0.0,0.0,0.0,0.0,0.0,0.0,0.0,0.0,0.0,0.0,0.0,0.0,0.0,0.0,6104.9,6104.9,4242.0,4242.0,0.0,0.0,0.0,0.0,0.0,434.5,0.0,0.0,0.0,0.0,0.0,0.0,0.0,3756.5,51.1,0.0
2050-03-29 18:00:00,2050-03-29 16:00:00,1884.2,2431.9,0.0,0.0,4316.1,1820.9,0.0,0.0,0.0,0.0336,0.0493,upv,upv,0.0,0.0,0.0,0.0,0.0,0.0,0.0,0.0,0.0,0.0,0.0,0.0,0.0,0.0,0.0,0.0,0.0,0.0,140.2,2.6,0.27,16.6,1056.9,0.06,140.3,48.1,188.4,0.0,0.0,0.0,0.0,0.0,0.0,0.0,0.0,0.0,0.0,0.0,0.0,0.0,0.0,0.0,0.0,0.0,0.0,4681.6,4681.6,4316.1,4316.1,0.0,0.0,0.0,0.0,0.0,377.1,0.0,0.0,0.0,0.0,0.0,0.0,0.0,3880.8,58.1,0.0
2050-03-29 19:00:00,2050-03-29 17:00:00,1974.7,0.0,0.0,11.0,1985.8,1906.9,-1095.1,149.5,1338.6,0.0344,0.0516,battery,gas-cc,0.0,0.0,0.0,0.0,0.0,0.0,0.0,0.0,0.0,0.0,0.0,0.0,0.0,0.0,0.0,0.0,0.0,0.0,142.2,2.7,0.27,16.8,1072.1,0.06,142.4,48.8,191.1,380.5,7.2,0.72,44.9,2871.3,0.16,380.9,130.6,511.5,16.18,0.0,0.0,16.18,17.06,0.0,0.0,17.06,0.0,0.0,0.0,3174.9,3080.9,94.0,0.0,0.0,0.0,0.0,126.9,0.0,0.0,0.0,0.0,0.0,0.0,0.0,2880.5,73.4,0.0
2050-03-29 20:00:00,2050-03-29 18:00:00,2067.4,0.0,0.0,10.7,2078.0,1994.6,1955.0,0.0,1640.0,0.0352,0.0541,battery,gas-cc,0.0,0.0,0.0,0.0,0.0,0.0,0.0,0.0,0.0,0.0,0.0,0.0,0.0,0.0,0.0,0.0,0.0,0.0,143.3,2.7,0.27,16.9,1080.4,0.06,143.5,49.1,192.6,350.9,6.6,0.66,41.4,2647.6,0.15,351.2,120.4,471.6,16.18,0.0,0.0,16.18,17.1,0.0,0.0,17.1,0.0,0.0,0.0,3718.0,123.0,3595.0,0.0,0.0,0.0,0.0,0.0,0.0,0.0,0.0,0.0,0.0,0.0,0.0,0.0,123.0,0.0
2050-03-29 21:00:00,2050-03-29 19:00:00,2118.9,0.0,0.0,6.9,2125.9,2043.4,2020.9,278.4,400.6,0.0357,0.0554,battery,gas-cc,0.0,0.0,0.0,0.0,0.0,0.0,0.0,0.0,0.0,0.0,0.0,0.0,0.0,0.0,0.0,0.0,0.0,0.0,155.5,2.9,0.29,18.4,1172.5,0.07,155.7,53.3,209.0,357.6,6.7,0.67,42.2,2698.8,0.16,358.0,122.7,480.7,16.18,0.0,0.0,16.18,17.13,0.0,0.0,17.13,0.0,0.0,0.0,2248.1,105.0,2143.1,0.0,0.0,0.0,0.0,0.0,0.0,0.0,0.0,0.0,0.0,0.0,0.0,0.0,105.0,0.0
2050-03-29 22:00:00,2050-03-29 20:00:00,2010.5,0.0,0.0,12.0,2022.5,1940.8,1938.7,367.7,961.8,0.0347,0.0526,battery,wind-ons,0.0,0.0,0.0,0.0,0.0,0.0,0.0,0.0,0.0,0.0,0.0,0.0,0.0,0.0,0.0,0.0,0.0,0.0,143.3,2.7,0.27,16.9,1080.2,0.06,143.4,49.1,192.6,0.0,0.0,0.0,0.0,0.0,0.0,0.0,0.0,0.0,16.18,0.0,0.0,16.18,17.08,0.0,0.0,17.08,0.0,0.0,0.0,2616.5,83.8,2532.7,0.0,0.0,0.0,0.0,0.0,0.0,0.0,0.0,0.0,0.0,0.0,0.0,0.0,83.8,0.0
2050-03-29 23:00:00,2050-03-29 21:00:00,1855.8,0.0,0.0,17.6,1873.4,1793.9,1816.7,445.3,1640.0,0.0334,0.0485,battery,gas-cc,0.0,0.0,0.0,0.0,0.0,0.0,0.0,0.0,0.0,0.0,0.0,0.0,0.0,0.0,0.0,0.0,0.0,0.0,145.6,2.7,0.28,17.2,1097.4,0.06,145.7,49.9,195.6,336.8,6.3,0.63,39.8,2541.3,0.15,337.1,115.6,452.7,16.18,0.0,0.0,16.18,17.0,0.0,0.0,17.0,0.0,0.0,0.0,3068.0,56.7,3011.3,0.0,0.0,0.0,0.0,0.0,0.0,0.0,0.0,0.0,0.0,0.0,0.0,0.0,56.7,0.0
2050-03-30 00:00:00,2050-03-29 22:00:00,1683.2,0.0,0.0,4.5,1687.6,1629.3,1652.7,0.0,685.2,0.032,0.044,battery,gas-cc,0.0,0.0,0.0,0.0,0.0,0.0,0.0,0.0,0.0,0.0,0.0,0.0,0.0,0.0,0.0,0.0,0.0,0.0,143.4,2.7,0.27,16.9,1080.8,0.06,143.5,49.2,192.7,368.0,6.9,0.69,43.5,2776.9,0.16,368.4,126.3,494.6,15.73,0.0,0.0,15.73,16.45,0.0,0.0,16.45,0.0,0.0,0.0,2372.8,34.9,2337.9,0.0,0.0,0.0,0.0,0.0,0.0,0.0,0.0,0.0,0.0,0.0,0.0,0.0,34.9,0.0
2050-03-30 01:00:00,2050-03-29 23:00:00,1505.3,0.0,0.0,6.7,1512.0,1458.8,1480.5,123.4,741.0,0.0309,0.0394,battery,gas-cc,0.0,0.0,0.0,0.0,0.0,0.0,0.0,0.0,0.0,0.0,0.0,0.0,0.0,0.0,0.0,0.0,0.0,0.0,143.3,2.7,0.27,16.9,1080.4,0.06,143.5,49.1,192.6,375.6,7.1,0.71,44.4,2834.6,0.16,376.0,128.9,504.9,15.73,0.0,0.0,15.73,16.37,0.0,0.0,16.37,0.0,0.0,0.0,2129.6,31.4,2098.1,0.0,0.0,0.0,0.0,0.0,0.0,0.0,0.0,0.0,0.0,0.0,0.0,0.0,31.4,0.0
2050-03-30 02:00:00,2050-03-30 00:00:00,1355.8,0.0,0.0,7.6,1363.4,1314.9,1345.8,0.0,1175.3,0.0302,0.0355,battery,gas-cc,0.0,0.0,0.0,0.0,0.0,0.0,0.0,0.0,0.0,0.0,0.0,0.0,0.0,0.0,0.0,0.0,0.0,0.0,143.1,2.7,0.27,16.9,1079.2,0.06,143.3,49.1,192.4,350.2,6.6,0.66,41.4,2642.9,0.15,350.6,120.2,470.8,15.73,0.0,0.0,15.73,16.3,0.0,0.0,16.3,0.0,0.0,0.0,2538.7,17.6,2521.1,0.0,0.0,0.0,0.0,0.0,0.0,0.0,0.0,0.0,0.0,0.0,0.0,0.0,17.6,0.0
2050-03-30 03:00:00,2050-03-30 01:00:00,1250.5,0.0,0.0,7.9,1258.4,1213.2,1249.8,0.0,1211.2,0.0298,0.0327,battery,gas-cc,0.0,0.0,0.0,0.0,0.0,0.0,0.0,0.0,0.0,0.0,0.0,0.0,0.0,0.0,0.0,0.0,0.0,0.0,149.8,2.8,0.28,17.7,1129.2,0.07,149.9,51.4,201.3,349.2,6.6,0.66,41.3,2635.4,0.15,349.6,119.8,469.4,15.73,0.0,0.0,15.73,16.26,0.0,0.0,16.26,0.0,0.0,0.0,2469.6,8.6,2461.0,0.0,0.0,0.0,0.0,0.0,0.0,0.0,0.0,0.0,0.0,0.0,0.0,0.0,8.6,0.0
2050-03-30 04:00:00,2050-03-30 02:00:00,1193.7,0.0,0.0,3.7,1197.4,1158.2,1193.2,0.0,573.8,0.0297,0.0312,battery,gas-cc,0.0,0.0,0.0,0.0,0.0,0.0,0.0,0.0,0.0,0.0,0.0,0.0,0.0,0.0,0.0,0.0,0.0,0.0,142.6,2.7,0.27,16.9,1075.4,0.06,142.8,48.9,191.7,348.7,6.6,0.66,41.2,2631.4,0.15,349.1,119.6,468.7,15.73,0.0,0.0,15.73,16.23,0.0,0.0,16.23,0.0,0.0,0.0,1771.2,4.2,1766.9,0.0,0.0,0.0,0.0,0.0,0.0,0.0,0.0,0.0,0.0,0.0,0.0,0.0,4.2,0.0
2050-03-30 05:00:00,2050-03-30 03:00:00,1156.8,0.0,0.0,1.9,1158.7,1122.5,1155.2,0.0,292.5,0.0297,0.0303,battery,gas-cc,0.0,0.0,0.0,0.0,0.0,0.0,0.0,0.0,0.0,0.0,0.0,0.0,0.0,0.0,0.0,0.0,0.0,0.0,143.1,2.7,0.27,16.9,1078.6,0.06,143.2,49.1,192.3,348.4,6.6,0.66,41.2,2628.8,0.15,348.7,119.5,468.3,15.73,0.0,0.0,15.73,16.22,0.0,0.0,16.22,0.0,0.0,0.0,1451.3,3.6,1447.7,0.0,0.0,0.0,0.0,0.0,0.0,0.0,0.0,0.0,0.0,0.0,0.0,0.0,3.6,0.0
2050-03-30 06:00:00,2050-03-30 04:00:00,1162.1,0.0,0.0,0.7,1162.8,1127.6,1160.1,0.0,102.8,0.0297,0.0304,battery,gas-cc,0.0,0.0,0.0,0.0,0.0,0.0,0.0,0.0,0.0,0.0,0.0,0.0,0.0,0.0,0.0,0.0,0.0,0.0,142.6,2.7,0.27,16.8,1075.2,0.06,142.8,48.9,191.7,348.4,6.6,0.66,41.2,2629.1,0.15,348.8,119.5,468.3,15.73,0.0,0.0,15.73,16.22,0.0,0.0,16.22,0.0,0.0,0.0,1265.6,2.6,1263.0,0.0,0.0,0.0,0.0,0.0,0.0,0.0,0.0,0.0,0.0,0.0,0.0,0.0,2.6,0.0
2050-03-30 07:00:00,2050-03-30 05:00:00,1222.1,0.0,0.0,0.0,1222.1,1185.7,1219.2,0.0,0.5,0.0298,0.032,battery,gas-cc,0.0,0.0,0.0,0.0,0.0,0.0,0.0,0.0,0.0,0.0,0.0,0.0,0.0,0.0,0.0,0.0,0.0,0.0,162.8,3.1,0.31,19.2,1227.4,0.07,163.0,55.8,218.8,349.0,6.6,0.66,41.2,2633.4,0.15,349.3,119.7,469.1,15.73,0.0,0.0,15.73,16.25,0.0,0.0,16.25,0.0,0.0,0.0,1222.6,2.9,1219.7,0.0,0.0,0.0,0.0,0.0,0.0,0.0,0.0,0.0,0.0,0.0,0.0,0.0,2.9,0.0
2050-03-30 08:00:00,2050-03-30 06:00:00,1337.9,0.0,0.0,5.9,1343.8,1297.6,-901.5,0.0,901.5,0.0301,0.035,wind-ons,wind-ons,0.0,0.0,0.0,0.0,0.0,0.0,0.0,0.0,0.0,0.0,0.0,0.0,0.0,0.0,0.0,0.0,0.0,0.0,139.7,2.6,0.26,16.5,1053.1,0.06,139.8,47.9,187.7,0.0,0.0,0.0,0.0,0.0,0.0,0.0,0.0,0.0,0.02,0.0,0.0,0.02,0.02,0.0,0.0,0.02,0.0,0.0,0.0,2245.3,2245.3,0.0,0.0,0.0,0.0,0.0,94.7,0.0,0.0,0.0,0.0,0.0,0.0,0.0,2150.3,0.2,0.0
2050-03-30 09:00:00,2050-03-30 07:00:00,1494.7,2965.4,0.0,0.0,4460.1,1448.7,0.0,0.0,0.0,0.0308,0.0391,upv,upv,0.0,0.0,0.0,0.0,0.0,0.0,0.0,0.0,0.0,0.0,0.0,0.0,0.0,0.0,0.0,0.0,0.0,0.0,139.8,2.6,0.26,16.5,1053.9,0.06,139.9,47.9,187.9,0.0,0.0,0.0,0.0,0.0,0.0,0.0,0.0,0.0,0.0,0.0,0.0,0.0,0.0,0.0,0.0,0.0,0.0,4392.5,4392.5,4460.1,4460.1,0.0,0.0,0.0,0.0,0.0,0.0,0.0,0.0,0.0,0.0,0.0,0.0,0.0,4459.5,0.6,0.0
2050-03-30 10:00:00,2050-03-30 08:00:00,1638.9,4019.6,0.0,0.0,5658.5,1587.0,0.0,0.0,0.0,0.0317,0.0429,upv,upv,0.0,0.0,0.0,0.0,0.0,0.0,0.0,0.0,0.0,0.0,0.0,0.0,0.0,0.0,0.0,0.0,0.0,0.0,139.9,2.6,0.26,16.5,1054.8,0.06,140.1,48.0,188.1,0.0,0.0,0.0,0.0,0.0,0.0,0.0,0.0,0.0,0.0,0.0,0.0,0.0,0.0,0.0,0.0,0.0,0.0,4529.3,4529.3,5658.5,5658.5,0.0,0.0,0.0,0.0,0.0,0.0,0.0,0.0,0.0,0.0,0.0,0.0,0.0,5658.5,0.0,0.0
2050-03-30 11:00:00,2050-03-30 09:00:00,1662.1,4019.6,0.0,0.0,5681.7,1609.1,0.0,0.0,0.0,0.0319,0.0435,upv,upv,0.0,0.0,0.0,0.0,0.0,0.0,0.0,0.0,0.0,0.0,0.0,0.0,0.0,0.0,0.0,0.0,0.0,0.0,139.9,2.6,0.26,16.5,1055.0,0.06,140.1,48.0,188.1,0.0,0.0,0.0,0.0,0.0,0.0,0.0,0.0,0.0,0.0,0.0,0.0,0.0,0.0,0.0,0.0,0.0,0.4,4607.4,4607.8,5681.7,5681.7,0.0,0.0,0.0,0.0,0.0,434.1,0.0,0.0,0.0,0.0,0.0,0.0,0.0,5247.5,0.0,0.0
2050-03-30 12:00:00,2050-03-30 10:00:00,1654.7,2431.9,0.0,0.0,4086.6,1602.1,0.0,0.0,0.0,0.0318,0.0433,upv,upv,0.0,0.0,0.0,0.0,0.0,0.0,0.0,0.0,0.0,0.0,0.0,0.0,0.0,0.0,0.0,0.0,0.0,0.0,139.9,2.6,0.26,16.5,1055.0,0.06,140.1,48.0,188.1,0.0,0.0,0.0,0.0,0.0,0.0,0.0,0.0,0.0,0.0,0.0,0.0,0.0,0.0,0.0,0.0,0.0,5.0,6222.9,6227.9,4086.6,4086.6,0.0,0.0,0.0,0.0,0.0,435.2,0.0,0.0,0.0,0.0,0.0,0.0,0.0,3651.4,0.0,0.0
2050-03-30 13:00:00,2050-03-30 11:00:00,1644.2,4019.6,0.0,0.0,5663.8,1592.0,0.0,0.0,0.0,0.0318,0.043,upv,upv,0.0,0.0,0.0,0.0,0.0,0.0,0.0,0.0,0.0,0.0,0.0,0.0,0.0,0.0,0.0,0.0,0.0,0.0,139.9,2.6,0.26,16.5,1054.9,0.06,140.1,48.0,188.1,0.0,0.0,0.0,0.0,0.0,0.0,0.0,0.0,0.0,0.0,0.0,0.0,0.0,0.0,0.0,0.0,0.0,28.8,4645.8,4674.6,5663.8,5663.8,0.0,0.0,0.0,0.0,0.0,435.2,0.0,0.0,0.0,0.0,0.0,0.0,0.0,5228.6,0.0,0.0
2050-03-30 14:00:00,2050-03-30 12:00:00,1656.8,2431.9,0.0,0.0,4088.7,1604.1,0.0,0.0,0.0,0.0318,0.0433,upv,upv,0.0,0.0,0.0,0.0,0.0,0.0,0.0,0.0,0.0,0.0,0.0,0.0,0.0,0.0,0.0,0.0,0.0,0.0,139.9,2.6,0.26,16.5,1055.0,0.06,140.1,48.0,188.1,0.0,0.0,0.0,0.0,0.0,0.0,0.0,0.0,0.0,0.0,0.0,0.0,0.0,0.0,0.0,0.0,0.0,0.0,6298.4,6298.4,4088.7,4088.7,0.0,0.0,0.0,0.0,0.0,435.2,0.0,0.0,0.0,0.0,0.0,0.0,0.0,3575.9,77.6,0.0
2050-03-30 15:00:00,2050-03-30 13:00:00,1698.9,2431.9,0.0,0.0,4130.8,1644.3,-0.0,0.0,0.0,0.0321,0.0444,upv,upv,0.0,0.0,0.0,0.0,0.0,0.0,0.0,0.0,0.0,0.0,0.0,0.0,0.0,0.0,0.0,0.0,0.0,0.0,140.0,2.6,0.26,16.5,1055.3,0.06,140.1,48.0,188.1,0.0,0.0,0.0,0.0,0.0,0.0,0.0,0.0,0.0,0.0,0.0,0.0,0.0,0.0,0.0,0.0,0.0,64.5,6178.7,6243.2,4130.8,4130.8,0.0,0.0,0.0,0.0,0.0,435.2,0.0,0.0,0.0,0.0,0.0,0.0,0.0,3695.6,0.0,0.0
2050-03-30 16:00:00,2050-03-30 14:00:00,1742.1,4014.7,0.0,0.0,5756.8,1685.6,-0.0,0.0,0.0,0.0325,0.0456,upv,upv,0.0,0.0,0.0,0.0,0.0,0.0,0.0,0.0,0.0,0.0,0.0,0.0,0.0,0.0,0.0,0.0,0.0,0.0,140.0,2.6,0.27,16.5,1055.6,0.06,140.2,48.0,188.2,0.0,0.0,0.0,0.0,0.0,0.0,0.0,0.0,0.0,0.0,0.0,0.0,0.0,0.0,0.0,0.0,0.0,71.6,4546.0,4617.6,5756.8,5756.8,0.0,0.0,0.0,0.0,0.0,434.9,0.0,0.0,0.0,0.0,0.0,0.0,0.0,5321.9,0.0,0.0
2050-03-30 17:00:00,2050-03-30 15:00:00,1825.3,2431.9,0.0,0.0,4257.2,1764.8,0.0,0.0,0.0,0.0331,0.0477,upv,upv,0.0,0.0,0.0,0.0,0.0,0.0,0.0,0.0,0.0,0.0,0.0,0.0,0.0,0.0,0.0,0.0,0.0,0.0,140.1,2.6,0.27,16.6,1056.4,0.06,140.3,48.1,188.3,0.0,0.0,0.0,0.0,0.0,0.0,0.0,0.0,0.0,0.0,0.0,0.0,0.0,0.0,0.0,0.0,0.0,75.3,5964.4,6039.7,4257.2,4257.2,0.0,0.0,0.0,0.0,0.0,431.3,0.0,0.0,0.0,0.0,0.0,0.0,0.0,3825.9,0.0,0.0
2050-03-30 18:00:00,2050-03-30 16:00:00,1917.9,2400.1,0.0,0.0,4318.0,1852.9,0.0,0.0,0.0,0.0339,0.0502,upv,upv,0.0,0.0,0.0,0.0,0.0,0.0,0.0,0.0,0.0,0.0,0.0,0.0,0.0,0.0,0.0,0.0,0.0,0.0,140.2,2.6,0.27,16.6,1057.2,0.06,140.4,48.1,188.5,0.0,0.0,0.0,0.0,0.0,0.0,0.0,0.0,0.0,0.0,0.0,0.0,0.0,0.0,0.0,0.0,0.0,80.5,4378.9,4459.4,4318.0,4318.0,0.0,0.0,0.0,0.0,0.0,367.0,0.0,0.0,0.0,0.0,0.0,0.0,0.0,3951.0,0.0,0.0
2050-03-30 19:00:00,2050-03-30 17:00:00,1984.2,0.0,0.0,7.0,1991.2,1915.9,-980.7,0.0,1074.7,0.0344,0.0519,battery,gas-cc,0.0,0.0,0.0,0.0,0.0,0.0,0.0,0.0,0.0,0.0,0.0,0.0,0.0,0.0,0.0,0.0,0.0,0.0,142.1,2.7,0.27,16.8,1071.1,0.06,142.2,48.7,191.0,296.5,5.6,0.56,35.0,2237.7,0.13,296.9,101.7,398.6,15.73,0.0,0.0,15.73,16.59,0.0,0.0,16.59,0.0,0.0,0.0,3065.9,2971.8,94.0,0.0,0.0,0.0,0.0,121.3,0.0,0.0,0.0,0.0,0.0,0.0,0.0,2754.5,96.0,0.0
2050-03-30 20:00:00,2050-03-30 18:00:00,2077.9,0.0,0.0,9.1,2087.0,2004.6,1968.2,0.0,1397.5,0.0353,0.0543,hydro,hydro,0.0,0.0,0.0,0.0,0.0,0.0,0.0,0.0,0.0,0.0,0.0,0.0,0.0,0.0,0.0,0.0,0.0,0.0,143.8,2.7,0.27,17.0,1084.2,0.06,144.0,49.3,193.3,0.0,0.0,0.0,0.0,0.0,0.0,0.0,0.0,0.0,15.73,0.0,0.0,15.73,16.63,0.0,0.0,16.63,0.0,0.0,0.0,3484.5,118.8,3365.7,0.0,0.0,0.0,0.0,0.0,0.0,0.0,0.0,0.0,0.0,0.0,0.0,0.0,118.8,0.0
2050-03-30 21:00:00,2050-03-30 19:00:00,2124.2,0.0,0.0,3.9,2128.1,2048.3,2025.9,0.0,600.8,0.0357,0.0556,battery,gas-cc,0.0,0.0,0.0,0.0,0.0,0.0,0.0,0.0,0.0,0.0,0.0,0.0,0.0,0.0,0.0,0.0,0.0,0.0,148.8,2.8,0.28,17.6,1121.6,0.06,148.9,51.0,199.9,297.7,5.6,0.56,35.2,2246.4,0.13,298.0,102.1,400.1,15.73,0.0,0.0,15.73,16.65,0.0,0.0,16.65,0.0,0.0,0.0,2728.9,102.2,2626.7,0.0,0.0,0.0,0.0,0.0,0.0,0.0,0.0,0.0,0.0,0.0,0.0,0.0,102.2,0.0
2050-03-30 22:00:00,2050-03-30 20:00:00,2015.8,0.0,0.0,8.4,2024.2,1945.8,1952.5,0.0,1287.8,0.0347,0.0527,battery,gas-cc,0.0,0.0,0.0,0.0,0.0,0.0,0.0,0.0,0.0,0.0,0.0,0.0,0.0,0.0,0.0,0.0,0.0,0.0,143.8,2.7,0.27,17.0,1084.2,0.06,144.0,49.3,193.3,371.2,7.0,0.7,43.8,2800.9,0.16,371.6,127.4,498.9,15.73,0.0,0.0,15.73,16.6,0.0,0.0,16.6,0.0,0.0,0.0,3312.0,71.7,3240.3,0.0,0.0,0.0,0.0,0.0,0.0,0.0,0.0,0.0,0.0,0.0,0.0,0.0,71.7,0.0
2050-03-30 23:00:00,2050-03-30 21:00:00,1857.9,0.0,0.0,9.9,1867.8,1795.9,1817.7,0.0,1523.4,0.0334,0.0486,battery,gas-cc,0.0,0.0,0.0,0.0,0.0,0.0,0.0,0.0,0.0,0.0,0.0,0.0,0.0,0.0,0.0,0.0,0.0,0.0,147.0,2.8,0.28,17.4,1108.3,0.06,147.2,50.4,197.6,369.8,7.0,0.7,43.7,2790.2,0.16,370.2,126.9,497.0,15.73,0.0,0.0,15.73,16.53,0.0,0.0,16.53,0.0,0.0,0.0,3391.2,50.1,3341.1,0.0,0.0,0.0,0.0,0.0,0.0,0.0,0.0,0.0,0.0,0.0,0.0,0.0,50.1,0.0
2050-03-31 00:00:00,2050-03-30 22:00:00,1704.2,0.0,0.0,0.5,1704.7,1649.4,1666.7,0.0,77.2,0.0322,0.0446,battery,gas-cc,0.0,0.0,0.0,0.0,0.0,0.0,0.0,0.0,0.0,0.0,0.0,0.0,0.0,0.0,0.0,0.0,0.0,0.0,149.9,2.8,0.28,17.7,1130.2,0.07,150.1,51.4,201.5,368.2,6.9,0.69,43.5,2778.5,0.16,368.6,126.3,494.9,21.04,0.0,0.0,21.04,22.02,0.0,0.0,22.02,0.0,0.0,0.0,1781.9,38.0,1743.9,0.0,0.0,0.0,0.0,0.0,0.0,0.0,0.0,0.0,0.0,0.0,0.0,0.0,38.0,0.0
2050-03-31 01:00:00,2050-03-30 23:00:00,1521.1,0.0,0.0,9.2,1530.3,1473.9,1503.0,0.0,1419.4,0.031,0.0398,battery,gas-cc,0.0,0.0,0.0,0.0,0.0,0.0,0.0,0.0,0.0,0.0,0.0,0.0,0.0,0.0,0.0,0.0,0.0,0.0,142.6,2.7,0.27,16.8,1074.8,0.06,142.7,48.9,191.6,375.8,7.1,0.71,44.4,2835.8,0.16,376.2,128.9,505.1,21.04,0.0,0.0,21.04,21.91,0.0,0.0,21.91,0.0,0.0,0.0,2949.7,27.3,2922.4,0.0,0.0,0.0,0.0,0.0,0.0,0.0,0.0,0.0,0.0,0.0,0.0,0.0,27.3,0.0
2050-03-31 02:00:00,2050-03-31 00:00:00,1368.4,0.0,0.0,1.6,1370.0,1327.1,1348.7,0.0,241.2,0.0302,0.0358,battery,gas-cc,0.0,0.0,0.0,0.0,0.0,0.0,0.0,0.0,0.0,0.0,0.0,0.0,0.0,0.0,0.0,0.0,0.0,0.0,143.2,2.7,0.27,16.9,1079.6,0.06,143.3,49.1,192.5,364.8,6.9,0.69,43.1,2753.2,0.16,365.2,125.2,490.4,21.04,0.0,0.0,21.04,21.82,0.0,0.0,21.82,0.0,0.0,0.0,1611.2,21.3,1589.9,0.0,0.0,0.0,0.0,0.0,0.0,0.0,0.0,0.0,0.0,0.0,0.0,0.0,21.3,0.0
2050-03-31 03:00:00,2050-03-31 01:00:00,1275.8,0.0,0.0,0.0,1275.8,1237.6,1252.5,0.0,0.0,0.0299,0.0334,battery,gas-cc,0.0,0.0,0.0,0.0,0.0,0.0,0.0,0.0,0.0,0.0,0.0,0.0,0.0,0.0,0.0,0.0,0.0,0.0,143.5,2.7,0.27,17.0,1081.7,0.06,143.6,49.2,192.8,331.5,6.2,0.62,39.2,2501.5,0.14,331.8,113.7,445.6,21.04,0.0,0.0,21.04,21.76,0.0,0.0,21.76,0.0,0.0,0.0,1275.8,23.3,1252.5,0.0,0.0,0.0,0.0,0.0,0.0,0.0,0.0,0.0,0.0,0.0,0.0,0.0,23.3,0.0
2050-03-31 04:00:00,2050-03-31 02:00:00,1206.3,0.0,0.0,0.4,1206.7,1170.4,1188.9,0.0,56.0,0.0297,0.0315,battery,gas-cc,0.0,0.0,0.0,0.0,0.0,0.0,0.0,0.0,0.0,0.0,0.0,0.0,0.0,0.0,0.0,0.0,0.0,0.0,142.8,2.7,0.27,16.9,1076.7,0.06,143.0,49.0,191.9,363.1,6.8,0.68,42.9,2739.7,0.16,363.4,124.6,488.0,21.04,0.0,0.0,21.04,21.72,0.0,0.0,21.72,0.0,0.0,0.0,1262.6,17.8,1244.9,0.0,0.0,0.0,0.0,0.0,0.0,0.0,0.0,0.0,0.0,0.0,0.0,0.0,17.8,0.0
2050-03-31 05:00:00,2050-03-31 03:00:00,1162.1,0.0,0.0,0.0,1162.1,1127.6,1153.8,0.0,0.0,0.0297,0.0304,battery,gas-cc,0.0,0.0,0.0,0.0,0.0,0.0,0.0,0.0,0.0,0.0,0.0,0.0,0.0,0.0,0.0,0.0,0.0,0.0,146.0,2.8,0.28,17.2,1100.8,0.06,146.2,50.1,196.2,330.5,6.2,0.62,39.0,2493.8,0.14,330.8,113.4,444.2,21.04,0.0,0.0,21.04,21.7,0.0,0.0,21.7,0.0,0.0,0.0,1162.1,8.3,1153.8,0.0,0.0,0.0,0.0,0.0,0.0,0.0,0.0,0.0,0.0,0.0,0.0,0.0,8.3,0.0
2050-03-31 06:00:00,2050-03-31 04:00:00,1172.6,0.0,0.0,8.0,1180.7,1137.8,1175.1,0.0,1236.0,0.0297,0.0307,battery,gas-cc,0.0,0.0,0.0,0.0,0.0,0.0,0.0,0.0,0.0,0.0,0.0,0.0,0.0,0.0,0.0,0.0,0.0,0.0,141.6,2.7,0.27,16.7,1067.4,0.06,141.7,48.6,190.3,399.2,7.5,0.75,47.2,3012.5,0.17,399.6,137.0,536.6,21.04,0.0,0.0,21.04,21.7,0.0,0.0,21.7,0.0,0.0,0.0,2416.7,5.6,2411.1,0.0,0.0,0.0,0.0,0.0,0.0,0.0,0.0,0.0,0.0,0.0,0.0,0.0,5.6,0.0
2050-03-31 07:00:00,2050-03-31 05:00:00,1231.6,0.0,0.0,1.8,1233.4,1194.9,1227.3,0.0,278.0,0.0298,0.0322,battery,gas-cc,0.0,0.0,0.0,0.0,0.0,0.0,0.0,0.0,0.0,0.0,0.0,0.0,0.0,0.0,0.0,0.0,0.0,0.0,142.8,2.7,0.27,16.9,1076.3,0.06,142.9,49.0,191.9,372.9,7.0,0.7,44.0,2813.6,0.16,373.3,127.9,501.2,21.04,0.0,0.0,21.04,21.74,0.0,0.0,21.74,0.0,0.0,0.0,1511.4,6.1,1505.3,0.0,0.0,0.0,0.0,0.0,0.0,0.0,0.0,0.0,0.0,0.0,0.0,0.0,6.1,0.0
2050-03-31 08:00:00,2050-03-31 06:00:00,1334.7,0.0,0.0,8.7,1343.5,1294.6,-1346.1,0.0,1346.1,0.0301,0.0349,battery,upv,0.0,0.0,0.0,0.0,0.0,0.0,0.0,0.0,0.0,0.0,0.0,0.0,0.0,0.0,0.0,0.0,0.0,0.0,139.8,2.6,0.26,16.5,1054.0,0.06,140.0,47.9,187.9,0.0,0.0,0.0,0.0,0.0,0.0,0.0,0.0,0.0,4.9,0.0,0.0,4.9,5.08,0.0,0.0,5.08,0.0,0.0,0.0,2689.6,2689.6,0.0,0.0,0.0,0.0,0.0,113.2,0.0,0.0,0.0,0.0,0.0,0.0,0.0,2570.4,6.0,0.0
2050-03-31 09:00:00,2050-03-31 07:00:00,1484.2,3795.7,0.0,0.0,5279.9,1438.5,0.0,0.0,0.0,0.0308,0.0388,upv,upv,0.0,0.0,0.0,0.0,0.0,0.0,0.0,0.0,0.0,0.0,0.0,0.0,0.0,0.0,0.0,0.0,0.0,0.0,139.8,2.6,0.26,16.5,1053.8,0.06,139.9,47.9,187.9,0.0,0.0,0.0,0.0,0.0,0.0,0.0,0.0,0.0,0.0,0.0,0.0,0.0,0.0,0.0,0.0,0.0,5.1,3450.7,3455.9,5279.9,5279.9,0.0,0.0,0.0,0.0,0.0,0.0,0.0,0.0,0.0,0.0,0.0,0.0,0.0,5279.9,0.0,0.0
2050-03-31 10:00:00,2050-03-31 08:00:00,1631.6,2431.9,0.0,0.0,4063.5,1579.9,0.0,0.0,0.0,0.0317,0.0427,upv,upv,0.0,0.0,0.0,0.0,0.0,0.0,0.0,0.0,0.0,0.0,0.0,0.0,0.0,0.0,0.0,0.0,0.0,0.0,139.9,2.6,0.26,16.5,1054.8,0.06,140.1,48.0,188.0,0.0,0.0,0.0,0.0,0.0,0.0,0.0,0.0,0.0,0.0,0.0,0.0,0.0,0.0,0.0,0.0,0.0,1.1,5794.0,5795.1,4063.5,4063.5,0.0,0.0,0.0,0.0,0.0,0.0,0.0,0.0,0.0,0.0,0.0,0.0,0.0,4063.5,0.0,0.0
2050-03-31 11:00:00,2050-03-31 09:00:00,1670.5,2461.0,0.0,0.0,4131.5,1617.2,0.0,0.0,0.0,0.0319,0.0437,upv,upv,0.0,0.0,0.0,0.0,0.0,0.0,0.0,0.0,0.0,0.0,0.0,0.0,0.0,0.0,0.0,0.0,0.0,0.0,140.0,2.6,0.26,16.5,1055.1,0.06,140.1,48.0,188.1,0.0,0.0,0.0,0.0,0.0,0.0,0.0,0.0,0.0,0.0,0.0,0.0,0.0,0.0,0.0,0.0,0.0,0.0,5685.4,5685.4,4131.5,4131.5,0.0,0.0,0.0,0.0,0.0,414.3,0.0,0.0,0.0,0.0,0.0,0.0,0.0,3717.2,0.0,0.0
2050-03-31 12:00:00,2050-03-31 10:00:00,1670.5,3824.8,0.0,0.0,5495.3,1617.2,0.0,0.0,0.0,0.0319,0.0437,upv,upv,0.0,0.0,0.0,0.0,0.0,0.0,0.0,0.0,0.0,0.0,0.0,0.0,0.0,0.0,0.0,0.0,0.0,0.0,140.0,2.6,0.26,16.5,1055.1,0.06,140.1,48.0,188.1,0.0,0.0,0.0,0.0,0.0,0.0,0.0,0.0,0.0,0.0,0.0,0.0,0.0,0.0,0.0,0.0,0.0,0.1,4058.4,4058.4,5495.3,5495.3,0.0,0.0,0.0,0.0,0.0,0.0,0.0,0.0,0.0,0.0,0.0,0.0,0.0,5495.3,0.0,0.0
2050-03-31 13:00:00,2050-03-31 11:00:00,1667.4,4019.6,0.0,0.0,5686.9,1614.2,0.0,0.0,0.0,0.0319,0.0436,upv,upv,0.0,0.0,0.0,0.0,0.0,0.0,0.0,0.0,0.0,0.0,0.0,0.0,0.0,0.0,0.0,0.0,0.0,0.0,139.9,2.6,0.26,16.5,1055.1,0.06,140.1,48.0,188.1,0.0,0.0,0.0,0.0,0.0,0.0,0.0,0.0,0.0,0.0,0.0,0.0,0.0,0.0,0.0,0.0,0.0,0.5,4008.5,4009.1,5686.9,5686.9,0.0,0.0,0.0,0.0,0.0,409.2,0.0,0.0,0.0,0.0,0.0,0.0,0.0,5277.7,0.0,0.0
2050-03-31 14:00:00,2050-03-31 12:00:00,1690.5,3824.8,0.0,0.0,5515.3,1636.3,0.0,0.0,0.0,0.0321,0.0442,upv,upv,0.0,0.0,0.0,0.0,0.0,0.0,0.0,0.0,0.0,0.0,0.0,0.0,0.0,0.0,0.0,0.0,0.0,0.0,140.0,2.6,0.26,16.5,1055.2,0.06,140.1,48.0,188.1,0.0,0.0,0.0,0.0,0.0,0.0,0.0,0.0,0.0,0.0,0.0,0.0,0.0,0.0,0.0,0.0,0.0,6.9,4463.5,4470.4,5515.3,5515.3,0.0,0.0,0.0,0.0,0.0,0.0,0.0,0.0,0.0,0.0,0.0,0.0,0.0,5515.3,0.0,0.0
2050-03-31 15:00:00,2050-03-31 13:00:00,1760.0,3784.1,0.0,0.0,5544.1,1702.6,0.0,0.0,0.0,0.0326,0.046,upv,upv,0.0,0.0,0.0,0.0,0.0,0.0,0.0,0.0,0.0,0.0,0.0,0.0,0.0,0.0,0.0,0.0,0.0,0.0,140.0,2.6,0.27,16.5,1055.8,0.06,140.2,48.0,188.2,0.0,0.0,0.0,0.0,0.0,0.0,0.0,0.0,0.0,0.0,0.0,0.0,0.0,0.0,0.0,0.0,0.0,21.4,4623.6,4645.1,5544.1,5544.1,0.0,0.0,0.0,0.0,0.0,429.1,0.0,0.0,0.0,0.0,0.0,0.0,0.0,5115.0,0.0,0.0
2050-03-31 16:00:00,2050-03-31 14:00:00,1806.3,1804.3,0.0,0.0,3610.6,1746.8,0.0,0.0,0.0,0.033,0.0472,upv,upv,0.0,0.0,0.0,0.0,0.0,0.0,0.0,0.0,0.0,0.0,0.0,0.0,0.0,0.0,0.0,0.0,0.0,0.0,140.1,2.6,0.27,16.6,1056.2,0.06,140.2,48.0,188.3,0.0,0.0,0.0,0.0,0.0,0.0,0.0,0.0,0.0,0.0,0.0,0.0,0.0,0.0,0.0,0.0,0.0,28.6,6638.2,6666.9,3610.6,3610.6,0.0,0.0,0.0,0.0,0.0,432.7,0.0,0.0,0.0,0.0,0.0,0.0,0.0,3177.9,0.0,0.0
2050-03-31 17:00:00,2050-03-31 15:00:00,1907.4,2626.7,0.0,0.0,4534.1,1842.9,0.0,0.0,0.0,0.0338,0.0499,upv,upv,0.0,0.0,0.0,0.0,0.0,0.0,0.0,0.0,0.0,0.0,0.0,0.0,0.0,0.0,0.0,0.0,0.0,0.0,140.2,2.6,0.27,16.6,1057.1,0.06,140.4,48.1,188.5,0.0,0.0,0.0,0.0,0.0,0.0,0.0,0.0,0.0,0.0,0.0,0.0,0.0,0.0,0.0,0.0,0.0,28.1,5667.4,5695.4,4534.1,4534.1,0.0,0.0,0.0,0.0,0.0,430.5,0.0,0.0,0.0,0.0,0.0,0.0,0.0,4103.6,0.0,0.0
2050-03-31 18:00:00,2050-03-31 16:00:00,2007.4,2593.8,0.0,0.0,4601.1,1937.8,0.0,0.0,0.0,0.0346,0.0525,upv,upv,0.0,0.0,0.0,0.0,0.0,0.0,0.0,0.0,0.0,0.0,0.0,0.0,0.0,0.0,0.0,0.0,0.0,0.0,140.3,2.6,0.27,16.6,1058.0,0.06,140.5,48.1,188.6,0.0,0.0,0.0,0.0,0.0,0.0,0.0,0.0,0.0,0.0,0.0,0.0,0.0,0.0,0.0,0.0,0.0,0.0,4127.5,4127.5,4601.1,4601.1,0.0,0.0,0.0,0.0,0.0,367.0,0.0,0.0,0.0,0.0,0.0,0.0,0.0,4202.3,31.8,0.0
2050-03-31 19:00:00,2050-03-31 17:00:00,2080.0,0.0,0.0,7.5,2087.5,2006.6,-962.3,0.0,1157.1,0.0353,0.0544,battery,gas-cc,0.0,0.0,0.0,0.0,0.0,0.0,0.0,0.0,0.0,0.0,0.0,0.0,0.0,0.0,0.0,0.0,0.0,0.0,140.7,2.7,0.27,16.6,1060.7,0.06,140.9,48.2,189.1,334.8,6.3,0.63,39.6,2526.6,0.15,335.2,114.9,450.1,22.68,0.0,0.0,22.68,23.98,0.0,0.0,23.98,0.0,0.0,0.0,3244.7,3049.8,194.8,0.0,0.0,0.0,0.0,126.8,0.0,0.0,0.0,0.0,0.0,0.0,0.0,2877.3,45.8,0.0
2050-03-31 20:00:00,2050-03-31 18:00:00,2152.6,0.0,0.0,17.7,2170.3,2075.2,2109.9,0.0,1909.7,0.036,0.0563,battery,gas-cc,0.0,0.0,0.0,0.0,0.0,0.0,0.0,0.0,0.0,0.0,0.0,0.0,0.0,0.0,0.0,0.0,0.0,0.0,144.1,2.7,0.27,17.0,1086.0,0.06,144.2,49.4,193.6,339.5,6.4,0.64,40.1,2562.3,0.15,339.9,116.5,456.4,22.68,0.0,0.0,22.68,24.03,0.0,0.0,24.03,0.0,0.0,0.0,4080.0,60.5,4019.6,0.0,0.0,0.0,0.0,0.0,0.0,0.0,0.0,0.0,0.0,0.0,0.0,0.0,60.5,0.0
2050-03-31 21:00:00,2050-03-31 19:00:00,2190.5,0.0,0.0,3.4,2193.9,2110.9,2147.9,0.0,519.8,0.0363,0.0573,battery,gas-cc,0.0,0.0,0.0,0.0,0.0,0.0,0.0,0.0,0.0,0.0,0.0,0.0,0.0,0.0,0.0,0.0,0.0,0.0,143.7,2.7,0.27,17.0,1083.1,0.06,143.8,49.3,193.1,339.9,6.4,0.64,40.2,2564.9,0.15,340.3,116.6,456.9,22.68,0.0,0.0,22.68,24.06,0.0,0.0,24.06,0.0,0.0,0.0,2713.7,46.0,2667.6,0.0,0.0,0.0,0.0,0.0,0.0,0.0,0.0,0.0,0.0,0.0,0.0,0.0,46.0,0.0
2050-03-31 22:00:00,2050-03-31 20:00:00,2067.4,0.0,0.0,3.2,2070.6,1994.6,2040.6,0.0,493.0,0.0352,0.0541,battery,gas-cc,0.0,0.0,0.0,0.0,0.0,0.0,0.0,0.0,0.0,0.0,0.0,0.0,0.0,0.0,0.0,0.0,0.0,0.0,143.9,2.7,0.27,17.0,1085.1,0.06,144.1,49.4,193.4,369.5,7.0,0.7,43.6,2788.0,0.16,369.9,126.8,496.6,22.68,0.0,0.0,22.68,23.97,0.0,0.0,23.97,0.0,0.0,0.0,2563.6,30.0,2533.6,0.0,0.0,0.0,0.0,0.0,0.0,0.0,0.0,0.0,0.0,0.0,0.0,0.0,30.0,0.0
2050-03-31 23:00:00,2050-03-31 21:00:00,1912.6,0.0,0.0,0.2,1912.8,1847.9,1888.3,0.0,26.6,0.0338,0.05,battery,gas-cc,0.0,0.0,0.0,0.0,0.0,0.0,0.0,0.0,0.0,0.0,0.0,0.0,0.0,0.0,0.0,0.0,0.0,0.0,155.1,2.9,0.29,18.3,1169.1,0.07,155.2,53.2,208.4,367.9,6.9,0.69,43.5,2776.1,0.16,368.3,126.2,494.5,22.68,0.0,0.0,22.68,23.87,0.0,0.0,23.87,0.0,0.0,0.0,1939.4,24.5,1914.9,0.0,0.0,0.0,0.0,0.0,0.0,0.0,0.0,0.0,0.0,0.0,0.0,0.0,24.5,0.0
2050-04-01 00:00:00,2050-03-31 22:00:00,1754.7,0.0,0.0,6.6,1761.4,1697.6,1738.2,0.0,1020.4,0.0326,0.0459,battery,gas-cc,0.0,0.0,0.0,0.0,0.0,0.0,0.0,0.0,0.0,0.0,0.0,0.0,0.0,0.0,0.0,0.0,0.0,0.0,142.4,2.7,0.27,16.8,1073.8,0.06,142.6,48.8,191.4,335.8,6.3,0.63,39.7,2534.3,0.15,336.2,115.2,451.4,27.73,0.0,0.0,27.73,29.07,0.0,0.0,29.07,0.0,0.0,0.0,2781.8,23.1,2758.7,0.0,0.0,0.0,0.0,0.0,0.0,0.0,0.0,0.0,0.0,0.0,0.0,0.0,23.1,0.0
2050-04-01 01:00:00,2050-03-31 23:00:00,1562.1,0.0,0.0,5.5,1567.6,1513.3,1549.0,0.0,847.0,0.0312,0.0409,battery,gas-cc,0.0,0.0,0.0,0.0,0.0,0.0,0.0,0.0,0.0,0.0,0.0,0.0,0.0,0.0,0.0,0.0,0.0,0.0,146.9,2.8,0.28,17.4,1107.3,0.06,147.0,50.4,197.4,334.1,6.3,0.63,39.5,2521.0,0.14,334.4,114.6,449.1,27.73,0.0,0.0,27.73,28.91,0.0,0.0,28.91,0.0,0.0,0.0,2414.6,18.6,2396.0,0.0,0.0,0.0,0.0,0.0,0.0,0.0,0.0,0.0,0.0,0.0,0.0,0.0,18.6,0.0
2050-04-01 02:00:00,2050-04-01 00:00:00,1409.5,0.0,0.0,5.7,1415.2,1366.6,1396.6,0.0,881.8,0.0304,0.0369,battery,gas-cc,0.0,0.0,0.0,0.0,0.0,0.0,0.0,0.0,0.0,0.0,0.0,0.0,0.0,0.0,0.0,0.0,0.0,0.0,142.3,2.7,0.27,16.8,1072.9,0.06,142.5,48.8,191.3,332.7,6.3,0.63,39.3,2510.6,0.14,333.1,114.2,447.2,27.73,0.0,0.0,27.73,28.79,0.0,0.0,28.79,0.0,0.0,0.0,2297.0,18.6,2278.5,0.0,0.0,0.0,0.0,0.0,0.0,0.0,0.0,0.0,0.0,0.0,0.0,0.0,18.6,0.0
2050-04-01 03:00:00,2050-04-01 01:00:00,1293.7,0.0,0.0,2.5,1296.2,1254.9,1281.6,0.0,383.2,0.0299,0.0338,battery,gas-cc,0.0,0.0,0.0,0.0,0.0,0.0,0.0,0.0,0.0,0.0,0.0,0.0,0.0,0.0,0.0,0.0,0.0,0.0,141.1,2.7,0.27,16.7,1063.8,0.06,141.3,48.4,189.6,331.6,6.3,0.63,39.2,2502.7,0.14,332.0,113.8,445.8,27.73,0.0,0.0,27.73,28.7,0.0,0.0,28.7,0.0,0.0,0.0,1679.4,14.6,1664.8,0.0,0.0,0.0,0.0,0.0,0.0,0.0,0.0,0.0,0.0,0.0,0.0,0.0,14.6,0.0
2050-04-01 04:00:00,2050-04-01 02:00:00,1208.4,0.0,0.0,3.4,1211.8,1172.5,1202.5,0.0,526.8,0.0298,0.0316,battery,gas-cc,0.0,0.0,0.0,0.0,0.0,0.0,0.0,0.0,0.0,0.0,0.0,0.0,0.0,0.0,0.0,0.0,0.0,0.0,166.4,3.1,0.31,19.7,1254.8,0.07,166.6,57.1,223.7,330.9,6.2,0.62,39.1,2496.9,0.14,331.2,113.5,444.8,27.73,0.0,0.0,27.73,28.64,0.0,0.0,28.64,0.0,0.0,0.0,1738.6,9.3,1729.3,0.0,0.0,0.0,0.0,0.0,0.0,0.0,0.0,0.0,0.0,0.0,0.0,0.0,9.3,0.0
2050-04-01 05:00:00,2050-04-01 03:00:00,1160.0,0.0,0.0,3.4,1163.4,1125.5,1157.4,0.0,515.9,0.0297,0.0303,gas-cc,gas-cc,0.0,0.0,0.0,0.0,0.0,0.0,0.0,0.0,0.0,0.0,0.0,0.0,0.0,0.0,0.0,0.0,0.0,0.0,186.7,3.5,0.35,22.1,1408.2,0.08,186.9,64.0,251.0,410.4,7.7,0.77,48.5,3096.9,0.18,410.8,140.8,551.7,27.73,0.0,0.0,27.73,28.6,0.0,0.0,28.6,0.0,0.0,0.0,1679.2,5.9,1673.3,0.0,0.0,0.0,0.0,0.0,0.0,0.0,0.0,0.0,0.0,0.0,0.0,0.0,5.9,0.0
2050-04-01 06:00:00,2050-04-01 04:00:00,1124.2,0.0,0.0,2.0,1126.2,1090.8,1123.3,0.0,303.3,0.0297,0.0294,gas-cc,gas-cc,0.0,0.0,0.0,0.0,0.0,0.0,0.0,0.0,0.0,0.0,0.0,0.0,0.0,0.0,0.0,0.0,0.0,0.0,142.1,2.7,0.27,16.8,1071.1,0.06,142.2,48.7,190.9,410.0,7.7,0.77,48.4,3094.0,0.18,410.4,140.7,551.1,27.73,0.0,0.0,27.73,28.57,0.0,0.0,28.57,0.0,0.0,0.0,1429.5,2.9,1426.6,0.0,0.0,0.0,0.0,0.0,0.0,0.0,0.0,0.0,0.0,0.0,0.0,0.0,2.9,0.0
2050-04-01 07:00:00,2050-04-01 05:00:00,1124.2,0.0,0.0,0.7,1124.9,1090.8,1123.2,0.0,110.5,0.0297,0.0294,gas-cc,gas-cc,0.0,0.0,0.0,0.0,0.0,0.0,0.0,0.0,0.0,0.0,0.0,0.0,0.0,0.0,0.0,0.0,0.0,0.0,142.4,2.7,0.27,16.8,1073.5,0.06,142.5,48.8,191.4,410.0,7.7,0.77,48.4,3094.0,0.18,410.4,140.7,551.1,27.73,0.0,0.0,27.73,28.57,0.0,0.0,28.57,0.0,0.0,0.0,1235.5,1.7,1233.8,0.0,0.0,0.0,0.0,0.0,0.0,0.0,0.0,0.0,0.0,0.0,0.0,0.0,1.7,0.0
2050-04-01 08:00:00,2050-04-01 06:00:00,1147.4,2163.5,0.0,0.0,3310.8,1113.3,0.0,0.0,0.0,0.0297,0.03,battery,upv,0.0,0.0,0.0,0.0,0.0,0.0,0.0,0.0,0.0,0.0,0.0,0.0,0.0,0.0,0.0,0.0,0.0,0.0,139.6,2.6,0.26,16.5,1052.6,0.06,139.8,47.9,187.7,0.0,0.0,0.0,0.0,0.0,0.0,0.0,0.0,0.0,0.0,0.0,0.0,0.0,0.0,0.0,0.0,0.0,0.0,0.0,0.0,3310.8,3310.8,0.0,0.0,0.0,0.0,0.0,139.7,0.0,0.0,0.0,0.0,0.0,0.0,0.0,3169.7,1.4,0.0
2050-04-01 09:00:00,2050-04-01 07:00:00,1222.1,3367.4,0.0,0.0,4589.5,1185.7,0.0,0.0,0.0,0.0298,0.032,upv,upv,0.0,0.0,0.0,0.0,0.0,0.0,0.0,0.0,0.0,0.0,0.0,0.0,0.0,0.0,0.0,0.0,0.0,0.0,139.6,2.6,0.26,16.5,1052.7,0.06,139.8,47.9,187.7,0.0,0.0,0.0,0.0,0.0,0.0,0.0,0.0,0.0,0.0,0.0,0.0,0.0,0.0,0.0,0.0,0.0,1.1,5018.4,5019.4,4589.5,4589.5,0.0,0.0,0.0,0.0,0.0,405.6,0.0,0.0,0.0,0.0,0.0,0.0,0.0,4183.9,0.0,0.0
2050-04-01 10:00:00,2050-04-01 08:00:00,1353.7,3045.5,0.0,0.0,4399.1,1312.9,0.0,0.0,0.0,0.0302,0.0354,upv,upv,0.0,0.0,0.0,0.0,0.0,0.0,0.0,0.0,0.0,0.0,0.0,0.0,0.0,0.0,0.0,0.0,0.0,0.0,139.7,2.6,0.26,16.5,1053.1,0.06,139.8,47.9,187.7,0.0,0.0,0.0,0.0,0.0,0.0,0.0,0.0,0.0,0.0,0.0,0.0,0.0,0.0,0.0,0.0,0.0,0.6,5910.4,5911.0,4399.1,4399.1,0.0,0.0,0.0,0.0,0.0,0.0,0.0,0.0,0.0,0.0,0.0,0.0,0.0,4399.1,0.0,0.0
2050-04-01 11:00:00,2050-04-01 09:00:00,1430.5,2263.3,0.0,0.0,3693.8,1386.9,-0.0,0.0,0.0,0.0305,0.0374,upv,upv,0.0,0.0,0.0,0.0,0.0,0.0,0.0,0.0,0.0,0.0,0.0,0.0,0.0,0.0,0.0,0.0,0.0,0.0,139.7,2.6,0.26,16.5,1053.5,0.06,139.9,47.9,187.8,0.0,0.0,0.0,0.0,0.0,0.0,0.0,0.0,0.0,0.0,0.0,0.0,0.0,0.0,0.0,0.0,0.0,0.0,6620.7,6620.7,3693.8,3693.8,0.0,0.0,0.0,0.0,0.0,435.2,0.0,0.0,0.0,0.0,0.0,0.0,0.0,3253.6,5.0,0.0
2050-04-01 12:00:00,2050-04-01 10:00:00,1538.9,3824.8,0.0,0.0,5363.7,1491.1,-0.0,0.0,0.0,0.0311,0.0402,upv,upv,0.0,0.0,0.0,0.0,0.0,0.0,0.0,0.0,0.0,0.0,0.0,0.0,0.0,0.0,0.0,0.0,0.0,0.0,139.8,2.6,0.26,16.5,1054.1,0.06,140.0,48.0,187.9,0.0,0.0,0.0,0.0,0.0,0.0,0.0,0.0,0.0,0.0,0.0,0.0,0.0,0.0,0.0,0.0,0.0,12.6,4945.8,4958.4,5363.7,5363.7,0.0,0.0,0.0,0.0,0.0,435.2,0.0,0.0,0.0,0.0,0.0,0.0,0.0,4928.5,0.0,0.0
2050-04-01 13:00:00,2050-04-01 11:00:00,1628.4,2461.0,0.0,0.0,4089.4,1576.9,0.0,0.0,0.0,0.0316,0.0426,upv,upv,0.0,0.0,0.0,0.0,0.0,0.0,0.0,0.0,0.0,0.0,0.0,0.0,0.0,0.0,0.0,0.0,0.0,0.0,139.9,2.6,0.26,16.5,1054.8,0.06,140.1,48.0,188.0,0.0,0.0,0.0,0.0,0.0,0.0,0.0,0.0,0.0,0.0,0.0,0.0,0.0,0.0,0.0,0.0,0.0,24.7,6220.1,6244.9,4089.4,4089.4,0.0,0.0,0.0,0.0,0.0,435.2,0.0,0.0,0.0,0.0,0.0,0.0,0.0,3654.2,0.0,0.0
2050-04-01 14:00:00,2050-04-01 12:00:00,1731.6,2456.1,0.0,0.0,4187.6,1675.5,0.0,0.0,0.0,0.0324,0.0453,upv,upv,0.0,0.0,0.0,0.0,0.0,0.0,0.0,0.0,0.0,0.0,0.0,0.0,0.0,0.0,0.0,0.0,0.0,0.0,140.0,2.6,0.27,16.5,1055.6,0.06,140.2,48.0,188.2,0.0,0.0,0.0,0.0,0.0,0.0,0.0,0.0,0.0,0.0,0.0,0.0,0.0,0.0,0.0,0.0,0.0,44.5,6121.9,6166.4,4187.6,4187.6,0.0,0.0,0.0,0.0,0.0,435.2,0.0,0.0,0.0,0.0,0.0,0.0,0.0,3752.4,0.0,0.0
2050-04-01 15:00:00,2050-04-01 13:00:00,1822.1,3016.4,0.0,0.0,4838.5,1761.8,0.0,0.0,0.0,0.0331,0.0477,upv,upv,0.0,0.0,0.0,0.0,0.0,0.0,0.0,0.0,0.0,0.0,0.0,0.0,0.0,0.0,0.0,0.0,0.0,0.0,140.1,2.6,0.27,16.6,1056.3,0.06,140.3,48.0,188.3,0.0,0.0,0.0,0.0,0.0,0.0,0.0,0.0,0.0,0.0,0.0,0.0,0.0,0.0,0.0,0.0,0.0,58.9,5471.1,5529.9,4838.5,4838.5,0.0,0.0,0.0,0.0,0.0,435.2,0.0,0.0,0.0,0.0,0.0,0.0,0.0,4403.2,0.0,0.0
2050-04-01 16:00:00,2050-04-01 14:00:00,1904.2,3406.0,0.0,0.0,5310.2,1839.9,-0.0,0.0,0.0,0.0338,0.0498,upv,upv,0.0,0.0,0.0,0.0,0.0,0.0,0.0,0.0,0.0,0.0,0.0,0.0,0.0,0.0,0.0,0.0,0.0,0.0,140.2,2.6,0.27,16.6,1057.1,0.06,140.4,48.1,188.4,0.0,0.0,0.0,0.0,0.0,0.0,0.0,0.0,0.0,0.0,0.0,0.0,0.0,0.0,0.0,0.0,0.0,80.4,4999.3,5079.7,5310.2,5310.2,0.0,0.0,0.0,0.0,0.0,435.2,0.0,0.0,0.0,0.0,0.0,0.0,0.0,4875.0,0.0,0.0
2050-04-01 17:00:00,2050-04-01 15:00:00,1997.9,2755.7,0.0,0.0,4753.6,1928.8,0.0,0.0,0.0,0.0346,0.0522,upv,upv,0.0,0.0,0.0,0.0,0.0,0.0,0.0,0.0,0.0,0.0,0.0,0.0,0.0,0.0,0.0,0.0,0.0,0.0,140.3,2.6,0.27,16.6,1057.9,0.06,140.5,48.1,188.6,0.0,0.0,0.0,0.0,0.0,0.0,0.0,0.0,0.0,0.0,0.0,0.0,0.0,0.0,0.0,0.0,0.0,112.1,5542.3,5654.4,4753.6,4753.6,0.0,0.0,0.0,0.0,0.0,434.5,0.0,0.0,0.0,0.0,0.0,0.0,0.0,4319.0,0.0,0.0
2050-04-01 18:00:00,2050-04-01 16:00:00,2101.1,2407.0,0.0,0.0,4508.0,2026.5,0.0,0.0,0.0,0.0355,0.0549,upv,upv,0.0,0.0,0.0,0.0,0.0,0.0,0.0,0.0,0.0,0.0,0.0,0.0,0.0,0.0,0.0,0.0,0.0,0.0,140.5,2.7,0.27,16.6,1059.0,0.06,140.6,48.2,188.8,0.0,0.0,0.0,0.0,0.0,0.0,0.0,0.0,0.0,0.0,0.0,0.0,0.0,0.0,0.0,0.0,0.0,144.4,4910.6,5054.9,4508.0,4508.0,0.0,0.0,0.0,0.0,0.0,397.3,0.0,0.0,0.0,0.0,0.0,0.0,0.0,4110.7,0.0,0.0
2050-04-01 19:00:00,2050-04-01 17:00:00,2149.5,0.0,0.0,15.4,2164.9,2072.2,-1331.3,308.7,1640.0,0.0359,0.0562,battery,upv,0.0,0.0,0.0,0.0,0.0,0.0,0.0,0.0,0.0,0.0,0.0,0.0,0.0,0.0,0.0,0.0,0.0,0.0,140.5,2.7,0.27,16.6,1059.5,0.06,140.7,48.2,188.9,0.0,0.0,0.0,0.0,0.0,0.0,0.0,0.0,0.0,0.05,0.0,0.0,0.05,0.06,0.0,0.0,0.06,0.0,0.0,0.0,3496.2,3496.2,0.0,0.0,0.0,0.0,0.0,140.2,0.0,0.0,0.0,0.0,0.0,0.0,0.0,3181.0,175.0,0.0
2050-04-01 20:00:00,2050-04-01 18:00:00,2172.6,0.0,0.0,17.6,2190.2,2094.1,1963.4,445.3,1640.0,0.0362,0.0568,battery,hydro,0.0,0.0,0.0,0.0,0.0,0.0,0.0,0.0,0.0,0.0,0.0,0.0,0.0,0.0,0.0,0.0,0.0,0.0,143.3,2.7,0.27,16.9,1080.2,0.06,143.4,49.1,192.6,0.0,0.0,0.0,0.0,0.0,0.0,0.0,0.0,0.0,1.79,0.0,0.0,1.79,1.9,0.0,0.0,1.9,0.0,0.0,0.0,3384.9,226.8,3158.1,0.0,0.0,0.0,0.0,0.0,0.0,0.0,0.0,0.0,0.0,0.0,0.0,0.0,226.8,0.0
2050-04-01 21:00:00,2050-04-01 19:00:00,2188.4,0.0,0.0,15.7,2204.1,2108.9,1969.8,445.3,1346.9,0.0363,0.0572,battery,hydro,0.0,0.0,0.0,0.0,0.0,0.0,0.0,0.0,0.0,0.0,0.0,0.0,0.0,0.0,0.0,0.0,0.0,0.0,141.4,2.7,0.27,16.7,1066.2,0.06,141.6,48.5,190.1,0.0,0.0,0.0,0.0,0.0,0.0,0.0,0.0,0.0,1.79,0.0,0.0,1.79,1.9,0.0,0.0,1.9,0.0,0.0,0.0,3105.6,234.3,2871.3,0.0,0.0,0.0,0.0,0.0,0.0,0.0,0.0,0.0,0.0,0.0,0.0,0.0,234.3,0.0
2050-04-01 22:00:00,2050-04-01 20:00:00,2085.3,0.0,0.0,17.6,2102.8,2011.5,1897.9,445.3,1640.0,0.0354,0.0545,battery,hydro,0.0,0.0,0.0,0.0,0.0,0.0,0.0,0.0,0.0,0.0,0.0,0.0,0.0,0.0,0.0,0.0,0.0,0.0,143.2,2.7,0.27,16.9,1079.4,0.06,143.3,49.1,192.4,0.0,0.0,0.0,0.0,0.0,0.0,0.0,0.0,0.0,1.79,0.0,0.0,1.79,1.89,0.0,0.0,1.89,0.0,0.0,0.0,3297.5,204.9,3092.6,0.0,0.0,0.0,0.0,0.0,0.0,0.0,0.0,0.0,0.0,0.0,0.0,0.0,204.9,0.0
2050-04-01 23:00:00,2050-04-01 21:00:00,1925.3,0.0,0.0,15.3,1940.6,1859.9,1776.0,445.3,1296.0,0.0339,0.0503,battery,hydro,0.0,0.0,0.0,0.0,0.0,0.0,0.0,0.0,0.0,0.0,0.0,0.0,0.0,0.0,0.0,0.0,0.0,0.0,142.7,2.7,0.27,16.9,1075.5,0.06,142.8,48.9,191.7,0.0,0.0,0.0,0.0,0.0,0.0,0.0,0.0,0.0,1.79,0.0,0.0,1.79,1.89,0.0,0.0,1.89,0.0,0.0,0.0,2791.3,164.6,2626.7,0.0,0.0,0.0,0.0,0.0,0.0,0.0,0.0,0.0,0.0,0.0,0.0,0.0,164.6,0.0
2050-04-02 00:00:00,2050-04-01 22:00:00,1770.5,0.0,0.0,10.0,1780.6,1712.7,1614.3,445.3,483.6,0.0327,0.0463,battery,hydro,0.0,0.0,0.0,0.0,0.0,0.0,0.0,0.0,0.0,0.0,0.0,0.0,0.0,0.0,0.0,0.0,0.0,0.0,143.1,2.7,0.27,16.9,1079.1,0.06,143.3,49.1,192.4,0.0,0.0,0.0,0.0,0.0,0.0,0.0,0.0,0.0,1.97,0.0,0.0,1.97,2.07,0.0,0.0,2.07,0.0,0.0,0.0,1818.8,166.2,1652.6,0.0,0.0,0.0,0.0,0.0,0.0,0.0,0.0,0.0,0.0,0.0,0.0,0.0,166.2,0.0
2050-04-02 01:00:00,2050-04-01 23:00:00,1601.1,0.0,0.0,17.6,1618.6,1550.7,1469.9,445.3,1640.0,0.0315,0.0419,battery,upv,0.0,0.0,0.0,0.0,0.0,0.0,0.0,0.0,0.0,0.0,0.0,0.0,0.0,0.0,0.0,0.0,0.0,0.0,146.7,2.8,0.28,17.3,1105.8,0.06,146.8,50.3,197.1,0.0,0.0,0.0,0.0,0.0,0.0,0.0,0.0,0.0,1.97,0.0,0.0,1.97,2.06,0.0,0.0,2.06,0.0,0.0,0.0,2813.3,148.7,2664.5,0.0,0.0,0.0,0.0,0.0,0.0,0.0,0.0,0.0,0.0,0.0,0.0,0.0,148.7,0.0
2050-04-02 02:00:00,2050-04-02 00:00:00,1423.2,0.0,0.0,9.9,1433.1,1379.8,1298.4,445.3,462.5,0.0305,0.0372,battery,wind-ons,0.0,0.0,0.0,0.0,0.0,0.0,0.0,0.0,0.0,0.0,0.0,0.0,0.0,0.0,0.0,0.0,0.0,0.0,164.0,3.1,0.31,19.4,1236.9,0.07,164.2,56.3,220.5,0.0,0.0,0.0,0.0,0.0,0.0,0.0,0.0,0.0,1.97,0.0,0.0,1.97,2.05,0.0,0.0,2.05,0.0,0.0,0.0,1450.3,134.7,1315.6,0.0,0.0,0.0,0.0,0.0,0.0,0.0,0.0,0.0,0.0,0.0,0.0,0.0,134.7,0.0
2050-04-02 03:00:00,2050-04-02 01:00:00,1304.2,0.0,0.0,17.6,1321.8,1265.1,1215.8,445.3,1640.0,0.03,0.0341,battery,upv,0.0,0.0,0.0,0.0,0.0,0.0,0.0,0.0,0.0,0.0,0.0,0.0,0.0,0.0,0.0,0.0,0.0,0.0,149.3,2.8,0.28,17.6,1125.4,0.07,149.4,51.2,200.6,0.0,0.0,0.0,0.0,0.0,0.0,0.0,0.0,0.0,1.97,0.0,0.0,1.97,2.04,0.0,0.0,2.04,0.0,0.0,0.0,2516.4,105.9,2410.5,0.0,0.0,0.0,0.0,0.0,0.0,0.0,0.0,0.0,0.0,0.0,0.0,0.0,105.9,0.0
2050-04-02 04:00:00,2050-04-02 02:00:00,1218.9,0.0,0.0,12.6,1231.5,1182.7,1142.5,445.3,873.6,0.0298,0.0319,battery,upv,0.0,0.0,0.0,0.0,0.0,0.0,0.0,0.0,0.0,0.0,0.0,0.0,0.0,0.0,0.0,0.0,0.0,0.0,141.9,2.7,0.27,16.8,1070.2,0.06,142.1,48.7,190.8,0.0,0.0,0.0,0.0,0.0,0.0,0.0,0.0,0.0,1.97,0.0,0.0,1.97,2.04,0.0,0.0,2.04,0.0,0.0,0.0,1659.8,89.0,1570.8,0.0,0.0,0.0,0.0,0.0,0.0,0.0,0.0,0.0,0.0,0.0,0.0,0.0,89.0,0.0
2050-04-02 05:00:00,2050-04-02 03:00:00,1160.0,0.0,0.0,17.6,1177.6,1125.5,1095.4,445.3,1640.0,0.0297,0.0303,battery,upv,0.0,0.0,0.0,0.0,0.0,0.0,0.0,0.0,0.0,0.0,0.0,0.0,0.0,0.0,0.0,0.0,0.0,0.0,249.3,4.7,0.47,29.4,1880.4,0.11,249.5,85.5,335.0,0.0,0.0,0.0,0.0,0.0,0.0,0.0,0.0,0.0,1.97,0.0,0.0,1.97,2.04,0.0,0.0,2.04,0.0,0.0,0.0,2372.2,82.2,2290.1,0.0,0.0,0.0,0.0,0.0,0.0,0.0,0.0,0.0,0.0,0.0,0.0,0.0,82.2,0.0
2050-04-02 06:00:00,2050-04-02 04:00:00,1121.1,0.0,0.0,17.6,1138.6,1087.8,1054.3,445.3,1640.0,0.0297,0.0293,battery,upv,0.0,0.0,0.0,0.0,0.0,0.0,0.0,0.0,0.0,0.0,0.0,0.0,0.0,0.0,0.0,0.0,0.0,0.0,141.7,2.7,0.27,16.7,1068.0,0.06,141.8,48.6,190.4,0.0,0.0,0.0,0.0,0.0,0.0,0.0,0.0,0.0,1.97,0.0,0.0,1.97,2.03,0.0,0.0,2.03,0.0,0.0,0.0,2333.3,84.3,2248.9,0.0,0.0,0.0,0.0,0.0,0.0,0.0,0.0,0.0,0.0,0.0,0.0,0.0,84.3,0.0
2050-04-02 07:00:00,2050-04-02 05:00:00,1105.3,0.0,0.0,6.9,1112.2,1072.4,1033.6,445.3,1.4,0.0297,0.0289,battery,upv,0.0,0.0,0.0,0.0,0.0,0.0,0.0,0.0,0.0,0.0,0.0,0.0,0.0,0.0,0.0,0.0,0.0,0.0,142.5,2.7,0.27,16.8,1074.6,0.06,142.7,48.9,191.6,0.0,0.0,0.0,0.0,0.0,0.0,0.0,0.0,0.0,1.97,0.0,0.0,1.97,2.03,0.0,0.0,2.03,0.0,0.0,0.0,668.3,78.5,589.8,0.0,0.0,0.0,0.0,0.0,0.0,0.0,0.0,0.0,0.0,0.0,0.0,0.0,78.5,0.0
2050-04-02 08:00:00,2050-04-02 06:00:00,1118.9,2310.0,0.0,0.0,3428.9,1085.7,0.0,0.0,0.0,0.0297,0.0293,battery,upv,0.0,0.0,0.0,0.0,0.0,0.0,0.0,0.0,0.0,0.0,0.0,0.0,0.0,0.0,0.0,0.0,0.0,0.0,139.6,2.6,0.26,16.5,1052.6,0.06,139.8,47.9,187.7,0.0,0.0,0.0,0.0,0.0,0.0,0.0,0.0,0.0,0.0,0.0,0.0,0.0,0.0,0.0,0.0,0.0,0.0,0.0,0.0,3428.9,3428.9,0.0,0.0,0.0,0.0,0.0,141.7,0.0,0.0,0.0,0.0,0.0,0.0,0.0,3216.6,70.6,0.0
2050-04-02 09:00:00,2050-04-02 07:00:00,1201.1,1476.3,0.0,0.0,2677.3,1165.3,0.0,0.0,0.0,0.0297,0.0314,upv,upv,0.0,0.0,0.0,0.0,0.0,0.0,0.0,0.0,0.0,0.0,0.0,0.0,0.0,0.0,0.0,0.0,0.0,0.0,139.6,2.6,0.26,16.5,1052.7,0.06,139.8,47.9,187.7,0.0,0.0,0.0,0.0,0.0,0.0,0.0,0.0,0.0,0.0,0.0,0.0,0.0,0.0,0.0,0.0,0.0,0.0,7133.0,7133.0,2677.3,2677.3,0.0,0.0,0.0,0.0,0.0,412.1,0.0,0.0,0.0,0.0,0.0,0.0,0.0,2217.9,47.3,0.0
2050-04-02 10:00:00,2050-04-02 08:00:00,1314.7,2337.9,0.0,0.0,3652.6,1275.3,0.0,0.0,0.0,0.03,0.0344,upv,upv,0.0,0.0,0.0,0.0,0.0,0.0,0.0,0.0,0.0,0.0,0.0,0.0,0.0,0.0,0.0,0.0,0.0,0.0,139.7,2.6,0.26,16.5,1053.0,0.06,139.8,47.9,187.7,0.0,0.0,0.0,0.0,0.0,0.0,0.0,0.0,0.0,0.0,0.0,0.0,0.0,0.0,0.0,0.0,0.0,0.0,6741.1,6741.1,3652.6,3652.6,0.0,0.0,0.0,0.0,0.0,435.2,0.0,0.0,0.0,0.0,0.0,0.0,0.0,3133.3,84.1,0.0
2050-04-02 11:00:00,2050-04-02 09:00:00,1389.5,3056.5,0.0,0.0,4445.9,1347.4,0.0,0.0,0.0,0.0303,0.0363,upv,upv,0.0,0.0,0.0,0.0,0.0,0.0,0.0,0.0,0.0,0.0,0.0,0.0,0.0,0.0,0.0,0.0,0.0,0.0,139.7,2.6,0.26,16.5,1053.3,0.06,139.9,47.9,187.8,0.0,0.0,0.0,0.0,0.0,0.0,0.0,0.0,0.0,0.0,0.0,0.0,0.0,0.0,0.0,0.0,0.0,0.0,5990.7,5990.7,4445.9,4445.9,0.0,0.0,0.0,0.0,0.0,435.2,0.0,0.0,0.0,0.0,0.0,0.0,0.0,3883.6,127.1,0.0
2050-04-02 12:00:00,2050-04-02 10:00:00,1453.7,2850.6,0.0,0.0,4304.3,1409.2,0.0,0.0,0.0,0.0306,0.038,upv,upv,0.0,0.0,0.0,0.0,0.0,0.0,0.0,0.0,0.0,0.0,0.0,0.0,0.0,0.0,0.0,0.0,0.0,0.0,139.8,2.6,0.26,16.5,1053.6,0.06,139.9,47.9,187.8,0.0,0.0,0.0,0.0,0.0,0.0,0.0,0.0,0.0,0.0,0.0,0.0,0.0,0.0,0.0,0.0,0.0,0.0,6175.4,6175.4,4304.3,4304.3,0.0,0.0,0.0,0.0,0.0,435.2,0.0,0.0,0.0,0.0,0.0,0.0,0.0,3698.9,170.2,0.0
2050-04-02 13:00:00,2050-04-02 11:00:00,1500.0,3435.1,0.0,0.0,4935.1,1453.7,-0.0,0.0,0.0,0.0309,0.0392,upv,upv,0.0,0.0,0.0,0.0,0.0,0.0,0.0,0.0,0.0,0.0,0.0,0.0,0.0,0.0,0.0,0.0,0.0,0.0,139.8,2.6,0.26,16.5,1053.9,0.06,139.9,47.9,187.9,0.0,0.0,0.0,0.0,0.0,0.0,0.0,0.0,0.0,0.0,0.0,0.0,0.0,0.0,0.0,0.0,0.0,0.0,5589.6,5589.6,4935.1,4935.1,0.0,0.0,0.0,0.0,0.0,435.2,0.0,0.0,0.0,0.0,0.0,0.0,0.0,4284.7,215.2,0.0
2050-04-02 14:00:00,2050-04-02 12:00:00,1551.6,2655.8,0.0,0.0,4207.4,1503.2,0.0,0.0,0.0,0.0312,0.0406,upv,upv,0.0,0.0,0.0,0.0,0.0,0.0,0.0,0.0,0.0,0.0,0.0,0.0,0.0,0.0,0.0,0.0,0.0,0.0,139.8,2.6,0.26,16.5,1054.2,0.06,140.0,48.0,187.9,0.0,0.0,0.0,0.0,0.0,0.0,0.0,0.0,0.0,0.0,0.0,0.0,0.0,0.0,0.0,0.0,0.0,0.0,6338.9,6338.9,4207.4,4207.4,0.0,0.0,0.0,0.0,0.0,435.2,0.0,0.0,0.0,0.0,0.0,0.0,0.0,3535.4,236.8,0.0
2050-04-02 15:00:00,2050-04-02 13:00:00,1595.8,2528.9,0.0,0.0,4124.6,1545.6,0.0,0.0,0.0,0.0314,0.0417,upv,upv,0.0,0.0,0.0,0.0,0.0,0.0,0.0,0.0,0.0,0.0,0.0,0.0,0.0,0.0,0.0,0.0,0.0,0.0,139.9,2.6,0.26,16.5,1054.5,0.06,140.0,48.0,188.0,0.0,0.0,0.0,0.0,0.0,0.0,0.0,0.0,0.0,0.0,0.0,0.0,0.0,0.0,0.0,0.0,0.0,0.0,6430.1,6430.1,4124.6,4124.6,0.0,0.0,0.0,0.0,0.0,435.2,0.0,0.0,0.0,0.0,0.0,0.0,0.0,3444.2,245.3,0.0
2050-04-02 16:00:00,2050-04-02 14:00:00,1618.9,2562.0,0.0,0.0,4180.9,1567.8,0.0,0.0,0.0,0.0316,0.0423,upv,upv,0.0,0.0,0.0,0.0,0.0,0.0,0.0,0.0,0.0,0.0,0.0,0.0,0.0,0.0,0.0,0.0,0.0,0.0,139.9,2.6,0.26,16.5,1054.7,0.06,140.1,48.0,188.0,0.0,0.0,0.0,0.0,0.0,0.0,0.0,0.0,0.0,0.0,0.0,0.0,0.0,0.0,0.0,0.0,0.0,0.0,6386.8,6386.8,4180.9,4180.9,0.0,0.0,0.0,0.0,0.0,435.2,0.0,0.0,0.0,0.0,0.0,0.0,0.0,3487.5,258.2,0.0
2050-04-02 17:00:00,2050-04-02 15:00:00,1633.7,3340.1,0.0,0.0,4973.8,1581.9,0.0,0.0,0.0,0.0317,0.0427,upv,upv,0.0,0.0,0.0,0.0,0.0,0.0,0.0,0.0,0.0,0.0,0.0,0.0,0.0,0.0,0.0,0.0,0.0,0.0,139.9,2.6,0.26,16.5,1054.8,0.06,140.1,48.0,188.0,0.0,0.0,0.0,0.0,0.0,0.0,0.0,0.0,0.0,0.0,0.0,0.0,0.0,0.0,0.0,0.0,0.0,0.0,5595.1,5595.1,4973.8,4973.8,0.0,0.0,0.0,0.0,0.0,435.2,0.0,0.0,0.0,0.0,0.0,0.0,0.0,4279.3,259.3,0.0
2050-04-02 18:00:00,2050-04-02 16:00:00,1693.7,3406.0,0.0,0.0,5099.7,1639.3,0.0,0.0,0.0,0.0321,0.0443,upv,upv,0.0,0.0,0.0,0.0,0.0,0.0,0.0,0.0,0.0,0.0,0.0,0.0,0.0,0.0,0.0,0.0,0.0,0.0,140.0,2.6,0.26,16.5,1055.3,0.06,140.1,48.0,188.1,0.0,0.0,0.0,0.0,0.0,0.0,0.0,0.0,0.0,0.0,0.0,0.0,0.0,0.0,0.0,0.0,0.0,0.0,5186.4,5186.4,5099.7,5099.7,0.0,0.0,0.0,0.0,0.0,423.0,0.0,0.0,0.0,0.0,0.0,0.0,0.0,4416.5,260.3,0.0
2050-04-02 19:00:00,2050-04-02 17:00:00,1727.4,1207.3,0.0,5.9,2940.6,1671.5,-913.3,0.0,913.3,0.0323,0.0452,battery,upv,0.0,0.0,0.0,0.0,0.0,0.0,0.0,0.0,0.0,0.0,0.0,0.0,0.0,0.0,0.0,0.0,0.0,0.0,140.1,2.6,0.27,16.6,1056.4,0.06,140.3,48.1,188.3,0.0,0.0,0.0,0.0,0.0,0.0,0.0,0.0,0.0,0.0,0.0,0.0,0.0,0.0,0.0,0.0,0.0,0.0,0.0,0.0,3853.9,3853.9,0.0,0.0,0.0,0.0,0.0,151.7,0.0,0.0,0.0,0.0,0.0,0.0,0.0,3441.1,261.1,0.0
2050-04-02 20:00:00,2050-04-02 18:00:00,1775.8,0.0,0.0,17.6,1793.4,1717.7,1536.9,445.3,1640.0,0.0327,0.0464,battery,upv,0.0,0.0,0.0,0.0,0.0,0.0,0.0,0.0,0.0,0.0,0.0,0.0,0.0,0.0,0.0,0.0,0.0,0.0,142.9,2.7,0.27,16.9,1077.5,0.06,143.1,49.0,192.1,0.0,0.0,0.0,0.0,0.0,0.0,0.0,0.0,0.0,2.35,0.0,0.0,2.35,2.47,0.0,0.0,2.47,0.0,0.0,0.0,2988.0,256.5,2731.5,0.0,0.0,0.0,0.0,0.0,0.0,0.0,0.0,0.0,0.0,0.0,0.0,0.0,256.5,0.0
2050-04-02 21:00:00,2050-04-02 19:00:00,1820.0,0.0,0.0,7.3,1827.3,1759.8,1578.5,445.3,59.7,0.0331,0.0476,battery,upv,0.0,0.0,0.0,0.0,0.0,0.0,0.0,0.0,0.0,0.0,0.0,0.0,0.0,0.0,0.0,0.0,0.0,0.0,142.5,2.7,0.27,16.8,1074.2,0.06,142.6,48.9,191.5,0.0,0.0,0.0,0.0,0.0,0.0,0.0,0.0,0.0,2.35,0.0,0.0,2.35,2.47,0.0,0.0,2.47,0.0,0.0,0.0,1441.7,248.8,1192.9,0.0,0.0,0.0,0.0,0.0,0.0,0.0,0.0,0.0,0.0,0.0,0.0,0.0,248.8,0.0
2050-04-02 22:00:00,2050-04-02 20:00:00,1775.8,0.0,0.0,16.9,1792.7,1717.7,1535.3,445.3,1536.8,0.0327,0.0464,battery,upv,0.0,0.0,0.0,0.0,0.0,0.0,0.0,0.0,0.0,0.0,0.0,0.0,0.0,0.0,0.0,0.0,0.0,0.0,141.0,2.7,0.27,16.7,1063.2,0.06,141.2,48.4,189.5,0.0,0.0,0.0,0.0,0.0,0.0,0.0,0.0,0.0,2.35,0.0,0.0,2.35,2.47,0.0,0.0,2.47,0.0,0.0,0.0,2884.1,257.4,2626.7,0.0,0.0,0.0,0.0,0.0,0.0,0.0,0.0,0.0,0.0,0.0,0.0,0.0,257.4,0.0
2050-04-02 23:00:00,2050-04-02 21:00:00,1683.2,0.0,0.0,9.7,1692.8,1629.3,1456.1,445.3,426.0,0.032,0.044,battery,upv,0.0,0.0,0.0,0.0,0.0,0.0,0.0,0.0,0.0,0.0,0.0,0.0,0.0,0.0,0.0,0.0,0.0,0.0,142.2,2.7,0.27,16.8,1071.9,0.06,142.3,48.8,191.1,0.0,0.0,0.0,0.0,0.0,0.0,0.0,0.0,0.0,2.35,0.0,0.0,2.35,2.46,0.0,0.0,2.46,0.0,0.0,0.0,1673.5,236.8,1436.7,0.0,0.0,0.0,0.0,0.0,0.0,0.0,0.0,0.0,0.0,0.0,0.0,0.0,236.8,0.0
2050-04-03 00:00:00,2050-04-02 22:00:00,1580.0,0.0,0.0,17.6,1597.6,1530.5,1374.3,445.3,1640.0,0.0313,0.0413,battery,upv,0.0,0.0,0.0,0.0,0.0,0.0,0.0,0.0,0.0,0.0,0.0,0.0,0.0,0.0,0.0,0.0,0.0,0.0,142.1,2.7,0.27,16.8,1071.1,0.06,142.2,48.7,190.9,0.0,0.0,0.0,0.0,0.0,0.0,0.0,0.0,0.0,1.51,0.0,0.0,1.51,1.58,0.0,0.0,1.58,0.0,0.0,0.0,2792.2,223.2,2569.0,0.0,0.0,0.0,0.0,0.0,0.0,0.0,0.0,0.0,0.0,0.0,0.0,0.0,223.2,0.0
2050-04-03 01:00:00,2050-04-02 23:00:00,1453.7,0.0,0.0,17.6,1471.2,1409.2,1274.9,445.3,1640.0,0.0306,0.038,battery,upv,0.0,0.0,0.0,0.0,0.0,0.0,0.0,0.0,0.0,0.0,0.0,0.0,0.0,0.0,0.0,0.0,0.0,0.0,142.3,2.7,0.27,16.8,1073.2,0.06,142.5,48.8,191.3,0.0,0.0,0.0,0.0,0.0,0.0,0.0,0.0,0.0,1.51,0.0,0.0,1.51,1.57,0.0,0.0,1.57,0.0,0.0,0.0,2665.9,196.3,2469.6,0.0,0.0,0.0,0.0,0.0,0.0,0.0,0.0,0.0,0.0,0.0,0.0,0.0,196.3,0.0
2050-04-03 02:00:00,2050-04-03 00:00:00,1316.8,0.0,0.0,17.6,1334.4,1277.3,1133.6,445.3,1640.0,0.03,0.0344,battery,upv,0.0,0.0,0.0,0.0,0.0,0.0,0.0,0.0,0.0,0.0,0.0,0.0,0.0,0.0,0.0,0.0,0.0,0.0,142.0,2.7,0.27,16.8,1070.6,0.06,142.2,48.7,190.9,0.0,0.0,0.0,0.0,0.0,0.0,0.0,0.0,0.0,1.51,0.0,0.0,1.51,1.57,0.0,0.0,1.57,0.0,0.0,0.0,2529.1,200.8,2328.2,0.0,0.0,0.0,0.0,0.0,0.0,0.0,0.0,0.0,0.0,0.0,0.0,0.0,200.8,0.0
2050-04-03 03:00:00,2050-04-03 01:00:00,1240.0,0.0,0.0,17.6,1257.6,1203.0,1039.0,445.3,1640.0,0.0298,0.0324,battery,upv,0.0,0.0,0.0,0.0,0.0,0.0,0.0,0.0,0.0,0.0,0.0,0.0,0.0,0.0,0.0,0.0,0.0,0.0,142.3,2.7,0.27,16.8,1072.5,0.06,142.4,48.8,191.2,0.0,0.0,0.0,0.0,0.0,0.0,0.0,0.0,0.0,1.51,0.0,0.0,1.51,1.56,0.0,0.0,1.56,0.0,0.0,0.0,2452.2,218.6,2233.6,0.0,0.0,0.0,0.0,0.0,0.0,0.0,0.0,0.0,0.0,0.0,0.0,0.0,218.6,0.0
2050-04-03 04:00:00,2050-04-03 02:00:00,1180.0,0.0,0.0,17.6,1197.6,1144.9,987.7,445.3,1640.0,0.0297,0.0309,battery,upv,0.0,0.0,0.0,0.0,0.0,0.0,0.0,0.0,0.0,0.0,0.0,0.0,0.0,0.0,0.0,0.0,0.0,0.0,142.3,2.7,0.27,16.8,1072.6,0.06,142.4,48.8,191.2,0.0,0.0,0.0,0.0,0.0,0.0,0.0,0.0,0.0,1.51,0.0,0.0,1.51,1.56,0.0,0.0,1.56,0.0,0.0,0.0,2392.2,209.8,2182.4,0.0,0.0,0.0,0.0,0.0,0.0,0.0,0.0,0.0,0.0,0.0,0.0,0.0,209.8,0.0
2050-04-03 05:00:00,2050-04-03 03:00:00,1136.8,0.0,0.0,17.6,1154.4,1103.1,998.1,445.3,1640.0,0.0297,0.0297,battery,upv,0.0,0.0,0.0,0.0,0.0,0.0,0.0,0.0,0.0,0.0,0.0,0.0,0.0,0.0,0.0,0.0,0.0,0.0,142.6,2.7,0.27,16.8,1075.0,0.06,142.7,48.9,191.6,0.0,0.0,0.0,0.0,0.0,0.0,0.0,0.0,0.0,1.51,0.0,0.0,1.51,1.56,0.0,0.0,1.56,0.0,0.0,0.0,2349.1,156.3,2192.8,0.0,0.0,0.0,0.0,0.0,0.0,0.0,0.0,0.0,0.0,0.0,0.0,0.0,156.3,0.0
2050-04-03 06:00:00,2050-04-03 04:00:00,1149.5,0.0,0.0,17.6,1167.0,1115.3,1043.7,445.3,1640.0,0.0297,0.0301,battery,upv,0.0,0.0,0.0,0.0,0.0,0.0,0.0,0.0,0.0,0.0,0.0,0.0,0.0,0.0,0.0,0.0,0.0,0.0,142.3,2.7,0.27,16.8,1072.8,0.06,142.5,48.8,191.3,0.0,0.0,0.0,0.0,0.0,0.0,0.0,0.0,0.0,1.51,0.0,0.0,1.51,1.56,0.0,0.0,1.56,0.0,0.0,0.0,2361.7,123.3,2238.4,0.0,0.0,0.0,0.0,0.0,0.0,0.0,0.0,0.0,0.0,0.0,0.0,0.0,123.3,0.0
2050-04-03 07:00:00,2050-04-03 05:00:00,1208.4,0.0,0.0,17.6,1226.0,1172.5,1095.0,445.3,1640.0,0.0298,0.0316,battery,upv,0.0,0.0,0.0,0.0,0.0,0.0,0.0,0.0,0.0,0.0,0.0,0.0,0.0,0.0,0.0,0.0,0.0,0.0,142.5,2.7,0.27,16.8,1074.5,0.06,142.7,48.9,191.6,0.0,0.0,0.0,0.0,0.0,0.0,0.0,0.0,0.0,1.51,0.0,0.0,1.51,1.56,0.0,0.0,1.56,0.0,0.0,0.0,2420.6,131.0,2289.6,0.0,0.0,0.0,0.0,0.0,0.0,0.0,0.0,0.0,0.0,0.0,0.0,0.0,131.0,0.0
2050-04-03 08:00:00,2050-04-03 06:00:00,1329.5,1037.9,0.0,10.7,2378.0,1289.5,-1640.0,0.0,1640.0,0.0301,0.0348,battery,upv,0.0,0.0,0.0,0.0,0.0,0.0,0.0,0.0,0.0,0.0,0.0,0.0,0.0,0.0,0.0,0.0,0.0,0.0,139.7,2.6,0.26,16.5,1053.0,0.06,139.8,47.9,187.7,0.0,0.0,0.0,0.0,0.0,0.0,0.0,0.0,0.0,0.0,0.0,0.0,0.0,0.0,0.0,0.0,0.0,0.0,0.0,0.0,4018.0,4018.0,0.0,0.0,0.0,0.0,0.0,163.1,0.0,0.0,0.0,0.0,0.0,0.0,0.0,3702.9,152.0,0.0
2050-04-03 09:00:00,2050-04-03 07:00:00,1500.0,2973.9,0.0,0.0,4473.9,1453.7,0.0,0.0,0.0,0.0309,0.0392,upv,upv,0.0,0.0,0.0,0.0,0.0,0.0,0.0,0.0,0.0,0.0,0.0,0.0,0.0,0.0,0.0,0.0,0.0,0.0,139.8,2.6,0.26,16.5,1053.9,0.06,139.9,47.9,187.9,0.0,0.0,0.0,0.0,0.0,0.0,0.0,0.0,0.0,0.0,0.0,0.0,0.0,0.0,0.0,0.0,0.0,0.0,5979.5,5979.5,4473.9,4473.9,0.0,0.0,0.0,0.0,0.0,434.1,0.0,0.0,0.0,0.0,0.0,0.0,0.0,3875.4,164.3,0.0
2050-04-03 10:00:00,2050-04-03 08:00:00,1656.8,3730.7,0.0,0.0,5387.6,1604.1,-0.0,0.0,0.0,0.0318,0.0433,upv,upv,0.0,0.0,0.0,0.0,0.0,0.0,0.0,0.0,0.0,0.0,0.0,0.0,0.0,0.0,0.0,0.0,0.0,0.0,139.9,2.6,0.26,16.5,1055.0,0.06,140.1,48.0,188.1,0.0,0.0,0.0,0.0,0.0,0.0,0.0,0.0,0.0,0.0,0.0,0.0,0.0,0.0,0.0,0.0,0.0,223.0,4922.0,5144.9,5387.6,5387.6,0.0,0.0,0.0,0.0,0.0,435.2,0.0,0.0,0.0,0.0,0.0,0.0,0.0,4952.4,0.0,0.0
2050-04-03 11:00:00,2050-04-03 09:00:00,1672.6,3629.9,0.0,0.0,5302.6,1619.2,0.0,0.0,0.0,0.032,0.0437,upv,upv,0.0,0.0,0.0,0.0,0.0,0.0,0.0,0.0,0.0,0.0,0.0,0.0,0.0,0.0,0.0,0.0,0.0,0.0,140.0,2.6,0.26,16.5,1055.1,0.06,140.1,48.0,188.1,0.0,0.0,0.0,0.0,0.0,0.0,0.0,0.0,0.0,0.0,0.0,0.0,0.0,0.0,0.0,0.0,0.0,0.0,5255.2,5255.2,5302.6,5302.6,0.0,0.0,0.0,0.0,0.0,435.2,0.0,0.0,0.0,0.0,0.0,0.0,0.0,4619.1,248.3,0.0
2050-04-03 12:00:00,2050-04-03 10:00:00,1633.7,3016.4,0.0,0.0,4650.1,1581.9,-0.0,0.0,0.0,0.0317,0.0427,upv,upv,0.0,0.0,0.0,0.0,0.0,0.0,0.0,0.0,0.0,0.0,0.0,0.0,0.0,0.0,0.0,0.0,0.0,0.0,139.9,2.6,0.26,16.5,1054.8,0.06,140.1,48.0,188.0,0.0,0.0,0.0,0.0,0.0,0.0,0.0,0.0,0.0,0.0,0.0,0.0,0.0,0.0,0.0,0.0,0.0,251.9,5659.5,5911.4,4650.1,4650.1,0.0,0.0,0.0,0.0,0.0,435.2,0.0,0.0,0.0,0.0,0.0,0.0,0.0,4214.8,0.0,0.0
2050-04-03 13:00:00,2050-04-03 11:00:00,1590.5,2626.7,0.0,0.0,4217.2,1540.6,0.0,0.0,0.0,0.0314,0.0416,upv,upv,0.0,0.0,0.0,0.0,0.0,0.0,0.0,0.0,0.0,0.0,0.0,0.0,0.0,0.0,0.0,0.0,0.0,0.0,139.9,2.6,0.26,16.5,1054.5,0.06,140.0,48.0,188.0,0.0,0.0,0.0,0.0,0.0,0.0,0.0,0.0,0.0,0.0,0.0,0.0,0.0,0.0,0.0,0.0,0.0,0.0,6355.4,6355.4,4217.2,4217.2,0.0,0.0,0.0,0.0,0.0,435.2,0.0,0.0,0.0,0.0,0.0,0.0,0.0,3518.9,263.2,0.0
2050-04-03 14:00:00,2050-04-03 12:00:00,1574.7,2626.7,0.0,0.0,4201.5,1525.5,0.0,0.0,0.0,0.0313,0.0412,upv,upv,0.0,0.0,0.0,0.0,0.0,0.0,0.0,0.0,0.0,0.0,0.0,0.0,0.0,0.0,0.0,0.0,0.0,0.0,139.9,2.6,0.26,16.5,1054.4,0.06,140.0,48.0,188.0,0.0,0.0,0.0,0.0,0.0,0.0,0.0,0.0,0.0,0.0,0.0,0.0,0.0,0.0,0.0,0.0,0.0,0.0,6378.8,6378.8,4201.5,4201.5,0.0,0.0,0.0,0.0,0.0,435.2,0.0,0.0,0.0,0.0,0.0,0.0,0.0,3495.5,270.7,0.0
2050-04-03 15:00:00,2050-04-03 13:00:00,1582.1,2593.8,0.0,0.0,4175.9,1532.5,0.0,0.0,0.0,0.0313,0.0414,upv,upv,0.0,0.0,0.0,0.0,0.0,0.0,0.0,0.0,0.0,0.0,0.0,0.0,0.0,0.0,0.0,0.0,0.0,0.0,139.9,2.6,0.26,16.5,1054.4,0.06,140.0,48.0,188.0,0.0,0.0,0.0,0.0,0.0,0.0,0.0,0.0,0.0,0.0,0.0,0.0,0.0,0.0,0.0,0.0,0.0,276.8,6133.7,6410.5,4175.9,4175.9,0.0,0.0,0.0,0.0,0.0,435.2,0.0,0.0,0.0,0.0,0.0,0.0,0.0,3740.7,0.0,0.0
2050-04-03 16:00:00,2050-04-03 14:00:00,1585.3,2457.6,0.0,0.0,4042.9,1535.5,0.0,0.0,0.0,0.0314,0.0415,upv,upv,0.0,0.0,0.0,0.0,0.0,0.0,0.0,0.0,0.0,0.0,0.0,0.0,0.0,0.0,0.0,0.0,0.0,0.0,139.9,2.6,0.26,16.5,1054.5,0.06,140.0,48.0,188.0,0.0,0.0,0.0,0.0,0.0,0.0,0.0,0.0,0.0,0.0,0.0,0.0,0.0,0.0,0.0,0.0,0.0,276.1,6266.7,6542.8,4042.9,4042.9,0.0,0.0,0.0,0.0,0.0,435.2,0.0,0.0,0.0,0.0,0.0,0.0,0.0,3607.6,0.0,0.0
2050-04-03 17:00:00,2050-04-03 15:00:00,1636.8,2622.9,0.0,0.0,4259.7,1584.9,0.0,0.0,0.0,0.0317,0.0428,upv,upv,0.0,0.0,0.0,0.0,0.0,0.0,0.0,0.0,0.0,0.0,0.0,0.0,0.0,0.0,0.0,0.0,0.0,0.0,139.9,2.6,0.26,16.5,1054.8,0.06,140.1,48.0,188.0,0.0,0.0,0.0,0.0,0.0,0.0,0.0,0.0,0.0,0.0,0.0,0.0,0.0,0.0,0.0,0.0,0.0,276.1,6049.8,6326.0,4259.7,4259.7,0.0,0.0,0.0,0.0,0.0,435.2,0.0,0.0,0.0,0.0,0.0,0.0,0.0,3824.5,0.0,0.0
2050-04-03 18:00:00,2050-04-03 16:00:00,1698.9,3592.1,0.0,0.0,5291.0,1644.3,0.0,0.0,0.0,0.0321,0.0444,upv,upv,0.0,0.0,0.0,0.0,0.0,0.0,0.0,0.0,0.0,0.0,0.0,0.0,0.0,0.0,0.0,0.0,0.0,0.0,140.0,2.6,0.26,16.5,1055.3,0.06,140.1,48.0,188.1,0.0,0.0,0.0,0.0,0.0,0.0,0.0,0.0,0.0,0.0,0.0,0.0,0.0,0.0,0.0,0.0,0.0,276.7,4478.8,4755.5,5291.0,5291.0,0.0,0.0,0.0,0.0,0.0,412.5,0.0,0.0,0.0,0.0,0.0,0.0,0.0,4878.5,0.0,0.0
2050-04-03 19:00:00,2050-04-03 17:00:00,1781.1,257.9,0.0,8.0,2047.0,1722.7,-1238.1,0.0,1238.1,0.0328,0.0466,wind-ons,wind-ons,0.0,0.0,0.0,0.0,0.0,0.0,0.0,0.0,0.0,0.0,0.0,0.0,0.0,0.0,0.0,0.0,0.0,0.0,140.1,2.6,0.27,16.6,1056.4,0.06,140.3,48.1,188.3,0.0,0.0,0.0,0.0,0.0,0.0,0.0,0.0,0.0,0.0,0.0,0.0,0.0,0.0,0.0,0.0,0.0,126.8,0.0,126.8,3285.1,3285.1,0.0,0.0,0.0,0.0,0.0,132.6,0.0,0.0,0.0,0.0,0.0,0.0,0.0,3009.8,142.6,0.0
2050-04-03 20:00:00,2050-04-03 18:00:00,1902.1,0.0,0.0,11.5,1913.6,1837.9,1681.9,445.3,711.6,0.0337,0.0497,battery,gas-cc,0.0,0.0,0.0,0.0,0.0,0.0,0.0,0.0,0.0,0.0,0.0,0.0,0.0,0.0,0.0,0.0,0.0,0.0,143.0,2.7,0.27,16.9,1077.8,0.06,143.1,49.0,192.1,349.3,6.6,0.66,41.3,2635.6,0.15,349.6,119.8,469.5,27.38,0.0,0.0,27.38,28.81,0.0,0.0,28.81,0.0,0.0,0.0,2180.0,231.7,1948.2,0.0,0.0,0.0,0.0,0.0,0.0,0.0,0.0,0.0,0.0,0.0,0.0,0.0,231.7,0.0
2050-04-03 21:00:00,2050-04-03 19:00:00,1971.6,0.0,0.0,17.6,1989.1,1903.9,1811.3,445.3,1640.0,0.0343,0.0516,battery,gas-cc,0.0,0.0,0.0,0.0,0.0,0.0,0.0,0.0,0.0,0.0,0.0,0.0,0.0,0.0,0.0,0.0,0.0,0.0,142.8,2.7,0.27,16.9,1076.6,0.06,143.0,49.0,191.9,337.8,6.4,0.64,39.9,2549.5,0.15,338.2,115.9,454.1,27.38,0.0,0.0,27.38,28.86,0.0,0.0,28.86,0.0,0.0,0.0,3183.8,177.9,3005.9,0.0,0.0,0.0,0.0,0.0,0.0,0.0,0.0,0.0,0.0,0.0,0.0,0.0,177.9,0.0
2050-04-03 22:00:00,2050-04-03 20:00:00,1886.3,0.0,0.0,9.7,1896.0,1822.9,1767.4,445.3,431.3,0.0336,0.0493,battery,gas-cc,0.0,0.0,0.0,0.0,0.0,0.0,0.0,0.0,0.0,0.0,0.0,0.0,0.0,0.0,0.0,0.0,0.0,0.0,142.7,2.7,0.27,16.9,1075.7,0.06,142.8,48.9,191.8,429.4,8.1,0.81,50.7,3240.4,0.19,429.9,147.3,577.2,27.38,0.0,0.0,27.38,28.8,0.0,0.0,28.8,0.0,0.0,0.0,1882.0,128.6,1753.4,0.0,0.0,0.0,0.0,0.0,0.0,0.0,0.0,0.0,0.0,0.0,0.0,0.0,128.6,0.0
2050-04-03 23:00:00,2050-04-03 21:00:00,1778.9,0.0,0.0,17.6,1796.5,1720.7,1686.3,445.3,1640.0,0.0327,0.0465,battery,gas-cc,0.0,0.0,0.0,0.0,0.0,0.0,0.0,0.0,0.0,0.0,0.0,0.0,0.0,0.0,0.0,0.0,0.0,0.0,142.4,2.7,0.27,16.8,1073.3,0.06,142.5,48.8,191.3,336.1,6.3,0.63,39.7,2536.0,0.15,336.4,115.3,451.7,27.38,0.0,0.0,27.38,28.71,0.0,0.0,28.71,0.0,0.0,0.0,2991.2,110.2,2881.0,0.0,0.0,0.0,0.0,0.0,0.0,0.0,0.0,0.0,0.0,0.0,0.0,0.0,110.2,0.0
2050-04-04 00:00:00,2050-04-03 22:00:00,1626.3,0.0,0.0,17.6,1643.9,1574.9,1545.2,445.3,1640.0,0.0316,0.0425,battery,gas-cc,0.0,0.0,0.0,0.0,0.0,0.0,0.0,0.0,0.0,0.0,0.0,0.0,0.0,0.0,0.0,0.0,0.0,0.0,192.5,3.6,0.36,22.7,1451.5,0.08,192.7,66.0,258.7,334.7,6.3,0.63,39.5,2525.4,0.15,335.0,114.8,449.9,26.22,0.0,0.0,26.22,27.38,0.0,0.0,27.38,0.0,0.0,0.0,2838.5,98.6,2739.9,0.0,0.0,0.0,0.0,0.0,0.0,0.0,0.0,0.0,0.0,0.0,0.0,0.0,98.6,0.0
2050-04-04 01:00:00,2050-04-03 23:00:00,1476.8,0.0,0.0,17.6,1494.4,1431.5,1414.8,445.3,1640.0,0.0307,0.0386,battery,gas-cc,0.0,0.0,0.0,0.0,0.0,0.0,0.0,0.0,0.0,0.0,0.0,0.0,0.0,0.0,0.0,0.0,0.0,0.0,209.9,4.0,0.4,24.8,1583.7,0.09,210.2,72.0,282.2,333.3,6.3,0.63,39.4,2515.2,0.14,333.7,114.4,448.0,26.22,0.0,0.0,26.22,27.27,0.0,0.0,27.27,0.0,0.0,0.0,2689.1,79.6,2609.4,0.0,0.0,0.0,0.0,0.0,0.0,0.0,0.0,0.0,0.0,0.0,0.0,0.0,79.6,0.0
2050-04-04 02:00:00,2050-04-04 00:00:00,1340.0,0.0,0.0,17.3,1357.3,1299.7,1300.3,445.3,1595.1,0.0301,0.035,battery,gas-cc,0.0,0.0,0.0,0.0,0.0,0.0,0.0,0.0,0.0,0.0,0.0,0.0,0.0,0.0,0.0,0.0,0.0,0.0,175.7,3.3,0.33,20.8,1324.8,0.08,175.9,60.3,236.1,364.6,6.9,0.69,43.1,2751.1,0.16,365.0,125.1,490.0,26.22,0.0,0.0,26.22,27.17,0.0,0.0,27.17,0.0,0.0,0.0,2507.1,57.0,2450.1,0.0,0.0,0.0,0.0,0.0,0.0,0.0,0.0,0.0,0.0,0.0,0.0,0.0,57.0,0.0
2050-04-04 03:00:00,2050-04-04 01:00:00,1250.5,0.0,0.0,14.2,1264.7,1213.2,1233.7,445.3,1119.2,0.0298,0.0327,battery,gas-cc,0.0,0.0,0.0,0.0,0.0,0.0,0.0,0.0,0.0,0.0,0.0,0.0,0.0,0.0,0.0,0.0,0.0,0.0,176.1,3.3,0.33,20.8,1327.9,0.08,176.3,60.4,236.7,363.7,6.9,0.69,43.0,2744.4,0.16,364.1,124.8,488.9,26.22,0.0,0.0,26.22,27.1,0.0,0.0,27.1,0.0,0.0,0.0,1938.6,31.0,1907.6,0.0,0.0,0.0,0.0,0.0,0.0,0.0,0.0,0.0,0.0,0.0,0.0,0.0,31.0,0.0
2050-04-04 04:00:00,2050-04-04 02:00:00,1193.7,0.0,0.0,17.6,1211.2,1158.2,1189.3,445.3,1640.0,0.0297,0.0312,battery,gas-cc,0.0,0.0,0.0,0.0,0.0,0.0,0.0,0.0,0.0,0.0,0.0,0.0,0.0,0.0,0.0,0.0,0.0,0.0,161.5,3.0,0.31,19.1,1217.5,0.07,161.6,55.4,217.0,330.8,6.2,0.62,39.1,2495.9,0.14,331.1,113.5,444.6,26.22,0.0,0.0,26.22,27.06,0.0,0.0,27.06,0.0,0.0,0.0,2405.9,22.0,2383.9,0.0,0.0,0.0,0.0,0.0,0.0,0.0,0.0,0.0,0.0,0.0,0.0,0.0,22.0,0.0
2050-04-04 05:00:00,2050-04-04 03:00:00,1152.6,0.0,0.0,13.7,1166.3,1118.4,1143.2,445.3,1046.5,0.0297,0.0301,battery,gas-cc,0.0,0.0,0.0,0.0,0.0,0.0,0.0,0.0,0.0,0.0,0.0,0.0,0.0,0.0,0.0,0.0,0.0,0.0,201.6,3.8,0.38,23.8,1520.4,0.09,201.8,69.1,270.9,362.7,6.8,0.68,42.8,2737.2,0.16,363.1,124.5,487.6,26.22,0.0,0.0,26.22,27.03,0.0,0.0,27.03,0.0,0.0,0.0,1767.5,23.1,1744.4,0.0,0.0,0.0,0.0,0.0,0.0,0.0,0.0,0.0,0.0,0.0,0.0,0.0,23.1,0.0
2050-04-04 06:00:00,2050-04-04 04:00:00,1156.8,0.0,0.0,7.7,1164.6,1122.5,1147.6,445.3,128.1,0.0297,0.0303,gas-cc,gas-cc,0.0,0.0,0.0,0.0,0.0,0.0,0.0,0.0,0.0,0.0,0.0,0.0,0.0,0.0,0.0,0.0,0.0,0.0,194.8,3.7,0.37,23.0,1469.1,0.08,195.0,66.8,261.8,362.8,6.8,0.68,42.9,2737.5,0.16,363.2,124.5,487.6,26.22,0.0,0.0,26.22,27.03,0.0,0.0,27.03,0.0,0.0,0.0,847.4,17.0,830.4,0.0,0.0,0.0,0.0,0.0,0.0,0.0,0.0,0.0,0.0,0.0,0.0,0.0,17.0,0.0
2050-04-04 07:00:00,2050-04-04 05:00:00,1229.5,0.0,0.0,16.3,1245.8,1192.8,1229.9,445.3,1452.5,0.0298,0.0322,battery,gas-cc,0.0,0.0,0.0,0.0,0.0,0.0,0.0,0.0,0.0,0.0,0.0,0.0,0.0,0.0,0.0,0.0,0.0,0.0,174.3,3.3,0.33,20.6,1314.5,0.08,174.5,59.8,234.3,363.5,6.9,0.69,42.9,2742.8,0.16,363.9,124.7,488.6,26.22,0.0,0.0,26.22,27.09,0.0,0.0,27.09,0.0,0.0,0.0,2253.0,16.0,2237.1,0.0,0.0,0.0,0.0,0.0,0.0,0.0,0.0,0.0,0.0,0.0,0.0,0.0,16.0,0.0
2050-04-04 08:00:00,2050-04-04 06:00:00,1368.4,1582.9,0.0,5.3,2956.5,1327.1,-810.2,0.0,810.2,0.0302,0.0358,upv,upv,0.0,0.0,0.0,0.0,0.0,0.0,0.0,0.0,0.0,0.0,0.0,0.0,0.0,0.0,0.0,0.0,0.0,0.0,139.7,2.6,0.26,16.5,1053.2,0.06,139.9,47.9,187.8,0.0,0.0,0.0,0.0,0.0,0.0,0.0,0.0,0.0,0.0,0.0,0.0,0.0,0.0,0.0,0.0,0.0,0.0,129.0,129.0,3766.7,3766.7,0.0,0.0,0.0,0.0,0.0,163.8,0.0,0.0,0.0,0.0,0.0,0.0,0.0,3590.0,12.8,0.0
2050-04-04 09:00:00,2050-04-04 07:00:00,1526.3,3429.4,0.0,0.0,4955.7,1479.0,0.0,0.0,0.0,0.031,0.0399,upv,upv,0.0,0.0,0.0,0.0,0.0,0.0,0.0,0.0,0.0,0.0,0.0,0.0,0.0,0.0,0.0,0.0,0.0,0.0,139.8,2.6,0.26,16.5,1054.1,0.06,140.0,47.9,187.9,0.0,0.0,0.0,0.0,0.0,0.0,0.0,0.0,0.0,0.0,0.0,0.0,0.0,0.0,0.0,0.0,0.0,8.9,4982.5,4991.4,4955.7,4955.7,0.0,0.0,0.0,0.0,0.0,419.4,0.0,0.0,0.0,0.0,0.0,0.0,0.0,4536.4,0.0,0.0
2050-04-04 10:00:00,2050-04-04 08:00:00,1660.0,4019.6,0.0,0.0,5679.6,1607.1,0.0,0.0,0.0,0.0319,0.0434,upv,upv,0.0,0.0,0.0,0.0,0.0,0.0,0.0,0.0,0.0,0.0,0.0,0.0,0.0,0.0,0.0,0.0,0.0,0.0,139.9,2.6,0.26,16.5,1055.0,0.06,140.1,48.0,188.1,0.0,0.0,0.0,0.0,0.0,0.0,0.0,0.0,0.0,0.0,0.0,0.0,0.0,0.0,0.0,0.0,0.0,11.9,4630.0,4641.8,5679.6,5679.6,0.0,0.0,0.0,0.0,0.0,435.2,0.0,0.0,0.0,0.0,0.0,0.0,0.0,5244.3,0.0,0.0
2050-04-04 11:00:00,2050-04-04 09:00:00,1667.4,4019.6,0.0,0.0,5686.9,1614.2,-0.0,0.0,0.0,0.0319,0.0436,upv,upv,0.0,0.0,0.0,0.0,0.0,0.0,0.0,0.0,0.0,0.0,0.0,0.0,0.0,0.0,0.0,0.0,0.0,0.0,139.9,2.6,0.26,16.5,1055.1,0.06,140.1,48.0,188.1,0.0,0.0,0.0,0.0,0.0,0.0,0.0,0.0,0.0,0.0,0.0,0.0,0.0,0.0,0.0,0.0,0.0,15.2,4622.6,4637.8,5686.9,5686.9,0.0,0.0,0.0,0.0,0.0,435.2,0.0,0.0,0.0,0.0,0.0,0.0,0.0,5251.7,0.0,0.0
2050-04-04 12:00:00,2050-04-04 10:00:00,1618.9,3202.4,0.0,0.0,4821.4,1567.8,0.0,0.0,0.0,0.0316,0.0423,upv,upv,0.0,0.0,0.0,0.0,0.0,0.0,0.0,0.0,0.0,0.0,0.0,0.0,0.0,0.0,0.0,0.0,0.0,0.0,139.9,2.6,0.26,16.5,1054.7,0.06,140.1,48.0,188.0,0.0,0.0,0.0,0.0,0.0,0.0,0.0,0.0,0.0,0.0,0.0,0.0,0.0,0.0,0.0,0.0,0.0,12.7,5488.2,5500.8,4821.4,4821.4,0.0,0.0,0.0,0.0,0.0,0.0,0.0,0.0,0.0,0.0,0.0,0.0,0.0,4821.4,0.0,0.0
2050-04-04 13:00:00,2050-04-04 11:00:00,1592.6,2431.9,0.0,0.0,4024.5,1542.6,0.0,0.0,0.0,0.0314,0.0416,upv,upv,0.0,0.0,0.0,0.0,0.0,0.0,0.0,0.0,0.0,0.0,0.0,0.0,0.0,0.0,0.0,0.0,0.0,0.0,139.9,2.6,0.26,16.5,1054.5,0.06,140.0,48.0,188.0,0.0,0.0,0.0,0.0,0.0,0.0,0.0,0.0,0.0,0.0,0.0,0.0,0.0,0.0,0.0,0.0,0.0,19.2,6285.0,6304.2,4024.5,4024.5,0.0,0.0,0.0,0.0,0.0,435.2,0.0,0.0,0.0,0.0,0.0,0.0,0.0,3589.3,0.0,0.0
2050-04-04 14:00:00,2050-04-04 12:00:00,1587.4,2431.9,0.0,0.0,4019.3,1537.6,0.0,0.0,0.0,0.0314,0.0415,upv,upv,0.0,0.0,0.0,0.0,0.0,0.0,0.0,0.0,0.0,0.0,0.0,0.0,0.0,0.0,0.0,0.0,0.0,0.0,139.9,2.6,0.26,16.5,1054.5,0.06,140.0,48.0,188.0,0.0,0.0,0.0,0.0,0.0,0.0,0.0,0.0,0.0,0.0,0.0,0.0,0.0,0.0,0.0,0.0,0.0,22.9,6290.3,6313.2,4019.3,4019.3,0.0,0.0,0.0,0.0,0.0,435.2,0.0,0.0,0.0,0.0,0.0,0.0,0.0,3584.0,0.0,0.0
2050-04-04 15:00:00,2050-04-04 13:00:00,1610.5,2431.9,0.0,0.0,4042.4,1559.8,0.0,0.0,0.0,0.0315,0.0421,upv,upv,0.0,0.0,0.0,0.0,0.0,0.0,0.0,0.0,0.0,0.0,0.0,0.0,0.0,0.0,0.0,0.0,0.0,0.0,139.9,2.6,0.26,16.5,1054.6,0.06,140.0,48.0,188.0,0.0,0.0,0.0,0.0,0.0,0.0,0.0,0.0,0.0,0.0,0.0,0.0,0.0,0.0,0.0,0.0,0.0,0.0,6305.7,6305.7,4042.4,4042.4,0.0,0.0,0.0,0.0,0.0,435.2,0.0,0.0,0.0,0.0,0.0,0.0,0.0,3568.6,38.6,0.0
2050-04-04 16:00:00,2050-04-04 14:00:00,1636.8,3600.8,0.0,0.0,5237.7,1584.9,-0.0,0.0,0.0,0.0317,0.0428,upv,upv,0.0,0.0,0.0,0.0,0.0,0.0,0.0,0.0,0.0,0.0,0.0,0.0,0.0,0.0,0.0,0.0,0.0,0.0,139.9,2.6,0.26,16.5,1054.8,0.06,140.1,48.0,188.0,0.0,0.0,0.0,0.0,0.0,0.0,0.0,0.0,0.0,0.0,0.0,0.0,0.0,0.0,0.0,0.0,0.0,51.7,5071.9,5123.6,5237.7,5237.7,0.0,0.0,0.0,0.0,0.0,435.2,0.0,0.0,0.0,0.0,0.0,0.0,0.0,4802.5,0.0,0.0
2050-04-04 17:00:00,2050-04-04 15:00:00,1701.1,2784.1,0.0,0.0,4485.1,1646.4,0.0,0.0,0.0,0.0322,0.0445,upv,upv,0.0,0.0,0.0,0.0,0.0,0.0,0.0,0.0,0.0,0.0,0.0,0.0,0.0,0.0,0.0,0.0,0.0,0.0,140.0,2.6,0.26,16.5,1055.3,0.06,140.1,48.0,188.1,0.0,0.0,0.0,0.0,0.0,0.0,0.0,0.0,0.0,0.0,0.0,0.0,0.0,0.0,0.0,0.0,0.0,77.9,5824.4,5902.3,4485.1,4485.1,0.0,0.0,0.0,0.0,0.0,435.2,0.0,0.0,0.0,0.0,0.0,0.0,0.0,4049.9,0.0,0.0
2050-04-04 18:00:00,2050-04-04 16:00:00,1768.4,1232.0,0.0,0.0,3000.4,1710.7,0.0,0.0,0.0,0.0327,0.0462,upv,upv,0.0,0.0,0.0,0.0,0.0,0.0,0.0,0.0,0.0,0.0,0.0,0.0,0.0,0.0,0.0,0.0,0.0,0.0,140.1,2.6,0.27,16.5,1055.9,0.06,140.2,48.0,188.2,0.0,0.0,0.0,0.0,0.0,0.0,0.0,0.0,0.0,0.0,0.0,0.0,0.0,0.0,0.0,0.0,0.0,95.1,6884.0,6979.1,3000.4,3000.4,0.0,0.0,0.0,0.0,0.0,417.2,0.0,0.0,0.0,0.0,0.0,0.0,0.0,2583.2,0.0,0.0
2050-04-04 19:00:00,2050-04-04 17:00:00,1843.2,0.0,0.0,20.2,1863.4,1781.9,-1983.1,0.0,1983.1,0.0332,0.0482,battery,gas-cc,0.0,0.0,0.0,0.0,0.0,0.0,0.0,0.0,0.0,0.0,0.0,0.0,0.0,0.0,0.0,0.0,0.0,0.0,140.6,2.7,0.27,16.6,1060.0,0.06,140.8,48.2,189.0,372.7,7.0,0.7,44.0,2812.5,0.16,373.1,127.9,501.0,26.95,0.0,0.0,26.95,28.31,0.0,0.0,28.31,0.0,0.0,0.0,3846.4,3846.4,0.0,0.0,0.0,0.0,0.0,157.6,0.0,0.0,0.0,0.0,0.0,0.0,0.0,3576.8,112.0,0.0
2050-04-04 20:00:00,2050-04-04 18:00:00,1955.8,0.0,0.0,7.9,1963.7,1888.9,1843.6,0.0,1219.3,0.0342,0.0511,battery,gas-cc,0.0,0.0,0.0,0.0,0.0,0.0,0.0,0.0,0.0,0.0,0.0,0.0,0.0,0.0,0.0,0.0,0.0,0.0,143.4,2.7,0.27,16.9,1081.2,0.06,143.6,49.2,192.7,333.7,6.3,0.63,39.4,2518.0,0.14,334.0,114.5,448.5,28.75,0.0,0.0,28.75,30.3,0.0,0.0,30.3,0.0,0.0,0.0,3183.0,120.2,3062.8,0.0,0.0,0.0,0.0,0.0,0.0,0.0,0.0,0.0,0.0,0.0,0.0,0.0,120.2,0.0
2050-04-04 21:00:00,2050-04-04 19:00:00,2015.8,0.0,0.0,10.2,2026.0,1945.8,1931.0,0.0,1575.8,0.0347,0.0527,battery,gas-cc,0.0,0.0,0.0,0.0,0.0,0.0,0.0,0.0,0.0,0.0,0.0,0.0,0.0,0.0,0.0,0.0,0.0,0.0,143.5,2.7,0.27,17.0,1081.8,0.06,143.7,49.2,192.9,334.2,6.3,0.63,39.5,2522.1,0.14,334.6,114.7,449.3,28.75,0.0,0.0,28.75,30.35,0.0,0.0,30.35,0.0,0.0,0.0,3601.8,95.0,3506.8,0.0,0.0,0.0,0.0,0.0,0.0,0.0,0.0,0.0,0.0,0.0,0.0,0.0,95.0,0.0
2050-04-04 22:00:00,2050-04-04 20:00:00,1923.2,0.0,0.0,4.9,1928.1,1857.9,1867.4,0.0,759.3,0.0339,0.0503,battery,gas-cc,0.0,0.0,0.0,0.0,0.0,0.0,0.0,0.0,0.0,0.0,0.0,0.0,0.0,0.0,0.0,0.0,0.0,0.0,144.4,2.7,0.27,17.1,1088.5,0.06,144.5,49.5,194.0,333.4,6.3,0.63,39.4,2515.7,0.14,333.7,114.4,448.1,28.75,0.0,0.0,28.75,30.27,0.0,0.0,30.27,0.0,0.0,0.0,2687.4,60.7,2626.7,0.0,0.0,0.0,0.0,0.0,0.0,0.0,0.0,0.0,0.0,0.0,0.0,0.0,60.7,0.0
2050-04-04 23:00:00,2050-04-04 21:00:00,1804.2,0.0,0.0,6.2,1810.4,1744.8,1771.5,0.0,956.1,0.0329,0.0472,battery,gas-cc,0.0,0.0,0.0,0.0,0.0,0.0,0.0,0.0,0.0,0.0,0.0,0.0,0.0,0.0,0.0,0.0,0.0,0.0,216.9,4.1,0.41,25.6,1636.0,0.09,217.1,74.4,291.5,332.3,6.3,0.63,39.3,2507.5,0.14,332.6,114.0,446.7,28.75,0.0,0.0,28.75,30.17,0.0,0.0,30.17,0.0,0.0,0.0,2766.5,39.0,2727.5,0.0,0.0,0.0,0.0,0.0,0.0,0.0,0.0,0.0,0.0,0.0,0.0,0.0,39.0,0.0
2050-04-05 00:00:00,2050-04-04 22:00:00,1649.5,0.0,0.0,10.7,1660.1,1597.0,1642.8,0.0,1640.0,0.0318,0.0431,battery,gas-cc,0.0,0.0,0.0,0.0,0.0,0.0,0.0,0.0,0.0,0.0,0.0,0.0,0.0,0.0,0.0,0.0,0.0,0.0,183.1,3.5,0.35,21.6,1381.2,0.08,183.3,62.8,246.2,334.9,6.3,0.63,39.6,2527.0,0.15,335.2,114.9,450.1,27.0,0.0,0.0,27.0,28.22,0.0,0.0,28.22,0.0,0.0,0.0,3300.1,17.4,3282.7,0.0,0.0,0.0,0.0,0.0,0.0,0.0,0.0,0.0,0.0,0.0,0.0,0.0,17.4,0.0
2050-04-05 01:00:00,2050-04-04 23:00:00,1478.9,0.0,0.0,6.2,1485.1,1433.5,1479.2,0.0,952.7,0.0307,0.0387,battery,gas-cc,0.0,0.0,0.0,0.0,0.0,0.0,0.0,0.0,0.0,0.0,0.0,0.0,0.0,0.0,0.0,0.0,0.0,0.0,177.4,3.3,0.34,21.0,1337.8,0.08,177.6,60.8,238.4,333.3,6.3,0.63,39.4,2515.3,0.14,333.7,114.4,448.1,27.0,0.0,0.0,27.0,28.09,0.0,0.0,28.09,0.0,0.0,0.0,2437.8,5.9,2431.9,0.0,0.0,0.0,0.0,0.0,0.0,0.0,0.0,0.0,0.0,0.0,0.0,0.0,5.9,0.0
2050-04-05 02:00:00,2050-04-05 00:00:00,1332.6,0.0,0.0,8.1,1340.7,1292.6,1336.9,0.0,1248.3,0.0301,0.0348,battery,gas-cc,0.0,0.0,0.0,0.0,0.0,0.0,0.0,0.0,0.0,0.0,0.0,0.0,0.0,0.0,0.0,0.0,0.0,0.0,228.1,4.3,0.43,26.9,1720.5,0.1,228.3,78.2,306.6,332.0,6.3,0.63,39.2,2505.3,0.14,332.4,113.9,446.3,27.0,0.0,0.0,27.0,27.98,0.0,0.0,27.98,0.0,0.0,0.0,2589.0,3.8,2585.2,0.0,0.0,0.0,0.0,0.0,0.0,0.0,0.0,0.0,0.0,0.0,0.0,0.0,3.8,0.0
2050-04-05 03:00:00,2050-04-05 01:00:00,1234.7,0.0,0.0,2.1,1236.8,1197.9,1233.2,0.0,320.1,0.0298,0.0323,battery,gas-cc,0.0,0.0,0.0,0.0,0.0,0.0,0.0,0.0,0.0,0.0,0.0,0.0,0.0,0.0,0.0,0.0,0.0,0.0,162.2,3.1,0.31,19.2,1222.9,0.07,162.4,55.6,218.0,331.1,6.2,0.62,39.1,2498.7,0.14,331.5,113.6,445.1,27.0,0.0,0.0,27.0,27.9,0.0,0.0,27.9,0.0,0.0,0.0,1557.0,3.6,1553.4,0.0,0.0,0.0,0.0,0.0,0.0,0.0,0.0,0.0,0.0,0.0,0.0,0.0,3.6,0.0
2050-04-05 04:00:00,2050-04-05 02:00:00,1175.8,0.0,0.0,0.8,1176.6,1140.9,1174.2,0.0,129.8,0.0297,0.0307,battery,gas-cc,0.0,0.0,0.0,0.0,0.0,0.0,0.0,0.0,0.0,0.0,0.0,0.0,0.0,0.0,0.0,0.0,0.0,0.0,165.0,3.1,0.31,19.5,1244.1,0.07,165.2,56.6,221.8,330.6,6.2,0.62,39.1,2494.7,0.14,331.0,113.4,444.4,27.0,0.0,0.0,27.0,27.86,0.0,0.0,27.86,0.0,0.0,0.0,1306.4,2.5,1303.9,0.0,0.0,0.0,0.0,0.0,0.0,0.0,0.0,0.0,0.0,0.0,0.0,0.0,2.5,0.0
2050-04-05 05:00:00,2050-04-05 03:00:00,1142.1,0.0,0.0,0.7,1142.8,1108.2,1141.5,44.5,0.0,0.0297,0.0299,battery,gas-cc,0.0,0.0,0.0,0.0,0.0,0.0,0.0,0.0,0.0,0.0,0.0,0.0,0.0,0.0,0.0,0.0,0.0,0.0,166.0,3.1,0.31,19.6,1251.5,0.07,166.1,56.9,223.1,330.3,6.2,0.62,39.0,2492.5,0.14,330.6,113.3,444.0,27.0,0.0,0.0,27.0,27.83,0.0,0.0,27.83,0.0,0.0,0.0,1098.3,1.3,1097.1,0.0,0.0,0.0,0.0,0.0,0.0,0.0,0.0,0.0,0.0,0.0,0.0,0.0,1.3,0.0
2050-04-05 06:00:00,2050-04-05 04:00:00,1142.1,0.0,0.0,0.7,1142.8,1108.2,1142.0,44.7,0.0,0.0297,0.0299,battery,gas-cc,0.0,0.0,0.0,0.0,0.0,0.0,0.0,0.0,0.0,0.0,0.0,0.0,0.0,0.0,0.0,0.0,0.0,0.0,174.4,3.3,0.33,20.6,1315.3,0.08,174.6,59.8,234.4,330.3,6.2,0.62,39.0,2492.5,0.14,330.6,113.3,444.0,27.0,0.0,0.0,27.0,27.83,0.0,0.0,27.83,0.0,0.0,0.0,1098.1,0.8,1097.2,0.0,0.0,0.0,0.0,0.0,0.0,0.0,0.0,0.0,0.0,0.0,0.0,0.0,0.8,0.0
2050-04-05 07:00:00,2050-04-05 05:00:00,1216.8,0.0,0.0,0.0,1216.9,1180.6,1216.8,0.6,0.0,0.0298,0.0318,battery,gas-cc,0.0,0.0,0.0,0.0,0.0,0.0,0.0,0.0,0.0,0.0,0.0,0.0,0.0,0.0,0.0,0.0,0.0,0.0,155.8,2.9,0.29,18.4,1174.6,0.07,155.9,53.4,209.4,331.0,6.2,0.62,39.1,2497.5,0.14,331.3,113.6,444.9,27.0,0.0,0.0,27.0,27.89,0.0,0.0,27.89,0.0,0.0,0.0,1216.2,0.1,1216.2,0.0,0.0,0.0,0.0,0.0,0.0,0.0,0.0,0.0,0.0,0.0,0.0,0.0,0.1,0.0
2050-04-05 08:00:00,2050-04-05 06:00:00,1345.3,0.0,0.0,14.3,1359.6,1304.7,-693.6,445.3,1138.9,0.0301,0.0352,phs,upv,0.0,0.0,0.0,0.0,0.0,0.0,0.0,0.0,0.0,0.0,0.0,0.0,0.0,0.0,0.0,0.0,0.0,0.0,139.7,2.6,0.26,16.5,1053.1,0.06,139.8,47.9,187.7,0.0,0.0,0.0,0.0,0.0,0.0,0.0,0.0,0.0,1.25,0.0,0.0,1.25,1.3,0.0,0.0,1.3,0.0,0.0,0.0,2053.1,2053.1,0.0,0.0,0.0,0.0,0.0,86.6,0.0,0.0,0.0,0.0,0.0,0.0,0.0,1966.1,0.4,0.0
2050-04-05 09:00:00,2050-04-05 07:00:00,1494.7,3140.8,0.0,0.0,4635.5,1448.7,0.0,0.0,0.0,0.0308,0.0391,upv,upv,0.0,0.0,0.0,0.0,0.0,0.0,0.0,0.0,0.0,0.0,0.0,0.0,0.0,0.0,0.0,0.0,0.0,0.0,139.8,2.6,0.26,16.5,1053.9,0.06,139.9,47.9,187.9,0.0,0.0,0.0,0.0,0.0,0.0,0.0,0.0,0.0,0.0,0.0,0.0,0.0,0.0,0.0,0.0,0.0,0.9,4412.2,4413.0,4635.5,4635.5,0.0,0.0,0.0,0.0,0.0,0.0,0.0,0.0,0.0,0.0,0.0,0.0,0.0,4635.5,0.0,0.0
2050-04-05 10:00:00,2050-04-05 08:00:00,1636.8,2788.6,0.0,0.0,4425.4,1584.9,0.0,0.0,0.0,0.0317,0.0428,upv,upv,0.0,0.0,0.0,0.0,0.0,0.0,0.0,0.0,0.0,0.0,0.0,0.0,0.0,0.0,0.0,0.0,0.0,0.0,139.9,2.6,0.26,16.5,1054.8,0.06,140.1,48.0,188.0,0.0,0.0,0.0,0.0,0.0,0.0,0.0,0.0,0.0,0.0,0.0,0.0,0.0,0.0,0.0,0.0,0.0,0.1,5620.9,5621.0,4425.4,4425.4,0.0,0.0,0.0,0.0,0.0,424.0,0.0,0.0,0.0,0.0,0.0,0.0,0.0,4001.4,0.0,0.0
2050-04-05 11:00:00,2050-04-05 09:00:00,1644.2,2231.4,0.0,0.0,3875.6,1592.0,0.0,0.0,0.0,0.0318,0.043,upv,upv,0.0,0.0,0.0,0.0,0.0,0.0,0.0,0.0,0.0,0.0,0.0,0.0,0.0,0.0,0.0,0.0,0.0,0.0,139.9,2.6,0.26,16.5,1054.9,0.06,140.1,48.0,188.1,0.0,0.0,0.0,0.0,0.0,0.0,0.0,0.0,0.0,0.0,0.0,0.0,0.0,0.0,0.0,0.0,0.0,0.0,5772.5,5772.5,3875.6,3875.6,0.0,0.0,0.0,0.0,0.0,407.1,0.0,0.0,0.0,0.0,0.0,0.0,0.0,3468.5,0.0,0.0
2050-04-05 12:00:00,2050-04-05 10:00:00,1628.4,3957.5,0.0,0.0,5586.0,1576.9,-0.0,0.0,0.0,0.0316,0.0426,upv,upv,0.0,0.0,0.0,0.0,0.0,0.0,0.0,0.0,0.0,0.0,0.0,0.0,0.0,0.0,0.0,0.0,0.0,0.0,139.9,2.6,0.26,16.5,1054.8,0.06,140.1,48.0,188.0,0.0,0.0,0.0,0.0,0.0,0.0,0.0,0.0,0.0,0.0,0.0,0.0,0.0,0.0,0.0,0.0,0.0,0.0,4156.6,4156.6,5586.0,5586.0,0.0,0.0,0.0,0.0,0.0,411.1,0.0,0.0,0.0,0.0,0.0,0.0,0.0,5174.9,0.0,0.0
2050-04-05 13:00:00,2050-04-05 11:00:00,1605.3,2821.5,0.0,0.0,4426.8,1554.7,0.0,0.0,0.0,0.0315,0.042,upv,upv,0.0,0.0,0.0,0.0,0.0,0.0,0.0,0.0,0.0,0.0,0.0,0.0,0.0,0.0,0.0,0.0,0.0,0.0,139.9,2.6,0.26,16.5,1054.6,0.06,140.0,48.0,188.0,0.0,0.0,0.0,0.0,0.0,0.0,0.0,0.0,0.0,0.0,0.0,0.0,0.0,0.0,0.0,0.0,0.0,0.0,5538.4,5538.4,4426.8,4426.8,0.0,0.0,0.0,0.0,0.0,420.4,0.0,0.0,0.0,0.0,0.0,0.0,0.0,4006.4,0.0,0.0
2050-04-05 14:00:00,2050-04-05 12:00:00,1613.7,4019.6,0.0,0.0,5633.3,1562.8,0.0,0.0,0.0,0.0315,0.0422,upv,upv,0.0,0.0,0.0,0.0,0.0,0.0,0.0,0.0,0.0,0.0,0.0,0.0,0.0,0.0,0.0,0.0,0.0,0.0,139.9,2.6,0.26,16.5,1054.7,0.06,140.0,48.0,188.0,0.0,0.0,0.0,0.0,0.0,0.0,0.0,0.0,0.0,0.0,0.0,0.0,0.0,0.0,0.0,0.0,0.0,0.5,4028.5,4029.0,5633.3,5633.3,0.0,0.0,0.0,0.0,0.0,407.8,0.0,0.0,0.0,0.0,0.0,0.0,0.0,5225.5,0.0,0.0
2050-04-05 15:00:00,2050-04-05 13:00:00,1656.8,3824.8,0.0,0.0,5481.6,1604.1,0.0,0.0,0.0,0.0318,0.0433,upv,upv,0.0,0.0,0.0,0.0,0.0,0.0,0.0,0.0,0.0,0.0,0.0,0.0,0.0,0.0,0.0,0.0,0.0,0.0,139.9,2.6,0.26,16.5,1055.0,0.06,140.1,48.0,188.1,0.0,0.0,0.0,0.0,0.0,0.0,0.0,0.0,0.0,0.0,0.0,0.0,0.0,0.0,0.0,0.0,0.0,5.7,3674.2,3679.8,5481.6,5481.6,0.0,0.0,0.0,0.0,0.0,386.5,0.0,0.0,0.0,0.0,0.0,0.0,0.0,5095.1,0.0,0.0
2050-04-05 16:00:00,2050-04-05 14:00:00,1670.5,2650.9,0.0,0.0,4321.4,1617.2,0.0,0.0,0.0,0.0319,0.0437,upv,upv,0.0,0.0,0.0,0.0,0.0,0.0,0.0,0.0,0.0,0.0,0.0,0.0,0.0,0.0,0.0,0.0,0.0,0.0,140.0,2.6,0.26,16.5,1055.1,0.06,140.1,48.0,188.1,0.0,0.0,0.0,0.0,0.0,0.0,0.0,0.0,0.0,0.0,0.0,0.0,0.0,0.0,0.0,0.0,0.0,11.5,3849.2,3860.7,4321.4,4321.4,0.0,0.0,0.0,0.0,0.0,344.8,0.0,0.0,0.0,0.0,0.0,0.0,0.0,3976.6,0.0,0.0
2050-04-05 17:00:00,2050-04-05 15:00:00,1754.7,3270.4,0.0,0.0,5025.1,1697.6,0.0,0.0,0.0,0.0326,0.0459,upv,upv,0.0,0.0,0.0,0.0,0.0,0.0,0.0,0.0,0.0,0.0,0.0,0.0,0.0,0.0,0.0,0.0,0.0,0.0,140.0,2.6,0.27,16.5,1055.7,0.06,140.2,48.0,188.2,0.0,0.0,0.0,0.0,0.0,0.0,0.0,0.0,0.0,0.0,0.0,0.0,0.0,0.0,0.0,0.0,0.0,15.3,2653.0,2668.3,5025.1,5025.1,0.0,0.0,0.0,0.0,0.0,324.1,0.0,0.0,0.0,0.0,0.0,0.0,0.0,4701.0,0.0,0.0
2050-04-05 18:00:00,2050-04-05 16:00:00,1827.4,2461.0,0.0,0.0,4288.4,1766.8,0.0,0.0,0.0,0.0331,0.0478,upv,upv,0.0,0.0,0.0,0.0,0.0,0.0,0.0,0.0,0.0,0.0,0.0,0.0,0.0,0.0,0.0,0.0,0.0,0.0,140.1,2.6,0.27,16.6,1056.4,0.06,140.3,48.1,188.3,0.0,0.0,0.0,0.0,0.0,0.0,0.0,0.0,0.0,0.0,0.0,0.0,0.0,0.0,0.0,0.0,0.0,0.0,677.2,677.2,4288.4,4288.4,0.0,0.0,0.0,0.0,0.0,208.6,0.0,0.0,0.0,0.0,0.0,0.0,0.0,4056.4,23.3,0.0
2050-04-05 19:00:00,2050-04-05 17:00:00,1912.6,0.0,0.0,1.4,1914.0,1847.9,208.9,208.9,0.0,0.0338,0.05,hydro,hydro,0.0,0.0,0.0,0.0,0.0,0.0,0.0,0.0,0.0,0.0,0.0,0.0,0.2,0.5,0.0,0.0,0.2,0.2,140.5,2.7,0.27,16.6,1059.2,0.06,140.6,48.2,188.8,0.0,0.0,0.0,0.0,0.0,0.0,0.0,0.0,0.0,14.4,0.0,0.0,14.4,15.15,0.0,0.0,15.15,0.0,0.0,0.0,1705.1,1705.1,0.0,0.0,0.0,0.0,0.0,70.5,0.0,0.0,0.0,0.0,0.0,0.0,0.0,1600.2,34.3,0.0
2050-04-05 20:00:00,2050-04-05 18:00:00,2021.1,0.0,0.0,10.7,2031.7,1950.8,1969.9,0.0,1640.0,0.0348,0.0529,battery,gas-cc,0.0,0.0,0.0,0.0,0.0,0.0,0.0,0.0,0.0,0.0,0.0,0.0,0.0,0.0,0.0,0.0,0.0,0.0,143.2,2.7,0.27,16.9,1079.8,0.06,143.4,49.1,192.5,338.3,6.4,0.64,40.0,2552.9,0.15,338.7,116.1,454.8,26.45,0.0,0.0,26.45,27.93,0.0,0.0,27.93,0.0,0.0,0.0,3671.7,61.9,3609.8,0.0,0.0,0.0,0.0,0.0,0.0,0.0,0.0,0.0,0.0,0.0,0.0,0.0,61.9,0.0
2050-04-05 21:00:00,2050-04-05 19:00:00,2067.4,0.0,0.0,10.7,2078.0,1994.6,2032.4,0.0,1640.0,0.0352,0.0541,battery,gas-cc,0.0,0.0,0.0,0.0,0.0,0.0,0.0,0.0,0.0,0.0,0.0,0.0,0.0,0.0,0.0,0.0,0.0,0.0,142.9,2.7,0.27,16.9,1077.6,0.06,143.1,49.0,192.1,338.7,6.4,0.64,40.0,2556.2,0.15,339.1,116.2,455.3,26.45,0.0,0.0,26.45,27.96,0.0,0.0,27.96,0.0,0.0,0.0,3718.0,45.6,3672.4,0.0,0.0,0.0,0.0,0.0,0.0,0.0,0.0,0.0,0.0,0.0,0.0,0.0,45.6,0.0
2050-04-05 22:00:00,2050-04-05 20:00:00,1969.5,0.0,0.0,10.7,1980.1,1901.9,1961.8,0.0,1640.0,0.0343,0.0515,battery,gas-cc,0.0,0.0,0.0,0.0,0.0,0.0,0.0,0.0,0.0,0.0,0.0,0.0,0.0,0.0,0.0,0.0,0.0,0.0,143.3,2.7,0.27,16.9,1080.7,0.06,143.5,49.2,192.7,337.8,6.4,0.64,39.9,2549.3,0.15,338.2,115.9,454.1,26.45,0.0,0.0,26.45,27.89,0.0,0.0,27.89,0.0,0.0,0.0,3620.1,18.4,3601.7,0.0,0.0,0.0,0.0,0.0,0.0,0.0,0.0,0.0,0.0,0.0,0.0,0.0,18.4,0.0
2050-04-05 23:00:00,2050-04-05 21:00:00,1832.6,0.0,0.0,5.2,1837.8,1771.9,1831.5,0.0,795.2,0.0332,0.0479,battery,gas-cc,0.0,0.0,0.0,0.0,0.0,0.0,0.0,0.0,0.0,0.0,0.0,0.0,0.0,0.0,0.0,0.0,0.0,0.0,161.3,3.0,0.3,19.1,1216.1,0.07,161.4,55.3,216.8,336.6,6.3,0.63,39.8,2539.7,0.15,336.9,115.5,452.4,26.45,0.0,0.0,26.45,27.78,0.0,0.0,27.78,0.0,0.0,0.0,2633.0,6.3,2626.7,0.0,0.0,0.0,0.0,0.0,0.0,0.0,0.0,0.0,0.0,0.0,0.0,0.0,6.3,0.0
2050-04-06 00:00:00,2050-04-05 22:00:00,1662.1,0.0,0.0,1.5,1663.6,1609.1,1662.3,0.0,234.9,0.0319,0.0435,battery,gas-cc,0.0,0.0,0.0,0.0,0.0,0.0,0.0,0.0,0.0,0.0,0.0,0.0,0.0,0.0,0.0,0.0,0.0,0.0,171.1,3.2,0.32,20.2,1290.0,0.07,171.2,58.7,229.9,335.0,6.3,0.63,39.6,2527.9,0.15,335.4,114.9,450.3,26.45,0.0,0.0,26.45,27.65,0.0,0.0,27.65,0.0,0.0,0.0,1898.5,1.3,1897.2,0.0,0.0,0.0,0.0,0.0,0.0,0.0,0.0,0.0,0.0,0.0,0.0,0.0,1.3,0.0
2050-04-06 01:00:00,2050-04-05 23:00:00,1489.5,0.0,0.0,0.0,1489.5,1443.6,1488.7,0.0,0.0,0.0308,0.039,battery,gas-cc,0.0,0.0,0.0,0.0,0.0,0.0,0.0,0.0,0.0,0.0,0.0,0.0,0.0,0.0,0.0,0.0,0.0,0.0,235.4,4.4,0.44,27.8,1775.9,0.1,235.7,80.8,316.4,333.4,6.3,0.63,39.4,2516.0,0.14,333.8,114.4,448.2,26.45,0.0,0.0,26.45,27.52,0.0,0.0,27.52,0.0,0.0,0.0,1489.5,0.8,1488.7,0.0,0.0,0.0,0.0,0.0,0.0,0.0,0.0,0.0,0.0,0.0,0.0,0.0,0.8,0.0
2050-04-06 02:00:00,2050-04-06 00:00:00,1334.7,0.0,0.0,3.8,1338.5,1294.6,1338.2,0.0,578.5,0.0301,0.0349,battery,gas-cc,0.0,0.0,0.0,0.0,0.0,0.0,0.0,0.0,0.0,0.0,0.0,0.0,0.0,0.0,0.0,0.0,0.0,0.0,185.5,3.5,0.35,21.9,1398.7,0.08,185.7,63.6,249.3,332.0,6.3,0.63,39.2,2505.5,0.14,332.4,113.9,446.3,26.45,0.0,0.0,26.45,27.41,0.0,0.0,27.41,0.0,0.0,0.0,1917.0,0.3,1916.8,0.0,0.0,0.0,0.0,0.0,0.0,0.0,0.0,0.0,0.0,0.0,0.0,0.0,0.3,0.0
2050-04-06 03:00:00,2050-04-06 01:00:00,1231.6,0.0,0.0,0.0,1231.6,1194.9,1231.5,0.0,0.0,0.0298,0.0322,battery,gas-cc,0.0,0.0,0.0,0.0,0.0,0.0,0.0,0.0,0.0,0.0,0.0,0.0,0.0,0.0,0.0,0.0,0.0,0.0,165.4,3.1,0.31,19.5,1247.2,0.07,165.6,56.7,222.3,331.1,6.2,0.62,39.1,2498.5,0.14,331.4,113.6,445.1,26.45,0.0,0.0,26.45,27.33,0.0,0.0,27.33,0.0,0.0,0.0,1231.6,0.1,1231.5,0.0,0.0,0.0,0.0,0.0,0.0,0.0,0.0,0.0,0.0,0.0,0.0,0.0,0.1,0.0
2050-04-06 04:00:00,2050-04-06 02:00:00,1167.4,0.0,0.0,0.0,1167.4,1132.7,1167.4,0.0,0.0,0.0297,0.0305,battery,gas-cc,0.0,0.0,0.0,0.0,0.0,0.0,0.0,0.0,0.0,0.0,0.0,0.0,0.0,0.0,0.0,0.0,0.0,0.0,175.9,3.3,0.33,20.8,1326.4,0.08,176.1,60.3,236.4,330.5,6.2,0.62,39.0,2494.2,0.14,330.9,113.4,444.3,26.45,0.0,0.0,26.45,27.28,0.0,0.0,27.28,0.0,0.0,0.0,1167.4,0.0,1167.4,0.0,0.0,0.0,0.0,0.0,0.0,0.0,0.0,0.0,0.0,0.0,0.0,0.0,0.0,0.0
2050-04-06 05:00:00,2050-04-06 03:00:00,1133.7,0.0,0.0,2.9,1136.6,1100.0,1136.5,0.0,446.2,0.0297,0.0296,battery,gas-cc,0.0,0.0,0.0,0.0,0.0,0.0,0.0,0.0,0.0,0.0,0.0,0.0,0.0,0.0,0.0,0.0,0.0,0.0,166.3,3.1,0.31,19.6,1253.8,0.07,166.4,57.0,223.5,330.2,6.2,0.62,39.0,2491.9,0.14,330.6,113.3,443.9,26.45,0.0,0.0,26.45,27.26,0.0,0.0,27.26,0.0,0.0,0.0,1582.8,0.1,1582.7,0.0,0.0,0.0,0.0,0.0,0.0,0.0,0.0,0.0,0.0,0.0,0.0,0.0,0.1,0.0
2050-04-06 06:00:00,2050-04-06 04:00:00,1133.7,0.0,0.0,5.9,1139.6,1100.0,1138.6,0.0,903.7,0.0297,0.0296,battery,gas-cc,0.0,0.0,0.0,0.0,0.0,0.0,0.0,0.0,0.0,0.0,0.0,0.0,0.0,0.0,0.0,0.0,0.0,0.0,160.7,3.0,0.3,19.0,1211.7,0.07,160.9,55.1,216.0,379.8,7.2,0.72,44.9,2866.0,0.16,380.2,130.3,510.5,26.45,0.0,0.0,26.45,27.26,0.0,0.0,27.26,0.0,0.0,0.0,2043.3,1.0,2042.2,0.0,0.0,0.0,0.0,0.0,0.0,0.0,0.0,0.0,0.0,0.0,0.0,0.0,1.0,0.0
2050-04-06 07:00:00,2050-04-06 05:00:00,1195.8,0.0,0.0,3.0,1198.8,1160.2,1196.5,0.0,457.9,0.0297,0.0313,battery,gas-cc,0.0,0.0,0.0,0.0,0.0,0.0,0.0,0.0,0.0,0.0,0.0,0.0,0.0,0.0,0.0,0.0,0.0,0.0,141.9,2.7,0.27,16.8,1070.0,0.06,142.1,48.7,190.8,330.8,6.2,0.62,39.1,2496.1,0.14,331.1,113.5,444.6,26.45,0.0,0.0,26.45,27.31,0.0,0.0,27.31,0.0,0.0,0.0,1656.6,2.3,1654.4,0.0,0.0,0.0,0.0,0.0,0.0,0.0,0.0,0.0,0.0,0.0,0.0,0.0,2.3,0.0
2050-04-06 08:00:00,2050-04-06 06:00:00,1322.1,0.0,0.0,14.1,1336.2,1282.4,-666.2,445.3,1111.5,0.03,0.0346,hydro,gas-cc,0.0,0.0,0.0,0.0,0.0,0.0,0.0,0.0,0.0,0.0,0.0,0.0,0.0,0.0,0.0,0.0,0.0,0.0,141.2,2.7,0.27,16.7,1064.8,0.06,141.4,48.4,189.8,368.8,7.0,0.7,43.6,2782.9,0.16,369.2,126.5,495.7,23.88,0.0,0.0,23.88,24.73,0.0,0.0,24.73,0.0,0.0,0.0,2002.5,2002.5,0.0,0.0,0.0,0.0,0.0,84.2,0.0,0.0,0.0,0.0,0.0,0.0,0.0,1911.2,7.0,0.0
2050-04-06 09:00:00,2050-04-06 07:00:00,1469.5,2775.6,0.0,0.0,4245.0,1424.4,0.0,0.0,0.0,0.0307,0.0384,upv,upv,0.0,0.0,0.0,0.0,0.0,0.0,0.0,0.0,0.0,0.0,0.0,0.0,0.0,0.0,0.0,0.0,0.0,0.0,139.8,2.6,0.26,16.5,1053.7,0.06,139.9,47.9,187.9,0.0,0.0,0.0,0.0,0.0,0.0,0.0,0.0,0.0,0.0,0.0,0.0,0.0,0.0,0.0,0.0,0.0,12.3,3473.5,3485.7,4245.0,4245.0,0.0,0.0,0.0,0.0,0.0,0.0,0.0,0.0,0.0,0.0,0.0,0.0,0.0,4245.0,0.0,0.0
2050-04-06 10:00:00,2050-04-06 08:00:00,1631.6,3795.7,0.0,0.0,5427.2,1579.9,0.0,0.0,0.0,0.0317,0.0427,upv,upv,0.0,0.0,0.0,0.0,0.0,0.0,0.0,0.0,0.0,0.0,0.0,0.0,0.0,0.0,0.0,0.0,0.0,0.0,139.9,2.6,0.26,16.5,1054.8,0.06,140.1,48.0,188.0,0.0,0.0,0.0,0.0,0.0,0.0,0.0,0.0,0.0,0.0,0.0,0.0,0.0,0.0,0.0,0.0,0.0,10.3,3357.2,3367.5,5427.2,5427.2,0.0,0.0,0.0,0.0,0.0,370.6,0.0,0.0,0.0,0.0,0.0,0.0,0.0,5056.6,0.0,0.0
2050-04-06 11:00:00,2050-04-06 09:00:00,1654.7,3795.7,0.0,0.0,5450.4,1602.1,0.0,0.0,0.0,0.0318,0.0433,upv,upv,0.0,0.0,0.0,0.0,0.0,0.0,0.0,0.0,0.0,0.0,0.0,0.0,0.0,0.0,0.0,0.0,0.0,0.0,139.9,2.6,0.26,16.5,1055.0,0.06,140.1,48.0,188.1,0.0,0.0,0.0,0.0,0.0,0.0,0.0,0.0,0.0,0.0,0.0,0.0,0.0,0.0,0.0,0.0,0.0,12.5,4332.7,4345.2,5450.4,5450.4,0.0,0.0,0.0,0.0,0.0,412.9,0.0,0.0,0.0,0.0,0.0,0.0,0.0,5037.5,0.0,0.0
2050-04-06 12:00:00,2050-04-06 10:00:00,1644.2,2650.9,0.0,0.0,4295.1,1592.0,0.0,0.0,0.0,0.0318,0.043,upv,upv,0.0,0.0,0.0,0.0,0.0,0.0,0.0,0.0,0.0,0.0,0.0,0.0,0.0,0.0,0.0,0.0,0.0,0.0,139.9,2.6,0.26,16.5,1054.9,0.06,140.1,48.0,188.1,0.0,0.0,0.0,0.0,0.0,0.0,0.0,0.0,0.0,0.0,0.0,0.0,0.0,0.0,0.0,0.0,0.0,0.0,5984.3,5984.3,4295.1,4295.1,0.0,0.0,0.0,0.0,0.0,432.7,0.0,0.0,0.0,0.0,0.0,0.0,0.0,3838.3,24.1,0.0
2050-04-06 13:00:00,2050-04-06 11:00:00,1638.9,3824.8,0.0,0.0,5463.7,1587.0,-0.0,0.0,0.0,0.0317,0.0429,upv,upv,0.0,0.0,0.0,0.0,0.0,0.0,0.0,0.0,0.0,0.0,0.0,0.0,0.0,0.0,0.0,0.0,0.0,0.0,139.9,2.6,0.26,16.5,1054.8,0.06,140.1,48.0,188.1,0.0,0.0,0.0,0.0,0.0,0.0,0.0,0.0,0.0,0.0,0.0,0.0,0.0,0.0,0.0,0.0,0.0,0.0,4889.7,4889.7,5463.7,5463.7,0.0,0.0,0.0,0.0,0.0,435.2,0.0,0.0,0.0,0.0,0.0,0.0,0.0,4984.7,43.8,0.0
2050-04-06 14:00:00,2050-04-06 12:00:00,1654.7,2461.0,0.0,0.0,4115.7,1602.1,0.0,0.0,0.0,0.0318,0.0433,upv,upv,0.0,0.0,0.0,0.0,0.0,0.0,0.0,0.0,0.0,0.0,0.0,0.0,0.0,0.0,0.0,0.0,0.0,0.0,139.9,2.6,0.26,16.5,1055.0,0.06,140.1,48.0,188.1,0.0,0.0,0.0,0.0,0.0,0.0,0.0,0.0,0.0,0.0,0.0,0.0,0.0,0.0,0.0,0.0,0.0,0.0,6251.6,6251.6,4115.7,4115.7,0.0,0.0,0.0,0.0,0.0,435.2,0.0,0.0,0.0,0.0,0.0,0.0,0.0,3622.7,57.8,0.0
2050-04-06 15:00:00,2050-04-06 13:00:00,1693.7,2655.8,0.0,0.0,4349.5,1639.3,0.0,0.0,0.0,0.0321,0.0443,upv,upv,0.0,0.0,0.0,0.0,0.0,0.0,0.0,0.0,0.0,0.0,0.0,0.0,0.0,0.0,0.0,0.0,0.0,0.0,140.0,2.6,0.26,16.5,1055.3,0.06,140.1,48.0,188.1,0.0,0.0,0.0,0.0,0.0,0.0,0.0,0.0,0.0,0.0,0.0,0.0,0.0,0.0,0.0,0.0,0.0,0.0,6047.4,6047.4,4349.5,4349.5,0.0,0.0,0.0,0.0,0.0,435.2,0.0,0.0,0.0,0.0,0.0,0.0,0.0,3826.9,87.4,0.0
2050-04-06 16:00:00,2050-04-06 14:00:00,1750.5,3795.7,0.0,0.0,5546.2,1693.6,-0.0,0.0,0.0,0.0325,0.0458,upv,upv,0.0,0.0,0.0,0.0,0.0,0.0,0.0,0.0,0.0,0.0,0.0,0.0,0.0,0.0,0.0,0.0,0.0,0.0,140.0,2.6,0.27,16.5,1055.7,0.06,140.2,48.0,188.2,0.0,0.0,0.0,0.0,0.0,0.0,0.0,0.0,0.0,0.0,0.0,0.0,0.0,0.0,0.0,0.0,0.0,0.0,4891.1,4891.1,5546.2,5546.2,0.0,0.0,0.0,0.0,0.0,435.2,0.0,0.0,0.0,0.0,0.0,0.0,0.0,4983.2,127.8,0.0
2050-04-06 17:00:00,2050-04-06 15:00:00,1848.4,2655.8,0.0,0.0,4504.2,1786.9,0.0,0.0,0.0,0.0333,0.0483,upv,upv,0.0,0.0,0.0,0.0,0.0,0.0,0.0,0.0,0.0,0.0,0.0,0.0,0.0,0.0,0.0,0.0,0.0,0.0,140.1,2.6,0.27,16.6,1056.6,0.06,140.3,48.1,188.4,0.0,0.0,0.0,0.0,0.0,0.0,0.0,0.0,0.0,0.0,0.0,0.0,0.0,0.0,0.0,0.0,0.0,0.0,5970.3,5970.3,4504.2,4504.2,0.0,0.0,0.0,0.0,0.0,435.2,0.0,0.0,0.0,0.0,0.0,0.0,0.0,3904.0,165.0,0.0
2050-04-06 18:00:00,2050-04-06 16:00:00,1943.2,2755.7,0.0,0.0,4698.8,1876.9,0.0,0.0,0.0,0.0341,0.0508,upv,upv,0.0,0.0,0.0,0.0,0.0,0.0,0.0,0.0,0.0,0.0,0.0,0.0,0.0,0.0,0.0,0.0,0.0,0.0,141.8,2.7,0.27,16.8,1069.4,0.06,142.0,48.6,190.6,0.0,0.0,0.0,0.0,0.0,0.0,0.0,0.0,0.0,0.0,0.0,0.0,0.0,0.0,0.0,0.0,0.0,0.0,5118.8,5118.8,4698.8,4698.8,0.0,0.0,0.0,0.0,0.0,406.0,0.0,0.0,0.0,0.0,0.0,0.0,0.0,4096.4,196.4,0.0
2050-04-06 19:00:00,2050-04-06 17:00:00,2017.9,0.0,0.0,13.9,2031.8,1947.8,-1849.2,0.0,1849.2,0.0347,0.0528,upv,upv,0.0,0.0,0.0,0.0,0.0,0.0,0.0,0.0,0.0,0.0,0.0,0.0,0.0,0.0,0.0,0.0,0.0,0.0,140.5,2.7,0.27,16.6,1059.1,0.06,140.6,48.2,188.8,0.0,0.0,0.0,0.0,0.0,0.0,0.0,0.0,0.0,4.49,0.0,0.0,4.49,4.74,0.0,0.0,4.74,0.0,0.0,0.0,3881.0,3881.0,0.0,0.0,0.0,0.0,0.0,154.6,0.0,0.0,0.0,0.0,0.0,0.0,0.0,3509.0,217.4,0.0
2050-04-06 20:00:00,2050-04-06 18:00:00,2097.9,0.0,0.0,17.6,2115.5,2023.5,1894.3,445.3,1640.0,0.0355,0.0549,battery,gas-cc,0.0,0.0,0.0,0.0,0.0,0.0,0.0,0.0,0.0,0.0,0.0,0.0,0.0,0.0,0.0,0.0,0.0,0.0,141.7,2.7,0.27,16.7,1068.6,0.06,141.9,48.6,190.5,339.0,6.4,0.64,40.0,2558.4,0.15,339.4,116.3,455.7,23.88,0.0,0.0,23.88,25.26,0.0,0.0,25.26,0.0,0.0,0.0,3310.1,221.2,3088.9,0.0,0.0,0.0,0.0,0.0,0.0,0.0,0.0,0.0,0.0,0.0,0.0,0.0,221.2,0.0
2050-04-06 21:00:00,2050-04-06 19:00:00,2121.1,0.0,0.0,17.6,2138.6,2045.4,1915.8,445.3,1640.0,0.0357,0.0555,battery,gas-cc,0.0,0.0,0.0,0.0,0.0,0.0,0.0,0.0,0.0,0.0,0.0,0.0,0.0,0.0,0.0,0.0,0.0,0.0,143.3,2.7,0.27,16.9,1080.4,0.06,143.5,49.1,192.6,339.2,6.4,0.64,40.1,2560.0,0.15,339.6,116.4,456.0,23.88,0.0,0.0,23.88,25.28,0.0,0.0,25.28,0.0,0.0,0.0,3333.3,222.8,3110.4,0.0,0.0,0.0,0.0,0.0,0.0,0.0,0.0,0.0,0.0,0.0,0.0,0.0,222.8,0.0
2050-04-06 22:00:00,2050-04-06 20:00:00,2021.1,0.0,0.0,13.8,2034.8,1950.8,1847.3,445.3,1059.0,0.0348,0.0529,battery,gas-cc,0.0,0.0,0.0,0.0,0.0,0.0,0.0,0.0,0.0,0.0,0.0,0.0,0.0,0.0,0.0,0.0,0.0,0.0,143.1,2.7,0.27,16.9,1078.9,0.06,143.3,49.1,192.3,375.9,7.1,0.71,44.4,2836.6,0.16,376.3,129.0,505.3,23.88,0.0,0.0,23.88,25.21,0.0,0.0,25.21,0.0,0.0,0.0,2648.5,187.6,2461.0,0.0,0.0,0.0,0.0,0.0,0.0,0.0,0.0,0.0,0.0,0.0,0.0,0.0,187.6,0.0
2050-04-06 23:00:00,2050-04-06 21:00:00,1878.9,0.0,0.0,9.9,1888.8,1815.9,1739.0,445.3,459.7,0.0335,0.0491,battery,gas-cc,0.0,0.0,0.0,0.0,0.0,0.0,0.0,0.0,0.0,0.0,0.0,0.0,0.0,0.0,0.0,0.0,0.0,0.0,179.1,3.4,0.34,21.2,1350.5,0.08,179.3,61.4,240.7,374.4,7.1,0.71,44.2,2825.5,0.16,374.8,128.5,503.3,23.88,0.0,0.0,23.88,25.11,0.0,0.0,25.11,0.0,0.0,0.0,1903.2,149.8,1753.4,0.0,0.0,0.0,0.0,0.0,0.0,0.0,0.0,0.0,0.0,0.0,0.0,0.0,149.8,0.0
2050-04-07 00:00:00,2050-04-06 22:00:00,1708.4,0.0,0.0,12.8,1721.3,1653.4,1590.6,445.3,912.1,0.0322,0.0447,battery,gas-cc,0.0,0.0,0.0,0.0,0.0,0.0,0.0,0.0,0.0,0.0,0.0,0.0,0.0,0.0,0.0,0.0,0.0,0.0,159.8,3.0,0.3,18.9,1204.9,0.07,160.0,54.8,214.8,377.7,7.1,0.71,44.6,2850.3,0.16,378.1,129.6,507.7,23.88,0.0,0.0,23.88,24.99,0.0,0.0,24.99,0.0,0.0,0.0,2188.1,130.7,2057.4,0.0,0.0,0.0,0.0,0.0,0.0,0.0,0.0,0.0,0.0,0.0,0.0,0.0,130.7,0.0
2050-04-07 01:00:00,2050-04-06 23:00:00,1544.2,0.0,0.0,15.3,1559.5,1496.2,1458.7,445.3,1294.2,0.0311,0.0404,hydro,gas-cc,0.0,0.0,0.0,0.0,0.0,0.0,0.0,0.0,0.0,0.0,0.0,0.0,0.0,0.0,0.0,0.0,0.0,0.0,153.1,2.9,0.29,18.1,1154.5,0.07,153.3,52.5,205.8,368.0,6.9,0.69,43.5,2776.6,0.16,368.3,126.3,494.6,23.88,0.0,0.0,23.88,24.88,0.0,0.0,24.88,0.0,0.0,0.0,2408.4,100.8,2307.6,0.0,0.0,0.0,0.0,0.0,0.0,0.0,0.0,0.0,0.0,0.0,0.0,0.0,100.8,0.0
2050-04-07 02:00:00,2050-04-07 00:00:00,1394.7,0.0,0.0,12.7,1407.4,1352.4,1346.9,445.3,889.7,0.0303,0.0365,battery,gas-cc,0.0,0.0,0.0,0.0,0.0,0.0,0.0,0.0,0.0,0.0,0.0,0.0,0.0,0.0,0.0,0.0,0.0,0.0,143.7,2.7,0.27,17.0,1083.3,0.06,143.8,49.3,193.1,369.5,7.0,0.7,43.7,2788.4,0.16,369.9,126.8,496.7,23.88,0.0,0.0,23.88,24.78,0.0,0.0,24.78,0.0,0.0,0.0,1851.8,60.6,1791.2,0.0,0.0,0.0,0.0,0.0,0.0,0.0,0.0,0.0,0.0,0.0,0.0,0.0,60.6,0.0
2050-04-07 03:00:00,2050-04-07 01:00:00,1275.8,0.0,0.0,13.3,1289.1,1237.6,1239.9,445.3,987.9,0.0299,0.0334,battery,gas-cc,0.0,0.0,0.0,0.0,0.0,0.0,0.0,0.0,0.0,0.0,0.0,0.0,0.0,0.0,0.0,0.0,0.0,0.0,153.6,2.9,0.29,18.1,1158.2,0.07,153.8,52.7,206.5,373.3,7.0,0.7,44.1,2817.0,0.16,373.7,128.1,501.8,23.88,0.0,0.0,23.88,24.7,0.0,0.0,24.7,0.0,0.0,0.0,1831.7,49.2,1782.5,0.0,0.0,0.0,0.0,0.0,0.0,0.0,0.0,0.0,0.0,0.0,0.0,0.0,49.2,0.0
2050-04-07 04:00:00,2050-04-07 02:00:00,1201.1,0.0,0.0,14.2,1215.2,1165.3,1171.5,445.3,1121.2,0.0297,0.0314,battery,gas-cc,0.0,0.0,0.0,0.0,0.0,0.0,0.0,0.0,0.0,0.0,0.0,0.0,0.0,0.0,0.0,0.0,0.0,0.0,151.2,2.9,0.29,17.9,1140.0,0.07,151.4,51.9,203.2,367.6,6.9,0.69,43.4,2773.8,0.16,368.0,126.1,494.1,23.88,0.0,0.0,23.88,24.65,0.0,0.0,24.65,0.0,0.0,0.0,1891.1,43.7,1847.4,0.0,0.0,0.0,0.0,0.0,0.0,0.0,0.0,0.0,0.0,0.0,0.0,0.0,43.7,0.0
2050-04-07 05:00:00,2050-04-07 03:00:00,1162.1,0.0,0.0,15.7,1177.8,1127.6,1145.1,445.3,1348.5,0.0297,0.0304,hydro,gas-cc,0.0,0.0,0.0,0.0,0.0,0.0,0.0,0.0,0.0,0.0,0.0,0.0,0.0,0.0,0.0,0.0,0.0,0.0,143.0,2.7,0.27,16.9,1078.0,0.06,143.1,49.0,192.2,364.2,6.9,0.69,43.0,2748.0,0.16,364.6,125.0,489.5,23.88,0.0,0.0,23.88,24.63,0.0,0.0,24.63,0.0,0.0,0.0,2081.0,32.6,2048.3,0.0,0.0,0.0,0.0,0.0,0.0,0.0,0.0,0.0,0.0,0.0,0.0,0.0,32.6,0.0
2050-04-07 06:00:00,2050-04-07 04:00:00,1154.7,0.0,0.0,17.6,1172.3,1120.4,1144.4,445.3,1640.0,0.0297,0.0302,battery,gas-cc,0.0,0.0,0.0,0.0,0.0,0.0,0.0,0.0,0.0,0.0,0.0,0.0,0.0,0.0,0.0,0.0,0.0,0.0,236.2,4.5,0.45,27.9,1781.8,0.1,236.4,81.0,317.5,330.4,6.2,0.62,39.0,2493.3,0.14,330.8,113.4,444.1,23.88,0.0,0.0,23.88,24.62,0.0,0.0,24.62,0.0,0.0,0.0,2367.0,27.9,2339.1,0.0,0.0,0.0,0.0,0.0,0.0,0.0,0.0,0.0,0.0,0.0,0.0,0.0,27.9,0.0
2050-04-07 07:00:00,2050-04-07 05:00:00,1198.9,0.0,0.0,14.4,1213.4,1163.3,1193.6,445.3,1156.0,0.0297,0.0314,gas-cc,gas-cc,0.0,0.0,0.0,0.0,0.0,0.0,0.0,0.0,0.0,0.0,0.0,0.0,0.0,0.0,0.0,0.0,0.0,0.0,152.4,2.9,0.29,18.0,1149.2,0.07,152.6,52.3,204.9,367.6,6.9,0.69,43.4,2773.6,0.16,368.0,126.1,494.1,23.88,0.0,0.0,23.88,24.65,0.0,0.0,24.65,0.0,0.0,0.0,1924.0,19.8,1904.2,0.0,0.0,0.0,0.0,0.0,0.0,0.0,0.0,0.0,0.0,0.0,0.0,0.0,19.8,0.0
2050-04-07 08:00:00,2050-04-07 06:00:00,1283.2,829.6,0.0,10.7,2123.4,1244.8,-1640.0,0.0,1640.0,0.0299,0.0336,battery,upv,0.0,0.0,0.0,0.0,0.0,0.0,0.0,0.0,0.0,0.0,0.0,0.0,0.0,0.0,0.0,0.0,0.0,0.0,139.7,2.6,0.26,16.5,1052.9,0.06,139.8,47.9,187.7,0.0,0.0,0.0,0.0,0.0,0.0,0.0,0.0,0.0,0.0,0.0,0.0,0.0,0.0,0.0,0.0,0.0,0.0,0.0,0.0,3763.4,3763.4,0.0,0.0,0.0,0.0,0.0,158.1,0.0,0.0,0.0,0.0,0.0,0.0,0.0,3586.5,18.8,0.0
2050-04-07 09:00:00,2050-04-07 07:00:00,1451.6,3459.5,0.0,0.0,4911.1,1407.2,0.0,0.0,0.0,0.0306,0.038,upv,upv,0.0,0.0,0.0,0.0,0.0,0.0,0.0,0.0,0.0,0.0,0.0,0.0,0.0,0.0,0.0,0.0,0.0,0.0,139.8,2.6,0.26,16.5,1053.6,0.06,139.9,47.9,187.8,0.0,0.0,0.0,0.0,0.0,0.0,0.0,0.0,0.0,0.0,0.0,0.0,0.0,0.0,0.0,0.0,0.0,7.6,4588.7,4596.3,4911.1,4911.1,0.0,0.0,0.0,0.0,0.0,400.9,0.0,0.0,0.0,0.0,0.0,0.0,0.0,4510.2,0.0,0.0
2050-04-07 10:00:00,2050-04-07 08:00:00,1621.1,2850.6,0.0,0.0,4471.7,1569.8,0.0,0.0,0.0,0.0316,0.0424,upv,upv,0.0,0.0,0.0,0.0,0.0,0.0,0.0,0.0,0.0,0.0,0.0,0.0,0.0,0.0,0.0,0.0,0.0,0.0,139.9,2.6,0.26,16.5,1054.7,0.06,140.1,48.0,188.0,0.0,0.0,0.0,0.0,0.0,0.0,0.0,0.0,0.0,0.0,0.0,0.0,0.0,0.0,0.0,0.0,0.0,7.3,5837.9,5845.1,4471.7,4471.7,0.0,0.0,0.0,0.0,0.0,0.0,0.0,0.0,0.0,0.0,0.0,0.0,0.0,4471.7,0.0,0.0
2050-04-07 11:00:00,2050-04-07 09:00:00,1660.0,2655.8,0.0,0.0,4315.8,1607.1,0.0,0.0,0.0,0.0319,0.0434,upv,upv,0.0,0.0,0.0,0.0,0.0,0.0,0.0,0.0,0.0,0.0,0.0,0.0,0.0,0.0,0.0,0.0,0.0,0.0,139.9,2.6,0.26,16.5,1055.0,0.06,140.1,48.0,188.1,0.0,0.0,0.0,0.0,0.0,0.0,0.0,0.0,0.0,0.0,0.0,0.0,0.0,0.0,0.0,0.0,0.0,9.9,5993.7,6003.6,4315.8,4315.8,0.0,0.0,0.0,0.0,0.0,0.0,0.0,0.0,0.0,0.0,0.0,0.0,0.0,4315.8,0.0,0.0
2050-04-07 12:00:00,2050-04-07 10:00:00,1633.7,2821.5,0.0,0.0,4455.2,1581.9,0.0,0.0,0.0,0.0317,0.0427,upv,upv,0.0,0.0,0.0,0.0,0.0,0.0,0.0,0.0,0.0,0.0,0.0,0.0,0.0,0.0,0.0,0.0,0.0,0.0,139.9,2.6,0.26,16.5,1054.8,0.06,140.1,48.0,188.0,0.0,0.0,0.0,0.0,0.0,0.0,0.0,0.0,0.0,0.0,0.0,0.0,0.0,0.0,0.0,0.0,0.0,14.4,5854.3,5868.8,4455.2,4455.2,0.0,0.0,0.0,0.0,0.0,0.0,0.0,0.0,0.0,0.0,0.0,0.0,0.0,4455.2,0.0,0.0
2050-04-07 13:00:00,2050-04-07 11:00:00,1608.4,2626.7,0.0,0.0,4235.1,1557.7,0.0,0.0,0.0,0.0315,0.0421,upv,upv,0.0,0.0,0.0,0.0,0.0,0.0,0.0,0.0,0.0,0.0,0.0,0.0,0.0,0.0,0.0,0.0,0.0,0.0,139.9,2.6,0.26,16.5,1054.6,0.06,140.0,48.0,188.0,0.0,0.0,0.0,0.0,0.0,0.0,0.0,0.0,0.0,0.0,0.0,0.0,0.0,0.0,0.0,0.0,0.0,18.9,6027.0,6045.9,4235.1,4235.1,0.0,0.0,0.0,0.0,0.0,433.1,0.0,0.0,0.0,0.0,0.0,0.0,0.0,3802.1,0.0,0.0
2050-04-07 14:00:00,2050-04-07 12:00:00,1613.7,3742.5,0.0,0.0,5356.2,1562.8,0.0,0.0,0.0,0.0315,0.0422,upv,upv,0.0,0.0,0.0,0.0,0.0,0.0,0.0,0.0,0.0,0.0,0.0,0.0,0.0,0.0,0.0,0.0,0.0,0.0,139.9,2.6,0.26,16.5,1054.7,0.06,140.0,48.0,188.0,0.0,0.0,0.0,0.0,0.0,0.0,0.0,0.0,0.0,0.0,0.0,0.0,0.0,0.0,0.0,0.0,0.0,0.0,4621.2,4621.2,5356.2,5356.2,0.0,0.0,0.0,0.0,0.0,420.1,0.0,0.0,0.0,0.0,0.0,0.0,0.0,4910.6,25.5,0.0
2050-04-07 15:00:00,2050-04-07 13:00:00,1654.7,3786.9,0.0,0.0,5441.6,1602.1,0.0,0.0,0.0,0.0318,0.0433,upv,upv,0.0,0.0,0.0,0.0,0.0,0.0,0.0,0.0,0.0,0.0,0.0,0.0,0.0,0.0,0.0,0.0,0.0,0.0,139.9,2.6,0.26,16.5,1055.0,0.06,140.1,48.0,188.1,0.0,0.0,0.0,0.0,0.0,0.0,0.0,0.0,0.0,0.0,0.0,0.0,0.0,0.0,0.0,0.0,0.0,34.2,4152.6,4186.8,5441.6,5441.6,0.0,0.0,0.0,0.0,0.0,404.9,0.0,0.0,0.0,0.0,0.0,0.0,0.0,5036.7,0.0,0.0
2050-04-07 16:00:00,2050-04-07 14:00:00,1672.6,3824.8,0.0,0.0,5497.4,1619.2,0.0,0.0,0.0,0.032,0.0437,upv,upv,0.0,0.0,0.0,0.0,0.0,0.0,0.0,0.0,0.0,0.0,0.0,0.0,0.0,0.0,0.0,0.0,0.0,0.0,140.0,2.6,0.26,16.5,1055.1,0.06,140.1,48.0,188.1,0.0,0.0,0.0,0.0,0.0,0.0,0.0,0.0,0.0,0.0,0.0,0.0,0.0,0.0,0.0,0.0,0.0,41.7,3604.2,3645.9,5497.4,5497.4,0.0,0.0,0.0,0.0,0.0,384.0,0.0,0.0,0.0,0.0,0.0,0.0,0.0,5113.4,0.0,0.0
2050-04-07 17:00:00,2050-04-07 15:00:00,1747.4,2431.9,0.0,0.0,4179.3,1690.6,0.0,0.0,0.0,0.0325,0.0457,upv,upv,0.0,0.0,0.0,0.0,0.0,0.0,0.0,0.0,0.0,0.0,0.0,0.0,0.0,0.0,0.0,0.0,0.0,0.0,140.0,2.6,0.27,16.5,1055.7,0.06,140.2,48.0,188.2,0.0,0.0,0.0,0.0,0.0,0.0,0.0,0.0,0.0,0.0,0.0,0.0,0.0,0.0,0.0,0.0,0.0,0.0,3731.0,3731.0,4179.3,4179.3,0.0,0.0,0.0,0.0,0.0,331.7,0.0,0.0,0.0,0.0,0.0,0.0,0.0,3797.5,50.1,0.0
2050-04-07 18:00:00,2050-04-07 16:00:00,1796.8,2136.6,0.0,0.0,3933.4,1737.8,0.0,0.0,0.0,0.0329,0.047,upv,upv,0.0,0.0,0.0,0.0,0.0,0.0,0.0,0.0,0.0,0.0,0.0,0.0,0.0,0.0,0.0,0.0,0.0,0.0,140.1,2.6,0.27,16.6,1056.1,0.06,140.2,48.0,188.3,0.0,0.0,0.0,0.0,0.0,0.0,0.0,0.0,0.0,0.0,0.0,0.0,0.0,0.0,0.0,0.0,0.0,67.2,1042.5,1109.7,3933.4,3933.4,0.0,0.0,0.0,0.0,0.0,210.0,0.0,0.0,0.0,0.0,0.0,0.0,0.0,3723.4,0.0,0.0
2050-04-07 19:00:00,2050-04-07 17:00:00,1881.1,0.0,0.0,6.9,1888.0,1817.9,452.4,452.4,0.0,0.0336,0.0492,battery,upv,0.0,0.0,0.0,0.0,0.0,0.0,0.0,0.0,0.0,0.0,0.0,0.0,0.0,0.0,0.0,0.0,0.0,0.0,172.6,3.3,0.33,20.4,1301.9,0.08,172.8,59.2,232.0,0.0,0.0,0.0,0.0,0.0,0.0,0.0,0.0,0.0,4.86,0.0,0.0,4.86,5.11,0.0,0.0,5.11,0.0,0.0,0.0,1435.6,1435.6,0.0,0.0,0.0,0.0,0.0,56.3,0.0,0.0,0.0,0.0,0.0,0.0,0.0,1278.7,100.5,0.0
2050-04-07 20:00:00,2050-04-07 18:00:00,1976.8,0.0,0.0,4.5,1981.3,1908.9,1854.0,287.5,0.0,0.0344,0.0517,battery,gas-cc,0.0,0.0,0.0,0.0,0.0,0.0,0.0,0.0,0.0,0.0,0.0,0.0,0.0,0.0,0.0,0.0,0.0,0.0,164.3,3.1,0.31,19.4,1239.2,0.07,164.5,56.4,220.9,519.8,9.8,0.98,61.4,3922.7,0.23,520.4,178.4,698.8,41.67,0.0,0.0,41.67,43.95,0.0,0.0,43.95,0.0,0.0,0.0,1693.8,127.3,1566.5,0.0,0.0,0.0,0.0,0.0,0.0,0.0,0.0,0.0,0.0,0.0,0.0,0.0,127.3,0.0
2050-04-07 21:00:00,2050-04-07 19:00:00,2015.8,0.0,0.0,17.6,2033.4,1945.8,1910.7,445.3,1640.0,0.0347,0.0527,battery,gas-cc,0.0,0.0,0.0,0.0,0.0,0.0,0.0,0.0,0.0,0.0,0.0,0.0,0.0,0.0,0.0,0.0,0.0,0.0,180.2,3.4,0.34,21.3,1358.9,0.08,180.4,61.8,242.2,376.4,7.1,0.71,44.5,2840.2,0.16,376.8,129.1,505.9,41.67,0.0,0.0,41.67,43.99,0.0,0.0,43.99,0.0,0.0,0.0,3228.0,122.7,3105.3,0.0,0.0,0.0,0.0,0.0,0.0,0.0,0.0,0.0,0.0,0.0,0.0,0.0,122.7,0.0
2050-04-07 22:00:00,2050-04-07 20:00:00,1914.7,0.0,0.0,12.5,1927.3,1849.9,1816.4,445.3,866.0,0.0338,0.0501,battery,gas-cc,0.0,0.0,0.0,0.0,0.0,0.0,0.0,0.0,0.0,0.0,0.0,0.0,0.0,0.0,0.0,0.0,0.0,0.0,152.3,2.9,0.29,18.0,1148.1,0.07,152.4,52.2,204.7,404.4,7.6,0.76,47.8,3051.8,0.18,404.9,138.8,543.6,41.67,0.0,0.0,41.67,43.87,0.0,0.0,43.87,0.0,0.0,0.0,2347.9,110.9,2237.1,0.0,0.0,0.0,0.0,0.0,0.0,0.0,0.0,0.0,0.0,0.0,0.0,0.0,110.9,0.0
2050-04-07 23:00:00,2050-04-07 21:00:00,1781.1,0.0,0.0,15.8,1796.8,1722.7,1726.7,445.3,1366.0,0.0328,0.0466,battery,gas-cc,0.0,0.0,0.0,0.0,0.0,0.0,0.0,0.0,0.0,0.0,0.0,0.0,0.0,0.0,0.0,0.0,0.0,0.0,163.7,3.1,0.31,19.3,1234.4,0.07,163.9,56.1,220.0,374.0,7.0,0.7,44.2,2822.0,0.16,374.4,128.3,502.7,41.67,0.0,0.0,41.67,43.71,0.0,0.0,43.71,0.0,0.0,0.0,2717.6,70.1,2647.4,0.0,0.0,0.0,0.0,0.0,0.0,0.0,0.0,0.0,0.0,0.0,0.0,0.0,70.1,0.0
2050-04-08 00:00:00,2050-04-07 22:00:00,1642.1,0.0,0.0,17.6,1659.7,1590.0,1599.4,445.3,1640.0,0.0317,0.0429,battery,gas-cc,0.0,0.0,0.0,0.0,0.0,0.0,0.0,0.0,0.0,0.0,0.0,0.0,0.0,0.0,0.0,0.0,0.0,0.0,162.6,3.1,0.31,19.2,1226.3,0.07,162.8,55.8,218.6,334.8,6.3,0.63,39.6,2526.5,0.15,335.2,114.9,450.0,25.82,0.0,0.0,25.82,26.98,0.0,0.0,26.98,0.0,0.0,0.0,2854.3,60.3,2794.1,0.0,0.0,0.0,0.0,0.0,0.0,0.0,0.0,0.0,0.0,0.0,0.0,0.0,60.3,0.0
2050-04-08 01:00:00,2050-04-07 23:00:00,1497.9,0.0,0.0,13.6,1511.5,1451.7,1474.6,445.3,1027.2,0.0308,0.0392,battery,gas-cc,0.0,0.0,0.0,0.0,0.0,0.0,0.0,0.0,0.0,0.0,0.0,0.0,0.0,0.0,0.0,0.0,0.0,0.0,142.4,2.7,0.27,16.8,1073.2,0.06,142.5,48.8,191.3,329.5,6.2,0.62,38.9,2486.6,0.14,329.9,113.1,442.9,25.82,0.0,0.0,25.82,26.87,0.0,0.0,26.87,0.0,0.0,0.0,2093.4,36.9,2056.5,0.0,0.0,0.0,0.0,0.0,0.0,0.0,0.0,0.0,0.0,0.0,0.0,0.0,36.9,0.0
2050-04-08 02:00:00,2050-04-08 00:00:00,1368.4,0.0,0.0,17.6,1386.0,1327.1,1358.1,445.3,1640.0,0.0302,0.0358,battery,gas-cc,0.0,0.0,0.0,0.0,0.0,0.0,0.0,0.0,0.0,0.0,0.0,0.0,0.0,0.0,0.0,0.0,0.0,0.0,142.1,2.7,0.27,16.8,1071.3,0.06,142.3,48.7,191.0,332.3,6.3,0.63,39.3,2507.8,0.14,332.7,114.0,446.7,25.82,0.0,0.0,25.82,26.78,0.0,0.0,26.78,0.0,0.0,0.0,2580.6,27.9,2552.7,0.0,0.0,0.0,0.0,0.0,0.0,0.0,0.0,0.0,0.0,0.0,0.0,0.0,27.9,0.0
2050-04-08 03:00:00,2050-04-08 01:00:00,1254.7,0.0,0.0,15.6,1270.3,1217.3,1245.0,445.3,1338.7,0.0298,0.0328,battery,gas-cc,0.0,0.0,0.0,0.0,0.0,0.0,0.0,0.0,0.0,0.0,0.0,0.0,0.0,0.0,0.0,0.0,0.0,0.0,142.4,2.7,0.27,16.8,1073.9,0.06,142.6,48.8,191.4,363.7,6.9,0.69,43.0,2744.7,0.16,364.1,124.8,488.9,25.82,0.0,0.0,25.82,26.7,0.0,0.0,26.7,0.0,0.0,0.0,2163.8,25.3,2138.4,0.0,0.0,0.0,0.0,0.0,0.0,0.0,0.0,0.0,0.0,0.0,0.0,0.0,25.3,0.0
2050-04-08 04:00:00,2050-04-08 02:00:00,1183.2,0.0,0.0,17.6,1200.7,1148.0,1178.7,445.3,1640.0,0.0297,0.0309,battery,gas-cc,0.0,0.0,0.0,0.0,0.0,0.0,0.0,0.0,0.0,0.0,0.0,0.0,0.0,0.0,0.0,0.0,0.0,0.0,142.4,2.7,0.27,16.8,1073.8,0.06,142.6,48.8,191.4,330.7,6.2,0.62,39.1,2495.2,0.14,331.0,113.5,444.5,25.82,0.0,0.0,25.82,26.64,0.0,0.0,26.64,0.0,0.0,0.0,2395.4,22.0,2373.4,0.0,0.0,0.0,0.0,0.0,0.0,0.0,0.0,0.0,0.0,0.0,0.0,0.0,22.0,0.0
2050-04-08 05:00:00,2050-04-08 03:00:00,1136.8,0.0,0.0,15.1,1151.9,1103.1,1132.7,445.3,1260.8,0.0297,0.0297,hydro,gas-cc,0.0,0.0,0.0,0.0,0.0,0.0,0.0,0.0,0.0,0.0,0.0,0.0,0.0,0.0,0.0,0.0,0.0,0.0,158.1,3.0,0.3,18.7,1191.9,0.07,158.2,54.2,212.4,385.2,7.3,0.73,45.5,2906.8,0.17,385.6,132.2,517.8,25.82,0.0,0.0,25.82,26.61,0.0,0.0,26.61,0.0,0.0,0.0,1967.4,19.2,1948.2,0.0,0.0,0.0,0.0,0.0,0.0,0.0,0.0,0.0,0.0,0.0,0.0,0.0,19.2,0.0
2050-04-08 06:00:00,2050-04-08 04:00:00,1108.4,0.0,0.0,14.1,1122.5,1075.5,1097.5,445.3,1105.4,0.0297,0.029,battery,gas-cc,0.0,0.0,0.0,0.0,0.0,0.0,0.0,0.0,0.0,0.0,0.0,0.0,0.0,0.0,0.0,0.0,0.0,0.0,144.9,2.7,0.27,17.1,1092.5,0.06,145.1,49.7,194.8,365.3,6.9,0.69,43.2,2756.8,0.16,365.7,125.4,491.1,25.82,0.0,0.0,25.82,26.59,0.0,0.0,26.59,0.0,0.0,0.0,1782.6,25.0,1757.6,0.0,0.0,0.0,0.0,0.0,0.0,0.0,0.0,0.0,0.0,0.0,0.0,0.0,25.0,0.0
2050-04-08 07:00:00,2050-04-08 05:00:00,1113.7,0.0,0.0,11.2,1124.9,1080.6,1096.8,445.3,662.7,0.0297,0.0291,battery,gas-cc,0.0,0.0,0.0,0.0,0.0,0.0,0.0,0.0,0.0,0.0,0.0,0.0,0.0,0.0,0.0,0.0,0.0,0.0,141.8,2.7,0.27,16.8,1069.1,0.06,142.0,48.6,190.6,326.1,6.1,0.61,38.5,2460.9,0.14,326.5,111.9,438.4,25.82,0.0,0.0,25.82,26.59,0.0,0.0,26.59,0.0,0.0,0.0,1342.3,28.1,1314.2,0.0,0.0,0.0,0.0,0.0,0.0,0.0,0.0,0.0,0.0,0.0,0.0,0.0,28.1,0.0
2050-04-08 08:00:00,2050-04-08 06:00:00,1154.7,0.0,0.0,0.9,1155.6,1120.4,-134.5,0.0,134.5,0.0297,0.0302,wind-ons,wind-ons,0.0,0.0,0.0,0.0,0.0,0.0,0.0,0.0,0.0,0.0,0.0,0.0,0.0,0.0,0.0,0.0,0.0,0.0,139.6,2.6,0.26,16.5,1052.6,0.06,139.8,47.9,187.7,0.0,0.0,0.0,0.0,0.0,0.0,0.0,0.0,0.0,0.0,0.0,0.0,0.0,0.0,0.0,0.0,0.0,0.0,0.0,0.0,1290.1,1290.1,0.0,0.0,0.0,0.0,0.0,52.7,0.0,0.0,0.0,0.0,0.0,0.0,0.0,1196.3,41.1,0.0
2050-04-08 09:00:00,2050-04-08 07:00:00,1242.1,3596.3,0.0,0.0,4838.4,1205.1,0.0,0.0,0.0,0.0298,0.0325,upv,upv,0.0,0.0,0.0,0.0,0.0,0.0,0.0,0.0,0.0,0.0,0.0,0.0,0.0,0.0,0.0,0.0,0.0,0.0,139.6,2.6,0.26,16.5,1052.8,0.06,139.8,47.9,187.7,0.0,0.0,0.0,0.0,0.0,0.0,0.0,0.0,0.0,0.0,0.0,0.0,0.0,0.0,0.0,0.0,0.0,31.8,208.3,240.1,4838.4,4838.4,0.0,0.0,0.0,0.0,0.0,212.9,0.0,0.0,0.0,0.0,0.0,0.0,0.0,4625.5,0.0,0.0
2050-04-08 10:00:00,2050-04-08 08:00:00,1363.2,1999.8,0.0,0.0,3362.9,1322.0,0.0,0.0,0.0,0.0302,0.0356,upv,upv,0.0,0.0,0.0,0.0,0.0,0.0,0.0,0.0,0.0,0.0,0.0,0.0,0.0,0.0,0.0,0.0,0.0,0.0,139.7,2.6,0.26,16.5,1053.2,0.06,139.9,47.9,187.8,0.0,0.0,0.0,0.0,0.0,0.0,0.0,0.0,0.0,0.0,0.0,0.0,0.0,0.0,0.0,0.0,0.0,0.0,4690.7,4690.7,3362.9,3362.9,0.0,0.0,0.0,0.0,0.0,338.9,0.0,0.0,0.0,0.0,0.0,0.0,0.0,2999.4,24.7,0.0
2050-04-08 11:00:00,2050-04-08 09:00:00,1425.3,2850.6,0.0,0.0,4275.9,1381.8,0.0,0.0,0.0,0.0305,0.0373,upv,upv,0.0,0.0,0.0,0.0,0.0,0.0,0.0,0.0,0.0,0.0,0.0,0.0,0.0,0.0,0.0,0.0,0.0,0.0,139.7,2.6,0.26,16.5,1053.5,0.06,139.9,47.9,187.8,0.0,0.0,0.0,0.0,0.0,0.0,0.0,0.0,0.0,0.0,0.0,0.0,0.0,0.0,0.0,0.0,0.0,0.0,4762.6,4762.6,4275.9,4275.9,0.0,0.0,0.0,0.0,0.0,379.3,0.0,0.0,0.0,0.0,0.0,0.0,0.0,3845.1,51.5,0.0
2050-04-08 12:00:00,2050-04-08 10:00:00,1505.3,4019.6,0.0,0.0,5524.8,1458.8,0.0,0.0,0.0,0.0309,0.0394,upv,upv,0.0,0.0,0.0,0.0,0.0,0.0,0.0,0.0,0.0,0.0,0.0,0.0,0.0,0.0,0.0,0.0,0.0,0.0,139.8,2.6,0.26,16.5,1053.9,0.06,139.9,47.9,187.9,0.0,0.0,0.0,0.0,0.0,0.0,0.0,0.0,0.0,0.0,0.0,0.0,0.0,0.0,0.0,0.0,0.0,0.0,3742.9,3742.9,5524.8,5524.8,0.0,0.0,0.0,0.0,0.0,389.8,0.0,0.0,0.0,0.0,0.0,0.0,0.0,5103.9,31.2,0.0
2050-04-08 13:00:00,2050-04-08 11:00:00,1562.1,2626.7,0.0,0.0,4188.8,1513.3,0.0,0.0,0.0,0.0312,0.0409,upv,upv,0.0,0.0,0.0,0.0,0.0,0.0,0.0,0.0,0.0,0.0,0.0,0.0,0.0,0.0,0.0,0.0,0.0,0.0,139.8,2.6,0.26,16.5,1054.3,0.06,140.0,48.0,188.0,0.0,0.0,0.0,0.0,0.0,0.0,0.0,0.0,0.0,0.0,0.0,0.0,0.0,0.0,0.0,0.0,0.0,0.0,5236.7,5236.7,4188.8,4188.8,0.0,0.0,0.0,0.0,0.0,397.0,0.0,0.0,0.0,0.0,0.0,0.0,0.0,3771.6,20.2,0.0
2050-04-08 14:00:00,2050-04-08 12:00:00,1636.8,3600.8,0.0,0.0,5237.7,1584.9,0.0,0.0,0.0,0.0317,0.0428,upv,upv,0.0,0.0,0.0,0.0,0.0,0.0,0.0,0.0,0.0,0.0,0.0,0.0,0.0,0.0,0.0,0.0,0.0,0.0,139.9,2.6,0.26,16.5,1054.8,0.06,140.1,48.0,188.0,0.0,0.0,0.0,0.0,0.0,0.0,0.0,0.0,0.0,0.0,0.0,0.0,0.0,0.0,0.0,0.0,0.0,0.0,3908.4,3908.4,5237.7,5237.7,0.0,0.0,0.0,0.0,0.0,385.4,0.0,0.0,0.0,0.0,0.0,0.0,0.0,4835.0,17.2,0.0
2050-04-08 15:00:00,2050-04-08 13:00:00,1708.4,2812.8,0.0,0.0,4521.2,1653.4,0.0,0.0,0.0,0.0322,0.0447,upv,upv,0.0,0.0,0.0,0.0,0.0,0.0,0.0,0.0,0.0,0.0,0.0,0.0,0.0,0.0,0.0,0.0,0.0,0.0,140.0,2.6,0.26,16.5,1055.4,0.06,140.1,48.0,188.1,0.0,0.0,0.0,0.0,0.0,0.0,0.0,0.0,0.0,0.0,0.0,0.0,0.0,0.0,0.0,0.0,0.0,0.0,4462.6,4462.6,4521.2,4521.2,0.0,0.0,0.0,0.0,0.0,378.6,0.0,0.0,0.0,0.0,0.0,0.0,0.0,4125.7,16.9,0.0
2050-04-08 16:00:00,2050-04-08 14:00:00,1778.9,2655.8,0.0,0.0,4434.8,1720.7,0.0,0.0,0.0,0.0327,0.0465,upv,upv,0.0,0.0,0.0,0.0,0.0,0.0,0.0,0.0,0.0,0.0,0.0,0.0,0.0,0.0,0.0,0.0,0.0,0.0,140.1,2.6,0.27,16.5,1056.0,0.06,140.2,48.0,188.3,0.0,0.0,0.0,0.0,0.0,0.0,0.0,0.0,0.0,0.0,0.0,0.0,0.0,0.0,0.0,0.0,0.0,13.1,4457.8,4470.9,4434.8,4434.8,0.0,0.0,0.0,0.0,0.0,375.3,0.0,0.0,0.0,0.0,0.0,0.0,0.0,4059.4,0.0,0.0
2050-04-08 17:00:00,2050-04-08 15:00:00,1863.2,3241.3,0.0,0.0,5104.5,1800.9,0.0,0.0,0.0,0.0334,0.0487,upv,upv,0.0,0.0,0.0,0.0,0.0,0.0,0.0,0.0,0.0,0.0,0.0,0.0,0.0,0.0,0.0,0.0,0.0,0.0,140.2,2.6,0.27,16.6,1056.7,0.06,140.3,48.1,188.4,0.0,0.0,0.0,0.0,0.0,0.0,0.0,0.0,0.0,0.0,0.0,0.0,0.0,0.0,0.0,0.0,0.0,9.5,3309.1,3318.5,5104.5,5104.5,0.0,0.0,0.0,0.0,0.0,355.1,0.0,0.0,0.0,0.0,0.0,0.0,0.0,4749.3,0.0,0.0
2050-04-08 18:00:00,2050-04-08 16:00:00,1974.7,3762.7,0.0,0.0,5737.5,1906.9,0.0,0.0,0.0,0.0344,0.0516,upv,upv,0.0,0.0,0.0,0.0,0.0,0.0,0.0,0.0,0.0,0.0,0.0,0.0,0.0,0.0,0.0,0.0,0.0,0.0,140.8,2.7,0.27,16.6,1061.6,0.06,141.0,48.3,189.3,0.0,0.0,0.0,0.0,0.0,0.0,0.0,0.0,0.0,0.0,0.0,0.0,0.0,0.0,0.0,0.0,0.0,0.0,1832.5,1832.5,5737.5,5737.5,0.0,0.0,0.0,0.0,0.0,318.7,0.0,0.0,0.0,0.0,0.0,0.0,0.0,5398.7,20.1,0.0
2050-04-08 19:00:00,2050-04-08 17:00:00,2023.2,0.0,0.0,16.1,2039.3,1952.8,-1360.6,0.0,1360.6,0.0348,0.0529,hydro,wind-ons,0.0,0.0,0.0,0.0,0.0,0.0,0.0,0.0,0.0,0.0,0.0,0.0,0.0,0.0,0.0,0.0,0.0,0.0,140.4,2.6,0.27,16.6,1058.2,0.06,140.5,48.1,188.7,0.0,0.0,0.0,0.0,0.0,0.0,0.0,0.0,0.0,11.43,0.0,0.0,11.43,12.07,0.0,0.0,12.07,0.0,0.0,0.0,3399.9,3399.9,0.0,0.0,0.0,0.0,0.0,142.3,0.0,0.0,0.0,0.0,0.0,0.0,0.0,3229.5,28.1,0.0
2050-04-08 20:00:00,2050-04-08 18:00:00,2049.5,0.0,0.0,17.6,2067.0,1977.7,1986.4,445.3,1640.0,0.035,0.0536,battery,gas-cc,0.0,0.0,0.0,0.0,0.0,0.0,0.0,0.0,0.0,0.0,0.0,0.0,0.0,0.0,0.0,0.0,0.0,0.0,143.5,2.7,0.27,17.0,1082.1,0.06,143.7,49.2,192.9,338.6,6.4,0.64,40.0,2555.0,0.15,338.9,116.2,455.1,24.64,0.0,0.0,24.64,26.04,0.0,0.0,26.04,0.0,0.0,0.0,3261.7,80.6,3181.1,0.0,0.0,0.0,0.0,0.0,0.0,0.0,0.0,0.0,0.0,0.0,0.0,0.0,80.6,0.0
2050-04-08 21:00:00,2050-04-08 19:00:00,2085.3,0.0,0.0,7.7,2092.9,2011.5,2006.8,445.3,120.2,0.0354,0.0545,battery,gas-cc,0.0,0.0,0.0,0.0,0.0,0.0,0.0,0.0,0.0,0.0,0.0,0.0,0.0,0.0,0.0,0.0,0.0,0.0,145.9,2.8,0.28,17.2,1100.1,0.06,146.1,50.0,196.1,372.1,7.0,0.7,44.0,2807.8,0.16,372.5,127.7,500.1,24.64,0.0,0.0,24.64,26.06,0.0,0.0,26.06,0.0,0.0,0.0,1767.8,86.1,1681.7,0.0,0.0,0.0,0.0,0.0,0.0,0.0,0.0,0.0,0.0,0.0,0.0,0.0,86.1,0.0
2050-04-08 22:00:00,2050-04-08 20:00:00,1987.4,0.0,0.0,15.7,2003.1,1918.9,1911.3,445.3,1355.6,0.0345,0.052,battery,gas-cc,0.0,0.0,0.0,0.0,0.0,0.0,0.0,0.0,0.0,0.0,0.0,0.0,0.0,0.0,0.0,0.0,0.0,0.0,143.1,2.7,0.27,16.9,1078.6,0.06,143.2,49.1,192.3,370.4,7.0,0.7,43.8,2795.4,0.16,370.8,127.1,497.9,24.64,0.0,0.0,24.64,25.99,0.0,0.0,25.99,0.0,0.0,0.0,2913.3,91.8,2821.5,0.0,0.0,0.0,0.0,0.0,0.0,0.0,0.0,0.0,0.0,0.0,0.0,0.0,91.8,0.0
2050-04-08 23:00:00,2050-04-08 21:00:00,1850.5,0.0,0.0,16.5,1867.0,1788.9,1820.8,445.3,1475.2,0.0333,0.0484,battery,gas-cc,0.0,0.0,0.0,0.0,0.0,0.0,0.0,0.0,0.0,0.0,0.0,0.0,0.0,0.0,0.0,0.0,0.0,0.0,142.3,2.7,0.27,16.8,1072.8,0.06,142.4,48.8,191.2,369.7,7.0,0.7,43.7,2789.7,0.16,370.1,126.8,496.9,24.64,0.0,0.0,24.64,25.89,0.0,0.0,25.89,0.0,0.0,0.0,2896.9,46.2,2850.6,0.0,0.0,0.0,0.0,0.0,0.0,0.0,0.0,0.0,0.0,0.0,0.0,0.0,46.2,0.0
2050-04-09 00:00:00,2050-04-08 22:00:00,1706.3,0.0,0.0,16.1,1722.4,1651.4,1692.4,352.8,1640.0,0.0322,0.0446,battery,gas-cc,0.0,0.0,0.0,0.0,0.0,0.0,0.0,0.0,0.0,0.0,0.0,0.0,0.0,0.0,0.0,0.0,0.0,0.0,142.7,2.7,0.27,16.9,1075.8,0.06,142.9,48.9,191.8,335.4,6.3,0.63,39.6,2531.0,0.15,335.8,115.1,450.8,24.78,0.0,0.0,24.78,25.93,0.0,0.0,25.93,0.0,0.0,0.0,3009.6,30.0,2979.6,0.0,0.0,0.0,0.0,0.0,0.0,0.0,0.0,0.0,0.0,0.0,0.0,0.0,30.0,0.0
2050-04-09 01:00:00,2050-04-08 23:00:00,1553.7,0.0,0.0,17.6,1571.2,1505.3,1562.8,445.3,1640.0,0.0312,0.0406,battery,gas-cc,0.0,0.0,0.0,0.0,0.0,0.0,0.0,0.0,0.0,0.0,0.0,0.0,0.0,0.0,0.0,0.0,0.0,0.0,142.6,2.7,0.27,16.9,1075.4,0.06,142.8,48.9,191.7,334.0,6.3,0.63,39.5,2520.4,0.14,334.4,114.6,449.0,24.78,0.0,0.0,24.78,25.83,0.0,0.0,25.83,0.0,0.0,0.0,2765.9,8.5,2757.4,0.0,0.0,0.0,0.0,0.0,0.0,0.0,0.0,0.0,0.0,0.0,0.0,0.0,8.5,0.0
2050-04-09 02:00:00,2050-04-09 00:00:00,1386.3,0.0,0.0,17.6,1403.9,1344.3,1401.9,445.3,1640.0,0.0303,0.0363,battery,gas-cc,0.0,0.0,0.0,0.0,0.0,0.0,0.0,0.0,0.0,0.0,0.0,0.0,0.0,0.0,0.0,0.0,0.0,0.0,142.4,2.7,0.27,16.8,1073.2,0.06,142.5,48.8,191.3,332.5,6.3,0.63,39.3,2509.0,0.14,332.8,114.1,446.9,24.78,0.0,0.0,24.78,25.71,0.0,0.0,25.71,0.0,0.0,0.0,2598.5,2.0,2596.6,0.0,0.0,0.0,0.0,0.0,0.0,0.0,0.0,0.0,0.0,0.0,0.0,0.0,2.0,0.0
2050-04-09 03:00:00,2050-04-09 01:00:00,1273.7,0.0,0.0,10.4,1284.1,1235.6,1280.6,445.3,541.9,0.0299,0.0333,gas-cc,gas-cc,0.0,0.0,0.0,0.0,0.0,0.0,0.0,0.0,0.0,0.0,0.0,0.0,0.0,0.0,0.0,0.0,0.0,0.0,142.7,2.7,0.27,16.9,1075.6,0.06,142.8,48.9,191.8,381.5,7.2,0.72,45.1,2878.7,0.17,381.9,130.9,512.8,24.78,0.0,0.0,24.78,25.63,0.0,0.0,25.63,0.0,0.0,0.0,1380.7,3.5,1377.2,0.0,0.0,0.0,0.0,0.0,0.0,0.0,0.0,0.0,0.0,0.0,0.0,0.0,3.5,0.0
2050-04-09 04:00:00,2050-04-09 02:00:00,1206.3,0.0,0.0,17.6,1223.9,1170.4,1220.3,445.3,1640.0,0.0297,0.0315,battery,gas-cc,0.0,0.0,0.0,0.0,0.0,0.0,0.0,0.0,0.0,0.0,0.0,0.0,0.0,0.0,0.0,0.0,0.0,0.0,142.7,2.7,0.27,16.9,1075.7,0.06,142.8,48.9,191.8,330.9,6.2,0.62,39.1,2496.8,0.14,331.2,113.5,444.8,24.78,0.0,0.0,24.78,25.58,0.0,0.0,25.58,0.0,0.0,0.0,2418.5,3.6,2415.0,0.0,0.0,0.0,0.0,0.0,0.0,0.0,0.0,0.0,0.0,0.0,0.0,0.0,3.6,0.0
2050-04-09 05:00:00,2050-04-09 03:00:00,1147.4,0.0,0.0,16.1,1163.4,1113.3,1155.9,445.3,1411.4,0.0297,0.03,battery,gas-cc,0.0,0.0,0.0,0.0,0.0,0.0,0.0,0.0,0.0,0.0,0.0,0.0,0.0,0.0,0.0,0.0,0.0,0.0,142.5,2.7,0.27,16.8,1074.5,0.06,142.7,48.9,191.5,362.0,6.8,0.68,42.8,2732.1,0.16,362.4,124.2,486.7,24.78,0.0,0.0,24.78,25.54,0.0,0.0,25.54,0.0,0.0,0.0,2129.6,7.5,2122.0,0.0,0.0,0.0,0.0,0.0,0.0,0.0,0.0,0.0,0.0,0.0,0.0,0.0,7.5,0.0
2050-04-09 06:00:00,2050-04-09 04:00:00,1121.1,0.0,0.0,8.4,1129.5,1087.8,1121.2,445.3,231.4,0.0297,0.0293,battery,gas-cc,0.0,0.0,0.0,0.0,0.0,0.0,0.0,0.0,0.0,0.0,0.0,0.0,0.0,0.0,0.0,0.0,0.0,0.0,142.4,2.7,0.27,16.8,1073.6,0.06,142.6,48.8,191.4,379.9,7.2,0.72,44.9,2866.8,0.16,380.3,130.4,510.7,24.78,0.0,0.0,24.78,25.53,0.0,0.0,25.53,0.0,0.0,0.0,915.5,8.3,907.3,0.0,0.0,0.0,0.0,0.0,0.0,0.0,0.0,0.0,0.0,0.0,0.0,0.0,8.3,0.0
2050-04-09 07:00:00,2050-04-09 05:00:00,1115.8,0.0,0.0,7.8,1123.6,1082.7,1110.6,445.3,136.0,0.0297,0.0292,battery,gas-cc,0.0,0.0,0.0,0.0,0.0,0.0,0.0,0.0,0.0,0.0,0.0,0.0,0.0,0.0,0.0,0.0,0.0,0.0,142.6,2.7,0.27,16.8,1075.0,0.06,142.7,48.9,191.6,361.7,6.8,0.68,42.7,2729.7,0.16,362.1,124.1,486.2,24.78,0.0,0.0,24.78,25.52,0.0,0.0,25.52,0.0,0.0,0.0,814.3,12.9,801.4,0.0,0.0,0.0,0.0,0.0,0.0,0.0,0.0,0.0,0.0,0.0,0.0,0.0,12.9,0.0
2050-04-09 08:00:00,2050-04-09 06:00:00,1128.4,2361.8,0.0,0.0,3490.2,1094.9,0.0,0.0,0.0,0.0297,0.0295,battery,upv,0.0,0.0,0.0,0.0,0.0,0.0,0.0,0.0,0.0,0.0,0.0,0.0,0.0,0.0,0.0,0.0,0.0,0.0,139.6,2.6,0.26,16.5,1052.6,0.06,139.8,47.9,187.7,0.0,0.0,0.0,0.0,0.0,0.0,0.0,0.0,0.0,0.0,0.0,0.0,0.0,0.0,0.0,0.0,0.0,0.0,0.0,0.0,3490.2,3490.2,0.0,0.0,0.0,0.0,0.0,145.3,0.0,0.0,0.0,0.0,0.0,0.0,0.0,3299.0,45.9,0.0
2050-04-09 09:00:00,2050-04-09 07:00:00,1213.7,3016.4,0.0,0.0,4230.1,1177.6,0.0,0.0,0.0,0.0298,0.0317,upv,upv,0.0,0.0,0.0,0.0,0.0,0.0,0.0,0.0,0.0,0.0,0.0,0.0,0.0,0.0,0.0,0.0,0.0,0.0,139.6,2.6,0.26,16.5,1052.7,0.06,139.8,47.9,187.7,0.0,0.0,0.0,0.0,0.0,0.0,0.0,0.0,0.0,0.0,0.0,0.0,0.0,0.0,0.0,0.0,0.0,0.0,4679.1,4679.1,4230.1,4230.1,0.0,0.0,0.0,0.0,0.0,375.0,0.0,0.0,0.0,0.0,0.0,0.0,0.0,3831.6,23.5,0.0
2050-04-09 10:00:00,2050-04-09 08:00:00,1337.9,3211.2,0.0,0.0,4549.1,1297.6,0.0,0.0,0.0,0.0301,0.035,upv,upv,0.0,0.0,0.0,0.0,0.0,0.0,0.0,0.0,0.0,0.0,0.0,0.0,0.0,0.0,0.0,0.0,0.0,0.0,139.7,2.6,0.26,16.5,1053.1,0.06,139.8,47.9,187.7,0.0,0.0,0.0,0.0,0.0,0.0,0.0,0.0,0.0,0.0,0.0,0.0,0.0,0.0,0.0,0.0,0.0,27.8,4546.0,4573.8,4549.1,4549.1,0.0,0.0,0.0,0.0,0.0,384.0,0.0,0.0,0.0,0.0,0.0,0.0,0.0,4165.1,0.0,0.0
2050-04-09 11:00:00,2050-04-09 09:00:00,1407.4,2850.6,0.0,0.0,4258.0,1364.6,0.0,0.0,0.0,0.0304,0.0368,upv,upv,0.0,0.0,0.0,0.0,0.0,0.0,0.0,0.0,0.0,0.0,0.0,0.0,0.0,0.0,0.0,0.0,0.0,0.0,139.7,2.6,0.26,16.5,1053.4,0.06,139.9,47.9,187.8,0.0,0.0,0.0,0.0,0.0,0.0,0.0,0.0,0.0,0.0,0.0,0.0,0.0,0.0,0.0,0.0,0.0,0.0,5685.4,5685.4,4258.0,4258.0,0.0,0.0,0.0,0.0,0.0,418.3,0.0,0.0,0.0,0.0,0.0,0.0,0.0,3807.6,32.1,0.0
2050-04-09 12:00:00,2050-04-09 10:00:00,1492.6,2784.7,0.0,0.0,4277.4,1446.6,0.0,0.0,0.0,0.0308,0.039,upv,upv,0.0,0.0,0.0,0.0,0.0,0.0,0.0,0.0,0.0,0.0,0.0,0.0,0.0,0.0,0.0,0.0,0.0,0.0,139.8,2.6,0.26,16.5,1053.9,0.06,139.9,47.9,187.9,0.0,0.0,0.0,0.0,0.0,0.0,0.0,0.0,0.0,0.0,0.0,0.0,0.0,0.0,0.0,0.0,0.0,20.2,5977.9,5998.2,4277.4,4277.4,0.0,0.0,0.0,0.0,0.0,432.7,0.0,0.0,0.0,0.0,0.0,0.0,0.0,3844.7,0.0,0.0
2050-04-09 13:00:00,2050-04-09 11:00:00,1587.4,3211.2,0.0,0.0,4798.6,1537.6,0.0,0.0,0.0,0.0314,0.0415,upv,upv,0.0,0.0,0.0,0.0,0.0,0.0,0.0,0.0,0.0,0.0,0.0,0.0,0.0,0.0,0.0,0.0,0.0,0.0,139.9,2.6,0.26,16.5,1054.5,0.06,140.0,48.0,188.0,0.0,0.0,0.0,0.0,0.0,0.0,0.0,0.0,0.0,0.0,0.0,0.0,0.0,0.0,0.0,0.0,0.0,18.3,5349.0,5367.3,4798.6,4798.6,0.0,0.0,0.0,0.0,0.0,428.4,0.0,0.0,0.0,0.0,0.0,0.0,0.0,4370.2,0.0,0.0
2050-04-09 14:00:00,2050-04-09 12:00:00,1695.8,2461.0,0.0,0.0,4156.8,1641.3,0.0,0.0,0.0,0.0321,0.0443,upv,upv,0.0,0.0,0.0,0.0,0.0,0.0,0.0,0.0,0.0,0.0,0.0,0.0,0.0,0.0,0.0,0.0,0.0,0.0,140.0,2.6,0.26,16.5,1055.3,0.06,140.1,48.0,188.1,0.0,0.0,0.0,0.0,0.0,0.0,0.0,0.0,0.0,0.0,0.0,0.0,0.0,0.0,0.0,0.0,0.0,20.7,6037.9,6058.5,4156.8,4156.8,0.0,0.0,0.0,0.0,0.0,430.2,0.0,0.0,0.0,0.0,0.0,0.0,0.0,3726.6,0.0,0.0
2050-04-09 15:00:00,2050-04-09 13:00:00,1802.1,3133.7,0.0,0.0,4935.8,1742.8,-0.0,0.0,0.0,0.0329,0.0471,upv,upv,0.0,0.0,0.0,0.0,0.0,0.0,0.0,0.0,0.0,0.0,0.0,0.0,0.0,0.0,0.0,0.0,0.0,0.0,140.1,2.6,0.27,16.6,1056.1,0.06,140.2,48.0,188.3,0.0,0.0,0.0,0.0,0.0,0.0,0.0,0.0,0.0,0.0,0.0,0.0,0.0,0.0,0.0,0.0,0.0,0.0,5314.7,5314.7,4935.8,4935.8,0.0,0.0,0.0,0.0,0.0,431.6,0.0,0.0,0.0,0.0,0.0,0.0,0.0,4482.1,22.1,0.0
2050-04-09 16:00:00,2050-04-09 14:00:00,1886.3,2718.5,0.0,0.0,4604.9,1822.9,-0.0,0.0,0.0,0.0336,0.0493,upv,upv,0.0,0.0,0.0,0.0,0.0,0.0,0.0,0.0,0.0,0.0,0.0,0.0,0.0,0.0,0.0,0.0,0.0,0.0,140.2,2.6,0.27,16.6,1056.9,0.06,140.3,48.1,188.4,0.0,0.0,0.0,0.0,0.0,0.0,0.0,0.0,0.0,0.0,0.0,0.0,0.0,0.0,0.0,0.0,0.0,0.0,5635.8,5635.8,4604.9,4604.9,0.0,0.0,0.0,0.0,0.0,431.3,0.0,0.0,0.0,0.0,0.0,0.0,0.0,4148.0,25.6,0.0
2050-04-09 17:00:00,2050-04-09 15:00:00,1953.7,2788.6,0.0,0.0,4742.3,1886.9,0.0,0.0,0.0,0.0342,0.0511,upv,upv,0.0,0.0,0.0,0.0,0.0,0.0,0.0,0.0,0.0,0.0,0.0,0.0,0.0,0.0,0.0,0.0,0.0,0.0,140.3,2.6,0.27,16.6,1057.5,0.06,140.4,48.1,188.5,0.0,0.0,0.0,0.0,0.0,0.0,0.0,0.0,0.0,0.0,0.0,0.0,0.0,0.0,0.0,0.0,0.0,43.2,4791.2,4834.4,4742.3,4742.3,0.0,0.0,0.0,0.0,0.0,402.4,0.0,0.0,0.0,0.0,0.0,0.0,0.0,4339.9,0.0,0.0
2050-04-09 18:00:00,2050-04-09 16:00:00,2028.4,2628.7,0.0,0.0,4657.1,1957.8,0.0,0.0,0.0,0.0348,0.053,upv,upv,0.0,0.0,0.0,0.0,0.0,0.0,0.0,0.0,0.0,0.0,0.0,0.0,0.0,0.0,0.0,0.0,0.0,0.0,140.4,2.6,0.27,16.6,1058.2,0.06,140.5,48.1,188.7,0.0,0.0,0.0,0.0,0.0,0.0,0.0,0.0,0.0,0.0,0.0,0.0,0.0,0.0,0.0,0.0,0.0,59.6,2238.3,2298.0,4657.1,4657.1,0.0,0.0,0.0,0.0,0.0,291.1,0.0,0.0,0.0,0.0,0.0,0.0,0.0,4366.1,0.0,0.0
2050-04-09 19:00:00,2050-04-09 17:00:00,2044.2,0.0,0.0,15.1,2059.3,1972.7,-319.4,0.0,1901.4,0.035,0.0535,battery,gas-cc,0.0,0.0,0.0,0.0,0.0,0.0,0.0,0.0,0.0,0.0,0.0,0.0,0.0,0.0,0.0,0.0,0.0,0.0,143.5,2.7,0.27,17.0,1081.7,0.06,143.6,49.2,192.8,338.5,6.4,0.64,40.0,2554.6,0.15,338.9,116.2,455.0,26.22,0.0,0.0,26.22,27.7,0.0,0.0,27.7,0.0,0.0,0.0,3960.7,2378.7,1582.0,0.0,0.0,0.0,0.0,96.4,0.0,0.0,0.0,0.0,0.0,0.0,0.0,2189.1,93.2,0.0
2050-04-09 20:00:00,2050-04-09 18:00:00,2080.0,0.0,0.0,9.6,2089.6,2006.6,1927.1,0.0,1478.9,0.0353,0.0544,battery,gas-cc,0.0,0.0,0.0,0.0,0.0,0.0,0.0,0.0,0.0,0.0,0.0,0.0,0.0,0.0,0.0,0.0,0.0,0.0,146.2,2.8,0.28,17.3,1101.9,0.06,146.3,50.1,196.4,338.9,6.4,0.64,40.0,2557.1,0.15,339.2,116.3,455.5,26.22,0.0,0.0,26.22,27.72,0.0,0.0,27.72,0.0,0.0,0.0,3568.6,162.5,3406.0,0.0,0.0,0.0,0.0,0.0,0.0,0.0,0.0,0.0,0.0,0.0,0.0,0.0,162.5,0.0
2050-04-09 21:00:00,2050-04-09 19:00:00,2124.2,0.0,0.0,10.7,2134.9,2048.3,1983.1,0.0,1640.0,0.0357,0.0556,battery,gas-cc,0.0,0.0,0.0,0.0,0.0,0.0,0.0,0.0,0.0,0.0,0.0,0.0,0.0,0.0,0.0,0.0,0.0,0.0,146.4,2.8,0.28,17.3,1103.8,0.06,146.6,50.2,196.8,339.3,6.4,0.64,40.1,2560.2,0.15,339.6,116.4,456.1,26.22,0.0,0.0,26.22,27.76,0.0,0.0,27.76,0.0,0.0,0.0,3774.8,151.7,3623.1,0.0,0.0,0.0,0.0,0.0,0.0,0.0,0.0,0.0,0.0,0.0,0.0,0.0,151.7,0.0
2050-04-09 22:00:00,2050-04-09 20:00:00,2035.8,0.0,0.0,5.6,2041.4,1964.7,1953.9,0.0,867.7,0.0349,0.0532,battery,gas-cc,0.0,0.0,0.0,0.0,0.0,0.0,0.0,0.0,0.0,0.0,0.0,0.0,0.0,0.0,0.0,0.0,0.0,0.0,143.4,2.7,0.27,16.9,1080.9,0.06,143.5,49.2,192.7,371.6,7.0,0.7,43.9,2803.9,0.16,372.0,127.5,499.5,26.22,0.0,0.0,26.22,27.69,0.0,0.0,27.69,0.0,0.0,0.0,2909.1,87.6,2821.5,0.0,0.0,0.0,0.0,0.0,0.0,0.0,0.0,0.0,0.0,0.0,0.0,0.0,87.6,0.0
2050-04-09 23:00:00,2050-04-09 21:00:00,1891.6,0.0,0.0,2.0,1893.6,1827.9,1837.8,0.0,305.3,0.0336,0.0495,battery,gas-cc,0.0,0.0,0.0,0.0,0.0,0.0,0.0,0.0,0.0,0.0,0.0,0.0,0.0,0.0,0.0,0.0,0.0,0.0,149.7,2.8,0.28,17.7,1128.6,0.07,149.8,51.3,201.2,370.1,7.0,0.7,43.7,2792.8,0.16,370.5,127.0,497.5,26.22,0.0,0.0,26.22,27.58,0.0,0.0,27.58,0.0,0.0,0.0,2198.9,55.8,2143.1,0.0,0.0,0.0,0.0,0.0,0.0,0.0,0.0,0.0,0.0,0.0,0.0,0.0,55.8,0.0
2050-04-10 00:00:00,2050-04-09 22:00:00,1740.0,0.0,0.0,0.0,1740.0,1683.6,1705.9,0.0,0.0,0.0324,0.0455,battery,gas-cc,0.0,0.0,0.0,0.0,0.0,0.0,0.0,0.0,0.0,0.0,0.0,0.0,0.0,0.0,0.0,0.0,0.0,0.0,144.8,2.7,0.27,17.1,1091.8,0.06,145.0,49.7,194.6,335.7,6.3,0.63,39.7,2533.3,0.15,336.1,115.2,451.3,26.22,0.0,0.0,26.22,27.47,0.0,0.0,27.47,0.0,0.0,0.0,1740.0,34.1,1705.9,0.0,0.0,0.0,0.0,0.0,0.0,0.0,0.0,0.0,0.0,0.0,0.0,0.0,34.1,0.0
2050-04-10 01:00:00,2050-04-09 23:00:00,1572.6,0.0,0.0,0.0,1572.6,1523.4,1557.9,0.0,0.0,0.0313,0.0411,battery,gas-cc,0.0,0.0,0.0,0.0,0.0,0.0,0.0,0.0,0.0,0.0,0.0,0.0,0.0,0.0,0.0,0.0,0.0,0.0,143.2,2.7,0.27,16.9,1079.5,0.06,143.3,49.1,192.4,334.2,6.3,0.63,39.5,2521.7,0.14,334.5,114.7,449.2,26.22,0.0,0.0,26.22,27.34,0.0,0.0,27.34,0.0,0.0,0.0,1572.6,14.8,1557.9,0.0,0.0,0.0,0.0,0.0,0.0,0.0,0.0,0.0,0.0,0.0,0.0,0.0,14.8,0.0
2050-04-10 02:00:00,2050-04-10 00:00:00,1384.2,0.0,0.0,0.0,1384.2,1342.3,1367.4,0.0,0.0,0.0303,0.0362,battery,gas-cc,0.0,0.0,0.0,0.0,0.0,0.0,0.0,0.0,0.0,0.0,0.0,0.0,0.0,0.0,0.0,0.0,0.0,0.0,142.9,2.7,0.27,16.9,1077.7,0.06,143.1,49.0,192.1,332.5,6.3,0.63,39.3,2508.8,0.14,332.8,114.1,446.9,26.22,0.0,0.0,26.22,27.2,0.0,0.0,27.2,0.0,0.0,0.0,1384.2,16.8,1367.4,0.0,0.0,0.0,0.0,0.0,0.0,0.0,0.0,0.0,0.0,0.0,0.0,0.0,16.8,0.0
2050-04-10 03:00:00,2050-04-10 01:00:00,1277.9,0.0,0.0,6.8,1284.7,1239.7,1280.9,0.0,1048.0,0.0299,0.0334,battery,gas-cc,0.0,0.0,0.0,0.0,0.0,0.0,0.0,0.0,0.0,0.0,0.0,0.0,0.0,0.0,0.0,0.0,0.0,0.0,151.5,2.9,0.29,17.9,1142.6,0.07,151.7,52.0,203.7,331.5,6.2,0.62,39.2,2501.6,0.14,331.9,113.7,445.6,26.22,0.0,0.0,26.22,27.12,0.0,0.0,27.12,0.0,0.0,0.0,2332.7,3.8,2328.9,0.0,0.0,0.0,0.0,0.0,0.0,0.0,0.0,0.0,0.0,0.0,0.0,0.0,3.8,0.0
2050-04-10 04:00:00,2050-04-10 02:00:00,1198.9,0.0,0.0,1.1,1200.0,1163.3,1195.6,0.0,168.2,0.0297,0.0314,battery,gas-cc,0.0,0.0,0.0,0.0,0.0,0.0,0.0,0.0,0.0,0.0,0.0,0.0,0.0,0.0,0.0,0.0,0.0,0.0,142.4,2.7,0.27,16.8,1073.7,0.06,142.6,48.8,191.4,326.9,6.2,0.62,38.6,2466.5,0.14,327.2,112.2,439.4,26.22,0.0,0.0,26.22,27.06,0.0,0.0,27.06,0.0,0.0,0.0,1368.2,4.5,1363.8,0.0,0.0,0.0,0.0,0.0,0.0,0.0,0.0,0.0,0.0,0.0,0.0,0.0,4.5,0.0
2050-04-10 05:00:00,2050-04-10 03:00:00,1152.6,0.0,0.0,0.9,1153.6,1118.4,1149.3,0.0,142.7,0.0297,0.0301,gas-cc,gas-cc,0.0,0.0,0.0,0.0,0.0,0.0,0.0,0.0,0.0,0.0,0.0,0.0,0.0,0.0,0.0,0.0,0.0,0.0,143.8,2.7,0.27,17.0,1084.2,0.06,144.0,49.3,193.3,362.7,6.8,0.68,42.8,2737.2,0.16,363.1,124.5,487.6,26.22,0.0,0.0,26.22,27.03,0.0,0.0,27.03,0.0,0.0,0.0,1296.3,4.2,1292.0,0.0,0.0,0.0,0.0,0.0,0.0,0.0,0.0,0.0,0.0,0.0,0.0,0.0,4.2,0.0
2050-04-10 06:00:00,2050-04-10 04:00:00,1152.6,0.0,0.0,3.5,1156.2,1118.4,1152.3,0.0,541.7,0.0297,0.0301,gas-cc,gas-cc,0.0,0.0,0.0,0.0,0.0,0.0,0.0,0.0,0.0,0.0,0.0,0.0,0.0,0.0,0.0,0.0,0.0,0.0,152.1,2.9,0.29,18.0,1146.5,0.07,152.2,52.1,204.4,362.7,6.8,0.68,42.8,2737.2,0.16,363.1,124.5,487.6,26.22,0.0,0.0,26.22,27.03,0.0,0.0,27.03,0.0,0.0,0.0,1697.9,3.9,1694.0,0.0,0.0,0.0,0.0,0.0,0.0,0.0,0.0,0.0,0.0,0.0,0.0,0.0,3.9,0.0
2050-04-10 07:00:00,2050-04-10 05:00:00,1183.2,0.0,0.0,2.7,1185.9,1148.0,1183.7,0.0,422.1,0.0297,0.0309,battery,gas-cc,0.0,0.0,0.0,0.0,0.0,0.0,0.0,0.0,0.0,0.0,0.0,0.0,0.0,0.0,0.0,0.0,0.0,0.0,148.0,2.8,0.28,17.5,1115.8,0.06,148.2,50.8,198.9,360.8,6.8,0.68,42.6,2722.8,0.16,361.2,123.8,485.0,26.22,0.0,0.0,26.22,27.05,0.0,0.0,27.05,0.0,0.0,0.0,1608.0,2.2,1605.8,0.0,0.0,0.0,0.0,0.0,0.0,0.0,0.0,0.0,0.0,0.0,0.0,0.0,2.2,0.0
2050-04-10 08:00:00,2050-04-10 06:00:00,1298.9,0.0,0.0,3.7,1302.7,1260.0,-570.6,0.0,570.6,0.03,0.034,upv,upv,0.0,0.0,0.0,0.0,0.0,0.0,0.0,0.0,0.0,0.0,0.0,0.0,0.0,0.0,0.0,0.0,0.0,0.0,140.9,2.7,0.27,16.6,1062.0,0.06,141.0,48.3,189.3,0.0,0.0,0.0,0.0,0.0,0.0,0.0,0.0,0.0,4.9,0.0,0.0,4.9,5.07,0.0,0.0,5.07,0.0,0.0,0.0,1873.3,1873.3,0.0,0.0,0.0,0.0,0.0,78.9,0.0,0.0,0.0,0.0,0.0,0.0,0.0,1791.7,2.7,0.0
2050-04-10 09:00:00,2050-04-10 07:00:00,1464.2,2703.7,0.0,0.0,4168.0,1419.3,0.0,0.0,0.0,0.0307,0.0383,upv,upv,0.0,0.0,0.0,0.0,0.0,0.0,0.0,0.0,0.0,0.0,0.0,0.0,0.0,0.0,0.0,0.0,0.0,0.0,139.8,2.6,0.26,16.5,1053.7,0.06,139.9,47.9,187.8,0.0,0.0,0.0,0.0,0.0,0.0,0.0,0.0,0.0,0.0,0.0,0.0,0.0,0.0,0.0,0.0,0.0,3.2,2177.6,2180.8,4168.0,4168.0,0.0,0.0,0.0,0.0,0.0,267.8,0.0,0.0,0.0,0.0,0.0,0.0,0.0,3900.2,0.0,0.0
2050-04-10 10:00:00,2050-04-10 08:00:00,1636.8,4019.6,0.0,0.0,5656.4,1584.9,0.0,0.0,0.0,0.0317,0.0428,upv,upv,0.0,0.0,0.0,0.0,0.0,0.0,0.0,0.0,0.0,0.0,0.0,0.0,0.0,0.0,0.0,0.0,0.0,0.0,139.9,2.6,0.26,16.5,1054.8,0.06,140.1,48.0,188.0,0.0,0.0,0.0,0.0,0.0,0.0,0.0,0.0,0.0,0.0,0.0,0.0,0.0,0.0,0.0,0.0,0.0,2.2,3074.2,3076.3,5656.4,5656.4,0.0,0.0,0.0,0.0,0.0,0.0,0.0,0.0,0.0,0.0,0.0,0.0,0.0,5656.4,0.0,0.0
2050-04-10 11:00:00,2050-04-10 09:00:00,1685.3,3693.0,0.0,0.0,5378.2,1631.3,0.0,0.0,0.0,0.032,0.0441,upv,upv,0.0,0.0,0.0,0.0,0.0,0.0,0.0,0.0,0.0,0.0,0.0,0.0,0.0,0.0,0.0,0.0,0.0,0.0,140.0,2.6,0.26,16.5,1055.2,0.06,140.1,48.0,188.1,0.0,0.0,0.0,0.0,0.0,0.0,0.0,0.0,0.0,0.0,0.0,0.0,0.0,0.0,0.0,0.0,0.0,0.3,4175.4,4175.7,5378.2,5378.2,0.0,0.0,0.0,0.0,0.0,403.1,0.0,0.0,0.0,0.0,0.0,0.0,0.0,4975.1,0.0,0.0
2050-04-10 12:00:00,2050-04-10 10:00:00,1711.6,3016.4,0.0,0.0,4727.9,1656.4,0.0,0.0,0.0,0.0322,0.0448,upv,upv,0.0,0.0,0.0,0.0,0.0,0.0,0.0,0.0,0.0,0.0,0.0,0.0,0.0,0.0,0.0,0.0,0.0,0.0,140.0,2.6,0.26,16.5,1055.4,0.06,140.1,48.0,188.2,0.0,0.0,0.0,0.0,0.0,0.0,0.0,0.0,0.0,0.0,0.0,0.0,0.0,0.0,0.0,0.0,0.0,4.6,4711.1,4715.8,4727.9,4727.9,0.0,0.0,0.0,0.0,0.0,398.4,0.0,0.0,0.0,0.0,0.0,0.0,0.0,4329.5,0.0,0.0
2050-04-10 13:00:00,2050-04-10 11:00:00,1742.1,3597.0,0.0,0.0,5339.1,1685.6,0.0,0.0,0.0,0.0325,0.0456,upv,upv,0.0,0.0,0.0,0.0,0.0,0.0,0.0,0.0,0.0,0.0,0.0,0.0,0.0,0.0,0.0,0.0,0.0,0.0,140.0,2.6,0.27,16.5,1055.6,0.06,140.2,48.0,188.2,0.0,0.0,0.0,0.0,0.0,0.0,0.0,0.0,0.0,0.0,0.0,0.0,0.0,0.0,0.0,0.0,0.0,7.1,4066.3,4073.4,5339.1,5339.1,0.0,0.0,0.0,0.0,0.0,397.0,0.0,0.0,0.0,0.0,0.0,0.0,0.0,4942.1,0.0,0.0
2050-04-10 14:00:00,2050-04-10 12:00:00,1793.7,3016.4,0.0,0.0,4810.1,1734.8,0.0,0.0,0.0,0.0329,0.0469,upv,upv,0.0,0.0,0.0,0.0,0.0,0.0,0.0,0.0,0.0,0.0,0.0,0.0,0.0,0.0,0.0,0.0,0.0,0.0,140.1,2.6,0.27,16.6,1056.1,0.06,140.2,48.0,188.3,0.0,0.0,0.0,0.0,0.0,0.0,0.0,0.0,0.0,0.0,0.0,0.0,0.0,0.0,0.0,0.0,0.0,14.9,4676.1,4691.0,4810.1,4810.1,0.0,0.0,0.0,0.0,0.0,400.2,0.0,0.0,0.0,0.0,0.0,0.0,0.0,4409.8,0.0,0.0
2050-04-10 15:00:00,2050-04-10 13:00:00,1889.5,2821.5,0.0,0.0,4711.0,1825.9,0.0,0.0,0.0,0.0336,0.0494,upv,upv,0.0,0.0,0.0,0.0,0.0,0.0,0.0,0.0,0.0,0.0,0.0,0.0,0.0,0.0,0.0,0.0,0.0,0.0,140.2,2.6,0.27,16.6,1056.9,0.06,140.3,48.1,188.4,0.0,0.0,0.0,0.0,0.0,0.0,0.0,0.0,0.0,0.0,0.0,0.0,0.0,0.0,0.0,0.0,0.0,0.0,4661.4,4661.4,4711.0,4711.0,0.0,0.0,0.0,0.0,0.0,394.5,0.0,0.0,0.0,0.0,0.0,0.0,0.0,4288.8,27.8,0.0
2050-04-10 16:00:00,2050-04-10 14:00:00,1966.3,3435.1,0.0,0.0,5401.4,1898.9,0.0,0.0,0.0,0.0343,0.0514,upv,upv,0.0,0.0,0.0,0.0,0.0,0.0,0.0,0.0,0.0,0.0,0.0,0.0,0.0,0.0,0.0,0.0,0.0,0.0,140.3,2.6,0.27,16.6,1057.7,0.06,140.4,48.1,188.6,0.0,0.0,0.0,0.0,0.0,0.0,0.0,0.0,0.0,0.0,0.0,0.0,0.0,0.0,0.0,0.0,0.0,0.0,4073.2,4073.2,5401.4,5401.4,0.0,0.0,0.0,0.0,0.0,398.4,0.0,0.0,0.0,0.0,0.0,0.0,0.0,4967.5,35.5,0.0
2050-04-10 17:00:00,2050-04-10 15:00:00,2074.7,2431.9,0.0,0.0,4506.6,2001.6,0.0,0.0,0.0,0.0353,0.0543,upv,upv,0.0,0.0,0.0,0.0,0.0,0.0,0.0,0.0,0.0,0.0,0.0,0.0,0.0,0.0,0.0,0.0,0.0,0.0,140.4,2.7,0.27,16.6,1058.7,0.06,140.6,48.2,188.7,0.0,0.0,0.0,0.0,0.0,0.0,0.0,0.0,0.0,0.0,0.0,0.0,0.0,0.0,0.0,0.0,0.0,0.0,5052.1,5052.1,4506.6,4506.6,0.0,0.0,0.0,0.0,0.0,401.7,0.0,0.0,0.0,0.0,0.0,0.0,0.0,4059.7,45.3,0.0
2050-04-10 18:00:00,2050-04-10 16:00:00,2195.8,2431.9,0.0,0.0,4627.7,2115.9,-0.0,0.0,0.0,0.0364,0.0574,upv,upv,0.0,0.0,0.0,0.0,0.0,0.0,0.0,0.0,0.0,0.0,0.0,0.0,0.0,0.0,0.0,0.0,0.0,0.0,140.6,2.7,0.27,16.6,1060.0,0.06,140.7,48.2,189.0,0.0,0.0,0.0,0.0,0.0,0.0,0.0,0.0,0.0,0.0,0.0,0.0,0.0,0.0,0.0,0.0,0.0,0.0,3411.8,3411.8,4627.7,4627.7,0.0,0.0,0.0,0.0,0.0,336.9,0.0,0.0,0.0,0.0,0.0,0.0,0.0,4233.0,57.8,0.0
2050-04-10 19:00:00,2050-04-10 17:00:00,2281.1,0.0,0.0,4.4,2285.5,2196.2,-662.4,0.0,662.4,0.0372,0.0597,battery,gas-cc,0.0,0.0,0.0,0.0,0.0,0.0,0.0,0.0,0.0,0.0,0.0,0.0,0.0,0.0,0.0,0.0,0.0,0.0,146.4,2.8,0.28,17.3,1103.4,0.06,146.5,50.2,196.7,428.9,8.1,0.81,50.7,3236.7,0.19,429.4,147.2,576.5,36.36,0.0,0.0,36.36,38.67,0.0,0.0,38.67,0.0,0.0,0.0,2947.8,2947.8,0.0,0.0,0.0,0.0,0.0,120.4,0.0,0.0,0.0,0.0,0.0,0.0,0.0,2733.5,93.8,0.0
2050-04-10 20:00:00,2050-04-10 18:00:00,2368.4,0.0,0.0,10.4,2378.8,2278.2,2230.6,0.0,1594.2,0.0381,0.0619,battery,gas-cc,0.0,0.0,0.0,0.0,0.0,0.0,0.0,0.0,0.0,0.0,0.0,0.0,0.0,0.0,0.0,0.0,0.0,0.0,147.9,2.8,0.28,17.5,1114.9,0.06,148.0,50.7,198.7,430.0,8.1,0.81,50.8,3244.5,0.19,430.4,147.5,577.9,37.94,0.0,0.0,37.94,40.44,0.0,0.0,40.44,0.0,0.0,0.0,3972.9,148.2,3824.8,0.0,0.0,0.0,0.0,0.0,0.0,0.0,0.0,0.0,0.0,0.0,0.0,0.0,148.2,0.0
2050-04-10 21:00:00,2050-04-10 19:00:00,2345.3,0.0,0.0,6.5,2351.8,2256.5,2205.3,0.0,1005.9,0.0379,0.0613,battery,gas-cc,0.0,0.0,0.0,0.0,0.0,0.0,0.0,0.0,0.0,0.0,0.0,0.0,0.0,0.0,0.0,0.0,0.0,0.0,148.2,2.8,0.28,17.5,1117.1,0.06,148.3,50.8,199.1,429.7,8.1,0.81,50.8,3242.4,0.19,430.1,147.4,577.6,37.94,0.0,0.0,37.94,40.41,0.0,0.0,40.41,0.0,0.0,0.0,3357.7,146.5,3211.2,0.0,0.0,0.0,0.0,0.0,0.0,0.0,0.0,0.0,0.0,0.0,0.0,0.0,146.5,0.0
2050-04-10 22:00:00,2050-04-10 20:00:00,2255.8,0.0,0.0,8.1,2263.9,2172.4,2162.6,0.0,1243.4,0.037,0.059,battery,gas-cc,0.0,0.0,0.0,0.0,0.0,0.0,0.0,0.0,0.0,0.0,0.0,0.0,0.0,0.0,0.0,0.0,0.0,0.0,151.2,2.9,0.29,17.9,1139.8,0.07,151.3,51.8,203.2,378.9,7.1,0.71,44.8,2859.2,0.16,379.3,130.0,509.3,37.94,0.0,0.0,37.94,40.31,0.0,0.0,40.31,0.0,0.0,0.0,3507.3,101.3,3406.0,0.0,0.0,0.0,0.0,0.0,0.0,0.0,0.0,0.0,0.0,0.0,0.0,0.0,101.3,0.0
2050-04-10 23:00:00,2050-04-10 21:00:00,2062.1,0.0,0.0,2.8,2064.9,1989.6,1998.2,0.0,433.7,0.0351,0.0539,battery,gas-cc,0.0,0.0,0.0,0.0,0.0,0.0,0.0,0.0,0.0,0.0,0.0,0.0,0.0,0.0,0.0,0.0,0.0,0.0,163.4,3.1,0.31,19.3,1231.8,0.07,163.5,56.0,219.6,389.5,7.3,0.73,46.0,2939.5,0.17,390.0,133.7,523.6,37.94,0.0,0.0,37.94,40.1,0.0,0.0,40.1,0.0,0.0,0.0,2498.6,66.7,2431.9,0.0,0.0,0.0,0.0,0.0,0.0,0.0,0.0,0.0,0.0,0.0,0.0,0.0,66.7,0.0
2050-04-11 00:00:00,2050-04-10 22:00:00,1832.6,0.0,0.0,6.0,1838.6,1771.9,1800.0,0.0,915.6,0.0332,0.0479,hydro,gas-cc,0.0,0.0,0.0,0.0,0.0,0.0,0.0,0.0,0.0,0.0,0.0,0.0,0.0,0.0,0.0,0.0,0.0,0.0,196.7,3.7,0.37,23.2,1483.4,0.09,196.9,67.5,264.3,432.6,8.2,0.82,51.1,3264.3,0.19,433.0,148.4,581.5,39.33,0.0,0.0,39.33,41.31,0.0,0.0,41.31,0.0,0.0,0.0,2754.2,38.6,2715.6,0.0,0.0,0.0,0.0,0.0,0.0,0.0,0.0,0.0,0.0,0.0,0.0,0.0,38.6,0.0
2050-04-11 01:00:00,2050-04-10 23:00:00,1605.3,0.0,0.0,10.7,1615.9,1554.7,1591.8,0.0,1640.0,0.0315,0.042,battery,gas-cc,0.0,0.0,0.0,0.0,0.0,0.0,0.0,0.0,0.0,0.0,0.0,0.0,0.0,0.0,0.0,0.0,0.0,0.0,207.8,3.9,0.39,24.5,1567.1,0.09,208.0,71.3,279.3,372.2,7.0,0.7,44.0,2808.4,0.16,372.6,127.7,500.3,39.33,0.0,0.0,39.33,41.05,0.0,0.0,41.05,0.0,0.0,0.0,3255.9,24.1,3231.8,0.0,0.0,0.0,0.0,0.0,0.0,0.0,0.0,0.0,0.0,0.0,0.0,0.0,24.1,0.0
2050-04-11 02:00:00,2050-04-11 00:00:00,1437.9,0.0,0.0,0.0,1437.9,1394.0,1421.7,0.0,0.0,0.0305,0.0376,battery,gas-cc,0.0,0.0,0.0,0.0,0.0,0.0,0.0,0.0,0.0,0.0,0.0,0.0,0.0,0.0,0.0,0.0,0.0,0.0,226.4,4.3,0.43,26.7,1707.7,0.1,226.6,77.7,304.3,370.5,7.0,0.7,43.8,2795.6,0.16,370.9,127.1,498.0,39.33,0.0,0.0,39.33,40.87,0.0,0.0,40.87,0.0,0.0,0.0,1437.9,16.2,1421.7,0.0,0.0,0.0,0.0,0.0,0.0,0.0,0.0,0.0,0.0,0.0,0.0,0.0,16.2,0.0
2050-04-11 03:00:00,2050-04-11 01:00:00,1345.3,0.0,0.0,0.1,1345.4,1304.7,1339.4,0.0,13.6,0.0301,0.0352,battery,gas-cc,0.0,0.0,0.0,0.0,0.0,0.0,0.0,0.0,0.0,0.0,0.0,0.0,0.0,0.0,0.0,0.0,0.0,0.0,182.4,3.4,0.34,21.5,1375.3,0.08,182.6,62.6,245.1,426.9,8.0,0.8,50.4,3221.1,0.19,427.3,146.5,573.8,39.33,0.0,0.0,39.33,40.76,0.0,0.0,40.76,0.0,0.0,0.0,1359.0,5.9,1353.1,0.0,0.0,0.0,0.0,0.0,0.0,0.0,0.0,0.0,0.0,0.0,0.0,0.0,5.9,0.0
2050-04-11 04:00:00,2050-04-11 02:00:00,1268.4,0.0,0.0,0.0,1268.4,1230.5,1267.2,0.0,0.0,0.0299,0.0332,battery,gas-cc,0.0,0.0,0.0,0.0,0.0,0.0,0.0,0.0,0.0,0.0,0.0,0.0,0.0,0.0,0.0,0.0,0.0,0.0,236.5,4.5,0.45,27.9,1784.1,0.1,236.8,81.1,317.9,368.8,7.0,0.7,43.6,2782.8,0.16,369.2,126.5,495.7,39.33,0.0,0.0,39.33,40.68,0.0,0.0,40.68,0.0,0.0,0.0,1268.4,1.2,1267.2,0.0,0.0,0.0,0.0,0.0,0.0,0.0,0.0,0.0,0.0,0.0,0.0,0.0,1.2,0.0
2050-04-11 05:00:00,2050-04-11 03:00:00,1218.9,0.0,0.0,0.0,1218.9,1182.7,1218.8,0.0,0.0,0.0298,0.0319,battery,gas-cc,0.0,0.0,0.0,0.0,0.0,0.0,0.0,0.0,0.0,0.0,0.0,0.0,0.0,0.0,0.0,0.0,0.0,0.0,261.3,4.9,0.49,30.9,1971.4,0.11,261.6,89.6,351.2,368.3,6.9,0.69,43.5,2779.1,0.16,368.7,126.4,495.0,39.33,0.0,0.0,39.33,40.63,0.0,0.0,40.63,0.0,0.0,0.0,1218.9,0.1,1218.8,0.0,0.0,0.0,0.0,0.0,0.0,0.0,0.0,0.0,0.0,0.0,0.0,0.0,0.1,0.0
2050-04-11 06:00:00,2050-04-11 04:00:00,1198.9,0.0,0.0,0.0,1199.0,1163.3,1199.0,0.0,5.7,0.0297,0.0314,battery,gas-cc,0.0,0.0,0.0,0.0,0.0,0.0,0.0,0.0,0.0,0.0,0.0,0.0,0.0,0.0,0.0,0.0,0.0,0.0,169.9,3.2,0.32,20.1,1281.0,0.07,170.1,58.3,228.3,326.9,6.2,0.62,38.6,2466.5,0.14,327.2,112.2,439.4,39.33,0.0,0.0,39.33,40.6,0.0,0.0,40.6,0.0,0.0,0.0,1204.6,0.0,1204.6,0.0,0.0,0.0,0.0,0.0,0.0,0.0,0.0,0.0,0.0,0.0,0.0,0.0,0.0,0.0
2050-04-11 07:00:00,2050-04-11 05:00:00,1206.3,0.0,0.0,0.0,1206.3,1170.4,1204.8,0.0,0.0,0.0297,0.0315,battery,gas-cc,0.0,0.0,0.0,0.0,0.0,0.0,0.0,0.0,0.0,0.0,0.0,0.0,0.0,0.0,0.0,0.0,0.0,0.0,195.5,3.7,0.37,23.1,1474.1,0.08,195.7,67.0,262.7,421.4,7.9,0.79,49.8,3180.0,0.18,421.9,144.6,566.4,39.33,0.0,0.0,39.33,40.61,0.0,0.0,40.61,0.0,0.0,0.0,1206.3,1.5,1204.8,0.0,0.0,0.0,0.0,0.0,0.0,0.0,0.0,0.0,0.0,0.0,0.0,0.0,1.5,0.0
2050-04-11 08:00:00,2050-04-11 06:00:00,1311.6,0.0,0.0,13.6,1325.2,1272.2,-1828.7,0.0,1828.7,0.03,0.0343,hydro,gas-cc,0.0,0.0,0.0,0.0,0.0,0.0,0.0,0.0,0.0,0.0,0.0,0.0,0.0,0.0,0.0,0.0,0.0,0.0,139.7,2.6,0.26,16.5,1053.1,0.06,139.8,47.9,187.8,368.9,7.0,0.7,43.6,2783.6,0.16,369.3,126.6,495.9,11.17,0.0,0.0,11.17,11.57,0.0,0.0,11.57,0.0,0.0,0.0,3153.8,3153.8,0.0,0.0,0.0,0.0,0.0,132.8,0.0,0.0,0.0,0.0,0.0,0.0,0.0,3014.6,6.4,0.0
2050-04-11 09:00:00,2050-04-11 07:00:00,1471.6,2431.9,0.0,0.0,3903.5,1426.4,0.0,0.0,0.0,0.0307,0.0385,upv,upv,0.0,0.0,0.0,0.0,0.0,0.0,0.0,0.0,0.0,0.0,0.0,0.0,0.0,0.0,0.0,0.0,0.0,0.0,139.9,2.6,0.26,16.5,1054.7,0.06,140.1,48.0,188.0,0.0,0.0,0.0,0.0,0.0,0.0,0.0,0.0,0.0,0.0,0.0,0.0,0.0,0.0,0.0,0.0,0.0,9.0,3093.1,3102.1,3903.5,3903.5,0.0,0.0,0.0,0.0,0.0,0.0,0.0,0.0,0.0,0.0,0.0,0.0,0.0,3903.5,0.0,0.0
2050-04-11 10:00:00,2050-04-11 08:00:00,1633.7,4019.6,0.0,0.0,5653.3,1581.9,0.0,0.0,0.0,0.0317,0.0427,upv,upv,0.0,0.0,0.0,0.0,0.0,0.0,0.0,0.0,0.0,0.0,0.0,0.0,0.0,0.0,0.0,0.0,0.0,0.0,140.0,2.6,0.27,16.5,1055.5,0.06,140.2,48.0,188.2,0.0,0.0,0.0,0.0,0.0,0.0,0.0,0.0,0.0,0.0,0.0,0.0,0.0,0.0,0.0,0.0,0.0,14.6,2119.3,2133.9,5653.3,5653.3,0.0,0.0,0.0,0.0,0.0,0.0,0.0,0.0,0.0,0.0,0.0,0.0,0.0,5653.3,0.0,0.0
2050-04-11 11:00:00,2050-04-11 09:00:00,1688.4,4019.6,0.0,0.0,5708.0,1634.3,0.0,0.0,0.0,0.0321,0.0442,upv,upv,0.0,0.0,0.0,0.0,0.0,0.0,0.0,0.0,0.0,0.0,0.0,0.0,0.0,0.0,0.0,0.0,0.0,0.0,140.0,2.6,0.26,16.5,1055.2,0.06,140.1,48.0,188.1,0.0,0.0,0.0,0.0,0.0,0.0,0.0,0.0,0.0,0.0,0.0,0.0,0.0,0.0,0.0,0.0,0.0,23.7,2051.1,2074.8,5708.0,5708.0,0.0,0.0,0.0,0.0,0.0,327.5,0.0,0.0,0.0,0.0,0.0,0.0,0.0,5380.5,0.0,0.0
2050-04-11 12:00:00,2050-04-11 10:00:00,1722.1,2461.0,0.0,0.0,4183.1,1666.5,0.0,0.0,0.0,0.0323,0.045,upv,upv,0.0,0.0,0.0,0.0,0.0,0.0,0.0,0.0,0.0,0.0,0.0,0.0,0.0,0.0,0.0,0.0,0.0,0.0,140.0,2.6,0.26,16.5,1055.5,0.06,140.2,48.0,188.2,0.0,0.0,0.0,0.0,0.0,0.0,0.0,0.0,0.0,0.0,0.0,0.0,0.0,0.0,0.0,0.0,0.0,50.0,4534.1,4584.1,4183.1,4183.1,0.0,0.0,0.0,0.0,0.0,367.9,0.0,0.0,0.0,0.0,0.0,0.0,0.0,3815.2,0.0,0.0
2050-04-11 13:00:00,2050-04-11 11:00:00,1722.1,3406.0,0.0,0.0,5128.1,1666.5,0.0,0.0,0.0,0.0323,0.045,upv,upv,0.0,0.0,0.0,0.0,0.0,0.0,0.0,0.0,0.0,0.0,0.0,0.0,0.0,0.0,0.0,0.0,0.0,0.0,140.0,2.6,0.26,16.5,1055.5,0.06,140.2,48.0,188.2,0.0,0.0,0.0,0.0,0.0,0.0,0.0,0.0,0.0,0.0,0.0,0.0,0.0,0.0,0.0,0.0,0.0,85.0,4810.1,4895.1,5128.1,5128.1,0.0,0.0,0.0,0.0,0.0,0.0,0.0,0.0,0.0,0.0,0.0,0.0,0.0,5128.1,0.0,0.0
2050-04-11 14:00:00,2050-04-11 12:00:00,1788.4,3435.1,0.0,0.0,5223.5,1729.7,0.0,0.0,0.0,0.0328,0.0468,upv,upv,0.0,0.0,0.0,0.0,0.0,0.0,0.0,0.0,0.0,0.0,0.0,0.0,0.0,0.0,0.0,0.0,0.0,0.0,140.1,2.6,0.27,16.6,1056.0,0.06,140.2,48.0,188.3,0.0,0.0,0.0,0.0,0.0,0.0,0.0,0.0,0.0,0.0,0.0,0.0,0.0,0.0,0.0,0.0,0.0,120.8,4390.8,4511.7,5223.5,5223.5,0.0,0.0,0.0,0.0,0.0,405.6,0.0,0.0,0.0,0.0,0.0,0.0,0.0,4817.9,0.0,0.0
2050-04-11 15:00:00,2050-04-11 13:00:00,1853.7,2917.5,0.0,0.0,4771.2,1791.9,0.0,0.0,0.0,0.0333,0.0485,upv,upv,0.0,0.0,0.0,0.0,0.0,0.0,0.0,0.0,0.0,0.0,0.0,0.0,0.0,0.0,0.0,0.0,0.0,0.0,140.2,2.6,0.27,16.6,1056.6,0.06,140.3,48.1,188.4,0.0,0.0,0.0,0.0,0.0,0.0,0.0,0.0,0.0,0.0,0.0,0.0,0.0,0.0,0.0,0.0,0.0,124.3,4796.1,4920.4,4771.2,4771.2,0.0,0.0,0.0,0.0,0.0,403.8,0.0,0.0,0.0,0.0,0.0,0.0,0.0,4367.4,0.0,0.0
2050-04-11 16:00:00,2050-04-11 14:00:00,1923.2,3016.4,0.0,0.0,4939.5,1857.9,-0.0,0.0,0.0,0.0339,0.0503,upv,upv,0.0,0.0,0.0,0.0,0.0,0.0,0.0,0.0,0.0,0.0,0.0,0.0,0.0,0.0,0.0,0.0,0.0,0.0,140.2,2.6,0.27,16.6,1057.2,0.06,140.4,48.1,188.5,0.0,0.0,0.0,0.0,0.0,0.0,0.0,0.0,0.0,0.0,0.0,0.0,0.0,0.0,0.0,0.0,0.0,143.8,4357.7,4501.5,4939.5,4939.5,0.0,0.0,0.0,0.0,0.0,392.3,0.0,0.0,0.0,0.0,0.0,0.0,0.0,4547.2,0.0,0.0
2050-04-11 17:00:00,2050-04-11 15:00:00,2012.6,3849.9,0.0,0.0,5862.6,1942.8,0.0,0.0,0.0,0.0347,0.0526,upv,upv,0.0,0.0,0.0,0.0,0.0,0.0,0.0,0.0,0.0,0.0,0.0,0.0,0.0,0.0,0.0,0.0,0.0,0.0,140.4,2.6,0.27,16.6,1058.1,0.06,140.5,48.1,188.6,0.0,0.0,0.0,0.0,0.0,0.0,0.0,0.0,0.0,0.0,0.0,0.0,0.0,0.0,0.0,0.0,0.0,174.7,2868.0,3042.7,5862.6,5862.6,0.0,0.0,0.0,0.0,0.0,368.5,0.0,0.0,0.0,0.0,0.0,0.0,0.0,5494.1,0.0,0.0
2050-04-11 18:00:00,2050-04-11 16:00:00,2142.1,1609.5,0.0,0.0,3751.6,2065.2,0.0,0.0,0.0,0.0359,0.056,upv,upv,0.0,0.0,0.0,0.0,0.0,0.0,0.0,0.0,0.0,0.0,0.0,0.0,0.0,0.0,0.0,0.0,0.0,0.0,140.5,2.7,0.27,16.6,1059.4,0.06,140.7,48.2,188.9,0.0,0.0,0.0,0.0,0.0,0.0,0.0,0.0,0.0,0.0,0.0,0.0,0.0,0.0,0.0,0.0,0.0,204.8,3926.5,4131.3,3751.6,3751.6,0.0,0.0,0.0,0.0,0.0,324.1,0.0,0.0,0.0,0.0,0.0,0.0,0.0,3427.5,0.0,0.0
2050-04-11 19:00:00,2050-04-11 17:00:00,2229.5,0.0,0.0,8.0,2237.5,2147.6,-1229.4,0.0,1229.4,0.0367,0.0583,wind-ons,wind-ons,0.0,0.0,0.0,0.0,0.0,0.0,0.0,0.0,0.0,0.0,0.0,0.0,0.0,0.0,0.0,0.0,0.0,0.0,143.0,2.7,0.27,16.9,1077.8,0.06,143.1,49.0,192.1,0.0,0.0,0.0,0.0,0.0,0.0,0.0,0.0,0.0,17.66,0.0,0.0,17.66,18.76,0.0,0.0,18.76,0.0,0.0,0.0,3466.9,3466.9,0.0,0.0,0.0,0.0,0.0,137.0,0.0,0.0,0.0,0.0,0.0,0.0,0.0,3108.3,221.6,0.0
2050-04-11 20:00:00,2050-04-11 18:00:00,2350.5,0.0,0.0,10.7,2361.2,2261.4,2144.5,0.0,1640.0,0.0379,0.0615,battery,gas-cc,0.0,0.0,0.0,0.0,0.0,0.0,0.0,0.0,0.0,0.0,0.0,0.0,0.0,0.0,0.0,0.0,0.0,0.0,143.1,2.7,0.27,16.9,1078.9,0.06,143.3,49.1,192.3,341.4,6.4,0.64,40.3,2576.4,0.15,341.8,117.1,458.9,26.22,0.0,0.0,26.22,27.93,0.0,0.0,27.93,0.0,0.0,0.0,4001.2,216.7,3784.5,0.0,0.0,0.0,0.0,0.0,0.0,0.0,0.0,0.0,0.0,0.0,0.0,0.0,216.7,0.0
2050-04-11 21:00:00,2050-04-11 19:00:00,2376.8,0.0,0.0,9.8,2386.6,2286.1,2183.9,0.0,1505.4,0.0382,0.0622,gas-cc,gas-cc,0.0,0.0,0.0,0.0,0.0,0.0,0.0,0.0,0.0,0.0,0.0,0.0,0.0,0.0,0.0,0.0,0.0,0.0,143.3,2.7,0.27,16.9,1080.4,0.06,143.5,49.1,192.6,375.1,7.1,0.71,44.3,2830.6,0.16,375.5,128.7,504.2,26.22,0.0,0.0,26.22,27.95,0.0,0.0,27.95,0.0,0.0,0.0,3892.1,202.7,3689.3,0.0,0.0,0.0,0.0,0.0,0.0,0.0,0.0,0.0,0.0,0.0,0.0,0.0,202.7,0.0
2050-04-11 22:00:00,2050-04-11 20:00:00,2245.3,0.0,0.0,9.2,2254.4,2162.5,2052.1,0.0,1412.8,0.0369,0.0587,gas-cc,gas-cc,0.0,0.0,0.0,0.0,0.0,0.0,0.0,0.0,0.0,0.0,0.0,0.0,0.0,0.0,0.0,0.0,0.0,0.0,170.2,3.2,0.32,20.1,1283.9,0.07,170.4,58.4,228.8,373.7,7.0,0.7,44.1,2820.2,0.16,374.1,128.2,502.4,26.22,0.0,0.0,26.22,27.85,0.0,0.0,27.85,0.0,0.0,0.0,3667.2,202.3,3464.9,0.0,0.0,0.0,0.0,0.0,0.0,0.0,0.0,0.0,0.0,0.0,0.0,0.0,202.3,0.0
2050-04-11 23:00:00,2050-04-11 21:00:00,2062.1,0.0,0.0,2.3,2064.4,1989.6,1885.6,0.0,351.5,0.0351,0.0539,battery,gas-cc,0.0,0.0,0.0,0.0,0.0,0.0,0.0,0.0,0.0,0.0,0.0,0.0,0.0,0.0,0.0,0.0,0.0,0.0,145.4,2.7,0.28,17.2,1095.9,0.06,145.5,49.9,195.4,371.8,7.0,0.7,43.9,2806.0,0.16,372.2,127.6,499.8,26.22,0.0,0.0,26.22,27.71,0.0,0.0,27.71,0.0,0.0,0.0,2415.9,178.8,2237.1,0.0,0.0,0.0,0.0,0.0,0.0,0.0,0.0,0.0,0.0,0.0,0.0,0.0,178.8,0.0
2050-04-12 00:00:00,2050-04-11 22:00:00,1845.3,0.0,0.0,5.7,1851.0,1783.9,1686.1,0.0,878.4,0.0333,0.0483,battery,gas-cc,0.0,0.0,0.0,0.0,0.0,0.0,0.0,0.0,0.0,0.0,0.0,0.0,0.0,0.0,0.0,0.0,0.0,0.0,143.0,2.7,0.27,16.9,1078.0,0.06,143.1,49.0,192.2,379.1,7.1,0.71,44.8,2861.1,0.16,379.5,130.1,509.6,25.59,0.0,0.0,25.59,26.89,0.0,0.0,26.89,0.0,0.0,0.0,2729.4,164.9,2564.5,0.0,0.0,0.0,0.0,0.0,0.0,0.0,0.0,0.0,0.0,0.0,0.0,0.0,164.9,0.0
2050-04-12 01:00:00,2050-04-11 23:00:00,1642.1,0.0,0.0,6.8,1648.9,1590.0,1482.9,0.0,1040.2,0.0317,0.0429,battery,gas-cc,0.0,0.0,0.0,0.0,0.0,0.0,0.0,0.0,0.0,0.0,0.0,0.0,0.0,0.0,0.0,0.0,0.0,0.0,142.6,2.7,0.27,16.9,1075.3,0.06,142.8,48.9,191.7,390.5,7.4,0.74,46.1,2946.9,0.17,390.9,134.0,524.9,25.59,0.0,0.0,25.59,26.74,0.0,0.0,26.74,0.0,0.0,0.0,2689.1,166.0,2523.1,0.0,0.0,0.0,0.0,0.0,0.0,0.0,0.0,0.0,0.0,0.0,0.0,0.0,166.0,0.0
2050-04-12 02:00:00,2050-04-12 00:00:00,1448.4,0.0,0.0,7.7,1456.2,1404.1,1268.7,0.0,1192.2,0.0306,0.0379,battery,gas-cc,0.0,0.0,0.0,0.0,0.0,0.0,0.0,0.0,0.0,0.0,0.0,0.0,0.0,0.0,0.0,0.0,0.0,0.0,147.1,2.8,0.28,17.4,1109.1,0.06,147.3,50.4,197.7,388.5,7.3,0.73,45.9,2931.4,0.17,388.9,133.3,522.2,25.59,0.0,0.0,25.59,26.6,0.0,0.0,26.6,0.0,0.0,0.0,2648.4,187.4,2461.0,0.0,0.0,0.0,0.0,0.0,0.0,0.0,0.0,0.0,0.0,0.0,0.0,0.0,187.4,0.0
2050-04-12 03:00:00,2050-04-12 01:00:00,1322.1,0.0,0.0,2.6,1324.7,1282.4,1126.9,0.0,403.9,0.03,0.0346,battery,gas-cc,0.0,0.0,0.0,0.0,0.0,0.0,0.0,0.0,0.0,0.0,0.0,0.0,0.0,0.0,0.0,0.0,0.0,0.0,143.1,2.7,0.27,16.9,1079.2,0.06,143.3,49.1,192.4,382.0,7.2,0.72,45.1,2882.4,0.17,382.4,131.1,513.4,25.47,0.0,0.0,25.47,26.38,0.0,0.0,26.38,0.0,0.0,0.0,1728.7,197.8,1530.9,0.0,0.0,0.0,0.0,0.0,0.0,0.0,0.0,0.0,0.0,0.0,0.0,0.0,197.8,0.0
2050-04-12 04:00:00,2050-04-12 02:00:00,1242.1,0.0,0.0,0.0,1242.1,1205.1,1070.6,0.0,2.4,0.0298,0.0325,gas-cc,gas-cc,0.0,0.0,0.0,0.0,0.0,0.0,0.0,0.0,0.0,0.0,0.0,0.0,0.0,0.0,0.0,0.0,0.0,0.0,143.0,2.7,0.27,16.9,1078.0,0.06,143.1,49.0,192.2,363.6,6.9,0.69,43.0,2743.8,0.16,364.0,124.8,488.7,25.47,0.0,0.0,25.47,26.33,0.0,0.0,26.33,0.0,0.0,0.0,1244.5,171.6,1073.0,0.0,0.0,0.0,0.0,0.0,0.0,0.0,0.0,0.0,0.0,0.0,0.0,0.0,171.6,0.0
2050-04-12 05:00:00,2050-04-12 03:00:00,1195.8,0.0,0.0,0.0,1195.8,1160.2,1039.9,0.0,0.0,0.0297,0.0313,battery,gas-cc,0.0,0.0,0.0,0.0,0.0,0.0,0.0,0.0,0.0,0.0,0.0,0.0,0.0,0.0,0.0,0.0,0.0,0.0,141.6,2.7,0.27,16.7,1067.5,0.06,141.7,48.6,190.3,330.8,6.2,0.62,39.1,2496.1,0.14,331.1,113.5,444.6,25.47,0.0,0.0,25.47,26.29,0.0,0.0,26.29,0.0,0.0,0.0,1195.8,155.8,1039.9,0.0,0.0,0.0,0.0,0.0,0.0,0.0,0.0,0.0,0.0,0.0,0.0,0.0,155.8,0.0
2050-04-12 06:00:00,2050-04-12 04:00:00,1185.3,0.0,0.0,0.0,1185.3,1150.0,1037.6,0.0,0.0,0.0297,0.031,battery,gas-cc,0.0,0.0,0.0,0.0,0.0,0.0,0.0,0.0,0.0,0.0,0.0,0.0,0.0,0.0,0.0,0.0,0.0,0.0,138.8,2.6,0.26,16.4,1046.7,0.06,139.0,47.6,186.6,330.7,6.2,0.62,39.1,2495.4,0.14,331.0,113.5,444.5,25.47,0.0,0.0,25.47,26.29,0.0,0.0,26.29,0.0,0.0,0.0,1185.3,147.6,1037.6,0.0,0.0,0.0,0.0,0.0,0.0,0.0,0.0,0.0,0.0,0.0,0.0,0.0,147.6,0.0
2050-04-12 07:00:00,2050-04-12 05:00:00,1234.7,0.0,0.0,0.0,1234.7,1197.9,1085.7,0.0,0.0,0.0298,0.0323,battery,gas-cc,0.0,0.0,0.0,0.0,0.0,0.0,0.0,0.0,0.0,0.0,0.0,0.0,0.0,0.0,0.0,0.0,0.0,0.0,141.3,2.7,0.27,16.7,1065.5,0.06,141.5,48.5,190.0,331.1,6.2,0.62,39.1,2498.7,0.14,331.5,113.6,445.1,25.47,0.0,0.0,25.47,26.32,0.0,0.0,26.32,0.0,0.0,0.0,1234.7,149.0,1085.7,0.0,0.0,0.0,0.0,0.0,0.0,0.0,0.0,0.0,0.0,0.0,0.0,0.0,149.0,0.0
2050-04-12 08:00:00,2050-04-12 06:00:00,1332.6,2845.2,0.0,0.0,4177.8,1292.6,0.0,0.0,0.0,0.0301,0.0348,battery,upv,0.0,0.0,0.0,0.0,0.0,0.0,0.0,0.0,0.0,0.0,0.0,0.0,0.0,0.0,0.0,0.0,0.0,0.0,139.7,2.6,0.26,16.5,1053.1,0.06,139.8,47.9,187.7,0.0,0.0,0.0,0.0,0.0,0.0,0.0,0.0,0.0,0.0,0.0,0.0,0.0,0.0,0.0,0.0,0.0,117.7,184.1,301.8,4177.8,4177.8,0.0,0.0,0.0,0.0,0.0,0.0,0.0,0.0,0.0,0.0,0.0,0.0,0.0,4177.8,0.0,0.0
2050-04-12 09:00:00,2050-04-12 07:00:00,1494.7,1140.8,0.0,0.0,2635.5,1448.7,0.0,0.0,0.0,0.0308,0.0391,upv,upv,0.0,0.0,0.0,0.0,0.0,0.0,0.0,0.0,0.0,0.0,0.0,0.0,0.0,0.0,0.0,0.0,0.0,0.0,139.8,2.6,0.26,16.5,1053.9,0.06,139.9,47.9,187.9,0.0,0.0,0.0,0.0,0.0,0.0,0.0,0.0,0.0,0.0,0.0,0.0,0.0,0.0,0.0,0.0,0.0,0.0,6161.8,6161.8,2635.5,2635.5,0.0,0.0,0.0,0.0,0.0,366.8,0.0,0.0,0.0,0.0,0.0,0.0,0.0,2161.6,107.0,0.0
2050-04-12 10:00:00,2050-04-12 08:00:00,1656.8,3013.5,0.0,0.0,4670.4,1604.1,0.0,0.0,0.0,0.0318,0.0433,upv,upv,0.0,0.0,0.0,0.0,0.0,0.0,0.0,0.0,0.0,0.0,0.0,0.0,0.0,0.0,0.0,0.0,0.0,0.0,139.9,2.6,0.26,16.5,1055.0,0.06,140.1,48.0,188.1,0.0,0.0,0.0,0.0,0.0,0.0,0.0,0.0,0.0,0.0,0.0,0.0,0.0,0.0,0.0,0.0,0.0,0.0,4966.1,4966.1,4670.4,4670.4,0.0,0.0,0.0,0.0,0.0,400.2,0.0,0.0,0.0,0.0,0.0,0.0,0.0,4119.8,150.4,0.0
2050-04-12 11:00:00,2050-04-12 09:00:00,1680.0,2821.5,0.0,0.0,4501.5,1626.2,0.0,0.0,0.0,0.032,0.0439,upv,upv,0.0,0.0,0.0,0.0,0.0,0.0,0.0,0.0,0.0,0.0,0.0,0.0,0.0,0.0,0.0,0.0,0.0,0.0,140.0,2.6,0.26,16.5,1055.1,0.06,140.1,48.0,188.1,0.0,0.0,0.0,0.0,0.0,0.0,0.0,0.0,0.0,0.0,0.0,0.0,0.0,0.0,0.0,0.0,0.0,0.0,4819.1,4819.1,4501.5,4501.5,0.0,0.0,0.0,0.0,0.0,386.2,0.0,0.0,0.0,0.0,0.0,0.0,0.0,3943.7,171.7,0.0
2050-04-12 12:00:00,2050-04-12 10:00:00,1672.6,3145.3,0.0,0.0,4817.9,1619.2,-0.0,0.0,0.0,0.032,0.0437,upv,upv,0.0,0.0,0.0,0.0,0.0,0.0,0.0,0.0,0.0,0.0,0.0,0.0,0.0,0.0,0.0,0.0,0.0,0.0,140.0,2.6,0.26,16.5,1055.1,0.06,140.1,48.0,188.1,0.0,0.0,0.0,0.0,0.0,0.0,0.0,0.0,0.0,0.0,0.0,0.0,0.0,0.0,0.0,0.0,0.0,0.0,4772.2,4772.2,4817.9,4817.9,0.0,0.0,0.0,0.0,0.0,397.0,0.0,0.0,0.0,0.0,0.0,0.0,0.0,4236.1,184.8,0.0
2050-04-12 13:00:00,2050-04-12 11:00:00,1649.5,3373.1,0.0,0.0,5022.5,1597.0,0.0,0.0,0.0,0.0318,0.0431,upv,upv,0.0,0.0,0.0,0.0,0.0,0.0,0.0,0.0,0.0,0.0,0.0,0.0,0.0,0.0,0.0,0.0,0.0,0.0,139.9,2.6,0.26,16.5,1054.9,0.06,140.1,48.0,188.1,0.0,0.0,0.0,0.0,0.0,0.0,0.0,0.0,0.0,0.0,0.0,0.0,0.0,0.0,0.0,0.0,0.0,0.0,4598.7,4598.7,5022.5,5022.5,0.0,0.0,0.0,0.0,0.0,396.6,0.0,0.0,0.0,0.0,0.0,0.0,0.0,4403.2,222.7,0.0
2050-04-12 14:00:00,2050-04-12 12:00:00,1644.2,3298.4,0.0,0.0,4942.6,1592.0,0.0,0.0,0.0,0.0318,0.043,upv,upv,0.0,0.0,0.0,0.0,0.0,0.0,0.0,0.0,0.0,0.0,0.0,0.0,0.0,0.0,0.0,0.0,0.0,0.0,139.9,2.6,0.26,16.5,1054.9,0.06,140.1,48.0,188.1,0.0,0.0,0.0,0.0,0.0,0.0,0.0,0.0,0.0,0.0,0.0,0.0,0.0,0.0,0.0,0.0,0.0,0.0,4790.8,4790.8,4942.6,4942.6,0.0,0.0,0.0,0.0,0.0,400.9,0.0,0.0,0.0,0.0,0.0,0.0,0.0,4308.0,233.6,0.0
2050-04-12 15:00:00,2050-04-12 13:00:00,1656.8,2850.6,0.0,0.0,4507.5,1604.1,0.0,0.0,0.0,0.0318,0.0433,upv,upv,0.0,0.0,0.0,0.0,0.0,0.0,0.0,0.0,0.0,0.0,0.0,0.0,0.0,0.0,0.0,0.0,0.0,0.0,139.9,2.6,0.26,16.5,1055.0,0.06,140.1,48.0,188.1,0.0,0.0,0.0,0.0,0.0,0.0,0.0,0.0,0.0,0.0,0.0,0.0,0.0,0.0,0.0,0.0,0.0,0.0,5037.1,5037.1,4507.5,4507.5,0.0,0.0,0.0,0.0,0.0,391.9,0.0,0.0,0.0,0.0,0.0,0.0,0.0,3861.4,254.1,0.0
2050-04-12 16:00:00,2050-04-12 14:00:00,1662.1,3627.1,0.0,0.0,5289.2,1609.1,0.0,0.0,0.0,0.0319,0.0435,upv,upv,0.0,0.0,0.0,0.0,0.0,0.0,0.0,0.0,0.0,0.0,0.0,0.0,0.0,0.0,0.0,0.0,0.0,0.0,139.9,2.6,0.26,16.5,1055.0,0.06,140.1,48.0,188.1,0.0,0.0,0.0,0.0,0.0,0.0,0.0,0.0,0.0,0.0,0.0,0.0,0.0,0.0,0.0,0.0,0.0,0.0,4125.3,4125.3,5289.2,5289.2,0.0,0.0,0.0,0.0,0.0,386.9,0.0,0.0,0.0,0.0,0.0,0.0,0.0,4656.9,245.4,0.0
2050-04-12 17:00:00,2050-04-12 15:00:00,1724.2,2266.2,0.0,0.0,3990.4,1668.5,-0.0,0.0,0.0,0.0323,0.0451,upv,upv,0.0,0.0,0.0,0.0,0.0,0.0,0.0,0.0,0.0,0.0,0.0,0.0,0.0,0.0,0.0,0.0,0.0,0.0,140.0,2.6,0.26,16.5,1055.5,0.06,140.2,48.0,188.2,0.0,0.0,0.0,0.0,0.0,0.0,0.0,0.0,0.0,0.0,0.0,0.0,0.0,0.0,0.0,0.0,0.0,0.0,5187.8,5187.8,3990.4,3990.4,0.0,0.0,0.0,0.0,0.0,376.8,0.0,0.0,0.0,0.0,0.0,0.0,0.0,3361.8,251.8,0.0
2050-04-12 18:00:00,2050-04-12 16:00:00,1798.9,2589.9,0.0,0.0,4388.9,1739.8,0.0,0.0,0.0,0.0329,0.047,upv,upv,0.0,0.0,0.0,0.0,0.0,0.0,0.0,0.0,0.0,0.0,0.0,0.0,0.0,0.0,0.0,0.0,0.0,0.0,140.1,2.6,0.27,16.6,1056.1,0.06,140.2,48.0,188.3,0.0,0.0,0.0,0.0,0.0,0.0,0.0,0.0,0.0,0.0,0.0,0.0,0.0,0.0,0.0,0.0,0.0,0.0,4179.4,4179.4,4388.9,4388.9,0.0,0.0,0.0,0.0,0.0,350.8,0.0,0.0,0.0,0.0,0.0,0.0,0.0,3782.0,256.1,0.0
2050-04-12 19:00:00,2050-04-12 17:00:00,1843.2,194.8,0.0,14.0,2052.0,1781.9,-1856.5,0.0,1856.5,0.0332,0.0482,upv,upv,0.0,0.0,0.0,0.0,0.0,0.0,0.0,0.0,0.0,0.0,0.0,0.0,0.0,0.0,0.0,0.0,0.0,0.0,140.2,2.6,0.27,16.6,1056.8,0.06,140.3,48.1,188.4,0.0,0.0,0.0,0.0,0.0,0.0,0.0,0.0,0.0,0.0,0.0,0.0,0.0,0.0,0.0,0.0,0.0,0.0,32.5,32.5,3908.5,3908.5,0.0,0.0,0.0,0.0,0.0,155.9,0.0,0.0,0.0,0.0,0.0,0.0,0.0,3505.5,247.0,0.0
2050-04-12 20:00:00,2050-04-12 18:00:00,1894.7,0.0,0.0,15.3,1910.1,1830.9,1691.8,301.8,1640.0,0.0337,0.0495,battery,upv,0.0,0.0,0.0,0.0,0.0,0.0,0.0,0.0,0.0,0.0,0.0,0.0,0.0,0.0,0.0,0.0,0.0,0.0,141.8,2.7,0.27,16.8,1069.4,0.06,142.0,48.6,190.6,0.0,0.0,0.0,0.0,0.0,0.0,0.0,0.0,0.0,4.93,0.0,0.0,4.93,5.19,0.0,0.0,5.19,0.0,0.0,0.0,3248.3,218.3,3029.9,0.0,0.0,0.0,0.0,0.0,0.0,0.0,0.0,0.0,0.0,0.0,0.0,0.0,218.3,0.0
2050-04-12 21:00:00,2050-04-12 19:00:00,1992.6,0.0,0.0,10.7,2003.4,1923.9,1819.2,191.6,1194.0,0.0345,0.0521,wind-ons,wind-ons,0.0,0.0,0.0,0.0,0.0,0.0,0.0,0.0,0.0,0.0,0.0,0.0,0.0,0.0,0.0,0.0,0.0,0.0,142.2,2.7,0.27,16.8,1072.4,0.06,142.4,48.8,191.2,0.0,0.0,0.0,0.0,0.0,0.0,0.0,0.0,0.0,4.93,0.0,0.0,4.93,5.2,0.0,0.0,5.2,0.0,0.0,0.0,3005.7,184.1,2821.5,0.0,0.0,0.0,0.0,0.0,0.0,0.0,0.0,0.0,0.0,0.0,0.0,0.0,184.1,0.0
2050-04-12 22:00:00,2050-04-12 20:00:00,1925.3,0.0,0.0,10.7,1935.9,1859.9,1792.8,0.0,1640.0,0.0339,0.0503,battery,upv,0.0,0.0,0.0,0.0,0.0,0.0,0.0,0.0,0.0,0.0,0.0,0.0,0.0,0.0,0.0,0.0,0.0,0.0,143.0,2.7,0.27,16.9,1077.7,0.06,143.1,49.0,192.1,0.0,0.0,0.0,0.0,0.0,0.0,0.0,0.0,0.0,4.93,0.0,0.0,4.93,5.19,0.0,0.0,5.19,0.0,0.0,0.0,3575.9,143.1,3432.8,0.0,0.0,0.0,0.0,0.0,0.0,0.0,0.0,0.0,0.0,0.0,0.0,0.0,143.1,0.0
2050-04-12 23:00:00,2050-04-12 21:00:00,1806.3,0.0,0.0,6.3,1812.6,1746.8,1690.9,0.0,964.9,0.033,0.0472,wind-ons,wind-ons,0.0,0.0,0.0,0.0,0.0,0.0,0.0,0.0,0.0,0.0,0.0,0.0,0.0,0.0,0.0,0.0,0.0,0.0,144.4,2.7,0.27,17.1,1088.4,0.06,144.5,49.5,194.0,0.0,0.0,0.0,0.0,0.0,0.0,0.0,0.0,0.0,4.93,0.0,0.0,4.93,5.18,0.0,0.0,5.18,0.0,0.0,0.0,2777.5,121.7,2655.8,0.0,0.0,0.0,0.0,0.0,0.0,0.0,0.0,0.0,0.0,0.0,0.0,0.0,121.7,0.0
2050-04-13 00:00:00,2050-04-12 22:00:00,1667.4,0.0,0.0,15.4,1682.7,1614.2,1602.8,445.3,1303.5,0.0319,0.0436,battery,upv,0.0,0.0,0.0,0.0,0.0,0.0,0.0,0.0,0.0,0.0,0.0,0.0,0.0,0.0,0.0,0.0,0.0,0.0,142.2,2.7,0.27,16.8,1072.2,0.06,142.4,48.8,191.1,0.0,0.0,0.0,0.0,0.0,0.0,0.0,0.0,0.0,5.82,0.0,0.0,5.82,6.09,0.0,0.0,6.09,0.0,0.0,0.0,2541.0,80.0,2461.0,0.0,0.0,0.0,0.0,0.0,0.0,0.0,0.0,0.0,0.0,0.0,0.0,0.0,80.0,0.0
2050-04-13 01:00:00,2050-04-12 23:00:00,1507.4,0.0,0.0,11.7,1519.1,1460.8,1458.0,445.3,740.6,0.0309,0.0394,battery,distpv,0.0,0.0,0.0,0.0,0.0,0.0,0.0,0.0,0.0,0.0,0.0,0.0,0.0,0.0,0.0,0.0,0.0,0.0,144.7,2.7,0.27,17.1,1091.3,0.06,144.9,49.6,194.5,0.0,0.0,0.0,0.0,0.0,0.0,0.0,0.0,0.0,5.82,0.0,0.0,5.82,6.06,0.0,0.0,6.06,0.0,0.0,0.0,1814.3,61.0,1753.3,0.0,0.0,0.0,0.0,0.0,0.0,0.0,0.0,0.0,0.0,0.0,0.0,0.0,61.0,0.0
2050-04-13 02:00:00,2050-04-13 00:00:00,1368.4,0.0,0.0,14.5,1382.9,1327.1,1321.5,445.3,1169.1,0.0302,0.0358,battery,upv,0.0,0.0,0.0,0.0,0.0,0.0,0.0,0.0,0.0,0.0,0.0,0.0,0.0,0.0,0.0,0.0,0.0,0.0,142.7,2.7,0.27,16.9,1075.6,0.06,142.8,48.9,191.8,0.0,0.0,0.0,0.0,0.0,0.0,0.0,0.0,0.0,5.82,0.0,0.0,5.82,6.04,0.0,0.0,6.04,0.0,0.0,0.0,2106.8,61.4,2045.3,0.0,0.0,0.0,0.0,0.0,0.0,0.0,0.0,0.0,0.0,0.0,0.0,0.0,61.4,0.0
2050-04-13 03:00:00,2050-04-13 01:00:00,1270.5,0.0,0.0,13.6,1284.1,1232.6,1218.5,445.3,1028.1,0.0299,0.0332,wind-ons,wind-ons,0.0,0.0,0.0,0.0,0.0,0.0,0.0,0.0,0.0,0.0,0.0,0.0,0.0,0.0,0.0,0.0,0.0,0.0,152.4,2.9,0.29,18.0,1149.1,0.07,152.6,52.3,204.8,0.0,0.0,0.0,0.0,0.0,0.0,0.0,0.0,0.0,5.82,0.0,0.0,5.82,6.02,0.0,0.0,6.02,0.0,0.0,0.0,1866.9,65.7,1801.2,0.0,0.0,0.0,0.0,0.0,0.0,0.0,0.0,0.0,0.0,0.0,0.0,0.0,65.7,0.0
2050-04-13 04:00:00,2050-04-13 02:00:00,1213.7,0.0,0.0,15.0,1228.7,1177.6,1172.5,445.3,1244.6,0.0298,0.0317,battery,distpv,0.0,0.0,0.0,0.0,0.0,0.0,0.0,0.0,0.0,0.0,0.0,0.0,0.0,0.0,0.0,0.0,0.0,0.0,147.2,2.8,0.28,17.4,1110.2,0.06,147.4,50.5,197.9,0.0,0.0,0.0,0.0,0.0,0.0,0.0,0.0,0.0,5.82,0.0,0.0,5.82,6.01,0.0,0.0,6.01,0.0,0.0,0.0,2027.9,56.2,1971.7,0.0,0.0,0.0,0.0,0.0,0.0,0.0,0.0,0.0,0.0,0.0,0.0,0.0,56.2,0.0
2050-04-13 05:00:00,2050-04-13 03:00:00,1177.9,0.0,0.0,13.0,1190.9,1142.9,1136.8,445.3,937.6,0.0297,0.0308,battery,wind-ons,0.0,0.0,0.0,0.0,0.0,0.0,0.0,0.0,0.0,0.0,0.0,0.0,0.0,0.0,0.0,0.0,0.0,0.0,150.8,2.8,0.29,17.8,1136.7,0.07,150.9,51.7,202.6,0.0,0.0,0.0,0.0,0.0,0.0,0.0,0.0,0.0,5.82,0.0,0.0,5.82,6.01,0.0,0.0,6.01,0.0,0.0,0.0,1683.2,54.1,1629.1,0.0,0.0,0.0,0.0,0.0,0.0,0.0,0.0,0.0,0.0,0.0,0.0,0.0,54.1,0.0
2050-04-13 06:00:00,2050-04-13 04:00:00,1172.6,0.0,0.0,12.1,1184.8,1137.8,1149.6,445.3,804.4,0.0297,0.0307,battery,upv,0.0,0.0,0.0,0.0,0.0,0.0,0.0,0.0,0.0,0.0,0.0,0.0,0.0,0.0,0.0,0.0,0.0,0.0,143.1,2.7,0.27,16.9,1077.2,0.06,143.2,49.0,192.2,0.0,0.0,0.0,0.0,0.0,0.0,0.0,0.0,0.0,5.82,0.0,0.0,5.82,6.01,0.0,0.0,6.01,0.0,0.0,0.0,1543.9,35.2,1508.7,0.0,0.0,0.0,0.0,0.0,0.0,0.0,0.0,0.0,0.0,0.0,0.0,0.0,35.2,0.0
2050-04-13 07:00:00,2050-04-13 05:00:00,1224.2,0.0,0.0,10.9,1235.2,1187.8,1204.9,445.3,621.4,0.0298,0.032,battery,upv,0.0,0.0,0.0,0.0,0.0,0.0,0.0,0.0,0.0,0.0,0.0,0.0,0.0,0.0,0.0,0.0,0.0,0.0,141.3,2.7,0.27,16.7,1065.5,0.06,141.5,48.5,190.0,0.0,0.0,0.0,0.0,0.0,0.0,0.0,0.0,0.0,5.82,0.0,0.0,5.82,6.02,0.0,0.0,6.02,0.0,0.0,0.0,1411.3,30.2,1381.1,0.0,0.0,0.0,0.0,0.0,0.0,0.0,0.0,0.0,0.0,0.0,0.0,0.0,30.2,0.0
2050-04-13 08:00:00,2050-04-13 06:00:00,1329.5,420.0,0.0,0.4,1749.9,1289.5,-64.7,0.0,64.7,0.0301,0.0348,battery,upv,0.0,0.0,0.0,0.0,0.0,0.0,0.0,0.0,0.0,0.0,0.0,0.0,0.0,0.0,0.0,0.0,0.0,0.0,139.7,2.6,0.26,16.5,1053.0,0.06,139.8,47.9,187.7,0.0,0.0,0.0,0.0,0.0,0.0,0.0,0.0,0.0,0.0,0.0,0.0,0.0,0.0,0.0,0.0,0.0,0.0,0.0,0.0,1814.6,1814.6,0.0,0.0,0.0,0.0,0.0,75.7,0.0,0.0,0.0,0.0,0.0,0.0,0.0,1717.3,21.6,0.0
2050-04-13 09:00:00,2050-04-13 07:00:00,1494.7,2626.7,0.0,0.0,4121.5,1448.7,0.0,0.0,0.0,0.0308,0.0391,upv,upv,0.0,0.0,0.0,0.0,0.0,0.0,0.0,0.0,0.0,0.0,0.0,0.0,0.0,0.0,0.0,0.0,0.0,0.0,139.8,2.6,0.26,16.5,1053.9,0.06,139.9,47.9,187.9,0.0,0.0,0.0,0.0,0.0,0.0,0.0,0.0,0.0,0.0,0.0,0.0,0.0,0.0,0.0,0.0,0.0,16.1,257.3,273.4,4121.5,4121.5,0.0,0.0,0.0,0.0,0.0,184.8,0.0,0.0,0.0,0.0,0.0,0.0,0.0,3936.7,0.0,0.0
2050-04-13 10:00:00,2050-04-13 08:00:00,1638.9,2950.5,0.0,0.0,4589.4,1587.0,0.0,0.0,0.0,0.0317,0.0429,upv,upv,0.0,0.0,0.0,0.0,0.0,0.0,0.0,0.0,0.0,0.0,0.0,0.0,0.0,0.0,0.0,0.0,0.0,0.0,139.9,2.6,0.26,16.5,1054.8,0.06,140.1,48.0,188.1,0.0,0.0,0.0,0.0,0.0,0.0,0.0,0.0,0.0,0.0,0.0,0.0,0.0,0.0,0.0,0.0,0.0,0.0,690.3,690.3,4589.4,4589.4,0.0,0.0,0.0,0.0,0.0,0.0,0.0,0.0,0.0,0.0,0.0,0.0,0.0,4572.4,17.1,0.0
2050-04-13 11:00:00,2050-04-13 09:00:00,1660.0,3141.4,0.0,0.0,4801.4,1607.1,-0.0,0.0,0.0,0.0319,0.0434,upv,upv,0.0,0.0,0.0,0.0,0.0,0.0,0.0,0.0,0.0,0.0,0.0,0.0,0.0,0.0,0.0,0.0,0.0,0.0,139.9,2.6,0.26,16.5,1055.0,0.06,140.1,48.0,188.1,0.0,0.0,0.0,0.0,0.0,0.0,0.0,0.0,0.0,0.0,0.0,0.0,0.0,0.0,0.0,0.0,0.0,0.0,2491.3,2491.3,4801.4,4801.4,0.0,0.0,0.0,0.0,0.0,306.9,0.0,0.0,0.0,0.0,0.0,0.0,0.0,4475.0,19.5,0.0
2050-04-13 12:00:00,2050-04-13 10:00:00,1628.4,3240.3,0.0,0.0,4868.7,1576.9,0.0,0.0,0.0,0.0316,0.0426,upv,upv,0.0,0.0,0.0,0.0,0.0,0.0,0.0,0.0,0.0,0.0,0.0,0.0,0.0,0.0,0.0,0.0,0.0,0.0,140.0,2.6,0.26,16.5,1055.3,0.06,140.1,48.0,188.1,0.0,0.0,0.0,0.0,0.0,0.0,0.0,0.0,0.0,0.0,0.0,0.0,0.0,0.0,0.0,0.0,0.0,25.2,4374.7,4399.9,4868.7,4868.7,0.0,0.0,0.0,0.0,0.0,390.1,0.0,0.0,0.0,0.0,0.0,0.0,0.0,4478.6,0.0,0.0
2050-04-13 13:00:00,2050-04-13 11:00:00,1587.4,3406.0,0.0,0.0,4993.4,1537.6,-0.0,0.0,0.0,0.0314,0.0415,upv,upv,0.0,0.0,0.0,0.0,0.0,0.0,0.0,0.0,0.0,0.0,0.0,0.0,0.0,0.0,0.0,0.0,0.0,0.0,139.9,2.6,0.26,16.5,1054.5,0.06,140.0,48.0,188.0,0.0,0.0,0.0,0.0,0.0,0.0,0.0,0.0,0.0,0.0,0.0,0.0,0.0,0.0,0.0,0.0,0.0,0.0,5185.0,5185.0,4993.4,4993.4,0.0,0.0,0.0,0.0,0.0,428.4,0.0,0.0,0.0,0.0,0.0,0.0,0.0,4534.2,30.8,0.0
2050-04-13 14:00:00,2050-04-13 12:00:00,1587.4,3397.2,0.0,0.0,4984.6,1537.6,0.0,0.0,0.0,0.0314,0.0415,upv,upv,0.0,0.0,0.0,0.0,0.0,0.0,0.0,0.0,0.0,0.0,0.0,0.0,0.0,0.0,0.0,0.0,0.0,0.0,139.9,2.6,0.26,16.5,1054.5,0.06,140.0,48.0,188.0,0.0,0.0,0.0,0.0,0.0,0.0,0.0,0.0,0.0,0.0,0.0,0.0,0.0,0.0,0.0,0.0,0.0,43.7,5324.9,5368.7,4984.6,4984.6,0.0,0.0,0.0,0.0,0.0,435.2,0.0,0.0,0.0,0.0,0.0,0.0,0.0,4549.4,0.0,0.0
2050-04-13 15:00:00,2050-04-13 13:00:00,1601.1,2817.7,0.0,0.0,4418.7,1550.7,0.0,0.0,0.0,0.0315,0.0419,upv,upv,0.0,0.0,0.0,0.0,0.0,0.0,0.0,0.0,0.0,0.0,0.0,0.0,0.0,0.0,0.0,0.0,0.0,0.0,139.9,2.6,0.26,16.5,1054.6,0.06,140.0,48.0,188.0,0.0,0.0,0.0,0.0,0.0,0.0,0.0,0.0,0.0,0.0,0.0,0.0,0.0,0.0,0.0,0.0,0.0,0.0,5955.2,5955.2,4418.7,4418.7,0.0,0.0,0.0,0.0,0.0,435.2,0.0,0.0,0.0,0.0,0.0,0.0,0.0,3919.1,64.4,0.0
2050-04-13 16:00:00,2050-04-13 14:00:00,1615.8,3986.6,0.0,0.0,5602.4,1564.8,-0.0,0.0,0.0,0.0316,0.0423,upv,upv,0.0,0.0,0.0,0.0,0.0,0.0,0.0,0.0,0.0,0.0,0.0,0.0,0.0,0.0,0.0,0.0,0.0,0.0,139.9,2.6,0.26,16.5,1054.7,0.06,140.0,48.0,188.0,0.0,0.0,0.0,0.0,0.0,0.0,0.0,0.0,0.0,0.0,0.0,0.0,0.0,0.0,0.0,0.0,0.0,71.8,3614.0,3685.8,5602.4,5602.4,0.0,0.0,0.0,0.0,0.0,389.0,0.0,0.0,0.0,0.0,0.0,0.0,0.0,5213.4,0.0,0.0
2050-04-13 17:00:00,2050-04-13 15:00:00,1660.0,3211.2,0.0,0.0,4871.2,1607.1,-0.0,0.0,0.0,0.0319,0.0434,upv,upv,0.0,0.0,0.0,0.0,0.0,0.0,0.0,0.0,0.0,0.0,0.0,0.0,0.0,0.0,0.0,0.0,0.0,0.0,139.9,2.6,0.26,16.5,1055.0,0.06,140.1,48.0,188.1,0.0,0.0,0.0,0.0,0.0,0.0,0.0,0.0,0.0,0.0,0.0,0.0,0.0,0.0,0.0,0.0,0.0,70.0,1983.7,2053.7,4871.2,4871.2,0.0,0.0,0.0,0.0,0.0,289.3,0.0,0.0,0.0,0.0,0.0,0.0,0.0,4581.9,0.0,0.0
2050-04-13 18:00:00,2050-04-13 16:00:00,1736.8,1968.7,0.0,0.0,3705.6,1680.5,0.0,0.0,0.0,0.0324,0.0454,upv,upv,0.0,0.0,0.0,0.0,0.0,0.0,0.0,0.0,0.0,0.0,0.0,0.0,0.0,0.0,0.0,0.0,0.0,0.0,140.0,2.6,0.27,16.5,1055.6,0.06,140.2,48.0,188.2,0.0,0.0,0.0,0.0,0.0,0.0,0.0,0.0,0.0,0.0,0.0,0.0,0.0,0.0,0.0,0.0,0.0,0.0,382.5,382.5,3705.6,3705.6,0.0,0.0,0.0,0.0,0.0,169.5,0.0,0.0,0.0,0.0,0.0,0.0,0.0,3465.7,70.3,0.0
2050-04-13 19:00:00,2050-04-13 17:00:00,1791.6,0.0,0.0,8.9,1800.5,1732.7,132.8,445.3,312.5,0.0328,0.0469,gas-cc,gas-cc,0.0,0.0,0.0,0.0,0.0,0.0,0.0,0.0,0.0,0.0,0.0,0.0,0.0,0.0,0.0,0.0,0.0,0.0,163.7,3.1,0.31,19.3,1234.5,0.07,163.9,56.2,220.0,369.1,7.0,0.7,43.6,2785.1,0.16,369.5,126.6,496.1,18.34,0.0,0.0,18.34,19.25,0.0,0.0,19.25,0.0,0.0,0.0,1667.8,1667.8,0.0,0.0,0.0,0.0,0.0,67.3,0.0,0.0,0.0,0.0,0.0,0.0,0.0,1527.5,72.9,0.0
2050-04-13 20:00:00,2050-04-13 18:00:00,1822.1,0.0,0.0,14.8,1836.9,1761.8,1757.4,445.3,1220.6,0.0331,0.0477,battery,gas-cc,0.0,0.0,0.0,0.0,0.0,0.0,0.0,0.0,0.0,0.0,0.0,0.0,0.0,0.0,0.0,0.0,0.0,0.0,143.0,2.7,0.27,16.9,1078.5,0.06,143.2,49.1,192.3,378.9,7.1,0.71,44.8,2859.2,0.16,379.3,130.0,509.3,29.88,0.0,0.0,29.88,31.38,0.0,0.0,31.38,0.0,0.0,0.0,2612.3,79.6,2532.7,0.0,0.0,0.0,0.0,0.0,0.0,0.0,0.0,0.0,0.0,0.0,0.0,0.0,79.6,0.0
2050-04-13 21:00:00,2050-04-13 19:00:00,1946.3,0.0,0.0,11.5,1957.8,1879.9,1879.7,445.3,708.7,0.0341,0.0509,battery,gas-cc,0.0,0.0,0.0,0.0,0.0,0.0,0.0,0.0,0.0,0.0,0.0,0.0,0.0,0.0,0.0,0.0,0.0,0.0,143.1,2.7,0.27,16.9,1079.2,0.06,143.3,49.1,192.4,380.2,7.2,0.72,44.9,2869.0,0.16,380.6,130.5,511.1,29.88,0.0,0.0,29.88,31.48,0.0,0.0,31.48,0.0,0.0,0.0,2221.2,78.1,2143.1,0.0,0.0,0.0,0.0,0.0,0.0,0.0,0.0,0.0,0.0,0.0,0.0,0.0,78.1,0.0
2050-04-13 22:00:00,2050-04-13 20:00:00,1884.2,0.0,0.0,15.0,1899.2,1820.9,1829.9,445.3,1242.2,0.0336,0.0493,battery,gas-cc,0.0,0.0,0.0,0.0,0.0,0.0,0.0,0.0,0.0,0.0,0.0,0.0,0.0,0.0,0.0,0.0,0.0,0.0,142.7,2.7,0.27,16.9,1075.7,0.06,142.8,48.9,191.8,379.5,7.2,0.72,44.8,2864.1,0.16,380.0,130.2,510.2,29.88,0.0,0.0,29.88,31.43,0.0,0.0,31.43,0.0,0.0,0.0,2696.0,69.3,2626.7,0.0,0.0,0.0,0.0,0.0,0.0,0.0,0.0,0.0,0.0,0.0,0.0,0.0,69.3,0.0
2050-04-13 23:00:00,2050-04-13 21:00:00,1791.6,0.0,0.0,15.5,1807.1,1732.7,1748.2,445.3,1323.8,0.0328,0.0469,battery,gas-cc,0.0,0.0,0.0,0.0,0.0,0.0,0.0,0.0,0.0,0.0,0.0,0.0,0.0,0.0,0.0,0.0,0.0,0.0,142.5,2.7,0.27,16.8,1074.4,0.06,142.7,48.9,191.5,378.6,7.1,0.71,44.7,2856.8,0.16,379.0,129.9,508.9,29.88,0.0,0.0,29.88,31.35,0.0,0.0,31.35,0.0,0.0,0.0,2685.6,58.9,2626.7,0.0,0.0,0.0,0.0,0.0,0.0,0.0,0.0,0.0,0.0,0.0,0.0,0.0,58.9,0.0
2050-04-14 00:00:00,2050-04-13 22:00:00,1662.1,0.0,0.0,17.6,1679.7,1609.1,1642.4,445.3,1640.0,0.0319,0.0435,battery,gas-cc,0.0,0.0,0.0,0.0,0.0,0.0,0.0,0.0,0.0,0.0,0.0,0.0,0.0,0.0,0.0,0.0,0.0,0.0,142.2,2.7,0.27,16.8,1072.1,0.06,142.4,48.8,191.1,377.2,7.1,0.71,44.6,2846.7,0.16,377.6,129.4,507.1,29.89,0.0,0.0,29.89,31.25,0.0,0.0,31.25,0.0,0.0,0.0,2874.3,37.3,2837.1,0.0,0.0,0.0,0.0,0.0,0.0,0.0,0.0,0.0,0.0,0.0,0.0,0.0,37.3,0.0
2050-04-14 01:00:00,2050-04-13 23:00:00,1505.3,0.0,0.0,14.8,1520.0,1458.8,1501.6,445.3,1208.7,0.0309,0.0394,battery,gas-cc,0.0,0.0,0.0,0.0,0.0,0.0,0.0,0.0,0.0,0.0,0.0,0.0,0.0,0.0,0.0,0.0,0.0,0.0,148.3,2.8,0.28,17.5,1118.5,0.06,148.5,50.9,199.4,375.6,7.1,0.71,44.4,2834.6,0.16,376.0,128.9,504.9,29.89,0.0,0.0,29.89,31.12,0.0,0.0,31.12,0.0,0.0,0.0,2283.4,18.4,2265.0,0.0,0.0,0.0,0.0,0.0,0.0,0.0,0.0,0.0,0.0,0.0,0.0,0.0,18.4,0.0
2050-04-14 02:00:00,2050-04-14 00:00:00,1355.8,0.0,0.0,12.0,1367.8,1314.9,1359.1,445.3,788.4,0.0302,0.0355,battery,gas-cc,0.0,0.0,0.0,0.0,0.0,0.0,0.0,0.0,0.0,0.0,0.0,0.0,0.0,0.0,0.0,0.0,0.0,0.0,164.1,3.1,0.31,19.4,1237.2,0.07,164.3,56.3,220.5,374.1,7.1,0.71,44.2,2823.1,0.16,374.5,128.4,502.9,29.89,0.0,0.0,29.89,30.99,0.0,0.0,30.99,0.0,0.0,0.0,1710.9,8.8,1702.2,0.0,0.0,0.0,0.0,0.0,0.0,0.0,0.0,0.0,0.0,0.0,0.0,0.0,8.8,0.0
2050-04-14 03:00:00,2050-04-14 01:00:00,1268.4,0.0,0.0,11.4,1279.8,1230.5,1276.3,445.3,686.0,0.0299,0.0332,battery,gas-cc,0.0,0.0,0.0,0.0,0.0,0.0,0.0,0.0,0.0,0.0,0.0,0.0,0.0,0.0,0.0,0.0,0.0,0.0,142.2,2.7,0.27,16.8,1071.9,0.06,142.3,48.8,191.1,373.2,7.0,0.7,44.1,2816.4,0.16,373.6,128.1,501.7,29.89,0.0,0.0,29.89,30.92,0.0,0.0,30.92,0.0,0.0,0.0,1520.5,3.4,1517.1,0.0,0.0,0.0,0.0,0.0,0.0,0.0,0.0,0.0,0.0,0.0,0.0,0.0,3.4,0.0
2050-04-14 04:00:00,2050-04-14 02:00:00,1206.3,0.0,0.0,16.5,1222.8,1170.4,1222.0,445.3,1473.7,0.0297,0.0315,phs,gas-cc,0.0,0.0,0.0,0.0,0.0,0.0,0.0,0.0,0.0,0.0,0.0,0.0,0.0,0.0,0.0,0.0,0.0,0.0,164.8,3.1,0.31,19.5,1242.4,0.07,164.9,56.5,221.4,372.6,7.0,0.7,44.0,2811.7,0.16,373.0,127.8,500.8,29.89,0.0,0.0,29.89,30.87,0.0,0.0,30.87,0.0,0.0,0.0,2251.2,0.8,2250.5,0.0,0.0,0.0,0.0,0.0,0.0,0.0,0.0,0.0,0.0,0.0,0.0,0.0,0.8,0.0
2050-04-14 05:00:00,2050-04-14 03:00:00,1165.3,0.0,0.0,7.4,1172.7,1130.6,1171.8,237.9,573.7,0.0297,0.0305,battery,gas-cc,0.0,0.0,0.0,0.0,0.0,0.0,0.0,0.0,0.0,0.0,0.0,0.0,0.0,0.0,0.0,0.0,0.0,0.0,199.0,3.8,0.38,23.5,1501.2,0.09,199.3,68.3,267.5,326.6,6.2,0.62,38.6,2464.3,0.14,326.9,112.1,439.0,29.89,0.0,0.0,29.89,30.83,0.0,0.0,30.83,0.0,0.0,0.0,1508.5,0.9,1507.6,0.0,0.0,0.0,0.0,0.0,0.0,0.0,0.0,0.0,0.0,0.0,0.0,0.0,0.9,0.0
2050-04-14 06:00:00,2050-04-14 04:00:00,1170.5,0.0,0.0,16.1,1186.6,1135.8,1184.1,430.9,1451.3,0.0297,0.0306,battery,gas-cc,0.0,0.0,0.0,0.0,0.0,0.0,0.0,0.0,0.0,0.0,0.0,0.0,0.0,0.0,0.0,0.0,0.0,0.0,148.4,2.8,0.28,17.5,1118.6,0.06,148.5,50.9,199.4,326.6,6.2,0.62,38.6,2464.6,0.14,327.0,112.1,439.0,29.89,0.0,0.0,29.89,30.84,0.0,0.0,30.84,0.0,0.0,0.0,2207.0,2.5,2204.5,0.0,0.0,0.0,0.0,0.0,0.0,0.0,0.0,0.0,0.0,0.0,0.0,0.0,2.5,0.0
2050-04-14 07:00:00,2050-04-14 05:00:00,1227.4,0.0,0.0,12.0,1239.3,1190.8,1236.3,235.3,1277.5,0.0298,0.0321,battery,gas-cc,0.0,0.0,0.0,0.0,0.0,0.0,0.0,0.0,0.0,0.0,0.0,0.0,0.0,0.0,0.0,0.0,0.0,0.0,191.9,3.6,0.36,22.7,1447.4,0.08,192.1,65.8,257.9,327.1,6.2,0.62,38.6,2468.4,0.14,327.5,112.2,439.7,29.89,0.0,0.0,29.89,30.89,0.0,0.0,30.89,0.0,0.0,0.0,2281.5,3.1,2278.5,0.0,0.0,0.0,0.0,0.0,0.0,0.0,0.0,0.0,0.0,0.0,0.0,0.0,3.1,0.0
2050-04-14 08:00:00,2050-04-14 06:00:00,1327.4,419.6,0.0,28.9,1775.9,1287.5,-2816.0,0.0,2816.0,0.0301,0.0347,battery,upv,0.0,0.0,0.0,0.0,0.0,0.0,0.0,0.0,0.0,0.0,0.0,0.0,0.0,0.0,0.0,0.0,0.0,0.0,139.7,2.6,0.26,16.5,1053.0,0.06,139.8,47.9,187.7,0.0,0.0,0.0,0.0,0.0,0.0,0.0,0.0,0.0,0.0,0.0,0.0,0.0,0.0,0.0,0.0,0.0,0.0,0.0,0.0,4591.9,4591.9,0.0,0.0,0.0,0.0,0.0,193.6,0.0,0.0,0.0,0.0,0.0,0.0,0.0,4394.3,4.0,0.0
2050-04-14 09:00:00,2050-04-14 07:00:00,1497.9,2322.7,0.0,28.9,3849.5,1451.7,-2816.0,0.0,2816.0,0.0308,0.0392,upv,upv,0.0,0.0,0.0,0.0,0.0,0.0,0.0,0.0,0.0,0.0,0.0,0.0,0.0,0.0,0.0,0.0,0.0,0.0,141.1,2.7,0.27,16.7,1064.1,0.06,141.3,48.4,189.7,0.0,0.0,0.0,0.0,0.0,0.0,0.0,0.0,0.0,0.0,0.0,0.0,0.0,0.0,0.0,0.0,0.0,2.3,3171.5,3173.8,6665.5,6665.5,0.0,0.0,0.0,0.0,0.0,415.0,0.0,0.0,0.0,0.0,0.0,0.0,0.0,6250.5,0.0,0.0
2050-04-14 10:00:00,2050-04-14 08:00:00,1652.6,3795.7,0.0,22.6,5470.9,1600.1,-2409.0,0.0,2409.0,0.0318,0.0432,upv,upv,0.0,0.0,0.0,0.0,0.0,0.0,0.0,0.0,0.0,0.0,0.0,0.0,0.0,0.0,0.0,0.0,0.0,0.0,139.9,2.6,0.26,16.5,1054.9,0.06,140.1,48.0,188.1,0.0,0.0,0.0,0.0,0.0,0.0,0.0,0.0,0.0,0.0,0.0,0.0,0.0,0.0,0.0,0.0,0.0,4.0,2429.6,2433.6,7879.9,7879.9,0.0,0.0,0.0,0.0,0.0,435.2,0.0,0.0,0.0,0.0,0.0,0.0,0.0,7444.7,0.0,0.0
2050-04-14 11:00:00,2050-04-14 09:00:00,1672.6,2655.8,0.0,22.4,4350.8,1619.2,-2397.9,0.0,2397.9,0.032,0.0437,upv,upv,0.0,0.0,0.0,0.0,0.0,0.0,0.0,0.0,0.0,0.0,0.0,0.0,0.0,0.0,0.0,0.0,0.0,0.0,140.0,2.6,0.26,16.5,1055.1,0.06,140.1,48.0,188.1,0.0,0.0,0.0,0.0,0.0,0.0,0.0,0.0,0.0,0.0,0.0,0.0,0.0,0.0,0.0,0.0,0.0,15.2,3553.9,3569.1,6748.8,6748.8,0.0,0.0,0.0,0.0,0.0,434.9,0.0,0.0,0.0,0.0,0.0,0.0,0.0,6313.9,0.0,0.0
2050-04-14 12:00:00,2050-04-14 10:00:00,1642.1,3600.8,0.0,15.5,5258.4,1590.0,-1949.1,0.0,1949.1,0.0317,0.0429,upv,upv,0.0,0.0,0.0,0.0,0.0,0.0,0.0,0.0,0.0,0.0,0.0,0.0,0.0,0.0,0.0,0.0,0.0,0.0,147.1,2.8,0.28,17.4,1109.1,0.06,147.3,50.4,197.7,0.0,0.0,0.0,0.0,0.0,0.0,0.0,0.0,0.0,0.0,0.0,0.0,0.0,0.0,0.0,0.0,0.0,0.0,3144.7,3144.7,7207.5,7207.5,0.0,0.0,0.0,0.0,0.0,435.2,0.0,0.0,0.0,0.0,0.0,0.0,0.0,6729.6,42.6,0.0
2050-04-14 13:00:00,2050-04-14 11:00:00,1610.5,2655.8,0.0,10.7,4277.0,1559.8,-1640.0,0.0,1640.0,0.0315,0.0421,upv,upv,0.0,0.0,0.0,0.0,0.0,0.0,0.0,0.0,0.0,0.0,0.0,0.0,0.0,0.0,0.0,0.0,0.0,0.0,139.9,2.6,0.26,16.5,1054.6,0.06,140.0,48.0,188.0,0.0,0.0,0.0,0.0,0.0,0.0,0.0,0.0,0.0,0.0,0.0,0.0,0.0,0.0,0.0,0.0,0.0,0.0,4463.0,4463.0,5917.0,5917.0,0.0,0.0,0.0,0.0,0.0,435.2,0.0,0.0,0.0,0.0,0.0,0.0,0.0,5411.3,70.5,0.0
2050-04-14 14:00:00,2050-04-14 12:00:00,1595.8,3629.9,0.0,10.7,5236.4,1545.6,-1640.0,0.0,1640.0,0.0314,0.0417,upv,upv,0.0,0.0,0.0,0.0,0.0,0.0,0.0,0.0,0.0,0.0,0.0,0.0,0.0,0.0,0.0,0.0,0.0,0.0,139.9,2.6,0.26,16.5,1054.7,0.06,140.1,48.0,188.0,0.0,0.0,0.0,0.0,0.0,0.0,0.0,0.0,0.0,0.0,0.0,0.0,0.0,0.0,0.0,0.0,0.0,0.0,3534.4,3534.4,6876.3,6876.3,0.0,0.0,0.0,0.0,0.0,435.2,0.0,0.0,0.0,0.0,0.0,0.0,0.0,6339.9,101.2,0.0
2050-04-14 15:00:00,2050-04-14 13:00:00,1626.3,2755.7,0.0,10.7,4392.6,1574.9,-1640.0,0.0,1640.0,0.0316,0.0425,upv,upv,0.0,0.0,0.0,0.0,0.0,0.0,0.0,0.0,0.0,0.0,0.0,0.0,0.0,0.0,0.0,0.0,0.0,0.0,139.9,2.6,0.26,16.5,1054.7,0.06,140.1,48.0,188.0,0.0,0.0,0.0,0.0,0.0,0.0,0.0,0.0,0.0,0.0,0.0,0.0,0.0,0.0,0.0,0.0,0.0,0.0,4441.1,4441.1,6032.6,6032.6,0.0,0.0,0.0,0.0,0.0,434.9,0.0,0.0,0.0,0.0,0.0,0.0,0.0,5426.7,171.0,0.0
2050-04-14 16:00:00,2050-04-14 14:00:00,1628.4,4019.6,0.0,10.7,5658.7,1576.9,-1640.0,0.0,1640.0,0.0316,0.0426,upv,upv,0.0,0.0,0.0,0.0,0.0,0.0,0.0,0.0,0.0,0.0,0.0,0.0,0.0,0.0,0.0,0.0,0.0,0.0,146.4,2.8,0.28,17.3,1104.1,0.06,146.6,50.2,196.8,0.0,0.0,0.0,0.0,0.0,0.0,0.0,0.0,0.0,0.0,0.0,0.0,0.0,0.0,0.0,0.0,0.0,0.0,2962.1,2962.1,7298.6,7298.6,0.0,0.0,0.0,0.0,0.0,423.7,0.0,0.0,0.0,0.0,0.0,0.0,0.0,6653.7,221.2,0.0
2050-04-14 17:00:00,2050-04-14 15:00:00,1690.5,2431.9,0.0,10.7,4133.1,1636.3,-1640.0,0.0,1640.0,0.0321,0.0442,upv,upv,0.0,0.0,0.0,0.0,0.0,0.0,0.0,0.0,0.0,0.0,0.0,0.0,0.0,0.0,0.0,0.0,0.0,0.0,140.0,2.6,0.26,16.5,1055.2,0.06,140.1,48.0,188.1,0.0,0.0,0.0,0.0,0.0,0.0,0.0,0.0,0.0,0.0,0.0,0.0,0.0,0.0,0.0,0.0,0.0,0.0,4631.6,4631.6,5773.0,5773.0,0.0,0.0,0.0,0.0,0.0,428.4,0.0,0.0,0.0,0.0,0.0,0.0,0.0,5094.1,250.6,0.0
2050-04-14 18:00:00,2050-04-14 16:00:00,1752.6,2878.9,0.0,10.7,4642.2,1695.6,-1640.0,0.0,1640.0,0.0325,0.0458,upv,upv,0.0,0.0,0.0,0.0,0.0,0.0,0.0,0.0,0.0,0.0,0.0,0.0,0.0,0.0,0.0,0.0,0.0,0.0,140.0,2.6,0.27,16.5,1055.7,0.06,140.2,48.0,188.2,0.0,0.0,0.0,0.0,0.0,0.0,0.0,0.0,0.0,0.0,0.0,0.0,0.0,0.0,0.0,0.0,0.0,0.0,4121.9,4121.9,6282.2,6282.2,0.0,0.0,0.0,0.0,0.0,427.7,0.0,0.0,0.0,0.0,0.0,0.0,0.0,5584.4,270.1,0.0
2050-04-14 19:00:00,2050-04-14 17:00:00,1804.2,0.0,0.0,27.6,1831.9,1744.8,-2735.8,0.0,2735.8,0.0329,0.0472,battery,upv,0.0,0.0,0.0,0.0,0.0,0.0,0.0,0.0,0.0,0.0,0.0,0.0,0.0,0.0,0.0,0.0,0.0,0.0,140.5,2.7,0.27,16.6,1059.4,0.06,140.7,48.2,188.9,0.0,0.0,0.0,0.0,0.0,0.0,0.0,0.0,0.0,0.63,0.0,0.0,0.63,0.66,0.0,0.0,0.66,0.0,0.0,0.0,4567.6,4567.6,0.0,0.0,0.0,0.0,0.0,181.1,0.0,0.0,0.0,0.0,0.0,0.0,0.0,4110.0,276.6,0.0
2050-04-14 20:00:00,2050-04-14 18:00:00,1907.4,0.0,0.0,17.6,1924.9,1842.9,1662.0,445.3,1640.0,0.0338,0.0499,battery,gas-cc,0.0,0.0,0.0,0.0,0.0,0.0,0.0,0.0,0.0,0.0,0.0,0.0,0.0,0.0,0.0,0.0,0.0,0.0,142.4,2.7,0.27,16.8,1073.8,0.06,142.6,48.8,191.4,349.3,6.6,0.66,41.3,2636.0,0.15,349.7,119.9,469.5,25.49,0.0,0.0,25.49,26.83,0.0,0.0,26.83,0.0,0.0,0.0,3119.6,262.9,2856.7,0.0,0.0,0.0,0.0,0.0,0.0,0.0,0.0,0.0,0.0,0.0,0.0,0.0,262.9,0.0
2050-04-14 21:00:00,2050-04-14 19:00:00,1958.9,0.0,0.0,17.6,1976.5,1891.9,1727.4,445.3,1640.0,0.0342,0.0512,battery,gas-cc,0.0,0.0,0.0,0.0,0.0,0.0,0.0,0.0,0.0,0.0,0.0,0.0,0.0,0.0,0.0,0.0,0.0,0.0,142.7,2.7,0.27,16.9,1075.9,0.06,142.9,48.9,191.8,349.8,6.6,0.66,41.3,2639.7,0.15,350.2,120.0,470.2,25.49,0.0,0.0,25.49,26.87,0.0,0.0,26.87,0.0,0.0,0.0,3171.2,249.1,2922.1,0.0,0.0,0.0,0.0,0.0,0.0,0.0,0.0,0.0,0.0,0.0,0.0,0.0,249.1,0.0
2050-04-14 22:00:00,2050-04-14 20:00:00,1886.3,0.0,0.0,17.6,1903.9,1822.9,1659.6,445.3,1640.0,0.0336,0.0493,battery,gas-cc,0.0,0.0,0.0,0.0,0.0,0.0,0.0,0.0,0.0,0.0,0.0,0.0,0.0,0.0,0.0,0.0,0.0,0.0,142.6,2.7,0.27,16.9,1075.4,0.06,142.8,48.9,191.7,349.1,6.6,0.66,41.2,2634.5,0.15,349.5,119.8,469.3,25.49,0.0,0.0,25.49,26.82,0.0,0.0,26.82,0.0,0.0,0.0,3098.5,244.3,2854.2,0.0,0.0,0.0,0.0,0.0,0.0,0.0,0.0,0.0,0.0,0.0,0.0,0.0,244.3,0.0
2050-04-14 23:00:00,2050-04-14 21:00:00,1788.4,0.0,0.0,17.6,1806.0,1729.7,1593.5,445.3,1640.0,0.0328,0.0468,battery,gas-cc,0.0,0.0,0.0,0.0,0.0,0.0,0.0,0.0,0.0,0.0,0.0,0.0,0.0,0.0,0.0,0.0,0.0,0.0,142.7,2.7,0.27,16.9,1075.9,0.06,142.9,48.9,191.8,348.2,6.6,0.66,41.1,2627.4,0.15,348.5,119.5,468.0,25.49,0.0,0.0,25.49,26.74,0.0,0.0,26.74,0.0,0.0,0.0,3000.6,212.4,2788.2,0.0,0.0,0.0,0.0,0.0,0.0,0.0,0.0,0.0,0.0,0.0,0.0,0.0,212.4,0.0
2050-04-15 00:00:00,2050-04-14 22:00:00,1675.8,0.0,0.0,17.6,1693.4,1622.2,1505.1,445.3,1640.0,0.032,0.0438,battery,gas-cc,0.0,0.0,0.0,0.0,0.0,0.0,0.0,0.0,0.0,0.0,0.0,0.0,0.0,0.0,0.0,0.0,0.0,0.0,147.4,2.8,0.28,17.4,1111.6,0.06,147.6,50.6,198.2,347.1,6.5,0.65,41.0,2619.3,0.15,347.5,119.1,466.6,23.91,0.0,0.0,23.91,25.01,0.0,0.0,25.01,0.0,0.0,0.0,2888.0,188.2,2699.8,0.0,0.0,0.0,0.0,0.0,0.0,0.0,0.0,0.0,0.0,0.0,0.0,0.0,188.2,0.0
2050-04-15 01:00:00,2050-04-14 23:00:00,1528.4,0.0,0.0,17.6,1546.0,1481.0,1336.1,445.3,1640.0,0.031,0.04,battery,gas-cc,0.0,0.0,0.0,0.0,0.0,0.0,0.0,0.0,0.0,0.0,0.0,0.0,0.0,0.0,0.0,0.0,0.0,0.0,142.7,2.7,0.27,16.9,1075.5,0.06,142.8,48.9,191.7,345.7,6.5,0.65,40.8,2608.8,0.15,346.1,118.6,464.7,23.91,0.0,0.0,23.91,24.91,0.0,0.0,24.91,0.0,0.0,0.0,2740.6,209.8,2530.8,0.0,0.0,0.0,0.0,0.0,0.0,0.0,0.0,0.0,0.0,0.0,0.0,0.0,209.8,0.0
2050-04-15 02:00:00,2050-04-15 00:00:00,1412.6,0.0,0.0,17.6,1430.2,1369.7,1227.6,445.3,1640.0,0.0304,0.0369,battery,gas-cc,0.0,0.0,0.0,0.0,0.0,0.0,0.0,0.0,0.0,0.0,0.0,0.0,0.0,0.0,0.0,0.0,0.0,0.0,142.1,2.7,0.27,16.8,1071.1,0.06,142.2,48.7,190.9,344.6,6.5,0.65,40.7,2600.6,0.15,345.0,118.2,463.2,23.91,0.0,0.0,23.91,24.83,0.0,0.0,24.83,0.0,0.0,0.0,2624.9,202.6,2422.3,0.0,0.0,0.0,0.0,0.0,0.0,0.0,0.0,0.0,0.0,0.0,0.0,0.0,202.6,0.0
2050-04-15 03:00:00,2050-04-15 01:00:00,1293.7,0.0,0.0,17.6,1311.2,1254.9,1119.2,445.3,1640.0,0.0299,0.0338,battery,gas-cc,0.0,0.0,0.0,0.0,0.0,0.0,0.0,0.0,0.0,0.0,0.0,0.0,0.0,0.0,0.0,0.0,0.0,0.0,141.8,2.7,0.27,16.8,1069.3,0.06,142.0,48.6,190.6,343.5,6.5,0.65,40.6,2592.2,0.15,343.9,117.9,461.7,23.91,0.0,0.0,23.91,24.75,0.0,0.0,24.75,0.0,0.0,0.0,2505.9,192.1,2313.8,0.0,0.0,0.0,0.0,0.0,0.0,0.0,0.0,0.0,0.0,0.0,0.0,0.0,192.1,0.0
2050-04-15 04:00:00,2050-04-15 02:00:00,1213.7,0.0,0.0,17.6,1231.2,1177.6,983.9,445.3,1640.0,0.0298,0.0317,battery,gas-cc,0.0,0.0,0.0,0.0,0.0,0.0,0.0,0.0,0.0,0.0,0.0,0.0,0.0,0.0,0.0,0.0,0.0,0.0,191.9,3.6,0.36,22.7,1447.5,0.08,192.1,65.8,258.0,342.8,6.5,0.65,40.5,2586.6,0.15,343.1,117.6,460.8,23.91,0.0,0.0,23.91,24.69,0.0,0.0,24.69,0.0,0.0,0.0,2425.9,247.3,2178.6,0.0,0.0,0.0,0.0,0.0,0.0,0.0,0.0,0.0,0.0,0.0,0.0,0.0,247.3,0.0
2050-04-15 05:00:00,2050-04-15 03:00:00,1167.4,0.0,0.0,9.7,1177.1,1132.7,903.4,445.3,435.0,0.0297,0.0305,battery,gas-cc,0.0,0.0,0.0,0.0,0.0,0.0,0.0,0.0,0.0,0.0,0.0,0.0,0.0,0.0,0.0,0.0,0.0,0.0,147.2,2.8,0.28,17.4,1109.7,0.06,147.3,50.5,197.8,342.3,6.5,0.65,40.4,2583.4,0.15,342.7,117.5,460.2,23.91,0.0,0.0,23.91,24.66,0.0,0.0,24.66,0.0,0.0,0.0,1166.8,273.7,893.1,0.0,0.0,0.0,0.0,0.0,0.0,0.0,0.0,0.0,0.0,0.0,0.0,0.0,273.7,0.0
2050-04-15 06:00:00,2050-04-15 04:00:00,1138.9,0.0,0.0,6.9,1145.8,1105.1,866.8,445.3,0.0,0.0297,0.0298,battery,gas-cc,0.0,0.0,0.0,0.0,0.0,0.0,0.0,0.0,0.0,0.0,0.0,0.0,0.0,0.0,0.0,0.0,0.0,0.0,159.0,3.0,0.3,18.8,1198.6,0.07,159.1,54.5,213.6,342.1,6.4,0.64,40.4,2581.4,0.15,342.4,117.4,459.8,23.91,0.0,0.0,23.91,24.64,0.0,0.0,24.64,0.0,0.0,0.0,700.5,279.0,421.5,0.0,0.0,0.0,0.0,0.0,0.0,0.0,0.0,0.0,0.0,0.0,0.0,0.0,279.0,0.0
2050-04-15 07:00:00,2050-04-15 05:00:00,1147.4,0.0,0.0,14.5,1161.9,1113.3,882.5,445.3,1173.2,0.0297,0.03,hydro,gas-cc,0.0,0.0,0.0,0.0,0.0,0.0,0.0,0.0,0.0,0.0,0.0,0.0,0.0,0.0,0.0,0.0,0.0,0.0,141.8,2.7,0.27,16.8,1069.0,0.06,141.9,48.6,190.6,364.0,6.9,0.69,43.0,2746.9,0.16,364.4,124.9,489.3,23.88,0.0,0.0,23.88,24.62,0.0,0.0,24.62,0.0,0.0,0.0,1889.8,279.4,1610.3,0.0,0.0,0.0,0.0,0.0,0.0,0.0,0.0,0.0,0.0,0.0,0.0,0.0,279.4,0.0
2050-04-15 08:00:00,2050-04-15 06:00:00,1177.9,0.0,0.0,9.4,1187.3,1142.9,67.6,445.3,377.8,0.0297,0.0308,hydro,upv,0.0,0.0,0.0,0.0,0.0,0.0,0.0,0.0,0.0,0.0,0.0,0.0,0.0,0.0,0.0,0.0,0.0,0.0,139.7,2.6,0.26,16.5,1053.4,0.06,139.9,47.9,187.8,0.0,0.0,0.0,0.0,0.0,0.0,0.0,0.0,0.0,1.56,0.0,0.0,1.56,1.61,0.0,0.0,1.61,0.0,0.0,0.0,1119.7,1119.7,0.0,0.0,0.0,0.0,0.0,35.9,0.0,0.0,0.0,0.0,0.0,0.0,0.0,813.8,270.0,0.0
2050-04-15 09:00:00,2050-04-15 07:00:00,1263.2,1495.1,0.0,0.0,2758.2,1225.4,0.0,0.0,0.0,0.0299,0.033,battery,upv,0.0,0.0,0.0,0.0,0.0,0.0,0.0,0.0,0.0,0.0,0.0,0.0,0.0,0.0,0.0,0.0,0.0,0.0,139.7,2.6,0.26,16.5,1052.8,0.06,139.8,47.9,187.7,0.0,0.0,0.0,0.0,0.0,0.0,0.0,0.0,0.0,0.0,0.0,0.0,0.0,0.0,0.0,0.0,0.0,0.0,0.0,0.0,2758.2,2758.2,0.0,0.0,0.0,0.0,0.0,105.7,0.0,0.0,0.0,0.0,0.0,0.0,0.0,2397.5,255.1,0.0
2050-04-15 10:00:00,2050-04-15 08:00:00,1400.0,2655.8,0.0,0.0,4055.8,1357.5,0.0,0.0,0.0,0.0303,0.0366,upv,upv,0.0,0.0,0.0,0.0,0.0,0.0,0.0,0.0,0.0,0.0,0.0,0.0,0.0,0.0,0.0,0.0,0.0,0.0,139.7,2.6,0.26,16.5,1053.3,0.06,139.9,47.9,187.8,0.0,0.0,0.0,0.0,0.0,0.0,0.0,0.0,0.0,0.0,0.0,0.0,0.0,0.0,0.0,0.0,0.0,0.0,1595.1,1595.1,4055.8,4055.8,0.0,0.0,0.0,0.0,0.0,227.2,0.0,0.0,0.0,0.0,0.0,0.0,0.0,3561.8,266.9,0.0
2050-04-15 11:00:00,2050-04-15 09:00:00,1469.5,2655.8,0.0,0.0,4125.3,1424.4,0.0,0.0,0.0,0.0307,0.0384,upv,upv,0.0,0.0,0.0,0.0,0.0,0.0,0.0,0.0,0.0,0.0,0.0,0.0,0.0,0.0,0.0,0.0,0.0,0.0,139.8,2.6,0.26,16.5,1053.7,0.06,139.9,47.9,187.9,0.0,0.0,0.0,0.0,0.0,0.0,0.0,0.0,0.0,0.0,0.0,0.0,0.0,0.0,0.0,0.0,0.0,0.0,3565.6,3565.6,4125.3,4125.3,0.0,0.0,0.0,0.0,0.0,313.3,0.0,0.0,0.0,0.0,0.0,0.0,0.0,3542.9,269.2,0.0
2050-04-15 12:00:00,2050-04-15 10:00:00,1528.4,2461.0,0.0,0.0,3989.4,1481.0,0.0,0.0,0.0,0.031,0.04,upv,upv,0.0,0.0,0.0,0.0,0.0,0.0,0.0,0.0,0.0,0.0,0.0,0.0,0.0,0.0,0.0,0.0,0.0,0.0,139.8,2.6,0.26,16.5,1054.1,0.06,140.0,47.9,187.9,0.0,0.0,0.0,0.0,0.0,0.0,0.0,0.0,0.0,0.0,0.0,0.0,0.0,0.0,0.0,0.0,0.0,0.0,4443.1,4443.1,3989.4,3989.4,0.0,0.0,0.0,0.0,0.0,344.3,0.0,0.0,0.0,0.0,0.0,0.0,0.0,3369.8,275.3,0.0
2050-04-15 13:00:00,2050-04-15 11:00:00,1546.3,4019.6,0.0,0.0,5565.9,1498.2,-0.0,0.0,0.0,0.0311,0.0404,upv,upv,0.0,0.0,0.0,0.0,0.0,0.0,0.0,0.0,0.0,0.0,0.0,0.0,0.0,0.0,0.0,0.0,0.0,0.0,139.8,2.6,0.26,16.5,1054.2,0.06,140.0,48.0,187.9,0.0,0.0,0.0,0.0,0.0,0.0,0.0,0.0,0.0,0.0,0.0,0.0,0.0,0.0,0.0,0.0,0.0,0.0,3685.5,3685.5,5565.9,5565.9,0.0,0.0,0.0,0.0,0.0,378.6,0.0,0.0,0.0,0.0,0.0,0.0,0.0,4909.3,278.1,0.0
2050-04-15 14:00:00,2050-04-15 12:00:00,1572.6,3957.5,0.0,0.0,5530.2,1523.4,0.0,0.0,0.0,0.0313,0.0411,upv,upv,0.0,0.0,0.0,0.0,0.0,0.0,0.0,0.0,0.0,0.0,0.0,0.0,0.0,0.0,0.0,0.0,0.0,0.0,139.9,2.6,0.26,16.5,1054.4,0.06,140.0,48.0,188.0,0.0,0.0,0.0,0.0,0.0,0.0,0.0,0.0,0.0,0.0,0.0,0.0,0.0,0.0,0.0,0.0,0.0,0.0,3222.4,3222.4,5530.2,5530.2,0.0,0.0,0.0,0.0,0.0,357.6,0.0,0.0,0.0,0.0,0.0,0.0,0.0,4894.2,278.3,0.0
2050-04-15 15:00:00,2050-04-15 13:00:00,1585.3,3819.8,0.0,0.0,5405.1,1535.5,0.0,0.0,0.0,0.0314,0.0415,upv,upv,0.0,0.0,0.0,0.0,0.0,0.0,0.0,0.0,0.0,0.0,0.0,0.0,0.0,0.0,0.0,0.0,0.0,0.0,139.9,2.6,0.26,16.5,1054.5,0.06,140.0,48.0,188.0,0.0,0.0,0.0,0.0,0.0,0.0,0.0,0.0,0.0,0.0,0.0,0.0,0.0,0.0,0.0,0.0,0.0,0.0,2741.0,2741.0,5405.1,5405.1,0.0,0.0,0.0,0.0,0.0,332.0,0.0,0.0,0.0,0.0,0.0,0.0,0.0,4793.9,279.2,0.0
2050-04-15 16:00:00,2050-04-15 14:00:00,1585.3,2788.6,0.0,0.0,4373.9,1535.5,0.0,0.0,0.0,0.0314,0.0415,upv,upv,0.0,0.0,0.0,0.0,0.0,0.0,0.0,0.0,0.0,0.0,0.0,0.0,0.0,0.0,0.0,0.0,0.0,0.0,139.9,2.6,0.26,16.5,1054.5,0.06,140.0,48.0,188.0,0.0,0.0,0.0,0.0,0.0,0.0,0.0,0.0,0.0,0.0,0.0,0.0,0.0,0.0,0.0,0.0,0.0,0.0,3299.4,3299.4,4373.9,4373.9,0.0,0.0,0.0,0.0,0.0,312.2,0.0,0.0,0.0,0.0,0.0,0.0,0.0,3783.2,278.5,0.0
2050-04-15 17:00:00,2050-04-15 15:00:00,1595.8,3795.7,0.0,0.0,5391.5,1545.6,0.0,0.0,0.0,0.0314,0.0417,upv,upv,0.0,0.0,0.0,0.0,0.0,0.0,0.0,0.0,0.0,0.0,0.0,0.0,0.0,0.0,0.0,0.0,0.0,0.0,139.9,2.6,0.26,16.5,1054.5,0.06,140.0,48.0,188.0,0.0,0.0,0.0,0.0,0.0,0.0,0.0,0.0,0.0,0.0,0.0,0.0,0.0,0.0,0.0,0.0,0.0,0.0,1978.6,1978.6,5391.5,5391.5,0.0,0.0,0.0,0.0,0.0,299.4,0.0,0.0,0.0,0.0,0.0,0.0,0.0,4813.2,278.9,0.0
2050-04-15 18:00:00,2050-04-15 16:00:00,1633.7,3403.2,0.0,0.0,5036.9,1581.9,0.0,0.0,0.0,0.0317,0.0427,upv,upv,0.0,0.0,0.0,0.0,0.0,0.0,0.0,0.0,0.0,0.0,0.0,0.0,0.0,0.0,0.0,0.0,0.0,0.0,139.9,2.6,0.26,16.5,1054.8,0.06,140.1,48.0,188.0,0.0,0.0,0.0,0.0,0.0,0.0,0.0,0.0,0.0,0.0,0.0,0.0,0.0,0.0,0.0,0.0,0.0,0.0,1029.8,1029.8,5036.9,5036.9,0.0,0.0,0.0,0.0,0.0,244.3,0.0,0.0,0.0,0.0,0.0,0.0,0.0,4514.8,277.8,0.0
2050-04-15 19:00:00,2050-04-15 17:00:00,1649.5,114.4,0.0,7.9,1771.7,1597.0,-1208.8,0.0,1208.8,0.0318,0.0431,wind-ons,wind-ons,0.0,0.0,0.0,0.0,0.0,0.0,0.0,0.0,0.0,0.0,0.0,0.0,0.0,0.0,0.0,0.0,0.0,0.0,140.0,2.6,0.27,16.5,1055.7,0.06,140.2,48.0,188.2,0.0,0.0,0.0,0.0,0.0,0.0,0.0,0.0,0.0,0.0,0.0,0.0,0.0,0.0,0.0,0.0,0.0,0.0,0.0,0.0,2980.5,2980.5,0.0,0.0,0.0,0.0,0.0,114.2,0.0,0.0,0.0,0.0,0.0,0.0,0.0,2591.4,274.9,0.0
2050-04-15 20:00:00,2050-04-15 18:00:00,1698.9,0.0,0.0,12.9,1711.9,1644.3,1469.5,445.3,924.1,0.0321,0.0444,battery,hydro,0.0,0.0,0.0,0.0,0.0,0.0,0.0,0.0,0.0,0.0,0.0,0.0,0.0,0.0,0.0,0.0,0.0,0.0,143.2,2.7,0.27,16.9,1079.5,0.06,143.3,49.1,192.4,0.0,0.0,0.0,0.0,0.0,0.0,0.0,0.0,0.0,1.77,0.0,0.0,1.77,1.85,0.0,0.0,1.85,0.0,0.0,0.0,2190.6,242.4,1948.2,0.0,0.0,0.0,0.0,0.0,0.0,0.0,0.0,0.0,0.0,0.0,0.0,0.0,242.4,0.0
2050-04-15 21:00:00,2050-04-15 19:00:00,1768.4,0.0,0.0,14.1,1782.5,1710.7,1582.5,445.3,1099.9,0.0327,0.0462,battery,upv,0.0,0.0,0.0,0.0,0.0,0.0,0.0,0.0,0.0,0.0,0.0,0.0,0.0,0.0,0.0,0.0,0.0,0.0,143.3,2.7,0.27,16.9,1080.5,0.06,143.5,49.1,192.6,0.0,0.0,0.0,0.0,0.0,0.0,0.0,0.0,0.0,1.77,0.0,0.0,1.77,1.85,0.0,0.0,1.85,0.0,0.0,0.0,2437.1,200.0,2237.1,0.0,0.0,0.0,0.0,0.0,0.0,0.0,0.0,0.0,0.0,0.0,0.0,0.0,200.0,0.0
2050-04-15 22:00:00,2050-04-15 20:00:00,1745.3,0.0,0.0,15.4,1760.7,1688.6,1567.4,445.3,1309.8,0.0325,0.0456,battery,wind-ons,0.0,0.0,0.0,0.0,0.0,0.0,0.0,0.0,0.0,0.0,0.0,0.0,0.0,0.0,0.0,0.0,0.0,0.0,142.7,2.7,0.27,16.9,1076.1,0.06,142.9,49.0,191.8,0.0,0.0,0.0,0.0,0.0,0.0,0.0,0.0,0.0,1.77,0.0,0.0,1.77,1.85,0.0,0.0,1.85,0.0,0.0,0.0,2625.2,193.3,2431.9,0.0,0.0,0.0,0.0,0.0,0.0,0.0,0.0,0.0,0.0,0.0,0.0,0.0,193.3,0.0
2050-04-15 23:00:00,2050-04-15 21:00:00,1677.9,0.0,0.0,14.4,1692.3,1624.2,1522.3,445.3,1160.1,0.032,0.0439,hydro,upv,0.0,0.0,0.0,0.0,0.0,0.0,0.0,0.0,0.0,0.0,0.0,0.0,0.0,0.0,0.0,0.0,0.0,0.0,142.9,2.7,0.27,16.9,1077.1,0.06,143.0,49.0,192.0,0.0,0.0,0.0,0.0,0.0,0.0,0.0,0.0,0.0,1.77,0.0,0.0,1.77,1.85,0.0,0.0,1.85,0.0,0.0,0.0,2407.1,170.1,2237.1,0.0,0.0,0.0,0.0,0.0,0.0,0.0,0.0,0.0,0.0,0.0,0.0,0.0,170.1,0.0
2050-04-16 00:00:00,2050-04-15 22:00:00,1592.6,0.0,0.0,14.8,1607.4,1542.6,1496.9,445.3,1214.6,0.0314,0.0416,battery,upv,0.0,0.0,0.0,0.0,0.0,0.0,0.0,0.0,0.0,0.0,0.0,0.0,0.0,0.0,0.0,0.0,0.0,0.0,142.8,2.7,0.27,16.9,1076.9,0.06,143.0,49.0,192.0,0.0,0.0,0.0,0.0,0.0,0.0,0.0,0.0,0.0,2.01,0.0,0.0,2.01,2.1,0.0,0.0,2.1,0.0,0.0,0.0,2376.7,110.5,2266.2,0.0,0.0,0.0,0.0,0.0,0.0,0.0,0.0,0.0,0.0,0.0,0.0,0.0,110.5,0.0
2050-04-16 01:00:00,2050-04-15 23:00:00,1471.6,0.0,0.0,17.6,1489.1,1426.4,1414.7,445.3,1640.0,0.0307,0.0385,battery,upv,0.0,0.0,0.0,0.0,0.0,0.0,0.0,0.0,0.0,0.0,0.0,0.0,0.0,0.0,0.0,0.0,0.0,0.0,142.9,2.7,0.27,16.9,1077.1,0.06,143.0,49.0,192.0,0.0,0.0,0.0,0.0,0.0,0.0,0.0,0.0,0.0,2.01,0.0,0.0,2.01,2.1,0.0,0.0,2.1,0.0,0.0,0.0,2683.8,74.4,2609.4,0.0,0.0,0.0,0.0,0.0,0.0,0.0,0.0,0.0,0.0,0.0,0.0,0.0,74.4,0.0
2050-04-16 02:00:00,2050-04-16 00:00:00,1343.2,0.0,0.0,17.5,1360.6,1302.7,1301.7,445.3,1629.1,0.0301,0.0351,battery,upv,0.0,0.0,0.0,0.0,0.0,0.0,0.0,0.0,0.0,0.0,0.0,0.0,0.0,0.0,0.0,0.0,0.0,0.0,142.4,2.7,0.27,16.8,1073.4,0.06,142.5,48.8,191.4,0.0,0.0,0.0,0.0,0.0,0.0,0.0,0.0,0.0,2.01,0.0,0.0,2.01,2.09,0.0,0.0,2.09,0.0,0.0,0.0,2544.5,59.0,2485.5,0.0,0.0,0.0,0.0,0.0,0.0,0.0,0.0,0.0,0.0,0.0,0.0,0.0,59.0,0.0
2050-04-16 03:00:00,2050-04-16 01:00:00,1250.5,0.0,0.0,17.6,1268.1,1213.2,1213.0,445.3,1640.0,0.0298,0.0327,battery,upv,0.0,0.0,0.0,0.0,0.0,0.0,0.0,0.0,0.0,0.0,0.0,0.0,0.0,0.0,0.0,0.0,0.0,0.0,142.7,2.7,0.27,16.9,1075.7,0.06,142.8,48.9,191.8,0.0,0.0,0.0,0.0,0.0,0.0,0.0,0.0,0.0,2.01,0.0,0.0,2.01,2.08,0.0,0.0,2.08,0.0,0.0,0.0,2462.7,55.1,2407.7,0.0,0.0,0.0,0.0,0.0,0.0,0.0,0.0,0.0,0.0,0.0,0.0,0.0,55.1,0.0
2050-04-16 04:00:00,2050-04-16 02:00:00,1185.3,0.0,0.0,14.5,1199.7,1150.0,1131.0,445.3,1161.7,0.0297,0.031,battery,upv,0.0,0.0,0.0,0.0,0.0,0.0,0.0,0.0,0.0,0.0,0.0,0.0,0.0,0.0,0.0,0.0,0.0,0.0,142.5,2.7,0.27,16.8,1074.5,0.06,142.7,48.9,191.5,0.0,0.0,0.0,0.0,0.0,0.0,0.0,0.0,0.0,2.01,0.0,0.0,2.01,2.08,0.0,0.0,2.08,0.0,0.0,0.0,1916.1,68.7,1847.4,0.0,0.0,0.0,0.0,0.0,0.0,0.0,0.0,0.0,0.0,0.0,0.0,0.0,68.7,0.0
2050-04-16 05:00:00,2050-04-16 03:00:00,1144.2,0.0,0.0,17.1,1161.3,1110.2,1104.4,445.3,1574.4,0.0297,0.0299,battery,upv,0.0,0.0,0.0,0.0,0.0,0.0,0.0,0.0,0.0,0.0,0.0,0.0,0.0,0.0,0.0,0.0,0.0,0.0,142.9,2.7,0.27,16.9,1077.2,0.06,143.0,49.0,192.0,0.0,0.0,0.0,0.0,0.0,0.0,0.0,0.0,0.0,2.01,0.0,0.0,2.01,2.08,0.0,0.0,2.08,0.0,0.0,0.0,2290.5,56.9,2233.5,0.0,0.0,0.0,0.0,0.0,0.0,0.0,0.0,0.0,0.0,0.0,0.0,0.0,56.9,0.0
2050-04-16 06:00:00,2050-04-16 04:00:00,1118.9,0.0,0.0,14.7,1133.7,1085.7,1078.8,445.3,1205.8,0.0297,0.0293,battery,wind-ons,0.0,0.0,0.0,0.0,0.0,0.0,0.0,0.0,0.0,0.0,0.0,0.0,0.0,0.0,0.0,0.0,0.0,0.0,148.3,2.8,0.28,17.5,1118.2,0.06,148.5,50.9,199.3,0.0,0.0,0.0,0.0,0.0,0.0,0.0,0.0,0.0,2.01,0.0,0.0,2.01,2.08,0.0,0.0,2.08,0.0,0.0,0.0,1894.2,54.9,1839.3,0.0,0.0,0.0,0.0,0.0,0.0,0.0,0.0,0.0,0.0,0.0,0.0,0.0,54.9,0.0
2050-04-16 07:00:00,2050-04-16 05:00:00,1113.7,0.0,0.0,15.4,1129.1,1080.6,1079.1,445.3,1314.5,0.0297,0.0291,battery,upv,0.0,0.0,0.0,0.0,0.0,0.0,0.0,0.0,0.0,0.0,0.0,0.0,0.0,0.0,0.0,0.0,0.0,0.0,142.5,2.7,0.27,16.8,1074.7,0.06,142.7,48.9,191.6,0.0,0.0,0.0,0.0,0.0,0.0,0.0,0.0,0.0,2.01,0.0,0.0,2.01,2.07,0.0,0.0,2.07,0.0,0.0,0.0,1998.3,50.1,1948.2,0.0,0.0,0.0,0.0,0.1,0.0,0.0,0.0,0.0,0.0,0.0,0.0,2.6,47.3,0.0
2050-04-16 08:00:00,2050-04-16 06:00:00,1149.5,3506.8,0.0,0.0,4656.3,1115.3,0.0,0.0,0.0,0.0297,0.0301,upv,upv,0.0,0.0,0.0,0.0,0.0,0.0,0.0,0.0,0.0,0.0,0.0,0.0,0.0,0.0,0.0,0.0,0.0,0.0,139.6,2.6,0.26,16.5,1052.6,0.06,139.8,47.9,187.7,0.0,0.0,0.0,0.0,0.0,0.0,0.0,0.0,0.0,0.0,0.0,0.0,0.0,0.0,0.0,0.0,0.0,22.3,501.7,524.0,4656.3,4656.3,0.0,0.0,0.0,0.0,0.0,0.0,0.0,0.0,0.0,0.0,0.0,0.0,0.0,4656.3,0.0,0.0
2050-04-16 09:00:00,2050-04-16 07:00:00,1234.7,1363.8,0.0,0.0,2598.5,1197.9,0.0,0.0,0.0,0.0298,0.0323,upv,upv,0.0,0.0,0.0,0.0,0.0,0.0,0.0,0.0,0.0,0.0,0.0,0.0,0.0,0.0,0.0,0.0,0.0,0.0,139.6,2.6,0.26,16.5,1052.8,0.06,139.8,47.9,187.7,0.0,0.0,0.0,0.0,0.0,0.0,0.0,0.0,0.0,0.0,0.0,0.0,0.0,0.0,0.0,0.0,0.0,0.0,7601.0,7601.0,2598.5,2598.5,0.0,0.0,0.0,0.0,0.0,429.5,0.0,0.0,0.0,0.0,0.0,0.0,0.0,2144.0,25.0,0.0
2050-04-16 10:00:00,2050-04-16 08:00:00,1353.7,970.4,0.0,0.0,2324.1,1312.9,0.0,0.0,0.0,0.0302,0.0354,upv,upv,0.0,0.0,0.0,0.0,0.0,0.0,0.0,0.0,0.0,0.0,0.0,0.0,0.0,0.0,0.0,0.0,0.0,0.0,139.7,2.6,0.26,16.5,1053.1,0.06,139.8,47.9,187.7,0.0,0.0,0.0,0.0,0.0,0.0,0.0,0.0,0.0,0.0,0.0,0.0,0.0,0.0,0.0,0.0,0.0,0.0,8015.1,8015.1,2324.1,2324.1,0.0,0.0,0.0,0.0,0.0,435.2,0.0,0.0,0.0,0.0,0.0,0.0,0.0,1859.2,29.7,0.0
2050-04-16 11:00:00,2050-04-16 09:00:00,1409.5,1326.0,0.0,0.0,2735.5,1366.6,0.0,0.0,0.0,0.0304,0.0369,upv,upv,0.0,0.0,0.0,0.0,0.0,0.0,0.0,0.0,0.0,0.0,0.0,0.0,0.0,0.0,0.0,0.0,0.0,0.0,139.7,2.6,0.26,16.5,1053.4,0.06,139.9,47.9,187.8,0.0,0.0,0.0,0.0,0.0,0.0,0.0,0.0,0.0,0.0,0.0,0.0,0.0,0.0,0.0,0.0,0.0,0.0,7608.6,7608.6,2735.5,2735.5,0.0,0.0,0.0,0.0,0.0,435.2,0.0,0.0,0.0,0.0,0.0,0.0,0.0,2265.7,34.5,0.0
2050-04-16 12:00:00,2050-04-16 10:00:00,1453.7,3234.6,0.0,0.0,4688.3,1409.2,0.0,0.0,0.0,0.0306,0.038,upv,upv,0.0,0.0,0.0,0.0,0.0,0.0,0.0,0.0,0.0,0.0,0.0,0.0,0.0,0.0,0.0,0.0,0.0,0.0,139.8,2.6,0.26,16.5,1053.6,0.06,139.9,47.9,187.8,0.0,0.0,0.0,0.0,0.0,0.0,0.0,0.0,0.0,0.0,0.0,0.0,0.0,0.0,0.0,0.0,0.0,0.0,5665.5,5665.5,4688.3,4688.3,0.0,0.0,0.0,0.0,0.0,435.2,0.0,0.0,0.0,0.0,0.0,0.0,0.0,4208.8,44.2,0.0
2050-04-16 13:00:00,2050-04-16 11:00:00,1482.1,3211.2,0.0,0.0,4693.3,1436.5,0.0,0.0,0.0,0.0308,0.0388,upv,upv,0.0,0.0,0.0,0.0,0.0,0.0,0.0,0.0,0.0,0.0,0.0,0.0,0.0,0.0,0.0,0.0,0.0,0.0,139.8,2.6,0.26,16.5,1053.8,0.06,139.9,47.9,187.9,0.0,0.0,0.0,0.0,0.0,0.0,0.0,0.0,0.0,0.0,0.0,0.0,0.0,0.0,0.0,0.0,0.0,0.0,5666.2,5666.2,4693.3,4693.3,0.0,0.0,0.0,0.0,0.0,435.2,0.0,0.0,0.0,0.0,0.0,0.0,0.0,4208.1,50.0,0.0
2050-04-16 14:00:00,2050-04-16 12:00:00,1526.3,2342.0,0.0,0.0,3868.3,1479.0,-0.0,0.0,0.0,0.031,0.0399,upv,upv,0.0,0.0,0.0,0.0,0.0,0.0,0.0,0.0,0.0,0.0,0.0,0.0,0.0,0.0,0.0,0.0,0.0,0.0,139.8,2.6,0.26,16.5,1054.1,0.06,140.0,47.9,187.9,0.0,0.0,0.0,0.0,0.0,0.0,0.0,0.0,0.0,0.0,0.0,0.0,0.0,0.0,0.0,0.0,0.0,0.0,6492.1,6492.1,3868.3,3868.3,0.0,0.0,0.0,0.0,0.0,435.2,0.0,0.0,0.0,0.0,0.0,0.0,0.0,3382.2,50.9,0.0
2050-04-16 15:00:00,2050-04-16 13:00:00,1553.7,2461.0,0.0,0.0,4014.7,1505.3,0.0,0.0,0.0,0.0312,0.0406,upv,upv,0.0,0.0,0.0,0.0,0.0,0.0,0.0,0.0,0.0,0.0,0.0,0.0,0.0,0.0,0.0,0.0,0.0,0.0,139.8,2.6,0.26,16.5,1054.2,0.06,140.0,48.0,187.9,0.0,0.0,0.0,0.0,0.0,0.0,0.0,0.0,0.0,0.0,0.0,0.0,0.0,0.0,0.0,0.0,0.0,0.0,6351.6,6351.6,4014.7,4014.7,0.0,0.0,0.0,0.0,0.0,435.2,0.0,0.0,0.0,0.0,0.0,0.0,0.0,3522.7,56.8,0.0
2050-04-16 16:00:00,2050-04-16 14:00:00,1580.0,3795.7,0.0,0.0,5375.7,1530.5,0.0,0.0,0.0,0.0313,0.0413,upv,upv,0.0,0.0,0.0,0.0,0.0,0.0,0.0,0.0,0.0,0.0,0.0,0.0,0.0,0.0,0.0,0.0,0.0,0.0,139.9,2.6,0.26,16.5,1054.4,0.06,140.0,48.0,188.0,0.0,0.0,0.0,0.0,0.0,0.0,0.0,0.0,0.0,0.0,0.0,0.0,0.0,0.0,0.0,0.0,0.0,0.0,4996.6,4996.6,5375.7,5375.7,0.0,0.0,0.0,0.0,0.0,435.2,0.0,0.0,0.0,0.0,0.0,0.0,0.0,4877.7,62.7,0.0
2050-04-16 17:00:00,2050-04-16 15:00:00,1608.4,2456.1,0.0,0.0,4064.5,1557.7,0.0,0.0,0.0,0.0315,0.0421,upv,upv,0.0,0.0,0.0,0.0,0.0,0.0,0.0,0.0,0.0,0.0,0.0,0.0,0.0,0.0,0.0,0.0,0.0,0.0,139.9,2.6,0.26,16.5,1054.6,0.06,140.0,48.0,188.0,0.0,0.0,0.0,0.0,0.0,0.0,0.0,0.0,0.0,0.0,0.0,0.0,0.0,0.0,0.0,0.0,0.0,0.0,6316.6,6316.6,4064.5,4064.5,0.0,0.0,0.0,0.0,0.0,435.2,0.0,0.0,0.0,0.0,0.0,0.0,0.0,3557.7,71.6,0.0
2050-04-16 18:00:00,2050-04-16 16:00:00,1667.4,3660.0,0.0,0.0,5327.4,1614.2,0.0,0.0,0.0,0.0319,0.0436,upv,upv,0.0,0.0,0.0,0.0,0.0,0.0,0.0,0.0,0.0,0.0,0.0,0.0,0.0,0.0,0.0,0.0,0.0,0.0,139.9,2.6,0.26,16.5,1055.1,0.06,140.1,48.0,188.1,0.0,0.0,0.0,0.0,0.0,0.0,0.0,0.0,0.0,0.0,0.0,0.0,0.0,0.0,0.0,0.0,0.0,0.0,4815.3,4815.3,5327.4,5327.4,0.0,0.0,0.0,0.0,0.0,424.4,0.0,0.0,0.0,0.0,0.0,0.0,0.0,4819.9,83.1,0.0
2050-04-16 19:00:00,2050-04-16 17:00:00,1683.2,2838.9,0.0,0.0,4522.0,1629.3,0.0,0.0,0.0,0.032,0.044,battery,upv,0.0,0.0,0.0,0.0,0.0,0.0,0.0,0.0,0.0,0.0,0.0,0.0,0.0,0.0,0.0,0.0,0.0,0.0,141.4,2.7,0.27,16.7,1066.3,0.06,141.6,48.5,190.1,0.0,0.0,0.0,0.0,0.0,0.0,0.0,0.0,0.0,0.0,0.0,0.0,0.0,0.0,0.0,0.0,0.0,0.0,0.0,0.0,4522.0,4522.0,0.0,0.0,0.0,0.0,0.0,186.8,0.0,0.0,0.0,0.0,0.0,0.0,0.0,4239.2,96.0,0.0
2050-04-16 20:00:00,2050-04-16 18:00:00,1740.0,0.0,0.0,4.6,1744.6,1683.6,1624.8,0.0,713.1,0.0324,0.0455,battery,gas-cc,0.0,0.0,0.0,0.0,0.0,0.0,0.0,0.0,0.0,0.0,0.0,0.0,0.0,0.0,0.0,0.0,0.0,0.0,142.9,2.7,0.27,16.9,1077.5,0.06,143.1,49.0,192.1,379.7,7.2,0.72,44.9,2865.1,0.16,380.1,130.3,510.4,24.4,0.0,0.0,24.4,25.56,0.0,0.0,25.56,0.0,0.0,0.0,2457.7,119.8,2337.9,0.0,0.0,0.0,0.0,0.0,0.0,0.0,0.0,0.0,0.0,0.0,0.0,0.0,119.8,0.0
2050-04-16 21:00:00,2050-04-16 19:00:00,1822.1,0.0,0.0,4.0,1826.1,1761.8,1716.0,0.0,621.9,0.0331,0.0477,battery,gas-cc,0.0,0.0,0.0,0.0,0.0,0.0,0.0,0.0,0.0,0.0,0.0,0.0,0.0,0.0,0.0,0.0,0.0,0.0,142.4,2.7,0.27,16.8,1073.7,0.06,142.6,48.8,191.4,380.5,7.2,0.72,45.0,2871.6,0.16,380.9,130.6,511.5,24.4,0.0,0.0,24.4,25.62,0.0,0.0,25.62,0.0,0.0,0.0,2448.1,110.2,2337.9,0.0,0.0,0.0,0.0,0.0,0.0,0.0,0.0,0.0,0.0,0.0,0.0,0.0,110.2,0.0
2050-04-16 22:00:00,2050-04-16 20:00:00,1802.1,0.0,0.0,7.9,1810.0,1742.8,1731.7,0.0,1214.1,0.0329,0.0471,battery,gas-cc,0.0,0.0,0.0,0.0,0.0,0.0,0.0,0.0,0.0,0.0,0.0,0.0,0.0,0.0,0.0,0.0,0.0,0.0,142.2,2.7,0.27,16.8,1072.3,0.06,142.4,48.8,191.2,380.3,7.2,0.72,44.9,2870.0,0.16,380.7,130.5,511.2,24.4,0.0,0.0,24.4,25.6,0.0,0.0,25.6,0.0,0.0,0.0,3024.1,78.3,2945.8,0.0,0.0,0.0,0.0,0.0,0.0,0.0,0.0,0.0,0.0,0.0,0.0,0.0,78.3,0.0
2050-04-16 23:00:00,2050-04-16 21:00:00,1708.4,0.0,0.0,4.5,1712.9,1653.4,1643.7,0.0,694.2,0.0322,0.0447,battery,gas-cc,0.0,0.0,0.0,0.0,0.0,0.0,0.0,0.0,0.0,0.0,0.0,0.0,0.0,0.0,0.0,0.0,0.0,0.0,150.9,2.8,0.29,17.8,1138.0,0.07,151.1,51.8,202.9,379.3,7.1,0.71,44.8,2862.6,0.16,379.8,130.2,509.9,24.4,0.0,0.0,24.4,25.54,0.0,0.0,25.54,0.0,0.0,0.0,2407.1,69.2,2337.9,0.0,0.0,0.0,0.0,0.0,0.0,0.0,0.0,0.0,0.0,0.0,0.0,0.0,69.2,0.0
2050-04-17 00:00:00,2050-04-16 22:00:00,1595.8,0.0,0.0,8.3,1604.1,1545.6,1547.8,0.0,1273.8,0.0314,0.0417,battery,gas-cc,0.0,0.0,0.0,0.0,0.0,0.0,0.0,0.0,0.0,0.0,0.0,0.0,0.0,0.0,0.0,0.0,0.0,0.0,145.3,2.7,0.27,17.2,1095.2,0.06,145.4,49.8,195.2,372.1,7.0,0.7,44.0,2807.7,0.16,372.5,127.7,500.1,24.4,0.0,0.0,24.4,25.46,0.0,0.0,25.46,0.0,0.0,0.0,2877.8,56.3,2821.5,0.0,0.0,0.0,0.0,0.0,0.0,0.0,0.0,0.0,0.0,0.0,0.0,0.0,56.3,0.0
2050-04-17 01:00:00,2050-04-16 23:00:00,1453.7,0.0,0.0,0.1,1453.8,1409.2,1410.7,0.0,17.9,0.0306,0.038,battery,gas-cc,0.0,0.0,0.0,0.0,0.0,0.0,0.0,0.0,0.0,0.0,0.0,0.0,0.0,0.0,0.0,0.0,0.0,0.0,147.0,2.8,0.28,17.4,1108.1,0.06,147.1,50.4,197.5,370.6,7.0,0.7,43.8,2796.8,0.16,371.0,127.2,498.2,24.4,0.0,0.0,24.4,25.36,0.0,0.0,25.36,0.0,0.0,0.0,1471.7,43.1,1428.6,0.0,0.0,0.0,0.0,0.0,0.0,0.0,0.0,0.0,0.0,0.0,0.0,0.0,43.1,0.0
2050-04-17 02:00:00,2050-04-17 00:00:00,1298.9,0.0,0.0,3.8,1302.7,1260.0,1266.7,0.0,583.9,0.03,0.034,battery,gas-cc,0.0,0.0,0.0,0.0,0.0,0.0,0.0,0.0,0.0,0.0,0.0,0.0,0.0,0.0,0.0,0.0,0.0,0.0,153.9,2.9,0.29,18.2,1160.2,0.07,154.0,52.8,206.8,369.1,7.0,0.7,43.6,2785.1,0.16,369.5,126.6,496.1,24.4,0.0,0.0,24.4,25.25,0.0,0.0,25.25,0.0,0.0,0.0,1886.6,36.1,1850.5,0.0,0.0,0.0,0.0,0.0,0.0,0.0,0.0,0.0,0.0,0.0,0.0,0.0,36.1,0.0
2050-04-17 03:00:00,2050-04-17 01:00:00,1234.7,0.0,0.0,8.5,1243.2,1197.9,1208.5,0.0,1306.2,0.0298,0.0323,battery,gas-cc,0.0,0.0,0.0,0.0,0.0,0.0,0.0,0.0,0.0,0.0,0.0,0.0,0.0,0.0,0.0,0.0,0.0,0.0,149.9,2.8,0.28,17.7,1130.4,0.07,150.1,51.4,201.5,368.4,6.9,0.69,43.5,2780.3,0.16,368.8,126.4,495.3,24.4,0.0,0.0,24.4,25.21,0.0,0.0,25.21,0.0,0.0,0.0,2549.4,34.8,2514.6,0.0,0.0,0.0,0.0,0.0,0.0,0.0,0.0,0.0,0.0,0.0,0.0,0.0,34.8,0.0
2050-04-17 04:00:00,2050-04-17 02:00:00,1170.5,0.0,0.0,8.6,1179.1,1135.8,1141.3,0.0,1319.7,0.0297,0.0306,battery,gas-cc,0.0,0.0,0.0,0.0,0.0,0.0,0.0,0.0,0.0,0.0,0.0,0.0,0.0,0.0,0.0,0.0,0.0,0.0,166.3,3.1,0.31,19.7,1254.2,0.07,166.5,57.0,223.6,373.8,7.0,0.7,44.2,2821.1,0.16,374.2,128.3,502.5,24.4,0.0,0.0,24.4,25.17,0.0,0.0,25.17,0.0,0.0,0.0,2498.8,37.8,2461.0,0.0,0.0,0.0,0.0,0.0,0.0,0.0,0.0,0.0,0.0,0.0,0.0,0.0,37.8,0.0
2050-04-17 05:00:00,2050-04-17 03:00:00,1133.7,0.0,0.0,7.4,1141.1,1100.0,1094.0,0.0,1143.1,0.0297,0.0296,battery,gas-cc,0.0,0.0,0.0,0.0,0.0,0.0,0.0,0.0,0.0,0.0,0.0,0.0,0.0,0.0,0.0,0.0,0.0,0.0,142.8,2.7,0.27,16.9,1076.3,0.06,142.9,49.0,191.9,373.5,7.0,0.7,44.1,2818.3,0.16,373.9,128.1,502.0,24.4,0.0,0.0,24.4,25.14,0.0,0.0,25.14,0.0,0.0,0.0,2284.2,47.2,2237.1,0.0,0.0,0.0,0.0,0.0,0.0,0.0,0.0,0.0,0.0,0.0,0.0,0.0,47.2,0.0
2050-04-17 06:00:00,2050-04-17 04:00:00,1147.4,0.0,0.0,5.8,1153.2,1113.3,1102.7,0.0,898.0,0.0297,0.03,battery,gas-cc,0.0,0.0,0.0,0.0,0.0,0.0,0.0,0.0,0.0,0.0,0.0,0.0,0.0,0.0,0.0,0.0,0.0,0.0,142.8,2.7,0.27,16.9,1076.9,0.06,143.0,49.0,192.0,367.6,6.9,0.69,43.4,2773.8,0.16,368.0,126.1,494.1,24.4,0.0,0.0,24.4,25.15,0.0,0.0,25.15,0.0,0.0,0.0,2051.2,50.5,2000.7,0.0,0.0,0.0,0.0,0.0,0.0,0.0,0.0,0.0,0.0,0.0,0.0,0.0,50.5,0.0
2050-04-17 07:00:00,2050-04-17 05:00:00,1213.7,0.0,0.0,0.5,1214.2,1177.6,1142.5,0.0,75.5,0.0298,0.0317,battery,gas-cc,0.0,0.0,0.0,0.0,0.0,0.0,0.0,0.0,0.0,0.0,0.0,0.0,0.0,0.0,0.0,0.0,0.0,0.0,142.5,2.7,0.27,16.8,1074.1,0.06,142.6,48.9,191.5,374.3,7.1,0.71,44.2,2824.4,0.16,374.7,128.4,503.1,24.4,0.0,0.0,24.4,25.2,0.0,0.0,25.2,0.0,0.0,0.0,1289.7,71.7,1218.0,0.0,0.0,0.0,0.0,0.4,0.0,0.0,0.0,0.0,0.0,0.0,0.0,9.3,62.0,0.0
2050-04-17 08:00:00,2050-04-17 06:00:00,1306.3,702.6,0.0,0.0,2009.0,1267.1,0.0,0.0,0.0,0.03,0.0342,upv,upv,0.0,0.0,0.0,0.0,0.0,0.0,0.0,0.0,0.0,0.0,0.0,0.0,0.0,0.0,0.0,0.0,0.0,0.0,139.7,2.6,0.26,16.5,1053.0,0.06,139.8,47.9,187.7,0.0,0.0,0.0,0.0,0.0,0.0,0.0,0.0,0.0,0.0,0.0,0.0,0.0,0.0,0.0,0.0,0.0,0.0,3357.8,3357.8,2009.0,2009.0,0.0,0.0,0.0,0.0,0.0,223.8,0.0,0.0,0.0,0.0,0.0,0.0,0.0,1718.3,67.0,0.0
2050-04-17 09:00:00,2050-04-17 07:00:00,1478.9,2263.3,0.0,0.0,3742.3,1433.5,0.0,0.0,0.0,0.0307,0.0387,upv,upv,0.0,0.0,0.0,0.0,0.0,0.0,0.0,0.0,0.0,0.0,0.0,0.0,0.0,0.0,0.0,0.0,0.0,0.0,139.8,2.6,0.26,16.5,1053.8,0.06,139.9,47.9,187.9,0.0,0.0,0.0,0.0,0.0,0.0,0.0,0.0,0.0,0.0,0.0,0.0,0.0,0.0,0.0,0.0,0.0,0.0,6563.7,6563.7,3742.3,3742.3,0.0,0.0,0.0,0.0,0.0,432.7,0.0,0.0,0.0,0.0,0.0,0.0,0.0,3252.5,57.1,0.0
2050-04-17 10:00:00,2050-04-17 08:00:00,1642.1,2983.4,0.0,0.0,4625.5,1590.0,-0.0,0.0,0.0,0.0317,0.0429,upv,upv,0.0,0.0,0.0,0.0,0.0,0.0,0.0,0.0,0.0,0.0,0.0,0.0,0.0,0.0,0.0,0.0,0.0,0.0,139.9,2.6,0.26,16.5,1054.9,0.06,140.1,48.0,188.1,0.0,0.0,0.0,0.0,0.0,0.0,0.0,0.0,0.0,0.0,0.0,0.0,0.0,0.0,0.0,0.0,0.0,0.0,5742.4,5742.4,4625.5,4625.5,0.0,0.0,0.0,0.0,0.0,435.2,0.0,0.0,0.0,0.0,0.0,0.0,0.0,4131.9,58.4,0.0
2050-04-17 11:00:00,2050-04-17 09:00:00,1654.7,2077.2,0.0,0.0,3731.9,1602.1,0.0,0.0,0.0,0.0318,0.0433,upv,upv,0.0,0.0,0.0,0.0,0.0,0.0,0.0,0.0,0.0,0.0,0.0,0.0,0.0,0.0,0.0,0.0,0.0,0.0,139.9,2.6,0.26,16.5,1055.0,0.06,140.1,48.0,188.1,0.0,0.0,0.0,0.0,0.0,0.0,0.0,0.0,0.0,0.0,0.0,0.0,0.0,0.0,0.0,0.0,0.0,0.0,6639.7,6639.7,3731.9,3731.9,0.0,0.0,0.0,0.0,0.0,435.2,0.0,0.0,0.0,0.0,0.0,0.0,0.0,3234.6,62.1,0.0
2050-04-17 12:00:00,2050-04-17 10:00:00,1631.6,3230.1,0.0,0.0,4861.7,1579.9,0.0,0.0,0.0,0.0317,0.0427,upv,upv,0.0,0.0,0.0,0.0,0.0,0.0,0.0,0.0,0.0,0.0,0.0,0.0,0.0,0.0,0.0,0.0,0.0,0.0,139.9,2.6,0.26,16.5,1054.8,0.06,140.1,48.0,188.0,0.0,0.0,0.0,0.0,0.0,0.0,0.0,0.0,0.0,0.0,0.0,0.0,0.0,0.0,0.0,0.0,0.0,0.0,5493.6,5493.6,4861.7,4861.7,0.0,0.0,0.0,0.0,0.0,435.2,0.0,0.0,0.0,0.0,0.0,0.0,0.0,4380.7,45.7,0.0
2050-04-17 13:00:00,2050-04-17 11:00:00,1610.5,3600.8,0.0,0.0,5211.4,1559.8,0.0,0.0,0.0,0.0315,0.0421,upv,upv,0.0,0.0,0.0,0.0,0.0,0.0,0.0,0.0,0.0,0.0,0.0,0.0,0.0,0.0,0.0,0.0,0.0,0.0,139.9,2.6,0.26,16.5,1054.6,0.06,140.0,48.0,188.0,0.0,0.0,0.0,0.0,0.0,0.0,0.0,0.0,0.0,0.0,0.0,0.0,0.0,0.0,0.0,0.0,0.0,0.0,5128.0,5128.0,5211.4,5211.4,0.0,0.0,0.0,0.0,0.0,435.2,0.0,0.0,0.0,0.0,0.0,0.0,0.0,4746.3,29.9,0.0
2050-04-17 14:00:00,2050-04-17 12:00:00,1624.2,4019.6,0.0,0.0,5643.8,1572.9,0.0,0.0,0.0,0.0316,0.0425,upv,upv,0.0,0.0,0.0,0.0,0.0,0.0,0.0,0.0,0.0,0.0,0.0,0.0,0.0,0.0,0.0,0.0,0.0,0.0,139.9,2.6,0.26,16.5,1054.7,0.06,140.1,48.0,188.0,0.0,0.0,0.0,0.0,0.0,0.0,0.0,0.0,0.0,0.0,0.0,0.0,0.0,0.0,0.0,0.0,0.0,14.1,4665.8,4679.9,5643.8,5643.8,0.0,0.0,0.0,0.0,0.0,435.2,0.0,0.0,0.0,0.0,0.0,0.0,0.0,5208.6,0.0,0.0
2050-04-17 15:00:00,2050-04-17 13:00:00,1667.4,3990.5,0.0,0.0,5657.9,1614.2,-0.0,0.0,0.0,0.0319,0.0436,upv,upv,0.0,0.0,0.0,0.0,0.0,0.0,0.0,0.0,0.0,0.0,0.0,0.0,0.0,0.0,0.0,0.0,0.0,0.0,139.9,2.6,0.26,16.5,1055.1,0.06,140.1,48.0,188.1,0.0,0.0,0.0,0.0,0.0,0.0,0.0,0.0,0.0,0.0,0.0,0.0,0.0,0.0,0.0,0.0,0.0,5.9,4651.7,4657.6,5657.9,5657.9,0.0,0.0,0.0,0.0,0.0,435.2,0.0,0.0,0.0,0.0,0.0,0.0,0.0,5222.6,0.0,0.0
2050-04-17 16:00:00,2050-04-17 14:00:00,1685.3,3435.1,0.0,0.0,5120.4,1631.3,0.0,0.0,0.0,0.032,0.0441,upv,upv,0.0,0.0,0.0,0.0,0.0,0.0,0.0,0.0,0.0,0.0,0.0,0.0,0.0,0.0,0.0,0.0,0.0,0.0,140.0,2.6,0.26,16.5,1055.2,0.06,140.1,48.0,188.1,0.0,0.0,0.0,0.0,0.0,0.0,0.0,0.0,0.0,0.0,0.0,0.0,0.0,0.0,0.0,0.0,0.0,5.3,5189.2,5194.4,5120.4,5120.4,0.0,0.0,0.0,0.0,0.0,435.2,0.0,0.0,0.0,0.0,0.0,0.0,0.0,4685.1,0.0,0.0
2050-04-17 17:00:00,2050-04-17 15:00:00,1775.8,2431.9,0.0,0.0,4207.7,1717.7,0.0,0.0,0.0,0.0327,0.0464,upv,upv,0.0,0.0,0.0,0.0,0.0,0.0,0.0,0.0,0.0,0.0,0.0,0.0,0.0,0.0,0.0,0.0,0.0,0.0,140.1,2.6,0.27,16.5,1055.9,0.06,140.2,48.0,188.2,0.0,0.0,0.0,0.0,0.0,0.0,0.0,0.0,0.0,0.0,0.0,0.0,0.0,0.0,0.0,0.0,0.0,5.7,6101.8,6107.6,4207.7,4207.7,0.0,0.0,0.0,0.0,0.0,435.2,0.0,0.0,0.0,0.0,0.0,0.0,0.0,3772.5,0.0,0.0
2050-04-17 18:00:00,2050-04-17 16:00:00,1881.1,2431.9,0.0,0.0,4313.0,1817.9,0.0,0.0,0.0,0.0336,0.0492,upv,upv,0.0,0.0,0.0,0.0,0.0,0.0,0.0,0.0,0.0,0.0,0.0,0.0,0.0,0.0,0.0,0.0,0.0,0.0,140.2,2.6,0.27,16.6,1056.8,0.06,140.3,48.1,188.4,0.0,0.0,0.0,0.0,0.0,0.0,0.0,0.0,0.0,0.0,0.0,0.0,0.0,0.0,0.0,0.0,0.0,6.9,5436.4,5443.3,4313.0,4313.0,0.0,0.0,0.0,0.0,0.0,411.4,0.0,0.0,0.0,0.0,0.0,0.0,0.0,3901.5,0.0,0.0
2050-04-17 19:00:00,2050-04-17 17:00:00,1971.6,0.0,0.0,22.3,1993.8,1903.9,-2388.4,0.0,2388.4,0.0343,0.0516,hydro,gas-cc,0.0,0.0,0.0,0.0,0.0,0.0,0.0,0.0,0.0,0.0,0.0,0.0,0.0,0.0,0.0,0.0,0.0,0.0,142.3,2.7,0.27,16.8,1072.5,0.06,142.4,48.8,191.2,372.3,7.0,0.7,44.0,2809.3,0.16,372.7,127.7,500.4,23.38,0.0,0.0,23.38,24.65,0.0,0.0,24.65,0.0,0.0,0.0,4382.3,4382.3,0.0,0.0,0.0,0.0,0.0,184.5,0.0,0.0,0.0,0.0,0.0,0.0,0.0,4187.5,10.2,0.0
2050-04-17 20:00:00,2050-04-17 18:00:00,2090.5,0.0,0.0,5.1,2095.6,2016.5,2067.1,0.0,783.5,0.0354,0.0547,battery,gas-cc,0.0,0.0,0.0,0.0,0.0,0.0,0.0,0.0,0.0,0.0,0.0,0.0,0.0,0.0,0.0,0.0,0.0,0.0,143.5,2.7,0.27,17.0,1081.6,0.06,143.6,49.2,192.8,431.7,8.1,0.81,51.0,3257.8,0.19,432.2,148.1,580.3,39.63,0.0,0.0,39.63,41.93,0.0,0.0,41.93,0.0,0.0,0.0,2879.1,28.5,2850.6,0.0,0.0,0.0,0.0,0.0,0.0,0.0,0.0,0.0,0.0,0.0,0.0,0.0,28.5,0.0
2050-04-17 21:00:00,2050-04-17 19:00:00,2133.7,0.0,0.0,10.7,2144.3,2057.3,2102.7,0.0,1640.0,0.0358,0.0558,battery,gas-cc,0.0,0.0,0.0,0.0,0.0,0.0,0.0,0.0,0.0,0.0,0.0,0.0,0.0,0.0,0.0,0.0,0.0,0.0,143.5,2.7,0.27,17.0,1082.0,0.06,143.7,49.2,192.9,432.2,8.1,0.81,51.1,3261.6,0.19,432.7,148.3,581.0,39.63,0.0,0.0,39.63,41.98,0.0,0.0,41.98,0.0,0.0,0.0,3784.3,41.7,3742.6,0.0,0.0,0.0,0.0,0.0,0.0,0.0,0.0,0.0,0.0,0.0,0.0,0.0,41.7,0.0
2050-04-17 22:00:00,2050-04-17 20:00:00,2041.1,0.0,0.0,5.5,2046.6,1969.7,1972.1,0.0,849.5,0.0349,0.0534,battery,gas-cc,0.0,0.0,0.0,0.0,0.0,0.0,0.0,0.0,0.0,0.0,0.0,0.0,0.0,0.0,0.0,0.0,0.0,0.0,144.7,2.7,0.27,17.1,1090.9,0.06,144.9,49.6,194.5,520.8,9.8,0.98,61.5,3929.7,0.23,521.3,178.7,700.0,39.63,0.0,0.0,39.63,41.87,0.0,0.0,41.87,0.0,0.0,0.0,2896.1,74.5,2821.5,0.0,0.0,0.0,0.0,0.0,0.0,0.0,0.0,0.0,0.0,0.0,0.0,0.0,74.5,0.0
2050-04-17 23:00:00,2050-04-17 21:00:00,1932.6,0.0,0.0,4.2,1936.8,1866.9,1884.3,0.0,648.4,0.034,0.0505,battery,gas-cc,0.0,0.0,0.0,0.0,0.0,0.0,0.0,0.0,0.0,0.0,0.0,0.0,0.0,0.0,0.0,0.0,0.0,0.0,143.4,2.7,0.27,16.9,1081.2,0.06,143.6,49.2,192.7,410.2,7.7,0.77,48.5,3095.4,0.18,410.6,140.7,551.4,39.63,0.0,0.0,39.63,41.74,0.0,0.0,41.74,0.0,0.0,0.0,2585.3,52.6,2532.7,0.0,0.0,0.0,0.0,0.0,0.0,0.0,0.0,0.0,0.0,0.0,0.0,0.0,52.6,0.0
2050-04-18 00:00:00,2050-04-17 22:00:00,1791.6,0.0,0.0,9.3,1800.9,1732.7,1761.9,0.0,1432.8,0.0328,0.0469,battery,gas-cc,61.3,1.2,0.12,7.2,462.8,0.03,61.4,21.0,82.4,63.4,1.2,0.12,7.5,478.5,0.03,63.5,21.8,85.2,143.3,2.7,0.27,16.9,1080.3,0.06,143.4,49.1,192.6,380.2,7.2,0.72,44.9,2869.2,0.16,380.6,130.5,511.1,33.36,0.0,0.0,33.36,35.0,0.0,0.0,35.0,0.0,0.0,0.0,3233.7,39.0,2647.4,0.0,0.0,0.0,0.0,0.0,547.2,0.0,0.0,0.0,0.0,0.0,0.0,0.0,39.0,0.0
2050-04-18 01:00:00,2050-04-17 23:00:00,1535.8,0.0,0.0,3.3,1539.1,1488.1,1503.5,0.0,504.6,0.0311,0.0402,battery,gas-cc,97.0,1.8,0.18,11.5,732.2,0.04,97.1,33.3,130.4,100.1,1.9,0.19,11.8,755.7,0.04,100.3,34.4,134.6,143.0,2.7,0.27,16.9,1078.1,0.06,143.2,49.0,192.2,377.6,7.1,0.71,44.6,2849.2,0.16,378.0,129.6,507.5,33.36,0.0,0.0,33.36,34.75,0.0,0.0,34.75,0.0,0.0,0.0,2043.7,35.6,1460.9,0.0,0.0,0.0,0.0,0.0,547.2,0.0,0.0,0.0,0.0,0.0,0.0,0.0,35.6,0.0
2050-04-18 02:00:00,2050-04-18 00:00:00,1376.8,0.0,0.0,8.6,1385.5,1335.2,1347.0,0.0,1328.3,0.0302,0.036,battery,gas-cc,73.1,1.4,0.14,8.6,551.4,0.03,73.2,25.1,98.2,75.4,1.4,0.14,8.9,568.6,0.03,75.4,25.9,101.3,134.6,2.5,0.25,15.9,1015.1,0.06,134.8,46.2,181.0,375.9,7.1,0.71,44.4,2836.9,0.16,376.3,129.0,505.3,33.36,0.0,0.0,33.36,34.6,0.0,0.0,34.6,0.0,0.0,0.0,2713.8,38.5,2128.1,0.0,0.0,0.0,0.0,0.0,547.2,0.0,0.0,0.0,0.0,0.0,0.0,0.0,38.5,0.0
2050-04-18 03:00:00,2050-04-18 01:00:00,1273.7,0.0,0.0,6.6,1280.3,1235.6,1227.4,0.0,1013.7,0.0299,0.0333,battery,gas-cc,86.4,1.6,0.16,10.2,652.3,0.04,86.5,29.7,116.2,89.1,1.7,0.17,10.5,672.4,0.04,89.2,30.6,119.8,142.5,2.7,0.27,16.8,1074.1,0.06,142.6,48.9,191.5,374.9,7.1,0.71,44.3,2829.0,0.16,375.3,128.6,503.9,33.36,0.0,0.0,33.36,34.51,0.0,0.0,34.51,0.0,0.0,0.0,2294.0,52.9,1693.9,0.0,0.0,0.0,0.0,0.0,547.2,0.0,0.0,0.0,0.0,0.0,0.0,0.0,52.9,0.0
2050-04-18 04:00:00,2050-04-18 02:00:00,1201.1,0.0,0.0,7.1,1208.1,1165.3,1136.8,0.0,1089.8,0.0297,0.0314,battery,gas-cc,86.3,1.6,0.16,10.2,651.2,0.04,86.4,29.6,116.0,88.9,1.7,0.17,10.5,671.2,0.04,89.0,30.5,119.6,142.6,2.7,0.27,16.8,1074.8,0.06,142.7,48.9,191.6,374.2,7.1,0.71,44.2,2823.4,0.16,374.6,128.4,502.9,33.36,0.0,0.0,33.36,34.44,0.0,0.0,34.44,0.0,0.0,0.0,2297.9,71.4,1679.4,0.0,0.0,0.0,0.0,0.0,547.2,0.0,0.0,0.0,0.0,0.0,0.0,0.0,71.4,0.0
2050-04-18 05:00:00,2050-04-18 03:00:00,1156.8,0.0,0.0,4.7,1161.5,1122.5,1088.1,0.0,722.1,0.0297,0.0303,battery,gas-cc,105.3,2.0,0.2,12.4,794.4,0.05,105.4,36.1,141.5,108.5,2.0,0.2,12.8,818.8,0.05,108.6,37.2,145.8,142.7,2.7,0.27,16.9,1076.1,0.06,142.9,48.9,191.8,373.7,7.0,0.7,44.1,2820.0,0.16,374.1,128.2,502.3,33.36,0.0,0.0,33.36,34.4,0.0,0.0,34.4,0.0,0.0,0.0,1883.6,73.5,1263.0,0.0,0.0,0.0,0.0,0.0,547.2,0.0,0.0,0.0,0.0,0.0,0.0,0.0,73.5,0.0
2050-04-18 06:00:00,2050-04-18 04:00:00,1160.0,0.0,0.0,10.7,1170.7,1125.5,1086.9,0.0,1640.0,0.0297,0.0303,gas-cc,gas-cc,34.3,0.6,0.06,4.0,258.7,0.01,34.3,11.8,46.1,35.3,0.7,0.07,4.2,266.6,0.02,35.4,12.1,47.5,142.8,2.7,0.27,16.9,1076.6,0.06,143.0,49.0,191.9,373.7,7.0,0.7,44.1,2820.3,0.16,374.1,128.2,502.4,33.36,0.0,0.0,33.36,34.4,0.0,0.0,34.4,0.0,0.0,0.0,2810.6,83.8,2461.0,0.0,0.0,0.0,0.0,0.0,265.8,0.0,0.0,0.0,0.0,0.0,0.0,0.0,83.8,0.0
2050-04-18 07:00:00,2050-04-18 05:00:00,1211.6,0.0,0.0,1.9,1213.5,1175.5,1113.1,0.0,295.6,0.0298,0.0317,gas-cc,gas-cc,47.6,0.9,0.09,5.6,359.5,0.02,47.7,16.3,64.0,49.1,0.9,0.09,5.8,370.5,0.02,49.1,16.8,66.0,142.4,2.7,0.27,16.8,1073.9,0.06,142.6,48.9,191.5,374.3,7.1,0.71,44.2,2824.2,0.16,374.7,128.4,503.1,33.36,0.0,0.0,33.36,34.45,0.0,0.0,34.45,0.0,0.0,0.0,1509.1,100.4,1210.4,0.0,0.0,0.0,0.0,0.8,198.4,0.0,0.0,0.0,0.0,0.0,0.0,18.5,81.1,0.0
2050-04-18 08:00:00,2050-04-18 06:00:00,1329.5,1652.6,0.0,0.0,2982.1,1289.5,0.0,0.0,0.0,0.0301,0.0348,upv,upv,0.0,0.0,0.0,0.0,0.0,0.0,0.0,0.0,0.0,0.0,0.0,0.0,0.0,0.0,0.0,0.0,0.0,0.0,139.7,2.6,0.26,16.5,1053.0,0.06,139.8,47.9,187.7,0.0,0.0,0.0,0.0,0.0,0.0,0.0,0.0,0.0,0.0,0.0,0.0,0.0,0.0,0.0,0.0,0.0,94.3,2365.0,2459.2,2982.1,2982.1,0.0,0.0,0.0,0.0,0.0,225.7,0.0,0.0,0.0,0.0,0.0,0.0,0.0,2756.3,0.0,0.0
2050-04-18 09:00:00,2050-04-18 07:00:00,1478.9,3624.3,0.0,0.0,5103.2,1433.5,0.0,0.0,0.0,0.0307,0.0387,upv,upv,0.0,0.0,0.0,0.0,0.0,0.0,0.0,0.0,0.0,0.0,0.0,0.0,0.0,0.0,0.0,0.0,0.0,0.0,139.8,2.6,0.26,16.5,1053.8,0.06,139.9,47.9,187.9,0.0,0.0,0.0,0.0,0.0,0.0,0.0,0.0,0.0,0.0,0.0,0.0,0.0,0.0,0.0,0.0,0.0,0.0,5131.0,5131.0,5103.2,5103.2,0.0,0.0,0.0,0.0,0.0,429.1,0.0,0.0,0.0,0.0,0.0,0.0,0.0,4607.6,66.5,0.0
2050-04-18 10:00:00,2050-04-18 08:00:00,1636.8,3990.5,0.0,0.0,5627.3,1584.9,-0.0,0.0,0.0,0.0317,0.0428,upv,upv,0.0,0.0,0.0,0.0,0.0,0.0,0.0,0.0,0.0,0.0,0.0,0.0,0.0,0.0,0.0,0.0,0.0,0.0,139.9,2.6,0.26,16.5,1054.8,0.06,140.1,48.0,188.0,0.0,0.0,0.0,0.0,0.0,0.0,0.0,0.0,0.0,0.0,0.0,0.0,0.0,0.0,0.0,0.0,0.0,0.0,4731.2,4731.2,5627.3,5627.3,0.0,0.0,0.0,0.0,0.0,435.2,0.0,0.0,0.0,0.0,0.0,0.0,0.0,5143.1,49.0,0.0
2050-04-18 11:00:00,2050-04-18 09:00:00,1680.0,3824.8,0.0,0.0,5504.8,1626.2,-0.0,0.0,0.0,0.032,0.0439,upv,upv,0.0,0.0,0.0,0.0,0.0,0.0,0.0,0.0,0.0,0.0,0.0,0.0,0.0,0.0,0.0,0.0,0.0,0.0,140.0,2.6,0.26,16.5,1055.1,0.06,140.1,48.0,188.1,0.0,0.0,0.0,0.0,0.0,0.0,0.0,0.0,0.0,0.0,0.0,0.0,0.0,0.0,0.0,0.0,0.0,0.0,4838.6,4838.6,5504.8,5504.8,0.0,0.0,0.0,0.0,0.0,435.2,0.0,0.0,0.0,0.0,0.0,0.0,0.0,5035.7,33.8,0.0
2050-04-18 12:00:00,2050-04-18 10:00:00,1688.4,2896.0,0.0,0.0,4584.4,1634.3,-0.0,0.0,0.0,0.0321,0.0442,upv,upv,0.0,0.0,0.0,0.0,0.0,0.0,0.0,0.0,0.0,0.0,0.0,0.0,0.0,0.0,0.0,0.0,0.0,0.0,140.0,2.6,0.26,16.5,1055.2,0.06,140.1,48.0,188.1,0.0,0.0,0.0,0.0,0.0,0.0,0.0,0.0,0.0,0.0,0.0,0.0,0.0,0.0,0.0,0.0,0.0,14.9,5725.1,5740.0,4584.4,4584.4,0.0,0.0,0.0,0.0,0.0,435.2,0.0,0.0,0.0,0.0,0.0,0.0,0.0,4149.2,0.0,0.0
2050-04-18 13:00:00,2050-04-18 11:00:00,1701.1,2655.8,0.0,0.0,4356.9,1646.4,-0.0,0.0,0.0,0.0322,0.0445,upv,upv,0.0,0.0,0.0,0.0,0.0,0.0,0.0,0.0,0.0,0.0,0.0,0.0,0.0,0.0,0.0,0.0,0.0,0.0,140.0,2.6,0.26,16.5,1055.3,0.06,140.1,48.0,188.1,0.0,0.0,0.0,0.0,0.0,0.0,0.0,0.0,0.0,0.0,0.0,0.0,0.0,0.0,0.0,0.0,0.0,4.9,5952.7,5957.6,4356.9,4356.9,0.0,0.0,0.0,0.0,0.0,435.2,0.0,0.0,0.0,0.0,0.0,0.0,0.0,3921.6,0.0,0.0
2050-04-18 14:00:00,2050-04-18 12:00:00,1740.0,2036.6,0.0,0.0,3776.6,1683.6,0.0,0.0,0.0,0.0324,0.0455,upv,upv,0.0,0.0,0.0,0.0,0.0,0.0,0.0,0.0,0.0,0.0,0.0,0.0,0.0,0.0,0.0,0.0,0.0,0.0,140.0,2.6,0.27,16.5,1055.6,0.06,140.2,48.0,188.2,0.0,0.0,0.0,0.0,0.0,0.0,0.0,0.0,0.0,0.0,0.0,0.0,0.0,0.0,0.0,0.0,0.0,5.0,6533.0,6537.9,3776.6,3776.6,0.0,0.0,0.0,0.0,0.0,435.2,0.0,0.0,0.0,0.0,0.0,0.0,0.0,3341.3,0.0,0.0
2050-04-18 15:00:00,2050-04-18 13:00:00,1822.1,2431.9,0.0,0.0,4254.0,1761.8,0.0,0.0,0.0,0.0331,0.0477,upv,upv,0.0,0.0,0.0,0.0,0.0,0.0,0.0,0.0,0.0,0.0,0.0,0.0,0.0,0.0,0.0,0.0,0.0,0.0,140.1,2.6,0.27,16.6,1056.3,0.06,140.3,48.0,188.3,0.0,0.0,0.0,0.0,0.0,0.0,0.0,0.0,0.0,0.0,0.0,0.0,0.0,0.0,0.0,0.0,0.0,12.0,6055.5,6067.6,4254.0,4254.0,0.0,0.0,0.0,0.0,0.0,435.2,0.0,0.0,0.0,0.0,0.0,0.0,0.0,3818.8,0.0,0.0
2050-04-18 16:00:00,2050-04-18 14:00:00,1894.7,2296.2,0.0,0.0,4190.9,1830.9,0.0,0.0,0.0,0.0337,0.0495,upv,upv,0.0,0.0,0.0,0.0,0.0,0.0,0.0,0.0,0.0,0.0,0.0,0.0,0.0,0.0,0.0,0.0,0.0,0.0,140.2,2.6,0.27,16.6,1057.0,0.06,140.4,48.1,188.4,0.0,0.0,0.0,0.0,0.0,0.0,0.0,0.0,0.0,0.0,0.0,0.0,0.0,0.0,0.0,0.0,0.0,0.0,6144.1,6144.1,4190.9,4190.9,0.0,0.0,0.0,0.0,0.0,435.2,0.0,0.0,0.0,0.0,0.0,0.0,0.0,3730.2,25.5,0.0
2050-04-18 17:00:00,2050-04-18 15:00:00,2007.4,2591.1,0.0,0.0,4598.4,1937.8,-0.0,0.0,0.0,0.0346,0.0525,upv,upv,0.0,0.0,0.0,0.0,0.0,0.0,0.0,0.0,0.0,0.0,0.0,0.0,0.0,0.0,0.0,0.0,0.0,0.0,140.3,2.6,0.27,16.6,1058.0,0.06,140.5,48.1,188.6,0.0,0.0,0.0,0.0,0.0,0.0,0.0,0.0,0.0,0.0,0.0,0.0,0.0,0.0,0.0,0.0,0.0,0.0,5743.7,5743.7,4598.4,4598.4,0.0,0.0,0.0,0.0,0.0,435.2,0.0,0.0,0.0,0.0,0.0,0.0,0.0,4130.6,32.6,0.0
2050-04-18 18:00:00,2050-04-18 16:00:00,2124.2,2431.9,0.0,0.0,4556.1,2048.3,0.0,0.0,0.0,0.0357,0.0556,upv,upv,0.0,0.0,0.0,0.0,0.0,0.0,0.0,0.0,0.0,0.0,0.0,0.0,0.0,0.0,0.0,0.0,0.0,0.0,141.0,2.7,0.27,16.7,1062.8,0.06,141.1,48.3,189.5,0.0,0.0,0.0,0.0,0.0,0.0,0.0,0.0,0.0,0.0,0.0,0.0,0.0,0.0,0.0,0.0,0.0,0.0,5336.1,5336.1,4556.1,4556.1,0.0,0.0,0.0,0.0,0.0,415.7,0.0,0.0,0.0,0.0,0.0,0.0,0.0,4098.7,41.6,0.0
2050-04-18 19:00:00,2050-04-18 17:00:00,2195.8,734.9,0.0,10.7,2941.4,2115.9,-1640.0,0.0,1640.0,0.0364,0.0574,battery,upv,0.0,0.0,0.0,0.0,0.0,0.0,0.0,0.0,0.0,0.0,0.0,0.0,0.0,0.0,0.0,0.0,0.0,0.0,140.6,2.7,0.27,16.6,1060.1,0.06,140.8,48.2,189.0,0.0,0.0,0.0,0.0,0.0,0.0,0.0,0.0,0.0,0.0,0.0,0.0,0.0,0.0,0.0,0.0,0.0,0.0,0.0,0.0,4581.3,4581.3,0.0,0.0,0.0,0.0,0.0,191.3,0.0,0.0,0.0,0.0,0.0,0.0,0.0,4339.4,50.7,0.0
2050-04-18 20:00:00,2050-04-18 18:00:00,2281.1,0.0,0.0,0.9,2281.9,2196.2,2202.6,0.0,135.3,0.0372,0.0597,battery,gas-cc,0.0,0.0,0.0,0.0,0.0,0.0,0.0,0.0,0.0,0.0,0.0,0.0,0.0,0.0,0.0,0.0,0.0,0.0,143.8,2.7,0.27,17.0,1084.5,0.06,144.0,49.3,193.3,342.9,6.5,0.65,40.5,2587.7,0.15,343.3,117.7,460.9,25.82,0.0,0.0,25.82,27.46,0.0,0.0,27.46,0.0,0.0,0.0,2417.2,79.4,2337.9,0.0,0.0,0.0,0.0,0.0,0.0,0.0,0.0,0.0,0.0,0.0,0.0,0.0,79.4,0.0
2050-04-18 21:00:00,2050-04-18 19:00:00,2314.7,0.0,0.0,6.2,2321.0,2227.8,2255.2,0.0,956.0,0.0376,0.0605,battery,gas-cc,0.0,0.0,0.0,0.0,0.0,0.0,0.0,0.0,0.0,0.0,0.0,0.0,0.0,0.0,0.0,0.0,0.0,0.0,146.9,2.8,0.28,17.4,1107.4,0.06,147.0,50.4,197.4,343.2,6.5,0.65,40.5,2590.1,0.15,343.6,117.8,461.4,25.82,0.0,0.0,25.82,27.48,0.0,0.0,27.48,0.0,0.0,0.0,3276.9,65.8,3211.2,0.0,0.0,0.0,0.0,0.0,0.0,0.0,0.0,0.0,0.0,0.0,0.0,0.0,65.8,0.0
2050-04-18 22:00:00,2050-04-18 20:00:00,2204.2,0.0,0.0,0.0,2204.2,2123.8,2153.8,0.0,0.0,0.0365,0.0576,battery,gas-cc,0.0,0.0,0.0,0.0,0.0,0.0,0.0,0.0,0.0,0.0,0.0,0.0,0.0,0.0,0.0,0.0,0.0,0.0,144.9,2.7,0.27,17.1,1092.6,0.06,145.1,49.7,194.8,378.4,7.1,0.71,44.7,2855.1,0.16,378.8,129.8,508.6,25.82,0.0,0.0,25.82,27.4,0.0,0.0,27.4,0.0,0.0,0.0,2204.2,50.4,2153.8,0.0,0.0,0.0,0.0,0.0,0.0,0.0,0.0,0.0,0.0,0.0,0.0,0.0,50.4,0.0
2050-04-18 23:00:00,2050-04-18 21:00:00,2015.8,0.0,0.0,6.8,2022.6,1945.8,1996.3,0.0,1049.2,0.0347,0.0527,battery,gas-cc,0.0,0.0,0.0,0.0,0.0,0.0,0.0,0.0,0.0,0.0,0.0,0.0,0.0,0.0,0.0,0.0,0.0,0.0,143.4,2.7,0.27,16.9,1081.3,0.06,143.6,49.2,192.8,340.4,6.4,0.64,40.2,2568.7,0.15,340.8,116.8,457.6,25.82,0.0,0.0,25.82,27.26,0.0,0.0,27.26,0.0,0.0,0.0,3071.8,26.4,3045.5,0.0,0.0,0.0,0.0,0.0,0.0,0.0,0.0,0.0,0.0,0.0,0.0,0.0,26.4,0.0
2050-04-19 00:00:00,2050-04-18 22:00:00,1809.5,0.0,0.0,10.6,1820.0,1749.8,1811.5,0.0,1623.6,0.033,0.0473,battery,gas-cc,0.0,0.0,0.0,0.0,0.0,0.0,0.0,0.0,0.0,0.0,0.0,0.0,0.0,0.0,0.0,0.0,0.0,0.0,143.0,2.7,0.27,16.9,1078.2,0.06,143.2,49.0,192.2,392.3,7.4,0.74,46.3,2960.5,0.17,392.7,134.6,527.3,25.47,0.0,0.0,25.47,26.74,0.0,0.0,26.74,0.0,0.0,0.0,3443.6,8.5,3435.1,0.0,0.0,0.0,0.0,0.0,0.0,0.0,0.0,0.0,0.0,0.0,0.0,0.0,8.5,0.0
2050-04-19 01:00:00,2050-04-18 23:00:00,1603.2,0.0,0.0,7.9,1611.1,1552.7,1609.2,0.0,1220.8,0.0315,0.0419,battery,gas-cc,0.0,0.0,0.0,0.0,0.0,0.0,0.0,0.0,0.0,0.0,0.0,0.0,0.0,0.0,0.0,0.0,0.0,0.0,142.7,2.7,0.27,16.9,1075.7,0.06,142.8,48.9,191.8,390.1,7.4,0.74,46.1,2943.8,0.17,390.5,133.9,524.4,25.47,0.0,0.0,25.47,26.59,0.0,0.0,26.59,0.0,0.0,0.0,2831.9,1.9,2830.0,0.0,0.0,0.0,0.0,0.0,0.0,0.0,0.0,0.0,0.0,0.0,0.0,0.0,1.9,0.0
2050-04-19 02:00:00,2050-04-19 00:00:00,1425.3,0.0,0.0,6.7,1432.0,1381.8,1431.7,0.0,1038.3,0.0305,0.0373,battery,gas-cc,0.0,0.0,0.0,0.0,0.0,0.0,0.0,0.0,0.0,0.0,0.0,0.0,0.0,0.0,0.0,0.0,0.0,0.0,142.6,2.7,0.27,16.9,1075.4,0.06,142.8,48.9,191.7,383.0,7.2,0.72,45.2,2890.5,0.17,383.5,131.4,514.9,25.47,0.0,0.0,25.47,26.46,0.0,0.0,26.46,0.0,0.0,0.0,2470.3,0.3,2470.0,0.0,0.0,0.0,0.0,0.0,0.0,0.0,0.0,0.0,0.0,0.0,0.0,0.0,0.3,0.0
2050-04-19 03:00:00,2050-04-19 01:00:00,1320.0,0.0,0.0,2.0,1322.0,1280.4,1321.7,0.0,305.6,0.03,0.0345,battery,gas-cc,0.0,0.0,0.0,0.0,0.0,0.0,0.0,0.0,0.0,0.0,0.0,0.0,0.0,0.0,0.0,0.0,0.0,0.0,142.5,2.7,0.27,16.8,1074.4,0.06,142.7,48.9,191.5,387.1,7.3,0.73,45.7,2921.2,0.17,387.5,132.8,520.4,25.47,0.0,0.0,25.47,26.38,0.0,0.0,26.38,0.0,0.0,0.0,1627.6,0.3,1627.3,0.0,0.0,0.0,0.0,0.0,0.0,0.0,0.0,0.0,0.0,0.0,0.0,0.0,0.3,0.0
2050-04-19 04:00:00,2050-04-19 02:00:00,1224.2,0.0,0.0,0.3,1224.5,1187.8,1223.7,0.0,39.3,0.0298,0.032,hydro,gas-cc,0.0,0.0,0.0,0.0,0.0,0.0,0.0,0.0,0.0,0.0,0.0,0.0,0.0,0.0,0.0,0.0,0.0,0.0,142.7,2.7,0.27,16.9,1075.7,0.06,142.8,48.9,191.8,386.1,7.3,0.73,45.6,2913.7,0.17,386.5,132.5,519.0,25.47,0.0,0.0,25.47,26.32,0.0,0.0,26.32,0.0,0.0,0.0,1263.7,0.8,1263.0,0.0,0.0,0.0,0.0,0.0,0.0,0.0,0.0,0.0,0.0,0.0,0.0,0.0,0.8,0.0
2050-04-19 05:00:00,2050-04-19 03:00:00,1175.8,0.0,0.0,0.0,1175.8,1140.9,1174.7,0.0,0.0,0.0297,0.0307,battery,gas-cc,0.0,0.0,0.0,0.0,0.0,0.0,0.0,0.0,0.0,0.0,0.0,0.0,0.0,0.0,0.0,0.0,0.0,0.0,152.0,2.9,0.29,18.0,1146.2,0.07,152.2,52.1,204.3,326.7,6.2,0.62,38.6,2465.0,0.14,327.0,112.1,439.1,25.47,0.0,0.0,25.47,26.28,0.0,0.0,26.28,0.0,0.0,0.0,1175.8,1.1,1174.7,0.0,0.0,0.0,0.0,0.0,0.0,0.0,0.0,0.0,0.0,0.0,0.0,0.0,1.1,0.0
2050-04-19 06:00:00,2050-04-19 04:00:00,1167.4,0.0,0.0,2.0,1169.4,1132.7,1168.8,0.0,309.7,0.0297,0.0305,battery,gas-cc,0.0,0.0,0.0,0.0,0.0,0.0,0.0,0.0,0.0,0.0,0.0,0.0,0.0,0.0,0.0,0.0,0.0,0.0,148.9,2.8,0.28,17.6,1123.0,0.06,149.1,51.1,200.2,367.8,6.9,0.69,43.4,2775.2,0.16,368.2,126.2,494.4,25.47,0.0,0.0,25.47,26.27,0.0,0.0,26.27,0.0,0.0,0.0,1479.0,0.6,1478.5,0.0,0.0,0.0,0.0,0.0,0.0,0.0,0.0,0.0,0.0,0.0,0.0,0.0,0.6,0.0
2050-04-19 07:00:00,2050-04-19 05:00:00,1222.1,0.0,0.0,1.9,1224.0,1185.7,1179.6,0.0,285.0,0.0298,0.032,battery,gas-cc,0.0,0.0,0.0,0.0,0.0,0.0,0.0,0.0,0.0,0.0,0.0,0.0,0.0,0.0,0.0,0.0,0.0,0.0,141.9,2.7,0.27,16.8,1069.7,0.06,142.0,48.7,190.7,386.1,7.3,0.73,45.6,2913.5,0.17,386.5,132.5,519.0,25.47,0.0,0.0,25.47,26.31,0.0,0.0,26.31,0.0,0.0,0.0,1508.9,44.3,1464.6,0.0,0.0,0.0,0.0,1.8,0.0,0.0,0.0,0.0,0.0,0.0,0.0,41.0,1.5,0.0
2050-04-19 08:00:00,2050-04-19 06:00:00,1327.4,1558.6,0.0,0.0,2886.0,1287.5,0.0,0.0,0.0,0.0301,0.0347,upv,upv,0.0,0.0,0.0,0.0,0.0,0.0,0.0,0.0,0.0,0.0,0.0,0.0,0.0,0.0,0.0,0.0,0.0,0.0,139.7,2.6,0.26,16.5,1053.0,0.06,139.8,47.9,187.7,0.0,0.0,0.0,0.0,0.0,0.0,0.0,0.0,0.0,0.0,0.0,0.0,0.0,0.0,0.0,0.0,0.0,1.7,2693.8,2695.5,2886.0,2886.0,0.0,0.0,0.0,0.0,0.0,235.5,0.0,0.0,0.0,0.0,0.0,0.0,0.0,2650.5,0.0,0.0
2050-04-19 09:00:00,2050-04-19 07:00:00,1487.4,2394.4,0.0,0.0,3881.8,1441.6,0.0,0.0,0.0,0.0308,0.0389,upv,upv,0.0,0.0,0.0,0.0,0.0,0.0,0.0,0.0,0.0,0.0,0.0,0.0,0.0,0.0,0.0,0.0,0.0,0.0,139.8,2.6,0.26,16.5,1053.8,0.06,139.9,47.9,187.9,0.0,0.0,0.0,0.0,0.0,0.0,0.0,0.0,0.0,0.0,0.0,0.0,0.0,0.0,0.0,0.0,0.0,1.3,6312.8,6314.1,3881.8,3881.8,0.0,0.0,0.0,0.0,0.0,430.2,0.0,0.0,0.0,0.0,0.0,0.0,0.0,3451.6,0.0,0.0
2050-04-19 10:00:00,2050-04-19 08:00:00,1652.6,2431.9,0.0,0.0,4084.5,1600.1,0.0,0.0,0.0,0.0318,0.0432,upv,upv,0.0,0.0,0.0,0.0,0.0,0.0,0.0,0.0,0.0,0.0,0.0,0.0,0.0,0.0,0.0,0.0,0.0,0.0,139.9,2.6,0.26,16.5,1054.9,0.06,140.1,48.0,188.1,0.0,0.0,0.0,0.0,0.0,0.0,0.0,0.0,0.0,0.0,0.0,0.0,0.0,0.0,0.0,0.0,0.0,2.0,6225.0,6227.0,4084.5,4084.5,0.0,0.0,0.0,0.0,0.0,435.2,0.0,0.0,0.0,0.0,0.0,0.0,0.0,3649.3,0.0,0.0
2050-04-19 11:00:00,2050-04-19 09:00:00,1713.7,3336.3,0.0,0.0,5050.0,1658.4,-0.0,0.0,0.0,0.0322,0.0448,upv,upv,0.0,0.0,0.0,0.0,0.0,0.0,0.0,0.0,0.0,0.0,0.0,0.0,0.0,0.0,0.0,0.0,0.0,0.0,140.0,2.6,0.26,16.5,1055.5,0.06,140.2,48.0,188.2,0.0,0.0,0.0,0.0,0.0,0.0,0.0,0.0,0.0,0.0,0.0,0.0,0.0,0.0,0.0,0.0,0.0,8.0,5259.6,5267.6,5050.0,5050.0,0.0,0.0,0.0,0.0,0.0,435.2,0.0,0.0,0.0,0.0,0.0,0.0,0.0,4614.7,0.0,0.0
2050-04-19 12:00:00,2050-04-19 10:00:00,1740.0,3535.0,0.0,0.0,5275.0,1683.6,-0.0,0.0,0.0,0.0324,0.0455,upv,upv,0.0,0.0,0.0,0.0,0.0,0.0,0.0,0.0,0.0,0.0,0.0,0.0,0.0,0.0,0.0,0.0,0.0,0.0,140.0,2.6,0.27,16.5,1055.6,0.06,140.2,48.0,188.2,0.0,0.0,0.0,0.0,0.0,0.0,0.0,0.0,0.0,0.0,0.0,0.0,0.0,0.0,0.0,0.0,0.0,0.0,5063.0,5063.0,5275.0,5275.0,0.0,0.0,0.0,0.0,0.0,435.2,0.0,0.0,0.0,0.0,0.0,0.0,0.0,4811.3,28.4,0.0
2050-04-19 13:00:00,2050-04-19 11:00:00,1783.2,3435.1,0.0,0.0,5218.3,1724.7,0.0,0.0,0.0,0.0328,0.0466,upv,upv,0.0,0.0,0.0,0.0,0.0,0.0,0.0,0.0,0.0,0.0,0.0,0.0,0.0,0.0,0.0,0.0,0.0,0.0,140.1,2.6,0.27,16.5,1056.0,0.06,140.2,48.0,188.3,0.0,0.0,0.0,0.0,0.0,0.0,0.0,0.0,0.0,0.0,0.0,0.0,0.0,0.0,0.0,0.0,0.0,0.0,5150.3,5150.3,5218.3,5218.3,0.0,0.0,0.0,0.0,0.0,435.2,0.0,0.0,0.0,0.0,0.0,0.0,0.0,4724.0,59.0,0.0
2050-04-19 14:00:00,2050-04-19 12:00:00,1845.3,3986.6,0.0,0.0,5831.9,1783.9,0.0,0.0,0.0,0.0333,0.0483,upv,upv,0.0,0.0,0.0,0.0,0.0,0.0,0.0,0.0,0.0,0.0,0.0,0.0,0.0,0.0,0.0,0.0,0.0,0.0,140.1,2.6,0.27,16.6,1056.5,0.06,140.3,48.1,188.4,0.0,0.0,0.0,0.0,0.0,0.0,0.0,0.0,0.0,0.0,0.0,0.0,0.0,0.0,0.0,0.0,0.0,0.0,4559.3,4559.3,5831.9,5831.9,0.0,0.0,0.0,0.0,0.0,435.2,0.0,0.0,0.0,0.0,0.0,0.0,0.0,5315.0,81.6,0.0
2050-04-19 15:00:00,2050-04-19 13:00:00,1935.8,3016.4,0.0,0.0,4952.2,1869.9,-0.0,0.0,0.0,0.034,0.0506,upv,upv,0.0,0.0,0.0,0.0,0.0,0.0,0.0,0.0,0.0,0.0,0.0,0.0,0.0,0.0,0.0,0.0,0.0,0.0,140.3,2.6,0.27,16.6,1057.4,0.06,140.4,48.1,188.5,0.0,0.0,0.0,0.0,0.0,0.0,0.0,0.0,0.0,0.0,0.0,0.0,0.0,0.0,0.0,0.0,0.0,0.0,5463.1,5463.1,4952.2,4952.2,0.0,0.0,0.0,0.0,0.0,435.2,0.0,0.0,0.0,0.0,0.0,0.0,0.0,4411.2,105.7,0.0
2050-04-19 16:00:00,2050-04-19 14:00:00,2007.4,3364.3,0.0,0.0,5371.7,1937.8,0.0,0.0,0.0,0.0346,0.0525,upv,upv,0.0,0.0,0.0,0.0,0.0,0.0,0.0,0.0,0.0,0.0,0.0,0.0,0.0,0.0,0.0,0.0,0.0,0.0,140.3,2.6,0.27,16.6,1058.0,0.06,140.5,48.1,188.6,0.0,0.0,0.0,0.0,0.0,0.0,0.0,0.0,0.0,0.0,0.0,0.0,0.0,0.0,0.0,0.0,0.0,0.0,5061.1,5061.1,5371.7,5371.7,0.0,0.0,0.0,0.0,0.0,435.2,0.0,0.0,0.0,0.0,0.0,0.0,0.0,4813.2,123.2,0.0
2050-04-19 17:00:00,2050-04-19 15:00:00,2126.3,2071.3,0.0,0.0,4197.6,2050.3,-0.0,0.0,0.0,0.0357,0.0556,upv,upv,0.0,0.0,0.0,0.0,0.0,0.0,0.0,0.0,0.0,0.0,0.0,0.0,0.0,0.0,0.0,0.0,0.0,0.0,140.5,2.7,0.27,16.6,1059.2,0.06,140.7,48.2,188.8,0.0,0.0,0.0,0.0,0.0,0.0,0.0,0.0,0.0,0.0,0.0,0.0,0.0,0.0,0.0,0.0,0.0,0.0,6253.6,6253.6,4197.6,4197.7,0.0,0.0,0.0,0.0,0.0,435.2,0.0,0.0,0.0,0.0,0.0,0.0,0.0,3620.7,141.8,0.0
2050-04-19 18:00:00,2050-04-19 16:00:00,2245.3,2036.6,0.0,0.0,4281.8,2162.5,0.0,0.0,0.0,0.0369,0.0587,upv,upv,0.0,0.0,0.0,0.0,0.0,0.0,0.0,0.0,0.0,0.0,0.0,0.0,0.0,0.0,0.0,0.0,0.0,0.0,140.7,2.7,0.27,16.6,1060.6,0.06,140.8,48.2,189.1,0.0,0.0,0.0,0.0,0.0,0.0,0.0,0.0,0.0,0.0,0.0,0.0,0.0,0.0,0.0,0.0,0.0,0.0,5631.4,5631.4,4281.8,4281.8,0.0,0.0,0.0,0.0,0.0,412.5,0.0,0.0,0.0,0.0,0.0,0.0,0.0,3732.4,137.0,0.0
2050-04-19 19:00:00,2050-04-19 17:00:00,2343.2,0.0,0.0,18.5,2361.6,2254.5,-2143.5,0.0,2143.5,0.0378,0.0613,wind-ons,wind-ons,0.0,0.0,0.0,0.0,0.0,0.0,0.0,0.0,0.0,0.0,0.0,0.0,0.0,0.0,0.0,0.0,0.0,0.0,141.3,2.7,0.27,16.7,1065.6,0.06,141.5,48.5,190.0,0.0,0.0,0.0,0.0,0.0,0.0,0.0,0.0,0.0,10.87,0.0,0.0,10.87,11.58,0.0,0.0,11.58,0.0,0.0,0.0,4505.2,4505.2,0.0,0.0,0.0,0.0,0.0,184.2,0.0,0.0,0.0,0.0,0.0,0.0,0.0,4181.1,139.9,0.0
2050-04-19 20:00:00,2050-04-19 18:00:00,2425.3,0.0,0.0,11.0,2436.3,2331.5,2272.5,445.3,633.8,0.0387,0.0634,battery,gas-cc,0.0,0.0,0.0,0.0,0.0,0.0,0.0,0.0,0.0,0.0,0.0,0.0,0.0,0.0,0.0,0.0,0.0,0.0,162.1,3.1,0.31,19.2,1222.4,0.07,162.3,55.6,217.9,399.1,7.5,0.75,47.1,3011.4,0.17,399.5,136.9,536.4,25.47,0.0,0.0,25.47,27.2,0.0,0.0,27.2,0.0,0.0,0.0,2624.8,163.8,2461.0,0.0,0.0,0.0,0.0,0.0,0.0,0.0,0.0,0.0,0.0,0.0,0.0,0.0,163.8,0.0
2050-04-19 21:00:00,2050-04-19 19:00:00,2435.8,0.0,0.0,17.2,2453.0,2341.4,2301.2,445.3,1579.2,0.0388,0.0637,battery,gas-cc,0.0,0.0,0.0,0.0,0.0,0.0,0.0,0.0,0.0,0.0,0.0,0.0,0.0,0.0,0.0,0.0,0.0,0.0,143.9,2.7,0.27,17.0,1084.8,0.06,144.0,49.3,193.4,399.2,7.5,0.75,47.2,3012.3,0.17,399.6,137.0,536.6,25.47,0.0,0.0,25.47,27.21,0.0,0.0,27.21,0.0,0.0,0.0,3586.8,151.7,3435.1,0.0,0.0,0.0,0.0,0.0,0.0,0.0,0.0,0.0,0.0,0.0,0.0,0.0,151.7,0.0
2050-04-19 22:00:00,2050-04-19 20:00:00,2293.7,0.0,0.0,16.6,2310.3,2208.0,2187.7,445.3,1497.9,0.0373,0.06,battery,gas-cc,0.0,0.0,0.0,0.0,0.0,0.0,0.0,0.0,0.0,0.0,0.0,0.0,0.0,0.0,0.0,0.0,0.0,0.0,143.6,2.7,0.27,17.0,1082.3,0.06,143.7,49.2,192.9,397.6,7.5,0.75,47.0,3000.4,0.17,398.0,136.4,534.5,25.47,0.0,0.0,25.47,27.1,0.0,0.0,27.1,0.0,0.0,0.0,3362.9,122.6,3240.3,0.0,0.0,0.0,0.0,0.0,0.0,0.0,0.0,0.0,0.0,0.0,0.0,0.0,122.6,0.0
2050-04-19 23:00:00,2050-04-19 21:00:00,2095.8,0.0,0.0,14.5,2110.3,2021.5,2000.3,445.3,1172.5,0.0354,0.0548,battery,gas-cc,0.0,0.0,0.0,0.0,0.0,0.0,0.0,0.0,0.0,0.0,0.0,0.0,0.0,0.0,0.0,0.0,0.0,0.0,143.2,2.7,0.27,16.9,1079.9,0.06,143.4,49.1,192.5,395.4,7.5,0.75,46.7,2983.9,0.17,395.8,135.7,531.5,25.47,0.0,0.0,25.47,26.95,0.0,0.0,26.95,0.0,0.0,0.0,2837.5,110.0,2727.5,0.0,0.0,0.0,0.0,0.0,0.0,0.0,0.0,0.0,0.0,0.0,0.0,0.0,110.0,0.0
2050-04-20 00:00:00,2050-04-19 22:00:00,1863.2,0.0,0.0,17.6,1880.7,1800.9,1785.8,445.3,1640.0,0.0334,0.0487,battery,gas-cc,0.0,0.0,0.0,0.0,0.0,0.0,0.0,0.0,0.0,0.0,0.0,0.0,0.0,0.0,0.0,0.0,0.0,0.0,137.6,2.6,0.26,16.3,1037.6,0.06,137.8,47.2,185.0,374.8,7.1,0.71,44.3,2828.3,0.16,375.2,128.6,503.8,26.22,0.0,0.0,26.22,27.56,0.0,0.0,27.56,0.0,0.0,0.0,3075.4,94.9,2980.4,0.0,0.0,0.0,0.0,0.0,0.0,0.0,0.0,0.0,0.0,0.0,0.0,0.0,94.9,0.0
2050-04-20 01:00:00,2050-04-19 23:00:00,1649.5,0.0,0.0,15.3,1664.8,1597.0,1586.2,445.3,1291.0,0.0318,0.0431,battery,gas-cc,0.0,0.0,0.0,0.0,0.0,0.0,0.0,0.0,0.0,0.0,0.0,0.0,0.0,0.0,0.0,0.0,0.0,0.0,143.7,2.7,0.27,17.0,1083.3,0.06,143.8,49.3,193.1,353.0,6.7,0.67,41.7,2664.2,0.15,353.4,121.1,474.6,26.22,0.0,0.0,26.22,27.4,0.0,0.0,27.4,0.0,0.0,0.0,2510.4,78.5,2431.9,0.0,0.0,0.0,0.0,0.0,0.0,0.0,0.0,0.0,0.0,0.0,0.0,0.0,78.5,0.0
2050-04-20 02:00:00,2050-04-20 00:00:00,1458.9,0.0,0.0,17.6,1476.5,1414.3,1419.5,445.3,1640.0,0.0306,0.0382,battery,gas-cc,0.0,0.0,0.0,0.0,0.0,0.0,0.0,0.0,0.0,0.0,0.0,0.0,0.0,0.0,0.0,0.0,0.0,0.0,142.2,2.7,0.27,16.8,1072.4,0.06,142.4,48.8,191.2,329.2,6.2,0.62,38.9,2484.0,0.14,329.5,112.9,442.5,26.22,0.0,0.0,26.22,27.26,0.0,0.0,27.26,0.0,0.0,0.0,2671.2,57.0,2614.1,0.0,0.0,0.0,0.0,0.0,0.0,0.0,0.0,0.0,0.0,0.0,0.0,0.0,57.0,0.0
2050-04-20 03:00:00,2050-04-20 01:00:00,1337.9,0.0,0.0,10.2,1348.1,1297.6,1300.6,445.3,511.5,0.0301,0.035,gas-cc,gas-cc,0.0,0.0,0.0,0.0,0.0,0.0,0.0,0.0,0.0,0.0,0.0,0.0,0.0,0.0,0.0,0.0,0.0,0.0,142.6,2.7,0.27,16.8,1074.9,0.06,142.7,48.9,191.6,364.5,6.9,0.69,43.1,2750.9,0.16,364.9,125.1,490.0,26.22,0.0,0.0,26.22,27.17,0.0,0.0,27.17,0.0,0.0,0.0,1414.4,47.5,1366.9,0.0,0.0,0.0,0.0,0.0,0.0,0.0,0.0,0.0,0.0,0.0,0.0,0.0,47.5,0.0
2050-04-20 04:00:00,2050-04-20 02:00:00,1254.7,0.0,0.0,11.1,1265.8,1217.3,1225.7,445.3,645.1,0.0298,0.0328,battery,gas-cc,0.0,0.0,0.0,0.0,0.0,0.0,0.0,0.0,0.0,0.0,0.0,0.0,0.0,0.0,0.0,0.0,0.0,0.0,142.0,2.7,0.27,16.8,1070.9,0.06,142.2,48.7,190.9,349.3,6.6,0.66,41.3,2635.7,0.15,349.7,119.8,469.5,26.22,0.0,0.0,26.22,27.11,0.0,0.0,27.11,0.0,0.0,0.0,1465.7,40.1,1425.5,0.0,0.0,0.0,0.0,0.0,0.0,0.0,0.0,0.0,0.0,0.0,0.0,0.0,40.1,0.0
2050-04-20 05:00:00,2050-04-20 03:00:00,1198.9,0.0,0.0,9.1,1208.1,1163.3,1173.9,445.3,339.5,0.0297,0.0314,battery,gas-cc,0.0,0.0,0.0,0.0,0.0,0.0,0.0,0.0,0.0,0.0,0.0,0.0,0.0,0.0,0.0,0.0,0.0,0.0,142.4,2.7,0.27,16.8,1073.7,0.06,142.6,48.8,191.4,348.8,6.6,0.66,41.2,2631.8,0.15,349.1,119.7,468.8,26.22,0.0,0.0,26.22,27.06,0.0,0.0,27.06,0.0,0.0,0.0,1102.2,34.1,1068.1,0.0,0.0,0.0,0.0,0.0,0.0,0.0,0.0,0.0,0.0,0.0,0.0,0.0,34.1,0.0
2050-04-20 06:00:00,2050-04-20 04:00:00,1167.4,0.0,0.0,14.3,1181.7,1132.7,1156.5,445.3,1135.9,0.0297,0.0305,battery,gas-cc,0.0,0.0,0.0,0.0,0.0,0.0,0.0,0.0,0.0,0.0,0.0,0.0,0.0,0.0,0.0,0.0,0.0,0.0,178.8,3.4,0.34,21.1,1348.2,0.08,179.0,61.3,240.3,348.5,6.6,0.66,41.2,2629.5,0.15,348.8,119.6,468.4,26.22,0.0,0.0,26.22,27.04,0.0,0.0,27.04,0.0,0.0,0.0,1872.2,25.2,1847.1,0.0,0.0,0.0,0.0,0.0,0.0,0.0,0.0,0.0,0.0,0.0,0.0,0.0,25.2,0.0
2050-04-20 07:00:00,2050-04-20 05:00:00,1213.7,0.0,0.0,8.2,1221.9,1177.6,1144.3,445.3,194.6,0.0298,0.0317,battery,gas-cc,0.0,0.0,0.0,0.0,0.0,0.0,0.0,0.0,0.0,0.0,0.0,0.0,0.0,0.0,0.0,0.0,0.0,0.0,144.1,2.7,0.27,17.0,1086.3,0.06,144.2,49.4,193.7,327.0,6.2,0.62,38.6,2467.5,0.14,327.3,112.2,439.5,26.22,0.0,0.0,26.22,27.08,0.0,0.0,27.08,0.0,0.0,0.0,971.1,77.6,893.6,0.0,0.0,0.0,0.0,2.4,0.0,0.0,0.0,0.0,0.0,0.0,0.0,55.6,19.5,0.0
2050-04-20 08:00:00,2050-04-20 06:00:00,1329.5,2468.5,0.0,0.0,3798.0,1289.5,0.0,0.0,0.0,0.0301,0.0348,upv,upv,0.0,0.0,0.0,0.0,0.0,0.0,0.0,0.0,0.0,0.0,0.0,0.0,0.0,0.0,0.0,0.0,0.0,0.0,139.7,2.6,0.26,16.5,1053.0,0.06,139.8,47.9,187.7,0.0,0.0,0.0,0.0,0.0,0.0,0.0,0.0,0.0,0.0,0.0,0.0,0.0,0.0,0.0,0.0,0.0,18.5,1758.3,1776.8,3798.0,3798.0,0.0,0.0,0.0,0.0,0.0,234.6,0.0,0.0,0.0,0.0,0.0,0.0,0.0,3563.4,0.0,0.0
2050-04-20 09:00:00,2050-04-20 07:00:00,1505.3,3502.0,0.0,0.0,5007.3,1458.8,0.0,0.0,0.0,0.0309,0.0394,upv,upv,0.0,0.0,0.0,0.0,0.0,0.0,0.0,0.0,0.0,0.0,0.0,0.0,0.0,0.0,0.0,0.0,0.0,0.0,139.8,2.6,0.26,16.5,1053.9,0.06,139.9,47.9,187.9,0.0,0.0,0.0,0.0,0.0,0.0,0.0,0.0,0.0,0.0,0.0,0.0,0.0,0.0,0.0,0.0,0.0,10.2,5072.8,5083.0,5007.3,5007.3,0.0,0.0,0.0,0.0,0.0,425.5,0.0,0.0,0.0,0.0,0.0,0.0,0.0,4581.8,0.0,0.0
2050-04-20 10:00:00,2050-04-20 08:00:00,1672.6,3373.1,0.0,0.0,5045.7,1619.2,-0.0,0.0,0.0,0.032,0.0437,upv,upv,0.0,0.0,0.0,0.0,0.0,0.0,0.0,0.0,0.0,0.0,0.0,0.0,0.0,0.0,0.0,0.0,0.0,0.0,140.0,2.6,0.26,16.5,1055.1,0.06,140.1,48.0,188.1,0.0,0.0,0.0,0.0,0.0,0.0,0.0,0.0,0.0,0.0,0.0,0.0,0.0,0.0,0.0,0.0,0.0,14.3,4926.3,4940.6,5045.7,5045.7,0.0,0.0,0.0,0.0,0.0,420.8,0.0,0.0,0.0,0.0,0.0,0.0,0.0,4624.9,0.0,0.0
2050-04-20 11:00:00,2050-04-20 09:00:00,1729.5,2071.3,0.0,0.0,3800.8,1673.5,0.0,0.0,0.0,0.0324,0.0452,upv,upv,0.0,0.0,0.0,0.0,0.0,0.0,0.0,0.0,0.0,0.0,0.0,0.0,0.0,0.0,0.0,0.0,0.0,0.0,140.0,2.6,0.27,16.5,1055.5,0.06,140.2,48.0,188.2,0.0,0.0,0.0,0.0,0.0,0.0,0.0,0.0,0.0,0.0,0.0,0.0,0.0,0.0,0.0,0.0,0.0,40.4,6393.8,6434.2,3800.8,3800.8,0.0,0.0,0.0,0.0,0.0,430.2,0.0,0.0,0.0,0.0,0.0,0.0,0.0,3370.6,0.0,0.0
2050-04-20 12:00:00,2050-04-20 10:00:00,1781.1,3435.1,0.0,0.0,5216.2,1722.7,0.0,0.0,0.0,0.0328,0.0466,upv,upv,0.0,0.0,0.0,0.0,0.0,0.0,0.0,0.0,0.0,0.0,0.0,0.0,0.0,0.0,0.0,0.0,0.0,0.0,140.1,2.6,0.27,16.5,1056.0,0.06,140.2,48.0,188.3,0.0,0.0,0.0,0.0,0.0,0.0,0.0,0.0,0.0,0.0,0.0,0.0,0.0,0.0,0.0,0.0,0.0,63.1,5093.4,5156.4,5216.2,5216.2,0.0,0.0,0.0,0.0,0.0,435.2,0.0,0.0,0.0,0.0,0.0,0.0,0.0,4780.9,0.0,0.0
2050-04-20 13:00:00,2050-04-20 11:00:00,1820.0,3402.2,0.0,0.0,5222.2,1759.8,0.0,0.0,0.0,0.0331,0.0476,upv,upv,0.0,0.0,0.0,0.0,0.0,0.0,0.0,0.0,0.0,0.0,0.0,0.0,0.0,0.0,0.0,0.0,0.0,0.0,140.1,2.6,0.27,16.6,1056.3,0.06,140.3,48.0,188.3,0.0,0.0,0.0,0.0,0.0,0.0,0.0,0.0,0.0,0.0,0.0,0.0,0.0,0.0,0.0,0.0,0.0,72.2,5087.4,5159.6,5222.2,5222.2,0.0,0.0,0.0,0.0,0.0,435.2,0.0,0.0,0.0,0.0,0.0,0.0,0.0,4786.9,0.0,0.0
2050-04-20 14:00:00,2050-04-20 12:00:00,1876.8,3435.1,0.0,0.0,5311.9,1813.9,0.0,0.0,0.0,0.0335,0.0491,upv,upv,0.0,0.0,0.0,0.0,0.0,0.0,0.0,0.0,0.0,0.0,0.0,0.0,0.0,0.0,0.0,0.0,0.0,0.0,140.2,2.6,0.27,16.6,1056.8,0.06,140.3,48.1,188.4,0.0,0.0,0.0,0.0,0.0,0.0,0.0,0.0,0.0,0.0,0.0,0.0,0.0,0.0,0.0,0.0,0.0,68.2,4997.6,5065.8,5311.9,5311.9,0.0,0.0,0.0,0.0,0.0,435.2,0.0,0.0,0.0,0.0,0.0,0.0,0.0,4876.7,0.0,0.0
2050-04-20 15:00:00,2050-04-20 13:00:00,1961.1,2950.5,0.0,0.0,4911.5,1893.9,0.0,0.0,0.0,0.0342,0.0513,upv,upv,0.0,0.0,0.0,0.0,0.0,0.0,0.0,0.0,0.0,0.0,0.0,0.0,0.0,0.0,0.0,0.0,0.0,0.0,140.3,2.6,0.27,16.6,1057.6,0.06,140.4,48.1,188.5,0.0,0.0,0.0,0.0,0.0,0.0,0.0,0.0,0.0,0.0,0.0,0.0,0.0,0.0,0.0,0.0,0.0,0.0,5482.6,5482.6,4911.5,4911.5,0.0,0.0,0.0,0.0,0.0,435.2,0.0,0.0,0.0,0.0,0.0,0.0,0.0,4391.8,84.6,0.0
2050-04-20 16:00:00,2050-04-20 14:00:00,2035.8,3007.6,0.0,0.0,5043.4,1964.7,0.0,0.0,0.0,0.0349,0.0532,upv,upv,0.0,0.0,0.0,0.0,0.0,0.0,0.0,0.0,0.0,0.0,0.0,0.0,0.0,0.0,0.0,0.0,0.0,0.0,140.4,2.6,0.27,16.6,1058.3,0.06,140.5,48.1,188.7,0.0,0.0,0.0,0.0,0.0,0.0,0.0,0.0,0.0,0.0,0.0,0.0,0.0,0.0,0.0,0.0,0.0,97.9,5266.2,5364.1,5043.4,5043.4,0.0,0.0,0.0,0.0,0.0,435.2,0.0,0.0,0.0,0.0,0.0,0.0,0.0,4608.2,0.0,0.0
2050-04-20 17:00:00,2050-04-20 15:00:00,2160.0,1457.8,0.0,0.0,3617.8,2082.1,0.0,0.0,0.0,0.036,0.0565,upv,upv,0.0,0.0,0.0,0.0,0.0,0.0,0.0,0.0,0.0,0.0,0.0,0.0,0.0,0.0,0.0,0.0,0.0,0.0,140.5,2.7,0.27,16.6,1059.6,0.06,140.7,48.2,188.9,0.0,0.0,0.0,0.0,0.0,0.0,0.0,0.0,0.0,0.0,0.0,0.0,0.0,0.0,0.0,0.0,0.0,104.6,6691.8,6796.3,3617.8,3617.8,0.0,0.0,0.0,0.0,0.0,435.2,0.0,0.0,0.0,0.0,0.0,0.0,0.0,3182.5,0.0,0.0
2050-04-20 18:00:00,2050-04-20 16:00:00,2309.5,2063.3,0.0,0.0,4372.8,2222.9,0.0,0.0,0.0,0.0375,0.0604,upv,upv,0.0,0.0,0.0,0.0,0.0,0.0,0.0,0.0,0.0,0.0,0.0,0.0,0.0,0.0,0.0,0.0,0.0,0.0,140.8,2.7,0.27,16.6,1061.2,0.06,140.9,48.3,189.2,0.0,0.0,0.0,0.0,0.0,0.0,0.0,0.0,0.0,0.0,0.0,0.0,0.0,0.0,0.0,0.0,0.0,122.5,5100.1,5222.6,4372.8,4372.8,0.0,0.0,0.0,0.0,0.0,399.9,0.0,0.0,0.0,0.0,0.0,0.0,0.0,3972.9,0.0,0.0
2050-04-20 19:00:00,2050-04-20 17:00:00,2391.6,0.0,0.0,15.9,2407.5,2299.9,-1978.6,0.0,1978.6,0.0383,0.0625,battery,hydro,0.0,0.0,0.0,0.0,0.0,0.0,0.0,0.0,0.0,0.0,0.0,0.0,0.0,0.0,0.0,0.0,0.0,0.0,140.9,2.7,0.27,16.6,1062.1,0.06,141.0,48.3,189.3,0.0,0.0,0.0,0.0,0.0,0.0,0.0,0.0,0.0,1.66,0.0,0.0,1.66,1.77,0.0,0.0,1.77,0.0,0.0,0.0,4386.1,4386.1,0.0,0.0,0.0,0.0,0.0,179.0,0.0,0.0,0.0,0.0,0.0,0.0,0.0,4061.5,145.6,0.0
2050-04-20 20:00:00,2050-04-20 18:00:00,2453.7,0.0,0.0,7.3,2460.9,2358.1,2288.6,0.0,1117.5,0.039,0.0642,gas-cc,gas-cc,0.0,0.0,0.0,0.0,0.0,0.0,0.0,0.0,0.0,0.0,0.0,0.0,0.0,0.0,0.0,0.0,0.0,0.0,144.5,2.7,0.27,17.1,1089.5,0.06,144.7,49.6,194.2,375.9,7.1,0.71,44.4,2836.7,0.16,376.3,129.0,505.3,26.22,0.0,0.0,26.22,28.01,0.0,0.0,28.01,0.0,0.0,0.0,3578.4,172.4,3406.0,0.0,0.0,0.0,0.0,0.0,0.0,0.0,0.0,0.0,0.0,0.0,0.0,0.0,172.4,0.0
2050-04-20 21:00:00,2050-04-20 19:00:00,2464.2,0.0,0.0,7.1,2471.3,2368.0,2310.8,0.0,1095.2,0.0391,0.0644,gas-cc,gas-cc,0.0,0.0,0.0,0.0,0.0,0.0,0.0,0.0,0.0,0.0,0.0,0.0,0.0,0.0,0.0,0.0,0.0,0.0,144.0,2.7,0.27,17.0,1085.4,0.06,144.1,49.4,193.5,376.0,7.1,0.71,44.4,2837.5,0.16,376.4,129.0,505.4,26.22,0.0,0.0,26.22,28.02,0.0,0.0,28.02,0.0,0.0,0.0,3566.5,160.5,3406.0,0.0,0.0,0.0,0.0,0.0,0.0,0.0,0.0,0.0,0.0,0.0,0.0,0.0,160.5,0.0
2050-04-20 22:00:00,2050-04-20 20:00:00,2340.0,0.0,0.0,7.8,2347.8,2251.5,2208.9,0.0,1197.1,0.0378,0.0612,battery,gas-cc,0.0,0.0,0.0,0.0,0.0,0.0,0.0,0.0,0.0,0.0,0.0,0.0,0.0,0.0,0.0,0.0,0.0,0.0,143.7,2.7,0.27,17.0,1083.0,0.06,143.8,49.3,193.1,374.7,7.1,0.71,44.3,2827.7,0.16,375.1,128.6,503.7,26.22,0.0,0.0,26.22,27.92,0.0,0.0,27.92,0.0,0.0,0.0,3544.9,138.9,3406.0,0.0,0.0,0.0,0.0,0.0,0.0,0.0,0.0,0.0,0.0,0.0,0.0,0.0,138.9,0.0
2050-04-20 23:00:00,2050-04-20 21:00:00,2142.1,0.0,0.0,8.2,2150.3,2065.2,2044.3,0.0,1267.7,0.0359,0.056,battery,gas-cc,0.0,0.0,0.0,0.0,0.0,0.0,0.0,0.0,0.0,0.0,0.0,0.0,0.0,0.0,0.0,0.0,0.0,0.0,143.3,2.7,0.27,16.9,1080.5,0.06,143.5,49.1,192.6,372.7,7.0,0.7,44.0,2812.2,0.16,373.1,127.9,500.9,26.22,0.0,0.0,26.22,27.77,0.0,0.0,27.77,0.0,0.0,0.0,3418.1,106.1,3312.0,0.0,0.0,0.0,0.0,0.0,0.0,0.0,0.0,0.0,0.0,0.0,0.0,0.0,106.1,0.0
2050-04-21 00:00:00,2050-04-20 22:00:00,1935.8,0.0,0.0,1.0,1936.7,1869.9,1823.4,0.0,146.8,0.034,0.0506,gas-cc,gas-cc,0.0,0.0,0.0,0.0,0.0,0.0,0.0,0.0,0.0,0.0,0.0,0.0,0.0,0.0,0.0,0.0,0.0,0.0,142.8,2.7,0.27,16.9,1076.5,0.06,142.9,49.0,191.9,370.5,7.0,0.7,43.8,2796.2,0.16,370.9,127.1,498.1,26.22,0.0,0.0,26.22,27.61,0.0,0.0,27.61,0.0,0.0,0.0,2083.5,113.3,1970.2,0.0,0.0,0.0,0.0,0.0,0.0,0.0,0.0,0.0,0.0,0.0,0.0,0.0,113.3,0.0
2050-04-21 01:00:00,2050-04-20 23:00:00,1716.8,0.0,0.0,0.2,1717.0,1661.4,1627.7,0.0,24.9,0.0323,0.0449,gas-cc,gas-cc,0.0,0.0,0.0,0.0,0.0,0.0,0.0,0.0,0.0,0.0,0.0,0.0,0.0,0.0,0.0,0.0,0.0,0.0,142.4,2.7,0.27,16.8,1073.7,0.06,142.6,48.8,191.4,368.3,6.9,0.69,43.5,2779.4,0.16,368.7,126.4,495.1,26.22,0.0,0.0,26.22,27.45,0.0,0.0,27.45,0.0,0.0,0.0,1741.9,89.3,1652.6,0.0,0.0,0.0,0.0,0.0,0.0,0.0,0.0,0.0,0.0,0.0,0.0,0.0,89.3,0.0
2050-04-21 02:00:00,2050-04-21 00:00:00,1521.1,0.0,0.0,0.3,1521.4,1473.9,1441.2,0.0,52.6,0.031,0.0398,gas-cc,gas-cc,0.0,0.0,0.0,0.0,0.0,0.0,0.0,0.0,0.0,0.0,0.0,0.0,0.0,0.0,0.0,0.0,0.0,0.0,142.5,2.7,0.27,16.8,1074.5,0.06,142.7,48.9,191.6,366.4,6.9,0.69,43.3,2764.6,0.16,366.8,125.7,492.5,26.22,0.0,0.0,26.22,27.3,0.0,0.0,27.3,0.0,0.0,0.0,1574.0,80.2,1493.8,0.0,0.0,0.0,0.0,0.0,0.0,0.0,0.0,0.0,0.0,0.0,0.0,0.0,80.2,0.0
2050-04-21 03:00:00,2050-04-21 01:00:00,1381.1,0.0,0.0,6.5,1387.6,1339.3,1340.7,0.0,1000.3,0.0303,0.0361,battery,gas-cc,0.0,0.0,0.0,0.0,0.0,0.0,0.0,0.0,0.0,0.0,0.0,0.0,0.0,0.0,0.0,0.0,0.0,0.0,141.8,2.7,0.27,16.8,1069.2,0.06,142.0,48.6,190.6,365.0,6.9,0.69,43.1,2754.1,0.16,365.4,125.2,490.6,26.22,0.0,0.0,26.22,27.2,0.0,0.0,27.2,0.0,0.0,0.0,2387.8,46.9,2341.0,0.0,0.0,0.0,0.0,0.0,0.0,0.0,0.0,0.0,0.0,0.0,0.0,0.0,46.9,0.0
2050-04-21 04:00:00,2050-04-21 02:00:00,1291.6,0.0,0.0,5.2,1296.8,1252.9,1266.6,0.0,804.7,0.0299,0.0338,gas-cc,gas-cc,0.0,0.0,0.0,0.0,0.0,0.0,0.0,0.0,0.0,0.0,0.0,0.0,0.0,0.0,0.0,0.0,0.0,0.0,142.9,2.7,0.27,16.9,1077.2,0.06,143.0,49.0,192.0,364.1,6.9,0.69,43.0,2747.5,0.16,364.5,124.9,489.4,26.22,0.0,0.0,26.22,27.13,0.0,0.0,27.13,0.0,0.0,0.0,2101.5,30.2,2071.3,0.0,0.0,0.0,0.0,0.0,0.0,0.0,0.0,0.0,0.0,0.0,0.0,0.0,30.2,0.0
2050-04-21 05:00:00,2050-04-21 03:00:00,1222.1,0.0,0.0,1.8,1223.9,1185.7,1205.2,0.0,281.6,0.0298,0.032,gas-cc,gas-cc,0.0,0.0,0.0,0.0,0.0,0.0,0.0,0.0,0.0,0.0,0.0,0.0,0.0,0.0,0.0,0.0,0.0,0.0,147.2,2.8,0.28,17.4,1110.0,0.06,147.4,50.5,197.9,363.4,6.8,0.68,42.9,2742.3,0.16,363.8,124.7,488.5,26.22,0.0,0.0,26.22,27.08,0.0,0.0,27.08,0.0,0.0,0.0,1505.6,18.7,1486.9,0.0,0.0,0.0,0.0,0.0,0.0,0.0,0.0,0.0,0.0,0.0,0.0,0.0,18.7,0.0
2050-04-21 06:00:00,2050-04-21 04:00:00,1211.6,0.0,0.0,0.0,1211.6,1175.5,1201.4,0.0,0.0,0.0298,0.0317,battery,gas-cc,0.0,0.0,0.0,0.0,0.0,0.0,0.0,0.0,0.0,0.0,0.0,0.0,0.0,0.0,0.0,0.0,0.0,0.0,142.4,2.7,0.27,16.8,1073.2,0.06,142.5,48.8,191.3,368.2,6.9,0.69,43.5,2778.6,0.16,368.6,126.3,494.9,26.22,0.0,0.0,26.22,27.07,0.0,0.0,27.07,0.0,0.0,0.0,1211.6,10.1,1201.4,0.0,0.0,0.0,0.0,0.0,0.0,0.0,0.0,0.0,0.0,0.0,0.0,0.0,10.1,0.0
2050-04-21 07:00:00,2050-04-21 05:00:00,1252.6,0.0,0.0,6.9,1259.5,1215.3,1189.5,445.3,0.0,0.0298,0.0328,battery,gas-cc,0.0,0.0,0.0,0.0,0.0,0.0,0.0,0.0,0.0,0.0,0.0,0.0,0.0,0.0,0.0,0.0,0.0,0.0,141.4,2.7,0.27,16.7,1065.9,0.06,141.5,48.5,190.0,368.6,6.9,0.69,43.5,2781.6,0.16,369.0,126.5,495.5,26.22,0.0,0.0,26.22,27.1,0.0,0.0,27.1,0.0,0.0,0.0,814.2,70.1,744.1,0.0,0.0,0.0,0.0,2.4,0.0,0.0,0.0,0.0,0.0,0.0,0.0,54.3,13.4,0.0
2050-04-21 08:00:00,2050-04-21 06:00:00,1355.8,584.5,0.0,0.0,1940.3,1314.9,-0.0,0.0,0.0,0.0302,0.0355,upv,upv,0.0,0.0,0.0,0.0,0.0,0.0,0.0,0.0,0.0,0.0,0.0,0.0,0.0,0.0,0.0,0.0,0.0,0.0,139.7,2.6,0.26,16.5,1053.1,0.06,139.8,47.9,187.8,0.0,0.0,0.0,0.0,0.0,0.0,0.0,0.0,0.0,0.0,0.0,0.0,0.0,0.0,0.0,0.0,0.0,0.0,3332.5,3332.5,1940.3,1940.3,0.0,0.0,0.0,0.0,0.0,221.8,0.0,0.0,0.0,0.0,0.0,0.0,0.0,1698.3,20.2,0.0
2050-04-21 09:00:00,2050-04-21 07:00:00,1544.2,1609.5,0.0,0.0,3153.7,1496.2,0.0,0.0,0.0,0.0311,0.0404,upv,upv,0.0,0.0,0.0,0.0,0.0,0.0,0.0,0.0,0.0,0.0,0.0,0.0,0.0,0.0,0.0,0.0,0.0,0.0,139.8,2.6,0.26,16.5,1054.2,0.06,140.0,48.0,187.9,0.0,0.0,0.0,0.0,0.0,0.0,0.0,0.0,0.0,0.0,0.0,0.0,0.0,0.0,0.0,0.0,0.0,0.0,6655.3,6655.3,3153.7,3153.7,0.0,0.0,0.0,0.0,0.0,413.2,0.0,0.0,0.0,0.0,0.0,0.0,0.0,2721.5,19.0,0.0
2050-04-21 10:00:00,2050-04-21 08:00:00,1724.2,2431.9,0.0,0.0,4156.1,1668.5,0.0,0.0,0.0,0.0323,0.0451,upv,upv,0.0,0.0,0.0,0.0,0.0,0.0,0.0,0.0,0.0,0.0,0.0,0.0,0.0,0.0,0.0,0.0,0.0,0.0,140.0,2.6,0.26,16.5,1055.5,0.06,140.2,48.0,188.2,0.0,0.0,0.0,0.0,0.0,0.0,0.0,0.0,0.0,0.0,0.0,0.0,0.0,0.0,0.0,0.0,0.0,0.0,6173.1,6173.1,4156.1,4156.1,0.0,0.0,0.0,0.0,0.0,435.2,0.0,0.0,0.0,0.0,0.0,0.0,0.0,3701.2,19.7,0.0
2050-04-21 11:00:00,2050-04-21 09:00:00,1822.1,3045.5,0.0,0.0,4867.6,1761.8,0.0,0.0,0.0,0.0331,0.0477,upv,upv,0.0,0.0,0.0,0.0,0.0,0.0,0.0,0.0,0.0,0.0,0.0,0.0,0.0,0.0,0.0,0.0,0.0,0.0,140.1,2.6,0.27,16.6,1056.3,0.06,140.3,48.0,188.3,0.0,0.0,0.0,0.0,0.0,0.0,0.0,0.0,0.0,0.0,0.0,0.0,0.0,0.0,0.0,0.0,0.0,0.0,5468.9,5468.9,4867.6,4867.6,0.0,0.0,0.0,0.0,0.0,435.2,0.0,0.0,0.0,0.0,0.0,0.0,0.0,4405.4,26.9,0.0
2050-04-21 12:00:00,2050-04-21 10:00:00,1904.2,3531.1,0.0,0.0,5435.3,1839.9,0.0,0.0,0.0,0.0338,0.0498,upv,upv,0.0,0.0,0.0,0.0,0.0,0.0,0.0,0.0,0.0,0.0,0.0,0.0,0.0,0.0,0.0,0.0,0.0,0.0,140.2,2.6,0.27,16.6,1057.1,0.06,140.4,48.1,188.4,0.0,0.0,0.0,0.0,0.0,0.0,0.0,0.0,0.0,0.0,0.0,0.0,0.0,0.0,0.0,0.0,0.0,0.0,4898.0,4898.0,5435.3,5435.3,0.0,0.0,0.0,0.0,0.0,435.2,0.0,0.0,0.0,0.0,0.0,0.0,0.0,4976.3,23.7,0.0
2050-04-21 13:00:00,2050-04-21 11:00:00,1980.0,3600.8,0.0,0.0,5580.8,1911.9,0.0,0.0,0.0,0.0344,0.0518,upv,upv,0.0,0.0,0.0,0.0,0.0,0.0,0.0,0.0,0.0,0.0,0.0,0.0,0.0,0.0,0.0,0.0,0.0,0.0,140.3,2.6,0.27,16.6,1057.8,0.06,140.5,48.1,188.6,0.0,0.0,0.0,0.0,0.0,0.0,0.0,0.0,0.0,0.0,0.0,0.0,0.0,0.0,0.0,0.0,0.0,14.8,4728.7,4743.5,5580.8,5580.8,0.0,0.0,0.0,0.0,0.0,435.2,0.0,0.0,0.0,0.0,0.0,0.0,0.0,5145.6,0.0,0.0
2050-04-21 14:00:00,2050-04-21 12:00:00,2056.8,3430.2,0.0,0.0,5487.0,1984.7,-0.0,0.0,0.0,0.0351,0.0538,upv,upv,0.0,0.0,0.0,0.0,0.0,0.0,0.0,0.0,0.0,0.0,0.0,0.0,0.0,0.0,0.0,0.0,0.0,0.0,140.4,2.7,0.27,16.6,1058.5,0.06,140.6,48.1,188.7,0.0,0.0,0.0,0.0,0.0,0.0,0.0,0.0,0.0,0.0,0.0,0.0,0.0,0.0,0.0,0.0,0.0,5.1,4822.5,4827.6,5487.0,5487.0,0.0,0.0,0.0,0.0,0.0,435.2,0.0,0.0,0.0,0.0,0.0,0.0,0.0,5051.8,0.0,0.0
2050-04-21 15:00:00,2050-04-21 13:00:00,2160.0,3340.1,0.0,0.0,5500.1,2082.1,-0.0,0.0,0.0,0.036,0.0565,upv,upv,0.0,0.0,0.0,0.0,0.0,0.0,0.0,0.0,0.0,0.0,0.0,0.0,0.0,0.0,0.0,0.0,0.0,0.0,140.5,2.7,0.27,16.6,1059.6,0.06,140.7,48.2,188.9,0.0,0.0,0.0,0.0,0.0,0.0,0.0,0.0,0.0,0.0,0.0,0.0,0.0,0.0,0.0,0.0,0.0,1.9,4809.4,4811.3,5500.1,5500.1,0.0,0.0,0.0,0.0,0.0,435.2,0.0,0.0,0.0,0.0,0.0,0.0,0.0,5064.9,0.0,0.0
2050-04-21 16:00:00,2050-04-21 14:00:00,2247.4,3336.3,0.0,0.0,5583.6,2164.5,-0.0,0.0,0.0,0.0369,0.0588,upv,upv,0.0,0.0,0.0,0.0,0.0,0.0,0.0,0.0,0.0,0.0,0.0,0.0,0.0,0.0,0.0,0.0,0.0,0.0,140.9,2.7,0.27,16.6,1062.3,0.06,141.1,48.3,189.4,0.0,0.0,0.0,0.0,0.0,0.0,0.0,0.0,0.0,0.0,0.0,0.0,0.0,0.0,0.0,0.0,0.0,1.1,4725.9,4727.0,5583.6,5583.6,0.0,0.0,0.0,0.0,0.0,435.2,0.0,0.0,0.0,0.0,0.0,0.0,0.0,5148.4,0.0,0.0
2050-04-21 17:00:00,2050-04-21 15:00:00,2366.3,3435.1,0.0,0.0,5801.4,2276.2,-0.0,0.0,0.0,0.0381,0.0619,upv,upv,0.0,0.0,0.0,0.0,0.0,0.0,0.0,0.0,0.0,0.0,0.0,0.0,0.0,0.0,0.0,0.0,0.0,0.0,140.8,2.7,0.27,16.6,1061.8,0.06,141.0,48.3,189.3,0.0,0.0,0.0,0.0,0.0,0.0,0.0,0.0,0.0,0.0,0.0,0.0,0.0,0.0,0.0,0.0,0.0,0.7,4508.1,4508.8,5801.4,5801.4,0.0,0.0,0.0,0.0,0.0,435.2,0.0,0.0,0.0,0.0,0.0,0.0,0.0,5366.2,0.0,0.0
2050-04-21 18:00:00,2050-04-21 16:00:00,2505.3,2821.5,0.0,0.0,5326.8,2406.3,0.0,0.0,0.0,0.0395,0.0655,upv,upv,0.0,0.0,0.0,0.0,0.0,0.0,0.0,0.0,0.0,0.0,0.0,0.0,0.0,0.0,0.0,0.0,0.0,0.0,141.1,2.7,0.27,16.7,1063.4,0.06,141.2,48.4,189.6,0.0,0.0,0.0,0.0,0.0,0.0,0.0,0.0,0.0,0.0,0.0,0.0,0.0,0.0,0.0,0.0,0.0,2.6,4193.1,4195.7,5326.8,5326.8,0.0,0.0,0.0,0.0,0.0,401.7,0.0,0.0,0.0,0.0,0.0,0.0,0.0,4925.1,0.0,0.0
2050-04-21 19:00:00,2050-04-21 17:00:00,2587.4,0.0,0.0,14.1,2601.5,2483.0,-1861.9,0.0,1861.9,0.0403,0.0677,upv,upv,0.0,0.0,0.0,0.0,0.0,0.0,0.0,0.0,0.0,0.0,0.0,0.0,0.0,0.0,0.0,0.0,0.0,0.0,141.4,2.7,0.27,16.7,1066.4,0.06,141.6,48.5,190.1,0.0,0.0,0.0,0.0,0.0,0.0,0.0,0.0,0.0,4.49,0.0,0.0,4.49,4.82,0.0,0.0,4.82,0.0,0.0,0.0,4463.4,4463.4,0.0,0.0,0.0,0.0,0.0,188.0,0.0,0.0,0.0,0.0,0.0,0.0,0.0,4268.3,7.1,0.0
2050-04-21 20:00:00,2050-04-21 18:00:00,2649.5,0.0,0.0,17.2,2666.7,2540.8,2631.3,0.0,2064.7,0.041,0.0693,gas-cc,gas-cc,51.8,1.0,0.1,6.1,391.0,0.02,51.9,17.8,69.6,54.0,1.0,0.1,6.4,407.7,0.02,54.1,18.5,72.6,144.3,2.7,0.27,17.1,1088.1,0.06,144.5,49.5,194.0,389.4,7.3,0.73,46.0,2938.3,0.17,389.8,133.6,523.4,33.36,0.0,0.0,33.36,35.84,0.0,0.0,35.84,0.0,0.0,0.0,4731.4,35.4,4019.6,0.0,0.0,0.0,0.0,0.0,676.4,0.0,0.0,0.0,0.0,0.0,0.0,0.0,35.4,0.0
2050-04-21 21:00:00,2050-04-21 19:00:00,2615.8,0.0,0.0,9.5,2625.3,2509.5,2559.6,0.0,1460.0,0.0406,0.0684,battery,gas-cc,0.0,0.0,0.0,0.0,0.0,0.0,0.0,0.0,0.0,0.0,0.0,0.0,0.0,0.0,0.0,0.0,0.0,0.0,144.1,2.7,0.27,17.0,1086.1,0.06,144.2,49.4,193.6,387.3,7.3,0.73,45.8,2922.9,0.17,387.8,132.9,520.7,30.0,0.0,0.0,30.0,32.2,0.0,0.0,32.2,0.0,0.0,0.0,4085.3,65.7,4019.6,0.0,0.0,0.0,0.0,0.0,0.0,0.0,0.0,0.0,0.0,0.0,0.0,0.0,65.7,0.0
2050-04-21 22:00:00,2050-04-21 20:00:00,2466.3,0.0,0.0,9.0,2475.3,2369.9,2383.2,0.0,1386.5,0.0391,0.0645,battery,gas-cc,0.0,0.0,0.0,0.0,0.0,0.0,0.0,0.0,0.0,0.0,0.0,0.0,0.0,0.0,0.0,0.0,0.0,0.0,148.9,2.8,0.28,17.6,1122.5,0.06,149.0,51.1,200.1,338.4,6.4,0.64,40.0,2553.9,0.15,338.8,116.1,454.9,27.51,0.0,0.0,27.51,29.41,0.0,0.0,29.41,0.0,0.0,0.0,3861.8,92.1,3769.7,0.0,0.0,0.0,0.0,0.0,0.0,0.0,0.0,0.0,0.0,0.0,0.0,0.0,92.1,0.0
2050-04-21 23:00:00,2050-04-21 21:00:00,2236.8,0.0,0.0,6.3,2243.1,2154.6,2150.7,0.0,966.5,0.0368,0.0585,battery,gas-cc,0.0,0.0,0.0,0.0,0.0,0.0,0.0,0.0,0.0,0.0,0.0,0.0,0.0,0.0,0.0,0.0,0.0,0.0,143.7,2.7,0.27,17.0,1083.6,0.06,143.9,49.3,193.2,346.4,6.5,0.65,40.9,2614.2,0.15,346.8,118.9,465.7,27.51,0.0,0.0,27.51,29.22,0.0,0.0,29.22,0.0,0.0,0.0,3209.6,92.4,3117.2,0.0,0.0,0.0,0.0,0.0,0.0,0.0,0.0,0.0,0.0,0.0,0.0,0.0,92.4,0.0
2050-04-22 00:00:00,2050-04-21 22:00:00,2015.8,0.0,0.0,0.0,2015.8,1945.8,1960.2,0.0,0.0,0.0347,0.0527,battery,gas-cc,0.0,0.0,0.0,0.0,0.0,0.0,0.0,0.0,0.0,0.0,0.0,0.0,0.0,0.0,0.0,0.0,0.0,0.0,143.3,2.7,0.27,16.9,1080.0,0.06,143.4,49.1,192.5,366.4,6.9,0.69,43.3,2764.8,0.16,366.8,125.7,492.5,31.71,0.0,0.0,31.71,33.47,0.0,0.0,33.47,0.0,0.0,0.0,2015.8,55.6,1960.2,0.0,0.0,0.0,0.0,0.0,0.0,0.0,0.0,0.0,0.0,0.0,0.0,0.0,55.6,0.0
2050-04-22 01:00:00,2050-04-21 23:00:00,1796.8,0.0,0.0,0.0,1796.8,1737.8,1747.9,0.0,0.0,0.0329,0.047,battery,gas-cc,0.0,0.0,0.0,0.0,0.0,0.0,0.0,0.0,0.0,0.0,0.0,0.0,0.0,0.0,0.0,0.0,0.0,0.0,142.8,2.7,0.27,16.9,1076.7,0.06,143.0,49.0,192.0,364.2,6.9,0.69,43.0,2748.2,0.16,364.6,125.0,489.5,31.71,0.0,0.0,31.71,33.27,0.0,0.0,33.27,0.0,0.0,0.0,1796.8,48.9,1747.9,0.0,0.0,0.0,0.0,0.0,0.0,0.0,0.0,0.0,0.0,0.0,0.0,0.0,48.9,0.0
2050-04-22 02:00:00,2050-04-22 00:00:00,1615.8,0.0,0.0,4.0,1619.7,1564.8,1585.6,0.0,608.7,0.0316,0.0423,battery,gas-cc,0.0,0.0,0.0,0.0,0.0,0.0,0.0,0.0,0.0,0.0,0.0,0.0,0.0,0.0,0.0,0.0,0.0,0.0,142.9,2.7,0.27,16.9,1077.5,0.06,143.1,49.0,192.1,367.3,6.9,0.69,43.4,2771.8,0.16,367.7,126.0,493.7,31.71,0.0,0.0,31.71,33.1,0.0,0.0,33.1,0.0,0.0,0.0,2228.5,34.2,2194.3,0.0,0.0,0.0,0.0,0.0,0.0,0.0,0.0,0.0,0.0,0.0,0.0,0.0,34.2,0.0
2050-04-22 03:00:00,2050-04-22 01:00:00,1446.3,0.0,0.0,4.0,1450.3,1402.1,1429.1,0.0,614.1,0.0306,0.0378,gas-cc,gas-cc,0.0,0.0,0.0,0.0,0.0,0.0,0.0,0.0,0.0,0.0,0.0,0.0,0.0,0.0,0.0,0.0,0.0,0.0,142.6,2.7,0.27,16.9,1075.4,0.06,142.8,48.9,191.7,365.6,6.9,0.69,43.2,2759.0,0.16,366.0,125.5,491.5,31.71,0.0,0.0,31.71,32.95,0.0,0.0,32.95,0.0,0.0,0.0,2064.4,21.2,2043.2,0.0,0.0,0.0,0.0,0.0,0.0,0.0,0.0,0.0,0.0,0.0,0.0,0.0,21.2,0.0
2050-04-22 04:00:00,2050-04-22 02:00:00,1329.5,0.0,0.0,0.0,1329.5,1289.5,1311.7,0.0,0.0,0.0301,0.0348,battery,gas-cc,0.0,0.0,0.0,0.0,0.0,0.0,0.0,0.0,0.0,0.0,0.0,0.0,0.0,0.0,0.0,0.0,0.0,0.0,142.2,2.7,0.27,16.8,1072.4,0.06,142.4,48.8,191.2,359.6,6.8,0.68,42.5,2713.4,0.16,360.0,123.4,483.3,31.71,0.0,0.0,31.71,32.85,0.0,0.0,32.85,0.0,0.0,0.0,1329.5,17.8,1311.7,0.0,0.0,0.0,0.0,0.0,0.0,0.0,0.0,0.0,0.0,0.0,0.0,0.0,17.8,0.0
2050-04-22 05:00:00,2050-04-22 03:00:00,1265.3,0.0,0.0,0.0,1265.3,1227.5,1248.9,0.0,0.0,0.0299,0.0331,battery,gas-cc,0.0,0.0,0.0,0.0,0.0,0.0,0.0,0.0,0.0,0.0,0.0,0.0,0.0,0.0,0.0,0.0,0.0,0.0,142.5,2.7,0.27,16.8,1074.6,0.06,142.7,48.9,191.6,358.9,6.8,0.68,42.4,2708.7,0.16,359.3,123.2,482.5,31.71,0.0,0.0,31.71,32.79,0.0,0.0,32.79,0.0,0.0,0.0,1265.3,16.4,1248.9,0.0,0.0,0.0,0.0,0.0,0.0,0.0,0.0,0.0,0.0,0.0,0.0,0.0,16.4,0.0
2050-04-22 06:00:00,2050-04-22 04:00:00,1213.7,0.0,0.0,2.2,1215.9,1177.6,1199.3,140.0,0.0,0.0298,0.0317,battery,gas-cc,0.0,0.0,0.0,0.0,0.0,0.0,0.0,0.0,0.0,0.0,0.0,0.0,0.0,0.0,0.0,0.0,0.0,0.0,142.2,2.7,0.27,16.8,1071.8,0.06,142.3,48.8,191.1,358.4,6.8,0.68,42.3,2704.9,0.16,358.8,123.0,481.8,31.71,0.0,0.0,31.71,32.74,0.0,0.0,32.74,0.0,0.0,0.0,1075.8,16.5,1059.3,0.0,0.0,0.0,0.0,0.0,0.0,0.0,0.0,0.0,0.0,0.0,0.0,0.0,16.5,0.0
2050-04-22 07:00:00,2050-04-22 05:00:00,1203.2,0.0,0.0,11.2,1214.3,1167.4,1104.1,1104.1,0.0,0.0297,0.0315,battery,gas-cc,0.0,0.0,0.0,0.0,0.0,0.0,0.0,0.0,0.0,0.0,0.0,0.0,1.6,3.8,0.04,0.0,1.8,1.8,141.5,2.7,0.27,16.7,1066.6,0.06,141.6,48.5,190.1,395.5,7.5,0.75,46.7,2984.8,0.17,396.0,135.7,531.7,27.78,0.0,0.0,27.78,28.68,0.0,0.0,28.68,0.0,0.0,0.0,110.3,110.3,0.0,0.0,0.0,0.0,0.0,4.0,0.0,0.0,0.0,0.0,0.0,0.0,0.0,90.0,16.3,0.0
2050-04-22 08:00:00,2050-04-22 06:00:00,1208.4,1363.8,0.0,0.0,2572.2,1172.5,-0.0,0.0,0.0,0.0298,0.0316,upv,upv,0.0,0.0,0.0,0.0,0.0,0.0,0.0,0.0,0.0,0.0,0.0,0.0,0.0,0.0,0.0,0.0,0.0,0.0,139.6,2.6,0.26,16.5,1052.7,0.06,139.8,47.9,187.7,0.0,0.0,0.0,0.0,0.0,0.0,0.0,0.0,0.0,0.0,0.0,0.0,0.0,0.0,0.0,0.0,0.0,16.0,2926.6,2942.6,2572.2,2572.2,0.0,0.0,0.0,0.0,0.0,232.1,0.0,0.0,0.0,0.0,0.0,0.0,0.0,2340.1,0.0,0.0
2050-04-22 09:00:00,2050-04-22 07:00:00,1304.2,1641.3,0.0,0.0,2945.5,1265.1,0.0,0.0,0.0,0.03,0.0341,upv,upv,0.0,0.0,0.0,0.0,0.0,0.0,0.0,0.0,0.0,0.0,0.0,0.0,0.0,0.0,0.0,0.0,0.0,0.0,139.7,2.6,0.26,16.5,1053.0,0.06,139.8,47.9,187.7,0.0,0.0,0.0,0.0,0.0,0.0,0.0,0.0,0.0,0.0,0.0,0.0,0.0,0.0,0.0,0.0,0.0,10.7,6932.1,6942.8,2945.5,2945.5,0.0,0.0,0.0,0.0,0.0,416.8,0.0,0.0,0.0,0.0,0.0,0.0,0.0,2528.6,0.0,0.0
2050-04-22 10:00:00,2050-04-22 08:00:00,1458.9,2626.7,0.0,0.0,4085.7,1414.3,0.0,0.0,0.0,0.0306,0.0382,upv,upv,0.0,0.0,0.0,0.0,0.0,0.0,0.0,0.0,0.0,0.0,0.0,0.0,0.0,0.0,0.0,0.0,0.0,0.0,139.8,2.6,0.26,16.5,1053.7,0.06,139.9,47.9,187.8,0.0,0.0,0.0,0.0,0.0,0.0,0.0,0.0,0.0,0.0,0.0,0.0,0.0,0.0,0.0,0.0,0.0,7.1,6223.9,6230.9,4085.7,4085.7,0.0,0.0,0.0,0.0,0.0,0.0,0.0,0.0,0.0,0.0,0.0,0.0,0.0,4085.7,0.0,0.0
2050-04-22 11:00:00,2050-04-22 09:00:00,1603.2,2655.8,0.0,0.0,4259.0,1552.7,0.0,0.0,0.0,0.0315,0.0419,upv,upv,0.0,0.0,0.0,0.0,0.0,0.0,0.0,0.0,0.0,0.0,0.0,0.0,0.0,0.0,0.0,0.0,0.0,0.0,139.9,2.6,0.26,16.5,1054.6,0.06,140.0,48.0,188.0,0.0,0.0,0.0,0.0,0.0,0.0,0.0,0.0,0.0,0.0,0.0,0.0,0.0,0.0,0.0,0.0,0.0,3.9,6043.7,6047.6,4259.0,4259.0,0.0,0.0,0.0,0.0,0.0,0.0,0.0,0.0,0.0,0.0,0.0,0.0,0.0,4259.0,0.0,0.0
2050-04-22 12:00:00,2050-04-22 10:00:00,1796.8,2850.6,0.0,0.0,4647.5,1737.8,-0.0,0.0,0.0,0.0329,0.047,upv,upv,0.0,0.0,0.0,0.0,0.0,0.0,0.0,0.0,0.0,0.0,0.0,0.0,0.0,0.0,0.0,0.0,0.0,0.0,140.1,2.6,0.27,16.6,1056.1,0.06,140.2,48.0,188.3,0.0,0.0,0.0,0.0,0.0,0.0,0.0,0.0,0.0,0.0,0.0,0.0,0.0,0.0,0.0,0.0,0.0,0.1,5580.9,5581.0,4647.5,4647.5,0.0,0.0,0.0,0.0,0.0,431.6,0.0,0.0,0.0,0.0,0.0,0.0,0.0,4215.8,0.0,0.0
2050-04-22 13:00:00,2050-04-22 11:00:00,1958.9,2461.0,0.0,0.0,4419.9,1891.9,0.0,0.0,0.0,0.0342,0.0512,upv,upv,0.0,0.0,0.0,0.0,0.0,0.0,0.0,0.0,0.0,0.0,0.0,0.0,0.0,0.0,0.0,0.0,0.0,0.0,140.3,2.6,0.27,16.6,1057.6,0.06,140.4,48.1,188.5,0.0,0.0,0.0,0.0,0.0,0.0,0.0,0.0,0.0,0.0,0.0,0.0,0.0,0.0,0.0,0.0,0.0,0.0,5882.8,5882.8,4419.9,4419.9,0.0,0.0,0.0,0.0,0.0,0.0,0.0,0.0,0.0,0.0,0.0,0.0,0.0,4419.9,0.0,0.0
2050-04-22 14:00:00,2050-04-22 12:00:00,2160.0,2821.5,0.0,0.0,4981.5,2082.1,-0.0,0.0,0.0,0.036,0.0565,upv,upv,0.0,0.0,0.0,0.0,0.0,0.0,0.0,0.0,0.0,0.0,0.0,0.0,0.0,0.0,0.0,0.0,0.0,0.0,140.5,2.7,0.27,16.6,1059.6,0.06,140.7,48.2,188.9,0.0,0.0,0.0,0.0,0.0,0.0,0.0,0.0,0.0,0.0,0.0,0.0,0.0,0.0,0.0,0.0,0.0,0.0,5328.2,5328.2,4981.5,4981.5,0.0,0.0,0.0,0.0,0.0,435.2,0.0,0.0,0.0,0.0,0.0,0.0,0.0,4546.1,0.2,0.0
2050-04-22 15:00:00,2050-04-22 13:00:00,2332.6,3655.1,0.0,0.0,5987.7,2244.6,0.0,0.0,0.0,0.0377,0.061,upv,upv,0.0,0.0,0.0,0.0,0.0,0.0,0.0,0.0,0.0,0.0,0.0,0.0,0.0,0.0,0.0,0.0,0.0,0.0,140.8,2.7,0.27,16.6,1061.4,0.06,140.9,48.3,189.2,0.0,0.0,0.0,0.0,0.0,0.0,0.0,0.0,0.0,0.0,0.0,0.0,0.0,0.0,0.0,0.0,0.0,2.9,4321.8,4324.7,5987.7,5987.7,0.0,0.0,0.0,0.0,0.0,435.2,0.0,0.0,0.0,0.0,0.0,0.0,0.0,5552.5,0.0,0.0
2050-04-22 16:00:00,2050-04-22 14:00:00,2466.3,3824.8,0.0,0.0,6291.1,2369.9,-0.0,0.0,0.0,0.0391,0.0645,upv,upv,0.0,0.0,0.0,0.0,0.0,0.0,0.0,0.0,0.0,0.0,0.0,0.0,0.0,0.0,0.0,0.0,0.0,0.0,141.0,2.7,0.27,16.7,1062.9,0.06,141.1,48.4,189.5,0.0,0.0,0.0,0.0,0.0,0.0,0.0,0.0,0.0,0.0,0.0,0.0,0.0,0.0,0.0,0.0,0.0,11.8,4018.5,4030.2,6291.1,6291.1,0.0,0.0,0.0,0.0,0.0,435.2,0.0,0.0,0.0,0.0,0.0,0.0,0.0,5855.8,0.0,0.0
2050-04-22 17:00:00,2050-04-22 15:00:00,2590.5,3924.6,0.0,0.0,6515.1,2485.9,0.0,0.0,0.0,0.0404,0.0677,upv,upv,0.0,0.0,0.0,0.0,0.0,0.0,0.0,0.0,0.0,0.0,0.0,0.0,0.0,0.0,0.0,0.0,0.0,0.0,141.2,2.7,0.27,16.7,1064.4,0.06,141.3,48.4,189.8,0.0,0.0,0.0,0.0,0.0,0.0,0.0,0.0,0.0,0.0,0.0,0.0,0.0,0.0,0.0,0.0,0.0,16.8,3794.4,3811.2,6515.1,6515.1,0.0,0.0,0.0,0.0,0.0,435.2,0.0,0.0,0.0,0.0,0.0,0.0,0.0,6079.9,0.0,0.0
2050-04-22 18:00:00,2050-04-22 16:00:00,2722.1,3341.3,0.0,0.0,6063.4,2608.4,0.0,0.0,0.0,0.0418,0.0712,upv,upv,0.0,0.0,0.0,0.0,0.0,0.0,0.0,0.0,0.0,0.0,0.0,0.0,0.0,0.0,0.0,0.0,0.0,0.0,141.4,2.7,0.27,16.7,1065.9,0.06,141.5,48.5,190.0,0.0,0.0,0.0,0.0,0.0,0.0,0.0,0.0,0.0,0.0,0.0,0.0,0.0,0.0,0.0,0.0,0.0,13.5,3368.9,3382.4,6063.4,6063.4,0.0,0.0,0.0,0.0,0.0,0.0,0.0,0.0,0.0,0.0,0.0,0.0,0.0,6063.4,0.0,0.0
2050-04-22 19:00:00,2050-04-22 17:00:00,2783.2,0.0,0.0,14.5,2797.7,2665.0,-1646.2,0.0,1646.2,0.0424,0.0728,hydro,upv,0.0,0.0,0.0,0.0,0.0,0.0,0.0,0.0,0.0,0.0,0.0,0.0,0.0,0.0,0.0,0.0,0.0,0.0,141.6,2.7,0.27,16.7,1067.6,0.06,141.8,48.6,190.3,0.0,0.0,0.0,0.0,0.0,0.0,0.0,0.0,0.0,11.48,0.0,0.0,11.48,12.38,0.0,0.0,12.38,0.0,0.0,0.0,4443.9,4443.9,0.0,0.0,0.0,0.0,0.0,186.6,0.0,0.0,0.0,0.0,0.0,0.0,0.0,4236.0,21.3,0.0
2050-04-22 20:00:00,2050-04-22 18:00:00,2773.7,0.0,0.0,19.2,2792.9,2656.2,2729.9,0.0,2190.9,0.0423,0.0725,battery,gas-cc,78.0,1.5,0.15,9.2,588.6,0.03,78.1,26.8,104.9,81.5,1.5,0.15,9.6,614.7,0.04,81.5,27.9,109.5,144.6,2.7,0.27,17.1,1090.1,0.06,144.7,49.6,194.3,435.2,8.2,0.82,51.4,3284.2,0.19,435.7,149.3,585.0,35.99,0.0,0.0,35.99,38.8,0.0,0.0,38.8,0.0,0.0,0.0,4983.7,63.0,3848.0,0.0,0.0,0.0,0.0,0.0,1072.7,0.0,0.0,0.0,0.0,0.0,0.0,0.0,63.0,0.0
2050-04-22 21:00:00,2050-04-22 19:00:00,2688.4,0.0,0.0,10.7,2699.1,2577.1,2631.1,0.0,1640.0,0.0414,0.0703,battery,gas-cc,89.6,1.7,0.17,10.6,676.1,0.04,89.7,30.7,120.4,93.5,1.8,0.18,11.0,705.3,0.04,93.6,32.1,125.6,144.5,2.7,0.27,17.1,1089.1,0.06,144.6,49.5,194.2,389.8,7.3,0.73,46.0,2941.5,0.17,390.2,133.8,524.0,33.36,0.0,0.0,33.36,35.88,0.0,0.0,35.88,0.0,0.0,0.0,4339.0,67.9,3198.4,0.0,0.0,0.0,0.0,0.0,1072.7,0.0,0.0,0.0,0.0,0.0,0.0,0.0,67.9,0.0
2050-04-22 22:00:00,2050-04-22 20:00:00,2558.9,0.0,0.0,10.7,2569.6,2456.5,2522.6,0.0,1640.0,0.04,0.0669,battery,gas-cc,92.4,1.7,0.17,10.9,696.9,0.04,92.5,31.7,124.1,96.2,1.8,0.18,11.4,726.0,0.04,96.3,33.0,129.3,144.2,2.7,0.27,17.0,1087.4,0.06,144.4,49.5,193.8,388.4,7.3,0.73,45.9,2930.9,0.17,388.8,133.3,522.1,33.36,0.0,0.0,33.36,35.75,0.0,0.0,35.75,0.0,0.0,0.0,4209.6,47.0,3089.8,0.0,0.0,0.0,0.0,0.0,1072.7,0.0,0.0,0.0,0.0,0.0,0.0,0.0,47.0,0.0
2050-04-22 23:00:00,2050-04-22 21:00:00,2306.3,0.0,0.0,9.5,2315.8,2219.9,2286.4,0.0,1456.7,0.0375,0.0603,battery,gas-cc,78.8,1.5,0.15,9.3,595.0,0.03,78.9,27.1,106.0,81.9,1.5,0.15,9.7,618.2,0.04,82.0,28.1,110.1,143.7,2.7,0.27,17.0,1083.3,0.06,143.8,49.3,193.1,385.7,7.3,0.73,45.6,2910.3,0.17,386.1,132.3,518.4,33.36,0.0,0.0,33.36,35.5,0.0,0.0,35.5,0.0,0.0,0.0,3772.5,29.4,2922.4,0.0,0.0,0.0,0.0,0.0,820.8,0.0,0.0,0.0,0.0,0.0,0.0,0.0,29.4,0.0
2050-04-23 00:00:00,2050-04-22 22:00:00,2087.4,0.0,0.0,9.6,2097.0,2013.5,2070.8,0.0,1483.5,0.0354,0.0546,gas-cc,gas-cc,83.1,1.6,0.16,9.8,626.9,0.04,83.2,28.5,111.7,86.1,1.6,0.16,10.2,649.9,0.04,86.2,29.6,115.8,164.9,3.1,0.31,19.5,1243.8,0.07,165.1,56.6,221.7,372.1,7.0,0.7,44.0,2807.9,0.16,372.5,127.7,500.2,38.03,0.0,0.0,38.03,40.22,0.0,0.0,40.22,0.0,0.0,0.0,3580.5,26.2,2733.5,0.0,0.0,0.0,0.0,0.0,820.8,0.0,0.0,0.0,0.0,0.0,0.0,0.0,26.2,0.0
2050-04-23 01:00:00,2050-04-22 23:00:00,1857.9,0.0,0.0,10.7,1868.6,1795.9,1842.6,0.0,1640.0,0.0334,0.0486,battery,gas-cc,84.8,1.6,0.16,10.0,639.8,0.04,84.9,29.1,114.0,87.7,1.7,0.17,10.4,661.9,0.04,87.8,30.1,117.9,157.9,3.0,0.3,18.7,1190.3,0.07,158.0,54.1,212.2,428.9,8.1,0.81,50.7,3236.9,0.19,429.4,147.2,576.6,38.03,0.0,0.0,38.03,39.97,0.0,0.0,39.97,0.0,0.0,0.0,3508.5,26.0,2661.8,0.0,0.0,0.0,0.0,0.0,820.8,0.0,0.0,0.0,0.0,0.0,0.0,0.0,26.0,0.0
2050-04-23 02:00:00,2050-04-23 00:00:00,1638.9,0.0,0.0,10.7,1649.6,1587.0,1625.3,0.0,1640.0,0.0317,0.0429,battery,gas-cc,90.4,1.7,0.17,10.7,682.4,0.04,90.5,31.0,121.5,93.4,1.8,0.18,11.0,704.7,0.04,93.5,32.0,125.5,176.3,3.3,0.33,20.8,1329.5,0.08,176.5,60.5,236.9,426.4,8.0,0.8,50.4,3217.6,0.18,426.8,146.3,573.1,38.03,0.0,0.0,38.03,39.73,0.0,0.0,39.73,0.0,0.0,0.0,3289.6,24.3,2444.5,0.0,0.0,0.0,0.0,0.0,820.8,0.0,0.0,0.0,0.0,0.0,0.0,0.0,24.3,0.0
2050-04-23 03:00:00,2050-04-23 01:00:00,1487.4,0.0,0.0,10.7,1498.0,1441.6,1482.0,0.0,1640.0,0.0308,0.0389,battery,gas-cc,94.8,1.8,0.18,11.2,715.3,0.04,94.9,32.5,127.4,97.8,1.8,0.18,11.6,738.0,0.04,97.9,33.6,131.5,239.4,4.5,0.45,28.3,1806.2,0.1,239.7,82.1,321.8,424.6,8.0,0.8,50.2,3204.3,0.18,425.1,145.7,570.8,38.03,0.0,0.0,38.03,39.57,0.0,0.0,39.57,0.0,0.0,0.0,3138.0,16.0,2301.2,0.0,0.0,0.0,0.0,0.0,820.8,0.0,0.0,0.0,0.0,0.0,0.0,0.0,16.0,0.0
2050-04-23 04:00:00,2050-04-23 02:00:00,1389.5,0.0,0.0,4.7,1394.2,1347.4,1384.0,0.0,723.6,0.0303,0.0363,battery,gas-cc,140.5,2.6,0.26,16.6,1059.9,0.06,140.6,48.2,188.8,144.8,2.7,0.27,17.1,1093.1,0.06,145.0,49.7,194.7,224.2,4.2,0.42,26.5,1691.5,0.1,224.5,76.9,301.4,370.0,7.0,0.7,43.7,2792.0,0.16,370.4,127.0,497.3,38.03,0.0,0.0,38.03,39.46,0.0,0.0,39.46,0.0,0.0,0.0,2117.7,10.2,1286.7,0.0,0.0,0.0,0.0,0.0,820.8,0.0,0.0,0.0,0.0,0.0,0.0,0.0,10.2,0.0
2050-04-23 05:00:00,2050-04-23 03:00:00,1311.6,0.0,0.0,7.1,1318.7,1272.2,1311.4,0.0,1096.4,0.03,0.0343,battery,gas-cc,123.2,2.3,0.23,14.5,929.4,0.05,123.3,42.3,165.6,127.0,2.4,0.24,15.0,958.2,0.06,127.1,43.6,170.7,209.3,3.9,0.4,24.7,1579.2,0.09,209.6,71.8,281.4,418.0,7.9,0.79,49.4,3154.1,0.18,418.4,143.4,561.8,38.03,0.0,0.0,38.03,39.38,0.0,0.0,39.38,0.0,0.0,0.0,2415.1,7.3,1587.0,0.0,0.0,0.0,0.0,0.0,820.8,0.0,0.0,0.0,0.0,0.0,0.0,0.0,7.3,0.0
2050-04-23 06:00:00,2050-04-23 04:00:00,1247.4,0.0,0.0,0.0,1247.4,1210.2,1239.1,0.0,0.0,0.0298,0.0326,battery,gas-cc,238.5,4.5,0.45,28.2,1799.5,0.1,238.7,81.8,320.5,245.8,4.6,0.46,29.0,1854.8,0.11,246.1,84.3,330.4,141.9,2.7,0.27,16.8,1069.9,0.06,142.1,48.7,190.7,421.9,8.0,0.8,49.8,3183.5,0.18,422.3,144.8,567.1,38.03,0.0,0.0,38.03,39.31,0.0,0.0,39.31,0.0,0.0,0.0,1247.4,8.3,418.3,0.0,0.0,0.0,0.0,0.0,820.8,0.0,0.0,0.0,0.0,0.0,0.0,0.0,8.3,0.0
2050-04-23 07:00:00,2050-04-23 05:00:00,1195.8,0.0,0.0,11.2,1207.0,1160.2,1106.0,1106.0,0.0,0.0297,0.0313,gas-cc,gas-cc,0.0,0.0,0.0,0.0,0.0,0.0,0.0,0.0,0.0,0.0,0.0,0.0,1.7,4.1,0.04,0.0,1.9,1.9,140.9,2.7,0.27,16.7,1062.5,0.06,141.1,48.3,189.4,389.4,7.3,0.73,46.0,2938.7,0.17,389.9,133.6,523.5,28.73,0.0,0.0,28.73,29.66,0.0,0.0,29.66,0.0,0.0,0.0,101.0,101.0,0.0,0.0,0.0,0.0,0.0,3.9,0.0,0.0,0.0,0.0,0.0,0.0,0.0,88.7,8.4,0.0
2050-04-23 08:00:00,2050-04-23 06:00:00,1193.7,323.8,0.0,0.0,1517.4,1158.2,0.0,0.0,0.0,0.0297,0.0312,upv,upv,0.0,0.0,0.0,0.0,0.0,0.0,0.0,0.0,0.0,0.0,0.0,0.0,0.0,0.0,0.0,0.0,0.0,0.0,139.6,2.6,0.26,16.5,1052.7,0.06,139.8,47.9,187.7,0.0,0.0,0.0,0.0,0.0,0.0,0.0,0.0,0.0,0.0,0.0,0.0,0.0,0.0,0.0,0.0,0.0,8.0,3552.9,3560.9,1517.4,1517.4,0.0,0.0,0.0,0.0,0.0,214.0,0.0,0.0,0.0,0.0,0.0,0.0,0.0,1303.4,0.0,0.0
2050-04-23 09:00:00,2050-04-23 07:00:00,1283.2,1741.2,0.0,0.0,3024.4,1244.8,0.0,0.0,0.0,0.0299,0.0336,upv,upv,0.0,0.0,0.0,0.0,0.0,0.0,0.0,0.0,0.0,0.0,0.0,0.0,0.0,0.0,0.0,0.0,0.0,0.0,139.7,2.6,0.26,16.5,1052.9,0.06,139.8,47.9,187.7,0.0,0.0,0.0,0.0,0.0,0.0,0.0,0.0,0.0,0.0,0.0,0.0,0.0,0.0,0.0,0.0,0.0,6.3,6387.8,6394.1,3024.4,3024.4,0.0,0.0,0.0,0.0,0.0,397.3,0.0,0.0,0.0,0.0,0.0,0.0,0.0,2627.1,0.0,0.0
2050-04-23 10:00:00,2050-04-23 08:00:00,1451.6,3145.3,0.0,0.0,4596.9,1407.2,0.0,0.0,0.0,0.0306,0.038,upv,upv,0.0,0.0,0.0,0.0,0.0,0.0,0.0,0.0,0.0,0.0,0.0,0.0,0.0,0.0,0.0,0.0,0.0,0.0,139.8,2.6,0.26,16.5,1053.6,0.06,139.9,47.9,187.8,0.0,0.0,0.0,0.0,0.0,0.0,0.0,0.0,0.0,0.0,0.0,0.0,0.0,0.0,0.0,0.0,0.0,3.3,5665.2,5668.6,4596.9,4596.9,0.0,0.0,0.0,0.0,0.0,0.0,0.0,0.0,0.0,0.0,0.0,0.0,0.0,4596.9,0.0,0.0
2050-04-23 11:00:00,2050-04-23 09:00:00,1621.1,3824.8,0.0,0.0,5445.8,1569.8,0.0,0.0,0.0,0.0316,0.0424,upv,upv,0.0,0.0,0.0,0.0,0.0,0.0,0.0,0.0,0.0,0.0,0.0,0.0,0.0,0.0,0.0,0.0,0.0,0.0,139.9,2.6,0.26,16.5,1054.7,0.06,140.1,48.0,188.0,0.0,0.0,0.0,0.0,0.0,0.0,0.0,0.0,0.0,0.0,0.0,0.0,0.0,0.0,0.0,0.0,0.0,1.5,4856.9,4858.4,5445.8,5445.8,0.0,0.0,0.0,0.0,0.0,434.9,0.0,0.0,0.0,0.0,0.0,0.0,0.0,5010.9,0.0,0.0
2050-04-23 12:00:00,2050-04-23 10:00:00,1837.9,4019.6,0.0,0.0,5857.5,1776.9,0.0,0.0,0.0,0.0332,0.0481,upv,upv,0.0,0.0,0.0,0.0,0.0,0.0,0.0,0.0,0.0,0.0,0.0,0.0,0.0,0.0,0.0,0.0,0.0,0.0,140.1,2.6,0.27,16.6,1056.5,0.06,140.3,48.1,188.3,0.0,0.0,0.0,0.0,0.0,0.0,0.0,0.0,0.0,0.0,0.0,0.0,0.0,0.0,0.0,0.0,0.0,0.0,4431.6,4431.6,5857.5,5857.5,0.0,0.0,0.0,0.0,0.0,434.1,0.0,0.0,0.0,0.0,0.0,0.0,0.0,5423.3,0.0,0.0
2050-04-23 13:00:00,2050-04-23 11:00:00,2056.8,3211.2,0.0,0.0,5268.0,1984.7,0.0,0.0,0.0,0.0351,0.0538,upv,upv,0.0,0.0,0.0,0.0,0.0,0.0,0.0,0.0,0.0,0.0,0.0,0.0,0.0,0.0,0.0,0.0,0.0,0.0,140.4,2.7,0.27,16.6,1058.5,0.06,140.6,48.1,188.7,0.0,0.0,0.0,0.0,0.0,0.0,0.0,0.0,0.0,0.0,0.0,0.0,0.0,0.0,0.0,0.0,0.0,0.6,5007.7,5008.3,5268.0,5268.0,0.0,0.0,0.0,0.0,0.0,433.8,0.0,0.0,0.0,0.0,0.0,0.0,0.0,4834.2,0.0,0.0
2050-04-23 14:00:00,2050-04-23 12:00:00,2270.5,3920.7,0.0,0.0,6191.3,2186.3,0.0,0.0,0.0,0.0371,0.0594,upv,upv,0.0,0.0,0.0,0.0,0.0,0.0,0.0,0.0,0.0,0.0,0.0,0.0,0.0,0.0,0.0,0.0,0.0,0.0,140.7,2.7,0.27,16.6,1060.8,0.06,140.9,48.3,189.1,0.0,0.0,0.0,0.0,0.0,0.0,0.0,0.0,0.0,0.0,0.0,0.0,0.0,0.0,0.0,0.0,0.0,3.6,4104.6,4108.3,6191.3,6191.3,0.0,0.0,0.0,0.0,0.0,434.5,0.0,0.0,0.0,0.0,0.0,0.0,0.0,5756.8,0.0,0.0
2050-04-23 15:00:00,2050-04-23 13:00:00,2448.4,3854.9,0.0,0.0,6303.3,2353.2,0.0,0.0,0.0,0.0389,0.064,upv,upv,0.0,0.0,0.0,0.0,0.0,0.0,0.0,0.0,0.0,0.0,0.0,0.0,0.0,0.0,0.0,0.0,0.0,0.0,141.0,2.7,0.27,16.7,1062.7,0.06,141.1,48.3,189.5,0.0,0.0,0.0,0.0,0.0,0.0,0.0,0.0,0.0,0.0,0.0,0.0,0.0,0.0,0.0,0.0,0.0,7.3,3992.6,3999.9,6303.3,6303.3,0.0,0.0,0.0,0.0,0.0,434.5,0.0,0.0,0.0,0.0,0.0,0.0,0.0,5868.8,0.0,0.0
2050-04-23 16:00:00,2050-04-23 14:00:00,2592.6,2456.1,0.0,0.0,5048.7,2487.9,0.0,0.0,0.0,0.0404,0.0678,upv,upv,0.0,0.0,0.0,0.0,0.0,0.0,0.0,0.0,0.0,0.0,0.0,0.0,0.0,0.0,0.0,0.0,0.0,0.0,141.2,2.7,0.27,16.7,1064.4,0.06,141.3,48.4,189.8,0.0,0.0,0.0,0.0,0.0,0.0,0.0,0.0,0.0,0.0,0.0,0.0,0.0,0.0,0.0,0.0,0.0,10.6,5166.4,5176.9,5048.7,5048.7,0.0,0.0,0.0,0.0,0.0,431.3,0.0,0.0,0.0,0.0,0.0,0.0,0.0,4617.4,0.0,0.0
2050-04-23 17:00:00,2050-04-23 15:00:00,2742.1,2431.9,0.0,0.0,5174.0,2626.9,0.0,0.0,0.0,0.042,0.0717,upv,upv,0.0,0.0,0.0,0.0,0.0,0.0,0.0,0.0,0.0,0.0,0.0,0.0,0.0,0.0,0.0,0.0,0.0,0.0,141.4,2.7,0.27,16.7,1066.2,0.06,141.6,48.5,190.1,0.0,0.0,0.0,0.0,0.0,0.0,0.0,0.0,0.0,0.0,0.0,0.0,0.0,0.0,0.0,0.0,0.0,10.0,4831.7,4841.7,5174.0,5174.0,0.0,0.0,0.0,0.0,0.0,422.2,0.0,0.0,0.0,0.0,0.0,0.0,0.0,4751.8,0.0,0.0
2050-04-23 18:00:00,2050-04-23 16:00:00,2907.4,2237.1,0.0,0.0,5144.4,2780.0,0.0,0.0,0.0,0.0438,0.076,upv,upv,0.0,0.0,0.0,0.0,0.0,0.0,0.0,0.0,0.0,0.0,0.0,0.0,0.0,0.0,0.0,0.0,0.0,0.0,141.7,2.7,0.27,16.7,1068.2,0.06,141.8,48.6,190.4,0.0,0.0,0.0,0.0,0.0,0.0,0.0,0.0,0.0,0.0,0.0,0.0,0.0,0.0,0.0,0.0,0.0,9.1,3174.6,3183.8,5144.4,5144.4,0.0,0.0,0.0,0.0,0.0,351.1,0.0,0.0,0.0,0.0,0.0,0.0,0.0,4793.3,0.0,0.0
2050-04-23 19:00:00,2050-04-23 17:00:00,2961.1,0.0,0.0,3.1,2964.2,2829.5,-482.4,0.0,482.4,0.0444,0.0774,hydro,upv,0.0,0.0,0.0,0.0,0.0,0.0,0.0,0.0,0.0,0.0,0.0,0.0,0.0,0.0,0.0,0.0,0.0,0.0,142.3,2.7,0.27,16.8,1072.6,0.06,142.4,48.8,191.2,0.0,0.0,0.0,0.0,0.0,0.0,0.0,0.0,0.0,11.87,0.0,0.0,11.87,12.87,0.0,0.0,12.87,0.0,0.0,0.0,3446.6,3446.6,0.0,0.0,0.0,0.0,0.0,144.1,0.0,0.0,0.0,0.0,0.0,0.0,0.0,3269.9,32.6,0.0
2050-04-23 20:00:00,2050-04-23 18:00:00,2935.8,0.0,0.0,7.7,2943.5,2806.2,2837.5,0.0,1182.0,0.0441,0.0768,battery,gas-cc,0.0,0.0,0.0,0.0,0.0,0.0,0.0,0.0,0.0,0.0,0.0,0.0,0.0,0.0,0.0,0.0,0.0,0.0,144.7,2.7,0.27,17.1,1090.7,0.06,144.8,49.6,194.4,381.0,7.2,0.72,45.0,2875.4,0.17,381.5,130.7,512.2,31.71,0.0,0.0,31.71,34.34,0.0,0.0,34.34,0.0,0.0,0.0,4125.5,105.9,4019.6,0.0,0.0,0.0,0.0,0.0,0.0,0.0,0.0,0.0,0.0,0.0,0.0,0.0,105.9,0.0
2050-04-23 21:00:00,2050-04-23 19:00:00,2866.3,0.0,0.0,4.2,2870.6,2742.0,2781.8,0.0,653.3,0.0434,0.075,battery,gas-cc,0.0,0.0,0.0,0.0,0.0,0.0,0.0,0.0,0.0,0.0,0.0,0.0,0.0,0.0,0.0,0.0,0.0,0.0,144.1,2.7,0.27,17.0,1086.4,0.06,144.3,49.4,193.7,380.3,7.2,0.72,44.9,2869.8,0.16,380.7,130.5,511.2,31.71,0.0,0.0,31.71,34.27,0.0,0.0,34.27,0.0,0.0,0.0,3523.8,88.7,3435.1,0.0,0.0,0.0,0.0,0.0,0.0,0.0,0.0,0.0,0.0,0.0,0.0,0.0,88.7,0.0
2050-04-23 22:00:00,2050-04-23 20:00:00,2665.3,0.0,0.0,4.1,2669.3,2555.5,2612.7,0.0,627.6,0.0412,0.0697,battery,gas-cc,0.0,0.0,0.0,0.0,0.0,0.0,0.0,0.0,0.0,0.0,0.0,0.0,0.0,0.0,0.0,0.0,0.0,0.0,147.3,2.8,0.28,17.4,1110.8,0.06,147.5,50.5,198.0,378.1,7.1,0.71,44.7,2853.5,0.16,378.6,129.8,508.3,31.71,0.0,0.0,31.71,34.08,0.0,0.0,34.08,0.0,0.0,0.0,3296.9,56.6,3240.3,0.0,0.0,0.0,0.0,0.0,0.0,0.0,0.0,0.0,0.0,0.0,0.0,0.0,56.6,0.0
2050-04-23 23:00:00,2050-04-23 21:00:00,2396.8,0.0,0.0,3.1,2399.9,2304.9,2379.9,0.0,470.7,0.0384,0.0627,battery,gas-cc,0.0,0.0,0.0,0.0,0.0,0.0,0.0,0.0,0.0,0.0,0.0,0.0,0.0,0.0,0.0,0.0,0.0,0.0,143.2,2.7,0.27,16.9,1079.5,0.06,143.3,49.1,192.4,375.3,7.1,0.71,44.3,2832.2,0.16,375.7,128.8,504.5,31.71,0.0,0.0,31.71,33.83,0.0,0.0,33.83,0.0,0.0,0.0,2870.6,20.0,2850.6,0.0,0.0,0.0,0.0,0.0,0.0,0.0,0.0,0.0,0.0,0.0,0.0,0.0,20.0,0.0
2050-04-24 00:00:00,2050-04-23 22:00:00,2121.1,0.0,0.0,9.6,2130.6,2045.4,2128.5,0.0,1476.1,0.0357,0.0555,battery,gas-cc,0.0,0.0,0.0,0.0,0.0,0.0,0.0,0.0,0.0,0.0,0.0,0.0,0.0,0.0,0.0,0.0,0.0,0.0,143.4,2.7,0.27,16.9,1081.5,0.06,143.6,49.2,192.8,383.7,7.2,0.72,45.3,2895.3,0.17,384.1,131.7,515.7,33.36,0.0,0.0,33.36,35.31,0.0,0.0,35.31,0.0,0.0,0.0,3606.7,2.1,3604.6,0.0,0.0,0.0,0.0,0.0,0.0,0.0,0.0,0.0,0.0,0.0,0.0,0.0,2.1,0.0
2050-04-24 01:00:00,2050-04-23 23:00:00,1866.3,0.0,0.0,8.1,1874.4,1803.9,1869.2,0.0,1247.9,0.0334,0.0488,battery,gas-cc,0.0,0.0,0.0,0.0,0.0,0.0,0.0,0.0,0.0,0.0,0.0,0.0,0.0,0.0,0.0,0.0,0.0,0.0,143.0,2.7,0.27,16.9,1078.4,0.06,143.2,49.1,192.2,381.0,7.2,0.72,45.0,2875.1,0.17,381.4,130.7,512.1,33.36,0.0,0.0,33.36,35.07,0.0,0.0,35.07,0.0,0.0,0.0,3122.4,5.2,3117.2,0.0,0.0,0.0,0.0,0.0,0.0,0.0,0.0,0.0,0.0,0.0,0.0,0.0,5.2,0.0
2050-04-24 02:00:00,2050-04-24 00:00:00,1631.6,0.0,0.0,0.0,1631.6,1579.9,1612.7,0.0,0.0,0.0317,0.0427,gas-cc,gas-cc,19.4,0.4,0.04,2.3,146.4,0.01,19.4,6.7,26.1,20.0,0.4,0.04,2.4,151.2,0.01,20.1,6.9,26.9,142.4,2.7,0.27,16.8,1073.7,0.06,142.6,48.8,191.4,378.6,7.1,0.71,44.7,2856.6,0.16,379.0,129.9,508.8,33.36,0.0,0.0,33.36,34.84,0.0,0.0,34.84,0.0,0.0,0.0,1631.6,18.9,1525.4,0.0,0.0,0.0,0.0,0.0,87.3,0.0,0.0,0.0,0.0,0.0,0.0,0.0,18.9,0.0
2050-04-24 03:00:00,2050-04-24 01:00:00,1512.6,0.0,0.0,2.8,1515.5,1465.9,1496.1,0.0,437.8,0.0309,0.0396,battery,gas-cc,0.0,0.0,0.0,0.0,0.0,0.0,0.0,0.0,0.0,0.0,0.0,0.0,0.0,0.0,0.0,0.0,0.0,0.0,142.5,2.7,0.27,16.8,1074.7,0.06,142.7,48.9,191.6,377.3,7.1,0.71,44.6,2847.4,0.16,377.7,129.5,507.2,33.36,0.0,0.0,33.36,34.73,0.0,0.0,34.73,0.0,0.0,0.0,1953.2,19.3,1933.9,0.0,0.0,0.0,0.0,0.0,0.0,0.0,0.0,0.0,0.0,0.0,0.0,0.0,19.3,0.0
2050-04-24 04:00:00,2050-04-24 02:00:00,1404.2,0.0,0.0,6.9,1411.1,1361.6,1373.1,445.3,0.0,0.0304,0.0367,battery,gas-cc,0.0,0.0,0.0,0.0,0.0,0.0,0.0,0.0,0.0,0.0,0.0,0.0,0.0,0.0,0.0,0.0,0.0,0.0,142.7,2.7,0.27,16.9,1075.7,0.06,142.8,48.9,191.8,376.2,7.1,0.71,44.4,2839.0,0.16,376.6,129.1,505.7,33.36,0.0,0.0,33.36,34.63,0.0,0.0,34.63,0.0,0.0,0.0,965.8,38.0,927.8,0.0,0.0,0.0,0.0,0.0,0.0,0.0,0.0,0.0,0.0,0.0,0.0,0.0,38.0,0.0
2050-04-24 05:00:00,2050-04-24 03:00:00,1340.0,0.0,0.0,6.9,1346.9,1299.7,1342.8,445.3,0.0,0.0301,0.035,battery,gas-cc,0.0,0.0,0.0,0.0,0.0,0.0,0.0,0.0,0.0,0.0,0.0,0.0,0.0,0.0,0.0,0.0,0.0,0.0,142.7,2.7,0.27,16.9,1076.2,0.06,142.9,49.0,191.9,375.6,7.1,0.71,44.4,2834.0,0.16,376.0,128.9,504.8,33.36,0.0,0.0,33.36,34.57,0.0,0.0,34.57,0.0,0.0,0.0,901.6,4.1,897.5,0.0,0.0,0.0,0.0,0.0,0.0,0.0,0.0,0.0,0.0,0.0,0.0,0.0,4.1,0.0
2050-04-24 06:00:00,2050-04-24 04:00:00,1306.3,0.0,0.0,5.6,1311.9,1267.1,1298.1,358.5,0.0,0.03,0.0342,battery,gas-cc,0.0,0.0,0.0,0.0,0.0,0.0,0.0,0.0,0.0,0.0,0.0,0.0,0.0,0.0,0.0,0.0,0.0,0.0,142.5,2.7,0.27,16.8,1074.5,0.06,142.7,48.9,191.6,375.2,7.1,0.71,44.3,2831.5,0.16,375.6,128.7,504.4,33.36,0.0,0.0,33.36,34.54,0.0,0.0,34.54,0.0,0.0,0.0,953.4,13.8,939.6,0.0,0.0,0.0,0.0,0.0,0.0,0.0,0.0,0.0,0.0,0.0,0.0,0.0,13.8,0.0
2050-04-24 07:00:00,2050-04-24 05:00:00,1327.4,0.0,0.0,11.5,1338.9,1287.5,1159.5,1159.5,0.0,0.0301,0.0347,gas-cc,gas-cc,0.0,0.0,0.0,0.0,0.0,0.0,0.0,0.0,0.0,0.0,0.0,0.0,1.5,3.6,0.03,0.0,1.6,1.6,201.3,3.8,0.38,23.8,1518.8,0.09,201.6,69.1,270.6,382.0,7.2,0.72,45.1,2882.8,0.17,382.4,131.1,513.5,27.52,0.0,0.0,27.52,28.51,0.0,0.0,28.51,0.0,0.0,0.0,179.5,179.5,0.0,0.0,0.0,0.0,0.0,6.9,0.0,0.0,0.0,0.0,0.0,0.0,0.0,157.5,15.0,0.0
2050-04-24 08:00:00,2050-04-24 06:00:00,1428.4,2362.1,0.0,0.0,3790.5,1384.9,0.0,0.0,0.0,0.0305,0.0374,upv,upv,0.0,0.0,0.0,0.0,0.0,0.0,0.0,0.0,0.0,0.0,0.0,0.0,0.0,0.0,0.0,0.0,0.0,0.0,139.7,2.6,0.26,16.5,1053.5,0.06,139.9,47.9,187.8,0.0,0.0,0.0,0.0,0.0,0.0,0.0,0.0,0.0,0.0,0.0,0.0,0.0,0.0,0.0,0.0,0.0,13.5,1853.4,1866.9,3790.5,3790.5,0.0,0.0,0.0,0.0,0.0,238.2,0.0,0.0,0.0,0.0,0.0,0.0,0.0,3552.3,0.0,0.0
2050-04-24 09:00:00,2050-04-24 07:00:00,1605.3,1638.5,0.0,0.0,3243.8,1554.7,0.0,0.0,0.0,0.0315,0.042,upv,upv,0.0,0.0,0.0,0.0,0.0,0.0,0.0,0.0,0.0,0.0,0.0,0.0,0.0,0.0,0.0,0.0,0.0,0.0,139.9,2.6,0.26,16.5,1054.6,0.06,140.0,48.0,188.0,0.0,0.0,0.0,0.0,0.0,0.0,0.0,0.0,0.0,0.0,0.0,0.0,0.0,0.0,0.0,0.0,0.0,4.3,6856.4,6860.7,3243.8,3243.8,0.0,0.0,0.0,0.0,0.0,426.2,0.0,0.0,0.0,0.0,0.0,0.0,0.0,2817.6,0.0,0.0
2050-04-24 10:00:00,2050-04-24 08:00:00,1840.0,2431.9,0.0,0.0,4271.9,1778.9,0.0,0.0,0.0,0.0332,0.0481,upv,upv,0.0,0.0,0.0,0.0,0.0,0.0,0.0,0.0,0.0,0.0,0.0,0.0,0.0,0.0,0.0,0.0,0.0,0.0,140.1,2.6,0.27,16.6,1056.5,0.06,140.3,48.1,188.3,0.0,0.0,0.0,0.0,0.0,0.0,0.0,0.0,0.0,0.0,0.0,0.0,0.0,0.0,0.0,0.0,0.0,5.4,6003.9,6009.3,4271.9,4271.9,0.0,0.0,0.0,0.0,0.0,433.8,0.0,0.0,0.0,0.0,0.0,0.0,0.0,3838.1,0.0,0.0
2050-04-24 11:00:00,2050-04-24 09:00:00,1982.1,2431.9,0.0,0.0,4414.0,1913.9,0.0,0.0,0.0,0.0344,0.0518,upv,upv,0.0,0.0,0.0,0.0,0.0,0.0,0.0,0.0,0.0,0.0,0.0,0.0,0.0,0.0,0.0,0.0,0.0,0.0,140.3,2.6,0.27,16.6,1057.8,0.06,140.5,48.1,188.6,0.0,0.0,0.0,0.0,0.0,0.0,0.0,0.0,0.0,0.0,0.0,0.0,0.0,0.0,0.0,0.0,0.0,6.9,5794.3,5801.1,4414.0,4414.0,0.0,0.0,0.0,0.0,0.0,430.9,0.0,0.0,0.0,0.0,0.0,0.0,0.0,3983.1,0.0,0.0
2050-04-24 12:00:00,2050-04-24 10:00:00,2074.7,2431.9,0.0,0.0,4506.6,2001.6,0.0,0.0,0.0,0.0353,0.0543,upv,upv,0.0,0.0,0.0,0.0,0.0,0.0,0.0,0.0,0.0,0.0,0.0,0.0,0.0,0.0,0.0,0.0,0.0,0.0,140.4,2.7,0.27,16.6,1058.7,0.06,140.6,48.2,188.7,0.0,0.0,0.0,0.0,0.0,0.0,0.0,0.0,0.0,0.0,0.0,0.0,0.0,0.0,0.0,0.0,0.0,9.3,5499.1,5508.4,4506.6,4506.6,0.0,0.0,0.0,0.0,0.0,422.2,0.0,0.0,0.0,0.0,0.0,0.0,0.0,4084.4,0.0,0.0
2050-04-24 13:00:00,2050-04-24 11:00:00,2177.9,3824.8,0.0,0.0,6002.6,2099.0,0.0,0.0,0.0,0.0362,0.057,upv,upv,0.0,0.0,0.0,0.0,0.0,0.0,0.0,0.0,0.0,0.0,0.0,0.0,0.0,0.0,0.0,0.0,0.0,0.0,140.6,2.7,0.27,16.6,1059.8,0.06,140.7,48.2,188.9,0.0,0.0,0.0,0.0,0.0,0.0,0.0,0.0,0.0,0.0,0.0,0.0,0.0,0.0,0.0,0.0,0.0,13.3,3611.7,3625.0,6002.6,6002.6,0.0,0.0,0.0,0.0,0.0,405.6,0.0,0.0,0.0,0.0,0.0,0.0,0.0,5597.0,0.0,0.0
2050-04-24 14:00:00,2050-04-24 12:00:00,2275.8,3211.2,0.0,0.0,5487.0,2191.2,0.0,0.0,0.0,0.0372,0.0595,upv,upv,0.0,0.0,0.0,0.0,0.0,0.0,0.0,0.0,0.0,0.0,0.0,0.0,0.0,0.0,0.0,0.0,0.0,0.0,140.7,2.7,0.27,16.6,1060.8,0.06,140.9,48.3,189.1,0.0,0.0,0.0,0.0,0.0,0.0,0.0,0.0,0.0,0.0,0.0,0.0,0.0,0.0,0.0,0.0,0.0,0.0,3796.9,3796.9,5487.0,5487.0,0.0,0.0,0.0,0.0,0.0,390.8,0.0,0.0,0.0,0.0,0.0,0.0,0.0,5069.3,26.9,0.0
2050-04-24 15:00:00,2050-04-24 13:00:00,2402.1,3629.9,0.0,0.0,6032.0,2309.8,0.0,0.0,0.0,0.0384,0.0628,upv,upv,0.0,0.0,0.0,0.0,0.0,0.0,0.0,0.0,0.0,0.0,0.0,0.0,0.0,0.0,0.0,0.0,0.0,0.0,140.9,2.7,0.27,16.6,1062.2,0.06,141.0,48.3,189.4,0.0,0.0,0.0,0.0,0.0,0.0,0.0,0.0,0.0,0.0,0.0,0.0,0.0,0.0,0.0,0.0,0.0,0.0,3088.0,3088.0,6032.0,6032.0,0.0,0.0,0.0,0.0,0.0,383.3,0.0,0.0,0.0,0.0,0.0,0.0,0.0,5610.2,38.6,0.0
2050-04-24 16:00:00,2050-04-24 14:00:00,2484.2,4019.6,0.0,0.0,6503.8,2386.7,0.0,0.0,0.0,0.0393,0.065,upv,upv,0.0,0.0,0.0,0.0,0.0,0.0,0.0,0.0,0.0,0.0,0.0,0.0,0.0,0.0,0.0,0.0,0.0,0.0,141.0,2.7,0.27,16.7,1063.1,0.06,141.2,48.4,189.5,0.0,0.0,0.0,0.0,0.0,0.0,0.0,0.0,0.0,0.0,0.0,0.0,0.0,0.0,0.0,0.0,0.0,0.0,2491.7,2491.7,6503.8,6503.8,0.0,0.0,0.0,0.0,0.0,377.1,0.0,0.0,0.0,0.0,0.0,0.0,0.0,6064.3,62.3,0.0
2050-04-24 17:00:00,2050-04-24 15:00:00,2626.3,3663.9,0.0,0.0,6290.2,2519.3,0.0,0.0,0.0,0.0408,0.0687,upv,upv,0.0,0.0,0.0,0.0,0.0,0.0,0.0,0.0,0.0,0.0,0.0,0.0,0.0,0.0,0.0,0.0,0.0,0.0,141.2,2.7,0.27,16.7,1064.8,0.06,141.4,48.4,189.8,0.0,0.0,0.0,0.0,0.0,0.0,0.0,0.0,0.0,0.0,0.0,0.0,0.0,0.0,0.0,0.0,0.0,0.0,2388.6,2388.6,6290.2,6290.2,0.0,0.0,0.0,0.0,0.0,362.7,0.0,0.0,0.0,0.0,0.0,0.0,0.0,5844.3,83.3,0.0
2050-04-24 18:00:00,2050-04-24 16:00:00,2740.0,1520.8,0.0,0.0,4260.8,2625.0,0.0,0.0,0.0,0.042,0.0717,upv,upv,0.0,0.0,0.0,0.0,0.0,0.0,0.0,0.0,0.0,0.0,0.0,0.0,0.0,0.0,0.0,0.0,0.0,0.0,141.4,2.7,0.27,16.7,1066.1,0.06,141.6,48.5,190.1,0.0,0.0,0.0,0.0,0.0,0.0,0.0,0.0,0.0,0.0,0.0,0.0,0.0,0.0,0.0,0.0,0.0,0.0,3778.9,3778.9,4260.8,4260.8,0.0,0.0,0.0,0.0,0.0,334.5,0.0,0.0,0.0,0.0,0.0,0.0,0.0,3814.2,112.1,0.0
2050-04-24 19:00:00,2050-04-24 17:00:00,2770.5,0.0,0.0,10.7,2781.2,2653.3,-1304.5,0.0,1640.0,0.0423,0.0725,battery,gas-cc,0.0,0.0,0.0,0.0,0.0,0.0,0.0,0.0,0.0,0.0,0.0,0.0,0.0,0.0,0.0,0.0,0.0,0.0,143.0,2.7,0.27,16.9,1077.8,0.06,143.1,49.0,192.1,374.2,7.1,0.71,44.2,2823.6,0.16,374.6,128.4,503.0,32.08,0.0,0.0,32.08,34.59,0.0,0.0,34.59,0.0,0.0,0.0,4421.2,4085.6,335.5,0.0,0.0,0.0,0.0,166.0,0.0,0.0,0.0,0.0,0.0,0.0,0.0,3767.5,152.2,0.0
2050-04-24 20:00:00,2050-04-24 18:00:00,2804.2,0.0,0.0,10.7,2814.9,2684.5,2661.9,0.0,1640.0,0.0427,0.0733,gas-cc,gas-cc,23.0,0.4,0.04,2.7,173.3,0.01,23.0,7.9,30.9,24.0,0.5,0.05,2.8,181.0,0.01,24.0,8.2,32.2,144.3,2.7,0.27,17.1,1088.2,0.06,144.5,49.5,194.0,391.1,7.4,0.74,46.2,2951.1,0.17,391.5,134.2,525.7,35.92,0.0,0.0,35.92,38.77,0.0,0.0,38.77,0.0,0.0,0.0,4454.8,153.0,4019.6,0.0,0.0,0.0,0.0,0.1,282.3,0.0,0.0,0.0,0.0,0.0,0.0,1.3,151.6,0.0
2050-04-24 21:00:00,2050-04-24 19:00:00,2763.2,0.0,0.0,8.6,2771.8,2646.5,2595.7,0.0,1329.8,0.0422,0.0723,battery,gas-cc,0.0,0.0,0.0,0.0,0.0,0.0,0.0,0.0,0.0,0.0,0.0,0.0,0.0,0.0,0.0,0.0,0.0,0.0,144.4,2.7,0.27,17.1,1088.9,0.06,144.6,49.5,194.1,373.9,7.0,0.7,44.2,2821.3,0.16,374.3,128.3,502.6,32.08,0.0,0.0,32.08,34.58,0.0,0.0,34.58,0.0,0.0,0.0,4101.6,176.1,3925.6,0.0,0.0,0.0,0.0,0.0,0.0,0.0,0.0,0.0,0.0,0.0,0.0,0.0,176.1,0.0
2050-04-24 22:00:00,2050-04-24 20:00:00,2638.9,0.0,0.0,7.9,2646.9,2531.0,2511.5,0.0,1219.3,0.0409,0.069,battery,gas-cc,0.0,0.0,0.0,0.0,0.0,0.0,0.0,0.0,0.0,0.0,0.0,0.0,0.0,0.0,0.0,0.0,0.0,0.0,143.9,2.7,0.27,17.0,1084.9,0.06,144.1,49.3,193.4,372.6,7.0,0.7,44.0,2811.4,0.16,373.0,127.8,500.8,32.08,0.0,0.0,32.08,34.46,0.0,0.0,34.46,0.0,0.0,0.0,3866.1,135.4,3730.7,0.0,0.0,0.0,0.0,0.0,0.0,0.0,0.0,0.0,0.0,0.0,0.0,0.0,135.4,0.0
2050-04-24 23:00:00,2050-04-24 21:00:00,2412.6,0.0,0.0,6.1,2418.8,2319.7,2294.9,0.0,945.4,0.0385,0.0631,battery,gas-cc,0.0,0.0,0.0,0.0,0.0,0.0,0.0,0.0,0.0,0.0,0.0,0.0,0.0,0.0,0.0,0.0,0.0,0.0,143.5,2.7,0.27,17.0,1081.6,0.06,143.6,49.2,192.8,370.2,7.0,0.7,43.7,2793.7,0.16,370.6,127.0,497.6,32.08,0.0,0.0,32.08,34.24,0.0,0.0,34.24,0.0,0.0,0.0,3364.1,123.9,3240.3,0.0,0.0,0.0,0.0,0.0,0.0,0.0,0.0,0.0,0.0,0.0,0.0,0.0,123.9,0.0
2050-04-25 00:00:00,2050-04-24 22:00:00,2144.2,0.0,0.0,1.2,2145.4,2067.2,2048.7,0.0,187.9,0.0359,0.0561,wind-ons,wind-ons,0.0,0.0,0.0,0.0,0.0,0.0,0.0,0.0,0.0,0.0,0.0,0.0,0.0,0.0,0.0,0.0,0.0,0.0,142.8,2.7,0.27,16.9,1076.9,0.06,143.0,49.0,192.0,0.0,0.0,0.0,0.0,0.0,0.0,0.0,0.0,0.0,33.32,0.0,0.0,33.32,35.3,0.0,0.0,35.3,0.0,0.0,0.0,2333.3,96.7,2236.6,0.0,0.0,0.0,0.0,0.0,0.0,0.0,0.0,0.0,0.0,0.0,0.0,0.0,96.7,0.0
2050-04-25 01:00:00,2050-04-24 23:00:00,1881.1,0.0,0.0,5.0,1886.1,1817.9,1836.7,63.3,618.6,0.0336,0.0492,battery,gas-cc,0.0,0.0,0.0,0.0,0.0,0.0,0.0,0.0,0.0,0.0,0.0,0.0,0.0,0.0,0.0,0.0,0.0,0.0,142.6,2.7,0.27,16.8,1075.2,0.06,142.8,48.9,191.7,381.1,7.2,0.72,45.0,2876.2,0.17,381.6,130.8,512.3,33.32,0.0,0.0,33.32,35.05,0.0,0.0,35.05,0.0,0.0,0.0,2441.4,49.3,2392.1,0.0,0.0,0.0,0.0,0.0,0.0,0.0,0.0,0.0,0.0,0.0,0.0,0.0,49.3,0.0
2050-04-25 02:00:00,2050-04-25 00:00:00,1633.7,0.0,0.0,2.2,1635.9,1581.9,1619.8,41.2,246.7,0.0317,0.0427,battery,gas-cc,0.0,0.0,0.0,0.0,0.0,0.0,0.0,0.0,0.0,0.0,0.0,0.0,0.0,0.0,0.0,0.0,0.0,0.0,142.2,2.7,0.27,16.8,1072.1,0.06,142.4,48.8,191.1,378.6,7.1,0.71,44.7,2856.8,0.16,379.0,129.9,508.9,33.32,0.0,0.0,33.32,34.81,0.0,0.0,34.81,0.0,0.0,0.0,1841.4,16.1,1825.3,0.0,0.0,0.0,0.0,0.0,0.0,0.0,0.0,0.0,0.0,0.0,0.0,0.0,16.1,0.0
2050-04-25 03:00:00,2050-04-25 01:00:00,1476.8,0.0,0.0,0.2,1477.1,1431.5,1471.8,14.1,0.0,0.0307,0.0386,battery,gas-cc,0.0,0.0,0.0,0.0,0.0,0.0,0.0,0.0,0.0,0.0,0.0,0.0,0.0,0.0,0.0,0.0,0.0,0.0,142.3,2.7,0.27,16.8,1073.0,0.06,142.5,48.8,191.3,377.0,7.1,0.71,44.5,2844.6,0.16,377.4,129.3,506.7,33.32,0.0,0.0,33.32,34.66,0.0,0.0,34.66,0.0,0.0,0.0,1463.0,5.3,1457.7,0.0,0.0,0.0,0.0,0.0,0.0,0.0,0.0,0.0,0.0,0.0,0.0,0.0,5.3,0.0
2050-04-25 04:00:00,2050-04-25 02:00:00,1363.2,0.0,0.0,3.2,1366.3,1322.0,1362.6,205.4,0.0,0.0302,0.0356,battery,gas-cc,0.0,0.0,0.0,0.0,0.0,0.0,0.0,0.0,0.0,0.0,0.0,0.0,0.0,0.0,0.0,0.0,0.0,0.0,142.0,2.7,0.27,16.8,1070.2,0.06,142.1,48.7,190.8,375.8,7.1,0.71,44.4,2835.8,0.16,376.2,128.9,505.1,33.32,0.0,0.0,33.32,34.56,0.0,0.0,34.56,0.0,0.0,0.0,1160.9,3.7,1157.2,0.0,0.0,0.0,0.0,0.0,0.0,0.0,0.0,0.0,0.0,0.0,0.0,0.0,3.7,0.0
2050-04-25 05:00:00,2050-04-25 03:00:00,1281.1,0.0,0.0,1.1,1282.1,1242.7,1280.3,70.2,0.0,0.0299,0.0335,battery,gas-cc,0.0,0.0,0.0,0.0,0.0,0.0,0.0,0.0,0.0,0.0,0.0,0.0,0.0,0.0,0.0,0.0,0.0,0.0,142.1,2.7,0.27,16.8,1071.2,0.06,142.2,48.7,191.0,375.0,7.1,0.71,44.3,2829.5,0.16,375.4,128.7,504.0,33.32,0.0,0.0,33.32,34.48,0.0,0.0,34.48,0.0,0.0,0.0,1212.0,1.9,1210.1,0.0,0.0,0.0,0.0,0.0,0.0,0.0,0.0,0.0,0.0,0.0,0.0,0.0,1.9,0.0
2050-04-25 06:00:00,2050-04-25 04:00:00,1245.3,0.0,0.0,4.4,1249.7,1208.1,1244.7,283.9,0.0,0.0298,0.0326,battery,gas-cc,0.0,0.0,0.0,0.0,0.0,0.0,0.0,0.0,0.0,0.0,0.0,0.0,0.0,0.0,0.0,0.0,0.0,0.0,141.5,2.7,0.27,16.7,1066.4,0.06,141.6,48.5,190.1,374.6,7.1,0.71,44.3,2826.8,0.16,375.0,128.5,503.5,33.32,0.0,0.0,33.32,34.45,0.0,0.0,34.45,0.0,0.0,0.0,965.8,5.0,960.8,0.0,0.0,0.0,0.0,0.0,0.0,0.0,0.0,0.0,0.0,0.0,0.0,0.0,5.0,0.0
2050-04-25 07:00:00,2050-04-25 05:00:00,1283.2,0.0,0.0,10.5,1293.7,1244.8,1004.1,1004.1,0.0,0.0299,0.0336,gas-cc,gas-cc,0.0,0.0,0.0,0.0,0.0,0.0,0.0,0.0,0.0,0.0,0.0,0.0,1.2,2.9,0.03,0.0,1.3,1.3,140.5,2.7,0.27,16.6,1059.0,0.06,140.6,48.2,188.8,364.0,6.9,0.69,43.0,2746.8,0.16,364.4,124.9,489.3,26.94,0.0,0.0,26.94,27.87,0.0,0.0,27.87,0.0,0.0,0.0,289.6,289.6,0.0,0.0,0.0,0.0,0.0,12.0,0.0,0.0,0.0,0.0,0.0,0.0,0.0,271.2,6.4,0.0
2050-04-25 08:00:00,2050-04-25 06:00:00,1376.8,3240.3,0.0,0.0,4617.1,1335.2,0.0,0.0,0.0,0.0302,0.036,upv,upv,0.0,0.0,0.0,0.0,0.0,0.0,0.0,0.0,0.0,0.0,0.0,0.0,0.0,0.0,0.0,0.0,0.0,0.0,139.7,2.6,0.26,16.5,1053.2,0.06,139.9,47.9,187.8,0.0,0.0,0.0,0.0,0.0,0.0,0.0,0.0,0.0,0.0,0.0,0.0,0.0,0.0,0.0,0.0,0.0,5.3,1590.1,1595.5,4617.1,4617.1,0.0,0.0,0.0,0.0,0.0,0.0,0.0,0.0,0.0,0.0,0.0,0.0,0.0,4617.1,0.0,0.0
2050-04-25 09:00:00,2050-04-25 07:00:00,1556.8,2461.0,0.0,0.0,4017.8,1508.3,0.0,0.0,0.0,0.0312,0.0407,upv,upv,0.0,0.0,0.0,0.0,0.0,0.0,0.0,0.0,0.0,0.0,0.0,0.0,0.0,0.0,0.0,0.0,0.0,0.0,139.8,2.6,0.26,16.5,1054.3,0.06,140.0,48.0,187.9,0.0,0.0,0.0,0.0,0.0,0.0,0.0,0.0,0.0,0.0,0.0,0.0,0.0,0.0,0.0,0.0,0.0,3.2,6251.1,6254.3,4017.8,4017.8,0.0,0.0,0.0,0.0,0.0,433.4,0.0,0.0,0.0,0.0,0.0,0.0,0.0,3584.4,0.0,0.0
2050-04-25 10:00:00,2050-04-25 08:00:00,1750.5,2431.9,0.0,0.0,4182.4,1693.6,0.0,0.0,0.0,0.0325,0.0458,upv,upv,0.0,0.0,0.0,0.0,0.0,0.0,0.0,0.0,0.0,0.0,0.0,0.0,0.0,0.0,0.0,0.0,0.0,0.0,140.0,2.6,0.27,16.5,1055.7,0.06,140.2,48.0,188.2,0.0,0.0,0.0,0.0,0.0,0.0,0.0,0.0,0.0,0.0,0.0,0.0,0.0,0.0,0.0,0.0,0.0,4.1,6127.1,6131.2,4182.4,4182.4,0.0,0.0,0.0,0.0,0.0,435.2,0.0,0.0,0.0,0.0,0.0,0.0,0.0,3747.2,0.0,0.0
2050-04-25 11:00:00,2050-04-25 09:00:00,1820.0,3016.4,0.0,0.0,4836.4,1759.8,0.0,0.0,0.0,0.0331,0.0476,upv,upv,0.0,0.0,0.0,0.0,0.0,0.0,0.0,0.0,0.0,0.0,0.0,0.0,0.0,0.0,0.0,0.0,0.0,0.0,140.1,2.6,0.27,16.6,1056.3,0.06,140.3,48.0,188.3,0.0,0.0,0.0,0.0,0.0,0.0,0.0,0.0,0.0,0.0,0.0,0.0,0.0,0.0,0.0,0.0,0.0,6.9,5473.2,5480.0,4836.4,4836.4,0.0,0.0,0.0,0.0,0.0,435.2,0.0,0.0,0.0,0.0,0.0,0.0,0.0,4401.1,0.0,0.0
2050-04-25 12:00:00,2050-04-25 10:00:00,1884.2,222.9,0.0,0.0,2107.2,1820.9,0.0,0.0,0.0,0.0336,0.0493,upv,upv,0.0,0.0,0.0,0.0,0.0,0.0,0.0,0.0,0.0,0.0,0.0,0.0,0.0,0.0,0.0,0.0,0.0,0.0,140.2,2.6,0.27,16.6,1056.9,0.06,140.3,48.1,188.4,0.0,0.0,0.0,0.0,0.0,0.0,0.0,0.0,0.0,0.0,0.0,0.0,0.0,0.0,0.0,0.0,0.0,10.1,8202.4,8212.5,2107.2,2107.2,0.0,0.0,0.0,0.0,0.0,435.2,0.0,0.0,0.0,0.0,0.0,0.0,0.0,1671.9,0.0,0.0
2050-04-25 13:00:00,2050-04-25 11:00:00,1937.9,2515.5,0.0,0.0,4453.4,1871.9,0.0,0.0,0.0,0.034,0.0507,upv,upv,0.0,0.0,0.0,0.0,0.0,0.0,0.0,0.0,0.0,0.0,0.0,0.0,0.0,0.0,0.0,0.0,0.0,0.0,140.3,2.6,0.27,16.6,1057.4,0.06,140.4,48.1,188.5,0.0,0.0,0.0,0.0,0.0,0.0,0.0,0.0,0.0,0.0,0.0,0.0,0.0,0.0,0.0,0.0,0.0,0.0,5873.1,5873.1,4453.4,4453.4,0.0,0.0,0.0,0.0,0.0,435.2,0.0,0.0,0.0,0.0,0.0,0.0,0.0,4001.2,17.0,0.0
2050-04-25 14:00:00,2050-04-25 12:00:00,2030.5,3990.5,0.0,0.0,6021.0,1959.8,0.0,0.0,0.0,0.0349,0.0531,upv,upv,0.0,0.0,0.0,0.0,0.0,0.0,0.0,0.0,0.0,0.0,0.0,0.0,0.0,0.0,0.0,0.0,0.0,0.0,140.4,2.6,0.27,16.6,1058.3,0.06,140.5,48.1,188.7,0.0,0.0,0.0,0.0,0.0,0.0,0.0,0.0,0.0,0.0,0.0,0.0,0.0,0.0,0.0,0.0,0.0,0.0,4320.2,4320.2,6021.0,6021.0,0.0,0.0,0.0,0.0,0.0,435.2,0.0,0.0,0.0,0.0,0.0,0.0,0.0,5554.1,31.7,0.0
2050-04-25 15:00:00,2050-04-25 13:00:00,2136.8,2337.9,0.0,0.0,4474.7,2060.3,0.0,0.0,0.0,0.0358,0.0559,upv,upv,0.0,0.0,0.0,0.0,0.0,0.0,0.0,0.0,0.0,0.0,0.0,0.0,0.0,0.0,0.0,0.0,0.0,0.0,140.5,2.7,0.27,16.6,1059.3,0.06,140.7,48.2,188.9,0.0,0.0,0.0,0.0,0.0,0.0,0.0,0.0,0.0,0.0,0.0,0.0,0.0,0.0,0.0,0.0,0.0,0.0,5877.0,5877.0,4474.7,4474.7,0.0,0.0,0.0,0.0,0.0,435.2,0.0,0.0,0.0,0.0,0.0,0.0,0.0,3997.3,42.2,0.0
2050-04-25 16:00:00,2050-04-25 14:00:00,2229.5,3071.8,0.0,0.0,5301.3,2147.6,-0.0,0.0,0.0,0.0367,0.0583,upv,upv,0.0,0.0,0.0,0.0,0.0,0.0,0.0,0.0,0.0,0.0,0.0,0.0,0.0,0.0,0.0,0.0,0.0,0.0,140.6,2.7,0.27,16.6,1060.3,0.06,140.8,48.2,189.0,0.0,0.0,0.0,0.0,0.0,0.0,0.0,0.0,0.0,0.0,0.0,0.0,0.0,0.0,0.0,0.0,0.0,0.0,5062.5,5062.5,5301.3,5301.3,0.0,0.0,0.0,0.0,0.0,435.2,0.0,0.0,0.0,0.0,0.0,0.0,0.0,4811.8,54.2,0.0
2050-04-25 17:00:00,2050-04-25 15:00:00,2363.2,3887.8,0.0,0.0,6251.0,2273.3,0.0,0.0,0.0,0.038,0.0618,upv,upv,0.0,0.0,0.0,0.0,0.0,0.0,0.0,0.0,0.0,0.0,0.0,0.0,0.0,0.0,0.0,0.0,0.0,0.0,140.8,2.7,0.27,16.6,1061.8,0.06,141.0,48.3,189.3,0.0,0.0,0.0,0.0,0.0,0.0,0.0,0.0,0.0,0.0,0.0,0.0,0.0,0.0,0.0,0.0,0.0,0.0,4055.3,4055.3,6251.0,6251.0,0.0,0.0,0.0,0.0,0.0,432.3,0.0,0.0,0.0,0.0,0.0,0.0,0.0,5754.4,64.2,0.0
2050-04-25 18:00:00,2050-04-25 16:00:00,2494.7,3990.5,0.0,0.0,6485.2,2396.5,0.0,0.0,0.0,0.0394,0.0652,upv,upv,0.0,0.0,0.0,0.0,0.0,0.0,0.0,0.0,0.0,0.0,0.0,0.0,0.0,0.0,0.0,0.0,0.0,0.0,141.5,2.7,0.27,16.7,1066.9,0.06,141.7,48.5,190.2,0.0,0.0,0.0,0.0,0.0,0.0,0.0,0.0,0.0,0.0,0.0,0.0,0.0,0.0,0.0,0.0,0.0,0.0,3442.9,3442.9,6485.2,6485.2,0.0,0.0,0.0,0.0,0.0,416.1,0.0,0.0,0.0,0.0,0.0,0.0,0.0,5998.4,70.7,0.0
2050-04-25 19:00:00,2050-04-25 17:00:00,2585.3,0.0,0.0,21.5,2606.8,2481.0,-2341.8,0.0,2341.8,0.0403,0.0676,gas-cc,gas-cc,0.0,0.0,0.0,0.0,0.0,0.0,0.0,0.0,0.0,0.0,0.0,0.0,0.0,0.0,0.0,0.0,0.0,0.0,143.3,2.7,0.27,16.9,1080.5,0.06,143.5,49.1,192.6,377.3,7.1,0.71,44.6,2847.1,0.16,377.7,129.5,507.2,24.69,0.0,0.0,24.69,26.48,0.0,0.0,26.48,0.0,0.0,0.0,4948.6,4948.6,0.0,0.0,0.0,0.0,0.0,204.8,0.0,0.0,0.0,0.0,0.0,0.0,0.0,4649.6,94.2,0.0
2050-04-25 20:00:00,2050-04-25 18:00:00,2631.6,0.0,0.0,15.9,2647.5,2524.2,2521.2,365.0,1574.5,0.0408,0.0688,battery,gas-cc,0.0,0.0,0.0,0.0,0.0,0.0,0.0,0.0,0.0,0.0,0.0,0.0,0.0,0.0,0.0,0.0,0.0,0.0,182.1,3.4,0.34,21.5,1373.4,0.08,182.3,62.5,244.8,382.9,7.2,0.72,45.2,2889.4,0.17,383.3,131.4,514.7,32.65,0.0,0.0,32.65,35.06,0.0,0.0,35.06,0.0,0.0,0.0,3857.0,126.3,3730.7,0.0,0.0,0.0,0.0,0.1,0.0,0.0,0.0,0.0,0.0,0.0,0.0,1.3,124.9,0.0
2050-04-25 21:00:00,2050-04-25 19:00:00,2601.1,0.0,0.0,7.9,2608.9,2495.7,2489.4,0.0,1212.3,0.0405,0.068,gas-cc,gas-cc,0.0,0.0,0.0,0.0,0.0,0.0,0.0,0.0,0.0,0.0,0.0,0.0,0.0,0.0,0.0,0.0,0.0,0.0,243.5,4.6,0.46,28.8,1837.3,0.11,243.8,83.6,327.3,377.5,7.1,0.71,44.6,2848.4,0.16,377.9,129.5,507.4,32.65,0.0,0.0,32.65,35.03,0.0,0.0,35.03,0.0,0.0,0.0,3821.2,119.5,3701.7,0.0,0.0,0.0,0.0,0.0,0.0,0.0,0.0,0.0,0.0,0.0,0.0,0.0,119.5,0.0
2050-04-25 22:00:00,2050-04-25 20:00:00,2451.6,0.0,0.0,15.4,2467.0,2356.1,2373.8,445.3,1311.7,0.0389,0.0641,battery,gas-cc,0.0,0.0,0.0,0.0,0.0,0.0,0.0,0.0,0.0,0.0,0.0,0.0,0.0,0.0,0.0,0.0,0.0,0.0,163.4,3.1,0.31,19.3,1232.0,0.07,163.6,56.0,219.6,381.0,7.2,0.72,45.0,2874.8,0.17,381.4,130.7,512.1,32.65,0.0,0.0,32.65,34.89,0.0,0.0,34.89,0.0,0.0,0.0,3333.4,93.2,3240.3,0.0,0.0,0.0,0.0,0.0,0.0,0.0,0.0,0.0,0.0,0.0,0.0,0.0,93.2,0.0
2050-04-25 23:00:00,2050-04-25 21:00:00,2231.6,0.0,0.0,3.9,2235.5,2149.6,2153.5,0.0,603.1,0.0367,0.0584,battery,gas-cc,0.0,0.0,0.0,0.0,0.0,0.0,0.0,0.0,0.0,0.0,0.0,0.0,0.0,0.0,0.0,0.0,0.0,0.0,174.2,3.3,0.33,20.6,1314.0,0.08,174.4,59.8,234.2,378.6,7.1,0.71,44.7,2857.3,0.16,379.0,129.9,509.0,32.65,0.0,0.0,32.65,34.67,0.0,0.0,34.67,0.0,0.0,0.0,2838.6,82.0,2756.6,0.0,0.0,0.0,0.0,0.0,0.0,0.0,0.0,0.0,0.0,0.0,0.0,0.0,82.0,0.0
2050-04-26 00:00:00,2050-04-25 22:00:00,1984.2,0.0,0.0,1.6,1985.8,1915.9,1922.6,0.0,246.4,0.0344,0.0519,battery,gas-cc,0.0,0.0,0.0,0.0,0.0,0.0,0.0,0.0,0.0,0.0,0.0,0.0,0.0,0.0,0.0,0.0,0.0,0.0,192.9,3.6,0.36,22.8,1454.6,0.08,193.1,66.2,259.2,382.0,7.2,0.72,45.1,2882.3,0.17,382.4,131.1,513.4,33.0,0.0,0.0,33.0,34.81,0.0,0.0,34.81,0.0,0.0,0.0,2232.2,63.2,2169.0,0.0,0.0,0.0,0.0,0.0,0.0,0.0,0.0,0.0,0.0,0.0,0.0,0.0,63.2,0.0
2050-04-26 01:00:00,2050-04-25 23:00:00,1745.3,0.0,0.0,0.4,1745.6,1688.6,1659.0,0.0,54.6,0.0325,0.0456,battery,gas-cc,0.0,0.0,0.0,0.0,0.0,0.0,0.0,0.0,0.0,0.0,0.0,0.0,0.0,0.0,0.0,0.0,0.0,0.0,163.9,3.1,0.31,19.4,1236.2,0.07,164.1,56.2,220.3,379.4,7.2,0.72,44.8,2863.4,0.16,379.9,130.2,510.1,33.0,0.0,0.0,33.0,34.58,0.0,0.0,34.58,0.0,0.0,0.0,1800.2,86.6,1713.6,0.0,0.0,0.0,0.0,0.0,0.0,0.0,0.0,0.0,0.0,0.0,0.0,0.0,86.6,0.0
2050-04-26 02:00:00,2050-04-26 00:00:00,1530.5,0.0,0.0,7.5,1538.0,1483.0,1483.4,395.4,210.2,0.031,0.04,battery,gas-cc,0.0,0.0,0.0,0.0,0.0,0.0,0.0,0.0,0.0,0.0,0.0,0.0,0.0,0.0,0.0,0.0,0.0,0.0,181.9,3.4,0.34,21.5,1371.8,0.08,182.1,62.4,244.5,377.2,7.1,0.71,44.6,2846.6,0.16,377.6,129.4,507.1,33.0,0.0,0.0,33.0,34.38,0.0,0.0,34.38,0.0,0.0,0.0,1352.9,54.6,1298.3,0.0,0.0,0.0,0.0,0.0,0.0,0.0,0.0,0.0,0.0,0.0,0.0,0.0,54.6,0.0
2050-04-26 03:00:00,2050-04-26 01:00:00,1414.7,0.0,0.0,4.5,1419.2,1371.7,1384.3,145.0,344.4,0.0304,0.037,battery,gas-cc,0.0,0.0,0.0,0.0,0.0,0.0,0.0,0.0,0.0,0.0,0.0,0.0,0.0,0.0,0.0,0.0,0.0,0.0,178.3,3.4,0.34,21.1,1344.9,0.08,178.5,61.2,239.7,376.0,7.1,0.71,44.4,2837.7,0.16,376.4,129.0,505.5,33.0,0.0,0.0,33.0,34.27,0.0,0.0,34.27,0.0,0.0,0.0,1618.7,34.9,1583.8,0.0,0.0,0.0,0.0,0.0,0.0,0.0,0.0,0.0,0.0,0.0,0.0,0.0,34.9,0.0
2050-04-26 04:00:00,2050-04-26 02:00:00,1316.8,0.0,0.0,2.1,1318.9,1277.3,1303.7,96.7,90.0,0.03,0.0344,battery,gas-cc,0.0,0.0,0.0,0.0,0.0,0.0,0.0,0.0,0.0,0.0,0.0,0.0,0.0,0.0,0.0,0.0,0.0,0.0,208.9,3.9,0.39,24.7,1575.4,0.09,209.1,71.6,280.7,375.0,7.1,0.71,44.3,2830.2,0.16,375.5,128.7,504.1,33.0,0.0,0.0,33.0,34.18,0.0,0.0,34.18,0.0,0.0,0.0,1312.3,15.2,1297.1,0.0,0.0,0.0,0.0,0.0,0.0,0.0,0.0,0.0,0.0,0.0,0.0,0.0,15.2,0.0
2050-04-26 05:00:00,2050-04-26 03:00:00,1270.5,0.0,0.0,0.0,1270.5,1232.6,1265.5,0.0,0.0,0.0299,0.0332,battery,gas-cc,0.0,0.0,0.0,0.0,0.0,0.0,0.0,0.0,0.0,0.0,0.0,0.0,0.0,0.0,0.0,0.0,0.0,0.0,199.0,3.8,0.38,23.5,1500.9,0.09,199.2,68.3,267.4,374.6,7.1,0.71,44.2,2826.6,0.16,375.0,128.5,503.5,33.0,0.0,0.0,33.0,34.14,0.0,0.0,34.14,0.0,0.0,0.0,1270.5,5.0,1265.5,0.0,0.0,0.0,0.0,0.0,0.0,0.0,0.0,0.0,0.0,0.0,0.0,0.0,5.0,0.0
2050-04-26 06:00:00,2050-04-26 04:00:00,1242.1,0.0,0.0,1.4,1243.5,1205.1,1233.9,91.9,0.0,0.0298,0.0325,battery,gas-cc,0.0,0.0,0.0,0.0,0.0,0.0,0.0,0.0,0.0,0.0,0.0,0.0,0.0,0.0,0.0,0.0,0.0,0.0,217.6,4.1,0.41,25.7,1641.6,0.09,217.8,74.7,292.5,368.5,6.9,0.69,43.5,2780.9,0.16,368.9,126.4,495.4,33.0,0.0,0.0,33.0,34.11,0.0,0.0,34.11,0.0,0.0,0.0,1151.6,9.6,1142.0,0.0,0.0,0.0,0.0,0.0,0.0,0.0,0.0,0.0,0.0,0.0,0.0,0.0,9.6,0.0
2050-04-26 07:00:00,2050-04-26 05:00:00,1283.2,0.0,0.0,0.2,1283.3,1244.8,1236.4,11.5,0.0,0.0299,0.0336,battery,gas-cc,0.0,0.0,0.0,0.0,0.0,0.0,0.0,0.0,0.0,0.0,0.0,0.0,0.0,0.0,0.0,0.0,0.0,0.0,207.0,3.9,0.39,24.5,1561.5,0.09,207.2,71.0,278.2,374.7,7.1,0.71,44.3,2827.6,0.16,375.1,128.6,503.7,33.0,0.0,0.0,33.0,34.15,0.0,0.0,34.15,0.0,0.0,0.0,1271.9,46.9,1225.0,0.0,0.0,0.0,0.0,1.8,0.0,0.0,0.0,0.0,0.0,0.0,0.0,41.0,4.1,0.0
2050-04-26 08:00:00,2050-04-26 06:00:00,1391.6,0.0,0.0,7.0,1398.6,1349.4,430.7,445.3,14.6,0.0303,0.0364,gas-cc,gas-cc,0.0,0.0,0.0,0.0,0.0,0.0,0.0,0.0,0.0,0.0,0.0,0.0,0.0,0.0,0.0,0.0,0.0,0.0,148.4,2.8,0.28,17.5,1119.0,0.06,148.6,50.9,199.5,365.1,6.9,0.69,43.1,2754.9,0.16,365.5,125.3,490.7,29.42,0.0,0.0,29.42,30.53,0.0,0.0,30.53,0.0,0.0,0.0,967.9,967.9,0.0,0.0,0.0,0.0,0.0,40.8,0.0,0.0,0.0,0.0,0.0,0.0,0.0,924.9,2.2,0.0
2050-04-26 09:00:00,2050-04-26 07:00:00,1580.0,2431.9,0.0,13.6,4025.5,1530.5,-584.9,445.3,1030.2,0.0313,0.0413,battery,gas-cc,0.0,0.0,0.0,0.0,0.0,0.0,0.0,0.0,0.0,0.0,0.0,0.0,0.0,0.0,0.0,0.0,0.0,0.0,155.3,2.9,0.29,18.3,1171.0,0.07,155.5,53.3,208.7,346.2,6.5,0.65,40.9,2612.4,0.15,346.6,118.8,465.4,27.34,0.0,0.0,27.34,28.52,0.0,0.0,28.52,0.0,0.0,0.0,4610.4,4610.4,0.0,0.0,0.0,0.0,0.0,194.5,0.0,0.0,0.0,0.0,0.0,0.0,0.0,4413.7,2.1,0.0
2050-04-26 10:00:00,2050-04-26 08:00:00,1742.1,4019.6,0.0,16.6,5778.3,1685.6,-1254.4,385.6,1640.0,0.0325,0.0456,upv,upv,0.0,0.0,0.0,0.0,0.0,0.0,0.0,0.0,0.0,0.0,0.0,0.0,0.0,0.0,0.0,0.0,0.0,0.0,140.0,2.6,0.27,16.5,1055.6,0.06,140.2,48.0,188.2,0.0,0.0,0.0,0.0,0.0,0.0,0.0,0.0,0.0,10.27,0.0,0.0,10.27,10.76,0.0,0.0,10.76,0.0,0.0,0.0,7032.7,7032.7,0.0,0.0,0.0,0.0,0.0,296.7,0.0,0.0,0.0,0.0,0.0,0.0,0.0,6733.7,2.4,0.0
2050-04-26 11:00:00,2050-04-26 09:00:00,1798.9,4019.6,0.0,14.7,5833.3,1739.8,-1903.8,0.0,1903.8,0.0329,0.047,upv,upv,0.0,0.0,0.0,0.0,0.0,0.0,0.0,0.0,0.0,0.0,0.0,0.0,0.0,0.0,0.0,0.0,0.0,0.0,186.9,3.5,0.35,22.1,1409.8,0.08,187.1,64.1,251.3,0.0,0.0,0.0,0.0,0.0,0.0,0.0,0.0,0.0,9.62,0.0,0.0,9.62,10.1,0.0,0.0,10.1,0.0,0.0,0.0,7737.1,7737.1,0.0,0.0,0.0,0.0,0.0,326.2,0.0,0.0,0.0,0.0,0.0,0.0,0.0,7405.7,5.1,0.0
2050-04-26 12:00:00,2050-04-26 10:00:00,1829.5,4019.6,0.0,14.6,5863.7,1768.9,-1896.8,0.0,1896.8,0.0331,0.0478,upv,upv,0.0,0.0,0.0,0.0,0.0,0.0,0.0,0.0,0.0,0.0,0.0,0.0,0.0,0.0,0.0,0.0,0.0,0.0,140.7,2.7,0.27,16.6,1060.6,0.06,140.8,48.2,189.1,0.0,0.0,0.0,0.0,0.0,0.0,0.0,0.0,0.0,9.29,0.0,0.0,9.29,9.75,0.0,0.0,9.75,0.0,0.0,0.0,7760.5,7760.5,0.0,0.0,0.0,0.0,0.0,327.1,0.0,0.0,0.0,0.0,0.0,0.0,0.0,7425.1,8.2,0.0
2050-04-26 13:00:00,2050-04-26 11:00:00,1909.5,4019.6,0.0,20.4,5949.5,1844.9,-2269.1,0.0,2269.1,0.0338,0.0499,upv,upv,0.0,0.0,0.0,0.0,0.0,0.0,0.0,0.0,0.0,0.0,0.0,0.0,0.0,0.0,0.0,0.0,0.0,0.0,140.2,2.6,0.27,16.6,1057.1,0.06,140.4,48.1,188.5,0.0,0.0,0.0,0.0,0.0,0.0,0.0,0.0,0.0,9.29,0.0,0.0,9.29,9.77,0.0,0.0,9.77,0.0,0.0,0.0,8218.5,8218.5,0.0,0.0,0.0,0.0,0.0,346.3,0.0,0.0,0.0,0.0,0.0,0.0,0.0,7858.1,14.2,0.0
2050-04-26 14:00:00,2050-04-26 12:00:00,1989.5,3166.9,0.0,14.5,5170.9,1920.9,-1069.0,344.3,1413.3,0.0345,0.052,battery,gas-cc,0.0,0.0,0.0,0.0,0.0,0.0,0.0,0.0,0.0,0.0,0.0,0.0,0.0,0.0,0.0,0.0,0.0,0.0,140.3,2.6,0.27,16.6,1057.9,0.06,140.5,48.1,188.6,350.1,6.6,0.66,41.4,2642.0,0.15,350.5,120.1,470.6,27.34,0.0,0.0,27.34,28.84,0.0,0.0,28.84,0.0,0.0,0.0,6239.9,6239.9,0.0,0.0,0.0,0.0,0.0,262.0,0.0,0.0,0.0,0.0,0.0,0.0,0.0,5945.3,32.7,0.0
2050-04-26 15:00:00,2050-04-26 13:00:00,2090.5,2692.3,0.0,7.4,4790.2,2016.5,371.9,445.3,73.4,0.0354,0.0547,battery,gas-cc,0.0,0.0,0.0,0.0,0.0,0.0,0.0,0.0,0.0,0.0,0.0,0.0,0.0,0.0,0.0,0.0,0.0,0.0,140.5,2.7,0.27,16.6,1058.9,0.06,140.6,48.2,188.8,351.1,6.6,0.66,41.5,2649.3,0.15,351.5,120.5,471.9,27.34,0.0,0.0,27.34,28.92,0.0,0.0,28.92,0.0,0.0,0.0,4418.3,4418.3,0.0,0.0,0.0,0.0,0.0,184.5,0.0,0.0,0.0,0.0,0.0,0.0,0.0,4187.5,46.2,0.0
2050-04-26 16:00:00,2050-04-26 14:00:00,2142.1,2593.8,0.0,10.5,4746.4,2065.2,-115.4,445.3,560.7,0.0359,0.056,battery,gas-cc,0.0,0.0,0.0,0.0,0.0,0.0,0.0,0.0,0.0,0.0,0.0,0.0,0.0,0.0,0.0,0.0,0.0,0.0,140.5,2.7,0.27,16.6,1059.4,0.06,140.7,48.2,188.9,351.6,6.6,0.66,41.5,2653.1,0.15,352.0,120.6,472.6,27.34,0.0,0.0,27.34,28.96,0.0,0.0,28.96,0.0,0.0,0.0,4861.9,4861.9,0.0,0.0,0.0,0.0,0.0,202.1,0.0,0.0,0.0,0.0,0.0,0.0,0.0,4588.2,71.6,0.0
2050-04-26 17:00:00,2050-04-26 15:00:00,2218.9,2593.8,0.0,2.6,4815.3,2137.7,-402.7,0.0,402.7,0.0366,0.058,battery,gas-cc,0.0,0.0,0.0,0.0,0.0,0.0,0.0,0.0,0.0,0.0,0.0,0.0,0.0,0.0,0.0,0.0,0.0,0.0,140.7,2.7,0.27,16.6,1060.6,0.06,140.8,48.2,189.1,352.3,6.6,0.66,41.6,2658.8,0.15,352.7,120.9,473.6,27.34,0.0,0.0,27.34,29.02,0.0,0.0,29.02,0.0,0.0,0.0,5218.1,5218.1,0.0,0.0,0.0,0.0,0.0,214.5,0.0,0.0,0.0,0.0,0.0,0.0,0.0,4869.3,134.2,0.0
2050-04-26 18:00:00,2050-04-26 16:00:00,2309.5,0.0,0.0,10.7,2320.1,2222.9,-510.8,0.0,1640.0,0.0375,0.0604,battery,gas-cc,75.1,1.4,0.14,8.9,566.8,0.03,75.2,25.8,101.0,78.0,1.5,0.15,9.2,588.9,0.03,78.1,26.8,104.9,170.4,3.2,0.32,20.1,1285.1,0.07,170.6,58.4,229.0,434.3,8.2,0.82,51.3,3277.6,0.19,434.8,149.0,583.8,37.47,0.0,0.0,37.47,39.88,0.0,0.0,39.88,0.0,0.0,0.0,3960.1,2831.0,308.3,0.0,0.0,0.0,0.0,112.6,820.8,0.0,0.0,0.0,0.0,0.0,0.0,2555.8,162.5,0.0
2050-04-26 19:00:00,2050-04-26 17:00:00,2355.8,0.0,0.0,10.7,2366.4,2266.4,1347.8,0.0,1640.0,0.038,0.0616,battery,gas-cc,74.2,1.4,0.14,8.8,560.3,0.03,74.3,25.5,99.8,77.2,1.5,0.15,9.1,582.4,0.03,77.3,26.5,103.7,148.3,2.8,0.28,17.5,1117.4,0.06,148.5,50.8,199.3,434.9,8.2,0.82,51.4,3281.8,0.19,435.4,149.2,584.6,37.47,0.0,0.0,37.47,39.93,0.0,0.0,39.93,0.0,0.0,0.0,4006.4,1018.6,2167.0,0.0,0.0,0.0,0.0,33.9,820.8,0.0,0.0,0.0,0.0,0.0,0.0,769.0,215.7,0.0
2050-04-26 20:00:00,2050-04-26 18:00:00,2435.8,0.0,0.0,10.7,2446.4,2341.4,2263.4,0.0,1640.0,0.0388,0.0637,battery,gas-cc,72.8,1.4,0.14,8.6,549.3,0.03,72.9,25.0,97.8,75.7,1.4,0.14,8.9,571.5,0.03,75.8,26.0,101.8,146.3,2.8,0.28,17.3,1103.1,0.06,146.5,50.2,196.6,435.9,8.2,0.82,51.5,3289.2,0.19,436.3,149.6,585.9,37.47,0.0,0.0,37.47,40.02,0.0,0.0,40.02,0.0,0.0,0.0,4086.4,183.0,3082.6,0.0,0.0,0.0,0.0,0.0,820.8,0.0,0.0,0.0,0.0,0.0,0.0,0.0,183.0,0.0
2050-04-26 21:00:00,2050-04-26 19:00:00,2428.4,0.0,0.0,10.7,2439.1,2334.5,2271.5,0.0,1640.0,0.0387,0.0635,battery,gas-cc,72.9,1.4,0.14,8.6,550.3,0.03,73.0,25.0,98.0,75.9,1.4,0.14,9.0,572.4,0.03,75.9,26.0,102.0,146.3,2.8,0.28,17.3,1102.8,0.06,146.4,50.2,196.6,435.8,8.2,0.82,51.5,3288.5,0.19,436.3,149.5,585.8,37.47,0.0,0.0,37.47,40.01,0.0,0.0,40.01,0.0,0.0,0.0,4079.0,167.6,3090.6,0.0,0.0,0.0,0.0,0.0,820.8,0.0,0.0,0.0,0.0,0.0,0.0,0.0,167.6,0.0
2050-04-26 22:00:00,2050-04-26 20:00:00,2316.8,0.0,0.0,10.7,2327.5,2229.8,2149.8,0.0,1640.0,0.0376,0.0606,battery,gas-cc,75.0,1.4,0.14,8.9,565.8,0.03,75.1,25.7,100.8,77.9,1.5,0.15,9.2,587.9,0.03,78.0,26.7,104.7,146.2,2.8,0.28,17.3,1102.2,0.06,146.4,50.1,196.5,434.4,8.2,0.82,51.3,3278.3,0.19,434.9,149.1,584.0,37.47,0.0,0.0,37.47,39.89,0.0,0.0,39.89,0.0,0.0,0.0,3967.5,177.7,2968.9,0.0,0.0,0.0,0.0,0.0,820.8,0.0,0.0,0.0,0.0,0.0,0.0,0.0,177.7,0.0
2050-04-26 23:00:00,2050-04-26 21:00:00,2152.6,0.0,0.0,10.7,2163.3,2075.2,1994.3,0.0,1640.0,0.036,0.0563,battery,gas-cc,78.2,1.5,0.15,9.2,590.2,0.03,78.3,26.8,105.1,81.1,1.5,0.15,9.6,612.2,0.04,81.2,27.8,109.1,147.4,2.8,0.28,17.4,1111.0,0.06,147.5,50.5,198.1,432.5,8.2,0.82,51.1,3263.4,0.19,432.9,148.4,581.3,37.47,0.0,0.0,37.47,39.71,0.0,0.0,39.71,0.0,0.0,0.0,3803.3,169.0,2813.5,0.0,0.0,0.0,0.0,0.0,820.8,0.0,0.0,0.0,0.0,0.0,0.0,0.0,169.0,0.0
2050-04-27 00:00:00,2050-04-26 22:00:00,1943.2,0.0,0.0,20.1,1963.2,1876.9,1813.5,0.0,2247.5,0.0341,0.0508,battery,gas-cc,70.6,1.3,0.13,8.3,533.1,0.03,70.7,24.2,95.0,73.1,1.4,0.14,8.6,551.9,0.03,73.2,25.1,98.3,143.3,2.7,0.27,16.9,1080.2,0.06,143.4,49.1,192.6,430.0,8.1,0.81,50.8,3244.5,0.19,430.4,147.5,577.9,37.47,0.0,0.0,37.47,39.48,0.0,0.0,39.48,0.0,0.0,0.0,4210.8,149.7,3240.3,0.0,0.0,0.0,0.0,0.0,820.8,0.0,0.0,0.0,0.0,0.0,0.0,0.0,149.7,0.0
2050-04-27 01:00:00,2050-04-26 23:00:00,1729.5,0.0,0.0,19.6,1749.1,1673.5,1600.5,0.0,2216.4,0.0324,0.0452,battery,gas-cc,75.0,1.4,0.14,8.9,566.1,0.03,75.1,25.7,100.8,77.5,1.5,0.15,9.2,585.0,0.03,77.6,26.6,104.2,142.4,2.7,0.27,16.8,1073.6,0.06,142.6,48.8,191.4,427.4,8.1,0.81,50.5,3225.5,0.19,427.9,146.7,574.6,37.47,0.0,0.0,37.47,39.25,0.0,0.0,39.25,0.0,0.0,0.0,3965.5,148.6,2996.1,0.0,0.0,0.0,0.0,0.0,820.8,0.0,0.0,0.0,0.0,0.0,0.0,0.0,148.6,0.0
2050-04-27 02:00:00,2050-04-27 00:00:00,1549.5,0.0,0.0,10.7,1560.1,1501.2,1415.4,0.0,1640.0,0.0311,0.0405,battery,gas-cc,93.0,1.8,0.18,11.0,701.4,0.04,93.1,31.9,124.9,95.9,1.8,0.18,11.3,724.0,0.04,96.0,32.9,129.0,150.5,2.8,0.28,17.8,1134.7,0.07,150.7,51.6,202.3,425.3,8.0,0.8,50.2,3209.7,0.18,425.8,145.9,571.7,37.47,0.0,0.0,37.47,39.05,0.0,0.0,39.05,0.0,0.0,0.0,3200.1,144.8,2234.5,0.0,0.0,0.0,0.0,0.0,820.8,0.0,0.0,0.0,0.0,0.0,0.0,0.0,144.8,0.0
2050-04-27 03:00:00,2050-04-27 01:00:00,1435.8,0.0,0.0,10.7,1446.4,1392.0,1330.2,0.0,1640.0,0.0305,0.0375,battery,gas-cc,96.4,1.8,0.18,11.4,727.3,0.04,96.5,33.1,129.5,99.4,1.9,0.19,11.7,750.2,0.04,99.5,34.1,133.6,141.8,2.7,0.27,16.8,1069.0,0.06,141.9,48.6,190.6,424.0,8.0,0.8,50.1,3199.8,0.18,424.5,145.5,570.0,37.47,0.0,0.0,37.47,38.93,0.0,0.0,38.93,0.0,0.0,0.0,3086.4,116.3,2149.3,0.0,0.0,0.0,0.0,0.0,820.8,0.0,0.0,0.0,0.0,0.0,0.0,0.0,116.3,0.0
2050-04-27 04:00:00,2050-04-27 02:00:00,1340.0,0.0,0.0,1.4,1341.4,1299.7,1244.5,0.0,213.5,0.0301,0.035,gas-cc,gas-cc,191.3,3.6,0.36,22.6,1443.6,0.08,191.5,65.6,257.2,197.2,3.7,0.37,23.3,1488.4,0.09,197.5,67.7,265.1,141.5,2.7,0.27,16.7,1067.0,0.06,141.7,48.5,190.2,364.6,6.9,0.69,43.1,2751.1,0.16,365.0,125.1,490.0,37.47,0.0,0.0,37.47,38.83,0.0,0.0,38.83,0.0,0.0,0.0,1554.9,96.9,637.2,0.0,0.0,0.0,0.0,0.0,820.8,0.0,0.0,0.0,0.0,0.0,0.0,0.0,96.9,0.0
2050-04-27 05:00:00,2050-04-27 03:00:00,1275.8,0.0,0.0,0.0,1275.8,1237.6,1196.8,0.0,0.0,0.0299,0.0334,battery,gas-cc,233.2,4.4,0.44,27.5,1759.4,0.1,233.4,80.0,313.4,240.3,4.5,0.45,28.4,1813.7,0.1,240.6,82.5,323.1,141.4,2.7,0.27,16.7,1065.8,0.06,141.5,48.5,190.0,422.2,8.0,0.8,49.9,3185.9,0.18,422.6,144.9,567.5,37.47,0.0,0.0,37.47,38.76,0.0,0.0,38.76,0.0,0.0,0.0,1275.8,78.9,376.0,0.0,0.0,0.0,0.0,0.0,820.8,0.0,0.0,0.0,0.0,0.0,0.0,0.0,78.9,0.0
2050-04-27 06:00:00,2050-04-27 04:00:00,1283.2,0.0,0.0,0.0,1283.2,1244.8,1168.7,0.0,0.0,0.0299,0.0336,battery,gas-cc,231.8,4.4,0.44,27.4,1749.3,0.1,232.1,79.5,311.6,239.0,4.5,0.45,28.2,1803.3,0.1,239.2,82.0,321.2,141.0,2.7,0.27,16.7,1063.2,0.06,141.2,48.4,189.5,422.3,8.0,0.8,49.9,3186.6,0.18,422.7,144.9,567.6,37.44,0.0,0.0,37.44,38.74,0.0,0.0,38.74,0.0,0.0,0.0,1283.2,114.4,347.9,0.0,0.0,0.0,0.0,0.0,820.8,0.0,0.0,0.0,0.0,0.0,0.0,0.0,114.4,0.0
2050-04-27 07:00:00,2050-04-27 05:00:00,1327.4,0.0,0.0,0.0,1327.4,1287.5,899.9,0.0,0.0,0.0301,0.0347,battery,gas-cc,224.1,4.2,0.42,26.5,1691.1,0.1,224.3,76.9,301.2,231.0,4.4,0.44,27.3,1743.5,0.1,231.3,79.3,310.6,141.8,2.7,0.27,16.8,1069.0,0.06,141.9,48.6,190.6,422.8,8.0,0.8,49.9,3190.4,0.18,423.2,145.1,568.3,37.44,0.0,0.0,37.44,38.78,0.0,0.0,38.78,0.0,0.0,0.0,1327.4,427.4,79.1,0.0,0.0,0.0,0.0,12.8,820.8,0.0,0.0,0.0,0.0,0.0,0.0,289.8,124.9,0.0
2050-04-27 08:00:00,2050-04-27 06:00:00,1435.8,452.7,0.0,28.9,1917.4,1392.0,-2816.0,0.0,2816.0,0.0305,0.0375,wind-ons,wind-ons,0.0,0.0,0.0,0.0,0.0,0.0,0.0,0.0,0.0,0.0,0.0,0.0,0.0,0.0,0.0,0.0,0.0,0.0,143.0,2.7,0.27,16.9,1077.8,0.06,143.1,49.0,192.1,0.0,0.0,0.0,0.0,0.0,0.0,0.0,0.0,0.0,0.0,0.0,0.0,0.0,0.0,0.0,0.0,0.0,47.6,0.0,47.6,4733.4,4733.4,0.0,0.0,0.0,0.0,0.0,199.0,0.0,0.0,0.0,0.0,0.0,0.0,0.0,4517.1,17.3,0.0
2050-04-27 09:00:00,2050-04-27 07:00:00,1585.3,2329.2,0.0,0.0,3914.5,1535.5,0.0,0.0,0.0,0.0314,0.0415,upv,upv,0.0,0.0,0.0,0.0,0.0,0.0,0.0,0.0,0.0,0.0,0.0,0.0,0.0,0.0,0.0,0.0,0.0,0.0,139.9,2.6,0.26,16.5,1054.5,0.06,140.0,48.0,188.0,0.0,0.0,0.0,0.0,0.0,0.0,0.0,0.0,0.0,0.0,0.0,0.0,0.0,0.0,0.0,0.0,0.0,0.0,2213.8,2213.8,3914.5,3914.5,0.0,0.0,0.0,0.0,0.0,254.1,0.0,0.0,0.0,0.0,0.0,0.0,0.0,3553.7,106.7,0.0
2050-04-27 10:00:00,2050-04-27 08:00:00,1752.6,2821.5,0.0,0.0,4574.2,1695.6,-0.0,0.0,0.0,0.0325,0.0458,upv,upv,0.0,0.0,0.0,0.0,0.0,0.0,0.0,0.0,0.0,0.0,0.0,0.0,0.0,0.0,0.0,0.0,0.0,0.0,140.0,2.6,0.27,16.5,1055.7,0.06,140.2,48.0,188.2,0.0,0.0,0.0,0.0,0.0,0.0,0.0,0.0,0.0,0.0,0.0,0.0,0.0,0.0,0.0,0.0,0.0,0.0,1836.6,1836.6,4574.2,4574.2,0.0,0.0,0.0,0.0,0.0,263.6,0.0,0.0,0.0,0.0,0.0,0.0,0.0,4147.5,163.1,0.0
2050-04-27 11:00:00,2050-04-27 09:00:00,1788.4,2821.5,0.0,0.0,4610.0,1729.7,0.0,0.0,0.0,0.0328,0.0468,upv,upv,0.0,0.0,0.0,0.0,0.0,0.0,0.0,0.0,0.0,0.0,0.0,0.0,0.0,0.0,0.0,0.0,0.0,0.0,140.1,2.6,0.27,16.6,1056.0,0.06,140.2,48.0,188.3,0.0,0.0,0.0,0.0,0.0,0.0,0.0,0.0,0.0,0.0,0.0,0.0,0.0,0.0,0.0,0.0,0.0,0.0,3256.5,3256.5,4610.0,4610.0,0.0,0.0,0.0,0.0,0.0,322.6,0.0,0.0,0.0,0.0,0.0,0.0,0.0,4065.2,222.1,0.0
2050-04-27 12:00:00,2050-04-27 10:00:00,1760.0,2431.9,0.0,0.0,4191.9,1702.6,0.0,0.0,0.0,0.0326,0.046,upv,upv,0.0,0.0,0.0,0.0,0.0,0.0,0.0,0.0,0.0,0.0,0.0,0.0,0.0,0.0,0.0,0.0,0.0,0.0,140.0,2.6,0.27,16.5,1055.8,0.06,140.2,48.0,188.2,0.0,0.0,0.0,0.0,0.0,0.0,0.0,0.0,0.0,0.0,0.0,0.0,0.0,0.0,0.0,0.0,0.0,0.0,4576.6,4576.6,4191.9,4191.9,0.0,0.0,0.0,0.0,0.0,358.7,0.0,0.0,0.0,0.0,0.0,0.0,0.0,3565.8,267.4,0.0
2050-04-27 13:00:00,2050-04-27 11:00:00,1722.1,2329.2,0.0,0.0,4051.3,1666.5,0.0,0.0,0.0,0.0323,0.045,upv,upv,0.0,0.0,0.0,0.0,0.0,0.0,0.0,0.0,0.0,0.0,0.0,0.0,0.0,0.0,0.0,0.0,0.0,0.0,140.0,2.6,0.26,16.5,1055.5,0.06,140.2,48.0,188.2,0.0,0.0,0.0,0.0,0.0,0.0,0.0,0.0,0.0,0.0,0.0,0.0,0.0,0.0,0.0,0.0,0.0,0.0,5797.6,5797.6,4051.3,4051.3,0.0,0.0,0.0,0.0,0.0,404.2,0.0,0.0,0.0,0.0,0.0,0.0,0.0,3372.3,274.8,0.0
2050-04-27 14:00:00,2050-04-27 12:00:00,1698.9,2560.8,0.0,0.0,4259.8,1644.3,0.0,0.0,0.0,0.0321,0.0444,upv,upv,0.0,0.0,0.0,0.0,0.0,0.0,0.0,0.0,0.0,0.0,0.0,0.0,0.0,0.0,0.0,0.0,0.0,0.0,140.0,2.6,0.26,16.5,1055.3,0.06,140.1,48.0,188.1,0.0,0.0,0.0,0.0,0.0,0.0,0.0,0.0,0.0,0.0,0.0,0.0,0.0,0.0,0.0,0.0,0.0,0.0,6177.9,6177.9,4259.8,4259.8,0.0,0.0,0.0,0.0,0.0,428.7,0.0,0.0,0.0,0.0,0.0,0.0,0.0,3554.2,276.8,0.0
2050-04-27 15:00:00,2050-04-27 13:00:00,1706.3,3535.9,0.0,0.0,5242.2,1651.4,0.0,0.0,0.0,0.0322,0.0446,upv,upv,0.0,0.0,0.0,0.0,0.0,0.0,0.0,0.0,0.0,0.0,0.0,0.0,0.0,0.0,0.0,0.0,0.0,0.0,140.0,2.6,0.26,16.5,1055.4,0.06,140.1,48.0,188.1,0.0,0.0,0.0,0.0,0.0,0.0,0.0,0.0,0.0,0.0,0.0,0.0,0.0,0.0,0.0,0.0,0.0,0.0,5317.0,5317.0,5242.2,5242.2,0.0,0.0,0.0,0.0,0.0,433.8,0.0,0.0,0.0,0.0,0.0,0.0,0.0,4531.5,277.0,0.0
2050-04-27 16:00:00,2050-04-27 14:00:00,1731.6,2818.8,0.0,0.0,4550.4,1675.5,0.0,0.0,0.0,0.0324,0.0453,upv,upv,0.0,0.0,0.0,0.0,0.0,0.0,0.0,0.0,0.0,0.0,0.0,0.0,0.0,0.0,0.0,0.0,0.0,0.0,140.0,2.6,0.27,16.5,1055.6,0.06,140.2,48.0,188.2,0.0,0.0,0.0,0.0,0.0,0.0,0.0,0.0,0.0,0.0,0.0,0.0,0.0,0.0,0.0,0.0,0.0,0.0,5938.8,5938.8,4550.4,4550.4,0.0,0.0,0.0,0.0,0.0,431.3,0.0,0.0,0.0,0.0,0.0,0.0,0.0,3845.1,274.1,0.0
2050-04-27 17:00:00,2050-04-27 15:00:00,1796.8,3227.6,0.0,0.0,5024.5,1737.8,-0.0,0.0,0.0,0.0329,0.047,upv,upv,0.0,0.0,0.0,0.0,0.0,0.0,0.0,0.0,0.0,0.0,0.0,0.0,0.0,0.0,0.0,0.0,0.0,0.0,140.1,2.6,0.27,16.6,1056.1,0.06,140.2,48.0,188.3,0.0,0.0,0.0,0.0,0.0,0.0,0.0,0.0,0.0,0.0,0.0,0.0,0.0,0.0,0.0,0.0,0.0,0.0,5545.9,5545.9,5024.5,5024.5,0.0,0.0,0.0,0.0,0.0,435.2,0.0,0.0,0.0,0.0,0.0,0.0,0.0,4328.4,260.8,0.0
2050-04-27 18:00:00,2050-04-27 16:00:00,1886.3,3403.2,0.0,0.0,5289.5,1822.9,0.0,0.0,0.0,0.0336,0.0493,upv,upv,0.0,0.0,0.0,0.0,0.0,0.0,0.0,0.0,0.0,0.0,0.0,0.0,0.0,0.0,0.0,0.0,0.0,0.0,140.2,2.6,0.27,16.6,1056.9,0.06,140.3,48.1,188.4,0.0,0.0,0.0,0.0,0.0,0.0,0.0,0.0,0.0,0.0,0.0,0.0,0.0,0.0,0.0,0.0,0.0,0.0,5189.9,5189.9,5289.5,5289.5,0.0,0.0,0.0,0.0,0.0,432.0,0.0,0.0,0.0,0.0,0.0,0.0,0.0,4613.4,244.2,0.0
2050-04-27 19:00:00,2050-04-27 17:00:00,1955.8,2434.0,0.0,6.5,4396.2,1888.9,-992.5,0.0,992.5,0.0342,0.0511,battery,upv,0.0,0.0,0.0,0.0,0.0,0.0,0.0,0.0,0.0,0.0,0.0,0.0,0.0,0.0,0.0,0.0,0.0,0.0,140.4,2.6,0.27,16.6,1058.1,0.06,140.5,48.1,188.6,0.0,0.0,0.0,0.0,0.0,0.0,0.0,0.0,0.0,0.0,0.0,0.0,0.0,0.0,0.0,0.0,0.0,0.0,0.0,0.0,5388.8,5388.8,0.0,0.0,0.0,0.0,0.0,217.8,0.0,0.0,0.0,0.0,0.0,0.0,0.0,4943.6,227.3,0.0
2050-04-27 20:00:00,2050-04-27 18:00:00,2030.5,0.0,0.0,14.3,2044.8,1959.8,1870.6,445.3,1136.5,0.0349,0.0531,battery,upv,0.0,0.0,0.0,0.0,0.0,0.0,0.0,0.0,0.0,0.0,0.0,0.0,0.0,0.0,0.0,0.0,0.0,0.0,142.8,2.7,0.27,16.9,1076.3,0.06,142.9,49.0,191.9,0.0,0.0,0.0,0.0,0.0,0.0,0.0,0.0,0.0,6.87,0.0,0.0,6.87,7.25,0.0,0.0,7.25,0.0,0.0,0.0,2736.0,174.2,2561.8,0.0,0.0,0.0,0.0,0.3,0.0,0.0,0.0,0.0,0.0,0.0,0.0,6.6,167.3,0.0
2050-04-27 21:00:00,2050-04-27 19:00:00,2085.3,0.0,0.0,17.6,2102.8,2011.5,1956.8,445.3,1640.0,0.0354,0.0545,battery,upv,0.0,0.0,0.0,0.0,0.0,0.0,0.0,0.0,0.0,0.0,0.0,0.0,0.0,0.0,0.0,0.0,0.0,0.0,143.2,2.7,0.27,16.9,1079.6,0.06,143.4,49.1,192.5,0.0,0.0,0.0,0.0,0.0,0.0,0.0,0.0,0.0,6.87,0.0,0.0,6.87,7.27,0.0,0.0,7.27,0.0,0.0,0.0,3297.5,146.0,3151.5,0.0,0.0,0.0,0.0,0.0,0.0,0.0,0.0,0.0,0.0,0.0,0.0,0.0,146.0,0.0
2050-04-27 22:00:00,2050-04-27 20:00:00,2021.1,0.0,0.0,17.5,2038.6,1950.8,1925.1,445.3,1637.4,0.0348,0.0529,battery,upv,0.0,0.0,0.0,0.0,0.0,0.0,0.0,0.0,0.0,0.0,0.0,0.0,0.0,0.0,0.0,0.0,0.0,0.0,142.2,2.7,0.27,16.8,1072.3,0.06,142.4,48.8,191.2,0.0,0.0,0.0,0.0,0.0,0.0,0.0,0.0,0.0,6.87,0.0,0.0,6.87,7.25,0.0,0.0,7.25,0.0,0.0,0.0,3230.7,113.5,3117.2,0.0,0.0,0.0,0.0,0.0,0.0,0.0,0.0,0.0,0.0,0.0,0.0,0.0,113.5,0.0
2050-04-27 23:00:00,2050-04-27 21:00:00,1886.3,0.0,0.0,15.7,1902.0,1822.9,1825.6,445.3,1347.2,0.0336,0.0493,battery,distpv,0.0,0.0,0.0,0.0,0.0,0.0,0.0,0.0,0.0,0.0,0.0,0.0,0.0,0.0,0.0,0.0,0.0,0.0,142.6,2.7,0.27,16.8,1074.9,0.06,142.7,48.9,191.6,0.0,0.0,0.0,0.0,0.0,0.0,0.0,0.0,0.0,6.87,0.0,0.0,6.87,7.23,0.0,0.0,7.23,0.0,0.0,0.0,2803.9,76.4,2727.5,0.0,0.0,0.0,0.0,0.0,0.0,0.0,0.0,0.0,0.0,0.0,0.0,0.0,76.4,0.0
2050-04-28 00:00:00,2050-04-27 22:00:00,1718.9,0.0,0.0,16.0,1735.0,1663.5,1699.5,445.3,1401.6,0.0323,0.045,hydro,upv,0.0,0.0,0.0,0.0,0.0,0.0,0.0,0.0,0.0,0.0,0.0,0.0,0.0,0.0,0.0,0.0,0.0,0.0,141.8,2.7,0.27,16.8,1069.4,0.06,142.0,48.6,190.6,0.0,0.0,0.0,0.0,0.0,0.0,0.0,0.0,0.0,6.87,0.0,0.0,6.87,7.19,0.0,0.0,7.19,0.0,0.0,0.0,2691.2,35.4,2655.8,0.0,0.0,0.0,0.0,0.0,0.0,0.0,0.0,0.0,0.0,0.0,0.0,0.0,35.4,0.0
2050-04-28 01:00:00,2050-04-27 23:00:00,1553.7,0.0,0.0,8.2,1561.9,1505.3,1539.1,445.3,198.2,0.0312,0.0406,battery,hydro,0.0,0.0,0.0,0.0,0.0,0.0,0.0,0.0,0.0,0.0,0.0,0.0,0.0,0.0,0.0,0.0,0.0,0.0,141.8,2.7,0.27,16.7,1068.8,0.06,141.9,48.6,190.5,0.0,0.0,0.0,0.0,0.0,0.0,0.0,0.0,0.0,6.87,0.0,0.0,6.87,7.16,0.0,0.0,7.16,0.0,0.0,0.0,1314.8,22.8,1292.0,0.0,0.0,0.0,0.0,0.0,0.0,0.0,0.0,0.0,0.0,0.0,0.0,0.0,22.8,0.0
2050-04-28 02:00:00,2050-04-28 00:00:00,1400.0,0.0,0.0,8.8,1408.8,1357.5,1384.6,445.3,289.1,0.0303,0.0366,battery,upv,0.0,0.0,0.0,0.0,0.0,0.0,0.0,0.0,0.0,0.0,0.0,0.0,0.0,0.0,0.0,0.0,0.0,0.0,146.6,2.8,0.28,17.3,1105.5,0.06,146.8,50.3,197.1,0.0,0.0,0.0,0.0,0.0,0.0,0.0,0.0,0.0,6.87,0.0,0.0,6.87,7.13,0.0,0.0,7.13,0.0,0.0,0.0,1252.6,24.2,1228.4,0.0,0.0,0.0,0.0,0.0,0.0,0.0,0.0,0.0,0.0,0.0,0.0,0.0,24.2,0.0
2050-04-28 03:00:00,2050-04-28 01:00:00,1291.6,0.0,0.0,14.8,1306.4,1252.9,1290.9,445.3,1213.4,0.0299,0.0338,battery,hydro,0.0,0.0,0.0,0.0,0.0,0.0,0.0,0.0,0.0,0.0,0.0,0.0,0.0,0.0,0.0,0.0,0.0,0.0,144.3,2.7,0.27,17.0,1087.7,0.06,144.4,49.5,193.9,0.0,0.0,0.0,0.0,0.0,0.0,0.0,0.0,0.0,6.87,0.0,0.0,6.87,7.11,0.0,0.0,7.11,0.0,0.0,0.0,2074.5,15.4,2059.0,0.0,0.0,0.0,0.0,0.0,0.0,0.0,0.0,0.0,0.0,0.0,0.0,0.0,15.4,0.0
2050-04-28 04:00:00,2050-04-28 02:00:00,1222.1,0.0,0.0,17.6,1239.7,1185.7,1232.7,445.3,1640.0,0.0298,0.032,battery,upv,0.0,0.0,0.0,0.0,0.0,0.0,0.0,0.0,0.0,0.0,0.0,0.0,0.0,0.0,0.0,0.0,0.0,0.0,145.7,2.8,0.28,17.2,1098.8,0.06,145.9,50.0,195.9,0.0,0.0,0.0,0.0,0.0,0.0,0.0,0.0,0.0,6.87,0.0,0.0,6.87,7.1,0.0,0.0,7.1,0.0,0.0,0.0,2434.3,7.0,2427.3,0.0,0.0,0.0,0.0,0.0,0.0,0.0,0.0,0.0,0.0,0.0,0.0,0.0,7.0,0.0
2050-04-28 05:00:00,2050-04-28 03:00:00,1172.6,0.0,0.0,10.4,1183.0,1137.8,1175.9,445.3,532.3,0.0297,0.0307,battery,upv,0.0,0.0,0.0,0.0,0.0,0.0,0.0,0.0,0.0,0.0,0.0,0.0,0.0,0.0,0.0,0.0,0.0,0.0,144.7,2.7,0.27,17.1,1090.6,0.06,144.8,49.6,194.4,0.0,0.0,0.0,0.0,0.0,0.0,0.0,0.0,0.0,6.87,0.0,0.0,6.87,7.09,0.0,0.0,7.09,0.0,0.0,0.0,1270.0,7.1,1263.0,0.0,0.0,0.0,0.0,0.0,0.0,0.0,0.0,0.0,0.0,0.0,0.0,0.0,7.1,0.0
2050-04-28 06:00:00,2050-04-28 04:00:00,1165.3,0.0,0.0,16.5,1181.8,1130.6,1170.6,445.3,1479.2,0.0297,0.0305,battery,upv,0.0,0.0,0.0,0.0,0.0,0.0,0.0,0.0,0.0,0.0,0.0,0.0,0.0,0.0,0.0,0.0,0.0,0.0,142.9,2.7,0.27,16.9,1077.4,0.06,143.1,49.0,192.1,0.0,0.0,0.0,0.0,0.0,0.0,0.0,0.0,0.0,6.87,0.0,0.0,6.87,7.08,0.0,0.0,7.08,0.0,0.0,0.0,2215.7,11.2,2204.5,0.0,0.0,0.0,0.0,0.0,0.0,0.0,0.0,0.0,0.0,0.0,0.0,0.0,11.2,0.0
2050-04-28 07:00:00,2050-04-28 05:00:00,1213.7,0.0,0.0,16.7,1230.4,1177.6,736.9,445.3,1511.9,0.0298,0.0317,battery,hydro,0.0,0.0,0.0,0.0,0.0,0.0,0.0,0.0,0.0,0.0,0.0,0.0,0.0,0.0,0.0,0.0,0.0,0.0,141.5,2.7,0.27,16.7,1066.9,0.06,141.7,48.5,190.2,0.0,0.0,0.0,0.0,0.0,0.0,0.0,0.0,0.0,6.87,0.0,0.0,6.87,7.09,0.0,0.0,7.09,0.0,0.0,0.0,2297.0,493.5,1803.5,0.0,0.0,0.0,0.0,20.3,0.0,0.0,0.0,0.0,0.0,0.0,0.0,460.4,12.8,0.0
2050-04-28 08:00:00,2050-04-28 06:00:00,1320.0,3045.5,0.0,0.0,4365.5,1280.4,0.0,0.0,0.0,0.03,0.0345,upv,upv,0.0,0.0,0.0,0.0,0.0,0.0,0.0,0.0,0.0,0.0,0.0,0.0,0.0,0.0,0.0,0.0,0.0,0.0,139.7,2.6,0.26,16.5,1053.0,0.06,139.8,47.9,187.7,0.0,0.0,0.0,0.0,0.0,0.0,0.0,0.0,0.0,0.0,0.0,0.0,0.0,0.0,0.0,0.0,0.0,15.4,2000.4,2015.7,4365.5,4365.5,0.0,0.0,0.0,0.0,0.0,268.7,0.0,0.0,0.0,0.0,0.0,0.0,0.0,4096.8,0.0,0.0
2050-04-28 09:00:00,2050-04-28 07:00:00,1494.7,3629.9,0.0,0.0,5124.7,1448.7,0.0,0.0,0.0,0.0308,0.0391,upv,upv,0.0,0.0,0.0,0.0,0.0,0.0,0.0,0.0,0.0,0.0,0.0,0.0,0.0,0.0,0.0,0.0,0.0,0.0,139.8,2.6,0.26,16.5,1053.9,0.06,139.9,47.9,187.9,0.0,0.0,0.0,0.0,0.0,0.0,0.0,0.0,0.0,0.0,0.0,0.0,0.0,0.0,0.0,0.0,0.0,7.8,5137.5,5145.3,5124.7,5124.7,0.0,0.0,0.0,0.0,0.0,433.1,0.0,0.0,0.0,0.0,0.0,0.0,0.0,4691.6,0.0,0.0
2050-04-28 10:00:00,2050-04-28 08:00:00,1654.7,2266.2,0.0,0.0,3920.9,1602.1,0.0,0.0,0.0,0.0318,0.0433,upv,upv,0.0,0.0,0.0,0.0,0.0,0.0,0.0,0.0,0.0,0.0,0.0,0.0,0.0,0.0,0.0,0.0,0.0,0.0,139.9,2.6,0.26,16.5,1055.0,0.06,140.1,48.0,188.1,0.0,0.0,0.0,0.0,0.0,0.0,0.0,0.0,0.0,0.0,0.0,0.0,0.0,0.0,0.0,0.0,0.0,5.5,6388.6,6394.2,3920.9,3920.9,0.0,0.0,0.0,0.0,0.0,435.2,0.0,0.0,0.0,0.0,0.0,0.0,0.0,3485.7,0.0,0.0
2050-04-28 11:00:00,2050-04-28 09:00:00,1706.3,3132.6,0.0,0.0,4838.9,1651.4,0.0,0.0,0.0,0.0322,0.0446,upv,upv,0.0,0.0,0.0,0.0,0.0,0.0,0.0,0.0,0.0,0.0,0.0,0.0,0.0,0.0,0.0,0.0,0.0,0.0,140.0,2.6,0.26,16.5,1055.4,0.06,140.1,48.0,188.1,0.0,0.0,0.0,0.0,0.0,0.0,0.0,0.0,0.0,0.0,0.0,0.0,0.0,0.0,0.0,0.0,0.0,2.0,5470.6,5472.6,4838.9,4838.9,0.0,0.0,0.0,0.0,0.0,435.2,0.0,0.0,0.0,0.0,0.0,0.0,0.0,4403.7,0.0,0.0
2050-04-28 12:00:00,2050-04-28 10:00:00,1708.4,2983.4,0.0,0.0,4691.8,1653.4,0.0,0.0,0.0,0.0322,0.0447,upv,upv,0.0,0.0,0.0,0.0,0.0,0.0,0.0,0.0,0.0,0.0,0.0,0.0,0.0,0.0,0.0,0.0,0.0,0.0,140.0,2.6,0.26,16.5,1055.4,0.06,140.1,48.0,188.1,0.0,0.0,0.0,0.0,0.0,0.0,0.0,0.0,0.0,0.0,0.0,0.0,0.0,0.0,0.0,0.0,0.0,0.3,5617.7,5618.0,4691.8,4691.8,0.0,0.0,0.0,0.0,0.0,435.2,0.0,0.0,0.0,0.0,0.0,0.0,0.0,4256.6,0.0,0.0
2050-04-28 13:00:00,2050-04-28 11:00:00,1706.3,2042.2,0.0,0.0,3748.6,1651.4,0.0,0.0,0.0,0.0322,0.0446,upv,upv,0.0,0.0,0.0,0.0,0.0,0.0,0.0,0.0,0.0,0.0,0.0,0.0,0.0,0.0,0.0,0.0,0.0,0.0,140.0,2.6,0.26,16.5,1055.4,0.06,140.1,48.0,188.1,0.0,0.0,0.0,0.0,0.0,0.0,0.0,0.0,0.0,0.0,0.0,0.0,0.0,0.0,0.0,0.0,0.0,3.7,6561.0,6564.7,3748.6,3748.6,0.0,0.0,0.0,0.0,0.0,435.2,0.0,0.0,0.0,0.0,0.0,0.0,0.0,3313.3,0.0,0.0
2050-04-28 14:00:00,2050-04-28 12:00:00,1742.1,2626.7,0.0,0.0,4368.8,1685.6,0.0,0.0,0.0,0.0325,0.0456,upv,upv,0.0,0.0,0.0,0.0,0.0,0.0,0.0,0.0,0.0,0.0,0.0,0.0,0.0,0.0,0.0,0.0,0.0,0.0,140.0,2.6,0.27,16.5,1055.6,0.06,140.2,48.0,188.2,0.0,0.0,0.0,0.0,0.0,0.0,0.0,0.0,0.0,0.0,0.0,0.0,0.0,0.0,0.0,0.0,0.0,10.8,5940.7,5951.5,4368.8,4368.8,0.0,0.0,0.0,0.0,0.0,435.2,0.0,0.0,0.0,0.0,0.0,0.0,0.0,3933.6,0.0,0.0
2050-04-28 15:00:00,2050-04-28 13:00:00,1791.6,2143.1,0.0,0.0,3934.6,1732.7,0.0,0.0,0.0,0.0328,0.0469,upv,upv,0.0,0.0,0.0,0.0,0.0,0.0,0.0,0.0,0.0,0.0,0.0,0.0,0.0,0.0,0.0,0.0,0.0,0.0,140.1,2.6,0.27,16.6,1056.1,0.06,140.2,48.0,188.3,0.0,0.0,0.0,0.0,0.0,0.0,0.0,0.0,0.0,0.0,0.0,0.0,0.0,0.0,0.0,0.0,0.0,0.0,6400.4,6400.4,3934.6,3934.6,0.0,0.0,0.0,0.0,0.0,435.2,0.0,0.0,0.0,0.0,0.0,0.0,0.0,3473.9,25.5,0.0
2050-04-28 16:00:00,2050-04-28 14:00:00,1840.0,1426.0,0.0,0.0,3266.0,1778.9,0.0,0.0,0.0,0.0332,0.0481,upv,upv,0.0,0.0,0.0,0.0,0.0,0.0,0.0,0.0,0.0,0.0,0.0,0.0,0.0,0.0,0.0,0.0,0.0,0.0,140.1,2.6,0.27,16.6,1056.5,0.06,140.3,48.1,188.3,0.0,0.0,0.0,0.0,0.0,0.0,0.0,0.0,0.0,0.0,0.0,0.0,0.0,0.0,0.0,0.0,0.0,0.0,7087.8,7087.8,3266.0,3266.0,0.0,0.0,0.0,0.0,0.0,435.2,0.0,0.0,0.0,0.0,0.0,0.0,0.0,2786.5,44.3,0.0
2050-04-28 17:00:00,2050-04-28 15:00:00,1941.1,3016.4,0.0,0.0,4957.4,1874.9,0.0,0.0,0.0,0.0341,0.0508,upv,upv,0.0,0.0,0.0,0.0,0.0,0.0,0.0,0.0,0.0,0.0,0.0,0.0,0.0,0.0,0.0,0.0,0.0,0.0,140.3,2.6,0.27,16.6,1057.4,0.06,140.4,48.1,188.5,0.0,0.0,0.0,0.0,0.0,0.0,0.0,0.0,0.0,0.0,0.0,0.0,0.0,0.0,0.0,0.0,0.0,0.0,5410.9,5410.9,4957.4,4957.4,0.0,0.0,0.0,0.0,0.0,435.2,0.0,0.0,0.0,0.0,0.0,0.0,0.0,4463.4,58.7,0.0
2050-04-28 18:00:00,2050-04-28 16:00:00,2041.1,2236.2,0.0,0.0,4277.3,1969.7,0.0,0.0,0.0,0.0349,0.0534,upv,upv,0.0,0.0,0.0,0.0,0.0,0.0,0.0,0.0,0.0,0.0,0.0,0.0,0.0,0.0,0.0,0.0,0.0,0.0,140.4,2.6,0.27,16.6,1058.4,0.06,140.5,48.1,188.7,0.0,0.0,0.0,0.0,0.0,0.0,0.0,0.0,0.0,0.0,0.0,0.0,0.0,0.0,0.0,0.0,0.0,0.0,5688.8,5688.8,4277.3,4277.3,0.0,0.0,0.0,0.0,0.0,417.2,0.0,0.0,0.0,0.0,0.0,0.0,0.0,3778.3,81.8,0.0
2050-04-28 19:00:00,2050-04-28 17:00:00,2131.6,2618.3,0.0,0.0,4749.9,2055.3,0.0,0.0,0.0,0.0358,0.0557,upv,upv,0.0,0.0,0.0,0.0,0.0,0.0,0.0,0.0,0.0,0.0,0.0,0.0,0.0,0.0,0.0,0.0,0.0,0.0,140.5,2.7,0.27,16.6,1059.3,0.06,140.7,48.2,188.8,0.0,0.0,0.0,0.0,0.0,0.0,0.0,0.0,0.0,0.0,0.0,0.0,0.0,0.0,0.0,0.0,0.0,0.0,351.2,351.2,4749.9,4749.9,0.0,0.0,0.0,0.0,0.0,210.2,0.0,0.0,0.0,0.0,0.0,0.0,0.0,4421.2,118.5,0.0
2050-04-28 20:00:00,2050-04-28 18:00:00,2195.8,0.0,0.0,6.8,2202.6,2115.9,2026.0,92.8,823.4,0.0364,0.0574,battery,upv,0.0,0.0,0.0,0.0,0.0,0.0,0.0,0.0,0.0,0.0,0.0,0.0,0.0,0.0,0.0,0.0,0.0,0.0,142.9,2.7,0.27,16.9,1077.4,0.06,143.1,49.0,192.1,0.0,0.0,0.0,0.0,0.0,0.0,0.0,0.0,0.0,6.87,0.0,0.0,6.87,7.29,0.0,0.0,7.29,0.0,0.0,0.0,2933.2,176.6,2756.6,0.0,0.0,0.0,0.0,0.4,0.0,0.0,0.0,0.0,0.0,0.0,0.0,9.3,166.9,0.0
2050-04-28 21:00:00,2050-04-28 19:00:00,2206.3,0.0,0.0,15.5,2221.8,2125.8,2051.1,314.4,1640.0,0.0365,0.0577,battery,upv,0.0,0.0,0.0,0.0,0.0,0.0,0.0,0.0,0.0,0.0,0.0,0.0,0.0,0.0,0.0,0.0,0.0,0.0,143.2,2.7,0.27,16.9,1079.9,0.06,143.4,49.1,192.5,0.0,0.0,0.0,0.0,0.0,0.0,0.0,0.0,0.0,6.87,0.0,0.0,6.87,7.29,0.0,0.0,7.29,0.0,0.0,0.0,3547.4,170.7,3376.7,0.0,0.0,0.0,0.0,0.0,0.0,0.0,0.0,0.0,0.0,0.0,0.0,0.0,170.7,0.0
2050-04-28 22:00:00,2050-04-28 20:00:00,2108.4,0.0,0.0,4.6,2113.1,2033.4,1967.2,298.7,0.0,0.0356,0.0551,battery,upv,0.0,0.0,0.0,0.0,0.0,0.0,0.0,0.0,0.0,0.0,0.0,0.0,0.0,0.0,0.0,0.0,0.0,0.0,143.5,2.7,0.27,17.0,1081.9,0.06,143.7,49.2,192.9,0.0,0.0,0.0,0.0,0.0,0.0,0.0,0.0,0.0,6.87,0.0,0.0,6.87,7.27,0.0,0.0,7.27,0.0,0.0,0.0,1814.4,145.9,1668.5,0.0,0.0,0.0,0.0,0.0,0.0,0.0,0.0,0.0,0.0,0.0,0.0,0.0,145.9,0.0
2050-04-28 23:00:00,2050-04-28 21:00:00,1966.3,0.0,0.0,2.4,1968.7,1898.9,1860.3,23.6,306.4,0.0343,0.0514,battery,upv,0.0,0.0,0.0,0.0,0.0,0.0,0.0,0.0,0.0,0.0,0.0,0.0,0.0,0.0,0.0,0.0,0.0,0.0,143.3,2.7,0.27,16.9,1080.3,0.06,143.4,49.1,192.6,0.0,0.0,0.0,0.0,0.0,0.0,0.0,0.0,0.0,6.87,0.0,0.0,6.87,7.24,0.0,0.0,7.24,0.0,0.0,0.0,2251.5,108.4,2143.1,0.0,0.0,0.0,0.0,0.0,0.0,0.0,0.0,0.0,0.0,0.0,0.0,0.0,108.4,0.0
2050-04-29 00:00:00,2050-04-28 22:00:00,1804.2,0.0,0.0,16.2,1820.4,1744.8,1752.2,445.3,1431.8,0.0329,0.0472,battery,upv,0.0,0.0,0.0,0.0,0.0,0.0,0.0,0.0,0.0,0.0,0.0,0.0,0.0,0.0,0.0,0.0,0.0,0.0,149.0,2.8,0.28,17.6,1123.5,0.06,149.2,51.1,200.3,0.0,0.0,0.0,0.0,0.0,0.0,0.0,0.0,0.0,6.87,0.0,0.0,6.87,7.21,0.0,0.0,7.21,0.0,0.0,0.0,2806.9,68.3,2738.6,0.0,0.0,0.0,0.0,0.0,0.0,0.0,0.0,0.0,0.0,0.0,0.0,0.0,68.3,0.0
2050-04-29 01:00:00,2050-04-28 23:00:00,1624.2,0.0,0.0,15.9,1640.1,1572.9,1608.0,445.3,1377.0,0.0316,0.0425,battery,upv,0.0,0.0,0.0,0.0,0.0,0.0,0.0,0.0,0.0,0.0,0.0,0.0,0.0,0.0,0.0,0.0,0.0,0.0,141.3,2.7,0.27,16.7,1065.2,0.06,141.4,48.5,189.9,0.0,0.0,0.0,0.0,0.0,0.0,0.0,0.0,0.0,6.87,0.0,0.0,6.87,7.17,0.0,0.0,7.17,0.0,0.0,0.0,2571.8,32.1,2539.7,0.0,0.0,0.0,0.0,0.0,0.0,0.0,0.0,0.0,0.0,0.0,0.0,0.0,32.1,0.0
2050-04-29 02:00:00,2050-04-29 00:00:00,1482.1,0.0,0.0,11.2,1493.3,1436.5,1471.0,35.1,1640.0,0.0308,0.0388,battery,upv,0.0,0.0,0.0,0.0,0.0,0.0,0.0,0.0,0.0,0.0,0.0,0.0,0.0,0.0,0.0,0.0,0.0,0.0,142.6,2.7,0.27,16.8,1074.9,0.06,142.7,48.9,191.6,0.0,0.0,0.0,0.0,0.0,0.0,0.0,0.0,0.0,6.87,0.0,0.0,6.87,7.15,0.0,0.0,7.15,0.0,0.0,0.0,3098.1,22.3,3075.9,0.0,0.0,0.0,0.0,0.0,0.0,0.0,0.0,0.0,0.0,0.0,0.0,0.0,22.3,0.0
2050-04-29 03:00:00,2050-04-29 01:00:00,1327.4,0.0,0.0,6.6,1333.9,1287.5,1313.4,70.2,840.4,0.0301,0.0347,battery,wind-ons,0.0,0.0,0.0,0.0,0.0,0.0,0.0,0.0,0.0,0.0,0.0,0.0,0.0,0.0,0.0,0.0,0.0,0.0,173.9,3.3,0.33,20.5,1311.1,0.08,174.0,59.6,233.7,0.0,0.0,0.0,0.0,0.0,0.0,0.0,0.0,0.0,6.87,0.0,0.0,6.87,7.12,0.0,0.0,7.12,0.0,0.0,0.0,2104.1,20.5,2083.7,0.0,0.0,0.0,0.0,0.0,0.0,0.0,0.0,0.0,0.0,0.0,0.0,0.0,20.5,0.0
2050-04-29 04:00:00,2050-04-29 02:00:00,1245.3,0.0,0.0,5.2,1250.5,1208.1,1233.9,29.4,730.0,0.0298,0.0326,battery,upv,0.0,0.0,0.0,0.0,0.0,0.0,0.0,0.0,0.0,0.0,0.0,0.0,0.0,0.0,0.0,0.0,0.0,0.0,162.8,3.1,0.31,19.2,1227.8,0.07,163.0,55.8,218.9,0.0,0.0,0.0,0.0,0.0,0.0,0.0,0.0,0.0,6.87,0.0,0.0,6.87,7.1,0.0,0.0,7.1,0.0,0.0,0.0,1951.0,16.5,1934.5,0.0,0.0,0.0,0.0,0.0,0.0,0.0,0.0,0.0,0.0,0.0,0.0,0.0,16.5,0.0
2050-04-29 05:00:00,2050-04-29 03:00:00,1185.3,0.0,0.0,8.4,1193.6,1150.0,1182.2,287.3,602.4,0.0297,0.031,battery,upv,0.0,0.0,0.0,0.0,0.0,0.0,0.0,0.0,0.0,0.0,0.0,0.0,0.0,0.0,0.0,0.0,0.0,0.0,155.3,2.9,0.29,18.4,1171.3,0.07,155.5,53.3,208.8,0.0,0.0,0.0,0.0,0.0,0.0,0.0,0.0,0.0,6.87,0.0,0.0,6.87,7.09,0.0,0.0,7.09,0.0,0.0,0.0,1508.7,11.4,1497.2,0.0,0.0,0.0,0.0,0.0,0.0,0.0,0.0,0.0,0.0,0.0,0.0,0.0,11.4,0.0
2050-04-29 06:00:00,2050-04-29 04:00:00,1138.9,0.0,0.0,8.5,1147.4,1105.1,1138.6,294.0,605.9,0.0297,0.0298,battery,upv,0.0,0.0,0.0,0.0,0.0,0.0,0.0,0.0,0.0,0.0,0.0,0.0,0.0,0.0,0.0,0.0,0.0,0.0,141.7,2.7,0.27,16.7,1068.0,0.06,141.8,48.6,190.4,0.0,0.0,0.0,0.0,0.0,0.0,0.0,0.0,0.0,6.87,0.0,0.0,6.87,7.08,0.0,0.0,7.08,0.0,0.0,0.0,1459.3,8.8,1450.5,0.0,0.0,0.0,0.0,0.0,0.0,0.0,0.0,0.0,0.0,0.0,0.0,0.0,8.8,0.0
2050-04-29 07:00:00,2050-04-29 05:00:00,1126.3,0.0,0.0,5.1,1131.4,1092.9,607.5,48.2,667.2,0.0297,0.0295,battery,wind-ons,0.0,0.0,0.0,0.0,0.0,0.0,0.0,0.0,0.0,0.0,0.0,0.0,0.0,0.0,0.0,0.0,0.0,0.0,141.3,2.7,0.27,16.7,1065.2,0.06,141.4,48.5,189.9,0.0,0.0,0.0,0.0,0.0,0.0,0.0,0.0,0.0,6.87,0.0,0.0,6.87,7.08,0.0,0.0,7.08,0.0,0.0,0.0,1750.4,523.9,1226.5,0.0,0.0,0.0,0.0,21.8,0.0,0.0,0.0,0.0,0.0,0.0,0.0,495.2,6.9,0.0
2050-04-29 08:00:00,2050-04-29 06:00:00,1156.8,2423.4,0.0,0.0,3580.2,1122.5,0.0,0.0,0.0,0.0297,0.0303,upv,upv,0.0,0.0,0.0,0.0,0.0,0.0,0.0,0.0,0.0,0.0,0.0,0.0,0.0,0.0,0.0,0.0,0.0,0.0,139.6,2.6,0.26,16.5,1052.6,0.06,139.8,47.9,187.7,0.0,0.0,0.0,0.0,0.0,0.0,0.0,0.0,0.0,0.0,0.0,0.0,0.0,0.0,0.0,0.0,0.0,4.4,2441.4,2445.8,3580.2,3580.2,0.0,0.0,0.0,0.0,0.0,254.1,0.0,0.0,0.0,0.0,0.0,0.0,0.0,3326.2,0.0,0.0
2050-04-29 09:00:00,2050-04-29 07:00:00,1254.7,2366.0,0.0,0.0,3620.7,1217.3,0.0,0.0,0.0,0.0298,0.0328,upv,upv,0.0,0.0,0.0,0.0,0.0,0.0,0.0,0.0,0.0,0.0,0.0,0.0,0.0,0.0,0.0,0.0,0.0,0.0,139.6,2.6,0.26,16.5,1052.8,0.06,139.8,47.9,187.7,0.0,0.0,0.0,0.0,0.0,0.0,0.0,0.0,0.0,0.0,0.0,0.0,0.0,0.0,0.0,0.0,0.0,2.0,6182.5,6184.4,3620.7,3620.7,0.0,0.0,0.0,0.0,0.0,413.6,0.0,0.0,0.0,0.0,0.0,0.0,0.0,3207.2,0.0,0.0
2050-04-29 10:00:00,2050-04-29 08:00:00,1396.8,2431.9,0.0,0.0,3828.7,1354.5,0.0,0.0,0.0,0.0303,0.0365,upv,upv,0.0,0.0,0.0,0.0,0.0,0.0,0.0,0.0,0.0,0.0,0.0,0.0,0.0,0.0,0.0,0.0,0.0,0.0,139.7,2.6,0.26,16.5,1053.3,0.06,139.9,47.9,187.8,0.0,0.0,0.0,0.0,0.0,0.0,0.0,0.0,0.0,0.0,0.0,0.0,0.0,0.0,0.0,0.0,0.0,0.0,6480.8,6480.8,3828.7,3828.7,0.0,0.0,0.0,0.0,0.0,435.2,0.0,0.0,0.0,0.0,0.0,0.0,0.0,3393.5,0.0,0.0
2050-04-29 11:00:00,2050-04-29 09:00:00,1503.2,2042.2,0.0,0.0,3545.4,1456.8,0.0,0.0,0.0,0.0309,0.0393,upv,upv,0.0,0.0,0.0,0.0,0.0,0.0,0.0,0.0,0.0,0.0,0.0,0.0,0.0,0.0,0.0,0.0,0.0,0.0,139.8,2.6,0.26,16.5,1053.9,0.06,139.9,47.9,187.9,0.0,0.0,0.0,0.0,0.0,0.0,0.0,0.0,0.0,0.0,0.0,0.0,0.0,0.0,0.0,0.0,0.0,0.1,6764.1,6764.2,3545.4,3545.4,0.0,0.0,0.0,0.0,0.0,435.2,0.0,0.0,0.0,0.0,0.0,0.0,0.0,3110.2,0.0,0.0
2050-04-29 12:00:00,2050-04-29 10:00:00,1624.2,3080.4,0.0,0.0,4704.6,1572.9,-0.0,0.0,0.0,0.0316,0.0425,upv,upv,0.0,0.0,0.0,0.0,0.0,0.0,0.0,0.0,0.0,0.0,0.0,0.0,0.0,0.0,0.0,0.0,0.0,0.0,139.9,2.6,0.26,16.5,1054.7,0.06,140.1,48.0,188.0,0.0,0.0,0.0,0.0,0.0,0.0,0.0,0.0,0.0,0.0,0.0,0.0,0.0,0.0,0.0,0.0,0.0,3.7,5604.9,5608.6,4704.6,4704.6,0.0,0.0,0.0,0.0,0.0,435.2,0.0,0.0,0.0,0.0,0.0,0.0,0.0,4269.4,0.0,0.0
2050-04-29 13:00:00,2050-04-29 11:00:00,1722.1,3208.5,0.0,0.0,4930.6,1666.5,0.0,0.0,0.0,0.0323,0.045,upv,upv,0.0,0.0,0.0,0.0,0.0,0.0,0.0,0.0,0.0,0.0,0.0,0.0,0.0,0.0,0.0,0.0,0.0,0.0,140.0,2.6,0.26,16.5,1055.5,0.06,140.2,48.0,188.2,0.0,0.0,0.0,0.0,0.0,0.0,0.0,0.0,0.0,0.0,0.0,0.0,0.0,0.0,0.0,0.0,0.0,15.6,5378.9,5394.5,4930.6,4930.6,0.0,0.0,0.0,0.0,0.0,435.2,0.0,0.0,0.0,0.0,0.0,0.0,0.0,4495.4,0.0,0.0
2050-04-29 14:00:00,2050-04-29 12:00:00,1840.0,1292.0,0.0,0.0,3132.0,1778.9,0.0,0.0,0.0,0.0332,0.0481,upv,upv,0.0,0.0,0.0,0.0,0.0,0.0,0.0,0.0,0.0,0.0,0.0,0.0,0.0,0.0,0.0,0.0,0.0,0.0,140.1,2.6,0.27,16.6,1056.5,0.06,140.3,48.1,188.3,0.0,0.0,0.0,0.0,0.0,0.0,0.0,0.0,0.0,0.0,0.0,0.0,0.0,0.0,0.0,0.0,0.0,0.0,7217.2,7217.2,3132.0,3132.0,0.0,0.0,0.0,0.0,0.0,435.2,0.0,0.0,0.0,0.0,0.0,0.0,0.0,2657.1,39.7,0.0
2050-04-29 15:00:00,2050-04-29 13:00:00,1955.8,3693.0,0.0,0.0,5648.8,1888.9,0.0,0.0,0.0,0.0342,0.0511,upv,upv,0.0,0.0,0.0,0.0,0.0,0.0,0.0,0.0,0.0,0.0,0.0,0.0,0.0,0.0,0.0,0.0,0.0,0.0,140.3,2.6,0.27,16.6,1057.5,0.06,140.4,48.1,188.5,0.0,0.0,0.0,0.0,0.0,0.0,0.0,0.0,0.0,0.0,0.0,0.0,0.0,0.0,0.0,0.0,0.0,0.0,4722.0,4722.0,5648.8,5648.8,0.0,0.0,0.0,0.0,0.0,435.2,0.0,0.0,0.0,0.0,0.0,0.0,0.0,5152.3,61.2,0.0
2050-04-29 16:00:00,2050-04-29 14:00:00,2035.8,3924.6,0.0,0.0,5960.4,1964.7,-0.0,0.0,0.0,0.0349,0.0532,upv,upv,0.0,0.0,0.0,0.0,0.0,0.0,0.0,0.0,0.0,0.0,0.0,0.0,0.0,0.0,0.0,0.0,0.0,0.0,140.4,2.6,0.27,16.6,1058.3,0.06,140.5,48.1,188.7,0.0,0.0,0.0,0.0,0.0,0.0,0.0,0.0,0.0,0.0,0.0,0.0,0.0,0.0,0.0,0.0,0.0,0.0,4418.8,4418.8,5960.4,5960.4,0.0,0.0,0.0,0.0,0.0,435.2,0.0,0.0,0.0,0.0,0.0,0.0,0.0,5455.5,69.6,0.0
2050-04-29 17:00:00,2050-04-29 15:00:00,2144.2,3882.9,0.0,0.0,6027.1,2067.2,-0.0,0.0,0.0,0.0359,0.0561,upv,upv,0.0,0.0,0.0,0.0,0.0,0.0,0.0,0.0,0.0,0.0,0.0,0.0,0.0,0.0,0.0,0.0,0.0,0.0,140.5,2.7,0.27,16.6,1059.4,0.06,140.7,48.2,188.9,0.0,0.0,0.0,0.0,0.0,0.0,0.0,0.0,0.0,0.0,0.0,0.0,0.0,0.0,0.0,0.0,0.0,0.0,4361.5,4361.5,6027.1,6027.1,0.0,0.0,0.0,0.0,0.0,435.2,0.0,0.0,0.0,0.0,0.0,0.0,0.0,5512.8,79.1,0.0
2050-04-29 18:00:00,2050-04-29 16:00:00,2247.4,2821.5,0.0,0.0,5068.9,2164.5,0.0,0.0,0.0,0.0369,0.0588,upv,upv,0.0,0.0,0.0,0.0,0.0,0.0,0.0,0.0,0.0,0.0,0.0,0.0,0.0,0.0,0.0,0.0,0.0,0.0,140.7,2.7,0.27,16.6,1060.5,0.06,140.8,48.2,189.1,0.0,0.0,0.0,0.0,0.0,0.0,0.0,0.0,0.0,0.0,0.0,0.0,0.0,0.0,0.0,0.0,0.0,0.0,4612.9,4612.9,5068.9,5068.9,0.0,0.0,0.0,0.0,0.0,404.2,0.0,0.0,0.0,0.0,0.0,0.0,0.0,4563.5,101.2,0.0
2050-04-29 19:00:00,2050-04-29 17:00:00,2283.2,0.0,0.0,22.4,2305.6,2198.1,-2400.0,0.0,2400.0,0.0372,0.0597,upv,upv,0.0,0.0,0.0,0.0,0.0,0.0,0.0,0.0,0.0,0.0,0.0,0.0,0.0,0.0,0.0,0.0,0.0,0.0,140.8,2.7,0.27,16.6,1061.8,0.06,141.0,48.3,189.3,0.0,0.0,0.0,0.0,0.0,0.0,0.0,0.0,0.0,0.0,0.0,0.0,0.0,0.0,0.0,0.0,0.0,0.0,135.1,135.1,4705.6,4705.6,0.0,0.0,0.0,0.0,0.0,199.8,0.0,0.0,0.0,0.0,0.0,0.0,0.0,4398.2,107.7,0.0
2050-04-29 20:00:00,2050-04-29 18:00:00,2298.9,0.0,0.0,5.0,2304.0,2213.0,2186.6,0.0,487.2,0.0374,0.0601,battery,upv,0.0,0.0,0.0,0.0,0.0,0.0,0.0,0.0,0.0,0.0,0.0,0.0,0.0,0.0,0.0,0.0,0.0,0.0,143.0,2.7,0.27,16.9,1077.9,0.06,143.1,49.0,192.2,0.0,0.0,0.0,0.0,0.0,0.0,0.0,0.0,0.0,9.76,0.0,0.0,9.76,10.38,0.0,0.0,10.38,0.0,0.0,0.0,2791.2,117.4,2673.8,0.0,0.0,0.0,0.0,0.2,0.0,0.0,0.0,0.0,0.0,0.0,0.0,5.3,111.8,0.0
2050-04-29 21:00:00,2050-04-29 19:00:00,2278.9,0.0,0.0,10.7,2289.6,2194.2,2180.2,0.0,1640.0,0.0372,0.0596,battery,upv,0.0,0.0,0.0,0.0,0.0,0.0,0.0,0.0,0.0,0.0,0.0,0.0,0.0,0.0,0.0,0.0,0.0,0.0,143.4,2.7,0.27,16.9,1080.9,0.06,143.5,49.2,192.7,0.0,0.0,0.0,0.0,0.0,0.0,0.0,0.0,0.0,9.76,0.0,0.0,9.76,10.38,0.0,0.0,10.38,0.0,0.0,0.0,3929.6,109.4,3820.2,0.0,0.0,0.0,0.0,0.0,0.0,0.0,0.0,0.0,0.0,0.0,0.0,0.0,109.4,0.0
2050-04-29 22:00:00,2050-04-29 20:00:00,2195.8,0.0,0.0,2.0,2197.8,2115.9,2119.3,0.0,312.6,0.0364,0.0574,battery,gas-cc,0.0,0.0,0.0,0.0,0.0,0.0,0.0,0.0,0.0,0.0,0.0,0.0,0.0,0.0,0.0,0.0,0.0,0.0,143.2,2.7,0.27,16.9,1079.7,0.06,143.4,49.1,192.5,335.9,6.3,0.63,39.7,2534.7,0.15,336.3,115.3,451.5,9.76,0.0,0.0,9.76,10.35,0.0,0.0,10.35,0.0,0.0,0.0,2510.4,78.5,2431.9,0.0,0.0,0.0,0.0,0.0,0.0,0.0,0.0,0.0,0.0,0.0,0.0,0.0,78.5,0.0
2050-04-29 23:00:00,2050-04-29 21:00:00,2023.2,0.0,0.0,1.5,2024.7,1952.8,1940.2,0.0,231.7,0.0348,0.0529,battery,hydro,0.0,0.0,0.0,0.0,0.0,0.0,0.0,0.0,0.0,0.0,0.0,0.0,0.0,0.0,0.0,0.0,0.0,0.0,141.8,2.7,0.27,16.8,1069.1,0.06,142.0,48.6,190.6,0.0,0.0,0.0,0.0,0.0,0.0,0.0,0.0,0.0,9.76,0.0,0.0,9.76,10.3,0.0,0.0,10.3,0.0,0.0,0.0,2256.3,84.4,2171.9,0.0,0.0,0.0,0.0,0.0,0.0,0.0,0.0,0.0,0.0,0.0,0.0,0.0,84.4,0.0
2050-04-30 00:00:00,2050-04-29 22:00:00,1866.3,0.0,0.0,6.3,1872.6,1803.9,1753.3,0.0,968.5,0.0334,0.0488,battery,gas-cc,0.0,0.0,0.0,0.0,0.0,0.0,0.0,0.0,0.0,0.0,0.0,0.0,0.0,0.0,0.0,0.0,0.0,0.0,178.4,3.4,0.34,21.1,1345.3,0.08,178.6,61.2,239.8,332.9,6.3,0.63,39.3,2511.8,0.14,333.2,114.2,447.4,11.85,0.0,0.0,11.85,12.45,0.0,0.0,12.45,0.0,0.0,0.0,2841.1,119.3,2721.7,0.0,0.0,0.0,0.0,0.0,0.0,0.0,0.0,0.0,0.0,0.0,0.0,0.0,119.3,0.0
2050-04-30 01:00:00,2050-04-29 23:00:00,1698.9,0.0,0.0,2.9,1701.9,1644.3,1614.3,0.0,448.7,0.0321,0.0444,battery,wind-ons,0.0,0.0,0.0,0.0,0.0,0.0,0.0,0.0,0.0,0.0,0.0,0.0,0.0,0.0,0.0,0.0,0.0,0.0,201.3,3.8,0.38,23.8,1518.5,0.09,201.5,69.1,270.6,0.0,0.0,0.0,0.0,0.0,0.0,0.0,0.0,0.0,11.85,0.0,0.0,11.85,12.4,0.0,0.0,12.4,0.0,0.0,0.0,2150.5,87.6,2063.0,0.0,0.0,0.0,0.0,0.0,0.0,0.0,0.0,0.0,0.0,0.0,0.0,0.0,87.6,0.0
2050-04-30 02:00:00,2050-04-30 00:00:00,1535.8,0.0,0.0,5.0,1540.8,1488.1,1474.9,0.0,776.3,0.0311,0.0402,battery,upv,0.0,0.0,0.0,0.0,0.0,0.0,0.0,0.0,0.0,0.0,0.0,0.0,0.0,0.0,0.0,0.0,0.0,0.0,166.7,3.1,0.32,19.7,1256.9,0.07,166.9,57.2,224.0,0.0,0.0,0.0,0.0,0.0,0.0,0.0,0.0,0.0,11.85,0.0,0.0,11.85,12.34,0.0,0.0,12.34,0.0,0.0,0.0,2317.1,65.9,2251.2,0.0,0.0,0.0,0.0,0.0,0.0,0.0,0.0,0.0,0.0,0.0,0.0,0.0,65.9,0.0
2050-04-30 03:00:00,2050-04-30 01:00:00,1396.8,0.0,0.0,8.6,1405.4,1354.5,1350.0,0.0,1323.0,0.0303,0.0365,battery,upv,0.0,0.0,0.0,0.0,0.0,0.0,0.0,0.0,0.0,0.0,0.0,0.0,0.0,0.0,0.0,0.0,0.0,0.0,186.3,3.5,0.35,22.0,1405.4,0.08,186.6,63.9,250.5,0.0,0.0,0.0,0.0,0.0,0.0,0.0,0.0,0.0,11.85,0.0,0.0,11.85,12.3,0.0,0.0,12.3,0.0,0.0,0.0,2728.4,55.4,2673.0,0.0,0.0,0.0,0.0,0.0,0.0,0.0,0.0,0.0,0.0,0.0,0.0,0.0,55.4,0.0
2050-04-30 04:00:00,2050-04-30 02:00:00,1296.8,0.0,0.0,5.4,1302.3,1258.0,1250.4,0.0,833.9,0.03,0.0339,battery,upv,0.0,0.0,0.0,0.0,0.0,0.0,0.0,0.0,0.0,0.0,0.0,0.0,0.0,0.0,0.0,0.0,0.0,0.0,169.3,3.2,0.32,20.0,1276.6,0.07,169.5,58.1,227.5,0.0,0.0,0.0,0.0,0.0,0.0,0.0,0.0,0.0,11.85,0.0,0.0,11.85,12.26,0.0,0.0,12.26,0.0,0.0,0.0,2136.2,51.8,2084.3,0.0,0.0,0.0,0.0,0.0,0.0,0.0,0.0,0.0,0.0,0.0,0.0,0.0,51.8,0.0
2050-04-30 05:00:00,2050-04-30 03:00:00,1229.5,0.0,0.0,6.0,1235.5,1192.8,1184.3,0.0,928.4,0.0298,0.0322,battery,upv,0.0,0.0,0.0,0.0,0.0,0.0,0.0,0.0,0.0,0.0,0.0,0.0,0.0,0.0,0.0,0.0,0.0,0.0,179.6,3.4,0.34,21.2,1354.7,0.08,179.8,61.6,241.4,0.0,0.0,0.0,0.0,0.0,0.0,0.0,0.0,0.0,11.85,0.0,0.0,11.85,12.24,0.0,0.0,12.24,0.0,0.0,0.0,2163.9,51.2,2112.7,0.0,0.0,0.0,0.0,0.0,0.0,0.0,0.0,0.0,0.0,0.0,0.0,0.0,51.2,0.0
2050-04-30 06:00:00,2050-04-30 04:00:00,1180.0,0.0,0.0,2.0,1182.0,1144.9,1139.4,0.0,306.8,0.0297,0.0309,battery,upv,0.0,0.0,0.0,0.0,0.0,0.0,0.0,0.0,0.0,0.0,0.0,0.0,0.0,0.0,0.0,0.0,0.0,0.0,176.1,3.3,0.33,20.8,1328.2,0.08,176.3,60.4,236.7,0.0,0.0,0.0,0.0,0.0,0.0,0.0,0.0,0.0,11.85,0.0,0.0,11.85,12.22,0.0,0.0,12.22,0.0,0.0,0.0,1488.8,42.5,1446.3,0.0,0.0,0.0,0.0,0.0,0.0,0.0,0.0,0.0,0.0,0.0,0.0,0.0,42.5,0.0
2050-04-30 07:00:00,2050-04-30 05:00:00,1133.7,0.0,0.0,7.4,1141.1,1100.0,564.4,523.0,0.0,0.0297,0.0296,phs,hydro,0.0,0.0,0.0,0.0,0.0,0.0,0.0,0.0,0.0,0.0,0.0,0.0,0.2,0.5,0.0,0.0,0.2,0.2,140.8,2.7,0.27,16.6,1061.8,0.06,141.0,48.3,189.3,0.0,0.0,0.0,0.0,0.0,0.0,0.0,0.0,0.0,7.31,0.0,0.0,7.31,7.54,0.0,0.0,7.54,0.0,0.0,0.0,618.1,576.7,41.4,0.0,0.0,0.0,0.0,22.7,0.0,0.0,0.0,0.0,0.0,0.0,0.0,516.2,37.8,0.0
2050-04-30 08:00:00,2050-04-30 06:00:00,1138.9,1970.7,0.0,0.0,3109.6,1105.1,0.0,0.0,0.0,0.0297,0.0298,upv,upv,0.0,0.0,0.0,0.0,0.0,0.0,0.0,0.0,0.0,0.0,0.0,0.0,0.0,0.0,0.0,0.0,0.0,0.0,139.6,2.6,0.26,16.5,1052.6,0.06,139.8,47.9,187.7,0.0,0.0,0.0,0.0,0.0,0.0,0.0,0.0,0.0,0.0,0.0,0.0,0.0,0.0,0.0,0.0,0.0,0.0,2943.8,2943.8,3109.6,3109.6,0.0,0.0,0.0,0.0,0.0,254.4,0.0,0.0,0.0,0.0,0.0,0.0,0.0,2830.2,25.0,0.0
2050-04-30 09:00:00,2050-04-30 07:00:00,1231.6,2950.5,0.0,0.0,4182.1,1194.9,0.0,0.0,0.0,0.0298,0.0322,upv,upv,0.0,0.0,0.0,0.0,0.0,0.0,0.0,0.0,0.0,0.0,0.0,0.0,0.0,0.0,0.0,0.0,0.0,0.0,139.6,2.6,0.26,16.5,1052.7,0.06,139.8,47.9,187.7,0.0,0.0,0.0,0.0,0.0,0.0,0.0,0.0,0.0,0.0,0.0,0.0,0.0,0.0,0.0,0.0,0.0,12.3,5884.4,5896.7,4182.1,4182.1,0.0,0.0,0.0,0.0,0.0,424.8,0.0,0.0,0.0,0.0,0.0,0.0,0.0,3757.3,0.0,0.0
2050-04-30 10:00:00,2050-04-30 08:00:00,1386.3,3402.2,0.0,0.0,4788.5,1344.3,-0.0,0.0,0.0,0.0303,0.0363,upv,upv,0.0,0.0,0.0,0.0,0.0,0.0,0.0,0.0,0.0,0.0,0.0,0.0,0.0,0.0,0.0,0.0,0.0,0.0,139.7,2.6,0.26,16.5,1053.3,0.06,139.9,47.9,187.8,0.0,0.0,0.0,0.0,0.0,0.0,0.0,0.0,0.0,0.0,0.0,0.0,0.0,0.0,0.0,0.0,0.0,14.7,5521.1,5535.8,4788.5,4788.5,0.0,0.0,0.0,0.0,0.0,435.2,0.0,0.0,0.0,0.0,0.0,0.0,0.0,4353.2,0.0,0.0
2050-04-30 11:00:00,2050-04-30 09:00:00,1503.2,2626.7,0.0,0.0,4129.9,1456.8,0.0,0.0,0.0,0.0309,0.0393,upv,upv,0.0,0.0,0.0,0.0,0.0,0.0,0.0,0.0,0.0,0.0,0.0,0.0,0.0,0.0,0.0,0.0,0.0,0.0,139.8,2.6,0.26,16.5,1053.9,0.06,139.9,47.9,187.9,0.0,0.0,0.0,0.0,0.0,0.0,0.0,0.0,0.0,0.0,0.0,0.0,0.0,0.0,0.0,0.0,0.0,13.4,6179.7,6193.1,4129.9,4129.9,0.0,0.0,0.0,0.0,0.0,0.0,0.0,0.0,0.0,0.0,0.0,0.0,0.0,4129.9,0.0,0.0
2050-04-30 12:00:00,2050-04-30 10:00:00,1642.1,2983.4,0.0,0.0,4625.5,1590.0,0.0,0.0,0.0,0.0317,0.0429,upv,upv,0.0,0.0,0.0,0.0,0.0,0.0,0.0,0.0,0.0,0.0,0.0,0.0,0.0,0.0,0.0,0.0,0.0,0.0,139.9,2.6,0.26,16.5,1054.9,0.06,140.1,48.0,188.1,0.0,0.0,0.0,0.0,0.0,0.0,0.0,0.0,0.0,0.0,0.0,0.0,0.0,0.0,0.0,0.0,0.0,9.0,5684.0,5693.0,4625.5,4625.5,0.0,0.0,0.0,0.0,0.0,435.2,0.0,0.0,0.0,0.0,0.0,0.0,0.0,4190.3,0.0,0.0
2050-04-30 13:00:00,2050-04-30 11:00:00,1763.2,3207.3,0.0,0.0,4970.5,1705.6,0.0,0.0,0.0,0.0326,0.0461,upv,upv,0.0,0.0,0.0,0.0,0.0,0.0,0.0,0.0,0.0,0.0,0.0,0.0,0.0,0.0,0.0,0.0,0.0,0.0,140.0,2.6,0.27,16.5,1055.8,0.06,140.2,48.0,188.2,0.0,0.0,0.0,0.0,0.0,0.0,0.0,0.0,0.0,0.0,0.0,0.0,0.0,0.0,0.0,0.0,0.0,6.6,5339.0,5345.7,4970.5,4970.5,0.0,0.0,0.0,0.0,0.0,435.2,0.0,0.0,0.0,0.0,0.0,0.0,0.0,4535.3,0.0,0.0
2050-04-30 14:00:00,2050-04-30 12:00:00,1886.3,3758.9,0.0,0.0,5645.2,1822.9,0.0,0.0,0.0,0.0336,0.0493,upv,upv,0.0,0.0,0.0,0.0,0.0,0.0,0.0,0.0,0.0,0.0,0.0,0.0,0.0,0.0,0.0,0.0,0.0,0.0,140.2,2.6,0.27,16.6,1056.9,0.06,140.3,48.1,188.4,0.0,0.0,0.0,0.0,0.0,0.0,0.0,0.0,0.0,0.0,0.0,0.0,0.0,0.0,0.0,0.0,0.0,10.4,4664.4,4674.7,5645.2,5645.2,0.0,0.0,0.0,0.0,0.0,0.0,0.0,0.0,0.0,0.0,0.0,0.0,0.0,5645.2,0.0,0.0
2050-04-30 15:00:00,2050-04-30 13:00:00,2012.6,2979.6,0.0,0.0,4992.2,1942.8,0.0,0.0,0.0,0.0347,0.0526,upv,upv,0.0,0.0,0.0,0.0,0.0,0.0,0.0,0.0,0.0,0.0,0.0,0.0,0.0,0.0,0.0,0.0,0.0,0.0,140.4,2.6,0.27,16.6,1058.1,0.06,140.5,48.1,188.6,0.0,0.0,0.0,0.0,0.0,0.0,0.0,0.0,0.0,0.0,0.0,0.0,0.0,0.0,0.0,0.0,0.0,16.5,5317.3,5333.8,4992.2,4992.2,0.0,0.0,0.0,0.0,0.0,435.2,0.0,0.0,0.0,0.0,0.0,0.0,0.0,4557.0,0.0,0.0
2050-04-30 16:00:00,2050-04-30 14:00:00,2113.7,2685.8,0.0,0.0,4799.5,2038.4,-0.0,0.0,0.0,0.0356,0.0553,upv,upv,0.0,0.0,0.0,0.0,0.0,0.0,0.0,0.0,0.0,0.0,0.0,0.0,0.0,0.0,0.0,0.0,0.0,0.0,140.5,2.7,0.27,16.6,1059.1,0.06,140.6,48.2,188.8,0.0,0.0,0.0,0.0,0.0,0.0,0.0,0.0,0.0,0.0,0.0,0.0,0.0,0.0,0.0,0.0,0.0,19.9,5510.0,5529.9,4799.5,4799.5,0.0,0.0,0.0,0.0,0.0,435.2,0.0,0.0,0.0,0.0,0.0,0.0,0.0,4364.3,0.0,0.0
2050-04-30 17:00:00,2050-04-30 15:00:00,2208.4,2983.4,0.0,0.0,5191.8,2127.8,0.0,0.0,0.0,0.0365,0.0578,upv,upv,0.0,0.0,0.0,0.0,0.0,0.0,0.0,0.0,0.0,0.0,0.0,0.0,0.0,0.0,0.0,0.0,0.0,0.0,140.6,2.7,0.27,16.6,1060.1,0.06,140.8,48.2,189.0,0.0,0.0,0.0,0.0,0.0,0.0,0.0,0.0,0.0,0.0,0.0,0.0,0.0,0.0,0.0,0.0,0.0,26.0,5117.7,5143.7,5191.8,5191.8,0.0,0.0,0.0,0.0,0.0,435.2,0.0,0.0,0.0,0.0,0.0,0.0,0.0,4756.6,0.0,0.0
2050-04-30 18:00:00,2050-04-30 16:00:00,2325.3,1036.3,0.0,0.0,3361.6,2237.7,0.0,0.0,0.0,0.0377,0.0608,upv,upv,0.0,0.0,0.0,0.0,0.0,0.0,0.0,0.0,0.0,0.0,0.0,0.0,0.0,0.0,0.0,0.0,0.0,0.0,140.8,2.7,0.27,16.6,1061.3,0.06,140.9,48.3,189.2,0.0,0.0,0.0,0.0,0.0,0.0,0.0,0.0,0.0,0.0,0.0,0.0,0.0,0.0,0.0,0.0,0.0,31.4,6252.7,6284.2,3361.6,3361.6,0.0,0.0,0.0,0.0,0.0,405.6,0.0,0.0,0.0,0.0,0.0,0.0,0.0,2956.0,0.0,0.0
2050-04-30 19:00:00,2050-04-30 17:00:00,2371.6,581.6,0.0,11.0,2964.2,2281.2,-1664.3,0.0,1664.3,0.0381,0.062,upv,upv,0.0,0.0,0.0,0.0,0.0,0.0,0.0,0.0,0.0,0.0,0.0,0.0,0.0,0.0,0.0,0.0,0.0,0.0,141.2,2.7,0.27,16.7,1064.5,0.06,141.3,48.4,189.8,0.0,0.0,0.0,0.0,0.0,0.0,0.0,0.0,0.0,0.0,0.0,0.0,0.0,0.0,0.0,0.0,0.0,41.7,273.1,314.8,4628.5,4628.5,0.0,0.0,0.0,0.0,0.0,0.0,0.0,0.0,0.0,0.0,0.0,0.0,0.0,4628.5,0.0,0.0
2050-04-30 20:00:00,2050-04-30 18:00:00,2386.3,0.0,0.0,3.7,2390.0,2295.0,2300.6,0.0,564.3,0.0383,0.0624,battery,gas-cc,0.0,0.0,0.0,0.0,0.0,0.0,0.0,0.0,0.0,0.0,0.0,0.0,0.0,0.0,0.0,0.0,0.0,0.0,143.7,2.7,0.27,17.0,1083.2,0.06,143.8,49.3,193.1,386.5,7.3,0.73,45.7,2916.8,0.17,386.9,132.6,519.6,33.64,0.0,0.0,33.64,35.88,0.0,0.0,35.88,0.0,0.0,0.0,2954.2,89.3,2864.9,0.0,0.0,0.0,0.0,0.8,0.0,0.0,0.0,0.0,0.0,0.0,0.0,18.5,70.0,0.0
2050-04-30 21:00:00,2050-04-30 19:00:00,2366.3,0.0,0.0,2.3,2368.6,2276.2,2270.0,0.0,351.1,0.0381,0.0619,gas-cc,gas-cc,0.0,0.0,0.0,0.0,0.0,0.0,0.0,0.0,0.0,0.0,0.0,0.0,0.0,0.0,0.0,0.0,0.0,0.0,143.9,2.7,0.27,17.0,1085.2,0.06,144.1,49.4,193.5,375.0,7.1,0.71,44.3,2829.8,0.16,375.4,128.7,504.1,33.64,0.0,0.0,33.64,35.86,0.0,0.0,35.86,0.0,0.0,0.0,2719.7,98.6,2621.1,0.0,0.0,0.0,0.0,0.0,0.0,0.0,0.0,0.0,0.0,0.0,0.0,0.0,98.6,0.0
2050-04-30 22:00:00,2050-04-30 20:00:00,2250.5,0.0,0.0,0.6,2251.1,2167.4,2151.8,0.0,85.3,0.0369,0.0589,battery,gas-cc,0.0,0.0,0.0,0.0,0.0,0.0,0.0,0.0,0.0,0.0,0.0,0.0,0.0,0.0,0.0,0.0,0.0,0.0,143.8,2.7,0.27,17.0,1084.1,0.06,144.0,49.3,193.3,391.8,7.4,0.74,46.3,2956.8,0.17,392.2,134.4,526.7,33.64,0.0,0.0,33.64,35.74,0.0,0.0,35.74,0.0,0.0,0.0,2336.4,99.3,2237.1,0.0,0.0,0.0,0.0,0.0,0.0,0.0,0.0,0.0,0.0,0.0,0.0,0.0,99.3,0.0
2050-04-30 23:00:00,2050-04-30 21:00:00,2074.7,0.0,0.0,3.9,2078.7,2001.6,2019.3,0.0,607.5,0.0353,0.0543,battery,gas-cc,0.0,0.0,0.0,0.0,0.0,0.0,0.0,0.0,0.0,0.0,0.0,0.0,0.0,0.0,0.0,0.0,0.0,0.0,143.6,2.7,0.27,17.0,1082.8,0.06,143.8,49.3,193.0,389.9,7.3,0.73,46.1,2942.4,0.17,390.3,133.8,524.1,33.64,0.0,0.0,33.64,35.57,0.0,0.0,35.57,0.0,0.0,0.0,2686.2,59.4,2626.7,0.0,0.0,0.0,0.0,0.0,0.0,0.0,0.0,0.0,0.0,0.0,0.0,0.0,59.4,0.0
2050-05-01 00:00:00,2050-04-30 22:00:00,1878.9,0.0,0.0,5.9,1884.9,1815.9,1844.5,0.0,912.1,0.0335,0.0491,battery,gas-cc,0.0,0.0,0.0,0.0,0.0,0.0,0.0,0.0,0.0,0.0,0.0,0.0,0.0,0.0,0.0,0.0,0.0,0.0,141.5,2.7,0.27,16.7,1067.0,0.06,141.7,48.5,190.2,381.9,7.2,0.72,45.1,2881.8,0.17,382.3,131.0,513.3,33.55,0.0,0.0,33.55,35.29,0.0,0.0,35.29,0.0,0.0,0.0,2797.0,40.4,2756.6,0.0,0.0,0.0,0.0,0.0,0.0,0.0,0.0,0.0,0.0,0.0,0.0,0.0,40.4,0.0
2050-05-01 01:00:00,2050-04-30 23:00:00,1685.3,0.0,0.0,10.7,1695.9,1631.3,1636.7,0.0,1640.0,0.032,0.0441,battery,gas-cc,0.0,0.0,0.0,0.0,0.0,0.0,0.0,0.0,0.0,0.0,0.0,0.0,0.0,0.0,0.0,0.0,0.0,0.0,141.3,2.7,0.27,16.7,1065.0,0.06,141.4,48.4,189.9,379.1,7.1,0.71,44.8,2860.8,0.16,379.5,130.1,509.6,33.55,0.0,0.0,33.55,35.1,0.0,0.0,35.1,0.0,0.0,0.0,3335.9,59.3,3276.6,0.0,0.0,0.0,0.0,0.0,0.0,0.0,0.0,0.0,0.0,0.0,0.0,0.0,59.3,0.0
2050-05-01 02:00:00,2050-05-01 00:00:00,1492.6,0.0,0.0,9.6,1502.3,1446.6,1464.2,0.0,1480.0,0.0308,0.039,battery,gas-cc,0.0,0.0,0.0,0.0,0.0,0.0,0.0,0.0,0.0,0.0,0.0,0.0,0.0,0.0,0.0,0.0,0.0,0.0,141.1,2.7,0.27,16.7,1064.1,0.06,141.3,48.4,189.7,377.1,7.1,0.71,44.5,2845.8,0.16,377.5,129.4,506.9,33.55,0.0,0.0,33.55,34.92,0.0,0.0,34.92,0.0,0.0,0.0,2982.3,38.0,2944.3,0.0,0.0,0.0,0.0,0.0,0.0,0.0,0.0,0.0,0.0,0.0,0.0,0.0,38.0,0.0
2050-05-01 03:00:00,2050-05-01 01:00:00,1371.6,0.0,0.0,10.7,1382.2,1330.1,1362.7,0.0,1640.0,0.0302,0.0359,battery,gas-cc,0.0,0.0,0.0,0.0,0.0,0.0,0.0,0.0,0.0,0.0,0.0,0.0,0.0,0.0,0.0,0.0,0.0,0.0,141.0,2.7,0.27,16.7,1063.2,0.06,141.2,48.4,189.5,375.9,7.1,0.71,44.4,2836.5,0.16,376.3,129.0,505.3,33.55,0.0,0.0,33.55,34.8,0.0,0.0,34.8,0.0,0.0,0.0,3022.2,19.6,3002.6,0.0,0.0,0.0,0.0,0.0,0.0,0.0,0.0,0.0,0.0,0.0,0.0,0.0,19.6,0.0
2050-05-01 04:00:00,2050-05-01 02:00:00,1302.1,0.0,0.0,2.5,1304.6,1263.1,1296.7,0.0,382.6,0.03,0.0341,battery,gas-cc,0.0,0.0,0.0,0.0,0.0,0.0,0.0,0.0,0.0,0.0,0.0,0.0,0.0,0.0,0.0,0.0,0.0,0.0,141.0,2.7,0.27,16.7,1063.1,0.06,141.2,48.4,189.5,375.2,7.1,0.71,44.3,2831.1,0.16,375.6,128.7,504.3,33.55,0.0,0.0,33.55,34.74,0.0,0.0,34.74,0.0,0.0,0.0,1687.2,7.9,1679.3,0.0,0.0,0.0,0.0,0.0,0.0,0.0,0.0,0.0,0.0,0.0,0.0,0.0,7.9,0.0
2050-05-01 05:00:00,2050-05-01 03:00:00,1234.7,0.0,0.0,0.0,1234.7,1197.9,1232.5,0.0,0.0,0.0298,0.0323,battery,gas-cc,0.0,0.0,0.0,0.0,0.0,0.0,0.0,0.0,0.0,0.0,0.0,0.0,0.0,0.0,0.0,0.0,0.0,0.0,141.0,2.7,0.27,16.7,1062.9,0.06,141.1,48.4,189.5,374.5,7.1,0.71,44.2,2826.0,0.16,374.9,128.5,503.4,33.55,0.0,0.0,33.55,34.67,0.0,0.0,34.67,0.0,0.0,0.0,1234.7,2.2,1232.5,0.0,0.0,0.0,0.0,0.0,0.0,0.0,0.0,0.0,0.0,0.0,0.0,0.0,2.2,0.0
2050-05-01 06:00:00,2050-05-01 04:00:00,1208.4,0.0,0.0,0.0,1208.4,1172.5,1208.3,0.0,0.0,0.0298,0.0316,battery,gas-cc,0.0,0.0,0.0,0.0,0.0,0.0,0.0,0.0,0.0,0.0,0.0,0.0,0.0,0.0,0.0,0.0,0.0,0.0,141.8,2.7,0.27,16.8,1068.8,0.06,141.9,48.6,190.5,374.2,7.1,0.71,44.2,2824.0,0.16,374.6,128.4,503.0,33.55,0.0,0.0,33.55,34.65,0.0,0.0,34.65,0.0,0.0,0.0,1208.4,0.1,1208.3,0.0,0.0,0.0,0.0,0.0,0.0,0.0,0.0,0.0,0.0,0.0,0.0,0.0,0.1,0.0
2050-05-01 07:00:00,2050-05-01 05:00:00,1247.4,0.0,0.0,7.5,1254.9,1210.2,579.3,537.9,0.0,0.0298,0.0326,gas-cc,gas-cc,0.0,0.0,0.0,0.0,0.0,0.0,0.0,0.0,0.0,0.0,0.0,0.0,0.2,0.5,0.0,0.0,0.2,0.2,144.8,2.7,0.27,17.1,1091.8,0.06,145.0,49.7,194.6,363.7,6.9,0.69,43.0,2744.2,0.16,364.0,124.8,488.8,26.94,0.0,0.0,26.94,27.85,0.0,0.0,27.85,0.0,0.0,0.0,717.0,675.5,41.4,0.0,0.0,0.0,0.0,28.5,0.0,0.0,0.0,0.0,0.0,0.0,0.0,647.0,0.0,0.0
2050-05-01 08:00:00,2050-05-01 06:00:00,1357.9,3592.5,0.0,0.0,4950.4,1316.9,-0.0,0.0,0.0,0.0302,0.0355,upv,upv,0.0,0.0,0.0,0.0,0.0,0.0,0.0,0.0,0.0,0.0,0.0,0.0,0.0,0.0,0.0,0.0,0.0,0.0,139.7,2.6,0.26,16.5,1053.2,0.06,139.8,47.9,187.8,0.0,0.0,0.0,0.0,0.0,0.0,0.0,0.0,0.0,0.0,0.0,0.0,0.0,0.0,0.0,0.0,0.0,0.2,1341.3,1341.5,4950.4,4950.4,0.0,0.0,0.0,0.0,0.0,265.6,0.0,0.0,0.0,0.0,0.0,0.0,0.0,4684.7,0.0,0.0
2050-05-01 09:00:00,2050-05-01 07:00:00,1541.1,4019.6,0.0,0.0,5560.6,1493.1,-0.0,0.0,0.0,0.0311,0.0403,upv,upv,0.0,0.0,0.0,0.0,0.0,0.0,0.0,0.0,0.0,0.0,0.0,0.0,0.0,0.0,0.0,0.0,0.0,0.0,139.8,2.6,0.26,16.5,1054.2,0.06,140.0,48.0,187.9,0.0,0.0,0.0,0.0,0.0,0.0,0.0,0.0,0.0,0.0,0.0,0.0,0.0,0.0,0.0,0.0,0.0,0.0,4485.7,4485.7,5560.6,5560.6,0.0,0.0,0.0,0.0,0.0,424.0,0.0,0.0,0.0,0.0,0.0,0.0,0.0,5136.6,0.0,0.0
2050-05-01 10:00:00,2050-05-01 08:00:00,1740.0,4019.6,0.0,0.0,5759.6,1683.6,0.0,0.0,0.0,0.0324,0.0455,upv,upv,0.0,0.0,0.0,0.0,0.0,0.0,0.0,0.0,0.0,0.0,0.0,0.0,0.0,0.0,0.0,0.0,0.0,0.0,140.0,2.6,0.27,16.5,1055.6,0.06,140.2,48.0,188.2,0.0,0.0,0.0,0.0,0.0,0.0,0.0,0.0,0.0,0.0,0.0,0.0,0.0,0.0,0.0,0.0,0.0,0.3,4550.0,4550.2,5759.6,5759.6,0.0,0.0,0.0,0.0,0.0,435.2,0.0,0.0,0.0,0.0,0.0,0.0,0.0,5324.3,0.0,0.0
2050-05-01 11:00:00,2050-05-01 09:00:00,1822.1,2431.9,0.0,0.0,4254.0,1761.8,0.0,0.0,0.0,0.0331,0.0477,upv,upv,0.0,0.0,0.0,0.0,0.0,0.0,0.0,0.0,0.0,0.0,0.0,0.0,0.0,0.0,0.0,0.0,0.0,0.0,140.1,2.6,0.27,16.6,1056.3,0.06,140.3,48.0,188.3,0.0,0.0,0.0,0.0,0.0,0.0,0.0,0.0,0.0,0.0,0.0,0.0,0.0,0.0,0.0,0.0,0.0,0.2,6055.5,6055.8,4254.0,4254.0,0.0,0.0,0.0,0.0,0.0,435.2,0.0,0.0,0.0,0.0,0.0,0.0,0.0,3818.8,0.0,0.0
2050-05-01 12:00:00,2050-05-01 10:00:00,1881.1,2237.1,0.0,0.0,4118.1,1817.9,-0.0,0.0,0.0,0.0336,0.0492,upv,upv,0.0,0.0,0.0,0.0,0.0,0.0,0.0,0.0,0.0,0.0,0.0,0.0,0.0,0.0,0.0,0.0,0.0,0.0,140.2,2.6,0.27,16.6,1056.8,0.06,140.3,48.1,188.4,0.0,0.0,0.0,0.0,0.0,0.0,0.0,0.0,0.0,0.0,0.0,0.0,0.0,0.0,0.0,0.0,0.0,0.2,6191.4,6191.6,4118.1,4118.1,0.0,0.0,0.0,0.0,0.0,435.2,0.0,0.0,0.0,0.0,0.0,0.0,0.0,3682.9,0.0,0.0
2050-05-01 13:00:00,2050-05-01 11:00:00,1937.9,3887.8,0.0,0.0,5825.7,1871.9,0.0,0.0,0.0,0.034,0.0507,upv,upv,0.0,0.0,0.0,0.0,0.0,0.0,0.0,0.0,0.0,0.0,0.0,0.0,0.0,0.0,0.0,0.0,0.0,0.0,140.3,2.6,0.27,16.6,1057.4,0.06,140.4,48.1,188.5,0.0,0.0,0.0,0.0,0.0,0.0,0.0,0.0,0.0,0.0,0.0,0.0,0.0,0.0,0.0,0.0,0.0,0.3,4483.8,4484.1,5825.7,5825.7,0.0,0.0,0.0,0.0,0.0,435.2,0.0,0.0,0.0,0.0,0.0,0.0,0.0,5390.5,0.0,0.0
2050-05-01 14:00:00,2050-05-01 12:00:00,2015.8,2431.9,0.0,0.0,4447.7,1945.8,0.0,0.0,0.0,0.0347,0.0527,upv,upv,0.0,0.0,0.0,0.0,0.0,0.0,0.0,0.0,0.0,0.0,0.0,0.0,0.0,0.0,0.0,0.0,0.0,0.0,140.4,2.6,0.27,16.6,1058.1,0.06,140.5,48.1,188.6,0.0,0.0,0.0,0.0,0.0,0.0,0.0,0.0,0.0,0.0,0.0,0.0,0.0,0.0,0.0,0.0,0.0,2.1,5861.8,5863.9,4447.7,4447.7,0.0,0.0,0.0,0.0,0.0,435.2,0.0,0.0,0.0,0.0,0.0,0.0,0.0,4012.5,0.0,0.0
2050-05-01 15:00:00,2050-05-01 13:00:00,2113.7,2431.9,0.0,0.0,4545.6,2038.4,0.0,0.0,0.0,0.0356,0.0553,upv,upv,0.0,0.0,0.0,0.0,0.0,0.0,0.0,0.0,0.0,0.0,0.0,0.0,0.0,0.0,0.0,0.0,0.0,0.0,140.5,2.7,0.27,16.6,1059.1,0.06,140.6,48.2,188.8,0.0,0.0,0.0,0.0,0.0,0.0,0.0,0.0,0.0,0.0,0.0,0.0,0.0,0.0,0.0,0.0,0.0,6.3,5764.0,5770.3,4545.6,4545.6,0.0,0.0,0.0,0.0,0.0,435.2,0.0,0.0,0.0,0.0,0.0,0.0,0.0,4110.4,0.0,0.0
2050-05-01 16:00:00,2050-05-01 14:00:00,2162.1,3817.0,0.0,0.0,5979.1,2084.1,0.0,0.0,0.0,0.0361,0.0565,upv,upv,0.0,0.0,0.0,0.0,0.0,0.0,0.0,0.0,0.0,0.0,0.0,0.0,0.0,0.0,0.0,0.0,0.0,0.0,140.6,2.7,0.27,16.6,1059.6,0.06,140.7,48.2,188.9,0.0,0.0,0.0,0.0,0.0,0.0,0.0,0.0,0.0,0.0,0.0,0.0,0.0,0.0,0.0,0.0,0.0,0.0,4354.9,4354.9,5979.1,5979.1,0.0,0.0,0.0,0.0,0.0,435.2,0.0,0.0,0.0,0.0,0.0,0.0,0.0,5519.4,24.4,0.0
2050-05-01 17:00:00,2050-05-01 15:00:00,2275.8,1457.8,0.0,0.0,3733.6,2191.2,0.0,0.0,0.0,0.0372,0.0595,upv,upv,0.0,0.0,0.0,0.0,0.0,0.0,0.0,0.0,0.0,0.0,0.0,0.0,0.0,0.0,0.0,0.0,0.0,0.0,140.7,2.7,0.27,16.6,1060.8,0.06,140.9,48.3,189.1,0.0,0.0,0.0,0.0,0.0,0.0,0.0,0.0,0.0,0.0,0.0,0.0,0.0,0.0,0.0,0.0,0.0,0.0,6605.1,6605.1,3733.6,3733.6,0.0,0.0,0.0,0.0,0.0,435.2,0.0,0.0,0.0,0.0,0.0,0.0,0.0,3269.2,29.2,0.0
2050-05-01 18:00:00,2050-05-01 16:00:00,2420.0,839.5,0.0,0.0,3259.5,2326.6,0.0,0.0,0.0,0.0386,0.0633,upv,upv,0.0,0.0,0.0,0.0,0.0,0.0,0.0,0.0,0.0,0.0,0.0,0.0,0.0,0.0,0.0,0.0,0.0,0.0,140.9,2.7,0.27,16.6,1062.4,0.06,141.1,48.3,189.4,0.0,0.0,0.0,0.0,0.0,0.0,0.0,0.0,0.0,0.0,0.0,0.0,0.0,0.0,0.0,0.0,0.0,0.0,6397.0,6397.0,3259.5,3259.5,0.0,0.0,0.0,0.0,0.0,405.6,0.0,0.0,0.0,0.0,0.0,0.0,0.0,2811.7,42.2,0.0
2050-05-01 19:00:00,2050-05-01 17:00:00,2510.5,0.0,0.0,23.9,2534.4,2411.3,-2493.9,0.0,2493.9,0.0395,0.0657,battery,wind-ons,0.0,0.0,0.0,0.0,0.0,0.0,0.0,0.0,0.0,0.0,0.0,0.0,0.0,0.0,0.0,0.0,0.0,0.0,141.1,2.7,0.27,16.7,1063.7,0.06,141.2,48.4,189.6,0.0,0.0,0.0,0.0,0.0,0.0,0.0,0.0,0.0,4.57,0.0,0.0,4.57,4.89,0.0,0.0,4.89,0.0,0.0,0.0,5028.4,5028.4,0.0,0.0,0.0,0.0,0.0,209.3,0.0,0.0,0.0,0.0,0.0,0.0,0.0,4749.7,69.3,0.0
2050-05-01 20:00:00,2050-05-01 18:00:00,2580.0,0.0,0.0,10.3,2590.3,2476.1,2432.1,0.0,1587.5,0.0403,0.0675,battery,gas-cc,0.0,0.0,0.0,0.0,0.0,0.0,0.0,0.0,0.0,0.0,0.0,0.0,0.0,0.0,0.0,0.0,0.0,0.0,142.5,2.7,0.27,16.8,1073.9,0.06,142.6,48.9,191.5,383.6,7.2,0.72,45.3,2894.6,0.17,384.0,131.6,515.6,11.86,0.0,0.0,11.86,12.71,0.0,0.0,12.71,0.0,0.0,0.0,4177.8,158.2,4019.6,0.0,0.0,0.0,0.0,1.2,0.0,0.0,0.0,0.0,0.0,0.0,0.0,27.8,129.2,0.0
2050-05-01 21:00:00,2050-05-01 19:00:00,2569.5,0.0,0.0,4.2,2573.7,2466.3,2397.9,0.0,647.6,0.0402,0.0672,battery,hydro,0.0,0.0,0.0,0.0,0.0,0.0,0.0,0.0,0.0,0.0,0.0,0.0,0.0,0.0,0.0,0.0,0.0,0.0,142.2,2.7,0.27,16.8,1071.9,0.06,142.3,48.8,191.1,0.0,0.0,0.0,0.0,0.0,0.0,0.0,0.0,0.0,11.85,0.0,0.0,11.85,12.7,0.0,0.0,12.7,0.0,0.0,0.0,3221.3,175.8,3045.5,0.0,0.0,0.0,0.0,0.0,0.0,0.0,0.0,0.0,0.0,0.0,0.0,0.0,175.8,0.0
2050-05-01 22:00:00,2050-05-01 20:00:00,2425.3,0.0,0.0,14.5,2439.7,2331.5,2324.8,445.3,1166.0,0.0387,0.0634,battery,distpv,0.0,0.0,0.0,0.0,0.0,0.0,0.0,0.0,0.0,0.0,0.0,0.0,0.0,0.0,0.0,0.0,0.0,0.0,142.1,2.7,0.27,16.8,1071.5,0.06,142.3,48.7,191.0,0.0,0.0,0.0,0.0,0.0,0.0,0.0,0.0,0.0,11.85,0.0,0.0,11.85,12.65,0.0,0.0,12.65,0.0,0.0,0.0,3160.4,115.0,3045.5,0.0,0.0,0.0,0.0,0.0,0.0,0.0,0.0,0.0,0.0,0.0,0.0,0.0,115.0,0.0
2050-05-01 23:00:00,2050-05-01 21:00:00,2242.1,0.0,0.0,11.7,2253.8,2159.5,2170.4,445.3,735.9,0.0368,0.0586,battery,distpv,0.0,0.0,0.0,0.0,0.0,0.0,0.0,0.0,0.0,0.0,0.0,0.0,0.0,0.0,0.0,0.0,0.0,0.0,142.1,2.7,0.27,16.8,1071.5,0.06,142.3,48.7,191.0,0.0,0.0,0.0,0.0,0.0,0.0,0.0,0.0,0.0,11.85,0.0,0.0,11.85,12.58,0.0,0.0,12.58,0.0,0.0,0.0,2544.4,83.4,2461.0,0.0,0.0,0.0,0.0,0.0,0.0,0.0,0.0,0.0,0.0,0.0,0.0,0.0,83.4,0.0
2050-05-02 00:00:00,2050-05-01 22:00:00,2021.1,0.0,0.0,11.3,2032.4,1950.8,1958.8,43.8,1640.0,0.0348,0.0529,battery,upv,0.0,0.0,0.0,0.0,0.0,0.0,0.0,0.0,0.0,0.0,0.0,0.0,0.0,0.0,0.0,0.0,0.0,0.0,141.0,2.7,0.27,16.7,1063.1,0.06,141.2,48.4,189.5,0.0,0.0,0.0,0.0,0.0,0.0,0.0,0.0,0.0,11.85,0.0,0.0,11.85,12.51,0.0,0.0,12.51,0.0,0.0,0.0,3628.6,73.5,3555.0,0.0,0.0,0.0,0.0,0.0,0.0,0.0,0.0,0.0,0.0,0.0,0.0,0.0,73.5,0.0
2050-05-02 01:00:00,2050-05-01 23:00:00,1786.3,0.0,0.0,16.9,1803.2,1727.7,1743.2,403.0,1640.0,0.0328,0.0467,battery,upv,0.0,0.0,0.0,0.0,0.0,0.0,0.0,0.0,0.0,0.0,0.0,0.0,0.0,0.0,0.0,0.0,0.0,0.0,195.6,3.7,0.37,23.1,1475.3,0.09,195.8,67.1,262.9,0.0,0.0,0.0,0.0,0.0,0.0,0.0,0.0,0.0,11.85,0.0,0.0,11.85,12.43,0.0,0.0,12.43,0.0,0.0,0.0,3040.2,60.0,2980.2,0.0,0.0,0.0,0.0,0.0,0.0,0.0,0.0,0.0,0.0,0.0,0.0,0.0,60.0,0.0
2050-05-02 02:00:00,2050-05-02 00:00:00,1590.5,0.0,0.0,17.6,1608.1,1540.6,1537.8,445.3,1640.0,0.0314,0.0416,battery,upv,0.0,0.0,0.0,0.0,0.0,0.0,0.0,0.0,0.0,0.0,0.0,0.0,0.0,0.0,0.0,0.0,0.0,0.0,143.2,2.7,0.27,16.9,1079.3,0.06,143.3,49.1,192.4,0.0,0.0,0.0,0.0,0.0,0.0,0.0,0.0,0.0,11.85,0.0,0.0,11.85,12.36,0.0,0.0,12.36,0.0,0.0,0.0,2802.7,70.3,2732.5,0.0,0.0,0.0,0.0,0.0,0.0,0.0,0.0,0.0,0.0,0.0,0.0,0.0,70.3,0.0
2050-05-02 03:00:00,2050-05-02 01:00:00,1461.1,0.0,0.0,11.6,1472.7,1416.3,1422.1,445.3,726.0,0.0306,0.0382,battery,upv,0.0,0.0,0.0,0.0,0.0,0.0,0.0,0.0,0.0,0.0,0.0,0.0,0.0,0.0,0.0,0.0,0.0,0.0,155.6,2.9,0.29,18.4,1173.5,0.07,155.8,53.4,209.2,0.0,0.0,0.0,0.0,0.0,0.0,0.0,0.0,0.0,11.85,0.0,0.0,11.85,12.32,0.0,0.0,12.32,0.0,0.0,0.0,1753.3,50.6,1702.7,0.0,0.0,0.0,0.0,0.0,0.0,0.0,0.0,0.0,0.0,0.0,0.0,0.0,50.6,0.0
2050-05-02 04:00:00,2050-05-02 02:00:00,1361.1,0.0,0.0,6.9,1368.0,1320.0,1342.7,445.3,0.0,0.0302,0.0356,battery,upv,0.0,0.0,0.0,0.0,0.0,0.0,0.0,0.0,0.0,0.0,0.0,0.0,0.0,0.0,0.0,0.0,0.0,0.0,216.5,4.1,0.41,25.6,1633.4,0.09,216.8,74.3,291.1,0.0,0.0,0.0,0.0,0.0,0.0,0.0,0.0,0.0,11.85,0.0,0.0,11.85,12.28,0.0,0.0,12.28,0.0,0.0,0.0,922.6,25.2,897.4,0.0,0.0,0.0,0.0,0.0,0.0,0.0,0.0,0.0,0.0,0.0,0.0,0.0,25.2,0.0
2050-05-02 05:00:00,2050-05-02 03:00:00,1277.9,0.0,0.0,6.9,1284.8,1239.7,1270.4,445.3,0.0,0.0299,0.0334,battery,upv,0.0,0.0,0.0,0.0,0.0,0.0,0.0,0.0,0.0,0.0,0.0,0.0,0.0,0.0,0.0,0.0,0.0,0.0,140.7,2.7,0.27,16.6,1060.9,0.06,140.9,48.3,189.1,0.0,0.0,0.0,0.0,0.0,0.0,0.0,0.0,0.0,11.85,0.0,0.0,11.85,12.26,0.0,0.0,12.26,0.0,0.0,0.0,839.5,14.4,825.1,0.0,0.0,0.0,0.0,0.0,0.0,0.0,0.0,0.0,0.0,0.0,0.0,0.0,14.4,0.0
2050-05-02 06:00:00,2050-05-02 04:00:00,1247.4,0.0,0.0,9.6,1256.9,1210.2,1252.2,445.3,410.7,0.0298,0.0326,battery,upv,0.0,0.0,0.0,0.0,0.0,0.0,0.0,0.0,0.0,0.0,0.0,0.0,0.0,0.0,0.0,0.0,0.0,0.0,156.9,3.0,0.3,18.5,1183.4,0.07,157.1,53.8,210.9,0.0,0.0,0.0,0.0,0.0,0.0,0.0,0.0,0.0,11.85,0.0,0.0,11.85,12.25,0.0,0.0,12.25,0.0,0.0,0.0,1222.3,4.7,1217.6,0.0,0.0,0.0,0.0,0.0,0.0,0.0,0.0,0.0,0.0,0.0,0.0,0.0,4.7,0.0
2050-05-02 07:00:00,2050-05-02 05:00:00,1265.3,0.0,0.0,7.2,1272.5,1227.5,501.2,491.6,0.0,0.0299,0.0331,battery,upv,0.0,0.0,0.0,0.0,0.0,0.0,0.0,0.0,0.0,0.0,0.0,0.0,0.1,0.2,0.0,0.0,0.1,0.1,140.0,2.6,0.26,16.5,1055.4,0.06,140.1,48.0,188.2,0.0,0.0,0.0,0.0,0.0,0.0,0.0,0.0,0.0,11.85,0.0,0.0,11.85,12.25,0.0,0.0,12.25,0.0,0.0,0.0,780.9,771.3,9.6,0.0,0.0,0.0,0.0,32.2,0.0,0.0,0.0,0.0,0.0,0.0,0.0,730.6,8.5,0.0
2050-05-02 08:00:00,2050-05-02 06:00:00,1384.2,1541.4,0.0,0.0,2925.6,1342.3,0.0,0.0,0.0,0.0303,0.0362,upv,upv,0.0,0.0,0.0,0.0,0.0,0.0,0.0,0.0,0.0,0.0,0.0,0.0,0.0,0.0,0.0,0.0,0.0,0.0,139.7,2.6,0.26,16.5,1053.3,0.06,139.9,47.9,187.8,0.0,0.0,0.0,0.0,0.0,0.0,0.0,0.0,0.0,0.0,0.0,0.0,0.0,0.0,0.0,0.0,0.0,9.6,3726.9,3736.6,2925.6,2925.6,0.0,0.0,0.0,0.0,0.0,0.0,0.0,0.0,0.0,0.0,0.0,0.0,0.0,2925.6,0.0,0.0
2050-05-02 09:00:00,2050-05-02 07:00:00,1556.8,2461.0,0.0,0.0,4017.8,1508.3,0.0,0.0,0.0,0.0312,0.0407,upv,upv,0.0,0.0,0.0,0.0,0.0,0.0,0.0,0.0,0.0,0.0,0.0,0.0,0.0,0.0,0.0,0.0,0.0,0.0,139.8,2.6,0.26,16.5,1054.3,0.06,140.0,48.0,188.0,0.0,0.0,0.0,0.0,0.0,0.0,0.0,0.0,0.0,0.0,0.0,0.0,0.0,0.0,0.0,0.0,0.0,7.1,6291.7,6298.8,4017.8,4017.8,0.0,0.0,0.0,0.0,0.0,435.2,0.0,0.0,0.0,0.0,0.0,0.0,0.0,3582.6,0.0,0.0
2050-05-02 10:00:00,2050-05-02 08:00:00,1727.4,2431.9,0.0,0.0,4159.3,1671.5,0.0,0.0,0.0,0.0323,0.0452,upv,upv,0.0,0.0,0.0,0.0,0.0,0.0,0.0,0.0,0.0,0.0,0.0,0.0,0.0,0.0,0.0,0.0,0.0,0.0,140.0,2.6,0.26,16.5,1055.5,0.06,140.2,48.0,188.2,0.0,0.0,0.0,0.0,0.0,0.0,0.0,0.0,0.0,0.0,0.0,0.0,0.0,0.0,0.0,0.0,0.0,11.4,6150.3,6161.7,4159.3,4159.3,0.0,0.0,0.0,0.0,0.0,435.2,0.0,0.0,0.0,0.0,0.0,0.0,0.0,3724.0,0.0,0.0
2050-05-02 11:00:00,2050-05-02 09:00:00,1802.1,2917.5,0.0,0.0,4719.6,1742.8,-0.0,0.0,0.0,0.0329,0.0471,upv,upv,0.0,0.0,0.0,0.0,0.0,0.0,0.0,0.0,0.0,0.0,0.0,0.0,0.0,0.0,0.0,0.0,0.0,0.0,140.1,2.6,0.27,16.6,1056.1,0.06,140.2,48.0,188.3,0.0,0.0,0.0,0.0,0.0,0.0,0.0,0.0,0.0,0.0,0.0,0.0,0.0,0.0,0.0,0.0,0.0,0.0,5611.7,5611.7,4719.6,4719.6,0.0,0.0,0.0,0.0,0.0,435.2,0.0,0.0,0.0,0.0,0.0,0.0,0.0,4262.6,21.8,0.0
2050-05-02 12:00:00,2050-05-02 10:00:00,1848.4,3990.5,0.0,0.0,5838.9,1786.9,0.0,0.0,0.0,0.0333,0.0483,upv,upv,0.0,0.0,0.0,0.0,0.0,0.0,0.0,0.0,0.0,0.0,0.0,0.0,0.0,0.0,0.0,0.0,0.0,0.0,140.1,2.6,0.27,16.6,1056.6,0.06,140.3,48.1,188.4,0.0,0.0,0.0,0.0,0.0,0.0,0.0,0.0,0.0,0.0,0.0,0.0,0.0,0.0,0.0,0.0,0.0,0.0,4510.6,4510.6,5838.9,5838.9,0.0,0.0,0.0,0.0,0.0,435.2,0.0,0.0,0.0,0.0,0.0,0.0,0.0,5363.7,40.0,0.0
2050-05-02 13:00:00,2050-05-02 11:00:00,1881.1,3312.0,0.0,0.0,5193.1,1817.9,0.0,0.0,0.0,0.0336,0.0492,upv,upv,0.0,0.0,0.0,0.0,0.0,0.0,0.0,0.0,0.0,0.0,0.0,0.0,0.0,0.0,0.0,0.0,0.0,0.0,140.2,2.6,0.27,16.6,1056.8,0.06,140.3,48.1,188.4,0.0,0.0,0.0,0.0,0.0,0.0,0.0,0.0,0.0,0.0,0.0,0.0,0.0,0.0,0.0,0.0,0.0,0.0,5172.1,5172.1,5193.1,5193.1,0.0,0.0,0.0,0.0,0.0,435.2,0.0,0.0,0.0,0.0,0.0,0.0,0.0,4702.2,55.7,0.0
2050-05-02 14:00:00,2050-05-02 12:00:00,1937.9,4014.7,0.0,0.0,5952.6,1871.9,0.0,0.0,0.0,0.034,0.0507,upv,upv,0.0,0.0,0.0,0.0,0.0,0.0,0.0,0.0,0.0,0.0,0.0,0.0,0.0,0.0,0.0,0.0,0.0,0.0,140.3,2.6,0.27,16.6,1057.4,0.06,140.4,48.1,188.5,0.0,0.0,0.0,0.0,0.0,0.0,0.0,0.0,0.0,0.0,0.0,0.0,0.0,0.0,0.0,0.0,0.0,0.0,4423.1,4423.1,5952.6,5952.6,0.0,0.0,0.0,0.0,0.0,435.2,0.0,0.0,0.0,0.0,0.0,0.0,0.0,5451.2,66.1,0.0
2050-05-02 15:00:00,2050-05-02 13:00:00,2033.7,3825.8,0.0,0.0,5859.5,1962.7,-0.0,0.0,0.0,0.0349,0.0532,upv,upv,0.0,0.0,0.0,0.0,0.0,0.0,0.0,0.0,0.0,0.0,0.0,0.0,0.0,0.0,0.0,0.0,0.0,0.0,140.4,2.6,0.27,16.6,1058.3,0.06,140.5,48.1,188.7,0.0,0.0,0.0,0.0,0.0,0.0,0.0,0.0,0.0,0.0,0.0,0.0,0.0,0.0,0.0,0.0,0.0,0.0,4525.0,4525.0,5859.5,5859.5,0.0,0.0,0.0,0.0,0.0,435.2,0.0,0.0,0.0,0.0,0.0,0.0,0.0,5349.3,74.9,0.0
2050-05-02 16:00:00,2050-05-02 14:00:00,2101.1,3016.4,0.0,0.0,5117.4,2026.5,0.0,0.0,0.0,0.0355,0.0549,upv,upv,0.0,0.0,0.0,0.0,0.0,0.0,0.0,0.0,0.0,0.0,0.0,0.0,0.0,0.0,0.0,0.0,0.0,0.0,140.5,2.7,0.27,16.6,1059.0,0.06,140.6,48.2,188.8,0.0,0.0,0.0,0.0,0.0,0.0,0.0,0.0,0.0,0.0,0.0,0.0,0.0,0.0,0.0,0.0,0.0,0.0,5285.2,5285.2,5117.4,5117.4,0.0,0.0,0.0,0.0,0.0,435.2,0.0,0.0,0.0,0.0,0.0,0.0,0.0,4589.1,93.1,0.0
2050-05-02 17:00:00,2050-05-02 15:00:00,2218.9,2461.0,0.0,0.0,4679.9,2137.7,0.0,0.0,0.0,0.0366,0.058,upv,upv,0.0,0.0,0.0,0.0,0.0,0.0,0.0,0.0,0.0,0.0,0.0,0.0,0.0,0.0,0.0,0.0,0.0,0.0,140.6,2.7,0.27,16.6,1060.2,0.06,140.8,48.2,189.0,0.0,0.0,0.0,0.0,0.0,0.0,0.0,0.0,0.0,0.0,0.0,0.0,0.0,0.0,0.0,0.0,0.0,0.0,5741.0,5741.0,4679.9,4679.9,0.0,0.0,0.0,0.0,0.0,435.2,0.0,0.0,0.0,0.0,0.0,0.0,0.0,4133.4,111.3,0.0
2050-05-02 18:00:00,2050-05-02 16:00:00,2330.5,29.1,0.0,0.0,2359.6,2242.6,0.0,0.0,0.0,0.0377,0.0609,upv,upv,0.0,0.0,0.0,0.0,0.0,0.0,0.0,0.0,0.0,0.0,0.0,0.0,0.0,0.0,0.0,0.0,0.0,0.0,140.8,2.7,0.27,16.6,1061.4,0.06,140.9,48.3,189.2,0.0,0.0,0.0,0.0,0.0,0.0,0.0,0.0,0.0,0.0,0.0,0.0,0.0,0.0,0.0,0.0,0.0,0.0,7966.0,7966.0,2359.6,2359.6,0.0,0.0,0.0,0.0,0.0,429.8,0.0,0.0,0.0,0.0,0.0,0.0,0.0,1785.6,144.2,0.0
2050-05-02 19:00:00,2050-05-02 17:00:00,2414.7,1165.3,0.0,10.7,3590.7,2321.6,-1640.0,0.0,1640.0,0.0386,0.0631,upv,upv,0.0,0.0,0.0,0.0,0.0,0.0,0.0,0.0,0.0,0.0,0.0,0.0,0.0,0.0,0.0,0.0,0.0,0.0,144.4,2.7,0.27,17.1,1088.5,0.06,144.5,49.5,194.1,0.0,0.0,0.0,0.0,0.0,0.0,0.0,0.0,0.0,0.0,0.0,0.0,0.0,0.0,0.0,0.0,0.0,0.0,336.8,336.8,5230.6,5230.6,0.0,0.0,0.0,0.0,0.0,227.9,0.0,0.0,0.0,0.0,0.0,0.0,0.0,4836.2,166.5,0.0
2050-05-02 20:00:00,2050-05-02 18:00:00,2461.1,0.0,0.0,17.1,2478.2,2365.0,2213.6,445.3,1572.8,0.039,0.0644,battery,upv,0.0,0.0,0.0,0.0,0.0,0.0,0.0,0.0,0.0,0.0,0.0,0.0,0.0,0.0,0.0,0.0,0.0,0.0,161.0,3.0,0.3,19.0,1213.7,0.07,161.1,55.2,216.3,0.0,0.0,0.0,0.0,0.0,0.0,0.0,0.0,0.0,11.85,0.0,0.0,11.85,12.66,0.0,0.0,12.66,0.0,0.0,0.0,3605.7,264.6,3341.1,0.0,0.0,0.0,0.0,2.6,0.0,0.0,0.0,0.0,0.0,0.0,0.0,58.2,203.8,0.0
2050-05-02 21:00:00,2050-05-02 19:00:00,2471.6,0.0,0.0,15.6,2487.2,2374.8,2277.8,445.3,1339.6,0.0391,0.0646,battery,upv,0.0,0.0,0.0,0.0,0.0,0.0,0.0,0.0,0.0,0.0,0.0,0.0,0.0,0.0,0.0,0.0,0.0,0.0,141.7,2.7,0.27,16.7,1068.2,0.06,141.8,48.6,190.4,0.0,0.0,0.0,0.0,0.0,0.0,0.0,0.0,0.0,11.85,0.0,0.0,11.85,12.67,0.0,0.0,12.67,0.0,0.0,0.0,3381.5,209.4,3172.0,0.0,0.0,0.0,0.0,0.0,0.0,0.0,0.0,0.0,0.0,0.0,0.0,0.0,209.4,0.0
2050-05-02 22:00:00,2050-05-02 20:00:00,2386.3,0.0,0.0,15.0,2401.4,2295.0,2238.3,445.3,1252.5,0.0383,0.0624,battery,upv,0.0,0.0,0.0,0.0,0.0,0.0,0.0,0.0,0.0,0.0,0.0,0.0,0.0,0.0,0.0,0.0,0.0,0.0,153.0,2.9,0.29,18.1,1153.7,0.07,153.2,52.5,205.7,0.0,0.0,0.0,0.0,0.0,0.0,0.0,0.0,0.0,11.85,0.0,0.0,11.85,12.63,0.0,0.0,12.63,0.0,0.0,0.0,3208.5,163.1,3045.5,0.0,0.0,0.0,0.0,0.0,0.0,0.0,0.0,0.0,0.0,0.0,0.0,0.0,163.1,0.0
2050-05-02 23:00:00,2050-05-02 21:00:00,2224.2,0.0,0.0,6.9,2231.1,2142.7,2103.8,445.3,0.0,0.0367,0.0582,battery,upv,0.0,0.0,0.0,0.0,0.0,0.0,0.0,0.0,0.0,0.0,0.0,0.0,0.0,0.0,0.0,0.0,0.0,0.0,141.5,2.7,0.27,16.7,1067.1,0.06,141.7,48.5,190.2,0.0,0.0,0.0,0.0,0.0,0.0,0.0,0.0,0.0,11.85,0.0,0.0,11.85,12.58,0.0,0.0,12.58,0.0,0.0,0.0,1785.8,127.3,1658.5,0.0,0.0,0.0,0.0,0.0,0.0,0.0,0.0,0.0,0.0,0.0,0.0,0.0,127.3,0.0
2050-05-03 00:00:00,2050-05-02 22:00:00,2005.3,0.0,0.0,17.6,2022.8,1935.8,1913.8,445.3,1640.0,0.0346,0.0524,battery,upv,0.0,0.0,0.0,0.0,0.0,0.0,0.0,0.0,0.0,0.0,0.0,0.0,0.0,0.0,0.0,0.0,0.0,0.0,141.6,2.7,0.27,16.7,1067.3,0.06,141.7,48.5,190.3,0.0,0.0,0.0,0.0,0.0,0.0,0.0,0.0,0.0,11.85,0.0,0.0,11.85,12.5,0.0,0.0,12.5,0.0,0.0,0.0,3217.5,109.0,3108.5,0.0,0.0,0.0,0.0,0.0,0.0,0.0,0.0,0.0,0.0,0.0,0.0,0.0,109.0,0.0
2050-05-03 01:00:00,2050-05-02 23:00:00,1786.3,0.0,0.0,17.0,1803.4,1727.7,1706.3,445.3,1560.6,0.0328,0.0467,battery,upv,0.0,0.0,0.0,0.0,0.0,0.0,0.0,0.0,0.0,0.0,0.0,0.0,0.0,0.0,0.0,0.0,0.0,0.0,141.3,2.7,0.27,16.7,1065.1,0.06,141.4,48.5,189.9,0.0,0.0,0.0,0.0,0.0,0.0,0.0,0.0,0.0,11.85,0.0,0.0,11.85,12.43,0.0,0.0,12.43,0.0,0.0,0.0,2918.6,97.1,2821.5,0.0,0.0,0.0,0.0,0.0,0.0,0.0,0.0,0.0,0.0,0.0,0.0,0.0,97.1,0.0
2050-05-03 02:00:00,2050-05-03 00:00:00,1587.4,0.0,0.0,15.1,1602.5,1537.6,1551.3,445.3,1267.3,0.0314,0.0415,battery,upv,0.0,0.0,0.0,0.0,0.0,0.0,0.0,0.0,0.0,0.0,0.0,0.0,0.0,0.0,0.0,0.0,0.0,0.0,140.9,2.7,0.27,16.6,1062.2,0.06,141.0,48.3,189.4,0.0,0.0,0.0,0.0,0.0,0.0,0.0,0.0,0.0,11.85,0.0,0.0,11.85,12.36,0.0,0.0,12.36,0.0,0.0,0.0,2424.5,51.2,2373.4,0.0,0.0,0.0,0.0,0.0,0.0,0.0,0.0,0.0,0.0,0.0,0.0,0.0,51.2,0.0
2050-05-03 03:00:00,2050-05-03 01:00:00,1441.1,0.0,0.0,16.5,1457.5,1397.0,1407.6,445.3,1469.6,0.0305,0.0377,battery,upv,0.0,0.0,0.0,0.0,0.0,0.0,0.0,0.0,0.0,0.0,0.0,0.0,0.0,0.0,0.0,0.0,0.0,0.0,141.0,2.7,0.27,16.7,1062.9,0.06,141.1,48.3,189.5,0.0,0.0,0.0,0.0,0.0,0.0,0.0,0.0,0.0,11.85,0.0,0.0,11.85,12.31,0.0,0.0,12.31,0.0,0.0,0.0,2481.8,49.9,2431.9,0.0,0.0,0.0,0.0,0.0,0.0,0.0,0.0,0.0,0.0,0.0,0.0,0.0,49.9,0.0
2050-05-03 04:00:00,2050-05-03 02:00:00,1337.9,0.0,0.0,16.0,1353.9,1297.6,1306.1,445.3,1401.4,0.0301,0.035,hydro,wind-ons,0.0,0.0,0.0,0.0,0.0,0.0,0.0,0.0,0.0,0.0,0.0,0.0,0.0,0.0,0.0,0.0,0.0,0.0,145.4,2.7,0.28,17.2,1096.3,0.06,145.6,49.9,195.4,0.0,0.0,0.0,0.0,0.0,0.0,0.0,0.0,0.0,11.85,0.0,0.0,11.85,12.28,0.0,0.0,12.28,0.0,0.0,0.0,2310.0,47.8,2262.1,0.0,0.0,0.0,0.0,0.0,0.0,0.0,0.0,0.0,0.0,0.0,0.0,0.0,47.8,0.0
2050-05-03 05:00:00,2050-05-03 03:00:00,1270.5,0.0,0.0,6.9,1277.4,1232.6,1219.4,445.3,0.0,0.0299,0.0332,battery,upv,0.0,0.0,0.0,0.0,0.0,0.0,0.0,0.0,0.0,0.0,0.0,0.0,0.0,0.0,0.0,0.0,0.0,0.0,144.7,2.7,0.27,17.1,1090.7,0.06,144.8,49.6,194.4,0.0,0.0,0.0,0.0,0.0,0.0,0.0,0.0,0.0,11.85,0.0,0.0,11.85,12.25,0.0,0.0,12.25,0.0,0.0,0.0,832.1,58.0,774.1,0.0,0.0,0.0,0.0,0.0,0.0,0.0,0.0,0.0,0.0,0.0,0.0,0.0,58.0,0.0
2050-05-03 06:00:00,2050-05-03 04:00:00,1245.3,0.0,0.0,11.9,1257.2,1208.1,1177.5,445.3,770.7,0.0298,0.0326,battery,upv,0.0,0.0,0.0,0.0,0.0,0.0,0.0,0.0,0.0,0.0,0.0,0.0,0.0,0.0,0.0,0.0,0.0,0.0,140.6,2.7,0.27,16.6,1059.9,0.06,140.7,48.2,188.9,0.0,0.0,0.0,0.0,0.0,0.0,0.0,0.0,0.0,11.85,0.0,0.0,11.85,12.25,0.0,0.0,12.25,0.0,0.0,0.0,1582.6,79.7,1502.9,0.0,0.0,0.0,0.0,0.0,0.0,0.0,0.0,0.0,0.0,0.0,0.0,0.0,79.7,0.0
2050-05-03 07:00:00,2050-05-03 05:00:00,1277.9,0.0,0.0,7.8,1285.7,1239.7,308.6,445.3,136.7,0.0299,0.0334,battery,upv,0.0,0.0,0.0,0.0,0.0,0.0,0.0,0.0,0.0,0.0,0.0,0.0,0.0,0.0,0.0,0.0,0.0,0.0,140.4,2.6,0.27,16.6,1058.5,0.06,140.6,48.1,188.7,0.0,0.0,0.0,0.0,0.0,0.0,0.0,0.0,0.0,10.55,0.0,0.0,10.55,10.92,0.0,0.0,10.92,0.0,0.0,0.0,977.1,977.1,0.0,0.0,0.0,0.0,0.0,38.3,0.0,0.0,0.0,0.0,0.0,0.0,0.0,868.4,70.5,0.0
2050-05-03 08:00:00,2050-05-03 06:00:00,1394.7,1355.3,0.0,0.0,2750.0,1352.4,0.0,0.0,0.0,0.0303,0.0365,upv,upv,0.0,0.0,0.0,0.0,0.0,0.0,0.0,0.0,0.0,0.0,0.0,0.0,0.0,0.0,0.0,0.0,0.0,0.0,139.7,2.6,0.26,16.5,1053.5,0.06,139.9,47.9,187.8,0.0,0.0,0.0,0.0,0.0,0.0,0.0,0.0,0.0,0.0,0.0,0.0,0.0,0.0,0.0,0.0,0.0,0.0,4481.1,4481.1,2750.0,2750.0,0.0,0.0,0.0,0.0,0.0,302.6,0.0,0.0,0.0,0.0,0.0,0.0,0.0,2388.3,59.1,0.0
2050-05-03 09:00:00,2050-05-03 07:00:00,1567.4,3014.7,0.0,0.0,4582.1,1518.4,0.0,0.0,0.0,0.0313,0.041,upv,upv,0.0,0.0,0.0,0.0,0.0,0.0,0.0,0.0,0.0,0.0,0.0,0.0,0.0,0.0,0.0,0.0,0.0,0.0,139.9,2.6,0.26,16.5,1054.3,0.06,140.0,48.0,188.0,0.0,0.0,0.0,0.0,0.0,0.0,0.0,0.0,0.0,0.0,0.0,0.0,0.0,0.0,0.0,0.0,0.0,0.0,5772.3,5772.3,4582.1,4582.1,0.0,0.0,0.0,0.0,0.0,435.2,0.0,0.0,0.0,0.0,0.0,0.0,0.0,4102.0,44.8,0.0
2050-05-03 10:00:00,2050-05-03 08:00:00,1734.7,3045.5,0.0,0.0,4780.2,1678.5,0.0,0.0,0.0,0.0324,0.0454,upv,upv,0.0,0.0,0.0,0.0,0.0,0.0,0.0,0.0,0.0,0.0,0.0,0.0,0.0,0.0,0.0,0.0,0.0,0.0,140.0,2.6,0.27,16.5,1055.6,0.06,140.2,48.0,188.2,0.0,0.0,0.0,0.0,0.0,0.0,0.0,0.0,0.0,0.0,0.0,0.0,0.0,0.0,0.0,0.0,0.0,0.0,5592.8,5592.8,4780.2,4780.2,0.0,0.0,0.0,0.0,0.0,435.2,0.0,0.0,0.0,0.0,0.0,0.0,0.0,4281.5,63.5,0.0
2050-05-03 11:00:00,2050-05-03 09:00:00,1804.2,2395.1,0.0,0.0,4199.3,1744.8,0.0,0.0,0.0,0.0329,0.0472,upv,upv,0.0,0.0,0.0,0.0,0.0,0.0,0.0,0.0,0.0,0.0,0.0,0.0,0.0,0.0,0.0,0.0,0.0,0.0,140.1,2.6,0.27,16.6,1056.2,0.06,140.2,48.0,188.3,0.0,0.0,0.0,0.0,0.0,0.0,0.0,0.0,0.0,0.0,0.0,0.0,0.0,0.0,0.0,0.0,0.0,0.0,6167.1,6167.1,4199.3,4199.3,0.0,0.0,0.0,0.0,0.0,435.2,0.0,0.0,0.0,0.0,0.0,0.0,0.0,3707.2,56.9,0.0
2050-05-03 12:00:00,2050-05-03 10:00:00,1837.9,678.5,0.0,0.0,2516.4,1776.9,0.0,0.0,0.0,0.0332,0.0481,upv,upv,0.0,0.0,0.0,0.0,0.0,0.0,0.0,0.0,0.0,0.0,0.0,0.0,0.0,0.0,0.0,0.0,0.0,0.0,140.1,2.6,0.27,16.6,1056.5,0.06,140.3,48.1,188.3,0.0,0.0,0.0,0.0,0.0,0.0,0.0,0.0,0.0,0.0,0.0,0.0,0.0,0.0,0.0,0.0,0.0,0.0,7841.7,7841.7,2516.4,2516.4,0.0,0.0,0.0,0.0,0.0,435.2,0.0,0.0,0.0,0.0,0.0,0.0,0.0,2032.6,48.5,0.0
2050-05-03 13:00:00,2050-05-03 11:00:00,1876.8,3789.0,0.0,0.0,5665.8,1813.9,-0.0,0.0,0.0,0.0335,0.0491,upv,upv,0.0,0.0,0.0,0.0,0.0,0.0,0.0,0.0,0.0,0.0,0.0,0.0,0.0,0.0,0.0,0.0,0.0,0.0,140.2,2.6,0.27,16.6,1056.8,0.06,140.3,48.1,188.4,0.0,0.0,0.0,0.0,0.0,0.0,0.0,0.0,0.0,0.0,0.0,0.0,0.0,0.0,0.0,0.0,0.0,0.0,4688.0,4688.0,5665.8,5665.8,0.0,0.0,0.0,0.0,0.0,435.2,0.0,0.0,0.0,0.0,0.0,0.0,0.0,5186.3,44.3,0.0
2050-05-03 14:00:00,2050-05-03 12:00:00,1937.9,3990.5,0.0,0.0,5928.4,1871.9,0.0,0.0,0.0,0.034,0.0507,upv,upv,0.0,0.0,0.0,0.0,0.0,0.0,0.0,0.0,0.0,0.0,0.0,0.0,0.0,0.0,0.0,0.0,0.0,0.0,140.3,2.6,0.27,16.6,1057.4,0.06,140.4,48.1,188.5,0.0,0.0,0.0,0.0,0.0,0.0,0.0,0.0,0.0,0.0,0.0,0.0,0.0,0.0,0.0,0.0,0.0,0.0,4436.5,4436.5,5928.4,5928.4,0.0,0.0,0.0,0.0,0.0,435.2,0.0,0.0,0.0,0.0,0.0,0.0,0.0,5437.8,55.3,0.0
2050-05-03 15:00:00,2050-05-03 13:00:00,2017.9,3990.5,0.0,0.0,6008.4,1947.8,0.0,0.0,0.0,0.0347,0.0528,upv,upv,0.0,0.0,0.0,0.0,0.0,0.0,0.0,0.0,0.0,0.0,0.0,0.0,0.0,0.0,0.0,0.0,0.0,0.0,140.4,2.6,0.27,16.6,1058.1,0.06,140.5,48.1,188.6,0.0,0.0,0.0,0.0,0.0,0.0,0.0,0.0,0.0,0.0,0.0,0.0,0.0,0.0,0.0,0.0,0.0,0.0,4372.0,4372.0,6008.4,6008.4,0.0,0.0,0.0,0.0,0.0,435.2,0.0,0.0,0.0,0.0,0.0,0.0,0.0,5502.3,70.8,0.0
2050-05-03 16:00:00,2050-05-03 14:00:00,2082.1,3235.4,0.0,0.0,5317.5,2008.6,-0.0,0.0,0.0,0.0353,0.0544,upv,upv,0.0,0.0,0.0,0.0,0.0,0.0,0.0,0.0,0.0,0.0,0.0,0.0,0.0,0.0,0.0,0.0,0.0,0.0,140.4,2.7,0.27,16.6,1058.8,0.06,140.6,48.2,188.8,0.0,0.0,0.0,0.0,0.0,0.0,0.0,0.0,0.0,0.0,0.0,0.0,0.0,0.0,0.0,0.0,0.0,0.0,5055.5,5055.5,5317.5,5317.5,0.0,0.0,0.0,0.0,0.0,434.9,0.0,0.0,0.0,0.0,0.0,0.0,0.0,4812.3,70.3,0.0
2050-05-03 17:00:00,2050-05-03 15:00:00,2201.1,3240.3,0.0,0.0,5441.3,2120.8,0.0,0.0,0.0,0.0364,0.0576,upv,upv,0.0,0.0,0.0,0.0,0.0,0.0,0.0,0.0,0.0,0.0,0.0,0.0,0.0,0.0,0.0,0.0,0.0,0.0,140.6,2.7,0.27,16.6,1060.0,0.06,140.8,48.2,189.0,0.0,0.0,0.0,0.0,0.0,0.0,0.0,0.0,0.0,0.0,0.0,0.0,0.0,0.0,0.0,0.0,0.0,83.9,4827.6,4911.6,5441.3,5441.3,0.0,0.0,0.0,0.0,0.0,0.0,0.0,0.0,0.0,0.0,0.0,0.0,0.0,5441.3,0.0,0.0
2050-05-03 18:00:00,2050-05-03 16:00:00,2353.7,2431.9,0.0,0.0,4785.6,2264.4,0.0,0.0,0.0,0.0379,0.0616,upv,upv,0.0,0.0,0.0,0.0,0.0,0.0,0.0,0.0,0.0,0.0,0.0,0.0,0.0,0.0,0.0,0.0,0.0,0.0,140.8,2.7,0.27,16.6,1061.7,0.06,141.0,48.3,189.3,0.0,0.0,0.0,0.0,0.0,0.0,0.0,0.0,0.0,0.0,0.0,0.0,0.0,0.0,0.0,0.0,0.0,0.0,5330.0,5330.0,4785.6,4785.6,0.0,0.0,0.0,0.0,0.0,423.0,0.0,0.0,0.0,0.0,0.0,0.0,0.0,4266.4,96.2,0.0
2050-05-03 19:00:00,2050-05-03 17:00:00,2414.7,0.0,0.0,28.5,2443.2,2321.6,-2789.9,0.0,2789.9,0.0386,0.0631,upv,upv,0.0,0.0,0.0,0.0,0.0,0.0,0.0,0.0,0.0,0.0,0.0,0.0,0.0,0.0,0.0,0.0,0.0,0.0,151.1,2.9,0.29,17.8,1139.0,0.07,151.2,51.8,203.0,0.0,0.0,0.0,0.0,0.0,0.0,0.0,0.0,0.0,3.37,0.0,0.0,3.37,3.6,0.0,0.0,3.6,0.0,0.0,0.0,5233.1,5233.1,0.0,0.0,0.0,0.0,0.0,216.5,0.0,0.0,0.0,0.0,0.0,0.0,0.0,4914.5,102.1,0.0
2050-05-03 20:00:00,2050-05-03 18:00:00,2464.2,0.0,0.0,14.5,2478.7,2368.0,2304.8,445.3,1164.0,0.0391,0.0644,battery,gas-cc,0.0,0.0,0.0,0.0,0.0,0.0,0.0,0.0,0.0,0.0,0.0,0.0,0.0,0.0,0.0,0.0,0.0,0.0,142.2,2.7,0.27,16.8,1071.7,0.06,142.3,48.8,191.1,376.0,7.1,0.71,44.4,2837.5,0.16,376.4,129.0,505.4,25.13,0.0,0.0,25.13,26.86,0.0,0.0,26.86,0.0,0.0,0.0,3197.4,173.9,3023.5,0.0,0.0,0.0,0.0,1.7,0.0,0.0,0.0,0.0,0.0,0.0,0.0,39.7,132.4,0.0
2050-05-03 21:00:00,2050-05-03 19:00:00,2464.2,0.0,0.0,9.3,2473.5,2368.0,2327.6,445.3,367.0,0.0391,0.0644,battery,gas-cc,0.0,0.0,0.0,0.0,0.0,0.0,0.0,0.0,0.0,0.0,0.0,0.0,0.0,0.0,0.0,0.0,0.0,0.0,141.9,2.7,0.27,16.8,1069.5,0.06,142.0,48.6,190.7,391.6,7.4,0.74,46.3,2954.8,0.17,392.0,134.4,526.3,25.13,0.0,0.0,25.13,26.86,0.0,0.0,26.86,0.0,0.0,0.0,2395.2,145.9,2249.3,0.0,0.0,0.0,0.0,0.0,0.0,0.0,0.0,0.0,0.0,0.0,0.0,0.0,145.9,0.0
2050-05-03 22:00:00,2050-05-03 20:00:00,2363.2,0.0,0.0,15.9,2379.0,2273.3,2275.3,445.3,1381.2,0.038,0.0618,battery,gas-cc,0.0,0.0,0.0,0.0,0.0,0.0,0.0,0.0,0.0,0.0,0.0,0.0,0.0,0.0,0.0,0.0,0.0,0.0,141.9,2.7,0.27,16.8,1069.7,0.06,142.0,48.7,190.7,409.5,7.7,0.77,48.4,3090.5,0.18,410.0,140.5,550.5,25.13,0.0,0.0,25.13,26.79,0.0,0.0,26.79,0.0,0.0,0.0,3314.9,103.7,3211.2,0.0,0.0,0.0,0.0,0.0,0.0,0.0,0.0,0.0,0.0,0.0,0.0,0.0,103.7,0.0
2050-05-03 23:00:00,2050-05-03 21:00:00,2201.1,0.0,0.0,17.6,2218.6,2120.8,2107.3,445.3,1640.0,0.0364,0.0576,battery,gas-cc,0.0,0.0,0.0,0.0,0.0,0.0,0.0,0.0,0.0,0.0,0.0,0.0,0.0,0.0,0.0,0.0,0.0,0.0,142.8,2.7,0.27,16.9,1076.4,0.06,142.9,49.0,191.9,335.9,6.3,0.63,39.7,2535.1,0.15,336.3,115.3,451.6,25.13,0.0,0.0,25.13,26.67,0.0,0.0,26.67,0.0,0.0,0.0,3413.3,111.3,3301.9,0.0,0.0,0.0,0.0,0.0,0.0,0.0,0.0,0.0,0.0,0.0,0.0,0.0,111.3,0.0
2050-05-04 00:00:00,2050-05-03 22:00:00,1987.4,0.0,0.0,17.6,2004.9,1918.9,1919.0,445.3,1640.0,0.0345,0.052,battery,gas-cc,0.0,0.0,0.0,0.0,0.0,0.0,0.0,0.0,0.0,0.0,0.0,0.0,0.0,0.0,0.0,0.0,0.0,0.0,141.5,2.7,0.27,16.7,1067.1,0.06,141.7,48.5,190.2,459.7,8.7,0.87,54.3,3468.7,0.2,460.2,157.7,617.9,41.56,0.0,0.0,41.56,43.84,0.0,0.0,43.84,0.0,0.0,0.0,3199.6,85.9,3113.7,0.0,0.0,0.0,0.0,0.0,0.0,0.0,0.0,0.0,0.0,0.0,0.0,0.0,85.9,0.0
2050-05-04 01:00:00,2050-05-03 23:00:00,1763.2,0.0,0.0,17.6,1780.7,1705.6,1718.1,445.3,1640.0,0.0326,0.0461,battery,gas-cc,0.0,0.0,0.0,0.0,0.0,0.0,0.0,0.0,0.0,0.0,0.0,0.0,0.0,0.0,0.0,0.0,0.0,0.0,141.1,2.7,0.27,16.7,1063.7,0.06,141.2,48.4,189.6,456.8,8.6,0.86,54.0,3447.4,0.2,457.3,156.8,614.1,41.56,0.0,0.0,41.56,43.57,0.0,0.0,43.57,0.0,0.0,0.0,2975.4,62.6,2912.7,0.0,0.0,0.0,0.0,0.0,0.0,0.0,0.0,0.0,0.0,0.0,0.0,0.0,62.6,0.0
2050-05-04 02:00:00,2050-05-04 00:00:00,1553.7,0.0,0.0,17.6,1571.2,1505.3,1526.9,445.3,1640.0,0.0312,0.0406,battery,gas-cc,0.0,0.0,0.0,0.0,0.0,0.0,0.0,0.0,0.0,0.0,0.0,0.0,0.0,0.0,0.0,0.0,0.0,0.0,163.8,3.1,0.31,19.3,1235.0,0.07,163.9,56.2,220.1,454.2,8.6,0.86,53.7,3427.7,0.2,454.7,155.9,610.6,41.56,0.0,0.0,41.56,43.32,0.0,0.0,43.32,0.0,0.0,0.0,2765.9,44.4,2721.5,0.0,0.0,0.0,0.0,0.0,0.0,0.0,0.0,0.0,0.0,0.0,0.0,0.0,44.4,0.0
2050-05-04 03:00:00,2050-05-04 01:00:00,1407.4,0.0,0.0,9.8,1417.2,1364.6,1375.2,445.3,449.2,0.0304,0.0368,battery,gas-ct,0.0,0.0,0.0,0.0,0.0,0.0,0.0,0.0,0.0,0.0,0.0,0.0,0.0,0.0,0.0,0.0,0.0,0.0,174.1,3.3,0.33,20.6,1313.3,0.08,174.3,59.7,234.1,562.6,10.6,1.06,66.5,4245.2,0.24,563.2,193.0,756.2,41.56,0.0,0.0,41.56,43.15,0.0,0.0,43.15,0.0,0.0,0.0,1421.0,42.0,1379.0,0.0,0.0,0.0,0.0,0.0,0.0,0.0,0.0,0.0,0.0,0.0,0.0,0.0,42.0,0.0
2050-05-04 04:00:00,2050-05-04 02:00:00,1322.1,0.0,0.0,8.9,1331.0,1282.4,1310.7,445.3,304.1,0.03,0.0346,battery,gas-ct,0.0,0.0,0.0,0.0,0.0,0.0,0.0,0.0,0.0,0.0,0.0,0.0,0.0,0.0,0.0,0.0,0.0,0.0,183.9,3.5,0.35,21.7,1386.9,0.08,184.1,63.1,247.2,561.3,10.6,1.06,66.3,4235.4,0.24,561.9,192.6,754.4,41.56,0.0,0.0,41.56,43.05,0.0,0.0,43.05,0.0,0.0,0.0,1189.7,20.3,1169.5,0.0,0.0,0.0,0.0,0.0,0.0,0.0,0.0,0.0,0.0,0.0,0.0,0.0,20.3,0.0
2050-05-04 05:00:00,2050-05-04 03:00:00,1257.9,0.0,0.0,8.3,1266.2,1220.3,1259.5,655.0,0.0,0.0299,0.0329,battery,gas-ct,0.0,0.0,0.0,0.0,0.0,0.0,0.0,0.0,0.0,0.0,0.0,0.0,0.5,1.1,0.01,0.0,0.5,0.5,208.0,3.9,0.39,24.6,1569.3,0.09,208.3,71.4,279.6,558.2,10.5,1.05,65.9,4212.1,0.24,558.8,191.5,750.3,41.56,0.0,0.0,41.56,42.98,0.0,0.0,42.98,0.0,0.0,0.0,611.2,6.7,604.5,0.0,0.0,0.0,0.0,0.0,0.0,0.0,0.0,0.0,0.0,0.0,0.0,0.0,6.7,0.0
2050-05-04 06:00:00,2050-05-04 04:00:00,1231.6,0.0,0.0,6.9,1238.5,1194.9,1229.1,445.3,0.0,0.0298,0.0322,battery,gas-cc,0.0,0.0,0.0,0.0,0.0,0.0,0.0,0.0,0.0,0.0,0.0,0.0,0.0,0.0,0.0,0.0,0.0,0.0,162.9,3.1,0.31,19.3,1228.8,0.07,163.1,55.9,219.0,403.8,7.6,0.76,47.7,3047.5,0.18,404.3,138.6,542.9,41.56,0.0,0.0,41.56,42.95,0.0,0.0,42.95,0.0,0.0,0.0,793.2,9.4,783.8,0.0,0.0,0.0,0.0,0.0,0.0,0.0,0.0,0.0,0.0,0.0,0.0,0.0,9.4,0.0
2050-05-04 07:00:00,2050-05-04 05:00:00,1268.4,0.0,0.0,7.5,1275.9,1230.5,354.8,445.3,90.5,0.0299,0.0332,battery,gas-cc,0.0,0.0,0.0,0.0,0.0,0.0,0.0,0.0,0.0,0.0,0.0,0.0,0.0,0.0,0.0,0.0,0.0,0.0,140.0,2.6,0.26,16.5,1055.4,0.06,140.1,48.0,188.2,419.6,7.9,0.79,49.6,3166.1,0.18,420.0,144.0,564.0,31.12,0.0,0.0,31.12,32.19,0.0,0.0,32.19,0.0,0.0,0.0,921.1,921.1,0.0,0.0,0.0,0.0,0.0,38.4,0.0,0.0,0.0,0.0,0.0,0.0,0.0,872.4,10.3,0.0
2050-05-04 08:00:00,2050-05-04 06:00:00,1376.8,2462.0,0.0,0.0,3838.8,1335.2,0.0,0.0,0.0,0.0302,0.036,upv,upv,0.0,0.0,0.0,0.0,0.0,0.0,0.0,0.0,0.0,0.0,0.0,0.0,0.0,0.0,0.0,0.0,0.0,0.0,139.7,2.6,0.26,16.5,1053.2,0.06,139.9,47.9,187.8,0.0,0.0,0.0,0.0,0.0,0.0,0.0,0.0,0.0,0.0,0.0,0.0,0.0,0.0,0.0,0.0,0.0,14.8,2965.4,2980.2,3838.8,3838.8,0.0,0.0,0.0,0.0,0.0,0.0,0.0,0.0,0.0,0.0,0.0,0.0,0.0,3838.8,0.0,0.0
2050-05-04 09:00:00,2050-05-04 07:00:00,1549.5,3232.5,0.0,0.0,4782.0,1501.2,0.0,0.0,0.0,0.0311,0.0405,upv,upv,0.0,0.0,0.0,0.0,0.0,0.0,0.0,0.0,0.0,0.0,0.0,0.0,0.0,0.0,0.0,0.0,0.0,0.0,139.8,2.6,0.26,16.5,1054.2,0.06,140.0,48.0,187.9,0.0,0.0,0.0,0.0,0.0,0.0,0.0,0.0,0.0,0.0,0.0,0.0,0.0,0.0,0.0,0.0,0.0,9.4,5500.2,5509.6,4782.0,4782.0,0.0,0.0,0.0,0.0,0.0,433.8,0.0,0.0,0.0,0.0,0.0,0.0,0.0,4348.2,0.0,0.0
2050-05-04 10:00:00,2050-05-04 08:00:00,1708.4,3629.9,0.0,0.0,5338.3,1653.4,0.0,0.0,0.0,0.0322,0.0447,upv,upv,0.0,0.0,0.0,0.0,0.0,0.0,0.0,0.0,0.0,0.0,0.0,0.0,0.0,0.0,0.0,0.0,0.0,0.0,140.0,2.6,0.26,16.5,1055.4,0.06,140.1,48.0,188.1,0.0,0.0,0.0,0.0,0.0,0.0,0.0,0.0,0.0,0.0,0.0,0.0,0.0,0.0,0.0,0.0,0.0,7.4,4971.2,4978.6,5338.3,5338.3,0.0,0.0,0.0,0.0,0.0,435.2,0.0,0.0,0.0,0.0,0.0,0.0,0.0,4903.1,0.0,0.0
2050-05-04 11:00:00,2050-05-04 09:00:00,1783.2,3986.6,0.0,0.0,5769.8,1724.7,0.0,0.0,0.0,0.0328,0.0466,upv,upv,0.0,0.0,0.0,0.0,0.0,0.0,0.0,0.0,0.0,0.0,0.0,0.0,0.0,0.0,0.0,0.0,0.0,0.0,140.1,2.6,0.27,16.5,1056.0,0.06,140.2,48.0,188.3,0.0,0.0,0.0,0.0,0.0,0.0,0.0,0.0,0.0,0.0,0.0,0.0,0.0,0.0,0.0,0.0,0.0,6.3,4539.7,4546.0,5769.8,5769.8,0.0,0.0,0.0,0.0,0.0,435.2,0.0,0.0,0.0,0.0,0.0,0.0,0.0,5334.6,0.0,0.0
2050-05-04 12:00:00,2050-05-04 10:00:00,1825.3,4019.6,0.0,0.0,5844.8,1764.8,0.0,0.0,0.0,0.0331,0.0477,upv,upv,0.0,0.0,0.0,0.0,0.0,0.0,0.0,0.0,0.0,0.0,0.0,0.0,0.0,0.0,0.0,0.0,0.0,0.0,140.1,2.6,0.27,16.6,1056.4,0.06,140.3,48.1,188.3,0.0,0.0,0.0,0.0,0.0,0.0,0.0,0.0,0.0,0.0,0.0,0.0,0.0,0.0,0.0,0.0,0.0,5.3,4464.7,4470.0,5844.8,5844.8,0.0,0.0,0.0,0.0,0.0,435.2,0.0,0.0,0.0,0.0,0.0,0.0,0.0,5409.6,0.0,0.0
2050-05-04 13:00:00,2050-05-04 11:00:00,1889.5,2850.6,0.0,0.0,4740.1,1825.9,0.0,0.0,0.0,0.0336,0.0494,upv,upv,0.0,0.0,0.0,0.0,0.0,0.0,0.0,0.0,0.0,0.0,0.0,0.0,0.0,0.0,0.0,0.0,0.0,0.0,140.2,2.6,0.27,16.6,1056.9,0.06,140.3,48.1,188.4,0.0,0.0,0.0,0.0,0.0,0.0,0.0,0.0,0.0,0.0,0.0,0.0,0.0,0.0,0.0,0.0,0.0,10.4,5569.4,5579.8,4740.1,4740.1,0.0,0.0,0.0,0.0,0.0,435.2,0.0,0.0,0.0,0.0,0.0,0.0,0.0,4304.9,0.0,0.0
2050-05-04 14:00:00,2050-05-04 12:00:00,1955.8,2889.4,0.0,0.0,4845.2,1888.9,0.0,0.0,0.0,0.0342,0.0511,upv,upv,0.0,0.0,0.0,0.0,0.0,0.0,0.0,0.0,0.0,0.0,0.0,0.0,0.0,0.0,0.0,0.0,0.0,0.0,140.3,2.6,0.27,16.6,1057.5,0.06,140.4,48.1,188.5,0.0,0.0,0.0,0.0,0.0,0.0,0.0,0.0,0.0,0.0,0.0,0.0,0.0,0.0,0.0,0.0,0.0,14.6,5464.3,5478.9,4845.2,4845.2,0.0,0.0,0.0,0.0,0.0,435.2,0.0,0.0,0.0,0.0,0.0,0.0,0.0,4410.0,0.0,0.0
2050-05-04 15:00:00,2050-05-04 13:00:00,2033.7,2918.7,0.0,0.0,4952.4,1962.7,0.0,0.0,0.0,0.0349,0.0532,upv,upv,0.0,0.0,0.0,0.0,0.0,0.0,0.0,0.0,0.0,0.0,0.0,0.0,0.0,0.0,0.0,0.0,0.0,0.0,140.4,2.6,0.27,16.6,1058.3,0.06,140.5,48.1,188.7,0.0,0.0,0.0,0.0,0.0,0.0,0.0,0.0,0.0,0.0,0.0,0.0,0.0,0.0,0.0,0.0,0.0,0.0,5386.5,5386.5,4952.4,4952.4,0.0,0.0,0.0,0.0,0.0,435.2,0.0,0.0,0.0,0.0,0.0,0.0,0.0,4487.8,29.3,0.0
2050-05-04 16:00:00,2050-05-04 14:00:00,2118.9,678.5,0.0,0.0,2797.4,2043.4,0.0,0.0,0.0,0.0357,0.0554,upv,upv,0.0,0.0,0.0,0.0,0.0,0.0,0.0,0.0,0.0,0.0,0.0,0.0,0.0,0.0,0.0,0.0,0.0,0.0,140.5,2.7,0.27,16.6,1059.2,0.06,140.6,48.2,188.8,0.0,0.0,0.0,0.0,0.0,0.0,0.0,0.0,0.0,0.0,0.0,0.0,0.0,0.0,0.0,0.0,0.0,0.0,7547.4,7547.4,2797.4,2797.4,0.0,0.0,0.0,0.0,0.0,435.2,0.0,0.0,0.0,0.0,0.0,0.0,0.0,2326.9,35.3,0.0
2050-05-04 17:00:00,2050-05-04 15:00:00,2188.4,2206.6,0.0,0.0,4395.0,2108.9,0.0,0.0,0.0,0.0363,0.0572,upv,upv,0.0,0.0,0.0,0.0,0.0,0.0,0.0,0.0,0.0,0.0,0.0,0.0,0.0,0.0,0.0,0.0,0.0,0.0,140.6,2.7,0.27,16.6,1059.9,0.06,140.7,48.2,189.0,0.0,0.0,0.0,0.0,0.0,0.0,0.0,0.0,0.0,0.0,0.0,0.0,0.0,0.0,0.0,0.0,0.0,48.5,5914.5,5963.1,4395.0,4395.0,0.0,0.0,0.0,0.0,0.0,0.0,0.0,0.0,0.0,0.0,0.0,0.0,0.0,4395.0,0.0,0.0
2050-05-04 18:00:00,2050-05-04 16:00:00,2320.0,1525.6,0.0,0.0,3845.6,2232.8,0.0,0.0,0.0,0.0376,0.0607,upv,upv,0.0,0.0,0.0,0.0,0.0,0.0,0.0,0.0,0.0,0.0,0.0,0.0,0.0,0.0,0.0,0.0,0.0,0.0,140.8,2.7,0.27,16.6,1061.3,0.06,140.9,48.3,189.2,0.0,0.0,0.0,0.0,0.0,0.0,0.0,0.0,0.0,0.0,0.0,0.0,0.0,0.0,0.0,0.0,0.0,0.0,6383.5,6383.5,3845.6,3845.6,0.0,0.0,0.0,0.0,0.0,429.1,0.0,0.0,0.0,0.0,0.0,0.0,0.0,3355.1,61.4,0.0
2050-05-04 19:00:00,2050-05-04 17:00:00,2505.3,766.3,0.0,19.5,3291.1,2406.3,-2211.1,0.0,2211.1,0.0395,0.0655,battery,upv,0.0,0.0,0.0,0.0,0.0,0.0,0.0,0.0,0.0,0.0,0.0,0.0,0.0,0.0,0.0,0.0,0.0,0.0,141.1,2.7,0.27,16.7,1063.4,0.06,141.2,48.4,189.6,0.0,0.0,0.0,0.0,0.0,0.0,0.0,0.0,0.0,0.0,0.0,0.0,0.0,0.0,0.0,0.0,0.0,76.2,0.0,76.2,5502.2,5502.2,0.0,0.0,0.0,0.0,0.0,232.2,0.0,0.0,0.0,0.0,0.0,0.0,0.0,5270.0,0.0,0.0
2050-05-04 20:00:00,2050-05-04 18:00:00,2569.5,0.0,0.0,17.6,2587.0,2466.3,2367.8,445.3,1640.0,0.0402,0.0672,battery,gas-cc,0.0,0.0,0.0,0.0,0.0,0.0,0.0,0.0,0.0,0.0,0.0,0.0,0.0,0.0,0.0,0.0,0.0,0.0,157.8,3.0,0.3,18.6,1190.0,0.07,158.0,54.1,212.1,339.4,6.4,0.64,40.1,2561.3,0.15,339.8,116.5,456.2,20.85,0.0,0.0,20.85,22.36,0.0,0.0,22.36,0.0,0.0,0.0,3781.7,219.3,3562.4,0.0,0.0,0.0,0.0,3.7,0.0,0.0,0.0,0.0,0.0,0.0,0.0,84.7,130.8,0.0
2050-05-04 21:00:00,2050-05-04 19:00:00,2558.9,0.0,0.0,17.6,2576.5,2456.5,2428.0,445.3,1640.0,0.04,0.0669,battery,gas-cc,0.0,0.0,0.0,0.0,0.0,0.0,0.0,0.0,0.0,0.0,0.0,0.0,0.0,0.0,0.0,0.0,0.0,0.0,142.2,2.7,0.27,16.8,1072.3,0.06,142.4,48.8,191.2,339.3,6.4,0.64,40.1,2560.5,0.15,339.7,116.4,456.1,20.85,0.0,0.0,20.85,22.35,0.0,0.0,22.35,0.0,0.0,0.0,3771.2,148.5,3622.7,0.0,0.0,0.0,0.0,0.0,0.0,0.0,0.0,0.0,0.0,0.0,0.0,0.0,148.5,0.0
2050-05-04 22:00:00,2050-05-04 20:00:00,2430.5,0.0,0.0,17.6,2448.1,2336.4,2326.2,445.3,1640.0,0.0387,0.0636,battery,gas-cc,0.0,0.0,0.0,0.0,0.0,0.0,0.0,0.0,0.0,0.0,0.0,0.0,0.0,0.0,0.0,0.0,0.0,0.0,141.9,2.7,0.27,16.8,1069.7,0.06,142.0,48.7,190.7,338.1,6.4,0.64,39.9,2551.4,0.15,338.5,116.0,454.5,20.85,0.0,0.0,20.85,22.27,0.0,0.0,22.27,0.0,0.0,0.0,3642.7,121.9,3520.9,0.0,0.0,0.0,0.0,0.0,0.0,0.0,0.0,0.0,0.0,0.0,0.0,0.0,121.9,0.0
2050-05-04 23:00:00,2050-05-04 21:00:00,2242.1,0.0,0.0,17.6,2259.7,2159.5,2170.7,445.3,1640.0,0.0368,0.0586,battery,gas-cc,0.0,0.0,0.0,0.0,0.0,0.0,0.0,0.0,0.0,0.0,0.0,0.0,0.0,0.0,0.0,0.0,0.0,0.0,141.9,2.7,0.27,16.8,1070.0,0.06,142.1,48.7,190.7,336.3,6.3,0.63,39.7,2538.0,0.15,336.7,115.4,452.1,20.85,0.0,0.0,20.85,22.15,0.0,0.0,22.15,0.0,0.0,0.0,3454.3,88.9,3365.4,0.0,0.0,0.0,0.0,0.0,0.0,0.0,0.0,0.0,0.0,0.0,0.0,0.0,88.9,0.0
2050-05-05 00:00:00,2050-05-04 22:00:00,2017.9,0.0,0.0,16.4,2034.3,1947.8,1970.7,445.3,1457.6,0.0347,0.0528,battery,gas-cc,0.0,0.0,0.0,0.0,0.0,0.0,0.0,0.0,0.0,0.0,0.0,0.0,0.0,0.0,0.0,0.0,0.0,0.0,202.2,3.8,0.38,23.9,1525.3,0.09,202.5,69.4,271.8,371.4,7.0,0.7,43.9,2802.5,0.16,371.8,127.4,499.2,26.22,0.0,0.0,26.22,27.68,0.0,0.0,27.68,0.0,0.0,0.0,3046.6,63.6,2983.0,0.0,0.0,0.0,0.0,0.0,0.0,0.0,0.0,0.0,0.0,0.0,0.0,0.0,63.6,0.0
2050-05-05 01:00:00,2050-05-04 23:00:00,1791.6,0.0,0.0,17.6,1809.1,1732.7,1769.6,445.3,1640.0,0.0328,0.0469,battery,gas-cc,0.0,0.0,0.0,0.0,0.0,0.0,0.0,0.0,0.0,0.0,0.0,0.0,0.0,0.0,0.0,0.0,0.0,0.0,155.9,2.9,0.29,18.4,1175.6,0.07,156.1,53.5,209.6,332.2,6.3,0.63,39.2,2506.6,0.14,332.5,114.0,446.5,26.22,0.0,0.0,26.22,27.5,0.0,0.0,27.5,0.0,0.0,0.0,3003.8,39.5,2964.3,0.0,0.0,0.0,0.0,0.0,0.0,0.0,0.0,0.0,0.0,0.0,0.0,0.0,39.5,0.0
2050-05-05 02:00:00,2050-05-05 00:00:00,1572.6,0.0,0.0,16.3,1589.0,1523.4,1568.4,445.3,1448.7,0.0313,0.0411,battery,gas-cc,0.0,0.0,0.0,0.0,0.0,0.0,0.0,0.0,0.0,0.0,0.0,0.0,0.0,0.0,0.0,0.0,0.0,0.0,184.0,3.5,0.35,21.7,1387.8,0.08,184.2,63.1,247.3,366.9,6.9,0.69,43.3,2768.5,0.16,367.3,125.9,493.2,26.22,0.0,0.0,26.22,27.34,0.0,0.0,27.34,0.0,0.0,0.0,2592.4,20.6,2571.8,0.0,0.0,0.0,0.0,0.0,0.0,0.0,0.0,0.0,0.0,0.0,0.0,0.0,20.6,0.0
2050-05-05 03:00:00,2050-05-05 01:00:00,1425.3,0.0,0.0,7.6,1432.9,1381.8,1425.5,445.3,110.9,0.0305,0.0373,gas-cc,gas-cc,0.0,0.0,0.0,0.0,0.0,0.0,0.0,0.0,0.0,0.0,0.0,0.0,0.0,0.0,0.0,0.0,0.0,0.0,159.7,3.0,0.3,18.9,1204.4,0.07,159.9,54.8,214.7,365.4,6.9,0.69,43.2,2757.4,0.16,365.8,125.4,491.2,26.22,0.0,0.0,26.22,27.23,0.0,0.0,27.23,0.0,0.0,0.0,1098.5,7.4,1091.1,0.0,0.0,0.0,0.0,0.0,0.0,0.0,0.0,0.0,0.0,0.0,0.0,0.0,7.4,0.0
2050-05-05 04:00:00,2050-05-05 02:00:00,1325.3,0.0,0.0,6.9,1332.2,1285.4,1326.6,445.3,0.0,0.0301,0.0347,battery,gas-cc,0.0,0.0,0.0,0.0,0.0,0.0,0.0,0.0,0.0,0.0,0.0,0.0,0.0,0.0,0.0,0.0,0.0,0.0,194.5,3.7,0.37,23.0,1467.2,0.08,194.7,66.7,261.5,328.0,6.2,0.62,38.7,2475.0,0.14,328.3,112.5,440.9,26.22,0.0,0.0,26.22,27.16,0.0,0.0,27.16,0.0,0.0,0.0,886.9,5.5,881.3,0.0,0.0,0.0,0.0,0.0,0.0,0.0,0.0,0.0,0.0,0.0,0.0,0.0,5.5,0.0
2050-05-05 05:00:00,2050-05-05 03:00:00,1263.2,0.0,0.0,6.9,1270.1,1225.4,1266.9,445.3,0.0,0.0299,0.033,battery,gas-cc,0.0,0.0,0.0,0.0,0.0,0.0,0.0,0.0,0.0,0.0,0.0,0.0,0.0,0.0,0.0,0.0,0.0,0.0,180.4,3.4,0.34,21.3,1360.1,0.08,180.5,61.9,242.4,327.4,6.2,0.62,38.7,2470.8,0.14,327.8,112.3,440.1,26.22,0.0,0.0,26.22,27.11,0.0,0.0,27.11,0.0,0.0,0.0,824.8,3.2,821.6,0.0,0.0,0.0,0.0,0.0,0.0,0.0,0.0,0.0,0.0,0.0,0.0,0.0,3.2,0.0
2050-05-05 06:00:00,2050-05-05 04:00:00,1236.8,0.0,0.0,8.9,1245.7,1200.0,1245.1,445.3,307.3,0.0298,0.0323,hydro,gas-cc,0.0,0.0,0.0,0.0,0.0,0.0,0.0,0.0,0.0,0.0,0.0,0.0,0.0,0.0,0.0,0.0,0.0,0.0,179.6,3.4,0.34,21.2,1354.6,0.08,179.8,61.6,241.4,363.5,6.9,0.69,42.9,2743.4,0.16,363.9,124.7,488.7,26.22,0.0,0.0,26.22,27.09,0.0,0.0,27.09,0.0,0.0,0.0,1107.7,0.6,1107.1,0.0,0.0,0.0,0.0,0.0,0.0,0.0,0.0,0.0,0.0,0.0,0.0,0.0,0.6,0.0
2050-05-05 07:00:00,2050-05-05 05:00:00,1260.0,0.0,0.0,8.2,1268.2,1222.4,247.9,445.3,197.4,0.0299,0.033,battery,gas-cc,0.0,0.0,0.0,0.0,0.0,0.0,0.0,0.0,0.0,0.0,0.0,0.0,0.0,0.0,0.0,0.0,0.0,0.0,139.7,2.6,0.26,16.5,1052.8,0.06,139.8,47.9,187.7,352.8,6.6,0.66,41.7,2662.5,0.15,353.2,121.1,474.3,14.12,0.0,0.0,14.12,14.6,0.0,0.0,14.6,0.0,0.0,0.0,1020.3,1020.3,0.0,0.0,0.0,0.0,0.0,43.0,0.0,0.0,0.0,0.0,0.0,0.0,0.0,976.6,0.6,0.0
2050-05-05 08:00:00,2050-05-05 06:00:00,1368.4,3126.3,0.0,0.0,4494.8,1327.1,0.0,0.0,0.0,0.0302,0.0358,upv,upv,0.0,0.0,0.0,0.0,0.0,0.0,0.0,0.0,0.0,0.0,0.0,0.0,0.0,0.0,0.0,0.0,0.0,0.0,139.7,2.6,0.26,16.5,1053.2,0.06,139.9,47.9,187.8,0.0,0.0,0.0,0.0,0.0,0.0,0.0,0.0,0.0,0.0,0.0,0.0,0.0,0.0,0.0,0.0,0.0,1.5,2535.6,2537.0,4494.8,4494.8,0.0,0.0,0.0,0.0,0.0,296.7,0.0,0.0,0.0,0.0,0.0,0.0,0.0,4198.1,0.0,0.0
2050-05-05 09:00:00,2050-05-05 07:00:00,1549.5,4019.6,0.0,0.0,5569.0,1501.2,0.0,0.0,0.0,0.0311,0.0405,upv,upv,0.0,0.0,0.0,0.0,0.0,0.0,0.0,0.0,0.0,0.0,0.0,0.0,0.0,0.0,0.0,0.0,0.0,0.0,139.8,2.6,0.26,16.5,1054.2,0.06,140.0,48.0,187.9,0.0,0.0,0.0,0.0,0.0,0.0,0.0,0.0,0.0,0.0,0.0,0.0,0.0,0.0,0.0,0.0,0.0,0.5,4713.2,4713.7,5569.0,5569.0,0.0,0.0,0.0,0.0,0.0,433.8,0.0,0.0,0.0,0.0,0.0,0.0,0.0,5135.3,0.0,0.0
2050-05-05 10:00:00,2050-05-05 08:00:00,1740.0,4019.6,0.0,0.0,5759.6,1683.6,0.0,0.0,0.0,0.0324,0.0455,upv,upv,0.0,0.0,0.0,0.0,0.0,0.0,0.0,0.0,0.0,0.0,0.0,0.0,0.0,0.0,0.0,0.0,0.0,0.0,140.0,2.6,0.27,16.5,1055.6,0.06,140.2,48.0,188.2,0.0,0.0,0.0,0.0,0.0,0.0,0.0,0.0,0.0,0.0,0.0,0.0,0.0,0.0,0.0,0.0,0.0,2.1,4550.0,4552.0,5759.6,5759.6,0.0,0.0,0.0,0.0,0.0,435.2,0.0,0.0,0.0,0.0,0.0,0.0,0.0,5324.3,0.0,0.0
2050-05-05 11:00:00,2050-05-05 09:00:00,1845.3,4019.6,0.0,0.0,5864.8,1783.9,0.0,0.0,0.0,0.0333,0.0483,upv,upv,0.0,0.0,0.0,0.0,0.0,0.0,0.0,0.0,0.0,0.0,0.0,0.0,0.0,0.0,0.0,0.0,0.0,0.0,140.1,2.6,0.27,16.6,1056.5,0.06,140.3,48.1,188.4,0.0,0.0,0.0,0.0,0.0,0.0,0.0,0.0,0.0,0.0,0.0,0.0,0.0,0.0,0.0,0.0,0.0,3.7,4444.7,4448.4,5864.8,5864.8,0.0,0.0,0.0,0.0,0.0,435.2,0.0,0.0,0.0,0.0,0.0,0.0,0.0,5429.6,0.0,0.0
2050-05-05 12:00:00,2050-05-05 10:00:00,1889.5,2431.9,0.0,0.0,4321.4,1825.9,0.0,0.0,0.0,0.0336,0.0494,upv,upv,0.0,0.0,0.0,0.0,0.0,0.0,0.0,0.0,0.0,0.0,0.0,0.0,0.0,0.0,0.0,0.0,0.0,0.0,140.2,2.6,0.27,16.6,1056.9,0.06,140.3,48.1,188.4,0.0,0.0,0.0,0.0,0.0,0.0,0.0,0.0,0.0,0.0,0.0,0.0,0.0,0.0,0.0,0.0,0.0,8.0,5988.2,5996.1,4321.4,4321.4,0.0,0.0,0.0,0.0,0.0,435.2,0.0,0.0,0.0,0.0,0.0,0.0,0.0,3886.1,0.0,0.0
2050-05-05 13:00:00,2050-05-05 11:00:00,1937.9,2431.9,0.0,0.0,4369.8,1871.9,0.0,0.0,0.0,0.034,0.0507,upv,upv,0.0,0.0,0.0,0.0,0.0,0.0,0.0,0.0,0.0,0.0,0.0,0.0,0.0,0.0,0.0,0.0,0.0,0.0,140.3,2.6,0.27,16.6,1057.4,0.06,140.4,48.1,188.5,0.0,0.0,0.0,0.0,0.0,0.0,0.0,0.0,0.0,0.0,0.0,0.0,0.0,0.0,0.0,0.0,0.0,0.0,5959.2,5959.2,4369.8,4369.8,0.0,0.0,0.0,0.0,0.0,435.2,0.0,0.0,0.0,0.0,0.0,0.0,0.0,3915.1,19.5,0.0
2050-05-05 14:00:00,2050-05-05 12:00:00,2003.2,2237.1,0.0,0.0,4240.2,1933.8,0.0,0.0,0.0,0.0346,0.0524,upv,upv,0.0,0.0,0.0,0.0,0.0,0.0,0.0,0.0,0.0,0.0,0.0,0.0,0.0,0.0,0.0,0.0,0.0,0.0,140.3,2.6,0.27,16.6,1058.0,0.06,140.5,48.1,188.6,0.0,0.0,0.0,0.0,0.0,0.0,0.0,0.0,0.0,0.0,0.0,0.0,0.0,0.0,0.0,0.0,0.0,0.0,6110.8,6110.8,4240.2,4240.2,0.0,0.0,0.0,0.0,0.0,435.2,0.0,0.0,0.0,0.0,0.0,0.0,0.0,3763.5,41.5,0.0
2050-05-05 15:00:00,2050-05-05 13:00:00,2087.4,2272.0,0.0,0.0,4359.4,2013.5,-0.0,0.0,0.0,0.0354,0.0546,upv,upv,0.0,0.0,0.0,0.0,0.0,0.0,0.0,0.0,0.0,0.0,0.0,0.0,0.0,0.0,0.0,0.0,0.0,0.0,140.4,2.7,0.27,16.6,1058.8,0.06,140.6,48.2,188.8,0.0,0.0,0.0,0.0,0.0,0.0,0.0,0.0,0.0,0.0,0.0,0.0,0.0,0.0,0.0,0.0,0.0,0.0,6008.2,6008.2,4359.4,4359.4,0.0,0.0,0.0,0.0,0.0,435.2,0.0,0.0,0.0,0.0,0.0,0.0,0.0,3866.1,58.1,0.0
2050-05-05 16:00:00,2050-05-05 14:00:00,2180.0,3887.8,0.0,0.0,6067.8,2101.0,0.0,0.0,0.0,0.0362,0.057,upv,upv,0.0,0.0,0.0,0.0,0.0,0.0,0.0,0.0,0.0,0.0,0.0,0.0,0.0,0.0,0.0,0.0,0.0,0.0,140.6,2.7,0.27,16.6,1059.8,0.06,140.7,48.2,188.9,0.0,0.0,0.0,0.0,0.0,0.0,0.0,0.0,0.0,0.0,0.0,0.0,0.0,0.0,0.0,0.0,0.0,0.0,4318.8,4318.8,6067.8,6067.8,0.0,0.0,0.0,0.0,0.0,435.2,0.0,0.0,0.0,0.0,0.0,0.0,0.0,5555.5,77.1,0.0
2050-05-05 17:00:00,2050-05-05 15:00:00,2304.2,2431.9,0.0,0.0,4736.1,2217.9,-0.0,0.0,0.0,0.0374,0.0603,upv,upv,0.0,0.0,0.0,0.0,0.0,0.0,0.0,0.0,0.0,0.0,0.0,0.0,0.0,0.0,0.0,0.0,0.0,0.0,140.8,2.7,0.27,16.6,1061.1,0.06,140.9,48.3,189.2,0.0,0.0,0.0,0.0,0.0,0.0,0.0,0.0,0.0,0.0,0.0,0.0,0.0,0.0,0.0,0.0,0.0,0.0,5674.2,5674.2,4736.1,4736.1,0.0,0.0,0.0,0.0,0.0,435.2,0.0,0.0,0.0,0.0,0.0,0.0,0.0,4200.1,100.8,0.0
2050-05-05 18:00:00,2050-05-05 16:00:00,2441.1,288.8,0.0,0.0,2729.9,2346.3,0.0,0.0,0.0,0.0388,0.0638,upv,upv,0.0,0.0,0.0,0.0,0.0,0.0,0.0,0.0,0.0,0.0,0.0,0.0,0.0,0.0,0.0,0.0,0.0,0.0,141.0,2.7,0.27,16.7,1062.6,0.06,141.1,48.3,189.4,0.0,0.0,0.0,0.0,0.0,0.0,0.0,0.0,0.0,0.0,0.0,0.0,0.0,0.0,0.0,0.0,0.0,0.0,7421.0,7421.0,2729.9,2729.9,0.0,0.0,0.0,0.0,0.0,423.7,0.0,0.0,0.0,0.0,0.0,0.0,0.0,2194.9,111.3,0.0
2050-05-05 19:00:00,2050-05-05 17:00:00,2556.8,0.0,0.0,10.3,2567.2,2454.5,-1589.1,0.0,1589.1,0.04,0.0669,upv,upv,0.0,0.0,0.0,0.0,0.0,0.0,0.0,0.0,0.0,0.0,0.0,0.0,0.0,0.0,0.0,0.0,0.0,0.0,142.4,2.7,0.27,16.8,1073.8,0.06,142.6,48.8,191.4,0.0,0.0,0.0,0.0,0.0,0.0,0.0,0.0,0.0,0.0,0.0,0.0,0.0,0.0,0.0,0.0,0.0,0.0,1441.2,1441.2,4156.3,4156.3,0.0,0.0,0.0,0.0,0.0,231.0,0.0,0.0,0.0,0.0,0.0,0.0,0.0,3799.7,125.6,0.0
2050-05-05 20:00:00,2050-05-05 18:00:00,2603.2,0.0,0.0,11.3,2614.4,2497.7,2340.2,0.0,1679.4,0.0405,0.0681,battery,gas-cc,0.0,0.0,0.0,0.0,0.0,0.0,0.0,0.0,0.0,0.0,0.0,0.0,0.0,0.0,0.0,0.0,0.0,0.0,142.5,2.7,0.27,16.8,1074.0,0.06,142.6,48.9,191.5,366.8,6.9,0.69,43.3,2768.2,0.16,367.2,125.9,493.1,6.03,0.0,0.0,6.03,6.47,0.0,0.0,6.47,0.0,0.0,0.0,4293.8,274.2,4019.6,0.0,0.0,0.0,0.0,4.4,0.0,0.0,0.0,0.0,0.0,0.0,0.0,100.6,169.2,0.0
2050-05-05 21:00:00,2050-05-05 19:00:00,2564.2,0.0,0.0,16.4,2580.6,2461.4,2405.1,371.8,1640.0,0.0401,0.0671,battery,upv,0.0,0.0,0.0,0.0,0.0,0.0,0.0,0.0,0.0,0.0,0.0,0.0,0.0,0.0,0.0,0.0,0.0,0.0,157.3,3.0,0.3,18.6,1185.8,0.07,157.4,53.9,211.4,0.0,0.0,0.0,0.0,0.0,0.0,0.0,0.0,0.0,5.2,0.0,0.0,5.2,5.58,0.0,0.0,5.58,0.0,0.0,0.0,3848.8,175.5,3673.2,0.0,0.0,0.0,0.0,0.0,0.0,0.0,0.0,0.0,0.0,0.0,0.0,0.0,175.5,0.0
2050-05-05 22:00:00,2050-05-05 20:00:00,2441.1,0.0,0.0,17.6,2458.6,2346.3,2303.5,445.3,1640.0,0.0388,0.0638,battery,upv,0.0,0.0,0.0,0.0,0.0,0.0,0.0,0.0,0.0,0.0,0.0,0.0,0.0,0.0,0.0,0.0,0.0,0.0,142.1,2.7,0.27,16.8,1070.9,0.06,142.2,48.7,190.9,0.0,0.0,0.0,0.0,0.0,0.0,0.0,0.0,0.0,5.2,0.0,0.0,5.2,5.56,0.0,0.0,5.56,0.0,0.0,0.0,3653.3,155.2,3498.1,0.0,0.0,0.0,0.0,0.0,0.0,0.0,0.0,0.0,0.0,0.0,0.0,0.0,155.2,0.0
2050-05-05 23:00:00,2050-05-05 21:00:00,2229.5,0.0,0.0,17.6,2247.0,2147.6,2129.3,445.3,1640.0,0.0367,0.0583,battery,upv,0.0,0.0,0.0,0.0,0.0,0.0,0.0,0.0,0.0,0.0,0.0,0.0,0.0,0.0,0.0,0.0,0.0,0.0,166.5,3.1,0.31,19.7,1255.4,0.07,166.7,57.1,223.8,0.0,0.0,0.0,0.0,0.0,0.0,0.0,0.0,0.0,5.2,0.0,0.0,5.2,5.53,0.0,0.0,5.53,0.0,0.0,0.0,3441.7,117.7,3324.0,0.0,0.0,0.0,0.0,0.0,0.0,0.0,0.0,0.0,0.0,0.0,0.0,0.0,117.7,0.0
2050-05-06 00:00:00,2050-05-05 22:00:00,2010.5,0.0,0.0,17.6,2028.1,1940.8,1953.9,445.3,1640.0,0.0347,0.0526,battery,upv,0.0,0.0,0.0,0.0,0.0,0.0,0.0,0.0,0.0,0.0,0.0,0.0,0.0,0.0,0.0,0.0,0.0,0.0,148.9,2.8,0.28,17.6,1122.9,0.06,149.1,51.1,200.2,0.0,0.0,0.0,0.0,0.0,0.0,0.0,0.0,0.0,2.32,0.0,0.0,2.32,2.45,0.0,0.0,2.45,0.0,0.0,0.0,3222.7,74.2,3148.6,0.0,0.0,0.0,0.0,0.0,0.0,0.0,0.0,0.0,0.0,0.0,0.0,0.0,74.2,0.0
2050-05-06 01:00:00,2050-05-05 23:00:00,1768.4,0.0,0.0,17.6,1786.0,1710.7,1738.0,445.3,1640.0,0.0327,0.0462,battery,upv,0.0,0.0,0.0,0.0,0.0,0.0,0.0,0.0,0.0,0.0,0.0,0.0,0.0,0.0,0.0,0.0,0.0,0.0,144.5,2.7,0.27,17.1,1089.1,0.06,144.6,49.5,194.2,0.0,0.0,0.0,0.0,0.0,0.0,0.0,0.0,0.0,2.32,0.0,0.0,2.32,2.43,0.0,0.0,2.43,0.0,0.0,0.0,2980.6,48.0,2932.6,0.0,0.0,0.0,0.0,0.0,0.0,0.0,0.0,0.0,0.0,0.0,0.0,0.0,48.0,0.0
2050-05-06 02:00:00,2050-05-06 00:00:00,1585.3,0.0,0.0,17.6,1602.8,1535.5,1567.8,445.3,1640.0,0.0314,0.0415,battery,upv,0.0,0.0,0.0,0.0,0.0,0.0,0.0,0.0,0.0,0.0,0.0,0.0,0.0,0.0,0.0,0.0,0.0,0.0,141.1,2.7,0.27,16.7,1063.8,0.06,141.3,48.4,189.7,0.0,0.0,0.0,0.0,0.0,0.0,0.0,0.0,0.0,2.32,0.0,0.0,2.32,2.42,0.0,0.0,2.42,0.0,0.0,0.0,2797.5,35.1,2762.4,0.0,0.0,0.0,0.0,0.0,0.0,0.0,0.0,0.0,0.0,0.0,0.0,0.0,35.1,0.0
2050-05-06 03:00:00,2050-05-06 01:00:00,1432.6,0.0,0.0,14.5,1447.1,1388.9,1418.3,445.3,1165.5,0.0305,0.0375,battery,upv,0.0,0.0,0.0,0.0,0.0,0.0,0.0,0.0,0.0,0.0,0.0,0.0,0.0,0.0,0.0,0.0,0.0,0.0,140.9,2.7,0.27,16.6,1062.3,0.06,141.1,48.3,189.4,0.0,0.0,0.0,0.0,0.0,0.0,0.0,0.0,0.0,2.32,0.0,0.0,2.32,2.41,0.0,0.0,2.41,0.0,0.0,0.0,2167.3,28.8,2138.6,0.0,0.0,0.0,0.0,0.0,0.0,0.0,0.0,0.0,0.0,0.0,0.0,0.0,28.8,0.0
2050-05-06 04:00:00,2050-05-06 02:00:00,1314.7,0.0,0.0,10.2,1324.9,1275.3,1288.4,945.9,0.0,0.03,0.0344,battery,upv,0.0,0.0,0.0,0.0,0.0,0.0,0.0,0.0,0.0,0.0,0.0,0.0,1.0,2.4,0.02,0.0,1.1,1.1,140.9,2.7,0.27,16.6,1061.9,0.06,141.0,48.3,189.3,0.0,0.0,0.0,0.0,0.0,0.0,0.0,0.0,0.0,2.32,0.0,0.0,2.32,2.4,0.0,0.0,2.4,0.0,0.0,0.0,379.0,36.5,342.5,0.0,0.0,0.0,0.0,0.0,0.0,0.0,0.0,0.0,0.0,0.0,0.0,0.0,36.5,0.0
2050-05-06 05:00:00,2050-05-06 03:00:00,1250.5,0.0,0.0,8.5,1259.1,1213.2,1237.4,695.6,0.0,0.0298,0.0327,battery,upv,0.0,0.0,0.0,0.0,0.0,0.0,0.0,0.0,0.0,0.0,0.0,0.0,0.5,1.3,0.01,0.0,0.6,0.6,140.5,2.7,0.27,16.6,1059.1,0.06,140.6,48.2,188.8,0.0,0.0,0.0,0.0,0.0,0.0,0.0,0.0,0.0,2.32,0.0,0.0,2.32,2.4,0.0,0.0,2.4,0.0,0.0,0.0,563.5,21.7,541.8,0.0,0.0,0.0,0.0,0.0,0.0,0.0,0.0,0.0,0.0,0.0,0.0,0.0,21.7,0.0
2050-05-06 06:00:00,2050-05-06 04:00:00,1193.7,0.0,0.0,11.0,1204.7,1158.2,1183.8,1073.7,0.0,0.0297,0.0312,battery,upv,0.0,0.0,0.0,0.0,0.0,0.0,0.0,0.0,0.0,0.0,0.0,0.0,1.4,3.3,0.03,0.0,1.5,1.5,200.0,3.8,0.38,23.6,1508.8,0.09,200.3,68.6,268.9,0.0,0.0,0.0,0.0,0.0,0.0,0.0,0.0,0.0,2.32,0.0,0.0,2.32,2.4,0.0,0.0,2.4,0.0,0.0,0.0,131.0,20.9,110.1,0.0,0.0,0.0,0.0,0.0,0.0,0.0,0.0,0.0,0.0,0.0,0.0,0.0,20.9,0.0
2050-05-06 07:00:00,2050-05-06 05:00:00,1165.3,0.0,0.0,9.2,1174.5,1130.6,93.3,445.3,352.1,0.0297,0.0305,battery,upv,0.0,0.0,0.0,0.0,0.0,0.0,0.0,0.0,0.0,0.0,0.0,0.0,0.0,0.0,0.0,0.0,0.0,0.0,143.6,2.7,0.27,17.0,1082.6,0.06,143.8,49.2,193.0,0.0,0.0,0.0,0.0,0.0,0.0,0.0,0.0,0.0,2.01,0.0,0.0,2.01,2.08,0.0,0.0,2.08,0.0,0.0,0.0,1081.2,1081.2,0.0,0.0,0.0,0.0,0.0,45.0,0.0,0.0,0.0,0.0,0.0,0.0,0.0,1021.8,14.3,0.0
2050-05-06 08:00:00,2050-05-06 06:00:00,1222.1,3330.6,0.0,0.0,4552.7,1185.7,-0.0,0.0,0.0,0.0298,0.032,upv,upv,0.0,0.0,0.0,0.0,0.0,0.0,0.0,0.0,0.0,0.0,0.0,0.0,0.0,0.0,0.0,0.0,0.0,0.0,139.6,2.6,0.26,16.5,1052.7,0.06,139.8,47.9,187.7,0.0,0.0,0.0,0.0,0.0,0.0,0.0,0.0,0.0,0.0,0.0,0.0,0.0,0.0,0.0,0.0,0.0,6.6,2396.6,2403.3,4552.7,4552.7,0.0,0.0,0.0,0.0,0.0,293.2,0.0,0.0,0.0,0.0,0.0,0.0,0.0,4259.5,0.0,0.0
2050-05-06 09:00:00,2050-05-06 07:00:00,1302.1,3629.9,0.0,0.0,4932.0,1263.1,0.0,0.0,0.0,0.03,0.0341,upv,upv,0.0,0.0,0.0,0.0,0.0,0.0,0.0,0.0,0.0,0.0,0.0,0.0,0.0,0.0,0.0,0.0,0.0,0.0,139.7,2.6,0.26,16.5,1052.9,0.06,139.8,47.9,187.7,0.0,0.0,0.0,0.0,0.0,0.0,0.0,0.0,0.0,0.0,0.0,0.0,0.0,0.0,0.0,0.0,0.0,6.2,5350.2,5356.4,4932.0,4932.0,0.0,0.0,0.0,0.0,0.0,433.8,0.0,0.0,0.0,0.0,0.0,0.0,0.0,4498.2,0.0,0.0
2050-05-06 10:00:00,2050-05-06 08:00:00,1420.0,2655.8,0.0,0.0,4075.8,1376.8,0.0,0.0,0.0,0.0304,0.0371,upv,upv,0.0,0.0,0.0,0.0,0.0,0.0,0.0,0.0,0.0,0.0,0.0,0.0,0.0,0.0,0.0,0.0,0.0,0.0,139.7,2.6,0.26,16.5,1053.4,0.06,139.9,47.9,187.8,0.0,0.0,0.0,0.0,0.0,0.0,0.0,0.0,0.0,0.0,0.0,0.0,0.0,0.0,0.0,0.0,0.0,0.0,6252.1,6252.1,4075.8,4075.8,0.0,0.0,0.0,0.0,0.0,435.2,0.0,0.0,0.0,0.0,0.0,0.0,0.0,3622.2,18.3,0.0
2050-05-06 11:00:00,2050-05-06 09:00:00,1558.9,1847.4,0.0,0.0,3406.4,1510.3,0.0,0.0,0.0,0.0312,0.0408,upv,upv,0.0,0.0,0.0,0.0,0.0,0.0,0.0,0.0,0.0,0.0,0.0,0.0,0.0,0.0,0.0,0.0,0.0,0.0,139.8,2.6,0.26,16.5,1054.3,0.06,140.0,48.0,188.0,0.0,0.0,0.0,0.0,0.0,0.0,0.0,0.0,0.0,0.0,0.0,0.0,0.0,0.0,0.0,0.0,0.0,0.0,6924.4,6924.4,3406.4,3406.4,0.0,0.0,0.0,0.0,0.0,435.2,0.0,0.0,0.0,0.0,0.0,0.0,0.0,2949.9,21.3,0.0
2050-05-06 12:00:00,2050-05-06 10:00:00,1729.5,2934.7,0.0,0.0,4664.1,1673.5,0.0,0.0,0.0,0.0324,0.0452,upv,upv,0.0,0.0,0.0,0.0,0.0,0.0,0.0,0.0,0.0,0.0,0.0,0.0,0.0,0.0,0.0,0.0,0.0,0.0,140.0,2.6,0.27,16.5,1055.5,0.06,140.2,48.0,188.2,0.0,0.0,0.0,0.0,0.0,0.0,0.0,0.0,0.0,0.0,0.0,0.0,0.0,0.0,0.0,0.0,0.0,0.0,5688.7,5688.7,4664.1,4664.1,0.0,0.0,0.0,0.0,0.0,435.2,0.0,0.0,0.0,0.0,0.0,0.0,0.0,4185.6,43.3,0.0
2050-05-06 13:00:00,2050-05-06 11:00:00,1845.3,2532.7,0.0,0.0,4378.0,1783.9,0.0,0.0,0.0,0.0333,0.0483,upv,upv,0.0,0.0,0.0,0.0,0.0,0.0,0.0,0.0,0.0,0.0,0.0,0.0,0.0,0.0,0.0,0.0,0.0,0.0,140.1,2.6,0.27,16.6,1056.5,0.06,140.3,48.1,188.4,0.0,0.0,0.0,0.0,0.0,0.0,0.0,0.0,0.0,0.0,0.0,0.0,0.0,0.0,0.0,0.0,0.0,0.0,5993.7,5993.7,4378.0,4378.0,0.0,0.0,0.0,0.0,0.0,435.2,0.0,0.0,0.0,0.0,0.0,0.0,0.0,3880.6,62.1,0.0
2050-05-06 14:00:00,2050-05-06 12:00:00,1982.1,2400.1,0.0,0.0,4382.2,1913.9,0.0,0.0,0.0,0.0344,0.0518,upv,upv,0.0,0.0,0.0,0.0,0.0,0.0,0.0,0.0,0.0,0.0,0.0,0.0,0.0,0.0,0.0,0.0,0.0,0.0,140.3,2.6,0.27,16.6,1057.8,0.06,140.5,48.1,188.6,0.0,0.0,0.0,0.0,0.0,0.0,0.0,0.0,0.0,0.0,0.0,0.0,0.0,0.0,0.0,0.0,0.0,0.0,6012.9,6012.9,4382.2,4382.2,0.0,0.0,0.0,0.0,0.0,435.2,0.0,0.0,0.0,0.0,0.0,0.0,0.0,3861.4,85.6,0.0
2050-05-06 15:00:00,2050-05-06 13:00:00,2095.8,3600.8,0.0,0.0,5696.6,2021.5,0.0,0.0,0.0,0.0354,0.0548,upv,upv,0.0,0.0,0.0,0.0,0.0,0.0,0.0,0.0,0.0,0.0,0.0,0.0,0.0,0.0,0.0,0.0,0.0,0.0,140.5,2.7,0.27,16.6,1058.9,0.06,140.6,48.2,188.8,0.0,0.0,0.0,0.0,0.0,0.0,0.0,0.0,0.0,0.0,0.0,0.0,0.0,0.0,0.0,0.0,0.0,0.0,4664.1,4664.1,5696.6,5696.6,0.0,0.0,0.0,0.0,0.0,432.7,0.0,0.0,0.0,0.0,0.0,0.0,0.0,5158.5,105.5,0.0
2050-05-06 16:00:00,2050-05-06 14:00:00,2201.1,2593.8,0.0,0.0,4794.8,2120.8,0.0,0.0,0.0,0.0364,0.0576,upv,upv,0.0,0.0,0.0,0.0,0.0,0.0,0.0,0.0,0.0,0.0,0.0,0.0,0.0,0.0,0.0,0.0,0.0,0.0,140.6,2.7,0.27,16.6,1060.0,0.06,140.8,48.2,189.0,0.0,0.0,0.0,0.0,0.0,0.0,0.0,0.0,0.0,0.0,0.0,0.0,0.0,0.0,0.0,0.0,0.0,0.0,5403.9,5403.9,4794.8,4794.8,0.0,0.0,0.0,0.0,0.0,425.5,0.0,0.0,0.0,0.0,0.0,0.0,0.0,4250.7,118.7,0.0
2050-05-06 17:00:00,2050-05-06 15:00:00,2309.5,3795.7,0.0,0.0,6105.1,2222.9,0.0,0.0,0.0,0.0375,0.0604,upv,upv,0.0,0.0,0.0,0.0,0.0,0.0,0.0,0.0,0.0,0.0,0.0,0.0,0.0,0.0,0.0,0.0,0.0,0.0,140.8,2.7,0.27,16.6,1061.2,0.06,140.9,48.3,189.2,0.0,0.0,0.0,0.0,0.0,0.0,0.0,0.0,0.0,0.0,0.0,0.0,0.0,0.0,0.0,0.0,0.0,0.0,3908.4,3908.4,6105.1,6105.1,0.0,0.0,0.0,0.0,0.0,416.5,0.0,0.0,0.0,0.0,0.0,0.0,0.0,5539.4,149.3,0.0
2050-05-06 18:00:00,2050-05-06 16:00:00,2425.3,118.2,0.0,0.0,2543.4,2331.5,0.0,0.0,0.0,0.0387,0.0634,upv,upv,0.0,0.0,0.0,0.0,0.0,0.0,0.0,0.0,0.0,0.0,0.0,0.0,0.0,0.0,0.0,0.0,0.0,0.0,140.9,2.7,0.27,16.7,1062.5,0.06,141.1,48.3,189.4,0.0,0.0,0.0,0.0,0.0,0.0,0.0,0.0,0.0,0.0,0.0,0.0,0.0,0.0,0.0,0.0,0.0,0.0,6624.4,6624.4,2543.4,2543.4,0.0,0.0,0.0,0.0,0.0,380.7,0.0,0.0,0.0,0.0,0.0,0.0,0.0,2015.6,147.1,0.0
2050-05-06 19:00:00,2050-05-06 17:00:00,2464.2,1726.7,0.0,3.9,4194.8,2368.0,-596.5,0.0,596.5,0.0391,0.0644,battery,upv,0.0,0.0,0.0,0.0,0.0,0.0,0.0,0.0,0.0,0.0,0.0,0.0,0.0,0.0,0.0,0.0,0.0,0.0,141.7,2.7,0.27,16.7,1068.2,0.06,141.8,48.6,190.4,0.0,0.0,0.0,0.0,0.0,0.0,0.0,0.0,0.0,0.0,0.0,0.0,0.0,0.0,0.0,0.0,0.0,0.0,0.0,0.0,4791.4,4791.4,0.0,0.0,0.0,0.0,0.0,196.0,0.0,0.0,0.0,0.0,0.0,0.0,0.0,4449.3,146.1,0.0
2050-05-06 20:00:00,2050-05-06 18:00:00,2435.8,0.0,0.0,1.7,2437.5,2341.4,2194.5,0.0,266.5,0.0388,0.0637,battery,hydro,0.0,0.0,0.0,0.0,0.0,0.0,0.0,0.0,0.0,0.0,0.0,0.0,0.0,0.0,0.0,0.0,0.0,0.0,141.4,2.7,0.27,16.7,1066.0,0.06,141.5,48.5,190.0,0.0,0.0,0.0,0.0,0.0,0.0,0.0,0.0,0.0,2.23,0.0,0.0,2.23,2.38,0.0,0.0,2.38,0.0,0.0,0.0,2704.0,243.0,2461.0,0.0,0.0,0.0,0.0,3.6,0.0,0.0,0.0,0.0,0.0,0.0,0.0,82.0,157.3,0.0
2050-05-06 21:00:00,2050-05-06 19:00:00,2376.8,0.0,0.0,10.1,2387.0,2286.1,2203.0,211.6,1054.1,0.0382,0.0622,battery,hydro,0.0,0.0,0.0,0.0,0.0,0.0,0.0,0.0,0.0,0.0,0.0,0.0,0.0,0.0,0.0,0.0,0.0,0.0,142.1,2.7,0.27,16.8,1070.9,0.06,142.2,48.7,190.9,0.0,0.0,0.0,0.0,0.0,0.0,0.0,0.0,0.0,2.23,0.0,0.0,2.23,2.38,0.0,0.0,2.38,0.0,0.0,0.0,3229.5,184.0,3045.5,0.0,0.0,0.0,0.0,0.0,0.0,0.0,0.0,0.0,0.0,0.0,0.0,0.0,184.0,0.0
2050-05-06 22:00:00,2050-05-06 20:00:00,2281.1,0.0,0.0,9.4,2290.5,2196.2,2130.1,445.3,386.5,0.0372,0.0597,battery,upv,0.0,0.0,0.0,0.0,0.0,0.0,0.0,0.0,0.0,0.0,0.0,0.0,0.0,0.0,0.0,0.0,0.0,0.0,142.0,2.7,0.27,16.8,1070.3,0.06,142.1,48.7,190.8,0.0,0.0,0.0,0.0,0.0,0.0,0.0,0.0,0.0,2.23,0.0,0.0,2.23,2.37,0.0,0.0,2.37,0.0,0.0,0.0,2231.7,160.4,2071.3,0.0,0.0,0.0,0.0,0.0,0.0,0.0,0.0,0.0,0.0,0.0,0.0,0.0,160.4,0.0
2050-05-06 23:00:00,2050-05-06 21:00:00,2124.2,0.0,0.0,16.3,2140.6,2048.3,2009.4,445.3,1452.3,0.0357,0.0556,battery,hydro,0.0,0.0,0.0,0.0,0.0,0.0,0.0,0.0,0.0,0.0,0.0,0.0,0.0,0.0,0.0,0.0,0.0,0.0,148.6,2.8,0.28,17.6,1120.4,0.06,148.8,51.0,199.7,0.0,0.0,0.0,0.0,0.0,0.0,0.0,0.0,0.0,2.23,0.0,0.0,2.23,2.36,0.0,0.0,2.36,0.0,0.0,0.0,3147.5,131.2,3016.4,0.0,0.0,0.0,0.0,0.0,0.0,0.0,0.0,0.0,0.0,0.0,0.0,0.0,131.2,0.0
2050-05-07 00:00:00,2050-05-06 22:00:00,1951.6,0.0,0.0,16.5,1968.1,1884.9,1870.7,445.3,1479.0,0.0342,0.051,battery,upv,0.0,0.0,0.0,0.0,0.0,0.0,0.0,0.0,0.0,0.0,0.0,0.0,0.0,0.0,0.0,0.0,0.0,0.0,146.7,2.8,0.28,17.3,1105.7,0.06,146.8,50.3,197.1,0.0,0.0,0.0,0.0,0.0,0.0,0.0,0.0,0.0,6.85,0.0,0.0,6.85,7.21,0.0,0.0,7.21,0.0,0.0,0.0,3001.8,97.4,2904.4,0.0,0.0,0.0,0.0,0.0,0.0,0.0,0.0,0.0,0.0,0.0,0.0,0.0,97.4,0.0
2050-05-07 01:00:00,2050-05-06 23:00:00,1773.7,0.0,0.0,6.0,1779.7,1715.7,1698.9,370.3,47.3,0.0327,0.0464,battery,upv,0.0,0.0,0.0,0.0,0.0,0.0,0.0,0.0,0.0,0.0,0.0,0.0,0.0,0.0,0.0,0.0,0.0,0.0,146.8,2.8,0.28,17.3,1106.8,0.06,147.0,50.3,197.3,0.0,0.0,0.0,0.0,0.0,0.0,0.0,0.0,0.0,6.85,0.0,0.0,6.85,7.18,0.0,0.0,7.18,0.0,0.0,0.0,1456.8,80.8,1376.0,0.0,0.0,0.0,0.0,0.0,0.0,0.0,0.0,0.0,0.0,0.0,0.0,0.0,80.8,0.0
2050-05-07 02:00:00,2050-05-07 00:00:00,1572.6,0.0,0.0,3.5,1576.1,1523.4,1517.3,3.2,531.3,0.0313,0.0411,hydro,upv,0.0,0.0,0.0,0.0,0.0,0.0,0.0,0.0,0.0,0.0,0.0,0.0,0.0,0.0,0.0,0.0,0.0,0.0,140.9,2.7,0.27,16.6,1062.2,0.06,141.0,48.3,189.4,0.0,0.0,0.0,0.0,0.0,0.0,0.0,0.0,0.0,6.85,0.0,0.0,6.85,7.14,0.0,0.0,7.14,0.0,0.0,0.0,2104.2,58.8,2045.3,0.0,0.0,0.0,0.0,0.0,0.0,0.0,0.0,0.0,0.0,0.0,0.0,0.0,58.8,0.0
2050-05-07 03:00:00,2050-05-07 01:00:00,1428.4,0.0,0.0,8.9,1437.4,1384.9,1407.6,0.0,1375.3,0.0305,0.0374,battery,upv,0.0,0.0,0.0,0.0,0.0,0.0,0.0,0.0,0.0,0.0,0.0,0.0,0.0,0.0,0.0,0.0,0.0,0.0,145.8,2.8,0.28,17.2,1099.6,0.06,146.0,50.0,196.0,0.0,0.0,0.0,0.0,0.0,0.0,0.0,0.0,0.0,6.85,0.0,0.0,6.85,7.11,0.0,0.0,7.11,0.0,0.0,0.0,2812.7,29.8,2782.9,0.0,0.0,0.0,0.0,0.0,0.0,0.0,0.0,0.0,0.0,0.0,0.0,0.0,29.8,0.0
2050-05-07 04:00:00,2050-05-07 02:00:00,1302.1,0.0,0.0,12.7,1314.8,1263.1,1300.7,129.1,1640.0,0.03,0.0341,battery,upv,0.0,0.0,0.0,0.0,0.0,0.0,0.0,0.0,0.0,0.0,0.0,0.0,0.0,0.0,0.0,0.0,0.0,0.0,160.5,3.0,0.3,19.0,1209.9,0.07,160.6,55.0,215.7,0.0,0.0,0.0,0.0,0.0,0.0,0.0,0.0,0.0,6.85,0.0,0.0,6.85,7.09,0.0,0.0,7.09,0.0,0.0,0.0,2825.7,14.1,2811.5,0.0,0.0,0.0,0.0,0.0,0.0,0.0,0.0,0.0,0.0,0.0,0.0,0.0,14.1,0.0
2050-05-07 05:00:00,2050-05-07 03:00:00,1231.6,0.0,0.0,8.4,1240.0,1194.9,1222.0,51.8,1167.7,0.0298,0.0322,battery,upv,0.0,0.0,0.0,0.0,0.0,0.0,0.0,0.0,0.0,0.0,0.0,0.0,0.0,0.0,0.0,0.0,0.0,0.0,140.5,2.7,0.27,16.6,1059.2,0.06,140.6,48.2,188.8,0.0,0.0,0.0,0.0,0.0,0.0,0.0,0.0,0.0,6.85,0.0,0.0,6.85,7.07,0.0,0.0,7.07,0.0,0.0,0.0,2355.8,17.9,2337.9,0.0,0.0,0.0,0.0,0.0,0.0,0.0,0.0,0.0,0.0,0.0,0.0,0.0,17.9,0.0
2050-05-07 06:00:00,2050-05-07 04:00:00,1167.4,0.0,0.0,3.2,1170.6,1132.7,1145.9,0.0,493.4,0.0297,0.0305,battery,upv,0.0,0.0,0.0,0.0,0.0,0.0,0.0,0.0,0.0,0.0,0.0,0.0,0.0,0.0,0.0,0.0,0.0,0.0,140.5,2.7,0.27,16.6,1059.0,0.06,140.6,48.2,188.8,0.0,0.0,0.0,0.0,0.0,0.0,0.0,0.0,0.0,6.85,0.0,0.0,6.85,7.06,0.0,0.0,7.06,0.0,0.0,0.0,1663.9,24.6,1639.3,0.0,0.0,0.0,0.0,0.0,0.0,0.0,0.0,0.0,0.0,0.0,0.0,0.0,24.6,0.0
2050-05-07 07:00:00,2050-05-07 05:00:00,1124.2,0.0,0.0,6.9,1131.1,1090.8,-28.2,306.5,334.6,0.0297,0.0294,phs,upv,0.0,0.0,0.0,0.0,0.0,0.0,0.0,0.0,0.0,0.0,0.0,0.0,0.0,0.0,0.0,0.0,0.0,0.0,140.1,2.6,0.27,16.6,1056.4,0.06,140.3,48.1,188.3,0.0,0.0,0.0,0.0,0.0,0.0,0.0,0.0,0.0,2.04,0.0,0.0,2.04,2.11,0.0,0.0,2.11,0.0,0.0,0.0,1159.3,1159.3,0.0,0.0,0.0,0.0,0.0,48.0,0.0,0.0,0.0,0.0,0.0,0.0,0.0,1088.1,23.3,0.0
2050-05-07 08:00:00,2050-05-07 06:00:00,1177.9,1873.0,0.0,0.0,3050.9,1142.9,0.0,0.0,0.0,0.0297,0.0308,upv,upv,0.0,0.0,0.0,0.0,0.0,0.0,0.0,0.0,0.0,0.0,0.0,0.0,0.0,0.0,0.0,0.0,0.0,0.0,139.6,2.6,0.26,16.5,1052.7,0.06,139.8,47.9,187.7,0.0,0.0,0.0,0.0,0.0,0.0,0.0,0.0,0.0,0.0,0.0,0.0,0.0,0.0,0.0,0.0,0.0,0.0,4073.5,4073.5,3050.9,3050.9,0.0,0.0,0.0,0.0,0.0,299.9,0.0,0.0,0.0,0.0,0.0,0.0,0.0,2731.2,19.8,0.0
2050-05-07 09:00:00,2050-05-07 07:00:00,1265.3,2168.3,0.0,0.0,3433.6,1227.5,0.0,0.0,0.0,0.0299,0.0331,upv,upv,0.0,0.0,0.0,0.0,0.0,0.0,0.0,0.0,0.0,0.0,0.0,0.0,0.0,0.0,0.0,0.0,0.0,0.0,139.7,2.6,0.26,16.5,1052.8,0.06,139.8,47.9,187.7,0.0,0.0,0.0,0.0,0.0,0.0,0.0,0.0,0.0,0.0,0.0,0.0,0.0,0.0,0.0,0.0,0.0,13.2,6828.5,6841.7,3433.6,3433.6,0.0,0.0,0.0,0.0,0.0,0.0,0.0,0.0,0.0,0.0,0.0,0.0,0.0,3433.6,0.0,0.0
2050-05-07 10:00:00,2050-05-07 08:00:00,1376.8,2337.9,0.0,0.0,3714.7,1335.2,0.0,0.0,0.0,0.0302,0.036,upv,upv,0.0,0.0,0.0,0.0,0.0,0.0,0.0,0.0,0.0,0.0,0.0,0.0,0.0,0.0,0.0,0.0,0.0,0.0,139.7,2.6,0.26,16.5,1053.2,0.06,139.9,47.9,187.8,0.0,0.0,0.0,0.0,0.0,0.0,0.0,0.0,0.0,0.0,0.0,0.0,0.0,0.0,0.0,0.0,0.0,0.0,6595.8,6595.8,3714.7,3714.7,0.0,0.0,0.0,0.0,0.0,433.4,0.0,0.0,0.0,0.0,0.0,0.0,0.0,3239.7,41.6,0.0
2050-05-07 11:00:00,2050-05-07 09:00:00,1512.6,2456.1,0.0,0.0,3968.7,1465.9,0.0,0.0,0.0,0.0309,0.0396,upv,upv,0.0,0.0,0.0,0.0,0.0,0.0,0.0,0.0,0.0,0.0,0.0,0.0,0.0,0.0,0.0,0.0,0.0,0.0,139.8,2.6,0.26,16.5,1054.0,0.06,140.0,47.9,187.9,0.0,0.0,0.0,0.0,0.0,0.0,0.0,0.0,0.0,0.0,0.0,0.0,0.0,0.0,0.0,0.0,0.0,0.0,6402.9,6402.9,3968.7,3968.7,0.0,0.0,0.0,0.0,0.0,435.2,0.0,0.0,0.0,0.0,0.0,0.0,0.0,3471.4,62.0,0.0
2050-05-07 12:00:00,2050-05-07 10:00:00,1652.6,3925.6,0.0,0.0,5578.2,1600.1,0.0,0.0,0.0,0.0318,0.0432,upv,upv,0.0,0.0,0.0,0.0,0.0,0.0,0.0,0.0,0.0,0.0,0.0,0.0,0.0,0.0,0.0,0.0,0.0,0.0,139.9,2.6,0.26,16.5,1054.9,0.06,140.1,48.0,188.1,0.0,0.0,0.0,0.0,0.0,0.0,0.0,0.0,0.0,0.0,0.0,0.0,0.0,0.0,0.0,0.0,0.0,0.0,4800.7,4800.7,5578.2,5578.2,0.0,0.0,0.0,0.0,0.0,435.2,0.0,0.0,0.0,0.0,0.0,0.0,0.0,5073.6,69.4,0.0
2050-05-07 13:00:00,2050-05-07 11:00:00,1796.8,3990.5,0.0,0.0,5787.3,1737.8,-0.0,0.0,0.0,0.0329,0.047,upv,upv,0.0,0.0,0.0,0.0,0.0,0.0,0.0,0.0,0.0,0.0,0.0,0.0,0.0,0.0,0.0,0.0,0.0,0.0,140.1,2.6,0.27,16.6,1056.1,0.06,140.2,48.0,188.3,0.0,0.0,0.0,0.0,0.0,0.0,0.0,0.0,0.0,0.0,0.0,0.0,0.0,0.0,0.0,0.0,0.0,0.0,4607.4,4607.4,5787.3,5787.3,0.0,0.0,0.0,0.0,0.0,435.2,0.0,0.0,0.0,0.0,0.0,0.0,0.0,5266.9,85.2,0.0
2050-05-07 14:00:00,2050-05-07 12:00:00,1928.4,4019.6,0.0,0.0,5948.0,1862.9,0.0,0.0,0.0,0.034,0.0504,upv,upv,0.0,0.0,0.0,0.0,0.0,0.0,0.0,0.0,0.0,0.0,0.0,0.0,0.0,0.0,0.0,0.0,0.0,0.0,140.2,2.6,0.27,16.6,1057.3,0.06,140.4,48.1,188.5,0.0,0.0,0.0,0.0,0.0,0.0,0.0,0.0,0.0,0.0,0.0,0.0,0.0,0.0,0.0,0.0,0.0,0.0,4482.8,4482.8,5948.0,5948.0,0.0,0.0,0.0,0.0,0.0,435.2,0.0,0.0,0.0,0.0,0.0,0.0,0.0,5391.5,121.3,0.0
2050-05-07 15:00:00,2050-05-07 13:00:00,2058.9,4019.6,0.0,0.0,6078.5,1986.7,0.0,0.0,0.0,0.0351,0.0538,upv,upv,0.0,0.0,0.0,0.0,0.0,0.0,0.0,0.0,0.0,0.0,0.0,0.0,0.0,0.0,0.0,0.0,0.0,0.0,140.4,2.7,0.27,16.6,1058.5,0.06,140.6,48.2,188.7,0.0,0.0,0.0,0.0,0.0,0.0,0.0,0.0,0.0,0.0,0.0,0.0,0.0,0.0,0.0,0.0,0.0,0.0,4364.4,4364.4,6078.5,6078.5,0.0,0.0,0.0,0.0,0.0,435.2,0.0,0.0,0.0,0.0,0.0,0.0,0.0,5509.9,133.4,0.0
2050-05-07 16:00:00,2050-05-07 14:00:00,2142.1,2461.0,0.0,0.0,4603.1,2065.2,0.0,0.0,0.0,0.0359,0.056,upv,upv,0.0,0.0,0.0,0.0,0.0,0.0,0.0,0.0,0.0,0.0,0.0,0.0,0.0,0.0,0.0,0.0,0.0,0.0,140.5,2.7,0.27,16.6,1059.4,0.06,140.7,48.2,188.9,0.0,0.0,0.0,0.0,0.0,0.0,0.0,0.0,0.0,0.0,0.0,0.0,0.0,0.0,0.0,0.0,0.0,0.0,5853.8,5853.8,4603.1,4603.1,0.0,0.0,0.0,0.0,0.0,434.5,0.0,0.0,0.0,0.0,0.0,0.0,0.0,4007.5,161.0,0.0
2050-05-07 17:00:00,2050-05-07 15:00:00,2265.3,3726.9,0.0,0.0,5992.2,2181.3,-0.0,0.0,0.0,0.0371,0.0592,upv,upv,0.0,0.0,0.0,0.0,0.0,0.0,0.0,0.0,0.0,0.0,0.0,0.0,0.0,0.0,0.0,0.0,0.0,0.0,140.7,2.7,0.27,16.6,1060.7,0.06,140.8,48.2,189.1,0.0,0.0,0.0,0.0,0.0,0.0,0.0,0.0,0.0,0.0,0.0,0.0,0.0,0.0,0.0,0.0,0.0,0.0,4489.5,4489.5,5992.2,5992.2,0.0,0.0,0.0,0.0,0.0,434.9,0.0,0.0,0.0,0.0,0.0,0.0,0.0,5378.4,178.9,0.0
2050-05-07 18:00:00,2050-05-07 16:00:00,2389.5,94.0,0.0,0.0,2483.5,2298.0,0.0,0.0,0.0,0.0383,0.0625,upv,upv,0.0,0.0,0.0,0.0,0.0,0.0,0.0,0.0,0.0,0.0,0.0,0.0,0.0,0.0,0.0,0.0,0.0,0.0,140.9,2.7,0.27,16.6,1062.1,0.06,141.0,48.3,189.3,0.0,0.0,0.0,0.0,0.0,0.0,0.0,0.0,0.0,0.0,0.0,0.0,0.0,0.0,0.0,0.0,0.0,0.0,7718.5,7718.5,2483.5,2483.5,0.0,0.0,0.0,0.0,0.0,423.0,0.0,0.0,0.0,0.0,0.0,0.0,0.0,1877.9,182.6,0.0
2050-05-07 19:00:00,2050-05-07 17:00:00,2400.0,94.0,0.0,28.9,2522.9,2307.8,-2816.0,0.0,2816.0,0.0384,0.0628,upv,upv,0.0,0.0,0.0,0.0,0.0,0.0,0.0,0.0,0.0,0.0,0.0,0.0,0.0,0.0,0.0,0.0,0.0,0.0,140.9,2.7,0.27,16.7,1062.5,0.06,141.1,48.3,189.4,0.0,0.0,0.0,0.0,0.0,0.0,0.0,0.0,0.0,0.0,0.0,0.0,0.0,0.0,0.0,0.0,0.0,0.0,336.8,336.8,5338.9,5338.9,0.0,0.0,0.0,0.0,0.0,231.5,0.0,0.0,0.0,0.0,0.0,0.0,0.0,4917.0,190.4,0.0
2050-05-07 20:00:00,2050-05-07 18:00:00,2391.6,0.0,0.0,10.7,2402.2,2299.9,2122.5,0.0,1640.0,0.0383,0.0625,battery,upv,0.0,0.0,0.0,0.0,0.0,0.0,0.0,0.0,0.0,0.0,0.0,0.0,0.0,0.0,0.0,0.0,0.0,0.0,150.9,2.8,0.29,17.8,1138.0,0.07,151.1,51.8,202.9,0.0,0.0,0.0,0.0,0.0,0.0,0.0,0.0,0.0,11.37,0.0,0.0,11.37,12.13,0.0,0.0,12.13,0.0,0.0,0.0,4042.2,279.7,3762.5,0.0,0.0,0.0,0.0,5.0,0.0,0.0,0.0,0.0,0.0,0.0,0.0,112.5,162.3,0.0
2050-05-07 21:00:00,2050-05-07 19:00:00,2376.8,0.0,0.0,0.5,2377.4,2286.1,2184.1,0.0,82.1,0.0382,0.0622,battery,hydro,0.0,0.0,0.0,0.0,0.0,0.0,0.0,0.0,0.0,0.0,0.0,0.0,0.0,0.0,0.0,0.0,0.0,0.0,156.8,3.0,0.3,18.5,1182.1,0.07,156.9,53.8,210.7,0.0,0.0,0.0,0.0,0.0,0.0,0.0,0.0,0.0,11.37,0.0,0.0,11.37,12.12,0.0,0.0,12.12,0.0,0.0,0.0,2459.5,193.3,2266.2,0.0,0.0,0.0,0.0,0.0,0.0,0.0,0.0,0.0,0.0,0.0,0.0,0.0,193.3,0.0
2050-05-07 22:00:00,2050-05-07 20:00:00,2265.3,0.0,0.0,10.7,2275.9,2181.3,2128.3,0.0,1640.0,0.0371,0.0592,battery,upv,0.0,0.0,0.0,0.0,0.0,0.0,0.0,0.0,0.0,0.0,0.0,0.0,0.0,0.0,0.0,0.0,0.0,0.0,152.5,2.9,0.29,18.0,1150.2,0.07,152.7,52.3,205.0,0.0,0.0,0.0,0.0,0.0,0.0,0.0,0.0,0.0,11.37,0.0,0.0,11.37,12.09,0.0,0.0,12.09,0.0,0.0,0.0,3915.9,147.6,3768.2,0.0,0.0,0.0,0.0,0.0,0.0,0.0,0.0,0.0,0.0,0.0,0.0,0.0,147.6,0.0
2050-05-07 23:00:00,2050-05-07 21:00:00,2103.2,0.0,0.0,3.0,2106.1,2028.5,2004.3,0.0,456.6,0.0355,0.055,battery,hydro,0.0,0.0,0.0,0.0,0.0,0.0,0.0,0.0,0.0,0.0,0.0,0.0,0.0,0.0,0.0,0.0,0.0,0.0,159.2,3.0,0.3,18.8,1200.7,0.07,159.4,54.6,214.0,0.0,0.0,0.0,0.0,0.0,0.0,0.0,0.0,0.0,11.37,0.0,0.0,11.37,12.03,0.0,0.0,12.03,0.0,0.0,0.0,2562.8,101.8,2461.0,0.0,0.0,0.0,0.0,0.0,0.0,0.0,0.0,0.0,0.0,0.0,0.0,0.0,101.8,0.0
2050-05-08 00:00:00,2050-05-07 22:00:00,1912.6,0.0,0.0,0.8,1913.4,1847.9,1862.9,0.0,118.4,0.0338,0.05,battery,gas-cc,0.0,0.0,0.0,0.0,0.0,0.0,0.0,0.0,0.0,0.0,0.0,0.0,0.0,0.0,0.0,0.0,0.0,0.0,141.3,2.7,0.27,16.7,1065.5,0.06,141.5,48.5,189.9,370.3,7.0,0.7,43.7,2794.4,0.16,370.7,127.1,497.8,16.17,0.0,0.0,16.17,17.02,0.0,0.0,17.02,0.0,0.0,0.0,2031.8,50.5,1981.3,0.0,0.0,0.0,0.0,0.0,0.0,0.0,0.0,0.0,0.0,0.0,0.0,0.0,50.5,0.0
2050-05-08 01:00:00,2050-05-07 23:00:00,1729.5,0.0,0.0,3.6,1733.0,1673.5,1703.9,0.0,549.4,0.0324,0.0452,battery,gas-cc,0.0,0.0,0.0,0.0,0.0,0.0,0.0,0.0,0.0,0.0,0.0,0.0,0.0,0.0,0.0,0.0,0.0,0.0,141.3,2.7,0.27,16.7,1065.0,0.06,141.4,48.4,189.9,331.6,6.2,0.62,39.2,2502.4,0.14,332.0,113.8,445.7,16.17,0.0,0.0,16.17,16.93,0.0,0.0,16.93,0.0,0.0,0.0,2282.5,29.2,2253.3,0.0,0.0,0.0,0.0,0.0,0.0,0.0,0.0,0.0,0.0,0.0,0.0,0.0,29.2,0.0
2050-05-08 02:00:00,2050-05-08 00:00:00,1500.0,0.0,0.0,6.2,1506.2,1453.7,1483.3,0.0,957.5,0.0309,0.0392,battery,hydro,0.0,0.0,0.0,0.0,0.0,0.0,0.0,0.0,0.0,0.0,0.0,0.0,0.0,0.0,0.0,0.0,0.0,0.0,140.6,2.7,0.27,16.6,1060.1,0.06,140.8,48.2,189.0,0.0,0.0,0.0,0.0,0.0,0.0,0.0,0.0,0.0,16.17,0.0,0.0,16.17,16.83,0.0,0.0,16.83,0.0,0.0,0.0,2463.8,22.9,2440.8,0.0,0.0,0.0,0.0,0.0,0.0,0.0,0.0,0.0,0.0,0.0,0.0,0.0,22.9,0.0
2050-05-08 03:00:00,2050-05-08 01:00:00,1376.8,0.0,0.0,4.4,1381.3,1335.2,1361.7,0.0,678.2,0.0302,0.036,battery,hydro,0.0,0.0,0.0,0.0,0.0,0.0,0.0,0.0,0.0,0.0,0.0,0.0,0.0,0.0,0.0,0.0,0.0,0.0,161.1,3.0,0.3,19.0,1214.4,0.07,161.2,55.2,216.5,0.0,0.0,0.0,0.0,0.0,0.0,0.0,0.0,0.0,16.17,0.0,0.0,16.17,16.77,0.0,0.0,16.77,0.0,0.0,0.0,2059.4,19.5,2039.9,0.0,0.0,0.0,0.0,0.0,0.0,0.0,0.0,0.0,0.0,0.0,0.0,0.0,19.5,0.0
2050-05-08 04:00:00,2050-05-08 02:00:00,1286.3,0.0,0.0,7.6,1293.9,1247.8,1266.8,0.0,1165.1,0.0299,0.0336,battery,gas-cc,0.0,0.0,0.0,0.0,0.0,0.0,0.0,0.0,0.0,0.0,0.0,0.0,0.0,0.0,0.0,0.0,0.0,0.0,146.5,2.8,0.28,17.3,1104.9,0.06,146.7,50.3,197.0,364.0,6.9,0.69,43.0,2747.1,0.16,364.4,124.9,489.3,16.17,0.0,0.0,16.17,16.73,0.0,0.0,16.73,0.0,0.0,0.0,2459.0,27.1,2431.9,0.0,0.0,0.0,0.0,0.0,0.0,0.0,0.0,0.0,0.0,0.0,0.0,0.0,27.1,0.0
2050-05-08 05:00:00,2050-05-08 03:00:00,1240.0,0.0,0.0,4.4,1244.4,1203.0,1213.0,0.0,684.2,0.0298,0.0324,hydro,hydro,0.0,0.0,0.0,0.0,0.0,0.0,0.0,0.0,0.0,0.0,0.0,0.0,0.0,0.0,0.0,0.0,0.0,0.0,140.7,2.7,0.27,16.6,1060.4,0.06,140.8,48.2,189.0,0.0,0.0,0.0,0.0,0.0,0.0,0.0,0.0,0.0,16.17,0.0,0.0,16.17,16.71,0.0,0.0,16.71,0.0,0.0,0.0,1928.7,31.4,1897.2,0.0,0.0,0.0,0.0,0.0,0.0,0.0,0.0,0.0,0.0,0.0,0.0,0.0,31.4,0.0
2050-05-08 06:00:00,2050-05-08 04:00:00,1227.4,0.0,0.0,0.0,1227.4,1190.8,1189.2,0.0,0.0,0.0298,0.0321,battery,gas-cc,0.0,0.0,0.0,0.0,0.0,0.0,0.0,0.0,0.0,0.0,0.0,0.0,0.0,0.0,0.0,0.0,0.0,0.0,140.8,2.7,0.27,16.6,1061.5,0.06,141.0,48.3,189.2,327.1,6.2,0.62,38.6,2468.4,0.14,327.5,112.2,439.7,16.17,0.0,0.0,16.17,16.7,0.0,0.0,16.7,0.0,0.0,0.0,1227.4,38.2,1189.2,0.0,0.0,0.0,0.0,0.0,0.0,0.0,0.0,0.0,0.0,0.0,0.0,0.0,38.2,0.0
2050-05-08 07:00:00,2050-05-08 05:00:00,1265.3,0.0,0.0,7.8,1273.0,1227.5,74.4,375.9,301.5,0.0299,0.0331,battery,upv,0.0,0.0,0.0,0.0,0.0,0.0,0.0,0.0,0.0,0.0,0.0,0.0,0.0,0.0,0.0,0.0,0.0,0.0,140.2,2.6,0.27,16.6,1056.8,0.06,140.3,48.1,188.4,0.0,0.0,0.0,0.0,0.0,0.0,0.0,0.0,0.0,11.04,0.0,0.0,11.04,11.41,0.0,0.0,11.41,0.0,0.0,0.0,1198.6,1198.6,0.0,0.0,0.0,0.0,0.0,48.9,0.0,0.0,0.0,0.0,0.0,0.0,0.0,1110.7,39.0,0.0
2050-05-08 08:00:00,2050-05-08 06:00:00,1381.1,2928.7,0.0,0.0,4309.7,1339.3,0.0,0.0,0.0,0.0303,0.0361,upv,upv,0.0,0.0,0.0,0.0,0.0,0.0,0.0,0.0,0.0,0.0,0.0,0.0,0.0,0.0,0.0,0.0,0.0,0.0,139.7,2.6,0.26,16.5,1053.3,0.06,139.9,47.9,187.8,0.0,0.0,0.0,0.0,0.0,0.0,0.0,0.0,0.0,0.0,0.0,0.0,0.0,0.0,0.0,0.0,0.0,0.0,2768.8,2768.8,4309.7,4309.7,0.0,0.0,0.0,0.0,0.0,297.6,0.0,0.0,0.0,0.0,0.0,0.0,0.0,3984.2,28.0,0.0
2050-05-08 09:00:00,2050-05-08 07:00:00,1558.9,4019.6,0.0,0.0,5578.5,1510.3,0.0,0.0,0.0,0.0312,0.0408,upv,upv,0.0,0.0,0.0,0.0,0.0,0.0,0.0,0.0,0.0,0.0,0.0,0.0,0.0,0.0,0.0,0.0,0.0,0.0,139.8,2.6,0.26,16.5,1054.3,0.06,140.0,48.0,188.0,0.0,0.0,0.0,0.0,0.0,0.0,0.0,0.0,0.0,0.0,0.0,0.0,0.0,0.0,0.0,0.0,0.0,12.1,4575.5,4587.6,5578.5,5578.5,0.0,0.0,0.0,0.0,0.0,428.4,0.0,0.0,0.0,0.0,0.0,0.0,0.0,5150.1,0.0,0.0
2050-05-08 10:00:00,2050-05-08 08:00:00,1729.5,4019.6,0.0,0.0,5749.0,1673.5,-0.0,0.0,0.0,0.0324,0.0452,upv,upv,0.0,0.0,0.0,0.0,0.0,0.0,0.0,0.0,0.0,0.0,0.0,0.0,0.0,0.0,0.0,0.0,0.0,0.0,140.0,2.6,0.27,16.5,1055.5,0.06,140.2,48.0,188.2,0.0,0.0,0.0,0.0,0.0,0.0,0.0,0.0,0.0,0.0,0.0,0.0,0.0,0.0,0.0,0.0,0.0,0.0,4578.7,4578.7,5749.0,5749.0,0.0,0.0,0.0,0.0,0.0,435.2,0.0,0.0,0.0,0.0,0.0,0.0,0.0,5295.6,18.2,0.0
2050-05-08 11:00:00,2050-05-08 09:00:00,1781.1,2431.9,0.0,0.0,4213.0,1722.7,0.0,0.0,0.0,0.0328,0.0466,upv,upv,0.0,0.0,0.0,0.0,0.0,0.0,0.0,0.0,0.0,0.0,0.0,0.0,0.0,0.0,0.0,0.0,0.0,0.0,140.1,2.6,0.27,16.5,1056.0,0.06,140.2,48.0,188.3,0.0,0.0,0.0,0.0,0.0,0.0,0.0,0.0,0.0,0.0,0.0,0.0,0.0,0.0,0.0,0.0,0.0,0.0,6123.7,6123.7,4213.0,4213.0,0.0,0.0,0.0,0.0,0.0,435.2,0.0,0.0,0.0,0.0,0.0,0.0,0.0,3750.6,27.1,0.0
2050-05-08 12:00:00,2050-05-08 10:00:00,1814.7,4019.6,0.0,0.0,5834.3,1754.8,0.0,0.0,0.0,0.033,0.0475,upv,upv,0.0,0.0,0.0,0.0,0.0,0.0,0.0,0.0,0.0,0.0,0.0,0.0,0.0,0.0,0.0,0.0,0.0,0.0,140.1,2.6,0.27,16.6,1056.3,0.06,140.3,48.0,188.3,0.0,0.0,0.0,0.0,0.0,0.0,0.0,0.0,0.0,0.0,0.0,0.0,0.0,0.0,0.0,0.0,0.0,0.0,4516.6,4516.6,5834.3,5834.3,0.0,0.0,0.0,0.0,0.0,435.2,0.0,0.0,0.0,0.0,0.0,0.0,0.0,5357.7,41.4,0.0
2050-05-08 13:00:00,2050-05-08 11:00:00,1837.9,4019.6,0.0,0.0,5857.5,1776.9,0.0,0.0,0.0,0.0332,0.0481,upv,upv,0.0,0.0,0.0,0.0,0.0,0.0,0.0,0.0,0.0,0.0,0.0,0.0,0.0,0.0,0.0,0.0,0.0,0.0,140.1,2.6,0.27,16.6,1056.5,0.06,140.3,48.1,188.3,0.0,0.0,0.0,0.0,0.0,0.0,0.0,0.0,0.0,0.0,0.0,0.0,0.0,0.0,0.0,0.0,0.0,0.0,4486.2,4486.2,5857.5,5857.5,0.0,0.0,0.0,0.0,0.0,434.9,0.0,0.0,0.0,0.0,0.0,0.0,0.0,5381.7,40.9,0.0
2050-05-08 14:00:00,2050-05-08 12:00:00,1894.7,2431.9,0.0,0.0,4326.6,1830.9,0.0,0.0,0.0,0.0337,0.0495,upv,upv,0.0,0.0,0.0,0.0,0.0,0.0,0.0,0.0,0.0,0.0,0.0,0.0,0.0,0.0,0.0,0.0,0.0,0.0,140.2,2.6,0.27,16.6,1057.3,0.06,140.4,48.1,188.5,0.0,0.0,0.0,0.0,0.0,0.0,0.0,0.0,0.0,0.0,0.0,0.0,0.0,0.0,0.0,0.0,0.0,0.0,6020.7,6020.7,4326.6,4326.6,0.0,0.0,0.0,0.0,0.0,434.9,0.0,0.0,0.0,0.0,0.0,0.0,0.0,3847.1,44.6,0.0
2050-05-08 15:00:00,2050-05-08 13:00:00,1980.0,2431.9,0.0,0.0,4411.9,1911.9,0.0,0.0,0.0,0.0344,0.0518,upv,upv,0.0,0.0,0.0,0.0,0.0,0.0,0.0,0.0,0.0,0.0,0.0,0.0,0.0,0.0,0.0,0.0,0.0,0.0,140.3,2.6,0.27,16.6,1057.8,0.06,140.5,48.1,188.6,0.0,0.0,0.0,0.0,0.0,0.0,0.0,0.0,0.0,0.0,0.0,0.0,0.0,0.0,0.0,0.0,0.0,0.0,5938.4,5938.4,4411.9,4411.9,0.0,0.0,0.0,0.0,0.0,434.5,0.0,0.0,0.0,0.0,0.0,0.0,0.0,3922.9,54.4,0.0
2050-05-08 16:00:00,2050-05-08 14:00:00,2049.5,2431.9,0.0,0.0,4481.4,1977.7,0.0,0.0,0.0,0.035,0.0536,upv,upv,0.0,0.0,0.0,0.0,0.0,0.0,0.0,0.0,0.0,0.0,0.0,0.0,0.0,0.0,0.0,0.0,0.0,0.0,140.4,2.6,0.27,16.6,1058.5,0.06,140.6,48.1,188.7,0.0,0.0,0.0,0.0,0.0,0.0,0.0,0.0,0.0,0.0,0.0,0.0,0.0,0.0,0.0,0.0,0.0,0.0,5827.8,5827.8,4481.4,4481.4,0.0,0.0,0.0,0.0,0.0,432.7,0.0,0.0,0.0,0.0,0.0,0.0,0.0,3988.3,60.3,0.0
2050-05-08 17:00:00,2050-05-08 15:00:00,2144.2,2431.9,0.0,0.0,4576.1,2067.2,0.0,0.0,0.0,0.0359,0.0561,upv,upv,0.0,0.0,0.0,0.0,0.0,0.0,0.0,0.0,0.0,0.0,0.0,0.0,0.0,0.0,0.0,0.0,0.0,0.0,140.5,2.7,0.27,16.6,1059.4,0.06,140.7,48.2,188.9,0.0,0.0,0.0,0.0,0.0,0.0,0.0,0.0,0.0,0.0,0.0,0.0,0.0,0.0,0.0,0.0,0.0,0.0,5683.4,5683.4,4576.1,4576.1,0.0,0.0,0.0,0.0,0.0,430.5,0.0,0.0,0.0,0.0,0.0,0.0,0.0,4087.5,58.1,0.0
2050-05-08 18:00:00,2050-05-08 16:00:00,2255.8,0.0,0.0,0.0,2255.8,2172.4,0.0,0.0,0.0,0.037,0.059,upv,upv,0.0,0.0,0.0,0.0,0.0,0.0,0.0,0.0,0.0,0.0,0.0,0.0,0.0,0.0,0.0,0.0,0.0,0.0,140.7,2.7,0.27,16.6,1060.6,0.06,140.8,48.2,189.1,0.0,0.0,0.0,0.0,0.0,0.0,0.0,0.0,0.0,0.0,0.0,0.0,0.0,0.0,0.0,0.0,0.0,0.0,7337.9,7337.9,2255.8,2255.8,0.0,0.0,0.0,0.0,0.0,402.8,0.0,0.0,0.0,0.0,0.0,0.0,0.0,1799.8,53.3,0.0
2050-05-08 19:00:00,2050-05-08 17:00:00,2376.8,0.0,0.0,28.9,2405.7,2286.1,-2816.0,0.0,2816.0,0.0382,0.0622,upv,upv,0.0,0.0,0.0,0.0,0.0,0.0,0.0,0.0,0.0,0.0,0.0,0.0,0.0,0.0,0.0,0.0,0.0,0.0,140.9,2.7,0.27,16.6,1062.1,0.06,141.0,48.3,189.4,0.0,0.0,0.0,0.0,0.0,0.0,0.0,0.0,0.0,0.0,0.0,0.0,0.0,0.0,0.0,0.0,0.0,0.0,5.7,5.7,5221.7,5221.7,0.0,0.0,0.0,0.0,0.0,218.3,0.0,0.0,0.0,0.0,0.0,0.0,0.0,4947.6,55.8,0.0
2050-05-08 20:00:00,2050-05-08 18:00:00,2389.5,0.0,0.0,9.5,2399.0,2298.0,2165.1,0.0,1464.8,0.0383,0.0625,battery,gas-cc,0.0,0.0,0.0,0.0,0.0,0.0,0.0,0.0,0.0,0.0,0.0,0.0,0.0,0.0,0.0,0.0,0.0,0.0,142.0,2.7,0.27,16.8,1070.4,0.06,142.1,48.7,190.8,361.8,6.8,0.68,42.7,2730.1,0.16,362.2,124.1,486.3,30.94,0.0,0.0,30.94,33.0,0.0,0.0,33.0,0.0,0.0,0.0,3863.8,233.9,3629.9,0.0,0.0,0.0,0.0,5.5,0.0,0.0,0.0,0.0,0.0,0.0,0.0,125.7,102.7,0.0
2050-05-08 21:00:00,2050-05-08 19:00:00,2376.8,0.0,0.0,10.5,2387.4,2286.1,2206.6,0.0,1618.1,0.0382,0.0622,battery,gas-cc,0.0,0.0,0.0,0.0,0.0,0.0,0.0,0.0,0.0,0.0,0.0,0.0,0.0,0.0,0.0,0.0,0.0,0.0,142.2,2.7,0.27,16.8,1072.3,0.06,142.4,48.8,191.2,412.6,7.8,0.78,48.7,3113.7,0.18,413.1,141.6,554.6,30.94,0.0,0.0,30.94,32.99,0.0,0.0,32.99,0.0,0.0,0.0,4005.5,180.7,3824.8,0.0,0.0,0.0,0.0,0.0,0.0,0.0,0.0,0.0,0.0,0.0,0.0,0.0,180.7,0.0
2050-05-08 22:00:00,2050-05-08 20:00:00,2260.0,0.0,0.0,3.5,2263.5,2176.4,2112.2,0.0,543.6,0.037,0.0591,battery,gas-cc,0.0,0.0,0.0,0.0,0.0,0.0,0.0,0.0,0.0,0.0,0.0,0.0,0.0,0.0,0.0,0.0,0.0,0.0,142.0,2.7,0.27,16.8,1070.3,0.06,142.1,48.7,190.8,360.5,6.8,0.68,42.6,2720.2,0.16,360.9,123.7,484.6,30.94,0.0,0.0,30.94,32.88,0.0,0.0,32.88,0.0,0.0,0.0,2807.1,151.3,2655.8,0.0,0.0,0.0,0.0,0.0,0.0,0.0,0.0,0.0,0.0,0.0,0.0,0.0,151.3,0.0
2050-05-08 23:00:00,2050-05-08 21:00:00,2077.9,0.0,0.0,0.0,2077.9,2004.6,1978.2,0.0,0.0,0.0353,0.0543,battery,gas-cc,0.0,0.0,0.0,0.0,0.0,0.0,0.0,0.0,0.0,0.0,0.0,0.0,0.0,0.0,0.0,0.0,0.0,0.0,141.7,2.7,0.27,16.7,1068.1,0.06,141.8,48.6,190.4,367.0,6.9,0.69,43.4,2769.5,0.16,367.4,125.9,493.3,30.94,0.0,0.0,30.94,32.71,0.0,0.0,32.71,0.0,0.0,0.0,2077.9,99.7,1978.2,0.0,0.0,0.0,0.0,0.0,0.0,0.0,0.0,0.0,0.0,0.0,0.0,0.0,99.7,0.0
2050-05-09 00:00:00,2050-05-08 22:00:00,1863.2,0.0,0.0,4.3,1867.5,1800.9,1787.3,0.0,665.3,0.0334,0.0487,battery,gas-cc,0.0,0.0,0.0,0.0,0.0,0.0,0.0,0.0,0.0,0.0,0.0,0.0,0.0,0.0,0.0,0.0,0.0,0.0,141.3,2.7,0.27,16.7,1065.5,0.06,141.5,48.5,190.0,369.8,7.0,0.7,43.7,2790.6,0.16,370.2,126.9,497.1,31.71,0.0,0.0,31.71,33.33,0.0,0.0,33.33,0.0,0.0,0.0,2532.8,80.2,2452.6,0.0,0.0,0.0,0.0,0.0,0.0,0.0,0.0,0.0,0.0,0.0,0.0,0.0,80.2,0.0
2050-05-09 01:00:00,2050-05-08 23:00:00,1656.8,0.0,0.0,2.8,1659.6,1604.1,1568.0,0.0,427.4,0.0318,0.0433,battery,gas-cc,0.0,0.0,0.0,0.0,0.0,0.0,0.0,0.0,0.0,0.0,0.0,0.0,0.0,0.0,0.0,0.0,0.0,0.0,141.3,2.7,0.27,16.7,1064.9,0.06,141.4,48.4,189.9,367.7,6.9,0.69,43.4,2774.9,0.16,368.1,126.2,494.3,31.71,0.0,0.0,31.71,33.14,0.0,0.0,33.14,0.0,0.0,0.0,2087.0,91.6,1995.4,0.0,0.0,0.0,0.0,0.0,0.0,0.0,0.0,0.0,0.0,0.0,0.0,0.0,91.6,0.0
2050-05-09 02:00:00,2050-05-09 00:00:00,1458.9,0.0,0.0,2.7,1461.6,1414.3,1410.4,0.0,407.8,0.0306,0.0382,battery,gas-cc,0.0,0.0,0.0,0.0,0.0,0.0,0.0,0.0,0.0,0.0,0.0,0.0,0.0,0.0,0.0,0.0,0.0,0.0,141.0,2.7,0.27,16.7,1062.9,0.06,141.1,48.3,189.5,365.7,6.9,0.69,43.2,2760.0,0.16,366.1,125.5,491.6,31.71,0.0,0.0,31.71,32.96,0.0,0.0,32.96,0.0,0.0,0.0,1869.4,51.2,1818.2,0.0,0.0,0.0,0.0,0.0,0.0,0.0,0.0,0.0,0.0,0.0,0.0,0.0,51.2,0.0
2050-05-09 03:00:00,2050-05-09 01:00:00,1337.9,0.0,0.0,8.6,1346.4,1297.6,1330.9,0.0,1315.6,0.0301,0.035,battery,gas-cc,0.0,0.0,0.0,0.0,0.0,0.0,0.0,0.0,0.0,0.0,0.0,0.0,0.0,0.0,0.0,0.0,0.0,0.0,160.7,3.0,0.3,19.0,1211.7,0.07,160.9,55.1,216.0,364.5,6.9,0.69,43.1,2750.9,0.16,364.9,125.1,490.0,31.71,0.0,0.0,31.71,32.85,0.0,0.0,32.85,0.0,0.0,0.0,2662.1,15.5,2646.6,0.0,0.0,0.0,0.0,0.0,0.0,0.0,0.0,0.0,0.0,0.0,0.0,0.0,15.5,0.0
2050-05-09 04:00:00,2050-05-09 02:00:00,1252.6,0.0,0.0,0.5,1253.1,1215.3,1242.4,0.0,70.8,0.0298,0.0328,battery,gas-cc,0.0,0.0,0.0,0.0,0.0,0.0,0.0,0.0,0.0,0.0,0.0,0.0,0.0,0.0,0.0,0.0,0.0,0.0,140.9,2.7,0.27,16.6,1062.1,0.06,141.0,48.3,189.3,363.7,6.9,0.69,43.0,2744.6,0.16,364.1,124.8,488.9,31.71,0.0,0.0,31.71,32.78,0.0,0.0,32.78,0.0,0.0,0.0,1323.8,10.7,1313.1,0.0,0.0,0.0,0.0,0.0,0.0,0.0,0.0,0.0,0.0,0.0,0.0,0.0,10.7,0.0
2050-05-09 05:00:00,2050-05-09 03:00:00,1188.4,0.0,0.0,6.2,1194.6,1153.1,1185.4,0.0,949.2,0.0297,0.0311,gas-cc,gas-cc,0.0,0.0,0.0,0.0,0.0,0.0,0.0,0.0,0.0,0.0,0.0,0.0,0.0,0.0,0.0,0.0,0.0,0.0,140.7,2.7,0.27,16.6,1061.1,0.06,140.9,48.3,189.2,363.1,6.8,0.68,42.9,2739.8,0.16,363.5,124.6,488.0,31.71,0.0,0.0,31.71,32.72,0.0,0.0,32.72,0.0,0.0,0.0,2143.8,9.2,2134.6,0.0,0.0,0.0,0.0,0.0,0.0,0.0,0.0,0.0,0.0,0.0,0.0,0.0,9.2,0.0
2050-05-09 06:00:00,2050-05-09 04:00:00,1172.6,0.0,0.0,5.7,1178.3,1137.8,1164.9,0.0,877.3,0.0297,0.0307,battery,gas-cc,0.0,0.0,0.0,0.0,0.0,0.0,0.0,0.0,0.0,0.0,0.0,0.0,0.0,0.0,0.0,0.0,0.0,0.0,152.9,2.9,0.29,18.1,1152.7,0.07,153.0,52.4,205.5,362.9,6.8,0.68,42.9,2738.6,0.16,363.3,124.5,487.8,31.71,0.0,0.0,31.71,32.71,0.0,0.0,32.71,0.0,0.0,0.0,2055.7,13.4,2042.2,0.0,0.0,0.0,0.0,0.0,0.0,0.0,0.0,0.0,0.0,0.0,0.0,0.0,13.4,0.0
2050-05-09 07:00:00,2050-05-09 05:00:00,1216.8,0.0,0.0,2.7,1219.6,1180.6,175.4,175.4,0.0,0.0298,0.0318,upv,upv,0.0,0.0,0.0,0.0,0.0,0.0,0.0,0.0,0.0,0.0,0.0,0.0,0.0,0.0,0.0,0.0,0.0,0.0,178.8,3.4,0.34,21.1,1348.7,0.08,179.0,61.3,240.3,0.0,0.0,0.0,0.0,0.0,0.0,0.0,0.0,0.0,25.9,0.0,0.0,25.9,26.76,0.0,0.0,26.76,0.0,0.0,0.0,1044.1,1044.1,0.0,0.0,0.0,0.0,0.0,43.3,0.0,0.0,0.0,0.0,0.0,0.0,0.0,982.3,18.6,0.0
2050-05-09 08:00:00,2050-05-09 06:00:00,1322.1,1675.3,0.0,0.0,2997.5,1282.4,0.0,0.0,0.0,0.03,0.0346,upv,upv,0.0,0.0,0.0,0.0,0.0,0.0,0.0,0.0,0.0,0.0,0.0,0.0,0.0,0.0,0.0,0.0,0.0,0.0,139.7,2.6,0.26,16.5,1053.0,0.06,139.8,47.9,187.7,0.0,0.0,0.0,0.0,0.0,0.0,0.0,0.0,0.0,0.0,0.0,0.0,0.0,0.0,0.0,0.0,0.0,21.0,2299.0,2319.9,2997.5,2997.5,0.0,0.0,0.0,0.0,0.0,0.0,0.0,0.0,0.0,0.0,0.0,0.0,0.0,2997.5,0.0,0.0
2050-05-09 09:00:00,2050-05-09 07:00:00,1484.2,2366.0,0.0,0.0,3850.2,1438.5,0.0,0.0,0.0,0.0308,0.0388,upv,upv,0.0,0.0,0.0,0.0,0.0,0.0,0.0,0.0,0.0,0.0,0.0,0.0,0.0,0.0,0.0,0.0,0.0,0.0,139.8,2.6,0.26,16.5,1054.1,0.06,140.0,47.9,187.9,0.0,0.0,0.0,0.0,0.0,0.0,0.0,0.0,0.0,0.0,0.0,0.0,0.0,0.0,0.0,0.0,0.0,13.9,5305.6,5319.4,3850.2,3850.2,0.0,0.0,0.0,0.0,0.0,386.5,0.0,0.0,0.0,0.0,0.0,0.0,0.0,3463.7,0.0,0.0
2050-05-09 10:00:00,2050-05-09 08:00:00,1644.2,2655.8,0.0,0.0,4300.0,1592.0,0.0,0.0,0.0,0.0318,0.043,upv,upv,0.0,0.0,0.0,0.0,0.0,0.0,0.0,0.0,0.0,0.0,0.0,0.0,0.0,0.0,0.0,0.0,0.0,0.0,139.9,2.6,0.26,16.5,1054.9,0.06,140.1,48.0,188.1,0.0,0.0,0.0,0.0,0.0,0.0,0.0,0.0,0.0,0.0,0.0,0.0,0.0,0.0,0.0,0.0,0.0,8.0,5469.8,5477.8,4300.0,4300.0,0.0,0.0,0.0,0.0,0.0,412.5,0.0,0.0,0.0,0.0,0.0,0.0,0.0,3887.5,0.0,0.0
2050-05-09 11:00:00,2050-05-09 09:00:00,1695.8,3866.1,0.0,0.0,5561.9,1641.3,0.0,0.0,0.0,0.0321,0.0443,upv,upv,0.0,0.0,0.0,0.0,0.0,0.0,0.0,0.0,0.0,0.0,0.0,0.0,0.0,0.0,0.0,0.0,0.0,0.0,140.0,2.6,0.26,16.5,1055.3,0.06,140.1,48.0,188.1,0.0,0.0,0.0,0.0,0.0,0.0,0.0,0.0,0.0,0.0,0.0,0.0,0.0,0.0,0.0,0.0,0.0,6.1,4356.3,4362.4,5561.9,5561.9,0.0,0.0,0.0,0.0,0.0,418.6,0.0,0.0,0.0,0.0,0.0,0.0,0.0,5143.2,0.0,0.0
2050-05-09 12:00:00,2050-05-09 10:00:00,1722.1,2821.5,0.0,0.0,4543.7,1666.5,0.0,0.0,0.0,0.0323,0.045,upv,upv,0.0,0.0,0.0,0.0,0.0,0.0,0.0,0.0,0.0,0.0,0.0,0.0,0.0,0.0,0.0,0.0,0.0,0.0,140.0,2.6,0.26,16.5,1055.5,0.06,140.2,48.0,188.2,0.0,0.0,0.0,0.0,0.0,0.0,0.0,0.0,0.0,0.0,0.0,0.0,0.0,0.0,0.0,0.0,0.0,0.0,5651.8,5651.8,4543.7,4543.7,0.0,0.0,0.0,0.0,0.0,429.5,0.0,0.0,0.0,0.0,0.0,0.0,0.0,4093.2,21.0,0.0
2050-05-09 13:00:00,2050-05-09 11:00:00,1757.9,2617.9,0.0,0.0,4375.8,1700.6,0.0,0.0,0.0,0.0326,0.046,upv,upv,0.0,0.0,0.0,0.0,0.0,0.0,0.0,0.0,0.0,0.0,0.0,0.0,0.0,0.0,0.0,0.0,0.0,0.0,140.0,2.6,0.27,16.5,1055.8,0.06,140.2,48.0,188.2,0.0,0.0,0.0,0.0,0.0,0.0,0.0,0.0,0.0,0.0,0.0,0.0,0.0,0.0,0.0,0.0,0.0,0.0,5842.3,5842.3,4375.8,4375.8,0.0,0.0,0.0,0.0,0.0,429.8,0.0,0.0,0.0,0.0,0.0,0.0,0.0,3909.2,36.8,0.0
2050-05-09 14:00:00,2050-05-09 12:00:00,1832.6,3045.5,0.0,0.0,4878.1,1771.9,-0.0,0.0,0.0,0.0332,0.0479,upv,upv,0.0,0.0,0.0,0.0,0.0,0.0,0.0,0.0,0.0,0.0,0.0,0.0,0.0,0.0,0.0,0.0,0.0,0.0,140.1,2.6,0.27,16.6,1056.4,0.06,140.3,48.1,188.3,0.0,0.0,0.0,0.0,0.0,0.0,0.0,0.0,0.0,0.0,0.0,0.0,0.0,0.0,0.0,0.0,0.0,0.0,5123.2,5123.2,4878.1,4878.1,0.0,0.0,0.0,0.0,0.0,420.4,0.0,0.0,0.0,0.0,0.0,0.0,0.0,4415.1,42.6,0.0
2050-05-09 15:00:00,2050-05-09 13:00:00,1935.8,3824.8,0.0,0.0,5760.5,1869.9,0.0,0.0,0.0,0.034,0.0506,upv,upv,0.0,0.0,0.0,0.0,0.0,0.0,0.0,0.0,0.0,0.0,0.0,0.0,0.0,0.0,0.0,0.0,0.0,0.0,140.3,2.6,0.27,16.6,1057.4,0.06,140.4,48.1,188.5,0.0,0.0,0.0,0.0,0.0,0.0,0.0,0.0,0.0,0.0,0.0,0.0,0.0,0.0,0.0,0.0,0.0,0.0,3500.4,3500.4,5760.5,5760.5,0.0,0.0,0.0,0.0,0.0,389.0,0.0,0.0,0.0,0.0,0.0,0.0,0.0,5327.0,44.5,0.0
2050-05-09 16:00:00,2050-05-09 14:00:00,2012.6,3406.0,0.0,0.0,5418.6,1942.8,0.0,0.0,0.0,0.0347,0.0526,upv,upv,0.0,0.0,0.0,0.0,0.0,0.0,0.0,0.0,0.0,0.0,0.0,0.0,0.0,0.0,0.0,0.0,0.0,0.0,140.4,2.6,0.27,16.6,1058.1,0.06,140.5,48.1,188.6,0.0,0.0,0.0,0.0,0.0,0.0,0.0,0.0,0.0,0.0,0.0,0.0,0.0,0.0,0.0,0.0,0.0,0.0,2123.4,2123.4,5418.6,5418.6,0.0,0.0,0.0,0.0,0.0,316.7,0.0,0.0,0.0,0.0,0.0,0.0,0.0,5062.6,39.4,0.0
2050-05-09 17:00:00,2050-05-09 15:00:00,2149.5,3406.0,0.0,0.0,5555.5,2072.2,-0.0,0.0,0.0,0.0359,0.0562,upv,upv,0.0,0.0,0.0,0.0,0.0,0.0,0.0,0.0,0.0,0.0,0.0,0.0,0.0,0.0,0.0,0.0,0.0,0.0,140.5,2.7,0.27,16.6,1059.5,0.06,140.7,48.2,188.9,0.0,0.0,0.0,0.0,0.0,0.0,0.0,0.0,0.0,0.0,0.0,0.0,0.0,0.0,0.0,0.0,0.0,0.0,283.1,283.1,5555.5,5555.5,0.0,0.0,0.0,0.0,0.0,244.0,0.0,0.0,0.0,0.0,0.0,0.0,0.0,5251.8,59.7,0.0
2050-05-09 18:00:00,2050-05-09 16:00:00,2273.7,1481.5,0.0,0.0,3755.2,2189.2,0.0,0.0,0.0,0.0371,0.0595,battery,upv,0.0,0.0,0.0,0.0,0.0,0.0,0.0,0.0,0.0,0.0,0.0,0.0,0.0,0.0,0.0,0.0,0.0,0.0,142.6,2.7,0.27,16.8,1075.0,0.06,142.7,48.9,191.6,0.0,0.0,0.0,0.0,0.0,0.0,0.0,0.0,0.0,0.0,0.0,0.0,0.0,0.0,0.0,0.0,0.0,0.0,0.0,0.0,3755.2,3755.2,0.0,0.0,0.0,0.0,0.0,156.1,0.0,0.0,0.0,0.0,0.0,0.0,0.0,3541.3,57.8,0.0
2050-05-09 19:00:00,2050-05-09 17:00:00,2345.3,0.0,0.0,2.8,2348.1,2256.5,434.4,434.4,0.0,0.0379,0.0613,upv,upv,0.0,0.0,0.0,0.0,0.0,0.0,0.0,0.0,0.0,0.0,0.0,0.0,0.3,0.6,0.01,0.0,0.3,0.3,141.1,2.7,0.27,16.7,1063.9,0.06,141.3,48.4,189.7,0.0,0.0,0.0,0.0,0.0,0.0,0.0,0.0,0.0,10.15,0.0,0.0,10.15,10.82,0.0,0.0,10.82,0.0,0.0,0.0,1913.7,1913.7,0.0,0.0,0.0,0.0,0.0,78.7,0.0,0.0,0.0,0.0,0.0,0.0,0.0,1785.2,49.8,0.0
2050-05-09 20:00:00,2050-05-09 18:00:00,2407.4,0.0,0.0,27.4,2434.8,2314.7,2320.3,0.0,2723.1,0.0385,0.063,battery,gas-cc,75.4,1.4,0.14,8.9,568.8,0.03,75.5,25.9,101.3,78.4,1.5,0.15,9.3,591.5,0.03,78.5,26.9,105.4,142.3,2.7,0.27,16.8,1072.1,0.06,142.5,48.8,191.3,422.8,8.0,0.8,49.9,3190.3,0.18,423.2,145.1,568.3,39.69,0.0,0.0,39.69,42.36,0.0,0.0,42.36,0.0,0.0,0.0,5157.9,114.6,3970.6,0.0,0.0,0.0,0.0,2.1,1072.7,0.0,0.0,0.0,0.0,0.0,0.0,47.6,64.8,0.0
2050-05-09 21:00:00,2050-05-09 19:00:00,2432.6,0.0,0.0,19.8,2452.4,2338.4,2356.5,0.0,2230.3,0.0387,0.0636,battery,gas-cc,83.0,1.6,0.16,9.8,626.5,0.04,83.1,28.5,111.6,86.4,1.6,0.16,10.2,651.7,0.04,86.5,29.6,116.1,166.5,3.2,0.32,19.7,1252.6,0.07,166.7,57.0,223.7,488.9,9.2,0.92,57.8,3689.2,0.21,489.4,167.7,657.2,41.75,0.0,0.0,41.75,44.59,0.0,0.0,44.59,0.0,0.0,0.0,4682.8,95.9,3514.1,0.0,0.0,0.0,0.0,0.0,1072.7,0.0,0.0,0.0,0.0,0.0,0.0,0.0,95.9,0.0
2050-05-09 22:00:00,2050-05-09 20:00:00,2327.4,0.0,0.0,28.9,2356.3,2239.7,2229.5,0.0,2816.0,0.0377,0.0609,battery,gas-cc,75.2,1.4,0.14,8.9,567.2,0.03,75.2,25.8,101.0,78.1,1.5,0.15,9.2,589.4,0.03,78.2,26.8,105.0,142.2,2.7,0.27,16.8,1072.0,0.06,142.3,48.8,191.1,464.0,8.7,0.87,54.8,3501.5,0.2,464.5,159.2,623.7,39.69,0.0,0.0,39.69,42.26,0.0,0.0,42.26,0.0,0.0,0.0,5172.3,126.8,3972.7,0.0,0.0,0.0,0.0,0.0,1072.7,0.0,0.0,0.0,0.0,0.0,0.0,0.0,126.8,0.0
2050-05-09 23:00:00,2050-05-09 21:00:00,2149.5,0.0,0.0,26.6,2176.1,2072.2,1946.2,0.0,2670.6,0.0359,0.0562,battery,gas-cc,80.2,1.5,0.15,9.5,605.3,0.03,80.3,27.5,107.8,83.2,1.6,0.16,9.8,627.9,0.04,83.3,28.5,111.8,141.9,2.7,0.27,16.8,1070.1,0.06,142.1,48.7,190.8,461.7,8.7,0.87,54.5,3484.3,0.2,462.2,158.4,620.7,39.69,0.0,0.0,39.69,42.05,0.0,0.0,42.05,0.0,0.0,0.0,4846.7,229.9,3544.0,0.0,0.0,0.0,0.0,0.0,1072.7,0.0,0.0,0.0,0.0,0.0,0.0,0.0,229.9,0.0
2050-05-10 00:00:00,2050-05-09 22:00:00,1961.1,0.0,0.0,15.2,1976.3,1893.9,1734.7,0.0,1935.5,0.0342,0.0513,battery,gas-cc,99.4,1.9,0.19,11.7,749.9,0.04,99.5,34.1,133.6,102.9,1.9,0.19,12.2,776.5,0.04,103.0,35.3,138.3,141.7,2.7,0.27,16.7,1067.9,0.06,141.8,48.6,190.4,459.3,8.7,0.87,54.3,3466.2,0.2,459.8,157.6,617.4,38.13,0.0,0.0,38.13,40.19,0.0,0.0,40.19,0.0,0.0,0.0,3911.8,241.6,2597.5,0.0,0.0,0.0,0.0,0.0,1072.7,0.0,0.0,0.0,0.0,0.0,0.0,0.0,241.6,0.0
2050-05-10 01:00:00,2050-05-09 23:00:00,1763.2,0.0,0.0,16.7,1779.9,1705.6,1553.5,0.0,1951.2,0.0326,0.0461,battery,gas-cc,104.2,2.0,0.2,12.3,786.3,0.05,104.3,35.8,140.1,107.7,2.0,0.2,12.7,812.8,0.05,107.8,37.0,144.8,141.4,2.7,0.27,16.7,1065.9,0.06,141.5,48.5,190.0,456.8,8.6,0.86,54.0,3447.4,0.2,457.3,156.8,614.1,38.13,0.0,0.0,38.13,39.98,0.0,0.0,39.98,0.0,0.0,0.0,3731.0,226.4,2431.9,0.0,0.0,0.0,0.0,0.0,1072.7,0.0,0.0,0.0,0.0,0.0,0.0,0.0,226.4,0.0
2050-05-10 02:00:00,2050-05-10 00:00:00,1597.9,0.0,0.0,11.6,1609.5,1547.6,1368.4,0.0,1698.5,0.0314,0.0418,battery,gas-cc,117.5,2.2,0.22,13.9,886.9,0.05,117.7,40.3,158.0,121.3,2.3,0.23,14.3,915.6,0.05,121.5,41.6,163.1,141.2,2.7,0.27,16.7,1064.2,0.06,141.3,48.4,189.7,454.8,8.6,0.86,53.7,3431.8,0.2,455.3,156.0,611.3,38.13,0.0,0.0,38.13,39.8,0.0,0.0,39.8,0.0,0.0,0.0,3307.9,241.0,1994.2,0.0,0.0,0.0,0.0,0.0,1072.7,0.0,0.0,0.0,0.0,0.0,0.0,0.0,241.0,0.0
2050-05-10 03:00:00,2050-05-10 01:00:00,1466.3,0.0,0.0,10.7,1477.0,1421.3,1265.5,0.0,1640.0,0.0307,0.0383,battery,gas-cc,124.7,2.4,0.24,14.7,941.2,0.05,124.9,42.8,167.7,128.7,2.4,0.24,15.2,971.0,0.06,128.8,44.2,173.0,141.1,2.7,0.27,16.7,1064.1,0.06,141.3,48.4,189.7,427.4,8.1,0.81,50.5,3225.3,0.19,427.9,146.7,574.5,38.13,0.0,0.0,38.13,39.65,0.0,0.0,39.65,0.0,0.0,0.0,3116.9,211.5,1832.7,0.0,0.0,0.0,0.0,0.0,1072.7,0.0,0.0,0.0,0.0,0.0,0.0,0.0,211.5,0.0
2050-05-10 04:00:00,2050-05-10 02:00:00,1368.4,0.0,0.0,3.9,1372.3,1327.1,1124.7,0.0,598.0,0.0302,0.0358,battery,gas-cc,197.3,3.7,0.37,23.3,1488.9,0.09,197.5,67.7,265.2,203.5,3.8,0.38,24.0,1535.3,0.09,203.7,69.8,273.5,141.0,2.7,0.27,16.7,1063.0,0.06,141.2,48.4,189.5,344.2,6.5,0.65,40.7,2597.5,0.15,344.6,118.1,462.7,38.13,0.0,0.0,38.13,39.55,0.0,0.0,39.55,0.0,0.0,0.0,1970.3,247.6,650.0,0.0,0.0,0.0,0.0,0.0,1072.7,0.0,0.0,0.0,0.0,0.0,0.0,0.0,247.6,0.0
2050-05-10 05:00:00,2050-05-10 03:00:00,1302.1,0.0,0.0,7.7,1309.8,1263.1,1058.7,0.0,1183.0,0.03,0.0341,battery,gas-cc,156.0,2.9,0.29,18.4,1176.8,0.07,156.1,53.5,209.6,160.8,3.0,0.3,19.0,1213.2,0.07,160.9,55.2,216.1,141.0,2.7,0.27,16.7,1063.0,0.06,141.1,48.4,189.5,343.6,6.5,0.65,40.6,2592.8,0.15,344.0,117.9,461.9,38.13,0.0,0.0,38.13,39.48,0.0,0.0,39.48,0.0,0.0,0.0,2492.8,251.1,1168.9,0.0,0.0,0.0,0.0,0.0,1072.7,0.0,0.0,0.0,0.0,0.0,0.0,0.0,251.1,0.0
2050-05-10 06:00:00,2050-05-10 04:00:00,1286.3,0.0,0.0,5.6,1291.9,1247.8,1021.4,0.0,866.1,0.0299,0.0336,battery,gas-cc,180.1,3.4,0.34,21.3,1359.4,0.08,180.3,61.8,242.1,185.7,3.5,0.35,21.9,1401.3,0.08,185.9,63.7,249.6,141.0,2.7,0.27,16.7,1062.9,0.06,141.1,48.4,189.5,343.4,6.5,0.65,40.6,2591.7,0.15,343.8,117.8,461.7,38.13,0.0,0.0,38.13,39.46,0.0,0.0,39.46,0.0,0.0,0.0,2158.1,270.5,814.8,0.0,0.0,0.0,0.0,0.0,1072.7,0.0,0.0,0.0,0.0,0.0,0.0,0.0,270.5,0.0
2050-05-10 07:00:00,2050-05-10 05:00:00,1309.5,0.0,0.0,2.7,1312.2,1270.2,177.0,177.0,0.0,0.03,0.0342,gas-cc,gas-cc,0.0,0.0,0.0,0.0,0.0,0.0,0.0,0.0,0.0,0.0,0.0,0.0,0.0,0.0,0.0,0.0,0.0,0.0,186.6,3.5,0.35,22.0,1407.5,0.08,186.8,64.0,250.8,364.3,6.9,0.69,43.0,2748.8,0.16,364.7,125.0,489.6,26.76,0.0,0.0,26.76,27.71,0.0,0.0,27.71,0.0,0.0,0.0,1135.2,1135.2,0.0,0.0,0.0,0.0,0.0,37.0,0.0,0.0,0.0,0.0,0.0,0.0,0.0,840.1,258.1,0.0
2050-05-10 08:00:00,2050-05-10 06:00:00,1425.3,3790.8,0.0,0.0,5216.1,1381.8,0.0,0.0,0.0,0.0305,0.0373,battery,upv,0.0,0.0,0.0,0.0,0.0,0.0,0.0,0.0,0.0,0.0,0.0,0.0,0.0,0.0,0.0,0.0,0.0,0.0,139.7,2.6,0.26,16.5,1053.5,0.06,139.9,47.9,187.8,0.0,0.0,0.0,0.0,0.0,0.0,0.0,0.0,0.0,0.0,0.0,0.0,0.0,0.0,0.0,0.0,0.0,0.0,219.6,219.6,5216.1,5216.1,0.0,0.0,0.0,0.0,0.0,0.0,0.0,0.0,0.0,0.0,0.0,0.0,0.0,4985.6,230.5,0.0
2050-05-10 09:00:00,2050-05-10 07:00:00,1621.1,3755.9,0.0,0.0,5377.0,1569.8,0.0,0.0,0.0,0.0316,0.0424,upv,upv,0.0,0.0,0.0,0.0,0.0,0.0,0.0,0.0,0.0,0.0,0.0,0.0,0.0,0.0,0.0,0.0,0.0,0.0,139.9,2.6,0.26,16.5,1054.7,0.06,140.1,48.0,188.0,0.0,0.0,0.0,0.0,0.0,0.0,0.0,0.0,0.0,0.0,0.0,0.0,0.0,0.0,0.0,0.0,0.0,0.0,3124.4,3124.4,5377.0,5377.0,0.0,0.0,0.0,0.0,0.0,349.9,0.0,0.0,0.0,0.0,0.0,0.0,0.0,4817.7,209.4,0.0
2050-05-10 10:00:00,2050-05-10 08:00:00,1798.9,4019.6,0.0,0.0,5818.5,1739.8,0.0,0.0,0.0,0.0329,0.047,upv,upv,0.0,0.0,0.0,0.0,0.0,0.0,0.0,0.0,0.0,0.0,0.0,0.0,0.0,0.0,0.0,0.0,0.0,0.0,140.1,2.6,0.27,16.6,1056.1,0.06,140.2,48.0,188.3,0.0,0.0,0.0,0.0,0.0,0.0,0.0,0.0,0.0,0.0,0.0,0.0,0.0,0.0,0.0,0.0,0.0,0.0,2969.7,2969.7,5818.5,5818.5,0.0,0.0,0.0,0.0,0.0,360.5,0.0,0.0,0.0,0.0,0.0,0.0,0.0,5211.5,246.5,0.0
2050-05-10 11:00:00,2050-05-10 09:00:00,1894.7,4019.6,0.0,0.0,5914.3,1830.9,0.0,0.0,0.0,0.0337,0.0495,upv,upv,0.0,0.0,0.0,0.0,0.0,0.0,0.0,0.0,0.0,0.0,0.0,0.0,0.0,0.0,0.0,0.0,0.0,0.0,140.2,2.6,0.27,16.6,1057.0,0.06,140.4,48.1,188.4,0.0,0.0,0.0,0.0,0.0,0.0,0.0,0.0,0.0,0.0,0.0,0.0,0.0,0.0,0.0,0.0,0.0,0.0,2058.7,2058.7,5914.3,5914.3,0.0,0.0,0.0,0.0,0.0,326.6,0.0,0.0,0.0,0.0,0.0,0.0,0.0,5353.5,234.2,0.0
2050-05-10 12:00:00,2050-05-10 10:00:00,1958.9,4019.6,0.0,0.0,5978.5,1891.9,0.0,0.0,0.0,0.0342,0.0512,upv,upv,0.0,0.0,0.0,0.0,0.0,0.0,0.0,0.0,0.0,0.0,0.0,0.0,0.0,0.0,0.0,0.0,0.0,0.0,140.3,2.6,0.27,16.6,1057.6,0.06,140.4,48.1,188.5,0.0,0.0,0.0,0.0,0.0,0.0,0.0,0.0,0.0,0.0,0.0,0.0,0.0,0.0,0.0,0.0,0.0,0.0,612.4,612.4,5978.5,5978.5,0.0,0.0,0.0,0.0,0.0,269.6,0.0,0.0,0.0,0.0,0.0,0.0,0.0,5507.3,201.6,0.0
2050-05-10 13:00:00,2050-05-10 11:00:00,1989.5,2655.8,0.0,0.0,4645.3,1920.9,-0.0,0.0,0.0,0.0345,0.052,upv,upv,0.0,0.0,0.0,0.0,0.0,0.0,0.0,0.0,0.0,0.0,0.0,0.0,0.0,0.0,0.0,0.0,0.0,0.0,140.3,2.6,0.27,16.6,1057.9,0.06,140.5,48.1,188.6,0.0,0.0,0.0,0.0,0.0,0.0,0.0,0.0,0.0,0.0,0.0,0.0,0.0,0.0,0.0,0.0,0.0,0.0,136.2,136.2,4645.3,4645.3,0.0,0.0,0.0,0.0,0.0,196.1,0.0,0.0,0.0,0.0,0.0,0.0,0.0,4316.3,132.9,0.0
2050-05-10 14:00:00,2050-05-10 12:00:00,2049.5,1695.4,0.0,5.2,3750.0,1977.7,797.9,797.9,0.0,0.035,0.0536,battery,upv,0.0,0.0,0.0,0.0,0.0,0.0,0.0,0.0,0.0,0.0,0.0,0.0,0.3,0.6,0.01,0.0,0.3,0.3,140.4,2.6,0.27,16.6,1058.5,0.06,140.6,48.1,188.7,0.0,0.0,0.0,0.0,0.0,0.0,0.0,0.0,0.0,0.02,0.0,0.0,0.02,0.02,0.0,0.0,0.02,0.0,0.0,0.0,2952.2,2952.2,0.0,0.0,0.0,0.0,0.0,116.6,0.0,0.0,0.0,0.0,0.0,0.0,0.0,2646.3,189.3,0.0
2050-05-10 15:00:00,2050-05-10 13:00:00,2121.1,741.5,0.0,2.2,2864.8,2045.4,338.6,338.6,0.0,0.0357,0.0555,upv,upv,0.0,0.0,0.0,0.0,0.0,0.0,0.0,0.0,0.0,0.0,0.0,0.0,0.2,0.4,0.0,0.0,0.2,0.2,145.3,2.7,0.27,17.2,1095.6,0.06,145.5,49.8,195.3,0.0,0.0,0.0,0.0,0.0,0.0,0.0,0.0,0.0,0.02,0.0,0.0,0.02,0.02,0.0,0.0,0.02,0.0,0.0,0.0,2526.2,2526.2,0.0,0.0,0.0,0.0,0.0,96.3,0.0,0.0,0.0,0.0,0.0,0.0,0.0,2184.2,245.7,0.0
2050-05-10 16:00:00,2050-05-10 14:00:00,2177.9,1766.6,0.0,0.1,3944.5,2099.0,8.2,8.2,0.0,0.0362,0.057,battery,upv,0.0,0.0,0.0,0.0,0.0,0.0,0.0,0.0,0.0,0.0,0.0,0.0,0.0,0.0,0.0,0.0,0.0,0.0,140.6,2.7,0.27,16.6,1059.8,0.06,140.7,48.2,188.9,0.0,0.0,0.0,0.0,0.0,0.0,0.0,0.0,0.0,0.02,0.0,0.0,0.02,0.02,0.0,0.0,0.02,0.0,0.0,0.0,3936.3,3936.3,0.0,0.0,0.0,0.0,0.0,156.6,0.0,0.0,0.0,0.0,0.0,0.0,0.0,3554.2,225.4,0.0
2050-05-10 17:00:00,2050-05-10 15:00:00,2275.8,2431.9,0.0,0.0,4707.7,2191.2,0.0,0.0,0.0,0.0372,0.0595,upv,upv,0.0,0.0,0.0,0.0,0.0,0.0,0.0,0.0,0.0,0.0,0.0,0.0,0.0,0.0,0.0,0.0,0.0,0.0,141.9,2.7,0.27,16.8,1069.9,0.06,142.1,48.7,190.7,0.0,0.0,0.0,0.0,0.0,0.0,0.0,0.0,0.0,0.0,0.0,0.0,0.0,0.0,0.0,0.0,0.0,0.0,293.6,293.6,4707.7,4707.7,0.0,0.0,0.0,0.0,0.0,206.8,0.0,0.0,0.0,0.0,0.0,0.0,0.0,4398.0,102.9,0.0
2050-05-10 18:00:00,2050-05-10 16:00:00,2368.4,2269.8,0.0,0.0,4638.2,2278.2,-0.0,0.0,0.0,0.0381,0.0619,battery,upv,0.0,0.0,0.0,0.0,0.0,0.0,0.0,0.0,0.0,0.0,0.0,0.0,0.0,0.0,0.0,0.0,0.0,0.0,143.7,2.7,0.27,17.0,1083.5,0.06,143.9,49.3,193.2,0.0,0.0,0.0,0.0,0.0,0.0,0.0,0.0,0.0,0.02,0.0,0.0,0.02,0.02,0.0,0.0,0.02,0.0,0.0,0.0,4638.2,4638.2,0.0,0.0,0.0,0.0,0.0,193.8,0.0,0.0,0.0,0.0,0.0,0.0,0.0,4397.6,46.8,0.0
2050-05-10 19:00:00,2050-05-10 17:00:00,2327.4,0.0,0.0,1.4,2328.8,2239.7,222.2,222.2,0.0,0.0377,0.0609,upv,upv,0.0,0.0,0.0,0.0,0.0,0.0,0.0,0.0,0.0,0.0,0.0,0.0,0.1,0.3,0.0,0.0,0.2,0.2,141.6,2.7,0.27,16.7,1067.3,0.06,141.7,48.5,190.3,0.0,0.0,0.0,0.0,0.0,0.0,0.0,0.0,0.0,9.9,0.0,0.0,9.9,10.55,0.0,0.0,10.55,0.0,0.0,0.0,2106.6,2106.6,0.0,0.0,0.0,0.0,0.0,87.3,0.0,0.0,0.0,0.0,0.0,0.0,0.0,1980.7,38.6,0.0
2050-05-10 20:00:00,2050-05-10 18:00:00,2286.3,0.0,0.0,20.4,2306.7,2201.1,2192.7,0.0,1826.8,0.0373,0.0598,gas-cc,gas-cc,0.0,0.0,0.0,0.0,0.0,0.0,0.0,0.0,0.0,0.0,0.0,0.0,0.0,0.0,0.0,0.0,0.0,0.0,142.0,2.7,0.27,16.8,1070.8,0.06,142.2,48.7,190.9,374.2,7.1,0.71,44.2,2823.5,0.16,374.6,128.4,502.9,30.81,0.0,0.0,30.81,32.77,0.0,0.0,32.77,0.0,0.0,0.0,4133.5,113.9,4019.6,0.0,0.0,0.0,0.0,1.7,0.0,0.0,0.0,0.0,0.0,0.0,0.0,38.4,73.9,0.0
2050-05-10 21:00:00,2050-05-10 19:00:00,2149.5,0.0,0.0,10.7,2160.1,2072.2,2050.9,0.0,1640.0,0.0359,0.0562,battery,gas-cc,0.0,0.0,0.0,0.0,0.0,0.0,0.0,0.0,0.0,0.0,0.0,0.0,0.0,0.0,0.0,0.0,0.0,0.0,172.7,3.3,0.33,20.4,1302.3,0.08,172.9,59.2,232.1,335.5,6.3,0.63,39.6,2531.5,0.15,335.8,115.1,450.9,26.26,0.0,0.0,26.26,27.82,0.0,0.0,27.82,0.0,0.0,0.0,3800.1,109.2,3690.9,0.0,0.0,0.0,0.0,0.0,0.0,0.0,0.0,0.0,0.0,0.0,0.0,0.0,109.2,0.0
2050-05-10 22:00:00,2050-05-10 20:00:00,2046.3,0.0,0.0,10.3,2056.6,1974.7,1856.3,0.0,1578.8,0.035,0.0535,battery,gas-cc,0.0,0.0,0.0,0.0,0.0,0.0,0.0,0.0,0.0,0.0,0.0,0.0,0.0,0.0,0.0,0.0,0.0,0.0,142.2,2.7,0.27,16.8,1071.9,0.06,142.3,48.8,191.1,371.7,7.0,0.7,43.9,2804.7,0.16,372.1,127.5,499.6,26.26,0.0,0.0,26.26,27.74,0.0,0.0,27.74,0.0,0.0,0.0,3635.4,200.3,3435.1,0.0,0.0,0.0,0.0,0.0,0.0,0.0,0.0,0.0,0.0,0.0,0.0,0.0,200.3,0.0
2050-05-10 23:00:00,2050-05-10 21:00:00,1925.3,0.0,0.0,4.6,1929.9,1859.9,1747.3,0.0,713.7,0.0339,0.0503,battery,gas-cc,0.0,0.0,0.0,0.0,0.0,0.0,0.0,0.0,0.0,0.0,0.0,0.0,0.0,0.0,0.0,0.0,0.0,0.0,141.6,2.7,0.27,16.7,1067.4,0.06,141.7,48.6,190.3,370.4,7.0,0.7,43.8,2795.4,0.16,370.8,127.1,497.9,26.26,0.0,0.0,26.26,27.65,0.0,0.0,27.65,0.0,0.0,0.0,2643.6,182.6,2461.0,0.0,0.0,0.0,0.0,0.0,0.0,0.0,0.0,0.0,0.0,0.0,0.0,0.0,182.6,0.0
2050-05-11 00:00:00,2050-05-10 22:00:00,1765.3,0.0,0.0,3.5,1768.7,1707.7,1704.2,0.0,532.8,0.0326,0.0462,battery,gas-cc,0.0,0.0,0.0,0.0,0.0,0.0,0.0,0.0,0.0,0.0,0.0,0.0,0.0,0.0,0.0,0.0,0.0,0.0,154.8,2.9,0.29,18.3,1166.9,0.07,154.9,53.1,208.0,368.8,7.0,0.7,43.6,2783.1,0.16,369.2,126.5,495.8,31.71,0.0,0.0,31.71,33.24,0.0,0.0,33.24,0.0,0.0,0.0,2301.6,64.5,2237.1,0.0,0.0,0.0,0.0,0.0,0.0,0.0,0.0,0.0,0.0,0.0,0.0,0.0,64.5,0.0
2050-05-11 01:00:00,2050-05-10 23:00:00,1587.4,0.0,0.0,0.4,1587.8,1537.6,1489.5,0.0,69.1,0.0314,0.0415,battery,gas-cc,0.0,0.0,0.0,0.0,0.0,0.0,0.0,0.0,0.0,0.0,0.0,0.0,0.0,0.0,0.0,0.0,0.0,0.0,142.5,2.7,0.27,16.8,1074.7,0.06,142.7,48.9,191.6,367.0,6.9,0.69,43.4,2769.6,0.16,367.4,125.9,493.4,31.71,0.0,0.0,31.71,33.08,0.0,0.0,33.08,0.0,0.0,0.0,1657.0,98.4,1558.6,0.0,0.0,0.0,0.0,0.0,0.0,0.0,0.0,0.0,0.0,0.0,0.0,0.0,98.4,0.0
2050-05-11 02:00:00,2050-05-11 00:00:00,1446.3,0.0,0.0,4.4,1450.7,1402.1,1360.3,0.0,681.9,0.0306,0.0378,battery,gas-cc,0.0,0.0,0.0,0.0,0.0,0.0,0.0,0.0,0.0,0.0,0.0,0.0,0.0,0.0,0.0,0.0,0.0,0.0,140.7,2.7,0.27,16.6,1060.6,0.06,140.8,48.2,189.1,365.6,6.9,0.69,43.2,2759.0,0.16,366.0,125.5,491.5,31.71,0.0,0.0,31.71,32.95,0.0,0.0,32.95,0.0,0.0,0.0,2132.7,90.4,2042.2,0.0,0.0,0.0,0.0,0.0,0.0,0.0,0.0,0.0,0.0,0.0,0.0,0.0,90.4,0.0
2050-05-11 03:00:00,2050-05-11 01:00:00,1329.5,0.0,0.0,7.7,1337.2,1289.5,1233.8,0.0,1189.0,0.0301,0.0348,battery,gas-cc,0.0,0.0,0.0,0.0,0.0,0.0,0.0,0.0,0.0,0.0,0.0,0.0,0.0,0.0,0.0,0.0,0.0,0.0,140.6,2.7,0.27,16.6,1059.9,0.06,140.7,48.2,189.0,364.5,6.9,0.69,43.1,2750.3,0.16,364.9,125.1,489.9,31.71,0.0,0.0,31.71,32.85,0.0,0.0,32.85,0.0,0.0,0.0,2526.2,103.4,2422.8,0.0,0.0,0.0,0.0,0.0,0.0,0.0,0.0,0.0,0.0,0.0,0.0,0.0,103.4,0.0
2050-05-11 04:00:00,2050-05-11 02:00:00,1250.5,0.0,0.0,3.0,1253.5,1213.2,1150.0,0.0,462.9,0.0298,0.0327,battery,gas-cc,0.0,0.0,0.0,0.0,0.0,0.0,0.0,0.0,0.0,0.0,0.0,0.0,0.0,0.0,0.0,0.0,0.0,0.0,142.2,2.7,0.27,16.8,1071.9,0.06,142.3,48.8,191.1,363.7,6.9,0.69,43.0,2744.4,0.16,364.1,124.8,488.9,31.71,0.0,0.0,31.71,32.78,0.0,0.0,32.78,0.0,0.0,0.0,1716.4,103.6,1612.9,0.0,0.0,0.0,0.0,0.0,0.0,0.0,0.0,0.0,0.0,0.0,0.0,0.0,103.6,0.0
2050-05-11 05:00:00,2050-05-11 03:00:00,1206.3,0.0,0.0,4.2,1210.5,1170.4,1111.2,0.0,638.9,0.0297,0.0315,battery,gas-cc,0.0,0.0,0.0,0.0,0.0,0.0,0.0,0.0,0.0,0.0,0.0,0.0,0.0,0.0,0.0,0.0,0.0,0.0,147.9,2.8,0.28,17.5,1115.4,0.06,148.1,50.7,198.8,350.2,6.6,0.66,41.4,2642.8,0.15,350.6,120.2,470.8,31.71,0.0,0.0,31.71,32.74,0.0,0.0,32.74,0.0,0.0,0.0,1849.3,99.3,1750.0,0.0,0.0,0.0,0.0,0.0,0.0,0.0,0.0,0.0,0.0,0.0,0.0,0.0,99.3,0.0
2050-05-11 06:00:00,2050-05-11 04:00:00,1206.3,0.0,0.0,0.8,1207.1,1170.4,1143.4,0.0,118.0,0.0297,0.0315,gas-cc,gas-cc,0.0,0.0,0.0,0.0,0.0,0.0,0.0,0.0,0.0,0.0,0.0,0.0,0.0,0.0,0.0,0.0,0.0,0.0,140.8,2.7,0.27,16.6,1061.6,0.06,141.0,48.3,189.3,363.2,6.8,0.68,42.9,2741.1,0.16,363.6,124.6,488.3,31.71,0.0,0.0,31.71,32.74,0.0,0.0,32.74,0.0,0.0,0.0,1325.1,63.7,1261.4,0.0,0.0,0.0,0.0,0.0,0.0,0.0,0.0,0.0,0.0,0.0,0.0,0.0,63.7,0.0
2050-05-11 07:00:00,2050-05-11 05:00:00,1240.0,0.0,0.0,0.8,1240.8,1203.0,-117.9,0.0,117.9,0.0298,0.0324,gas-cc,gas-cc,0.0,0.0,0.0,0.0,0.0,0.0,0.0,0.0,0.0,0.0,0.0,0.0,0.0,0.0,0.0,0.0,0.0,0.0,154.1,2.9,0.29,18.2,1161.7,0.07,154.2,52.8,207.1,363.6,6.9,0.69,42.9,2743.6,0.16,364.0,124.8,488.7,23.32,0.0,0.0,23.32,24.1,0.0,0.0,24.1,0.0,0.0,0.0,1358.7,1358.7,0.0,0.0,0.0,0.0,0.0,55.1,0.0,0.0,0.0,0.0,0.0,0.0,0.0,1249.6,54.0,0.0
2050-05-11 08:00:00,2050-05-11 06:00:00,1357.9,1847.4,0.0,0.0,3205.3,1316.9,0.0,0.0,0.0,0.0302,0.0355,upv,upv,0.0,0.0,0.0,0.0,0.0,0.0,0.0,0.0,0.0,0.0,0.0,0.0,0.0,0.0,0.0,0.0,0.0,0.0,141.9,2.7,0.27,16.8,1069.7,0.06,142.0,48.7,190.7,0.0,0.0,0.0,0.0,0.0,0.0,0.0,0.0,0.0,0.0,0.0,0.0,0.0,0.0,0.0,0.0,0.0,25.6,3595.7,3621.4,3205.3,3205.3,0.0,0.0,0.0,0.0,0.0,287.1,0.0,0.0,0.0,0.0,0.0,0.0,0.0,2918.2,0.0,0.0
2050-05-11 09:00:00,2050-05-11 07:00:00,1530.5,1908.6,0.0,0.0,3439.1,1483.0,0.0,0.0,0.0,0.031,0.04,upv,upv,0.0,0.0,0.0,0.0,0.0,0.0,0.0,0.0,0.0,0.0,0.0,0.0,0.0,0.0,0.0,0.0,0.0,0.0,139.8,2.6,0.26,16.5,1054.1,0.06,140.0,47.9,187.9,0.0,0.0,0.0,0.0,0.0,0.0,0.0,0.0,0.0,0.0,0.0,0.0,0.0,0.0,0.0,0.0,0.0,0.0,6435.7,6435.7,3439.1,3439.1,0.0,0.0,0.0,0.0,0.0,416.1,0.0,0.0,0.0,0.0,0.0,0.0,0.0,3005.7,17.4,0.0
2050-05-11 10:00:00,2050-05-11 08:00:00,1701.1,2237.1,0.0,0.0,3938.1,1646.4,0.0,0.0,0.0,0.0322,0.0445,upv,upv,0.0,0.0,0.0,0.0,0.0,0.0,0.0,0.0,0.0,0.0,0.0,0.0,0.0,0.0,0.0,0.0,0.0,0.0,140.0,2.6,0.26,16.5,1055.3,0.06,140.1,48.0,188.1,0.0,0.0,0.0,0.0,0.0,0.0,0.0,0.0,0.0,0.0,0.0,0.0,0.0,0.0,0.0,0.0,0.0,5.9,6371.4,6377.3,3938.1,3938.1,0.0,0.0,0.0,0.0,0.0,435.2,0.0,0.0,0.0,0.0,0.0,0.0,0.0,3502.9,0.0,0.0
2050-05-11 11:00:00,2050-05-11 09:00:00,1763.2,2431.9,0.0,0.0,4195.1,1705.6,0.0,0.0,0.0,0.0326,0.0461,upv,upv,0.0,0.0,0.0,0.0,0.0,0.0,0.0,0.0,0.0,0.0,0.0,0.0,0.0,0.0,0.0,0.0,0.0,0.0,140.0,2.6,0.27,16.5,1055.8,0.06,140.2,48.0,188.2,0.0,0.0,0.0,0.0,0.0,0.0,0.0,0.0,0.0,0.0,0.0,0.0,0.0,0.0,0.0,0.0,0.0,0.0,6114.5,6114.5,4195.1,4195.1,0.0,0.0,0.0,0.0,0.0,435.2,0.0,0.0,0.0,0.0,0.0,0.0,0.0,3759.8,0.0,0.0
2050-05-11 12:00:00,2050-05-11 10:00:00,1796.8,2431.9,0.0,0.0,4228.7,1737.8,0.0,0.0,0.0,0.0329,0.047,upv,upv,0.0,0.0,0.0,0.0,0.0,0.0,0.0,0.0,0.0,0.0,0.0,0.0,0.0,0.0,0.0,0.0,0.0,0.0,140.1,2.6,0.27,16.6,1056.1,0.06,140.2,48.0,188.3,0.0,0.0,0.0,0.0,0.0,0.0,0.0,0.0,0.0,0.0,0.0,0.0,0.0,0.0,0.0,0.0,0.0,2.1,6080.8,6082.9,4228.7,4228.7,0.0,0.0,0.0,0.0,0.0,435.2,0.0,0.0,0.0,0.0,0.0,0.0,0.0,3793.5,0.0,0.0
2050-05-11 13:00:00,2050-05-11 11:00:00,1742.1,2431.9,0.0,0.0,4174.0,1685.6,0.0,0.0,0.0,0.0325,0.0456,upv,upv,0.0,0.0,0.0,0.0,0.0,0.0,0.0,0.0,0.0,0.0,0.0,0.0,0.0,0.0,0.0,0.0,0.0,0.0,140.0,2.6,0.27,16.5,1055.6,0.06,140.2,48.0,188.2,0.0,0.0,0.0,0.0,0.0,0.0,0.0,0.0,0.0,0.0,0.0,0.0,0.0,0.0,0.0,0.0,0.0,19.5,6135.5,6155.0,4174.0,4174.0,0.0,0.0,0.0,0.0,0.0,435.2,0.0,0.0,0.0,0.0,0.0,0.0,0.0,3738.8,0.0,0.0
2050-05-11 14:00:00,2050-05-11 12:00:00,1802.1,4019.6,0.0,0.0,5821.7,1742.8,-0.0,0.0,0.0,0.0329,0.0471,upv,upv,0.0,0.0,0.0,0.0,0.0,0.0,0.0,0.0,0.0,0.0,0.0,0.0,0.0,0.0,0.0,0.0,0.0,0.0,140.6,2.7,0.27,16.6,1059.6,0.06,140.7,48.2,188.9,0.0,0.0,0.0,0.0,0.0,0.0,0.0,0.0,0.0,0.0,0.0,0.0,0.0,0.0,0.0,0.0,0.0,46.0,4487.9,4533.8,5821.7,5821.7,0.0,0.0,0.0,0.0,0.0,435.2,0.0,0.0,0.0,0.0,0.0,0.0,0.0,5386.4,0.0,0.0
2050-05-11 15:00:00,2050-05-11 13:00:00,1958.9,2431.9,0.0,0.0,4390.8,1891.9,-0.0,0.0,0.0,0.0342,0.0512,upv,upv,0.0,0.0,0.0,0.0,0.0,0.0,0.0,0.0,0.0,0.0,0.0,0.0,0.0,0.0,0.0,0.0,0.0,0.0,140.3,2.6,0.27,16.6,1057.6,0.06,140.4,48.1,188.5,0.0,0.0,0.0,0.0,0.0,0.0,0.0,0.0,0.0,0.0,0.0,0.0,0.0,0.0,0.0,0.0,0.0,72.8,5918.7,5991.5,4390.8,4390.8,0.0,0.0,0.0,0.0,0.0,435.2,0.0,0.0,0.0,0.0,0.0,0.0,0.0,3955.6,0.0,0.0
2050-05-11 16:00:00,2050-05-11 14:00:00,2041.1,3982.9,0.0,0.0,6023.9,1969.7,-0.0,0.0,0.0,0.0349,0.0534,upv,upv,0.0,0.0,0.0,0.0,0.0,0.0,0.0,0.0,0.0,0.0,0.0,0.0,0.0,0.0,0.0,0.0,0.0,0.0,141.0,2.7,0.27,16.7,1063.2,0.06,141.2,48.4,189.5,0.0,0.0,0.0,0.0,0.0,0.0,0.0,0.0,0.0,0.0,0.0,0.0,0.0,0.0,0.0,0.0,0.0,110.2,4285.6,4395.8,6023.9,6023.9,0.0,0.0,0.0,0.0,0.0,435.2,0.0,0.0,0.0,0.0,0.0,0.0,0.0,5588.7,0.0,0.0
2050-05-11 17:00:00,2050-05-11 15:00:00,2180.0,2461.0,0.0,0.0,4641.0,2101.0,-0.0,0.0,0.0,0.0362,0.057,upv,upv,0.0,0.0,0.0,0.0,0.0,0.0,0.0,0.0,0.0,0.0,0.0,0.0,0.0,0.0,0.0,0.0,0.0,0.0,375.2,7.1,0.71,44.3,2831.4,0.16,375.6,128.7,504.4,0.0,0.0,0.0,0.0,0.0,0.0,0.0,0.0,0.0,0.0,0.0,0.0,0.0,0.0,0.0,0.0,0.0,0.0,5815.7,5815.7,4641.0,4641.0,0.0,0.0,0.0,0.0,0.0,434.9,0.0,0.0,0.0,0.0,0.0,0.0,0.0,4052.2,153.9,0.0
2050-05-11 18:00:00,2050-05-11 16:00:00,2345.3,2461.0,0.0,0.0,4806.2,2256.5,-0.0,0.0,0.0,0.0379,0.0613,upv,upv,0.0,0.0,0.0,0.0,0.0,0.0,0.0,0.0,0.0,0.0,0.0,0.0,0.0,0.0,0.0,0.0,0.0,0.0,377.1,7.1,0.71,44.5,2845.3,0.16,377.5,129.4,506.8,0.0,0.0,0.0,0.0,0.0,0.0,0.0,0.0,0.0,0.0,0.0,0.0,0.0,0.0,0.0,0.0,0.0,190.2,4990.5,5180.7,4806.2,4806.2,0.0,0.0,0.0,0.0,0.0,413.6,0.0,0.0,0.0,0.0,0.0,0.0,0.0,4392.7,0.0,0.0
2050-05-11 19:00:00,2050-05-11 17:00:00,2482.1,2521.4,0.0,1.0,5004.4,2384.7,-148.7,0.0,148.7,0.0392,0.0649,upv,upv,0.0,0.0,0.0,0.0,0.0,0.0,0.0,0.0,0.0,0.0,0.0,0.0,0.0,0.0,0.0,0.0,0.0,0.0,151.4,2.9,0.29,17.9,1141.5,0.07,151.6,51.9,203.5,0.0,0.0,0.0,0.0,0.0,0.0,0.0,0.0,0.0,0.0,0.0,0.0,0.0,0.0,0.0,0.0,0.0,202.2,409.7,611.9,5153.1,5153.1,0.0,0.0,0.0,0.0,0.0,0.0,0.0,0.0,0.0,0.0,0.0,0.0,0.0,5153.1,0.0,0.0
2050-05-11 20:00:00,2050-05-11 18:00:00,2577.9,0.0,0.0,3.6,2581.5,2474.1,2119.5,0.0,548.7,0.0402,0.0674,battery,gas-cc,95.0,1.8,0.18,11.2,717.1,0.04,95.1,32.6,127.7,99.0,1.9,0.19,11.7,747.2,0.04,99.1,34.0,133.1,142.2,2.7,0.27,16.8,1071.8,0.06,142.3,48.8,191.1,382.3,7.2,0.72,45.2,2885.0,0.17,382.7,131.2,513.9,33.36,0.0,0.0,33.36,35.77,0.0,0.0,35.77,0.0,0.0,0.0,3130.2,462.0,1847.4,0.0,0.0,0.0,0.0,11.8,820.8,0.0,0.0,0.0,0.0,0.0,0.0,268.6,181.5,0.0
2050-05-11 21:00:00,2050-05-11 19:00:00,2564.2,0.0,0.0,9.3,2573.5,2461.4,2409.3,0.0,1427.9,0.0401,0.0671,battery,gas-cc,74.3,1.4,0.14,8.8,561.0,0.03,74.4,25.5,99.9,77.4,1.5,0.15,9.1,584.4,0.03,77.5,26.6,104.1,142.3,2.7,0.27,16.8,1073.1,0.06,142.5,48.8,191.3,382.2,7.2,0.72,45.1,2883.9,0.17,382.6,131.1,513.7,33.36,0.0,0.0,33.36,35.75,0.0,0.0,35.75,0.0,0.0,0.0,4001.4,164.2,3016.4,0.0,0.0,0.0,0.0,0.0,820.8,0.0,0.0,0.0,0.0,0.0,0.0,0.0,164.2,0.0
2050-05-11 22:00:00,2050-05-11 20:00:00,2487.4,0.0,0.0,5.8,2493.2,2389.6,2319.8,0.0,891.4,0.0393,0.065,battery,gas-cc,0.0,0.0,0.0,0.0,0.0,0.0,0.0,0.0,0.0,0.0,0.0,0.0,0.0,0.0,0.0,0.0,0.0,0.0,143.0,2.7,0.27,16.9,1078.3,0.06,143.2,49.0,192.2,381.3,7.2,0.72,45.0,2877.7,0.17,381.8,130.8,512.6,33.36,0.0,0.0,33.36,35.68,0.0,0.0,35.68,0.0,0.0,0.0,3384.5,173.3,3211.2,0.0,0.0,0.0,0.0,0.0,0.0,0.0,0.0,0.0,0.0,0.0,0.0,0.0,173.3,0.0
2050-05-11 23:00:00,2050-05-11 21:00:00,2286.3,0.0,0.0,8.0,2294.3,2201.1,2128.5,0.0,1225.1,0.0373,0.0598,battery,gas-cc,84.5,1.6,0.16,10.0,637.8,0.04,84.6,29.0,113.6,87.8,1.7,0.17,10.4,662.5,0.04,87.9,30.1,118.0,142.0,2.7,0.27,16.8,1070.5,0.06,142.1,48.7,190.8,379.2,7.1,0.71,44.8,2861.6,0.16,379.6,130.1,509.7,33.36,0.0,0.0,33.36,35.48,0.0,0.0,35.48,0.0,0.0,0.0,3519.3,165.8,2532.7,0.0,0.0,0.0,0.0,0.0,820.8,0.0,0.0,0.0,0.0,0.0,0.0,0.0,165.8,0.0
2050-05-12 00:00:00,2050-05-11 22:00:00,2046.3,0.0,0.0,11.1,2057.4,1974.7,1894.3,0.0,1666.7,0.035,0.0535,battery,gas-cc,104.4,2.0,0.2,12.3,787.8,0.05,104.5,35.8,140.3,108.2,2.0,0.2,12.8,816.3,0.05,108.3,37.1,145.4,141.4,2.7,0.27,16.7,1066.2,0.06,141.6,48.5,190.1,408.4,7.7,0.77,48.2,3082.0,0.18,408.9,140.1,549.0,33.59,0.0,0.0,33.59,35.49,0.0,0.0,35.49,0.0,0.0,0.0,3724.1,163.1,2488.2,0.0,0.0,0.0,0.0,0.0,1072.7,0.0,0.0,0.0,0.0,0.0,0.0,0.0,163.1,0.0
2050-05-12 01:00:00,2050-05-11 23:00:00,1811.6,0.0,0.0,13.4,1825.0,1751.8,1688.6,0.0,1817.0,0.033,0.0474,hydro,gas-cc,106.7,2.0,0.2,12.6,805.5,0.05,106.9,36.6,143.5,110.4,2.1,0.21,13.0,833.0,0.05,110.5,37.9,148.4,154.1,2.9,0.29,18.2,1161.6,0.07,154.2,52.8,207.1,406.2,7.7,0.77,48.0,3065.3,0.18,406.6,139.4,546.0,33.59,0.0,0.0,33.59,35.26,0.0,0.0,35.26,0.0,0.0,0.0,3642.0,136.4,2432.8,0.0,0.0,0.0,0.0,0.0,1072.7,0.0,0.0,0.0,0.0,0.0,0.0,0.0,136.4,0.0
2050-05-12 02:00:00,2050-05-12 00:00:00,1618.9,0.0,0.0,14.4,1633.4,1567.8,1528.2,0.0,1881.6,0.0316,0.0423,phs,gas-cc,110.6,2.1,0.21,13.1,834.6,0.05,110.7,37.9,148.7,114.2,2.2,0.22,13.5,861.8,0.05,114.3,39.2,153.5,145.9,2.8,0.28,17.2,1099.8,0.06,146.0,50.0,196.1,404.1,7.6,0.76,47.7,3049.2,0.18,404.5,138.6,543.2,33.59,0.0,0.0,33.59,35.08,0.0,0.0,35.08,0.0,0.0,0.0,3515.0,105.2,2337.1,0.0,0.0,0.0,0.0,0.0,1072.7,0.0,0.0,0.0,0.0,0.0,0.0,0.0,105.2,0.0
2050-05-12 03:00:00,2050-05-12 01:00:00,1484.2,0.0,0.0,18.3,1502.5,1438.5,1405.0,0.0,2134.6,0.0308,0.0388,battery,gas-cc,106.9,2.0,0.2,12.6,806.6,0.05,107.0,36.7,143.7,110.3,2.1,0.21,13.0,832.2,0.05,110.4,37.8,148.2,152.9,2.9,0.29,18.1,1153.0,0.07,153.1,52.4,205.5,402.2,7.6,0.76,47.5,3034.9,0.17,402.6,138.0,540.6,33.59,0.0,0.0,33.59,34.95,0.0,0.0,34.95,0.0,0.0,0.0,3637.2,97.5,2466.9,0.0,0.0,0.0,0.0,0.0,1072.7,0.0,0.0,0.0,0.0,0.0,0.0,0.0,97.5,0.0
2050-05-12 04:00:00,2050-05-12 02:00:00,1363.2,0.0,0.0,19.9,1383.1,1322.0,1296.5,0.0,2237.2,0.0302,0.0356,battery,gas-cc,107.4,2.0,0.2,12.7,810.3,0.05,107.5,36.8,144.3,110.7,2.1,0.21,13.1,835.6,0.05,110.8,38.0,148.8,156.6,3.0,0.3,18.5,1180.6,0.07,156.7,53.7,210.4,401.3,7.6,0.76,47.4,3028.1,0.17,401.7,137.7,539.4,33.59,0.0,0.0,33.59,34.83,0.0,0.0,34.83,0.0,0.0,0.0,3620.3,86.5,2461.0,0.0,0.0,0.0,0.0,0.0,1072.7,0.0,0.0,0.0,0.0,0.0,0.0,0.0,86.5,0.0
2050-05-12 05:00:00,2050-05-12 03:00:00,1291.6,0.0,0.0,11.9,1303.5,1252.9,1201.7,0.0,1718.5,0.0299,0.0338,battery,gas-cc,128.6,2.4,0.24,15.2,970.8,0.06,128.8,44.1,172.9,132.6,2.5,0.25,15.7,1000.7,0.06,132.8,45.5,178.3,141.0,2.7,0.27,16.7,1062.6,0.06,141.1,48.3,189.4,400.5,7.5,0.75,47.3,3022.2,0.17,400.9,137.4,538.3,33.59,0.0,0.0,33.59,34.76,0.0,0.0,34.76,0.0,0.0,0.0,3021.9,101.8,1847.4,0.0,0.0,0.0,0.0,0.0,1072.7,0.0,0.0,0.0,0.0,0.0,0.0,0.0,101.8,0.0
2050-05-12 06:00:00,2050-05-12 04:00:00,1275.8,0.0,0.0,10.7,1286.4,1237.6,1159.0,0.0,1640.0,0.0299,0.0334,battery,gas-cc,132.8,2.5,0.25,15.7,1002.5,0.06,133.0,45.6,178.6,136.9,2.6,0.26,16.2,1033.4,0.06,137.1,47.0,184.1,145.2,2.7,0.27,17.2,1094.9,0.06,145.4,49.8,195.2,368.8,7.0,0.7,43.6,2783.4,0.16,369.2,126.6,495.8,33.59,0.0,0.0,33.59,34.75,0.0,0.0,34.75,0.0,0.0,0.0,2926.4,127.5,1726.2,0.0,0.0,0.0,0.0,0.0,1072.7,0.0,0.0,0.0,0.0,0.0,0.0,0.0,127.5,0.0
2050-05-12 07:00:00,2050-05-12 05:00:00,1320.0,0.0,0.0,2.3,1322.3,1280.4,-233.3,0.0,357.5,0.03,0.0345,battery,gas-cc,0.0,0.0,0.0,0.0,0.0,0.0,0.0,0.0,0.0,0.0,0.0,0.0,0.0,0.0,0.0,0.0,0.0,0.0,140.2,2.6,0.27,16.6,1056.7,0.06,140.3,48.1,188.4,368.8,6.9,0.69,43.6,2782.7,0.16,369.2,126.5,495.7,23.88,0.0,0.0,23.88,24.73,0.0,0.0,24.73,0.0,0.0,0.0,1679.8,1555.6,124.2,0.0,0.0,0.0,0.0,62.7,0.0,0.0,0.0,0.0,0.0,0.0,0.0,1424.1,68.7,0.0
2050-05-12 08:00:00,2050-05-12 06:00:00,1420.0,3389.9,0.0,0.0,4809.9,1376.8,-0.0,0.0,0.0,0.0304,0.0371,upv,upv,0.0,0.0,0.0,0.0,0.0,0.0,0.0,0.0,0.0,0.0,0.0,0.0,0.0,0.0,0.0,0.0,0.0,0.0,139.7,2.6,0.26,16.5,1053.4,0.06,139.9,47.9,187.8,0.0,0.0,0.0,0.0,0.0,0.0,0.0,0.0,0.0,0.0,0.0,0.0,0.0,0.0,0.0,0.0,0.0,0.0,2484.1,2484.1,4809.9,4809.9,0.0,0.0,0.0,0.0,0.0,305.5,0.0,0.0,0.0,0.0,0.0,0.0,0.0,4449.9,54.5,0.0
2050-05-12 09:00:00,2050-05-12 07:00:00,1597.9,4019.6,0.0,0.0,5617.5,1547.6,0.0,0.0,0.0,0.0314,0.0418,upv,upv,0.0,0.0,0.0,0.0,0.0,0.0,0.0,0.0,0.0,0.0,0.0,0.0,0.0,0.0,0.0,0.0,0.0,0.0,139.9,2.6,0.26,16.5,1054.6,0.06,140.0,48.0,188.0,0.0,0.0,0.0,0.0,0.0,0.0,0.0,0.0,0.0,0.0,0.0,0.0,0.0,0.0,0.0,0.0,0.0,0.0,4718.3,4718.3,5617.5,5617.5,0.0,0.0,0.0,0.0,0.0,434.1,0.0,0.0,0.0,0.0,0.0,0.0,0.0,5136.6,46.7,0.0
2050-05-12 10:00:00,2050-05-12 08:00:00,1783.2,4019.6,0.0,0.0,5802.7,1724.7,-0.0,0.0,0.0,0.0328,0.0466,upv,upv,0.0,0.0,0.0,0.0,0.0,0.0,0.0,0.0,0.0,0.0,0.0,0.0,0.0,0.0,0.0,0.0,0.0,0.0,140.1,2.6,0.27,16.5,1056.0,0.06,140.2,48.0,188.3,0.0,0.0,0.0,0.0,0.0,0.0,0.0,0.0,0.0,0.0,0.0,0.0,0.0,0.0,0.0,0.0,0.0,0.0,4560.4,4560.4,5802.7,5802.7,0.0,0.0,0.0,0.0,0.0,435.2,0.0,0.0,0.0,0.0,0.0,0.0,0.0,5313.9,53.6,0.0
2050-05-12 11:00:00,2050-05-12 09:00:00,1900.0,2431.9,0.0,0.0,4331.9,1835.9,-0.0,0.0,0.0,0.0337,0.0497,upv,upv,0.0,0.0,0.0,0.0,0.0,0.0,0.0,0.0,0.0,0.0,0.0,0.0,0.0,0.0,0.0,0.0,0.0,0.0,140.2,2.6,0.27,16.6,1057.0,0.06,140.4,48.1,188.4,0.0,0.0,0.0,0.0,0.0,0.0,0.0,0.0,0.0,0.0,0.0,0.0,0.0,0.0,0.0,0.0,0.0,0.0,6036.4,6036.4,4331.9,4331.9,0.0,0.0,0.0,0.0,0.0,435.2,0.0,0.0,0.0,0.0,0.0,0.0,0.0,3837.9,58.8,0.0
2050-05-12 12:00:00,2050-05-12 10:00:00,1966.3,2431.9,0.0,0.0,4398.2,1898.9,0.0,0.0,0.0,0.0343,0.0514,upv,upv,0.0,0.0,0.0,0.0,0.0,0.0,0.0,0.0,0.0,0.0,0.0,0.0,0.0,0.0,0.0,0.0,0.0,0.0,140.3,2.6,0.27,16.6,1057.6,0.06,140.4,48.1,188.6,0.0,0.0,0.0,0.0,0.0,0.0,0.0,0.0,0.0,0.0,0.0,0.0,0.0,0.0,0.0,0.0,0.0,0.0,5981.5,5981.5,4398.2,4398.2,0.0,0.0,0.0,0.0,0.0,435.2,0.0,0.0,0.0,0.0,0.0,0.0,0.0,3892.9,70.1,0.0
2050-05-12 13:00:00,2050-05-12 11:00:00,2030.5,3016.4,0.0,0.0,5046.9,1959.8,0.0,0.0,0.0,0.0349,0.0531,upv,upv,0.0,0.0,0.0,0.0,0.0,0.0,0.0,0.0,0.0,0.0,0.0,0.0,0.0,0.0,0.0,0.0,0.0,0.0,140.4,2.6,0.27,16.6,1058.3,0.06,140.5,48.1,188.7,0.0,0.0,0.0,0.0,0.0,0.0,0.0,0.0,0.0,0.0,0.0,0.0,0.0,0.0,0.0,0.0,0.0,0.0,5350.0,5350.0,5046.9,5046.9,0.0,0.0,0.0,0.0,0.0,435.2,0.0,0.0,0.0,0.0,0.0,0.0,0.0,4524.3,87.4,0.0
2050-05-12 14:00:00,2050-05-12 12:00:00,2110.5,1876.5,0.0,0.0,3987.0,2035.4,0.0,0.0,0.0,0.0356,0.0552,upv,upv,0.0,0.0,0.0,0.0,0.0,0.0,0.0,0.0,0.0,0.0,0.0,0.0,0.0,0.0,0.0,0.0,0.0,0.0,140.5,2.7,0.27,16.6,1059.1,0.06,140.6,48.2,188.8,0.0,0.0,0.0,0.0,0.0,0.0,0.0,0.0,0.0,0.0,0.0,0.0,0.0,0.0,0.0,0.0,0.0,0.0,6421.4,6421.4,3987.0,3987.0,0.0,0.0,0.0,0.0,0.0,435.2,0.0,0.0,0.0,0.0,0.0,0.0,0.0,3452.9,98.9,0.0
2050-05-12 15:00:00,2050-05-12 13:00:00,2204.2,2234.2,0.0,0.0,4438.4,2123.8,0.0,0.0,0.0,0.0365,0.0576,upv,upv,0.0,0.0,0.0,0.0,0.0,0.0,0.0,0.0,0.0,0.0,0.0,0.0,0.0,0.0,0.0,0.0,0.0,0.0,140.6,2.7,0.27,16.6,1060.0,0.06,140.8,48.2,189.0,0.0,0.0,0.0,0.0,0.0,0.0,0.0,0.0,0.0,0.0,0.0,0.0,0.0,0.0,0.0,0.0,0.0,0.0,5975.3,5975.3,4438.4,4438.4,0.0,0.0,0.0,0.0,0.0,435.2,0.0,0.0,0.0,0.0,0.0,0.0,0.0,3899.0,104.2,0.0
2050-05-12 16:00:00,2050-05-12 14:00:00,2302.1,3726.9,0.0,0.0,6029.0,2215.9,-0.0,0.0,0.0,0.0374,0.0602,upv,upv,0.0,0.0,0.0,0.0,0.0,0.0,0.0,0.0,0.0,0.0,0.0,0.0,0.0,0.0,0.0,0.0,0.0,0.0,140.7,2.7,0.27,16.6,1061.1,0.06,140.9,48.3,189.2,0.0,0.0,0.0,0.0,0.0,0.0,0.0,0.0,0.0,0.0,0.0,0.0,0.0,0.0,0.0,0.0,0.0,0.0,4380.8,4380.8,6029.0,6029.0,0.0,0.0,0.0,0.0,0.0,435.2,0.0,0.0,0.0,0.0,0.0,0.0,0.0,5493.5,100.3,0.0
2050-05-12 17:00:00,2050-05-12 15:00:00,2435.8,2172.1,0.0,0.0,4607.9,2341.4,-0.0,0.0,0.0,0.0388,0.0637,upv,upv,0.0,0.0,0.0,0.0,0.0,0.0,0.0,0.0,0.0,0.0,0.0,0.0,0.0,0.0,0.0,0.0,0.0,0.0,140.9,2.7,0.27,16.7,1062.6,0.06,141.1,48.3,189.4,0.0,0.0,0.0,0.0,0.0,0.0,0.0,0.0,0.0,0.0,0.0,0.0,0.0,0.0,0.0,0.0,0.0,0.0,5809.9,5809.9,4607.9,4607.9,0.0,0.0,0.0,0.0,0.0,435.2,0.0,0.0,0.0,0.0,0.0,0.0,0.0,4064.4,108.3,0.0
2050-05-12 18:00:00,2050-05-12 16:00:00,2580.0,1847.4,0.0,0.0,4427.4,2476.1,0.0,0.0,0.0,0.0403,0.0675,upv,upv,0.0,0.0,0.0,0.0,0.0,0.0,0.0,0.0,0.0,0.0,0.0,0.0,0.0,0.0,0.0,0.0,0.0,0.0,141.2,2.7,0.27,16.7,1064.2,0.06,141.3,48.4,189.7,0.0,0.0,0.0,0.0,0.0,0.0,0.0,0.0,0.0,0.0,0.0,0.0,0.0,0.0,0.0,0.0,0.0,0.0,5676.2,5676.2,4427.4,4427.4,0.0,0.0,0.0,0.0,0.0,421.5,0.0,0.0,0.0,0.0,0.0,0.0,0.0,3887.9,118.0,0.0
2050-05-12 19:00:00,2050-05-12 17:00:00,2716.8,0.0,0.0,28.9,2745.7,2603.5,-2816.0,0.0,2816.0,0.0417,0.071,upv,upv,0.0,0.0,0.0,0.0,0.0,0.0,0.0,0.0,0.0,0.0,0.0,0.0,0.0,0.0,0.0,0.0,0.0,0.0,141.5,2.7,0.27,16.7,1066.9,0.06,141.7,48.5,190.2,0.0,0.0,0.0,0.0,0.0,0.0,0.0,0.0,0.0,0.0,0.0,0.0,0.0,0.0,0.0,0.0,0.0,0.0,328.6,328.6,5561.7,5561.7,0.0,0.0,0.0,0.0,0.0,242.0,0.0,0.0,0.0,0.0,0.0,0.0,0.0,5161.0,158.7,0.0
2050-05-12 20:00:00,2050-05-12 18:00:00,2786.3,0.0,0.0,10.7,2797.0,2667.9,2239.5,0.0,1640.0,0.0425,0.0729,battery,gas-cc,87.6,1.7,0.17,10.4,661.2,0.04,87.7,30.1,117.8,91.5,1.7,0.17,10.8,690.5,0.04,91.6,31.4,123.0,142.6,2.7,0.27,16.8,1075.1,0.06,142.8,48.9,191.7,384.6,7.2,0.72,45.4,2902.0,0.17,385.0,132.0,516.9,33.59,0.0,0.0,33.59,36.23,0.0,0.0,36.23,0.0,0.0,0.0,4436.9,557.5,2806.7,0.0,0.0,0.0,0.0,14.3,1072.7,0.0,0.0,0.0,0.0,0.0,0.0,325.5,217.6,0.0
2050-05-12 21:00:00,2050-05-12 19:00:00,2713.7,0.0,0.0,10.7,2724.3,2600.5,2488.9,0.0,1640.0,0.0417,0.071,battery,gas-cc,89.1,1.7,0.17,10.5,672.2,0.04,89.2,30.6,119.7,93.0,1.8,0.18,11.0,701.4,0.04,93.1,31.9,124.9,142.7,2.7,0.27,16.9,1075.7,0.06,142.8,48.9,191.8,383.8,7.2,0.72,45.3,2896.0,0.17,384.2,131.7,515.9,33.59,0.0,0.0,33.59,36.16,0.0,0.0,36.16,0.0,0.0,0.0,4364.3,235.4,3056.2,0.0,0.0,0.0,0.0,0.0,1072.7,0.0,0.0,0.0,0.0,0.0,0.0,0.0,235.4,0.0
2050-05-12 22:00:00,2050-05-12 20:00:00,2567.4,0.0,0.0,10.7,2578.0,2464.3,2397.2,0.0,1640.0,0.0401,0.0671,battery,gas-cc,92.2,1.7,0.17,10.9,695.5,0.04,92.3,31.6,123.9,96.0,1.8,0.18,11.3,724.6,0.04,96.1,32.9,129.1,142.4,2.7,0.27,16.8,1073.9,0.06,142.6,48.8,191.4,382.2,7.2,0.72,45.1,2884.2,0.17,382.6,131.1,513.8,33.59,0.0,0.0,33.59,36.01,0.0,0.0,36.01,0.0,0.0,0.0,4218.0,180.9,2964.4,0.0,0.0,0.0,0.0,0.0,1072.7,0.0,0.0,0.0,0.0,0.0,0.0,0.0,180.9,0.0
2050-05-12 23:00:00,2050-05-12 21:00:00,2334.7,0.0,0.0,12.7,2347.5,2246.6,2194.8,0.0,1773.1,0.0377,0.0611,battery,gas-cc,94.3,1.8,0.18,11.1,712.0,0.04,94.4,32.4,126.8,98.0,1.8,0.18,11.6,739.9,0.04,98.2,33.6,131.8,142.0,2.7,0.27,16.8,1070.6,0.06,142.2,48.7,190.9,386.0,7.3,0.73,45.6,2912.6,0.17,386.4,132.4,518.8,33.59,0.0,0.0,33.59,35.77,0.0,0.0,35.77,0.0,0.0,0.0,4120.6,152.7,2895.1,0.0,0.0,0.0,0.0,0.0,1072.7,0.0,0.0,0.0,0.0,0.0,0.0,0.0,152.7,0.0
2050-05-13 00:00:00,2050-05-12 22:00:00,2103.2,0.0,0.0,10.7,2113.8,2028.5,2004.3,0.0,1640.0,0.0355,0.055,battery,gas-cc,103.6,2.0,0.2,12.2,781.5,0.04,103.7,35.5,139.2,107.4,2.0,0.2,12.7,810.3,0.05,107.5,36.8,144.3,141.6,2.7,0.27,16.7,1067.7,0.06,141.8,48.6,190.4,434.9,8.2,0.82,51.4,3282.1,0.19,435.4,149.2,584.6,37.37,0.0,0.0,37.37,39.55,0.0,0.0,39.55,0.0,0.0,0.0,3753.8,109.5,2571.5,0.0,0.0,0.0,0.0,0.0,1072.7,0.0,0.0,0.0,0.0,0.0,0.0,0.0,109.5,0.0
2050-05-13 01:00:00,2050-05-12 23:00:00,1861.1,0.0,0.0,10.7,1871.7,1798.9,1797.7,0.0,1640.0,0.0334,0.0487,battery,gas-cc,110.7,2.1,0.21,13.1,835.4,0.05,110.8,38.0,148.8,114.5,2.2,0.22,13.5,864.3,0.05,114.7,39.3,154.0,141.3,2.7,0.27,16.7,1065.6,0.06,141.5,48.5,190.0,432.0,8.1,0.81,51.0,3260.2,0.19,432.5,148.2,580.7,37.37,0.0,0.0,37.37,39.29,0.0,0.0,39.29,0.0,0.0,0.0,3511.7,74.0,2364.9,0.0,0.0,0.0,0.0,0.0,1072.7,0.0,0.0,0.0,0.0,0.0,0.0,0.0,74.0,0.0
2050-05-13 02:00:00,2050-05-13 00:00:00,1670.5,0.0,0.0,10.7,1681.2,1617.2,1649.6,0.0,1640.0,0.0319,0.0437,battery,gas-cc,117.1,2.2,0.22,13.8,883.3,0.05,117.2,40.2,157.3,120.9,2.3,0.23,14.3,912.5,0.05,121.0,41.5,162.5,141.2,2.7,0.27,16.7,1064.8,0.06,141.4,48.4,189.8,429.8,8.1,0.81,50.8,3243.3,0.19,430.3,147.5,577.7,37.37,0.0,0.0,37.37,39.08,0.0,0.0,39.08,0.0,0.0,0.0,3321.2,31.6,2216.8,0.0,0.0,0.0,0.0,0.0,1072.7,0.0,0.0,0.0,0.0,0.0,0.0,0.0,31.6,0.0
2050-05-13 03:00:00,2050-05-13 01:00:00,1510.5,0.0,0.0,10.7,1521.2,1463.8,1495.5,0.0,1640.0,0.0309,0.0395,battery,gas-cc,123.0,2.3,0.23,14.5,928.0,0.05,123.1,42.2,165.3,126.9,2.4,0.24,15.0,957.6,0.06,127.0,43.5,170.6,141.1,2.7,0.27,16.7,1064.0,0.06,141.3,48.4,189.7,427.9,8.1,0.81,50.5,3229.1,0.19,428.4,146.8,575.2,37.37,0.0,0.0,37.37,38.91,0.0,0.0,38.91,0.0,0.0,0.0,3161.2,25.7,2062.7,0.0,0.0,0.0,0.0,0.0,1072.7,0.0,0.0,0.0,0.0,0.0,0.0,0.0,25.7,0.0
2050-05-13 04:00:00,2050-05-13 02:00:00,1376.8,0.0,0.0,10.7,1387.5,1335.2,1371.2,0.0,1640.0,0.0302,0.036,battery,gas-cc,128.4,2.4,0.24,15.2,969.0,0.06,128.5,44.1,172.6,132.4,2.5,0.25,15.6,999.2,0.06,132.6,45.4,178.0,141.1,2.7,0.27,16.7,1063.7,0.06,141.2,48.4,189.6,426.4,8.0,0.8,50.4,3217.4,0.18,426.8,146.3,573.1,37.37,0.0,0.0,37.37,38.77,0.0,0.0,38.77,0.0,0.0,0.0,3027.5,16.3,1938.5,0.0,0.0,0.0,0.0,0.0,1072.7,0.0,0.0,0.0,0.0,0.0,0.0,0.0,16.3,0.0
2050-05-13 05:00:00,2050-05-13 03:00:00,1288.4,0.0,0.0,10.7,1299.1,1249.9,1293.3,0.0,1640.0,0.0299,0.0337,battery,gas-cc,132.3,2.5,0.25,15.6,998.2,0.06,132.4,45.4,177.8,136.4,2.6,0.26,16.1,1029.0,0.06,136.5,46.8,183.3,140.9,2.7,0.27,16.7,1062.5,0.06,141.1,48.3,189.4,425.3,8.0,0.8,50.2,3209.7,0.18,425.8,145.9,571.7,37.37,0.0,0.0,37.37,38.68,0.0,0.0,38.68,0.0,0.0,0.0,2939.0,5.8,1860.5,0.0,0.0,0.0,0.0,0.0,1072.7,0.0,0.0,0.0,0.0,0.0,0.0,0.0,5.8,0.0
2050-05-13 06:00:00,2050-05-13 04:00:00,1222.1,0.0,0.0,10.4,1232.5,1185.7,1223.9,0.0,1603.0,0.0298,0.032,battery,gas-cc,137.1,2.6,0.26,16.2,1034.6,0.06,137.3,47.0,184.3,141.3,2.7,0.27,16.7,1066.4,0.06,141.5,48.5,190.0,141.0,2.7,0.27,16.7,1062.9,0.06,141.1,48.3,189.5,430.3,8.1,0.81,50.8,3247.3,0.19,430.8,147.7,578.4,37.37,0.0,0.0,37.37,38.61,0.0,0.0,38.61,0.0,0.0,0.0,2835.5,8.6,1754.1,0.0,0.0,0.0,0.0,0.0,1072.7,0.0,0.0,0.0,0.0,0.0,0.0,0.0,8.6,0.0
2050-05-13 07:00:00,2050-05-13 05:00:00,1195.8,0.0,0.0,2.7,1198.5,1160.2,-417.9,0.0,417.9,0.0297,0.0313,gas-cc,gas-cc,0.0,0.0,0.0,0.0,0.0,0.0,0.0,0.0,0.0,0.0,0.0,0.0,0.0,0.0,0.0,0.0,0.0,0.0,140.6,2.7,0.27,16.6,1060.3,0.06,140.8,48.2,189.0,363.1,6.8,0.68,42.9,2740.3,0.16,363.5,124.6,488.1,26.22,0.0,0.0,26.22,27.06,0.0,0.0,27.06,0.0,0.0,0.0,1616.4,1616.4,0.0,0.0,0.0,0.0,0.0,67.8,0.0,0.0,0.0,0.0,0.0,0.0,0.0,1538.0,10.6,0.0
2050-05-13 08:00:00,2050-05-13 06:00:00,1236.8,646.7,0.0,0.0,1883.5,1200.0,0.0,0.0,0.0,0.0298,0.0323,upv,upv,0.0,0.0,0.0,0.0,0.0,0.0,0.0,0.0,0.0,0.0,0.0,0.0,0.0,0.0,0.0,0.0,0.0,0.0,139.6,2.6,0.26,16.5,1052.8,0.06,139.8,47.9,187.7,0.0,0.0,0.0,0.0,0.0,0.0,0.0,0.0,0.0,0.0,0.0,0.0,0.0,0.0,0.0,0.0,0.0,7.1,5598.9,5606.0,1883.5,1883.5,0.0,0.0,0.0,0.0,0.0,214.1,0.0,0.0,0.0,0.0,0.0,0.0,0.0,1669.5,0.0,0.0
2050-05-13 09:00:00,2050-05-13 07:00:00,1345.3,2033.7,0.0,0.0,3379.0,1304.7,0.0,0.0,0.0,0.0301,0.0352,upv,upv,0.0,0.0,0.0,0.0,0.0,0.0,0.0,0.0,0.0,0.0,0.0,0.0,0.0,0.0,0.0,0.0,0.0,0.0,139.7,2.6,0.26,16.5,1053.1,0.06,139.8,47.9,187.7,0.0,0.0,0.0,0.0,0.0,0.0,0.0,0.0,0.0,0.0,0.0,0.0,0.0,0.0,0.0,0.0,0.0,1.5,6916.9,6918.4,3379.0,3379.0,0.0,0.0,0.0,0.0,0.0,0.0,0.0,0.0,0.0,0.0,0.0,0.0,0.0,3379.0,0.0,0.0
2050-05-13 10:00:00,2050-05-13 08:00:00,1482.1,3145.3,0.0,0.0,4627.4,1436.5,-0.0,0.0,0.0,0.0308,0.0388,upv,upv,0.0,0.0,0.0,0.0,0.0,0.0,0.0,0.0,0.0,0.0,0.0,0.0,0.0,0.0,0.0,0.0,0.0,0.0,139.8,2.6,0.26,16.5,1053.8,0.06,139.9,47.9,187.9,0.0,0.0,0.0,0.0,0.0,0.0,0.0,0.0,0.0,0.0,0.0,0.0,0.0,0.0,0.0,0.0,0.0,4.8,5682.1,5687.0,4627.4,4627.4,0.0,0.0,0.0,0.0,0.0,423.7,0.0,0.0,0.0,0.0,0.0,0.0,0.0,4203.7,0.0,0.0
2050-05-13 11:00:00,2050-05-13 09:00:00,1631.6,2461.0,0.0,0.0,4092.6,1579.9,0.0,0.0,0.0,0.0317,0.0427,upv,upv,0.0,0.0,0.0,0.0,0.0,0.0,0.0,0.0,0.0,0.0,0.0,0.0,0.0,0.0,0.0,0.0,0.0,0.0,139.9,2.6,0.26,16.5,1054.8,0.06,140.1,48.0,188.0,0.0,0.0,0.0,0.0,0.0,0.0,0.0,0.0,0.0,0.0,0.0,0.0,0.0,0.0,0.0,0.0,0.0,5.4,6217.0,6222.4,4092.6,4092.6,0.0,0.0,0.0,0.0,0.0,0.0,0.0,0.0,0.0,0.0,0.0,0.0,0.0,4092.6,0.0,0.0
2050-05-13 12:00:00,2050-05-13 10:00:00,1816.8,2655.8,0.0,0.0,4472.6,1756.8,0.0,0.0,0.0,0.033,0.0475,upv,upv,0.0,0.0,0.0,0.0,0.0,0.0,0.0,0.0,0.0,0.0,0.0,0.0,0.0,0.0,0.0,0.0,0.0,0.0,140.1,2.6,0.27,16.6,1056.3,0.06,140.3,48.0,188.3,0.0,0.0,0.0,0.0,0.0,0.0,0.0,0.0,0.0,0.0,0.0,0.0,0.0,0.0,0.0,0.0,0.0,7.6,5836.9,5844.5,4472.6,4472.6,0.0,0.0,0.0,0.0,0.0,0.0,0.0,0.0,0.0,0.0,0.0,0.0,0.0,4472.6,0.0,0.0
2050-05-13 13:00:00,2050-05-13 11:00:00,1961.1,3303.3,0.0,0.0,5264.4,1893.9,-0.0,0.0,0.0,0.0342,0.0513,upv,upv,0.0,0.0,0.0,0.0,0.0,0.0,0.0,0.0,0.0,0.0,0.0,0.0,0.0,0.0,0.0,0.0,0.0,0.0,140.3,2.6,0.27,16.6,1057.6,0.06,140.4,48.1,188.5,0.0,0.0,0.0,0.0,0.0,0.0,0.0,0.0,0.0,0.0,0.0,0.0,0.0,0.0,0.0,0.0,0.0,15.1,5045.2,5060.3,5264.4,5264.4,0.0,0.0,0.0,0.0,0.0,435.2,0.0,0.0,0.0,0.0,0.0,0.0,0.0,4829.1,0.0,0.0
2050-05-13 14:00:00,2050-05-13 12:00:00,2108.4,2626.7,0.0,0.0,4735.1,2033.4,-0.0,0.0,0.0,0.0356,0.0551,upv,upv,0.0,0.0,0.0,0.0,0.0,0.0,0.0,0.0,0.0,0.0,0.0,0.0,0.0,0.0,0.0,0.0,0.0,0.0,140.5,2.7,0.27,16.6,1059.0,0.06,140.6,48.2,188.8,0.0,0.0,0.0,0.0,0.0,0.0,0.0,0.0,0.0,0.0,0.0,0.0,0.0,0.0,0.0,0.0,0.0,36.6,5574.4,5611.0,4735.1,4735.1,0.0,0.0,0.0,0.0,0.0,435.2,0.0,0.0,0.0,0.0,0.0,0.0,0.0,4299.9,0.0,0.0
2050-05-13 15:00:00,2050-05-13 13:00:00,2247.4,3402.2,0.0,0.0,5649.5,2164.5,-0.0,0.0,0.0,0.0369,0.0588,upv,upv,0.0,0.0,0.0,0.0,0.0,0.0,0.0,0.0,0.0,0.0,0.0,0.0,0.0,0.0,0.0,0.0,0.0,0.0,140.7,2.7,0.27,16.6,1060.5,0.06,140.8,48.2,189.1,0.0,0.0,0.0,0.0,0.0,0.0,0.0,0.0,0.0,0.0,0.0,0.0,0.0,0.0,0.0,0.0,0.0,47.0,4660.0,4707.0,5649.5,5649.5,0.0,0.0,0.0,0.0,0.0,435.2,0.0,0.0,0.0,0.0,0.0,0.0,0.0,5214.3,0.0,0.0
2050-05-13 16:00:00,2050-05-13 14:00:00,2366.3,2821.5,0.0,0.0,5187.9,2276.2,-0.0,0.0,0.0,0.0381,0.0619,upv,upv,0.0,0.0,0.0,0.0,0.0,0.0,0.0,0.0,0.0,0.0,0.0,0.0,0.0,0.0,0.0,0.0,0.0,0.0,140.8,2.7,0.27,16.6,1061.8,0.06,141.0,48.3,189.3,0.0,0.0,0.0,0.0,0.0,0.0,0.0,0.0,0.0,0.0,0.0,0.0,0.0,0.0,0.0,0.0,0.0,56.9,5121.7,5178.6,5187.9,5187.9,0.0,0.0,0.0,0.0,0.0,435.2,0.0,0.0,0.0,0.0,0.0,0.0,0.0,4752.6,0.0,0.0
2050-05-13 17:00:00,2050-05-13 15:00:00,2507.4,3891.7,0.0,0.0,6399.0,2408.3,-0.0,0.0,0.0,0.0395,0.0656,upv,upv,0.0,0.0,0.0,0.0,0.0,0.0,0.0,0.0,0.0,0.0,0.0,0.0,0.0,0.0,0.0,0.0,0.0,0.0,141.1,2.7,0.27,16.7,1063.4,0.06,141.2,48.4,189.6,0.0,0.0,0.0,0.0,0.0,0.0,0.0,0.0,0.0,0.0,0.0,0.0,0.0,0.0,0.0,0.0,0.0,52.9,3923.2,3976.2,6399.0,6399.0,0.0,0.0,0.0,0.0,0.0,435.2,0.0,0.0,0.0,0.0,0.0,0.0,0.0,5951.1,12.7,0.0
2050-05-13 18:00:00,2050-05-13 16:00:00,2629.5,3920.6,0.0,0.0,6550.1,2522.2,0.0,0.0,0.0,0.0408,0.0688,upv,upv,0.0,0.0,0.0,0.0,0.0,0.0,0.0,0.0,0.0,0.0,0.0,0.0,0.0,0.0,0.0,0.0,0.0,0.0,141.2,2.7,0.27,16.7,1064.8,0.06,141.4,48.4,189.8,0.0,0.0,0.0,0.0,0.0,0.0,0.0,0.0,0.0,0.0,0.0,0.0,0.0,0.0,0.0,0.0,0.0,80.7,3435.5,3516.2,6550.1,6550.1,0.0,0.0,0.0,0.0,0.0,421.5,0.0,0.0,0.0,0.0,0.0,0.0,0.0,6128.6,0.0,0.0
2050-05-13 19:00:00,2050-05-13 17:00:00,2681.1,257.9,0.0,28.9,2967.8,2570.2,-2816.0,0.0,2816.0,0.0413,0.0701,upv,upv,0.0,0.0,0.0,0.0,0.0,0.0,0.0,0.0,0.0,0.0,0.0,0.0,0.0,0.0,0.0,0.0,0.0,0.0,141.3,2.7,0.27,16.7,1065.4,0.06,141.5,48.5,189.9,0.0,0.0,0.0,0.0,0.0,0.0,0.0,0.0,0.0,0.0,0.0,0.0,0.0,0.0,0.0,0.0,0.0,90.1,69.2,159.3,5783.8,5783.8,0.0,0.0,0.0,0.0,0.0,247.0,0.0,0.0,0.0,0.0,0.0,0.0,0.0,5536.8,0.0,0.0
2050-05-13 20:00:00,2050-05-13 18:00:00,2685.3,0.0,0.0,10.7,2695.9,2574.1,2168.9,0.0,1640.0,0.0414,0.0702,battery,gas-cc,89.7,1.7,0.17,10.6,676.6,0.04,89.8,30.8,120.5,93.5,1.8,0.18,11.0,705.8,0.04,93.6,32.1,125.7,142.6,2.7,0.27,16.9,1075.2,0.06,142.8,48.9,191.7,442.1,8.3,0.83,52.2,3335.8,0.19,442.5,151.7,594.2,37.37,0.0,0.0,37.37,40.2,0.0,0.0,40.2,0.0,0.0,0.0,4335.9,527.0,2736.1,0.0,0.0,0.0,0.0,17.3,1072.7,0.0,0.0,0.0,0.0,0.0,0.0,393.0,116.7,0.0
2050-05-13 21:00:00,2050-05-13 19:00:00,2621.1,0.0,0.0,10.7,2631.7,2514.4,2513.0,0.0,1640.0,0.0407,0.0685,battery,gas-cc,91.0,1.7,0.17,10.8,686.8,0.04,91.1,31.2,122.3,94.9,1.8,0.18,11.2,715.9,0.04,95.0,32.6,127.5,142.5,2.7,0.27,16.8,1074.3,0.06,142.7,48.9,191.5,441.3,8.3,0.83,52.1,3329.8,0.19,441.7,151.4,593.1,37.37,0.0,0.0,37.37,40.12,0.0,0.0,40.12,0.0,0.0,0.0,4271.7,118.7,3080.2,0.0,0.0,0.0,0.0,0.0,1072.7,0.0,0.0,0.0,0.0,0.0,0.0,0.0,118.7,0.0
2050-05-13 22:00:00,2050-05-13 20:00:00,2500.0,0.0,0.0,10.7,2510.7,2401.4,2413.7,0.0,1640.0,0.0394,0.0654,battery,gas-cc,93.7,1.8,0.18,11.1,706.8,0.04,93.8,32.1,125.9,97.5,1.8,0.18,11.5,735.8,0.04,97.6,33.5,131.1,142.4,2.7,0.27,16.8,1073.2,0.06,142.5,48.8,191.3,439.8,8.3,0.83,51.9,3318.5,0.19,440.2,150.9,591.1,37.37,0.0,0.0,37.37,39.99,0.0,0.0,39.99,0.0,0.0,0.0,4150.6,96.9,2981.0,0.0,0.0,0.0,0.0,0.0,1072.7,0.0,0.0,0.0,0.0,0.0,0.0,0.0,96.9,0.0
2050-05-13 23:00:00,2050-05-13 21:00:00,2275.8,0.0,0.0,10.7,2286.4,2191.2,2230.2,0.0,1640.0,0.0372,0.0595,battery,gas-cc,99.0,1.9,0.19,11.7,747.2,0.04,99.1,34.0,133.1,102.8,1.9,0.19,12.1,776.0,0.04,102.9,35.3,138.2,142.0,2.7,0.27,16.8,1070.4,0.06,142.1,48.7,190.8,437.0,8.2,0.82,51.6,3297.8,0.19,437.5,150.0,587.4,37.37,0.0,0.0,37.37,39.74,0.0,0.0,39.74,0.0,0.0,0.0,3926.4,56.2,2797.5,0.0,0.0,0.0,0.0,0.0,1072.7,0.0,0.0,0.0,0.0,0.0,0.0,0.0,56.2,0.0
2050-05-14 00:00:00,2050-05-13 22:00:00,2056.8,0.0,0.0,10.7,2067.5,1984.7,2038.1,0.0,1640.0,0.0351,0.0538,battery,gas-cc,104.9,2.0,0.2,12.4,791.3,0.05,105.0,36.0,141.0,108.7,2.0,0.2,12.8,820.1,0.05,108.8,37.3,146.1,141.6,2.7,0.27,16.7,1067.7,0.06,141.8,48.6,190.4,413.1,7.8,0.78,48.8,3117.0,0.18,413.5,141.7,555.2,35.91,0.0,0.0,35.91,37.96,0.0,0.0,37.96,0.0,0.0,0.0,3707.5,29.4,2605.3,0.0,0.0,0.0,0.0,0.0,1072.7,0.0,0.0,0.0,0.0,0.0,0.0,0.0,29.4,0.0
2050-05-14 01:00:00,2050-05-13 23:00:00,1857.9,0.0,0.0,10.7,1868.6,1795.9,1852.6,0.0,1640.0,0.0334,0.0486,battery,gas-cc,110.8,2.1,0.21,13.1,836.2,0.05,110.9,38.0,148.9,114.6,2.2,0.22,13.5,865.0,0.05,114.8,39.3,154.1,141.5,2.7,0.27,16.7,1066.5,0.06,141.6,48.5,190.1,410.8,7.7,0.77,48.5,3100.0,0.18,411.2,141.0,552.2,35.91,0.0,0.0,35.91,37.75,0.0,0.0,37.75,0.0,0.0,0.0,3508.5,16.0,2419.8,0.0,0.0,0.0,0.0,0.0,1072.7,0.0,0.0,0.0,0.0,0.0,0.0,0.0,16.0,0.0
2050-05-14 02:00:00,2050-05-14 00:00:00,1644.2,0.0,0.0,10.7,1654.9,1592.0,1641.7,0.0,1640.0,0.0318,0.043,battery,gas-cc,118.0,2.2,0.22,13.9,890.4,0.05,118.1,40.5,158.6,121.9,2.3,0.23,14.4,919.6,0.05,122.0,41.8,163.8,141.3,2.7,0.27,16.7,1065.1,0.06,141.4,48.4,189.9,408.4,7.7,0.77,48.2,3081.9,0.18,408.8,140.1,549.0,35.91,0.0,0.0,35.91,37.53,0.0,0.0,37.53,0.0,0.0,0.0,3294.8,13.2,2208.9,0.0,0.0,0.0,0.0,0.0,1072.7,0.0,0.0,0.0,0.0,0.0,0.0,0.0,13.2,0.0
2050-05-14 03:00:00,2050-05-14 01:00:00,1489.5,0.0,0.0,10.7,1500.1,1443.6,1485.7,0.0,1640.0,0.0308,0.039,battery,gas-cc,123.8,2.3,0.23,14.6,934.3,0.05,123.9,42.5,166.4,127.7,2.4,0.24,15.1,963.9,0.06,127.9,43.8,171.7,141.1,2.7,0.27,16.7,1064.0,0.06,141.3,48.4,189.7,406.7,7.7,0.77,48.0,3068.9,0.18,407.1,139.5,546.7,35.91,0.0,0.0,35.91,37.37,0.0,0.0,37.37,0.0,0.0,0.0,3140.1,14.5,2052.9,0.0,0.0,0.0,0.0,0.0,1072.7,0.0,0.0,0.0,0.0,0.0,0.0,0.0,14.5,0.0
2050-05-14 04:00:00,2050-05-14 02:00:00,1373.7,0.0,0.0,10.7,1384.3,1332.2,1370.1,0.0,1640.0,0.0302,0.0359,battery,gas-cc,128.5,2.4,0.24,15.2,970.0,0.06,128.7,44.1,172.8,132.6,2.5,0.25,15.7,1000.3,0.06,132.7,45.5,178.2,280.5,5.3,0.53,33.1,2116.5,0.12,280.8,96.2,377.0,405.4,7.6,0.76,47.9,3059.3,0.18,405.8,139.1,544.9,35.91,0.0,0.0,35.91,37.25,0.0,0.0,37.25,0.0,0.0,0.0,3024.3,14.3,1937.3,0.0,0.0,0.0,0.0,0.0,1072.7,0.0,0.0,0.0,0.0,0.0,0.0,0.0,14.3,0.0
2050-05-14 05:00:00,2050-05-14 03:00:00,1296.8,0.0,0.0,10.9,1307.7,1258.0,1291.0,0.0,1654.7,0.03,0.0339,gas-cc,gas-cc,131.2,2.5,0.25,15.5,990.3,0.06,131.4,45.0,176.4,135.3,2.5,0.25,16.0,1020.9,0.06,135.4,46.4,181.9,141.0,2.7,0.27,16.7,1063.2,0.06,141.2,48.4,189.5,364.1,6.9,0.69,43.0,2747.8,0.16,364.5,124.9,489.5,35.91,0.0,0.0,35.91,37.17,0.0,0.0,37.17,0.0,0.0,0.0,2962.4,16.7,1872.9,0.0,0.0,0.0,0.0,0.0,1072.7,0.0,0.0,0.0,0.0,0.0,0.0,0.0,16.7,0.0
2050-05-14 06:00:00,2050-05-14 04:00:00,1236.8,0.0,0.0,10.7,1247.5,1200.0,1232.4,0.0,1640.0,0.0298,0.0323,battery,gas-cc,134.6,2.5,0.25,15.9,1016.0,0.06,134.8,46.2,181.0,138.8,2.6,0.26,16.4,1047.2,0.06,138.9,47.6,186.5,141.0,2.7,0.27,16.7,1062.7,0.06,141.1,48.3,189.5,403.9,7.6,0.76,47.7,3048.0,0.18,404.3,138.6,542.9,35.91,0.0,0.0,35.91,37.11,0.0,0.0,37.11,0.0,0.0,0.0,2887.5,15.1,1799.6,0.0,0.0,0.0,0.0,0.0,1072.7,0.0,0.0,0.0,0.0,0.0,0.0,0.0,15.1,0.0
2050-05-14 07:00:00,2050-05-14 05:00:00,1190.5,0.0,0.0,2.8,1193.3,1155.1,-431.6,0.0,431.6,0.0297,0.0311,gas-cc,gas-cc,0.0,0.0,0.0,0.0,0.0,0.0,0.0,0.0,0.0,0.0,0.0,0.0,0.0,0.0,0.0,0.0,0.0,0.0,139.7,2.6,0.26,16.5,1053.4,0.06,139.9,47.9,187.8,363.1,6.8,0.68,42.9,2740.0,0.16,363.5,124.6,488.1,24.4,0.0,0.0,24.4,25.18,0.0,0.0,25.18,0.0,0.0,0.0,1624.9,1624.9,0.0,0.0,0.0,0.0,0.0,68.2,0.0,0.0,0.0,0.0,0.0,0.0,0.0,1546.9,9.8,0.0
2050-05-14 08:00:00,2050-05-14 06:00:00,1229.5,613.6,0.0,0.0,1843.0,1192.8,0.0,0.0,0.0,0.0298,0.0322,upv,upv,0.0,0.0,0.0,0.0,0.0,0.0,0.0,0.0,0.0,0.0,0.0,0.0,0.0,0.0,0.0,0.0,0.0,0.0,139.6,2.6,0.26,16.5,1052.7,0.06,139.8,47.9,187.7,0.0,0.0,0.0,0.0,0.0,0.0,0.0,0.0,0.0,0.0,0.0,0.0,0.0,0.0,0.0,0.0,0.0,12.0,5511.2,5523.2,1843.0,1843.0,0.0,0.0,0.0,0.0,0.0,310.4,0.0,0.0,0.0,0.0,0.0,0.0,0.0,1532.7,0.0,0.0
2050-05-14 09:00:00,2050-05-14 07:00:00,1325.3,2426.2,0.0,0.0,3751.5,1285.4,0.0,0.0,0.0,0.0301,0.0347,upv,upv,0.0,0.0,0.0,0.0,0.0,0.0,0.0,0.0,0.0,0.0,0.0,0.0,0.0,0.0,0.0,0.0,0.0,0.0,139.7,2.6,0.26,16.5,1053.0,0.06,139.8,47.9,187.7,0.0,0.0,0.0,0.0,0.0,0.0,0.0,0.0,0.0,0.0,0.0,0.0,0.0,0.0,0.0,0.0,0.0,10.9,6470.1,6481.0,3751.5,3751.5,0.0,0.0,0.0,0.0,0.0,431.3,0.0,0.0,0.0,0.0,0.0,0.0,0.0,3320.2,0.0,0.0
2050-05-14 10:00:00,2050-05-14 08:00:00,1471.6,3435.1,0.0,0.0,4906.7,1426.4,0.0,0.0,0.0,0.0307,0.0385,upv,upv,0.0,0.0,0.0,0.0,0.0,0.0,0.0,0.0,0.0,0.0,0.0,0.0,0.0,0.0,0.0,0.0,0.0,0.0,139.8,2.6,0.26,16.5,1053.7,0.06,139.9,47.9,187.9,0.0,0.0,0.0,0.0,0.0,0.0,0.0,0.0,0.0,0.0,0.0,0.0,0.0,0.0,0.0,0.0,0.0,8.7,5402.9,5411.5,4906.7,4906.7,0.0,0.0,0.0,0.0,0.0,417.2,0.0,0.0,0.0,0.0,0.0,0.0,0.0,4489.5,0.0,0.0
2050-05-14 11:00:00,2050-05-14 09:00:00,1638.9,3435.1,0.0,0.0,5074.0,1587.0,-0.0,0.0,0.0,0.0317,0.0429,upv,upv,0.0,0.0,0.0,0.0,0.0,0.0,0.0,0.0,0.0,0.0,0.0,0.0,0.0,0.0,0.0,0.0,0.0,0.0,139.9,2.6,0.26,16.5,1054.8,0.06,140.1,48.0,188.1,0.0,0.0,0.0,0.0,0.0,0.0,0.0,0.0,0.0,0.0,0.0,0.0,0.0,0.0,0.0,0.0,0.0,6.0,5235.5,5241.4,5074.0,5074.0,0.0,0.0,0.0,0.0,0.0,435.2,0.0,0.0,0.0,0.0,0.0,0.0,0.0,4638.8,0.0,0.0
2050-05-14 12:00:00,2050-05-14 10:00:00,1861.1,3600.8,0.0,0.0,5461.9,1798.9,-0.0,0.0,0.0,0.0334,0.0487,upv,upv,0.0,0.0,0.0,0.0,0.0,0.0,0.0,0.0,0.0,0.0,0.0,0.0,0.0,0.0,0.0,0.0,0.0,0.0,140.2,2.6,0.27,16.6,1056.7,0.06,140.3,48.1,188.4,0.0,0.0,0.0,0.0,0.0,0.0,0.0,0.0,0.0,0.0,0.0,0.0,0.0,0.0,0.0,0.0,0.0,0.9,4847.6,4848.5,5461.9,5461.9,0.0,0.0,0.0,0.0,0.0,435.2,0.0,0.0,0.0,0.0,0.0,0.0,0.0,5026.7,0.0,0.0
2050-05-14 13:00:00,2050-05-14 11:00:00,2044.2,2626.7,0.0,0.0,4670.9,1972.7,0.0,0.0,0.0,0.035,0.0535,upv,upv,0.0,0.0,0.0,0.0,0.0,0.0,0.0,0.0,0.0,0.0,0.0,0.0,0.0,0.0,0.0,0.0,0.0,0.0,140.4,2.6,0.27,16.6,1058.4,0.06,140.5,48.1,188.7,0.0,0.0,0.0,0.0,0.0,0.0,0.0,0.0,0.0,0.0,0.0,0.0,0.0,0.0,0.0,0.0,0.0,0.3,5638.6,5638.9,4670.9,4670.9,0.0,0.0,0.0,0.0,0.0,435.2,0.0,0.0,0.0,0.0,0.0,0.0,0.0,4235.7,0.0,0.0
2050-05-14 14:00:00,2050-05-14 12:00:00,2242.1,2790.4,0.0,0.0,5032.5,2159.5,0.0,0.0,0.0,0.0368,0.0586,upv,upv,0.0,0.0,0.0,0.0,0.0,0.0,0.0,0.0,0.0,0.0,0.0,0.0,0.0,0.0,0.0,0.0,0.0,0.0,140.7,2.7,0.27,16.6,1060.4,0.06,140.8,48.2,189.1,0.0,0.0,0.0,0.0,0.0,0.0,0.0,0.0,0.0,0.0,0.0,0.0,0.0,0.0,0.0,0.0,0.0,3.1,5277.0,5280.1,5032.5,5032.5,0.0,0.0,0.0,0.0,0.0,0.0,0.0,0.0,0.0,0.0,0.0,0.0,0.0,5032.5,0.0,0.0
2050-05-14 15:00:00,2050-05-14 13:00:00,2425.3,3600.8,0.0,0.0,6026.1,2331.5,0.0,0.0,0.0,0.0387,0.0634,upv,upv,0.0,0.0,0.0,0.0,0.0,0.0,0.0,0.0,0.0,0.0,0.0,0.0,0.0,0.0,0.0,0.0,0.0,0.0,140.9,2.7,0.27,16.7,1062.5,0.06,141.1,48.3,189.4,0.0,0.0,0.0,0.0,0.0,0.0,0.0,0.0,0.0,0.0,0.0,0.0,0.0,0.0,0.0,0.0,0.0,0.0,4293.8,4293.8,6026.1,6026.1,0.0,0.0,0.0,0.0,0.0,435.2,0.0,0.0,0.0,0.0,0.0,0.0,0.0,5580.5,10.4,0.0
2050-05-14 16:00:00,2050-05-14 14:00:00,2567.4,2755.7,0.0,0.0,5323.0,2464.3,-0.0,0.0,0.0,0.0401,0.0671,upv,upv,0.0,0.0,0.0,0.0,0.0,0.0,0.0,0.0,0.0,0.0,0.0,0.0,0.0,0.0,0.0,0.0,0.0,0.0,141.1,2.7,0.27,16.7,1064.1,0.06,141.3,48.4,189.7,0.0,0.0,0.0,0.0,0.0,0.0,0.0,0.0,0.0,0.0,0.0,0.0,0.0,0.0,0.0,0.0,0.0,24.0,4986.5,5010.6,5323.0,5323.0,0.0,0.0,0.0,0.0,0.0,435.2,0.0,0.0,0.0,0.0,0.0,0.0,0.0,4887.8,0.0,0.0
2050-05-14 17:00:00,2050-05-14 15:00:00,2711.6,2845.7,0.0,0.0,5557.3,2598.6,0.0,0.0,0.0,0.0417,0.0709,upv,upv,0.0,0.0,0.0,0.0,0.0,0.0,0.0,0.0,0.0,0.0,0.0,0.0,0.0,0.0,0.0,0.0,0.0,0.0,141.4,2.7,0.27,16.7,1065.8,0.06,141.5,48.5,190.0,0.0,0.0,0.0,0.0,0.0,0.0,0.0,0.0,0.0,0.0,0.0,0.0,0.0,0.0,0.0,0.0,0.0,40.4,4752.2,4792.6,5557.3,5557.3,0.0,0.0,0.0,0.0,0.0,435.2,0.0,0.0,0.0,0.0,0.0,0.0,0.0,5122.1,0.0,0.0
2050-05-14 18:00:00,2050-05-14 16:00:00,2850.5,3012.5,0.0,0.0,5863.0,2727.4,0.0,0.0,0.0,0.0432,0.0745,upv,upv,0.0,0.0,0.0,0.0,0.0,0.0,0.0,0.0,0.0,0.0,0.0,0.0,0.0,0.0,0.0,0.0,0.0,0.0,142.3,2.7,0.27,16.8,1072.9,0.06,142.5,48.8,191.3,0.0,0.0,0.0,0.0,0.0,0.0,0.0,0.0,0.0,0.0,0.0,0.0,0.0,0.0,0.0,0.0,0.0,0.0,4005.6,4005.6,5863.0,5863.0,0.0,0.0,0.0,0.0,0.0,413.6,0.0,0.0,0.0,0.0,0.0,0.0,0.0,5377.6,71.9,0.0
2050-05-14 19:00:00,2050-05-14 17:00:00,2905.3,23.8,0.0,28.9,2957.9,2778.0,-2816.0,0.0,2816.0,0.0438,0.076,upv,upv,0.0,0.0,0.0,0.0,0.0,0.0,0.0,0.0,0.0,0.0,0.0,0.0,0.0,0.0,0.0,0.0,0.0,0.0,141.9,2.7,0.27,16.8,1070.0,0.06,142.1,48.7,190.8,0.0,0.0,0.0,0.0,0.0,0.0,0.0,0.0,0.0,0.0,0.0,0.0,0.0,0.0,0.0,0.0,0.0,0.0,59.8,59.8,5773.9,5773.9,0.0,0.0,0.0,0.0,0.0,241.8,0.0,0.0,0.0,0.0,0.0,0.0,0.0,5426.6,105.5,0.0
2050-05-14 20:00:00,2050-05-14 18:00:00,2900.0,0.0,0.0,15.9,2915.9,2773.2,2332.7,0.0,1590.7,0.0437,0.0758,battery,gas-cc,86.3,1.6,0.16,10.2,651.0,0.04,86.4,29.6,116.0,90.2,1.7,0.17,10.7,680.7,0.04,90.3,31.0,121.3,142.6,2.7,0.27,16.9,1075.4,0.06,142.8,48.9,191.7,471.5,8.9,0.89,55.7,3558.3,0.2,472.0,161.8,633.8,38.59,0.0,0.0,38.59,41.76,0.0,0.0,41.76,0.0,0.0,0.0,4506.6,583.2,2850.6,0.0,0.0,0.0,0.0,17.8,1072.7,0.0,0.0,0.0,0.0,0.0,0.0,404.9,160.5,0.0
2050-05-14 21:00:00,2050-05-14 19:00:00,2825.3,0.0,0.0,21.1,2846.3,2704.0,2665.0,0.0,2310.8,0.0429,0.0739,battery,gas-cc,75.4,1.4,0.14,8.9,568.9,0.03,75.5,25.9,101.3,78.8,1.5,0.15,9.3,594.4,0.03,78.8,27.0,105.9,142.9,2.7,0.27,16.9,1077.3,0.06,143.1,49.0,192.1,470.5,8.9,0.89,55.6,3550.8,0.2,471.0,161.5,632.5,38.59,0.0,0.0,38.59,41.67,0.0,0.0,41.67,0.0,0.0,0.0,5157.1,181.3,3903.1,0.0,0.0,0.0,0.0,0.0,1072.7,0.0,0.0,0.0,0.0,0.0,0.0,0.0,181.3,0.0
2050-05-14 22:00:00,2050-05-14 20:00:00,2718.9,0.0,0.0,12.6,2731.5,2605.4,2550.4,0.0,1762.6,0.0418,0.0711,battery,gas-cc,86.5,1.6,0.16,10.2,652.8,0.04,86.6,29.7,116.3,90.3,1.7,0.17,10.7,681.2,0.04,90.4,31.0,121.3,142.7,2.7,0.27,16.9,1075.6,0.06,142.8,48.9,191.8,469.1,8.8,0.88,55.4,3540.1,0.2,469.6,161.0,630.6,38.59,0.0,0.0,38.59,41.55,0.0,0.0,41.55,0.0,0.0,0.0,4494.2,181.1,3240.3,0.0,0.0,0.0,0.0,0.0,1072.7,0.0,0.0,0.0,0.0,0.0,0.0,0.0,181.1,0.0
2050-05-14 23:00:00,2050-05-14 21:00:00,2482.1,0.0,0.0,11.5,2493.6,2384.7,2365.2,0.0,1475.9,0.0392,0.0649,battery,gas-cc,97.9,1.8,0.18,11.6,739.0,0.04,98.0,33.6,131.6,101.9,1.9,0.19,12.0,769.2,0.04,102.0,35.0,137.0,142.2,2.7,0.27,16.8,1072.0,0.06,142.3,48.8,191.1,426.3,8.0,0.8,50.4,3217.0,0.18,426.8,146.3,573.0,38.59,0.0,0.0,38.59,41.27,0.0,0.0,41.27,0.0,0.0,0.0,3969.5,128.4,2768.4,0.0,0.0,0.0,0.0,0.0,1072.7,0.0,0.0,0.0,0.0,0.0,0.0,0.0,128.4,0.0
2050-05-15 00:00:00,2050-05-14 22:00:00,2229.5,0.0,0.0,19.6,2249.1,2147.6,2155.2,0.0,2219.3,0.0367,0.0583,battery,gas-cc,87.0,1.6,0.16,10.3,656.5,0.04,87.1,29.9,116.9,90.3,1.7,0.17,10.7,681.6,0.04,90.4,31.0,121.4,142.0,2.7,0.27,16.8,1070.3,0.06,142.1,48.7,190.8,462.8,8.7,0.87,54.7,3492.0,0.2,463.3,158.8,622.0,38.84,0.0,0.0,38.84,41.24,0.0,0.0,41.24,0.0,0.0,0.0,4468.4,93.9,3301.7,0.0,0.0,0.0,0.0,0.0,1072.7,0.0,0.0,0.0,0.0,0.0,0.0,0.0,93.9,0.0
2050-05-15 01:00:00,2050-05-14 23:00:00,1980.0,0.0,0.0,21.1,2001.1,1911.9,1912.0,0.0,2312.3,0.0344,0.0518,battery,gas-cc,90.1,1.7,0.17,10.6,680.1,0.04,90.2,30.9,121.2,93.3,1.8,0.18,11.0,704.4,0.04,93.4,32.0,125.5,141.7,2.7,0.27,16.7,1068.0,0.06,141.8,48.6,190.4,415.1,7.8,0.78,49.0,3132.6,0.18,415.6,142.4,558.0,38.84,0.0,0.0,38.84,40.96,0.0,0.0,40.96,0.0,0.0,0.0,4313.4,89.1,3151.6,0.0,0.0,0.0,0.0,0.0,1072.7,0.0,0.0,0.0,0.0,0.0,0.0,0.0,89.1,0.0
2050-05-15 02:00:00,2050-05-15 00:00:00,1729.5,0.0,0.0,11.7,1741.2,1673.5,1649.1,0.0,1708.6,0.0324,0.0452,battery,gas-ct,112.7,2.1,0.21,13.3,850.4,0.05,112.8,38.7,151.5,116.5,2.2,0.22,13.8,878.8,0.05,116.6,40.0,156.5,141.4,2.7,0.27,16.7,1066.0,0.06,141.5,48.5,190.0,570.5,10.8,1.08,67.4,4305.4,0.25,571.2,195.8,766.9,38.84,0.0,0.0,38.84,40.67,0.0,0.0,40.67,0.0,0.0,0.0,3449.8,92.1,2285.0,0.0,0.0,0.0,0.0,0.0,1072.7,0.0,0.0,0.0,0.0,0.0,0.0,0.0,92.1,0.0
2050-05-15 03:00:00,2050-05-15 01:00:00,1587.4,0.0,0.0,10.8,1598.2,1537.6,1513.5,0.0,1353.6,0.0314,0.0415,battery,gas-cc,131.7,2.5,0.25,15.6,993.8,0.06,131.8,45.2,177.0,136.0,2.6,0.26,16.1,1026.0,0.06,136.1,46.7,182.8,141.2,2.7,0.27,16.7,1064.5,0.06,141.4,48.4,189.8,454.6,8.6,0.86,53.7,3430.8,0.2,455.1,156.0,611.1,38.84,0.0,0.0,38.84,40.52,0.0,0.0,40.52,0.0,0.0,0.0,2951.8,84.7,1794.4,0.0,0.0,0.0,0.0,0.0,1072.7,0.0,0.0,0.0,0.0,0.0,0.0,0.0,84.7,0.0
2050-05-15 04:00:00,2050-05-15 02:00:00,1492.6,0.0,0.0,9.5,1502.1,1446.6,1431.1,0.0,803.7,0.0308,0.039,battery,gas-ct,168.6,3.2,0.32,19.9,1272.3,0.07,168.8,57.9,226.6,174.0,3.3,0.33,20.6,1312.7,0.08,174.1,59.7,233.8,141.1,2.7,0.27,16.7,1063.7,0.06,141.2,48.4,189.6,566.9,10.7,1.07,67.0,4277.6,0.25,567.5,194.5,762.0,38.84,0.0,0.0,38.84,40.41,0.0,0.0,40.41,0.0,0.0,0.0,2305.8,71.0,1162.1,0.0,0.0,0.0,0.0,0.0,1072.7,0.0,0.0,0.0,0.0,0.0,0.0,0.0,71.0,0.0
2050-05-15 05:00:00,2050-05-15 03:00:00,1404.2,0.0,0.0,3.8,1408.0,1361.6,1365.7,0.0,584.7,0.0304,0.0367,battery,gas-cc,195.1,3.7,0.37,23.0,1472.2,0.08,195.3,66.9,262.2,201.2,3.8,0.38,23.8,1518.3,0.09,201.4,69.0,270.5,159.7,3.0,0.3,18.9,1204.0,0.07,159.9,54.8,214.6,397.7,7.5,0.75,47.0,3001.1,0.17,398.1,136.5,534.6,38.84,0.0,0.0,38.84,40.32,0.0,0.0,40.32,0.0,0.0,0.0,1992.7,42.3,877.7,0.0,0.0,0.0,0.0,0.0,1072.7,0.0,0.0,0.0,0.0,0.0,0.0,0.0,42.3,0.0
2050-05-15 06:00:00,2050-05-15 04:00:00,1371.6,0.0,0.0,5.7,1377.2,1330.1,1359.3,0.0,870.0,0.0302,0.0359,gas-cc,gas-cc,173.0,3.3,0.33,20.4,1305.4,0.07,173.2,59.4,232.5,178.4,3.4,0.34,21.1,1346.1,0.08,178.6,61.2,239.8,140.9,2.7,0.27,16.6,1062.4,0.06,141.1,48.3,189.4,364.9,6.9,0.69,43.1,2753.4,0.16,365.3,125.2,490.5,38.84,0.0,0.0,38.84,40.28,0.0,0.0,40.28,0.0,0.0,0.0,2247.3,17.9,1156.6,0.0,0.0,0.0,0.0,0.0,1072.7,0.0,0.0,0.0,0.0,0.0,0.0,0.0,17.9,0.0
2050-05-15 07:00:00,2050-05-15 05:00:00,1386.3,0.0,0.0,1.3,1387.6,1344.3,-194.3,0.0,194.3,0.0303,0.0363,phs,gas-cc,0.0,0.0,0.0,0.0,0.0,0.0,0.0,0.0,0.0,0.0,0.0,0.0,0.0,0.0,0.0,0.0,0.0,0.0,139.7,2.6,0.26,16.5,1053.3,0.06,139.9,47.9,187.8,403.4,7.6,0.76,47.7,3043.9,0.17,403.8,138.4,542.2,27.16,0.0,0.0,27.16,28.18,0.0,0.0,28.18,0.0,0.0,0.0,1581.9,1581.9,0.0,0.0,0.0,0.0,0.0,66.2,0.0,0.0,0.0,0.0,0.0,0.0,0.0,1503.3,12.4,0.0
2050-05-15 08:00:00,2050-05-15 06:00:00,1487.4,3131.2,0.0,0.0,4618.6,1441.6,-0.0,0.0,0.0,0.0308,0.0389,upv,upv,0.0,0.0,0.0,0.0,0.0,0.0,0.0,0.0,0.0,0.0,0.0,0.0,0.0,0.0,0.0,0.0,0.0,0.0,139.8,2.6,0.26,16.5,1053.8,0.06,139.9,47.9,187.9,0.0,0.0,0.0,0.0,0.0,0.0,0.0,0.0,0.0,0.0,0.0,0.0,0.0,0.0,0.0,0.0,0.0,10.0,2567.0,2577.0,4618.6,4618.6,0.0,0.0,0.0,0.0,0.0,303.3,0.0,0.0,0.0,0.0,0.0,0.0,0.0,4315.3,0.0,0.0
2050-05-15 09:00:00,2050-05-15 07:00:00,1708.4,4019.6,0.0,0.0,5728.0,1653.4,0.0,0.0,0.0,0.0322,0.0447,upv,upv,0.0,0.0,0.0,0.0,0.0,0.0,0.0,0.0,0.0,0.0,0.0,0.0,0.0,0.0,0.0,0.0,0.0,0.0,140.0,2.6,0.26,16.5,1055.4,0.06,140.1,48.0,188.1,0.0,0.0,0.0,0.0,0.0,0.0,0.0,0.0,0.0,0.0,0.0,0.0,0.0,0.0,0.0,0.0,0.0,4.3,4520.9,4525.2,5728.0,5728.0,0.0,0.0,0.0,0.0,0.0,432.7,0.0,0.0,0.0,0.0,0.0,0.0,0.0,5295.3,0.0,0.0
2050-05-15 10:00:00,2050-05-15 08:00:00,1951.6,2655.8,0.0,0.0,4607.4,1884.9,0.0,0.0,0.0,0.0342,0.051,upv,upv,0.0,0.0,0.0,0.0,0.0,0.0,0.0,0.0,0.0,0.0,0.0,0.0,0.0,0.0,0.0,0.0,0.0,0.0,140.3,2.6,0.27,16.6,1057.5,0.06,140.4,48.1,188.5,0.0,0.0,0.0,0.0,0.0,0.0,0.0,0.0,0.0,0.0,0.0,0.0,0.0,0.0,0.0,0.0,0.0,6.6,5702.2,5708.8,4607.4,4607.4,0.0,0.0,0.0,0.0,0.0,435.2,0.0,0.0,0.0,0.0,0.0,0.0,0.0,4172.2,0.0,0.0
2050-05-15 11:00:00,2050-05-15 09:00:00,2124.2,3990.5,0.0,0.0,6114.7,2048.3,0.0,0.0,0.0,0.0357,0.0556,upv,upv,0.0,0.0,0.0,0.0,0.0,0.0,0.0,0.0,0.0,0.0,0.0,0.0,0.0,0.0,0.0,0.0,0.0,0.0,140.5,2.7,0.27,16.6,1059.2,0.06,140.7,48.2,188.8,0.0,0.0,0.0,0.0,0.0,0.0,0.0,0.0,0.0,0.0,0.0,0.0,0.0,0.0,0.0,0.0,0.0,8.7,4194.8,4203.5,6114.7,6114.7,0.0,0.0,0.0,0.0,0.0,435.2,0.0,0.0,0.0,0.0,0.0,0.0,0.0,5679.5,0.0,0.0
2050-05-15 12:00:00,2050-05-15 10:00:00,2247.4,2431.9,0.0,0.0,4679.3,2164.5,0.0,0.0,0.0,0.0369,0.0588,upv,upv,0.0,0.0,0.0,0.0,0.0,0.0,0.0,0.0,0.0,0.0,0.0,0.0,0.0,0.0,0.0,0.0,0.0,0.0,140.7,2.7,0.27,16.6,1060.5,0.06,140.8,48.2,189.1,0.0,0.0,0.0,0.0,0.0,0.0,0.0,0.0,0.0,0.0,0.0,0.0,0.0,0.0,0.0,0.0,0.0,4.7,5630.3,5634.9,4679.3,4679.3,0.0,0.0,0.0,0.0,0.0,435.2,0.0,0.0,0.0,0.0,0.0,0.0,0.0,4244.0,0.0,0.0
2050-05-15 13:00:00,2050-05-15 11:00:00,2327.4,3891.7,0.0,0.0,6219.0,2239.7,0.0,0.0,0.0,0.0377,0.0609,upv,upv,0.0,0.0,0.0,0.0,0.0,0.0,0.0,0.0,0.0,0.0,0.0,0.0,0.0,0.0,0.0,0.0,0.0,0.0,140.8,2.7,0.27,16.6,1061.4,0.06,140.9,48.3,189.2,0.0,0.0,0.0,0.0,0.0,0.0,0.0,0.0,0.0,0.0,0.0,0.0,0.0,0.0,0.0,0.0,0.0,7.6,4090.5,4098.1,6219.0,6219.0,0.0,0.0,0.0,0.0,0.0,435.2,0.0,0.0,0.0,0.0,0.0,0.0,0.0,5783.8,0.0,0.0
2050-05-15 14:00:00,2050-05-15 12:00:00,2432.6,2461.0,0.0,0.0,4893.6,2338.4,0.0,0.0,0.0,0.0387,0.0636,upv,upv,0.0,0.0,0.0,0.0,0.0,0.0,0.0,0.0,0.0,0.0,0.0,0.0,0.0,0.0,0.0,0.0,0.0,0.0,140.9,2.7,0.27,16.7,1062.5,0.06,141.1,48.3,189.4,0.0,0.0,0.0,0.0,0.0,0.0,0.0,0.0,0.0,0.0,0.0,0.0,0.0,0.0,0.0,0.0,0.0,11.8,5415.9,5427.8,4893.6,4893.6,0.0,0.0,0.0,0.0,0.0,435.2,0.0,0.0,0.0,0.0,0.0,0.0,0.0,4458.4,0.0,0.0
2050-05-15 15:00:00,2050-05-15 13:00:00,2569.5,3136.5,0.0,0.0,5706.0,2466.3,-0.0,0.0,0.0,0.0402,0.0672,upv,upv,0.0,0.0,0.0,0.0,0.0,0.0,0.0,0.0,0.0,0.0,0.0,0.0,0.0,0.0,0.0,0.0,0.0,0.0,141.1,2.7,0.27,16.7,1064.1,0.06,141.3,48.4,189.7,0.0,0.0,0.0,0.0,0.0,0.0,0.0,0.0,0.0,0.0,0.0,0.0,0.0,0.0,0.0,0.0,0.0,0.0,4619.5,4619.5,5706.0,5706.0,0.0,0.0,0.0,0.0,0.0,435.2,0.0,0.0,0.0,0.0,0.0,0.0,0.0,5254.8,16.0,0.0
2050-05-15 16:00:00,2050-05-15 14:00:00,2642.1,2337.9,0.0,0.0,4980.0,2534.0,-0.0,0.0,0.0,0.0409,0.0691,upv,upv,0.0,0.0,0.0,0.0,0.0,0.0,0.0,0.0,0.0,0.0,0.0,0.0,0.0,0.0,0.0,0.0,0.0,0.0,141.3,2.7,0.27,16.7,1065.0,0.06,141.4,48.4,189.9,0.0,0.0,0.0,0.0,0.0,0.0,0.0,0.0,0.0,0.0,0.0,0.0,0.0,0.0,0.0,0.0,0.0,0.0,5346.3,5346.3,4980.0,4980.0,0.0,0.0,0.0,0.0,0.0,435.2,0.0,0.0,0.0,0.0,0.0,0.0,0.0,4528.0,16.7,0.0
2050-05-15 17:00:00,2050-05-15 15:00:00,2798.9,3016.4,0.0,0.0,5815.3,2679.7,-0.0,0.0,0.0,0.0426,0.0732,upv,upv,0.0,0.0,0.0,0.0,0.0,0.0,0.0,0.0,0.0,0.0,0.0,0.0,0.0,0.0,0.0,0.0,0.0,0.0,141.5,2.7,0.27,16.7,1066.9,0.06,141.7,48.5,190.2,0.0,0.0,0.0,0.0,0.0,0.0,0.0,0.0,0.0,0.0,0.0,0.0,0.0,0.0,0.0,0.0,0.0,0.0,4511.1,4511.1,5815.3,5815.3,0.0,0.0,0.0,0.0,0.0,435.2,0.0,0.0,0.0,0.0,0.0,0.0,0.0,5363.2,16.9,0.0
2050-05-15 18:00:00,2050-05-15 16:00:00,2966.3,94.0,0.0,0.0,3060.3,2834.4,0.0,0.0,0.0,0.0445,0.0776,upv,upv,0.0,0.0,0.0,0.0,0.0,0.0,0.0,0.0,0.0,0.0,0.0,0.0,0.0,0.0,0.0,0.0,0.0,0.0,141.8,2.7,0.27,16.8,1068.9,0.06,141.9,48.6,190.6,0.0,0.0,0.0,0.0,0.0,0.0,0.0,0.0,0.0,0.0,0.0,0.0,0.0,0.0,0.0,0.0,0.0,0.0,6840.4,6840.4,3060.3,3060.3,0.0,0.0,0.0,0.0,0.0,417.2,0.0,0.0,0.0,0.0,0.0,0.0,0.0,2626.7,16.4,0.0
2050-05-15 19:00:00,2050-05-15 17:00:00,3095.8,0.0,0.0,27.7,3123.5,2953.6,-2739.8,0.0,2739.8,0.0459,0.081,geothermal,geothermal,0.0,0.0,0.0,0.0,0.0,0.0,0.0,0.0,0.0,0.0,0.0,0.0,0.0,0.0,0.0,0.0,0.0,0.0,142.1,2.7,0.27,16.8,1071.4,0.06,142.3,48.7,191.0,0.0,0.0,0.0,0.0,0.0,0.0,0.0,0.0,0.0,4.53,0.0,0.0,4.53,4.93,0.0,0.0,4.93,0.0,0.0,0.0,5863.3,5863.3,0.0,0.0,0.0,0.0,0.0,246.7,0.0,0.0,0.0,0.0,0.0,0.0,0.0,5599.5,17.1,0.0
2050-05-15 20:00:00,2050-05-15 18:00:00,3144.2,0.0,0.0,23.0,3167.2,2998.1,2658.4,0.0,2433.9,0.0465,0.0822,battery,gas-cc,69.4,1.3,0.13,8.2,523.8,0.03,69.5,23.8,93.3,72.8,1.4,0.14,8.6,549.3,0.03,72.9,25.0,97.8,149.0,2.8,0.28,17.6,1123.2,0.06,149.1,51.1,200.2,417.4,7.9,0.79,49.3,3149.9,0.18,417.9,143.2,561.1,37.22,0.0,0.0,37.22,40.56,0.0,0.0,40.56,0.0,0.0,0.0,5601.1,508.8,4019.6,0.0,0.0,0.0,0.0,20.0,1072.7,0.0,0.0,0.0,0.0,0.0,0.0,454.0,34.8,0.0
2050-05-15 21:00:00,2050-05-15 19:00:00,3062.1,0.0,0.0,17.9,3080.0,2922.6,2988.0,0.0,2104.3,0.0455,0.0801,gas-cc,gas-cc,75.0,1.4,0.14,8.9,565.9,0.03,75.1,25.7,100.8,78.6,1.5,0.15,9.3,592.9,0.03,78.7,27.0,105.6,143.3,2.7,0.27,16.9,1080.5,0.06,143.5,49.1,192.6,416.4,7.8,0.78,49.2,3142.5,0.18,416.9,142.9,559.8,65.91,0.0,0.0,65.91,71.64,0.0,0.0,71.64,0.0,0.0,0.0,5184.2,91.9,4019.6,0.0,0.0,0.0,0.0,0.0,1072.7,0.0,0.0,0.0,0.0,0.0,0.0,0.0,91.9,0.0
2050-05-15 22:00:00,2050-05-15 20:00:00,2863.2,0.0,0.0,20.5,2883.7,2739.1,2817.8,0.0,2274.6,0.0433,0.0749,gas-cc,gas-cc,75.4,1.4,0.14,8.9,568.7,0.03,75.4,25.9,101.3,78.8,1.5,0.15,9.3,594.5,0.03,78.9,27.0,105.9,143.0,2.7,0.27,16.9,1077.8,0.06,143.1,49.0,192.1,414.1,7.8,0.78,48.9,3124.9,0.18,414.5,142.1,556.6,37.22,0.0,0.0,37.22,40.23,0.0,0.0,40.23,0.0,0.0,0.0,5158.2,65.9,4019.6,0.0,0.0,0.0,0.0,0.0,1072.7,0.0,0.0,0.0,0.0,0.0,0.0,0.0,65.9,0.0
2050-05-15 23:00:00,2050-05-15 21:00:00,2580.0,0.0,0.0,25.5,2605.5,2476.1,2496.0,0.0,2596.3,0.0403,0.0675,battery,gas-cc,74.7,1.4,0.14,8.8,564.0,0.03,74.8,25.6,100.5,77.9,1.5,0.15,9.2,587.6,0.03,78.0,26.7,104.7,142.5,2.7,0.27,16.8,1074.2,0.06,142.6,48.9,191.5,410.8,7.7,0.77,48.5,3100.0,0.18,411.3,141.0,552.2,37.22,0.0,0.0,37.22,39.91,0.0,0.0,39.91,0.0,0.0,0.0,5201.8,109.5,4019.6,0.0,0.0,0.0,0.0,0.0,1072.7,0.0,0.0,0.0,0.0,0.0,0.0,0.0,109.5,0.0
2050-05-16 00:00:00,2050-05-15 22:00:00,2283.2,0.0,0.0,10.5,2293.6,2198.1,2060.7,0.0,1612.7,0.0372,0.0597,gas-cc,gas-cc,99.5,1.9,0.19,11.8,751.0,0.04,99.6,34.1,133.8,103.4,1.9,0.19,12.2,780.1,0.04,103.5,35.5,139.0,147.0,2.8,0.28,17.4,1106.8,0.06,147.1,50.4,197.5,374.1,7.1,0.71,44.2,2823.2,0.16,374.5,128.4,502.9,40.55,0.0,0.0,40.55,43.12,0.0,0.0,43.12,0.0,0.0,0.0,3906.3,232.9,2600.6,0.0,0.0,0.0,0.0,0.0,1072.7,0.0,0.0,0.0,0.0,0.0,0.0,0.0,232.9,0.0
2050-05-16 01:00:00,2050-05-15 23:00:00,2007.4,0.0,0.0,12.2,2019.6,1937.8,1765.6,0.0,1739.1,0.0346,0.0525,battery,gas-cc,103.4,1.9,0.19,12.2,780.5,0.04,103.5,35.5,139.0,107.1,2.0,0.2,12.7,808.5,0.05,107.3,36.8,144.0,142.7,2.7,0.27,16.9,1072.8,0.06,142.8,48.9,191.7,459.9,8.7,0.87,54.3,3470.6,0.2,460.4,157.8,618.2,38.86,0.0,0.0,38.86,41.02,0.0,0.0,41.02,0.0,0.0,0.0,3758.6,254.0,2431.9,0.0,0.0,0.0,0.0,0.0,1072.7,0.0,0.0,0.0,0.0,0.0,0.0,0.0,254.0,0.0
2050-05-16 02:00:00,2050-05-16 00:00:00,1770.5,0.0,0.0,10.7,1781.2,1712.7,1505.5,0.0,1640.0,0.0327,0.0463,battery,gas-cc,113.6,2.1,0.21,13.4,857.5,0.05,113.8,39.0,152.7,117.5,2.2,0.22,13.9,886.5,0.05,117.6,40.3,157.9,141.3,2.7,0.27,16.7,1065.2,0.06,141.4,48.5,189.9,427.9,8.1,0.81,50.6,3229.2,0.19,428.4,146.8,575.2,37.47,0.0,0.0,37.47,39.29,0.0,0.0,39.29,0.0,0.0,0.0,3421.2,275.7,2072.7,0.0,0.0,0.0,0.0,0.0,1072.7,0.0,0.0,0.0,0.0,0.0,0.0,0.0,275.7,0.0
2050-05-16 03:00:00,2050-05-16 01:00:00,1605.3,0.0,0.0,4.8,1610.0,1554.7,1337.4,0.0,734.5,0.0315,0.042,battery,gas-cc,165.8,3.1,0.31,19.6,1251.2,0.07,166.0,56.9,222.9,171.2,3.2,0.32,20.2,1291.9,0.07,171.4,58.7,230.1,141.1,2.7,0.27,16.7,1063.5,0.06,141.2,48.4,189.6,367.2,6.9,0.69,43.4,2771.0,0.16,367.6,126.0,493.6,37.47,0.0,0.0,37.47,39.11,0.0,0.0,39.11,0.0,0.0,0.0,2344.6,272.6,999.3,0.0,0.0,0.0,0.0,0.0,1072.7,0.0,0.0,0.0,0.0,0.0,0.0,0.0,272.6,0.0
2050-05-16 04:00:00,2050-05-16 02:00:00,1484.2,0.0,0.0,3.5,1487.7,1438.5,1212.9,0.0,538.3,0.0308,0.0388,gas-cc,gas-cc,191.9,3.6,0.36,22.7,1448.0,0.08,192.1,65.8,257.9,198.0,3.7,0.37,23.4,1494.0,0.09,198.2,67.9,266.1,140.9,2.7,0.27,16.7,1062.4,0.06,141.1,48.3,189.4,366.0,6.9,0.69,43.2,2761.9,0.16,366.4,125.6,492.0,37.47,0.0,0.0,37.47,38.98,0.0,0.0,38.98,0.0,0.0,0.0,2026.0,274.8,678.5,0.0,0.0,0.0,0.0,0.0,1072.7,0.0,0.0,0.0,0.0,0.0,0.0,0.0,274.8,0.0
2050-05-16 05:00:00,2050-05-16 03:00:00,1443.2,0.0,0.0,4.1,1447.3,1399.1,1172.1,0.0,635.1,0.0306,0.0377,gas-cc,gas-cc,186.7,3.5,0.35,22.1,1408.8,0.08,186.9,64.1,251.0,192.6,3.6,0.36,22.7,1453.2,0.08,192.8,66.1,258.9,140.7,2.7,0.27,16.6,1061.0,0.06,140.9,48.3,189.2,365.6,6.9,0.69,43.2,2758.8,0.16,366.0,125.4,491.4,37.47,0.0,0.0,37.47,38.94,0.0,0.0,38.94,0.0,0.0,0.0,2082.4,275.2,734.4,0.0,0.0,0.0,0.0,0.0,1072.7,0.0,0.0,0.0,0.0,0.0,0.0,0.0,275.2,0.0
2050-05-16 06:00:00,2050-05-16 04:00:00,1412.6,0.0,0.0,5.4,1418.0,1369.7,1143.4,0.0,825.2,0.0304,0.0369,phs,gas-cc,173.3,3.3,0.33,20.5,1307.8,0.08,173.5,59.5,233.0,178.7,3.4,0.34,21.1,1348.8,0.08,178.9,61.3,240.3,140.8,2.7,0.27,16.6,1061.5,0.06,141.0,48.3,189.2,361.8,6.8,0.68,42.7,2730.0,0.16,362.2,124.1,486.3,37.47,0.0,0.0,37.47,38.91,0.0,0.0,38.91,0.0,0.0,0.0,2243.2,274.6,895.8,0.0,0.0,0.0,0.0,0.0,1072.7,0.0,0.0,0.0,0.0,0.0,0.0,0.0,274.6,0.0
2050-05-16 07:00:00,2050-05-16 05:00:00,1448.4,0.0,0.0,3.2,1451.6,1404.1,-486.6,0.0,486.6,0.0306,0.0379,gas-cc,gas-cc,0.0,0.0,0.0,0.0,0.0,0.0,0.0,0.0,0.0,0.0,0.0,0.0,0.0,0.0,0.0,0.0,0.0,0.0,139.8,2.6,0.26,16.5,1054.0,0.06,140.0,47.9,187.9,376.7,7.1,0.71,44.5,2842.4,0.16,377.1,129.2,506.3,24.4,0.0,0.0,24.4,25.36,0.0,0.0,25.36,0.0,0.0,0.0,1938.2,1938.2,0.0,0.0,0.0,0.0,0.0,70.2,0.0,0.0,0.0,0.0,0.0,0.0,0.0,1593.8,274.2,0.0
2050-05-16 08:00:00,2050-05-16 06:00:00,1590.5,3506.8,0.0,0.0,5097.4,1540.6,0.0,0.0,0.0,0.0314,0.0416,upv,upv,0.0,0.0,0.0,0.0,0.0,0.0,0.0,0.0,0.0,0.0,0.0,0.0,0.0,0.0,0.0,0.0,0.0,0.0,139.9,2.6,0.26,16.5,1054.5,0.06,140.0,48.0,188.0,0.0,0.0,0.0,0.0,0.0,0.0,0.0,0.0,0.0,0.0,0.0,0.0,0.0,0.0,0.0,0.0,0.0,266.9,2331.0,2597.8,5097.4,5097.4,0.0,0.0,0.0,0.0,0.0,313.4,0.0,0.0,0.0,0.0,0.0,0.0,0.0,4783.9,0.0,0.0
2050-05-16 09:00:00,2050-05-16 07:00:00,1802.1,2424.3,0.0,0.0,4226.4,1742.8,0.0,0.0,0.0,0.0329,0.0471,upv,upv,0.0,0.0,0.0,0.0,0.0,0.0,0.0,0.0,0.0,0.0,0.0,0.0,0.0,0.0,0.0,0.0,0.0,0.0,140.1,2.6,0.27,16.6,1056.1,0.06,140.2,48.0,188.3,0.0,0.0,0.0,0.0,0.0,0.0,0.0,0.0,0.0,0.0,0.0,0.0,0.0,0.0,0.0,0.0,0.0,0.0,6313.8,6313.8,4226.4,4226.4,0.0,0.0,0.0,0.0,0.0,433.8,0.0,0.0,0.0,0.0,0.0,0.0,0.0,3534.6,258.0,0.0
2050-05-16 10:00:00,2050-05-16 08:00:00,2041.1,2431.9,0.0,0.0,4473.0,1969.7,0.0,0.0,0.0,0.0349,0.0534,upv,upv,0.0,0.0,0.0,0.0,0.0,0.0,0.0,0.0,0.0,0.0,0.0,0.0,0.0,0.0,0.0,0.0,0.0,0.0,140.4,2.6,0.27,16.6,1058.4,0.06,140.5,48.1,188.7,0.0,0.0,0.0,0.0,0.0,0.0,0.0,0.0,0.0,0.0,0.0,0.0,0.0,0.0,0.0,0.0,0.0,0.0,6098.9,6098.9,4473.0,4473.0,0.0,0.0,0.0,0.0,0.0,435.2,0.0,0.0,0.0,0.0,0.0,0.0,0.0,3775.4,262.3,0.0
2050-05-16 11:00:00,2050-05-16 09:00:00,2195.8,2431.9,0.0,0.0,4627.7,2115.9,-0.0,0.0,0.0,0.0364,0.0574,upv,upv,0.0,0.0,0.0,0.0,0.0,0.0,0.0,0.0,0.0,0.0,0.0,0.0,0.0,0.0,0.0,0.0,0.0,0.0,140.6,2.7,0.27,16.6,1060.0,0.06,140.7,48.2,189.0,0.0,0.0,0.0,0.0,0.0,0.0,0.0,0.0,0.0,0.0,0.0,0.0,0.0,0.0,0.0,0.0,0.0,0.0,5950.6,5950.6,4627.7,4627.7,0.0,0.0,0.0,0.0,0.0,435.2,0.0,0.0,0.0,0.0,0.0,0.0,0.0,3923.7,268.8,0.0
2050-05-16 12:00:00,2050-05-16 10:00:00,2304.2,3990.5,0.0,0.0,6294.7,2217.9,0.0,0.0,0.0,0.0374,0.0603,upv,upv,0.0,0.0,0.0,0.0,0.0,0.0,0.0,0.0,0.0,0.0,0.0,0.0,0.0,0.0,0.0,0.0,0.0,0.0,140.8,2.7,0.27,16.6,1061.1,0.06,140.9,48.3,189.2,0.0,0.0,0.0,0.0,0.0,0.0,0.0,0.0,0.0,0.0,0.0,0.0,0.0,0.0,0.0,0.0,0.0,0.0,4260.2,4260.2,6294.7,6294.7,0.0,0.0,0.0,0.0,0.0,435.2,0.0,0.0,0.0,0.0,0.0,0.0,0.0,5614.1,245.4,0.0
2050-05-16 13:00:00,2050-05-16 11:00:00,2396.8,2431.9,0.0,0.0,4828.7,2304.9,0.0,0.0,0.0,0.0384,0.0627,upv,upv,0.0,0.0,0.0,0.0,0.0,0.0,0.0,0.0,0.0,0.0,0.0,0.0,0.0,0.0,0.0,0.0,0.0,0.0,140.9,2.7,0.27,16.6,1062.1,0.06,141.0,48.3,189.4,0.0,0.0,0.0,0.0,0.0,0.0,0.0,0.0,0.0,0.0,0.0,0.0,0.0,0.0,0.0,0.0,0.0,0.0,5684.8,5684.8,4828.7,4828.7,0.0,0.0,0.0,0.0,0.0,435.2,0.0,0.0,0.0,0.0,0.0,0.0,0.0,4189.5,204.0,0.0
2050-05-16 14:00:00,2050-05-16 12:00:00,2471.6,2461.0,0.0,0.0,4932.6,2374.8,0.0,0.0,0.0,0.0391,0.0646,upv,upv,0.0,0.0,0.0,0.0,0.0,0.0,0.0,0.0,0.0,0.0,0.0,0.0,0.0,0.0,0.0,0.0,0.0,0.0,141.0,2.7,0.27,16.7,1063.0,0.06,141.2,48.4,189.5,0.0,0.0,0.0,0.0,0.0,0.0,0.0,0.0,0.0,0.0,0.0,0.0,0.0,0.0,0.0,0.0,0.0,0.0,5520.9,5520.9,4932.6,4932.6,0.0,0.0,0.0,0.0,0.0,435.2,0.0,0.0,0.0,0.0,0.0,0.0,0.0,4353.4,144.0,0.0
2050-05-16 15:00:00,2050-05-16 13:00:00,2595.8,3726.9,0.0,0.0,6322.7,2490.8,-0.0,0.0,0.0,0.0404,0.0679,upv,upv,0.0,0.0,0.0,0.0,0.0,0.0,0.0,0.0,0.0,0.0,0.0,0.0,0.0,0.0,0.0,0.0,0.0,0.0,141.2,2.7,0.27,16.7,1064.4,0.06,141.3,48.4,189.8,0.0,0.0,0.0,0.0,0.0,0.0,0.0,0.0,0.0,0.0,0.0,0.0,0.0,0.0,0.0,0.0,0.0,0.0,4083.1,4083.1,6322.7,6322.7,0.0,0.0,0.0,0.0,0.0,435.2,0.0,0.0,0.0,0.0,0.0,0.0,0.0,5791.2,96.3,0.0
2050-05-16 16:00:00,2050-05-16 14:00:00,2722.1,2395.1,0.0,0.0,5117.2,2608.4,0.0,0.0,0.0,0.0418,0.0712,upv,upv,0.0,0.0,0.0,0.0,0.0,0.0,0.0,0.0,0.0,0.0,0.0,0.0,0.0,0.0,0.0,0.0,0.0,0.0,141.4,2.7,0.27,16.7,1065.9,0.06,141.5,48.5,190.0,0.0,0.0,0.0,0.0,0.0,0.0,0.0,0.0,0.0,0.0,0.0,0.0,0.0,0.0,0.0,0.0,0.0,0.0,5271.4,5271.4,5117.2,5117.2,0.0,0.0,0.0,0.0,0.0,435.2,0.0,0.0,0.0,0.0,0.0,0.0,0.0,4603.0,79.0,0.0
2050-05-16 17:00:00,2050-05-16 15:00:00,2873.7,1681.7,0.0,0.0,4555.4,2748.8,-0.0,0.0,0.0,0.0434,0.0752,upv,upv,0.0,0.0,0.0,0.0,0.0,0.0,0.0,0.0,0.0,0.0,0.0,0.0,0.0,0.0,0.0,0.0,0.0,0.0,141.6,2.7,0.27,16.7,1067.8,0.06,141.8,48.6,190.4,0.0,0.0,0.0,0.0,0.0,0.0,0.0,0.0,0.0,0.0,0.0,0.0,0.0,0.0,0.0,0.0,0.0,0.0,5833.0,5833.0,4555.4,4555.4,0.0,0.0,0.0,0.0,0.0,435.2,0.0,0.0,0.0,0.0,0.0,0.0,0.0,4041.3,78.9,0.0
2050-05-16 18:00:00,2050-05-16 16:00:00,3041.1,3353.9,0.0,0.0,6395.0,2903.3,0.0,0.0,0.0,0.0453,0.0795,upv,upv,0.0,0.0,0.0,0.0,0.0,0.0,0.0,0.0,0.0,0.0,0.0,0.0,0.0,0.0,0.0,0.0,0.0,0.0,141.9,2.7,0.27,16.8,1069.9,0.06,142.1,48.7,190.7,0.0,0.0,0.0,0.0,0.0,0.0,0.0,0.0,0.0,0.0,0.0,0.0,0.0,0.0,0.0,0.0,0.0,117.8,3131.8,3249.6,6395.0,6395.0,0.0,0.0,0.0,0.0,0.0,0.0,0.0,0.0,0.0,0.0,0.0,0.0,0.0,6395.0,0.0,0.0
2050-05-16 19:00:00,2050-05-16 17:00:00,3165.3,330.6,0.0,21.6,3517.4,3017.4,-2346.2,0.0,2346.2,0.0467,0.0828,battery,upv,0.0,0.0,0.0,0.0,0.0,0.0,0.0,0.0,0.0,0.0,0.0,0.0,0.0,0.0,0.0,0.0,0.0,0.0,142.1,2.7,0.27,16.8,1071.4,0.06,142.3,48.7,191.0,0.0,0.0,0.0,0.0,0.0,0.0,0.0,0.0,0.0,0.0,0.0,0.0,0.0,0.0,0.0,0.0,0.0,0.0,0.0,0.0,5863.7,5863.7,0.0,0.0,0.0,0.0,0.0,239.6,0.0,0.0,0.0,0.0,0.0,0.0,0.0,5438.0,186.1,0.0
2050-05-16 20:00:00,2050-05-16 18:00:00,3234.7,0.0,0.0,25.0,3259.8,3081.1,2525.4,0.0,2566.9,0.0475,0.0846,battery,gas-cc,66.7,1.3,0.13,7.9,503.5,0.03,66.8,22.9,89.7,70.0,1.3,0.13,8.3,528.6,0.03,70.1,24.0,94.2,143.4,2.7,0.27,16.9,1080.8,0.06,143.5,49.2,192.7,416.0,7.8,0.78,49.1,3138.9,0.18,416.4,142.7,559.1,34.88,0.0,0.0,34.88,38.11,0.0,0.0,38.11,0.0,0.0,0.0,5826.7,734.4,4019.6,0.0,0.0,0.0,0.0,21.0,1072.7,0.0,0.0,0.0,0.0,0.0,0.0,476.6,236.8,0.0
2050-05-16 21:00:00,2050-05-16 19:00:00,3149.5,0.0,0.0,18.8,3168.3,3002.9,2927.3,0.0,2165.1,0.0465,0.0824,battery,gas-cc,72.9,1.4,0.14,8.6,550.1,0.03,73.0,25.0,98.0,76.5,1.4,0.14,9.0,576.9,0.03,76.5,26.2,102.8,143.4,2.7,0.27,16.9,1080.7,0.06,143.5,49.2,192.7,421.7,7.9,0.79,49.8,3182.2,0.18,422.2,144.7,566.8,33.9,0.0,0.0,33.9,36.95,0.0,0.0,36.95,0.0,0.0,0.0,5333.3,241.0,4019.6,0.0,0.0,0.0,0.0,0.0,1072.7,0.0,0.0,0.0,0.0,0.0,0.0,0.0,241.0,0.0
2050-05-16 22:00:00,2050-05-16 20:00:00,2980.0,0.0,0.0,21.1,3001.1,2847.0,2748.2,0.0,2315.0,0.0446,0.0779,battery,gas-cc,73.1,1.4,0.14,8.6,551.8,0.03,73.2,25.1,98.3,76.5,1.4,0.14,9.0,577.6,0.03,76.6,26.3,102.9,143.0,2.7,0.27,16.9,1078.4,0.06,143.2,49.1,192.3,399.9,7.5,0.75,47.2,3018.0,0.17,400.4,137.2,537.6,33.9,0.0,0.0,33.9,36.77,0.0,0.0,36.77,0.0,0.0,0.0,5316.1,252.9,3990.5,0.0,0.0,0.0,0.0,0.0,1072.7,0.0,0.0,0.0,0.0,0.0,0.0,0.0,252.9,0.0
2050-05-16 23:00:00,2050-05-16 21:00:00,2701.1,0.0,0.0,26.1,2727.2,2588.8,2455.1,0.0,2637.2,0.0416,0.0706,battery,gas-cc,72.5,1.4,0.14,8.6,546.9,0.03,72.5,24.9,97.4,75.6,1.4,0.14,8.9,570.6,0.03,75.7,25.9,101.6,142.7,2.7,0.27,16.9,1075.9,0.06,142.9,48.9,191.8,396.8,7.5,0.75,46.9,2994.3,0.17,397.2,136.2,533.4,33.9,0.0,0.0,33.9,36.48,0.0,0.0,36.48,0.0,0.0,0.0,5364.4,272.0,4019.6,0.0,0.0,0.0,0.0,0.0,1072.7,0.0,0.0,0.0,0.0,0.0,0.0,0.0,272.0,0.0
2050-05-17 00:00:00,2050-05-16 22:00:00,2405.3,0.0,0.0,16.6,2421.9,2312.8,2183.9,445.3,1497.2,0.0385,0.0629,gas-cc,gas-cc,111.9,2.1,0.21,13.2,844.5,0.05,112.0,38.4,150.4,103.2,1.9,0.19,12.2,778.5,0.04,103.3,35.4,138.7,142.2,2.7,0.27,16.8,1072.4,0.06,142.4,48.8,191.2,428.6,8.1,0.81,50.6,3234.5,0.19,429.1,147.1,576.2,37.37,0.0,0.0,37.37,39.88,0.0,0.0,39.88,0.0,0.0,0.0,3473.8,238.0,2163.0,0.0,0.0,0.0,0.0,0.0,1072.7,0.0,0.0,0.0,0.0,0.0,0.0,0.0,238.0,0.0
2050-05-17 01:00:00,2050-05-16 23:00:00,2124.2,0.0,0.0,9.7,2133.9,2048.3,1926.7,19.8,1444.4,0.0357,0.0556,battery,gas-cc,109.2,2.1,0.21,12.9,824.4,0.05,109.4,37.5,146.9,112.7,2.1,0.21,13.3,850.2,0.05,112.8,38.7,151.4,141.8,2.7,0.27,16.8,1069.2,0.06,142.0,48.6,190.6,441.1,8.3,0.83,52.1,3328.4,0.19,441.5,151.3,592.9,37.37,0.0,0.0,37.37,39.57,0.0,0.0,39.57,0.0,0.0,0.0,3558.5,207.2,2278.5,0.0,0.0,0.0,0.0,0.0,1072.7,0.0,0.0,0.0,0.0,0.0,0.0,0.0,207.2,0.0
2050-05-17 02:00:00,2050-05-17 00:00:00,1902.1,0.0,0.0,16.5,1918.6,1837.9,1705.7,378.9,1640.0,0.0337,0.0497,battery,gas-cc,122.3,2.3,0.23,14.4,922.6,0.05,122.4,42.0,164.3,113.1,2.1,0.21,13.4,853.2,0.05,113.2,38.8,152.0,141.5,2.7,0.27,16.7,1066.9,0.06,141.7,48.5,190.2,432.5,8.2,0.82,51.1,3263.9,0.19,433.0,148.4,581.4,37.37,0.0,0.0,37.37,39.33,0.0,0.0,39.33,0.0,0.0,0.0,3179.7,213.0,1893.9,0.0,0.0,0.0,0.0,0.0,1072.7,0.0,0.0,0.0,0.0,0.0,0.0,0.0,213.0,0.0
2050-05-17 03:00:00,2050-05-17 01:00:00,1745.3,0.0,0.0,12.7,1758.0,1688.6,1566.4,131.4,1640.0,0.0325,0.0456,battery,gas-cc,119.0,2.2,0.22,14.1,898.1,0.05,119.1,40.8,160.0,118.3,2.2,0.22,14.0,892.4,0.05,118.4,40.6,159.0,141.4,2.7,0.27,16.7,1065.8,0.06,141.5,48.5,190.0,430.7,8.1,0.81,50.9,3249.9,0.19,431.1,147.8,578.9,37.37,0.0,0.0,37.37,39.16,0.0,0.0,39.16,0.0,0.0,0.0,3266.6,191.5,2002.3,0.0,0.0,0.0,0.0,0.0,1072.7,0.0,0.0,0.0,0.0,0.0,0.0,0.0,191.5,0.0
2050-05-17 04:00:00,2050-05-17 02:00:00,1613.7,0.0,0.0,10.9,1624.6,1562.8,1452.7,92.2,1456.2,0.0315,0.0422,battery,gas-cc,130.1,2.5,0.25,15.4,981.6,0.06,130.2,44.6,174.9,130.3,2.5,0.25,15.4,983.3,0.06,130.4,44.7,175.1,133.8,2.5,0.25,15.8,1009.0,0.06,134.0,45.9,179.9,419.4,7.9,0.79,49.5,3164.6,0.18,419.8,143.9,563.7,37.37,0.0,0.0,37.37,39.02,0.0,0.0,39.02,0.0,0.0,0.0,2988.6,171.8,1744.1,0.0,0.0,0.0,0.0,0.0,1072.7,0.0,0.0,0.0,0.0,0.0,0.0,0.0,171.8,0.0
2050-05-17 05:00:00,2050-05-17 03:00:00,1526.3,0.0,0.0,0.9,1527.2,1479.0,1370.6,55.0,0.0,0.031,0.0399,battery,gas-cc,264.1,5.0,0.5,31.2,1992.8,0.11,264.4,90.6,355.0,262.7,5.0,0.5,31.0,1982.4,0.11,263.0,90.1,353.1,141.1,2.7,0.27,16.7,1063.6,0.06,141.2,48.4,189.6,425.1,8.0,0.8,50.2,3207.7,0.18,425.5,145.9,571.4,37.37,0.0,0.0,37.37,38.93,0.0,0.0,38.93,0.0,0.0,0.0,1472.2,156.5,242.9,0.0,0.0,0.0,0.0,0.0,1072.7,0.0,0.0,0.0,0.0,0.0,0.0,0.0,156.5,0.0
2050-05-17 06:00:00,2050-05-17 04:00:00,1487.4,0.0,0.0,2.0,1489.3,1441.6,1317.9,127.6,0.0,0.0308,0.0389,battery,gas-cc,285.5,5.4,0.54,33.7,2154.3,0.12,285.8,98.0,383.8,269.3,5.1,0.51,31.8,2032.3,0.12,269.6,92.4,362.0,141.1,2.7,0.27,16.7,1063.7,0.06,141.2,48.4,189.6,434.0,8.2,0.82,51.3,3275.3,0.19,434.5,148.9,583.4,37.37,0.0,0.0,37.37,38.89,0.0,0.0,38.89,0.0,0.0,0.0,1361.7,171.4,117.6,0.0,0.0,0.0,0.0,0.0,1072.7,0.0,0.0,0.0,0.0,0.0,0.0,0.0,171.4,0.0
2050-05-17 07:00:00,2050-05-17 05:00:00,1471.6,0.0,0.0,12.5,1484.1,1426.4,-420.2,445.3,865.6,0.0307,0.0385,gas-cc,gas-cc,0.0,0.0,0.0,0.0,0.0,0.0,0.0,0.0,0.0,0.0,0.0,0.0,0.0,0.0,0.0,0.0,0.0,0.0,139.8,2.6,0.26,16.5,1053.9,0.06,139.9,47.9,187.9,365.9,6.9,0.69,43.2,2760.9,0.16,366.3,125.5,491.8,24.56,0.0,0.0,24.56,25.54,0.0,0.0,25.54,0.0,0.0,0.0,1904.4,1904.4,0.0,0.0,0.0,0.0,0.0,73.0,0.0,0.0,0.0,0.0,0.0,0.0,0.0,1657.6,173.8,0.0
2050-05-17 08:00:00,2050-05-17 06:00:00,1556.8,3896.5,0.0,0.0,5453.3,1508.3,0.0,0.0,0.0,0.0312,0.0407,upv,upv,0.0,0.0,0.0,0.0,0.0,0.0,0.0,0.0,0.0,0.0,0.0,0.0,0.0,0.0,0.0,0.0,0.0,0.0,139.8,2.6,0.26,16.5,1054.3,0.06,140.0,48.0,187.9,0.0,0.0,0.0,0.0,0.0,0.0,0.0,0.0,0.0,0.0,0.0,0.0,0.0,0.0,0.0,0.0,0.0,0.0,2154.0,2154.0,5453.3,5453.3,0.0,0.0,0.0,0.0,0.0,315.2,0.0,0.0,0.0,0.0,0.0,0.0,0.0,4999.7,138.4,0.0
2050-05-17 09:00:00,2050-05-17 07:00:00,1747.4,62.2,0.0,0.0,1809.6,1690.6,-0.0,0.0,0.0,0.0325,0.0457,upv,upv,0.0,0.0,0.0,0.0,0.0,0.0,0.0,0.0,0.0,0.0,0.0,0.0,0.0,0.0,0.0,0.0,0.0,0.0,140.0,2.6,0.27,16.5,1055.7,0.06,140.2,48.0,188.2,0.0,0.0,0.0,0.0,0.0,0.0,0.0,0.0,0.0,0.0,0.0,0.0,0.0,0.0,0.0,0.0,0.0,0.0,8563.1,8563.1,1809.6,1809.6,0.0,0.0,0.0,0.0,0.0,433.8,0.0,0.0,0.0,0.0,0.0,0.0,0.0,1278.9,96.9,0.0
2050-05-17 10:00:00,2050-05-17 08:00:00,2005.3,1710.0,0.0,0.0,3715.2,1935.8,0.0,0.0,0.0,0.0346,0.0524,upv,upv,0.0,0.0,0.0,0.0,0.0,0.0,0.0,0.0,0.0,0.0,0.0,0.0,0.0,0.0,0.0,0.0,0.0,0.0,140.3,2.6,0.27,16.6,1058.0,0.06,140.5,48.1,188.6,0.0,0.0,0.0,0.0,0.0,0.0,0.0,0.0,0.0,0.0,0.0,0.0,0.0,0.0,0.0,0.0,0.0,0.0,6697.6,6697.6,3715.2,3715.2,0.0,0.0,0.0,0.0,0.0,435.2,0.0,0.0,0.0,0.0,0.0,0.0,0.0,3176.7,103.3,0.0
2050-05-17 11:00:00,2050-05-17 09:00:00,2160.0,2390.2,0.0,0.0,4550.2,2082.1,-0.0,0.0,0.0,0.036,0.0565,upv,upv,0.0,0.0,0.0,0.0,0.0,0.0,0.0,0.0,0.0,0.0,0.0,0.0,0.0,0.0,0.0,0.0,0.0,0.0,140.5,2.7,0.27,16.6,1059.6,0.06,140.7,48.2,188.9,0.0,0.0,0.0,0.0,0.0,0.0,0.0,0.0,0.0,0.0,0.0,0.0,0.0,0.0,0.0,0.0,0.0,0.0,5849.2,5849.2,4550.2,4550.2,0.0,0.0,0.0,0.0,0.0,435.2,0.0,0.0,0.0,0.0,0.0,0.0,0.0,4025.1,89.8,0.0
2050-05-17 12:00:00,2050-05-17 10:00:00,2260.0,2461.0,0.0,0.0,4721.0,2176.4,0.0,0.0,0.0,0.037,0.0591,upv,upv,0.0,0.0,0.0,0.0,0.0,0.0,0.0,0.0,0.0,0.0,0.0,0.0,0.0,0.0,0.0,0.0,0.0,0.0,140.7,2.7,0.27,16.6,1060.6,0.06,140.8,48.2,189.1,0.0,0.0,0.0,0.0,0.0,0.0,0.0,0.0,0.0,0.0,0.0,0.0,0.0,0.0,0.0,0.0,0.0,0.0,5640.0,5640.0,4721.0,4721.0,0.0,0.0,0.0,0.0,0.0,435.2,0.0,0.0,0.0,0.0,0.0,0.0,0.0,4234.3,51.4,0.0
2050-05-17 13:00:00,2050-05-17 11:00:00,2353.7,3726.9,0.0,0.0,6080.6,2264.4,-0.0,0.0,0.0,0.0379,0.0616,upv,upv,0.0,0.0,0.0,0.0,0.0,0.0,0.0,0.0,0.0,0.0,0.0,0.0,0.0,0.0,0.0,0.0,0.0,0.0,140.8,2.7,0.27,16.6,1061.7,0.06,141.0,48.3,189.3,0.0,0.0,0.0,0.0,0.0,0.0,0.0,0.0,0.0,0.0,0.0,0.0,0.0,0.0,0.0,0.0,0.0,0.0,4261.1,4261.1,6080.6,6080.6,0.0,0.0,0.0,0.0,0.0,435.2,0.0,0.0,0.0,0.0,0.0,0.0,0.0,5613.2,32.2,0.0
2050-05-17 14:00:00,2050-05-17 12:00:00,2482.1,2461.0,0.0,0.0,4943.1,2384.7,0.0,0.0,0.0,0.0392,0.0649,upv,upv,0.0,0.0,0.0,0.0,0.0,0.0,0.0,0.0,0.0,0.0,0.0,0.0,0.0,0.0,0.0,0.0,0.0,0.0,141.0,2.7,0.27,16.7,1063.1,0.06,141.2,48.4,189.5,0.0,0.0,0.0,0.0,0.0,0.0,0.0,0.0,0.0,0.0,0.0,0.0,0.0,0.0,0.0,0.0,0.0,0.0,5399.0,5399.0,4943.1,4943.1,0.0,0.0,0.0,0.0,0.0,434.9,0.0,0.0,0.0,0.0,0.0,0.0,0.0,4468.9,39.3,0.0
2050-05-17 15:00:00,2050-05-17 13:00:00,2592.6,4019.6,0.0,0.0,6612.2,2487.9,0.0,0.0,0.0,0.0404,0.0678,upv,upv,0.0,0.0,0.0,0.0,0.0,0.0,0.0,0.0,0.0,0.0,0.0,0.0,0.0,0.0,0.0,0.0,0.0,0.0,141.2,2.7,0.27,16.7,1064.4,0.06,141.3,48.4,189.8,0.0,0.0,0.0,0.0,0.0,0.0,0.0,0.0,0.0,0.0,0.0,0.0,0.0,0.0,0.0,0.0,0.0,0.0,3637.5,3637.5,6612.2,6612.2,0.0,0.0,0.0,0.0,0.0,430.9,0.0,0.0,0.0,0.0,0.0,0.0,0.0,6139.8,41.5,0.0
2050-05-17 16:00:00,2050-05-17 14:00:00,2713.7,1876.5,0.0,0.0,4590.2,2600.5,0.0,0.0,0.0,0.0417,0.071,upv,upv,0.0,0.0,0.0,0.0,0.0,0.0,0.0,0.0,0.0,0.0,0.0,0.0,0.0,0.0,0.0,0.0,0.0,0.0,141.4,2.7,0.27,16.7,1065.8,0.06,141.5,48.5,190.0,0.0,0.0,0.0,0.0,0.0,0.0,0.0,0.0,0.0,0.0,0.0,0.0,0.0,0.0,0.0,0.0,0.0,0.0,5591.5,5591.5,4590.2,4590.2,0.0,0.0,0.0,0.0,0.0,427.3,0.0,0.0,0.0,0.0,0.0,0.0,0.0,4108.3,54.6,0.0
2050-05-17 17:00:00,2050-05-17 15:00:00,2876.8,3825.0,0.0,0.0,6701.8,2751.8,0.0,0.0,0.0,0.0435,0.0752,upv,upv,0.0,0.0,0.0,0.0,0.0,0.0,0.0,0.0,0.0,0.0,0.0,0.0,0.0,0.0,0.0,0.0,0.0,0.0,141.6,2.7,0.27,16.7,1067.8,0.06,141.8,48.6,190.4,0.0,0.0,0.0,0.0,0.0,0.0,0.0,0.0,0.0,0.0,0.0,0.0,0.0,0.0,0.0,0.0,0.0,0.0,3502.6,3502.6,6701.8,6701.8,0.0,0.0,0.0,0.0,0.0,426.9,0.0,0.0,0.0,0.0,0.0,0.0,0.0,6184.3,90.6,0.0
2050-05-17 18:00:00,2050-05-17 16:00:00,3026.3,3990.5,0.0,0.0,7016.8,2889.7,-0.0,0.0,0.0,0.0451,0.0791,upv,upv,0.0,0.0,0.0,0.0,0.0,0.0,0.0,0.0,0.0,0.0,0.0,0.0,0.0,0.0,0.0,0.0,0.0,0.0,141.9,2.7,0.27,16.8,1069.7,0.06,142.0,48.7,190.7,0.0,0.0,0.0,0.0,0.0,0.0,0.0,0.0,0.0,0.0,0.0,0.0,0.0,0.0,0.0,0.0,0.0,0.0,2651.0,2651.0,7016.8,7016.8,0.0,0.0,0.0,0.0,0.0,402.8,0.0,0.0,0.0,0.0,0.0,0.0,0.0,6486.6,127.5,0.0
2050-05-17 19:00:00,2050-05-17 17:00:00,3147.4,747.1,0.0,14.7,3909.2,3001.0,-1903.8,0.0,1903.8,0.0465,0.0823,battery,upv,0.0,0.0,0.0,0.0,0.0,0.0,0.0,0.0,0.0,0.0,0.0,0.0,0.0,0.0,0.0,0.0,0.0,0.0,142.1,2.7,0.27,16.8,1071.2,0.06,142.2,48.7,191.0,0.0,0.0,0.0,0.0,0.0,0.0,0.0,0.0,0.0,0.0,0.0,0.0,0.0,0.0,0.0,0.0,0.0,0.0,0.0,0.0,5813.0,5813.0,0.0,0.0,0.0,0.0,0.0,239.3,0.0,0.0,0.0,0.0,0.0,0.0,0.0,5428.3,145.5,0.0
2050-05-17 20:00:00,2050-05-17 18:00:00,3177.9,0.0,0.0,17.6,3195.5,3029.0,2499.2,445.3,1640.0,0.0469,0.0831,battery,gas-cc,0.0,0.0,0.0,0.0,0.0,0.0,0.0,0.0,0.0,0.0,0.0,0.0,0.0,0.0,0.0,0.0,0.0,0.0,142.6,2.7,0.27,16.8,1074.8,0.06,142.7,48.9,191.6,378.5,7.1,0.71,44.7,2856.4,0.16,378.9,129.9,508.8,31.71,0.0,0.0,31.71,34.58,0.0,0.0,34.58,0.0,0.0,0.0,4390.1,696.3,3693.8,0.0,0.0,0.0,0.0,21.9,0.0,0.0,0.0,0.0,0.0,0.0,0.0,497.6,176.8,0.0
2050-05-17 21:00:00,2050-05-17 19:00:00,3064.2,0.0,0.0,16.2,3080.4,2924.6,2886.7,445.3,1425.3,0.0456,0.0801,battery,gas-cc,0.0,0.0,0.0,0.0,0.0,0.0,0.0,0.0,0.0,0.0,0.0,0.0,0.0,0.0,0.0,0.0,0.0,0.0,143.2,2.7,0.27,16.9,1079.7,0.06,143.4,49.1,192.5,382.4,7.2,0.72,45.2,2885.9,0.17,382.8,131.2,514.1,31.71,0.0,0.0,31.71,34.47,0.0,0.0,34.47,0.0,0.0,0.0,4060.4,193.7,3866.7,0.0,0.0,0.0,0.0,0.0,0.0,0.0,0.0,0.0,0.0,0.0,0.0,0.0,193.7,0.0
2050-05-17 22:00:00,2050-05-17 20:00:00,2920.0,0.0,0.0,9.7,2929.7,2791.7,2761.1,445.3,425.9,0.044,0.0764,battery,gas-cc,0.0,0.0,0.0,0.0,0.0,0.0,0.0,0.0,0.0,0.0,0.0,0.0,0.0,0.0,0.0,0.0,0.0,0.0,143.0,2.7,0.27,16.9,1078.0,0.06,143.1,49.0,192.2,380.9,7.2,0.72,45.0,2874.1,0.17,381.3,130.7,512.0,31.71,0.0,0.0,31.71,34.33,0.0,0.0,34.33,0.0,0.0,0.0,2910.3,168.6,2741.7,0.0,0.0,0.0,0.0,0.0,0.0,0.0,0.0,0.0,0.0,0.0,0.0,0.0,168.6,0.0
2050-05-17 23:00:00,2050-05-17 21:00:00,2642.1,0.0,0.0,17.6,2659.7,2534.0,2538.8,445.3,1640.0,0.0409,0.0691,battery,gas-cc,0.0,0.0,0.0,0.0,0.0,0.0,0.0,0.0,0.0,0.0,0.0,0.0,0.0,0.0,0.0,0.0,0.0,0.0,142.4,2.7,0.27,16.8,1073.8,0.06,142.6,48.8,191.4,372.8,7.0,0.7,44.0,2813.4,0.16,373.2,127.9,501.2,31.71,0.0,0.0,31.71,34.06,0.0,0.0,34.06,0.0,0.0,0.0,3854.3,120.9,3733.4,0.0,0.0,0.0,0.0,0.0,0.0,0.0,0.0,0.0,0.0,0.0,0.0,0.0,120.9,0.0
2050-05-18 00:00:00,2050-05-17 22:00:00,2337.9,0.0,0.0,17.5,2355.4,2249.6,2267.4,445.3,1631.9,0.0378,0.0611,gas-cc,gas-cc,0.0,0.0,0.0,0.0,0.0,0.0,0.0,0.0,0.0,0.0,0.0,0.0,0.0,0.0,0.0,0.0,0.0,0.0,141.4,2.7,0.27,16.7,1065.8,0.06,141.5,48.5,190.0,374.7,7.1,0.71,44.3,2827.5,0.16,375.1,128.6,503.7,31.71,0.0,0.0,31.71,33.77,0.0,0.0,33.77,0.0,0.0,0.0,3542.0,88.0,3454.0,0.0,0.0,0.0,0.0,0.0,0.0,0.0,0.0,0.0,0.0,0.0,0.0,0.0,88.0,0.0
2050-05-18 01:00:00,2050-05-17 23:00:00,2054.7,0.0,0.0,17.4,2072.2,1982.7,2018.6,445.3,1619.4,0.0351,0.0537,battery,gas-cc,0.0,0.0,0.0,0.0,0.0,0.0,0.0,0.0,0.0,0.0,0.0,0.0,0.0,0.0,0.0,0.0,0.0,0.0,141.6,2.7,0.27,16.7,1067.7,0.06,141.8,48.6,190.3,371.8,7.0,0.7,43.9,2805.4,0.16,372.2,127.6,499.7,31.71,0.0,0.0,31.71,33.51,0.0,0.0,33.51,0.0,0.0,0.0,3246.2,53.6,3192.6,0.0,0.0,0.0,0.0,0.0,0.0,0.0,0.0,0.0,0.0,0.0,0.0,0.0,53.6,0.0
2050-05-18 02:00:00,2050-05-18 00:00:00,1806.3,0.0,0.0,15.1,1821.4,1746.8,1794.3,445.3,1256.5,0.033,0.0472,battery,gas-cc,0.0,0.0,0.0,0.0,0.0,0.0,0.0,0.0,0.0,0.0,0.0,0.0,0.0,0.0,0.0,0.0,0.0,0.0,141.2,2.7,0.27,16.7,1064.5,0.06,141.4,48.4,189.8,369.2,7.0,0.7,43.6,2786.3,0.16,369.6,126.7,496.3,31.71,0.0,0.0,31.71,33.28,0.0,0.0,33.28,0.0,0.0,0.0,2632.6,27.1,2605.5,0.0,0.0,0.0,0.0,0.0,0.0,0.0,0.0,0.0,0.0,0.0,0.0,0.0,27.1,0.0
2050-05-18 03:00:00,2050-05-18 01:00:00,1636.8,0.0,0.0,12.2,1649.1,1584.9,1630.5,445.3,817.2,0.0317,0.0428,battery,gas-cc,0.0,0.0,0.0,0.0,0.0,0.0,0.0,0.0,0.0,0.0,0.0,0.0,0.0,0.0,0.0,0.0,0.0,0.0,140.6,2.7,0.27,16.6,1059.9,0.06,140.7,48.2,189.0,367.5,6.9,0.69,43.4,2773.4,0.16,367.9,126.1,494.0,31.71,0.0,0.0,31.71,33.12,0.0,0.0,33.12,0.0,0.0,0.0,2021.0,18.6,2002.4,0.0,0.0,0.0,0.0,0.0,0.0,0.0,0.0,0.0,0.0,0.0,0.0,0.0,18.6,0.0
2050-05-18 04:00:00,2050-05-18 02:00:00,1484.2,0.0,0.0,7.9,1492.1,1438.5,1484.6,591.9,0.0,0.0308,0.0388,battery,gas-cc,0.0,0.0,0.0,0.0,0.0,0.0,0.0,0.0,0.0,0.0,0.0,0.0,0.3,0.6,0.01,0.0,0.3,0.3,156.5,3.0,0.3,18.5,1179.7,0.07,156.6,53.7,210.3,361.1,6.8,0.68,42.7,2724.8,0.16,361.5,123.9,485.4,31.71,0.0,0.0,31.71,32.99,0.0,0.0,32.99,0.0,0.0,0.0,900.2,7.4,892.7,0.0,0.0,0.0,0.0,0.0,0.0,0.0,0.0,0.0,0.0,0.0,0.0,0.0,7.4,0.0
2050-05-18 05:00:00,2050-05-18 03:00:00,1378.9,0.0,0.0,11.8,1390.8,1337.2,1389.4,1202.6,0.0,0.0303,0.0361,battery,gas-cc,0.0,0.0,0.0,0.0,0.0,0.0,0.0,0.0,0.0,0.0,0.0,0.0,1.5,3.6,0.03,0.0,1.6,1.6,140.7,2.7,0.27,16.6,1061.0,0.06,140.9,48.3,189.2,360.1,6.8,0.68,42.5,2717.0,0.16,360.4,123.5,484.0,31.71,0.0,0.0,31.71,32.89,0.0,0.0,32.89,0.0,0.0,0.0,188.2,1.3,186.8,0.0,0.0,0.0,0.0,0.0,0.0,0.0,0.0,0.0,0.0,0.0,0.0,0.0,1.3,0.0
2050-05-18 06:00:00,2050-05-18 04:00:00,1353.7,0.0,0.0,12.1,1365.8,1312.9,1364.9,1243.2,0.0,0.0302,0.0354,battery,gas-cc,0.0,0.0,0.0,0.0,0.0,0.0,0.0,0.0,0.0,0.0,0.0,0.0,1.6,3.8,0.04,0.0,1.8,1.8,140.8,2.7,0.27,16.6,1061.4,0.06,140.9,48.3,189.2,359.8,6.8,0.68,42.5,2715.2,0.16,360.2,123.5,483.7,31.71,0.0,0.0,31.71,32.87,0.0,0.0,32.87,0.0,0.0,0.0,122.6,0.8,121.8,0.0,0.0,0.0,0.0,0.0,0.0,0.0,0.0,0.0,0.0,0.0,0.0,0.0,0.8,0.0
2050-05-18 07:00:00,2050-05-18 05:00:00,1368.4,0.0,0.0,11.5,1379.9,1327.1,-259.7,445.3,705.0,0.0302,0.0358,phs,gas-cc,0.0,0.0,0.0,0.0,0.0,0.0,0.0,0.0,0.0,0.0,0.0,0.0,0.0,0.0,0.0,0.0,0.0,0.0,139.7,2.6,0.26,16.5,1053.2,0.06,139.9,47.9,187.8,360.3,6.8,0.68,42.6,2718.8,0.16,360.7,123.6,484.3,20.73,0.0,0.0,20.73,21.5,0.0,0.0,21.5,0.0,0.0,0.0,1639.6,1639.6,0.0,0.0,0.0,0.0,0.0,69.1,0.0,0.0,0.0,0.0,0.0,0.0,0.0,1568.7,1.8,0.0
2050-05-18 08:00:00,2050-05-18 06:00:00,1494.7,94.0,0.0,0.0,1588.7,1448.7,0.0,0.0,0.0,0.0308,0.0391,upv,upv,0.0,0.0,0.0,0.0,0.0,0.0,0.0,0.0,0.0,0.0,0.0,0.0,0.0,0.0,0.0,0.0,0.0,0.0,139.8,2.6,0.26,16.5,1053.9,0.06,139.9,47.9,187.9,0.0,0.0,0.0,0.0,0.0,0.0,0.0,0.0,0.0,0.0,0.0,0.0,0.0,0.0,0.0,0.0,0.0,7.9,5576.6,5584.4,1588.7,1588.7,0.0,0.0,0.0,0.0,0.0,302.4,0.0,0.0,0.0,0.0,0.0,0.0,0.0,1286.3,0.0,0.0
2050-05-18 09:00:00,2050-05-18 07:00:00,1716.8,3202.4,0.0,0.0,4919.3,1661.4,0.0,0.0,0.0,0.0323,0.0449,upv,upv,0.0,0.0,0.0,0.0,0.0,0.0,0.0,0.0,0.0,0.0,0.0,0.0,0.0,0.0,0.0,0.0,0.0,0.0,140.0,2.6,0.26,16.5,1055.4,0.06,140.2,48.0,188.2,0.0,0.0,0.0,0.0,0.0,0.0,0.0,0.0,0.0,0.0,0.0,0.0,0.0,0.0,0.0,0.0,0.0,8.5,5282.2,5290.7,4919.3,4919.3,0.0,0.0,0.0,0.0,0.0,430.5,0.0,0.0,0.0,0.0,0.0,0.0,0.0,4488.7,0.0,0.0
2050-05-18 10:00:00,2050-05-18 08:00:00,1951.6,1035.2,0.0,0.0,2986.8,1884.9,0.0,0.0,0.0,0.0342,0.051,upv,upv,0.0,0.0,0.0,0.0,0.0,0.0,0.0,0.0,0.0,0.0,0.0,0.0,0.0,0.0,0.0,0.0,0.0,0.0,140.3,2.6,0.27,16.6,1057.5,0.06,140.4,48.1,188.5,0.0,0.0,0.0,0.0,0.0,0.0,0.0,0.0,0.0,0.0,0.0,0.0,0.0,0.0,0.0,0.0,0.0,11.2,7322.8,7334.0,2986.8,2986.8,0.0,0.0,0.0,0.0,0.0,435.2,0.0,0.0,0.0,0.0,0.0,0.0,0.0,2551.5,0.0,0.0
2050-05-18 11:00:00,2050-05-18 09:00:00,2092.6,3195.7,0.0,0.0,5288.4,2018.5,0.0,0.0,0.0,0.0354,0.0547,upv,upv,0.0,0.0,0.0,0.0,0.0,0.0,0.0,0.0,0.0,0.0,0.0,0.0,0.0,0.0,0.0,0.0,0.0,0.0,140.5,2.7,0.27,16.6,1058.9,0.06,140.6,48.2,188.8,0.0,0.0,0.0,0.0,0.0,0.0,0.0,0.0,0.0,0.0,0.0,0.0,0.0,0.0,0.0,0.0,0.0,0.0,5037.5,5037.5,5288.4,5288.4,0.0,0.0,0.0,0.0,0.0,435.2,0.0,0.0,0.0,0.0,0.0,0.0,0.0,4836.8,16.4,0.0
2050-05-18 12:00:00,2050-05-18 10:00:00,2188.4,2922.4,0.0,0.0,5110.8,2108.9,0.0,0.0,0.0,0.0363,0.0572,upv,upv,0.0,0.0,0.0,0.0,0.0,0.0,0.0,0.0,0.0,0.0,0.0,0.0,0.0,0.0,0.0,0.0,0.0,0.0,140.6,2.7,0.27,16.6,1059.9,0.06,140.7,48.2,189.0,0.0,0.0,0.0,0.0,0.0,0.0,0.0,0.0,0.0,0.0,0.0,0.0,0.0,0.0,0.0,0.0,0.0,0.0,5227.7,5227.7,5110.8,5110.8,0.0,0.0,0.0,0.0,0.0,435.2,0.0,0.0,0.0,0.0,0.0,0.0,0.0,4646.6,28.9,0.0
2050-05-18 13:00:00,2050-05-18 11:00:00,2291.6,3208.5,0.0,0.0,5500.1,2206.1,-0.0,0.0,0.0,0.0373,0.0599,upv,upv,0.0,0.0,0.0,0.0,0.0,0.0,0.0,0.0,0.0,0.0,0.0,0.0,0.0,0.0,0.0,0.0,0.0,0.0,140.7,2.7,0.27,16.6,1061.0,0.06,140.9,48.3,189.1,0.0,0.0,0.0,0.0,0.0,0.0,0.0,0.0,0.0,0.0,0.0,0.0,0.0,0.0,0.0,0.0,0.0,0.0,4853.5,4853.5,5500.1,5500.1,0.0,0.0,0.0,0.0,0.0,435.2,0.0,0.0,0.0,0.0,0.0,0.0,0.0,5020.8,44.0,0.0
2050-05-18 14:00:00,2050-05-18 12:00:00,2394.7,4019.6,0.0,0.0,6414.3,2302.9,0.0,0.0,0.0,0.0384,0.0626,upv,upv,0.0,0.0,0.0,0.0,0.0,0.0,0.0,0.0,0.0,0.0,0.0,0.0,0.0,0.0,0.0,0.0,0.0,0.0,140.9,2.7,0.27,16.6,1062.1,0.06,141.0,48.3,189.4,0.0,0.0,0.0,0.0,0.0,0.0,0.0,0.0,0.0,0.0,0.0,0.0,0.0,0.0,0.0,0.0,0.0,0.0,3964.5,3964.5,6414.3,6414.3,0.0,0.0,0.0,0.0,0.0,435.2,0.0,0.0,0.0,0.0,0.0,0.0,0.0,5909.8,69.3,0.0
2050-05-18 15:00:00,2050-05-18 13:00:00,2523.2,3920.7,0.0,0.0,6443.9,2423.1,-0.0,0.0,0.0,0.0397,0.066,upv,upv,0.0,0.0,0.0,0.0,0.0,0.0,0.0,0.0,0.0,0.0,0.0,0.0,0.0,0.0,0.0,0.0,0.0,0.0,141.1,2.7,0.27,16.7,1063.6,0.06,141.2,48.4,189.6,0.0,0.0,0.0,0.0,0.0,0.0,0.0,0.0,0.0,0.0,0.0,0.0,0.0,0.0,0.0,0.0,0.0,0.0,3970.9,3970.9,6443.9,6443.9,0.0,0.0,0.0,0.0,0.0,435.2,0.0,0.0,0.0,0.0,0.0,0.0,0.0,5903.4,105.3,0.0
2050-05-18 16:00:00,2050-05-18 14:00:00,2642.1,2655.8,0.0,0.0,5297.9,2534.0,0.0,0.0,0.0,0.0409,0.0691,upv,upv,0.0,0.0,0.0,0.0,0.0,0.0,0.0,0.0,0.0,0.0,0.0,0.0,0.0,0.0,0.0,0.0,0.0,0.0,141.3,2.7,0.27,16.7,1065.0,0.06,141.4,48.4,189.9,0.0,0.0,0.0,0.0,0.0,0.0,0.0,0.0,0.0,0.0,0.0,0.0,0.0,0.0,0.0,0.0,0.0,0.0,5150.5,5150.5,5297.9,5297.9,0.0,0.0,0.0,0.0,0.0,435.2,0.0,0.0,0.0,0.0,0.0,0.0,0.0,4723.8,138.9,0.0
2050-05-18 17:00:00,2050-05-18 15:00:00,2820.0,2917.5,0.0,0.0,5737.5,2699.2,-0.0,0.0,0.0,0.0429,0.0737,upv,upv,0.0,0.0,0.0,0.0,0.0,0.0,0.0,0.0,0.0,0.0,0.0,0.0,0.0,0.0,0.0,0.0,0.0,0.0,141.5,2.7,0.27,16.7,1067.1,0.06,141.7,48.5,190.2,0.0,0.0,0.0,0.0,0.0,0.0,0.0,0.0,0.0,0.0,0.0,0.0,0.0,0.0,0.0,0.0,0.0,0.0,4756.4,4756.4,5737.5,5737.5,0.0,0.0,0.0,0.0,0.0,435.2,0.0,0.0,0.0,0.0,0.0,0.0,0.0,5117.9,184.4,0.0
2050-05-18 18:00:00,2050-05-18 16:00:00,2961.1,2431.9,0.0,0.0,5393.0,2829.5,0.0,0.0,0.0,0.0444,0.0774,upv,upv,0.0,0.0,0.0,0.0,0.0,0.0,0.0,0.0,0.0,0.0,0.0,0.0,0.0,0.0,0.0,0.0,0.0,0.0,141.8,2.7,0.27,16.8,1068.9,0.06,141.9,48.6,190.6,0.0,0.0,0.0,0.0,0.0,0.0,0.0,0.0,0.0,0.0,0.0,0.0,0.0,0.0,0.0,0.0,0.0,0.0,4887.1,4887.1,5393.0,5393.0,0.0,0.0,0.0,0.0,0.0,425.1,0.0,0.0,0.0,0.0,0.0,0.0,0.0,4761.0,206.8,0.0
2050-05-18 19:00:00,2050-05-18 17:00:00,3110.5,1562.7,0.0,10.7,4683.9,2967.2,-1640.0,0.0,1640.0,0.0461,0.0813,battery,upv,0.0,0.0,0.0,0.0,0.0,0.0,0.0,0.0,0.0,0.0,0.0,0.0,0.0,0.0,0.0,0.0,0.0,0.0,142.0,2.7,0.27,16.8,1070.7,0.06,142.2,48.7,190.9,0.0,0.0,0.0,0.0,0.0,0.0,0.0,0.0,0.0,0.0,0.0,0.0,0.0,0.0,0.0,0.0,0.0,0.0,0.0,0.0,6323.8,6323.8,0.0,0.0,0.0,0.0,0.0,257.1,0.0,0.0,0.0,0.0,0.0,0.0,0.0,5835.4,231.3,0.0
2050-05-18 20:00:00,2050-05-18 18:00:00,3167.4,0.0,0.0,15.7,3183.1,3019.3,2327.1,445.3,1358.5,0.0467,0.0828,battery,gas-cc,0.0,0.0,0.0,0.0,0.0,0.0,0.0,0.0,0.0,0.0,0.0,0.0,0.0,0.0,0.0,0.0,0.0,0.0,143.1,2.7,0.27,16.9,1079.0,0.06,143.3,49.1,192.4,345.2,6.5,0.65,40.8,2605.0,0.15,345.6,118.4,464.0,26.94,0.0,0.0,26.94,29.37,0.0,0.0,29.37,0.0,0.0,0.0,4096.3,856.0,3240.3,0.0,0.0,0.0,0.0,26.2,0.0,0.0,0.0,0.0,0.0,0.0,0.0,594.1,235.7,0.0
2050-05-18 21:00:00,2050-05-18 19:00:00,3087.4,0.0,0.0,16.2,3103.6,2945.9,2840.8,445.3,1429.2,0.0458,0.0807,battery,gas-cc,0.0,0.0,0.0,0.0,0.0,0.0,0.0,0.0,0.0,0.0,0.0,0.0,0.0,0.0,0.0,0.0,0.0,0.0,145.8,2.8,0.28,17.2,1099.5,0.06,146.0,50.0,196.0,344.4,6.5,0.65,40.7,2599.0,0.15,344.8,118.2,463.0,26.94,0.0,0.0,26.94,29.3,0.0,0.0,29.3,0.0,0.0,0.0,4087.5,262.7,3824.8,0.0,0.0,0.0,0.0,0.0,0.0,0.0,0.0,0.0,0.0,0.0,0.0,0.0,262.7,0.0
2050-05-18 22:00:00,2050-05-18 20:00:00,2896.8,0.0,0.0,17.6,2914.4,2770.3,2654.7,445.3,1640.0,0.0437,0.0758,battery,gas-cc,0.0,0.0,0.0,0.0,0.0,0.0,0.0,0.0,0.0,0.0,0.0,0.0,0.0,0.0,0.0,0.0,0.0,0.0,142.8,2.7,0.27,16.9,1076.8,0.06,143.0,49.0,192.0,342.6,6.5,0.65,40.5,2585.0,0.15,342.9,117.5,460.5,26.94,0.0,0.0,26.94,29.15,0.0,0.0,29.15,0.0,0.0,0.0,4109.1,259.7,3849.3,0.0,0.0,0.0,0.0,0.0,0.0,0.0,0.0,0.0,0.0,0.0,0.0,0.0,259.7,0.0
2050-05-18 23:00:00,2050-05-18 21:00:00,2660.0,0.0,0.0,13.6,2673.6,2550.6,2435.4,445.3,1026.2,0.0411,0.0696,battery,gas-cc,0.0,0.0,0.0,0.0,0.0,0.0,0.0,0.0,0.0,0.0,0.0,0.0,0.0,0.0,0.0,0.0,0.0,0.0,138.0,2.6,0.26,16.3,1040.6,0.06,138.2,47.3,185.5,340.3,6.4,0.64,40.2,2567.8,0.15,340.6,116.8,457.4,26.94,0.0,0.0,26.94,28.95,0.0,0.0,28.95,0.0,0.0,0.0,3254.5,238.1,3016.4,0.0,0.0,0.0,0.0,0.0,0.0,0.0,0.0,0.0,0.0,0.0,0.0,0.0,238.1,0.0
2050-05-19 00:00:00,2050-05-18 22:00:00,2378.9,0.0,0.0,17.6,2396.5,2288.1,2173.3,445.3,1640.0,0.0382,0.0622,battery,gas-cc,0.0,0.0,0.0,0.0,0.0,0.0,0.0,0.0,0.0,0.0,0.0,0.0,0.0,0.0,0.0,0.0,0.0,0.0,151.0,2.9,0.29,17.8,1138.7,0.07,151.2,51.8,203.0,380.2,7.2,0.72,44.9,2869.0,0.16,380.6,130.5,511.1,29.4,0.0,0.0,29.4,31.36,0.0,0.0,31.36,0.0,0.0,0.0,3591.2,223.2,3367.9,0.0,0.0,0.0,0.0,0.0,0.0,0.0,0.0,0.0,0.0,0.0,0.0,0.0,223.2,0.0
2050-05-19 01:00:00,2050-05-18 23:00:00,2115.8,0.0,0.0,17.6,2133.4,2040.4,1903.3,445.3,1640.0,0.0356,0.0553,battery,gas-cc,0.0,0.0,0.0,0.0,0.0,0.0,0.0,0.0,0.0,0.0,0.0,0.0,0.0,0.0,0.0,0.0,0.0,0.0,141.6,2.7,0.27,16.7,1067.4,0.06,141.7,48.6,190.3,335.2,6.3,0.63,39.6,2529.1,0.15,335.5,115.0,450.5,29.4,0.0,0.0,29.4,31.13,0.0,0.0,31.13,0.0,0.0,0.0,3328.0,230.1,3097.9,0.0,0.0,0.0,0.0,0.0,0.0,0.0,0.0,0.0,0.0,0.0,0.0,0.0,230.1,0.0
2050-05-19 02:00:00,2050-05-19 00:00:00,1850.5,0.0,0.0,17.6,1868.1,1788.9,1647.6,445.3,1640.0,0.0333,0.0484,battery,gas-cc,0.0,0.0,0.0,0.0,0.0,0.0,0.0,0.0,0.0,0.0,0.0,0.0,0.0,0.0,0.0,0.0,0.0,0.0,141.3,2.7,0.27,16.7,1065.5,0.06,141.5,48.5,190.0,332.7,6.3,0.63,39.3,2510.7,0.14,333.1,114.2,447.2,29.4,0.0,0.0,29.4,30.9,0.0,0.0,30.9,0.0,0.0,0.0,3062.7,220.5,2842.2,0.0,0.0,0.0,0.0,0.0,0.0,0.0,0.0,0.0,0.0,0.0,0.0,0.0,220.5,0.0
2050-05-19 03:00:00,2050-05-19 01:00:00,1667.4,0.0,0.0,13.8,1681.1,1614.2,1461.7,445.3,1054.7,0.0319,0.0436,gas-cc,gas-cc,0.0,0.0,0.0,0.0,0.0,0.0,0.0,0.0,0.0,0.0,0.0,0.0,0.0,0.0,0.0,0.0,0.0,0.0,140.7,2.7,0.27,16.6,1061.0,0.06,140.9,48.3,189.2,367.8,6.9,0.69,43.5,2775.7,0.16,368.2,126.2,494.4,29.4,0.0,0.0,29.4,30.75,0.0,0.0,30.75,0.0,0.0,0.0,2290.5,219.4,2071.1,0.0,0.0,0.0,0.0,0.0,0.0,0.0,0.0,0.0,0.0,0.0,0.0,0.0,219.4,0.0
2050-05-19 04:00:00,2050-05-19 02:00:00,1538.9,0.0,0.0,7.6,1546.5,1491.1,1321.0,445.3,107.2,0.0311,0.0402,battery,gas-cc,0.0,0.0,0.0,0.0,0.0,0.0,0.0,0.0,0.0,0.0,0.0,0.0,0.0,0.0,0.0,0.0,0.0,0.0,142.1,2.7,0.27,16.8,1071.1,0.06,142.2,48.7,190.9,371.5,7.0,0.7,43.9,2803.3,0.16,371.9,127.5,499.4,29.4,0.0,0.0,29.4,30.64,0.0,0.0,30.64,0.0,0.0,0.0,1208.4,225.6,982.9,0.0,0.0,0.0,0.0,0.0,0.0,0.0,0.0,0.0,0.0,0.0,0.0,0.0,225.6,0.0
2050-05-19 05:00:00,2050-05-19 03:00:00,1464.2,0.0,0.0,10.7,1474.9,1419.3,1228.6,1029.9,0.0,0.0307,0.0383,battery,gas-cc,0.0,0.0,0.0,0.0,0.0,0.0,0.0,0.0,0.0,0.0,0.0,0.0,1.1,2.5,0.02,0.0,1.1,1.1,144.6,2.7,0.27,17.1,1089.9,0.06,144.7,49.6,194.3,329.2,6.2,0.62,38.9,2484.3,0.14,329.6,113.0,442.5,29.4,0.0,0.0,29.4,30.58,0.0,0.0,30.58,0.0,0.0,0.0,445.0,246.3,198.7,0.0,0.0,0.0,0.0,0.0,0.0,0.0,0.0,0.0,0.0,0.0,0.0,0.0,246.3,0.0
2050-05-19 06:00:00,2050-05-19 04:00:00,1417.9,0.0,0.0,11.7,1429.6,1374.7,1182.0,1182.0,0.0,0.0304,0.0371,hydro,gas-cc,0.0,0.0,0.0,0.0,0.0,0.0,0.0,0.0,0.0,0.0,0.0,0.0,1.4,3.3,0.03,0.0,1.5,1.5,156.2,2.9,0.3,18.5,1177.9,0.07,156.4,53.6,210.0,370.3,7.0,0.7,43.7,2794.1,0.16,370.7,127.0,497.7,27.83,0.0,0.0,27.83,28.9,0.0,0.0,28.9,0.0,0.0,0.0,247.6,247.6,0.0,0.0,0.0,0.0,0.0,0.0,0.0,0.0,0.0,0.0,0.0,0.0,0.0,0.0,247.6,0.0
2050-05-19 07:00:00,2050-05-19 05:00:00,1428.4,0.0,0.0,10.3,1438.7,1384.9,-80.2,445.3,525.5,0.0305,0.0374,hydro,hydro,0.0,0.0,0.0,0.0,0.0,0.0,0.0,0.0,0.0,0.0,0.0,0.0,0.0,0.0,0.0,0.0,0.0,0.0,139.7,2.6,0.26,16.5,1053.5,0.06,139.9,47.9,187.8,0.0,0.0,0.0,0.0,0.0,0.0,0.0,0.0,0.0,2.02,0.0,0.0,2.02,2.1,0.0,0.0,2.1,0.0,0.0,0.0,1519.0,1519.0,0.0,0.0,0.0,0.0,0.0,53.1,0.0,0.0,0.0,0.0,0.0,0.0,0.0,1204.4,261.5,0.0
2050-05-19 08:00:00,2050-05-19 06:00:00,1544.2,2461.0,0.0,0.0,4005.2,1496.2,0.0,0.0,0.0,0.0311,0.0404,upv,upv,0.0,0.0,0.0,0.0,0.0,0.0,0.0,0.0,0.0,0.0,0.0,0.0,0.0,0.0,0.0,0.0,0.0,0.0,139.8,2.6,0.26,16.5,1054.2,0.06,140.0,48.0,187.9,0.0,0.0,0.0,0.0,0.0,0.0,0.0,0.0,0.0,0.0,0.0,0.0,0.0,0.0,0.0,0.0,0.0,0.0,2679.4,2679.4,4005.2,4005.2,0.0,0.0,0.0,0.0,0.0,274.3,0.0,0.0,0.0,0.0,0.0,0.0,0.0,3543.8,187.2,0.0
2050-05-19 09:00:00,2050-05-19 07:00:00,1736.8,1876.5,0.0,0.0,3613.4,1680.5,0.0,0.0,0.0,0.0324,0.0454,upv,upv,0.0,0.0,0.0,0.0,0.0,0.0,0.0,0.0,0.0,0.0,0.0,0.0,0.0,0.0,0.0,0.0,0.0,0.0,140.0,2.6,0.27,16.5,1055.6,0.06,140.2,48.0,188.2,0.0,0.0,0.0,0.0,0.0,0.0,0.0,0.0,0.0,0.0,0.0,0.0,0.0,0.0,0.0,0.0,0.0,0.0,6712.1,6712.1,3613.4,3613.4,0.0,0.0,0.0,0.0,0.0,428.7,0.0,0.0,0.0,0.0,0.0,0.0,0.0,3020.0,164.6,0.0
2050-05-19 10:00:00,2050-05-19 08:00:00,1961.1,3406.0,0.0,0.0,5367.1,1893.9,0.0,0.0,0.0,0.0342,0.0513,upv,upv,0.0,0.0,0.0,0.0,0.0,0.0,0.0,0.0,0.0,0.0,0.0,0.0,0.0,0.0,0.0,0.0,0.0,0.0,140.3,2.6,0.27,16.6,1057.6,0.06,140.4,48.1,188.5,0.0,0.0,0.0,0.0,0.0,0.0,0.0,0.0,0.0,0.0,0.0,0.0,0.0,0.0,0.0,0.0,0.0,225.3,4787.0,5012.3,5367.1,5367.1,0.0,0.0,0.0,0.0,0.0,428.4,0.0,0.0,0.0,0.0,0.0,0.0,0.0,4938.7,0.0,0.0
2050-05-19 11:00:00,2050-05-19 09:00:00,2077.9,3990.5,0.0,0.0,6068.4,2004.6,0.0,0.0,0.0,0.0353,0.0543,upv,upv,0.0,0.0,0.0,0.0,0.0,0.0,0.0,0.0,0.0,0.0,0.0,0.0,0.0,0.0,0.0,0.0,0.0,0.0,140.4,2.7,0.27,16.6,1058.7,0.06,140.6,48.2,188.7,0.0,0.0,0.0,0.0,0.0,0.0,0.0,0.0,0.0,0.0,0.0,0.0,0.0,0.0,0.0,0.0,0.0,0.0,4433.8,4433.8,6068.4,6068.4,0.0,0.0,0.0,0.0,0.0,433.8,0.0,0.0,0.0,0.0,0.0,0.0,0.0,5408.2,226.4,0.0
2050-05-19 12:00:00,2050-05-19 10:00:00,2144.2,2655.8,0.0,0.0,4800.0,2067.2,0.0,0.0,0.0,0.0359,0.0561,upv,upv,0.0,0.0,0.0,0.0,0.0,0.0,0.0,0.0,0.0,0.0,0.0,0.0,0.0,0.0,0.0,0.0,0.0,0.0,140.5,2.7,0.27,16.6,1059.4,0.06,140.7,48.2,188.9,0.0,0.0,0.0,0.0,0.0,0.0,0.0,0.0,0.0,0.0,0.0,0.0,0.0,0.0,0.0,0.0,0.0,264.8,5509.5,5774.3,4800.0,4800.0,0.0,0.0,0.0,0.0,0.0,435.2,0.0,0.0,0.0,0.0,0.0,0.0,0.0,4364.8,0.0,0.0
2050-05-19 13:00:00,2050-05-19 11:00:00,2190.5,3953.7,0.0,0.0,6144.2,2110.9,-0.0,0.0,0.0,0.0363,0.0573,upv,upv,0.0,0.0,0.0,0.0,0.0,0.0,0.0,0.0,0.0,0.0,0.0,0.0,0.0,0.0,0.0,0.0,0.0,0.0,140.6,2.7,0.27,16.6,1059.9,0.06,140.7,48.2,189.0,0.0,0.0,0.0,0.0,0.0,0.0,0.0,0.0,0.0,0.0,0.0,0.0,0.0,0.0,0.0,0.0,0.0,0.0,4437.6,4437.6,6144.2,6144.2,0.0,0.0,0.0,0.0,0.0,435.2,0.0,0.0,0.0,0.0,0.0,0.0,0.0,5436.7,272.3,0.0
2050-05-19 14:00:00,2050-05-19 12:00:00,2242.1,3849.9,0.0,0.0,6092.0,2159.5,-0.0,0.0,0.0,0.0368,0.0586,upv,upv,0.0,0.0,0.0,0.0,0.0,0.0,0.0,0.0,0.0,0.0,0.0,0.0,0.0,0.0,0.0,0.0,0.0,0.0,140.7,2.7,0.27,16.6,1060.4,0.06,140.8,48.2,189.1,0.0,0.0,0.0,0.0,0.0,0.0,0.0,0.0,0.0,0.0,0.0,0.0,0.0,0.0,0.0,0.0,0.0,278.3,4217.5,4495.8,6092.0,6092.0,0.0,0.0,0.0,0.0,0.0,435.2,0.0,0.0,0.0,0.0,0.0,0.0,0.0,5656.8,0.0,0.0
2050-05-19 15:00:00,2050-05-19 13:00:00,2302.1,2431.9,0.0,0.0,4734.0,2215.9,0.0,0.0,0.0,0.0374,0.0602,upv,upv,0.0,0.0,0.0,0.0,0.0,0.0,0.0,0.0,0.0,0.0,0.0,0.0,0.0,0.0,0.0,0.0,0.0,0.0,140.7,2.7,0.27,16.6,1061.1,0.06,140.9,48.3,189.2,0.0,0.0,0.0,0.0,0.0,0.0,0.0,0.0,0.0,0.0,0.0,0.0,0.0,0.0,0.0,0.0,0.0,279.4,5575.5,5855.0,4734.0,4734.0,0.0,0.0,0.0,0.0,0.0,435.2,0.0,0.0,0.0,0.0,0.0,0.0,0.0,4298.8,0.0,0.0
2050-05-19 16:00:00,2050-05-19 14:00:00,2389.5,2431.9,0.0,0.0,4821.4,2298.0,-0.0,0.0,0.0,0.0383,0.0625,upv,upv,0.0,0.0,0.0,0.0,0.0,0.0,0.0,0.0,0.0,0.0,0.0,0.0,0.0,0.0,0.0,0.0,0.0,0.0,140.9,2.7,0.27,16.6,1062.1,0.06,141.0,48.3,189.3,0.0,0.0,0.0,0.0,0.0,0.0,0.0,0.0,0.0,0.0,0.0,0.0,0.0,0.0,0.0,0.0,0.0,279.7,5488.2,5767.9,4821.4,4821.4,0.0,0.0,0.0,0.0,0.0,435.2,0.0,0.0,0.0,0.0,0.0,0.0,0.0,4386.1,0.0,0.0
2050-05-19 17:00:00,2050-05-19 15:00:00,2521.1,646.7,0.0,0.0,3167.7,2421.1,0.0,0.0,0.0,0.0397,0.0659,upv,upv,0.0,0.0,0.0,0.0,0.0,0.0,0.0,0.0,0.0,0.0,0.0,0.0,0.0,0.0,0.0,0.0,0.0,0.0,141.1,2.7,0.27,16.7,1063.6,0.06,141.2,48.4,189.6,0.0,0.0,0.0,0.0,0.0,0.0,0.0,0.0,0.0,0.0,0.0,0.0,0.0,0.0,0.0,0.0,0.0,279.7,7141.8,7421.5,3167.7,3167.7,0.0,0.0,0.0,0.0,0.0,435.2,0.0,0.0,0.0,0.0,0.0,0.0,0.0,2732.5,0.0,0.0
2050-05-19 18:00:00,2050-05-19 16:00:00,2595.8,1840.9,0.0,0.0,4436.7,2490.8,0.0,0.0,0.0,0.0404,0.0679,upv,upv,0.0,0.0,0.0,0.0,0.0,0.0,0.0,0.0,0.0,0.0,0.0,0.0,0.0,0.0,0.0,0.0,0.0,0.0,141.2,2.7,0.27,16.7,1064.4,0.06,141.3,48.4,189.8,0.0,0.0,0.0,0.0,0.0,0.0,0.0,0.0,0.0,0.0,0.0,0.0,0.0,0.0,0.0,0.0,0.0,0.0,5963.8,5963.8,4436.7,4436.7,0.0,0.0,0.0,0.0,0.0,427.3,0.0,0.0,0.0,0.0,0.0,0.0,0.0,3729.6,279.8,0.0
2050-05-19 19:00:00,2050-05-19 17:00:00,2716.8,1621.6,0.0,6.7,4345.2,2603.5,-1034.2,0.0,1034.2,0.0417,0.071,upv,upv,0.0,0.0,0.0,0.0,0.0,0.0,0.0,0.0,0.0,0.0,0.0,0.0,0.0,0.0,0.0,0.0,0.0,0.0,141.4,2.7,0.27,16.7,1065.9,0.06,141.5,48.5,190.0,0.0,0.0,0.0,0.0,0.0,0.0,0.0,0.0,0.0,0.0,0.0,0.0,0.0,0.0,0.0,0.0,0.0,279.2,746.9,1026.1,5379.4,5379.4,0.0,0.0,0.0,0.0,0.0,258.6,0.0,0.0,0.0,0.0,0.0,0.0,0.0,5120.8,0.0,0.0
2050-05-19 20:00:00,2050-05-19 18:00:00,2763.2,0.0,0.0,15.4,2778.6,2646.5,1865.1,445.3,1307.7,0.0422,0.0723,battery,gas-cc,0.0,0.0,0.0,0.0,0.0,0.0,0.0,0.0,0.0,0.0,0.0,0.0,0.0,0.0,0.0,0.0,0.0,0.0,152.2,2.9,0.29,18.0,1147.2,0.07,152.3,52.2,204.5,379.2,7.1,0.71,44.8,2861.4,0.16,379.6,130.1,509.7,26.22,0.0,0.0,26.22,28.26,0.0,0.0,28.26,0.0,0.0,0.0,3641.0,913.5,2727.5,0.0,0.0,0.0,0.0,27.1,0.0,0.0,0.0,0.0,0.0,0.0,0.0,615.5,270.8,0.0
2050-05-19 21:00:00,2050-05-19 19:00:00,2683.2,0.0,0.0,16.8,2699.9,2572.2,2439.8,445.3,1515.5,0.0414,0.0702,battery,gas-cc,0.0,0.0,0.0,0.0,0.0,0.0,0.0,0.0,0.0,0.0,0.0,0.0,0.0,0.0,0.0,0.0,0.0,0.0,142.6,2.7,0.27,16.8,1075.0,0.06,142.7,48.9,191.6,378.3,7.1,0.71,44.7,2855.0,0.16,378.7,129.8,508.6,26.22,0.0,0.0,26.22,28.19,0.0,0.0,28.19,0.0,0.0,0.0,3770.1,260.2,3509.9,0.0,0.0,0.0,0.0,0.0,0.0,0.0,0.0,0.0,0.0,0.0,0.0,0.0,260.2,0.0
2050-05-19 22:00:00,2050-05-19 20:00:00,2549.5,0.0,0.0,17.6,2567.0,2447.6,2340.8,445.3,1640.0,0.0399,0.0667,battery,gas-cc,0.0,0.0,0.0,0.0,0.0,0.0,0.0,0.0,0.0,0.0,0.0,0.0,0.0,0.0,0.0,0.0,0.0,0.0,142.3,2.7,0.27,16.8,1073.2,0.06,142.5,48.8,191.3,339.2,6.4,0.64,40.1,2559.9,0.15,339.6,116.4,456.0,26.22,0.0,0.0,26.22,28.09,0.0,0.0,28.09,0.0,0.0,0.0,3761.7,226.2,3535.4,0.0,0.0,0.0,0.0,0.0,0.0,0.0,0.0,0.0,0.0,0.0,0.0,0.0,226.2,0.0
2050-05-19 23:00:00,2050-05-19 21:00:00,2343.2,0.0,0.0,16.4,2359.6,2254.5,2189.5,445.3,1467.0,0.0378,0.0613,battery,gas-cc,0.0,0.0,0.0,0.0,0.0,0.0,0.0,0.0,0.0,0.0,0.0,0.0,0.0,0.0,0.0,0.0,0.0,0.0,142.0,2.7,0.27,16.8,1070.7,0.06,142.2,48.7,190.9,374.8,7.1,0.71,44.3,2827.9,0.16,375.2,128.6,503.7,26.22,0.0,0.0,26.22,27.93,0.0,0.0,27.93,0.0,0.0,0.0,3381.3,170.1,3211.2,0.0,0.0,0.0,0.0,0.0,0.0,0.0,0.0,0.0,0.0,0.0,0.0,0.0,170.1,0.0
2050-05-20 00:00:00,2050-05-19 22:00:00,2133.7,0.0,0.0,7.4,2141.1,2057.3,2014.9,445.3,83.0,0.0358,0.0558,battery,gas-cc,0.0,0.0,0.0,0.0,0.0,0.0,0.0,0.0,0.0,0.0,0.0,0.0,0.0,0.0,0.0,0.0,0.0,0.0,143.9,2.7,0.27,17.0,1084.7,0.06,144.0,49.3,193.4,372.6,7.0,0.7,44.0,2811.5,0.16,373.0,127.8,500.8,26.22,0.0,0.0,26.22,27.76,0.0,0.0,27.76,0.0,0.0,0.0,1778.8,126.2,1652.6,0.0,0.0,0.0,0.0,0.0,0.0,0.0,0.0,0.0,0.0,0.0,0.0,0.0,126.2,0.0
2050-05-20 01:00:00,2050-05-19 23:00:00,1891.6,0.0,0.0,8.3,1899.8,1827.9,1813.5,445.3,210.4,0.0336,0.0495,battery,gas-cc,0.0,0.0,0.0,0.0,0.0,0.0,0.0,0.0,0.0,0.0,0.0,0.0,0.0,0.0,0.0,0.0,0.0,0.0,141.1,2.7,0.27,16.7,1063.8,0.06,141.3,48.4,189.6,370.1,7.0,0.7,43.7,2792.8,0.16,370.5,127.0,497.5,26.22,0.0,0.0,26.22,27.58,0.0,0.0,27.58,0.0,0.0,0.0,1665.0,86.4,1578.6,0.0,0.0,0.0,0.0,0.0,0.0,0.0,0.0,0.0,0.0,0.0,0.0,0.0,86.4,0.0
2050-05-20 02:00:00,2050-05-20 00:00:00,1662.1,0.0,0.0,14.2,1676.3,1609.1,1600.8,445.3,1122.9,0.0319,0.0435,battery,gas-cc,0.0,0.0,0.0,0.0,0.0,0.0,0.0,0.0,0.0,0.0,0.0,0.0,0.0,0.0,0.0,0.0,0.0,0.0,144.4,2.7,0.27,17.1,1088.4,0.06,144.5,49.5,194.0,331.0,6.2,0.62,39.1,2497.8,0.14,331.4,113.6,444.9,26.22,0.0,0.0,26.22,27.41,0.0,0.0,27.41,0.0,0.0,0.0,2353.9,75.5,2278.5,0.0,0.0,0.0,0.0,0.0,0.0,0.0,0.0,0.0,0.0,0.0,0.0,0.0,75.5,0.0
2050-05-20 03:00:00,2050-05-20 01:00:00,1487.4,0.0,0.0,12.1,1499.5,1441.6,1427.2,445.3,798.0,0.0308,0.0389,battery,gas-cc,0.0,0.0,0.0,0.0,0.0,0.0,0.0,0.0,0.0,0.0,0.0,0.0,0.0,0.0,0.0,0.0,0.0,0.0,145.0,2.7,0.27,17.1,1093.4,0.06,145.2,49.7,194.9,366.0,6.9,0.69,43.2,2762.1,0.16,366.4,125.6,492.0,26.22,0.0,0.0,26.22,27.28,0.0,0.0,27.28,0.0,0.0,0.0,1852.2,72.2,1779.9,0.0,0.0,0.0,0.0,0.0,0.0,0.0,0.0,0.0,0.0,0.0,0.0,0.0,72.2,0.0
2050-05-20 04:00:00,2050-05-20 02:00:00,1376.8,0.0,0.0,12.7,1389.5,1335.2,1334.0,393.1,1015.5,0.0302,0.036,gas-cc,gas-cc,0.0,0.0,0.0,0.0,0.0,0.0,0.0,0.0,0.0,0.0,0.0,0.0,0.0,0.0,0.0,0.0,0.0,0.0,147.2,2.8,0.28,17.4,1109.6,0.06,147.3,50.5,197.8,364.9,6.9,0.69,43.1,2753.8,0.16,365.3,125.2,490.5,26.22,0.0,0.0,26.22,27.19,0.0,0.0,27.19,0.0,0.0,0.0,2011.9,55.5,1956.4,0.0,0.0,0.0,0.0,0.0,0.0,0.0,0.0,0.0,0.0,0.0,0.0,0.0,55.5,0.0
2050-05-20 05:00:00,2050-05-20 03:00:00,1275.8,0.0,0.0,11.4,1287.2,1237.6,1248.8,159.1,1371.2,0.0299,0.0334,gas-cc,gas-cc,0.0,0.0,0.0,0.0,0.0,0.0,0.0,0.0,0.0,0.0,0.0,0.0,0.0,0.0,0.0,0.0,0.0,0.0,155.7,2.9,0.29,18.4,1174.3,0.07,155.9,53.4,209.3,363.9,6.9,0.69,43.0,2746.3,0.16,364.3,124.9,489.2,26.22,0.0,0.0,26.22,27.12,0.0,0.0,27.12,0.0,0.0,0.0,2499.3,38.3,2461.0,0.0,0.0,0.0,0.0,0.0,0.0,0.0,0.0,0.0,0.0,0.0,0.0,0.0,38.3,0.0
2050-05-20 06:00:00,2050-05-20 04:00:00,1227.4,0.0,0.0,13.2,1240.5,1190.8,1217.3,426.5,1009.6,0.0298,0.0321,gas-cc,gas-cc,0.0,0.0,0.0,0.0,0.0,0.0,0.0,0.0,0.0,0.0,0.0,0.0,0.0,0.0,0.0,0.0,0.0,0.0,154.0,2.9,0.29,18.2,1161.4,0.07,154.2,52.8,207.0,363.5,6.8,0.68,42.9,2742.7,0.16,363.8,124.7,488.6,26.22,0.0,0.0,26.22,27.09,0.0,0.0,27.09,0.0,0.0,0.0,1823.6,23.2,1800.4,0.0,0.0,0.0,0.0,0.0,0.0,0.0,0.0,0.0,0.0,0.0,0.0,0.0,23.2,0.0
2050-05-20 07:00:00,2050-05-20 05:00:00,1193.7,0.0,0.0,4.4,1198.1,1158.2,-674.7,0.0,674.7,0.0297,0.0312,wind-ons,wind-ons,0.0,0.0,0.0,0.0,0.0,0.0,0.0,0.0,0.0,0.0,0.0,0.0,0.0,0.0,0.0,0.0,0.0,0.0,139.6,2.6,0.26,16.5,1052.7,0.06,139.8,47.9,187.7,0.0,0.0,0.0,0.0,0.0,0.0,0.0,0.0,0.0,0.0,0.0,0.0,0.0,0.0,0.0,0.0,0.0,0.0,0.0,0.0,1872.8,1872.8,0.0,0.0,0.0,0.0,0.0,78.5,0.0,0.0,0.0,0.0,0.0,0.0,0.0,1782.0,12.3,0.0
2050-05-20 08:00:00,2050-05-20 06:00:00,1263.2,2268.3,0.0,0.0,3531.5,1225.4,-0.0,0.0,0.0,0.0299,0.033,upv,upv,0.0,0.0,0.0,0.0,0.0,0.0,0.0,0.0,0.0,0.0,0.0,0.0,0.0,0.0,0.0,0.0,0.0,0.0,139.7,2.6,0.26,16.5,1052.8,0.06,139.8,47.9,187.7,0.0,0.0,0.0,0.0,0.0,0.0,0.0,0.0,0.0,0.0,0.0,0.0,0.0,0.0,0.0,0.0,0.0,2.6,4018.4,4021.1,3531.5,3531.5,0.0,0.0,0.0,0.0,0.0,318.7,0.0,0.0,0.0,0.0,0.0,0.0,0.0,3212.8,0.0,0.0
2050-05-20 09:00:00,2050-05-20 07:00:00,1373.7,1652.6,0.0,0.0,3026.3,1332.2,-0.0,0.0,0.0,0.0302,0.0359,upv,upv,0.0,0.0,0.0,0.0,0.0,0.0,0.0,0.0,0.0,0.0,0.0,0.0,0.0,0.0,0.0,0.0,0.0,0.0,139.7,2.6,0.26,16.5,1053.2,0.06,139.9,47.9,187.8,0.0,0.0,0.0,0.0,0.0,0.0,0.0,0.0,0.0,0.0,0.0,0.0,0.0,0.0,0.0,0.0,0.0,0.0,7094.4,7094.4,3026.3,3026.3,0.0,0.0,0.0,0.0,0.0,427.3,0.0,0.0,0.0,0.0,0.0,0.0,0.0,2599.0,0.0,0.0
2050-05-20 10:00:00,2050-05-20 08:00:00,1507.4,1652.6,0.0,0.0,3160.0,1460.8,0.0,0.0,0.0,0.0309,0.0394,upv,upv,0.0,0.0,0.0,0.0,0.0,0.0,0.0,0.0,0.0,0.0,0.0,0.0,0.0,0.0,0.0,0.0,0.0,0.0,139.8,2.6,0.26,16.5,1053.9,0.06,140.0,47.9,187.9,0.0,0.0,0.0,0.0,0.0,0.0,0.0,0.0,0.0,0.0,0.0,0.0,0.0,0.0,0.0,0.0,0.0,0.0,7149.6,7149.6,3160.0,3160.0,0.0,0.0,0.0,0.0,0.0,435.2,0.0,0.0,0.0,0.0,0.0,0.0,0.0,2724.7,0.0,0.0
2050-05-20 11:00:00,2050-05-20 09:00:00,1665.3,1773.0,0.0,0.0,3438.3,1612.1,0.0,0.0,0.0,0.0319,0.0435,upv,upv,0.0,0.0,0.0,0.0,0.0,0.0,0.0,0.0,0.0,0.0,0.0,0.0,0.0,0.0,0.0,0.0,0.0,0.0,139.9,2.6,0.26,16.5,1055.0,0.06,140.1,48.0,188.1,0.0,0.0,0.0,0.0,0.0,0.0,0.0,0.0,0.0,0.0,0.0,0.0,0.0,0.0,0.0,0.0,0.0,0.0,6871.2,6871.2,3438.3,3438.3,0.0,0.0,0.0,0.0,0.0,435.2,0.0,0.0,0.0,0.0,0.0,0.0,0.0,3003.1,0.0,0.0
2050-05-20 12:00:00,2050-05-20 10:00:00,1850.5,2237.1,0.0,0.0,4087.6,1788.9,0.0,0.0,0.0,0.0333,0.0484,upv,upv,0.0,0.0,0.0,0.0,0.0,0.0,0.0,0.0,0.0,0.0,0.0,0.0,0.0,0.0,0.0,0.0,0.0,0.0,140.1,2.6,0.27,16.6,1056.6,0.06,140.3,48.1,188.4,0.0,0.0,0.0,0.0,0.0,0.0,0.0,0.0,0.0,0.0,0.0,0.0,0.0,0.0,0.0,0.0,0.0,0.0,6221.9,6221.9,4087.6,4087.6,0.0,0.0,0.0,0.0,0.0,435.2,0.0,0.0,0.0,0.0,0.0,0.0,0.0,3652.4,0.0,0.0
2050-05-20 13:00:00,2050-05-20 11:00:00,1992.6,3208.4,0.0,0.0,5201.0,1923.9,-0.0,0.0,0.0,0.0345,0.0521,upv,upv,0.0,0.0,0.0,0.0,0.0,0.0,0.0,0.0,0.0,0.0,0.0,0.0,0.0,0.0,0.0,0.0,0.0,0.0,140.3,2.6,0.27,16.6,1057.9,0.06,140.5,48.1,188.6,0.0,0.0,0.0,0.0,0.0,0.0,0.0,0.0,0.0,0.0,0.0,0.0,0.0,0.0,0.0,0.0,0.0,0.4,5101.7,5102.1,5201.0,5201.0,0.0,0.0,0.0,0.0,0.0,434.9,0.0,0.0,0.0,0.0,0.0,0.0,0.0,4766.1,0.0,0.0
2050-05-20 14:00:00,2050-05-20 12:00:00,2142.1,2431.9,0.0,0.0,4574.0,2065.2,0.0,0.0,0.0,0.0359,0.056,upv,upv,0.0,0.0,0.0,0.0,0.0,0.0,0.0,0.0,0.0,0.0,0.0,0.0,0.0,0.0,0.0,0.0,0.0,0.0,140.5,2.7,0.27,16.6,1059.4,0.06,140.7,48.2,188.9,0.0,0.0,0.0,0.0,0.0,0.0,0.0,0.0,0.0,0.0,0.0,0.0,0.0,0.0,0.0,0.0,0.0,2.8,5735.5,5738.4,4574.0,4574.0,0.0,0.0,0.0,0.0,0.0,435.2,0.0,0.0,0.0,0.0,0.0,0.0,0.0,4138.8,0.0,0.0
2050-05-20 15:00:00,2050-05-20 13:00:00,2273.7,3725.8,0.0,0.0,5999.5,2189.2,0.0,0.0,0.0,0.0371,0.0595,upv,upv,0.0,0.0,0.0,0.0,0.0,0.0,0.0,0.0,0.0,0.0,0.0,0.0,0.0,0.0,0.0,0.0,0.0,0.0,140.7,2.7,0.27,16.6,1060.8,0.06,140.9,48.3,189.1,0.0,0.0,0.0,0.0,0.0,0.0,0.0,0.0,0.0,0.0,0.0,0.0,0.0,0.0,0.0,0.0,0.0,8.1,4310.0,4318.1,5999.5,5999.5,0.0,0.0,0.0,0.0,0.0,435.2,0.0,0.0,0.0,0.0,0.0,0.0,0.0,5564.3,0.0,0.0
2050-05-20 16:00:00,2050-05-20 14:00:00,2400.0,2561.8,0.0,0.0,4961.8,2307.8,-0.0,0.0,0.0,0.0384,0.0628,upv,upv,0.0,0.0,0.0,0.0,0.0,0.0,0.0,0.0,0.0,0.0,0.0,0.0,0.0,0.0,0.0,0.0,0.0,0.0,140.9,2.7,0.27,16.6,1062.2,0.06,141.0,48.3,189.4,0.0,0.0,0.0,0.0,0.0,0.0,0.0,0.0,0.0,0.0,0.0,0.0,0.0,0.0,0.0,0.0,0.0,14.2,5347.7,5361.9,4961.8,4961.8,0.0,0.0,0.0,0.0,0.0,435.2,0.0,0.0,0.0,0.0,0.0,0.0,0.0,4526.6,0.0,0.0
2050-05-20 17:00:00,2050-05-20 15:00:00,2500.0,4019.6,0.0,0.0,6519.6,2401.4,0.0,0.0,0.0,0.0394,0.0654,upv,upv,0.0,0.0,0.0,0.0,0.0,0.0,0.0,0.0,0.0,0.0,0.0,0.0,0.0,0.0,0.0,0.0,0.0,0.0,141.0,2.7,0.27,16.7,1063.3,0.06,141.2,48.4,189.6,0.0,0.0,0.0,0.0,0.0,0.0,0.0,0.0,0.0,0.0,0.0,0.0,0.0,0.0,0.0,0.0,0.0,0.0,3807.9,3807.9,6519.6,6519.6,0.0,0.0,0.0,0.0,0.0,435.2,0.0,0.0,0.0,0.0,0.0,0.0,0.0,6066.5,17.9,0.0
2050-05-20 18:00:00,2050-05-20 16:00:00,2608.4,2850.6,0.0,0.0,5459.1,2502.6,0.0,0.0,0.0,0.0406,0.0682,upv,upv,0.0,0.0,0.0,0.0,0.0,0.0,0.0,0.0,0.0,0.0,0.0,0.0,0.0,0.0,0.0,0.0,0.0,0.0,141.5,2.7,0.27,16.7,1067.1,0.06,141.7,48.5,190.2,0.0,0.0,0.0,0.0,0.0,0.0,0.0,0.0,0.0,0.0,0.0,0.0,0.0,0.0,0.0,0.0,0.0,0.0,4371.3,4371.3,5459.1,5459.1,0.0,0.0,0.0,0.0,0.0,413.9,0.0,0.0,0.0,0.0,0.0,0.0,0.0,5024.8,20.4,0.0
2050-05-20 19:00:00,2050-05-20 17:00:00,2660.0,2784.7,0.0,0.0,5444.7,2550.6,0.0,0.0,0.0,0.0411,0.0696,upv,upv,0.0,0.0,0.0,0.0,0.0,0.0,0.0,0.0,0.0,0.0,0.0,0.0,0.0,0.0,0.0,0.0,0.0,0.0,141.3,2.7,0.27,16.7,1065.2,0.06,141.4,48.5,189.9,0.0,0.0,0.0,0.0,0.0,0.0,0.0,0.0,0.0,0.0,0.0,0.0,0.0,0.0,0.0,0.0,0.0,0.0,631.0,631.0,5444.7,5444.7,0.0,0.0,0.0,0.0,0.0,255.1,0.0,0.0,0.0,0.0,0.0,0.0,0.0,5159.2,30.4,0.0
2050-05-20 20:00:00,2050-05-20 18:00:00,2665.3,0.0,0.0,5.9,2671.2,2555.5,1910.6,0.0,911.0,0.0412,0.0697,battery,gas-cc,0.0,0.0,0.0,0.0,0.0,0.0,0.0,0.0,0.0,0.0,0.0,0.0,0.0,0.0,0.0,0.0,0.0,0.0,142.4,2.7,0.27,16.8,1073.7,0.06,142.6,48.8,191.4,346.5,6.5,0.65,40.9,2614.7,0.15,346.9,118.9,465.8,26.94,0.0,0.0,26.94,28.96,0.0,0.0,28.96,0.0,0.0,0.0,3582.1,760.6,2821.5,0.0,0.0,0.0,0.0,29.4,0.0,0.0,0.0,0.0,0.0,0.0,0.0,667.2,64.0,0.0
2050-05-20 21:00:00,2050-05-20 19:00:00,2580.0,0.0,0.0,9.8,2589.8,2476.1,2480.9,0.0,1512.6,0.0403,0.0675,battery,gas-cc,0.0,0.0,0.0,0.0,0.0,0.0,0.0,0.0,0.0,0.0,0.0,0.0,0.0,0.0,0.0,0.0,0.0,0.0,142.3,2.7,0.27,16.8,1072.9,0.06,142.5,48.8,191.3,345.7,6.5,0.65,40.8,2608.4,0.15,346.0,118.6,464.6,26.94,0.0,0.0,26.94,28.89,0.0,0.0,28.89,0.0,0.0,0.0,4102.5,108.9,3993.6,0.0,0.0,0.0,0.0,0.0,0.0,0.0,0.0,0.0,0.0,0.0,0.0,0.0,108.9,0.0
2050-05-20 22:00:00,2050-05-20 20:00:00,2464.2,0.0,0.0,7.9,2472.1,2368.0,2382.9,0.0,1217.9,0.0391,0.0644,battery,gas-cc,0.0,0.0,0.0,0.0,0.0,0.0,0.0,0.0,0.0,0.0,0.0,0.0,0.0,0.0,0.0,0.0,0.0,0.0,142.3,2.7,0.27,16.8,1073.0,0.06,142.5,48.8,191.3,344.5,6.5,0.65,40.7,2600.0,0.15,344.9,118.2,463.1,26.94,0.0,0.0,26.94,28.79,0.0,0.0,28.79,0.0,0.0,0.0,3690.0,89.2,3600.8,0.0,0.0,0.0,0.0,0.0,0.0,0.0,0.0,0.0,0.0,0.0,0.0,0.0,89.2,0.0
2050-05-20 23:00:00,2050-05-20 21:00:00,2288.4,0.0,0.0,0.7,2289.1,2203.1,2230.2,0.0,107.7,0.0373,0.0598,battery,gas-cc,0.0,0.0,0.0,0.0,0.0,0.0,0.0,0.0,0.0,0.0,0.0,0.0,0.0,0.0,0.0,0.0,0.0,0.0,142.0,2.7,0.27,16.8,1070.5,0.06,142.1,48.7,190.8,342.9,6.5,0.65,40.5,2587.3,0.15,343.2,117.6,460.9,26.94,0.0,0.0,26.94,28.65,0.0,0.0,28.65,0.0,0.0,0.0,2396.8,59.0,2337.9,0.0,0.0,0.0,0.0,0.0,0.0,0.0,0.0,0.0,0.0,0.0,0.0,0.0,59.0,0.0
2050-05-21 00:00:00,2050-05-20 22:00:00,2080.0,0.0,0.0,18.0,2098.0,2006.6,2070.2,0.0,2110.8,0.0353,0.0544,gas-cc,gas-cc,59.6,1.1,0.11,7.0,449.7,0.03,59.7,20.5,80.1,61.8,1.2,0.12,7.3,466.2,0.03,61.8,21.2,83.0,175.6,3.3,0.33,20.7,1324.0,0.08,175.7,60.2,236.0,372.0,7.0,0.7,43.9,2807.4,0.16,372.4,127.7,500.1,33.36,0.0,0.0,33.36,35.27,0.0,0.0,35.27,0.0,0.0,0.0,4208.7,27.7,3488.8,0.0,0.0,0.0,0.0,0.0,692.2,0.0,0.0,0.0,0.0,0.0,0.0,0.0,27.7,0.0
2050-05-21 01:00:00,2050-05-20 23:00:00,1878.9,0.0,0.0,10.5,1889.5,1815.9,1879.7,0.0,1621.3,0.0335,0.0491,gas-cc,gas-cc,60.6,1.1,0.11,7.2,457.3,0.03,60.7,20.8,81.5,62.7,1.2,0.12,7.4,473.2,0.03,62.8,21.5,84.3,153.6,2.9,0.29,18.1,1158.3,0.07,153.8,52.7,206.5,381.1,7.2,0.72,45.0,2876.1,0.17,381.5,130.8,512.3,33.36,0.0,0.0,33.36,35.08,0.0,0.0,35.08,0.0,0.0,0.0,3510.8,9.8,2914.0,0.0,0.0,0.0,0.0,0.0,587.1,0.0,0.0,0.0,0.0,0.0,0.0,0.0,9.8,0.0
2050-05-21 02:00:00,2050-05-21 00:00:00,1683.2,0.0,0.0,7.6,1690.7,1629.3,1683.4,0.0,1164.2,0.032,0.044,battery,gas-cc,104.2,2.0,0.2,12.3,786.2,0.05,104.3,35.7,140.1,107.6,2.0,0.2,12.7,812.2,0.05,107.8,36.9,144.7,141.3,2.7,0.27,16.7,1065.1,0.06,141.4,48.5,189.9,379.1,7.1,0.71,44.8,2860.6,0.16,379.5,130.1,509.6,33.36,0.0,0.0,33.36,34.89,0.0,0.0,34.89,0.0,0.0,0.0,2855.0,7.4,2026.8,0.0,0.0,0.0,0.0,0.0,820.8,0.0,0.0,0.0,0.0,0.0,0.0,0.0,7.4,0.0
2050-05-21 03:00:00,2050-05-21 01:00:00,1515.8,0.0,0.0,1.4,1517.2,1468.9,1509.2,0.0,211.3,0.0309,0.0396,battery,gas-cc,0.0,0.0,0.0,0.0,0.0,0.0,0.0,0.0,0.0,0.0,0.0,0.0,0.0,0.0,0.0,0.0,0.0,0.0,178.1,3.4,0.34,21.0,1342.8,0.08,178.2,61.1,239.3,377.4,7.1,0.71,44.6,2847.6,0.16,377.8,129.5,507.2,33.36,0.0,0.0,33.36,34.73,0.0,0.0,34.73,0.0,0.0,0.0,1728.4,8.0,1720.4,0.0,0.0,0.0,0.0,0.0,0.0,0.0,0.0,0.0,0.0,0.0,0.0,0.0,8.0,0.0
2050-05-21 04:00:00,2050-05-21 02:00:00,1402.1,0.0,0.0,4.6,1406.7,1359.5,1397.9,0.0,701.9,0.0304,0.0367,battery,gas-cc,0.0,0.0,0.0,0.0,0.0,0.0,0.0,0.0,0.0,0.0,0.0,0.0,0.0,0.0,0.0,0.0,0.0,0.0,167.5,3.2,0.32,19.8,1263.1,0.07,167.7,57.4,225.1,376.2,7.1,0.71,44.4,2838.8,0.16,376.6,129.1,505.7,33.36,0.0,0.0,33.36,34.63,0.0,0.0,34.63,0.0,0.0,0.0,2108.6,8.7,2099.8,0.0,0.0,0.0,0.0,0.0,0.0,0.0,0.0,0.0,0.0,0.0,0.0,0.0,8.7,0.0
2050-05-21 05:00:00,2050-05-21 03:00:00,1316.8,0.0,0.0,0.4,1317.2,1277.3,1305.6,0.0,54.0,0.03,0.0344,battery,gas-cc,216.9,4.1,0.41,25.6,1637.1,0.09,217.2,74.4,291.6,223.7,4.2,0.42,26.4,1687.7,0.1,223.9,76.7,300.6,140.8,2.7,0.27,16.6,1061.5,0.06,141.0,48.3,189.2,375.3,7.1,0.71,44.3,2832.3,0.16,375.7,128.8,504.5,33.36,0.0,0.0,33.36,34.55,0.0,0.0,34.55,0.0,0.0,0.0,1371.2,11.6,538.8,0.0,0.0,0.0,0.0,0.0,820.8,0.0,0.0,0.0,0.0,0.0,0.0,0.0,11.6,0.0
2050-05-21 06:00:00,2050-05-21 04:00:00,1268.4,0.0,0.0,4.8,1273.2,1230.5,1258.8,309.8,0.0,0.0299,0.0332,battery,gas-cc,0.0,0.0,0.0,0.0,0.0,0.0,0.0,0.0,0.0,0.0,0.0,0.0,0.0,0.0,0.0,0.0,0.0,0.0,153.6,2.9,0.29,18.1,1158.1,0.07,153.7,52.7,206.4,374.8,7.1,0.71,44.3,2828.6,0.16,375.2,128.6,503.9,33.36,0.0,0.0,33.36,34.5,0.0,0.0,34.5,0.0,0.0,0.0,963.4,14.4,949.0,0.0,0.0,0.0,0.0,0.0,0.0,0.0,0.0,0.0,0.0,0.0,0.0,0.0,14.4,0.0
2050-05-21 07:00:00,2050-05-21 05:00:00,1229.5,0.0,0.0,14.4,1243.8,1192.8,-704.4,445.3,1149.7,0.0298,0.0322,upv,upv,0.0,0.0,0.0,0.0,0.0,0.0,0.0,0.0,0.0,0.0,0.0,0.0,0.0,0.0,0.0,0.0,0.0,0.0,140.0,2.6,0.26,16.5,1055.2,0.06,140.1,48.0,188.1,0.0,0.0,0.0,0.0,0.0,0.0,0.0,0.0,0.0,5.15,0.0,0.0,5.15,5.32,0.0,0.0,5.32,0.0,0.0,0.0,1948.2,1948.2,0.0,0.0,0.0,0.0,0.0,81.4,0.0,0.0,0.0,0.0,0.0,0.0,0.0,1848.2,18.6,0.0
2050-05-21 08:00:00,2050-05-21 06:00:00,1260.0,1620.8,0.0,0.0,2880.8,1222.4,0.0,0.0,0.0,0.0299,0.033,upv,upv,0.0,0.0,0.0,0.0,0.0,0.0,0.0,0.0,0.0,0.0,0.0,0.0,0.0,0.0,0.0,0.0,0.0,0.0,139.7,2.6,0.26,16.5,1052.8,0.06,139.8,47.9,187.7,0.0,0.0,0.0,0.0,0.0,0.0,0.0,0.0,0.0,0.0,0.0,0.0,0.0,0.0,0.0,0.0,0.0,0.0,4773.9,4773.9,2880.8,2880.8,0.0,0.0,0.0,0.0,0.0,322.1,0.0,0.0,0.0,0.0,0.0,0.0,0.0,2534.9,23.8,0.0
2050-05-21 09:00:00,2050-05-21 07:00:00,1363.2,3028.3,0.0,0.0,4391.5,1322.0,0.0,0.0,0.0,0.0302,0.0356,upv,upv,0.0,0.0,0.0,0.0,0.0,0.0,0.0,0.0,0.0,0.0,0.0,0.0,0.0,0.0,0.0,0.0,0.0,0.0,139.7,2.6,0.26,16.5,1053.2,0.06,139.9,47.9,187.8,0.0,0.0,0.0,0.0,0.0,0.0,0.0,0.0,0.0,0.0,0.0,0.0,0.0,0.0,0.0,0.0,0.0,13.0,5796.3,5809.3,4391.5,4391.5,0.0,0.0,0.0,0.0,0.0,429.8,0.0,0.0,0.0,0.0,0.0,0.0,0.0,3961.7,0.0,0.0
2050-05-21 10:00:00,2050-05-21 08:00:00,1512.6,2626.7,0.0,0.0,4139.4,1465.9,0.0,0.0,0.0,0.0309,0.0396,upv,upv,0.0,0.0,0.0,0.0,0.0,0.0,0.0,0.0,0.0,0.0,0.0,0.0,0.0,0.0,0.0,0.0,0.0,0.0,139.8,2.6,0.26,16.5,1054.0,0.06,140.0,47.9,187.9,0.0,0.0,0.0,0.0,0.0,0.0,0.0,0.0,0.0,0.0,0.0,0.0,0.0,0.0,0.0,0.0,0.0,12.5,6170.2,6182.7,4139.4,4139.4,0.0,0.0,0.0,0.0,0.0,0.0,0.0,0.0,0.0,0.0,0.0,0.0,0.0,4139.4,0.0,0.0
2050-05-21 11:00:00,2050-05-21 09:00:00,1695.8,2431.9,0.0,0.0,4127.7,1641.3,0.0,0.0,0.0,0.0321,0.0443,upv,upv,0.0,0.0,0.0,0.0,0.0,0.0,0.0,0.0,0.0,0.0,0.0,0.0,0.0,0.0,0.0,0.0,0.0,0.0,140.0,2.6,0.26,16.5,1055.3,0.06,140.1,48.0,188.1,0.0,0.0,0.0,0.0,0.0,0.0,0.0,0.0,0.0,0.0,0.0,0.0,0.0,0.0,0.0,0.0,0.0,9.8,6181.8,6191.6,4127.7,4127.7,0.0,0.0,0.0,0.0,0.0,0.0,0.0,0.0,0.0,0.0,0.0,0.0,0.0,4127.7,0.0,0.0
2050-05-21 12:00:00,2050-05-21 10:00:00,1923.2,2431.9,0.0,0.0,4355.1,1857.9,0.0,0.0,0.0,0.0339,0.0503,upv,upv,0.0,0.0,0.0,0.0,0.0,0.0,0.0,0.0,0.0,0.0,0.0,0.0,0.0,0.0,0.0,0.0,0.0,0.0,140.2,2.6,0.27,16.6,1057.2,0.06,140.4,48.1,188.5,0.0,0.0,0.0,0.0,0.0,0.0,0.0,0.0,0.0,0.0,0.0,0.0,0.0,0.0,0.0,0.0,0.0,2.9,5954.5,5957.4,4355.1,4355.1,0.0,0.0,0.0,0.0,0.0,0.0,0.0,0.0,0.0,0.0,0.0,0.0,0.0,4355.1,0.0,0.0
2050-05-21 13:00:00,2050-05-21 11:00:00,2108.4,4014.7,0.0,0.0,6123.1,2033.4,0.0,0.0,0.0,0.0356,0.0551,upv,upv,0.0,0.0,0.0,0.0,0.0,0.0,0.0,0.0,0.0,0.0,0.0,0.0,0.0,0.0,0.0,0.0,0.0,0.0,140.5,2.7,0.27,16.6,1059.0,0.06,140.6,48.2,188.8,0.0,0.0,0.0,0.0,0.0,0.0,0.0,0.0,0.0,0.0,0.0,0.0,0.0,0.0,0.0,0.0,0.0,0.4,4186.5,4186.8,6123.1,6123.1,0.0,0.0,0.0,0.0,0.0,435.2,0.0,0.0,0.0,0.0,0.0,0.0,0.0,5687.8,0.0,0.0
2050-05-21 14:00:00,2050-05-21 12:00:00,2306.3,2461.0,0.0,0.0,4767.3,2219.9,-0.0,0.0,0.0,0.0375,0.0603,upv,upv,0.0,0.0,0.0,0.0,0.0,0.0,0.0,0.0,0.0,0.0,0.0,0.0,0.0,0.0,0.0,0.0,0.0,0.0,140.8,2.7,0.27,16.6,1061.1,0.06,140.9,48.3,189.2,0.0,0.0,0.0,0.0,0.0,0.0,0.0,0.0,0.0,0.0,0.0,0.0,0.0,0.0,0.0,0.0,0.0,0.0,5542.2,5542.3,4767.3,4767.3,0.0,0.0,0.0,0.0,0.0,435.2,0.0,0.0,0.0,0.0,0.0,0.0,0.0,4332.1,0.0,0.0
2050-05-21 15:00:00,2050-05-21 13:00:00,2489.5,2461.0,0.0,0.0,4950.5,2391.6,-0.0,0.0,0.0,0.0393,0.0651,upv,upv,0.0,0.0,0.0,0.0,0.0,0.0,0.0,0.0,0.0,0.0,0.0,0.0,0.0,0.0,0.0,0.0,0.0,0.0,141.0,2.7,0.27,16.7,1063.2,0.06,141.2,48.4,189.5,0.0,0.0,0.0,0.0,0.0,0.0,0.0,0.0,0.0,0.0,0.0,0.0,0.0,0.0,0.0,0.0,0.0,0.1,5359.1,5359.2,4950.5,4950.5,0.0,0.0,0.0,0.0,0.0,435.2,0.0,0.0,0.0,0.0,0.0,0.0,0.0,4515.2,0.0,0.0
2050-05-21 16:00:00,2050-05-21 14:00:00,2633.7,2461.0,0.0,0.0,5094.7,2526.1,0.0,0.0,0.0,0.0408,0.0689,upv,upv,0.0,0.0,0.0,0.0,0.0,0.0,0.0,0.0,0.0,0.0,0.0,0.0,0.0,0.0,0.0,0.0,0.0,0.0,141.2,2.7,0.27,16.7,1064.9,0.06,141.4,48.4,189.8,0.0,0.0,0.0,0.0,0.0,0.0,0.0,0.0,0.0,0.0,0.0,0.0,0.0,0.0,0.0,0.0,0.0,1.3,5214.9,5216.1,5094.7,5094.7,0.0,0.0,0.0,0.0,0.0,435.2,0.0,0.0,0.0,0.0,0.0,0.0,0.0,4659.4,0.0,0.0
2050-05-21 17:00:00,2050-05-21 15:00:00,2791.6,3756.0,0.0,0.0,6547.6,2672.8,0.0,0.0,0.0,0.0425,0.073,upv,upv,0.0,0.0,0.0,0.0,0.0,0.0,0.0,0.0,0.0,0.0,0.0,0.0,0.0,0.0,0.0,0.0,0.0,0.0,141.5,2.7,0.27,16.7,1066.8,0.06,141.7,48.5,190.2,0.0,0.0,0.0,0.0,0.0,0.0,0.0,0.0,0.0,0.0,0.0,0.0,0.0,0.0,0.0,0.0,0.0,2.1,3755.1,3757.2,6547.6,6547.6,0.0,0.0,0.0,0.0,0.0,434.9,0.0,0.0,0.0,0.0,0.0,0.0,0.0,6112.7,0.0,0.0
2050-05-21 18:00:00,2050-05-21 16:00:00,2943.2,3701.7,0.0,0.0,6644.8,2813.0,0.0,0.0,0.0,0.0442,0.077,upv,upv,0.0,0.0,0.0,0.0,0.0,0.0,0.0,0.0,0.0,0.0,0.0,0.0,0.0,0.0,0.0,0.0,0.0,0.0,141.8,2.7,0.27,16.8,1069.3,0.06,142.0,48.6,190.6,0.0,0.0,0.0,0.0,0.0,0.0,0.0,0.0,0.0,0.0,0.0,0.0,0.0,0.0,0.0,0.0,0.0,4.7,3050.7,3055.4,6644.8,6644.8,0.0,0.0,0.0,0.0,0.0,409.2,0.0,0.0,0.0,0.0,0.0,0.0,0.0,6235.6,0.0,0.0
2050-05-21 19:00:00,2050-05-21 17:00:00,3038.9,171.5,0.0,28.9,3239.4,2901.3,-2816.0,0.0,2816.0,0.0453,0.0795,battery,upv,0.0,0.0,0.0,0.0,0.0,0.0,0.0,0.0,0.0,0.0,0.0,0.0,0.0,0.0,0.0,0.0,0.0,0.0,144.1,2.7,0.27,17.0,1086.1,0.06,144.2,49.4,193.6,0.0,0.0,0.0,0.0,0.0,0.0,0.0,0.0,0.0,0.0,0.0,0.0,0.0,0.0,0.0,0.0,0.0,7.5,0.0,7.5,6055.4,6055.4,0.0,0.0,0.0,0.0,0.0,255.5,0.0,0.0,0.0,0.0,0.0,0.0,0.0,5799.9,0.0,0.0
2050-05-21 20:00:00,2050-05-21 18:00:00,3010.5,0.0,0.0,23.7,3034.2,2875.2,2221.1,0.0,2479.4,0.045,0.0787,battery,gas-cc,53.9,1.0,0.1,6.4,407.1,0.02,54.0,18.5,72.5,56.5,1.1,0.11,6.7,426.3,0.02,56.6,19.4,75.9,142.9,2.7,0.27,16.9,1077.5,0.06,143.1,49.0,192.1,473.0,8.9,0.89,55.9,3569.4,0.21,473.5,162.3,635.8,40.17,0.0,0.0,40.17,43.6,0.0,0.0,43.6,0.0,0.0,0.0,5513.6,813.1,3879.7,0.0,0.0,0.0,0.0,31.5,820.8,0.0,0.0,0.0,0.0,0.0,0.0,714.5,67.1,0.0
2050-05-21 21:00:00,2050-05-21 19:00:00,2905.3,0.0,0.0,10.7,2915.9,2778.0,2824.5,0.0,1640.0,0.0438,0.076,battery,gas-cc,65.3,1.2,0.12,7.7,492.7,0.03,65.4,22.4,87.8,68.3,1.3,0.13,8.1,515.3,0.03,68.4,23.4,91.8,143.0,2.7,0.27,16.9,1078.3,0.06,143.2,49.1,192.2,500.9,9.4,0.94,59.2,3780.0,0.22,501.4,171.9,673.3,54.75,0.0,0.0,54.75,59.25,0.0,0.0,59.25,0.0,0.0,0.0,4555.9,91.4,3643.7,0.0,0.0,0.0,0.0,0.0,820.8,0.0,0.0,0.0,0.0,0.0,0.0,0.0,91.4,0.0
2050-05-21 22:00:00,2050-05-21 20:00:00,2729.5,0.0,0.0,10.7,2740.1,2615.2,2652.3,0.0,1640.0,0.0419,0.0714,battery,gas-cc,67.9,1.3,0.13,8.0,512.5,0.03,68.0,23.3,91.3,70.9,1.3,0.13,8.4,534.9,0.03,71.0,24.3,95.3,142.7,2.7,0.27,16.9,1076.1,0.06,142.9,48.9,191.8,469.3,8.8,0.88,55.4,3541.2,0.2,469.8,161.0,630.8,40.1,0.0,0.0,40.1,43.18,0.0,0.0,43.18,0.0,0.0,0.0,4380.1,87.8,3471.5,0.0,0.0,0.0,0.0,0.0,820.8,0.0,0.0,0.0,0.0,0.0,0.0,0.0,87.8,0.0
2050-05-21 23:00:00,2050-05-21 21:00:00,2484.2,0.0,0.0,10.7,2494.9,2386.7,2420.9,0.0,1640.0,0.0393,0.065,battery,gas-cc,71.9,1.4,0.14,8.5,542.9,0.03,72.0,24.7,96.7,74.9,1.4,0.14,8.8,565.1,0.03,75.0,25.7,100.7,142.4,2.7,0.27,16.8,1073.6,0.06,142.6,48.8,191.4,466.1,8.8,0.88,55.1,3516.9,0.2,466.6,159.9,626.5,40.1,0.0,0.0,40.1,42.89,0.0,0.0,42.89,0.0,0.0,0.0,4134.8,74.0,3240.1,0.0,0.0,0.0,0.0,0.0,820.8,0.0,0.0,0.0,0.0,0.0,0.0,0.0,74.0,0.0
2050-05-22 00:00:00,2050-05-21 22:00:00,2231.6,0.0,0.0,7.6,2239.2,2149.6,2185.2,0.0,1165.1,0.0367,0.0584,battery,gas-cc,87.4,1.6,0.16,10.3,659.4,0.04,87.5,30.0,117.5,90.7,1.7,0.17,10.7,684.5,0.04,90.8,31.1,121.9,142.0,2.7,0.27,16.8,1070.2,0.06,142.1,48.7,190.8,480.4,9.1,0.91,56.7,3624.9,0.21,480.9,164.8,645.7,42.2,0.0,0.0,42.2,44.81,0.0,0.0,44.81,0.0,0.0,0.0,3404.3,54.0,2529.5,0.0,0.0,0.0,0.0,0.0,820.8,0.0,0.0,0.0,0.0,0.0,0.0,0.0,54.0,0.0
2050-05-22 01:00:00,2050-05-21 23:00:00,1971.6,0.0,0.0,10.6,1982.1,1903.9,1933.6,0.0,1624.7,0.0343,0.0516,gas-cc,gas-cc,82.5,1.6,0.16,9.7,622.3,0.04,82.6,28.3,110.9,85.4,1.6,0.16,10.1,644.5,0.04,85.5,29.3,114.8,141.6,2.7,0.27,16.7,1067.3,0.06,141.7,48.5,190.3,370.9,7.0,0.7,43.8,2799.0,0.16,371.3,127.3,498.6,42.2,0.0,0.0,42.2,44.49,0.0,0.0,44.49,0.0,0.0,0.0,3606.9,48.5,2737.5,0.0,0.0,0.0,0.0,0.0,820.8,0.0,0.0,0.0,0.0,0.0,0.0,0.0,48.5,0.0
2050-05-22 02:00:00,2050-05-22 00:00:00,1745.3,0.0,0.0,10.7,1755.9,1688.6,1726.4,0.0,1640.0,0.0325,0.0456,battery,gas-cc,87.6,1.7,0.17,10.3,661.0,0.04,87.7,30.1,117.7,90.5,1.7,0.17,10.7,683.2,0.04,90.6,31.1,121.7,141.4,2.7,0.27,16.7,1066.1,0.06,141.6,48.5,190.1,485.0,9.1,0.91,57.3,3659.8,0.21,485.5,166.4,651.9,42.2,0.0,0.0,42.2,44.22,0.0,0.0,44.22,0.0,0.0,0.0,3395.9,29.5,2545.6,0.0,0.0,0.0,0.0,0.0,820.8,0.0,0.0,0.0,0.0,0.0,0.0,0.0,29.5,0.0
2050-05-22 03:00:00,2050-05-22 01:00:00,1605.3,0.0,0.0,4.7,1609.9,1554.7,1592.4,0.0,719.1,0.0315,0.042,battery,gas-cc,127.7,2.4,0.24,15.1,963.8,0.06,127.9,43.8,171.7,131.9,2.5,0.25,15.6,995.1,0.06,132.0,45.2,177.3,141.1,2.7,0.27,16.7,1063.6,0.06,141.2,48.4,189.6,433.2,8.2,0.82,51.2,3269.0,0.19,433.7,148.6,582.3,41.93,0.0,0.0,41.93,43.77,0.0,0.0,43.77,0.0,0.0,0.0,2329.1,17.5,1490.8,0.0,0.0,0.0,0.0,0.0,820.8,0.0,0.0,0.0,0.0,0.0,0.0,0.0,17.5,0.0
2050-05-22 04:00:00,2050-05-22 02:00:00,1474.7,0.0,0.0,0.0,1474.7,1429.4,1459.1,0.0,0.0,0.0307,0.0386,battery,gas-cc,201.7,3.8,0.38,23.8,1522.1,0.09,201.9,69.2,271.1,208.1,3.9,0.39,24.6,1570.3,0.09,208.3,71.4,279.7,140.9,2.7,0.27,16.6,1061.9,0.06,141.0,48.3,189.3,453.3,8.5,0.85,53.5,3420.3,0.2,453.7,155.5,609.3,41.93,0.0,0.0,41.93,43.62,0.0,0.0,43.62,0.0,0.0,0.0,1474.7,15.7,638.3,0.0,0.0,0.0,0.0,0.0,820.8,0.0,0.0,0.0,0.0,0.0,0.0,0.0,15.7,0.0
2050-05-22 05:00:00,2050-05-22 03:00:00,1373.7,0.0,0.0,0.0,1373.7,1332.2,1356.0,0.0,0.0,0.0302,0.0359,battery,gas-cc,216.5,4.1,0.41,25.6,1634.0,0.09,216.8,74.3,291.1,223.3,4.2,0.42,26.4,1685.0,0.1,223.5,76.6,300.1,140.6,2.7,0.27,16.6,1060.0,0.06,140.8,48.2,189.0,452.0,8.5,0.85,53.4,3411.0,0.2,452.5,155.1,607.6,41.93,0.0,0.0,41.93,43.5,0.0,0.0,43.5,0.0,0.0,0.0,1373.7,17.7,535.2,0.0,0.0,0.0,0.0,0.0,820.8,0.0,0.0,0.0,0.0,0.0,0.0,0.0,17.7,0.0
2050-05-22 06:00:00,2050-05-22 04:00:00,1357.9,0.0,0.0,8.1,1366.0,1316.9,1355.5,0.0,1245.0,0.0302,0.0355,battery,gas-cc,113.9,2.1,0.21,13.5,859.7,0.05,114.0,39.1,153.1,117.5,2.2,0.22,13.9,886.5,0.05,117.6,40.3,157.9,141.0,2.7,0.27,16.7,1063.4,0.06,141.2,48.4,189.6,451.8,8.5,0.85,53.4,3409.5,0.2,452.3,155.0,607.3,40.01,0.0,0.0,40.01,41.49,0.0,0.0,41.49,0.0,0.0,0.0,2611.0,10.5,1779.7,0.0,0.0,0.0,0.0,0.0,820.8,0.0,0.0,0.0,0.0,0.0,0.0,0.0,10.5,0.0
2050-05-22 07:00:00,2050-05-22 05:00:00,1394.7,0.0,0.0,3.5,1398.3,1352.4,-541.1,0.0,541.1,0.0303,0.0365,gas-cc,gas-cc,0.0,0.0,0.0,0.0,0.0,0.0,0.0,0.0,0.0,0.0,0.0,0.0,0.0,0.0,0.0,0.0,0.0,0.0,139.7,2.6,0.26,16.5,1053.3,0.06,139.9,47.9,187.8,365.1,6.9,0.69,43.1,2755.1,0.16,365.5,125.3,490.8,24.56,0.0,0.0,24.56,25.49,0.0,0.0,25.49,0.0,0.0,0.0,1939.3,1939.3,0.0,0.0,0.0,0.0,0.0,81.4,0.0,0.0,0.0,0.0,0.0,0.0,0.0,1848.2,9.7,0.0
2050-05-22 08:00:00,2050-05-22 06:00:00,1500.0,1320.3,0.0,0.0,2820.3,1453.7,0.0,0.0,0.0,0.0309,0.0392,upv,upv,0.0,0.0,0.0,0.0,0.0,0.0,0.0,0.0,0.0,0.0,0.0,0.0,0.0,0.0,0.0,0.0,0.0,0.0,139.8,2.6,0.26,16.5,1053.9,0.06,139.9,47.9,187.9,0.0,0.0,0.0,0.0,0.0,0.0,0.0,0.0,0.0,0.0,0.0,0.0,0.0,0.0,0.0,0.0,0.0,13.5,4689.0,4702.5,2820.3,2820.3,0.0,0.0,0.0,0.0,0.0,316.9,0.0,0.0,0.0,0.0,0.0,0.0,0.0,2503.5,0.0,0.0
2050-05-22 09:00:00,2050-05-22 07:00:00,1688.4,2234.2,0.0,0.0,3922.7,1634.3,0.0,0.0,0.0,0.0321,0.0442,upv,upv,0.0,0.0,0.0,0.0,0.0,0.0,0.0,0.0,0.0,0.0,0.0,0.0,0.0,0.0,0.0,0.0,0.0,0.0,140.0,2.6,0.26,16.5,1055.2,0.06,140.1,48.0,188.1,0.0,0.0,0.0,0.0,0.0,0.0,0.0,0.0,0.0,0.0,0.0,0.0,0.0,0.0,0.0,0.0,0.0,6.2,6298.9,6305.1,3922.7,3922.7,0.0,0.0,0.0,0.0,0.0,0.0,0.0,0.0,0.0,0.0,0.0,0.0,0.0,3922.7,0.0,0.0
2050-05-22 10:00:00,2050-05-22 08:00:00,1937.9,2821.5,0.0,0.0,4759.4,1871.9,0.0,0.0,0.0,0.034,0.0507,upv,upv,0.0,0.0,0.0,0.0,0.0,0.0,0.0,0.0,0.0,0.0,0.0,0.0,0.0,0.0,0.0,0.0,0.0,0.0,140.3,2.6,0.27,16.6,1057.4,0.06,140.4,48.1,188.5,0.0,0.0,0.0,0.0,0.0,0.0,0.0,0.0,0.0,0.0,0.0,0.0,0.0,0.0,0.0,0.0,0.0,5.1,5550.1,5555.2,4759.4,4759.4,0.0,0.0,0.0,0.0,0.0,0.0,0.0,0.0,0.0,0.0,0.0,0.0,0.0,4759.4,0.0,0.0
2050-05-22 11:00:00,2050-05-22 09:00:00,2092.6,2979.6,0.0,0.0,5072.2,2018.5,0.0,0.0,0.0,0.0354,0.0547,upv,upv,0.0,0.0,0.0,0.0,0.0,0.0,0.0,0.0,0.0,0.0,0.0,0.0,0.0,0.0,0.0,0.0,0.0,0.0,140.5,2.7,0.27,16.6,1058.9,0.06,140.6,48.2,188.8,0.0,0.0,0.0,0.0,0.0,0.0,0.0,0.0,0.0,0.0,0.0,0.0,0.0,0.0,0.0,0.0,0.0,0.0,5239.0,5239.0,5072.2,5072.2,0.0,0.0,0.0,0.0,0.0,435.2,0.0,0.0,0.0,0.0,0.0,0.0,0.0,4635.3,1.7,0.0
2050-05-22 12:00:00,2050-05-22 10:00:00,2257.9,2951.4,0.0,0.0,5209.3,2174.4,0.0,0.0,0.0,0.037,0.059,upv,upv,0.0,0.0,0.0,0.0,0.0,0.0,0.0,0.0,0.0,0.0,0.0,0.0,0.0,0.0,0.0,0.0,0.0,0.0,140.7,2.7,0.27,16.6,1060.6,0.06,140.8,48.2,189.1,0.0,0.0,0.0,0.0,0.0,0.0,0.0,0.0,0.0,0.0,0.0,0.0,0.0,0.0,0.0,0.0,0.0,0.0,5086.5,5086.5,5209.3,5209.3,0.0,0.0,0.0,0.0,0.0,0.0,0.0,0.0,0.0,0.0,0.0,0.0,0.0,5209.3,0.0,0.0
2050-05-22 13:00:00,2050-05-22 11:00:00,2409.5,3600.8,0.0,0.0,6010.3,2316.7,0.0,0.0,0.0,0.0385,0.063,upv,upv,0.0,0.0,0.0,0.0,0.0,0.0,0.0,0.0,0.0,0.0,0.0,0.0,0.0,0.0,0.0,0.0,0.0,0.0,140.9,2.7,0.27,16.6,1062.3,0.06,141.1,48.3,189.4,0.0,0.0,0.0,0.0,0.0,0.0,0.0,0.0,0.0,0.0,0.0,0.0,0.0,0.0,0.0,0.0,0.0,0.0,4299.2,4299.2,6010.3,6010.3,0.0,0.0,0.0,0.0,0.0,0.0,0.0,0.0,0.0,0.0,0.0,0.0,0.0,6010.3,0.0,0.0
2050-05-22 14:00:00,2050-05-22 12:00:00,2580.0,3986.6,0.0,0.0,6566.6,2476.1,-0.0,0.0,0.0,0.0403,0.0675,upv,upv,0.0,0.0,0.0,0.0,0.0,0.0,0.0,0.0,0.0,0.0,0.0,0.0,0.0,0.0,0.0,0.0,0.0,0.0,141.2,2.7,0.27,16.7,1064.2,0.06,141.3,48.4,189.7,0.0,0.0,0.0,0.0,0.0,0.0,0.0,0.0,0.0,0.0,0.0,0.0,0.0,0.0,0.0,0.0,0.0,7.2,3742.9,3750.2,6566.6,6566.6,0.0,0.0,0.0,0.0,0.0,435.2,0.0,0.0,0.0,0.0,0.0,0.0,0.0,6131.4,0.0,0.0
2050-05-22 15:00:00,2050-05-22 13:00:00,2742.1,3851.1,0.0,0.0,6593.2,2626.9,0.0,0.0,0.0,0.042,0.0717,upv,upv,0.0,0.0,0.0,0.0,0.0,0.0,0.0,0.0,0.0,0.0,0.0,0.0,0.0,0.0,0.0,0.0,0.0,0.0,141.4,2.7,0.27,16.7,1066.2,0.06,141.6,48.5,190.1,0.0,0.0,0.0,0.0,0.0,0.0,0.0,0.0,0.0,0.0,0.0,0.0,0.0,0.0,0.0,0.0,0.0,40.5,3716.3,3756.8,6593.2,6593.2,0.0,0.0,0.0,0.0,0.0,435.2,0.0,0.0,0.0,0.0,0.0,0.0,0.0,6158.0,0.0,0.0
2050-05-22 16:00:00,2050-05-22 14:00:00,2891.6,3435.1,0.0,0.0,6326.7,2765.4,0.0,0.0,0.0,0.0436,0.0756,upv,upv,0.0,0.0,0.0,0.0,0.0,0.0,0.0,0.0,0.0,0.0,0.0,0.0,0.0,0.0,0.0,0.0,0.0,0.0,141.7,2.7,0.27,16.7,1068.0,0.06,141.8,48.6,190.4,0.0,0.0,0.0,0.0,0.0,0.0,0.0,0.0,0.0,0.0,0.0,0.0,0.0,0.0,0.0,0.0,0.0,57.7,3982.9,4040.6,6326.7,6326.7,0.0,0.0,0.0,0.0,0.0,435.2,0.0,0.0,0.0,0.0,0.0,0.0,0.0,5891.4,0.0,0.0
2050-05-22 17:00:00,2050-05-22 15:00:00,3056.8,3016.4,0.0,0.0,6073.2,2917.8,-0.0,0.0,0.0,0.0455,0.0799,upv,upv,0.0,0.0,0.0,0.0,0.0,0.0,0.0,0.0,0.0,0.0,0.0,0.0,0.0,0.0,0.0,0.0,0.0,0.0,141.9,2.7,0.27,16.8,1070.1,0.06,142.1,48.7,190.8,0.0,0.0,0.0,0.0,0.0,0.0,0.0,0.0,0.0,0.0,0.0,0.0,0.0,0.0,0.0,0.0,0.0,85.9,4236.3,4322.2,6073.2,6073.2,0.0,0.0,0.0,0.0,0.0,435.2,0.0,0.0,0.0,0.0,0.0,0.0,0.0,5638.0,0.0,0.0
2050-05-22 18:00:00,2050-05-22 16:00:00,3232.6,678.5,0.0,0.0,3911.1,3079.1,0.0,0.0,0.0,0.0475,0.0845,upv,upv,0.0,0.0,0.0,0.0,0.0,0.0,0.0,0.0,0.0,0.0,0.0,0.0,0.0,0.0,0.0,0.0,0.0,0.0,142.2,2.7,0.27,16.8,1072.3,0.06,142.4,48.8,191.2,0.0,0.0,0.0,0.0,0.0,0.0,0.0,0.0,0.0,0.0,0.0,0.0,0.0,0.0,0.0,0.0,0.0,106.3,6155.3,6261.6,3911.1,3911.1,0.0,0.0,0.0,0.0,0.0,424.8,0.0,0.0,0.0,0.0,0.0,0.0,0.0,3486.3,0.0,0.0
2050-05-22 19:00:00,2050-05-22 17:00:00,3368.4,290.8,0.0,23.9,3683.2,3203.2,-2496.3,0.0,2496.3,0.049,0.0881,upv,upv,0.0,0.0,0.0,0.0,0.0,0.0,0.0,0.0,0.0,0.0,0.0,0.0,0.0,0.0,0.0,0.0,0.0,0.0,142.5,2.7,0.27,16.8,1074.3,0.06,142.7,48.9,191.5,0.0,0.0,0.0,0.0,0.0,0.0,0.0,0.0,0.0,0.0,0.0,0.0,0.0,0.0,0.0,0.0,0.0,105.7,122.2,227.9,6179.5,6179.5,0.0,0.0,0.0,0.0,0.0,266.0,0.0,0.0,0.0,0.0,0.0,0.0,0.0,5913.5,0.0,0.0
2050-05-22 20:00:00,2050-05-22 18:00:00,3428.4,0.0,0.0,22.2,3450.7,3257.9,2453.8,0.0,2386.6,0.0497,0.0897,gas-cc,gas-cc,51.0,1.0,0.1,6.0,384.5,0.02,51.0,17.5,68.5,53.6,1.0,0.1,6.3,404.7,0.02,53.7,18.4,72.1,143.7,2.7,0.27,17.0,1083.7,0.06,143.9,49.3,193.2,386.4,7.3,0.73,45.6,2916.1,0.17,386.9,132.6,519.4,34.91,0.0,0.0,34.91,38.34,0.0,0.0,38.34,0.0,0.0,0.0,5837.3,996.9,4019.6,0.0,0.0,0.0,0.0,35.2,820.8,0.0,0.0,0.0,0.0,0.0,0.0,798.1,163.6,0.0
2050-05-22 21:00:00,2050-05-22 19:00:00,3316.8,0.0,0.0,17.6,3334.4,3156.1,3156.3,445.3,1640.0,0.0485,0.0867,battery,gas-cc,65.7,1.2,0.12,7.8,495.6,0.03,65.7,22.5,88.3,62.9,1.2,0.12,7.4,474.4,0.03,62.9,21.6,84.5,143.7,2.7,0.27,17.0,1083.3,0.06,143.8,49.3,193.1,506.8,9.6,0.96,59.9,3824.5,0.22,507.4,173.9,681.3,44.06,0.0,0.0,44.06,48.24,0.0,0.0,48.24,0.0,0.0,0.0,4529.1,178.1,3530.1,0.0,0.0,0.0,0.0,0.0,820.8,0.0,0.0,0.0,0.0,0.0,0.0,0.0,178.1,0.0
2050-05-22 22:00:00,2050-05-22 20:00:00,3108.4,0.0,0.0,17.6,3126.0,2965.2,2983.8,445.3,1640.0,0.0461,0.0813,gas-cc,gas-cc,67.9,1.3,0.13,8.0,512.4,0.03,68.0,23.3,91.3,64.5,1.2,0.12,7.6,486.9,0.03,64.6,22.1,86.7,143.3,2.7,0.27,16.9,1080.1,0.06,143.4,49.1,192.6,394.5,7.4,0.74,46.6,2976.7,0.17,394.9,135.4,530.2,33.36,0.0,0.0,33.36,36.31,0.0,0.0,36.31,0.0,0.0,0.0,4320.6,142.2,3369.0,0.0,0.0,0.0,0.0,0.0,809.5,0.0,0.0,0.0,0.0,0.0,0.0,0.0,142.2,0.0
2050-05-22 23:00:00,2050-05-22 21:00:00,2773.7,0.0,0.0,17.6,2791.2,2656.2,2698.0,445.3,1640.0,0.0423,0.0725,battery,gas-cc,74.6,1.4,0.14,8.8,563.2,0.03,74.7,25.6,100.3,70.1,1.3,0.13,8.3,529.0,0.03,70.2,24.1,94.2,142.7,2.7,0.27,16.9,1076.0,0.06,142.9,48.9,191.8,390.7,7.4,0.74,46.2,2948.6,0.17,391.2,134.1,525.2,33.36,0.0,0.0,33.36,35.96,0.0,0.0,35.96,0.0,0.0,0.0,3985.9,93.2,3071.9,0.0,0.0,0.0,0.0,0.0,820.8,0.0,0.0,0.0,0.0,0.0,0.0,0.0,93.2,0.0
2050-05-23 00:00:00,2050-05-22 22:00:00,2437.9,0.0,0.0,10.7,2448.6,2343.3,2344.1,0.0,1640.0,0.0388,0.0638,battery,gas-cc,72.8,1.4,0.14,8.6,549.0,0.03,72.8,25.0,97.8,75.7,1.4,0.14,8.9,571.2,0.03,75.8,26.0,101.7,141.8,2.7,0.27,16.8,1068.9,0.06,141.9,48.6,190.6,387.1,7.3,0.73,45.7,2921.0,0.17,387.5,132.8,520.3,33.36,0.0,0.0,33.36,35.63,0.0,0.0,35.63,0.0,0.0,0.0,4088.5,104.4,3163.3,0.0,0.0,0.0,0.0,0.0,820.8,0.0,0.0,0.0,0.0,0.0,0.0,0.0,104.4,0.0
2050-05-23 01:00:00,2050-05-22 23:00:00,2144.2,0.0,0.0,17.6,2161.8,2067.2,1995.4,445.3,1640.0,0.0359,0.0561,battery,gas-cc,88.6,1.7,0.17,10.5,668.8,0.04,88.7,30.4,119.1,81.2,1.5,0.15,9.6,612.4,0.04,81.2,27.8,109.1,141.6,2.7,0.27,16.7,1067.2,0.06,141.7,48.5,190.3,383.9,7.2,0.72,45.4,2897.2,0.17,384.3,131.7,516.1,33.36,0.0,0.0,33.36,35.34,0.0,0.0,35.34,0.0,0.0,0.0,3356.4,166.4,2369.3,0.0,0.0,0.0,0.0,0.0,820.8,0.0,0.0,0.0,0.0,0.0,0.0,0.0,166.4,0.0
2050-05-23 02:00:00,2050-05-23 00:00:00,1900.0,0.0,0.0,17.6,1917.6,1835.9,1796.8,445.3,1640.0,0.0337,0.0497,battery,gas-cc,95.6,1.8,0.18,11.3,721.2,0.04,95.7,32.8,128.5,86.5,1.6,0.16,10.2,653.0,0.04,86.6,29.7,116.3,141.5,2.7,0.27,16.7,1066.5,0.06,141.6,48.5,190.1,381.3,7.2,0.72,45.0,2877.7,0.17,381.8,130.8,512.6,33.36,0.0,0.0,33.36,35.1,0.0,0.0,35.1,0.0,0.0,0.0,3112.2,120.8,2170.6,0.0,0.0,0.0,0.0,0.0,820.8,0.0,0.0,0.0,0.0,0.0,0.0,0.0,120.8,0.0
2050-05-23 03:00:00,2050-05-23 01:00:00,1677.9,0.0,0.0,4.2,1682.1,1624.2,1591.5,0.0,645.7,0.032,0.0439,gas-cc,gas-cc,44.6,0.8,0.08,5.3,336.4,0.02,44.6,15.3,59.9,46.1,0.9,0.09,5.4,347.5,0.02,46.1,15.8,61.9,141.1,2.7,0.27,16.7,1064.1,0.06,141.3,48.4,189.7,379.0,7.1,0.71,44.8,2860.2,0.16,379.4,130.1,509.5,33.36,0.0,0.0,33.36,34.89,0.0,0.0,34.89,0.0,0.0,0.0,2327.8,90.6,1950.9,0.0,0.0,0.0,0.0,0.0,286.3,0.0,0.0,0.0,0.0,0.0,0.0,0.0,90.6,0.0
2050-05-23 04:00:00,2050-05-23 02:00:00,1526.3,0.0,0.0,3.1,1529.4,1479.0,1495.0,199.5,0.0,0.031,0.0399,battery,gas-cc,0.0,0.0,0.0,0.0,0.0,0.0,0.0,0.0,0.0,0.0,0.0,0.0,0.0,0.0,0.0,0.0,0.0,0.0,140.9,2.7,0.27,16.7,1062.6,0.06,141.1,48.3,189.4,377.5,7.1,0.71,44.6,2848.4,0.16,377.9,129.5,507.4,33.36,0.0,0.0,33.36,34.74,0.0,0.0,34.74,0.0,0.0,0.0,1329.9,34.4,1295.5,0.0,0.0,0.0,0.0,0.0,0.0,0.0,0.0,0.0,0.0,0.0,0.0,0.0,34.4,0.0
2050-05-23 05:00:00,2050-05-23 03:00:00,1455.8,0.0,0.0,1.7,1457.5,1411.2,1441.7,0.0,267.1,0.0306,0.0381,gas-cc,gas-cc,152.9,2.9,0.29,18.1,1153.5,0.07,153.0,52.4,205.5,157.7,3.0,0.3,18.6,1189.9,0.07,157.9,54.1,212.0,140.8,2.7,0.27,16.6,1061.5,0.06,141.0,48.3,189.2,376.7,7.1,0.71,44.5,2843.0,0.16,377.1,129.3,506.4,33.36,0.0,0.0,33.36,34.68,0.0,0.0,34.68,0.0,0.0,0.0,1724.7,15.9,981.3,0.0,0.0,0.0,0.0,0.0,727.4,0.0,0.0,0.0,0.0,0.0,0.0,0.0,15.9,0.0
2050-05-23 06:00:00,2050-05-23 04:00:00,1396.8,0.0,0.0,0.0,1396.8,1354.5,1390.8,0.0,0.0,0.0303,0.0365,battery,gas-cc,213.0,4.0,0.4,25.2,1607.0,0.09,213.2,73.1,286.2,219.6,4.1,0.41,25.9,1657.2,0.1,219.8,75.4,295.2,140.7,2.7,0.27,16.6,1060.8,0.06,140.9,48.3,189.1,376.1,7.1,0.71,44.4,2838.4,0.16,376.5,129.1,505.6,33.36,0.0,0.0,33.36,34.62,0.0,0.0,34.62,0.0,0.0,0.0,1396.8,6.0,570.0,0.0,0.0,0.0,0.0,0.0,820.8,0.0,0.0,0.0,0.0,0.0,0.0,0.0,6.0,0.0
2050-05-23 07:00:00,2050-05-23 05:00:00,1412.6,0.0,0.0,13.4,1426.0,1369.7,-548.1,445.3,993.4,0.0304,0.0369,hydro,gas-cc,0.0,0.0,0.0,0.0,0.0,0.0,0.0,0.0,0.0,0.0,0.0,0.0,0.0,0.0,0.0,0.0,0.0,0.0,139.7,2.6,0.26,16.5,1053.4,0.06,139.9,47.9,187.8,394.2,7.4,0.74,46.6,2974.8,0.17,394.6,135.3,529.9,23.67,0.0,0.0,23.67,24.58,0.0,0.0,24.58,0.0,0.0,0.0,1974.1,1974.1,0.0,0.0,0.0,0.0,0.0,83.1,0.0,0.0,0.0,0.0,0.0,0.0,0.0,1887.0,3.9,0.0
2050-05-23 08:00:00,2050-05-23 06:00:00,1551.6,584.5,0.0,0.0,2136.1,1503.2,0.0,0.0,0.0,0.0312,0.0406,upv,upv,0.0,0.0,0.0,0.0,0.0,0.0,0.0,0.0,0.0,0.0,0.0,0.0,0.0,0.0,0.0,0.0,0.0,0.0,139.8,2.6,0.26,16.5,1054.2,0.06,140.0,48.0,187.9,0.0,0.0,0.0,0.0,0.0,0.0,0.0,0.0,0.0,0.0,0.0,0.0,0.0,0.0,0.0,0.0,0.0,3.9,5420.5,5424.4,2136.1,2136.1,0.0,0.0,0.0,0.0,0.0,318.8,0.0,0.0,0.0,0.0,0.0,0.0,0.0,1817.2,0.0,0.0
2050-05-23 09:00:00,2050-05-23 07:00:00,1770.5,3103.6,0.0,0.0,4874.1,1712.7,0.0,0.0,0.0,0.0327,0.0463,upv,upv,0.0,0.0,0.0,0.0,0.0,0.0,0.0,0.0,0.0,0.0,0.0,0.0,0.0,0.0,0.0,0.0,0.0,0.0,140.1,2.6,0.27,16.5,1055.9,0.06,140.2,48.0,188.2,0.0,0.0,0.0,0.0,0.0,0.0,0.0,0.0,0.0,0.0,0.0,0.0,0.0,0.0,0.0,0.0,0.0,0.0,5158.6,5158.6,4874.1,4874.1,0.0,0.0,0.0,0.0,0.0,423.3,0.0,0.0,0.0,0.0,0.0,0.0,0.0,4450.8,0.0,0.0
2050-05-23 10:00:00,2050-05-23 08:00:00,2017.9,1996.9,0.0,0.0,4014.8,1947.8,0.0,0.0,0.0,0.0347,0.0528,upv,upv,0.0,0.0,0.0,0.0,0.0,0.0,0.0,0.0,0.0,0.0,0.0,0.0,0.0,0.0,0.0,0.0,0.0,0.0,140.4,2.6,0.27,16.6,1058.1,0.06,140.5,48.1,188.6,0.0,0.0,0.0,0.0,0.0,0.0,0.0,0.0,0.0,0.0,0.0,0.0,0.0,0.0,0.0,0.0,0.0,0.0,6294.7,6294.7,4014.8,4014.8,0.0,0.0,0.0,0.0,0.0,435.2,0.0,0.0,0.0,0.0,0.0,0.0,0.0,3579.6,0.0,0.0
2050-05-23 11:00:00,2050-05-23 09:00:00,2190.5,3435.1,0.0,0.0,5625.6,2110.9,0.0,0.0,0.0,0.0363,0.0573,upv,upv,0.0,0.0,0.0,0.0,0.0,0.0,0.0,0.0,0.0,0.0,0.0,0.0,0.0,0.0,0.0,0.0,0.0,0.0,140.6,2.7,0.27,16.6,1059.9,0.06,140.7,48.2,189.0,0.0,0.0,0.0,0.0,0.0,0.0,0.0,0.0,0.0,0.0,0.0,0.0,0.0,0.0,0.0,0.0,0.0,0.7,4683.9,4684.6,5625.6,5625.6,0.0,0.0,0.0,0.0,0.0,435.2,0.0,0.0,0.0,0.0,0.0,0.0,0.0,5190.4,0.0,0.0
2050-05-23 12:00:00,2050-05-23 10:00:00,2332.6,3629.9,0.0,0.0,5962.6,2244.6,0.0,0.0,0.0,0.0377,0.061,upv,upv,0.0,0.0,0.0,0.0,0.0,0.0,0.0,0.0,0.0,0.0,0.0,0.0,0.0,0.0,0.0,0.0,0.0,0.0,140.8,2.7,0.27,16.6,1061.4,0.06,140.9,48.3,189.2,0.0,0.0,0.0,0.0,0.0,0.0,0.0,0.0,0.0,0.0,0.0,0.0,0.0,0.0,0.0,0.0,0.0,16.0,4347.0,4362.9,5962.6,5962.6,0.0,0.0,0.0,0.0,0.0,435.2,0.0,0.0,0.0,0.0,0.0,0.0,0.0,5527.3,0.0,0.0
2050-05-23 13:00:00,2050-05-23 11:00:00,2471.6,3696.8,0.0,0.0,6168.4,2374.8,0.0,0.0,0.0,0.0391,0.0646,upv,upv,0.0,0.0,0.0,0.0,0.0,0.0,0.0,0.0,0.0,0.0,0.0,0.0,0.0,0.0,0.0,0.0,0.0,0.0,141.0,2.7,0.27,16.7,1063.0,0.06,141.2,48.4,189.5,0.0,0.0,0.0,0.0,0.0,0.0,0.0,0.0,0.0,0.0,0.0,0.0,0.0,0.0,0.0,0.0,0.0,0.0,4208.4,4208.4,6168.4,6168.4,0.0,0.0,0.0,0.0,0.0,435.2,0.0,0.0,0.0,0.0,0.0,0.0,0.0,5665.9,67.3,0.0
2050-05-23 14:00:00,2050-05-23 12:00:00,2613.7,3406.0,0.0,0.0,6019.7,2507.5,-0.0,0.0,0.0,0.0406,0.0684,upv,upv,0.0,0.0,0.0,0.0,0.0,0.0,0.0,0.0,0.0,0.0,0.0,0.0,0.0,0.0,0.0,0.0,0.0,0.0,141.2,2.7,0.27,16.7,1064.6,0.06,141.4,48.4,189.8,0.0,0.0,0.0,0.0,0.0,0.0,0.0,0.0,0.0,0.0,0.0,0.0,0.0,0.0,0.0,0.0,0.0,0.0,4410.1,4410.1,6019.7,6019.7,0.0,0.0,0.0,0.0,0.0,435.2,0.0,0.0,0.0,0.0,0.0,0.0,0.0,5464.2,120.2,0.0
2050-05-23 15:00:00,2050-05-23 13:00:00,2773.7,3211.2,0.0,0.0,5984.9,2656.2,0.0,0.0,0.0,0.0423,0.0725,upv,upv,0.0,0.0,0.0,0.0,0.0,0.0,0.0,0.0,0.0,0.0,0.0,0.0,0.0,0.0,0.0,0.0,0.0,0.0,141.5,2.7,0.27,16.7,1066.5,0.06,141.6,48.5,190.1,0.0,0.0,0.0,0.0,0.0,0.0,0.0,0.0,0.0,0.0,0.0,0.0,0.0,0.0,0.0,0.0,0.0,0.0,4459.8,4459.8,5984.9,5984.9,0.0,0.0,0.0,0.0,0.0,435.2,0.0,0.0,0.0,0.0,0.0,0.0,0.0,5414.5,135.1,0.0
2050-05-23 16:00:00,2050-05-23 14:00:00,2884.2,2461.0,0.0,0.0,5345.2,2758.6,-0.0,0.0,0.0,0.0436,0.0754,upv,upv,0.0,0.0,0.0,0.0,0.0,0.0,0.0,0.0,0.0,0.0,0.0,0.0,0.0,0.0,0.0,0.0,0.0,0.0,141.7,2.7,0.27,16.7,1067.9,0.06,141.8,48.6,190.4,0.0,0.0,0.0,0.0,0.0,0.0,0.0,0.0,0.0,0.0,0.0,0.0,0.0,0.0,0.0,0.0,0.0,0.0,5132.4,5132.4,5345.2,5345.2,0.0,0.0,0.0,0.0,0.0,435.2,0.0,0.0,0.0,0.0,0.0,0.0,0.0,4741.9,168.0,0.0
2050-05-23 17:00:00,2050-05-23 15:00:00,3082.1,2431.9,0.0,0.0,5514.0,2941.0,0.0,0.0,0.0,0.0458,0.0806,upv,upv,0.0,0.0,0.0,0.0,0.0,0.0,0.0,0.0,0.0,0.0,0.0,0.0,0.0,0.0,0.0,0.0,0.0,0.0,142.0,2.7,0.27,16.8,1070.4,0.06,142.1,48.7,190.8,0.0,0.0,0.0,0.0,0.0,0.0,0.0,0.0,0.0,0.0,0.0,0.0,0.0,0.0,0.0,0.0,0.0,0.0,4986.9,4986.9,5514.0,5514.0,0.0,0.0,0.0,0.0,0.0,435.2,0.0,0.0,0.0,0.0,0.0,0.0,0.0,4887.4,191.4,0.0
2050-05-23 18:00:00,2050-05-23 16:00:00,3263.2,2337.9,0.0,0.0,5601.0,3107.1,0.0,0.0,0.0,0.0478,0.0853,upv,upv,0.0,0.0,0.0,0.0,0.0,0.0,0.0,0.0,0.0,0.0,0.0,0.0,0.0,0.0,0.0,0.0,0.0,0.0,142.3,2.7,0.27,16.8,1072.7,0.06,142.4,48.8,191.2,0.0,0.0,0.0,0.0,0.0,0.0,0.0,0.0,0.0,0.0,0.0,0.0,0.0,0.0,0.0,0.0,0.0,0.0,4694.6,4694.6,5601.0,5601.0,0.0,0.0,0.0,0.0,0.0,425.8,0.0,0.0,0.0,0.0,0.0,0.0,0.0,4966.4,208.8,0.0
2050-05-23 19:00:00,2050-05-23 17:00:00,3378.9,871.6,0.0,10.7,4261.2,3212.8,-1640.0,0.0,1640.0,0.0492,0.0884,upv,upv,0.0,0.0,0.0,0.0,0.0,0.0,0.0,0.0,0.0,0.0,0.0,0.0,0.0,0.0,0.0,0.0,0.0,0.0,153.5,2.9,0.29,18.1,1157.7,0.07,153.7,52.7,206.4,0.0,0.0,0.0,0.0,0.0,0.0,0.0,0.0,0.0,0.0,0.0,0.0,0.0,0.0,0.0,0.0,0.0,0.0,709.3,709.3,5901.2,5901.2,0.0,0.0,0.0,0.0,0.0,269.6,0.0,0.0,0.0,0.0,0.0,0.0,0.0,5410.4,221.2,0.0
2050-05-23 20:00:00,2050-05-23 18:00:00,3446.3,0.0,0.0,13.8,3460.1,3274.2,2330.5,445.3,1059.8,0.05,0.0901,battery,gas-cc,0.0,0.0,0.0,0.0,0.0,0.0,0.0,0.0,0.0,0.0,0.0,0.0,0.0,0.0,0.0,0.0,0.0,0.0,143.4,2.7,0.27,16.9,1080.9,0.06,143.5,49.2,192.7,398.3,7.5,0.75,47.1,3005.6,0.17,398.7,136.7,535.4,33.36,0.0,0.0,33.36,36.66,0.0,0.0,36.66,0.0,0.0,0.0,4074.6,1129.6,2945.0,0.0,0.0,0.0,0.0,37.4,0.0,0.0,0.0,0.0,0.0,0.0,0.0,849.8,242.4,0.0
2050-05-23 21:00:00,2050-05-23 19:00:00,3325.3,0.0,0.0,17.6,3342.8,3163.8,3091.3,445.3,1640.0,0.0486,0.087,gas-cc,gas-cc,21.3,0.4,0.04,2.5,160.5,0.01,21.3,7.3,28.6,20.4,0.4,0.04,2.4,153.7,0.01,20.4,7.0,27.4,143.6,2.7,0.27,17.0,1082.6,0.06,143.7,49.2,193.0,396.9,7.5,0.75,46.9,2995.2,0.17,397.3,136.2,533.5,33.36,0.0,0.0,33.36,36.53,0.0,0.0,36.53,0.0,0.0,0.0,4537.5,251.5,4019.6,0.0,0.0,0.0,0.0,0.0,266.4,0.0,0.0,0.0,0.0,0.0,0.0,0.0,251.5,0.0
2050-05-23 22:00:00,2050-05-23 20:00:00,3136.8,0.0,0.0,13.4,3150.2,2991.3,2921.8,445.3,1000.8,0.0464,0.082,gas-cc,gas-cc,4.1,0.1,0.01,0.5,31.1,0.0,4.1,1.4,5.5,3.9,0.1,0.01,0.5,29.1,0.0,3.9,1.3,5.2,143.3,2.7,0.27,16.9,1080.3,0.06,143.5,49.1,192.6,394.8,7.4,0.74,46.6,2979.1,0.17,395.2,135.5,530.7,33.36,0.0,0.0,33.36,36.34,0.0,0.0,36.34,0.0,0.0,0.0,3705.7,228.4,3435.1,0.0,0.0,0.0,0.0,0.0,42.2,0.0,0.0,0.0,0.0,0.0,0.0,0.0,228.4,0.0
2050-05-23 23:00:00,2050-05-23 21:00:00,2806.3,0.0,0.0,13.6,2820.0,2686.5,2618.6,445.3,1037.9,0.0427,0.0734,battery,gas-cc,0.0,0.0,0.0,0.0,0.0,0.0,0.0,0.0,0.0,0.0,0.0,0.0,0.0,0.0,0.0,0.0,0.0,0.0,142.8,2.7,0.27,16.9,1076.2,0.06,142.9,49.0,191.9,391.1,7.4,0.74,46.2,2951.3,0.17,391.5,134.2,525.7,33.36,0.0,0.0,33.36,36.0,0.0,0.0,36.0,0.0,0.0,0.0,3412.6,201.4,3211.2,0.0,0.0,0.0,0.0,0.0,0.0,0.0,0.0,0.0,0.0,0.0,0.0,0.0,201.4,0.0
2050-05-24 00:00:00,2050-05-23 22:00:00,2489.5,0.0,0.0,17.6,2507.0,2391.6,2297.6,445.3,1640.0,0.0393,0.0651,battery,gas-cc,0.0,0.0,0.0,0.0,0.0,0.0,0.0,0.0,0.0,0.0,0.0,0.0,0.0,0.0,0.0,0.0,0.0,0.0,142.4,2.7,0.27,16.8,1073.7,0.06,142.6,48.8,191.4,371.2,7.0,0.7,43.9,2801.4,0.16,371.6,127.4,499.0,31.71,0.0,0.0,31.71,33.91,0.0,0.0,33.91,0.0,0.0,0.0,3701.7,209.4,3492.3,0.0,0.0,0.0,0.0,0.0,0.0,0.0,0.0,0.0,0.0,0.0,0.0,0.0,209.4,0.0
2050-05-24 01:00:00,2050-05-23 23:00:00,2190.5,0.0,0.0,17.6,2208.1,2110.9,2010.8,445.3,1640.0,0.0363,0.0573,battery,gas-cc,0.0,0.0,0.0,0.0,0.0,0.0,0.0,0.0,0.0,0.0,0.0,0.0,0.0,0.0,0.0,0.0,0.0,0.0,141.8,2.7,0.27,16.8,1069.4,0.06,142.0,48.6,190.6,368.2,6.9,0.69,43.5,2778.2,0.16,368.6,126.3,494.9,31.71,0.0,0.0,31.71,33.63,0.0,0.0,33.63,0.0,0.0,0.0,3402.7,197.3,3205.5,0.0,0.0,0.0,0.0,0.0,0.0,0.0,0.0,0.0,0.0,0.0,0.0,0.0,197.3,0.0
2050-05-24 02:00:00,2050-05-24 00:00:00,1907.4,0.0,0.0,17.6,1924.9,1842.9,1725.9,445.3,1640.0,0.0338,0.0499,battery,gas-cc,0.0,0.0,0.0,0.0,0.0,0.0,0.0,0.0,0.0,0.0,0.0,0.0,0.0,0.0,0.0,0.0,0.0,0.0,141.3,2.7,0.27,16.7,1065.0,0.06,141.4,48.4,189.9,365.3,6.9,0.69,43.2,2756.5,0.16,365.7,125.3,491.0,31.71,0.0,0.0,31.71,33.37,0.0,0.0,33.37,0.0,0.0,0.0,3119.6,199.0,2920.5,0.0,0.0,0.0,0.0,0.0,0.0,0.0,0.0,0.0,0.0,0.0,0.0,0.0,199.0,0.0
2050-05-24 03:00:00,2050-05-24 01:00:00,1713.7,0.0,0.0,12.0,1725.7,1658.4,1545.3,445.3,788.3,0.0322,0.0448,gas-cc,gas-cc,0.0,0.0,0.0,0.0,0.0,0.0,0.0,0.0,0.0,0.0,0.0,0.0,0.0,0.0,0.0,0.0,0.0,0.0,141.1,2.7,0.27,16.7,1063.4,0.06,141.2,48.4,189.6,368.3,6.9,0.69,43.5,2779.2,0.16,368.7,126.4,495.1,31.71,0.0,0.0,31.71,33.19,0.0,0.0,33.19,0.0,0.0,0.0,2068.7,180.5,1888.3,0.0,0.0,0.0,0.0,0.0,0.0,0.0,0.0,0.0,0.0,0.0,0.0,0.0,180.5,0.0
2050-05-24 04:00:00,2050-05-24 02:00:00,1564.2,0.0,0.0,8.1,1572.3,1515.4,1406.5,445.3,187.2,0.0312,0.0409,battery,gas-cc,0.0,0.0,0.0,0.0,0.0,0.0,0.0,0.0,0.0,0.0,0.0,0.0,0.0,0.0,0.0,0.0,0.0,0.0,183.8,3.5,0.35,21.7,1386.4,0.08,184.0,63.1,247.1,366.8,6.9,0.69,43.3,2767.9,0.16,367.2,125.9,493.0,31.71,0.0,0.0,31.71,33.06,0.0,0.0,33.06,0.0,0.0,0.0,1314.2,165.8,1148.4,0.0,0.0,0.0,0.0,0.0,0.0,0.0,0.0,0.0,0.0,0.0,0.0,0.0,165.8,0.0
2050-05-24 05:00:00,2050-05-24 03:00:00,1451.6,0.0,0.0,11.2,1462.8,1407.2,1295.6,1108.7,0.0,0.0306,0.038,battery,gas-cc,0.0,0.0,0.0,0.0,0.0,0.0,0.0,0.0,0.0,0.0,0.0,0.0,1.2,2.8,0.03,0.0,1.3,1.3,152.7,2.9,0.29,18.0,1151.0,0.07,152.8,52.4,205.2,360.8,6.8,0.68,42.6,2722.4,0.16,361.2,123.8,484.9,31.71,0.0,0.0,31.71,32.96,0.0,0.0,32.96,0.0,0.0,0.0,354.1,167.2,186.9,0.0,0.0,0.0,0.0,0.0,0.0,0.0,0.0,0.0,0.0,0.0,0.0,0.0,167.2,0.0
2050-05-24 06:00:00,2050-05-24 04:00:00,1420.0,0.0,0.0,12.1,1432.1,1376.8,1281.8,1243.2,0.0,0.0304,0.0371,battery,gas-cc,0.0,0.0,0.0,0.0,0.0,0.0,0.0,0.0,0.0,0.0,0.0,0.0,1.5,3.5,0.03,0.0,1.6,1.6,140.8,2.7,0.27,16.6,1061.3,0.06,140.9,48.3,189.2,360.5,6.8,0.68,42.6,2720.0,0.16,360.8,123.7,484.5,31.71,0.0,0.0,31.71,32.93,0.0,0.0,32.93,0.0,0.0,0.0,188.9,150.2,38.7,0.0,0.0,0.0,0.0,0.0,0.0,0.0,0.0,0.0,0.0,0.0,0.0,0.0,150.2,0.0
2050-05-24 07:00:00,2050-05-24 05:00:00,1441.1,0.0,0.0,8.0,1449.1,1397.0,-842.9,116.0,958.9,0.0305,0.0377,wind-ons,wind-ons,0.0,0.0,0.0,0.0,0.0,0.0,0.0,0.0,0.0,0.0,0.0,0.0,0.0,0.0,0.0,0.0,0.0,0.0,140.3,2.6,0.27,16.6,1057.8,0.06,140.5,48.1,188.6,0.0,0.0,0.0,0.0,0.0,0.0,0.0,0.0,0.0,0.02,0.0,0.0,0.02,0.02,0.0,0.0,0.02,0.0,0.0,0.0,2292.0,2292.0,0.0,0.0,0.0,0.0,0.0,90.2,0.0,0.0,0.0,0.0,0.0,0.0,0.0,2046.9,154.9,0.0
2050-05-24 08:00:00,2050-05-24 06:00:00,1553.7,2431.9,0.0,0.0,3985.6,1505.3,0.0,0.0,0.0,0.0312,0.0406,upv,upv,0.0,0.0,0.0,0.0,0.0,0.0,0.0,0.0,0.0,0.0,0.0,0.0,0.0,0.0,0.0,0.0,0.0,0.0,139.8,2.6,0.26,16.5,1054.2,0.06,140.0,48.0,187.9,0.0,0.0,0.0,0.0,0.0,0.0,0.0,0.0,0.0,0.0,0.0,0.0,0.0,0.0,0.0,0.0,0.0,0.0,4277.5,4277.5,3985.6,3985.6,0.0,0.0,0.0,0.0,0.0,342.5,0.0,0.0,0.0,0.0,0.0,0.0,0.0,3496.5,146.5,0.0
2050-05-24 09:00:00,2050-05-24 07:00:00,1750.5,1263.0,0.0,0.0,3013.5,1693.6,0.0,0.0,0.0,0.0325,0.0458,upv,upv,0.0,0.0,0.0,0.0,0.0,0.0,0.0,0.0,0.0,0.0,0.0,0.0,0.0,0.0,0.0,0.0,0.0,0.0,140.0,2.6,0.27,16.5,1055.7,0.06,140.2,48.0,188.2,0.0,0.0,0.0,0.0,0.0,0.0,0.0,0.0,0.0,0.0,0.0,0.0,0.0,0.0,0.0,0.0,0.0,0.0,7424.6,7424.6,3013.5,3013.5,0.0,0.0,0.0,0.0,0.0,434.9,0.0,0.0,0.0,0.0,0.0,0.0,0.0,2443.3,135.3,0.0
2050-05-24 10:00:00,2050-05-24 08:00:00,1984.2,3924.6,0.0,0.0,5908.8,1915.9,-0.0,0.0,0.0,0.0344,0.0519,upv,upv,0.0,0.0,0.0,0.0,0.0,0.0,0.0,0.0,0.0,0.0,0.0,0.0,0.0,0.0,0.0,0.0,0.0,0.0,140.3,2.6,0.27,16.6,1057.8,0.06,140.5,48.1,188.6,0.0,0.0,0.0,0.0,0.0,0.0,0.0,0.0,0.0,0.0,0.0,0.0,0.0,0.0,0.0,0.0,0.0,0.0,4617.3,4617.3,5908.8,5908.8,0.0,0.0,0.0,0.0,0.0,435.2,0.0,0.0,0.0,0.0,0.0,0.0,0.0,5257.0,216.5,0.0
2050-05-24 11:00:00,2050-05-24 09:00:00,2121.1,4019.6,0.0,0.0,6140.6,2045.4,0.0,0.0,0.0,0.0357,0.0555,upv,upv,0.0,0.0,0.0,0.0,0.0,0.0,0.0,0.0,0.0,0.0,0.0,0.0,0.0,0.0,0.0,0.0,0.0,0.0,140.5,2.7,0.27,16.6,1059.2,0.06,140.6,48.2,188.8,0.0,0.0,0.0,0.0,0.0,0.0,0.0,0.0,0.0,0.0,0.0,0.0,0.0,0.0,0.0,0.0,0.0,0.0,4444.9,4444.9,6140.6,6140.6,0.0,0.0,0.0,0.0,0.0,435.2,0.0,0.0,0.0,0.0,0.0,0.0,0.0,5429.4,276.0,0.0
2050-05-24 12:00:00,2050-05-24 10:00:00,2247.4,3045.5,0.0,0.0,5292.8,2164.5,-0.0,0.0,0.0,0.0369,0.0588,upv,upv,0.0,0.0,0.0,0.0,0.0,0.0,0.0,0.0,0.0,0.0,0.0,0.0,0.0,0.0,0.0,0.0,0.0,0.0,140.7,2.7,0.27,16.6,1060.5,0.06,140.8,48.2,189.1,0.0,0.0,0.0,0.0,0.0,0.0,0.0,0.0,0.0,0.0,0.0,0.0,0.0,0.0,0.0,0.0,0.0,0.0,5296.1,5296.1,5292.8,5292.8,0.0,0.0,0.0,0.0,0.0,435.2,0.0,0.0,0.0,0.0,0.0,0.0,0.0,4578.2,279.4,0.0
2050-05-24 13:00:00,2050-05-24 11:00:00,2322.1,3141.4,0.0,0.0,5463.6,2234.7,0.0,0.0,0.0,0.0376,0.0607,upv,upv,0.0,0.0,0.0,0.0,0.0,0.0,0.0,0.0,0.0,0.0,0.0,0.0,0.0,0.0,0.0,0.0,0.0,0.0,140.8,2.7,0.27,16.6,1061.3,0.06,140.9,48.3,189.2,0.0,0.0,0.0,0.0,0.0,0.0,0.0,0.0,0.0,0.0,0.0,0.0,0.0,0.0,0.0,0.0,0.0,0.0,5126.0,5126.0,5463.6,5463.6,0.0,0.0,0.0,0.0,0.0,435.2,0.0,0.0,0.0,0.0,0.0,0.0,0.0,4748.3,280.0,0.0
2050-05-24 14:00:00,2050-05-24 12:00:00,2412.6,974.1,0.0,0.0,3386.8,2319.7,0.0,0.0,0.0,0.0385,0.0631,upv,upv,0.0,0.0,0.0,0.0,0.0,0.0,0.0,0.0,0.0,0.0,0.0,0.0,0.0,0.0,0.0,0.0,0.0,0.0,140.9,2.7,0.27,16.6,1062.3,0.06,141.1,48.3,189.4,0.0,0.0,0.0,0.0,0.0,0.0,0.0,0.0,0.0,0.0,0.0,0.0,0.0,0.0,0.0,0.0,0.0,0.0,7202.8,7202.8,3386.8,3386.8,0.0,0.0,0.0,0.0,0.0,435.2,0.0,0.0,0.0,0.0,0.0,0.0,0.0,2671.5,280.0,0.0
2050-05-24 15:00:00,2050-05-24 13:00:00,2526.3,2180.4,0.0,0.0,4706.7,2426.0,0.0,0.0,0.0,0.0397,0.0661,upv,upv,0.0,0.0,0.0,0.0,0.0,0.0,0.0,0.0,0.0,0.0,0.0,0.0,0.0,0.0,0.0,0.0,0.0,0.0,141.1,2.7,0.27,16.7,1063.6,0.06,141.2,48.4,189.6,0.0,0.0,0.0,0.0,0.0,0.0,0.0,0.0,0.0,0.0,0.0,0.0,0.0,0.0,0.0,0.0,0.0,0.0,5882.8,5882.8,4706.7,4706.7,0.0,0.0,0.0,0.0,0.0,435.2,0.0,0.0,0.0,0.0,0.0,0.0,0.0,3991.5,280.0,0.0
2050-05-24 16:00:00,2050-05-24 14:00:00,2660.0,3169.5,0.0,0.0,5829.5,2550.6,0.0,0.0,0.0,0.0411,0.0696,upv,upv,0.0,0.0,0.0,0.0,0.0,0.0,0.0,0.0,0.0,0.0,0.0,0.0,0.0,0.0,0.0,0.0,0.0,0.0,141.3,2.7,0.27,16.7,1065.2,0.06,141.4,48.5,189.9,0.0,0.0,0.0,0.0,0.0,0.0,0.0,0.0,0.0,0.0,0.0,0.0,0.0,0.0,0.0,0.0,0.0,0.0,4760.0,4760.0,5829.5,5829.5,0.0,0.0,0.0,0.0,0.0,435.2,0.0,0.0,0.0,0.0,0.0,0.0,0.0,5114.3,280.0,0.0
2050-05-24 17:00:00,2050-05-24 15:00:00,2834.7,3012.5,0.0,0.0,5847.2,2712.8,0.0,0.0,0.0,0.043,0.0741,upv,upv,0.0,0.0,0.0,0.0,0.0,0.0,0.0,0.0,0.0,0.0,0.0,0.0,0.0,0.0,0.0,0.0,0.0,0.0,141.6,2.7,0.27,16.7,1067.3,0.06,141.7,48.5,190.3,0.0,0.0,0.0,0.0,0.0,0.0,0.0,0.0,0.0,0.0,0.0,0.0,0.0,0.0,0.0,0.0,0.0,0.0,4742.3,4742.3,5847.2,5847.2,0.0,0.0,0.0,0.0,0.0,435.2,0.0,0.0,0.0,0.0,0.0,0.0,0.0,5132.0,280.0,0.0
2050-05-24 18:00:00,2050-05-24 16:00:00,2989.5,2431.9,0.0,0.0,5421.4,2855.8,0.0,0.0,0.0,0.0447,0.0782,upv,upv,0.0,0.0,0.0,0.0,0.0,0.0,0.0,0.0,0.0,0.0,0.0,0.0,0.0,0.0,0.0,0.0,0.0,0.0,141.8,2.7,0.27,16.8,1069.2,0.06,142.0,48.6,190.6,0.0,0.0,0.0,0.0,0.0,0.0,0.0,0.0,0.0,0.0,0.0,0.0,0.0,0.0,0.0,0.0,0.0,0.0,4810.5,4810.5,5421.4,5421.4,0.0,0.0,0.0,0.0,0.0,420.1,0.0,0.0,0.0,0.0,0.0,0.0,0.0,4721.3,280.0,0.0
2050-05-24 19:00:00,2050-05-24 17:00:00,3129.5,1572.1,0.0,10.7,4712.3,2984.6,-1640.0,0.0,1640.0,0.0463,0.0818,battery,wind-ons,0.0,0.0,0.0,0.0,0.0,0.0,0.0,0.0,0.0,0.0,0.0,0.0,0.0,0.0,0.0,0.0,0.0,0.0,142.1,2.7,0.27,16.8,1071.0,0.06,142.2,48.7,190.9,0.0,0.0,0.0,0.0,0.0,0.0,0.0,0.0,0.0,0.0,0.0,0.0,0.0,0.0,0.0,0.0,0.0,0.0,0.0,0.0,6352.2,6352.2,0.0,0.0,0.0,0.0,0.0,256.2,0.0,0.0,0.0,0.0,0.0,0.0,0.0,5816.0,280.0,0.0
2050-05-24 20:00:00,2050-05-24 18:00:00,3144.2,0.0,0.0,15.0,3159.2,2998.1,2070.0,445.3,1248.6,0.0465,0.0822,battery,gas-cc,0.0,0.0,0.0,0.0,0.0,0.0,0.0,0.0,0.0,0.0,0.0,0.0,0.0,0.0,0.0,0.0,0.0,0.0,143.0,2.7,0.27,16.9,1077.8,0.06,143.1,49.0,192.1,345.0,6.5,0.65,40.8,2603.2,0.15,345.3,118.4,463.7,26.22,0.0,0.0,26.22,28.56,0.0,0.0,28.56,0.0,0.0,0.0,3962.5,1089.2,2873.3,0.0,0.0,0.0,0.0,34.2,0.0,0.0,0.0,0.0,0.0,0.0,0.0,775.5,279.6,0.0
2050-05-24 21:00:00,2050-05-24 19:00:00,3049.5,0.0,0.0,16.5,3066.0,2911.0,2790.8,445.3,1479.3,0.0454,0.0797,battery,gas-cc,0.0,0.0,0.0,0.0,0.0,0.0,0.0,0.0,0.0,0.0,0.0,0.0,0.0,0.0,0.0,0.0,0.0,0.0,143.2,2.7,0.27,16.9,1079.7,0.06,143.4,49.1,192.5,382.3,7.2,0.72,45.2,2884.7,0.17,382.7,131.2,513.9,26.22,0.0,0.0,26.22,28.49,0.0,0.0,28.49,0.0,0.0,0.0,4099.9,275.2,3824.8,0.0,0.0,0.0,0.0,0.0,0.0,0.0,0.0,0.0,0.0,0.0,0.0,0.0,275.2,0.0
2050-05-24 22:00:00,2050-05-24 20:00:00,2876.8,0.0,0.0,17.6,2894.4,2751.8,2619.4,445.3,1640.0,0.0435,0.0752,battery,gas-cc,0.0,0.0,0.0,0.0,0.0,0.0,0.0,0.0,0.0,0.0,0.0,0.0,0.0,0.0,0.0,0.0,0.0,0.0,137.6,2.6,0.26,16.3,1037.6,0.06,137.8,47.2,185.0,342.4,6.5,0.65,40.4,2583.6,0.15,342.7,117.5,460.2,26.22,0.0,0.0,26.22,28.35,0.0,0.0,28.35,0.0,0.0,0.0,4089.1,275.1,3814.0,0.0,0.0,0.0,0.0,0.0,0.0,0.0,0.0,0.0,0.0,0.0,0.0,0.0,275.1,0.0
2050-05-24 23:00:00,2050-05-24 21:00:00,2633.7,0.0,0.0,17.6,2651.2,2526.1,2384.7,445.3,1640.0,0.0408,0.0689,battery,gas-cc,0.0,0.0,0.0,0.0,0.0,0.0,0.0,0.0,0.0,0.0,0.0,0.0,0.0,0.0,0.0,0.0,0.0,0.0,142.6,2.7,0.27,16.8,1074.8,0.06,142.7,48.9,191.6,340.0,6.4,0.64,40.2,2565.9,0.15,340.4,116.7,457.1,26.22,0.0,0.0,26.22,28.15,0.0,0.0,28.15,0.0,0.0,0.0,3845.9,266.6,3579.3,0.0,0.0,0.0,0.0,0.0,0.0,0.0,0.0,0.0,0.0,0.0,0.0,0.0,266.6,0.0
2050-05-25 00:00:00,2050-05-24 22:00:00,2363.2,0.0,0.0,17.6,2380.7,2273.3,2132.9,445.3,1640.0,0.038,0.0618,battery,gas-cc,0.0,0.0,0.0,0.0,0.0,0.0,0.0,0.0,0.0,0.0,0.0,0.0,0.0,0.0,0.0,0.0,0.0,0.0,142.0,2.7,0.27,16.8,1070.6,0.06,142.2,48.7,190.9,408.8,7.7,0.77,48.3,3084.6,0.18,409.2,140.3,549.5,30.67,0.0,0.0,30.67,32.69,0.0,0.0,32.69,0.0,0.0,0.0,3575.4,247.8,3327.5,0.0,0.0,0.0,0.0,0.0,0.0,0.0,0.0,0.0,0.0,0.0,0.0,0.0,247.8,0.0
2050-05-25 01:00:00,2050-05-24 23:00:00,2108.4,0.0,0.0,17.6,2126.0,2033.4,1889.8,445.3,1640.0,0.0356,0.0551,battery,gas-cc,0.0,0.0,0.0,0.0,0.0,0.0,0.0,0.0,0.0,0.0,0.0,0.0,0.0,0.0,0.0,0.0,0.0,0.0,141.4,2.7,0.27,16.7,1066.1,0.06,141.6,48.5,190.1,405.9,7.6,0.76,47.9,3062.8,0.18,406.3,139.3,545.6,30.67,0.0,0.0,30.67,32.46,0.0,0.0,32.46,0.0,0.0,0.0,3320.6,236.2,3084.4,0.0,0.0,0.0,0.0,0.0,0.0,0.0,0.0,0.0,0.0,0.0,0.0,0.0,236.2,0.0
2050-05-25 02:00:00,2050-05-25 00:00:00,1855.8,0.0,0.0,16.3,1872.1,1793.9,1631.9,445.3,1440.2,0.0334,0.0485,battery,gas-cc,0.0,0.0,0.0,0.0,0.0,0.0,0.0,0.0,0.0,0.0,0.0,0.0,0.0,0.0,0.0,0.0,0.0,0.0,141.3,2.7,0.27,16.7,1065.6,0.06,141.5,48.5,190.0,403.1,7.6,0.76,47.6,3041.6,0.17,403.5,138.3,541.8,30.67,0.0,0.0,30.67,32.24,0.0,0.0,32.24,0.0,0.0,0.0,2866.9,240.2,2626.7,0.0,0.0,0.0,0.0,0.0,0.0,0.0,0.0,0.0,0.0,0.0,0.0,0.0,240.2,0.0
2050-05-25 03:00:00,2050-05-25 01:00:00,1683.2,0.0,0.0,9.9,1693.1,1629.3,1441.1,445.3,460.5,0.032,0.044,battery,gas-cc,0.0,0.0,0.0,0.0,0.0,0.0,0.0,0.0,0.0,0.0,0.0,0.0,0.0,0.0,0.0,0.0,0.0,0.0,140.7,2.7,0.27,16.6,1060.5,0.06,140.8,48.2,189.1,401.2,7.6,0.76,47.4,3027.2,0.17,401.6,137.6,539.2,30.67,0.0,0.0,30.67,32.08,0.0,0.0,32.08,0.0,0.0,0.0,1708.2,251.9,1456.3,0.0,0.0,0.0,0.0,0.0,0.0,0.0,0.0,0.0,0.0,0.0,0.0,0.0,251.9,0.0
2050-05-25 04:00:00,2050-05-25 02:00:00,1558.9,0.0,0.0,8.1,1567.1,1510.3,1330.0,445.3,190.9,0.0312,0.0408,battery,gas-cc,0.0,0.0,0.0,0.0,0.0,0.0,0.0,0.0,0.0,0.0,0.0,0.0,0.0,0.0,0.0,0.0,0.0,0.0,140.4,2.6,0.27,16.6,1058.1,0.06,140.5,48.1,188.6,377.8,7.1,0.71,44.6,2851.0,0.16,378.2,129.6,507.8,30.67,0.0,0.0,30.67,31.97,0.0,0.0,31.97,0.0,0.0,0.0,1312.7,237.0,1075.7,0.0,0.0,0.0,0.0,0.0,0.0,0.0,0.0,0.0,0.0,0.0,0.0,0.0,237.0,0.0
2050-05-25 05:00:00,2050-05-25 03:00:00,1464.2,0.0,0.0,8.8,1473.0,1419.3,1238.3,734.7,0.0,0.0307,0.0383,battery,gas-cc,0.0,0.0,0.0,0.0,0.0,0.0,0.0,0.0,0.0,0.0,0.0,0.0,0.5,1.3,0.01,0.0,0.6,0.6,140.4,2.6,0.27,16.6,1058.3,0.06,140.5,48.1,188.7,398.8,7.5,0.75,47.1,3009.2,0.17,399.2,136.8,536.0,30.67,0.0,0.0,30.67,31.89,0.0,0.0,31.89,0.0,0.0,0.0,738.3,234.7,503.6,0.0,0.0,0.0,0.0,0.0,0.0,0.0,0.0,0.0,0.0,0.0,0.0,0.0,234.7,0.0
2050-05-25 06:00:00,2050-05-25 04:00:00,1428.4,0.0,0.0,9.7,1438.1,1384.9,1194.7,868.9,0.0,0.0305,0.0374,battery,gas-cc,0.0,0.0,0.0,0.0,0.0,0.0,0.0,0.0,0.0,0.0,0.0,0.0,0.8,1.9,0.02,0.0,0.9,0.9,141.0,2.7,0.27,16.7,1062.8,0.06,141.1,48.3,189.5,328.9,6.2,0.62,38.9,2481.9,0.14,329.2,112.9,442.1,28.47,0.0,0.0,28.47,29.58,0.0,0.0,29.58,0.0,0.0,0.0,569.2,243.3,325.9,0.0,0.0,0.0,0.0,0.0,0.0,0.0,0.0,0.0,0.0,0.0,0.0,0.0,243.3,0.0
2050-05-25 07:00:00,2050-05-25 05:00:00,1430.5,0.0,0.0,6.4,1437.0,1386.9,-990.2,0.0,990.2,0.0305,0.0374,wind-ons,wind-ons,0.0,0.0,0.0,0.0,0.0,0.0,0.0,0.0,0.0,0.0,0.0,0.0,0.0,0.0,0.0,0.0,0.0,0.0,139.7,2.6,0.26,16.5,1053.5,0.06,139.9,47.9,187.8,0.0,0.0,0.0,0.0,0.0,0.0,0.0,0.0,0.0,0.0,0.0,0.0,0.0,0.0,0.0,0.0,0.0,0.0,0.0,0.0,2427.2,2427.2,0.0,0.0,0.0,0.0,0.0,91.4,0.0,0.0,0.0,0.0,0.0,0.0,0.0,2074.4,261.4,0.0
2050-05-25 08:00:00,2050-05-25 06:00:00,1549.5,2850.6,0.0,0.0,4400.1,1501.2,0.0,0.0,0.0,0.0311,0.0405,upv,upv,0.0,0.0,0.0,0.0,0.0,0.0,0.0,0.0,0.0,0.0,0.0,0.0,0.0,0.0,0.0,0.0,0.0,0.0,139.8,2.6,0.26,16.5,1054.2,0.06,140.0,48.0,187.9,0.0,0.0,0.0,0.0,0.0,0.0,0.0,0.0,0.0,0.0,0.0,0.0,0.0,0.0,0.0,0.0,0.0,0.0,3970.3,3970.3,4400.1,4400.1,0.0,0.0,0.0,0.0,0.0,343.2,0.0,0.0,0.0,0.0,0.0,0.0,0.0,3816.7,240.2,0.0
2050-05-25 09:00:00,2050-05-25 07:00:00,1752.6,2821.5,0.0,0.0,4574.2,1695.6,0.0,0.0,0.0,0.0325,0.0458,upv,upv,0.0,0.0,0.0,0.0,0.0,0.0,0.0,0.0,0.0,0.0,0.0,0.0,0.0,0.0,0.0,0.0,0.0,0.0,140.0,2.6,0.27,16.5,1055.7,0.06,140.2,48.0,188.2,0.0,0.0,0.0,0.0,0.0,0.0,0.0,0.0,0.0,0.0,0.0,0.0,0.0,0.0,0.0,0.0,0.0,0.0,5980.6,5980.6,4574.2,4574.2,0.0,0.0,0.0,0.0,0.0,434.9,0.0,0.0,0.0,0.0,0.0,0.0,0.0,3887.2,252.1,0.0
2050-05-25 10:00:00,2050-05-25 08:00:00,1969.5,3240.3,0.0,0.0,5209.8,1901.9,0.0,0.0,0.0,0.0343,0.0515,upv,upv,0.0,0.0,0.0,0.0,0.0,0.0,0.0,0.0,0.0,0.0,0.0,0.0,0.0,0.0,0.0,0.0,0.0,0.0,140.3,2.6,0.27,16.6,1057.7,0.06,140.4,48.1,188.6,0.0,0.0,0.0,0.0,0.0,0.0,0.0,0.0,0.0,0.0,0.0,0.0,0.0,0.0,0.0,0.0,0.0,0.0,5354.7,5354.7,5209.8,5209.8,0.0,0.0,0.0,0.0,0.0,435.2,0.0,0.0,0.0,0.0,0.0,0.0,0.0,4519.6,255.0,0.0
2050-05-25 11:00:00,2050-05-25 09:00:00,2082.1,3211.2,0.0,0.0,5293.3,2008.6,0.0,0.0,0.0,0.0353,0.0544,upv,upv,0.0,0.0,0.0,0.0,0.0,0.0,0.0,0.0,0.0,0.0,0.0,0.0,0.0,0.0,0.0,0.0,0.0,0.0,140.4,2.7,0.27,16.6,1058.8,0.06,140.6,48.2,188.8,0.0,0.0,0.0,0.0,0.0,0.0,0.0,0.0,0.0,0.0,0.0,0.0,0.0,0.0,0.0,0.0,0.0,0.0,5251.6,5251.6,5293.3,5293.3,0.0,0.0,0.0,0.0,0.0,435.2,0.0,0.0,0.0,0.0,0.0,0.0,0.0,4622.7,235.4,0.0
2050-05-25 12:00:00,2050-05-25 10:00:00,2154.7,2626.7,0.0,0.0,4781.5,2077.2,0.0,0.0,0.0,0.036,0.0563,upv,upv,0.0,0.0,0.0,0.0,0.0,0.0,0.0,0.0,0.0,0.0,0.0,0.0,0.0,0.0,0.0,0.0,0.0,0.0,140.5,2.7,0.27,16.6,1059.5,0.06,140.7,48.2,188.9,0.0,0.0,0.0,0.0,0.0,0.0,0.0,0.0,0.0,0.0,0.0,0.0,0.0,0.0,0.0,0.0,0.0,0.0,5769.8,5769.8,4781.5,4781.5,0.0,0.0,0.0,0.0,0.0,435.2,0.0,0.0,0.0,0.0,0.0,0.0,0.0,4104.5,241.7,0.0
2050-05-25 13:00:00,2050-05-25 11:00:00,2216.8,3502.0,0.0,0.0,5718.9,2135.7,-0.0,0.0,0.0,0.0366,0.058,upv,upv,0.0,0.0,0.0,0.0,0.0,0.0,0.0,0.0,0.0,0.0,0.0,0.0,0.0,0.0,0.0,0.0,0.0,0.0,140.6,2.7,0.27,16.6,1060.2,0.06,140.8,48.2,189.0,0.0,0.0,0.0,0.0,0.0,0.0,0.0,0.0,0.0,0.0,0.0,0.0,0.0,0.0,0.0,0.0,0.0,0.0,4858.9,4858.9,5718.9,5718.9,0.0,0.0,0.0,0.0,0.0,435.2,0.0,0.0,0.0,0.0,0.0,0.0,0.0,5015.4,268.2,0.0
2050-05-25 14:00:00,2050-05-25 12:00:00,2286.3,3597.0,0.0,0.0,5883.3,2201.1,-0.0,0.0,0.0,0.0373,0.0598,upv,upv,0.0,0.0,0.0,0.0,0.0,0.0,0.0,0.0,0.0,0.0,0.0,0.0,0.0,0.0,0.0,0.0,0.0,0.0,140.7,2.7,0.27,16.6,1060.9,0.06,140.9,48.3,189.1,0.0,0.0,0.0,0.0,0.0,0.0,0.0,0.0,0.0,0.0,0.0,0.0,0.0,0.0,0.0,0.0,0.0,0.0,4703.3,4703.3,5883.3,5883.3,0.0,0.0,0.0,0.0,0.0,435.2,0.0,0.0,0.0,0.0,0.0,0.0,0.0,5171.0,277.1,0.0
2050-05-25 15:00:00,2050-05-25 13:00:00,2373.7,3629.9,0.0,0.0,6003.6,2283.2,-0.0,0.0,0.0,0.0381,0.0621,upv,upv,0.0,0.0,0.0,0.0,0.0,0.0,0.0,0.0,0.0,0.0,0.0,0.0,0.0,0.0,0.0,0.0,0.0,0.0,140.9,2.7,0.27,16.6,1061.9,0.06,141.0,48.3,189.3,0.0,0.0,0.0,0.0,0.0,0.0,0.0,0.0,0.0,0.0,0.0,0.0,0.0,0.0,0.0,0.0,0.0,0.0,4584.4,4584.4,6003.6,6003.6,0.0,0.0,0.0,0.0,0.0,435.2,0.0,0.0,0.0,0.0,0.0,0.0,0.0,5289.9,278.5,0.0
2050-05-25 16:00:00,2050-05-25 14:00:00,2453.7,2431.9,0.0,0.0,4885.6,2358.1,0.0,0.0,0.0,0.039,0.0642,upv,upv,0.0,0.0,0.0,0.0,0.0,0.0,0.0,0.0,0.0,0.0,0.0,0.0,0.0,0.0,0.0,0.0,0.0,0.0,141.0,2.7,0.27,16.7,1062.8,0.06,141.1,48.3,189.5,0.0,0.0,0.0,0.0,0.0,0.0,0.0,0.0,0.0,0.0,0.0,0.0,0.0,0.0,0.0,0.0,0.0,0.0,5702.7,5702.7,4885.6,4885.6,0.0,0.0,0.0,0.0,0.0,435.2,0.0,0.0,0.0,0.0,0.0,0.0,0.0,4171.6,278.7,0.0
2050-05-25 17:00:00,2050-05-25 15:00:00,2585.3,2185.2,0.0,0.0,4770.4,2481.0,-0.0,0.0,0.0,0.0403,0.0676,upv,upv,0.0,0.0,0.0,0.0,0.0,0.0,0.0,0.0,0.0,0.0,0.0,0.0,0.0,0.0,0.0,0.0,0.0,0.0,141.2,2.7,0.27,16.7,1064.3,0.06,141.3,48.4,189.7,0.0,0.0,0.0,0.0,0.0,0.0,0.0,0.0,0.0,0.0,0.0,0.0,0.0,0.0,0.0,0.0,0.0,0.0,5818.3,5818.3,4770.4,4770.4,0.0,0.0,0.0,0.0,0.0,435.2,0.0,0.0,0.0,0.0,0.0,0.0,0.0,4056.0,279.2,0.0
2050-05-25 18:00:00,2050-05-25 16:00:00,2740.0,680.5,0.0,0.0,3420.5,2625.0,0.0,0.0,0.0,0.042,0.0717,upv,upv,0.0,0.0,0.0,0.0,0.0,0.0,0.0,0.0,0.0,0.0,0.0,0.0,0.0,0.0,0.0,0.0,0.0,0.0,141.4,2.7,0.27,16.7,1066.1,0.06,141.6,48.5,190.1,0.0,0.0,0.0,0.0,0.0,0.0,0.0,0.0,0.0,0.0,0.0,0.0,0.0,0.0,0.0,0.0,0.0,0.0,7121.1,7121.1,3420.5,3420.5,0.0,0.0,0.0,0.0,0.0,433.1,0.0,0.0,0.0,0.0,0.0,0.0,0.0,2708.0,279.4,0.0
2050-05-25 19:00:00,2050-05-25 17:00:00,2822.1,389.6,0.0,1.4,3213.1,2701.1,-213.2,0.0,213.2,0.0429,0.0738,upv,upv,0.0,0.0,0.0,0.0,0.0,0.0,0.0,0.0,0.0,0.0,0.0,0.0,0.0,0.0,0.0,0.0,0.0,0.0,141.6,2.7,0.27,16.7,1067.1,0.06,141.7,48.5,190.2,0.0,0.0,0.0,0.0,0.0,0.0,0.0,0.0,0.0,0.0,0.0,0.0,0.0,0.0,0.0,0.0,0.0,0.0,3458.2,3458.2,3426.4,3426.4,0.0,0.0,0.0,0.0,0.0,278.8,0.0,0.0,0.0,0.0,0.0,0.0,0.0,2868.3,279.3,0.0
2050-05-25 20:00:00,2050-05-25 18:00:00,2857.9,0.0,0.0,17.1,2875.0,2734.2,1608.6,0.0,2057.5,0.0433,0.0747,battery,gas-cc,0.0,0.0,0.0,0.0,0.0,0.0,0.0,0.0,0.0,0.0,0.0,0.0,0.0,0.0,0.0,0.0,0.0,0.0,142.6,2.7,0.27,16.8,1075.1,0.06,142.8,48.9,191.7,455.9,8.6,0.86,53.9,3440.3,0.2,456.4,156.4,612.8,19.68,0.0,0.0,19.68,21.27,0.0,0.0,21.27,0.0,0.0,0.0,4932.6,1266.4,3666.2,0.0,0.0,0.0,0.0,41.8,0.0,0.0,0.0,0.0,0.0,0.0,0.0,949.1,275.5,0.0
2050-05-25 21:00:00,2050-05-25 19:00:00,2820.0,0.0,0.0,17.6,2837.6,2699.2,2573.4,445.3,1640.0,0.0429,0.0737,battery,gas-cc,0.0,0.0,0.0,0.0,0.0,0.0,0.0,0.0,0.0,0.0,0.0,0.0,0.0,0.0,0.0,0.0,0.0,0.0,142.7,2.7,0.27,16.9,1076.0,0.06,142.9,48.9,191.8,341.8,6.4,0.64,40.4,2579.4,0.15,342.2,117.3,459.5,24.9,0.0,0.0,24.9,26.88,0.0,0.0,26.88,0.0,0.0,0.0,4032.2,264.1,3768.1,0.0,0.0,0.0,0.0,0.0,0.0,0.0,0.0,0.0,0.0,0.0,0.0,0.0,264.1,0.0
2050-05-25 22:00:00,2050-05-25 20:00:00,2690.5,0.0,0.0,17.6,2708.1,2579.0,2454.9,445.3,1640.0,0.0414,0.0704,battery,gas-cc,0.0,0.0,0.0,0.0,0.0,0.0,0.0,0.0,0.0,0.0,0.0,0.0,0.0,0.0,0.0,0.0,0.0,0.0,142.5,2.7,0.27,16.8,1074.4,0.06,142.7,48.9,191.5,340.6,6.4,0.64,40.2,2570.0,0.15,340.9,116.9,457.8,19.68,0.0,0.0,19.68,21.17,0.0,0.0,21.17,0.0,0.0,0.0,3902.7,253.2,3649.6,0.0,0.0,0.0,0.0,0.0,0.0,0.0,0.0,0.0,0.0,0.0,0.0,0.0,253.2,0.0
2050-05-25 23:00:00,2050-05-25 21:00:00,2474.7,0.0,0.0,17.6,2492.3,2377.8,2243.6,445.3,1640.0,0.0392,0.0647,battery,gas-cc,0.0,0.0,0.0,0.0,0.0,0.0,0.0,0.0,0.0,0.0,0.0,0.0,0.0,0.0,0.0,0.0,0.0,0.0,141.8,2.7,0.27,16.8,1069.4,0.06,142.0,48.6,190.6,338.5,6.4,0.64,40.0,2554.5,0.15,338.9,116.2,455.0,19.68,0.0,0.0,19.68,21.04,0.0,0.0,21.04,0.0,0.0,0.0,3687.0,248.7,3438.3,0.0,0.0,0.0,0.0,0.0,0.0,0.0,0.0,0.0,0.0,0.0,0.0,0.0,248.7,0.0
2050-05-26 00:00:00,2050-05-25 22:00:00,2224.2,0.0,0.0,15.4,2239.6,2142.7,2006.8,304.5,1640.0,0.0367,0.0582,battery,gas-cc,0.0,0.0,0.0,0.0,0.0,0.0,0.0,0.0,0.0,0.0,0.0,0.0,0.0,0.0,0.0,0.0,0.0,0.0,141.8,2.7,0.27,16.8,1069.1,0.06,142.0,48.6,190.6,336.2,6.3,0.63,39.7,2536.7,0.15,336.5,115.3,451.9,29.48,0.0,0.0,29.48,31.3,0.0,0.0,31.3,0.0,0.0,0.0,3575.0,232.8,3342.2,0.0,0.0,0.0,0.0,0.0,0.0,0.0,0.0,0.0,0.0,0.0,0.0,0.0,232.8,0.0
2050-05-26 01:00:00,2050-05-25 23:00:00,1989.5,0.0,0.0,16.8,2006.3,1920.9,1782.4,445.3,1528.2,0.0345,0.052,gas-cc,gas-cc,0.0,0.0,0.0,0.0,0.0,0.0,0.0,0.0,0.0,0.0,0.0,0.0,0.0,0.0,0.0,0.0,0.0,0.0,141.4,2.7,0.27,16.7,1065.8,0.06,141.5,48.5,190.0,371.1,7.0,0.7,43.8,2800.3,0.16,371.5,127.3,498.8,29.48,0.0,0.0,29.48,31.1,0.0,0.0,31.1,0.0,0.0,0.0,3089.2,223.9,2865.3,0.0,0.0,0.0,0.0,0.0,0.0,0.0,0.0,0.0,0.0,0.0,0.0,0.0,223.9,0.0
2050-05-26 02:00:00,2050-05-26 00:00:00,1734.7,0.0,0.0,17.0,1751.7,1678.5,1519.5,445.3,1552.6,0.0324,0.0454,battery,gas-cc,0.0,0.0,0.0,0.0,0.0,0.0,0.0,0.0,0.0,0.0,0.0,0.0,0.0,0.0,0.0,0.0,0.0,0.0,143.3,2.7,0.27,16.9,1080.5,0.06,143.5,49.1,192.6,331.7,6.3,0.63,39.2,2502.7,0.14,332.0,113.8,445.8,28.78,0.0,0.0,28.78,30.14,0.0,0.0,30.14,0.0,0.0,0.0,2859.0,232.3,2626.7,0.0,0.0,0.0,0.0,0.0,0.0,0.0,0.0,0.0,0.0,0.0,0.0,0.0,232.3,0.0
2050-05-26 03:00:00,2050-05-26 01:00:00,1572.6,0.0,0.0,9.2,1581.9,1523.4,1353.4,445.3,356.7,0.0313,0.0411,battery,gas-cc,0.0,0.0,0.0,0.0,0.0,0.0,0.0,0.0,0.0,0.0,0.0,0.0,0.0,0.0,0.0,0.0,0.0,0.0,140.9,2.7,0.27,16.6,1061.9,0.06,141.0,48.3,189.3,330.2,6.2,0.62,39.0,2491.7,0.14,330.5,113.3,443.8,27.05,0.0,0.0,27.05,28.21,0.0,0.0,28.21,0.0,0.0,0.0,1493.3,228.4,1264.9,0.0,0.0,0.0,0.0,0.0,0.0,0.0,0.0,0.0,0.0,0.0,0.0,0.0,228.4,0.0
2050-05-26 04:00:00,2050-05-26 02:00:00,1466.3,0.0,0.0,8.6,1474.9,1421.3,1253.3,699.5,0.0,0.0307,0.0383,gas-cc,gas-cc,0.0,0.0,0.0,0.0,0.0,0.0,0.0,0.0,0.0,0.0,0.0,0.0,0.5,1.1,0.01,0.0,0.5,0.5,189.9,3.6,0.36,22.4,1432.4,0.08,190.1,65.1,255.3,365.8,6.9,0.69,43.2,2760.5,0.16,366.2,125.5,491.7,27.05,0.0,0.0,27.05,28.13,0.0,0.0,28.13,0.0,0.0,0.0,775.4,221.6,553.8,0.0,0.0,0.0,0.0,0.0,0.0,0.0,0.0,0.0,0.0,0.0,0.0,0.0,221.6,0.0
2050-05-26 05:00:00,2050-05-26 03:00:00,1394.7,0.0,0.0,11.8,1406.5,1352.4,1191.3,1191.3,0.0,0.0303,0.0365,hydro,gas-cc,0.0,0.0,0.0,0.0,0.0,0.0,0.0,0.0,0.0,0.0,0.0,0.0,1.4,3.4,0.03,0.0,1.5,1.5,151.6,2.9,0.29,17.9,1142.8,0.07,151.7,52.0,203.7,365.1,6.9,0.69,43.1,2755.1,0.16,365.5,125.3,490.8,27.05,0.0,0.0,27.05,28.07,0.0,0.0,28.07,0.0,0.0,0.0,215.2,215.2,0.0,0.0,0.0,0.0,0.0,0.0,0.0,0.0,0.0,0.0,0.0,0.0,0.0,0.0,215.2,0.0
2050-05-26 06:00:00,2050-05-26 04:00:00,1363.2,0.0,0.0,10.8,1373.9,1322.0,1164.0,445.3,597.8,0.0302,0.0356,gas-cc,gas-cc,0.0,0.0,0.0,0.0,0.0,0.0,0.0,0.0,0.0,0.0,0.0,0.0,0.0,0.0,0.0,0.0,0.0,0.0,148.1,2.8,0.28,17.5,1116.6,0.06,148.3,50.8,199.0,364.8,6.9,0.69,43.1,2752.8,0.16,365.2,125.2,490.4,26.32,0.0,0.0,26.32,27.3,0.0,0.0,27.3,0.0,0.0,0.0,1526.4,210.0,1316.5,0.0,0.0,0.0,0.0,0.0,0.0,0.0,0.0,0.0,0.0,0.0,0.0,0.0,210.0,0.0
2050-05-26 07:00:00,2050-05-26 05:00:00,1357.9,0.0,0.0,6.5,1364.4,1316.9,-996.2,0.0,996.2,0.0302,0.0355,wind-ons,wind-ons,0.0,0.0,0.0,0.0,0.0,0.0,0.0,0.0,0.0,0.0,0.0,0.0,0.0,0.0,0.0,0.0,0.0,0.0,140.1,2.6,0.27,16.5,1055.8,0.06,140.2,48.0,188.2,0.0,0.0,0.0,0.0,0.0,0.0,0.0,0.0,0.0,0.0,0.0,0.0,0.0,0.0,0.0,0.0,0.0,0.0,0.0,0.0,2360.6,2360.6,0.0,0.0,0.0,0.0,0.0,90.4,0.0,0.0,0.0,0.0,0.0,0.0,0.0,2050.1,220.1,0.0
2050-05-26 08:00:00,2050-05-26 06:00:00,1455.8,3791.8,0.0,0.0,5247.6,1411.2,0.0,0.0,0.0,0.0306,0.0381,upv,upv,0.0,0.0,0.0,0.0,0.0,0.0,0.0,0.0,0.0,0.0,0.0,0.0,0.0,0.0,0.0,0.0,0.0,0.0,139.8,2.6,0.26,16.5,1053.6,0.06,139.9,47.9,187.8,0.0,0.0,0.0,0.0,0.0,0.0,0.0,0.0,0.0,0.0,0.0,0.0,0.0,0.0,0.0,0.0,0.0,0.0,3028.8,3028.8,5247.6,5247.6,0.0,0.0,0.0,0.0,0.0,339.8,0.0,0.0,0.0,0.0,0.0,0.0,0.0,4680.6,227.2,0.0
2050-05-26 09:00:00,2050-05-26 07:00:00,1654.7,3312.0,0.0,0.0,4966.7,1602.1,-0.0,0.0,0.0,0.0318,0.0433,upv,upv,0.0,0.0,0.0,0.0,0.0,0.0,0.0,0.0,0.0,0.0,0.0,0.0,0.0,0.0,0.0,0.0,0.0,0.0,139.9,2.6,0.26,16.5,1055.0,0.06,140.1,48.0,188.1,0.0,0.0,0.0,0.0,0.0,0.0,0.0,0.0,0.0,0.0,0.0,0.0,0.0,0.0,0.0,0.0,0.0,238.7,5336.0,5574.7,4966.7,4966.7,0.0,0.0,0.0,0.0,0.0,434.9,0.0,0.0,0.0,0.0,0.0,0.0,0.0,4531.9,0.0,0.0
2050-05-26 10:00:00,2050-05-26 08:00:00,1871.6,3406.0,0.0,0.0,5277.6,1808.9,0.0,0.0,0.0,0.0335,0.0489,upv,upv,0.0,0.0,0.0,0.0,0.0,0.0,0.0,0.0,0.0,0.0,0.0,0.0,0.0,0.0,0.0,0.0,0.0,0.0,140.2,2.6,0.27,16.6,1056.8,0.06,140.3,48.1,188.4,0.0,0.0,0.0,0.0,0.0,0.0,0.0,0.0,0.0,0.0,0.0,0.0,0.0,0.0,0.0,0.0,0.0,267.7,5031.9,5299.6,5277.6,5277.6,0.0,0.0,0.0,0.0,0.0,435.2,0.0,0.0,0.0,0.0,0.0,0.0,0.0,4842.4,0.0,0.0
2050-05-26 11:00:00,2050-05-26 09:00:00,1987.4,2950.5,0.0,0.0,4937.9,1918.9,0.0,0.0,0.0,0.0345,0.052,upv,upv,0.0,0.0,0.0,0.0,0.0,0.0,0.0,0.0,0.0,0.0,0.0,0.0,0.0,0.0,0.0,0.0,0.0,0.0,140.3,2.6,0.27,16.6,1057.8,0.06,140.5,48.1,188.6,0.0,0.0,0.0,0.0,0.0,0.0,0.0,0.0,0.0,0.0,0.0,0.0,0.0,0.0,0.0,0.0,0.0,0.0,5650.7,5650.7,4937.9,4937.9,0.0,0.0,0.0,0.0,0.0,435.2,0.0,0.0,0.0,0.0,0.0,0.0,0.0,4223.6,279.0,0.0
2050-05-26 12:00:00,2050-05-26 10:00:00,2035.8,2821.5,0.0,0.0,4857.3,1964.7,-0.0,0.0,0.0,0.0349,0.0532,upv,upv,0.0,0.0,0.0,0.0,0.0,0.0,0.0,0.0,0.0,0.0,0.0,0.0,0.0,0.0,0.0,0.0,0.0,0.0,140.4,2.6,0.27,16.6,1058.3,0.06,140.5,48.1,188.7,0.0,0.0,0.0,0.0,0.0,0.0,0.0,0.0,0.0,0.0,0.0,0.0,0.0,0.0,0.0,0.0,0.0,268.4,5452.2,5720.6,4857.3,4857.3,0.0,0.0,0.0,0.0,0.0,435.2,0.0,0.0,0.0,0.0,0.0,0.0,0.0,4422.1,0.0,0.0
2050-05-26 13:00:00,2050-05-26 11:00:00,2077.9,3213.2,0.0,0.0,5291.1,2004.6,0.0,0.0,0.0,0.0353,0.0543,upv,upv,0.0,0.0,0.0,0.0,0.0,0.0,0.0,0.0,0.0,0.0,0.0,0.0,0.0,0.0,0.0,0.0,0.0,0.0,140.4,2.7,0.27,16.6,1058.7,0.06,140.6,48.2,188.7,0.0,0.0,0.0,0.0,0.0,0.0,0.0,0.0,0.0,0.0,0.0,0.0,0.0,0.0,0.0,0.0,0.0,279.8,5018.5,5298.3,5291.1,5291.1,0.0,0.0,0.0,0.0,0.0,435.2,0.0,0.0,0.0,0.0,0.0,0.0,0.0,4855.8,0.0,0.0
2050-05-26 14:00:00,2050-05-26 12:00:00,2133.7,3040.5,0.0,0.0,5174.2,2057.3,0.0,0.0,0.0,0.0358,0.0558,upv,upv,0.0,0.0,0.0,0.0,0.0,0.0,0.0,0.0,0.0,0.0,0.0,0.0,0.0,0.0,0.0,0.0,0.0,0.0,140.5,2.7,0.27,16.6,1059.3,0.06,140.7,48.2,188.8,0.0,0.0,0.0,0.0,0.0,0.0,0.0,0.0,0.0,0.0,0.0,0.0,0.0,0.0,0.0,0.0,0.0,0.0,5415.3,5415.3,5174.2,5174.2,0.0,0.0,0.0,0.0,0.0,435.2,0.0,0.0,0.0,0.0,0.0,0.0,0.0,4459.0,280.0,0.0
2050-05-26 15:00:00,2050-05-26 13:00:00,2198.9,2850.6,0.0,0.0,5049.6,2118.9,0.0,0.0,0.0,0.0364,0.0575,upv,upv,0.0,0.0,0.0,0.0,0.0,0.0,0.0,0.0,0.0,0.0,0.0,0.0,0.0,0.0,0.0,0.0,0.0,0.0,140.6,2.7,0.27,16.6,1060.0,0.06,140.8,48.2,189.0,0.0,0.0,0.0,0.0,0.0,0.0,0.0,0.0,0.0,0.0,0.0,0.0,0.0,0.0,0.0,0.0,0.0,280.0,5260.0,5539.9,5049.6,5049.6,0.0,0.0,0.0,0.0,0.0,435.2,0.0,0.0,0.0,0.0,0.0,0.0,0.0,4614.3,0.0,0.0
2050-05-26 16:00:00,2050-05-26 14:00:00,2286.3,2655.8,0.0,0.0,4942.1,2201.1,0.0,0.0,0.0,0.0373,0.0598,upv,upv,0.0,0.0,0.0,0.0,0.0,0.0,0.0,0.0,0.0,0.0,0.0,0.0,0.0,0.0,0.0,0.0,0.0,0.0,140.7,2.7,0.27,16.6,1060.9,0.06,140.9,48.3,189.1,0.0,0.0,0.0,0.0,0.0,0.0,0.0,0.0,0.0,0.0,0.0,0.0,0.0,0.0,0.0,0.0,0.0,280.0,5367.4,5647.4,4942.1,4942.1,0.0,0.0,0.0,0.0,0.0,435.2,0.0,0.0,0.0,0.0,0.0,0.0,0.0,4506.9,0.0,0.0
2050-05-26 17:00:00,2050-05-26 15:00:00,2384.2,317.9,0.0,0.0,2702.1,2293.0,0.0,0.0,0.0,0.0382,0.0623,upv,upv,0.0,0.0,0.0,0.0,0.0,0.0,0.0,0.0,0.0,0.0,0.0,0.0,0.0,0.0,0.0,0.0,0.0,0.0,140.9,2.7,0.27,16.6,1062.0,0.06,141.0,48.3,189.3,0.0,0.0,0.0,0.0,0.0,0.0,0.0,0.0,0.0,0.0,0.0,0.0,0.0,0.0,0.0,0.0,0.0,280.0,7607.4,7887.4,2702.1,2702.1,0.0,0.0,0.0,0.0,0.0,435.2,0.0,0.0,0.0,0.0,0.0,0.0,0.0,2266.9,0.0,0.0
2050-05-26 18:00:00,2050-05-26 16:00:00,2507.4,483.7,0.0,0.0,2991.0,2408.3,0.0,0.0,0.0,0.0395,0.0656,upv,upv,0.0,0.0,0.0,0.0,0.0,0.0,0.0,0.0,0.0,0.0,0.0,0.0,0.0,0.0,0.0,0.0,0.0,0.0,141.1,2.7,0.27,16.7,1063.4,0.06,141.2,48.4,189.6,0.0,0.0,0.0,0.0,0.0,0.0,0.0,0.0,0.0,0.0,0.0,0.0,0.0,0.0,0.0,0.0,0.0,279.8,7224.1,7503.9,2991.0,2991.0,0.0,0.0,0.0,0.0,0.0,431.3,0.0,0.0,0.0,0.0,0.0,0.0,0.0,2559.8,0.0,0.0
2050-05-26 19:00:00,2050-05-26 17:00:00,2569.5,2322.9,0.0,0.0,4892.3,2466.3,0.0,0.0,0.0,0.0402,0.0672,upv,upv,0.0,0.0,0.0,0.0,0.0,0.0,0.0,0.0,0.0,0.0,0.0,0.0,0.0,0.0,0.0,0.0,0.0,0.0,142.7,2.7,0.27,16.9,1075.5,0.06,142.8,48.9,191.7,0.0,0.0,0.0,0.0,0.0,0.0,0.0,0.0,0.0,0.0,0.0,0.0,0.0,0.0,0.0,0.0,0.0,279.3,1557.8,1837.1,4892.3,4892.3,0.0,0.0,0.0,0.0,0.0,272.3,0.0,0.0,0.0,0.0,0.0,0.0,0.0,4620.1,0.0,0.0
2050-05-26 20:00:00,2050-05-26 18:00:00,2590.5,0.0,0.0,17.6,2608.1,2485.9,1380.7,445.3,1640.0,0.0404,0.0677,battery,distpv,0.0,0.0,0.0,0.0,0.0,0.0,0.0,0.0,0.0,0.0,0.0,0.0,0.0,0.0,0.0,0.0,0.0,0.0,142.2,2.7,0.27,16.8,1072.3,0.06,142.4,48.8,191.2,0.0,0.0,0.0,0.0,0.0,0.0,0.0,0.0,0.0,1.77,0.0,0.0,1.77,1.9,0.0,0.0,1.9,0.0,0.0,0.0,3802.7,1227.4,2575.4,0.0,0.0,0.0,0.0,40.8,0.0,0.0,0.0,0.0,0.0,0.0,0.0,926.5,260.0,0.0
2050-05-26 21:00:00,2050-05-26 19:00:00,2521.1,0.0,0.0,17.6,2538.6,2421.1,2302.5,445.3,1640.0,0.0397,0.0659,battery,distpv,0.0,0.0,0.0,0.0,0.0,0.0,0.0,0.0,0.0,0.0,0.0,0.0,0.0,0.0,0.0,0.0,0.0,0.0,141.9,2.7,0.27,16.8,1070.0,0.06,142.1,48.7,190.8,0.0,0.0,0.0,0.0,0.0,0.0,0.0,0.0,0.0,1.77,0.0,0.0,1.77,1.89,0.0,0.0,1.89,0.0,0.0,0.0,3733.3,236.1,3497.2,0.0,0.0,0.0,0.0,0.0,0.0,0.0,0.0,0.0,0.0,0.0,0.0,0.0,236.1,0.0
2050-05-26 22:00:00,2050-05-26 20:00:00,2414.7,0.0,0.0,17.6,2432.3,2321.6,2208.1,445.3,1640.0,0.0386,0.0631,battery,distpv,0.0,0.0,0.0,0.0,0.0,0.0,0.0,0.0,0.0,0.0,0.0,0.0,0.0,0.0,0.0,0.0,0.0,0.0,141.9,2.7,0.27,16.8,1069.6,0.06,142.0,48.7,190.7,0.0,0.0,0.0,0.0,0.0,0.0,0.0,0.0,0.0,1.77,0.0,0.0,1.77,1.89,0.0,0.0,1.89,0.0,0.0,0.0,3627.0,224.2,3402.8,0.0,0.0,0.0,0.0,0.0,0.0,0.0,0.0,0.0,0.0,0.0,0.0,0.0,224.2,0.0
2050-05-26 23:00:00,2050-05-26 21:00:00,2250.5,0.0,0.0,17.6,2268.1,2167.4,2060.7,445.3,1640.0,0.0369,0.0589,battery,distpv,0.0,0.0,0.0,0.0,0.0,0.0,0.0,0.0,0.0,0.0,0.0,0.0,0.0,0.0,0.0,0.0,0.0,0.0,141.9,2.7,0.27,16.8,1070.0,0.06,142.1,48.7,190.7,0.0,0.0,0.0,0.0,0.0,0.0,0.0,0.0,0.0,1.77,0.0,0.0,1.77,1.88,0.0,0.0,1.88,0.0,0.0,0.0,3462.7,207.4,3255.4,0.0,0.0,0.0,0.0,0.0,0.0,0.0,0.0,0.0,0.0,0.0,0.0,0.0,207.4,0.0
2050-05-27 00:00:00,2050-05-26 22:00:00,2058.9,0.0,0.0,17.6,2076.5,1986.7,1904.0,445.3,1640.0,0.0351,0.0538,battery,distpv,0.0,0.0,0.0,0.0,0.0,0.0,0.0,0.0,0.0,0.0,0.0,0.0,0.0,0.0,0.0,0.0,0.0,0.0,141.7,2.7,0.27,16.7,1068.4,0.06,141.9,48.6,190.5,0.0,0.0,0.0,0.0,0.0,0.0,0.0,0.0,0.0,2.05,0.0,0.0,2.05,2.16,0.0,0.0,2.16,0.0,0.0,0.0,3271.2,172.5,3098.6,0.0,0.0,0.0,0.0,0.0,0.0,0.0,0.0,0.0,0.0,0.0,0.0,0.0,172.5,0.0
2050-05-27 01:00:00,2050-05-26 23:00:00,1834.7,0.0,0.0,17.6,1852.3,1773.9,1657.9,445.3,1640.0,0.0332,0.048,battery,distpv,0.0,0.0,0.0,0.0,0.0,0.0,0.0,0.0,0.0,0.0,0.0,0.0,0.0,0.0,0.0,0.0,0.0,0.0,140.9,2.7,0.27,16.6,1061.9,0.06,141.0,48.3,189.3,0.0,0.0,0.0,0.0,0.0,0.0,0.0,0.0,0.0,2.05,0.0,0.0,2.05,2.15,0.0,0.0,2.15,0.0,0.0,0.0,3047.0,194.4,2852.6,0.0,0.0,0.0,0.0,0.0,0.0,0.0,0.0,0.0,0.0,0.0,0.0,0.0,194.4,0.0
2050-05-27 02:00:00,2050-05-27 00:00:00,1636.8,0.0,0.0,17.6,1654.4,1584.9,1456.5,445.3,1640.0,0.0317,0.0428,battery,distpv,0.0,0.0,0.0,0.0,0.0,0.0,0.0,0.0,0.0,0.0,0.0,0.0,0.0,0.0,0.0,0.0,0.0,0.0,141.0,2.7,0.27,16.7,1063.1,0.06,141.2,48.4,189.5,0.0,0.0,0.0,0.0,0.0,0.0,0.0,0.0,0.0,2.05,0.0,0.0,2.05,2.14,0.0,0.0,2.14,0.0,0.0,0.0,2849.1,198.0,2651.1,0.0,0.0,0.0,0.0,0.0,0.0,0.0,0.0,0.0,0.0,0.0,0.0,0.0,198.0,0.0
2050-05-27 03:00:00,2050-05-27 01:00:00,1482.1,0.0,0.0,16.4,1498.5,1436.5,1287.7,445.3,1466.9,0.0308,0.0388,battery,distpv,0.0,0.0,0.0,0.0,0.0,0.0,0.0,0.0,0.0,0.0,0.0,0.0,0.0,0.0,0.0,0.0,0.0,0.0,140.2,2.6,0.27,16.6,1056.9,0.06,140.3,48.1,188.4,0.0,0.0,0.0,0.0,0.0,0.0,0.0,0.0,0.0,2.05,0.0,0.0,2.05,2.13,0.0,0.0,2.13,0.0,0.0,0.0,2520.1,210.8,2309.3,0.0,0.0,0.0,0.0,0.0,0.0,0.0,0.0,0.0,0.0,0.0,0.0,0.0,210.8,0.0
2050-05-27 04:00:00,2050-05-27 02:00:00,1371.6,0.0,0.0,7.0,1378.6,1330.1,1209.6,445.3,12.8,0.0302,0.0359,battery,upv,0.0,0.0,0.0,0.0,0.0,0.0,0.0,0.0,0.0,0.0,0.0,0.0,0.0,0.0,0.0,0.0,0.0,0.0,141.0,2.7,0.27,16.7,1062.6,0.06,141.1,48.3,189.4,0.0,0.0,0.0,0.0,0.0,0.0,0.0,0.0,0.0,2.05,0.0,0.0,2.05,2.12,0.0,0.0,2.12,0.0,0.0,0.0,946.1,169.0,777.1,0.0,0.0,0.0,0.0,0.0,0.0,0.0,0.0,0.0,0.0,0.0,0.0,0.0,169.0,0.0
2050-05-27 05:00:00,2050-05-27 03:00:00,1296.8,0.0,0.0,6.9,1303.7,1258.0,1144.8,445.3,0.0,0.03,0.0339,battery,distpv,0.0,0.0,0.0,0.0,0.0,0.0,0.0,0.0,0.0,0.0,0.0,0.0,0.0,0.0,0.0,0.0,0.0,0.0,141.1,2.7,0.27,16.7,1063.8,0.06,141.3,48.4,189.6,0.0,0.0,0.0,0.0,0.0,0.0,0.0,0.0,0.0,2.05,0.0,0.0,2.05,2.12,0.0,0.0,2.12,0.0,0.0,0.0,858.4,159.0,699.4,0.0,0.0,0.0,0.0,0.0,0.0,0.0,0.0,0.0,0.0,0.0,0.0,0.0,159.0,0.0
2050-05-27 06:00:00,2050-05-27 04:00:00,1242.1,0.0,0.0,10.9,1253.0,1205.1,1103.9,445.3,620.0,0.0298,0.0325,battery,distpv,0.0,0.0,0.0,0.0,0.0,0.0,0.0,0.0,0.0,0.0,0.0,0.0,0.0,0.0,0.0,0.0,0.0,0.0,147.2,2.8,0.28,17.4,1110.1,0.06,147.4,50.5,197.9,0.0,0.0,0.0,0.0,0.0,0.0,0.0,0.0,0.0,2.05,0.0,0.0,2.05,2.11,0.0,0.0,2.11,0.0,0.0,0.0,1427.7,149.1,1278.6,0.0,0.0,0.0,0.0,0.0,0.0,0.0,0.0,0.0,0.0,0.0,0.0,0.0,149.1,0.0
2050-05-27 07:00:00,2050-05-27 05:00:00,1201.1,0.0,0.0,6.2,1207.3,1165.3,-959.2,0.0,959.2,0.0297,0.0314,wind-ons,wind-ons,0.0,0.0,0.0,0.0,0.0,0.0,0.0,0.0,0.0,0.0,0.0,0.0,0.0,0.0,0.0,0.0,0.0,0.0,139.6,2.6,0.26,16.5,1052.7,0.06,139.8,47.9,187.7,0.0,0.0,0.0,0.0,0.0,0.0,0.0,0.0,0.0,0.0,0.0,0.0,0.0,0.0,0.0,0.0,0.0,0.0,0.0,0.0,2166.5,2166.5,0.0,0.0,0.0,0.0,0.0,85.7,0.0,0.0,0.0,0.0,0.0,0.0,0.0,1945.1,135.7,0.0
2050-05-27 08:00:00,2050-05-27 06:00:00,1227.4,902.4,0.0,0.0,2129.8,1190.8,0.0,0.0,0.0,0.0298,0.0321,upv,upv,0.0,0.0,0.0,0.0,0.0,0.0,0.0,0.0,0.0,0.0,0.0,0.0,0.0,0.0,0.0,0.0,0.0,0.0,139.6,2.6,0.26,16.5,1052.7,0.06,139.8,47.9,187.7,0.0,0.0,0.0,0.0,0.0,0.0,0.0,0.0,0.0,0.0,0.0,0.0,0.0,0.0,0.0,0.0,0.0,137.5,5629.3,5766.9,2129.8,2129.8,0.0,0.0,0.0,0.0,0.0,327.5,0.0,0.0,0.0,0.0,0.0,0.0,0.0,1802.3,0.0,0.0
2050-05-27 09:00:00,2050-05-27 07:00:00,1302.1,2266.2,0.0,0.0,3568.3,1263.1,0.0,0.0,0.0,0.03,0.0341,upv,upv,0.0,0.0,0.0,0.0,0.0,0.0,0.0,0.0,0.0,0.0,0.0,0.0,0.0,0.0,0.0,0.0,0.0,0.0,139.7,2.6,0.26,16.5,1052.9,0.06,139.8,47.9,187.7,0.0,0.0,0.0,0.0,0.0,0.0,0.0,0.0,0.0,0.0,0.0,0.0,0.0,0.0,0.0,0.0,0.0,182.0,6255.4,6437.4,3568.3,3568.3,0.0,0.0,0.0,0.0,0.0,414.7,0.0,0.0,0.0,0.0,0.0,0.0,0.0,3153.6,0.0,0.0
2050-05-27 10:00:00,2050-05-27 08:00:00,1394.7,2297.3,0.0,0.0,3692.0,1352.4,0.0,0.0,0.0,0.0303,0.0365,upv,upv,0.0,0.0,0.0,0.0,0.0,0.0,0.0,0.0,0.0,0.0,0.0,0.0,0.0,0.0,0.0,0.0,0.0,0.0,139.7,2.6,0.26,16.5,1053.3,0.06,139.9,47.9,187.8,0.0,0.0,0.0,0.0,0.0,0.0,0.0,0.0,0.0,0.0,0.0,0.0,0.0,0.0,0.0,0.0,0.0,0.0,6775.4,6775.4,3692.0,3692.0,0.0,0.0,0.0,0.0,0.0,434.1,0.0,0.0,0.0,0.0,0.0,0.0,0.0,3079.5,178.4,0.0
2050-05-27 11:00:00,2050-05-27 09:00:00,1489.5,2337.9,0.0,0.0,3827.4,1443.6,0.0,0.0,0.0,0.0308,0.039,upv,upv,0.0,0.0,0.0,0.0,0.0,0.0,0.0,0.0,0.0,0.0,0.0,0.0,0.0,0.0,0.0,0.0,0.0,0.0,139.8,2.6,0.26,16.5,1053.8,0.06,139.9,47.9,187.9,0.0,0.0,0.0,0.0,0.0,0.0,0.0,0.0,0.0,0.0,0.0,0.0,0.0,0.0,0.0,0.0,0.0,190.7,6482.2,6672.9,3827.4,3827.4,0.0,0.0,0.0,0.0,0.0,435.2,0.0,0.0,0.0,0.0,0.0,0.0,0.0,3392.1,0.0,0.0
2050-05-27 12:00:00,2050-05-27 10:00:00,1587.4,2626.7,0.0,0.0,4214.1,1537.6,0.0,0.0,0.0,0.0314,0.0415,upv,upv,0.0,0.0,0.0,0.0,0.0,0.0,0.0,0.0,0.0,0.0,0.0,0.0,0.0,0.0,0.0,0.0,0.0,0.0,139.9,2.6,0.26,16.5,1054.5,0.06,140.0,48.0,188.0,0.0,0.0,0.0,0.0,0.0,0.0,0.0,0.0,0.0,0.0,0.0,0.0,0.0,0.0,0.0,0.0,0.0,219.4,6095.4,6314.9,4214.1,4214.1,0.0,0.0,0.0,0.0,0.0,435.2,0.0,0.0,0.0,0.0,0.0,0.0,0.0,3778.9,0.0,0.0
2050-05-27 13:00:00,2050-05-27 11:00:00,1649.5,3211.2,0.0,0.0,4860.7,1597.0,0.0,0.0,0.0,0.0318,0.0431,upv,upv,0.0,0.0,0.0,0.0,0.0,0.0,0.0,0.0,0.0,0.0,0.0,0.0,0.0,0.0,0.0,0.0,0.0,0.0,139.9,2.6,0.26,16.5,1054.9,0.06,140.1,48.0,188.1,0.0,0.0,0.0,0.0,0.0,0.0,0.0,0.0,0.0,0.0,0.0,0.0,0.0,0.0,0.0,0.0,0.0,0.0,5697.8,5697.8,4860.7,4860.7,0.0,0.0,0.0,0.0,0.0,435.2,0.0,0.0,0.0,0.0,0.0,0.0,0.0,4176.5,248.9,0.0
2050-05-27 14:00:00,2050-05-27 12:00:00,1729.5,2626.7,0.0,0.0,4356.2,1673.5,0.0,0.0,0.0,0.0324,0.0452,upv,upv,0.0,0.0,0.0,0.0,0.0,0.0,0.0,0.0,0.0,0.0,0.0,0.0,0.0,0.0,0.0,0.0,0.0,0.0,140.0,2.6,0.27,16.5,1055.5,0.06,140.2,48.0,188.2,0.0,0.0,0.0,0.0,0.0,0.0,0.0,0.0,0.0,0.0,0.0,0.0,0.0,0.0,0.0,0.0,0.0,0.0,6205.0,6205.0,4356.2,4356.2,0.0,0.0,0.0,0.0,0.0,435.2,0.0,0.0,0.0,0.0,0.0,0.0,0.0,3669.3,251.7,0.0
2050-05-27 15:00:00,2050-05-27 13:00:00,1773.7,3627.0,0.0,0.0,5400.7,1715.7,0.0,0.0,0.0,0.0327,0.0464,upv,upv,0.0,0.0,0.0,0.0,0.0,0.0,0.0,0.0,0.0,0.0,0.0,0.0,0.0,0.0,0.0,0.0,0.0,0.0,140.1,2.6,0.27,16.5,1055.9,0.06,140.2,48.0,188.2,0.0,0.0,0.0,0.0,0.0,0.0,0.0,0.0,0.0,0.0,0.0,0.0,0.0,0.0,0.0,0.0,0.0,0.0,5161.8,5161.8,5400.7,5400.7,0.0,0.0,0.0,0.0,0.0,435.2,0.0,0.0,0.0,0.0,0.0,0.0,0.0,4712.5,252.9,0.0
2050-05-27 16:00:00,2050-05-27 14:00:00,1822.1,2230.4,0.0,0.0,4052.5,1761.8,0.0,0.0,0.0,0.0331,0.0477,upv,upv,0.0,0.0,0.0,0.0,0.0,0.0,0.0,0.0,0.0,0.0,0.0,0.0,0.0,0.0,0.0,0.0,0.0,0.0,140.1,2.6,0.27,16.6,1056.3,0.06,140.3,48.0,188.3,0.0,0.0,0.0,0.0,0.0,0.0,0.0,0.0,0.0,0.0,0.0,0.0,0.0,0.0,0.0,0.0,0.0,250.9,6257.1,6507.9,4052.5,4052.5,0.0,0.0,0.0,0.0,0.0,435.2,0.0,0.0,0.0,0.0,0.0,0.0,0.0,3617.3,0.0,0.0
2050-05-27 17:00:00,2050-05-27 15:00:00,1886.3,2814.8,0.0,0.0,4701.2,1822.9,-0.0,0.0,0.0,0.0336,0.0493,upv,upv,0.0,0.0,0.0,0.0,0.0,0.0,0.0,0.0,0.0,0.0,0.0,0.0,0.0,0.0,0.0,0.0,0.0,0.0,140.2,2.6,0.27,16.6,1056.9,0.06,140.3,48.1,188.4,0.0,0.0,0.0,0.0,0.0,0.0,0.0,0.0,0.0,0.0,0.0,0.0,0.0,0.0,0.0,0.0,0.0,0.0,5847.3,5847.3,4701.2,4701.2,0.0,0.0,0.0,0.0,0.0,435.2,0.0,0.0,0.0,0.0,0.0,0.0,0.0,4027.0,239.0,0.0
2050-05-27 18:00:00,2050-05-27 16:00:00,1974.7,3018.4,0.0,0.0,4993.1,1906.9,0.0,0.0,0.0,0.0344,0.0516,upv,upv,0.0,0.0,0.0,0.0,0.0,0.0,0.0,0.0,0.0,0.0,0.0,0.0,0.0,0.0,0.0,0.0,0.0,0.0,140.3,2.6,0.27,16.6,1057.7,0.06,140.5,48.1,188.6,0.0,0.0,0.0,0.0,0.0,0.0,0.0,0.0,0.0,0.0,0.0,0.0,0.0,0.0,0.0,0.0,0.0,222.6,5316.4,5539.0,4993.1,4993.1,0.0,0.0,0.0,0.0,0.0,435.2,0.0,0.0,0.0,0.0,0.0,0.0,0.0,4557.9,0.0,0.0
2050-05-27 19:00:00,2050-05-27 17:00:00,2012.6,3096.9,0.0,0.0,5109.6,1942.8,0.0,0.0,0.0,0.0347,0.0526,upv,upv,0.0,0.0,0.0,0.0,0.0,0.0,0.0,0.0,0.0,0.0,0.0,0.0,0.0,0.0,0.0,0.0,0.0,0.0,140.4,2.6,0.27,16.6,1058.1,0.06,140.5,48.1,188.6,0.0,0.0,0.0,0.0,0.0,0.0,0.0,0.0,0.0,0.0,0.0,0.0,0.0,0.0,0.0,0.0,0.0,0.0,2218.5,2218.5,5109.6,5109.6,0.0,0.0,0.0,0.0,0.0,301.0,0.0,0.0,0.0,0.0,0.0,0.0,0.0,4612.1,196.4,0.0
2050-05-27 20:00:00,2050-05-27 18:00:00,2017.9,0.0,0.0,6.9,2024.8,1947.8,694.5,445.3,0.0,0.0347,0.0528,battery,distpv,0.0,0.0,0.0,0.0,0.0,0.0,0.0,0.0,0.0,0.0,0.0,0.0,0.0,0.0,0.0,0.0,0.0,0.0,141.5,2.7,0.27,16.7,1066.9,0.06,141.7,48.5,190.2,0.0,0.0,0.0,0.0,0.0,0.0,0.0,0.0,0.0,1.72,0.0,0.0,1.72,1.82,0.0,0.0,1.82,0.0,0.0,0.0,1579.5,1330.3,249.2,0.0,0.0,0.0,0.0,50.0,0.0,0.0,0.0,0.0,0.0,0.0,0.0,1135.7,144.5,0.0
2050-05-27 21:00:00,2050-05-27 19:00:00,1994.7,0.0,0.0,10.3,2005.1,1925.8,1863.2,445.3,530.4,0.0345,0.0522,battery,hydro,0.0,0.0,0.0,0.0,0.0,0.0,0.0,0.0,0.0,0.0,0.0,0.0,0.0,0.0,0.0,0.0,0.0,0.0,180.8,3.4,0.34,21.4,1363.6,0.08,181.0,62.0,243.0,0.0,0.0,0.0,0.0,0.0,0.0,0.0,0.0,0.0,1.72,0.0,0.0,1.72,1.81,0.0,0.0,1.81,0.0,0.0,0.0,2090.1,141.9,1948.2,0.0,0.0,0.0,0.0,0.0,0.0,0.0,0.0,0.0,0.0,0.0,0.0,0.0,141.9,0.0
2050-05-27 22:00:00,2050-05-27 20:00:00,1941.1,0.0,0.0,13.8,1954.9,1874.9,1810.7,445.3,1066.5,0.0341,0.0508,battery,distpv,0.0,0.0,0.0,0.0,0.0,0.0,0.0,0.0,0.0,0.0,0.0,0.0,0.0,0.0,0.0,0.0,0.0,0.0,195.0,3.7,0.37,23.0,1470.4,0.08,195.2,66.9,262.0,0.0,0.0,0.0,0.0,0.0,0.0,0.0,0.0,0.0,1.72,0.0,0.0,1.72,1.81,0.0,0.0,1.81,0.0,0.0,0.0,2576.1,144.2,2431.9,0.0,0.0,0.0,0.0,0.0,0.0,0.0,0.0,0.0,0.0,0.0,0.0,0.0,144.2,0.0
2050-05-27 23:00:00,2050-05-27 21:00:00,1857.9,0.0,0.0,10.6,1868.5,1795.9,1732.0,437.8,582.2,0.0334,0.0486,battery,distpv,0.0,0.0,0.0,0.0,0.0,0.0,0.0,0.0,0.0,0.0,0.0,0.0,0.0,0.0,0.0,0.0,0.0,0.0,161.6,3.0,0.31,19.1,1218.3,0.07,161.7,55.4,217.2,0.0,0.0,0.0,0.0,0.0,0.0,0.0,0.0,0.0,1.72,0.0,0.0,1.72,1.81,0.0,0.0,1.81,0.0,0.0,0.0,2012.9,136.4,1876.5,0.0,0.0,0.0,0.0,0.0,0.0,0.0,0.0,0.0,0.0,0.0,0.0,0.0,136.4,0.0
2050-05-28 00:00:00,2050-05-27 22:00:00,1736.8,0.0,0.0,13.0,1749.8,1680.5,1637.6,149.6,1640.0,0.0324,0.0454,battery,distpv,0.0,0.0,0.0,0.0,0.0,0.0,0.0,0.0,0.0,0.0,0.0,0.0,0.0,0.0,0.0,0.0,0.0,0.0,141.9,2.7,0.27,16.8,1069.6,0.06,142.0,48.7,190.7,0.0,0.0,0.0,0.0,0.0,0.0,0.0,0.0,0.0,1.77,0.0,0.0,1.77,1.85,0.0,0.0,1.85,0.0,0.0,0.0,3240.2,112.2,3128.0,0.0,0.0,0.0,0.0,0.0,0.0,0.0,0.0,0.0,0.0,0.0,0.0,0.0,112.2,0.0
2050-05-28 01:00:00,2050-05-27 23:00:00,1613.7,0.0,0.0,10.9,1624.6,1562.8,1546.7,120.6,1395.5,0.0315,0.0422,battery,hydro,0.0,0.0,0.0,0.0,0.0,0.0,0.0,0.0,0.0,0.0,0.0,0.0,0.0,0.0,0.0,0.0,0.0,0.0,141.1,2.7,0.27,16.7,1064.1,0.06,141.3,48.4,189.7,0.0,0.0,0.0,0.0,0.0,0.0,0.0,0.0,0.0,1.77,0.0,0.0,1.77,1.84,0.0,0.0,1.84,0.0,0.0,0.0,2899.5,77.9,2821.5,0.0,0.0,0.0,0.0,0.0,0.0,0.0,0.0,0.0,0.0,0.0,0.0,0.0,77.9,0.0
2050-05-28 02:00:00,2050-05-28 00:00:00,1437.9,0.0,0.0,8.8,1446.7,1394.0,1377.1,0.0,1355.8,0.0305,0.0376,battery,distpv,0.0,0.0,0.0,0.0,0.0,0.0,0.0,0.0,0.0,0.0,0.0,0.0,0.0,0.0,0.0,0.0,0.0,0.0,147.2,2.8,0.28,17.4,1109.9,0.06,147.4,50.5,197.9,0.0,0.0,0.0,0.0,0.0,0.0,0.0,0.0,0.0,1.77,0.0,0.0,1.77,1.84,0.0,0.0,1.84,0.0,0.0,0.0,2802.5,69.6,2732.9,0.0,0.0,0.0,0.0,0.0,0.0,0.0,0.0,0.0,0.0,0.0,0.0,0.0,69.6,0.0
2050-05-28 03:00:00,2050-05-28 01:00:00,1327.4,0.0,0.0,10.7,1338.0,1287.5,1295.9,0.0,1640.0,0.0301,0.0347,battery,distpv,0.0,0.0,0.0,0.0,0.0,0.0,0.0,0.0,0.0,0.0,0.0,0.0,0.0,0.0,0.0,0.0,0.0,0.0,141.0,2.7,0.27,16.7,1063.0,0.06,141.1,48.4,189.5,0.0,0.0,0.0,0.0,0.0,0.0,0.0,0.0,0.0,1.77,0.0,0.0,1.77,1.83,0.0,0.0,1.83,0.0,0.0,0.0,2978.0,42.1,2935.9,0.0,0.0,0.0,0.0,0.0,0.0,0.0,0.0,0.0,0.0,0.0,0.0,0.0,42.1,0.0
2050-05-28 04:00:00,2050-05-28 02:00:00,1240.0,0.0,0.0,10.7,1250.7,1203.0,1216.6,0.0,1640.0,0.0298,0.0324,battery,distpv,0.0,0.0,0.0,0.0,0.0,0.0,0.0,0.0,0.0,0.0,0.0,0.0,0.0,0.0,0.0,0.0,0.0,0.0,140.8,2.7,0.27,16.6,1061.5,0.06,141.0,48.3,189.2,0.0,0.0,0.0,0.0,0.0,0.0,0.0,0.0,0.0,1.77,0.0,0.0,1.77,1.83,0.0,0.0,1.83,0.0,0.0,0.0,2890.6,34.1,2856.6,0.0,0.0,0.0,0.0,0.0,0.0,0.0,0.0,0.0,0.0,0.0,0.0,0.0,34.1,0.0
2050-05-28 05:00:00,2050-05-28 03:00:00,1180.0,0.0,0.0,10.7,1190.7,1144.9,1166.3,0.0,1640.0,0.0297,0.0309,battery,distpv,0.0,0.0,0.0,0.0,0.0,0.0,0.0,0.0,0.0,0.0,0.0,0.0,0.0,0.0,0.0,0.0,0.0,0.0,140.8,2.7,0.27,16.6,1061.1,0.06,140.9,48.3,189.2,0.0,0.0,0.0,0.0,0.0,0.0,0.0,0.0,0.0,1.77,0.0,0.0,1.77,1.82,0.0,0.0,1.82,0.0,0.0,0.0,2830.6,24.3,2806.3,0.0,0.0,0.0,0.0,0.0,0.0,0.0,0.0,0.0,0.0,0.0,0.0,0.0,24.3,0.0
2050-05-28 06:00:00,2050-05-28 04:00:00,1136.8,0.0,0.0,9.4,1146.3,1103.1,1129.6,0.0,1450.7,0.0297,0.0297,battery,upv,0.0,0.0,0.0,0.0,0.0,0.0,0.0,0.0,0.0,0.0,0.0,0.0,0.0,0.0,0.0,0.0,0.0,0.0,140.9,2.7,0.27,16.6,1062.3,0.06,141.1,48.3,189.4,0.0,0.0,0.0,0.0,0.0,0.0,0.0,0.0,0.0,1.77,0.0,0.0,1.77,1.82,0.0,0.0,1.82,0.0,0.0,0.0,2596.9,16.6,2580.3,0.0,0.0,0.0,0.0,0.0,0.0,0.0,0.0,0.0,0.0,0.0,0.0,0.0,16.6,0.0
2050-05-28 07:00:00,2050-05-28 05:00:00,1103.2,0.0,0.0,8.1,1111.2,1070.4,-1238.8,0.0,1238.8,0.0297,0.0288,upv,upv,0.0,0.0,0.0,0.0,0.0,0.0,0.0,0.0,0.0,0.0,0.0,0.0,0.0,0.0,0.0,0.0,0.0,0.0,140.3,2.6,0.27,16.6,1057.7,0.06,140.5,48.1,188.6,0.0,0.0,0.0,0.0,0.0,0.0,0.0,0.0,0.0,0.0,0.0,0.0,0.0,0.0,0.0,0.0,0.0,0.0,0.0,0.0,2350.1,2350.1,0.0,0.0,0.0,0.0,0.0,98.5,0.0,0.0,0.0,0.0,0.0,0.0,0.0,2235.9,15.6,0.0
2050-05-28 08:00:00,2050-05-28 06:00:00,1152.6,3211.2,0.0,0.0,4363.8,1118.4,0.0,0.0,0.0,0.0297,0.0301,upv,upv,0.0,0.0,0.0,0.0,0.0,0.0,0.0,0.0,0.0,0.0,0.0,0.0,0.0,0.0,0.0,0.0,0.0,0.0,139.6,2.6,0.26,16.5,1052.6,0.06,139.8,47.9,187.7,0.0,0.0,0.0,0.0,0.0,0.0,0.0,0.0,0.0,0.0,0.0,0.0,0.0,0.0,0.0,0.0,0.0,8.8,3989.0,3997.8,4363.8,4363.8,0.0,0.0,0.0,0.0,0.0,352.6,0.0,0.0,0.0,0.0,0.0,0.0,0.0,4011.2,0.0,0.0
2050-05-28 09:00:00,2050-05-28 07:00:00,1222.1,3567.9,0.0,0.0,4790.0,1185.7,0.0,0.0,0.0,0.0298,0.032,upv,upv,0.0,0.0,0.0,0.0,0.0,0.0,0.0,0.0,0.0,0.0,0.0,0.0,0.0,0.0,0.0,0.0,0.0,0.0,139.6,2.6,0.26,16.5,1052.7,0.06,139.8,47.9,187.7,0.0,0.0,0.0,0.0,0.0,0.0,0.0,0.0,0.0,0.0,0.0,0.0,0.0,0.0,0.0,0.0,0.0,5.8,5519.5,5525.4,4790.0,4790.0,0.0,0.0,0.0,0.0,0.0,435.2,0.0,0.0,0.0,0.0,0.0,0.0,0.0,4354.8,0.0,0.0
2050-05-28 10:00:00,2050-05-28 08:00:00,1314.7,2821.5,0.0,0.0,4136.3,1275.3,0.0,0.0,0.0,0.03,0.0344,upv,upv,0.0,0.0,0.0,0.0,0.0,0.0,0.0,0.0,0.0,0.0,0.0,0.0,0.0,0.0,0.0,0.0,0.0,0.0,139.7,2.6,0.26,16.5,1053.0,0.06,139.8,47.9,187.7,0.0,0.0,0.0,0.0,0.0,0.0,0.0,0.0,0.0,0.0,0.0,0.0,0.0,0.0,0.0,0.0,0.0,3.4,6173.3,6176.7,4136.3,4136.3,0.0,0.0,0.0,0.0,0.0,0.0,0.0,0.0,0.0,0.0,0.0,0.0,0.0,4136.3,0.0,0.0
2050-05-28 11:00:00,2050-05-28 09:00:00,1404.2,2042.2,0.0,0.0,3446.5,1361.6,0.0,0.0,0.0,0.0304,0.0367,upv,upv,0.0,0.0,0.0,0.0,0.0,0.0,0.0,0.0,0.0,0.0,0.0,0.0,0.0,0.0,0.0,0.0,0.0,0.0,139.7,2.6,0.26,16.5,1053.4,0.06,139.9,47.9,187.8,0.0,0.0,0.0,0.0,0.0,0.0,0.0,0.0,0.0,0.0,0.0,0.0,0.0,0.0,0.0,0.0,0.0,0.8,6863.1,6863.9,3446.5,3446.5,0.0,0.0,0.0,0.0,0.0,435.2,0.0,0.0,0.0,0.0,0.0,0.0,0.0,3011.2,0.0,0.0
2050-05-28 12:00:00,2050-05-28 10:00:00,1528.4,1451.1,0.0,0.0,2979.5,1481.0,0.0,0.0,0.0,0.031,0.04,upv,upv,0.0,0.0,0.0,0.0,0.0,0.0,0.0,0.0,0.0,0.0,0.0,0.0,0.0,0.0,0.0,0.0,0.0,0.0,139.8,2.6,0.26,16.5,1054.1,0.06,140.0,47.9,187.9,0.0,0.0,0.0,0.0,0.0,0.0,0.0,0.0,0.0,0.0,0.0,0.0,0.0,0.0,0.0,0.0,0.0,3.9,7330.0,7334.0,2979.5,2979.5,0.0,0.0,0.0,0.0,0.0,0.0,0.0,0.0,0.0,0.0,0.0,0.0,0.0,2979.5,0.0,0.0
2050-05-28 13:00:00,2050-05-28 11:00:00,1618.9,1455.1,0.0,0.0,3074.0,1567.8,0.0,0.0,0.0,0.0316,0.0423,upv,upv,0.0,0.0,0.0,0.0,0.0,0.0,0.0,0.0,0.0,0.0,0.0,0.0,0.0,0.0,0.0,0.0,0.0,0.0,139.9,2.6,0.26,16.5,1054.7,0.06,140.1,48.0,188.0,0.0,0.0,0.0,0.0,0.0,0.0,0.0,0.0,0.0,0.0,0.0,0.0,0.0,0.0,0.0,0.0,0.0,11.0,7235.5,7246.5,3074.0,3074.0,0.0,0.0,0.0,0.0,0.0,435.2,0.0,0.0,0.0,0.0,0.0,0.0,0.0,2638.8,0.0,0.0
2050-05-28 14:00:00,2050-05-28 12:00:00,1729.5,2922.4,0.0,0.0,4651.8,1673.5,0.0,0.0,0.0,0.0324,0.0452,upv,upv,0.0,0.0,0.0,0.0,0.0,0.0,0.0,0.0,0.0,0.0,0.0,0.0,0.0,0.0,0.0,0.0,0.0,0.0,140.0,2.6,0.27,16.5,1055.5,0.06,140.2,48.0,188.2,0.0,0.0,0.0,0.0,0.0,0.0,0.0,0.0,0.0,0.0,0.0,0.0,0.0,0.0,0.0,0.0,0.0,0.0,5680.6,5680.6,4651.8,4651.8,0.0,0.0,0.0,0.0,0.0,435.2,0.0,0.0,0.0,0.0,0.0,0.0,0.0,4193.7,22.9,0.0
2050-05-28 15:00:00,2050-05-28 13:00:00,1820.0,3086.4,0.0,0.0,4906.4,1759.8,-0.0,0.0,0.0,0.0331,0.0476,upv,upv,0.0,0.0,0.0,0.0,0.0,0.0,0.0,0.0,0.0,0.0,0.0,0.0,0.0,0.0,0.0,0.0,0.0,0.0,140.1,2.6,0.27,16.6,1056.3,0.06,140.3,48.0,188.3,0.0,0.0,0.0,0.0,0.0,0.0,0.0,0.0,0.0,0.0,0.0,0.0,0.0,0.0,0.0,0.0,0.0,0.0,5442.1,5442.1,4906.4,4906.4,0.0,0.0,0.0,0.0,0.0,435.2,0.0,0.0,0.0,0.0,0.0,0.0,0.0,4432.3,38.9,0.0
2050-05-28 16:00:00,2050-05-28 14:00:00,1884.2,2661.6,0.0,0.0,4545.9,1820.9,-0.0,0.0,0.0,0.0336,0.0493,upv,upv,0.0,0.0,0.0,0.0,0.0,0.0,0.0,0.0,0.0,0.0,0.0,0.0,0.0,0.0,0.0,0.0,0.0,0.0,140.2,2.6,0.27,16.6,1056.9,0.06,140.3,48.1,188.4,0.0,0.0,0.0,0.0,0.0,0.0,0.0,0.0,0.0,0.0,0.0,0.0,0.0,0.0,0.0,0.0,0.0,0.0,5801.5,5801.5,4545.9,4545.9,0.0,0.0,0.0,0.0,0.0,435.2,0.0,0.0,0.0,0.0,0.0,0.0,0.0,4072.8,37.9,0.0
2050-05-28 17:00:00,2050-05-28 15:00:00,1974.7,2979.6,0.0,0.0,4954.3,1906.9,0.0,0.0,0.0,0.0344,0.0516,upv,upv,0.0,0.0,0.0,0.0,0.0,0.0,0.0,0.0,0.0,0.0,0.0,0.0,0.0,0.0,0.0,0.0,0.0,0.0,140.3,2.6,0.27,16.6,1057.7,0.06,140.5,48.1,188.6,0.0,0.0,0.0,0.0,0.0,0.0,0.0,0.0,0.0,0.0,0.0,0.0,0.0,0.0,0.0,0.0,0.0,0.0,5396.2,5396.2,4954.3,4954.3,0.0,0.0,0.0,0.0,0.0,435.2,0.0,0.0,0.0,0.0,0.0,0.0,0.0,4478.1,41.0,0.0
2050-05-28 18:00:00,2050-05-28 16:00:00,2082.1,3240.3,0.0,0.0,5322.4,2008.6,0.0,0.0,0.0,0.0353,0.0544,upv,upv,0.0,0.0,0.0,0.0,0.0,0.0,0.0,0.0,0.0,0.0,0.0,0.0,0.0,0.0,0.0,0.0,0.0,0.0,140.4,2.7,0.27,16.6,1058.8,0.06,140.6,48.2,188.8,0.0,0.0,0.0,0.0,0.0,0.0,0.0,0.0,0.0,0.0,0.0,0.0,0.0,0.0,0.0,0.0,0.0,0.0,5028.7,5028.7,5322.4,5322.4,0.0,0.0,0.0,0.0,0.0,435.2,0.0,0.0,0.0,0.0,0.0,0.0,0.0,4845.6,41.6,0.0
2050-05-28 19:00:00,2050-05-28 17:00:00,2147.4,1581.0,0.0,0.0,3728.4,2070.2,0.0,0.0,0.0,0.0359,0.0562,upv,upv,0.0,0.0,0.0,0.0,0.0,0.0,0.0,0.0,0.0,0.0,0.0,0.0,0.0,0.0,0.0,0.0,0.0,0.0,140.5,2.7,0.27,16.6,1059.4,0.06,140.7,48.2,188.9,0.0,0.0,0.0,0.0,0.0,0.0,0.0,0.0,0.0,0.0,0.0,0.0,0.0,0.0,0.0,0.0,0.0,0.0,3353.5,3353.5,3728.4,3728.4,0.0,0.0,0.0,0.0,0.0,296.7,0.0,0.0,0.0,0.0,0.0,0.0,0.0,3380.1,51.6,0.0
2050-05-28 20:00:00,2050-05-28 18:00:00,2149.5,0.0,0.0,6.6,2156.1,2072.2,834.0,0.0,1013.4,0.0359,0.0562,battery,upv,0.0,0.0,0.0,0.0,0.0,0.0,0.0,0.0,0.0,0.0,0.0,0.0,0.0,0.0,0.0,0.0,0.0,0.0,141.3,2.7,0.27,16.7,1065.1,0.06,141.4,48.4,189.9,0.0,0.0,0.0,0.0,0.0,0.0,0.0,0.0,0.0,6.87,0.0,0.0,6.87,7.28,0.0,0.0,7.28,0.0,0.0,0.0,3169.5,1322.1,1847.4,0.0,0.0,0.0,0.0,52.2,0.0,0.0,0.0,0.0,0.0,0.0,0.0,1185.8,84.0,0.0
2050-05-28 21:00:00,2050-05-28 19:00:00,2121.1,0.0,0.0,10.7,2131.7,2045.4,2027.3,0.0,1640.0,0.0357,0.0555,battery,distpv,0.0,0.0,0.0,0.0,0.0,0.0,0.0,0.0,0.0,0.0,0.0,0.0,0.0,0.0,0.0,0.0,0.0,0.0,141.8,2.7,0.27,16.8,1068.8,0.06,141.9,48.6,190.5,0.0,0.0,0.0,0.0,0.0,0.0,0.0,0.0,0.0,6.87,0.0,0.0,6.87,7.27,0.0,0.0,7.27,0.0,0.0,0.0,3771.7,104.4,3667.3,0.0,0.0,0.0,0.0,0.0,0.0,0.0,0.0,0.0,0.0,0.0,0.0,0.0,104.4,0.0
2050-05-28 22:00:00,2050-05-28 20:00:00,2082.1,0.0,0.0,10.2,2092.3,2008.6,2029.7,0.0,1571.1,0.0353,0.0544,battery,upv,0.0,0.0,0.0,0.0,0.0,0.0,0.0,0.0,0.0,0.0,0.0,0.0,0.0,0.0,0.0,0.0,0.0,0.0,141.7,2.7,0.27,16.7,1068.6,0.06,141.9,48.6,190.5,0.0,0.0,0.0,0.0,0.0,0.0,0.0,0.0,0.0,6.87,0.0,0.0,6.87,7.26,0.0,0.0,7.26,0.0,0.0,0.0,3663.4,62.6,3600.8,0.0,0.0,0.0,0.0,0.0,0.0,0.0,0.0,0.0,0.0,0.0,0.0,0.0,62.6,0.0
2050-05-28 23:00:00,2050-05-28 21:00:00,1969.5,0.0,0.0,1.4,1970.8,1901.9,1931.7,0.0,211.4,0.0343,0.0515,battery,distpv,0.0,0.0,0.0,0.0,0.0,0.0,0.0,0.0,0.0,0.0,0.0,0.0,0.0,0.0,0.0,0.0,0.0,0.0,141.9,2.7,0.27,16.8,1069.7,0.06,142.0,48.7,190.7,0.0,0.0,0.0,0.0,0.0,0.0,0.0,0.0,0.0,6.87,0.0,0.0,6.87,7.24,0.0,0.0,7.24,0.0,0.0,0.0,2182.2,39.2,2143.1,0.0,0.0,0.0,0.0,0.0,0.0,0.0,0.0,0.0,0.0,0.0,0.0,0.0,39.2,0.0
2050-05-29 00:00:00,2050-05-28 22:00:00,1820.0,0.0,0.0,2.0,1822.0,1759.8,1799.1,0.0,302.4,0.0331,0.0476,battery,upv,0.0,0.0,0.0,0.0,0.0,0.0,0.0,0.0,0.0,0.0,0.0,0.0,0.0,0.0,0.0,0.0,0.0,0.0,159.4,3.0,0.3,18.8,1202.2,0.07,159.6,54.7,214.3,0.0,0.0,0.0,0.0,0.0,0.0,0.0,0.0,0.0,6.87,0.0,0.0,6.87,7.21,0.0,0.0,7.21,0.0,0.0,0.0,2124.4,22.8,2101.5,0.0,0.0,0.0,0.0,0.0,0.0,0.0,0.0,0.0,0.0,0.0,0.0,0.0,22.8,0.0
2050-05-29 01:00:00,2050-05-28 23:00:00,1656.8,0.0,0.0,0.6,1657.4,1604.1,1649.4,0.0,85.9,0.0318,0.0433,battery,upv,0.0,0.0,0.0,0.0,0.0,0.0,0.0,0.0,0.0,0.0,0.0,0.0,0.0,0.0,0.0,0.0,0.0,0.0,152.8,2.9,0.29,18.0,1151.8,0.07,152.9,52.4,205.3,0.0,0.0,0.0,0.0,0.0,0.0,0.0,0.0,0.0,6.87,0.0,0.0,6.87,7.18,0.0,0.0,7.18,0.0,0.0,0.0,1743.3,8.0,1735.3,0.0,0.0,0.0,0.0,0.0,0.0,0.0,0.0,0.0,0.0,0.0,0.0,0.0,8.0,0.0
2050-05-29 02:00:00,2050-05-29 00:00:00,1453.7,0.0,0.0,2.9,1456.6,1409.2,1447.7,0.0,441.1,0.0306,0.038,battery,distpv,0.0,0.0,0.0,0.0,0.0,0.0,0.0,0.0,0.0,0.0,0.0,0.0,0.0,0.0,0.0,0.0,0.0,0.0,141.0,2.7,0.27,16.7,1063.3,0.06,141.2,48.4,189.6,0.0,0.0,0.0,0.0,0.0,0.0,0.0,0.0,0.0,6.87,0.0,0.0,6.87,7.14,0.0,0.0,7.14,0.0,0.0,0.0,1897.7,8.8,1888.8,0.0,0.0,0.0,0.0,0.0,0.0,0.0,0.0,0.0,0.0,0.0,0.0,0.0,8.8,0.0
2050-05-29 03:00:00,2050-05-29 01:00:00,1348.4,0.0,0.0,6.0,1354.4,1307.8,1347.2,0.0,919.0,0.0301,0.0353,battery,distpv,0.0,0.0,0.0,0.0,0.0,0.0,0.0,0.0,0.0,0.0,0.0,0.0,0.0,0.0,0.0,0.0,0.0,0.0,146.4,2.8,0.28,17.3,1103.7,0.06,146.6,50.2,196.8,0.0,0.0,0.0,0.0,0.0,0.0,0.0,0.0,0.0,6.87,0.0,0.0,6.87,7.12,0.0,0.0,7.12,0.0,0.0,0.0,2273.4,7.2,2266.2,0.0,0.0,0.0,0.0,0.0,0.0,0.0,0.0,0.0,0.0,0.0,0.0,0.0,7.2,0.0
2050-05-29 04:00:00,2050-05-29 02:00:00,1250.5,0.0,0.0,10.1,1260.6,1213.2,1252.9,0.0,1546.7,0.0298,0.0327,hydro,upv,0.0,0.0,0.0,0.0,0.0,0.0,0.0,0.0,0.0,0.0,0.0,0.0,0.0,0.0,0.0,0.0,0.0,0.0,192.6,3.6,0.36,22.8,1452.7,0.08,192.8,66.1,258.9,0.0,0.0,0.0,0.0,0.0,0.0,0.0,0.0,0.0,6.87,0.0,0.0,6.87,7.1,0.0,0.0,7.1,0.0,0.0,0.0,2807.3,7.7,2799.6,0.0,0.0,0.0,0.0,0.0,0.0,0.0,0.0,0.0,0.0,0.0,0.0,0.0,7.7,0.0
2050-05-29 05:00:00,2050-05-29 03:00:00,1198.9,0.0,0.0,4.0,1202.9,1163.3,1193.7,0.0,612.3,0.0297,0.0314,hydro,upv,0.0,0.0,0.0,0.0,0.0,0.0,0.0,0.0,0.0,0.0,0.0,0.0,0.0,0.0,0.0,0.0,0.0,0.0,200.2,3.8,0.38,23.6,1509.8,0.09,200.4,68.7,269.0,0.0,0.0,0.0,0.0,0.0,0.0,0.0,0.0,0.0,6.87,0.0,0.0,6.87,7.09,0.0,0.0,7.09,0.0,0.0,0.0,1815.2,9.3,1805.9,0.0,0.0,0.0,0.0,0.0,0.0,0.0,0.0,0.0,0.0,0.0,0.0,0.0,9.3,0.0
2050-05-29 06:00:00,2050-05-29 04:00:00,1170.5,0.0,0.0,9.5,1180.0,1135.8,1172.3,0.0,1463.3,0.0297,0.0306,battery,distpv,0.0,0.0,0.0,0.0,0.0,0.0,0.0,0.0,0.0,0.0,0.0,0.0,0.0,0.0,0.0,0.0,0.0,0.0,163.7,3.1,0.31,19.3,1234.2,0.07,163.8,56.1,220.0,0.0,0.0,0.0,0.0,0.0,0.0,0.0,0.0,0.0,6.87,0.0,0.0,6.87,7.09,0.0,0.0,7.09,0.0,0.0,0.0,2643.3,7.8,2635.5,0.0,0.0,0.0,0.0,0.0,0.0,0.0,0.0,0.0,0.0,0.0,0.0,0.0,7.8,0.0
2050-05-29 07:00:00,2050-05-29 05:00:00,1162.1,0.0,0.0,8.3,1170.4,1127.6,-1274.9,0.0,1274.9,0.0297,0.0304,wind-ons,wind-ons,0.0,0.0,0.0,0.0,0.0,0.0,0.0,0.0,0.0,0.0,0.0,0.0,0.0,0.0,0.0,0.0,0.0,0.0,139.6,2.6,0.26,16.5,1052.7,0.06,139.8,47.9,187.7,0.0,0.0,0.0,0.0,0.0,0.0,0.0,0.0,0.0,0.0,0.0,0.0,0.0,0.0,0.0,0.0,0.0,0.0,0.0,0.0,2445.3,2445.3,0.0,0.0,0.0,0.0,0.0,102.9,0.0,0.0,0.0,0.0,0.0,0.0,0.0,2334.5,8.0,0.0
2050-05-29 08:00:00,2050-05-29 06:00:00,1240.0,2331.4,0.0,0.0,3571.4,1203.0,0.0,0.0,0.0,0.0298,0.0324,upv,upv,0.0,0.0,0.0,0.0,0.0,0.0,0.0,0.0,0.0,0.0,0.0,0.0,0.0,0.0,0.0,0.0,0.0,0.0,139.6,2.6,0.26,16.5,1052.8,0.06,139.8,47.9,187.7,0.0,0.0,0.0,0.0,0.0,0.0,0.0,0.0,0.0,0.0,0.0,0.0,0.0,0.0,0.0,0.0,0.0,8.2,4950.1,4958.3,3571.4,3571.4,0.0,0.0,0.0,0.0,0.0,359.6,0.0,0.0,0.0,0.0,0.0,0.0,0.0,3211.8,0.0,0.0
2050-05-29 09:00:00,2050-05-29 07:00:00,1402.1,3013.5,0.0,0.0,4415.6,1359.5,0.0,0.0,0.0,0.0304,0.0367,upv,upv,0.0,0.0,0.0,0.0,0.0,0.0,0.0,0.0,0.0,0.0,0.0,0.0,0.0,0.0,0.0,0.0,0.0,0.0,139.7,2.6,0.26,16.5,1053.4,0.06,139.9,47.9,187.8,0.0,0.0,0.0,0.0,0.0,0.0,0.0,0.0,0.0,0.0,0.0,0.0,0.0,0.0,0.0,0.0,0.0,4.6,5893.9,5898.5,4415.6,4415.6,0.0,0.0,0.0,0.0,0.0,435.2,0.0,0.0,0.0,0.0,0.0,0.0,0.0,3980.4,0.0,0.0
2050-05-29 10:00:00,2050-05-29 08:00:00,1592.6,2821.5,0.0,0.0,4414.2,1542.6,0.0,0.0,0.0,0.0314,0.0416,upv,upv,0.0,0.0,0.0,0.0,0.0,0.0,0.0,0.0,0.0,0.0,0.0,0.0,0.0,0.0,0.0,0.0,0.0,0.0,139.9,2.6,0.26,16.5,1054.5,0.06,140.0,48.0,188.0,0.0,0.0,0.0,0.0,0.0,0.0,0.0,0.0,0.0,0.0,0.0,0.0,0.0,0.0,0.0,0.0,0.0,1.5,5895.4,5896.8,4414.2,4414.2,0.0,0.0,0.0,0.0,0.0,435.2,0.0,0.0,0.0,0.0,0.0,0.0,0.0,3978.9,0.0,0.0
2050-05-29 11:00:00,2050-05-29 09:00:00,1701.1,1871.6,0.0,0.0,3572.6,1646.4,0.0,0.0,0.0,0.0322,0.0445,upv,upv,0.0,0.0,0.0,0.0,0.0,0.0,0.0,0.0,0.0,0.0,0.0,0.0,0.0,0.0,0.0,0.0,0.0,0.0,140.0,2.6,0.26,16.5,1055.3,0.06,140.1,48.0,188.1,0.0,0.0,0.0,0.0,0.0,0.0,0.0,0.0,0.0,0.0,0.0,0.0,0.0,0.0,0.0,0.0,0.0,0.1,6736.9,6737.0,3572.6,3572.6,0.0,0.0,0.0,0.0,0.0,435.2,0.0,0.0,0.0,0.0,0.0,0.0,0.0,3137.4,0.0,0.0
2050-05-29 12:00:00,2050-05-29 10:00:00,1757.9,1782.5,0.0,0.0,3540.4,1700.6,0.0,0.0,0.0,0.0326,0.046,upv,upv,0.0,0.0,0.0,0.0,0.0,0.0,0.0,0.0,0.0,0.0,0.0,0.0,0.0,0.0,0.0,0.0,0.0,0.0,140.0,2.6,0.27,16.5,1055.8,0.06,140.2,48.0,188.2,0.0,0.0,0.0,0.0,0.0,0.0,0.0,0.0,0.0,0.0,0.0,0.0,0.0,0.0,0.0,0.0,0.0,1.1,6769.1,6770.3,3540.4,3540.4,0.0,0.0,0.0,0.0,0.0,435.2,0.0,0.0,0.0,0.0,0.0,0.0,0.0,3105.2,0.0,0.0
2050-05-29 13:00:00,2050-05-29 11:00:00,1820.0,2266.2,0.0,0.0,4086.2,1759.8,0.0,0.0,0.0,0.0331,0.0476,upv,upv,0.0,0.0,0.0,0.0,0.0,0.0,0.0,0.0,0.0,0.0,0.0,0.0,0.0,0.0,0.0,0.0,0.0,0.0,140.1,2.6,0.27,16.6,1056.3,0.06,140.3,48.0,188.3,0.0,0.0,0.0,0.0,0.0,0.0,0.0,0.0,0.0,0.0,0.0,0.0,0.0,0.0,0.0,0.0,0.0,3.8,6223.4,6227.2,4086.2,4086.2,0.0,0.0,0.0,0.0,0.0,435.2,0.0,0.0,0.0,0.0,0.0,0.0,0.0,3650.9,0.0,0.0
2050-05-29 14:00:00,2050-05-29 12:00:00,1907.4,2366.0,0.0,0.0,4273.4,1842.9,0.0,0.0,0.0,0.0338,0.0499,upv,upv,0.0,0.0,0.0,0.0,0.0,0.0,0.0,0.0,0.0,0.0,0.0,0.0,0.0,0.0,0.0,0.0,0.0,0.0,140.2,2.6,0.27,16.6,1057.1,0.06,140.4,48.1,188.5,0.0,0.0,0.0,0.0,0.0,0.0,0.0,0.0,0.0,0.0,0.0,0.0,0.0,0.0,0.0,0.0,0.0,0.0,6053.7,6053.7,4273.4,4273.4,0.0,0.0,0.0,0.0,0.0,435.2,0.0,0.0,0.0,0.0,0.0,0.0,0.0,3820.6,17.6,0.0
2050-05-29 15:00:00,2050-05-29 13:00:00,1994.7,2716.0,0.0,0.0,4710.8,1925.8,-0.0,0.0,0.0,0.0345,0.0522,upv,upv,0.0,0.0,0.0,0.0,0.0,0.0,0.0,0.0,0.0,0.0,0.0,0.0,0.0,0.0,0.0,0.0,0.0,0.0,140.3,2.6,0.27,16.6,1057.9,0.06,140.5,48.1,188.6,0.0,0.0,0.0,0.0,0.0,0.0,0.0,0.0,0.0,0.0,0.0,0.0,0.0,0.0,0.0,0.0,0.0,0.0,5636.0,5636.0,4710.8,4710.8,0.0,0.0,0.0,0.0,0.0,435.2,0.0,0.0,0.0,0.0,0.0,0.0,0.0,4238.3,37.3,0.0
2050-05-29 16:00:00,2050-05-29 14:00:00,2087.4,2626.7,0.0,0.0,4714.1,2013.5,0.0,0.0,0.0,0.0354,0.0546,upv,upv,0.0,0.0,0.0,0.0,0.0,0.0,0.0,0.0,0.0,0.0,0.0,0.0,0.0,0.0,0.0,0.0,0.0,0.0,140.4,2.7,0.27,16.6,1058.8,0.06,140.6,48.2,188.8,0.0,0.0,0.0,0.0,0.0,0.0,0.0,0.0,0.0,0.0,0.0,0.0,0.0,0.0,0.0,0.0,0.0,0.0,5640.9,5640.9,4714.1,4714.1,0.0,0.0,0.0,0.0,0.0,435.2,0.0,0.0,0.0,0.0,0.0,0.0,0.0,4233.4,45.5,0.0
2050-05-29 17:00:00,2050-05-29 15:00:00,2234.7,3211.2,0.0,0.0,5445.9,2152.6,-0.0,0.0,0.0,0.0368,0.0584,upv,upv,0.0,0.0,0.0,0.0,0.0,0.0,0.0,0.0,0.0,0.0,0.0,0.0,0.0,0.0,0.0,0.0,0.0,0.0,140.7,2.7,0.27,16.6,1060.4,0.06,140.8,48.2,189.0,0.0,0.0,0.0,0.0,0.0,0.0,0.0,0.0,0.0,0.0,0.0,0.0,0.0,0.0,0.0,0.0,0.0,0.0,4914.9,4914.9,5445.9,5445.9,0.0,0.0,0.0,0.0,0.0,435.2,0.0,0.0,0.0,0.0,0.0,0.0,0.0,4959.4,51.3,0.0
2050-05-29 18:00:00,2050-05-29 16:00:00,2373.7,2690.7,0.0,0.0,5064.4,2283.2,0.0,0.0,0.0,0.0381,0.0621,upv,upv,0.0,0.0,0.0,0.0,0.0,0.0,0.0,0.0,0.0,0.0,0.0,0.0,0.0,0.0,0.0,0.0,0.0,0.0,140.9,2.7,0.27,16.6,1061.9,0.06,141.0,48.3,189.3,0.0,0.0,0.0,0.0,0.0,0.0,0.0,0.0,0.0,0.0,0.0,0.0,0.0,0.0,0.0,0.0,0.0,0.0,5277.1,5277.1,5064.4,5064.4,0.0,0.0,0.0,0.0,0.0,434.1,0.0,0.0,0.0,0.0,0.0,0.0,0.0,4577.8,52.4,0.0
2050-05-29 19:00:00,2050-05-29 17:00:00,2503.2,3469.1,0.0,0.0,5972.2,2404.4,0.0,0.0,0.0,0.0395,0.0655,upv,upv,0.0,0.0,0.0,0.0,0.0,0.0,0.0,0.0,0.0,0.0,0.0,0.0,0.0,0.0,0.0,0.0,0.0,0.0,141.0,2.7,0.27,16.7,1063.3,0.06,141.2,48.4,189.6,0.0,0.0,0.0,0.0,0.0,0.0,0.0,0.0,0.0,0.0,0.0,0.0,0.0,0.0,0.0,0.0,0.0,0.0,1168.3,1168.3,5972.2,5972.2,0.0,0.0,0.0,0.0,0.0,299.0,0.0,0.0,0.0,0.0,0.0,0.0,0.0,5617.1,56.2,0.0
2050-05-29 20:00:00,2050-05-29 18:00:00,2580.0,0.0,0.0,13.6,2593.6,2476.1,1205.1,0.0,1645.6,0.0403,0.0675,battery,gas-cc,0.0,0.0,0.0,0.0,0.0,0.0,0.0,0.0,0.0,0.0,0.0,0.0,0.0,0.0,0.0,0.0,0.0,0.0,142.0,2.7,0.27,16.8,1070.8,0.06,142.2,48.7,190.9,372.2,7.0,0.7,44.0,2808.5,0.16,372.6,127.7,500.3,31.65,0.0,0.0,31.65,33.94,0.0,0.0,33.94,0.0,0.0,0.0,4239.2,1388.5,2850.6,0.0,0.0,0.0,0.0,55.0,0.0,0.0,0.0,0.0,0.0,0.0,0.0,1248.0,85.5,0.0
2050-05-29 21:00:00,2050-05-29 19:00:00,2541.1,0.0,0.0,10.0,2551.0,2439.8,2487.9,0.0,1531.7,0.0399,0.0665,gas-cc,gas-cc,0.0,0.0,0.0,0.0,0.0,0.0,0.0,0.0,0.0,0.0,0.0,0.0,0.0,0.0,0.0,0.0,0.0,0.0,155.0,2.9,0.29,18.3,1168.8,0.07,155.2,53.2,208.3,413.8,7.8,0.78,48.9,3122.4,0.18,414.2,142.0,556.2,31.65,0.0,0.0,31.65,33.9,0.0,0.0,33.9,0.0,0.0,0.0,4082.7,63.1,4019.6,0.0,0.0,0.0,0.0,0.0,0.0,0.0,0.0,0.0,0.0,0.0,0.0,0.0,63.1,0.0
2050-05-29 22:00:00,2050-05-29 20:00:00,2448.4,0.0,0.0,7.7,2456.1,2353.2,2414.0,0.0,1186.8,0.0389,0.064,battery,gas-cc,0.0,0.0,0.0,0.0,0.0,0.0,0.0,0.0,0.0,0.0,0.0,0.0,0.0,0.0,0.0,0.0,0.0,0.0,163.6,3.1,0.31,19.3,1233.7,0.07,163.8,56.1,219.9,366.8,6.9,0.69,43.3,2767.6,0.16,367.1,125.8,493.0,31.65,0.0,0.0,31.65,33.82,0.0,0.0,33.82,0.0,0.0,0.0,3642.9,42.1,3600.8,0.0,0.0,0.0,0.0,0.0,0.0,0.0,0.0,0.0,0.0,0.0,0.0,0.0,42.1,0.0
2050-05-29 23:00:00,2050-05-29 21:00:00,2236.8,0.0,0.0,10.7,2247.5,2154.6,2213.2,0.0,1640.0,0.0368,0.0585,battery,gas-cc,0.0,0.0,0.0,0.0,0.0,0.0,0.0,0.0,0.0,0.0,0.0,0.0,0.0,0.0,0.0,0.0,0.0,0.0,181.7,3.4,0.34,21.5,1370.7,0.08,181.9,62.3,244.3,368.6,6.9,0.69,43.5,2781.8,0.16,369.0,126.5,495.5,31.65,0.0,0.0,31.65,33.62,0.0,0.0,33.62,0.0,0.0,0.0,3887.5,34.3,3853.1,0.0,0.0,0.0,0.0,0.0,0.0,0.0,0.0,0.0,0.0,0.0,0.0,0.0,34.3,0.0
2050-05-30 00:00:00,2050-05-29 22:00:00,2000.0,0.0,0.0,3.1,2003.1,1930.8,1989.1,0.0,471.9,0.0346,0.0523,battery,gas-cc,0.0,0.0,0.0,0.0,0.0,0.0,0.0,0.0,0.0,0.0,0.0,0.0,0.0,0.0,0.0,0.0,0.0,0.0,141.7,2.7,0.27,16.7,1068.0,0.06,141.8,48.6,190.4,408.3,7.7,0.77,48.2,3081.3,0.18,408.8,140.1,548.9,32.42,0.0,0.0,32.42,34.21,0.0,0.0,34.21,0.0,0.0,0.0,2475.0,14.0,2461.0,0.0,0.0,0.0,0.0,0.0,0.0,0.0,0.0,0.0,0.0,0.0,0.0,0.0,14.0,0.0
2050-05-30 01:00:00,2050-05-29 23:00:00,1778.9,0.0,0.0,2.0,1780.9,1720.7,1777.3,0.0,305.1,0.0327,0.0465,battery,gas-cc,0.0,0.0,0.0,0.0,0.0,0.0,0.0,0.0,0.0,0.0,0.0,0.0,0.0,0.0,0.0,0.0,0.0,0.0,150.4,2.8,0.28,17.8,1134.2,0.07,150.6,51.6,202.2,369.0,7.0,0.7,43.6,2784.2,0.16,369.3,126.6,495.9,32.42,0.0,0.0,32.42,34.0,0.0,0.0,34.0,0.0,0.0,0.0,2086.1,3.7,2082.4,0.0,0.0,0.0,0.0,0.0,0.0,0.0,0.0,0.0,0.0,0.0,0.0,0.0,3.7,0.0
2050-05-30 02:00:00,2050-05-30 00:00:00,1574.7,0.0,0.0,6.1,1580.9,1525.5,1580.5,0.0,941.1,0.0313,0.0412,battery,gas-cc,0.0,0.0,0.0,0.0,0.0,0.0,0.0,0.0,0.0,0.0,0.0,0.0,0.0,0.0,0.0,0.0,0.0,0.0,147.0,2.8,0.28,17.4,1108.4,0.06,147.2,50.4,197.6,403.6,7.6,0.76,47.7,3045.5,0.17,404.0,138.5,542.5,32.42,0.0,0.0,32.42,33.81,0.0,0.0,33.81,0.0,0.0,0.0,2522.0,0.3,2521.6,0.0,0.0,0.0,0.0,0.0,0.0,0.0,0.0,0.0,0.0,0.0,0.0,0.0,0.3,0.0
2050-05-30 03:00:00,2050-05-30 01:00:00,1402.1,0.0,0.0,1.5,1403.6,1359.5,1403.5,0.0,225.0,0.0304,0.0367,battery,gas-cc,0.0,0.0,0.0,0.0,0.0,0.0,0.0,0.0,0.0,0.0,0.0,0.0,0.0,0.0,0.0,0.0,0.0,0.0,141.0,2.7,0.27,16.7,1062.8,0.06,141.1,48.3,189.5,401.7,7.6,0.76,47.5,3031.3,0.17,402.1,137.8,540.0,32.42,0.0,0.0,32.42,33.65,0.0,0.0,33.65,0.0,0.0,0.0,1628.5,0.1,1628.4,0.0,0.0,0.0,0.0,0.0,0.0,0.0,0.0,0.0,0.0,0.0,0.0,0.0,0.1,0.0
2050-05-30 04:00:00,2050-05-30 02:00:00,1322.1,0.0,0.0,0.0,1322.1,1282.4,1321.4,0.0,0.0,0.03,0.0346,battery,gas-cc,0.0,0.0,0.0,0.0,0.0,0.0,0.0,0.0,0.0,0.0,0.0,0.0,0.0,0.0,0.0,0.0,0.0,0.0,140.8,2.7,0.27,16.6,1061.8,0.06,141.0,48.3,189.3,400.8,7.6,0.76,47.3,3024.7,0.17,401.3,137.5,538.8,32.42,0.0,0.0,32.42,33.58,0.0,0.0,33.58,0.0,0.0,0.0,1322.1,0.7,1321.4,0.0,0.0,0.0,0.0,0.0,0.0,0.0,0.0,0.0,0.0,0.0,0.0,0.0,0.7,0.0
2050-05-30 05:00:00,2050-05-30 03:00:00,1254.7,0.0,0.0,2.4,1257.1,1217.3,1256.0,154.9,0.0,0.0298,0.0328,battery,gas-cc,0.0,0.0,0.0,0.0,0.0,0.0,0.0,0.0,0.0,0.0,0.0,0.0,0.0,0.0,0.0,0.0,0.0,0.0,140.9,2.7,0.27,16.6,1062.3,0.06,141.1,48.3,189.4,400.1,7.5,0.75,47.3,3019.2,0.17,400.5,137.3,537.8,32.42,0.0,0.0,32.42,33.52,0.0,0.0,33.52,0.0,0.0,0.0,1102.2,1.1,1101.1,0.0,0.0,0.0,0.0,0.0,0.0,0.0,0.0,0.0,0.0,0.0,0.0,0.0,1.1,0.0
2050-05-30 06:00:00,2050-05-30 04:00:00,1240.0,0.0,0.0,2.9,1242.9,1203.0,1241.3,189.9,0.0,0.0298,0.0324,hydro,gas-cc,0.0,0.0,0.0,0.0,0.0,0.0,0.0,0.0,0.0,0.0,0.0,0.0,0.0,0.0,0.0,0.0,0.0,0.0,140.9,2.7,0.27,16.6,1062.0,0.06,141.0,48.3,189.3,363.6,6.9,0.69,42.9,2743.6,0.16,364.0,124.8,488.7,32.42,0.0,0.0,32.42,33.51,0.0,0.0,33.51,0.0,0.0,0.0,1053.1,1.7,1051.4,0.0,0.0,0.0,0.0,0.0,0.0,0.0,0.0,0.0,0.0,0.0,0.0,0.0,1.7,0.0
2050-05-30 07:00:00,2050-05-30 05:00:00,1252.6,0.0,0.0,7.9,1260.6,1215.3,-1222.4,0.0,1222.4,0.0298,0.0328,upv,upv,0.0,0.0,0.0,0.0,0.0,0.0,0.0,0.0,0.0,0.0,0.0,0.0,0.0,0.0,0.0,0.0,0.0,0.0,139.9,2.6,0.26,16.5,1054.9,0.06,140.1,48.0,188.1,0.0,0.0,0.0,0.0,0.0,0.0,0.0,0.0,0.0,0.0,0.0,0.0,0.0,0.0,0.0,0.0,0.0,0.0,0.0,0.0,2482.9,2482.9,0.0,0.0,0.0,0.0,0.0,104.7,0.0,0.0,0.0,0.0,0.0,0.0,0.0,2376.5,1.7,0.0
2050-05-30 08:00:00,2050-05-30 06:00:00,1368.4,2400.1,0.0,0.0,3768.5,1327.1,0.0,0.0,0.0,0.0302,0.0358,upv,upv,0.0,0.0,0.0,0.0,0.0,0.0,0.0,0.0,0.0,0.0,0.0,0.0,0.0,0.0,0.0,0.0,0.0,0.0,139.7,2.6,0.26,16.5,1053.2,0.06,139.9,47.9,187.8,0.0,0.0,0.0,0.0,0.0,0.0,0.0,0.0,0.0,0.0,0.0,0.0,0.0,0.0,0.0,0.0,0.0,1.9,4719.2,4721.0,3768.5,3768.5,0.0,0.0,0.0,0.0,0.0,0.0,0.0,0.0,0.0,0.0,0.0,0.0,0.0,3768.5,0.0,0.0
2050-05-30 09:00:00,2050-05-30 07:00:00,1553.7,2431.9,0.0,0.0,3985.6,1505.3,0.0,0.0,0.0,0.0312,0.0406,upv,upv,0.0,0.0,0.0,0.0,0.0,0.0,0.0,0.0,0.0,0.0,0.0,0.0,0.0,0.0,0.0,0.0,0.0,0.0,139.8,2.6,0.26,16.5,1054.2,0.06,140.0,48.0,187.9,0.0,0.0,0.0,0.0,0.0,0.0,0.0,0.0,0.0,0.0,0.0,0.0,0.0,0.0,0.0,0.0,0.0,0.9,6324.0,6324.8,3985.6,3985.6,0.0,0.0,0.0,0.0,0.0,435.2,0.0,0.0,0.0,0.0,0.0,0.0,0.0,3550.4,0.0,0.0
2050-05-30 10:00:00,2050-05-30 08:00:00,1752.6,2461.0,0.0,0.0,4213.6,1695.6,0.0,0.0,0.0,0.0325,0.0458,upv,upv,0.0,0.0,0.0,0.0,0.0,0.0,0.0,0.0,0.0,0.0,0.0,0.0,0.0,0.0,0.0,0.0,0.0,0.0,140.0,2.6,0.27,16.5,1055.7,0.06,140.2,48.0,188.2,0.0,0.0,0.0,0.0,0.0,0.0,0.0,0.0,0.0,0.0,0.0,0.0,0.0,0.0,0.0,0.0,0.0,0.2,6095.9,6096.1,4213.6,4213.6,0.0,0.0,0.0,0.0,0.0,435.2,0.0,0.0,0.0,0.0,0.0,0.0,0.0,3778.4,0.0,0.0
2050-05-30 11:00:00,2050-05-30 09:00:00,1876.8,94.0,0.0,0.0,1970.9,1813.9,0.0,0.0,0.0,0.0335,0.0491,upv,upv,0.0,0.0,0.0,0.0,0.0,0.0,0.0,0.0,0.0,0.0,0.0,0.0,0.0,0.0,0.0,0.0,0.0,0.0,140.2,2.6,0.27,16.6,1056.8,0.06,140.3,48.1,188.4,0.0,0.0,0.0,0.0,0.0,0.0,0.0,0.0,0.0,0.0,0.0,0.0,0.0,0.0,0.0,0.0,0.0,0.9,8338.7,8339.6,1970.9,1970.9,0.0,0.0,0.0,0.0,0.0,435.2,0.0,0.0,0.0,0.0,0.0,0.0,0.0,1535.6,0.0,0.0
2050-05-30 12:00:00,2050-05-30 10:00:00,1958.9,1670.3,0.0,0.0,3629.3,1891.9,0.0,0.0,0.0,0.0342,0.0512,upv,upv,0.0,0.0,0.0,0.0,0.0,0.0,0.0,0.0,0.0,0.0,0.0,0.0,0.0,0.0,0.0,0.0,0.0,0.0,140.3,2.6,0.27,16.6,1057.6,0.06,140.4,48.1,188.5,0.0,0.0,0.0,0.0,0.0,0.0,0.0,0.0,0.0,0.0,0.0,0.0,0.0,0.0,0.0,0.0,0.0,3.2,6680.2,6683.5,3629.3,3629.3,0.0,0.0,0.0,0.0,0.0,435.2,0.0,0.0,0.0,0.0,0.0,0.0,0.0,3194.1,0.0,0.0
2050-05-30 13:00:00,2050-05-30 11:00:00,2046.3,3795.7,0.0,0.0,5842.0,1974.7,0.0,0.0,0.0,0.035,0.0535,upv,upv,0.0,0.0,0.0,0.0,0.0,0.0,0.0,0.0,0.0,0.0,0.0,0.0,0.0,0.0,0.0,0.0,0.0,0.0,140.4,2.6,0.27,16.6,1058.4,0.06,140.5,48.1,188.7,0.0,0.0,0.0,0.0,0.0,0.0,0.0,0.0,0.0,0.0,0.0,0.0,0.0,0.0,0.0,0.0,0.0,11.4,4467.6,4479.0,5842.0,5842.0,0.0,0.0,0.0,0.0,0.0,435.2,0.0,0.0,0.0,0.0,0.0,0.0,0.0,5406.7,0.0,0.0
2050-05-30 14:00:00,2050-05-30 12:00:00,2154.7,4019.6,0.0,0.0,6174.3,2077.2,0.0,0.0,0.0,0.036,0.0563,upv,upv,0.0,0.0,0.0,0.0,0.0,0.0,0.0,0.0,0.0,0.0,0.0,0.0,0.0,0.0,0.0,0.0,0.0,0.0,140.5,2.7,0.27,16.6,1059.5,0.06,140.7,48.2,188.9,0.0,0.0,0.0,0.0,0.0,0.0,0.0,0.0,0.0,0.0,0.0,0.0,0.0,0.0,0.0,0.0,0.0,0.0,4164.6,4164.6,6174.3,6174.3,0.0,0.0,0.0,0.0,0.0,435.2,0.0,0.0,0.0,0.0,0.0,0.0,0.0,5709.7,29.4,0.0
2050-05-30 15:00:00,2050-05-30 13:00:00,2275.8,3990.5,0.0,0.0,6266.3,2191.2,0.0,0.0,0.0,0.0372,0.0595,upv,upv,0.0,0.0,0.0,0.0,0.0,0.0,0.0,0.0,0.0,0.0,0.0,0.0,0.0,0.0,0.0,0.0,0.0,0.0,140.7,2.7,0.27,16.6,1060.8,0.06,140.9,48.3,189.1,0.0,0.0,0.0,0.0,0.0,0.0,0.0,0.0,0.0,0.0,0.0,0.0,0.0,0.0,0.0,0.0,0.0,0.0,4085.2,4085.2,6266.3,6266.3,0.0,0.0,0.0,0.0,0.0,435.2,0.0,0.0,0.0,0.0,0.0,0.0,0.0,5789.1,41.9,0.0
2050-05-30 16:00:00,2050-05-30 14:00:00,2396.8,3990.5,0.0,0.0,6387.3,2304.9,0.0,0.0,0.0,0.0384,0.0627,upv,upv,0.0,0.0,0.0,0.0,0.0,0.0,0.0,0.0,0.0,0.0,0.0,0.0,0.0,0.0,0.0,0.0,0.0,0.0,140.9,2.7,0.27,16.6,1062.2,0.06,141.0,48.3,189.4,0.0,0.0,0.0,0.0,0.0,0.0,0.0,0.0,0.0,0.0,0.0,0.0,0.0,0.0,0.0,0.0,0.0,0.0,3972.5,3972.5,6387.3,6387.3,0.0,0.0,0.0,0.0,0.0,435.2,0.0,0.0,0.0,0.0,0.0,0.0,0.0,5901.8,50.3,0.0
2050-05-30 17:00:00,2050-05-30 15:00:00,2546.3,3784.1,0.0,0.0,6330.4,2444.7,0.0,0.0,0.0,0.0399,0.0666,upv,upv,0.0,0.0,0.0,0.0,0.0,0.0,0.0,0.0,0.0,0.0,0.0,0.0,0.0,0.0,0.0,0.0,0.0,0.0,141.1,2.7,0.27,16.7,1063.8,0.06,141.3,48.4,189.7,0.0,0.0,0.0,0.0,0.0,0.0,0.0,0.0,0.0,0.0,0.0,0.0,0.0,0.0,0.0,0.0,0.0,0.0,4045.5,4045.5,6330.4,6330.4,0.0,0.0,0.0,0.0,0.0,435.2,0.0,0.0,0.0,0.0,0.0,0.0,0.0,5828.8,66.4,0.0
2050-05-30 18:00:00,2050-05-30 16:00:00,2665.3,2367.0,0.0,0.0,5032.2,2555.5,0.0,0.0,0.0,0.0412,0.0697,upv,upv,0.0,0.0,0.0,0.0,0.0,0.0,0.0,0.0,0.0,0.0,0.0,0.0,0.0,0.0,0.0,0.0,0.0,0.0,141.3,2.7,0.27,16.7,1065.2,0.06,141.5,48.5,189.9,0.0,0.0,0.0,0.0,0.0,0.0,0.0,0.0,0.0,0.0,0.0,0.0,0.0,0.0,0.0,0.0,0.0,0.0,5351.9,5351.9,5032.2,5032.2,0.0,0.0,0.0,0.0,0.0,434.9,0.0,0.0,0.0,0.0,0.0,0.0,0.0,4516.0,81.4,0.0
2050-05-30 19:00:00,2050-05-30 17:00:00,2802.1,161.9,0.0,0.0,2964.0,2682.6,0.0,0.0,0.0,0.0427,0.0733,upv,upv,0.0,0.0,0.0,0.0,0.0,0.0,0.0,0.0,0.0,0.0,0.0,0.0,0.0,0.0,0.0,0.0,0.0,0.0,144.0,2.7,0.27,17.0,1085.6,0.06,144.2,49.4,193.5,0.0,0.0,0.0,0.0,0.0,0.0,0.0,0.0,0.0,0.0,0.0,0.0,0.0,0.0,0.0,0.0,0.0,0.0,4174.4,4174.4,2964.0,2964.0,0.0,0.0,0.0,0.0,0.0,297.0,0.0,0.0,0.0,0.0,0.0,0.0,0.0,2565.7,101.3,0.0
2050-05-30 20:00:00,2050-05-30 18:00:00,2878.9,0.0,0.0,15.1,2894.1,2753.7,1429.4,0.0,1929.4,0.0435,0.0753,battery,gas-cc,0.0,0.0,0.0,0.0,0.0,0.0,0.0,0.0,0.0,0.0,0.0,0.0,0.0,0.0,0.0,0.0,0.0,0.0,142.3,2.7,0.27,16.8,1073.0,0.06,142.5,48.8,191.3,342.4,6.5,0.65,40.4,2583.7,0.15,342.8,117.5,460.2,27.13,0.0,0.0,27.13,29.34,0.0,0.0,29.34,0.0,0.0,0.0,4823.5,1464.7,3358.8,0.0,0.0,0.0,0.0,55.8,0.0,0.0,0.0,0.0,0.0,0.0,0.0,1265.0,144.0,0.0
2050-05-30 21:00:00,2050-05-30 19:00:00,2798.9,0.0,0.0,8.8,2807.8,2679.7,2663.3,0.0,1356.3,0.0426,0.0732,battery,gas-cc,0.0,0.0,0.0,0.0,0.0,0.0,0.0,0.0,0.0,0.0,0.0,0.0,0.0,0.0,0.0,0.0,0.0,0.0,142.7,2.7,0.27,16.9,1076.1,0.06,142.9,48.9,191.8,374.5,7.1,0.71,44.2,2825.9,0.16,374.9,128.5,503.4,31.76,0.0,0.0,31.76,34.27,0.0,0.0,34.27,0.0,0.0,0.0,4164.1,144.5,4019.6,0.0,0.0,0.0,0.0,0.0,0.0,0.0,0.0,0.0,0.0,0.0,0.0,0.0,144.5,0.0
2050-05-30 22:00:00,2050-05-30 20:00:00,2681.1,0.0,0.0,9.4,2690.4,2570.2,2578.3,0.0,1441.3,0.0413,0.0701,battery,gas-cc,0.0,0.0,0.0,0.0,0.0,0.0,0.0,0.0,0.0,0.0,0.0,0.0,0.0,0.0,0.0,0.0,0.0,0.0,142.6,2.7,0.27,16.8,1075.1,0.06,142.8,48.9,191.7,383.4,7.2,0.72,45.3,2893.4,0.17,383.8,131.6,515.4,27.13,0.0,0.0,27.13,29.17,0.0,0.0,29.17,0.0,0.0,0.0,4131.7,112.2,4019.6,0.0,0.0,0.0,0.0,0.0,0.0,0.0,0.0,0.0,0.0,0.0,0.0,0.0,112.2,0.0
2050-05-30 23:00:00,2050-05-30 21:00:00,2441.1,0.0,0.0,9.6,2450.7,2346.3,2384.1,12.6,1453.2,0.0388,0.0638,battery,gas-cc,0.0,0.0,0.0,0.0,0.0,0.0,0.0,0.0,0.0,0.0,0.0,0.0,0.0,0.0,0.0,0.0,0.0,0.0,145.5,2.7,0.28,17.2,1096.9,0.06,145.6,49.9,195.5,338.2,6.4,0.64,40.0,2552.1,0.15,338.6,116.0,454.6,27.13,0.0,0.0,27.13,28.98,0.0,0.0,28.98,0.0,0.0,0.0,3891.4,66.6,3824.8,0.0,0.0,0.0,0.0,0.0,0.0,0.0,0.0,0.0,0.0,0.0,0.0,0.0,66.6,0.0
2050-05-31 00:00:00,2050-05-30 22:00:00,2172.6,0.0,0.0,9.3,2181.9,2094.1,2141.0,445.3,362.7,0.0362,0.0568,battery,gas-cc,0.0,0.0,0.0,0.0,0.0,0.0,0.0,0.0,0.0,0.0,0.0,0.0,0.0,0.0,0.0,0.0,0.0,0.0,141.9,2.7,0.27,16.8,1069.8,0.06,142.1,48.7,190.7,373.0,7.0,0.7,44.1,2814.6,0.16,373.4,128.0,501.4,31.71,0.0,0.0,31.71,33.62,0.0,0.0,33.62,0.0,0.0,0.0,2099.3,40.9,2058.4,0.0,0.0,0.0,0.0,0.0,0.0,0.0,0.0,0.0,0.0,0.0,0.0,0.0,40.9,0.0
2050-05-31 01:00:00,2050-05-30 23:00:00,1912.6,0.0,0.0,8.3,1920.9,1847.9,1881.4,300.1,561.7,0.0338,0.05,battery,gas-cc,0.0,0.0,0.0,0.0,0.0,0.0,0.0,0.0,0.0,0.0,0.0,0.0,0.0,0.0,0.0,0.0,0.0,0.0,141.4,2.7,0.27,16.7,1066.1,0.06,141.6,48.5,190.1,370.3,7.0,0.7,43.7,2794.4,0.16,370.7,127.1,497.8,31.71,0.0,0.0,31.71,33.37,0.0,0.0,33.37,0.0,0.0,0.0,2182.6,39.5,2143.1,0.0,0.0,0.0,0.0,0.0,0.0,0.0,0.0,0.0,0.0,0.0,0.0,0.0,39.5,0.0
2050-05-31 02:00:00,2050-05-31 00:00:00,1675.8,0.0,0.0,0.0,1675.8,1622.2,1642.3,0.0,0.0,0.032,0.0438,battery,gas-cc,0.0,0.0,0.0,0.0,0.0,0.0,0.0,0.0,0.0,0.0,0.0,0.0,0.0,0.0,0.0,0.0,0.0,0.0,141.0,2.7,0.27,16.7,1062.9,0.06,141.1,48.3,189.5,363.0,6.8,0.68,42.9,2739.1,0.16,363.4,124.5,487.9,31.71,0.0,0.0,31.71,33.16,0.0,0.0,33.16,0.0,0.0,0.0,1675.8,33.5,1642.3,0.0,0.0,0.0,0.0,0.0,0.0,0.0,0.0,0.0,0.0,0.0,0.0,0.0,33.5,0.0
2050-05-31 03:00:00,2050-05-31 01:00:00,1512.6,0.0,0.0,0.0,1512.6,1465.9,1478.1,0.0,0.0,0.0309,0.0396,battery,gas-cc,0.0,0.0,0.0,0.0,0.0,0.0,0.0,0.0,0.0,0.0,0.0,0.0,0.0,0.0,0.0,0.0,0.0,0.0,174.3,3.3,0.33,20.6,1314.5,0.08,174.5,59.8,234.3,361.4,6.8,0.68,42.7,2726.9,0.16,361.8,124.0,485.7,31.71,0.0,0.0,31.71,33.01,0.0,0.0,33.01,0.0,0.0,0.0,1512.6,34.5,1478.1,0.0,0.0,0.0,0.0,0.0,0.0,0.0,0.0,0.0,0.0,0.0,0.0,0.0,34.5,0.0
2050-05-31 04:00:00,2050-05-31 02:00:00,1400.0,0.0,0.0,0.0,1400.0,1357.5,1373.5,0.0,0.0,0.0303,0.0366,battery,gas-cc,0.0,0.0,0.0,0.0,0.0,0.0,0.0,0.0,0.0,0.0,0.0,0.0,0.0,0.0,0.0,0.0,0.0,0.0,181.2,3.4,0.34,21.4,1366.7,0.08,181.4,62.2,243.6,401.7,7.6,0.76,47.4,3031.1,0.17,402.1,137.8,539.9,31.71,0.0,0.0,31.71,32.91,0.0,0.0,32.91,0.0,0.0,0.0,1400.0,26.5,1373.5,0.0,0.0,0.0,0.0,0.0,0.0,0.0,0.0,0.0,0.0,0.0,0.0,0.0,26.5,0.0
2050-05-31 05:00:00,2050-05-31 03:00:00,1316.8,0.0,0.0,0.0,1316.8,1277.3,1303.2,0.0,0.0,0.03,0.0344,battery,gas-cc,0.0,0.0,0.0,0.0,0.0,0.0,0.0,0.0,0.0,0.0,0.0,0.0,0.0,0.0,0.0,0.0,0.0,0.0,140.9,2.7,0.27,16.6,1062.0,0.06,141.0,48.3,189.3,400.8,7.6,0.76,47.3,3024.3,0.17,401.2,137.5,538.7,31.71,0.0,0.0,31.71,32.84,0.0,0.0,32.84,0.0,0.0,0.0,1316.8,13.7,1303.2,0.0,0.0,0.0,0.0,0.0,0.0,0.0,0.0,0.0,0.0,0.0,0.0,0.0,13.7,0.0
2050-05-31 06:00:00,2050-05-31 04:00:00,1281.1,0.0,0.0,0.0,1281.1,1242.7,1270.2,0.0,0.0,0.0299,0.0335,battery,gas-cc,0.0,0.0,0.0,0.0,0.0,0.0,0.0,0.0,0.0,0.0,0.0,0.0,0.0,0.0,0.0,0.0,0.0,0.0,156.8,3.0,0.3,18.5,1182.5,0.07,157.0,53.8,210.8,400.4,7.5,0.75,47.3,3021.3,0.17,400.8,137.4,538.2,31.71,0.0,0.0,31.71,32.8,0.0,0.0,32.8,0.0,0.0,0.0,1281.1,10.9,1270.2,0.0,0.0,0.0,0.0,0.0,0.0,0.0,0.0,0.0,0.0,0.0,0.0,0.0,10.9,0.0
2050-05-31 07:00:00,2050-05-31 05:00:00,1296.8,0.0,0.0,7.3,1304.2,1258.0,-1129.7,0.0,1129.7,0.03,0.0339,wind-ons,wind-ons,0.0,0.0,0.0,0.0,0.0,0.0,0.0,0.0,0.0,0.0,0.0,0.0,0.0,0.0,0.0,0.0,0.0,0.0,139.9,2.6,0.26,16.5,1054.8,0.06,140.1,48.0,188.0,0.0,0.0,0.0,0.0,0.0,0.0,0.0,0.0,0.0,0.0,0.0,0.0,0.0,0.0,0.0,0.0,0.0,0.0,0.0,0.0,2433.8,2433.8,0.0,0.0,0.0,0.0,0.0,102.3,0.0,0.0,0.0,0.0,0.0,0.0,0.0,2321.6,10.0,0.0
2050-05-31 08:00:00,2050-05-31 06:00:00,1394.7,902.4,0.0,0.0,2297.1,1352.4,0.0,0.0,0.0,0.0303,0.0365,upv,upv,0.0,0.0,0.0,0.0,0.0,0.0,0.0,0.0,0.0,0.0,0.0,0.0,0.0,0.0,0.0,0.0,0.0,0.0,139.7,2.6,0.26,16.5,1053.3,0.06,139.9,47.9,187.8,0.0,0.0,0.0,0.0,0.0,0.0,0.0,0.0,0.0,0.0,0.0,0.0,0.0,0.0,0.0,0.0,0.0,9.0,5900.4,5909.4,2297.1,2297.1,0.0,0.0,0.0,0.0,0.0,345.9,0.0,0.0,0.0,0.0,0.0,0.0,0.0,1951.2,0.0,0.0
2050-05-31 09:00:00,2050-05-31 07:00:00,1592.6,2461.0,0.0,0.0,4053.6,1542.6,0.0,0.0,0.0,0.0314,0.0416,upv,upv,0.0,0.0,0.0,0.0,0.0,0.0,0.0,0.0,0.0,0.0,0.0,0.0,0.0,0.0,0.0,0.0,0.0,0.0,139.9,2.6,0.26,16.5,1054.5,0.06,140.0,48.0,188.0,0.0,0.0,0.0,0.0,0.0,0.0,0.0,0.0,0.0,0.0,0.0,0.0,0.0,0.0,0.0,0.0,0.0,7.3,6208.5,6215.8,4053.6,4053.6,0.0,0.0,0.0,0.0,0.0,433.1,0.0,0.0,0.0,0.0,0.0,0.0,0.0,3620.5,0.0,0.0
2050-05-31 10:00:00,2050-05-31 08:00:00,1820.0,2431.9,0.0,0.0,4251.9,1759.8,0.0,0.0,0.0,0.0331,0.0476,upv,upv,0.0,0.0,0.0,0.0,0.0,0.0,0.0,0.0,0.0,0.0,0.0,0.0,0.0,0.0,0.0,0.0,0.0,0.0,140.1,2.6,0.27,16.6,1056.3,0.06,140.3,48.0,188.3,0.0,0.0,0.0,0.0,0.0,0.0,0.0,0.0,0.0,0.0,0.0,0.0,0.0,0.0,0.0,0.0,0.0,5.5,6057.6,6063.1,4251.9,4251.9,0.0,0.0,0.0,0.0,0.0,435.2,0.0,0.0,0.0,0.0,0.0,0.0,0.0,3816.7,0.0,0.0
2050-05-31 11:00:00,2050-05-31 09:00:00,1943.2,94.0,0.0,0.0,2037.2,1876.9,0.0,0.0,0.0,0.0341,0.0508,upv,upv,0.0,0.0,0.0,0.0,0.0,0.0,0.0,0.0,0.0,0.0,0.0,0.0,0.0,0.0,0.0,0.0,0.0,0.0,140.3,2.6,0.27,16.6,1057.4,0.06,140.4,48.1,188.5,0.0,0.0,0.0,0.0,0.0,0.0,0.0,0.0,0.0,0.0,0.0,0.0,0.0,0.0,0.0,0.0,0.0,3.0,8272.4,8275.4,2037.2,2037.2,0.0,0.0,0.0,0.0,0.0,435.2,0.0,0.0,0.0,0.0,0.0,0.0,0.0,1601.9,0.0,0.0
2050-05-31 12:00:00,2050-05-31 10:00:00,2028.4,1895.8,0.0,0.0,3924.2,1957.8,0.0,0.0,0.0,0.0348,0.053,upv,upv,0.0,0.0,0.0,0.0,0.0,0.0,0.0,0.0,0.0,0.0,0.0,0.0,0.0,0.0,0.0,0.0,0.0,0.0,140.4,2.6,0.27,16.6,1058.2,0.06,140.5,48.1,188.7,0.0,0.0,0.0,0.0,0.0,0.0,0.0,0.0,0.0,0.0,0.0,0.0,0.0,0.0,0.0,0.0,0.0,3.4,6385.3,6388.7,3924.2,3924.2,0.0,0.0,0.0,0.0,0.0,435.2,0.0,0.0,0.0,0.0,0.0,0.0,0.0,3489.0,0.0,0.0
2050-05-31 13:00:00,2050-05-31 11:00:00,2118.9,2400.1,0.0,0.0,4519.1,2043.4,0.0,0.0,0.0,0.0357,0.0554,upv,upv,0.0,0.0,0.0,0.0,0.0,0.0,0.0,0.0,0.0,0.0,0.0,0.0,0.0,0.0,0.0,0.0,0.0,0.0,140.5,2.7,0.27,16.6,1059.2,0.06,140.6,48.2,188.8,0.0,0.0,0.0,0.0,0.0,0.0,0.0,0.0,0.0,0.0,0.0,0.0,0.0,0.0,0.0,0.0,0.0,8.4,5790.5,5798.9,4519.1,4519.1,0.0,0.0,0.0,0.0,0.0,435.2,0.0,0.0,0.0,0.0,0.0,0.0,0.0,4083.8,0.0,0.0
2050-05-31 14:00:00,2050-05-31 12:00:00,2231.6,3211.2,0.0,0.0,5442.8,2149.6,0.0,0.0,0.0,0.0367,0.0584,upv,upv,0.0,0.0,0.0,0.0,0.0,0.0,0.0,0.0,0.0,0.0,0.0,0.0,0.0,0.0,0.0,0.0,0.0,0.0,140.6,2.7,0.27,16.6,1060.3,0.06,140.8,48.2,189.0,0.0,0.0,0.0,0.0,0.0,0.0,0.0,0.0,0.0,0.0,0.0,0.0,0.0,0.0,0.0,0.0,0.0,0.0,4883.5,4883.5,5442.8,5442.8,0.0,0.0,0.0,0.0,0.0,435.2,0.0,0.0,0.0,0.0,0.0,0.0,0.0,4990.8,16.8,0.0
2050-05-31 15:00:00,2050-05-31 13:00:00,2345.3,3920.7,0.0,0.0,6266.0,2256.5,0.0,0.0,0.0,0.0379,0.0613,upv,upv,0.0,0.0,0.0,0.0,0.0,0.0,0.0,0.0,0.0,0.0,0.0,0.0,0.0,0.0,0.0,0.0,0.0,0.0,140.8,2.7,0.27,16.6,1061.6,0.06,141.0,48.3,189.3,0.0,0.0,0.0,0.0,0.0,0.0,0.0,0.0,0.0,0.0,0.0,0.0,0.0,0.0,0.0,0.0,0.0,0.0,4067.5,4067.5,6266.0,6266.0,0.0,0.0,0.0,0.0,0.0,435.2,0.0,0.0,0.0,0.0,0.0,0.0,0.0,5806.8,23.9,0.0
2050-05-31 16:00:00,2050-05-31 14:00:00,2469.5,4019.6,0.0,0.0,6489.0,2372.9,0.0,0.0,0.0,0.0391,0.0646,upv,upv,0.0,0.0,0.0,0.0,0.0,0.0,0.0,0.0,0.0,0.0,0.0,0.0,0.0,0.0,0.0,0.0,0.0,0.0,141.0,2.7,0.27,16.7,1063.0,0.06,141.1,48.4,189.5,0.0,0.0,0.0,0.0,0.0,0.0,0.0,0.0,0.0,0.0,0.0,0.0,0.0,0.0,0.0,0.0,0.0,0.0,3856.1,3856.1,6489.0,6489.0,0.0,0.0,0.0,0.0,0.0,435.2,0.0,0.0,0.0,0.0,0.0,0.0,0.0,6018.2,35.6,0.0
2050-05-31 17:00:00,2050-05-31 15:00:00,2618.9,3990.5,0.0,0.0,6609.4,2512.4,0.0,0.0,0.0,0.0407,0.0685,upv,upv,0.0,0.0,0.0,0.0,0.0,0.0,0.0,0.0,0.0,0.0,0.0,0.0,0.0,0.0,0.0,0.0,0.0,0.0,141.2,2.7,0.27,16.7,1064.7,0.06,141.4,48.4,189.8,0.0,0.0,0.0,0.0,0.0,0.0,0.0,0.0,0.0,0.0,0.0,0.0,0.0,0.0,0.0,0.0,0.0,0.0,3756.3,3756.3,6609.4,6609.4,0.0,0.0,0.0,0.0,0.0,435.2,0.0,0.0,0.0,0.0,0.0,0.0,0.0,6118.0,56.2,0.0
2050-05-31 18:00:00,2050-05-31 16:00:00,2793.7,3502.0,0.0,0.0,6295.7,2674.8,0.0,0.0,0.0,0.0426,0.0731,upv,upv,0.0,0.0,0.0,0.0,0.0,0.0,0.0,0.0,0.0,0.0,0.0,0.0,0.0,0.0,0.0,0.0,0.0,0.0,141.5,2.7,0.27,16.7,1066.8,0.06,141.7,48.5,190.2,0.0,0.0,0.0,0.0,0.0,0.0,0.0,0.0,0.0,0.0,0.0,0.0,0.0,0.0,0.0,0.0,0.0,0.0,3971.2,3971.2,6295.7,6295.7,0.0,0.0,0.0,0.0,0.0,430.2,0.0,0.0,0.0,0.0,0.0,0.0,0.0,5793.2,72.3,0.0
2050-05-31 19:00:00,2050-05-31 17:00:00,2937.9,2337.3,0.0,10.7,5285.8,2808.2,-1640.0,0.0,1640.0,0.0442,0.0768,battery,upv,0.0,0.0,0.0,0.0,0.0,0.0,0.0,0.0,0.0,0.0,0.0,0.0,0.0,0.0,0.0,0.0,0.0,0.0,142.0,2.7,0.27,16.8,1070.5,0.06,142.1,48.7,190.8,0.0,0.0,0.0,0.0,0.0,0.0,0.0,0.0,0.0,0.0,0.0,0.0,0.0,0.0,0.0,0.0,0.0,0.0,0.0,0.0,6925.8,6925.8,0.0,0.0,0.0,0.0,0.0,288.0,0.0,0.0,0.0,0.0,0.0,0.0,0.0,6536.6,101.2,0.0
2050-05-31 20:00:00,2050-05-31 18:00:00,2997.9,0.0,0.0,10.0,3007.9,2863.5,1574.0,0.0,1276.6,0.0448,0.0784,battery,gas-cc,0.0,0.0,0.0,0.0,0.0,0.0,0.0,0.0,0.0,0.0,0.0,0.0,0.0,0.0,0.0,0.0,0.0,0.0,142.9,2.7,0.27,16.9,1077.1,0.06,143.0,49.0,192.0,381.7,7.2,0.72,45.1,2880.5,0.17,382.1,131.0,513.1,31.71,0.0,0.0,31.71,34.4,0.0,0.0,34.4,0.0,0.0,0.0,4284.5,1433.9,2850.6,0.0,0.0,0.0,0.0,54.2,0.0,0.0,0.0,0.0,0.0,0.0,0.0,1231.1,148.6,0.0
2050-05-31 21:00:00,2050-05-31 19:00:00,2937.9,0.0,0.0,14.3,2952.2,2808.2,2764.4,0.0,1875.2,0.0442,0.0768,gas-cc,gas-cc,46.5,0.9,0.09,5.5,351.2,0.02,46.6,16.0,62.6,48.7,0.9,0.09,5.8,367.5,0.02,48.7,16.7,65.5,143.1,2.7,0.27,16.9,1079.0,0.06,143.3,49.1,192.4,392.6,7.4,0.74,46.4,2962.3,0.17,393.0,134.7,527.7,33.36,0.0,0.0,33.36,36.13,0.0,0.0,36.13,0.0,0.0,0.0,4827.4,187.8,4019.6,0.0,0.0,0.0,0.0,0.0,620.0,0.0,0.0,0.0,0.0,0.0,0.0,0.0,187.8,0.0
2050-05-31 22:00:00,2050-05-31 20:00:00,2788.4,0.0,0.0,9.0,2797.4,2669.9,2611.5,0.0,1379.0,0.0425,0.0729,battery,gas-cc,0.0,0.0,0.0,0.0,0.0,0.0,0.0,0.0,0.0,0.0,0.0,0.0,0.0,0.0,0.0,0.0,0.0,0.0,142.9,2.7,0.27,16.9,1077.0,0.06,143.0,49.0,192.0,379.5,7.2,0.72,44.8,2863.5,0.16,379.9,130.2,510.1,31.71,0.0,0.0,31.71,34.2,0.0,0.0,34.2,0.0,0.0,0.0,4176.4,185.9,3990.5,0.0,0.0,0.0,0.0,0.0,0.0,0.0,0.0,0.0,0.0,0.0,0.0,0.0,185.9,0.0
2050-05-31 23:00:00,2050-05-31 21:00:00,2530.5,0.0,0.0,10.7,2541.2,2429.9,2381.0,0.0,1638.6,0.0398,0.0662,battery,gas-cc,0.0,0.0,0.0,0.0,0.0,0.0,0.0,0.0,0.0,0.0,0.0,0.0,0.0,0.0,0.0,0.0,0.0,0.0,143.6,2.7,0.27,17.0,1082.9,0.06,143.8,49.3,193.1,376.7,7.1,0.71,44.5,2842.8,0.16,377.1,129.3,506.4,31.71,0.0,0.0,31.71,33.95,0.0,0.0,33.95,0.0,0.0,0.0,4179.8,160.2,4019.6,0.0,0.0,0.0,0.0,0.0,0.0,0.0,0.0,0.0,0.0,0.0,0.0,0.0,160.2,0.0
2050-06-01 00:00:00,2050-05-31 22:00:00,2255.8,0.0,0.0,10.7,2266.4,2172.4,2132.9,0.0,1640.0,0.037,0.059,gas-cc,gas-cc,43.0,0.8,0.08,5.1,324.4,0.02,43.0,14.8,57.8,44.6,0.8,0.08,5.3,336.9,0.02,44.7,15.3,60.0,141.8,2.7,0.27,16.8,1069.3,0.06,142.0,48.6,190.6,385.1,7.3,0.73,45.5,2906.2,0.17,385.5,132.1,517.7,33.36,0.0,0.0,33.36,35.45,0.0,0.0,35.45,0.0,0.0,0.0,3906.4,133.6,3309.4,0.0,0.0,0.0,0.0,0.0,463.5,0.0,0.0,0.0,0.0,0.0,0.0,0.0,133.6,0.0
2050-06-01 01:00:00,2050-05-31 23:00:00,1980.0,0.0,0.0,9.9,1989.9,1911.9,1847.8,0.0,1529.2,0.0344,0.0518,battery,gas-cc,84.5,1.6,0.16,10.0,637.9,0.04,84.6,29.0,113.6,87.5,1.6,0.16,10.3,660.6,0.04,87.6,30.0,117.7,141.5,2.7,0.27,16.7,1066.6,0.06,141.6,48.5,190.1,382.2,7.2,0.72,45.1,2884.1,0.17,382.6,131.1,513.7,33.36,0.0,0.0,33.36,35.18,0.0,0.0,35.18,0.0,0.0,0.0,3519.1,142.2,2556.1,0.0,0.0,0.0,0.0,0.0,820.8,0.0,0.0,0.0,0.0,0.0,0.0,0.0,142.2,0.0
2050-06-01 02:00:00,2050-06-01 00:00:00,1757.9,0.0,0.0,10.6,1768.4,1700.6,1636.0,156.7,1249.7,0.0326,0.046,gas-cc,gas-cc,43.2,0.8,0.08,5.1,325.7,0.02,43.2,14.8,58.0,42.3,0.8,0.08,5.0,319.2,0.02,42.3,14.5,56.9,141.2,2.7,0.27,16.7,1064.7,0.06,141.4,48.4,189.8,379.9,7.2,0.72,44.9,2866.5,0.16,380.3,130.3,510.6,33.36,0.0,0.0,33.36,34.96,0.0,0.0,34.96,0.0,0.0,0.0,2861.4,132.5,2388.2,0.0,0.0,0.0,0.0,0.0,340.8,0.0,0.0,0.0,0.0,0.0,0.0,0.0,132.5,0.0
2050-06-01 03:00:00,2050-06-01 01:00:00,1580.0,0.0,0.0,5.7,1585.7,1530.5,1467.0,261.4,249.6,0.0313,0.0413,battery,gas-cc,0.0,0.0,0.0,0.0,0.0,0.0,0.0,0.0,0.0,0.0,0.0,0.0,0.0,0.0,0.0,0.0,0.0,0.0,141.1,2.7,0.27,16.7,1063.6,0.06,141.2,48.4,189.6,378.0,7.1,0.71,44.7,2852.6,0.16,378.4,129.7,508.1,33.36,0.0,0.0,33.36,34.79,0.0,0.0,34.79,0.0,0.0,0.0,1573.9,118.7,1455.2,0.0,0.0,0.0,0.0,0.0,0.0,0.0,0.0,0.0,0.0,0.0,0.0,0.0,118.7,0.0
2050-06-01 04:00:00,2050-06-01 02:00:00,1443.2,0.0,0.0,4.4,1447.5,1399.1,1314.2,278.9,7.5,0.0306,0.0377,battery,gas-cc,0.0,0.0,0.0,0.0,0.0,0.0,0.0,0.0,0.0,0.0,0.0,0.0,0.0,0.0,0.0,0.0,0.0,0.0,141.0,2.7,0.27,16.7,1063.0,0.06,141.1,48.4,189.5,376.6,7.1,0.71,44.5,2842.0,0.16,377.0,129.2,506.2,33.36,0.0,0.0,33.36,34.66,0.0,0.0,34.66,0.0,0.0,0.0,1176.2,133.3,1042.9,0.0,0.0,0.0,0.0,0.0,0.0,0.0,0.0,0.0,0.0,0.0,0.0,0.0,133.3,0.0
2050-06-01 05:00:00,2050-06-01 03:00:00,1350.5,0.0,0.0,9.2,1359.7,1309.8,1235.9,796.7,0.0,0.0301,0.0353,battery,gas-cc,0.0,0.0,0.0,0.0,0.0,0.0,0.0,0.0,0.0,6.3,0.1,0.01,1.5,49.3,0.02,6.3,3.0,9.3,192.4,3.6,0.36,22.7,1451.1,0.08,192.6,66.0,258.6,375.7,7.1,0.71,44.4,2834.9,0.16,376.1,128.9,505.0,33.36,0.0,0.0,33.36,34.58,0.0,0.0,34.58,0.0,0.0,0.0,563.0,123.8,439.2,0.0,0.0,0.0,0.0,0.0,0.0,0.0,0.0,0.0,0.0,0.0,0.0,0.0,123.8,0.0
2050-06-01 06:00:00,2050-06-01 04:00:00,1320.0,0.0,0.0,9.1,1329.1,1280.4,1209.7,789.4,0.0,0.03,0.0345,battery,gas-cc,0.0,0.0,0.0,0.0,0.0,0.0,0.0,0.0,0.0,6.4,0.1,0.01,1.5,50.4,0.02,6.5,3.0,9.5,140.8,2.7,0.27,16.6,1061.3,0.06,140.9,48.3,189.2,375.4,7.1,0.71,44.3,2832.5,0.16,375.8,128.8,504.6,33.36,0.0,0.0,33.36,34.55,0.0,0.0,34.55,0.0,0.0,0.0,539.7,119.5,420.2,0.0,0.0,0.0,0.0,0.0,0.0,0.0,0.0,0.0,0.0,0.0,0.0,0.0,119.5,0.0
2050-06-01 07:00:00,2050-06-01 05:00:00,1348.4,0.0,0.0,5.0,1353.4,1307.8,-771.8,0.0,771.8,0.0301,0.0353,distpv,distpv,0.0,0.0,0.0,0.0,0.0,0.0,0.0,0.0,0.0,0.0,0.0,0.0,0.0,0.0,0.0,0.0,0.0,0.0,139.7,2.6,0.26,16.5,1053.3,0.06,139.9,47.9,187.8,0.0,0.0,0.0,0.0,0.0,0.0,0.0,0.0,0.0,0.0,0.0,0.0,0.0,0.0,0.0,0.0,0.0,0.0,0.0,0.0,2125.3,2125.3,0.0,0.0,0.0,0.0,0.0,85.4,0.0,0.0,0.0,0.0,0.0,0.0,0.0,1937.1,102.9,0.0
2050-06-01 08:00:00,2050-06-01 06:00:00,1448.4,1558.6,0.0,0.0,3007.0,1404.1,0.0,0.0,0.0,0.0306,0.0379,upv,upv,0.0,0.0,0.0,0.0,0.0,0.0,0.0,0.0,0.0,0.0,0.0,0.0,0.0,0.0,0.0,0.0,0.0,0.0,139.8,2.6,0.26,16.5,1053.6,0.06,139.9,47.9,187.8,0.0,0.0,0.0,0.0,0.0,0.0,0.0,0.0,0.0,0.0,0.0,0.0,0.0,0.0,0.0,0.0,0.0,0.0,4514.0,4514.0,3007.0,3007.0,0.0,0.0,0.0,0.0,0.0,314.3,0.0,0.0,0.0,0.0,0.0,0.0,0.0,2620.3,72.4,0.0
2050-06-01 09:00:00,2050-06-01 07:00:00,1647.4,2821.5,0.0,0.0,4468.9,1595.0,0.0,0.0,0.0,0.0318,0.0431,upv,upv,0.0,0.0,0.0,0.0,0.0,0.0,0.0,0.0,0.0,0.0,0.0,0.0,0.0,0.0,0.0,0.0,0.0,0.0,139.9,2.6,0.26,16.5,1054.9,0.06,140.1,48.0,188.1,0.0,0.0,0.0,0.0,0.0,0.0,0.0,0.0,0.0,0.0,0.0,0.0,0.0,0.0,0.0,0.0,0.0,67.4,5658.2,5725.6,4468.9,4468.9,0.0,0.0,0.0,0.0,0.0,427.3,0.0,0.0,0.0,0.0,0.0,0.0,0.0,4041.6,0.0,0.0
2050-06-01 10:00:00,2050-06-01 08:00:00,1884.2,3432.3,0.0,0.0,5316.5,1820.9,0.0,0.0,0.0,0.0336,0.0493,upv,upv,0.0,0.0,0.0,0.0,0.0,0.0,0.0,0.0,0.0,0.0,0.0,0.0,0.0,0.0,0.0,0.0,0.0,0.0,140.2,2.6,0.27,16.6,1056.9,0.06,140.3,48.1,188.4,0.0,0.0,0.0,0.0,0.0,0.0,0.0,0.0,0.0,0.0,0.0,0.0,0.0,0.0,0.0,0.0,0.0,0.0,5083.0,5083.0,5316.5,5316.5,0.0,0.0,0.0,0.0,0.0,435.2,0.0,0.0,0.0,0.0,0.0,0.0,0.0,4791.3,90.0,0.0
2050-06-01 11:00:00,2050-06-01 09:00:00,2054.7,3600.8,0.0,0.0,5655.6,1982.7,-0.0,0.0,0.0,0.0351,0.0537,upv,upv,0.0,0.0,0.0,0.0,0.0,0.0,0.0,0.0,0.0,0.0,0.0,0.0,0.0,0.0,0.0,0.0,0.0,0.0,140.4,2.7,0.27,16.6,1058.5,0.06,140.6,48.1,188.7,0.0,0.0,0.0,0.0,0.0,0.0,0.0,0.0,0.0,0.0,0.0,0.0,0.0,0.0,0.0,0.0,0.0,0.0,4743.2,4743.2,5655.6,5655.6,0.0,0.0,0.0,0.0,0.0,435.2,0.0,0.0,0.0,0.0,0.0,0.0,0.0,5131.1,89.3,0.0
2050-06-01 12:00:00,2050-06-01 10:00:00,2167.4,3629.9,0.0,0.0,5797.3,2089.1,0.0,0.0,0.0,0.0361,0.0567,upv,upv,0.0,0.0,0.0,0.0,0.0,0.0,0.0,0.0,0.0,0.0,0.0,0.0,0.0,0.0,0.0,0.0,0.0,0.0,140.6,2.7,0.27,16.6,1059.7,0.06,140.7,48.2,188.9,0.0,0.0,0.0,0.0,0.0,0.0,0.0,0.0,0.0,0.0,0.0,0.0,0.0,0.0,0.0,0.0,0.0,0.0,4578.3,4578.3,5797.3,5797.3,0.0,0.0,0.0,0.0,0.0,435.2,0.0,0.0,0.0,0.0,0.0,0.0,0.0,5296.0,66.0,0.0
2050-06-01 13:00:00,2050-06-01 11:00:00,2278.9,2431.9,0.0,0.0,4710.8,2194.2,0.0,0.0,0.0,0.0372,0.0596,upv,upv,0.0,0.0,0.0,0.0,0.0,0.0,0.0,0.0,0.0,0.0,0.0,0.0,0.0,0.0,0.0,0.0,0.0,0.0,140.7,2.7,0.27,16.6,1060.8,0.06,140.9,48.3,189.1,0.0,0.0,0.0,0.0,0.0,0.0,0.0,0.0,0.0,0.0,0.0,0.0,0.0,0.0,0.0,0.0,0.0,49.7,5598.7,5648.4,4710.8,4710.8,0.0,0.0,0.0,0.0,0.0,0.0,0.0,0.0,0.0,0.0,0.0,0.0,0.0,4710.8,0.0,0.0
2050-06-01 14:00:00,2050-06-01 12:00:00,2423.2,3625.0,0.0,0.0,6048.2,2329.5,0.0,0.0,0.0,0.0386,0.0634,upv,upv,0.0,0.0,0.0,0.0,0.0,0.0,0.0,0.0,0.0,0.0,0.0,0.0,0.0,0.0,0.0,0.0,0.0,0.0,140.9,2.7,0.27,16.7,1062.4,0.06,141.1,48.3,189.4,0.0,0.0,0.0,0.0,0.0,0.0,0.0,0.0,0.0,0.0,0.0,0.0,0.0,0.0,0.0,0.0,0.0,0.0,4297.8,4297.8,6048.2,6048.2,0.0,0.0,0.0,0.0,0.0,435.2,0.0,0.0,0.0,0.0,0.0,0.0,0.0,5576.5,36.5,0.0
2050-06-01 15:00:00,2050-06-01 13:00:00,2608.4,2753.0,0.0,0.0,5361.4,2502.6,-0.0,0.0,0.0,0.0406,0.0682,upv,upv,0.0,0.0,0.0,0.0,0.0,0.0,0.0,0.0,0.0,0.0,0.0,0.0,0.0,0.0,0.0,0.0,0.0,0.0,141.2,2.7,0.27,16.7,1064.6,0.06,141.4,48.4,189.8,0.0,0.0,0.0,0.0,0.0,0.0,0.0,0.0,0.0,0.0,0.0,0.0,0.0,0.0,0.0,0.0,0.0,0.0,4981.3,4981.3,5361.4,5361.4,0.0,0.0,0.0,0.0,0.0,435.2,0.0,0.0,0.0,0.0,0.0,0.0,0.0,4893.0,33.1,0.0
2050-06-01 16:00:00,2050-06-01 14:00:00,2778.9,2850.6,0.0,0.0,5629.6,2661.1,-0.0,0.0,0.0,0.0424,0.0727,upv,upv,0.0,0.0,0.0,0.0,0.0,0.0,0.0,0.0,0.0,0.0,0.0,0.0,0.0,0.0,0.0,0.0,0.0,0.0,141.5,2.7,0.27,16.7,1066.6,0.06,141.6,48.5,190.2,0.0,0.0,0.0,0.0,0.0,0.0,0.0,0.0,0.0,0.0,0.0,0.0,0.0,0.0,0.0,0.0,0.0,0.0,4705.6,4705.6,5629.6,5629.6,0.0,0.0,0.0,0.0,0.0,434.9,0.0,0.0,0.0,0.0,0.0,0.0,0.0,5162.3,32.4,0.0
2050-06-01 17:00:00,2050-06-01 15:00:00,2994.7,2821.5,0.0,0.0,5816.3,2860.6,0.0,0.0,0.0,0.0448,0.0783,upv,upv,0.0,0.0,0.0,0.0,0.0,0.0,0.0,0.0,0.0,0.0,0.0,0.0,0.0,0.0,0.0,0.0,0.0,0.0,141.8,2.7,0.27,16.8,1069.3,0.06,142.0,48.6,190.6,0.0,0.0,0.0,0.0,0.0,0.0,0.0,0.0,0.0,0.0,0.0,0.0,0.0,0.0,0.0,0.0,0.0,0.0,4294.9,4294.9,5816.3,5816.3,0.0,0.0,0.0,0.0,0.0,425.5,0.0,0.0,0.0,0.0,0.0,0.0,0.0,5359.7,31.1,0.0
2050-06-01 18:00:00,2050-06-01 16:00:00,3211.6,1641.3,0.0,0.0,4852.8,3059.9,0.0,0.0,0.0,0.0472,0.084,upv,upv,0.0,0.0,0.0,0.0,0.0,0.0,0.0,0.0,0.0,0.0,0.0,0.0,0.0,0.0,0.0,0.0,0.0,0.0,142.2,2.7,0.27,16.8,1072.0,0.06,142.4,48.8,191.1,0.0,0.0,0.0,0.0,0.0,0.0,0.0,0.0,0.0,0.0,0.0,0.0,0.0,0.0,0.0,0.0,0.0,0.0,4413.4,4413.4,4852.8,4852.8,0.0,0.0,0.0,0.0,0.0,389.4,0.0,0.0,0.0,0.0,0.0,0.0,0.0,4420.5,43.0,0.0
2050-06-01 19:00:00,2050-06-01 17:00:00,3417.9,0.0,0.0,25.1,3442.9,3248.3,-2568.4,0.0,2568.4,0.0496,0.0894,upv,upv,0.0,0.0,0.0,0.0,0.0,0.0,0.0,0.0,0.0,0.0,0.0,0.0,0.0,0.0,0.0,0.0,0.0,0.0,145.2,2.7,0.27,17.2,1095.0,0.06,145.4,49.8,195.2,0.0,0.0,0.0,0.0,0.0,0.0,0.0,0.0,0.0,4.49,0.0,0.0,4.49,4.93,0.0,0.0,4.93,0.0,0.0,0.0,6011.3,6011.3,0.0,0.0,0.0,0.0,0.0,250.6,0.0,0.0,0.0,0.0,0.0,0.0,0.0,5690.0,70.7,0.0
2050-06-01 20:00:00,2050-06-01 18:00:00,3487.4,0.0,0.0,10.7,3498.0,3311.5,2235.3,0.0,1640.0,0.0504,0.0912,battery,gas-cc,57.9,1.1,0.11,6.8,436.9,0.03,58.0,19.9,77.8,61.0,1.1,0.11,7.2,460.1,0.03,61.0,20.9,82.0,143.6,2.7,0.27,17.0,1082.4,0.06,143.7,49.2,193.0,449.1,8.5,0.85,53.0,3388.7,0.19,449.5,154.1,603.6,37.47,0.0,0.0,37.47,41.23,0.0,0.0,41.23,0.0,0.0,0.0,5138.0,1262.7,3054.4,0.0,0.0,0.0,0.0,48.0,820.8,0.0,0.0,0.0,0.0,0.0,0.0,1090.5,124.2,0.0
2050-06-01 21:00:00,2050-06-01 19:00:00,3412.6,0.0,0.0,11.9,3424.5,3243.5,3279.1,78.6,1640.0,0.0496,0.0892,battery,gas-cc,59.7,1.1,0.11,7.0,450.2,0.03,59.7,20.5,80.2,61.8,1.2,0.12,7.3,466.6,0.03,61.9,21.2,83.1,144.2,2.7,0.27,17.0,1087.2,0.06,144.4,49.5,193.8,541.3,10.2,1.02,63.9,4084.4,0.23,541.8,185.7,727.6,73.23,0.0,0.0,73.23,80.4,0.0,0.0,80.4,0.0,0.0,0.0,4985.8,145.5,4019.6,0.0,0.0,0.0,0.0,0.0,820.8,0.0,0.0,0.0,0.0,0.0,0.0,0.0,145.5,0.0
2050-06-01 22:00:00,2050-06-01 20:00:00,3206.3,0.0,0.0,10.7,3217.0,3055.0,3100.6,0.0,1640.0,0.0472,0.0838,battery,gas-cc,61.2,1.2,0.12,7.2,462.2,0.03,61.3,21.0,82.3,64.3,1.2,0.12,7.6,485.0,0.03,64.3,22.1,86.4,159.0,3.0,0.3,18.8,1199.0,0.07,159.2,54.5,213.7,445.5,8.4,0.84,52.6,3361.5,0.19,445.9,152.8,598.8,37.47,0.0,0.0,37.47,40.9,0.0,0.0,40.9,0.0,0.0,0.0,4856.9,116.3,3919.8,0.0,0.0,0.0,0.0,0.0,820.8,0.0,0.0,0.0,0.0,0.0,0.0,0.0,116.3,0.0
2050-06-01 23:00:00,2050-06-01 21:00:00,2886.3,0.0,0.0,10.7,2897.0,2760.5,2812.1,0.0,1638.7,0.0436,0.0755,battery,gas-cc,65.6,1.2,0.12,7.7,494.9,0.03,65.7,22.5,88.2,68.6,1.3,0.13,8.1,517.4,0.03,68.6,23.5,92.2,143.0,2.7,0.27,16.9,1078.1,0.06,143.2,49.0,192.2,436.6,8.2,0.82,51.6,3294.6,0.19,437.1,149.8,586.9,37.47,0.0,0.0,37.47,40.53,0.0,0.0,40.53,0.0,0.0,0.0,4535.6,84.9,3629.9,0.0,0.0,0.0,0.0,0.0,820.8,0.0,0.0,0.0,0.0,0.0,0.0,0.0,84.9,0.0
2050-06-02 00:00:00,2050-06-01 22:00:00,2535.8,0.0,0.0,10.7,2546.4,2434.9,2462.6,0.0,1640.0,0.0398,0.0663,battery,gas-cc,92.9,1.8,0.18,11.0,700.8,0.04,93.0,31.9,124.8,96.7,1.8,0.18,11.4,729.8,0.04,96.8,33.2,130.0,142.5,2.7,0.27,16.8,1074.0,0.06,142.6,48.9,191.5,437.1,8.2,0.82,51.6,3298.4,0.19,437.6,150.0,587.5,37.47,0.0,0.0,37.47,40.13,0.0,0.0,40.13,0.0,0.0,0.0,4186.4,83.9,3029.8,0.0,0.0,0.0,0.0,0.0,1072.7,0.0,0.0,0.0,0.0,0.0,0.0,0.0,83.9,0.0
2050-06-02 01:00:00,2050-06-01 23:00:00,2216.8,0.0,0.0,9.5,2226.3,2135.7,2176.7,0.0,1460.1,0.0366,0.058,battery,gas-cc,105.5,2.0,0.2,12.5,795.8,0.05,105.6,36.2,141.8,109.5,2.1,0.21,12.9,826.0,0.05,109.6,37.6,147.1,141.9,2.7,0.27,16.8,1069.6,0.06,142.0,48.7,190.7,373.4,7.0,0.7,44.1,2818.0,0.16,373.8,128.1,502.0,37.47,0.0,0.0,37.47,39.78,0.0,0.0,39.78,0.0,0.0,0.0,3686.4,49.6,2564.1,0.0,0.0,0.0,0.0,0.0,1072.7,0.0,0.0,0.0,0.0,0.0,0.0,0.0,49.6,0.0
2050-06-02 02:00:00,2050-06-02 00:00:00,1982.1,0.0,0.0,9.8,1991.9,1913.9,1957.0,0.0,1509.3,0.0344,0.0518,battery,gas-cc,111.0,2.1,0.21,13.1,837.9,0.05,111.2,38.1,149.3,115.0,2.2,0.22,13.6,867.8,0.05,115.1,39.5,154.6,141.6,2.7,0.27,16.7,1067.4,0.06,141.7,48.6,190.3,371.0,7.0,0.7,43.8,2799.8,0.16,371.4,127.3,498.7,37.47,0.0,0.0,37.47,39.52,0.0,0.0,39.52,0.0,0.0,0.0,3501.2,35.0,2393.5,0.0,0.0,0.0,0.0,0.0,1072.7,0.0,0.0,0.0,0.0,0.0,0.0,0.0,35.0,0.0
2050-06-02 03:00:00,2050-06-02 01:00:00,1775.8,0.0,0.0,7.4,1783.2,1717.7,1749.6,0.0,1139.6,0.0327,0.0464,battery,gas-cc,133.0,2.5,0.25,15.7,1003.7,0.06,133.2,45.6,178.8,137.5,2.6,0.26,16.2,1037.7,0.06,137.7,47.2,184.8,141.2,2.7,0.27,16.7,1064.1,0.06,141.3,48.4,189.7,368.9,7.0,0.7,43.6,2783.9,0.16,369.3,126.6,495.9,37.47,0.0,0.0,37.47,39.3,0.0,0.0,39.3,0.0,0.0,0.0,2922.8,33.6,1816.5,0.0,0.0,0.0,0.0,0.0,1072.7,0.0,0.0,0.0,0.0,0.0,0.0,0.0,33.6,0.0
2050-06-02 04:00:00,2050-06-02 02:00:00,1608.4,0.0,0.0,0.0,1608.4,1557.7,1581.4,0.0,0.0,0.0315,0.0421,battery,gas-cc,241.7,4.6,0.46,28.6,1823.9,0.1,242.0,82.9,324.9,249.6,4.7,0.47,29.5,1883.3,0.11,249.8,85.6,335.5,140.9,2.7,0.27,16.6,1062.4,0.06,141.1,48.3,189.4,426.0,8.0,0.8,50.3,3214.9,0.18,426.5,146.2,572.7,37.47,0.0,0.0,37.47,39.12,0.0,0.0,39.12,0.0,0.0,0.0,1608.4,27.1,508.6,0.0,0.0,0.0,0.0,0.0,1072.7,0.0,0.0,0.0,0.0,0.0,0.0,0.0,27.1,0.0
2050-06-02 05:00:00,2050-06-02 03:00:00,1494.7,0.0,0.0,0.0,1494.7,1448.7,1464.2,0.0,0.0,0.0308,0.0391,battery,gas-cc,260.1,4.9,0.49,30.7,1962.7,0.11,260.4,89.2,349.6,268.4,5.1,0.51,31.7,2025.1,0.12,268.6,92.1,360.7,140.9,2.7,0.27,16.6,1062.0,0.06,141.0,48.3,189.3,424.7,8.0,0.8,50.2,3204.9,0.18,425.2,145.7,570.9,37.47,0.0,0.0,37.47,39.0,0.0,0.0,39.0,0.0,0.0,0.0,1494.7,30.5,391.5,0.0,0.0,0.0,0.0,0.0,1072.7,0.0,0.0,0.0,0.0,0.0,0.0,0.0,30.5,0.0
2050-06-02 06:00:00,2050-06-02 04:00:00,1443.2,0.0,0.0,5.3,1448.5,1399.1,1421.3,0.0,815.2,0.0306,0.0377,battery,gas-cc,171.7,3.2,0.32,20.3,1296.0,0.07,171.9,58.9,230.9,177.2,3.3,0.33,20.9,1336.8,0.08,177.3,60.8,238.1,145.4,2.7,0.27,17.2,1096.7,0.06,145.6,49.9,195.5,452.9,8.5,0.85,53.5,3417.4,0.2,453.4,155.4,608.7,36.67,0.0,0.0,36.67,38.11,0.0,0.0,38.11,0.0,0.0,0.0,2263.6,27.1,1163.7,0.0,0.0,0.0,0.0,0.0,1072.7,0.0,0.0,0.0,0.0,0.0,0.0,0.0,27.1,0.0
2050-06-02 07:00:00,2050-06-02 05:00:00,1451.6,0.0,0.0,13.4,1465.0,1407.2,-551.5,445.3,996.8,0.0306,0.038,hydro,wind-ons,0.0,0.0,0.0,0.0,0.0,0.0,0.0,0.0,0.0,0.0,0.0,0.0,0.0,0.0,0.0,0.0,0.0,0.0,139.8,2.6,0.26,16.5,1053.6,0.06,139.9,47.9,187.8,0.0,0.0,0.0,0.0,0.0,0.0,0.0,0.0,0.0,2.19,0.0,0.0,2.19,2.27,0.0,0.0,2.27,0.0,0.0,0.0,2016.5,2016.5,0.0,0.0,0.0,0.0,0.0,84.1,0.0,0.0,0.0,0.0,0.0,0.0,0.0,1908.0,24.4,0.0
2050-06-02 08:00:00,2050-06-02 06:00:00,1562.1,2562.0,0.0,0.0,4124.1,1513.3,0.0,0.0,0.0,0.0312,0.0409,upv,upv,0.0,0.0,0.0,0.0,0.0,0.0,0.0,0.0,0.0,0.0,0.0,0.0,0.0,0.0,0.0,0.0,0.0,0.0,139.8,2.6,0.26,16.5,1054.3,0.06,140.0,48.0,188.0,0.0,0.0,0.0,0.0,0.0,0.0,0.0,0.0,0.0,0.0,0.0,0.0,0.0,0.0,0.0,0.0,0.0,15.4,3115.4,3130.8,4124.1,4124.1,0.0,0.0,0.0,0.0,0.0,305.5,0.0,0.0,0.0,0.0,0.0,0.0,0.0,3818.6,0.0,0.0
2050-06-02 09:00:00,2050-06-02 07:00:00,1783.2,3795.7,0.0,0.0,5578.8,1724.7,0.0,0.0,0.0,0.0328,0.0466,upv,upv,0.0,0.0,0.0,0.0,0.0,0.0,0.0,0.0,0.0,0.0,0.0,0.0,0.0,0.0,0.0,0.0,0.0,0.0,140.1,2.6,0.27,16.5,1056.0,0.06,140.2,48.0,188.3,0.0,0.0,0.0,0.0,0.0,0.0,0.0,0.0,0.0,0.0,0.0,0.0,0.0,0.0,0.0,0.0,0.0,6.2,4069.3,4075.5,5578.8,5578.8,0.0,0.0,0.0,0.0,0.0,407.1,0.0,0.0,0.0,0.0,0.0,0.0,0.0,5171.7,0.0,0.0
2050-06-02 10:00:00,2050-06-02 08:00:00,2058.9,2821.5,0.0,0.0,4880.5,1986.7,0.0,0.0,0.0,0.0351,0.0538,upv,upv,0.0,0.0,0.0,0.0,0.0,0.0,0.0,0.0,0.0,0.0,0.0,0.0,0.0,0.0,0.0,0.0,0.0,0.0,140.4,2.7,0.27,16.6,1058.6,0.06,140.6,48.2,188.7,0.0,0.0,0.0,0.0,0.0,0.0,0.0,0.0,0.0,0.0,0.0,0.0,0.0,0.0,0.0,0.0,0.0,8.5,5422.2,5430.7,4880.5,4880.5,0.0,0.0,0.0,0.0,0.0,434.9,0.0,0.0,0.0,0.0,0.0,0.0,0.0,4445.6,0.0,0.0
2050-06-02 11:00:00,2050-06-02 09:00:00,2291.6,2626.7,0.0,0.0,4918.3,2206.1,-0.0,0.0,0.0,0.0373,0.0599,upv,upv,0.0,0.0,0.0,0.0,0.0,0.0,0.0,0.0,0.0,0.0,0.0,0.0,0.0,0.0,0.0,0.0,0.0,0.0,140.7,2.7,0.27,16.6,1061.0,0.06,140.9,48.3,189.1,0.0,0.0,0.0,0.0,0.0,0.0,0.0,0.0,0.0,0.0,0.0,0.0,0.0,0.0,0.0,0.0,0.0,10.0,5391.2,5401.2,4918.3,4918.3,0.0,0.0,0.0,0.0,0.0,435.2,0.0,0.0,0.0,0.0,0.0,0.0,0.0,4483.1,0.0,0.0
2050-06-02 12:00:00,2050-06-02 10:00:00,2458.9,2626.7,0.0,0.0,5085.7,2363.0,-0.0,0.0,0.0,0.039,0.0643,upv,upv,0.0,0.0,0.0,0.0,0.0,0.0,0.0,0.0,0.0,0.0,0.0,0.0,0.0,0.0,0.0,0.0,0.0,0.0,141.0,2.7,0.27,16.7,1062.8,0.06,141.1,48.3,189.5,0.0,0.0,0.0,0.0,0.0,0.0,0.0,0.0,0.0,0.0,0.0,0.0,0.0,0.0,0.0,0.0,0.0,11.1,5223.9,5235.0,5085.7,5085.7,0.0,0.0,0.0,0.0,0.0,435.2,0.0,0.0,0.0,0.0,0.0,0.0,0.0,4650.4,0.0,0.0
2050-06-02 13:00:00,2050-06-02 11:00:00,2615.8,3627.1,0.0,0.0,6242.9,2509.5,0.0,0.0,0.0,0.0406,0.0684,upv,upv,0.0,0.0,0.0,0.0,0.0,0.0,0.0,0.0,0.0,0.0,0.0,0.0,0.0,0.0,0.0,0.0,0.0,0.0,141.2,2.7,0.27,16.7,1064.7,0.06,141.4,48.4,189.8,0.0,0.0,0.0,0.0,0.0,0.0,0.0,0.0,0.0,0.0,0.0,0.0,0.0,0.0,0.0,0.0,0.0,7.7,4066.7,4074.4,6242.9,6242.9,0.0,0.0,0.0,0.0,0.0,435.2,0.0,0.0,0.0,0.0,0.0,0.0,0.0,5807.6,0.0,0.0
2050-06-02 14:00:00,2050-06-02 12:00:00,2704.2,3824.8,0.0,0.0,6529.0,2591.7,0.0,0.0,0.0,0.0416,0.0707,upv,upv,0.0,0.0,0.0,0.0,0.0,0.0,0.0,0.0,0.0,0.0,0.0,0.0,0.0,0.0,0.0,0.0,0.0,0.0,141.4,2.7,0.27,16.7,1065.7,0.06,141.5,48.5,190.0,0.0,0.0,0.0,0.0,0.0,0.0,0.0,0.0,0.0,0.0,0.0,0.0,0.0,0.0,0.0,0.0,0.0,8.0,3780.6,3788.5,6529.0,6529.0,0.0,0.0,0.0,0.0,0.0,435.2,0.0,0.0,0.0,0.0,0.0,0.0,0.0,6093.7,0.0,0.0
2050-06-02 15:00:00,2050-06-02 13:00:00,2882.1,2622.9,0.0,0.0,5505.0,2756.6,0.0,0.0,0.0,0.0435,0.0754,upv,upv,0.0,0.0,0.0,0.0,0.0,0.0,0.0,0.0,0.0,0.0,0.0,0.0,0.0,0.0,0.0,0.0,0.0,0.0,141.6,2.7,0.27,16.7,1067.9,0.06,141.8,48.6,190.4,0.0,0.0,0.0,0.0,0.0,0.0,0.0,0.0,0.0,0.0,0.0,0.0,0.0,0.0,0.0,0.0,0.0,12.0,4804.6,4816.6,5505.0,5505.0,0.0,0.0,0.0,0.0,0.0,435.2,0.0,0.0,0.0,0.0,0.0,0.0,0.0,5069.7,0.0,0.0
2050-06-02 16:00:00,2050-06-02 14:00:00,3044.2,3824.8,0.0,0.0,6869.0,2906.2,0.0,0.0,0.0,0.0453,0.0796,upv,upv,0.0,0.0,0.0,0.0,0.0,0.0,0.0,0.0,0.0,0.0,0.0,0.0,0.0,0.0,0.0,0.0,0.0,0.0,141.9,2.7,0.27,16.8,1069.9,0.06,142.1,48.7,190.7,0.0,0.0,0.0,0.0,0.0,0.0,0.0,0.0,0.0,0.0,0.0,0.0,0.0,0.0,0.0,0.0,0.0,0.0,3418.3,3418.3,6869.0,6869.0,0.0,0.0,0.0,0.0,0.0,433.4,0.0,0.0,0.0,0.0,0.0,0.0,0.0,6417.2,18.3,0.0
2050-06-02 17:00:00,2050-06-02 15:00:00,3208.4,1287.1,0.0,0.0,4495.5,3057.0,0.0,0.0,0.0,0.0472,0.0839,upv,upv,0.0,0.0,0.0,0.0,0.0,0.0,0.0,0.0,0.0,0.0,0.0,0.0,0.0,0.0,0.0,0.0,0.0,0.0,142.2,2.7,0.27,16.8,1072.0,0.06,142.3,48.8,191.1,0.0,0.0,0.0,0.0,0.0,0.0,0.0,0.0,0.0,0.0,0.0,0.0,0.0,0.0,0.0,0.0,0.0,0.0,5427.1,5427.1,4495.5,4495.5,0.0,0.0,0.0,0.0,0.0,417.9,0.0,0.0,0.0,0.0,0.0,0.0,0.0,4053.0,24.6,0.0
2050-06-02 18:00:00,2050-06-02 16:00:00,3391.6,1547.2,0.0,0.0,4938.8,3224.3,0.0,0.0,0.0,0.0493,0.0887,upv,upv,0.0,0.0,0.0,0.0,0.0,0.0,0.0,0.0,0.0,0.0,0.0,0.0,0.0,0.0,0.0,0.0,0.0,0.0,142.5,2.7,0.27,16.8,1074.4,0.06,142.7,48.9,191.5,0.0,0.0,0.0,0.0,0.0,0.0,0.0,0.0,0.0,0.0,0.0,0.0,0.0,0.0,0.0,0.0,0.0,43.7,3427.5,3471.2,4938.8,4938.8,0.0,0.0,0.0,0.0,0.0,0.0,0.0,0.0,0.0,0.0,0.0,0.0,0.0,4938.8,0.0,0.0
2050-06-02 19:00:00,2050-06-02 17:00:00,3503.2,0.0,0.0,10.4,3513.6,3325.8,-1600.3,0.0,1600.3,0.0506,0.0916,upv,upv,0.0,0.0,0.0,0.0,0.0,0.0,0.0,0.0,0.0,0.0,0.0,0.0,0.0,0.0,0.0,0.0,0.0,0.0,142.7,2.7,0.27,16.9,1075.8,0.06,142.9,48.9,191.8,0.0,0.0,0.0,0.0,0.0,0.0,0.0,0.0,0.0,9.52,0.0,0.0,9.52,10.48,0.0,0.0,10.48,0.0,0.0,0.0,5113.9,5113.9,0.0,0.0,0.0,0.0,0.0,213.3,0.0,0.0,0.0,0.0,0.0,0.0,0.0,4840.2,60.4,0.0
2050-06-02 20:00:00,2050-06-02 18:00:00,3549.5,0.0,0.0,24.3,3573.8,3367.9,2572.0,0.0,2520.3,0.0512,0.0928,gas-cc,gas-cc,63.8,1.2,0.12,7.5,481.4,0.03,63.9,21.9,85.8,67.2,1.3,0.13,7.9,507.4,0.03,67.3,23.1,90.4,143.8,2.7,0.27,17.0,1084.1,0.06,144.0,49.3,193.3,387.8,7.3,0.73,45.8,2926.3,0.17,388.2,133.1,521.3,35.91,0.0,0.0,35.91,39.59,0.0,0.0,39.59,0.0,0.0,0.0,6094.1,1001.8,4019.6,0.0,0.0,0.0,0.0,37.7,1072.7,0.0,0.0,0.0,0.0,0.0,0.0,856.2,107.8,0.0
2050-06-02 21:00:00,2050-06-02 19:00:00,3423.2,0.0,0.0,10.7,3433.8,3253.1,3241.2,0.0,1641.1,0.0497,0.0895,battery,gas-cc,76.6,1.4,0.14,9.0,578.1,0.03,76.7,26.3,103.0,80.6,1.5,0.15,9.5,608.3,0.03,80.7,27.7,108.4,143.8,2.7,0.27,17.0,1083.9,0.06,143.9,49.3,193.2,478.6,9.0,0.9,56.5,3611.7,0.21,479.1,164.2,643.4,62.79,0.0,0.0,62.79,68.97,0.0,0.0,68.97,0.0,0.0,0.0,5074.9,192.6,3809.5,0.0,0.0,0.0,0.0,0.0,1072.7,0.0,0.0,0.0,0.0,0.0,0.0,0.0,192.6,0.0
2050-06-02 22:00:00,2050-06-02 20:00:00,3242.1,0.0,0.0,16.5,3258.6,3087.8,3076.4,0.0,2015.9,0.0476,0.0848,battery,gas-cc,73.7,1.4,0.14,8.7,556.2,0.03,73.8,25.3,99.1,77.4,1.5,0.15,9.1,584.0,0.03,77.5,26.6,104.0,143.5,2.7,0.27,17.0,1081.8,0.06,143.6,49.2,192.9,422.8,8.0,0.8,49.9,3190.6,0.18,423.3,145.1,568.3,35.48,0.0,0.0,35.48,38.76,0.0,0.0,38.76,0.0,0.0,0.0,5274.5,182.2,4019.6,0.0,0.0,0.0,0.0,0.0,1072.7,0.0,0.0,0.0,0.0,0.0,0.0,0.0,182.2,0.0
2050-06-02 23:00:00,2050-06-02 21:00:00,2928.4,0.0,0.0,10.7,2939.1,2799.4,2762.6,0.0,1640.0,0.044,0.0766,battery,gas-cc,84.9,1.6,0.16,10.0,640.7,0.04,85.0,29.1,114.1,88.8,1.7,0.17,10.5,670.2,0.04,88.9,30.5,119.4,143.0,2.7,0.27,16.9,1077.8,0.06,143.1,49.0,192.1,419.1,7.9,0.79,49.5,3162.3,0.18,419.5,143.8,563.3,35.48,0.0,0.0,35.48,38.42,0.0,0.0,38.42,0.0,0.0,0.0,4579.0,176.5,3329.8,0.0,0.0,0.0,0.0,0.0,1072.7,0.0,0.0,0.0,0.0,0.0,0.0,0.0,176.5,0.0
2050-06-03 00:00:00,2050-06-02 22:00:00,2621.1,0.0,0.0,10.7,2631.7,2514.4,2433.1,0.0,1640.0,0.0407,0.0685,battery,gas-cc,91.0,1.7,0.17,10.8,686.8,0.04,91.1,31.2,122.3,94.9,1.8,0.18,11.2,715.9,0.04,95.0,32.6,127.5,142.4,2.7,0.27,16.8,1073.7,0.06,142.6,48.8,191.4,438.1,8.3,0.83,51.8,3306.3,0.19,438.6,150.3,588.9,37.67,0.0,0.0,37.67,40.44,0.0,0.0,40.44,0.0,0.0,0.0,4271.7,198.6,3000.3,0.0,0.0,0.0,0.0,0.0,1072.7,0.0,0.0,0.0,0.0,0.0,0.0,0.0,198.6,0.0
2050-06-03 01:00:00,2050-06-02 23:00:00,2327.4,0.0,0.0,10.7,2338.0,2239.7,2163.7,0.0,1640.0,0.0377,0.0609,battery,gas-cc,97.7,1.8,0.18,11.5,737.5,0.04,97.8,33.5,131.4,101.6,1.9,0.19,12.0,766.3,0.04,101.7,34.8,136.5,142.0,2.7,0.27,16.8,1070.6,0.06,142.2,48.7,190.9,434.6,8.2,0.82,51.3,3279.2,0.19,435.0,149.1,584.1,37.67,0.0,0.0,37.67,40.11,0.0,0.0,40.11,0.0,0.0,0.0,3978.0,174.3,2731.0,0.0,0.0,0.0,0.0,0.0,1072.7,0.0,0.0,0.0,0.0,0.0,0.0,0.0,174.3,0.0
2050-06-03 02:00:00,2050-06-03 00:00:00,2077.9,0.0,0.0,10.7,2088.6,2004.6,1942.3,0.0,1640.0,0.0353,0.0543,battery,gas-cc,104.3,2.0,0.2,12.3,786.8,0.05,104.4,35.8,140.2,108.1,2.0,0.2,12.8,815.6,0.05,108.2,37.1,145.3,141.5,2.7,0.27,16.7,1067.1,0.06,141.7,48.5,190.2,431.6,8.1,0.81,51.0,3256.6,0.19,432.0,148.1,580.1,37.67,0.0,0.0,37.67,39.83,0.0,0.0,39.83,0.0,0.0,0.0,3728.5,146.3,2509.5,0.0,0.0,0.0,0.0,0.0,1072.7,0.0,0.0,0.0,0.0,0.0,0.0,0.0,146.3,0.0
2050-06-03 03:00:00,2050-06-03 01:00:00,1857.9,0.0,0.0,1.1,1859.0,1795.9,1744.8,0.0,172.5,0.0334,0.0486,gas-cc,gas-cc,191.4,3.6,0.36,22.6,1444.1,0.08,191.6,65.7,257.2,198.0,3.7,0.37,23.4,1493.9,0.09,198.2,67.9,266.1,141.3,2.7,0.27,16.7,1065.4,0.06,141.5,48.5,189.9,369.8,7.0,0.7,43.7,2790.2,0.16,370.2,126.9,497.0,37.64,0.0,0.0,37.64,39.56,0.0,0.0,39.56,0.0,0.0,0.0,2031.5,114.2,844.6,0.0,0.0,0.0,0.0,0.0,1072.7,0.0,0.0,0.0,0.0,0.0,0.0,0.0,114.2,0.0
2050-06-03 04:00:00,2050-06-03 02:00:00,1693.7,0.0,0.0,0.0,1693.7,1639.3,1598.7,0.0,0.0,0.0321,0.0443,battery,gas-cc,229.5,4.3,0.43,27.1,1732.1,0.1,229.8,78.8,308.5,237.1,4.5,0.45,28.0,1789.6,0.1,237.4,81.4,318.8,141.2,2.7,0.27,16.7,1064.8,0.06,141.4,48.4,189.8,427.0,8.0,0.8,50.4,3222.4,0.19,427.5,146.5,574.0,37.64,0.0,0.0,37.64,39.38,0.0,0.0,39.38,0.0,0.0,0.0,1693.7,94.9,526.0,0.0,0.0,0.0,0.0,0.0,1072.7,0.0,0.0,0.0,0.0,0.0,0.0,0.0,94.9,0.0
2050-06-03 05:00:00,2050-06-03 03:00:00,1533.7,0.0,0.0,0.0,1533.7,1486.1,1435.0,0.0,0.0,0.031,0.0401,battery,gas-cc,253.5,4.8,0.48,29.9,1912.8,0.11,253.8,87.0,340.7,261.6,4.9,0.49,30.9,1974.1,0.11,261.9,89.8,351.6,140.9,2.7,0.27,16.6,1062.4,0.06,141.1,48.3,189.4,425.2,8.0,0.8,50.2,3208.3,0.18,425.6,145.9,571.5,37.64,0.0,0.0,37.64,39.21,0.0,0.0,39.21,0.0,0.0,0.0,1533.7,98.7,362.2,0.0,0.0,0.0,0.0,0.0,1072.7,0.0,0.0,0.0,0.0,0.0,0.0,0.0,98.7,0.0
2050-06-03 06:00:00,2050-06-03 04:00:00,1437.9,0.0,0.0,4.7,1442.6,1394.0,1380.3,0.0,718.3,0.0305,0.0376,gas-cc,gas-cc,127.3,2.4,0.24,15.0,960.8,0.06,127.5,43.7,171.2,131.3,2.5,0.25,15.5,991.1,0.06,131.5,45.1,176.5,140.2,2.6,0.27,16.6,1057.1,0.06,140.4,48.1,188.5,376.6,7.1,0.71,44.5,2841.6,0.16,377.0,129.2,506.2,35.51,0.0,0.0,35.51,36.9,0.0,0.0,36.9,0.0,0.0,0.0,2160.8,62.2,1339.4,0.0,0.0,0.0,0.0,0.0,759.2,0.0,0.0,0.0,0.0,0.0,0.0,0.0,62.2,0.0
2050-06-03 07:00:00,2050-06-03 05:00:00,1386.3,0.0,0.0,1.9,1388.2,1344.3,-95.9,55.8,151.7,0.0303,0.0363,battery,upv,0.0,0.0,0.0,0.0,0.0,0.0,0.0,0.0,0.0,0.0,0.0,0.0,0.0,0.0,0.0,0.0,0.0,0.0,139.7,2.6,0.26,16.5,1053.3,0.06,139.9,47.9,187.8,0.0,0.0,0.0,0.0,0.0,0.0,0.0,0.0,0.0,4.93,0.0,0.0,4.93,5.12,0.0,0.0,5.12,0.0,0.0,0.0,1484.1,1484.1,0.0,0.0,0.0,0.0,0.0,61.1,0.0,0.0,0.0,0.0,0.0,0.0,0.0,1387.0,36.0,0.0
2050-06-03 08:00:00,2050-06-03 06:00:00,1386.3,62.2,0.0,0.0,1448.5,1344.3,0.0,0.0,0.0,0.0303,0.0363,upv,upv,0.0,0.0,0.0,0.0,0.0,0.0,0.0,0.0,0.0,0.0,0.0,0.0,0.0,0.0,0.0,0.0,0.0,0.0,139.7,2.6,0.26,16.5,1053.3,0.06,139.9,47.9,187.8,0.0,0.0,0.0,0.0,0.0,0.0,0.0,0.0,0.0,0.0,0.0,0.0,0.0,0.0,0.0,0.0,0.0,0.0,3626.8,3626.8,1448.5,1448.5,0.0,0.0,0.0,0.0,0.0,213.1,0.0,0.0,0.0,0.0,0.0,0.0,0.0,1210.2,25.3,0.0
2050-06-03 09:00:00,2050-06-03 07:00:00,1507.4,1836.1,0.0,0.0,3343.4,1460.8,0.0,0.0,0.0,0.0309,0.0394,upv,upv,0.0,0.0,0.0,0.0,0.0,0.0,0.0,0.0,0.0,0.0,0.0,0.0,0.0,0.0,0.0,0.0,0.0,0.0,139.8,2.6,0.26,16.5,1053.9,0.06,140.0,47.9,187.9,0.0,0.0,0.0,0.0,0.0,0.0,0.0,0.0,0.0,0.0,0.0,0.0,0.0,0.0,0.0,0.0,0.0,0.0,4932.2,4932.2,3343.4,3343.4,0.0,0.0,0.0,0.0,0.0,348.6,0.0,0.0,0.0,0.0,0.0,0.0,0.0,2977.6,17.3,0.0
2050-06-03 10:00:00,2050-06-03 08:00:00,1706.3,3211.2,0.0,0.0,4917.5,1651.4,0.0,0.0,0.0,0.0322,0.0446,upv,upv,0.0,0.0,0.0,0.0,0.0,0.0,0.0,0.0,0.0,0.0,0.0,0.0,0.0,0.0,0.0,0.0,0.0,0.0,140.0,2.6,0.26,16.5,1055.4,0.06,140.1,48.0,188.1,0.0,0.0,0.0,0.0,0.0,0.0,0.0,0.0,0.0,0.0,0.0,0.0,0.0,0.0,0.0,0.0,0.0,0.0,4276.3,4276.3,4917.5,4917.5,0.0,0.0,0.0,0.0,0.0,387.2,0.0,0.0,0.0,0.0,0.0,0.0,0.0,4512.3,17.9,0.0
2050-06-03 11:00:00,2050-06-03 09:00:00,1930.5,3240.3,0.0,0.0,5170.8,1864.9,-0.0,0.0,0.0,0.034,0.0505,upv,upv,0.0,0.0,0.0,0.0,0.0,0.0,0.0,0.0,0.0,0.0,0.0,0.0,0.0,0.0,0.0,0.0,0.0,0.0,140.2,2.6,0.27,16.6,1057.3,0.06,140.4,48.1,188.5,0.0,0.0,0.0,0.0,0.0,0.0,0.0,0.0,0.0,0.0,0.0,0.0,0.0,0.0,0.0,0.0,0.0,0.0,4593.2,4593.2,5170.8,5170.8,0.0,0.0,0.0,0.0,0.0,411.1,0.0,0.0,0.0,0.0,0.0,0.0,0.0,4738.3,21.5,0.0
2050-06-03 12:00:00,2050-06-03 10:00:00,2160.0,2821.5,0.0,0.0,4981.5,2082.1,0.0,0.0,0.0,0.036,0.0565,upv,upv,0.0,0.0,0.0,0.0,0.0,0.0,0.0,0.0,0.0,0.0,0.0,0.0,0.0,0.0,0.0,0.0,0.0,0.0,140.5,2.7,0.27,16.6,1059.6,0.06,140.7,48.2,188.9,0.0,0.0,0.0,0.0,0.0,0.0,0.0,0.0,0.0,0.0,0.0,0.0,0.0,0.0,0.0,0.0,0.0,0.0,4880.8,4880.8,4981.5,4981.5,0.0,0.0,0.0,0.0,0.0,415.0,0.0,0.0,0.0,0.0,0.0,0.0,0.0,4541.1,25.4,0.0
2050-06-03 13:00:00,2050-06-03 11:00:00,2371.6,3791.8,0.0,0.0,6163.4,2281.2,0.0,0.0,0.0,0.0381,0.062,upv,upv,0.0,0.0,0.0,0.0,0.0,0.0,0.0,0.0,0.0,0.0,0.0,0.0,0.0,0.0,0.0,0.0,0.0,0.0,140.9,2.7,0.27,16.6,1061.9,0.06,141.0,48.3,189.3,0.0,0.0,0.0,0.0,0.0,0.0,0.0,0.0,0.0,0.0,0.0,0.0,0.0,0.0,0.0,0.0,0.0,0.0,3716.0,3716.0,6163.4,6163.4,0.0,0.0,0.0,0.0,0.0,415.4,0.0,0.0,0.0,0.0,0.0,0.0,0.0,5712.4,35.6,0.0
2050-06-03 14:00:00,2050-06-03 12:00:00,2500.0,3600.8,0.0,0.0,6100.8,2401.4,0.0,0.0,0.0,0.0394,0.0654,upv,upv,0.0,0.0,0.0,0.0,0.0,0.0,0.0,0.0,0.0,0.0,0.0,0.0,0.0,0.0,0.0,0.0,0.0,0.0,141.0,2.7,0.27,16.7,1063.3,0.06,141.2,48.4,189.6,0.0,0.0,0.0,0.0,0.0,0.0,0.0,0.0,0.0,0.0,0.0,0.0,0.0,0.0,0.0,0.0,0.0,0.0,3590.0,3590.0,6100.8,6100.8,0.0,0.0,0.0,0.0,0.0,406.4,0.0,0.0,0.0,0.0,0.0,0.0,0.0,5631.6,62.9,0.0
2050-06-03 15:00:00,2050-06-03 13:00:00,2636.8,3211.2,0.0,0.0,5848.0,2529.1,0.0,0.0,0.0,0.0409,0.069,upv,upv,0.0,0.0,0.0,0.0,0.0,0.0,0.0,0.0,0.0,0.0,0.0,0.0,0.0,0.0,0.0,0.0,0.0,0.0,141.3,2.7,0.27,16.7,1064.9,0.06,141.4,48.4,189.8,0.0,0.0,0.0,0.0,0.0,0.0,0.0,0.0,0.0,0.0,0.0,0.0,0.0,0.0,0.0,0.0,0.0,88.7,3631.6,3720.4,5848.0,5848.0,0.0,0.0,0.0,0.0,0.0,0.0,0.0,0.0,0.0,0.0,0.0,0.0,0.0,5848.0,0.0,0.0
2050-06-03 16:00:00,2050-06-03 14:00:00,2770.5,2617.9,0.0,0.0,5388.5,2653.3,0.0,0.0,0.0,0.0423,0.0725,upv,upv,0.0,0.0,0.0,0.0,0.0,0.0,0.0,0.0,0.0,0.0,0.0,0.0,0.0,0.0,0.0,0.0,0.0,0.0,141.5,2.7,0.27,16.7,1066.5,0.06,141.6,48.5,190.1,0.0,0.0,0.0,0.0,0.0,0.0,0.0,0.0,0.0,0.0,0.0,0.0,0.0,0.0,0.0,0.0,0.0,0.0,3610.8,3610.8,5388.5,5388.5,0.0,0.0,0.0,0.0,0.0,375.0,0.0,0.0,0.0,0.0,0.0,0.0,0.0,4900.0,113.5,0.0
2050-06-03 17:00:00,2050-06-03 15:00:00,2894.7,3758.9,0.0,0.0,6653.6,2768.3,0.0,0.0,0.0,0.0437,0.0757,upv,upv,0.0,0.0,0.0,0.0,0.0,0.0,0.0,0.0,0.0,0.0,0.0,0.0,0.0,0.0,0.0,0.0,0.0,0.0,141.7,2.7,0.27,16.7,1068.0,0.06,141.8,48.6,190.4,0.0,0.0,0.0,0.0,0.0,0.0,0.0,0.0,0.0,0.0,0.0,0.0,0.0,0.0,0.0,0.0,0.0,0.0,1050.1,1050.1,6653.6,6653.6,0.0,0.0,0.0,0.0,0.0,319.6,0.0,0.0,0.0,0.0,0.0,0.0,0.0,6200.5,133.5,0.0
2050-06-03 18:00:00,2050-06-03 16:00:00,3035.8,3014.5,0.0,0.0,6050.3,2898.4,0.0,0.0,0.0,0.0452,0.0794,upv,upv,0.0,0.0,0.0,0.0,0.0,0.0,0.0,0.0,0.0,0.0,0.0,0.0,0.0,0.0,0.0,0.0,0.0,0.0,142.0,2.7,0.27,16.8,1070.3,0.06,142.1,48.7,190.8,0.0,0.0,0.0,0.0,0.0,0.0,0.0,0.0,0.0,0.0,0.0,0.0,0.0,0.0,0.0,0.0,0.0,0.0,220.0,220.0,6050.3,6050.3,0.0,0.0,0.0,0.0,0.0,258.2,0.0,0.0,0.0,0.0,0.0,0.0,0.0,5641.3,150.8,0.0
2050-06-03 19:00:00,2050-06-03 17:00:00,3115.8,0.0,0.0,8.4,3124.2,2972.0,-1293.7,0.0,1293.7,0.0462,0.0815,wind-ons,wind-ons,0.0,0.0,0.0,0.0,0.0,0.0,0.0,0.0,0.0,0.0,0.0,0.0,0.0,0.0,0.0,0.0,0.0,0.0,142.1,2.7,0.27,16.8,1071.0,0.06,142.2,48.7,190.9,0.0,0.0,0.0,0.0,0.0,0.0,0.0,0.0,0.0,0.0,0.0,0.0,0.0,0.0,0.0,0.0,0.0,0.0,0.0,0.0,4417.9,4417.9,0.0,0.0,0.0,0.0,0.0,178.0,0.0,0.0,0.0,0.0,0.0,0.0,0.0,4038.9,201.0,0.0
2050-06-03 20:00:00,2050-06-03 18:00:00,3095.8,0.0,0.0,16.5,3112.3,2953.6,1896.0,376.5,1640.0,0.0459,0.081,battery,gas-cc,0.0,0.0,0.0,0.0,0.0,0.0,0.0,0.0,0.0,0.0,0.0,0.0,0.0,0.0,0.0,0.0,0.0,0.0,142.7,2.7,0.27,16.9,1076.1,0.06,142.9,48.9,191.8,417.3,7.9,0.79,49.3,3148.9,0.18,417.7,143.2,560.9,28.92,0.0,0.0,28.92,31.47,0.0,0.0,31.47,0.0,0.0,0.0,4375.8,1216.2,3159.5,0.0,0.0,0.0,0.0,42.2,0.0,0.0,0.0,0.0,0.0,0.0,0.0,958.0,216.0,0.0
2050-06-03 21:00:00,2050-06-03 19:00:00,2969.5,0.0,0.0,12.9,2982.4,2837.3,2756.6,445.3,929.0,0.0445,0.0777,battery,gas-cc,0.0,0.0,0.0,0.0,0.0,0.0,0.0,0.0,0.0,0.0,0.0,0.0,0.0,0.0,0.0,0.0,0.0,0.0,143.1,2.7,0.27,16.9,1078.6,0.06,143.2,49.1,192.3,415.8,7.8,0.78,49.1,3137.6,0.18,416.2,142.7,558.9,28.92,0.0,0.0,28.92,31.36,0.0,0.0,31.36,0.0,0.0,0.0,3466.1,225.8,3240.3,0.0,0.0,0.0,0.0,0.0,0.0,0.0,0.0,0.0,0.0,0.0,0.0,0.0,225.8,0.0
2050-06-03 22:00:00,2050-06-03 20:00:00,2878.9,0.0,0.0,8.7,2887.7,2753.7,2680.5,0.0,1339.0,0.0435,0.0753,battery,gas-cc,0.0,0.0,0.0,0.0,0.0,0.0,0.0,0.0,0.0,0.0,0.0,0.0,0.0,0.0,0.0,0.0,0.0,0.0,142.9,2.7,0.27,16.9,1077.4,0.06,143.1,49.0,192.1,414.7,7.8,0.78,49.0,3129.6,0.18,415.2,142.3,557.5,28.92,0.0,0.0,28.92,31.28,0.0,0.0,31.28,0.0,0.0,0.0,4226.7,207.1,4019.6,0.0,0.0,0.0,0.0,0.0,0.0,0.0,0.0,0.0,0.0,0.0,0.0,0.0,207.1,0.0
2050-06-03 23:00:00,2050-06-03 21:00:00,2626.3,0.0,0.0,15.4,2641.7,2519.3,2460.0,304.3,1640.0,0.0408,0.0687,battery,gas-cc,0.0,0.0,0.0,0.0,0.0,0.0,0.0,0.0,0.0,0.0,0.0,0.0,0.0,0.0,0.0,0.0,0.0,0.0,142.4,2.7,0.27,16.8,1073.8,0.06,142.6,48.8,191.4,411.8,7.8,0.78,48.6,3107.4,0.18,412.2,141.3,553.5,28.92,0.0,0.0,28.92,31.05,0.0,0.0,31.05,0.0,0.0,0.0,3977.3,181.7,3795.7,0.0,0.0,0.0,0.0,0.0,0.0,0.0,0.0,0.0,0.0,0.0,0.0,0.0,181.7,0.0
2050-06-04 00:00:00,2050-06-03 22:00:00,2371.6,0.0,0.0,0.7,2372.3,2281.2,2198.1,46.5,0.0,0.0381,0.062,battery,gas-cc,0.0,0.0,0.0,0.0,0.0,0.0,0.0,0.0,0.0,0.0,0.0,0.0,0.0,0.0,0.0,0.0,0.0,0.0,141.7,2.7,0.27,16.7,1068.0,0.06,141.8,48.6,190.4,398.7,7.5,0.75,47.1,3008.8,0.17,399.1,136.8,536.0,35.54,0.0,0.0,35.54,37.89,0.0,0.0,37.89,0.0,0.0,0.0,2325.8,174.2,2151.6,0.0,0.0,0.0,0.0,0.0,0.0,0.0,0.0,0.0,0.0,0.0,0.0,0.0,174.2,0.0
2050-06-04 01:00:00,2050-06-03 23:00:00,2147.4,0.0,0.0,0.0,2147.4,2070.2,1969.4,0.0,0.0,0.0359,0.0562,battery,gas-cc,0.0,0.0,0.0,0.0,0.0,0.0,0.0,0.0,0.0,0.0,0.0,0.0,0.0,0.0,0.0,0.0,0.0,0.0,141.5,2.7,0.27,16.7,1066.8,0.06,141.7,48.5,190.2,410.0,7.7,0.77,48.4,3093.9,0.18,410.4,140.7,551.1,35.54,0.0,0.0,35.54,37.66,0.0,0.0,37.66,0.0,0.0,0.0,2147.4,178.0,1969.4,0.0,0.0,0.0,0.0,0.0,0.0,0.0,0.0,0.0,0.0,0.0,0.0,0.0,178.0,0.0
2050-06-04 02:00:00,2050-06-04 00:00:00,1878.9,0.0,0.0,0.0,1878.9,1815.9,1782.2,0.0,0.0,0.0335,0.0491,battery,gas-cc,0.0,0.0,0.0,0.0,0.0,0.0,0.0,0.0,0.0,0.0,0.0,0.0,0.0,0.0,0.0,0.0,0.0,0.0,141.2,2.7,0.27,16.7,1064.5,0.06,141.4,48.4,189.8,407.0,7.7,0.77,48.1,3071.0,0.18,407.4,139.6,547.0,35.54,0.0,0.0,35.54,37.38,0.0,0.0,37.38,0.0,0.0,0.0,1878.9,96.8,1782.2,0.0,0.0,0.0,0.0,0.0,0.0,0.0,0.0,0.0,0.0,0.0,0.0,0.0,96.8,0.0
2050-06-04 03:00:00,2050-06-04 01:00:00,1677.9,0.0,0.0,0.0,1677.9,1624.2,1636.2,0.0,0.0,0.032,0.0439,battery,gas-cc,0.0,0.0,0.0,0.0,0.0,0.0,0.0,0.0,0.0,0.0,0.0,0.0,0.0,0.0,0.0,0.0,0.0,0.0,141.1,2.7,0.27,16.7,1063.5,0.06,141.2,48.4,189.6,404.7,7.6,0.76,47.8,3054.1,0.18,405.2,138.9,544.0,35.54,0.0,0.0,35.54,37.17,0.0,0.0,37.17,0.0,0.0,0.0,1677.9,41.7,1636.2,0.0,0.0,0.0,0.0,0.0,0.0,0.0,0.0,0.0,0.0,0.0,0.0,0.0,41.7,0.0
2050-06-04 04:00:00,2050-06-04 02:00:00,1521.1,0.0,0.0,0.0,1521.1,1473.9,1486.5,0.0,0.0,0.031,0.0398,battery,gas-cc,0.0,0.0,0.0,0.0,0.0,0.0,0.0,0.0,0.0,0.0,0.0,0.0,0.0,0.0,0.0,0.0,0.0,0.0,141.0,2.7,0.27,16.7,1062.9,0.06,141.1,48.3,189.5,403.0,7.6,0.76,47.6,3041.1,0.17,403.4,138.3,541.7,35.54,0.0,0.0,35.54,37.01,0.0,0.0,37.01,0.0,0.0,0.0,1521.1,34.6,1486.5,0.0,0.0,0.0,0.0,0.0,0.0,0.0,0.0,0.0,0.0,0.0,0.0,0.0,34.6,0.0
2050-06-04 05:00:00,2050-06-04 03:00:00,1423.2,0.0,0.0,0.0,1423.2,1379.8,1402.0,0.0,0.0,0.0305,0.0372,battery,gas-cc,0.0,0.0,0.0,0.0,0.0,0.0,0.0,0.0,0.0,0.0,0.0,0.0,0.0,0.0,0.0,0.0,0.0,0.0,141.1,2.7,0.27,16.7,1063.6,0.06,141.2,48.4,189.6,401.9,7.6,0.76,47.5,3033.0,0.17,402.4,137.9,540.3,35.54,0.0,0.0,35.54,36.92,0.0,0.0,36.92,0.0,0.0,0.0,1423.2,21.1,1402.0,0.0,0.0,0.0,0.0,0.0,0.0,0.0,0.0,0.0,0.0,0.0,0.0,0.0,21.1,0.0
2050-06-04 06:00:00,2050-06-04 04:00:00,1329.5,0.0,0.0,2.0,1331.4,1289.5,1309.4,126.0,0.0,0.0301,0.0348,gas-cc,gas-cc,0.0,0.0,0.0,0.0,0.0,0.0,0.0,0.0,0.0,0.0,0.0,0.0,0.0,0.0,0.0,0.0,0.0,0.0,140.7,2.7,0.27,16.6,1060.5,0.06,140.8,48.2,189.1,364.5,6.9,0.69,43.1,2750.3,0.16,364.9,125.1,489.9,35.54,0.0,0.0,35.54,36.82,0.0,0.0,36.82,0.0,0.0,0.0,1205.4,22.0,1183.4,0.0,0.0,0.0,0.0,0.0,0.0,0.0,0.0,0.0,0.0,0.0,0.0,0.0,22.0,0.0
2050-06-04 07:00:00,2050-06-04 05:00:00,1263.2,0.0,0.0,1.2,1264.4,1225.4,-187.9,0.0,187.9,0.0299,0.033,wind-ons,wind-ons,0.0,0.0,0.0,0.0,0.0,0.0,0.0,0.0,0.0,0.0,0.0,0.0,0.0,0.0,0.0,0.0,0.0,0.0,139.7,2.6,0.26,16.5,1052.8,0.06,139.8,47.9,187.7,0.0,0.0,0.0,0.0,0.0,0.0,0.0,0.0,0.0,0.06,0.0,0.0,0.06,0.06,0.0,0.0,0.06,0.0,0.0,0.0,1452.3,1452.3,0.0,0.0,0.0,0.0,0.0,60.3,0.0,0.0,0.0,0.0,0.0,0.0,0.0,1368.4,23.6,0.0
2050-06-04 08:00:00,2050-06-04 06:00:00,1291.6,2595.8,0.0,0.0,3887.3,1252.9,0.0,0.0,0.0,0.0299,0.0338,upv,upv,0.0,0.0,0.0,0.0,0.0,0.0,0.0,0.0,0.0,0.0,0.0,0.0,0.0,0.0,0.0,0.0,0.0,0.0,139.7,2.6,0.26,16.5,1052.9,0.06,139.8,47.9,187.7,0.0,0.0,0.0,0.0,0.0,0.0,0.0,0.0,0.0,0.0,0.0,0.0,0.0,0.0,0.0,0.0,0.0,12.8,1473.2,1486.0,3887.3,3887.3,0.0,0.0,0.0,0.0,0.0,0.0,0.0,0.0,0.0,0.0,0.0,0.0,0.0,3887.3,0.0,0.0
2050-06-04 09:00:00,2050-06-04 07:00:00,1409.5,2130.9,0.0,0.0,3540.4,1366.6,0.0,0.0,0.0,0.0304,0.0369,upv,upv,0.0,0.0,0.0,0.0,0.0,0.0,0.0,0.0,0.0,0.0,0.0,0.0,0.0,0.0,0.0,0.0,0.0,0.0,139.7,2.6,0.26,16.5,1053.4,0.06,139.9,47.9,187.8,0.0,0.0,0.0,0.0,0.0,0.0,0.0,0.0,0.0,0.0,0.0,0.0,0.0,0.0,0.0,0.0,0.0,11.8,4846.2,4858.1,3540.4,3540.4,0.0,0.0,0.0,0.0,0.0,354.0,0.0,0.0,0.0,0.0,0.0,0.0,0.0,3186.3,0.0,0.0
2050-06-04 10:00:00,2050-06-04 08:00:00,1601.1,2431.9,0.0,0.0,4033.0,1550.7,0.0,0.0,0.0,0.0315,0.0419,upv,upv,0.0,0.0,0.0,0.0,0.0,0.0,0.0,0.0,0.0,0.0,0.0,0.0,0.0,0.0,0.0,0.0,0.0,0.0,139.9,2.6,0.26,16.5,1054.6,0.06,140.0,48.0,188.0,0.0,0.0,0.0,0.0,0.0,0.0,0.0,0.0,0.0,0.0,0.0,0.0,0.0,0.0,0.0,0.0,0.0,0.0,5281.3,5281.3,4033.0,4033.0,0.0,0.0,0.0,0.0,0.0,392.3,0.0,0.0,0.0,0.0,0.0,0.0,0.0,3623.6,17.0,0.0
2050-06-04 11:00:00,2050-06-04 09:00:00,1809.5,3600.8,0.0,0.0,5410.3,1749.8,0.0,0.0,0.0,0.033,0.0473,upv,upv,0.0,0.0,0.0,0.0,0.0,0.0,0.0,0.0,0.0,0.0,0.0,0.0,0.0,0.0,0.0,0.0,0.0,0.0,140.1,2.6,0.27,16.6,1056.2,0.06,140.3,48.0,188.3,0.0,0.0,0.0,0.0,0.0,0.0,0.0,0.0,0.0,0.0,0.0,0.0,0.0,0.0,0.0,0.0,0.0,0.0,4000.8,4000.8,5410.3,5410.3,0.0,0.0,0.0,0.0,0.0,396.3,0.0,0.0,0.0,0.0,0.0,0.0,0.0,4988.2,25.9,0.0
2050-06-04 12:00:00,2050-06-04 10:00:00,2044.2,3629.9,0.0,0.0,5674.1,1972.7,0.0,0.0,0.0,0.035,0.0535,upv,upv,0.0,0.0,0.0,0.0,0.0,0.0,0.0,0.0,0.0,0.0,0.0,0.0,0.0,0.0,0.0,0.0,0.0,0.0,140.4,2.6,0.27,16.6,1058.4,0.06,140.5,48.1,188.7,0.0,0.0,0.0,0.0,0.0,0.0,0.0,0.0,0.0,0.0,0.0,0.0,0.0,0.0,0.0,0.0,0.0,0.0,3483.4,3483.4,5674.1,5674.1,0.0,0.0,0.0,0.0,0.0,384.7,0.0,0.0,0.0,0.0,0.0,0.0,0.0,5247.1,42.4,0.0
2050-06-04 13:00:00,2050-06-04 11:00:00,2204.2,3629.9,0.0,0.0,5834.1,2123.8,-0.0,0.0,0.0,0.0365,0.0576,upv,upv,0.0,0.0,0.0,0.0,0.0,0.0,0.0,0.0,0.0,0.0,0.0,0.0,0.0,0.0,0.0,0.0,0.0,0.0,140.6,2.7,0.27,16.6,1060.0,0.06,140.8,48.2,189.0,0.0,0.0,0.0,0.0,0.0,0.0,0.0,0.0,0.0,0.0,0.0,0.0,0.0,0.0,0.0,0.0,0.0,0.0,3425.5,3425.5,5834.1,5834.1,0.0,0.0,0.0,0.0,0.0,389.0,0.0,0.0,0.0,0.0,0.0,0.0,0.0,5402.0,43.1,0.0
2050-06-04 14:00:00,2050-06-04 12:00:00,2306.3,2784.7,0.0,0.0,5091.1,2219.9,0.0,0.0,0.0,0.0375,0.0603,upv,upv,0.0,0.0,0.0,0.0,0.0,0.0,0.0,0.0,0.0,0.0,0.0,0.0,0.0,0.0,0.0,0.0,0.0,0.0,140.8,2.7,0.27,16.6,1061.1,0.06,140.9,48.3,189.2,0.0,0.0,0.0,0.0,0.0,0.0,0.0,0.0,0.0,0.0,0.0,0.0,0.0,0.0,0.0,0.0,0.0,0.0,4500.7,4500.7,5091.1,5091.1,0.0,0.0,0.0,0.0,0.0,401.7,0.0,0.0,0.0,0.0,0.0,0.0,0.0,4611.1,78.3,0.0
2050-06-04 15:00:00,2050-06-04 13:00:00,2443.2,4019.6,0.0,0.0,6462.7,2348.2,0.0,0.0,0.0,0.0388,0.0639,upv,upv,0.0,0.0,0.0,0.0,0.0,0.0,0.0,0.0,0.0,0.0,0.0,0.0,0.0,0.0,0.0,0.0,0.0,0.0,141.0,2.7,0.27,16.7,1062.7,0.06,141.1,48.3,189.4,0.0,0.0,0.0,0.0,0.0,0.0,0.0,0.0,0.0,0.0,0.0,0.0,0.0,0.0,0.0,0.0,0.0,0.0,3065.1,3065.1,6462.7,6462.7,0.0,0.0,0.0,0.0,0.0,397.3,0.0,0.0,0.0,0.0,0.0,0.0,0.0,5956.2,109.2,0.0
2050-06-04 16:00:00,2050-06-04 14:00:00,2564.2,3792.8,0.0,0.0,6357.0,2461.4,0.0,0.0,0.0,0.0401,0.0671,upv,upv,0.0,0.0,0.0,0.0,0.0,0.0,0.0,0.0,0.0,0.0,0.0,0.0,0.0,0.0,0.0,0.0,0.0,0.0,141.1,2.7,0.27,16.7,1064.1,0.06,141.3,48.4,189.7,0.0,0.0,0.0,0.0,0.0,0.0,0.0,0.0,0.0,0.0,0.0,0.0,0.0,0.0,0.0,0.0,0.0,0.0,2933.1,2933.1,6357.0,6357.0,0.0,0.0,0.0,0.0,0.0,386.5,0.0,0.0,0.0,0.0,0.0,0.0,0.0,5836.1,134.4,0.0
2050-06-04 17:00:00,2050-06-04 15:00:00,2683.2,2456.1,0.0,0.0,5139.2,2572.2,0.0,0.0,0.0,0.0414,0.0702,upv,upv,0.0,0.0,0.0,0.0,0.0,0.0,0.0,0.0,0.0,0.0,0.0,0.0,0.0,0.0,0.0,0.0,0.0,0.0,141.3,2.7,0.27,16.7,1065.5,0.06,141.5,48.5,189.9,0.0,0.0,0.0,0.0,0.0,0.0,0.0,0.0,0.0,0.0,0.0,0.0,0.0,0.0,0.0,0.0,0.0,0.0,3796.0,3796.0,5139.2,5139.2,0.0,0.0,0.0,0.0,0.0,370.6,0.0,0.0,0.0,0.0,0.0,0.0,0.0,4611.4,157.2,0.0
2050-06-04 18:00:00,2050-06-04 16:00:00,2832.6,94.0,0.0,0.0,2926.6,2710.9,0.0,0.0,0.0,0.043,0.0741,upv,upv,0.0,0.0,0.0,0.0,0.0,0.0,0.0,0.0,0.0,0.0,0.0,0.0,0.0,0.0,0.0,0.0,0.0,0.0,141.6,2.7,0.27,16.7,1067.3,0.06,141.7,48.5,190.3,0.0,0.0,0.0,0.0,0.0,0.0,0.0,0.0,0.0,0.0,0.0,0.0,0.0,0.0,0.0,0.0,0.0,0.0,5332.7,5332.7,2926.6,2926.6,0.0,0.0,0.0,0.0,0.0,340.9,0.0,0.0,0.0,0.0,0.0,0.0,0.0,2402.6,183.2,0.0
2050-06-04 19:00:00,2050-06-04 17:00:00,2914.7,0.0,0.0,28.6,2943.4,2786.8,-2798.9,0.0,2798.9,0.0439,0.0762,upv,upv,0.0,0.0,0.0,0.0,0.0,0.0,0.0,0.0,0.0,0.0,0.0,0.0,0.0,0.0,0.0,0.0,0.0,0.0,143.9,2.7,0.27,17.0,1084.8,0.06,144.0,49.3,193.4,0.0,0.0,0.0,0.0,0.0,0.0,0.0,0.0,0.0,4.49,0.0,0.0,4.49,4.86,0.0,0.0,4.86,0.0,0.0,0.0,5742.3,5742.3,0.0,0.0,0.0,0.0,0.0,234.4,0.0,0.0,0.0,0.0,0.0,0.0,0.0,5318.4,189.5,0.0
2050-06-04 20:00:00,2050-06-04 18:00:00,2912.6,0.0,0.0,6.0,2918.6,2784.8,1513.0,0.0,918.9,0.0439,0.0762,battery,gas-cc,0.0,0.0,0.0,0.0,0.0,0.0,0.0,0.0,0.0,0.0,0.0,0.0,0.0,0.0,0.0,0.0,0.0,0.0,142.6,2.7,0.27,16.8,1074.8,0.06,142.7,48.9,191.6,436.9,8.2,0.82,51.6,3297.1,0.19,437.4,149.9,587.3,38.37,0.0,0.0,38.37,41.54,0.0,0.0,41.54,0.0,0.0,0.0,3837.5,1405.6,2431.9,0.0,0.0,0.0,0.0,52.1,0.0,0.0,0.0,0.0,0.0,0.0,0.0,1183.4,170.1,0.0
2050-06-04 21:00:00,2050-06-04 19:00:00,2798.9,0.0,0.0,8.9,2807.8,2679.7,2628.3,0.0,1362.2,0.0426,0.0732,battery,gas-cc,0.0,0.0,0.0,0.0,0.0,0.0,0.0,0.0,0.0,0.0,0.0,0.0,0.0,0.0,0.0,0.0,0.0,0.0,142.8,2.7,0.27,16.9,1076.4,0.06,142.9,49.0,191.9,492.9,9.3,0.93,58.2,3719.4,0.21,493.4,169.1,662.5,38.37,0.0,0.0,38.37,41.4,0.0,0.0,41.4,0.0,0.0,0.0,4170.0,179.5,3990.5,0.0,0.0,0.0,0.0,0.0,0.0,0.0,0.0,0.0,0.0,0.0,0.0,0.0,179.5,0.0
2050-06-04 22:00:00,2050-06-04 20:00:00,2755.8,0.0,0.0,9.1,2764.9,2639.6,2625.1,0.0,1394.5,0.0422,0.0721,battery,gas-cc,0.0,0.0,0.0,0.0,0.0,0.0,0.0,0.0,0.0,0.0,0.0,0.0,0.0,0.0,0.0,0.0,0.0,0.0,142.7,2.7,0.27,16.9,1075.7,0.06,142.8,48.9,191.8,492.3,9.3,0.93,58.2,3714.9,0.21,492.8,168.9,661.7,38.37,0.0,0.0,38.37,41.35,0.0,0.0,41.35,0.0,0.0,0.0,4159.4,139.8,4019.6,0.0,0.0,0.0,0.0,0.0,0.0,0.0,0.0,0.0,0.0,0.0,0.0,0.0,139.8,0.0
2050-06-04 23:00:00,2050-06-04 21:00:00,2528.4,0.0,0.0,3.1,2531.5,2428.0,2375.7,0.0,475.0,0.0397,0.0661,battery,gas-cc,0.0,0.0,0.0,0.0,0.0,0.0,0.0,0.0,0.0,0.0,0.0,0.0,0.0,0.0,0.0,0.0,0.0,0.0,142.3,2.7,0.27,16.8,1072.8,0.06,142.4,48.8,191.2,489.1,9.2,0.92,57.8,3691.2,0.21,489.7,167.8,657.5,38.37,0.0,0.0,38.37,41.09,0.0,0.0,41.09,0.0,0.0,0.0,3006.5,155.8,2850.6,0.0,0.0,0.0,0.0,0.0,0.0,0.0,0.0,0.0,0.0,0.0,0.0,0.0,155.8,0.0
2050-06-05 00:00:00,2050-06-04 22:00:00,2278.9,0.0,0.0,4.4,2283.4,2194.2,2169.1,0.0,681.5,0.0372,0.0596,battery,gas-cc,0.0,0.0,0.0,0.0,0.0,0.0,0.0,0.0,0.0,0.0,0.0,0.0,0.0,0.0,0.0,0.0,0.0,0.0,141.7,2.7,0.27,16.7,1068.3,0.06,141.9,48.6,190.5,381.3,7.2,0.72,45.0,2877.5,0.17,381.7,130.8,512.6,39.73,0.0,0.0,39.73,42.24,0.0,0.0,42.24,0.0,0.0,0.0,2964.9,114.3,2850.6,0.0,0.0,0.0,0.0,0.0,0.0,0.0,0.0,0.0,0.0,0.0,0.0,0.0,114.3,0.0
2050-06-05 01:00:00,2050-06-04 23:00:00,2046.3,0.0,0.0,7.3,2053.6,1974.7,1964.6,0.0,1122.7,0.035,0.0535,battery,gas-cc,0.0,0.0,0.0,0.0,0.0,0.0,0.0,0.0,0.0,0.0,0.0,0.0,0.0,0.0,0.0,0.0,0.0,0.0,141.6,2.7,0.27,16.7,1067.8,0.06,141.8,48.6,190.4,420.4,7.9,0.79,49.7,3172.8,0.18,420.9,144.3,565.2,39.73,0.0,0.0,39.73,41.97,0.0,0.0,41.97,0.0,0.0,0.0,3176.3,89.0,3087.4,0.0,0.0,0.0,0.0,0.0,0.0,0.0,0.0,0.0,0.0,0.0,0.0,0.0,89.0,0.0
2050-06-05 02:00:00,2050-06-05 00:00:00,1773.7,0.0,0.0,0.0,1773.7,1715.7,1682.5,0.0,0.0,0.0327,0.0464,battery,gas-cc,0.0,0.0,0.0,0.0,0.0,0.0,0.0,0.0,0.0,0.0,0.0,0.0,0.0,0.0,0.0,0.0,0.0,0.0,141.3,2.7,0.27,16.7,1065.0,0.06,141.4,48.4,189.9,457.0,8.6,0.86,54.0,3448.4,0.2,457.5,156.8,614.3,39.73,0.0,0.0,39.73,41.66,0.0,0.0,41.66,0.0,0.0,0.0,1773.7,91.2,1682.5,0.0,0.0,0.0,0.0,0.0,0.0,0.0,0.0,0.0,0.0,0.0,0.0,0.0,91.2,0.0
2050-06-05 03:00:00,2050-06-05 01:00:00,1605.3,0.0,0.0,0.0,1605.3,1554.7,1524.6,0.0,0.0,0.0315,0.042,battery,gas-cc,0.0,0.0,0.0,0.0,0.0,0.0,0.0,0.0,0.0,0.0,0.0,0.0,0.0,0.0,0.0,0.0,0.0,0.0,140.9,2.7,0.27,16.6,1062.4,0.06,141.1,48.3,189.4,454.9,8.6,0.86,53.7,3432.5,0.2,455.4,156.1,611.4,39.73,0.0,0.0,39.73,41.47,0.0,0.0,41.47,0.0,0.0,0.0,1605.3,80.7,1524.6,0.0,0.0,0.0,0.0,0.0,0.0,0.0,0.0,0.0,0.0,0.0,0.0,0.0,80.7,0.0
2050-06-05 04:00:00,2050-06-05 02:00:00,1492.6,0.0,0.0,0.0,1492.6,1446.6,1416.6,0.0,0.0,0.0308,0.039,battery,gas-cc,0.0,0.0,0.0,0.0,0.0,0.0,0.0,0.0,0.0,0.0,0.0,0.0,0.0,0.0,0.0,0.0,0.0,0.0,140.7,2.7,0.27,16.6,1061.0,0.06,140.9,48.3,189.2,453.5,8.5,0.85,53.6,3422.0,0.2,454.0,155.6,609.6,39.73,0.0,0.0,39.73,41.34,0.0,0.0,41.34,0.0,0.0,0.0,1492.6,76.0,1416.6,0.0,0.0,0.0,0.0,0.0,0.0,0.0,0.0,0.0,0.0,0.0,0.0,0.0,76.0,0.0
2050-06-05 05:00:00,2050-06-05 03:00:00,1402.1,0.0,0.0,0.0,1402.1,1359.5,1339.2,0.0,0.0,0.0304,0.0367,battery,gas-cc,0.0,0.0,0.0,0.0,0.0,0.0,0.0,0.0,0.0,0.0,0.0,0.0,0.0,0.0,0.0,0.0,0.0,0.0,140.6,2.7,0.27,16.6,1060.1,0.06,140.8,48.2,189.0,452.4,8.5,0.85,53.4,3413.6,0.2,452.8,155.2,608.1,39.73,0.0,0.0,39.73,41.24,0.0,0.0,41.24,0.0,0.0,0.0,1402.1,62.9,1339.2,0.0,0.0,0.0,0.0,0.0,0.0,0.0,0.0,0.0,0.0,0.0,0.0,0.0,62.9,0.0
2050-06-05 06:00:00,2050-06-05 04:00:00,1371.6,0.0,0.0,0.0,1371.6,1330.1,1298.0,0.0,0.0,0.0302,0.0359,battery,gas-cc,0.0,0.0,0.0,0.0,0.0,0.0,0.0,0.0,0.0,0.0,0.0,0.0,0.0,0.0,0.0,0.0,0.0,0.0,140.6,2.7,0.27,16.6,1059.9,0.06,140.7,48.2,188.9,452.0,8.5,0.85,53.4,3410.8,0.2,452.5,155.1,607.6,39.43,0.0,0.0,39.43,40.9,0.0,0.0,40.9,0.0,0.0,0.0,1371.6,73.6,1298.0,0.0,0.0,0.0,0.0,0.0,0.0,0.0,0.0,0.0,0.0,0.0,0.0,0.0,73.6,0.0
2050-06-05 07:00:00,2050-06-05 05:00:00,1363.2,0.0,0.0,6.9,1370.1,1322.0,-1067.0,0.0,1067.0,0.0302,0.0356,battery,gas-cc,0.0,0.0,0.0,0.0,0.0,0.0,0.0,0.0,0.0,0.0,0.0,0.0,0.0,0.0,0.0,0.0,0.0,0.0,140.8,2.7,0.27,16.6,1061.3,0.06,140.9,48.3,189.2,371.9,7.0,0.7,43.9,2806.0,0.16,372.3,127.6,499.8,21.58,0.0,0.0,21.58,22.38,0.0,0.0,22.38,0.0,0.0,0.0,2437.1,2437.1,0.0,0.0,0.0,0.0,0.0,100.4,0.0,0.0,0.0,0.0,0.0,0.0,0.0,2279.6,57.1,0.0
2050-06-05 08:00:00,2050-06-05 06:00:00,1507.4,0.0,0.0,0.0,1507.4,1460.8,0.0,0.0,0.0,0.0309,0.0394,upv,upv,0.0,0.0,0.0,0.0,0.0,0.0,0.0,0.0,0.0,0.0,0.0,0.0,0.0,0.0,0.0,0.0,0.0,0.0,139.8,2.6,0.26,16.5,1053.9,0.06,140.0,47.9,187.9,0.0,0.0,0.0,0.0,0.0,0.0,0.0,0.0,0.0,0.0,0.0,0.0,0.0,0.0,0.0,0.0,0.0,0.0,6718.5,6718.5,1507.4,1507.4,0.0,0.0,0.0,0.0,0.0,345.7,0.0,0.0,0.0,0.0,0.0,0.0,0.0,1126.6,35.0,0.0
2050-06-05 09:00:00,2050-06-05 07:00:00,1704.2,1638.5,0.0,0.0,3342.8,1649.4,0.0,0.0,0.0,0.0322,0.0446,upv,upv,0.0,0.0,0.0,0.0,0.0,0.0,0.0,0.0,0.0,0.0,0.0,0.0,0.0,0.0,0.0,0.0,0.0,0.0,140.7,2.7,0.27,16.6,1061.0,0.06,140.9,48.3,189.2,0.0,0.0,0.0,0.0,0.0,0.0,0.0,0.0,0.0,0.0,0.0,0.0,0.0,0.0,0.0,0.0,0.0,0.0,6990.7,6990.7,3342.8,3342.8,0.0,0.0,0.0,0.0,0.0,435.2,0.0,0.0,0.0,0.0,0.0,0.0,0.0,2883.6,24.0,0.0
2050-06-05 10:00:00,2050-06-05 08:00:00,1948.4,3629.9,0.0,0.0,5578.3,1881.9,0.0,0.0,0.0,0.0341,0.051,upv,upv,0.0,0.0,0.0,0.0,0.0,0.0,0.0,0.0,0.0,0.0,0.0,0.0,0.0,0.0,0.0,0.0,0.0,0.0,140.3,2.6,0.27,16.6,1057.5,0.06,140.4,48.1,188.5,0.0,0.0,0.0,0.0,0.0,0.0,0.0,0.0,0.0,0.0,0.0,0.0,0.0,0.0,0.0,0.0,0.0,28.4,4731.2,4759.6,5578.3,5578.3,0.0,0.0,0.0,0.0,0.0,0.0,0.0,0.0,0.0,0.0,0.0,0.0,0.0,5578.3,0.0,0.0
2050-06-05 11:00:00,2050-06-05 09:00:00,2105.3,3990.5,0.0,0.0,6095.8,2030.5,0.0,0.0,0.0,0.0355,0.0551,upv,upv,0.0,0.0,0.0,0.0,0.0,0.0,0.0,0.0,0.0,0.0,0.0,0.0,0.0,0.0,0.0,0.0,0.0,0.0,140.5,2.7,0.27,16.6,1059.0,0.06,140.6,48.2,188.8,0.0,0.0,0.0,0.0,0.0,0.0,0.0,0.0,0.0,0.0,0.0,0.0,0.0,0.0,0.0,0.0,0.0,0.0,4247.1,4247.1,6095.8,6095.8,0.0,0.0,0.0,0.0,0.0,435.2,0.0,0.0,0.0,0.0,0.0,0.0,0.0,5627.2,33.3,0.0
2050-06-05 12:00:00,2050-06-05 10:00:00,2198.9,2461.0,0.0,0.0,4659.9,2118.9,0.0,0.0,0.0,0.0364,0.0575,upv,upv,0.0,0.0,0.0,0.0,0.0,0.0,0.0,0.0,0.0,0.0,0.0,0.0,0.0,0.0,0.0,0.0,0.0,0.0,140.6,2.7,0.27,16.6,1060.0,0.06,140.8,48.2,189.0,0.0,0.0,0.0,0.0,0.0,0.0,0.0,0.0,0.0,0.0,0.0,0.0,0.0,0.0,0.0,0.0,0.0,0.0,5687.8,5687.8,4659.9,4659.9,0.0,0.0,0.0,0.0,0.0,435.2,0.0,0.0,0.0,0.0,0.0,0.0,0.0,4186.5,38.2,0.0
2050-06-05 13:00:00,2050-06-05 11:00:00,2286.3,3990.5,0.0,0.0,6276.8,2201.1,0.0,0.0,0.0,0.0373,0.0598,upv,upv,0.0,0.0,0.0,0.0,0.0,0.0,0.0,0.0,0.0,0.0,0.0,0.0,0.0,0.0,0.0,0.0,0.0,0.0,140.7,2.7,0.27,16.6,1060.9,0.06,140.9,48.3,189.1,0.0,0.0,0.0,0.0,0.0,0.0,0.0,0.0,0.0,0.0,0.0,0.0,0.0,0.0,0.0,0.0,0.0,0.0,4083.8,4083.8,6276.8,6276.8,0.0,0.0,0.0,0.0,0.0,435.2,0.0,0.0,0.0,0.0,0.0,0.0,0.0,5790.5,51.1,0.0
2050-06-05 14:00:00,2050-06-05 12:00:00,2306.3,2821.5,0.0,0.0,5127.9,2219.9,-0.0,0.0,0.0,0.0375,0.0603,upv,upv,0.0,0.0,0.0,0.0,0.0,0.0,0.0,0.0,0.0,0.0,0.0,0.0,0.0,0.0,0.0,0.0,0.0,0.0,140.8,2.7,0.27,16.6,1061.3,0.06,140.9,48.3,189.2,0.0,0.0,0.0,0.0,0.0,0.0,0.0,0.0,0.0,0.0,0.0,0.0,0.0,0.0,0.0,0.0,0.0,0.0,5244.7,5244.7,5127.9,5127.9,0.0,0.0,0.0,0.0,0.0,435.2,0.0,0.0,0.0,0.0,0.0,0.0,0.0,4629.6,63.0,0.0
2050-06-05 15:00:00,2050-06-05 13:00:00,2407.4,2845.7,0.0,0.0,5253.1,2314.7,0.0,0.0,0.0,0.0385,0.063,upv,upv,0.0,0.0,0.0,0.0,0.0,0.0,0.0,0.0,0.0,0.0,0.0,0.0,0.0,0.0,0.0,0.0,0.0,0.0,141.1,2.7,0.27,16.7,1063.7,0.06,141.2,48.4,189.6,0.0,0.0,0.0,0.0,0.0,0.0,0.0,0.0,0.0,0.0,0.0,0.0,0.0,0.0,0.0,0.0,0.0,0.0,5136.7,5136.7,5253.1,5253.1,0.0,0.0,0.0,0.0,0.0,435.2,0.0,0.0,0.0,0.0,0.0,0.0,0.0,4737.6,80.2,0.0
2050-06-05 16:00:00,2050-06-05 14:00:00,2515.8,3629.9,0.0,0.0,6145.7,2416.2,0.0,0.0,0.0,0.0396,0.0658,upv,upv,0.0,0.0,0.0,0.0,0.0,0.0,0.0,0.0,0.0,0.0,0.0,0.0,0.0,0.0,0.0,0.0,0.0,0.0,141.1,2.7,0.27,16.7,1063.5,0.06,141.2,48.4,189.6,0.0,0.0,0.0,0.0,0.0,0.0,0.0,0.0,0.0,0.0,0.0,0.0,0.0,0.0,0.0,0.0,0.0,0.0,4261.6,4261.6,6145.7,6145.7,0.0,0.0,0.0,0.0,0.0,435.2,0.0,0.0,0.0,0.0,0.0,0.0,0.0,5612.7,97.7,0.0
2050-06-05 17:00:00,2050-06-05 15:00:00,2683.2,3403.2,0.0,0.0,6086.3,2572.2,0.0,0.0,0.0,0.0414,0.0702,upv,upv,0.0,0.0,0.0,0.0,0.0,0.0,0.0,0.0,0.0,0.0,0.0,0.0,0.0,0.0,0.0,0.0,0.0,0.0,143.0,2.7,0.27,16.9,1078.4,0.06,143.2,49.1,192.2,0.0,0.0,0.0,0.0,0.0,0.0,0.0,0.0,0.0,0.0,0.0,0.0,0.0,0.0,0.0,0.0,0.0,0.0,4341.4,4341.4,6086.3,6086.3,0.0,0.0,0.0,0.0,0.0,435.2,0.0,0.0,0.0,0.0,0.0,0.0,0.0,5532.9,118.2,0.0
2050-06-05 18:00:00,2050-06-05 16:00:00,2825.3,2755.7,0.0,0.0,5580.9,2704.0,0.0,0.0,0.0,0.0429,0.0739,upv,upv,0.0,0.0,0.0,0.0,0.0,0.0,0.0,0.0,0.0,0.0,0.0,0.0,0.0,0.0,0.0,0.0,0.0,0.0,155.5,2.9,0.29,18.4,1172.4,0.07,155.7,53.3,209.0,0.0,0.0,0.0,0.0,0.0,0.0,0.0,0.0,0.0,0.0,0.0,0.0,0.0,0.0,0.0,0.0,0.0,0.0,4743.7,4743.7,5580.9,5580.9,0.0,0.0,0.0,0.0,0.0,430.2,0.0,0.0,0.0,0.0,0.0,0.0,0.0,5020.7,130.0,0.0
2050-06-05 19:00:00,2050-06-05 17:00:00,2966.3,0.0,0.0,0.0,2966.3,2834.4,-0.0,0.0,0.0,0.0445,0.0776,upv,upv,0.0,0.0,0.0,0.0,0.0,0.0,0.0,0.0,0.0,0.0,0.0,0.0,0.0,0.0,0.0,0.0,0.0,0.0,141.8,2.7,0.27,16.8,1068.9,0.06,141.9,48.6,190.6,0.0,0.0,0.0,0.0,0.0,0.0,0.0,0.0,0.0,0.0,0.0,0.0,0.0,0.0,0.0,0.0,0.0,0.0,4221.8,4221.8,2966.3,2966.3,0.0,0.0,0.0,0.0,0.0,297.2,0.0,0.0,0.0,0.0,0.0,0.0,0.0,2524.8,144.4,0.0
2050-06-05 20:00:00,2050-06-05 18:00:00,3054.7,0.0,0.0,0.0,3054.7,2915.9,1336.8,0.0,0.0,0.0455,0.0799,battery,gas-cc,0.0,0.0,0.0,0.0,0.0,0.0,0.0,0.0,0.0,0.0,0.0,0.0,0.0,0.0,0.0,0.0,0.0,0.0,142.7,2.7,0.27,16.9,1075.9,0.06,142.9,48.9,191.8,473.6,8.9,0.89,55.9,3573.9,0.21,474.1,162.5,636.6,36.4,0.0,0.0,36.4,39.56,0.0,0.0,39.56,0.0,0.0,0.0,3054.7,1717.9,1336.8,0.0,0.0,0.0,0.0,65.7,0.0,0.0,0.0,0.0,0.0,0.0,0.0,1490.4,161.9,0.0
2050-06-05 21:00:00,2050-06-05 19:00:00,3003.2,0.0,0.0,7.5,3010.6,2868.4,2844.2,0.0,1146.3,0.0449,0.0785,battery,gas-cc,0.0,0.0,0.0,0.0,0.0,0.0,0.0,0.0,0.0,0.0,0.0,0.0,0.0,0.0,0.0,0.0,0.0,0.0,143.1,2.7,0.27,16.9,1078.6,0.06,143.2,49.1,192.3,434.8,8.2,0.82,51.4,3280.9,0.19,435.2,149.2,584.4,36.4,0.0,0.0,36.4,39.5,0.0,0.0,39.5,0.0,0.0,0.0,4156.9,166.4,3990.5,0.0,0.0,0.0,0.0,0.0,0.0,0.0,0.0,0.0,0.0,0.0,0.0,0.0,166.4,0.0
2050-06-05 22:00:00,2050-06-05 20:00:00,2937.9,0.0,0.0,5.5,2943.4,2808.2,2789.3,0.0,840.6,0.0442,0.0768,battery,gas-cc,0.0,0.0,0.0,0.0,0.0,0.0,0.0,0.0,0.0,0.0,0.0,0.0,0.0,0.0,0.0,0.0,0.0,0.0,142.9,2.7,0.27,16.9,1077.3,0.06,143.0,49.0,192.1,434.0,8.2,0.82,51.3,3274.8,0.19,434.4,148.9,583.3,36.4,0.0,0.0,36.4,39.43,0.0,0.0,39.43,0.0,0.0,0.0,3784.0,154.1,3629.9,0.0,0.0,0.0,0.0,0.0,0.0,0.0,0.0,0.0,0.0,0.0,0.0,0.0,154.1,0.0
2050-06-05 23:00:00,2050-06-05 21:00:00,2698.9,0.0,0.0,6.6,2705.5,2586.8,2589.3,0.0,1011.6,0.0415,0.0706,battery,gas-cc,0.0,0.0,0.0,0.0,0.0,0.0,0.0,0.0,0.0,0.0,0.0,0.0,0.0,0.0,0.0,0.0,0.0,0.0,142.3,2.7,0.27,16.8,1073.0,0.06,142.5,48.8,191.3,431.1,8.1,0.81,50.9,3252.8,0.19,431.5,147.9,579.4,36.4,0.0,0.0,36.4,39.16,0.0,0.0,39.16,0.0,0.0,0.0,3717.1,116.3,3600.8,0.0,0.0,0.0,0.0,0.0,0.0,0.0,0.0,0.0,0.0,0.0,0.0,0.0,116.3,0.0
2050-06-06 00:00:00,2050-06-05 22:00:00,2409.5,0.0,0.0,2.6,2412.1,2316.7,2343.7,0.0,403.8,0.0385,0.063,battery,gas-cc,0.0,0.0,0.0,0.0,0.0,0.0,0.0,0.0,0.0,0.0,0.0,0.0,0.0,0.0,0.0,0.0,0.0,0.0,142.2,2.7,0.27,16.8,1071.8,0.06,142.3,48.8,191.1,375.4,7.1,0.71,44.4,2833.2,0.16,375.8,128.8,504.7,37.41,0.0,0.0,37.41,39.92,0.0,0.0,39.92,0.0,0.0,0.0,2815.9,68.4,2747.5,0.0,0.0,0.0,0.0,0.0,0.0,0.0,0.0,0.0,0.0,0.0,0.0,0.0,68.4,0.0
2050-06-06 01:00:00,2050-06-05 23:00:00,2154.7,0.0,0.0,0.0,2154.7,2077.2,2101.6,0.0,0.0,0.036,0.0563,battery,gas-cc,0.0,0.0,0.0,0.0,0.0,0.0,0.0,0.0,0.0,0.0,0.0,0.0,0.0,0.0,0.0,0.0,0.0,0.0,141.8,2.7,0.27,16.8,1069.1,0.06,142.0,48.6,190.6,432.5,8.2,0.82,51.1,3263.6,0.19,432.9,148.4,581.3,37.41,0.0,0.0,37.41,39.64,0.0,0.0,39.64,0.0,0.0,0.0,2154.7,53.2,2101.6,0.0,0.0,0.0,0.0,0.0,0.0,0.0,0.0,0.0,0.0,0.0,0.0,0.0,53.2,0.0
2050-06-06 02:00:00,2050-06-06 00:00:00,1904.2,0.0,0.0,0.0,1904.2,1839.9,1853.4,0.0,0.0,0.0338,0.0498,battery,gas-cc,0.0,0.0,0.0,0.0,0.0,0.0,0.0,0.0,0.0,0.0,0.0,0.0,0.0,0.0,0.0,0.0,0.0,0.0,141.5,2.7,0.27,16.7,1066.7,0.06,141.6,48.5,190.2,429.5,8.1,0.81,50.7,3241.0,0.19,430.0,147.4,577.3,37.41,0.0,0.0,37.41,39.37,0.0,0.0,39.37,0.0,0.0,0.0,1904.2,50.8,1853.4,0.0,0.0,0.0,0.0,0.0,0.0,0.0,0.0,0.0,0.0,0.0,0.0,0.0,50.8,0.0
2050-06-06 03:00:00,2050-06-06 01:00:00,1718.9,0.0,0.0,4.4,1723.4,1663.5,1683.1,0.0,683.9,0.0323,0.045,hydro,gas-cc,0.0,0.0,0.0,0.0,0.0,0.0,0.0,0.0,0.0,0.0,0.0,0.0,0.0,0.0,0.0,0.0,0.0,0.0,141.0,2.7,0.27,16.7,1063.3,0.06,141.2,48.4,189.6,368.3,6.9,0.69,43.5,2779.6,0.16,368.7,126.4,495.1,37.41,0.0,0.0,37.41,39.17,0.0,0.0,39.17,0.0,0.0,0.0,2407.3,40.3,2367.0,0.0,0.0,0.0,0.0,0.0,0.0,0.0,0.0,0.0,0.0,0.0,0.0,0.0,40.3,0.0
2050-06-06 04:00:00,2050-06-06 02:00:00,1572.6,0.0,0.0,0.0,1572.6,1523.4,1544.7,0.0,0.0,0.0313,0.0411,battery,gas-cc,0.0,0.0,0.0,0.0,0.0,0.0,0.0,0.0,0.0,0.0,0.0,0.0,0.0,0.0,0.0,0.0,0.0,0.0,141.2,2.7,0.27,16.7,1064.3,0.06,141.3,48.4,189.7,425.6,8.0,0.8,50.3,3211.7,0.18,426.1,146.0,572.1,37.41,0.0,0.0,37.41,39.01,0.0,0.0,39.01,0.0,0.0,0.0,1572.6,28.0,1544.7,0.0,0.0,0.0,0.0,0.0,0.0,0.0,0.0,0.0,0.0,0.0,0.0,0.0,28.0,0.0
2050-06-06 05:00:00,2050-06-06 03:00:00,1489.5,0.0,0.0,2.2,1491.7,1443.6,1470.0,0.0,339.4,0.0308,0.039,battery,gas-cc,0.0,0.0,0.0,0.0,0.0,0.0,0.0,0.0,0.0,0.0,0.0,0.0,0.0,0.0,0.0,0.0,0.0,0.0,141.1,2.7,0.27,16.7,1063.5,0.06,141.2,48.4,189.6,475.3,9.0,0.9,56.1,3586.9,0.21,475.8,163.1,638.9,37.41,0.0,0.0,37.41,38.92,0.0,0.0,38.92,0.0,0.0,0.0,1831.0,21.6,1809.4,0.0,0.0,0.0,0.0,0.0,0.0,0.0,0.0,0.0,0.0,0.0,0.0,0.0,21.6,0.0
2050-06-06 06:00:00,2050-06-06 04:00:00,1441.1,0.0,0.0,0.5,1441.6,1397.0,1432.1,0.0,77.8,0.0305,0.0377,battery,gas-cc,0.0,0.0,0.0,0.0,0.0,0.0,0.0,0.0,0.0,0.0,0.0,0.0,0.0,0.0,0.0,0.0,0.0,0.0,140.9,2.7,0.27,16.6,1062.4,0.06,141.1,48.3,189.4,365.6,6.9,0.69,43.2,2758.6,0.16,366.0,125.4,491.4,37.41,0.0,0.0,37.41,38.87,0.0,0.0,38.87,0.0,0.0,0.0,1519.3,9.5,1509.8,0.0,0.0,0.0,0.0,0.0,0.0,0.0,0.0,0.0,0.0,0.0,0.0,0.0,9.5,0.0
2050-06-06 07:00:00,2050-06-06 05:00:00,1425.3,0.0,0.0,5.7,1431.0,1381.8,-875.5,0.0,875.5,0.0305,0.0373,wind-ons,wind-ons,0.0,0.0,0.0,0.0,0.0,0.0,0.0,0.0,0.0,0.0,0.0,0.0,0.0,0.0,0.0,0.0,0.0,0.0,139.8,2.6,0.26,16.5,1054.2,0.06,140.0,48.0,187.9,0.0,0.0,0.0,0.0,0.0,0.0,0.0,0.0,0.0,4.82,0.0,0.0,4.82,5.01,0.0,0.0,5.01,0.0,0.0,0.0,2306.4,2306.4,0.0,0.0,0.0,0.0,0.0,97.3,0.0,0.0,0.0,0.0,0.0,0.0,0.0,2206.9,2.3,0.0
2050-06-06 08:00:00,2050-06-06 06:00:00,1533.7,779.3,0.0,0.0,2313.0,1486.1,0.0,0.0,0.0,0.031,0.0401,upv,upv,0.0,0.0,0.0,0.0,0.0,0.0,0.0,0.0,0.0,0.0,0.0,0.0,0.0,0.0,0.0,0.0,0.0,0.0,139.8,2.6,0.26,16.5,1054.1,0.06,140.0,47.9,187.9,0.0,0.0,0.0,0.0,0.0,0.0,0.0,0.0,0.0,0.0,0.0,0.0,0.0,0.0,0.0,0.0,0.0,2.5,5554.0,5556.5,2313.0,2313.0,0.0,0.0,0.0,0.0,0.0,332.0,0.0,0.0,0.0,0.0,0.0,0.0,0.0,1981.0,0.0,0.0
2050-06-06 09:00:00,2050-06-06 07:00:00,1745.3,1873.0,0.0,0.0,3618.3,1688.6,0.0,0.0,0.0,0.0325,0.0456,upv,upv,0.0,0.0,0.0,0.0,0.0,0.0,0.0,0.0,0.0,0.0,0.0,0.0,0.0,0.0,0.0,0.0,0.0,0.0,140.0,2.6,0.27,16.5,1055.7,0.06,140.2,48.0,188.2,0.0,0.0,0.0,0.0,0.0,0.0,0.0,0.0,0.0,0.0,0.0,0.0,0.0,0.0,0.0,0.0,0.0,0.8,6529.3,6530.1,3618.3,3618.3,0.0,0.0,0.0,0.0,0.0,0.0,0.0,0.0,0.0,0.0,0.0,0.0,0.0,3618.3,0.0,0.0
2050-06-06 10:00:00,2050-06-06 08:00:00,1984.2,2071.3,0.0,0.0,4055.5,1915.9,0.0,0.0,0.0,0.0344,0.0519,upv,upv,0.0,0.0,0.0,0.0,0.0,0.0,0.0,0.0,0.0,0.0,0.0,0.0,0.0,0.0,0.0,0.0,0.0,0.0,140.3,2.6,0.27,16.6,1057.8,0.06,140.5,48.1,188.6,0.0,0.0,0.0,0.0,0.0,0.0,0.0,0.0,0.0,0.0,0.0,0.0,0.0,0.0,0.0,0.0,0.0,0.7,6254.0,6254.7,4055.5,4055.5,0.0,0.0,0.0,0.0,0.0,435.2,0.0,0.0,0.0,0.0,0.0,0.0,0.0,3620.3,0.0,0.0
2050-06-06 11:00:00,2050-06-06 09:00:00,2126.3,2850.6,0.0,0.0,4976.9,2050.3,-0.0,0.0,0.0,0.0357,0.0556,upv,upv,0.0,0.0,0.0,0.0,0.0,0.0,0.0,0.0,0.0,0.0,0.0,0.0,0.0,0.0,0.0,0.0,0.0,0.0,140.5,2.7,0.27,16.6,1059.2,0.06,140.7,48.2,188.8,0.0,0.0,0.0,0.0,0.0,0.0,0.0,0.0,0.0,0.0,0.0,0.0,0.0,0.0,0.0,0.0,0.0,1.4,5332.6,5334.0,4976.9,4976.9,0.0,0.0,0.0,0.0,0.0,435.2,0.0,0.0,0.0,0.0,0.0,0.0,0.0,4541.7,0.0,0.0
2050-06-06 12:00:00,2050-06-06 10:00:00,2204.2,2850.6,0.0,0.0,5054.8,2123.8,-0.0,0.0,0.0,0.0365,0.0576,upv,upv,0.0,0.0,0.0,0.0,0.0,0.0,0.0,0.0,0.0,0.0,0.0,0.0,0.0,0.0,0.0,0.0,0.0,0.0,140.6,2.7,0.27,16.6,1060.0,0.06,140.8,48.2,189.0,0.0,0.0,0.0,0.0,0.0,0.0,0.0,0.0,0.0,0.0,0.0,0.0,0.0,0.0,0.0,0.0,0.0,8.5,5254.7,5263.2,5054.8,5054.8,0.0,0.0,0.0,0.0,0.0,435.2,0.0,0.0,0.0,0.0,0.0,0.0,0.0,4619.6,0.0,0.0
2050-06-06 13:00:00,2050-06-06 11:00:00,2268.4,3792.8,0.0,0.0,6061.2,2184.3,0.0,0.0,0.0,0.0371,0.0593,upv,upv,0.0,0.0,0.0,0.0,0.0,0.0,0.0,0.0,0.0,0.0,0.0,0.0,0.0,0.0,0.0,0.0,0.0,0.0,140.7,2.7,0.27,16.6,1060.7,0.06,140.9,48.3,189.1,0.0,0.0,0.0,0.0,0.0,0.0,0.0,0.0,0.0,0.0,0.0,0.0,0.0,0.0,0.0,0.0,0.0,0.0,4267.3,4267.3,6061.2,6061.2,0.0,0.0,0.0,0.0,0.0,435.2,0.0,0.0,0.0,0.0,0.0,0.0,0.0,5607.0,19.0,0.0
2050-06-06 14:00:00,2050-06-06 12:00:00,2278.9,3600.8,0.0,0.0,5879.8,2194.2,0.0,0.0,0.0,0.0372,0.0596,upv,upv,0.0,0.0,0.0,0.0,0.0,0.0,0.0,0.0,0.0,0.0,0.0,0.0,0.0,0.0,0.0,0.0,0.0,0.0,140.7,2.7,0.27,16.6,1060.8,0.06,140.9,48.3,189.1,0.0,0.0,0.0,0.0,0.0,0.0,0.0,0.0,0.0,0.0,0.0,0.0,0.0,0.0,0.0,0.0,0.0,0.0,4461.4,4461.4,5879.8,5879.8,0.0,0.0,0.0,0.0,0.0,435.2,0.0,0.0,0.0,0.0,0.0,0.0,0.0,5412.9,31.6,0.0
2050-06-06 15:00:00,2050-06-06 13:00:00,2384.2,3924.6,0.0,0.0,6308.8,2293.0,0.0,0.0,0.0,0.0382,0.0623,upv,upv,0.0,0.0,0.0,0.0,0.0,0.0,0.0,0.0,0.0,0.0,0.0,0.0,0.0,0.0,0.0,0.0,0.0,0.0,140.9,2.7,0.27,16.6,1062.0,0.06,141.0,48.3,189.3,0.0,0.0,0.0,0.0,0.0,0.0,0.0,0.0,0.0,0.0,0.0,0.0,0.0,0.0,0.0,0.0,0.0,0.0,4042.1,4042.1,6308.8,6308.8,0.0,0.0,0.0,0.0,0.0,435.2,0.0,0.0,0.0,0.0,0.0,0.0,0.0,5832.2,41.4,0.0
2050-06-06 16:00:00,2050-06-06 14:00:00,2476.8,2456.1,0.0,0.0,4932.9,2379.8,0.0,0.0,0.0,0.0392,0.0648,upv,upv,0.0,0.0,0.0,0.0,0.0,0.0,0.0,0.0,0.0,0.0,0.0,0.0,0.0,0.0,0.0,0.0,0.0,0.0,141.0,2.7,0.27,16.7,1063.0,0.06,141.2,48.4,189.5,0.0,0.0,0.0,0.0,0.0,0.0,0.0,0.0,0.0,0.0,0.0,0.0,0.0,0.0,0.0,0.0,0.0,0.0,5435.1,5435.1,4932.9,4932.9,0.0,0.0,0.0,0.0,0.0,435.2,0.0,0.0,0.0,0.0,0.0,0.0,0.0,4439.2,58.5,0.0
2050-06-06 17:00:00,2050-06-06 15:00:00,2601.1,3629.9,0.0,0.0,6231.0,2495.7,-0.0,0.0,0.0,0.0405,0.068,upv,upv,0.0,0.0,0.0,0.0,0.0,0.0,0.0,0.0,0.0,0.0,0.0,0.0,0.0,0.0,0.0,0.0,0.0,0.0,141.2,2.7,0.27,16.7,1064.5,0.06,141.4,48.4,189.8,0.0,0.0,0.0,0.0,0.0,0.0,0.0,0.0,0.0,0.0,0.0,0.0,0.0,0.0,0.0,0.0,0.0,0.0,4152.2,4152.2,6231.0,6231.0,0.0,0.0,0.0,0.0,0.0,435.2,0.0,0.0,0.0,0.0,0.0,0.0,0.0,5722.1,73.7,0.0
2050-06-06 18:00:00,2050-06-06 16:00:00,2775.8,1652.6,0.0,0.0,4428.4,2658.2,0.0,0.0,0.0,0.0424,0.0726,upv,upv,0.0,0.0,0.0,0.0,0.0,0.0,0.0,0.0,0.0,0.0,0.0,0.0,0.0,0.0,0.0,0.0,0.0,0.0,141.5,2.7,0.27,16.7,1066.6,0.06,141.6,48.5,190.1,0.0,0.0,0.0,0.0,0.0,0.0,0.0,0.0,0.0,0.0,0.0,0.0,0.0,0.0,0.0,0.0,0.0,0.0,5759.6,5759.6,4428.4,4428.4,0.0,0.0,0.0,0.0,0.0,425.8,0.0,0.0,0.0,0.0,0.0,0.0,0.0,3907.9,94.6,0.0
2050-06-06 19:00:00,2050-06-06 17:00:00,2909.5,1684.7,0.0,0.0,4594.2,2781.9,0.0,0.0,0.0,0.0438,0.0761,upv,upv,0.0,0.0,0.0,0.0,0.0,0.0,0.0,0.0,0.0,0.0,0.0,0.0,0.0,0.0,0.0,0.0,0.0,0.0,141.7,2.7,0.27,16.7,1068.2,0.06,141.8,48.6,190.4,0.0,0.0,0.0,0.0,0.0,0.0,0.0,0.0,0.0,0.0,0.0,0.0,0.0,0.0,0.0,0.0,0.0,0.0,2394.7,2394.7,4594.2,4594.2,0.0,0.0,0.0,0.0,0.0,291.1,0.0,0.0,0.0,0.0,0.0,0.0,0.0,4209.7,93.4,0.0
2050-06-06 20:00:00,2050-06-06 18:00:00,2980.0,0.0,0.0,0.0,2980.0,2847.0,1373.0,0.0,0.0,0.0446,0.0779,battery,gas-cc,0.0,0.0,0.0,0.0,0.0,0.0,0.0,0.0,0.0,0.0,0.0,0.0,0.0,0.0,0.0,0.0,0.0,0.0,142.7,2.7,0.27,16.9,1076.0,0.06,142.9,48.9,191.8,419.7,7.9,0.79,49.6,3166.9,0.18,420.1,144.0,564.1,34.82,0.0,0.0,34.82,37.77,0.0,0.0,37.77,0.0,0.0,0.0,2980.0,1607.0,1373.0,0.0,0.0,0.0,0.0,63.0,0.0,0.0,0.0,0.0,0.0,0.0,0.0,1429.0,115.0,0.0
2050-06-06 21:00:00,2050-06-06 19:00:00,2902.1,0.0,0.0,8.1,2910.2,2775.1,2748.9,0.0,1241.6,0.0438,0.0759,battery,gas-cc,0.0,0.0,0.0,0.0,0.0,0.0,0.0,0.0,0.0,0.0,0.0,0.0,0.0,0.0,0.0,0.0,0.0,0.0,142.9,2.7,0.27,16.9,1077.1,0.06,143.0,49.0,192.0,380.7,7.2,0.72,45.0,2872.7,0.17,381.1,130.6,511.7,34.82,0.0,0.0,34.82,37.68,0.0,0.0,37.68,0.0,0.0,0.0,4151.8,161.3,3990.5,0.0,0.0,0.0,0.0,0.0,0.0,0.0,0.0,0.0,0.0,0.0,0.0,0.0,161.3,0.0
2050-06-06 22:00:00,2050-06-06 20:00:00,2825.3,0.0,0.0,1.9,2827.2,2704.0,2660.8,0.0,290.7,0.0429,0.0739,battery,gas-cc,0.0,0.0,0.0,0.0,0.0,0.0,0.0,0.0,0.0,0.0,0.0,0.0,0.0,0.0,0.0,0.0,0.0,0.0,142.7,2.7,0.27,16.9,1076.1,0.06,142.9,48.9,191.8,379.9,7.2,0.72,44.9,2866.4,0.16,380.3,130.3,510.6,34.82,0.0,0.0,34.82,37.6,0.0,0.0,37.6,0.0,0.0,0.0,3117.8,166.4,2951.4,0.0,0.0,0.0,0.0,0.0,0.0,0.0,0.0,0.0,0.0,0.0,0.0,0.0,166.4,0.0
2050-06-06 23:00:00,2050-06-06 21:00:00,2585.3,0.0,0.0,1.1,2586.4,2481.0,2483.7,0.0,172.1,0.0403,0.0676,battery,gas-cc,0.0,0.0,0.0,0.0,0.0,0.0,0.0,0.0,0.0,0.0,0.0,0.0,0.0,0.0,0.0,0.0,0.0,0.0,142.5,2.7,0.27,16.8,1074.4,0.06,142.7,48.9,191.5,377.3,7.1,0.71,44.6,2847.1,0.16,377.7,129.5,507.2,34.82,0.0,0.0,34.82,37.35,0.0,0.0,37.35,0.0,0.0,0.0,2758.5,102.7,2655.8,0.0,0.0,0.0,0.0,0.0,0.0,0.0,0.0,0.0,0.0,0.0,0.0,0.0,102.7,0.0
2050-06-07 00:00:00,2050-06-06 22:00:00,2322.1,0.0,0.0,3.5,2325.6,2234.7,2263.4,0.0,438.1,0.0376,0.0607,battery,gas-cc,0.0,0.0,0.0,0.0,0.0,0.0,0.0,0.0,0.0,0.0,0.0,0.0,0.0,0.0,0.0,0.0,0.0,0.0,155.5,2.9,0.29,18.4,1172.6,0.07,155.7,53.3,209.0,390.0,7.4,0.74,46.1,2943.1,0.17,390.4,133.8,524.3,37.41,0.0,0.0,37.41,39.82,0.0,0.0,39.82,0.0,0.0,0.0,2763.6,62.2,2701.5,0.0,0.0,0.0,0.0,0.0,0.0,0.0,0.0,0.0,0.0,0.0,0.0,0.0,62.2,0.0
2050-06-07 01:00:00,2050-06-06 23:00:00,2056.8,0.0,0.0,4.7,2061.5,1984.7,2010.7,0.0,450.3,0.0351,0.0538,battery,gas-cc,0.0,0.0,0.0,0.0,0.0,0.0,0.0,0.0,0.0,0.0,0.0,0.0,0.0,0.0,0.0,0.0,0.0,0.0,143.3,2.7,0.27,16.9,1080.6,0.06,143.5,49.2,192.6,431.3,8.1,0.81,51.0,3254.7,0.19,431.8,148.0,579.8,37.41,0.0,0.0,37.41,39.53,0.0,0.0,39.53,0.0,0.0,0.0,2511.8,50.8,2461.0,0.0,0.0,0.0,0.0,0.0,0.0,0.0,0.0,0.0,0.0,0.0,0.0,0.0,50.8,0.0
2050-06-07 02:00:00,2050-06-07 00:00:00,1770.5,0.0,0.0,4.9,1775.4,1712.7,1740.7,0.0,316.8,0.0327,0.0463,battery,gas-cc,0.0,0.0,0.0,0.0,0.0,0.0,0.0,0.0,0.0,0.0,0.0,0.0,0.0,0.0,0.0,0.0,0.0,0.0,141.4,2.7,0.27,16.7,1066.1,0.06,141.6,48.5,190.1,425.3,8.0,0.8,50.2,3209.7,0.18,425.8,145.9,571.7,37.41,0.0,0.0,37.41,39.22,0.0,0.0,39.22,0.0,0.0,0.0,2092.3,34.7,2057.6,0.0,0.0,0.0,0.0,0.0,0.0,0.0,0.0,0.0,0.0,0.0,0.0,0.0,34.7,0.0
2050-06-07 03:00:00,2050-06-07 01:00:00,1587.4,0.0,0.0,11.7,1599.1,1537.6,1580.5,0.0,851.4,0.0314,0.0415,battery,gas-cc,0.0,0.0,0.0,0.0,0.0,0.0,0.0,0.0,0.0,0.0,0.0,0.0,0.0,0.0,0.0,0.0,0.0,0.0,141.2,2.7,0.27,16.7,1064.2,0.06,141.3,48.4,189.7,382.2,7.2,0.72,45.1,2884.1,0.17,382.6,131.1,513.7,37.41,0.0,0.0,37.41,39.03,0.0,0.0,39.03,0.0,0.0,0.0,2450.4,18.5,2431.9,0.0,0.0,0.0,0.0,0.0,0.0,0.0,0.0,0.0,0.0,0.0,0.0,0.0,18.5,0.0
2050-06-07 04:00:00,2050-06-07 02:00:00,1464.2,0.0,0.0,14.6,1478.8,1419.3,1469.9,0.0,991.5,0.0307,0.0383,hydro,gas-cc,0.0,0.0,0.0,0.0,0.0,0.0,0.0,0.0,0.0,0.0,0.0,0.0,0.0,0.0,0.0,0.0,0.0,0.0,153.9,2.9,0.29,18.2,1160.6,0.07,154.1,52.8,206.9,365.8,6.9,0.69,43.2,2760.3,0.16,366.2,125.5,491.7,37.41,0.0,0.0,37.41,38.89,0.0,0.0,38.89,0.0,0.0,0.0,2470.4,9.0,2461.4,0.0,0.0,0.0,0.0,0.0,0.0,0.0,0.0,0.0,0.0,0.0,0.0,0.0,9.0,0.0
2050-06-07 05:00:00,2050-06-07 03:00:00,1373.7,0.0,0.0,7.0,1380.6,1332.2,1375.1,0.0,449.3,0.0302,0.0359,battery,gas-cc,0.0,0.0,0.0,0.0,0.0,0.0,0.0,0.0,0.0,0.0,0.0,0.0,0.0,0.0,0.0,0.0,0.0,0.0,153.2,2.9,0.29,18.1,1155.3,0.07,153.4,52.6,205.9,420.8,7.9,0.79,49.7,3175.1,0.18,421.2,144.4,565.6,37.41,0.0,0.0,37.41,38.8,0.0,0.0,38.8,0.0,0.0,0.0,1830.0,5.6,1824.4,0.0,0.0,0.0,0.0,0.0,0.0,0.0,0.0,0.0,0.0,0.0,0.0,0.0,5.6,0.0
2050-06-07 06:00:00,2050-06-07 04:00:00,1343.2,0.0,0.0,0.6,1343.8,1302.7,1343.5,0.0,41.8,0.0301,0.0351,battery,gas-cc,0.0,0.0,0.0,0.0,0.0,0.0,0.0,0.0,0.0,0.0,0.0,0.0,0.0,0.0,0.0,0.0,0.0,0.0,143.4,2.7,0.27,16.9,1081.3,0.06,143.6,49.2,192.8,420.4,7.9,0.79,49.7,3172.5,0.18,420.9,144.3,565.1,37.41,0.0,0.0,37.41,38.77,0.0,0.0,38.77,0.0,0.0,0.0,1385.6,0.3,1385.3,0.0,0.0,0.0,0.0,0.0,0.0,0.0,0.0,0.0,0.0,0.0,0.0,0.0,0.3,0.0
2050-06-07 07:00:00,2050-06-07 05:00:00,1327.4,0.0,0.0,7.9,1335.3,1287.5,-1020.1,0.0,1217.9,0.0301,0.0347,wind-ons,wind-ons,0.0,0.0,0.0,0.0,0.0,0.0,0.0,0.0,0.0,0.0,0.0,0.0,0.0,0.0,0.0,0.0,0.0,0.0,139.7,2.6,0.26,16.5,1053.0,0.06,139.8,47.9,187.7,0.0,0.0,0.0,0.0,0.0,0.0,0.0,0.0,0.0,0.24,0.0,0.0,0.24,0.25,0.0,0.0,0.25,0.0,0.0,0.0,2553.2,2355.4,197.8,0.0,0.0,0.0,0.0,99.3,0.0,0.0,0.0,0.0,0.0,0.0,0.0,2255.3,0.7,0.0
2050-06-07 08:00:00,2050-06-07 06:00:00,1432.6,2367.0,0.0,0.0,3799.6,1388.9,0.0,0.0,0.0,0.0305,0.0375,upv,upv,0.0,0.0,0.0,0.0,0.0,0.0,0.0,0.0,0.0,0.0,0.0,0.0,0.0,0.0,0.0,0.0,0.0,0.0,139.7,2.6,0.26,16.5,1053.5,0.06,139.9,47.9,187.8,0.0,0.0,0.0,0.0,0.0,0.0,0.0,0.0,0.0,0.0,0.0,0.0,0.0,0.0,0.0,0.0,0.0,0.8,4175.3,4176.1,3799.6,3799.6,0.0,0.0,0.0,0.0,0.0,336.5,0.0,0.0,0.0,0.0,0.0,0.0,0.0,3463.1,0.0,0.0
2050-06-07 09:00:00,2050-06-07 07:00:00,1647.4,2461.0,0.0,0.0,4108.4,1595.0,0.0,0.0,0.0,0.0318,0.0431,upv,upv,0.0,0.0,0.0,0.0,0.0,0.0,0.0,0.0,0.0,0.0,0.0,0.0,0.0,0.0,0.0,0.0,0.0,0.0,139.9,2.6,0.26,16.5,1054.9,0.06,140.1,48.0,188.1,0.0,0.0,0.0,0.0,0.0,0.0,0.0,0.0,0.0,0.0,0.0,0.0,0.0,0.0,0.0,0.0,0.0,0.2,6133.7,6133.9,4108.4,4108.4,0.0,0.0,0.0,0.0,0.0,432.3,0.0,0.0,0.0,0.0,0.0,0.0,0.0,3676.0,0.0,0.0
2050-06-07 10:00:00,2050-06-07 08:00:00,1876.8,2461.0,0.0,0.0,4337.8,1813.9,0.0,0.0,0.0,0.0335,0.0491,upv,upv,0.0,0.0,0.0,0.0,0.0,0.0,0.0,0.0,0.0,0.0,0.0,0.0,0.0,0.0,0.0,0.0,0.0,0.0,140.2,2.6,0.27,16.6,1056.8,0.06,140.3,48.1,188.4,0.0,0.0,0.0,0.0,0.0,0.0,0.0,0.0,0.0,0.0,0.0,0.0,0.0,0.0,0.0,0.0,0.0,2.2,5971.7,5974.0,4337.8,4337.8,0.0,0.0,0.0,0.0,0.0,435.2,0.0,0.0,0.0,0.0,0.0,0.0,0.0,3902.6,0.0,0.0
2050-06-07 11:00:00,2050-06-07 09:00:00,2030.5,873.3,0.0,0.0,2903.8,1959.8,0.0,0.0,0.0,0.0349,0.0531,upv,upv,0.0,0.0,0.0,0.0,0.0,0.0,0.0,0.0,0.0,0.0,0.0,0.0,0.0,0.0,0.0,0.0,0.0,0.0,140.4,2.6,0.27,16.6,1058.3,0.06,140.5,48.1,188.7,0.0,0.0,0.0,0.0,0.0,0.0,0.0,0.0,0.0,0.0,0.0,0.0,0.0,0.0,0.0,0.0,0.0,10.3,7405.7,7416.0,2903.8,2903.8,0.0,0.0,0.0,0.0,0.0,435.2,0.0,0.0,0.0,0.0,0.0,0.0,0.0,2468.6,0.0,0.0
2050-06-07 12:00:00,2050-06-07 10:00:00,2133.7,873.3,0.0,0.0,3007.0,2057.3,0.0,0.0,0.0,0.0358,0.0558,upv,upv,0.0,0.0,0.0,0.0,0.0,0.0,0.0,0.0,0.0,0.0,0.0,0.0,0.0,0.0,0.0,0.0,0.0,0.0,140.5,2.7,0.27,16.6,1059.3,0.06,140.7,48.2,188.8,0.0,0.0,0.0,0.0,0.0,0.0,0.0,0.0,0.0,0.0,0.0,0.0,0.0,0.0,0.0,0.0,0.0,21.4,7302.5,7323.9,3007.0,3007.0,0.0,0.0,0.0,0.0,0.0,435.2,0.0,0.0,0.0,0.0,0.0,0.0,0.0,2571.8,0.0,0.0
2050-06-07 13:00:00,2050-06-07 11:00:00,2218.9,1970.7,0.0,0.0,4189.6,2137.7,0.0,0.0,0.0,0.0366,0.058,upv,upv,0.0,0.0,0.0,0.0,0.0,0.0,0.0,0.0,0.0,0.0,0.0,0.0,0.0,0.0,0.0,0.0,0.0,0.0,140.6,2.7,0.27,16.6,1060.2,0.06,140.8,48.2,189.0,0.0,0.0,0.0,0.0,0.0,0.0,0.0,0.0,0.0,0.0,0.0,0.0,0.0,0.0,0.0,0.0,0.0,0.0,6164.1,6164.1,4189.6,4189.6,0.0,0.0,0.0,0.0,0.0,435.2,0.0,0.0,0.0,0.0,0.0,0.0,0.0,3710.2,44.2,0.0
2050-06-07 14:00:00,2050-06-07 12:00:00,2263.2,3990.5,0.0,0.0,6253.6,2179.3,-0.0,0.0,0.0,0.037,0.0592,upv,upv,0.0,0.0,0.0,0.0,0.0,0.0,0.0,0.0,0.0,0.0,0.0,0.0,0.0,0.0,0.0,0.0,0.0,0.0,140.7,2.7,0.27,16.6,1060.7,0.06,140.8,48.2,189.1,0.0,0.0,0.0,0.0,0.0,0.0,0.0,0.0,0.0,0.0,0.0,0.0,0.0,0.0,0.0,0.0,0.0,65.9,4055.9,4121.7,6253.6,6253.6,0.0,0.0,0.0,0.0,0.0,435.2,0.0,0.0,0.0,0.0,0.0,0.0,0.0,5818.4,0.0,0.0
2050-06-07 15:00:00,2050-06-07 13:00:00,2381.1,3896.5,0.0,0.0,6277.5,2290.1,0.0,0.0,0.0,0.0382,0.0623,upv,upv,0.0,0.0,0.0,0.0,0.0,0.0,0.0,0.0,0.0,0.0,0.0,0.0,0.0,0.0,0.0,0.0,0.0,0.0,140.9,2.7,0.27,16.6,1062.0,0.06,141.0,48.3,189.3,0.0,0.0,0.0,0.0,0.0,0.0,0.0,0.0,0.0,0.0,0.0,0.0,0.0,0.0,0.0,0.0,0.0,0.0,4125.4,4125.4,6277.5,6277.5,0.0,0.0,0.0,0.0,0.0,435.2,0.0,0.0,0.0,0.0,0.0,0.0,0.0,5748.9,93.4,0.0
2050-06-07 16:00:00,2050-06-07 14:00:00,2489.5,2971.8,0.0,0.0,5461.3,2391.6,-0.0,0.0,0.0,0.0393,0.0651,upv,upv,0.0,0.0,0.0,0.0,0.0,0.0,0.0,0.0,0.0,0.0,0.0,0.0,0.0,0.0,0.0,0.0,0.0,0.0,141.0,2.7,0.27,16.7,1063.2,0.06,141.2,48.4,189.5,0.0,0.0,0.0,0.0,0.0,0.0,0.0,0.0,0.0,0.0,0.0,0.0,0.0,0.0,0.0,0.0,0.0,128.0,4848.2,4976.2,5461.3,5461.3,0.0,0.0,0.0,0.0,0.0,435.2,0.0,0.0,0.0,0.0,0.0,0.0,0.0,5026.1,0.0,0.0
2050-06-07 17:00:00,2050-06-07 15:00:00,2626.3,3240.3,0.0,0.0,5866.6,2519.3,0.0,0.0,0.0,0.0408,0.0687,upv,upv,0.0,0.0,0.0,0.0,0.0,0.0,0.0,0.0,0.0,0.0,0.0,0.0,0.0,0.0,0.0,0.0,0.0,0.0,141.2,2.7,0.27,16.7,1064.8,0.06,141.4,48.4,189.8,0.0,0.0,0.0,0.0,0.0,0.0,0.0,0.0,0.0,0.0,0.0,0.0,0.0,0.0,0.0,0.0,0.0,137.3,4442.9,4580.3,5866.6,5866.6,0.0,0.0,0.0,0.0,0.0,435.2,0.0,0.0,0.0,0.0,0.0,0.0,0.0,5431.4,0.0,0.0
2050-06-07 18:00:00,2050-06-07 16:00:00,2786.3,3990.5,0.0,0.0,6776.8,2667.9,0.0,0.0,0.0,0.0425,0.0729,upv,upv,0.0,0.0,0.0,0.0,0.0,0.0,0.0,0.0,0.0,0.0,0.0,0.0,0.0,0.0,0.0,0.0,0.0,0.0,141.5,2.7,0.27,16.7,1066.7,0.06,141.6,48.5,190.2,0.0,0.0,0.0,0.0,0.0,0.0,0.0,0.0,0.0,0.0,0.0,0.0,0.0,0.0,0.0,0.0,0.0,0.0,3624.9,3624.9,6776.8,6776.8,0.0,0.0,0.0,0.0,0.0,432.7,0.0,0.0,0.0,0.0,0.0,0.0,0.0,6197.7,146.4,0.0
2050-06-07 19:00:00,2050-06-07 17:00:00,2912.6,2070.7,0.0,0.0,4983.3,2784.8,0.0,0.0,0.0,0.0439,0.0762,upv,upv,0.0,0.0,0.0,0.0,0.0,0.0,0.0,0.0,0.0,0.0,0.0,0.0,0.0,0.0,0.0,0.0,0.0,0.0,142.1,2.7,0.27,16.8,1071.3,0.06,142.3,48.7,191.0,0.0,0.0,0.0,0.0,0.0,0.0,0.0,0.0,0.0,0.0,0.0,0.0,0.0,0.0,0.0,0.0,0.0,144.6,2121.3,2266.0,4983.3,4983.3,0.0,0.0,0.0,0.0,0.0,299.9,0.0,0.0,0.0,0.0,0.0,0.0,0.0,4683.4,0.0,0.0
2050-06-07 20:00:00,2050-06-07 18:00:00,2987.4,0.0,0.0,10.7,2998.0,2853.8,1259.5,0.0,1640.0,0.0447,0.0781,battery,gas-cc,0.0,0.0,0.0,0.0,0.0,0.0,0.0,0.0,0.0,0.0,0.0,0.0,0.0,0.0,0.0,0.0,0.0,0.0,142.6,2.7,0.27,16.8,1075.0,0.06,142.8,48.9,191.7,419.8,7.9,0.79,49.6,3167.6,0.18,420.2,144.0,564.2,32.31,0.0,0.0,32.31,35.05,0.0,0.0,35.05,0.0,0.0,0.0,4638.0,1738.5,2899.4,0.0,0.0,0.0,0.0,67.2,0.0,0.0,0.0,0.0,0.0,0.0,0.0,1524.3,147.1,0.0
2050-06-07 21:00:00,2050-06-07 19:00:00,2902.1,0.0,0.0,8.3,2910.4,2775.1,2738.9,0.0,1280.7,0.0438,0.0759,battery,gas-cc,0.0,0.0,0.0,0.0,0.0,0.0,0.0,0.0,0.0,0.0,0.0,0.0,0.0,0.0,0.0,0.0,0.0,0.0,143.0,2.7,0.27,16.9,1078.0,0.06,143.1,49.0,192.2,375.7,7.1,0.71,44.4,2834.8,0.16,376.1,128.9,505.0,32.31,0.0,0.0,32.31,34.97,0.0,0.0,34.97,0.0,0.0,0.0,4191.1,171.6,4019.6,0.0,0.0,0.0,0.0,0.0,0.0,0.0,0.0,0.0,0.0,0.0,0.0,0.0,171.6,0.0
2050-06-07 22:00:00,2050-06-07 20:00:00,2855.8,0.0,0.0,8.4,2864.2,2732.3,2722.6,0.0,1297.0,0.0432,0.0747,battery,gas-cc,0.0,0.0,0.0,0.0,0.0,0.0,0.0,0.0,0.0,0.0,0.0,0.0,0.0,0.0,0.0,0.0,0.0,0.0,142.9,2.7,0.27,16.9,1077.5,0.06,143.1,49.0,192.1,384.5,7.2,0.72,45.4,2901.3,0.17,384.9,131.9,516.8,32.31,0.0,0.0,32.31,34.92,0.0,0.0,34.92,0.0,0.0,0.0,4161.2,141.6,4019.6,0.0,0.0,0.0,0.0,0.0,0.0,0.0,0.0,0.0,0.0,0.0,0.0,0.0,141.6,0.0
2050-06-07 23:00:00,2050-06-07 21:00:00,2608.4,0.0,0.0,9.7,2618.2,2502.6,2521.8,0.0,1497.7,0.0406,0.0682,battery,gas-cc,0.0,0.0,0.0,0.0,0.0,0.0,0.0,0.0,0.0,0.0,0.0,0.0,0.0,0.0,0.0,0.0,0.0,0.0,142.6,2.7,0.27,16.8,1074.8,0.06,142.7,48.9,191.6,377.5,7.1,0.71,44.6,2849.0,0.16,377.9,129.5,507.5,32.31,0.0,0.0,32.31,34.68,0.0,0.0,34.68,0.0,0.0,0.0,4115.9,96.3,4019.6,0.0,0.0,0.0,0.0,0.0,0.0,0.0,0.0,0.0,0.0,0.0,0.0,0.0,96.3,0.0
2050-06-08 00:00:00,2050-06-07 22:00:00,2330.5,0.0,0.0,0.0,2330.5,2242.6,2276.7,0.0,0.0,0.0377,0.0609,battery,gas-cc,0.0,0.0,0.0,0.0,0.0,0.0,0.0,0.0,0.0,0.0,0.0,0.0,0.0,0.0,0.0,0.0,0.0,0.0,142.1,2.7,0.27,16.8,1071.0,0.06,142.2,48.7,190.9,464.1,8.7,0.87,54.8,3501.8,0.2,464.6,159.2,623.8,39.57,0.0,0.0,39.57,42.14,0.0,0.0,42.14,0.0,0.0,0.0,2330.5,53.8,2276.7,0.0,0.0,0.0,0.0,0.0,0.0,0.0,0.0,0.0,0.0,0.0,0.0,0.0,53.8,0.0
2050-06-08 01:00:00,2050-06-07 23:00:00,2072.6,0.0,0.0,0.0,2072.6,1999.6,2040.1,0.0,0.0,0.0352,0.0542,battery,gas-cc,0.0,0.0,0.0,0.0,0.0,0.0,0.0,0.0,0.0,0.0,0.0,0.0,0.0,0.0,0.0,0.0,0.0,0.0,141.6,2.7,0.27,16.7,1067.3,0.06,141.7,48.5,190.3,460.7,8.7,0.87,54.4,3476.9,0.2,461.2,158.1,619.3,39.57,0.0,0.0,39.57,41.84,0.0,0.0,41.84,0.0,0.0,0.0,2072.6,32.5,2040.1,0.0,0.0,0.0,0.0,0.0,0.0,0.0,0.0,0.0,0.0,0.0,0.0,0.0,32.5,0.0
2050-06-08 02:00:00,2050-06-08 00:00:00,1822.1,0.0,0.0,0.0,1822.1,1761.8,1794.5,0.0,0.0,0.0331,0.0477,battery,gas-cc,0.0,0.0,0.0,0.0,0.0,0.0,0.0,0.0,0.0,0.0,0.0,0.0,0.0,0.0,0.0,0.0,0.0,0.0,141.9,2.7,0.27,16.8,1069.9,0.06,142.1,48.7,190.7,457.6,8.6,0.86,54.1,3453.0,0.2,458.1,157.0,615.1,39.57,0.0,0.0,39.57,41.55,0.0,0.0,41.55,0.0,0.0,0.0,1822.1,27.6,1794.5,0.0,0.0,0.0,0.0,0.0,0.0,0.0,0.0,0.0,0.0,0.0,0.0,0.0,27.6,0.0
2050-06-08 03:00:00,2050-06-08 01:00:00,1636.8,0.0,0.0,0.0,1636.8,1584.9,1622.8,0.0,0.0,0.0317,0.0428,battery,gas-cc,0.0,0.0,0.0,0.0,0.0,0.0,0.0,0.0,0.0,0.0,0.0,0.0,0.0,0.0,0.0,0.0,0.0,0.0,141.3,2.7,0.27,16.7,1064.9,0.06,141.4,48.4,189.8,455.3,8.6,0.86,53.8,3435.5,0.2,455.8,156.2,612.0,39.57,0.0,0.0,39.57,41.34,0.0,0.0,41.34,0.0,0.0,0.0,1636.8,14.1,1622.8,0.0,0.0,0.0,0.0,0.0,0.0,0.0,0.0,0.0,0.0,0.0,0.0,0.0,14.1,0.0
2050-06-08 04:00:00,2050-06-08 02:00:00,1503.2,0.0,0.0,0.0,1503.2,1456.8,1495.9,0.0,0.0,0.0309,0.0393,battery,gas-cc,0.0,0.0,0.0,0.0,0.0,0.0,0.0,0.0,0.0,0.0,0.0,0.0,0.0,0.0,0.0,0.0,0.0,0.0,141.1,2.7,0.27,16.7,1064.0,0.06,141.3,48.4,189.7,453.6,8.5,0.85,53.6,3423.0,0.2,454.1,155.6,609.7,39.57,0.0,0.0,39.57,41.19,0.0,0.0,41.19,0.0,0.0,0.0,1503.2,7.2,1495.9,0.0,0.0,0.0,0.0,0.0,0.0,0.0,0.0,0.0,0.0,0.0,0.0,0.0,7.2,0.0
2050-06-08 05:00:00,2050-06-08 03:00:00,1423.2,0.0,0.0,5.7,1428.8,1379.8,1425.5,365.2,0.0,0.0305,0.0372,battery,gas-cc,0.0,0.0,0.0,0.0,0.0,0.0,0.0,0.0,0.0,0.0,0.0,0.0,0.0,0.0,0.0,0.0,0.0,0.0,144.6,2.7,0.27,17.1,1089.9,0.06,144.7,49.6,194.3,403.3,7.6,0.76,47.6,3043.2,0.17,403.7,138.4,542.1,39.57,0.0,0.0,39.57,41.1,0.0,0.0,41.1,0.0,0.0,0.0,1063.6,3.3,1060.3,0.0,0.0,0.0,0.0,0.0,0.0,0.0,0.0,0.0,0.0,0.0,0.0,0.0,3.3,0.0
2050-06-08 06:00:00,2050-06-08 04:00:00,1381.1,0.0,0.0,2.1,1383.2,1339.3,1378.8,135.7,0.0,0.0303,0.0361,battery,gas-cc,0.0,0.0,0.0,0.0,0.0,0.0,0.0,0.0,0.0,0.0,0.0,0.0,0.0,0.0,0.0,0.0,0.0,0.0,144.8,2.7,0.27,17.1,1091.3,0.06,144.9,49.6,194.5,452.1,8.5,0.85,53.4,3411.6,0.2,452.6,155.1,607.7,39.57,0.0,0.0,39.57,41.06,0.0,0.0,41.06,0.0,0.0,0.0,1247.4,4.4,1243.0,0.0,0.0,0.0,0.0,0.0,0.0,0.0,0.0,0.0,0.0,0.0,0.0,0.0,4.4,0.0
2050-06-08 07:00:00,2050-06-08 05:00:00,1391.6,0.0,0.0,6.7,1398.3,1349.4,-1029.3,0.0,1029.3,0.0303,0.0364,distpv,distpv,0.0,0.0,0.0,0.0,0.0,0.0,0.0,0.0,0.0,0.0,0.0,0.0,0.0,0.0,0.0,0.0,0.0,0.0,140.0,2.6,0.26,16.5,1055.2,0.06,140.1,48.0,188.1,0.0,0.0,0.0,0.0,0.0,0.0,0.0,0.0,0.0,10.33,0.0,0.0,10.33,10.72,0.0,0.0,10.72,0.0,0.0,0.0,2427.6,2427.6,0.0,0.0,0.0,0.0,0.0,102.0,0.0,0.0,0.0,0.0,0.0,0.0,0.0,2315.1,10.4,0.0
2050-06-08 08:00:00,2050-06-08 06:00:00,1484.2,2004.8,0.0,0.0,3489.0,1438.5,0.0,0.0,0.0,0.0308,0.0388,upv,upv,0.0,0.0,0.0,0.0,0.0,0.0,0.0,0.0,0.0,0.0,0.0,0.0,0.0,0.0,0.0,0.0,0.0,0.0,139.8,2.6,0.26,16.5,1053.8,0.06,139.9,47.9,187.9,0.0,0.0,0.0,0.0,0.0,0.0,0.0,0.0,0.0,0.0,0.0,0.0,0.0,0.0,0.0,0.0,0.0,13.0,4708.5,4721.5,3489.0,3489.0,0.0,0.0,0.0,0.0,0.0,345.9,0.0,0.0,0.0,0.0,0.0,0.0,0.0,3143.1,0.0,0.0
2050-06-08 09:00:00,2050-06-08 07:00:00,1688.4,2461.0,0.0,0.0,4149.4,1634.3,0.0,0.0,0.0,0.0321,0.0442,upv,upv,0.0,0.0,0.0,0.0,0.0,0.0,0.0,0.0,0.0,0.0,0.0,0.0,0.0,0.0,0.0,0.0,0.0,0.0,140.0,2.6,0.26,16.5,1055.2,0.06,140.1,48.0,188.1,0.0,0.0,0.0,0.0,0.0,0.0,0.0,0.0,0.0,0.0,0.0,0.0,0.0,0.0,0.0,0.0,0.0,9.2,6153.3,6162.5,4149.4,4149.4,0.0,0.0,0.0,0.0,0.0,0.0,0.0,0.0,0.0,0.0,0.0,0.0,0.0,4149.4,0.0,0.0
2050-06-08 10:00:00,2050-06-08 08:00:00,1930.5,3726.9,0.0,0.0,5657.5,1864.9,0.0,0.0,0.0,0.034,0.0505,upv,upv,0.0,0.0,0.0,0.0,0.0,0.0,0.0,0.0,0.0,0.0,0.0,0.0,0.0,0.0,0.0,0.0,0.0,0.0,140.8,2.7,0.27,16.6,1061.2,0.06,140.9,48.3,189.2,0.0,0.0,0.0,0.0,0.0,0.0,0.0,0.0,0.0,0.0,0.0,0.0,0.0,0.0,0.0,0.0,0.0,14.1,4652.1,4666.2,5657.5,5657.5,0.0,0.0,0.0,0.0,0.0,0.0,0.0,0.0,0.0,0.0,0.0,0.0,0.0,5657.5,0.0,0.0
2050-06-08 11:00:00,2050-06-08 09:00:00,2074.7,2431.9,0.0,0.0,4506.6,2001.6,0.0,0.0,0.0,0.0353,0.0543,upv,upv,0.0,0.0,0.0,0.0,0.0,0.0,0.0,0.0,0.0,0.0,0.0,0.0,0.0,0.0,0.0,0.0,0.0,0.0,141.4,2.7,0.27,16.7,1066.2,0.06,141.6,48.5,190.1,0.0,0.0,0.0,0.0,0.0,0.0,0.0,0.0,0.0,0.0,0.0,0.0,0.0,0.0,0.0,0.0,0.0,0.0,5827.2,5827.2,4506.6,4506.6,0.0,0.0,0.0,0.0,0.0,435.2,0.0,0.0,0.0,0.0,0.0,0.0,0.0,4047.1,24.3,0.0
2050-06-08 12:00:00,2050-06-08 10:00:00,2183.2,1168.9,0.0,0.0,3352.1,2104.0,0.0,0.0,0.0,0.0363,0.0571,upv,upv,0.0,0.0,0.0,0.0,0.0,0.0,0.0,0.0,0.0,0.0,0.0,0.0,0.0,0.0,0.0,0.0,0.0,0.0,140.6,2.7,0.27,16.6,1059.8,0.06,140.7,48.2,188.9,0.0,0.0,0.0,0.0,0.0,0.0,0.0,0.0,0.0,0.0,0.0,0.0,0.0,0.0,0.0,0.0,0.0,0.0,6982.7,6982.7,3352.1,3352.1,0.0,0.0,0.0,0.0,0.0,435.2,0.0,0.0,0.0,0.0,0.0,0.0,0.0,2891.6,25.3,0.0
2050-06-08 13:00:00,2050-06-08 11:00:00,2265.3,3595.2,0.0,0.0,5860.4,2181.3,-0.0,0.0,0.0,0.0371,0.0592,upv,upv,0.0,0.0,0.0,0.0,0.0,0.0,0.0,0.0,0.0,0.0,0.0,0.0,0.0,0.0,0.0,0.0,0.0,0.0,140.7,2.7,0.27,16.6,1060.7,0.06,140.8,48.2,189.1,0.0,0.0,0.0,0.0,0.0,0.0,0.0,0.0,0.0,0.0,0.0,0.0,0.0,0.0,0.0,0.0,0.0,0.0,4490.5,4490.5,5860.4,5860.4,0.0,0.0,0.0,0.0,0.0,435.2,0.0,0.0,0.0,0.0,0.0,0.0,0.0,5383.8,41.4,0.0
2050-06-08 14:00:00,2050-06-08 12:00:00,2314.7,3990.5,0.0,0.0,6305.2,2227.8,0.0,0.0,0.0,0.0376,0.0605,upv,upv,0.0,0.0,0.0,0.0,0.0,0.0,0.0,0.0,0.0,0.0,0.0,0.0,0.0,0.0,0.0,0.0,0.0,0.0,140.8,2.7,0.27,16.6,1061.2,0.06,140.9,48.3,189.2,0.0,0.0,0.0,0.0,0.0,0.0,0.0,0.0,0.0,0.0,0.0,0.0,0.0,0.0,0.0,0.0,0.0,0.0,4070.8,4070.8,6305.2,6305.2,0.0,0.0,0.0,0.0,0.0,435.2,0.0,0.0,0.0,0.0,0.0,0.0,0.0,5803.5,66.5,0.0
2050-06-08 15:00:00,2050-06-08 13:00:00,2425.3,4014.7,0.0,0.0,6439.9,2331.5,0.0,0.0,0.0,0.0387,0.0634,upv,upv,0.0,0.0,0.0,0.0,0.0,0.0,0.0,0.0,0.0,0.0,0.0,0.0,0.0,0.0,0.0,0.0,0.0,0.0,140.9,2.7,0.27,16.7,1062.5,0.06,141.1,48.3,189.4,0.0,0.0,0.0,0.0,0.0,0.0,0.0,0.0,0.0,0.0,0.0,0.0,0.0,0.0,0.0,0.0,0.0,0.0,3953.4,3953.4,6439.9,6439.9,0.0,0.0,0.0,0.0,0.0,435.2,0.0,0.0,0.0,0.0,0.0,0.0,0.0,5920.9,83.8,0.0
2050-06-08 16:00:00,2050-06-08 14:00:00,2554.7,4019.6,0.0,0.0,6574.3,2452.5,0.0,0.0,0.0,0.04,0.0668,upv,upv,0.0,0.0,0.0,0.0,0.0,0.0,0.0,0.0,0.0,0.0,0.0,0.0,0.0,0.0,0.0,0.0,0.0,0.0,141.1,2.7,0.27,16.7,1063.9,0.06,141.3,48.4,189.7,0.0,0.0,0.0,0.0,0.0,0.0,0.0,0.0,0.0,0.0,0.0,0.0,0.0,0.0,0.0,0.0,0.0,0.0,3839.5,3839.5,6574.3,6574.3,0.0,0.0,0.0,0.0,0.0,435.2,0.0,0.0,0.0,0.0,0.0,0.0,0.0,6034.8,104.2,0.0
2050-06-08 17:00:00,2050-06-08 15:00:00,2711.6,2461.0,0.0,0.0,5172.6,2598.6,0.0,0.0,0.0,0.0417,0.0709,upv,upv,0.0,0.0,0.0,0.0,0.0,0.0,0.0,0.0,0.0,0.0,0.0,0.0,0.0,0.0,0.0,0.0,0.0,0.0,141.4,2.7,0.27,16.7,1065.8,0.06,141.5,48.5,190.0,0.0,0.0,0.0,0.0,0.0,0.0,0.0,0.0,0.0,0.0,0.0,0.0,0.0,0.0,0.0,0.0,0.0,0.0,5260.9,5260.9,5172.6,5172.6,0.0,0.0,0.0,0.0,0.0,435.2,0.0,0.0,0.0,0.0,0.0,0.0,0.0,4613.4,123.9,0.0
2050-06-08 18:00:00,2050-06-08 16:00:00,2840.0,1263.0,0.0,0.0,4103.0,2717.7,0.0,0.0,0.0,0.0431,0.0743,upv,upv,0.0,0.0,0.0,0.0,0.0,0.0,0.0,0.0,0.0,0.0,0.0,0.0,0.0,0.0,0.0,0.0,0.0,0.0,141.6,2.7,0.27,16.7,1067.4,0.06,141.7,48.6,190.3,0.0,0.0,0.0,0.0,0.0,0.0,0.0,0.0,0.0,0.0,0.0,0.0,0.0,0.0,0.0,0.0,0.0,0.0,6259.0,6259.0,4103.0,4103.0,0.0,0.0,0.0,0.0,0.0,432.3,0.0,0.0,0.0,0.0,0.0,0.0,0.0,3550.6,120.0,0.0
2050-06-08 19:00:00,2050-06-08 17:00:00,2997.9,29.1,0.0,8.0,3035.0,2863.5,-1227.9,0.0,1227.9,0.0448,0.0784,upv,upv,0.0,0.0,0.0,0.0,0.0,0.0,0.0,0.0,0.0,0.0,0.0,0.0,0.0,0.0,0.0,0.0,0.0,0.0,141.8,2.7,0.27,16.8,1069.3,0.06,142.0,48.6,190.6,0.0,0.0,0.0,0.0,0.0,0.0,0.0,0.0,0.0,0.0,0.0,0.0,0.0,0.0,0.0,0.0,0.0,0.0,2996.3,2996.3,4262.8,4262.8,0.0,0.0,0.0,0.0,0.0,301.3,0.0,0.0,0.0,0.0,0.0,0.0,0.0,3840.7,120.8,0.0
2050-06-08 20:00:00,2050-06-08 18:00:00,3064.2,0.0,0.0,10.7,3074.9,2924.6,1291.3,0.0,1640.0,0.0456,0.0801,battery,gas-cc,0.0,0.0,0.0,0.0,0.0,0.0,0.0,0.0,0.0,0.0,0.0,0.0,0.0,0.0,0.0,0.0,0.0,0.0,142.7,2.7,0.27,16.9,1076.0,0.06,142.9,48.9,191.8,420.7,7.9,0.79,49.7,3174.5,0.18,421.1,144.3,565.5,32.31,0.0,0.0,32.31,35.12,0.0,0.0,35.12,0.0,0.0,0.0,4714.8,1783.5,2931.3,0.0,0.0,0.0,0.0,70.1,0.0,0.0,0.0,0.0,0.0,0.0,0.0,1592.1,121.3,0.0
2050-06-08 21:00:00,2050-06-08 19:00:00,2989.5,0.0,0.0,7.3,2996.8,2855.8,2867.5,0.0,1126.1,0.0447,0.0782,battery,gas-cc,0.0,0.0,0.0,0.0,0.0,0.0,0.0,0.0,0.0,0.0,0.0,0.0,0.0,0.0,0.0,0.0,0.0,0.0,143.1,2.7,0.27,16.9,1079.2,0.06,143.3,49.1,192.4,385.9,7.3,0.73,45.6,2912.3,0.17,386.3,132.4,518.8,32.31,0.0,0.0,32.31,35.05,0.0,0.0,35.05,0.0,0.0,0.0,4122.9,129.3,3993.6,0.0,0.0,0.0,0.0,0.0,0.0,0.0,0.0,0.0,0.0,0.0,0.0,0.0,129.3,0.0
2050-06-08 22:00:00,2050-06-08 20:00:00,2912.6,0.0,0.0,0.0,2912.6,2784.8,2825.1,0.0,0.0,0.0439,0.0762,battery,gas-cc,0.0,0.0,0.0,0.0,0.0,0.0,0.0,0.0,0.0,0.0,0.0,0.0,0.0,0.0,0.0,0.0,0.0,0.0,143.0,2.7,0.27,16.9,1078.2,0.06,143.2,49.0,192.2,418.9,7.9,0.79,49.5,3160.9,0.18,419.3,143.7,563.0,32.31,0.0,0.0,32.31,34.97,0.0,0.0,34.97,0.0,0.0,0.0,2912.6,87.5,2825.1,0.0,0.0,0.0,0.0,0.0,0.0,0.0,0.0,0.0,0.0,0.0,0.0,0.0,87.5,0.0
2050-06-08 23:00:00,2050-06-08 21:00:00,2647.4,0.0,0.0,9.1,2656.4,2538.9,2595.5,0.0,1395.0,0.041,0.0692,battery,gas-cc,0.0,0.0,0.0,0.0,0.0,0.0,0.0,0.0,0.0,0.0,0.0,0.0,0.0,0.0,0.0,0.0,0.0,0.0,142.5,2.7,0.27,16.8,1074.2,0.06,142.6,48.9,191.5,382.2,7.2,0.72,45.2,2884.3,0.17,382.6,131.1,513.8,32.31,0.0,0.0,32.31,34.71,0.0,0.0,34.71,0.0,0.0,0.0,4051.4,60.9,3990.5,0.0,0.0,0.0,0.0,0.0,0.0,0.0,0.0,0.0,0.0,0.0,0.0,0.0,60.9,0.0
2050-06-09 00:00:00,2050-06-08 22:00:00,2350.5,0.0,0.0,0.4,2351.0,2261.4,2297.9,0.0,67.4,0.0379,0.0615,battery,gas-cc,0.0,0.0,0.0,0.0,0.0,0.0,0.0,0.0,0.0,0.0,0.0,0.0,0.0,0.0,0.0,0.0,0.0,0.0,142.1,2.7,0.27,16.8,1071.3,0.06,142.3,48.7,191.0,374.8,7.1,0.71,44.3,2828.5,0.16,375.2,128.6,503.8,37.47,0.0,0.0,37.47,39.93,0.0,0.0,39.93,0.0,0.0,0.0,2418.4,53.1,2365.3,0.0,0.0,0.0,0.0,0.0,0.0,0.0,0.0,0.0,0.0,0.0,0.0,0.0,53.1,0.0
2050-06-09 01:00:00,2050-06-08 23:00:00,2056.8,0.0,0.0,3.1,2060.0,1984.7,2025.4,51.6,357.4,0.0351,0.0538,battery,gas-cc,0.0,0.0,0.0,0.0,0.0,0.0,0.0,0.0,0.0,0.0,0.0,0.0,0.0,0.0,0.0,0.0,0.0,0.0,141.6,2.7,0.27,16.7,1067.4,0.06,141.7,48.6,190.3,371.8,7.0,0.7,43.9,2805.6,0.16,372.2,127.6,499.8,37.47,0.0,0.0,37.47,39.6,0.0,0.0,39.6,0.0,0.0,0.0,2365.8,34.6,2331.2,0.0,0.0,0.0,0.0,0.0,0.0,0.0,0.0,0.0,0.0,0.0,0.0,0.0,34.6,0.0
2050-06-09 02:00:00,2050-06-09 00:00:00,1840.0,0.0,0.0,2.3,1842.3,1778.9,1821.8,53.6,228.2,0.0332,0.0481,battery,gas-cc,0.0,0.0,0.0,0.0,0.0,0.0,0.0,0.0,0.0,0.0,0.0,0.0,0.0,0.0,0.0,0.0,0.0,0.0,141.2,2.7,0.27,16.7,1064.4,0.06,141.3,48.4,189.7,369.6,7.0,0.7,43.7,2788.8,0.16,370.0,126.8,496.8,37.47,0.0,0.0,37.47,39.37,0.0,0.0,39.37,0.0,0.0,0.0,2016.8,20.6,1996.3,0.0,0.0,0.0,0.0,0.0,0.0,0.0,0.0,0.0,0.0,0.0,0.0,0.0,20.6,0.0
2050-06-09 03:00:00,2050-06-09 01:00:00,1685.3,0.0,0.0,0.0,1685.3,1631.3,1677.6,0.0,0.0,0.032,0.0441,battery,gas-cc,0.0,0.0,0.0,0.0,0.0,0.0,0.0,0.0,0.0,0.0,0.0,0.0,0.0,0.0,0.0,0.0,0.0,0.0,141.2,2.7,0.27,16.7,1064.5,0.06,141.4,48.4,189.8,425.4,8.0,0.8,50.3,3210.4,0.18,425.9,146.0,571.9,37.47,0.0,0.0,37.47,39.2,0.0,0.0,39.2,0.0,0.0,0.0,1685.3,7.7,1677.6,0.0,0.0,0.0,0.0,0.0,0.0,0.0,0.0,0.0,0.0,0.0,0.0,0.0,7.7,0.0
2050-06-09 04:00:00,2050-06-09 02:00:00,1541.1,0.0,0.0,0.0,1541.1,1493.1,1536.9,0.0,0.0,0.0311,0.0403,battery,gas-cc,0.0,0.0,0.0,0.0,0.0,0.0,0.0,0.0,0.0,0.0,0.0,0.0,0.0,0.0,0.0,0.0,0.0,0.0,140.7,2.7,0.27,16.6,1060.5,0.06,140.8,48.2,189.1,425.2,8.0,0.8,50.2,3209.0,0.18,425.7,145.9,571.6,37.47,0.0,0.0,37.47,39.04,0.0,0.0,39.04,0.0,0.0,0.0,1541.1,4.2,1536.9,0.0,0.0,0.0,0.0,0.0,0.0,0.0,0.0,0.0,0.0,0.0,0.0,0.0,4.2,0.0
2050-06-09 05:00:00,2050-06-09 03:00:00,1435.8,0.0,0.0,0.0,1435.8,1392.0,1434.2,0.0,0.0,0.0305,0.0375,battery,gas-cc,0.0,0.0,0.0,0.0,0.0,0.0,0.0,0.0,0.0,0.0,0.0,0.0,0.0,0.0,0.0,0.0,0.0,0.0,140.7,2.7,0.27,16.6,1060.4,0.06,140.8,48.2,189.0,422.6,8.0,0.8,49.9,3188.7,0.18,423.0,145.0,568.0,37.47,0.0,0.0,37.47,38.93,0.0,0.0,38.93,0.0,0.0,0.0,1435.8,1.5,1434.2,0.0,0.0,0.0,0.0,0.0,0.0,0.0,0.0,0.0,0.0,0.0,0.0,0.0,1.5,0.0
2050-06-09 06:00:00,2050-06-09 04:00:00,1384.2,0.0,0.0,0.2,1384.4,1342.3,1383.3,0.0,26.2,0.0303,0.0362,gas-cc,gas-cc,0.0,0.0,0.0,0.0,0.0,0.0,0.0,0.0,0.0,0.0,0.0,0.0,0.0,0.0,0.0,0.0,0.0,0.0,146.6,2.8,0.28,17.3,1105.2,0.06,146.7,50.3,197.0,365.0,6.9,0.69,43.1,2754.4,0.16,365.4,125.2,490.6,34.57,0.0,0.0,34.57,35.87,0.0,0.0,35.87,0.0,0.0,0.0,1410.6,1.0,1409.5,0.0,0.0,0.0,0.0,0.0,0.0,0.0,0.0,0.0,0.0,0.0,0.0,0.0,1.0,0.0
2050-06-09 07:00:00,2050-06-09 05:00:00,1386.3,0.0,0.0,6.9,1393.2,1344.3,-1058.3,0.0,1058.3,0.0303,0.0363,battery,wind-ons,0.0,0.0,0.0,0.0,0.0,0.0,0.0,0.0,0.0,0.0,0.0,0.0,0.0,0.0,0.0,0.0,0.0,0.0,139.9,2.6,0.26,16.5,1055.0,0.06,140.1,48.0,188.1,0.0,0.0,0.0,0.0,0.0,0.0,0.0,0.0,0.0,0.07,0.0,0.0,0.07,0.08,0.0,0.0,0.08,0.0,0.0,0.0,2451.5,2451.5,0.0,0.0,0.0,0.0,0.0,103.4,0.0,0.0,0.0,0.0,0.0,0.0,0.0,2345.8,2.3,0.0
2050-06-09 08:00:00,2050-06-09 06:00:00,1482.1,2821.5,0.0,0.0,4303.7,1436.5,0.0,0.0,0.0,0.0308,0.0388,upv,upv,0.0,0.0,0.0,0.0,0.0,0.0,0.0,0.0,0.0,0.0,0.0,0.0,0.0,0.0,0.0,0.0,0.0,0.0,141.0,2.7,0.27,16.7,1062.7,0.06,141.1,48.3,189.5,0.0,0.0,0.0,0.0,0.0,0.0,0.0,0.0,0.0,0.0,0.0,0.0,0.0,0.0,0.0,0.0,0.0,5.5,3974.9,3980.4,4303.7,4303.7,0.0,0.0,0.0,0.0,0.0,349.3,0.0,0.0,0.0,0.0,0.0,0.0,0.0,3954.3,0.0,0.0
2050-06-09 09:00:00,2050-06-09 07:00:00,1688.4,2850.6,0.0,0.0,4539.1,1634.3,0.0,0.0,0.0,0.0321,0.0442,upv,upv,0.0,0.0,0.0,0.0,0.0,0.0,0.0,0.0,0.0,0.0,0.0,0.0,0.0,0.0,0.0,0.0,0.0,0.0,140.0,2.6,0.26,16.5,1055.2,0.06,140.1,48.0,188.1,0.0,0.0,0.0,0.0,0.0,0.0,0.0,0.0,0.0,0.0,0.0,0.0,0.0,0.0,0.0,0.0,0.0,6.1,5770.5,5776.6,4539.1,4539.1,0.0,0.0,0.0,0.0,0.0,435.2,0.0,0.0,0.0,0.0,0.0,0.0,0.0,4103.8,0.0,0.0
2050-06-09 10:00:00,2050-06-09 08:00:00,1961.1,1068.1,0.0,0.0,3029.2,1893.9,0.0,0.0,0.0,0.0342,0.0513,upv,upv,0.0,0.0,0.0,0.0,0.0,0.0,0.0,0.0,0.0,0.0,0.0,0.0,0.0,0.0,0.0,0.0,0.0,0.0,140.3,2.6,0.27,16.6,1057.6,0.06,140.4,48.1,188.5,0.0,0.0,0.0,0.0,0.0,0.0,0.0,0.0,0.0,0.0,0.0,0.0,0.0,0.0,0.0,0.0,0.0,7.9,7280.4,7288.2,3029.2,3029.2,0.0,0.0,0.0,0.0,0.0,435.2,0.0,0.0,0.0,0.0,0.0,0.0,0.0,2594.0,0.0,0.0
2050-06-09 11:00:00,2050-06-09 09:00:00,2129.5,3016.4,0.0,0.0,5145.8,2053.3,0.0,0.0,0.0,0.0358,0.0557,upv,upv,0.0,0.0,0.0,0.0,0.0,0.0,0.0,0.0,0.0,0.0,0.0,0.0,0.0,0.0,0.0,0.0,0.0,0.0,140.5,2.7,0.27,16.6,1059.3,0.06,140.7,48.2,188.8,0.0,0.0,0.0,0.0,0.0,0.0,0.0,0.0,0.0,0.0,0.0,0.0,0.0,0.0,0.0,0.0,0.0,11.9,5163.7,5175.6,5145.8,5145.8,0.0,0.0,0.0,0.0,0.0,435.2,0.0,0.0,0.0,0.0,0.0,0.0,0.0,4710.6,0.0,0.0
2050-06-09 12:00:00,2050-06-09 10:00:00,2242.1,3406.0,0.0,0.0,5648.1,2159.5,-0.0,0.0,0.0,0.0368,0.0586,upv,upv,0.0,0.0,0.0,0.0,0.0,0.0,0.0,0.0,0.0,0.0,0.0,0.0,0.0,0.0,0.0,0.0,0.0,0.0,140.7,2.7,0.27,16.6,1060.4,0.06,140.8,48.2,189.1,0.0,0.0,0.0,0.0,0.0,0.0,0.0,0.0,0.0,0.0,0.0,0.0,0.0,0.0,0.0,0.0,0.0,0.0,4681.5,4681.5,5648.1,5648.1,0.0,0.0,0.0,0.0,0.0,435.2,0.0,0.0,0.0,0.0,0.0,0.0,0.0,5192.8,20.1,0.0
2050-06-09 13:00:00,2050-06-09 11:00:00,2340.0,3016.4,0.0,0.0,5356.4,2251.5,0.0,0.0,0.0,0.0378,0.0612,upv,upv,0.0,0.0,0.0,0.0,0.0,0.0,0.0,0.0,0.0,0.0,0.0,0.0,0.0,0.0,0.0,0.0,0.0,0.0,140.8,2.7,0.27,16.6,1061.5,0.06,141.0,48.3,189.2,0.0,0.0,0.0,0.0,0.0,0.0,0.0,0.0,0.0,0.0,0.0,0.0,0.0,0.0,0.0,0.0,0.0,47.4,4953.2,5000.6,5356.4,5356.4,0.0,0.0,0.0,0.0,0.0,435.2,0.0,0.0,0.0,0.0,0.0,0.0,0.0,4921.1,0.0,0.0
2050-06-09 14:00:00,2050-06-09 12:00:00,2378.9,3241.3,0.0,0.0,5620.2,2288.1,0.0,0.0,0.0,0.0382,0.0622,upv,upv,0.0,0.0,0.0,0.0,0.0,0.0,0.0,0.0,0.0,0.0,0.0,0.0,0.0,0.0,0.0,0.0,0.0,0.0,140.9,2.7,0.27,16.6,1061.9,0.06,141.0,48.3,189.3,0.0,0.0,0.0,0.0,0.0,0.0,0.0,0.0,0.0,0.0,0.0,0.0,0.0,0.0,0.0,0.0,0.0,86.6,4689.3,4775.9,5620.2,5620.2,0.0,0.0,0.0,0.0,0.0,435.2,0.0,0.0,0.0,0.0,0.0,0.0,0.0,5185.0,0.0,0.0
2050-06-09 15:00:00,2050-06-09 13:00:00,2482.1,3600.8,0.0,0.0,6082.9,2384.7,0.0,0.0,0.0,0.0392,0.0649,upv,upv,0.0,0.0,0.0,0.0,0.0,0.0,0.0,0.0,0.0,0.0,0.0,0.0,0.0,0.0,0.0,0.0,0.0,0.0,141.0,2.7,0.27,16.7,1063.1,0.06,141.2,48.4,189.5,0.0,0.0,0.0,0.0,0.0,0.0,0.0,0.0,0.0,0.0,0.0,0.0,0.0,0.0,0.0,0.0,0.0,121.6,4226.6,4348.2,6082.9,6082.9,0.0,0.0,0.0,0.0,0.0,435.2,0.0,0.0,0.0,0.0,0.0,0.0,0.0,5647.7,0.0,0.0
2050-06-09 16:00:00,2050-06-09 14:00:00,2624.2,2806.2,0.0,0.0,5430.5,2517.3,0.0,0.0,0.0,0.0407,0.0686,upv,upv,0.0,0.0,0.0,0.0,0.0,0.0,0.0,0.0,0.0,0.0,0.0,0.0,0.0,0.0,0.0,0.0,0.0,0.0,141.2,2.7,0.27,16.7,1064.8,0.06,141.4,48.4,189.8,0.0,0.0,0.0,0.0,0.0,0.0,0.0,0.0,0.0,0.0,0.0,0.0,0.0,0.0,0.0,0.0,0.0,153.9,4879.1,5033.0,5430.5,5430.5,0.0,0.0,0.0,0.0,0.0,435.2,0.0,0.0,0.0,0.0,0.0,0.0,0.0,4995.2,0.0,0.0
2050-06-09 17:00:00,2050-06-09 15:00:00,2793.7,2914.8,0.0,0.0,5708.5,2674.8,0.0,0.0,0.0,0.0426,0.0731,upv,upv,0.0,0.0,0.0,0.0,0.0,0.0,0.0,0.0,0.0,0.0,0.0,0.0,0.0,0.0,0.0,0.0,0.0,0.0,141.5,2.7,0.27,16.7,1066.8,0.06,141.7,48.5,190.2,0.0,0.0,0.0,0.0,0.0,0.0,0.0,0.0,0.0,0.0,0.0,0.0,0.0,0.0,0.0,0.0,0.0,0.0,4771.2,4771.2,5708.5,5708.5,0.0,0.0,0.0,0.0,0.0,435.2,0.0,0.0,0.0,0.0,0.0,0.0,0.0,5103.1,170.2,0.0
2050-06-09 18:00:00,2050-06-09 16:00:00,2937.9,123.1,0.0,0.0,3061.0,2808.2,0.0,0.0,0.0,0.0442,0.0768,upv,upv,0.0,0.0,0.0,0.0,0.0,0.0,0.0,0.0,0.0,0.0,0.0,0.0,0.0,0.0,0.0,0.0,0.0,0.0,141.7,2.7,0.27,16.7,1068.6,0.06,141.9,48.6,190.5,0.0,0.0,0.0,0.0,0.0,0.0,0.0,0.0,0.0,0.0,0.0,0.0,0.0,0.0,0.0,0.0,0.0,0.0,7419.2,7419.2,3061.0,3061.0,0.0,0.0,0.0,0.0,0.0,434.9,0.0,0.0,0.0,0.0,0.0,0.0,0.0,2448.7,177.4,0.0
2050-06-09 19:00:00,2050-06-09 17:00:00,3077.9,2301.1,0.0,0.0,5379.0,2937.2,-0.0,0.0,0.0,0.0457,0.0805,upv,upv,0.0,0.0,0.0,0.0,0.0,0.0,0.0,0.0,0.0,0.0,0.0,0.0,0.0,0.0,0.0,0.0,0.0,0.0,175.2,3.3,0.33,20.7,1320.9,0.08,175.4,60.1,235.4,0.0,0.0,0.0,0.0,0.0,0.0,0.0,0.0,0.0,0.0,0.0,0.0,0.0,0.0,0.0,0.0,0.0,0.0,2012.2,2012.2,5379.0,5379.0,0.0,0.0,0.0,0.0,0.0,305.0,0.0,0.0,0.0,0.0,0.0,0.0,0.0,4908.9,165.1,0.0
2050-06-09 20:00:00,2050-06-09 18:00:00,3157.9,0.0,0.0,17.6,3175.5,3010.6,1306.0,445.3,1640.0,0.0466,0.0826,battery,distpv,0.0,0.0,0.0,0.0,0.0,0.0,0.0,0.0,0.0,0.0,0.0,0.0,0.0,0.0,0.0,0.0,0.0,0.0,150.5,2.8,0.28,17.8,1134.5,0.07,150.6,51.6,202.2,0.0,0.0,0.0,0.0,0.0,0.0,0.0,0.0,0.0,6.85,0.0,0.0,6.85,7.46,0.0,0.0,7.46,0.0,0.0,0.0,4370.1,1869.5,2500.7,0.0,0.0,0.0,0.0,71.5,0.0,0.0,0.0,0.0,0.0,0.0,0.0,1622.8,175.1,0.0
2050-06-09 21:00:00,2050-06-09 19:00:00,3049.5,0.0,0.0,13.5,3063.0,2911.0,2859.7,445.3,1020.7,0.0454,0.0797,battery,distpv,0.0,0.0,0.0,0.0,0.0,0.0,0.0,0.0,0.0,0.0,0.0,0.0,0.0,0.0,0.0,0.0,0.0,0.0,142.9,2.7,0.27,16.9,1077.3,0.06,143.1,49.0,192.1,0.0,0.0,0.0,0.0,0.0,0.0,0.0,0.0,0.0,6.85,0.0,0.0,6.85,7.44,0.0,0.0,7.44,0.0,0.0,0.0,3638.4,203.3,3435.1,0.0,0.0,0.0,0.0,0.0,0.0,0.0,0.0,0.0,0.0,0.0,0.0,0.0,203.3,0.0
2050-06-09 22:00:00,2050-06-09 20:00:00,2974.7,0.0,0.0,15.1,2989.9,2842.2,2814.1,445.3,1266.1,0.0446,0.0778,battery,distpv,0.0,0.0,0.0,0.0,0.0,0.0,0.0,0.0,0.0,0.0,0.0,0.0,0.0,0.0,0.0,0.0,0.0,0.0,143.0,2.7,0.27,16.9,1078.3,0.06,143.2,49.0,192.2,0.0,0.0,0.0,0.0,0.0,0.0,0.0,0.0,0.0,6.85,0.0,0.0,6.85,7.42,0.0,0.0,7.42,0.0,0.0,0.0,3810.6,175.8,3634.8,0.0,0.0,0.0,0.0,0.0,0.0,0.0,0.0,0.0,0.0,0.0,0.0,0.0,175.8,0.0
2050-06-09 23:00:00,2050-06-09 21:00:00,2722.1,0.0,0.0,17.6,2739.7,2608.4,2588.6,445.3,1640.0,0.0418,0.0712,battery,distpv,0.0,0.0,0.0,0.0,0.0,0.0,0.0,0.0,0.0,0.0,0.0,0.0,0.0,0.0,0.0,0.0,0.0,0.0,170.8,3.2,0.32,20.2,1288.2,0.07,171.0,58.6,229.6,0.0,0.0,0.0,0.0,0.0,0.0,0.0,0.0,0.0,6.85,0.0,0.0,6.85,7.37,0.0,0.0,7.37,0.0,0.0,0.0,3934.3,151.1,3783.3,0.0,0.0,0.0,0.0,0.0,0.0,0.0,0.0,0.0,0.0,0.0,0.0,0.0,151.1,0.0
2050-06-10 00:00:00,2050-06-09 22:00:00,2420.0,0.0,0.0,15.6,2435.6,2326.6,2296.7,445.3,1343.9,0.0386,0.0633,battery,gas-cc,0.0,0.0,0.0,0.0,0.0,0.0,0.0,0.0,0.0,0.0,0.0,0.0,0.0,0.0,0.0,0.0,0.0,0.0,141.7,2.7,0.27,16.7,1067.9,0.06,141.8,48.6,190.4,375.6,7.1,0.71,44.4,2834.0,0.16,376.0,128.9,504.8,26.22,0.0,0.0,26.22,27.99,0.0,0.0,27.99,0.0,0.0,0.0,3334.3,139.0,3195.3,0.0,0.0,0.0,0.0,0.0,0.0,0.0,0.0,0.0,0.0,0.0,0.0,0.0,139.0,0.0
2050-06-10 01:00:00,2050-06-09 23:00:00,2152.6,0.0,0.0,14.8,2167.5,2075.2,2048.5,445.3,1218.3,0.036,0.0563,battery,gas-cc,0.0,0.0,0.0,0.0,0.0,0.0,0.0,0.0,0.0,0.0,0.0,0.0,0.0,0.0,0.0,0.0,0.0,0.0,141.8,2.7,0.27,16.8,1069.2,0.06,142.0,48.6,190.6,367.8,6.9,0.69,43.4,2775.3,0.16,368.2,126.2,494.4,26.22,0.0,0.0,26.22,27.78,0.0,0.0,27.78,0.0,0.0,0.0,2940.5,118.9,2821.5,0.0,0.0,0.0,0.0,0.0,0.0,0.0,0.0,0.0,0.0,0.0,0.0,0.0,118.9,0.0
2050-06-10 02:00:00,2050-06-10 00:00:00,1920.0,0.0,0.0,16.5,1936.5,1854.9,1839.5,445.3,1477.6,0.0339,0.0502,battery,gas-cc,0.0,0.0,0.0,0.0,0.0,0.0,0.0,0.0,0.0,0.0,0.0,0.0,0.0,0.0,0.0,0.0,0.0,0.0,141.4,2.7,0.27,16.7,1065.7,0.06,141.5,48.5,190.0,365.4,6.9,0.69,43.2,2757.5,0.16,365.8,125.4,491.2,26.22,0.0,0.0,26.22,27.6,0.0,0.0,27.6,0.0,0.0,0.0,2968.8,97.0,2871.8,0.0,0.0,0.0,0.0,0.0,0.0,0.0,0.0,0.0,0.0,0.0,0.0,0.0,97.0,0.0
2050-06-10 03:00:00,2050-06-10 01:00:00,1718.9,0.0,0.0,8.8,1727.8,1663.5,1642.9,445.3,296.3,0.0323,0.045,battery,gas-cc,0.0,0.0,0.0,0.0,0.0,0.0,0.0,0.0,0.0,0.0,0.0,0.0,0.0,0.0,0.0,0.0,0.0,0.0,141.3,2.7,0.27,16.7,1065.6,0.06,141.5,48.5,190.0,368.3,6.9,0.69,43.5,2779.6,0.16,368.7,126.4,495.1,26.22,0.0,0.0,26.22,27.45,0.0,0.0,27.45,0.0,0.0,0.0,1578.8,84.8,1493.9,0.0,0.0,0.0,0.0,0.0,0.0,0.0,0.0,0.0,0.0,0.0,0.0,0.0,84.8,0.0
2050-06-10 04:00:00,2050-06-10 02:00:00,1569.5,0.0,0.0,6.9,1576.4,1520.4,1464.6,445.3,0.0,0.0313,0.041,battery,gas-cc,0.0,0.0,0.0,0.0,0.0,0.0,0.0,0.0,0.0,0.0,0.0,0.0,0.0,0.0,0.0,0.0,0.0,0.0,165.6,3.1,0.31,19.6,1248.7,0.07,165.8,56.8,222.6,361.9,6.8,0.68,42.8,2731.1,0.16,362.3,124.2,486.5,26.22,0.0,0.0,26.22,27.34,0.0,0.0,27.34,0.0,0.0,0.0,1131.1,111.8,1019.2,0.0,0.0,0.0,0.0,0.0,0.0,0.0,0.0,0.0,0.0,0.0,0.0,0.0,111.8,0.0
2050-06-10 05:00:00,2050-06-10 03:00:00,1455.8,0.0,0.0,6.9,1462.7,1411.2,1354.4,445.3,0.0,0.0306,0.0381,battery,gas-cc,0.0,0.0,0.0,0.0,0.0,0.0,0.0,0.0,0.0,0.0,0.0,0.0,0.0,0.0,0.0,0.0,0.0,0.0,141.0,2.7,0.27,16.7,1063.2,0.06,141.2,48.4,189.5,360.8,6.8,0.68,42.6,2722.7,0.16,361.2,123.8,485.0,26.22,0.0,0.0,26.22,27.25,0.0,0.0,27.25,0.0,0.0,0.0,1017.4,108.3,909.1,0.0,0.0,0.0,0.0,0.0,0.0,0.0,0.0,0.0,0.0,0.0,0.0,0.0,108.3,0.0
2050-06-10 06:00:00,2050-06-10 04:00:00,1373.7,0.0,0.0,6.9,1380.6,1332.2,1272.0,445.3,0.0,0.0302,0.0359,battery,gas-cc,0.0,0.0,0.0,0.0,0.0,0.0,0.0,0.0,0.0,0.0,0.0,0.0,0.0,0.0,0.0,0.0,0.0,0.0,195.0,3.7,0.37,23.0,1470.6,0.08,195.2,66.9,262.1,360.0,6.8,0.68,42.5,2716.6,0.16,360.4,123.5,483.9,26.22,0.0,0.0,26.22,27.19,0.0,0.0,27.19,0.0,0.0,0.0,935.3,108.6,826.7,0.0,0.0,0.0,0.0,0.0,0.0,0.0,0.0,0.0,0.0,0.0,0.0,0.0,108.6,0.0
2050-06-10 07:00:00,2050-06-10 05:00:00,1329.5,0.0,0.0,7.7,1337.2,1289.5,-1183.6,0.0,1183.6,0.0301,0.0348,upv,upv,0.0,0.0,0.0,0.0,0.0,0.0,0.0,0.0,0.0,0.0,0.0,0.0,0.0,0.0,0.0,0.0,0.0,0.0,139.7,2.6,0.26,16.5,1053.0,0.06,139.8,47.9,187.7,0.0,0.0,0.0,0.0,0.0,0.0,0.0,0.0,0.0,0.0,0.0,0.0,0.0,0.0,0.0,0.0,0.0,0.0,0.0,0.0,2520.8,2520.8,0.0,0.0,0.0,0.0,0.0,102.8,0.0,0.0,0.0,0.0,0.0,0.0,0.0,2332.9,85.2,0.0
2050-06-10 08:00:00,2050-06-10 06:00:00,1350.5,2461.0,0.0,0.0,3811.5,1309.8,0.0,0.0,0.0,0.0301,0.0353,upv,upv,0.0,0.0,0.0,0.0,0.0,0.0,0.0,0.0,0.0,0.0,0.0,0.0,0.0,0.0,0.0,0.0,0.0,0.0,139.7,2.6,0.26,16.5,1053.1,0.06,139.8,47.9,187.7,0.0,0.0,0.0,0.0,0.0,0.0,0.0,0.0,0.0,0.0,0.0,0.0,0.0,0.0,0.0,0.0,0.0,0.0,4533.2,4533.2,3811.5,3811.5,0.0,0.0,0.0,0.0,0.0,349.7,0.0,0.0,0.0,0.0,0.0,0.0,0.0,3402.4,59.4,0.0
2050-06-10 09:00:00,2050-06-10 07:00:00,1443.2,2431.9,0.0,0.0,3875.1,1399.1,0.0,0.0,0.0,0.0306,0.0377,upv,upv,0.0,0.0,0.0,0.0,0.0,0.0,0.0,0.0,0.0,0.0,0.0,0.0,0.0,0.0,0.0,0.0,0.0,0.0,139.8,2.6,0.26,16.5,1053.6,0.06,139.9,47.9,187.8,0.0,0.0,0.0,0.0,0.0,0.0,0.0,0.0,0.0,0.0,0.0,0.0,0.0,0.0,0.0,0.0,0.0,0.0,6471.3,6471.3,3875.1,3875.1,0.0,0.0,0.0,0.0,0.0,435.2,0.0,0.0,0.0,0.0,0.0,0.0,0.0,3403.0,36.8,0.0
2050-06-10 10:00:00,2050-06-10 08:00:00,1621.1,288.8,0.0,0.0,1909.9,1569.8,-0.0,0.0,0.0,0.0316,0.0424,upv,upv,0.0,0.0,0.0,0.0,0.0,0.0,0.0,0.0,0.0,0.0,0.0,0.0,0.0,0.0,0.0,0.0,0.0,0.0,139.9,2.6,0.26,16.5,1054.7,0.06,140.1,48.0,188.0,0.0,0.0,0.0,0.0,0.0,0.0,0.0,0.0,0.0,0.0,0.0,0.0,0.0,0.0,0.0,0.0,0.0,0.0,8464.8,8464.8,1909.9,1909.9,0.0,0.0,0.0,0.0,0.0,435.2,0.0,0.0,0.0,0.0,0.0,0.0,0.0,1409.5,65.1,0.0
2050-06-10 11:00:00,2050-06-10 09:00:00,1820.0,2821.5,0.0,0.0,4641.5,1759.8,0.0,0.0,0.0,0.0331,0.0476,upv,upv,0.0,0.0,0.0,0.0,0.0,0.0,0.0,0.0,0.0,0.0,0.0,0.0,0.0,0.0,0.0,0.0,0.0,0.0,140.1,2.6,0.27,16.6,1056.3,0.06,140.3,48.0,188.3,0.0,0.0,0.0,0.0,0.0,0.0,0.0,0.0,0.0,0.0,0.0,0.0,0.0,0.0,0.0,0.0,0.0,0.0,5765.2,5765.2,4641.5,4641.5,0.0,0.0,0.0,0.0,0.0,435.2,0.0,0.0,0.0,0.0,0.0,0.0,0.0,4109.1,97.2,0.0
2050-06-10 12:00:00,2050-06-10 10:00:00,2035.8,2626.7,0.0,0.0,4662.5,1964.7,0.0,0.0,0.0,0.0349,0.0532,upv,upv,0.0,0.0,0.0,0.0,0.0,0.0,0.0,0.0,0.0,0.0,0.0,0.0,0.0,0.0,0.0,0.0,0.0,0.0,140.4,2.6,0.27,16.6,1058.3,0.06,140.5,48.1,188.7,0.0,0.0,0.0,0.0,0.0,0.0,0.0,0.0,0.0,0.0,0.0,0.0,0.0,0.0,0.0,0.0,0.0,0.0,5785.0,5785.0,4662.5,4662.5,0.0,0.0,0.0,0.0,0.0,435.2,0.0,0.0,0.0,0.0,0.0,0.0,0.0,4089.3,137.9,0.0
2050-06-10 13:00:00,2050-06-10 11:00:00,2201.1,0.0,0.0,0.0,2201.1,2120.8,0.0,0.0,0.0,0.0364,0.0576,upv,upv,0.0,0.0,0.0,0.0,0.0,0.0,0.0,0.0,0.0,0.0,0.0,0.0,0.0,0.0,0.0,0.0,0.0,0.0,140.6,2.7,0.27,16.6,1060.0,0.06,140.8,48.2,189.0,0.0,0.0,0.0,0.0,0.0,0.0,0.0,0.0,0.0,0.0,0.0,0.0,0.0,0.0,0.0,0.0,0.0,0.0,8319.6,8319.6,2201.1,2201.1,0.0,0.0,0.0,0.0,0.0,435.2,0.0,0.0,0.0,0.0,0.0,0.0,0.0,1554.7,211.1,0.0
2050-06-10 14:00:00,2050-06-10 12:00:00,2291.6,2625.9,0.0,0.0,4917.4,2206.1,0.0,0.0,0.0,0.0373,0.0599,upv,upv,0.0,0.0,0.0,0.0,0.0,0.0,0.0,0.0,0.0,0.0,0.0,0.0,0.0,0.0,0.0,0.0,0.0,0.0,140.7,2.7,0.27,16.6,1061.0,0.06,140.9,48.3,189.1,0.0,0.0,0.0,0.0,0.0,0.0,0.0,0.0,0.0,0.0,0.0,0.0,0.0,0.0,0.0,0.0,0.0,254.0,5392.1,5646.1,4917.4,4917.4,0.0,0.0,0.0,0.0,0.0,0.0,0.0,0.0,0.0,0.0,0.0,0.0,0.0,4917.4,0.0,0.0
2050-06-10 15:00:00,2050-06-10 13:00:00,2451.6,3592.1,0.0,0.0,6043.6,2356.1,0.0,0.0,0.0,0.0389,0.0641,upv,upv,0.0,0.0,0.0,0.0,0.0,0.0,0.0,0.0,0.0,0.0,0.0,0.0,0.0,0.0,0.0,0.0,0.0,0.0,141.0,2.7,0.27,16.7,1062.8,0.06,141.1,48.3,189.5,0.0,0.0,0.0,0.0,0.0,0.0,0.0,0.0,0.0,0.0,0.0,0.0,0.0,0.0,0.0,0.0,0.0,0.0,4532.2,4532.2,6043.6,6043.6,0.0,0.0,0.0,0.0,0.0,435.2,0.0,0.0,0.0,0.0,0.0,0.0,0.0,5342.1,266.3,0.0
2050-06-10 16:00:00,2050-06-10 14:00:00,2585.3,3824.8,0.0,0.0,6410.0,2481.0,0.0,0.0,0.0,0.0403,0.0676,upv,upv,0.0,0.0,0.0,0.0,0.0,0.0,0.0,0.0,0.0,0.0,0.0,0.0,0.0,0.0,0.0,0.0,0.0,0.0,141.2,2.7,0.27,16.7,1064.3,0.06,141.3,48.4,189.7,0.0,0.0,0.0,0.0,0.0,0.0,0.0,0.0,0.0,0.0,0.0,0.0,0.0,0.0,0.0,0.0,0.0,0.0,4169.8,4169.8,6410.0,6410.0,0.0,0.0,0.0,0.0,0.0,435.2,0.0,0.0,0.0,0.0,0.0,0.0,0.0,5704.5,270.3,0.0
2050-06-10 17:00:00,2050-06-10 15:00:00,2731.6,3824.8,0.0,0.0,6556.3,2617.2,0.0,0.0,0.0,0.0419,0.0714,upv,upv,0.0,0.0,0.0,0.0,0.0,0.0,0.0,0.0,0.0,0.0,0.0,0.0,0.0,0.0,0.0,0.0,0.0,0.0,141.4,2.7,0.27,16.7,1066.0,0.06,141.6,48.5,190.0,0.0,0.0,0.0,0.0,0.0,0.0,0.0,0.0,0.0,0.0,0.0,0.0,0.0,0.0,0.0,0.0,0.0,0.0,4025.8,4025.8,6556.3,6556.3,0.0,0.0,0.0,0.0,0.0,435.2,0.0,0.0,0.0,0.0,0.0,0.0,0.0,5848.5,272.6,0.0
2050-06-10 18:00:00,2050-06-10 16:00:00,2886.3,3629.9,0.0,0.0,6516.2,2760.5,0.0,0.0,0.0,0.0436,0.0755,upv,upv,0.0,0.0,0.0,0.0,0.0,0.0,0.0,0.0,0.0,0.0,0.0,0.0,0.0,0.0,0.0,0.0,0.0,0.0,141.7,2.7,0.27,16.7,1068.0,0.06,141.8,48.6,190.4,0.0,0.0,0.0,0.0,0.0,0.0,0.0,0.0,0.0,0.0,0.0,0.0,0.0,0.0,0.0,0.0,0.0,0.0,4026.8,4026.8,6516.2,6516.2,0.0,0.0,0.0,0.0,0.0,433.4,0.0,0.0,0.0,0.0,0.0,0.0,0.0,5808.7,274.1,0.0
2050-06-10 19:00:00,2050-06-10 17:00:00,2982.1,3039.1,0.0,0.0,6021.2,2849.0,0.0,0.0,0.0,0.0446,0.078,upv,upv,0.0,0.0,0.0,0.0,0.0,0.0,0.0,0.0,0.0,0.0,0.0,0.0,0.0,0.0,0.0,0.0,0.0,0.0,142.3,2.7,0.27,16.8,1072.7,0.06,142.4,48.8,191.2,0.0,0.0,0.0,0.0,0.0,0.0,0.0,0.0,0.0,0.0,0.0,0.0,0.0,0.0,0.0,0.0,0.0,0.0,1483.0,1483.0,6021.2,6021.2,0.0,0.0,0.0,0.0,0.0,305.3,0.0,0.0,0.0,0.0,0.0,0.0,0.0,5444.5,271.4,0.0
2050-06-10 20:00:00,2050-06-10 18:00:00,2974.7,0.0,0.0,17.6,2992.3,2842.2,1018.3,445.3,1640.0,0.0446,0.0778,battery,distpv,0.0,0.0,0.0,0.0,0.0,0.0,0.0,0.0,0.0,0.0,0.0,0.0,0.0,0.0,0.0,0.0,0.0,0.0,149.8,2.8,0.28,17.7,1129.5,0.07,150.0,51.4,201.3,0.0,0.0,0.0,0.0,0.0,0.0,0.0,0.0,0.0,6.35,0.0,0.0,6.35,6.88,0.0,0.0,6.88,0.0,0.0,0.0,4187.0,1974.0,2212.9,0.0,0.0,0.0,0.0,72.5,0.0,0.0,0.0,0.0,0.0,0.0,0.0,1646.3,255.2,0.0
2050-06-10 21:00:00,2050-06-10 19:00:00,2873.7,0.0,0.0,17.6,2891.2,2748.8,2647.9,445.3,1640.0,0.0434,0.0752,battery,distpv,0.0,0.0,0.0,0.0,0.0,0.0,0.0,0.0,0.0,0.0,0.0,0.0,0.0,0.0,0.0,0.0,0.0,0.0,142.8,2.7,0.27,16.9,1076.9,0.06,143.0,49.0,192.0,0.0,0.0,0.0,0.0,0.0,0.0,0.0,0.0,0.0,6.35,0.0,0.0,6.35,6.86,0.0,0.0,6.86,0.0,0.0,0.0,4085.9,243.3,3842.6,0.0,0.0,0.0,0.0,0.0,0.0,0.0,0.0,0.0,0.0,0.0,0.0,0.0,243.3,0.0
2050-06-10 22:00:00,2050-06-10 20:00:00,2832.6,0.0,0.0,16.2,2848.8,2710.9,2617.8,445.3,1428.4,0.043,0.0741,battery,distpv,0.0,0.0,0.0,0.0,0.0,0.0,0.0,0.0,0.0,0.0,0.0,0.0,0.0,0.0,0.0,0.0,0.0,0.0,145.8,2.8,0.28,17.2,1098.9,0.06,145.9,50.0,195.9,0.0,0.0,0.0,0.0,0.0,0.0,0.0,0.0,0.0,6.35,0.0,0.0,6.35,6.86,0.0,0.0,6.86,0.0,0.0,0.0,3831.9,231.0,3600.8,0.0,0.0,0.0,0.0,0.0,0.0,0.0,0.0,0.0,0.0,0.0,0.0,0.0,231.0,0.0
2050-06-10 23:00:00,2050-06-10 21:00:00,2592.6,0.0,0.0,13.0,2605.7,2487.9,2423.3,445.3,944.4,0.0404,0.0678,battery,upv,0.0,0.0,0.0,0.0,0.0,0.0,0.0,0.0,0.0,0.0,0.0,0.0,0.0,0.0,0.0,0.0,0.0,0.0,144.1,2.7,0.27,17.0,1086.6,0.06,144.3,49.4,193.7,0.0,0.0,0.0,0.0,0.0,0.0,0.0,0.0,0.0,6.35,0.0,0.0,6.35,6.81,0.0,0.0,6.81,0.0,0.0,0.0,3104.7,182.4,2922.4,0.0,0.0,0.0,0.0,0.0,0.0,0.0,0.0,0.0,0.0,0.0,0.0,0.0,182.4,0.0
2050-06-11 00:00:00,2050-06-10 22:00:00,2350.5,0.0,0.0,9.1,2359.6,2261.4,2179.3,445.3,337.3,0.0379,0.0615,battery,distpv,0.0,0.0,0.0,0.0,0.0,0.0,0.0,0.0,0.0,0.0,0.0,0.0,0.0,0.0,0.0,0.0,0.0,0.0,141.7,2.7,0.27,16.7,1067.9,0.06,141.8,48.6,190.4,0.0,0.0,0.0,0.0,0.0,0.0,0.0,0.0,0.0,6.92,0.0,0.0,6.92,7.37,0.0,0.0,7.37,0.0,0.0,0.0,2251.6,180.3,2071.3,0.0,0.0,0.0,0.0,0.0,0.0,0.0,0.0,0.0,0.0,0.0,0.0,0.0,180.3,0.0
2050-06-11 01:00:00,2050-06-10 23:00:00,2138.9,0.0,0.0,17.6,2156.5,2062.3,2018.5,445.3,1640.0,0.0359,0.0559,battery,distpv,0.0,0.0,0.0,0.0,0.0,0.0,0.0,0.0,0.0,0.0,0.0,0.0,0.0,0.0,0.0,0.0,0.0,0.0,141.4,2.7,0.27,16.7,1065.7,0.06,141.5,48.5,190.0,0.0,0.0,0.0,0.0,0.0,0.0,0.0,0.0,0.0,6.92,0.0,0.0,6.92,7.33,0.0,0.0,7.33,0.0,0.0,0.0,3351.2,138.0,3213.2,0.0,0.0,0.0,0.0,0.0,0.0,0.0,0.0,0.0,0.0,0.0,0.0,0.0,138.0,0.0
2050-06-11 02:00:00,2050-06-11 00:00:00,1891.6,0.0,0.0,14.7,1906.2,1827.9,1762.6,445.3,1192.1,0.0336,0.0495,battery,distpv,0.0,0.0,0.0,0.0,0.0,0.0,0.0,0.0,0.0,0.0,0.0,0.0,0.0,0.0,0.0,0.0,0.0,0.0,149.2,2.8,0.28,17.6,1124.8,0.06,149.3,51.2,200.5,0.0,0.0,0.0,0.0,0.0,0.0,0.0,0.0,0.0,6.92,0.0,0.0,6.92,7.28,0.0,0.0,7.28,0.0,0.0,0.0,2653.0,143.7,2509.3,0.0,0.0,0.0,0.0,0.0,0.0,0.0,0.0,0.0,0.0,0.0,0.0,0.0,143.7,0.0
2050-06-11 03:00:00,2050-06-11 01:00:00,1711.6,0.0,0.0,15.3,1726.9,1656.4,1615.5,445.3,1290.8,0.0322,0.0448,battery,distpv,0.0,0.0,0.0,0.0,0.0,0.0,0.0,0.0,0.0,0.0,0.0,0.0,0.0,0.0,0.0,0.0,0.0,0.0,140.0,2.6,0.26,16.5,1055.4,0.06,140.1,48.0,188.2,0.0,0.0,0.0,0.0,0.0,0.0,0.0,0.0,0.0,6.92,0.0,0.0,6.92,7.24,0.0,0.0,7.24,0.0,0.0,0.0,2572.4,111.4,2461.0,0.0,0.0,0.0,0.0,0.0,0.0,0.0,0.0,0.0,0.0,0.0,0.0,0.0,111.4,0.0
2050-06-11 04:00:00,2050-06-11 02:00:00,1572.6,0.0,0.0,10.2,1582.8,1523.4,1481.9,445.3,504.9,0.0313,0.0411,battery,distpv,0.0,0.0,0.0,0.0,0.0,0.0,0.0,0.0,0.0,0.0,0.0,0.0,0.0,0.0,0.0,0.0,0.0,0.0,141.0,2.7,0.27,16.7,1063.4,0.06,141.2,48.4,189.6,0.0,0.0,0.0,0.0,0.0,0.0,0.0,0.0,0.0,6.92,0.0,0.0,6.92,7.21,0.0,0.0,7.21,0.0,0.0,0.0,1642.4,101.0,1541.4,0.0,0.0,0.0,0.0,0.0,0.0,0.0,0.0,0.0,0.0,0.0,0.0,0.0,101.0,0.0
2050-06-11 05:00:00,2050-06-11 03:00:00,1451.6,0.0,0.0,7.9,1459.5,1407.2,1350.6,445.3,154.4,0.0306,0.038,battery,distpv,0.0,0.0,0.0,0.0,0.0,0.0,0.0,0.0,0.0,0.0,0.0,0.0,0.0,0.0,0.0,0.0,0.0,0.0,142.2,2.7,0.27,16.8,1072.2,0.06,142.4,48.8,191.1,0.0,0.0,0.0,0.0,0.0,0.0,0.0,0.0,0.0,6.92,0.0,0.0,6.92,7.19,0.0,0.0,7.19,0.0,0.0,0.0,1168.5,108.9,1059.6,0.0,0.0,0.0,0.0,0.0,0.0,0.0,0.0,0.0,0.0,0.0,0.0,0.0,108.9,0.0
2050-06-11 06:00:00,2050-06-11 04:00:00,1368.4,0.0,0.0,8.4,1376.9,1327.1,1265.5,445.3,236.7,0.0302,0.0358,battery,distpv,0.0,0.0,0.0,0.0,0.0,0.0,0.0,0.0,0.0,0.0,0.0,0.0,0.0,0.0,0.0,0.0,0.0,0.0,140.0,2.6,0.26,16.5,1055.5,0.06,140.2,48.0,188.2,0.0,0.0,0.0,0.0,0.0,0.0,0.0,0.0,0.0,6.92,0.0,0.0,6.92,7.17,0.0,0.0,7.17,0.0,0.0,0.0,1168.3,111.3,1056.9,0.0,0.0,0.0,0.0,0.0,0.0,0.0,0.0,0.0,0.0,0.0,0.0,0.0,111.3,0.0
2050-06-11 07:00:00,2050-06-11 05:00:00,1302.1,0.0,0.0,6.9,1309.0,1263.1,-1067.6,0.0,1067.6,0.03,0.0341,upv,upv,0.0,0.0,0.0,0.0,0.0,0.0,0.0,0.0,0.0,0.0,0.0,0.0,0.0,0.0,0.0,0.0,0.0,0.0,139.7,2.6,0.26,16.5,1052.9,0.06,139.8,47.9,187.7,0.0,0.0,0.0,0.0,0.0,0.0,0.0,0.0,0.0,0.0,0.0,0.0,0.0,0.0,0.0,0.0,0.0,0.0,0.0,0.0,2376.6,2376.6,0.0,0.0,0.0,0.0,0.0,97.0,0.0,0.0,0.0,0.0,0.0,0.0,0.0,2202.0,77.6,0.0
2050-06-11 08:00:00,2050-06-11 06:00:00,1320.0,2555.2,0.0,0.0,3875.2,1280.4,0.0,0.0,0.0,0.03,0.0345,upv,upv,0.0,0.0,0.0,0.0,0.0,0.0,0.0,0.0,0.0,0.0,0.0,0.0,0.0,0.0,0.0,0.0,0.0,0.0,139.7,2.6,0.26,16.5,1053.4,0.06,139.9,47.9,187.8,0.0,0.0,0.0,0.0,0.0,0.0,0.0,0.0,0.0,0.0,0.0,0.0,0.0,0.0,0.0,0.0,0.0,0.0,4070.2,4070.2,3875.2,3875.2,0.0,0.0,0.0,0.0,0.0,333.5,0.0,0.0,0.0,0.0,0.0,0.0,0.0,3497.1,44.6,0.0
2050-06-11 09:00:00,2050-06-11 07:00:00,1441.1,2922.4,0.0,0.0,4363.4,1397.0,0.0,0.0,0.0,0.0305,0.0377,upv,upv,0.0,0.0,0.0,0.0,0.0,0.0,0.0,0.0,0.0,0.0,0.0,0.0,0.0,0.0,0.0,0.0,0.0,0.0,139.7,2.6,0.26,16.5,1053.6,0.06,139.9,47.9,187.8,0.0,0.0,0.0,0.0,0.0,0.0,0.0,0.0,0.0,0.0,0.0,0.0,0.0,0.0,0.0,0.0,0.0,0.0,5864.8,5864.8,4363.4,4363.4,0.0,0.0,0.0,0.0,0.0,430.2,0.0,0.0,0.0,0.0,0.0,0.0,0.0,3899.7,33.5,0.0
2050-06-11 10:00:00,2050-06-11 08:00:00,1615.8,2010.5,0.0,0.0,3626.2,1564.8,0.0,0.0,0.0,0.0316,0.0423,upv,upv,0.0,0.0,0.0,0.0,0.0,0.0,0.0,0.0,0.0,0.0,0.0,0.0,0.0,0.0,0.0,0.0,0.0,0.0,139.9,2.6,0.26,16.5,1054.7,0.06,140.0,48.0,188.0,0.0,0.0,0.0,0.0,0.0,0.0,0.0,0.0,0.0,0.0,0.0,0.0,0.0,0.0,0.0,0.0,0.0,0.0,6729.7,6729.7,3626.2,3626.2,0.0,0.0,0.0,0.0,0.0,435.2,0.0,0.0,0.0,0.0,0.0,0.0,0.0,3144.6,46.4,0.0
2050-06-11 11:00:00,2050-06-11 09:00:00,1796.8,1263.0,0.0,0.0,3059.8,1737.8,0.0,0.0,0.0,0.0329,0.047,upv,upv,0.0,0.0,0.0,0.0,0.0,0.0,0.0,0.0,0.0,0.0,0.0,0.0,0.0,0.0,0.0,0.0,0.0,0.0,140.1,2.6,0.27,16.6,1056.1,0.06,140.2,48.0,188.3,0.0,0.0,0.0,0.0,0.0,0.0,0.0,0.0,0.0,0.0,0.0,0.0,0.0,0.0,0.0,0.0,0.0,0.0,7317.8,7317.8,3059.8,3059.8,0.0,0.0,0.0,0.0,0.0,435.2,0.0,0.0,0.0,0.0,0.0,0.0,0.0,2556.5,68.0,0.0
2050-06-11 12:00:00,2050-06-11 10:00:00,1982.1,3211.2,0.0,0.0,5193.3,1913.9,0.0,0.0,0.0,0.0344,0.0518,upv,upv,0.0,0.0,0.0,0.0,0.0,0.0,0.0,0.0,0.0,0.0,0.0,0.0,0.0,0.0,0.0,0.0,0.0,0.0,140.3,2.6,0.27,16.6,1057.8,0.06,140.5,48.1,188.6,0.0,0.0,0.0,0.0,0.0,0.0,0.0,0.0,0.0,0.0,0.0,0.0,0.0,0.0,0.0,0.0,0.0,0.0,5193.9,5193.9,5193.3,5193.3,0.0,0.0,0.0,0.0,0.0,435.2,0.0,0.0,0.0,0.0,0.0,0.0,0.0,4680.4,77.6,0.0
2050-06-11 13:00:00,2050-06-11 11:00:00,2154.7,2456.1,0.0,0.0,4610.8,2077.2,0.0,0.0,0.0,0.036,0.0563,upv,upv,0.0,0.0,0.0,0.0,0.0,0.0,0.0,0.0,0.0,0.0,0.0,0.0,0.0,0.0,0.0,0.0,0.0,0.0,140.5,2.7,0.27,16.6,1059.5,0.06,140.7,48.2,188.9,0.0,0.0,0.0,0.0,0.0,0.0,0.0,0.0,0.0,0.0,0.0,0.0,0.0,0.0,0.0,0.0,0.0,0.0,5793.1,5793.1,4610.8,4610.8,0.0,0.0,0.0,0.0,0.0,435.2,0.0,0.0,0.0,0.0,0.0,0.0,0.0,4081.2,94.4,0.0
2050-06-11 14:00:00,2050-06-11 12:00:00,2236.8,3240.3,0.0,0.0,5477.1,2154.6,0.0,0.0,0.0,0.0368,0.0585,upv,upv,0.0,0.0,0.0,0.0,0.0,0.0,0.0,0.0,0.0,0.0,0.0,0.0,0.0,0.0,0.0,0.0,0.0,0.0,140.7,2.7,0.27,16.6,1060.4,0.06,140.8,48.2,189.0,0.0,0.0,0.0,0.0,0.0,0.0,0.0,0.0,0.0,0.0,0.0,0.0,0.0,0.0,0.0,0.0,0.0,0.0,4936.3,4936.3,5477.1,5477.1,0.0,0.0,0.0,0.0,0.0,435.2,0.0,0.0,0.0,0.0,0.0,0.0,0.0,4938.0,103.9,0.0
2050-06-11 15:00:00,2050-06-11 13:00:00,2386.3,3435.1,0.0,0.0,5821.4,2295.0,0.0,0.0,0.0,0.0383,0.0624,upv,upv,0.0,0.0,0.0,0.0,0.0,0.0,0.0,0.0,0.0,0.0,0.0,0.0,0.0,0.0,0.0,0.0,0.0,0.0,140.9,2.7,0.27,16.6,1062.0,0.06,141.0,48.3,189.3,0.0,0.0,0.0,0.0,0.0,0.0,0.0,0.0,0.0,0.0,0.0,0.0,0.0,0.0,0.0,0.0,0.0,0.0,4606.4,4606.4,5821.4,5821.4,0.0,0.0,0.0,0.0,0.0,435.2,0.0,0.0,0.0,0.0,0.0,0.0,0.0,5267.9,118.3,0.0
2050-06-11 16:00:00,2050-06-11 14:00:00,2510.5,3435.1,0.0,0.0,5945.6,2411.3,-0.0,0.0,0.0,0.0395,0.0657,upv,upv,0.0,0.0,0.0,0.0,0.0,0.0,0.0,0.0,0.0,0.0,0.0,0.0,0.0,0.0,0.0,0.0,0.0,0.0,141.1,2.7,0.27,16.7,1063.4,0.06,141.2,48.4,189.6,0.0,0.0,0.0,0.0,0.0,0.0,0.0,0.0,0.0,0.0,0.0,0.0,0.0,0.0,0.0,0.0,0.0,0.0,4484.5,4484.5,5945.6,5945.6,0.0,0.0,0.0,0.0,0.0,435.2,0.0,0.0,0.0,0.0,0.0,0.0,0.0,5389.8,120.6,0.0
2050-06-11 17:00:00,2050-06-11 15:00:00,2647.4,3079.4,0.0,0.0,5726.8,2538.9,0.0,0.0,0.0,0.041,0.0692,upv,upv,0.0,0.0,0.0,0.0,0.0,0.0,0.0,0.0,0.0,0.0,0.0,0.0,0.0,0.0,0.0,0.0,0.0,0.0,141.3,2.7,0.27,16.7,1065.0,0.06,141.4,48.4,189.9,0.0,0.0,0.0,0.0,0.0,0.0,0.0,0.0,0.0,0.0,0.0,0.0,0.0,0.0,0.0,0.0,0.0,0.0,4691.2,4691.2,5726.8,5726.8,0.0,0.0,0.0,0.0,0.0,434.9,0.0,0.0,0.0,0.0,0.0,0.0,0.0,5176.6,115.3,0.0
2050-06-11 18:00:00,2050-06-11 16:00:00,2791.6,2071.3,0.0,0.0,4862.9,2672.8,0.0,0.0,0.0,0.0425,0.073,upv,upv,0.0,0.0,0.0,0.0,0.0,0.0,0.0,0.0,0.0,0.0,0.0,0.0,0.0,0.0,0.0,0.0,0.0,0.0,141.5,2.7,0.27,16.7,1066.8,0.06,141.7,48.5,190.2,0.0,0.0,0.0,0.0,0.0,0.0,0.0,0.0,0.0,0.0,0.0,0.0,0.0,0.0,0.0,0.0,0.0,0.0,5032.2,5032.2,4862.9,4862.9,0.0,0.0,0.0,0.0,0.0,412.9,0.0,0.0,0.0,0.0,0.0,0.0,0.0,4338.0,112.0,0.0
2050-06-11 19:00:00,2050-06-11 17:00:00,2925.3,1487.0,0.0,0.0,4412.3,2796.5,0.0,0.0,0.0,0.044,0.0765,upv,upv,0.0,0.0,0.0,0.0,0.0,0.0,0.0,0.0,0.0,0.0,0.0,0.0,0.0,0.0,0.0,0.0,0.0,0.0,141.7,2.7,0.27,16.7,1068.4,0.06,141.9,48.6,190.5,0.0,0.0,0.0,0.0,0.0,0.0,0.0,0.0,0.0,0.0,0.0,0.0,0.0,0.0,0.0,0.0,0.0,0.0,2440.3,2440.3,4412.3,4412.3,0.0,0.0,0.0,0.0,0.0,284.9,0.0,0.0,0.0,0.0,0.0,0.0,0.0,4025.2,102.2,0.0
2050-06-11 20:00:00,2050-06-11 18:00:00,2932.6,0.0,0.0,0.0,2932.6,2803.3,1245.0,0.0,0.0,0.0441,0.0767,battery,gas-cc,0.0,0.0,0.0,0.0,0.0,0.0,0.0,0.0,0.0,0.0,0.0,0.0,0.0,0.0,0.0,0.0,0.0,0.0,149.1,2.8,0.28,17.6,1124.5,0.06,149.3,51.1,200.5,375.9,7.1,0.71,44.4,2836.6,0.16,376.3,129.0,505.3,26.22,0.0,0.0,26.22,28.39,0.0,0.0,28.39,0.0,0.0,0.0,2932.6,1687.6,1245.0,0.0,0.0,0.0,0.0,67.3,0.0,0.0,0.0,0.0,0.0,0.0,0.0,1527.5,92.8,0.0
2050-06-11 21:00:00,2050-06-11 19:00:00,2853.7,0.0,0.0,7.0,2860.6,2730.3,2753.9,0.0,1070.9,0.0432,0.0746,battery,gas-cc,0.0,0.0,0.0,0.0,0.0,0.0,0.0,0.0,0.0,0.0,0.0,0.0,0.0,0.0,0.0,0.0,0.0,0.0,143.0,2.7,0.27,16.9,1077.9,0.06,143.1,49.0,192.2,418.2,7.9,0.79,49.4,3155.6,0.18,418.6,143.5,562.1,26.22,0.0,0.0,26.22,28.33,0.0,0.0,28.33,0.0,0.0,0.0,3931.5,106.8,3824.8,0.0,0.0,0.0,0.0,0.0,0.0,0.0,0.0,0.0,0.0,0.0,0.0,0.0,106.8,0.0
2050-06-11 22:00:00,2050-06-11 20:00:00,2796.8,0.0,0.0,7.3,2804.1,2677.7,2700.6,0.0,1124.2,0.0426,0.0731,battery,gas-cc,0.0,0.0,0.0,0.0,0.0,0.0,0.0,0.0,0.0,0.0,0.0,0.0,0.0,0.0,0.0,0.0,0.0,0.0,142.9,2.7,0.27,16.9,1077.1,0.06,143.0,49.0,192.0,417.5,7.9,0.79,49.3,3150.6,0.18,418.0,143.3,561.2,26.22,0.0,0.0,26.22,28.28,0.0,0.0,28.28,0.0,0.0,0.0,3928.3,103.6,3824.8,0.0,0.0,0.0,0.0,0.0,0.0,0.0,0.0,0.0,0.0,0.0,0.0,0.0,103.6,0.0
2050-06-11 23:00:00,2050-06-11 21:00:00,2558.9,0.0,0.0,2.9,2561.9,2456.5,2503.3,31.4,378.7,0.04,0.0669,battery,gas-cc,0.0,0.0,0.0,0.0,0.0,0.0,0.0,0.0,0.0,0.0,0.0,0.0,0.0,0.0,0.0,0.0,0.0,0.0,142.5,2.7,0.27,16.8,1074.1,0.06,142.6,48.9,191.5,372.0,7.0,0.7,43.9,2806.9,0.16,372.4,127.6,500.0,26.22,0.0,0.0,26.22,28.1,0.0,0.0,28.1,0.0,0.0,0.0,2909.2,58.6,2850.6,0.0,0.0,0.0,0.0,0.0,0.0,0.0,0.0,0.0,0.0,0.0,0.0,0.0,58.6,0.0
2050-06-12 00:00:00,2050-06-11 22:00:00,2316.8,0.0,0.0,1.4,2318.3,2229.8,2255.7,0.0,217.5,0.0376,0.0606,battery,gas-cc,0.0,0.0,0.0,0.0,0.0,0.0,0.0,0.0,0.0,0.0,0.0,0.0,0.0,0.0,0.0,0.0,0.0,0.0,142.0,2.7,0.27,16.8,1070.3,0.06,142.1,48.7,190.8,374.5,7.1,0.71,44.2,2825.9,0.16,374.9,128.5,503.4,31.71,0.0,0.0,31.71,33.75,0.0,0.0,33.75,0.0,0.0,0.0,2535.8,62.6,2473.2,0.0,0.0,0.0,0.0,0.0,0.0,0.0,0.0,0.0,0.0,0.0,0.0,0.0,62.6,0.0
2050-06-12 01:00:00,2050-06-11 23:00:00,2101.1,0.0,0.0,1.3,2102.4,2026.5,2053.8,0.0,202.4,0.0355,0.0549,battery,gas-cc,0.0,0.0,0.0,0.0,0.0,0.0,0.0,0.0,0.0,0.0,0.0,0.0,0.0,0.0,0.0,0.0,0.0,0.0,141.7,2.7,0.27,16.7,1067.9,0.06,141.8,48.6,190.4,372.2,7.0,0.7,44.0,2809.0,0.16,372.6,127.7,500.4,31.71,0.0,0.0,31.71,33.55,0.0,0.0,33.55,0.0,0.0,0.0,2304.8,48.5,2256.2,0.0,0.0,0.0,0.0,0.0,0.0,0.0,0.0,0.0,0.0,0.0,0.0,0.0,48.5,0.0
2050-06-12 02:00:00,2050-06-12 00:00:00,1845.3,0.0,0.0,5.2,1850.5,1783.9,1822.1,0.0,799.1,0.0333,0.0483,battery,gas-cc,0.0,0.0,0.0,0.0,0.0,0.0,0.0,0.0,0.0,0.0,0.0,0.0,0.0,0.0,0.0,0.0,0.0,0.0,170.0,3.2,0.32,20.1,1281.8,0.07,170.2,58.3,228.5,369.6,7.0,0.7,43.7,2789.2,0.16,370.0,126.8,496.8,31.71,0.0,0.0,31.71,33.31,0.0,0.0,33.31,0.0,0.0,0.0,2649.5,28.4,2621.2,0.0,0.0,0.0,0.0,0.0,0.0,0.0,0.0,0.0,0.0,0.0,0.0,0.0,28.4,0.0
2050-06-12 03:00:00,2050-06-12 01:00:00,1672.6,0.0,0.0,0.0,1672.6,1619.2,1657.1,0.0,0.0,0.032,0.0437,battery,gas-cc,0.0,0.0,0.0,0.0,0.0,0.0,0.0,0.0,0.0,0.0,0.0,0.0,0.0,0.0,0.0,0.0,0.0,0.0,141.1,2.7,0.27,16.7,1063.4,0.06,141.2,48.4,189.6,362.9,6.8,0.68,42.9,2738.8,0.16,363.3,124.5,487.9,31.71,0.0,0.0,31.71,33.16,0.0,0.0,33.16,0.0,0.0,0.0,1672.6,15.5,1657.1,0.0,0.0,0.0,0.0,0.0,0.0,0.0,0.0,0.0,0.0,0.0,0.0,0.0,15.5,0.0
2050-06-12 04:00:00,2050-06-12 02:00:00,1546.3,0.0,0.0,4.0,1550.3,1498.2,1544.8,0.0,620.0,0.0311,0.0404,gas-cc,gas-cc,0.0,0.0,0.0,0.0,0.0,0.0,0.0,0.0,0.0,0.0,0.0,0.0,0.0,0.0,0.0,0.0,0.0,0.0,141.1,2.7,0.27,16.7,1063.6,0.06,141.2,48.4,189.6,366.6,6.9,0.69,43.3,2766.5,0.16,367.0,125.8,492.8,31.71,0.0,0.0,31.71,33.04,0.0,0.0,33.04,0.0,0.0,0.0,2170.4,5.5,2164.8,0.0,0.0,0.0,0.0,0.0,0.0,0.0,0.0,0.0,0.0,0.0,0.0,0.0,5.5,0.0
2050-06-12 05:00:00,2050-06-12 03:00:00,1466.3,0.0,0.0,1.5,1467.8,1421.3,1466.5,0.0,229.1,0.0307,0.0383,battery,gas-cc,0.0,0.0,0.0,0.0,0.0,0.0,0.0,0.0,0.0,0.0,0.0,0.0,0.0,0.0,0.0,0.0,0.0,0.0,249.4,4.7,0.47,29.5,1881.4,0.11,249.7,85.6,335.2,365.8,6.9,0.69,43.2,2760.5,0.16,366.2,125.5,491.7,31.71,0.0,0.0,31.71,32.97,0.0,0.0,32.97,0.0,0.0,0.0,1697.0,1.3,1695.7,0.0,0.0,0.0,0.0,0.0,0.0,0.0,0.0,0.0,0.0,0.0,0.0,0.0,1.3,0.0
2050-06-12 06:00:00,2050-06-12 04:00:00,1428.4,0.0,0.0,2.9,1431.3,1384.9,1431.0,0.0,447.1,0.0305,0.0374,battery,gas-cc,0.0,0.0,0.0,0.0,0.0,0.0,0.0,0.0,0.0,0.0,0.0,0.0,0.0,0.0,0.0,0.0,0.0,0.0,140.9,2.7,0.27,16.6,1062.1,0.06,141.0,48.3,189.3,365.4,6.9,0.69,43.2,2757.7,0.16,365.8,125.4,491.2,31.71,0.0,0.0,31.71,32.94,0.0,0.0,32.94,0.0,0.0,0.0,1878.5,0.4,1878.1,0.0,0.0,0.0,0.0,0.0,0.0,0.0,0.0,0.0,0.0,0.0,0.0,0.0,0.4,0.0
2050-06-12 07:00:00,2050-06-12 05:00:00,1423.2,0.0,0.0,4.0,1427.1,1379.8,-612.8,0.0,612.8,0.0305,0.0372,wind-ons,wind-ons,0.0,0.0,0.0,0.0,0.0,0.0,0.0,0.0,0.0,0.0,0.0,0.0,0.0,0.0,0.0,0.0,0.0,0.0,139.7,2.6,0.26,16.5,1053.5,0.06,139.9,47.9,187.8,0.0,0.0,0.0,0.0,0.0,0.0,0.0,0.0,0.0,4.9,0.0,0.0,4.9,5.09,0.0,0.0,5.09,0.0,0.0,0.0,2039.9,2039.9,0.0,0.0,0.0,0.0,0.0,86.1,0.0,0.0,0.0,0.0,0.0,0.0,0.0,1953.2,0.6,0.0
2050-06-12 08:00:00,2050-06-12 06:00:00,1526.3,3624.3,0.0,0.0,5150.6,1479.0,0.0,0.0,0.0,0.031,0.0399,upv,upv,0.0,0.0,0.0,0.0,0.0,0.0,0.0,0.0,0.0,0.0,0.0,0.0,0.0,0.0,0.0,0.0,0.0,0.0,139.8,2.6,0.26,16.5,1054.1,0.06,140.0,47.9,187.9,0.0,0.0,0.0,0.0,0.0,0.0,0.0,0.0,0.0,0.0,0.0,0.0,0.0,0.0,0.0,0.0,0.0,2.5,2210.5,2212.9,5150.6,5150.6,0.0,0.0,0.0,0.0,0.0,310.7,0.0,0.0,0.0,0.0,0.0,0.0,0.0,4839.8,0.0,0.0
2050-06-12 09:00:00,2050-06-12 07:00:00,1736.8,4019.6,0.0,0.0,5756.4,1680.5,0.0,0.0,0.0,0.0324,0.0454,upv,upv,0.0,0.0,0.0,0.0,0.0,0.0,0.0,0.0,0.0,0.0,0.0,0.0,0.0,0.0,0.0,0.0,0.0,0.0,140.0,2.6,0.27,16.5,1055.6,0.06,140.2,48.0,188.2,0.0,0.0,0.0,0.0,0.0,0.0,0.0,0.0,0.0,0.0,0.0,0.0,0.0,0.0,0.0,0.0,0.0,1.5,4310.0,4311.5,5756.4,5756.4,0.0,0.0,0.0,0.0,0.0,0.0,0.0,0.0,0.0,0.0,0.0,0.0,0.0,5756.4,0.0,0.0
2050-06-12 10:00:00,2050-06-12 08:00:00,2010.5,2431.9,0.0,0.0,4442.4,1940.8,0.0,0.0,0.0,0.0347,0.0526,upv,upv,0.0,0.0,0.0,0.0,0.0,0.0,0.0,0.0,0.0,0.0,0.0,0.0,0.0,0.0,0.0,0.0,0.0,0.0,140.3,2.6,0.27,16.6,1058.1,0.06,140.5,48.1,188.6,0.0,0.0,0.0,0.0,0.0,0.0,0.0,0.0,0.0,0.0,0.0,0.0,0.0,0.0,0.0,0.0,0.0,1.1,5826.5,5827.7,4442.4,4442.4,0.0,0.0,0.0,0.0,0.0,0.0,0.0,0.0,0.0,0.0,0.0,0.0,0.0,4442.4,0.0,0.0
2050-06-12 11:00:00,2050-06-12 09:00:00,2188.4,4019.6,0.0,0.0,6208.0,2108.9,0.0,0.0,0.0,0.0363,0.0572,upv,upv,0.0,0.0,0.0,0.0,0.0,0.0,0.0,0.0,0.0,0.0,0.0,0.0,0.0,0.0,0.0,0.0,0.0,0.0,140.6,2.7,0.27,16.6,1059.9,0.06,140.7,48.2,189.0,0.0,0.0,0.0,0.0,0.0,0.0,0.0,0.0,0.0,0.0,0.0,0.0,0.0,0.0,0.0,0.0,0.0,1.5,4054.1,4055.6,6208.0,6208.0,0.0,0.0,0.0,0.0,0.0,433.1,0.0,0.0,0.0,0.0,0.0,0.0,0.0,5774.9,0.0,0.0
2050-06-12 12:00:00,2050-06-12 10:00:00,2309.5,2431.9,0.0,0.0,4741.4,2222.9,-0.0,0.0,0.0,0.0375,0.0604,upv,upv,0.0,0.0,0.0,0.0,0.0,0.0,0.0,0.0,0.0,0.0,0.0,0.0,0.0,0.0,0.0,0.0,0.0,0.0,140.8,2.7,0.27,16.6,1061.2,0.06,140.9,48.3,189.2,0.0,0.0,0.0,0.0,0.0,0.0,0.0,0.0,0.0,0.0,0.0,0.0,0.0,0.0,0.0,0.0,0.0,2.6,5568.2,5570.7,4741.4,4741.4,0.0,0.0,0.0,0.0,0.0,435.2,0.0,0.0,0.0,0.0,0.0,0.0,0.0,4306.1,0.0,0.0
2050-06-12 13:00:00,2050-06-12 11:00:00,2412.6,4019.6,0.0,0.0,6432.2,2319.7,-0.0,0.0,0.0,0.0385,0.0631,upv,upv,0.0,0.0,0.0,0.0,0.0,0.0,0.0,0.0,0.0,0.0,0.0,0.0,0.0,0.0,0.0,0.0,0.0,0.0,140.9,2.7,0.27,16.6,1062.3,0.06,141.1,48.3,189.4,0.0,0.0,0.0,0.0,0.0,0.0,0.0,0.0,0.0,0.0,0.0,0.0,0.0,0.0,0.0,0.0,0.0,3.4,3877.3,3880.7,6432.2,6432.2,0.0,0.0,0.0,0.0,0.0,435.2,0.0,0.0,0.0,0.0,0.0,0.0,0.0,5997.0,0.0,0.0
2050-06-12 14:00:00,2050-06-12 12:00:00,2464.2,1263.0,0.0,0.0,3727.2,2368.0,0.0,0.0,0.0,0.0391,0.0644,upv,upv,0.0,0.0,0.0,0.0,0.0,0.0,0.0,0.0,0.0,0.0,0.0,0.0,0.0,0.0,0.0,0.0,0.0,0.0,141.0,2.7,0.27,16.7,1062.9,0.06,141.1,48.3,189.5,0.0,0.0,0.0,0.0,0.0,0.0,0.0,0.0,0.0,0.0,0.0,0.0,0.0,0.0,0.0,0.0,0.0,5.5,6582.4,6587.8,3727.2,3727.2,0.0,0.0,0.0,0.0,0.0,435.2,0.0,0.0,0.0,0.0,0.0,0.0,0.0,3291.9,0.0,0.0
2050-06-12 15:00:00,2050-06-12 13:00:00,2585.3,2337.9,0.0,0.0,4923.2,2481.0,0.0,0.0,0.0,0.0403,0.0676,upv,upv,0.0,0.0,0.0,0.0,0.0,0.0,0.0,0.0,0.0,0.0,0.0,0.0,0.0,0.0,0.0,0.0,0.0,0.0,141.2,2.7,0.27,16.7,1064.3,0.06,141.3,48.4,189.7,0.0,0.0,0.0,0.0,0.0,0.0,0.0,0.0,0.0,0.0,0.0,0.0,0.0,0.0,0.0,0.0,0.0,9.9,5386.4,5396.2,4923.2,4923.2,0.0,0.0,0.0,0.0,0.0,406.9,0.0,0.0,0.0,0.0,0.0,0.0,0.0,4516.3,0.0,0.0
2050-06-12 16:00:00,2050-06-12 14:00:00,2716.8,2456.1,0.0,0.0,5172.9,2603.5,0.0,0.0,0.0,0.0417,0.071,upv,upv,0.0,0.0,0.0,0.0,0.0,0.0,0.0,0.0,0.0,0.0,0.0,0.0,0.0,0.0,0.0,0.0,0.0,0.0,141.4,2.7,0.27,16.7,1065.9,0.06,141.5,48.5,190.0,0.0,0.0,0.0,0.0,0.0,0.0,0.0,0.0,0.0,0.0,0.0,0.0,0.0,0.0,0.0,0.0,0.0,15.3,5136.6,5152.0,5172.9,5172.9,0.0,0.0,0.0,0.0,0.0,435.2,0.0,0.0,0.0,0.0,0.0,0.0,0.0,4737.7,0.0,0.0
2050-06-12 17:00:00,2050-06-12 15:00:00,2866.3,3632.9,0.0,0.0,6499.2,2742.0,-0.0,0.0,0.0,0.0434,0.075,upv,upv,0.0,0.0,0.0,0.0,0.0,0.0,0.0,0.0,0.0,0.0,0.0,0.0,0.0,0.0,0.0,0.0,0.0,0.0,141.6,2.7,0.27,16.7,1067.7,0.06,141.8,48.6,190.3,0.0,0.0,0.0,0.0,0.0,0.0,0.0,0.0,0.0,0.0,0.0,0.0,0.0,0.0,0.0,0.0,0.0,21.4,3810.3,3831.7,6499.2,6499.2,0.0,0.0,0.0,0.0,0.0,435.2,0.0,0.0,0.0,0.0,0.0,0.0,0.0,6064.0,0.0,0.0
2050-06-12 18:00:00,2050-06-12 16:00:00,3012.6,94.0,0.0,0.0,3106.6,2877.1,0.0,0.0,0.0,0.045,0.0788,upv,upv,0.0,0.0,0.0,0.0,0.0,0.0,0.0,0.0,0.0,0.0,0.0,0.0,0.0,0.0,0.0,0.0,0.0,0.0,141.9,2.7,0.27,16.8,1069.5,0.06,142.0,48.6,190.7,0.0,0.0,0.0,0.0,0.0,0.0,0.0,0.0,0.0,0.0,0.0,0.0,0.0,0.0,0.0,0.0,0.0,24.7,6959.8,6984.5,3106.6,3106.6,0.0,0.0,0.0,0.0,0.0,424.8,0.0,0.0,0.0,0.0,0.0,0.0,0.0,2681.9,0.0,0.0
2050-06-12 19:00:00,2050-06-12 17:00:00,3175.8,835.8,0.0,27.6,4039.2,3027.1,-2730.3,0.0,2730.3,0.0468,0.0831,upv,upv,0.0,0.0,0.0,0.0,0.0,0.0,0.0,0.0,0.0,0.0,0.0,0.0,0.0,0.0,0.0,0.0,0.0,0.0,142.2,2.7,0.27,16.8,1072.1,0.06,142.4,48.8,191.1,0.0,0.0,0.0,0.0,0.0,0.0,0.0,0.0,0.0,0.0,0.0,0.0,0.0,0.0,0.0,0.0,0.0,0.0,413.1,413.1,6769.5,6769.5,0.0,0.0,0.0,0.0,0.0,301.9,0.0,0.0,0.0,0.0,0.0,0.0,0.0,6436.9,30.7,0.0
2050-06-12 20:00:00,2050-06-12 18:00:00,3245.3,0.0,0.0,10.3,3255.5,3090.7,1406.8,0.0,1579.7,0.0476,0.0849,battery,gas-cc,39.4,0.7,0.07,4.7,297.2,0.02,39.4,13.5,52.9,41.4,0.8,0.08,4.9,312.1,0.02,41.4,14.2,55.6,143.4,2.7,0.27,16.9,1080.8,0.06,143.5,49.2,192.7,476.2,9.0,0.9,56.3,3593.4,0.21,476.7,163.4,640.1,38.47,0.0,0.0,38.47,42.04,0.0,0.0,42.04,0.0,0.0,0.0,4835.3,1848.7,2461.0,0.0,0.0,0.0,0.0,74.7,525.5,0.0,0.0,0.0,0.0,0.0,0.0,1694.7,79.4,0.0
2050-06-12 21:00:00,2050-06-12 19:00:00,3154.7,0.0,0.0,9.8,3164.6,3007.7,3030.8,0.0,1514.3,0.0466,0.0825,gas-ct,gas-ct,40.7,0.8,0.08,4.8,307.2,0.02,40.7,14.0,54.7,42.7,0.8,0.08,5.0,322.2,0.02,42.7,14.6,57.4,143.4,2.7,0.27,16.9,1081.3,0.06,143.6,49.2,192.8,584.7,11.0,1.1,69.1,4412.0,0.25,585.3,200.6,785.9,46.16,0.0,0.0,46.16,50.32,0.0,0.0,50.32,0.0,0.0,0.0,4678.9,133.8,4019.6,0.0,0.0,0.0,0.0,0.0,525.5,0.0,0.0,0.0,0.0,0.0,0.0,0.0,133.8,0.0
2050-06-12 22:00:00,2050-06-12 20:00:00,3062.1,0.0,0.0,6.7,3068.8,2922.6,2926.5,0.0,1034.1,0.0455,0.0801,battery,gas-cc,46.4,0.9,0.09,5.5,350.3,0.02,46.5,15.9,62.4,48.6,0.9,0.09,5.7,367.0,0.02,48.7,16.7,65.4,169.1,3.2,0.32,20.0,1275.1,0.07,169.3,58.0,227.3,496.6,9.4,0.94,58.7,3747.2,0.22,497.1,170.4,667.5,38.47,0.0,0.0,38.47,41.82,0.0,0.0,41.82,0.0,0.0,0.0,4103.0,142.3,3435.1,0.0,0.0,0.0,0.0,0.0,525.5,0.0,0.0,0.0,0.0,0.0,0.0,0.0,142.3,0.0
2050-06-12 23:00:00,2050-06-12 21:00:00,2768.4,0.0,0.0,10.7,2779.1,2651.3,2673.5,0.0,1640.0,0.0423,0.0724,battery,gas-cc,43.1,0.8,0.08,5.1,325.2,0.02,43.1,14.8,57.9,45.0,0.8,0.08,5.3,339.6,0.02,45.1,15.4,60.5,142.8,2.7,0.27,16.9,1076.5,0.06,142.9,49.0,191.9,440.0,8.3,0.83,52.0,3320.0,0.19,440.4,151.0,591.4,38.47,0.0,0.0,38.47,41.47,0.0,0.0,41.47,0.0,0.0,0.0,4419.0,105.6,3787.9,0.0,0.0,0.0,0.0,0.0,525.5,0.0,0.0,0.0,0.0,0.0,0.0,0.0,105.6,0.0
2050-06-13 00:00:00,2050-06-12 22:00:00,2451.6,0.0,0.0,14.6,2466.2,2356.1,2396.2,0.0,1895.8,0.0389,0.0641,battery,gas-cc,89.1,1.7,0.17,10.5,672.6,0.04,89.2,30.6,119.8,92.7,1.7,0.17,11.0,699.8,0.04,92.8,31.8,124.7,147.5,2.8,0.28,17.4,1111.7,0.06,147.6,50.6,198.2,465.6,8.8,0.88,55.0,3513.7,0.2,466.1,159.8,625.9,42.66,0.0,0.0,42.66,45.59,0.0,0.0,45.59,0.0,0.0,0.0,4362.0,70.0,3219.3,0.0,0.0,0.0,0.0,0.0,1072.7,0.0,0.0,0.0,0.0,0.0,0.0,0.0,70.0,0.0
2050-06-13 01:00:00,2050-06-12 23:00:00,2172.6,0.0,0.0,11.7,2184.3,2094.1,2130.0,0.0,1705.8,0.0362,0.0568,battery,gas-cc,99.9,1.9,0.19,11.8,754.1,0.04,100.0,34.3,134.3,103.7,2.0,0.2,12.2,782.4,0.04,103.8,35.6,139.4,161.4,3.0,0.31,19.1,1217.1,0.07,161.6,55.4,216.9,462.0,8.7,0.87,54.6,3486.5,0.2,462.5,158.5,621.1,42.66,0.0,0.0,42.66,45.23,0.0,0.0,45.23,0.0,0.0,0.0,3890.1,54.3,2763.1,0.0,0.0,0.0,0.0,0.0,1072.7,0.0,0.0,0.0,0.0,0.0,0.0,0.0,54.3,0.0
2050-06-13 02:00:00,2050-06-13 00:00:00,1917.9,0.0,0.0,10.7,1928.6,1852.9,1879.2,0.0,1640.0,0.0339,0.0502,battery,gas-cc,108.9,2.1,0.21,12.9,822.1,0.05,109.1,37.4,146.4,112.8,2.1,0.21,13.3,850.9,0.05,112.9,38.7,151.6,141.4,2.7,0.27,16.7,1065.8,0.06,141.5,48.5,190.0,429.7,8.1,0.81,50.8,3242.3,0.19,430.1,147.4,577.5,42.66,0.0,0.0,42.66,44.92,0.0,0.0,44.92,0.0,0.0,0.0,3568.5,49.4,2446.4,0.0,0.0,0.0,0.0,0.0,1072.7,0.0,0.0,0.0,0.0,0.0,0.0,0.0,49.4,0.0
2050-06-13 03:00:00,2050-06-13 01:00:00,1718.9,0.0,0.0,10.7,1729.6,1663.5,1682.6,0.0,1640.0,0.0323,0.045,battery,gas-cc,115.4,2.2,0.22,13.6,870.6,0.05,115.5,39.6,155.1,119.2,2.2,0.22,14.1,899.7,0.05,119.4,40.9,160.3,141.2,2.7,0.27,16.7,1064.2,0.06,141.3,48.4,189.7,427.3,8.1,0.81,50.5,3224.6,0.19,427.8,146.6,574.4,42.66,0.0,0.0,42.66,44.67,0.0,0.0,44.67,0.0,0.0,0.0,3369.6,47.0,2249.8,0.0,0.0,0.0,0.0,0.0,1072.7,0.0,0.0,0.0,0.0,0.0,0.0,0.0,47.0,0.0
2050-06-13 04:00:00,2050-06-13 02:00:00,1569.5,0.0,0.0,3.9,1573.4,1520.4,1554.6,0.0,604.3,0.0313,0.041,battery,gas-cc,178.5,3.4,0.34,21.1,1347.1,0.08,178.7,61.3,240.0,184.3,3.5,0.35,21.8,1390.6,0.08,184.5,63.2,247.7,140.7,2.7,0.27,16.6,1061.0,0.06,140.9,48.3,189.2,454.4,8.6,0.86,53.7,3429.2,0.2,454.9,155.9,610.8,42.66,0.0,0.0,42.66,44.49,0.0,0.0,44.49,0.0,0.0,0.0,2177.7,18.8,1086.2,0.0,0.0,0.0,0.0,0.0,1072.7,0.0,0.0,0.0,0.0,0.0,0.0,0.0,18.8,0.0
2050-06-13 05:00:00,2050-06-13 03:00:00,1482.1,0.0,0.0,0.2,1482.3,1436.5,1476.3,15.0,0.0,0.0308,0.0388,hydro,gas-cc,264.9,5.0,0.5,31.3,1999.2,0.11,265.2,90.9,356.1,270.6,5.1,0.51,32.0,2042.1,0.12,270.9,92.9,363.8,144.6,2.7,0.27,17.1,1090.5,0.06,144.8,49.6,194.4,412.1,7.8,0.78,48.7,3110.0,0.18,412.6,141.4,554.0,42.66,0.0,0.0,42.66,44.38,0.0,0.0,44.38,0.0,0.0,0.0,1467.4,6.0,388.6,0.0,0.0,0.0,0.0,0.0,1072.7,0.0,0.0,0.0,0.0,0.0,0.0,0.0,6.0,0.0
2050-06-13 06:00:00,2050-06-13 04:00:00,1435.8,0.0,0.0,0.0,1435.8,1392.0,1433.6,0.0,0.0,0.0305,0.0375,battery,gas-cc,201.7,3.8,0.38,23.8,1522.1,0.09,201.9,69.2,271.1,208.1,3.9,0.39,24.6,1570.0,0.09,208.3,71.4,279.7,140.9,2.7,0.27,16.7,1062.4,0.06,141.1,48.3,189.4,424.0,8.0,0.8,50.1,3199.8,0.18,424.5,145.5,570.0,40.62,0.0,0.0,40.62,42.2,0.0,0.0,42.2,0.0,0.0,0.0,1435.8,2.2,634.4,0.0,0.0,0.0,0.0,0.0,799.1,0.0,0.0,0.0,0.0,0.0,0.0,0.0,2.2,0.0
2050-06-13 07:00:00,2050-06-13 05:00:00,1381.1,0.0,0.0,5.2,1386.3,1339.3,-805.7,0.0,805.7,0.0303,0.0361,wind-ons,wind-ons,0.0,0.0,0.0,0.0,0.0,0.0,0.0,0.0,0.0,0.0,0.0,0.0,0.0,0.0,0.0,0.0,0.0,0.0,139.7,2.6,0.26,16.5,1053.3,0.06,139.9,47.9,187.8,0.0,0.0,0.0,0.0,0.0,0.0,0.0,0.0,0.0,4.9,0.0,0.0,4.9,5.08,0.0,0.0,5.08,0.0,0.0,0.0,2192.0,2192.0,0.0,0.0,0.0,0.0,0.0,92.3,0.0,0.0,0.0,0.0,0.0,0.0,0.0,2095.4,4.3,0.0
2050-06-13 08:00:00,2050-06-13 06:00:00,1494.7,1571.4,0.0,0.0,3066.1,1448.7,0.0,0.0,0.0,0.0308,0.0391,upv,upv,0.0,0.0,0.0,0.0,0.0,0.0,0.0,0.0,0.0,0.0,0.0,0.0,0.0,0.0,0.0,0.0,0.0,0.0,139.8,2.6,0.26,16.5,1053.9,0.06,139.9,47.9,187.9,0.0,0.0,0.0,0.0,0.0,0.0,0.0,0.0,0.0,0.0,0.0,0.0,0.0,0.0,0.0,0.0,0.0,9.0,4902.1,4911.1,3066.1,3066.1,0.0,0.0,0.0,0.0,0.0,336.3,0.0,0.0,0.0,0.0,0.0,0.0,0.0,2729.8,0.0,0.0
2050-06-13 09:00:00,2050-06-13 07:00:00,1722.1,2367.0,0.0,0.0,4089.1,1666.5,0.0,0.0,0.0,0.0323,0.045,upv,upv,0.0,0.0,0.0,0.0,0.0,0.0,0.0,0.0,0.0,0.0,0.0,0.0,0.0,0.0,0.0,0.0,0.0,0.0,140.0,2.6,0.26,16.5,1055.5,0.06,140.2,48.0,188.2,0.0,0.0,0.0,0.0,0.0,0.0,0.0,0.0,0.0,0.0,0.0,0.0,0.0,0.0,0.0,0.0,0.0,7.0,6078.6,6085.6,4089.1,4089.1,0.0,0.0,0.0,0.0,0.0,429.1,0.0,0.0,0.0,0.0,0.0,0.0,0.0,3660.0,0.0,0.0
2050-06-13 10:00:00,2050-06-13 08:00:00,1976.8,2431.9,0.0,0.0,4408.7,1908.9,0.0,0.0,0.0,0.0344,0.0517,upv,upv,0.0,0.0,0.0,0.0,0.0,0.0,0.0,0.0,0.0,0.0,0.0,0.0,0.0,0.0,0.0,0.0,0.0,0.0,140.3,2.6,0.27,16.6,1057.7,0.06,140.5,48.1,188.6,0.0,0.0,0.0,0.0,0.0,0.0,0.0,0.0,0.0,0.0,0.0,0.0,0.0,0.0,0.0,0.0,0.0,6.5,5873.5,5880.0,4408.7,4408.7,0.0,0.0,0.0,0.0,0.0,433.8,0.0,0.0,0.0,0.0,0.0,0.0,0.0,3975.0,0.0,0.0
2050-06-13 11:00:00,2050-06-13 09:00:00,2172.6,2431.9,0.0,0.0,4604.5,2094.1,0.0,0.0,0.0,0.0362,0.0568,upv,upv,0.0,0.0,0.0,0.0,0.0,0.0,0.0,0.0,0.0,0.0,0.0,0.0,0.0,0.0,0.0,0.0,0.0,0.0,140.6,2.7,0.27,16.6,1059.7,0.06,140.7,48.2,188.9,0.0,0.0,0.0,0.0,0.0,0.0,0.0,0.0,0.0,0.0,0.0,0.0,0.0,0.0,0.0,0.0,0.0,1.2,5684.5,5685.8,4604.5,4604.5,0.0,0.0,0.0,0.0,0.0,434.1,0.0,0.0,0.0,0.0,0.0,0.0,0.0,4170.4,0.0,0.0
2050-06-13 12:00:00,2050-06-13 10:00:00,2298.9,3211.2,0.0,0.0,5510.1,2213.0,0.0,0.0,0.0,0.0374,0.0601,upv,upv,0.0,0.0,0.0,0.0,0.0,0.0,0.0,0.0,0.0,0.0,0.0,0.0,0.0,0.0,0.0,0.0,0.0,0.0,140.7,2.7,0.27,16.6,1061.1,0.06,140.9,48.3,189.2,0.0,0.0,0.0,0.0,0.0,0.0,0.0,0.0,0.0,0.0,0.0,0.0,0.0,0.0,0.0,0.0,0.0,0.1,4799.4,4799.5,5510.1,5510.1,0.0,0.0,0.0,0.0,0.0,435.2,0.0,0.0,0.0,0.0,0.0,0.0,0.0,5074.9,0.0,0.0
2050-06-13 13:00:00,2050-06-13 11:00:00,2425.3,3374.2,0.0,0.0,5799.5,2331.5,-0.0,0.0,0.0,0.0387,0.0634,upv,upv,0.0,0.0,0.0,0.0,0.0,0.0,0.0,0.0,0.0,0.0,0.0,0.0,0.0,0.0,0.0,0.0,0.0,0.0,140.9,2.7,0.27,16.7,1062.5,0.06,141.1,48.3,189.4,0.0,0.0,0.0,0.0,0.0,0.0,0.0,0.0,0.0,0.0,0.0,0.0,0.0,0.0,0.0,0.0,0.0,0.2,4503.2,4503.4,5799.5,5799.5,0.0,0.0,0.0,0.0,0.0,434.9,0.0,0.0,0.0,0.0,0.0,0.0,0.0,5364.6,0.0,0.0
2050-06-13 14:00:00,2050-06-13 12:00:00,2517.9,2788.6,0.0,0.0,5306.5,2418.1,0.0,0.0,0.0,0.0396,0.0658,upv,upv,0.0,0.0,0.0,0.0,0.0,0.0,0.0,0.0,0.0,0.0,0.0,0.0,0.0,0.0,0.0,0.0,0.0,0.0,141.1,2.7,0.27,16.7,1063.5,0.06,141.2,48.4,189.6,0.0,0.0,0.0,0.0,0.0,0.0,0.0,0.0,0.0,0.0,0.0,0.0,0.0,0.0,0.0,0.0,0.0,0.0,4955.6,4955.6,5306.5,5306.5,0.0,0.0,0.0,0.0,0.0,433.1,0.0,0.0,0.0,0.0,0.0,0.0,0.0,4873.4,0.0,0.0
2050-06-13 15:00:00,2050-06-13 13:00:00,2654.7,3795.7,0.0,0.0,6450.4,2545.7,0.0,0.0,0.0,0.0411,0.0694,upv,upv,0.0,0.0,0.0,0.0,0.0,0.0,0.0,0.0,0.0,0.0,0.0,0.0,0.0,0.0,0.0,0.0,0.0,0.0,141.3,2.7,0.27,16.7,1065.1,0.06,141.4,48.4,189.9,0.0,0.0,0.0,0.0,0.0,0.0,0.0,0.0,0.0,0.0,0.0,0.0,0.0,0.0,0.0,0.0,0.0,0.0,3825.4,3825.4,6450.4,6450.4,0.0,0.0,0.0,0.0,0.0,433.8,0.0,0.0,0.0,0.0,0.0,0.0,0.0,6016.6,0.0,0.0
2050-06-13 16:00:00,2050-06-13 14:00:00,2781.1,3990.5,0.0,0.0,6771.5,2663.1,0.0,0.0,0.0,0.0424,0.0727,upv,upv,0.0,0.0,0.0,0.0,0.0,0.0,0.0,0.0,0.0,0.0,0.0,0.0,0.0,0.0,0.0,0.0,0.0,0.0,141.5,2.7,0.27,16.7,1066.6,0.06,141.6,48.5,190.2,0.0,0.0,0.0,0.0,0.0,0.0,0.0,0.0,0.0,0.0,0.0,0.0,0.0,0.0,0.0,0.0,0.0,2.3,3423.1,3425.4,6771.5,6771.5,0.0,0.0,0.0,0.0,0.0,430.2,0.0,0.0,0.0,0.0,0.0,0.0,0.0,6341.4,0.0,0.0
2050-06-13 17:00:00,2050-06-13 15:00:00,2971.6,3887.8,0.0,0.0,6859.4,2839.3,0.0,0.0,0.0,0.0445,0.0777,upv,upv,0.0,0.0,0.0,0.0,0.0,0.0,0.0,0.0,0.0,0.0,0.0,0.0,0.0,0.0,0.0,0.0,0.0,0.0,141.8,2.7,0.27,16.8,1069.0,0.06,141.9,48.6,190.6,0.0,0.0,0.0,0.0,0.0,0.0,0.0,0.0,0.0,0.0,0.0,0.0,0.0,0.0,0.0,0.0,0.0,7.0,3261.3,3268.3,6859.4,6859.4,0.0,0.0,0.0,0.0,0.0,427.3,0.0,0.0,0.0,0.0,0.0,0.0,0.0,6432.1,0.0,0.0
2050-06-13 18:00:00,2050-06-13 16:00:00,3147.4,674.6,0.0,0.0,3822.0,3001.0,0.0,0.0,0.0,0.0465,0.0823,upv,upv,0.0,0.0,0.0,0.0,0.0,0.0,0.0,0.0,0.0,0.0,0.0,0.0,0.0,0.0,0.0,0.0,0.0,0.0,142.1,2.7,0.27,16.8,1071.2,0.06,142.2,48.7,191.0,0.0,0.0,0.0,0.0,0.0,0.0,0.0,0.0,0.0,0.0,0.0,0.0,0.0,0.0,0.0,0.0,0.0,13.8,5765.4,5779.2,3822.0,3822.0,0.0,0.0,0.0,0.0,0.0,404.6,0.0,0.0,0.0,0.0,0.0,0.0,0.0,3417.4,0.0,0.0
2050-06-13 19:00:00,2050-06-13 17:00:00,3268.4,641.7,0.0,10.7,3920.8,3111.9,-1640.0,0.0,1640.0,0.0479,0.0855,upv,upv,0.0,0.0,0.0,0.0,0.0,0.0,0.0,0.0,0.0,0.0,0.0,0.0,0.0,0.0,0.0,0.0,0.0,0.0,142.5,2.7,0.27,16.8,1074.3,0.06,142.6,48.9,191.5,0.0,0.0,0.0,0.0,0.0,0.0,0.0,0.0,0.0,0.0,0.0,0.0,0.0,0.0,0.0,0.0,0.0,24.7,255.1,279.8,5560.7,5560.7,0.0,0.0,0.0,0.0,0.0,0.0,0.0,0.0,0.0,0.0,0.0,0.0,0.0,5560.7,0.0,0.0
2050-06-13 20:00:00,2050-06-13 18:00:00,3350.5,0.0,0.0,10.7,3361.2,3186.9,1903.3,0.0,1640.0,0.0488,0.0876,battery,gas-cc,57.9,1.1,0.11,6.8,437.0,0.03,58.0,19.9,77.8,60.9,1.1,0.11,7.2,459.4,0.03,60.9,20.9,81.8,143.1,2.7,0.27,16.9,1079.0,0.06,143.3,49.1,192.4,405.8,7.6,0.76,47.9,3062.5,0.18,406.3,139.2,545.5,34.88,0.0,0.0,34.88,38.23,0.0,0.0,38.23,0.0,0.0,0.0,5001.2,1457.9,2744.1,0.0,0.0,0.0,0.0,58.7,799.1,0.0,0.0,0.0,0.0,0.0,0.0,1332.8,66.3,0.0
2050-06-13 21:00:00,2050-06-13 19:00:00,3247.4,0.0,0.0,10.7,3258.0,3092.6,3152.8,0.0,1640.0,0.0477,0.0849,battery,gas-cc,59.1,1.1,0.11,7.0,446.2,0.03,59.2,20.3,79.5,62.1,1.2,0.12,7.3,468.5,0.03,62.2,21.3,83.5,143.6,2.7,0.27,17.0,1082.5,0.06,143.7,49.2,193.0,404.6,7.6,0.76,47.8,3053.4,0.18,405.1,138.8,543.9,34.88,0.0,0.0,34.88,38.12,0.0,0.0,38.12,0.0,0.0,0.0,4898.0,105.3,3993.6,0.0,0.0,0.0,0.0,0.0,799.1,0.0,0.0,0.0,0.0,0.0,0.0,0.0,105.3,0.0
2050-06-13 22:00:00,2050-06-13 20:00:00,3133.7,0.0,0.0,11.1,3144.7,2988.4,3055.3,0.0,1665.5,0.0464,0.0819,battery,gas-cc,60.2,1.1,0.11,7.1,454.3,0.03,60.3,20.7,80.9,63.1,1.2,0.12,7.5,476.4,0.03,63.2,21.7,84.9,143.3,2.7,0.27,16.9,1080.3,0.06,143.4,49.1,192.6,430.8,8.1,0.81,50.9,3250.6,0.19,431.2,147.8,579.0,34.88,0.0,0.0,34.88,38.0,0.0,0.0,38.0,0.0,0.0,0.0,4810.3,89.5,3921.7,0.0,0.0,0.0,0.0,0.0,799.1,0.0,0.0,0.0,0.0,0.0,0.0,0.0,89.5,0.0
2050-06-13 23:00:00,2050-06-13 21:00:00,2843.2,0.0,0.0,11.3,2854.4,2720.6,2794.1,0.0,1678.3,0.0431,0.0744,battery,gas-cc,63.9,1.2,0.12,7.5,482.1,0.03,64.0,21.9,85.9,66.8,1.3,0.13,7.9,503.9,0.03,66.8,22.9,89.8,142.8,2.7,0.27,16.9,1076.7,0.06,143.0,49.0,191.9,432.8,8.2,0.82,51.1,3266.1,0.19,433.3,148.5,581.8,34.88,0.0,0.0,34.88,37.69,0.0,0.0,37.69,0.0,0.0,0.0,4532.7,60.4,3673.2,0.0,0.0,0.0,0.0,0.0,799.1,0.0,0.0,0.0,0.0,0.0,0.0,0.0,60.4,0.0
2050-06-14 00:00:00,2050-06-13 22:00:00,2497.9,0.0,0.0,10.7,2508.6,2399.4,2470.4,0.0,1640.0,0.0394,0.0653,battery,gas-cc,93.7,1.8,0.18,11.1,707.2,0.04,93.8,32.2,126.0,97.6,1.8,0.18,11.5,736.2,0.04,97.7,33.5,131.1,161.4,3.0,0.31,19.1,1217.1,0.07,161.6,55.4,216.9,418.2,7.9,0.79,49.4,3155.5,0.18,418.6,143.5,562.1,35.15,0.0,0.0,35.15,37.61,0.0,0.0,37.61,0.0,0.0,0.0,4148.5,38.2,3037.6,0.0,0.0,0.0,0.0,0.0,1072.7,0.0,0.0,0.0,0.0,0.0,0.0,0.0,38.2,0.0
2050-06-14 01:00:00,2050-06-13 23:00:00,2198.9,0.0,0.0,10.7,2209.6,2118.9,2178.1,0.0,1640.0,0.0364,0.0575,battery,gas-cc,101.0,1.9,0.19,11.9,762.1,0.04,101.1,34.7,135.7,104.8,2.0,0.2,12.4,790.9,0.05,104.9,36.0,140.9,141.5,2.7,0.27,16.7,1066.9,0.06,141.7,48.5,190.2,414.7,7.8,0.78,49.0,3129.3,0.18,415.1,142.3,557.4,35.15,0.0,0.0,35.15,37.3,0.0,0.0,37.3,0.0,0.0,0.0,3849.6,31.5,2745.3,0.0,0.0,0.0,0.0,0.0,1072.7,0.0,0.0,0.0,0.0,0.0,0.0,0.0,31.5,0.0
2050-06-14 02:00:00,2050-06-14 00:00:00,1920.0,0.0,0.0,10.7,1930.7,1854.9,1886.5,0.0,1640.0,0.0339,0.0502,battery,gas-cc,108.9,2.1,0.21,12.9,821.6,0.05,109.0,37.4,146.4,112.7,2.1,0.21,13.3,850.4,0.05,112.8,38.7,151.5,156.1,2.9,0.3,18.4,1177.0,0.07,156.3,53.5,209.8,411.5,7.8,0.78,48.6,3105.3,0.18,411.9,141.2,553.1,35.15,0.0,0.0,35.15,37.01,0.0,0.0,37.01,0.0,0.0,0.0,3570.6,44.2,2453.7,0.0,0.0,0.0,0.0,0.0,1072.7,0.0,0.0,0.0,0.0,0.0,0.0,0.0,44.2,0.0
2050-06-14 03:00:00,2050-06-14 01:00:00,1734.7,0.0,0.0,10.6,1745.3,1678.5,1705.8,0.0,1625.2,0.0324,0.0454,battery,gas-cc,115.3,2.2,0.22,13.6,870.4,0.05,115.5,39.6,155.0,119.2,2.2,0.22,14.1,899.5,0.05,119.3,40.9,160.2,141.0,2.7,0.27,16.7,1063.3,0.06,141.2,48.4,189.6,391.8,7.4,0.74,46.3,2956.3,0.17,392.2,134.4,526.6,35.15,0.0,0.0,35.15,36.82,0.0,0.0,36.82,0.0,0.0,0.0,3370.5,39.5,2258.3,0.0,0.0,0.0,0.0,0.0,1072.7,0.0,0.0,0.0,0.0,0.0,0.0,0.0,39.5,0.0
2050-06-14 04:00:00,2050-06-14 02:00:00,1580.0,0.0,0.0,4.1,1584.1,1530.5,1543.0,0.0,631.3,0.0313,0.0413,battery,gas-cc,175.5,3.3,0.33,20.7,1324.2,0.08,175.7,60.2,235.9,181.2,3.4,0.34,21.4,1367.1,0.08,181.4,62.2,243.5,140.6,2.7,0.27,16.6,1059.9,0.06,140.7,48.2,189.0,390.1,7.4,0.74,46.1,2943.8,0.17,390.5,133.9,524.4,35.15,0.0,0.0,35.15,36.67,0.0,0.0,36.67,0.0,0.0,0.0,2215.4,41.1,1101.5,0.0,0.0,0.0,0.0,0.0,1072.7,0.0,0.0,0.0,0.0,0.0,0.0,0.0,41.1,0.0
2050-06-14 05:00:00,2050-06-14 03:00:00,1464.2,0.0,0.0,1.4,1465.7,1419.3,1445.4,93.1,0.0,0.0307,0.0383,battery,gas-cc,283.2,5.3,0.53,33.5,2137.4,0.12,283.5,97.2,380.7,273.6,5.2,0.52,32.3,2064.9,0.12,273.9,93.9,367.8,140.7,2.7,0.27,16.6,1060.6,0.06,140.8,48.2,189.1,406.4,7.7,0.77,48.0,3066.8,0.18,406.8,139.4,546.3,35.15,0.0,0.0,35.15,36.55,0.0,0.0,36.55,0.0,0.0,0.0,1372.5,20.3,279.5,0.0,0.0,0.0,0.0,0.0,1072.7,0.0,0.0,0.0,0.0,0.0,0.0,0.0,20.3,0.0
2050-06-14 06:00:00,2050-06-14 04:00:00,1417.9,0.0,0.0,1.6,1419.5,1374.7,1413.4,101.6,0.0,0.0304,0.0371,gas-cc,gas-cc,282.9,5.3,0.53,33.4,2135.1,0.12,283.2,97.1,380.3,270.9,5.1,0.51,32.0,2044.6,0.12,271.2,93.0,364.2,140.8,2.7,0.27,16.6,1061.7,0.06,141.0,48.3,189.3,376.4,7.1,0.71,44.5,2840.0,0.16,376.8,129.1,505.9,34.25,0.0,0.0,34.25,35.57,0.0,0.0,35.57,0.0,0.0,0.0,1317.9,6.0,282.9,0.0,0.0,0.0,0.0,0.0,1028.9,0.0,0.0,0.0,0.0,0.0,0.0,0.0,6.0,0.0
2050-06-14 07:00:00,2050-06-14 05:00:00,1414.7,0.0,0.0,5.9,1420.6,1371.7,380.3,380.3,0.0,0.0304,0.037,battery,upv,0.0,0.0,0.0,0.0,0.0,0.0,0.0,0.0,0.0,0.0,0.0,0.0,0.0,0.0,0.0,0.0,0.0,0.0,139.8,2.6,0.26,16.5,1053.6,0.06,139.9,47.9,187.8,0.0,0.0,0.0,0.0,0.0,0.0,0.0,0.0,0.0,4.94,0.0,0.0,4.94,5.13,0.0,0.0,5.13,0.0,0.0,0.0,1040.3,1040.3,0.0,0.0,0.0,0.0,0.0,43.7,0.0,0.0,0.0,0.0,0.0,0.0,0.0,991.1,5.5,0.0
2050-06-14 08:00:00,2050-06-14 06:00:00,1503.2,2358.4,0.0,0.0,3861.5,1456.8,-0.0,0.0,0.0,0.0309,0.0393,upv,upv,0.0,0.0,0.0,0.0,0.0,0.0,0.0,0.0,0.0,0.0,0.0,0.0,0.0,0.0,0.0,0.0,0.0,0.0,139.8,2.6,0.26,16.5,1053.9,0.06,139.9,47.9,187.9,0.0,0.0,0.0,0.0,0.0,0.0,0.0,0.0,0.0,0.0,0.0,0.0,0.0,0.0,0.0,0.0,0.0,9.4,1934.2,1943.6,3861.5,3861.5,0.0,0.0,0.0,0.0,0.0,244.7,0.0,0.0,0.0,0.0,0.0,0.0,0.0,3616.9,0.0,0.0
2050-06-14 09:00:00,2050-06-14 07:00:00,1708.4,4019.6,0.0,0.0,5728.0,1653.4,0.0,0.0,0.0,0.0322,0.0447,upv,upv,0.0,0.0,0.0,0.0,0.0,0.0,0.0,0.0,0.0,0.0,0.0,0.0,0.0,0.0,0.0,0.0,0.0,0.0,140.0,2.6,0.26,16.5,1055.4,0.06,140.1,48.0,188.1,0.0,0.0,0.0,0.0,0.0,0.0,0.0,0.0,0.0,0.0,0.0,0.0,0.0,0.0,0.0,0.0,0.0,6.9,3663.7,3670.6,5728.0,5728.0,0.0,0.0,0.0,0.0,0.0,396.3,0.0,0.0,0.0,0.0,0.0,0.0,0.0,5331.7,0.0,0.0
2050-06-14 10:00:00,2050-06-14 08:00:00,1984.2,3824.8,0.0,0.0,5809.0,1915.9,-0.0,0.0,0.0,0.0344,0.0519,upv,upv,0.0,0.0,0.0,0.0,0.0,0.0,0.0,0.0,0.0,0.0,0.0,0.0,0.0,0.0,0.0,0.0,0.0,0.0,140.3,2.6,0.27,16.6,1057.8,0.06,140.5,48.1,188.6,0.0,0.0,0.0,0.0,0.0,0.0,0.0,0.0,0.0,0.0,0.0,0.0,0.0,0.0,0.0,0.0,0.0,4.2,4426.2,4430.4,5809.0,5809.0,0.0,0.0,0.0,0.0,0.0,432.0,0.0,0.0,0.0,0.0,0.0,0.0,0.0,5377.0,0.0,0.0
2050-06-14 11:00:00,2050-06-14 09:00:00,2177.9,2850.6,0.0,0.0,5028.5,2099.0,0.0,0.0,0.0,0.0362,0.057,upv,upv,0.0,0.0,0.0,0.0,0.0,0.0,0.0,0.0,0.0,0.0,0.0,0.0,0.0,0.0,0.0,0.0,0.0,0.0,140.6,2.7,0.27,16.6,1060.1,0.06,140.8,48.2,189.0,0.0,0.0,0.0,0.0,0.0,0.0,0.0,0.0,0.0,0.0,0.0,0.0,0.0,0.0,0.0,0.0,0.0,2.8,5281.0,5283.8,5028.5,5028.5,0.0,0.0,0.0,0.0,0.0,435.2,0.0,0.0,0.0,0.0,0.0,0.0,0.0,4593.3,0.0,0.0
2050-06-14 12:00:00,2050-06-14 10:00:00,2306.3,223.9,0.0,0.0,2530.2,2219.9,0.0,0.0,0.0,0.0375,0.0603,upv,upv,0.0,0.0,0.0,0.0,0.0,0.0,0.0,0.0,0.0,0.0,0.0,0.0,0.0,0.0,0.0,0.0,0.0,0.0,140.8,2.7,0.27,16.6,1061.1,0.06,140.9,48.3,189.2,0.0,0.0,0.0,0.0,0.0,0.0,0.0,0.0,0.0,0.0,0.0,0.0,0.0,0.0,0.0,0.0,0.0,0.2,7779.3,7779.5,2530.2,2530.2,0.0,0.0,0.0,0.0,0.0,435.2,0.0,0.0,0.0,0.0,0.0,0.0,0.0,2095.0,0.0,0.0
2050-06-14 13:00:00,2050-06-14 11:00:00,2428.4,1707.1,0.0,0.0,4135.6,2334.5,0.0,0.0,0.0,0.0387,0.0635,upv,upv,0.0,0.0,0.0,0.0,0.0,0.0,0.0,0.0,0.0,0.0,0.0,0.0,0.0,0.0,0.0,0.0,0.0,0.0,140.9,2.7,0.27,16.7,1062.5,0.06,141.1,48.3,189.4,0.0,0.0,0.0,0.0,0.0,0.0,0.0,0.0,0.0,0.0,0.0,0.0,0.0,0.0,0.0,0.0,0.0,1.1,6174.0,6175.0,4135.6,4135.6,0.0,0.0,0.0,0.0,0.0,435.2,0.0,0.0,0.0,0.0,0.0,0.0,0.0,3700.3,0.0,0.0
2050-06-14 14:00:00,2050-06-14 12:00:00,2510.5,3759.9,0.0,0.0,6270.4,2411.3,-0.0,0.0,0.0,0.0395,0.0657,upv,upv,0.0,0.0,0.0,0.0,0.0,0.0,0.0,0.0,0.0,0.0,0.0,0.0,0.0,0.0,0.0,0.0,0.0,0.0,141.1,2.7,0.27,16.7,1063.4,0.06,141.2,48.4,189.6,0.0,0.0,0.0,0.0,0.0,0.0,0.0,0.0,0.0,0.0,0.0,0.0,0.0,0.0,0.0,0.0,0.0,7.3,4039.1,4046.4,6270.4,6270.4,0.0,0.0,0.0,0.0,0.0,435.2,0.0,0.0,0.0,0.0,0.0,0.0,0.0,5835.2,0.0,0.0
2050-06-14 15:00:00,2050-06-14 13:00:00,2647.4,3957.5,0.0,0.0,6604.9,2538.9,0.0,0.0,0.0,0.041,0.0692,upv,upv,0.0,0.0,0.0,0.0,0.0,0.0,0.0,0.0,0.0,0.0,0.0,0.0,0.0,0.0,0.0,0.0,0.0,0.0,141.3,2.7,0.27,16.7,1065.0,0.06,141.4,48.4,189.9,0.0,0.0,0.0,0.0,0.0,0.0,0.0,0.0,0.0,0.0,0.0,0.0,0.0,0.0,0.0,0.0,0.0,0.0,3726.7,3726.7,6604.9,6604.9,0.0,0.0,0.0,0.0,0.0,435.2,0.0,0.0,0.0,0.0,0.0,0.0,0.0,6147.6,22.1,0.0
2050-06-14 16:00:00,2050-06-14 14:00:00,2775.8,3600.8,0.0,0.0,6376.6,2658.2,0.0,0.0,0.0,0.0424,0.0726,upv,upv,0.0,0.0,0.0,0.0,0.0,0.0,0.0,0.0,0.0,0.0,0.0,0.0,0.0,0.0,0.0,0.0,0.0,0.0,141.5,2.7,0.27,16.7,1066.6,0.06,141.6,48.5,190.1,0.0,0.0,0.0,0.0,0.0,0.0,0.0,0.0,0.0,0.0,0.0,0.0,0.0,0.0,0.0,0.0,0.0,0.0,3972.2,3972.2,6376.6,6376.6,0.0,0.0,0.0,0.0,0.0,435.2,0.0,0.0,0.0,0.0,0.0,0.0,0.0,5902.1,39.3,0.0
2050-06-14 17:00:00,2050-06-14 15:00:00,2961.1,2431.9,0.0,0.0,5393.0,2829.5,0.0,0.0,0.0,0.0444,0.0774,upv,upv,0.0,0.0,0.0,0.0,0.0,0.0,0.0,0.0,0.0,0.0,0.0,0.0,0.0,0.0,0.0,0.0,0.0,0.0,141.8,2.7,0.27,16.8,1068.9,0.06,141.9,48.6,190.6,0.0,0.0,0.0,0.0,0.0,0.0,0.0,0.0,0.0,0.0,0.0,0.0,0.0,0.0,0.0,0.0,0.0,0.0,4982.8,4982.8,5393.0,5393.0,0.0,0.0,0.0,0.0,0.0,435.2,0.0,0.0,0.0,0.0,0.0,0.0,0.0,4891.5,66.2,0.0
2050-06-14 18:00:00,2050-06-14 16:00:00,3124.2,2431.9,0.0,0.0,5556.1,2979.7,0.0,0.0,0.0,0.0462,0.0817,upv,upv,0.0,0.0,0.0,0.0,0.0,0.0,0.0,0.0,0.0,0.0,0.0,0.0,0.0,0.0,0.0,0.0,0.0,0.0,142.1,2.7,0.27,16.8,1070.9,0.06,142.2,48.7,190.9,0.0,0.0,0.0,0.0,0.0,0.0,0.0,0.0,0.0,0.0,0.0,0.0,0.0,0.0,0.0,0.0,0.0,0.0,4703.8,4703.8,5556.1,5556.1,0.0,0.0,0.0,0.0,0.0,428.7,0.0,0.0,0.0,0.0,0.0,0.0,0.0,5028.3,99.0,0.0
2050-06-14 19:00:00,2050-06-14 17:00:00,3250.5,0.0,0.0,0.0,3250.5,3095.5,0.0,0.0,0.0,0.0477,0.085,upv,upv,0.0,0.0,0.0,0.0,0.0,0.0,0.0,0.0,0.0,0.0,0.0,0.0,0.0,0.0,0.0,0.0,0.0,0.0,148.3,2.8,0.28,17.5,1117.8,0.06,148.4,50.8,199.3,0.0,0.0,0.0,0.0,0.0,0.0,0.0,0.0,0.0,0.0,0.0,0.0,0.0,0.0,0.0,0.0,0.0,0.0,4173.5,4173.5,3250.5,3250.5,0.0,0.0,0.0,0.0,0.0,306.9,0.0,0.0,0.0,0.0,0.0,0.0,0.0,2792.8,150.8,0.0
2050-06-14 20:00:00,2050-06-14 18:00:00,3332.6,0.0,0.0,17.6,3350.2,3170.5,1303.8,445.3,1640.0,0.0486,0.0872,battery,gas-cc,0.0,0.0,0.0,0.0,0.0,0.0,0.0,0.0,0.0,0.0,0.0,0.0,0.0,0.0,0.0,0.0,0.0,0.0,143.2,2.7,0.27,16.9,1079.7,0.06,143.4,49.1,192.5,395.6,7.5,0.75,46.7,2985.4,0.17,396.0,135.7,531.8,32.67,0.0,0.0,32.67,35.79,0.0,0.0,35.79,0.0,0.0,0.0,4544.9,2046.4,2498.5,0.0,0.0,0.0,0.0,77.9,0.0,0.0,0.0,0.0,0.0,0.0,0.0,1767.4,201.1,0.0
2050-06-14 21:00:00,2050-06-14 19:00:00,3247.4,0.0,0.0,15.9,3263.3,3092.6,3051.4,445.3,1384.4,0.0477,0.0849,battery,gas-cc,0.0,0.0,0.0,0.0,0.0,0.0,0.0,0.0,0.0,0.0,0.0,0.0,0.0,0.0,0.0,0.0,0.0,0.0,143.6,2.7,0.27,17.0,1082.5,0.06,143.7,49.2,193.0,388.8,7.3,0.73,45.9,2933.8,0.17,389.2,133.4,522.6,32.67,0.0,0.0,32.67,35.71,0.0,0.0,35.71,0.0,0.0,0.0,4202.4,211.9,3990.5,0.0,0.0,0.0,0.0,0.0,0.0,0.0,0.0,0.0,0.0,0.0,0.0,0.0,211.9,0.0
2050-06-14 22:00:00,2050-06-14 20:00:00,3144.2,0.0,0.0,15.4,3159.6,2998.1,2967.5,445.3,1302.5,0.0465,0.0822,battery,gas-cc,0.0,0.0,0.0,0.0,0.0,0.0,0.0,0.0,0.0,0.0,0.0,0.0,0.0,0.0,0.0,0.0,0.0,0.0,143.4,2.7,0.27,16.9,1080.8,0.06,143.5,49.2,192.7,387.6,7.3,0.73,45.8,2925.1,0.17,388.0,133.0,521.1,32.67,0.0,0.0,32.67,35.6,0.0,0.0,35.6,0.0,0.0,0.0,4016.8,192.1,3824.8,0.0,0.0,0.0,0.0,0.0,0.0,0.0,0.0,0.0,0.0,0.0,0.0,0.0,192.1,0.0
2050-06-14 23:00:00,2050-06-14 21:00:00,2843.2,0.0,0.0,10.9,2854.1,2720.6,2674.3,445.3,621.6,0.0431,0.0744,hydro,gas-cc,0.0,0.0,0.0,0.0,0.0,0.0,0.0,0.0,0.0,0.0,0.0,0.0,0.0,0.0,0.0,0.0,0.0,0.0,142.8,2.7,0.27,16.9,1076.5,0.06,142.9,49.0,191.9,388.8,7.3,0.73,45.9,2933.8,0.17,389.2,133.4,522.6,32.67,0.0,0.0,32.67,35.3,0.0,0.0,35.3,0.0,0.0,0.0,3030.4,179.8,2850.6,0.0,0.0,0.0,0.0,0.0,0.0,0.0,0.0,0.0,0.0,0.0,0.0,0.0,179.8,0.0
2050-06-15 00:00:00,2050-06-14 22:00:00,2533.7,0.0,0.0,17.6,2551.2,2432.9,2429.6,445.3,1640.0,0.0398,0.0663,battery,gas-cc,79.4,1.5,0.15,9.4,599.2,0.03,79.5,27.2,106.7,73.9,1.4,0.14,8.7,557.8,0.03,74.0,25.4,99.4,142.1,2.7,0.27,16.8,1071.3,0.06,142.3,48.7,191.0,388.1,7.3,0.73,45.8,2928.8,0.17,388.5,133.2,521.7,33.36,0.0,0.0,33.36,35.72,0.0,0.0,35.72,0.0,0.0,0.0,3745.9,121.7,2803.4,0.0,0.0,0.0,0.0,0.0,820.8,0.0,0.0,0.0,0.0,0.0,0.0,0.0,121.7,0.0
2050-06-15 01:00:00,2050-06-14 23:00:00,2242.1,0.0,0.0,17.6,2259.7,2159.5,2132.1,445.3,1640.0,0.0368,0.0586,battery,gas-cc,57.4,1.1,0.11,6.8,433.2,0.02,57.5,19.7,77.2,52.8,1.0,0.1,6.2,398.4,0.02,52.9,18.1,71.0,141.5,2.7,0.27,16.7,1066.7,0.06,141.6,48.5,190.2,385.0,7.3,0.73,45.5,2905.1,0.17,385.4,132.1,517.5,33.36,0.0,0.0,33.36,35.43,0.0,0.0,35.43,0.0,0.0,0.0,3454.3,127.6,2779.5,0.0,0.0,0.0,0.0,0.0,547.2,0.0,0.0,0.0,0.0,0.0,0.0,0.0,127.6,0.0
2050-06-15 02:00:00,2050-06-15 00:00:00,1974.7,0.0,0.0,17.6,1992.3,1906.9,1865.5,445.3,1640.0,0.0344,0.0516,gas-cc,gas-cc,85.0,1.6,0.16,10.0,641.8,0.04,85.1,29.2,114.3,77.3,1.5,0.15,9.1,583.1,0.03,77.4,26.5,103.9,141.5,2.7,0.27,16.7,1066.9,0.06,141.7,48.5,190.2,382.1,7.2,0.72,45.1,2883.6,0.17,382.5,131.1,513.7,33.36,0.0,0.0,33.36,35.17,0.0,0.0,35.17,0.0,0.0,0.0,3187.0,126.8,2312.3,0.0,0.0,0.0,0.0,0.0,747.9,0.0,0.0,0.0,0.0,0.0,0.0,0.0,126.8,0.0
2050-06-15 03:00:00,2050-06-15 01:00:00,1793.7,0.0,0.0,14.5,1808.2,1734.8,1724.1,445.3,1172.2,0.0329,0.0469,battery,gas-cc,0.0,0.0,0.0,0.0,0.0,0.0,0.0,0.0,0.0,0.0,0.0,0.0,0.0,0.0,0.0,0.0,0.0,0.0,141.3,2.7,0.27,16.7,1065.0,0.06,141.4,48.4,189.9,380.2,7.2,0.72,44.9,2869.3,0.16,380.6,130.5,511.1,33.36,0.0,0.0,33.36,35.0,0.0,0.0,35.0,0.0,0.0,0.0,2535.1,84.1,2451.1,0.0,0.0,0.0,0.0,0.0,0.0,0.0,0.0,0.0,0.0,0.0,0.0,0.0,84.1,0.0
2050-06-15 04:00:00,2050-06-15 02:00:00,1647.4,0.0,0.0,9.6,1656.9,1595.0,1610.9,445.3,407.6,0.0318,0.0431,gas-cc,gas-cc,14.6,0.3,0.03,1.7,110.2,0.01,14.6,5.0,19.6,11.8,0.2,0.02,1.4,89.3,0.01,11.8,4.1,15.9,152.4,2.9,0.29,18.0,1148.8,0.07,152.5,52.3,204.8,378.7,7.1,0.71,44.7,2857.8,0.16,379.1,129.9,509.1,33.36,0.0,0.0,33.36,34.86,0.0,0.0,34.86,0.0,0.0,0.0,1619.3,46.1,1507.9,0.0,0.0,0.0,0.0,0.0,65.2,0.0,0.0,0.0,0.0,0.0,0.0,0.0,46.1,0.0
2050-06-15 05:00:00,2050-06-15 03:00:00,1546.3,0.0,0.0,6.9,1553.2,1498.2,1487.5,445.3,0.0,0.0311,0.0404,gas-cc,gas-cc,165.3,3.1,0.31,19.5,1247.1,0.07,165.4,56.7,222.1,121.7,2.3,0.23,14.4,918.1,0.05,121.8,41.7,163.6,140.8,2.7,0.27,16.6,1061.3,0.06,140.9,48.3,189.2,377.7,7.1,0.71,44.6,2850.0,0.16,378.1,129.6,507.7,33.36,0.0,0.0,33.36,34.76,0.0,0.0,34.76,0.0,0.0,0.0,1107.9,65.7,536.9,0.0,0.0,0.0,0.0,0.0,505.2,0.0,0.0,0.0,0.0,0.0,0.0,0.0,65.7,0.0
2050-06-15 06:00:00,2050-06-15 04:00:00,1487.4,0.0,0.0,6.9,1494.3,1441.6,1381.3,445.3,0.0,0.0308,0.0389,battery,gas-cc,0.0,0.0,0.0,0.0,0.0,0.0,0.0,0.0,0.0,0.0,0.0,0.0,0.0,0.0,0.0,0.0,0.0,0.0,140.7,2.7,0.27,16.6,1061.0,0.06,140.9,48.3,189.1,377.1,7.1,0.71,44.5,2845.4,0.16,377.5,129.4,506.9,33.36,0.0,0.0,33.36,34.71,0.0,0.0,34.71,0.0,0.0,0.0,1049.0,113.0,936.0,0.0,0.0,0.0,0.0,0.0,0.0,0.0,0.0,0.0,0.0,0.0,0.0,0.0,113.0,0.0
2050-06-15 07:00:00,2050-06-15 05:00:00,1448.4,0.0,0.0,6.9,1455.3,1404.1,-1061.2,0.0,1061.2,0.0306,0.0379,wind-ons,wind-ons,0.0,0.0,0.0,0.0,0.0,0.0,0.0,0.0,0.0,0.0,0.0,0.0,0.0,0.0,0.0,0.0,0.0,0.0,139.8,2.6,0.26,16.5,1053.6,0.06,139.9,47.9,187.8,0.0,0.0,0.0,0.0,0.0,0.0,0.0,0.0,0.0,0.0,0.0,0.0,0.0,0.0,0.0,0.0,0.0,0.0,0.0,0.0,2516.5,2516.5,0.0,0.0,0.0,0.0,0.0,101.4,0.0,0.0,0.0,0.0,0.0,0.0,0.0,2302.2,112.9,0.0
2050-06-15 08:00:00,2050-06-15 06:00:00,1541.1,2561.8,0.0,0.0,4102.8,1493.1,0.0,0.0,0.0,0.0311,0.0403,upv,upv,0.0,0.0,0.0,0.0,0.0,0.0,0.0,0.0,0.0,0.0,0.0,0.0,0.0,0.0,0.0,0.0,0.0,0.0,139.8,2.6,0.26,16.5,1054.2,0.06,140.0,48.0,187.9,0.0,0.0,0.0,0.0,0.0,0.0,0.0,0.0,0.0,0.0,0.0,0.0,0.0,0.0,0.0,0.0,0.0,100.1,4141.9,4242.0,4102.8,4102.8,0.0,0.0,0.0,0.0,0.0,347.9,0.0,0.0,0.0,0.0,0.0,0.0,0.0,3755.0,0.0,0.0
2050-06-15 09:00:00,2050-06-15 07:00:00,1770.5,3990.5,0.0,0.0,5761.0,1712.7,0.0,0.0,0.0,0.0327,0.0463,upv,upv,0.0,0.0,0.0,0.0,0.0,0.0,0.0,0.0,0.0,0.0,0.0,0.0,0.0,0.0,0.0,0.0,0.0,0.0,140.1,2.6,0.27,16.5,1055.9,0.06,140.2,48.0,188.2,0.0,0.0,0.0,0.0,0.0,0.0,0.0,0.0,0.0,0.0,0.0,0.0,0.0,0.0,0.0,0.0,0.0,69.0,4548.5,4617.6,5761.0,5761.0,0.0,0.0,0.0,0.0,0.0,435.2,0.0,0.0,0.0,0.0,0.0,0.0,0.0,5325.8,0.0,0.0
2050-06-15 10:00:00,2050-06-15 08:00:00,2044.2,3824.8,0.0,0.0,5869.0,1972.7,-0.0,0.0,0.0,0.035,0.0535,upv,upv,0.0,0.0,0.0,0.0,0.0,0.0,0.0,0.0,0.0,0.0,0.0,0.0,0.0,0.0,0.0,0.0,0.0,0.0,140.4,2.6,0.27,16.6,1058.4,0.06,140.5,48.1,188.7,0.0,0.0,0.0,0.0,0.0,0.0,0.0,0.0,0.0,0.0,0.0,0.0,0.0,0.0,0.0,0.0,0.0,63.8,4440.6,4504.4,5869.0,5869.0,0.0,0.0,0.0,0.0,0.0,435.2,0.0,0.0,0.0,0.0,0.0,0.0,0.0,5433.7,0.0,0.0
2050-06-15 11:00:00,2050-06-15 09:00:00,2213.7,1292.0,0.0,0.0,3505.7,2132.7,0.0,0.0,0.0,0.0366,0.0579,upv,upv,0.0,0.0,0.0,0.0,0.0,0.0,0.0,0.0,0.0,0.0,0.0,0.0,0.0,0.0,0.0,0.0,0.0,0.0,140.6,2.7,0.27,16.6,1060.1,0.06,140.8,48.2,189.0,0.0,0.0,0.0,0.0,0.0,0.0,0.0,0.0,0.0,0.0,0.0,0.0,0.0,0.0,0.0,0.0,0.0,62.6,6803.8,6866.4,3505.7,3505.7,0.0,0.0,0.0,0.0,0.0,435.2,0.0,0.0,0.0,0.0,0.0,0.0,0.0,3070.5,0.0,0.0
2050-06-15 12:00:00,2050-06-15 10:00:00,2337.9,3990.5,0.0,0.0,6328.4,2249.6,-0.0,0.0,0.0,0.0378,0.0611,upv,upv,0.0,0.0,0.0,0.0,0.0,0.0,0.0,0.0,0.0,0.0,0.0,0.0,0.0,0.0,0.0,0.0,0.0,0.0,140.8,2.7,0.27,16.6,1061.5,0.06,141.0,48.3,189.2,0.0,0.0,0.0,0.0,0.0,0.0,0.0,0.0,0.0,0.0,0.0,0.0,0.0,0.0,0.0,0.0,0.0,0.0,4045.3,4045.3,6328.4,6328.4,0.0,0.0,0.0,0.0,0.0,435.2,0.0,0.0,0.0,0.0,0.0,0.0,0.0,5829.0,64.1,0.0
2050-06-15 13:00:00,2050-06-15 11:00:00,2423.2,2337.9,0.0,0.0,4761.0,2329.5,-0.0,0.0,0.0,0.0386,0.0634,upv,upv,0.0,0.0,0.0,0.0,0.0,0.0,0.0,0.0,0.0,0.0,0.0,0.0,0.0,0.0,0.0,0.0,0.0,0.0,140.9,2.7,0.27,16.7,1062.4,0.06,141.1,48.3,189.4,0.0,0.0,0.0,0.0,0.0,0.0,0.0,0.0,0.0,0.0,0.0,0.0,0.0,0.0,0.0,0.0,0.0,59.4,5548.5,5607.9,4761.0,4761.0,0.0,0.0,0.0,0.0,0.0,435.2,0.0,0.0,0.0,0.0,0.0,0.0,0.0,4325.8,0.0,0.0
2050-06-15 14:00:00,2050-06-15 12:00:00,2466.3,2431.9,0.0,0.0,4898.2,2369.9,0.0,0.0,0.0,0.0391,0.0645,upv,upv,0.0,0.0,0.0,0.0,0.0,0.0,0.0,0.0,0.0,0.0,0.0,0.0,0.0,0.0,0.0,0.0,0.0,0.0,141.0,2.7,0.27,16.7,1062.9,0.06,141.1,48.4,189.5,0.0,0.0,0.0,0.0,0.0,0.0,0.0,0.0,0.0,0.0,0.0,0.0,0.0,0.0,0.0,0.0,0.0,0.0,5477.7,5477.7,4898.2,4898.2,0.0,0.0,0.0,0.0,0.0,435.2,0.0,0.0,0.0,0.0,0.0,0.0,0.0,4396.6,66.4,0.0
2050-06-15 15:00:00,2050-06-15 13:00:00,2577.9,2812.8,0.0,0.0,5390.7,2474.1,-0.0,0.0,0.0,0.0402,0.0674,upv,upv,0.0,0.0,0.0,0.0,0.0,0.0,0.0,0.0,0.0,0.0,0.0,0.0,0.0,0.0,0.0,0.0,0.0,0.0,141.2,2.7,0.27,16.7,1064.2,0.06,141.3,48.4,189.7,0.0,0.0,0.0,0.0,0.0,0.0,0.0,0.0,0.0,0.0,0.0,0.0,0.0,0.0,0.0,0.0,0.0,0.0,5007.0,5007.0,5390.7,5390.7,0.0,0.0,0.0,0.0,0.0,435.2,0.0,0.0,0.0,0.0,0.0,0.0,0.0,4867.3,88.2,0.0
2050-06-15 16:00:00,2050-06-15 14:00:00,2724.2,2836.4,0.0,0.0,5560.7,2610.3,0.0,0.0,0.0,0.0418,0.0712,upv,upv,0.0,0.0,0.0,0.0,0.0,0.0,0.0,0.0,0.0,0.0,0.0,0.0,0.0,0.0,0.0,0.0,0.0,0.0,141.4,2.7,0.27,16.7,1065.9,0.06,141.5,48.5,190.0,0.0,0.0,0.0,0.0,0.0,0.0,0.0,0.0,0.0,0.0,0.0,0.0,0.0,0.0,0.0,0.0,0.0,97.5,4748.9,4846.4,5560.7,5560.7,0.0,0.0,0.0,0.0,0.0,435.2,0.0,0.0,0.0,0.0,0.0,0.0,0.0,5125.4,0.0,0.0
2050-06-15 17:00:00,2050-06-15 15:00:00,2884.2,2431.9,0.0,0.0,5316.1,2758.6,-0.0,0.0,0.0,0.0436,0.0754,upv,upv,0.0,0.0,0.0,0.0,0.0,0.0,0.0,0.0,0.0,0.0,0.0,0.0,0.0,0.0,0.0,0.0,0.0,0.0,141.7,2.7,0.27,16.7,1067.9,0.06,141.8,48.6,190.4,0.0,0.0,0.0,0.0,0.0,0.0,0.0,0.0,0.0,0.0,0.0,0.0,0.0,0.0,0.0,0.0,0.0,115.4,4993.4,5108.8,5316.1,5316.1,0.0,0.0,0.0,0.0,0.0,435.2,0.0,0.0,0.0,0.0,0.0,0.0,0.0,4880.9,0.0,0.0
2050-06-15 18:00:00,2050-06-15 16:00:00,3031.6,2431.9,0.0,0.0,5463.5,2894.5,0.0,0.0,0.0,0.0452,0.0793,upv,upv,0.0,0.0,0.0,0.0,0.0,0.0,0.0,0.0,0.0,0.0,0.0,0.0,0.0,0.0,0.0,0.0,0.0,0.0,141.9,2.7,0.27,16.8,1069.7,0.06,142.0,48.7,190.7,0.0,0.0,0.0,0.0,0.0,0.0,0.0,0.0,0.0,0.0,0.0,0.0,0.0,0.0,0.0,0.0,0.0,0.0,4627.9,4627.9,5463.5,5463.5,0.0,0.0,0.0,0.0,0.0,419.7,0.0,0.0,0.0,0.0,0.0,0.0,0.0,4897.5,146.3,0.0
2050-06-15 19:00:00,2050-06-15 17:00:00,3181.1,224.1,0.0,10.7,3415.8,3031.9,-1640.0,0.0,1640.0,0.0469,0.0832,upv,upv,0.0,0.0,0.0,0.0,0.0,0.0,0.0,0.0,0.0,0.0,0.0,0.0,0.0,0.0,0.0,0.0,0.0,0.0,142.2,2.7,0.27,16.8,1072.4,0.06,142.4,48.8,191.2,0.0,0.0,0.0,0.0,0.0,0.0,0.0,0.0,0.0,0.0,0.0,0.0,0.0,0.0,0.0,0.0,0.0,167.7,1954.4,2122.2,5055.8,5055.8,0.0,0.0,0.0,0.0,0.0,295.9,0.0,0.0,0.0,0.0,0.0,0.0,0.0,4759.8,0.0,0.0
2050-06-15 20:00:00,2050-06-15 18:00:00,3250.5,0.0,0.0,13.6,3264.1,3095.5,1360.4,191.5,1634.8,0.0477,0.085,gas-cc,gas-cc,0.0,0.0,0.0,0.0,0.0,0.0,0.0,0.0,0.0,0.0,0.0,0.0,0.0,0.0,0.0,0.0,0.0,0.0,171.4,3.2,0.32,20.3,1292.8,0.07,171.6,58.8,230.4,396.1,7.5,0.75,46.8,2988.8,0.17,396.5,135.9,532.4,33.24,0.0,0.0,33.24,36.33,0.0,0.0,36.33,0.0,0.0,0.0,4707.3,1903.8,2803.6,0.0,0.0,0.0,0.0,73.2,0.0,0.0,0.0,0.0,0.0,0.0,0.0,1660.8,169.8,0.0
2050-06-15 21:00:00,2050-06-15 19:00:00,3185.3,0.0,0.0,6.6,3191.9,3035.7,3003.4,0.0,1016.2,0.0469,0.0833,gas-cc,gas-cc,0.0,0.0,0.0,0.0,0.0,0.0,0.0,0.0,0.0,0.0,0.0,0.0,0.0,0.0,0.0,0.0,0.0,0.0,153.6,2.9,0.29,18.2,1158.3,0.07,153.8,52.7,206.5,395.3,7.5,0.75,46.7,2983.2,0.17,395.8,135.6,531.4,33.24,0.0,0.0,33.24,36.26,0.0,0.0,36.26,0.0,0.0,0.0,4208.1,188.5,4019.6,0.0,0.0,0.0,0.0,0.0,0.0,0.0,0.0,0.0,0.0,0.0,0.0,0.0,188.5,0.0
2050-06-15 22:00:00,2050-06-15 20:00:00,3087.4,0.0,0.0,14.6,3101.9,2945.9,2897.0,445.3,1178.2,0.0458,0.0807,battery,gas-cc,0.0,0.0,0.0,0.0,0.0,0.0,0.0,0.0,0.0,0.0,0.0,0.0,0.0,0.0,0.0,0.0,0.0,0.0,143.3,2.7,0.27,16.9,1080.3,0.06,143.4,49.1,192.6,398.2,7.5,0.75,47.0,3004.8,0.17,398.6,136.6,535.2,33.24,0.0,0.0,33.24,36.16,0.0,0.0,36.16,0.0,0.0,0.0,3834.8,204.9,3629.9,0.0,0.0,0.0,0.0,0.0,0.0,0.0,0.0,0.0,0.0,0.0,0.0,0.0,204.9,0.0
2050-06-15 23:00:00,2050-06-15 21:00:00,2814.7,0.0,0.0,10.7,2825.4,2694.3,2632.4,445.3,576.9,0.0428,0.0736,battery,gas-cc,0.0,0.0,0.0,0.0,0.0,0.0,0.0,0.0,0.0,0.0,0.0,0.0,0.0,0.0,0.0,0.0,0.0,0.0,142.8,2.7,0.27,16.9,1076.4,0.06,142.9,49.0,191.9,395.1,7.4,0.74,46.7,2981.7,0.17,395.6,135.6,531.1,33.24,0.0,0.0,33.24,35.88,0.0,0.0,35.88,0.0,0.0,0.0,2957.0,193.0,2764.0,0.0,0.0,0.0,0.0,0.0,0.0,0.0,0.0,0.0,0.0,0.0,0.0,0.0,193.0,0.0
2050-06-16 00:00:00,2050-06-15 22:00:00,2521.1,0.0,0.0,17.6,2538.6,2421.1,2363.9,445.3,1640.0,0.0397,0.0659,battery,gas-cc,104.1,2.0,0.2,12.3,785.8,0.05,104.2,35.7,140.0,96.9,1.8,0.18,11.4,731.1,0.04,97.0,33.2,130.2,147.2,2.8,0.28,17.4,1109.9,0.06,147.4,50.5,197.9,388.0,7.3,0.73,45.8,2927.8,0.17,388.4,133.1,521.5,33.36,0.0,0.0,33.36,35.71,0.0,0.0,35.71,0.0,0.0,0.0,3733.3,174.7,2485.8,0.0,0.0,0.0,0.0,0.0,1072.7,0.0,0.0,0.0,0.0,0.0,0.0,0.0,174.7,0.0
2050-06-16 01:00:00,2050-06-15 23:00:00,2242.1,0.0,0.0,17.6,2259.7,2159.5,2105.9,445.3,1640.0,0.0368,0.0586,gas-cc,gas-cc,112.1,2.1,0.21,13.2,846.0,0.05,112.2,38.5,150.7,103.1,1.9,0.19,12.2,778.0,0.04,103.2,35.4,138.6,141.7,2.7,0.27,16.7,1068.0,0.06,141.8,48.6,190.4,385.0,7.3,0.73,45.5,2905.1,0.17,385.4,132.1,517.5,33.36,0.0,0.0,33.36,35.43,0.0,0.0,35.43,0.0,0.0,0.0,3454.3,153.8,2232.0,0.0,0.0,0.0,0.0,0.0,1068.6,0.0,0.0,0.0,0.0,0.0,0.0,0.0,153.8,0.0
2050-06-16 02:00:00,2050-06-16 00:00:00,1966.3,0.0,0.0,14.3,1980.6,1898.9,1834.7,234.0,1640.0,0.0343,0.0514,battery,gas-cc,114.8,2.2,0.22,13.6,866.3,0.05,114.9,39.4,154.3,111.2,2.1,0.21,13.1,839.0,0.05,111.3,38.2,149.5,153.9,2.9,0.29,18.2,1160.2,0.07,154.0,52.8,206.8,382.0,7.2,0.72,45.1,2883.0,0.17,382.5,131.1,513.5,33.36,0.0,0.0,33.36,35.16,0.0,0.0,35.16,0.0,0.0,0.0,3386.6,145.9,2168.0,0.0,0.0,0.0,0.0,0.0,1072.7,0.0,0.0,0.0,0.0,0.0,0.0,0.0,145.9,0.0
2050-06-16 03:00:00,2050-06-16 01:00:00,1791.6,0.0,0.0,10.7,1802.2,1732.7,1664.2,0.0,1640.0,0.0328,0.0469,gas-cc,gas-cc,97.4,1.8,0.18,11.5,734.8,0.04,97.5,33.4,130.9,100.7,1.9,0.19,11.9,759.8,0.04,100.8,34.5,135.3,141.2,2.7,0.27,16.7,1064.8,0.06,141.4,48.4,189.8,380.2,7.2,0.72,44.9,2869.2,0.16,380.6,130.5,511.1,33.36,0.0,0.0,33.36,35.0,0.0,0.0,35.0,0.0,0.0,0.0,3442.2,138.0,2379.3,0.0,0.0,0.0,0.0,0.0,924.9,0.0,0.0,0.0,0.0,0.0,0.0,0.0,138.0,0.0
2050-06-16 04:00:00,2050-06-16 02:00:00,1654.7,0.0,0.0,4.3,1659.0,1602.1,1516.2,4.1,647.6,0.0318,0.0433,gas-cc,gas-cc,136.1,2.6,0.26,16.1,1027.0,0.06,136.2,46.7,182.9,140.3,2.6,0.26,16.6,1058.8,0.06,140.5,48.1,188.6,141.1,2.7,0.27,16.7,1063.8,0.06,141.3,48.4,189.7,378.8,7.1,0.71,44.7,2858.4,0.16,379.2,130.0,509.2,33.36,0.0,0.0,33.36,34.86,0.0,0.0,34.86,0.0,0.0,0.0,2302.6,142.9,1295.0,0.0,0.0,0.0,0.0,0.0,864.7,0.0,0.0,0.0,0.0,0.0,0.0,0.0,142.9,0.0
2050-06-16 05:00:00,2050-06-16 03:00:00,1541.1,0.0,0.0,1.7,1542.7,1493.1,1440.2,109.3,0.0,0.0311,0.0403,gas-cc,gas-cc,132.9,2.5,0.25,15.7,1002.8,0.06,133.0,45.6,178.6,127.4,2.4,0.24,15.1,961.6,0.06,127.6,43.7,171.3,142.3,2.7,0.27,16.8,1073.2,0.06,142.5,48.8,191.3,377.6,7.1,0.71,44.6,2849.6,0.16,378.0,129.6,507.6,33.36,0.0,0.0,33.36,34.76,0.0,0.0,34.76,0.0,0.0,0.0,1433.4,102.5,805.3,0.0,0.0,0.0,0.0,0.0,525.6,0.0,0.0,0.0,0.0,0.0,0.0,0.0,102.5,0.0
2050-06-16 06:00:00,2050-06-16 04:00:00,1487.4,0.0,0.0,4.1,1491.5,1441.6,1382.8,32.4,558.6,0.0308,0.0389,battery,gas-cc,0.0,0.0,0.0,0.0,0.0,0.0,0.0,0.0,0.0,0.0,0.0,0.0,0.0,0.0,0.0,0.0,0.0,0.0,171.9,3.2,0.33,20.3,1296.6,0.07,172.1,59.0,231.1,377.1,7.1,0.71,44.5,2845.4,0.16,377.5,129.4,506.9,33.36,0.0,0.0,33.36,34.71,0.0,0.0,34.71,0.0,0.0,0.0,2017.7,108.7,1909.0,0.0,0.0,0.0,0.0,0.0,0.0,0.0,0.0,0.0,0.0,0.0,0.0,0.0,108.7,0.0
2050-06-16 07:00:00,2050-06-16 05:00:00,1458.9,0.0,0.0,6.3,1465.2,1414.3,-969.0,0.0,969.0,0.0306,0.0382,hydro,upv,0.0,0.0,0.0,0.0,0.0,0.0,0.0,0.0,0.0,0.0,0.0,0.0,0.0,0.0,0.0,0.0,0.0,0.0,141.3,2.7,0.27,16.7,1065.1,0.06,141.4,48.5,189.9,0.0,0.0,0.0,0.0,0.0,0.0,0.0,0.0,0.0,2.04,0.0,0.0,2.04,2.13,0.0,0.0,2.13,0.0,0.0,0.0,2434.2,2434.2,0.0,0.0,0.0,0.0,0.0,99.0,0.0,0.0,0.0,0.0,0.0,0.0,0.0,2245.6,89.6,0.0
2050-06-16 08:00:00,2050-06-16 06:00:00,1551.6,3487.6,0.0,0.0,5039.1,1503.2,0.0,0.0,0.0,0.0312,0.0406,upv,upv,0.0,0.0,0.0,0.0,0.0,0.0,0.0,0.0,0.0,0.0,0.0,0.0,0.0,0.0,0.0,0.0,0.0,0.0,139.8,2.6,0.26,16.5,1054.2,0.06,140.0,48.0,187.9,0.0,0.0,0.0,0.0,0.0,0.0,0.0,0.0,0.0,0.0,0.0,0.0,0.0,0.0,0.0,0.0,0.0,0.0,3100.4,3100.4,5039.1,5039.1,0.0,0.0,0.0,0.0,0.0,341.9,0.0,0.0,0.0,0.0,0.0,0.0,0.0,4660.8,36.4,0.0
2050-06-16 09:00:00,2050-06-16 07:00:00,1757.9,4019.6,0.0,0.0,5777.5,1700.6,-0.0,0.0,0.0,0.0326,0.046,upv,upv,0.0,0.0,0.0,0.0,0.0,0.0,0.0,0.0,0.0,0.0,0.0,0.0,0.0,0.0,0.0,0.0,0.0,0.0,140.0,2.6,0.27,16.5,1055.8,0.06,140.2,48.0,188.2,0.0,0.0,0.0,0.0,0.0,0.0,0.0,0.0,0.0,0.0,0.0,0.0,0.0,0.0,0.0,0.0,0.0,0.0,4569.0,4569.0,5777.5,5777.5,0.0,0.0,0.0,0.0,0.0,435.2,0.0,0.0,0.0,0.0,0.0,0.0,0.0,5305.3,36.9,0.0
2050-06-16 10:00:00,2050-06-16 08:00:00,2028.4,4019.6,0.0,0.0,6048.0,1957.8,0.0,0.0,0.0,0.0348,0.053,upv,upv,0.0,0.0,0.0,0.0,0.0,0.0,0.0,0.0,0.0,0.0,0.0,0.0,0.0,0.0,0.0,0.0,0.0,0.0,140.4,2.6,0.27,16.6,1058.2,0.06,140.5,48.1,188.7,0.0,0.0,0.0,0.0,0.0,0.0,0.0,0.0,0.0,0.0,0.0,0.0,0.0,0.0,0.0,0.0,0.0,0.0,4307.9,4307.9,6048.0,6048.0,0.0,0.0,0.0,0.0,0.0,435.2,0.0,0.0,0.0,0.0,0.0,0.0,0.0,5566.4,46.4,0.0
2050-06-16 11:00:00,2050-06-16 09:00:00,2198.9,4019.6,0.0,0.0,6218.5,2118.9,-0.0,0.0,0.0,0.0364,0.0575,upv,upv,0.0,0.0,0.0,0.0,0.0,0.0,0.0,0.0,0.0,0.0,0.0,0.0,0.0,0.0,0.0,0.0,0.0,0.0,140.6,2.7,0.27,16.6,1060.0,0.06,140.8,48.2,189.0,0.0,0.0,0.0,0.0,0.0,0.0,0.0,0.0,0.0,0.0,0.0,0.0,0.0,0.0,0.0,0.0,0.0,0.0,4150.0,4150.0,6218.5,6218.5,0.0,0.0,0.0,0.0,0.0,435.2,0.0,0.0,0.0,0.0,0.0,0.0,0.0,5724.3,59.0,0.0
2050-06-16 12:00:00,2050-06-16 10:00:00,2291.6,2431.9,0.0,0.0,4723.5,2206.1,-0.0,0.0,0.0,0.0373,0.0599,upv,upv,0.0,0.0,0.0,0.0,0.0,0.0,0.0,0.0,0.0,0.0,0.0,0.0,0.0,0.0,0.0,0.0,0.0,0.0,140.7,2.7,0.27,16.6,1061.0,0.06,140.9,48.3,189.1,0.0,0.0,0.0,0.0,0.0,0.0,0.0,0.0,0.0,0.0,0.0,0.0,0.0,0.0,0.0,0.0,0.0,0.0,5645.3,5645.3,4723.5,4723.5,0.0,0.0,0.0,0.0,0.0,435.2,0.0,0.0,0.0,0.0,0.0,0.0,0.0,4229.0,59.2,0.0
2050-06-16 13:00:00,2050-06-16 11:00:00,2355.8,2431.9,0.0,0.0,4787.7,2266.4,0.0,0.0,0.0,0.038,0.0616,upv,upv,0.0,0.0,0.0,0.0,0.0,0.0,0.0,0.0,0.0,0.0,0.0,0.0,0.0,0.0,0.0,0.0,0.0,0.0,140.8,2.7,0.27,16.6,1061.7,0.06,141.0,48.3,189.3,0.0,0.0,0.0,0.0,0.0,0.0,0.0,0.0,0.0,0.0,0.0,0.0,0.0,0.0,0.0,0.0,0.0,0.0,5603.2,5603.2,4787.7,4787.7,0.0,0.0,0.0,0.0,0.0,435.2,0.0,0.0,0.0,0.0,0.0,0.0,0.0,4271.1,81.3,0.0
2050-06-16 14:00:00,2050-06-16 12:00:00,2396.8,2431.9,0.0,0.0,4828.7,2304.9,0.0,0.0,0.0,0.0384,0.0627,upv,upv,0.0,0.0,0.0,0.0,0.0,0.0,0.0,0.0,0.0,0.0,0.0,0.0,0.0,0.0,0.0,0.0,0.0,0.0,140.9,2.7,0.27,16.6,1062.1,0.06,141.0,48.3,189.4,0.0,0.0,0.0,0.0,0.0,0.0,0.0,0.0,0.0,0.0,0.0,0.0,0.0,0.0,0.0,0.0,0.0,0.0,5579.1,5579.1,4828.7,4828.7,0.0,0.0,0.0,0.0,0.0,435.2,0.0,0.0,0.0,0.0,0.0,0.0,0.0,4295.2,98.3,0.0
2050-06-16 15:00:00,2050-06-16 13:00:00,2480.0,1681.7,0.0,0.0,4161.7,2382.7,0.0,0.0,0.0,0.0392,0.0649,upv,upv,0.0,0.0,0.0,0.0,0.0,0.0,0.0,0.0,0.0,0.0,0.0,0.0,0.0,0.0,0.0,0.0,0.0,0.0,141.0,2.7,0.27,16.7,1063.1,0.06,141.2,48.4,189.5,0.0,0.0,0.0,0.0,0.0,0.0,0.0,0.0,0.0,0.0,0.0,0.0,0.0,0.0,0.0,0.0,0.0,0.0,6265.3,6265.3,4161.7,4161.7,0.0,0.0,0.0,0.0,0.0,435.2,0.0,0.0,0.0,0.0,0.0,0.0,0.0,3609.0,117.4,0.0
2050-06-16 16:00:00,2050-06-16 14:00:00,2608.4,1810.8,0.0,0.0,4419.2,2502.6,-0.0,0.0,0.0,0.0406,0.0682,upv,upv,0.0,0.0,0.0,0.0,0.0,0.0,0.0,0.0,0.0,0.0,0.0,0.0,0.0,0.0,0.0,0.0,0.0,0.0,141.2,2.7,0.27,16.7,1064.6,0.06,141.4,48.4,189.8,0.0,0.0,0.0,0.0,0.0,0.0,0.0,0.0,0.0,0.0,0.0,0.0,0.0,0.0,0.0,0.0,0.0,0.0,6011.4,6011.4,4419.2,4419.2,0.0,0.0,0.0,0.0,0.0,435.2,0.0,0.0,0.0,0.0,0.0,0.0,0.0,3862.9,121.1,0.0
2050-06-16 17:00:00,2050-06-16 15:00:00,2755.8,2400.1,0.0,0.0,5155.9,2639.6,0.0,0.0,0.0,0.0422,0.0721,upv,upv,0.0,0.0,0.0,0.0,0.0,0.0,0.0,0.0,0.0,0.0,0.0,0.0,0.0,0.0,0.0,0.0,0.0,0.0,142.5,2.7,0.27,16.8,1074.2,0.06,142.6,48.9,191.5,0.0,0.0,0.0,0.0,0.0,0.0,0.0,0.0,0.0,0.0,0.0,0.0,0.0,0.0,0.0,0.0,0.0,0.0,5282.8,5282.8,5155.9,5155.9,0.0,0.0,0.0,0.0,0.0,435.2,0.0,0.0,0.0,0.0,0.0,0.0,0.0,4591.5,129.2,0.0
2050-06-16 18:00:00,2050-06-16 16:00:00,2891.6,1847.4,0.0,0.0,4739.0,2765.4,0.0,0.0,0.0,0.0436,0.0756,upv,upv,0.0,0.0,0.0,0.0,0.0,0.0,0.0,0.0,0.0,0.0,0.0,0.0,0.0,0.0,0.0,0.0,0.0,0.0,141.7,2.7,0.27,16.7,1068.3,0.06,141.9,48.6,190.5,0.0,0.0,0.0,0.0,0.0,0.0,0.0,0.0,0.0,0.0,0.0,0.0,0.0,0.0,0.0,0.0,0.0,0.0,5594.0,5594.0,4739.0,4739.0,0.0,0.0,0.0,0.0,0.0,429.8,0.0,0.0,0.0,0.0,0.0,0.0,0.0,4164.0,145.2,0.0
2050-06-16 19:00:00,2050-06-16 17:00:00,3033.7,584.5,0.0,13.3,3631.5,2896.5,-1813.3,0.0,1813.3,0.0452,0.0793,upv,upv,0.0,0.0,0.0,0.0,0.0,0.0,0.0,0.0,0.0,0.0,0.0,0.0,0.0,0.0,0.0,0.0,0.0,0.0,142.0,2.7,0.27,16.8,1070.2,0.06,142.1,48.7,190.8,0.0,0.0,0.0,0.0,0.0,0.0,0.0,0.0,0.0,0.0,0.0,0.0,0.0,0.0,0.0,0.0,0.0,0.0,1953.4,1953.4,5444.8,5444.8,0.0,0.0,0.0,0.0,0.0,306.4,0.0,0.0,0.0,0.0,0.0,0.0,0.0,5000.0,138.4,0.0
2050-06-16 20:00:00,2050-06-16 18:00:00,3118.9,0.0,0.0,9.6,3128.5,2974.9,1179.0,0.0,1476.8,0.0462,0.0816,battery,gas-cc,0.0,0.0,0.0,0.0,0.0,0.0,0.0,0.0,0.0,0.0,0.0,0.0,0.0,0.0,0.0,0.0,0.0,0.0,142.8,2.7,0.27,16.9,1076.2,0.06,142.9,49.0,191.9,394.6,7.4,0.74,46.6,2977.6,0.17,395.0,135.4,530.4,33.36,0.0,0.0,33.36,36.32,0.0,0.0,36.32,0.0,0.0,0.0,4605.3,1949.5,2655.8,0.0,0.0,0.0,0.0,78.0,0.0,0.0,0.0,0.0,0.0,0.0,0.0,1769.0,102.5,0.0
2050-06-16 21:00:00,2050-06-16 19:00:00,3044.2,0.0,0.0,9.5,3053.7,2906.2,2948.1,0.0,1463.4,0.0453,0.0796,gas-cc,gas-cc,31.4,0.6,0.06,3.7,237.3,0.01,31.5,10.8,42.3,32.9,0.6,0.06,3.9,248.5,0.01,33.0,11.3,44.3,143.2,2.7,0.27,16.9,1079.8,0.06,143.4,49.1,192.5,382.2,7.2,0.72,45.2,2884.3,0.17,382.6,131.1,513.8,33.36,0.0,0.0,33.36,36.24,0.0,0.0,36.24,0.0,0.0,0.0,4517.1,105.6,4019.6,0.0,0.0,0.0,0.0,0.0,391.9,0.0,0.0,0.0,0.0,0.0,0.0,0.0,105.6,0.0
2050-06-16 22:00:00,2050-06-16 20:00:00,2956.8,0.0,0.0,3.9,2960.8,2825.7,2832.4,0.0,602.7,0.0444,0.0773,battery,gas-cc,0.0,0.0,0.0,0.0,0.0,0.0,0.0,0.0,0.0,0.0,0.0,0.0,0.0,0.0,0.0,0.0,0.0,0.0,161.2,3.0,0.3,19.0,1215.7,0.07,161.4,55.3,216.7,392.8,7.4,0.74,46.4,2963.9,0.17,393.2,134.8,528.0,33.36,0.0,0.0,33.36,36.15,0.0,0.0,36.15,0.0,0.0,0.0,3563.5,128.4,3435.1,0.0,0.0,0.0,0.0,0.0,0.0,0.0,0.0,0.0,0.0,0.0,0.0,0.0,128.4,0.0
2050-06-16 23:00:00,2050-06-16 21:00:00,2706.3,0.0,0.0,10.6,2716.9,2593.7,2641.5,64.3,1470.5,0.0416,0.0708,battery,gas-cc,22.1,0.4,0.04,2.6,167.1,0.01,22.2,7.6,29.8,22.8,0.4,0.04,2.7,171.7,0.01,22.8,7.8,30.6,147.2,2.8,0.28,17.4,1109.9,0.06,147.4,50.5,197.9,390.0,7.4,0.74,46.1,2943.0,0.17,390.4,133.8,524.2,33.36,0.0,0.0,33.36,35.9,0.0,0.0,35.9,0.0,0.0,0.0,4123.0,75.4,3795.7,0.0,0.0,0.0,0.0,0.0,251.9,0.0,0.0,0.0,0.0,0.0,0.0,0.0,75.4,0.0
2050-06-17 00:00:00,2050-06-16 22:00:00,2432.6,0.0,0.0,8.2,2440.9,2338.4,2404.1,0.0,1267.9,0.0387,0.0636,battery,gas-cc,104.8,2.0,0.2,12.4,791.0,0.05,104.9,36.0,140.9,109.0,2.1,0.21,12.9,822.9,0.05,109.2,37.4,146.6,147.8,2.8,0.28,17.5,1114.5,0.06,148.0,50.7,198.7,387.0,7.3,0.73,45.7,2920.5,0.17,387.4,132.8,520.2,33.49,0.0,0.0,33.49,35.77,0.0,0.0,35.77,0.0,0.0,0.0,3708.8,36.8,2599.2,0.0,0.0,0.0,0.0,0.0,1072.7,0.0,0.0,0.0,0.0,0.0,0.0,0.0,36.8,0.0
2050-06-17 01:00:00,2050-06-16 23:00:00,2180.0,0.0,0.0,10.7,2190.7,2101.0,2157.9,0.0,1640.0,0.0362,0.057,battery,gas-cc,101.5,1.9,0.19,12.0,765.8,0.04,101.6,34.8,136.4,105.3,2.0,0.2,12.4,794.6,0.05,105.4,36.1,141.5,155.0,2.9,0.29,18.3,1168.9,0.07,155.2,53.2,208.4,384.3,7.2,0.72,45.4,2900.1,0.17,384.7,131.9,516.6,33.49,0.0,0.0,33.49,35.52,0.0,0.0,35.52,0.0,0.0,0.0,3830.6,32.7,2725.2,0.0,0.0,0.0,0.0,0.0,1072.7,0.0,0.0,0.0,0.0,0.0,0.0,0.0,32.7,0.0
2050-06-17 02:00:00,2050-06-17 00:00:00,1958.9,0.0,0.0,10.6,1969.6,1891.9,1941.0,0.0,1633.5,0.0342,0.0512,battery,gas-cc,107.9,2.0,0.2,12.7,814.2,0.05,108.0,37.0,145.0,111.7,2.1,0.21,13.2,843.1,0.05,111.8,38.3,150.2,141.5,2.7,0.27,16.7,1066.5,0.06,141.6,48.5,190.1,382.0,7.2,0.72,45.1,2882.4,0.17,382.4,131.1,513.4,33.49,0.0,0.0,33.49,35.3,0.0,0.0,35.3,0.0,0.0,0.0,3603.1,28.6,2501.8,0.0,0.0,0.0,0.0,0.0,1072.7,0.0,0.0,0.0,0.0,0.0,0.0,0.0,28.6,0.0
2050-06-17 03:00:00,2050-06-17 01:00:00,1734.7,0.0,0.0,6.4,1741.1,1678.5,1718.2,0.0,980.4,0.0324,0.0454,battery,gas-cc,142.8,2.7,0.27,16.9,1077.9,0.06,143.0,49.0,192.0,147.6,2.8,0.28,17.4,1114.0,0.06,147.8,50.7,198.4,142.6,2.7,0.27,16.8,1074.9,0.06,142.7,48.9,191.6,375.8,7.1,0.71,44.4,2836.2,0.16,376.2,129.0,505.2,33.49,0.0,0.0,33.49,35.09,0.0,0.0,35.09,0.0,0.0,0.0,2721.5,22.9,1625.8,0.0,0.0,0.0,0.0,0.0,1072.7,0.0,0.0,0.0,0.0,0.0,0.0,0.0,22.9,0.0
2050-06-17 04:00:00,2050-06-17 02:00:00,1587.4,0.0,0.0,6.8,1594.2,1537.6,1568.0,0.0,1049.5,0.0314,0.0415,battery,gas-cc,147.1,2.8,0.28,17.4,1109.7,0.06,147.2,50.5,197.7,151.8,2.9,0.29,17.9,1145.6,0.07,152.0,52.1,204.1,204.3,3.9,0.39,24.1,1541.0,0.09,204.5,70.1,274.6,378.1,7.1,0.71,44.7,2853.2,0.16,378.5,129.7,508.2,33.49,0.0,0.0,33.49,34.94,0.0,0.0,34.94,0.0,0.0,0.0,2643.7,26.2,1544.7,0.0,0.0,0.0,0.0,0.0,1072.7,0.0,0.0,0.0,0.0,0.0,0.0,0.0,26.2,0.0
2050-06-17 05:00:00,2050-06-17 03:00:00,1489.5,0.0,0.0,5.8,1495.3,1443.6,1465.8,0.0,888.7,0.0308,0.039,battery,gas-cc,163.1,3.1,0.31,19.3,1230.6,0.07,163.2,56.0,219.2,168.3,3.2,0.32,19.9,1269.7,0.07,168.4,57.7,226.2,169.0,3.2,0.32,20.0,1274.6,0.07,169.2,58.0,227.2,377.1,7.1,0.71,44.5,2845.6,0.16,377.5,129.4,506.9,33.49,0.0,0.0,33.49,34.85,0.0,0.0,34.85,0.0,0.0,0.0,2384.0,29.5,1281.8,0.0,0.0,0.0,0.0,0.0,1072.7,0.0,0.0,0.0,0.0,0.0,0.0,0.0,29.5,0.0
2050-06-17 06:00:00,2050-06-17 04:00:00,1412.6,0.0,0.0,0.0,1412.6,1369.7,1379.6,0.0,0.0,0.0304,0.0369,battery,gas-cc,275.2,5.2,0.52,32.5,2076.7,0.12,275.5,94.4,369.9,283.8,5.3,0.53,33.5,2141.9,0.12,284.1,97.4,381.5,141.0,2.7,0.27,16.7,1063.3,0.06,141.2,48.4,189.6,376.3,7.1,0.71,44.5,2839.6,0.16,376.7,129.1,505.8,33.49,0.0,0.0,33.49,34.78,0.0,0.0,34.78,0.0,0.0,0.0,1412.6,33.0,306.9,0.0,0.0,0.0,0.0,0.0,1072.7,0.0,0.0,0.0,0.0,0.0,0.0,0.0,33.0,0.0
2050-06-17 07:00:00,2050-06-17 05:00:00,1350.5,0.0,0.0,5.1,1355.6,1309.8,-783.5,0.0,783.5,0.0301,0.0353,wind-ons,wind-ons,0.0,0.0,0.0,0.0,0.0,0.0,0.0,0.0,0.0,0.0,0.0,0.0,0.0,0.0,0.0,0.0,0.0,0.0,139.7,2.6,0.26,16.5,1053.3,0.06,139.9,47.9,187.8,0.0,0.0,0.0,0.0,0.0,0.0,0.0,0.0,0.0,0.48,0.0,0.0,0.48,0.5,0.0,0.0,0.5,0.0,0.0,0.0,2139.2,2139.2,0.0,0.0,0.0,0.0,0.0,88.8,0.0,0.0,0.0,0.0,0.0,0.0,0.0,2016.2,34.1,0.0
2050-06-17 08:00:00,2050-06-17 06:00:00,1381.1,62.2,0.0,0.0,1443.3,1339.3,0.0,0.0,0.0,0.0303,0.0361,upv,upv,0.0,0.0,0.0,0.0,0.0,0.0,0.0,0.0,0.0,0.0,0.0,0.0,0.0,0.0,0.0,0.0,0.0,0.0,139.7,2.6,0.26,16.5,1053.3,0.06,139.9,47.9,187.8,0.0,0.0,0.0,0.0,0.0,0.0,0.0,0.0,0.0,0.0,0.0,0.0,0.0,0.0,0.0,0.0,0.0,0.0,6138.5,6138.5,1443.3,1443.3,0.0,0.0,0.0,0.0,0.0,318.7,0.0,0.0,0.0,0.0,0.0,0.0,0.0,1092.8,31.9,0.0
2050-06-17 09:00:00,2050-06-17 07:00:00,1500.0,1836.1,0.0,0.0,3336.1,1453.7,0.0,0.0,0.0,0.0309,0.0392,upv,upv,0.0,0.0,0.0,0.0,0.0,0.0,0.0,0.0,0.0,0.0,0.0,0.0,0.0,0.0,0.0,0.0,0.0,0.0,139.8,2.6,0.26,16.5,1053.9,0.06,139.9,47.9,187.9,0.0,0.0,0.0,0.0,0.0,0.0,0.0,0.0,0.0,0.0,0.0,0.0,0.0,0.0,0.0,0.0,0.0,0.0,6536.3,6536.3,3336.1,3336.1,0.0,0.0,0.0,0.0,0.0,415.4,0.0,0.0,0.0,0.0,0.0,0.0,0.0,2892.1,28.6,0.0
2050-06-17 10:00:00,2050-06-17 08:00:00,1680.0,4019.6,0.0,0.0,5699.6,1626.2,0.0,0.0,0.0,0.032,0.0439,upv,upv,0.0,0.0,0.0,0.0,0.0,0.0,0.0,0.0,0.0,0.0,0.0,0.0,0.0,0.0,0.0,0.0,0.0,0.0,140.0,2.6,0.26,16.5,1055.1,0.06,140.1,48.0,188.1,0.0,0.0,0.0,0.0,0.0,0.0,0.0,0.0,0.0,0.0,0.0,0.0,0.0,0.0,0.0,0.0,0.0,0.0,4622.6,4622.6,5699.6,5699.6,0.0,0.0,0.0,0.0,0.0,434.5,0.0,0.0,0.0,0.0,0.0,0.0,0.0,5238.8,26.3,0.0
2050-06-17 11:00:00,2050-06-17 09:00:00,1900.0,3435.1,0.0,0.0,5335.1,1835.9,0.0,0.0,0.0,0.0337,0.0497,upv,upv,0.0,0.0,0.0,0.0,0.0,0.0,0.0,0.0,0.0,0.0,0.0,0.0,0.0,0.0,0.0,0.0,0.0,0.0,140.2,2.6,0.27,16.6,1057.0,0.06,140.4,48.1,188.4,0.0,0.0,0.0,0.0,0.0,0.0,0.0,0.0,0.0,0.0,0.0,0.0,0.0,0.0,0.0,0.0,0.0,25.9,4893.3,4919.2,5335.1,5335.1,0.0,0.0,0.0,0.0,0.0,431.6,0.0,0.0,0.0,0.0,0.0,0.0,0.0,4903.5,0.0,0.0
2050-06-17 12:00:00,2050-06-17 10:00:00,2147.4,2850.6,0.0,0.0,4998.0,2070.2,0.0,0.0,0.0,0.0359,0.0562,upv,upv,0.0,0.0,0.0,0.0,0.0,0.0,0.0,0.0,0.0,0.0,0.0,0.0,0.0,0.0,0.0,0.0,0.0,0.0,140.5,2.7,0.27,16.6,1059.4,0.06,140.7,48.2,188.9,0.0,0.0,0.0,0.0,0.0,0.0,0.0,0.0,0.0,0.0,0.0,0.0,0.0,0.0,0.0,0.0,0.0,23.2,5291.1,5314.3,4998.0,4998.0,0.0,0.0,0.0,0.0,0.0,0.0,0.0,0.0,0.0,0.0,0.0,0.0,0.0,4998.0,0.0,0.0
2050-06-17 13:00:00,2050-06-17 11:00:00,2376.8,3824.8,0.0,0.0,6201.6,2286.1,-0.0,0.0,0.0,0.0382,0.0622,upv,upv,0.0,0.0,0.0,0.0,0.0,0.0,0.0,0.0,0.0,0.0,0.0,0.0,0.0,0.0,0.0,0.0,0.0,0.0,140.9,2.7,0.27,16.6,1061.9,0.06,141.0,48.3,189.3,0.0,0.0,0.0,0.0,0.0,0.0,0.0,0.0,0.0,0.0,0.0,0.0,0.0,0.0,0.0,0.0,0.0,21.4,3939.2,3960.6,6201.6,6201.6,0.0,0.0,0.0,0.0,0.0,428.0,0.0,0.0,0.0,0.0,0.0,0.0,0.0,5773.6,0.0,0.0
2050-06-17 14:00:00,2050-06-17 12:00:00,2523.2,3762.7,0.0,0.0,6285.9,2423.1,0.0,0.0,0.0,0.0397,0.066,upv,upv,0.0,0.0,0.0,0.0,0.0,0.0,0.0,0.0,0.0,0.0,0.0,0.0,0.0,0.0,0.0,0.0,0.0,0.0,141.1,2.7,0.27,16.7,1063.6,0.06,141.2,48.4,189.6,0.0,0.0,0.0,0.0,0.0,0.0,0.0,0.0,0.0,0.0,0.0,0.0,0.0,0.0,0.0,0.0,0.0,0.0,3339.2,3339.2,6285.9,6285.9,0.0,0.0,0.0,0.0,0.0,404.9,0.0,0.0,0.0,0.0,0.0,0.0,0.0,5850.1,30.8,0.0
2050-06-17 15:00:00,2050-06-17 13:00:00,2693.7,2431.9,0.0,0.0,5125.6,2581.9,0.0,0.0,0.0,0.0415,0.0704,upv,upv,0.0,0.0,0.0,0.0,0.0,0.0,0.0,0.0,0.0,0.0,0.0,0.0,0.0,0.0,0.0,0.0,0.0,0.0,141.3,2.7,0.27,16.7,1065.6,0.06,141.5,48.5,190.0,0.0,0.0,0.0,0.0,0.0,0.0,0.0,0.0,0.0,0.0,0.0,0.0,0.0,0.0,0.0,0.0,0.0,0.0,3811.0,3811.0,5125.6,5125.6,0.0,0.0,0.0,0.0,0.0,373.5,0.0,0.0,0.0,0.0,0.0,0.0,0.0,4667.4,84.6,0.0
2050-06-17 16:00:00,2050-06-17 14:00:00,2809.5,3630.9,0.0,0.0,6440.4,2689.4,0.0,0.0,0.0,0.0427,0.0735,upv,upv,0.0,0.0,0.0,0.0,0.0,0.0,0.0,0.0,0.0,0.0,0.0,0.0,0.0,0.0,0.0,0.0,0.0,0.0,141.5,2.7,0.27,16.7,1067.0,0.06,141.7,48.5,190.2,0.0,0.0,0.0,0.0,0.0,0.0,0.0,0.0,0.0,0.0,0.0,0.0,0.0,0.0,0.0,0.0,0.0,0.0,1807.7,1807.7,6440.4,6440.4,0.0,0.0,0.0,0.0,0.0,340.0,0.0,0.0,0.0,0.0,0.0,0.0,0.0,5908.3,192.2,0.0
2050-06-17 17:00:00,2050-06-17 15:00:00,2948.4,2456.1,0.0,0.0,5404.5,2817.9,0.0,0.0,0.0,0.0443,0.0771,upv,upv,0.0,0.0,0.0,0.0,0.0,0.0,0.0,0.0,0.0,0.0,0.0,0.0,0.0,0.0,0.0,0.0,0.0,0.0,141.8,2.7,0.27,16.7,1068.7,0.06,141.9,48.6,190.5,0.0,0.0,0.0,0.0,0.0,0.0,0.0,0.0,0.0,0.0,0.0,0.0,0.0,0.0,0.0,0.0,0.0,0.0,1036.3,1036.3,5404.5,5404.5,0.0,0.0,0.0,0.0,0.0,268.9,0.0,0.0,0.0,0.0,0.0,0.0,0.0,5067.3,68.3,0.0
2050-06-17 18:00:00,2050-06-17 16:00:00,3010.5,2856.5,0.0,0.0,5867.0,2875.2,0.0,0.0,0.0,0.045,0.0787,upv,upv,0.0,0.0,0.0,0.0,0.0,0.0,0.0,0.0,0.0,0.0,0.0,0.0,0.0,0.0,0.0,0.0,0.0,0.0,141.8,2.7,0.27,16.8,1069.3,0.06,142.0,48.6,190.6,0.0,0.0,0.0,0.0,0.0,0.0,0.0,0.0,0.0,0.0,0.0,0.0,0.0,0.0,0.0,0.0,0.0,0.0,356.7,356.7,5867.0,5867.0,0.0,0.0,0.0,0.0,0.0,255.1,0.0,0.0,0.0,0.0,0.0,0.0,0.0,5433.4,178.4,0.0
2050-06-17 19:00:00,2050-06-17 17:00:00,3054.7,0.0,0.0,10.7,3065.4,2915.9,-1639.4,0.0,1639.4,0.0455,0.0799,upv,upv,0.0,0.0,0.0,0.0,0.0,0.0,0.0,0.0,0.0,0.0,0.0,0.0,0.0,0.0,0.0,0.0,0.0,0.0,141.9,2.7,0.27,16.8,1070.0,0.06,142.1,48.7,190.8,0.0,0.0,0.0,0.0,0.0,0.0,0.0,0.0,0.0,4.7,0.0,0.0,4.7,5.11,0.0,0.0,5.11,0.0,0.0,0.0,4704.8,4704.8,0.0,0.0,0.0,0.0,0.0,194.3,0.0,0.0,0.0,0.0,0.0,0.0,0.0,4410.5,100.0,0.0
2050-06-17 20:00:00,2050-06-17 18:00:00,3003.2,0.0,0.0,10.7,3013.8,2868.4,1421.5,0.0,1640.0,0.0449,0.0785,gas-cc,gas-cc,31.6,0.6,0.06,3.7,238.4,0.01,31.6,10.8,42.5,33.1,0.6,0.06,3.9,249.6,0.01,33.1,11.3,44.5,142.5,2.7,0.27,16.8,1074.1,0.06,142.6,48.9,191.5,393.3,7.4,0.74,46.5,2967.8,0.17,393.7,134.9,528.7,33.36,0.0,0.0,33.36,36.2,0.0,0.0,36.2,0.0,0.0,0.0,4653.8,1592.3,2655.8,0.0,0.0,0.0,0.0,60.9,405.6,0.0,0.0,0.0,0.0,0.0,0.0,1382.9,148.5,0.0
2050-06-17 21:00:00,2050-06-17 19:00:00,2896.8,0.0,0.0,10.7,2907.5,2770.3,2757.9,0.0,1640.0,0.0437,0.0758,gas-cc,gas-cc,30.2,0.6,0.06,3.6,227.5,0.01,30.2,10.3,40.5,31.5,0.6,0.06,3.7,237.9,0.01,31.6,10.8,42.4,146.3,2.8,0.28,17.3,1103.3,0.06,146.5,50.2,196.7,392.1,7.4,0.74,46.3,2958.9,0.17,392.5,134.5,527.1,33.36,0.0,0.0,33.36,36.09,0.0,0.0,36.09,0.0,0.0,0.0,4547.5,149.6,4019.6,0.0,0.0,0.0,0.0,0.0,378.3,0.0,0.0,0.0,0.0,0.0,0.0,0.0,149.6,0.0
2050-06-17 22:00:00,2050-06-17 20:00:00,2827.4,0.0,0.0,21.1,2848.5,2706.0,2778.4,0.0,2313.9,0.0429,0.0739,battery,gas-cc,75.3,1.4,0.14,8.9,568.3,0.03,75.4,25.8,101.2,78.7,1.5,0.15,9.3,593.8,0.03,78.8,27.0,105.8,142.8,2.7,0.27,16.9,1076.7,0.06,143.0,49.0,191.9,391.3,7.4,0.74,46.2,2953.1,0.17,391.8,134.3,526.0,33.59,0.0,0.0,33.59,36.27,0.0,0.0,36.27,0.0,0.0,0.0,5162.4,70.1,4019.6,0.0,0.0,0.0,0.0,0.0,1072.7,0.0,0.0,0.0,0.0,0.0,0.0,0.0,70.1,0.0
2050-06-17 23:00:00,2050-06-17 21:00:00,2592.6,0.0,0.0,10.7,2603.3,2487.9,2545.9,0.0,1640.0,0.0404,0.0678,gas-cc,gas-cc,14.2,0.3,0.03,1.7,107.2,0.01,14.2,4.9,19.1,14.8,0.3,0.03,1.7,111.7,0.01,14.8,5.1,19.9,142.6,2.7,0.27,16.8,1074.8,0.06,142.7,48.9,191.6,388.8,7.3,0.73,45.9,2933.6,0.17,389.2,133.4,522.6,33.36,0.0,0.0,33.36,35.78,0.0,0.0,35.78,0.0,0.0,0.0,4243.3,57.3,4019.6,0.0,0.0,0.0,0.0,0.0,166.3,0.0,0.0,0.0,0.0,0.0,0.0,0.0,57.3,0.0
2050-06-18 00:00:00,2050-06-17 22:00:00,2368.4,0.0,0.0,10.7,2379.1,2278.2,2348.7,0.0,1640.0,0.0381,0.0619,battery,gas-cc,96.7,1.8,0.18,11.4,729.9,0.04,96.8,33.2,130.0,100.6,1.9,0.19,11.9,758.8,0.04,100.7,34.5,135.2,149.1,2.8,0.28,17.6,1124.2,0.06,149.3,51.1,200.4,402.4,7.6,0.76,47.5,3036.5,0.17,402.8,138.1,540.9,42.24,0.0,0.0,42.24,45.03,0.0,0.0,45.03,0.0,0.0,0.0,4019.0,30.4,2915.9,0.0,0.0,0.0,0.0,0.0,1072.7,0.0,0.0,0.0,0.0,0.0,0.0,0.0,30.4,0.0
2050-06-18 01:00:00,2050-06-17 23:00:00,2167.4,0.0,0.0,11.8,2179.2,2089.1,2142.1,72.8,1640.0,0.0361,0.0567,battery,gas-cc,103.8,2.0,0.2,12.3,783.1,0.04,103.9,35.6,139.5,105.6,2.0,0.2,12.5,797.0,0.05,105.7,36.2,142.0,145.1,2.7,0.27,17.1,1093.9,0.06,145.2,49.8,195.0,400.2,7.5,0.75,47.3,3019.6,0.17,400.6,137.3,537.9,42.24,0.0,0.0,42.24,44.77,0.0,0.0,44.77,0.0,0.0,0.0,3746.4,37.0,2636.6,0.0,0.0,0.0,0.0,0.0,1072.7,0.0,0.0,0.0,0.0,0.0,0.0,0.0,37.0,0.0
2050-06-18 02:00:00,2050-06-18 00:00:00,1971.6,0.0,0.0,10.7,1982.2,1903.9,1864.1,0.0,1640.0,0.0343,0.0516,battery,gas-cc,107.3,2.0,0.2,12.7,809.9,0.05,107.4,36.8,144.3,111.1,2.1,0.21,13.1,838.7,0.05,111.3,38.1,149.4,153.4,2.9,0.29,18.1,1156.4,0.07,153.5,52.6,206.1,398.0,7.5,0.75,47.0,3003.3,0.17,398.4,136.6,535.0,42.24,0.0,0.0,42.24,44.53,0.0,0.0,44.53,0.0,0.0,0.0,3622.2,118.1,2431.4,0.0,0.0,0.0,0.0,0.0,1072.7,0.0,0.0,0.0,0.0,0.0,0.0,0.0,118.1,0.0
2050-06-18 03:00:00,2050-06-18 01:00:00,1791.6,0.0,0.0,10.7,1802.2,1732.7,1673.5,0.0,1640.0,0.0328,0.0469,battery,gas-cc,112.9,2.1,0.21,13.3,852.3,0.05,113.1,38.8,151.8,116.8,2.2,0.22,13.8,881.2,0.05,116.9,40.1,157.0,147.2,2.8,0.28,17.4,1110.0,0.06,147.4,50.5,197.9,396.0,7.5,0.75,46.8,2988.5,0.17,396.5,135.9,532.3,42.24,0.0,0.0,42.24,44.31,0.0,0.0,44.31,0.0,0.0,0.0,3442.2,128.8,2240.7,0.0,0.0,0.0,0.0,0.0,1072.7,0.0,0.0,0.0,0.0,0.0,0.0,0.0,128.8,0.0
2050-06-18 04:00:00,2050-06-18 02:00:00,1660.0,0.0,0.0,5.0,1665.0,1607.1,1571.2,0.0,770.2,0.0319,0.0434,battery,gas-cc,159.6,3.0,0.3,18.9,1204.7,0.07,159.8,54.8,214.6,164.9,3.1,0.31,19.5,1244.3,0.07,165.1,56.6,221.7,156.8,3.0,0.3,18.5,1182.2,0.07,156.9,53.8,210.7,496.1,9.3,0.93,58.6,3743.6,0.22,496.6,170.2,666.8,42.24,0.0,0.0,42.24,44.15,0.0,0.0,44.15,0.0,0.0,0.0,2435.2,93.8,1268.7,0.0,0.0,0.0,0.0,0.0,1072.7,0.0,0.0,0.0,0.0,0.0,0.0,0.0,93.8,0.0
2050-06-18 05:00:00,2050-06-18 03:00:00,1564.2,0.0,0.0,5.3,1569.5,1515.4,1507.4,340.6,0.0,0.0312,0.0409,hydro,gas-cc,316.4,6.0,0.6,37.4,2387.3,0.14,316.7,108.6,425.3,255.7,4.8,0.48,30.2,1929.4,0.11,256.0,87.7,343.7,174.9,3.3,0.33,20.7,1319.0,0.08,175.1,60.0,235.1,410.6,7.7,0.77,48.5,3098.3,0.18,411.0,140.9,551.9,42.24,0.0,0.0,42.24,44.04,0.0,0.0,44.04,0.0,0.0,0.0,1228.8,62.1,94.0,0.0,0.0,0.0,0.0,0.0,1072.7,0.0,0.0,0.0,0.0,0.0,0.0,0.0,62.1,0.0
2050-06-18 06:00:00,2050-06-18 04:00:00,1494.7,0.0,0.0,6.8,1501.5,1448.7,1448.4,437.9,0.0,0.0308,0.0391,hydro,gas-cc,279.7,5.3,0.53,33.0,2110.3,0.12,280.0,96.0,375.9,204.4,3.9,0.39,24.1,1542.5,0.09,204.6,70.1,274.8,159.8,3.0,0.3,18.9,1205.1,0.07,160.0,54.8,214.8,409.8,7.7,0.77,48.4,3092.5,0.18,410.2,140.6,550.9,42.24,0.0,0.0,42.24,43.95,0.0,0.0,43.95,0.0,0.0,0.0,1063.7,53.1,189.8,0.0,0.0,0.0,0.0,0.0,820.8,0.0,0.0,0.0,0.0,0.0,0.0,0.0,53.1,0.0
2050-06-18 07:00:00,2050-06-18 05:00:00,1430.5,0.0,0.0,14.6,1445.1,1386.9,-734.5,445.3,1179.8,0.0305,0.0374,upv,upv,0.0,0.0,0.0,0.0,0.0,0.0,0.0,0.0,0.0,0.0,0.0,0.0,0.0,0.0,0.0,0.0,0.0,0.0,139.7,2.6,0.26,16.5,1053.5,0.06,139.9,47.9,187.8,0.0,0.0,0.0,0.0,0.0,0.0,0.0,0.0,0.0,0.18,0.0,0.0,0.18,0.19,0.0,0.0,0.19,0.0,0.0,0.0,2179.6,2179.6,0.0,0.0,0.0,0.0,0.0,90.1,0.0,0.0,0.0,0.0,0.0,0.0,0.0,2045.3,44.2,0.0
2050-06-18 08:00:00,2050-06-18 06:00:00,1461.1,2367.0,0.0,0.0,3828.0,1416.3,0.0,0.0,0.0,0.0306,0.0382,upv,upv,0.0,0.0,0.0,0.0,0.0,0.0,0.0,0.0,0.0,0.0,0.0,0.0,0.0,0.0,0.0,0.0,0.0,0.0,139.8,2.6,0.26,16.5,1053.7,0.06,139.9,47.9,187.8,0.0,0.0,0.0,0.0,0.0,0.0,0.0,0.0,0.0,0.0,0.0,0.0,0.0,0.0,0.0,0.0,0.0,0.0,3665.1,3665.1,3828.0,3828.0,0.0,0.0,0.0,0.0,0.0,314.7,0.0,0.0,0.0,0.0,0.0,0.0,0.0,3475.6,37.7,0.0
2050-06-18 09:00:00,2050-06-18 07:00:00,1590.5,2431.9,0.0,0.0,4022.4,1540.6,0.0,0.0,0.0,0.0314,0.0416,upv,upv,0.0,0.0,0.0,0.0,0.0,0.0,0.0,0.0,0.0,0.0,0.0,0.0,0.0,0.0,0.0,0.0,0.0,0.0,139.9,2.6,0.26,16.5,1054.5,0.06,140.0,48.0,188.0,0.0,0.0,0.0,0.0,0.0,0.0,0.0,0.0,0.0,0.0,0.0,0.0,0.0,0.0,0.0,0.0,0.0,0.0,5849.1,5849.1,4022.4,4022.4,0.0,0.0,0.0,0.0,0.0,415.0,0.0,0.0,0.0,0.0,0.0,0.0,0.0,3572.9,34.5,0.0
2050-06-18 10:00:00,2050-06-18 08:00:00,1806.3,1709.1,0.0,0.0,3515.4,1746.8,-0.0,0.0,0.0,0.033,0.0472,upv,upv,0.0,0.0,0.0,0.0,0.0,0.0,0.0,0.0,0.0,0.0,0.0,0.0,0.0,0.0,0.0,0.0,0.0,0.0,140.1,2.6,0.27,16.6,1056.2,0.06,140.2,48.0,188.3,0.0,0.0,0.0,0.0,0.0,0.0,0.0,0.0,0.0,0.0,0.0,0.0,0.0,0.0,0.0,0.0,0.0,0.0,6803.3,6803.3,3515.4,3515.4,0.0,0.0,0.0,0.0,0.0,434.1,0.0,0.0,0.0,0.0,0.0,0.0,0.0,3051.6,29.6,0.0
2050-06-18 11:00:00,2050-06-18 09:00:00,2049.5,2594.9,0.0,0.0,4644.4,1977.7,0.0,0.0,0.0,0.035,0.0536,upv,upv,0.0,0.0,0.0,0.0,0.0,0.0,0.0,0.0,0.0,0.0,0.0,0.0,0.0,0.0,0.0,0.0,0.0,0.0,140.4,2.6,0.27,16.6,1058.5,0.06,140.6,48.1,188.7,0.0,0.0,0.0,0.0,0.0,0.0,0.0,0.0,0.0,0.0,0.0,0.0,0.0,0.0,0.0,0.0,0.0,13.7,5658.3,5672.0,4644.4,4644.4,0.0,0.0,0.0,0.0,0.0,434.9,0.0,0.0,0.0,0.0,0.0,0.0,0.0,4209.5,0.0,0.0
2050-06-18 12:00:00,2050-06-18 10:00:00,2316.8,2626.7,0.0,0.0,4943.6,2229.8,0.0,0.0,0.0,0.0376,0.0606,upv,upv,0.0,0.0,0.0,0.0,0.0,0.0,0.0,0.0,0.0,0.0,0.0,0.0,0.0,0.0,0.0,0.0,0.0,0.0,140.8,2.7,0.27,16.6,1061.3,0.06,140.9,48.3,189.2,0.0,0.0,0.0,0.0,0.0,0.0,0.0,0.0,0.0,0.0,0.0,0.0,0.0,0.0,0.0,0.0,0.0,0.1,5345.5,5345.6,4943.6,4943.6,0.0,0.0,0.0,0.0,0.0,434.1,0.0,0.0,0.0,0.0,0.0,0.0,0.0,4509.4,0.0,0.0
2050-06-18 13:00:00,2050-06-18 11:00:00,2564.2,288.8,0.0,0.0,2853.0,2461.4,0.0,0.0,0.0,0.0401,0.0671,upv,upv,0.0,0.0,0.0,0.0,0.0,0.0,0.0,0.0,0.0,0.0,0.0,0.0,0.0,0.0,0.0,0.0,0.0,0.0,141.1,2.7,0.27,16.7,1064.1,0.06,141.3,48.4,189.7,0.0,0.0,0.0,0.0,0.0,0.0,0.0,0.0,0.0,0.0,0.0,0.0,0.0,0.0,0.0,0.0,0.0,1.0,7415.9,7416.9,2853.0,2853.0,0.0,0.0,0.0,0.0,0.0,433.4,0.0,0.0,0.0,0.0,0.0,0.0,0.0,2419.6,0.0,0.0
2050-06-18 14:00:00,2050-06-18 12:00:00,2713.7,2655.8,0.0,0.0,5369.5,2600.5,0.0,0.0,0.0,0.0417,0.071,upv,upv,0.0,0.0,0.0,0.0,0.0,0.0,0.0,0.0,0.0,0.0,0.0,0.0,0.0,0.0,0.0,0.0,0.0,0.0,141.4,2.7,0.27,16.7,1065.8,0.06,141.5,48.5,190.0,0.0,0.0,0.0,0.0,0.0,0.0,0.0,0.0,0.0,0.0,0.0,0.0,0.0,0.0,0.0,0.0,0.0,12.1,4845.6,4857.7,5369.5,5369.5,0.0,0.0,0.0,0.0,0.0,431.3,0.0,0.0,0.0,0.0,0.0,0.0,0.0,4938.2,0.0,0.0
2050-06-18 15:00:00,2050-06-18 13:00:00,2900.0,3795.7,0.0,0.0,6695.7,2773.2,0.0,0.0,0.0,0.0437,0.0758,upv,upv,0.0,0.0,0.0,0.0,0.0,0.0,0.0,0.0,0.0,0.0,0.0,0.0,0.0,0.0,0.0,0.0,0.0,0.0,141.7,2.7,0.27,16.7,1068.1,0.06,141.8,48.6,190.4,0.0,0.0,0.0,0.0,0.0,0.0,0.0,0.0,0.0,0.0,0.0,0.0,0.0,0.0,0.0,0.0,0.0,0.0,3517.4,3517.4,6695.7,6695.7,0.0,0.0,0.0,0.0,0.0,429.8,0.0,0.0,0.0,0.0,0.0,0.0,0.0,6240.6,25.3,0.0
2050-06-18 16:00:00,2050-06-18 14:00:00,3074.7,3819.8,0.0,0.0,6894.6,2934.3,0.0,0.0,0.0,0.0457,0.0804,upv,upv,0.0,0.0,0.0,0.0,0.0,0.0,0.0,0.0,0.0,0.0,0.0,0.0,0.0,0.0,0.0,0.0,0.0,0.0,142.0,2.7,0.27,16.8,1070.3,0.06,142.1,48.7,190.8,0.0,0.0,0.0,0.0,0.0,0.0,0.0,0.0,0.0,0.0,0.0,0.0,0.0,0.0,0.0,0.0,0.0,0.0,3251.1,3251.1,6894.6,6894.6,0.0,0.0,0.0,0.0,0.0,427.3,0.0,0.0,0.0,0.0,0.0,0.0,0.0,6442.2,25.0,0.0
2050-06-18 17:00:00,2050-06-18 15:00:00,3242.1,3824.8,0.0,0.0,7066.9,3087.8,0.0,0.0,0.0,0.0476,0.0848,upv,upv,0.0,0.0,0.0,0.0,0.0,0.0,0.0,0.0,0.0,0.0,0.0,0.0,0.0,0.0,0.0,0.0,0.0,0.0,142.3,2.7,0.27,16.8,1072.4,0.06,142.4,48.8,191.2,0.0,0.0,0.0,0.0,0.0,0.0,0.0,0.0,0.0,0.0,0.0,0.0,0.0,0.0,0.0,0.0,0.0,0.0,3016.1,3016.1,7066.9,7066.9,0.0,0.0,0.0,0.0,0.0,424.0,0.0,0.0,0.0,0.0,0.0,0.0,0.0,6606.2,36.6,0.0
2050-06-18 18:00:00,2050-06-18 16:00:00,3340.0,3791.8,0.0,0.0,7131.8,3177.3,0.0,0.0,0.0,0.0487,0.0873,upv,upv,0.0,0.0,0.0,0.0,0.0,0.0,0.0,0.0,0.0,0.0,0.0,0.0,0.0,0.0,0.0,0.0,0.0,0.0,142.4,2.7,0.27,16.8,1073.7,0.06,142.6,48.8,191.4,0.0,0.0,0.0,0.0,0.0,0.0,0.0,0.0,0.0,0.0,0.0,0.0,0.0,0.0,0.0,0.0,0.0,0.0,2165.5,2165.5,7131.8,7131.8,0.0,0.0,0.0,0.0,0.0,390.1,0.0,0.0,0.0,0.0,0.0,0.0,0.0,6687.8,53.9,0.0
2050-06-18 19:00:00,2050-06-18 17:00:00,3489.5,1260.1,0.0,10.7,4760.2,3313.4,-1640.0,0.0,1640.0,0.0505,0.0913,upv,upv,0.0,0.0,0.0,0.0,0.0,0.0,0.0,0.0,0.0,0.0,0.0,0.0,0.0,0.0,0.0,0.0,0.0,0.0,142.7,2.7,0.27,16.9,1075.7,0.06,142.8,48.9,191.8,0.0,0.0,0.0,0.0,0.0,0.0,0.0,0.0,0.0,0.0,0.0,0.0,0.0,0.0,0.0,0.0,0.0,0.0,382.6,382.6,6400.2,6400.2,0.0,0.0,0.0,0.0,0.0,283.1,0.0,0.0,0.0,0.0,0.0,0.0,0.0,6044.1,73.0,0.0
2050-06-18 20:00:00,2050-06-18 18:00:00,3512.6,0.0,0.0,25.5,3538.1,3334.4,1649.1,0.0,2596.0,0.0507,0.0919,gas-cc,gas-cc,13.3,0.3,0.03,1.6,100.5,0.01,13.3,4.6,17.9,14.0,0.3,0.03,1.7,105.9,0.01,14.0,4.8,18.9,142.9,2.7,0.27,16.9,1077.4,0.06,143.1,49.0,192.1,399.1,7.5,0.75,47.1,3011.4,0.17,399.5,136.9,536.4,33.36,0.0,0.0,33.36,36.73,0.0,0.0,36.73,0.0,0.0,0.0,6134.1,1889.1,4019.6,0.0,0.0,0.0,0.0,74.5,225.5,0.0,0.0,0.0,0.0,0.0,0.0,1691.5,123.0,0.0
2050-06-18 21:00:00,2050-06-18 19:00:00,3396.8,0.0,0.0,11.0,3407.8,3229.1,3222.5,22.1,1640.0,0.0494,0.0888,gas-cc,gas-cc,59.2,1.1,0.11,7.0,446.6,0.03,59.3,20.3,79.6,62.0,1.2,0.12,7.3,467.8,0.03,62.1,21.3,83.3,143.9,2.7,0.27,17.0,1084.5,0.06,144.0,49.3,193.3,397.7,7.5,0.75,47.0,3001.3,0.17,398.2,136.5,534.6,34.08,36.73,0.0,70.81,37.4,40.31,0.0,77.71,0.0,0.0,0.0,5025.7,185.4,4019.6,0.0,0.0,0.0,0.0,0.0,820.8,0.0,0.0,0.0,0.0,0.0,0.0,0.0,185.4,0.0
2050-06-18 22:00:00,2050-06-18 20:00:00,3316.8,0.0,0.0,17.6,3334.4,3156.1,3127.6,445.3,1640.0,0.0485,0.0867,gas-cc,gas-cc,57.7,1.1,0.11,6.8,435.6,0.03,57.8,19.8,77.6,55.2,1.0,0.1,6.5,416.8,0.02,55.3,19.0,74.2,143.6,2.7,0.27,17.0,1082.7,0.06,143.8,49.3,193.0,396.8,7.5,0.75,46.9,2994.5,0.17,397.2,136.2,533.4,33.36,0.0,0.0,33.36,36.52,0.0,0.0,36.52,0.0,0.0,0.0,4529.1,206.8,3600.8,0.0,0.0,0.0,0.0,0.0,721.4,0.0,0.0,0.0,0.0,0.0,0.0,0.0,206.8,0.0
2050-06-18 23:00:00,2050-06-18 21:00:00,3028.4,0.0,0.0,17.6,3046.0,2891.6,2834.8,445.3,1640.0,0.0452,0.0792,gas-cc,gas-cc,34.1,0.6,0.06,4.0,257.6,0.01,34.2,11.7,45.9,32.4,0.6,0.06,3.8,244.2,0.01,32.4,11.1,43.5,143.2,2.7,0.27,16.9,1079.9,0.06,143.4,49.1,192.5,393.6,7.4,0.74,46.5,2969.9,0.17,394.0,135.0,529.0,33.36,0.0,0.0,33.36,36.22,0.0,0.0,36.22,0.0,0.0,0.0,4240.6,211.2,3629.9,0.0,0.0,0.0,0.0,0.0,399.5,0.0,0.0,0.0,0.0,0.0,0.0,0.0,211.2,0.0
2050-06-19 00:00:00,2050-06-18 22:00:00,2731.6,0.0,0.0,17.6,2749.1,2617.2,2561.3,445.3,1640.0,0.0419,0.0714,battery,gas-cc,98.6,1.9,0.19,11.6,743.9,0.04,98.7,33.8,132.5,92.4,1.7,0.17,10.9,697.6,0.04,92.5,31.7,124.3,178.7,3.4,0.34,21.1,1347.5,0.08,178.9,61.3,240.2,420.9,7.9,0.79,49.7,3176.3,0.18,421.4,144.4,565.8,36.25,0.0,0.0,36.25,39.04,0.0,0.0,39.04,0.0,0.0,0.0,3943.8,187.8,2683.2,0.0,0.0,0.0,0.0,0.0,1072.7,0.0,0.0,0.0,0.0,0.0,0.0,0.0,187.8,0.0
2050-06-19 01:00:00,2050-06-18 23:00:00,2435.8,0.0,0.0,17.5,2453.3,2341.4,2273.6,445.3,1636.9,0.0388,0.0637,battery,gas-cc,106.7,2.0,0.2,12.6,804.9,0.05,106.8,36.6,143.4,98.9,1.9,0.19,11.7,746.2,0.04,99.0,33.9,132.9,186.7,3.5,0.35,22.1,1407.9,0.08,186.9,64.0,250.9,465.4,8.8,0.88,55.0,3512.1,0.2,465.9,159.7,625.6,36.25,0.0,0.0,36.25,38.72,0.0,0.0,38.72,0.0,0.0,0.0,3644.9,179.8,2392.4,0.0,0.0,0.0,0.0,0.0,1072.7,0.0,0.0,0.0,0.0,0.0,0.0,0.0,179.8,0.0
2050-06-19 02:00:00,2050-06-19 00:00:00,2177.9,0.0,0.0,17.6,2195.5,2099.0,2031.1,445.3,1640.0,0.0362,0.057,battery,gas-cc,114.7,2.2,0.22,13.5,865.4,0.05,114.8,39.3,154.1,105.2,2.0,0.2,12.4,793.6,0.05,105.3,36.1,141.4,177.9,3.4,0.34,21.0,1341.8,0.08,178.1,61.0,239.2,414.4,7.8,0.78,49.0,3127.5,0.18,414.9,142.2,557.1,36.25,0.0,0.0,36.25,38.44,0.0,0.0,38.44,0.0,0.0,0.0,3390.1,164.3,2153.1,0.0,0.0,0.0,0.0,0.0,1072.7,0.0,0.0,0.0,0.0,0.0,0.0,0.0,164.3,0.0
2050-06-19 03:00:00,2050-06-19 01:00:00,2005.3,0.0,0.0,17.6,2022.8,1935.8,1850.0,445.3,1640.0,0.0346,0.0524,battery,gas-cc,120.8,2.3,0.23,14.3,911.8,0.05,121.0,41.5,162.4,109.9,2.1,0.21,13.0,829.7,0.05,110.1,37.7,147.8,197.7,3.7,0.37,23.4,1491.1,0.09,197.9,67.8,265.7,412.5,7.8,0.78,48.7,3112.6,0.18,412.9,141.5,554.4,36.25,0.0,0.0,36.25,38.26,0.0,0.0,38.26,0.0,0.0,0.0,3217.5,172.8,1971.9,0.0,0.0,0.0,0.0,0.0,1072.7,0.0,0.0,0.0,0.0,0.0,0.0,0.0,172.8,0.0
2050-06-19 04:00:00,2050-06-19 02:00:00,1809.5,0.0,0.0,12.9,1822.4,1749.8,1651.6,391.9,1046.4,0.033,0.0473,battery,gas-cc,157.0,3.0,0.3,18.5,1184.5,0.07,157.1,53.9,211.0,140.1,2.6,0.26,16.6,1057.5,0.06,140.3,48.1,188.4,206.8,3.9,0.39,24.4,1559.5,0.09,207.0,70.9,277.9,457.4,8.6,0.86,54.0,3451.8,0.2,457.9,157.0,614.9,36.25,0.0,0.0,36.25,38.05,0.0,0.0,38.05,0.0,0.0,0.0,2476.8,170.7,1233.3,0.0,0.0,0.0,0.0,0.0,1072.7,0.0,0.0,0.0,0.0,0.0,0.0,0.0,170.7,0.0
2050-06-19 05:00:00,2050-06-19 03:00:00,1670.5,0.0,0.0,2.3,1672.9,1617.2,1500.9,75.6,181.3,0.0319,0.0437,battery,gas-cc,218.6,4.1,0.41,25.8,1649.4,0.09,218.8,75.0,293.8,216.6,4.1,0.41,25.6,1634.4,0.09,216.8,74.3,291.1,195.5,3.7,0.37,23.1,1474.1,0.09,195.7,67.0,262.7,379.1,7.1,0.71,44.8,2860.5,0.16,379.5,130.1,509.5,36.25,0.0,0.0,36.25,37.91,0.0,0.0,37.91,0.0,0.0,0.0,1778.6,172.0,533.9,0.0,0.0,0.0,0.0,0.0,1072.7,0.0,0.0,0.0,0.0,0.0,0.0,0.0,172.0,0.0
2050-06-19 06:00:00,2050-06-19 04:00:00,1608.4,0.0,0.0,1.9,1610.3,1557.7,1446.6,120.2,0.0,0.0315,0.0421,battery,gas-cc,260.9,4.9,0.49,30.8,1968.7,0.11,261.2,89.5,350.7,249.3,4.7,0.47,29.4,1881.1,0.11,249.5,85.5,335.1,168.6,3.2,0.32,19.9,1271.6,0.07,168.8,57.8,226.7,454.9,8.6,0.86,53.7,3432.8,0.2,455.4,156.1,611.5,36.25,0.0,0.0,36.25,37.84,0.0,0.0,37.84,0.0,0.0,0.0,1490.1,163.6,253.7,0.0,0.0,0.0,0.0,0.0,1072.7,0.0,0.0,0.0,0.0,0.0,0.0,0.0,163.6,0.0
2050-06-19 07:00:00,2050-06-19 05:00:00,1595.8,0.0,0.0,13.4,1609.2,1545.6,-747.7,390.0,1137.7,0.0314,0.0417,wind-ons,wind-ons,0.0,0.0,0.0,0.0,0.0,0.0,0.0,0.0,0.0,0.0,0.0,0.0,0.0,0.0,0.0,0.0,0.0,0.0,139.9,2.6,0.26,16.5,1054.5,0.06,140.0,48.0,188.0,0.0,0.0,0.0,0.0,0.0,0.0,0.0,0.0,0.0,0.03,0.0,0.0,0.03,0.03,0.0,0.0,0.03,0.0,0.0,0.0,2356.9,2356.9,0.0,0.0,0.0,0.0,0.0,93.4,0.0,0.0,0.0,0.0,0.0,0.0,0.0,2119.6,144.0,0.0
2050-06-19 08:00:00,2050-06-19 06:00:00,1680.0,3600.8,0.0,0.0,5280.8,1626.2,0.0,0.0,0.0,0.032,0.0439,upv,upv,0.0,0.0,0.0,0.0,0.0,0.0,0.0,0.0,0.0,0.0,0.0,0.0,0.0,0.0,0.0,0.0,0.0,0.0,140.0,2.6,0.26,16.5,1055.1,0.06,140.1,48.0,188.1,0.0,0.0,0.0,0.0,0.0,0.0,0.0,0.0,0.0,0.0,0.0,0.0,0.0,0.0,0.0,0.0,0.0,0.0,2364.0,2364.0,5280.8,5280.8,0.0,0.0,0.0,0.0,0.0,318.3,0.0,0.0,0.0,0.0,0.0,0.0,0.0,4860.8,101.7,0.0
2050-06-19 09:00:00,2050-06-19 07:00:00,1928.4,3146.3,0.0,0.0,5074.7,1862.9,0.0,0.0,0.0,0.034,0.0504,upv,upv,0.0,0.0,0.0,0.0,0.0,0.0,0.0,0.0,0.0,0.0,0.0,0.0,0.0,0.0,0.0,0.0,0.0,0.0,140.2,2.6,0.27,16.6,1057.3,0.06,140.4,48.1,188.5,0.0,0.0,0.0,0.0,0.0,0.0,0.0,0.0,0.0,0.0,0.0,0.0,0.0,0.0,0.0,0.0,0.0,0.0,4931.9,4931.9,5074.7,5074.7,0.0,0.0,0.0,0.0,0.0,419.7,0.0,0.0,0.0,0.0,0.0,0.0,0.0,4593.5,61.5,0.0
2050-06-19 10:00:00,2050-06-19 08:00:00,2236.8,2237.1,0.0,0.0,4473.9,2154.6,0.0,0.0,0.0,0.0368,0.0585,upv,upv,0.0,0.0,0.0,0.0,0.0,0.0,0.0,0.0,0.0,0.0,0.0,0.0,0.0,0.0,0.0,0.0,0.0,0.0,140.7,2.7,0.27,16.6,1060.4,0.06,140.8,48.2,189.0,0.0,0.0,0.0,0.0,0.0,0.0,0.0,0.0,0.0,0.0,0.0,0.0,0.0,0.0,0.0,0.0,0.0,82.4,5835.6,5918.1,4473.9,4473.9,0.0,0.0,0.0,0.0,0.0,435.2,0.0,0.0,0.0,0.0,0.0,0.0,0.0,4038.7,0.0,0.0
2050-06-19 11:00:00,2050-06-19 09:00:00,2487.4,418.7,0.0,0.0,2906.1,2389.6,0.0,0.0,0.0,0.0393,0.065,upv,upv,0.0,0.0,0.0,0.0,0.0,0.0,0.0,0.0,0.0,0.0,0.0,0.0,0.0,0.0,0.0,0.0,0.0,0.0,141.0,2.7,0.27,16.7,1063.2,0.06,141.2,48.4,189.5,0.0,0.0,0.0,0.0,0.0,0.0,0.0,0.0,0.0,0.0,0.0,0.0,0.0,0.0,0.0,0.0,0.0,101.5,7403.4,7504.9,2906.1,2906.1,0.0,0.0,0.0,0.0,0.0,435.2,0.0,0.0,0.0,0.0,0.0,0.0,0.0,2470.9,0.0,0.0
2050-06-19 12:00:00,2050-06-19 10:00:00,2665.3,2689.8,0.0,0.0,5355.0,2555.5,-0.0,0.0,0.0,0.0412,0.0697,upv,upv,0.0,0.0,0.0,0.0,0.0,0.0,0.0,0.0,0.0,0.0,0.0,0.0,0.0,0.0,0.0,0.0,0.0,0.0,141.3,2.7,0.27,16.7,1065.2,0.06,141.5,48.5,189.9,0.0,0.0,0.0,0.0,0.0,0.0,0.0,0.0,0.0,0.0,0.0,0.0,0.0,0.0,0.0,0.0,0.0,0.0,5085.9,5085.9,5355.0,5355.0,0.0,0.0,0.0,0.0,0.0,435.2,0.0,0.0,0.0,0.0,0.0,0.0,0.0,4788.4,131.4,0.0
2050-06-19 13:00:00,2050-06-19 11:00:00,2837.9,2431.9,0.0,0.0,5269.8,2715.7,0.0,0.0,0.0,0.043,0.0742,upv,upv,0.0,0.0,0.0,0.0,0.0,0.0,0.0,0.0,0.0,0.0,0.0,0.0,0.0,0.0,0.0,0.0,0.0,0.0,141.6,2.7,0.27,16.7,1067.3,0.06,141.7,48.6,190.3,0.0,0.0,0.0,0.0,0.0,0.0,0.0,0.0,0.0,0.0,0.0,0.0,0.0,0.0,0.0,0.0,0.0,140.1,5039.7,5179.9,5269.8,5269.8,0.0,0.0,0.0,0.0,0.0,435.2,0.0,0.0,0.0,0.0,0.0,0.0,0.0,4834.6,0.0,0.0
2050-06-19 14:00:00,2050-06-19 12:00:00,2932.6,2431.9,0.0,0.0,5364.5,2803.3,0.0,0.0,0.0,0.0441,0.0767,upv,upv,0.0,0.0,0.0,0.0,0.0,0.0,0.0,0.0,0.0,0.0,0.0,0.0,0.0,0.0,0.0,0.0,0.0,0.0,141.7,2.7,0.27,16.7,1068.5,0.06,141.9,48.6,190.5,0.0,0.0,0.0,0.0,0.0,0.0,0.0,0.0,0.0,0.0,0.0,0.0,0.0,0.0,0.0,0.0,0.0,140.1,4945.0,5085.1,5364.5,5364.5,0.0,0.0,0.0,0.0,0.0,435.2,0.0,0.0,0.0,0.0,0.0,0.0,0.0,4929.3,0.0,0.0
2050-06-19 15:00:00,2050-06-19 13:00:00,3051.6,2821.5,0.0,0.0,5873.1,2913.0,-0.0,0.0,0.0,0.0454,0.0798,upv,upv,0.0,0.0,0.0,0.0,0.0,0.0,0.0,0.0,0.0,0.0,0.0,0.0,0.0,0.0,0.0,0.0,0.0,0.0,141.9,2.7,0.27,16.8,1070.0,0.06,142.1,48.7,190.8,0.0,0.0,0.0,0.0,0.0,0.0,0.0,0.0,0.0,0.0,0.0,0.0,0.0,0.0,0.0,0.0,0.0,154.9,4436.4,4591.3,5873.1,5873.1,0.0,0.0,0.0,0.0,0.0,435.2,0.0,0.0,0.0,0.0,0.0,0.0,0.0,5437.9,0.0,0.0
2050-06-19 16:00:00,2050-06-19 14:00:00,3240.0,2821.5,0.0,0.0,6061.5,3085.9,-0.0,0.0,0.0,0.0476,0.0847,upv,upv,0.0,0.0,0.0,0.0,0.0,0.0,0.0,0.0,0.0,0.0,0.0,0.0,0.0,0.0,0.0,0.0,0.0,0.0,142.2,2.7,0.27,16.8,1072.4,0.06,142.4,48.8,191.2,0.0,0.0,0.0,0.0,0.0,0.0,0.0,0.0,0.0,0.0,0.0,0.0,0.0,0.0,0.0,0.0,0.0,156.0,4248.0,4404.0,6061.5,6061.5,0.0,0.0,0.0,0.0,0.0,435.2,0.0,0.0,0.0,0.0,0.0,0.0,0.0,5626.3,0.0,0.0
2050-06-19 17:00:00,2050-06-19 15:00:00,3409.5,2928.1,0.0,0.0,6337.6,3240.6,0.0,0.0,0.0,0.0495,0.0892,upv,upv,0.0,0.0,0.0,0.0,0.0,0.0,0.0,0.0,0.0,0.0,0.0,0.0,0.0,0.0,0.0,0.0,0.0,0.0,142.5,2.7,0.27,16.8,1074.6,0.06,142.7,48.9,191.6,0.0,0.0,0.0,0.0,0.0,0.0,0.0,0.0,0.0,0.0,0.0,0.0,0.0,0.0,0.0,0.0,0.0,176.4,3972.0,4148.3,6337.6,6337.6,0.0,0.0,0.0,0.0,0.0,435.2,0.0,0.0,0.0,0.0,0.0,0.0,0.0,5902.4,0.0,0.0
2050-06-19 18:00:00,2050-06-19 16:00:00,3556.8,3629.9,0.0,0.0,7186.8,3374.6,0.0,0.0,0.0,0.0512,0.093,upv,upv,0.0,0.0,0.0,0.0,0.0,0.0,0.0,0.0,0.0,0.0,0.0,0.0,0.0,0.0,0.0,0.0,0.0,0.0,142.8,2.7,0.27,16.9,1076.6,0.06,143.0,49.0,191.9,0.0,0.0,0.0,0.0,0.0,0.0,0.0,0.0,0.0,0.0,0.0,0.0,0.0,0.0,0.0,0.0,0.0,0.0,2943.0,2943.0,7186.8,7186.8,0.0,0.0,0.0,0.0,0.0,418.6,0.0,0.0,0.0,0.0,0.0,0.0,0.0,6556.5,211.6,0.0
2050-06-19 19:00:00,2050-06-19 17:00:00,3675.8,2008.8,0.0,10.7,5695.3,3482.3,-1640.0,0.0,1640.0,0.0526,0.0961,battery,upv,0.0,0.0,0.0,0.0,0.0,0.0,0.0,0.0,0.0,0.0,0.0,0.0,0.0,0.0,0.0,0.0,0.0,0.0,143.0,2.7,0.27,16.9,1078.1,0.06,143.2,49.0,192.2,0.0,0.0,0.0,0.0,0.0,0.0,0.0,0.0,0.0,0.0,0.0,0.0,0.0,0.0,0.0,0.0,0.0,0.0,0.0,0.0,7335.3,7335.3,0.0,0.0,0.0,0.0,0.0,299.9,0.0,0.0,0.0,0.0,0.0,0.0,0.0,6804.7,230.6,0.0
2050-06-19 20:00:00,2050-06-19 18:00:00,3722.1,0.0,0.0,17.6,3739.7,3524.1,1654.3,445.3,1640.0,0.0532,0.0973,gas-cc,gas-cc,28.5,0.5,0.05,3.4,215.0,0.01,28.5,9.8,38.3,27.6,0.5,0.05,3.3,208.3,0.01,27.6,9.5,37.1,143.5,2.7,0.27,17.0,1082.0,0.06,143.7,49.2,192.9,401.5,7.6,0.76,47.4,3029.6,0.17,401.9,137.8,539.7,33.36,0.0,0.0,33.36,36.95,0.0,0.0,36.95,0.0,0.0,0.0,4934.3,2085.3,2461.0,0.0,0.0,0.0,0.0,77.9,388.0,0.0,0.0,0.0,0.0,0.0,0.0,1767.4,240.1,0.0
2050-06-19 21:00:00,2050-06-19 19:00:00,3601.1,0.0,0.0,17.6,3618.6,3414.6,3369.1,445.3,1640.0,0.0518,0.0942,gas-cc,gas-cc,41.0,0.8,0.08,4.8,309.2,0.02,41.0,14.1,55.1,39.6,0.7,0.07,4.7,298.5,0.02,39.6,13.6,53.2,143.9,2.7,0.27,17.0,1085.1,0.06,144.1,49.4,193.4,400.1,7.5,0.75,47.3,3019.0,0.17,400.5,137.3,537.8,33.36,0.0,0.0,33.36,36.82,0.0,0.0,36.82,0.0,0.0,0.0,4813.3,249.5,4019.6,0.0,0.0,0.0,0.0,0.0,544.2,0.0,0.0,0.0,0.0,0.0,0.0,0.0,249.5,0.0
2050-06-19 22:00:00,2050-06-19 20:00:00,3482.1,0.0,0.0,17.6,3499.7,3306.7,3242.8,445.3,1640.0,0.0504,0.0911,gas-cc,gas-cc,32.3,0.6,0.06,3.8,243.4,0.01,32.3,11.1,43.4,31.0,0.6,0.06,3.7,234.1,0.01,31.1,10.6,41.7,143.6,2.7,0.27,17.0,1082.7,0.06,143.8,49.3,193.0,398.7,7.5,0.75,47.1,3008.7,0.17,399.1,136.8,535.9,33.36,0.0,0.0,33.36,36.7,0.0,0.0,36.7,0.0,0.0,0.0,4694.3,256.9,4019.6,0.0,0.0,0.0,0.0,0.0,417.9,0.0,0.0,0.0,0.0,0.0,0.0,0.0,256.9,0.0
2050-06-19 23:00:00,2050-06-19 21:00:00,3167.4,0.0,0.0,17.6,3184.9,3019.3,2938.4,445.3,1640.0,0.0467,0.0828,gas-cc,gas-cc,49.0,0.9,0.09,5.8,370.1,0.02,49.1,16.8,65.9,46.7,0.9,0.09,5.5,352.4,0.02,46.8,16.0,62.8,143.2,2.7,0.27,16.9,1079.9,0.06,143.4,49.1,192.5,395.1,7.4,0.74,46.7,2981.7,0.17,395.6,135.6,531.1,33.36,0.0,0.0,33.36,36.37,0.0,0.0,36.37,0.0,0.0,0.0,4379.6,246.5,3540.4,0.0,0.0,0.0,0.0,0.0,592.7,0.0,0.0,0.0,0.0,0.0,0.0,0.0,246.5,0.0
2050-06-20 00:00:00,2050-06-19 22:00:00,2814.7,0.0,0.0,17.6,2832.3,2694.3,2589.6,445.3,1640.0,0.0428,0.0736,battery,gas-cc,96.5,1.8,0.18,11.4,728.5,0.04,96.6,33.1,129.8,90.8,1.7,0.17,10.7,685.3,0.04,90.9,31.2,122.1,142.9,2.7,0.27,16.9,1077.2,0.06,143.0,49.0,192.0,470.4,8.9,0.89,55.6,3549.7,0.2,470.9,161.4,632.3,36.25,0.0,0.0,36.25,39.13,0.0,0.0,39.13,0.0,0.0,0.0,4027.0,242.7,2711.6,0.0,0.0,0.0,0.0,0.0,1072.7,0.0,0.0,0.0,0.0,0.0,0.0,0.0,242.7,0.0
2050-06-20 01:00:00,2050-06-19 23:00:00,2487.4,0.0,0.0,17.6,2504.9,2389.6,2290.8,445.3,1640.0,0.0393,0.065,battery,gas-cc,105.1,2.0,0.2,12.4,793.0,0.05,105.2,36.1,141.3,97.6,1.8,0.18,11.5,736.7,0.04,97.7,33.5,131.2,142.2,2.7,0.27,16.8,1071.9,0.06,142.3,48.8,191.1,466.1,8.8,0.88,55.1,3517.2,0.2,466.6,159.9,626.5,36.25,0.0,0.0,36.25,38.77,0.0,0.0,38.77,0.0,0.0,0.0,3699.6,214.1,2412.8,0.0,0.0,0.0,0.0,0.0,1072.7,0.0,0.0,0.0,0.0,0.0,0.0,0.0,214.1,0.0
2050-06-20 02:00:00,2050-06-20 00:00:00,2160.0,0.0,0.0,17.6,2177.6,2082.1,2009.7,445.3,1640.0,0.036,0.0565,battery,gas-cc,115.3,2.2,0.22,13.6,869.9,0.05,115.4,39.6,155.0,105.6,2.0,0.2,12.5,797.2,0.05,105.8,36.2,142.0,141.7,2.7,0.27,16.7,1068.2,0.06,141.8,48.6,190.4,461.9,8.7,0.87,54.6,3485.3,0.2,462.4,158.5,620.8,36.25,0.0,0.0,36.25,38.42,0.0,0.0,38.42,0.0,0.0,0.0,3372.2,167.9,2131.6,0.0,0.0,0.0,0.0,0.0,1072.7,0.0,0.0,0.0,0.0,0.0,0.0,0.0,167.9,0.0
2050-06-20 03:00:00,2050-06-20 01:00:00,1930.5,0.0,0.0,17.6,1948.1,1864.9,1795.9,445.3,1640.0,0.034,0.0505,battery,gas-cc,123.7,2.3,0.23,14.6,933.5,0.05,123.8,42.4,166.3,112.2,2.1,0.21,13.2,846.4,0.05,112.3,38.5,150.8,141.4,2.7,0.27,16.7,1066.0,0.06,141.6,48.5,190.0,458.9,8.6,0.86,54.2,3463.3,0.2,459.4,157.5,616.9,36.25,0.0,0.0,36.25,38.18,0.0,0.0,38.18,0.0,0.0,0.0,3142.7,152.2,1917.9,0.0,0.0,0.0,0.0,0.0,1072.7,0.0,0.0,0.0,0.0,0.0,0.0,0.0,152.2,0.0
2050-06-20 04:00:00,2050-06-20 02:00:00,1752.6,0.0,0.0,15.3,1767.9,1695.6,1617.0,445.3,1294.6,0.0325,0.0458,battery,gas-cc,148.5,2.8,0.28,17.5,1120.9,0.06,148.7,51.0,199.7,131.2,2.5,0.25,15.5,990.1,0.06,131.3,45.0,176.4,141.1,2.7,0.27,16.7,1064.0,0.06,141.3,48.4,189.7,456.7,8.6,0.86,54.0,3446.4,0.2,457.2,156.7,613.9,36.25,0.0,0.0,36.25,37.99,0.0,0.0,37.99,0.0,0.0,0.0,2617.3,150.9,1393.6,0.0,0.0,0.0,0.0,0.0,1072.7,0.0,0.0,0.0,0.0,0.0,0.0,0.0,150.9,0.0
2050-06-20 05:00:00,2050-06-20 03:00:00,1628.4,0.0,0.0,16.9,1645.3,1576.9,1497.7,445.3,1541.5,0.0316,0.0426,battery,gas-cc,141.8,2.7,0.27,16.8,1070.1,0.06,142.0,48.7,190.6,126.0,2.4,0.24,14.9,950.6,0.05,126.1,43.2,169.3,141.0,2.7,0.27,16.7,1062.7,0.06,141.1,48.3,189.5,455.2,8.6,0.86,53.8,3434.7,0.2,455.6,156.2,611.8,36.25,0.0,0.0,36.25,37.86,0.0,0.0,37.86,0.0,0.0,0.0,2741.5,147.6,1521.1,0.0,0.0,0.0,0.0,0.0,1072.7,0.0,0.0,0.0,0.0,0.0,0.0,0.0,147.6,0.0
2050-06-20 06:00:00,2050-06-20 04:00:00,1553.7,0.0,0.0,9.8,1563.5,1505.3,1428.8,445.3,451.7,0.0312,0.0406,hydro,gas-cc,247.6,4.7,0.47,29.3,1868.7,0.11,247.9,85.0,332.9,199.1,3.8,0.38,23.5,1502.6,0.09,199.3,68.3,267.7,141.0,2.7,0.27,16.7,1063.2,0.06,141.2,48.4,189.5,366.7,6.9,0.69,43.3,2767.1,0.16,367.1,125.8,492.9,36.25,0.0,0.0,36.25,37.79,0.0,0.0,37.79,0.0,0.0,0.0,1569.9,134.7,362.5,0.0,0.0,0.0,0.0,0.0,1072.7,0.0,0.0,0.0,0.0,0.0,0.0,0.0,134.7,0.0
2050-06-20 07:00:00,2050-06-20 05:00:00,1541.1,0.0,0.0,6.0,1547.1,1493.1,-928.0,0.0,928.0,0.0311,0.0403,wind-ons,wind-ons,0.0,0.0,0.0,0.0,0.0,0.0,0.0,0.0,0.0,0.0,0.0,0.0,0.0,0.0,0.0,0.0,0.0,0.0,140.2,2.6,0.27,16.6,1057.3,0.06,140.4,48.1,188.5,0.0,0.0,0.0,0.0,0.0,0.0,0.0,0.0,0.0,0.0,0.0,0.0,0.0,0.0,0.0,0.0,0.0,0.0,0.0,0.0,2475.1,2475.1,0.0,0.0,0.0,0.0,0.0,98.5,0.0,0.0,0.0,0.0,0.0,0.0,0.0,2235.9,140.7,0.0
2050-06-20 08:00:00,2050-06-20 06:00:00,1649.5,91.3,0.0,0.0,1740.8,1597.0,0.0,0.0,0.0,0.0318,0.0431,upv,upv,0.0,0.0,0.0,0.0,0.0,0.0,0.0,0.0,0.0,0.0,0.0,0.0,0.0,0.0,0.0,0.0,0.0,0.0,139.9,2.6,0.26,16.5,1054.9,0.06,140.1,48.0,188.1,0.0,0.0,0.0,0.0,0.0,0.0,0.0,0.0,0.0,0.0,0.0,0.0,0.0,0.0,0.0,0.0,0.0,0.0,6517.2,6517.2,1740.8,1740.8,0.0,0.0,0.0,0.0,0.0,343.2,0.0,0.0,0.0,0.0,0.0,0.0,0.0,1269.7,127.8,0.0
2050-06-20 09:00:00,2050-06-20 07:00:00,1871.6,1865.2,0.0,0.0,3736.7,1808.9,0.0,0.0,0.0,0.0335,0.0489,upv,upv,0.0,0.0,0.0,0.0,0.0,0.0,0.0,0.0,0.0,0.0,0.0,0.0,0.0,0.0,0.0,0.0,0.0,0.0,140.2,2.6,0.27,16.6,1056.8,0.06,140.3,48.1,188.4,0.0,0.0,0.0,0.0,0.0,0.0,0.0,0.0,0.0,0.0,0.0,0.0,0.0,0.0,0.0,0.0,0.0,147.9,6572.8,6720.7,3736.7,3736.7,0.0,0.0,0.0,0.0,0.0,0.0,0.0,0.0,0.0,0.0,0.0,0.0,0.0,3736.7,0.0,0.0
2050-06-20 10:00:00,2050-06-20 08:00:00,2133.7,3625.0,0.0,0.0,5758.7,2057.3,0.0,0.0,0.0,0.0358,0.0558,upv,upv,0.0,0.0,0.0,0.0,0.0,0.0,0.0,0.0,0.0,0.0,0.0,0.0,0.0,0.0,0.0,0.0,0.0,0.0,140.5,2.7,0.27,16.6,1059.3,0.06,140.7,48.2,188.8,0.0,0.0,0.0,0.0,0.0,0.0,0.0,0.0,0.0,0.0,0.0,0.0,0.0,0.0,0.0,0.0,0.0,165.7,4550.8,4716.5,5758.7,5758.7,0.0,0.0,0.0,0.0,0.0,0.0,0.0,0.0,0.0,0.0,0.0,0.0,0.0,5758.7,0.0,0.0
2050-06-20 11:00:00,2050-06-20 09:00:00,2322.1,3990.5,0.0,0.0,6312.6,2234.7,-0.0,0.0,0.0,0.0376,0.0607,upv,upv,0.0,0.0,0.0,0.0,0.0,0.0,0.0,0.0,0.0,0.0,0.0,0.0,0.0,0.0,0.0,0.0,0.0,0.0,140.8,2.7,0.27,16.6,1061.3,0.06,140.9,48.3,189.2,0.0,0.0,0.0,0.0,0.0,0.0,0.0,0.0,0.0,0.0,0.0,0.0,0.0,0.0,0.0,0.0,0.0,0.0,4161.3,4161.3,6312.6,6312.6,0.0,0.0,0.0,0.0,0.0,435.2,0.0,0.0,0.0,0.0,0.0,0.0,0.0,5713.0,164.3,0.0
2050-06-20 12:00:00,2050-06-20 10:00:00,2471.6,3795.7,0.0,0.0,6267.2,2374.8,0.0,0.0,0.0,0.0391,0.0646,upv,upv,0.0,0.0,0.0,0.0,0.0,0.0,0.0,0.0,0.0,0.0,0.0,0.0,0.0,0.0,0.0,0.0,0.0,0.0,141.0,2.7,0.27,16.7,1063.0,0.06,141.2,48.4,189.5,0.0,0.0,0.0,0.0,0.0,0.0,0.0,0.0,0.0,0.0,0.0,0.0,0.0,0.0,0.0,0.0,0.0,0.0,4227.7,4227.7,6267.2,6267.2,0.0,0.0,0.0,0.0,0.0,435.2,0.0,0.0,0.0,0.0,0.0,0.0,0.0,5646.6,185.4,0.0
2050-06-20 13:00:00,2050-06-20 11:00:00,2554.7,3957.5,0.0,0.0,6512.3,2452.5,-0.0,0.0,0.0,0.04,0.0668,upv,upv,0.0,0.0,0.0,0.0,0.0,0.0,0.0,0.0,0.0,0.0,0.0,0.0,0.0,0.0,0.0,0.0,0.0,0.0,141.1,2.7,0.27,16.7,1063.9,0.06,141.3,48.4,189.7,0.0,0.0,0.0,0.0,0.0,0.0,0.0,0.0,0.0,0.0,0.0,0.0,0.0,0.0,0.0,0.0,0.0,0.0,3984.7,3984.7,6512.3,6512.3,0.0,0.0,0.0,0.0,0.0,435.2,0.0,0.0,0.0,0.0,0.0,0.0,0.0,5889.6,187.4,0.0
2050-06-20 14:00:00,2050-06-20 12:00:00,2606.3,3825.8,0.0,0.0,6432.1,2500.6,0.0,0.0,0.0,0.0405,0.0682,upv,upv,0.0,0.0,0.0,0.0,0.0,0.0,0.0,0.0,0.0,0.0,0.0,0.0,0.0,0.0,0.0,0.0,0.0,0.0,141.2,2.7,0.27,16.7,1064.5,0.06,141.4,48.4,189.8,0.0,0.0,0.0,0.0,0.0,0.0,0.0,0.0,0.0,0.0,0.0,0.0,0.0,0.0,0.0,0.0,0.0,0.0,4065.6,4065.6,6432.1,6432.1,0.0,0.0,0.0,0.0,0.0,435.2,0.0,0.0,0.0,0.0,0.0,0.0,0.0,5808.7,188.1,0.0
2050-06-20 15:00:00,2050-06-20 13:00:00,2734.7,2755.7,0.0,0.0,5490.4,2620.1,0.0,0.0,0.0,0.0419,0.0715,upv,upv,0.0,0.0,0.0,0.0,0.0,0.0,0.0,0.0,0.0,0.0,0.0,0.0,0.0,0.0,0.0,0.0,0.0,0.0,141.4,2.7,0.27,16.7,1066.1,0.06,141.6,48.5,190.1,0.0,0.0,0.0,0.0,0.0,0.0,0.0,0.0,0.0,0.0,0.0,0.0,0.0,0.0,0.0,0.0,0.0,0.0,5010.1,5010.1,5490.4,5490.4,0.0,0.0,0.0,0.0,0.0,435.2,0.0,0.0,0.0,0.0,0.0,0.0,0.0,4864.2,191.0,0.0
2050-06-20 16:00:00,2050-06-20 14:00:00,2866.3,2461.0,0.0,0.0,5327.3,2742.0,0.0,0.0,0.0,0.0434,0.075,upv,upv,0.0,0.0,0.0,0.0,0.0,0.0,0.0,0.0,0.0,0.0,0.0,0.0,0.0,0.0,0.0,0.0,0.0,0.0,141.6,2.7,0.27,16.7,1067.7,0.06,141.8,48.6,190.3,0.0,0.0,0.0,0.0,0.0,0.0,0.0,0.0,0.0,0.0,0.0,0.0,0.0,0.0,0.0,0.0,0.0,0.0,5200.1,5200.1,5327.3,5327.3,0.0,0.0,0.0,0.0,0.0,435.2,0.0,0.0,0.0,0.0,0.0,0.0,0.0,4674.2,217.9,0.0
2050-06-20 17:00:00,2050-06-20 15:00:00,3062.1,2461.0,0.0,0.0,5523.1,2922.6,0.0,0.0,0.0,0.0455,0.0801,upv,upv,0.0,0.0,0.0,0.0,0.0,0.0,0.0,0.0,0.0,0.0,0.0,0.0,0.0,0.0,0.0,0.0,0.0,0.0,141.9,2.7,0.27,16.8,1070.1,0.06,142.1,48.7,190.8,0.0,0.0,0.0,0.0,0.0,0.0,0.0,0.0,0.0,0.0,0.0,0.0,0.0,0.0,0.0,0.0,0.0,0.0,5029.8,5029.8,5523.1,5523.1,0.0,0.0,0.0,0.0,0.0,435.2,0.0,0.0,0.0,0.0,0.0,0.0,0.0,4844.5,243.3,0.0
2050-06-20 18:00:00,2050-06-20 16:00:00,3218.9,2337.9,0.0,0.0,5556.8,3066.6,0.0,0.0,0.0,0.0473,0.0842,upv,upv,0.0,0.0,0.0,0.0,0.0,0.0,0.0,0.0,0.0,0.0,0.0,0.0,0.0,0.0,0.0,0.0,0.0,0.0,142.2,2.7,0.27,16.8,1072.1,0.06,142.4,48.8,191.1,0.0,0.0,0.0,0.0,0.0,0.0,0.0,0.0,0.0,0.0,0.0,0.0,0.0,0.0,0.0,0.0,0.0,0.0,4986.9,4986.9,5556.8,5556.8,0.0,0.0,0.0,0.0,0.0,434.5,0.0,0.0,0.0,0.0,0.0,0.0,0.0,4874.5,247.8,0.0
2050-06-20 19:00:00,2050-06-20 17:00:00,3371.6,0.0,0.0,3.2,3374.8,3206.1,-492.0,0.0,492.0,0.0491,0.0882,upv,upv,0.0,0.0,0.0,0.0,0.0,0.0,0.0,0.0,0.0,0.0,0.0,0.0,0.0,0.0,0.0,0.0,0.0,0.0,142.5,2.7,0.27,16.8,1074.1,0.06,142.6,48.9,191.5,0.0,0.0,0.0,0.0,0.0,0.0,0.0,0.0,0.0,0.0,0.0,0.0,0.0,0.0,0.0,0.0,0.0,0.0,3937.5,3937.5,3866.8,3866.8,0.0,0.0,0.0,0.0,0.0,318.8,0.0,0.0,0.0,0.0,0.0,0.0,0.0,3300.2,247.7,0.0
2050-06-20 20:00:00,2050-06-20 18:00:00,3484.2,0.0,0.0,13.1,3497.3,3308.6,1302.2,158.8,1640.0,0.0504,0.0911,gas-cc,gas-cc,25.6,0.5,0.05,3.0,193.1,0.01,25.6,8.8,34.4,26.1,0.5,0.05,3.1,197.1,0.01,26.1,9.0,35.1,143.6,2.7,0.27,17.0,1082.6,0.06,143.8,49.2,193.0,398.7,7.5,0.75,47.1,3008.9,0.17,399.2,136.8,536.0,33.36,0.0,0.0,33.36,36.7,0.0,0.0,36.7,0.0,0.0,0.0,4978.5,2195.1,2431.9,0.0,0.0,0.0,0.0,83.1,351.5,0.0,0.0,0.0,0.0,0.0,0.0,1885.4,226.7,0.0
2050-06-20 21:00:00,2050-06-20 19:00:00,3425.3,0.0,0.0,15.8,3441.0,3255.0,3210.3,328.6,1640.0,0.0497,0.0896,gas-cc,gas-cc,38.3,0.7,0.07,4.5,288.9,0.02,38.3,13.1,51.5,37.7,0.7,0.07,4.5,284.4,0.02,37.7,12.9,50.7,143.8,2.7,0.27,17.0,1084.2,0.06,144.0,49.3,193.3,398.1,7.5,0.75,47.0,3003.8,0.17,398.5,136.6,535.1,33.36,0.0,0.0,33.36,36.64,0.0,0.0,36.64,0.0,0.0,0.0,4752.4,230.8,4019.6,0.0,0.0,0.0,0.0,0.0,502.1,0.0,0.0,0.0,0.0,0.0,0.0,0.0,230.8,0.0
2050-06-20 22:00:00,2050-06-20 20:00:00,3273.7,0.0,0.0,17.6,3291.2,3116.7,3072.5,445.3,1640.0,0.048,0.0856,gas-cc,gas-cc,20.0,0.4,0.04,2.4,150.9,0.01,20.0,6.9,26.9,19.1,0.4,0.04,2.3,144.2,0.01,19.1,6.6,25.7,143.6,2.7,0.27,17.0,1082.5,0.06,143.7,49.2,193.0,396.3,7.5,0.75,46.8,2990.8,0.17,396.8,136.0,532.7,33.36,0.0,0.0,33.36,36.48,0.0,0.0,36.48,0.0,0.0,0.0,4485.9,218.7,4019.6,0.0,0.0,0.0,0.0,0.0,247.6,0.0,0.0,0.0,0.0,0.0,0.0,0.0,218.7,0.0
2050-06-20 23:00:00,2050-06-20 21:00:00,2956.8,0.0,0.0,17.6,2974.4,2825.7,2800.5,445.3,1640.0,0.0444,0.0773,gas-cc,gas-cc,51.2,1.0,0.1,6.0,386.5,0.02,51.3,17.6,68.8,48.4,0.9,0.09,5.7,365.4,0.02,48.5,16.6,65.1,143.1,2.7,0.27,16.9,1078.8,0.06,143.2,49.1,192.3,392.8,7.4,0.74,46.4,2963.9,0.17,393.2,134.8,528.0,33.36,0.0,0.0,33.36,36.15,0.0,0.0,36.15,0.0,0.0,0.0,4169.1,173.9,3406.0,0.0,0.0,0.0,0.0,0.0,589.2,0.0,0.0,0.0,0.0,0.0,0.0,0.0,173.9,0.0
2050-06-21 00:00:00,2050-06-20 22:00:00,2601.1,0.0,0.0,17.6,2618.6,2495.7,2464.7,445.3,1640.0,0.0405,0.068,battery,gas-cc,101.9,1.9,0.19,12.0,769.3,0.04,102.1,35.0,137.0,95.1,1.8,0.18,11.2,718.0,0.04,95.2,32.6,127.9,142.4,2.7,0.27,16.8,1073.9,0.06,142.6,48.8,191.4,388.8,7.3,0.73,45.9,2934.3,0.17,389.3,133.4,522.7,33.36,0.0,0.0,33.36,35.79,0.0,0.0,35.79,0.0,0.0,0.0,3813.3,153.9,2586.6,0.0,0.0,0.0,0.0,0.0,1072.7,0.0,0.0,0.0,0.0,0.0,0.0,0.0,153.9,0.0
2050-06-21 01:00:00,2050-06-20 23:00:00,2283.2,0.0,0.0,17.6,2300.7,2198.1,2196.6,445.3,1640.0,0.0372,0.0597,battery,gas-cc,111.2,2.1,0.21,13.1,839.3,0.05,111.3,38.2,149.5,102.5,1.9,0.19,12.1,773.2,0.04,102.6,35.2,137.7,142.0,2.7,0.27,16.8,1070.2,0.06,142.1,48.7,190.8,385.4,7.3,0.73,45.5,2908.4,0.17,385.8,132.2,518.1,33.36,0.0,0.0,33.36,35.47,0.0,0.0,35.47,0.0,0.0,0.0,3495.4,104.1,2318.5,0.0,0.0,0.0,0.0,0.0,1072.7,0.0,0.0,0.0,0.0,0.0,0.0,0.0,104.1,0.0
2050-06-21 02:00:00,2050-06-21 00:00:00,2005.3,0.0,0.0,16.9,2022.2,1935.8,1959.1,405.6,1640.0,0.0346,0.0524,battery,gas-cc,119.4,2.2,0.22,14.1,900.8,0.05,119.5,41.0,160.5,110.0,2.1,0.21,13.0,829.8,0.05,110.1,37.7,147.8,141.5,2.7,0.27,16.7,1066.9,0.06,141.7,48.5,190.2,382.5,7.2,0.72,45.2,2886.1,0.17,382.9,131.2,514.1,33.36,0.0,0.0,33.36,35.2,0.0,0.0,35.2,0.0,0.0,0.0,3256.6,63.1,2120.8,0.0,0.0,0.0,0.0,0.0,1072.7,0.0,0.0,0.0,0.0,0.0,0.0,0.0,63.1,0.0
2050-06-21 03:00:00,2050-06-21 01:00:00,1804.2,0.0,0.0,17.6,1821.8,1744.8,1780.2,445.3,1640.0,0.0329,0.0472,battery,gas-cc,128.9,2.4,0.24,15.2,972.6,0.06,129.0,44.2,173.2,116.1,2.2,0.22,13.7,876.3,0.05,116.3,39.8,156.1,141.3,2.7,0.27,16.7,1065.3,0.06,141.5,48.5,189.9,380.3,7.2,0.72,44.9,2870.2,0.16,380.8,130.5,511.3,33.36,0.0,0.0,33.36,35.01,0.0,0.0,35.01,0.0,0.0,0.0,3016.4,41.6,1902.1,0.0,0.0,0.0,0.0,0.0,1072.7,0.0,0.0,0.0,0.0,0.0,0.0,0.0,41.6,0.0
2050-06-21 04:00:00,2050-06-21 02:00:00,1656.8,0.0,0.0,4.3,1661.2,1604.1,1625.6,35.6,584.2,0.0318,0.0433,battery,gas-cc,175.9,3.3,0.33,20.8,1327.6,0.08,176.1,60.4,236.5,178.8,3.4,0.34,21.1,1349.5,0.08,179.0,61.4,240.4,141.1,2.7,0.27,16.7,1063.4,0.06,141.2,48.4,189.6,378.8,7.1,0.71,44.7,2858.6,0.16,379.2,130.0,509.2,33.36,0.0,0.0,33.36,34.87,0.0,0.0,34.87,0.0,0.0,0.0,2209.8,35.5,1101.5,0.0,0.0,0.0,0.0,0.0,1072.7,0.0,0.0,0.0,0.0,0.0,0.0,0.0,35.5,0.0
2050-06-21 05:00:00,2050-06-21 03:00:00,1533.7,0.0,0.0,8.9,1542.6,1486.1,1511.8,129.8,1054.6,0.031,0.0401,battery,gas-cc,157.6,3.0,0.3,18.6,1189.0,0.07,157.7,54.1,211.8,154.5,2.9,0.29,18.2,1165.8,0.07,154.7,53.0,207.7,141.0,2.7,0.27,16.7,1063.0,0.06,141.1,48.4,189.5,377.5,7.1,0.71,44.6,2849.0,0.16,377.9,129.5,507.5,33.36,0.0,0.0,33.36,34.75,0.0,0.0,34.75,0.0,0.0,0.0,2467.3,30.8,1363.8,0.0,0.0,0.0,0.0,0.0,1072.7,0.0,0.0,0.0,0.0,0.0,0.0,0.0,30.8,0.0
2050-06-21 06:00:00,2050-06-21 04:00:00,1461.1,0.0,0.0,2.0,1463.0,1416.3,1441.0,0.0,306.9,0.0306,0.0382,gas-cc,gas-cc,107.9,2.0,0.2,12.7,813.9,0.05,108.0,37.0,145.0,111.3,2.1,0.21,13.1,839.7,0.05,111.4,38.2,149.6,140.9,2.7,0.27,16.6,1062.4,0.06,141.1,48.3,189.4,376.8,7.1,0.71,44.5,2843.4,0.16,377.2,129.3,506.5,33.36,0.0,0.0,33.36,34.68,0.0,0.0,34.68,0.0,0.0,0.0,1769.9,22.0,1221.1,0.0,0.0,0.0,0.0,0.0,526.8,0.0,0.0,0.0,0.0,0.0,0.0,0.0,22.0,0.0
2050-06-21 07:00:00,2050-06-21 05:00:00,1446.3,0.0,0.0,5.7,1452.0,1402.1,-878.3,0.0,878.3,0.0306,0.0378,wind-ons,wind-ons,0.0,0.0,0.0,0.0,0.0,0.0,0.0,0.0,0.0,0.0,0.0,0.0,0.0,0.0,0.0,0.0,0.0,0.0,139.8,2.6,0.26,16.5,1053.6,0.06,139.9,47.9,187.8,0.0,0.0,0.0,0.0,0.0,0.0,0.0,0.0,0.0,0.0,0.0,0.0,0.0,0.0,0.0,0.0,0.0,0.0,0.0,0.0,2330.3,2330.3,0.0,0.0,0.0,0.0,0.0,97.9,0.0,0.0,0.0,0.0,0.0,0.0,0.0,2221.4,11.0,0.0
2050-06-21 08:00:00,2050-06-21 06:00:00,1551.6,2337.9,0.0,0.0,3889.5,1503.2,0.0,0.0,0.0,0.0312,0.0406,upv,upv,0.0,0.0,0.0,0.0,0.0,0.0,0.0,0.0,0.0,0.0,0.0,0.0,0.0,0.0,0.0,0.0,0.0,0.0,139.8,2.6,0.26,16.5,1054.2,0.06,140.0,48.0,187.9,0.0,0.0,0.0,0.0,0.0,0.0,0.0,0.0,0.0,0.0,0.0,0.0,0.0,0.0,0.0,0.0,0.0,7.8,3997.8,4005.7,3889.5,3889.5,0.0,0.0,0.0,0.0,0.0,332.9,0.0,0.0,0.0,0.0,0.0,0.0,0.0,3556.5,0.0,0.0
2050-06-21 09:00:00,2050-06-21 07:00:00,1775.8,2337.9,0.0,0.0,4113.7,1717.7,0.0,0.0,0.0,0.0327,0.0464,upv,upv,0.0,0.0,0.0,0.0,0.0,0.0,0.0,0.0,0.0,0.0,0.0,0.0,0.0,0.0,0.0,0.0,0.0,0.0,140.1,2.6,0.27,16.5,1055.9,0.06,140.2,48.0,188.2,0.0,0.0,0.0,0.0,0.0,0.0,0.0,0.0,0.0,0.0,0.0,0.0,0.0,0.0,0.0,0.0,0.0,1.5,6013.4,6015.0,4113.7,4113.7,0.0,0.0,0.0,0.0,0.0,427.3,0.0,0.0,0.0,0.0,0.0,0.0,0.0,3686.4,0.0,0.0
2050-06-21 10:00:00,2050-06-21 08:00:00,2069.5,2431.9,0.0,0.0,4501.4,1996.6,0.0,0.0,0.0,0.0352,0.0541,upv,upv,0.0,0.0,0.0,0.0,0.0,0.0,0.0,0.0,0.0,0.0,0.0,0.0,0.0,0.0,0.0,0.0,0.0,0.0,140.4,2.7,0.27,16.6,1058.7,0.06,140.6,48.2,188.7,0.0,0.0,0.0,0.0,0.0,0.0,0.0,0.0,0.0,0.0,0.0,0.0,0.0,0.0,0.0,0.0,0.0,0.6,5808.2,5808.8,4501.4,4501.4,0.0,0.0,0.0,0.0,0.0,435.2,0.0,0.0,0.0,0.0,0.0,0.0,0.0,4066.1,0.0,0.0
2050-06-21 11:00:00,2050-06-21 09:00:00,2255.8,3369.2,0.0,0.0,5625.0,2172.4,-0.0,0.0,0.0,0.037,0.059,upv,upv,0.0,0.0,0.0,0.0,0.0,0.0,0.0,0.0,0.0,0.0,0.0,0.0,0.0,0.0,0.0,0.0,0.0,0.0,140.7,2.7,0.27,16.6,1060.6,0.06,140.8,48.2,189.1,0.0,0.0,0.0,0.0,0.0,0.0,0.0,0.0,0.0,0.0,0.0,0.0,0.0,0.0,0.0,0.0,0.0,2.6,4684.5,4687.1,5625.0,5625.0,0.0,0.0,0.0,0.0,0.0,435.2,0.0,0.0,0.0,0.0,0.0,0.0,0.0,5189.8,0.0,0.0
2050-06-21 12:00:00,2050-06-21 10:00:00,2407.4,2431.9,0.0,0.0,4839.3,2314.7,0.0,0.0,0.0,0.0385,0.063,upv,upv,0.0,0.0,0.0,0.0,0.0,0.0,0.0,0.0,0.0,0.0,0.0,0.0,0.0,0.0,0.0,0.0,0.0,0.0,140.9,2.7,0.27,16.6,1062.3,0.06,141.1,48.3,189.4,0.0,0.0,0.0,0.0,0.0,0.0,0.0,0.0,0.0,0.0,0.0,0.0,0.0,0.0,0.0,0.0,0.0,6.7,5470.3,5477.0,4839.3,4839.3,0.0,0.0,0.0,0.0,0.0,435.2,0.0,0.0,0.0,0.0,0.0,0.0,0.0,4404.0,0.0,0.0
2050-06-21 13:00:00,2050-06-21 11:00:00,2538.9,1068.1,0.0,0.0,3607.1,2437.8,0.0,0.0,0.0,0.0398,0.0664,upv,upv,0.0,0.0,0.0,0.0,0.0,0.0,0.0,0.0,0.0,0.0,0.0,0.0,0.0,0.0,0.0,0.0,0.0,0.0,141.1,2.7,0.27,16.7,1063.8,0.06,141.3,48.4,189.6,0.0,0.0,0.0,0.0,0.0,0.0,0.0,0.0,0.0,0.0,0.0,0.0,0.0,0.0,0.0,0.0,0.0,12.1,6702.5,6714.5,3607.1,3607.1,0.0,0.0,0.0,0.0,0.0,435.2,0.0,0.0,0.0,0.0,0.0,0.0,0.0,3171.8,0.0,0.0
2050-06-21 14:00:00,2050-06-21 12:00:00,2621.1,2168.3,0.0,0.0,4789.4,2514.4,-0.0,0.0,0.0,0.0407,0.0685,upv,upv,0.0,0.0,0.0,0.0,0.0,0.0,0.0,0.0,0.0,0.0,0.0,0.0,0.0,0.0,0.0,0.0,0.0,0.0,141.2,2.7,0.27,16.7,1064.7,0.06,141.4,48.4,189.8,0.0,0.0,0.0,0.0,0.0,0.0,0.0,0.0,0.0,0.0,0.0,0.0,0.0,0.0,0.0,0.0,0.0,0.0,5541.4,5541.4,4789.4,4789.4,0.0,0.0,0.0,0.0,0.0,435.2,0.0,0.0,0.0,0.0,0.0,0.0,0.0,4332.9,21.2,0.0
2050-06-21 15:00:00,2050-06-21 13:00:00,2760.0,2946.6,0.0,0.0,5706.6,2643.5,0.0,0.0,0.0,0.0422,0.0722,upv,upv,0.0,0.0,0.0,0.0,0.0,0.0,0.0,0.0,0.0,0.0,0.0,0.0,0.0,0.0,0.0,0.0,0.0,0.0,141.5,2.7,0.27,16.7,1066.4,0.06,141.6,48.5,190.1,0.0,0.0,0.0,0.0,0.0,0.0,0.0,0.0,0.0,0.0,0.0,0.0,0.0,0.0,0.0,0.0,0.0,0.0,4630.4,4630.4,5706.6,5706.6,0.0,0.0,0.0,0.0,0.0,435.2,0.0,0.0,0.0,0.0,0.0,0.0,0.0,5243.9,27.5,0.0
2050-06-21 16:00:00,2050-06-21 14:00:00,2912.6,3045.5,0.0,0.0,5958.1,2784.8,-0.0,0.0,0.0,0.0439,0.0762,upv,upv,0.0,0.0,0.0,0.0,0.0,0.0,0.0,0.0,0.0,0.0,0.0,0.0,0.0,0.0,0.0,0.0,0.0,0.0,141.7,2.7,0.27,16.7,1068.2,0.06,141.9,48.6,190.4,0.0,0.0,0.0,0.0,0.0,0.0,0.0,0.0,0.0,0.0,0.0,0.0,0.0,0.0,0.0,0.0,0.0,0.0,4384.7,4384.7,5958.1,5958.1,0.0,0.0,0.0,0.0,0.0,435.2,0.0,0.0,0.0,0.0,0.0,0.0,0.0,5489.6,33.2,0.0
2050-06-21 17:00:00,2050-06-21 15:00:00,3074.7,2652.9,0.0,0.0,5727.6,2934.3,0.0,0.0,0.0,0.0457,0.0804,upv,upv,0.0,0.0,0.0,0.0,0.0,0.0,0.0,0.0,0.0,0.0,0.0,0.0,0.0,0.0,0.0,0.0,0.0,0.0,142.0,2.7,0.27,16.8,1070.3,0.06,142.1,48.7,190.8,0.0,0.0,0.0,0.0,0.0,0.0,0.0,0.0,0.0,0.0,0.0,0.0,0.0,0.0,0.0,0.0,0.0,0.0,4627.4,4627.4,5727.6,5727.6,0.0,0.0,0.0,0.0,0.0,435.2,0.0,0.0,0.0,0.0,0.0,0.0,0.0,5246.9,45.4,0.0
2050-06-21 18:00:00,2050-06-21 16:00:00,3247.4,3817.0,0.0,0.0,7064.4,3092.6,0.0,0.0,0.0,0.0477,0.0849,upv,upv,0.0,0.0,0.0,0.0,0.0,0.0,0.0,0.0,0.0,0.0,0.0,0.0,0.0,0.0,0.0,0.0,0.0,0.0,142.3,2.7,0.27,16.8,1072.5,0.06,142.4,48.8,191.2,0.0,0.0,0.0,0.0,0.0,0.0,0.0,0.0,0.0,0.0,0.0,0.0,0.0,0.0,0.0,0.0,0.0,0.0,3168.3,3168.3,7064.4,7064.4,0.0,0.0,0.0,0.0,0.0,429.5,0.0,0.0,0.0,0.0,0.0,0.0,0.0,6576.8,58.1,0.0
2050-06-21 19:00:00,2050-06-21 17:00:00,3405.3,2559.3,0.0,10.7,5975.2,3236.8,-1640.0,0.0,1640.0,0.0495,0.0891,battery,upv,0.0,0.0,0.0,0.0,0.0,0.0,0.0,0.0,0.0,0.0,0.0,0.0,0.0,0.0,0.0,0.0,0.0,0.0,142.5,2.7,0.27,16.8,1074.5,0.06,142.7,48.9,191.6,0.0,0.0,0.0,0.0,0.0,0.0,0.0,0.0,0.0,0.0,0.0,0.0,0.0,0.0,0.0,0.0,0.0,0.0,0.0,0.0,7615.2,7615.2,0.0,0.0,0.0,0.0,0.0,318.7,0.0,0.0,0.0,0.0,0.0,0.0,0.0,7231.2,65.2,0.0
2050-06-21 20:00:00,2050-06-21 18:00:00,3503.2,0.0,0.0,22.0,3525.2,3325.8,1358.7,0.0,2371.5,0.0506,0.0916,gas-cc,gas-cc,42.1,0.8,0.08,5.0,317.6,0.02,42.1,14.4,56.6,44.3,0.8,0.08,5.2,334.5,0.02,44.4,15.2,59.6,143.7,2.7,0.27,17.0,1083.7,0.06,143.9,49.3,193.2,398.9,7.5,0.75,47.1,3010.5,0.17,399.4,136.9,536.3,33.36,0.0,0.0,33.36,36.72,0.0,0.0,36.72,0.0,0.0,0.0,5896.7,2166.5,3045.5,0.0,0.0,0.0,0.0,86.9,684.7,0.0,0.0,0.0,0.0,0.0,0.0,1972.6,107.0,0.0
2050-06-21 21:00:00,2050-06-21 19:00:00,3378.9,0.0,0.0,10.7,3389.6,3212.8,3227.7,0.0,1640.0,0.0492,0.0884,gas-cc,gas-cc,77.2,1.5,0.15,9.1,582.9,0.03,77.3,26.5,103.8,81.2,1.5,0.15,9.6,613.0,0.04,81.3,27.9,109.2,143.8,2.7,0.27,17.0,1084.1,0.06,143.9,49.3,193.3,397.5,7.5,0.75,47.0,2999.8,0.17,398.0,136.4,534.4,48.23,308.25,0.0,356.47,52.9,338.12,0.0,391.02,0.0,0.0,0.0,5029.6,161.9,3795.7,0.0,0.0,0.0,0.0,0.0,1072.0,0.0,0.0,0.0,0.0,0.0,0.0,0.0,161.9,0.0
2050-06-21 22:00:00,2050-06-21 20:00:00,3247.4,0.0,0.0,10.7,3258.0,3092.6,3113.7,0.0,1640.0,0.0477,0.0849,gas-cc,gas-cc,56.5,1.1,0.11,6.7,426.1,0.02,56.5,19.4,75.9,59.3,1.1,0.11,7.0,447.4,0.03,59.4,20.3,79.7,172.9,3.3,0.33,20.4,1304.1,0.08,173.1,59.3,232.4,396.0,7.5,0.75,46.8,2988.5,0.17,396.5,135.9,532.3,47.02,0.0,0.0,47.02,51.38,0.0,0.0,51.38,0.0,0.0,0.0,4898.0,144.4,3990.5,0.0,0.0,0.0,0.0,0.0,763.1,0.0,0.0,0.0,0.0,0.0,0.0,0.0,144.4,0.0
2050-06-21 23:00:00,2050-06-21 21:00:00,2920.0,0.0,0.0,13.9,2933.9,2791.7,2825.1,0.0,1850.1,0.044,0.0764,gas-cc,gas-cc,51.9,1.0,0.1,6.1,391.4,0.02,51.9,17.8,69.7,54.3,1.0,0.1,6.4,409.4,0.02,54.3,18.6,72.9,155.1,2.9,0.29,18.3,1169.3,0.07,155.2,53.2,208.4,392.4,7.4,0.74,46.3,2960.8,0.17,392.8,134.6,527.4,33.36,0.0,0.0,33.36,36.11,0.0,0.0,36.11,0.0,0.0,0.0,4784.0,108.8,3990.5,0.0,0.0,0.0,0.0,0.0,684.7,0.0,0.0,0.0,0.0,0.0,0.0,0.0,108.8,0.0
2050-06-22 00:00:00,2050-06-21 22:00:00,2567.4,0.0,0.0,2.5,2569.8,2464.3,2516.1,0.0,379.8,0.0401,0.0671,gas-cc,gas-cc,100.8,1.9,0.19,11.9,761.0,0.04,101.0,34.6,135.6,105.1,2.0,0.2,12.4,792.8,0.05,105.2,36.0,141.2,153.2,2.9,0.29,18.1,1155.2,0.07,153.4,52.5,205.9,410.1,7.7,0.77,48.4,3094.7,0.18,410.5,140.7,551.3,40.11,0.0,0.0,40.11,43.0,0.0,0.0,43.0,0.0,0.0,0.0,2949.6,53.7,2075.1,0.0,0.0,0.0,0.0,0.0,820.8,0.0,0.0,0.0,0.0,0.0,0.0,0.0,53.7,0.0
2050-06-22 01:00:00,2050-06-21 23:00:00,2268.4,0.0,0.0,6.8,2275.2,2184.3,2236.9,0.0,1044.9,0.0371,0.0593,gas-cc,gas-cc,89.6,1.7,0.17,10.6,676.1,0.04,89.7,30.7,120.4,93.0,1.8,0.18,11.0,702.1,0.04,93.1,31.9,125.1,172.9,3.3,0.33,20.4,1304.0,0.08,173.1,59.3,232.4,406.7,7.7,0.77,48.0,3068.9,0.18,407.1,139.5,546.7,40.11,0.0,0.0,40.11,42.64,0.0,0.0,42.64,0.0,0.0,0.0,3320.1,38.3,2461.0,0.0,0.0,0.0,0.0,0.0,820.8,0.0,0.0,0.0,0.0,0.0,0.0,0.0,38.3,0.0
2050-06-22 02:00:00,2050-06-22 00:00:00,1989.5,0.0,0.0,8.5,1998.0,1920.9,1971.8,0.0,1310.0,0.0345,0.052,battery,gas-cc,89.9,1.7,0.17,10.6,678.6,0.04,90.0,30.9,120.9,93.1,1.8,0.18,11.0,702.8,0.04,93.2,32.0,125.2,141.6,2.7,0.27,16.7,1067.5,0.06,141.7,48.6,190.3,403.6,7.6,0.76,47.7,3045.3,0.17,404.0,138.5,542.5,40.11,0.0,0.0,40.11,42.32,0.0,0.0,42.32,0.0,0.0,0.0,3308.0,26.2,2461.0,0.0,0.0,0.0,0.0,0.0,820.8,0.0,0.0,0.0,0.0,0.0,0.0,0.0,26.2,0.0
2050-06-22 03:00:00,2050-06-22 01:00:00,1798.9,0.0,0.0,9.7,1808.6,1739.8,1792.9,0.0,1488.9,0.0329,0.047,battery,gas-cc,90.2,1.7,0.17,10.7,680.7,0.04,90.3,31.0,121.3,93.3,1.8,0.18,11.0,703.9,0.04,93.4,32.0,125.4,180.6,3.4,0.34,21.3,1362.2,0.08,180.8,62.0,242.8,401.4,7.6,0.76,47.4,3029.4,0.17,401.9,137.7,539.6,40.11,0.0,0.0,40.11,42.09,0.0,0.0,42.09,0.0,0.0,0.0,3297.5,15.7,2461.0,0.0,0.0,0.0,0.0,0.0,820.8,0.0,0.0,0.0,0.0,0.0,0.0,0.0,15.7,0.0
2050-06-22 04:00:00,2050-06-22 02:00:00,1667.4,0.0,0.0,0.0,1667.4,1614.2,1653.3,0.0,0.0,0.0319,0.0436,battery,gas-cc,178.4,3.4,0.34,21.1,1346.2,0.08,178.6,61.2,239.8,184.3,3.5,0.35,21.8,1390.6,0.08,184.5,63.2,247.7,214.3,4.0,0.4,25.3,1616.5,0.09,214.5,73.5,288.0,394.7,7.4,0.74,46.6,2978.3,0.17,395.1,135.4,530.5,40.11,0.0,0.0,40.11,41.94,0.0,0.0,41.94,0.0,0.0,0.0,1667.4,14.1,832.5,0.0,0.0,0.0,0.0,0.0,820.8,0.0,0.0,0.0,0.0,0.0,0.0,0.0,14.1,0.0
2050-06-22 05:00:00,2050-06-22 03:00:00,1556.8,0.0,0.0,0.0,1556.8,1508.3,1544.6,0.0,0.0,0.0312,0.0407,battery,gas-cc,191.1,3.6,0.36,22.6,1441.8,0.08,191.3,65.6,256.8,197.2,3.7,0.37,23.3,1488.2,0.09,197.4,67.7,265.1,146.0,2.8,0.28,17.3,1101.1,0.06,146.2,50.1,196.3,393.5,7.4,0.74,46.5,2969.4,0.17,393.9,135.0,528.9,40.11,0.0,0.0,40.11,41.82,0.0,0.0,41.82,0.0,0.0,0.0,1556.8,12.2,723.8,0.0,0.0,0.0,0.0,0.0,820.8,0.0,0.0,0.0,0.0,0.0,0.0,0.0,12.2,0.0
2050-06-22 06:00:00,2050-06-22 04:00:00,1484.2,0.0,0.0,0.0,1484.2,1438.5,1475.8,0.0,0.0,0.0308,0.0388,battery,gas-cc,200.4,3.8,0.38,23.7,1512.4,0.09,200.6,68.8,269.4,206.8,3.9,0.39,24.4,1560.4,0.09,207.0,71.0,277.9,155.3,2.9,0.29,18.3,1170.8,0.07,155.4,53.3,208.7,392.7,7.4,0.74,46.4,2963.5,0.17,393.1,134.7,527.9,38.98,0.0,0.0,38.98,40.56,0.0,0.0,40.56,0.0,0.0,0.0,1484.2,8.4,655.0,0.0,0.0,0.0,0.0,0.0,820.8,0.0,0.0,0.0,0.0,0.0,0.0,0.0,8.4,0.0
2050-06-22 07:00:00,2050-06-22 05:00:00,1471.6,0.0,0.0,5.0,1476.5,1426.4,-762.3,0.0,762.3,0.0307,0.0385,hydro,hydro,0.0,0.0,0.0,0.0,0.0,0.0,0.0,0.0,0.0,0.0,0.0,0.0,0.0,0.0,0.0,0.0,0.0,0.0,140.0,2.6,0.26,16.5,1055.4,0.06,140.1,48.0,188.2,0.0,0.0,0.0,0.0,0.0,0.0,0.0,0.0,0.0,5.72,0.0,0.0,5.72,5.95,0.0,0.0,5.95,0.0,0.0,0.0,2238.8,2238.8,0.0,0.0,0.0,0.0,0.0,94.3,0.0,0.0,0.0,0.0,0.0,0.0,0.0,2139.0,5.5,0.0
2050-06-22 08:00:00,2050-06-22 06:00:00,1574.7,2852.8,0.0,0.0,4427.5,1525.5,0.0,0.0,0.0,0.0313,0.0412,upv,upv,0.0,0.0,0.0,0.0,0.0,0.0,0.0,0.0,0.0,0.0,0.0,0.0,0.0,0.0,0.0,0.0,0.0,0.0,139.9,2.6,0.26,16.5,1054.4,0.06,140.0,48.0,188.0,0.0,0.0,0.0,0.0,0.0,0.0,0.0,0.0,0.0,0.0,0.0,0.0,0.0,0.0,0.0,0.0,0.0,5.1,3270.9,3275.9,4427.5,4427.5,0.0,0.0,0.0,0.0,0.0,325.0,0.0,0.0,0.0,0.0,0.0,0.0,0.0,4102.6,0.0,0.0
2050-06-22 09:00:00,2050-06-22 07:00:00,1804.2,2431.9,0.0,0.0,4236.1,1744.8,0.0,0.0,0.0,0.0329,0.0472,upv,upv,0.0,0.0,0.0,0.0,0.0,0.0,0.0,0.0,0.0,0.0,0.0,0.0,0.0,0.0,0.0,0.0,0.0,0.0,140.1,2.6,0.27,16.6,1056.2,0.06,140.2,48.0,188.3,0.0,0.0,0.0,0.0,0.0,0.0,0.0,0.0,0.0,0.0,0.0,0.0,0.0,0.0,0.0,0.0,0.0,2.4,5817.0,5819.4,4236.1,4236.1,0.0,0.0,0.0,0.0,0.0,424.4,0.0,0.0,0.0,0.0,0.0,0.0,0.0,3811.7,0.0,0.0
2050-06-22 10:00:00,2050-06-22 08:00:00,2082.1,483.7,0.0,0.0,2565.8,2008.6,0.0,0.0,0.0,0.0353,0.0544,upv,upv,0.0,0.0,0.0,0.0,0.0,0.0,0.0,0.0,0.0,0.0,0.0,0.0,0.0,0.0,0.0,0.0,0.0,0.0,140.4,2.7,0.27,16.6,1058.8,0.06,140.6,48.2,188.8,0.0,0.0,0.0,0.0,0.0,0.0,0.0,0.0,0.0,0.0,0.0,0.0,0.0,0.0,0.0,0.0,0.0,3.2,7736.9,7740.1,2565.8,2565.8,0.0,0.0,0.0,0.0,0.0,434.9,0.0,0.0,0.0,0.0,0.0,0.0,0.0,2130.9,0.0,0.0
2050-06-22 11:00:00,2050-06-22 09:00:00,2298.9,2381.8,0.0,0.0,4680.7,2213.0,0.0,0.0,0.0,0.0374,0.0601,upv,upv,0.0,0.0,0.0,0.0,0.0,0.0,0.0,0.0,0.0,0.0,0.0,0.0,0.0,0.0,0.0,0.0,0.0,0.0,140.7,2.7,0.27,16.6,1061.1,0.06,140.9,48.3,189.2,0.0,0.0,0.0,0.0,0.0,0.0,0.0,0.0,0.0,0.0,0.0,0.0,0.0,0.0,0.0,0.0,0.0,2.2,5628.8,5631.0,4680.7,4680.7,0.0,0.0,0.0,0.0,0.0,435.2,0.0,0.0,0.0,0.0,0.0,0.0,0.0,4245.5,0.0,0.0
2050-06-22 12:00:00,2050-06-22 10:00:00,2476.8,2461.0,0.0,0.0,4937.8,2379.8,0.0,0.0,0.0,0.0392,0.0648,upv,upv,0.0,0.0,0.0,0.0,0.0,0.0,0.0,0.0,0.0,0.0,0.0,0.0,0.0,0.0,0.0,0.0,0.0,0.0,141.0,2.7,0.27,16.7,1063.0,0.06,141.2,48.4,189.5,0.0,0.0,0.0,0.0,0.0,0.0,0.0,0.0,0.0,0.0,0.0,0.0,0.0,0.0,0.0,0.0,0.0,6.7,5371.7,5378.4,4937.8,4937.8,0.0,0.0,0.0,0.0,0.0,435.2,0.0,0.0,0.0,0.0,0.0,0.0,0.0,4502.6,0.0,0.0
2050-06-22 13:00:00,2050-06-22 11:00:00,2601.1,2461.0,0.0,0.0,5062.0,2495.7,-0.0,0.0,0.0,0.0405,0.068,upv,upv,0.0,0.0,0.0,0.0,0.0,0.0,0.0,0.0,0.0,0.0,0.0,0.0,0.0,0.0,0.0,0.0,0.0,0.0,141.2,2.7,0.27,16.7,1064.5,0.06,141.4,48.4,189.8,0.0,0.0,0.0,0.0,0.0,0.0,0.0,0.0,0.0,0.0,0.0,0.0,0.0,0.0,0.0,0.0,0.0,9.0,5247.5,5256.5,5062.0,5062.0,0.0,0.0,0.0,0.0,0.0,435.2,0.0,0.0,0.0,0.0,0.0,0.0,0.0,4626.8,0.0,0.0
2050-06-22 14:00:00,2050-06-22 12:00:00,2672.6,3406.0,0.0,0.0,6078.6,2562.4,-0.0,0.0,0.0,0.0413,0.0699,upv,upv,0.0,0.0,0.0,0.0,0.0,0.0,0.0,0.0,0.0,0.0,0.0,0.0,0.0,0.0,0.0,0.0,0.0,0.0,141.3,2.7,0.27,16.7,1065.3,0.06,141.5,48.5,189.9,0.0,0.0,0.0,0.0,0.0,0.0,0.0,0.0,0.0,0.0,0.0,0.0,0.0,0.0,0.0,0.0,0.0,7.8,4230.9,4238.7,6078.6,6078.6,0.0,0.0,0.0,0.0,0.0,435.2,0.0,0.0,0.0,0.0,0.0,0.0,0.0,5643.4,0.0,0.0
2050-06-22 15:00:00,2050-06-22 13:00:00,2827.4,3891.7,0.0,0.0,6719.0,2706.0,0.0,0.0,0.0,0.0429,0.0739,upv,upv,0.0,0.0,0.0,0.0,0.0,0.0,0.0,0.0,0.0,0.0,0.0,0.0,0.0,0.0,0.0,0.0,0.0,0.0,141.6,2.7,0.27,16.7,1067.2,0.06,141.7,48.5,190.3,0.0,0.0,0.0,0.0,0.0,0.0,0.0,0.0,0.0,0.0,0.0,0.0,0.0,0.0,0.0,0.0,0.0,11.6,3590.5,3602.1,6719.0,6719.0,0.0,0.0,0.0,0.0,0.0,435.2,0.0,0.0,0.0,0.0,0.0,0.0,0.0,6283.8,0.0,0.0
2050-06-22 16:00:00,2050-06-22 14:00:00,2971.6,3990.5,0.0,0.0,6962.1,2839.3,-0.0,0.0,0.0,0.0445,0.0777,upv,upv,0.0,0.0,0.0,0.0,0.0,0.0,0.0,0.0,0.0,0.0,0.0,0.0,0.0,0.0,0.0,0.0,0.0,0.0,141.8,2.7,0.27,16.8,1069.0,0.06,141.9,48.6,190.6,0.0,0.0,0.0,0.0,0.0,0.0,0.0,0.0,0.0,0.0,0.0,0.0,0.0,0.0,0.0,0.0,0.0,13.7,3347.5,3361.1,6962.1,6962.1,0.0,0.0,0.0,0.0,0.0,435.2,0.0,0.0,0.0,0.0,0.0,0.0,0.0,6526.8,0.0,0.0
2050-06-22 17:00:00,2050-06-22 15:00:00,3165.3,1876.5,0.0,0.0,5041.8,3017.4,0.0,0.0,0.0,0.0467,0.0828,upv,upv,0.0,0.0,0.0,0.0,0.0,0.0,0.0,0.0,0.0,0.0,0.0,0.0,0.0,0.0,0.0,0.0,0.0,0.0,142.1,2.7,0.27,16.8,1071.4,0.06,142.3,48.7,191.0,0.0,0.0,0.0,0.0,0.0,0.0,0.0,0.0,0.0,0.0,0.0,0.0,0.0,0.0,0.0,0.0,0.0,14.6,5254.1,5268.7,5041.8,5041.8,0.0,0.0,0.0,0.0,0.0,434.5,0.0,0.0,0.0,0.0,0.0,0.0,0.0,4607.3,0.0,0.0
2050-06-22 18:00:00,2050-06-22 16:00:00,3330.5,3566.0,0.0,0.0,6896.5,3168.6,0.0,0.0,0.0,0.0486,0.0871,upv,upv,0.0,0.0,0.0,0.0,0.0,0.0,0.0,0.0,0.0,0.0,0.0,0.0,0.0,0.0,0.0,0.0,0.0,0.0,142.4,2.7,0.27,16.8,1073.6,0.06,142.6,48.8,191.4,0.0,0.0,0.0,0.0,0.0,0.0,0.0,0.0,0.0,0.0,0.0,0.0,0.0,0.0,0.0,0.0,0.0,19.9,2697.7,2717.5,6896.5,6896.5,0.0,0.0,0.0,0.0,0.0,0.0,0.0,0.0,0.0,0.0,0.0,0.0,0.0,6896.5,0.0,0.0
2050-06-22 19:00:00,2050-06-22 17:00:00,3492.6,1363.6,0.0,17.2,4873.5,3316.3,-2062.4,0.0,2062.4,0.0505,0.0913,battery,upv,0.0,0.0,0.0,0.0,0.0,0.0,0.0,0.0,0.0,0.0,0.0,0.0,0.0,0.0,0.0,0.0,0.0,0.0,142.8,2.7,0.27,16.9,1076.6,0.06,143.0,49.0,191.9,0.0,0.0,0.0,0.0,0.0,0.0,0.0,0.0,0.0,0.0,0.0,0.0,0.0,0.0,0.0,0.0,0.0,41.9,0.0,41.9,6935.9,6935.9,0.0,0.0,0.0,0.0,0.0,292.7,0.0,0.0,0.0,0.0,0.0,0.0,0.0,6643.2,0.0,0.0
2050-06-22 20:00:00,2050-06-22 18:00:00,3564.2,0.0,0.0,10.4,3574.6,3381.2,1648.1,0.0,1604.6,0.0513,0.0932,battery,gas-cc,57.4,1.1,0.11,6.8,433.4,0.02,57.5,19.7,77.2,60.5,1.1,0.11,7.2,456.8,0.03,60.6,20.8,81.4,143.6,2.7,0.27,17.0,1082.9,0.06,143.8,49.3,193.1,503.8,9.5,0.95,59.5,3801.5,0.22,504.3,172.9,677.2,37.77,0.0,0.0,37.77,41.66,0.0,0.0,41.66,0.0,0.0,0.0,5179.2,1926.5,2431.9,0.0,0.0,0.0,0.0,77.7,820.8,0.0,0.0,0.0,0.0,0.0,0.0,1764.2,84.6,0.0
2050-06-22 21:00:00,2050-06-22 19:00:00,3466.3,0.0,0.0,9.7,3476.0,3292.3,3344.9,0.0,1495.4,0.0502,0.0906,gas-cc,gas-cc,59.8,1.1,0.11,7.1,451.5,0.03,59.9,20.5,80.4,63.0,1.2,0.12,7.4,475.4,0.03,63.1,21.6,84.7,143.8,2.7,0.27,17.0,1084.2,0.06,144.0,49.3,193.3,493.1,9.3,0.93,58.2,3720.6,0.21,493.6,169.2,662.8,49.75,0.0,0.0,49.75,54.71,0.0,0.0,54.71,0.0,0.0,0.0,4971.5,131.1,4019.6,0.0,0.0,0.0,0.0,0.0,820.8,0.0,0.0,0.0,0.0,0.0,0.0,0.0,131.1,0.0
2050-06-22 22:00:00,2050-06-22 20:00:00,3355.8,0.0,0.0,10.4,3366.2,3191.7,3236.8,0.0,1603.6,0.0489,0.0878,gas-cc,gas-cc,59.9,1.1,0.11,7.1,451.7,0.03,59.9,20.5,80.5,62.9,1.2,0.12,7.4,474.9,0.03,63.0,21.6,84.6,143.6,2.7,0.27,17.0,1082.6,0.06,143.8,49.2,193.0,385.6,7.3,0.73,45.6,2910.0,0.17,386.0,132.3,518.4,40.87,0.0,0.0,40.87,44.8,0.0,0.0,44.8,0.0,0.0,0.0,4969.8,129.5,4019.6,0.0,0.0,0.0,0.0,0.0,820.8,0.0,0.0,0.0,0.0,0.0,0.0,0.0,129.5,0.0
2050-06-22 23:00:00,2050-06-22 21:00:00,3077.9,0.0,0.0,10.7,3088.6,2937.2,2960.1,0.0,1640.0,0.0457,0.0805,battery,gas-cc,62.9,1.2,0.12,7.4,474.7,0.03,63.0,21.6,84.6,65.9,1.2,0.12,7.8,497.5,0.03,66.0,22.6,88.6,143.2,2.7,0.27,16.9,1079.7,0.06,143.4,49.1,192.5,443.8,8.4,0.84,52.4,3349.2,0.19,444.3,152.3,596.6,37.77,0.0,0.0,37.77,41.08,0.0,0.0,41.08,0.0,0.0,0.0,4728.5,128.5,3779.2,0.0,0.0,0.0,0.0,0.0,820.8,0.0,0.0,0.0,0.0,0.0,0.0,0.0,128.5,0.0
2050-06-23 00:00:00,2050-06-22 22:00:00,2752.6,0.0,0.0,2.2,2754.9,2636.7,2640.8,0.0,345.4,0.0421,0.072,battery,gas-cc,95.9,1.8,0.18,11.3,724.0,0.04,96.0,32.9,129.0,100.2,1.9,0.19,11.8,755.9,0.04,100.3,34.4,134.6,142.5,2.7,0.27,16.8,1074.4,0.06,142.7,48.9,191.5,453.8,8.6,0.86,53.6,3424.7,0.2,454.3,155.7,610.0,39.22,0.0,0.0,39.22,42.26,0.0,0.0,42.26,0.0,0.0,0.0,3100.3,114.1,2165.4,0.0,0.0,0.0,0.0,0.0,820.8,0.0,0.0,0.0,0.0,0.0,0.0,0.0,114.1,0.0
2050-06-23 01:00:00,2050-06-22 23:00:00,2455.8,0.0,0.0,7.6,2463.4,2360.1,2361.4,0.0,1165.4,0.039,0.0642,battery,gas-cc,82.0,1.5,0.15,9.7,618.6,0.04,82.1,28.1,110.2,85.3,1.6,0.16,10.1,643.7,0.04,85.4,29.3,114.7,169.1,3.2,0.32,20.0,1275.3,0.07,169.3,58.0,227.3,450.1,8.5,0.85,53.2,3396.3,0.2,450.5,154.4,605.0,39.22,0.0,0.0,39.22,41.91,0.0,0.0,41.91,0.0,0.0,0.0,3628.7,101.9,2706.0,0.0,0.0,0.0,0.0,0.0,820.8,0.0,0.0,0.0,0.0,0.0,0.0,0.0,101.9,0.0
2050-06-23 02:00:00,2050-06-23 00:00:00,2188.4,0.0,0.0,10.3,2198.7,2108.9,2149.6,0.0,1588.2,0.0363,0.0572,battery,gas-cc,78.5,1.5,0.15,9.3,592.7,0.03,78.6,27.0,105.6,81.5,1.5,0.15,9.6,615.1,0.04,81.6,28.0,109.6,139.6,2.6,0.26,16.5,1052.3,0.06,139.7,47.9,187.6,446.7,8.4,0.84,52.8,3371.1,0.19,447.2,153.3,600.5,39.22,0.0,0.0,39.22,41.6,0.0,0.0,41.6,0.0,0.0,0.0,3786.9,49.1,2917.0,0.0,0.0,0.0,0.0,0.0,820.8,0.0,0.0,0.0,0.0,0.0,0.0,0.0,49.1,0.0
2050-06-23 03:00:00,2050-06-23 01:00:00,1971.6,0.0,0.0,4.7,1976.3,1903.9,1962.2,0.0,722.8,0.0343,0.0516,battery,gas-cc,110.2,2.1,0.21,13.0,831.7,0.05,110.3,37.8,148.1,114.1,2.2,0.22,13.5,861.2,0.05,114.2,39.2,153.4,141.5,2.7,0.27,16.7,1066.6,0.06,141.6,48.5,190.1,444.1,8.4,0.84,52.5,3350.9,0.19,444.5,152.4,596.9,39.22,0.0,0.0,39.22,41.35,0.0,0.0,41.35,0.0,0.0,0.0,2699.0,14.0,1864.2,0.0,0.0,0.0,0.0,0.0,820.8,0.0,0.0,0.0,0.0,0.0,0.0,0.0,14.0,0.0
2050-06-23 04:00:00,2050-06-23 02:00:00,1806.3,0.0,0.0,0.0,1806.3,1746.8,1801.2,0.0,0.0,0.033,0.0472,battery,gas-cc,164.7,3.1,0.31,19.5,1242.7,0.07,164.9,56.5,221.4,170.3,3.2,0.32,20.1,1285.0,0.07,170.5,58.4,228.9,141.2,2.7,0.27,16.7,1064.7,0.06,141.4,48.4,189.8,396.2,7.5,0.75,46.8,2989.7,0.17,396.6,135.9,532.6,39.22,0.0,0.0,39.22,41.16,0.0,0.0,41.16,0.0,0.0,0.0,1806.3,5.1,980.4,0.0,0.0,0.0,0.0,0.0,820.8,0.0,0.0,0.0,0.0,0.0,0.0,0.0,5.1,0.0
2050-06-23 05:00:00,2050-06-23 03:00:00,1677.9,0.0,0.0,0.0,1677.9,1624.2,1669.5,0.0,0.0,0.032,0.0439,battery,gas-cc,177.3,3.3,0.33,20.9,1337.8,0.08,177.5,60.8,238.3,183.1,3.5,0.35,21.6,1382.0,0.08,183.3,62.8,246.2,137.4,2.6,0.26,16.2,1035.9,0.06,137.6,47.1,184.7,394.8,7.4,0.74,46.6,2979.2,0.17,395.2,135.5,530.7,39.22,0.0,0.0,39.22,41.01,0.0,0.0,41.01,0.0,0.0,0.0,1677.9,8.4,848.7,0.0,0.0,0.0,0.0,0.0,820.8,0.0,0.0,0.0,0.0,0.0,0.0,0.0,8.4,0.0
2050-06-23 06:00:00,2050-06-23 04:00:00,1587.4,0.0,0.0,0.0,1587.4,1537.6,1580.3,0.0,0.0,0.0314,0.0415,battery,gas-cc,187.4,3.5,0.35,22.1,1414.1,0.08,187.6,64.3,251.9,193.5,3.6,0.36,22.9,1459.9,0.08,193.7,66.4,260.1,135.5,2.6,0.26,16.0,1021.3,0.06,135.6,46.5,182.1,425.8,8.0,0.8,50.3,3213.0,0.18,426.2,146.1,572.3,37.85,0.0,0.0,37.85,39.49,0.0,0.0,39.49,0.0,0.0,0.0,1587.4,7.0,759.5,0.0,0.0,0.0,0.0,0.0,820.8,0.0,0.0,0.0,0.0,0.0,0.0,0.0,7.0,0.0
2050-06-23 07:00:00,2050-06-23 05:00:00,1553.7,0.0,0.0,12.6,1566.3,1505.3,-428.3,445.3,873.6,0.0312,0.0406,upv,upv,0.0,0.0,0.0,0.0,0.0,0.0,0.0,0.0,0.0,0.0,0.0,0.0,0.0,0.0,0.0,0.0,0.0,0.0,139.8,2.6,0.26,16.5,1054.2,0.06,140.0,48.0,187.9,0.0,0.0,0.0,0.0,0.0,0.0,0.0,0.0,0.0,4.9,0.0,0.0,4.9,5.11,0.0,0.0,5.11,0.0,0.0,0.0,1994.6,1994.6,0.0,0.0,0.0,0.0,0.0,83.8,0.0,0.0,0.0,0.0,0.0,0.0,0.0,1901.5,9.3,0.0
2050-06-23 08:00:00,2050-06-23 06:00:00,1662.1,62.2,0.0,0.0,1724.3,1609.1,0.0,0.0,0.0,0.0319,0.0435,upv,upv,0.0,0.0,0.0,0.0,0.0,0.0,0.0,0.0,0.0,0.0,0.0,0.0,0.0,0.0,0.0,0.0,0.0,0.0,139.9,2.6,0.26,16.5,1055.0,0.06,140.1,48.0,188.1,0.0,0.0,0.0,0.0,0.0,0.0,0.0,0.0,0.0,0.0,0.0,0.0,0.0,0.0,0.0,0.0,0.0,3.6,5461.3,5464.8,1724.3,1724.3,0.0,0.0,0.0,0.0,0.0,303.3,0.0,0.0,0.0,0.0,0.0,0.0,0.0,1421.0,0.0,0.0
2050-06-23 09:00:00,2050-06-23 07:00:00,1889.5,2433.2,0.0,0.0,4322.7,1825.9,0.0,0.0,0.0,0.0336,0.0494,upv,upv,0.0,0.0,0.0,0.0,0.0,0.0,0.0,0.0,0.0,0.0,0.0,0.0,0.0,0.0,0.0,0.0,0.0,0.0,140.2,2.6,0.27,16.6,1056.9,0.06,140.3,48.1,188.4,0.0,0.0,0.0,0.0,0.0,0.0,0.0,0.0,0.0,0.0,0.0,0.0,0.0,0.0,0.0,0.0,0.0,0.6,5345.8,5346.5,4322.7,4322.7,0.0,0.0,0.0,0.0,0.0,408.2,0.0,0.0,0.0,0.0,0.0,0.0,0.0,3914.5,0.0,0.0
2050-06-23 10:00:00,2050-06-23 08:00:00,2175.8,2821.5,0.0,0.0,4997.3,2097.0,0.0,0.0,0.0,0.0362,0.0569,upv,upv,0.0,0.0,0.0,0.0,0.0,0.0,0.0,0.0,0.0,0.0,0.0,0.0,0.0,0.0,0.0,0.0,0.0,0.0,140.6,2.7,0.27,16.6,1059.7,0.06,140.7,48.2,188.9,0.0,0.0,0.0,0.0,0.0,0.0,0.0,0.0,0.0,0.0,0.0,0.0,0.0,0.0,0.0,0.0,0.0,5.0,5298.6,5303.5,4997.3,4997.3,0.0,0.0,0.0,0.0,0.0,434.5,0.0,0.0,0.0,0.0,0.0,0.0,0.0,4562.8,0.0,0.0
2050-06-23 11:00:00,2050-06-23 09:00:00,2391.6,3795.7,0.0,0.0,6187.2,2299.9,0.0,0.0,0.0,0.0383,0.0625,upv,upv,0.0,0.0,0.0,0.0,0.0,0.0,0.0,0.0,0.0,0.0,0.0,0.0,0.0,0.0,0.0,0.0,0.0,0.0,140.9,2.7,0.27,16.6,1062.1,0.06,141.0,48.3,189.3,0.0,0.0,0.0,0.0,0.0,0.0,0.0,0.0,0.0,0.0,0.0,0.0,0.0,0.0,0.0,0.0,0.0,4.0,4122.3,4126.3,6187.2,6187.2,0.0,0.0,0.0,0.0,0.0,435.2,0.0,0.0,0.0,0.0,0.0,0.0,0.0,5752.0,0.0,0.0
2050-06-23 12:00:00,2050-06-23 10:00:00,2517.9,2850.6,0.0,0.0,5368.5,2418.1,0.0,0.0,0.0,0.0396,0.0658,upv,upv,0.0,0.0,0.0,0.0,0.0,0.0,0.0,0.0,0.0,0.0,0.0,0.0,0.0,0.0,0.0,0.0,0.0,0.0,141.1,2.7,0.27,16.7,1063.5,0.06,141.2,48.4,189.6,0.0,0.0,0.0,0.0,0.0,0.0,0.0,0.0,0.0,0.0,0.0,0.0,0.0,0.0,0.0,0.0,0.0,1.1,4941.0,4942.1,5368.5,5368.5,0.0,0.0,0.0,0.0,0.0,435.2,0.0,0.0,0.0,0.0,0.0,0.0,0.0,4933.3,0.0,0.0
2050-06-23 13:00:00,2050-06-23 11:00:00,2644.2,3824.8,0.0,0.0,6469.0,2535.9,0.0,0.0,0.0,0.041,0.0691,upv,upv,0.0,0.0,0.0,0.0,0.0,0.0,0.0,0.0,0.0,0.0,0.0,0.0,0.0,0.0,0.0,0.0,0.0,0.0,141.3,2.7,0.27,16.7,1065.0,0.06,141.4,48.4,189.9,0.0,0.0,0.0,0.0,0.0,0.0,0.0,0.0,0.0,0.0,0.0,0.0,0.0,0.0,0.0,0.0,0.0,0.9,3840.6,3841.5,6469.0,6469.0,0.0,0.0,0.0,0.0,0.0,435.2,0.0,0.0,0.0,0.0,0.0,0.0,0.0,6033.7,0.0,0.0
2050-06-23 14:00:00,2050-06-23 12:00:00,2708.4,3791.8,0.0,0.0,6500.2,2595.6,-0.0,0.0,0.0,0.0416,0.0708,upv,upv,0.0,0.0,0.0,0.0,0.0,0.0,0.0,0.0,0.0,0.0,0.0,0.0,0.0,0.0,0.0,0.0,0.0,0.0,141.4,2.7,0.27,16.7,1065.8,0.06,141.5,48.5,190.0,0.0,0.0,0.0,0.0,0.0,0.0,0.0,0.0,0.0,0.0,0.0,0.0,0.0,0.0,0.0,0.0,0.0,5.3,3809.3,3814.6,6500.2,6500.2,0.0,0.0,0.0,0.0,0.0,435.2,0.0,0.0,0.0,0.0,0.0,0.0,0.0,6065.0,0.0,0.0
2050-06-23 15:00:00,2050-06-23 13:00:00,2848.4,2850.6,0.0,0.0,5699.1,2725.5,0.0,0.0,0.0,0.0432,0.0745,upv,upv,0.0,0.0,0.0,0.0,0.0,0.0,0.0,0.0,0.0,0.0,0.0,0.0,0.0,0.0,0.0,0.0,0.0,0.0,141.6,2.7,0.27,16.7,1067.5,0.06,141.7,48.6,190.3,0.0,0.0,0.0,0.0,0.0,0.0,0.0,0.0,0.0,0.0,0.0,0.0,0.0,0.0,0.0,0.0,0.0,9.3,4596.8,4606.2,5699.1,5699.1,0.0,0.0,0.0,0.0,0.0,434.5,0.0,0.0,0.0,0.0,0.0,0.0,0.0,5264.5,0.0,0.0
2050-06-23 16:00:00,2050-06-23 14:00:00,2984.2,2431.9,0.0,0.0,5416.1,2850.9,-0.0,0.0,0.0,0.0447,0.078,upv,upv,0.0,0.0,0.0,0.0,0.0,0.0,0.0,0.0,0.0,0.0,0.0,0.0,0.0,0.0,0.0,0.0,0.0,0.0,141.8,2.7,0.27,16.8,1069.1,0.06,142.0,48.6,190.6,0.0,0.0,0.0,0.0,0.0,0.0,0.0,0.0,0.0,0.0,0.0,0.0,0.0,0.0,0.0,0.0,0.0,0.0,4822.8,4822.8,5416.1,5416.1,0.0,0.0,0.0,0.0,0.0,431.3,0.0,0.0,0.0,0.0,0.0,0.0,0.0,4967.5,17.3,0.0
2050-06-23 17:00:00,2050-06-23 15:00:00,3115.8,3427.3,0.0,0.0,6543.1,2972.0,-0.0,0.0,0.0,0.0462,0.0815,upv,upv,0.0,0.0,0.0,0.0,0.0,0.0,0.0,0.0,0.0,0.0,0.0,0.0,0.0,0.0,0.0,0.0,0.0,0.0,142.0,2.7,0.27,16.8,1070.8,0.06,142.2,48.7,190.9,0.0,0.0,0.0,0.0,0.0,0.0,0.0,0.0,0.0,0.0,0.0,0.0,0.0,0.0,0.0,0.0,0.0,0.0,3661.0,3661.0,6543.1,6543.1,0.0,0.0,0.0,0.0,0.0,429.1,0.0,0.0,0.0,0.0,0.0,0.0,0.0,6077.6,36.4,0.0
2050-06-23 18:00:00,2050-06-23 16:00:00,3298.9,1168.9,0.0,0.0,4467.9,3139.8,0.0,0.0,0.0,0.0482,0.0863,upv,upv,0.0,0.0,0.0,0.0,0.0,0.0,0.0,0.0,0.0,0.0,0.0,0.0,0.0,0.0,0.0,0.0,0.0,0.0,142.3,2.7,0.27,16.8,1073.2,0.06,142.5,48.8,191.3,0.0,0.0,0.0,0.0,0.0,0.0,0.0,0.0,0.0,0.0,0.0,0.0,0.0,0.0,0.0,0.0,0.0,0.0,5036.4,5036.4,4467.9,4467.9,0.0,0.0,0.0,0.0,0.0,398.1,0.0,0.0,0.0,0.0,0.0,0.0,0.0,3997.8,72.0,0.0
2050-06-23 19:00:00,2050-06-23 17:00:00,3435.8,1707.8,0.0,10.7,5154.2,3264.6,-1640.0,0.0,1640.0,0.0498,0.0898,battery,upv,0.0,0.0,0.0,0.0,0.0,0.0,0.0,0.0,0.0,0.0,0.0,0.0,0.0,0.0,0.0,0.0,0.0,0.0,142.6,2.7,0.27,16.8,1074.9,0.06,142.7,48.9,191.6,0.0,0.0,0.0,0.0,0.0,0.0,0.0,0.0,0.0,0.0,0.0,0.0,0.0,0.0,0.0,0.0,0.0,131.6,0.0,131.6,6794.2,6794.2,0.0,0.0,0.0,0.0,0.0,286.7,0.0,0.0,0.0,0.0,0.0,0.0,0.0,6507.5,0.0,0.0
2050-06-23 20:00:00,2050-06-23 18:00:00,3503.2,0.0,0.0,15.6,3518.8,3325.8,1579.5,0.0,1959.7,0.0506,0.0916,battery,gas-cc,0.0,0.0,0.0,0.0,0.0,0.0,0.0,0.0,0.0,0.0,0.0,0.0,0.0,0.0,0.0,0.0,0.0,0.0,143.0,2.7,0.27,16.9,1078.2,0.06,143.2,49.0,192.2,398.9,7.5,0.75,47.1,3010.5,0.17,399.4,136.9,536.3,33.36,0.0,0.0,33.36,36.72,0.0,0.0,36.72,0.0,0.0,0.0,5478.5,1939.3,3539.2,0.0,0.0,0.0,0.0,72.9,0.0,0.0,0.0,0.0,0.0,0.0,0.0,1654.3,212.0,0.0
2050-06-23 21:00:00,2050-06-23 19:00:00,3378.9,0.0,0.0,17.6,3396.5,3212.8,3176.4,445.3,1640.0,0.0492,0.0884,battery,gas-cc,64.8,1.2,0.12,7.7,488.9,0.03,64.9,22.2,87.1,62.1,1.2,0.12,7.3,468.7,0.03,62.2,21.3,83.5,143.7,2.7,0.27,17.0,1083.3,0.06,143.8,49.3,193.1,397.5,7.5,0.75,47.0,2999.8,0.17,398.0,136.4,534.4,33.36,0.0,0.0,33.36,36.59,0.0,0.0,36.59,0.0,0.0,0.0,4591.2,220.1,3550.3,0.0,0.0,0.0,0.0,0.0,820.8,0.0,0.0,0.0,0.0,0.0,0.0,0.0,220.1,0.0
2050-06-23 22:00:00,2050-06-23 20:00:00,3260.0,0.0,0.0,17.6,3277.6,3104.2,3103.8,445.3,1640.0,0.0478,0.0853,gas-cc,gas-cc,22.6,0.4,0.04,2.7,170.5,0.01,22.6,7.8,30.4,21.6,0.4,0.04,2.5,162.9,0.01,21.6,7.4,29.0,143.5,2.7,0.27,17.0,1082.1,0.06,143.7,49.2,192.9,396.2,7.5,0.75,46.8,2989.6,0.17,396.6,135.9,532.5,33.36,0.0,0.0,33.36,36.46,0.0,0.0,36.46,0.0,0.0,0.0,4472.2,173.8,4019.6,0.0,0.0,0.0,0.0,0.0,278.9,0.0,0.0,0.0,0.0,0.0,0.0,0.0,173.8,0.0
2050-06-23 23:00:00,2050-06-23 21:00:00,2964.2,0.0,0.0,17.6,2981.8,2832.5,2824.7,445.3,1640.0,0.0444,0.0775,battery,gas-cc,0.0,0.0,0.0,0.0,0.0,0.0,0.0,0.0,0.0,0.0,0.0,0.0,0.0,0.0,0.0,0.0,0.0,0.0,143.0,2.7,0.27,16.9,1078.1,0.06,143.2,49.0,192.2,392.9,7.4,0.74,46.4,2964.5,0.17,393.3,134.8,528.1,33.36,0.0,0.0,33.36,36.16,0.0,0.0,36.16,0.0,0.0,0.0,4176.4,157.1,4019.4,0.0,0.0,0.0,0.0,0.0,0.0,0.0,0.0,0.0,0.0,0.0,0.0,0.0,157.1,0.0
2050-06-24 00:00:00,2050-06-23 22:00:00,2656.8,0.0,0.0,15.6,2672.5,2547.7,2526.1,320.5,1640.0,0.0411,0.0695,battery,gas-cc,74.5,1.4,0.14,8.8,562.3,0.03,74.6,25.6,100.2,72.0,1.4,0.14,8.5,543.3,0.03,72.1,24.7,96.8,142.5,2.7,0.27,16.8,1074.6,0.06,142.7,48.9,191.6,468.3,8.8,0.88,55.3,3534.0,0.2,468.8,160.7,629.5,37.41,0.0,0.0,37.41,40.2,0.0,0.0,40.2,0.0,0.0,0.0,3991.9,146.4,3024.7,0.0,0.0,0.0,0.0,0.0,820.8,0.0,0.0,0.0,0.0,0.0,0.0,0.0,146.4,0.0
2050-06-24 01:00:00,2050-06-23 23:00:00,2378.9,0.0,0.0,16.6,2395.6,2288.1,2296.8,445.3,1492.4,0.0382,0.0622,battery,gas-cc,86.4,1.6,0.16,10.2,652.0,0.04,86.5,29.6,116.1,79.5,1.5,0.15,9.4,600.3,0.03,79.6,27.3,106.9,141.9,2.7,0.27,16.8,1069.7,0.06,142.0,48.7,190.7,375.1,7.1,0.71,44.3,2830.8,0.16,375.5,128.7,504.2,37.41,0.0,0.0,37.41,39.89,0.0,0.0,39.89,0.0,0.0,0.0,3442.6,98.7,2523.1,0.0,0.0,0.0,0.0,0.0,820.8,0.0,0.0,0.0,0.0,0.0,0.0,0.0,98.7,0.0
2050-06-24 02:00:00,2050-06-24 00:00:00,2105.3,0.0,0.0,16.8,2122.0,2030.5,2075.4,395.0,1640.0,0.0355,0.0551,battery,gas-cc,88.3,1.7,0.17,10.4,666.7,0.04,88.4,30.3,118.8,82.0,1.5,0.15,9.7,618.7,0.04,82.1,28.1,110.2,141.6,2.7,0.27,16.7,1067.6,0.06,141.8,48.6,190.3,461.2,8.7,0.87,54.5,3480.0,0.2,461.7,158.2,619.9,37.41,0.0,0.0,37.41,39.58,0.0,0.0,39.58,0.0,0.0,0.0,3367.0,46.6,2499.6,0.0,0.0,0.0,0.0,0.0,820.8,0.0,0.0,0.0,0.0,0.0,0.0,0.0,46.6,0.0
2050-06-24 03:00:00,2050-06-24 01:00:00,1868.4,0.0,0.0,14.1,1882.6,1805.9,1862.0,340.6,1363.8,0.0335,0.0489,battery,gas-cc,102.4,1.9,0.19,12.1,772.5,0.04,102.5,35.1,137.6,94.8,1.8,0.18,11.2,715.4,0.04,94.9,32.5,127.4,141.2,2.7,0.27,16.7,1064.8,0.06,141.4,48.4,189.8,458.2,8.6,0.86,54.1,3457.4,0.2,458.7,157.2,615.9,37.41,0.0,0.0,37.41,39.33,0.0,0.0,39.33,0.0,0.0,0.0,2905.7,20.6,2064.3,0.0,0.0,0.0,0.0,0.0,820.8,0.0,0.0,0.0,0.0,0.0,0.0,0.0,20.6,0.0
2050-06-24 04:00:00,2050-06-24 02:00:00,1683.2,0.0,0.0,6.5,1689.7,1629.3,1679.3,252.4,396.9,0.032,0.044,battery,gas-cc,162.2,3.1,0.31,19.2,1223.8,0.07,162.3,55.6,218.0,147.3,2.8,0.28,17.4,1111.4,0.06,147.4,50.5,198.0,140.9,2.7,0.27,16.6,1062.4,0.06,141.1,48.3,189.4,455.8,8.6,0.86,53.8,3439.8,0.2,456.3,156.4,612.7,37.41,0.0,0.0,37.41,39.13,0.0,0.0,39.13,0.0,0.0,0.0,1834.2,10.4,1003.0,0.0,0.0,0.0,0.0,0.0,820.8,0.0,0.0,0.0,0.0,0.0,0.0,0.0,10.4,0.0
2050-06-24 05:00:00,2050-06-24 03:00:00,1562.1,0.0,0.0,7.2,1569.3,1513.3,1561.5,492.3,0.0,0.0312,0.0409,battery,gas-cc,276.2,5.2,0.52,32.6,2084.2,0.12,276.5,94.8,371.3,196.3,3.7,0.37,23.3,1481.5,0.09,196.5,67.4,264.0,140.6,2.7,0.27,16.6,1060.4,0.06,140.8,48.2,189.0,425.5,8.0,0.8,50.3,3210.8,0.18,425.9,146.0,571.9,37.41,0.0,0.0,37.41,39.0,0.0,0.0,39.0,0.0,0.0,0.0,1077.0,7.8,248.3,0.0,0.0,0.0,0.0,0.0,820.8,0.0,0.0,0.0,0.0,0.0,0.0,0.0,7.8,0.0
2050-06-24 06:00:00,2050-06-24 04:00:00,1484.2,0.0,0.0,8.3,1492.6,1438.5,1488.6,667.8,0.0,0.0308,0.0388,hydro,gas-cc,360.7,6.8,0.68,42.6,2721.7,0.16,361.1,123.8,484.8,209.0,3.9,0.39,25.1,1577.9,0.1,209.2,72.1,281.3,140.8,2.7,0.27,16.6,1061.2,0.06,140.9,48.3,189.2,453.4,8.5,0.85,53.6,3421.2,0.2,453.9,155.6,609.4,36.39,0.0,0.0,36.39,37.86,0.0,0.0,37.86,0.0,0.0,0.0,824.7,3.9,0.0,0.0,0.0,0.0,0.0,0.0,820.8,0.0,0.0,0.0,0.0,0.0,0.0,0.0,3.9,0.0
2050-06-24 07:00:00,2050-06-24 05:00:00,1423.2,0.0,0.0,1.2,1424.4,1379.8,-188.2,0.0,188.2,0.0305,0.0372,wind-ons,wind-ons,0.0,0.0,0.0,0.0,0.0,0.0,0.0,0.0,0.0,0.0,0.0,0.0,0.0,0.0,0.0,0.0,0.0,0.0,139.7,2.6,0.26,16.5,1053.5,0.06,139.9,47.9,187.8,0.0,0.0,0.0,0.0,0.0,0.0,0.0,0.0,0.0,0.0,0.0,0.0,0.0,0.0,0.0,0.0,0.0,0.0,0.0,0.0,1612.5,1612.5,0.0,0.0,0.0,0.0,0.0,67.8,0.0,0.0,0.0,0.0,0.0,0.0,0.0,1538.8,5.9,0.0
2050-06-24 08:00:00,2050-06-24 06:00:00,1446.3,2587.7,0.0,0.0,4034.0,1402.1,-0.0,0.0,0.0,0.0306,0.0378,upv,upv,0.0,0.0,0.0,0.0,0.0,0.0,0.0,0.0,0.0,0.0,0.0,0.0,0.0,0.0,0.0,0.0,0.0,0.0,139.8,2.6,0.26,16.5,1053.6,0.06,139.9,47.9,187.8,0.0,0.0,0.0,0.0,0.0,0.0,0.0,0.0,0.0,0.0,0.0,0.0,0.0,0.0,0.0,0.0,0.0,5.6,2746.7,2752.3,4034.0,4034.0,0.0,0.0,0.0,0.0,0.0,286.2,0.0,0.0,0.0,0.0,0.0,0.0,0.0,3747.8,0.0,0.0
2050-06-24 09:00:00,2050-06-24 07:00:00,1567.4,2431.9,0.0,0.0,3999.3,1518.4,-0.0,0.0,0.0,0.0313,0.041,upv,upv,0.0,0.0,0.0,0.0,0.0,0.0,0.0,0.0,0.0,0.0,0.0,0.0,0.0,0.0,0.0,0.0,0.0,0.0,139.9,2.6,0.26,16.5,1054.3,0.06,140.0,48.0,188.0,0.0,0.0,0.0,0.0,0.0,0.0,0.0,0.0,0.0,0.0,0.0,0.0,0.0,0.0,0.0,0.0,0.0,3.7,5514.2,5517.9,3999.3,3999.3,0.0,0.0,0.0,0.0,0.0,401.7,0.0,0.0,0.0,0.0,0.0,0.0,0.0,3597.6,0.0,0.0
2050-06-24 10:00:00,2050-06-24 08:00:00,1760.0,2456.1,0.0,0.0,4216.1,1702.6,0.0,0.0,0.0,0.0326,0.046,upv,upv,0.0,0.0,0.0,0.0,0.0,0.0,0.0,0.0,0.0,0.0,0.0,0.0,0.0,0.0,0.0,0.0,0.0,0.0,140.0,2.6,0.27,16.5,1055.8,0.06,140.2,48.0,188.2,0.0,0.0,0.0,0.0,0.0,0.0,0.0,0.0,0.0,0.0,0.0,0.0,0.0,0.0,0.0,0.0,0.0,4.6,6086.6,6091.3,4216.1,4216.1,0.0,0.0,0.0,0.0,0.0,0.0,0.0,0.0,0.0,0.0,0.0,0.0,0.0,4216.1,0.0,0.0
2050-06-24 11:00:00,2050-06-24 09:00:00,2000.0,3240.3,0.0,0.0,5240.3,1930.8,0.0,0.0,0.0,0.0346,0.0523,upv,upv,0.0,0.0,0.0,0.0,0.0,0.0,0.0,0.0,0.0,0.0,0.0,0.0,0.0,0.0,0.0,0.0,0.0,0.0,140.3,2.6,0.27,16.6,1058.0,0.06,140.5,48.1,188.6,0.0,0.0,0.0,0.0,0.0,0.0,0.0,0.0,0.0,0.0,0.0,0.0,0.0,0.0,0.0,0.0,0.0,7.0,5069.3,5076.2,5240.3,5240.3,0.0,0.0,0.0,0.0,0.0,0.0,0.0,0.0,0.0,0.0,0.0,0.0,0.0,5240.3,0.0,0.0
2050-06-24 12:00:00,2050-06-24 10:00:00,2229.5,3102.2,0.0,0.0,5331.7,2147.6,0.0,0.0,0.0,0.0367,0.0583,upv,upv,0.0,0.0,0.0,0.0,0.0,0.0,0.0,0.0,0.0,0.0,0.0,0.0,0.0,0.0,0.0,0.0,0.0,0.0,140.6,2.7,0.27,16.6,1060.3,0.06,140.8,48.2,189.0,0.0,0.0,0.0,0.0,0.0,0.0,0.0,0.0,0.0,0.0,0.0,0.0,0.0,0.0,0.0,0.0,0.0,8.0,4971.0,4979.0,5331.7,5331.7,0.0,0.0,0.0,0.0,0.0,434.9,0.0,0.0,0.0,0.0,0.0,0.0,0.0,4896.8,0.0,0.0
2050-06-24 13:00:00,2050-06-24 11:00:00,2446.3,808.4,0.0,0.0,3254.7,2351.2,0.0,0.0,0.0,0.0389,0.064,upv,upv,0.0,0.0,0.0,0.0,0.0,0.0,0.0,0.0,0.0,0.0,0.0,0.0,0.0,0.0,0.0,0.0,0.0,0.0,141.0,2.7,0.27,16.7,1062.7,0.06,141.1,48.3,189.5,0.0,0.0,0.0,0.0,0.0,0.0,0.0,0.0,0.0,0.0,0.0,0.0,0.0,0.0,0.0,0.0,0.0,9.7,7041.2,7050.9,3254.7,3254.7,0.0,0.0,0.0,0.0,0.0,434.5,0.0,0.0,0.0,0.0,0.0,0.0,0.0,2820.2,0.0,0.0
2050-06-24 14:00:00,2050-06-24 12:00:00,2608.4,3211.2,0.0,0.0,5819.6,2502.6,0.0,0.0,0.0,0.0406,0.0682,upv,upv,0.0,0.0,0.0,0.0,0.0,0.0,0.0,0.0,0.0,0.0,0.0,0.0,0.0,0.0,0.0,0.0,0.0,0.0,141.2,2.7,0.27,16.7,1064.6,0.06,141.4,48.4,189.8,0.0,0.0,0.0,0.0,0.0,0.0,0.0,0.0,0.0,0.0,0.0,0.0,0.0,0.0,0.0,0.0,0.0,7.1,4442.5,4449.6,5819.6,5819.6,0.0,0.0,0.0,0.0,0.0,433.1,0.0,0.0,0.0,0.0,0.0,0.0,0.0,5386.5,0.0,0.0
2050-06-24 15:00:00,2050-06-24 13:00:00,2791.6,2431.9,0.0,0.0,5223.5,2672.8,0.0,0.0,0.0,0.0425,0.073,upv,upv,0.0,0.0,0.0,0.0,0.0,0.0,0.0,0.0,0.0,0.0,0.0,0.0,0.0,0.0,0.0,0.0,0.0,0.0,141.5,2.7,0.27,16.7,1066.8,0.06,141.7,48.5,190.2,0.0,0.0,0.0,0.0,0.0,0.0,0.0,0.0,0.0,0.0,0.0,0.0,0.0,0.0,0.0,0.0,0.0,6.6,4890.4,4896.9,5223.5,5223.5,0.0,0.0,0.0,0.0,0.0,426.9,0.0,0.0,0.0,0.0,0.0,0.0,0.0,4796.5,0.0,0.0
2050-06-24 16:00:00,2050-06-24 14:00:00,2943.2,3858.7,0.0,0.0,6801.9,2813.0,0.0,0.0,0.0,0.0442,0.077,upv,upv,0.0,0.0,0.0,0.0,0.0,0.0,0.0,0.0,0.0,0.0,0.0,0.0,0.0,0.0,0.0,0.0,0.0,0.0,141.7,2.7,0.27,16.7,1068.6,0.06,141.9,48.6,190.5,0.0,0.0,0.0,0.0,0.0,0.0,0.0,0.0,0.0,0.0,0.0,0.0,0.0,0.0,0.0,0.0,0.0,9.0,2994.9,3003.9,6801.9,6801.9,0.0,0.0,0.0,0.0,0.0,413.6,0.0,0.0,0.0,0.0,0.0,0.0,0.0,6388.3,0.0,0.0
2050-06-24 17:00:00,2050-06-24 15:00:00,3062.1,3211.2,0.0,0.0,6273.3,2922.6,0.0,0.0,0.0,0.0455,0.0801,upv,upv,0.0,0.0,0.0,0.0,0.0,0.0,0.0,0.0,0.0,0.0,0.0,0.0,0.0,0.0,0.0,0.0,0.0,0.0,141.9,2.7,0.27,16.8,1070.1,0.06,142.1,48.7,190.8,0.0,0.0,0.0,0.0,0.0,0.0,0.0,0.0,0.0,0.0,0.0,0.0,0.0,0.0,0.0,0.0,0.0,0.0,3195.3,3195.3,6273.3,6273.3,0.0,0.0,0.0,0.0,0.0,398.8,0.0,0.0,0.0,0.0,0.0,0.0,0.0,5858.3,16.2,0.0
2050-06-24 18:00:00,2050-06-24 16:00:00,3232.6,3826.9,0.0,0.0,7059.6,3079.1,0.0,0.0,0.0,0.0475,0.0845,upv,upv,0.0,0.0,0.0,0.0,0.0,0.0,0.0,0.0,0.0,0.0,0.0,0.0,0.0,0.0,0.0,0.0,0.0,0.0,142.2,2.7,0.27,16.8,1072.3,0.06,142.4,48.8,191.2,0.0,0.0,0.0,0.0,0.0,0.0,0.0,0.0,0.0,0.0,0.0,0.0,0.0,0.0,0.0,0.0,0.0,0.0,414.2,414.2,7059.6,7059.6,0.0,0.0,0.0,0.0,0.0,314.3,0.0,0.0,0.0,0.0,0.0,0.0,0.0,6720.1,25.1,0.0
2050-06-24 19:00:00,2050-06-24 17:00:00,3353.7,0.0,0.0,6.0,3359.6,3189.8,-917.5,0.0,917.5,0.0489,0.0877,wind-ons,wind-ons,0.0,0.0,0.0,0.0,0.0,0.0,0.0,0.0,0.0,0.0,0.0,0.0,0.0,0.0,0.0,0.0,0.0,0.0,142.4,2.7,0.27,16.8,1073.9,0.06,142.6,48.8,191.4,0.0,0.0,0.0,0.0,0.0,0.0,0.0,0.0,0.0,0.0,0.0,0.0,0.0,0.0,0.0,0.0,0.0,0.0,0.0,0.0,4277.2,4277.2,0.0,0.0,0.0,0.0,0.0,178.1,0.0,0.0,0.0,0.0,0.0,0.0,0.0,4042.1,56.9,0.0
2050-06-24 20:00:00,2050-06-24 18:00:00,3350.5,0.0,0.0,16.6,3367.1,3186.9,2317.8,381.9,1640.0,0.0488,0.0876,battery,gas-cc,64.3,1.2,0.12,7.6,485.3,0.03,64.4,22.1,86.5,62.5,1.2,0.12,7.4,471.3,0.03,62.5,21.4,84.0,143.4,2.7,0.27,16.9,1081.4,0.06,143.6,49.2,192.8,477.6,9.0,0.9,56.4,3604.2,0.21,478.1,163.9,642.0,35.43,0.0,0.0,35.43,38.83,0.0,0.0,38.83,0.0,0.0,0.0,4625.1,1049.3,2755.0,0.0,0.0,0.0,0.0,38.9,820.8,0.0,0.0,0.0,0.0,0.0,0.0,882.9,127.5,0.0
2050-06-24 21:00:00,2050-06-24 19:00:00,3232.6,0.0,0.0,5.9,3238.6,3079.1,3022.7,0.0,915.3,0.0475,0.0845,battery,gas-cc,71.6,1.3,0.13,8.5,540.4,0.03,71.7,24.6,96.3,75.2,1.4,0.14,8.9,567.3,0.03,75.3,25.8,101.1,143.5,2.7,0.27,17.0,1081.6,0.06,143.6,49.2,192.8,389.1,7.3,0.73,46.0,2936.4,0.17,389.5,133.5,523.1,35.43,0.0,0.0,35.43,38.7,0.0,0.0,38.7,0.0,0.0,0.0,4153.8,215.9,3117.2,0.0,0.0,0.0,0.0,0.0,820.8,0.0,0.0,0.0,0.0,0.0,0.0,0.0,215.9,0.0
2050-06-24 22:00:00,2050-06-24 20:00:00,3152.6,0.0,0.0,10.7,3163.3,3005.8,2939.0,0.0,1640.0,0.0466,0.0824,battery,gas-cc,61.9,1.2,0.12,7.3,467.3,0.03,62.0,21.2,83.2,65.0,1.2,0.12,7.7,490.1,0.03,65.0,22.3,87.3,143.1,2.7,0.27,16.9,1078.9,0.06,143.3,49.1,192.3,474.9,9.0,0.9,56.1,3583.9,0.21,475.4,163.0,638.4,35.43,0.0,0.0,35.43,38.61,0.0,0.0,38.61,0.0,0.0,0.0,4803.3,224.3,3758.1,0.0,0.0,0.0,0.0,0.0,820.8,0.0,0.0,0.0,0.0,0.0,0.0,0.0,224.3,0.0
2050-06-24 23:00:00,2050-06-24 21:00:00,2914.7,0.0,0.0,5.3,2920.1,2786.8,2727.7,0.0,820.6,0.0439,0.0762,battery,gas-cc,79.5,1.5,0.15,9.4,600.1,0.03,79.6,27.3,106.9,83.2,1.6,0.16,9.8,627.6,0.04,83.3,28.5,111.8,142.6,2.7,0.27,16.8,1074.8,0.06,142.7,48.9,191.6,385.6,7.3,0.73,45.6,2910.0,0.17,386.0,132.3,518.4,35.43,0.0,0.0,35.43,38.35,0.0,0.0,38.35,0.0,0.0,0.0,3740.7,192.3,2727.5,0.0,0.0,0.0,0.0,0.0,820.8,0.0,0.0,0.0,0.0,0.0,0.0,0.0,192.3,0.0
2050-06-25 00:00:00,2050-06-24 22:00:00,2654.7,0.0,0.0,10.7,2665.4,2545.7,2514.1,0.0,1640.0,0.0411,0.0694,battery,gas-cc,90.3,1.7,0.17,10.7,681.4,0.04,90.4,31.0,121.4,94.2,1.8,0.18,11.1,710.6,0.04,94.3,32.3,126.6,142.5,2.7,0.27,16.8,1074.2,0.06,142.6,48.9,191.5,468.3,8.8,0.88,55.3,3533.7,0.2,468.8,160.7,629.5,35.93,0.0,0.0,35.93,38.61,0.0,0.0,38.61,0.0,0.0,0.0,4305.4,151.3,3081.3,0.0,0.0,0.0,0.0,0.0,1072.7,0.0,0.0,0.0,0.0,0.0,0.0,0.0,151.3,0.0
2050-06-25 01:00:00,2050-06-24 23:00:00,2414.7,0.0,0.0,6.6,2421.4,2321.6,2278.8,0.0,1021.5,0.0386,0.0631,battery,gas-cc,112.9,2.1,0.21,13.3,852.1,0.05,113.0,38.7,151.8,117.4,2.2,0.22,13.9,886.3,0.05,117.6,40.3,157.9,142.1,2.7,0.27,16.8,1071.1,0.06,142.2,48.7,190.9,465.1,8.8,0.88,54.9,3510.1,0.2,465.6,159.6,625.3,35.93,0.0,0.0,35.93,38.35,0.0,0.0,38.35,0.0,0.0,0.0,3442.9,142.6,2227.6,0.0,0.0,0.0,0.0,0.0,1072.7,0.0,0.0,0.0,0.0,0.0,0.0,0.0,142.6,0.0
2050-06-25 02:00:00,2050-06-25 00:00:00,2172.6,0.0,0.0,10.3,2182.9,2094.1,2038.7,0.0,1577.9,0.0362,0.0568,battery,gas-cc,103.4,1.9,0.19,12.2,780.1,0.04,103.5,35.5,139.0,107.3,2.0,0.2,12.7,809.3,0.05,107.4,36.8,144.2,141.4,2.7,0.27,16.7,1066.2,0.06,141.6,48.5,190.1,462.0,8.7,0.87,54.6,3486.5,0.2,462.5,158.5,621.1,35.93,0.0,0.0,35.93,38.1,0.0,0.0,38.1,0.0,0.0,0.0,3760.8,144.2,2543.9,0.0,0.0,0.0,0.0,0.0,1072.7,0.0,0.0,0.0,0.0,0.0,0.0,0.0,144.2,0.0
2050-06-25 03:00:00,2050-06-25 01:00:00,1966.3,0.0,0.0,8.3,1974.6,1898.9,1842.0,0.0,1276.1,0.0343,0.0514,battery,gas-cc,119.6,2.3,0.23,14.1,902.5,0.05,119.7,41.0,160.8,123.8,2.3,0.23,14.6,934.5,0.05,124.0,42.5,166.5,141.3,2.7,0.27,16.7,1064.9,0.06,141.4,48.4,189.8,459.4,8.7,0.87,54.3,3466.7,0.2,459.9,157.6,617.5,35.93,0.0,0.0,35.93,37.88,0.0,0.0,37.88,0.0,0.0,0.0,3250.7,132.6,2045.3,0.0,0.0,0.0,0.0,0.0,1072.7,0.0,0.0,0.0,0.0,0.0,0.0,0.0,132.6,0.0
2050-06-25 04:00:00,2050-06-25 02:00:00,1806.3,0.0,0.0,5.6,1811.9,1746.8,1691.0,0.0,865.9,0.033,0.0472,battery,gas-cc,145.2,2.7,0.27,17.1,1095.5,0.06,145.3,49.8,195.1,150.1,2.8,0.28,17.7,1132.8,0.07,150.3,51.5,201.8,141.1,2.7,0.27,16.7,1064.1,0.06,141.3,48.4,189.7,457.4,8.6,0.86,54.0,3451.5,0.2,457.9,156.9,614.8,35.93,0.0,0.0,35.93,37.71,0.0,0.0,37.71,0.0,0.0,0.0,2677.9,120.9,1484.2,0.0,0.0,0.0,0.0,0.0,1072.7,0.0,0.0,0.0,0.0,0.0,0.0,0.0,120.9,0.0
2050-06-25 05:00:00,2050-06-25 03:00:00,1690.5,0.0,0.0,3.7,1694.2,1636.3,1585.3,0.0,566.2,0.0321,0.0442,battery,gas-cc,172.0,3.2,0.32,20.3,1297.8,0.07,172.2,59.0,231.2,177.7,3.3,0.33,21.0,1340.8,0.08,177.9,61.0,238.8,141.1,2.7,0.27,16.7,1063.6,0.06,141.2,48.4,189.6,455.9,8.6,0.86,53.9,3440.5,0.2,456.4,156.4,612.9,35.93,0.0,0.0,35.93,37.59,0.0,0.0,37.59,0.0,0.0,0.0,2260.4,109.0,1078.7,0.0,0.0,0.0,0.0,0.0,1072.7,0.0,0.0,0.0,0.0,0.0,0.0,0.0,109.0,0.0
2050-06-25 06:00:00,2050-06-25 04:00:00,1626.3,0.0,0.0,7.6,1633.9,1574.9,1552.9,0.0,1172.5,0.0316,0.0425,battery,gas-cc,138.5,2.6,0.26,16.4,1045.3,0.06,138.7,47.5,186.2,143.1,2.7,0.27,16.9,1079.5,0.06,143.2,49.1,192.3,141.1,2.7,0.27,16.7,1063.9,0.06,141.3,48.4,189.7,455.1,8.6,0.86,53.8,3434.5,0.2,455.6,156.2,611.8,35.93,0.0,0.0,35.93,37.53,0.0,0.0,37.53,0.0,0.0,0.0,2806.4,81.1,1652.6,0.0,0.0,0.0,0.0,0.0,1072.7,0.0,0.0,0.0,0.0,0.0,0.0,0.0,81.1,0.0
2050-06-25 07:00:00,2050-06-25 05:00:00,1562.1,0.0,0.0,7.3,1569.4,1513.3,523.2,503.2,0.0,0.0312,0.0409,upv,upv,0.0,0.0,0.0,0.0,0.0,0.0,0.0,0.0,0.0,0.0,0.0,0.0,0.1,0.2,0.0,0.0,0.1,0.1,140.6,2.7,0.27,16.6,1059.9,0.06,140.7,48.2,189.0,0.0,0.0,0.0,0.0,0.0,0.0,0.0,0.0,0.0,5.06,0.0,0.0,5.06,5.28,0.0,0.0,5.28,0.0,0.0,0.0,1066.2,1046.2,20.0,0.0,0.0,0.0,0.0,41.4,0.0,0.0,0.0,0.0,0.0,0.0,0.0,938.6,66.2,0.0
2050-06-25 08:00:00,2050-06-25 06:00:00,1587.4,1841.8,0.0,0.0,3429.1,1537.6,0.0,0.0,0.0,0.0314,0.0415,upv,upv,0.0,0.0,0.0,0.0,0.0,0.0,0.0,0.0,0.0,0.0,0.0,0.0,0.0,0.0,0.0,0.0,0.0,0.0,139.9,2.6,0.26,16.5,1054.5,0.06,140.0,48.0,188.0,0.0,0.0,0.0,0.0,0.0,0.0,0.0,0.0,0.0,0.0,0.0,0.0,0.0,0.0,0.0,0.0,0.0,0.0,504.3,504.3,3429.1,3429.1,0.0,0.0,0.0,0.0,0.0,164.6,0.0,0.0,0.0,0.0,0.0,0.0,0.0,3230.9,33.6,0.0
2050-06-25 09:00:00,2050-06-25 07:00:00,1724.2,2258.4,0.0,0.0,3982.6,1668.5,0.0,0.0,0.0,0.0323,0.0451,upv,upv,0.0,0.0,0.0,0.0,0.0,0.0,0.0,0.0,0.0,0.0,0.0,0.0,0.0,0.0,0.0,0.0,0.0,0.0,140.0,2.6,0.26,16.5,1055.5,0.06,140.2,48.0,188.2,0.0,0.0,0.0,0.0,0.0,0.0,0.0,0.0,0.0,0.0,0.0,0.0,0.0,0.0,0.0,0.0,0.0,22.9,780.7,803.7,3982.6,3982.6,0.0,0.0,0.0,0.0,0.0,0.0,0.0,0.0,0.0,0.0,0.0,0.0,0.0,3982.6,0.0,0.0
2050-06-25 10:00:00,2050-06-25 08:00:00,1923.2,2458.1,0.0,0.0,4381.3,1857.9,0.0,0.0,0.0,0.0339,0.0503,upv,upv,0.0,0.0,0.0,0.0,0.0,0.0,0.0,0.0,0.0,0.0,0.0,0.0,0.0,0.0,0.0,0.0,0.0,0.0,140.2,2.6,0.27,16.6,1057.2,0.06,140.4,48.1,188.5,0.0,0.0,0.0,0.0,0.0,0.0,0.0,0.0,0.0,0.0,0.0,0.0,0.0,0.0,0.0,0.0,0.0,0.0,3415.1,3415.1,4381.3,4381.3,0.0,0.0,0.0,0.0,0.0,328.0,0.0,0.0,0.0,0.0,0.0,0.0,0.0,4029.4,23.9,0.0
2050-06-25 11:00:00,2050-06-25 09:00:00,2129.5,3270.4,0.0,0.0,5399.9,2053.3,-0.0,0.0,0.0,0.0358,0.0557,upv,upv,0.0,0.0,0.0,0.0,0.0,0.0,0.0,0.0,0.0,0.0,0.0,0.0,0.0,0.0,0.0,0.0,0.0,0.0,140.5,2.7,0.27,16.6,1059.3,0.06,140.7,48.2,188.8,0.0,0.0,0.0,0.0,0.0,0.0,0.0,0.0,0.0,0.0,0.0,0.0,0.0,0.0,0.0,0.0,0.0,0.0,3912.0,3912.0,5399.9,5399.9,0.0,0.0,0.0,0.0,0.0,391.9,0.0,0.0,0.0,0.0,0.0,0.0,0.0,4986.5,21.4,0.0
2050-06-25 12:00:00,2050-06-25 10:00:00,2348.4,3758.9,0.0,0.0,6107.3,2259.4,0.0,0.0,0.0,0.0379,0.0614,upv,upv,0.0,0.0,0.0,0.0,0.0,0.0,0.0,0.0,0.0,0.0,0.0,0.0,0.0,0.0,0.0,0.0,0.0,0.0,140.8,2.7,0.27,16.6,1061.6,0.06,141.0,48.3,189.3,0.0,0.0,0.0,0.0,0.0,0.0,0.0,0.0,0.0,0.0,0.0,0.0,0.0,0.0,0.0,0.0,0.0,0.0,3405.0,3405.0,6107.3,6107.3,0.0,0.0,0.0,0.0,0.0,400.6,0.0,0.0,0.0,0.0,0.0,0.0,0.0,5687.4,19.3,0.0
2050-06-25 13:00:00,2050-06-25 11:00:00,2541.1,3012.5,0.0,0.0,5553.6,2439.8,-0.0,0.0,0.0,0.0399,0.0665,upv,upv,0.0,0.0,0.0,0.0,0.0,0.0,0.0,0.0,0.0,0.0,0.0,0.0,0.0,0.0,0.0,0.0,0.0,0.0,141.1,2.7,0.27,16.7,1063.8,0.06,141.3,48.4,189.6,0.0,0.0,0.0,0.0,0.0,0.0,0.0,0.0,0.0,0.0,0.0,0.0,0.0,0.0,0.0,0.0,0.0,0.0,3741.6,3741.6,5553.6,5553.6,0.0,0.0,0.0,0.0,0.0,391.6,0.0,0.0,0.0,0.0,0.0,0.0,0.0,5143.9,18.1,0.0
2050-06-25 14:00:00,2050-06-25 12:00:00,2649.5,3990.5,0.0,0.0,6640.0,2540.8,0.0,0.0,0.0,0.041,0.0693,upv,upv,0.0,0.0,0.0,0.0,0.0,0.0,0.0,0.0,0.0,0.0,0.0,0.0,0.0,0.0,0.0,0.0,0.0,0.0,141.3,2.7,0.27,16.7,1065.1,0.06,141.4,48.4,189.9,0.0,0.0,0.0,0.0,0.0,0.0,0.0,0.0,0.0,0.0,0.0,0.0,0.0,0.0,0.0,0.0,0.0,14.5,2191.9,2206.4,6640.0,6640.0,0.0,0.0,0.0,0.0,0.0,372.8,0.0,0.0,0.0,0.0,0.0,0.0,0.0,6267.2,0.0,0.0
2050-06-25 15:00:00,2050-06-25 13:00:00,2793.7,3958.7,0.0,0.0,6752.4,2674.8,0.0,0.0,0.0,0.0426,0.0731,upv,upv,0.0,0.0,0.0,0.0,0.0,0.0,0.0,0.0,0.0,0.0,0.0,0.0,0.0,0.0,0.0,0.0,0.0,0.0,141.5,2.7,0.27,16.7,1066.8,0.06,141.7,48.5,190.2,0.0,0.0,0.0,0.0,0.0,0.0,0.0,0.0,0.0,0.0,0.0,0.0,0.0,0.0,0.0,0.0,0.0,13.9,1728.7,1742.6,6752.4,6752.4,0.0,0.0,0.0,0.0,0.0,358.0,0.0,0.0,0.0,0.0,0.0,0.0,0.0,6394.4,0.0,0.0
2050-06-25 16:00:00,2050-06-25 14:00:00,2935.8,2626.7,0.0,0.0,5562.5,2806.2,0.0,0.0,0.0,0.0441,0.0768,upv,upv,0.0,0.0,0.0,0.0,0.0,0.0,0.0,0.0,0.0,0.0,0.0,0.0,0.0,0.0,0.0,0.0,0.0,0.0,141.7,2.7,0.27,16.7,1068.5,0.06,141.9,48.6,190.5,0.0,0.0,0.0,0.0,0.0,0.0,0.0,0.0,0.0,0.0,0.0,0.0,0.0,0.0,0.0,0.0,0.0,14.0,1724.2,1738.2,5562.5,5562.5,0.0,0.0,0.0,0.0,0.0,307.5,0.0,0.0,0.0,0.0,0.0,0.0,0.0,5255.0,0.0,0.0
2050-06-25 17:00:00,2050-06-25 15:00:00,3058.9,2821.5,0.0,0.0,5880.5,2919.7,0.0,0.0,0.0,0.0455,0.08,upv,upv,0.0,0.0,0.0,0.0,0.0,0.0,0.0,0.0,0.0,0.0,0.0,0.0,0.0,0.0,0.0,0.0,0.0,0.0,141.9,2.7,0.27,16.8,1070.1,0.06,142.1,48.7,190.8,0.0,0.0,0.0,0.0,0.0,0.0,0.0,0.0,0.0,0.0,0.0,0.0,0.0,0.0,0.0,0.0,0.0,14.7,1723.3,1738.0,5880.5,5880.5,0.0,0.0,0.0,0.0,0.0,320.8,0.0,0.0,0.0,0.0,0.0,0.0,0.0,5559.7,0.0,0.0
2050-06-25 18:00:00,2050-06-25 16:00:00,3177.9,1168.9,0.0,2.0,4348.8,3029.0,-309.0,0.0,309.0,0.0469,0.0831,upv,upv,0.0,0.0,0.0,0.0,0.0,0.0,0.0,0.0,0.0,0.0,0.0,0.0,0.0,0.0,0.0,0.0,0.0,0.0,142.1,2.7,0.27,16.8,1071.6,0.06,142.3,48.7,191.0,0.0,0.0,0.0,0.0,0.0,0.0,0.0,0.0,0.0,0.0,0.0,0.0,0.0,0.0,0.0,0.0,0.0,0.0,2235.3,2235.3,4657.8,4657.8,0.0,0.0,0.0,0.0,0.0,290.0,0.0,0.0,0.0,0.0,0.0,0.0,0.0,4346.5,21.4,0.0
2050-06-25 19:00:00,2050-06-25 17:00:00,3293.7,0.0,0.0,11.5,3305.2,3135.0,-1136.1,0.0,1136.1,0.0482,0.0861,upv,upv,0.0,0.0,0.0,0.0,0.0,0.0,0.0,0.0,0.0,0.0,0.0,0.0,0.0,0.0,0.0,0.0,0.0,0.0,142.4,2.7,0.27,16.8,1073.6,0.06,142.6,48.8,191.4,0.0,0.0,0.0,0.0,0.0,0.0,0.0,0.0,0.0,4.72,0.0,0.0,4.72,5.17,0.0,0.0,5.17,0.0,0.0,0.0,4441.3,4441.3,0.0,0.0,0.0,0.0,0.0,185.9,0.0,0.0,0.0,0.0,0.0,0.0,0.0,4216.6,38.8,0.0
2050-06-25 20:00:00,2050-06-25 18:00:00,3288.4,0.0,0.0,10.7,3299.1,3130.2,1849.4,0.0,1640.0,0.0481,0.086,battery,gas-cc,78.7,1.5,0.15,9.3,594.0,0.03,78.8,27.0,105.8,82.7,1.6,0.16,9.8,624.0,0.04,82.8,28.4,111.2,143.3,2.7,0.27,16.9,1080.1,0.06,143.4,49.1,192.6,476.8,9.0,0.9,56.3,3597.8,0.21,477.3,163.6,640.9,35.93,0.0,0.0,35.93,39.31,0.0,0.0,39.31,0.0,0.0,0.0,4939.0,1449.7,2416.6,0.0,0.0,0.0,0.0,58.1,1072.7,0.0,0.0,0.0,0.0,0.0,0.0,1318.3,73.3,0.0
2050-06-25 21:00:00,2050-06-25 19:00:00,3193.7,0.0,0.0,13.5,3207.2,3043.5,3054.6,184.7,1640.0,0.047,0.0835,gas-cc,gas-cc,83.4,1.6,0.16,9.8,629.2,0.04,83.5,28.6,112.1,84.2,1.6,0.16,9.9,635.3,0.04,84.3,28.9,113.2,143.5,2.7,0.27,17.0,1081.6,0.06,143.6,49.2,192.8,390.8,7.4,0.74,46.2,2949.0,0.17,391.2,134.1,525.3,35.93,0.0,0.0,35.93,39.21,0.0,0.0,39.21,0.0,0.0,0.0,4662.5,152.6,3437.2,0.0,0.0,0.0,0.0,0.0,1072.7,0.0,0.0,0.0,0.0,0.0,0.0,0.0,152.6,0.0
2050-06-25 22:00:00,2050-06-25 20:00:00,3142.1,0.0,0.0,13.0,3155.1,2996.2,2992.6,153.8,1640.0,0.0465,0.0822,battery,gas-cc,83.8,1.6,0.16,9.9,632.1,0.04,83.9,28.7,112.6,85.0,1.6,0.16,10.0,641.6,0.04,85.1,29.2,114.3,143.3,2.7,0.27,16.9,1080.3,0.06,143.4,49.1,192.6,407.5,7.7,0.77,48.1,3074.8,0.18,407.9,139.8,547.7,35.93,0.0,0.0,35.93,39.15,0.0,0.0,39.15,0.0,0.0,0.0,4641.3,162.5,3406.0,0.0,0.0,0.0,0.0,0.0,1072.7,0.0,0.0,0.0,0.0,0.0,0.0,0.0,162.5,0.0
2050-06-25 23:00:00,2050-06-25 21:00:00,2920.0,0.0,0.0,14.8,2934.8,2791.7,2742.3,264.0,1640.0,0.044,0.0764,battery,gas-cc,90.2,1.7,0.17,10.7,680.6,0.04,90.3,30.9,121.2,88.9,1.7,0.17,10.5,670.8,0.04,89.0,30.5,119.5,143.0,2.7,0.27,16.9,1077.9,0.06,143.1,49.0,192.2,404.9,7.6,0.76,47.8,3055.5,0.18,405.3,138.9,544.3,35.93,0.0,0.0,35.93,38.9,0.0,0.0,38.9,0.0,0.0,0.0,4310.7,192.5,3045.5,0.0,0.0,0.0,0.0,0.0,1072.7,0.0,0.0,0.0,0.0,0.0,0.0,0.0,192.5,0.0
2050-06-26 00:00:00,2050-06-25 22:00:00,2681.1,0.0,0.0,7.0,2688.0,2570.2,2518.4,0.0,1069.2,0.0413,0.0701,battery,gas-cc,103.5,2.0,0.2,12.2,780.8,0.04,103.6,35.5,139.1,107.9,2.0,0.2,12.8,814.5,0.05,108.0,37.0,145.1,142.3,2.7,0.27,16.8,1073.0,0.06,142.5,48.8,191.3,378.3,7.1,0.71,44.7,2854.8,0.16,378.7,129.8,508.5,36.13,0.0,0.0,36.13,38.85,0.0,0.0,38.85,0.0,0.0,0.0,3757.2,169.7,2514.8,0.0,0.0,0.0,0.0,0.0,1072.7,0.0,0.0,0.0,0.0,0.0,0.0,0.0,169.7,0.0
2050-06-26 01:00:00,2050-06-25 23:00:00,2448.4,0.0,0.0,14.6,2463.0,2353.2,2309.8,281.1,1576.8,0.0389,0.064,battery,gas-cc,103.4,1.9,0.19,12.2,780.5,0.04,103.5,35.5,139.0,100.1,1.9,0.19,11.8,755.6,0.04,100.2,34.4,134.6,142.2,2.7,0.27,16.8,1072.0,0.06,142.3,48.8,191.1,375.9,7.1,0.71,44.4,2836.3,0.16,376.3,129.0,505.2,36.13,0.0,0.0,36.13,38.6,0.0,0.0,38.6,0.0,0.0,0.0,3758.7,153.2,2532.7,0.0,0.0,0.0,0.0,0.0,1072.7,0.0,0.0,0.0,0.0,0.0,0.0,0.0,153.2,0.0
2050-06-26 02:00:00,2050-06-26 00:00:00,2185.3,0.0,0.0,15.9,2201.1,2106.0,2104.5,335.8,1640.0,0.0363,0.0571,battery,gas-cc,110.9,2.1,0.21,13.1,836.9,0.05,111.0,38.1,149.1,105.0,2.0,0.2,12.4,792.5,0.05,105.1,36.0,141.2,141.4,2.7,0.27,16.7,1066.4,0.06,141.6,48.5,190.1,462.2,8.7,0.87,54.6,3487.7,0.2,462.7,158.6,621.3,36.13,0.0,0.0,36.13,38.32,0.0,0.0,38.32,0.0,0.0,0.0,3505.3,96.7,2335.9,0.0,0.0,0.0,0.0,0.0,1072.7,0.0,0.0,0.0,0.0,0.0,0.0,0.0,96.7,0.0
2050-06-26 03:00:00,2050-06-26 01:00:00,2007.4,0.0,0.0,10.5,2017.9,1937.8,1950.7,0.0,1617.1,0.0346,0.0525,battery,gas-cc,106.9,2.0,0.2,12.6,807.1,0.05,107.1,36.7,143.8,110.8,2.1,0.21,13.1,836.0,0.05,110.9,38.0,148.9,141.4,2.7,0.27,16.7,1065.6,0.06,141.5,48.5,190.0,387.4,7.3,0.73,45.8,2923.5,0.17,387.8,132.9,520.8,36.13,0.0,0.0,36.13,38.13,0.0,0.0,38.13,0.0,0.0,0.0,3635.0,67.2,2495.0,0.0,0.0,0.0,0.0,0.0,1072.7,0.0,0.0,0.0,0.0,0.0,0.0,0.0,67.2,0.0
2050-06-26 04:00:00,2050-06-26 02:00:00,1861.1,0.0,0.0,9.4,1870.4,1798.9,1827.6,0.0,1445.8,0.0334,0.0487,battery,gas-cc,117.2,2.2,0.22,13.8,884.6,0.05,117.4,40.2,157.6,121.3,2.3,0.23,14.3,915.2,0.05,121.4,41.6,163.0,141.2,2.7,0.27,16.7,1064.5,0.06,141.4,48.4,189.8,385.9,7.3,0.73,45.6,2911.7,0.17,386.3,132.4,518.7,36.13,0.0,0.0,36.13,37.98,0.0,0.0,37.98,0.0,0.0,0.0,3316.2,42.8,2200.6,0.0,0.0,0.0,0.0,0.0,1072.7,0.0,0.0,0.0,0.0,0.0,0.0,0.0,42.8,0.0
2050-06-26 05:00:00,2050-06-26 03:00:00,1760.0,0.0,0.0,3.4,1763.4,1702.6,1736.4,0.0,528.6,0.0326,0.046,battery,gas-cc,169.6,3.2,0.32,20.0,1279.9,0.07,169.8,58.2,228.0,175.3,3.3,0.33,20.7,1323.0,0.08,175.5,60.2,235.7,140.7,2.7,0.27,16.6,1060.8,0.06,140.9,48.3,189.1,384.8,7.3,0.73,45.5,2903.7,0.17,385.2,132.0,517.2,36.13,0.0,0.0,36.13,37.87,0.0,0.0,37.87,0.0,0.0,0.0,2292.1,27.0,1192.3,0.0,0.0,0.0,0.0,0.0,1072.7,0.0,0.0,0.0,0.0,0.0,0.0,0.0,27.0,0.0
2050-06-26 06:00:00,2050-06-26 04:00:00,1708.4,0.0,0.0,1.9,1710.3,1653.4,1692.7,0.0,294.8,0.0322,0.0447,gas-cc,gas-cc,193.9,3.7,0.37,22.9,1463.1,0.08,194.1,66.5,260.6,200.3,3.8,0.38,23.7,1511.8,0.09,200.6,68.7,269.3,141.1,2.7,0.27,16.7,1064.1,0.06,141.3,48.4,189.7,368.2,6.9,0.69,43.5,2778.8,0.16,368.6,126.4,495.0,36.13,0.0,0.0,36.13,37.82,0.0,0.0,37.82,0.0,0.0,0.0,2005.1,17.6,914.8,0.0,0.0,0.0,0.0,0.0,1072.7,0.0,0.0,0.0,0.0,0.0,0.0,0.0,17.6,0.0
2050-06-26 07:00:00,2050-06-26 05:00:00,1690.5,0.0,0.0,1.6,1692.1,1636.3,-103.0,43.3,146.3,0.0321,0.0442,hydro,wind-ons,0.0,0.0,0.0,0.0,0.0,0.0,0.0,0.0,0.0,0.0,0.0,0.0,0.0,0.0,0.0,0.0,0.0,0.0,140.0,2.6,0.27,16.5,1055.6,0.06,140.2,48.0,188.2,0.0,0.0,0.0,0.0,0.0,0.0,0.0,0.0,0.0,6.94,0.0,0.0,6.94,7.26,0.0,0.0,7.26,0.0,0.0,0.0,1795.1,1795.1,0.0,0.0,0.0,0.0,0.0,75.3,0.0,0.0,0.0,0.0,0.0,0.0,0.0,1709.3,10.5,0.0
2050-06-26 08:00:00,2050-06-26 06:00:00,1811.6,3098.4,0.0,0.0,4910.0,1751.8,0.0,0.0,0.0,0.033,0.0474,upv,upv,0.0,0.0,0.0,0.0,0.0,0.0,0.0,0.0,0.0,0.0,0.0,0.0,0.0,0.0,0.0,0.0,0.0,0.0,140.1,2.6,0.27,16.6,1056.2,0.06,140.3,48.0,188.3,0.0,0.0,0.0,0.0,0.0,0.0,0.0,0.0,0.0,0.0,0.0,0.0,0.0,0.0,0.0,0.0,0.0,4.4,1799.8,1804.3,4910.0,4910.0,0.0,0.0,0.0,0.0,0.0,0.0,0.0,0.0,0.0,0.0,0.0,0.0,0.0,4910.0,0.0,0.0
2050-06-26 09:00:00,2050-06-26 07:00:00,2035.8,3016.4,0.0,0.0,5052.2,1964.7,0.0,0.0,0.0,0.0349,0.0532,upv,upv,0.0,0.0,0.0,0.0,0.0,0.0,0.0,0.0,0.0,0.0,0.0,0.0,0.0,0.0,0.0,0.0,0.0,0.0,140.4,2.6,0.27,16.6,1058.3,0.06,140.5,48.1,188.7,0.0,0.0,0.0,0.0,0.0,0.0,0.0,0.0,0.0,0.0,0.0,0.0,0.0,0.0,0.0,0.0,0.0,3.5,3712.2,3715.7,5052.2,5052.2,0.0,0.0,0.0,0.0,0.0,0.0,0.0,0.0,0.0,0.0,0.0,0.0,0.0,5052.2,0.0,0.0
2050-06-26 10:00:00,2050-06-26 08:00:00,2304.2,3045.5,0.0,0.0,5349.7,2217.9,0.0,0.0,0.0,0.0374,0.0603,upv,upv,0.0,0.0,0.0,0.0,0.0,0.0,0.0,0.0,0.0,0.0,0.0,0.0,0.0,0.0,0.0,0.0,0.0,0.0,140.8,2.7,0.27,16.6,1061.1,0.06,140.9,48.3,189.2,0.0,0.0,0.0,0.0,0.0,0.0,0.0,0.0,0.0,0.0,0.0,0.0,0.0,0.0,0.0,0.0,0.0,4.1,3684.7,3688.9,5349.7,5349.7,0.0,0.0,0.0,0.0,0.0,381.5,0.0,0.0,0.0,0.0,0.0,0.0,0.0,4968.2,0.0,0.0
2050-06-26 11:00:00,2050-06-26 09:00:00,2482.1,3045.5,0.0,0.0,5527.6,2384.7,-0.0,0.0,0.0,0.0392,0.0649,upv,upv,0.0,0.0,0.0,0.0,0.0,0.0,0.0,0.0,0.0,0.0,0.0,0.0,0.0,0.0,0.0,0.0,0.0,0.0,141.0,2.7,0.27,16.7,1063.1,0.06,141.2,48.4,189.5,0.0,0.0,0.0,0.0,0.0,0.0,0.0,0.0,0.0,0.0,0.0,0.0,0.0,0.0,0.0,0.0,0.0,6.2,4282.5,4288.7,5527.6,5527.6,0.0,0.0,0.0,0.0,0.0,413.9,0.0,0.0,0.0,0.0,0.0,0.0,0.0,5113.6,0.0,0.0
2050-06-26 12:00:00,2050-06-26 10:00:00,2597.9,2821.5,0.0,0.0,5419.4,2492.8,0.0,0.0,0.0,0.0405,0.0679,upv,upv,0.0,0.0,0.0,0.0,0.0,0.0,0.0,0.0,0.0,0.0,0.0,0.0,0.0,0.0,0.0,0.0,0.0,0.0,141.2,2.7,0.27,16.7,1064.4,0.06,141.3,48.4,189.8,0.0,0.0,0.0,0.0,0.0,0.0,0.0,0.0,0.0,0.0,0.0,0.0,0.0,0.0,0.0,0.0,0.0,4.8,4647.0,4651.8,5419.4,5419.4,0.0,0.0,0.0,0.0,0.0,424.8,0.0,0.0,0.0,0.0,0.0,0.0,0.0,4994.7,0.0,0.0
2050-06-26 13:00:00,2050-06-26 11:00:00,2704.2,3920.7,0.0,0.0,6625.0,2591.7,-0.0,0.0,0.0,0.0416,0.0707,upv,upv,0.0,0.0,0.0,0.0,0.0,0.0,0.0,0.0,0.0,0.0,0.0,0.0,0.0,0.0,0.0,0.0,0.0,0.0,141.4,2.7,0.27,16.7,1065.7,0.06,141.5,48.5,190.0,0.0,0.0,0.0,0.0,0.0,0.0,0.0,0.0,0.0,0.0,0.0,0.0,0.0,0.0,0.0,0.0,0.0,4.9,3191.9,3196.8,6625.0,6625.0,0.0,0.0,0.0,0.0,0.0,414.3,0.0,0.0,0.0,0.0,0.0,0.0,0.0,6210.7,0.0,0.0
2050-06-26 14:00:00,2050-06-26 12:00:00,2752.6,2431.9,0.0,0.0,5184.5,2636.7,0.0,0.0,0.0,0.0421,0.072,upv,upv,0.0,0.0,0.0,0.0,0.0,0.0,0.0,0.0,0.0,0.0,0.0,0.0,0.0,0.0,0.0,0.0,0.0,0.0,141.4,2.7,0.27,16.7,1066.3,0.06,141.6,48.5,190.1,0.0,0.0,0.0,0.0,0.0,0.0,0.0,0.0,0.0,0.0,0.0,0.0,0.0,0.0,0.0,0.0,0.0,4.7,4484.0,4488.7,5184.5,5184.5,0.0,0.0,0.0,0.0,0.0,408.2,0.0,0.0,0.0,0.0,0.0,0.0,0.0,4776.4,0.0,0.0
2050-06-26 15:00:00,2050-06-26 13:00:00,2868.4,3981.7,0.0,0.0,6850.1,2744.0,0.0,0.0,0.0,0.0434,0.075,upv,upv,0.0,0.0,0.0,0.0,0.0,0.0,0.0,0.0,0.0,0.0,0.0,0.0,0.0,0.0,0.0,0.0,0.0,0.0,141.6,2.7,0.27,16.7,1067.7,0.06,141.8,48.6,190.3,0.0,0.0,0.0,0.0,0.0,0.0,0.0,0.0,0.0,0.0,0.0,0.0,0.0,0.0,0.0,0.0,0.0,5.9,1826.4,1832.3,6850.1,6850.1,0.0,0.0,0.0,0.0,0.0,366.1,0.0,0.0,0.0,0.0,0.0,0.0,0.0,6484.0,0.0,0.0
2050-06-26 16:00:00,2050-06-26 14:00:00,2974.7,3435.1,0.0,0.0,6409.8,2842.2,0.0,0.0,0.0,0.0446,0.0778,upv,upv,0.0,0.0,0.0,0.0,0.0,0.0,0.0,0.0,0.0,0.0,0.0,0.0,0.0,0.0,0.0,0.0,0.0,0.0,141.8,2.7,0.27,16.8,1069.0,0.06,142.0,48.6,190.6,0.0,0.0,0.0,0.0,0.0,0.0,0.0,0.0,0.0,0.0,0.0,0.0,0.0,0.0,0.0,0.0,0.0,8.6,1774.2,1782.8,6409.8,6409.8,0.0,0.0,0.0,0.0,0.0,345.4,0.0,0.0,0.0,0.0,0.0,0.0,0.0,6064.5,0.0,0.0
2050-06-26 17:00:00,2050-06-26 15:00:00,3136.8,2369.8,0.0,0.0,5506.6,2991.3,0.0,0.0,0.0,0.0464,0.082,battery,upv,0.0,0.0,0.0,0.0,0.0,0.0,0.0,0.0,0.0,0.0,0.0,0.0,0.0,0.0,0.0,0.0,0.0,0.0,142.1,2.7,0.27,16.8,1071.1,0.06,142.2,48.7,190.9,0.0,0.0,0.0,0.0,0.0,0.0,0.0,0.0,0.0,0.0,0.0,0.0,0.0,0.0,0.0,0.0,0.0,0.0,0.0,0.0,5506.6,5506.6,0.0,0.0,0.0,0.0,0.0,231.9,0.0,0.0,0.0,0.0,0.0,0.0,0.0,5263.5,11.3,0.0
2050-06-26 18:00:00,2050-06-26 16:00:00,3286.3,0.0,0.0,1.4,3287.8,3128.2,92.6,92.6,0.0,0.0481,0.0859,battery,distpv,0.0,0.0,0.0,0.0,0.0,0.0,0.0,0.0,0.0,0.0,0.0,0.0,0.0,0.0,0.0,0.0,0.0,0.0,142.3,2.7,0.27,16.8,1073.0,0.06,142.5,48.8,191.3,0.0,0.0,0.0,0.0,0.0,0.0,0.0,0.0,0.0,0.03,0.0,0.0,0.03,0.04,0.0,0.0,0.04,0.0,0.0,0.0,3195.2,3195.2,0.0,0.0,0.0,0.0,0.0,134.2,0.0,0.0,0.0,0.0,0.0,0.0,0.0,3045.3,15.7,0.0
2050-06-26 19:00:00,2050-06-26 17:00:00,3430.5,0.0,0.0,12.1,3442.6,3259.8,1593.3,1243.2,0.0,0.0498,0.0897,gas-cc,gas-cc,57.7,1.1,0.11,6.8,435.4,0.03,57.8,19.8,77.6,38.8,0.7,0.07,4.9,293.4,0.02,38.8,13.6,52.4,150.0,2.8,0.28,17.7,1130.9,0.07,150.2,51.4,201.6,398.1,7.5,0.75,47.0,3004.2,0.17,398.5,136.6,535.1,33.36,0.0,0.0,33.36,36.64,0.0,0.0,36.64,0.0,0.0,0.0,2199.5,1849.3,0.0,0.0,0.0,0.0,0.0,77.1,350.2,0.0,0.0,0.0,0.0,0.0,0.0,1749.7,22.5,0.0
2050-06-26 20:00:00,2050-06-26 18:00:00,3494.7,0.0,0.0,10.7,3505.4,3318.2,3012.7,0.0,1640.0,0.0505,0.0914,battery,gas-cc,75.6,1.4,0.14,8.9,570.2,0.03,75.6,25.9,101.6,79.6,1.5,0.15,9.4,600.5,0.03,79.7,27.3,107.0,143.5,2.7,0.27,16.9,1081.5,0.06,143.6,49.2,192.8,479.6,9.0,0.9,56.7,3619.2,0.21,480.1,164.6,644.7,36.4,0.0,0.0,36.4,40.06,0.0,0.0,40.06,0.0,0.0,0.0,5145.4,492.7,3580.0,0.0,0.0,0.0,0.0,17.2,1072.7,0.0,0.0,0.0,0.0,0.0,0.0,390.4,85.1,0.0
2050-06-26 21:00:00,2050-06-26 19:00:00,3407.4,0.0,0.0,12.4,3419.8,3238.7,3266.2,111.4,1640.0,0.0495,0.0891,battery,gas-cc,78.6,1.5,0.15,9.3,592.9,0.03,78.6,27.0,105.6,80.8,1.5,0.15,9.5,610.0,0.04,80.9,27.7,108.7,143.6,2.7,0.27,17.0,1082.6,0.06,143.8,49.2,193.0,478.4,9.0,0.9,56.5,3610.1,0.21,478.9,164.2,643.1,36.4,0.0,0.0,36.4,39.96,0.0,0.0,39.96,0.0,0.0,0.0,4948.3,153.5,3722.1,0.0,0.0,0.0,0.0,0.0,1072.7,0.0,0.0,0.0,0.0,0.0,0.0,0.0,153.5,0.0
2050-06-26 22:00:00,2050-06-26 20:00:00,3327.4,0.0,0.0,13.4,3340.8,3165.7,3173.0,222.9,1528.6,0.0486,0.087,battery,gas-cc,83.7,1.6,0.16,9.9,631.4,0.04,83.8,28.7,112.5,83.9,1.6,0.16,9.9,633.2,0.04,84.0,28.8,112.8,143.5,2.7,0.27,17.0,1081.9,0.06,143.7,49.2,192.9,403.9,7.6,0.76,47.7,3048.0,0.18,404.3,138.6,542.9,36.4,0.0,0.0,36.4,39.87,0.0,0.0,39.87,0.0,0.0,0.0,4646.5,167.7,3406.0,0.0,0.0,0.0,0.0,0.0,1072.7,0.0,0.0,0.0,0.0,0.0,0.0,0.0,167.7,0.0
2050-06-26 23:00:00,2050-06-26 21:00:00,3082.1,0.0,0.0,12.4,3094.5,2941.0,2967.9,114.1,1640.0,0.0458,0.0806,battery,gas-cc,84.1,1.6,0.16,9.9,634.9,0.04,84.2,28.9,113.1,86.1,1.6,0.16,10.2,649.4,0.04,86.1,29.5,115.7,142.8,2.7,0.27,16.9,1076.9,0.06,143.0,49.0,192.0,474.0,8.9,0.89,56.0,3576.7,0.21,474.5,162.6,637.1,36.4,0.0,0.0,36.4,39.59,0.0,0.0,39.59,0.0,0.0,0.0,4620.4,126.6,3421.0,0.0,0.0,0.0,0.0,0.0,1072.7,0.0,0.0,0.0,0.0,0.0,0.0,0.0,126.6,0.0
2050-06-27 00:00:00,2050-06-26 22:00:00,2773.7,0.0,0.0,8.4,2782.1,2656.2,2716.5,236.9,728.1,0.0423,0.0725,battery,gas-cc,118.8,2.2,0.22,14.0,896.3,0.05,118.9,40.8,159.6,115.7,2.2,0.22,13.7,872.7,0.05,115.8,39.7,155.5,142.7,2.7,0.27,16.9,1075.8,0.06,142.9,48.9,191.8,397.6,7.5,0.75,47.0,3000.4,0.17,398.0,136.4,534.5,36.4,0.0,0.0,36.4,39.24,0.0,0.0,39.24,0.0,0.0,0.0,3273.2,65.6,2134.9,0.0,0.0,0.0,0.0,0.0,1072.7,0.0,0.0,0.0,0.0,0.0,0.0,0.0,65.6,0.0
2050-06-27 01:00:00,2050-06-26 23:00:00,2538.9,0.0,0.0,12.1,2551.1,2437.8,2496.6,310.9,1124.1,0.0398,0.0664,battery,gas-cc,115.6,2.2,0.22,13.7,872.0,0.05,115.7,39.6,155.3,110.2,2.1,0.21,13.0,831.3,0.05,110.3,37.8,148.1,142.4,2.7,0.27,16.8,1073.5,0.06,142.5,48.8,191.4,395.0,7.4,0.74,46.7,2980.7,0.17,395.4,135.5,531.0,36.4,0.0,0.0,36.4,38.99,0.0,0.0,38.99,0.0,0.0,0.0,3364.3,54.5,2237.1,0.0,0.0,0.0,0.0,0.0,1072.7,0.0,0.0,0.0,0.0,0.0,0.0,0.0,54.5,0.0
2050-06-27 02:00:00,2050-06-27 00:00:00,2263.2,0.0,0.0,5.3,2268.4,2179.3,2189.3,195.7,345.2,0.037,0.0592,battery,gas-cc,160.8,3.0,0.3,19.0,1213.3,0.07,161.0,55.2,216.1,154.5,2.9,0.29,18.2,1165.6,0.07,154.6,53.0,207.6,142.0,2.7,0.27,16.8,1070.4,0.06,142.1,48.7,190.8,392.0,7.4,0.74,46.3,2957.8,0.17,392.4,134.5,526.9,36.4,0.0,0.0,36.4,38.69,0.0,0.0,38.69,0.0,0.0,0.0,2417.9,79.2,1266.0,0.0,0.0,0.0,0.0,0.0,1072.7,0.0,0.0,0.0,0.0,0.0,0.0,0.0,79.2,0.0
2050-06-27 03:00:00,2050-06-27 01:00:00,2077.9,0.0,0.0,8.8,2086.7,2004.6,2000.6,0.0,1359.3,0.0353,0.0543,battery,gas-cc,112.8,2.1,0.21,13.3,851.3,0.05,112.9,38.7,151.6,116.9,2.2,0.22,13.8,882.5,0.05,117.1,40.1,157.2,141.6,2.7,0.27,16.7,1067.6,0.06,141.8,48.6,190.3,390.0,7.3,0.73,46.1,2942.7,0.17,390.4,133.8,524.2,36.4,0.0,0.0,36.4,38.49,0.0,0.0,38.49,0.0,0.0,0.0,3446.0,86.1,2287.2,0.0,0.0,0.0,0.0,0.0,1072.7,0.0,0.0,0.0,0.0,0.0,0.0,0.0,86.1,0.0
2050-06-27 04:00:00,2050-06-27 02:00:00,1923.2,0.0,0.0,9.3,1932.5,1857.9,1877.3,0.0,1432.5,0.0339,0.0503,battery,gas-cc,115.5,2.2,0.22,13.6,871.8,0.05,115.7,39.6,155.3,119.6,2.3,0.23,14.1,902.4,0.05,119.7,41.0,160.8,141.1,2.7,0.27,16.7,1063.4,0.06,141.2,48.4,189.6,388.3,7.3,0.73,45.9,2930.1,0.17,388.7,133.2,521.9,36.4,0.0,0.0,36.4,38.32,0.0,0.0,38.32,0.0,0.0,0.0,3364.9,55.1,2237.1,0.0,0.0,0.0,0.0,0.0,1072.7,0.0,0.0,0.0,0.0,0.0,0.0,0.0,55.1,0.0
2050-06-27 05:00:00,2050-06-27 03:00:00,1822.1,0.0,0.0,0.0,1822.1,1761.8,1784.9,0.0,0.0,0.0331,0.0477,battery,gas-cc,213.4,4.0,0.4,25.2,1610.0,0.09,213.6,73.2,286.8,220.7,4.2,0.42,26.1,1665.1,0.1,220.9,75.7,296.6,141.3,2.7,0.27,16.7,1065.4,0.06,141.5,48.5,189.9,457.6,8.6,0.86,54.1,3453.0,0.2,458.1,157.0,615.1,36.4,0.0,0.0,36.4,38.22,0.0,0.0,38.22,0.0,0.0,0.0,1822.1,37.2,712.2,0.0,0.0,0.0,0.0,0.0,1072.7,0.0,0.0,0.0,0.0,0.0,0.0,0.0,37.2,0.0
2050-06-27 06:00:00,2050-06-27 04:00:00,1747.4,0.0,0.0,5.4,1752.8,1690.6,1728.9,0.0,831.8,0.0325,0.0457,battery,gas-cc,150.4,2.8,0.28,17.8,1135.1,0.07,150.6,51.6,202.2,155.5,2.9,0.29,18.4,1173.2,0.07,155.6,53.3,209.0,141.1,2.7,0.27,16.7,1064.1,0.06,141.3,48.4,189.7,386.4,7.3,0.73,45.6,2916.0,0.17,386.8,132.6,519.4,36.4,0.0,0.0,36.4,38.14,0.0,0.0,38.14,0.0,0.0,0.0,2584.6,23.9,1488.0,0.0,0.0,0.0,0.0,0.0,1072.7,0.0,0.0,0.0,0.0,0.0,0.0,0.0,23.9,0.0
2050-06-27 07:00:00,2050-06-27 05:00:00,1729.5,0.0,0.0,9.5,1739.0,1673.5,-128.4,395.0,523.4,0.0324,0.0452,gas-cc,gas-cc,0.0,0.0,0.0,0.0,0.0,0.0,0.0,0.0,0.0,0.0,0.0,0.0,0.0,0.0,0.0,0.0,0.0,0.0,140.4,2.7,0.27,16.6,1058.5,0.06,140.6,48.1,188.7,368.5,6.9,0.69,43.5,2780.4,0.16,368.8,126.4,495.3,22.26,0.0,0.0,22.26,23.31,0.0,0.0,23.31,0.0,0.0,0.0,1867.4,1867.4,0.0,0.0,0.0,0.0,0.0,78.2,0.0,0.0,0.0,0.0,0.0,0.0,0.0,1773.9,15.3,0.0
2050-06-27 08:00:00,2050-06-27 06:00:00,1816.8,3435.1,0.0,0.0,5251.9,1756.8,0.0,0.0,0.0,0.033,0.0475,upv,upv,0.0,0.0,0.0,0.0,0.0,0.0,0.0,0.0,0.0,0.0,0.0,0.0,0.0,0.0,0.0,0.0,0.0,0.0,140.2,2.6,0.27,16.6,1056.6,0.06,140.3,48.1,188.4,0.0,0.0,0.0,0.0,0.0,0.0,0.0,0.0,0.0,0.0,0.0,0.0,0.0,0.0,0.0,0.0,0.0,11.8,1491.6,1503.4,5251.9,5251.9,0.0,0.0,0.0,0.0,0.0,284.6,0.0,0.0,0.0,0.0,0.0,0.0,0.0,4967.4,0.0,0.0
2050-06-27 09:00:00,2050-06-27 07:00:00,2049.5,3435.1,0.0,0.0,5484.6,1977.7,0.0,0.0,0.0,0.035,0.0536,upv,upv,0.0,0.0,0.0,0.0,0.0,0.0,0.0,0.0,0.0,0.0,0.0,0.0,0.0,0.0,0.0,0.0,0.0,0.0,140.4,2.6,0.27,16.6,1058.5,0.06,140.6,48.1,188.7,0.0,0.0,0.0,0.0,0.0,0.0,0.0,0.0,0.0,0.0,0.0,0.0,0.0,0.0,0.0,0.0,0.0,7.8,3772.5,3780.2,5484.6,5484.6,0.0,0.0,0.0,0.0,0.0,390.8,0.0,0.0,0.0,0.0,0.0,0.0,0.0,5093.7,0.0,0.0
2050-06-27 10:00:00,2050-06-27 08:00:00,2350.5,3406.0,0.0,0.0,5756.5,2261.4,0.0,0.0,0.0,0.0379,0.0615,upv,upv,0.0,0.0,0.0,0.0,0.0,0.0,0.0,0.0,0.0,0.0,0.0,0.0,0.0,0.0,0.0,0.0,0.0,0.0,140.8,2.7,0.27,16.6,1061.6,0.06,141.0,48.3,189.3,0.0,0.0,0.0,0.0,0.0,0.0,0.0,0.0,0.0,0.0,0.0,0.0,0.0,0.0,0.0,0.0,0.0,2.4,4289.8,4292.2,5756.5,5756.5,0.0,0.0,0.0,0.0,0.0,424.0,0.0,0.0,0.0,0.0,0.0,0.0,0.0,5332.5,0.0,0.0
2050-06-27 11:00:00,2050-06-27 09:00:00,2577.9,2461.0,0.0,0.0,5038.9,2474.1,0.0,0.0,0.0,0.0402,0.0674,upv,upv,0.0,0.0,0.0,0.0,0.0,0.0,0.0,0.0,0.0,0.0,0.0,0.0,0.0,0.0,0.0,0.0,0.0,0.0,141.2,2.7,0.27,16.7,1064.2,0.06,141.3,48.4,189.7,0.0,0.0,0.0,0.0,0.0,0.0,0.0,0.0,0.0,0.0,0.0,0.0,0.0,0.0,0.0,0.0,0.0,0.3,5182.7,5182.9,5038.9,5038.9,0.0,0.0,0.0,0.0,0.0,431.3,0.0,0.0,0.0,0.0,0.0,0.0,0.0,4607.6,0.0,0.0
2050-06-27 12:00:00,2050-06-27 10:00:00,2708.4,3869.4,0.0,0.0,6577.8,2595.6,0.0,0.0,0.0,0.0416,0.0708,upv,upv,0.0,0.0,0.0,0.0,0.0,0.0,0.0,0.0,0.0,0.0,0.0,0.0,0.0,0.0,0.0,0.0,0.0,0.0,141.4,2.7,0.27,16.7,1065.8,0.06,141.5,48.5,190.0,0.0,0.0,0.0,0.0,0.0,0.0,0.0,0.0,0.0,0.0,0.0,0.0,0.0,0.0,0.0,0.0,0.0,0.1,3414.7,3414.7,6577.8,6577.8,0.0,0.0,0.0,0.0,0.0,421.9,0.0,0.0,0.0,0.0,0.0,0.0,0.0,6155.9,0.0,0.0
2050-06-27 13:00:00,2050-06-27 11:00:00,2840.0,2431.9,0.0,0.0,5271.9,2717.7,0.0,0.0,0.0,0.0431,0.0743,upv,upv,0.0,0.0,0.0,0.0,0.0,0.0,0.0,0.0,0.0,0.0,0.0,0.0,0.0,0.0,0.0,0.0,0.0,0.0,141.6,2.7,0.27,16.7,1067.4,0.06,141.7,48.6,190.3,0.0,0.0,0.0,0.0,0.0,0.0,0.0,0.0,0.0,0.0,0.0,0.0,0.0,0.0,0.0,0.0,0.0,0.1,4733.8,4733.9,5271.9,5271.9,0.0,0.0,0.0,0.0,0.0,422.2,0.0,0.0,0.0,0.0,0.0,0.0,0.0,4849.7,0.0,0.0
2050-06-27 14:00:00,2050-06-27 12:00:00,2925.3,2947.8,0.0,0.0,5873.1,2796.5,0.0,0.0,0.0,0.044,0.0765,upv,upv,0.0,0.0,0.0,0.0,0.0,0.0,0.0,0.0,0.0,0.0,0.0,0.0,0.0,0.0,0.0,0.0,0.0,0.0,141.7,2.7,0.27,16.7,1068.4,0.06,141.9,48.6,190.5,0.0,0.0,0.0,0.0,0.0,0.0,0.0,0.0,0.0,0.0,0.0,0.0,0.0,0.0,0.0,0.0,0.0,1.8,3646.8,3648.6,5873.1,5873.1,0.0,0.0,0.0,0.0,0.0,401.7,0.0,0.0,0.0,0.0,0.0,0.0,0.0,5471.4,0.0,0.0
2050-06-27 15:00:00,2050-06-27 13:00:00,3082.1,3040.5,0.0,0.0,6122.6,2941.0,-0.0,0.0,0.0,0.0458,0.0806,upv,upv,0.0,0.0,0.0,0.0,0.0,0.0,0.0,0.0,0.0,0.0,0.0,0.0,0.0,0.0,0.0,0.0,0.0,0.0,142.0,2.7,0.27,16.8,1070.4,0.06,142.1,48.7,190.8,0.0,0.0,0.0,0.0,0.0,0.0,0.0,0.0,0.0,0.0,0.0,0.0,0.0,0.0,0.0,0.0,0.0,10.6,2317.8,2328.4,6122.6,6122.6,0.0,0.0,0.0,0.0,0.0,356.2,0.0,0.0,0.0,0.0,0.0,0.0,0.0,5766.4,0.0,0.0
2050-06-27 16:00:00,2050-06-27 14:00:00,3177.9,3976.0,0.0,0.0,7153.9,3029.0,-0.0,0.0,0.0,0.0469,0.0831,battery,upv,0.0,0.0,0.0,0.0,0.0,0.0,0.0,0.0,0.0,0.0,0.0,0.0,0.0,0.0,0.0,0.0,0.0,0.0,142.1,2.7,0.27,16.8,1071.6,0.06,142.3,48.7,191.0,0.0,0.0,0.0,0.0,0.0,0.0,0.0,0.0,0.0,0.0,0.0,0.0,0.0,0.0,0.0,0.0,0.0,0.0,0.0,0.0,7153.9,7153.9,0.0,0.0,0.0,0.0,0.0,297.9,0.0,0.0,0.0,0.0,0.0,0.0,0.0,6759.5,96.4,0.0
2050-06-27 17:00:00,2050-06-27 15:00:00,3325.3,2163.6,0.0,0.0,5488.9,3163.8,0.0,0.0,0.0,0.0486,0.087,battery,upv,0.0,0.0,0.0,0.0,0.0,0.0,0.0,0.0,0.0,0.0,0.0,0.0,0.0,0.0,0.0,0.0,0.0,0.0,142.4,2.7,0.27,16.8,1073.5,0.06,142.5,48.8,191.4,0.0,0.0,0.0,0.0,0.0,0.0,0.0,0.0,0.0,0.0,0.0,0.0,0.0,0.0,0.0,0.0,0.0,0.0,0.0,0.0,5488.9,5488.9,0.0,0.0,0.0,0.0,0.0,228.6,0.0,0.0,0.0,0.0,0.0,0.0,0.0,5189.2,71.1,0.0
2050-06-27 18:00:00,2050-06-27 16:00:00,3476.8,0.0,0.0,5.2,3482.1,3301.9,-805.2,0.0,805.2,0.0503,0.0909,upv,upv,0.0,0.0,0.0,0.0,0.0,0.0,0.0,0.0,0.0,0.0,0.0,0.0,0.0,0.0,0.0,0.0,0.0,0.0,142.7,2.7,0.27,16.9,1075.5,0.06,142.8,48.9,191.7,0.0,0.0,0.0,0.0,0.0,0.0,0.0,0.0,0.0,0.0,0.0,0.0,0.0,0.0,0.0,0.0,0.0,0.0,0.0,0.0,4287.3,4287.3,0.0,0.0,0.0,0.0,0.0,177.4,0.0,0.0,0.0,0.0,0.0,0.0,0.0,4026.0,83.9,0.0
2050-06-27 19:00:00,2050-06-27 17:00:00,3567.4,0.0,0.0,7.7,3575.1,3384.1,572.1,572.1,0.0,0.0514,0.0933,upv,upv,0.0,0.0,0.0,0.0,0.0,0.0,0.0,0.0,0.0,0.0,0.0,0.0,0.0,0.1,0.0,0.0,0.0,0.0,142.8,2.7,0.27,16.9,1076.7,0.06,143.0,49.0,191.9,0.0,0.0,0.0,0.0,0.0,0.0,0.0,0.0,0.0,4.86,0.0,0.0,4.86,5.36,0.0,0.0,5.36,0.0,0.0,0.0,3003.0,3003.0,0.0,0.0,0.0,0.0,0.0,123.3,0.0,0.0,0.0,0.0,0.0,0.0,0.0,2799.8,79.9,0.0
2050-06-27 20:00:00,2050-06-27 18:00:00,3587.4,0.0,0.0,3.3,3590.7,3402.2,2633.8,0.0,511.3,0.0516,0.0938,battery,gas-cc,94.8,1.8,0.18,11.2,715.2,0.04,94.9,32.5,127.4,99.9,1.9,0.19,11.8,754.1,0.04,100.0,34.3,134.3,143.8,2.7,0.27,17.0,1083.8,0.06,143.9,49.3,193.2,406.9,7.7,0.77,48.1,3070.9,0.18,407.4,139.6,547.0,36.4,0.0,0.0,36.4,40.17,0.0,0.0,40.17,0.0,0.0,0.0,4102.0,956.9,2072.3,0.0,0.0,0.0,0.0,36.6,1072.7,0.0,0.0,0.0,0.0,0.0,0.0,831.2,89.1,0.0
2050-06-27 21:00:00,2050-06-27 19:00:00,3508.4,0.0,0.0,2.7,3511.1,3330.6,3485.1,0.0,409.2,0.0507,0.0917,battery,gas-cc,99.2,1.9,0.19,11.7,748.3,0.04,99.3,34.0,133.3,104.5,2.0,0.2,12.3,788.3,0.05,104.6,35.8,140.4,143.8,2.7,0.27,17.0,1084.5,0.06,144.0,49.3,193.3,406.0,7.7,0.77,48.0,3063.9,0.18,406.5,139.3,545.8,36.4,500.04,0.0,536.44,40.07,550.55,0.0,590.63,0.0,0.0,0.0,3920.3,26.0,2821.5,0.0,0.0,0.0,0.0,0.0,1072.7,0.0,0.0,0.0,0.0,0.0,0.0,0.0,26.0,0.0
2050-06-27 22:00:00,2050-06-27 20:00:00,3407.4,0.0,0.0,5.4,3412.8,3238.7,3359.3,86.7,621.7,0.0495,0.0891,battery,gas-cc,98.5,1.9,0.19,11.6,743.1,0.04,98.6,33.8,132.4,101.4,1.9,0.19,12.0,765.0,0.04,101.5,34.8,136.3,143.8,2.7,0.27,17.0,1084.1,0.06,144.0,49.3,193.3,404.8,7.6,0.76,47.8,3055.0,0.18,405.3,138.9,544.2,36.4,0.0,0.0,36.4,39.96,0.0,0.0,39.96,0.0,0.0,0.0,3947.8,53.5,2821.5,0.0,0.0,0.0,0.0,0.0,1072.7,0.0,0.0,0.0,0.0,0.0,0.0,0.0,53.5,0.0
2050-06-27 23:00:00,2050-06-27 21:00:00,3160.0,0.0,0.0,0.7,3160.7,3012.6,3140.5,0.0,104.4,0.0467,0.0826,battery,gas-cc,119.1,2.2,0.22,14.1,898.5,0.05,119.2,40.9,160.0,124.9,2.4,0.24,14.8,942.5,0.05,125.0,42.9,167.9,143.3,2.7,0.27,16.9,1080.7,0.06,143.5,49.2,192.7,402.0,7.6,0.76,47.5,3033.5,0.17,402.4,137.9,540.4,36.4,0.0,0.0,36.4,39.68,0.0,0.0,39.68,0.0,0.0,0.0,3265.1,20.2,2172.1,0.0,0.0,0.0,0.0,0.0,1072.7,0.0,0.0,0.0,0.0,0.0,0.0,0.0,20.2,0.0
2050-06-28 00:00:00,2050-06-27 22:00:00,2861.1,0.0,0.0,4.2,2865.3,2737.2,2857.4,0.0,650.4,0.0433,0.0748,battery,gas-cc,110.6,2.1,0.21,13.1,834.5,0.05,110.7,37.9,148.6,115.6,2.2,0.22,13.7,872.2,0.05,115.7,39.7,155.4,142.8,2.7,0.27,16.9,1076.7,0.06,143.0,49.0,191.9,384.8,7.3,0.73,45.5,2904.0,0.17,385.2,132.0,517.3,36.76,0.0,0.0,36.76,39.73,0.0,0.0,39.73,0.0,0.0,0.0,3515.7,7.9,2435.0,0.0,0.0,0.0,0.0,0.0,1072.7,0.0,0.0,0.0,0.0,0.0,0.0,0.0,7.9,0.0
2050-06-28 01:00:00,2050-06-27 23:00:00,2556.8,0.0,0.0,10.1,2567.0,2454.5,2558.0,0.0,1560.2,0.04,0.0669,battery,gas-cc,94.2,1.8,0.18,11.1,710.8,0.04,94.3,32.3,126.6,98.1,1.8,0.18,11.6,740.5,0.04,98.2,33.7,131.9,142.4,2.7,0.27,16.8,1073.5,0.06,142.5,48.8,191.4,393.2,7.4,0.74,46.4,2966.9,0.17,393.6,134.9,528.5,36.76,0.0,0.0,36.76,39.4,0.0,0.0,39.4,0.0,0.0,0.0,4127.2,9.0,3045.5,0.0,0.0,0.0,0.0,0.0,1072.7,0.0,0.0,0.0,0.0,0.0,0.0,0.0,9.0,0.0
2050-06-28 02:00:00,2050-06-28 00:00:00,2296.8,0.0,0.0,8.5,2305.3,2211.0,2302.9,0.0,1305.2,0.0374,0.0601,battery,gas-cc,107.7,2.0,0.2,12.7,812.5,0.05,107.8,36.9,144.7,111.9,2.1,0.21,13.2,844.1,0.05,112.0,38.4,150.4,141.9,2.7,0.27,16.8,1069.6,0.06,142.0,48.7,190.7,378.8,7.1,0.71,44.7,2858.4,0.16,379.2,130.0,509.2,36.76,0.0,0.0,36.76,39.11,0.0,0.0,39.11,0.0,0.0,0.0,3610.6,2.4,2535.4,0.0,0.0,0.0,0.0,0.0,1072.7,0.0,0.0,0.0,0.0,0.0,0.0,0.0,2.4,0.0
2050-06-28 03:00:00,2050-06-28 01:00:00,2103.2,0.0,0.0,7.7,2110.9,2028.5,2107.8,0.0,1190.1,0.0355,0.055,hydro,gas-cc,117.8,2.2,0.22,13.9,888.7,0.05,117.9,40.4,158.3,122.1,2.3,0.23,14.4,921.5,0.05,122.2,41.9,164.1,141.5,2.7,0.27,16.7,1066.7,0.06,141.6,48.5,190.2,376.8,7.1,0.71,44.5,2843.1,0.16,377.2,129.3,506.4,36.76,0.0,0.0,36.76,38.9,0.0,0.0,38.9,0.0,0.0,0.0,3300.9,3.1,2225.2,0.0,0.0,0.0,0.0,0.0,1072.7,0.0,0.0,0.0,0.0,0.0,0.0,0.0,3.1,0.0
2050-06-28 04:00:00,2050-06-28 02:00:00,1951.6,0.0,0.0,9.6,1961.2,1884.9,1959.5,0.0,1480.2,0.0342,0.051,gas-cc,gas-cc,113.0,2.1,0.21,13.3,852.4,0.05,113.1,38.8,151.8,117.0,2.2,0.22,13.8,882.6,0.05,117.1,40.1,157.2,141.4,2.7,0.27,16.7,1066.0,0.06,141.5,48.5,190.0,375.2,7.1,0.71,44.3,2831.2,0.16,375.6,128.7,504.3,36.76,0.0,0.0,36.76,38.74,0.0,0.0,38.74,0.0,0.0,0.0,3441.4,1.7,2367.0,0.0,0.0,0.0,0.0,0.0,1072.7,0.0,0.0,0.0,0.0,0.0,0.0,0.0,1.7,0.0
2050-06-28 05:00:00,2050-06-28 03:00:00,1829.5,0.0,0.0,4.7,1834.2,1768.9,1831.9,0.0,727.7,0.0331,0.0478,gas-cc,gas-cc,151.7,2.9,0.29,17.9,1145.1,0.07,151.9,52.1,204.0,156.9,3.0,0.3,18.5,1184.3,0.07,157.1,53.9,211.0,141.0,2.7,0.27,16.7,1063.3,0.06,141.2,48.4,189.6,373.9,7.0,0.7,44.2,2821.7,0.16,374.3,128.3,502.6,36.76,0.0,0.0,36.76,38.61,0.0,0.0,38.61,0.0,0.0,0.0,2561.9,2.3,1486.9,0.0,0.0,0.0,0.0,0.0,1072.7,0.0,0.0,0.0,0.0,0.0,0.0,0.0,2.3,0.0
2050-06-28 06:00:00,2050-06-28 04:00:00,1775.8,0.0,0.0,5.2,1781.0,1717.7,1780.3,0.0,803.9,0.0327,0.0464,battery,gas-cc,150.4,2.8,0.28,17.8,1134.9,0.07,150.6,51.6,202.2,155.5,2.9,0.29,18.4,1173.3,0.07,155.7,53.4,209.0,140.9,2.7,0.27,16.6,1062.4,0.06,141.1,48.3,189.4,373.4,7.0,0.7,44.1,2817.5,0.16,373.8,128.1,501.9,36.76,0.0,0.0,36.76,38.55,0.0,0.0,38.55,0.0,0.0,0.0,2584.9,0.8,1511.4,0.0,0.0,0.0,0.0,0.0,1072.7,0.0,0.0,0.0,0.0,0.0,0.0,0.0,0.8,0.0
2050-06-28 07:00:00,2050-06-28 05:00:00,1781.1,0.0,0.0,5.3,1786.4,1722.7,175.6,0.0,822.1,0.0328,0.0466,gas-cc,gas-cc,0.0,0.0,0.0,0.0,0.0,0.0,0.0,0.0,0.0,0.0,0.0,0.0,0.0,0.0,0.0,0.0,0.0,0.0,162.2,3.1,0.31,19.2,1223.3,0.07,162.4,55.6,218.0,369.0,7.0,0.7,43.6,2784.3,0.16,369.4,126.6,496.0,23.32,0.0,0.0,23.32,24.46,0.0,0.0,24.46,0.0,0.0,0.0,2608.5,1610.8,997.6,0.0,0.0,0.0,0.0,68.0,0.0,0.0,0.0,0.0,0.0,0.0,0.0,1542.9,0.0,0.0
2050-06-28 08:00:00,2050-06-28 06:00:00,1886.3,2431.9,0.0,0.0,4318.2,1822.9,0.0,0.0,0.0,0.0336,0.0493,upv,upv,0.0,0.0,0.0,0.0,0.0,0.0,0.0,0.0,0.0,0.0,0.0,0.0,0.0,0.0,0.0,0.0,0.0,0.0,140.2,2.6,0.27,16.6,1056.9,0.06,140.3,48.1,188.4,0.0,0.0,0.0,0.0,0.0,0.0,0.0,0.0,0.0,0.0,0.0,0.0,0.0,0.0,0.0,0.0,0.0,0.0,2189.3,2189.3,4318.2,4318.2,0.0,0.0,0.0,0.0,0.0,274.6,0.0,0.0,0.0,0.0,0.0,0.0,0.0,4043.6,0.0,0.0
2050-06-28 09:00:00,2050-06-28 07:00:00,2121.1,3430.2,0.0,0.0,5551.2,2045.4,0.0,0.0,0.0,0.0357,0.0555,upv,upv,0.0,0.0,0.0,0.0,0.0,0.0,0.0,0.0,0.0,0.0,0.0,0.0,0.0,0.0,0.0,0.0,0.0,0.0,140.5,2.7,0.27,16.6,1059.2,0.06,140.6,48.2,188.8,0.0,0.0,0.0,0.0,0.0,0.0,0.0,0.0,0.0,0.0,0.0,0.0,0.0,0.0,0.0,0.0,0.0,0.0,3449.4,3449.4,5551.2,5551.2,0.0,0.0,0.0,0.0,0.0,380.0,0.0,0.0,0.0,0.0,0.0,0.0,0.0,5171.2,0.0,0.0
2050-06-28 10:00:00,2050-06-28 08:00:00,2420.0,4019.6,0.0,0.0,6439.6,2326.6,0.0,0.0,0.0,0.0386,0.0633,upv,upv,0.0,0.0,0.0,0.0,0.0,0.0,0.0,0.0,0.0,0.0,0.0,0.0,0.0,0.0,0.0,0.0,0.0,0.0,140.9,2.7,0.27,16.6,1062.4,0.06,141.1,48.3,189.4,0.0,0.0,0.0,0.0,0.0,0.0,0.0,0.0,0.0,0.0,0.0,0.0,0.0,0.0,0.0,0.0,0.0,0.0,3397.4,3397.4,6439.6,6439.6,0.0,0.0,0.0,0.0,0.0,415.0,0.0,0.0,0.0,0.0,0.0,0.0,0.0,6024.6,0.0,0.0
2050-06-28 11:00:00,2050-06-28 09:00:00,2624.2,3045.5,0.0,0.0,5669.7,2517.3,0.0,0.0,0.0,0.0407,0.0686,upv,upv,0.0,0.0,0.0,0.0,0.0,0.0,0.0,0.0,0.0,0.0,0.0,0.0,0.0,0.0,0.0,0.0,0.0,0.0,141.2,2.7,0.27,16.7,1064.8,0.06,141.4,48.4,189.8,0.0,0.0,0.0,0.0,0.0,0.0,0.0,0.0,0.0,0.0,0.0,0.0,0.0,0.0,0.0,0.0,0.0,0.1,4592.5,4592.5,5669.7,5669.7,0.0,0.0,0.0,0.0,0.0,433.1,0.0,0.0,0.0,0.0,0.0,0.0,0.0,5236.6,0.0,0.0
2050-06-28 12:00:00,2050-06-28 10:00:00,2781.1,3435.1,0.0,0.0,6216.2,2663.1,0.0,0.0,0.0,0.0424,0.0727,upv,upv,0.0,0.0,0.0,0.0,0.0,0.0,0.0,0.0,0.0,0.0,0.0,0.0,0.0,0.0,0.0,0.0,0.0,0.0,141.5,2.7,0.27,16.7,1066.6,0.06,141.6,48.5,190.2,0.0,0.0,0.0,0.0,0.0,0.0,0.0,0.0,0.0,0.0,0.0,0.0,0.0,0.0,0.0,0.0,0.0,1.8,4039.2,4040.9,6216.2,6216.2,0.0,0.0,0.0,0.0,0.0,432.7,0.0,0.0,0.0,0.0,0.0,0.0,0.0,5783.4,0.0,0.0
2050-06-28 13:00:00,2050-06-28 11:00:00,2925.3,3920.7,0.0,0.0,6846.0,2796.5,0.0,0.0,0.0,0.044,0.0765,upv,upv,0.0,0.0,0.0,0.0,0.0,0.0,0.0,0.0,0.0,0.0,0.0,0.0,0.0,0.0,0.0,0.0,0.0,0.0,141.7,2.7,0.27,16.7,1068.4,0.06,141.9,48.6,190.5,0.0,0.0,0.0,0.0,0.0,0.0,0.0,0.0,0.0,0.0,0.0,0.0,0.0,0.0,0.0,0.0,0.0,9.9,3314.9,3324.7,6846.0,6846.0,0.0,0.0,0.0,0.0,0.0,428.7,0.0,0.0,0.0,0.0,0.0,0.0,0.0,6417.3,0.0,0.0
2050-06-28 14:00:00,2050-06-28 12:00:00,2997.9,3825.8,0.0,0.0,6823.7,2863.5,-0.0,0.0,0.0,0.0448,0.0784,upv,upv,0.0,0.0,0.0,0.0,0.0,0.0,0.0,0.0,0.0,0.0,0.0,0.0,0.0,0.0,0.0,0.0,0.0,0.0,141.8,2.7,0.27,16.8,1069.3,0.06,142.0,48.6,190.6,0.0,0.0,0.0,0.0,0.0,0.0,0.0,0.0,0.0,0.0,0.0,0.0,0.0,0.0,0.0,0.0,0.0,0.0,3253.1,3253.1,6823.7,6823.7,0.0,0.0,0.0,0.0,0.0,421.5,0.0,0.0,0.0,0.0,0.0,0.0,0.0,6311.0,91.2,0.0
2050-06-28 15:00:00,2050-06-28 13:00:00,3133.7,3016.4,0.0,0.0,6150.1,2988.4,-0.0,0.0,0.0,0.0464,0.0819,upv,upv,0.0,0.0,0.0,0.0,0.0,0.0,0.0,0.0,0.0,0.0,0.0,0.0,0.0,0.0,0.0,0.0,0.0,0.0,142.1,2.7,0.27,16.8,1071.0,0.06,142.2,48.7,190.9,0.0,0.0,0.0,0.0,0.0,0.0,0.0,0.0,0.0,0.0,0.0,0.0,0.0,0.0,0.0,0.0,0.0,0.0,3341.6,3341.6,6150.1,6150.1,0.0,0.0,0.0,0.0,0.0,396.3,0.0,0.0,0.0,0.0,0.0,0.0,0.0,5647.4,106.4,0.0
2050-06-28 16:00:00,2050-06-28 14:00:00,3298.9,2431.9,0.0,10.7,5741.5,3139.8,-1640.0,0.0,1640.0,0.0482,0.0863,upv,upv,0.0,0.0,0.0,0.0,0.0,0.0,0.0,0.0,0.0,0.0,0.0,0.0,0.0,0.0,0.0,0.0,0.0,0.0,142.3,2.7,0.27,16.8,1073.2,0.06,142.5,48.8,191.3,0.0,0.0,0.0,0.0,0.0,0.0,0.0,0.0,0.0,0.0,0.0,0.0,0.0,0.0,0.0,0.0,0.0,0.0,901.2,901.2,7381.5,7381.5,0.0,0.0,0.0,0.0,0.0,340.0,0.0,0.0,0.0,0.0,0.0,0.0,0.0,6814.7,226.8,0.0
2050-06-28 17:00:00,2050-06-28 15:00:00,3443.2,1609.5,0.0,10.2,5062.8,3271.3,-1567.4,0.0,1567.4,0.0499,0.09,upv,upv,0.0,0.0,0.0,0.0,0.0,0.0,0.0,0.0,0.0,0.0,0.0,0.0,0.0,0.0,0.0,0.0,0.0,0.0,142.6,2.7,0.27,16.8,1075.0,0.06,142.8,48.9,191.7,0.0,0.0,0.0,0.0,0.0,0.0,0.0,0.0,0.0,0.0,0.0,0.0,0.0,0.0,0.0,0.0,0.0,0.0,0.0,0.0,6630.2,6630.2,0.0,0.0,0.0,0.0,0.0,268.5,0.0,0.0,0.0,0.0,0.0,0.0,0.0,6093.9,267.8,0.0
2050-06-28 18:00:00,2050-06-28 16:00:00,3574.7,0.0,0.0,8.7,3583.4,3390.8,-1332.6,0.0,1332.6,0.0515,0.0935,upv,upv,0.0,0.0,0.0,0.0,0.0,0.0,0.0,0.0,0.0,0.0,0.0,0.0,0.0,0.0,0.0,0.0,0.0,0.0,142.8,2.7,0.27,16.9,1076.8,0.06,143.0,49.0,192.0,0.0,0.0,0.0,0.0,0.0,0.0,0.0,0.0,0.0,4.7,0.0,0.0,4.7,5.19,0.0,0.0,5.19,0.0,0.0,0.0,4916.0,4916.0,0.0,0.0,0.0,0.0,0.0,196.7,0.0,0.0,0.0,0.0,0.0,0.0,0.0,4462.2,257.1,0.0
2050-06-28 19:00:00,2050-06-28 17:00:00,3665.3,0.0,0.0,9.2,3674.4,3472.7,795.4,795.4,0.0,0.0525,0.0959,upv,upv,0.0,0.0,0.0,0.0,0.0,0.0,0.0,0.0,0.0,0.0,0.0,0.0,0.1,0.3,0.0,0.0,0.1,0.1,144.7,2.7,0.27,17.1,1091.2,0.06,144.9,49.6,194.5,0.0,0.0,0.0,0.0,0.0,0.0,0.0,0.0,0.0,12.29,0.0,0.0,12.29,13.59,0.0,0.0,13.59,0.0,0.0,0.0,2879.0,2879.0,0.0,0.0,0.0,0.0,0.0,118.3,0.0,0.0,0.0,0.0,0.0,0.0,0.0,2683.4,77.3,0.0
2050-06-28 20:00:00,2050-06-28 18:00:00,3652.6,0.0,0.0,10.7,3663.3,3461.3,2886.2,0.0,1640.0,0.0524,0.0955,battery,gas-cc,73.3,1.4,0.14,8.7,553.2,0.03,73.4,25.2,98.5,77.4,1.5,0.15,9.1,583.8,0.03,77.4,26.5,104.0,143.8,2.7,0.27,17.0,1084.2,0.06,144.0,49.3,193.3,505.0,9.5,0.95,59.7,3811.2,0.22,505.6,173.3,678.9,37.99,0.0,0.0,37.99,42.0,0.0,0.0,42.0,0.0,0.0,0.0,5303.3,777.1,3453.4,0.0,0.0,0.0,0.0,27.9,1072.7,0.0,0.0,0.0,0.0,0.0,0.0,634.1,115.0,0.0
2050-06-28 21:00:00,2050-06-28 19:00:00,3574.7,0.0,0.0,10.0,3584.7,3390.8,3559.0,0.0,1533.4,0.0515,0.0935,gas-cc,gas-cc,76.0,1.4,0.14,9.0,573.2,0.03,76.0,26.1,102.1,80.1,1.5,0.15,9.5,604.3,0.03,80.2,27.5,107.6,144.0,2.7,0.27,17.0,1085.8,0.06,144.2,49.4,193.6,388.1,7.3,0.73,45.8,2928.4,0.17,388.5,133.2,521.6,38.31,954.31,0.0,992.62,42.26,1052.72,0.0,1094.98,0.0,0.0,0.0,5118.1,25.8,4019.6,0.0,0.0,0.0,0.0,0.0,1072.7,0.0,0.0,0.0,0.0,0.0,0.0,0.0,25.8,0.0
2050-06-28 22:00:00,2050-06-28 20:00:00,3430.5,0.0,0.0,7.4,3437.9,3259.8,3373.6,0.0,1134.2,0.0498,0.0897,battery,gas-cc,85.0,1.6,0.16,10.0,641.6,0.04,85.1,29.2,114.3,89.5,1.7,0.17,10.6,675.2,0.04,89.6,30.7,120.3,143.4,2.7,0.27,16.9,1081.0,0.06,143.5,49.2,192.7,435.0,8.2,0.82,51.4,3282.6,0.19,435.5,149.3,584.7,37.99,0.0,0.0,37.99,41.73,0.0,0.0,41.73,0.0,0.0,0.0,4572.1,64.3,3435.1,0.0,0.0,0.0,0.0,0.0,1072.7,0.0,0.0,0.0,0.0,0.0,0.0,0.0,64.3,0.0
2050-06-28 23:00:00,2050-06-28 21:00:00,3160.0,0.0,0.0,6.7,3166.7,3012.6,3081.8,0.0,1036.4,0.0467,0.0826,battery,gas-cc,92.5,1.7,0.17,10.9,698.0,0.04,92.6,31.7,124.3,97.0,1.8,0.18,11.5,732.1,0.04,97.1,33.3,130.4,143.3,2.7,0.27,16.9,1080.1,0.06,143.4,49.1,192.6,431.6,8.1,0.81,51.0,3257.3,0.19,432.1,148.1,580.2,37.99,0.0,0.0,37.99,41.41,0.0,0.0,41.41,0.0,0.0,0.0,4203.1,84.9,3045.5,0.0,0.0,0.0,0.0,0.0,1072.7,0.0,0.0,0.0,0.0,0.0,0.0,0.0,84.9,0.0
2050-06-29 00:00:00,2050-06-28 22:00:00,2775.8,0.0,0.0,10.7,2786.4,2658.2,2718.8,0.0,1640.0,0.0424,0.0726,battery,gas-cc,87.8,1.7,0.17,10.4,662.8,0.04,87.9,30.1,118.1,91.7,1.7,0.17,10.8,692.1,0.04,91.8,31.5,123.3,142.6,2.7,0.27,16.8,1075.0,0.06,142.7,48.9,191.6,492.6,9.3,0.93,58.2,3717.0,0.21,493.1,169.0,662.1,38.84,0.0,0.0,38.84,41.87,0.0,0.0,41.87,0.0,0.0,0.0,4426.4,67.6,3286.0,0.0,0.0,0.0,0.0,0.0,1072.7,0.0,0.0,0.0,0.0,0.0,0.0,0.0,67.6,0.0
2050-06-29 01:00:00,2050-06-28 23:00:00,2469.5,0.0,0.0,10.2,2479.7,2372.9,2448.2,0.0,1566.7,0.0391,0.0646,battery,gas-cc,96.1,1.8,0.18,11.3,725.0,0.04,96.2,33.0,129.1,100.0,1.9,0.19,11.8,754.5,0.04,100.1,34.3,134.4,142.4,2.7,0.27,16.8,1073.2,0.06,142.5,48.8,191.3,406.7,7.7,0.77,48.0,3069.0,0.18,407.1,139.5,546.7,38.84,0.0,0.0,38.84,41.52,0.0,0.0,41.52,0.0,0.0,0.0,4046.3,31.5,2942.1,0.0,0.0,0.0,0.0,0.0,1072.7,0.0,0.0,0.0,0.0,0.0,0.0,0.0,31.5,0.0
2050-06-29 02:00:00,2050-06-29 00:00:00,2198.9,0.0,0.0,7.7,2206.6,2118.9,2172.0,0.0,1181.6,0.0364,0.0575,battery,gas-cc,114.7,2.2,0.22,13.6,865.8,0.05,114.9,39.4,154.2,119.1,2.2,0.22,14.1,898.6,0.05,119.2,40.9,160.1,141.9,2.7,0.27,16.8,1070.0,0.06,142.1,48.7,190.8,403.6,7.6,0.76,47.7,3045.9,0.17,404.1,138.5,542.6,38.84,0.0,0.0,38.84,41.2,0.0,0.0,41.2,0.0,0.0,0.0,3388.2,34.6,2280.9,0.0,0.0,0.0,0.0,0.0,1072.7,0.0,0.0,0.0,0.0,0.0,0.0,0.0,34.6,0.0
2050-06-29 03:00:00,2050-06-29 01:00:00,2010.5,0.0,0.0,2.1,2012.6,1940.8,1969.3,0.0,316.7,0.0347,0.0526,battery,gas-cc,166.9,3.1,0.31,19.7,1259.4,0.07,167.1,57.3,224.3,172.9,3.3,0.33,20.4,1304.7,0.07,173.1,59.3,232.4,141.7,2.7,0.27,16.7,1068.0,0.06,141.8,48.6,190.4,401.5,7.6,0.76,47.4,3030.1,0.17,402.0,137.8,539.8,38.84,0.0,0.0,38.84,40.99,0.0,0.0,40.99,0.0,0.0,0.0,2329.3,43.3,1213.3,0.0,0.0,0.0,0.0,0.0,1072.7,0.0,0.0,0.0,0.0,0.0,0.0,0.0,43.3,0.0
2050-06-29 04:00:00,2050-06-29 02:00:00,1884.2,0.0,0.0,0.6,1884.8,1820.9,1858.3,0.0,87.7,0.0336,0.0493,battery,gas-cc,197.1,3.7,0.37,23.3,1487.3,0.09,197.3,67.6,264.9,203.9,3.8,0.38,24.1,1539.0,0.09,204.2,70.0,274.1,165.9,3.1,0.31,19.6,1251.1,0.07,166.1,56.9,223.0,400.1,7.5,0.75,47.3,3019.6,0.17,400.6,137.3,537.9,38.84,0.0,0.0,38.84,40.85,0.0,0.0,40.85,0.0,0.0,0.0,1972.5,26.5,873.3,0.0,0.0,0.0,0.0,0.0,1072.7,0.0,0.0,0.0,0.0,0.0,0.0,0.0,26.5,0.0
2050-06-29 05:00:00,2050-06-29 03:00:00,1791.6,0.0,0.0,0.0,1791.6,1732.7,1771.9,0.0,0.0,0.0328,0.0469,battery,gas-cc,217.0,4.1,0.41,25.6,1637.5,0.09,217.2,74.5,291.7,224.4,4.2,0.42,26.5,1693.1,0.1,224.6,77.0,301.6,141.3,2.7,0.27,16.7,1065.5,0.06,141.5,48.5,190.0,479.3,9.0,0.9,56.6,3616.6,0.21,479.8,164.4,644.2,38.84,0.0,0.0,38.84,40.74,0.0,0.0,40.74,0.0,0.0,0.0,1791.6,19.6,699.2,0.0,0.0,0.0,0.0,0.0,1072.7,0.0,0.0,0.0,0.0,0.0,0.0,0.0,19.6,0.0
2050-06-29 06:00:00,2050-06-29 04:00:00,1740.0,0.0,0.0,3.9,1743.9,1683.6,1716.3,0.0,599.6,0.0324,0.0455,gas-cc,gas-cc,165.9,3.1,0.31,19.6,1251.9,0.07,166.1,56.9,223.0,171.5,3.2,0.32,20.3,1293.8,0.07,171.6,58.8,230.5,141.0,2.7,0.27,16.7,1063.2,0.06,141.2,48.4,189.5,368.6,6.9,0.69,43.5,2781.2,0.16,369.0,126.5,495.4,38.84,0.0,0.0,38.84,40.69,0.0,0.0,40.69,0.0,0.0,0.0,2343.5,27.6,1243.1,0.0,0.0,0.0,0.0,0.0,1072.7,0.0,0.0,0.0,0.0,0.0,0.0,0.0,27.6,0.0
2050-06-29 07:00:00,2050-06-29 05:00:00,1731.6,0.0,0.0,7.6,1739.2,1675.5,-14.4,341.2,355.6,0.0324,0.0453,wind-ons,wind-ons,0.0,0.0,0.0,0.0,0.0,0.0,0.0,0.0,0.0,0.0,0.0,0.0,0.0,0.0,0.0,0.0,0.0,0.0,140.0,2.6,0.27,16.5,1055.6,0.06,140.2,48.0,188.2,0.0,0.0,0.0,0.0,0.0,0.0,0.0,0.0,0.0,25.11,0.0,0.0,25.11,26.31,0.0,0.0,26.31,0.0,0.0,0.0,1753.6,1753.6,0.0,0.0,0.0,0.0,0.0,72.5,0.0,0.0,0.0,0.0,0.0,0.0,0.0,1646.3,34.8,0.0
2050-06-29 08:00:00,2050-06-29 06:00:00,1843.2,1704.4,0.0,0.0,3547.6,1781.9,0.0,0.0,0.0,0.0332,0.0482,upv,upv,0.0,0.0,0.0,0.0,0.0,0.0,0.0,0.0,0.0,0.0,0.0,0.0,0.0,0.0,0.0,0.0,0.0,0.0,140.1,2.6,0.27,16.6,1056.5,0.06,140.3,48.1,188.4,0.0,0.0,0.0,0.0,0.0,0.0,0.0,0.0,0.0,0.0,0.0,0.0,0.0,0.0,0.0,0.0,0.0,0.0,3292.2,3292.2,3547.6,3547.6,0.0,0.0,0.0,0.0,0.0,287.8,0.0,0.0,0.0,0.0,0.0,0.0,0.0,3241.1,18.6,0.0
2050-06-29 09:00:00,2050-06-29 07:00:00,2095.8,3045.5,0.0,0.0,5141.2,2021.5,0.0,0.0,0.0,0.0354,0.0548,upv,upv,0.0,0.0,0.0,0.0,0.0,0.0,0.0,0.0,0.0,0.0,0.0,0.0,0.0,0.0,0.0,0.0,0.0,0.0,140.5,2.7,0.27,16.6,1058.9,0.06,140.6,48.2,188.8,0.0,0.0,0.0,0.0,0.0,0.0,0.0,0.0,0.0,0.0,0.0,0.0,0.0,0.0,0.0,0.0,0.0,14.1,4473.1,4487.1,5141.2,5141.2,0.0,0.0,0.0,0.0,0.0,405.6,0.0,0.0,0.0,0.0,0.0,0.0,0.0,4735.6,0.0,0.0
2050-06-29 10:00:00,2050-06-29 08:00:00,2394.7,3045.5,0.0,0.0,5440.2,2302.9,0.0,0.0,0.0,0.0384,0.0626,upv,upv,0.0,0.0,0.0,0.0,0.0,0.0,0.0,0.0,0.0,0.0,0.0,0.0,0.0,0.0,0.0,0.0,0.0,0.0,140.9,2.7,0.27,16.6,1062.1,0.06,141.0,48.3,189.4,0.0,0.0,0.0,0.0,0.0,0.0,0.0,0.0,0.0,0.0,0.0,0.0,0.0,0.0,0.0,0.0,0.0,0.0,4872.1,4872.1,5440.2,5440.2,0.0,0.0,0.0,0.0,0.0,434.1,0.0,0.0,0.0,0.0,0.0,0.0,0.0,4982.8,23.2,0.0
2050-06-29 11:00:00,2050-06-29 09:00:00,2613.7,3406.0,0.0,0.0,6019.7,2507.5,-0.0,0.0,0.0,0.0406,0.0684,upv,upv,0.0,0.0,0.0,0.0,0.0,0.0,0.0,0.0,0.0,0.0,0.0,0.0,0.0,0.0,0.0,0.0,0.0,0.0,141.3,2.7,0.27,16.7,1065.5,0.06,141.5,48.5,189.9,0.0,0.0,0.0,0.0,0.0,0.0,0.0,0.0,0.0,0.0,0.0,0.0,0.0,0.0,0.0,0.0,0.0,0.0,4321.5,4321.5,6019.7,6019.7,0.0,0.0,0.0,0.0,0.0,435.2,0.0,0.0,0.0,0.0,0.0,0.0,0.0,5552.8,31.7,0.0
2050-06-29 12:00:00,2050-06-29 10:00:00,2750.5,2950.5,0.0,0.0,5701.0,2634.7,0.0,0.0,0.0,0.0421,0.0719,upv,upv,0.0,0.0,0.0,0.0,0.0,0.0,0.0,0.0,0.0,0.0,0.0,0.0,0.0,0.0,0.0,0.0,0.0,0.0,141.4,2.7,0.27,16.7,1066.3,0.06,141.6,48.5,190.1,0.0,0.0,0.0,0.0,0.0,0.0,0.0,0.0,0.0,0.0,0.0,0.0,0.0,0.0,0.0,0.0,0.0,0.0,4636.9,4636.9,5701.0,5701.0,0.0,0.0,0.0,0.0,0.0,434.9,0.0,0.0,0.0,0.0,0.0,0.0,0.0,5230.9,35.2,0.0
2050-06-29 13:00:00,2050-06-29 11:00:00,2884.2,3406.0,0.0,0.0,6290.2,2758.6,-0.0,0.0,0.0,0.0436,0.0754,upv,upv,0.0,0.0,0.0,0.0,0.0,0.0,0.0,0.0,0.0,0.0,0.0,0.0,0.0,0.0,0.0,0.0,0.0,0.0,141.7,2.7,0.27,16.7,1067.9,0.06,141.8,48.6,190.4,0.0,0.0,0.0,0.0,0.0,0.0,0.0,0.0,0.0,0.0,0.0,0.0,0.0,0.0,0.0,0.0,0.0,0.0,4056.3,4056.3,6290.2,6290.2,0.0,0.0,0.0,0.0,0.0,434.9,0.0,0.0,0.0,0.0,0.0,0.0,0.0,5811.6,43.8,0.0
2050-06-29 14:00:00,2050-06-29 12:00:00,2956.8,2821.5,0.0,0.0,5778.4,2825.7,0.0,0.0,0.0,0.0444,0.0773,upv,upv,0.0,0.0,0.0,0.0,0.0,0.0,0.0,0.0,0.0,0.0,0.0,0.0,0.0,0.0,0.0,0.0,0.0,0.0,141.8,2.7,0.27,16.8,1068.8,0.06,141.9,48.6,190.5,0.0,0.0,0.0,0.0,0.0,0.0,0.0,0.0,0.0,0.0,0.0,0.0,0.0,0.0,0.0,0.0,0.0,0.0,4563.5,4563.5,5778.4,5778.4,0.0,0.0,0.0,0.0,0.0,434.5,0.0,0.0,0.0,0.0,0.0,0.0,0.0,5297.9,46.0,0.0
2050-06-29 15:00:00,2050-06-29 13:00:00,3090.5,3981.7,0.0,0.0,7072.2,2948.8,0.0,0.0,0.0,0.0459,0.0808,upv,upv,0.0,0.0,0.0,0.0,0.0,0.0,0.0,0.0,0.0,0.0,0.0,0.0,0.0,0.0,0.0,0.0,0.0,0.0,142.0,2.7,0.27,16.8,1070.5,0.06,142.1,48.7,190.8,0.0,0.0,0.0,0.0,0.0,0.0,0.0,0.0,0.0,0.0,0.0,0.0,0.0,0.0,0.0,0.0,0.0,0.0,3240.7,3240.7,7072.2,7072.2,0.0,0.0,0.0,0.0,0.0,433.1,0.0,0.0,0.0,0.0,0.0,0.0,0.0,6588.4,50.8,0.0
2050-06-29 16:00:00,2050-06-29 14:00:00,3224.2,3825.8,0.0,0.0,7050.0,3071.4,0.0,0.0,0.0,0.0474,0.0843,upv,upv,0.0,0.0,0.0,0.0,0.0,0.0,0.0,0.0,0.0,0.0,0.0,0.0,0.0,0.0,0.0,0.0,0.0,0.0,142.2,2.7,0.27,16.8,1072.2,0.06,142.4,48.8,191.1,0.0,0.0,0.0,0.0,0.0,0.0,0.0,0.0,0.0,0.0,0.0,0.0,0.0,0.0,0.0,0.0,0.0,0.0,3005.0,3005.0,7050.0,7050.0,0.0,0.0,0.0,0.0,0.0,421.9,0.0,0.0,0.0,0.0,0.0,0.0,0.0,6565.6,62.5,0.0
2050-06-29 17:00:00,2050-06-29 15:00:00,3384.2,707.6,0.0,0.0,4091.8,3217.6,0.0,0.0,0.0,0.0492,0.0885,upv,upv,0.0,0.0,0.0,0.0,0.0,0.0,0.0,0.0,0.0,0.0,0.0,0.0,0.0,0.0,0.0,0.0,0.0,0.0,142.7,2.7,0.27,16.9,1075.6,0.06,142.8,48.9,191.8,0.0,0.0,0.0,0.0,0.0,0.0,0.0,0.0,0.0,0.0,0.0,0.0,0.0,0.0,0.0,0.0,0.0,0.0,5389.4,5389.4,4091.8,4091.8,0.0,0.0,0.0,0.0,0.0,397.0,0.0,0.0,0.0,0.0,0.0,0.0,0.0,3619.0,75.8,0.0
2050-06-29 18:00:00,2050-06-29 16:00:00,3562.1,2272.0,0.0,10.7,5844.8,3379.3,-1640.0,0.0,1640.0,0.0513,0.0932,upv,upv,0.0,0.0,0.0,0.0,0.0,0.0,0.0,0.0,0.0,0.0,0.0,0.0,0.0,0.0,0.0,0.0,0.0,0.0,143.2,2.7,0.27,16.9,1079.8,0.06,143.4,49.1,192.5,0.0,0.0,0.0,0.0,0.0,0.0,0.0,0.0,0.0,0.0,0.0,0.0,0.0,0.0,0.0,0.0,0.0,0.0,476.4,476.4,7484.7,7484.7,0.0,0.0,0.0,0.0,0.0,330.0,0.0,0.0,0.0,0.0,0.0,0.0,0.0,7013.3,141.4,0.0
2050-06-29 19:00:00,2050-06-29 17:00:00,3695.8,0.0,0.0,8.8,3704.6,3500.3,-1350.5,0.0,1350.5,0.0529,0.0966,hydro,hydro,0.0,0.0,0.0,0.0,0.0,0.0,0.0,0.0,0.0,0.0,0.0,0.0,0.0,0.0,0.0,0.0,0.0,0.0,143.1,2.7,0.27,16.9,1078.6,0.06,143.2,49.1,192.3,0.0,0.0,0.0,0.0,0.0,0.0,0.0,0.0,0.0,4.93,0.0,0.0,4.93,5.46,0.0,0.0,5.46,0.0,0.0,0.0,5055.1,5055.1,0.0,0.0,0.0,0.0,0.0,203.9,0.0,0.0,0.0,0.0,0.0,0.0,0.0,4627.0,224.2,0.0
2050-06-29 20:00:00,2050-06-29 18:00:00,3757.9,0.0,0.0,6.6,3764.5,3556.4,2513.4,0.0,1020.3,0.0536,0.0983,battery,gas-cc,81.2,1.5,0.15,9.6,613.1,0.04,81.3,27.9,109.2,85.9,1.6,0.16,10.1,647.9,0.04,85.9,29.5,115.4,144.2,2.7,0.27,17.0,1086.8,0.06,144.3,49.4,193.8,506.6,9.5,0.95,59.8,3822.8,0.22,507.1,173.8,681.0,38.84,0.0,0.0,38.84,43.07,0.0,0.0,43.07,0.0,0.0,0.0,4784.9,1251.1,2461.0,0.0,0.0,0.0,0.0,47.3,1072.7,0.0,0.0,0.0,0.0,0.0,0.0,1073.5,130.3,0.0
2050-06-29 21:00:00,2050-06-29 19:00:00,3670.5,0.0,0.0,10.5,3681.0,3477.5,3481.8,0.0,1610.5,0.0526,0.096,gas-cc,gas-cc,73.5,1.4,0.14,8.7,554.4,0.03,73.5,25.2,98.8,77.5,1.5,0.15,9.2,585.2,0.03,77.6,26.6,104.2,144.2,2.7,0.27,17.0,1087.4,0.06,144.4,49.5,193.9,423.2,8.0,0.8,50.0,3193.4,0.18,423.6,145.2,568.8,49.25,2658.53,0.0,2707.78,54.48,2940.82,0.0,2995.3,0.0,0.0,0.0,5291.5,199.2,4019.6,0.0,0.0,0.0,0.0,0.0,1072.7,0.0,0.0,0.0,0.0,0.0,0.0,0.0,199.2,0.0
2050-06-29 22:00:00,2050-06-29 20:00:00,3556.8,0.0,0.0,10.7,3567.5,3374.6,3399.6,0.0,1640.0,0.0512,0.093,battery,gas-cc,74.7,1.4,0.14,8.8,563.4,0.03,74.7,25.6,100.4,78.7,1.5,0.15,9.3,593.8,0.03,78.8,27.0,105.8,144.0,2.7,0.27,17.0,1085.9,0.06,144.2,49.4,193.6,503.7,9.5,0.95,59.5,3800.7,0.22,504.2,172.8,677.0,38.84,677.82,0.0,716.65,42.82,747.33,0.0,790.15,0.0,0.0,0.0,5207.5,167.9,3966.9,0.0,0.0,0.0,0.0,0.0,1072.7,0.0,0.0,0.0,0.0,0.0,0.0,0.0,167.9,0.0
2050-06-29 23:00:00,2050-06-29 21:00:00,3255.8,0.0,0.0,10.7,3266.4,3100.3,3067.5,0.0,1640.0,0.0477,0.0851,battery,gas-cc,79.2,1.5,0.15,9.4,597.9,0.03,79.3,27.2,106.5,83.2,1.6,0.16,9.8,627.9,0.04,83.3,28.6,111.8,143.5,2.7,0.27,17.0,1081.8,0.06,143.6,49.2,192.9,499.3,9.4,0.94,59.0,3768.0,0.22,499.9,171.3,671.2,38.84,0.0,0.0,38.84,42.45,0.0,0.0,42.45,0.0,0.0,0.0,4906.4,198.9,3634.8,0.0,0.0,0.0,0.0,0.0,1072.7,0.0,0.0,0.0,0.0,0.0,0.0,0.0,198.9,0.0
2050-06-30 00:00:00,2050-06-29 22:00:00,2930.5,0.0,0.0,10.7,2941.2,2801.4,2725.7,0.0,1640.0,0.0441,0.0766,battery,gas-cc,84.9,1.6,0.16,10.0,640.4,0.04,85.0,29.1,114.1,88.8,1.7,0.17,10.5,669.9,0.04,88.9,30.5,119.3,249.8,4.7,0.47,29.5,1884.2,0.11,250.0,85.7,335.7,408.8,7.7,0.77,48.3,3085.1,0.18,409.3,140.3,549.5,40.04,0.0,0.0,40.04,43.36,0.0,0.0,43.36,0.0,0.0,0.0,4581.2,215.4,3293.0,0.0,0.0,0.0,0.0,0.0,1072.7,0.0,0.0,0.0,0.0,0.0,0.0,0.0,215.4,0.0
2050-06-30 01:00:00,2050-06-29 23:00:00,2626.3,0.0,0.0,10.7,2637.0,2519.3,2440.0,0.0,1640.0,0.0408,0.0687,battery,gas-cc,90.9,1.7,0.17,10.7,685.9,0.04,91.0,31.2,122.2,94.8,1.8,0.18,11.2,715.1,0.04,94.9,32.5,127.4,150.4,2.8,0.28,17.8,1133.8,0.07,150.5,51.6,202.1,405.3,7.6,0.76,47.9,3058.7,0.18,405.8,139.1,544.9,40.04,0.0,0.0,40.04,42.99,0.0,0.0,42.99,0.0,0.0,0.0,4276.9,197.0,3007.2,0.0,0.0,0.0,0.0,0.0,1072.7,0.0,0.0,0.0,0.0,0.0,0.0,0.0,197.0,0.0
2050-06-30 02:00:00,2050-06-30 00:00:00,2340.0,0.0,0.0,8.1,2348.1,2251.5,2198.3,0.0,1243.9,0.0378,0.0612,battery,gas-cc,108.2,2.0,0.2,12.8,816.7,0.05,108.3,37.1,145.5,112.5,2.1,0.21,13.3,848.8,0.05,112.6,38.6,151.2,181.6,3.4,0.34,21.4,1369.2,0.08,181.8,62.3,244.0,427.1,8.0,0.8,50.5,3222.8,0.19,427.5,146.5,574.1,40.04,0.0,0.0,40.04,42.65,0.0,0.0,42.65,0.0,0.0,0.0,3592.0,149.8,2369.4,0.0,0.0,0.0,0.0,0.0,1072.7,0.0,0.0,0.0,0.0,0.0,0.0,0.0,149.8,0.0
2050-06-30 03:00:00,2050-06-30 01:00:00,2149.5,0.0,0.0,3.3,2152.7,2072.2,2023.1,0.0,501.6,0.0359,0.0562,battery,gas-cc,146.5,2.8,0.28,17.3,1105.2,0.06,146.6,50.3,196.9,151.9,2.9,0.29,17.9,1146.4,0.07,152.1,52.1,204.2,141.8,2.7,0.27,16.8,1068.9,0.06,141.9,48.6,190.6,405.3,7.6,0.76,47.9,3058.8,0.18,405.8,139.1,544.9,40.04,0.0,0.0,40.04,42.42,0.0,0.0,42.42,0.0,0.0,0.0,2654.4,129.6,1452.0,0.0,0.0,0.0,0.0,0.0,1072.7,0.0,0.0,0.0,0.0,0.0,0.0,0.0,129.6,0.0
2050-06-30 04:00:00,2050-06-30 02:00:00,2010.5,0.0,0.0,0.0,2010.5,1940.8,1886.4,0.0,0.0,0.0347,0.0526,battery,gas-cc,193.4,3.6,0.36,22.8,1459.1,0.08,193.6,66.3,259.9,200.3,3.8,0.38,23.7,1511.6,0.09,200.5,68.7,269.3,193.4,3.6,0.37,22.9,1459.0,0.08,193.7,66.4,260.0,398.4,7.5,0.75,47.1,3006.8,0.17,398.9,136.7,535.6,40.04,0.0,0.0,40.04,42.26,0.0,0.0,42.26,0.0,0.0,0.0,2010.5,124.1,813.7,0.0,0.0,0.0,0.0,0.0,1072.7,0.0,0.0,0.0,0.0,0.0,0.0,0.0,124.1,0.0
2050-06-30 05:00:00,2050-06-30 03:00:00,1896.8,0.0,0.0,0.0,1896.8,1832.9,1819.4,0.0,0.0,0.0337,0.0496,battery,gas-cc,205.0,3.9,0.39,24.2,1546.6,0.09,205.2,70.3,275.5,212.1,4.0,0.4,25.1,1600.5,0.09,212.3,72.8,285.1,195.3,3.7,0.37,23.1,1473.4,0.08,195.6,67.0,262.6,397.2,7.5,0.75,46.9,2997.4,0.17,397.6,136.3,533.9,40.04,0.0,0.0,40.04,42.13,0.0,0.0,42.13,0.0,0.0,0.0,1896.8,77.4,746.7,0.0,0.0,0.0,0.0,0.0,1072.7,0.0,0.0,0.0,0.0,0.0,0.0,0.0,77.4,0.0
2050-06-30 06:00:00,2050-06-30 04:00:00,1829.5,0.0,0.0,0.0,1829.5,1768.9,1800.1,0.0,0.0,0.0331,0.0478,battery,gas-cc,212.5,4.0,0.4,25.1,1603.6,0.09,212.7,72.9,285.6,219.8,4.1,0.41,26.0,1658.5,0.1,220.0,75.4,295.4,141.1,2.7,0.27,16.7,1064.1,0.06,141.3,48.4,189.7,457.7,8.6,0.86,54.1,3453.7,0.2,458.2,157.0,615.2,39.75,0.0,0.0,39.75,41.74,0.0,0.0,41.74,0.0,0.0,0.0,1829.5,29.3,727.4,0.0,0.0,0.0,0.0,0.0,1072.7,0.0,0.0,0.0,0.0,0.0,0.0,0.0,29.3,0.0
2050-06-30 07:00:00,2050-06-30 05:00:00,1796.8,0.0,0.0,5.6,1802.4,1737.8,358.1,358.1,0.0,0.0329,0.047,gas-cc,gas-cc,0.0,0.0,0.0,0.0,0.0,0.0,0.0,0.0,0.0,0.0,0.0,0.0,0.0,0.0,0.0,0.0,0.0,0.0,143.8,2.7,0.27,17.0,1083.8,0.06,143.9,49.3,193.2,369.1,7.0,0.7,43.6,2785.5,0.16,369.5,126.7,496.2,26.76,0.0,0.0,26.76,28.08,0.0,0.0,28.08,0.0,0.0,0.0,1444.3,1444.3,0.0,0.0,0.0,0.0,0.0,59.9,0.0,0.0,0.0,0.0,0.0,0.0,0.0,1359.5,24.9,0.0
2050-06-30 08:00:00,2050-06-30 06:00:00,1894.7,3440.9,0.0,0.0,5335.7,1830.9,0.0,0.0,0.0,0.0337,0.0495,upv,upv,0.0,0.0,0.0,0.0,0.0,0.0,0.0,0.0,0.0,0.0,0.0,0.0,0.0,0.0,0.0,0.0,0.0,0.0,140.2,2.6,0.27,16.6,1057.0,0.06,140.4,48.1,188.4,0.0,0.0,0.0,0.0,0.0,0.0,0.0,0.0,0.0,0.0,0.0,0.0,0.0,0.0,0.0,0.0,0.0,6.4,510.5,516.9,5335.7,5335.7,0.0,0.0,0.0,0.0,0.0,0.0,0.0,0.0,0.0,0.0,0.0,0.0,0.0,5335.7,0.0,0.0
2050-06-30 09:00:00,2050-06-30 07:00:00,2129.5,1773.0,0.0,0.0,3902.5,2053.3,0.0,0.0,0.0,0.0358,0.0557,upv,upv,0.0,0.0,0.0,0.0,0.0,0.0,0.0,0.0,0.0,0.0,0.0,0.0,0.0,0.0,0.0,0.0,0.0,0.0,140.5,2.7,0.27,16.6,1059.3,0.06,140.7,48.2,188.8,0.0,0.0,0.0,0.0,0.0,0.0,0.0,0.0,0.0,0.0,0.0,0.0,0.0,0.0,0.0,0.0,0.0,1.6,4699.9,4701.5,3902.5,3902.5,0.0,0.0,0.0,0.0,0.0,363.1,0.0,0.0,0.0,0.0,0.0,0.0,0.0,3539.4,0.0,0.0
2050-06-30 10:00:00,2050-06-30 08:00:00,2423.2,3795.7,0.0,0.0,6218.8,2329.5,0.0,0.0,0.0,0.0386,0.0634,upv,upv,0.0,0.0,0.0,0.0,0.0,0.0,0.0,0.0,0.0,0.0,0.0,0.0,0.0,0.0,0.0,0.0,0.0,0.0,140.9,2.7,0.27,16.7,1062.4,0.06,141.1,48.3,189.4,0.0,0.0,0.0,0.0,0.0,0.0,0.0,0.0,0.0,0.0,0.0,0.0,0.0,0.0,0.0,0.0,0.0,0.0,3335.5,3335.5,6218.8,6218.8,0.0,0.0,0.0,0.0,0.0,400.9,0.0,0.0,0.0,0.0,0.0,0.0,0.0,5763.3,54.6,0.0
2050-06-30 11:00:00,2050-06-30 09:00:00,2636.8,2431.9,0.0,0.0,5068.7,2529.1,0.0,0.0,0.0,0.0409,0.069,upv,upv,0.0,0.0,0.0,0.0,0.0,0.0,0.0,0.0,0.0,0.0,0.0,0.0,0.0,0.0,0.0,0.0,0.0,0.0,141.3,2.7,0.27,16.7,1064.9,0.06,141.4,48.4,189.8,0.0,0.0,0.0,0.0,0.0,0.0,0.0,0.0,0.0,0.0,0.0,0.0,0.0,0.0,0.0,0.0,0.0,0.0,5282.3,5282.3,5068.7,5068.7,0.0,0.0,0.0,0.0,0.0,434.5,0.0,0.0,0.0,0.0,0.0,0.0,0.0,4579.0,55.2,0.0
2050-06-30 12:00:00,2050-06-30 10:00:00,2770.5,3399.3,0.0,0.0,6169.8,2653.3,0.0,0.0,0.0,0.0423,0.0725,upv,upv,0.0,0.0,0.0,0.0,0.0,0.0,0.0,0.0,0.0,0.0,0.0,0.0,0.0,0.0,0.0,0.0,0.0,0.0,141.5,2.7,0.27,16.7,1066.5,0.06,141.6,48.5,190.1,0.0,0.0,0.0,0.0,0.0,0.0,0.0,0.0,0.0,0.0,0.0,0.0,0.0,0.0,0.0,0.0,0.0,0.0,4210.1,4210.1,6169.8,6169.8,0.0,0.0,0.0,0.0,0.0,434.5,0.0,0.0,0.0,0.0,0.0,0.0,0.0,5651.3,84.1,0.0
2050-06-30 13:00:00,2050-06-30 11:00:00,2894.7,3953.7,0.0,0.0,6848.4,2768.3,-0.0,0.0,0.0,0.0437,0.0757,upv,upv,0.0,0.0,0.0,0.0,0.0,0.0,0.0,0.0,0.0,0.0,0.0,0.0,0.0,0.0,0.0,0.0,0.0,0.0,141.7,2.7,0.27,16.7,1068.0,0.06,141.8,48.6,190.4,0.0,0.0,0.0,0.0,0.0,0.0,0.0,0.0,0.0,0.0,0.0,0.0,0.0,0.0,0.0,0.0,0.0,0.0,3504.1,3504.1,6848.4,6848.4,0.0,0.0,0.0,0.0,0.0,435.2,0.0,0.0,0.0,0.0,0.0,0.0,0.0,6370.2,43.0,0.0
2050-06-30 14:00:00,2050-06-30 12:00:00,2951.6,3824.8,0.0,0.0,6776.3,2820.8,0.0,0.0,0.0,0.0443,0.0772,upv,upv,0.0,0.0,0.0,0.0,0.0,0.0,0.0,0.0,0.0,0.0,0.0,0.0,0.0,0.0,0.0,0.0,0.0,0.0,141.8,2.7,0.27,16.7,1068.7,0.06,141.9,48.6,190.5,0.0,0.0,0.0,0.0,0.0,0.0,0.0,0.0,0.0,0.0,0.0,0.0,0.0,0.0,0.0,0.0,0.0,0.0,3568.3,3568.3,6776.3,6776.3,0.0,0.0,0.0,0.0,0.0,435.2,0.0,0.0,0.0,0.0,0.0,0.0,0.0,6306.0,35.1,0.0
2050-06-30 15:00:00,2050-06-30 13:00:00,3090.5,2655.8,0.0,0.0,5746.3,2948.8,0.0,0.0,0.0,0.0459,0.0808,upv,upv,0.0,0.0,0.0,0.0,0.0,0.0,0.0,0.0,0.0,0.0,0.0,0.0,0.0,0.0,0.0,0.0,0.0,0.0,142.0,2.7,0.27,16.8,1070.5,0.06,142.1,48.7,190.8,0.0,0.0,0.0,0.0,0.0,0.0,0.0,0.0,0.0,0.0,0.0,0.0,0.0,0.0,0.0,0.0,0.0,0.0,4589.7,4589.7,5746.3,5746.3,0.0,0.0,0.0,0.0,0.0,435.2,0.0,0.0,0.0,0.0,0.0,0.0,0.0,5284.6,26.5,0.0
2050-06-30 16:00:00,2050-06-30 14:00:00,3218.9,2431.9,0.0,0.0,5650.8,3066.6,0.0,0.0,0.0,0.0473,0.0842,upv,upv,0.0,0.0,0.0,0.0,0.0,0.0,0.0,0.0,0.0,0.0,0.0,0.0,0.0,0.0,0.0,0.0,0.0,0.0,142.2,2.7,0.27,16.8,1072.1,0.06,142.4,48.8,191.1,0.0,0.0,0.0,0.0,0.0,0.0,0.0,0.0,0.0,0.0,0.0,0.0,0.0,0.0,0.0,0.0,0.0,0.0,4688.8,4688.8,5650.8,5650.8,0.0,0.0,0.0,0.0,0.0,434.9,0.0,0.0,0.0,0.0,0.0,0.0,0.0,5179.1,36.9,0.0
2050-06-30 17:00:00,2050-06-30 15:00:00,3384.2,2650.9,0.0,0.0,6035.1,3217.6,0.0,0.0,0.0,0.0492,0.0885,upv,upv,0.0,0.0,0.0,0.0,0.0,0.0,0.0,0.0,0.0,0.0,0.0,0.0,0.0,0.0,0.0,0.0,0.0,0.0,142.5,2.7,0.27,16.8,1074.3,0.06,142.7,48.9,191.5,0.0,0.0,0.0,0.0,0.0,0.0,0.0,0.0,0.0,0.0,0.0,0.0,0.0,0.0,0.0,0.0,0.0,0.0,4133.0,4133.0,6035.1,6035.1,0.0,0.0,0.0,0.0,0.0,426.6,0.0,0.0,0.0,0.0,0.0,0.0,0.0,5547.4,61.1,0.0
2050-06-30 18:00:00,2050-06-30 16:00:00,3538.9,613.7,0.0,0.0,4152.7,3358.3,0.0,0.0,0.0,0.051,0.0925,upv,upv,0.0,0.0,0.0,0.0,0.0,0.0,0.0,0.0,0.0,0.0,0.0,0.0,0.0,0.0,0.0,0.0,0.0,0.0,142.9,2.7,0.27,16.9,1077.2,0.06,143.0,49.0,192.0,0.0,0.0,0.0,0.0,0.0,0.0,0.0,0.0,0.0,0.0,0.0,0.0,0.0,0.0,0.0,0.0,0.0,0.0,5201.7,5201.7,4152.7,4152.7,0.0,0.0,0.0,0.0,0.0,388.0,0.0,0.0,0.0,0.0,0.0,0.0,0.0,3606.3,158.4,0.0
2050-06-30 19:00:00,2050-06-30 17:00:00,3706.3,194.8,0.0,28.9,3930.0,3509.8,-2816.0,0.0,2816.0,0.053,0.0969,upv,upv,0.0,0.0,0.0,0.0,0.0,0.0,0.0,0.0,0.0,0.0,0.0,0.0,0.0,0.0,0.0,0.0,0.0,0.0,143.2,2.7,0.27,16.9,1079.2,0.06,143.3,49.1,192.4,0.0,0.0,0.0,0.0,0.0,0.0,0.0,0.0,0.0,0.0,0.0,0.0,0.0,0.0,0.0,0.0,0.0,0.0,36.8,36.8,6746.0,6746.0,0.0,0.0,0.0,0.0,0.0,278.4,0.0,0.0,0.0,0.0,0.0,0.0,0.0,6280.1,187.6,0.0
2050-06-30 20:00:00,2050-06-30 18:00:00,3778.9,0.0,0.0,10.7,3789.6,3575.4,1846.6,0.0,1640.0,0.0539,0.0988,battery,gas-cc,71.6,1.3,0.13,8.5,540.3,0.03,71.7,24.6,96.2,75.7,1.4,0.14,8.9,571.1,0.03,75.8,26.0,101.7,143.8,2.7,0.27,17.0,1083.8,0.06,143.9,49.3,193.2,506.9,9.6,0.96,59.9,3825.2,0.22,507.4,173.9,681.4,38.84,0.0,0.0,38.84,43.1,0.0,0.0,43.1,0.0,0.0,0.0,5429.6,1943.0,2413.8,0.0,0.0,0.0,0.0,73.8,1072.7,0.0,0.0,0.0,0.0,0.0,0.0,1675.3,193.8,0.0
2050-06-30 21:00:00,2050-06-30 19:00:00,3675.8,0.0,0.0,10.6,3686.4,3482.3,3465.0,0.0,1627.3,0.0526,0.0961,hydro,gas-cc,73.2,1.4,0.14,8.6,552.1,0.03,73.2,25.1,98.3,77.2,1.5,0.15,9.1,582.8,0.03,77.3,26.5,103.8,144.3,2.7,0.27,17.0,1087.8,0.06,144.4,49.5,193.9,486.5,9.2,0.92,57.5,3671.6,0.21,487.1,166.9,654.0,60.1,1124.86,0.0,1184.96,66.49,1244.49,0.0,1310.98,0.0,0.0,0.0,5313.6,221.3,4019.6,0.0,0.0,0.0,0.0,0.0,1072.7,0.0,0.0,0.0,0.0,0.0,0.0,0.0,221.3,0.0
2050-06-30 22:00:00,2050-06-30 20:00:00,3549.5,0.0,0.0,10.7,3560.1,3367.9,3332.1,0.0,1640.0,0.0512,0.0928,battery,gas-cc,74.8,1.4,0.14,8.8,564.2,0.03,74.8,25.7,100.5,78.8,1.5,0.15,9.3,594.6,0.03,78.9,27.0,105.9,144.0,2.7,0.27,17.0,1085.4,0.06,144.1,49.4,193.5,416.1,7.8,0.78,49.2,3140.1,0.18,416.6,142.8,559.4,46.14,125.2,0.0,171.34,50.86,138.01,0.0,188.87,0.0,0.0,0.0,5200.1,228.0,3899.3,0.0,0.0,0.0,0.0,0.0,1072.7,0.0,0.0,0.0,0.0,0.0,0.0,0.0,228.0,0.0
2050-06-30 23:00:00,2050-06-30 21:00:00,3257.9,0.0,0.0,10.7,3268.6,3102.3,3049.1,0.0,1640.0,0.0478,0.0852,battery,gas-cc,79.2,1.5,0.15,9.4,597.7,0.03,79.3,27.2,106.5,83.2,1.6,0.16,9.8,627.7,0.04,83.3,28.5,111.8,143.6,2.7,0.27,17.0,1082.4,0.06,143.7,49.2,193.0,499.3,9.4,0.94,59.0,3768.2,0.22,499.9,171.3,671.2,38.84,0.0,0.0,38.84,42.46,0.0,0.0,42.46,0.0,0.0,0.0,4908.5,219.4,3616.4,0.0,0.0,0.0,0.0,0.0,1072.7,0.0,0.0,0.0,0.0,0.0,0.0,0.0,219.4,0.0
2050-07-01 00:00:00,2050-06-30 22:00:00,2932.6,0.0,0.0,10.7,2943.3,2803.3,2742.2,0.0,1640.0,0.0441,0.0767,battery,gas-cc,84.8,1.6,0.16,10.0,640.1,0.04,84.9,29.1,114.0,89.4,1.7,0.17,10.6,674.4,0.04,89.5,30.7,120.1,147.5,2.8,0.28,17.4,1112.0,0.06,147.7,50.6,198.2,408.9,7.7,0.77,48.3,3085.3,0.18,409.3,140.3,549.6,41.69,0.0,0.0,41.69,45.15,0.0,0.0,45.15,0.0,0.0,0.0,4583.3,201.1,3309.4,0.0,0.0,0.0,0.0,0.0,1072.7,0.0,0.0,0.0,0.0,0.0,0.0,0.0,201.1,0.0
2050-07-01 01:00:00,2050-06-30 23:00:00,2631.6,0.0,0.0,10.7,2642.2,2524.2,2461.2,0.0,1640.0,0.0408,0.0688,battery,gas-cc,90.8,1.7,0.17,10.7,685.1,0.04,90.9,31.2,122.0,95.3,1.8,0.18,11.3,718.9,0.04,95.4,32.7,128.1,146.8,2.8,0.28,17.3,1106.6,0.06,146.9,50.3,197.3,405.4,7.6,0.76,47.9,3059.2,0.18,405.8,139.1,544.9,41.69,0.0,0.0,41.69,44.77,0.0,0.0,44.77,0.0,0.0,0.0,4282.2,181.0,3028.5,0.0,0.0,0.0,0.0,0.0,1072.7,0.0,0.0,0.0,0.0,0.0,0.0,0.0,181.0,0.0
2050-07-01 02:00:00,2050-07-01 00:00:00,2361.1,0.0,0.0,10.7,2371.7,2271.3,2212.7,0.0,1640.0,0.038,0.0617,battery,gas-cc,96.9,1.8,0.18,11.4,731.3,0.04,97.0,33.3,130.3,101.3,1.9,0.19,12.0,764.7,0.04,101.4,34.8,136.2,147.1,2.8,0.28,17.4,1108.6,0.06,147.2,50.4,197.6,402.3,7.6,0.76,47.5,3036.1,0.17,402.8,138.1,540.8,41.69,0.0,0.0,41.69,44.43,0.0,0.0,44.43,0.0,0.0,0.0,4011.7,159.0,2779.9,0.0,0.0,0.0,0.0,0.0,1072.7,0.0,0.0,0.0,0.0,0.0,0.0,0.0,159.0,0.0
2050-07-01 03:00:00,2050-07-01 01:00:00,2136.8,0.0,0.0,4.8,2141.6,2060.3,1998.3,0.0,734.7,0.0358,0.0559,battery,gas-cc,135.2,2.5,0.25,16.0,1019.9,0.06,135.3,46.4,181.7,140.7,2.7,0.27,16.6,1061.6,0.06,140.8,48.3,189.1,182.5,3.4,0.34,21.6,1376.6,0.08,182.7,62.6,245.3,502.6,9.5,0.95,59.4,3793.0,0.22,503.2,172.5,675.6,41.69,0.0,0.0,41.69,44.16,0.0,0.0,44.16,0.0,0.0,0.0,2876.3,143.3,1660.3,0.0,0.0,0.0,0.0,0.0,1072.7,0.0,0.0,0.0,0.0,0.0,0.0,0.0,143.3,0.0
2050-07-01 04:00:00,2050-07-01 02:00:00,1953.7,0.0,0.0,3.1,1956.8,1886.9,1833.6,198.1,0.0,0.0342,0.0511,battery,gas-cc,221.1,4.2,0.42,26.1,1668.1,0.1,221.3,75.9,297.1,206.0,3.9,0.39,24.3,1554.2,0.09,206.2,70.7,276.8,164.1,3.1,0.31,19.4,1237.3,0.07,164.3,56.3,220.6,411.5,7.8,0.78,48.6,3105.6,0.18,412.0,141.2,553.2,41.69,0.0,0.0,41.69,43.93,0.0,0.0,43.93,0.0,0.0,0.0,1758.6,123.2,562.7,0.0,0.0,0.0,0.0,0.0,1072.7,0.0,0.0,0.0,0.0,0.0,0.0,0.0,123.2,0.0
2050-07-01 05:00:00,2050-07-01 03:00:00,1809.5,0.0,0.0,8.1,1817.5,1749.8,1697.4,624.6,0.0,0.033,0.0473,phs,gas-cc,325.9,6.1,0.61,38.5,2459.3,0.14,326.2,111.8,438.1,237.1,4.5,0.45,28.2,1790.1,0.11,237.4,81.6,319.0,143.4,2.7,0.27,16.9,1081.0,0.06,143.5,49.2,192.7,462.9,8.7,0.87,54.7,3493.4,0.2,463.4,158.8,622.3,41.21,0.0,0.0,41.21,43.26,0.0,0.0,43.26,0.0,0.0,0.0,1192.9,120.2,0.0,0.0,0.0,0.0,0.0,0.0,1072.7,0.0,0.0,0.0,0.0,0.0,0.0,0.0,120.2,0.0
2050-07-01 06:00:00,2050-07-01 04:00:00,1704.2,0.0,0.0,4.4,1708.6,1649.4,1594.4,0.0,679.8,0.0322,0.0446,battery,gas-cc,162.8,3.1,0.31,19.2,1228.3,0.07,162.9,55.8,218.8,168.6,3.2,0.32,19.9,1272.4,0.07,168.8,57.9,226.7,143.3,2.7,0.27,16.9,1080.4,0.06,143.5,49.1,192.6,390.8,7.4,0.74,46.2,2948.9,0.17,391.2,134.1,525.3,40.12,0.0,0.0,40.12,41.99,0.0,0.0,41.99,0.0,0.0,0.0,2388.4,114.2,1201.5,0.0,0.0,0.0,0.0,0.0,1072.7,0.0,0.0,0.0,0.0,0.0,0.0,0.0,114.2,0.0
2050-07-01 07:00:00,2050-07-01 05:00:00,1613.7,0.0,0.0,8.2,1621.9,1562.8,641.9,641.9,0.0,0.0315,0.0422,gas-cc,gas-cc,0.0,0.0,0.0,0.0,0.0,0.0,0.0,0.0,0.0,0.0,0.0,0.0,0.3,0.7,0.01,0.0,0.3,0.3,139.9,2.6,0.26,16.5,1054.7,0.06,140.0,48.0,188.0,371.7,7.0,0.7,43.9,2805.1,0.16,372.1,127.5,499.7,24.54,0.0,0.0,24.54,25.62,0.0,0.0,25.62,0.0,0.0,0.0,980.0,980.0,0.0,0.0,0.0,0.0,0.0,37.9,0.0,0.0,0.0,0.0,0.0,0.0,0.0,860.3,81.8,0.0
2050-07-01 08:00:00,2050-07-01 06:00:00,1670.5,2954.6,0.0,0.0,4625.1,1617.2,0.0,0.0,0.0,0.0319,0.0437,battery,upv,0.0,0.0,0.0,0.0,0.0,0.0,0.0,0.0,0.0,0.0,0.0,0.0,0.0,0.0,0.0,0.0,0.0,0.0,140.0,2.6,0.26,16.5,1055.1,0.06,140.1,48.0,188.1,0.0,0.0,0.0,0.0,0.0,0.0,0.0,0.0,0.0,0.0,0.0,0.0,0.0,0.0,0.0,0.0,0.0,63.8,0.0,63.8,4625.1,4625.1,0.0,0.0,0.0,0.0,0.0,195.2,0.0,0.0,0.0,0.0,0.0,0.0,0.0,4429.9,0.0,0.0
2050-07-01 09:00:00,2050-07-01 07:00:00,1809.5,2400.1,0.0,0.0,4209.6,1749.8,0.0,0.0,0.0,0.033,0.0473,upv,upv,0.0,0.0,0.0,0.0,0.0,0.0,0.0,0.0,0.0,0.0,0.0,0.0,0.0,0.0,0.0,0.0,0.0,0.0,140.1,2.6,0.27,16.6,1056.2,0.06,140.3,48.0,188.3,0.0,0.0,0.0,0.0,0.0,0.0,0.0,0.0,0.0,0.0,0.0,0.0,0.0,0.0,0.0,0.0,0.0,0.0,4038.5,4038.5,4209.6,4209.6,0.0,0.0,0.0,0.0,0.0,344.8,0.0,0.0,0.0,0.0,0.0,0.0,0.0,3787.2,77.5,0.0
2050-07-01 10:00:00,2050-07-01 08:00:00,2017.9,3240.3,0.0,0.0,5258.2,1947.8,0.0,0.0,0.0,0.0347,0.0528,upv,upv,0.0,0.0,0.0,0.0,0.0,0.0,0.0,0.0,0.0,0.0,0.0,0.0,0.0,0.0,0.0,0.0,0.0,0.0,140.4,2.6,0.27,16.6,1058.1,0.06,140.5,48.1,188.6,0.0,0.0,0.0,0.0,0.0,0.0,0.0,0.0,0.0,0.0,0.0,0.0,0.0,0.0,0.0,0.0,0.0,0.0,3915.2,3915.2,5258.2,5258.2,0.0,0.0,0.0,0.0,0.0,384.0,0.0,0.0,0.0,0.0,0.0,0.0,0.0,4802.3,71.8,0.0
2050-07-01 11:00:00,2050-07-01 09:00:00,2234.7,2755.7,0.0,0.0,4990.4,2152.6,0.0,0.0,0.0,0.0368,0.0584,upv,upv,0.0,0.0,0.0,0.0,0.0,0.0,0.0,0.0,0.0,0.0,0.0,0.0,0.0,0.0,0.0,0.0,0.0,0.0,140.7,2.7,0.27,16.6,1060.4,0.06,140.8,48.2,189.0,0.0,0.0,0.0,0.0,0.0,0.0,0.0,0.0,0.0,0.0,0.0,0.0,0.0,0.0,0.0,0.0,0.0,0.0,4650.5,4650.5,4990.4,4990.4,0.0,0.0,0.0,0.0,0.0,404.2,0.0,0.0,0.0,0.0,0.0,0.0,0.0,4525.8,60.4,0.0
2050-07-01 12:00:00,2050-07-01 10:00:00,2446.3,2850.6,0.0,0.0,5296.9,2351.2,0.0,0.0,0.0,0.0389,0.064,upv,upv,0.0,0.0,0.0,0.0,0.0,0.0,0.0,0.0,0.0,0.0,0.0,0.0,0.0,0.0,0.0,0.0,0.0,0.0,141.1,2.7,0.27,16.7,1064.1,0.06,141.3,48.4,189.7,0.0,0.0,0.0,0.0,0.0,0.0,0.0,0.0,0.0,0.0,0.0,0.0,0.0,0.0,0.0,0.0,0.0,0.0,4278.6,4278.6,5296.9,5296.9,0.0,0.0,0.0,0.0,0.0,401.3,0.0,0.0,0.0,0.0,0.0,0.0,0.0,4826.7,68.9,0.0
2050-07-01 13:00:00,2050-07-01 11:00:00,2624.2,3795.7,0.0,0.0,6419.9,2517.3,0.0,0.0,0.0,0.0407,0.0686,upv,upv,0.0,0.0,0.0,0.0,0.0,0.0,0.0,0.0,0.0,0.0,0.0,0.0,0.0,0.0,0.0,0.0,0.0,0.0,141.2,2.7,0.27,16.7,1064.8,0.06,141.4,48.4,189.8,0.0,0.0,0.0,0.0,0.0,0.0,0.0,0.0,0.0,0.0,0.0,0.0,0.0,0.0,0.0,0.0,0.0,0.0,3024.1,3024.1,6419.9,6419.9,0.0,0.0,0.0,0.0,0.0,394.8,0.0,0.0,0.0,0.0,0.0,0.0,0.0,5939.1,86.0,0.0
2050-07-01 14:00:00,2050-07-01 12:00:00,2750.5,2261.2,0.0,0.0,5011.8,2634.7,0.0,0.0,0.0,0.0421,0.0719,upv,upv,0.0,0.0,0.0,0.0,0.0,0.0,0.0,0.0,0.0,0.0,0.0,0.0,0.0,0.0,0.0,0.0,0.0,0.0,141.4,2.7,0.27,16.7,1066.3,0.06,141.6,48.5,190.1,0.0,0.0,0.0,0.0,0.0,0.0,0.0,0.0,0.0,0.0,0.0,0.0,0.0,0.0,0.0,0.0,0.0,0.0,4466.0,4466.0,5011.8,5011.8,0.0,0.0,0.0,0.0,0.0,396.3,0.0,0.0,0.0,0.0,0.0,0.0,0.0,4529.5,86.1,0.0
2050-07-01 15:00:00,2050-07-01 13:00:00,2920.0,2351.5,0.0,0.0,5271.5,2791.7,0.0,0.0,0.0,0.044,0.0764,upv,upv,0.0,0.0,0.0,0.0,0.0,0.0,0.0,0.0,0.0,0.0,0.0,0.0,0.0,0.0,0.0,0.0,0.0,0.0,141.7,2.7,0.27,16.7,1068.3,0.06,141.9,48.6,190.5,0.0,0.0,0.0,0.0,0.0,0.0,0.0,0.0,0.0,0.0,0.0,0.0,0.0,0.0,0.0,0.0,0.0,0.0,4290.1,4290.1,5271.5,5271.5,0.0,0.0,0.0,0.0,0.0,399.9,0.0,0.0,0.0,0.0,0.0,0.0,0.0,4782.9,88.8,0.0
2050-07-01 16:00:00,2050-07-01 14:00:00,3041.1,2395.1,0.0,0.0,5436.1,2903.3,0.0,0.0,0.0,0.0453,0.0795,upv,upv,0.0,0.0,0.0,0.0,0.0,0.0,0.0,0.0,0.0,0.0,0.0,0.0,0.0,0.0,0.0,0.0,0.0,0.0,141.9,2.7,0.27,16.8,1069.9,0.06,142.1,48.7,190.7,0.0,0.0,0.0,0.0,0.0,0.0,0.0,0.0,0.0,0.0,0.0,0.0,0.0,0.0,0.0,0.0,0.0,0.0,4331.1,4331.1,5436.1,5436.1,0.0,0.0,0.0,0.0,0.0,407.4,0.0,0.0,0.0,0.0,0.0,0.0,0.0,4916.3,112.4,0.0
2050-07-01 17:00:00,2050-07-01 15:00:00,3240.0,3924.6,0.0,0.0,7164.6,3085.9,0.0,0.0,0.0,0.0476,0.0847,upv,upv,0.0,0.0,0.0,0.0,0.0,0.0,0.0,0.0,0.0,0.0,0.0,0.0,0.0,0.0,0.0,0.0,0.0,0.0,142.2,2.7,0.27,16.8,1072.4,0.06,142.4,48.8,191.2,0.0,0.0,0.0,0.0,0.0,0.0,0.0,0.0,0.0,0.0,0.0,0.0,0.0,0.0,0.0,0.0,0.0,0.0,2788.8,2788.8,7164.6,7164.6,0.0,0.0,0.0,0.0,0.0,413.6,0.0,0.0,0.0,0.0,0.0,0.0,0.0,6594.4,156.7,0.0
2050-07-01 18:00:00,2050-07-01 16:00:00,3396.8,2237.1,0.0,0.0,5633.9,3229.1,0.0,0.0,0.0,0.0494,0.0888,upv,upv,0.0,0.0,0.0,0.0,0.0,0.0,0.0,0.0,0.0,0.0,0.0,0.0,0.0,0.0,0.0,0.0,0.0,0.0,142.5,2.7,0.27,16.8,1074.4,0.06,142.7,48.9,191.5,0.0,0.0,0.0,0.0,0.0,0.0,0.0,0.0,0.0,0.0,0.0,0.0,0.0,0.0,0.0,0.0,0.0,0.0,3385.9,3385.9,5633.9,5633.9,0.0,0.0,0.0,0.0,0.0,373.2,0.0,0.0,0.0,0.0,0.0,0.0,0.0,5079.6,181.1,0.0
2050-07-01 19:00:00,2050-07-01 17:00:00,3500.0,0.0,0.0,26.5,3526.5,3323.0,-2659.7,0.0,2659.7,0.0506,0.0915,upv,upv,0.0,0.0,0.0,0.0,0.0,0.0,0.0,0.0,0.0,0.0,0.0,0.0,0.0,0.0,0.0,0.0,0.0,0.0,143.0,2.7,0.27,16.9,1077.9,0.06,143.1,49.0,192.2,0.0,0.0,0.0,0.0,0.0,0.0,0.0,0.0,0.0,4.49,0.0,0.0,4.49,4.94,0.0,0.0,4.94,0.0,0.0,0.0,6186.1,6186.1,0.0,0.0,0.0,0.0,0.0,252.4,0.0,0.0,0.0,0.0,0.0,0.0,0.0,5728.8,204.9,0.0
2050-07-01 20:00:00,2050-07-01 18:00:00,3515.8,0.0,0.0,14.2,3529.9,3337.3,1780.4,0.0,1865.5,0.0508,0.0919,battery,gas-cc,72.1,1.4,0.14,8.5,543.7,0.03,72.1,24.7,96.9,76.3,1.4,0.14,9.0,576.0,0.03,76.4,26.2,102.6,142.9,2.7,0.27,16.9,1077.1,0.06,143.0,49.0,192.0,503.1,9.5,0.95,59.4,3796.2,0.22,503.6,172.6,676.2,38.24,0.0,0.0,38.24,42.12,0.0,0.0,42.12,0.0,0.0,0.0,5395.5,1749.6,2573.1,0.0,0.0,0.0,0.0,64.6,1072.7,0.0,0.0,0.0,0.0,0.0,0.0,1466.1,218.9,0.0
2050-07-01 21:00:00,2050-07-01 19:00:00,3405.3,0.0,0.0,10.7,3415.9,3236.8,3189.1,0.0,1640.0,0.0495,0.0891,battery,gas-cc,76.9,1.4,0.14,9.1,580.2,0.03,77.0,26.4,103.4,81.5,1.5,0.15,9.7,615.4,0.04,81.6,28.0,109.6,147.9,2.8,0.28,17.5,1115.0,0.06,148.1,50.7,198.8,501.5,9.5,0.95,59.2,3784.1,0.22,502.0,172.1,674.1,38.24,763.78,0.0,802.03,41.98,838.45,0.0,880.43,0.0,0.0,0.0,5055.9,226.8,3756.4,0.0,0.0,0.0,0.0,0.0,1072.7,0.0,0.0,0.0,0.0,0.0,0.0,0.0,226.8,0.0
2050-07-01 22:00:00,2050-07-01 20:00:00,3340.0,0.0,0.0,10.7,3350.7,3177.3,3107.7,0.0,1640.0,0.0487,0.0873,battery,gas-cc,77.9,1.5,0.15,9.2,587.8,0.03,78.0,26.7,104.7,82.5,1.6,0.16,9.8,622.8,0.04,82.6,28.3,111.0,148.2,2.8,0.28,17.5,1117.6,0.06,148.4,50.8,199.2,500.5,9.4,0.94,59.1,3777.0,0.22,501.1,171.7,672.8,38.24,150.96,0.0,189.2,41.9,165.41,0.0,207.31,0.0,0.0,0.0,4990.6,242.9,3675.0,0.0,0.0,0.0,0.0,0.0,1072.7,0.0,0.0,0.0,0.0,0.0,0.0,0.0,242.9,0.0
2050-07-01 23:00:00,2050-07-01 21:00:00,3106.3,0.0,0.0,10.7,3117.0,2963.3,2881.4,0.0,1640.0,0.046,0.0812,battery,gas-cc,81.7,1.5,0.15,9.7,616.7,0.04,81.8,28.0,109.9,86.3,1.6,0.16,10.2,651.3,0.04,86.4,29.6,116.0,147.8,2.8,0.28,17.5,1114.3,0.06,148.0,50.7,198.6,497.2,9.4,0.94,58.7,3751.9,0.22,497.7,170.6,668.3,38.24,0.0,0.0,38.24,41.63,0.0,0.0,41.63,0.0,0.0,0.0,4756.9,235.5,3448.7,0.0,0.0,0.0,0.0,0.0,1072.7,0.0,0.0,0.0,0.0,0.0,0.0,0.0,235.5,0.0
2050-07-02 00:00:00,2050-07-01 22:00:00,2811.6,0.0,0.0,9.7,2821.3,2691.4,2620.4,0.0,1497.8,0.0428,0.0735,battery,gas-cc,90.0,1.7,0.17,10.6,679.2,0.04,90.1,30.9,121.0,94.6,1.8,0.18,11.2,714.2,0.04,94.7,32.5,127.2,147.4,2.8,0.28,17.4,1111.2,0.06,147.6,50.5,198.1,450.6,8.5,0.85,53.2,3400.6,0.2,451.1,154.6,605.7,39.86,0.0,0.0,39.86,43.02,0.0,0.0,43.02,0.0,0.0,0.0,4319.2,201.0,3045.5,0.0,0.0,0.0,0.0,0.0,1072.7,0.0,0.0,0.0,0.0,0.0,0.0,0.0,201.0,0.0
2050-07-02 01:00:00,2050-07-01 23:00:00,2551.6,0.0,0.0,10.7,2562.2,2449.6,2374.4,0.0,1640.0,0.04,0.0667,battery,gas-cc,92.5,1.7,0.17,10.9,698.1,0.04,92.6,31.7,124.4,97.0,1.8,0.18,11.5,731.8,0.04,97.1,33.3,130.4,147.5,2.8,0.28,17.4,1111.9,0.06,147.6,50.6,198.2,466.9,8.8,0.88,55.2,3523.5,0.2,467.4,160.2,627.6,39.86,0.0,0.0,39.86,42.71,0.0,0.0,42.71,0.0,0.0,0.0,4202.2,187.8,2941.6,0.0,0.0,0.0,0.0,0.0,1072.7,0.0,0.0,0.0,0.0,0.0,0.0,0.0,187.8,0.0
2050-07-02 02:00:00,2050-07-02 00:00:00,2293.7,0.0,0.0,7.6,2301.3,2208.0,2148.3,0.0,1166.1,0.0373,0.06,battery,gas-cc,112.1,2.1,0.21,13.2,846.1,0.05,112.2,38.5,150.7,117.0,2.2,0.22,13.8,883.1,0.05,117.2,40.2,157.3,145.8,2.8,0.28,17.2,1098.9,0.06,145.9,50.0,195.9,463.6,8.7,0.87,54.8,3498.3,0.2,464.1,159.1,623.1,39.86,0.0,0.0,39.86,42.4,0.0,0.0,42.4,0.0,0.0,0.0,3467.3,153.0,2241.6,0.0,0.0,0.0,0.0,0.0,1072.7,0.0,0.0,0.0,0.0,0.0,0.0,0.0,153.0,0.0
2050-07-02 03:00:00,2050-07-02 01:00:00,2103.2,0.0,0.0,10.1,2113.2,2028.5,1978.8,0.0,1546.5,0.0355,0.055,gas-cc,gas-cc,106.2,2.0,0.2,12.5,801.6,0.05,106.3,36.4,142.8,110.7,2.1,0.21,13.1,835.5,0.05,110.8,38.0,148.8,146.2,2.8,0.28,17.3,1101.9,0.06,146.3,50.1,196.4,372.3,7.0,0.7,44.0,2809.2,0.16,372.7,127.7,500.4,39.86,0.0,0.0,39.86,42.18,0.0,0.0,42.18,0.0,0.0,0.0,3659.7,134.4,2452.6,0.0,0.0,0.0,0.0,0.0,1072.7,0.0,0.0,0.0,0.0,0.0,0.0,0.0,134.4,0.0
2050-07-02 04:00:00,2050-07-02 02:00:00,1920.0,0.0,0.0,3.1,1923.1,1854.9,1814.4,0.0,470.1,0.0339,0.0502,battery,gas-cc,162.4,3.1,0.31,19.2,1225.9,0.07,162.6,55.7,218.4,168.6,3.2,0.32,19.9,1272.2,0.07,168.8,57.9,226.6,145.9,2.8,0.28,17.2,1099.9,0.06,146.1,50.0,196.1,439.6,8.3,0.83,51.9,3317.1,0.19,440.0,150.8,590.9,39.86,0.0,0.0,39.86,41.97,0.0,0.0,41.97,0.0,0.0,0.0,2393.2,108.6,1211.8,0.0,0.0,0.0,0.0,0.0,1072.7,0.0,0.0,0.0,0.0,0.0,0.0,0.0,108.6,0.0
2050-07-02 05:00:00,2050-07-02 03:00:00,1773.7,0.0,0.0,0.0,1773.7,1715.7,1696.7,0.0,0.0,0.0327,0.0464,battery,gas-cc,219.2,4.1,0.41,25.9,1654.0,0.1,219.4,75.2,294.6,226.9,4.3,0.43,26.8,1712.2,0.1,227.1,77.9,305.0,243.8,4.6,0.46,28.8,1839.5,0.11,244.1,83.7,327.7,457.0,8.6,0.86,54.0,3448.4,0.2,457.5,156.8,614.3,39.86,0.0,0.0,39.86,41.8,0.0,0.0,41.8,0.0,0.0,0.0,1773.7,77.0,624.0,0.0,0.0,0.0,0.0,0.0,1072.7,0.0,0.0,0.0,0.0,0.0,0.0,0.0,77.0,0.0
2050-07-02 06:00:00,2050-07-02 04:00:00,1656.8,0.0,0.0,0.0,1656.8,1604.1,1594.0,0.0,0.0,0.0318,0.0433,battery,gas-cc,234.6,4.4,0.44,27.7,1770.6,0.1,234.9,80.5,315.4,242.6,4.6,0.46,28.7,1830.9,0.11,242.9,83.3,326.1,171.5,3.2,0.32,20.3,1293.2,0.07,171.7,58.8,230.5,477.5,9.0,0.9,56.4,3603.3,0.21,478.0,163.8,641.8,38.13,0.0,0.0,38.13,39.86,0.0,0.0,39.86,0.0,0.0,0.0,1656.8,62.8,521.3,0.0,0.0,0.0,0.0,0.0,1072.7,0.0,0.0,0.0,0.0,0.0,0.0,0.0,62.8,0.0
2050-07-02 07:00:00,2050-07-02 05:00:00,1580.0,0.0,0.0,10.2,1590.2,1530.5,948.0,948.0,0.0,0.0313,0.0413,gas-cc,gas-cc,0.0,0.0,0.0,0.0,0.0,0.0,0.0,0.0,0.0,4.6,0.1,0.01,1.3,36.9,0.02,4.6,2.4,7.1,158.3,3.0,0.3,18.7,1193.3,0.07,158.4,54.3,212.7,366.9,6.9,0.69,43.3,2769.1,0.16,367.3,125.9,493.3,32.57,0.0,0.0,32.57,33.98,0.0,0.0,33.98,0.0,0.0,0.0,642.1,642.1,0.0,0.0,0.0,0.0,0.0,25.3,0.0,0.0,0.0,0.0,0.0,0.0,0.0,573.1,43.7,0.0
2050-07-02 08:00:00,2050-07-02 06:00:00,1530.5,1424.3,0.0,0.0,2954.9,1483.0,0.0,0.0,0.0,0.031,0.04,battery,upv,0.0,0.0,0.0,0.0,0.0,0.0,0.0,0.0,0.0,0.0,0.0,0.0,0.0,0.0,0.0,0.0,0.0,0.0,139.8,2.6,0.26,16.5,1054.1,0.06,140.0,47.9,187.9,0.0,0.0,0.0,0.0,0.0,0.0,0.0,0.0,0.0,0.0,0.0,0.0,0.0,0.0,0.0,0.0,0.0,15.3,130.2,145.5,2954.9,2954.9,0.0,0.0,0.0,0.0,0.0,0.0,0.0,0.0,0.0,0.0,0.0,0.0,0.0,2954.9,0.0,0.0
2050-07-02 09:00:00,2050-07-02 07:00:00,1654.7,3332.4,0.0,0.0,4987.2,1602.1,0.0,0.0,0.0,0.0318,0.0433,upv,upv,0.0,0.0,0.0,0.0,0.0,0.0,0.0,0.0,0.0,0.0,0.0,0.0,0.0,0.0,0.0,0.0,0.0,0.0,139.9,2.6,0.26,16.5,1055.0,0.06,140.1,48.0,188.1,0.0,0.0,0.0,0.0,0.0,0.0,0.0,0.0,0.0,0.0,0.0,0.0,0.0,0.0,0.0,0.0,0.0,7.9,1493.4,1501.3,4987.2,4987.2,0.0,0.0,0.0,0.0,0.0,273.6,0.0,0.0,0.0,0.0,0.0,0.0,0.0,4713.6,0.0,0.0
2050-07-02 10:00:00,2050-07-02 08:00:00,1832.6,3762.7,0.0,0.0,5595.4,1771.9,-0.0,0.0,0.0,0.0332,0.0479,upv,upv,0.0,0.0,0.0,0.0,0.0,0.0,0.0,0.0,0.0,0.0,0.0,0.0,0.0,0.0,0.0,0.0,0.0,0.0,140.1,2.6,0.27,16.6,1056.4,0.06,140.3,48.1,188.3,0.0,0.0,0.0,0.0,0.0,0.0,0.0,0.0,0.0,0.0,0.0,0.0,0.0,0.0,0.0,0.0,0.0,0.0,1094.8,1094.8,5595.4,5595.4,0.0,0.0,0.0,0.0,0.0,281.7,0.0,0.0,0.0,0.0,0.0,0.0,0.0,5296.4,17.3,0.0
2050-07-02 11:00:00,2050-07-02 09:00:00,2062.1,4019.6,0.0,0.0,6081.7,1989.6,0.0,0.0,0.0,0.0351,0.0539,upv,upv,0.0,0.0,0.0,0.0,0.0,0.0,0.0,0.0,0.0,0.0,0.0,0.0,0.0,0.0,0.0,0.0,0.0,0.0,140.4,2.7,0.27,16.6,1058.6,0.06,140.6,48.2,188.7,0.0,0.0,0.0,0.0,0.0,0.0,0.0,0.0,0.0,0.0,0.0,0.0,0.0,0.0,0.0,0.0,0.0,0.0,894.1,894.1,6081.7,6081.7,0.0,0.0,0.0,0.0,0.0,293.2,0.0,0.0,0.0,0.0,0.0,0.0,0.0,5762.1,26.4,0.0
2050-07-02 12:00:00,2050-07-02 10:00:00,2320.0,3824.8,0.0,0.0,6144.8,2232.8,0.0,0.0,0.0,0.0376,0.0607,upv,upv,0.0,0.0,0.0,0.0,0.0,0.0,0.0,0.0,0.0,0.0,0.0,0.0,0.0,0.0,0.0,0.0,0.0,0.0,140.8,2.7,0.27,16.6,1061.3,0.06,140.9,48.3,189.2,0.0,0.0,0.0,0.0,0.0,0.0,0.0,0.0,0.0,0.0,0.0,0.0,0.0,0.0,0.0,0.0,0.0,0.0,1922.6,1922.6,6144.8,6144.8,0.0,0.0,0.0,0.0,0.0,339.1,0.0,0.0,0.0,0.0,0.0,0.0,0.0,5773.9,31.8,0.0
2050-07-02 13:00:00,2050-07-02 11:00:00,2538.9,3435.1,0.0,0.0,5974.0,2437.8,0.0,0.0,0.0,0.0398,0.0664,upv,upv,0.0,0.0,0.0,0.0,0.0,0.0,0.0,0.0,0.0,0.0,0.0,0.0,0.0,0.0,0.0,0.0,0.0,0.0,141.1,2.7,0.27,16.7,1063.8,0.06,141.3,48.4,189.6,0.0,0.0,0.0,0.0,0.0,0.0,0.0,0.0,0.0,0.0,0.0,0.0,0.0,0.0,0.0,0.0,0.0,0.0,2515.9,2515.9,5974.0,5974.0,0.0,0.0,0.0,0.0,0.0,356.7,0.0,0.0,0.0,0.0,0.0,0.0,0.0,5581.3,36.1,0.0
2050-07-02 14:00:00,2050-07-02 12:00:00,2757.9,2817.7,0.0,0.0,5575.6,2641.6,0.0,0.0,0.0,0.0422,0.0721,upv,upv,0.0,0.0,0.0,0.0,0.0,0.0,0.0,0.0,0.0,0.0,0.0,0.0,0.0,0.0,0.0,0.0,0.0,0.0,141.4,2.7,0.27,16.7,1066.4,0.06,141.6,48.5,190.1,0.0,0.0,0.0,0.0,0.0,0.0,0.0,0.0,0.0,0.0,0.0,0.0,0.0,0.0,0.0,0.0,0.0,0.0,4093.1,4093.1,5575.6,5575.6,0.0,0.0,0.0,0.0,0.0,406.4,0.0,0.0,0.0,0.0,0.0,0.0,0.0,5128.5,40.7,0.0
2050-07-02 15:00:00,2050-07-02 13:00:00,2948.4,2983.4,0.0,0.0,5931.8,2817.9,0.0,0.0,0.0,0.0443,0.0771,upv,upv,0.0,0.0,0.0,0.0,0.0,0.0,0.0,0.0,0.0,0.0,0.0,0.0,0.0,0.0,0.0,0.0,0.0,0.0,141.8,2.7,0.27,16.7,1068.7,0.06,141.9,48.6,190.5,0.0,0.0,0.0,0.0,0.0,0.0,0.0,0.0,0.0,0.0,0.0,0.0,0.0,0.0,0.0,0.0,0.0,0.0,4046.5,4046.5,5931.8,5931.8,0.0,0.0,0.0,0.0,0.0,419.0,0.0,0.0,0.0,0.0,0.0,0.0,0.0,5466.0,46.9,0.0
2050-07-02 16:00:00,2050-07-02 14:00:00,3087.4,2650.9,0.0,0.0,5738.3,2945.9,0.0,0.0,0.0,0.0458,0.0807,upv,upv,0.0,0.0,0.0,0.0,0.0,0.0,0.0,0.0,0.0,0.0,0.0,0.0,0.0,0.0,0.0,0.0,0.0,0.0,142.0,2.7,0.27,16.8,1070.4,0.06,142.1,48.7,190.8,0.0,0.0,0.0,0.0,0.0,0.0,0.0,0.0,0.0,0.0,0.0,0.0,0.0,0.0,0.0,0.0,0.0,0.0,3574.8,3574.8,5738.3,5738.3,0.0,0.0,0.0,0.0,0.0,390.8,0.0,0.0,0.0,0.0,0.0,0.0,0.0,5291.4,56.0,0.0
2050-07-02 17:00:00,2050-07-02 15:00:00,3236.8,2431.9,0.0,0.0,5668.7,3083.0,0.0,0.0,0.0,0.0475,0.0846,upv,upv,0.0,0.0,0.0,0.0,0.0,0.0,0.0,0.0,0.0,0.0,0.0,0.0,0.0,0.0,0.0,0.0,0.0,0.0,142.2,2.7,0.27,16.8,1072.4,0.06,142.4,48.8,191.2,0.0,0.0,0.0,0.0,0.0,0.0,0.0,0.0,0.0,0.0,0.0,0.0,0.0,0.0,0.0,0.0,0.0,0.0,3409.0,3409.0,5668.7,5668.7,0.0,0.0,0.0,0.0,0.0,381.1,0.0,0.0,0.0,0.0,0.0,0.0,0.0,5237.4,50.2,0.0
2050-07-02 18:00:00,2050-07-02 16:00:00,3361.1,483.7,0.0,10.7,3855.4,3196.5,-1640.0,0.0,1640.0,0.049,0.0879,upv,upv,0.0,0.0,0.0,0.0,0.0,0.0,0.0,0.0,0.0,0.0,0.0,0.0,0.0,0.0,0.0,0.0,0.0,0.0,142.5,2.7,0.27,16.8,1074.0,0.06,142.6,48.9,191.5,0.0,0.0,0.0,0.0,0.0,0.0,0.0,0.0,0.0,0.0,0.0,0.0,0.0,0.0,0.0,0.0,0.0,0.0,2175.9,2175.9,5495.3,5495.3,0.0,0.0,0.0,0.0,0.0,321.6,0.0,0.0,0.0,0.0,0.0,0.0,0.0,5120.0,53.8,0.0
2050-07-02 19:00:00,2050-07-02 17:00:00,3512.6,0.0,0.0,13.5,3526.1,3334.4,-1820.0,0.0,1820.0,0.0507,0.0919,upv,upv,0.0,0.0,0.0,0.0,0.0,0.0,0.0,0.0,0.0,0.0,0.0,0.0,0.0,0.0,0.0,0.0,0.0,0.0,143.2,2.7,0.27,16.9,1079.6,0.06,143.4,49.1,192.5,0.0,0.0,0.0,0.0,0.0,0.0,0.0,0.0,0.0,4.53,0.0,0.0,4.53,4.99,0.0,0.0,4.99,0.0,0.0,0.0,5346.1,5346.1,0.0,0.0,0.0,0.0,0.0,222.3,0.0,0.0,0.0,0.0,0.0,0.0,0.0,5043.8,80.0,0.0
2050-07-02 20:00:00,2050-07-02 18:00:00,3476.8,0.0,0.0,4.1,3481.0,3301.9,2284.5,0.0,635.6,0.0503,0.0909,battery,gas-cc,94.4,1.8,0.18,11.2,712.6,0.04,94.5,32.4,126.9,99.8,1.9,0.19,11.8,753.4,0.04,99.9,34.3,134.2,145.4,2.7,0.28,17.2,1096.5,0.06,145.6,49.9,195.5,404.6,7.6,0.76,47.8,3053.5,0.18,405.1,138.8,543.9,35.43,0.0,0.0,35.43,38.97,0.0,0.0,38.97,0.0,0.0,0.0,4116.6,1196.4,1847.4,0.0,0.0,0.0,0.0,45.1,1072.7,0.0,0.0,0.0,0.0,0.0,0.0,1022.6,128.7,0.0
2050-07-02 21:00:00,2050-07-02 19:00:00,3343.2,0.0,0.0,6.7,3349.9,3180.2,3157.9,0.0,1032.0,0.0488,0.0874,battery,gas-cc,88.7,1.7,0.17,10.5,669.5,0.04,88.8,30.4,119.3,93.9,1.8,0.18,11.1,708.5,0.04,94.0,32.2,126.2,148.0,2.8,0.28,17.5,1115.9,0.06,148.2,50.8,198.9,413.9,7.8,0.78,48.9,3123.4,0.18,414.4,142.0,556.4,35.43,296.42,0.0,331.84,38.82,324.81,0.0,363.63,0.0,0.0,0.0,4381.9,191.9,3117.2,0.0,0.0,0.0,0.0,0.0,1072.7,0.0,0.0,0.0,0.0,0.0,0.0,0.0,191.9,0.0
2050-07-02 22:00:00,2050-07-02 20:00:00,3227.4,0.0,0.0,5.8,3233.2,3074.3,3032.3,0.0,891.0,0.0474,0.0844,battery,gas-cc,94.3,1.8,0.18,11.1,711.3,0.04,94.4,32.3,126.7,99.6,1.9,0.19,11.8,751.3,0.04,99.7,34.2,133.8,148.2,2.8,0.28,17.5,1117.1,0.06,148.3,50.8,199.2,388.9,7.3,0.73,45.9,2934.3,0.17,389.3,133.4,522.7,35.43,0.0,0.0,35.43,38.69,0.0,0.0,38.69,0.0,0.0,0.0,4124.2,200.8,2850.6,0.0,0.0,0.0,0.0,0.0,1072.7,0.0,0.0,0.0,0.0,0.0,0.0,0.0,200.8,0.0
2050-07-02 23:00:00,2050-07-02 21:00:00,2946.3,0.0,0.0,7.1,2953.5,2815.9,2794.7,0.0,1099.5,0.0442,0.077,battery,gas-cc,95.9,1.8,0.18,11.3,723.8,0.04,96.0,32.9,128.9,101.0,1.9,0.19,11.9,761.9,0.04,101.1,34.7,135.7,147.0,2.8,0.28,17.4,1108.3,0.06,147.2,50.4,197.6,385.8,7.3,0.73,45.6,2911.0,0.17,386.2,132.4,518.5,35.43,0.0,0.0,35.43,38.38,0.0,0.0,38.38,0.0,0.0,0.0,4053.0,158.7,2821.5,0.0,0.0,0.0,0.0,0.0,1072.7,0.0,0.0,0.0,0.0,0.0,0.0,0.0,158.7,0.0
2050-07-03 00:00:00,2050-07-02 22:00:00,2722.1,0.0,0.0,13.2,2735.3,2608.4,2610.4,164.0,1640.0,0.0418,0.0712,battery,gas-cc,92.3,1.7,0.17,10.9,696.6,0.04,92.4,31.7,124.1,93.4,1.8,0.18,11.1,704.8,0.04,93.5,32.1,125.6,146.3,2.8,0.28,17.3,1103.0,0.06,146.5,50.2,196.6,469.2,8.8,0.88,55.4,3540.5,0.2,469.7,161.0,630.7,36.4,0.0,0.0,36.4,39.19,0.0,0.0,39.19,0.0,0.0,0.0,4211.3,124.9,3013.6,0.0,0.0,0.0,0.0,0.0,1072.7,0.0,0.0,0.0,0.0,0.0,0.0,0.0,124.9,0.0
2050-07-03 01:00:00,2050-07-02 23:00:00,2471.6,0.0,0.0,10.7,2482.2,2374.8,2435.4,0.0,1640.0,0.0391,0.0646,battery,gas-cc,94.3,1.8,0.18,11.1,711.7,0.04,94.4,32.4,126.8,98.8,1.9,0.19,11.7,745.4,0.04,98.9,33.9,132.8,145.8,2.8,0.28,17.2,1099.1,0.06,145.9,50.0,195.9,465.9,8.8,0.88,55.0,3515.7,0.2,466.4,159.9,626.2,36.4,0.0,0.0,36.4,38.91,0.0,0.0,38.91,0.0,0.0,0.0,4122.2,46.8,3002.6,0.0,0.0,0.0,0.0,0.0,1072.7,0.0,0.0,0.0,0.0,0.0,0.0,0.0,46.8,0.0
2050-07-03 02:00:00,2050-07-03 00:00:00,2162.1,0.0,0.0,8.1,2170.2,2084.1,2118.1,0.0,1248.8,0.0361,0.0565,battery,gas-cc,113.7,2.1,0.21,13.4,858.0,0.05,113.8,39.0,152.8,118.5,2.2,0.22,14.0,894.5,0.05,118.7,40.7,159.4,146.2,2.8,0.28,17.3,1102.5,0.06,146.4,50.1,196.5,461.9,8.7,0.87,54.6,3485.5,0.2,462.4,158.5,620.9,36.4,0.0,0.0,36.4,38.58,0.0,0.0,38.58,0.0,0.0,0.0,3419.1,52.1,2294.2,0.0,0.0,0.0,0.0,0.0,1072.7,0.0,0.0,0.0,0.0,0.0,0.0,0.0,52.1,0.0
2050-07-03 03:00:00,2050-07-03 01:00:00,1961.1,0.0,0.0,10.4,1971.5,1893.9,1920.1,0.0,1602.4,0.0342,0.0513,battery,gas-cc,108.8,2.1,0.21,12.8,820.9,0.05,108.9,37.3,146.2,113.2,2.1,0.21,13.4,854.4,0.05,113.3,38.9,152.2,145.5,2.7,0.28,17.2,1097.1,0.06,145.7,49.9,195.6,459.3,8.7,0.87,54.3,3466.2,0.2,459.8,157.6,617.4,36.4,0.0,0.0,36.4,38.36,0.0,0.0,38.36,0.0,0.0,0.0,3573.9,51.4,2449.8,0.0,0.0,0.0,0.0,0.0,1072.7,0.0,0.0,0.0,0.0,0.0,0.0,0.0,51.4,0.0
2050-07-03 04:00:00,2050-07-03 02:00:00,1796.8,0.0,0.0,10.1,1806.9,1737.8,1755.0,0.0,1554.8,0.0329,0.047,battery,gas-cc,115.6,2.2,0.22,13.7,872.7,0.05,115.8,39.7,155.4,120.1,2.3,0.23,14.2,906.7,0.05,120.3,41.2,161.5,144.7,2.7,0.27,17.1,1091.0,0.06,144.9,49.6,194.5,457.3,8.6,0.86,54.0,3450.6,0.2,457.8,156.9,614.6,36.4,0.0,0.0,36.4,38.19,0.0,0.0,38.19,0.0,0.0,0.0,3361.8,51.9,2237.1,0.0,0.0,0.0,0.0,0.0,1072.7,0.0,0.0,0.0,0.0,0.0,0.0,0.0,51.9,0.0
2050-07-03 05:00:00,2050-07-03 03:00:00,1708.4,0.0,0.0,9.4,1717.8,1653.4,1666.2,0.0,1448.8,0.0322,0.0447,battery,gas-cc,122.8,2.3,0.23,14.5,926.4,0.05,122.9,42.1,165.0,127.4,2.4,0.24,15.1,961.5,0.06,127.5,43.7,171.3,144.7,2.7,0.27,17.1,1090.9,0.06,144.9,49.6,194.5,386.0,7.3,0.73,45.6,2912.9,0.17,386.4,132.5,518.9,36.4,0.0,0.0,36.4,38.1,0.0,0.0,38.1,0.0,0.0,0.0,3166.6,51.6,2042.2,0.0,0.0,0.0,0.0,0.0,1072.7,0.0,0.0,0.0,0.0,0.0,0.0,0.0,51.6,0.0
2050-07-03 06:00:00,2050-07-03 04:00:00,1667.4,0.0,0.0,1.7,1669.1,1614.2,1621.6,0.0,266.2,0.0319,0.0436,gas-cc,gas-cc,200.9,3.8,0.38,23.7,1515.9,0.09,201.1,68.9,270.0,207.9,3.9,0.39,24.6,1568.6,0.09,208.1,71.3,279.4,145.5,2.7,0.28,17.2,1096.6,0.06,145.6,49.9,195.5,385.6,7.3,0.73,45.5,2909.7,0.17,386.0,132.3,518.3,36.4,0.0,0.0,36.4,38.06,0.0,0.0,38.06,0.0,0.0,0.0,1935.3,47.5,815.1,0.0,0.0,0.0,0.0,0.0,1072.7,0.0,0.0,0.0,0.0,0.0,0.0,0.0,47.5,0.0
2050-07-03 07:00:00,2050-07-03 05:00:00,1670.5,0.0,0.0,10.3,1680.9,1617.2,972.4,972.4,0.0,0.0319,0.0437,gas-cc,gas-cc,0.0,0.0,0.0,0.0,0.0,0.0,0.0,0.0,0.0,5.1,0.1,0.01,1.3,40.4,0.02,5.1,2.6,7.7,144.0,2.7,0.27,17.0,1085.6,0.06,144.2,49.4,193.5,367.9,6.9,0.69,43.5,2775.9,0.16,368.3,126.2,494.5,32.57,0.0,0.0,32.57,34.06,0.0,0.0,34.06,0.0,0.0,0.0,708.5,708.5,0.0,0.0,0.0,0.0,0.0,28.6,0.0,0.0,0.0,0.0,0.0,0.0,0.0,648.6,31.3,0.0
2050-07-03 08:00:00,2050-07-03 06:00:00,1757.9,2205.9,0.0,0.0,3963.8,1700.6,0.0,0.0,0.0,0.0326,0.046,battery,upv,0.0,0.0,0.0,0.0,0.0,0.0,0.0,0.0,0.0,0.0,0.0,0.0,0.0,0.0,0.0,0.0,0.0,0.0,140.0,2.6,0.27,16.5,1055.8,0.06,140.2,48.0,188.2,0.0,0.0,0.0,0.0,0.0,0.0,0.0,0.0,0.0,0.0,0.0,0.0,0.0,0.0,0.0,0.0,0.0,28.2,0.0,28.2,3963.8,3963.8,0.0,0.0,0.0,0.0,0.0,167.3,0.0,0.0,0.0,0.0,0.0,0.0,0.0,3796.6,0.0,0.0
2050-07-03 09:00:00,2050-07-03 07:00:00,1900.0,3001.5,0.0,0.0,4901.5,1835.9,-0.0,0.0,0.0,0.0337,0.0497,upv,upv,0.0,0.0,0.0,0.0,0.0,0.0,0.0,0.0,0.0,0.0,0.0,0.0,0.0,0.0,0.0,0.0,0.0,0.0,140.2,2.6,0.27,16.6,1057.0,0.06,140.4,48.1,188.4,0.0,0.0,0.0,0.0,0.0,0.0,0.0,0.0,0.0,0.0,0.0,0.0,0.0,0.0,0.0,0.0,0.0,0.0,2192.8,2192.8,4901.5,4901.5,0.0,0.0,0.0,0.0,0.0,298.5,0.0,0.0,0.0,0.0,0.0,0.0,0.0,4579.6,23.4,0.0
2050-07-03 10:00:00,2050-07-03 08:00:00,2257.9,3625.0,0.0,0.0,5882.9,2174.4,0.0,0.0,0.0,0.037,0.059,upv,upv,0.0,0.0,0.0,0.0,0.0,0.0,0.0,0.0,0.0,0.0,0.0,0.0,0.0,0.0,0.0,0.0,0.0,0.0,140.7,2.7,0.27,16.6,1060.6,0.06,140.8,48.2,189.1,0.0,0.0,0.0,0.0,0.0,0.0,0.0,0.0,0.0,0.0,0.0,0.0,0.0,0.0,0.0,0.0,0.0,0.0,2842.6,2842.6,5882.9,5882.9,0.0,0.0,0.0,0.0,0.0,367.4,0.0,0.0,0.0,0.0,0.0,0.0,0.0,5493.7,21.8,0.0
2050-07-03 11:00:00,2050-07-03 09:00:00,2469.5,2461.0,0.0,0.0,4930.5,2372.9,-0.0,0.0,0.0,0.0391,0.0646,upv,upv,0.0,0.0,0.0,0.0,0.0,0.0,0.0,0.0,0.0,0.0,0.0,0.0,0.0,0.0,0.0,0.0,0.0,0.0,141.0,2.7,0.27,16.7,1063.0,0.06,141.1,48.4,189.5,0.0,0.0,0.0,0.0,0.0,0.0,0.0,0.0,0.0,0.0,0.0,0.0,0.0,0.0,0.0,0.0,0.0,0.0,5090.8,5090.8,4930.5,4930.5,0.0,0.0,0.0,0.0,0.0,421.9,0.0,0.0,0.0,0.0,0.0,0.0,0.0,4486.2,22.3,0.0
2050-07-03 12:00:00,2050-07-03 10:00:00,2606.3,2626.7,0.0,0.0,5233.0,2500.6,0.0,0.0,0.0,0.0405,0.0682,upv,upv,0.0,0.0,0.0,0.0,0.0,0.0,0.0,0.0,0.0,0.0,0.0,0.0,0.0,0.0,0.0,0.0,0.0,0.0,141.2,2.7,0.27,16.7,1064.5,0.06,141.4,48.4,189.8,0.0,0.0,0.0,0.0,0.0,0.0,0.0,0.0,0.0,0.0,0.0,0.0,0.0,0.0,0.0,0.0,0.0,0.0,5013.5,5013.5,5233.0,5233.0,0.0,0.0,0.0,0.0,0.0,431.3,0.0,0.0,0.0,0.0,0.0,0.0,0.0,4776.8,25.0,0.0
2050-07-03 13:00:00,2050-07-03 11:00:00,2718.9,3045.5,0.0,0.0,5764.4,2605.4,0.0,0.0,0.0,0.0418,0.0711,upv,upv,0.0,0.0,0.0,0.0,0.0,0.0,0.0,0.0,0.0,0.0,0.0,0.0,0.0,0.0,0.0,0.0,0.0,0.0,141.4,2.7,0.27,16.7,1065.9,0.06,141.5,48.5,190.0,0.0,0.0,0.0,0.0,0.0,0.0,0.0,0.0,0.0,0.0,0.0,0.0,0.0,0.0,0.0,0.0,0.0,0.0,4540.1,4540.1,5764.4,5764.4,0.0,0.0,0.0,0.0,0.0,433.8,0.0,0.0,0.0,0.0,0.0,0.0,0.0,5308.4,22.2,0.0
2050-07-03 14:00:00,2050-07-03 12:00:00,2798.9,3564.0,0.0,0.0,6363.0,2679.7,0.0,0.0,0.0,0.0426,0.0732,upv,upv,0.0,0.0,0.0,0.0,0.0,0.0,0.0,0.0,0.0,0.0,0.0,0.0,0.0,0.0,0.0,0.0,0.0,0.0,141.5,2.7,0.27,16.7,1066.9,0.06,141.7,48.5,190.2,0.0,0.0,0.0,0.0,0.0,0.0,0.0,0.0,0.0,0.0,0.0,0.0,0.0,0.0,0.0,0.0,0.0,0.0,3795.5,3795.5,6363.0,6363.0,0.0,0.0,0.0,0.0,0.0,427.7,0.0,0.0,0.0,0.0,0.0,0.0,0.0,5910.8,24.5,0.0
2050-07-03 15:00:00,2050-07-03 13:00:00,2928.4,4019.6,0.0,0.0,6948.0,2799.4,0.0,0.0,0.0,0.044,0.0766,upv,upv,0.0,0.0,0.0,0.0,0.0,0.0,0.0,0.0,0.0,0.0,0.0,0.0,0.0,0.0,0.0,0.0,0.0,0.0,141.7,2.7,0.27,16.7,1068.4,0.06,141.9,48.6,190.5,0.0,0.0,0.0,0.0,0.0,0.0,0.0,0.0,0.0,0.0,0.0,0.0,0.0,0.0,0.0,0.0,0.0,0.0,2826.8,2826.8,6948.0,6948.0,0.0,0.0,0.0,0.0,0.0,411.1,0.0,0.0,0.0,0.0,0.0,0.0,0.0,6504.6,32.3,0.0
2050-07-03 16:00:00,2050-07-03 14:00:00,3023.2,3795.7,0.0,0.0,6818.8,2886.8,0.0,0.0,0.0,0.0451,0.0791,upv,upv,0.0,0.0,0.0,0.0,0.0,0.0,0.0,0.0,0.0,0.0,0.0,0.0,0.0,0.0,0.0,0.0,0.0,0.0,141.9,2.7,0.27,16.8,1069.6,0.06,142.0,48.7,190.7,0.0,0.0,0.0,0.0,0.0,0.0,0.0,0.0,0.0,0.0,0.0,0.0,0.0,0.0,0.0,0.0,0.0,0.0,1847.0,1847.0,6818.8,6818.8,0.0,0.0,0.0,0.0,0.0,364.0,0.0,0.0,0.0,0.0,0.0,0.0,0.0,6411.7,43.1,0.0
2050-07-03 17:00:00,2050-07-03 15:00:00,3190.5,2821.5,0.0,0.0,6012.1,3040.6,0.0,0.0,0.0,0.047,0.0834,upv,upv,0.0,0.0,0.0,0.0,0.0,0.0,0.0,0.0,0.0,0.0,0.0,0.0,0.0,0.0,0.0,0.0,0.0,0.0,142.2,2.7,0.27,16.8,1071.8,0.06,142.3,48.8,191.1,0.0,0.0,0.0,0.0,0.0,0.0,0.0,0.0,0.0,0.0,0.0,0.0,0.0,0.0,0.0,0.0,0.0,0.0,1118.0,1118.0,6012.1,6012.1,0.0,0.0,0.0,0.0,0.0,298.6,0.0,0.0,0.0,0.0,0.0,0.0,0.0,5660.9,52.6,0.0
2050-07-03 18:00:00,2050-07-03 16:00:00,3357.9,0.0,0.0,10.7,3368.6,3193.6,-1640.0,0.0,1640.0,0.0489,0.0878,wind-ons,wind-ons,0.0,0.0,0.0,0.0,0.0,0.0,0.0,0.0,0.0,0.0,0.0,0.0,0.0,0.0,0.0,0.0,0.0,0.0,142.5,2.7,0.27,16.8,1073.9,0.06,142.6,48.9,191.5,0.0,0.0,0.0,0.0,0.0,0.0,0.0,0.0,0.0,0.0,0.0,0.0,0.0,0.0,0.0,0.0,0.0,24.6,0.0,24.6,5008.5,5008.5,0.0,0.0,0.0,0.0,0.0,209.3,0.0,0.0,0.0,0.0,0.0,0.0,0.0,4749.7,49.5,0.0
2050-07-03 19:00:00,2050-07-03 17:00:00,3510.5,0.0,0.0,9.5,3520.0,3332.5,843.3,843.3,0.0,0.0507,0.0918,upv,upv,0.0,0.0,0.0,0.0,0.0,0.0,0.0,0.0,0.0,0.0,0.0,0.0,0.1,0.3,0.0,0.0,0.1,0.1,142.7,2.7,0.27,16.9,1075.9,0.06,142.9,48.9,191.8,0.0,0.0,0.0,0.0,0.0,0.0,0.0,0.0,0.0,21.62,0.0,0.0,21.62,23.8,0.0,0.0,23.8,0.0,0.0,0.0,2676.8,2676.8,0.0,0.0,0.0,0.0,0.0,107.5,0.0,0.0,0.0,0.0,0.0,0.0,0.0,2439.5,129.8,0.0
2050-07-03 20:00:00,2050-07-03 18:00:00,3535.8,0.0,0.0,10.7,3546.4,3355.5,2868.4,0.0,1640.0,0.051,0.0925,battery,gas-cc,75.0,1.4,0.14,8.9,565.6,0.03,75.0,25.7,100.8,79.6,1.5,0.15,9.4,600.4,0.03,79.6,27.3,107.0,146.9,2.8,0.28,17.4,1107.7,0.06,147.1,50.4,197.5,449.7,8.5,0.85,53.1,3393.4,0.19,450.2,154.3,604.5,37.47,0.0,0.0,37.47,41.29,0.0,0.0,41.29,0.0,0.0,0.0,5186.4,678.0,3435.7,0.0,0.0,0.0,0.0,19.9,1072.7,0.0,0.0,0.0,0.0,0.0,0.0,451.1,207.0,0.0
2050-07-03 21:00:00,2050-07-03 19:00:00,3448.4,0.0,0.0,10.7,3459.1,3276.1,3244.2,0.0,1640.0,0.05,0.0902,battery,gas-cc,76.2,1.4,0.14,9.0,575.3,0.03,76.3,26.2,102.5,80.9,1.5,0.15,9.6,610.6,0.04,81.0,27.8,108.8,148.2,2.8,0.28,17.5,1117.6,0.06,148.4,50.8,199.2,448.6,8.5,0.85,53.0,3384.9,0.19,449.0,153.9,603.0,37.47,0.0,0.0,37.47,41.19,0.0,0.0,41.19,0.0,0.0,0.0,5099.0,214.9,3811.4,0.0,0.0,0.0,0.0,0.0,1072.7,0.0,0.0,0.0,0.0,0.0,0.0,0.0,214.9,0.0
2050-07-03 22:00:00,2050-07-03 20:00:00,3311.6,0.0,0.0,10.7,3322.2,3151.3,3129.9,0.0,1640.0,0.0484,0.0866,battery,gas-cc,78.3,1.5,0.15,9.3,591.2,0.03,78.4,26.9,105.3,83.0,1.6,0.16,9.8,626.2,0.04,83.1,28.5,111.6,147.7,2.8,0.28,17.4,1113.3,0.06,147.8,50.6,198.5,446.8,8.4,0.84,52.8,3371.6,0.19,447.3,153.3,600.6,37.47,0.0,0.0,37.47,41.02,0.0,0.0,41.02,0.0,0.0,0.0,4962.2,192.3,3697.1,0.0,0.0,0.0,0.0,0.0,1072.7,0.0,0.0,0.0,0.0,0.0,0.0,0.0,192.3,0.0
2050-07-03 23:00:00,2050-07-03 21:00:00,3085.3,0.0,0.0,9.1,3094.4,2943.9,2906.4,0.0,1406.6,0.0458,0.0807,battery,gas-cc,86.4,1.6,0.16,10.2,651.8,0.04,86.5,29.6,116.1,91.1,1.7,0.17,10.8,687.8,0.04,91.2,31.3,122.5,147.0,2.8,0.28,17.4,1108.1,0.06,147.1,50.4,197.5,382.7,7.2,0.72,45.2,2887.6,0.17,383.1,131.3,514.4,37.47,0.0,0.0,37.47,40.76,0.0,0.0,40.76,0.0,0.0,0.0,4501.0,188.0,3240.3,0.0,0.0,0.0,0.0,0.0,1072.7,0.0,0.0,0.0,0.0,0.0,0.0,0.0,188.0,0.0
2050-07-04 00:00:00,2050-07-03 22:00:00,2811.6,0.0,0.0,10.3,2821.9,2691.4,2599.3,0.0,1587.7,0.0428,0.0735,battery,gas-cc,88.2,1.7,0.17,10.4,665.3,0.04,88.3,30.3,118.5,92.7,1.7,0.17,11.0,699.7,0.04,92.8,31.8,124.6,146.4,2.8,0.28,17.3,1104.0,0.06,146.6,50.2,196.8,379.7,7.2,0.72,44.9,2865.3,0.16,380.1,130.3,510.4,37.47,0.0,0.0,37.47,40.44,0.0,0.0,40.44,0.0,0.0,0.0,4409.6,222.6,3114.3,0.0,0.0,0.0,0.0,0.0,1072.7,0.0,0.0,0.0,0.0,0.0,0.0,0.0,222.6,0.0
2050-07-04 01:00:00,2050-07-03 23:00:00,2580.0,0.0,0.0,7.7,2587.7,2476.1,2370.7,0.0,1183.7,0.0403,0.0675,battery,gas-cc,103.1,1.9,0.19,12.2,777.9,0.04,103.2,35.4,138.6,108.0,2.0,0.2,12.8,814.8,0.05,108.1,37.1,145.2,146.2,2.8,0.28,17.3,1102.0,0.06,146.3,50.1,196.5,377.2,7.1,0.71,44.6,2846.7,0.16,377.6,129.4,507.1,37.47,0.0,0.0,37.47,40.18,0.0,0.0,40.18,0.0,0.0,0.0,3771.4,217.0,2481.7,0.0,0.0,0.0,0.0,0.0,1072.7,0.0,0.0,0.0,0.0,0.0,0.0,0.0,217.0,0.0
2050-07-04 02:00:00,2050-07-04 00:00:00,2263.2,0.0,0.0,9.3,2272.5,2179.3,2075.9,0.0,1431.8,0.037,0.0592,battery,gas-cc,104.9,2.0,0.2,12.4,792.0,0.05,105.1,36.0,141.1,109.5,2.1,0.21,13.0,826.7,0.05,109.7,37.6,147.3,145.1,2.7,0.27,17.1,1094.0,0.06,145.3,49.8,195.0,373.9,7.0,0.7,44.2,2821.6,0.16,374.3,128.3,502.6,37.47,0.0,0.0,37.47,39.83,0.0,0.0,39.83,0.0,0.0,0.0,3704.3,196.6,2435.0,0.0,0.0,0.0,0.0,0.0,1072.7,0.0,0.0,0.0,0.0,0.0,0.0,0.0,196.6,0.0
2050-07-04 03:00:00,2050-07-04 01:00:00,2072.6,0.0,0.0,8.3,2080.9,1999.6,1995.8,0.0,1277.2,0.0352,0.0542,gas-cc,gas-cc,115.8,2.2,0.22,13.7,873.6,0.05,115.9,39.7,155.6,120.6,2.3,0.23,14.3,909.8,0.05,120.7,41.4,162.1,145.8,2.8,0.28,17.2,1099.1,0.06,145.9,50.0,195.9,371.9,7.0,0.7,43.9,2806.8,0.16,372.3,127.6,500.0,37.47,0.0,0.0,37.47,39.62,0.0,0.0,39.62,0.0,0.0,0.0,3358.2,85.1,2200.3,0.0,0.0,0.0,0.0,0.0,1072.7,0.0,0.0,0.0,0.0,0.0,0.0,0.0,85.1,0.0
2050-07-04 04:00:00,2050-07-04 02:00:00,1914.7,0.0,0.0,4.5,1919.3,1849.9,1885.1,0.0,699.0,0.0338,0.0501,gas-cc,gas-cc,148.5,2.8,0.28,17.5,1120.4,0.06,148.6,50.9,199.6,154.2,2.9,0.29,18.2,1163.4,0.07,154.3,52.9,207.3,145.6,2.8,0.28,17.2,1089.7,0.07,145.8,49.7,195.5,370.3,7.0,0.7,43.7,2794.6,0.16,370.7,127.1,497.8,37.47,0.0,0.0,37.47,39.45,0.0,0.0,39.45,0.0,0.0,0.0,2618.3,34.2,1511.4,0.0,0.0,0.0,0.0,0.0,1072.7,0.0,0.0,0.0,0.0,0.0,0.0,0.0,34.2,0.0
2050-07-04 05:00:00,2050-07-04 03:00:00,1806.3,0.0,0.0,0.0,1806.3,1746.8,1778.9,0.0,0.0,0.033,0.0472,battery,gas-cc,215.2,4.1,0.41,25.4,1624.1,0.09,215.5,73.8,289.3,222.9,4.2,0.42,26.3,1682.0,0.1,223.1,76.5,299.6,144.6,2.7,0.27,17.1,1090.1,0.06,144.7,49.6,194.3,428.3,8.1,0.81,50.6,3232.3,0.19,428.8,147.0,575.8,37.47,0.0,0.0,37.47,39.33,0.0,0.0,39.33,0.0,0.0,0.0,1806.3,27.4,706.2,0.0,0.0,0.0,0.0,0.0,1072.7,0.0,0.0,0.0,0.0,0.0,0.0,0.0,27.4,0.0
2050-07-04 06:00:00,2050-07-04 04:00:00,1754.7,0.0,0.0,0.0,1754.7,1697.6,1735.3,0.0,0.0,0.0326,0.0459,battery,gas-cc,221.5,4.2,0.42,26.2,1671.8,0.1,221.8,76.0,297.8,229.3,4.3,0.43,27.1,1730.6,0.1,229.6,78.7,308.3,167.4,3.2,0.32,19.8,1262.9,0.07,167.6,57.4,225.1,427.7,8.1,0.81,50.5,3227.8,0.19,428.2,146.8,575.0,37.47,0.0,0.0,37.47,39.27,0.0,0.0,39.27,0.0,0.0,0.0,1754.7,19.5,662.5,0.0,0.0,0.0,0.0,0.0,1072.7,0.0,0.0,0.0,0.0,0.0,0.0,0.0,19.5,0.0
2050-07-04 07:00:00,2050-07-04 05:00:00,1754.7,0.0,0.0,5.2,1759.9,1697.6,1407.7,335.0,0.0,0.0326,0.0459,gas-cc,gas-cc,272.8,5.1,0.51,32.2,2058.8,0.12,273.1,93.6,366.7,228.3,4.3,0.43,27.0,1723.0,0.1,228.6,78.3,306.9,140.9,2.7,0.27,16.7,1062.5,0.06,141.1,48.3,189.4,386.5,7.3,0.73,45.7,2916.6,0.17,386.9,132.6,519.5,37.15,0.0,0.0,37.15,38.94,0.0,0.0,38.94,0.0,0.0,0.0,1424.9,352.2,0.0,0.0,0.0,0.0,0.0,14.1,1072.7,0.0,0.0,0.0,0.0,0.0,0.0,318.9,19.3,0.0
2050-07-04 08:00:00,2050-07-04 06:00:00,1806.3,1093.1,0.0,7.4,2906.8,1746.8,517.4,517.4,0.0,0.033,0.0472,battery,wind-ons,0.0,0.0,0.0,0.0,0.0,0.0,0.0,0.0,0.0,0.0,0.0,0.0,0.1,0.1,0.0,0.0,0.1,0.1,140.1,2.6,0.27,16.6,1056.2,0.06,140.2,48.0,188.3,0.0,0.0,0.0,0.0,0.0,0.0,0.0,0.0,0.0,4.7,0.0,0.0,4.7,4.93,0.0,0.0,4.93,0.0,0.0,0.0,2389.4,2389.4,0.0,0.0,0.0,0.0,0.0,100.3,0.0,0.0,0.0,0.0,0.0,0.0,0.0,2276.3,12.8,0.0
2050-07-04 09:00:00,2050-07-04 07:00:00,1974.7,2142.8,0.0,6.9,4124.4,1906.9,445.3,445.3,0.0,0.0344,0.0516,battery,upv,0.0,0.0,0.0,0.0,0.0,0.0,0.0,0.0,0.0,0.0,0.0,0.0,0.0,0.0,0.0,0.0,0.0,0.0,140.3,2.6,0.27,16.6,1057.7,0.06,140.5,48.1,188.6,0.0,0.0,0.0,0.0,0.0,0.0,0.0,0.0,0.0,4.7,0.0,0.0,4.7,4.96,0.0,0.0,4.96,0.0,0.0,0.0,3679.1,3679.1,0.0,0.0,0.0,0.0,0.0,154.6,0.0,0.0,0.0,0.0,0.0,0.0,0.0,3509.0,15.5,0.0
2050-07-04 10:00:00,2050-07-04 08:00:00,2198.9,2431.9,0.0,5.4,4636.2,2118.9,-830.9,0.0,830.9,0.0364,0.0575,battery,upv,0.0,0.0,0.0,0.0,0.0,0.0,0.0,0.0,0.0,0.0,0.0,0.0,0.0,0.0,0.0,0.0,0.0,0.0,140.6,2.7,0.27,16.6,1060.0,0.06,140.8,48.2,189.0,0.0,0.0,0.0,0.0,0.0,0.0,0.0,0.0,0.0,4.55,0.0,0.0,4.55,4.83,0.0,0.0,4.83,0.0,0.0,0.0,5467.1,5467.1,0.0,0.0,0.0,0.0,0.0,229.9,0.0,0.0,0.0,0.0,0.0,0.0,0.0,5218.3,19.0,0.0
2050-07-04 11:00:00,2050-07-04 09:00:00,2332.6,2946.6,0.0,8.6,5287.8,2244.6,-1317.3,0.0,1317.3,0.0377,0.061,battery,upv,0.0,0.0,0.0,0.0,0.0,0.0,0.0,0.0,0.0,0.0,0.0,0.0,0.0,0.0,0.0,0.0,0.0,0.0,140.8,2.7,0.27,16.6,1061.4,0.06,140.9,48.3,189.2,0.0,0.0,0.0,0.0,0.0,0.0,0.0,0.0,0.0,4.55,0.0,0.0,4.55,4.84,0.0,0.0,4.84,0.0,0.0,0.0,6605.2,6605.2,0.0,0.0,0.0,0.0,0.0,277.7,0.0,0.0,0.0,0.0,0.0,0.0,0.0,6303.9,23.5,0.0
2050-07-04 12:00:00,2050-07-04 10:00:00,2402.1,3079.4,0.0,10.2,5491.7,2309.8,-1569.9,0.0,1569.9,0.0384,0.0628,battery,upv,0.0,0.0,0.0,0.0,0.0,0.0,0.0,0.0,0.0,0.0,0.0,0.0,0.0,0.0,0.0,0.0,0.0,0.0,140.9,2.7,0.27,16.6,1062.2,0.06,141.0,48.3,189.4,0.0,0.0,0.0,0.0,0.0,0.0,0.0,0.0,0.0,4.55,0.0,0.0,4.55,4.85,0.0,0.0,4.85,0.0,0.0,0.0,7061.6,7061.6,0.0,0.0,0.0,0.0,0.0,296.5,0.0,0.0,0.0,0.0,0.0,0.0,0.0,6727.2,38.0,0.0
2050-07-04 13:00:00,2050-07-04 11:00:00,2469.5,3981.7,0.0,8.9,6460.1,2372.9,-1376.4,0.0,1376.4,0.0391,0.0646,battery,upv,0.0,0.0,0.0,0.0,0.0,0.0,0.0,0.0,0.0,0.0,0.0,0.0,0.0,0.0,0.0,0.0,0.0,0.0,141.0,2.7,0.27,16.7,1063.0,0.06,141.1,48.4,189.5,0.0,0.0,0.0,0.0,0.0,0.0,0.0,0.0,0.0,4.55,0.0,0.0,4.55,4.86,0.0,0.0,4.86,0.0,0.0,0.0,7836.5,7836.5,0.0,0.0,0.0,0.0,0.0,328.6,0.0,0.0,0.0,0.0,0.0,0.0,0.0,7457.4,50.5,0.0
2050-07-04 14:00:00,2050-07-04 12:00:00,2505.3,4019.6,0.0,16.3,6541.1,2406.3,-2001.9,0.0,2001.9,0.0395,0.0655,battery,upv,0.0,0.0,0.0,0.0,0.0,0.0,0.0,0.0,0.0,0.0,0.0,0.0,0.0,0.0,0.0,0.0,0.0,0.0,141.1,2.7,0.27,16.7,1063.4,0.06,141.2,48.4,189.6,0.0,0.0,0.0,0.0,0.0,0.0,0.0,0.0,0.0,4.35,0.0,0.0,4.35,4.65,0.0,0.0,4.65,0.0,0.0,0.0,8543.0,8543.0,0.0,0.0,0.0,0.0,0.0,356.7,0.0,0.0,0.0,0.0,0.0,0.0,0.0,8097.2,89.1,0.0
2050-07-04 15:00:00,2050-07-04 13:00:00,2601.1,4019.6,0.0,21.0,6641.7,2495.7,-2308.7,0.0,2308.7,0.0405,0.068,battery,upv,0.0,0.0,0.0,0.0,0.0,0.0,0.0,0.0,0.0,0.0,0.0,0.0,0.0,0.0,0.0,0.0,0.0,0.0,141.2,2.7,0.27,16.7,1064.5,0.06,141.4,48.4,189.8,0.0,0.0,0.0,0.0,0.0,0.0,0.0,0.0,0.0,4.35,0.0,0.0,4.35,4.66,0.0,0.0,4.66,0.0,0.0,0.0,8950.4,8950.4,0.0,0.0,0.0,0.0,0.0,371.7,0.0,0.0,0.0,0.0,0.0,0.0,0.0,8439.7,139.0,0.0
2050-07-04 16:00:00,2050-07-04 14:00:00,2731.6,4019.6,0.0,17.4,6768.5,2617.2,-2072.2,0.0,2072.2,0.0419,0.0714,battery,upv,0.0,0.0,0.0,0.0,0.0,0.0,0.0,0.0,0.0,0.0,0.0,0.0,0.0,0.0,0.0,0.0,0.0,0.0,141.4,2.7,0.27,16.7,1066.0,0.06,141.6,48.5,190.0,0.0,0.0,0.0,0.0,0.0,0.0,0.0,0.0,0.0,4.35,0.0,0.0,4.35,4.68,0.0,0.0,4.68,0.0,0.0,0.0,8840.7,8840.7,0.0,0.0,0.0,0.0,0.0,363.4,0.0,0.0,0.0,0.0,0.0,0.0,0.0,8245.8,231.4,0.0
2050-07-04 17:00:00,2050-07-04 15:00:00,2850.5,2626.7,0.0,10.3,5487.6,2727.4,-1591.3,0.0,1591.3,0.0432,0.0745,battery,upv,0.0,0.0,0.0,0.0,0.0,0.0,0.0,0.0,0.0,0.0,0.0,0.0,0.0,0.0,0.0,0.0,0.0,0.0,141.6,2.7,0.27,16.7,1067.5,0.06,141.7,48.6,190.3,0.0,0.0,0.0,0.0,0.0,0.0,0.0,0.0,0.0,4.55,0.0,0.0,4.55,4.92,0.0,0.0,4.92,0.0,0.0,0.0,7078.9,7078.9,0.0,0.0,0.0,0.0,0.0,289.1,0.0,0.0,0.0,0.0,0.0,0.0,0.0,6559.2,230.6,0.0
2050-07-04 18:00:00,2050-07-04 16:00:00,2974.7,805.4,0.0,6.6,3786.8,2842.2,-1016.3,0.0,1016.3,0.0446,0.0778,upv,upv,0.0,0.0,0.0,0.0,0.0,0.0,0.0,0.0,0.0,0.0,0.0,0.0,0.0,0.0,0.0,0.0,0.0,0.0,143.1,2.7,0.27,16.9,1079.0,0.06,143.3,49.1,192.4,0.0,0.0,0.0,0.0,0.0,0.0,0.0,0.0,0.0,4.7,0.0,0.0,4.7,5.1,0.0,0.0,5.1,0.0,0.0,0.0,4803.1,4803.1,0.0,0.0,0.0,0.0,0.0,200.1,0.0,0.0,0.0,0.0,0.0,0.0,0.0,4539.7,63.3,0.0
2050-07-04 19:00:00,2050-07-04 17:00:00,3074.7,0.0,0.0,8.8,3083.6,2934.3,744.7,744.7,0.0,0.0457,0.0804,battery,hydro,0.0,0.0,0.0,0.0,0.0,0.0,0.0,0.0,0.0,0.0,0.0,0.0,0.1,0.3,0.0,0.0,0.1,0.1,144.9,2.7,0.27,17.1,1092.3,0.06,145.0,49.7,194.7,0.0,0.0,0.0,0.0,0.0,0.0,0.0,0.0,0.0,12.88,0.0,0.0,12.88,14.01,0.0,0.0,14.01,0.0,0.0,0.0,2338.9,2338.9,0.0,0.0,0.0,0.0,0.0,97.3,0.0,0.0,0.0,0.0,0.0,0.0,0.0,2206.9,34.8,0.0
2050-07-04 20:00:00,2050-07-04 18:00:00,3124.2,0.0,0.0,10.7,3134.9,2979.7,2818.4,0.0,1640.0,0.0462,0.0817,battery,gas-cc,81.4,1.5,0.15,9.6,614.4,0.04,81.5,27.9,109.4,86.0,1.6,0.16,10.2,648.9,0.04,86.1,29.5,115.6,146.9,2.8,0.28,17.4,1107.7,0.06,147.1,50.4,197.5,444.4,8.4,0.84,52.5,3353.7,0.19,444.9,152.5,597.4,37.41,0.0,0.0,37.41,40.73,0.0,0.0,40.73,0.0,0.0,0.0,4774.8,316.4,3385.7,0.0,0.0,0.0,0.0,12.2,1072.7,0.0,0.0,0.0,0.0,0.0,0.0,277.9,26.3,0.0
2050-07-04 21:00:00,2050-07-04 19:00:00,3021.1,0.0,0.0,9.8,3030.8,2884.9,3003.8,0.0,1501.1,0.0451,0.079,battery,gas-cc,85.8,1.6,0.16,10.1,647.3,0.04,85.9,29.4,115.3,90.5,1.7,0.17,10.7,682.9,0.04,90.6,31.1,121.7,146.9,2.8,0.28,17.4,1107.7,0.06,147.1,50.4,197.5,431.5,8.1,0.81,51.0,3256.4,0.19,432.0,148.1,580.1,37.41,0.0,0.0,37.41,40.61,0.0,0.0,40.61,0.0,0.0,0.0,4531.9,27.0,3432.2,0.0,0.0,0.0,0.0,0.0,1072.7,0.0,0.0,0.0,0.0,0.0,0.0,0.0,27.0,0.0
2050-07-04 22:00:00,2050-07-04 20:00:00,2914.7,0.0,0.0,10.5,2925.2,2786.8,2896.3,0.0,1611.6,0.0439,0.0762,battery,gas-cc,85.7,1.6,0.16,10.1,646.6,0.04,85.8,29.4,115.2,90.3,1.7,0.17,10.7,681.3,0.04,90.4,31.0,121.4,147.5,2.8,0.28,17.4,1112.0,0.06,147.7,50.6,198.2,430.2,8.1,0.81,50.8,3246.6,0.19,430.7,147.6,578.3,37.41,0.0,0.0,37.41,40.49,0.0,0.0,40.49,0.0,0.0,0.0,4536.8,28.9,3435.1,0.0,0.0,0.0,0.0,0.0,1072.7,0.0,0.0,0.0,0.0,0.0,0.0,0.0,28.9,0.0
2050-07-04 23:00:00,2050-07-04 21:00:00,2693.7,0.0,0.0,10.7,2704.3,2581.9,2666.4,0.0,1640.0,0.0415,0.0704,battery,gas-cc,89.5,1.7,0.17,10.6,675.3,0.04,89.6,30.7,120.3,94.0,1.8,0.18,11.1,709.4,0.04,94.1,32.3,126.4,146.1,2.8,0.28,17.3,1101.6,0.06,146.3,50.1,196.4,439.0,8.3,0.83,51.9,3313.0,0.19,439.5,150.6,590.2,37.41,0.0,0.0,37.41,40.24,0.0,0.0,40.24,0.0,0.0,0.0,4344.3,37.9,3233.7,0.0,0.0,0.0,0.0,0.0,1072.7,0.0,0.0,0.0,0.0,0.0,0.0,0.0,37.9,0.0
2050-07-05 00:00:00,2050-07-04 22:00:00,2530.5,0.0,0.0,9.5,2540.0,2429.9,2467.1,0.0,1456.3,0.0398,0.0662,battery,gas-cc,97.3,1.8,0.18,11.5,734.1,0.04,97.4,33.4,130.8,101.9,1.9,0.19,12.1,769.2,0.04,102.0,35.0,137.0,161.5,3.0,0.31,19.1,1217.5,0.07,161.6,55.4,217.0,339.0,6.4,0.64,40.1,2558.5,0.15,339.4,116.3,455.7,37.41,0.0,0.0,37.41,40.06,0.0,0.0,40.06,0.0,0.0,0.0,3996.3,72.9,2850.6,0.0,0.0,0.0,0.0,0.0,1072.7,0.0,0.0,0.0,0.0,0.0,0.0,0.0,72.9,0.0
2050-07-05 01:00:00,2050-07-04 23:00:00,2325.3,0.0,0.0,7.7,2332.9,2237.7,2273.4,0.0,1178.3,0.0377,0.0608,battery,gas-cc,110.7,2.1,0.21,13.1,835.5,0.05,110.8,38.0,148.8,115.6,2.2,0.22,13.7,872.6,0.05,115.8,39.7,155.5,149.0,2.8,0.28,17.6,1123.7,0.06,149.2,51.1,200.3,337.1,6.4,0.64,39.8,2543.9,0.15,337.5,115.7,453.1,37.41,0.0,0.0,37.41,39.83,0.0,0.0,39.83,0.0,0.0,0.0,3511.2,59.5,2378.9,0.0,0.0,0.0,0.0,0.0,1072.7,0.0,0.0,0.0,0.0,0.0,0.0,0.0,59.5,0.0
2050-07-05 02:00:00,2050-07-05 00:00:00,2046.3,0.0,0.0,10.7,2057.0,1974.7,1999.6,0.0,1640.0,0.035,0.0535,battery,gas-cc,105.2,2.0,0.2,12.4,793.5,0.05,105.3,36.1,141.4,109.6,2.1,0.21,13.0,826.8,0.05,109.7,37.6,147.3,145.4,2.7,0.28,17.2,1096.5,0.06,145.6,49.9,195.5,431.2,8.1,0.81,50.9,3253.8,0.19,431.6,147.9,579.6,37.41,0.0,0.0,37.41,39.52,0.0,0.0,39.52,0.0,0.0,0.0,3696.9,57.3,2566.9,0.0,0.0,0.0,0.0,0.0,1072.7,0.0,0.0,0.0,0.0,0.0,0.0,0.0,57.3,0.0
2050-07-05 03:00:00,2050-07-05 01:00:00,1891.6,0.0,0.0,7.3,1898.8,1827.9,1852.7,0.0,1117.3,0.0336,0.0495,hydro,gas-cc,128.9,2.4,0.24,15.2,972.7,0.06,129.0,44.2,173.3,133.9,2.5,0.25,15.8,1010.6,0.06,134.1,46.0,180.0,154.2,2.9,0.29,18.2,1162.4,0.07,154.3,52.9,207.2,370.1,7.0,0.7,43.7,2792.8,0.16,370.5,127.0,497.5,37.41,0.0,0.0,37.41,39.35,0.0,0.0,39.35,0.0,0.0,0.0,3016.1,46.2,1897.2,0.0,0.0,0.0,0.0,0.0,1072.7,0.0,0.0,0.0,0.0,0.0,0.0,0.0,46.2,0.0
2050-07-05 04:00:00,2050-07-05 02:00:00,1765.3,0.0,0.0,6.1,1771.3,1707.7,1755.2,0.0,931.2,0.0326,0.0462,hydro,gas-cc,143.9,2.7,0.27,17.0,1085.5,0.06,144.0,49.4,193.4,149.2,2.8,0.28,17.6,1126.0,0.07,149.4,51.2,200.6,153.7,2.9,0.29,18.2,1159.2,0.07,153.9,52.7,206.6,368.8,7.0,0.7,43.6,2783.1,0.16,369.2,126.5,495.8,37.41,0.0,0.0,37.41,39.22,0.0,0.0,39.22,0.0,0.0,0.0,2702.5,16.2,1613.6,0.0,0.0,0.0,0.0,0.0,1072.7,0.0,0.0,0.0,0.0,0.0,0.0,0.0,16.2,0.0
2050-07-05 05:00:00,2050-07-05 03:00:00,1685.3,0.0,0.0,3.5,1688.8,1631.3,1678.6,0.0,546.1,0.032,0.0441,battery,gas-cc,174.0,3.3,0.33,20.5,1312.7,0.08,174.1,59.7,233.8,180.1,3.4,0.34,21.3,1359.5,0.08,180.3,61.8,242.2,160.4,3.0,0.3,19.0,1209.4,0.07,160.6,55.0,215.6,349.3,6.6,0.66,41.3,2635.8,0.15,349.7,119.9,469.5,37.41,0.0,0.0,37.41,39.13,0.0,0.0,39.13,0.0,0.0,0.0,2234.9,10.2,1151.9,0.0,0.0,0.0,0.0,0.0,1072.7,0.0,0.0,0.0,0.0,0.0,0.0,0.0,10.2,0.0
2050-07-05 06:00:00,2050-07-05 04:00:00,1628.4,0.0,0.0,0.0,1628.4,1576.9,1618.5,0.0,0.0,0.0316,0.0426,battery,gas-cc,238.7,4.5,0.45,28.2,1801.5,0.1,239.0,81.9,320.9,246.8,4.7,0.47,29.2,1862.6,0.11,247.1,84.7,331.8,144.2,2.7,0.27,17.0,1087.1,0.06,144.4,49.5,193.8,426.3,8.0,0.8,50.4,3216.6,0.18,426.7,146.3,573.0,37.41,0.0,0.0,37.41,39.07,0.0,0.0,39.07,0.0,0.0,0.0,1628.4,10.0,545.7,0.0,0.0,0.0,0.0,0.0,1072.7,0.0,0.0,0.0,0.0,0.0,0.0,0.0,10.0,0.0
2050-07-05 07:00:00,2050-07-05 05:00:00,1603.2,0.0,0.0,9.4,1612.6,1552.7,1282.8,832.2,0.0,0.0315,0.0419,gas-cc,gas-cc,209.2,3.9,0.39,24.7,1579.0,0.09,209.5,71.8,281.3,109.5,2.1,0.21,13.5,827.7,0.06,109.6,38.2,147.8,141.4,2.7,0.27,16.7,1065.7,0.06,141.5,48.5,190.0,378.3,7.1,0.71,44.7,2854.4,0.16,378.7,129.8,508.5,33.36,0.0,0.0,33.36,34.82,0.0,0.0,34.82,0.0,0.0,0.0,780.4,329.8,0.0,0.0,0.0,0.0,0.0,13.6,450.6,0.0,0.0,0.0,0.0,0.0,0.0,308.4,7.8,0.0
2050-07-05 08:00:00,2050-07-05 06:00:00,1638.9,2363.7,0.0,12.1,4014.7,1587.0,1243.2,1243.2,0.0,0.0317,0.0429,battery,gas-cc,0.0,0.0,0.0,0.0,0.0,0.0,0.0,0.0,0.0,0.0,0.0,0.0,0.4,1.0,0.01,0.0,0.5,0.5,140.7,2.7,0.27,16.6,1061.1,0.06,140.9,48.3,189.2,334.8,6.3,0.63,39.5,2526.3,0.15,335.1,114.9,450.0,15.37,0.0,0.0,15.37,16.06,0.0,0.0,16.06,0.0,0.0,0.0,2771.6,2771.6,0.0,0.0,0.0,0.0,0.0,116.7,0.0,0.0,0.0,0.0,0.0,0.0,0.0,2649.5,5.3,0.0
2050-07-05 09:00:00,2050-07-05 07:00:00,1765.3,2546.8,0.0,12.1,4324.2,1707.7,1243.2,1243.2,0.0,0.0326,0.0462,battery,gas-cc,0.0,0.0,0.0,0.0,0.0,0.0,0.0,0.0,0.0,0.0,0.0,0.0,0.4,0.8,0.01,0.0,0.4,0.4,140.1,2.6,0.27,16.5,1055.9,0.06,140.2,48.0,188.2,335.9,6.3,0.63,39.7,2535.0,0.15,336.3,115.3,451.6,15.37,0.0,0.0,15.37,16.11,0.0,0.0,16.11,0.0,0.0,0.0,3081.0,3081.0,0.0,0.0,0.0,0.0,0.0,129.6,0.0,0.0,0.0,0.0,0.0,0.0,0.0,2940.3,11.1,0.0
2050-07-05 10:00:00,2050-07-05 08:00:00,1948.4,3081.2,0.0,8.1,5037.7,1881.9,635.2,635.2,0.0,0.0341,0.051,battery,gas-cc,0.0,0.0,0.0,0.0,0.0,0.0,0.0,0.0,0.0,0.0,0.0,0.0,0.1,0.2,0.0,0.0,0.1,0.1,140.3,2.6,0.27,16.6,1057.5,0.06,140.4,48.1,188.5,327.5,6.2,0.62,38.7,2471.5,0.14,327.9,112.4,440.3,15.37,0.0,0.0,15.37,16.19,0.0,0.0,16.19,0.0,0.0,0.0,4402.5,4402.5,0.0,0.0,0.0,0.0,0.0,185.3,0.0,0.0,0.0,0.0,0.0,0.0,0.0,4206.9,10.3,0.0
2050-07-05 11:00:00,2050-07-05 09:00:00,2038.9,4019.6,0.0,7.9,6066.4,1967.7,596.2,596.2,0.0,0.0349,0.0533,battery,gas-cc,0.0,0.0,0.0,0.0,0.0,0.0,0.0,0.0,0.0,0.0,0.0,0.0,0.0,0.1,0.0,0.0,0.0,0.0,140.7,2.7,0.27,16.6,1060.9,0.06,140.9,48.3,189.1,328.3,6.2,0.62,38.8,2477.7,0.14,328.7,112.7,441.4,15.37,0.0,0.0,15.37,16.23,0.0,0.0,16.23,0.0,0.0,0.0,5470.2,5470.2,0.0,0.0,0.0,0.0,0.0,230.4,0.0,0.0,0.0,0.0,0.0,0.0,0.0,5228.0,11.8,0.0
2050-07-05 12:00:00,2050-07-05 10:00:00,2007.4,3629.9,0.0,11.8,5649.1,1937.8,1204.1,1204.1,0.0,0.0346,0.0525,battery,gas-cc,0.0,0.0,0.0,0.0,0.0,0.0,0.0,0.0,0.0,0.0,0.0,0.0,0.2,0.4,0.0,0.0,0.2,0.2,140.5,2.7,0.27,16.6,1059.1,0.06,140.6,48.2,188.8,328.1,6.2,0.62,38.8,2475.6,0.14,328.4,112.6,441.0,15.37,0.0,0.0,15.37,16.22,0.0,0.0,16.22,0.0,0.0,0.0,4445.0,4445.0,0.0,0.0,0.0,0.0,0.0,186.6,0.0,0.0,0.0,0.0,0.0,0.0,0.0,4232.8,25.7,0.0
2050-07-05 13:00:00,2050-07-05 11:00:00,1992.6,3435.1,0.0,10.7,5438.5,1923.9,1036.3,1036.3,0.0,0.0345,0.0521,battery,gas-cc,0.0,0.0,0.0,0.0,0.0,0.0,0.0,0.0,0.0,0.0,0.0,0.0,0.1,0.3,0.0,0.0,0.2,0.2,140.3,2.6,0.27,16.6,1058.0,0.06,140.5,48.1,188.6,327.9,6.2,0.62,38.7,2474.5,0.14,328.3,112.5,440.8,15.37,0.0,0.0,15.37,16.21,0.0,0.0,16.21,0.0,0.0,0.0,4402.2,4402.2,0.0,0.0,0.0,0.0,0.0,184.7,0.0,0.0,0.0,0.0,0.0,0.0,0.0,4190.8,26.7,0.0
2050-07-05 14:00:00,2050-07-05 12:00:00,1976.8,2935.4,0.0,12.1,4924.3,1908.9,1243.2,1243.2,0.0,0.0344,0.0517,battery,gas-cc,0.0,0.0,0.0,0.0,0.0,0.0,0.0,0.0,0.0,0.0,0.0,0.0,0.2,0.5,0.0,0.0,0.2,0.2,140.3,2.6,0.27,16.6,1057.9,0.06,140.5,48.1,188.6,337.9,6.4,0.64,39.9,2549.8,0.15,338.3,115.9,454.2,15.37,0.0,0.0,15.37,16.21,0.0,0.0,16.21,0.0,0.0,0.0,3681.1,3681.1,0.0,0.0,0.0,0.0,0.0,153.6,0.0,0.0,0.0,0.0,0.0,0.0,0.0,3486.4,41.1,0.0
2050-07-05 15:00:00,2050-07-05 13:00:00,1969.5,2042.2,0.0,11.2,4022.9,1901.9,1102.0,1102.0,0.0,0.0343,0.0515,battery,gas-cc,0.0,0.0,0.0,0.0,0.0,0.0,0.0,0.0,0.0,0.0,0.0,0.0,0.2,0.5,0.0,0.0,0.2,0.2,140.3,2.6,0.27,16.6,1057.7,0.06,140.4,48.1,188.6,327.7,6.2,0.62,38.7,2473.0,0.14,328.1,112.4,440.5,15.37,0.0,0.0,15.37,16.2,0.0,0.0,16.2,0.0,0.0,0.0,2920.9,2920.9,0.0,0.0,0.0,0.0,0.0,116.3,0.0,0.0,0.0,0.0,0.0,0.0,0.0,2639.8,164.7,0.0
2050-07-05 16:00:00,2050-07-05 14:00:00,1966.3,2152.0,0.0,12.1,4130.4,1898.9,1243.2,1243.2,0.0,0.0343,0.0514,battery,gas-cc,0.0,0.0,0.0,0.0,0.0,0.0,0.0,0.0,0.0,0.0,0.0,0.0,0.2,0.6,0.01,0.0,0.3,0.3,140.3,2.6,0.27,16.6,1057.6,0.06,140.4,48.1,188.6,337.8,6.4,0.64,39.9,2549.1,0.15,338.2,115.9,454.1,15.37,0.0,0.0,15.37,16.2,0.0,0.0,16.2,0.0,0.0,0.0,2887.2,2887.2,0.0,0.0,0.0,0.0,0.0,119.3,0.0,0.0,0.0,0.0,0.0,0.0,0.0,2707.7,60.3,0.0
2050-07-05 17:00:00,2050-07-05 15:00:00,1941.1,2139.1,0.0,12.1,4092.2,1874.9,1243.2,1243.2,0.0,0.0341,0.0508,battery,gas-cc,0.0,0.0,0.0,0.0,0.0,0.0,0.0,0.0,0.0,0.0,0.0,0.0,0.3,0.7,0.01,0.0,0.3,0.3,140.8,2.7,0.27,16.6,1061.4,0.06,140.9,48.3,189.2,337.6,6.4,0.64,39.9,2547.3,0.15,337.9,115.8,453.8,15.37,0.0,0.0,15.37,16.19,0.0,0.0,16.19,0.0,0.0,0.0,2849.0,2849.0,0.0,0.0,0.0,0.0,0.0,116.7,0.0,0.0,0.0,0.0,0.0,0.0,0.0,2649.5,82.8,0.0
2050-07-05 18:00:00,2050-07-05 16:00:00,1989.5,2821.5,0.0,11.9,4823.0,1920.9,1219.7,1219.7,0.0,0.0345,0.052,battery,gas-cc,0.0,0.0,0.0,0.0,0.0,0.0,0.0,0.0,0.0,0.0,0.0,0.0,0.3,0.7,0.01,0.0,0.3,0.3,142.5,2.7,0.27,16.8,1074.5,0.06,142.7,48.9,191.6,327.9,6.2,0.62,38.7,2474.3,0.14,328.2,112.5,440.8,15.37,0.0,0.0,15.37,16.21,0.0,0.0,16.21,0.0,0.0,0.0,3603.3,3603.3,0.0,0.0,0.0,0.0,0.0,149.2,0.0,0.0,0.0,0.0,0.0,0.0,0.0,3386.2,67.8,0.0
2050-07-05 19:00:00,2050-07-05 17:00:00,2095.8,0.0,0.0,8.4,2104.2,2021.5,-1296.0,0.0,1296.0,0.0354,0.0548,battery,gas-cc,0.0,0.0,0.0,0.0,0.0,0.0,0.0,0.0,0.0,0.0,0.0,0.0,0.0,0.0,0.0,0.0,0.0,0.0,146.3,2.8,0.28,17.3,1103.1,0.06,146.5,50.2,196.6,439.0,8.3,0.83,51.9,3313.1,0.19,439.5,150.6,590.2,20.29,0.0,0.0,20.29,21.47,0.0,0.0,21.47,0.0,0.0,0.0,3400.2,3400.2,0.0,0.0,0.0,0.0,0.0,141.8,0.0,0.0,0.0,0.0,0.0,0.0,0.0,3218.2,40.2,0.0
2050-07-05 20:00:00,2050-07-05 18:00:00,2213.7,0.0,0.0,8.5,2222.2,2132.7,858.8,0.0,1313.3,0.0366,0.0579,battery,gas-cc,0.0,0.0,0.0,0.0,0.0,0.0,0.0,0.0,0.0,0.5,0.0,0.0,0.1,4.0,0.0,0.5,0.2,0.7,151.1,2.9,0.29,17.9,1139.1,0.07,151.2,51.8,203.1,371.5,7.0,0.7,43.9,2803.7,0.16,371.9,127.5,499.4,26.35,0.0,0.0,26.35,27.97,0.0,0.0,27.97,0.0,0.0,0.0,3535.5,1363.4,2172.1,0.0,0.0,0.0,0.0,56.7,0.0,0.0,0.0,0.0,0.0,0.0,0.0,1286.8,19.9,0.0
2050-07-05 21:00:00,2050-07-05 19:00:00,2206.3,0.0,0.0,4.0,2210.3,2125.8,2204.1,0.0,617.5,0.0365,0.0577,battery,gas-cc,0.0,0.0,0.0,0.0,0.0,0.0,0.0,0.0,0.0,0.9,0.0,0.0,0.1,6.5,0.0,0.9,0.3,1.2,146.8,2.8,0.28,17.3,1106.4,0.06,146.9,50.3,197.2,361.8,6.8,0.68,42.7,2730.2,0.16,362.2,124.1,486.3,26.35,0.0,0.0,26.35,27.96,0.0,0.0,27.96,0.0,0.0,0.0,2827.8,6.3,2821.5,0.0,0.0,0.0,0.0,0.0,0.0,0.0,0.0,0.0,0.0,0.0,0.0,0.0,6.3,0.0
2050-07-05 22:00:00,2050-07-05 20:00:00,2170.5,0.0,0.0,9.3,2179.8,2092.1,2173.4,0.0,1427.4,0.0361,0.0568,battery,gas-cc,0.0,0.0,0.0,0.0,0.0,0.0,0.0,0.0,0.0,0.9,0.0,0.0,0.1,6.5,0.0,0.9,0.3,1.2,145.7,2.8,0.28,17.2,1098.5,0.06,145.9,50.0,195.8,361.4,6.8,0.68,42.7,2727.4,0.16,361.8,124.0,485.8,26.35,0.0,0.0,26.35,27.93,0.0,0.0,27.93,0.0,0.0,0.0,3607.2,6.4,3600.8,0.0,0.0,0.0,0.0,0.0,0.0,0.0,0.0,0.0,0.0,0.0,0.0,0.0,6.4,0.0
2050-07-05 23:00:00,2050-07-05 21:00:00,2090.5,0.0,0.0,8.6,2099.1,2016.5,2086.6,0.0,1319.4,0.0354,0.0547,battery,gas-cc,0.0,0.0,0.0,0.0,0.0,0.0,0.0,0.0,0.0,0.9,0.0,0.0,0.1,6.5,0.0,0.9,0.3,1.2,147.7,2.8,0.28,17.4,1113.4,0.06,147.8,50.6,198.5,360.6,6.8,0.68,42.6,2721.4,0.16,361.0,123.7,484.8,26.35,0.0,0.0,26.35,27.87,0.0,0.0,27.87,0.0,0.0,0.0,3418.5,12.5,3406.0,0.0,0.0,0.0,0.0,0.0,0.0,0.0,0.0,0.0,0.0,0.0,0.0,0.0,12.5,0.0
2050-07-06 00:00:00,2050-07-05 22:00:00,2044.2,0.0,0.0,2.0,2046.2,1972.7,2030.2,0.0,309.2,0.035,0.0535,battery,gas-cc,0.0,0.0,0.0,0.0,0.0,0.0,0.0,0.0,0.0,0.9,0.0,0.0,0.1,6.5,0.0,0.9,0.3,1.2,147.3,2.8,0.28,17.4,1110.8,0.06,147.5,50.5,198.0,369.8,7.0,0.7,43.7,2790.6,0.16,370.2,126.9,497.1,26.57,0.0,0.0,26.57,28.07,0.0,0.0,28.07,0.0,0.0,0.0,2355.5,16.0,2339.5,0.0,0.0,0.0,0.0,0.0,0.0,0.0,0.0,0.0,0.0,0.0,0.0,0.0,16.0,0.0
2050-07-06 01:00:00,2050-07-05 23:00:00,1881.1,0.0,0.0,1.2,1882.3,1817.9,1863.6,0.0,191.1,0.0336,0.0492,battery,gas-cc,0.0,0.0,0.0,0.0,0.0,0.0,0.0,0.0,0.0,0.8,0.0,0.0,0.1,6.5,0.0,0.8,0.3,1.2,146.1,2.8,0.28,17.3,1101.6,0.06,146.3,50.1,196.4,368.1,6.9,0.69,43.5,2778.1,0.16,368.5,126.3,494.9,26.57,0.0,0.0,26.57,27.95,0.0,0.0,27.95,0.0,0.0,0.0,2073.4,18.7,2054.7,0.0,0.0,0.0,0.0,0.0,0.0,0.0,0.0,0.0,0.0,0.0,0.0,0.0,18.7,0.0
2050-07-06 02:00:00,2050-07-06 00:00:00,1693.7,0.0,0.0,3.0,1696.7,1639.3,1676.4,0.0,466.6,0.0321,0.0443,battery,gas-cc,0.0,0.0,0.0,0.0,0.0,0.0,0.0,0.0,0.0,0.8,0.0,0.0,0.1,6.5,0.0,0.8,0.3,1.2,157.5,3.0,0.31,18.6,1176.4,0.07,157.7,53.7,211.4,366.3,6.9,0.69,43.3,2763.9,0.16,366.7,125.7,492.3,26.57,0.0,0.0,26.57,27.81,0.0,0.0,27.81,0.0,0.0,0.0,2163.4,20.3,2143.1,0.0,0.0,0.0,0.0,0.0,0.0,0.0,0.0,0.0,0.0,0.0,0.0,0.0,20.3,0.0
2050-07-06 03:00:00,2050-07-06 01:00:00,1572.6,0.0,0.0,5.4,1578.0,1523.4,1566.9,0.0,824.8,0.0313,0.0411,gas-cc,gas-cc,0.0,0.0,0.0,0.0,0.0,0.0,0.0,0.0,0.0,0.9,0.0,0.0,0.1,6.5,0.0,0.9,0.3,1.2,153.4,2.9,0.3,18.1,1151.0,0.07,153.6,52.5,206.1,366.9,6.9,0.69,43.3,2768.5,0.16,367.3,125.9,493.2,26.57,0.0,0.0,26.57,27.71,0.0,0.0,27.71,0.0,0.0,0.0,2402.7,11.1,2391.6,0.0,0.0,0.0,0.0,0.0,0.0,0.0,0.0,0.0,0.0,0.0,0.0,0.0,11.1,0.0
2050-07-06 04:00:00,2050-07-06 02:00:00,1478.9,0.0,0.0,3.9,1482.8,1433.5,1472.4,0.0,598.9,0.0307,0.0387,battery,gas-cc,0.0,0.0,0.0,0.0,0.0,0.0,0.0,0.0,0.0,0.8,0.0,0.0,0.1,6.5,0.0,0.9,0.3,1.2,162.5,3.1,0.31,19.2,1225.4,0.07,162.7,55.7,218.4,364.1,6.9,0.69,43.0,2747.7,0.16,364.5,124.9,489.4,26.57,0.0,0.0,26.57,27.64,0.0,0.0,27.64,0.0,0.0,0.0,2081.8,10.4,2071.3,0.0,0.0,0.0,0.0,0.0,0.0,0.0,0.0,0.0,0.0,0.0,0.0,0.0,10.4,0.0
2050-07-06 05:00:00,2050-07-06 03:00:00,1423.2,0.0,0.0,2.8,1425.9,1379.8,1414.0,0.0,423.1,0.0305,0.0372,battery,gas-cc,0.0,0.0,0.0,0.0,0.0,0.0,0.0,0.0,0.0,0.8,0.0,0.0,0.1,6.5,0.0,0.8,0.3,1.2,145.8,2.8,0.28,17.2,1099.3,0.06,146.0,50.0,196.0,363.6,6.9,0.69,42.9,2743.5,0.16,364.0,124.7,488.7,26.57,0.0,0.0,26.57,27.6,0.0,0.0,27.6,0.0,0.0,0.0,1849.0,11.9,1837.1,0.0,0.0,0.0,0.0,0.0,0.0,0.0,0.0,0.0,0.0,0.0,0.0,0.0,11.9,0.0
2050-07-06 06:00:00,2050-07-06 04:00:00,1402.1,0.0,0.0,0.9,1403.0,1359.5,1395.5,0.0,133.9,0.0304,0.0367,battery,gas-cc,0.0,0.0,0.0,0.0,0.0,0.0,0.0,0.0,0.0,0.8,0.0,0.0,0.1,6.5,0.0,0.9,0.3,1.2,145.0,2.7,0.27,17.1,1093.3,0.06,145.2,49.7,194.9,363.4,6.8,0.68,42.9,2742.0,0.16,363.8,124.7,488.4,26.57,0.0,0.0,26.57,27.59,0.0,0.0,27.59,0.0,0.0,0.0,1536.9,7.5,1529.4,0.0,0.0,0.0,0.0,0.0,0.0,0.0,0.0,0.0,0.0,0.0,0.0,0.0,7.5,0.0
2050-07-06 07:00:00,2050-07-06 05:00:00,1423.2,0.0,0.0,0.5,1423.6,1379.8,51.5,0.0,72.7,0.0305,0.0372,phs,gas-cc,0.0,0.0,0.0,0.0,0.0,0.0,0.0,0.0,0.0,0.1,0.0,0.0,0.0,0.5,0.0,0.1,0.0,0.1,159.1,3.0,0.3,18.8,1199.3,0.07,159.2,54.6,213.8,403.8,7.6,0.76,47.7,3047.0,0.18,404.2,138.5,542.8,26.35,0.0,0.0,26.35,27.37,0.0,0.0,27.37,0.0,0.0,0.0,1496.4,1372.1,124.2,0.0,0.0,0.0,0.0,57.7,0.0,0.0,0.0,0.0,0.0,0.0,0.0,1308.6,5.9,0.0
2050-07-06 08:00:00,2050-07-06 06:00:00,1510.5,1558.6,0.0,0.0,3069.1,1463.8,0.0,0.0,0.0,0.0309,0.0395,upv,upv,0.0,0.0,0.0,0.0,0.0,0.0,0.0,0.0,0.0,0.0,0.0,0.0,0.0,0.0,0.0,0.0,0.0,0.0,139.9,2.6,0.26,16.5,1055.0,0.06,140.1,48.0,188.1,0.0,0.0,0.0,0.0,0.0,0.0,0.0,0.0,0.0,0.0,0.0,0.0,0.0,0.0,0.0,0.0,0.0,1.4,2983.0,2984.4,3069.1,3069.1,0.0,0.0,0.0,0.0,0.0,255.5,0.0,0.0,0.0,0.0,0.0,0.0,0.0,2813.6,0.0,0.0
2050-07-06 09:00:00,2050-07-06 07:00:00,1722.1,2813.0,0.0,0.0,4535.1,1666.5,0.0,0.0,0.0,0.0323,0.045,upv,upv,0.0,0.0,0.0,0.0,0.0,0.0,0.0,0.0,0.0,0.0,0.0,0.0,0.0,0.0,0.0,0.0,0.0,0.0,140.5,2.7,0.27,16.6,1059.3,0.06,140.7,48.2,188.8,0.0,0.0,0.0,0.0,0.0,0.0,0.0,0.0,0.0,0.0,0.0,0.0,0.0,0.0,0.0,0.0,0.0,0.1,3824.3,3824.5,4535.1,4535.1,0.0,0.0,0.0,0.0,0.0,352.8,0.0,0.0,0.0,0.0,0.0,0.0,0.0,4182.4,0.0,0.0
2050-07-06 10:00:00,2050-07-06 08:00:00,1971.6,2431.9,0.0,0.0,4403.5,1903.9,0.0,0.0,0.0,0.0343,0.0516,upv,upv,0.0,0.0,0.0,0.0,0.0,0.0,0.0,0.0,0.0,0.0,0.0,0.0,0.0,0.0,0.0,0.0,0.0,0.0,140.5,2.7,0.27,16.6,1059.5,0.06,140.7,48.2,188.9,0.0,0.0,0.0,0.0,0.0,0.0,0.0,0.0,0.0,0.0,0.0,0.0,0.0,0.0,0.0,0.0,0.0,0.2,5669.8,5670.0,4403.5,4403.5,0.0,0.0,0.0,0.0,0.0,0.0,0.0,0.0,0.0,0.0,0.0,0.0,0.0,4403.5,0.0,0.0
2050-07-06 11:00:00,2050-07-06 09:00:00,2085.3,2655.8,0.0,0.0,4741.1,2011.5,0.0,0.0,0.0,0.0354,0.0545,upv,upv,0.0,0.0,0.0,0.0,0.0,0.0,0.0,0.0,0.0,0.0,0.0,0.0,0.0,0.0,0.0,0.0,0.0,0.0,140.4,2.7,0.27,16.6,1058.8,0.06,140.6,48.2,188.8,0.0,0.0,0.0,0.0,0.0,0.0,0.0,0.0,0.0,0.0,0.0,0.0,0.0,0.0,0.0,0.0,0.0,1.0,5413.0,5414.0,4741.1,4741.1,0.0,0.0,0.0,0.0,0.0,428.4,0.0,0.0,0.0,0.0,0.0,0.0,0.0,4312.7,0.0,0.0
2050-07-06 12:00:00,2050-07-06 10:00:00,2183.2,2655.8,0.0,0.0,4839.0,2104.0,0.0,0.0,0.0,0.0363,0.0571,upv,upv,0.0,0.0,0.0,0.0,0.0,0.0,0.0,0.0,0.0,0.0,0.0,0.0,0.0,0.0,0.0,0.0,0.0,0.0,140.8,2.7,0.27,16.6,1061.2,0.06,140.9,48.3,189.2,0.0,0.0,0.0,0.0,0.0,0.0,0.0,0.0,0.0,0.0,0.0,0.0,0.0,0.0,0.0,0.0,0.0,1.8,5126.2,5128.0,4839.0,4839.0,0.0,0.0,0.0,0.0,0.0,0.0,0.0,0.0,0.0,0.0,0.0,0.0,0.0,4839.0,0.0,0.0
2050-07-06 13:00:00,2050-07-06 11:00:00,2283.2,4019.6,0.0,0.0,6302.7,2198.1,0.0,0.0,0.0,0.0372,0.0597,upv,upv,0.0,0.0,0.0,0.0,0.0,0.0,0.0,0.0,0.0,0.0,0.0,0.0,0.0,0.0,0.0,0.0,0.0,0.0,140.9,2.7,0.27,16.6,1062.1,0.06,141.0,48.3,189.4,0.0,0.0,0.0,0.0,0.0,0.0,0.0,0.0,0.0,0.0,0.0,0.0,0.0,0.0,0.0,0.0,0.0,3.1,3723.1,3726.2,6302.7,6302.7,0.0,0.0,0.0,0.0,0.0,0.0,0.0,0.0,0.0,0.0,0.0,0.0,0.0,6302.7,0.0,0.0
2050-07-06 14:00:00,2050-07-06 12:00:00,2394.7,3795.7,0.0,0.0,6190.4,2302.9,0.0,0.0,0.0,0.0384,0.0626,upv,upv,0.0,0.0,0.0,0.0,0.0,0.0,0.0,0.0,0.0,0.0,0.0,0.0,0.0,0.0,0.0,0.0,0.0,0.0,143.4,2.7,0.27,16.9,1080.8,0.06,143.5,49.2,192.7,0.0,0.0,0.0,0.0,0.0,0.0,0.0,0.0,0.0,0.0,0.0,0.0,0.0,0.0,0.0,0.0,0.0,8.7,4058.4,4067.2,6190.4,6190.4,0.0,0.0,0.0,0.0,0.0,0.0,0.0,0.0,0.0,0.0,0.0,0.0,0.0,6190.4,0.0,0.0
2050-07-06 15:00:00,2050-07-06 13:00:00,2500.0,3241.3,0.0,0.0,5741.3,2401.4,0.0,0.0,0.0,0.0394,0.0654,upv,upv,0.0,0.0,0.0,0.0,0.0,0.0,0.0,0.0,0.0,0.0,0.0,0.0,0.0,0.0,0.0,0.0,0.0,0.0,141.0,2.7,0.27,16.7,1063.3,0.06,141.2,48.4,189.6,0.0,0.0,0.0,0.0,0.0,0.0,0.0,0.0,0.0,0.0,0.0,0.0,0.0,0.0,0.0,0.0,0.0,69.0,3940.5,4009.5,5741.3,5741.3,0.0,0.0,0.0,0.0,0.0,408.5,0.0,0.0,0.0,0.0,0.0,0.0,0.0,5332.8,0.0,0.0
2050-07-06 16:00:00,2050-07-06 14:00:00,2590.5,2689.8,0.0,0.0,5280.3,2485.9,0.0,0.0,0.0,0.0404,0.0677,upv,upv,0.0,0.0,0.0,0.0,0.0,0.0,0.0,0.0,0.0,0.0,0.0,0.0,0.0,0.0,0.0,0.0,0.0,0.0,141.2,2.7,0.27,16.7,1064.4,0.06,141.3,48.4,189.8,0.0,0.0,0.0,0.0,0.0,0.0,0.0,0.0,0.0,0.0,0.0,0.0,0.0,0.0,0.0,0.0,0.0,0.0,3804.7,3804.7,5280.3,5280.3,0.0,0.0,0.0,0.0,0.0,381.1,0.0,0.0,0.0,0.0,0.0,0.0,0.0,4841.8,57.4,0.0
2050-07-06 17:00:00,2050-07-06 15:00:00,2698.9,2784.7,0.0,0.0,5483.7,2586.8,0.0,0.0,0.0,0.0415,0.0706,upv,upv,0.0,0.0,0.0,0.0,0.0,0.0,0.0,0.0,0.0,0.0,0.0,0.0,0.0,0.0,0.0,0.0,0.0,0.0,141.4,2.7,0.27,16.7,1065.6,0.06,141.5,48.5,190.0,0.0,0.0,0.0,0.0,0.0,0.0,0.0,0.0,0.0,0.0,0.0,0.0,0.0,0.0,0.0,0.0,0.0,83.3,2248.3,2331.5,5483.7,5483.7,0.0,0.0,0.0,0.0,0.0,326.2,0.0,0.0,0.0,0.0,0.0,0.0,0.0,5157.4,0.0,0.0
2050-07-06 18:00:00,2050-07-06 16:00:00,2837.9,2520.3,0.0,0.0,5358.2,2715.7,0.0,0.0,0.0,0.043,0.0742,upv,upv,0.0,0.0,0.0,0.0,0.0,0.0,0.0,0.0,0.0,0.0,0.0,0.0,0.0,0.0,0.0,0.0,0.0,0.0,141.6,2.7,0.27,16.7,1067.3,0.06,141.7,48.6,190.3,0.0,0.0,0.0,0.0,0.0,0.0,0.0,0.0,0.0,0.0,0.0,0.0,0.0,0.0,0.0,0.0,0.0,28.7,1584.5,1613.2,5358.2,5358.2,0.0,0.0,0.0,0.0,0.0,293.0,0.0,0.0,0.0,0.0,0.0,0.0,0.0,5065.1,0.0,0.0
2050-07-06 19:00:00,2050-07-06 17:00:00,2980.0,0.0,0.0,12.5,2992.5,2847.0,-1755.8,0.0,1755.8,0.0446,0.0779,wind-ons,wind-ons,0.0,0.0,0.0,0.0,0.0,0.0,0.0,0.0,0.0,0.0,0.0,0.0,0.0,0.0,0.0,0.0,0.0,0.0,144.2,2.7,0.27,17.0,1087.5,0.06,144.4,49.5,193.9,0.0,0.0,0.0,0.0,0.0,0.0,0.0,0.0,0.0,4.49,0.0,0.0,4.49,4.87,0.0,0.0,4.87,0.0,0.0,0.0,4748.3,4748.3,0.0,0.0,0.0,0.0,0.0,198.7,0.0,0.0,0.0,0.0,0.0,0.0,0.0,4507.4,42.2,0.0
2050-07-06 20:00:00,2050-07-06 18:00:00,3046.3,0.0,0.0,8.0,3054.4,2908.1,1786.4,0.0,1237.7,0.0454,0.0797,gas-cc,gas-cc,90.6,1.7,0.17,10.7,683.5,0.04,90.7,31.1,121.8,95.3,1.8,0.18,11.3,719.0,0.04,95.4,32.7,128.1,145.8,2.8,0.28,17.2,1098.9,0.06,145.9,50.0,195.9,382.2,7.2,0.72,45.2,2884.4,0.17,382.7,131.2,513.8,37.47,0.0,0.0,37.47,40.71,0.0,0.0,40.71,0.0,0.0,0.0,4292.0,1267.9,1951.3,0.0,0.0,0.0,0.0,49.6,1072.7,0.0,0.0,0.0,0.0,0.0,0.0,1126.0,92.3,0.0
2050-07-06 21:00:00,2050-07-06 19:00:00,2976.8,0.0,0.0,10.7,2987.5,2844.1,2891.9,0.0,1640.0,0.0446,0.0778,battery,gas-cc,84.0,1.6,0.16,9.9,634.0,0.04,84.1,28.8,112.9,88.6,1.7,0.17,10.5,668.5,0.04,88.7,30.4,119.1,148.0,2.8,0.28,17.5,1116.0,0.06,148.2,50.8,198.9,442.6,8.3,0.83,52.3,3339.6,0.19,443.0,151.9,594.9,37.47,0.0,0.0,37.47,40.63,0.0,0.0,40.63,0.0,0.0,0.0,4627.5,95.6,3459.1,0.0,0.0,0.0,0.0,0.0,1072.7,0.0,0.0,0.0,0.0,0.0,0.0,0.0,95.6,0.0
2050-07-06 22:00:00,2050-07-06 20:00:00,2863.2,0.0,0.0,10.7,2873.8,2739.1,2825.6,0.0,1640.0,0.0433,0.0749,battery,gas-cc,86.1,1.6,0.16,10.2,649.9,0.04,86.2,29.6,115.8,90.7,1.7,0.17,10.7,684.3,0.04,90.8,31.1,121.9,147.7,2.8,0.28,17.5,1113.6,0.06,147.9,50.7,198.5,441.1,8.3,0.83,52.1,3328.9,0.19,441.6,151.4,593.0,37.47,0.0,0.0,37.47,40.5,0.0,0.0,40.5,0.0,0.0,0.0,4513.8,48.2,3392.8,0.0,0.0,0.0,0.0,0.0,1072.7,0.0,0.0,0.0,0.0,0.0,0.0,0.0,48.2,0.0
2050-07-06 23:00:00,2050-07-06 21:00:00,2652.6,0.0,0.0,9.5,2662.2,2543.8,2620.9,0.0,1468.2,0.041,0.0694,gas-cc,gas-cc,94.1,1.8,0.18,11.1,710.3,0.04,94.2,32.3,126.5,98.8,1.9,0.19,11.7,745.5,0.04,98.9,33.9,132.8,147.3,2.8,0.28,17.4,1110.2,0.06,147.4,50.5,197.9,378.0,7.1,0.71,44.7,2852.5,0.16,378.4,129.7,508.1,37.47,0.0,0.0,37.47,40.26,0.0,0.0,40.26,0.0,0.0,0.0,4130.4,41.3,3016.4,0.0,0.0,0.0,0.0,0.0,1072.7,0.0,0.0,0.0,0.0,0.0,0.0,0.0,41.3,0.0
2050-07-07 00:00:00,2050-07-06 22:00:00,2458.9,0.0,0.0,10.7,2469.6,2363.0,2431.7,0.0,1640.0,0.039,0.0643,battery,gas-cc,94.6,1.8,0.18,11.2,713.9,0.04,94.7,32.5,127.2,99.1,1.9,0.19,11.7,747.6,0.04,99.2,34.0,133.2,146.9,2.8,0.28,17.4,1107.4,0.06,147.0,50.4,197.4,436.2,8.2,0.82,51.5,3291.3,0.19,436.6,149.7,586.3,37.67,0.0,0.0,37.67,40.26,0.0,0.0,40.26,0.0,0.0,0.0,4109.6,37.9,2998.9,0.0,0.0,0.0,0.0,0.0,1072.7,0.0,0.0,0.0,0.0,0.0,0.0,0.0,37.9,0.0
2050-07-07 01:00:00,2050-07-06 23:00:00,2242.1,0.0,0.0,10.7,2252.8,2159.5,2218.9,0.0,1640.0,0.0368,0.0586,battery,gas-cc,99.9,1.9,0.19,11.8,753.6,0.04,100.0,34.3,134.2,104.3,2.0,0.2,12.3,787.1,0.05,104.4,35.8,140.2,148.2,2.8,0.28,17.5,1117.6,0.06,148.4,50.8,199.2,433.5,8.2,0.82,51.2,3271.5,0.19,434.0,148.8,582.7,37.67,0.0,0.0,37.67,40.01,0.0,0.0,40.01,0.0,0.0,0.0,3892.7,33.9,2786.1,0.0,0.0,0.0,0.0,0.0,1072.7,0.0,0.0,0.0,0.0,0.0,0.0,0.0,33.9,0.0
2050-07-07 02:00:00,2050-07-07 00:00:00,2021.1,0.0,0.0,10.7,2031.7,1950.8,1998.5,0.0,1640.0,0.0348,0.0529,battery,gas-cc,105.9,2.0,0.2,12.5,799.0,0.05,106.0,36.3,142.3,110.3,2.1,0.21,13.0,832.3,0.05,110.4,37.9,148.3,145.6,2.7,0.28,17.2,1097.7,0.06,145.8,49.9,195.7,430.9,8.1,0.81,50.9,3251.5,0.19,431.3,147.8,579.2,37.67,0.0,0.0,37.67,39.77,0.0,0.0,39.77,0.0,0.0,0.0,3671.7,33.3,2565.7,0.0,0.0,0.0,0.0,0.0,1072.7,0.0,0.0,0.0,0.0,0.0,0.0,0.0,33.3,0.0
2050-07-07 03:00:00,2050-07-07 01:00:00,1840.0,0.0,0.0,10.4,1850.4,1778.9,1809.0,0.0,1603.4,0.0332,0.0481,battery,gas-cc,112.6,2.1,0.21,13.3,849.4,0.05,112.7,38.6,151.3,117.0,2.2,0.22,13.8,883.0,0.05,117.1,40.2,157.3,144.5,2.7,0.27,17.1,1089.8,0.06,144.7,49.6,194.3,401.7,7.6,0.76,47.5,3031.2,0.17,402.1,137.8,539.9,37.67,0.0,0.0,37.67,39.57,0.0,0.0,39.57,0.0,0.0,0.0,3453.8,41.5,2339.6,0.0,0.0,0.0,0.0,0.0,1072.7,0.0,0.0,0.0,0.0,0.0,0.0,0.0,41.5,0.0
2050-07-07 04:00:00,2050-07-07 02:00:00,1716.8,0.0,0.0,3.1,1720.0,1661.4,1690.8,0.0,479.1,0.0323,0.0449,battery,gas-cc,176.8,3.3,0.33,20.9,1334.0,0.08,177.0,60.7,237.6,183.1,3.5,0.35,21.6,1381.8,0.08,183.3,62.8,246.1,146.1,2.8,0.28,17.3,1101.2,0.06,146.2,50.1,196.3,405.2,7.6,0.76,47.9,3057.4,0.18,405.6,139.0,544.6,37.67,0.0,0.0,37.67,39.44,0.0,0.0,39.44,0.0,0.0,0.0,2199.1,29.1,1097.2,0.0,0.0,0.0,0.0,0.0,1072.7,0.0,0.0,0.0,0.0,0.0,0.0,0.0,29.1,0.0
2050-07-07 05:00:00,2050-07-07 03:00:00,1638.9,0.0,0.0,8.0,1646.9,1587.0,1624.5,0.0,1226.3,0.0317,0.0429,battery,gas-cc,135.3,2.6,0.26,16.0,1021.0,0.06,135.5,46.4,181.9,140.3,2.6,0.26,16.6,1058.5,0.06,140.4,48.1,188.6,145.8,2.8,0.28,17.2,1099.0,0.06,145.9,50.0,195.9,477.3,9.0,0.9,56.4,3601.5,0.21,477.8,163.8,641.5,37.67,0.0,0.0,37.67,39.36,0.0,0.0,39.36,0.0,0.0,0.0,2873.2,22.4,1778.1,0.0,0.0,0.0,0.0,0.0,1072.7,0.0,0.0,0.0,0.0,0.0,0.0,0.0,22.4,0.0
2050-07-07 06:00:00,2050-07-07 04:00:00,1590.5,0.0,0.0,3.9,1594.4,1540.6,1575.5,0.0,603.5,0.0314,0.0416,battery,gas-cc,176.9,3.3,0.33,20.9,1334.7,0.08,177.1,60.7,237.8,183.0,3.4,0.34,21.6,1381.3,0.08,183.2,62.8,246.1,145.8,2.8,0.28,17.2,1099.2,0.06,146.0,50.0,196.0,403.8,7.6,0.76,47.7,3046.8,0.18,404.2,138.5,542.7,37.67,0.0,0.0,37.67,39.3,0.0,0.0,39.3,0.0,0.0,0.0,2197.9,19.0,1106.2,0.0,0.0,0.0,0.0,0.0,1072.7,0.0,0.0,0.0,0.0,0.0,0.0,0.0,19.0,0.0
2050-07-07 07:00:00,2050-07-07 05:00:00,1558.9,0.0,0.0,9.3,1568.3,1510.3,821.5,821.5,0.0,0.0312,0.0408,gas-cc,gas-cc,0.0,0.0,0.0,0.0,0.0,0.0,0.0,0.0,0.0,1.0,0.0,0.0,0.7,8.6,0.01,1.0,1.0,1.9,139.8,2.6,0.26,16.5,1054.3,0.06,140.0,48.0,188.0,366.7,6.9,0.69,43.3,2767.5,0.16,367.1,125.8,493.0,32.57,0.0,0.0,32.57,33.96,0.0,0.0,33.96,0.0,0.0,0.0,746.8,746.8,0.0,0.0,0.0,0.0,0.0,31.3,0.0,0.0,0.0,0.0,0.0,0.0,0.0,709.2,6.3,0.0
2050-07-07 08:00:00,2050-07-07 06:00:00,1624.2,1707.1,0.0,0.0,3331.4,1572.9,0.0,0.0,0.0,0.0316,0.0425,upv,upv,0.0,0.0,0.0,0.0,0.0,0.0,0.0,0.0,0.0,0.0,0.0,0.0,0.0,0.0,0.0,0.0,0.0,0.0,149.6,2.8,0.28,17.7,1127.6,0.07,149.7,51.3,201.0,0.0,0.0,0.0,0.0,0.0,0.0,0.0,0.0,0.0,0.0,0.0,0.0,0.0,0.0,0.0,0.0,0.0,0.0,2040.9,2040.9,3331.4,3331.4,0.0,0.0,0.0,0.0,0.0,0.0,0.0,0.0,0.0,0.0,0.0,0.0,0.0,3329.7,1.7,0.0
2050-07-07 09:00:00,2050-07-07 07:00:00,1783.2,1652.6,0.0,0.0,3435.8,1724.7,0.0,0.0,0.0,0.0328,0.0466,upv,upv,0.0,0.0,0.0,0.0,0.0,0.0,0.0,0.0,0.0,0.0,0.0,0.0,0.0,0.0,0.0,0.0,0.0,0.0,140.1,2.6,0.27,16.6,1056.5,0.06,140.3,48.1,188.3,0.0,0.0,0.0,0.0,0.0,0.0,0.0,0.0,0.0,0.0,0.0,0.0,0.0,0.0,0.0,0.0,0.0,2.0,5099.1,5101.2,3435.8,3435.8,0.0,0.0,0.0,0.0,0.0,0.0,0.0,0.0,0.0,0.0,0.0,0.0,0.0,3435.8,0.0,0.0
2050-07-07 10:00:00,2050-07-07 08:00:00,2058.9,2626.7,0.0,0.0,4685.7,1986.7,0.0,0.0,0.0,0.0351,0.0538,upv,upv,0.0,0.0,0.0,0.0,0.0,0.0,0.0,0.0,0.0,0.0,0.0,0.0,0.0,0.0,0.0,0.0,0.0,0.0,140.4,2.7,0.27,16.6,1058.6,0.06,140.6,48.2,188.7,0.0,0.0,0.0,0.0,0.0,0.0,0.0,0.0,0.0,0.0,0.0,0.0,0.0,0.0,0.0,0.0,0.0,2.7,5232.5,5235.2,4685.7,4685.7,0.0,0.0,0.0,0.0,0.0,418.6,0.0,0.0,0.0,0.0,0.0,0.0,0.0,4267.0,0.0,0.0
2050-07-07 11:00:00,2050-07-07 09:00:00,2236.8,2139.4,0.0,0.0,4376.2,2154.6,0.0,0.0,0.0,0.0368,0.0585,upv,upv,0.0,0.0,0.0,0.0,0.0,0.0,0.0,0.0,0.0,0.0,0.0,0.0,0.0,0.0,0.0,0.0,0.0,0.0,140.7,2.7,0.27,16.6,1060.4,0.06,140.8,48.2,189.0,0.0,0.0,0.0,0.0,0.0,0.0,0.0,0.0,0.0,0.0,0.0,0.0,0.0,0.0,0.0,0.0,0.0,3.5,5885.9,5889.4,4376.2,4376.2,0.0,0.0,0.0,0.0,0.0,433.1,0.0,0.0,0.0,0.0,0.0,0.0,0.0,3943.2,0.0,0.0
2050-07-07 12:00:00,2050-07-07 10:00:00,2350.5,3600.8,0.0,0.0,5951.4,2261.4,0.0,0.0,0.0,0.0379,0.0615,upv,upv,0.0,0.0,0.0,0.0,0.0,0.0,0.0,0.0,0.0,0.0,0.0,0.0,0.0,0.0,0.0,0.0,0.0,0.0,140.8,2.7,0.27,16.6,1061.6,0.06,141.0,48.3,189.3,0.0,0.0,0.0,0.0,0.0,0.0,0.0,0.0,0.0,0.0,0.0,0.0,0.0,0.0,0.0,0.0,0.0,10.2,4270.2,4280.4,5951.4,5951.4,0.0,0.0,0.0,0.0,0.0,431.3,0.0,0.0,0.0,0.0,0.0,0.0,0.0,5520.1,0.0,0.0
2050-07-07 13:00:00,2050-07-07 11:00:00,2458.9,3600.8,0.0,0.0,6059.8,2363.0,0.0,0.0,0.0,0.039,0.0643,upv,upv,0.0,0.0,0.0,0.0,0.0,0.0,0.0,0.0,0.0,0.0,0.0,0.0,0.0,0.0,0.0,0.0,0.0,0.0,141.0,2.7,0.27,16.7,1062.8,0.06,141.1,48.3,189.5,0.0,0.0,0.0,0.0,0.0,0.0,0.0,0.0,0.0,0.0,0.0,0.0,0.0,0.0,0.0,0.0,0.0,16.2,4060.9,4077.1,6059.8,6059.8,0.0,0.0,0.0,0.0,0.0,0.0,0.0,0.0,0.0,0.0,0.0,0.0,0.0,6059.8,0.0,0.0
2050-07-07 14:00:00,2050-07-07 12:00:00,2587.4,3981.7,0.0,0.0,6569.1,2483.0,0.0,0.0,0.0,0.0403,0.0677,upv,upv,0.0,0.0,0.0,0.0,0.0,0.0,0.0,0.0,0.0,0.0,0.0,0.0,0.0,0.0,0.0,0.0,0.0,0.0,141.2,2.7,0.27,16.7,1064.3,0.06,141.3,48.4,189.7,0.0,0.0,0.0,0.0,0.0,0.0,0.0,0.0,0.0,0.0,0.0,0.0,0.0,0.0,0.0,0.0,0.0,0.0,3547.4,3547.4,6569.1,6569.1,0.0,0.0,0.0,0.0,0.0,425.8,0.0,0.0,0.0,0.0,0.0,0.0,0.0,6113.6,29.6,0.0
2050-07-07 15:00:00,2050-07-07 13:00:00,2713.7,2850.6,0.0,0.0,5564.3,2600.5,0.0,0.0,0.0,0.0417,0.071,upv,upv,0.0,0.0,0.0,0.0,0.0,0.0,0.0,0.0,0.0,0.0,0.0,0.0,0.0,0.0,0.0,0.0,0.0,0.0,141.4,2.7,0.27,16.7,1065.8,0.06,141.5,48.5,190.0,0.0,0.0,0.0,0.0,0.0,0.0,0.0,0.0,0.0,0.0,0.0,0.0,0.0,0.0,0.0,0.0,0.0,40.2,4522.6,4562.7,5564.3,5564.3,0.0,0.0,0.0,0.0,0.0,425.8,0.0,0.0,0.0,0.0,0.0,0.0,0.0,5138.5,0.0,0.0
2050-07-07 16:00:00,2050-07-07 14:00:00,2825.3,2850.6,0.0,0.0,5675.9,2704.0,-0.0,0.0,0.0,0.0429,0.0739,upv,upv,0.0,0.0,0.0,0.0,0.0,0.0,0.0,0.0,0.0,0.0,0.0,0.0,0.0,0.0,0.0,0.0,0.0,0.0,141.6,2.7,0.27,16.7,1067.2,0.06,141.7,48.5,190.3,0.0,0.0,0.0,0.0,0.0,0.0,0.0,0.0,0.0,0.0,0.0,0.0,0.0,0.0,0.0,0.0,0.0,50.2,4377.2,4427.4,5675.9,5675.9,0.0,0.0,0.0,0.0,0.0,424.4,0.0,0.0,0.0,0.0,0.0,0.0,0.0,5251.5,0.0,0.0
2050-07-07 17:00:00,2050-07-07 15:00:00,2958.9,3629.9,0.0,0.0,6588.9,2827.6,0.0,0.0,0.0,0.0444,0.0774,upv,upv,0.0,0.0,0.0,0.0,0.0,0.0,0.0,0.0,0.0,0.0,0.0,0.0,0.0,0.0,0.0,0.0,0.0,0.0,146.1,2.8,0.28,17.3,1101.4,0.06,146.3,50.1,196.4,0.0,0.0,0.0,0.0,0.0,0.0,0.0,0.0,0.0,0.0,0.0,0.0,0.0,0.0,0.0,0.0,0.0,63.8,3268.6,3332.4,6588.9,6588.9,0.0,0.0,0.0,0.0,0.0,416.1,0.0,0.0,0.0,0.0,0.0,0.0,0.0,6172.8,0.0,0.0
2050-07-07 18:00:00,2050-07-07 16:00:00,3113.7,1812.6,0.0,0.0,4926.3,2970.1,0.0,0.0,0.0,0.0461,0.0814,upv,upv,0.0,0.0,0.0,0.0,0.0,0.0,0.0,0.0,0.0,0.0,0.0,0.0,0.0,0.0,0.0,0.0,0.0,0.0,142.3,2.7,0.27,16.8,1072.6,0.06,142.4,48.8,191.2,0.0,0.0,0.0,0.0,0.0,0.0,0.0,0.0,0.0,0.0,0.0,0.0,0.0,0.0,0.0,0.0,0.0,80.7,4249.6,4330.2,4926.3,4926.3,0.0,0.0,0.0,0.0,0.0,387.2,0.0,0.0,0.0,0.0,0.0,0.0,0.0,4539.1,0.0,0.0
2050-07-07 19:00:00,2050-07-07 17:00:00,3234.7,713.4,0.0,28.9,3977.0,3081.1,-2816.0,0.0,2816.0,0.0475,0.0846,wind-ons,wind-ons,0.0,0.0,0.0,0.0,0.0,0.0,0.0,0.0,0.0,0.0,0.0,0.0,0.0,0.0,0.0,0.0,0.0,0.0,142.7,2.7,0.27,16.9,1075.6,0.06,142.8,48.9,191.7,0.0,0.0,0.0,0.0,0.0,0.0,0.0,0.0,0.0,0.0,0.0,0.0,0.0,0.0,0.0,0.0,0.0,78.7,0.0,78.7,6793.0,6793.0,0.0,0.0,0.0,0.0,0.0,286.0,0.0,0.0,0.0,0.0,0.0,0.0,0.0,6491.3,15.7,0.0
2050-07-07 20:00:00,2050-07-07 18:00:00,3316.8,0.0,0.0,16.4,3333.3,3156.1,1320.6,0.0,2012.5,0.0485,0.0867,battery,gas-cc,72.7,1.4,0.14,8.6,548.8,0.03,72.8,25.0,97.8,76.8,1.4,0.14,9.1,579.5,0.03,76.9,26.4,103.2,144.6,2.7,0.27,17.1,1090.2,0.06,144.8,49.6,194.4,419.0,7.9,0.79,49.5,3161.9,0.18,419.5,143.8,563.2,40.11,0.0,0.0,40.11,43.92,0.0,0.0,43.92,0.0,0.0,0.0,5345.8,2012.7,2260.3,0.0,0.0,0.0,0.0,79.8,1072.7,0.0,0.0,0.0,0.0,0.0,0.0,1811.0,121.9,0.0
2050-07-07 21:00:00,2050-07-07 19:00:00,3211.6,0.0,0.0,10.7,3222.2,3059.9,3076.4,0.0,1640.0,0.0472,0.084,battery,gas-cc,80.0,1.5,0.15,9.4,603.4,0.03,80.0,27.4,107.5,84.6,1.6,0.16,10.0,638.2,0.04,84.7,29.0,113.7,156.5,3.0,0.3,18.5,1180.0,0.07,156.7,53.7,210.4,451.7,8.5,0.85,53.4,3408.7,0.2,452.2,155.0,607.2,40.11,0.0,0.0,40.11,43.79,0.0,0.0,43.79,0.0,0.0,0.0,4862.2,145.9,3643.6,0.0,0.0,0.0,0.0,0.0,1072.7,0.0,0.0,0.0,0.0,0.0,0.0,0.0,145.9,0.0
2050-07-07 22:00:00,2050-07-07 20:00:00,3046.3,0.0,0.0,10.7,3057.0,2908.1,2902.6,0.0,1640.0,0.0454,0.0797,battery,gas-cc,82.8,1.6,0.16,9.8,624.6,0.04,82.9,28.4,111.3,87.3,1.6,0.16,10.3,659.1,0.04,87.4,30.0,117.4,148.1,2.8,0.28,17.5,1116.3,0.06,148.2,50.8,199.0,473.5,8.9,0.89,55.9,3573.1,0.21,474.0,162.5,636.5,40.11,0.0,0.0,40.11,43.59,0.0,0.0,43.59,0.0,0.0,0.0,4696.9,154.3,3469.9,0.0,0.0,0.0,0.0,0.0,1072.7,0.0,0.0,0.0,0.0,0.0,0.0,0.0,154.3,0.0
2050-07-07 23:00:00,2050-07-07 21:00:00,2804.2,0.0,0.0,10.7,2814.9,2684.5,2656.0,0.0,1640.0,0.0427,0.0733,battery,gas-cc,87.3,1.6,0.16,10.3,658.5,0.04,87.4,29.9,117.3,91.8,1.7,0.17,10.9,692.7,0.04,91.9,31.5,123.4,147.9,2.8,0.28,17.5,1115.0,0.06,148.1,50.7,198.8,446.5,8.4,0.84,52.7,3369.5,0.19,447.0,153.2,600.2,40.11,0.0,0.0,40.11,43.29,0.0,0.0,43.29,0.0,0.0,0.0,4454.8,158.9,3223.2,0.0,0.0,0.0,0.0,0.0,1072.7,0.0,0.0,0.0,0.0,0.0,0.0,0.0,158.9,0.0
2050-07-08 00:00:00,2050-07-07 22:00:00,2590.5,0.0,0.0,7.2,2597.7,2485.9,2438.0,0.0,1105.4,0.0404,0.0677,battery,gas-cc,105.0,2.0,0.2,12.4,792.2,0.05,105.1,36.0,141.1,110.0,2.1,0.21,13.0,829.9,0.05,110.1,37.8,147.8,157.1,3.0,0.3,18.6,1184.8,0.07,157.3,53.9,211.2,528.8,10.0,1.0,62.5,3990.3,0.23,529.3,181.4,710.8,40.41,0.0,0.0,40.41,43.35,0.0,0.0,43.35,0.0,0.0,0.0,3703.1,159.7,2470.7,0.0,0.0,0.0,0.0,0.0,1072.7,0.0,0.0,0.0,0.0,0.0,0.0,0.0,159.7,0.0
2050-07-08 01:00:00,2050-07-07 23:00:00,2322.1,0.0,0.0,8.5,2330.6,2234.7,2182.8,0.0,1310.3,0.0376,0.0607,gas-cc,gas-cc,106.8,2.0,0.2,12.6,805.7,0.05,106.9,36.6,143.5,111.5,2.1,0.21,13.2,841.6,0.05,111.6,38.3,149.9,147.6,2.8,0.28,17.4,1112.8,0.06,147.8,50.6,198.4,415.8,7.8,0.78,49.1,3137.5,0.18,416.2,142.7,558.9,40.41,0.0,0.0,40.41,43.03,0.0,0.0,43.03,0.0,0.0,0.0,3640.9,147.8,2420.4,0.0,0.0,0.0,0.0,0.0,1072.7,0.0,0.0,0.0,0.0,0.0,0.0,0.0,147.8,0.0
2050-07-08 02:00:00,2050-07-08 00:00:00,2067.4,0.0,0.0,10.5,2077.9,1994.6,1932.0,0.0,1622.4,0.0352,0.0541,battery,gas-cc,105.1,2.0,0.2,12.4,792.8,0.05,105.2,36.0,141.2,109.5,2.1,0.21,12.9,826.1,0.05,109.6,37.6,147.2,151.6,2.9,0.29,17.9,1143.4,0.07,151.8,52.0,203.8,412.8,7.8,0.78,48.8,3115.4,0.18,413.3,141.7,554.9,40.41,0.0,0.0,40.41,42.72,0.0,0.0,42.72,0.0,0.0,0.0,3700.3,145.9,2481.7,0.0,0.0,0.0,0.0,0.0,1072.7,0.0,0.0,0.0,0.0,0.0,0.0,0.0,145.9,0.0
2050-07-08 03:00:00,2050-07-08 01:00:00,1866.3,0.0,0.0,10.7,1877.0,1803.9,1805.2,0.0,1640.0,0.0334,0.0488,battery,gas-cc,110.5,2.1,0.21,13.1,834.1,0.05,110.7,37.9,148.6,114.9,2.2,0.22,13.6,867.4,0.05,115.1,39.5,154.5,198.1,3.7,0.37,23.4,1493.9,0.09,198.3,67.9,266.2,518.2,9.8,0.98,61.2,3910.8,0.22,518.8,177.8,696.6,40.41,0.0,0.0,40.41,42.49,0.0,0.0,42.49,0.0,0.0,0.0,3516.9,71.8,2372.4,0.0,0.0,0.0,0.0,0.0,1072.7,0.0,0.0,0.0,0.0,0.0,0.0,0.0,71.8,0.0
2050-07-08 04:00:00,2050-07-08 02:00:00,1718.9,0.0,0.0,9.4,1728.4,1663.5,1675.3,0.0,1452.3,0.0323,0.045,gas-cc,gas-cc,122.2,2.3,0.23,14.4,922.3,0.05,122.4,41.9,164.3,126.9,2.4,0.24,15.0,957.3,0.06,127.0,43.5,170.5,158.1,3.0,0.3,18.7,1192.4,0.07,158.3,54.2,212.5,408.9,7.7,0.77,48.3,3085.7,0.18,409.3,140.3,549.6,40.41,0.0,0.0,40.41,42.32,0.0,0.0,42.32,0.0,0.0,0.0,3180.7,53.1,2054.9,0.0,0.0,0.0,0.0,0.0,1072.7,0.0,0.0,0.0,0.0,0.0,0.0,0.0,53.1,0.0
2050-07-08 05:00:00,2050-07-08 03:00:00,1605.3,0.0,0.0,1.2,1606.5,1554.7,1534.4,0.0,186.2,0.0315,0.042,gas-cc,gas-cc,216.9,4.1,0.41,25.6,1636.5,0.09,217.1,74.4,291.5,224.2,4.2,0.42,26.5,1692.1,0.1,224.5,76.9,301.4,161.0,3.0,0.3,19.0,1213.9,0.07,161.2,55.2,216.4,407.6,7.7,0.77,48.2,3076.1,0.18,408.1,139.9,547.9,40.41,0.0,0.0,40.41,42.19,0.0,0.0,42.19,0.0,0.0,0.0,1792.6,72.1,647.8,0.0,0.0,0.0,0.0,0.0,1072.7,0.0,0.0,0.0,0.0,0.0,0.0,0.0,72.1,0.0
2050-07-08 06:00:00,2050-07-08 04:00:00,1533.7,0.0,0.0,6.7,1540.4,1486.1,1483.6,0.0,1035.7,0.031,0.0401,battery,gas-cc,150.9,2.8,0.28,17.8,1138.8,0.07,151.1,51.8,202.8,156.2,2.9,0.29,18.5,1178.9,0.07,156.4,53.6,210.0,146.0,2.8,0.28,17.3,1101.0,0.06,146.2,50.1,196.3,406.8,7.7,0.77,48.1,3070.1,0.18,407.3,139.6,546.9,40.41,0.0,0.0,40.41,42.1,0.0,0.0,42.1,0.0,0.0,0.0,2576.2,56.8,1446.6,0.0,0.0,0.0,0.0,0.0,1072.7,0.0,0.0,0.0,0.0,0.0,0.0,0.0,56.8,0.0
2050-07-08 07:00:00,2050-07-08 05:00:00,1469.5,0.0,0.0,4.4,1473.9,1424.4,396.6,0.0,676.2,0.0307,0.0384,gas-cc,gas-cc,180.8,3.4,0.34,21.4,1364.5,0.08,181.0,62.0,243.1,186.5,3.5,0.35,22.0,1407.7,0.08,186.7,64.0,250.7,124.7,2.4,0.24,14.7,939.8,0.05,124.8,42.7,167.5,365.8,6.9,0.69,43.2,2760.7,0.16,366.2,125.5,491.8,37.41,0.0,0.0,37.41,38.9,0.0,0.0,38.9,0.0,0.0,0.0,2150.1,1077.3,0.0,0.0,0.0,0.0,0.0,44.1,1072.7,0.0,0.0,0.0,0.0,0.0,0.0,1001.6,31.5,0.0
2050-07-08 08:00:00,2050-07-08 06:00:00,1464.2,779.3,0.0,0.0,2243.5,1419.3,0.0,0.0,0.0,0.0307,0.0383,upv,upv,0.0,0.0,0.0,0.0,0.0,0.0,0.0,0.0,0.0,0.0,0.0,0.0,0.0,0.0,0.0,0.0,0.0,0.0,142.0,2.7,0.27,16.8,1070.9,0.06,142.2,48.7,190.9,0.0,0.0,0.0,0.0,0.0,0.0,0.0,0.0,0.0,0.0,0.0,0.0,0.0,0.0,0.0,0.0,0.0,28.6,2719.0,2747.6,2243.5,2243.5,0.0,0.0,0.0,0.0,0.0,209.5,0.0,0.0,0.0,0.0,0.0,0.0,0.0,2034.0,0.0,0.0
2050-07-08 09:00:00,2050-07-08 07:00:00,1544.2,2383.7,0.0,0.0,3928.0,1496.2,0.0,0.0,0.0,0.0311,0.0404,upv,upv,0.0,0.0,0.0,0.0,0.0,0.0,0.0,0.0,0.0,0.0,0.0,0.0,0.0,0.0,0.0,0.0,0.0,0.0,141.7,2.7,0.27,16.7,1068.5,0.06,141.9,48.6,190.5,0.0,0.0,0.0,0.0,0.0,0.0,0.0,0.0,0.0,0.0,0.0,0.0,0.0,0.0,0.0,0.0,0.0,0.0,4132.1,4132.1,3928.0,3928.0,0.0,0.0,0.0,0.0,0.0,338.9,0.0,0.0,0.0,0.0,0.0,0.0,0.0,3558.0,31.1,0.0
2050-07-08 10:00:00,2050-07-08 08:00:00,1724.2,2431.9,0.0,0.0,4156.1,1668.5,0.0,0.0,0.0,0.0323,0.0451,upv,upv,0.0,0.0,0.0,0.0,0.0,0.0,0.0,0.0,0.0,0.0,0.0,0.0,0.0,0.0,0.0,0.0,0.0,0.0,140.0,2.6,0.26,16.5,1055.5,0.06,140.2,48.0,188.2,0.0,0.0,0.0,0.0,0.0,0.0,0.0,0.0,0.0,0.0,0.0,0.0,0.0,0.0,0.0,0.0,0.0,40.2,5222.3,5262.5,4156.1,4156.1,0.0,0.0,0.0,0.0,0.0,395.9,0.0,0.0,0.0,0.0,0.0,0.0,0.0,3760.2,0.0,0.0
2050-07-08 11:00:00,2050-07-08 09:00:00,1943.2,3824.8,0.0,0.0,5767.9,1876.9,0.0,0.0,0.0,0.0341,0.0508,upv,upv,0.0,0.0,0.0,0.0,0.0,0.0,0.0,0.0,0.0,0.0,0.0,0.0,0.0,0.0,0.0,0.0,0.0,0.0,140.3,2.6,0.27,16.6,1057.4,0.06,140.4,48.1,188.5,0.0,0.0,0.0,0.0,0.0,0.0,0.0,0.0,0.0,0.0,0.0,0.0,0.0,0.0,0.0,0.0,0.0,0.0,3934.9,3934.9,5767.9,5767.9,0.0,0.0,0.0,0.0,0.0,407.8,0.0,0.0,0.0,0.0,0.0,0.0,0.0,5319.1,41.0,0.0
2050-07-08 12:00:00,2050-07-08 10:00:00,2198.9,3795.7,0.0,0.0,5994.6,2118.9,0.0,0.0,0.0,0.0364,0.0575,upv,upv,0.0,0.0,0.0,0.0,0.0,0.0,0.0,0.0,0.0,0.0,0.0,0.0,0.0,0.0,0.0,0.0,0.0,0.0,140.6,2.7,0.27,16.6,1060.0,0.06,140.8,48.2,189.0,0.0,0.0,0.0,0.0,0.0,0.0,0.0,0.0,0.0,0.0,0.0,0.0,0.0,0.0,0.0,0.0,0.0,26.5,4038.1,4064.5,5994.6,5994.6,0.0,0.0,0.0,0.0,0.0,423.3,0.0,0.0,0.0,0.0,0.0,0.0,0.0,5571.3,0.0,0.0
2050-07-08 13:00:00,2050-07-08 11:00:00,2430.5,3240.3,0.0,0.0,5670.8,2336.4,0.0,0.0,0.0,0.0387,0.0636,upv,upv,0.0,0.0,0.0,0.0,0.0,0.0,0.0,0.0,0.0,0.0,0.0,0.0,0.0,0.0,0.0,0.0,0.0,0.0,140.9,2.7,0.27,16.7,1062.5,0.06,141.1,48.3,189.4,0.0,0.0,0.0,0.0,0.0,0.0,0.0,0.0,0.0,0.0,0.0,0.0,0.0,0.0,0.0,0.0,0.0,0.0,4506.4,4506.4,5670.8,5670.8,0.0,0.0,0.0,0.0,0.0,428.7,0.0,0.0,0.0,0.0,0.0,0.0,0.0,5225.7,16.4,0.0
2050-07-08 14:00:00,2050-07-08 12:00:00,2654.7,2917.5,0.0,0.0,5572.3,2545.7,0.0,0.0,0.0,0.0411,0.0694,upv,upv,0.0,0.0,0.0,0.0,0.0,0.0,0.0,0.0,0.0,0.0,0.0,0.0,0.0,0.0,0.0,0.0,0.0,0.0,141.3,2.7,0.27,16.7,1065.1,0.06,141.4,48.4,189.9,0.0,0.0,0.0,0.0,0.0,0.0,0.0,0.0,0.0,0.0,0.0,0.0,0.0,0.0,0.0,0.0,0.0,81.3,4629.2,4710.5,5572.3,5572.3,0.0,0.0,0.0,0.0,0.0,430.5,0.0,0.0,0.0,0.0,0.0,0.0,0.0,5141.7,0.0,0.0
2050-07-08 15:00:00,2050-07-08 13:00:00,2834.7,4019.6,0.0,0.0,6854.3,2712.8,0.0,0.0,0.0,0.043,0.0741,upv,upv,0.0,0.0,0.0,0.0,0.0,0.0,0.0,0.0,0.0,0.0,0.0,0.0,0.0,0.0,0.0,0.0,0.0,0.0,141.6,2.7,0.27,16.7,1067.3,0.06,141.7,48.5,190.3,0.0,0.0,0.0,0.0,0.0,0.0,0.0,0.0,0.0,0.0,0.0,0.0,0.0,0.0,0.0,0.0,0.0,0.0,3470.4,3470.4,6854.3,6854.3,0.0,0.0,0.0,0.0,0.0,431.3,0.0,0.0,0.0,0.0,0.0,0.0,0.0,6319.9,103.1,0.0
2050-07-08 16:00:00,2050-07-08 14:00:00,3017.9,2650.9,0.0,0.0,5668.8,2881.9,-0.0,0.0,0.0,0.045,0.0789,upv,upv,0.0,0.0,0.0,0.0,0.0,0.0,0.0,0.0,0.0,0.0,0.0,0.0,0.0,0.0,0.0,0.0,0.0,0.0,141.9,2.7,0.27,16.8,1069.6,0.06,142.0,48.7,190.7,0.0,0.0,0.0,0.0,0.0,0.0,0.0,0.0,0.0,0.0,0.0,0.0,0.0,0.0,0.0,0.0,0.0,67.1,4397.6,4464.8,5668.8,5668.8,0.0,0.0,0.0,0.0,0.0,424.8,0.0,0.0,0.0,0.0,0.0,0.0,0.0,5244.0,0.0,0.0
2050-07-08 17:00:00,2050-07-08 15:00:00,3167.4,2626.7,0.0,28.9,5823.0,3019.3,-2816.0,0.0,2816.0,0.0467,0.0828,upv,upv,0.0,0.0,0.0,0.0,0.0,0.0,0.0,0.0,0.0,0.0,0.0,0.0,0.0,0.0,0.0,0.0,0.0,0.0,142.1,2.7,0.27,16.8,1071.5,0.06,142.3,48.7,191.0,0.0,0.0,0.0,0.0,0.0,0.0,0.0,0.0,0.0,0.0,0.0,0.0,0.0,0.0,0.0,0.0,0.0,118.7,1339.8,1458.6,8639.0,8639.0,0.0,0.0,0.0,0.0,0.0,421.2,0.0,0.0,0.0,0.0,0.0,0.0,0.0,8217.8,0.0,0.0
2050-07-08 18:00:00,2050-07-08 16:00:00,3325.3,2496.1,0.0,28.9,5850.2,3163.8,-2816.0,0.0,2816.0,0.0486,0.087,upv,upv,0.0,0.0,0.0,0.0,0.0,0.0,0.0,0.0,0.0,0.0,0.0,0.0,0.0,0.0,0.0,0.0,0.0,0.0,142.4,2.7,0.27,16.8,1073.5,0.06,142.5,48.8,191.4,0.0,0.0,0.0,0.0,0.0,0.0,0.0,0.0,0.0,0.0,0.0,0.0,0.0,0.0,0.0,0.0,0.0,238.0,185.7,423.7,8666.3,8666.3,0.0,0.0,0.0,0.0,0.0,373.5,0.0,0.0,0.0,0.0,0.0,0.0,0.0,8292.7,0.0,0.0
2050-07-08 19:00:00,2050-07-08 17:00:00,3464.2,0.0,0.0,28.4,3492.6,3290.4,-2783.0,0.0,2783.0,0.0502,0.0906,gas-cc,gas-cc,0.0,0.0,0.0,0.0,0.0,0.0,0.0,0.0,0.0,0.0,0.0,0.0,0.0,0.0,0.0,0.0,0.0,0.0,142.6,2.7,0.27,16.9,1075.3,0.06,142.8,48.9,191.7,398.5,7.5,0.75,47.1,3007.2,0.17,398.9,136.7,535.7,31.22,0.0,0.0,31.22,34.34,0.0,0.0,34.34,0.0,0.0,0.0,6275.6,6275.6,0.0,0.0,0.0,0.0,0.0,254.6,0.0,0.0,0.0,0.0,0.0,0.0,0.0,5777.2,243.7,0.0
2050-07-08 20:00:00,2050-07-08 18:00:00,3432.6,0.0,0.0,24.4,3457.1,3261.7,1756.1,0.0,2527.8,0.0498,0.0898,battery,gas-cc,65.0,1.2,0.12,7.7,490.2,0.03,65.0,22.3,87.3,68.8,1.3,0.13,8.1,519.4,0.03,68.9,23.6,92.5,148.2,2.8,0.28,17.5,1117.0,0.06,148.3,50.8,199.1,425.1,8.0,0.8,50.2,3207.5,0.18,425.5,145.8,571.4,41.69,0.0,0.0,41.69,45.8,0.0,0.0,45.8,0.0,0.0,0.0,5984.9,1700.9,3211.2,0.0,0.0,0.0,0.0,64.0,1072.7,0.0,0.0,0.0,0.0,0.0,0.0,1451.6,185.4,0.0
2050-07-08 21:00:00,2050-07-08 19:00:00,3320.0,0.0,0.0,6.2,3326.2,3159.0,3165.0,0.0,953.2,0.0485,0.0868,gas-cc,gas-cc,90.8,1.7,0.17,10.7,685.5,0.04,90.9,31.2,122.1,96.1,1.8,0.18,11.4,725.2,0.04,96.2,33.0,129.2,148.9,2.8,0.28,17.6,1122.4,0.06,149.0,51.1,200.1,429.4,8.1,0.81,50.7,3240.3,0.19,429.9,147.3,577.2,41.69,302.97,0.0,344.66,45.65,331.78,0.0,377.43,0.0,0.0,0.0,4279.4,161.2,3045.5,0.0,0.0,0.0,0.0,0.0,1072.7,0.0,0.0,0.0,0.0,0.0,0.0,0.0,161.2,0.0
2050-07-08 22:00:00,2050-07-08 20:00:00,3175.8,0.0,0.0,8.1,3183.8,3027.1,2990.0,0.0,946.2,0.0468,0.0831,gas-cc,gas-cc,94.1,1.8,0.18,11.1,710.3,0.04,94.2,32.3,126.5,99.4,1.9,0.19,11.8,749.8,0.04,99.5,34.1,133.6,148.3,2.8,0.28,17.5,1118.3,0.06,148.5,50.9,199.4,427.6,8.1,0.81,50.5,3227.0,0.19,428.1,146.7,574.8,41.69,0.0,0.0,41.69,45.47,0.0,0.0,45.47,0.0,0.0,0.0,4130.1,193.8,2863.5,0.0,0.0,0.0,0.0,0.0,1072.7,0.0,0.0,0.0,0.0,0.0,0.0,0.0,193.8,0.0
2050-07-08 23:00:00,2050-07-08 21:00:00,2907.4,0.0,0.0,4.8,2912.2,2780.0,2744.7,0.0,585.8,0.0438,0.076,battery,gas-cc,111.1,2.1,0.21,13.1,838.7,0.05,111.3,38.1,149.4,116.8,2.2,0.22,13.8,881.4,0.05,116.9,40.1,157.0,148.1,2.8,0.28,17.5,1116.2,0.06,148.2,50.8,199.0,424.4,8.0,0.8,50.1,3202.4,0.18,424.8,145.6,570.5,41.69,0.0,0.0,41.69,45.12,0.0,0.0,45.12,0.0,0.0,0.0,3498.0,167.5,2257.8,0.0,0.0,0.0,0.0,0.0,1072.7,0.0,0.0,0.0,0.0,0.0,0.0,0.0,167.5,0.0
2050-07-09 00:00:00,2050-07-08 22:00:00,2690.5,0.0,0.0,13.6,2704.1,2579.0,2620.8,0.0,1736.2,0.0414,0.0704,gas-cc,gas-cc,87.6,1.7,0.17,10.3,660.7,0.04,87.6,30.0,117.7,92.0,1.7,0.17,10.9,694.1,0.04,92.1,31.6,123.7,282.8,5.3,0.53,33.4,2134.0,0.12,283.1,97.0,380.2,421.8,7.9,0.79,49.8,3182.9,0.18,422.2,144.7,567.0,41.69,0.0,0.0,41.69,44.84,0.0,0.0,44.84,0.0,0.0,0.0,4440.3,83.3,3284.3,0.0,0.0,0.0,0.0,0.0,1072.7,0.0,0.0,0.0,0.0,0.0,0.0,0.0,83.3,0.0
2050-07-09 01:00:00,2050-07-08 23:00:00,2443.2,0.0,0.0,5.2,2448.4,2348.2,2397.4,0.0,336.6,0.0388,0.0639,battery,gas-cc,139.6,2.6,0.26,16.5,1053.4,0.06,139.7,47.9,187.6,145.7,2.7,0.27,17.2,1099.9,0.06,145.9,50.0,195.9,147.5,2.8,0.28,17.4,1112.1,0.06,147.7,50.6,198.3,422.2,8.0,0.8,49.9,3186.3,0.18,422.7,144.9,567.6,41.69,0.0,0.0,41.69,44.53,0.0,0.0,44.53,0.0,0.0,0.0,2785.0,51.0,1661.3,0.0,0.0,0.0,0.0,0.0,1072.7,0.0,0.0,0.0,0.0,0.0,0.0,0.0,51.0,0.0
2050-07-09 02:00:00,2050-07-09 00:00:00,2185.3,0.0,0.0,6.0,2191.2,2106.0,2145.2,0.0,383.9,0.0363,0.0571,battery,gas-cc,151.0,2.8,0.28,17.8,1139.2,0.07,151.1,51.8,202.9,157.1,3.0,0.3,18.6,1185.8,0.07,157.3,53.9,211.2,146.9,2.8,0.28,17.4,1107.5,0.06,147.1,50.4,197.4,419.2,7.9,0.79,49.5,3163.5,0.18,419.7,143.8,563.5,41.69,0.0,0.0,41.69,44.22,0.0,0.0,44.22,0.0,0.0,0.0,2575.1,46.0,1456.4,0.0,0.0,0.0,0.0,0.0,1072.7,0.0,0.0,0.0,0.0,0.0,0.0,0.0,46.0,0.0
2050-07-09 03:00:00,2050-07-09 01:00:00,1994.7,0.0,0.0,19.2,2014.0,1925.8,1953.5,0.0,2180.1,0.0345,0.0522,gas-cc,gas-cc,92.7,1.7,0.17,10.9,699.5,0.04,92.8,31.8,124.6,96.6,1.8,0.18,11.4,729.3,0.04,96.7,33.2,129.9,161.1,3.0,0.3,19.0,1215.0,0.07,161.3,55.3,216.6,413.7,7.8,0.78,48.9,3121.8,0.18,414.1,141.9,556.1,41.69,0.0,0.0,41.69,43.98,0.0,0.0,43.98,0.0,0.0,0.0,4194.1,60.5,3060.9,0.0,0.0,0.0,0.0,0.0,1072.7,0.0,0.0,0.0,0.0,0.0,0.0,0.0,60.5,0.0
2050-07-09 04:00:00,2050-07-09 02:00:00,1840.0,0.0,0.0,21.1,1861.1,1778.9,1802.0,0.0,1625.3,0.0332,0.0481,gas-cc,gas-cc,111.5,2.1,0.21,13.2,841.4,0.05,111.6,38.3,149.9,115.9,2.2,0.22,13.7,874.8,0.05,116.0,39.8,155.8,151.3,2.9,0.29,17.9,1141.0,0.07,151.5,51.9,203.4,411.9,7.8,0.78,48.7,3108.5,0.18,412.4,141.3,553.7,41.69,0.0,0.0,41.69,43.8,0.0,0.0,43.8,0.0,0.0,0.0,3486.5,59.2,2354.5,0.0,0.0,0.0,0.0,0.0,1072.7,0.0,0.0,0.0,0.0,0.0,0.0,0.0,59.2,0.0
2050-07-09 05:00:00,2050-07-09 03:00:00,1736.8,0.0,0.0,14.5,1751.3,1680.5,1699.5,0.0,934.5,0.0324,0.0454,battery,gas-cc,144.7,2.7,0.27,17.1,1092.3,0.06,144.9,49.7,194.6,150.1,2.8,0.28,17.7,1132.7,0.07,150.3,51.5,201.8,134.7,2.5,0.26,15.9,1015.8,0.06,134.9,46.2,181.1,414.1,7.8,0.78,48.9,3124.6,0.18,414.5,142.1,556.6,41.69,0.0,0.0,41.69,43.67,0.0,0.0,43.67,0.0,0.0,0.0,2685.8,51.8,1561.3,0.0,0.0,0.0,0.0,0.0,1072.7,0.0,0.0,0.0,0.0,0.0,0.0,0.0,51.8,0.0
2050-07-09 06:00:00,2050-07-09 04:00:00,1665.3,0.0,0.0,18.2,1683.5,1612.1,1631.6,0.0,1176.0,0.0319,0.0435,battery,gas-cc,136.0,2.6,0.26,16.1,1025.9,0.06,136.1,46.6,182.7,141.0,2.7,0.27,16.7,1063.7,0.06,141.1,48.4,189.5,310.7,5.9,0.59,36.7,2344.6,0.13,311.1,106.6,417.7,404.5,7.6,0.76,47.8,3052.5,0.18,405.0,138.8,543.8,41.69,0.0,0.0,41.69,43.59,0.0,0.0,43.59,0.0,0.0,0.0,2859.5,51.9,1734.9,0.0,0.0,0.0,0.0,0.0,1072.7,0.0,0.0,0.0,0.0,0.0,0.0,0.0,51.9,0.0
2050-07-09 07:00:00,2050-07-09 05:00:00,1610.5,0.0,0.0,2.5,1613.0,1559.8,1232.3,159.6,0.0,0.0315,0.0421,gas-cc,gas-cc,267.5,5.0,0.5,31.6,2018.4,0.12,267.8,91.8,359.5,248.9,4.7,0.47,29.4,1878.0,0.11,249.1,85.4,334.5,141.0,2.7,0.27,16.7,1062.9,0.06,141.1,48.3,189.5,415.4,7.8,0.78,49.1,3135.0,0.18,415.9,142.6,558.4,39.2,0.0,0.0,39.2,40.93,0.0,0.0,40.93,0.0,0.0,0.0,1453.4,380.7,0.0,0.0,0.0,0.0,0.0,13.5,1072.7,0.0,0.0,0.0,0.0,0.0,0.0,307.0,60.2,0.0
2050-07-09 08:00:00,2050-07-09 06:00:00,1551.6,1902.9,0.0,12.1,3466.5,1503.2,1243.2,1243.2,0.0,0.0312,0.0406,battery,gas-cc,0.0,0.0,0.0,0.0,0.0,0.0,0.0,0.0,0.0,0.0,0.0,0.0,0.5,1.2,0.01,0.0,0.5,0.5,139.8,2.6,0.26,16.5,1054.2,0.06,140.0,48.0,187.9,293.0,5.5,0.55,34.6,2211.3,0.13,293.4,100.5,393.9,26.87,0.0,0.0,26.87,28.01,0.0,0.0,28.01,0.0,0.0,0.0,2223.4,2223.4,0.0,0.0,0.0,0.0,0.0,91.8,0.0,0.0,0.0,0.0,0.0,0.0,0.0,2082.5,49.1,0.0
2050-07-09 09:00:00,2050-07-09 07:00:00,1654.7,2593.8,0.0,0.0,4248.5,1602.1,-0.0,0.0,0.0,0.0318,0.0433,upv,upv,0.0,0.0,0.0,0.0,0.0,0.0,0.0,0.0,0.0,0.0,0.0,0.0,0.0,0.0,0.0,0.0,0.0,0.0,139.9,2.6,0.26,16.5,1055.0,0.06,140.1,48.0,188.1,0.0,0.0,0.0,0.0,0.0,0.0,0.0,0.0,0.0,0.0,0.0,0.0,0.0,0.0,0.0,0.0,0.0,0.0,1007.5,1007.5,4248.5,4248.5,0.0,0.0,0.0,0.0,0.0,219.2,0.0,0.0,0.0,0.0,0.0,0.0,0.0,3968.4,60.8,0.0
2050-07-09 10:00:00,2050-07-09 08:00:00,1809.5,3887.8,0.0,0.0,5697.3,1749.8,0.0,0.0,0.0,0.033,0.0473,upv,upv,0.0,0.0,0.0,0.0,0.0,0.0,0.0,0.0,0.0,0.0,0.0,0.0,0.0,0.0,0.0,0.0,0.0,0.0,140.1,2.6,0.27,16.6,1056.2,0.06,140.3,48.0,188.3,0.0,0.0,0.0,0.0,0.0,0.0,0.0,0.0,0.0,0.0,0.0,0.0,0.0,0.0,0.0,0.0,0.0,0.0,907.5,907.5,5697.3,5697.3,0.0,0.0,0.0,0.0,0.0,275.0,0.0,0.0,0.0,0.0,0.0,0.0,0.0,5335.1,87.2,0.0
2050-07-09 11:00:00,2050-07-09 09:00:00,2017.9,4019.6,0.0,0.0,6037.5,1947.8,0.0,0.0,0.0,0.0347,0.0528,upv,upv,0.0,0.0,0.0,0.0,0.0,0.0,0.0,0.0,0.0,0.0,0.0,0.0,0.0,0.0,0.0,0.0,0.0,0.0,140.4,2.7,0.27,16.6,1058.5,0.06,140.6,48.1,188.7,0.0,0.0,0.0,0.0,0.0,0.0,0.0,0.0,0.0,0.0,0.0,0.0,0.0,0.0,0.0,0.0,0.0,0.0,2732.5,2732.5,6037.5,6037.5,0.0,0.0,0.0,0.0,0.0,366.5,0.0,0.0,0.0,0.0,0.0,0.0,0.0,5584.4,86.6,0.0
2050-07-09 12:00:00,2050-07-09 10:00:00,2265.3,3824.8,0.0,0.0,6090.0,2181.3,0.0,0.0,0.0,0.0371,0.0592,upv,upv,0.0,0.0,0.0,0.0,0.0,0.0,0.0,0.0,0.0,0.0,0.0,0.0,0.0,0.0,0.0,0.0,0.0,0.0,140.8,2.7,0.27,16.6,1061.4,0.06,140.9,48.3,189.2,0.0,0.0,0.0,0.0,0.0,0.0,0.0,0.0,0.0,0.0,0.0,0.0,0.0,0.0,0.0,0.0,0.0,0.0,2645.5,2645.5,6090.0,6090.0,0.0,0.0,0.0,0.0,0.0,366.5,0.0,0.0,0.0,0.0,0.0,0.0,0.0,5671.4,52.2,0.0
2050-07-09 13:00:00,2050-07-09 11:00:00,2492.6,3795.7,0.0,0.0,6288.3,2394.5,0.0,0.0,0.0,0.0394,0.0652,upv,upv,0.0,0.0,0.0,0.0,0.0,0.0,0.0,0.0,0.0,0.0,0.0,0.0,0.0,0.0,0.0,0.0,0.0,0.0,141.0,2.7,0.27,16.7,1063.2,0.06,141.2,48.4,189.5,0.0,0.0,0.0,0.0,0.0,0.0,0.0,0.0,0.0,0.0,0.0,0.0,0.0,0.0,0.0,0.0,0.0,0.0,2978.3,2978.3,6288.3,6288.3,0.0,0.0,0.0,0.0,0.0,389.8,0.0,0.0,0.0,0.0,0.0,0.0,0.0,5868.5,30.0,0.0
2050-07-09 14:00:00,2050-07-09 12:00:00,2690.5,2650.9,0.0,0.0,5341.4,2579.0,0.0,0.0,0.0,0.0414,0.0704,upv,upv,0.0,0.0,0.0,0.0,0.0,0.0,0.0,0.0,0.0,0.0,0.0,0.0,0.0,0.0,0.0,0.0,0.0,0.0,141.4,2.7,0.27,16.7,1065.6,0.06,141.5,48.5,190.0,0.0,0.0,0.0,0.0,0.0,0.0,0.0,0.0,0.0,0.0,0.0,0.0,0.0,0.0,0.0,0.0,0.0,0.0,3484.6,3484.6,5341.4,5341.4,0.0,0.0,0.0,0.0,0.0,371.7,0.0,0.0,0.0,0.0,0.0,0.0,0.0,4948.6,21.1,0.0
2050-07-09 15:00:00,2050-07-09 13:00:00,2894.7,3920.7,0.0,0.0,6815.5,2768.3,0.0,0.0,0.0,0.0437,0.0757,upv,upv,0.0,0.0,0.0,0.0,0.0,0.0,0.0,0.0,0.0,0.0,0.0,0.0,0.0,0.0,0.0,0.0,0.0,0.0,142.6,2.7,0.27,16.9,1075.3,0.06,142.8,48.9,191.7,0.0,0.0,0.0,0.0,0.0,0.0,0.0,0.0,0.0,0.0,0.0,0.0,0.0,0.0,0.0,0.0,0.0,0.0,1204.0,1204.0,6815.5,6815.5,0.0,0.0,0.0,0.0,0.0,335.1,0.0,0.0,0.0,0.0,0.0,0.0,0.0,6402.1,78.3,0.0
2050-07-09 16:00:00,2050-07-09 14:00:00,3106.3,2431.9,0.0,5.3,5543.5,2963.3,-809.7,0.0,809.7,0.046,0.0812,upv,upv,0.0,0.0,0.0,0.0,0.0,0.0,0.0,0.0,0.0,0.0,0.0,0.0,0.0,0.0,0.0,0.0,0.0,0.0,142.9,2.7,0.27,16.9,1077.4,0.06,143.1,49.0,192.1,0.0,0.0,0.0,0.0,0.0,0.0,0.0,0.0,0.0,4.53,0.0,0.0,4.53,4.93,0.0,0.0,4.93,0.0,0.0,0.0,6353.2,6353.2,0.0,0.0,0.0,0.0,0.0,266.2,0.0,0.0,0.0,0.0,0.0,0.0,0.0,6039.0,48.1,0.0
2050-07-09 17:00:00,2050-07-09 15:00:00,3257.9,2073.8,0.0,12.1,5343.8,3102.3,1243.2,1243.2,0.0,0.0478,0.0852,battery,gas-cc,0.0,0.0,0.0,0.0,0.0,0.0,0.0,0.0,0.0,0.0,0.0,0.0,0.2,0.4,0.0,0.0,0.2,0.2,142.3,2.7,0.27,16.8,1072.6,0.06,142.4,48.8,191.2,307.3,5.8,0.58,36.3,2319.2,0.13,307.7,105.5,413.1,26.87,0.0,0.0,26.87,29.38,0.0,0.0,29.38,0.0,0.0,0.0,4100.6,4100.6,0.0,0.0,0.0,0.0,0.0,169.3,0.0,0.0,0.0,0.0,0.0,0.0,0.0,3841.8,89.5,0.0
2050-07-09 18:00:00,2050-07-09 16:00:00,3400.0,64.7,0.0,2.6,3467.3,3232.0,397.0,397.0,0.0,0.0494,0.0889,gas-cc,gas-cc,0.0,0.0,0.0,0.0,0.0,0.0,0.0,0.0,0.0,0.0,0.0,0.0,0.1,0.3,0.0,0.0,0.1,0.1,142.5,2.7,0.27,16.8,1074.5,0.06,142.7,48.9,191.6,386.1,7.3,0.73,45.6,2913.7,0.17,386.5,132.5,519.0,26.87,0.0,0.0,26.87,29.49,0.0,0.0,29.49,0.0,0.0,0.0,3070.3,3070.3,0.0,0.0,0.0,0.0,0.0,127.8,0.0,0.0,0.0,0.0,0.0,0.0,0.0,2901.5,40.9,0.0
2050-07-09 19:00:00,2050-07-09 17:00:00,3489.5,0.0,0.0,18.2,3507.7,3313.4,1292.4,0.0,1176.0,0.0505,0.0913,battery,gas-cc,83.0,1.6,0.16,9.8,626.3,0.04,83.1,28.5,111.6,87.7,1.7,0.17,10.4,661.6,0.04,87.8,30.1,117.9,145.4,2.7,0.28,17.2,1096.0,0.06,145.5,49.9,195.4,425.8,8.0,0.8,50.3,3212.8,0.18,426.2,146.1,572.3,41.77,0.0,0.0,41.77,45.97,0.0,0.0,45.97,0.0,0.0,0.0,4683.7,2215.3,1395.7,0.0,0.0,0.0,0.0,90.1,1072.7,0.0,0.0,0.0,0.0,0.0,0.0,2045.3,79.9,0.0
2050-07-09 20:00:00,2050-07-09 18:00:00,3461.1,0.0,0.0,18.2,3479.3,3287.6,2831.9,0.0,1176.0,0.0501,0.0905,battery,gas-cc,83.5,1.6,0.16,9.9,630.2,0.04,83.6,28.7,112.3,88.5,1.7,0.17,10.5,667.6,0.04,88.6,30.4,118.9,148.6,2.8,0.28,17.6,1120.4,0.06,148.8,51.0,199.7,425.4,8.0,0.8,50.3,3210.2,0.18,425.9,146.0,571.8,41.77,0.0,0.0,41.77,45.93,0.0,0.0,45.93,0.0,0.0,0.0,4655.3,647.4,2935.2,0.0,0.0,0.0,0.0,23.7,1072.7,0.0,0.0,0.0,0.0,0.0,0.0,537.2,86.5,0.0
2050-07-09 21:00:00,2050-07-09 19:00:00,3350.5,0.0,0.0,18.2,3368.8,3186.9,3302.5,0.0,1176.0,0.0488,0.0876,battery,gas-cc,85.5,1.6,0.16,10.1,645.5,0.04,85.6,29.4,115.0,90.6,1.7,0.17,10.7,683.6,0.04,90.7,31.1,121.8,149.0,2.8,0.28,17.6,1123.5,0.06,149.2,51.1,200.3,424.1,8.0,0.8,50.1,3200.0,0.18,424.5,145.5,570.0,41.77,2009.36,0.0,2051.14,45.79,2202.33,0.0,2248.12,0.0,0.0,0.0,4544.8,66.2,3405.8,0.0,0.0,0.0,0.0,0.0,1072.7,0.0,0.0,0.0,0.0,0.0,0.0,0.0,66.2,0.0
2050-07-09 22:00:00,2050-07-09 20:00:00,3211.6,0.0,0.0,18.2,3229.8,3059.9,3155.6,0.0,1176.0,0.0472,0.084,battery,gas-cc,88.2,1.7,0.17,10.4,665.9,0.04,88.3,30.3,118.6,93.3,1.8,0.18,11.0,703.8,0.04,93.4,32.0,125.4,148.7,2.8,0.28,17.6,1121.1,0.06,148.9,51.0,199.9,422.4,8.0,0.8,49.9,3187.3,0.18,422.8,144.9,567.8,41.77,1176.11,0.0,1217.88,45.6,1283.94,0.0,1329.54,0.0,0.0,0.0,4405.9,74.2,3259.0,0.0,0.0,0.0,0.0,0.0,1072.7,0.0,0.0,0.0,0.0,0.0,0.0,0.0,74.2,0.0
2050-07-09 23:00:00,2050-07-09 21:00:00,2989.5,0.0,0.0,18.2,3007.7,2855.8,2963.2,0.0,1176.0,0.0447,0.0782,battery,gas-cc,92.9,1.8,0.18,11.0,701.2,0.04,93.0,31.9,124.9,97.9,1.8,0.18,11.6,738.9,0.04,98.0,33.6,131.6,183.8,3.5,0.35,21.7,1386.1,0.08,184.0,63.0,247.0,419.7,7.9,0.79,49.6,3167.2,0.18,420.2,144.0,564.2,41.77,0.0,0.0,41.77,45.32,0.0,0.0,45.32,0.0,0.0,0.0,4183.7,44.5,3066.5,0.0,0.0,0.0,0.0,0.0,1072.7,0.0,0.0,0.0,0.0,0.0,0.0,0.0,44.5,0.0
2050-07-10 00:00:00,2050-07-09 22:00:00,2798.9,0.0,0.0,18.2,2817.2,2679.7,2796.7,0.0,1176.0,0.0426,0.0732,battery,gas-cc,97.4,1.8,0.18,11.5,734.7,0.04,97.5,33.4,130.9,102.3,1.9,0.19,12.1,772.1,0.04,102.4,35.1,137.6,147.8,2.8,0.28,17.5,1114.6,0.06,148.0,50.7,198.7,417.5,7.9,0.79,49.3,3150.2,0.18,417.9,143.2,561.1,41.69,0.0,0.0,41.69,44.98,0.0,0.0,44.98,0.0,0.0,0.0,3993.2,20.5,2900.0,0.0,0.0,0.0,0.0,0.0,1072.7,0.0,0.0,0.0,0.0,0.0,0.0,0.0,20.5,0.0
2050-07-10 01:00:00,2050-07-09 23:00:00,2595.8,0.0,0.0,18.9,2614.7,2490.8,2605.1,0.0,1286.5,0.0404,0.0679,battery,gas-cc,99.7,1.9,0.19,11.8,752.0,0.04,99.8,34.2,134.0,104.5,2.0,0.2,12.4,788.4,0.05,104.6,35.9,140.5,147.6,2.8,0.28,17.4,1113.1,0.06,147.8,50.6,198.4,420.7,7.9,0.79,49.7,3174.4,0.18,421.1,144.3,565.5,41.69,0.0,0.0,41.69,44.73,0.0,0.0,44.73,0.0,0.0,0.0,3901.2,9.7,2818.8,0.0,0.0,0.0,0.0,0.0,1072.7,0.0,0.0,0.0,0.0,0.0,0.0,0.0,9.7,0.0
2050-07-10 02:00:00,2050-07-10 00:00:00,2291.6,0.0,0.0,15.1,2306.7,2206.1,2302.5,0.0,1070.6,0.0373,0.0599,battery,gas-cc,115.1,2.2,0.22,13.6,868.6,0.05,115.2,39.5,154.7,120.2,2.3,0.23,14.2,906.8,0.05,120.3,41.2,161.5,147.0,2.8,0.28,17.4,1108.1,0.06,147.1,50.4,197.5,417.1,7.9,0.79,49.3,3147.6,0.18,417.6,143.1,560.7,41.69,0.0,0.0,41.69,44.35,0.0,0.0,44.35,0.0,0.0,0.0,3377.3,4.2,2300.3,0.0,0.0,0.0,0.0,0.0,1072.7,0.0,0.0,0.0,0.0,0.0,0.0,0.0,4.2,0.0
2050-07-10 03:00:00,2050-07-10 01:00:00,2090.5,0.0,0.0,2.9,2093.5,2016.5,2089.6,0.0,234.9,0.0354,0.0547,gas-cc,gas-cc,167.0,3.1,0.31,19.7,1260.0,0.07,167.1,57.3,224.4,173.6,3.3,0.33,20.5,1309.7,0.08,173.7,59.6,233.3,146.8,2.8,0.28,17.3,1106.5,0.06,146.9,50.3,197.3,414.8,7.8,0.78,49.0,3130.1,0.18,415.2,142.3,557.6,41.69,0.0,0.0,41.69,44.1,0.0,0.0,44.1,0.0,0.0,0.0,2328.3,3.8,1251.8,0.0,0.0,0.0,0.0,0.0,1072.7,0.0,0.0,0.0,0.0,0.0,0.0,0.0,3.8,0.0
2050-07-10 04:00:00,2050-07-10 02:00:00,1932.6,0.0,0.0,5.6,1938.2,1866.9,1936.9,0.0,854.8,0.034,0.0505,gas-cc,gas-cc,139.2,2.6,0.26,16.4,1050.4,0.06,139.3,47.8,187.1,144.6,2.7,0.27,17.1,1091.4,0.06,144.8,49.6,194.4,331.3,6.2,0.62,39.1,2500.0,0.14,331.7,113.7,445.4,413.0,7.8,0.78,48.8,3116.5,0.18,413.4,141.7,555.1,41.69,0.0,0.0,41.69,43.91,0.0,0.0,43.91,0.0,0.0,0.0,2792.9,1.3,1718.9,0.0,0.0,0.0,0.0,0.0,1072.7,0.0,0.0,0.0,0.0,0.0,0.0,0.0,1.3,0.0
2050-07-10 05:00:00,2050-07-10 03:00:00,1816.8,0.0,0.0,0.0,1816.8,1756.8,1814.8,0.0,0.0,0.033,0.0475,battery,gas-cc,214.0,4.0,0.4,25.3,1614.7,0.09,214.2,73.4,287.6,221.6,4.2,0.42,26.2,1672.5,0.1,221.9,76.1,297.9,291.5,5.5,0.55,34.4,2199.7,0.13,291.9,100.0,391.9,406.2,7.7,0.77,48.0,3065.3,0.18,406.6,139.4,546.0,41.69,0.0,0.0,41.69,43.77,0.0,0.0,43.77,0.0,0.0,0.0,1816.8,2.0,742.1,0.0,0.0,0.0,0.0,0.0,1072.7,0.0,0.0,0.0,0.0,0.0,0.0,0.0,2.0,0.0
2050-07-10 06:00:00,2050-07-10 04:00:00,1770.5,0.0,0.0,0.0,1770.5,1712.7,1770.2,0.0,0.0,0.0327,0.0463,battery,gas-cc,219.6,4.1,0.41,25.9,1656.9,0.1,219.8,75.3,295.2,227.3,4.3,0.43,26.9,1715.5,0.1,227.6,78.0,305.6,274.0,5.2,0.52,32.4,2067.2,0.12,274.3,94.0,368.3,405.7,7.6,0.76,47.9,3061.4,0.18,406.1,139.2,545.3,41.69,0.0,0.0,41.69,43.71,0.0,0.0,43.71,0.0,0.0,0.0,1770.5,0.3,697.5,0.0,0.0,0.0,0.0,0.0,1072.7,0.0,0.0,0.0,0.0,0.0,0.0,0.0,0.3,0.0
2050-07-10 07:00:00,2050-07-10 05:00:00,1747.4,0.0,0.0,1.6,1748.9,1690.6,1277.4,204.6,0.0,0.0325,0.0457,battery,gas-ct,251.7,4.7,0.47,29.7,1899.7,0.11,252.0,86.4,338.4,241.9,4.6,0.46,28.8,1825.7,0.11,242.1,83.2,325.4,165.6,3.1,0.31,19.6,1248.4,0.07,165.7,56.8,222.5,572.7,10.8,1.08,67.7,4321.6,0.25,573.3,196.5,769.8,40.54,0.0,0.0,40.54,42.48,0.0,0.0,42.48,0.0,0.0,0.0,1544.3,471.6,0.0,0.0,0.0,0.0,0.0,19.8,1072.7,0.0,0.0,0.0,0.0,0.0,0.0,449.9,1.8,0.0
2050-07-10 08:00:00,2050-07-10 06:00:00,1825.3,2090.1,0.0,12.1,3927.4,1764.8,1243.2,1243.2,0.0,0.0331,0.0477,battery,gas-cc,0.0,0.0,0.0,0.0,0.0,0.0,0.0,0.0,0.0,0.0,0.0,0.0,0.3,0.8,0.01,0.0,0.4,0.4,140.3,2.6,0.27,16.6,1057.4,0.06,140.4,48.1,188.5,295.2,5.6,0.56,34.9,2227.9,0.13,295.6,101.3,396.9,13.22,0.0,0.0,13.22,13.89,0.0,0.0,13.89,0.0,0.0,0.0,2684.3,2684.3,0.0,0.0,0.0,0.0,0.0,113.2,0.0,0.0,0.0,0.0,0.0,0.0,0.0,2568.7,2.3,0.0
2050-07-10 09:00:00,2050-07-10 07:00:00,2051.6,2461.0,0.0,2.2,4514.7,1979.7,-333.5,0.0,333.5,0.035,0.0537,battery,gas-cc,0.0,0.0,0.0,0.0,0.0,0.0,0.0,0.0,0.0,0.0,0.0,0.0,0.0,0.0,0.0,0.0,0.0,0.0,140.4,2.7,0.27,16.6,1058.5,0.06,140.6,48.1,188.7,336.1,6.3,0.63,39.7,2536.1,0.15,336.4,115.3,451.7,8.98,0.0,0.0,8.98,9.49,0.0,0.0,9.49,0.0,0.0,0.0,4848.3,4848.3,0.0,0.0,0.0,0.0,0.0,204.6,0.0,0.0,0.0,0.0,0.0,0.0,0.0,4643.1,0.5,0.0
2050-07-10 10:00:00,2050-07-10 08:00:00,2353.7,2922.9,0.0,3.1,5279.7,2264.4,-483.2,0.0,483.2,0.0379,0.0616,battery,distpv,0.0,0.0,0.0,0.0,0.0,0.0,0.0,0.0,0.0,0.0,0.0,0.0,0.0,0.0,0.0,0.0,0.0,0.0,140.8,2.7,0.27,16.6,1061.7,0.06,141.0,48.3,189.3,0.0,0.0,0.0,0.0,0.0,0.0,0.0,0.0,0.0,8.98,0.0,0.0,8.98,9.57,0.0,0.0,9.57,0.0,0.0,0.0,5762.9,5762.9,0.0,0.0,0.0,0.0,0.0,243.2,0.0,0.0,0.0,0.0,0.0,0.0,0.0,5518.8,0.9,0.0
2050-07-10 11:00:00,2050-07-10 09:00:00,2595.8,3564.0,0.0,5.1,6165.0,2490.8,-789.2,0.0,789.2,0.0404,0.0679,battery,distpv,0.0,0.0,0.0,0.0,0.0,0.0,0.0,0.0,0.0,0.0,0.0,0.0,0.0,0.0,0.0,0.0,0.0,0.0,141.2,2.7,0.27,16.7,1064.4,0.06,141.3,48.4,189.8,0.0,0.0,0.0,0.0,0.0,0.0,0.0,0.0,0.0,8.98,0.0,0.0,8.98,9.63,0.0,0.0,9.63,0.0,0.0,0.0,6954.1,6954.1,0.0,0.0,0.0,0.0,0.0,293.2,0.0,0.0,0.0,0.0,0.0,0.0,0.0,6656.1,4.8,0.0
2050-07-10 12:00:00,2050-07-10 10:00:00,2791.6,3001.3,0.0,4.9,5797.8,2672.8,-751.2,0.0,751.2,0.0425,0.073,battery,distpv,0.0,0.0,0.0,0.0,0.0,0.0,0.0,0.0,0.0,0.0,0.0,0.0,0.0,0.0,0.0,0.0,0.0,0.0,141.5,2.7,0.27,16.7,1066.8,0.06,141.7,48.5,190.2,0.0,0.0,0.0,0.0,0.0,0.0,0.0,0.0,0.0,8.98,0.0,0.0,8.98,9.69,0.0,0.0,9.69,0.0,0.0,0.0,6548.9,6548.9,0.0,0.0,0.0,0.0,0.0,275.7,0.0,0.0,0.0,0.0,0.0,0.0,0.0,6258.7,14.5,0.0
2050-07-10 13:00:00,2050-07-10 11:00:00,2925.3,3906.8,0.0,10.7,6842.8,2796.5,-1640.0,0.0,1640.0,0.044,0.0765,battery,distpv,0.0,0.0,0.0,0.0,0.0,0.0,0.0,0.0,0.0,0.0,0.0,0.0,0.0,0.0,0.0,0.0,0.0,0.0,141.7,2.7,0.27,16.7,1068.5,0.06,141.9,48.6,190.5,0.0,0.0,0.0,0.0,0.0,0.0,0.0,0.0,0.0,8.98,0.0,0.0,8.98,9.72,0.0,0.0,9.72,0.0,0.0,0.0,8482.7,8482.7,0.0,0.0,0.0,0.0,0.0,356.6,0.0,0.0,0.0,0.0,0.0,0.0,0.0,8090.7,35.4,0.0
2050-07-10 14:00:00,2050-07-10 12:00:00,3077.9,4019.6,0.0,21.6,7119.1,2937.2,-2348.4,0.0,2348.4,0.0457,0.0805,battery,distpv,0.0,0.0,0.0,0.0,0.0,0.0,0.0,0.0,0.0,0.0,0.0,0.0,0.0,0.0,0.0,0.0,0.0,0.0,142.1,2.7,0.27,16.8,1071.3,0.06,142.3,48.7,191.0,0.0,0.0,0.0,0.0,0.0,0.0,0.0,0.0,0.0,8.59,0.0,0.0,8.59,9.35,0.0,0.0,9.35,0.0,0.0,0.0,9467.5,9467.5,0.0,0.0,0.0,0.0,0.0,398.8,0.0,0.0,0.0,0.0,0.0,0.0,0.0,9047.1,21.6,0.0
2050-07-10 15:00:00,2050-07-10 13:00:00,3185.3,4019.6,0.0,19.0,7223.8,3035.7,-2175.0,0.0,2175.0,0.0469,0.0833,battery,distpv,0.0,0.0,0.0,0.0,0.0,0.0,0.0,0.0,0.0,0.0,0.0,0.0,0.0,0.0,0.0,0.0,0.0,0.0,142.5,2.7,0.27,16.8,1073.9,0.06,142.6,48.9,191.5,0.0,0.0,0.0,0.0,0.0,0.0,0.0,0.0,0.0,8.59,0.0,0.0,8.59,9.37,0.0,0.0,9.37,0.0,0.0,0.0,9398.7,9398.7,0.0,0.0,0.0,0.0,0.0,393.7,0.0,0.0,0.0,0.0,0.0,0.0,0.0,8937.3,67.7,0.0
2050-07-10 16:00:00,2050-07-10 14:00:00,3363.2,3229.9,0.0,22.8,6615.9,3198.4,-2426.0,0.0,2426.0,0.049,0.088,battery,distpv,0.0,0.0,0.0,0.0,0.0,0.0,0.0,0.0,0.0,0.0,0.0,0.0,0.0,0.0,0.0,0.0,0.0,0.0,142.5,2.7,0.27,16.8,1074.0,0.06,142.6,48.9,191.5,0.0,0.0,0.0,0.0,0.0,0.0,0.0,0.0,0.0,8.98,0.0,0.0,8.98,9.85,0.0,0.0,9.85,0.0,0.0,0.0,9041.9,9041.9,0.0,0.0,0.0,0.0,0.0,380.0,0.0,0.0,0.0,0.0,0.0,0.0,0.0,8620.6,41.3,0.0
2050-07-10 17:00:00,2050-07-10 15:00:00,3538.9,1951.3,0.0,21.4,5511.6,3358.3,-2330.9,0.0,2330.9,0.051,0.0925,battery,upv,0.0,0.0,0.0,0.0,0.0,0.0,0.0,0.0,0.0,0.0,0.0,0.0,0.0,0.0,0.0,0.0,0.0,0.0,142.8,2.7,0.27,16.9,1076.3,0.06,142.9,49.0,191.9,0.0,0.0,0.0,0.0,0.0,0.0,0.0,0.0,0.0,13.22,0.0,0.0,13.22,14.57,0.0,0.0,14.57,0.0,0.0,0.0,7842.5,7842.5,0.0,0.0,0.0,0.0,0.0,328.2,0.0,0.0,0.0,0.0,0.0,0.0,0.0,7451.0,63.3,0.0
2050-07-10 18:00:00,2050-07-10 16:00:00,3667.4,0.0,0.0,22.4,3689.8,3474.6,-2400.1,0.0,2400.1,0.0526,0.0959,battery,gas-cc,0.0,0.0,0.0,0.0,0.0,0.0,0.0,0.0,0.0,0.0,0.0,0.0,0.0,0.0,0.0,0.0,0.0,0.0,143.1,2.7,0.27,16.9,1079.1,0.06,143.3,49.1,192.4,351.8,6.6,0.66,41.6,2654.6,0.15,352.2,120.7,472.9,13.22,0.0,0.0,13.22,14.63,0.0,0.0,14.63,0.0,0.0,0.0,6089.9,6089.9,0.0,0.0,0.0,0.0,0.0,255.5,0.0,0.0,0.0,0.0,0.0,0.0,0.0,5799.9,34.6,0.0
2050-07-10 19:00:00,2050-07-10 17:00:00,3827.4,0.0,0.0,4.8,3832.1,3619.0,765.0,0.0,307.8,0.0545,0.1001,gas-cc,gas-cc,93.9,1.8,0.18,11.1,708.6,0.04,94.0,32.2,126.2,99.3,1.9,0.19,11.7,749.4,0.04,99.4,34.1,133.5,143.4,2.7,0.27,16.9,1080.9,0.06,143.5,49.2,192.7,435.7,8.2,0.82,51.5,3288.1,0.19,436.2,149.5,585.7,41.96,0.0,0.0,41.96,46.62,0.0,0.0,46.62,0.0,0.0,0.0,4139.9,3067.2,0.0,0.0,0.0,0.0,0.0,126.9,1072.7,0.0,0.0,0.0,0.0,0.0,0.0,2880.5,59.7,0.0
2050-07-10 20:00:00,2050-07-10 18:00:00,3891.6,0.0,0.0,19.0,3910.6,3676.7,3210.7,0.0,1297.2,0.0552,0.1018,battery,gas-cc,74.6,1.4,0.14,8.8,563.3,0.03,74.7,25.6,100.3,79.6,1.5,0.15,9.4,600.6,0.03,79.7,27.3,107.0,148.7,2.8,0.28,17.6,1121.3,0.06,148.9,51.0,199.9,396.9,7.5,0.75,46.9,2995.4,0.17,397.4,136.2,533.6,43.92,0.0,0.0,43.92,48.9,0.0,0.0,48.9,0.0,0.0,0.0,5207.8,699.9,3435.1,0.0,0.0,0.0,0.0,25.4,1072.7,0.0,0.0,0.0,0.0,0.0,0.0,577.2,97.3,0.0
2050-07-10 21:00:00,2050-07-10 19:00:00,3796.8,0.0,0.0,18.7,3815.5,3591.5,3740.9,0.0,1351.4,0.0541,0.0993,battery,gas-cc,75.2,1.4,0.14,8.9,567.8,0.03,75.3,25.8,101.1,80.2,1.5,0.15,9.5,605.4,0.04,80.3,27.5,107.9,166.7,3.1,0.32,19.7,1256.7,0.07,166.8,57.2,224.0,395.8,7.5,0.75,46.8,2987.1,0.17,396.3,135.8,532.1,43.92,1983.06,0.0,2026.98,48.76,2201.67,0.0,2250.43,0.0,0.0,0.0,5167.0,74.6,4019.6,0.0,0.0,0.0,0.0,0.0,1072.7,0.0,0.0,0.0,0.0,0.0,0.0,0.0,74.6,0.0
2050-07-10 22:00:00,2050-07-10 20:00:00,3597.9,0.0,0.0,20.4,3618.3,3411.8,3583.8,0.0,1508.5,0.0517,0.0941,gas-cc,gas-cc,75.8,1.4,0.14,9.0,572.2,0.03,75.9,26.0,101.9,80.7,1.5,0.15,9.5,608.6,0.04,80.7,27.7,108.4,166.2,3.1,0.31,19.6,1252.9,0.07,166.3,57.0,223.3,388.3,7.3,0.73,45.9,2930.4,0.17,388.7,133.2,522.0,43.92,1863.16,0.0,1907.08,48.48,2056.67,0.0,2105.15,0.0,0.0,0.0,5126.8,34.5,4019.6,0.0,0.0,0.0,0.0,0.0,1072.7,0.0,0.0,0.0,0.0,0.0,0.0,0.0,34.5,0.0
2050-07-10 23:00:00,2050-07-10 21:00:00,3311.6,0.0,0.0,17.0,3328.6,3151.3,3312.4,0.0,1195.4,0.0484,0.0866,battery,gas-cc,85.9,1.6,0.16,10.2,648.5,0.04,86.0,29.5,115.5,91.0,1.7,0.17,10.8,686.5,0.04,91.1,31.2,122.3,148.7,2.8,0.28,17.6,1121.4,0.06,148.9,51.0,199.9,399.6,7.5,0.75,47.2,3015.3,0.17,400.0,137.1,537.1,43.92,996.22,0.0,1040.14,48.09,1090.67,0.0,1138.76,0.0,0.0,0.0,4524.0,16.2,3435.1,0.0,0.0,0.0,0.0,0.0,1072.7,0.0,0.0,0.0,0.0,0.0,0.0,0.0,16.2,0.0
2050-07-11 00:00:00,2050-07-10 22:00:00,2971.6,0.0,0.0,19.5,2991.1,2839.3,2985.3,0.0,1430.0,0.0445,0.0777,battery,gas-ct,87.9,1.7,0.17,10.4,663.6,0.04,88.0,30.2,118.2,92.7,1.7,0.17,11.0,699.5,0.04,92.8,31.8,124.6,209.7,4.0,0.4,24.8,1581.8,0.09,209.9,71.9,281.9,605.7,11.4,1.14,71.5,4570.4,0.26,606.3,207.8,814.1,44.29,0.0,0.0,44.29,48.02,0.0,0.0,48.02,0.0,0.0,0.0,4421.0,5.7,3342.6,0.0,0.0,0.0,0.0,0.0,1072.7,0.0,0.0,0.0,0.0,0.0,0.0,0.0,5.7,0.0
2050-07-11 01:00:00,2050-07-10 23:00:00,2683.2,0.0,0.0,18.2,2701.4,2572.2,2690.4,0.0,1176.0,0.0414,0.0702,battery,gas-ct,100.3,1.9,0.19,11.8,756.6,0.04,100.4,34.4,134.8,105.2,2.0,0.2,12.4,794.0,0.05,105.3,36.1,141.4,181.3,3.4,0.34,21.4,1366.9,0.08,181.5,62.2,243.6,554.8,10.5,1.05,65.5,4186.3,0.24,555.4,190.4,745.7,44.29,0.0,0.0,44.29,47.63,0.0,0.0,47.63,0.0,0.0,0.0,3877.4,11.0,2793.7,0.0,0.0,0.0,0.0,0.0,1072.7,0.0,0.0,0.0,0.0,0.0,0.0,0.0,11.0,0.0
2050-07-11 02:00:00,2050-07-11 00:00:00,2394.7,0.0,0.0,18.3,2413.0,2302.9,2385.2,0.0,1184.7,0.0384,0.0626,hydro,gas-cc,108.1,2.0,0.2,12.8,815.4,0.05,108.2,37.1,145.3,113.0,2.1,0.21,13.4,852.5,0.05,113.1,38.8,151.9,195.9,3.7,0.37,23.1,1477.6,0.09,196.1,67.2,263.3,429.8,8.1,0.81,50.8,3243.7,0.19,430.3,147.5,577.8,44.29,0.0,0.0,44.29,47.25,0.0,0.0,47.25,0.0,0.0,0.0,3597.7,27.8,2497.1,0.0,0.0,0.0,0.0,0.0,1072.7,0.0,0.0,0.0,0.0,0.0,0.0,0.0,27.8,0.0
2050-07-11 03:00:00,2050-07-11 01:00:00,2177.9,0.0,0.0,12.9,2190.8,2099.0,2170.5,0.0,1334.2,0.0362,0.057,battery,gas-ct,110.3,2.1,0.21,13.0,832.3,0.05,110.4,37.8,148.2,115.0,2.2,0.22,13.6,868.0,0.05,115.1,39.5,154.6,176.5,3.3,0.33,20.8,1330.7,0.08,176.7,60.5,237.2,650.5,12.3,1.23,76.8,4908.7,0.28,651.2,223.2,874.4,44.29,0.0,0.0,44.29,46.97,0.0,0.0,46.97,0.0,0.0,0.0,3525.0,20.3,2431.9,0.0,0.0,0.0,0.0,0.0,1072.7,0.0,0.0,0.0,0.0,0.0,0.0,0.0,20.3,0.0
2050-07-11 04:00:00,2050-07-11 02:00:00,1992.6,0.0,0.0,2.5,1995.1,1923.9,1969.7,380.1,0.0,0.0345,0.0521,hydro,gas-ct,240.7,4.5,0.45,28.4,1816.5,0.1,241.0,82.6,323.6,245.9,4.6,0.46,29.4,1856.4,0.12,246.1,84.8,330.9,241.8,4.6,0.46,28.6,1823.8,0.1,242.0,82.9,325.0,818.1,15.4,1.54,96.6,6173.7,0.35,819.0,280.7,1099.7,43.67,0.0,0.0,43.67,46.08,0.0,0.0,46.08,0.0,0.0,0.0,1615.0,25.4,516.9,0.0,0.0,0.0,0.0,0.0,1072.7,0.0,0.0,0.0,0.0,0.0,0.0,0.0,25.4,0.0
2050-07-11 05:00:00,2050-07-11 03:00:00,1850.5,0.0,0.0,5.0,1855.5,1788.9,1844.7,772.0,0.0,0.0333,0.0484,gas-cc,gas-cc,358.8,6.8,0.68,42.4,2707.4,0.16,359.2,123.1,482.3,307.9,5.8,0.58,37.2,2325.2,0.15,308.2,106.6,414.8,302.1,5.7,0.57,35.7,2279.3,0.13,302.4,103.6,406.1,412.1,7.8,0.78,48.7,3109.4,0.18,412.5,141.4,553.9,42.82,0.0,0.0,42.82,45.0,0.0,0.0,45.0,0.0,0.0,0.0,1083.6,10.8,0.0,0.0,0.0,0.0,0.0,0.0,1072.7,0.0,0.0,0.0,0.0,0.0,0.0,0.0,10.8,0.0
2050-07-11 06:00:00,2050-07-11 04:00:00,1757.9,0.0,0.0,7.8,1765.7,1700.6,1655.0,582.2,0.0,0.0326,0.046,gas-cc,gas-cc,328.5,6.2,0.62,38.8,2478.9,0.14,328.8,112.7,441.6,243.1,4.6,0.46,28.9,1834.6,0.11,243.3,83.6,326.9,266.8,5.0,0.5,31.5,2013.0,0.12,267.1,91.5,358.7,411.0,7.7,0.77,48.6,3101.5,0.18,411.5,141.0,552.5,42.82,0.0,0.0,42.82,44.88,0.0,0.0,44.88,0.0,0.0,0.0,1183.5,110.7,0.0,0.0,0.0,0.0,0.0,0.0,1072.7,0.0,0.0,0.0,0.0,0.0,0.0,0.0,110.7,0.0
2050-07-11 07:00:00,2050-07-11 05:00:00,1757.9,0.0,0.0,0.9,1758.8,1700.6,1128.1,55.4,0.0,0.0326,0.046,gas-cc,gas-cc,228.2,4.3,0.43,27.0,1722.3,0.1,228.5,78.3,306.8,228.5,4.3,0.43,27.0,1724.2,0.1,228.7,78.4,307.1,140.4,2.6,0.27,16.6,1058.3,0.06,140.5,48.1,188.7,368.7,6.9,0.69,43.6,2782.6,0.16,369.1,126.5,495.7,38.24,0.0,0.0,38.24,40.09,0.0,0.0,40.09,0.0,0.0,0.0,1703.4,630.6,0.0,0.0,0.0,0.0,0.0,25.8,1072.7,0.0,0.0,0.0,0.0,0.0,0.0,584.8,20.0,0.0
2050-07-11 08:00:00,2050-07-11 06:00:00,1853.7,2267.0,0.0,6.4,4127.1,1791.9,-981.4,0.0,981.4,0.0333,0.0485,battery,upv,0.0,0.0,0.0,0.0,0.0,0.0,0.0,0.0,0.0,0.0,0.0,0.0,0.0,0.0,0.0,0.0,0.0,0.0,140.5,2.7,0.27,16.6,1059.0,0.06,140.6,48.2,188.8,0.0,0.0,0.0,0.0,0.0,0.0,0.0,0.0,0.0,6.61,0.0,0.0,6.61,6.94,0.0,0.0,6.94,0.0,0.0,0.0,5108.5,5108.5,0.0,0.0,0.0,0.0,0.0,214.9,0.0,0.0,0.0,0.0,0.0,0.0,0.0,4875.8,17.9,0.0
2050-07-11 09:00:00,2050-07-11 07:00:00,2118.9,3336.3,0.0,24.6,5479.8,2043.4,-2538.1,0.0,2538.1,0.0357,0.0554,upv,upv,0.0,0.0,0.0,0.0,0.0,0.0,0.0,0.0,0.0,0.0,0.0,0.0,0.0,0.0,0.0,0.0,0.0,0.0,140.8,2.7,0.27,16.6,1061.3,0.06,140.9,48.3,189.2,0.0,0.0,0.0,0.0,0.0,0.0,0.0,0.0,0.0,0.0,0.0,0.0,0.0,0.0,0.0,0.0,0.0,0.0,244.0,244.0,8017.9,8017.9,0.0,0.0,0.0,0.0,0.0,347.4,0.0,0.0,0.0,0.0,0.0,0.0,0.0,7640.0,30.6,0.0
2050-07-11 10:00:00,2050-07-11 08:00:00,2432.6,3953.7,0.0,26.3,6412.6,2338.4,-2650.4,0.0,2650.4,0.0387,0.0636,upv,upv,0.0,0.0,0.0,0.0,0.0,0.0,0.0,0.0,0.0,0.0,0.0,0.0,0.0,0.0,0.0,0.0,0.0,0.0,141.4,2.7,0.27,16.7,1066.3,0.06,141.6,48.5,190.1,0.0,0.0,0.0,0.0,0.0,0.0,0.0,0.0,0.0,0.0,0.0,0.0,0.0,0.0,0.0,0.0,0.0,0.0,359.4,359.4,9063.1,9063.1,0.0,0.0,0.0,0.0,0.0,393.7,0.0,0.0,0.0,0.0,0.0,0.0,0.0,8577.8,91.5,0.0
2050-07-11 11:00:00,2050-07-11 09:00:00,2654.7,3600.8,0.0,28.0,6283.6,2545.7,-2761.6,0.0,2761.6,0.0411,0.0694,upv,upv,0.0,0.0,0.0,0.0,0.0,0.0,0.0,0.0,0.0,0.0,0.0,0.0,0.0,0.0,0.0,0.0,0.0,0.0,142.3,2.7,0.27,16.8,1073.1,0.06,142.5,48.8,191.3,0.0,0.0,0.0,0.0,0.0,0.0,0.0,0.0,0.0,0.0,0.0,0.0,0.0,0.0,0.0,0.0,0.0,0.0,1091.9,1091.9,9045.3,9045.3,0.0,0.0,0.0,0.0,0.0,423.0,0.0,0.0,0.0,0.0,0.0,0.0,0.0,8511.0,111.3,0.0
2050-07-11 12:00:00,2050-07-11 10:00:00,2832.6,3600.8,0.0,28.9,6462.4,2710.9,-2816.0,0.0,2816.0,0.043,0.0741,upv,upv,0.0,0.0,0.0,0.0,0.0,0.0,0.0,0.0,0.0,0.0,0.0,0.0,0.0,0.0,0.0,0.0,0.0,0.0,147.2,2.8,0.28,17.4,1109.7,0.06,147.3,50.5,197.8,0.0,0.0,0.0,0.0,0.0,0.0,0.0,0.0,0.0,0.0,0.0,0.0,0.0,0.0,0.0,0.0,0.0,0.0,793.5,793.5,9278.4,9278.4,0.0,0.0,0.0,0.0,0.0,424.0,0.0,0.0,0.0,0.0,0.0,0.0,0.0,8828.8,25.5,0.0
2050-07-11 13:00:00,2050-07-11 11:00:00,2923.2,3625.0,0.0,28.9,6577.1,2794.6,-2816.0,0.0,2816.0,0.044,0.0764,upv,upv,0.0,0.0,0.0,0.0,0.0,0.0,0.0,0.0,0.0,0.0,0.0,0.0,0.0,0.0,0.0,0.0,0.0,0.0,143.2,2.7,0.27,16.9,1079.8,0.06,143.4,49.1,192.5,0.0,0.0,0.0,0.0,0.0,0.0,0.0,0.0,0.0,0.0,0.0,0.0,0.0,0.0,0.0,0.0,0.0,7.9,531.9,539.8,9393.1,9393.1,0.0,0.0,0.0,0.0,0.0,419.0,0.0,0.0,0.0,0.0,0.0,0.0,0.0,8974.1,0.0,0.0
2050-07-11 14:00:00,2050-07-11 12:00:00,3064.2,3725.9,0.0,28.9,6819.0,2924.6,-2816.0,0.0,2816.0,0.0456,0.0801,upv,upv,0.0,0.0,0.0,0.0,0.0,0.0,0.0,0.0,0.0,0.0,0.0,0.0,0.0,0.0,0.0,0.0,0.0,0.0,141.9,2.7,0.27,16.8,1070.1,0.06,142.1,48.7,190.8,0.0,0.0,0.0,0.0,0.0,0.0,0.0,0.0,0.0,0.0,0.0,0.0,0.0,0.0,0.0,0.0,0.0,8.3,195.5,203.8,9635.0,9635.0,0.0,0.0,0.0,0.0,0.0,415.0,0.0,0.0,0.0,0.0,0.0,0.0,0.0,9220.0,0.0,0.0
2050-07-11 15:00:00,2050-07-11 13:00:00,3193.7,2850.6,0.0,28.9,6073.2,3043.5,-2816.0,0.0,2816.0,0.047,0.0835,upv,upv,0.0,0.0,0.0,0.0,0.0,0.0,0.0,0.0,0.0,0.0,0.0,0.0,0.0,0.0,0.0,0.0,0.0,0.0,143.2,2.7,0.27,16.9,1079.6,0.06,143.4,49.1,192.5,0.0,0.0,0.0,0.0,0.0,0.0,0.0,0.0,0.0,0.0,0.0,0.0,0.0,0.0,0.0,0.0,0.0,7.7,475.5,483.2,8889.2,8889.2,0.0,0.0,0.0,0.0,0.0,395.2,0.0,0.0,0.0,0.0,0.0,0.0,0.0,8494.0,0.0,0.0
2050-07-11 16:00:00,2050-07-11 14:00:00,3340.0,2431.9,0.0,24.8,5796.7,3177.3,-2553.3,0.0,2553.3,0.0487,0.0873,battery,distpv,0.0,0.0,0.0,0.0,0.0,0.0,0.0,0.0,0.0,0.0,0.0,0.0,0.0,0.0,0.0,0.0,0.0,0.0,145.0,2.7,0.27,17.1,1093.5,0.06,145.2,49.7,194.9,0.0,0.0,0.0,0.0,0.0,0.0,0.0,0.0,0.0,6.32,0.0,0.0,6.32,6.92,0.0,0.0,6.92,0.0,0.0,0.0,8350.0,8350.0,0.0,0.0,0.0,0.0,0.0,351.7,0.0,0.0,0.0,0.0,0.0,0.0,0.0,7980.9,17.5,0.0
2050-07-11 17:00:00,2050-07-11 15:00:00,3505.3,1774.3,0.0,13.8,5293.4,3327.7,-1845.1,0.0,1845.1,0.0506,0.0917,battery,distpv,0.0,0.0,0.0,0.0,0.0,0.0,0.0,0.0,0.0,0.0,0.0,0.0,0.0,0.0,0.0,0.0,0.0,0.0,143.4,2.7,0.27,16.9,1081.2,0.06,143.6,49.2,192.8,0.0,0.0,0.0,0.0,0.0,0.0,0.0,0.0,0.0,6.61,0.0,0.0,6.61,7.27,0.0,0.0,7.27,0.0,0.0,0.0,7138.5,7138.5,0.0,0.0,0.0,0.0,0.0,300.6,0.0,0.0,0.0,0.0,0.0,0.0,0.0,6824.1,13.7,0.0
2050-07-11 18:00:00,2050-07-11 16:00:00,3652.6,0.0,0.0,7.5,3660.1,3461.3,-1152.9,0.0,1152.9,0.0524,0.0955,hydro,upv,0.0,0.0,0.0,0.0,0.0,0.0,0.0,0.0,0.0,0.0,0.0,0.0,0.0,0.0,0.0,0.0,0.0,0.0,147.0,2.8,0.28,17.4,1108.0,0.06,147.1,50.4,197.5,0.0,0.0,0.0,0.0,0.0,0.0,0.0,0.0,0.0,17.18,0.0,0.0,17.18,19.0,0.0,0.0,19.0,0.0,0.0,0.0,4813.0,4813.0,0.0,0.0,0.0,0.0,0.0,202.1,0.0,0.0,0.0,0.0,0.0,0.0,0.0,4588.2,22.7,0.0
2050-07-11 19:00:00,2050-07-11 17:00:00,3711.6,0.0,0.0,1.0,3712.6,3514.6,1226.1,153.4,0.0,0.0531,0.0971,gas-cc,gas-cc,109.2,2.1,0.21,12.9,824.2,0.05,109.3,37.5,146.8,114.0,2.1,0.21,13.5,860.3,0.05,114.1,39.2,153.3,165.7,3.1,0.31,19.6,1249.4,0.07,165.9,56.8,222.7,389.6,7.3,0.73,46.0,2940.0,0.17,390.0,133.7,523.7,42.82,0.0,0.0,42.82,47.42,0.0,0.0,47.42,0.0,0.0,0.0,3559.2,2486.5,0.0,0.0,0.0,0.0,0.0,103.4,1072.7,0.0,0.0,0.0,0.0,0.0,0.0,2347.4,35.7,0.0
2050-07-11 20:00:00,2050-07-11 18:00:00,3736.8,0.0,0.0,14.3,3751.2,3537.4,3238.4,0.0,1269.5,0.0534,0.0977,gas-cc,gas-cc,77.4,1.5,0.15,9.1,584.3,0.03,77.5,26.6,104.1,82.4,1.6,0.16,9.8,621.8,0.04,82.5,28.3,110.8,163.1,3.1,0.31,19.3,1229.8,0.07,163.3,55.9,219.2,451.6,8.5,0.85,53.4,3408.1,0.2,452.1,155.0,607.1,44.29,54.68,0.0,98.97,49.09,60.61,0.0,109.69,0.0,0.0,0.0,5020.6,512.8,3435.1,0.0,0.0,0.0,0.0,18.2,1072.7,0.0,0.0,0.0,0.0,0.0,0.0,413.0,81.6,0.0
2050-07-11 21:00:00,2050-07-11 19:00:00,3633.7,0.0,0.0,9.7,3643.4,3444.2,3597.4,0.0,1494.9,0.0522,0.095,battery,gas-ct,75.7,1.4,0.14,8.9,570.9,0.03,75.7,26.0,101.7,80.5,1.5,0.15,9.5,607.6,0.04,80.6,27.6,108.2,159.5,3.0,0.3,18.8,1202.4,0.07,159.6,54.7,214.3,570.0,10.7,1.07,67.3,4301.3,0.25,570.6,195.6,766.2,44.29,1880.36,0.0,1924.65,48.94,2077.81,0.0,2126.75,0.0,0.0,0.0,5138.3,46.0,4019.6,0.0,0.0,0.0,0.0,0.0,1072.7,0.0,0.0,0.0,0.0,0.0,0.0,0.0,46.0,0.0
2050-07-11 22:00:00,2050-07-11 20:00:00,3437.9,0.0,0.0,7.1,3445.0,3266.5,3420.0,0.0,1087.8,0.0499,0.0899,gas-cc,gas-cc,85.8,1.6,0.16,10.1,647.2,0.04,85.9,29.4,115.3,90.9,1.7,0.17,10.8,686.2,0.04,91.0,31.2,122.2,184.7,3.5,0.35,21.8,1392.9,0.08,184.9,63.4,248.2,386.5,7.3,0.73,45.7,2916.9,0.17,387.0,132.6,519.6,44.29,1104.46,0.0,1148.75,48.67,1213.57,0.0,1262.23,0.0,0.0,0.0,4532.8,24.9,3435.1,0.0,0.0,0.0,0.0,0.0,1072.7,0.0,0.0,0.0,0.0,0.0,0.0,0.0,24.9,0.0
2050-07-11 23:00:00,2050-07-11 21:00:00,3216.8,0.0,0.0,8.5,3225.3,3064.7,3202.7,0.0,1305.1,0.0473,0.0841,battery,gas-cc,85.8,1.6,0.16,10.1,647.5,0.04,85.9,29.4,115.3,90.7,1.7,0.17,10.7,684.7,0.04,90.8,31.2,122.0,217.4,4.1,0.41,25.7,1639.6,0.09,217.6,74.6,292.2,444.9,8.4,0.84,52.6,3357.5,0.19,445.4,152.7,598.1,44.29,247.68,0.0,291.97,48.36,270.43,0.0,318.79,0.0,0.0,0.0,4530.5,22.6,3435.1,0.0,0.0,0.0,0.0,0.0,1072.7,0.0,0.0,0.0,0.0,0.0,0.0,0.0,22.6,0.0
2050-07-12 00:00:00,2050-07-11 22:00:00,2951.6,0.0,0.0,10.7,2962.2,2820.8,2928.1,0.0,1640.0,0.0443,0.0772,battery,gas-cc,84.5,1.6,0.16,10.0,637.4,0.04,84.6,29.0,113.5,89.0,1.7,0.17,10.5,672.0,0.04,89.1,30.6,119.7,153.1,2.9,0.29,18.1,1154.6,0.07,153.3,52.5,205.8,498.4,9.4,0.94,58.9,3761.0,0.22,498.9,171.0,669.9,44.63,0.0,0.0,44.63,48.36,0.0,0.0,48.36,0.0,0.0,0.0,4602.2,34.1,3495.3,0.0,0.0,0.0,0.0,0.0,1072.7,0.0,0.0,0.0,0.0,0.0,0.0,0.0,34.1,0.0
2050-07-12 01:00:00,2050-07-11 23:00:00,2724.2,0.0,0.0,9.4,2733.6,2610.3,2708.7,0.0,1442.5,0.0418,0.0712,battery,gas-cc,93.1,1.8,0.18,11.0,702.5,0.04,93.2,31.9,125.1,97.8,1.8,0.18,11.6,738.0,0.04,97.9,33.6,131.5,148.8,2.8,0.28,17.6,1122.0,0.06,149.0,51.0,200.0,440.5,8.3,0.83,52.0,3323.9,0.19,440.9,151.1,592.1,44.63,0.0,0.0,44.63,48.05,0.0,0.0,48.05,0.0,0.0,0.0,4176.1,24.9,3078.5,0.0,0.0,0.0,0.0,0.0,1072.7,0.0,0.0,0.0,0.0,0.0,0.0,0.0,24.9,0.0
2050-07-12 02:00:00,2050-07-12 00:00:00,2414.7,0.0,0.0,7.5,2422.2,2321.6,2383.1,0.0,1153.3,0.0386,0.0631,gas-cc,gas-cc,108.7,2.0,0.2,12.8,820.5,0.05,108.8,37.3,146.2,113.7,2.1,0.21,13.4,857.9,0.05,113.8,39.0,152.8,173.5,3.3,0.33,20.5,1308.3,0.08,173.7,59.5,233.2,436.7,8.2,0.82,51.6,3295.2,0.19,437.1,149.8,587.0,44.63,0.0,0.0,44.63,47.64,0.0,0.0,47.64,0.0,0.0,0.0,3575.6,39.2,2463.7,0.0,0.0,0.0,0.0,0.0,1072.7,0.0,0.0,0.0,0.0,0.0,0.0,0.0,39.2,0.0
2050-07-12 03:00:00,2050-07-12 01:00:00,2175.8,0.0,0.0,1.9,2177.7,2097.0,2082.4,0.0,291.9,0.0362,0.0569,battery,gas-cc,157.4,3.0,0.3,18.6,1187.9,0.07,157.6,54.0,211.6,163.8,3.1,0.31,19.4,1236.0,0.07,164.0,56.2,220.2,161.6,3.0,0.31,19.1,1218.6,0.07,161.8,55.4,217.2,433.8,8.2,0.82,51.2,3273.3,0.19,434.2,148.8,583.1,44.63,0.0,0.0,44.63,47.32,0.0,0.0,47.32,0.0,0.0,0.0,2469.6,95.3,1301.6,0.0,0.0,0.0,0.0,0.0,1072.7,0.0,0.0,0.0,0.0,0.0,0.0,0.0,95.3,0.0
2050-07-12 04:00:00,2050-07-12 02:00:00,2003.2,0.0,0.0,0.0,2003.2,1933.8,1878.5,0.0,0.0,0.0346,0.0524,battery,gas-cc,194.1,3.7,0.37,22.9,1464.5,0.08,194.3,66.6,260.9,201.4,3.8,0.38,23.8,1519.6,0.09,201.6,69.1,270.7,214.0,4.0,0.4,25.3,1613.9,0.09,214.2,73.4,287.6,485.3,9.1,0.91,57.3,3662.5,0.21,485.9,166.5,652.4,44.63,0.0,0.0,44.63,47.09,0.0,0.0,47.09,0.0,0.0,0.0,2003.2,124.7,805.7,0.0,0.0,0.0,0.0,0.0,1072.7,0.0,0.0,0.0,0.0,0.0,0.0,0.0,124.7,0.0
2050-07-12 05:00:00,2050-07-12 03:00:00,1886.3,0.0,0.0,0.4,1886.7,1822.9,1760.4,65.3,0.0,0.0336,0.0493,battery,gas-cc,213.4,4.0,0.4,25.2,1610.6,0.09,213.7,73.2,286.9,222.6,4.2,0.42,26.4,1680.0,0.1,222.8,76.5,299.3,259.6,4.9,0.49,30.7,1958.7,0.11,259.9,89.1,349.0,483.8,9.1,0.91,57.2,3650.8,0.21,484.3,166.0,650.3,44.63,0.0,0.0,44.63,46.94,0.0,0.0,46.94,0.0,0.0,0.0,1821.4,126.3,622.4,0.0,0.0,0.0,0.0,0.0,1072.7,0.0,0.0,0.0,0.0,0.0,0.0,0.0,126.3,0.0
2050-07-12 06:00:00,2050-07-12 04:00:00,1834.7,0.0,0.0,1.7,1836.4,1773.9,1727.4,255.2,0.0,0.0332,0.048,battery,gas-cc,245.9,4.6,0.46,29.0,1855.4,0.11,246.1,84.4,330.5,257.1,4.8,0.48,30.7,1941.1,0.12,257.4,88.6,346.0,195.4,3.7,0.37,23.1,1473.8,0.08,195.6,67.0,262.6,483.1,9.1,0.91,57.1,3645.6,0.21,483.6,165.8,649.4,44.37,0.0,0.0,44.37,46.61,0.0,0.0,46.61,0.0,0.0,0.0,1581.2,109.0,399.5,0.0,0.0,0.0,0.0,0.0,1072.7,0.0,0.0,0.0,0.0,0.0,0.0,0.0,109.0,0.0
2050-07-12 07:00:00,2050-07-12 05:00:00,1825.3,0.0,0.0,5.9,1831.1,1764.8,1451.4,378.7,0.0,0.0331,0.0477,gas-cc,gas-cc,267.7,5.0,0.5,31.6,2019.8,0.12,267.9,91.8,359.8,219.6,4.1,0.41,25.9,1656.9,0.1,219.8,75.3,295.2,170.3,3.2,0.32,20.1,1284.5,0.07,170.5,58.4,228.9,369.4,7.0,0.7,43.6,2787.7,0.16,369.8,126.8,496.6,40.94,0.0,0.0,40.94,42.99,0.0,0.0,42.99,0.0,0.0,0.0,1452.5,379.7,0.0,0.0,0.0,0.0,0.0,11.0,1072.7,0.0,0.0,0.0,0.0,0.0,0.0,248.8,120.0,0.0
2050-07-12 08:00:00,2050-07-12 06:00:00,1902.1,1820.3,0.0,12.1,3734.5,1837.9,1243.2,1243.2,0.0,0.0337,0.0497,battery,gas-cc,0.0,0.0,0.0,0.0,0.0,0.0,0.0,0.0,0.0,0.0,0.0,0.0,0.3,0.7,0.01,0.0,0.3,0.3,174.7,3.3,0.33,20.6,1317.7,0.08,174.9,59.9,234.9,375.2,7.1,0.71,44.3,2831.6,0.16,375.6,128.8,504.4,32.57,0.0,0.0,32.57,34.28,0.0,0.0,34.28,0.0,0.0,0.0,2491.3,2491.3,0.0,0.0,0.0,0.0,0.0,102.0,0.0,0.0,0.0,0.0,0.0,0.0,0.0,2315.1,74.2,0.0
2050-07-12 09:00:00,2050-07-12 07:00:00,2144.2,2431.9,0.0,17.3,4593.4,2067.2,-1146.9,445.3,1592.2,0.0359,0.0561,phs,gas-cc,0.0,0.0,0.0,0.0,0.0,0.0,0.0,0.0,0.0,0.0,0.0,0.0,0.0,0.0,0.0,0.0,0.0,0.0,141.6,2.7,0.27,16.7,1067.6,0.06,141.8,48.6,190.3,297.9,5.6,0.56,35.2,2247.6,0.13,298.2,102.2,400.4,23.32,0.0,0.0,23.32,24.7,0.0,0.0,24.7,0.0,0.0,0.0,5740.2,5740.2,0.0,0.0,0.0,0.0,0.0,238.5,0.0,0.0,0.0,0.0,0.0,0.0,0.0,5415.4,86.3,0.0
2050-07-12 10:00:00,2050-07-12 08:00:00,2451.6,3550.3,0.0,11.1,6012.9,2356.1,-1669.2,0.0,1669.2,0.0389,0.0641,battery,gas-cc,0.0,0.0,0.0,0.0,0.0,0.0,0.0,0.0,0.0,0.0,0.0,0.0,0.0,0.0,0.0,0.0,0.0,0.0,141.0,2.7,0.27,16.7,1063.1,0.06,141.2,48.4,189.5,375.9,7.1,0.71,44.4,2836.5,0.16,376.3,129.0,505.3,21.71,0.0,0.0,21.71,23.2,0.0,0.0,23.2,0.0,0.0,0.0,7682.2,7682.2,0.0,0.0,0.0,0.0,0.0,321.2,0.0,0.0,0.0,0.0,0.0,0.0,0.0,7289.4,71.6,0.0
2050-07-12 11:00:00,2050-07-12 09:00:00,2672.6,3986.6,0.0,20.9,6680.1,2562.4,-2298.5,0.0,2298.5,0.0413,0.0699,battery,gas-cc,0.0,0.0,0.0,0.0,0.0,0.0,0.0,0.0,0.0,0.0,0.0,0.0,0.0,0.0,0.0,0.0,0.0,0.0,141.9,2.7,0.27,16.8,1069.8,0.06,142.1,48.7,190.7,302.3,5.7,0.57,35.7,2281.0,0.13,302.6,103.7,406.3,21.71,0.0,0.0,21.71,23.34,0.0,0.0,23.34,0.0,0.0,0.0,8978.7,8978.7,0.0,0.0,0.0,0.0,0.0,376.0,0.0,0.0,0.0,0.0,0.0,0.0,0.0,8530.2,72.5,0.0
2050-07-12 12:00:00,2050-07-12 10:00:00,2814.7,4019.6,0.0,24.4,6858.7,2694.3,-2524.9,0.0,2524.9,0.0428,0.0736,battery,gas-cc,0.0,0.0,0.0,0.0,0.0,0.0,0.0,0.0,0.0,0.0,0.0,0.0,0.0,0.0,0.0,0.0,0.0,0.0,141.9,2.7,0.27,16.8,1069.4,0.06,142.0,48.6,190.7,303.5,5.7,0.57,35.9,2290.2,0.13,303.8,104.1,407.9,21.71,0.0,0.0,21.71,23.43,0.0,0.0,23.43,0.0,0.0,0.0,9383.6,9383.6,0.0,0.0,0.0,0.0,0.0,393.4,0.0,0.0,0.0,0.0,0.0,0.0,0.0,8924.4,65.9,0.0
2050-07-12 13:00:00,2050-07-12 11:00:00,2935.8,4019.6,0.0,24.7,6980.0,2806.2,-2544.2,0.0,2544.2,0.0441,0.0768,battery,gas-cc,0.0,0.0,0.0,0.0,0.0,0.0,0.0,0.0,0.0,0.0,0.0,0.0,0.0,0.0,0.0,0.0,0.0,0.0,142.3,2.7,0.27,16.8,1072.9,0.06,142.5,48.8,191.3,304.5,5.7,0.57,36.0,2298.0,0.13,304.9,104.5,409.3,21.71,0.0,0.0,21.71,23.51,0.0,0.0,23.51,0.0,0.0,0.0,9524.3,9524.3,0.0,0.0,0.0,0.0,0.0,399.5,0.0,0.0,0.0,0.0,0.0,0.0,0.0,9066.5,58.2,0.0
2050-07-12 14:00:00,2050-07-12 12:00:00,3062.1,3891.7,0.0,19.0,6972.7,2922.6,-2175.2,0.0,2175.2,0.0455,0.0801,battery,gas-cc,0.0,0.0,0.0,0.0,0.0,0.0,0.0,0.0,0.0,0.0,0.0,0.0,0.0,0.0,0.0,0.0,0.0,0.0,142.0,2.7,0.27,16.8,1070.2,0.06,142.1,48.7,190.8,305.6,5.8,0.58,36.1,2306.3,0.13,306.0,104.9,410.8,21.71,0.0,0.0,21.71,23.6,0.0,0.0,23.6,0.0,0.0,0.0,9147.9,9147.9,0.0,0.0,0.0,0.0,0.0,383.3,0.0,0.0,0.0,0.0,0.0,0.0,0.0,8698.2,66.5,0.0
2050-07-12 15:00:00,2050-07-12 13:00:00,3165.3,2793.6,0.0,26.3,5985.2,3017.4,-2650.6,0.0,2650.6,0.0467,0.0828,battery,gas-cc,0.0,0.0,0.0,0.0,0.0,0.0,0.0,0.0,0.0,0.0,0.0,0.0,0.0,0.0,0.0,0.0,0.0,0.0,142.7,2.7,0.27,16.9,1075.7,0.06,142.8,48.9,191.8,306.5,5.8,0.58,36.2,2313.1,0.13,306.9,105.2,412.0,21.71,0.0,0.0,21.71,23.67,0.0,0.0,23.67,0.0,0.0,0.0,8635.8,8635.8,0.0,0.0,0.0,0.0,0.0,361.4,0.0,0.0,0.0,0.0,0.0,0.0,0.0,8200.6,73.8,0.0
2050-07-12 16:00:00,2050-07-12 14:00:00,3255.8,2431.9,0.0,23.2,5710.9,3100.3,-2446.8,0.0,2446.8,0.0477,0.0851,battery,gas-cc,0.0,0.0,0.0,0.0,0.0,0.0,0.0,0.0,0.0,0.0,0.0,0.0,0.0,0.0,0.0,0.0,0.0,0.0,144.0,2.7,0.27,17.0,1085.3,0.06,144.1,49.4,193.5,307.3,5.8,0.58,36.3,2319.0,0.13,307.6,105.4,413.1,21.71,0.0,0.0,21.71,23.73,0.0,0.0,23.73,0.0,0.0,0.0,8157.6,8157.6,0.0,0.0,0.0,0.0,0.0,341.9,0.0,0.0,0.0,0.0,0.0,0.0,0.0,7761.2,54.5,0.0
2050-07-12 17:00:00,2050-07-12 15:00:00,3382.1,2221.1,0.0,8.7,5611.9,3215.7,717.4,717.4,0.0,0.0492,0.0884,gas-cc,gas-cc,0.0,0.0,0.0,0.0,0.0,0.0,0.0,0.0,0.0,0.1,0.0,0.0,0.1,0.8,0.0,0.1,0.1,0.2,142.8,2.7,0.27,16.9,1076.4,0.06,142.9,49.0,191.9,385.9,7.3,0.73,45.6,2912.2,0.17,386.3,132.4,518.8,32.57,0.0,0.0,32.57,35.73,0.0,0.0,35.73,0.0,0.0,0.0,4894.4,4894.4,0.0,0.0,0.0,0.0,0.0,203.7,0.0,0.0,0.0,0.0,0.0,0.0,0.0,4623.7,67.0,0.0
2050-07-12 18:00:00,2050-07-12 16:00:00,3489.5,0.0,0.0,2.0,3491.5,3313.4,1204.0,131.3,0.0,0.0505,0.0913,gas-cc,gas-cc,115.7,2.2,0.22,13.7,873.1,0.05,115.8,39.7,155.5,117.3,2.2,0.22,13.9,884.9,0.05,117.4,40.2,157.6,142.7,2.7,0.27,16.9,1075.7,0.06,142.8,48.9,191.8,415.1,7.8,0.78,49.0,3132.7,0.18,415.6,142.4,558.0,39.82,0.0,0.0,39.82,43.82,0.0,0.0,43.82,0.0,0.0,0.0,3360.2,2287.5,0.0,0.0,0.0,0.0,0.0,91.2,1072.7,0.0,0.0,0.0,0.0,0.0,0.0,2069.5,126.8,0.0
2050-07-12 19:00:00,2050-07-12 17:00:00,3585.3,0.0,0.0,0.0,3585.3,3400.3,2703.7,0.0,0.0,0.0516,0.0938,battery,gas-ct,108.4,2.0,0.2,12.8,818.3,0.05,108.5,37.2,145.8,114.7,2.2,0.22,13.6,865.8,0.05,114.9,39.4,154.2,146.2,2.8,0.28,17.3,1102.1,0.06,146.3,50.1,196.5,595.1,11.2,1.12,70.3,4491.0,0.26,595.8,204.2,800.0,51.88,0.0,0.0,51.88,57.25,0.0,0.0,57.25,0.0,0.0,0.0,3585.3,881.6,1630.9,0.0,0.0,0.0,0.0,33.4,1072.7,0.0,0.0,0.0,0.0,0.0,0.0,758.5,89.7,0.0
2050-07-12 20:00:00,2050-07-12 18:00:00,3636.8,0.0,0.0,11.4,3648.3,3447.0,3368.9,0.0,737.5,0.0522,0.0951,battery,gas-ct,88.6,1.7,0.17,10.5,668.9,0.04,88.7,30.4,119.2,94.1,1.8,0.18,11.1,710.3,0.04,94.2,32.3,126.5,148.4,2.8,0.28,17.5,1119.1,0.06,148.6,50.9,199.5,663.9,12.5,1.25,78.4,5009.5,0.29,664.6,227.8,892.3,55.02,1668.33,0.0,1723.35,60.8,1843.68,0.0,1904.49,0.0,0.0,0.0,4385.8,279.4,3033.7,0.0,0.0,0.0,0.0,7.9,1072.7,0.0,0.0,0.0,0.0,0.0,0.0,178.6,92.9,0.0
2050-07-12 21:00:00,2050-07-12 19:00:00,3590.5,0.0,0.0,10.2,3600.7,3405.1,3527.2,0.0,1565.2,0.0516,0.0939,battery,gas-cc,75.3,1.4,0.14,8.9,567.9,0.03,75.3,25.8,101.2,80.0,1.5,0.15,9.5,604.0,0.04,80.1,27.5,107.6,149.0,2.8,0.28,17.6,1123.3,0.06,149.2,51.1,200.2,567.3,10.7,1.07,67.0,4280.6,0.25,567.9,194.6,762.5,60.0,2049.46,0.0,2109.46,66.22,2261.84,0.0,2328.06,0.0,0.0,0.0,5165.9,73.5,4019.6,0.0,0.0,0.0,0.0,0.0,1072.7,0.0,0.0,0.0,0.0,0.0,0.0,0.0,73.5,0.0
2050-07-12 22:00:00,2050-07-12 20:00:00,3402.1,0.0,0.0,5.5,3407.6,3233.9,3299.2,0.0,840.6,0.0494,0.089,battery,gas-ct,91.5,1.7,0.17,10.8,690.6,0.04,91.6,31.4,123.0,96.9,1.8,0.18,11.5,731.3,0.04,97.0,33.3,130.3,148.2,2.8,0.28,17.5,1117.5,0.06,148.4,50.8,199.2,592.0,11.2,1.12,69.9,4467.4,0.26,592.6,203.1,795.8,54.74,604.59,0.0,659.32,60.08,663.63,0.0,723.71,0.0,0.0,0.0,4248.1,108.4,3067.0,0.0,0.0,0.0,0.0,0.0,1072.7,0.0,0.0,0.0,0.0,0.0,0.0,0.0,108.4,0.0
2050-07-12 23:00:00,2050-07-12 21:00:00,3152.6,0.0,0.0,10.7,3163.3,3005.8,3009.1,0.0,1640.0,0.0466,0.0824,battery,gas-ct,80.9,1.5,0.15,9.6,610.8,0.04,81.0,27.8,108.8,85.5,1.6,0.16,10.1,645.5,0.04,85.6,29.4,115.0,147.8,2.8,0.28,17.5,1114.5,0.06,148.0,50.7,198.7,587.8,11.1,1.11,69.4,4435.6,0.25,588.4,201.7,790.1,51.88,0.0,0.0,51.88,56.54,0.0,0.0,56.54,0.0,0.0,0.0,4803.3,154.2,3576.3,0.0,0.0,0.0,0.0,0.0,1072.7,0.0,0.0,0.0,0.0,0.0,0.0,0.0,154.2,0.0
2050-07-13 00:00:00,2050-07-12 22:00:00,2894.7,0.0,0.0,9.4,2904.1,2768.3,2783.5,0.0,1441.7,0.0437,0.0757,gas-cc,gas-cc,89.5,1.7,0.17,10.6,675.1,0.04,89.6,30.7,120.2,94.2,1.8,0.18,11.1,710.7,0.04,94.3,32.3,126.6,172.5,3.3,0.33,20.4,1300.9,0.08,172.7,59.2,231.9,408.7,7.7,0.77,48.3,3084.3,0.18,409.2,140.2,549.4,51.67,0.0,0.0,51.67,55.9,0.0,0.0,55.9,0.0,0.0,0.0,4345.8,120.6,3152.4,0.0,0.0,0.0,0.0,0.0,1072.7,0.0,0.0,0.0,0.0,0.0,0.0,0.0,120.6,0.0
2050-07-13 01:00:00,2050-07-12 23:00:00,2644.2,0.0,0.0,10.6,2654.9,2535.9,2562.0,0.0,1637.9,0.041,0.0691,battery,gas-cc,90.6,1.7,0.17,10.7,683.4,0.04,90.7,31.1,121.7,95.1,1.8,0.18,11.2,717.4,0.04,95.2,32.6,127.8,182.1,3.4,0.34,21.5,1373.3,0.08,182.3,62.5,244.8,546.2,10.3,1.03,64.5,4122.1,0.24,546.8,187.4,734.3,51.67,0.0,0.0,51.67,55.51,0.0,0.0,55.51,0.0,0.0,0.0,4292.8,92.9,3127.2,0.0,0.0,0.0,0.0,0.0,1072.7,0.0,0.0,0.0,0.0,0.0,0.0,0.0,92.9,0.0
2050-07-13 02:00:00,2050-07-13 00:00:00,2291.6,0.0,0.0,8.8,2300.3,2206.1,2179.1,0.0,1346.3,0.0373,0.0599,battery,gas-cc,106.6,2.0,0.2,12.6,804.5,0.05,106.7,36.6,143.3,111.3,2.1,0.21,13.2,840.1,0.05,111.4,38.2,149.7,147.0,2.8,0.28,17.4,1108.5,0.06,147.2,50.4,197.6,468.2,8.8,0.88,55.3,3532.8,0.2,468.7,160.6,629.3,49.93,0.0,0.0,49.93,53.11,0.0,0.0,53.11,0.0,0.0,0.0,3646.6,121.3,2452.6,0.0,0.0,0.0,0.0,0.0,1072.7,0.0,0.0,0.0,0.0,0.0,0.0,0.0,121.3,0.0
2050-07-13 03:00:00,2050-07-13 01:00:00,2033.7,0.0,0.0,6.4,2040.0,1962.7,1950.0,0.0,978.5,0.0349,0.0532,battery,gas-cc,128.8,2.4,0.24,15.2,971.9,0.06,128.9,44.2,173.1,134.0,2.5,0.25,15.8,1011.0,0.06,134.1,46.0,180.1,156.8,3.0,0.3,18.5,1182.5,0.07,157.0,53.8,210.8,461.1,8.7,0.87,54.5,3479.9,0.2,461.6,158.2,619.9,45.86,0.0,0.0,45.86,48.44,0.0,0.0,48.44,0.0,0.0,0.0,3018.5,90.1,1855.7,0.0,0.0,0.0,0.0,0.0,1072.7,0.0,0.0,0.0,0.0,0.0,0.0,0.0,90.1,0.0
2050-07-13 04:00:00,2050-07-13 02:00:00,1825.3,0.0,0.0,2.0,1827.2,1764.8,1775.3,126.3,0.0,0.0331,0.0477,phs,gas-cc,228.6,4.3,0.43,27.0,1724.8,0.1,228.8,78.4,307.2,220.3,4.2,0.42,26.0,1662.6,0.1,220.6,75.6,296.2,167.4,3.2,0.32,19.8,1262.1,0.07,167.6,57.4,225.0,452.4,8.5,0.85,53.4,3414.0,0.2,452.9,155.2,608.1,45.86,0.0,0.0,45.86,48.16,0.0,0.0,48.16,0.0,0.0,0.0,1700.9,51.9,576.2,0.0,0.0,0.0,0.0,0.0,1072.7,0.0,0.0,0.0,0.0,0.0,0.0,0.0,51.9,0.0
2050-07-13 05:00:00,2050-07-13 03:00:00,1701.1,0.0,0.0,5.2,1706.2,1646.4,1659.7,587.0,0.0,0.0322,0.0445,hydro,gas-cc,347.3,6.5,0.65,41.0,2621.0,0.15,347.7,119.2,466.9,295.0,5.6,0.56,35.4,2227.3,0.14,295.3,101.9,397.1,294.2,5.5,0.55,34.8,2219.5,0.13,294.5,100.9,395.4,456.1,8.6,0.86,53.9,3441.5,0.2,456.6,156.5,613.0,43.17,0.0,0.0,43.17,45.18,0.0,0.0,45.18,0.0,0.0,0.0,1119.3,46.5,0.0,0.0,0.0,0.0,0.0,0.0,1072.7,0.0,0.0,0.0,0.0,0.0,0.0,0.0,46.5,0.0
2050-07-13 06:00:00,2050-07-13 04:00:00,1642.1,0.0,0.0,4.9,1647.0,1590.0,1605.9,533.2,0.0,0.0317,0.0429,hydro,gas-cc,349.0,6.6,0.66,41.2,2633.9,0.15,349.4,119.8,469.2,296.4,5.6,0.56,35.6,2237.8,0.14,296.7,102.3,399.0,202.5,3.8,0.38,23.9,1527.2,0.09,202.7,69.5,272.2,372.5,7.0,0.7,44.0,2811.2,0.16,372.9,127.8,500.8,43.17,0.0,0.0,43.17,45.11,0.0,0.0,45.11,0.0,0.0,0.0,1113.8,41.1,0.0,0.0,0.0,0.0,0.0,0.0,1072.7,0.0,0.0,0.0,0.0,0.0,0.0,0.0,41.1,0.0
2050-07-13 07:00:00,2050-07-13 05:00:00,1647.4,0.0,0.0,5.4,1652.8,1595.0,1421.3,348.6,0.0,0.0318,0.0431,gas-cc,gas-cc,298.1,5.6,0.56,35.2,2249.5,0.13,298.4,102.3,400.7,242.9,4.6,0.46,28.7,1833.2,0.11,243.2,83.4,326.6,155.3,3.0,0.3,18.4,1163.2,0.07,155.5,53.1,208.6,409.8,7.7,0.77,48.4,3092.2,0.18,410.2,140.6,550.8,42.55,0.0,0.0,42.55,44.46,0.0,0.0,44.46,0.0,0.0,0.0,1304.2,231.4,0.0,0.0,0.0,0.0,0.0,7.8,1072.7,0.0,0.0,0.0,0.0,0.0,0.0,176.0,47.7,0.0
2050-07-13 08:00:00,2050-07-13 06:00:00,1698.9,1934.9,0.0,12.1,3646.0,1644.3,2315.9,1243.2,0.0,0.0321,0.0444,battery,gas-cc,161.8,3.0,0.3,19.1,1220.9,0.07,162.0,55.5,217.5,113.5,2.1,0.21,13.8,857.7,0.06,113.7,39.4,153.0,196.2,3.7,0.37,23.2,1479.9,0.09,196.4,67.3,263.7,405.0,7.6,0.76,47.8,3055.9,0.18,405.4,139.0,544.3,35.41,0.0,0.0,35.41,37.05,0.0,0.0,37.05,0.0,0.0,0.0,2402.8,1330.1,0.0,0.0,0.0,0.0,0.0,54.3,1072.7,0.0,0.0,0.0,0.0,0.0,0.0,1231.9,44.0,0.0
2050-07-13 09:00:00,2050-07-13 07:00:00,1896.8,2431.9,0.0,6.9,4335.6,1832.9,1102.3,445.3,0.0,0.0337,0.0496,gas-cc,gas-cc,61.2,1.2,0.12,7.2,461.9,0.03,61.3,21.0,82.3,56.8,1.1,0.11,6.7,428.9,0.02,56.9,19.5,76.4,146.5,2.8,0.28,17.3,1104.6,0.06,146.7,50.2,196.9,381.3,7.2,0.72,45.0,2877.5,0.17,381.7,130.8,512.6,33.36,0.0,0.0,33.36,35.1,0.0,0.0,35.1,0.0,0.0,0.0,3890.3,3233.3,0.0,0.0,0.0,0.0,0.0,133.7,657.0,0.0,0.0,0.0,0.0,0.0,0.0,3034.0,65.6,0.0
2050-07-13 10:00:00,2050-07-13 08:00:00,2136.8,2461.0,0.0,7.8,4605.6,2060.3,313.1,445.3,132.2,0.0358,0.0559,battery,gas-cc,0.0,0.0,0.0,0.0,0.0,0.0,0.0,0.0,0.0,0.0,0.0,0.0,0.0,0.0,0.0,0.0,0.0,0.0,140.5,2.7,0.27,16.6,1059.3,0.06,140.7,48.2,188.9,431.6,8.1,0.81,51.0,3257.1,0.19,432.1,148.1,580.2,32.86,0.0,0.0,32.86,34.81,0.0,0.0,34.81,0.0,0.0,0.0,4292.5,4292.5,0.0,0.0,0.0,0.0,0.0,177.0,0.0,0.0,0.0,0.0,0.0,0.0,0.0,4016.3,99.2,0.0
2050-07-13 11:00:00,2050-07-13 09:00:00,2298.9,2983.4,0.0,12.5,5294.9,2213.0,-414.7,445.3,860.0,0.0374,0.0601,battery,gas-cc,0.0,0.0,0.0,0.0,0.0,0.0,0.0,0.0,0.0,0.0,0.0,0.0,0.0,0.0,0.0,0.0,0.0,0.0,147.7,2.8,0.28,17.4,1113.5,0.06,147.8,50.6,198.5,433.6,8.2,0.82,51.2,3271.8,0.19,434.0,148.8,582.8,32.86,0.0,0.0,32.86,34.97,0.0,0.0,34.97,0.0,0.0,0.0,5709.6,5709.6,0.0,0.0,0.0,0.0,0.0,237.8,0.0,0.0,0.0,0.0,0.0,0.0,0.0,5396.0,75.8,0.0
2050-07-13 12:00:00,2050-07-13 10:00:00,2425.3,3891.1,0.0,14.3,6330.6,2331.5,-686.1,445.3,1131.4,0.0387,0.0634,battery,gas-cc,0.0,0.0,0.0,0.0,0.0,0.0,0.0,0.0,0.0,0.0,0.0,0.0,0.0,0.0,0.0,0.0,0.0,0.0,140.9,2.7,0.27,16.7,1062.5,0.06,141.1,48.3,189.4,435.1,8.2,0.82,51.4,3283.3,0.19,435.6,149.3,584.9,32.86,0.0,0.0,32.86,35.09,0.0,0.0,35.09,0.0,0.0,0.0,7016.7,7016.7,0.0,0.0,0.0,0.0,0.0,293.0,0.0,0.0,0.0,0.0,0.0,0.0,0.0,6649.6,74.0,0.0
2050-07-13 13:00:00,2050-07-13 11:00:00,2546.3,4019.6,0.0,12.8,6578.7,2444.7,-1502.0,138.0,1640.0,0.0399,0.0666,battery,gas-cc,0.0,0.0,0.0,0.0,0.0,0.0,0.0,0.0,0.0,0.0,0.0,0.0,0.0,0.0,0.0,0.0,0.0,0.0,141.1,2.7,0.27,16.7,1063.8,0.06,141.3,48.4,189.7,382.0,7.2,0.72,45.1,2882.7,0.17,382.4,131.1,513.5,32.6,0.0,0.0,32.6,34.93,0.0,0.0,34.93,0.0,0.0,0.0,8080.7,8080.7,0.0,0.0,0.0,0.0,0.0,336.9,0.0,0.0,0.0,0.0,0.0,0.0,0.0,7644.8,99.0,0.0
2050-07-13 14:00:00,2050-07-13 12:00:00,2688.4,4019.6,0.0,12.8,6720.8,2577.1,-1503.8,136.1,1640.0,0.0414,0.0703,battery,gas-cc,0.0,0.0,0.0,0.0,0.0,0.0,0.0,0.0,0.0,0.0,0.0,0.0,0.0,0.0,0.0,0.0,0.0,0.0,159.2,3.0,0.3,18.8,1200.4,0.07,159.4,54.6,214.0,438.3,8.3,0.83,51.8,3307.6,0.19,438.8,150.4,589.2,32.6,0.0,0.0,32.6,35.07,0.0,0.0,35.07,0.0,0.0,0.0,8224.6,8224.6,0.0,0.0,0.0,0.0,0.0,343.7,0.0,0.0,0.0,0.0,0.0,0.0,0.0,7799.9,80.9,0.0
2050-07-13 15:00:00,2050-07-13 13:00:00,2791.6,4019.6,0.0,9.9,6821.0,2672.8,-15.0,445.3,460.3,0.0425,0.073,battery,gas-cc,0.0,0.0,0.0,0.0,0.0,0.0,0.0,0.0,0.0,0.0,0.0,0.0,0.0,0.0,0.0,0.0,0.0,0.0,145.9,2.8,0.28,17.2,1099.6,0.06,146.0,50.0,196.0,439.6,8.3,0.83,51.9,3317.2,0.19,440.1,150.8,590.9,32.86,0.0,0.0,32.86,35.45,0.0,0.0,35.45,0.0,0.0,0.0,6836.0,6836.0,0.0,0.0,0.0,0.0,0.0,284.4,0.0,0.0,0.0,0.0,0.0,0.0,0.0,6452.5,99.1,0.0
2050-07-13 16:00:00,2050-07-13 14:00:00,2876.8,3299.0,0.0,7.0,6182.8,2751.8,436.4,445.3,8.9,0.0435,0.0752,battery,gas-cc,0.0,0.0,0.0,0.0,0.0,0.0,0.0,0.0,0.0,0.0,0.0,0.0,0.0,0.0,0.0,0.0,0.0,0.0,150.8,2.8,0.29,17.8,1137.1,0.07,151.0,51.7,202.7,440.7,8.3,0.83,52.1,3325.2,0.19,441.1,151.2,592.3,32.86,0.0,0.0,32.86,35.54,0.0,0.0,35.54,0.0,0.0,0.0,5746.4,5746.4,0.0,0.0,0.0,0.0,0.0,236.7,0.0,0.0,0.0,0.0,0.0,0.0,0.0,5373.4,136.3,0.0
2050-07-13 17:00:00,2050-07-13 15:00:00,3033.7,234.2,0.0,13.8,3281.6,2896.5,-767.4,0.0,1840.1,0.0452,0.0793,battery,gas-cc,75.9,1.4,0.14,9.0,572.8,0.03,76.0,26.0,102.0,79.5,1.5,0.15,9.4,599.9,0.03,79.6,27.3,106.9,144.6,2.7,0.27,17.1,1090.0,0.06,144.7,49.6,194.3,420.3,7.9,0.79,49.7,3171.7,0.18,420.8,144.2,565.0,35.41,0.0,0.0,35.41,38.46,0.0,0.0,38.46,0.0,0.0,0.0,5121.7,4049.0,0.0,0.0,0.0,0.0,0.0,168.7,1072.7,0.0,0.0,0.0,0.0,0.0,0.0,3828.9,51.4,0.0
2050-07-13 18:00:00,2050-07-13 16:00:00,3167.4,0.0,0.0,5.5,3172.9,3019.3,1283.4,169.0,440.8,0.0467,0.0828,gas-cc,gas-cc,112.9,2.1,0.21,13.3,851.7,0.05,113.0,38.7,151.7,113.0,2.1,0.21,13.3,852.5,0.05,113.1,38.8,151.9,153.7,2.9,0.29,18.2,1158.9,0.07,153.9,52.7,206.6,395.1,7.4,0.74,46.7,2981.7,0.17,395.6,135.6,531.1,41.69,0.0,0.0,41.69,45.45,0.0,0.0,45.45,0.0,0.0,0.0,3444.6,1889.5,482.3,0.0,0.0,0.0,0.0,78.8,1072.7,0.0,0.0,0.0,0.0,0.0,0.0,1788.4,22.3,0.0
2050-07-13 19:00:00,2050-07-13 17:00:00,3309.5,0.0,0.0,10.5,3320.0,3149.4,2951.2,0.0,1586.6,0.0484,0.0865,battery,gas-cc,79.2,1.5,0.15,9.4,597.9,0.03,79.3,27.2,106.5,83.9,1.6,0.16,9.9,633.0,0.04,84.0,28.8,112.8,147.3,2.8,0.28,17.4,1110.6,0.06,147.5,50.5,198.0,429.3,8.1,0.81,50.7,3239.3,0.19,429.7,147.3,577.0,41.69,0.0,0.0,41.69,45.64,0.0,0.0,45.64,0.0,0.0,0.0,4906.5,368.7,3465.1,0.0,0.0,0.0,0.0,15.5,1072.7,0.0,0.0,0.0,0.0,0.0,0.0,350.8,2.5,0.0
2050-07-13 20:00:00,2050-07-13 18:00:00,3361.1,0.0,0.0,17.9,3379.0,3196.5,3283.1,0.0,1809.2,0.049,0.0879,gas-ct,gas-ct,74.9,1.4,0.14,8.9,565.5,0.03,75.0,25.7,100.7,79.5,1.5,0.15,9.4,599.7,0.03,79.5,27.3,106.8,151.2,2.9,0.29,17.9,1139.2,0.07,151.4,51.8,203.2,587.5,11.1,1.11,69.4,4433.7,0.25,588.2,201.6,789.8,45.86,386.38,0.0,432.24,50.28,423.61,0.0,473.89,0.0,0.0,0.0,5188.1,95.8,4019.6,0.0,0.0,0.0,0.0,3.1,1072.7,0.0,0.0,0.0,0.0,0.0,0.0,71.5,21.2,0.0
2050-07-13 21:00:00,2050-07-13 19:00:00,3270.5,0.0,0.0,9.5,3280.1,3113.8,3258.0,0.0,1465.3,0.0479,0.0855,battery,gas-cc,81.9,1.5,0.15,9.7,618.2,0.04,82.0,28.1,110.1,86.7,1.6,0.16,10.3,654.4,0.04,86.8,29.8,116.6,148.4,2.8,0.28,17.5,1118.7,0.06,148.5,50.9,199.4,428.8,8.1,0.81,50.7,3235.7,0.19,429.2,147.1,576.4,41.69,51.92,0.0,93.61,45.59,56.78,0.0,102.37,0.0,0.0,0.0,4745.4,22.0,3650.6,0.0,0.0,0.0,0.0,0.0,1072.7,0.0,0.0,0.0,0.0,0.0,0.0,0.0,22.0,0.0
2050-07-13 22:00:00,2050-07-13 20:00:00,3133.7,0.0,0.0,6.5,3140.1,2988.4,3124.2,0.0,993.9,0.0464,0.0819,battery,gas-cc,94.0,1.8,0.18,11.1,709.6,0.04,94.1,32.3,126.4,99.2,1.9,0.19,11.7,749.0,0.04,99.4,34.1,133.4,148.0,2.8,0.28,17.5,1115.9,0.06,148.2,50.8,198.9,427.1,8.0,0.8,50.5,3223.1,0.19,427.6,146.6,574.1,41.69,0.0,0.0,41.69,45.41,0.0,0.0,45.41,0.0,0.0,0.0,4134.1,15.9,3045.5,0.0,0.0,0.0,0.0,0.0,1072.7,0.0,0.0,0.0,0.0,0.0,0.0,0.0,15.9,0.0
2050-07-13 23:00:00,2050-07-13 21:00:00,2878.9,0.0,0.0,10.7,2889.6,2753.7,2872.5,0.0,1640.0,0.0435,0.0753,battery,gas-cc,85.8,1.6,0.16,10.1,647.7,0.04,85.9,29.4,115.4,90.4,1.7,0.17,10.7,682.1,0.04,90.5,31.0,121.5,306.4,5.8,0.58,36.2,2311.6,0.13,306.7,105.1,411.8,418.4,7.9,0.79,49.4,3157.3,0.18,418.9,143.6,562.4,41.69,0.0,0.0,41.69,45.08,0.0,0.0,45.08,0.0,0.0,0.0,4529.6,17.1,3439.8,0.0,0.0,0.0,0.0,0.0,1072.7,0.0,0.0,0.0,0.0,0.0,0.0,0.0,17.1,0.0
2050-07-14 00:00:00,2050-07-13 22:00:00,2626.3,0.0,0.0,5.4,2631.7,2519.3,2604.2,0.0,835.9,0.0408,0.0687,gas-ct,gas-ct,112.1,2.1,0.21,13.2,846.0,0.05,112.2,38.5,150.7,117.5,2.2,0.22,13.9,886.4,0.05,117.6,40.3,157.9,147.7,2.8,0.28,17.5,1113.5,0.06,147.9,50.7,198.5,586.8,11.1,1.11,69.3,4428.3,0.25,587.5,201.4,788.8,69.55,0.0,0.0,69.55,74.67,0.0,0.0,74.67,0.0,0.0,0.0,3467.7,27.5,2367.4,0.0,0.0,0.0,0.0,0.0,1072.7,0.0,0.0,0.0,0.0,0.0,0.0,0.0,27.5,0.0
2050-07-14 01:00:00,2050-07-13 23:00:00,2353.7,0.0,0.0,7.4,2361.1,2264.4,2343.6,0.0,1144.5,0.0379,0.0616,gas-cc,gas-cc,110.9,2.1,0.21,13.1,836.9,0.05,111.0,38.1,149.1,115.9,2.2,0.22,13.7,874.4,0.05,116.0,39.8,155.8,146.9,2.8,0.28,17.4,1107.4,0.06,147.0,50.4,197.4,445.5,8.4,0.84,52.6,3362.1,0.19,446.0,152.9,598.9,58.91,0.0,0.0,58.91,62.77,0.0,0.0,62.77,0.0,0.0,0.0,3505.6,17.5,2415.3,0.0,0.0,0.0,0.0,0.0,1072.7,0.0,0.0,0.0,0.0,0.0,0.0,0.0,17.5,0.0
2050-07-14 02:00:00,2050-07-14 00:00:00,2041.1,0.0,0.0,3.4,2044.4,1969.7,2027.3,0.0,517.3,0.0349,0.0534,battery,gas-cc,151.8,2.9,0.29,17.9,1145.2,0.07,151.9,52.1,204.0,157.7,3.0,0.3,18.6,1190.4,0.07,157.9,54.1,212.1,146.3,2.8,0.28,17.3,1103.3,0.06,146.5,50.2,196.7,432.7,8.2,0.82,51.1,3265.4,0.19,433.2,148.5,581.7,43.01,0.0,0.0,43.01,45.43,0.0,0.0,45.43,0.0,0.0,0.0,2561.7,17.2,1471.8,0.0,0.0,0.0,0.0,0.0,1072.7,0.0,0.0,0.0,0.0,0.0,0.0,0.0,17.2,0.0
2050-07-14 03:00:00,2050-07-14 01:00:00,1886.3,0.0,0.0,7.7,1894.0,1822.9,1868.3,567.8,0.0,0.0336,0.0493,gas-cc,gas-cc,293.1,5.5,0.55,34.6,2212.1,0.13,293.5,100.6,394.0,222.3,4.2,0.42,26.4,1677.5,0.1,222.5,76.4,298.9,286.4,5.4,0.54,33.8,2160.7,0.12,286.7,98.3,385.0,412.5,7.8,0.78,48.7,3112.5,0.18,412.9,141.5,554.4,42.82,0.0,0.0,42.82,45.04,0.0,0.0,45.04,0.0,0.0,0.0,1326.2,25.7,227.7,0.0,0.0,0.0,0.0,0.0,1072.7,0.0,0.0,0.0,0.0,0.0,0.0,0.0,25.7,0.0
2050-07-14 04:00:00,2050-07-14 02:00:00,1783.2,0.0,0.0,7.3,1790.4,1724.7,1733.2,504.6,0.0,0.0328,0.0466,gas-cc,gas-cc,302.3,5.7,0.57,35.7,2281.6,0.13,302.7,103.7,406.4,230.2,4.3,0.43,27.3,1737.4,0.1,230.5,79.1,309.5,206.0,3.9,0.39,24.3,1553.5,0.09,206.2,70.7,276.9,427.4,8.1,0.81,50.5,3225.5,0.19,427.9,146.7,574.6,42.82,0.0,0.0,42.82,44.91,0.0,0.0,44.91,0.0,0.0,0.0,1285.8,57.2,155.9,0.0,0.0,0.0,0.0,0.0,1072.7,0.0,0.0,0.0,0.0,0.0,0.0,0.0,57.2,0.0
2050-07-14 05:00:00,2050-07-14 03:00:00,1711.6,0.0,0.0,7.6,1719.2,1656.4,1663.2,549.0,0.0,0.0322,0.0448,hydro,gas-cc,332.2,6.3,0.63,39.2,2507.1,0.14,332.6,114.0,446.6,247.3,4.7,0.47,29.4,1866.3,0.11,247.5,85.0,332.5,327.1,6.2,0.62,38.6,2468.5,0.14,327.5,112.2,439.7,446.9,8.4,0.84,52.8,3372.7,0.19,447.4,153.4,600.8,42.82,0.0,0.0,42.82,44.83,0.0,0.0,44.83,0.0,0.0,0.0,1170.1,56.0,41.4,0.0,0.0,0.0,0.0,0.0,1072.7,0.0,0.0,0.0,0.0,0.0,0.0,0.0,56.0,0.0
2050-07-14 06:00:00,2050-07-14 04:00:00,1672.6,0.0,0.0,6.9,1679.5,1619.2,1638.0,447.5,0.0,0.032,0.0437,gas-cc,gas-cc,315.5,5.9,0.59,37.3,2381.1,0.14,315.9,108.3,424.1,244.2,4.6,0.46,28.9,1842.9,0.11,244.5,83.8,328.3,222.8,4.2,0.42,26.3,1680.3,0.1,223.0,76.4,299.4,410.0,7.7,0.77,48.4,3094.3,0.18,410.5,140.7,551.2,42.82,0.0,0.0,42.82,44.78,0.0,0.0,44.78,0.0,0.0,0.0,1232.1,41.6,117.7,0.0,0.0,0.0,0.0,0.0,1072.7,0.0,0.0,0.0,0.0,0.0,0.0,0.0,41.6,0.0
2050-07-14 07:00:00,2050-07-14 05:00:00,1672.6,0.0,0.0,7.2,1679.8,1619.2,1558.3,485.6,0.0,0.032,0.0437,gas-cc,gas-cc,325.5,6.1,0.61,38.5,2456.5,0.14,325.9,111.7,437.6,242.3,4.6,0.46,28.7,1828.7,0.11,242.6,83.2,325.8,257.5,4.9,0.49,30.4,1942.9,0.11,257.8,88.4,346.2,400.1,7.5,0.75,47.3,3018.9,0.17,400.5,137.3,537.8,41.2,0.0,0.0,41.2,43.09,0.0,0.0,43.09,0.0,0.0,0.0,1194.2,121.5,0.0,0.0,0.0,0.0,0.0,3.8,1072.7,0.0,0.0,0.0,0.0,0.0,0.0,86.0,31.7,0.0
2050-07-14 08:00:00,2050-07-14 06:00:00,1734.7,1983.9,0.0,12.1,3730.7,1678.5,2315.9,1243.2,0.0,0.0324,0.0454,battery,gas-cc,156.3,2.9,0.29,18.5,1179.3,0.07,156.5,53.6,210.1,107.7,2.0,0.2,13.1,813.6,0.06,107.8,37.4,145.2,157.1,3.0,0.3,18.6,1181.4,0.07,157.2,53.8,211.0,405.4,7.6,0.76,47.9,3058.9,0.18,405.8,139.1,544.9,35.41,0.0,0.0,35.41,37.09,0.0,0.0,37.09,0.0,0.0,0.0,2487.6,1414.8,0.0,0.0,0.0,0.0,0.0,59.2,1072.7,0.0,0.0,0.0,0.0,0.0,0.0,1343.3,12.3,0.0
2050-07-14 09:00:00,2050-07-14 07:00:00,1917.9,2431.9,0.0,2.2,4352.0,1852.9,143.7,143.7,0.0,0.0339,0.0502,battery,gas-cc,0.0,0.0,0.0,0.0,0.0,0.0,0.0,0.0,0.0,0.0,0.0,0.0,0.0,0.0,0.0,0.0,0.0,0.0,140.2,2.6,0.27,16.6,1057.2,0.06,140.4,48.1,188.5,333.3,6.3,0.63,39.4,2515.3,0.14,333.7,114.4,448.1,30.11,0.0,0.0,30.11,31.7,0.0,0.0,31.7,0.0,0.0,0.0,4208.4,4208.4,0.0,0.0,0.0,0.0,0.0,177.4,0.0,0.0,0.0,0.0,0.0,0.0,0.0,4026.0,5.0,0.0
2050-07-14 10:00:00,2050-07-14 08:00:00,2136.8,3012.5,0.0,2.8,5152.1,2060.3,-424.0,0.0,424.0,0.0358,0.0559,battery,gas-cc,0.0,0.0,0.0,0.0,0.0,0.0,0.0,0.0,0.0,0.0,0.0,0.0,0.0,0.0,0.0,0.0,0.0,0.0,140.5,2.7,0.27,16.6,1059.3,0.06,140.7,48.2,188.9,437.1,8.2,0.82,51.6,3298.2,0.19,437.5,150.0,587.5,29.5,0.0,0.0,29.5,31.25,0.0,0.0,31.25,0.0,0.0,0.0,5576.1,5576.1,0.0,0.0,0.0,0.0,0.0,235.1,0.0,0.0,0.0,0.0,0.0,0.0,0.0,5337.8,3.2,0.0
2050-07-14 11:00:00,2050-07-14 09:00:00,2213.7,3664.0,0.0,0.0,5877.7,2132.7,0.0,0.0,0.0,0.0366,0.0579,battery,gas-cc,0.0,0.0,0.0,0.0,0.0,0.0,0.0,0.0,0.0,0.0,0.0,0.0,0.0,0.0,0.0,0.0,0.0,0.0,140.7,2.7,0.27,16.6,1060.9,0.06,140.9,48.3,189.1,336.1,6.3,0.63,39.7,2536.0,0.15,336.4,115.3,451.7,29.5,0.0,0.0,29.5,31.31,0.0,0.0,31.31,0.0,0.0,0.0,5877.7,5877.7,0.0,0.0,0.0,0.0,0.0,247.9,0.0,0.0,0.0,0.0,0.0,0.0,0.0,5628.6,1.1,0.0
2050-07-14 12:00:00,2050-07-14 10:00:00,2224.2,3965.4,0.0,5.4,6195.1,2142.7,-835.8,0.0,835.8,0.0367,0.0582,battery,gas-cc,0.0,0.0,0.0,0.0,0.0,0.0,0.0,0.0,0.0,0.0,0.0,0.0,0.0,0.0,0.0,0.0,0.0,0.0,140.7,2.7,0.27,16.6,1060.5,0.06,140.8,48.2,189.1,336.2,6.3,0.63,39.7,2536.7,0.15,336.5,115.3,451.9,29.5,0.0,0.0,29.5,31.32,0.0,0.0,31.32,0.0,0.0,0.0,7030.9,7030.9,0.0,0.0,0.0,0.0,0.0,296.7,0.0,0.0,0.0,0.0,0.0,0.0,0.0,6733.7,0.6,0.0
2050-07-14 13:00:00,2050-07-14 11:00:00,2231.6,4019.6,0.0,11.5,6262.7,2149.6,-1697.0,0.0,1697.0,0.0367,0.0584,battery,gas-ct,0.0,0.0,0.0,0.0,0.0,0.0,0.0,0.0,0.0,0.0,0.0,0.0,0.0,0.0,0.0,0.0,0.0,0.0,141.2,2.7,0.27,16.7,1064.6,0.06,141.4,48.4,189.8,454.8,8.6,0.86,53.7,3432.3,0.2,455.3,156.1,611.4,28.27,0.0,0.0,28.27,30.02,0.0,0.0,30.02,0.0,0.0,0.0,7959.7,7959.7,0.0,0.0,0.0,0.0,0.0,335.4,0.0,0.0,0.0,0.0,0.0,0.0,0.0,7612.5,11.7,0.0
2050-07-14 14:00:00,2050-07-14 12:00:00,2236.8,4019.6,0.0,4.8,6261.2,2154.6,-738.5,0.0,738.5,0.0368,0.0585,battery,gas-cc,0.0,0.0,0.0,0.0,0.0,0.0,0.0,0.0,0.0,0.0,0.0,0.0,0.0,0.0,0.0,0.0,0.0,0.0,140.7,2.7,0.27,16.6,1060.4,0.06,140.8,48.2,189.0,438.3,8.3,0.83,51.8,3307.4,0.19,438.8,150.4,589.1,29.5,0.0,0.0,29.5,31.33,0.0,0.0,31.33,0.0,0.0,0.0,6999.7,6999.7,0.0,0.0,0.0,0.0,0.0,293.2,0.0,0.0,0.0,0.0,0.0,0.0,0.0,6656.1,50.4,0.0
2050-07-14 15:00:00,2050-07-14 13:00:00,2288.4,3580.2,0.0,0.0,5868.6,2203.1,0.0,0.0,0.0,0.0373,0.0598,battery,gas-cc,0.0,0.0,0.0,0.0,0.0,0.0,0.0,0.0,0.0,0.0,0.0,0.0,0.0,0.0,0.0,0.0,0.0,0.0,140.7,2.7,0.27,16.6,1060.9,0.06,140.9,48.3,189.1,336.8,6.3,0.63,39.8,2541.3,0.15,337.1,115.6,452.7,29.5,0.0,0.0,29.5,31.38,0.0,0.0,31.38,0.0,0.0,0.0,5868.6,5868.6,0.0,0.0,0.0,0.0,0.0,245.8,0.0,0.0,0.0,0.0,0.0,0.0,0.0,5576.9,46.0,0.0
2050-07-14 16:00:00,2050-07-14 14:00:00,2366.3,2431.9,0.0,12.1,4810.3,2276.2,1475.0,1243.2,0.0,0.0381,0.0619,gas-cc,gas-cc,23.6,0.4,0.04,2.8,177.7,0.01,23.6,8.1,31.7,18.2,0.3,0.03,2.4,137.7,0.01,18.2,6.5,24.7,154.8,2.9,0.29,18.3,1166.9,0.07,154.9,53.1,208.0,386.3,7.3,0.73,45.6,2915.1,0.17,386.7,132.6,519.3,33.36,0.0,0.0,33.36,35.56,0.0,0.0,35.56,0.0,0.0,0.0,3567.1,3335.3,0.0,0.0,0.0,0.0,0.0,137.0,231.8,0.0,0.0,0.0,0.0,0.0,0.0,3108.3,90.0,0.0
2050-07-14 17:00:00,2050-07-14 15:00:00,2430.5,411.6,0.0,4.0,2846.1,2336.4,1328.0,255.3,0.0,0.0387,0.0636,battery,gas-cc,150.1,2.8,0.28,17.7,1132.3,0.07,150.2,51.5,201.7,142.1,2.7,0.27,16.8,1072.3,0.06,142.2,48.8,191.0,140.9,2.7,0.27,16.7,1062.5,0.06,141.1,48.3,189.4,413.2,7.8,0.78,48.8,3118.3,0.18,413.7,141.8,555.5,35.41,0.0,0.0,35.41,37.81,0.0,0.0,37.81,0.0,0.0,0.0,2590.8,1518.0,0.0,0.0,0.0,0.0,0.0,62.8,1072.7,0.0,0.0,0.0,0.0,0.0,0.0,1425.7,29.5,0.0
2050-07-14 18:00:00,2050-07-14 16:00:00,2551.6,0.0,0.0,8.8,2560.4,2449.6,1813.4,740.7,0.0,0.04,0.0667,gas-cc,gas-cc,213.6,4.0,0.4,25.2,1612.2,0.09,213.9,73.3,287.2,166.3,3.1,0.31,19.8,1255.2,0.08,166.5,57.3,223.7,141.6,2.7,0.27,16.7,1067.3,0.06,141.7,48.5,190.3,409.9,7.7,0.77,48.4,3093.3,0.18,410.4,140.7,551.0,41.2,0.0,0.0,41.2,44.15,0.0,0.0,44.15,0.0,0.0,0.0,1819.7,747.0,0.0,0.0,0.0,0.0,0.0,29.7,1072.7,0.0,0.0,0.0,0.0,0.0,0.0,674.9,42.3,0.0
2050-07-14 19:00:00,2050-07-14 17:00:00,2667.4,0.0,0.0,10.7,2678.0,2557.5,2156.4,0.0,1640.0,0.0412,0.0698,battery,gas-cc,90.0,1.7,0.17,10.6,679.4,0.04,90.1,30.9,121.0,94.4,1.8,0.18,11.2,712.7,0.04,94.5,32.4,127.0,213.5,4.0,0.4,25.2,1610.6,0.09,213.8,73.2,287.0,415.9,7.8,0.78,49.1,3138.5,0.18,416.4,142.7,559.1,41.69,0.0,0.0,41.69,44.82,0.0,0.0,44.82,0.0,0.0,0.0,4318.0,521.7,2723.6,0.0,0.0,0.0,0.0,18.7,1072.7,0.0,0.0,0.0,0.0,0.0,0.0,424.9,78.1,0.0
2050-07-14 20:00:00,2050-07-14 18:00:00,2747.4,0.0,0.0,15.4,2762.7,2631.8,2649.3,0.0,1944.1,0.0421,0.0718,battery,gas-cc,82.6,1.6,0.16,9.8,623.3,0.04,82.7,28.3,111.0,86.9,1.6,0.16,10.3,655.6,0.04,87.0,29.8,116.8,258.6,4.9,0.49,30.6,1951.0,0.11,258.9,88.7,347.6,416.8,7.9,0.79,49.2,3145.6,0.18,417.3,143.0,560.3,41.69,0.0,0.0,41.69,44.92,0.0,0.0,44.92,0.0,0.0,0.0,4706.9,113.5,3520.7,0.0,0.0,0.0,0.0,3.8,1072.7,0.0,0.0,0.0,0.0,0.0,0.0,86.0,23.7,0.0
2050-07-14 21:00:00,2050-07-14 19:00:00,2724.2,0.0,0.0,10.7,2734.9,2610.3,2714.8,0.0,1640.0,0.0418,0.0712,battery,gas-cc,88.9,1.7,0.17,10.5,670.6,0.04,89.0,30.5,119.4,93.4,1.8,0.18,11.1,704.8,0.04,93.5,32.1,125.6,173.6,3.3,0.33,20.5,1309.1,0.08,173.8,59.5,233.3,416.6,7.9,0.79,49.2,3143.6,0.18,417.0,142.9,560.0,41.69,0.0,0.0,41.69,44.89,0.0,0.0,44.89,0.0,0.0,0.0,4374.8,20.0,3282.1,0.0,0.0,0.0,0.0,0.0,1072.7,0.0,0.0,0.0,0.0,0.0,0.0,0.0,20.0,0.0
2050-07-14 22:00:00,2050-07-14 20:00:00,2647.4,0.0,0.0,8.1,2655.5,2538.9,2650.4,0.0,1243.9,0.041,0.0692,battery,gas-cc,99.7,1.9,0.19,11.8,752.3,0.04,99.8,34.2,134.0,104.6,2.0,0.2,12.4,789.3,0.05,104.7,35.9,140.6,177.5,3.4,0.34,21.0,1338.2,0.08,177.7,60.9,238.6,421.3,7.9,0.79,49.8,3179.0,0.18,421.7,144.6,566.3,41.69,0.0,0.0,41.69,44.79,0.0,0.0,44.79,0.0,0.0,0.0,3899.4,5.1,2821.5,0.0,0.0,0.0,0.0,0.0,1072.7,0.0,0.0,0.0,0.0,0.0,0.0,0.0,5.1,0.0
2050-07-14 23:00:00,2050-07-14 21:00:00,2517.9,0.0,0.0,10.7,2528.6,2418.1,2525.4,0.0,1640.0,0.0396,0.0658,battery,gas-cc,93.3,1.8,0.18,11.0,703.8,0.04,93.4,32.0,125.4,97.7,1.8,0.18,11.6,737.7,0.04,97.9,33.6,131.4,175.0,3.3,0.33,20.7,1319.9,0.08,175.2,60.0,235.2,414.2,7.8,0.78,48.9,3125.4,0.18,414.6,142.1,556.7,41.69,0.0,0.0,41.69,44.63,0.0,0.0,44.63,0.0,0.0,0.0,4168.5,3.2,3092.6,0.0,0.0,0.0,0.0,0.0,1072.7,0.0,0.0,0.0,0.0,0.0,0.0,0.0,3.2,0.0
2050-07-15 00:00:00,2050-07-14 22:00:00,2366.3,0.0,0.0,10.7,2377.0,2276.2,2367.2,0.0,1640.0,0.0381,0.0619,battery,gas-cc,96.8,1.8,0.18,11.4,730.3,0.04,96.9,33.2,130.1,101.2,1.9,0.19,12.0,764.0,0.04,101.3,34.8,136.1,197.0,3.7,0.37,23.3,1486.0,0.09,197.2,67.6,264.8,412.4,7.8,0.78,48.7,3112.2,0.18,412.9,141.5,554.4,41.33,0.0,0.0,41.33,44.05,0.0,0.0,44.05,0.0,0.0,0.0,4016.9,9.8,2934.4,0.0,0.0,0.0,0.0,0.0,1072.7,0.0,0.0,0.0,0.0,0.0,0.0,0.0,9.8,0.0
2050-07-15 01:00:00,2050-07-14 23:00:00,2180.0,0.0,0.0,10.7,2190.7,2101.0,2163.5,0.0,1640.0,0.0362,0.057,battery,gas-cc,101.5,1.9,0.19,12.0,765.8,0.04,101.6,34.8,136.4,105.9,2.0,0.2,12.5,799.3,0.05,106.0,36.4,142.4,147.1,2.8,0.28,17.4,1108.9,0.06,147.2,50.4,197.7,410.3,7.7,0.77,48.5,3096.1,0.18,410.7,140.8,551.5,41.33,0.0,0.0,41.33,43.83,0.0,0.0,43.83,0.0,0.0,0.0,3830.6,27.2,2730.7,0.0,0.0,0.0,0.0,0.0,1072.7,0.0,0.0,0.0,0.0,0.0,0.0,0.0,27.2,0.0
2050-07-15 02:00:00,2050-07-15 00:00:00,1974.7,0.0,0.0,10.7,1985.4,1906.9,1961.1,0.0,1640.0,0.0344,0.0516,battery,gas-cc,107.2,2.0,0.2,12.7,809.2,0.05,107.3,36.8,144.1,111.6,2.1,0.21,13.2,842.5,0.05,111.8,38.3,150.1,212.0,4.0,0.4,25.1,1599.5,0.09,212.3,72.7,285.0,408.0,7.7,0.77,48.2,3078.6,0.18,408.4,140.0,548.4,41.33,0.0,0.0,41.33,43.58,0.0,0.0,43.58,0.0,0.0,0.0,3625.4,24.3,2528.3,0.0,0.0,0.0,0.0,0.0,1072.7,0.0,0.0,0.0,0.0,0.0,0.0,0.0,24.3,0.0
2050-07-15 03:00:00,2050-07-15 01:00:00,1804.2,0.0,0.0,4.8,1809.0,1744.8,1789.7,0.0,741.7,0.0329,0.0472,battery,gas-cc,152.4,2.9,0.29,18.0,1150.1,0.07,152.6,52.3,204.9,158.1,3.0,0.3,18.7,1193.0,0.07,158.3,54.3,212.5,254.7,4.8,0.48,30.1,1921.7,0.11,255.0,87.4,342.4,479.4,9.0,0.9,56.6,3617.8,0.21,479.9,164.5,644.4,41.33,0.0,0.0,41.33,43.37,0.0,0.0,43.37,0.0,0.0,0.0,2550.7,19.4,1458.6,0.0,0.0,0.0,0.0,0.0,1072.7,0.0,0.0,0.0,0.0,0.0,0.0,0.0,19.4,0.0
2050-07-15 04:00:00,2050-07-15 02:00:00,1701.1,0.0,0.0,8.0,1709.1,1646.4,1691.1,618.3,0.0,0.0322,0.0445,gas-cc,gas-cc,356.4,6.7,0.67,42.1,2689.6,0.15,356.8,122.3,479.1,258.5,4.9,0.49,30.8,1951.0,0.12,258.7,88.9,347.7,267.8,5.0,0.51,31.6,2020.5,0.12,268.1,91.9,360.0,426.5,8.0,0.8,50.4,3218.2,0.18,426.9,146.3,573.3,41.2,0.0,0.0,41.2,43.12,0.0,0.0,43.12,0.0,0.0,0.0,1090.7,18.0,0.0,0.0,0.0,0.0,0.0,0.0,1072.7,0.0,0.0,0.0,0.0,0.0,0.0,0.0,18.0,0.0
2050-07-15 05:00:00,2050-07-15 03:00:00,1615.8,0.0,0.0,7.5,1623.3,1564.8,1606.5,533.7,0.0,0.0316,0.0423,gas-cc,gas-cc,356.8,6.7,0.67,42.2,2692.6,0.15,357.2,122.4,479.6,265.4,5.0,0.5,31.5,2003.0,0.12,265.7,91.2,356.9,288.2,5.4,0.54,34.0,2174.6,0.13,288.5,98.9,387.4,385.0,7.3,0.73,45.5,2905.6,0.17,385.5,132.1,517.6,40.33,0.0,0.0,40.33,42.11,0.0,0.0,42.11,0.0,0.0,0.0,1089.5,16.8,0.0,0.0,0.0,0.0,0.0,0.0,1072.7,0.0,0.0,0.0,0.0,0.0,0.0,0.0,16.8,0.0
2050-07-15 06:00:00,2050-07-15 04:00:00,1549.5,0.0,0.0,6.7,1556.2,1501.2,1504.2,431.5,0.0,0.0311,0.0405,hydro,gas-cc,345.7,6.5,0.65,40.8,2608.4,0.15,346.0,118.6,464.6,268.2,5.1,0.51,31.7,2023.8,0.12,268.5,92.0,360.5,280.5,5.3,0.53,33.1,2116.5,0.12,280.8,96.2,377.1,386.7,7.3,0.73,45.7,2917.8,0.17,387.1,132.7,519.7,40.25,0.0,0.0,40.25,41.95,0.0,0.0,41.95,0.0,0.0,0.0,1124.7,51.9,0.0,0.0,0.0,0.0,0.0,0.0,1072.7,0.0,0.0,0.0,0.0,0.0,0.0,0.0,51.9,0.0
2050-07-15 07:00:00,2050-07-15 05:00:00,1521.1,0.0,0.0,1.1,1522.2,1473.9,1145.7,72.9,0.0,0.031,0.0398,gas-cc,gas-cc,268.2,5.1,0.51,31.7,2024.2,0.12,268.5,92.0,360.6,263.6,5.0,0.5,31.1,1988.9,0.11,263.8,90.4,354.3,136.7,2.6,0.26,16.2,1030.7,0.06,136.9,46.9,183.7,366.4,6.9,0.69,43.3,2764.6,0.16,366.8,125.7,492.5,38.24,0.0,0.0,38.24,39.83,0.0,0.0,39.83,0.0,0.0,0.0,1449.3,376.5,0.0,0.0,0.0,0.0,0.0,13.2,1072.7,0.0,0.0,0.0,0.0,0.0,0.0,300.5,62.8,0.0
2050-07-15 08:00:00,2050-07-15 06:00:00,1500.0,1844.6,0.0,3.7,3348.3,1453.7,290.0,290.0,0.0,0.0309,0.0392,upv,upv,0.0,0.0,0.0,0.0,0.0,0.0,0.0,0.0,0.0,0.0,0.0,0.0,0.1,0.1,0.0,0.0,0.1,0.1,139.8,2.6,0.26,16.5,1053.9,0.06,139.9,47.9,187.9,0.0,0.0,0.0,0.0,0.0,0.0,0.0,0.0,0.0,4.86,0.0,0.0,4.86,5.06,0.0,0.0,5.06,0.0,0.0,0.0,3058.3,3058.3,0.0,0.0,0.0,0.0,0.0,126.4,0.0,0.0,0.0,0.0,0.0,0.0,0.0,2869.2,62.6,0.0
2050-07-15 09:00:00,2050-07-15 07:00:00,1597.9,2584.2,0.0,7.1,4189.2,1547.6,476.9,476.9,0.0,0.0314,0.0418,upv,upv,0.0,0.0,0.0,0.0,0.0,0.0,0.0,0.0,0.0,0.0,0.0,0.0,0.0,0.0,0.0,0.0,0.0,0.0,139.9,2.6,0.26,16.5,1054.5,0.06,140.0,48.0,188.0,0.0,0.0,0.0,0.0,0.0,0.0,0.0,0.0,0.0,4.86,0.0,0.0,4.86,5.07,0.0,0.0,5.07,0.0,0.0,0.0,3712.3,3712.3,0.0,0.0,0.0,0.0,0.0,155.4,0.0,0.0,0.0,0.0,0.0,0.0,0.0,3525.2,31.8,0.0
2050-07-15 10:00:00,2050-07-15 08:00:00,1763.2,4019.6,0.0,4.0,5786.7,1705.6,256.1,256.1,0.0,0.0326,0.0461,upv,upv,0.0,0.0,0.0,0.0,0.0,0.0,0.0,0.0,0.0,0.0,0.0,0.0,0.0,0.0,0.0,0.0,0.0,0.0,140.1,2.6,0.27,16.5,1055.8,0.06,140.2,48.0,188.2,0.0,0.0,0.0,0.0,0.0,0.0,0.0,0.0,0.0,4.79,0.0,0.0,4.79,5.02,0.0,0.0,5.02,0.0,0.0,0.0,5530.6,5530.6,0.0,0.0,0.0,0.0,0.0,232.1,0.0,0.0,0.0,0.0,0.0,0.0,0.0,5266.7,31.8,0.0
2050-07-15 11:00:00,2050-07-15 09:00:00,1900.0,4019.6,0.0,9.3,5928.9,1835.9,-1427.2,0.0,1427.2,0.0337,0.0497,upv,upv,0.0,0.0,0.0,0.0,0.0,0.0,0.0,0.0,0.0,0.0,0.0,0.0,0.0,0.0,0.0,0.0,0.0,0.0,140.2,2.6,0.27,16.6,1057.1,0.06,140.4,48.1,188.5,0.0,0.0,0.0,0.0,0.0,0.0,0.0,0.0,0.0,4.7,0.0,0.0,4.7,4.95,0.0,0.0,4.95,0.0,0.0,0.0,7356.1,7356.1,0.0,0.0,0.0,0.0,0.0,308.7,0.0,0.0,0.0,0.0,0.0,0.0,0.0,7005.1,42.2,0.0
2050-07-15 12:00:00,2050-07-15 10:00:00,2072.6,4019.6,0.0,13.1,6105.3,1999.6,-1794.3,0.0,1794.3,0.0352,0.0542,battery,distpv,0.0,0.0,0.0,0.0,0.0,0.0,0.0,0.0,0.0,0.0,0.0,0.0,0.0,0.0,0.0,0.0,0.0,0.0,140.4,2.7,0.27,16.6,1058.7,0.06,140.6,48.2,188.7,0.0,0.0,0.0,0.0,0.0,0.0,0.0,0.0,0.0,4.47,0.0,0.0,4.47,4.73,0.0,0.0,4.73,0.0,0.0,0.0,7899.6,7899.6,0.0,0.0,0.0,0.0,0.0,331.7,0.0,0.0,0.0,0.0,0.0,0.0,0.0,7528.5,39.4,0.0
2050-07-15 13:00:00,2050-07-15 11:00:00,2204.2,4019.6,0.0,1.0,6224.8,2123.8,-149.3,0.0,149.3,0.0365,0.0576,battery,distpv,0.0,0.0,0.0,0.0,0.0,0.0,0.0,0.0,0.0,0.0,0.0,0.0,0.0,0.0,0.0,0.0,0.0,0.0,140.6,2.7,0.27,16.6,1060.0,0.06,140.8,48.2,189.0,0.0,0.0,0.0,0.0,0.0,0.0,0.0,0.0,0.0,4.7,0.0,0.0,4.7,4.99,0.0,0.0,4.99,0.0,0.0,0.0,6374.0,6374.0,0.0,0.0,0.0,0.0,0.0,268.3,0.0,0.0,0.0,0.0,0.0,0.0,0.0,6090.7,15.1,0.0
2050-07-15 14:00:00,2050-07-15 12:00:00,2345.3,1678.2,0.0,6.9,4030.4,2256.5,451.1,451.1,0.0,0.0379,0.0613,upv,upv,0.0,0.0,0.0,0.0,0.0,0.0,0.0,0.0,0.0,0.0,0.0,0.0,0.0,0.0,0.0,0.0,0.0,0.0,140.8,2.7,0.27,16.6,1061.6,0.06,141.0,48.3,189.3,0.0,0.0,0.0,0.0,0.0,0.0,0.0,0.0,0.0,4.86,0.0,0.0,4.86,5.18,0.0,0.0,5.18,0.0,0.0,0.0,3579.3,3579.3,0.0,0.0,0.0,0.0,0.0,145.8,0.0,0.0,0.0,0.0,0.0,0.0,0.0,3308.7,124.8,0.0
2050-07-15 15:00:00,2050-07-15 13:00:00,2492.6,1847.4,0.0,10.3,4350.4,2394.5,970.2,970.2,0.0,0.0394,0.0652,upv,upv,0.0,0.0,0.0,0.0,0.0,0.0,0.0,0.0,0.0,0.0,0.0,0.0,0.2,0.4,0.0,0.0,0.2,0.2,141.0,2.7,0.27,16.7,1063.2,0.06,141.2,48.4,189.5,0.0,0.0,0.0,0.0,0.0,0.0,0.0,0.0,0.0,4.86,0.0,0.0,4.86,5.2,0.0,0.0,5.2,0.0,0.0,0.0,3380.2,3380.2,0.0,0.0,0.0,0.0,0.0,140.6,0.0,0.0,0.0,0.0,0.0,0.0,0.0,3189.1,50.5,0.0
2050-07-15 16:00:00,2050-07-15 14:00:00,2526.3,2110.1,0.0,6.9,4643.3,2426.0,446.9,446.9,0.0,0.0397,0.0661,battery,upv,0.0,0.0,0.0,0.0,0.0,0.0,0.0,0.0,0.0,0.0,0.0,0.0,0.0,0.0,0.0,0.0,0.0,0.0,141.1,2.7,0.27,16.7,1063.6,0.06,141.2,48.4,189.6,0.0,0.0,0.0,0.0,0.0,0.0,0.0,0.0,0.0,4.86,0.0,0.0,4.86,5.2,0.0,0.0,5.2,0.0,0.0,0.0,4196.4,4196.4,0.0,0.0,0.0,0.0,0.0,173.2,0.0,0.0,0.0,0.0,0.0,0.0,0.0,3932.3,90.9,0.0
2050-07-15 17:00:00,2050-07-15 15:00:00,2497.9,2895.6,0.0,6.9,5400.4,2399.4,445.3,445.3,0.0,0.0394,0.0653,battery,distpv,0.0,0.0,0.0,0.0,0.0,0.0,0.0,0.0,0.0,0.0,0.0,0.0,0.0,0.0,0.0,0.0,0.0,0.0,141.0,2.7,0.27,16.7,1063.4,0.06,141.2,48.4,189.6,0.0,0.0,0.0,0.0,0.0,0.0,0.0,0.0,0.0,4.86,0.0,0.0,4.86,5.2,0.0,0.0,5.2,0.0,0.0,0.0,4955.1,4955.1,0.0,0.0,0.0,0.0,0.0,206.2,0.0,0.0,0.0,0.0,0.0,0.0,0.0,4681.9,67.0,0.0
2050-07-15 18:00:00,2050-07-15 16:00:00,2435.8,2128.0,0.0,6.9,4570.7,2341.4,445.3,445.3,0.0,0.0388,0.0637,battery,distpv,0.0,0.0,0.0,0.0,0.0,0.0,0.0,0.0,0.0,0.0,0.0,0.0,0.0,0.0,0.0,0.0,0.0,0.0,142.1,2.7,0.27,16.8,1071.5,0.06,142.3,48.7,191.0,0.0,0.0,0.0,0.0,0.0,0.0,0.0,0.0,0.0,4.86,0.0,0.0,4.86,5.19,0.0,0.0,5.19,0.0,0.0,0.0,4125.4,4125.4,0.0,0.0,0.0,0.0,0.0,172.0,0.0,0.0,0.0,0.0,0.0,0.0,0.0,3903.2,50.2,0.0
2050-07-15 19:00:00,2050-07-15 17:00:00,2376.8,0.0,0.0,3.4,2380.2,2286.1,914.6,217.4,0.0,0.0382,0.0622,battery,gas-cc,0.0,0.0,0.0,0.0,0.0,0.0,0.0,0.0,0.0,0.3,0.0,0.0,0.0,1.9,0.0,0.3,0.1,0.3,145.2,2.7,0.27,17.2,1094.6,0.06,145.3,49.8,195.1,337.6,6.4,0.64,39.9,2547.5,0.15,338.0,115.8,453.8,26.32,0.0,0.0,26.32,28.07,0.0,0.0,28.07,0.0,0.0,0.0,2162.8,1465.7,697.1,0.0,0.0,0.0,0.0,59.1,0.0,0.0,0.0,0.0,0.0,0.0,0.0,1341.7,64.8,0.0
2050-07-15 20:00:00,2050-07-15 18:00:00,2255.8,0.0,0.0,7.8,2263.6,2172.4,2010.8,0.0,1203.5,0.037,0.059,battery,gas-cc,0.0,0.0,0.0,0.0,0.0,0.0,0.0,0.0,0.0,0.8,0.0,0.0,0.1,6.1,0.0,0.8,0.3,1.1,146.2,2.8,0.28,17.3,1102.6,0.06,146.4,50.2,196.6,361.3,6.8,0.68,42.7,2726.3,0.16,361.7,124.0,485.6,26.32,0.0,0.0,26.32,27.97,0.0,0.0,27.97,0.0,0.0,0.0,3467.1,252.8,3214.3,0.0,0.0,0.0,0.0,9.0,0.0,0.0,0.0,0.0,0.0,0.0,0.0,205.2,38.6,0.0
2050-07-15 21:00:00,2050-07-15 19:00:00,2218.9,0.0,0.0,0.2,2219.2,2137.7,2205.6,0.0,31.5,0.0366,0.058,gas-cc,gas-cc,0.0,0.0,0.0,0.0,0.0,0.0,0.0,0.0,0.0,0.9,0.0,0.0,0.1,6.5,0.0,0.9,0.3,1.2,147.0,2.8,0.28,17.4,1107.9,0.06,147.1,50.4,197.5,373.5,7.0,0.7,44.1,2818.2,0.16,373.9,128.1,502.0,26.32,0.0,0.0,26.32,27.95,0.0,0.0,27.95,0.0,0.0,0.0,2250.7,13.6,2237.1,0.0,0.0,0.0,0.0,0.0,0.0,0.0,0.0,0.0,0.0,0.0,0.0,0.0,13.6,0.0
2050-07-15 22:00:00,2050-07-15 20:00:00,2190.5,0.0,0.0,2.3,2192.8,2110.9,2186.5,0.0,346.3,0.0363,0.0573,battery,gas-cc,0.0,0.0,0.0,0.0,0.0,0.0,0.0,0.0,0.0,0.9,0.0,0.0,0.1,6.5,0.0,0.9,0.3,1.2,147.3,2.8,0.28,17.4,1110.4,0.06,147.5,50.5,198.0,373.2,7.0,0.7,44.1,2816.0,0.16,373.6,128.0,501.6,26.32,0.0,0.0,26.32,27.92,0.0,0.0,27.92,0.0,0.0,0.0,2539.0,6.3,2532.7,0.0,0.0,0.0,0.0,0.0,0.0,0.0,0.0,0.0,0.0,0.0,0.0,0.0,6.3,0.0
2050-07-15 23:00:00,2050-07-15 21:00:00,2144.2,0.0,0.0,3.8,2148.0,2067.2,2147.7,0.0,579.8,0.0359,0.0561,battery,gas-cc,0.0,0.0,0.0,0.0,0.0,0.0,0.0,0.0,0.0,0.9,0.0,0.0,0.1,6.5,0.0,0.9,0.3,1.2,146.7,2.8,0.28,17.3,1106.1,0.06,146.9,50.3,197.2,372.7,7.0,0.7,44.0,2812.4,0.16,373.1,127.9,501.0,26.32,0.0,0.0,26.32,27.89,0.0,0.0,27.89,0.0,0.0,0.0,2727.8,0.3,2727.5,0.0,0.0,0.0,0.0,0.0,0.0,0.0,0.0,0.0,0.0,0.0,0.0,0.0,0.3,0.0
2050-07-16 00:00:00,2050-07-15 22:00:00,2049.5,0.0,0.0,6.4,2055.9,1977.7,2055.9,0.0,989.5,0.035,0.0536,battery,gas-cc,0.0,0.0,0.0,0.0,0.0,0.0,0.0,0.0,0.0,0.9,0.0,0.0,0.1,6.5,0.0,0.9,0.3,1.2,150.2,2.8,0.28,17.7,1132.2,0.07,150.3,51.5,201.8,334.5,6.3,0.63,39.5,2524.5,0.15,334.9,114.8,449.7,27.08,0.0,0.0,27.08,28.62,0.0,0.0,28.62,0.0,0.0,0.0,3045.5,0.0,3045.5,0.0,0.0,0.0,0.0,0.0,0.0,0.0,0.0,0.0,0.0,0.0,0.0,0.0,0.0,0.0
2050-07-16 01:00:00,2050-07-15 23:00:00,1902.1,0.0,0.0,3.6,1905.7,1837.9,1905.7,0.0,555.3,0.0337,0.0497,battery,gas-cc,0.0,0.0,0.0,0.0,0.0,0.0,0.0,0.0,0.0,0.9,0.0,0.0,0.1,6.5,0.0,0.9,0.3,1.2,180.0,3.4,0.34,21.3,1357.2,0.08,180.2,61.7,241.9,337.2,6.4,0.64,39.8,2544.6,0.15,337.6,115.7,453.3,27.08,0.0,0.0,27.08,28.5,0.0,0.0,28.5,0.0,0.0,0.0,2461.0,0.0,2461.0,0.0,0.0,0.0,0.0,0.0,0.0,0.0,0.0,0.0,0.0,0.0,0.0,0.0,0.0,0.0
2050-07-16 02:00:00,2050-07-16 00:00:00,1713.7,0.0,0.0,4.6,1718.3,1658.4,1718.3,0.0,713.6,0.0322,0.0448,battery,gas-cc,0.0,0.0,0.0,0.0,0.0,0.0,0.0,0.0,0.0,0.9,0.0,0.0,0.1,6.5,0.0,0.9,0.3,1.2,145.4,2.7,0.28,17.2,1096.2,0.06,145.6,49.9,195.4,331.5,6.2,0.62,39.2,2501.3,0.14,331.8,113.7,445.6,27.08,0.0,0.0,27.08,28.36,0.0,0.0,28.36,0.0,0.0,0.0,2431.9,0.0,2431.9,0.0,0.0,0.0,0.0,0.0,0.0,0.0,0.0,0.0,0.0,0.0,0.0,0.0,0.0,0.0
2050-07-16 03:00:00,2050-07-16 01:00:00,1585.3,0.0,0.0,4.8,1590.1,1535.5,1590.1,0.0,738.2,0.0314,0.0415,battery,gas-cc,0.0,0.0,0.0,0.0,0.0,0.0,0.0,0.0,0.0,0.9,0.0,0.0,0.1,6.5,0.0,0.9,0.3,1.2,152.0,2.9,0.29,18.0,1145.7,0.07,152.1,52.1,204.2,330.3,6.2,0.62,39.0,2492.5,0.14,330.7,113.3,444.0,27.08,0.0,0.0,27.08,28.26,0.0,0.0,28.26,0.0,0.0,0.0,2328.3,0.0,2328.3,0.0,0.0,0.0,0.0,0.0,0.0,0.0,0.0,0.0,0.0,0.0,0.0,0.0,0.0,0.0
2050-07-16 04:00:00,2050-07-16 02:00:00,1476.8,0.0,0.0,2.2,1479.1,1431.5,1479.1,0.0,342.2,0.0307,0.0386,battery,gas-cc,0.0,0.0,0.0,0.0,0.0,0.0,0.0,0.0,0.0,0.9,0.0,0.0,0.1,6.5,0.0,0.9,0.3,1.2,147.9,2.8,0.28,17.5,1115.2,0.06,148.1,50.7,198.8,365.9,6.9,0.69,43.2,2761.3,0.16,366.3,125.6,491.9,27.08,0.0,0.0,27.08,28.17,0.0,0.0,28.17,0.0,0.0,0.0,1821.3,0.0,1821.3,0.0,0.0,0.0,0.0,0.0,0.0,0.0,0.0,0.0,0.0,0.0,0.0,0.0,0.0,0.0
2050-07-16 05:00:00,2050-07-16 03:00:00,1404.2,0.0,0.0,0.5,1404.7,1361.6,1404.7,0.0,82.1,0.0304,0.0367,battery,gas-cc,0.0,0.0,0.0,0.0,0.0,0.0,0.0,0.0,0.0,0.9,0.0,0.0,0.1,6.5,0.0,0.9,0.3,1.2,151.0,2.8,0.29,17.8,1138.2,0.07,151.1,51.8,202.9,368.3,6.9,0.69,43.5,2779.0,0.16,368.7,126.4,495.0,27.08,0.0,0.0,27.08,28.12,0.0,0.0,28.12,0.0,0.0,0.0,1486.9,0.0,1486.9,0.0,0.0,0.0,0.0,0.0,0.0,0.0,0.0,0.0,0.0,0.0,0.0,0.0,0.0,0.0
2050-07-16 06:00:00,2050-07-16 04:00:00,1343.2,0.0,0.0,0.0,1343.2,1302.7,1342.4,0.0,0.0,0.0301,0.0351,battery,gas-cc,0.0,0.0,0.0,0.0,0.0,0.0,0.0,0.0,0.0,0.9,0.0,0.0,0.1,6.5,0.0,0.9,0.3,1.2,144.8,2.7,0.27,17.1,1092.0,0.06,145.0,49.7,194.7,328.1,6.2,0.62,38.8,2476.2,0.14,328.5,112.6,441.1,27.08,0.0,0.0,27.08,28.07,0.0,0.0,28.07,0.0,0.0,0.0,1343.2,0.8,1342.4,0.0,0.0,0.0,0.0,0.0,0.0,0.0,0.0,0.0,0.0,0.0,0.0,0.0,0.8,0.0
2050-07-16 07:00:00,2050-07-16 05:00:00,1293.7,0.0,0.0,7.4,1301.1,1254.9,693.6,528.0,0.0,0.0299,0.0338,gas-cc,gas-cc,0.0,0.0,0.0,0.0,0.0,0.0,0.0,0.0,0.0,0.1,0.0,0.0,0.2,1.3,0.0,0.1,0.2,0.4,141.9,2.7,0.27,16.8,1069.6,0.06,142.0,48.7,190.7,364.1,6.9,0.69,43.0,2747.6,0.16,364.5,124.9,489.4,26.94,0.0,0.0,26.94,27.88,0.0,0.0,27.88,0.0,0.0,0.0,773.1,607.5,165.6,0.0,0.0,0.0,0.0,25.3,0.0,0.0,0.0,0.0,0.0,0.0,0.0,573.1,9.1,0.0
2050-07-16 08:00:00,2050-07-16 06:00:00,1298.9,2917.5,0.0,0.0,4216.5,1260.0,0.0,0.0,0.0,0.03,0.034,distpv,distpv,0.0,0.0,0.0,0.0,0.0,0.0,0.0,0.0,0.0,0.0,0.0,0.0,0.0,0.0,0.0,0.0,0.0,0.0,139.7,2.6,0.26,16.5,1052.9,0.06,139.8,47.9,187.7,0.0,0.0,0.0,0.0,0.0,0.0,0.0,0.0,0.0,0.0,0.0,0.0,0.0,0.0,0.0,0.0,0.0,2.4,84.7,87.2,4216.5,4216.5,0.0,0.0,0.0,0.0,0.0,96.8,0.0,0.0,0.0,0.0,0.0,0.0,0.0,4119.7,0.0,0.0
2050-07-16 09:00:00,2050-07-16 07:00:00,1400.0,4005.5,0.0,0.0,5405.5,1357.5,0.0,0.0,0.0,0.0303,0.0366,upv,upv,0.0,0.0,0.0,0.0,0.0,0.0,0.0,0.0,0.0,0.0,0.0,0.0,0.0,0.0,0.0,0.0,0.0,0.0,140.0,2.6,0.26,16.5,1055.3,0.06,140.1,48.0,188.1,0.0,0.0,0.0,0.0,0.0,0.0,0.0,0.0,0.0,0.0,0.0,0.0,0.0,0.0,0.0,0.0,0.0,0.0,3035.0,3035.0,5405.5,5405.5,0.0,0.0,0.0,0.0,0.0,356.2,0.0,0.0,0.0,0.0,0.0,0.0,0.0,5049.3,0.0,0.0
2050-07-16 10:00:00,2050-07-16 08:00:00,1577.9,4019.6,0.0,0.0,5597.5,1528.5,-0.0,0.0,0.0,0.0313,0.0413,upv,upv,0.0,0.0,0.0,0.0,0.0,0.0,0.0,0.0,0.0,0.0,0.0,0.0,0.0,0.0,0.0,0.0,0.0,0.0,139.9,2.6,0.26,16.5,1054.4,0.06,140.0,48.0,188.0,0.0,0.0,0.0,0.0,0.0,0.0,0.0,0.0,0.0,0.0,0.0,0.0,0.0,0.0,0.0,0.0,0.0,0.0,3861.7,3861.7,5597.5,5597.5,0.0,0.0,0.0,0.0,0.0,399.1,0.0,0.0,0.0,0.0,0.0,0.0,0.0,5198.3,0.0,0.0
2050-07-16 11:00:00,2050-07-16 09:00:00,1770.5,3211.2,0.0,0.0,4981.7,1712.7,0.0,0.0,0.0,0.0327,0.0463,upv,upv,0.0,0.0,0.0,0.0,0.0,0.0,0.0,0.0,0.0,0.0,0.0,0.0,0.0,0.0,0.0,0.0,0.0,0.0,140.5,2.7,0.27,16.6,1058.9,0.06,140.6,48.2,188.8,0.0,0.0,0.0,0.0,0.0,0.0,0.0,0.0,0.0,0.0,0.0,0.0,0.0,0.0,0.0,0.0,0.0,0.1,4794.6,4794.6,4981.7,4981.7,0.0,0.0,0.0,0.0,0.0,412.5,0.0,0.0,0.0,0.0,0.0,0.0,0.0,4569.2,0.0,0.0
2050-07-16 12:00:00,2050-07-16 10:00:00,1964.2,3211.2,0.0,0.0,5175.4,1896.9,0.0,0.0,0.0,0.0343,0.0514,upv,upv,0.0,0.0,0.0,0.0,0.0,0.0,0.0,0.0,0.0,0.0,0.0,0.0,0.0,0.0,0.0,0.0,0.0,0.0,140.3,2.6,0.27,16.6,1057.6,0.06,140.4,48.1,188.5,0.0,0.0,0.0,0.0,0.0,0.0,0.0,0.0,0.0,0.0,0.0,0.0,0.0,0.0,0.0,0.0,0.0,1.0,4668.4,4669.4,5175.4,5175.4,0.0,0.0,0.0,0.0,0.0,415.4,0.0,0.0,0.0,0.0,0.0,0.0,0.0,4760.0,0.0,0.0
2050-07-16 13:00:00,2050-07-16 11:00:00,2167.4,4019.6,0.0,0.0,6186.9,2089.1,0.0,0.0,0.0,0.0361,0.0567,upv,upv,0.0,0.0,0.0,0.0,0.0,0.0,0.0,0.0,0.0,0.0,0.0,0.0,0.0,0.0,0.0,0.0,0.0,0.0,140.6,2.7,0.27,16.6,1059.7,0.06,140.7,48.2,188.9,0.0,0.0,0.0,0.0,0.0,0.0,0.0,0.0,0.0,0.0,0.0,0.0,0.0,0.0,0.0,0.0,0.0,0.0,2697.9,2697.9,6186.9,6186.9,0.0,0.0,0.0,0.0,0.0,374.2,0.0,0.0,0.0,0.0,0.0,0.0,0.0,5793.5,19.2,0.0
2050-07-16 14:00:00,2050-07-16 12:00:00,2363.2,2622.9,0.0,0.0,4986.0,2273.3,0.0,0.0,0.0,0.038,0.0618,upv,upv,0.0,0.0,0.0,0.0,0.0,0.0,0.0,0.0,0.0,0.0,0.0,0.0,0.0,0.0,0.0,0.0,0.0,0.0,140.8,2.7,0.27,16.6,1061.8,0.06,141.0,48.3,189.3,0.0,0.0,0.0,0.0,0.0,0.0,0.0,0.0,0.0,0.0,0.0,0.0,0.0,0.0,0.0,0.0,0.0,0.0,3030.3,3030.3,4986.0,4986.0,0.0,0.0,0.0,0.0,0.0,336.5,0.0,0.0,0.0,0.0,0.0,0.0,0.0,4608.1,41.4,0.0
2050-07-16 15:00:00,2050-07-16 13:00:00,2528.4,3117.7,0.0,0.0,5646.1,2428.0,0.0,0.0,0.0,0.0397,0.0661,battery,upv,0.0,0.0,0.0,0.0,0.0,0.0,0.0,0.0,0.0,0.0,0.0,0.0,0.0,0.0,0.0,0.0,0.0,0.0,141.1,2.7,0.27,16.7,1063.6,0.06,141.2,48.4,189.6,0.0,0.0,0.0,0.0,0.0,0.0,0.0,0.0,0.0,0.0,0.0,0.0,0.0,0.0,0.0,0.0,0.0,0.0,0.0,0.0,5646.1,5646.1,0.0,0.0,0.0,0.0,0.0,234.2,0.0,0.0,0.0,0.0,0.0,0.0,0.0,5315.2,96.7,0.0
2050-07-16 16:00:00,2050-07-16 14:00:00,2644.2,2169.8,0.0,8.8,4822.8,2535.9,1028.1,1028.1,0.0,0.041,0.0691,wind-ons,wind-ons,0.0,0.0,0.0,0.0,0.0,0.0,0.0,0.0,0.0,0.0,0.0,0.0,0.2,0.5,0.01,0.0,0.2,0.2,141.3,2.7,0.27,16.7,1065.0,0.06,141.4,48.4,189.9,0.0,0.0,0.0,0.0,0.0,0.0,0.0,0.0,0.0,0.02,0.0,0.0,0.02,0.02,0.0,0.0,0.02,0.0,0.0,0.0,3794.7,3794.7,0.0,0.0,0.0,0.0,0.0,152.7,0.0,0.0,0.0,0.0,0.0,0.0,0.0,3463.8,178.3,0.0
2050-07-16 17:00:00,2050-07-16 15:00:00,2763.2,1871.5,0.0,9.9,4644.6,2646.5,908.1,908.1,0.0,0.0422,0.0723,phs,upv,0.0,0.0,0.0,0.0,0.0,0.0,0.0,0.0,0.0,0.0,0.0,0.0,0.1,0.3,0.0,0.0,0.2,0.2,141.5,2.7,0.27,16.7,1066.4,0.06,141.6,48.5,190.1,0.0,0.0,0.0,0.0,0.0,0.0,0.0,0.0,0.0,0.02,0.0,0.0,0.02,0.02,0.0,0.0,0.02,0.0,0.0,0.0,3736.5,3736.5,0.0,0.0,0.0,0.0,0.0,155.9,0.0,0.0,0.0,0.0,0.0,0.0,0.0,3538.1,42.5,0.0
2050-07-16 18:00:00,2050-07-16 16:00:00,2876.8,0.0,0.0,1.1,2878.0,2751.8,-170.7,0.0,170.7,0.0435,0.0752,upv,upv,0.0,0.0,0.0,0.0,0.0,0.0,0.0,0.0,0.0,0.0,0.0,0.0,0.0,0.0,0.0,0.0,0.0,0.0,141.6,2.7,0.27,16.7,1067.8,0.06,141.8,48.6,190.4,0.0,0.0,0.0,0.0,0.0,0.0,0.0,0.0,0.0,0.02,0.0,0.0,0.02,0.02,0.0,0.0,0.02,0.0,0.0,0.0,3048.7,3048.7,0.0,0.0,0.0,0.0,0.0,127.6,0.0,0.0,0.0,0.0,0.0,0.0,0.0,2895.1,26.0,0.0
2050-07-16 19:00:00,2050-07-16 17:00:00,2871.6,0.0,0.0,7.1,2878.7,2746.9,481.7,481.7,0.0,0.0434,0.0751,upv,upv,0.0,0.0,0.0,0.0,0.0,0.0,0.0,0.0,0.0,0.0,0.0,0.0,0.0,0.0,0.0,0.0,0.0,0.0,144.6,2.7,0.27,17.1,1089.8,0.06,144.7,49.6,194.3,0.0,0.0,0.0,0.0,0.0,0.0,0.0,0.0,0.0,4.9,0.0,0.0,4.9,5.3,0.0,0.0,5.3,0.0,0.0,0.0,2397.1,2397.1,0.0,0.0,0.0,0.0,0.0,99.2,0.0,0.0,0.0,0.0,0.0,0.0,0.0,2250.5,47.4,0.0
2050-07-16 20:00:00,2050-07-16 18:00:00,2816.8,0.0,0.0,7.3,2824.2,2696.2,2113.9,0.0,1126.3,0.0428,0.0737,battery,gas-cc,0.0,0.0,0.0,0.0,0.0,0.0,0.0,0.0,0.0,0.7,0.0,0.0,0.1,5.4,0.0,0.7,0.3,1.0,152.6,2.9,0.29,18.0,1150.2,0.07,152.7,52.3,205.0,421.5,7.9,0.79,49.8,3180.5,0.18,421.9,144.6,566.5,26.26,0.0,0.0,26.26,28.35,0.0,0.0,28.35,0.0,0.0,0.0,3950.5,710.2,3240.3,0.0,0.0,0.0,0.0,24.0,0.0,0.0,0.0,0.0,0.0,0.0,0.0,545.3,140.9,0.0
2050-07-16 21:00:00,2050-07-16 19:00:00,2701.1,0.0,0.0,9.3,2710.3,2588.8,2589.8,0.0,1429.8,0.0416,0.0706,battery,gas-cc,0.0,0.0,0.0,0.0,0.0,0.0,0.0,0.0,0.0,0.8,0.0,0.0,0.1,6.4,0.0,0.8,0.3,1.2,147.6,2.8,0.28,17.4,1112.4,0.06,147.7,50.6,198.3,378.5,7.1,0.71,44.7,2856.4,0.16,378.9,129.9,508.8,26.26,0.0,0.0,26.26,28.26,0.0,0.0,28.26,0.0,0.0,0.0,4140.1,120.6,4019.6,0.0,0.0,0.0,0.0,0.0,0.0,0.0,0.0,0.0,0.0,0.0,0.0,0.0,120.6,0.0
2050-07-16 22:00:00,2050-07-16 20:00:00,2551.6,0.0,0.0,0.0,2551.6,2449.6,2504.1,0.0,0.0,0.04,0.0667,battery,gas-cc,0.0,0.0,0.0,0.0,0.0,0.0,0.0,0.0,0.0,0.8,0.0,0.0,0.1,6.4,0.0,0.8,0.3,1.2,146.9,2.8,0.28,17.4,1107.7,0.06,147.1,50.4,197.5,339.2,6.4,0.64,40.1,2560.0,0.15,339.6,116.4,456.0,26.26,0.0,0.0,26.26,28.14,0.0,0.0,28.14,0.0,0.0,0.0,2551.6,47.5,2504.1,0.0,0.0,0.0,0.0,0.0,0.0,0.0,0.0,0.0,0.0,0.0,0.0,0.0,47.5,0.0
2050-07-16 23:00:00,2050-07-16 21:00:00,2368.4,0.0,0.0,0.6,2369.0,2278.2,2341.3,0.0,90.6,0.0381,0.0619,battery,gas-cc,0.0,0.0,0.0,0.0,0.0,0.0,0.0,0.0,0.0,0.9,0.0,0.0,0.1,6.5,0.0,0.9,0.3,1.2,147.2,2.8,0.28,17.4,1109.5,0.06,147.3,50.5,197.8,337.5,6.4,0.64,39.9,2546.9,0.15,337.9,115.8,453.7,26.26,0.0,0.0,26.26,28.0,0.0,0.0,28.0,0.0,0.0,0.0,2459.6,27.8,2431.9,0.0,0.0,0.0,0.0,0.0,0.0,0.0,0.0,0.0,0.0,0.0,0.0,0.0,27.8,0.0
2050-07-17 00:00:00,2050-07-16 22:00:00,2211.6,0.0,0.0,0.0,2211.6,2130.8,2175.0,0.0,4.1,0.0365,0.0578,battery,gas-cc,0.0,0.0,0.0,0.0,0.0,0.0,0.0,0.0,0.0,0.8,0.0,0.0,0.1,6.4,0.0,0.8,0.3,1.2,146.1,2.8,0.28,17.3,1101.5,0.06,146.3,50.1,196.4,373.4,7.0,0.7,44.1,2817.6,0.16,373.8,128.1,501.9,31.71,0.0,0.0,31.71,33.65,0.0,0.0,33.65,0.0,0.0,0.0,2215.7,36.6,2179.1,0.0,0.0,0.0,0.0,0.0,0.0,0.0,0.0,0.0,0.0,0.0,0.0,0.0,36.6,0.0
2050-07-17 01:00:00,2050-07-16 23:00:00,2041.1,0.0,0.0,2.7,2043.8,1969.7,2020.2,0.0,419.5,0.0349,0.0534,battery,gas-cc,0.0,0.0,0.0,0.0,0.0,0.0,0.0,0.0,0.0,0.8,0.0,0.0,0.1,6.5,0.0,0.9,0.3,1.2,145.9,2.8,0.28,17.2,1099.9,0.06,146.0,50.0,196.1,371.6,7.0,0.7,43.9,2804.3,0.16,372.0,127.5,499.5,31.71,0.0,0.0,31.71,33.49,0.0,0.0,33.49,0.0,0.0,0.0,2463.3,23.6,2439.7,0.0,0.0,0.0,0.0,0.0,0.0,0.0,0.0,0.0,0.0,0.0,0.0,0.0,23.6,0.0
2050-07-17 02:00:00,2050-07-17 00:00:00,1806.3,0.0,0.0,1.9,1808.2,1746.8,1792.4,0.0,295.9,0.033,0.0472,battery,gas-cc,0.0,0.0,0.0,0.0,0.0,0.0,0.0,0.0,0.0,0.8,0.0,0.0,0.1,6.5,0.0,0.9,0.3,1.2,145.6,2.7,0.28,17.2,1097.9,0.06,145.8,49.9,195.7,369.2,7.0,0.7,43.6,2786.3,0.16,369.6,126.7,496.3,31.71,0.0,0.0,31.71,33.28,0.0,0.0,33.28,0.0,0.0,0.0,2104.2,15.8,2088.4,0.0,0.0,0.0,0.0,0.0,0.0,0.0,0.0,0.0,0.0,0.0,0.0,0.0,15.8,0.0
2050-07-17 03:00:00,2050-07-17 01:00:00,1677.9,0.0,0.0,3.4,1681.3,1624.2,1672.5,0.0,525.4,0.032,0.0439,battery,gas-cc,0.0,0.0,0.0,0.0,0.0,0.0,0.0,0.0,0.0,0.9,0.0,0.0,0.1,6.5,0.0,0.9,0.3,1.2,145.1,2.7,0.27,17.1,1093.6,0.06,145.2,49.7,195.0,367.9,6.9,0.69,43.5,2776.5,0.16,368.3,126.2,494.6,31.71,0.0,0.0,31.71,33.16,0.0,0.0,33.16,0.0,0.0,0.0,2206.7,8.8,2197.8,0.0,0.0,0.0,0.0,0.0,0.0,0.0,0.0,0.0,0.0,0.0,0.0,0.0,8.8,0.0
2050-07-17 04:00:00,2050-07-17 02:00:00,1569.5,0.0,0.0,0.0,1569.5,1520.4,1567.1,0.0,0.0,0.0313,0.041,battery,gas-cc,0.0,0.0,0.0,0.0,0.0,0.0,0.0,0.0,0.0,0.9,0.0,0.0,0.1,6.5,0.0,0.9,0.3,1.2,145.2,2.7,0.27,17.2,1095.0,0.06,145.4,49.8,195.2,403.5,7.6,0.76,47.7,3045.1,0.17,404.0,138.5,542.4,31.71,0.0,0.0,31.71,33.06,0.0,0.0,33.06,0.0,0.0,0.0,1569.5,2.4,1567.1,0.0,0.0,0.0,0.0,0.0,0.0,0.0,0.0,0.0,0.0,0.0,0.0,0.0,2.4,0.0
2050-07-17 05:00:00,2050-07-17 03:00:00,1500.0,0.0,0.0,5.5,1505.5,1453.7,1502.1,0.0,847.9,0.0309,0.0392,battery,gas-cc,0.0,0.0,0.0,0.0,0.0,0.0,0.0,0.0,0.0,0.9,0.0,0.0,0.1,6.5,0.0,0.9,0.3,1.2,145.8,2.8,0.28,17.2,1099.5,0.06,146.0,50.0,196.0,366.2,6.9,0.69,43.3,2763.0,0.16,366.5,125.6,492.2,31.71,0.0,0.0,31.71,33.0,0.0,0.0,33.0,0.0,0.0,0.0,2353.4,3.4,2349.9,0.0,0.0,0.0,0.0,0.0,0.0,0.0,0.0,0.0,0.0,0.0,0.0,0.0,3.4,0.0
2050-07-17 06:00:00,2050-07-17 04:00:00,1476.8,0.0,0.0,0.0,1476.8,1431.5,1473.7,0.0,0.0,0.0307,0.0386,battery,gas-cc,0.0,0.0,0.0,0.0,0.0,0.0,0.0,0.0,0.0,0.9,0.0,0.0,0.1,6.5,0.0,0.9,0.3,1.2,144.1,2.7,0.27,17.0,1086.7,0.06,144.3,49.4,193.7,402.5,7.6,0.76,47.5,3037.4,0.17,402.9,138.1,541.1,31.71,0.0,0.0,31.71,32.98,0.0,0.0,32.98,0.0,0.0,0.0,1476.8,3.2,1473.7,0.0,0.0,0.0,0.0,0.0,0.0,0.0,0.0,0.0,0.0,0.0,0.0,0.0,3.2,0.0
2050-07-17 07:00:00,2050-07-17 05:00:00,1500.0,0.0,0.0,9.5,1509.5,1453.7,846.7,846.7,0.0,0.0309,0.0392,gas-cc,gas-cc,0.0,0.0,0.0,0.0,0.0,0.0,0.0,0.0,0.0,0.0,0.0,0.0,0.7,1.7,0.02,0.0,0.7,0.8,142.7,2.7,0.27,16.9,1075.8,0.06,142.8,48.9,191.8,366.2,6.9,0.69,43.3,2763.0,0.16,366.5,125.6,492.2,26.94,0.0,0.0,26.94,28.04,0.0,0.0,28.04,0.0,0.0,0.0,662.8,662.8,0.0,0.0,0.0,0.0,0.0,27.8,0.0,0.0,0.0,0.0,0.0,0.0,0.0,630.1,5.0,0.0
2050-07-17 08:00:00,2050-07-17 06:00:00,1572.6,775.6,0.0,0.0,2348.3,1523.4,0.0,0.0,0.0,0.0313,0.0411,upv,upv,0.0,0.0,0.0,0.0,0.0,0.0,0.0,0.0,0.0,0.0,0.0,0.0,0.0,0.0,0.0,0.0,0.0,0.0,139.9,2.6,0.26,16.5,1054.4,0.06,140.0,48.0,188.0,0.0,0.0,0.0,0.0,0.0,0.0,0.0,0.0,0.0,0.0,0.0,0.0,0.0,0.0,0.0,0.0,0.0,5.2,3322.5,3327.7,2348.3,2348.3,0.0,0.0,0.0,0.0,0.0,239.3,0.0,0.0,0.0,0.0,0.0,0.0,0.0,2109.0,0.0,0.0
2050-07-17 09:00:00,2050-07-17 07:00:00,1793.7,3334.5,0.0,0.0,5128.1,1734.8,-0.0,0.0,0.0,0.0329,0.0469,upv,upv,0.0,0.0,0.0,0.0,0.0,0.0,0.0,0.0,0.0,0.0,0.0,0.0,0.0,0.0,0.0,0.0,0.0,0.0,140.1,2.6,0.27,16.6,1056.1,0.06,140.2,48.0,188.3,0.0,0.0,0.0,0.0,0.0,0.0,0.0,0.0,0.0,0.0,0.0,0.0,0.0,0.0,0.0,0.0,0.0,5.3,4007.2,4012.4,5128.1,5128.1,0.0,0.0,0.0,0.0,0.0,385.4,0.0,0.0,0.0,0.0,0.0,0.0,0.0,4742.7,0.0,0.0
2050-07-17 10:00:00,2050-07-17 08:00:00,2064.2,3211.2,0.0,0.0,5275.4,1991.6,0.0,0.0,0.0,0.0352,0.054,upv,upv,0.0,0.0,0.0,0.0,0.0,0.0,0.0,0.0,0.0,0.0,0.0,0.0,0.0,0.0,0.0,0.0,0.0,0.0,140.4,2.7,0.27,16.6,1058.6,0.06,140.6,48.2,188.7,0.0,0.0,0.0,0.0,0.0,0.0,0.0,0.0,0.0,0.0,0.0,0.0,0.0,0.0,0.0,0.0,0.0,7.2,4764.1,4771.3,5275.4,5275.4,0.0,0.0,0.0,0.0,0.0,0.0,0.0,0.0,0.0,0.0,0.0,0.0,0.0,5275.4,0.0,0.0
2050-07-17 11:00:00,2050-07-17 09:00:00,2231.6,3240.3,0.0,0.0,5471.9,2149.6,0.0,0.0,0.0,0.0367,0.0584,upv,upv,0.0,0.0,0.0,0.0,0.0,0.0,0.0,0.0,0.0,0.0,0.0,0.0,0.0,0.0,0.0,0.0,0.0,0.0,140.6,2.7,0.27,16.6,1060.3,0.06,140.8,48.2,189.0,0.0,0.0,0.0,0.0,0.0,0.0,0.0,0.0,0.0,0.0,0.0,0.0,0.0,0.0,0.0,0.0,0.0,9.2,4655.3,4664.4,5471.9,5471.9,0.0,0.0,0.0,0.0,0.0,427.3,0.0,0.0,0.0,0.0,0.0,0.0,0.0,5044.6,0.0,0.0
2050-07-17 12:00:00,2050-07-17 10:00:00,2340.0,3240.3,0.0,0.0,5580.3,2251.5,0.0,0.0,0.0,0.0378,0.0612,upv,upv,0.0,0.0,0.0,0.0,0.0,0.0,0.0,0.0,0.0,0.0,0.0,0.0,0.0,0.0,0.0,0.0,0.0,0.0,140.8,2.7,0.27,16.6,1061.5,0.06,141.0,48.3,189.2,0.0,0.0,0.0,0.0,0.0,0.0,0.0,0.0,0.0,0.0,0.0,0.0,0.0,0.0,0.0,0.0,0.0,10.9,4236.6,4247.5,5580.3,5580.3,0.0,0.0,0.0,0.0,0.0,0.0,0.0,0.0,0.0,0.0,0.0,0.0,0.0,5580.3,0.0,0.0
2050-07-17 13:00:00,2050-07-17 11:00:00,2423.2,3211.2,0.0,0.0,5634.4,2329.5,0.0,0.0,0.0,0.0386,0.0634,upv,upv,0.0,0.0,0.0,0.0,0.0,0.0,0.0,0.0,0.0,0.0,0.0,0.0,0.0,0.0,0.0,0.0,0.0,0.0,140.9,2.7,0.27,16.7,1062.4,0.06,141.1,48.3,189.4,0.0,0.0,0.0,0.0,0.0,0.0,0.0,0.0,0.0,0.0,0.0,0.0,0.0,0.0,0.0,0.0,0.0,13.3,4256.8,4270.1,5634.4,5634.4,0.0,0.0,0.0,0.0,0.0,0.0,0.0,0.0,0.0,0.0,0.0,0.0,0.0,5634.4,0.0,0.0
2050-07-17 14:00:00,2050-07-17 12:00:00,2523.2,2655.8,0.0,0.0,5179.0,2423.1,0.0,0.0,0.0,0.0397,0.066,upv,upv,0.0,0.0,0.0,0.0,0.0,0.0,0.0,0.0,0.0,0.0,0.0,0.0,0.0,0.0,0.0,0.0,0.0,0.0,141.1,2.7,0.27,16.7,1063.6,0.06,141.2,48.4,189.6,0.0,0.0,0.0,0.0,0.0,0.0,0.0,0.0,0.0,0.0,0.0,0.0,0.0,0.0,0.0,0.0,0.0,0.0,4689.2,4689.2,5179.0,5179.0,0.0,0.0,0.0,0.0,0.0,415.4,0.0,0.0,0.0,0.0,0.0,0.0,0.0,4739.2,24.3,0.0
2050-07-17 15:00:00,2050-07-17 13:00:00,2633.7,3240.3,0.0,0.0,5874.0,2526.1,0.0,0.0,0.0,0.0408,0.0689,upv,upv,0.0,0.0,0.0,0.0,0.0,0.0,0.0,0.0,0.0,0.0,0.0,0.0,0.0,0.0,0.0,0.0,0.0,0.0,141.2,2.7,0.27,16.7,1064.9,0.06,141.4,48.4,189.8,0.0,0.0,0.0,0.0,0.0,0.0,0.0,0.0,0.0,0.0,0.0,0.0,0.0,0.0,0.0,0.0,0.0,0.0,3871.0,3871.0,5874.0,5874.0,0.0,0.0,0.0,0.0,0.0,409.6,0.0,0.0,0.0,0.0,0.0,0.0,0.0,5428.1,36.2,0.0
2050-07-17 16:00:00,2050-07-17 14:00:00,2698.9,2456.1,0.0,0.0,5155.0,2586.8,0.0,0.0,0.0,0.0415,0.0706,upv,upv,0.0,0.0,0.0,0.0,0.0,0.0,0.0,0.0,0.0,0.0,0.0,0.0,0.0,0.0,0.0,0.0,0.0,0.0,141.4,2.7,0.27,16.7,1065.6,0.06,141.5,48.5,190.0,0.0,0.0,0.0,0.0,0.0,0.0,0.0,0.0,0.0,0.0,0.0,0.0,0.0,0.0,0.0,0.0,0.0,45.5,4135.4,4180.9,5155.0,5155.0,0.0,0.0,0.0,0.0,0.0,391.9,0.0,0.0,0.0,0.0,0.0,0.0,0.0,4763.1,0.0,0.0
2050-07-17 17:00:00,2050-07-17 15:00:00,2834.7,3079.4,0.0,0.0,5914.2,2712.8,0.0,0.0,0.0,0.043,0.0741,upv,upv,0.0,0.0,0.0,0.0,0.0,0.0,0.0,0.0,0.0,0.0,0.0,0.0,0.0,0.0,0.0,0.0,0.0,0.0,141.6,2.7,0.27,16.7,1067.3,0.06,141.7,48.5,190.3,0.0,0.0,0.0,0.0,0.0,0.0,0.0,0.0,0.0,0.0,0.0,0.0,0.0,0.0,0.0,0.0,0.0,55.0,3578.8,3633.8,5914.2,5914.2,0.0,0.0,0.0,0.0,0.0,400.6,0.0,0.0,0.0,0.0,0.0,0.0,0.0,5513.6,0.0,0.0
2050-07-17 18:00:00,2050-07-17 16:00:00,2976.8,2721.9,0.0,0.0,5698.7,2844.1,0.0,0.0,0.0,0.0446,0.0778,upv,upv,0.0,0.0,0.0,0.0,0.0,0.0,0.0,0.0,0.0,0.0,0.0,0.0,0.0,0.0,0.0,0.0,0.0,0.0,141.8,2.7,0.27,16.8,1069.0,0.06,142.0,48.6,190.6,0.0,0.0,0.0,0.0,0.0,0.0,0.0,0.0,0.0,0.0,0.0,0.0,0.0,0.0,0.0,0.0,0.0,104.0,2937.5,3041.5,5698.7,5698.7,0.0,0.0,0.0,0.0,0.0,364.5,0.0,0.0,0.0,0.0,0.0,0.0,0.0,5334.2,0.0,0.0
2050-07-17 19:00:00,2050-07-17 17:00:00,3095.8,0.0,0.0,25.7,3121.5,2953.6,-2610.1,0.0,2610.1,0.0459,0.081,upv,upv,0.0,0.0,0.0,0.0,0.0,0.0,0.0,0.0,0.0,0.0,0.0,0.0,0.0,0.0,0.0,0.0,0.0,0.0,145.0,2.7,0.27,17.1,1093.5,0.06,145.2,49.7,194.9,0.0,0.0,0.0,0.0,0.0,0.0,0.0,0.0,0.0,4.49,0.0,0.0,4.49,4.89,0.0,0.0,4.89,0.0,0.0,0.0,5731.5,5731.5,0.0,0.0,0.0,0.0,0.0,238.2,0.0,0.0,0.0,0.0,0.0,0.0,0.0,5405.7,87.7,0.0
2050-07-17 20:00:00,2050-07-17 18:00:00,3172.6,0.0,0.0,11.5,3184.1,3024.2,1812.7,0.0,1692.0,0.0468,0.083,gas-cc,gas-cc,79.7,1.5,0.15,9.4,601.6,0.03,79.8,27.4,107.2,84.1,1.6,0.16,9.9,634.5,0.04,84.2,28.9,113.0,144.9,2.7,0.27,17.1,1092.3,0.06,145.0,49.7,194.7,383.6,7.2,0.72,45.3,2894.8,0.17,384.0,131.6,515.7,35.91,0.0,0.0,35.91,39.16,0.0,0.0,39.16,0.0,0.0,0.0,4876.1,1371.4,2431.9,0.0,0.0,0.0,0.0,55.9,1072.7,0.0,0.0,0.0,0.0,0.0,0.0,1268.2,47.3,0.0
2050-07-17 21:00:00,2050-07-17 19:00:00,3080.0,0.0,0.0,16.5,3096.5,2939.1,3074.6,0.0,2017.7,0.0457,0.0805,battery,gas-cc,76.0,1.4,0.14,9.0,573.6,0.03,76.1,26.1,102.2,80.3,1.5,0.15,9.5,606.3,0.04,80.4,27.6,108.0,147.9,2.8,0.28,17.5,1115.3,0.06,148.1,50.7,198.8,382.6,7.2,0.72,45.2,2887.2,0.17,383.0,131.3,514.3,35.91,87.92,0.0,123.83,39.06,95.62,0.0,134.68,0.0,0.0,0.0,5114.2,21.9,4019.6,0.0,0.0,0.0,0.0,0.0,1072.7,0.0,0.0,0.0,0.0,0.0,0.0,0.0,21.9,0.0
2050-07-17 22:00:00,2050-07-17 20:00:00,2946.3,0.0,0.0,18.1,2964.4,2815.9,2941.7,0.0,2121.5,0.0442,0.077,battery,gas-cc,76.4,1.4,0.14,9.0,576.8,0.03,76.5,26.2,102.7,80.7,1.5,0.15,9.5,608.7,0.04,80.7,27.7,108.4,147.5,2.8,0.28,17.4,1112.2,0.06,147.7,50.6,198.3,442.2,8.3,0.83,52.2,3336.7,0.19,442.7,151.7,594.4,35.91,0.0,0.0,35.91,38.91,0.0,0.0,38.91,0.0,0.0,0.0,5085.9,22.7,3990.5,0.0,0.0,0.0,0.0,0.0,1072.7,0.0,0.0,0.0,0.0,0.0,0.0,0.0,22.7,0.0
2050-07-17 23:00:00,2050-07-17 21:00:00,2734.7,0.0,0.0,14.2,2748.9,2620.1,2716.0,0.0,1866.5,0.0419,0.0715,battery,gas-cc,84.2,1.6,0.16,10.0,635.6,0.04,84.3,28.9,113.2,88.6,1.7,0.17,10.5,668.4,0.04,88.7,30.4,119.1,145.3,2.7,0.28,17.2,1095.5,0.06,145.5,49.8,195.3,378.9,7.1,0.71,44.8,2859.1,0.16,379.3,130.0,509.3,35.91,0.0,0.0,35.91,38.68,0.0,0.0,38.68,0.0,0.0,0.0,4615.5,32.9,3509.8,0.0,0.0,0.0,0.0,0.0,1072.7,0.0,0.0,0.0,0.0,0.0,0.0,0.0,32.9,0.0
2050-07-18 00:00:00,2050-07-17 22:00:00,2466.3,0.0,0.0,9.7,2476.0,2369.9,2430.4,0.0,1485.6,0.0391,0.0645,gas-cc,gas-cc,98.1,1.8,0.18,11.6,740.5,0.04,98.2,33.7,131.9,102.7,1.9,0.19,12.2,775.4,0.04,102.9,35.3,138.1,146.3,2.8,0.28,17.3,1103.1,0.06,146.5,50.2,196.7,376.0,7.1,0.71,44.4,2837.7,0.16,376.4,129.0,505.5,37.47,0.0,0.0,37.47,40.05,0.0,0.0,40.05,0.0,0.0,0.0,3961.6,45.6,2843.3,0.0,0.0,0.0,0.0,0.0,1072.7,0.0,0.0,0.0,0.0,0.0,0.0,0.0,45.6,0.0
2050-07-18 01:00:00,2050-07-17 23:00:00,2204.2,0.0,0.0,10.6,2214.9,2123.8,2163.1,0.0,1637.4,0.0365,0.0576,gas-cc,gas-cc,100.9,1.9,0.19,11.9,761.5,0.04,101.0,34.6,135.7,105.3,2.0,0.2,12.5,795.0,0.05,105.5,36.2,141.6,146.6,2.8,0.28,17.3,1105.5,0.06,146.8,50.3,197.1,373.3,7.0,0.7,44.1,2817.0,0.16,373.7,128.1,501.8,37.47,0.0,0.0,37.47,39.76,0.0,0.0,39.76,0.0,0.0,0.0,3852.3,51.8,2727.8,0.0,0.0,0.0,0.0,0.0,1072.7,0.0,0.0,0.0,0.0,0.0,0.0,0.0,51.8,0.0
2050-07-18 02:00:00,2050-07-18 00:00:00,1966.3,0.0,0.0,10.3,1976.6,1898.9,1920.8,0.0,1587.0,0.0343,0.0514,gas-cc,gas-cc,109.1,2.1,0.21,12.9,823.2,0.05,109.2,37.4,146.6,113.6,2.1,0.21,13.4,856.9,0.05,113.7,39.0,152.7,146.2,2.8,0.28,17.3,1102.4,0.06,146.4,50.1,196.5,370.9,7.0,0.7,43.8,2798.6,0.16,371.3,127.3,498.5,37.47,0.0,0.0,37.47,39.5,0.0,0.0,39.5,0.0,0.0,0.0,3563.6,55.9,2435.0,0.0,0.0,0.0,0.0,0.0,1072.7,0.0,0.0,0.0,0.0,0.0,0.0,0.0,55.9,0.0
2050-07-18 03:00:00,2050-07-18 01:00:00,1783.2,0.0,0.0,10.7,1793.8,1724.7,1764.9,0.0,1640.0,0.0328,0.0466,battery,gas-cc,113.2,2.1,0.21,13.4,854.4,0.05,113.3,38.8,152.2,117.6,2.2,0.22,13.9,887.7,0.05,117.8,40.4,158.1,145.8,2.8,0.28,17.2,1099.5,0.06,146.0,50.0,196.0,428.1,8.1,0.81,50.6,3230.3,0.19,428.5,146.9,575.4,37.47,0.0,0.0,37.47,39.3,0.0,0.0,39.3,0.0,0.0,0.0,3433.8,28.9,2332.1,0.0,0.0,0.0,0.0,0.0,1072.7,0.0,0.0,0.0,0.0,0.0,0.0,0.0,28.9,0.0
2050-07-18 04:00:00,2050-07-18 02:00:00,1652.6,0.0,0.0,0.0,1652.6,1600.1,1632.5,0.0,0.0,0.0318,0.0432,battery,gas-cc,235.2,4.4,0.44,27.8,1775.1,0.1,235.5,80.7,316.2,243.3,4.6,0.46,28.7,1835.7,0.11,243.5,83.5,327.0,144.8,2.7,0.27,17.1,1091.7,0.06,145.0,49.7,194.6,426.5,8.0,0.8,50.4,3218.8,0.18,427.0,146.4,573.4,37.47,0.0,0.0,37.47,39.16,0.0,0.0,39.16,0.0,0.0,0.0,1652.6,20.1,559.8,0.0,0.0,0.0,0.0,0.0,1072.7,0.0,0.0,0.0,0.0,0.0,0.0,0.0,20.1,0.0
2050-07-18 05:00:00,2050-07-18 03:00:00,1549.5,0.0,0.0,0.2,1549.6,1501.2,1534.7,0.0,24.2,0.0311,0.0405,battery,gas-cc,247.0,4.7,0.47,29.2,1864.0,0.11,247.3,84.8,332.0,255.2,4.8,0.48,30.2,1925.9,0.11,255.5,87.6,343.1,145.2,2.7,0.27,17.2,1094.9,0.06,145.4,49.8,195.2,366.6,6.9,0.69,43.3,2766.8,0.16,367.0,125.8,492.8,37.47,0.0,0.0,37.47,39.05,0.0,0.0,39.05,0.0,0.0,0.0,1573.9,14.9,486.2,0.0,0.0,0.0,0.0,0.0,1072.7,0.0,0.0,0.0,0.0,0.0,0.0,0.0,14.9,0.0
2050-07-18 06:00:00,2050-07-18 04:00:00,1507.4,0.0,0.0,4.7,1512.1,1460.8,1507.2,0.0,721.1,0.0309,0.0394,gas-cc,gas-cc,174.1,3.3,0.33,20.6,1313.7,0.08,174.3,59.7,234.0,180.1,3.4,0.34,21.3,1358.9,0.08,180.3,61.8,242.1,143.2,2.7,0.27,16.9,1079.4,0.06,143.3,49.1,192.4,366.2,6.9,0.69,43.3,2763.6,0.16,366.6,125.7,492.3,37.47,0.0,0.0,37.47,39.01,0.0,0.0,39.01,0.0,0.0,0.0,2233.2,4.8,1155.6,0.0,0.0,0.0,0.0,0.0,1072.7,0.0,0.0,0.0,0.0,0.0,0.0,0.0,4.8,0.0
2050-07-18 07:00:00,2050-07-18 05:00:00,1497.9,0.0,0.0,8.7,1506.6,1451.7,727.7,727.7,0.0,0.0308,0.0392,gas-cc,gas-cc,0.0,0.0,0.0,0.0,0.0,0.0,0.0,0.0,0.0,0.0,0.0,0.0,0.4,1.0,0.01,0.0,0.5,0.5,157.6,3.0,0.3,18.6,1188.3,0.07,157.8,54.0,211.8,366.1,6.9,0.69,43.3,2762.9,0.16,366.5,125.6,492.2,27.03,0.0,0.0,27.03,28.13,0.0,0.0,28.13,0.0,0.0,0.0,778.9,778.9,0.0,0.0,0.0,0.0,0.0,32.8,0.0,0.0,0.0,0.0,0.0,0.0,0.0,744.0,2.2,0.0
2050-07-18 08:00:00,2050-07-18 06:00:00,1569.5,0.0,0.0,0.0,1569.5,1520.4,0.0,0.0,0.0,0.0313,0.041,upv,upv,0.0,0.0,0.0,0.0,0.0,0.0,0.0,0.0,0.0,0.0,0.0,0.0,0.0,0.0,0.0,0.0,0.0,0.0,139.9,2.6,0.26,16.5,1054.4,0.06,140.0,48.0,188.0,0.0,0.0,0.0,0.0,0.0,0.0,0.0,0.0,0.0,0.0,0.0,0.0,0.0,0.0,0.0,0.0,0.0,0.5,4020.3,4020.8,1569.5,1569.5,0.0,0.0,0.0,0.0,0.0,235.8,0.0,0.0,0.0,0.0,0.0,0.0,0.0,1333.6,0.0,0.0
2050-07-18 09:00:00,2050-07-18 07:00:00,1783.2,1609.5,0.0,0.0,3392.6,1724.7,0.0,0.0,0.0,0.0328,0.0466,upv,upv,0.0,0.0,0.0,0.0,0.0,0.0,0.0,0.0,0.0,0.0,0.0,0.0,0.0,0.0,0.0,0.0,0.0,0.0,140.1,2.6,0.27,16.5,1056.0,0.06,140.2,48.0,188.3,0.0,0.0,0.0,0.0,0.0,0.0,0.0,0.0,0.0,0.0,0.0,0.0,0.0,0.0,0.0,0.0,0.0,0.1,5513.6,5513.6,3392.6,3392.6,0.0,0.0,0.0,0.0,0.0,376.0,0.0,0.0,0.0,0.0,0.0,0.0,0.0,3016.6,0.0,0.0
2050-07-18 10:00:00,2050-07-18 08:00:00,2046.3,3406.0,0.0,0.0,5452.3,1974.7,0.0,0.0,0.0,0.035,0.0535,upv,upv,0.0,0.0,0.0,0.0,0.0,0.0,0.0,0.0,0.0,0.0,0.0,0.0,0.0,0.0,0.0,0.0,0.0,0.0,140.4,2.7,0.27,16.6,1058.7,0.06,140.6,48.2,188.7,0.0,0.0,0.0,0.0,0.0,0.0,0.0,0.0,0.0,0.0,0.0,0.0,0.0,0.0,0.0,0.0,0.0,0.2,4647.8,4648.1,5452.3,5452.3,0.0,0.0,0.0,0.0,0.0,426.2,0.0,0.0,0.0,0.0,0.0,0.0,0.0,5026.1,0.0,0.0
2050-07-18 11:00:00,2050-07-18 09:00:00,2218.9,3948.8,0.0,0.0,6167.7,2137.7,-0.0,0.0,0.0,0.0366,0.058,upv,upv,0.0,0.0,0.0,0.0,0.0,0.0,0.0,0.0,0.0,0.0,0.0,0.0,0.0,0.0,0.0,0.0,0.0,0.0,140.6,2.7,0.27,16.6,1060.2,0.06,140.8,48.2,189.0,0.0,0.0,0.0,0.0,0.0,0.0,0.0,0.0,0.0,0.0,0.0,0.0,0.0,0.0,0.0,0.0,0.0,1.4,3979.9,3981.2,6167.7,6167.7,0.0,0.0,0.0,0.0,0.0,428.4,0.0,0.0,0.0,0.0,0.0,0.0,0.0,5739.3,0.0,0.0
2050-07-18 12:00:00,2050-07-18 10:00:00,2306.3,4019.6,0.0,0.0,6325.9,2219.9,0.0,0.0,0.0,0.0375,0.0603,upv,upv,0.0,0.0,0.0,0.0,0.0,0.0,0.0,0.0,0.0,0.0,0.0,0.0,0.0,0.0,0.0,0.0,0.0,0.0,140.8,2.7,0.27,16.6,1061.2,0.06,140.9,48.3,189.2,0.0,0.0,0.0,0.0,0.0,0.0,0.0,0.0,0.0,0.0,0.0,0.0,0.0,0.0,0.0,0.0,0.0,3.8,3781.1,3784.9,6325.9,6325.9,0.0,0.0,0.0,0.0,0.0,426.6,0.0,0.0,0.0,0.0,0.0,0.0,0.0,5899.3,0.0,0.0
2050-07-18 13:00:00,2050-07-18 11:00:00,2394.7,3406.0,0.0,0.0,5800.8,2302.9,0.0,0.0,0.0,0.0384,0.0626,upv,upv,0.0,0.0,0.0,0.0,0.0,0.0,0.0,0.0,0.0,0.0,0.0,0.0,0.0,0.0,0.0,0.0,0.0,0.0,140.9,2.7,0.27,16.6,1062.1,0.06,141.0,48.3,189.4,0.0,0.0,0.0,0.0,0.0,0.0,0.0,0.0,0.0,0.0,0.0,0.0,0.0,0.0,0.0,0.0,0.0,5.1,4137.5,4142.5,5800.8,5800.8,0.0,0.0,0.0,0.0,0.0,419.4,0.0,0.0,0.0,0.0,0.0,0.0,0.0,5381.4,0.0,0.0
2050-07-18 14:00:00,2050-07-18 12:00:00,2497.9,3854.9,0.0,0.0,6352.8,2399.4,0.0,0.0,0.0,0.0394,0.0653,upv,upv,0.0,0.0,0.0,0.0,0.0,0.0,0.0,0.0,0.0,0.0,0.0,0.0,0.0,0.0,0.0,0.0,0.0,0.0,141.0,2.7,0.27,16.7,1063.3,0.06,141.2,48.4,189.6,0.0,0.0,0.0,0.0,0.0,0.0,0.0,0.0,0.0,0.0,0.0,0.0,0.0,0.0,0.0,0.0,0.0,6.6,3673.1,3679.7,6352.8,6352.8,0.0,0.0,0.0,0.0,0.0,423.0,0.0,0.0,0.0,0.0,0.0,0.0,0.0,5929.8,0.0,0.0
2050-07-18 15:00:00,2050-07-18 13:00:00,2608.4,2461.0,0.0,0.0,5069.4,2502.6,0.0,0.0,0.0,0.0406,0.0682,upv,upv,0.0,0.0,0.0,0.0,0.0,0.0,0.0,0.0,0.0,0.0,0.0,0.0,0.0,0.0,0.0,0.0,0.0,0.0,141.2,2.7,0.27,16.7,1064.6,0.06,141.4,48.4,189.8,0.0,0.0,0.0,0.0,0.0,0.0,0.0,0.0,0.0,0.0,0.0,0.0,0.0,0.0,0.0,0.0,0.0,12.9,4781.2,4794.1,5069.4,5069.4,0.0,0.0,0.0,0.0,0.0,415.7,0.0,0.0,0.0,0.0,0.0,0.0,0.0,4653.7,0.0,0.0
2050-07-18 16:00:00,2050-07-18 14:00:00,2693.7,2431.9,0.0,0.0,5125.6,2581.9,0.0,0.0,0.0,0.0415,0.0704,upv,upv,0.0,0.0,0.0,0.0,0.0,0.0,0.0,0.0,0.0,0.0,0.0,0.0,0.0,0.0,0.0,0.0,0.0,0.0,141.4,2.7,0.27,16.7,1065.9,0.06,141.5,48.5,190.0,0.0,0.0,0.0,0.0,0.0,0.0,0.0,0.0,0.0,0.0,0.0,0.0,0.0,0.0,0.0,0.0,0.0,0.0,4753.6,4753.6,5125.6,5125.6,0.0,0.0,0.0,0.0,0.0,416.1,0.0,0.0,0.0,0.0,0.0,0.0,0.0,4687.7,21.8,0.0
2050-07-18 17:00:00,2050-07-18 15:00:00,2830.5,2983.4,0.0,0.0,5814.0,2708.9,0.0,0.0,0.0,0.043,0.074,upv,upv,0.0,0.0,0.0,0.0,0.0,0.0,0.0,0.0,0.0,0.0,0.0,0.0,0.0,0.0,0.0,0.0,0.0,0.0,142.1,2.7,0.27,16.8,1071.1,0.06,142.2,48.7,190.9,0.0,0.0,0.0,0.0,0.0,0.0,0.0,0.0,0.0,0.0,0.0,0.0,0.0,0.0,0.0,0.0,0.0,0.0,4347.8,4347.8,5814.0,5814.0,0.0,0.0,0.0,0.0,0.0,427.7,0.0,0.0,0.0,0.0,0.0,0.0,0.0,5358.4,27.9,0.0
2050-07-18 18:00:00,2050-07-18 16:00:00,2974.7,3045.5,0.0,0.0,6020.2,2842.2,0.0,0.0,0.0,0.0446,0.0778,upv,upv,0.0,0.0,0.0,0.0,0.0,0.0,0.0,0.0,0.0,0.0,0.0,0.0,0.0,0.0,0.0,0.0,0.0,0.0,141.8,2.7,0.27,16.8,1069.0,0.06,142.0,48.6,190.6,0.0,0.0,0.0,0.0,0.0,0.0,0.0,0.0,0.0,0.0,0.0,0.0,0.0,0.0,0.0,0.0,0.0,0.0,3528.8,3528.8,6020.2,6020.2,0.0,0.0,0.0,0.0,0.0,401.7,0.0,0.0,0.0,0.0,0.0,0.0,0.0,5582.9,35.6,0.0
2050-07-18 19:00:00,2050-07-18 17:00:00,3106.3,0.0,0.0,28.9,3135.2,2963.3,-2816.0,0.0,2816.0,0.046,0.0812,upv,upv,0.0,0.0,0.0,0.0,0.0,0.0,0.0,0.0,0.0,0.0,0.0,0.0,0.0,0.0,0.0,0.0,0.0,0.0,147.9,2.8,0.28,17.5,1114.9,0.06,148.1,50.7,198.8,0.0,0.0,0.0,0.0,0.0,0.0,0.0,0.0,0.0,0.0,0.0,0.0,0.0,0.0,0.0,0.0,0.0,0.0,839.0,839.0,5951.2,5951.2,0.0,0.0,0.0,0.0,0.0,284.7,0.0,0.0,0.0,0.0,0.0,0.0,0.0,5623.2,43.3,0.0
2050-07-18 20:00:00,2050-07-18 18:00:00,3181.1,0.0,0.0,10.7,3191.7,3031.9,1508.7,0.0,1640.0,0.0469,0.0832,battery,gas-cc,80.5,1.5,0.15,9.5,607.2,0.03,80.5,27.6,108.2,84.8,1.6,0.16,10.0,639.9,0.04,84.9,29.1,114.0,145.8,2.8,0.28,17.2,1099.6,0.06,146.0,50.0,196.0,445.1,8.4,0.84,52.6,3359.1,0.19,445.6,152.7,598.4,37.73,0.0,0.0,37.73,41.16,0.0,0.0,41.16,0.0,0.0,0.0,4831.7,1683.0,2076.0,0.0,0.0,0.0,0.0,68.2,1072.7,0.0,0.0,0.0,0.0,0.0,0.0,1546.9,67.9,0.0
2050-07-18 21:00:00,2050-07-18 19:00:00,3097.9,0.0,0.0,10.7,3108.6,2955.5,3021.1,0.0,1640.0,0.0459,0.081,battery,gas-cc,81.9,1.5,0.15,9.7,617.8,0.04,82.0,28.1,110.0,86.5,1.6,0.16,10.2,652.6,0.04,86.6,29.7,116.3,147.6,2.8,0.28,17.4,1112.4,0.06,147.7,50.6,198.3,444.1,8.4,0.84,52.5,3351.1,0.19,444.6,152.4,596.9,37.73,0.0,0.0,37.73,41.06,0.0,0.0,41.06,0.0,0.0,0.0,4748.5,87.4,3588.4,0.0,0.0,0.0,0.0,0.0,1072.7,0.0,0.0,0.0,0.0,0.0,0.0,0.0,87.4,0.0
2050-07-18 22:00:00,2050-07-18 20:00:00,2953.7,0.0,0.0,10.7,2964.3,2822.7,2847.9,0.0,1640.0,0.0443,0.0772,battery,gas-cc,84.4,1.6,0.16,10.0,637.2,0.04,84.5,29.0,113.5,89.0,1.7,0.17,10.5,671.6,0.04,89.1,30.6,119.6,147.3,2.8,0.28,17.4,1110.7,0.06,147.5,50.5,198.0,442.3,8.3,0.83,52.2,3337.4,0.19,442.7,151.8,594.5,37.73,0.0,0.0,37.73,40.89,0.0,0.0,40.89,0.0,0.0,0.0,4604.3,116.5,3415.1,0.0,0.0,0.0,0.0,0.0,1072.7,0.0,0.0,0.0,0.0,0.0,0.0,0.0,116.5,0.0
2050-07-18 23:00:00,2050-07-18 21:00:00,2690.5,0.0,0.0,10.7,2701.2,2579.0,2573.3,0.0,1640.0,0.0414,0.0704,battery,gas-cc,89.6,1.7,0.17,10.6,675.8,0.04,89.6,30.7,120.4,94.0,1.8,0.18,11.1,709.8,0.04,94.2,32.3,126.4,146.0,2.8,0.28,17.3,1101.0,0.06,146.2,50.1,196.3,439.0,8.3,0.83,51.9,3312.7,0.19,439.5,150.6,590.1,37.73,0.0,0.0,37.73,40.59,0.0,0.0,40.59,0.0,0.0,0.0,4341.2,127.9,3140.5,0.0,0.0,0.0,0.0,0.0,1072.7,0.0,0.0,0.0,0.0,0.0,0.0,0.0,127.9,0.0
2050-07-19 00:00:00,2050-07-18 22:00:00,2412.6,0.0,0.0,10.7,2423.3,2319.7,2299.0,0.0,1640.0,0.0385,0.0631,battery,gas-cc,95.7,1.8,0.18,11.3,722.0,0.04,95.8,32.8,128.6,100.1,1.9,0.19,11.8,755.6,0.04,100.2,34.4,134.6,162.5,3.1,0.31,19.2,1225.4,0.07,162.7,55.7,218.4,435.6,8.2,0.82,51.5,3287.0,0.19,436.1,149.5,585.5,38.13,0.0,0.0,38.13,40.7,0.0,0.0,40.7,0.0,0.0,0.0,4063.3,124.3,2866.3,0.0,0.0,0.0,0.0,0.0,1072.7,0.0,0.0,0.0,0.0,0.0,0.0,0.0,124.3,0.0
2050-07-19 01:00:00,2050-07-18 23:00:00,2156.8,0.0,0.0,10.7,2167.5,2079.2,2047.2,0.0,1640.0,0.036,0.0564,battery,gas-cc,102.1,1.9,0.19,12.1,770.5,0.04,102.2,35.0,137.2,106.5,2.0,0.2,12.6,803.8,0.05,106.6,36.6,143.2,151.2,2.9,0.29,17.9,1140.0,0.07,151.4,51.9,203.2,432.5,8.2,0.82,51.1,3263.7,0.19,433.0,148.4,581.4,38.13,0.0,0.0,38.13,40.41,0.0,0.0,40.41,0.0,0.0,0.0,3807.5,120.3,2614.4,0.0,0.0,0.0,0.0,0.0,1072.7,0.0,0.0,0.0,0.0,0.0,0.0,0.0,120.3,0.0
2050-07-19 02:00:00,2050-07-19 00:00:00,1917.9,0.0,0.0,10.7,1928.6,1852.9,1801.8,0.0,1640.0,0.0339,0.0502,battery,gas-cc,108.9,2.1,0.21,12.9,822.1,0.05,109.1,37.4,146.4,113.3,2.1,0.21,13.4,855.2,0.05,113.5,38.9,152.4,146.1,2.8,0.28,17.3,1101.7,0.06,146.3,50.1,196.4,429.7,8.1,0.81,50.8,3242.3,0.19,430.1,147.4,577.5,38.13,0.0,0.0,38.13,40.15,0.0,0.0,40.15,0.0,0.0,0.0,3568.5,126.8,2369.0,0.0,0.0,0.0,0.0,0.0,1072.7,0.0,0.0,0.0,0.0,0.0,0.0,0.0,126.8,0.0
2050-07-19 03:00:00,2050-07-19 01:00:00,1731.6,0.0,0.0,10.7,1742.2,1675.5,1642.6,0.0,1640.0,0.0324,0.0453,battery,gas-cc,114.9,2.2,0.22,13.6,867.4,0.05,115.1,39.4,154.5,119.3,2.2,0.22,14.1,900.7,0.05,119.5,41.0,160.4,145.3,2.7,0.28,17.2,1095.7,0.06,145.5,49.8,195.3,427.5,8.1,0.81,50.5,3225.7,0.19,427.9,146.7,574.6,38.13,0.0,0.0,38.13,39.94,0.0,0.0,39.94,0.0,0.0,0.0,3382.2,99.7,2209.8,0.0,0.0,0.0,0.0,0.0,1072.7,0.0,0.0,0.0,0.0,0.0,0.0,0.0,99.7,0.0
2050-07-19 04:00:00,2050-07-19 02:00:00,1577.9,0.0,0.0,6.8,1584.7,1528.5,1506.4,0.0,1053.2,0.0313,0.0413,battery,gas-cc,147.4,2.8,0.28,17.4,1112.1,0.06,147.5,50.6,198.1,152.6,2.9,0.29,18.0,1151.7,0.07,152.8,52.4,205.2,145.6,2.7,0.28,17.2,1097.6,0.06,145.7,49.9,195.7,399.6,7.5,0.75,47.2,3015.3,0.17,400.0,137.1,537.1,38.13,0.0,0.0,38.13,39.77,0.0,0.0,39.77,0.0,0.0,0.0,2637.9,78.3,1486.9,0.0,0.0,0.0,0.0,0.0,1072.7,0.0,0.0,0.0,0.0,0.0,0.0,0.0,78.3,0.0
2050-07-19 05:00:00,2050-07-19 03:00:00,1471.6,0.0,0.0,2.8,1474.4,1426.4,1411.9,0.0,433.3,0.0307,0.0385,phs,gas-cc,203.8,3.8,0.38,24.1,1537.8,0.09,204.0,69.9,273.9,210.6,4.0,0.4,24.9,1589.2,0.09,210.8,72.3,283.1,155.5,2.9,0.29,18.4,1172.7,0.07,155.7,53.3,209.0,501.1,9.4,0.94,59.2,3781.1,0.22,501.6,171.9,673.5,38.13,0.0,0.0,38.13,39.66,0.0,0.0,39.66,0.0,0.0,0.0,1907.7,62.5,772.4,0.0,0.0,0.0,0.0,0.0,1072.7,0.0,0.0,0.0,0.0,0.0,0.0,0.0,62.5,0.0
2050-07-19 06:00:00,2050-07-19 04:00:00,1423.2,0.0,0.0,10.7,1433.8,1379.8,1385.6,0.0,1640.0,0.0305,0.0372,battery,gas-cc,126.5,2.4,0.24,14.9,954.4,0.05,126.6,43.4,170.0,131.0,2.5,0.25,15.5,988.5,0.06,131.1,45.0,176.1,135.5,2.6,0.26,16.0,1021.9,0.06,135.7,46.5,182.2,423.9,8.0,0.8,50.1,3198.7,0.18,424.3,145.4,569.8,38.13,0.0,0.0,38.13,39.61,0.0,0.0,39.61,0.0,0.0,0.0,3073.8,48.3,1952.8,0.0,0.0,0.0,0.0,0.0,1072.7,0.0,0.0,0.0,0.0,0.0,0.0,0.0,48.3,0.0
2050-07-19 07:00:00,2050-07-19 05:00:00,1435.8,0.0,0.0,2.1,1437.8,1392.0,384.4,0.0,316.6,0.0305,0.0375,gas-cc,gas-cc,144.8,2.7,0.27,17.1,1092.7,0.06,145.0,49.7,194.6,149.4,2.8,0.28,17.6,1127.1,0.06,149.5,51.3,200.8,147.0,2.8,0.28,17.4,1108.3,0.06,147.2,50.4,197.6,376.5,7.1,0.71,44.5,2841.4,0.16,376.9,129.2,506.1,33.36,0.0,0.0,33.36,34.66,0.0,0.0,34.66,0.0,0.0,0.0,1754.4,1053.4,0.0,0.0,0.0,0.0,0.0,42.7,701.0,0.0,0.0,0.0,0.0,0.0,0.0,967.7,43.0,0.0
2050-07-19 08:00:00,2050-07-19 06:00:00,1507.4,1222.6,0.0,0.0,2730.0,1460.8,0.0,0.0,0.0,0.0309,0.0394,upv,upv,0.0,0.0,0.0,0.0,0.0,0.0,0.0,0.0,0.0,0.0,0.0,0.0,0.0,0.0,0.0,0.0,0.0,0.0,139.8,2.6,0.26,16.5,1053.9,0.06,140.0,47.9,187.9,0.0,0.0,0.0,0.0,0.0,0.0,0.0,0.0,0.0,0.0,0.0,0.0,0.0,0.0,0.0,0.0,0.0,23.3,3173.6,3196.9,2730.0,2730.0,0.0,0.0,0.0,0.0,0.0,0.0,0.0,0.0,0.0,0.0,0.0,0.0,0.0,2730.0,0.0,0.0
2050-07-19 09:00:00,2050-07-19 07:00:00,1713.7,3595.2,0.0,0.0,5308.9,1658.4,0.0,0.0,0.0,0.0322,0.0448,upv,upv,0.0,0.0,0.0,0.0,0.0,0.0,0.0,0.0,0.0,0.0,0.0,0.0,0.0,0.0,0.0,0.0,0.0,0.0,140.0,2.6,0.26,16.5,1055.4,0.06,140.1,48.0,188.2,0.0,0.0,0.0,0.0,0.0,0.0,0.0,0.0,0.0,0.0,0.0,0.0,0.0,0.0,0.0,0.0,0.0,10.8,3050.6,3061.4,5308.9,5308.9,0.0,0.0,0.0,0.0,0.0,352.8,0.0,0.0,0.0,0.0,0.0,0.0,0.0,4956.1,0.0,0.0
2050-07-19 10:00:00,2050-07-19 08:00:00,1974.7,4019.6,0.0,0.0,5994.3,1906.9,0.0,0.0,0.0,0.0344,0.0516,upv,upv,0.0,0.0,0.0,0.0,0.0,0.0,0.0,0.0,0.0,0.0,0.0,0.0,0.0,0.0,0.0,0.0,0.0,0.0,140.4,2.6,0.27,16.6,1058.2,0.06,140.5,48.1,188.7,0.0,0.0,0.0,0.0,0.0,0.0,0.0,0.0,0.0,0.0,0.0,0.0,0.0,0.0,0.0,0.0,0.0,10.7,3458.1,3468.8,5994.3,5994.3,0.0,0.0,0.0,0.0,0.0,398.8,0.0,0.0,0.0,0.0,0.0,0.0,0.0,5595.5,0.0,0.0
2050-07-19 11:00:00,2050-07-19 09:00:00,2180.0,2071.3,0.0,0.0,4251.3,2101.0,0.0,0.0,0.0,0.0362,0.057,upv,upv,0.0,0.0,0.0,0.0,0.0,0.0,0.0,0.0,0.0,0.0,0.0,0.0,0.0,0.0,0.0,0.0,0.0,0.0,140.8,2.7,0.27,16.6,1061.2,0.06,140.9,48.3,189.2,0.0,0.0,0.0,0.0,0.0,0.0,0.0,0.0,0.0,0.0,0.0,0.0,0.0,0.0,0.0,0.0,0.0,12.5,5956.9,5969.5,4251.3,4251.3,0.0,0.0,0.0,0.0,0.0,430.9,0.0,0.0,0.0,0.0,0.0,0.0,0.0,3820.4,0.0,0.0
2050-07-19 12:00:00,2050-07-19 10:00:00,2314.7,2850.6,0.0,0.0,5165.4,2227.8,-0.0,0.0,0.0,0.0376,0.0605,upv,upv,0.0,0.0,0.0,0.0,0.0,0.0,0.0,0.0,0.0,0.0,0.0,0.0,0.0,0.0,0.0,0.0,0.0,0.0,140.8,2.7,0.27,16.6,1061.2,0.06,140.9,48.3,189.2,0.0,0.0,0.0,0.0,0.0,0.0,0.0,0.0,0.0,0.0,0.0,0.0,0.0,0.0,0.0,0.0,0.0,0.0,5122.1,5122.1,5165.4,5165.4,0.0,0.0,0.0,0.0,0.0,432.7,0.0,0.0,0.0,0.0,0.0,0.0,0.0,4700.6,32.1,0.0
2050-07-19 13:00:00,2050-07-19 11:00:00,2435.8,2784.7,0.0,0.0,5220.5,2341.4,0.0,0.0,0.0,0.0388,0.0637,upv,upv,0.0,0.0,0.0,0.0,0.0,0.0,0.0,0.0,0.0,0.0,0.0,0.0,0.0,0.0,0.0,0.0,0.0,0.0,140.9,2.7,0.27,16.7,1062.6,0.06,141.1,48.3,189.4,0.0,0.0,0.0,0.0,0.0,0.0,0.0,0.0,0.0,0.0,0.0,0.0,0.0,0.0,0.0,0.0,0.0,0.0,5128.3,5128.3,5220.5,5220.5,0.0,0.0,0.0,0.0,0.0,434.5,0.0,0.0,0.0,0.0,0.0,0.0,0.0,4733.1,52.9,0.0
2050-07-19 14:00:00,2050-07-19 12:00:00,2590.5,3600.8,0.0,0.0,6191.4,2485.9,0.0,0.0,0.0,0.0404,0.0677,upv,upv,0.0,0.0,0.0,0.0,0.0,0.0,0.0,0.0,0.0,0.0,0.0,0.0,0.0,0.0,0.0,0.0,0.0,0.0,141.2,2.7,0.27,16.7,1064.4,0.06,141.3,48.4,189.8,0.0,0.0,0.0,0.0,0.0,0.0,0.0,0.0,0.0,0.0,0.0,0.0,0.0,0.0,0.0,0.0,0.0,0.0,4169.0,4169.0,6191.4,6191.4,0.0,0.0,0.0,0.0,0.0,434.9,0.0,0.0,0.0,0.0,0.0,0.0,0.0,5698.8,57.7,0.0
2050-07-19 15:00:00,2050-07-19 13:00:00,2727.4,3600.8,0.0,0.0,6328.2,2613.2,0.0,0.0,0.0,0.0418,0.0713,upv,upv,0.0,0.0,0.0,0.0,0.0,0.0,0.0,0.0,0.0,0.0,0.0,0.0,0.0,0.0,0.0,0.0,0.0,0.0,141.4,2.7,0.27,16.7,1066.0,0.06,141.6,48.5,190.0,0.0,0.0,0.0,0.0,0.0,0.0,0.0,0.0,0.0,0.0,0.0,0.0,0.0,0.0,0.0,0.0,0.0,0.0,4017.5,4017.5,6328.2,6328.2,0.0,0.0,0.0,0.0,0.0,434.1,0.0,0.0,0.0,0.0,0.0,0.0,0.0,5837.5,56.6,0.0
2050-07-19 16:00:00,2050-07-19 14:00:00,2868.4,3600.8,0.0,0.0,6469.3,2744.0,0.0,0.0,0.0,0.0434,0.075,upv,upv,0.0,0.0,0.0,0.0,0.0,0.0,0.0,0.0,0.0,0.0,0.0,0.0,0.0,0.0,0.0,0.0,0.0,0.0,141.6,2.7,0.27,16.7,1067.7,0.06,141.8,48.6,190.3,0.0,0.0,0.0,0.0,0.0,0.0,0.0,0.0,0.0,0.0,0.0,0.0,0.0,0.0,0.0,0.0,0.0,0.0,3846.3,3846.3,6469.3,6469.3,0.0,0.0,0.0,0.0,0.0,432.7,0.0,0.0,0.0,0.0,0.0,0.0,0.0,5976.3,60.2,0.0
2050-07-19 17:00:00,2050-07-19 15:00:00,3031.6,2456.1,0.0,0.0,5487.6,2894.5,0.0,0.0,0.0,0.0452,0.0793,upv,upv,0.0,0.0,0.0,0.0,0.0,0.0,0.0,0.0,0.0,0.0,0.0,0.0,0.0,0.0,0.0,0.0,0.0,0.0,141.9,2.7,0.27,16.8,1069.7,0.06,142.0,48.7,190.7,0.0,0.0,0.0,0.0,0.0,0.0,0.0,0.0,0.0,0.0,0.0,0.0,0.0,0.0,0.0,0.0,0.0,0.0,4816.9,4816.9,5487.6,5487.6,0.0,0.0,0.0,0.0,0.0,432.3,0.0,0.0,0.0,0.0,0.0,0.0,0.0,4992.8,62.5,0.0
2050-07-19 18:00:00,2050-07-19 16:00:00,3172.6,1363.8,0.0,0.0,4536.4,3024.2,0.0,0.0,0.0,0.0468,0.083,upv,upv,0.0,0.0,0.0,0.0,0.0,0.0,0.0,0.0,0.0,0.0,0.0,0.0,0.0,0.0,0.0,0.0,0.0,0.0,142.1,2.7,0.27,16.8,1071.5,0.06,142.3,48.7,191.0,0.0,0.0,0.0,0.0,0.0,0.0,0.0,0.0,0.0,0.0,0.0,0.0,0.0,0.0,0.0,0.0,0.0,0.0,4795.5,4795.5,4536.4,4536.4,0.0,0.0,0.0,0.0,0.0,390.8,0.0,0.0,0.0,0.0,0.0,0.0,0.0,4077.2,68.4,0.0
2050-07-19 19:00:00,2050-07-19 17:00:00,3296.8,0.0,0.0,22.3,3319.1,3137.9,-1691.6,0.0,1800.3,0.0482,0.0862,gas-cc,gas-cc,7.7,0.1,0.01,0.9,58.1,0.0,7.7,2.6,10.3,8.1,0.2,0.02,1.0,61.0,0.0,8.1,2.8,10.9,142.5,2.7,0.27,16.8,1074.1,0.06,142.6,48.9,191.5,396.6,7.5,0.75,46.8,2992.8,0.17,397.0,136.1,533.1,33.36,0.0,0.0,33.36,36.5,0.0,0.0,36.5,0.0,0.0,0.0,5119.4,5010.7,0.0,0.0,0.0,0.0,0.0,207.9,108.7,0.0,0.0,0.0,0.0,0.0,0.0,4717.4,85.4,0.0
2050-07-19 20:00:00,2050-07-19 18:00:00,3394.7,0.0,0.0,10.7,3405.4,3227.2,2650.6,0.0,1640.0,0.0494,0.0888,battery,gas-cc,77.1,1.5,0.15,9.1,581.5,0.03,77.1,26.4,103.6,81.6,1.5,0.15,9.7,615.9,0.04,81.7,28.0,109.7,154.1,2.9,0.29,18.2,1161.8,0.07,154.3,52.8,207.1,507.9,9.6,0.96,60.0,3833.0,0.22,508.5,174.3,682.8,42.16,0.0,0.0,42.16,46.26,0.0,0.0,46.26,0.0,0.0,0.0,5045.4,754.8,3217.9,0.0,0.0,0.0,0.0,27.5,1072.7,0.0,0.0,0.0,0.0,0.0,0.0,623.2,104.1,0.0
2050-07-19 21:00:00,2050-07-19 19:00:00,3291.6,0.0,0.0,14.1,3305.7,3133.1,3189.0,0.0,1861.9,0.0482,0.0861,battery,gas-cc,75.2,1.4,0.14,8.9,567.7,0.03,75.3,25.8,101.1,79.7,1.5,0.15,9.4,601.5,0.04,79.8,27.4,107.2,173.1,3.3,0.33,20.4,1305.0,0.08,173.2,59.4,232.6,506.4,9.5,0.95,59.8,3821.7,0.22,507.0,173.8,680.8,42.16,498.96,0.0,541.12,46.13,545.95,0.0,592.08,0.0,0.0,0.0,5167.6,116.7,3978.2,0.0,0.0,0.0,0.0,0.0,1072.7,0.0,0.0,0.0,0.0,0.0,0.0,0.0,116.7,0.0
2050-07-19 22:00:00,2050-07-19 20:00:00,3133.7,0.0,0.0,9.6,3143.3,2988.4,3029.3,0.0,1478.6,0.0464,0.0819,hydro,gas-cc,84.1,1.6,0.16,9.9,634.7,0.04,84.2,28.9,113.1,88.8,1.7,0.17,10.5,670.5,0.04,88.9,30.5,119.4,162.6,3.1,0.31,19.2,1225.9,0.07,162.8,55.8,218.5,436.7,8.2,0.82,51.6,3295.6,0.19,437.2,149.9,587.0,42.16,0.0,0.0,42.16,45.92,0.0,0.0,45.92,0.0,0.0,0.0,4621.9,114.0,3435.1,0.0,0.0,0.0,0.0,0.0,1072.7,0.0,0.0,0.0,0.0,0.0,0.0,0.0,114.0,0.0
2050-07-19 23:00:00,2050-07-19 21:00:00,2861.1,0.0,0.0,5.0,2866.1,2737.2,2761.8,0.0,771.9,0.0433,0.0748,battery,gas-cc,106.9,2.0,0.2,12.6,806.4,0.05,107.0,36.7,143.6,112.3,2.1,0.21,13.3,847.4,0.05,112.4,38.5,151.0,147.6,2.8,0.28,17.4,1112.5,0.06,147.7,50.6,198.3,433.4,8.2,0.82,51.2,3270.2,0.19,433.8,148.7,582.5,42.16,0.0,0.0,42.16,45.57,0.0,0.0,45.57,0.0,0.0,0.0,3638.0,104.2,2461.0,0.0,0.0,0.0,0.0,0.0,1072.7,0.0,0.0,0.0,0.0,0.0,0.0,0.0,104.2,0.0
2050-07-20 00:00:00,2050-07-19 22:00:00,2564.2,0.0,0.0,10.7,2574.9,2461.4,2463.8,0.0,1640.0,0.0401,0.0671,battery,gas-cc,92.2,1.7,0.17,10.9,696.0,0.04,92.3,31.6,124.0,96.7,1.8,0.18,11.4,729.8,0.04,96.8,33.2,130.0,240.1,4.5,0.45,28.4,1811.4,0.1,240.4,82.4,322.7,496.1,9.4,0.94,58.6,3743.8,0.22,496.7,170.2,666.9,42.16,0.0,0.0,42.16,45.19,0.0,0.0,45.19,0.0,0.0,0.0,4214.8,111.1,3031.0,0.0,0.0,0.0,0.0,0.0,1072.7,0.0,0.0,0.0,0.0,0.0,0.0,0.0,111.1,0.0
2050-07-20 01:00:00,2050-07-19 23:00:00,2309.5,0.0,0.0,8.7,2318.2,2222.9,2213.4,0.0,1344.8,0.0375,0.0604,battery,gas-cc,106.1,2.0,0.2,12.5,800.9,0.05,106.2,36.4,142.7,110.8,2.1,0.21,13.1,836.5,0.05,111.0,38.1,149.0,189.0,3.6,0.36,22.3,1425.7,0.08,189.2,64.8,254.1,426.7,8.0,0.8,50.4,3220.0,0.18,427.2,146.4,573.6,42.16,0.0,0.0,42.16,44.87,0.0,0.0,44.87,0.0,0.0,0.0,3663.0,104.8,2485.5,0.0,0.0,0.0,0.0,0.0,1072.7,0.0,0.0,0.0,0.0,0.0,0.0,0.0,104.8,0.0
2050-07-20 02:00:00,2050-07-20 00:00:00,2062.1,0.0,0.0,10.7,2072.8,1989.6,2001.5,0.0,1640.0,0.0351,0.0539,battery,gas-cc,104.7,2.0,0.2,12.4,790.2,0.05,104.8,35.9,140.8,109.1,2.1,0.21,12.9,823.5,0.05,109.2,37.5,146.7,146.7,2.8,0.28,17.3,1105.7,0.06,146.8,50.3,197.1,489.2,9.2,0.92,57.8,3691.9,0.21,489.8,167.9,657.6,42.16,0.0,0.0,42.16,44.56,0.0,0.0,44.56,0.0,0.0,0.0,3712.7,71.2,2568.8,0.0,0.0,0.0,0.0,0.0,1072.7,0.0,0.0,0.0,0.0,0.0,0.0,0.0,71.2,0.0
2050-07-20 03:00:00,2050-07-20 01:00:00,1886.3,0.0,0.0,9.8,1896.2,1822.9,1830.7,0.0,1513.0,0.0336,0.0493,battery,gas-cc,114.0,2.1,0.21,13.5,860.5,0.05,114.2,39.1,153.3,118.6,2.2,0.22,14.0,894.8,0.05,118.7,40.7,159.4,160.6,3.0,0.3,19.0,1211.1,0.07,160.8,55.1,215.9,421.7,7.9,0.79,49.8,3182.5,0.18,422.2,144.7,566.9,42.16,0.0,0.0,42.16,44.34,0.0,0.0,44.34,0.0,0.0,0.0,3409.1,65.5,2270.9,0.0,0.0,0.0,0.0,0.0,1072.7,0.0,0.0,0.0,0.0,0.0,0.0,0.0,65.5,0.0
2050-07-20 04:00:00,2050-07-20 02:00:00,1729.5,0.0,0.0,6.9,1736.4,1673.5,1679.2,0.0,1057.9,0.0324,0.0452,battery,gas-cc,139.1,2.6,0.26,16.4,1049.9,0.06,139.3,47.7,187.0,144.3,2.7,0.27,17.1,1088.9,0.06,144.4,49.5,194.0,153.3,2.9,0.29,18.1,1156.2,0.07,153.5,52.6,206.1,419.9,7.9,0.79,49.6,3168.9,0.18,420.4,144.1,564.5,42.16,0.0,0.0,42.16,44.15,0.0,0.0,44.15,0.0,0.0,0.0,2794.3,57.1,1664.4,0.0,0.0,0.0,0.0,0.0,1072.7,0.0,0.0,0.0,0.0,0.0,0.0,0.0,57.1,0.0
2050-07-20 05:00:00,2050-07-20 03:00:00,1638.9,0.0,0.0,0.4,1639.3,1587.0,1598.4,0.0,58.9,0.0317,0.0429,battery,gas-cc,228.9,4.3,0.43,27.0,1727.5,0.1,229.2,78.6,307.7,236.7,4.5,0.45,28.0,1786.3,0.1,237.0,81.2,318.2,143.8,2.7,0.27,17.0,1084.1,0.06,144.0,49.3,193.3,490.1,9.2,0.92,57.9,3698.5,0.21,490.6,168.2,658.8,42.16,0.0,0.0,42.16,44.04,0.0,0.0,44.04,0.0,0.0,0.0,1698.2,41.0,584.5,0.0,0.0,0.0,0.0,0.0,1072.7,0.0,0.0,0.0,0.0,0.0,0.0,0.0,41.0,0.0
2050-07-20 06:00:00,2050-07-20 04:00:00,1595.8,0.0,0.0,0.0,1595.8,1545.6,1559.1,0.0,0.0,0.0314,0.0417,battery,gas-cc,243.6,4.6,0.46,28.8,1838.4,0.11,243.9,83.6,327.5,251.8,4.7,0.47,29.8,1900.0,0.11,252.1,86.4,338.5,146.2,2.8,0.28,17.3,1102.2,0.06,146.4,50.1,196.5,476.7,9.0,0.9,56.3,3597.3,0.21,477.2,163.6,640.8,41.93,0.0,0.0,41.93,43.75,0.0,0.0,43.75,0.0,0.0,0.0,1595.8,36.7,486.4,0.0,0.0,0.0,0.0,0.0,1072.7,0.0,0.0,0.0,0.0,0.0,0.0,0.0,36.7,0.0
2050-07-20 07:00:00,2050-07-20 05:00:00,1605.3,0.0,0.0,0.0,1605.3,1554.7,1380.6,0.0,0.0,0.0315,0.042,battery,gas-cc,242.2,4.6,0.46,28.6,1827.5,0.1,242.4,83.1,325.5,250.2,4.7,0.47,29.6,1888.2,0.11,250.5,85.9,336.3,150.2,2.8,0.28,17.7,1132.3,0.07,150.3,51.5,201.8,476.8,9.0,0.9,56.3,3598.2,0.21,477.3,163.6,640.9,41.93,0.0,0.0,41.93,43.76,0.0,0.0,43.76,0.0,0.0,0.0,1605.3,224.6,307.9,0.0,0.0,0.0,0.0,8.5,1072.7,0.0,0.0,0.0,0.0,0.0,0.0,193.3,22.8,0.0
2050-07-20 08:00:00,2050-07-20 06:00:00,1660.0,2124.5,0.0,12.1,3796.6,1607.1,1243.2,1243.2,0.0,0.0319,0.0434,battery,gas-cc,0.0,0.0,0.0,0.0,0.0,0.0,0.0,0.0,0.0,0.0,0.0,0.0,0.4,1.0,0.01,0.0,0.5,0.5,140.1,2.6,0.27,16.6,1056.3,0.06,140.3,48.0,188.3,359.2,6.8,0.68,42.4,2710.7,0.16,359.6,123.3,482.9,31.52,0.0,0.0,31.52,32.95,0.0,0.0,32.95,0.0,0.0,0.0,2553.4,2553.4,0.0,0.0,0.0,0.0,0.0,107.1,0.0,0.0,0.0,0.0,0.0,0.0,0.0,2429.8,16.5,0.0
2050-07-20 09:00:00,2050-07-20 07:00:00,1868.4,2431.9,0.0,16.1,4316.4,1805.9,-968.4,445.3,1413.7,0.0335,0.0489,battery,gas-cc,0.0,0.0,0.0,0.0,0.0,0.0,0.0,0.0,0.0,0.0,0.0,0.0,0.0,0.0,0.0,0.0,0.0,0.0,140.2,2.6,0.27,16.6,1056.7,0.06,140.3,48.1,188.4,332.9,6.3,0.63,39.3,2511.9,0.14,333.2,114.2,447.4,29.57,0.0,0.0,29.57,31.09,0.0,0.0,31.09,0.0,0.0,0.0,5284.8,5284.8,0.0,0.0,0.0,0.0,0.0,222.3,0.0,0.0,0.0,0.0,0.0,0.0,0.0,5047.0,15.5,0.0
2050-07-20 10:00:00,2050-07-20 08:00:00,2121.1,3525.6,0.0,16.5,5663.1,2045.4,-1265.6,374.4,1640.0,0.0357,0.0555,battery,gas-cc,0.0,0.0,0.0,0.0,0.0,0.0,0.0,0.0,0.0,0.0,0.0,0.0,0.0,0.0,0.0,0.0,0.0,0.0,140.5,2.7,0.27,16.6,1059.3,0.06,140.7,48.2,188.9,335.2,6.3,0.63,39.6,2529.5,0.15,335.6,115.0,450.6,29.34,0.0,0.0,29.34,31.06,0.0,0.0,31.06,0.0,0.0,0.0,6928.6,6928.6,0.0,0.0,0.0,0.0,0.0,291.6,0.0,0.0,0.0,0.0,0.0,0.0,0.0,6617.3,19.7,0.0
2050-07-20 11:00:00,2050-07-20 09:00:00,2311.6,4019.6,0.0,12.4,6343.5,2224.9,-1749.5,0.0,1749.5,0.0375,0.0605,battery,gas-cc,0.0,0.0,0.0,0.0,0.0,0.0,0.0,0.0,0.0,0.0,0.0,0.0,0.0,0.0,0.0,0.0,0.0,0.0,140.8,2.7,0.27,16.6,1061.4,0.06,140.9,48.3,189.2,337.0,6.4,0.64,39.8,2542.9,0.15,337.3,115.6,453.0,27.54,0.0,0.0,27.54,29.31,0.0,0.0,29.31,0.0,0.0,0.0,8093.0,8093.0,0.0,0.0,0.0,0.0,0.0,340.5,0.0,0.0,0.0,0.0,0.0,0.0,0.0,7728.8,23.7,0.0
2050-07-20 12:00:00,2050-07-20 10:00:00,2435.8,4019.6,0.0,15.4,6470.8,2341.4,-1946.8,0.0,1946.8,0.0388,0.0637,battery,gas-cc,0.0,0.0,0.0,0.0,0.0,0.0,0.0,0.0,0.0,0.0,0.0,0.0,0.0,0.0,0.0,0.0,0.0,0.0,140.9,2.7,0.27,16.7,1062.6,0.06,141.1,48.3,189.4,338.1,6.4,0.64,39.9,2551.7,0.15,338.5,116.0,454.5,27.54,0.0,0.0,27.54,29.42,0.0,0.0,29.42,0.0,0.0,0.0,8417.6,8417.6,0.0,0.0,0.0,0.0,0.0,354.2,0.0,0.0,0.0,0.0,0.0,0.0,0.0,8039.0,24.4,0.0
2050-07-20 13:00:00,2050-07-20 11:00:00,2564.2,3887.8,0.0,11.5,6463.5,2461.4,-1585.3,54.6,1640.0,0.0401,0.0671,battery,gas-cc,0.0,0.0,0.0,0.0,0.0,0.0,0.0,0.0,0.0,0.0,0.0,0.0,0.0,0.0,0.0,0.0,0.0,0.0,141.1,2.7,0.27,16.7,1064.1,0.06,141.3,48.4,189.7,339.4,6.4,0.64,40.1,2560.9,0.15,339.7,116.4,456.2,29.34,0.0,0.0,29.34,31.45,0.0,0.0,31.45,0.0,0.0,0.0,8048.8,8048.8,0.0,0.0,0.0,0.0,0.0,338.0,0.0,0.0,0.0,0.0,0.0,0.0,0.0,7670.7,40.2,0.0
2050-07-20 14:00:00,2050-07-20 12:00:00,2695.8,3240.3,0.0,11.3,5947.3,2583.9,-1600.5,39.5,1640.0,0.0415,0.0705,battery,gas-cc,0.0,0.0,0.0,0.0,0.0,0.0,0.0,0.0,0.0,0.0,0.0,0.0,0.0,0.0,0.0,0.0,0.0,0.0,141.4,2.7,0.27,16.7,1065.8,0.06,141.5,48.5,190.0,340.6,6.4,0.64,40.2,2570.4,0.15,341.0,116.9,457.9,29.34,0.0,0.0,29.34,31.56,0.0,0.0,31.56,0.0,0.0,0.0,7547.8,7547.8,0.0,0.0,0.0,0.0,0.0,317.6,0.0,0.0,0.0,0.0,0.0,0.0,0.0,7205.4,24.8,0.0
2050-07-20 15:00:00,2050-07-20 13:00:00,2855.8,2431.9,0.0,13.1,5300.8,2732.3,-925.9,321.2,1247.1,0.0432,0.0747,battery,gas-cc,0.0,0.0,0.0,0.0,0.0,0.0,0.0,0.0,0.0,0.0,0.0,0.0,0.0,0.0,0.0,0.0,0.0,0.0,141.6,2.7,0.27,16.7,1067.5,0.06,141.8,48.6,190.3,342.2,6.4,0.64,40.4,2582.0,0.15,342.5,117.4,459.9,29.57,0.0,0.0,29.57,31.96,0.0,0.0,31.96,0.0,0.0,0.0,6226.7,6226.7,0.0,0.0,0.0,0.0,0.0,256.8,0.0,0.0,0.0,0.0,0.0,0.0,0.0,5828.9,140.9,0.0
2050-07-20 16:00:00,2050-07-20 14:00:00,2958.9,3568.5,0.0,10.7,6538.1,2827.6,-1640.0,0.0,1640.0,0.0444,0.0774,battery,gas-cc,0.0,0.0,0.0,0.0,0.0,0.0,0.0,0.0,0.0,0.0,0.0,0.0,0.0,0.0,0.0,0.0,0.0,0.0,142.0,2.7,0.27,16.8,1070.7,0.06,142.2,48.7,190.9,343.2,6.5,0.65,40.5,2589.6,0.15,343.5,117.7,461.3,29.34,0.0,0.0,29.34,31.8,0.0,0.0,31.8,0.0,0.0,0.0,8178.1,8178.1,0.0,0.0,0.0,0.0,0.0,344.5,0.0,0.0,0.0,0.0,0.0,0.0,0.0,7819.3,14.3,0.0
2050-07-20 17:00:00,2050-07-20 15:00:00,3090.5,1916.8,0.0,13.6,5020.9,2948.8,-1827.3,0.0,1827.3,0.0459,0.0808,battery,gas-cc,0.0,0.0,0.0,0.0,0.0,0.0,0.0,0.0,0.0,0.0,0.0,0.0,0.0,0.0,0.0,0.0,0.0,0.0,142.0,2.7,0.27,16.8,1070.7,0.06,142.2,48.7,190.9,416.8,7.9,0.79,49.2,3145.1,0.18,417.2,143.0,560.2,31.52,0.0,0.0,31.52,34.29,0.0,0.0,34.29,0.0,0.0,0.0,6848.3,6848.3,0.0,0.0,0.0,0.0,0.0,288.5,0.0,0.0,0.0,0.0,0.0,0.0,0.0,6549.5,10.2,0.0
2050-07-20 18:00:00,2050-07-20 16:00:00,3190.5,0.0,0.0,28.9,3219.4,3040.6,-2118.5,0.0,2816.0,0.047,0.0834,gas-cc,gas-cc,41.9,0.8,0.08,4.9,316.0,0.02,41.9,14.4,56.3,43.9,0.8,0.08,5.2,331.6,0.02,44.0,15.1,59.1,142.4,2.7,0.27,16.8,1073.5,0.06,142.5,48.8,191.4,395.4,7.5,0.75,46.7,2983.7,0.17,395.8,135.7,531.5,33.36,0.0,0.0,33.36,36.39,0.0,0.0,36.39,0.0,0.0,0.0,6035.4,5337.9,0.0,0.0,0.0,0.0,0.0,224.5,697.5,0.0,0.0,0.0,0.0,0.0,0.0,5092.2,21.2,0.0
2050-07-20 19:00:00,2050-07-20 17:00:00,3263.2,0.0,0.0,12.6,3275.8,3107.1,460.5,0.0,1767.6,0.0478,0.0853,battery,gas-cc,77.1,1.5,0.15,9.1,581.7,0.03,77.2,26.4,103.6,81.2,1.5,0.15,9.6,612.4,0.04,81.2,27.9,109.1,146.1,2.8,0.28,17.3,1101.5,0.06,146.3,50.1,196.4,405.4,7.6,0.76,47.9,3059.5,0.18,405.9,139.1,545.0,39.96,0.0,0.0,39.96,43.69,0.0,0.0,43.69,0.0,0.0,0.0,5043.4,2815.3,1155.4,0.0,0.0,0.0,0.0,117.4,1072.7,0.0,0.0,0.0,0.0,0.0,0.0,2664.1,33.8,0.0
2050-07-20 20:00:00,2050-07-20 18:00:00,3242.1,0.0,0.0,16.0,3258.1,3087.8,2618.1,0.0,1984.6,0.0476,0.0848,battery,gas-cc,74.2,1.4,0.14,8.8,559.6,0.03,74.2,25.4,99.7,78.4,1.5,0.15,9.3,592.0,0.03,78.5,26.9,105.5,152.3,2.9,0.29,18.0,1148.1,0.07,152.4,52.2,204.7,500.2,9.4,0.94,59.1,3774.6,0.22,500.7,171.6,672.4,40.43,0.0,0.0,40.43,44.18,0.0,0.0,44.18,0.0,0.0,0.0,5242.7,640.0,3530.0,0.0,0.0,0.0,0.0,26.6,1072.7,0.0,0.0,0.0,0.0,0.0,0.0,604.6,8.7,0.0
2050-07-20 21:00:00,2050-07-20 19:00:00,3142.1,0.0,0.0,10.7,3152.8,2996.2,3014.1,0.0,1640.0,0.0465,0.0822,battery,gas-cc,81.1,1.5,0.15,9.6,612.1,0.04,81.2,27.8,109.0,85.7,1.6,0.16,10.1,646.9,0.04,85.8,29.4,115.2,147.7,2.8,0.28,17.5,1113.9,0.06,147.9,50.7,198.6,487.6,9.2,0.92,57.6,3679.4,0.21,488.1,167.3,655.4,48.99,57.66,0.0,106.66,53.38,62.83,0.0,116.21,0.0,0.0,0.0,4792.7,138.6,3581.4,0.0,0.0,0.0,0.0,0.0,1072.7,0.0,0.0,0.0,0.0,0.0,0.0,0.0,138.6,0.0
2050-07-20 22:00:00,2050-07-20 20:00:00,3028.4,0.0,0.0,11.5,3039.9,2891.6,3026.5,0.0,1691.2,0.0452,0.0792,gas-cc,gas-cc,82.2,1.5,0.15,9.7,620.1,0.04,82.3,28.2,110.5,86.7,1.6,0.16,10.3,654.5,0.04,86.8,29.8,116.6,148.3,2.8,0.28,17.5,1118.0,0.06,148.4,50.9,199.3,425.8,8.0,0.8,50.3,3213.5,0.18,426.3,146.1,572.4,39.96,0.0,0.0,39.96,43.4,0.0,0.0,43.4,0.0,0.0,0.0,4731.1,13.4,3644.9,0.0,0.0,0.0,0.0,0.0,1072.7,0.0,0.0,0.0,0.0,0.0,0.0,0.0,13.4,0.0
2050-07-20 23:00:00,2050-07-20 21:00:00,2863.2,0.0,0.0,10.7,2873.8,2739.1,2855.6,0.0,1640.0,0.0433,0.0749,battery,gas-cc,86.1,1.6,0.16,10.2,649.9,0.04,86.2,29.6,115.8,90.7,1.7,0.17,10.7,684.4,0.04,90.8,31.1,121.9,147.3,2.8,0.28,17.4,1110.3,0.06,147.4,50.5,197.9,400.9,7.6,0.76,47.4,3024.9,0.17,401.3,137.5,538.8,39.96,0.0,0.0,39.96,43.19,0.0,0.0,43.19,0.0,0.0,0.0,4513.8,18.3,3422.8,0.0,0.0,0.0,0.0,0.0,1072.7,0.0,0.0,0.0,0.0,0.0,0.0,0.0,18.3,0.0
2050-07-21 00:00:00,2050-07-20 22:00:00,2587.4,0.0,0.0,10.7,2598.0,2483.0,2589.4,0.0,1640.0,0.0403,0.0677,battery,gas-ct,91.7,1.7,0.17,10.8,692.2,0.04,91.8,31.5,123.3,96.2,1.8,0.18,11.4,726.2,0.04,96.3,33.0,129.4,146.7,2.8,0.28,17.3,1105.8,0.06,146.8,50.3,197.1,578.5,10.9,1.09,68.3,4365.3,0.25,579.1,198.5,777.6,54.09,0.0,0.0,54.09,58.01,0.0,0.0,58.01,0.0,0.0,0.0,4238.0,8.6,3156.6,0.0,0.0,0.0,0.0,0.0,1072.7,0.0,0.0,0.0,0.0,0.0,0.0,0.0,8.6,0.0
2050-07-21 01:00:00,2050-07-20 23:00:00,2325.3,0.0,0.0,13.6,2338.9,2237.7,2327.6,0.0,1828.9,0.0377,0.0608,battery,gas-cc,93.3,1.8,0.18,11.0,703.9,0.04,93.4,32.0,125.4,97.6,1.8,0.18,11.5,736.3,0.04,97.7,33.5,131.2,146.2,2.8,0.28,17.3,1102.2,0.06,146.4,50.1,196.5,551.5,10.4,1.04,65.1,4161.5,0.24,552.1,189.2,741.3,54.09,0.0,0.0,54.09,57.59,0.0,0.0,57.59,0.0,0.0,0.0,4167.7,11.3,3083.7,0.0,0.0,0.0,0.0,0.0,1072.7,0.0,0.0,0.0,0.0,0.0,0.0,0.0,11.3,0.0
2050-07-21 02:00:00,2050-07-21 00:00:00,2077.9,0.0,0.0,9.6,2087.5,2004.6,2082.4,0.0,1472.0,0.0353,0.0543,battery,gas-cc,109.2,2.1,0.21,12.9,824.2,0.05,109.3,37.5,146.8,113.8,2.1,0.21,13.5,858.9,0.05,113.9,39.1,153.0,157.6,3.0,0.3,18.6,1188.4,0.07,157.8,54.1,211.8,496.1,9.3,0.93,58.6,3743.3,0.22,496.6,170.2,666.8,49.7,0.0,0.0,49.7,52.56,0.0,0.0,52.56,0.0,0.0,0.0,3559.5,5.0,2481.7,0.0,0.0,0.0,0.0,0.0,1072.7,0.0,0.0,0.0,0.0,0.0,0.0,0.0,5.0,0.0
2050-07-21 03:00:00,2050-07-21 01:00:00,1886.3,0.0,0.0,1.4,1887.7,1822.9,1881.3,0.0,218.9,0.0336,0.0493,gas-cc,gas-cc,184.5,3.5,0.35,21.8,1392.5,0.08,184.7,63.3,248.1,191.4,3.6,0.36,22.6,1444.1,0.08,191.6,65.7,257.3,145.8,2.8,0.28,17.2,1099.5,0.06,146.0,50.0,196.0,428.6,8.1,0.81,50.6,3234.6,0.19,429.1,147.1,576.2,41.69,0.0,0.0,41.69,43.85,0.0,0.0,43.85,0.0,0.0,0.0,2106.7,6.4,1027.5,0.0,0.0,0.0,0.0,0.0,1072.7,0.0,0.0,0.0,0.0,0.0,0.0,0.0,6.4,0.0
2050-07-21 04:00:00,2050-07-21 02:00:00,1754.7,0.0,0.0,0.0,1754.7,1697.6,1749.1,0.0,0.0,0.0326,0.0459,battery,gas-cc,221.5,4.2,0.42,26.2,1671.8,0.1,221.8,76.0,297.8,229.3,4.3,0.43,27.1,1730.6,0.1,229.6,78.7,308.3,227.6,4.3,0.43,26.9,1716.7,0.1,227.8,78.1,305.9,405.5,7.6,0.76,47.9,3060.0,0.18,405.9,139.1,545.1,41.69,0.0,0.0,41.69,43.69,0.0,0.0,43.69,0.0,0.0,0.0,1754.7,5.6,676.4,0.0,0.0,0.0,0.0,0.0,1072.7,0.0,0.0,0.0,0.0,0.0,0.0,0.0,5.6,0.0
2050-07-21 05:00:00,2050-07-21 03:00:00,1667.4,0.0,0.0,4.2,1671.6,1614.2,1666.6,272.2,0.0,0.0319,0.0436,battery,gas-cc,277.8,5.2,0.52,32.8,2096.3,0.12,278.1,95.3,373.4,244.9,4.6,0.46,28.9,1847.8,0.11,245.1,84.0,329.1,214.0,4.0,0.4,25.3,1614.5,0.09,214.3,73.4,287.7,404.5,7.6,0.76,47.8,3052.7,0.18,405.0,138.8,543.8,41.69,0.0,0.0,41.69,43.59,0.0,0.0,43.59,0.0,0.0,0.0,1399.4,5.0,321.7,0.0,0.0,0.0,0.0,0.0,1072.7,0.0,0.0,0.0,0.0,0.0,0.0,0.0,5.0,0.0
2050-07-21 06:00:00,2050-07-21 04:00:00,1628.4,0.0,0.0,2.2,1630.7,1576.9,1626.8,144.6,0.0,0.0316,0.0426,battery,gas-cc,261.6,4.9,0.49,30.9,1974.2,0.11,261.9,89.8,351.7,249.3,4.7,0.47,29.5,1881.0,0.11,249.5,85.5,335.1,205.7,3.9,0.39,24.3,1551.5,0.09,205.9,70.6,276.5,404.1,7.6,0.76,47.7,3049.5,0.18,404.5,138.7,543.2,41.69,0.0,0.0,41.69,43.54,0.0,0.0,43.54,0.0,0.0,0.0,1486.0,3.8,409.4,0.0,0.0,0.0,0.0,0.0,1072.7,0.0,0.0,0.0,0.0,0.0,0.0,0.0,3.8,0.0
2050-07-21 07:00:00,2050-07-21 05:00:00,1624.2,0.0,0.0,0.2,1624.4,1572.9,1039.0,0.0,33.7,0.0316,0.0425,gas-cc,gas-cc,234.5,4.4,0.44,27.7,1769.2,0.1,234.7,80.4,315.2,242.1,4.6,0.46,28.6,1827.0,0.1,242.4,83.1,325.4,219.8,4.1,0.41,26.0,1658.1,0.1,220.0,75.4,295.4,419.5,7.9,0.79,49.6,3165.5,0.18,419.9,143.9,563.9,37.37,0.0,0.0,37.37,39.03,0.0,0.0,39.03,0.0,0.0,0.0,1658.2,585.4,0.0,0.0,0.0,0.0,0.0,24.5,1072.7,0.0,0.0,0.0,0.0,0.0,0.0,555.8,5.2,0.0
2050-07-21 08:00:00,2050-07-21 06:00:00,1695.8,2431.9,0.0,0.0,4127.7,1641.3,0.0,0.0,0.0,0.0321,0.0443,upv,upv,0.0,0.0,0.0,0.0,0.0,0.0,0.0,0.0,0.0,0.0,0.0,0.0,0.0,0.0,0.0,0.0,0.0,0.0,140.0,2.6,0.26,16.5,1055.3,0.06,140.1,48.0,188.1,0.0,0.0,0.0,0.0,0.0,0.0,0.0,0.0,0.0,0.0,0.0,0.0,0.0,0.0,0.0,0.0,0.0,3.5,35.2,38.6,4127.7,4127.7,0.0,0.0,0.0,0.0,0.0,175.7,0.0,0.0,0.0,0.0,0.0,0.0,0.0,3952.0,0.0,0.0
2050-07-21 09:00:00,2050-07-21 07:00:00,1912.6,2788.6,0.0,0.0,4701.2,1847.9,0.0,0.0,0.0,0.0338,0.05,upv,upv,0.0,0.0,0.0,0.0,0.0,0.0,0.0,0.0,0.0,0.0,0.0,0.0,0.0,0.0,0.0,0.0,0.0,0.0,140.2,2.6,0.27,16.6,1057.1,0.06,140.4,48.1,188.5,0.0,0.0,0.0,0.0,0.0,0.0,0.0,0.0,0.0,0.0,0.0,0.0,0.0,0.0,0.0,0.0,0.0,1.7,2069.4,2071.2,4701.2,4701.2,0.0,0.0,0.0,0.0,0.0,285.8,0.0,0.0,0.0,0.0,0.0,0.0,0.0,4415.4,0.0,0.0
2050-07-21 10:00:00,2050-07-21 08:00:00,2188.4,3240.3,0.0,0.0,5428.7,2108.9,0.0,0.0,0.0,0.0363,0.0572,upv,upv,0.0,0.0,0.0,0.0,0.0,0.0,0.0,0.0,0.0,0.0,0.0,0.0,0.0,0.0,0.0,0.0,0.0,0.0,140.6,2.7,0.27,16.6,1059.9,0.06,140.7,48.2,189.0,0.0,0.0,0.0,0.0,0.0,0.0,0.0,0.0,0.0,0.0,0.0,0.0,0.0,0.0,0.0,0.0,0.0,2.9,2890.4,2893.2,5428.7,5428.7,0.0,0.0,0.0,0.0,0.0,351.1,0.0,0.0,0.0,0.0,0.0,0.0,0.0,5077.6,0.0,0.0
2050-07-21 11:00:00,2050-07-21 09:00:00,2386.3,3402.2,0.0,0.0,5788.5,2295.0,0.0,0.0,0.0,0.0383,0.0624,upv,upv,0.0,0.0,0.0,0.0,0.0,0.0,0.0,0.0,0.0,0.0,0.0,0.0,0.0,0.0,0.0,0.0,0.0,0.0,140.9,2.7,0.27,16.6,1062.0,0.06,141.0,48.3,189.3,0.0,0.0,0.0,0.0,0.0,0.0,0.0,0.0,0.0,0.0,0.0,0.0,0.0,0.0,0.0,0.0,0.0,6.1,3245.9,3252.0,5788.5,5788.5,0.0,0.0,0.0,0.0,0.0,381.5,0.0,0.0,0.0,0.0,0.0,0.0,0.0,5407.0,0.0,0.0
2050-07-21 12:00:00,2050-07-21 10:00:00,2528.4,3178.2,0.0,0.0,5706.7,2428.0,-0.0,0.0,0.0,0.0397,0.0661,upv,upv,0.0,0.0,0.0,0.0,0.0,0.0,0.0,0.0,0.0,0.0,0.0,0.0,0.0,0.0,0.0,0.0,0.0,0.0,141.1,2.7,0.27,16.7,1063.6,0.06,141.2,48.4,189.6,0.0,0.0,0.0,0.0,0.0,0.0,0.0,0.0,0.0,0.0,0.0,0.0,0.0,0.0,0.0,0.0,0.0,12.9,3435.5,3448.3,5706.7,5706.7,0.0,0.0,0.0,0.0,0.0,385.8,0.0,0.0,0.0,0.0,0.0,0.0,0.0,5320.9,0.0,0.0
2050-07-21 13:00:00,2050-07-21 11:00:00,2656.8,3819.8,0.0,0.0,6476.7,2547.7,0.0,0.0,0.0,0.0411,0.0695,upv,upv,0.0,0.0,0.0,0.0,0.0,0.0,0.0,0.0,0.0,0.0,0.0,0.0,0.0,0.0,0.0,0.0,0.0,0.0,141.3,2.7,0.27,16.7,1065.1,0.06,141.4,48.5,189.9,0.0,0.0,0.0,0.0,0.0,0.0,0.0,0.0,0.0,0.0,0.0,0.0,0.0,0.0,0.0,0.0,0.0,10.1,2861.2,2871.2,6476.7,6476.7,0.0,0.0,0.0,0.0,0.0,394.1,0.0,0.0,0.0,0.0,0.0,0.0,0.0,6082.6,0.0,0.0
2050-07-21 14:00:00,2050-07-21 12:00:00,2798.9,3435.1,0.0,0.0,6234.0,2679.7,-0.0,0.0,0.0,0.0426,0.0732,upv,upv,0.0,0.0,0.0,0.0,0.0,0.0,0.0,0.0,0.0,0.0,0.0,0.0,0.0,0.0,0.0,0.0,0.0,0.0,141.5,2.7,0.27,16.7,1066.9,0.06,141.7,48.5,190.2,0.0,0.0,0.0,0.0,0.0,0.0,0.0,0.0,0.0,0.0,0.0,0.0,0.0,0.0,0.0,0.0,0.0,0.0,2542.1,2542.1,6234.0,6234.0,0.0,0.0,0.0,0.0,0.0,367.0,0.0,0.0,0.0,0.0,0.0,0.0,0.0,5787.7,79.3,0.0
2050-07-21 15:00:00,2050-07-21 13:00:00,2932.6,3938.4,0.0,0.0,6871.0,2803.3,0.0,0.0,0.0,0.0441,0.0767,upv,upv,0.0,0.0,0.0,0.0,0.0,0.0,0.0,0.0,0.0,0.0,0.0,0.0,0.0,0.0,0.0,0.0,0.0,0.0,141.7,2.7,0.27,16.7,1068.5,0.06,141.9,48.6,190.5,0.0,0.0,0.0,0.0,0.0,0.0,0.0,0.0,0.0,0.0,0.0,0.0,0.0,0.0,0.0,0.0,0.0,0.0,1876.5,1876.5,6871.0,6871.0,0.0,0.0,0.0,0.0,0.0,367.4,0.0,0.0,0.0,0.0,0.0,0.0,0.0,6459.8,43.8,0.0
2050-07-21 16:00:00,2050-07-21 14:00:00,3062.1,3322.5,0.0,9.1,6393.6,2922.6,-1392.4,0.0,1392.4,0.0455,0.0801,battery,upv,0.0,0.0,0.0,0.0,0.0,0.0,0.0,0.0,0.0,0.0,0.0,0.0,0.0,0.0,0.0,0.0,0.0,0.0,141.9,2.7,0.27,16.8,1070.1,0.06,142.1,48.7,190.8,0.0,0.0,0.0,0.0,0.0,0.0,0.0,0.0,0.0,0.0,0.0,0.0,0.0,0.0,0.0,0.0,0.0,14.5,0.0,14.5,7786.0,7786.0,0.0,0.0,0.0,0.0,0.0,328.6,0.0,0.0,0.0,0.0,0.0,0.0,0.0,7457.4,0.0,0.0
2050-07-21 17:00:00,2050-07-21 15:00:00,3204.2,1609.5,0.0,11.1,4824.7,3053.1,-1665.8,0.0,1665.8,0.0472,0.0838,upv,upv,0.0,0.0,0.0,0.0,0.0,0.0,0.0,0.0,0.0,0.0,0.0,0.0,0.0,0.0,0.0,0.0,0.0,0.0,142.2,2.7,0.27,16.8,1072.0,0.06,142.4,48.8,191.1,0.0,0.0,0.0,0.0,0.0,0.0,0.0,0.0,0.0,4.49,0.0,0.0,4.49,4.9,0.0,0.0,4.9,0.0,0.0,0.0,6490.6,6490.6,0.0,0.0,0.0,0.0,0.0,272.8,0.0,0.0,0.0,0.0,0.0,0.0,0.0,6190.8,26.9,0.0
2050-07-21 18:00:00,2050-07-21 16:00:00,3322.1,0.0,0.0,0.6,3322.7,3160.9,36.0,36.0,0.0,0.0485,0.0869,battery,upv,0.0,0.0,0.0,0.0,0.0,0.0,0.0,0.0,0.0,0.0,0.0,0.0,0.0,0.0,0.0,0.0,0.0,0.0,144.3,2.7,0.27,17.0,1087.8,0.06,144.4,49.5,193.9,0.0,0.0,0.0,0.0,0.0,0.0,0.0,0.0,0.0,9.83,0.0,0.0,9.83,10.76,0.0,0.0,10.76,0.0,0.0,0.0,3286.6,3286.6,0.0,0.0,0.0,0.0,0.0,137.2,0.0,0.0,0.0,0.0,0.0,0.0,0.0,3114.8,34.6,0.0
2050-07-21 19:00:00,2050-07-21 17:00:00,3396.8,0.0,0.0,3.7,3400.5,3229.1,2321.4,0.0,563.0,0.0494,0.0888,battery,gas-cc,98.1,1.8,0.18,11.6,740.2,0.04,98.2,33.7,131.8,103.6,2.0,0.2,12.2,781.6,0.05,103.7,35.6,139.2,144.6,2.7,0.27,17.1,1089.3,0.06,144.8,49.6,194.4,430.3,8.1,0.81,50.8,3247.4,0.19,430.8,147.7,578.5,41.69,0.0,0.0,41.69,45.75,0.0,0.0,45.75,0.0,0.0,0.0,3963.5,1079.1,1811.7,0.0,0.0,0.0,0.0,44.9,1072.7,0.0,0.0,0.0,0.0,0.0,0.0,1019.4,14.7,0.0
2050-07-21 20:00:00,2050-07-21 18:00:00,3423.2,0.0,0.0,10.7,3433.8,3253.1,3205.2,0.0,1640.0,0.0497,0.0895,battery,gas-cc,76.6,1.4,0.14,9.1,578.2,0.03,76.7,26.3,103.0,81.3,1.5,0.15,9.6,613.4,0.04,81.4,27.9,109.3,148.0,2.8,0.28,17.5,1115.8,0.06,148.2,50.8,198.9,424.9,8.0,0.8,50.2,3206.7,0.18,425.4,145.8,571.2,41.69,0.0,0.0,41.69,45.79,0.0,0.0,45.79,0.0,0.0,0.0,5073.8,228.7,3772.4,0.0,0.0,0.0,0.0,8.5,1072.7,0.0,0.0,0.0,0.0,0.0,0.0,193.3,26.9,0.0
2050-07-21 21:00:00,2050-07-21 19:00:00,3278.9,0.0,0.0,9.3,3288.2,3121.5,3256.1,0.0,1426.3,0.048,0.0857,battery,gas-cc,82.5,1.6,0.16,9.7,622.3,0.04,82.5,28.3,110.8,87.3,1.6,0.16,10.3,658.7,0.04,87.4,30.0,117.3,175.6,3.3,0.33,20.7,1324.4,0.08,175.8,60.2,236.0,428.9,8.1,0.81,50.7,3236.5,0.19,429.4,147.2,576.5,41.69,224.86,0.0,266.55,45.6,245.95,0.0,291.55,0.0,0.0,0.0,4714.5,32.1,3609.7,0.0,0.0,0.0,0.0,0.0,1072.7,0.0,0.0,0.0,0.0,0.0,0.0,0.0,32.1,0.0
2050-07-21 22:00:00,2050-07-21 20:00:00,3033.7,0.0,0.0,10.7,3044.3,2896.5,2999.3,0.0,1640.0,0.0452,0.0793,battery,gas-cc,83.0,1.6,0.16,9.8,626.3,0.04,83.1,28.5,111.6,87.6,1.7,0.17,10.4,661.0,0.04,87.7,30.1,117.8,148.1,2.8,0.28,17.5,1116.8,0.06,148.3,50.8,199.1,420.2,7.9,0.79,49.6,3171.2,0.18,420.7,144.2,564.9,41.69,0.0,0.0,41.69,45.28,0.0,0.0,45.28,0.0,0.0,0.0,4684.3,45.1,3566.5,0.0,0.0,0.0,0.0,0.0,1072.7,0.0,0.0,0.0,0.0,0.0,0.0,0.0,45.1,0.0
2050-07-21 23:00:00,2050-07-21 21:00:00,2827.4,0.0,0.0,8.4,2835.8,2706.0,2792.1,0.0,1297.0,0.0429,0.0739,battery,gas-cc,94.1,1.8,0.18,11.1,709.8,0.04,94.2,32.3,126.4,98.9,1.9,0.19,11.7,746.5,0.04,99.0,34.0,133.0,165.1,3.1,0.31,19.5,1245.0,0.07,165.3,56.6,221.9,423.4,8.0,0.8,50.0,3195.2,0.18,423.9,145.3,569.2,41.69,0.0,0.0,41.69,45.02,0.0,0.0,45.02,0.0,0.0,0.0,4132.8,43.7,3016.4,0.0,0.0,0.0,0.0,0.0,1072.7,0.0,0.0,0.0,0.0,0.0,0.0,0.0,43.7,0.0
2050-07-22 00:00:00,2050-07-21 22:00:00,2569.5,0.0,0.0,4.4,2573.9,2466.3,2547.3,0.0,679.6,0.0402,0.0672,gas-cc,gas-cc,119.5,2.3,0.23,14.1,901.7,0.05,119.6,41.0,160.6,125.1,2.4,0.24,14.8,943.8,0.05,125.2,42.9,168.1,146.7,2.8,0.28,17.3,1105.7,0.06,146.8,50.3,197.1,420.4,7.9,0.79,49.7,3172.1,0.18,420.8,144.2,565.0,41.69,0.0,0.0,41.69,44.69,0.0,0.0,44.69,0.0,0.0,0.0,3253.5,26.6,2154.2,0.0,0.0,0.0,0.0,0.0,1072.7,0.0,0.0,0.0,0.0,0.0,0.0,0.0,26.6,0.0
2050-07-22 01:00:00,2050-07-21 23:00:00,2363.2,0.0,0.0,7.6,2370.8,2273.3,2360.8,0.0,1172.9,0.038,0.0618,battery,gas-cc,109.7,2.1,0.21,13.0,827.8,0.05,109.8,37.6,147.5,114.6,2.2,0.22,13.6,865.1,0.05,114.8,39.4,154.1,146.8,2.8,0.28,17.3,1107.0,0.06,147.0,50.4,197.4,417.9,7.9,0.79,49.4,3153.9,0.18,418.4,143.4,561.8,41.69,0.0,0.0,41.69,44.44,0.0,0.0,44.44,0.0,0.0,0.0,3543.7,10.0,2461.0,0.0,0.0,0.0,0.0,0.0,1072.7,0.0,0.0,0.0,0.0,0.0,0.0,0.0,10.0,0.0
2050-07-22 02:00:00,2050-07-22 00:00:00,2115.8,0.0,0.0,8.5,2124.3,2040.4,2121.2,0.0,1309.4,0.0356,0.0553,gas-cc,gas-cc,113.2,2.1,0.21,13.4,854.4,0.05,113.3,38.8,152.2,118.0,2.2,0.22,14.0,890.4,0.05,118.1,40.5,158.6,147.6,2.8,0.28,17.4,1112.6,0.06,147.7,50.6,198.4,415.1,7.8,0.78,49.0,3132.3,0.18,415.5,142.4,558.0,41.69,0.0,0.0,41.69,44.13,0.0,0.0,44.13,0.0,0.0,0.0,3433.7,3.1,2357.9,0.0,0.0,0.0,0.0,0.0,1072.7,0.0,0.0,0.0,0.0,0.0,0.0,0.0,3.1,0.0
2050-07-22 03:00:00,2050-07-22 01:00:00,1920.0,0.0,0.0,6.9,1926.9,1854.9,1922.4,0.0,1068.1,0.0339,0.0502,gas-cc,gas-cc,129.8,2.4,0.24,15.3,979.5,0.06,129.9,44.5,174.5,134.9,2.5,0.25,16.0,1018.0,0.06,135.0,46.3,181.4,154.2,2.9,0.29,18.2,1162.6,0.07,154.4,52.9,207.3,412.8,7.8,0.78,48.8,3115.4,0.18,413.3,141.7,554.9,41.69,0.0,0.0,41.69,43.89,0.0,0.0,43.89,0.0,0.0,0.0,2995.0,4.5,1917.8,0.0,0.0,0.0,0.0,0.0,1072.7,0.0,0.0,0.0,0.0,0.0,0.0,0.0,4.5,0.0
2050-07-22 04:00:00,2050-07-22 02:00:00,1773.7,0.0,0.0,0.6,1774.3,1715.7,1761.8,0.0,99.0,0.0327,0.0464,gas-cc,gas-cc,207.5,3.9,0.39,24.5,1566.0,0.09,207.7,71.2,279.0,214.9,4.1,0.41,25.4,1621.7,0.09,215.1,73.7,288.9,185.3,3.5,0.35,21.9,1397.4,0.08,185.5,63.6,249.1,411.2,7.7,0.77,48.6,3102.9,0.18,411.6,141.1,552.7,41.69,0.0,0.0,41.69,43.72,0.0,0.0,43.72,0.0,0.0,0.0,1873.3,12.5,788.1,0.0,0.0,0.0,0.0,0.0,1072.7,0.0,0.0,0.0,0.0,0.0,0.0,0.0,12.5,0.0
2050-07-22 05:00:00,2050-07-22 03:00:00,1652.6,0.0,0.0,0.0,1652.6,1600.1,1630.5,0.0,0.0,0.0318,0.0432,battery,gas-cc,235.2,4.4,0.44,27.8,1775.1,0.1,235.5,80.7,316.2,243.3,4.6,0.46,28.7,1835.7,0.11,243.5,83.5,327.0,284.9,5.4,0.54,33.7,2149.6,0.12,285.2,97.7,382.9,404.4,7.6,0.76,47.8,3051.5,0.18,404.8,138.8,543.6,41.69,0.0,0.0,41.69,43.57,0.0,0.0,43.57,0.0,0.0,0.0,1652.6,22.2,557.7,0.0,0.0,0.0,0.0,0.0,1072.7,0.0,0.0,0.0,0.0,0.0,0.0,0.0,22.2,0.0
2050-07-22 06:00:00,2050-07-22 04:00:00,1590.5,0.0,0.0,0.0,1590.5,1540.6,1551.0,0.0,0.0,0.0314,0.0416,battery,gas-cc,244.4,4.6,0.46,28.9,1844.5,0.11,244.7,83.9,328.6,252.6,4.8,0.48,29.8,1906.2,0.11,252.9,86.7,339.6,268.5,5.1,0.51,31.7,2025.6,0.12,268.8,92.1,360.9,403.7,7.6,0.76,47.7,3046.3,0.17,404.1,138.5,542.6,41.69,0.0,0.0,41.69,43.5,0.0,0.0,43.5,0.0,0.0,0.0,1590.5,39.5,478.3,0.0,0.0,0.0,0.0,0.0,1072.7,0.0,0.0,0.0,0.0,0.0,0.0,0.0,39.5,0.0
2050-07-22 07:00:00,2050-07-22 05:00:00,1551.6,0.0,0.0,1.6,1553.1,1503.2,808.3,0.0,240.8,0.0312,0.0406,gas-cc,gas-cc,211.9,4.0,0.4,25.0,1599.2,0.09,212.2,72.7,284.9,218.7,4.1,0.41,25.8,1650.7,0.09,219.0,75.1,294.0,160.0,3.0,0.3,18.9,1206.7,0.07,160.2,54.9,215.1,377.7,7.1,0.71,44.6,2850.4,0.16,378.1,129.6,507.7,33.36,0.0,0.0,33.36,34.77,0.0,0.0,34.77,0.0,0.0,0.0,1793.9,744.9,0.0,0.0,0.0,0.0,0.0,29.1,1049.1,0.0,0.0,0.0,0.0,0.0,0.0,659.1,56.7,0.0
2050-07-22 08:00:00,2050-07-22 06:00:00,1549.5,3079.4,0.0,0.0,4628.9,1501.2,0.0,0.0,0.0,0.0311,0.0405,upv,upv,0.0,0.0,0.0,0.0,0.0,0.0,0.0,0.0,0.0,0.0,0.0,0.0,0.0,0.0,0.0,0.0,0.0,0.0,139.8,2.6,0.26,16.5,1054.2,0.06,140.0,48.0,187.9,0.0,0.0,0.0,0.0,0.0,0.0,0.0,0.0,0.0,0.0,0.0,0.0,0.0,0.0,0.0,0.0,0.0,0.0,306.7,306.7,4628.9,4628.9,0.0,0.0,0.0,0.0,0.0,205.7,0.0,0.0,0.0,0.0,0.0,0.0,0.0,4362.3,60.9,0.0
2050-07-22 09:00:00,2050-07-22 07:00:00,1675.8,3211.2,0.0,0.0,4887.0,1622.2,0.0,0.0,0.0,0.032,0.0438,upv,upv,0.0,0.0,0.0,0.0,0.0,0.0,0.0,0.0,0.0,0.0,0.0,0.0,0.0,0.0,0.0,0.0,0.0,0.0,140.0,2.6,0.26,16.5,1055.1,0.06,140.1,48.0,188.1,0.0,0.0,0.0,0.0,0.0,0.0,0.0,0.0,0.0,0.0,0.0,0.0,0.0,0.0,0.0,0.0,0.0,0.0,3342.6,3342.6,4887.0,4887.0,0.0,0.0,0.0,0.0,0.0,345.2,0.0,0.0,0.0,0.0,0.0,0.0,0.0,4489.6,52.2,0.0
2050-07-22 10:00:00,2050-07-22 08:00:00,1866.3,3882.9,0.0,0.0,5749.2,1803.9,0.0,0.0,0.0,0.0334,0.0488,upv,upv,0.0,0.0,0.0,0.0,0.0,0.0,0.0,0.0,0.0,0.0,0.0,0.0,0.0,0.0,0.0,0.0,0.0,0.0,140.2,2.6,0.27,16.6,1056.7,0.06,140.3,48.1,188.4,0.0,0.0,0.0,0.0,0.0,0.0,0.0,0.0,0.0,0.0,0.0,0.0,0.0,0.0,0.0,0.0,0.0,0.0,3763.4,3763.4,5749.2,5749.2,0.0,0.0,0.0,0.0,0.0,398.8,0.0,0.0,0.0,0.0,0.0,0.0,0.0,5290.2,60.2,0.0
2050-07-22 11:00:00,2050-07-22 09:00:00,2074.7,4019.6,0.0,0.0,6094.3,2001.6,0.0,0.0,0.0,0.0353,0.0543,upv,upv,0.0,0.0,0.0,0.0,0.0,0.0,0.0,0.0,0.0,0.0,0.0,0.0,0.0,0.0,0.0,0.0,0.0,0.0,140.4,2.7,0.27,16.6,1058.7,0.06,140.6,48.2,188.7,0.0,0.0,0.0,0.0,0.0,0.0,0.0,0.0,0.0,0.0,0.0,0.0,0.0,0.0,0.0,0.0,0.0,0.0,3847.0,3847.0,6094.3,6094.3,0.0,0.0,0.0,0.0,0.0,416.1,0.0,0.0,0.0,0.0,0.0,0.0,0.0,5594.3,83.9,0.0
2050-07-22 12:00:00,2050-07-22 10:00:00,2306.3,3240.3,0.0,0.0,5546.6,2219.9,0.0,0.0,0.0,0.0375,0.0603,upv,upv,0.0,0.0,0.0,0.0,0.0,0.0,0.0,0.0,0.0,0.0,0.0,0.0,0.0,0.0,0.0,0.0,0.0,0.0,140.8,2.7,0.27,16.6,1061.5,0.06,141.0,48.3,189.2,0.0,0.0,0.0,0.0,0.0,0.0,0.0,0.0,0.0,0.0,0.0,0.0,0.0,0.0,0.0,0.0,0.0,0.0,4327.6,4327.6,5546.6,5546.6,0.0,0.0,0.0,0.0,0.0,412.9,0.0,0.0,0.0,0.0,0.0,0.0,0.0,5042.6,91.1,0.0
2050-07-22 13:00:00,2050-07-22 11:00:00,2523.2,3240.3,0.0,0.0,5763.4,2423.1,-0.0,0.0,0.0,0.0397,0.066,upv,upv,0.0,0.0,0.0,0.0,0.0,0.0,0.0,0.0,0.0,0.0,0.0,0.0,0.0,0.0,0.0,0.0,0.0,0.0,141.1,2.7,0.27,16.7,1063.6,0.06,141.2,48.4,189.6,0.0,0.0,0.0,0.0,0.0,0.0,0.0,0.0,0.0,0.0,0.0,0.0,0.0,0.0,0.0,0.0,0.0,0.0,3888.1,3888.1,5763.4,5763.4,0.0,0.0,0.0,0.0,0.0,403.5,0.0,0.0,0.0,0.0,0.0,0.0,0.0,5268.8,91.1,0.0
2050-07-22 14:00:00,2050-07-22 12:00:00,2708.4,3240.3,0.0,0.0,5948.7,2595.6,0.0,0.0,0.0,0.0416,0.0708,upv,upv,0.0,0.0,0.0,0.0,0.0,0.0,0.0,0.0,0.0,0.0,0.0,0.0,0.0,0.0,0.0,0.0,0.0,0.0,141.4,2.7,0.27,16.7,1065.8,0.06,141.5,48.5,190.0,0.0,0.0,0.0,0.0,0.0,0.0,0.0,0.0,0.0,0.0,0.0,0.0,0.0,0.0,0.0,0.0,0.0,0.0,2762.9,2762.9,5948.7,5948.7,0.0,0.0,0.0,0.0,0.0,364.0,0.0,0.0,0.0,0.0,0.0,0.0,0.0,5495.8,88.9,0.0
2050-07-22 15:00:00,2050-07-22 13:00:00,2873.7,3211.2,0.0,0.0,6084.9,2748.8,0.0,0.0,0.0,0.0434,0.0752,upv,upv,0.0,0.0,0.0,0.0,0.0,0.0,0.0,0.0,0.0,0.0,0.0,0.0,0.0,0.0,0.0,0.0,0.0,0.0,141.6,2.7,0.27,16.7,1067.8,0.06,141.8,48.6,190.4,0.0,0.0,0.0,0.0,0.0,0.0,0.0,0.0,0.0,0.0,0.0,0.0,0.0,0.0,0.0,0.0,0.0,0.0,1257.4,1257.4,6084.9,6084.9,0.0,0.0,0.0,0.0,0.0,306.0,0.0,0.0,0.0,0.0,0.0,0.0,0.0,5689.5,89.3,0.0
2050-07-22 16:00:00,2050-07-22 14:00:00,2966.3,2431.9,0.0,2.9,5401.1,2834.4,-445.2,0.0,445.2,0.0445,0.0776,upv,upv,0.0,0.0,0.0,0.0,0.0,0.0,0.0,0.0,0.0,0.0,0.0,0.0,0.0,0.0,0.0,0.0,0.0,0.0,141.8,2.7,0.27,16.8,1068.8,0.06,141.9,48.6,190.5,0.0,0.0,0.0,0.0,0.0,0.0,0.0,0.0,0.0,4.53,0.0,0.0,4.53,4.91,0.0,0.0,4.91,0.0,0.0,0.0,5846.3,5846.3,0.0,0.0,0.0,0.0,0.0,243.4,0.0,0.0,0.0,0.0,0.0,0.0,0.0,5525.2,77.6,0.0
2050-07-22 17:00:00,2050-07-22 15:00:00,3069.5,1609.5,0.0,5.5,4684.4,2929.4,815.7,815.7,0.0,0.0456,0.0803,battery,hydro,0.0,0.0,0.0,0.0,0.0,0.0,0.0,0.0,0.0,0.0,0.0,0.0,0.2,0.5,0.0,0.0,0.2,0.2,143.5,2.7,0.27,17.0,1081.6,0.06,143.6,49.2,192.8,0.0,0.0,0.0,0.0,0.0,0.0,0.0,0.0,0.0,9.9,0.0,0.0,9.9,10.77,0.0,0.0,10.77,0.0,0.0,0.0,3868.7,3868.7,0.0,0.0,0.0,0.0,0.0,157.4,0.0,0.0,0.0,0.0,0.0,0.0,0.0,3573.6,137.7,0.0
2050-07-22 18:00:00,2050-07-22 16:00:00,3149.5,0.0,0.0,10.2,3159.7,3002.9,1121.4,1121.4,0.0,0.0465,0.0824,battery,hydro,0.0,0.0,0.0,0.0,0.0,0.0,0.0,0.0,0.0,0.0,0.0,0.0,0.3,0.7,0.01,0.0,0.3,0.3,142.2,2.7,0.27,16.8,1072.1,0.06,142.4,48.8,191.1,0.0,0.0,0.0,0.0,0.0,0.0,0.0,0.0,0.0,14.14,0.0,0.0,14.14,15.41,0.0,0.0,15.41,0.0,0.0,0.0,2038.3,2038.3,0.0,0.0,0.0,0.0,0.0,77.2,0.0,0.0,0.0,0.0,0.0,0.0,0.0,1751.3,209.8,0.0
2050-07-22 19:00:00,2050-07-22 17:00:00,3113.7,0.0,0.0,6.7,3120.3,2970.1,2230.4,0.0,1023.4,0.0461,0.0814,battery,gas-cc,93.8,1.8,0.18,11.1,708.0,0.04,93.9,32.2,126.1,98.8,1.9,0.19,11.7,745.7,0.04,98.9,33.9,132.8,146.2,2.8,0.28,17.3,1102.0,0.06,146.3,50.1,196.5,426.9,8.0,0.8,50.4,3221.3,0.19,427.3,146.5,573.8,41.69,0.0,0.0,41.69,45.39,0.0,0.0,45.39,0.0,0.0,0.0,4143.8,889.9,2181.1,0.0,0.0,0.0,0.0,31.5,1072.7,0.0,0.0,0.0,0.0,0.0,0.0,714.5,144.0,0.0
2050-07-22 20:00:00,2050-07-22 18:00:00,3058.9,0.0,0.0,10.7,3069.6,2919.7,2922.4,0.0,1640.0,0.0455,0.08,battery,gas-cc,82.5,1.6,0.16,9.8,622.9,0.04,82.6,28.3,111.0,87.1,1.6,0.16,10.3,657.5,0.04,87.2,29.9,117.1,184.1,3.5,0.35,21.7,1388.4,0.08,184.3,63.1,247.4,420.5,7.9,0.79,49.7,3173.5,0.18,421.0,144.3,565.3,41.69,0.0,0.0,41.69,45.31,0.0,0.0,45.31,0.0,0.0,0.0,4709.6,147.2,3489.6,0.0,0.0,0.0,0.0,3.7,1072.7,0.0,0.0,0.0,0.0,0.0,0.0,84.7,58.8,0.0
2050-07-22 21:00:00,2050-07-22 19:00:00,2850.5,0.0,0.0,10.7,2861.2,2727.4,2830.6,0.0,1640.0,0.0432,0.0745,battery,gas-cc,86.4,1.6,0.16,10.2,651.8,0.04,86.5,29.6,116.1,90.9,1.7,0.17,10.8,686.1,0.04,91.0,31.2,122.2,147.2,2.8,0.28,17.4,1109.7,0.06,147.3,50.5,197.8,418.1,7.9,0.79,49.4,3154.8,0.18,418.5,143.4,562.0,41.69,0.0,0.0,41.69,45.05,0.0,0.0,45.05,0.0,0.0,0.0,4501.2,30.6,3397.8,0.0,0.0,0.0,0.0,0.0,1072.7,0.0,0.0,0.0,0.0,0.0,0.0,0.0,30.6,0.0
2050-07-22 22:00:00,2050-07-22 20:00:00,2606.3,0.0,0.0,10.7,2617.0,2500.6,2606.3,0.0,1640.0,0.0405,0.0682,battery,gas-cc,91.3,1.7,0.17,10.8,689.1,0.04,91.4,31.3,122.8,95.8,1.8,0.18,11.3,723.2,0.04,95.9,32.9,128.8,165.7,3.1,0.31,19.6,1249.8,0.07,165.9,56.8,222.8,415.2,7.8,0.78,49.0,3133.2,0.18,415.6,142.5,558.1,41.69,0.0,0.0,41.69,44.74,0.0,0.0,44.74,0.0,0.0,0.0,4256.9,10.7,3173.5,0.0,0.0,0.0,0.0,0.0,1072.7,0.0,0.0,0.0,0.0,0.0,0.0,0.0,10.7,0.0
2050-07-22 23:00:00,2050-07-22 21:00:00,2373.7,0.0,0.0,7.4,2381.1,2283.2,2358.8,0.0,1145.8,0.0381,0.0621,battery,gas-cc,110.2,2.1,0.21,13.0,831.8,0.05,110.3,37.8,148.2,115.2,2.2,0.22,13.6,869.3,0.05,115.3,39.5,154.9,241.1,4.5,0.45,28.5,1819.0,0.1,241.4,82.7,324.1,418.1,7.9,0.79,49.4,3154.8,0.18,418.5,143.4,562.0,41.69,0.0,0.0,41.69,44.45,0.0,0.0,44.45,0.0,0.0,0.0,3526.9,22.3,2431.9,0.0,0.0,0.0,0.0,0.0,1072.7,0.0,0.0,0.0,0.0,0.0,0.0,0.0,22.3,0.0
2050-07-23 00:00:00,2050-07-22 22:00:00,2204.2,0.0,0.0,9.9,2214.1,2123.8,2172.1,0.0,1527.4,0.0365,0.0576,battery,gas-cc,103.9,2.0,0.2,12.3,784.1,0.05,104.0,35.7,139.7,108.4,2.0,0.2,12.8,818.4,0.05,108.6,37.2,145.8,149.5,2.8,0.28,17.7,1127.1,0.07,149.7,51.3,200.9,416.1,7.8,0.78,49.2,3140.0,0.18,416.5,142.8,559.3,41.69,0.0,0.0,41.69,44.24,0.0,0.0,44.24,0.0,0.0,0.0,3741.5,42.0,2626.7,0.0,0.0,0.0,0.0,0.0,1072.7,0.0,0.0,0.0,0.0,0.0,0.0,0.0,42.0,0.0
2050-07-23 01:00:00,2050-07-22 23:00:00,2041.1,0.0,0.0,6.9,2047.9,1969.7,2024.0,0.0,1058.3,0.0349,0.0534,gas-cc,gas-cc,125.2,2.4,0.24,14.8,944.4,0.05,125.3,42.9,168.2,130.2,2.5,0.25,15.4,982.9,0.06,130.4,44.7,175.1,146.9,2.8,0.28,17.4,1107.9,0.06,147.1,50.4,197.5,414.2,7.8,0.78,48.9,3125.8,0.18,414.7,142.1,556.8,41.69,0.0,0.0,41.69,44.04,0.0,0.0,44.04,0.0,0.0,0.0,3106.3,23.9,2009.6,0.0,0.0,0.0,0.0,0.0,1072.7,0.0,0.0,0.0,0.0,0.0,0.0,0.0,23.9,0.0
2050-07-23 02:00:00,2050-07-23 00:00:00,1868.4,0.0,0.0,6.1,1874.5,1805.9,1871.8,0.0,937.4,0.0335,0.0489,gas-cc,gas-cc,138.3,2.6,0.26,16.3,1043.3,0.06,138.4,47.4,185.8,143.6,2.7,0.27,17.0,1083.4,0.06,143.7,49.3,193.0,151.1,2.9,0.29,17.8,1138.9,0.07,151.2,51.8,203.0,412.3,7.8,0.78,48.7,3111.0,0.18,412.7,141.5,554.2,41.69,0.0,0.0,41.69,43.83,0.0,0.0,43.83,0.0,0.0,0.0,2811.9,2.7,1736.5,0.0,0.0,0.0,0.0,0.0,1072.7,0.0,0.0,0.0,0.0,0.0,0.0,0.0,2.7,0.0
2050-07-23 03:00:00,2050-07-23 01:00:00,1734.7,0.0,0.0,10.2,1744.9,1678.5,1743.0,0.0,1566.8,0.0324,0.0454,battery,gas-cc,117.4,2.2,0.22,13.9,885.8,0.05,117.5,40.3,157.8,121.9,2.3,0.23,14.4,919.9,0.05,122.0,41.8,163.9,229.6,4.3,0.43,27.1,1732.1,0.1,229.9,78.8,308.6,410.7,7.7,0.77,48.5,3099.6,0.18,411.2,140.9,552.1,41.69,0.0,0.0,41.69,43.67,0.0,0.0,43.67,0.0,0.0,0.0,3311.7,1.9,2237.1,0.0,0.0,0.0,0.0,0.0,1072.7,0.0,0.0,0.0,0.0,0.0,0.0,0.0,1.9,0.0
2050-07-23 04:00:00,2050-07-23 02:00:00,1618.9,0.0,0.0,3.5,1622.4,1567.8,1613.2,0.0,531.0,0.0316,0.0423,battery,gas-cc,180.5,3.4,0.34,21.3,1362.4,0.08,180.7,61.9,242.7,186.8,3.5,0.35,22.1,1410.0,0.08,187.1,64.1,251.2,204.0,3.8,0.39,24.1,1539.0,0.09,204.2,70.0,274.2,409.4,7.7,0.77,48.4,3089.8,0.18,409.9,140.5,550.4,41.69,0.0,0.0,41.69,43.53,0.0,0.0,43.53,0.0,0.0,0.0,2153.4,9.2,1071.4,0.0,0.0,0.0,0.0,0.0,1072.7,0.0,0.0,0.0,0.0,0.0,0.0,0.0,9.2,0.0
2050-07-23 05:00:00,2050-07-23 03:00:00,1549.5,0.0,0.0,3.8,1553.3,1501.2,1544.7,0.0,583.9,0.0311,0.0405,battery,gas-cc,181.9,3.4,0.34,21.5,1372.7,0.08,182.1,62.4,244.5,188.2,3.5,0.35,22.2,1420.0,0.08,188.4,64.6,253.0,308.3,5.8,0.58,36.4,2326.1,0.13,308.7,105.8,414.4,408.7,7.7,0.77,48.3,3083.9,0.18,409.1,140.2,549.3,41.69,0.0,0.0,41.69,43.45,0.0,0.0,43.45,0.0,0.0,0.0,2137.2,8.5,1055.9,0.0,0.0,0.0,0.0,0.0,1072.7,0.0,0.0,0.0,0.0,0.0,0.0,0.0,8.5,0.0
2050-07-23 06:00:00,2050-07-23 04:00:00,1505.3,0.0,0.0,4.2,1509.5,1458.8,1501.9,0.0,651.2,0.0309,0.0394,battery,gas-cc,179.9,3.4,0.34,21.3,1357.8,0.08,180.1,61.7,241.9,186.1,3.5,0.35,22.0,1404.3,0.08,186.3,63.9,250.2,205.5,3.9,0.39,24.3,1550.0,0.09,205.7,70.5,276.2,408.2,7.7,0.77,48.2,3080.2,0.18,408.6,140.1,548.7,41.69,0.0,0.0,41.69,43.4,0.0,0.0,43.4,0.0,0.0,0.0,2160.7,7.6,1080.3,0.0,0.0,0.0,0.0,0.0,1072.7,0.0,0.0,0.0,0.0,0.0,0.0,0.0,7.6,0.0
2050-07-23 07:00:00,2050-07-23 05:00:00,1461.1,0.0,0.0,4.7,1465.7,1416.3,1375.5,302.8,0.0,0.0306,0.0382,gas-cc,gas-cc,334.3,6.3,0.63,39.5,2522.5,0.14,334.6,114.7,449.3,273.6,5.2,0.52,32.3,2064.7,0.12,273.9,93.9,367.8,129.0,2.4,0.24,15.2,972.8,0.06,129.2,44.3,173.4,365.8,6.9,0.69,43.2,2760.1,0.16,366.2,125.5,491.7,38.24,0.0,0.0,38.24,39.76,0.0,0.0,39.76,0.0,0.0,0.0,1163.0,90.3,0.0,0.0,0.0,0.0,0.0,3.4,1072.7,0.0,0.0,0.0,0.0,0.0,0.0,78.1,8.7,0.0
2050-07-23 08:00:00,2050-07-23 06:00:00,1437.9,1306.9,0.0,12.1,2756.9,1394.0,1243.2,1243.2,0.0,0.0305,0.0376,battery,gas-cc,0.0,0.0,0.0,0.0,0.0,0.0,0.0,0.0,0.0,0.0,0.0,0.0,0.6,1.4,0.01,0.0,0.7,0.7,139.7,2.6,0.26,16.5,1053.5,0.06,139.9,47.9,187.8,361.4,6.8,0.68,42.7,2726.9,0.16,361.7,124.0,485.7,32.26,0.0,0.0,32.26,33.52,0.0,0.0,33.52,0.0,0.0,0.0,1513.7,1513.7,0.0,0.0,0.0,0.0,0.0,63.5,0.0,0.0,0.0,0.0,0.0,0.0,0.0,1441.1,9.1,0.0
2050-07-23 09:00:00,2050-07-23 07:00:00,1544.2,2941.7,0.0,4.3,4490.3,1496.2,668.2,668.2,0.0,0.0311,0.0404,upv,upv,0.0,0.0,0.0,0.0,0.0,0.0,0.0,0.0,0.0,0.0,0.0,0.0,0.2,0.5,0.0,0.0,0.2,0.2,139.8,2.6,0.26,16.5,1054.2,0.06,140.0,48.0,187.9,0.0,0.0,0.0,0.0,0.0,0.0,0.0,0.0,0.0,0.02,0.0,0.0,0.02,0.02,0.0,0.0,0.02,0.0,0.0,0.0,3822.1,3822.1,0.0,0.0,0.0,0.0,0.0,161.0,0.0,0.0,0.0,0.0,0.0,0.0,0.0,3654.4,6.7,0.0
2050-07-23 10:00:00,2050-07-23 08:00:00,1724.2,4019.6,0.0,0.0,5743.8,1668.5,0.0,0.0,0.0,0.0323,0.0451,upv,upv,0.0,0.0,0.0,0.0,0.0,0.0,0.0,0.0,0.0,0.0,0.0,0.0,0.0,0.0,0.0,0.0,0.0,0.0,140.0,2.6,0.26,16.5,1055.5,0.06,140.2,48.0,188.2,0.0,0.0,0.0,0.0,0.0,0.0,0.0,0.0,0.0,0.0,0.0,0.0,0.0,0.0,0.0,0.0,0.0,10.3,186.8,197.1,5743.8,5743.8,0.0,0.0,0.0,0.0,0.0,250.3,0.0,0.0,0.0,0.0,0.0,0.0,0.0,5493.5,0.0,0.0
2050-07-23 11:00:00,2050-07-23 09:00:00,1930.5,4019.6,0.0,0.0,5950.1,1864.9,0.0,0.0,0.0,0.034,0.0505,upv,upv,0.0,0.0,0.0,0.0,0.0,0.0,0.0,0.0,0.0,0.0,0.0,0.0,0.0,0.0,0.0,0.0,0.0,0.0,140.2,2.6,0.27,16.6,1057.3,0.06,140.4,48.1,188.5,0.0,0.0,0.0,0.0,0.0,0.0,0.0,0.0,0.0,0.0,0.0,0.0,0.0,0.0,0.0,0.0,0.0,0.0,901.6,901.6,5950.1,5950.1,0.0,0.0,0.0,0.0,0.0,288.4,0.0,0.0,0.0,0.0,0.0,0.0,0.0,5641.4,20.3,0.0
2050-07-23 12:00:00,2050-07-23 10:00:00,2144.2,4019.6,0.0,0.0,6163.8,2067.2,0.0,0.0,0.0,0.0359,0.0561,upv,upv,0.0,0.0,0.0,0.0,0.0,0.0,0.0,0.0,0.0,0.0,0.0,0.0,0.0,0.0,0.0,0.0,0.0,0.0,140.5,2.7,0.27,16.6,1059.4,0.06,140.7,48.2,188.9,0.0,0.0,0.0,0.0,0.0,0.0,0.0,0.0,0.0,0.0,0.0,0.0,0.0,0.0,0.0,0.0,0.0,0.0,805.9,805.9,6163.8,6163.8,0.0,0.0,0.0,0.0,0.0,292.7,0.0,0.0,0.0,0.0,0.0,0.0,0.0,5837.2,33.9,0.0
2050-07-23 13:00:00,2050-07-23 11:00:00,2348.4,3953.2,0.0,0.0,6301.6,2259.4,1.7,1.7,0.0,0.0379,0.0614,battery,upv,0.0,0.0,0.0,0.0,0.0,0.0,0.0,0.0,0.0,0.0,0.0,0.0,0.0,0.0,0.0,0.0,0.0,0.0,140.8,2.7,0.27,16.6,1061.7,0.06,141.0,48.3,189.3,0.0,0.0,0.0,0.0,0.0,0.0,0.0,0.0,0.0,0.02,0.0,0.0,0.02,0.02,0.0,0.0,0.02,0.0,0.0,0.0,6299.9,6299.9,0.0,0.0,0.0,0.0,0.0,264.0,0.0,0.0,0.0,0.0,0.0,0.0,0.0,5990.5,45.5,0.0
2050-07-23 14:00:00,2050-07-23 12:00:00,2541.1,3307.7,0.0,5.2,5853.9,2439.8,797.9,797.9,0.0,0.0399,0.0665,battery,upv,0.0,0.0,0.0,0.0,0.0,0.0,0.0,0.0,0.0,0.0,0.0,0.0,0.1,0.3,0.0,0.0,0.2,0.2,141.2,2.7,0.27,16.7,1064.6,0.06,141.4,48.4,189.8,0.0,0.0,0.0,0.0,0.0,0.0,0.0,0.0,0.0,0.02,0.0,0.0,0.02,0.02,0.0,0.0,0.02,0.0,0.0,0.0,5056.0,5056.0,0.0,0.0,0.0,0.0,0.0,211.7,0.0,0.0,0.0,0.0,0.0,0.0,0.0,4804.7,39.7,0.0
2050-07-23 15:00:00,2050-07-23 13:00:00,2693.7,2431.9,0.0,5.3,5130.8,2581.9,802.9,802.9,0.0,0.0415,0.0704,battery,upv,0.0,0.0,0.0,0.0,0.0,0.0,0.0,0.0,0.0,0.0,0.0,0.0,0.2,0.4,0.0,0.0,0.2,0.2,141.4,2.7,0.27,16.7,1065.8,0.06,141.5,48.5,190.0,0.0,0.0,0.0,0.0,0.0,0.0,0.0,0.0,0.0,0.02,0.0,0.0,0.02,0.02,0.0,0.0,0.02,0.0,0.0,0.0,4327.9,4327.9,0.0,0.0,0.0,0.0,0.0,179.8,0.0,0.0,0.0,0.0,0.0,0.0,0.0,4080.9,67.2,0.0
2050-07-23 16:00:00,2050-07-23 14:00:00,2778.9,2163.8,0.0,12.1,4954.8,2661.1,1243.2,1243.2,0.0,0.0424,0.0727,battery,gas-cc,0.0,0.0,0.0,0.0,0.0,0.0,0.0,0.0,0.0,0.0,0.0,0.0,0.2,0.5,0.0,0.0,0.2,0.2,141.5,2.7,0.27,16.7,1066.6,0.06,141.6,48.5,190.2,375.0,7.1,0.71,44.3,2830.0,0.16,375.4,128.7,504.1,32.26,0.0,0.0,32.26,34.79,0.0,0.0,34.79,0.0,0.0,0.0,3711.7,3711.7,0.0,0.0,0.0,0.0,0.0,151.3,0.0,0.0,0.0,0.0,0.0,0.0,0.0,3434.7,125.7,0.0
2050-07-23 17:00:00,2050-07-23 15:00:00,2873.7,352.0,0.0,12.1,3237.8,2748.8,1243.2,1243.2,0.0,0.0434,0.0752,battery,gas-cc,0.0,0.0,0.0,0.0,0.0,0.0,0.0,0.0,0.0,0.0,0.0,0.0,0.3,0.8,0.01,0.0,0.4,0.4,142.2,2.7,0.27,16.8,1072.3,0.06,142.4,48.8,191.2,376.0,7.1,0.71,44.4,2837.6,0.16,376.4,129.0,505.5,32.26,0.0,0.0,32.26,34.88,0.0,0.0,34.88,0.0,0.0,0.0,1994.6,1994.6,0.0,0.0,0.0,0.0,0.0,80.9,0.0,0.0,0.0,0.0,0.0,0.0,0.0,1835.3,78.5,0.0
2050-07-23 18:00:00,2050-07-23 16:00:00,2928.4,552.3,0.0,12.1,3492.8,2799.4,1243.2,1243.2,0.0,0.044,0.0766,battery,gas-cc,0.0,0.0,0.0,0.0,0.0,0.0,0.0,0.0,0.0,0.0,0.0,0.0,0.3,0.7,0.01,0.0,0.3,0.3,141.8,2.7,0.27,16.8,1069.0,0.06,142.0,48.6,190.6,376.6,7.1,0.71,44.5,2842.0,0.16,377.0,129.2,506.2,32.26,0.0,0.0,32.26,34.94,0.0,0.0,34.94,0.0,0.0,0.0,2249.7,2249.7,0.0,0.0,0.0,0.0,0.0,94.3,0.0,0.0,0.0,0.0,0.0,0.0,0.0,2139.0,16.4,0.0
2050-07-23 19:00:00,2050-07-23 17:00:00,2961.1,0.0,0.0,6.8,2967.9,2829.5,1466.8,0.0,580.0,0.0444,0.0774,battery,gas-cc,109.6,2.1,0.21,12.9,826.9,0.05,109.7,37.6,147.3,114.9,2.2,0.22,13.6,867.1,0.05,115.0,39.4,154.5,151.2,2.9,0.29,17.9,1140.2,0.07,151.4,51.9,203.3,472.3,8.9,0.89,55.8,3564.4,0.2,472.9,162.1,634.9,37.99,0.0,0.0,37.99,41.18,0.0,0.0,41.18,0.0,0.0,0.0,3547.9,1501.1,974.1,0.0,0.0,0.0,0.0,61.2,1072.7,0.0,0.0,0.0,0.0,0.0,0.0,1388.6,51.3,0.0
2050-07-23 20:00:00,2050-07-23 18:00:00,2891.6,0.0,0.0,9.4,2900.9,2765.4,2647.5,0.0,1441.6,0.0436,0.0756,battery,gas-cc,89.5,1.7,0.17,10.6,675.6,0.04,89.6,30.7,120.3,94.2,1.8,0.18,11.1,711.0,0.04,94.3,32.3,126.7,164.9,3.1,0.31,19.5,1243.2,0.07,165.1,56.5,221.6,424.9,8.0,0.8,50.2,3206.0,0.18,425.3,145.8,571.1,37.99,0.0,0.0,37.99,41.1,0.0,0.0,41.1,0.0,0.0,0.0,4342.6,253.5,3016.4,0.0,0.0,0.0,0.0,5.9,1072.7,0.0,0.0,0.0,0.0,0.0,0.0,135.0,112.5,0.0
2050-07-23 21:00:00,2050-07-23 19:00:00,2729.5,0.0,0.0,10.6,2740.1,2615.2,2650.1,0.0,1633.8,0.0419,0.0714,battery,gas-cc,88.9,1.7,0.17,10.5,670.7,0.04,89.0,30.5,119.5,93.4,1.8,0.18,11.1,704.9,0.04,93.5,32.1,125.6,157.4,3.0,0.3,18.6,1186.8,0.07,157.6,54.0,211.6,436.8,8.2,0.82,51.6,3296.3,0.19,437.3,149.9,587.2,37.99,0.0,0.0,37.99,40.91,0.0,0.0,40.91,0.0,0.0,0.0,4373.9,90.0,3211.2,0.0,0.0,0.0,0.0,0.0,1072.7,0.0,0.0,0.0,0.0,0.0,0.0,0.0,90.0,0.0
2050-07-23 22:00:00,2050-07-23 20:00:00,2603.2,0.0,0.0,10.2,2613.3,2497.7,2524.2,0.0,1564.9,0.0405,0.0681,battery,gas-cc,93.0,1.8,0.18,11.0,702.1,0.04,93.1,31.9,125.1,97.6,1.8,0.18,11.5,736.5,0.04,97.7,33.5,131.2,145.3,2.7,0.27,17.2,1095.4,0.06,145.5,49.8,195.3,435.3,8.2,0.82,51.4,3284.7,0.19,435.7,149.4,585.1,37.99,0.0,0.0,37.99,40.76,0.0,0.0,40.76,0.0,0.0,0.0,4178.2,89.1,3016.4,0.0,0.0,0.0,0.0,0.0,1072.7,0.0,0.0,0.0,0.0,0.0,0.0,0.0,89.1,0.0
2050-07-23 23:00:00,2050-07-23 21:00:00,2480.0,0.0,0.0,5.2,2485.2,2382.7,2439.6,0.0,805.2,0.0392,0.0649,battery,gas-cc,118.1,2.2,0.22,14.0,891.6,0.05,118.3,40.5,158.8,123.5,2.3,0.23,14.6,932.3,0.05,123.7,42.4,166.1,147.3,2.8,0.28,17.4,1110.6,0.06,147.5,50.5,198.0,433.8,8.2,0.82,51.2,3273.4,0.19,434.2,148.8,583.1,37.99,0.0,0.0,37.99,40.62,0.0,0.0,40.62,0.0,0.0,0.0,3290.5,45.6,2172.1,0.0,0.0,0.0,0.0,0.0,1072.7,0.0,0.0,0.0,0.0,0.0,0.0,0.0,45.6,0.0
2050-07-24 00:00:00,2050-07-23 22:00:00,2334.7,0.0,0.0,9.9,2344.7,2246.6,2327.8,0.0,1527.6,0.0377,0.0611,wind-ons,wind-ons,100.4,1.9,0.19,11.9,757.6,0.04,100.5,34.4,135.0,105.0,2.0,0.2,12.4,792.0,0.05,105.1,36.0,141.1,146.6,2.8,0.28,17.3,1105.3,0.06,146.8,50.3,197.0,0.0,0.0,0.0,0.0,0.0,0.0,0.0,0.0,0.0,37.73,0.0,0.0,37.73,40.19,0.0,0.0,40.19,0.0,0.0,0.0,3872.2,16.9,2782.6,0.0,0.0,0.0,0.0,0.0,1072.7,0.0,0.0,0.0,0.0,0.0,0.0,0.0,16.9,0.0
2050-07-24 01:00:00,2050-07-23 23:00:00,2149.5,0.0,0.0,8.9,2158.4,2072.2,2141.5,0.0,1366.9,0.0359,0.0562,battery,gas-cc,110.3,2.1,0.21,13.0,832.2,0.05,110.4,37.8,148.2,115.0,2.2,0.22,13.6,867.7,0.05,115.1,39.5,154.6,145.1,2.7,0.27,17.1,1094.1,0.06,145.3,49.8,195.0,432.4,8.1,0.81,51.1,3263.1,0.19,432.9,148.4,581.3,37.73,0.0,0.0,37.73,39.98,0.0,0.0,39.98,0.0,0.0,0.0,3525.2,16.9,2435.6,0.0,0.0,0.0,0.0,0.0,1072.7,0.0,0.0,0.0,0.0,0.0,0.0,0.0,16.9,0.0
2050-07-24 02:00:00,2050-07-24 00:00:00,1937.9,0.0,0.0,10.7,1948.6,1871.9,1933.7,0.0,1640.0,0.034,0.0507,battery,gas-cc,108.3,2.0,0.2,12.8,817.5,0.05,108.5,37.2,145.6,112.7,2.1,0.21,13.3,850.9,0.05,112.9,38.7,151.6,143.9,2.7,0.27,17.0,1085.1,0.06,144.1,49.4,193.4,429.9,8.1,0.81,50.8,3244.1,0.19,430.4,147.5,577.9,37.73,0.0,0.0,37.73,39.75,0.0,0.0,39.75,0.0,0.0,0.0,3588.5,14.9,2500.9,0.0,0.0,0.0,0.0,0.0,1072.7,0.0,0.0,0.0,0.0,0.0,0.0,0.0,14.9,0.0
2050-07-24 03:00:00,2050-07-24 01:00:00,1796.8,0.0,0.0,3.5,1800.3,1737.8,1784.8,0.0,532.3,0.0329,0.047,battery,gas-cc,166.7,3.1,0.31,19.7,1257.7,0.07,166.8,57.2,224.0,172.8,3.3,0.33,20.4,1303.9,0.08,173.0,59.3,232.3,142.9,2.7,0.27,16.9,1077.0,0.06,143.0,49.0,192.0,406.0,7.7,0.77,48.0,3064.1,0.18,406.5,139.3,545.8,37.73,0.0,0.0,37.73,39.59,0.0,0.0,39.59,0.0,0.0,0.0,2332.6,15.5,1244.4,0.0,0.0,0.0,0.0,0.0,1072.7,0.0,0.0,0.0,0.0,0.0,0.0,0.0,15.5,0.0
2050-07-24 04:00:00,2050-07-24 02:00:00,1695.8,0.0,0.0,6.6,1702.4,1641.3,1698.4,0.0,1012.5,0.0321,0.0443,battery,gas-cc,143.2,2.7,0.27,16.9,1080.6,0.06,143.4,49.1,192.5,148.5,2.8,0.28,17.6,1120.4,0.06,148.6,51.0,199.6,144.8,2.7,0.27,17.1,1091.5,0.06,144.9,49.7,194.6,385.6,7.3,0.73,45.6,2910.0,0.17,386.0,132.3,518.4,37.73,0.0,0.0,37.73,39.49,0.0,0.0,39.49,0.0,0.0,0.0,2714.8,4.0,1638.1,0.0,0.0,0.0,0.0,0.0,1072.7,0.0,0.0,0.0,0.0,0.0,0.0,0.0,4.0,0.0
2050-07-24 05:00:00,2050-07-24 03:00:00,1613.7,0.0,0.0,0.0,1613.7,1562.8,1612.4,0.0,0.0,0.0315,0.0422,battery,gas-cc,240.9,4.5,0.45,28.5,1818.0,0.1,241.2,82.7,323.8,249.0,4.7,0.47,29.4,1879.4,0.11,249.3,85.5,334.8,145.8,2.8,0.28,17.2,1098.9,0.06,145.9,50.0,195.9,426.1,8.0,0.8,50.3,3215.3,0.18,426.5,146.2,572.7,37.73,0.0,0.0,37.73,39.4,0.0,0.0,39.4,0.0,0.0,0.0,1613.7,1.3,539.6,0.0,0.0,0.0,0.0,0.0,1072.7,0.0,0.0,0.0,0.0,0.0,0.0,0.0,1.3,0.0
2050-07-24 06:00:00,2050-07-24 04:00:00,1585.3,0.0,0.0,4.3,1589.6,1535.5,1588.6,0.0,660.8,0.0314,0.0415,battery,gas-cc,172.8,3.3,0.33,20.4,1303.7,0.07,172.9,59.3,232.2,178.8,3.4,0.34,21.1,1349.3,0.08,179.0,61.4,240.4,144.2,2.7,0.27,17.0,1087.0,0.06,144.3,49.4,193.8,416.1,7.8,0.78,49.2,3139.8,0.18,416.5,142.8,559.3,37.73,0.0,0.0,37.73,39.37,0.0,0.0,39.37,0.0,0.0,0.0,2250.3,1.0,1176.6,0.0,0.0,0.0,0.0,0.0,1072.7,0.0,0.0,0.0,0.0,0.0,0.0,0.0,1.0,0.0
2050-07-24 07:00:00,2050-07-24 05:00:00,1601.1,0.0,0.0,0.7,1601.7,1550.7,971.4,0.0,101.3,0.0315,0.0419,battery,gas-cc,228.3,4.3,0.43,27.0,1722.6,0.1,228.5,78.3,306.8,235.7,4.4,0.44,27.8,1778.6,0.1,235.9,80.9,316.8,144.8,2.7,0.27,17.1,1091.9,0.06,145.0,49.7,194.7,416.3,7.8,0.78,49.2,3141.1,0.18,416.7,142.8,559.5,37.73,0.0,0.0,37.73,39.38,0.0,0.0,39.38,0.0,0.0,0.0,1703.0,630.3,0.0,0.0,0.0,0.0,0.0,26.6,1072.7,0.0,0.0,0.0,0.0,0.0,0.0,603.4,0.3,0.0
2050-07-24 08:00:00,2050-07-24 06:00:00,1685.3,1524.1,0.0,13.9,3223.2,1631.3,-1594.2,0.0,1594.2,0.032,0.0441,battery,upv,0.0,0.0,0.0,0.0,0.0,0.0,0.0,0.0,0.0,0.0,0.0,0.0,0.0,0.0,0.0,0.0,0.0,0.0,140.0,2.6,0.26,16.5,1055.2,0.06,140.1,48.0,188.1,0.0,0.0,0.0,0.0,0.0,0.0,0.0,0.0,0.0,0.23,0.0,0.0,0.23,0.24,0.0,0.0,0.24,0.0,0.0,0.0,4817.4,4817.4,0.0,0.0,0.0,0.0,0.0,203.4,0.0,0.0,0.0,0.0,0.0,0.0,0.0,4614.0,0.0,0.0
2050-07-24 09:00:00,2050-07-24 07:00:00,1904.2,3340.5,0.0,28.9,5273.6,1839.9,-2816.0,0.0,2816.0,0.0338,0.0498,battery,upv,0.0,0.0,0.0,0.0,0.0,0.0,0.0,0.0,0.0,0.0,0.0,0.0,0.0,0.0,0.0,0.0,0.0,0.0,140.2,2.6,0.27,16.6,1057.1,0.06,140.4,48.1,188.5,0.0,0.0,0.0,0.0,0.0,0.0,0.0,0.0,0.0,0.0,0.0,0.0,0.0,0.0,0.0,0.0,0.0,0.0,0.0,0.0,8089.6,8089.6,0.0,0.0,0.0,0.0,0.0,341.4,0.0,0.0,0.0,0.0,0.0,0.0,0.0,7748.2,0.0,0.0
2050-07-24 10:00:00,2050-07-24 08:00:00,2198.9,3299.1,0.0,28.9,5526.9,2118.9,-2816.0,0.0,2816.0,0.0364,0.0575,upv,upv,0.0,0.0,0.0,0.0,0.0,0.0,0.0,0.0,0.0,0.0,0.0,0.0,0.0,0.0,0.0,0.0,0.0,0.0,140.6,2.7,0.27,16.6,1060.0,0.06,140.8,48.2,189.0,0.0,0.0,0.0,0.0,0.0,0.0,0.0,0.0,0.0,0.0,0.0,0.0,0.0,0.0,0.0,0.0,0.0,0.0,893.6,893.6,8342.9,8342.9,0.0,0.0,0.0,0.0,0.0,389.8,0.0,0.0,0.0,0.0,0.0,0.0,0.0,7953.2,0.0,0.0
2050-07-24 11:00:00,2050-07-24 09:00:00,2389.5,3824.8,0.0,28.9,6243.1,2298.0,-2816.0,0.0,2816.0,0.0383,0.0625,upv,upv,0.0,0.0,0.0,0.0,0.0,0.0,0.0,0.0,0.0,0.0,0.0,0.0,0.0,0.0,0.0,0.0,0.0,0.0,140.9,2.7,0.27,16.6,1062.2,0.06,141.1,48.3,189.4,0.0,0.0,0.0,0.0,0.0,0.0,0.0,0.0,0.0,0.0,0.0,0.0,0.0,0.0,0.0,0.0,0.0,0.0,575.7,575.7,9059.1,9059.1,0.0,0.0,0.0,0.0,0.0,406.7,0.0,0.0,0.0,0.0,0.0,0.0,0.0,8652.4,0.0,0.0
2050-07-24 12:00:00,2050-07-24 10:00:00,2515.8,3629.9,0.0,28.9,6174.6,2416.2,-2816.0,0.0,2816.0,0.0396,0.0658,upv,upv,0.0,0.0,0.0,0.0,0.0,0.0,0.0,0.0,0.0,0.0,0.0,0.0,0.0,0.0,0.0,0.0,0.0,0.0,141.1,2.7,0.27,16.7,1064.0,0.06,141.3,48.4,189.7,0.0,0.0,0.0,0.0,0.0,0.0,0.0,0.0,0.0,0.0,0.0,0.0,0.0,0.0,0.0,0.0,0.0,0.0,1150.1,1150.1,8990.6,8990.6,0.0,0.0,0.0,0.0,0.0,428.0,0.0,0.0,0.0,0.0,0.0,0.0,0.0,8562.6,0.0,0.0
2050-07-24 13:00:00,2050-07-24 11:00:00,2631.6,3406.0,0.0,28.9,6066.5,2524.2,-2816.0,0.0,2816.0,0.0408,0.0688,upv,upv,0.0,0.0,0.0,0.0,0.0,0.0,0.0,0.0,0.0,0.0,0.0,0.0,0.0,0.0,0.0,0.0,0.0,0.0,141.3,2.7,0.27,16.7,1065.3,0.06,141.5,48.5,189.9,0.0,0.0,0.0,0.0,0.0,0.0,0.0,0.0,0.0,0.0,0.0,0.0,0.0,0.0,0.0,0.0,0.0,0.4,1022.0,1022.4,8882.5,8882.5,0.0,0.0,0.0,0.0,0.0,417.9,0.0,0.0,0.0,0.0,0.0,0.0,0.0,8464.6,0.0,0.0
2050-07-24 14:00:00,2050-07-24 12:00:00,2745.3,3373.1,0.0,28.9,6147.2,2629.9,-2816.0,0.0,2816.0,0.042,0.0718,upv,upv,0.0,0.0,0.0,0.0,0.0,0.0,0.0,0.0,0.0,0.0,0.0,0.0,0.0,0.0,0.0,0.0,0.0,0.0,141.4,2.7,0.27,16.7,1066.3,0.06,141.6,48.5,190.1,0.0,0.0,0.0,0.0,0.0,0.0,0.0,0.0,0.0,0.0,0.0,0.0,0.0,0.0,0.0,0.0,0.0,10.8,496.0,506.8,8963.2,8963.2,0.0,0.0,0.0,0.0,0.0,399.1,0.0,0.0,0.0,0.0,0.0,0.0,0.0,8564.1,0.0,0.0
2050-07-24 15:00:00,2050-07-24 13:00:00,2855.8,3211.2,0.0,28.9,6095.9,2732.3,-2816.0,0.0,2816.0,0.0432,0.0747,upv,upv,0.0,0.0,0.0,0.0,0.0,0.0,0.0,0.0,0.0,0.0,0.0,0.0,0.0,0.0,0.0,0.0,0.0,0.0,141.6,2.7,0.27,16.7,1067.6,0.06,141.8,48.6,190.3,0.0,0.0,0.0,0.0,0.0,0.0,0.0,0.0,0.0,0.0,0.0,0.0,0.0,0.0,0.0,0.0,0.0,0.0,103.2,103.2,8911.9,8911.9,0.0,0.0,0.0,0.0,0.0,378.6,0.0,0.0,0.0,0.0,0.0,0.0,0.0,8491.6,41.7,0.0
2050-07-24 16:00:00,2050-07-24 14:00:00,2937.9,3040.5,0.0,28.9,6007.3,2808.2,-2816.0,0.0,2816.0,0.0442,0.0768,upv,upv,0.0,0.0,0.0,0.0,0.0,0.0,0.0,0.0,0.0,0.0,0.0,0.0,0.0,0.0,0.0,0.0,0.0,0.0,141.8,2.7,0.27,16.7,1068.8,0.06,141.9,48.6,190.5,0.0,0.0,0.0,0.0,0.0,0.0,0.0,0.0,0.0,0.0,0.0,0.0,0.0,0.0,0.0,0.0,0.0,28.2,62.4,90.6,8823.3,8823.3,0.0,0.0,0.0,0.0,0.0,375.0,0.0,0.0,0.0,0.0,0.0,0.0,0.0,8448.4,0.0,0.0
2050-07-24 17:00:00,2050-07-24 15:00:00,3067.4,2250.0,0.0,28.9,5346.3,2927.5,-2816.0,0.0,2816.0,0.0456,0.0802,battery,upv,0.0,0.0,0.0,0.0,0.0,0.0,0.0,0.0,0.0,0.0,0.0,0.0,0.0,0.0,0.0,0.0,0.0,0.0,142.0,2.7,0.27,16.8,1070.3,0.06,142.1,48.7,190.8,0.0,0.0,0.0,0.0,0.0,0.0,0.0,0.0,0.0,0.23,0.0,0.0,0.23,0.25,0.0,0.0,0.25,0.0,0.0,0.0,8162.3,8162.3,0.0,0.0,0.0,0.0,0.0,340.3,0.0,0.0,0.0,0.0,0.0,0.0,0.0,7722.4,99.6,0.0
2050-07-24 18:00:00,2050-07-24 16:00:00,3190.5,267.3,0.0,28.9,3486.7,3040.6,-2816.0,0.0,2816.0,0.047,0.0834,battery,upv,0.0,0.0,0.0,0.0,0.0,0.0,0.0,0.0,0.0,0.0,0.0,0.0,0.0,0.0,0.0,0.0,0.0,0.0,142.2,2.7,0.27,16.8,1072.3,0.06,142.4,48.8,191.2,0.0,0.0,0.0,0.0,0.0,0.0,0.0,0.0,0.0,0.23,0.0,0.0,0.23,0.25,0.0,0.0,0.25,0.0,0.0,0.0,6302.7,6302.7,0.0,0.0,0.0,0.0,0.0,262.4,0.0,0.0,0.0,0.0,0.0,0.0,0.0,5955.0,85.4,0.0
2050-07-24 19:00:00,2050-07-24 17:00:00,3298.9,0.0,0.0,18.3,3317.2,3139.8,-424.8,0.0,2132.9,0.0482,0.0863,battery,gas-cc,71.3,1.3,0.13,8.4,538.3,0.03,71.4,24.5,95.9,75.0,1.4,0.14,8.9,566.3,0.03,75.1,25.8,100.9,143.8,2.7,0.27,17.0,1083.9,0.06,143.9,49.3,193.2,463.9,8.7,0.87,54.8,3500.8,0.2,464.4,159.2,623.6,37.73,0.0,0.0,37.73,41.3,0.0,0.0,41.3,0.0,0.0,0.0,5450.2,3742.1,635.4,0.0,0.0,0.0,0.0,156.4,1072.7,0.0,0.0,0.0,0.0,0.0,0.0,3547.8,37.9,0.0
2050-07-24 20:00:00,2050-07-24 18:00:00,3361.1,0.0,0.0,6.7,3367.8,3196.5,2663.3,0.0,1036.1,0.049,0.0879,battery,gas-cc,88.3,1.7,0.17,10.4,666.1,0.04,88.4,30.3,118.7,93.3,1.8,0.18,11.0,704.4,0.04,93.4,32.0,125.5,152.3,2.9,0.29,18.0,1148.0,0.07,152.4,52.2,204.6,404.0,7.6,0.76,47.7,3049.0,0.18,404.5,138.6,543.1,37.73,0.0,0.0,37.73,41.37,0.0,0.0,41.37,0.0,0.0,0.0,4403.9,704.4,2626.7,0.0,0.0,0.0,0.0,28.7,1072.7,0.0,0.0,0.0,0.0,0.0,0.0,652.3,23.4,0.0
2050-07-24 21:00:00,2050-07-24 19:00:00,3273.7,0.0,0.0,9.3,3283.0,3116.7,3273.8,0.0,1428.9,0.048,0.0856,battery,gas-cc,82.5,1.6,0.16,9.7,622.6,0.04,82.6,28.3,110.9,87.3,1.6,0.16,10.3,659.1,0.04,87.4,30.0,117.4,149.6,2.8,0.28,17.7,1128.3,0.07,149.8,51.3,201.1,403.0,7.6,0.76,47.6,3041.4,0.17,403.5,138.3,541.8,37.73,47.08,0.0,84.82,41.27,51.49,0.0,92.76,0.0,0.0,0.0,4711.8,9.2,3629.9,0.0,0.0,0.0,0.0,0.0,1072.7,0.0,0.0,0.0,0.0,0.0,0.0,0.0,9.2,0.0
2050-07-24 22:00:00,2050-07-24 20:00:00,3115.8,0.0,0.0,8.3,3124.1,2972.0,3101.0,0.0,1283.7,0.0462,0.0815,battery,gas-cc,88.2,1.7,0.17,10.4,665.6,0.04,88.3,30.3,118.6,93.1,1.8,0.18,11.0,702.7,0.04,93.2,32.0,125.2,147.2,2.8,0.28,17.4,1109.6,0.06,147.3,50.5,197.8,441.6,8.3,0.83,52.2,3332.6,0.19,442.1,151.5,593.6,37.73,0.0,0.0,37.73,41.08,0.0,0.0,41.08,0.0,0.0,0.0,4407.9,23.1,3312.0,0.0,0.0,0.0,0.0,0.0,1072.7,0.0,0.0,0.0,0.0,0.0,0.0,0.0,23.1,0.0
2050-07-24 23:00:00,2050-07-24 21:00:00,2896.8,0.0,0.0,9.9,2906.8,2770.3,2889.2,0.0,1524.6,0.0437,0.0758,battery,gas-cc,87.7,1.7,0.17,10.4,662.0,0.04,87.8,30.1,117.9,92.4,1.7,0.17,10.9,697.2,0.04,92.5,31.7,124.2,147.7,2.8,0.28,17.4,1113.3,0.06,147.8,50.6,198.5,441.6,8.3,0.83,52.2,3332.1,0.19,442.0,151.5,593.5,37.73,0.0,0.0,37.73,40.83,0.0,0.0,40.83,0.0,0.0,0.0,4431.4,17.5,3341.1,0.0,0.0,0.0,0.0,0.0,1072.7,0.0,0.0,0.0,0.0,0.0,0.0,0.0,17.5,0.0
2050-07-25 00:00:00,2050-07-24 22:00:00,2667.4,0.0,0.0,10.7,2678.0,2557.5,2669.5,0.0,1640.0,0.0412,0.0698,battery,gas-cc,90.0,1.7,0.17,10.6,679.4,0.04,90.1,30.9,121.0,94.5,1.8,0.18,11.2,713.5,0.04,94.6,32.5,127.1,145.7,2.7,0.28,17.2,1098.3,0.06,145.8,50.0,195.8,438.7,8.3,0.83,51.8,3310.6,0.19,439.2,150.5,589.7,37.99,0.0,0.0,37.99,40.84,0.0,0.0,40.84,0.0,0.0,0.0,4318.0,8.5,3236.8,0.0,0.0,0.0,0.0,0.0,1072.7,0.0,0.0,0.0,0.0,0.0,0.0,0.0,8.5,0.0
2050-07-25 01:00:00,2050-07-24 23:00:00,2414.7,0.0,0.0,9.8,2424.5,2321.6,2414.7,0.0,1508.6,0.0386,0.0631,battery,gas-cc,98.8,1.9,0.19,11.7,745.9,0.04,98.9,33.9,132.9,103.4,1.9,0.19,12.2,780.5,0.05,103.5,35.5,139.1,146.5,2.8,0.28,17.3,1104.4,0.06,146.7,50.2,196.9,433.0,8.2,0.82,51.1,3267.4,0.19,433.5,148.6,582.0,37.99,0.0,0.0,37.99,40.55,0.0,0.0,40.55,0.0,0.0,0.0,3933.2,9.8,2850.6,0.0,0.0,0.0,0.0,0.0,1072.7,0.0,0.0,0.0,0.0,0.0,0.0,0.0,9.8,0.0
2050-07-25 02:00:00,2050-07-25 00:00:00,2147.4,0.0,0.0,9.4,2156.8,2070.2,2146.5,0.0,1447.6,0.0359,0.0562,battery,gas-cc,107.9,2.0,0.2,12.7,813.9,0.05,108.0,37.0,145.0,112.5,2.1,0.21,13.3,848.8,0.05,112.6,38.6,151.2,146.2,2.8,0.28,17.3,1102.1,0.06,146.3,50.1,196.5,401.4,7.6,0.76,47.4,3028.9,0.17,401.8,137.7,539.5,37.99,0.0,0.0,37.99,40.25,0.0,0.0,40.25,0.0,0.0,0.0,3604.3,10.3,2521.3,0.0,0.0,0.0,0.0,0.0,1072.7,0.0,0.0,0.0,0.0,0.0,0.0,0.0,10.3,0.0
2050-07-25 03:00:00,2050-07-25 01:00:00,1961.1,0.0,0.0,1.3,1962.4,1893.9,1950.4,0.0,206.0,0.0342,0.0513,battery,gas-cc,179.3,3.4,0.34,21.2,1352.9,0.08,179.5,61.5,241.0,186.1,3.5,0.35,22.0,1404.2,0.08,186.3,63.9,250.1,146.0,2.8,0.28,17.2,1100.4,0.06,146.1,50.1,196.2,430.2,8.1,0.81,50.8,3246.1,0.19,430.6,147.6,578.2,37.99,0.0,0.0,37.99,40.04,0.0,0.0,40.04,0.0,0.0,0.0,2168.4,12.0,1083.6,0.0,0.0,0.0,0.0,0.0,1072.7,0.0,0.0,0.0,0.0,0.0,0.0,0.0,12.0,0.0
2050-07-25 04:00:00,2050-07-25 02:00:00,1816.8,0.0,0.0,7.3,1824.1,1756.8,1815.7,0.0,1121.4,0.033,0.0475,battery,gas-cc,132.0,2.5,0.25,15.6,996.0,0.06,132.1,45.3,177.4,137.0,2.6,0.26,16.2,1034.1,0.06,137.2,47.0,184.2,145.8,2.8,0.28,17.2,1099.2,0.06,146.0,50.0,196.0,428.5,8.1,0.81,50.6,3233.3,0.19,428.9,147.0,575.9,37.99,0.0,0.0,37.99,39.88,0.0,0.0,39.88,0.0,0.0,0.0,2945.6,8.4,1864.4,0.0,0.0,0.0,0.0,0.0,1072.7,0.0,0.0,0.0,0.0,0.0,0.0,0.0,8.4,0.0
2050-07-25 05:00:00,2050-07-25 03:00:00,1672.6,0.0,0.0,0.9,1673.5,1619.2,1667.3,0.0,135.8,0.032,0.0437,gas-cc,gas-cc,214.9,4.0,0.4,25.4,1621.4,0.09,215.1,73.7,288.8,222.3,4.2,0.42,26.3,1677.6,0.1,222.5,76.3,298.8,144.3,2.7,0.27,17.0,1087.6,0.06,144.4,49.5,193.9,372.3,7.0,0.7,44.0,2809.6,0.16,372.7,127.8,500.5,37.99,0.0,0.0,37.99,39.73,0.0,0.0,39.73,0.0,0.0,0.0,1809.3,6.2,730.3,0.0,0.0,0.0,0.0,0.0,1072.7,0.0,0.0,0.0,0.0,0.0,0.0,0.0,6.2,0.0
2050-07-25 06:00:00,2050-07-25 04:00:00,1638.9,0.0,0.0,0.0,1638.9,1587.0,1635.6,0.0,0.0,0.0317,0.0429,battery,gas-cc,237.2,4.5,0.45,28.0,1790.0,0.1,237.5,81.4,318.8,245.3,4.6,0.46,29.0,1850.8,0.11,245.5,84.2,329.7,144.9,2.7,0.27,17.1,1092.2,0.06,145.0,49.7,194.7,426.4,8.0,0.8,50.4,3217.6,0.18,426.8,146.3,573.1,37.99,0.0,0.0,37.99,39.69,0.0,0.0,39.69,0.0,0.0,0.0,1638.9,3.4,562.8,0.0,0.0,0.0,0.0,0.0,1072.7,0.0,0.0,0.0,0.0,0.0,0.0,0.0,3.4,0.0
2050-07-25 07:00:00,2050-07-25 05:00:00,1654.7,0.0,0.0,0.0,1654.7,1602.1,1169.2,0.0,0.0,0.0318,0.0433,battery,gas-cc,234.9,4.4,0.44,27.8,1772.9,0.1,235.2,80.6,315.8,242.7,4.6,0.46,28.7,1831.5,0.11,243.0,83.3,326.3,142.5,2.7,0.27,16.8,1074.6,0.06,142.7,48.9,191.6,426.6,8.0,0.8,50.4,3218.9,0.18,427.0,146.4,573.4,37.99,0.0,0.0,37.99,39.71,0.0,0.0,39.71,0.0,0.0,0.0,1654.7,485.6,96.4,0.0,0.0,0.0,0.0,20.4,1072.7,0.0,0.0,0.0,0.0,0.0,0.0,463.3,1.9,0.0
2050-07-25 08:00:00,2050-07-25 06:00:00,1734.7,2265.6,0.0,1.3,4001.6,1678.5,-196.6,0.0,196.6,0.0324,0.0454,battery,distpv,0.0,0.0,0.0,0.0,0.0,0.0,0.0,0.0,0.0,0.0,0.0,0.0,0.0,0.0,0.0,0.0,0.0,0.0,140.0,2.6,0.27,16.5,1055.6,0.06,140.2,48.0,188.2,0.0,0.0,0.0,0.0,0.0,0.0,0.0,0.0,0.0,0.02,0.0,0.0,0.02,0.02,0.0,0.0,0.02,0.0,0.0,0.0,4198.2,4198.2,0.0,0.0,0.0,0.0,0.0,177.1,0.0,0.0,0.0,0.0,0.0,0.0,0.0,4019.5,1.6,0.0
2050-07-25 09:00:00,2050-07-25 07:00:00,1932.6,3112.0,0.0,13.2,5057.8,1866.9,-1803.9,0.0,1803.9,0.034,0.0505,battery,upv,0.0,0.0,0.0,0.0,0.0,0.0,0.0,0.0,0.0,0.0,0.0,0.0,0.0,0.0,0.0,0.0,0.0,0.0,140.2,2.6,0.27,16.6,1057.3,0.06,140.4,48.1,188.5,0.0,0.0,0.0,0.0,0.0,0.0,0.0,0.0,0.0,0.0,0.0,0.0,0.0,0.0,0.0,0.0,0.0,0.0,0.0,0.0,6861.7,6861.7,0.0,0.0,0.0,0.0,0.0,289.6,0.0,0.0,0.0,0.0,0.0,0.0,0.0,6572.1,0.0,0.0
2050-07-25 10:00:00,2050-07-25 08:00:00,2167.4,3990.5,0.0,19.9,6177.7,2089.1,-2235.0,0.0,2235.0,0.0361,0.0567,upv,upv,0.0,0.0,0.0,0.0,0.0,0.0,0.0,0.0,0.0,0.0,0.0,0.0,0.0,0.0,0.0,0.0,0.0,0.0,140.6,2.7,0.27,16.6,1059.7,0.06,140.7,48.2,188.9,0.0,0.0,0.0,0.0,0.0,0.0,0.0,0.0,0.0,0.0,0.0,0.0,0.0,0.0,0.0,0.0,0.0,0.0,0.8,0.8,8412.7,8412.7,0.0,0.0,0.0,0.0,0.0,355.1,0.0,0.0,0.0,0.0,0.0,0.0,0.0,8057.6,0.0,0.0
2050-07-25 11:00:00,2050-07-25 09:00:00,2320.0,4016.1,0.0,26.0,6362.0,2232.8,-2626.5,0.0,2626.5,0.0376,0.0607,battery,upv,0.0,0.0,0.0,0.0,0.0,0.0,0.0,0.0,0.0,0.0,0.0,0.0,0.0,0.0,0.0,0.0,0.0,0.0,140.8,2.7,0.27,16.6,1061.3,0.06,140.9,48.3,189.2,0.0,0.0,0.0,0.0,0.0,0.0,0.0,0.0,0.0,0.0,0.0,0.0,0.0,0.0,0.0,0.0,0.0,0.0,0.0,0.0,8988.5,8988.5,0.0,0.0,0.0,0.0,0.0,379.3,0.0,0.0,0.0,0.0,0.0,0.0,0.0,8607.7,1.5,0.0
2050-07-25 12:00:00,2050-07-25 10:00:00,2423.2,3629.9,0.0,21.7,6074.8,2329.5,-2353.7,0.0,2353.7,0.0386,0.0634,battery,upv,0.0,0.0,0.0,0.0,0.0,0.0,0.0,0.0,0.0,0.0,0.0,0.0,0.0,0.0,0.0,0.0,0.0,0.0,147.5,2.8,0.28,17.4,1111.7,0.06,147.6,50.6,198.2,0.0,0.0,0.0,0.0,0.0,0.0,0.0,0.0,0.0,0.0,0.0,0.0,0.0,0.0,0.0,0.0,0.0,0.0,0.0,0.0,8428.5,8428.5,0.0,0.0,0.0,0.0,0.0,355.3,0.0,0.0,0.0,0.0,0.0,0.0,0.0,8064.9,8.4,0.0
2050-07-25 13:00:00,2050-07-25 11:00:00,2517.9,3600.8,0.0,24.8,6143.5,2418.1,-2552.2,0.0,2552.2,0.0396,0.0658,upv,upv,0.0,0.0,0.0,0.0,0.0,0.0,0.0,0.0,0.0,0.0,0.0,0.0,0.0,0.0,0.0,0.0,0.0,0.0,141.1,2.7,0.27,16.7,1063.5,0.06,141.2,48.4,189.6,0.0,0.0,0.0,0.0,0.0,0.0,0.0,0.0,0.0,0.0,0.0,0.0,0.0,0.0,0.0,0.0,0.0,0.0,189.4,189.4,8695.7,8695.7,0.0,0.0,0.0,0.0,0.0,374.2,0.0,0.0,0.0,0.0,0.0,0.0,0.0,8302.0,19.5,0.0
2050-07-25 14:00:00,2050-07-25 12:00:00,2649.5,3240.3,0.0,27.9,5917.6,2540.8,-2750.8,0.0,2750.8,0.041,0.0693,battery,upv,0.0,0.0,0.0,0.0,0.0,0.0,0.0,0.0,0.0,0.0,0.0,0.0,0.0,0.0,0.0,0.0,0.0,0.0,141.3,2.7,0.27,16.7,1065.1,0.06,141.4,48.4,189.9,0.0,0.0,0.0,0.0,0.0,0.0,0.0,0.0,0.0,0.0,0.0,0.0,0.0,0.0,0.0,0.0,0.0,0.0,0.0,0.0,8668.4,8668.4,0.0,0.0,0.0,0.0,0.0,364.5,0.0,0.0,0.0,0.0,0.0,0.0,0.0,8271.7,32.2,0.0
2050-07-25 15:00:00,2050-07-25 13:00:00,2740.0,3103.6,0.0,22.0,5865.6,2625.0,-2371.5,0.0,2371.5,0.042,0.0717,battery,upv,0.0,0.0,0.0,0.0,0.0,0.0,0.0,0.0,0.0,0.0,0.0,0.0,0.0,0.0,0.0,0.0,0.0,0.0,141.4,2.7,0.27,16.7,1066.1,0.06,141.6,48.5,190.1,0.0,0.0,0.0,0.0,0.0,0.0,0.0,0.0,0.0,0.0,0.0,0.0,0.0,0.0,0.0,0.0,0.0,0.0,0.0,0.0,8237.1,8237.1,0.0,0.0,0.0,0.0,0.0,345.9,0.0,0.0,0.0,0.0,0.0,0.0,0.0,7851.6,39.6,0.0
2050-07-25 16:00:00,2050-07-25 14:00:00,2798.9,2431.9,0.0,8.3,5239.2,2679.7,-1283.7,0.0,1283.7,0.0426,0.0732,battery,distpv,0.0,0.0,0.0,0.0,0.0,0.0,0.0,0.0,0.0,0.0,0.0,0.0,0.0,0.0,0.0,0.0,0.0,0.0,141.5,2.7,0.27,16.7,1066.9,0.06,141.7,48.5,190.2,0.0,0.0,0.0,0.0,0.0,0.0,0.0,0.0,0.0,0.02,0.0,0.0,0.02,0.02,0.0,0.0,0.02,0.0,0.0,0.0,6522.9,6522.9,0.0,0.0,0.0,0.0,0.0,273.2,0.0,0.0,0.0,0.0,0.0,0.0,0.0,6200.5,49.2,0.0
2050-07-25 17:00:00,2050-07-25 15:00:00,2900.0,1775.8,0.0,10.1,4685.9,2773.2,-1557.7,0.0,1557.7,0.0437,0.0758,battery,upv,0.0,0.0,0.0,0.0,0.0,0.0,0.0,0.0,0.0,0.0,0.0,0.0,0.0,0.0,0.0,0.0,0.0,0.0,141.7,2.7,0.27,16.7,1068.1,0.06,141.8,48.6,190.4,0.0,0.0,0.0,0.0,0.0,0.0,0.0,0.0,0.0,0.02,0.0,0.0,0.02,0.02,0.0,0.0,0.02,0.0,0.0,0.0,6243.6,6243.6,0.0,0.0,0.0,0.0,0.0,261.3,0.0,0.0,0.0,0.0,0.0,0.0,0.0,5929.1,53.2,0.0
2050-07-25 18:00:00,2050-07-25 16:00:00,3012.6,0.0,0.0,28.8,3041.4,2877.1,-2810.3,0.0,2810.3,0.045,0.0788,upv,upv,0.0,0.0,0.0,0.0,0.0,0.0,0.0,0.0,0.0,0.0,0.0,0.0,0.0,0.0,0.0,0.0,0.0,0.0,143.3,2.7,0.27,16.9,1080.2,0.06,143.4,49.1,192.6,0.0,0.0,0.0,0.0,0.0,0.0,0.0,0.0,0.0,4.49,0.0,0.0,4.49,4.88,0.0,0.0,4.88,0.0,0.0,0.0,5851.8,5851.8,0.0,0.0,0.0,0.0,0.0,244.9,0.0,0.0,0.0,0.0,0.0,0.0,0.0,5557.5,49.4,0.0
2050-07-25 19:00:00,2050-07-25 17:00:00,3110.5,0.0,0.0,9.1,3119.6,2967.2,-729.2,0.0,729.2,0.0461,0.0813,gas-cc,gas-cc,0.0,0.0,0.0,0.0,0.0,0.0,0.0,0.0,0.0,0.0,0.0,0.0,0.0,0.0,0.0,0.0,0.0,0.0,159.4,3.0,0.3,18.8,1201.9,0.07,159.6,54.7,214.2,382.9,7.2,0.72,45.2,2889.7,0.17,383.3,131.4,514.7,31.71,0.0,0.0,31.71,34.51,0.0,0.0,34.51,0.0,0.0,0.0,3848.8,3848.8,0.0,0.0,0.0,0.0,0.0,160.1,0.0,0.0,0.0,0.0,0.0,0.0,0.0,3635.0,53.7,0.0
2050-07-25 20:00:00,2050-07-25 18:00:00,3175.8,0.0,0.0,5.6,3181.3,3027.1,2458.8,0.0,854.1,0.0468,0.0831,battery,gas-cc,96.3,1.8,0.18,11.4,727.0,0.04,96.4,33.1,129.5,101.6,1.9,0.19,12.0,766.4,0.04,101.7,34.9,136.5,149.2,2.8,0.28,17.6,1124.6,0.06,149.3,51.2,200.5,434.9,8.2,0.82,51.4,3282.2,0.19,435.4,149.2,584.7,37.47,0.0,0.0,37.47,40.86,0.0,0.0,40.86,0.0,0.0,0.0,4035.4,722.5,2240.2,0.0,0.0,0.0,0.0,28.0,1072.7,0.0,0.0,0.0,0.0,0.0,0.0,635.3,59.2,0.0
2050-07-25 21:00:00,2050-07-25 19:00:00,3113.7,0.0,0.0,10.7,3124.3,2970.1,3065.3,0.0,1640.0,0.0461,0.0814,battery,gas-cc,81.6,1.5,0.15,9.6,615.8,0.04,81.7,28.0,109.7,86.2,1.6,0.16,10.2,650.6,0.04,86.3,29.6,115.9,147.9,2.8,0.28,17.5,1115.2,0.06,148.1,50.7,198.8,444.3,8.4,0.84,52.5,3352.6,0.19,444.8,152.4,597.2,37.47,0.0,0.0,37.47,40.79,0.0,0.0,40.79,0.0,0.0,0.0,4764.3,59.1,3632.5,0.0,0.0,0.0,0.0,0.0,1072.7,0.0,0.0,0.0,0.0,0.0,0.0,0.0,59.1,0.0
2050-07-25 22:00:00,2050-07-25 20:00:00,2984.2,0.0,0.0,10.7,2994.9,2850.9,2949.2,0.0,1640.0,0.0447,0.078,battery,gas-cc,83.9,1.6,0.16,9.9,633.0,0.04,84.0,28.8,112.7,88.5,1.7,0.17,10.5,667.6,0.04,88.6,30.4,118.9,147.1,2.8,0.28,17.4,1109.3,0.06,147.3,50.5,197.8,442.7,8.3,0.83,52.3,3340.3,0.19,443.1,151.9,595.0,37.47,0.0,0.0,37.47,40.64,0.0,0.0,40.64,0.0,0.0,0.0,4634.8,45.7,3516.4,0.0,0.0,0.0,0.0,0.0,1072.7,0.0,0.0,0.0,0.0,0.0,0.0,0.0,45.7,0.0
2050-07-25 23:00:00,2050-07-25 21:00:00,2742.1,0.0,0.0,10.7,2752.8,2626.9,2684.2,0.0,1640.0,0.042,0.0717,battery,gas-cc,88.5,1.7,0.17,10.5,667.8,0.04,88.6,30.4,119.0,93.0,1.8,0.18,11.0,702.0,0.04,93.1,31.9,125.1,148.3,2.8,0.28,17.5,1117.7,0.06,148.4,50.8,199.3,439.6,8.3,0.83,51.9,3317.6,0.19,440.1,150.8,591.0,37.47,0.0,0.0,37.47,40.37,0.0,0.0,40.37,0.0,0.0,0.0,4392.7,68.5,3251.5,0.0,0.0,0.0,0.0,0.0,1072.7,0.0,0.0,0.0,0.0,0.0,0.0,0.0,68.5,0.0
2050-07-26 00:00:00,2050-07-25 22:00:00,2497.9,0.0,0.0,10.7,2508.6,2399.4,2429.2,0.0,1640.0,0.0394,0.0653,battery,gas-cc,93.7,1.8,0.18,11.1,707.2,0.04,93.8,32.2,126.0,98.2,1.9,0.19,11.6,740.9,0.04,98.3,33.7,132.0,146.5,2.8,0.28,17.3,1104.8,0.06,146.7,50.3,197.0,436.6,8.2,0.82,51.6,3294.9,0.19,437.1,149.8,586.9,37.47,0.0,0.0,37.47,40.09,0.0,0.0,40.09,0.0,0.0,0.0,4148.5,79.4,2996.4,0.0,0.0,0.0,0.0,0.0,1072.7,0.0,0.0,0.0,0.0,0.0,0.0,0.0,79.4,0.0
2050-07-26 01:00:00,2050-07-25 23:00:00,2250.5,0.0,0.0,10.7,2261.2,2167.4,2167.0,0.0,1640.0,0.0369,0.0589,battery,gas-cc,99.7,1.9,0.19,11.8,752.0,0.04,99.8,34.2,134.0,104.1,2.0,0.2,12.3,785.4,0.05,104.2,35.7,139.9,178.7,3.4,0.34,21.1,1347.8,0.08,178.9,61.3,240.2,433.6,8.2,0.82,51.2,3272.2,0.19,434.1,148.8,582.9,37.47,0.0,0.0,37.47,39.81,0.0,0.0,39.81,0.0,0.0,0.0,3901.2,94.2,2734.2,0.0,0.0,0.0,0.0,0.0,1072.7,0.0,0.0,0.0,0.0,0.0,0.0,0.0,94.2,0.0
2050-07-26 02:00:00,2050-07-26 00:00:00,2017.9,0.0,0.0,10.7,2028.6,1947.8,1951.6,0.0,1640.0,0.0347,0.0528,battery,gas-cc,106.0,2.0,0.2,12.5,799.7,0.05,106.1,36.4,142.4,110.4,2.1,0.21,13.1,832.9,0.05,110.5,37.9,148.4,145.3,2.7,0.27,17.2,1095.4,0.06,145.5,49.8,195.3,430.8,8.1,0.81,50.9,3251.2,0.19,431.3,147.8,579.1,37.47,0.0,0.0,37.47,39.56,0.0,0.0,39.56,0.0,0.0,0.0,3668.5,77.0,2518.8,0.0,0.0,0.0,0.0,0.0,1072.7,0.0,0.0,0.0,0.0,0.0,0.0,0.0,77.0,0.0
2050-07-26 03:00:00,2050-07-26 01:00:00,1848.4,0.0,0.0,10.7,1859.1,1786.9,1796.4,0.0,1640.0,0.0333,0.0483,battery,gas-cc,111.1,2.1,0.21,13.1,838.4,0.05,111.2,38.1,149.3,115.5,2.2,0.22,13.7,871.7,0.05,115.6,39.7,155.3,145.4,2.7,0.28,17.2,1096.4,0.06,145.6,49.9,195.5,428.8,8.1,0.81,50.7,3236.1,0.19,429.3,147.1,576.4,37.47,0.0,0.0,37.47,39.37,0.0,0.0,39.37,0.0,0.0,0.0,3499.0,62.7,2363.6,0.0,0.0,0.0,0.0,0.0,1072.7,0.0,0.0,0.0,0.0,0.0,0.0,0.0,62.7,0.0
2050-07-26 04:00:00,2050-07-26 02:00:00,1716.8,0.0,0.0,3.6,1720.5,1661.4,1654.9,0.0,557.5,0.0323,0.0449,gas-cc,gas-cc,170.7,3.2,0.32,20.2,1287.9,0.07,170.8,58.6,229.4,176.8,3.3,0.33,20.9,1334.1,0.08,177.0,60.7,237.6,170.9,3.2,0.32,20.2,1288.6,0.07,171.1,58.6,229.7,368.3,6.9,0.69,43.5,2779.4,0.16,368.7,126.4,495.1,37.47,0.0,0.0,37.47,39.23,0.0,0.0,39.23,0.0,0.0,0.0,2277.9,65.6,1139.6,0.0,0.0,0.0,0.0,0.0,1072.7,0.0,0.0,0.0,0.0,0.0,0.0,0.0,65.6,0.0
2050-07-26 05:00:00,2050-07-26 03:00:00,1638.9,0.0,0.0,3.2,1642.2,1587.0,1580.0,0.0,495.9,0.0317,0.0429,gas-cc,gas-cc,181.8,3.4,0.34,21.5,1372.1,0.08,182.0,62.4,244.4,188.2,3.5,0.35,22.2,1420.1,0.08,188.4,64.6,253.0,151.1,2.9,0.29,17.8,1139.0,0.07,151.2,51.8,203.0,367.5,6.9,0.69,43.4,2773.5,0.16,367.9,126.1,494.0,37.47,0.0,0.0,37.47,39.15,0.0,0.0,39.15,0.0,0.0,0.0,2138.1,62.1,1003.2,0.0,0.0,0.0,0.0,0.0,1072.7,0.0,0.0,0.0,0.0,0.0,0.0,0.0,62.1,0.0
2050-07-26 06:00:00,2050-07-26 04:00:00,1603.2,0.0,0.0,4.0,1607.2,1552.7,1545.2,0.0,622.6,0.0315,0.0419,gas-cc,gas-cc,174.3,3.3,0.33,20.6,1315.7,0.08,174.5,59.8,234.4,180.4,3.4,0.34,21.3,1361.6,0.08,180.6,61.9,242.6,151.5,2.9,0.29,17.9,1142.2,0.07,151.7,52.0,203.6,367.2,6.9,0.69,43.4,2770.8,0.16,367.6,126.0,493.6,37.47,0.0,0.0,37.47,39.11,0.0,0.0,39.11,0.0,0.0,0.0,2229.8,62.0,1095.0,0.0,0.0,0.0,0.0,0.0,1072.7,0.0,0.0,0.0,0.0,0.0,0.0,0.0,62.0,0.0
2050-07-26 07:00:00,2050-07-26 05:00:00,1624.2,0.0,0.0,11.1,1635.3,1572.9,1093.1,1093.1,0.0,0.0316,0.0425,gas-cc,gas-cc,0.0,0.0,0.0,0.0,0.0,0.0,0.0,0.0,0.0,5.7,0.1,0.01,1.6,45.0,0.02,5.7,3.0,8.6,141.5,2.7,0.27,16.7,1066.4,0.06,141.6,48.5,190.1,367.4,6.9,0.69,43.4,2772.4,0.16,367.8,126.1,493.8,32.57,0.0,0.0,32.57,34.02,0.0,0.0,34.02,0.0,0.0,0.0,542.2,542.2,0.0,0.0,0.0,0.0,0.0,20.5,0.0,0.0,0.0,0.0,0.0,0.0,0.0,464.5,57.2,0.0
2050-07-26 08:00:00,2050-07-26 06:00:00,1690.5,2658.6,0.0,0.0,4349.1,1636.3,0.0,0.0,0.0,0.0321,0.0442,battery,upv,0.0,0.0,0.0,0.0,0.0,0.0,0.0,0.0,0.0,0.0,0.0,0.0,0.0,0.0,0.0,0.0,0.0,0.0,140.0,2.6,0.26,16.5,1055.2,0.06,140.1,48.0,188.1,0.0,0.0,0.0,0.0,0.0,0.0,0.0,0.0,0.0,0.0,0.0,0.0,0.0,0.0,0.0,0.0,0.0,51.9,191.6,243.5,4349.1,4349.1,0.0,0.0,0.0,0.0,0.0,0.0,0.0,0.0,0.0,0.0,0.0,0.0,0.0,4349.1,0.0,0.0
2050-07-26 09:00:00,2050-07-26 07:00:00,1896.8,3628.2,0.0,0.0,5525.1,1832.9,-0.0,0.0,0.0,0.0337,0.0496,upv,upv,0.0,0.0,0.0,0.0,0.0,0.0,0.0,0.0,0.0,0.0,0.0,0.0,0.0,0.0,0.0,0.0,0.0,0.0,140.2,2.6,0.27,16.6,1057.0,0.06,140.4,48.1,188.4,0.0,0.0,0.0,0.0,0.0,0.0,0.0,0.0,0.0,0.0,0.0,0.0,0.0,0.0,0.0,0.0,0.0,0.0,2858.3,2858.3,5525.1,5525.1,0.0,0.0,0.0,0.0,0.0,352.2,0.0,0.0,0.0,0.0,0.0,0.0,0.0,5135.5,37.4,0.0
2050-07-26 10:00:00,2050-07-26 08:00:00,2152.6,3211.2,0.0,0.0,5363.8,2075.2,0.0,0.0,0.0,0.036,0.0563,upv,upv,0.0,0.0,0.0,0.0,0.0,0.0,0.0,0.0,0.0,0.0,0.0,0.0,0.0,0.0,0.0,0.0,0.0,0.0,140.6,2.7,0.27,16.6,1059.7,0.06,140.7,48.2,188.9,0.0,0.0,0.0,0.0,0.0,0.0,0.0,0.0,0.0,0.0,0.0,0.0,0.0,0.0,0.0,0.0,0.0,0.0,3856.4,3856.4,5363.8,5363.8,0.0,0.0,0.0,0.0,0.0,388.0,0.0,0.0,0.0,0.0,0.0,0.0,0.0,4945.2,30.7,0.0
2050-07-26 11:00:00,2050-07-26 09:00:00,2340.0,3406.0,0.0,0.0,5746.0,2251.5,0.0,0.0,0.0,0.0378,0.0612,upv,upv,0.0,0.0,0.0,0.0,0.0,0.0,0.0,0.0,0.0,0.0,0.0,0.0,0.0,0.0,0.0,0.0,0.0,0.0,140.8,2.7,0.27,16.6,1061.5,0.06,141.0,48.3,189.2,0.0,0.0,0.0,0.0,0.0,0.0,0.0,0.0,0.0,0.0,0.0,0.0,0.0,0.0,0.0,0.0,0.0,0.0,3832.8,3832.8,5746.0,5746.0,0.0,0.0,0.0,0.0,0.0,403.1,0.0,0.0,0.0,0.0,0.0,0.0,0.0,5317.7,25.2,0.0
2050-07-26 12:00:00,2050-07-26 10:00:00,2464.2,3211.2,0.0,0.0,5675.4,2368.0,0.0,0.0,0.0,0.0391,0.0644,upv,upv,0.0,0.0,0.0,0.0,0.0,0.0,0.0,0.0,0.0,0.0,0.0,0.0,0.0,0.0,0.0,0.0,0.0,0.0,141.0,2.7,0.27,16.7,1062.9,0.06,141.1,48.3,189.5,0.0,0.0,0.0,0.0,0.0,0.0,0.0,0.0,0.0,0.0,0.0,0.0,0.0,0.0,0.0,0.0,0.0,0.0,4206.1,4206.1,5675.4,5675.4,0.0,0.0,0.0,0.0,0.0,415.7,0.0,0.0,0.0,0.0,0.0,0.0,0.0,5228.7,30.9,0.0
2050-07-26 13:00:00,2050-07-26 11:00:00,2554.7,1652.6,0.0,0.0,4207.3,2452.5,0.0,0.0,0.0,0.04,0.0668,upv,upv,0.0,0.0,0.0,0.0,0.0,0.0,0.0,0.0,0.0,0.0,0.0,0.0,0.0,0.0,0.0,0.0,0.0,0.0,141.1,2.7,0.27,16.7,1063.9,0.06,141.3,48.4,189.7,0.0,0.0,0.0,0.0,0.0,0.0,0.0,0.0,0.0,0.0,0.0,0.0,0.0,0.0,0.0,0.0,0.0,0.0,6000.1,6000.1,4207.3,4207.3,0.0,0.0,0.0,0.0,0.0,429.5,0.0,0.0,0.0,0.0,0.0,0.0,0.0,3745.0,32.9,0.0
2050-07-26 14:00:00,2050-07-26 12:00:00,2638.9,2385.8,0.0,0.0,5024.8,2531.0,0.0,0.0,0.0,0.0409,0.069,upv,upv,0.0,0.0,0.0,0.0,0.0,0.0,0.0,0.0,0.0,0.0,0.0,0.0,0.0,0.0,0.0,0.0,0.0,0.0,141.3,2.7,0.27,16.7,1064.9,0.06,141.4,48.4,189.9,0.0,0.0,0.0,0.0,0.0,0.0,0.0,0.0,0.0,0.0,0.0,0.0,0.0,0.0,0.0,0.0,0.0,0.0,5135.8,5135.8,5024.8,5024.8,0.0,0.0,0.0,0.0,0.0,427.3,0.0,0.0,0.0,0.0,0.0,0.0,0.0,4564.0,33.5,0.0
2050-07-26 15:00:00,2050-07-26 13:00:00,2747.4,3303.3,0.0,0.0,6050.7,2631.8,0.0,0.0,0.0,0.0421,0.0718,upv,upv,0.0,0.0,0.0,0.0,0.0,0.0,0.0,0.0,0.0,0.0,0.0,0.0,0.0,0.0,0.0,0.0,0.0,0.0,141.5,2.7,0.27,16.7,1066.6,0.06,141.6,48.5,190.2,0.0,0.0,0.0,0.0,0.0,0.0,0.0,0.0,0.0,0.0,0.0,0.0,0.0,0.0,0.0,0.0,0.0,0.0,4097.2,4097.2,6050.7,6050.7,0.0,0.0,0.0,0.0,0.0,426.9,0.0,0.0,0.0,0.0,0.0,0.0,0.0,5589.7,34.0,0.0
2050-07-26 16:00:00,2050-07-26 14:00:00,2857.9,3016.4,0.0,0.0,5874.3,2734.2,-0.0,0.0,0.0,0.0433,0.0747,upv,upv,0.0,0.0,0.0,0.0,0.0,0.0,0.0,0.0,0.0,0.0,0.0,0.0,0.0,0.0,0.0,0.0,0.0,0.0,141.7,2.7,0.27,16.7,1068.6,0.06,141.9,48.6,190.5,0.0,0.0,0.0,0.0,0.0,0.0,0.0,0.0,0.0,0.0,0.0,0.0,0.0,0.0,0.0,0.0,0.0,0.0,4305.3,4305.3,5874.3,5874.3,0.0,0.0,0.0,0.0,0.0,428.0,0.0,0.0,0.0,0.0,0.0,0.0,0.0,5407.4,38.8,0.0
2050-07-26 17:00:00,2050-07-26 15:00:00,3017.9,3235.4,0.0,0.0,6253.3,2881.9,0.0,0.0,0.0,0.045,0.0789,upv,upv,0.0,0.0,0.0,0.0,0.0,0.0,0.0,0.0,0.0,0.0,0.0,0.0,0.0,0.0,0.0,0.0,0.0,0.0,141.9,2.7,0.27,16.8,1069.6,0.06,142.0,48.7,190.7,0.0,0.0,0.0,0.0,0.0,0.0,0.0,0.0,0.0,0.0,0.0,0.0,0.0,0.0,0.0,0.0,0.0,0.0,3576.1,3576.1,6253.3,6253.3,0.0,0.0,0.0,0.0,0.0,413.2,0.0,0.0,0.0,0.0,0.0,0.0,0.0,5800.6,39.4,0.0
2050-07-26 18:00:00,2050-07-26 16:00:00,3177.9,1457.8,0.0,0.8,4636.4,3029.0,-116.2,0.0,116.3,0.0469,0.0831,upv,upv,0.0,0.0,0.0,0.0,0.0,0.0,0.0,0.0,0.0,0.0,0.0,0.0,0.0,0.0,0.0,0.0,0.0,0.0,142.1,2.7,0.27,16.8,1071.6,0.06,142.3,48.7,191.0,0.0,0.0,0.0,0.0,0.0,0.0,0.0,0.0,0.0,0.0,0.0,0.0,0.0,0.0,0.0,0.0,0.0,0.0,4079.3,4079.3,4752.7,4752.7,0.0,0.0,0.0,0.0,0.0,370.6,0.0,0.0,0.0,0.0,0.0,0.0,0.0,4334.5,47.5,0.0
2050-07-26 19:00:00,2050-07-26 17:00:00,3325.3,0.0,0.0,26.0,3351.3,3163.8,-2630.1,0.0,2630.1,0.0486,0.087,upv,upv,0.0,0.0,0.0,0.0,0.0,0.0,0.0,0.0,0.0,0.0,0.0,0.0,0.0,0.0,0.0,0.0,0.0,0.0,142.7,2.7,0.27,16.9,1075.9,0.06,142.9,48.9,191.8,0.0,0.0,0.0,0.0,0.0,0.0,0.0,0.0,0.0,0.0,0.0,0.0,0.0,0.0,0.0,0.0,0.0,0.0,51.6,51.6,5981.3,5981.3,0.0,0.0,0.0,0.0,0.0,252.3,0.0,0.0,0.0,0.0,0.0,0.0,0.0,5673.9,55.1,0.0
2050-07-26 20:00:00,2050-07-26 18:00:00,3407.4,0.0,0.0,10.7,3418.0,3238.7,2109.0,0.0,1640.0,0.0495,0.0891,battery,gas-cc,76.9,1.4,0.14,9.1,580.0,0.03,76.9,26.4,103.3,81.3,1.5,0.15,9.6,613.7,0.04,81.4,27.9,109.3,147.9,2.8,0.28,17.5,1114.9,0.06,148.0,50.7,198.8,424.7,8.0,0.8,50.2,3205.2,0.18,425.2,145.7,570.9,41.69,0.0,0.0,41.69,45.77,0.0,0.0,45.77,0.0,0.0,0.0,5058.0,1309.0,2676.3,0.0,0.0,0.0,0.0,52.4,1072.7,0.0,0.0,0.0,0.0,0.0,0.0,1189.9,66.7,0.0
2050-07-26 21:00:00,2050-07-26 19:00:00,3353.7,0.0,0.0,10.7,3364.3,3189.8,3295.7,0.0,1640.0,0.0489,0.0877,battery,gas-cc,77.7,1.5,0.15,9.2,586.2,0.03,77.8,26.7,104.4,82.3,1.6,0.16,9.7,621.5,0.04,82.4,28.3,110.7,148.5,2.8,0.28,17.5,1119.6,0.06,148.7,50.9,199.6,477.6,9.0,0.9,56.4,3603.9,0.21,478.1,163.9,642.0,47.74,474.79,0.0,522.53,52.32,520.43,0.0,572.76,0.0,0.0,0.0,5004.3,68.6,3862.9,0.0,0.0,0.0,0.0,0.0,1072.7,0.0,0.0,0.0,0.0,0.0,0.0,0.0,68.6,0.0
2050-07-26 22:00:00,2050-07-26 20:00:00,3185.3,0.0,0.0,10.7,3195.9,3035.7,3110.5,0.0,1640.0,0.0469,0.0833,battery,gas-cc,80.4,1.5,0.15,9.5,606.6,0.03,80.5,27.6,108.1,85.0,1.6,0.16,10.1,641.6,0.04,85.1,29.2,114.3,148.1,2.8,0.28,17.5,1116.8,0.06,148.3,50.8,199.1,422.1,8.0,0.8,49.9,3184.9,0.18,422.5,144.8,567.3,41.69,0.0,0.0,41.69,45.48,0.0,0.0,45.48,0.0,0.0,0.0,4835.9,85.4,3677.7,0.0,0.0,0.0,0.0,0.0,1072.7,0.0,0.0,0.0,0.0,0.0,0.0,0.0,85.4,0.0
2050-07-26 23:00:00,2050-07-26 21:00:00,2923.2,0.0,0.0,8.1,2931.3,2794.6,2843.8,0.0,1245.3,0.044,0.0764,gas-cc,gas-cc,93.1,1.8,0.18,11.0,702.4,0.04,93.2,31.9,125.1,98.0,1.8,0.18,11.6,739.5,0.04,98.1,33.6,131.7,155.4,2.9,0.29,18.4,1171.5,0.07,155.5,53.3,208.8,399.3,7.5,0.75,47.2,3013.1,0.17,399.7,137.0,536.7,41.69,0.0,0.0,41.69,45.14,0.0,0.0,45.14,0.0,0.0,0.0,4176.5,87.4,3016.4,0.0,0.0,0.0,0.0,0.0,1072.7,0.0,0.0,0.0,0.0,0.0,0.0,0.0,87.4,0.0
2050-07-27 00:00:00,2050-07-26 22:00:00,2644.2,0.0,0.0,10.7,2654.9,2535.9,2491.5,0.0,1640.0,0.041,0.0691,battery,gas-cc,90.5,1.7,0.17,10.7,683.1,0.04,90.6,31.1,121.7,95.0,1.8,0.18,11.2,716.9,0.04,95.1,32.6,127.7,161.6,3.0,0.31,19.1,1218.2,0.07,161.7,55.4,217.1,415.6,7.8,0.78,49.1,3136.5,0.18,416.1,142.6,558.7,41.69,0.0,0.0,41.69,44.79,0.0,0.0,44.79,0.0,0.0,0.0,4294.8,163.4,3058.7,0.0,0.0,0.0,0.0,0.0,1072.7,0.0,0.0,0.0,0.0,0.0,0.0,0.0,163.4,0.0
2050-07-27 01:00:00,2050-07-26 23:00:00,2402.1,0.0,0.0,10.7,2412.8,2309.8,2290.6,0.0,1640.0,0.0384,0.0628,battery,gas-cc,95.9,1.8,0.18,11.3,723.9,0.04,96.0,32.9,128.9,100.4,1.9,0.19,11.9,757.4,0.04,100.5,34.5,134.9,151.6,2.9,0.29,17.9,1142.9,0.07,151.8,52.0,203.7,412.8,7.8,0.78,48.8,3115.3,0.18,413.3,141.7,554.9,41.69,0.0,0.0,41.69,44.48,0.0,0.0,44.48,0.0,0.0,0.0,4052.7,122.1,2857.8,0.0,0.0,0.0,0.0,0.0,1072.7,0.0,0.0,0.0,0.0,0.0,0.0,0.0,122.1,0.0
2050-07-27 02:00:00,2050-07-27 00:00:00,2170.5,0.0,0.0,10.7,2181.2,2092.1,2068.6,0.0,1640.0,0.0361,0.0568,battery,gas-cc,101.7,1.9,0.19,12.0,767.7,0.04,101.8,34.9,136.8,106.1,2.0,0.2,12.6,801.0,0.05,106.3,36.4,142.7,147.3,2.8,0.28,17.4,1110.4,0.06,147.4,50.5,198.0,410.2,7.7,0.77,48.5,3095.3,0.18,410.6,140.7,551.4,41.69,0.0,0.0,41.69,44.2,0.0,0.0,44.2,0.0,0.0,0.0,3821.2,112.6,2635.8,0.0,0.0,0.0,0.0,0.0,1072.7,0.0,0.0,0.0,0.0,0.0,0.0,0.0,112.6,0.0
2050-07-27 03:00:00,2050-07-27 01:00:00,1994.7,0.0,0.0,5.6,2000.3,1925.8,1894.1,0.0,855.4,0.0345,0.0522,battery,gas-cc,136.1,2.6,0.26,16.1,1027.3,0.06,136.3,46.7,183.0,141.5,2.7,0.27,16.7,1067.9,0.06,141.7,48.6,190.2,146.1,2.8,0.28,17.3,1101.4,0.06,146.2,50.1,196.3,413.7,7.8,0.78,48.9,3121.8,0.18,414.1,141.9,556.1,41.69,0.0,0.0,41.69,43.98,0.0,0.0,43.98,0.0,0.0,0.0,2855.7,106.2,1676.7,0.0,0.0,0.0,0.0,0.0,1072.7,0.0,0.0,0.0,0.0,0.0,0.0,0.0,106.2,0.0
2050-07-27 04:00:00,2050-07-27 02:00:00,1853.7,0.0,0.0,4.0,1857.7,1791.9,1750.0,0.0,611.8,0.0333,0.0485,gas-cc,gas-cc,157.4,3.0,0.3,18.6,1188.0,0.07,157.6,54.0,211.6,163.3,3.1,0.31,19.3,1232.3,0.07,163.5,56.0,219.5,145.9,2.8,0.28,17.2,1099.6,0.06,146.0,50.0,196.0,412.1,7.8,0.78,48.7,3109.7,0.18,412.5,141.4,553.9,41.69,0.0,0.0,41.69,43.81,0.0,0.0,43.81,0.0,0.0,0.0,2469.5,107.7,1289.1,0.0,0.0,0.0,0.0,0.0,1072.7,0.0,0.0,0.0,0.0,0.0,0.0,0.0,107.7,0.0
2050-07-27 05:00:00,2050-07-27 03:00:00,1731.6,0.0,0.0,0.0,1731.6,1675.5,1642.7,0.0,0.0,0.0324,0.0453,battery,gas-cc,224.5,4.2,0.42,26.5,1694.2,0.1,224.8,77.0,301.8,232.3,4.4,0.44,27.5,1753.0,0.1,232.6,79.7,312.3,257.9,4.9,0.49,30.5,1945.8,0.11,258.2,88.5,346.7,405.3,7.6,0.76,47.9,3058.1,0.18,405.7,139.1,544.7,41.69,0.0,0.0,41.69,43.67,0.0,0.0,43.67,0.0,0.0,0.0,1731.6,88.9,570.0,0.0,0.0,0.0,0.0,0.0,1072.7,0.0,0.0,0.0,0.0,0.0,0.0,0.0,88.9,0.0
2050-07-27 06:00:00,2050-07-27 04:00:00,1690.5,0.0,0.0,3.9,1694.5,1636.3,1636.6,0.0,606.1,0.0321,0.0442,gas-cc,gas-cc,169.0,3.2,0.32,20.0,1275.2,0.07,169.2,58.0,227.1,175.0,3.3,0.33,20.7,1320.8,0.08,175.2,60.1,235.3,236.3,4.5,0.45,27.9,1782.2,0.1,236.5,81.1,317.6,410.3,7.7,0.77,48.5,3095.8,0.18,410.7,140.8,551.5,41.69,0.0,0.0,41.69,43.62,0.0,0.0,43.62,0.0,0.0,0.0,2300.6,57.9,1170.0,0.0,0.0,0.0,0.0,0.0,1072.7,0.0,0.0,0.0,0.0,0.0,0.0,0.0,57.9,0.0
2050-07-27 07:00:00,2050-07-27 05:00:00,1704.2,0.0,0.0,5.8,1710.0,1649.4,1446.8,374.1,0.0,0.0322,0.0446,gas-cc,gas-cc,291.0,5.5,0.55,34.4,2195.9,0.13,291.3,99.8,391.2,234.9,4.4,0.44,27.7,1772.6,0.1,235.2,80.6,315.8,135.5,2.6,0.26,16.0,1021.9,0.06,135.7,46.5,182.2,372.6,7.0,0.7,44.0,2812.0,0.16,373.0,127.9,500.9,38.77,0.0,0.0,38.77,40.58,0.0,0.0,40.58,0.0,0.0,0.0,1335.9,263.2,0.0,0.0,0.0,0.0,0.0,9.2,1072.7,0.0,0.0,0.0,0.0,0.0,0.0,207.8,46.2,0.0
2050-07-27 08:00:00,2050-07-27 06:00:00,1716.8,1661.7,0.0,0.0,3378.5,1661.4,0.0,0.0,0.0,0.0323,0.0449,battery,upv,0.0,0.0,0.0,0.0,0.0,0.0,0.0,0.0,0.0,0.0,0.0,0.0,0.0,0.0,0.0,0.0,0.0,0.0,140.1,2.6,0.27,16.6,1056.3,0.06,140.3,48.0,188.3,0.0,0.0,0.0,0.0,0.0,0.0,0.0,0.0,0.0,0.0,0.0,0.0,0.0,0.0,0.0,0.0,0.0,49.9,0.0,49.9,3378.5,3378.5,0.0,0.0,0.0,0.0,0.0,142.6,0.0,0.0,0.0,0.0,0.0,0.0,0.0,3236.0,0.0,0.0
2050-07-27 09:00:00,2050-07-27 07:00:00,1928.4,3391.5,0.0,0.0,5319.9,1862.9,0.0,0.0,0.0,0.034,0.0504,upv,upv,0.0,0.0,0.0,0.0,0.0,0.0,0.0,0.0,0.0,0.0,0.0,0.0,0.0,0.0,0.0,0.0,0.0,0.0,140.2,2.6,0.27,16.6,1057.3,0.06,140.4,48.1,188.5,0.0,0.0,0.0,0.0,0.0,0.0,0.0,0.0,0.0,0.0,0.0,0.0,0.0,0.0,0.0,0.0,0.0,0.0,354.7,354.7,5319.9,5319.9,0.0,0.0,0.0,0.0,0.0,237.5,0.0,0.0,0.0,0.0,0.0,0.0,0.0,5034.8,47.6,0.0
2050-07-27 10:00:00,2050-07-27 08:00:00,2180.0,3529.1,0.0,0.0,5709.1,2101.0,0.0,0.0,0.0,0.0362,0.057,battery,upv,0.0,0.0,0.0,0.0,0.0,0.0,0.0,0.0,0.0,0.0,0.0,0.0,0.0,0.0,0.0,0.0,0.0,0.0,140.6,2.7,0.27,16.6,1059.8,0.06,140.7,48.2,188.9,0.0,0.0,0.0,0.0,0.0,0.0,0.0,0.0,0.0,0.0,0.0,0.0,0.0,0.0,0.0,0.0,0.0,0.0,0.0,0.0,5709.1,5709.1,0.0,0.0,0.0,0.0,0.0,239.3,0.0,0.0,0.0,0.0,0.0,0.0,0.0,5428.3,41.5,0.0
2050-07-27 11:00:00,2050-07-27 09:00:00,2368.4,2850.6,0.0,0.0,5219.1,2278.2,0.0,0.0,0.0,0.0381,0.0619,upv,upv,0.0,0.0,0.0,0.0,0.0,0.0,0.0,0.0,0.0,0.0,0.0,0.0,0.0,0.0,0.0,0.0,0.0,0.0,141.3,2.7,0.27,16.7,1064.9,0.06,141.4,48.4,189.8,0.0,0.0,0.0,0.0,0.0,0.0,0.0,0.0,0.0,0.0,0.0,0.0,0.0,0.0,0.0,0.0,0.0,0.0,2120.5,2120.5,5219.1,5219.1,0.0,0.0,0.0,0.0,0.0,307.5,0.0,0.0,0.0,0.0,0.0,0.0,0.0,4858.7,52.9,0.0
2050-07-27 12:00:00,2050-07-27 10:00:00,2497.9,3435.1,0.0,0.0,5933.0,2399.4,0.0,0.0,0.0,0.0394,0.0653,upv,upv,0.0,0.0,0.0,0.0,0.0,0.0,0.0,0.0,0.0,0.0,0.0,0.0,0.0,0.0,0.0,0.0,0.0,0.0,141.0,2.7,0.27,16.7,1063.3,0.06,141.2,48.4,189.6,0.0,0.0,0.0,0.0,0.0,0.0,0.0,0.0,0.0,0.0,0.0,0.0,0.0,0.0,0.0,0.0,0.0,0.0,1788.8,1788.8,5933.0,5933.0,0.0,0.0,0.0,0.0,0.0,323.7,0.0,0.0,0.0,0.0,0.0,0.0,0.0,5558.8,50.5,0.0
2050-07-27 13:00:00,2050-07-27 11:00:00,2603.2,3406.0,0.0,0.0,6009.2,2497.7,0.0,0.0,0.0,0.0405,0.0681,upv,upv,0.0,0.0,0.0,0.0,0.0,0.0,0.0,0.0,0.0,0.0,0.0,0.0,0.0,0.0,0.0,0.0,0.0,0.0,141.2,2.7,0.27,16.7,1064.5,0.06,141.4,48.4,189.8,0.0,0.0,0.0,0.0,0.0,0.0,0.0,0.0,0.0,0.0,0.0,0.0,0.0,0.0,0.0,0.0,0.0,0.0,1246.0,1246.0,6009.2,6009.2,0.0,0.0,0.0,0.0,0.0,303.5,0.0,0.0,0.0,0.0,0.0,0.0,0.0,5642.7,62.9,0.0
2050-07-27 14:00:00,2050-07-27 12:00:00,2724.2,3007.6,0.0,0.0,5731.8,2610.3,0.0,0.0,0.0,0.0418,0.0712,upv,upv,0.0,0.0,0.0,0.0,0.0,0.0,0.0,0.0,0.0,0.0,0.0,0.0,0.0,0.0,0.0,0.0,0.0,0.0,141.4,2.7,0.27,16.7,1065.9,0.06,141.5,48.5,190.0,0.0,0.0,0.0,0.0,0.0,0.0,0.0,0.0,0.0,0.0,0.0,0.0,0.0,0.0,0.0,0.0,0.0,0.0,1912.1,1912.1,5731.8,5731.8,0.0,0.0,0.0,0.0,0.0,320.3,0.0,0.0,0.0,0.0,0.0,0.0,0.0,5357.9,53.6,0.0
2050-07-27 15:00:00,2050-07-27 13:00:00,2876.8,3435.1,0.0,0.0,6311.9,2751.8,-0.0,0.0,0.0,0.0435,0.0752,upv,upv,0.0,0.0,0.0,0.0,0.0,0.0,0.0,0.0,0.0,0.0,0.0,0.0,0.0,0.0,0.0,0.0,0.0,0.0,141.6,2.7,0.27,16.7,1067.8,0.06,141.8,48.6,190.4,0.0,0.0,0.0,0.0,0.0,0.0,0.0,0.0,0.0,0.0,0.0,0.0,0.0,0.0,0.0,0.0,0.0,0.0,1709.8,1709.8,6311.9,6311.9,0.0,0.0,0.0,0.0,0.0,335.8,0.0,0.0,0.0,0.0,0.0,0.0,0.0,5909.2,67.0,0.0
2050-07-27 16:00:00,2050-07-27 14:00:00,3000.0,3854.9,0.0,0.0,6854.9,2865.5,0.0,0.0,0.0,0.0448,0.0785,upv,upv,0.0,0.0,0.0,0.0,0.0,0.0,0.0,0.0,0.0,0.0,0.0,0.0,0.0,0.0,0.0,0.0,0.0,0.0,141.8,2.7,0.27,16.8,1069.3,0.06,142.0,48.6,190.6,0.0,0.0,0.0,0.0,0.0,0.0,0.0,0.0,0.0,0.0,0.0,0.0,0.0,0.0,0.0,0.0,0.0,0.0,1239.2,1239.2,6854.9,6854.9,0.0,0.0,0.0,0.0,0.0,339.4,0.0,0.0,0.0,0.0,0.0,0.0,0.0,6463.8,51.6,0.0
2050-07-27 17:00:00,2050-07-27 15:00:00,3142.1,2400.1,0.0,0.0,5542.2,2996.2,0.0,0.0,0.0,0.0465,0.0822,upv,upv,0.0,0.0,0.0,0.0,0.0,0.0,0.0,0.0,0.0,0.0,0.0,0.0,0.0,0.0,0.0,0.0,0.0,0.0,142.1,2.7,0.27,16.8,1071.1,0.06,142.2,48.7,191.0,0.0,0.0,0.0,0.0,0.0,0.0,0.0,0.0,0.0,0.0,0.0,0.0,0.0,0.0,0.0,0.0,0.0,0.0,3185.3,3185.3,5542.2,5542.2,0.0,0.0,0.0,0.0,0.0,366.1,0.0,0.0,0.0,0.0,0.0,0.0,0.0,5125.1,51.0,0.0
2050-07-27 18:00:00,2050-07-27 16:00:00,3298.9,194.8,0.0,21.6,3515.4,3139.8,-2344.4,0.0,2344.4,0.0482,0.0863,upv,upv,0.0,0.0,0.0,0.0,0.0,0.0,0.0,0.0,0.0,0.0,0.0,0.0,0.0,0.0,0.0,0.0,0.0,0.0,142.5,2.7,0.27,16.8,1074.2,0.06,142.6,48.9,191.5,0.0,0.0,0.0,0.0,0.0,0.0,0.0,0.0,0.0,0.0,0.0,0.0,0.0,0.0,0.0,0.0,0.0,0.0,2298.7,2298.7,5859.8,5859.8,0.0,0.0,0.0,0.0,0.0,342.5,0.0,0.0,0.0,0.0,0.0,0.0,0.0,5475.4,41.9,0.0
2050-07-27 19:00:00,2050-07-27 17:00:00,3432.6,0.0,0.0,23.7,3456.3,3261.7,-938.6,0.0,2011.3,0.0498,0.0898,gas-cc,gas-cc,71.1,1.3,0.13,8.4,536.5,0.03,71.2,24.4,95.6,74.8,1.4,0.14,8.8,564.7,0.03,74.9,25.7,100.6,142.8,2.7,0.27,16.9,1076.9,0.06,143.0,49.0,192.0,441.3,8.3,0.83,52.1,3329.9,0.19,441.8,151.4,593.2,34.75,0.0,0.0,34.75,38.17,0.0,0.0,38.17,0.0,0.0,0.0,5467.6,4394.9,0.0,0.0,0.0,0.0,0.0,183.4,1072.7,0.0,0.0,0.0,0.0,0.0,0.0,4161.7,49.8,0.0
2050-07-27 20:00:00,2050-07-27 18:00:00,3464.2,0.0,0.0,20.2,3484.4,3290.4,2771.8,0.0,2256.6,0.0502,0.0906,battery,gas-cc,67.7,1.3,0.13,8.0,511.0,0.03,67.8,23.2,91.0,71.9,1.4,0.14,8.5,542.6,0.03,72.0,24.7,96.7,144.7,2.7,0.27,17.1,1091.2,0.06,144.9,49.6,194.5,425.4,8.0,0.8,50.3,3210.5,0.18,425.9,146.0,571.9,41.69,0.0,0.0,41.69,45.84,0.0,0.0,45.84,0.0,0.0,0.0,5741.1,712.7,3955.7,0.0,0.0,0.0,0.0,27.9,1072.7,0.0,0.0,0.0,0.0,0.0,0.0,634.1,50.6,0.0
2050-07-27 21:00:00,2050-07-27 19:00:00,3371.6,0.0,0.0,10.7,3382.2,3206.1,3336.3,0.0,1640.0,0.0491,0.0882,battery,gas-cc,77.4,1.5,0.15,9.1,584.1,0.03,77.5,26.6,104.1,82.1,1.5,0.15,9.7,619.4,0.04,82.2,28.2,110.4,149.7,2.8,0.28,17.7,1128.3,0.07,149.8,51.3,201.1,477.8,9.0,0.9,56.4,3605.8,0.21,478.3,164.0,642.3,47.56,822.51,0.0,870.07,52.16,902.04,0.0,954.2,0.0,0.0,0.0,5022.2,46.0,3903.5,0.0,0.0,0.0,0.0,0.0,1072.7,0.0,0.0,0.0,0.0,0.0,0.0,0.0,46.0,0.0
2050-07-27 22:00:00,2050-07-27 20:00:00,3204.2,0.0,0.0,10.7,3214.9,3053.1,3145.1,0.0,1640.0,0.0472,0.0838,battery,gas-cc,80.1,1.5,0.15,9.5,604.3,0.03,80.2,27.5,107.6,84.7,1.6,0.16,10.0,639.2,0.04,84.8,29.1,113.9,147.9,2.8,0.28,17.5,1115.2,0.06,148.1,50.7,198.8,422.3,8.0,0.8,49.9,3186.6,0.18,422.7,144.9,567.6,41.69,0.0,0.0,41.69,45.5,0.0,0.0,45.5,0.0,0.0,0.0,4854.8,69.8,3712.3,0.0,0.0,0.0,0.0,0.0,1072.7,0.0,0.0,0.0,0.0,0.0,0.0,0.0,69.8,0.0
2050-07-27 23:00:00,2050-07-27 21:00:00,2948.4,0.0,0.0,10.7,2959.1,2817.9,2896.3,0.0,1640.0,0.0443,0.0771,battery,gas-cc,84.5,1.6,0.16,10.0,637.9,0.04,84.6,29.0,113.6,89.1,1.7,0.17,10.5,672.4,0.04,89.2,30.6,119.8,155.2,2.9,0.29,18.3,1170.0,0.07,155.4,53.2,208.6,419.2,7.9,0.79,49.5,3163.5,0.18,419.7,143.8,563.5,41.69,0.0,0.0,41.69,45.17,0.0,0.0,45.17,0.0,0.0,0.0,4599.0,62.8,3463.5,0.0,0.0,0.0,0.0,0.0,1072.7,0.0,0.0,0.0,0.0,0.0,0.0,0.0,62.8,0.0
2050-07-28 00:00:00,2050-07-27 22:00:00,2713.7,0.0,0.0,9.9,2723.6,2600.5,2656.9,0.0,1523.4,0.0417,0.071,gas-cc,gas-cc,91.5,1.7,0.17,10.8,690.8,0.04,91.6,31.4,123.0,96.2,1.8,0.18,11.4,725.6,0.04,96.3,33.0,129.3,149.2,2.8,0.28,17.6,1124.8,0.07,149.4,51.2,200.5,378.7,7.1,0.71,44.7,2857.4,0.16,379.1,129.9,509.0,44.86,0.0,0.0,44.86,48.28,0.0,0.0,48.28,0.0,0.0,0.0,4247.0,66.7,3107.6,0.0,0.0,0.0,0.0,0.0,1072.7,0.0,0.0,0.0,0.0,0.0,0.0,0.0,66.7,0.0
2050-07-28 01:00:00,2050-07-27 23:00:00,2482.1,0.0,0.0,10.5,2492.6,2384.7,2368.5,0.0,1619.6,0.0392,0.0649,gas-cc,gas-cc,94.5,1.8,0.18,11.2,713.4,0.04,94.6,32.4,127.1,99.0,1.9,0.19,11.7,747.2,0.04,99.1,34.0,133.1,149.2,2.8,0.28,17.6,1124.8,0.07,149.3,51.2,200.5,431.8,8.1,0.81,51.0,3258.6,0.19,432.3,148.2,580.4,44.86,0.0,0.0,44.86,47.97,0.0,0.0,47.97,0.0,0.0,0.0,4112.2,124.1,2915.3,0.0,0.0,0.0,0.0,0.0,1072.7,0.0,0.0,0.0,0.0,0.0,0.0,0.0,124.1,0.0
2050-07-28 02:00:00,2050-07-28 00:00:00,2224.2,0.0,0.0,9.4,2233.6,2142.7,2113.4,0.0,1441.0,0.0367,0.0582,battery,gas-cc,105.8,2.0,0.2,12.5,798.4,0.05,105.9,36.3,142.2,110.4,2.1,0.21,13.1,833.2,0.05,110.5,37.9,148.4,149.3,2.8,0.28,17.6,1125.9,0.07,149.5,51.2,200.7,513.6,9.7,0.97,60.7,3875.9,0.22,514.2,176.2,690.4,44.86,0.0,0.0,44.86,47.63,0.0,0.0,47.63,0.0,0.0,0.0,3674.6,120.2,2481.7,0.0,0.0,0.0,0.0,0.0,1072.7,0.0,0.0,0.0,0.0,0.0,0.0,0.0,120.2,0.0
2050-07-28 03:00:00,2050-07-28 01:00:00,2046.3,0.0,0.0,9.9,2056.2,1974.7,1981.9,0.0,1525.8,0.035,0.0535,gas-cc,gas-cc,108.5,2.0,0.2,12.8,819.0,0.05,108.6,37.2,145.9,113.0,2.1,0.21,13.4,853.1,0.05,113.2,38.8,152.0,190.0,3.6,0.36,22.4,1432.9,0.08,190.2,65.2,255.4,398.6,7.5,0.75,47.1,3007.8,0.17,399.0,136.8,535.8,41.55,0.0,0.0,41.55,43.89,0.0,0.0,43.89,0.0,0.0,0.0,3582.0,74.3,2435.0,0.0,0.0,0.0,0.0,0.0,1072.7,0.0,0.0,0.0,0.0,0.0,0.0,0.0,74.3,0.0
2050-07-28 04:00:00,2050-07-28 02:00:00,1902.1,0.0,0.0,1.8,1903.9,1837.9,1871.0,281.4,0.0,0.0337,0.0497,battery,gas-cc,239.6,4.5,0.45,28.3,1808.1,0.1,239.9,82.2,322.1,231.1,4.4,0.44,27.6,1744.8,0.11,231.4,79.7,311.0,146.8,2.8,0.28,17.3,1106.8,0.06,147.0,50.3,197.3,419.5,7.9,0.79,49.6,3165.7,0.18,420.0,143.9,563.9,40.18,0.0,0.0,40.18,42.29,0.0,0.0,42.29,0.0,0.0,0.0,1622.5,32.9,516.9,0.0,0.0,0.0,0.0,0.0,1072.7,0.0,0.0,0.0,0.0,0.0,0.0,0.0,32.9,0.0
2050-07-28 05:00:00,2050-07-28 03:00:00,1802.1,0.0,0.0,4.6,1806.7,1742.8,1783.1,710.4,0.0,0.0329,0.0471,hydro,gas-cc,354.6,6.7,0.67,41.9,2675.9,0.15,355.0,121.7,476.7,275.1,5.2,0.52,33.4,2078.3,0.14,275.4,95.3,370.8,164.0,3.1,0.31,19.4,1237.1,0.07,164.2,56.3,220.5,387.0,7.3,0.73,45.7,2920.4,0.17,387.4,132.8,520.2,40.12,0.0,0.0,40.12,42.1,0.0,0.0,42.1,0.0,0.0,0.0,1096.3,23.6,0.0,0.0,0.0,0.0,0.0,0.0,1072.7,0.0,0.0,0.0,0.0,0.0,0.0,0.0,23.6,0.0
2050-07-28 06:00:00,2050-07-28 04:00:00,1734.7,0.0,0.0,4.2,1738.9,1678.5,1718.2,645.5,0.0,0.0324,0.0454,gas-cc,gas-cc,355.5,6.7,0.67,42.0,2682.9,0.15,355.9,122.0,477.9,280.6,5.3,0.53,34.0,2119.2,0.14,280.9,97.2,378.1,159.0,3.0,0.3,18.8,1198.8,0.07,159.2,54.5,213.7,386.3,7.3,0.73,45.6,2915.0,0.17,386.7,132.5,519.3,40.12,0.0,0.0,40.12,42.02,0.0,0.0,42.02,0.0,0.0,0.0,1093.5,20.7,0.0,0.0,0.0,0.0,0.0,0.0,1072.7,0.0,0.0,0.0,0.0,0.0,0.0,0.0,20.7,0.0
2050-07-28 07:00:00,2050-07-28 05:00:00,1731.6,0.0,0.0,6.0,1737.6,1675.5,1461.5,388.8,0.0,0.0324,0.0453,gas-cc,gas-cc,288.2,5.4,0.54,34.0,2175.0,0.12,288.5,98.9,387.4,231.2,4.4,0.44,27.3,1744.8,0.1,231.5,79.3,310.8,144.3,2.7,0.27,17.0,1087.7,0.06,144.4,49.5,193.9,404.0,7.6,0.76,47.7,3049.0,0.18,404.5,138.6,543.1,39.33,0.0,0.0,39.33,41.2,0.0,0.0,41.2,0.0,0.0,0.0,1348.8,276.1,0.0,0.0,0.0,0.0,0.0,10.4,1072.7,0.0,0.0,0.0,0.0,0.0,0.0,236.9,28.8,0.0
2050-07-28 08:00:00,2050-07-28 06:00:00,1742.1,841.0,0.0,2.0,2585.1,1685.6,-305.5,0.0,305.5,0.0325,0.0456,upv,upv,0.0,0.0,0.0,0.0,0.0,0.0,0.0,0.0,0.0,0.0,0.0,0.0,0.0,0.0,0.0,0.0,0.0,0.0,140.0,2.6,0.27,16.5,1055.6,0.06,140.2,48.0,188.2,0.0,0.0,0.0,0.0,0.0,0.0,0.0,0.0,0.0,4.7,0.0,0.0,4.7,4.93,0.0,0.0,4.93,0.0,0.0,0.0,2890.6,2890.6,0.0,0.0,0.0,0.0,0.0,120.8,0.0,0.0,0.0,0.0,0.0,0.0,0.0,2741.6,28.2,0.0
2050-07-28 09:00:00,2050-07-28 07:00:00,1953.7,2431.9,0.0,9.7,4395.3,1886.9,-1495.6,0.0,1495.6,0.0342,0.0511,battery,distpv,0.0,0.0,0.0,0.0,0.0,0.0,0.0,0.0,0.0,0.0,0.0,0.0,0.0,0.0,0.0,0.0,0.0,0.0,140.3,2.6,0.27,16.6,1057.5,0.06,140.4,48.1,188.5,0.0,0.0,0.0,0.0,0.0,0.0,0.0,0.0,0.0,4.49,0.0,0.0,4.49,4.73,0.0,0.0,4.73,0.0,0.0,0.0,5890.9,5890.9,0.0,0.0,0.0,0.0,0.0,247.9,0.0,0.0,0.0,0.0,0.0,0.0,0.0,5625.4,17.6,0.0
2050-07-28 10:00:00,2050-07-28 08:00:00,2240.0,3063.4,0.0,28.9,5332.3,2157.5,-2816.0,0.0,2816.0,0.0368,0.0586,battery,upv,0.0,0.0,0.0,0.0,0.0,0.0,0.0,0.0,0.0,0.0,0.0,0.0,0.0,0.0,0.0,0.0,0.0,0.0,140.7,2.7,0.27,16.6,1060.5,0.06,140.8,48.2,189.1,0.0,0.0,0.0,0.0,0.0,0.0,0.0,0.0,0.0,0.0,0.0,0.0,0.0,0.0,0.0,0.0,0.0,0.0,0.0,0.0,8148.3,8148.3,0.0,0.0,0.0,0.0,0.0,343.2,0.0,0.0,0.0,0.0,0.0,0.0,0.0,7787.0,18.1,0.0
2050-07-28 11:00:00,2050-07-28 09:00:00,2423.2,3806.6,0.0,28.9,6258.6,2329.5,-2816.0,0.0,2816.0,0.0386,0.0634,battery,upv,0.0,0.0,0.0,0.0,0.0,0.0,0.0,0.0,0.0,0.0,0.0,0.0,0.0,0.0,0.0,0.0,0.0,0.0,140.9,2.7,0.27,16.7,1062.4,0.06,141.1,48.3,189.4,0.0,0.0,0.0,0.0,0.0,0.0,0.0,0.0,0.0,0.0,0.0,0.0,0.0,0.0,0.0,0.0,0.0,20.5,0.0,20.5,9074.6,9074.6,0.0,0.0,0.0,0.0,0.0,382.9,0.0,0.0,0.0,0.0,0.0,0.0,0.0,8691.7,0.0,0.0
2050-07-28 12:00:00,2050-07-28 10:00:00,2544.2,3821.3,0.0,28.9,6394.4,2442.7,-2816.0,0.0,2816.0,0.0399,0.0665,battery,upv,0.0,0.0,0.0,0.0,0.0,0.0,0.0,0.0,0.0,0.0,0.0,0.0,0.0,0.0,0.0,0.0,0.0,0.0,141.1,2.7,0.27,16.7,1063.8,0.06,141.3,48.4,189.7,0.0,0.0,0.0,0.0,0.0,0.0,0.0,0.0,0.0,0.0,0.0,0.0,0.0,0.0,0.0,0.0,0.0,0.0,0.0,0.0,9210.4,9210.4,0.0,0.0,0.0,0.0,0.0,388.0,0.0,0.0,0.0,0.0,0.0,0.0,0.0,8801.6,20.9,0.0
2050-07-28 13:00:00,2050-07-28 11:00:00,2665.3,3736.2,0.0,28.9,6430.3,2555.5,-2816.0,0.0,2816.0,0.0412,0.0697,upv,upv,0.0,0.0,0.0,0.0,0.0,0.0,0.0,0.0,0.0,0.0,0.0,0.0,0.0,0.0,0.0,0.0,0.0,0.0,141.3,2.7,0.27,16.7,1065.3,0.06,141.5,48.5,189.9,0.0,0.0,0.0,0.0,0.0,0.0,0.0,0.0,0.0,0.0,0.0,0.0,0.0,0.0,0.0,0.0,0.0,13.7,24.0,37.7,9246.3,9246.3,0.0,0.0,0.0,0.0,0.0,391.2,0.0,0.0,0.0,0.0,0.0,0.0,0.0,8855.1,0.0,0.0
2050-07-28 14:00:00,2050-07-28 12:00:00,2820.0,3747.3,0.0,28.9,6596.2,2699.2,-2816.0,0.0,2816.0,0.0429,0.0737,battery,upv,0.0,0.0,0.0,0.0,0.0,0.0,0.0,0.0,0.0,0.0,0.0,0.0,0.0,0.0,0.0,0.0,0.0,0.0,141.5,2.7,0.27,16.7,1067.1,0.06,141.7,48.5,190.2,0.0,0.0,0.0,0.0,0.0,0.0,0.0,0.0,0.0,0.0,0.0,0.0,0.0,0.0,0.0,0.0,0.0,12.3,0.0,12.3,9412.2,9412.2,0.0,0.0,0.0,0.0,0.0,397.3,0.0,0.0,0.0,0.0,0.0,0.0,0.0,9014.8,0.0,0.0
2050-07-28 15:00:00,2050-07-28 13:00:00,2953.7,3592.1,0.0,28.9,6574.6,2822.7,-2816.0,0.0,2816.0,0.0443,0.0772,upv,upv,0.0,0.0,0.0,0.0,0.0,0.0,0.0,0.0,0.0,0.0,0.0,0.0,0.0,0.0,0.0,0.0,0.0,0.0,141.8,2.7,0.27,16.7,1068.8,0.06,141.9,48.6,190.5,0.0,0.0,0.0,0.0,0.0,0.0,0.0,0.0,0.0,0.0,0.0,0.0,0.0,0.0,0.0,0.0,0.0,0.0,10.3,10.3,9390.6,9390.6,0.0,0.0,0.0,0.0,0.0,396.3,0.0,0.0,0.0,0.0,0.0,0.0,0.0,8985.2,9.2,0.0
2050-07-28 16:00:00,2050-07-28 14:00:00,3067.4,2926.4,0.0,28.9,6022.7,2927.5,-2816.0,0.0,2816.0,0.0456,0.0802,battery,upv,0.0,0.0,0.0,0.0,0.0,0.0,0.0,0.0,0.0,0.0,0.0,0.0,0.0,0.0,0.0,0.0,0.0,0.0,142.0,2.7,0.27,16.8,1070.2,0.06,142.1,48.7,190.8,0.0,0.0,0.0,0.0,0.0,0.0,0.0,0.0,0.0,0.0,0.0,0.0,0.0,0.0,0.0,0.0,0.0,9.6,0.0,9.6,8838.7,8838.7,0.0,0.0,0.0,0.0,0.0,373.2,0.0,0.0,0.0,0.0,0.0,0.0,0.0,8465.5,0.0,0.0
2050-07-28 17:00:00,2050-07-28 15:00:00,3224.2,2431.9,0.0,15.0,5671.1,3071.4,-1918.0,0.0,1918.0,0.0474,0.0843,upv,upv,0.0,0.0,0.0,0.0,0.0,0.0,0.0,0.0,0.0,0.0,0.0,0.0,0.0,0.0,0.0,0.0,0.0,0.0,142.2,2.7,0.27,16.8,1072.2,0.06,142.4,48.8,191.1,0.0,0.0,0.0,0.0,0.0,0.0,0.0,0.0,0.0,4.49,0.0,0.0,4.49,4.91,0.0,0.0,4.91,0.0,0.0,0.0,7589.0,7589.0,0.0,0.0,0.0,0.0,0.0,314.7,0.0,0.0,0.0,0.0,0.0,0.0,0.0,7140.8,133.6,0.0
2050-07-28 18:00:00,2050-07-28 16:00:00,3353.7,768.4,0.0,10.7,4132.8,3189.8,-1640.0,0.0,1640.0,0.0489,0.0877,battery,distpv,0.0,0.0,0.0,0.0,0.0,0.0,0.0,0.0,0.0,0.0,0.0,0.0,0.0,0.0,0.0,0.0,0.0,0.0,144.2,2.7,0.27,17.0,1086.9,0.06,144.3,49.4,193.8,0.0,0.0,0.0,0.0,0.0,0.0,0.0,0.0,0.0,4.7,0.0,0.0,4.7,5.15,0.0,0.0,5.15,0.0,0.0,0.0,5772.8,5772.8,0.0,0.0,0.0,0.0,0.0,242.2,0.0,0.0,0.0,0.0,0.0,0.0,0.0,5496.1,34.5,0.0
2050-07-28 19:00:00,2050-07-28 17:00:00,3497.9,0.0,0.0,8.7,3506.6,3321.1,-271.7,0.0,1344.4,0.0506,0.0915,battery,gas-cc,80.1,1.5,0.15,9.5,604.7,0.03,80.2,27.5,107.7,84.4,1.6,0.16,10.0,636.9,0.04,84.5,29.0,113.5,148.5,2.8,0.28,17.5,1119.3,0.06,148.6,50.9,199.5,446.5,8.4,0.84,52.7,3369.3,0.19,447.0,153.2,600.2,37.77,0.0,0.0,37.77,41.58,0.0,0.0,41.58,0.0,0.0,0.0,4851.0,3778.3,0.0,0.0,0.0,0.0,0.0,158.9,1072.7,0.0,0.0,0.0,0.0,0.0,0.0,3605.9,13.5,0.0
2050-07-28 20:00:00,2050-07-28 18:00:00,3587.4,0.0,0.0,10.7,3598.0,3402.2,2967.7,0.0,1640.0,0.0516,0.0938,battery,gas-cc,74.2,1.4,0.14,8.8,560.1,0.03,74.3,25.5,99.8,78.8,1.5,0.15,9.3,595.0,0.03,78.9,27.1,106.0,147.9,2.8,0.28,17.5,1114.9,0.06,148.0,50.7,198.8,450.4,8.5,0.85,53.2,3398.5,0.2,450.8,154.5,605.4,37.77,0.0,0.0,37.77,41.68,0.0,0.0,41.68,0.0,0.0,0.0,5238.0,630.3,3534.9,0.0,0.0,0.0,0.0,20.6,1072.7,0.0,0.0,0.0,0.0,0.0,0.0,467.3,142.4,0.0
2050-07-28 21:00:00,2050-07-28 19:00:00,3503.2,0.0,0.0,10.4,3513.5,3325.8,3371.5,0.0,1597.7,0.0506,0.0916,battery,gas-cc,76.1,1.4,0.14,9.0,574.0,0.03,76.1,26.1,102.2,80.8,1.5,0.15,9.6,609.6,0.04,80.9,27.7,108.6,148.8,2.8,0.28,17.6,1122.0,0.06,149.0,51.0,200.0,431.3,8.1,0.81,51.0,3254.9,0.19,431.8,148.0,579.8,37.77,833.15,0.0,870.92,41.58,917.17,0.0,958.75,0.0,0.0,0.0,5111.3,142.0,3896.5,0.0,0.0,0.0,0.0,0.0,1072.7,0.0,0.0,0.0,0.0,0.0,0.0,0.0,142.0,0.0
2050-07-28 22:00:00,2050-07-28 20:00:00,3327.4,0.0,0.0,10.7,3338.0,3165.7,3192.7,0.0,1640.0,0.0486,0.087,battery,gas-cc,78.1,1.5,0.15,9.2,589.3,0.03,78.2,26.8,105.0,82.7,1.6,0.16,9.8,624.4,0.04,82.8,28.4,111.2,170.8,3.2,0.32,20.2,1288.1,0.07,171.0,58.6,229.6,447.0,8.4,0.84,52.8,3373.2,0.19,447.5,153.4,600.9,37.77,0.0,0.0,37.77,41.37,0.0,0.0,41.37,0.0,0.0,0.0,4978.0,145.3,3759.9,0.0,0.0,0.0,0.0,0.0,1072.7,0.0,0.0,0.0,0.0,0.0,0.0,0.0,145.3,0.0
2050-07-28 23:00:00,2050-07-28 21:00:00,3054.7,0.0,0.0,10.7,3065.4,2915.9,2973.9,0.0,1640.0,0.0455,0.0799,battery,gas-cc,82.6,1.6,0.16,9.8,623.5,0.04,82.7,28.3,111.1,87.2,1.6,0.16,10.3,658.1,0.04,87.3,29.9,117.2,152.1,2.9,0.29,18.0,1146.5,0.07,152.2,52.1,204.4,443.5,8.4,0.84,52.4,3347.0,0.19,444.0,152.2,596.2,37.77,0.0,0.0,37.77,41.05,0.0,0.0,41.05,0.0,0.0,0.0,4705.4,91.5,3541.1,0.0,0.0,0.0,0.0,0.0,1072.7,0.0,0.0,0.0,0.0,0.0,0.0,0.0,91.5,0.0
2050-07-29 00:00:00,2050-07-28 22:00:00,2830.5,0.0,0.0,8.1,2838.7,2708.9,2672.3,0.0,1251.1,0.043,0.074,battery,gas-cc,95.1,1.8,0.18,11.2,717.3,0.04,95.2,32.6,127.8,99.9,1.9,0.19,11.8,754.1,0.04,100.0,34.3,134.3,147.1,2.8,0.28,17.4,1109.0,0.06,147.3,50.4,197.7,384.3,7.2,0.72,45.4,2899.6,0.17,384.7,131.8,516.5,38.16,0.0,0.0,38.16,41.21,0.0,0.0,41.21,0.0,0.0,0.0,4089.7,166.4,2850.6,0.0,0.0,0.0,0.0,0.0,1072.7,0.0,0.0,0.0,0.0,0.0,0.0,0.0,166.4,0.0
2050-07-29 01:00:00,2050-07-28 23:00:00,2585.3,0.0,0.0,7.4,2592.6,2481.0,2502.2,0.0,1134.2,0.0403,0.0676,battery,gas-cc,104.3,2.0,0.2,12.3,787.2,0.05,104.4,35.8,140.2,109.3,2.1,0.21,12.9,824.8,0.05,109.4,37.5,146.9,146.6,2.8,0.28,17.3,1105.4,0.06,146.8,50.3,197.1,381.6,7.2,0.72,45.1,2879.7,0.17,382.0,130.9,513.0,38.16,0.0,0.0,38.16,40.93,0.0,0.0,40.93,0.0,0.0,0.0,3726.8,90.4,2563.6,0.0,0.0,0.0,0.0,0.0,1072.7,0.0,0.0,0.0,0.0,0.0,0.0,0.0,90.4,0.0
2050-07-29 02:00:00,2050-07-29 00:00:00,2293.7,0.0,0.0,7.9,2301.6,2208.0,2269.5,0.0,1222.4,0.0373,0.06,battery,gas-cc,110.3,2.1,0.21,13.0,832.5,0.05,110.4,37.9,148.3,115.2,2.2,0.22,13.6,869.3,0.05,115.3,39.5,154.9,144.6,2.7,0.27,17.1,1090.5,0.06,144.8,49.6,194.4,457.0,8.6,0.86,54.0,3448.5,0.2,457.5,156.8,614.3,38.16,0.0,0.0,38.16,40.59,0.0,0.0,40.59,0.0,0.0,0.0,3524.0,32.1,2419.1,0.0,0.0,0.0,0.0,0.0,1072.7,0.0,0.0,0.0,0.0,0.0,0.0,0.0,32.1,0.0
2050-07-29 03:00:00,2050-07-29 01:00:00,2097.9,0.0,0.0,0.4,2098.2,2023.5,2095.2,22.6,0.0,0.0355,0.0549,battery,gas-cc,187.3,3.5,0.35,22.1,1413.4,0.08,187.5,64.3,251.8,192.5,3.6,0.36,22.8,1452.7,0.08,192.7,66.1,258.8,145.2,2.7,0.27,17.2,1094.9,0.06,145.4,49.8,195.2,454.5,8.6,0.86,53.7,3429.8,0.2,455.0,156.0,611.0,38.16,0.0,0.0,38.16,40.37,0.0,0.0,40.37,0.0,0.0,0.0,2075.6,3.1,999.8,0.0,0.0,0.0,0.0,0.0,1072.7,0.0,0.0,0.0,0.0,0.0,0.0,0.0,3.1,0.0
2050-07-29 04:00:00,2050-07-29 02:00:00,1969.5,0.0,0.0,0.0,1969.5,1901.9,1965.5,0.0,0.0,0.0343,0.0515,battery,gas-cc,197.4,3.7,0.37,23.3,1489.6,0.09,197.6,67.7,265.3,204.8,3.9,0.39,24.2,1545.4,0.09,205.0,70.3,275.3,145.2,2.7,0.27,17.2,1095.0,0.06,145.4,49.8,195.2,452.9,8.5,0.85,53.5,3417.7,0.2,453.4,155.4,608.8,38.16,0.0,0.0,38.16,40.23,0.0,0.0,40.23,0.0,0.0,0.0,1969.5,4.0,892.8,0.0,0.0,0.0,0.0,0.0,1072.7,0.0,0.0,0.0,0.0,0.0,0.0,0.0,4.0,0.0
2050-07-29 05:00:00,2050-07-29 03:00:00,1845.3,0.0,0.0,0.0,1845.3,1783.9,1841.6,0.0,0.0,0.0333,0.0483,battery,gas-cc,210.7,4.0,0.4,24.9,1589.8,0.09,210.9,72.3,283.2,218.3,4.1,0.41,25.8,1647.3,0.09,218.5,74.9,293.4,145.0,2.7,0.27,17.1,1093.0,0.06,145.1,49.7,194.9,451.4,8.5,0.85,53.3,3406.0,0.2,451.8,154.9,606.7,38.16,0.0,0.0,38.16,40.09,0.0,0.0,40.09,0.0,0.0,0.0,1845.3,3.7,768.8,0.0,0.0,0.0,0.0,0.0,1072.7,0.0,0.0,0.0,0.0,0.0,0.0,0.0,3.7,0.0
2050-07-29 06:00:00,2050-07-29 04:00:00,1765.3,0.0,0.0,0.0,1765.3,1707.7,1760.9,0.0,0.0,0.0326,0.0462,battery,gas-cc,220.2,4.2,0.42,26.0,1661.9,0.1,220.5,75.6,296.0,228.0,4.3,0.43,26.9,1720.5,0.1,228.2,78.2,306.5,145.8,2.8,0.28,17.2,1099.3,0.06,146.0,50.0,196.0,450.4,8.5,0.85,53.2,3398.5,0.2,450.8,154.5,605.4,38.16,0.0,0.0,38.16,40.01,0.0,0.0,40.01,0.0,0.0,0.0,1765.3,4.4,688.1,0.0,0.0,0.0,0.0,0.0,1072.7,0.0,0.0,0.0,0.0,0.0,0.0,0.0,4.4,0.0
2050-07-29 07:00:00,2050-07-29 05:00:00,1706.3,0.0,0.0,0.0,1706.3,1651.4,1648.9,0.0,0.0,0.0322,0.0446,battery,gas-cc,227.8,4.3,0.43,26.9,1719.3,0.1,228.1,78.2,306.3,235.7,4.4,0.44,27.9,1778.7,0.1,236.0,80.9,316.8,144.9,2.7,0.27,17.1,1092.7,0.06,145.1,49.7,194.8,449.6,8.5,0.85,53.1,3393.0,0.19,450.1,154.3,604.4,38.16,0.0,0.0,38.16,39.94,0.0,0.0,39.94,0.0,0.0,0.0,1706.3,57.4,576.1,0.0,0.0,0.0,0.0,2.1,1072.7,0.0,0.0,0.0,0.0,0.0,0.0,47.6,7.7,0.0
2050-07-29 08:00:00,2050-07-29 06:00:00,1633.7,465.8,0.0,12.1,2111.5,1581.9,1243.2,1243.2,0.0,0.0317,0.0427,battery,gas-cc,0.0,0.0,0.0,0.0,0.0,0.0,0.0,0.0,0.0,0.0,0.0,0.0,0.9,2.0,0.02,0.0,0.9,0.9,139.9,2.6,0.26,16.5,1054.8,0.06,140.1,48.0,188.0,359.0,6.8,0.68,42.4,2708.8,0.16,359.3,123.2,482.5,28.32,0.0,0.0,28.32,29.59,0.0,0.0,29.59,0.0,0.0,0.0,868.4,868.4,0.0,0.0,0.0,0.0,0.0,36.0,0.0,0.0,0.0,0.0,0.0,0.0,0.0,817.9,14.4,0.0
2050-07-29 09:00:00,2050-07-29 07:00:00,1718.9,1750.6,0.0,12.1,3481.7,1663.5,1243.2,1243.2,0.0,0.0323,0.045,battery,gas-cc,0.0,0.0,0.0,0.0,0.0,0.0,0.0,0.0,0.0,0.0,0.0,0.0,0.4,0.8,0.01,0.0,0.4,0.4,140.0,2.6,0.26,16.5,1055.5,0.06,140.2,48.0,188.2,359.8,6.8,0.68,42.5,2715.1,0.16,360.2,123.5,483.6,28.32,0.0,0.0,28.32,29.66,0.0,0.0,29.66,0.0,0.0,0.0,2238.5,2238.5,0.0,0.0,0.0,0.0,0.0,93.3,0.0,0.0,0.0,0.0,0.0,0.0,0.0,2116.4,28.8,0.0
2050-07-29 10:00:00,2050-07-29 08:00:00,1845.3,2669.2,0.0,12.1,4526.6,1783.9,1243.2,1243.2,0.0,0.0333,0.0483,battery,gas-cc,0.0,0.0,0.0,0.0,0.0,0.0,0.0,0.0,0.0,0.0,0.0,0.0,0.2,0.5,0.0,0.0,0.2,0.2,140.1,2.6,0.27,16.6,1056.5,0.06,140.3,48.1,188.4,361.0,6.8,0.68,42.7,2724.5,0.16,361.4,123.9,485.3,28.32,0.0,0.0,28.32,29.76,0.0,0.0,29.76,0.0,0.0,0.0,3283.4,3283.4,0.0,0.0,0.0,0.0,0.0,136.8,0.0,0.0,0.0,0.0,0.0,0.0,0.0,3103.5,43.2,0.0
2050-07-29 11:00:00,2050-07-29 09:00:00,1992.6,3823.1,0.0,12.1,5827.8,1923.9,1243.2,1243.2,0.0,0.0345,0.0521,battery,gas-cc,0.0,0.0,0.0,0.0,0.0,0.0,0.0,0.0,0.0,0.0,0.0,0.0,0.2,0.4,0.0,0.0,0.2,0.2,140.3,2.6,0.27,16.6,1057.9,0.06,140.5,48.1,188.6,362.5,6.8,0.68,42.8,2735.6,0.16,362.9,124.4,487.3,28.32,0.0,0.0,28.32,29.88,0.0,0.0,29.88,0.0,0.0,0.0,4584.7,4584.7,0.0,0.0,0.0,0.0,0.0,191.3,0.0,0.0,0.0,0.0,0.0,0.0,0.0,4339.4,54.0,0.0
2050-07-29 12:00:00,2050-07-29 10:00:00,2147.4,4019.6,0.0,1.6,6168.5,2070.2,-245.5,0.0,245.5,0.0359,0.0562,battery,upv,0.0,0.0,0.0,0.0,0.0,0.0,0.0,0.0,0.0,0.0,0.0,0.0,0.0,0.0,0.0,0.0,0.0,0.0,140.5,2.7,0.27,16.6,1059.4,0.06,140.7,48.2,188.9,0.0,0.0,0.0,0.0,0.0,0.0,0.0,0.0,0.0,0.0,0.0,0.0,0.0,0.0,0.0,0.0,0.0,0.0,0.0,0.0,6414.0,6414.0,0.0,0.0,0.0,0.0,0.0,268.3,0.0,0.0,0.0,0.0,0.0,0.0,0.0,6087.4,58.3,0.0
2050-07-29 13:00:00,2050-07-29 11:00:00,2278.9,4019.6,0.0,0.2,6298.7,2194.2,-33.5,0.0,33.5,0.0372,0.0596,battery,upv,0.0,0.0,0.0,0.0,0.0,0.0,0.0,0.0,0.0,0.0,0.0,0.0,0.0,0.0,0.0,0.0,0.0,0.0,140.7,2.7,0.27,16.6,1060.8,0.06,140.9,48.3,189.1,0.0,0.0,0.0,0.0,0.0,0.0,0.0,0.0,0.0,0.0,0.0,0.0,0.0,0.0,0.0,0.0,0.0,0.0,0.0,0.0,6332.2,6332.2,0.0,0.0,0.0,0.0,0.0,265.1,0.0,0.0,0.0,0.0,0.0,0.0,0.0,6016.3,50.8,0.0
2050-07-29 14:00:00,2050-07-29 12:00:00,2402.1,4019.6,0.0,7.9,6429.5,2309.8,592.4,592.4,0.0,0.0384,0.0628,battery,upv,0.0,0.0,0.0,0.0,0.0,0.0,0.0,0.0,0.0,0.0,0.0,0.0,0.0,0.1,0.0,0.0,0.0,0.0,140.9,2.7,0.27,16.6,1062.2,0.06,141.0,48.3,189.4,0.0,0.0,0.0,0.0,0.0,0.0,0.0,0.0,0.0,0.03,0.0,0.0,0.03,0.04,0.0,0.0,0.04,0.0,0.0,0.0,5837.2,5837.2,0.0,0.0,0.0,0.0,0.0,243.4,0.0,0.0,0.0,0.0,0.0,0.0,0.0,5525.2,68.5,0.0
2050-07-29 15:00:00,2050-07-29 13:00:00,2515.8,3184.6,0.0,12.1,5712.4,2416.2,1243.2,1243.2,0.0,0.0396,0.0658,battery,gas-cc,0.0,0.0,0.0,0.0,0.0,0.0,0.0,0.0,0.0,0.0,0.0,0.0,0.2,0.4,0.0,0.0,0.2,0.2,141.1,2.7,0.27,16.7,1063.5,0.06,141.2,48.4,189.6,367.8,6.9,0.69,43.5,2775.7,0.16,368.2,126.2,494.4,28.32,0.0,0.0,28.32,30.32,0.0,0.0,30.32,0.0,0.0,0.0,4469.3,4469.3,0.0,0.0,0.0,0.0,0.0,182.2,0.0,0.0,0.0,0.0,0.0,0.0,0.0,4135.8,151.2,0.0
2050-07-29 16:00:00,2050-07-29 14:00:00,2631.6,1980.2,0.0,12.1,4623.9,2524.2,1243.2,1243.2,0.0,0.0408,0.0688,battery,gas-cc,0.0,0.0,0.0,0.0,0.0,0.0,0.0,0.0,0.0,0.0,0.0,0.0,0.3,0.6,0.01,0.0,0.3,0.3,141.2,2.7,0.27,16.7,1064.8,0.06,141.4,48.4,189.8,369.0,7.0,0.7,43.6,2784.7,0.16,369.4,126.6,496.0,28.32,0.0,0.0,28.32,30.42,0.0,0.0,30.42,0.0,0.0,0.0,3380.7,3380.7,0.0,0.0,0.0,0.0,0.0,134.8,0.0,0.0,0.0,0.0,0.0,0.0,0.0,3059.9,186.1,0.0
2050-07-29 17:00:00,2050-07-29 15:00:00,2757.9,1182.6,0.0,12.1,3952.6,2641.6,1243.2,1243.2,0.0,0.0422,0.0721,battery,gas-cc,0.0,0.0,0.0,0.0,0.0,0.0,0.0,0.0,0.0,0.0,0.0,0.0,0.3,0.7,0.01,0.0,0.3,0.3,143.9,2.7,0.27,17.0,1084.8,0.06,144.0,49.3,193.4,370.3,7.0,0.7,43.7,2794.6,0.16,370.7,127.1,497.8,28.32,0.0,0.0,28.32,30.52,0.0,0.0,30.52,0.0,0.0,0.0,2709.4,2709.4,0.0,0.0,0.0,0.0,0.0,108.2,0.0,0.0,0.0,0.0,0.0,0.0,0.0,2455.7,145.6,0.0
2050-07-29 18:00:00,2050-07-29 16:00:00,2853.7,0.0,0.0,12.1,2865.8,2730.3,2209.5,1243.2,0.0,0.0432,0.0746,gas-cc,gas-cc,41.8,0.8,0.08,4.9,315.2,0.02,41.8,14.3,56.1,25.0,0.5,0.05,3.3,189.2,0.02,25.0,9.0,34.0,144.0,2.7,0.27,17.0,1086.0,0.06,144.2,49.4,193.6,391.6,7.4,0.74,46.3,2955.3,0.17,392.0,134.4,526.4,33.36,0.0,0.0,33.36,36.05,0.0,0.0,36.05,0.0,0.0,0.0,1622.6,656.3,779.3,0.0,0.0,0.0,0.0,25.4,187.0,0.0,0.0,0.0,0.0,0.0,0.0,575.5,55.4,0.0
2050-07-29 19:00:00,2050-07-29 17:00:00,2905.3,0.0,0.0,0.0,2905.3,2778.0,2621.4,0.0,0.0,0.0438,0.076,battery,gas-cc,133.8,2.5,0.25,15.8,1009.8,0.06,134.0,45.9,179.9,140.4,2.6,0.26,16.6,1059.5,0.06,140.6,48.2,188.7,153.1,2.9,0.29,18.1,1154.4,0.07,153.3,52.5,205.8,392.2,7.4,0.74,46.3,2959.6,0.17,392.6,134.6,527.2,33.36,0.0,0.0,33.36,36.1,0.0,0.0,36.1,0.0,0.0,0.0,2905.3,283.9,1548.6,0.0,0.0,0.0,0.0,9.7,1072.7,0.0,0.0,0.0,0.0,0.0,0.0,220.9,53.2,0.0
2050-07-29 20:00:00,2050-07-29 18:00:00,2814.7,0.0,0.0,9.6,2824.4,2694.3,2735.6,0.0,1483.4,0.0428,0.0736,battery,gas-cc,90.2,1.7,0.17,10.7,681.0,0.04,90.3,31.0,121.3,94.9,1.8,0.18,11.2,716.3,0.04,95.0,32.6,127.6,146.6,2.8,0.28,17.3,1105.5,0.06,146.8,50.3,197.1,391.2,7.4,0.74,46.2,2952.0,0.17,391.6,134.2,525.8,33.36,0.0,0.0,33.36,36.01,0.0,0.0,36.01,0.0,0.0,0.0,4307.8,88.8,3146.3,0.0,0.0,0.0,0.0,2.7,1072.7,0.0,0.0,0.0,0.0,0.0,0.0,62.2,23.9,0.0
2050-07-29 21:00:00,2050-07-29 19:00:00,2695.8,0.0,0.0,1.6,2697.4,2583.9,2671.9,0.0,250.5,0.0415,0.0705,battery,gas-cc,0.0,0.0,0.0,0.0,0.0,0.0,0.0,0.0,0.0,0.9,0.0,0.0,0.1,6.5,0.0,0.9,0.3,1.2,160.2,3.0,0.3,18.9,1207.7,0.07,160.3,54.9,215.3,389.9,7.3,0.73,46.1,2942.1,0.17,390.3,133.8,524.1,33.36,0.0,0.0,33.36,35.89,0.0,0.0,35.89,0.0,0.0,0.0,2947.9,25.5,2922.4,0.0,0.0,0.0,0.0,0.0,0.0,0.0,0.0,0.0,0.0,0.0,0.0,0.0,25.5,0.0
2050-07-29 22:00:00,2050-07-29 20:00:00,2503.2,0.0,0.0,6.0,2509.1,2404.4,2487.4,0.0,918.6,0.0395,0.0655,battery,gas-cc,0.0,0.0,0.0,0.0,0.0,0.0,0.0,0.0,0.0,0.9,0.0,0.0,0.1,6.5,0.0,0.9,0.3,1.2,146.4,2.8,0.28,17.3,1103.6,0.06,146.5,50.2,196.7,387.8,7.3,0.73,45.8,2926.3,0.17,388.2,133.1,521.3,33.36,0.0,0.0,33.36,35.69,0.0,0.0,35.69,0.0,0.0,0.0,3427.7,21.7,3406.0,0.0,0.0,0.0,0.0,0.0,0.0,0.0,0.0,0.0,0.0,0.0,0.0,0.0,21.7,0.0
2050-07-29 23:00:00,2050-07-29 21:00:00,2273.7,0.0,0.0,8.8,2282.5,2189.2,2273.0,0.0,1356.9,0.0371,0.0595,battery,gas-cc,0.0,0.0,0.0,0.0,0.0,0.0,0.0,0.0,0.0,0.9,0.0,0.0,0.1,6.5,0.0,0.9,0.3,1.2,201.4,3.8,0.38,23.8,1519.3,0.09,201.6,69.1,270.7,385.3,7.3,0.73,45.5,2907.6,0.17,385.7,132.2,517.9,33.36,0.0,0.0,33.36,35.46,0.0,0.0,35.46,0.0,0.0,0.0,3639.4,9.5,3629.9,0.0,0.0,0.0,0.0,0.0,0.0,0.0,0.0,0.0,0.0,0.0,0.0,0.0,9.5,0.0
2050-07-30 00:00:00,2050-07-29 22:00:00,2183.2,0.0,0.0,0.7,2183.9,2104.0,2176.0,0.0,107.1,0.0363,0.0571,battery,gas-cc,169.7,3.2,0.32,20.0,1280.5,0.07,169.9,58.2,228.1,176.5,3.3,0.33,20.9,1332.2,0.08,176.7,60.6,237.3,145.8,2.8,0.28,17.2,1099.4,0.06,146.0,50.0,196.0,432.8,8.2,0.82,51.1,3266.1,0.19,433.3,148.5,581.8,37.47,0.0,0.0,37.47,39.74,0.0,0.0,39.74,0.0,0.0,0.0,2291.0,7.9,1210.4,0.0,0.0,0.0,0.0,0.0,1072.7,0.0,0.0,0.0,0.0,0.0,0.0,0.0,7.9,0.0
2050-07-30 01:00:00,2050-07-29 23:00:00,2028.4,0.0,0.0,3.3,2031.7,1957.8,2022.3,0.0,508.2,0.0348,0.053,gas-cc,gas-cc,153.1,2.9,0.29,18.1,1155.0,0.07,153.2,52.5,205.7,159.1,3.0,0.3,18.8,1200.5,0.07,159.2,54.6,213.8,144.4,2.7,0.27,17.1,1088.6,0.06,144.6,49.5,194.1,371.5,7.0,0.7,43.9,2803.4,0.16,371.9,127.5,499.4,37.47,0.0,0.0,37.47,39.57,0.0,0.0,39.57,0.0,0.0,0.0,2539.9,9.4,1457.8,0.0,0.0,0.0,0.0,0.0,1072.7,0.0,0.0,0.0,0.0,0.0,0.0,0.0,9.4,0.0
2050-07-30 02:00:00,2050-07-30 00:00:00,1840.0,0.0,0.0,8.6,1848.6,1778.9,1838.4,0.0,1321.7,0.0332,0.0481,gas-cc,gas-cc,122.6,2.3,0.23,14.5,925.3,0.05,122.8,42.1,164.8,127.4,2.4,0.24,15.1,961.4,0.06,127.5,43.7,171.3,142.2,2.7,0.27,16.8,1072.4,0.06,142.4,48.8,191.2,369.6,7.0,0.7,43.7,2788.8,0.16,370.0,126.8,496.8,37.47,0.0,0.0,37.47,39.37,0.0,0.0,39.37,0.0,0.0,0.0,3170.3,10.2,2087.4,0.0,0.0,0.0,0.0,0.0,1072.7,0.0,0.0,0.0,0.0,0.0,0.0,0.0,10.2,0.0
2050-07-30 03:00:00,2050-07-30 01:00:00,1716.8,0.0,0.0,2.9,1719.7,1661.4,1698.4,0.0,442.5,0.0323,0.0449,battery,gas-cc,179.8,3.4,0.34,21.2,1356.8,0.08,180.0,61.7,241.7,186.2,3.5,0.35,22.0,1405.2,0.08,186.4,63.9,250.3,144.4,2.7,0.27,17.1,1088.7,0.06,144.6,49.5,194.1,427.3,8.1,0.81,50.5,3224.4,0.19,427.8,146.6,574.4,37.47,0.0,0.0,37.47,39.23,0.0,0.0,39.23,0.0,0.0,0.0,2162.2,21.4,1068.1,0.0,0.0,0.0,0.0,0.0,1072.7,0.0,0.0,0.0,0.0,0.0,0.0,0.0,21.4,0.0
2050-07-30 04:00:00,2050-07-30 02:00:00,1626.3,0.0,0.0,1.6,1627.9,1574.9,1596.8,0.0,247.9,0.0316,0.0425,battery,gas-cc,207.2,3.9,0.39,24.5,1563.9,0.09,207.5,71.1,278.6,214.4,4.0,0.4,25.3,1617.7,0.09,214.6,73.6,288.2,144.1,2.7,0.27,17.0,1086.4,0.06,144.3,49.4,193.7,426.2,8.0,0.8,50.4,3216.4,0.18,426.7,146.3,572.9,37.47,0.0,0.0,37.47,39.14,0.0,0.0,39.14,0.0,0.0,0.0,1875.8,31.2,771.9,0.0,0.0,0.0,0.0,0.0,1072.7,0.0,0.0,0.0,0.0,0.0,0.0,0.0,31.2,0.0
2050-07-30 05:00:00,2050-07-30 03:00:00,1549.5,0.0,0.0,1.1,1550.6,1501.2,1519.7,0.0,171.7,0.0311,0.0405,battery,gas-cc,225.7,4.3,0.43,26.7,1703.4,0.1,226.0,77.5,303.4,233.3,4.4,0.44,27.6,1760.4,0.1,233.5,80.1,313.6,145.0,2.7,0.27,17.1,1093.3,0.06,145.2,49.7,194.9,425.3,8.0,0.8,50.2,3209.7,0.18,425.8,145.9,571.7,37.47,0.0,0.0,37.47,39.05,0.0,0.0,39.05,0.0,0.0,0.0,1722.3,30.9,618.7,0.0,0.0,0.0,0.0,0.0,1072.7,0.0,0.0,0.0,0.0,0.0,0.0,0.0,30.9,0.0
2050-07-30 06:00:00,2050-07-30 04:00:00,1500.0,0.0,0.0,0.0,1500.0,1453.7,1473.6,0.0,0.0,0.0309,0.0392,battery,gas-cc,259.2,4.9,0.49,30.6,1955.8,0.11,259.5,88.9,348.4,267.7,5.0,0.5,31.6,2019.8,0.12,267.9,91.8,359.8,145.5,2.7,0.28,17.2,1096.7,0.06,145.6,49.9,195.5,424.8,8.0,0.8,50.2,3205.4,0.18,425.2,145.7,571.0,37.47,0.0,0.0,37.47,39.0,0.0,0.0,39.0,0.0,0.0,0.0,1500.0,26.4,400.9,0.0,0.0,0.0,0.0,0.0,1072.7,0.0,0.0,0.0,0.0,0.0,0.0,0.0,26.4,0.0
2050-07-30 07:00:00,2050-07-30 05:00:00,1461.1,0.0,0.0,1.7,1462.7,1416.3,1180.5,107.8,0.0,0.0306,0.0382,hydro,gas-cc,286.9,5.4,0.54,33.9,2165.2,0.12,287.2,98.4,385.7,274.2,5.2,0.52,32.4,2069.0,0.12,274.5,94.1,368.6,144.4,2.7,0.27,17.1,1088.6,0.06,144.6,49.5,194.1,402.7,7.6,0.76,47.6,3038.6,0.17,403.1,138.2,541.3,35.46,0.0,0.0,35.46,36.87,0.0,0.0,36.87,0.0,0.0,0.0,1354.9,282.2,0.0,0.0,0.0,0.0,0.0,10.8,1072.7,0.0,0.0,0.0,0.0,0.0,0.0,244.8,26.7,0.0
2050-07-30 08:00:00,2050-07-30 06:00:00,1409.5,2917.5,0.0,0.4,4327.4,1366.6,-59.6,0.0,59.6,0.0304,0.0369,battery,distpv,0.0,0.0,0.0,0.0,0.0,0.0,0.0,0.0,0.0,0.0,0.0,0.0,0.0,0.0,0.0,0.0,0.0,0.0,139.7,2.6,0.26,16.5,1053.4,0.06,139.9,47.9,187.8,0.0,0.0,0.0,0.0,0.0,0.0,0.0,0.0,0.0,4.53,0.0,0.0,4.53,4.7,0.0,0.0,4.7,0.0,0.0,0.0,4387.0,4387.0,0.0,0.0,0.0,0.0,0.0,184.0,0.0,0.0,0.0,0.0,0.0,0.0,0.0,4174.6,28.5,0.0
2050-07-30 09:00:00,2050-07-30 07:00:00,1528.4,4019.6,0.0,24.2,5572.2,1481.0,-2511.0,0.0,2511.0,0.031,0.04,battery,distpv,0.0,0.0,0.0,0.0,0.0,0.0,0.0,0.0,0.0,0.0,0.0,0.0,0.0,0.0,0.0,0.0,0.0,0.0,139.9,2.6,0.26,16.5,1054.6,0.06,140.0,48.0,188.0,0.0,0.0,0.0,0.0,0.0,0.0,0.0,0.0,0.0,4.32,0.0,0.0,4.32,4.5,0.0,0.0,4.5,0.0,0.0,0.0,8083.2,8083.2,0.0,0.0,0.0,0.0,0.0,339.4,0.0,0.0,0.0,0.0,0.0,0.0,0.0,7703.0,40.8,0.0
2050-07-30 10:00:00,2050-07-30 08:00:00,1690.5,4019.6,0.0,28.9,5739.0,1636.3,-2816.0,0.0,2816.0,0.0321,0.0442,upv,upv,0.0,0.0,0.0,0.0,0.0,0.0,0.0,0.0,0.0,0.0,0.0,0.0,0.0,0.0,0.0,0.0,0.0,0.0,147.0,2.8,0.28,17.4,1108.7,0.06,147.2,50.4,197.6,0.0,0.0,0.0,0.0,0.0,0.0,0.0,0.0,0.0,0.0,0.0,0.0,0.0,0.0,0.0,0.0,0.0,59.2,998.6,1057.9,8555.0,8555.0,0.0,0.0,0.0,0.0,0.0,403.1,0.0,0.0,0.0,0.0,0.0,0.0,0.0,8151.9,0.0,0.0
2050-07-30 11:00:00,2050-07-30 09:00:00,1894.7,4019.6,0.0,28.9,5943.2,1830.9,-2816.0,0.0,2816.0,0.0337,0.0495,upv,upv,0.0,0.0,0.0,0.0,0.0,0.0,0.0,0.0,0.0,0.0,0.0,0.0,0.0,0.0,0.0,0.0,0.0,0.0,140.4,2.6,0.27,16.6,1058.4,0.06,140.5,48.1,188.7,0.0,0.0,0.0,0.0,0.0,0.0,0.0,0.0,0.0,0.0,0.0,0.0,0.0,0.0,0.0,0.0,0.0,59.0,983.3,1042.3,8759.2,8759.2,0.0,0.0,0.0,0.0,0.0,411.1,0.0,0.0,0.0,0.0,0.0,0.0,0.0,8348.2,0.0,0.0
2050-07-30 12:00:00,2050-07-30 10:00:00,2124.2,4019.6,0.0,27.8,6171.6,2048.3,-2743.6,0.0,2743.6,0.0357,0.0556,upv,upv,0.0,0.0,0.0,0.0,0.0,0.0,0.0,0.0,0.0,0.0,0.0,0.0,0.0,0.0,0.0,0.0,0.0,0.0,141.7,2.7,0.27,16.7,1068.5,0.06,141.9,48.6,190.5,0.0,0.0,0.0,0.0,0.0,0.0,0.0,0.0,0.0,4.32,0.0,0.0,4.32,4.58,0.0,0.0,4.58,0.0,0.0,0.0,8915.1,8915.1,0.0,0.0,0.0,0.0,0.0,374.2,0.0,0.0,0.0,0.0,0.0,0.0,0.0,8491.4,49.5,0.0
2050-07-30 13:00:00,2050-07-30 11:00:00,2306.3,3265.5,0.0,5.2,5577.0,2219.9,-795.5,0.0,795.5,0.0375,0.0603,upv,upv,0.0,0.0,0.0,0.0,0.0,0.0,0.0,0.0,0.0,0.0,0.0,0.0,0.0,0.0,0.0,0.0,0.0,0.0,141.6,2.7,0.27,16.7,1067.7,0.06,141.8,48.6,190.4,0.0,0.0,0.0,0.0,0.0,0.0,0.0,0.0,0.0,4.53,0.0,0.0,4.53,4.82,0.0,0.0,4.82,0.0,0.0,0.0,6372.5,6372.5,0.0,0.0,0.0,0.0,0.0,267.1,0.0,0.0,0.0,0.0,0.0,0.0,0.0,6061.6,43.8,0.0
2050-07-30 14:00:00,2050-07-30 12:00:00,2494.7,2431.9,0.0,0.3,4926.9,2396.5,19.7,19.7,0.0,0.0394,0.0652,upv,upv,0.0,0.0,0.0,0.0,0.0,0.0,0.0,0.0,0.0,0.0,0.0,0.0,0.0,0.0,0.0,0.0,0.0,0.0,143.5,2.7,0.27,17.0,1082.1,0.06,143.7,49.2,192.9,0.0,0.0,0.0,0.0,0.0,0.0,0.0,0.0,0.0,4.63,0.0,0.0,4.63,4.96,0.0,0.0,4.96,0.0,0.0,0.0,4907.3,4907.3,0.0,0.0,0.0,0.0,0.0,205.5,0.0,0.0,0.0,0.0,0.0,0.0,0.0,4662.5,39.2,0.0
2050-07-30 15:00:00,2050-07-30 13:00:00,2644.2,1706.1,0.0,12.1,4362.4,2535.9,1243.2,1243.2,0.0,0.041,0.0691,battery,gas-cc,0.0,0.0,0.0,0.0,0.0,0.0,0.0,0.0,0.0,0.0,0.0,0.0,0.3,0.6,0.01,0.0,0.3,0.3,142.1,2.7,0.27,16.8,1070.2,0.06,142.3,48.7,190.9,369.2,7.0,0.7,43.6,2785.7,0.16,369.6,126.7,496.2,29.5,0.0,0.0,29.5,31.7,0.0,0.0,31.7,0.0,0.0,0.0,3119.2,3119.2,0.0,0.0,0.0,0.0,0.0,127.3,0.0,0.0,0.0,0.0,0.0,0.0,0.0,2888.6,103.3,0.0
2050-07-30 16:00:00,2050-07-30 14:00:00,2724.2,931.2,0.0,12.1,3667.5,2610.3,1243.2,1243.2,0.0,0.0418,0.0712,battery,gas-cc,0.0,0.0,0.0,0.0,0.0,0.0,0.0,0.0,0.0,0.0,0.0,0.0,0.3,0.7,0.01,0.0,0.3,0.3,141.7,2.7,0.27,16.7,1068.2,0.06,141.9,48.6,190.4,346.5,6.5,0.65,40.9,2614.7,0.15,346.9,118.9,465.8,29.5,0.0,0.0,29.5,31.77,0.0,0.0,31.77,0.0,0.0,0.0,2424.3,2424.3,0.0,0.0,0.0,0.0,0.0,100.4,0.0,0.0,0.0,0.0,0.0,0.0,0.0,2277.9,46.0,0.0
2050-07-30 17:00:00,2050-07-30 15:00:00,2796.8,0.0,0.0,12.1,2808.9,2677.7,1494.4,1243.2,0.0,0.0426,0.0731,gas-cc,gas-cc,58.2,1.1,0.11,6.9,438.9,0.03,58.2,20.0,78.2,33.9,0.6,0.06,4.4,256.5,0.02,33.9,12.0,45.9,149.5,2.8,0.29,17.7,1124.7,0.07,149.7,51.2,200.9,391.0,7.4,0.74,46.2,2950.5,0.17,391.4,134.2,525.6,33.36,0.0,0.0,33.36,35.99,0.0,0.0,35.99,0.0,0.0,0.0,1565.8,1314.5,0.0,0.0,0.0,0.0,0.0,50.8,251.3,0.0,0.0,0.0,0.0,0.0,0.0,1152.7,111.0,0.0
2050-07-30 18:00:00,2050-07-30 16:00:00,2882.1,0.0,0.0,12.1,2894.2,2756.6,1578.9,1243.2,0.0,0.0435,0.0754,gas-cc,gas-cc,73.7,1.4,0.14,8.7,556.2,0.03,73.8,25.3,99.1,44.0,0.8,0.08,5.6,332.6,0.03,44.0,15.5,59.5,147.4,2.8,0.28,17.4,1111.1,0.06,147.5,50.5,198.1,391.9,7.4,0.74,46.3,2957.7,0.17,392.4,134.5,526.8,33.36,0.0,0.0,33.36,36.07,0.0,0.0,36.07,0.0,0.0,0.0,1651.0,1315.3,0.0,0.0,0.0,0.0,0.0,52.9,335.8,0.0,0.0,0.0,0.0,0.0,0.0,1200.4,62.0,0.0
2050-07-30 19:00:00,2050-07-30 17:00:00,2863.2,0.0,0.0,6.5,2869.7,2739.1,1934.4,0.0,1006.1,0.0433,0.0749,gas-cc,gas-cc,100.3,1.9,0.19,11.8,756.9,0.04,100.4,34.4,134.8,105.3,2.0,0.2,12.4,794.4,0.05,105.4,36.1,141.5,188.5,3.6,0.36,22.3,1421.7,0.08,188.7,64.7,253.4,434.2,8.2,0.82,51.3,3276.3,0.19,434.6,149.0,583.6,34.75,0.0,0.0,34.75,37.56,0.0,0.0,37.56,0.0,0.0,0.0,3875.8,935.3,1867.8,0.0,0.0,0.0,0.0,36.4,1072.7,0.0,0.0,0.0,0.0,0.0,0.0,827.2,71.6,0.0
2050-07-30 20:00:00,2050-07-30 18:00:00,2747.4,0.0,0.0,9.3,2756.7,2631.8,2654.4,0.0,1434.7,0.0421,0.0718,battery,gas-cc,92.8,1.7,0.17,11.0,699.9,0.04,92.9,31.8,124.7,97.4,1.8,0.18,11.5,735.4,0.04,97.6,33.5,131.0,146.5,2.8,0.28,17.3,1104.6,0.06,146.7,50.2,196.9,411.7,7.8,0.78,48.6,3106.7,0.18,412.1,141.3,553.4,34.75,0.0,0.0,34.75,37.44,0.0,0.0,37.44,0.0,0.0,0.0,4191.4,102.3,3016.4,0.0,0.0,0.0,0.0,2.3,1072.7,0.0,0.0,0.0,0.0,0.0,0.0,53.0,47.0,0.0
2050-07-30 21:00:00,2050-07-30 19:00:00,2601.1,0.0,0.0,6.7,2607.7,2495.7,2580.2,0.0,1025.3,0.0405,0.068,battery,gas-cc,107.0,2.0,0.2,12.6,807.5,0.05,107.1,36.7,143.8,112.1,2.1,0.21,13.3,846.2,0.05,112.2,38.5,150.7,147.2,2.8,0.28,17.4,1109.5,0.06,147.3,50.5,197.8,410.0,7.7,0.77,48.4,3093.9,0.18,410.4,140.7,551.1,34.75,0.0,0.0,34.75,37.28,0.0,0.0,37.28,0.0,0.0,0.0,3633.0,27.5,2532.7,0.0,0.0,0.0,0.0,0.0,1072.7,0.0,0.0,0.0,0.0,0.0,0.0,0.0,27.5,0.0
2050-07-30 22:00:00,2050-07-30 20:00:00,2357.9,0.0,0.0,2.7,2360.6,2268.3,2343.7,0.0,410.7,0.038,0.0617,battery,gas-cc,140.3,2.6,0.26,16.6,1058.6,0.06,140.4,48.1,188.6,146.3,2.8,0.28,17.3,1104.4,0.06,146.5,50.2,196.7,146.0,2.8,0.28,17.3,1100.8,0.06,146.2,50.1,196.2,407.2,7.7,0.77,48.1,3072.9,0.18,407.7,139.7,547.4,34.75,0.0,0.0,34.75,37.03,0.0,0.0,37.03,0.0,0.0,0.0,2771.3,16.9,1681.7,0.0,0.0,0.0,0.0,0.0,1072.7,0.0,0.0,0.0,0.0,0.0,0.0,0.0,16.9,0.0
2050-07-30 23:00:00,2050-07-30 21:00:00,2201.1,0.0,0.0,6.0,2207.1,2120.8,2189.8,0.0,925.2,0.0364,0.0576,battery,gas-cc,124.1,2.3,0.23,14.7,936.6,0.05,124.2,42.6,166.8,129.4,2.4,0.24,15.3,976.3,0.06,129.5,44.4,173.9,146.7,2.8,0.28,17.3,1106.2,0.06,146.9,50.3,197.2,405.4,7.6,0.76,47.9,3059.6,0.18,405.9,139.1,545.0,34.75,0.0,0.0,34.75,36.87,0.0,0.0,36.87,0.0,0.0,0.0,3132.3,17.3,2042.2,0.0,0.0,0.0,0.0,0.0,1072.7,0.0,0.0,0.0,0.0,0.0,0.0,0.0,17.3,0.0
2050-07-31 00:00:00,2050-07-30 22:00:00,2105.3,0.0,0.0,9.1,2114.3,2030.5,2110.8,0.0,1394.4,0.0355,0.0551,battery,gas-cc,110.8,2.1,0.21,13.1,836.1,0.05,110.9,38.0,148.9,115.5,2.2,0.22,13.7,871.4,0.05,115.6,39.6,155.2,152.4,2.9,0.29,18.0,1149.2,0.07,152.6,52.3,204.9,372.3,7.0,0.7,44.0,2809.3,0.16,372.7,127.7,500.4,37.47,0.0,0.0,37.47,39.65,0.0,0.0,39.65,0.0,0.0,0.0,3508.7,3.6,2432.4,0.0,0.0,0.0,0.0,0.0,1072.7,0.0,0.0,0.0,0.0,0.0,0.0,0.0,3.6,0.0
2050-07-31 01:00:00,2050-07-30 23:00:00,1953.7,0.0,0.0,8.3,1962.0,1886.9,1961.8,0.0,1284.5,0.0342,0.0511,battery,gas-cc,119.7,2.3,0.23,14.1,903.6,0.05,119.9,41.1,161.0,124.6,2.3,0.23,14.7,940.0,0.05,124.7,42.8,167.5,145.3,2.7,0.27,17.2,1095.3,0.06,145.4,49.8,195.3,430.1,8.1,0.81,50.8,3245.5,0.19,430.5,147.6,578.1,37.47,0.0,0.0,37.47,39.49,0.0,0.0,39.49,0.0,0.0,0.0,3246.5,0.3,2173.5,0.0,0.0,0.0,0.0,0.0,1072.7,0.0,0.0,0.0,0.0,0.0,0.0,0.0,0.3,0.0
2050-07-31 02:00:00,2050-07-31 00:00:00,1745.3,0.0,0.0,7.8,1753.0,1688.6,1752.4,0.0,1193.8,0.0325,0.0456,battery,gas-cc,131.9,2.5,0.25,15.6,995.5,0.06,132.1,45.3,177.3,136.9,2.6,0.26,16.2,1033.1,0.06,137.0,47.0,184.0,144.1,2.7,0.27,17.0,1086.1,0.06,144.2,49.4,193.6,368.6,6.9,0.69,43.5,2781.6,0.16,369.0,126.5,495.5,37.47,0.0,0.0,37.47,39.26,0.0,0.0,39.26,0.0,0.0,0.0,2946.8,0.6,1873.4,0.0,0.0,0.0,0.0,0.0,1072.7,0.0,0.0,0.0,0.0,0.0,0.0,0.0,0.6,0.0
2050-07-31 03:00:00,2050-07-31 01:00:00,1665.3,0.0,0.0,8.3,1673.6,1612.1,1668.2,0.0,1276.4,0.0319,0.0435,gas-cc,gas-cc,131.8,2.5,0.25,15.6,994.5,0.06,131.9,45.2,177.1,136.7,2.6,0.26,16.2,1031.4,0.06,136.8,46.9,183.7,144.5,2.7,0.27,17.1,1089.7,0.06,144.7,49.6,194.3,367.8,6.9,0.69,43.4,2775.5,0.16,368.2,126.2,494.4,37.47,0.0,0.0,37.47,39.18,0.0,0.0,39.18,0.0,0.0,0.0,2949.9,5.4,1871.8,0.0,0.0,0.0,0.0,0.0,1072.7,0.0,0.0,0.0,0.0,0.0,0.0,0.0,5.4,0.0
2050-07-31 04:00:00,2050-07-31 02:00:00,1569.5,0.0,0.0,3.3,1572.8,1520.4,1557.7,0.0,512.1,0.0313,0.041,gas-cc,gas-cc,186.5,3.5,0.35,22.0,1407.1,0.08,186.7,64.0,250.6,192.9,3.6,0.36,22.8,1455.6,0.08,193.1,66.2,259.3,145.3,2.7,0.27,17.2,1095.3,0.06,145.4,49.8,195.3,366.8,6.9,0.69,43.3,2768.3,0.16,367.2,125.9,493.1,37.47,0.0,0.0,37.47,39.07,0.0,0.0,39.07,0.0,0.0,0.0,2084.9,15.1,997.1,0.0,0.0,0.0,0.0,0.0,1072.7,0.0,0.0,0.0,0.0,0.0,0.0,0.0,15.1,0.0
2050-07-31 05:00:00,2050-07-31 03:00:00,1515.8,0.0,0.0,4.6,1520.4,1468.9,1499.2,0.0,715.2,0.0309,0.0396,gas-cc,gas-cc,173.9,3.3,0.33,20.5,1312.2,0.08,174.1,59.7,233.7,179.9,3.4,0.34,21.3,1357.4,0.08,180.1,61.7,241.8,145.1,2.7,0.27,17.1,1093.6,0.06,145.2,49.7,195.0,366.3,6.9,0.69,43.3,2764.2,0.16,366.7,125.7,492.4,37.47,0.0,0.0,37.47,39.02,0.0,0.0,39.02,0.0,0.0,0.0,2235.7,21.2,1141.7,0.0,0.0,0.0,0.0,0.0,1072.7,0.0,0.0,0.0,0.0,0.0,0.0,0.0,21.2,0.0
2050-07-31 06:00:00,2050-07-31 04:00:00,1507.4,0.0,0.0,5.2,1512.6,1460.8,1481.9,0.0,801.2,0.0309,0.0394,battery,gas-cc,168.0,3.2,0.32,19.8,1267.9,0.07,168.2,57.7,225.9,173.8,3.3,0.33,20.5,1311.7,0.08,174.0,59.7,233.7,162.2,3.1,0.31,19.2,1223.3,0.07,162.4,55.6,218.1,418.1,7.9,0.79,49.4,3155.4,0.18,418.6,143.5,562.1,37.47,0.0,0.0,37.47,39.01,0.0,0.0,39.01,0.0,0.0,0.0,2313.8,30.7,1210.4,0.0,0.0,0.0,0.0,0.0,1072.7,0.0,0.0,0.0,0.0,0.0,0.0,0.0,30.7,0.0
2050-07-31 07:00:00,2050-07-31 05:00:00,1544.2,0.0,0.0,0.0,1544.2,1496.2,1462.1,0.0,0.3,0.0311,0.0404,gas-cc,gas-cc,251.7,4.7,0.47,29.7,1899.4,0.11,252.0,86.4,338.3,260.0,4.9,0.49,30.7,1962.1,0.11,260.3,89.2,349.5,144.2,2.7,0.27,17.0,1087.3,0.06,144.4,49.5,193.8,366.6,6.9,0.69,43.3,2766.4,0.16,367.0,125.8,492.8,37.47,0.0,0.0,37.47,39.05,0.0,0.0,39.05,0.0,0.0,0.0,1544.5,82.1,389.6,0.0,0.0,0.0,0.0,2.0,1072.7,0.0,0.0,0.0,0.0,0.0,0.0,45.0,35.1,0.0
2050-07-31 08:00:00,2050-07-31 06:00:00,1587.4,0.0,0.0,12.9,1600.3,1537.6,-484.6,445.3,929.9,0.0314,0.0415,phs,gas-cc,0.0,0.0,0.0,0.0,0.0,0.0,0.0,0.0,0.0,0.0,0.0,0.0,0.0,0.0,0.0,0.0,0.0,0.0,148.0,2.8,0.28,17.5,1115.5,0.06,148.1,50.7,198.9,356.5,6.7,0.67,42.1,2690.1,0.15,356.9,122.3,479.2,20.2,0.0,0.0,20.2,21.08,0.0,0.0,21.08,0.0,0.0,0.0,2084.9,2084.9,0.0,0.0,0.0,0.0,0.0,86.8,0.0,0.0,0.0,0.0,0.0,0.0,0.0,1969.4,28.8,0.0
2050-07-31 09:00:00,2050-07-31 07:00:00,1786.3,2340.5,0.0,5.2,4132.0,1727.7,-459.8,102.4,562.2,0.0328,0.0467,battery,gas-cc,0.0,0.0,0.0,0.0,0.0,0.0,0.0,0.0,0.0,0.0,0.0,0.0,0.0,0.0,0.0,0.0,0.0,0.0,140.1,2.6,0.27,16.5,1056.0,0.06,140.2,48.0,188.3,360.5,6.8,0.68,42.6,2720.1,0.16,360.9,123.7,484.5,20.2,0.0,0.0,20.2,21.19,0.0,0.0,21.19,0.0,0.0,0.0,4591.8,4591.8,0.0,0.0,0.0,0.0,0.0,192.7,0.0,0.0,0.0,0.0,0.0,0.0,0.0,4374.9,24.2,0.0
2050-07-31 10:00:00,2050-07-31 08:00:00,2005.3,2593.8,0.0,12.0,4611.0,1935.8,-1725.2,0.0,1725.2,0.0346,0.0524,battery,gas-cc,0.0,0.0,0.0,0.0,0.0,0.0,0.0,0.0,0.0,0.0,0.0,0.0,0.0,0.0,0.0,0.0,0.0,0.0,145.0,2.7,0.27,17.1,1093.4,0.06,145.2,49.7,194.9,362.6,6.8,0.68,42.8,2736.6,0.16,363.0,124.4,487.5,18.96,0.0,0.0,18.96,20.0,0.0,0.0,20.0,0.0,0.0,0.0,6336.2,6336.2,0.0,0.0,0.0,0.0,0.0,266.3,0.0,0.0,0.0,0.0,0.0,0.0,0.0,6045.4,24.5,0.0
2050-07-31 11:00:00,2050-07-31 09:00:00,2162.1,3398.6,0.0,22.1,5582.8,2084.1,-2380.8,0.0,2380.8,0.0361,0.0565,battery,gas-cc,0.0,0.0,0.0,0.0,0.0,0.0,0.0,0.0,0.0,0.0,0.0,0.0,0.0,0.0,0.0,0.0,0.0,0.0,140.6,2.7,0.27,16.6,1059.6,0.06,140.7,48.2,188.9,364.2,6.9,0.69,43.0,2748.5,0.16,364.6,125.0,489.6,18.96,0.0,0.0,18.96,20.09,0.0,0.0,20.09,0.0,0.0,0.0,7963.6,7963.6,0.0,0.0,0.0,0.0,0.0,335.1,0.0,0.0,0.0,0.0,0.0,0.0,0.0,7606.1,22.5,0.0
2050-07-31 12:00:00,2050-07-31 10:00:00,2245.3,3424.3,0.0,26.9,5696.4,2162.5,-2685.0,0.0,2685.0,0.0369,0.0587,battery,gas-cc,0.0,0.0,0.0,0.0,0.0,0.0,0.0,0.0,0.0,0.0,0.0,0.0,0.0,0.0,0.0,0.0,0.0,0.0,146.7,2.8,0.28,17.3,1106.2,0.06,146.9,50.3,197.2,365.1,6.9,0.69,43.1,2754.8,0.16,365.5,125.3,490.7,18.96,0.0,0.0,18.96,20.14,0.0,0.0,20.14,0.0,0.0,0.0,8381.4,8381.4,0.0,0.0,0.0,0.0,0.0,352.8,0.0,0.0,0.0,0.0,0.0,0.0,0.0,8006.7,21.9,0.0
2050-07-31 13:00:00,2050-07-31 11:00:00,2337.9,3369.2,0.0,28.8,5735.9,2249.6,-2812.5,0.0,2812.5,0.0378,0.0611,battery,gas-cc,0.0,0.0,0.0,0.0,0.0,0.0,0.0,0.0,0.0,0.0,0.0,0.0,0.0,0.0,0.0,0.0,0.0,0.0,141.6,2.7,0.27,16.7,1067.2,0.06,141.7,48.5,190.3,366.0,6.9,0.69,43.2,2761.9,0.16,366.4,125.6,492.0,18.96,0.0,0.0,18.96,20.19,0.0,0.0,20.19,0.0,0.0,0.0,8548.5,8548.5,0.0,0.0,0.0,0.0,0.0,359.6,0.0,0.0,0.0,0.0,0.0,0.0,0.0,8161.8,27.1,0.0
2050-07-31 14:00:00,2050-07-31 12:00:00,2455.8,3435.1,0.0,26.9,5917.8,2360.1,-2688.9,0.0,2688.9,0.039,0.0642,battery,gas-cc,0.0,0.0,0.0,0.0,0.0,0.0,0.0,0.0,0.0,0.0,0.0,0.0,0.0,0.0,0.0,0.0,0.0,0.0,141.5,2.7,0.27,16.7,1066.8,0.06,141.7,48.5,190.2,367.2,6.9,0.69,43.4,2771.0,0.16,367.6,126.0,493.6,18.96,0.0,0.0,18.96,20.26,0.0,0.0,20.26,0.0,0.0,0.0,8606.7,8606.7,0.0,0.0,0.0,0.0,0.0,362.2,0.0,0.0,0.0,0.0,0.0,0.0,0.0,8220.0,24.6,0.0
2050-07-31 15:00:00,2050-07-31 13:00:00,2546.3,3673.4,0.0,28.7,6248.4,2444.7,-2805.4,0.0,2805.4,0.0399,0.0666,battery,gas-cc,0.0,0.0,0.0,0.0,0.0,0.0,0.0,0.0,0.0,0.0,0.0,0.0,0.0,0.0,0.0,0.0,0.0,0.0,141.1,2.7,0.27,16.7,1063.8,0.06,141.3,48.4,189.7,368.1,6.9,0.69,43.5,2778.1,0.16,368.5,126.3,494.9,18.96,0.0,0.0,18.96,20.31,0.0,0.0,20.31,0.0,0.0,0.0,9053.8,9053.8,0.0,0.0,0.0,0.0,0.0,381.1,0.0,0.0,0.0,0.0,0.0,0.0,0.0,8646.5,26.2,0.0
2050-07-31 16:00:00,2050-07-31 14:00:00,2626.3,3629.9,0.0,28.4,6284.6,2519.3,-2781.5,0.0,2781.5,0.0408,0.0687,battery,gas-cc,0.0,0.0,0.0,0.0,0.0,0.0,0.0,0.0,0.0,0.0,0.0,0.0,0.0,0.0,0.0,0.0,0.0,0.0,144.5,2.7,0.27,17.1,1089.5,0.06,144.7,49.6,194.2,369.0,7.0,0.7,43.6,2784.3,0.16,369.4,126.6,496.0,18.96,0.0,0.0,18.96,20.35,0.0,0.0,20.35,0.0,0.0,0.0,9066.1,9066.1,0.0,0.0,0.0,0.0,0.0,381.5,0.0,0.0,0.0,0.0,0.0,0.0,0.0,8659.4,25.2,0.0
2050-07-31 17:00:00,2050-07-31 15:00:00,2731.6,3600.8,0.0,27.3,6359.8,2617.2,-2716.6,0.0,2716.6,0.0419,0.0714,battery,gas-cc,0.0,0.0,0.0,0.0,0.0,0.0,0.0,0.0,0.0,0.0,0.0,0.0,0.0,0.0,0.0,0.0,0.0,0.0,156.1,2.9,0.3,18.4,1177.0,0.07,156.3,53.5,209.8,341.0,6.4,0.64,40.3,2573.0,0.15,341.3,117.0,458.3,18.96,0.0,0.0,18.96,20.41,0.0,0.0,20.41,0.0,0.0,0.0,9076.3,9076.3,0.0,0.0,0.0,0.0,0.0,381.8,0.0,0.0,0.0,0.0,0.0,0.0,0.0,8665.9,28.6,0.0
2050-07-31 18:00:00,2050-07-31 16:00:00,2863.2,1700.9,0.0,24.9,4588.9,2739.1,-2559.7,0.0,2559.7,0.0433,0.0749,battery,gas-cc,0.0,0.0,0.0,0.0,0.0,0.0,0.0,0.0,0.0,0.0,0.0,0.0,0.0,0.0,0.0,0.0,0.0,0.0,142.7,2.7,0.27,16.9,1076.1,0.06,142.9,48.9,191.8,371.4,7.0,0.7,43.9,2802.9,0.16,371.8,127.4,499.3,20.2,0.0,0.0,20.2,21.84,0.0,0.0,21.84,0.0,0.0,0.0,7148.6,7148.6,0.0,0.0,0.0,0.0,0.0,300.4,0.0,0.0,0.0,0.0,0.0,0.0,0.0,6817.7,30.5,0.0
2050-07-31 19:00:00,2050-07-31 17:00:00,2966.3,0.0,0.0,25.9,2992.2,2834.4,-1548.1,0.0,2620.8,0.0445,0.0776,battery,gas-cc,69.3,1.3,0.13,8.2,522.7,0.03,69.3,23.8,93.1,72.5,1.4,0.14,8.6,547.0,0.03,72.6,24.9,97.4,151.0,2.8,0.29,17.8,1138.3,0.07,151.1,51.8,202.9,472.4,8.9,0.89,55.8,3565.0,0.2,472.9,162.1,635.0,38.68,0.0,0.0,38.68,41.94,0.0,0.0,41.94,0.0,0.0,0.0,5613.0,4540.3,0.0,0.0,0.0,0.0,0.0,190.2,1072.7,0.0,0.0,0.0,0.0,0.0,0.0,4316.8,33.3,0.0
2050-07-31 20:00:00,2050-07-31 18:00:00,3007.4,0.0,0.0,19.5,3026.9,2872.2,2389.4,0.0,2210.7,0.0449,0.0786,battery,gas-cc,74.2,1.4,0.14,8.8,560.1,0.03,74.3,25.5,99.8,78.3,1.5,0.15,9.3,590.9,0.03,78.4,26.9,105.3,199.7,3.8,0.38,23.6,1506.2,0.09,199.9,68.5,268.4,467.0,8.8,0.88,55.2,3524.3,0.2,467.5,160.2,627.8,38.95,0.0,0.0,38.95,42.28,0.0,0.0,42.28,0.0,0.0,0.0,5237.6,637.5,3527.4,0.0,0.0,0.0,0.0,24.0,1072.7,0.0,0.0,0.0,0.0,0.0,0.0,544.0,69.4,0.0
2050-07-31 21:00:00,2050-07-31 19:00:00,2956.8,0.0,0.0,19.5,2976.4,2825.7,2880.9,0.0,2211.4,0.0444,0.0773,gas-cc,gas-cc,74.9,1.4,0.14,8.9,565.5,0.03,75.0,25.7,100.7,79.1,1.5,0.15,9.4,596.9,0.03,79.2,27.2,106.3,258.8,4.9,0.49,30.6,1952.7,0.11,259.1,88.8,347.9,381.3,7.2,0.72,45.0,2877.1,0.17,381.7,130.8,512.5,39.96,0.0,0.0,39.96,43.31,0.0,0.0,43.31,0.0,0.0,0.0,5187.8,95.5,4019.6,0.0,0.0,0.0,0.0,0.0,1072.7,0.0,0.0,0.0,0.0,0.0,0.0,0.0,95.5,0.0
2050-07-31 22:00:00,2050-07-31 20:00:00,2834.7,0.0,0.0,10.7,2845.4,2712.8,2747.0,0.0,1640.0,0.043,0.0741,battery,gas-cc,86.7,1.6,0.16,10.2,654.1,0.04,86.8,29.7,116.5,91.2,1.7,0.17,10.8,688.3,0.04,91.3,31.3,122.6,209.7,4.0,0.4,24.8,1581.9,0.09,210.0,71.9,281.9,464.8,8.8,0.88,54.9,3507.1,0.2,465.3,159.5,624.7,38.95,0.0,0.0,38.95,42.07,0.0,0.0,42.07,0.0,0.0,0.0,4485.4,98.4,3314.2,0.0,0.0,0.0,0.0,0.0,1072.7,0.0,0.0,0.0,0.0,0.0,0.0,0.0,98.4,0.0
2050-07-31 23:00:00,2050-07-31 21:00:00,2606.3,0.0,0.0,10.7,2617.0,2500.6,2539.3,0.0,1640.0,0.0405,0.0682,battery,gas-cc,91.3,1.7,0.17,10.8,689.1,0.04,91.4,31.3,122.8,95.8,1.8,0.18,11.3,723.1,0.04,95.9,32.9,128.8,233.5,4.4,0.44,27.6,1761.8,0.1,233.8,80.1,313.9,461.8,8.7,0.87,54.5,3484.6,0.2,462.3,158.4,620.7,38.95,0.0,0.0,38.95,41.8,0.0,0.0,41.8,0.0,0.0,0.0,4256.9,77.6,3106.6,0.0,0.0,0.0,0.0,0.0,1072.7,0.0,0.0,0.0,0.0,0.0,0.0,0.0,77.6,0.0
2050-08-01 00:00:00,2050-07-31 22:00:00,2420.0,0.0,0.0,10.7,2430.7,2326.6,2375.2,0.0,1640.0,0.0386,0.0633,battery,gas-cc,95.5,1.8,0.18,11.3,720.7,0.04,95.6,32.8,128.4,101.5,1.9,0.19,12.0,766.3,0.04,101.6,34.9,136.5,171.7,3.2,0.32,20.3,1294.8,0.07,171.9,58.9,230.8,459.4,8.7,0.87,54.3,3466.5,0.2,459.9,157.6,617.5,38.95,0.0,0.0,38.95,41.58,0.0,0.0,41.58,0.0,0.0,0.0,4070.6,55.5,2942.4,0.0,0.0,0.0,0.0,0.0,1072.7,0.0,0.0,0.0,0.0,0.0,0.0,0.0,55.5,0.0
2050-08-01 01:00:00,2050-07-31 23:00:00,2206.3,0.0,0.0,10.7,2217.0,2125.8,2188.2,0.0,1640.0,0.0365,0.0577,battery,gas-cc,100.8,1.9,0.19,11.9,760.6,0.04,100.9,34.6,135.5,106.8,2.0,0.2,12.6,805.8,0.05,106.9,36.7,143.6,158.6,3.0,0.3,18.7,1195.7,0.07,158.8,54.4,213.2,456.6,8.6,0.86,53.9,3445.9,0.2,457.1,156.7,613.8,38.95,0.0,0.0,38.95,41.34,0.0,0.0,41.34,0.0,0.0,0.0,3856.9,28.8,2755.4,0.0,0.0,0.0,0.0,0.0,1072.7,0.0,0.0,0.0,0.0,0.0,0.0,0.0,28.8,0.0
2050-08-01 02:00:00,2050-08-01 00:00:00,1953.7,0.0,0.0,10.7,1964.3,1886.9,1948.1,0.0,1640.0,0.0342,0.0511,battery,gas-cc,107.9,2.0,0.2,12.7,813.9,0.05,108.0,37.0,145.0,113.8,2.1,0.21,13.5,858.7,0.05,113.9,39.1,153.0,157.1,3.0,0.3,18.6,1184.2,0.07,157.3,53.9,211.1,453.5,8.5,0.85,53.6,3422.0,0.2,454.0,155.6,609.6,38.95,0.0,0.0,38.95,41.05,0.0,0.0,41.05,0.0,0.0,0.0,3604.3,16.3,2515.3,0.0,0.0,0.0,0.0,0.0,1072.7,0.0,0.0,0.0,0.0,0.0,0.0,0.0,16.3,0.0
2050-08-01 03:00:00,2050-08-01 01:00:00,1793.7,0.0,0.0,9.5,1803.2,1734.8,1786.7,0.0,1468.0,0.0329,0.0469,battery,gas-cc,118.8,2.2,0.22,14.0,896.8,0.05,119.0,40.8,159.8,124.9,2.4,0.24,14.8,942.5,0.05,125.0,42.9,167.9,159.3,3.0,0.3,18.8,1200.7,0.07,159.5,54.6,214.1,427.6,8.1,0.81,50.5,3226.4,0.19,428.0,146.7,574.7,38.95,0.0,0.0,38.95,40.87,0.0,0.0,40.87,0.0,0.0,0.0,3271.2,16.5,2181.9,0.0,0.0,0.0,0.0,0.0,1072.7,0.0,0.0,0.0,0.0,0.0,0.0,0.0,16.5,0.0
2050-08-01 04:00:00,2050-08-01 02:00:00,1675.8,0.0,0.0,0.0,1675.8,1622.2,1669.9,0.0,0.0,0.032,0.0438,battery,gas-cc,232.0,4.4,0.44,27.4,1750.6,0.1,232.2,79.6,311.8,240.7,4.5,0.45,28.4,1816.6,0.1,241.0,82.6,323.6,152.2,2.9,0.29,18.0,1147.6,0.07,152.4,52.2,204.6,450.0,8.5,0.85,53.2,3395.9,0.2,450.5,154.4,604.9,38.95,0.0,0.0,38.95,40.74,0.0,0.0,40.74,0.0,0.0,0.0,1675.8,5.9,597.1,0.0,0.0,0.0,0.0,0.0,1072.7,0.0,0.0,0.0,0.0,0.0,0.0,0.0,5.9,0.0
2050-08-01 05:00:00,2050-08-01 03:00:00,1603.2,0.0,0.0,0.0,1603.2,1552.7,1602.4,0.0,0.0,0.0315,0.0419,battery,gas-cc,242.5,4.6,0.46,28.6,1829.9,0.11,242.8,83.2,326.0,251.4,4.7,0.47,29.7,1896.9,0.11,251.6,86.3,337.9,157.9,3.0,0.3,18.7,1189.8,0.07,158.0,54.1,212.2,449.1,8.5,0.85,53.1,3389.2,0.19,449.6,154.1,603.7,38.95,0.0,0.0,38.95,40.66,0.0,0.0,40.66,0.0,0.0,0.0,1603.2,0.7,529.7,0.0,0.0,0.0,0.0,0.0,1072.7,0.0,0.0,0.0,0.0,0.0,0.0,0.0,0.7,0.0
2050-08-01 06:00:00,2050-08-01 04:00:00,1580.0,0.0,0.0,2.6,1582.6,1530.5,1582.2,0.0,401.5,0.0313,0.0413,battery,gas-cc,195.9,3.7,0.37,23.1,1478.5,0.08,196.1,67.2,263.4,203.7,3.8,0.38,24.1,1536.9,0.09,203.9,69.9,273.8,204.8,3.9,0.39,24.2,1541.8,0.09,205.0,70.2,275.1,405.0,7.6,0.76,47.8,3056.2,0.18,405.4,139.0,544.4,38.95,0.0,0.0,38.95,40.63,0.0,0.0,40.63,0.0,0.0,0.0,1984.2,0.4,911.1,0.0,0.0,0.0,0.0,0.0,1072.7,0.0,0.0,0.0,0.0,0.0,0.0,0.0,0.4,0.0
2050-08-01 07:00:00,2050-08-01 05:00:00,1603.2,0.0,0.0,0.0,1603.2,1552.7,1163.6,0.0,0.0,0.0315,0.0419,battery,gas-cc,242.5,4.6,0.46,28.6,1829.9,0.11,242.8,83.2,326.0,250.5,4.7,0.47,29.6,1890.7,0.11,250.8,86.0,336.8,242.4,4.6,0.46,28.6,1828.7,0.11,242.7,83.2,325.8,449.1,8.5,0.85,53.1,3389.2,0.19,449.6,154.1,603.7,38.95,0.0,0.0,38.95,40.66,0.0,0.0,40.66,0.0,0.0,0.0,1603.2,439.5,90.9,0.0,0.0,0.0,0.0,18.5,1072.7,0.0,0.0,0.0,0.0,0.0,0.0,420.9,0.1,0.0
2050-08-01 08:00:00,2050-08-01 06:00:00,1628.4,323.8,0.0,25.1,1977.3,1576.9,-2570.3,0.0,2570.3,0.0316,0.0426,battery,gas-cc,0.0,0.0,0.0,0.0,0.0,0.0,0.0,0.0,0.0,0.0,0.0,0.0,0.0,0.0,0.0,0.0,0.0,0.0,182.0,3.4,0.34,21.5,1372.7,0.08,182.2,62.4,244.6,330.7,6.2,0.62,39.1,2495.5,0.14,331.0,113.5,444.5,25.18,0.0,0.0,25.18,26.3,0.0,0.0,26.3,0.0,0.0,0.0,4547.6,4547.6,0.0,0.0,0.0,0.0,0.0,192.0,0.0,0.0,0.0,0.0,0.0,0.0,0.0,4355.6,0.0,0.0
2050-08-01 09:00:00,2050-08-01 07:00:00,1834.7,2329.8,0.0,20.8,4185.4,1773.9,-2295.2,0.0,2295.2,0.0332,0.048,battery,gas-cc,0.0,0.0,0.0,0.0,0.0,0.0,0.0,0.0,0.0,0.0,0.0,0.0,0.0,0.0,0.0,0.0,0.0,0.0,149.9,2.8,0.28,17.7,1129.9,0.07,150.0,51.4,201.4,332.6,6.3,0.63,39.3,2509.6,0.14,332.9,114.1,447.0,25.18,0.0,0.0,25.18,26.45,0.0,0.0,26.45,0.0,0.0,0.0,6480.6,6480.6,0.0,0.0,0.0,0.0,0.0,273.6,0.0,0.0,0.0,0.0,0.0,0.0,0.0,6207.0,0.1,0.0
2050-08-01 10:00:00,2050-08-01 08:00:00,2064.2,2431.9,0.0,22.5,4518.6,1991.6,-2404.0,0.0,2404.0,0.0352,0.054,battery,gas-cc,0.0,0.0,0.0,0.0,0.0,0.0,0.0,0.0,0.0,0.0,0.0,0.0,0.0,0.0,0.0,0.0,0.0,0.0,140.4,2.7,0.27,16.6,1058.6,0.06,140.6,48.2,188.7,405.0,7.6,0.76,47.8,3055.8,0.18,405.4,138.9,544.3,25.18,0.0,0.0,25.18,26.61,0.0,0.0,26.61,0.0,0.0,0.0,6922.6,6922.6,0.0,0.0,0.0,0.0,0.0,292.1,0.0,0.0,0.0,0.0,0.0,0.0,0.0,6630.3,0.2,0.0
2050-08-01 11:00:00,2050-08-01 09:00:00,2222.1,3294.1,0.0,28.9,5545.1,2140.7,-2816.0,0.0,2816.0,0.0366,0.0581,upv,upv,0.0,0.0,0.0,0.0,0.0,0.0,0.0,0.0,0.0,0.0,0.0,0.0,0.0,0.0,0.0,0.0,0.0,0.0,140.6,2.7,0.27,16.6,1060.2,0.06,140.8,48.2,189.0,0.0,0.0,0.0,0.0,0.0,0.0,0.0,0.0,0.0,0.0,0.0,0.0,0.0,0.0,0.0,0.0,0.0,0.5,410.1,410.6,8361.1,8361.1,0.0,0.0,0.0,0.0,0.0,370.3,0.0,0.0,0.0,0.0,0.0,0.0,0.0,7990.8,0.0,0.0
2050-08-01 12:00:00,2050-08-01 10:00:00,2325.3,3953.7,0.0,28.9,6307.8,2237.7,-2816.0,0.0,2816.0,0.0377,0.0608,upv,upv,0.0,0.0,0.0,0.0,0.0,0.0,0.0,0.0,0.0,0.0,0.0,0.0,0.0,0.0,0.0,0.0,0.0,0.0,141.6,2.7,0.27,16.7,1067.7,0.06,141.8,48.6,190.3,0.0,0.0,0.0,0.0,0.0,0.0,0.0,0.0,0.0,0.0,0.0,0.0,0.0,0.0,0.0,0.0,0.0,0.0,662.9,662.9,9123.9,9123.9,0.0,0.0,0.0,0.0,0.0,412.5,0.0,0.0,0.0,0.0,0.0,0.0,0.0,8694.4,16.9,0.0
2050-08-01 13:00:00,2050-08-01 11:00:00,2407.4,4019.6,0.0,28.9,6455.8,2314.7,-2816.0,0.0,2816.0,0.0385,0.063,upv,upv,0.0,0.0,0.0,0.0,0.0,0.0,0.0,0.0,0.0,0.0,0.0,0.0,0.0,0.0,0.0,0.0,0.0,0.0,141.1,2.7,0.27,16.7,1064.1,0.06,141.3,48.4,189.7,0.0,0.0,0.0,0.0,0.0,0.0,0.0,0.0,0.0,0.0,0.0,0.0,0.0,0.0,0.0,0.0,0.0,0.0,727.9,727.9,9271.8,9271.8,0.0,0.0,0.0,0.0,0.0,420.1,0.0,0.0,0.0,0.0,0.0,0.0,0.0,8803.9,47.8,0.0
2050-08-01 14:00:00,2050-08-01 12:00:00,2523.2,4006.5,0.0,28.9,6558.6,2423.1,-2816.0,0.0,2816.0,0.0397,0.066,battery,upv,0.0,0.0,0.0,0.0,0.0,0.0,0.0,0.0,0.0,0.0,0.0,0.0,0.0,0.0,0.0,0.0,0.0,0.0,153.8,2.9,0.29,18.2,1159.6,0.07,154.0,52.7,206.7,0.0,0.0,0.0,0.0,0.0,0.0,0.0,0.0,0.0,0.0,0.0,0.0,0.0,0.0,0.0,0.0,0.0,0.0,0.0,0.0,9374.6,9374.6,0.0,0.0,0.0,0.0,0.0,394.8,0.0,0.0,0.0,0.0,0.0,0.0,0.0,8956.7,23.1,0.0
2050-08-01 15:00:00,2050-08-01 13:00:00,2633.7,3295.5,0.0,28.9,5958.1,2526.1,-2816.0,0.0,2816.0,0.0408,0.0689,upv,upv,0.0,0.0,0.0,0.0,0.0,0.0,0.0,0.0,0.0,0.0,0.0,0.0,0.0,0.0,0.0,0.0,0.0,0.0,141.2,2.7,0.27,16.7,1064.9,0.06,141.4,48.4,189.8,0.0,0.0,0.0,0.0,0.0,0.0,0.0,0.0,0.0,0.0,0.0,0.0,0.0,0.0,0.0,0.0,0.0,0.0,22.5,22.5,8774.1,8774.1,0.0,0.0,0.0,0.0,0.0,364.5,0.0,0.0,0.0,0.0,0.0,0.0,0.0,8249.1,160.5,0.0
2050-08-01 16:00:00,2050-08-01 14:00:00,2716.8,3115.7,0.0,28.9,5861.5,2603.5,-2816.0,0.0,2816.0,0.0417,0.071,battery,upv,0.0,0.0,0.0,0.0,0.0,0.0,0.0,0.0,0.0,0.0,0.0,0.0,0.0,0.0,0.0,0.0,0.0,0.0,143.3,2.7,0.27,16.9,1080.7,0.06,143.5,49.2,192.7,0.0,0.0,0.0,0.0,0.0,0.0,0.0,0.0,0.0,0.0,0.0,0.0,0.0,0.0,0.0,0.0,0.0,0.0,0.0,0.0,8677.5,8677.5,0.0,0.0,0.0,0.0,0.0,364.7,0.0,0.0,0.0,0.0,0.0,0.0,0.0,8278.1,34.7,0.0
2050-08-01 17:00:00,2050-08-01 15:00:00,2850.5,3008.1,0.0,28.9,5887.5,2727.4,-2816.0,0.0,2816.0,0.0432,0.0745,battery,upv,0.0,0.0,0.0,0.0,0.0,0.0,0.0,0.0,0.0,0.0,0.0,0.0,0.0,0.0,0.0,0.0,0.0,0.0,138.3,2.6,0.26,16.3,1042.3,0.06,138.4,47.4,185.8,0.0,0.0,0.0,0.0,0.0,0.0,0.0,0.0,0.0,0.0,0.0,0.0,0.0,0.0,0.0,0.0,0.0,0.0,0.0,0.0,8703.5,8703.5,0.0,0.0,0.0,0.0,0.0,366.1,0.0,0.0,0.0,0.0,0.0,0.0,0.0,8310.4,26.9,0.0
2050-08-01 18:00:00,2050-08-01 16:00:00,2971.6,1387.8,0.0,28.9,4388.2,2839.3,-2816.0,0.0,2816.0,0.0445,0.0777,battery,gas-cc,0.0,0.0,0.0,0.0,0.0,0.0,0.0,0.0,0.0,0.0,0.0,0.0,0.0,0.0,0.0,0.0,0.0,0.0,143.5,2.7,0.27,17.0,1082.0,0.06,143.7,49.2,192.9,372.6,7.0,0.7,44.0,2811.5,0.16,373.0,127.8,500.8,25.18,0.0,0.0,25.18,27.3,0.0,0.0,27.3,0.0,0.0,0.0,7204.2,7204.2,0.0,0.0,0.0,0.0,0.0,303.5,0.0,0.0,0.0,0.0,0.0,0.0,0.0,6888.7,12.0,0.0
2050-08-01 19:00:00,2050-08-01 17:00:00,3041.1,0.0,0.0,20.3,3061.4,2903.3,-1189.5,0.0,2262.3,0.0453,0.0795,battery,gas-cc,73.0,1.4,0.14,8.6,551.1,0.03,73.1,25.1,98.2,76.5,1.4,0.14,9.0,577.2,0.03,76.6,26.2,102.8,156.6,3.0,0.3,18.5,1180.7,0.07,156.8,53.7,210.5,473.4,8.9,0.89,55.9,3572.5,0.21,473.9,162.4,636.4,38.88,0.0,0.0,38.88,42.24,0.0,0.0,42.24,0.0,0.0,0.0,5323.6,4250.9,0.0,0.0,0.0,0.0,0.0,179.1,1072.7,0.0,0.0,0.0,0.0,0.0,0.0,4064.7,7.1,0.0
2050-08-01 20:00:00,2050-08-01 18:00:00,2982.1,0.0,0.0,16.8,2998.9,2849.0,2435.4,0.0,2037.1,0.0446,0.078,battery,gas-cc,77.2,1.5,0.15,9.1,582.5,0.03,77.3,26.5,103.8,82.9,1.6,0.16,9.8,625.4,0.04,83.0,28.5,111.4,166.6,3.1,0.32,19.7,1256.0,0.07,166.8,57.1,223.9,506.8,9.6,0.96,59.9,3824.8,0.22,507.4,173.9,681.3,39.73,0.0,0.0,39.73,43.09,0.0,0.0,43.09,0.0,0.0,0.0,5036.1,563.5,3399.8,0.0,0.0,0.0,0.0,23.0,1072.7,0.0,0.0,0.0,0.0,0.0,0.0,522.6,17.9,0.0
2050-08-01 21:00:00,2050-08-01 19:00:00,2783.2,0.0,0.0,21.5,2804.7,2665.0,2752.1,0.0,2340.2,0.0424,0.0728,gas-cc,gas-cc,75.6,1.4,0.14,8.9,570.2,0.03,75.6,25.9,101.6,81.3,1.5,0.15,9.6,613.5,0.04,81.4,27.9,109.3,168.5,3.2,0.32,19.9,1270.2,0.07,168.7,57.8,226.4,422.9,8.0,0.8,50.0,3191.2,0.18,423.3,145.1,568.5,39.96,0.0,0.0,39.96,43.1,0.0,0.0,43.1,0.0,0.0,0.0,5144.8,52.5,4019.6,0.0,0.0,0.0,0.0,0.0,1072.7,0.0,0.0,0.0,0.0,0.0,0.0,0.0,52.5,0.0
2050-08-01 22:00:00,2050-08-01 20:00:00,2683.2,0.0,0.0,17.5,2700.6,2572.2,2660.0,0.0,2078.7,0.0414,0.0702,battery,gas-ct,81.3,1.5,0.15,9.6,613.8,0.04,81.4,27.9,109.3,87.2,1.6,0.16,10.3,658.0,0.04,87.3,29.9,117.2,236.6,4.5,0.45,28.0,1784.8,0.1,236.9,81.2,318.0,627.5,11.8,1.18,74.1,4735.2,0.27,628.2,215.3,843.5,39.73,0.0,0.0,39.73,42.73,0.0,0.0,42.73,0.0,0.0,0.0,4779.4,40.6,3666.0,0.0,0.0,0.0,0.0,0.0,1072.7,0.0,0.0,0.0,0.0,0.0,0.0,0.0,40.6,0.0
2050-08-01 23:00:00,2050-08-01 21:00:00,2530.5,0.0,0.0,10.7,2541.2,2429.9,2497.8,0.0,1640.0,0.0398,0.0662,battery,gas-cc,93.0,1.8,0.18,11.0,701.6,0.04,93.1,31.9,125.0,99.1,1.9,0.19,11.7,747.6,0.04,99.2,34.0,133.2,154.6,2.9,0.29,18.3,1165.4,0.07,154.8,53.0,207.8,500.4,9.4,0.94,59.1,3776.4,0.22,501.0,171.7,672.7,39.73,0.0,0.0,39.73,42.55,0.0,0.0,42.55,0.0,0.0,0.0,4181.2,43.4,3065.0,0.0,0.0,0.0,0.0,0.0,1072.7,0.0,0.0,0.0,0.0,0.0,0.0,0.0,43.4,0.0
2050-08-02 00:00:00,2050-08-01 22:00:00,2402.1,0.0,0.0,16.2,2418.3,2309.8,2359.9,0.0,1997.0,0.0384,0.0628,gas-cc,gas-cc,88.0,1.7,0.17,10.4,664.4,0.04,88.1,30.2,118.4,93.8,1.8,0.18,11.1,708.1,0.04,93.9,32.2,126.1,154.5,2.9,0.29,18.3,1164.9,0.07,154.7,53.0,207.7,418.4,7.9,0.79,49.4,3157.3,0.18,418.8,143.6,562.4,39.96,0.0,0.0,39.96,42.64,0.0,0.0,42.64,0.0,0.0,0.0,4415.3,58.4,3284.2,0.0,0.0,0.0,0.0,0.0,1072.7,0.0,0.0,0.0,0.0,0.0,0.0,0.0,58.4,0.0
2050-08-02 01:00:00,2050-08-01 23:00:00,2206.3,0.0,0.0,10.7,2217.0,2125.8,2167.8,0.0,1640.0,0.0365,0.0577,battery,gas-cc,100.8,1.9,0.19,11.9,760.6,0.04,100.9,34.6,135.5,106.8,2.0,0.2,12.6,805.7,0.05,106.9,36.7,143.5,173.3,3.3,0.33,20.5,1306.2,0.08,173.4,59.4,232.9,393.5,7.4,0.74,46.5,2969.8,0.17,394.0,135.0,529.0,39.96,0.0,0.0,39.96,42.41,0.0,0.0,42.41,0.0,0.0,0.0,3856.9,49.1,2735.1,0.0,0.0,0.0,0.0,0.0,1072.7,0.0,0.0,0.0,0.0,0.0,0.0,0.0,49.1,0.0
2050-08-02 02:00:00,2050-08-02 00:00:00,1974.7,0.0,0.0,0.6,1975.4,1906.9,1936.6,0.0,97.6,0.0344,0.0516,battery,gas-cc,187.5,3.5,0.35,22.2,1415.2,0.08,187.7,64.3,252.1,195.6,3.7,0.37,23.1,1476.2,0.09,195.8,67.1,263.0,153.2,2.9,0.29,18.1,1154.9,0.07,153.4,52.5,205.9,388.8,7.3,0.73,45.9,2934.3,0.17,389.3,133.4,522.7,39.05,0.0,0.0,39.05,41.18,0.0,0.0,41.18,0.0,0.0,0.0,2073.0,38.8,961.5,0.0,0.0,0.0,0.0,0.0,1072.7,0.0,0.0,0.0,0.0,0.0,0.0,0.0,38.8,0.0
2050-08-02 03:00:00,2050-08-02 01:00:00,1814.7,0.0,0.0,10.7,1825.4,1754.8,1794.7,0.0,1639.0,0.033,0.0475,gas-cc,gas-cc,112.2,2.1,0.21,13.3,846.8,0.05,112.3,38.5,150.8,118.1,2.2,0.22,14.0,891.3,0.05,118.2,40.5,158.8,171.1,3.2,0.32,20.2,1289.8,0.07,171.2,58.7,229.9,387.1,7.3,0.73,45.7,2921.4,0.17,387.6,132.8,520.4,39.05,0.0,0.0,39.05,41.0,0.0,0.0,41.0,0.0,0.0,0.0,3464.4,30.7,2361.0,0.0,0.0,0.0,0.0,0.0,1072.7,0.0,0.0,0.0,0.0,0.0,0.0,0.0,30.7,0.0
2050-08-02 04:00:00,2050-08-02 02:00:00,1706.3,0.0,0.0,1.1,1707.4,1651.4,1679.7,0.0,172.4,0.0322,0.0446,gas-cc,gas-cc,206.8,3.9,0.39,24.4,1560.6,0.09,207.0,71.0,278.0,214.9,4.1,0.41,25.4,1622.0,0.09,215.2,73.8,288.9,165.1,3.1,0.31,19.5,1244.0,0.07,165.3,56.6,221.9,386.0,7.3,0.73,45.6,2912.8,0.17,386.4,132.4,518.8,39.05,0.0,0.0,39.05,40.88,0.0,0.0,40.88,0.0,0.0,0.0,1879.8,27.8,779.3,0.0,0.0,0.0,0.0,0.0,1072.7,0.0,0.0,0.0,0.0,0.0,0.0,0.0,27.8,0.0
2050-08-02 05:00:00,2050-08-02 03:00:00,1624.2,0.0,0.0,2.8,1627.0,1572.9,1614.1,0.0,434.0,0.0316,0.0425,gas-cc,gas-cc,188.6,3.6,0.36,22.3,1423.4,0.08,188.8,64.7,253.5,196.2,3.7,0.37,23.2,1480.6,0.09,196.4,67.3,263.8,166.6,3.2,0.32,19.7,1252.0,0.07,166.8,57.0,223.8,385.1,7.3,0.73,45.5,2906.2,0.17,385.5,132.1,517.7,39.05,0.0,0.0,39.05,40.79,0.0,0.0,40.79,0.0,0.0,0.0,2061.1,12.9,975.4,0.0,0.0,0.0,0.0,0.0,1072.7,0.0,0.0,0.0,0.0,0.0,0.0,0.0,12.9,0.0
2050-08-02 06:00:00,2050-08-02 04:00:00,1592.6,0.0,0.0,4.7,1597.4,1542.6,1591.1,0.0,726.3,0.0314,0.0416,battery,gas-cc,167.3,3.2,0.32,19.8,1262.5,0.07,167.5,57.4,224.9,174.3,3.3,0.33,20.6,1315.7,0.08,174.5,59.8,234.4,201.4,3.8,0.38,23.8,1518.7,0.09,201.6,69.1,270.7,449.0,8.5,0.85,53.0,3388.2,0.19,449.5,154.1,603.5,39.05,0.0,0.0,39.05,40.75,0.0,0.0,40.75,0.0,0.0,0.0,2323.7,6.3,1244.6,0.0,0.0,0.0,0.0,0.0,1072.7,0.0,0.0,0.0,0.0,0.0,0.0,0.0,6.3,0.0
2050-08-02 07:00:00,2050-08-02 05:00:00,1595.8,0.0,0.0,2.4,1598.2,1545.6,1225.7,153.0,0.0,0.0314,0.0417,gas-cc,gas-cc,269.0,5.1,0.51,31.8,2030.0,0.12,269.3,92.3,361.6,251.1,4.7,0.47,29.7,1895.2,0.11,251.4,86.2,337.6,235.7,4.4,0.44,27.8,1777.9,0.1,235.9,80.8,316.8,367.1,6.9,0.69,43.4,2770.3,0.16,367.5,126.0,493.5,39.01,0.0,0.0,39.01,40.7,0.0,0.0,40.7,0.0,0.0,0.0,1445.2,372.4,0.0,0.0,0.0,0.0,0.0,15.7,1072.7,0.0,0.0,0.0,0.0,0.0,0.0,356.0,0.7,0.0
2050-08-02 08:00:00,2050-08-02 06:00:00,1675.8,62.2,0.0,10.7,1748.7,1622.2,-1640.0,0.0,1640.0,0.032,0.0438,upv,upv,0.0,0.0,0.0,0.0,0.0,0.0,0.0,0.0,0.0,0.0,0.0,0.0,0.0,0.0,0.0,0.0,0.0,0.0,140.0,2.6,0.26,16.5,1055.1,0.06,140.1,48.0,188.1,0.0,0.0,0.0,0.0,0.0,0.0,0.0,0.0,0.0,0.0,0.0,0.0,0.0,0.0,0.0,0.0,0.0,0.0,1448.9,1448.9,3388.6,3388.6,0.0,0.0,0.0,0.0,0.0,204.1,0.0,0.0,0.0,0.0,0.0,0.0,0.0,3184.5,0.0,0.0
2050-08-02 09:00:00,2050-08-02 07:00:00,1889.5,2996.2,0.0,10.7,4896.4,1825.9,-1640.0,0.0,1640.0,0.0336,0.0494,upv,upv,0.0,0.0,0.0,0.0,0.0,0.0,0.0,0.0,0.0,0.0,0.0,0.0,0.0,0.0,0.0,0.0,0.0,0.0,140.2,2.6,0.27,16.6,1056.9,0.06,140.3,48.1,188.4,0.0,0.0,0.0,0.0,0.0,0.0,0.0,0.0,0.0,0.0,0.0,0.0,0.0,0.0,0.0,0.0,0.0,0.0,2545.1,2545.1,6536.3,6536.3,0.0,0.0,0.0,0.0,0.0,383.3,0.0,0.0,0.0,0.0,0.0,0.0,0.0,6153.1,0.0,0.0
2050-08-02 10:00:00,2050-08-02 08:00:00,2147.4,3824.8,0.0,10.7,5982.8,2070.2,-1640.0,0.0,1640.0,0.0359,0.0562,upv,upv,0.0,0.0,0.0,0.0,0.0,0.0,0.0,0.0,0.0,0.0,0.0,0.0,0.0,0.0,0.0,0.0,0.0,0.0,140.5,2.7,0.27,16.6,1059.4,0.06,140.7,48.2,188.9,0.0,0.0,0.0,0.0,0.0,0.0,0.0,0.0,0.0,0.0,0.0,0.0,0.0,0.0,0.0,0.0,0.0,0.0,2571.9,2571.9,7622.7,7622.7,0.0,0.0,0.0,0.0,0.0,0.0,0.0,0.0,0.0,0.0,0.0,0.0,0.0,7622.7,0.0,0.0
2050-08-02 11:00:00,2050-08-02 09:00:00,2320.0,3045.5,0.0,10.7,5376.1,2232.8,-1640.0,0.0,1640.0,0.0376,0.0607,upv,upv,0.0,0.0,0.0,0.0,0.0,0.0,0.0,0.0,0.0,0.0,0.0,0.0,0.0,0.0,0.0,0.0,0.0,0.0,140.8,2.7,0.27,16.6,1061.6,0.06,141.0,48.3,189.3,0.0,0.0,0.0,0.0,0.0,0.0,0.0,0.0,0.0,0.0,0.0,0.0,0.0,0.0,0.0,0.0,0.0,0.0,3286.6,3286.6,7016.1,7016.1,0.0,0.0,0.0,0.0,0.0,0.0,0.0,0.0,0.0,0.0,0.0,0.0,0.0,7016.1,0.0,0.0
2050-08-02 12:00:00,2050-08-02 10:00:00,2435.8,3240.3,0.0,10.7,5686.7,2341.4,-1640.0,0.0,1640.0,0.0388,0.0637,upv,upv,0.0,0.0,0.0,0.0,0.0,0.0,0.0,0.0,0.0,0.0,0.0,0.0,0.0,0.0,0.0,0.0,0.0,0.0,141.0,2.7,0.27,16.7,1063.1,0.06,141.2,48.4,189.5,0.0,0.0,0.0,0.0,0.0,0.0,0.0,0.0,0.0,0.0,0.0,0.0,0.0,0.0,0.0,0.0,0.0,0.1,2942.3,2942.4,7326.7,7326.7,0.0,0.0,0.0,0.0,0.0,0.0,0.0,0.0,0.0,0.0,0.0,0.0,0.0,7326.7,0.0,0.0
2050-08-02 13:00:00,2050-08-02 11:00:00,2505.3,3045.5,0.0,10.7,5561.4,2406.3,-1640.0,0.0,1640.0,0.0395,0.0655,upv,upv,0.0,0.0,0.0,0.0,0.0,0.0,0.0,0.0,0.0,0.0,0.0,0.0,0.0,0.0,0.0,0.0,0.0,0.0,141.2,2.7,0.27,16.7,1064.4,0.06,141.3,48.4,189.7,0.0,0.0,0.0,0.0,0.0,0.0,0.0,0.0,0.0,0.0,0.0,0.0,0.0,0.0,0.0,0.0,0.0,1.4,3000.1,3001.5,7201.3,7201.3,0.0,0.0,0.0,0.0,0.0,0.0,0.0,0.0,0.0,0.0,0.0,0.0,0.0,7201.3,0.0,0.0
2050-08-02 14:00:00,2050-08-02 12:00:00,2582.1,3307.2,0.0,10.7,5900.0,2478.1,-1640.0,0.0,1640.0,0.0403,0.0675,upv,upv,0.0,0.0,0.0,0.0,0.0,0.0,0.0,0.0,0.0,0.0,0.0,0.0,0.0,0.0,0.0,0.0,0.0,0.0,141.3,2.7,0.27,16.7,1065.5,0.06,141.5,48.5,189.9,0.0,0.0,0.0,0.0,0.0,0.0,0.0,0.0,0.0,0.0,0.0,0.0,0.0,0.0,0.0,0.0,0.0,2.6,2715.4,2718.0,7539.9,7539.9,0.0,0.0,0.0,0.0,0.0,432.7,0.0,0.0,0.0,0.0,0.0,0.0,0.0,7107.2,0.0,0.0
2050-08-02 15:00:00,2050-08-02 13:00:00,2667.4,3406.0,0.0,10.7,6084.0,2557.5,-1640.0,0.0,1640.0,0.0412,0.0698,upv,upv,0.0,0.0,0.0,0.0,0.0,0.0,0.0,0.0,0.0,0.0,0.0,0.0,0.0,0.0,0.0,0.0,0.0,0.0,141.4,2.7,0.27,16.7,1066.0,0.06,141.6,48.5,190.0,0.0,0.0,0.0,0.0,0.0,0.0,0.0,0.0,0.0,0.0,0.0,0.0,0.0,0.0,0.0,0.0,0.0,20.4,2518.0,2538.4,7724.0,7724.0,0.0,0.0,0.0,0.0,0.0,432.3,0.0,0.0,0.0,0.0,0.0,0.0,0.0,7291.7,0.0,0.0
2050-08-02 16:00:00,2050-08-02 14:00:00,2745.3,3535.0,0.0,10.7,6290.9,2629.9,-1640.0,0.0,1640.0,0.042,0.0718,upv,upv,0.0,0.0,0.0,0.0,0.0,0.0,0.0,0.0,0.0,0.0,0.0,0.0,0.0,0.0,0.0,0.0,0.0,0.0,141.8,2.7,0.27,16.8,1068.9,0.06,141.9,48.6,190.6,0.0,0.0,0.0,0.0,0.0,0.0,0.0,0.0,0.0,0.0,0.0,0.0,0.0,0.0,0.0,0.0,0.0,7.6,2257.0,2264.5,7930.8,7930.8,0.0,0.0,0.0,0.0,0.0,0.0,0.0,0.0,0.0,0.0,0.0,0.0,0.0,7930.8,0.0,0.0
2050-08-02 17:00:00,2050-08-02 15:00:00,2905.3,2431.9,0.0,10.7,5347.8,2778.0,-1640.0,0.0,1640.0,0.0438,0.076,upv,upv,0.0,0.0,0.0,0.0,0.0,0.0,0.0,0.0,0.0,0.0,0.0,0.0,0.0,0.0,0.0,0.0,0.0,0.0,141.9,2.7,0.27,16.8,1070.0,0.06,142.1,48.7,190.7,0.0,0.0,0.0,0.0,0.0,0.0,0.0,0.0,0.0,0.0,0.0,0.0,0.0,0.0,0.0,0.0,0.0,18.1,3132.9,3151.0,6987.8,6987.8,0.0,0.0,0.0,0.0,0.0,427.3,0.0,0.0,0.0,0.0,0.0,0.0,0.0,6560.5,0.0,0.0
2050-08-02 18:00:00,2050-08-02 16:00:00,3049.5,2272.0,0.0,10.7,5332.1,2911.0,-1640.0,0.0,1640.0,0.0454,0.0797,upv,upv,0.0,0.0,0.0,0.0,0.0,0.0,0.0,0.0,0.0,0.0,0.0,0.0,0.0,0.0,0.0,0.0,0.0,0.0,142.0,2.7,0.27,16.8,1070.9,0.06,142.2,48.7,190.9,0.0,0.0,0.0,0.0,0.0,0.0,0.0,0.0,0.0,0.0,0.0,0.0,0.0,0.0,0.0,0.0,0.0,49.6,2264.5,2314.0,6972.1,6972.1,0.0,0.0,0.0,0.0,0.0,389.8,0.0,0.0,0.0,0.0,0.0,0.0,0.0,6582.3,0.0,0.0
2050-08-02 19:00:00,2050-08-02 17:00:00,3172.6,0.0,0.0,28.9,3201.5,3024.2,-2816.0,0.0,2816.0,0.0468,0.083,distpv,distpv,0.0,0.0,0.0,0.0,0.0,0.0,0.0,0.0,0.0,0.0,0.0,0.0,0.0,0.0,0.0,0.0,0.0,0.0,157.1,3.0,0.3,18.6,1184.5,0.07,157.3,53.9,211.1,0.0,0.0,0.0,0.0,0.0,0.0,0.0,0.0,0.0,0.0,0.0,0.0,0.0,0.0,0.0,0.0,0.0,9.8,10.9,20.7,6017.5,6017.5,0.0,0.0,0.0,0.0,0.0,243.5,0.0,0.0,0.0,0.0,0.0,0.0,0.0,5774.0,0.0,0.0
2050-08-02 20:00:00,2050-08-02 18:00:00,3216.8,0.0,0.0,10.7,3227.5,3064.7,2292.9,0.0,1640.0,0.0473,0.0841,battery,gas-cc,79.9,1.5,0.15,9.4,602.7,0.03,80.0,27.4,107.4,85.6,1.6,0.16,10.1,646.3,0.04,85.7,29.4,115.1,154.1,2.9,0.29,18.2,1161.7,0.07,154.3,52.8,207.1,469.0,8.8,0.88,55.4,3539.4,0.2,469.5,160.9,630.5,38.39,0.0,0.0,38.39,41.92,0.0,0.0,41.92,0.0,0.0,0.0,4867.5,934.6,2860.1,0.0,0.0,0.0,0.0,39.1,1072.7,0.0,0.0,0.0,0.0,0.0,0.0,887.8,7.8,0.0
2050-08-02 21:00:00,2050-08-02 19:00:00,3144.2,0.0,0.0,10.7,3154.9,2998.1,3143.4,0.0,1640.0,0.0465,0.0822,battery,gas-cc,81.1,1.5,0.15,9.6,611.8,0.04,81.2,27.8,109.0,87.4,1.6,0.16,10.3,659.6,0.04,87.5,30.0,117.5,188.8,3.6,0.36,22.3,1423.5,0.08,189.0,64.7,253.7,468.1,8.8,0.88,55.3,3532.1,0.2,468.6,160.6,629.2,38.39,0.0,0.0,38.39,41.83,0.0,0.0,41.83,0.0,0.0,0.0,4794.8,11.5,3710.6,0.0,0.0,0.0,0.0,0.0,1072.7,0.0,0.0,0.0,0.0,0.0,0.0,0.0,11.5,0.0
2050-08-02 22:00:00,2050-08-02 20:00:00,3026.3,0.0,0.0,10.7,3037.0,2889.7,3022.6,0.0,1640.0,0.0451,0.0791,battery,gas-cc,83.1,1.6,0.16,9.8,627.3,0.04,83.2,28.5,111.7,89.4,1.7,0.17,10.6,674.7,0.04,89.5,30.7,120.2,162.3,3.1,0.31,19.2,1223.2,0.07,162.4,55.6,218.1,466.5,8.8,0.88,55.1,3520.2,0.2,467.0,160.1,627.1,38.39,0.0,0.0,38.39,41.69,0.0,0.0,41.69,0.0,0.0,0.0,4676.9,14.4,3589.8,0.0,0.0,0.0,0.0,0.0,1072.7,0.0,0.0,0.0,0.0,0.0,0.0,0.0,14.4,0.0
2050-08-02 23:00:00,2050-08-02 21:00:00,2804.2,0.0,0.0,10.7,2814.9,2684.5,2784.5,0.0,1640.0,0.0427,0.0733,battery,gas-cc,87.3,1.6,0.16,10.3,658.5,0.04,87.4,29.9,117.3,93.5,1.8,0.18,11.1,705.3,0.04,93.6,32.1,125.6,154.9,2.9,0.29,18.3,1167.3,0.07,155.0,53.1,208.1,463.6,8.7,0.87,54.8,3498.2,0.2,464.1,159.1,623.1,38.39,0.0,0.0,38.39,41.43,0.0,0.0,41.43,0.0,0.0,0.0,4454.8,30.4,3351.7,0.0,0.0,0.0,0.0,0.0,1072.7,0.0,0.0,0.0,0.0,0.0,0.0,0.0,30.4,0.0
2050-08-03 00:00:00,2050-08-02 22:00:00,2533.7,0.0,0.0,10.5,2544.2,2432.9,2503.2,0.0,1620.3,0.0398,0.0663,battery,gas-cc,93.4,1.8,0.18,11.0,704.4,0.04,93.5,32.0,125.5,99.5,1.9,0.19,11.8,750.5,0.04,99.6,34.1,133.7,153.5,2.9,0.29,18.1,1156.8,0.07,153.6,52.6,206.3,394.9,7.4,0.74,46.7,2980.2,0.17,395.4,135.5,530.9,39.05,0.0,0.0,39.05,41.82,0.0,0.0,41.82,0.0,0.0,0.0,4164.5,41.0,3050.7,0.0,0.0,0.0,0.0,0.0,1072.7,0.0,0.0,0.0,0.0,0.0,0.0,0.0,41.0,0.0
2050-08-03 01:00:00,2050-08-02 23:00:00,2291.6,0.0,0.0,10.7,2302.2,2206.1,2253.3,0.0,1640.0,0.0373,0.0599,battery,gas-cc,98.6,1.9,0.19,11.6,744.2,0.04,98.7,33.8,132.6,104.6,2.0,0.2,12.4,789.5,0.05,104.7,35.9,140.6,168.5,3.2,0.32,19.9,1270.0,0.07,168.6,57.8,226.4,457.7,8.6,0.86,54.1,3454.1,0.2,458.2,157.1,615.3,39.05,0.0,0.0,39.05,41.54,0.0,0.0,41.54,0.0,0.0,0.0,3942.2,48.9,2820.6,0.0,0.0,0.0,0.0,0.0,1072.7,0.0,0.0,0.0,0.0,0.0,0.0,0.0,48.9,0.0
2050-08-03 02:00:00,2050-08-03 00:00:00,2051.6,0.0,0.0,10.7,2062.2,1979.7,1993.3,0.0,1640.0,0.035,0.0537,battery,gas-cc,105.0,2.0,0.2,12.4,792.4,0.05,105.1,36.0,141.2,110.9,2.1,0.21,13.1,837.0,0.05,111.0,38.1,149.1,166.2,3.1,0.31,19.6,1252.8,0.07,166.4,57.0,223.3,454.7,8.6,0.86,53.7,3431.2,0.2,455.2,156.0,611.2,39.05,0.0,0.0,39.05,41.27,0.0,0.0,41.27,0.0,0.0,0.0,3702.2,69.0,2560.5,0.0,0.0,0.0,0.0,0.0,1072.7,0.0,0.0,0.0,0.0,0.0,0.0,0.0,69.0,0.0
2050-08-03 03:00:00,2050-08-03 01:00:00,1873.7,0.0,0.0,10.7,1884.3,1810.9,1808.1,0.0,1640.0,0.0335,0.049,battery,gas-cc,110.3,2.1,0.21,13.0,832.4,0.05,110.4,37.8,148.3,116.2,2.2,0.22,13.7,876.7,0.05,116.3,39.9,156.2,152.2,2.9,0.29,18.0,1147.1,0.07,152.3,52.2,204.5,451.7,8.5,0.85,53.4,3408.7,0.2,452.2,155.0,607.2,38.69,0.0,0.0,38.69,40.69,0.0,0.0,40.69,0.0,0.0,0.0,3524.3,76.2,2375.4,0.0,0.0,0.0,0.0,0.0,1072.7,0.0,0.0,0.0,0.0,0.0,0.0,0.0,76.2,0.0
2050-08-03 04:00:00,2050-08-03 02:00:00,1740.0,0.0,0.0,2.8,1742.8,1683.6,1687.6,0.0,436.9,0.0324,0.0455,battery,gas-cc,178.4,3.4,0.34,21.1,1345.9,0.08,178.5,61.2,239.7,185.8,3.5,0.35,22.0,1402.0,0.08,186.0,63.8,249.8,176.2,3.3,0.33,20.8,1328.5,0.08,176.4,60.4,236.8,423.0,8.0,0.8,50.0,3192.3,0.18,423.5,145.2,568.6,38.69,0.0,0.0,38.69,40.54,0.0,0.0,40.54,0.0,0.0,0.0,2179.7,55.2,1051.8,0.0,0.0,0.0,0.0,0.0,1072.7,0.0,0.0,0.0,0.0,0.0,0.0,0.0,55.2,0.0
2050-08-03 05:00:00,2050-08-03 03:00:00,1642.1,0.0,0.0,0.5,1642.6,1590.0,1607.9,0.0,76.7,0.0317,0.0429,battery,gas-cc,226.1,4.3,0.43,26.7,1706.3,0.1,226.4,77.6,303.9,234.6,4.4,0.44,27.7,1770.4,0.1,234.9,80.5,315.4,212.3,4.0,0.4,25.1,1601.0,0.09,212.5,72.8,285.3,421.9,8.0,0.8,49.8,3183.8,0.18,422.4,144.8,567.1,38.69,0.0,0.0,38.69,40.43,0.0,0.0,40.43,0.0,0.0,0.0,1719.3,34.7,611.8,0.0,0.0,0.0,0.0,0.0,1072.7,0.0,0.0,0.0,0.0,0.0,0.0,0.0,34.7,0.0
2050-08-03 06:00:00,2050-08-03 04:00:00,1601.1,0.0,0.0,0.0,1601.1,1550.7,1581.3,0.0,0.0,0.0315,0.0419,battery,gas-cc,242.8,4.6,0.46,28.7,1832.3,0.11,243.1,83.3,326.4,251.7,4.7,0.47,29.7,1899.1,0.11,251.9,86.4,338.3,196.9,3.7,0.37,23.3,1485.1,0.09,197.1,67.5,264.7,448.3,8.4,0.84,53.0,3383.3,0.19,448.8,153.8,602.7,38.69,0.0,0.0,38.69,40.38,0.0,0.0,40.38,0.0,0.0,0.0,1601.1,19.8,508.5,0.0,0.0,0.0,0.0,0.0,1072.7,0.0,0.0,0.0,0.0,0.0,0.0,0.0,19.8,0.0
2050-08-03 07:00:00,2050-08-03 05:00:00,1597.9,0.0,0.0,2.6,1600.5,1547.6,1241.7,169.0,0.0,0.0314,0.0418,gas-cc,gas-cc,271.6,5.1,0.51,32.1,2049.3,0.12,271.9,93.2,365.0,251.0,4.7,0.47,29.6,1893.8,0.11,251.2,86.1,337.3,246.2,4.6,0.46,29.1,1857.5,0.11,246.5,84.5,330.9,367.1,6.9,0.69,43.4,2770.4,0.16,367.5,126.0,493.5,38.24,0.0,0.0,38.24,39.91,0.0,0.0,39.91,0.0,0.0,0.0,1431.5,358.8,0.0,0.0,0.0,0.0,0.0,14.5,1072.7,0.0,0.0,0.0,0.0,0.0,0.0,329.6,14.7,0.0
2050-08-03 08:00:00,2050-08-03 06:00:00,1662.1,2004.8,0.0,0.0,3666.9,1609.1,0.0,0.0,0.0,0.0319,0.0435,upv,upv,0.0,0.0,0.0,0.0,0.0,0.0,0.0,0.0,0.0,0.0,0.0,0.0,0.0,0.0,0.0,0.0,0.0,0.0,139.9,2.6,0.26,16.5,1055.0,0.06,140.1,48.0,188.1,0.0,0.0,0.0,0.0,0.0,0.0,0.0,0.0,0.0,0.0,0.0,0.0,0.0,0.0,0.0,0.0,0.0,9.1,1042.4,1051.5,3666.9,3666.9,0.0,0.0,0.0,0.0,0.0,198.7,0.0,0.0,0.0,0.0,0.0,0.0,0.0,3468.2,0.0,0.0
2050-08-03 09:00:00,2050-08-03 07:00:00,1889.5,1847.4,0.0,0.0,3736.9,1825.9,0.0,0.0,0.0,0.0336,0.0494,upv,upv,0.0,0.0,0.0,0.0,0.0,0.0,0.0,0.0,0.0,0.0,0.0,0.0,0.0,0.0,0.0,0.0,0.0,0.0,140.2,2.6,0.27,16.6,1056.9,0.06,140.3,48.1,188.4,0.0,0.0,0.0,0.0,0.0,0.0,0.0,0.0,0.0,0.0,0.0,0.0,0.0,0.0,0.0,0.0,0.0,4.4,4622.6,4627.0,3736.9,3736.9,0.0,0.0,0.0,0.0,0.0,352.8,0.0,0.0,0.0,0.0,0.0,0.0,0.0,3384.1,0.0,0.0
2050-08-03 10:00:00,2050-08-03 08:00:00,2152.6,3177.5,0.0,0.0,5330.1,2075.2,0.0,0.0,0.0,0.036,0.0563,upv,upv,0.0,0.0,0.0,0.0,0.0,0.0,0.0,0.0,0.0,0.0,0.0,0.0,0.0,0.0,0.0,0.0,0.0,0.0,140.5,2.7,0.27,16.6,1059.5,0.06,140.7,48.2,188.9,0.0,0.0,0.0,0.0,0.0,0.0,0.0,0.0,0.0,0.0,0.0,0.0,0.0,0.0,0.0,0.0,0.0,1.1,4169.7,4170.7,5330.1,5330.1,0.0,0.0,0.0,0.0,0.0,400.9,0.0,0.0,0.0,0.0,0.0,0.0,0.0,4929.2,0.0,0.0
2050-08-03 11:00:00,2050-08-03 09:00:00,2345.3,3981.7,0.0,0.0,6327.0,2256.5,-0.0,0.0,0.0,0.0379,0.0613,upv,upv,0.0,0.0,0.0,0.0,0.0,0.0,0.0,0.0,0.0,0.0,0.0,0.0,0.0,0.0,0.0,0.0,0.0,0.0,140.8,2.7,0.27,16.6,1061.6,0.06,141.0,48.3,189.3,0.0,0.0,0.0,0.0,0.0,0.0,0.0,0.0,0.0,0.0,0.0,0.0,0.0,0.0,0.0,0.0,0.0,0.0,3564.2,3564.2,6327.0,6327.0,0.0,0.0,0.0,0.0,0.0,417.5,0.0,0.0,0.0,0.0,0.0,0.0,0.0,5909.4,0.0,0.0
2050-08-03 12:00:00,2050-08-03 10:00:00,2476.8,2461.0,0.0,0.0,4937.8,2379.8,0.0,0.0,0.0,0.0392,0.0648,upv,upv,0.0,0.0,0.0,0.0,0.0,0.0,0.0,0.0,0.0,0.0,0.0,0.0,0.0,0.0,0.0,0.0,0.0,0.0,141.0,2.7,0.27,16.7,1063.0,0.06,141.2,48.4,189.5,0.0,0.0,0.0,0.0,0.0,0.0,0.0,0.0,0.0,0.0,0.0,0.0,0.0,0.0,0.0,0.0,0.0,0.5,5088.0,5088.5,4937.8,4937.8,0.0,0.0,0.0,0.0,0.0,423.0,0.0,0.0,0.0,0.0,0.0,0.0,0.0,4514.9,0.0,0.0
2050-08-03 13:00:00,2050-08-03 11:00:00,2595.8,3274.2,0.0,0.0,5870.0,2490.8,0.0,0.0,0.0,0.0404,0.0679,upv,upv,0.0,0.0,0.0,0.0,0.0,0.0,0.0,0.0,0.0,0.0,0.0,0.0,0.0,0.0,0.0,0.0,0.0,0.0,141.2,2.7,0.27,16.7,1064.4,0.06,141.3,48.4,189.8,0.0,0.0,0.0,0.0,0.0,0.0,0.0,0.0,0.0,0.0,0.0,0.0,0.0,0.0,0.0,0.0,0.0,3.0,4203.2,4206.2,5870.0,5870.0,0.0,0.0,0.0,0.0,0.0,425.1,0.0,0.0,0.0,0.0,0.0,0.0,0.0,5444.9,0.0,0.0
2050-08-03 14:00:00,2050-08-03 12:00:00,2704.2,3435.1,0.0,0.0,6139.3,2591.7,0.0,0.0,0.0,0.0416,0.0707,upv,upv,0.0,0.0,0.0,0.0,0.0,0.0,0.0,0.0,0.0,0.0,0.0,0.0,0.0,0.0,0.0,0.0,0.0,0.0,141.4,2.7,0.27,16.7,1065.7,0.06,141.5,48.5,190.0,0.0,0.0,0.0,0.0,0.0,0.0,0.0,0.0,0.0,0.0,0.0,0.0,0.0,0.0,0.0,0.0,0.0,15.8,3880.1,3895.9,6139.3,6139.3,0.0,0.0,0.0,0.0,0.0,423.0,0.0,0.0,0.0,0.0,0.0,0.0,0.0,5716.4,0.0,0.0
2050-08-03 15:00:00,2050-08-03 13:00:00,2837.9,2946.6,0.0,0.0,5784.5,2715.7,0.0,0.0,0.0,0.043,0.0742,upv,upv,0.0,0.0,0.0,0.0,0.0,0.0,0.0,0.0,0.0,0.0,0.0,0.0,0.0,0.0,0.0,0.0,0.0,0.0,141.6,2.7,0.27,16.7,1067.3,0.06,141.7,48.6,190.3,0.0,0.0,0.0,0.0,0.0,0.0,0.0,0.0,0.0,0.0,0.0,0.0,0.0,0.0,0.0,0.0,0.0,0.0,3582.0,3582.0,5784.5,5784.5,0.0,0.0,0.0,0.0,0.0,393.0,0.0,0.0,0.0,0.0,0.0,0.0,0.0,5335.9,55.6,0.0
2050-08-03 16:00:00,2050-08-03 14:00:00,2974.7,3240.3,0.0,0.0,6215.0,2842.2,0.0,0.0,0.0,0.0446,0.0778,upv,upv,0.0,0.0,0.0,0.0,0.0,0.0,0.0,0.0,0.0,0.0,0.0,0.0,0.0,0.0,0.0,0.0,0.0,0.0,141.8,2.7,0.27,16.8,1069.0,0.06,142.0,48.6,190.6,0.0,0.0,0.0,0.0,0.0,0.0,0.0,0.0,0.0,0.0,0.0,0.0,0.0,0.0,0.0,0.0,0.0,0.0,2350.3,2350.3,6215.0,6215.0,0.0,0.0,0.0,0.0,0.0,354.6,0.0,0.0,0.0,0.0,0.0,0.0,0.0,5695.2,165.3,0.0
2050-08-03 17:00:00,2050-08-03 15:00:00,3113.7,3990.5,0.0,0.0,7104.2,2970.1,0.0,0.0,0.0,0.0461,0.0814,upv,upv,0.0,0.0,0.0,0.0,0.0,0.0,0.0,0.0,0.0,0.0,0.0,0.0,0.0,0.0,0.0,0.0,0.0,0.0,142.0,2.7,0.27,16.8,1070.8,0.06,142.2,48.7,190.9,0.0,0.0,0.0,0.0,0.0,0.0,0.0,0.0,0.0,0.0,0.0,0.0,0.0,0.0,0.0,0.0,0.0,9.7,526.7,536.4,7104.2,7104.2,0.0,0.0,0.0,0.0,0.0,322.1,0.0,0.0,0.0,0.0,0.0,0.0,0.0,6782.1,0.0,0.0
2050-08-03 18:00:00,2050-08-03 16:00:00,3247.4,807.3,0.0,28.9,4083.6,3092.6,-2816.0,0.0,2816.0,0.0477,0.0849,battery,upv,0.0,0.0,0.0,0.0,0.0,0.0,0.0,0.0,0.0,0.0,0.0,0.0,0.0,0.0,0.0,0.0,0.0,0.0,142.3,2.7,0.27,16.8,1072.5,0.06,142.4,48.8,191.2,0.0,0.0,0.0,0.0,0.0,0.0,0.0,0.0,0.0,0.0,0.0,0.0,0.0,0.0,0.0,0.0,0.0,0.0,0.0,0.0,6899.6,6899.6,0.0,0.0,0.0,0.0,0.0,288.4,0.0,0.0,0.0,0.0,0.0,0.0,0.0,6543.0,68.2,0.0
2050-08-03 19:00:00,2050-08-03 17:00:00,3350.5,0.0,0.0,23.1,3373.6,3186.9,-1367.0,0.0,2439.7,0.0488,0.0876,battery,gas-cc,66.9,1.3,0.13,7.9,504.6,0.03,66.9,22.9,89.9,70.3,1.3,0.13,8.3,530.6,0.03,70.4,24.1,94.5,142.7,2.7,0.27,16.9,1075.7,0.06,142.8,48.9,191.8,404.3,7.6,0.76,47.8,3051.0,0.18,404.7,138.7,543.5,35.75,0.0,0.0,35.75,39.18,0.0,0.0,39.18,0.0,0.0,0.0,5813.3,4740.6,0.0,0.0,0.0,0.0,0.0,196.9,1072.7,0.0,0.0,0.0,0.0,0.0,0.0,4468.6,75.1,0.0
2050-08-03 20:00:00,2050-08-03 18:00:00,3394.7,0.0,0.0,9.3,3404.0,3227.2,2690.7,0.0,1427.5,0.0494,0.0888,battery,gas-cc,80.5,1.5,0.15,9.5,607.2,0.03,80.6,27.6,108.2,86.6,1.6,0.16,10.2,653.4,0.04,86.7,29.7,116.4,153.9,2.9,0.29,18.2,1160.0,0.07,154.0,52.8,206.8,414.2,7.8,0.78,48.9,3126.0,0.18,414.7,142.1,556.8,40.11,0.0,0.0,40.11,44.02,0.0,0.0,44.02,0.0,0.0,0.0,4831.5,713.3,3045.5,0.0,0.0,0.0,0.0,28.8,1072.7,0.0,0.0,0.0,0.0,0.0,0.0,653.9,30.6,0.0
2050-08-03 21:00:00,2050-08-03 19:00:00,3320.0,0.0,0.0,7.6,3327.6,3159.0,3305.6,0.0,1169.4,0.0485,0.0868,battery,gas-cc,86.4,1.6,0.16,10.2,652.4,0.04,86.5,29.7,116.2,93.2,1.8,0.18,11.0,703.2,0.04,93.3,32.0,125.3,243.7,4.6,0.46,28.8,1838.5,0.11,244.0,83.6,327.6,418.9,7.9,0.79,49.5,3161.4,0.18,419.4,143.7,563.1,40.11,264.63,0.0,304.75,43.93,289.79,0.0,333.72,0.0,0.0,0.0,4497.0,22.0,3402.2,0.0,0.0,0.0,0.0,0.0,1072.7,0.0,0.0,0.0,0.0,0.0,0.0,0.0,22.0,0.0
2050-08-03 22:00:00,2050-08-03 20:00:00,3165.3,0.0,0.0,3.6,3168.8,3017.4,3151.6,0.0,547.9,0.0467,0.0828,battery,gas-cc,104.6,2.0,0.2,12.4,789.3,0.05,104.7,35.9,140.6,111.9,2.1,0.21,13.2,844.4,0.05,112.0,38.4,150.4,153.7,2.9,0.29,18.2,1158.9,0.07,153.9,52.7,206.6,417.1,7.9,0.79,49.3,3147.4,0.18,417.5,143.1,560.6,40.11,0.0,0.0,40.11,43.73,0.0,0.0,43.73,0.0,0.0,0.0,3716.7,17.3,2626.7,0.0,0.0,0.0,0.0,0.0,1072.7,0.0,0.0,0.0,0.0,0.0,0.0,0.0,17.3,0.0
2050-08-03 23:00:00,2050-08-03 21:00:00,2935.8,0.0,0.0,3.2,2939.0,2806.2,2923.6,0.0,487.0,0.0441,0.0768,battery,gas-cc,113.5,2.1,0.21,13.4,856.3,0.05,113.6,38.9,152.5,120.8,2.3,0.23,14.3,911.6,0.05,120.9,41.5,162.4,154.5,2.9,0.29,18.3,1164.8,0.07,154.7,53.0,207.7,408.9,7.7,0.77,48.3,3085.3,0.18,409.3,140.3,549.6,40.11,0.0,0.0,40.11,43.45,0.0,0.0,43.45,0.0,0.0,0.0,3426.0,15.4,2337.9,0.0,0.0,0.0,0.0,0.0,1072.7,0.0,0.0,0.0,0.0,0.0,0.0,0.0,15.4,0.0
2050-08-04 00:00:00,2050-08-03 22:00:00,2656.8,0.0,0.0,6.6,2663.4,2547.7,2642.7,0.0,1008.5,0.0411,0.0695,gas-cc,gas-cc,105.9,2.0,0.2,12.5,798.9,0.05,106.0,36.3,142.3,112.6,2.1,0.21,13.3,849.4,0.05,112.7,38.6,151.3,152.3,2.9,0.29,18.0,1148.4,0.07,152.5,52.2,204.7,419.7,7.9,0.79,49.6,3167.0,0.18,420.1,144.0,564.1,40.41,0.0,0.0,40.41,43.43,0.0,0.0,43.43,0.0,0.0,0.0,3671.9,20.7,2578.5,0.0,0.0,0.0,0.0,0.0,1072.7,0.0,0.0,0.0,0.0,0.0,0.0,0.0,20.7,0.0
2050-08-04 01:00:00,2050-08-03 23:00:00,2400.0,0.0,0.0,6.0,2406.0,2307.8,2381.6,0.0,928.2,0.0384,0.0628,battery,gas-cc,116.6,2.2,0.22,13.8,879.9,0.05,116.7,40.0,156.7,123.3,2.3,0.23,14.6,930.4,0.05,123.4,42.3,165.7,153.4,2.9,0.29,18.1,1156.7,0.07,153.6,52.6,206.2,416.7,7.9,0.79,49.2,3144.3,0.18,417.1,143.0,560.1,40.41,0.0,0.0,40.41,43.12,0.0,0.0,43.12,0.0,0.0,0.0,3334.2,24.4,2237.1,0.0,0.0,0.0,0.0,0.0,1072.7,0.0,0.0,0.0,0.0,0.0,0.0,0.0,24.4,0.0
2050-08-04 02:00:00,2050-08-04 00:00:00,2136.8,0.0,0.0,9.1,2145.9,2060.3,2106.7,0.0,1398.0,0.0358,0.0559,battery,gas-cc,109.7,2.1,0.21,13.0,827.8,0.05,109.8,37.6,147.5,115.9,2.2,0.22,13.7,874.3,0.05,116.0,39.8,155.8,153.5,2.9,0.29,18.1,1156.9,0.07,153.6,52.6,206.3,413.6,7.8,0.78,48.9,3121.4,0.18,414.1,141.9,556.0,40.41,0.0,0.0,40.41,42.81,0.0,0.0,42.81,0.0,0.0,0.0,3543.9,39.3,2431.9,0.0,0.0,0.0,0.0,0.0,1072.7,0.0,0.0,0.0,0.0,0.0,0.0,0.0,39.3,0.0
2050-08-04 03:00:00,2050-08-04 01:00:00,1958.9,0.0,0.0,8.8,1967.8,1891.9,1935.1,0.0,1357.9,0.0342,0.0512,battery,gas-cc,116.9,2.2,0.22,13.8,882.1,0.05,117.0,40.1,157.1,123.1,2.3,0.23,14.6,928.7,0.05,123.2,42.2,165.4,152.4,2.9,0.29,18.0,1148.8,0.07,152.6,52.3,204.8,411.6,7.8,0.78,48.6,3106.1,0.18,412.1,141.2,553.3,40.41,0.0,0.0,40.41,42.6,0.0,0.0,42.6,0.0,0.0,0.0,3325.6,32.7,2220.2,0.0,0.0,0.0,0.0,0.0,1072.7,0.0,0.0,0.0,0.0,0.0,0.0,0.0,32.7,0.0
2050-08-04 04:00:00,2050-08-04 02:00:00,1816.8,0.0,0.0,8.3,1825.2,1756.8,1805.3,0.0,1282.0,0.033,0.0475,battery,gas-cc,125.1,2.4,0.24,14.8,944.2,0.05,125.3,42.9,168.2,131.4,2.5,0.25,15.5,991.3,0.06,131.5,45.1,176.6,176.5,3.3,0.33,20.9,1331.1,0.08,176.7,60.5,237.3,410.0,7.7,0.77,48.4,3093.9,0.18,410.4,140.7,551.1,40.41,0.0,0.0,40.41,42.43,0.0,0.0,42.43,0.0,0.0,0.0,3107.1,19.9,2014.5,0.0,0.0,0.0,0.0,0.0,1072.7,0.0,0.0,0.0,0.0,0.0,0.0,0.0,19.9,0.0
2050-08-04 05:00:00,2050-08-04 03:00:00,1688.4,0.0,0.0,2.5,1690.9,1634.3,1679.1,0.0,386.5,0.0321,0.0442,battery,gas-cc,187.1,3.5,0.35,22.1,1412.1,0.08,187.3,64.2,251.5,194.8,3.7,0.37,23.0,1469.8,0.08,195.0,66.8,261.8,151.1,2.9,0.29,17.9,1138.9,0.07,151.3,51.8,203.1,408.6,7.7,0.77,48.3,3083.1,0.18,409.0,140.2,549.2,40.41,0.0,0.0,40.41,42.28,0.0,0.0,42.28,0.0,0.0,0.0,2077.5,11.9,992.9,0.0,0.0,0.0,0.0,0.0,1072.7,0.0,0.0,0.0,0.0,0.0,0.0,0.0,11.9,0.0
2050-08-04 06:00:00,2050-08-04 04:00:00,1654.7,0.0,0.0,1.5,1656.3,1602.1,1649.2,0.0,237.7,0.0318,0.0433,battery,gas-cc,205.3,3.9,0.39,24.2,1548.9,0.09,205.5,70.4,275.9,213.3,4.0,0.4,25.2,1609.7,0.09,213.5,73.2,286.7,149.4,2.8,0.28,17.6,1126.0,0.07,149.5,51.2,200.7,394.5,7.4,0.74,46.6,2977.3,0.17,395.0,135.4,530.3,40.41,0.0,0.0,40.41,42.24,0.0,0.0,42.24,0.0,0.0,0.0,1894.0,7.1,814.2,0.0,0.0,0.0,0.0,0.0,1072.7,0.0,0.0,0.0,0.0,0.0,0.0,0.0,7.1,0.0
2050-08-04 07:00:00,2050-08-04 05:00:00,1644.2,0.0,0.0,0.0,1644.2,1592.0,1371.7,0.0,0.0,0.0318,0.043,battery,gas-cc,236.4,4.5,0.45,27.9,1784.2,0.1,236.7,81.1,317.8,244.7,4.6,0.46,28.9,1846.9,0.11,245.0,84.0,329.0,260.7,4.9,0.49,30.8,1967.1,0.11,261.0,89.5,350.5,394.4,7.4,0.74,46.6,2976.4,0.17,394.9,135.3,530.2,40.41,0.0,0.0,40.41,42.23,0.0,0.0,42.23,0.0,0.0,0.0,1644.2,272.5,298.9,0.0,0.0,0.0,0.0,11.4,1072.7,0.0,0.0,0.0,0.0,0.0,0.0,258.1,3.1,0.0
2050-08-04 08:00:00,2050-08-04 06:00:00,1718.9,62.2,0.0,28.3,1809.5,1663.5,-2777.5,0.0,2777.5,0.0323,0.045,upv,upv,0.0,0.0,0.0,0.0,0.0,0.0,0.0,0.0,0.0,0.0,0.0,0.0,0.0,0.0,0.0,0.0,0.0,0.0,140.3,2.6,0.27,16.6,1057.5,0.06,140.4,48.1,188.5,0.0,0.0,0.0,0.0,0.0,0.0,0.0,0.0,0.0,0.0,0.0,0.0,0.0,0.0,0.0,0.0,0.0,2.4,213.6,216.0,4586.9,4586.9,0.0,0.0,0.0,0.0,0.0,202.6,0.0,0.0,0.0,0.0,0.0,0.0,0.0,4384.3,0.0,0.0
2050-08-04 09:00:00,2050-08-04 07:00:00,1928.4,2492.1,0.0,0.0,4420.5,1862.9,0.0,0.0,0.0,0.034,0.0504,upv,upv,0.0,0.0,0.0,0.0,0.0,0.0,0.0,0.0,0.0,0.0,0.0,0.0,0.0,0.0,0.0,0.0,0.0,0.0,140.2,2.6,0.27,16.6,1057.3,0.06,140.4,48.1,188.5,0.0,0.0,0.0,0.0,0.0,0.0,0.0,0.0,0.0,0.0,0.0,0.0,0.0,0.0,0.0,0.0,0.0,1.1,4107.7,4108.9,4420.5,4420.5,0.0,0.0,0.0,0.0,0.0,0.0,0.0,0.0,0.0,0.0,0.0,0.0,0.0,4420.5,0.0,0.0
2050-08-04 10:00:00,2050-08-04 08:00:00,2195.8,2821.5,0.0,0.0,5017.3,2115.9,0.0,0.0,0.0,0.0364,0.0574,upv,upv,0.0,0.0,0.0,0.0,0.0,0.0,0.0,0.0,0.0,0.0,0.0,0.0,0.0,0.0,0.0,0.0,0.0,0.0,140.6,2.7,0.27,16.6,1060.0,0.06,140.7,48.2,189.0,0.0,0.0,0.0,0.0,0.0,0.0,0.0,0.0,0.0,0.0,0.0,0.0,0.0,0.0,0.0,0.0,0.0,2.0,4732.0,4734.0,5017.3,5017.3,0.0,0.0,0.0,0.0,0.0,411.4,0.0,0.0,0.0,0.0,0.0,0.0,0.0,4605.9,0.0,0.0
2050-08-04 11:00:00,2050-08-04 09:00:00,2386.3,2821.5,0.0,0.0,5207.9,2295.0,0.0,0.0,0.0,0.0383,0.0624,upv,upv,0.0,0.0,0.0,0.0,0.0,0.0,0.0,0.0,0.0,0.0,0.0,0.0,0.0,0.0,0.0,0.0,0.0,0.0,140.9,2.7,0.27,16.6,1062.0,0.06,141.0,48.3,189.3,0.0,0.0,0.0,0.0,0.0,0.0,0.0,0.0,0.0,0.0,0.0,0.0,0.0,0.0,0.0,0.0,0.0,1.0,4811.5,4812.5,5207.9,5207.9,0.0,0.0,0.0,0.0,0.0,423.0,0.0,0.0,0.0,0.0,0.0,0.0,0.0,4784.9,0.0,0.0
2050-08-04 12:00:00,2050-08-04 10:00:00,2528.4,3990.5,0.0,2.0,6520.9,2428.0,-301.7,0.0,301.7,0.0397,0.0661,upv,upv,0.0,0.0,0.0,0.0,0.0,0.0,0.0,0.0,0.0,0.0,0.0,0.0,0.0,0.0,0.0,0.0,0.0,0.0,141.1,2.7,0.27,16.7,1063.6,0.06,141.2,48.4,189.6,0.0,0.0,0.0,0.0,0.0,0.0,0.0,0.0,0.0,0.0,0.0,0.0,0.0,0.0,0.0,0.0,0.0,0.4,3257.5,3258.0,6822.5,6822.5,0.0,0.0,0.0,0.0,0.0,425.5,0.0,0.0,0.0,0.0,0.0,0.0,0.0,6397.1,0.0,0.0
2050-08-04 13:00:00,2050-08-04 11:00:00,2654.7,4014.7,0.0,5.0,6674.4,2545.7,-775.5,0.0,775.5,0.0411,0.0694,upv,upv,0.0,0.0,0.0,0.0,0.0,0.0,0.0,0.0,0.0,0.0,0.0,0.0,0.0,0.0,0.0,0.0,0.0,0.0,141.3,2.7,0.27,16.7,1065.1,0.06,141.4,48.4,189.9,0.0,0.0,0.0,0.0,0.0,0.0,0.0,0.0,0.0,0.0,0.0,0.0,0.0,0.0,0.0,0.0,0.0,0.8,2670.7,2671.4,7450.0,7450.0,0.0,0.0,0.0,0.0,0.0,427.3,0.0,0.0,0.0,0.0,0.0,0.0,0.0,7022.7,0.0,0.0
2050-08-04 14:00:00,2050-08-04 12:00:00,2775.8,3629.9,0.0,3.9,6409.6,2658.2,-603.7,0.0,603.7,0.0424,0.0726,upv,upv,0.0,0.0,0.0,0.0,0.0,0.0,0.0,0.0,0.0,0.0,0.0,0.0,0.0,0.0,0.0,0.0,0.0,0.0,141.5,2.7,0.27,16.7,1066.6,0.06,141.6,48.5,190.1,0.0,0.0,0.0,0.0,0.0,0.0,0.0,0.0,0.0,0.0,0.0,0.0,0.0,0.0,0.0,0.0,0.0,6.5,3093.6,3100.1,7013.4,7013.4,0.0,0.0,0.0,0.0,0.0,426.6,0.0,0.0,0.0,0.0,0.0,0.0,0.0,6586.8,0.0,0.0
2050-08-04 15:00:00,2050-08-04 13:00:00,2907.4,3629.9,0.0,2.0,6539.2,2780.0,-300.1,0.0,300.1,0.0438,0.076,upv,upv,0.0,0.0,0.0,0.0,0.0,0.0,0.0,0.0,0.0,0.0,0.0,0.0,0.0,0.0,0.0,0.0,0.0,0.0,141.7,2.7,0.27,16.7,1068.2,0.06,141.8,48.6,190.4,0.0,0.0,0.0,0.0,0.0,0.0,0.0,0.0,0.0,0.0,0.0,0.0,0.0,0.0,0.0,0.0,0.0,7.5,3200.2,3207.7,6839.3,6839.3,0.0,0.0,0.0,0.0,0.0,423.7,0.0,0.0,0.0,0.0,0.0,0.0,0.0,6415.6,0.0,0.0
2050-08-04 16:00:00,2050-08-04 14:00:00,3038.9,3432.3,0.0,9.4,6480.7,2901.3,-1452.7,0.0,1452.7,0.0453,0.0795,upv,upv,0.0,0.0,0.0,0.0,0.0,0.0,0.0,0.0,0.0,0.0,0.0,0.0,0.0,0.0,0.0,0.0,0.0,0.0,141.9,2.7,0.27,16.8,1069.8,0.06,142.1,48.7,190.7,0.0,0.0,0.0,0.0,0.0,0.0,0.0,0.0,0.0,0.0,0.0,0.0,0.0,0.0,0.0,0.0,0.0,0.0,1895.1,1895.1,7933.3,7933.3,0.0,0.0,0.0,0.0,0.0,412.1,0.0,0.0,0.0,0.0,0.0,0.0,0.0,7455.8,65.4,0.0
2050-08-04 17:00:00,2050-08-04 15:00:00,3211.6,2461.0,0.0,28.9,5701.4,3059.9,-2816.0,0.0,2816.0,0.0472,0.084,upv,upv,0.0,0.0,0.0,0.0,0.0,0.0,0.0,0.0,0.0,0.0,0.0,0.0,0.0,0.0,0.0,0.0,0.0,0.0,142.2,2.7,0.27,16.8,1072.0,0.06,142.4,48.8,191.1,0.0,0.0,0.0,0.0,0.0,0.0,0.0,0.0,0.0,0.0,0.0,0.0,0.0,0.0,0.0,0.0,0.0,0.0,886.7,886.7,8517.5,8517.5,0.0,0.0,0.0,0.0,0.0,393.7,0.0,0.0,0.0,0.0,0.0,0.0,0.0,8050.6,73.1,0.0
2050-08-04 18:00:00,2050-08-04 16:00:00,3363.2,1810.8,0.0,28.9,5202.8,3198.4,-2816.0,0.0,2816.0,0.049,0.088,upv,upv,0.0,0.0,0.0,0.0,0.0,0.0,0.0,0.0,0.0,0.0,0.0,0.0,0.0,0.0,0.0,0.0,0.0,0.0,147.9,2.8,0.28,17.5,1115.0,0.06,148.1,50.7,198.8,0.0,0.0,0.0,0.0,0.0,0.0,0.0,0.0,0.0,0.0,0.0,0.0,0.0,0.0,0.0,0.0,0.0,0.0,392.2,392.2,8018.8,8018.8,0.0,0.0,0.0,0.0,0.0,353.3,0.0,0.0,0.0,0.0,0.0,0.0,0.0,7627.5,38.1,0.0
2050-08-04 19:00:00,2050-08-04 17:00:00,3446.3,0.0,0.0,28.9,3475.2,3274.2,-1851.2,0.0,2816.0,0.05,0.0901,gas-cc,gas-cc,55.6,1.0,0.1,6.6,419.4,0.02,55.6,19.1,74.7,58.5,1.1,0.11,6.9,441.5,0.03,58.6,20.1,78.6,149.5,2.8,0.28,17.7,1127.1,0.07,149.7,51.3,200.9,398.3,7.5,0.75,47.1,3005.6,0.17,398.7,136.7,535.4,33.36,0.0,0.0,33.36,36.66,0.0,0.0,36.66,0.0,0.0,0.0,6291.2,5326.4,0.0,0.0,0.0,0.0,0.0,223.6,964.8,0.0,0.0,0.0,0.0,0.0,0.0,5072.9,30.0,0.0
2050-08-04 20:00:00,2050-08-04 18:00:00,3497.9,0.0,0.0,9.3,3507.2,3321.1,2772.5,0.0,1435.8,0.0506,0.0915,battery,gas-cc,78.6,1.5,0.15,9.3,593.5,0.03,78.7,27.0,105.7,84.8,1.6,0.16,10.0,639.9,0.04,84.9,29.1,114.0,154.3,2.9,0.29,18.2,1163.1,0.07,154.5,52.9,207.4,429.8,8.1,0.81,50.8,3243.7,0.19,430.3,147.5,577.8,40.41,0.0,0.0,40.41,44.48,0.0,0.0,44.48,0.0,0.0,0.0,4943.1,734.7,3135.6,0.0,0.0,0.0,0.0,30.4,1072.7,0.0,0.0,0.0,0.0,0.0,0.0,690.7,13.6,0.0
2050-08-04 21:00:00,2050-08-04 19:00:00,3428.4,0.0,0.0,10.7,3439.1,3257.9,3358.4,0.0,1640.0,0.0497,0.0897,battery,gas-cc,76.5,1.4,0.14,9.0,577.6,0.03,76.6,26.3,102.9,82.9,1.6,0.16,9.8,625.8,0.04,83.0,28.5,111.5,156.0,2.9,0.3,18.4,1175.7,0.07,156.1,53.5,209.6,414.6,7.8,0.78,49.0,3129.0,0.18,415.1,142.3,557.4,40.41,742.69,0.0,783.1,44.39,815.83,0.0,860.23,0.0,0.0,0.0,5079.0,80.7,3925.6,0.0,0.0,0.0,0.0,0.0,1072.7,0.0,0.0,0.0,0.0,0.0,0.0,0.0,80.7,0.0
2050-08-04 22:00:00,2050-08-04 20:00:00,3273.7,0.0,0.0,5.2,3278.8,3116.7,3236.1,0.0,792.8,0.048,0.0856,battery,gas-cc,95.5,1.8,0.18,11.3,720.5,0.04,95.6,32.8,128.3,102.5,1.9,0.19,12.1,773.7,0.04,102.6,35.2,137.8,155.0,2.9,0.29,18.3,1168.2,0.07,155.1,53.1,208.3,427.1,8.0,0.8,50.5,3222.9,0.19,427.5,146.5,574.1,40.41,275.49,0.0,315.9,44.2,301.28,0.0,345.48,0.0,0.0,0.0,4071.7,42.7,2956.2,0.0,0.0,0.0,0.0,0.0,1072.7,0.0,0.0,0.0,0.0,0.0,0.0,0.0,42.7,0.0
2050-08-04 23:00:00,2050-08-04 21:00:00,3021.1,0.0,0.0,6.0,3027.0,2884.9,2976.3,0.0,918.0,0.0451,0.079,battery,gas-cc,98.5,1.9,0.19,11.6,743.6,0.04,98.7,33.8,132.5,105.4,2.0,0.2,12.5,795.3,0.05,105.5,36.2,141.7,153.8,2.9,0.29,18.2,1159.6,0.07,154.0,52.8,206.8,473.2,8.9,0.89,55.9,3570.5,0.21,473.7,162.4,636.0,40.41,0.0,0.0,40.41,43.88,0.0,0.0,43.88,0.0,0.0,0.0,3945.0,50.8,2821.5,0.0,0.0,0.0,0.0,0.0,1072.7,0.0,0.0,0.0,0.0,0.0,0.0,0.0,50.8,0.0
2050-08-05 00:00:00,2050-08-04 22:00:00,2724.2,0.0,0.0,10.7,2734.9,2610.3,2721.2,0.0,1640.0,0.0418,0.0712,battery,gas-cc,88.9,1.7,0.17,10.5,670.6,0.04,89.0,30.5,119.4,95.0,1.8,0.18,11.2,717.2,0.04,95.1,32.6,127.8,167.1,3.2,0.32,19.7,1260.1,0.07,167.3,57.3,224.6,406.4,7.7,0.77,48.0,3067.0,0.18,406.9,139.5,546.3,40.11,0.0,0.0,40.11,43.19,0.0,0.0,43.19,0.0,0.0,0.0,4374.8,13.6,3288.5,0.0,0.0,0.0,0.0,0.0,1072.7,0.0,0.0,0.0,0.0,0.0,0.0,0.0,13.6,0.0
2050-08-05 01:00:00,2050-08-04 23:00:00,2466.3,0.0,0.0,10.7,2477.0,2369.9,2452.6,0.0,1640.0,0.0391,0.0645,battery,gas-cc,94.4,1.8,0.18,11.2,712.6,0.04,94.5,32.4,126.9,100.5,1.9,0.19,11.9,758.5,0.04,100.6,34.5,135.1,154.3,2.9,0.29,18.2,1163.2,0.07,154.5,52.9,207.4,403.5,7.6,0.76,47.7,3044.8,0.17,403.9,138.4,542.4,40.11,0.0,0.0,40.11,42.88,0.0,0.0,42.88,0.0,0.0,0.0,4116.9,24.4,3019.8,0.0,0.0,0.0,0.0,0.0,1072.7,0.0,0.0,0.0,0.0,0.0,0.0,0.0,24.4,0.0
2050-08-05 02:00:00,2050-08-05 00:00:00,2211.6,0.0,0.0,10.7,2222.2,2130.8,2190.2,0.0,1640.0,0.0365,0.0578,battery,gas-cc,100.7,1.9,0.19,11.9,759.6,0.04,100.8,34.5,135.3,106.6,2.0,0.2,12.6,804.8,0.05,106.8,36.6,143.4,190.9,3.6,0.36,22.6,1439.6,0.08,191.1,65.5,256.6,400.6,7.6,0.76,47.3,3023.3,0.17,401.1,137.5,538.5,40.11,0.0,0.0,40.11,42.58,0.0,0.0,42.58,0.0,0.0,0.0,3862.2,32.0,2757.4,0.0,0.0,0.0,0.0,0.0,1072.7,0.0,0.0,0.0,0.0,0.0,0.0,0.0,32.0,0.0
2050-08-05 03:00:00,2050-08-05 01:00:00,1994.7,0.0,0.0,10.7,2005.4,1925.8,1967.5,0.0,1640.0,0.0345,0.0522,battery,gas-cc,106.6,2.0,0.2,12.6,804.8,0.05,106.8,36.6,143.4,112.6,2.1,0.21,13.3,849.5,0.05,112.7,38.6,151.3,189.5,3.6,0.36,22.4,1429.2,0.08,189.7,65.0,254.8,398.2,7.5,0.75,47.0,3005.2,0.17,398.7,136.6,535.3,40.11,0.0,0.0,40.11,42.32,0.0,0.0,42.32,0.0,0.0,0.0,3645.4,37.9,2534.8,0.0,0.0,0.0,0.0,0.0,1072.7,0.0,0.0,0.0,0.0,0.0,0.0,0.0,37.9,0.0
2050-08-05 04:00:00,2050-08-05 02:00:00,1816.8,0.0,0.0,0.8,1817.6,1756.8,1790.4,0.0,120.1,0.033,0.0475,battery,gas-cc,200.6,3.8,0.38,23.7,1514.0,0.09,200.8,68.8,269.7,208.8,3.9,0.39,24.7,1575.6,0.09,209.0,71.7,280.7,175.1,3.3,0.33,20.7,1320.4,0.08,175.3,60.1,235.4,396.3,7.5,0.75,46.8,2990.5,0.17,396.7,136.0,532.7,40.11,0.0,0.0,40.11,42.12,0.0,0.0,42.12,0.0,0.0,0.0,1937.7,27.2,837.7,0.0,0.0,0.0,0.0,0.0,1072.7,0.0,0.0,0.0,0.0,0.0,0.0,0.0,27.2,0.0
2050-08-05 05:00:00,2050-08-05 03:00:00,1711.6,0.0,0.0,0.0,1711.6,1656.4,1699.3,0.0,0.0,0.0322,0.0448,battery,gas-cc,227.1,4.3,0.43,26.8,1714.0,0.1,227.4,77.9,305.3,235.8,4.4,0.44,27.9,1779.5,0.1,236.1,80.9,317.0,153.2,2.9,0.29,18.1,1154.7,0.07,153.4,52.5,205.9,395.2,7.4,0.74,46.7,2981.9,0.17,395.6,135.6,531.2,40.11,0.0,0.0,40.11,41.99,0.0,0.0,41.99,0.0,0.0,0.0,1711.6,12.2,626.6,0.0,0.0,0.0,0.0,0.0,1072.7,0.0,0.0,0.0,0.0,0.0,0.0,0.0,12.2,0.0
2050-08-05 06:00:00,2050-08-05 04:00:00,1631.6,0.0,0.0,0.2,1631.8,1579.9,1626.8,0.0,33.7,0.0317,0.0427,gas-cc,gas-cc,233.4,4.4,0.44,27.6,1761.5,0.1,233.7,80.1,313.8,242.1,4.6,0.46,28.6,1827.1,0.11,242.4,83.1,325.5,173.5,3.3,0.33,20.5,1307.8,0.08,173.7,59.5,233.1,399.6,7.5,0.75,47.2,3015.6,0.17,400.0,137.1,537.2,40.11,0.0,0.0,40.11,41.9,0.0,0.0,41.9,0.0,0.0,0.0,1665.5,5.0,587.7,0.0,0.0,0.0,0.0,0.0,1072.7,0.0,0.0,0.0,0.0,0.0,0.0,0.0,5.0,0.0
2050-08-05 07:00:00,2050-08-05 05:00:00,1562.1,0.0,0.0,2.4,1564.5,1513.3,1229.9,157.2,0.0,0.0312,0.0409,phs,gas-cc,276.2,5.2,0.52,32.6,2084.5,0.12,276.5,94.8,371.3,256.9,4.8,0.48,30.4,1938.8,0.11,257.2,88.2,345.4,235.4,4.4,0.44,27.8,1776.2,0.1,235.7,80.8,316.5,424.9,8.0,0.8,50.2,3206.0,0.18,425.3,145.8,571.1,39.75,0.0,0.0,39.75,41.45,0.0,0.0,41.45,0.0,0.0,0.0,1407.3,334.6,0.0,0.0,0.0,0.0,0.0,13.9,1072.7,0.0,0.0,0.0,0.0,0.0,0.0,316.2,4.4,0.0
2050-08-05 08:00:00,2050-08-05 06:00:00,1535.8,735.3,0.0,26.8,2297.9,1488.1,-2681.5,0.0,2681.5,0.0311,0.0402,battery,upv,0.0,0.0,0.0,0.0,0.0,0.0,0.0,0.0,0.0,0.0,0.0,0.0,0.0,0.0,0.0,0.0,0.0,0.0,139.8,2.6,0.26,16.5,1054.1,0.06,140.0,47.9,187.9,0.0,0.0,0.0,0.0,0.0,0.0,0.0,0.0,0.0,0.0,0.0,0.0,0.0,0.0,0.0,0.0,0.0,1.1,0.0,1.1,4979.4,4979.4,0.0,0.0,0.0,0.0,0.0,210.2,0.0,0.0,0.0,0.0,0.0,0.0,0.0,4769.1,0.0,0.0
2050-08-05 09:00:00,2050-08-05 07:00:00,1672.6,2481.8,0.0,0.0,4154.5,1619.2,0.0,0.0,0.0,0.032,0.0437,upv,upv,0.0,0.0,0.0,0.0,0.0,0.0,0.0,0.0,0.0,0.0,0.0,0.0,0.0,0.0,0.0,0.0,0.0,0.0,140.0,2.6,0.26,16.5,1055.1,0.06,140.1,48.0,188.1,0.0,0.0,0.0,0.0,0.0,0.0,0.0,0.0,0.0,0.0,0.0,0.0,0.0,0.0,0.0,0.0,0.0,0.3,4461.4,4461.7,4154.5,4154.5,0.0,0.0,0.0,0.0,0.0,363.6,0.0,0.0,0.0,0.0,0.0,0.0,0.0,3790.9,0.0,0.0
2050-08-05 10:00:00,2050-08-05 08:00:00,1886.3,2367.0,0.0,0.0,4253.3,1822.9,0.0,0.0,0.0,0.0336,0.0493,upv,upv,0.0,0.0,0.0,0.0,0.0,0.0,0.0,0.0,0.0,0.0,0.0,0.0,0.0,0.0,0.0,0.0,0.0,0.0,140.2,2.6,0.27,16.6,1056.9,0.06,140.3,48.1,188.4,0.0,0.0,0.0,0.0,0.0,0.0,0.0,0.0,0.0,0.0,0.0,0.0,0.0,0.0,0.0,0.0,0.0,2.2,5179.0,5181.2,4253.3,4253.3,0.0,0.0,0.0,0.0,0.0,398.1,0.0,0.0,0.0,0.0,0.0,0.0,0.0,3855.2,0.0,0.0
2050-08-05 11:00:00,2050-08-05 09:00:00,2136.8,2431.9,0.0,0.0,4568.7,2060.3,0.0,0.0,0.0,0.0358,0.0559,upv,upv,0.0,0.0,0.0,0.0,0.0,0.0,0.0,0.0,0.0,0.0,0.0,0.0,0.0,0.0,0.0,0.0,0.0,0.0,140.5,2.7,0.27,16.6,1059.3,0.06,140.7,48.2,188.9,0.0,0.0,0.0,0.0,0.0,0.0,0.0,0.0,0.0,0.0,0.0,0.0,0.0,0.0,0.0,0.0,0.0,2.0,5059.2,5061.3,4568.7,4568.7,0.0,0.0,0.0,0.0,0.0,406.4,0.0,0.0,0.0,0.0,0.0,0.0,0.0,4162.4,0.0,0.0
2050-08-05 12:00:00,2050-08-05 10:00:00,2405.3,3957.5,0.0,0.0,6362.8,2312.8,0.0,0.0,0.0,0.0385,0.0629,upv,upv,0.0,0.0,0.0,0.0,0.0,0.0,0.0,0.0,0.0,0.0,0.0,0.0,0.0,0.0,0.0,0.0,0.0,0.0,140.9,2.7,0.27,16.6,1062.2,0.06,141.1,48.3,189.4,0.0,0.0,0.0,0.0,0.0,0.0,0.0,0.0,0.0,0.0,0.0,0.0,0.0,0.0,0.0,0.0,0.0,0.3,3238.2,3238.5,6362.8,6362.8,0.0,0.0,0.0,0.0,0.0,405.3,0.0,0.0,0.0,0.0,0.0,0.0,0.0,5957.5,0.0,0.0
2050-08-05 13:00:00,2050-08-05 11:00:00,2610.5,3795.7,0.0,0.0,6406.2,2504.6,0.0,0.0,0.0,0.0406,0.0683,upv,upv,0.0,0.0,0.0,0.0,0.0,0.0,0.0,0.0,0.0,0.0,0.0,0.0,0.0,0.0,0.0,0.0,0.0,0.0,141.2,2.7,0.27,16.7,1064.6,0.06,141.4,48.4,189.8,0.0,0.0,0.0,0.0,0.0,0.0,0.0,0.0,0.0,0.0,0.0,0.0,0.0,0.0,0.0,0.0,0.0,7.0,2999.1,3006.2,6406.2,6406.2,0.0,0.0,0.0,0.0,0.0,397.0,0.0,0.0,0.0,0.0,0.0,0.0,0.0,6009.2,0.0,0.0
2050-08-05 14:00:00,2050-08-05 12:00:00,2793.7,2431.9,0.0,0.0,5225.6,2674.8,0.0,0.0,0.0,0.0426,0.0731,upv,upv,0.0,0.0,0.0,0.0,0.0,0.0,0.0,0.0,0.0,0.0,0.0,0.0,0.0,0.0,0.0,0.0,0.0,0.0,141.5,2.7,0.27,16.7,1066.8,0.06,141.7,48.5,190.2,0.0,0.0,0.0,0.0,0.0,0.0,0.0,0.0,0.0,0.0,0.0,0.0,0.0,0.0,0.0,0.0,0.0,8.1,3923.4,3931.5,5225.6,5225.6,0.0,0.0,0.0,0.0,0.0,386.2,0.0,0.0,0.0,0.0,0.0,0.0,0.0,4839.4,0.0,0.0
2050-08-05 15:00:00,2050-08-05 13:00:00,2953.7,4019.6,0.0,0.0,6973.3,2822.7,0.0,0.0,0.0,0.0443,0.0772,upv,upv,0.0,0.0,0.0,0.0,0.0,0.0,0.0,0.0,0.0,0.0,0.0,0.0,0.0,0.0,0.0,0.0,0.0,0.0,141.8,2.7,0.27,16.7,1068.8,0.06,141.9,48.6,190.5,0.0,0.0,0.0,0.0,0.0,0.0,0.0,0.0,0.0,0.0,0.0,0.0,0.0,0.0,0.0,0.0,0.0,0.0,2173.1,2173.1,6973.3,6973.3,0.0,0.0,0.0,0.0,0.0,385.1,0.0,0.0,0.0,0.0,0.0,0.0,0.0,6563.9,24.3,0.0
2050-08-05 16:00:00,2050-08-05 14:00:00,3080.0,4019.6,0.0,0.0,7099.6,2939.1,0.0,0.0,0.0,0.0457,0.0805,upv,upv,0.0,0.0,0.0,0.0,0.0,0.0,0.0,0.0,0.0,0.0,0.0,0.0,0.0,0.0,0.0,0.0,0.0,0.0,142.1,2.7,0.27,16.8,1071.0,0.06,142.2,48.7,190.9,0.0,0.0,0.0,0.0,0.0,0.0,0.0,0.0,0.0,0.0,0.0,0.0,0.0,0.0,0.0,0.0,0.0,0.0,2218.4,2218.4,7099.6,7099.6,0.0,0.0,0.0,0.0,0.0,391.9,0.0,0.0,0.0,0.0,0.0,0.0,0.0,6680.1,27.5,0.0
2050-08-05 17:00:00,2050-08-05 15:00:00,3236.8,3759.9,0.0,0.0,6996.7,3083.0,0.0,0.0,0.0,0.0475,0.0846,upv,upv,0.0,0.0,0.0,0.0,0.0,0.0,0.0,0.0,0.0,0.0,0.0,0.0,0.0,0.0,0.0,0.0,0.0,0.0,142.2,2.7,0.27,16.8,1072.4,0.06,142.4,48.8,191.2,0.0,0.0,0.0,0.0,0.0,0.0,0.0,0.0,0.0,0.0,0.0,0.0,0.0,0.0,0.0,0.0,0.0,0.0,2153.2,2153.2,6996.7,6996.7,0.0,0.0,0.0,0.0,0.0,379.3,0.0,0.0,0.0,0.0,0.0,0.0,0.0,6454.5,163.0,0.0
2050-08-05 18:00:00,2050-08-05 16:00:00,3425.3,1166.3,0.0,28.9,4620.5,3255.0,-2816.0,0.0,2816.0,0.0497,0.0896,battery,upv,0.0,0.0,0.0,0.0,0.0,0.0,0.0,0.0,0.0,0.0,0.0,0.0,0.0,0.0,0.0,0.0,0.0,0.0,142.6,2.7,0.27,16.8,1074.8,0.06,142.7,48.9,191.6,0.0,0.0,0.0,0.0,0.0,0.0,0.0,0.0,0.0,0.0,0.0,0.0,0.0,0.0,0.0,0.0,0.0,0.0,0.0,0.0,7436.5,7436.5,0.0,0.0,0.0,0.0,0.0,310.9,0.0,0.0,0.0,0.0,0.0,0.0,0.0,7056.8,68.8,0.0
2050-08-05 19:00:00,2050-08-05 17:00:00,3515.8,0.0,0.0,12.4,3528.2,3337.3,-681.7,0.0,1754.4,0.0508,0.0919,gas-cc,gas-cc,73.6,1.4,0.14,8.7,555.3,0.03,73.7,25.3,98.9,77.5,1.5,0.15,9.2,585.0,0.03,77.6,26.6,104.2,145.2,2.7,0.27,17.2,1094.8,0.06,145.4,49.8,195.2,421.3,7.9,0.79,49.8,3179.2,0.18,421.8,144.6,566.3,38.45,0.0,0.0,38.45,42.34,0.0,0.0,42.34,0.0,0.0,0.0,5282.6,4209.9,0.0,0.0,0.0,0.0,0.0,171.6,1072.7,0.0,0.0,0.0,0.0,0.0,0.0,3893.5,144.8,0.0
2050-08-05 20:00:00,2050-08-05 18:00:00,3476.8,0.0,0.0,10.7,3487.5,3301.9,2858.9,0.0,1640.0,0.0503,0.0909,battery,gas-cc,75.8,1.4,0.14,9.0,572.1,0.03,75.9,26.0,101.9,81.9,1.5,0.15,9.7,618.0,0.04,82.0,28.1,110.1,153.7,2.9,0.29,18.2,1158.5,0.07,153.8,52.7,206.5,415.2,7.8,0.78,49.1,3133.4,0.18,415.7,142.5,558.1,40.41,0.0,0.0,40.41,44.45,0.0,0.0,44.45,0.0,0.0,0.0,5127.5,628.7,3426.1,0.0,0.0,0.0,0.0,18.4,1072.7,0.0,0.0,0.0,0.0,0.0,0.0,418.0,192.2,0.0
2050-08-05 21:00:00,2050-08-05 19:00:00,3402.1,0.0,0.0,10.7,3412.8,3233.9,3329.6,0.0,1640.0,0.0494,0.089,battery,gas-cc,76.9,1.5,0.15,9.1,580.6,0.03,77.0,26.4,103.4,83.3,1.6,0.16,9.9,628.8,0.04,83.4,28.6,112.0,155.2,2.9,0.29,18.3,1170.0,0.07,155.4,53.2,208.6,414.3,7.8,0.78,48.9,3126.6,0.18,414.8,142.2,556.9,40.41,318.64,0.0,359.05,44.36,349.75,0.0,394.11,0.0,0.0,0.0,5052.7,83.1,3896.9,0.0,0.0,0.0,0.0,0.0,1072.7,0.0,0.0,0.0,0.0,0.0,0.0,0.0,83.1,0.0
2050-08-05 22:00:00,2050-08-05 20:00:00,3227.4,0.0,0.0,10.7,3238.0,3074.3,3215.3,0.0,1640.0,0.0474,0.0844,battery,gas-cc,79.7,1.5,0.15,9.4,601.4,0.03,79.8,27.3,107.1,86.0,1.6,0.16,10.2,649.4,0.04,86.1,29.5,115.7,155.6,2.9,0.29,18.4,1173.3,0.07,155.8,53.4,209.2,412.3,7.8,0.78,48.7,3111.0,0.18,412.7,141.5,554.2,40.41,170.08,0.0,210.49,44.14,185.76,0.0,229.89,0.0,0.0,0.0,4878.0,22.8,3782.5,0.0,0.0,0.0,0.0,0.0,1072.7,0.0,0.0,0.0,0.0,0.0,0.0,0.0,22.8,0.0
2050-08-05 23:00:00,2050-08-05 21:00:00,2969.5,0.0,0.0,5.0,2974.5,2837.3,2953.4,0.0,775.1,0.0445,0.0777,battery,gas-cc,103.7,2.0,0.2,12.2,782.4,0.04,103.8,35.6,139.4,110.7,2.1,0.21,13.1,835.2,0.05,110.8,38.0,148.8,153.6,2.9,0.29,18.2,1158.1,0.07,153.8,52.7,206.5,414.1,7.8,0.78,48.9,3124.8,0.18,414.5,142.1,556.6,40.41,0.0,0.0,40.41,43.81,0.0,0.0,43.81,0.0,0.0,0.0,3749.6,21.1,2655.8,0.0,0.0,0.0,0.0,0.0,1072.7,0.0,0.0,0.0,0.0,0.0,0.0,0.0,21.1,0.0
2050-08-06 00:00:00,2050-08-05 22:00:00,2713.7,0.0,0.0,10.7,2724.3,2600.5,2700.3,0.0,1640.0,0.0417,0.071,battery,gas-cc,89.1,1.7,0.17,10.5,672.2,0.04,89.2,30.6,119.7,95.2,1.8,0.18,11.3,718.7,0.04,95.3,32.7,128.0,175.7,3.3,0.33,20.8,1324.7,0.08,175.9,60.3,236.1,406.3,7.7,0.77,48.0,3066.0,0.18,406.7,139.4,546.2,40.41,0.0,0.0,40.41,43.5,0.0,0.0,43.5,0.0,0.0,0.0,4364.3,24.1,3267.5,0.0,0.0,0.0,0.0,0.0,1072.7,0.0,0.0,0.0,0.0,0.0,0.0,0.0,24.1,0.0
2050-08-06 01:00:00,2050-08-05 23:00:00,2492.6,0.0,0.0,10.6,2503.2,2394.5,2482.9,0.0,1629.0,0.0394,0.0652,battery,gas-cc,94.1,1.8,0.18,11.1,709.9,0.04,94.2,32.3,126.5,100.2,1.9,0.19,11.8,756.0,0.04,100.3,34.4,134.7,194.7,3.7,0.37,23.0,1468.3,0.08,194.9,66.8,261.7,417.8,7.9,0.79,49.3,3152.4,0.18,418.2,143.3,561.5,40.41,0.0,0.0,40.41,43.23,0.0,0.0,43.23,0.0,0.0,0.0,4132.2,20.3,3039.2,0.0,0.0,0.0,0.0,0.0,1072.7,0.0,0.0,0.0,0.0,0.0,0.0,0.0,20.3,0.0
2050-08-06 02:00:00,2050-08-06 00:00:00,2224.2,0.0,0.0,10.6,2234.8,2142.7,2234.1,0.0,1631.9,0.0367,0.0582,battery,gas-cc,100.5,1.9,0.19,11.9,758.7,0.04,100.6,34.5,135.1,106.6,2.0,0.2,12.6,804.2,0.05,106.7,36.6,143.3,153.2,2.9,0.29,18.1,1155.0,0.07,153.4,52.5,205.9,414.6,7.8,0.78,49.0,3128.9,0.18,415.1,142.3,557.4,40.41,0.0,0.0,40.41,42.91,0.0,0.0,42.91,0.0,0.0,0.0,3866.7,0.8,2793.2,0.0,0.0,0.0,0.0,0.0,1072.7,0.0,0.0,0.0,0.0,0.0,0.0,0.0,0.8,0.0
2050-08-06 03:00:00,2050-08-06 01:00:00,2033.7,0.0,0.0,5.3,2038.9,1962.7,2032.8,0.0,809.8,0.0349,0.0532,battery,gas-cc,136.5,2.6,0.26,16.1,1029.8,0.06,136.6,46.8,183.4,143.3,2.7,0.27,16.9,1081.3,0.06,143.4,49.2,192.6,153.3,2.9,0.29,18.1,1155.8,0.07,153.5,52.6,206.1,398.7,7.5,0.75,47.1,3008.5,0.17,399.1,136.8,535.9,40.41,0.0,0.0,40.41,42.68,0.0,0.0,42.68,0.0,0.0,0.0,2848.7,6.2,1769.8,0.0,0.0,0.0,0.0,0.0,1072.7,0.0,0.0,0.0,0.0,0.0,0.0,0.0,6.2,0.0
2050-08-06 04:00:00,2050-08-06 02:00:00,1886.3,0.0,0.0,1.4,1887.7,1822.9,1882.4,90.4,0.0,0.0336,0.0493,battery,gas-cc,216.3,4.1,0.41,25.6,1632.2,0.09,216.5,74.2,290.7,214.5,4.0,0.4,25.3,1618.7,0.09,214.7,73.6,288.3,152.3,2.9,0.29,18.0,1147.9,0.07,152.4,52.2,204.7,397.1,7.5,0.75,46.9,2996.3,0.17,397.5,136.2,533.7,40.41,0.0,0.0,40.41,42.51,0.0,0.0,42.51,0.0,0.0,0.0,1797.4,5.3,719.3,0.0,0.0,0.0,0.0,0.0,1072.7,0.0,0.0,0.0,0.0,0.0,0.0,0.0,5.3,0.0
2050-08-06 05:00:00,2050-08-06 03:00:00,1770.5,0.0,0.0,2.4,1772.9,1712.7,1764.8,155.3,0.0,0.0327,0.0463,battery,gas-cc,240.3,4.5,0.45,28.4,1813.6,0.1,240.6,82.5,323.1,228.2,4.3,0.43,27.0,1722.2,0.1,228.5,78.3,306.8,151.4,2.9,0.29,17.9,1141.2,0.07,151.6,51.9,203.5,395.8,7.5,0.75,46.8,2986.7,0.17,396.2,135.8,532.0,40.41,0.0,0.0,40.41,42.38,0.0,0.0,42.38,0.0,0.0,0.0,1617.6,8.1,536.7,0.0,0.0,0.0,0.0,0.0,1072.7,0.0,0.0,0.0,0.0,0.0,0.0,0.0,8.1,0.0
2050-08-06 06:00:00,2050-08-06 04:00:00,1680.0,0.0,0.0,0.0,1680.0,1626.2,1677.2,0.0,0.0,0.032,0.0439,battery,gas-cc,231.4,4.4,0.44,27.3,1746.2,0.1,231.7,79.4,311.1,240.1,4.5,0.45,28.4,1812.2,0.1,240.4,82.4,322.8,218.6,4.1,0.41,25.8,1649.0,0.1,218.9,75.0,293.9,394.8,7.4,0.74,46.6,2979.4,0.17,395.2,135.5,530.7,40.41,0.0,0.0,40.41,42.27,0.0,0.0,42.27,0.0,0.0,0.0,1680.0,2.8,604.5,0.0,0.0,0.0,0.0,0.0,1072.7,0.0,0.0,0.0,0.0,0.0,0.0,0.0,2.8,0.0
2050-08-06 07:00:00,2050-08-06 05:00:00,1626.3,0.0,0.0,7.6,1633.9,1574.9,1622.1,549.4,0.0,0.0316,0.0425,gas-cc,gas-cc,358.5,6.8,0.68,42.3,2705.1,0.16,358.9,123.0,481.9,254.5,4.8,0.48,30.2,1920.7,0.11,254.8,87.5,342.2,239.9,4.5,0.45,28.3,1809.5,0.1,240.1,82.3,322.4,385.1,7.3,0.73,45.5,2906.4,0.17,385.6,132.2,517.7,40.12,0.0,0.0,40.12,41.9,0.0,0.0,41.9,0.0,0.0,0.0,1084.5,11.8,0.0,0.0,0.0,0.0,0.0,0.5,1072.7,0.0,0.0,0.0,0.0,0.0,0.0,10.6,0.7,0.0
2050-08-06 08:00:00,2050-08-06 06:00:00,1628.4,350.7,0.0,12.1,1991.3,1576.9,1243.2,1243.2,0.0,0.0316,0.0426,battery,gas-cc,0.0,0.0,0.0,0.0,0.0,0.0,0.0,0.0,0.0,0.0,0.0,0.0,0.9,2.0,0.02,0.0,0.9,0.9,153.5,2.9,0.29,18.1,1157.3,0.07,153.7,52.6,206.3,372.4,7.0,0.7,44.0,2810.1,0.16,372.8,127.8,500.6,28.56,0.0,0.0,28.56,29.83,0.0,0.0,29.83,0.0,0.0,0.0,748.1,748.1,0.0,0.0,0.0,0.0,0.0,31.6,0.0,0.0,0.0,0.0,0.0,0.0,0.0,716.1,0.4,0.0
2050-08-06 09:00:00,2050-08-06 07:00:00,1722.1,1784.4,0.0,12.1,3518.5,1666.5,1243.2,1243.2,0.0,0.0323,0.045,battery,gas-cc,0.0,0.0,0.0,0.0,0.0,0.0,0.0,0.0,0.0,0.0,0.0,0.0,0.4,1.0,0.01,0.0,0.4,0.4,140.0,2.6,0.26,16.5,1055.5,0.06,140.2,48.0,188.2,373.3,7.0,0.7,44.1,2817.3,0.16,373.7,128.1,501.8,28.56,0.0,0.0,28.56,29.9,0.0,0.0,29.9,0.0,0.0,0.0,2275.4,2275.4,0.0,0.0,0.0,0.0,0.0,96.0,0.0,0.0,0.0,0.0,0.0,0.0,0.0,2179.4,0.0,0.0
2050-08-06 10:00:00,2050-08-06 08:00:00,1863.2,2909.3,0.0,10.7,4783.1,1800.9,-1640.0,0.0,1640.0,0.0334,0.0487,battery,upv,0.0,0.0,0.0,0.0,0.0,0.0,0.0,0.0,0.0,0.0,0.0,0.0,0.0,0.0,0.0,0.0,0.0,0.0,140.2,2.6,0.27,16.6,1056.7,0.06,140.3,48.1,188.4,0.0,0.0,0.0,0.0,0.0,0.0,0.0,0.0,0.0,0.0,0.0,0.0,0.0,0.0,0.0,0.0,0.0,0.3,0.0,0.3,6423.1,6423.1,0.0,0.0,0.0,0.0,0.0,271.0,0.0,0.0,0.0,0.0,0.0,0.0,0.0,6152.1,0.0,0.0
2050-08-06 11:00:00,2050-08-06 09:00:00,2056.8,3882.9,0.0,10.7,5950.4,1984.7,-1640.0,0.0,1640.0,0.0351,0.0538,upv,upv,0.0,0.0,0.0,0.0,0.0,0.0,0.0,0.0,0.0,0.0,0.0,0.0,0.0,0.0,0.0,0.0,0.0,0.0,140.4,2.7,0.27,16.6,1058.5,0.06,140.6,48.1,188.7,0.0,0.0,0.0,0.0,0.0,0.0,0.0,0.0,0.0,0.0,0.0,0.0,0.0,0.0,0.0,0.0,0.0,0.0,818.4,818.4,7590.3,7590.3,0.0,0.0,0.0,0.0,0.0,0.0,0.0,0.0,0.0,0.0,0.0,0.0,0.0,7588.3,2.0,0.0
2050-08-06 12:00:00,2050-08-06 10:00:00,2288.4,3629.9,0.0,10.7,5929.0,2203.1,-1640.0,0.0,1640.0,0.0373,0.0598,upv,upv,0.0,0.0,0.0,0.0,0.0,0.0,0.0,0.0,0.0,0.0,0.0,0.0,0.0,0.0,0.0,0.0,0.0,0.0,140.7,2.7,0.27,16.6,1060.9,0.06,140.9,48.3,189.1,0.0,0.0,0.0,0.0,0.0,0.0,0.0,0.0,0.0,0.0,0.0,0.0,0.0,0.0,0.0,0.0,0.0,6.4,1998.3,2004.7,7569.0,7569.0,0.0,0.0,0.0,0.0,0.0,403.8,0.0,0.0,0.0,0.0,0.0,0.0,0.0,7165.1,0.0,0.0
2050-08-06 13:00:00,2050-08-06 11:00:00,2503.2,3824.8,0.0,10.7,6338.6,2404.4,-1640.0,0.0,1640.0,0.0395,0.0655,upv,upv,0.0,0.0,0.0,0.0,0.0,0.0,0.0,0.0,0.0,0.0,0.0,0.0,0.0,0.0,0.0,0.0,0.0,0.0,141.0,2.7,0.27,16.7,1063.4,0.06,141.2,48.4,189.6,0.0,0.0,0.0,0.0,0.0,0.0,0.0,0.0,0.0,0.0,0.0,0.0,0.0,0.0,0.0,0.0,0.0,8.8,1399.9,1408.7,7978.5,7978.5,0.0,0.0,0.0,0.0,0.0,395.9,0.0,0.0,0.0,0.0,0.0,0.0,0.0,7582.6,0.0,0.0
2050-08-06 14:00:00,2050-08-06 12:00:00,2654.7,3211.2,0.0,10.7,5876.6,2545.7,-1640.0,0.0,1640.0,0.0411,0.0694,upv,upv,0.0,0.0,0.0,0.0,0.0,0.0,0.0,0.0,0.0,0.0,0.0,0.0,0.0,0.0,0.0,0.0,0.0,0.0,141.3,2.7,0.27,16.7,1065.1,0.06,141.4,48.5,189.9,0.0,0.0,0.0,0.0,0.0,0.0,0.0,0.0,0.0,0.0,0.0,0.0,0.0,0.0,0.0,0.0,0.0,10.6,1085.9,1096.4,7516.6,7516.6,0.0,0.0,0.0,0.0,0.0,363.1,0.0,0.0,0.0,0.0,0.0,0.0,0.0,7153.5,0.0,0.0
2050-08-06 15:00:00,2050-08-06 13:00:00,2796.8,3986.6,0.0,10.7,6794.1,2677.7,-1640.0,0.0,1640.0,0.0426,0.0731,upv,upv,0.0,0.0,0.0,0.0,0.0,0.0,0.0,0.0,0.0,0.0,0.0,0.0,0.0,0.0,0.0,0.0,0.0,0.0,141.5,2.7,0.27,16.7,1066.8,0.06,141.7,48.5,190.2,0.0,0.0,0.0,0.0,0.0,0.0,0.0,0.0,0.0,0.0,0.0,0.0,0.0,0.0,0.0,0.0,0.0,12.6,337.1,349.7,8434.1,8434.1,0.0,0.0,0.0,0.0,0.0,370.3,0.0,0.0,0.0,0.0,0.0,0.0,0.0,8063.8,0.0,0.0
2050-08-06 16:00:00,2050-08-06 14:00:00,2902.1,3240.3,0.0,10.7,6153.0,2775.1,-1640.0,0.0,1640.0,0.0438,0.0759,upv,upv,0.0,0.0,0.0,0.0,0.0,0.0,0.0,0.0,0.0,0.0,0.0,0.0,0.0,0.0,0.0,0.0,0.0,0.0,141.7,2.7,0.27,16.7,1068.1,0.06,141.8,48.6,190.4,0.0,0.0,0.0,0.0,0.0,0.0,0.0,0.0,0.0,0.0,0.0,0.0,0.0,0.0,0.0,0.0,0.0,48.9,512.6,561.5,7793.0,7793.0,0.0,0.0,0.0,0.0,0.0,0.0,0.0,0.0,0.0,0.0,0.0,0.0,0.0,7793.0,0.0,0.0
2050-08-06 17:00:00,2050-08-06 15:00:00,3067.4,2440.1,0.0,10.7,5518.2,2927.5,-1640.0,0.0,1640.0,0.0456,0.0802,distpv,distpv,0.0,0.0,0.0,0.0,0.0,0.0,0.0,0.0,0.0,0.0,0.0,0.0,0.0,0.0,0.0,0.0,0.0,0.0,141.8,2.7,0.27,16.8,1068.9,0.06,141.9,48.6,190.6,0.0,0.0,0.0,0.0,0.0,0.0,0.0,0.0,0.0,0.0,0.0,0.0,0.0,0.0,0.0,0.0,0.0,0.0,241.0,241.0,7158.1,7158.1,0.0,0.0,0.0,0.0,0.0,65.4,0.0,0.0,0.0,0.0,0.0,0.0,0.0,6953.4,139.4,0.0
2050-08-06 18:00:00,2050-08-06 16:00:00,3245.3,1906.3,0.0,3.2,5154.7,3090.7,-488.8,0.0,488.8,0.0476,0.0849,battery,gas-cc,0.0,0.0,0.0,0.0,0.0,0.0,0.0,0.0,0.0,0.0,0.0,0.0,0.0,0.0,0.0,0.0,0.0,0.0,143.3,2.7,0.27,16.9,1080.6,0.06,143.5,49.2,192.6,389.6,7.3,0.73,46.0,2939.9,0.17,390.0,133.7,523.7,28.56,0.0,0.0,28.56,31.21,0.0,0.0,31.21,0.0,0.0,0.0,5643.5,5643.5,0.0,0.0,0.0,0.0,0.0,232.8,0.0,0.0,0.0,0.0,0.0,0.0,0.0,5282.9,127.9,0.0
2050-08-06 19:00:00,2050-08-06 17:00:00,3391.6,0.0,0.0,0.4,3391.9,3224.3,1018.6,0.0,54.1,0.0493,0.0887,hydro,gas-cc,112.8,2.1,0.21,13.3,851.3,0.05,112.9,38.7,151.6,118.7,2.2,0.22,14.0,895.5,0.05,118.8,40.7,159.5,150.8,2.8,0.29,17.8,1136.5,0.07,150.9,51.7,202.6,419.8,7.9,0.79,49.6,3167.9,0.18,420.2,144.0,564.3,40.15,0.0,0.0,40.15,44.06,0.0,0.0,44.06,0.0,0.0,0.0,3446.0,2373.3,0.0,0.0,0.0,0.0,0.0,98.1,1072.7,0.0,0.0,0.0,0.0,0.0,0.0,2226.2,49.0,0.0
2050-08-06 20:00:00,2050-08-06 18:00:00,3391.6,0.0,0.0,7.7,3399.3,3224.3,3204.3,0.0,1079.7,0.0493,0.0887,battery,gas-cc,86.8,1.6,0.16,10.3,655.0,0.04,86.9,29.8,116.7,93.5,1.8,0.18,11.1,705.7,0.04,93.6,32.1,125.7,154.8,2.9,0.29,18.3,1167.0,0.07,155.0,53.1,208.1,428.5,8.1,0.81,50.6,3233.8,0.19,429.0,147.0,576.0,40.41,211.7,0.0,252.11,44.35,232.3,0.0,276.65,0.0,0.0,0.0,4478.9,195.0,3211.2,0.0,0.0,0.0,0.0,4.5,1072.7,0.0,0.0,0.0,0.0,0.0,0.0,101.9,88.6,0.0
2050-08-06 21:00:00,2050-08-06 19:00:00,3298.9,0.0,0.0,9.1,3308.0,3139.8,3281.2,0.0,1392.3,0.0482,0.0863,battery,gas-cc,82.7,1.6,0.16,9.8,624.1,0.04,82.8,28.4,111.2,89.3,1.7,0.17,10.6,673.6,0.04,89.4,30.6,120.0,202.4,3.8,0.38,23.9,1526.1,0.09,202.6,69.4,272.0,427.4,8.1,0.81,50.5,3225.2,0.19,427.9,146.6,574.5,40.41,155.17,0.0,195.58,44.23,169.82,0.0,214.05,0.0,0.0,0.0,4700.3,26.8,3600.8,0.0,0.0,0.0,0.0,0.0,1072.7,0.0,0.0,0.0,0.0,0.0,0.0,0.0,26.8,0.0
2050-08-06 22:00:00,2050-08-06 20:00:00,3162.1,0.0,0.0,9.8,3171.9,3014.5,3164.8,0.0,1508.8,0.0467,0.0827,battery,gas-cc,83.1,1.6,0.16,9.8,626.8,0.04,83.1,28.5,111.6,89.5,1.7,0.17,10.6,675.3,0.04,89.6,30.7,120.3,162.2,3.1,0.31,19.2,1222.5,0.07,162.3,55.6,217.9,425.7,8.0,0.8,50.3,3212.6,0.18,426.2,146.1,572.3,40.41,0.0,0.0,40.41,44.06,0.0,0.0,44.06,0.0,0.0,0.0,4680.7,7.1,3600.8,0.0,0.0,0.0,0.0,0.0,1072.7,0.0,0.0,0.0,0.0,0.0,0.0,0.0,7.1,0.0
2050-08-06 23:00:00,2050-08-06 21:00:00,2891.6,0.0,0.0,6.5,2898.1,2765.4,2894.7,0.0,999.6,0.0436,0.0756,gas-cc,gas-cc,99.7,1.9,0.19,11.8,752.7,0.04,99.8,34.2,134.1,106.5,2.0,0.2,12.6,803.8,0.05,106.6,36.6,143.2,154.6,2.9,0.29,18.3,1165.1,0.07,154.7,53.0,207.7,422.5,8.0,0.8,49.9,3188.0,0.18,422.9,145.0,567.9,40.41,0.0,0.0,40.41,43.72,0.0,0.0,43.72,0.0,0.0,0.0,3897.7,3.4,2821.5,0.0,0.0,0.0,0.0,0.0,1072.7,0.0,0.0,0.0,0.0,0.0,0.0,0.0,3.4,0.0
2050-08-07 00:00:00,2050-08-06 22:00:00,2649.5,0.0,0.0,10.7,2660.1,2540.8,2650.9,0.0,1640.0,0.041,0.0693,battery,gas-cc,90.4,1.7,0.17,10.7,682.2,0.04,90.5,31.0,121.5,96.6,1.8,0.18,11.4,728.7,0.04,96.7,33.1,129.8,154.7,2.9,0.29,18.3,1166.1,0.07,154.9,53.0,207.9,405.6,7.6,0.76,47.9,3060.5,0.18,406.0,139.2,545.2,40.41,0.0,0.0,40.41,43.42,0.0,0.0,43.42,0.0,0.0,0.0,4300.1,9.2,3218.1,0.0,0.0,0.0,0.0,0.0,1072.7,0.0,0.0,0.0,0.0,0.0,0.0,0.0,9.2,0.0
2050-08-07 01:00:00,2050-08-06 23:00:00,2443.2,0.0,0.0,10.7,2453.8,2348.2,2448.4,0.0,1640.0,0.0388,0.0639,battery,gas-cc,95.0,1.8,0.18,11.2,716.6,0.04,95.1,32.6,127.7,101.0,1.9,0.19,12.0,762.5,0.04,101.2,34.7,135.8,153.5,2.9,0.29,18.1,1157.4,0.07,153.7,52.6,206.4,403.2,7.6,0.76,47.6,3042.9,0.17,403.7,138.4,542.0,40.41,0.0,0.0,40.41,43.17,0.0,0.0,43.17,0.0,0.0,0.0,4093.8,5.4,3015.7,0.0,0.0,0.0,0.0,0.0,1072.7,0.0,0.0,0.0,0.0,0.0,0.0,0.0,5.4,0.0
2050-08-07 02:00:00,2050-08-07 00:00:00,2198.9,0.0,0.0,10.7,2209.6,2118.9,2205.6,0.0,1640.0,0.0364,0.0575,battery,gas-cc,101.0,1.9,0.19,11.9,762.1,0.04,101.1,34.7,135.7,107.0,2.0,0.2,12.7,807.4,0.05,107.1,36.7,143.8,153.0,2.9,0.29,18.1,1153.3,0.07,153.2,52.5,205.6,400.5,7.5,0.75,47.3,3022.3,0.17,400.9,137.4,538.4,40.41,0.0,0.0,40.41,42.88,0.0,0.0,42.88,0.0,0.0,0.0,3849.6,4.0,2772.8,0.0,0.0,0.0,0.0,0.0,1072.7,0.0,0.0,0.0,0.0,0.0,0.0,0.0,4.0,0.0
2050-08-07 03:00:00,2050-08-07 01:00:00,2049.5,0.0,0.0,2.4,2051.8,1977.7,2040.8,0.0,364.6,0.035,0.0536,gas-cc,gas-cc,160.9,3.0,0.3,19.0,1214.0,0.07,161.1,55.2,216.3,168.4,3.2,0.32,19.9,1270.7,0.07,168.6,57.8,226.4,155.2,2.9,0.29,18.3,1169.9,0.07,155.4,53.2,208.6,412.6,7.8,0.78,48.7,3113.8,0.18,413.1,141.6,554.7,40.41,0.0,0.0,40.41,42.7,0.0,0.0,42.7,0.0,0.0,0.0,2416.4,11.1,1332.6,0.0,0.0,0.0,0.0,0.0,1072.7,0.0,0.0,0.0,0.0,0.0,0.0,0.0,11.1,0.0
2050-08-07 04:00:00,2050-08-07 02:00:00,1914.7,0.0,0.0,0.7,1915.4,1849.9,1903.0,0.0,107.0,0.0338,0.0501,battery,gas-cc,192.2,3.6,0.36,22.7,1450.6,0.08,192.4,66.0,258.4,200.4,3.8,0.38,23.7,1512.0,0.09,200.6,68.8,269.3,183.2,3.5,0.35,21.6,1381.8,0.08,183.4,62.8,246.3,462.8,8.7,0.87,54.7,3492.4,0.2,463.3,158.8,622.1,40.41,0.0,0.0,40.41,42.54,0.0,0.0,42.54,0.0,0.0,0.0,2022.4,12.4,937.3,0.0,0.0,0.0,0.0,0.0,1072.7,0.0,0.0,0.0,0.0,0.0,0.0,0.0,12.4,0.0
2050-08-07 05:00:00,2050-08-07 03:00:00,1809.5,0.0,0.0,0.7,1810.2,1749.8,1782.4,0.0,111.0,0.033,0.0473,battery,gas-cc,202.4,3.8,0.38,23.9,1527.0,0.09,202.6,69.4,272.0,210.5,4.0,0.4,24.9,1588.8,0.09,210.8,72.3,283.0,226.0,4.3,0.43,26.7,1704.5,0.1,226.2,77.5,303.7,457.4,8.6,0.86,54.0,3451.8,0.2,457.9,157.0,614.9,40.41,0.0,0.0,40.41,42.42,0.0,0.0,42.42,0.0,0.0,0.0,1921.2,27.8,820.7,0.0,0.0,0.0,0.0,0.0,1072.7,0.0,0.0,0.0,0.0,0.0,0.0,0.0,27.8,0.0
2050-08-07 06:00:00,2050-08-07 04:00:00,1783.2,0.0,0.0,0.0,1783.2,1724.7,1746.8,0.0,0.0,0.0328,0.0466,battery,gas-cc,218.0,4.1,0.41,25.8,1645.2,0.09,218.3,74.8,293.1,226.5,4.3,0.43,26.8,1709.6,0.1,226.8,77.7,304.5,249.0,4.7,0.47,29.4,1878.8,0.11,249.3,85.4,334.8,395.9,7.5,0.75,46.8,2987.8,0.17,396.4,135.9,532.2,40.41,0.0,0.0,40.41,42.39,0.0,0.0,42.39,0.0,0.0,0.0,1783.2,36.4,674.1,0.0,0.0,0.0,0.0,0.0,1072.7,0.0,0.0,0.0,0.0,0.0,0.0,0.0,36.4,0.0
2050-08-07 07:00:00,2050-08-07 05:00:00,1806.3,0.0,0.0,0.0,1806.3,1746.8,1558.6,0.0,0.0,0.033,0.0472,battery,gas-cc,215.2,4.1,0.41,25.4,1624.1,0.09,215.5,73.8,289.3,223.4,4.2,0.42,26.4,1685.6,0.1,223.6,76.7,300.3,238.7,4.5,0.45,28.2,1800.6,0.1,238.9,81.9,320.8,396.2,7.5,0.75,46.8,2989.7,0.17,396.6,135.9,532.6,40.41,0.0,0.0,40.41,42.42,0.0,0.0,42.42,0.0,0.0,0.0,1806.3,247.8,485.8,0.0,0.0,0.0,0.0,9.0,1072.7,0.0,0.0,0.0,0.0,0.0,0.0,205.2,33.5,0.0
2050-08-07 08:00:00,2050-08-07 06:00:00,1871.6,2431.9,0.0,0.6,4304.1,1808.9,-97.5,0.0,97.5,0.0335,0.0489,hydro,gas-cc,0.0,0.0,0.0,0.0,0.0,0.0,0.0,0.0,0.0,0.0,0.0,0.0,0.0,0.0,0.0,0.0,0.0,0.0,158.6,3.0,0.3,18.7,1196.1,0.07,158.8,54.4,213.2,443.0,8.3,0.83,52.3,3343.1,0.19,443.5,152.0,595.5,21.99,0.0,0.0,21.99,23.12,0.0,0.0,23.12,0.0,0.0,0.0,4401.6,4401.6,0.0,0.0,0.0,0.0,0.0,184.4,0.0,0.0,0.0,0.0,0.0,0.0,0.0,4184.3,32.9,0.0
2050-08-07 09:00:00,2050-08-07 07:00:00,2077.9,3043.3,0.0,28.9,5150.1,2004.6,-2816.0,0.0,2816.0,0.0353,0.0543,battery,upv,0.0,0.0,0.0,0.0,0.0,0.0,0.0,0.0,0.0,0.0,0.0,0.0,0.0,0.0,0.0,0.0,0.0,0.0,141.0,2.7,0.27,16.7,1062.9,0.06,141.1,48.3,189.5,0.0,0.0,0.0,0.0,0.0,0.0,0.0,0.0,0.0,0.0,0.0,0.0,0.0,0.0,0.0,0.0,0.0,0.0,0.0,0.0,7966.1,7966.1,0.0,0.0,0.0,0.0,0.0,335.1,0.0,0.0,0.0,0.0,0.0,0.0,0.0,7606.1,25.0,0.0
2050-08-07 10:00:00,2050-08-07 08:00:00,2357.9,3595.3,0.0,27.4,5980.6,2268.3,-2721.8,0.0,2721.8,0.038,0.0617,upv,upv,0.0,0.0,0.0,0.0,0.0,0.0,0.0,0.0,0.0,0.0,0.0,0.0,0.0,0.0,0.0,0.0,0.0,0.0,145.7,2.7,0.28,17.2,1098.5,0.06,145.9,50.0,195.8,0.0,0.0,0.0,0.0,0.0,0.0,0.0,0.0,0.0,0.0,0.0,0.0,0.0,0.0,0.0,0.0,0.0,0.0,974.8,974.8,8702.4,8702.4,0.0,0.0,0.0,0.0,0.0,407.4,0.0,0.0,0.0,0.0,0.0,0.0,0.0,8272.7,22.3,0.0
2050-08-07 11:00:00,2050-08-07 09:00:00,2538.9,4019.6,0.0,18.9,6577.5,2437.8,-2174.4,0.0,2174.4,0.0398,0.0664,upv,upv,0.0,0.0,0.0,0.0,0.0,0.0,0.0,0.0,0.0,0.0,0.0,0.0,0.0,0.0,0.0,0.0,0.0,0.0,146.1,2.8,0.28,17.3,1101.8,0.06,146.3,50.1,196.4,0.0,0.0,0.0,0.0,0.0,0.0,0.0,0.0,0.0,0.0,0.0,0.0,0.0,0.0,0.0,0.0,0.0,23.5,1240.6,1264.1,8751.9,8751.9,0.0,0.0,0.0,0.0,0.0,0.0,0.0,0.0,0.0,0.0,0.0,0.0,0.0,8751.9,0.0,0.0
2050-08-07 12:00:00,2050-08-07 10:00:00,2704.2,3824.8,0.0,28.9,6557.8,2591.7,-2816.0,0.0,2816.0,0.0416,0.0707,upv,upv,0.0,0.0,0.0,0.0,0.0,0.0,0.0,0.0,0.0,0.0,0.0,0.0,0.0,0.0,0.0,0.0,0.0,0.0,141.4,2.7,0.27,16.7,1065.7,0.06,141.5,48.5,190.0,0.0,0.0,0.0,0.0,0.0,0.0,0.0,0.0,0.0,0.0,0.0,0.0,0.0,0.0,0.0,0.0,0.0,47.9,658.8,706.7,9373.9,9373.9,0.0,0.0,0.0,0.0,0.0,423.3,0.0,0.0,0.0,0.0,0.0,0.0,0.0,8950.5,0.0,0.0
2050-08-07 13:00:00,2050-08-07 11:00:00,2814.7,3811.4,0.0,28.0,6654.2,2694.3,-2760.3,0.0,2760.3,0.0428,0.0736,upv,upv,0.0,0.0,0.0,0.0,0.0,0.0,0.0,0.0,0.0,0.0,0.0,0.0,0.0,0.0,0.0,0.0,0.0,0.0,142.7,2.7,0.27,16.9,1075.7,0.06,142.8,48.9,191.8,0.0,0.0,0.0,0.0,0.0,0.0,0.0,0.0,0.0,0.0,0.0,0.0,0.0,0.0,0.0,0.0,0.0,51.3,449.8,501.1,9414.5,9414.5,0.0,0.0,0.0,0.0,0.0,416.5,0.0,0.0,0.0,0.0,0.0,0.0,0.0,8998.0,0.0,0.0
2050-08-07 14:00:00,2050-08-07 12:00:00,2951.6,3689.7,0.0,28.9,6670.2,2820.8,-2816.0,0.0,2816.0,0.0443,0.0772,battery,upv,0.0,0.0,0.0,0.0,0.0,0.0,0.0,0.0,0.0,0.0,0.0,0.0,0.0,0.0,0.0,0.0,0.0,0.0,141.8,2.7,0.27,16.7,1068.7,0.06,141.9,48.6,190.5,0.0,0.0,0.0,0.0,0.0,0.0,0.0,0.0,0.0,0.0,0.0,0.0,0.0,0.0,0.0,0.0,0.0,0.0,0.0,0.0,9486.2,9486.2,0.0,0.0,0.0,0.0,0.0,396.3,0.0,0.0,0.0,0.0,0.0,0.0,0.0,8995.4,94.5,0.0
2050-08-07 15:00:00,2050-08-07 13:00:00,3090.5,2709.1,0.0,28.9,5828.5,2948.8,-2816.0,0.0,2816.0,0.0459,0.0808,battery,upv,0.0,0.0,0.0,0.0,0.0,0.0,0.0,0.0,0.0,0.0,0.0,0.0,0.0,0.0,0.0,0.0,0.0,0.0,142.0,2.7,0.27,16.8,1070.5,0.06,142.1,48.7,190.8,0.0,0.0,0.0,0.0,0.0,0.0,0.0,0.0,0.0,0.0,0.0,0.0,0.0,0.0,0.0,0.0,0.0,0.0,0.0,0.0,8644.5,8644.5,0.0,0.0,0.0,0.0,0.0,362.7,0.0,0.0,0.0,0.0,0.0,0.0,0.0,8232.9,48.9,0.0
2050-08-07 16:00:00,2050-08-07 14:00:00,3227.4,2431.9,0.0,15.2,5674.5,3074.3,-1347.4,292.6,1640.0,0.0474,0.0844,canada,gas-cc,0.0,0.0,0.0,0.0,0.0,0.0,0.0,0.0,0.0,0.0,0.0,0.0,0.0,0.0,0.0,0.0,0.0,0.0,142.2,2.7,0.27,16.8,1072.2,0.06,142.4,48.8,191.2,434.1,8.2,0.82,51.3,3275.9,0.19,434.6,149.0,583.5,19.07,0.0,0.0,19.07,20.82,0.0,0.0,20.82,0.0,0.0,0.0,7021.9,7021.9,0.0,0.0,0.0,0.0,0.0,293.6,0.0,0.0,0.0,0.0,0.0,0.0,0.0,6662.6,65.7,0.0
2050-08-07 17:00:00,2050-08-07 15:00:00,3400.0,1609.5,0.0,0.2,5009.7,3232.0,-33.3,0.0,33.3,0.0494,0.0889,gas-cc,gas-cc,0.0,0.0,0.0,0.0,0.0,0.0,0.0,0.0,0.0,0.0,0.0,0.0,0.0,0.0,0.0,0.0,0.0,0.0,149.5,2.8,0.28,17.7,1127.5,0.07,149.7,51.3,201.0,386.1,7.3,0.73,45.6,2913.7,0.17,386.5,132.5,519.0,25.77,0.0,0.0,25.77,28.28,0.0,0.0,28.28,0.0,0.0,0.0,5043.0,5043.0,0.0,0.0,0.0,0.0,0.0,206.8,0.0,0.0,0.0,0.0,0.0,0.0,0.0,4694.8,141.4,0.0
2050-08-07 18:00:00,2050-08-07 16:00:00,3597.9,0.0,0.0,3.5,3601.4,3411.8,-415.0,0.0,536.5,0.0517,0.0941,gas-cc,gas-cc,10.6,0.2,0.02,1.3,80.3,0.0,10.6,3.6,14.3,11.2,0.2,0.02,1.3,84.6,0.0,11.2,3.8,15.1,142.9,2.7,0.27,16.9,1077.1,0.06,143.0,49.0,192.0,400.0,7.5,0.75,47.3,3018.8,0.17,400.5,137.3,537.7,33.36,0.0,0.0,33.36,36.82,0.0,0.0,36.82,0.0,0.0,0.0,4137.8,4016.4,0.0,0.0,0.0,0.0,0.0,167.5,121.4,0.0,0.0,0.0,0.0,0.0,0.0,3803.0,45.8,0.0
2050-08-07 19:00:00,2050-08-07 17:00:00,3713.7,0.0,0.0,10.7,3724.3,3516.5,933.5,0.0,1640.0,0.0531,0.0971,battery,gas-cc,72.5,1.4,0.14,8.6,546.9,0.03,72.5,24.9,97.4,77.4,1.5,0.15,9.1,584.1,0.03,77.5,26.6,104.0,147.0,2.8,0.28,17.4,1107.8,0.06,147.1,50.4,197.5,440.1,8.3,0.83,52.0,3321.4,0.19,440.6,151.0,591.6,42.73,0.0,0.0,42.73,47.33,0.0,0.0,47.33,0.0,0.0,0.0,5364.3,2790.8,1500.7,0.0,0.0,0.0,0.0,113.5,1072.7,0.0,0.0,0.0,0.0,0.0,0.0,2575.2,102.1,0.0
2050-08-07 20:00:00,2050-08-07 18:00:00,3750.5,0.0,0.0,12.9,3763.4,3549.7,3506.4,0.0,1585.9,0.0535,0.0981,battery,gas-ct,72.7,1.4,0.14,8.6,548.4,0.03,72.8,24.9,97.7,79.1,1.5,0.15,9.4,597.0,0.03,79.2,27.2,106.4,174.7,3.3,0.33,20.6,1317.3,0.08,174.9,59.9,234.8,605.9,11.4,1.14,71.6,4572.6,0.26,606.6,207.9,814.5,48.03,2325.09,0.0,2373.13,53.26,2577.94,0.0,2631.2,0.0,0.0,0.0,5349.3,257.0,4019.6,0.0,0.0,0.0,0.0,5.9,1072.7,0.0,0.0,0.0,0.0,0.0,0.0,135.0,116.1,0.0
2050-08-07 21:00:00,2050-08-07 19:00:00,3693.7,0.0,0.0,9.3,3703.0,3498.4,3665.4,0.0,1426.9,0.0529,0.0966,gas-cc,gas-cc,75.8,1.4,0.14,9.0,571.9,0.03,75.9,26.0,101.9,82.4,1.6,0.16,9.8,622.1,0.04,82.5,28.3,110.8,157.0,3.0,0.3,18.6,1183.6,0.07,157.2,53.8,211.0,452.8,8.5,0.85,53.5,3417.2,0.2,453.3,155.4,608.7,49.59,2959.36,0.0,3008.95,54.89,3275.78,0.0,3330.68,0.0,0.0,0.0,5129.8,37.5,4019.6,0.0,0.0,0.0,0.0,0.0,1072.7,0.0,0.0,0.0,0.0,0.0,0.0,0.0,37.5,0.0
2050-08-07 22:00:00,2050-08-07 20:00:00,3531.6,0.0,0.0,10.5,3542.0,3351.6,3481.7,0.0,1610.7,0.051,0.0924,battery,gas-cc,75.4,1.4,0.14,8.9,569.3,0.03,75.5,25.9,101.4,81.9,1.5,0.15,9.7,618.1,0.04,82.0,28.1,110.1,159.0,3.0,0.3,18.8,1198.7,0.07,159.2,54.5,213.7,418.9,7.9,0.79,49.5,3161.0,0.18,419.3,143.7,563.1,42.73,1405.95,0.0,1448.68,47.08,1549.0,0.0,1596.08,0.0,0.0,0.0,5152.7,60.4,4019.6,0.0,0.0,0.0,0.0,0.0,1072.7,0.0,0.0,0.0,0.0,0.0,0.0,0.0,60.4,0.0
2050-08-07 23:00:00,2050-08-07 21:00:00,3240.0,0.0,0.0,7.2,3247.2,3085.9,3176.5,0.0,1107.4,0.0476,0.0847,battery,gas-ct,89.3,1.7,0.17,10.5,673.7,0.04,89.4,30.6,120.0,96.0,1.8,0.18,11.4,724.5,0.04,96.1,33.0,129.1,159.2,3.0,0.3,18.8,1199.8,0.07,159.3,54.6,213.9,597.1,11.3,1.13,70.5,4505.9,0.26,597.8,204.9,802.6,42.73,0.0,0.0,42.73,46.69,0.0,0.0,46.69,0.0,0.0,0.0,4354.6,70.7,3211.2,0.0,0.0,0.0,0.0,0.0,1072.7,0.0,0.0,0.0,0.0,0.0,0.0,0.0,70.7,0.0
2050-08-08 00:00:00,2050-08-07 22:00:00,2920.0,0.0,0.0,9.3,2929.3,2791.7,2884.6,0.0,1428.4,0.044,0.0764,gas-ct,gas-ct,89.2,1.7,0.17,10.5,673.2,0.04,89.3,30.6,119.9,95.6,1.8,0.18,11.3,721.4,0.04,95.7,32.8,128.5,159.6,3.0,0.3,18.9,1202.8,0.07,159.7,54.7,214.4,580.2,10.9,1.09,68.5,4378.4,0.25,580.8,199.1,779.9,45.34,0.0,0.0,45.34,49.09,0.0,0.0,49.09,0.0,0.0,0.0,4357.7,44.7,3240.3,0.0,0.0,0.0,0.0,0.0,1072.7,0.0,0.0,0.0,0.0,0.0,0.0,0.0,44.7,0.0
2050-08-08 01:00:00,2050-08-07 23:00:00,2621.1,0.0,0.0,7.0,2628.0,2514.4,2600.7,0.0,1072.7,0.0407,0.0685,battery,gas-ct,105.1,2.0,0.2,12.4,792.7,0.05,105.2,36.0,141.2,111.7,2.1,0.21,13.2,842.6,0.05,111.8,38.3,150.1,159.8,3.0,0.3,18.9,1204.8,0.07,160.0,54.8,214.8,557.8,10.5,1.05,65.9,4209.4,0.24,558.4,191.4,749.8,45.34,0.0,0.0,45.34,48.68,0.0,0.0,48.68,0.0,0.0,0.0,3700.7,27.3,2600.6,0.0,0.0,0.0,0.0,0.0,1072.7,0.0,0.0,0.0,0.0,0.0,0.0,0.0,27.3,0.0
2050-08-08 02:00:00,2050-08-08 00:00:00,2363.2,0.0,0.0,4.6,2367.7,2273.3,2365.7,0.0,703.5,0.038,0.0618,battery,gas-cc,126.6,2.4,0.24,15.0,955.2,0.05,126.7,43.4,170.1,133.6,2.5,0.25,15.8,1007.9,0.06,133.7,45.8,179.5,157.7,3.0,0.3,18.6,1188.8,0.07,157.9,54.1,211.9,423.6,8.0,0.8,50.0,3196.3,0.18,424.0,145.3,569.4,42.82,0.0,0.0,42.82,45.64,0.0,0.0,45.64,0.0,0.0,0.0,3071.3,2.0,1996.5,0.0,0.0,0.0,0.0,0.0,1072.7,0.0,0.0,0.0,0.0,0.0,0.0,0.0,2.0,0.0
2050-08-08 03:00:00,2050-08-08 01:00:00,2160.0,0.0,0.0,7.3,2167.3,2082.1,2154.5,511.3,0.0,0.036,0.0565,gas-cc,gas-cc,234.8,4.4,0.44,27.7,1771.5,0.1,235.0,80.6,315.6,198.3,3.7,0.37,23.5,1496.3,0.09,198.5,68.1,266.6,165.3,3.1,0.31,19.5,1245.9,0.07,165.4,56.7,222.1,415.6,7.8,0.78,49.1,3136.1,0.18,416.0,142.6,558.6,42.82,0.0,0.0,42.82,45.38,0.0,0.0,45.38,0.0,0.0,0.0,1656.0,12.8,570.5,0.0,0.0,0.0,0.0,0.0,1072.7,0.0,0.0,0.0,0.0,0.0,0.0,0.0,12.8,0.0
2050-08-08 04:00:00,2050-08-08 02:00:00,2038.9,0.0,0.0,6.9,2045.8,1967.7,2043.1,445.3,0.0,0.0349,0.0533,battery,gas-cc,242.9,4.6,0.46,28.7,1832.9,0.11,243.2,83.3,326.5,203.6,3.8,0.38,24.1,1536.1,0.09,203.8,69.9,273.6,276.1,5.2,0.52,32.6,2082.8,0.12,276.4,94.7,371.1,419.8,7.9,0.79,49.6,3167.7,0.18,420.2,144.0,564.3,42.82,0.0,0.0,42.82,45.23,0.0,0.0,45.23,0.0,0.0,0.0,1600.5,2.7,525.1,0.0,0.0,0.0,0.0,0.0,1072.7,0.0,0.0,0.0,0.0,0.0,0.0,0.0,2.7,0.0
2050-08-08 05:00:00,2050-08-08 03:00:00,1928.4,0.0,0.0,7.8,1936.2,1862.9,1934.6,580.6,0.0,0.034,0.0504,gas-cc,gas-cc,286.8,5.4,0.54,33.9,2164.2,0.12,287.1,98.4,385.5,226.7,4.3,0.43,26.9,1711.0,0.1,226.9,77.9,304.9,208.1,3.9,0.39,24.6,1569.1,0.09,208.3,71.4,279.6,412.9,7.8,0.78,48.8,3116.1,0.18,413.4,141.7,555.1,42.82,0.0,0.0,42.82,45.09,0.0,0.0,45.09,0.0,0.0,0.0,1355.6,1.6,281.2,0.0,0.0,0.0,0.0,0.0,1072.7,0.0,0.0,0.0,0.0,0.0,0.0,0.0,1.6,0.0
2050-08-08 06:00:00,2050-08-08 04:00:00,1861.1,0.0,0.0,6.9,1868.0,1798.9,1866.1,445.3,0.0,0.0334,0.0487,battery,gas-cc,273.3,5.2,0.52,32.3,2062.1,0.12,273.6,93.8,367.3,215.9,4.1,0.41,25.5,1629.0,0.09,216.1,74.1,290.2,274.4,5.2,0.52,32.4,2070.1,0.12,274.7,94.1,368.8,417.7,7.9,0.79,49.3,3152.2,0.18,418.2,143.3,561.5,42.82,0.0,0.0,42.82,45.01,0.0,0.0,45.01,0.0,0.0,0.0,1422.6,1.9,348.0,0.0,0.0,0.0,0.0,0.0,1072.7,0.0,0.0,0.0,0.0,0.0,0.0,0.0,1.9,0.0
2050-08-08 07:00:00,2050-08-08 05:00:00,1848.4,0.0,0.0,6.9,1855.3,1786.9,1676.7,445.3,0.0,0.0333,0.0483,battery,gas-cc,275.7,5.2,0.52,32.6,2080.6,0.12,276.0,94.6,370.6,217.0,4.1,0.41,25.6,1637.6,0.09,217.2,74.5,291.7,237.3,4.5,0.45,28.0,1789.8,0.1,237.5,81.4,318.9,417.6,7.9,0.79,49.3,3151.1,0.18,418.0,143.3,561.3,42.82,0.0,0.0,42.82,45.0,0.0,0.0,45.0,0.0,0.0,0.0,1410.0,178.6,158.6,0.0,0.0,0.0,0.0,7.5,1072.7,0.0,0.0,0.0,0.0,0.0,0.0,170.7,0.4,0.0
2050-08-08 08:00:00,2050-08-08 06:00:00,1920.0,0.0,0.0,22.9,1942.9,1854.9,-2429.6,0.0,2429.6,0.0339,0.0502,hydro,gas-cc,0.0,0.0,0.0,0.0,0.0,0.0,0.0,0.0,0.0,0.0,0.0,0.0,0.0,0.0,0.0,0.0,0.0,0.0,140.8,2.7,0.27,16.6,1061.3,0.06,140.9,48.3,189.2,410.3,7.7,0.77,48.5,3095.8,0.18,410.7,140.8,551.5,14.1,0.0,0.0,14.1,14.84,0.0,0.0,14.84,0.0,0.0,0.0,4372.5,4372.5,0.0,0.0,0.0,0.0,0.0,184.5,0.0,0.0,0.0,0.0,0.0,0.0,0.0,4187.5,0.4,0.0
2050-08-08 09:00:00,2050-08-08 07:00:00,2133.7,2004.5,0.0,28.9,4167.1,2057.3,-2816.0,0.0,2816.0,0.0358,0.0558,upv,upv,0.0,0.0,0.0,0.0,0.0,0.0,0.0,0.0,0.0,0.0,0.0,0.0,0.0,0.0,0.0,0.0,0.0,0.0,140.5,2.7,0.27,16.6,1059.3,0.06,140.7,48.2,188.8,0.0,0.0,0.0,0.0,0.0,0.0,0.0,0.0,0.0,0.0,0.0,0.0,0.0,0.0,0.0,0.0,0.0,0.3,1227.9,1228.2,6983.1,6983.1,0.0,0.0,0.0,0.0,0.0,346.5,0.0,0.0,0.0,0.0,0.0,0.0,0.0,6636.6,0.0,0.0
2050-08-08 10:00:00,2050-08-08 08:00:00,2409.5,2431.9,0.0,28.9,4870.3,2316.7,-2816.0,0.0,2816.0,0.0385,0.063,upv,upv,0.0,0.0,0.0,0.0,0.0,0.0,0.0,0.0,0.0,0.0,0.0,0.0,0.0,0.0,0.0,0.0,0.0,0.0,140.9,2.7,0.27,16.6,1062.3,0.06,141.1,48.3,189.4,0.0,0.0,0.0,0.0,0.0,0.0,0.0,0.0,0.0,0.0,0.0,0.0,0.0,0.0,0.0,0.0,0.0,0.4,1961.8,1962.2,7686.3,7686.3,0.0,0.0,0.0,0.0,0.0,407.1,0.0,0.0,0.0,0.0,0.0,0.0,0.0,7279.2,0.0,0.0
2050-08-08 11:00:00,2050-08-08 09:00:00,2626.3,3559.1,0.0,28.9,6214.3,2519.3,-2816.0,0.0,2816.0,0.0408,0.0687,upv,upv,0.0,0.0,0.0,0.0,0.0,0.0,0.0,0.0,0.0,0.0,0.0,0.0,0.0,0.0,0.0,0.0,0.0,0.0,141.2,2.7,0.27,16.7,1064.8,0.06,141.4,48.4,189.8,0.0,0.0,0.0,0.0,0.0,0.0,0.0,0.0,0.0,0.0,0.0,0.0,0.0,0.0,0.0,0.0,0.0,1.5,827.1,828.6,9030.3,9030.3,0.0,0.0,0.0,0.0,0.0,416.1,0.0,0.0,0.0,0.0,0.0,0.0,0.0,8614.2,0.0,0.0
2050-08-08 12:00:00,2050-08-08 10:00:00,2770.5,3240.3,0.0,28.9,6039.7,2653.3,-2816.0,0.0,2816.0,0.0423,0.0725,upv,upv,0.0,0.0,0.0,0.0,0.0,0.0,0.0,0.0,0.0,0.0,0.0,0.0,0.0,0.0,0.0,0.0,0.0,0.0,141.5,2.7,0.27,16.7,1066.6,0.06,141.6,48.5,190.1,0.0,0.0,0.0,0.0,0.0,0.0,0.0,0.0,0.0,0.0,0.0,0.0,0.0,0.0,0.0,0.0,0.0,4.1,994.9,999.1,8855.7,8855.7,0.0,0.0,0.0,0.0,0.0,415.7,0.0,0.0,0.0,0.0,0.0,0.0,0.0,8440.0,0.0,0.0
2050-08-08 13:00:00,2050-08-08 11:00:00,2873.7,4019.6,0.0,28.9,6922.1,2748.8,-2816.0,0.0,2816.0,0.0434,0.0752,upv,upv,0.0,0.0,0.0,0.0,0.0,0.0,0.0,0.0,0.0,0.0,0.0,0.0,0.0,0.0,0.0,0.0,0.0,0.0,141.6,2.7,0.27,16.7,1067.8,0.06,141.8,48.6,190.4,0.0,0.0,0.0,0.0,0.0,0.0,0.0,0.0,0.0,0.0,0.0,0.0,0.0,0.0,0.0,0.0,0.0,4.8,31.7,36.5,9738.2,9738.2,0.0,0.0,0.0,0.0,0.0,412.5,0.0,0.0,0.0,0.0,0.0,0.0,0.0,9325.7,0.0,0.0
2050-08-08 14:00:00,2050-08-08 12:00:00,3007.4,3950.9,0.0,28.9,6987.2,2872.2,-2816.0,0.0,2816.0,0.0449,0.0786,battery,upv,0.0,0.0,0.0,0.0,0.0,0.0,0.0,0.0,0.0,0.0,0.0,0.0,0.0,0.0,0.0,0.0,0.0,0.0,141.9,2.7,0.27,16.8,1069.4,0.06,142.0,48.6,190.7,0.0,0.0,0.0,0.0,0.0,0.0,0.0,0.0,0.0,0.0,0.0,0.0,0.0,0.0,0.0,0.0,0.0,5.0,0.0,5.0,9803.2,9803.2,0.0,0.0,0.0,0.0,0.0,413.6,0.0,0.0,0.0,0.0,0.0,0.0,0.0,9389.6,0.0,0.0
2050-08-08 15:00:00,2050-08-08 13:00:00,3172.6,3898.3,0.0,28.9,7099.8,3024.2,-2816.0,0.0,2816.0,0.0468,0.083,upv,upv,0.0,0.0,0.0,0.0,0.0,0.0,0.0,0.0,0.0,0.0,0.0,0.0,0.0,0.0,0.0,0.0,0.0,0.0,142.1,2.7,0.27,16.8,1071.5,0.06,142.3,48.7,191.0,0.0,0.0,0.0,0.0,0.0,0.0,0.0,0.0,0.0,0.0,0.0,0.0,0.0,0.0,0.0,0.0,0.0,3.1,22.4,25.6,9915.8,9915.8,0.0,0.0,0.0,0.0,0.0,419.4,0.0,0.0,0.0,0.0,0.0,0.0,0.0,9496.4,0.0,0.0
2050-08-08 16:00:00,2050-08-08 14:00:00,3314.7,2461.0,0.0,28.9,5804.6,3154.2,-2816.0,0.0,2816.0,0.0484,0.0867,upv,upv,0.0,0.0,0.0,0.0,0.0,0.0,0.0,0.0,0.0,0.0,0.0,0.0,0.0,0.0,0.0,0.0,0.0,0.0,142.4,2.7,0.27,16.8,1073.4,0.06,142.5,48.8,191.4,0.0,0.0,0.0,0.0,0.0,0.0,0.0,0.0,0.0,0.0,0.0,0.0,0.0,0.0,0.0,0.0,0.0,2.2,1398.8,1401.0,8620.6,8620.6,0.0,0.0,0.0,0.0,0.0,423.0,0.0,0.0,0.0,0.0,0.0,0.0,0.0,8197.7,0.0,0.0
2050-08-08 17:00:00,2050-08-08 15:00:00,3489.5,3240.3,0.0,28.9,6758.6,3313.4,-2816.0,0.0,2816.0,0.0505,0.0913,upv,upv,0.0,0.0,0.0,0.0,0.0,0.0,0.0,0.0,0.0,0.0,0.0,0.0,0.0,0.0,0.0,0.0,0.0,0.0,143.9,2.7,0.27,17.0,1084.6,0.06,144.0,49.3,193.4,0.0,0.0,0.0,0.0,0.0,0.0,0.0,0.0,0.0,0.0,0.0,0.0,0.0,0.0,0.0,0.0,0.0,0.0,335.0,335.0,9574.7,9574.7,0.0,0.0,0.0,0.0,0.0,417.5,0.0,0.0,0.0,0.0,0.0,0.0,0.0,9138.6,18.5,0.0
2050-08-08 18:00:00,2050-08-08 16:00:00,3672.6,2360.6,0.0,28.9,6062.2,3479.4,-2816.0,0.0,2816.0,0.0526,0.096,battery,wind-ons,0.0,0.0,0.0,0.0,0.0,0.0,0.0,0.0,0.0,0.0,0.0,0.0,0.0,0.0,0.0,0.0,0.0,0.0,144.9,2.7,0.27,17.1,1092.4,0.06,145.1,49.7,194.7,0.0,0.0,0.0,0.0,0.0,0.0,0.0,0.0,0.0,0.0,0.0,0.0,0.0,0.0,0.0,0.0,0.0,0.0,0.0,0.0,8878.2,8878.2,0.0,0.0,0.0,0.0,0.0,369.9,0.0,0.0,0.0,0.0,0.0,0.0,0.0,8394.4,113.8,0.0
2050-08-08 19:00:00,2050-08-08 17:00:00,3796.8,0.0,0.0,24.1,3821.0,3591.5,-1435.3,0.0,2508.0,0.0541,0.0993,gas-cc,gas-cc,61.4,1.2,0.12,7.3,463.5,0.03,61.5,21.1,82.6,64.9,1.2,0.12,7.7,490.0,0.03,65.0,22.3,87.3,145.2,2.7,0.27,17.2,1094.4,0.06,145.3,49.8,195.1,390.6,7.4,0.74,46.1,2947.3,0.17,391.0,134.0,525.0,43.19,0.0,0.0,43.19,47.95,0.0,0.0,47.95,0.0,0.0,0.0,6329.0,5256.2,0.0,0.0,0.0,0.0,0.0,221.0,1072.7,0.0,0.0,0.0,0.0,0.0,0.0,5014.7,20.5,0.0
2050-08-08 20:00:00,2050-08-08 18:00:00,3884.2,0.0,0.0,10.8,3895.0,3670.1,3369.3,0.0,1645.9,0.0551,0.1016,battery,gas-cc,70.2,1.3,0.13,8.3,529.5,0.03,70.2,24.1,94.3,76.5,1.4,0.14,9.0,577.0,0.03,76.5,26.3,102.8,156.6,3.0,0.3,18.5,1180.1,0.07,156.7,53.7,210.4,452.5,8.5,0.85,53.5,3414.5,0.2,453.0,155.3,608.2,50.44,2747.15,0.0,2797.6,56.15,3057.75,0.0,3113.9,0.0,0.0,0.0,5540.9,525.7,3942.4,0.0,0.0,0.0,0.0,21.4,1072.7,0.0,0.0,0.0,0.0,0.0,0.0,485.9,18.4,0.0
2050-08-08 21:00:00,2050-08-08 19:00:00,3816.8,0.0,0.0,14.3,3831.1,3609.5,3787.0,0.0,1466.1,0.0543,0.0998,battery,gas-ct,89.7,1.7,0.17,10.6,676.7,0.04,89.8,30.8,120.5,97.2,1.8,0.18,11.5,733.3,0.04,97.3,33.4,130.6,168.4,3.2,0.32,19.9,1269.6,0.07,168.6,57.8,226.3,701.9,13.2,1.32,82.9,5296.9,0.3,702.7,240.9,943.5,52.68,4018.21,0.0,4070.88,58.52,4463.75,0.0,4522.27,0.0,0.0,0.0,5297.2,44.1,4019.6,0.0,0.0,0.0,0.0,0.0,1072.7,160.8,0.0,0.0,0.0,0.0,0.0,0.0,44.1,0.0
2050-08-08 22:00:00,2050-08-08 20:00:00,3644.2,0.0,0.0,18.3,3662.5,3453.7,3563.3,0.0,1529.0,0.0523,0.0953,battery,gas-ct,74.9,1.4,0.14,8.8,565.1,0.03,75.0,25.7,100.7,81.4,1.5,0.15,9.6,614.3,0.04,81.5,28.0,109.4,181.9,3.4,0.34,21.5,1371.6,0.08,182.1,62.4,244.5,604.1,11.4,1.14,71.4,4558.6,0.26,604.7,207.3,812.0,51.79,3279.37,0.0,3331.16,57.25,3624.81,0.0,3682.06,0.0,0.0,0.0,5191.5,99.2,4019.6,0.0,0.0,0.0,0.0,0.0,1072.7,0.0,0.0,0.0,0.0,0.0,0.0,0.0,99.2,0.0
2050-08-08 23:00:00,2050-08-08 21:00:00,3327.4,0.0,0.0,16.7,3344.1,3165.7,3244.3,0.0,1848.0,0.0486,0.087,battery,gas-cc,74.9,1.4,0.14,8.8,565.0,0.03,75.0,25.7,100.6,81.1,1.5,0.15,9.6,611.9,0.04,81.2,27.8,109.0,229.3,4.3,0.43,27.1,1729.9,0.1,229.6,78.7,308.3,445.3,8.4,0.84,52.6,3360.0,0.19,445.7,152.8,598.5,50.44,1565.16,0.0,1615.61,55.25,1714.34,0.0,1769.59,0.0,0.0,0.0,5192.1,99.8,4019.6,0.0,0.0,0.0,0.0,0.0,1072.7,0.0,0.0,0.0,0.0,0.0,0.0,0.0,99.8,0.0
2050-08-09 00:00:00,2050-08-08 22:00:00,3003.2,0.0,0.0,4.0,3007.2,2868.4,2936.5,0.0,568.2,0.0449,0.0785,gas-ct,gas-ct,108.7,2.0,0.2,12.8,820.5,0.05,108.8,37.3,146.2,115.9,2.2,0.22,13.7,874.8,0.05,116.1,39.8,155.8,203.0,3.8,0.38,24.0,1530.7,0.09,203.2,69.6,272.8,582.2,11.0,1.1,68.8,4393.1,0.25,582.8,199.8,782.5,51.67,0.0,0.0,51.67,56.07,0.0,0.0,56.07,0.0,0.0,0.0,3575.4,70.7,2431.9,0.0,0.0,0.0,0.0,0.0,1072.7,0.0,0.0,0.0,0.0,0.0,0.0,0.0,70.7,0.0
2050-08-09 01:00:00,2050-08-08 23:00:00,2729.5,0.0,0.0,7.2,2736.6,2615.2,2647.3,0.0,1103.2,0.0419,0.0714,battery,gas-ct,101.2,1.9,0.19,12.0,764.0,0.04,101.4,34.7,136.1,107.8,2.0,0.2,12.7,813.5,0.05,107.9,37.0,144.9,215.3,4.1,0.41,25.4,1623.5,0.09,215.5,73.8,289.4,577.7,10.9,1.09,68.2,4359.2,0.25,578.3,198.2,776.5,51.67,0.0,0.0,51.67,55.64,0.0,0.0,55.64,0.0,0.0,0.0,3839.8,89.3,2677.7,0.0,0.0,0.0,0.0,0.0,1072.7,0.0,0.0,0.0,0.0,0.0,0.0,0.0,89.3,0.0
2050-08-09 02:00:00,2050-08-09 00:00:00,2432.6,0.0,0.0,4.9,2437.6,2338.4,2385.6,0.0,759.5,0.0387,0.0636,battery,gas-ct,121.6,2.3,0.23,14.4,917.6,0.05,121.7,41.7,163.5,128.5,2.4,0.24,15.2,969.5,0.06,128.6,44.1,172.7,210.8,4.0,0.4,24.9,1590.2,0.09,211.1,72.3,283.4,583.6,11.0,1.1,68.9,4404.3,0.25,584.3,200.3,784.5,48.03,0.0,0.0,48.03,51.3,0.0,0.0,51.3,0.0,0.0,0.0,3197.1,51.9,2072.4,0.0,0.0,0.0,0.0,0.0,1072.7,0.0,0.0,0.0,0.0,0.0,0.0,0.0,51.9,0.0
2050-08-09 03:00:00,2050-08-09 01:00:00,2250.5,0.0,0.0,0.0,2250.5,2167.4,2197.6,0.0,0.0,0.0369,0.0589,battery,gas-cc,172.7,3.3,0.33,20.4,1303.5,0.07,172.9,59.3,232.2,180.9,3.4,0.34,21.4,1365.0,0.08,181.1,62.1,243.2,238.1,4.5,0.45,28.1,1796.2,0.1,238.4,81.7,320.1,475.5,9.0,0.9,56.2,3588.2,0.21,476.0,163.2,639.2,48.03,0.0,0.0,48.03,51.04,0.0,0.0,51.04,0.0,0.0,0.0,2250.5,53.0,1124.8,0.0,0.0,0.0,0.0,0.0,1072.7,0.0,0.0,0.0,0.0,0.0,0.0,0.0,53.0,0.0
2050-08-09 04:00:00,2050-08-09 02:00:00,2090.5,0.0,0.0,2.1,2092.6,2016.5,2032.1,134.2,0.0,0.0354,0.0547,hydro,gas-cc,198.5,3.7,0.37,23.5,1498.0,0.09,198.7,68.1,266.8,196.1,3.7,0.37,23.2,1479.7,0.09,196.3,67.3,263.6,187.4,3.5,0.35,22.1,1413.2,0.08,187.6,64.3,251.9,555.0,10.5,1.05,65.6,4188.0,0.24,555.6,190.4,746.0,48.03,0.0,0.0,48.03,50.81,0.0,0.0,50.81,0.0,0.0,0.0,1958.4,60.5,825.1,0.0,0.0,0.0,0.0,0.0,1072.7,0.0,0.0,0.0,0.0,0.0,0.0,0.0,60.5,0.0
2050-08-09 05:00:00,2050-08-09 03:00:00,1951.6,0.0,0.0,0.2,1951.8,1884.9,1886.7,32.0,0.0,0.0342,0.051,phs,gas-cc,202.5,3.8,0.38,23.9,1528.1,0.09,202.7,69.5,272.2,212.1,4.0,0.4,25.1,1600.9,0.09,212.4,72.8,285.2,176.3,3.3,0.33,20.8,1329.0,0.08,176.4,60.4,236.9,552.9,10.4,1.04,65.3,4172.0,0.24,553.5,189.7,743.2,48.03,0.0,0.0,48.03,50.62,0.0,0.0,50.62,0.0,0.0,0.0,1919.8,65.1,782.0,0.0,0.0,0.0,0.0,0.0,1072.7,0.0,0.0,0.0,0.0,0.0,0.0,0.0,65.1,0.0
2050-08-09 06:00:00,2050-08-09 04:00:00,1876.8,0.0,0.0,1.2,1878.0,1813.9,1827.0,177.8,0.0,0.0335,0.0491,phs,gas-cc,228.7,4.3,0.43,27.0,1725.5,0.1,228.9,78.5,307.4,242.5,4.6,0.46,28.8,1830.3,0.11,242.7,83.4,326.2,153.6,2.9,0.29,18.1,1157.8,0.07,153.8,52.7,206.4,551.7,10.4,1.04,65.2,4163.4,0.24,552.3,189.3,741.6,48.03,0.0,0.0,48.03,50.51,0.0,0.0,50.51,0.0,0.0,0.0,1700.2,51.0,576.4,0.0,0.0,0.0,0.0,0.0,1072.7,0.0,0.0,0.0,0.0,0.0,0.0,0.0,51.0,0.0
2050-08-09 07:00:00,2050-08-09 05:00:00,1871.6,0.0,0.0,8.5,1880.0,1808.9,1759.3,686.5,0.0,0.0335,0.0489,gas-cc,gas-cc,325.7,6.1,0.61,38.5,2458.0,0.14,326.1,111.8,437.8,245.6,4.6,0.46,29.3,1854.2,0.11,245.9,84.6,330.5,261.1,4.9,0.49,30.8,1970.1,0.11,261.4,89.6,351.0,412.3,7.8,0.78,48.7,3111.2,0.18,412.7,141.5,554.2,42.82,0.0,0.0,42.82,45.02,0.0,0.0,45.02,0.0,0.0,0.0,1193.5,120.8,0.0,0.0,0.0,0.0,0.0,3.0,1072.7,0.0,0.0,0.0,0.0,0.0,0.0,68.8,48.9,0.0
2050-08-09 08:00:00,2050-08-09 06:00:00,1964.2,1609.5,0.0,9.0,3582.7,1896.9,774.9,774.9,0.0,0.0343,0.0514,gas-cc,gas-cc,0.0,0.0,0.0,0.0,0.0,0.0,0.0,0.0,0.0,0.0,0.0,0.0,0.2,0.4,0.0,0.0,0.2,0.2,144.0,2.7,0.27,17.0,1085.5,0.06,144.1,49.4,193.5,382.0,7.2,0.72,45.1,2882.8,0.17,382.4,131.1,513.5,28.7,0.0,0.0,28.7,30.25,0.0,0.0,30.25,0.0,0.0,0.0,2807.8,2807.8,0.0,0.0,0.0,0.0,0.0,116.9,0.0,0.0,0.0,0.0,0.0,0.0,0.0,2652.7,38.1,0.0
2050-08-09 09:00:00,2050-08-09 07:00:00,2185.3,2431.9,0.0,22.5,4639.6,2106.0,-2400.9,0.0,2400.9,0.0363,0.0571,battery,gas-cc,0.0,0.0,0.0,0.0,0.0,0.0,0.0,0.0,0.0,0.0,0.0,0.0,0.0,0.0,0.0,0.0,0.0,0.0,140.7,2.7,0.27,16.6,1060.7,0.06,140.8,48.2,189.1,335.8,6.3,0.63,39.7,2534.0,0.15,336.2,115.2,451.4,19.47,0.0,0.0,19.47,20.65,0.0,0.0,20.65,0.0,0.0,0.0,7040.5,7040.5,0.0,0.0,0.0,0.0,0.0,296.5,0.0,0.0,0.0,0.0,0.0,0.0,0.0,6727.2,16.9,0.0
2050-08-09 10:00:00,2050-08-09 08:00:00,2489.5,3136.5,0.0,26.9,5652.9,2391.6,-2687.1,0.0,2687.1,0.0393,0.0651,upv,upv,0.0,0.0,0.0,0.0,0.0,0.0,0.0,0.0,0.0,0.0,0.0,0.0,0.0,0.0,0.0,0.0,0.0,0.0,141.0,2.7,0.27,16.7,1063.2,0.06,141.2,48.4,189.5,0.0,0.0,0.0,0.0,0.0,0.0,0.0,0.0,0.0,0.0,0.0,0.0,0.0,0.0,0.0,0.0,0.0,0.0,22.5,22.5,8340.0,8340.0,0.0,0.0,0.0,0.0,0.0,351.9,0.0,0.0,0.0,0.0,0.0,0.0,0.0,7964.8,23.3,0.0
2050-08-09 11:00:00,2050-08-09 09:00:00,2713.7,3435.1,0.0,28.5,6177.3,2600.5,-2790.5,0.0,2790.5,0.0417,0.071,upv,upv,0.0,0.0,0.0,0.0,0.0,0.0,0.0,0.0,0.0,0.0,0.0,0.0,0.0,0.0,0.0,0.0,0.0,0.0,144.0,2.7,0.27,17.0,1085.8,0.06,144.2,49.4,193.6,0.0,0.0,0.0,0.0,0.0,0.0,0.0,0.0,0.0,0.0,0.0,0.0,0.0,0.0,0.0,0.0,0.0,0.0,928.7,928.7,8967.8,8967.8,0.0,0.0,0.0,0.0,0.0,416.8,0.0,0.0,0.0,0.0,0.0,0.0,0.0,8532.1,18.9,0.0
2050-08-09 12:00:00,2050-08-09 10:00:00,2878.9,4019.6,0.0,28.9,6927.4,2753.7,-2816.0,0.0,2816.0,0.0435,0.0753,upv,upv,0.0,0.0,0.0,0.0,0.0,0.0,0.0,0.0,0.0,0.0,0.0,0.0,0.0,0.0,0.0,0.0,0.0,0.0,141.6,2.7,0.27,16.7,1067.8,0.06,141.8,48.6,190.4,0.0,0.0,0.0,0.0,0.0,0.0,0.0,0.0,0.0,0.0,0.0,0.0,0.0,0.0,0.0,0.0,0.0,11.8,349.9,361.7,9743.4,9743.4,0.0,0.0,0.0,0.0,0.0,425.8,0.0,0.0,0.0,0.0,0.0,0.0,0.0,9317.6,0.0,0.0
2050-08-09 13:00:00,2050-08-09 11:00:00,3007.4,3990.5,0.0,28.9,7026.7,2872.2,-2816.0,0.0,2816.0,0.0449,0.0786,upv,upv,0.0,0.0,0.0,0.0,0.0,0.0,0.0,0.0,0.0,0.0,0.0,0.0,0.0,0.0,0.0,0.0,0.0,0.0,141.9,2.7,0.27,16.8,1069.4,0.06,142.0,48.6,190.7,0.0,0.0,0.0,0.0,0.0,0.0,0.0,0.0,0.0,0.0,0.0,0.0,0.0,0.0,0.0,0.0,0.0,9.2,122.4,131.6,9842.8,9842.8,0.0,0.0,0.0,0.0,0.0,420.4,0.0,0.0,0.0,0.0,0.0,0.0,0.0,9422.3,0.0,0.0
2050-08-09 14:00:00,2050-08-09 12:00:00,3165.3,3867.4,0.0,28.9,7061.5,3017.4,-2816.0,0.0,2816.0,0.0467,0.0828,battery,upv,0.0,0.0,0.0,0.0,0.0,0.0,0.0,0.0,0.0,0.0,0.0,0.0,0.0,0.0,0.0,0.0,0.0,0.0,142.1,2.7,0.27,16.8,1071.4,0.06,142.3,48.7,191.0,0.0,0.0,0.0,0.0,0.0,0.0,0.0,0.0,0.0,0.0,0.0,0.0,0.0,0.0,0.0,0.0,0.0,10.8,0.0,10.8,9877.5,9877.5,0.0,0.0,0.0,0.0,0.0,416.8,0.0,0.0,0.0,0.0,0.0,0.0,0.0,9460.7,0.0,0.0
2050-08-09 15:00:00,2050-08-09 13:00:00,3355.8,3592.2,0.0,28.9,6976.9,3191.7,-2816.0,0.0,2816.0,0.0489,0.0878,upv,upv,0.0,0.0,0.0,0.0,0.0,0.0,0.0,0.0,0.0,0.0,0.0,0.0,0.0,0.0,0.0,0.0,0.0,0.0,142.4,2.7,0.27,16.8,1073.9,0.06,142.6,48.8,191.5,0.0,0.0,0.0,0.0,0.0,0.0,0.0,0.0,0.0,0.0,0.0,0.0,0.0,0.0,0.0,0.0,0.0,14.1,10.4,24.5,9792.9,9792.9,0.0,0.0,0.0,0.0,0.0,413.6,0.0,0.0,0.0,0.0,0.0,0.0,0.0,9379.3,0.0,0.0
2050-08-09 16:00:00,2050-08-09 14:00:00,3512.6,2622.9,0.0,28.9,6164.4,3334.4,-2816.0,0.0,2816.0,0.0507,0.0919,upv,upv,0.0,0.0,0.0,0.0,0.0,0.0,0.0,0.0,0.0,0.0,0.0,0.0,0.0,0.0,0.0,0.0,0.0,0.0,145.9,2.8,0.28,17.2,1099.6,0.06,146.0,50.0,196.0,0.0,0.0,0.0,0.0,0.0,0.0,0.0,0.0,0.0,0.0,0.0,0.0,0.0,0.0,0.0,0.0,0.0,0.0,583.6,583.6,8980.4,8980.4,0.0,0.0,0.0,0.0,0.0,402.8,0.0,0.0,0.0,0.0,0.0,0.0,0.0,8560.4,17.2,0.0
2050-08-09 17:00:00,2050-08-09 15:00:00,3713.7,2461.0,0.0,28.9,6203.6,3516.5,-2816.0,0.0,2816.0,0.0531,0.0971,upv,upv,0.0,0.0,0.0,0.0,0.0,0.0,0.0,0.0,0.0,0.0,0.0,0.0,0.0,0.0,0.0,0.0,0.0,0.0,151.2,2.9,0.29,17.9,1140.3,0.07,151.4,51.9,203.3,0.0,0.0,0.0,0.0,0.0,0.0,0.0,0.0,0.0,0.0,0.0,0.0,0.0,0.0,0.0,0.0,0.0,0.0,41.8,41.8,9019.6,9019.6,0.0,0.0,0.0,0.0,0.0,380.7,0.0,0.0,0.0,0.0,0.0,0.0,0.0,8598.2,40.6,0.0
2050-08-09 18:00:00,2050-08-09 16:00:00,3882.1,0.0,0.0,24.2,3906.3,3668.2,-2512.7,0.0,2512.7,0.0551,0.1015,gas-cc,gas-cc,0.0,0.0,0.0,0.0,0.0,0.0,0.0,0.0,0.0,0.0,0.0,0.0,0.0,0.0,0.0,0.0,0.0,0.0,143.5,2.7,0.27,17.0,1081.7,0.06,143.7,49.2,192.9,396.3,7.5,0.75,46.8,2990.3,0.17,396.7,136.0,532.7,33.0,0.0,0.0,33.0,36.73,0.0,0.0,36.73,0.0,0.0,0.0,6419.0,6419.0,0.0,0.0,0.0,0.0,0.0,263.3,0.0,0.0,0.0,0.0,0.0,0.0,0.0,5974.3,181.4,0.0
2050-08-09 19:00:00,2050-08-09 17:00:00,3987.4,0.0,0.0,6.5,3993.8,3762.6,1145.5,0.0,526.7,0.0564,0.1043,battery,gas-cc,86.0,1.6,0.16,10.2,649.0,0.04,86.1,29.5,115.6,91.5,1.7,0.17,10.8,690.8,0.04,91.6,31.4,123.1,149.4,2.8,0.28,17.6,1126.1,0.07,149.5,51.2,200.8,465.0,8.8,0.88,54.9,3509.0,0.2,465.5,159.6,625.1,52.34,0.0,0.0,52.34,58.44,0.0,0.0,58.44,0.0,0.0,0.0,4520.6,2848.3,599.5,0.0,0.0,0.0,0.0,116.6,1072.7,0.0,0.0,0.0,0.0,0.0,0.0,2644.7,87.1,0.0
2050-08-09 20:00:00,2050-08-09 18:00:00,4038.9,0.0,0.0,12.2,4051.2,3808.8,3723.9,0.0,1529.2,0.057,0.1056,battery,gas-ct,85.1,1.6,0.16,10.1,642.4,0.04,85.2,29.2,114.4,92.5,1.7,0.17,10.9,698.1,0.04,92.6,31.8,124.4,158.2,3.0,0.3,18.7,1192.9,0.07,158.4,54.3,212.7,611.1,11.5,1.15,72.2,4611.2,0.26,611.7,209.7,821.4,54.54,3439.55,0.0,3494.09,60.98,3845.75,0.0,3906.73,0.0,0.0,0.0,5580.4,327.3,4019.6,0.0,0.0,0.0,0.0,5.2,1072.7,160.8,0.0,0.0,0.0,0.0,0.0,119.1,202.9,0.0
2050-08-09 21:00:00,2050-08-09 19:00:00,3971.6,0.0,0.0,9.9,3981.4,3748.5,3898.7,0.0,1354.5,0.0562,0.1039,gas-ct,gas-ct,89.0,1.7,0.17,10.5,671.8,0.04,89.1,30.5,119.7,96.7,1.8,0.18,11.4,729.4,0.04,96.8,33.2,129.9,181.8,3.4,0.34,21.5,1371.1,0.08,182.0,62.4,244.4,609.9,11.5,1.15,72.0,4602.1,0.26,610.5,209.3,819.8,53.51,4356.73,0.0,4410.24,59.71,4861.67,0.0,4921.38,0.0,0.0,0.0,5335.9,82.8,4019.6,0.0,0.0,0.0,0.0,0.0,1072.7,160.8,0.0,0.0,0.0,0.0,0.0,0.0,82.8,0.0
2050-08-09 22:00:00,2050-08-09 20:00:00,3796.8,0.0,0.0,9.1,3806.0,3591.5,3688.9,0.0,1403.4,0.0541,0.0993,battery,gas-cc,74.6,1.4,0.14,8.8,563.1,0.03,74.7,25.6,100.3,81.3,1.5,0.15,9.6,613.4,0.04,81.4,27.9,109.3,212.8,4.0,0.4,25.1,1604.8,0.09,213.0,73.0,286.0,462.4,8.7,0.87,54.6,3489.6,0.2,462.9,158.7,621.6,52.34,3268.12,0.0,3320.46,58.11,3628.39,0.0,3686.5,0.0,0.0,0.0,5209.4,117.1,4019.6,0.0,0.0,0.0,0.0,0.0,1072.7,0.0,0.0,0.0,0.0,0.0,0.0,0.0,117.1,0.0
2050-08-09 23:00:00,2050-08-09 21:00:00,3521.1,0.0,0.0,10.6,3531.6,3342.1,3489.0,0.0,1603.3,0.0508,0.0921,battery,gas-cc,75.7,1.4,0.14,8.9,571.3,0.03,75.8,26.0,101.8,82.2,1.5,0.15,9.7,620.2,0.04,82.3,28.2,110.5,156.8,3.0,0.3,18.5,1181.6,0.07,156.9,53.8,210.7,458.8,8.6,0.86,54.2,3461.9,0.2,459.3,157.4,616.7,52.34,1763.35,0.0,1815.7,57.65,1942.19,0.0,1999.84,0.0,0.0,0.0,5134.9,42.6,4019.6,0.0,0.0,0.0,0.0,0.0,1072.7,0.0,0.0,0.0,0.0,0.0,0.0,0.0,42.6,0.0
2050-08-10 00:00:00,2050-08-09 22:00:00,3121.1,0.0,0.0,5.4,3126.4,2976.8,3104.2,0.0,462.6,0.0462,0.0816,battery,gas-ct,108.3,2.0,0.2,12.8,817.4,0.05,108.4,37.2,145.6,115.7,2.2,0.22,13.7,873.1,0.05,115.8,39.7,155.5,187.5,3.5,0.35,22.2,1414.0,0.08,187.7,64.3,252.0,584.1,11.0,1.1,69.0,4407.8,0.25,584.7,200.4,785.2,54.06,0.0,0.0,54.06,58.87,0.0,0.0,58.87,0.0,0.0,0.0,3589.0,22.3,2494.0,0.0,0.0,0.0,0.0,0.0,1072.7,0.0,0.0,0.0,0.0,0.0,0.0,0.0,22.3,0.0
2050-08-10 01:00:00,2050-08-09 23:00:00,2778.9,0.0,0.0,5.6,2784.6,2661.1,2744.1,0.0,867.2,0.0424,0.0727,battery,gas-ct,106.5,2.0,0.2,12.6,803.4,0.05,106.6,36.5,143.1,113.3,2.1,0.21,13.4,855.0,0.05,113.4,38.9,152.3,184.0,3.5,0.35,21.7,1387.3,0.08,184.2,63.1,247.3,664.9,12.5,1.25,78.6,5017.8,0.29,665.7,228.2,893.8,54.06,0.0,0.0,54.06,58.3,0.0,0.0,58.3,0.0,0.0,0.0,3651.7,40.5,2538.5,0.0,0.0,0.0,0.0,0.0,1072.7,0.0,0.0,0.0,0.0,0.0,0.0,0.0,40.5,0.0
2050-08-10 02:00:00,2050-08-10 00:00:00,2494.7,0.0,0.0,6.7,2501.4,2396.5,2477.4,0.0,1027.2,0.0394,0.0652,gas-cc,gas-cc,110.2,2.1,0.21,13.0,831.4,0.05,110.3,37.8,148.1,116.8,2.2,0.22,13.8,881.3,0.05,116.9,40.1,157.0,187.0,3.5,0.35,22.1,1409.7,0.08,187.2,64.1,251.3,445.6,8.4,0.84,52.6,3362.5,0.19,446.1,152.9,599.0,52.34,0.0,0.0,52.34,56.0,0.0,0.0,56.0,0.0,0.0,0.0,3528.7,24.0,2431.9,0.0,0.0,0.0,0.0,0.0,1072.7,0.0,0.0,0.0,0.0,0.0,0.0,0.0,24.0,0.0
2050-08-10 03:00:00,2050-08-10 01:00:00,2278.9,0.0,0.0,9.9,2288.8,2194.2,2275.6,0.0,865.9,0.0372,0.0596,hydro,gas-cc,123.2,2.3,0.23,14.6,929.9,0.05,123.4,42.3,165.6,130.0,2.4,0.24,15.4,980.9,0.06,130.1,44.6,174.7,296.5,5.6,0.56,35.0,2236.9,0.13,296.9,101.7,398.6,469.0,8.8,0.88,55.4,3539.0,0.2,469.5,160.9,630.4,48.51,0.0,0.0,48.51,51.58,0.0,0.0,51.58,0.0,0.0,0.0,3154.7,13.3,2068.7,0.0,0.0,0.0,0.0,0.0,1072.7,0.0,0.0,0.0,0.0,0.0,0.0,0.0,13.3,0.0
2050-08-10 04:00:00,2050-08-10 02:00:00,2103.2,0.0,0.0,4.8,2107.9,2028.5,2086.1,732.9,0.0,0.0355,0.055,phs,gas-cc,282.7,5.3,0.53,33.4,2133.5,0.12,283.0,97.0,380.0,280.7,5.3,0.53,33.8,2119.4,0.14,281.0,97.0,378.0,388.2,7.3,0.73,45.9,2926.7,0.17,388.6,133.1,521.7,520.3,9.8,0.98,61.5,3925.9,0.23,520.8,178.5,699.3,48.51,0.0,0.0,48.51,51.33,0.0,0.0,51.33,0.0,0.0,0.0,1375.1,21.8,280.5,0.0,0.0,0.0,0.0,0.0,1072.7,0.0,0.0,0.0,0.0,0.0,0.0,0.0,21.8,0.0
2050-08-10 05:00:00,2050-08-10 03:00:00,1920.0,0.0,0.0,5.3,1925.3,1854.9,1880.3,807.6,0.0,0.0339,0.0502,phs,gas-cc,347.8,6.6,0.66,41.1,2624.5,0.15,348.2,119.3,467.5,318.4,6.0,0.6,38.4,2404.8,0.16,318.8,110.1,428.9,304.6,5.7,0.57,36.0,2297.8,0.13,304.9,104.5,409.4,502.4,9.5,0.95,59.3,3791.3,0.22,502.9,172.4,675.3,48.36,0.0,0.0,48.36,50.92,0.0,0.0,50.92,0.0,0.0,0.0,1117.8,45.0,0.0,0.0,0.0,0.0,0.0,0.0,1072.7,0.0,0.0,0.0,0.0,0.0,0.0,0.0,45.0,0.0
2050-08-10 06:00:00,2050-08-10 04:00:00,1958.9,0.0,0.0,5.8,1964.8,1891.9,1912.4,839.6,0.0,0.0342,0.0512,hydro,gas-cc,345.5,6.5,0.65,40.8,2607.3,0.15,345.9,118.6,464.4,312.1,5.9,0.59,37.6,2356.9,0.15,312.4,107.9,420.4,241.0,4.5,0.46,28.5,1818.0,0.1,241.3,82.7,324.0,435.3,8.2,0.82,51.4,3284.9,0.19,435.8,149.4,585.1,48.36,0.0,0.0,48.36,50.97,0.0,0.0,50.97,0.0,0.0,0.0,1125.2,52.4,0.0,0.0,0.0,0.0,0.0,0.0,1072.7,0.0,0.0,0.0,0.0,0.0,0.0,0.0,52.4,0.0
2050-08-10 07:00:00,2050-08-10 05:00:00,1953.7,0.0,0.0,9.2,1962.8,1886.9,1865.5,792.8,0.0,0.0342,0.0511,hydro,gas-cc,332.3,6.3,0.63,39.3,2507.3,0.14,332.6,114.0,446.6,238.8,4.5,0.45,28.6,1802.9,0.11,239.1,82.3,321.4,157.1,3.0,0.3,18.6,1184.3,0.07,157.3,53.9,211.1,494.4,9.3,0.93,58.4,3730.6,0.21,494.9,169.6,664.5,43.14,0.0,0.0,43.14,45.46,0.0,0.0,45.46,0.0,0.0,0.0,1170.0,97.3,0.0,0.0,0.0,0.0,0.0,1.7,1072.7,0.0,0.0,0.0,0.0,0.0,0.0,39.7,55.8,0.0
2050-08-10 08:00:00,2050-08-10 06:00:00,2028.4,86.8,0.0,8.7,2123.9,1957.8,715.0,715.0,0.0,0.0348,0.053,gas-cc,gas-cc,0.0,0.0,0.0,0.0,0.0,0.0,0.0,0.0,0.0,0.0,0.0,0.0,0.2,0.5,0.0,0.0,0.2,0.2,152.1,2.9,0.29,18.0,1147.0,0.07,152.3,52.2,204.5,389.4,7.3,0.73,46.0,2938.7,0.17,389.8,133.6,523.5,25.46,0.0,0.0,25.46,26.89,0.0,0.0,26.89,0.0,0.0,0.0,1408.8,1408.8,0.0,0.0,0.0,0.0,0.0,57.4,0.0,0.0,0.0,0.0,0.0,0.0,0.0,1302.1,49.3,0.0
2050-08-10 09:00:00,2050-08-10 07:00:00,2245.3,1750.8,0.0,12.1,4008.2,2162.5,1243.2,1243.2,0.0,0.0369,0.0587,battery,gas-cc,0.0,0.0,0.0,0.0,0.0,0.0,0.0,0.0,0.0,0.0,0.0,0.0,0.2,0.5,0.0,0.0,0.2,0.2,151.1,2.9,0.29,17.9,1139.5,0.07,151.3,51.8,203.1,336.4,6.3,0.63,39.7,2538.2,0.15,336.7,115.4,452.1,25.46,0.0,0.0,25.46,27.05,0.0,0.0,27.05,0.0,0.0,0.0,2765.0,2765.0,0.0,0.0,0.0,0.0,0.0,115.3,0.0,0.0,0.0,0.0,0.0,0.0,0.0,2617.2,32.5,0.0
2050-08-10 10:00:00,2050-08-10 08:00:00,2517.9,2431.9,0.0,9.2,4959.0,2418.1,805.4,805.4,0.0,0.0396,0.0658,gas-cc,gas-cc,0.0,0.0,0.0,0.0,0.0,0.0,0.0,0.0,0.0,0.0,0.0,0.0,0.1,0.2,0.0,0.0,0.1,0.1,155.4,2.9,0.29,18.4,1172.0,0.07,155.6,53.3,208.9,376.6,7.1,0.71,44.5,2841.8,0.16,377.0,129.2,506.2,25.07,0.0,0.0,25.07,26.84,0.0,0.0,26.84,0.0,0.0,0.0,4153.6,4153.6,0.0,0.0,0.0,0.0,0.0,173.9,0.0,0.0,0.0,0.0,0.0,0.0,0.0,3945.2,34.6,0.0
2050-08-10 11:00:00,2050-08-10 09:00:00,2747.4,2779.8,0.0,19.2,5546.4,2631.8,-2192.6,0.0,2192.6,0.0421,0.0718,battery,gas-cc,0.0,0.0,0.0,0.0,0.0,0.0,0.0,0.0,0.0,0.0,0.0,0.0,0.0,0.0,0.0,0.0,0.0,0.0,145.4,2.7,0.28,17.2,1096.5,0.06,145.6,49.9,195.5,341.1,6.4,0.64,40.3,2574.1,0.15,341.5,117.0,458.5,22.72,0.0,0.0,22.72,24.47,0.0,0.0,24.47,0.0,0.0,0.0,7739.0,7739.0,0.0,0.0,0.0,0.0,0.0,325.5,0.0,0.0,0.0,0.0,0.0,0.0,0.0,7386.3,27.2,0.0
2050-08-10 12:00:00,2050-08-10 10:00:00,2932.6,4019.6,0.0,28.7,6980.9,2803.3,-2805.7,0.0,2805.7,0.0441,0.0767,upv,upv,0.0,0.0,0.0,0.0,0.0,0.0,0.0,0.0,0.0,0.0,0.0,0.0,0.0,0.0,0.0,0.0,0.0,0.0,141.9,2.7,0.27,16.8,1069.6,0.06,142.0,48.7,190.7,0.0,0.0,0.0,0.0,0.0,0.0,0.0,0.0,0.0,0.0,0.0,0.0,0.0,0.0,0.0,0.0,0.0,0.0,39.1,39.1,9786.7,9786.7,0.0,0.0,0.0,0.0,0.0,412.5,0.0,0.0,0.0,0.0,0.0,0.0,0.0,9318.2,55.9,0.0
2050-08-10 13:00:00,2050-08-10 11:00:00,3021.1,4019.6,0.0,28.9,7069.5,2884.9,-2816.0,0.0,2816.0,0.0451,0.079,upv,upv,0.0,0.0,0.0,0.0,0.0,0.0,0.0,0.0,0.0,0.0,0.0,0.0,0.0,0.0,0.0,0.0,0.0,0.0,142.2,2.7,0.27,16.8,1072.2,0.06,142.4,48.8,191.1,0.0,0.0,0.0,0.0,0.0,0.0,0.0,0.0,0.0,0.0,0.0,0.0,0.0,0.0,0.0,0.0,0.0,0.0,103.2,103.2,9885.5,9885.5,0.0,0.0,0.0,0.0,0.0,418.3,0.0,0.0,0.0,0.0,0.0,0.0,0.0,9389.8,77.4,0.0
2050-08-10 14:00:00,2050-08-10 12:00:00,3126.3,4019.6,0.0,28.9,7174.8,2981.7,-2816.0,0.0,2816.0,0.0463,0.0818,upv,upv,0.0,0.0,0.0,0.0,0.0,0.0,0.0,0.0,0.0,0.0,0.0,0.0,0.0,0.0,0.0,0.0,0.0,0.0,142.2,2.7,0.27,16.8,1072.0,0.06,142.3,48.8,191.1,0.0,0.0,0.0,0.0,0.0,0.0,0.0,0.0,0.0,0.0,0.0,0.0,0.0,0.0,0.0,0.0,0.0,0.0,37.6,37.6,9990.8,9990.8,0.0,0.0,0.0,0.0,0.0,420.1,0.0,0.0,0.0,0.0,0.0,0.0,0.0,9494.2,76.6,0.0
2050-08-10 15:00:00,2050-08-10 13:00:00,3260.0,3967.0,0.0,23.7,7250.7,3104.2,-2479.9,0.0,2479.9,0.0478,0.0853,battery,gas-cc,0.0,0.0,0.0,0.0,0.0,0.0,0.0,0.0,0.0,0.0,0.0,0.0,0.0,0.0,0.0,0.0,0.0,0.0,143.9,2.7,0.27,17.0,1084.9,0.06,144.1,49.4,193.4,395.2,7.4,0.74,46.7,2982.6,0.17,395.7,135.6,531.3,22.72,0.0,0.0,22.72,24.83,0.0,0.0,24.83,0.0,0.0,0.0,9730.6,9730.6,0.0,0.0,0.0,0.0,0.0,407.4,0.0,0.0,0.0,0.0,0.0,0.0,0.0,9247.5,75.7,0.0
2050-08-10 16:00:00,2050-08-10 14:00:00,3402.1,3241.3,0.0,27.0,6670.4,3233.9,-2694.2,0.0,2694.2,0.0494,0.089,battery,gas-cc,0.0,0.0,0.0,0.0,0.0,0.0,0.0,0.0,0.0,0.0,0.0,0.0,0.0,0.0,0.0,0.0,0.0,0.0,142.5,2.7,0.27,16.8,1074.5,0.06,142.7,48.9,191.6,396.9,7.5,0.75,46.9,2994.8,0.17,397.3,136.2,533.5,22.72,0.0,0.0,22.72,24.93,0.0,0.0,24.93,0.0,0.0,0.0,9364.6,9364.6,0.0,0.0,0.0,0.0,0.0,391.9,0.0,0.0,0.0,0.0,0.0,0.0,0.0,8892.0,80.6,0.0
2050-08-10 17:00:00,2050-08-10 15:00:00,3572.6,2646.3,0.0,28.9,6247.8,3388.9,-2816.0,0.0,2816.0,0.0514,0.0934,battery,gas-cc,0.0,0.0,0.0,0.0,0.0,0.0,0.0,0.0,0.0,0.0,0.0,0.0,0.0,0.0,0.0,0.0,0.0,0.0,145.4,2.7,0.28,17.2,1095.9,0.06,145.5,49.9,195.4,349.2,6.6,0.66,41.3,2635.4,0.15,349.6,119.8,469.4,22.72,0.0,0.0,22.72,25.06,0.0,0.0,25.06,0.0,0.0,0.0,9063.8,9063.8,0.0,0.0,0.0,0.0,0.0,378.9,0.0,0.0,0.0,0.0,0.0,0.0,0.0,8601.2,83.7,0.0
2050-08-10 18:00:00,2050-08-10 16:00:00,3711.6,2203.7,0.0,28.9,5944.2,3514.6,-2816.0,0.0,2816.0,0.0531,0.0971,battery,gas-cc,0.0,0.0,0.0,0.0,0.0,0.0,0.0,0.0,0.0,0.0,0.0,0.0,0.0,0.0,0.0,0.0,0.0,0.0,143.1,2.7,0.27,16.9,1078.6,0.06,143.2,49.1,192.3,350.6,6.6,0.66,41.4,2646.0,0.15,351.0,120.3,471.3,25.46,0.0,0.0,25.46,28.2,0.0,0.0,28.2,0.0,0.0,0.0,8760.2,8760.2,0.0,0.0,0.0,0.0,0.0,366.1,0.0,0.0,0.0,0.0,0.0,0.0,0.0,8310.4,83.7,0.0
2050-08-10 19:00:00,2050-08-10 17:00:00,3855.8,0.0,0.0,24.3,3880.1,3644.5,-1448.7,0.0,2521.5,0.0548,0.1008,gas-cc,gas-cc,60.7,1.1,0.11,7.2,458.3,0.03,60.8,20.8,81.6,64.2,1.2,0.12,7.6,484.8,0.03,64.3,22.0,86.4,149.2,2.8,0.28,17.6,1125.1,0.07,149.4,51.2,200.6,484.5,9.1,0.91,57.2,3655.9,0.21,485.0,166.2,651.2,40.26,0.0,0.0,40.26,44.77,0.0,0.0,44.77,0.0,0.0,0.0,6401.6,5328.8,0.0,0.0,0.0,0.0,0.0,221.0,1072.7,0.0,0.0,0.0,0.0,0.0,0.0,5014.7,93.1,0.0
2050-08-10 20:00:00,2050-08-10 18:00:00,3905.3,0.0,0.0,12.2,3917.5,3689.0,3352.8,0.0,1739.5,0.0554,0.1021,battery,gas-ct,68.7,1.3,0.13,8.1,518.6,0.03,68.8,23.6,92.4,75.0,1.4,0.14,8.9,565.6,0.03,75.0,25.7,100.8,163.2,3.1,0.31,19.3,1230.0,0.07,163.3,55.9,219.3,656.5,12.4,1.24,77.6,4954.4,0.28,657.3,225.3,882.5,43.45,2885.01,0.0,2928.46,48.39,3213.16,0.0,3261.56,0.0,0.0,0.0,5656.9,564.6,4019.6,0.0,0.0,0.0,0.0,17.1,1072.7,0.0,0.0,0.0,0.0,0.0,0.0,387.7,159.8,0.0
2050-08-10 21:00:00,2050-08-10 19:00:00,3832.6,0.0,0.0,9.2,3841.8,3623.7,3652.1,0.0,1411.2,0.0545,0.1002,battery,gas-cc,74.0,1.4,0.14,8.7,558.5,0.03,74.1,25.4,99.5,80.6,1.5,0.15,9.5,608.5,0.04,80.7,27.7,108.4,154.9,2.9,0.29,18.3,1168.0,0.07,155.1,53.1,208.2,414.0,7.8,0.78,48.9,3123.9,0.18,414.4,142.0,556.5,42.0,1877.94,0.0,1919.94,46.68,2087.13,0.0,2133.81,0.0,0.0,0.0,5253.0,189.7,3990.5,0.0,0.0,0.0,0.0,0.0,1072.7,0.0,0.0,0.0,0.0,0.0,0.0,0.0,189.7,0.0
2050-08-10 22:00:00,2050-08-10 20:00:00,3660.0,0.0,0.0,0.0,3660.0,3468.0,3512.5,0.0,0.0,0.0525,0.0957,battery,gas-cc,106.2,2.0,0.2,12.5,801.5,0.05,106.3,36.4,142.8,114.2,2.2,0.22,13.5,861.5,0.05,114.3,39.2,153.5,155.8,2.9,0.29,18.4,1174.2,0.07,155.9,53.4,209.4,505.2,9.5,0.95,59.7,3812.0,0.22,505.7,173.3,679.0,42.0,369.07,0.0,411.07,46.44,408.13,0.0,454.58,0.0,0.0,0.0,3660.0,147.5,2439.8,0.0,0.0,0.0,0.0,0.0,1072.7,0.0,0.0,0.0,0.0,0.0,0.0,0.0,147.5,0.0
2050-08-10 23:00:00,2050-08-10 21:00:00,3361.1,0.0,0.0,10.6,3371.6,3196.5,3270.7,0.0,1626.8,0.049,0.0879,battery,gas-cc,77.8,1.5,0.15,9.2,586.9,0.03,77.9,26.7,104.5,84.1,1.6,0.16,10.0,634.9,0.04,84.2,28.9,113.1,154.0,2.9,0.29,18.2,1160.8,0.07,154.2,52.8,207.0,478.6,9.0,0.9,56.5,3612.0,0.21,479.2,164.2,643.4,42.0,0.0,0.0,42.0,46.05,0.0,0.0,46.05,0.0,0.0,0.0,4998.4,101.0,3824.8,0.0,0.0,0.0,0.0,0.0,1072.7,0.0,0.0,0.0,0.0,0.0,0.0,0.0,101.0,0.0
2050-08-11 00:00:00,2050-08-10 22:00:00,3056.8,0.0,0.0,7.3,3064.1,2917.8,2988.8,87.1,909.6,0.0455,0.0799,battery,gas-cc,100.0,1.9,0.19,11.8,754.8,0.04,100.1,34.3,134.5,104.7,2.0,0.2,12.4,789.9,0.05,104.8,35.9,140.7,181.0,3.4,0.34,21.4,1365.0,0.08,181.2,62.1,243.3,457.0,8.6,0.86,54.0,3448.3,0.2,457.4,156.8,614.2,45.67,0.0,0.0,45.67,49.64,0.0,0.0,49.64,0.0,0.0,0.0,3886.7,75.3,2738.6,0.0,0.0,0.0,0.0,0.0,1072.7,0.0,0.0,0.0,0.0,0.0,0.0,0.0,75.3,0.0
2050-08-11 01:00:00,2050-08-10 23:00:00,2755.8,0.0,0.0,6.1,2761.9,2639.6,2651.3,0.0,939.2,0.0422,0.0721,gas-cc,gas-cc,105.0,2.0,0.2,12.4,792.6,0.05,105.2,36.0,141.2,111.7,2.1,0.21,13.2,843.2,0.05,111.9,38.4,150.2,166.3,3.1,0.31,19.6,1253.4,0.07,166.4,57.0,223.4,427.7,8.1,0.81,50.5,3227.6,0.19,428.2,146.8,574.9,45.67,0.0,0.0,45.67,49.22,0.0,0.0,49.22,0.0,0.0,0.0,3701.1,110.6,2517.8,0.0,0.0,0.0,0.0,0.0,1072.7,0.0,0.0,0.0,0.0,0.0,0.0,0.0,110.6,0.0
2050-08-11 02:00:00,2050-08-11 00:00:00,2480.0,0.0,0.0,7.0,2487.0,2382.7,2430.8,0.0,1073.8,0.0392,0.0649,gas-ct,gas-ct,109.2,2.1,0.21,12.9,823.9,0.05,109.3,37.5,146.8,115.7,2.2,0.22,13.7,873.2,0.05,115.8,39.7,155.6,157.2,3.0,0.3,18.6,1184.8,0.07,157.3,53.9,211.2,584.4,11.0,1.1,69.0,4410.1,0.25,585.0,200.5,785.6,42.73,0.0,0.0,42.73,45.69,0.0,0.0,45.69,0.0,0.0,0.0,3560.8,56.2,2431.9,0.0,0.0,0.0,0.0,0.0,1072.7,0.0,0.0,0.0,0.0,0.0,0.0,0.0,56.2,0.0
2050-08-11 03:00:00,2050-08-11 01:00:00,2286.3,0.0,0.0,4.0,2290.3,2201.1,2266.9,0.0,615.9,0.0373,0.0598,gas-cc,gas-cc,133.8,2.5,0.25,15.8,1009.4,0.06,133.9,45.9,179.8,140.8,2.7,0.27,16.7,1062.8,0.06,141.0,48.3,189.3,165.3,3.1,0.31,19.5,1246.5,0.07,165.5,56.7,222.2,392.2,7.4,0.74,46.3,2959.7,0.17,392.6,134.6,527.2,41.73,0.0,0.0,41.73,44.38,0.0,0.0,44.38,0.0,0.0,0.0,2906.3,23.5,1810.1,0.0,0.0,0.0,0.0,0.0,1072.7,0.0,0.0,0.0,0.0,0.0,0.0,0.0,23.5,0.0
2050-08-11 04:00:00,2050-08-11 02:00:00,2124.2,0.0,0.0,0.0,2124.2,2048.3,2111.3,0.0,0.0,0.0357,0.0556,battery,gas-cc,183.0,3.4,0.34,21.6,1381.1,0.08,183.2,62.8,246.0,191.3,3.6,0.36,22.6,1443.4,0.08,191.5,65.6,257.1,229.3,4.3,0.43,27.1,1729.9,0.1,229.6,78.7,308.3,409.7,7.7,0.77,48.4,3091.3,0.18,410.1,140.6,550.7,41.73,0.0,0.0,41.73,44.18,0.0,0.0,44.18,0.0,0.0,0.0,2124.2,12.9,1038.6,0.0,0.0,0.0,0.0,0.0,1072.7,0.0,0.0,0.0,0.0,0.0,0.0,0.0,12.9,0.0
2050-08-11 05:00:00,2050-08-11 03:00:00,1969.5,0.0,0.0,0.0,1969.5,1901.9,1949.7,0.0,0.0,0.0343,0.0515,battery,gas-cc,197.4,3.7,0.37,23.3,1489.6,0.09,197.6,67.7,265.3,205.8,3.9,0.39,24.3,1552.7,0.09,206.0,70.6,276.6,177.9,3.4,0.34,21.0,1341.3,0.08,178.1,61.0,239.1,407.9,7.7,0.77,48.2,3078.1,0.18,408.3,140.0,548.3,41.73,0.0,0.0,41.73,43.99,0.0,0.0,43.99,0.0,0.0,0.0,1969.5,19.8,876.9,0.0,0.0,0.0,0.0,0.0,1072.7,0.0,0.0,0.0,0.0,0.0,0.0,0.0,19.8,0.0
2050-08-11 06:00:00,2050-08-11 04:00:00,1909.5,0.0,0.0,0.0,1909.5,1844.9,1875.7,0.0,0.0,0.0338,0.0499,battery,gas-cc,203.6,3.8,0.38,24.1,1536.4,0.09,203.8,69.9,273.7,212.0,4.0,0.4,25.1,1599.7,0.09,212.2,72.7,285.0,322.9,6.1,0.61,38.1,2436.2,0.14,323.2,110.8,434.0,407.2,7.7,0.77,48.1,3073.1,0.18,407.7,139.7,547.4,41.73,0.0,0.0,41.73,43.92,0.0,0.0,43.92,0.0,0.0,0.0,1909.5,33.7,803.0,0.0,0.0,0.0,0.0,0.0,1072.7,0.0,0.0,0.0,0.0,0.0,0.0,0.0,33.7,0.0
2050-08-11 07:00:00,2050-08-11 05:00:00,1914.7,0.0,0.0,8.3,1923.1,1849.9,1735.3,662.6,0.0,0.0338,0.0501,gas-cc,gas-cc,308.4,5.8,0.58,36.4,2327.5,0.13,308.8,105.8,414.6,224.0,4.2,0.42,26.7,1691.2,0.1,224.3,77.1,301.4,275.6,5.2,0.52,32.6,2079.6,0.12,275.9,94.6,370.5,370.3,7.0,0.7,43.7,2794.6,0.16,370.7,127.1,497.8,41.2,0.0,0.0,41.2,43.38,0.0,0.0,43.38,0.0,0.0,0.0,1260.4,187.7,0.0,0.0,0.0,0.0,0.0,6.1,1072.7,0.0,0.0,0.0,0.0,0.0,0.0,137.6,44.0,0.0
2050-08-11 08:00:00,2050-08-11 06:00:00,1994.7,1609.5,0.0,11.9,3616.1,1925.8,-1560.4,79.6,1640.0,0.0345,0.0522,phs,gas-cc,0.0,0.0,0.0,0.0,0.0,0.0,0.0,0.0,0.0,0.0,0.0,0.0,0.0,0.0,0.0,0.0,0.0,0.0,140.3,2.6,0.27,16.6,1057.9,0.06,140.5,48.1,188.6,362.5,6.8,0.68,42.8,2735.8,0.16,362.9,124.4,487.3,17.57,0.0,0.0,17.57,18.54,0.0,0.0,18.54,0.0,0.0,0.0,5176.5,5176.5,0.0,0.0,0.0,0.0,0.0,216.7,0.0,0.0,0.0,0.0,0.0,0.0,0.0,4917.8,42.0,0.0
2050-08-11 09:00:00,2050-08-11 07:00:00,2211.6,2431.9,0.0,22.7,4666.2,2130.8,-2416.4,0.0,2416.4,0.0365,0.0578,upv,upv,0.0,0.0,0.0,0.0,0.0,0.0,0.0,0.0,0.0,0.0,0.0,0.0,0.0,0.0,0.0,0.0,0.0,0.0,140.6,2.7,0.27,16.6,1060.1,0.06,140.8,48.2,189.0,0.0,0.0,0.0,0.0,0.0,0.0,0.0,0.0,0.0,0.0,0.0,0.0,0.0,0.0,0.0,0.0,0.0,0.0,2170.5,2170.5,7082.5,7082.5,0.0,0.0,0.0,0.0,0.0,389.4,0.0,0.0,0.0,0.0,0.0,0.0,0.0,6663.4,29.7,0.0
2050-08-11 10:00:00,2050-08-11 08:00:00,2487.4,3920.7,0.0,22.9,6431.0,2389.6,-2427.9,0.0,2427.9,0.0393,0.065,upv,upv,0.0,0.0,0.0,0.0,0.0,0.0,0.0,0.0,0.0,0.0,0.0,0.0,0.0,0.0,0.0,0.0,0.0,0.0,141.0,2.7,0.27,16.7,1063.2,0.06,141.2,48.4,189.5,0.0,0.0,0.0,0.0,0.0,0.0,0.0,0.0,0.0,0.0,0.0,0.0,0.0,0.0,0.0,0.0,0.0,0.0,1339.3,1339.3,8858.8,8858.8,0.0,0.0,0.0,0.0,0.0,427.3,0.0,0.0,0.0,0.0,0.0,0.0,0.0,8354.1,77.4,0.0
2050-08-11 11:00:00,2050-08-11 09:00:00,2695.8,3953.7,0.0,11.0,6660.4,2583.9,-1658.8,0.0,1658.8,0.0415,0.0705,upv,upv,0.0,0.0,0.0,0.0,0.0,0.0,0.0,0.0,0.0,0.0,0.0,0.0,0.0,0.0,0.0,0.0,0.0,0.0,141.3,2.7,0.27,16.7,1065.6,0.06,141.5,48.5,190.0,0.0,0.0,0.0,0.0,0.0,0.0,0.0,0.0,0.0,0.0,0.0,0.0,0.0,0.0,0.0,0.0,0.0,0.0,2100.1,2100.1,8319.3,8319.3,0.0,0.0,0.0,0.0,0.0,431.3,0.0,0.0,0.0,0.0,0.0,0.0,0.0,7683.8,204.2,0.0
2050-08-11 12:00:00,2050-08-11 10:00:00,2816.8,3435.1,0.0,13.8,6265.7,2696.2,-1839.4,0.0,1839.4,0.0428,0.0737,upv,upv,0.0,0.0,0.0,0.0,0.0,0.0,0.0,0.0,0.0,0.0,0.0,0.0,0.0,0.0,0.0,0.0,0.0,0.0,141.5,2.7,0.27,16.7,1067.1,0.06,141.7,48.5,190.2,0.0,0.0,0.0,0.0,0.0,0.0,0.0,0.0,0.0,0.0,0.0,0.0,0.0,0.0,0.0,0.0,0.0,0.0,2319.3,2319.3,8105.1,8105.1,0.0,0.0,0.0,0.0,0.0,429.8,0.0,0.0,0.0,0.0,0.0,0.0,0.0,7438.6,236.6,0.0
2050-08-11 13:00:00,2050-08-11 11:00:00,2932.6,4019.6,0.0,26.6,6978.8,2803.3,-2665.9,0.0,2665.9,0.0441,0.0767,upv,upv,0.0,0.0,0.0,0.0,0.0,0.0,0.0,0.0,0.0,0.0,0.0,0.0,0.0,0.0,0.0,0.0,0.0,0.0,141.7,2.7,0.27,16.7,1068.5,0.06,141.9,48.6,190.5,0.0,0.0,0.0,0.0,0.0,0.0,0.0,0.0,0.0,0.0,0.0,0.0,0.0,0.0,0.0,0.0,0.0,0.0,707.5,707.5,9644.7,9644.7,0.0,0.0,0.0,0.0,0.0,427.7,0.0,0.0,0.0,0.0,0.0,0.0,0.0,8998.7,218.3,0.0
2050-08-11 14:00:00,2050-08-11 12:00:00,3041.1,4014.7,0.0,28.9,7084.6,2903.3,-2816.0,0.0,2816.0,0.0453,0.0795,upv,upv,0.0,0.0,0.0,0.0,0.0,0.0,0.0,0.0,0.0,0.0,0.0,0.0,0.0,0.0,0.0,0.0,0.0,0.0,141.9,2.7,0.27,16.8,1069.9,0.06,142.1,48.7,190.7,0.0,0.0,0.0,0.0,0.0,0.0,0.0,0.0,0.0,0.0,0.0,0.0,0.0,0.0,0.0,0.0,0.0,0.0,173.5,173.5,9900.6,9900.6,0.0,0.0,0.0,0.0,0.0,417.5,0.0,0.0,0.0,0.0,0.0,0.0,0.0,9300.1,182.9,0.0
2050-08-11 15:00:00,2050-08-11 13:00:00,3185.3,2917.5,0.0,28.5,6131.3,3035.7,-2788.6,0.0,2788.6,0.0469,0.0833,distpv,distpv,0.0,0.0,0.0,0.0,0.0,0.0,0.0,0.0,0.0,0.0,0.0,0.0,0.0,0.0,0.0,0.0,0.0,0.0,142.2,2.7,0.27,16.8,1071.7,0.06,142.3,48.7,191.1,0.0,0.0,0.0,0.0,0.0,0.0,0.0,0.0,0.0,0.0,0.0,0.0,0.0,0.0,0.0,0.0,0.0,0.0,237.8,237.8,8919.8,8919.8,0.0,0.0,0.0,0.0,0.0,142.2,0.0,0.0,0.0,0.0,0.0,0.0,0.0,8627.1,150.5,0.0
2050-08-11 16:00:00,2050-08-11 14:00:00,3353.7,2431.9,0.0,22.4,5808.0,3189.8,-2398.0,0.0,2398.0,0.0489,0.0877,phs,gas-cc,0.0,0.0,0.0,0.0,0.0,0.0,0.0,0.0,0.0,0.0,0.0,0.0,0.0,0.0,0.0,0.0,0.0,0.0,142.4,2.7,0.27,16.8,1073.9,0.06,142.6,48.8,191.4,454.9,8.6,0.86,53.7,3432.6,0.2,455.4,156.1,611.4,8.83,0.0,0.0,8.83,9.68,0.0,0.0,9.68,0.0,0.0,0.0,8206.0,8206.0,0.0,0.0,0.0,0.0,0.0,339.8,0.0,0.0,0.0,0.0,0.0,0.0,0.0,7709.5,156.8,0.0
2050-08-11 17:00:00,2050-08-11 15:00:00,3569.5,2431.9,0.0,17.2,6018.6,3386.0,-1217.4,422.5,1640.0,0.0514,0.0933,battery,gas-cc,0.0,0.0,0.0,0.0,0.0,0.0,0.0,0.0,0.0,0.0,0.0,0.0,0.0,0.0,0.0,0.0,0.0,0.0,142.8,2.7,0.27,16.9,1076.7,0.06,143.0,49.0,192.0,349.2,6.6,0.66,41.3,2635.2,0.15,349.6,119.8,469.4,11.55,0.0,0.0,11.55,12.74,0.0,0.0,12.74,0.0,0.0,0.0,7236.0,7236.0,0.0,0.0,0.0,0.0,0.0,300.1,0.0,0.0,0.0,0.0,0.0,0.0,0.0,6811.2,124.7,0.0
2050-08-11 18:00:00,2050-08-11 16:00:00,3736.8,0.0,0.0,14.0,3750.9,3537.4,-1856.3,0.0,1856.3,0.0534,0.0977,gas-cc,gas-cc,0.0,0.0,0.0,0.0,0.0,0.0,0.0,0.0,0.0,0.0,0.0,0.0,0.0,0.0,0.0,0.0,0.0,0.0,143.1,2.7,0.27,16.9,1079.0,0.06,143.3,49.1,192.4,389.9,7.3,0.73,46.1,2942.2,0.17,390.3,133.8,524.1,21.71,0.0,0.0,21.71,24.06,0.0,0.0,24.06,0.0,0.0,0.0,5607.2,5607.2,0.0,0.0,0.0,0.0,0.0,231.9,0.0,0.0,0.0,0.0,0.0,0.0,0.0,5263.5,111.8,0.0
2050-08-11 19:00:00,2050-08-11 17:00:00,3834.7,0.0,0.0,0.7,3835.5,3625.6,960.8,0.0,111.9,0.0545,0.1003,gas-cc,gas-cc,98.5,1.9,0.19,11.6,743.2,0.04,98.6,33.8,132.4,104.2,2.0,0.2,12.3,786.1,0.05,104.3,35.7,140.0,187.7,3.5,0.35,22.2,1415.8,0.08,187.9,64.4,252.3,435.8,8.2,0.82,51.5,3288.8,0.19,436.3,149.5,585.8,41.69,0.0,0.0,41.69,46.34,0.0,0.0,46.34,0.0,0.0,0.0,3947.4,2874.7,0.0,0.0,0.0,0.0,0.0,116.7,1072.7,0.0,0.0,0.0,0.0,0.0,0.0,2649.5,108.4,0.0
2050-08-11 20:00:00,2050-08-11 18:00:00,3930.5,0.0,0.0,8.5,3939.0,3711.7,3781.5,0.0,1310.9,0.0557,0.1028,gas-cc,gas-cc,74.1,1.4,0.14,8.7,558.8,0.03,74.1,25.4,99.5,80.8,1.5,0.15,9.6,609.7,0.04,80.9,27.7,108.6,155.9,2.9,0.3,18.4,1175.4,0.07,156.1,53.5,209.6,430.5,8.1,0.81,50.9,3248.9,0.19,431.0,147.7,578.7,44.52,1439.63,0.0,1484.15,49.62,1604.56,0.0,1654.18,0.0,0.0,0.0,5249.9,157.6,4019.6,0.0,0.0,0.0,0.0,2.1,1072.7,0.0,0.0,0.0,0.0,0.0,0.0,47.6,107.9,0.0
2050-08-11 21:00:00,2050-08-11 19:00:00,3820.0,0.0,0.0,9.0,3829.0,3612.3,3684.1,3.9,1383.0,0.0544,0.0999,gas-cc,gas-cc,74.6,1.4,0.14,8.8,563.3,0.03,74.7,25.6,100.3,81.3,1.5,0.15,9.6,613.2,0.04,81.3,27.9,109.2,188.7,3.6,0.36,22.3,1423.0,0.08,188.9,64.7,253.7,435.6,8.2,0.82,51.5,3287.4,0.19,436.1,149.5,585.6,41.69,1650.74,0.0,1692.43,46.32,1833.95,0.0,1880.26,0.0,0.0,0.0,5208.1,144.9,3990.5,0.0,0.0,0.0,0.0,0.0,1072.7,0.0,0.0,0.0,0.0,0.0,0.0,0.0,144.9,0.0
2050-08-11 22:00:00,2050-08-11 20:00:00,3626.3,0.0,0.0,4.9,3631.2,3437.5,3529.7,0.0,754.2,0.0521,0.0948,gas-cc,gas-cc,88.6,1.7,0.17,10.5,669.0,0.04,88.7,30.4,119.2,95.8,1.8,0.18,11.3,722.8,0.04,95.9,32.9,128.8,155.9,2.9,0.3,18.4,1175.4,0.07,156.1,53.5,209.6,433.2,8.2,0.82,51.2,3269.0,0.19,433.7,148.6,582.3,41.69,585.92,0.0,627.61,46.06,647.31,0.0,693.37,0.0,0.0,0.0,4385.4,101.5,3211.2,0.0,0.0,0.0,0.0,0.0,1072.7,0.0,0.0,0.0,0.0,0.0,0.0,0.0,101.5,0.0
2050-08-11 23:00:00,2050-08-11 21:00:00,3325.3,0.0,0.0,6.9,3332.1,3163.8,3227.0,0.0,1056.9,0.0486,0.087,gas-cc,gas-cc,88.6,1.7,0.17,10.5,668.4,0.04,88.7,30.4,119.1,95.3,1.8,0.18,11.3,719.5,0.04,95.4,32.7,128.2,154.1,2.9,0.29,18.2,1162.0,0.07,154.3,52.9,207.2,429.5,8.1,0.81,50.7,3240.8,0.19,429.9,147.4,577.3,41.69,0.0,0.0,41.69,45.66,0.0,0.0,45.66,0.0,0.0,0.0,4389.1,105.1,3211.2,0.0,0.0,0.0,0.0,0.0,1072.7,0.0,0.0,0.0,0.0,0.0,0.0,0.0,105.1,0.0
2050-08-12 00:00:00,2050-08-11 22:00:00,2992.6,0.0,0.0,10.7,3003.3,2858.7,2886.7,0.3,1640.0,0.0448,0.0783,battery,gas-cc,83.7,1.6,0.16,9.9,631.9,0.04,83.8,28.7,112.6,89.9,1.7,0.17,10.6,678.7,0.04,90.0,30.9,120.9,153.0,2.9,0.29,18.1,1153.1,0.07,153.1,52.5,205.6,419.8,7.9,0.79,49.6,3167.5,0.18,420.2,144.0,564.2,41.69,0.0,0.0,41.69,45.23,0.0,0.0,45.23,0.0,0.0,0.0,4642.9,116.6,3453.6,0.0,0.0,0.0,0.0,0.0,1072.7,0.0,0.0,0.0,0.0,0.0,0.0,0.0,116.6,0.0
2050-08-12 01:00:00,2050-08-11 23:00:00,2716.8,0.0,0.0,14.0,2730.8,2603.5,2615.5,215.1,1640.0,0.0417,0.071,battery,gas-cc,93.5,1.8,0.18,11.1,705.9,0.04,93.7,32.1,125.7,95.6,1.8,0.18,11.3,721.7,0.04,95.7,32.8,128.6,154.1,2.9,0.29,18.2,1161.3,0.07,154.2,52.8,207.0,416.5,7.8,0.78,49.2,3142.9,0.18,416.9,142.9,559.8,41.69,0.0,0.0,41.69,44.88,0.0,0.0,44.88,0.0,0.0,0.0,4155.7,115.4,2967.5,0.0,0.0,0.0,0.0,0.0,1072.7,0.0,0.0,0.0,0.0,0.0,0.0,0.0,115.4,0.0
2050-08-12 02:00:00,2050-08-12 00:00:00,2446.3,0.0,0.0,6.0,2452.3,2351.2,2384.8,218.7,397.3,0.0389,0.064,battery,gas-cc,147.8,2.8,0.28,17.5,1115.1,0.06,147.9,50.7,198.6,144.7,2.7,0.27,17.1,1092.0,0.06,144.9,49.7,194.5,151.1,2.9,0.29,17.8,1138.7,0.07,151.2,51.8,203.0,418.9,7.9,0.79,49.5,3161.2,0.18,419.4,143.7,563.1,41.69,0.0,0.0,41.69,44.54,0.0,0.0,44.54,0.0,0.0,0.0,2630.9,67.5,1490.7,0.0,0.0,0.0,0.0,0.0,1072.7,0.0,0.0,0.0,0.0,0.0,0.0,0.0,67.5,0.0
2050-08-12 03:00:00,2050-08-12 01:00:00,2222.1,0.0,0.0,4.3,2226.5,2140.7,2202.0,280.5,0.0,0.0366,0.0581,battery,gas-cc,199.8,3.8,0.38,23.6,1507.6,0.09,200.0,68.5,268.5,182.6,3.4,0.34,21.6,1378.3,0.08,182.8,62.7,245.5,151.9,2.9,0.29,17.9,1145.1,0.07,152.1,52.1,204.2,398.1,7.5,0.75,47.0,3003.9,0.17,398.5,136.6,535.1,41.69,0.0,0.0,41.69,44.26,0.0,0.0,44.26,0.0,0.0,0.0,1946.0,24.4,848.8,0.0,0.0,0.0,0.0,0.0,1072.7,0.0,0.0,0.0,0.0,0.0,0.0,0.0,24.4,0.0
2050-08-12 04:00:00,2050-08-12 02:00:00,2044.2,0.0,0.0,11.7,2055.9,1972.7,2041.1,235.0,1242.4,0.035,0.0535,gas-cc,gas-cc,126.9,2.4,0.24,15.0,957.7,0.06,127.0,43.5,170.6,124.0,2.3,0.23,14.7,935.4,0.05,124.1,42.5,166.6,152.9,2.9,0.29,18.1,1152.3,0.07,153.0,52.4,205.4,414.3,7.8,0.78,48.9,3126.1,0.18,414.7,142.1,556.8,41.69,0.0,0.0,41.69,44.04,0.0,0.0,44.04,0.0,0.0,0.0,3063.3,14.8,1975.7,0.0,0.0,0.0,0.0,0.0,1072.7,0.0,0.0,0.0,0.0,0.0,0.0,0.0,14.8,0.0
2050-08-12 05:00:00,2050-08-12 03:00:00,1904.2,0.0,0.0,1.6,1905.8,1839.9,1880.7,104.1,0.0,0.0338,0.0498,battery,gas-cc,215.8,4.1,0.41,25.5,1628.2,0.09,216.0,74.0,290.0,212.2,4.0,0.4,25.1,1601.5,0.09,212.5,72.8,285.3,242.7,4.6,0.46,28.7,1831.1,0.11,243.0,83.3,326.3,407.2,7.7,0.77,48.1,3072.6,0.18,407.6,139.7,547.3,41.69,0.0,0.0,41.69,43.87,0.0,0.0,43.87,0.0,0.0,0.0,1801.7,25.1,703.9,0.0,0.0,0.0,0.0,0.0,1072.7,0.0,0.0,0.0,0.0,0.0,0.0,0.0,25.1,0.0
2050-08-12 06:00:00,2050-08-12 04:00:00,1798.9,0.0,0.0,1.3,1800.2,1739.8,1773.5,81.9,0.0,0.0329,0.047,battery,gas-cc,226.2,4.3,0.43,26.7,1707.3,0.1,226.5,77.6,304.1,224.3,4.2,0.42,26.5,1692.9,0.1,224.6,77.0,301.6,265.1,5.0,0.5,31.3,1999.8,0.12,265.4,90.9,356.3,406.0,7.7,0.77,48.0,3063.7,0.18,406.4,139.3,545.7,41.69,0.0,0.0,41.69,43.75,0.0,0.0,43.75,0.0,0.0,0.0,1718.3,26.8,618.8,0.0,0.0,0.0,0.0,0.0,1072.7,0.0,0.0,0.0,0.0,0.0,0.0,0.0,26.8,0.0
2050-08-12 07:00:00,2050-08-12 05:00:00,1778.9,0.0,0.0,8.4,1787.4,1720.7,1752.8,680.1,0.0,0.0327,0.0465,gas-cc,gas-cc,351.1,6.6,0.66,41.5,2649.4,0.15,351.5,120.5,471.9,236.2,4.5,0.45,28.2,1783.1,0.11,236.4,81.4,317.8,237.2,4.5,0.45,28.0,1789.4,0.1,237.5,81.4,318.8,401.2,7.6,0.76,47.4,3027.7,0.17,401.7,137.7,539.3,41.2,0.0,0.0,41.2,43.21,0.0,0.0,43.21,0.0,0.0,0.0,1107.3,34.6,0.0,0.0,0.0,0.0,0.0,0.4,1072.7,0.0,0.0,0.0,0.0,0.0,0.0,9.3,24.9,0.0
2050-08-12 08:00:00,2050-08-12 06:00:00,1793.7,1957.7,0.0,12.1,3763.5,1734.8,2315.9,1243.2,0.0,0.0329,0.0469,battery,gas-cc,154.3,2.9,0.29,18.2,1164.0,0.07,154.4,52.9,207.3,106.8,2.0,0.2,12.9,806.7,0.05,106.9,37.0,143.9,156.1,2.9,0.3,18.4,1177.4,0.07,156.3,53.6,209.9,380.2,7.2,0.72,44.9,2869.3,0.16,380.6,130.5,511.1,33.36,0.0,0.0,33.36,35.0,0.0,0.0,35.0,0.0,0.0,0.0,2520.3,1447.6,0.0,0.0,0.0,0.0,0.0,59.6,1072.7,0.0,0.0,0.0,0.0,0.0,0.0,1353.8,34.1,0.0
2050-08-12 09:00:00,2050-08-12 07:00:00,1917.9,2431.9,0.0,13.8,4363.6,1852.9,-622.9,445.3,1068.2,0.0339,0.0502,battery,distpv,0.0,0.0,0.0,0.0,0.0,0.0,0.0,0.0,0.0,0.0,0.0,0.0,0.0,0.0,0.0,0.0,0.0,0.0,140.2,2.6,0.27,16.6,1057.2,0.06,140.4,48.1,188.5,0.0,0.0,0.0,0.0,0.0,0.0,0.0,0.0,0.0,0.03,0.0,0.0,0.03,0.04,0.0,0.0,0.04,0.0,0.0,0.0,4986.5,4986.5,0.0,0.0,0.0,0.0,0.0,209.5,0.0,0.0,0.0,0.0,0.0,0.0,0.0,4753.0,24.0,0.0
2050-08-12 10:00:00,2050-08-12 08:00:00,2131.6,3869.9,0.0,9.0,6010.5,2055.3,-1388.0,0.0,1388.0,0.0358,0.0557,wind-ons,wind-ons,0.0,0.0,0.0,0.0,0.0,0.0,0.0,0.0,0.0,0.0,0.0,0.0,0.0,0.0,0.0,0.0,0.0,0.0,140.5,2.7,0.27,16.6,1059.3,0.06,140.7,48.2,188.8,0.0,0.0,0.0,0.0,0.0,0.0,0.0,0.0,0.0,0.0,0.0,0.0,0.0,0.0,0.0,0.0,0.0,0.0,0.0,0.0,7398.6,7398.6,0.0,0.0,0.0,0.0,0.0,310.9,0.0,0.0,0.0,0.0,0.0,0.0,0.0,7056.8,30.9,0.0
2050-08-12 11:00:00,2050-08-12 09:00:00,2402.1,4019.6,0.0,10.7,6432.3,2309.8,-1640.0,0.0,1640.0,0.0384,0.0628,upv,upv,0.0,0.0,0.0,0.0,0.0,0.0,0.0,0.0,0.0,0.0,0.0,0.0,0.0,0.0,0.0,0.0,0.0,0.0,140.9,2.7,0.27,16.6,1062.2,0.06,141.0,48.3,189.4,0.0,0.0,0.0,0.0,0.0,0.0,0.0,0.0,0.0,0.0,0.0,0.0,0.0,0.0,0.0,0.0,0.0,45.0,577.3,622.3,8072.3,8072.3,0.0,0.0,0.0,0.0,0.0,365.0,0.0,0.0,0.0,0.0,0.0,0.0,0.0,7707.3,0.0,0.0
2050-08-12 12:00:00,2050-08-12 10:00:00,2667.4,4019.6,0.0,15.9,6702.8,2557.5,-1977.9,0.0,1977.9,0.0412,0.0698,upv,upv,0.0,0.0,0.0,0.0,0.0,0.0,0.0,0.0,0.0,0.0,0.0,0.0,0.0,0.0,0.0,0.0,0.0,0.0,141.3,2.7,0.27,16.7,1065.3,0.06,141.5,48.5,189.9,0.0,0.0,0.0,0.0,0.0,0.0,0.0,0.0,0.0,0.0,0.0,0.0,0.0,0.0,0.0,0.0,0.0,0.0,853.0,853.0,8680.7,8680.7,0.0,0.0,0.0,0.0,0.0,399.5,0.0,0.0,0.0,0.0,0.0,0.0,0.0,8213.5,67.7,0.0
2050-08-12 13:00:00,2050-08-12 11:00:00,2850.5,4019.6,0.0,19.4,6889.5,2727.4,-2202.9,0.0,2202.9,0.0432,0.0745,battery,upv,0.0,0.0,0.0,0.0,0.0,0.0,0.0,0.0,0.0,0.0,0.0,0.0,0.0,0.0,0.0,0.0,0.0,0.0,141.6,2.7,0.27,16.7,1067.5,0.06,141.7,48.6,190.3,0.0,0.0,0.0,0.0,0.0,0.0,0.0,0.0,0.0,0.0,0.0,0.0,0.0,0.0,0.0,0.0,0.0,73.9,400.6,474.5,9092.4,9092.4,0.0,0.0,0.0,0.0,0.0,0.0,0.0,0.0,0.0,0.0,0.0,0.0,0.0,9092.4,0.0,0.0
2050-08-12 14:00:00,2050-08-12 12:00:00,3054.7,3900.8,0.0,10.7,6966.1,2915.9,-1640.0,0.0,1640.0,0.0455,0.0799,battery,upv,0.0,0.0,0.0,0.0,0.0,0.0,0.0,0.0,0.0,0.0,0.0,0.0,0.0,0.0,0.0,0.0,0.0,0.0,141.9,2.7,0.27,16.8,1070.0,0.06,142.1,48.7,190.8,0.0,0.0,0.0,0.0,0.0,0.0,0.0,0.0,0.0,0.0,0.0,0.0,0.0,0.0,0.0,0.0,0.0,0.0,0.0,0.0,8606.1,8606.1,0.0,0.0,0.0,0.0,0.0,360.0,0.0,0.0,0.0,0.0,0.0,0.0,0.0,8168.3,77.9,0.0
2050-08-12 15:00:00,2050-08-12 13:00:00,3216.8,2431.9,0.0,11.6,5660.4,3064.7,-1576.3,63.7,1640.0,0.0473,0.0841,battery,distpv,0.0,0.0,0.0,0.0,0.0,0.0,0.0,0.0,0.0,0.0,0.0,0.0,0.0,0.0,0.0,0.0,0.0,0.0,142.2,2.7,0.27,16.8,1072.4,0.06,142.4,48.8,191.2,0.0,0.0,0.0,0.0,0.0,0.0,0.0,0.0,0.0,0.03,0.0,0.0,0.03,0.04,0.0,0.0,0.04,0.0,0.0,0.0,7236.7,7236.7,0.0,0.0,0.0,0.0,0.0,302.6,0.0,0.0,0.0,0.0,0.0,0.0,0.0,6869.4,64.7,0.0
2050-08-12 16:00:00,2050-08-12 14:00:00,3345.3,2431.9,0.0,6.3,5783.5,3182.1,264.0,364.5,100.4,0.0488,0.0875,upv,upv,0.0,0.0,0.0,0.0,0.0,0.0,0.0,0.0,0.0,0.0,0.0,0.0,0.0,0.0,0.0,0.0,0.0,0.0,142.9,2.7,0.27,16.9,1076.9,0.06,143.0,49.0,192.0,0.0,0.0,0.0,0.0,0.0,0.0,0.0,0.0,0.0,4.86,0.0,0.0,4.86,5.32,0.0,0.0,5.32,0.0,0.0,0.0,5519.4,5519.4,0.0,0.0,0.0,0.0,0.0,230.1,0.0,0.0,0.0,0.0,0.0,0.0,0.0,5221.5,67.9,0.0
2050-08-12 17:00:00,2050-08-12 15:00:00,3446.3,2083.6,0.0,12.1,5542.1,3274.2,2231.1,1243.2,0.0,0.05,0.0901,gas-cc,gas-cc,83.3,1.6,0.16,9.8,628.5,0.04,83.4,28.6,111.9,69.2,1.3,0.13,8.3,522.5,0.03,69.3,23.9,93.2,142.6,2.7,0.27,16.8,1075.1,0.06,142.8,48.9,191.7,398.3,7.5,0.75,47.1,3005.6,0.17,398.7,136.7,535.4,33.36,0.0,0.0,33.36,36.66,0.0,0.0,36.66,0.0,0.0,0.0,4298.9,3311.0,0.0,0.0,0.0,0.0,0.0,137.5,987.9,0.0,0.0,0.0,0.0,0.0,0.0,3119.6,53.8,0.0
2050-08-12 18:00:00,2050-08-12 16:00:00,3554.7,0.0,0.0,8.4,3563.2,3372.7,1751.5,678.8,0.0,0.0512,0.093,gas-cc,gas-cc,134.8,2.5,0.25,15.9,1017.1,0.06,134.9,46.2,181.2,116.0,2.2,0.22,13.8,875.7,0.05,116.1,39.9,156.0,142.8,2.7,0.27,16.9,1076.5,0.06,143.0,49.0,191.9,442.8,8.3,0.83,52.3,3341.7,0.19,443.3,151.9,595.3,38.39,0.0,0.0,38.39,42.33,0.0,0.0,42.33,0.0,0.0,0.0,2884.4,1811.7,0.0,0.0,0.0,0.0,0.0,74.3,1072.7,0.0,0.0,0.0,0.0,0.0,0.0,1686.6,50.7,0.0
2050-08-12 19:00:00,2050-08-12 17:00:00,3638.9,0.0,0.0,10.7,3649.6,3448.9,2730.3,0.0,1640.0,0.0522,0.0952,battery,gas-cc,73.5,1.4,0.14,8.7,554.6,0.03,73.6,25.2,98.8,79.5,1.5,0.15,9.4,599.7,0.03,79.6,27.3,106.8,149.6,2.8,0.28,17.7,1127.7,0.07,149.8,51.3,201.1,427.6,8.1,0.81,50.5,3226.7,0.19,428.1,146.7,574.8,41.69,0.0,0.0,41.69,46.07,0.0,0.0,46.07,0.0,0.0,0.0,5289.6,919.3,3297.5,0.0,0.0,0.0,0.0,37.1,1072.7,0.0,0.0,0.0,0.0,0.0,0.0,841.7,40.5,0.0
2050-08-12 20:00:00,2050-08-12 18:00:00,3556.8,0.0,0.0,10.2,3567.0,3374.6,3524.0,0.0,1568.3,0.0512,0.093,battery,gas-cc,75.7,1.4,0.14,8.9,571.3,0.03,75.8,26.0,101.8,82.2,1.5,0.15,9.7,620.4,0.04,82.3,28.2,110.5,156.4,3.0,0.3,18.5,1179.3,0.07,156.6,53.6,210.3,432.3,8.1,0.81,51.1,3262.4,0.19,432.8,148.3,581.1,41.69,1466.95,0.0,1508.64,45.97,1617.4,0.0,1663.36,0.0,0.0,0.0,5135.3,43.0,4019.6,0.0,0.0,0.0,0.0,0.6,1072.7,0.0,0.0,0.0,0.0,0.0,0.0,14.6,27.8,0.0
2050-08-12 21:00:00,2050-08-12 19:00:00,3476.8,0.0,0.0,10.6,3487.5,3301.9,3457.0,0.0,1635.3,0.0503,0.0909,battery,gas-cc,75.9,1.4,0.14,9.0,572.7,0.03,76.0,26.0,102.0,82.3,1.6,0.16,9.7,621.3,0.04,82.4,28.3,110.7,156.1,2.9,0.3,18.4,1176.7,0.07,156.3,53.5,209.8,431.3,8.1,0.81,51.0,3254.9,0.19,431.8,148.0,579.8,41.69,698.5,0.0,740.19,45.86,768.36,0.0,814.22,0.0,0.0,0.0,5122.8,30.5,4019.6,0.0,0.0,0.0,0.0,0.0,1072.7,0.0,0.0,0.0,0.0,0.0,0.0,0.0,30.5,0.0
2050-08-12 22:00:00,2050-08-12 20:00:00,3304.2,0.0,0.0,10.7,3314.9,3144.6,3299.0,0.0,1640.0,0.0483,0.0864,battery,gas-cc,78.5,1.5,0.15,9.3,592.1,0.03,78.5,26.9,105.5,84.8,1.6,0.16,10.0,640.3,0.04,84.9,29.1,114.1,154.8,2.9,0.29,18.3,1167.2,0.07,155.0,53.1,208.1,423.5,8.0,0.8,50.0,3195.8,0.18,423.9,145.3,569.3,41.69,0.0,0.0,41.69,45.63,0.0,0.0,45.63,0.0,0.0,0.0,4954.8,15.9,3866.2,0.0,0.0,0.0,0.0,0.0,1072.7,0.0,0.0,0.0,0.0,0.0,0.0,0.0,15.9,0.0
2050-08-12 23:00:00,2050-08-12 21:00:00,3031.6,0.0,0.0,3.3,3034.9,2894.5,3023.8,0.0,510.0,0.0452,0.0793,gas-cc,gas-cc,109.7,2.1,0.21,13.0,827.6,0.05,109.8,37.6,147.4,117.0,2.2,0.22,13.8,882.8,0.05,117.1,40.2,157.3,154.0,2.9,0.29,18.2,1161.1,0.07,154.2,52.8,207.0,425.9,8.0,0.8,50.3,3213.7,0.18,426.3,146.1,572.5,41.69,0.0,0.0,41.69,45.28,0.0,0.0,45.28,0.0,0.0,0.0,3544.9,11.1,2461.0,0.0,0.0,0.0,0.0,0.0,1072.7,0.0,0.0,0.0,0.0,0.0,0.0,0.0,11.1,0.0
2050-08-13 00:00:00,2050-08-12 22:00:00,2814.7,0.0,0.0,2.8,2817.6,2694.3,2796.9,0.0,434.6,0.0428,0.0736,battery,gas-ct,119.5,2.3,0.23,14.1,902.1,0.05,119.7,41.0,160.7,126.9,2.4,0.24,15.0,957.7,0.06,127.0,43.6,170.6,155.3,2.9,0.29,18.3,1170.7,0.07,155.5,53.3,208.7,579.1,10.9,1.09,68.4,4369.7,0.25,579.7,198.7,778.4,41.72,0.0,0.0,41.72,45.03,0.0,0.0,45.03,0.0,0.0,0.0,3252.2,20.7,2158.7,0.0,0.0,0.0,0.0,0.0,1072.7,0.0,0.0,0.0,0.0,0.0,0.0,0.0,20.7,0.0
2050-08-13 01:00:00,2050-08-12 23:00:00,2601.1,0.0,0.0,0.0,2601.1,2495.7,2532.6,0.0,0.0,0.0405,0.068,battery,gas-cc,149.5,2.8,0.28,17.7,1127.9,0.06,149.6,51.3,200.9,157.5,3.0,0.3,18.6,1188.4,0.07,157.7,54.0,211.7,154.5,2.9,0.29,18.3,1164.6,0.07,154.7,53.0,207.6,415.1,7.8,0.78,49.0,3132.7,0.18,415.6,142.4,558.0,41.72,0.0,0.0,41.72,44.76,0.0,0.0,44.76,0.0,0.0,0.0,2601.1,68.5,1459.8,0.0,0.0,0.0,0.0,0.0,1072.7,0.0,0.0,0.0,0.0,0.0,0.0,0.0,68.5,0.0
2050-08-13 02:00:00,2050-08-13 00:00:00,2332.6,0.0,0.0,0.0,2332.6,2244.6,2254.4,0.0,0.0,0.0377,0.061,battery,gas-cc,166.7,3.1,0.31,19.7,1257.7,0.07,166.8,57.2,224.0,174.7,3.3,0.33,20.7,1318.6,0.08,174.9,60.0,234.9,154.1,2.9,0.29,18.2,1162.0,0.07,154.3,52.9,207.2,412.0,7.8,0.78,48.7,3109.3,0.18,412.5,141.4,553.9,41.72,0.0,0.0,41.72,44.43,0.0,0.0,44.43,0.0,0.0,0.0,2332.6,78.3,1181.6,0.0,0.0,0.0,0.0,0.0,1072.7,0.0,0.0,0.0,0.0,0.0,0.0,0.0,78.3,0.0
2050-08-13 03:00:00,2050-08-13 01:00:00,2126.3,0.0,0.0,0.0,2126.3,2050.3,2093.6,0.0,0.0,0.0357,0.0556,battery,gas-cc,182.8,3.4,0.34,21.6,1379.7,0.08,183.0,62.7,245.8,191.1,3.6,0.36,22.6,1441.8,0.08,191.3,65.6,256.8,154.2,2.9,0.29,18.2,1162.1,0.07,154.3,52.9,207.2,409.7,7.7,0.77,48.4,3091.5,0.18,410.1,140.6,550.7,41.72,0.0,0.0,41.72,44.17,0.0,0.0,44.17,0.0,0.0,0.0,2126.3,32.7,1020.9,0.0,0.0,0.0,0.0,0.0,1072.7,0.0,0.0,0.0,0.0,0.0,0.0,0.0,32.7,0.0
2050-08-13 04:00:00,2050-08-13 02:00:00,1989.5,0.0,0.0,0.0,1989.5,1920.9,1975.3,0.0,0.0,0.0345,0.052,battery,gas-cc,195.4,3.7,0.37,23.1,1474.6,0.08,195.6,67.0,262.7,203.8,3.8,0.38,24.1,1537.7,0.09,204.0,69.9,273.9,254.2,4.8,0.48,30.0,1917.4,0.11,254.4,87.2,341.6,408.1,7.7,0.77,48.2,3079.9,0.18,408.6,140.0,548.6,41.72,0.0,0.0,41.72,44.01,0.0,0.0,44.01,0.0,0.0,0.0,1989.5,14.2,902.5,0.0,0.0,0.0,0.0,0.0,1072.7,0.0,0.0,0.0,0.0,0.0,0.0,0.0,14.2,0.0
2050-08-13 05:00:00,2050-08-13 03:00:00,1881.1,0.0,0.0,0.0,1881.1,1817.9,1871.3,0.0,0.0,0.0336,0.0492,battery,gas-cc,206.7,3.9,0.39,24.4,1559.6,0.09,206.9,70.9,277.8,215.1,4.1,0.41,25.4,1623.5,0.09,215.4,73.8,289.2,282.2,5.3,0.53,33.3,2129.0,0.12,282.5,96.8,379.3,406.9,7.7,0.77,48.1,3070.7,0.18,407.4,139.6,547.0,41.72,0.0,0.0,41.72,43.88,0.0,0.0,43.88,0.0,0.0,0.0,1881.1,9.8,798.5,0.0,0.0,0.0,0.0,0.0,1072.7,0.0,0.0,0.0,0.0,0.0,0.0,0.0,9.8,0.0
2050-08-13 06:00:00,2050-08-13 04:00:00,1806.3,0.0,0.0,0.0,1806.3,1746.8,1798.2,0.0,0.0,0.033,0.0472,battery,gas-cc,215.2,4.1,0.41,25.4,1624.1,0.09,215.5,73.8,289.3,223.8,4.2,0.42,26.4,1688.6,0.1,224.0,76.8,300.8,279.7,5.3,0.53,33.0,2110.3,0.12,280.0,96.0,376.0,406.1,7.7,0.77,48.0,3064.4,0.18,406.5,139.3,545.9,41.72,0.0,0.0,41.72,43.79,0.0,0.0,43.79,0.0,0.0,0.0,1806.3,8.1,725.5,0.0,0.0,0.0,0.0,0.0,1072.7,0.0,0.0,0.0,0.0,0.0,0.0,0.0,8.1,0.0
2050-08-13 07:00:00,2050-08-13 05:00:00,1752.6,0.0,0.0,0.0,1752.6,1695.6,1652.8,0.0,0.0,0.0325,0.0458,battery,gas-cc,221.8,4.2,0.42,26.2,1673.9,0.1,222.1,76.1,298.2,230.3,4.3,0.43,27.2,1737.7,0.1,230.5,79.0,309.5,274.5,5.2,0.52,32.4,2071.2,0.12,274.8,94.2,369.0,405.5,7.6,0.76,47.9,3059.9,0.18,405.9,139.1,545.1,41.72,0.0,0.0,41.72,43.72,0.0,0.0,43.72,0.0,0.0,0.0,1752.6,99.8,580.1,0.0,0.0,0.0,0.0,3.7,1072.7,0.0,0.0,0.0,0.0,0.0,0.0,83.4,12.7,0.0
2050-08-13 08:00:00,2050-08-13 06:00:00,1727.4,1804.6,0.0,7.4,3539.4,1671.5,-1001.9,42.5,1044.4,0.0323,0.0452,gas-cc,gas-cc,0.0,0.0,0.0,0.0,0.0,0.0,0.0,0.0,0.0,0.0,0.0,0.0,0.0,0.0,0.0,0.0,0.0,0.0,158.4,3.0,0.3,18.7,1194.4,0.07,158.6,54.3,212.9,368.4,6.9,0.69,43.5,2780.2,0.16,368.8,126.4,495.2,22.0,0.0,0.0,22.0,23.04,0.0,0.0,23.04,0.0,0.0,0.0,4541.3,4541.3,0.0,0.0,0.0,0.0,0.0,190.9,0.0,0.0,0.0,0.0,0.0,0.0,0.0,4332.9,17.5,0.0
2050-08-13 09:00:00,2050-08-13 07:00:00,1825.3,3622.2,0.0,28.9,5476.3,1764.8,-2816.0,0.0,2816.0,0.0331,0.0477,upv,upv,0.0,0.0,0.0,0.0,0.0,0.0,0.0,0.0,0.0,0.0,0.0,0.0,0.0,0.0,0.0,0.0,0.0,0.0,140.1,2.6,0.27,16.6,1056.4,0.06,140.3,48.1,188.3,0.0,0.0,0.0,0.0,0.0,0.0,0.0,0.0,0.0,0.0,0.0,0.0,0.0,0.0,0.0,0.0,0.0,12.3,242.6,254.9,8292.3,8292.3,0.0,0.0,0.0,0.0,0.0,360.2,0.0,0.0,0.0,0.0,0.0,0.0,0.0,7932.2,0.0,0.0
2050-08-13 10:00:00,2050-08-13 08:00:00,2023.2,3957.5,0.0,10.7,5991.4,1952.8,-1640.0,0.0,1640.0,0.0348,0.0529,upv,upv,0.0,0.0,0.0,0.0,0.0,0.0,0.0,0.0,0.0,0.0,0.0,0.0,0.0,0.0,0.0,0.0,0.0,0.0,140.4,2.6,0.27,16.6,1058.2,0.06,140.5,48.1,188.7,0.0,0.0,0.0,0.0,0.0,0.0,0.0,0.0,0.0,0.0,0.0,0.0,0.0,0.0,0.0,0.0,0.0,12.0,2030.4,2042.4,7631.3,7631.3,0.0,0.0,0.0,0.0,0.0,407.8,0.0,0.0,0.0,0.0,0.0,0.0,0.0,7223.5,0.0,0.0
2050-08-13 11:00:00,2050-08-13 09:00:00,2250.5,3824.8,0.0,28.2,6103.5,2167.4,-2774.4,0.0,2774.4,0.0369,0.0589,upv,upv,0.0,0.0,0.0,0.0,0.0,0.0,0.0,0.0,0.0,0.0,0.0,0.0,0.0,0.0,0.0,0.0,0.0,0.0,140.7,2.7,0.27,16.6,1060.5,0.06,140.8,48.2,189.1,0.0,0.0,0.0,0.0,0.0,0.0,0.0,0.0,0.0,0.0,0.0,0.0,0.0,0.0,0.0,0.0,0.0,7.5,1073.9,1081.4,8877.9,8877.9,0.0,0.0,0.0,0.0,0.0,420.1,0.0,0.0,0.0,0.0,0.0,0.0,0.0,8457.9,0.0,0.0
2050-08-13 12:00:00,2050-08-13 10:00:00,2533.7,3435.1,0.0,28.9,5997.7,2432.9,-2816.0,0.0,2816.0,0.0398,0.0663,upv,upv,0.0,0.0,0.0,0.0,0.0,0.0,0.0,0.0,0.0,0.0,0.0,0.0,0.0,0.0,0.0,0.0,0.0,0.0,141.1,2.7,0.27,16.7,1063.7,0.06,141.2,48.4,189.6,0.0,0.0,0.0,0.0,0.0,0.0,0.0,0.0,0.0,0.0,0.0,0.0,0.0,0.0,0.0,0.0,0.0,2.0,1030.1,1032.1,8813.7,8813.7,0.0,0.0,0.0,0.0,0.0,415.4,0.0,0.0,0.0,0.0,0.0,0.0,0.0,8398.3,0.0,0.0
2050-08-13 13:00:00,2050-08-13 11:00:00,2765.3,3957.5,0.0,28.9,6751.7,2648.4,-2816.0,0.0,2816.0,0.0423,0.0723,upv,upv,0.0,0.0,0.0,0.0,0.0,0.0,0.0,0.0,0.0,0.0,0.0,0.0,0.0,0.0,0.0,0.0,0.0,0.0,141.8,2.7,0.27,16.8,1068.8,0.06,141.9,48.6,190.5,0.0,0.0,0.0,0.0,0.0,0.0,0.0,0.0,0.0,0.0,0.0,0.0,0.0,0.0,0.0,0.0,0.0,6.5,181.6,188.1,9567.7,9567.7,0.0,0.0,0.0,0.0,0.0,411.4,0.0,0.0,0.0,0.0,0.0,0.0,0.0,9156.3,0.0,0.0
2050-08-13 14:00:00,2050-08-13 12:00:00,3021.1,3240.3,0.0,28.9,6290.2,2884.9,-2816.0,0.0,2816.0,0.0451,0.079,upv,upv,0.0,0.0,0.0,0.0,0.0,0.0,0.0,0.0,0.0,0.0,0.0,0.0,0.0,0.0,0.0,0.0,0.0,0.0,145.1,2.7,0.27,17.1,1094.0,0.06,145.3,49.8,195.0,0.0,0.0,0.0,0.0,0.0,0.0,0.0,0.0,0.0,0.0,0.0,0.0,0.0,0.0,0.0,0.0,0.0,14.7,541.9,556.6,9106.2,9106.2,0.0,0.0,0.0,0.0,0.0,407.1,0.0,0.0,0.0,0.0,0.0,0.0,0.0,8699.1,0.0,0.0
2050-08-13 15:00:00,2050-08-13 13:00:00,3265.3,2655.8,0.0,28.9,5950.0,3109.0,-2816.0,0.0,2816.0,0.0479,0.0854,upv,upv,0.0,0.0,0.0,0.0,0.0,0.0,0.0,0.0,0.0,0.0,0.0,0.0,0.0,0.0,0.0,0.0,0.0,0.0,146.2,2.8,0.28,17.3,1101.9,0.06,146.3,50.1,196.4,0.0,0.0,0.0,0.0,0.0,0.0,0.0,0.0,0.0,0.0,0.0,0.0,0.0,0.0,0.0,0.0,0.0,9.3,470.6,479.9,8766.0,8766.0,0.0,0.0,0.0,0.0,0.0,389.8,0.0,0.0,0.0,0.0,0.0,0.0,0.0,8376.2,0.0,0.0
2050-08-13 16:00:00,2050-08-13 14:00:00,3453.7,2431.9,0.0,24.8,5910.4,3280.9,-2554.5,0.0,2554.5,0.05,0.0903,battery,distpv,0.0,0.0,0.0,0.0,0.0,0.0,0.0,0.0,0.0,0.0,0.0,0.0,0.0,0.0,0.0,0.0,0.0,0.0,145.8,2.8,0.28,17.2,1099.0,0.06,145.9,50.0,195.9,0.0,0.0,0.0,0.0,0.0,0.0,0.0,0.0,0.0,6.96,0.0,0.0,6.96,7.65,0.0,0.0,7.65,0.0,0.0,0.0,8464.9,8464.9,0.0,0.0,0.0,0.0,0.0,356.7,0.0,0.0,0.0,0.0,0.0,0.0,0.0,8097.2,10.9,0.0
2050-08-13 17:00:00,2050-08-13 15:00:00,3649.5,2236.7,0.0,17.6,5903.8,3458.5,-1194.7,445.3,1640.0,0.0523,0.0954,battery,gas-cc,0.0,0.0,0.0,0.0,0.0,0.0,0.0,0.0,0.0,0.0,0.0,0.0,0.0,0.0,0.0,0.0,0.0,0.0,143.0,2.7,0.27,16.9,1077.8,0.06,143.1,49.0,192.1,350.0,6.6,0.66,41.3,2641.3,0.15,350.4,120.1,470.5,22.0,0.0,0.0,22.0,24.32,0.0,0.0,24.32,0.0,0.0,0.0,7098.4,7098.4,0.0,0.0,0.0,0.0,0.0,298.6,0.0,0.0,0.0,0.0,0.0,0.0,0.0,6778.9,20.9,0.0
2050-08-13 18:00:00,2050-08-13 16:00:00,3786.3,0.0,0.0,28.3,3814.6,3582.0,-2118.0,0.0,2775.5,0.054,0.099,gas-cc,gas-cc,36.2,0.7,0.07,4.3,272.9,0.02,36.2,12.4,48.6,38.2,0.7,0.07,4.5,288.4,0.02,38.3,13.1,51.4,143.2,2.7,0.27,16.9,1079.6,0.06,143.4,49.1,192.5,402.2,7.6,0.76,47.5,3035.3,0.17,402.7,138.0,540.7,33.36,0.0,0.0,33.36,37.02,0.0,0.0,37.02,0.0,0.0,0.0,6590.1,5932.6,0.0,0.0,0.0,0.0,0.0,249.2,657.6,0.0,0.0,0.0,0.0,0.0,0.0,5654.5,28.9,0.0
2050-08-13 19:00:00,2050-08-13 17:00:00,3928.4,0.0,0.0,9.9,3938.3,3709.8,867.5,0.0,1517.9,0.0557,0.1027,gas-cc,gas-cc,71.3,1.3,0.13,8.4,537.7,0.03,71.3,24.4,95.8,76.2,1.4,0.14,9.0,575.0,0.03,76.3,26.2,102.4,153.0,2.9,0.29,18.1,1153.0,0.07,153.1,52.4,205.6,481.4,9.1,0.91,56.9,3632.4,0.21,481.9,165.2,647.0,48.16,0.0,0.0,48.16,53.68,0.0,0.0,53.68,0.0,0.0,0.0,5456.2,3070.8,1312.7,0.0,0.0,0.0,0.0,128.9,1072.7,0.0,0.0,0.0,0.0,0.0,0.0,2925.8,16.0,0.0
2050-08-13 20:00:00,2050-08-13 18:00:00,3920.0,0.0,0.0,8.1,3928.1,3702.2,3841.3,0.0,1251.1,0.0556,0.1025,battery,gas-cc,75.1,1.4,0.14,8.9,566.4,0.03,75.1,25.8,100.9,81.9,1.5,0.15,9.7,617.9,0.04,82.0,28.1,110.1,199.3,3.8,0.38,23.5,1502.8,0.09,199.5,68.3,267.8,442.8,8.3,0.83,52.3,3341.5,0.19,443.3,151.9,595.2,48.16,3353.37,0.0,3401.53,53.67,3736.4,0.0,3790.06,0.0,0.0,0.0,5179.2,86.9,4019.6,0.0,0.0,0.0,0.0,2.2,1072.7,0.0,0.0,0.0,0.0,0.0,0.0,49.0,35.7,0.0
2050-08-13 21:00:00,2050-08-13 19:00:00,3822.1,0.0,0.0,8.3,3830.4,3614.2,3818.1,0.0,1274.2,0.0544,0.1,battery,gas-ct,76.2,1.4,0.14,9.0,574.7,0.03,76.2,26.1,102.4,83.0,1.6,0.16,9.8,626.2,0.04,83.1,28.5,111.6,158.8,3.0,0.3,18.8,1197.2,0.07,159.0,54.5,213.5,603.4,11.4,1.14,71.3,4553.4,0.26,604.1,207.0,811.1,48.16,3167.59,0.0,3215.76,53.51,3519.36,0.0,3572.88,0.0,0.0,0.0,5104.6,12.3,4019.6,0.0,0.0,0.0,0.0,0.0,1072.7,0.0,0.0,0.0,0.0,0.0,0.0,0.0,12.3,0.0
2050-08-13 22:00:00,2050-08-13 20:00:00,3569.5,0.0,0.0,7.3,3576.8,3386.0,3555.4,0.0,1121.3,0.0514,0.0933,battery,gas-ct,82.7,1.6,0.16,9.8,624.4,0.04,82.8,28.4,111.2,89.6,1.7,0.17,10.6,676.2,0.04,89.7,30.8,120.5,175.4,3.3,0.33,20.7,1322.5,0.08,175.6,60.2,235.8,599.0,11.3,1.13,70.8,4520.2,0.26,599.7,205.5,805.2,48.16,2152.0,0.0,2200.17,53.12,2373.56,0.0,2426.69,0.0,0.0,0.0,4698.0,21.4,3603.9,0.0,0.0,0.0,0.0,0.0,1072.7,0.0,0.0,0.0,0.0,0.0,0.0,0.0,21.4,0.0
2050-08-13 23:00:00,2050-08-13 21:00:00,3240.0,0.0,0.0,6.0,3246.0,3085.9,3192.8,0.0,925.4,0.0476,0.0847,battery,gas-ct,93.2,1.8,0.18,11.0,703.3,0.04,93.3,32.0,125.3,100.1,1.9,0.19,11.8,755.4,0.04,100.2,34.4,134.6,188.2,3.6,0.36,22.2,1418.8,0.08,188.4,64.5,252.9,593.4,11.2,1.12,70.1,4477.7,0.26,594.0,203.6,797.6,48.16,1199.31,0.0,1247.47,52.62,1310.33,0.0,1362.95,0.0,0.0,0.0,4171.4,53.2,3045.5,0.0,0.0,0.0,0.0,0.0,1072.7,0.0,0.0,0.0,0.0,0.0,0.0,0.0,53.2,0.0
2050-08-14 00:00:00,2050-08-13 22:00:00,2905.3,0.0,0.0,6.3,2911.6,2778.0,2854.5,0.0,969.2,0.0438,0.076,phs,gas-cc,100.2,1.9,0.19,11.8,755.9,0.04,100.3,34.4,134.7,106.9,2.0,0.2,12.6,807.0,0.05,107.0,36.7,143.8,156.4,3.0,0.3,18.5,1178.8,0.07,156.5,53.6,210.2,505.1,9.5,0.95,59.7,3811.9,0.22,505.7,173.3,679.0,49.72,0.0,0.0,49.72,53.8,0.0,0.0,53.8,0.0,0.0,0.0,3880.8,57.1,2750.9,0.0,0.0,0.0,0.0,0.0,1072.7,0.0,0.0,0.0,0.0,0.0,0.0,0.0,57.1,0.0
2050-08-14 01:00:00,2050-08-13 23:00:00,2644.2,0.0,0.0,5.3,2649.6,2535.9,2603.2,0.0,822.8,0.041,0.0691,battery,gas-ct,112.0,2.1,0.21,13.2,844.8,0.05,112.1,38.4,150.5,118.8,2.2,0.22,14.0,896.6,0.05,118.9,40.8,159.7,165.7,3.1,0.31,19.6,1249.4,0.07,165.9,56.8,222.7,633.3,11.9,1.19,74.8,4778.9,0.27,634.0,217.3,851.3,49.72,0.0,0.0,49.72,53.41,0.0,0.0,53.41,0.0,0.0,0.0,3472.4,46.4,2353.3,0.0,0.0,0.0,0.0,0.0,1072.7,0.0,0.0,0.0,0.0,0.0,0.0,0.0,46.4,0.0
2050-08-14 02:00:00,2050-08-14 00:00:00,2345.3,0.0,0.0,3.1,2348.4,2256.5,2329.0,0.0,480.0,0.0379,0.0613,battery,gas-cc,137.5,2.6,0.26,16.2,1037.2,0.06,137.6,47.2,184.8,144.7,2.7,0.27,17.1,1092.2,0.06,144.9,49.7,194.6,154.5,2.9,0.29,18.3,1164.4,0.07,154.6,53.0,207.6,499.3,9.4,0.94,59.0,3767.5,0.22,499.8,171.3,671.1,49.72,0.0,0.0,49.72,52.96,0.0,0.0,52.96,0.0,0.0,0.0,2828.4,19.4,1736.2,0.0,0.0,0.0,0.0,0.0,1072.7,0.0,0.0,0.0,0.0,0.0,0.0,0.0,19.4,0.0
2050-08-14 03:00:00,2050-08-14 01:00:00,2172.6,0.0,0.0,0.0,2172.6,2094.1,2162.6,0.0,0.0,0.0362,0.0568,battery,gas-ct,178.9,3.4,0.34,21.1,1350.3,0.08,179.1,61.4,240.5,187.2,3.5,0.35,22.1,1412.5,0.08,187.4,64.2,251.6,154.4,2.9,0.29,18.2,1163.7,0.07,154.5,52.9,207.5,586.0,11.0,1.1,69.2,4422.3,0.25,586.7,201.1,787.7,49.72,0.0,0.0,49.72,52.71,0.0,0.0,52.71,0.0,0.0,0.0,2172.6,10.0,1089.9,0.0,0.0,0.0,0.0,0.0,1072.7,0.0,0.0,0.0,0.0,0.0,0.0,0.0,10.0,0.0
2050-08-14 04:00:00,2050-08-14 02:00:00,2028.4,0.0,0.0,0.0,2028.4,1957.8,2023.4,0.0,0.0,0.0348,0.053,battery,gas-ct,191.7,3.6,0.36,22.6,1446.3,0.08,191.9,65.8,257.6,200.0,3.8,0.38,23.6,1509.2,0.09,200.2,68.6,268.8,270.8,5.1,0.51,32.0,2042.8,0.12,271.1,92.9,364.0,583.7,11.0,1.1,69.0,4404.7,0.25,584.3,200.3,784.6,49.72,0.0,0.0,49.72,52.5,0.0,0.0,52.5,0.0,0.0,0.0,2028.4,5.1,950.6,0.0,0.0,0.0,0.0,0.0,1072.7,0.0,0.0,0.0,0.0,0.0,0.0,0.0,5.1,0.0
2050-08-14 05:00:00,2050-08-14 03:00:00,1920.0,0.0,0.0,6.4,1926.4,1854.9,1924.3,412.2,0.0,0.0339,0.0502,hydro,gas-cc,256.7,4.8,0.48,30.3,1937.4,0.11,257.0,88.1,345.1,209.6,3.9,0.39,24.8,1581.5,0.09,209.8,71.9,281.7,298.8,5.6,0.56,35.3,2254.1,0.13,299.1,102.5,401.6,492.7,9.3,0.93,58.2,3718.1,0.21,493.2,169.1,662.3,49.72,0.0,0.0,49.72,52.34,0.0,0.0,52.34,0.0,0.0,0.0,1514.2,2.1,439.4,0.0,0.0,0.0,0.0,0.0,1072.7,0.0,0.0,0.0,0.0,0.0,0.0,0.0,2.1,0.0
2050-08-14 06:00:00,2050-08-14 04:00:00,1857.9,0.0,0.0,0.0,1857.9,1795.9,1853.8,0.0,0.0,0.0334,0.0486,battery,gas-cc,209.2,3.9,0.39,24.7,1579.0,0.09,209.5,71.8,281.3,217.7,4.1,0.41,25.7,1643.2,0.09,218.0,74.7,292.7,297.3,5.6,0.56,35.1,2242.8,0.13,297.6,102.0,399.6,470.4,8.9,0.89,55.6,3549.5,0.2,470.9,161.4,632.3,48.31,0.0,0.0,48.31,50.77,0.0,0.0,50.77,0.0,0.0,0.0,1857.9,4.1,781.1,0.0,0.0,0.0,0.0,0.0,1072.7,0.0,0.0,0.0,0.0,0.0,0.0,0.0,4.1,0.0
2050-08-14 07:00:00,2050-08-14 05:00:00,1881.1,0.0,0.0,6.1,1887.1,1817.9,1854.9,393.3,0.0,0.0336,0.0492,hydro,gas-cc,260.2,4.9,0.49,30.7,1963.8,0.11,260.5,89.3,349.8,213.8,4.0,0.4,25.3,1613.2,0.09,214.0,73.4,287.4,230.1,4.3,0.43,27.2,1735.9,0.1,230.4,78.9,309.3,525.4,9.9,0.99,62.1,3964.6,0.23,525.9,180.3,706.2,47.6,0.0,0.0,47.6,50.06,0.0,0.0,50.06,0.0,0.0,0.0,1493.8,32.3,388.8,0.0,0.0,0.0,0.0,1.0,1072.7,0.0,0.0,0.0,0.0,0.0,0.0,23.8,7.4,0.0
2050-08-14 08:00:00,2050-08-14 06:00:00,1966.3,2431.9,0.0,12.0,4410.2,1898.9,1234.6,1234.6,0.0,0.0343,0.0514,battery,gas-cc,0.0,0.0,0.0,0.0,0.0,0.0,0.0,0.0,0.0,0.0,0.0,0.0,0.3,0.8,0.01,0.0,0.3,0.3,168.3,3.2,0.32,19.9,1269.2,0.07,168.5,57.7,226.2,366.4,6.9,0.69,43.3,2764.8,0.16,366.8,125.7,492.5,31.9,0.0,0.0,31.9,33.62,0.0,0.0,33.62,0.0,0.0,0.0,3175.6,3175.6,0.0,0.0,0.0,0.0,0.0,133.4,0.0,0.0,0.0,0.0,0.0,0.0,0.0,3027.6,14.6,0.0
2050-08-14 09:00:00,2050-08-14 07:00:00,2162.1,2983.4,0.0,12.6,5158.2,2084.1,-1766.8,0.0,1766.8,0.0361,0.0565,upv,upv,0.0,0.0,0.0,0.0,0.0,0.0,0.0,0.0,0.0,0.0,0.0,0.0,0.0,0.0,0.0,0.0,0.0,0.0,140.6,2.7,0.27,16.6,1059.6,0.06,140.7,48.2,188.9,0.0,0.0,0.0,0.0,0.0,0.0,0.0,0.0,0.0,0.0,0.0,0.0,0.0,0.0,0.0,0.0,0.0,0.0,147.3,147.3,6924.9,6924.9,0.0,0.0,0.0,0.0,0.0,297.0,0.0,0.0,0.0,0.0,0.0,0.0,0.0,6592.8,35.1,0.0
2050-08-14 10:00:00,2050-08-14 08:00:00,2455.8,3953.7,0.0,16.8,6426.2,2360.1,-2033.0,0.0,2033.0,0.039,0.0642,upv,upv,0.0,0.0,0.0,0.0,0.0,0.0,0.0,0.0,0.0,0.0,0.0,0.0,0.0,0.0,0.0,0.0,0.0,0.0,143.2,2.7,0.27,16.9,1079.5,0.06,143.3,49.1,192.4,0.0,0.0,0.0,0.0,0.0,0.0,0.0,0.0,0.0,0.0,0.0,0.0,0.0,0.0,0.0,0.0,0.0,0.0,570.3,570.3,8459.2,8459.2,0.0,0.0,0.0,0.0,0.0,376.4,0.0,0.0,0.0,0.0,0.0,0.0,0.0,7972.8,110.0,0.0
2050-08-14 11:00:00,2050-08-14 09:00:00,2713.7,4019.6,0.0,20.5,6753.7,2600.5,-2272.6,0.0,2272.6,0.0417,0.071,upv,upv,0.0,0.0,0.0,0.0,0.0,0.0,0.0,0.0,0.0,0.0,0.0,0.0,0.0,0.0,0.0,0.0,0.0,0.0,148.4,2.8,0.28,17.5,1118.6,0.06,148.5,50.9,199.4,0.0,0.0,0.0,0.0,0.0,0.0,0.0,0.0,0.0,0.0,0.0,0.0,0.0,0.0,0.0,0.0,0.0,0.0,612.4,612.4,9026.3,9026.3,0.0,0.0,0.0,0.0,0.0,402.8,0.0,0.0,0.0,0.0,0.0,0.0,0.0,8525.2,98.4,0.0
2050-08-14 12:00:00,2050-08-14 10:00:00,2905.3,4019.6,0.0,20.2,6945.0,2778.0,-2256.2,0.0,2256.2,0.0438,0.076,upv,upv,0.0,0.0,0.0,0.0,0.0,0.0,0.0,0.0,0.0,0.0,0.0,0.0,0.0,0.0,0.0,0.0,0.0,0.0,141.7,2.7,0.27,16.7,1068.2,0.06,141.8,48.6,190.4,0.0,0.0,0.0,0.0,0.0,0.0,0.0,0.0,0.0,0.0,0.0,0.0,0.0,0.0,0.0,0.0,0.0,0.0,540.5,540.5,9201.2,9201.2,0.0,0.0,0.0,0.0,0.0,408.2,0.0,0.0,0.0,0.0,0.0,0.0,0.0,8719.9,73.2,0.0
2050-08-14 13:00:00,2050-08-14 11:00:00,3049.5,3953.7,0.0,28.1,7031.2,2911.0,-2762.3,0.0,2762.3,0.0454,0.0797,battery,wind-ons,0.0,0.0,0.0,0.0,0.0,0.0,0.0,0.0,0.0,0.0,0.0,0.0,0.0,0.0,0.0,0.0,0.0,0.0,141.9,2.7,0.27,16.8,1070.0,0.06,142.1,48.7,190.7,0.0,0.0,0.0,0.0,0.0,0.0,0.0,0.0,0.0,0.0,0.0,0.0,0.0,0.0,0.0,0.0,0.0,0.0,0.0,0.0,9793.5,9793.5,0.0,0.0,0.0,0.0,0.0,411.1,0.0,0.0,0.0,0.0,0.0,0.0,0.0,9331.5,51.0,0.0
2050-08-14 14:00:00,2050-08-14 12:00:00,3198.9,3331.4,0.0,28.9,6559.2,3048.3,-2816.0,0.0,2816.0,0.0471,0.0837,upv,upv,0.0,0.0,0.0,0.0,0.0,0.0,0.0,0.0,0.0,0.0,0.0,0.0,0.0,0.0,0.0,0.0,0.0,0.0,153.3,2.9,0.29,18.1,1155.6,0.07,153.4,52.6,206.0,0.0,0.0,0.0,0.0,0.0,0.0,0.0,0.0,0.0,0.0,0.0,0.0,0.0,0.0,0.0,0.0,0.0,57.8,37.0,94.8,9375.2,9375.2,0.0,0.0,0.0,0.0,0.0,397.3,0.0,0.0,0.0,0.0,0.0,0.0,0.0,8977.9,0.0,0.0
2050-08-14 15:00:00,2050-08-14 13:00:00,3384.2,2431.9,0.0,11.9,5828.0,3217.6,-1719.0,0.0,1719.0,0.0492,0.0885,battery,gas-cc,0.0,0.0,0.0,0.0,0.0,0.0,0.0,0.0,0.0,0.0,0.0,0.0,0.0,0.0,0.0,0.0,0.0,0.0,146.6,2.8,0.28,17.3,1105.1,0.06,146.7,50.3,197.0,385.9,7.3,0.73,45.6,2912.4,0.17,386.4,132.4,518.8,24.63,0.0,0.0,24.63,27.02,0.0,0.0,27.02,0.0,0.0,0.0,7547.0,7547.0,0.0,0.0,0.0,0.0,0.0,310.0,0.0,0.0,0.0,0.0,0.0,0.0,0.0,7037.4,199.6,0.0
2050-08-14 16:00:00,2050-08-14 14:00:00,3523.2,2431.9,0.0,8.2,5963.2,3344.0,250.4,445.3,194.9,0.0509,0.0921,gas-cc,gas-cc,0.0,0.0,0.0,0.0,0.0,0.0,0.0,0.0,0.0,0.0,0.0,0.0,0.0,0.0,0.0,0.0,0.0,0.0,143.9,2.7,0.27,17.0,1085.1,0.06,144.1,49.4,193.5,422.0,8.0,0.8,49.8,3184.3,0.18,422.4,144.8,567.2,27.04,0.0,0.0,27.04,29.78,0.0,0.0,29.78,0.0,0.0,0.0,5712.8,5712.8,0.0,0.0,0.0,0.0,0.0,231.1,0.0,0.0,0.0,0.0,0.0,0.0,0.0,5247.3,234.3,0.0
2050-08-14 17:00:00,2050-08-14 15:00:00,3660.0,1609.5,0.0,9.5,5279.0,3468.0,1761.5,852.2,0.0,0.0525,0.0957,gas-cc,gas-cc,74.4,1.4,0.14,8.8,561.8,0.03,74.5,25.5,100.1,66.6,1.3,0.13,8.0,502.8,0.03,66.7,22.9,89.6,143.1,2.7,0.27,16.9,1078.7,0.06,143.2,49.1,192.3,400.8,7.6,0.76,47.3,3024.2,0.17,401.2,137.5,538.7,33.36,0.0,0.0,33.36,36.89,0.0,0.0,36.89,0.0,0.0,0.0,4426.9,3517.5,0.0,0.0,0.0,0.0,0.0,138.2,909.4,0.0,0.0,0.0,0.0,0.0,0.0,3137.4,241.8,0.0
2050-08-14 18:00:00,2050-08-14 16:00:00,3809.5,0.0,0.0,5.9,3815.4,3602.9,1170.7,298.2,200.2,0.0542,0.0996,gas-cc,gas-cc,104.6,2.0,0.2,12.4,789.2,0.05,104.7,35.9,140.6,102.4,1.9,0.19,12.1,772.5,0.04,102.5,35.1,137.6,143.3,2.7,0.27,16.9,1080.0,0.06,143.4,49.1,192.5,395.4,7.5,0.75,46.7,2984.0,0.17,395.9,135.7,531.5,37.99,0.0,0.0,37.99,42.19,0.0,0.0,42.19,0.0,0.0,0.0,3717.4,2644.7,0.0,0.0,0.0,0.0,0.0,100.4,1072.7,0.0,0.0,0.0,0.0,0.0,0.0,2277.9,266.3,0.0
2050-08-14 19:00:00,2050-08-14 17:00:00,3902.1,0.0,0.0,10.7,3912.8,3686.2,2333.7,0.0,1640.0,0.0553,0.102,battery,gas-ct,70.0,1.3,0.13,8.3,528.3,0.03,70.1,24.0,94.1,75.7,1.4,0.14,9.0,571.5,0.03,75.8,26.0,101.8,148.0,2.8,0.28,17.5,1115.7,0.06,148.2,50.8,198.9,663.9,12.5,1.25,78.4,5009.5,0.29,664.6,227.8,892.3,57.99,0.0,0.0,57.99,64.58,0.0,0.0,64.58,0.0,0.0,0.0,5552.7,1579.1,2900.9,0.0,0.0,0.0,0.0,57.8,1072.7,0.0,0.0,0.0,0.0,0.0,0.0,1312.6,208.6,0.0
2050-08-14 20:00:00,2050-08-14 18:00:00,3971.6,0.0,0.0,3.4,3974.9,3748.5,3765.5,0.0,518.5,0.0562,0.1039,battery,gas-ct,86.5,1.6,0.16,10.2,652.9,0.04,86.6,29.7,116.3,93.9,1.8,0.18,11.1,708.5,0.04,94.0,32.2,126.2,176.3,3.3,0.33,20.8,1329.1,0.08,176.5,60.5,236.9,648.7,12.2,1.22,76.6,4895.5,0.28,649.4,222.6,872.0,57.99,1914.78,0.0,1972.77,64.71,2136.7,0.0,2201.41,0.0,0.0,0.0,4493.4,209.5,3211.2,0.0,0.0,0.0,0.0,0.7,1072.7,0.0,0.0,0.0,0.0,0.0,0.0,15.9,192.9,0.0
2050-08-14 21:00:00,2050-08-14 19:00:00,3912.6,0.0,0.0,0.5,3913.1,3695.6,3797.2,0.0,71.0,0.0555,0.1023,battery,gas-ct,97.6,1.8,0.18,11.5,736.3,0.04,97.7,33.5,131.2,105.5,2.0,0.2,12.5,796.0,0.05,105.6,36.2,141.8,156.6,3.0,0.3,18.5,1180.5,0.07,156.8,53.7,210.5,690.2,13.0,1.3,81.5,5208.4,0.3,690.9,236.8,927.8,65.74,2353.58,0.0,2419.32,73.23,2621.85,0.0,2695.08,0.0,0.0,0.0,3984.1,115.9,2795.4,0.0,0.0,0.0,0.0,0.0,1072.7,0.0,0.0,0.0,0.0,0.0,0.0,0.0,115.9,0.0
2050-08-14 22:00:00,2050-08-14 20:00:00,3711.6,0.0,0.0,6.7,3718.3,3514.6,3669.1,0.0,1033.5,0.0531,0.0971,battery,gas-ct,81.8,1.5,0.15,9.7,617.4,0.04,81.9,28.1,110.0,88.8,1.7,0.17,10.5,669.8,0.04,88.9,30.5,119.3,156.0,2.9,0.3,18.4,1175.9,0.07,156.2,53.5,209.7,735.9,13.9,1.39,86.9,5553.5,0.32,736.7,252.5,989.2,57.99,2279.23,0.0,2337.22,64.23,2524.23,0.0,2588.46,0.0,0.0,0.0,4751.8,49.2,3629.9,0.0,0.0,0.0,0.0,0.0,1072.7,0.0,0.0,0.0,0.0,0.0,0.0,0.0,49.2,0.0
2050-08-14 23:00:00,2050-08-14 21:00:00,3425.3,0.0,0.0,9.4,3434.7,3255.0,3422.4,0.0,1446.0,0.0497,0.0896,battery,gas-ct,79.7,1.5,0.15,9.4,601.1,0.03,79.7,27.3,107.1,86.2,1.6,0.16,10.2,650.6,0.04,86.3,29.6,115.9,156.2,2.9,0.3,18.5,1177.2,0.07,156.3,53.6,209.9,638.6,12.0,1.2,75.4,4818.7,0.28,639.2,219.1,858.3,57.99,1070.46,0.0,1128.45,63.7,1175.78,0.0,1239.48,0.0,0.0,0.0,4880.6,12.2,3795.7,0.0,0.0,0.0,0.0,0.0,1072.7,0.0,0.0,0.0,0.0,0.0,0.0,0.0,12.2,0.0
2050-08-15 00:00:00,2050-08-14 22:00:00,3160.0,0.0,0.0,10.3,3170.3,3012.6,3161.8,0.0,1582.2,0.0467,0.0826,battery,gas-cc,81.8,1.5,0.15,9.7,617.3,0.04,81.9,28.1,110.0,88.2,1.7,0.17,10.4,665.4,0.04,88.3,30.3,118.5,154.8,2.9,0.29,18.3,1166.7,0.07,154.9,53.1,208.0,454.0,8.6,0.86,53.6,3426.3,0.2,454.5,155.8,610.3,52.34,0.0,0.0,52.34,57.06,0.0,0.0,57.06,0.0,0.0,0.0,4752.5,8.5,3671.3,0.0,0.0,0.0,0.0,0.0,1072.7,0.0,0.0,0.0,0.0,0.0,0.0,0.0,8.5,0.0
2050-08-15 01:00:00,2050-08-14 23:00:00,2837.9,0.0,0.0,6.3,2844.2,2715.7,2837.8,0.0,968.3,0.043,0.0742,gas-cc,gas-cc,102.0,1.9,0.19,12.0,769.5,0.04,102.1,35.0,137.1,108.7,2.0,0.2,12.9,820.7,0.05,108.9,37.3,146.2,157.0,3.0,0.3,18.6,1183.7,0.07,157.2,53.8,211.0,449.9,8.5,0.85,53.1,3395.1,0.2,450.4,154.4,604.8,52.34,0.0,0.0,52.34,56.54,0.0,0.0,56.54,0.0,0.0,0.0,3812.5,6.4,2733.3,0.0,0.0,0.0,0.0,0.0,1072.7,0.0,0.0,0.0,0.0,0.0,0.0,0.0,6.4,0.0
2050-08-15 02:00:00,2050-08-15 00:00:00,2541.1,0.0,0.0,6.7,2547.7,2439.8,2533.5,0.0,1027.7,0.0399,0.0665,gas-ct,gas-ct,108.7,2.0,0.2,12.8,820.5,0.05,108.8,37.3,146.2,115.4,2.2,0.22,13.6,870.6,0.05,115.5,39.6,155.1,154.4,2.9,0.29,18.2,1164.0,0.07,154.6,52.9,207.5,585.4,11.0,1.1,69.2,4417.7,0.25,586.0,200.9,786.9,52.21,0.0,0.0,52.21,55.92,0.0,0.0,55.92,0.0,0.0,0.0,3575.4,14.2,2488.5,0.0,0.0,0.0,0.0,0.0,1072.7,0.0,0.0,0.0,0.0,0.0,0.0,0.0,14.2,0.0
2050-08-15 03:00:00,2050-08-15 01:00:00,2309.5,0.0,0.0,7.3,2316.8,2222.9,2305.5,511.3,0.0,0.0375,0.0604,battery,gas-ct,215.3,4.1,0.41,25.4,1624.8,0.09,215.6,73.9,289.4,187.1,3.5,0.35,22.2,1411.8,0.08,187.3,64.3,251.5,185.2,3.5,0.35,21.9,1396.4,0.08,185.4,63.5,248.9,581.6,11.0,1.1,68.7,4389.2,0.25,582.3,199.6,781.9,49.33,0.0,0.0,49.33,52.5,0.0,0.0,52.5,0.0,0.0,0.0,1805.5,11.3,721.4,0.0,0.0,0.0,0.0,0.0,1072.7,0.0,0.0,0.0,0.0,0.0,0.0,0.0,11.3,0.0
2050-08-15 04:00:00,2050-08-15 02:00:00,2142.1,0.0,0.0,10.7,2152.8,2065.2,2132.8,1028.0,0.0,0.0359,0.056,gas-ct,gas-ct,345.6,6.5,0.65,40.8,2608.1,0.15,346.0,118.6,464.6,243.6,4.6,0.46,29.3,1839.5,0.12,243.9,84.1,328.0,155.1,2.9,0.29,18.3,1168.9,0.07,155.2,53.2,208.4,578.9,10.9,1.09,68.4,4368.9,0.25,579.6,198.7,778.2,49.33,0.0,0.0,49.33,52.26,0.0,0.0,52.26,0.0,0.0,0.0,1124.8,20.0,32.1,0.0,0.0,0.0,0.0,0.0,1072.7,0.0,0.0,0.0,0.0,0.0,0.0,0.0,20.0,0.0
2050-08-15 05:00:00,2050-08-15 03:00:00,2044.2,0.0,0.0,6.9,2051.1,1972.7,2029.7,445.3,0.0,0.035,0.0535,battery,gas-ct,242.1,4.6,0.46,28.6,1826.9,0.1,242.4,83.1,325.4,202.3,3.8,0.38,23.9,1526.6,0.09,202.5,69.4,271.9,205.4,3.9,0.39,24.3,1549.0,0.09,205.6,70.4,276.1,586.2,11.0,1.1,69.3,4423.9,0.25,586.9,201.2,788.0,49.33,0.0,0.0,49.33,52.12,0.0,0.0,52.12,0.0,0.0,0.0,1605.8,21.4,511.7,0.0,0.0,0.0,0.0,0.0,1072.7,0.0,0.0,0.0,0.0,0.0,0.0,0.0,21.4,0.0
2050-08-15 06:00:00,2050-08-15 04:00:00,2007.4,0.0,0.0,10.0,2017.4,1937.8,1998.9,926.2,0.0,0.0346,0.0525,gas-cc,gas-cc,356.3,6.7,0.67,42.1,2688.5,0.15,356.7,122.2,478.9,251.1,4.7,0.47,30.1,1895.7,0.12,251.3,86.7,338.0,277.9,5.2,0.52,32.8,2097.0,0.12,278.2,95.4,373.6,431.8,8.1,0.81,51.0,3258.1,0.19,432.2,148.1,580.4,45.84,0.0,0.0,45.84,48.38,0.0,0.0,48.38,0.0,0.0,0.0,1091.2,18.5,0.0,0.0,0.0,0.0,0.0,0.0,1072.7,0.0,0.0,0.0,0.0,0.0,0.0,0.0,18.5,0.0
2050-08-15 07:00:00,2050-08-15 05:00:00,2026.3,0.0,0.0,10.1,2036.5,1955.8,2016.3,943.5,0.0,0.0348,0.053,gas-cc,gas-cc,355.7,6.7,0.67,42.0,2684.2,0.15,356.1,122.1,478.1,239.2,4.5,0.45,28.7,1805.9,0.11,239.4,82.6,322.0,251.4,4.7,0.47,29.7,1896.3,0.11,251.6,86.2,337.9,414.1,7.8,0.78,48.9,3124.5,0.18,414.5,142.1,556.6,42.82,0.0,0.0,42.82,45.22,0.0,0.0,45.22,0.0,0.0,0.0,1092.9,20.2,0.0,0.0,0.0,0.0,0.0,0.7,1072.7,0.0,0.0,0.0,0.0,0.0,0.0,15.9,3.6,0.0
2050-08-15 08:00:00,2050-08-15 06:00:00,2080.0,1609.5,0.0,12.1,3701.5,2006.6,1244.6,1243.2,0.0,0.0353,0.0544,gas-cc,gas-cc,0.2,0.0,0.0,0.0,1.7,0.0,0.2,0.1,0.3,0.2,0.0,0.0,0.4,2.0,0.01,0.2,0.4,0.6,176.8,3.3,0.33,20.9,1333.2,0.08,177.0,60.6,237.6,383.2,7.2,0.72,45.3,2892.0,0.17,383.7,131.5,515.2,33.36,0.0,0.0,33.36,35.27,0.0,0.0,35.27,0.0,0.0,0.0,2458.4,2456.9,0.0,0.0,0.0,0.0,0.0,102.9,1.5,0.0,0.0,0.0,0.0,0.0,0.0,2336.1,17.9,0.0
2050-08-15 09:00:00,2050-08-15 07:00:00,2252.6,2431.9,0.0,15.0,4699.6,2169.4,-1922.5,0.0,1922.5,0.0369,0.0589,battery,gas-cc,0.0,0.0,0.0,0.0,0.0,0.0,0.0,0.0,0.0,0.0,0.0,0.0,0.0,0.0,0.0,0.0,0.0,0.0,140.7,2.7,0.27,16.6,1060.6,0.06,140.8,48.2,189.1,298.7,5.6,0.56,35.3,2254.4,0.13,299.1,102.5,401.6,18.26,0.0,0.0,18.26,19.4,0.0,0.0,19.4,0.0,0.0,0.0,6622.0,6622.0,0.0,0.0,0.0,0.0,0.0,278.6,0.0,0.0,0.0,0.0,0.0,0.0,0.0,6323.3,20.1,0.0
2050-08-15 10:00:00,2050-08-15 08:00:00,2476.8,3611.4,0.0,28.9,6117.1,2379.8,-2816.0,0.0,2816.0,0.0392,0.0648,battery,upv,0.0,0.0,0.0,0.0,0.0,0.0,0.0,0.0,0.0,0.0,0.0,0.0,0.0,0.0,0.0,0.0,0.0,0.0,141.0,2.7,0.27,16.7,1063.0,0.06,141.2,48.4,189.5,0.0,0.0,0.0,0.0,0.0,0.0,0.0,0.0,0.0,0.0,0.0,0.0,0.0,0.0,0.0,0.0,0.0,9.3,0.0,9.3,8933.1,8933.1,0.0,0.0,0.0,0.0,0.0,377.1,0.0,0.0,0.0,0.0,0.0,0.0,0.0,8556.0,0.0,0.0
2050-08-15 11:00:00,2050-08-15 09:00:00,2681.1,4019.6,0.0,28.9,6729.5,2570.2,-2816.0,0.0,2816.0,0.0413,0.0701,upv,upv,0.0,0.0,0.0,0.0,0.0,0.0,0.0,0.0,0.0,0.0,0.0,0.0,0.0,0.0,0.0,0.0,0.0,0.0,141.3,2.7,0.27,16.7,1065.4,0.06,141.5,48.5,189.9,0.0,0.0,0.0,0.0,0.0,0.0,0.0,0.0,0.0,0.0,0.0,0.0,0.0,0.0,0.0,0.0,0.0,9.4,28.6,38.0,9545.5,9545.5,0.0,0.0,0.0,0.0,0.0,404.2,0.0,0.0,0.0,0.0,0.0,0.0,0.0,9141.3,0.0,0.0
2050-08-15 12:00:00,2050-08-15 10:00:00,2868.4,4019.6,0.0,28.9,6916.9,2744.0,-2816.0,0.0,2816.0,0.0434,0.075,upv,upv,0.0,0.0,0.0,0.0,0.0,0.0,0.0,0.0,0.0,0.0,0.0,0.0,0.0,0.0,0.0,0.0,0.0,0.0,141.6,2.7,0.27,16.7,1067.7,0.06,141.8,48.6,190.3,0.0,0.0,0.0,0.0,0.0,0.0,0.0,0.0,0.0,0.0,0.0,0.0,0.0,0.0,0.0,0.0,0.0,10.5,36.9,47.5,9732.9,9732.9,0.0,0.0,0.0,0.0,0.0,412.5,0.0,0.0,0.0,0.0,0.0,0.0,0.0,9320.4,0.0,0.0
2050-08-15 13:00:00,2050-08-15 11:00:00,3000.0,4019.4,0.0,28.9,7048.2,2865.5,-2816.0,0.0,2816.0,0.0448,0.0785,battery,upv,0.0,0.0,0.0,0.0,0.0,0.0,0.0,0.0,0.0,0.0,0.0,0.0,0.0,0.0,0.0,0.0,0.0,0.0,141.8,2.7,0.27,16.8,1069.3,0.06,142.0,48.6,190.6,0.0,0.0,0.0,0.0,0.0,0.0,0.0,0.0,0.0,0.0,0.0,0.0,0.0,0.0,0.0,0.0,0.0,9.5,0.0,9.5,9864.3,9864.3,0.0,0.0,0.0,0.0,0.0,416.5,0.0,0.0,0.0,0.0,0.0,0.0,0.0,9447.8,0.0,0.0
2050-08-15 14:00:00,2050-08-15 12:00:00,3147.4,3804.5,0.0,28.9,6980.7,3001.0,-2816.0,0.0,2816.0,0.0465,0.0823,battery,upv,0.0,0.0,0.0,0.0,0.0,0.0,0.0,0.0,0.0,0.0,0.0,0.0,0.0,0.0,0.0,0.0,0.0,0.0,142.1,2.7,0.27,16.8,1071.2,0.06,142.2,48.7,191.0,0.0,0.0,0.0,0.0,0.0,0.0,0.0,0.0,0.0,0.0,0.0,0.0,0.0,0.0,0.0,0.0,0.0,11.8,0.0,11.8,9796.8,9796.8,0.0,0.0,0.0,0.0,0.0,413.6,0.0,0.0,0.0,0.0,0.0,0.0,0.0,9383.2,0.0,0.0
2050-08-15 15:00:00,2050-08-15 13:00:00,3314.7,2786.9,0.0,28.9,6130.5,3154.2,-2816.0,0.0,2816.0,0.0484,0.0867,wind-ons,wind-ons,0.0,0.0,0.0,0.0,0.0,0.0,0.0,0.0,0.0,0.0,0.0,0.0,0.0,0.0,0.0,0.0,0.0,0.0,142.4,2.7,0.27,16.8,1073.4,0.06,142.5,48.8,191.4,0.0,0.0,0.0,0.0,0.0,0.0,0.0,0.0,0.0,0.0,0.0,0.0,0.0,0.0,0.0,0.0,0.0,101.4,0.0,101.4,8946.6,8946.6,0.0,0.0,0.0,0.0,0.0,377.5,0.0,0.0,0.0,0.0,0.0,0.0,0.0,8568.9,0.1,0.0
2050-08-15 16:00:00,2050-08-15 14:00:00,3464.2,2431.9,0.0,11.9,5908.0,3290.4,-1721.0,0.0,1721.0,0.0502,0.0906,gas-cc,gas-cc,0.0,0.0,0.0,0.0,0.0,0.0,0.0,0.0,0.0,0.0,0.0,0.0,0.0,0.0,0.0,0.0,0.0,0.0,142.6,2.7,0.27,16.9,1075.3,0.06,142.8,48.9,191.7,386.8,7.3,0.73,45.7,2919.1,0.17,387.2,132.7,520.0,23.59,0.0,0.0,23.59,25.94,0.0,0.0,25.94,0.0,0.0,0.0,7629.0,7629.0,0.0,0.0,0.0,0.0,0.0,312.7,0.0,0.0,0.0,0.0,0.0,0.0,0.0,7095.5,220.8,0.0
2050-08-15 17:00:00,2050-08-15 15:00:00,3601.1,2431.9,0.0,8.4,6041.4,3414.6,682.1,682.1,0.0,0.0518,0.0942,battery,gas-cc,0.0,0.0,0.0,0.0,0.0,0.0,0.0,0.0,0.0,0.0,0.0,0.0,0.0,0.1,0.0,0.0,0.0,0.0,142.3,2.7,0.27,16.8,1072.7,0.06,142.4,48.8,191.2,404.2,7.6,0.76,47.7,3049.9,0.18,404.6,138.7,543.3,31.99,0.0,0.0,31.99,35.31,0.0,0.0,35.31,0.0,0.0,0.0,5359.3,5359.3,0.0,0.0,0.0,0.0,0.0,219.1,0.0,0.0,0.0,0.0,0.0,0.0,0.0,4969.5,170.7,0.0
2050-08-15 18:00:00,2050-08-15 16:00:00,3757.9,0.0,0.0,3.1,3761.0,3556.4,589.7,0.0,483.1,0.0536,0.0983,gas-cc,gas-cc,91.6,1.7,0.17,10.8,691.2,0.04,91.7,31.4,123.1,96.8,1.8,0.18,11.4,730.4,0.04,96.9,33.2,130.1,143.2,2.7,0.27,16.9,1079.3,0.06,143.3,49.1,192.4,390.1,7.4,0.74,46.1,2944.0,0.17,390.5,133.9,524.4,38.98,0.0,0.0,38.98,43.22,0.0,0.0,43.22,0.0,0.0,0.0,4244.1,3171.4,0.0,0.0,0.0,0.0,0.0,128.5,1072.7,0.0,0.0,0.0,0.0,0.0,0.0,2916.1,126.8,0.0
2050-08-15 19:00:00,2050-08-15 17:00:00,3871.6,0.0,0.0,7.0,3878.6,3658.7,3148.4,0.0,1082.2,0.055,0.1012,battery,gas-cc,78.4,1.5,0.15,9.3,591.4,0.03,78.5,26.9,105.3,84.9,1.6,0.16,10.0,640.7,0.04,85.0,29.1,114.1,162.3,3.1,0.31,19.2,1224.1,0.07,162.5,55.7,218.2,563.8,10.6,1.06,66.6,4254.9,0.24,564.5,193.5,757.9,48.03,0.0,0.0,48.03,53.45,0.0,0.0,53.45,0.0,0.0,0.0,4960.8,730.2,3157.9,0.0,0.0,0.0,0.0,25.7,1072.7,0.0,0.0,0.0,0.0,0.0,0.0,583.6,120.8,0.0
2050-08-15 20:00:00,2050-08-15 18:00:00,3905.3,0.0,0.0,6.8,3912.1,3689.0,3693.8,0.0,1050.3,0.0554,0.1021,battery,gas-cc,78.3,1.5,0.15,9.3,591.2,0.03,78.4,26.9,105.3,85.2,1.6,0.16,10.1,643.2,0.04,85.3,29.3,114.6,164.0,3.1,0.31,19.4,1236.4,0.07,164.2,56.2,220.4,564.4,10.6,1.06,66.7,4259.1,0.24,565.0,193.7,758.7,48.03,2433.01,0.0,2481.04,53.5,2709.75,0.0,2763.24,0.0,0.0,0.0,4962.4,218.3,3671.3,0.0,0.0,0.0,0.0,0.5,1072.7,0.0,0.0,0.0,0.0,0.0,0.0,10.6,207.2,0.0
2050-08-15 21:00:00,2050-08-15 19:00:00,3807.4,0.0,0.0,9.4,3816.8,3601.0,3640.6,0.0,1451.7,0.0542,0.0996,battery,gas-ct,73.8,1.4,0.14,8.7,556.8,0.03,73.9,25.3,99.2,80.4,1.5,0.15,9.5,606.6,0.04,80.5,27.6,108.1,164.4,3.1,0.31,19.4,1239.0,0.07,164.5,56.4,220.9,607.0,11.4,1.14,71.7,4580.2,0.26,607.6,208.3,815.9,48.03,3661.85,0.0,3709.89,53.35,4066.77,0.0,4120.12,0.0,0.0,0.0,5268.5,176.2,4019.6,0.0,0.0,0.0,0.0,0.0,1072.7,0.0,0.0,0.0,0.0,0.0,0.0,0.0,176.2,0.0
2050-08-15 22:00:00,2050-08-15 20:00:00,3603.2,0.0,0.0,7.8,3611.0,3416.5,3502.3,0.0,1200.3,0.0518,0.0942,battery,gas-cc,80.8,1.5,0.15,9.5,609.7,0.04,80.9,27.7,108.6,87.5,1.6,0.16,10.4,660.7,0.04,87.6,30.1,117.7,175.4,3.3,0.33,20.7,1322.6,0.08,175.6,60.2,235.8,559.5,10.5,1.05,66.1,4221.9,0.24,560.1,192.0,752.0,48.03,2639.93,0.0,2687.96,53.03,2914.56,0.0,2967.59,0.0,0.0,0.0,4811.3,108.6,3629.9,0.0,0.0,0.0,0.0,0.0,1072.7,0.0,0.0,0.0,0.0,0.0,0.0,0.0,108.6,0.0
2050-08-15 23:00:00,2050-08-15 21:00:00,3320.0,0.0,0.0,8.4,3328.4,3159.0,3221.7,0.0,1298.4,0.0485,0.0868,gas-cc,gas-cc,84.0,1.6,0.16,9.9,634.0,0.04,84.1,28.8,112.9,90.6,1.7,0.17,10.7,683.7,0.04,90.7,31.1,121.8,167.4,3.2,0.32,19.8,1262.3,0.07,167.6,57.4,225.0,552.6,10.4,1.04,65.3,4169.8,0.24,553.2,189.6,742.8,48.03,1073.69,0.0,1121.72,52.6,1175.77,0.0,1228.37,0.0,0.0,0.0,4626.9,106.7,3447.4,0.0,0.0,0.0,0.0,0.0,1072.7,0.0,0.0,0.0,0.0,0.0,0.0,0.0,106.7,0.0
2050-08-16 00:00:00,2050-08-15 22:00:00,2989.5,0.0,0.0,7.2,2996.6,2855.8,2885.4,0.0,1100.1,0.0447,0.0782,gas-ct,gas-ct,94.9,1.8,0.18,11.2,716.1,0.04,95.0,32.6,127.6,101.5,1.9,0.19,12.0,766.1,0.04,101.6,34.8,136.5,199.9,3.8,0.38,23.6,1507.4,0.09,200.1,68.6,268.7,592.9,11.2,1.12,70.0,4473.9,0.26,593.5,203.4,796.9,54.89,0.0,0.0,54.89,59.54,0.0,0.0,59.54,0.0,0.0,0.0,4096.7,111.2,2912.7,0.0,0.0,0.0,0.0,0.0,1072.7,0.0,0.0,0.0,0.0,0.0,0.0,0.0,111.2,0.0
2050-08-16 01:00:00,2050-08-15 23:00:00,2698.9,0.0,0.0,6.6,2705.5,2586.8,2537.0,0.0,1012.2,0.0415,0.0706,gas-ct,gas-ct,104.6,2.0,0.2,12.4,789.1,0.05,104.7,35.9,140.6,111.1,2.1,0.21,13.1,838.7,0.05,111.3,38.1,149.4,194.1,3.7,0.37,22.9,1463.6,0.08,194.3,66.6,260.9,577.2,10.9,1.09,68.2,4355.5,0.25,577.8,198.0,775.8,54.43,0.0,0.0,54.43,58.56,0.0,0.0,58.56,0.0,0.0,0.0,3717.7,168.6,2476.4,0.0,0.0,0.0,0.0,0.0,1072.7,0.0,0.0,0.0,0.0,0.0,0.0,0.0,168.6,0.0
2050-08-16 02:00:00,2050-08-16 00:00:00,2345.3,0.0,0.0,8.0,2353.2,2256.5,2279.5,0.0,1225.2,0.0379,0.0613,gas-ct,gas-ct,108.6,2.0,0.2,12.8,819.8,0.05,108.8,37.3,146.0,115.0,2.2,0.22,13.6,867.7,0.05,115.1,39.5,154.6,155.9,2.9,0.3,18.4,1175.6,0.07,156.1,53.5,209.6,570.9,10.8,1.08,67.4,4308.3,0.25,571.5,195.9,767.4,50.64,0.0,0.0,50.64,53.95,0.0,0.0,53.95,0.0,0.0,0.0,3578.4,73.8,2431.9,0.0,0.0,0.0,0.0,0.0,1072.7,0.0,0.0,0.0,0.0,0.0,0.0,0.0,73.8,0.0
2050-08-16 03:00:00,2050-08-16 01:00:00,2072.6,0.0,0.0,7.7,2080.3,1999.6,2063.4,565.4,0.0,0.0352,0.0542,gas-cc,gas-cc,256.6,4.8,0.48,30.3,1936.5,0.11,256.9,88.1,345.0,208.0,3.9,0.39,24.7,1569.6,0.09,208.2,71.5,279.7,246.9,4.7,0.47,29.2,1862.2,0.11,247.1,84.7,331.8,414.6,7.8,0.78,49.0,3128.5,0.18,415.0,142.3,557.3,42.82,0.0,0.0,42.82,45.27,0.0,0.0,45.27,0.0,0.0,0.0,1514.9,16.9,425.3,0.0,0.0,0.0,0.0,0.0,1072.7,0.0,0.0,0.0,0.0,0.0,0.0,0.0,16.9,0.0
2050-08-16 04:00:00,2050-08-16 02:00:00,1891.6,0.0,0.0,7.2,1898.8,1827.9,1888.9,497.1,0.0,0.0336,0.0495,gas-cc,gas-cc,277.4,5.2,0.52,32.8,2093.0,0.12,277.7,95.2,372.8,223.6,4.2,0.42,26.5,1687.5,0.1,223.8,76.8,300.6,316.8,6.0,0.6,37.4,2390.3,0.14,317.1,108.7,425.8,412.5,7.8,0.78,48.7,3112.9,0.18,413.0,141.5,554.5,42.82,0.0,0.0,42.82,45.05,0.0,0.0,45.05,0.0,0.0,0.0,1401.7,9.9,319.0,0.0,0.0,0.0,0.0,0.0,1072.7,0.0,0.0,0.0,0.0,0.0,0.0,0.0,9.9,0.0
2050-08-16 05:00:00,2050-08-16 03:00:00,1765.3,0.0,0.0,8.5,1773.8,1707.7,1769.1,696.4,0.0,0.0326,0.0462,gas-cc,gas-cc,360.8,6.8,0.68,42.6,2722.9,0.16,361.2,123.8,485.0,254.9,4.8,0.48,30.4,1923.9,0.12,255.1,87.8,342.9,283.7,5.3,0.54,33.5,2140.7,0.12,284.0,97.3,381.4,411.1,7.7,0.77,48.6,3102.2,0.18,411.5,141.1,552.6,42.82,0.0,0.0,42.82,44.89,0.0,0.0,44.89,0.0,0.0,0.0,1077.4,4.6,0.0,0.0,0.0,0.0,0.0,0.0,1072.7,0.0,0.0,0.0,0.0,0.0,0.0,0.0,4.6,0.0
2050-08-16 06:00:00,2050-08-16 04:00:00,1747.4,0.0,0.0,8.4,1755.7,1690.6,1742.7,669.9,0.0,0.0325,0.0457,gas-cc,gas-cc,358.0,6.7,0.67,42.3,2701.9,0.16,358.4,122.9,481.3,254.7,4.8,0.48,30.4,1922.9,0.12,255.0,87.7,342.7,273.3,5.2,0.52,32.3,2061.8,0.12,273.6,93.8,367.3,410.9,7.7,0.77,48.5,3100.6,0.18,411.3,141.0,552.3,42.82,0.0,0.0,42.82,44.87,0.0,0.0,44.87,0.0,0.0,0.0,1085.8,13.0,0.0,0.0,0.0,0.0,0.0,0.0,1072.7,0.0,0.0,0.0,0.0,0.0,0.0,0.0,13.0,0.0
2050-08-16 07:00:00,2050-08-16 05:00:00,1793.7,0.0,0.0,8.6,1802.3,1734.8,1777.8,705.0,0.0,0.0329,0.0469,hydro,gas-cc,354.3,6.7,0.67,41.9,2673.7,0.15,354.7,121.6,476.3,245.8,4.6,0.46,29.4,1855.4,0.11,246.0,84.7,330.7,211.9,4.0,0.4,25.0,1598.6,0.09,212.2,72.7,284.9,415.7,7.8,0.78,49.1,3136.6,0.18,416.1,142.6,558.7,42.82,0.0,0.0,42.82,44.93,0.0,0.0,44.93,0.0,0.0,0.0,1097.2,24.5,0.0,0.0,0.0,0.0,0.0,0.1,1072.7,0.0,0.0,0.0,0.0,0.0,0.0,1.3,23.1,0.0
2050-08-16 08:00:00,2050-08-16 06:00:00,1912.6,456.5,0.0,11.0,2380.1,1847.9,1080.3,1080.3,0.0,0.0338,0.05,gas-cc,gas-cc,0.0,0.0,0.0,0.0,0.0,0.0,0.0,0.0,0.0,0.0,0.0,0.0,0.4,1.0,0.01,0.0,0.4,0.4,140.2,2.6,0.27,16.6,1057.2,0.06,140.4,48.1,188.5,370.3,7.0,0.7,43.7,2794.4,0.16,370.7,127.1,497.8,22.62,0.0,0.0,22.62,23.81,0.0,0.0,23.81,0.0,0.0,0.0,1299.9,1299.9,0.0,0.0,0.0,0.0,0.0,54.1,0.0,0.0,0.0,0.0,0.0,0.0,0.0,1227.8,17.9,0.0
2050-08-16 09:00:00,2050-08-16 07:00:00,2095.8,2077.7,0.0,12.1,4185.6,2021.5,1243.2,1243.2,0.0,0.0354,0.0548,battery,gas-cc,0.0,0.0,0.0,0.0,0.0,0.0,0.0,0.0,0.0,0.0,0.0,0.0,0.2,0.5,0.0,0.0,0.2,0.2,140.5,2.7,0.27,16.6,1058.9,0.06,140.6,48.2,188.8,335.0,6.3,0.63,39.6,2527.7,0.15,335.3,114.9,450.3,22.62,0.0,0.0,22.62,23.93,0.0,0.0,23.93,0.0,0.0,0.0,2942.5,2942.5,0.0,0.0,0.0,0.0,0.0,123.6,0.0,0.0,0.0,0.0,0.0,0.0,0.0,2804.6,14.3,0.0
2050-08-16 10:00:00,2050-08-16 08:00:00,2302.1,2431.9,0.0,10.4,4744.4,2215.9,-88.7,445.3,534.0,0.0374,0.0602,wind-ons,wind-ons,0.0,0.0,0.0,0.0,0.0,0.0,0.0,0.0,0.0,0.0,0.0,0.0,0.0,0.0,0.0,0.0,0.0,0.0,140.7,2.7,0.27,16.6,1061.1,0.06,140.9,48.3,189.2,0.0,0.0,0.0,0.0,0.0,0.0,0.0,0.0,0.0,4.9,0.0,0.0,4.9,5.21,0.0,0.0,5.21,0.0,0.0,0.0,4833.0,4833.0,0.0,0.0,0.0,0.0,0.0,202.5,0.0,0.0,0.0,0.0,0.0,0.0,0.0,4594.7,35.9,0.0
2050-08-16 11:00:00,2050-08-16 09:00:00,2386.3,2431.9,0.0,14.1,4832.3,2295.0,-1416.6,223.3,1640.0,0.0383,0.0624,battery,upv,0.0,0.0,0.0,0.0,0.0,0.0,0.0,0.0,0.0,0.0,0.0,0.0,0.0,0.0,0.0,0.0,0.0,0.0,140.9,2.7,0.27,16.6,1062.2,0.06,141.0,48.3,189.4,0.0,0.0,0.0,0.0,0.0,0.0,0.0,0.0,0.0,4.86,0.0,0.0,4.86,5.18,0.0,0.0,5.18,0.0,0.0,0.0,6249.0,6249.0,0.0,0.0,0.0,0.0,0.0,262.2,0.0,0.0,0.0,0.0,0.0,0.0,0.0,5948.5,38.3,0.0
2050-08-16 12:00:00,2050-08-16 10:00:00,2428.4,2984.6,0.0,12.0,5425.1,2334.5,-1729.6,0.0,1729.6,0.0387,0.0635,battery,wind-ons,0.0,0.0,0.0,0.0,0.0,0.0,0.0,0.0,0.0,0.0,0.0,0.0,0.0,0.0,0.0,0.0,0.0,0.0,140.9,2.7,0.27,16.7,1062.5,0.06,141.1,48.3,189.4,0.0,0.0,0.0,0.0,0.0,0.0,0.0,0.0,0.0,4.54,0.0,0.0,4.54,4.85,0.0,0.0,4.85,0.0,0.0,0.0,7154.7,7154.7,0.0,0.0,0.0,0.0,0.0,299.9,0.0,0.0,0.0,0.0,0.0,0.0,0.0,6804.7,50.0,0.0
2050-08-16 13:00:00,2050-08-16 11:00:00,2480.0,3241.3,0.0,21.3,5742.6,2382.7,-2327.4,0.0,2327.4,0.0392,0.0649,wind-ons,wind-ons,0.0,0.0,0.0,0.0,0.0,0.0,0.0,0.0,0.0,0.0,0.0,0.0,0.0,0.0,0.0,0.0,0.0,0.0,141.0,2.7,0.27,16.7,1063.1,0.06,141.2,48.4,189.5,0.0,0.0,0.0,0.0,0.0,0.0,0.0,0.0,0.0,4.54,0.0,0.0,4.54,4.85,0.0,0.0,4.85,0.0,0.0,0.0,8070.1,8070.1,0.0,0.0,0.0,0.0,0.0,338.9,0.0,0.0,0.0,0.0,0.0,0.0,0.0,7690.1,41.1,0.0
2050-08-16 14:00:00,2050-08-16 12:00:00,2538.9,3976.7,0.0,26.8,6542.4,2437.8,-2680.7,0.0,2680.7,0.0398,0.0664,battery,distpv,0.0,0.0,0.0,0.0,0.0,0.0,0.0,0.0,0.0,0.0,0.0,0.0,0.0,0.0,0.0,0.0,0.0,0.0,141.1,2.7,0.27,16.7,1063.8,0.06,141.3,48.4,189.6,0.0,0.0,0.0,0.0,0.0,0.0,0.0,0.0,0.0,4.54,0.0,0.0,4.54,4.86,0.0,0.0,4.86,0.0,0.0,0.0,9223.1,9223.1,0.0,0.0,0.0,0.0,0.0,387.6,0.0,0.0,0.0,0.0,0.0,0.0,0.0,8795.1,40.4,0.0
2050-08-16 15:00:00,2050-08-16 13:00:00,2642.1,4019.6,0.0,28.9,6690.6,2534.0,-2816.0,0.0,2816.0,0.0409,0.0691,upv,upv,0.0,0.0,0.0,0.0,0.0,0.0,0.0,0.0,0.0,0.0,0.0,0.0,0.0,0.0,0.0,0.0,0.0,0.0,141.3,2.7,0.27,16.7,1065.0,0.06,141.4,48.4,189.9,0.0,0.0,0.0,0.0,0.0,0.0,0.0,0.0,0.0,0.0,0.0,0.0,0.0,0.0,0.0,0.0,0.0,0.0,320.6,320.6,9506.6,9506.6,0.0,0.0,0.0,0.0,0.0,412.5,0.0,0.0,0.0,0.0,0.0,0.0,0.0,9043.2,50.9,0.0
2050-08-16 16:00:00,2050-08-16 14:00:00,2742.1,4019.6,0.0,28.9,6790.6,2626.9,-2816.0,0.0,2816.0,0.042,0.0717,upv,upv,0.0,0.0,0.0,0.0,0.0,0.0,0.0,0.0,0.0,0.0,0.0,0.0,0.0,0.0,0.0,0.0,0.0,0.0,141.4,2.7,0.27,16.7,1066.2,0.06,141.6,48.5,190.1,0.0,0.0,0.0,0.0,0.0,0.0,0.0,0.0,0.0,0.0,0.0,0.0,0.0,0.0,0.0,0.0,0.0,0.0,239.8,239.8,9606.6,9606.6,0.0,0.0,0.0,0.0,0.0,413.2,0.0,0.0,0.0,0.0,0.0,0.0,0.0,9136.9,56.5,0.0
2050-08-16 17:00:00,2050-08-16 15:00:00,2871.6,4019.6,0.0,24.4,6915.6,2746.9,-2528.5,0.0,2528.5,0.0434,0.0751,wind-ons,wind-ons,0.0,0.0,0.0,0.0,0.0,0.0,0.0,0.0,0.0,0.0,0.0,0.0,0.0,0.0,0.0,0.0,0.0,0.0,141.9,2.7,0.27,16.8,1069.9,0.06,142.1,48.7,190.7,0.0,0.0,0.0,0.0,0.0,0.0,0.0,0.0,0.0,4.54,0.0,0.0,4.54,4.9,0.0,0.0,4.9,0.0,0.0,0.0,9444.1,9444.1,0.0,0.0,0.0,0.0,0.0,394.8,0.0,0.0,0.0,0.0,0.0,0.0,0.0,8956.7,92.6,0.0
2050-08-16 18:00:00,2050-08-16 16:00:00,3000.0,1507.1,0.0,25.5,4532.6,2865.5,-2596.8,0.0,2596.8,0.0448,0.0785,battery,gas-cc,0.0,0.0,0.0,0.0,0.0,0.0,0.0,0.0,0.0,0.0,0.0,0.0,0.0,0.0,0.0,0.0,0.0,0.0,141.8,2.7,0.27,16.8,1069.3,0.06,142.0,48.6,190.6,343.6,6.5,0.65,40.6,2592.6,0.15,343.9,117.9,461.8,22.62,0.0,0.0,22.62,24.54,0.0,0.0,24.54,0.0,0.0,0.0,7129.4,7129.4,0.0,0.0,0.0,0.0,0.0,291.4,0.0,0.0,0.0,0.0,0.0,0.0,0.0,6614.1,223.9,0.0
2050-08-16 19:00:00,2050-08-16 17:00:00,3067.4,0.0,0.0,8.0,3075.4,2927.5,-37.6,0.0,1233.5,0.0456,0.0802,gas-cc,gas-cc,90.2,1.7,0.17,10.7,680.8,0.04,90.3,31.0,121.3,94.6,1.8,0.18,11.2,714.0,0.04,94.7,32.5,127.2,185.6,3.5,0.35,21.9,1399.6,0.08,185.8,63.7,249.5,387.1,7.3,0.73,45.7,2921.0,0.17,387.5,132.8,520.3,41.69,0.0,0.0,41.69,45.33,0.0,0.0,45.33,0.0,0.0,0.0,4308.9,3113.0,123.1,0.0,0.0,0.0,0.0,126.9,1072.7,0.0,0.0,0.0,0.0,0.0,0.0,2880.5,105.5,0.0
2050-08-16 20:00:00,2050-08-16 18:00:00,3028.4,0.0,0.0,4.7,3033.1,2891.6,2920.7,0.0,718.3,0.0452,0.0792,battery,gas-cc,103.6,2.0,0.2,12.2,782.0,0.04,103.7,35.6,139.3,110.6,2.1,0.21,13.1,834.9,0.05,110.7,38.0,148.7,166.4,3.1,0.32,19.7,1254.7,0.07,166.6,57.1,223.7,425.8,8.0,0.8,50.3,3213.5,0.18,426.3,146.1,572.4,41.69,0.0,0.0,41.69,45.28,0.0,0.0,45.28,0.0,0.0,0.0,3751.4,112.4,2566.2,0.0,0.0,0.0,0.0,0.1,1072.7,0.0,0.0,0.0,0.0,0.0,0.0,2.6,109.6,0.0
2050-08-16 21:00:00,2050-08-16 19:00:00,2994.7,0.0,0.0,3.3,2998.0,2860.6,2880.5,0.0,505.7,0.0448,0.0783,battery,gas-cc,111.0,2.1,0.21,13.1,837.3,0.05,111.1,38.1,149.1,118.2,2.2,0.22,14.0,891.8,0.05,118.3,40.6,158.9,338.4,6.4,0.64,40.0,2553.7,0.15,338.8,116.1,454.9,425.4,8.0,0.8,50.3,3210.4,0.18,425.9,146.0,571.9,41.69,0.0,0.0,41.69,45.23,0.0,0.0,45.23,0.0,0.0,0.0,3503.8,117.6,2313.5,0.0,0.0,0.0,0.0,0.0,1072.7,0.0,0.0,0.0,0.0,0.0,0.0,0.0,117.6,0.0
2050-08-16 22:00:00,2050-08-16 20:00:00,2907.4,0.0,0.0,1.0,2908.4,2780.0,2890.6,0.0,159.5,0.0438,0.076,battery,gas-cc,126.7,2.4,0.24,15.0,956.2,0.05,126.9,43.5,170.3,134.5,2.5,0.25,15.9,1015.0,0.06,134.6,46.2,180.8,343.5,6.5,0.65,40.6,2592.0,0.15,343.9,117.9,461.7,424.4,8.0,0.8,50.1,3202.4,0.18,424.8,145.6,570.5,41.69,0.0,0.0,41.69,45.12,0.0,0.0,45.12,0.0,0.0,0.0,3067.9,17.8,1977.3,0.0,0.0,0.0,0.0,0.0,1072.7,0.0,0.0,0.0,0.0,0.0,0.0,0.0,17.8,0.0
2050-08-16 23:00:00,2050-08-16 21:00:00,2742.1,0.0,0.0,8.9,2751.0,2626.9,2718.0,0.0,1371.2,0.042,0.0717,gas-cc,gas-cc,94.3,1.8,0.18,11.1,711.7,0.04,94.4,32.4,126.8,100.7,1.9,0.19,11.9,759.8,0.04,100.8,34.6,135.4,231.2,4.4,0.44,27.3,1737.0,0.1,231.4,79.1,310.5,422.4,8.0,0.8,49.9,3187.5,0.18,422.9,144.9,567.8,41.69,0.0,0.0,41.69,44.91,0.0,0.0,44.91,0.0,0.0,0.0,4122.2,33.1,3016.4,0.0,0.0,0.0,0.0,0.0,1072.7,0.0,0.0,0.0,0.0,0.0,0.0,0.0,33.1,0.0
2050-08-17 00:00:00,2050-08-16 22:00:00,2528.4,0.0,0.0,7.2,2535.6,2428.0,2495.7,0.0,1100.1,0.0397,0.0661,gas-cc,gas-cc,106.9,2.0,0.2,12.6,806.9,0.05,107.0,36.7,143.7,113.5,2.1,0.21,13.4,856.3,0.05,113.6,38.9,152.5,157.2,3.0,0.3,18.6,1185.4,0.07,157.4,53.9,211.3,419.9,7.9,0.79,49.6,3168.5,0.18,420.3,144.1,564.4,41.69,0.0,0.0,41.69,44.64,0.0,0.0,44.64,0.0,0.0,0.0,3635.7,39.9,2523.1,0.0,0.0,0.0,0.0,0.0,1072.7,0.0,0.0,0.0,0.0,0.0,0.0,0.0,39.9,0.0
2050-08-17 01:00:00,2050-08-16 23:00:00,2320.0,0.0,0.0,7.8,2327.8,2232.8,2218.5,0.0,1195.2,0.0376,0.0607,gas-cc,gas-cc,110.3,2.1,0.21,13.0,832.7,0.05,110.5,37.9,148.3,116.7,2.2,0.22,13.8,880.5,0.05,116.8,40.1,156.9,153.6,2.9,0.29,18.1,1157.6,0.07,153.7,52.7,206.4,417.4,7.9,0.79,49.3,3150.1,0.18,417.9,143.2,561.1,41.69,0.0,0.0,41.69,44.38,0.0,0.0,44.38,0.0,0.0,0.0,3523.0,109.3,2341.0,0.0,0.0,0.0,0.0,0.0,1072.7,0.0,0.0,0.0,0.0,0.0,0.0,0.0,109.3,0.0
2050-08-17 02:00:00,2050-08-17 00:00:00,2090.5,0.0,0.0,10.7,2101.2,2016.5,2028.9,0.0,1640.0,0.0354,0.0547,battery,gas-cc,103.9,2.0,0.2,12.3,784.2,0.05,104.0,35.7,139.7,109.8,2.1,0.21,13.0,828.9,0.05,110.0,37.7,147.7,191.5,3.6,0.36,22.6,1444.4,0.08,191.7,65.7,257.4,409.3,7.7,0.77,48.3,3088.5,0.18,409.7,140.4,550.1,41.69,0.0,0.0,41.69,44.1,0.0,0.0,44.1,0.0,0.0,0.0,3741.2,72.3,2596.1,0.0,0.0,0.0,0.0,0.0,1072.7,0.0,0.0,0.0,0.0,0.0,0.0,0.0,72.3,0.0
2050-08-17 03:00:00,2050-08-17 01:00:00,1953.7,0.0,0.0,9.1,1962.8,1886.9,1926.7,0.0,1405.7,0.0342,0.0511,gas-cc,gas-cc,115.4,2.2,0.22,13.6,870.9,0.05,115.5,39.6,155.1,121.5,2.3,0.23,14.4,917.1,0.05,121.7,41.7,163.4,153.2,2.9,0.29,18.1,1154.9,0.07,153.4,52.5,205.9,413.2,7.8,0.78,48.8,3118.3,0.18,413.7,141.8,555.5,41.69,0.0,0.0,41.69,43.93,0.0,0.0,43.93,0.0,0.0,0.0,3368.5,36.1,2259.7,0.0,0.0,0.0,0.0,0.0,1072.7,0.0,0.0,0.0,0.0,0.0,0.0,0.0,36.1,0.0
2050-08-17 04:00:00,2050-08-17 02:00:00,1845.3,0.0,0.0,4.2,1849.5,1783.9,1822.0,0.0,653.6,0.0333,0.0483,gas-cc,gas-cc,155.3,2.9,0.29,18.3,1172.0,0.07,155.5,53.3,208.8,162.4,3.1,0.31,19.2,1225.2,0.07,162.5,55.7,218.2,176.0,3.3,0.33,20.8,1327.0,0.08,176.2,60.4,236.5,412.0,7.8,0.78,48.7,3109.0,0.18,412.4,141.4,553.8,41.69,0.0,0.0,41.69,43.8,0.0,0.0,43.8,0.0,0.0,0.0,2503.1,27.5,1402.8,0.0,0.0,0.0,0.0,0.0,1072.7,0.0,0.0,0.0,0.0,0.0,0.0,0.0,27.5,0.0
2050-08-17 05:00:00,2050-08-17 03:00:00,1768.4,0.0,0.0,2.0,1770.4,1710.7,1740.4,0.0,306.5,0.0327,0.0462,gas-cc,gas-cc,187.2,3.5,0.35,22.1,1412.5,0.08,187.4,64.2,251.6,194.9,3.7,0.37,23.0,1470.9,0.08,195.1,66.9,262.0,152.0,2.9,0.29,18.0,1145.4,0.07,152.1,52.1,204.2,411.1,7.7,0.77,48.6,3102.4,0.18,411.6,141.1,552.6,41.69,0.0,0.0,41.69,43.71,0.0,0.0,43.71,0.0,0.0,0.0,2076.9,30.0,974.1,0.0,0.0,0.0,0.0,0.0,1072.7,0.0,0.0,0.0,0.0,0.0,0.0,0.0,30.0,0.0
2050-08-17 06:00:00,2050-08-17 04:00:00,1745.3,0.0,0.0,1.1,1746.4,1688.6,1724.2,0.0,168.9,0.0325,0.0456,gas-cc,gas-cc,203.0,3.8,0.38,24.0,1531.7,0.09,203.2,69.6,272.8,211.1,4.0,0.4,24.9,1592.9,0.09,211.3,72.4,283.8,150.0,2.8,0.28,17.7,1130.7,0.07,150.2,51.4,201.6,410.9,7.7,0.77,48.5,3100.5,0.18,411.3,141.0,552.3,41.69,0.0,0.0,41.69,43.68,0.0,0.0,43.68,0.0,0.0,0.0,1915.3,22.1,820.5,0.0,0.0,0.0,0.0,0.0,1072.7,0.0,0.0,0.0,0.0,0.0,0.0,0.0,22.1,0.0
2050-08-17 07:00:00,2050-08-17 05:00:00,1783.2,0.0,0.0,0.0,1783.2,1724.7,1763.0,0.0,0.0,0.0328,0.0466,battery,gas-cc,218.0,4.1,0.41,25.8,1645.2,0.09,218.3,74.8,293.1,226.6,4.3,0.43,26.8,1709.8,0.1,226.8,77.8,304.6,172.6,3.3,0.33,20.4,1301.3,0.08,172.8,59.2,232.0,405.8,7.6,0.76,47.9,3062.4,0.18,406.3,139.2,545.5,41.69,0.0,0.0,41.69,43.73,0.0,0.0,43.73,0.0,0.0,0.0,1783.2,20.2,690.3,0.0,0.0,0.0,0.0,0.0,1072.7,0.0,0.0,0.0,0.0,0.0,0.0,0.0,20.2,0.0
2050-08-17 08:00:00,2050-08-17 06:00:00,1876.8,1288.0,0.0,12.1,3176.9,1813.9,2315.9,1243.2,0.0,0.0335,0.0491,battery,gas-cc,201.0,3.8,0.38,23.7,1517.1,0.09,201.3,69.0,270.2,131.3,2.5,0.25,16.0,992.3,0.07,131.5,45.6,177.1,160.0,3.0,0.3,18.9,1206.2,0.07,160.1,54.9,215.0,406.9,7.7,0.77,48.1,3070.8,0.18,407.4,139.6,547.0,35.41,0.0,0.0,35.41,37.23,0.0,0.0,37.23,0.0,0.0,0.0,1933.8,861.0,0.0,0.0,0.0,0.0,0.0,35.8,1072.7,0.0,0.0,0.0,0.0,0.0,0.0,811.4,13.9,0.0
2050-08-17 09:00:00,2050-08-17 07:00:00,2030.5,2755.7,0.0,12.1,4798.3,1959.8,1988.1,1243.2,0.0,0.0349,0.0531,gas-cc,gas-cc,75.9,1.4,0.14,9.0,573.0,0.03,76.0,26.1,102.1,60.2,1.1,0.11,7.3,455.0,0.03,60.3,20.9,81.2,140.4,2.6,0.27,16.6,1058.3,0.06,140.5,48.1,188.7,382.7,7.2,0.72,45.2,2888.1,0.17,383.1,131.3,514.5,33.36,0.0,0.0,33.36,35.23,0.0,0.0,35.23,0.0,0.0,0.0,3555.1,2810.2,0.0,0.0,0.0,0.0,0.0,118.1,745.0,0.0,0.0,0.0,0.0,0.0,0.0,2680.2,11.8,0.0
2050-08-17 10:00:00,2050-08-17 08:00:00,2211.6,3427.3,0.0,12.1,5651.0,2130.8,1299.3,1243.2,0.0,0.0365,0.0578,gas-cc,gas-cc,4.6,0.1,0.01,0.5,34.8,0.0,4.6,1.6,6.2,5.2,0.1,0.01,0.8,39.7,0.01,5.2,2.0,7.2,167.5,3.2,0.32,19.8,1262.7,0.07,167.6,57.4,225.1,384.6,7.2,0.72,45.4,2902.6,0.17,385.1,132.0,517.0,33.36,0.0,0.0,33.36,35.4,0.0,0.0,35.4,0.0,0.0,0.0,4407.9,4351.7,0.0,0.0,0.0,0.0,0.0,183.0,56.1,0.0,0.0,0.0,0.0,0.0,0.0,4152.0,16.8,0.0
2050-08-17 11:00:00,2050-08-17 09:00:00,2298.9,4019.6,0.0,10.7,6329.2,2213.0,-134.8,445.3,580.1,0.0374,0.0601,battery,gas-cc,0.0,0.0,0.0,0.0,0.0,0.0,0.0,0.0,0.0,0.0,0.0,0.0,0.0,0.0,0.0,0.0,0.0,0.0,159.0,3.0,0.3,18.8,1198.6,0.07,159.1,54.5,213.7,378.3,7.1,0.71,44.7,2854.9,0.16,378.7,129.8,508.5,32.31,0.0,0.0,32.31,34.38,0.0,0.0,34.38,0.0,0.0,0.0,6463.9,6463.9,0.0,0.0,0.0,0.0,0.0,271.7,0.0,0.0,0.0,0.0,0.0,0.0,0.0,6168.2,24.0,0.0
2050-08-17 12:00:00,2050-08-17 10:00:00,2361.1,4019.6,0.0,12.4,6393.0,2271.3,-401.4,445.3,846.7,0.038,0.0617,battery,gas-cc,0.0,0.0,0.0,0.0,0.0,0.0,0.0,0.0,0.0,0.0,0.0,0.0,0.0,0.0,0.0,0.0,0.0,0.0,157.7,3.0,0.3,18.6,1188.7,0.07,157.8,54.1,211.9,379.0,7.1,0.71,44.8,2859.9,0.16,379.4,130.0,509.4,32.31,0.0,0.0,32.31,34.44,0.0,0.0,34.44,0.0,0.0,0.0,6794.4,6794.4,0.0,0.0,0.0,0.0,0.0,285.8,0.0,0.0,0.0,0.0,0.0,0.0,0.0,6484.9,23.7,0.0
2050-08-17 13:00:00,2050-08-17 11:00:00,2391.6,4019.6,0.0,9.4,6420.6,2299.9,834.2,834.2,0.0,0.0383,0.0625,battery,gas-cc,0.0,0.0,0.0,0.0,0.0,0.0,0.0,0.0,0.0,0.5,0.0,0.0,0.1,4.3,0.0,0.5,0.3,0.8,159.0,3.0,0.3,18.8,1199.0,0.07,159.2,54.5,213.7,379.3,7.1,0.71,44.8,2862.3,0.16,379.7,130.1,509.9,33.2,0.0,0.0,33.2,35.41,0.0,0.0,35.41,0.0,0.0,0.0,5586.3,5586.3,0.0,0.0,0.0,0.0,0.0,234.8,0.0,0.0,0.0,0.0,0.0,0.0,0.0,5328.1,23.5,0.0
2050-08-17 14:00:00,2050-08-17 12:00:00,2417.9,4019.6,0.0,12.1,6449.5,2324.6,1239.6,1239.6,0.0,0.0386,0.0632,battery,gas-cc,0.0,0.0,0.0,0.0,0.0,0.0,0.0,0.0,0.0,1.2,0.0,0.0,0.3,9.2,0.0,1.2,0.6,1.7,158.6,3.0,0.3,18.7,1195.9,0.07,158.8,54.4,213.2,379.6,7.2,0.72,44.8,2864.4,0.16,380.0,130.2,510.2,33.2,0.0,0.0,33.2,35.44,0.0,0.0,35.44,0.0,0.0,0.0,5209.9,5209.9,0.0,0.0,0.0,0.0,0.0,218.7,0.0,0.0,0.0,0.0,0.0,0.0,0.0,4963.0,28.2,0.0
2050-08-17 15:00:00,2050-08-17 13:00:00,2489.5,2431.9,0.0,12.1,4933.5,2391.6,1955.9,1243.2,0.0,0.0393,0.0651,gas-cc,gas-cc,70.0,1.3,0.13,8.3,528.2,0.03,70.1,24.0,94.1,56.3,1.1,0.11,6.9,425.7,0.03,56.4,19.6,76.0,141.1,2.7,0.27,16.7,1063.5,0.06,141.2,48.4,189.6,387.6,7.3,0.73,45.8,2925.2,0.17,388.1,133.0,521.1,33.36,0.0,0.0,33.36,35.68,0.0,0.0,35.68,0.0,0.0,0.0,3690.3,2977.5,0.0,0.0,0.0,0.0,0.0,122.1,712.8,0.0,0.0,0.0,0.0,0.0,0.0,2770.7,84.8,0.0
2050-08-17 16:00:00,2050-08-17 14:00:00,2601.1,1788.2,0.0,12.1,4401.3,2495.7,2315.9,1243.2,0.0,0.0405,0.068,battery,gas-cc,123.1,2.3,0.23,14.5,928.9,0.05,123.2,42.2,165.5,94.4,1.8,0.18,11.4,712.7,0.05,94.5,32.7,127.1,141.2,2.7,0.27,16.7,1064.5,0.06,141.4,48.4,189.8,415.2,7.8,0.78,49.0,3133.2,0.18,415.7,142.5,558.1,35.41,0.0,0.0,35.41,37.99,0.0,0.0,37.99,0.0,0.0,0.0,3158.1,2085.4,0.0,0.0,0.0,0.0,0.0,84.4,1072.7,0.0,0.0,0.0,0.0,0.0,0.0,1914.4,86.6,0.0
2050-08-17 17:00:00,2050-08-17 15:00:00,2752.6,0.0,0.0,1.8,2754.4,2636.7,908.6,31.2,195.3,0.0421,0.072,phs,gas-cc,133.2,2.5,0.25,15.7,1005.2,0.06,133.3,45.7,179.1,137.6,2.6,0.26,16.3,1038.3,0.06,137.7,47.2,185.0,141.4,2.7,0.27,16.7,1066.3,0.06,141.6,48.5,190.1,422.0,8.0,0.8,49.9,3184.6,0.18,422.5,144.8,567.3,37.15,0.0,0.0,37.15,40.03,0.0,0.0,40.03,0.0,0.0,0.0,2918.5,1845.8,0.0,0.0,0.0,0.0,0.0,74.3,1072.7,0.0,0.0,0.0,0.0,0.0,0.0,1686.6,84.8,0.0
2050-08-17 18:00:00,2050-08-17 16:00:00,2894.7,0.0,0.0,0.8,2895.6,2768.3,1200.9,128.2,0.0,0.0437,0.0757,gas-cc,gas-cc,140.5,2.6,0.26,16.6,1060.1,0.06,140.6,48.2,188.8,144.9,2.7,0.27,17.2,1093.4,0.06,145.0,49.8,194.8,142.2,2.7,0.27,16.8,1071.7,0.06,142.3,48.7,191.1,424.2,8.0,0.8,50.1,3201.3,0.18,424.7,145.6,570.2,42.82,0.0,0.0,42.82,46.33,0.0,0.0,46.33,0.0,0.0,0.0,2767.4,1694.7,0.0,0.0,0.0,0.0,0.0,68.7,1072.7,0.0,0.0,0.0,0.0,0.0,0.0,1560.6,65.3,0.0
2050-08-17 19:00:00,2050-08-17 17:00:00,2961.1,0.0,0.0,8.5,2969.6,2829.5,2465.7,0.0,1142.4,0.0444,0.0774,battery,gas-cc,94.5,1.8,0.18,11.2,713.4,0.04,94.6,32.4,127.1,100.8,1.9,0.19,11.9,760.9,0.04,100.9,34.6,135.5,165.2,3.1,0.31,19.5,1243.9,0.07,165.4,56.6,222.0,549.3,10.4,1.04,64.9,4145.1,0.24,549.9,188.5,738.4,48.0,0.0,0.0,48.0,52.03,0.0,0.0,52.03,0.0,0.0,0.0,4112.0,503.9,2535.3,0.0,0.0,0.0,0.0,19.6,1072.7,0.0,0.0,0.0,0.0,0.0,0.0,445.9,38.4,0.0
2050-08-17 20:00:00,2050-08-17 18:00:00,2994.7,0.0,0.0,10.7,3005.4,2860.6,2831.0,0.0,1640.0,0.0448,0.0783,battery,gas-cc,83.7,1.6,0.16,9.9,631.5,0.04,83.8,28.7,112.5,89.9,1.7,0.17,10.6,678.1,0.04,89.9,30.8,120.8,153.5,2.9,0.29,18.1,1157.4,0.07,153.7,52.7,206.4,533.4,10.1,1.01,63.0,4025.3,0.23,534.0,183.0,717.0,48.0,0.0,0.0,48.0,52.08,0.0,0.0,52.08,0.0,0.0,0.0,4645.4,174.4,3398.2,0.0,0.0,0.0,0.0,0.0,1072.7,0.0,0.0,0.0,0.0,0.0,0.0,0.0,174.4,0.0
2050-08-17 21:00:00,2050-08-17 19:00:00,3026.3,0.0,0.0,10.9,3037.2,2889.7,2937.9,0.0,1540.9,0.0451,0.0791,battery,gas-cc,84.9,1.6,0.16,10.0,640.8,0.04,85.0,29.1,114.1,91.2,1.7,0.17,10.8,688.3,0.04,91.3,31.3,122.6,154.8,2.9,0.29,18.3,1166.8,0.07,155.0,53.1,208.0,550.3,10.4,1.04,65.0,4152.7,0.24,550.9,188.8,739.7,48.0,0.0,0.0,48.0,52.12,0.0,0.0,52.12,0.0,0.0,0.0,4578.1,99.4,3406.0,0.0,0.0,0.0,0.0,0.0,1072.7,0.0,0.0,0.0,0.0,0.0,0.0,0.0,99.4,0.0
2050-08-17 22:00:00,2050-08-17 20:00:00,2932.6,0.0,0.0,9.2,2941.9,2803.3,2863.5,0.0,1420.5,0.0441,0.0767,battery,gas-cc,89.1,1.7,0.17,10.5,672.5,0.04,89.2,30.6,119.8,95.5,1.8,0.18,11.3,720.6,0.04,95.6,32.8,128.4,154.4,2.9,0.29,18.2,1163.6,0.07,154.5,52.9,207.5,548.9,10.3,1.03,64.8,4141.7,0.24,549.4,188.3,737.8,48.0,0.0,0.0,48.0,51.99,0.0,0.0,51.99,0.0,0.0,0.0,4362.3,78.4,3211.2,0.0,0.0,0.0,0.0,0.0,1072.7,0.0,0.0,0.0,0.0,0.0,0.0,0.0,78.4,0.0
2050-08-17 23:00:00,2050-08-17 21:00:00,2747.4,0.0,0.0,8.1,2755.5,2631.8,2697.7,0.0,1245.5,0.0421,0.0718,battery,gas-cc,97.2,1.8,0.18,11.5,733.2,0.04,97.3,33.3,130.6,103.6,2.0,0.2,12.3,782.0,0.05,103.7,35.6,139.3,154.1,2.9,0.29,18.2,1161.5,0.07,154.3,52.8,207.1,546.0,10.3,1.03,64.5,4120.1,0.24,546.6,187.3,733.9,48.0,0.0,0.0,48.0,51.71,0.0,0.0,51.71,0.0,0.0,0.0,4001.0,57.8,2870.5,0.0,0.0,0.0,0.0,0.0,1072.7,0.0,0.0,0.0,0.0,0.0,0.0,0.0,57.8,0.0
2050-08-18 00:00:00,2050-08-17 22:00:00,2507.4,0.0,0.0,10.7,2518.0,2408.3,2481.4,0.0,1640.0,0.0395,0.0656,battery,gas-cc,93.5,1.8,0.18,11.0,705.5,0.04,93.6,32.1,125.7,99.6,1.9,0.19,11.8,751.5,0.04,99.7,34.2,133.9,153.7,2.9,0.29,18.2,1158.3,0.07,153.8,52.7,206.5,562.0,10.6,1.06,66.4,4241.1,0.24,562.6,192.8,755.5,48.07,0.0,0.0,48.07,51.44,0.0,0.0,51.44,0.0,0.0,0.0,4158.0,36.7,3048.6,0.0,0.0,0.0,0.0,0.0,1072.7,0.0,0.0,0.0,0.0,0.0,0.0,0.0,36.7,0.0
2050-08-18 01:00:00,2050-08-17 23:00:00,2208.4,0.0,0.0,10.7,2219.1,2127.8,2205.3,0.0,1640.0,0.0365,0.0578,battery,gas-cc,100.7,1.9,0.19,11.9,760.2,0.04,100.8,34.6,135.4,106.7,2.0,0.2,12.6,805.5,0.05,106.9,36.6,143.5,158.5,3.0,0.3,18.7,1194.7,0.07,158.7,54.3,213.0,557.4,10.5,1.05,65.8,4205.9,0.24,558.0,191.2,749.2,48.07,0.0,0.0,48.07,51.02,0.0,0.0,51.02,0.0,0.0,0.0,3859.0,13.8,2772.5,0.0,0.0,0.0,0.0,0.0,1072.7,0.0,0.0,0.0,0.0,0.0,0.0,0.0,13.8,0.0
2050-08-18 02:00:00,2050-08-18 00:00:00,1953.7,0.0,0.0,10.7,1964.3,1886.9,1954.2,0.0,1640.0,0.0342,0.0511,battery,gas-cc,107.9,2.0,0.2,12.7,813.9,0.05,108.0,37.0,145.0,113.8,2.1,0.21,13.5,858.8,0.05,113.9,39.1,153.0,152.4,2.9,0.29,18.0,1149.0,0.07,152.6,52.3,204.9,459.2,8.7,0.87,54.2,3464.9,0.2,459.7,157.5,617.2,47.53,0.0,0.0,47.53,50.09,0.0,0.0,50.09,0.0,0.0,0.0,3604.3,10.2,2521.4,0.0,0.0,0.0,0.0,0.0,1072.7,0.0,0.0,0.0,0.0,0.0,0.0,0.0,10.2,0.0
2050-08-18 03:00:00,2050-08-18 01:00:00,1814.7,0.0,0.0,2.9,1817.7,1754.8,1792.6,0.0,451.8,0.033,0.0475,battery,gas-cc,171.3,3.2,0.32,20.2,1292.6,0.07,171.5,58.8,230.3,178.7,3.4,0.34,21.1,1348.6,0.08,178.9,61.3,240.2,151.8,2.9,0.29,17.9,1144.2,0.07,151.9,52.0,204.0,463.6,8.7,0.87,54.8,3498.2,0.2,464.1,159.1,623.1,47.0,0.0,0.0,47.0,49.34,0.0,0.0,49.34,0.0,0.0,0.0,2269.5,25.1,1171.7,0.0,0.0,0.0,0.0,0.0,1072.7,0.0,0.0,0.0,0.0,0.0,0.0,0.0,25.1,0.0
2050-08-18 04:00:00,2050-08-18 02:00:00,1716.8,0.0,0.0,0.4,1717.2,1661.4,1693.6,25.9,0.0,0.0323,0.0449,battery,gas-cc,229.8,4.3,0.43,27.2,1734.5,0.1,230.1,78.9,309.0,235.0,4.4,0.44,27.8,1773.2,0.1,235.2,80.6,315.9,152.3,2.9,0.29,18.0,1148.2,0.07,152.5,52.2,204.7,456.2,8.6,0.86,53.9,3442.4,0.2,456.7,156.5,613.2,47.0,0.0,0.0,47.0,49.21,0.0,0.0,49.21,0.0,0.0,0.0,1691.4,23.7,595.0,0.0,0.0,0.0,0.0,0.0,1072.7,0.0,0.0,0.0,0.0,0.0,0.0,0.0,23.7,0.0
2050-08-18 05:00:00,2050-08-18 03:00:00,1652.6,0.0,0.0,5.1,1657.7,1600.1,1645.6,329.3,0.0,0.0318,0.0432,battery,gas-cc,292.7,5.5,0.55,34.6,2208.4,0.13,293.0,100.4,393.4,242.7,4.6,0.46,28.7,1831.2,0.11,242.9,83.3,326.2,183.1,3.5,0.35,21.6,1380.6,0.08,183.3,62.8,246.1,455.4,8.6,0.86,53.8,3436.4,0.2,455.9,156.3,612.1,47.0,0.0,0.0,47.0,49.12,0.0,0.0,49.12,0.0,0.0,0.0,1328.4,12.1,243.6,0.0,0.0,0.0,0.0,0.0,1072.7,0.0,0.0,0.0,0.0,0.0,0.0,0.0,12.1,0.0
2050-08-18 06:00:00,2050-08-18 04:00:00,1636.8,0.0,0.0,4.1,1640.9,1584.9,1629.9,264.8,0.0,0.0317,0.0428,battery,gas-cc,282.5,5.3,0.53,33.4,2131.8,0.12,282.8,96.9,379.7,245.2,4.6,0.46,29.0,1850.4,0.11,245.5,84.1,329.6,161.6,3.1,0.31,19.1,1218.7,0.07,161.8,55.4,217.3,348.1,6.6,0.66,41.1,2626.6,0.15,348.4,119.4,467.9,47.0,0.0,0.0,47.0,49.1,0.0,0.0,49.1,0.0,0.0,0.0,1376.1,11.1,292.3,0.0,0.0,0.0,0.0,0.0,1072.7,0.0,0.0,0.0,0.0,0.0,0.0,0.0,11.1,0.0
2050-08-18 07:00:00,2050-08-18 05:00:00,1660.0,0.0,0.0,2.3,1662.3,1607.1,1649.0,151.1,0.0,0.0319,0.0434,battery,gas-cc,257.2,4.8,0.48,30.4,1941.2,0.11,257.5,88.3,345.8,242.3,4.6,0.46,28.6,1828.7,0.11,242.6,83.2,325.8,159.1,3.0,0.3,18.8,1199.4,0.07,159.3,54.6,213.8,444.4,8.4,0.84,52.5,3353.3,0.19,444.8,152.5,597.3,45.27,0.0,0.0,45.27,47.33,0.0,0.0,47.33,0.0,0.0,0.0,1511.3,13.4,425.2,0.0,0.0,0.0,0.0,0.1,1072.7,0.0,0.0,0.0,0.0,0.0,0.0,1.3,12.0,0.0
2050-08-18 08:00:00,2050-08-18 06:00:00,1729.5,0.0,0.0,2.2,1731.7,1673.5,732.7,0.0,340.1,0.0324,0.0452,battery,gas-cc,187.6,3.5,0.35,22.2,1416.0,0.08,187.9,64.4,252.2,193.9,3.7,0.37,22.9,1463.4,0.08,194.1,66.5,260.7,178.8,3.4,0.34,21.1,1348.5,0.08,179.0,61.3,240.3,421.5,7.9,0.79,49.8,3181.0,0.18,422.0,144.6,566.6,38.22,0.0,0.0,38.22,40.03,0.0,0.0,40.03,0.0,0.0,0.0,2071.7,999.0,0.0,0.0,0.0,0.0,0.0,41.6,1072.7,0.0,0.0,0.0,0.0,0.0,0.0,945.1,12.3,0.0
2050-08-18 09:00:00,2050-08-18 07:00:00,1884.2,2617.9,0.0,12.1,4514.2,1820.9,2281.8,1243.2,0.0,0.0336,0.0493,gas-cc,gas-cc,115.1,2.2,0.22,13.6,868.3,0.05,115.2,39.5,154.7,88.7,1.7,0.17,10.8,670.3,0.04,88.8,30.8,119.6,142.7,2.7,0.27,16.9,1075.8,0.06,142.9,48.9,191.8,381.2,7.2,0.72,45.0,2876.5,0.17,381.6,130.8,512.4,33.36,0.0,0.0,33.36,35.08,0.0,0.0,35.08,0.0,0.0,0.0,3271.1,2232.5,0.0,0.0,0.0,0.0,0.0,93.7,1038.6,0.0,0.0,0.0,0.0,0.0,0.0,2127.7,11.0,0.0
2050-08-18 10:00:00,2050-08-18 08:00:00,2062.1,4019.6,0.0,10.0,6091.7,1989.6,923.3,923.3,0.0,0.0351,0.0539,battery,gas-cc,0.0,0.0,0.0,0.0,0.0,0.0,0.0,0.0,0.0,0.9,0.0,0.0,0.2,7.0,0.0,0.9,0.4,1.3,140.4,2.7,0.27,16.6,1058.6,0.06,140.6,48.2,188.7,372.9,7.0,0.7,44.0,2813.6,0.16,373.3,127.9,501.2,33.04,0.0,0.0,33.04,34.92,0.0,0.0,34.92,0.0,0.0,0.0,5168.4,5168.4,0.0,0.0,0.0,0.0,0.0,217.8,0.0,0.0,0.0,0.0,0.0,0.0,0.0,4943.6,6.9,0.0
2050-08-18 11:00:00,2050-08-18 09:00:00,2152.6,4019.6,0.0,8.4,6180.6,2075.2,672.9,672.9,0.0,0.036,0.0563,battery,gas-cc,0.0,0.0,0.0,0.0,0.0,0.0,0.0,0.0,0.0,0.4,0.0,0.0,0.1,3.0,0.0,0.4,0.2,0.6,144.2,2.7,0.27,17.0,1086.9,0.06,144.3,49.4,193.8,373.8,7.0,0.7,44.2,2820.7,0.16,374.2,128.3,502.5,33.04,0.0,0.0,33.04,35.01,0.0,0.0,35.01,0.0,0.0,0.0,5507.7,5507.7,0.0,0.0,0.0,0.0,0.0,232.2,0.0,0.0,0.0,0.0,0.0,0.0,0.0,5270.0,5.5,0.0
2050-08-18 12:00:00,2050-08-18 10:00:00,2224.2,4019.6,0.0,7.8,6251.6,2142.7,584.5,584.5,0.0,0.0367,0.0582,gas-cc,gas-cc,0.0,0.0,0.0,0.0,0.0,0.0,0.0,0.0,0.0,0.2,0.0,0.0,0.1,1.7,0.0,0.2,0.1,0.3,150.1,2.8,0.28,17.7,1131.8,0.07,150.3,51.5,201.8,373.5,7.0,0.7,44.1,2818.6,0.16,373.9,128.2,502.1,33.04,0.0,0.0,33.04,35.08,0.0,0.0,35.08,0.0,0.0,0.0,5667.1,5667.1,0.0,0.0,0.0,0.0,0.0,238.5,0.0,0.0,0.0,0.0,0.0,0.0,0.0,5415.4,13.2,0.0
2050-08-18 13:00:00,2050-08-18 11:00:00,2275.8,3953.7,0.0,12.1,6241.6,2191.2,1433.4,1243.2,0.0,0.0372,0.0595,gas-cc,gas-cc,13.8,0.3,0.03,1.6,104.1,0.01,13.8,4.7,18.5,12.6,0.2,0.02,1.6,95.8,0.01,12.7,4.5,17.2,149.4,2.8,0.28,17.6,1126.3,0.07,149.5,51.2,200.8,385.3,7.3,0.73,45.5,2907.8,0.17,385.7,132.2,518.0,33.36,0.0,0.0,33.36,35.47,0.0,0.0,35.47,0.0,0.0,0.0,4998.4,4808.2,0.0,0.0,0.0,0.0,0.0,202.3,190.2,0.0,0.0,0.0,0.0,0.0,0.0,4591.4,14.5,0.0
2050-08-18 14:00:00,2050-08-18 12:00:00,2343.2,3630.9,0.0,12.1,5986.2,2254.5,2283.7,1243.2,0.0,0.0378,0.0613,gas-cc,gas-cc,79.5,1.5,0.15,9.4,600.0,0.03,79.6,27.3,106.9,66.7,1.3,0.13,8.0,503.8,0.03,66.8,23.1,89.8,144.1,2.7,0.27,17.0,1086.2,0.06,144.2,49.4,193.6,386.1,7.3,0.73,45.6,2913.2,0.17,386.5,132.5,518.9,33.36,0.0,0.0,33.36,35.53,0.0,0.0,35.53,0.0,0.0,0.0,4743.0,3702.5,0.0,0.0,0.0,0.0,0.0,155.2,1040.5,0.0,0.0,0.0,0.0,0.0,0.0,3521.9,25.4,0.0
2050-08-18 15:00:00,2050-08-18 13:00:00,2414.7,2431.9,0.0,12.1,4858.7,2321.6,2243.3,1243.2,0.0,0.0386,0.0631,gas-cc,gas-cc,100.3,1.9,0.19,11.8,756.5,0.04,100.4,34.4,134.8,79.1,1.5,0.15,9.5,597.5,0.04,79.2,27.3,106.6,144.4,2.7,0.27,17.1,1088.6,0.06,144.5,49.5,194.1,386.8,7.3,0.73,45.7,2919.1,0.17,387.2,132.7,520.0,33.36,0.0,0.0,33.36,35.6,0.0,0.0,35.6,0.0,0.0,0.0,3615.6,2615.4,0.0,0.0,0.0,0.0,0.0,108.2,1000.2,0.0,0.0,0.0,0.0,0.0,0.0,2454.0,53.2,0.0
2050-08-18 16:00:00,2050-08-18 14:00:00,2492.6,1954.3,0.0,12.1,4459.0,2394.5,2315.9,1243.2,0.0,0.0394,0.0652,battery,gas-cc,120.9,2.3,0.23,14.3,912.2,0.05,121.0,41.5,162.5,92.5,1.7,0.17,11.1,698.7,0.04,92.6,32.0,124.6,141.0,2.7,0.27,16.7,1063.2,0.06,141.2,48.4,189.5,418.9,7.9,0.79,49.5,3161.4,0.18,419.4,143.8,563.1,36.23,0.0,0.0,36.23,38.75,0.0,0.0,38.75,0.0,0.0,0.0,3215.9,2143.1,0.0,0.0,0.0,0.0,0.0,89.2,1072.7,0.0,0.0,0.0,0.0,0.0,0.0,2024.3,29.6,0.0
2050-08-18 17:00:00,2050-08-18 15:00:00,2603.2,2256.1,0.0,12.1,4871.3,2497.7,2315.9,1243.2,0.0,0.0405,0.0681,battery,gas-cc,107.2,2.0,0.2,12.7,808.6,0.05,107.3,36.8,144.0,85.0,1.6,0.16,10.3,641.6,0.04,85.1,29.4,114.4,141.2,2.7,0.27,16.7,1064.5,0.06,141.4,48.4,189.8,420.2,7.9,0.79,49.6,3171.2,0.18,420.7,144.2,564.9,36.23,0.0,0.0,36.23,38.87,0.0,0.0,38.87,0.0,0.0,0.0,3628.2,2555.4,0.0,0.0,0.0,0.0,0.0,106.6,1072.7,0.0,0.0,0.0,0.0,0.0,0.0,2418.5,30.4,0.0
2050-08-18 18:00:00,2050-08-18 16:00:00,2695.8,274.6,0.0,5.3,2975.8,2583.9,252.8,0.0,819.9,0.0415,0.0705,battery,gas-cc,102.4,1.9,0.19,12.1,772.9,0.04,102.5,35.1,137.7,106.9,2.0,0.2,12.6,806.4,0.05,107.0,36.7,143.6,142.1,2.7,0.27,16.8,1070.5,0.06,142.2,48.7,191.0,421.3,7.9,0.79,49.8,3179.5,0.18,421.8,144.6,566.4,36.23,0.0,0.0,36.23,38.97,0.0,0.0,38.97,0.0,0.0,0.0,3795.7,2722.9,0.0,0.0,0.0,0.0,0.0,111.8,1072.7,0.0,0.0,0.0,0.0,0.0,0.0,2536.4,74.7,0.0
2050-08-18 19:00:00,2050-08-18 17:00:00,2755.8,0.0,0.0,10.7,2766.4,2639.6,1492.8,0.0,1640.0,0.0422,0.0721,battery,gas-cc,88.2,1.7,0.17,10.4,665.8,0.04,88.3,30.3,118.6,93.5,1.8,0.18,11.1,705.9,0.04,93.6,32.1,125.7,172.0,3.2,0.33,20.3,1296.9,0.07,172.2,59.0,231.2,502.6,9.5,0.95,59.4,3792.4,0.22,503.1,172.4,675.5,42.66,0.0,0.0,42.66,45.97,0.0,0.0,45.97,0.0,0.0,0.0,4406.4,1273.7,2060.0,0.0,0.0,0.0,0.0,51.2,1072.7,0.0,0.0,0.0,0.0,0.0,0.0,1163.2,59.2,0.0
2050-08-18 20:00:00,2050-08-18 18:00:00,2786.3,0.0,0.0,1.8,2788.1,2667.9,2745.5,0.0,275.5,0.0425,0.0729,battery,gas-ct,126.9,2.4,0.24,15.0,957.6,0.06,127.0,43.5,170.6,134.5,2.5,0.25,15.9,1014.8,0.06,134.6,46.2,180.8,153.8,2.9,0.29,18.2,1159.1,0.07,153.9,52.7,206.7,530.5,10.0,1.0,62.7,4003.4,0.23,531.1,182.0,713.1,42.66,0.0,0.0,42.66,46.01,0.0,0.0,46.01,0.0,0.0,0.0,3063.6,42.6,1948.2,0.0,0.0,0.0,0.0,0.1,1072.7,0.0,0.0,0.0,0.0,0.0,0.0,1.3,41.2,0.0
2050-08-18 21:00:00,2050-08-18 19:00:00,2763.2,0.0,0.0,9.7,2772.9,2646.5,2746.7,0.0,1495.3,0.0422,0.0723,battery,gas-cc,91.1,1.7,0.17,10.8,687.3,0.04,91.2,31.3,122.4,97.4,1.8,0.18,11.5,734.8,0.04,97.5,33.4,130.9,153.8,2.9,0.29,18.2,1159.5,0.07,154.0,52.7,206.7,502.7,9.5,0.95,59.4,3793.2,0.22,503.2,172.5,675.7,42.66,0.0,0.0,42.66,45.98,0.0,0.0,45.98,0.0,0.0,0.0,4268.1,26.2,3169.2,0.0,0.0,0.0,0.0,0.0,1072.7,0.0,0.0,0.0,0.0,0.0,0.0,0.0,26.2,0.0
2050-08-18 22:00:00,2050-08-18 20:00:00,2675.8,0.0,0.0,10.5,2686.3,2565.3,2671.8,0.0,1612.1,0.0413,0.07,battery,gas-ct,90.4,1.7,0.17,10.7,682.5,0.04,90.5,31.0,121.6,96.6,1.8,0.18,11.4,729.1,0.04,96.7,33.2,129.9,154.6,2.9,0.29,18.3,1165.8,0.07,154.8,53.0,207.8,528.9,10.0,1.0,62.5,3991.0,0.23,529.4,181.5,710.9,42.66,0.0,0.0,42.66,45.86,0.0,0.0,45.86,0.0,0.0,0.0,4298.4,14.4,3211.2,0.0,0.0,0.0,0.0,0.0,1072.7,0.0,0.0,0.0,0.0,0.0,0.0,0.0,14.4,0.0
2050-08-18 23:00:00,2050-08-18 21:00:00,2523.2,0.0,0.0,10.7,2533.8,2423.1,2524.8,0.0,1640.0,0.0397,0.066,battery,gas-cc,93.1,1.8,0.18,11.0,702.9,0.04,93.2,32.0,125.2,99.2,1.9,0.19,11.7,749.0,0.04,99.4,34.1,133.4,153.7,2.9,0.29,18.2,1158.6,0.07,153.9,52.7,206.6,499.3,9.4,0.94,59.0,3767.7,0.22,499.8,171.3,671.1,42.66,0.0,0.0,42.66,45.67,0.0,0.0,45.67,0.0,0.0,0.0,4173.8,9.0,3092.0,0.0,0.0,0.0,0.0,0.0,1072.7,0.0,0.0,0.0,0.0,0.0,0.0,0.0,9.0,0.0
2050-08-19 00:00:00,2050-08-18 22:00:00,2343.2,0.0,0.0,10.7,2353.8,2254.5,2348.4,0.0,1640.0,0.0378,0.0613,battery,gas-cc,97.3,1.8,0.18,11.5,734.6,0.04,97.4,33.4,130.8,103.4,1.9,0.19,12.2,780.2,0.05,103.5,35.5,139.0,153.4,2.9,0.29,18.1,1156.1,0.07,153.5,52.6,206.1,412.2,7.8,0.78,48.7,3110.2,0.18,412.6,141.4,554.0,41.69,0.0,0.0,41.69,44.41,0.0,0.0,44.41,0.0,0.0,0.0,3993.8,5.4,2915.6,0.0,0.0,0.0,0.0,0.0,1072.7,0.0,0.0,0.0,0.0,0.0,0.0,0.0,5.4,0.0
2050-08-19 01:00:00,2050-08-18 23:00:00,2142.1,0.0,0.0,10.7,2152.8,2065.2,2144.8,0.0,1640.0,0.0359,0.056,battery,gas-cc,102.5,1.9,0.19,12.1,773.5,0.04,102.6,35.2,137.8,108.5,2.0,0.2,12.8,818.7,0.05,108.6,37.2,145.8,174.2,3.3,0.33,20.6,1313.3,0.08,174.4,59.7,234.1,409.9,7.7,0.77,48.4,3092.9,0.18,410.3,140.6,550.9,41.69,0.0,0.0,41.69,44.16,0.0,0.0,44.16,0.0,0.0,0.0,3792.7,8.0,2712.0,0.0,0.0,0.0,0.0,0.0,1072.7,0.0,0.0,0.0,0.0,0.0,0.0,0.0,8.0,0.0
2050-08-19 02:00:00,2050-08-19 00:00:00,1980.0,0.0,0.0,10.7,1990.7,1911.9,1987.5,0.0,1640.0,0.0344,0.0518,battery,gas-cc,107.1,2.0,0.2,12.6,808.0,0.05,107.2,36.7,143.9,113.0,2.1,0.21,13.4,852.9,0.05,113.1,38.8,151.9,152.7,2.9,0.29,18.0,1151.0,0.07,152.9,52.4,205.2,408.0,7.7,0.77,48.2,3079.0,0.18,408.5,140.0,548.5,41.69,0.0,0.0,41.69,43.97,0.0,0.0,43.97,0.0,0.0,0.0,3630.6,3.2,2554.7,0.0,0.0,0.0,0.0,0.0,1072.7,0.0,0.0,0.0,0.0,0.0,0.0,0.0,3.2,0.0
2050-08-19 03:00:00,2050-08-19 01:00:00,1809.5,0.0,0.0,1.9,1811.4,1749.8,1811.4,0.0,289.7,0.033,0.0473,gas-cc,gas-cc,185.0,3.5,0.35,21.9,1396.3,0.08,185.2,63.5,248.7,192.8,3.6,0.36,22.8,1455.1,0.08,193.0,66.2,259.2,222.5,4.2,0.42,26.3,1678.2,0.1,222.7,76.3,299.1,411.6,7.8,0.78,48.6,3105.9,0.18,412.0,141.2,553.3,41.69,0.0,0.0,41.69,43.76,0.0,0.0,43.76,0.0,0.0,0.0,2101.0,0.0,1028.3,0.0,0.0,0.0,0.0,0.0,1072.7,0.0,0.0,0.0,0.0,0.0,0.0,0.0,0.0,0.0
2050-08-19 04:00:00,2050-08-19 02:00:00,1716.8,0.0,0.0,0.0,1716.8,1661.4,1716.8,0.0,0.0,0.0323,0.0449,battery,gas-cc,226.4,4.3,0.43,26.7,1708.8,0.1,226.7,77.7,304.4,235.1,4.4,0.44,27.8,1774.3,0.1,235.4,80.7,316.1,203.3,3.8,0.38,24.0,1533.3,0.09,203.5,69.7,273.3,405.1,7.6,0.76,47.9,3056.9,0.18,405.5,139.0,544.5,41.69,0.0,0.0,41.69,43.65,0.0,0.0,43.65,0.0,0.0,0.0,1716.8,0.0,644.1,0.0,0.0,0.0,0.0,0.0,1072.7,0.0,0.0,0.0,0.0,0.0,0.0,0.0,0.0,0.0
2050-08-19 05:00:00,2050-08-19 03:00:00,1636.8,0.0,0.0,0.0,1636.8,1584.9,1636.8,0.0,0.0,0.0317,0.0428,battery,gas-cc,237.5,4.5,0.45,28.1,1792.3,0.1,237.8,81.5,319.3,246.3,4.6,0.46,29.1,1858.8,0.11,246.6,84.5,331.1,262.1,4.9,0.49,31.0,1977.0,0.11,262.4,89.9,352.3,404.2,7.6,0.76,47.7,3050.2,0.18,404.6,138.7,543.3,41.69,0.0,0.0,41.69,43.55,0.0,0.0,43.55,0.0,0.0,0.0,1636.8,0.0,564.1,0.0,0.0,0.0,0.0,0.0,1072.7,0.0,0.0,0.0,0.0,0.0,0.0,0.0,0.0,0.0
2050-08-19 06:00:00,2050-08-19 04:00:00,1587.4,0.0,0.0,0.1,1587.5,1537.6,1587.5,0.0,14.1,0.0314,0.0415,gas-cc,gas-cc,242.7,4.6,0.46,28.7,1831.8,0.11,243.0,83.3,326.3,251.6,4.7,0.47,29.7,1898.7,0.11,251.9,86.3,338.2,331.9,6.3,0.63,39.2,2504.7,0.14,332.3,113.9,446.2,409.1,7.7,0.77,48.3,3087.1,0.18,409.5,140.4,549.9,41.69,0.0,0.0,41.69,43.5,0.0,0.0,43.5,0.0,0.0,0.0,1601.5,0.0,528.8,0.0,0.0,0.0,0.0,0.0,1072.7,0.0,0.0,0.0,0.0,0.0,0.0,0.0,0.0,0.0
2050-08-19 07:00:00,2050-08-19 05:00:00,1562.1,0.0,0.0,1.8,1563.9,1513.3,1563.9,118.0,0.0,0.0312,0.0409,battery,gas-cc,268.9,5.1,0.51,31.8,2028.9,0.12,269.2,92.3,361.4,258.7,4.9,0.49,30.6,1951.9,0.11,258.9,88.8,347.7,292.9,5.5,0.55,34.6,2210.1,0.13,293.2,100.5,393.7,403.4,7.6,0.76,47.7,3044.0,0.17,403.8,138.4,542.2,41.69,0.0,0.0,41.69,43.47,0.0,0.0,43.47,0.0,0.0,0.0,1445.9,0.0,373.2,0.0,0.0,0.0,0.0,0.0,1072.7,0.0,0.0,0.0,0.0,0.0,0.0,0.0,0.0,0.0
2050-08-19 08:00:00,2050-08-19 06:00:00,1549.5,0.0,0.0,9.2,1558.7,1501.2,801.3,801.3,0.0,0.0311,0.0405,gas-cc,gas-cc,0.0,0.0,0.0,0.0,0.0,0.0,0.0,0.0,0.0,0.0,0.0,0.0,0.4,1.0,0.01,0.0,0.5,0.5,139.8,2.6,0.26,16.5,1054.2,0.06,140.0,48.0,187.9,366.6,6.9,0.69,43.3,2766.8,0.16,367.0,125.8,492.8,26.94,0.0,0.0,26.94,28.08,0.0,0.0,28.08,0.0,0.0,0.0,757.3,757.3,0.0,0.0,0.0,0.0,0.0,32.0,0.0,0.0,0.0,0.0,0.0,0.0,0.0,725.4,0.0,0.0
2050-08-19 09:00:00,2050-08-19 07:00:00,1656.8,2377.6,0.0,12.1,4046.5,1604.1,1243.2,1243.2,0.0,0.0318,0.0433,battery,gas-cc,0.0,0.0,0.0,0.0,0.0,0.0,0.0,0.0,0.0,0.0,0.0,0.0,0.2,0.5,0.0,0.0,0.2,0.2,147.3,2.8,0.28,17.4,1110.8,0.06,147.5,50.5,198.0,330.9,6.2,0.62,39.1,2497.4,0.14,331.3,113.6,444.9,22.94,0.0,0.0,22.94,23.98,0.0,0.0,23.98,0.0,0.0,0.0,2803.3,2803.3,0.0,0.0,0.0,0.0,0.0,118.3,0.0,0.0,0.0,0.0,0.0,0.0,0.0,2685.1,0.0,0.0
2050-08-19 10:00:00,2050-08-19 08:00:00,1822.1,2431.9,0.0,10.7,4264.7,1761.8,-1640.0,0.0,1640.0,0.0331,0.0477,upv,upv,0.0,0.0,0.0,0.0,0.0,0.0,0.0,0.0,0.0,0.0,0.0,0.0,0.0,0.0,0.0,0.0,0.0,0.0,140.1,2.6,0.27,16.6,1056.3,0.06,140.3,48.0,188.3,0.0,0.0,0.0,0.0,0.0,0.0,0.0,0.0,0.0,0.0,0.0,0.0,0.0,0.0,0.0,0.0,0.0,0.0,339.6,339.6,5904.6,5904.6,0.0,0.0,0.0,0.0,0.0,0.0,0.0,0.0,0.0,0.0,0.0,0.0,0.0,5904.6,0.0,0.0
2050-08-19 11:00:00,2050-08-19 09:00:00,2012.6,3240.3,0.0,10.6,5263.5,1942.8,-1626.3,0.0,1626.3,0.0347,0.0526,upv,upv,0.0,0.0,0.0,0.0,0.0,0.0,0.0,0.0,0.0,0.0,0.0,0.0,0.0,0.0,0.0,0.0,0.0,0.0,140.4,2.6,0.27,16.6,1058.1,0.06,140.5,48.1,188.6,0.0,0.0,0.0,0.0,0.0,0.0,0.0,0.0,0.0,0.0,0.0,0.0,0.0,0.0,0.0,0.0,0.0,1.5,1800.4,1801.9,6889.8,6889.8,0.0,0.0,0.0,0.0,0.0,0.0,0.0,0.0,0.0,0.0,0.0,0.0,0.0,6889.8,0.0,0.0
2050-08-19 12:00:00,2050-08-19 10:00:00,2222.1,4019.6,0.0,13.0,6254.7,2140.7,-1790.8,0.0,1790.8,0.0366,0.0581,upv,upv,0.0,0.0,0.0,0.0,0.0,0.0,0.0,0.0,0.0,0.0,0.0,0.0,0.0,0.0,0.0,0.0,0.0,0.0,140.6,2.7,0.27,16.6,1060.3,0.06,140.8,48.2,189.0,0.0,0.0,0.0,0.0,0.0,0.0,0.0,0.0,0.0,0.0,0.0,0.0,0.0,0.0,0.0,0.0,0.0,4.6,1353.1,1357.7,8045.4,8045.4,0.0,0.0,0.0,0.0,0.0,0.0,0.0,0.0,0.0,0.0,0.0,0.0,0.0,8045.4,0.0,0.0
2050-08-19 13:00:00,2050-08-19 11:00:00,2378.9,3990.5,0.0,26.3,6395.8,2288.1,-2650.4,0.0,2650.4,0.0382,0.0622,battery,upv,0.0,0.0,0.0,0.0,0.0,0.0,0.0,0.0,0.0,0.0,0.0,0.0,0.0,0.0,0.0,0.0,0.0,0.0,140.9,2.7,0.27,16.6,1061.9,0.06,141.0,48.3,189.3,0.0,0.0,0.0,0.0,0.0,0.0,0.0,0.0,0.0,0.0,0.0,0.0,0.0,0.0,0.0,0.0,0.0,0.0,0.0,0.0,9046.1,9046.1,0.0,0.0,0.0,0.0,0.0,381.5,0.0,0.0,0.0,0.0,0.0,0.0,0.0,8652.9,11.7,0.0
2050-08-19 14:00:00,2050-08-19 12:00:00,2538.9,3986.6,0.0,15.6,6541.2,2437.8,-1957.8,0.0,1957.8,0.0398,0.0664,battery,upv,0.0,0.0,0.0,0.0,0.0,0.0,0.0,0.0,0.0,0.0,0.0,0.0,0.0,0.0,0.0,0.0,0.0,0.0,141.1,2.7,0.27,16.7,1063.8,0.06,141.3,48.4,189.6,0.0,0.0,0.0,0.0,0.0,0.0,0.0,0.0,0.0,0.0,0.0,0.0,0.0,0.0,0.0,0.0,0.0,0.0,0.0,0.0,8499.0,8499.0,0.0,0.0,0.0,0.0,0.0,357.6,0.0,0.0,0.0,0.0,0.0,0.0,0.0,8116.6,24.7,0.0
2050-08-19 15:00:00,2050-08-19 13:00:00,2672.6,3793.8,0.0,14.5,6481.0,2562.4,-1890.7,0.0,1890.7,0.0413,0.0699,battery,upv,0.0,0.0,0.0,0.0,0.0,0.0,0.0,0.0,0.0,0.0,0.0,0.0,0.0,0.0,0.0,0.0,0.0,0.0,141.5,2.7,0.27,16.7,1066.9,0.06,141.7,48.5,190.2,0.0,0.0,0.0,0.0,0.0,0.0,0.0,0.0,0.0,0.0,0.0,0.0,0.0,0.0,0.0,0.0,0.0,0.0,0.0,0.0,8371.6,8371.6,0.0,0.0,0.0,0.0,0.0,351.3,0.0,0.0,0.0,0.0,0.0,0.0,0.0,7974.4,45.9,0.0
2050-08-19 16:00:00,2050-08-19 14:00:00,2775.8,3230.5,0.0,16.3,6022.6,2658.2,-2000.8,0.0,2000.8,0.0424,0.0726,upv,upv,0.0,0.0,0.0,0.0,0.0,0.0,0.0,0.0,0.0,0.0,0.0,0.0,0.0,0.0,0.0,0.0,0.0,0.0,141.6,2.7,0.27,16.7,1067.3,0.06,141.7,48.5,190.3,0.0,0.0,0.0,0.0,0.0,0.0,0.0,0.0,0.0,0.0,0.0,0.0,0.0,0.0,0.0,0.0,0.0,0.0,63.5,63.5,8023.4,8023.4,0.0,0.0,0.0,0.0,0.0,339.4,0.0,0.0,0.0,0.0,0.0,0.0,0.0,7639.5,44.4,0.0
2050-08-19 17:00:00,2050-08-19 15:00:00,2889.5,2431.9,0.0,15.0,5336.4,2763.4,-1919.0,0.0,1919.0,0.0436,0.0756,upv,upv,0.0,0.0,0.0,0.0,0.0,0.0,0.0,0.0,0.0,0.0,0.0,0.0,0.0,0.0,0.0,0.0,0.0,0.0,141.7,2.7,0.27,16.7,1068.4,0.06,141.9,48.6,190.5,0.0,0.0,0.0,0.0,0.0,0.0,0.0,0.0,0.0,4.54,0.0,0.0,4.54,4.91,0.0,0.0,4.91,0.0,0.0,0.0,7255.3,7255.3,0.0,0.0,0.0,0.0,0.0,301.9,0.0,0.0,0.0,0.0,0.0,0.0,0.0,6850.0,103.5,0.0
2050-08-19 18:00:00,2050-08-19 16:00:00,3000.0,1663.8,0.0,18.5,4682.3,2865.5,-2144.3,0.0,2144.3,0.0448,0.0785,gas-cc,gas-cc,0.0,0.0,0.0,0.0,0.0,0.0,0.0,0.0,0.0,0.0,0.0,0.0,0.0,0.0,0.0,0.0,0.0,0.0,147.6,2.8,0.28,17.4,1112.7,0.06,147.7,50.6,198.4,381.7,7.2,0.72,45.1,2880.6,0.17,382.1,131.0,513.1,22.94,0.0,0.0,22.94,24.9,0.0,0.0,24.9,0.0,0.0,0.0,6826.6,6826.6,0.0,0.0,0.0,0.0,0.0,285.1,0.0,0.0,0.0,0.0,0.0,0.0,0.0,6468.7,72.8,0.0
2050-08-19 19:00:00,2050-08-19 17:00:00,3041.1,0.0,0.0,11.8,3052.8,2903.3,-639.6,0.0,1712.3,0.0453,0.0795,battery,gas-cc,81.6,1.5,0.15,9.6,615.6,0.04,81.7,28.0,109.7,85.5,1.6,0.16,10.1,644.9,0.04,85.5,29.3,114.9,147.8,2.8,0.28,17.5,1114.3,0.06,148.0,50.7,198.7,426.0,8.0,0.8,50.3,3214.6,0.18,426.4,146.2,572.6,39.96,0.0,0.0,39.96,43.41,0.0,0.0,43.41,0.0,0.0,0.0,4765.1,3692.4,0.0,0.0,0.0,0.0,0.0,151.5,1072.7,0.0,0.0,0.0,0.0,0.0,0.0,3437.9,103.0,0.0
2050-08-19 20:00:00,2050-08-19 18:00:00,2997.9,0.0,0.0,8.1,3006.0,2863.5,2935.8,0.0,744.7,0.0448,0.0784,gas-cc,gas-cc,103.7,2.0,0.2,12.2,782.2,0.04,103.8,35.6,139.3,110.6,2.1,0.21,13.1,835.0,0.05,110.8,38.0,148.7,179.9,3.4,0.34,21.3,1356.7,0.08,180.1,61.7,241.8,425.5,8.0,0.8,50.3,3210.7,0.18,425.9,146.0,571.9,41.69,0.0,0.0,41.69,45.24,0.0,0.0,45.24,0.0,0.0,0.0,3750.6,70.1,2607.8,0.0,0.0,0.0,0.0,0.2,1072.7,0.0,0.0,0.0,0.0,0.0,0.0,4.0,66.0,0.0
2050-08-19 21:00:00,2050-08-19 19:00:00,2917.9,0.0,0.0,17.4,2935.3,2789.7,2863.5,0.0,2075.4,0.0439,0.0763,battery,gas-cc,77.6,1.5,0.15,9.2,585.5,0.03,77.7,26.6,104.3,83.5,1.6,0.16,9.9,630.2,0.04,83.6,28.7,112.3,155.1,2.9,0.29,18.3,1169.4,0.07,155.3,53.2,208.5,418.9,7.9,0.79,49.5,3160.8,0.18,419.3,143.7,563.0,41.69,0.0,0.0,41.69,45.13,0.0,0.0,45.13,0.0,0.0,0.0,5010.7,71.8,3866.2,0.0,0.0,0.0,0.0,0.0,1072.7,0.0,0.0,0.0,0.0,0.0,0.0,0.0,71.8,0.0
2050-08-19 22:00:00,2050-08-19 20:00:00,2770.5,0.0,0.0,8.7,2779.2,2653.3,2648.2,0.0,1051.3,0.0423,0.0725,gas-cc,gas-cc,101.5,1.9,0.19,12.0,765.9,0.04,101.6,34.8,136.4,108.1,2.0,0.2,12.8,815.6,0.05,108.2,37.1,145.3,154.4,2.9,0.29,18.2,1163.9,0.07,154.6,52.9,207.5,422.7,8.0,0.8,49.9,3190.1,0.18,423.2,145.1,568.3,41.69,0.0,0.0,41.69,44.95,0.0,0.0,44.95,0.0,0.0,0.0,3830.5,131.0,2626.7,0.0,0.0,0.0,0.0,0.0,1072.7,0.0,0.0,0.0,0.0,0.0,0.0,0.0,131.0,0.0
2050-08-19 23:00:00,2050-08-19 21:00:00,2592.6,0.0,0.0,7.4,2600.1,2487.9,2583.8,0.0,920.8,0.0404,0.0678,gas-cc,gas-cc,110.4,2.1,0.21,13.0,833.2,0.05,110.5,37.9,148.4,117.2,2.2,0.22,13.9,884.2,0.05,117.3,40.2,157.5,154.2,2.9,0.29,18.2,1162.6,0.07,154.4,52.9,207.3,420.6,7.9,0.79,49.7,3174.2,0.18,421.1,144.3,565.4,41.69,0.0,0.0,41.69,44.72,0.0,0.0,44.72,0.0,0.0,0.0,3520.9,16.2,2431.9,0.0,0.0,0.0,0.0,0.0,1072.7,0.0,0.0,0.0,0.0,0.0,0.0,0.0,16.2,0.0
2050-08-20 00:00:00,2050-08-19 22:00:00,2428.4,0.0,0.0,7.9,2436.3,2334.5,2385.0,0.0,1213.2,0.0387,0.0635,battery,gas-cc,106.5,2.0,0.2,12.6,803.8,0.05,106.6,36.6,143.2,112.9,2.1,0.21,13.4,852.1,0.05,113.0,38.8,151.8,154.6,2.9,0.29,18.3,1165.0,0.07,154.7,53.0,207.7,418.7,7.9,0.79,49.5,3159.6,0.18,419.2,143.7,562.8,41.69,0.0,0.0,41.69,44.52,0.0,0.0,44.52,0.0,0.0,0.0,3649.5,51.3,2525.5,0.0,0.0,0.0,0.0,0.0,1072.7,0.0,0.0,0.0,0.0,0.0,0.0,0.0,51.3,0.0
2050-08-20 01:00:00,2050-08-19 23:00:00,2260.0,0.0,0.0,7.7,2267.7,2176.4,2240.4,0.0,1190.2,0.037,0.0591,battery,gas-cc,112.4,2.1,0.21,13.3,848.4,0.05,112.5,38.6,151.1,118.8,2.2,0.22,14.1,896.7,0.05,118.9,40.8,159.7,154.1,2.9,0.29,18.2,1161.3,0.07,154.2,52.8,207.0,416.7,7.9,0.79,49.2,3144.8,0.18,417.2,143.0,560.2,41.69,0.0,0.0,41.69,44.31,0.0,0.0,44.31,0.0,0.0,0.0,3457.9,27.3,2357.9,0.0,0.0,0.0,0.0,0.0,1072.7,0.0,0.0,0.0,0.0,0.0,0.0,0.0,27.3,0.0
2050-08-20 02:00:00,2050-08-20 00:00:00,2074.7,0.0,0.0,10.0,2084.7,2001.6,2075.5,0.0,1536.9,0.0353,0.0543,battery,gas-cc,107.3,2.0,0.2,12.7,810.0,0.05,107.5,36.8,144.3,113.4,2.1,0.21,13.4,855.7,0.05,113.5,38.9,152.4,153.7,2.9,0.29,18.2,1158.6,0.07,153.9,52.7,206.6,414.6,7.8,0.78,49.0,3128.7,0.18,415.1,142.3,557.3,41.69,0.0,0.0,41.69,44.08,0.0,0.0,44.08,0.0,0.0,0.0,3621.6,9.2,2539.7,0.0,0.0,0.0,0.0,0.0,1072.7,0.0,0.0,0.0,0.0,0.0,0.0,0.0,9.2,0.0
2050-08-20 03:00:00,2050-08-20 01:00:00,1914.7,0.0,0.0,15.5,1930.2,1849.9,1927.4,0.0,1816.6,0.0338,0.0501,battery,gas-cc,103.8,2.0,0.2,12.3,783.0,0.04,103.9,35.6,139.5,109.6,2.1,0.21,13.0,826.7,0.05,109.7,37.6,147.3,152.7,2.9,0.29,18.0,1151.4,0.07,152.9,52.4,205.3,412.8,7.8,0.78,48.8,3114.9,0.18,413.2,141.6,554.9,41.69,0.0,0.0,41.69,43.89,0.0,0.0,43.89,0.0,0.0,0.0,3746.8,2.8,2671.2,0.0,0.0,0.0,0.0,0.0,1072.7,0.0,0.0,0.0,0.0,0.0,0.0,0.0,2.8,0.0
2050-08-20 04:00:00,2050-08-20 02:00:00,1788.4,0.0,0.0,13.4,1801.8,1729.7,1801.1,0.0,1396.6,0.0328,0.0468,gas-cc,gas-cc,121.6,2.3,0.23,14.4,917.2,0.05,121.7,41.7,163.4,127.7,2.4,0.24,15.1,963.6,0.06,127.8,43.8,171.6,152.4,2.9,0.29,18.0,1148.5,0.07,152.5,52.2,204.8,411.4,7.8,0.78,48.6,3104.1,0.18,411.8,141.1,552.9,41.69,0.0,0.0,41.69,43.74,0.0,0.0,43.74,0.0,0.0,0.0,3198.3,0.6,2125.0,0.0,0.0,0.0,0.0,0.0,1072.7,0.0,0.0,0.0,0.0,0.0,0.0,0.0,0.6,0.0
2050-08-20 05:00:00,2050-08-20 03:00:00,1690.5,0.0,0.0,7.9,1698.4,1636.3,1697.5,0.0,625.0,0.0321,0.0442,gas-cc,gas-cc,167.3,3.2,0.32,19.8,1262.6,0.07,167.5,57.4,224.9,174.5,3.3,0.33,20.6,1316.7,0.08,174.7,59.9,234.6,153.3,2.9,0.29,18.1,1155.3,0.07,153.4,52.6,206.0,410.3,7.7,0.77,48.5,3095.8,0.18,410.7,140.8,551.5,41.69,0.0,0.0,41.69,43.62,0.0,0.0,43.62,0.0,0.0,0.0,2323.5,0.9,1249.9,0.0,0.0,0.0,0.0,0.0,1072.7,0.0,0.0,0.0,0.0,0.0,0.0,0.0,0.9,0.0
2050-08-20 06:00:00,2050-08-20 04:00:00,1636.8,0.0,0.0,4.9,1641.8,1584.9,1640.5,0.0,406.4,0.0317,0.0428,gas-cc,gas-cc,189.8,3.6,0.36,22.4,1432.4,0.08,190.0,65.1,255.1,197.5,3.7,0.37,23.3,1490.1,0.09,197.7,67.8,265.4,153.3,2.9,0.29,18.1,1155.3,0.07,153.4,52.6,206.0,409.6,7.7,0.77,48.4,3091.3,0.18,410.1,140.6,550.6,41.69,0.0,0.0,41.69,43.55,0.0,0.0,43.55,0.0,0.0,0.0,2048.1,1.3,974.1,0.0,0.0,0.0,0.0,0.0,1072.7,0.0,0.0,0.0,0.0,0.0,0.0,0.0,1.3,0.0
2050-08-20 07:00:00,2050-08-20 05:00:00,1603.2,0.0,0.0,0.0,1603.2,1552.7,1591.1,2.6,0.0,0.0315,0.0419,battery,gas-cc,242.9,4.6,0.46,28.7,1832.8,0.11,243.1,83.3,326.5,251.3,4.7,0.47,29.7,1896.7,0.11,251.6,86.2,337.9,256.9,4.8,0.48,30.4,1938.4,0.11,257.2,88.1,345.4,403.8,7.6,0.76,47.7,3047.4,0.18,404.3,138.6,542.8,41.69,0.0,0.0,41.69,43.51,0.0,0.0,43.51,0.0,0.0,0.0,1600.6,12.1,515.8,0.0,0.0,0.0,0.0,0.5,1072.7,0.0,0.0,0.0,0.0,0.0,0.0,10.6,1.1,0.0
2050-08-20 08:00:00,2050-08-20 06:00:00,1592.6,1303.9,0.0,15.7,2912.2,1542.6,-1315.0,324.9,1640.0,0.0314,0.0416,battery,gas-cc,0.0,0.0,0.0,0.0,0.0,0.0,0.0,0.0,0.0,0.0,0.0,0.0,0.0,0.0,0.0,0.0,0.0,0.0,140.2,2.6,0.27,16.6,1056.7,0.06,140.3,48.1,188.4,330.4,6.2,0.62,39.0,2493.0,0.14,330.7,113.4,444.1,12.23,0.0,0.0,12.23,12.77,0.0,0.0,12.77,0.0,0.0,0.0,4227.3,4227.3,0.0,0.0,0.0,0.0,0.0,178.4,0.0,0.0,0.0,0.0,0.0,0.0,0.0,4048.6,0.3,0.0
2050-08-20 09:00:00,2050-08-20 07:00:00,1695.8,2461.0,0.0,0.0,4156.8,1641.3,0.0,0.0,0.0,0.0321,0.0443,upv,upv,0.0,0.0,0.0,0.0,0.0,0.0,0.0,0.0,0.0,0.0,0.0,0.0,0.0,0.0,0.0,0.0,0.0,0.0,140.0,2.6,0.26,16.5,1055.3,0.06,140.1,48.0,188.1,0.0,0.0,0.0,0.0,0.0,0.0,0.0,0.0,0.0,0.0,0.0,0.0,0.0,0.0,0.0,0.0,0.0,0.2,4304.0,4304.2,4156.8,4156.8,0.0,0.0,0.0,0.0,0.0,357.1,0.0,0.0,0.0,0.0,0.0,0.0,0.0,3799.7,0.0,0.0
2050-08-20 10:00:00,2050-08-20 08:00:00,1878.9,2755.7,0.0,0.0,4634.6,1815.9,0.0,0.0,0.0,0.0335,0.0491,upv,upv,0.0,0.0,0.0,0.0,0.0,0.0,0.0,0.0,0.0,0.0,0.0,0.0,0.0,0.0,0.0,0.0,0.0,0.0,140.2,2.6,0.27,16.6,1056.9,0.06,140.3,48.1,188.4,0.0,0.0,0.0,0.0,0.0,0.0,0.0,0.0,0.0,0.0,0.0,0.0,0.0,0.0,0.0,0.0,0.0,2.8,4912.2,4915.0,4634.6,4634.6,0.0,0.0,0.0,0.0,0.0,402.8,0.0,0.0,0.0,0.0,0.0,0.0,0.0,4231.9,0.0,0.0
2050-08-20 11:00:00,2050-08-20 09:00:00,2080.0,4019.6,0.0,0.0,6099.6,2006.6,0.0,0.0,0.0,0.0353,0.0544,upv,upv,0.0,0.0,0.0,0.0,0.0,0.0,0.0,0.0,0.0,0.0,0.0,0.0,0.0,0.0,0.0,0.0,0.0,0.0,140.4,2.7,0.27,16.6,1058.8,0.06,140.6,48.2,188.8,0.0,0.0,0.0,0.0,0.0,0.0,0.0,0.0,0.0,0.0,0.0,0.0,0.0,0.0,0.0,0.0,0.0,1.9,3683.5,3685.4,6099.6,6099.6,0.0,0.0,0.0,0.0,0.0,412.9,0.0,0.0,0.0,0.0,0.0,0.0,0.0,5686.7,0.0,0.0
2050-08-20 12:00:00,2050-08-20 10:00:00,2311.6,4019.6,0.0,0.0,6331.2,2224.9,-0.0,0.0,0.0,0.0375,0.0605,upv,upv,0.0,0.0,0.0,0.0,0.0,0.0,0.0,0.0,0.0,0.0,0.0,0.0,0.0,0.0,0.0,0.0,0.0,0.0,141.0,2.7,0.27,16.7,1062.7,0.06,141.1,48.3,189.5,0.0,0.0,0.0,0.0,0.0,0.0,0.0,0.0,0.0,0.0,0.0,0.0,0.0,0.0,0.0,0.0,0.0,1.4,3377.6,3379.0,6331.2,6331.2,0.0,0.0,0.0,0.0,0.0,409.6,0.0,0.0,0.0,0.0,0.0,0.0,0.0,5921.5,0.0,0.0
2050-08-20 13:00:00,2050-08-20 11:00:00,2487.4,3600.8,0.0,0.0,6088.2,2389.6,0.0,0.0,0.0,0.0393,0.065,upv,upv,0.0,0.0,0.0,0.0,0.0,0.0,0.0,0.0,0.0,0.0,0.0,0.0,0.0,0.0,0.0,0.0,0.0,0.0,141.8,2.7,0.27,16.8,1069.1,0.06,142.0,48.6,190.6,0.0,0.0,0.0,0.0,0.0,0.0,0.0,0.0,0.0,0.0,0.0,0.0,0.0,0.0,0.0,0.0,0.0,7.6,3330.4,3338.0,6088.2,6088.2,0.0,0.0,0.0,0.0,0.0,397.3,0.0,0.0,0.0,0.0,0.0,0.0,0.0,5690.9,0.0,0.0
2050-08-20 14:00:00,2050-08-20 12:00:00,2670.5,4014.7,0.0,0.0,6685.2,2560.4,0.0,0.0,0.0,0.0412,0.0698,upv,upv,0.0,0.0,0.0,0.0,0.0,0.0,0.0,0.0,0.0,0.0,0.0,0.0,0.0,0.0,0.0,0.0,0.0,0.0,141.3,2.7,0.27,16.7,1065.3,0.06,141.5,48.5,189.9,0.0,0.0,0.0,0.0,0.0,0.0,0.0,0.0,0.0,0.0,0.0,0.0,0.0,0.0,0.0,0.0,0.0,3.2,2605.2,2608.5,6685.2,6685.2,0.0,0.0,0.0,0.0,0.0,391.9,0.0,0.0,0.0,0.0,0.0,0.0,0.0,6293.3,0.0,0.0
2050-08-20 15:00:00,2050-08-20 13:00:00,2834.7,3498.2,0.0,0.0,6332.9,2712.8,0.0,0.0,0.0,0.043,0.0741,upv,upv,0.0,0.0,0.0,0.0,0.0,0.0,0.0,0.0,0.0,0.0,0.0,0.0,0.0,0.0,0.0,0.0,0.0,0.0,141.6,2.7,0.27,16.7,1067.3,0.06,141.7,48.5,190.3,0.0,0.0,0.0,0.0,0.0,0.0,0.0,0.0,0.0,0.0,0.0,0.0,0.0,0.0,0.0,0.0,0.0,9.2,2822.9,2832.0,6332.9,6332.9,0.0,0.0,0.0,0.0,0.0,386.5,0.0,0.0,0.0,0.0,0.0,0.0,0.0,5946.4,0.0,0.0
2050-08-20 16:00:00,2050-08-20 14:00:00,2961.1,2755.7,0.0,6.5,5723.2,2829.5,-999.3,0.0,999.3,0.0444,0.0774,upv,upv,0.0,0.0,0.0,0.0,0.0,0.0,0.0,0.0,0.0,0.0,0.0,0.0,0.0,0.0,0.0,0.0,0.0,0.0,142.1,2.7,0.27,16.8,1071.5,0.06,142.3,48.7,191.0,0.0,0.0,0.0,0.0,0.0,0.0,0.0,0.0,0.0,0.0,0.0,0.0,0.0,0.0,0.0,0.0,0.0,0.0,2331.6,2331.6,6722.5,6722.5,0.0,0.0,0.0,0.0,0.0,381.5,0.0,0.0,0.0,0.0,0.0,0.0,0.0,6321.4,19.7,0.0
2050-08-20 17:00:00,2050-08-20 15:00:00,3082.1,2431.9,0.0,19.7,5533.7,2941.0,-2223.4,0.0,2223.4,0.0458,0.0806,upv,upv,0.0,0.0,0.0,0.0,0.0,0.0,0.0,0.0,0.0,0.0,0.0,0.0,0.0,0.0,0.0,0.0,0.0,0.0,142.0,2.7,0.27,16.8,1070.3,0.06,142.1,48.7,190.8,0.0,0.0,0.0,0.0,0.0,0.0,0.0,0.0,0.0,4.49,0.0,0.0,4.49,4.89,0.0,0.0,4.89,0.0,0.0,0.0,7757.1,7757.1,0.0,0.0,0.0,0.0,0.0,326.6,0.0,0.0,0.0,0.0,0.0,0.0,0.0,7412.2,18.3,0.0
2050-08-20 18:00:00,2050-08-20 16:00:00,3222.1,305.5,0.0,28.9,3556.5,3069.5,-2816.0,0.0,2816.0,0.0474,0.0843,battery,hydro,0.0,0.0,0.0,0.0,0.0,0.0,0.0,0.0,0.0,0.0,0.0,0.0,0.0,0.0,0.0,0.0,0.0,0.0,142.5,2.7,0.27,16.8,1074.2,0.06,142.6,48.9,191.5,0.0,0.0,0.0,0.0,0.0,0.0,0.0,0.0,0.0,12.23,0.0,0.0,12.23,13.36,0.0,0.0,13.36,0.0,0.0,0.0,6372.6,6372.6,0.0,0.0,0.0,0.0,0.0,263.4,0.0,0.0,0.0,0.0,0.0,0.0,0.0,5980.8,128.3,0.0
2050-08-20 19:00:00,2050-08-20 17:00:00,3316.8,0.0,0.0,11.5,3328.3,3156.1,358.8,0.0,1691.2,0.0485,0.0867,battery,gas-cc,77.5,1.5,0.15,9.1,584.5,0.03,77.5,26.6,104.1,82.0,1.5,0.15,9.7,618.7,0.04,82.1,28.1,110.2,153.1,2.9,0.29,18.1,1154.3,0.07,153.3,52.5,205.8,423.6,8.0,0.8,50.0,3196.9,0.18,424.1,145.4,569.5,41.69,0.0,0.0,41.69,45.65,0.0,0.0,45.65,0.0,0.0,0.0,5019.5,2969.5,977.3,0.0,0.0,0.0,0.0,120.4,1072.7,0.0,0.0,0.0,0.0,0.0,0.0,2733.5,115.5,0.0
2050-08-20 20:00:00,2050-08-20 18:00:00,3298.9,0.0,0.0,13.4,3312.3,3139.8,3261.7,0.0,1440.9,0.0482,0.0863,gas-cc,gas-cc,81.8,1.5,0.15,9.7,617.2,0.04,81.9,28.1,109.9,88.3,1.7,0.17,10.4,666.2,0.04,88.4,30.3,118.7,156.1,2.9,0.3,18.4,1176.9,0.07,156.3,53.5,209.8,429.1,8.1,0.81,50.7,3238.3,0.19,429.6,147.2,576.8,41.69,288.2,0.0,329.89,45.63,315.41,0.0,361.04,0.0,0.0,0.0,4753.2,50.6,3629.9,0.0,0.0,0.0,0.0,0.2,1072.7,0.0,0.0,0.0,0.0,0.0,0.0,5.3,45.0,0.0
2050-08-20 21:00:00,2050-08-20 19:00:00,3247.4,0.0,0.0,13.3,3260.6,3092.6,3211.5,0.0,1807.9,0.0477,0.0849,battery,gas-cc,76.7,1.4,0.14,9.1,578.8,0.03,76.8,26.3,103.1,82.9,1.6,0.16,9.8,625.8,0.04,83.0,28.5,111.5,203.6,3.8,0.38,24.1,1535.4,0.09,203.8,69.8,273.6,422.8,8.0,0.8,49.9,3190.6,0.18,423.3,145.1,568.3,41.69,911.29,0.0,952.98,45.56,995.86,0.0,1041.42,0.0,0.0,0.0,5068.6,49.2,3946.6,0.0,0.0,0.0,0.0,0.0,1072.7,0.0,0.0,0.0,0.0,0.0,0.0,0.0,49.2,0.0
2050-08-20 22:00:00,2050-08-20 20:00:00,3095.8,0.0,0.0,9.8,3105.6,2953.6,3096.3,0.0,1512.3,0.0459,0.081,gas-cc,gas-cc,84.2,1.6,0.16,9.9,635.3,0.04,84.3,28.9,113.2,90.6,1.7,0.17,10.7,683.6,0.04,90.7,31.1,121.8,153.5,2.9,0.29,18.1,1156.9,0.07,153.6,52.6,206.3,426.7,8.0,0.8,50.4,3219.6,0.18,427.1,146.4,573.5,41.69,47.05,0.0,88.74,45.36,51.19,0.0,96.56,0.0,0.0,0.0,4617.9,9.3,3535.9,0.0,0.0,0.0,0.0,0.0,1072.7,0.0,0.0,0.0,0.0,0.0,0.0,0.0,9.3,0.0
2050-08-20 23:00:00,2050-08-20 21:00:00,2891.6,0.0,0.0,4.0,2895.6,2765.4,2883.7,0.0,620.9,0.0436,0.0756,gas-cc,gas-cc,110.6,2.1,0.21,13.1,834.3,0.05,110.7,37.9,148.6,117.7,2.2,0.22,13.9,888.3,0.05,117.8,40.4,158.2,154.1,2.9,0.29,18.2,1161.3,0.07,154.2,52.8,207.1,424.2,8.0,0.8,50.1,3201.0,0.18,424.6,145.6,570.2,41.69,0.0,0.0,41.69,45.1,0.0,0.0,45.1,0.0,0.0,0.0,3516.5,11.9,2431.9,0.0,0.0,0.0,0.0,0.0,1072.7,0.0,0.0,0.0,0.0,0.0,0.0,0.0,11.9,0.0
2050-08-21 00:00:00,2050-08-20 22:00:00,2660.0,0.0,0.0,8.5,2668.5,2550.6,2658.0,0.0,1306.8,0.0411,0.0696,battery,gas-cc,97.8,1.8,0.18,11.6,738.0,0.04,97.9,33.6,131.5,104.2,2.0,0.2,12.3,786.4,0.05,104.3,35.8,140.1,189.1,3.6,0.36,22.3,1425.9,0.08,189.3,64.9,254.1,421.4,7.9,0.79,49.8,3180.2,0.18,421.9,144.6,566.5,41.69,0.0,0.0,41.69,44.81,0.0,0.0,44.81,0.0,0.0,0.0,3975.3,10.5,2892.0,0.0,0.0,0.0,0.0,0.0,1072.7,0.0,0.0,0.0,0.0,0.0,0.0,0.0,10.5,0.0
2050-08-21 01:00:00,2050-08-20 23:00:00,2446.3,0.0,0.0,9.8,2456.1,2351.2,2453.6,0.0,1511.1,0.0389,0.064,battery,gas-cc,98.0,1.8,0.18,11.6,739.5,0.04,98.1,33.6,131.7,104.2,2.0,0.2,12.3,786.2,0.05,104.3,35.8,140.0,223.5,4.2,0.42,26.4,1685.5,0.1,223.7,76.7,300.3,418.9,7.9,0.79,49.5,3161.2,0.18,419.4,143.7,563.1,41.69,0.0,0.0,41.69,44.54,0.0,0.0,44.54,0.0,0.0,0.0,3967.3,2.5,2892.0,0.0,0.0,0.0,0.0,0.0,1072.7,0.0,0.0,0.0,0.0,0.0,0.0,0.0,2.5,0.0
2050-08-21 02:00:00,2050-08-21 00:00:00,2208.4,0.0,0.0,8.7,2217.2,2127.8,2216.1,0.0,1343.1,0.0365,0.0578,gas-cc,gas-cc,109.2,2.1,0.21,12.9,824.0,0.05,109.3,37.5,146.8,115.5,2.2,0.22,13.7,871.3,0.05,115.6,39.6,155.2,170.7,3.2,0.32,20.2,1287.0,0.07,170.9,58.5,229.4,416.1,7.8,0.78,49.2,3140.3,0.18,416.6,142.8,559.4,41.69,0.0,0.0,41.69,44.24,0.0,0.0,44.24,0.0,0.0,0.0,3560.3,1.1,2486.5,0.0,0.0,0.0,0.0,0.0,1072.7,0.0,0.0,0.0,0.0,0.0,0.0,0.0,1.1,0.0
2050-08-21 03:00:00,2050-08-21 01:00:00,2049.5,0.0,0.0,7.9,2057.4,1977.7,2056.9,0.0,1219.3,0.035,0.0536,gas-cc,gas-cc,118.6,2.2,0.22,14.0,895.3,0.05,118.8,40.7,159.5,125.0,2.4,0.24,14.8,943.2,0.05,125.1,42.9,168.0,179.9,3.4,0.34,21.3,1356.9,0.08,180.1,61.7,241.9,414.3,7.8,0.78,48.9,3126.5,0.18,414.8,142.2,556.9,41.69,0.0,0.0,41.69,44.05,0.0,0.0,44.05,0.0,0.0,0.0,3276.7,0.5,2203.5,0.0,0.0,0.0,0.0,0.0,1072.7,0.0,0.0,0.0,0.0,0.0,0.0,0.0,0.5,0.0
2050-08-21 04:00:00,2050-08-21 02:00:00,1909.5,0.0,0.0,0.0,1909.5,1844.9,1903.1,0.0,0.0,0.0338,0.0499,battery,gas-cc,203.6,3.8,0.38,24.1,1536.4,0.09,203.8,69.9,273.7,212.0,4.0,0.4,25.1,1600.1,0.09,212.3,72.8,285.0,275.7,5.2,0.52,32.6,2080.3,0.12,276.0,94.6,370.6,407.2,7.7,0.77,48.1,3073.1,0.18,407.7,139.7,547.4,41.69,0.0,0.0,41.69,43.88,0.0,0.0,43.88,0.0,0.0,0.0,1909.5,6.4,830.4,0.0,0.0,0.0,0.0,0.0,1072.7,0.0,0.0,0.0,0.0,0.0,0.0,0.0,6.4,0.0
2050-08-21 05:00:00,2050-08-21 03:00:00,1802.1,0.0,0.0,3.8,1805.9,1742.8,1796.3,243.2,0.0,0.0329,0.0471,battery,gas-cc,248.8,4.7,0.47,29.4,1877.4,0.11,249.1,85.4,334.4,223.4,4.2,0.42,26.4,1685.9,0.1,223.6,76.7,300.3,198.0,3.7,0.37,23.4,1493.2,0.09,198.2,67.9,266.1,406.0,7.7,0.77,48.0,3064.0,0.18,406.5,139.3,545.8,41.69,0.0,0.0,41.69,43.75,0.0,0.0,43.75,0.0,0.0,0.0,1562.6,9.6,480.3,0.0,0.0,0.0,0.0,0.0,1072.7,0.0,0.0,0.0,0.0,0.0,0.0,0.0,9.6,0.0
2050-08-21 06:00:00,2050-08-21 04:00:00,1773.7,0.0,0.0,7.3,1781.0,1715.7,1767.2,509.3,0.0,0.0327,0.0464,battery,gas-cc,305.7,5.8,0.58,36.1,2306.8,0.13,306.0,104.9,410.9,232.4,4.4,0.44,27.5,1753.8,0.1,232.6,79.8,312.5,204.5,3.9,0.39,24.2,1542.3,0.09,204.7,70.1,274.9,405.7,7.6,0.76,47.9,3061.6,0.18,406.2,139.2,545.4,41.69,0.0,0.0,41.69,43.72,0.0,0.0,43.72,0.0,0.0,0.0,1271.7,13.8,185.2,0.0,0.0,0.0,0.0,0.0,1072.7,0.0,0.0,0.0,0.0,0.0,0.0,0.0,13.8,0.0
2050-08-21 07:00:00,2050-08-21 05:00:00,1816.8,0.0,0.0,8.8,1825.7,1756.8,1813.1,740.4,0.0,0.033,0.0475,gas-cc,gas-cc,358.2,6.8,0.68,42.3,2703.1,0.16,358.6,122.9,481.5,242.1,4.6,0.46,29.0,1827.9,0.11,242.4,83.5,325.8,296.3,5.6,0.56,35.0,2235.8,0.13,296.6,101.7,398.3,401.6,7.6,0.76,47.4,3030.9,0.17,402.1,137.8,539.9,41.2,0.0,0.0,41.2,43.26,0.0,0.0,43.26,0.0,0.0,0.0,1085.3,12.6,0.0,0.0,0.0,0.0,0.0,0.1,1072.7,0.0,0.0,0.0,0.0,0.0,0.0,2.6,9.8,0.0
2050-08-21 08:00:00,2050-08-21 06:00:00,1902.1,1609.5,0.0,10.0,3521.5,1837.9,-23.9,445.3,469.2,0.0337,0.0497,phs,gas-cc,0.0,0.0,0.0,0.0,0.0,0.0,0.0,0.0,0.0,0.0,0.0,0.0,0.0,0.0,0.0,0.0,0.0,0.0,168.8,3.2,0.32,19.9,1272.8,0.07,169.0,57.9,226.9,381.4,7.2,0.72,45.1,2877.9,0.17,381.8,130.9,512.6,24.49,0.0,0.0,24.49,25.77,0.0,0.0,25.77,0.0,0.0,0.0,3545.4,3545.4,0.0,0.0,0.0,0.0,0.0,149.3,0.0,0.0,0.0,0.0,0.0,0.0,0.0,3389.4,6.7,0.0
2050-08-21 09:00:00,2050-08-21 07:00:00,2095.8,3112.4,0.0,28.9,5237.0,2021.5,-2816.0,0.0,2816.0,0.0354,0.0548,upv,upv,0.0,0.0,0.0,0.0,0.0,0.0,0.0,0.0,0.0,0.0,0.0,0.0,0.0,0.0,0.0,0.0,0.0,0.0,142.4,2.7,0.27,16.8,1073.5,0.06,142.6,48.8,191.4,0.0,0.0,0.0,0.0,0.0,0.0,0.0,0.0,0.0,0.0,0.0,0.0,0.0,0.0,0.0,0.0,0.0,3.5,373.9,377.4,8053.1,8053.1,0.0,0.0,0.0,0.0,0.0,355.7,0.0,0.0,0.0,0.0,0.0,0.0,0.0,7697.4,0.0,0.0
2050-08-21 10:00:00,2050-08-21 08:00:00,2345.3,3430.2,0.0,28.9,5804.3,2256.5,-2816.0,0.0,2816.0,0.0379,0.0613,upv,upv,0.0,0.0,0.0,0.0,0.0,0.0,0.0,0.0,0.0,0.0,0.0,0.0,0.0,0.0,0.0,0.0,0.0,0.0,141.2,2.7,0.27,16.7,1064.1,0.06,141.3,48.4,189.7,0.0,0.0,0.0,0.0,0.0,0.0,0.0,0.0,0.0,0.0,0.0,0.0,0.0,0.0,0.0,0.0,0.0,2.0,1075.1,1077.1,8620.3,8620.3,0.0,0.0,0.0,0.0,0.0,409.2,0.0,0.0,0.0,0.0,0.0,0.0,0.0,8211.1,0.0,0.0
2050-08-21 11:00:00,2050-08-21 09:00:00,2515.8,3986.6,0.0,28.9,6531.3,2416.2,-2816.0,0.0,2816.0,0.0396,0.0658,upv,upv,0.0,0.0,0.0,0.0,0.0,0.0,0.0,0.0,0.0,0.0,0.0,0.0,0.0,0.0,0.0,0.0,0.0,0.0,141.1,2.7,0.27,16.7,1063.5,0.06,141.2,48.4,189.6,0.0,0.0,0.0,0.0,0.0,0.0,0.0,0.0,0.0,0.0,0.0,0.0,0.0,0.0,0.0,0.0,0.0,4.9,530.2,535.1,9347.3,9347.3,0.0,0.0,0.0,0.0,0.0,416.8,0.0,0.0,0.0,0.0,0.0,0.0,0.0,8930.5,0.0,0.0
2050-08-21 12:00:00,2050-08-21 10:00:00,2633.7,3629.9,0.0,28.9,6292.5,2526.1,-2816.0,0.0,2816.0,0.0408,0.0689,upv,upv,0.0,0.0,0.0,0.0,0.0,0.0,0.0,0.0,0.0,0.0,0.0,0.0,0.0,0.0,0.0,0.0,0.0,0.0,141.2,2.7,0.27,16.7,1064.9,0.06,141.4,48.4,189.8,0.0,0.0,0.0,0.0,0.0,0.0,0.0,0.0,0.0,0.0,0.0,0.0,0.0,0.0,0.0,0.0,0.0,2.3,620.7,623.1,9108.5,9108.5,0.0,0.0,0.0,0.0,0.0,410.7,0.0,0.0,0.0,0.0,0.0,0.0,0.0,8697.8,0.0,0.0
2050-08-21 13:00:00,2050-08-21 11:00:00,2713.7,3758.9,0.0,27.9,6500.4,2600.5,-2752.0,0.0,2752.0,0.0417,0.071,upv,upv,0.0,0.0,0.0,0.0,0.0,0.0,0.0,0.0,0.0,0.0,0.0,0.0,0.0,0.0,0.0,0.0,0.0,0.0,141.5,2.7,0.27,16.7,1066.6,0.06,141.6,48.5,190.1,0.0,0.0,0.0,0.0,0.0,0.0,0.0,0.0,0.0,0.0,0.0,0.0,0.0,0.0,0.0,0.0,0.0,0.9,328.1,329.0,9252.5,9252.5,0.0,0.0,0.0,0.0,0.0,404.2,0.0,0.0,0.0,0.0,0.0,0.0,0.0,8848.3,0.0,0.0
2050-08-21 14:00:00,2050-08-21 12:00:00,2806.3,3629.9,0.0,28.9,6465.1,2686.5,-2816.0,0.0,2816.0,0.0427,0.0734,upv,upv,0.0,0.0,0.0,0.0,0.0,0.0,0.0,0.0,0.0,0.0,0.0,0.0,0.0,0.0,0.0,0.0,0.0,0.0,141.5,2.7,0.27,16.7,1067.0,0.06,141.7,48.5,190.2,0.0,0.0,0.0,0.0,0.0,0.0,0.0,0.0,0.0,0.0,0.0,0.0,0.0,0.0,0.0,0.0,0.0,0.0,79.4,79.4,9281.1,9281.1,0.0,0.0,0.0,0.0,0.0,394.8,0.0,0.0,0.0,0.0,0.0,0.0,0.0,8883.7,2.6,0.0
2050-08-21 15:00:00,2050-08-21 13:00:00,2928.4,2821.5,0.0,28.9,5778.9,2799.4,-2816.0,0.0,2816.0,0.044,0.0766,upv,upv,0.0,0.0,0.0,0.0,0.0,0.0,0.0,0.0,0.0,0.0,0.0,0.0,0.0,0.0,0.0,0.0,0.0,0.0,141.7,2.7,0.27,16.7,1068.4,0.06,141.9,48.6,190.5,0.0,0.0,0.0,0.0,0.0,0.0,0.0,0.0,0.0,0.0,0.0,0.0,0.0,0.0,0.0,0.0,0.0,5.5,736.1,741.7,8594.9,8594.9,0.0,0.0,0.0,0.0,0.0,393.7,0.0,0.0,0.0,0.0,0.0,0.0,0.0,8201.1,0.0,0.0
2050-08-21 16:00:00,2050-08-21 14:00:00,3058.9,2755.7,0.0,28.9,5843.5,2919.7,-2816.0,0.0,2816.0,0.0455,0.08,distpv,distpv,0.0,0.0,0.0,0.0,0.0,0.0,0.0,0.0,0.0,0.0,0.0,0.0,0.0,0.0,0.0,0.0,0.0,0.0,143.6,2.7,0.27,17.0,1082.2,0.06,143.7,49.2,192.9,0.0,0.0,0.0,0.0,0.0,0.0,0.0,0.0,0.0,0.0,0.0,0.0,0.0,0.0,0.0,0.0,0.0,5.0,37.3,42.4,8659.5,8659.5,0.0,0.0,0.0,0.0,0.0,329.7,0.0,0.0,0.0,0.0,0.0,0.0,0.0,8329.8,0.0,0.0
2050-08-21 17:00:00,2050-08-21 15:00:00,3204.2,2431.9,0.0,17.1,5653.2,3053.1,-1116.4,445.3,1561.8,0.0472,0.0838,battery,gas-cc,0.0,0.0,0.0,0.0,0.0,0.0,0.0,0.0,0.0,0.0,0.0,0.0,0.0,0.0,0.0,0.0,0.0,0.0,142.2,2.7,0.27,16.8,1071.9,0.06,142.3,48.8,191.1,345.6,6.5,0.65,40.8,2607.7,0.15,345.9,118.6,464.5,18.71,0.0,0.0,18.71,20.42,0.0,0.0,20.42,0.0,0.0,0.0,6769.6,6769.6,0.0,0.0,0.0,0.0,0.0,282.4,0.0,0.0,0.0,0.0,0.0,0.0,0.0,6407.3,79.9,0.0
2050-08-21 18:00:00,2050-08-21 16:00:00,3340.0,0.0,0.0,16.5,3356.5,3177.3,-941.2,0.0,2014.0,0.0487,0.0873,battery,gas-cc,72.4,1.4,0.14,8.6,546.3,0.03,72.5,24.8,97.3,76.1,1.4,0.14,9.0,574.2,0.03,76.2,26.1,102.3,142.4,2.7,0.27,16.8,1073.7,0.06,142.6,48.8,191.4,472.0,8.9,0.89,55.8,3561.5,0.2,472.5,161.9,634.4,33.62,0.0,0.0,33.62,36.84,0.0,0.0,36.84,0.0,0.0,0.0,5370.4,4297.7,0.0,0.0,0.0,0.0,0.0,178.1,1072.7,0.0,0.0,0.0,0.0,0.0,0.0,4042.1,77.4,0.0
2050-08-21 19:00:00,2050-08-21 17:00:00,3437.9,0.0,0.0,10.3,3448.2,3266.5,2036.3,0.0,1580.2,0.0499,0.0899,battery,gas-cc,77.3,1.5,0.15,9.1,583.4,0.03,77.4,26.5,103.9,82.9,1.6,0.16,9.8,625.8,0.04,83.0,28.5,111.5,149.1,2.8,0.28,17.6,1124.2,0.07,149.3,51.1,200.4,436.7,8.2,0.82,51.6,3295.1,0.19,437.1,149.8,586.9,42.82,0.0,0.0,42.82,47.05,0.0,0.0,47.05,0.0,0.0,0.0,5028.4,1411.8,2543.8,0.0,0.0,0.0,0.0,56.6,1072.7,0.0,0.0,0.0,0.0,0.0,0.0,1283.6,71.7,0.0
2050-08-21 20:00:00,2050-08-21 18:00:00,3456.8,0.0,0.0,10.7,3467.5,3283.7,3408.8,0.0,1640.0,0.0501,0.0904,battery,gas-cc,76.1,1.4,0.14,9.0,574.4,0.03,76.2,26.1,102.3,82.5,1.6,0.16,9.8,622.8,0.04,82.6,28.3,111.0,174.6,3.3,0.33,20.6,1316.6,0.08,174.8,59.9,234.7,436.9,8.2,0.82,51.6,3296.8,0.19,437.4,149.9,587.3,42.82,602.52,0.0,645.34,47.08,662.4,0.0,709.47,0.0,0.0,0.0,5107.5,58.7,3976.0,0.0,0.0,0.0,0.0,0.0,1072.7,0.0,0.0,0.0,0.0,0.0,0.0,0.0,58.7,0.0
2050-08-21 21:00:00,2050-08-21 19:00:00,3420.0,0.0,0.0,10.7,3430.7,3250.2,3377.9,0.0,1640.0,0.0496,0.0894,battery,gas-ct,76.7,1.4,0.14,9.1,578.6,0.03,76.8,26.3,103.1,83.1,1.6,0.16,9.8,626.9,0.04,83.2,28.5,111.7,155.9,2.9,0.3,18.4,1175.3,0.07,156.1,53.5,209.6,609.4,11.5,1.15,72.0,4598.7,0.26,610.1,209.1,819.2,49.67,1576.11,0.0,1625.78,54.55,1730.91,0.0,1785.46,0.0,0.0,0.0,5070.6,52.7,3945.2,0.0,0.0,0.0,0.0,0.0,1072.7,0.0,0.0,0.0,0.0,0.0,0.0,0.0,52.7,0.0
2050-08-21 22:00:00,2050-08-21 20:00:00,3236.8,0.0,0.0,10.7,3247.5,3083.0,3149.8,0.0,1640.0,0.0475,0.0846,battery,gas-cc,79.5,1.5,0.15,9.4,600.2,0.03,79.6,27.3,106.9,85.8,1.6,0.16,10.2,647.9,0.04,85.9,29.5,115.4,173.2,3.3,0.33,20.5,1305.8,0.08,173.4,59.4,232.8,434.1,8.2,0.82,51.3,3276.1,0.19,434.6,149.0,583.6,42.82,582.4,0.0,625.22,46.78,636.25,0.0,683.03,0.0,0.0,0.0,4887.5,97.7,3717.0,0.0,0.0,0.0,0.0,0.0,1072.7,0.0,0.0,0.0,0.0,0.0,0.0,0.0,97.7,0.0
2050-08-21 23:00:00,2050-08-21 21:00:00,2974.7,0.0,0.0,10.7,2985.4,2842.2,2951.5,0.0,1640.0,0.0446,0.0778,battery,gas-cc,84.0,1.6,0.16,9.9,634.3,0.04,84.1,28.8,113.0,90.3,1.7,0.17,10.7,681.5,0.04,90.4,31.0,121.4,248.0,4.7,0.47,29.3,1871.2,0.11,248.3,85.1,333.4,430.9,8.1,0.81,50.9,3251.8,0.19,431.4,147.9,579.2,42.82,0.0,0.0,42.82,46.43,0.0,0.0,46.43,0.0,0.0,0.0,4625.4,33.9,3518.8,0.0,0.0,0.0,0.0,0.0,1072.7,0.0,0.0,0.0,0.0,0.0,0.0,0.0,33.9,0.0
2050-08-22 00:00:00,2050-08-21 22:00:00,2706.3,0.0,0.0,6.6,2712.9,2593.7,2685.2,0.0,1014.2,0.0416,0.0708,gas-cc,gas-cc,104.3,2.0,0.2,12.3,787.1,0.05,104.4,35.8,140.2,111.0,2.1,0.21,13.1,837.6,0.05,111.1,38.1,149.2,199.1,3.8,0.38,23.5,1498.6,0.09,199.3,68.2,267.5,456.2,8.6,0.86,53.9,3442.9,0.2,456.7,156.5,613.3,50.63,0.0,0.0,50.63,54.48,0.0,0.0,54.48,0.0,0.0,0.0,3727.1,27.7,2626.7,0.0,0.0,0.0,0.0,0.0,1072.7,0.0,0.0,0.0,0.0,0.0,0.0,0.0,27.7,0.0
2050-08-22 01:00:00,2050-08-21 23:00:00,2492.6,0.0,0.0,7.5,2500.1,2394.5,2439.1,0.0,1148.3,0.0394,0.0652,battery,gas-ct,106.6,2.0,0.2,12.6,804.1,0.05,106.7,36.6,143.2,113.0,2.1,0.21,13.4,852.9,0.05,113.1,38.8,151.9,154.2,2.9,0.29,18.2,1162.0,0.07,154.3,52.9,207.2,527.9,9.9,0.99,62.4,3983.4,0.23,528.4,181.1,709.6,50.63,0.0,0.0,50.63,54.16,0.0,0.0,54.16,0.0,0.0,0.0,3648.4,61.0,2514.7,0.0,0.0,0.0,0.0,0.0,1072.7,0.0,0.0,0.0,0.0,0.0,0.0,0.0,61.0,0.0
2050-08-22 02:00:00,2050-08-22 00:00:00,2231.6,0.0,0.0,9.0,2240.6,2149.6,2123.5,0.0,1381.1,0.0367,0.0584,gas-cc,gas-cc,107.3,2.0,0.2,12.7,810.0,0.05,107.5,36.8,144.3,113.5,2.1,0.21,13.4,856.3,0.05,113.6,39.0,152.6,153.8,2.9,0.29,18.2,1159.4,0.07,154.0,52.7,206.7,476.1,9.0,0.9,56.2,3593.1,0.21,476.7,163.4,640.0,49.32,0.0,0.0,49.32,52.38,0.0,0.0,52.38,0.0,0.0,0.0,3621.7,117.0,2431.9,0.0,0.0,0.0,0.0,0.0,1072.7,0.0,0.0,0.0,0.0,0.0,0.0,0.0,117.0,0.0
2050-08-22 03:00:00,2050-08-22 01:00:00,2072.6,0.0,0.0,7.1,2079.7,1999.6,2024.2,474.9,0.0,0.0352,0.0542,gas-cc,gas-cc,242.2,4.6,0.46,28.6,1828.0,0.11,242.5,83.1,325.6,207.9,3.9,0.39,24.6,1568.7,0.09,208.1,71.4,279.5,222.9,4.2,0.42,26.3,1681.1,0.1,223.1,76.5,299.6,420.8,7.9,0.79,49.7,3175.1,0.18,421.2,144.4,565.6,42.82,0.0,0.0,42.82,45.27,0.0,0.0,45.27,0.0,0.0,0.0,1604.8,55.6,476.5,0.0,0.0,0.0,0.0,0.0,1072.7,0.0,0.0,0.0,0.0,0.0,0.0,0.0,55.6,0.0
2050-08-22 04:00:00,2050-08-22 02:00:00,1946.3,0.0,0.0,3.8,1950.1,1879.9,1900.5,438.1,0.0,0.0341,0.0509,gas-cc,gas-cc,257.1,4.8,0.48,30.4,1940.2,0.11,257.4,88.2,345.6,249.5,4.7,0.47,29.8,1883.7,0.12,249.8,86.0,335.8,254.8,4.8,0.48,30.1,1922.1,0.11,255.1,87.4,342.5,413.1,7.8,0.78,48.8,3117.6,0.18,413.6,141.8,555.3,42.82,0.0,0.0,42.82,45.12,0.0,0.0,45.12,0.0,0.0,0.0,1512.0,49.6,389.6,0.0,0.0,0.0,0.0,0.0,1072.7,0.0,0.0,0.0,0.0,0.0,0.0,0.0,49.6,0.0
2050-08-22 05:00:00,2050-08-22 03:00:00,1848.4,0.0,0.0,4.9,1853.3,1786.9,1819.0,746.2,0.0,0.0333,0.0483,gas-cc,gas-cc,351.2,6.6,0.66,41.5,2650.0,0.15,351.6,120.5,472.0,312.1,5.9,0.59,37.7,2356.8,0.15,312.4,108.0,420.4,206.0,3.9,0.39,24.3,1553.8,0.09,206.2,70.7,276.9,412.0,7.8,0.78,48.7,3109.3,0.18,412.5,141.4,553.9,42.82,0.0,0.0,42.82,45.0,0.0,0.0,45.0,0.0,0.0,0.0,1107.0,34.3,0.0,0.0,0.0,0.0,0.0,0.0,1072.7,0.0,0.0,0.0,0.0,0.0,0.0,0.0,34.3,0.0
2050-08-22 06:00:00,2050-08-22 04:00:00,1811.6,0.0,0.0,4.5,1816.1,1751.8,1800.6,689.7,0.0,0.033,0.0474,gas-cc,gas-cc,345.1,6.5,0.65,40.8,2604.5,0.15,345.5,118.4,463.9,312.9,5.9,0.59,37.8,2363.3,0.15,313.3,108.2,421.5,166.0,3.1,0.31,19.6,1251.4,0.07,166.2,56.9,223.1,411.6,7.8,0.78,48.6,3106.1,0.18,412.1,141.2,553.3,42.82,0.0,0.0,42.82,44.95,0.0,0.0,44.95,0.0,0.0,0.0,1126.4,15.5,38.1,0.0,0.0,0.0,0.0,0.0,1072.7,0.0,0.0,0.0,0.0,0.0,0.0,0.0,15.5,0.0
2050-08-22 07:00:00,2050-08-22 05:00:00,1837.9,0.0,0.0,6.9,1844.8,1776.9,1831.2,445.3,0.0,0.0332,0.0481,battery,gas-cc,277.8,5.2,0.52,32.8,2096.2,0.12,278.1,95.3,373.4,229.0,4.3,0.43,27.1,1728.0,0.1,229.2,78.6,307.8,233.0,4.4,0.44,27.5,1757.8,0.1,233.3,79.9,313.2,417.5,7.9,0.79,49.3,3150.2,0.18,417.9,143.2,561.1,42.82,0.0,0.0,42.82,44.98,0.0,0.0,44.98,0.0,0.0,0.0,1399.5,13.6,313.1,0.0,0.0,0.0,0.0,0.2,1072.7,0.0,0.0,0.0,0.0,0.0,0.0,4.0,9.5,0.0
2050-08-22 08:00:00,2050-08-22 06:00:00,1930.5,576.2,0.0,14.3,2521.0,1864.9,-799.9,0.0,1872.6,0.034,0.0505,battery,gas-cc,88.5,1.7,0.17,10.5,667.7,0.04,88.6,30.4,118.9,91.6,1.7,0.17,10.8,691.2,0.04,91.7,31.4,123.1,140.2,2.6,0.27,16.6,1057.3,0.06,140.4,48.1,188.5,419.6,7.9,0.79,49.6,3166.4,0.18,420.1,144.0,564.0,34.32,0.0,0.0,34.32,36.15,0.0,0.0,36.15,0.0,0.0,0.0,4393.6,3320.9,0.0,0.0,0.0,0.0,0.0,139.8,1072.7,0.0,0.0,0.0,0.0,0.0,0.0,3173.0,8.1,0.0
2050-08-22 09:00:00,2050-08-22 07:00:00,2118.9,2539.1,0.0,28.9,4686.9,2043.4,-2816.0,0.0,2816.0,0.0357,0.0554,upv,upv,0.0,0.0,0.0,0.0,0.0,0.0,0.0,0.0,0.0,0.0,0.0,0.0,0.0,0.0,0.0,0.0,0.0,0.0,158.0,3.0,0.3,18.7,1191.7,0.07,158.2,54.2,212.4,0.0,0.0,0.0,0.0,0.0,0.0,0.0,0.0,0.0,0.0,0.0,0.0,0.0,0.0,0.0,0.0,0.0,9.3,377.5,386.8,7503.0,7503.0,0.0,0.0,0.0,0.0,0.0,332.6,0.0,0.0,0.0,0.0,0.0,0.0,0.0,7170.4,0.0,0.0
2050-08-22 10:00:00,2050-08-22 08:00:00,2332.6,3920.7,0.0,28.9,6282.3,2244.6,-2816.0,0.0,2816.0,0.0377,0.061,upv,upv,0.0,0.0,0.0,0.0,0.0,0.0,0.0,0.0,0.0,0.0,0.0,0.0,0.0,0.0,0.0,0.0,0.0,0.0,140.8,2.7,0.27,16.6,1061.4,0.06,140.9,48.3,189.2,0.0,0.0,0.0,0.0,0.0,0.0,0.0,0.0,0.0,0.0,0.0,0.0,0.0,0.0,0.0,0.0,0.0,8.0,225.9,233.9,9098.3,9098.3,0.0,0.0,0.0,0.0,0.0,393.4,0.0,0.0,0.0,0.0,0.0,0.0,0.0,8704.9,0.0,0.0
2050-08-22 11:00:00,2050-08-22 09:00:00,2471.6,4019.6,0.0,28.9,6520.0,2374.8,-2816.0,0.0,2816.0,0.0391,0.0646,upv,upv,0.0,0.0,0.0,0.0,0.0,0.0,0.0,0.0,0.0,0.0,0.0,0.0,0.0,0.0,0.0,0.0,0.0,0.0,141.1,2.7,0.27,16.7,1063.4,0.06,141.2,48.4,189.6,0.0,0.0,0.0,0.0,0.0,0.0,0.0,0.0,0.0,0.0,0.0,0.0,0.0,0.0,0.0,0.0,0.0,8.1,521.4,529.5,9336.1,9336.1,0.0,0.0,0.0,0.0,0.0,416.1,0.0,0.0,0.0,0.0,0.0,0.0,0.0,8919.9,0.0,0.0
2050-08-22 12:00:00,2050-08-22 10:00:00,2558.9,4019.6,0.0,28.9,6607.4,2456.5,-2816.0,0.0,2816.0,0.04,0.0669,upv,upv,0.0,0.0,0.0,0.0,0.0,0.0,0.0,0.0,0.0,0.0,0.0,0.0,0.0,0.0,0.0,0.0,0.0,0.0,141.2,2.7,0.27,16.7,1064.3,0.06,141.3,48.4,189.7,0.0,0.0,0.0,0.0,0.0,0.0,0.0,0.0,0.0,0.0,0.0,0.0,0.0,0.0,0.0,0.0,0.0,9.5,346.4,355.9,9423.4,9423.4,0.0,0.0,0.0,0.0,0.0,412.5,0.0,0.0,0.0,0.0,0.0,0.0,0.0,9010.9,0.0,0.0
2050-08-22 13:00:00,2050-08-22 11:00:00,2624.2,3824.8,0.0,28.9,6477.8,2517.3,-2816.0,0.0,2816.0,0.0407,0.0686,upv,upv,0.0,0.0,0.0,0.0,0.0,0.0,0.0,0.0,0.0,0.0,0.0,0.0,0.0,0.0,0.0,0.0,0.0,0.0,141.2,2.7,0.27,16.7,1064.8,0.06,141.4,48.4,189.8,0.0,0.0,0.0,0.0,0.0,0.0,0.0,0.0,0.0,0.0,0.0,0.0,0.0,0.0,0.0,0.0,0.0,8.2,212.7,221.0,9293.9,9293.9,0.0,0.0,0.0,0.0,0.0,401.3,0.0,0.0,0.0,0.0,0.0,0.0,0.0,8892.6,0.0,0.0
2050-08-22 14:00:00,2050-08-22 12:00:00,2706.3,3742.7,0.0,28.9,6477.9,2593.7,-2816.0,0.0,2816.0,0.0416,0.0708,battery,upv,0.0,0.0,0.0,0.0,0.0,0.0,0.0,0.0,0.0,0.0,0.0,0.0,0.0,0.0,0.0,0.0,0.0,0.0,142.9,2.7,0.27,16.9,1077.0,0.06,143.0,49.0,192.0,0.0,0.0,0.0,0.0,0.0,0.0,0.0,0.0,0.0,0.0,0.0,0.0,0.0,0.0,0.0,0.0,0.0,0.0,0.0,0.0,9293.9,9293.9,0.0,0.0,0.0,0.0,0.0,391.9,0.0,0.0,0.0,0.0,0.0,0.0,0.0,8892.0,10.0,0.0
2050-08-22 15:00:00,2050-08-22 13:00:00,2793.7,2626.7,0.0,28.9,5449.3,2674.8,-2816.0,0.0,2816.0,0.0426,0.0731,upv,upv,0.0,0.0,0.0,0.0,0.0,0.0,0.0,0.0,0.0,0.0,0.0,0.0,0.0,0.0,0.0,0.0,0.0,0.0,144.0,2.7,0.27,17.0,1085.9,0.06,144.2,49.4,193.6,0.0,0.0,0.0,0.0,0.0,0.0,0.0,0.0,0.0,0.0,0.0,0.0,0.0,0.0,0.0,0.0,0.0,0.0,333.4,333.4,8265.3,8265.3,0.0,0.0,0.0,0.0,0.0,362.0,0.0,0.0,0.0,0.0,0.0,0.0,0.0,7880.1,23.3,0.0
2050-08-22 16:00:00,2050-08-22 14:00:00,2900.0,2431.9,0.0,14.5,5346.4,2773.2,-1885.2,0.0,1885.2,0.0437,0.0758,battery,gas-cc,0.0,0.0,0.0,0.0,0.0,0.0,0.0,0.0,0.0,0.0,0.0,0.0,0.0,0.0,0.0,0.0,0.0,0.0,136.6,2.6,0.26,16.1,1029.7,0.06,136.7,46.8,183.6,342.6,6.5,0.65,40.5,2585.2,0.15,343.0,117.6,460.5,28.57,0.0,0.0,28.57,30.92,0.0,0.0,30.92,0.0,0.0,0.0,7231.5,7231.5,0.0,0.0,0.0,0.0,0.0,304.0,0.0,0.0,0.0,0.0,0.0,0.0,0.0,6901.7,25.8,0.0
2050-08-22 17:00:00,2050-08-22 15:00:00,3064.2,1842.3,0.0,10.7,4917.2,2924.6,-567.2,0.0,1640.0,0.0456,0.0801,battery,gas-cc,59.3,1.1,0.11,7.0,447.4,0.03,59.4,20.3,79.7,62.1,1.2,0.12,7.3,468.8,0.03,62.2,21.3,83.5,142.0,2.7,0.27,16.8,1070.2,0.06,142.1,48.7,190.8,433.1,8.2,0.82,51.2,3268.4,0.19,433.6,148.6,582.2,34.32,0.0,0.0,34.32,37.31,0.0,0.0,37.31,0.0,0.0,0.0,6557.2,5484.4,0.0,0.0,0.0,0.0,0.0,226.5,1072.7,0.0,0.0,0.0,0.0,0.0,0.0,5137.5,120.5,0.0
2050-08-22 18:00:00,2050-08-22 16:00:00,3183.2,0.0,0.0,5.5,3188.7,3033.8,222.4,0.0,850.3,0.0469,0.0832,gas-cc,gas-cc,96.3,1.8,0.18,11.4,726.3,0.04,96.4,33.0,129.4,101.0,1.9,0.19,11.9,762.1,0.04,101.1,34.7,135.8,145.0,2.7,0.27,17.1,1093.3,0.06,145.2,49.7,194.9,417.3,7.9,0.79,49.3,3149.0,0.18,417.7,143.2,560.9,40.11,0.0,0.0,40.11,43.76,0.0,0.0,43.76,0.0,0.0,0.0,4039.0,2966.3,0.0,0.0,0.0,0.0,0.0,121.8,1072.7,0.0,0.0,0.0,0.0,0.0,0.0,2764.2,80.2,0.0
2050-08-22 19:00:00,2050-08-22 17:00:00,3252.6,0.0,0.0,12.3,3264.9,3097.4,2311.8,0.0,1744.3,0.0477,0.0851,battery,gas-cc,77.6,1.5,0.15,9.2,585.6,0.03,77.7,26.6,104.3,83.3,1.6,0.16,9.9,628.8,0.04,83.4,28.6,112.0,151.7,2.9,0.29,17.9,1143.5,0.07,151.9,52.0,203.9,482.0,9.1,0.91,56.9,3637.5,0.21,482.6,165.4,647.9,40.41,0.0,0.0,40.41,44.17,0.0,0.0,44.17,0.0,0.0,0.0,5009.3,953.1,2983.4,0.0,0.0,0.0,0.0,35.4,1072.7,0.0,0.0,0.0,0.0,0.0,0.0,803.3,114.4,0.0
2050-08-22 20:00:00,2050-08-22 18:00:00,3252.6,0.0,0.0,10.7,3263.3,3097.4,3174.2,0.0,1640.0,0.0477,0.0851,battery,gas-cc,79.3,1.5,0.15,9.4,598.3,0.03,79.4,27.2,106.6,85.6,1.6,0.16,10.1,646.0,0.04,85.7,29.4,115.1,156.3,2.9,0.3,18.5,1177.9,0.07,156.4,53.6,210.0,482.0,9.1,0.91,56.9,3637.5,0.21,482.6,165.4,647.9,40.41,0.0,0.0,40.41,44.17,0.0,0.0,44.17,0.0,0.0,0.0,4903.3,89.1,3741.4,0.0,0.0,0.0,0.0,0.0,1072.7,0.0,0.0,0.0,0.0,0.0,0.0,0.0,89.1,0.0
2050-08-22 21:00:00,2050-08-22 19:00:00,3129.5,0.0,0.0,10.7,3140.1,2984.6,3068.6,0.0,1640.0,0.0463,0.0818,battery,gas-cc,81.3,1.5,0.15,9.6,613.7,0.04,81.4,27.9,109.3,87.6,1.7,0.17,10.4,661.2,0.04,87.7,30.1,117.8,154.7,2.9,0.29,18.3,1165.8,0.07,154.8,53.0,207.9,480.3,9.1,0.91,56.7,3624.7,0.21,480.9,164.8,645.7,40.41,0.0,0.0,40.41,44.02,0.0,0.0,44.02,0.0,0.0,0.0,4780.1,71.6,3635.8,0.0,0.0,0.0,0.0,0.0,1072.7,0.0,0.0,0.0,0.0,0.0,0.0,0.0,71.6,0.0
2050-08-22 22:00:00,2050-08-22 20:00:00,2912.6,0.0,0.0,10.7,2923.3,2784.8,2905.7,0.0,1640.0,0.0439,0.0762,battery,gas-cc,85.2,1.6,0.16,10.1,642.9,0.04,85.3,29.2,114.5,91.4,1.7,0.17,10.8,690.0,0.04,91.5,31.4,122.9,168.2,3.2,0.32,19.9,1268.4,0.07,168.4,57.7,226.1,477.4,9.0,0.9,56.4,3602.5,0.21,477.9,163.8,641.7,40.41,0.0,0.0,40.41,43.75,0.0,0.0,43.75,0.0,0.0,0.0,4563.3,17.6,3472.9,0.0,0.0,0.0,0.0,0.0,1072.7,0.0,0.0,0.0,0.0,0.0,0.0,0.0,17.6,0.0
2050-08-22 23:00:00,2050-08-22 21:00:00,2677.9,0.0,0.0,10.7,2688.6,2567.3,2676.7,0.0,1640.0,0.0413,0.07,battery,gas-cc,89.8,1.7,0.17,10.6,677.8,0.04,89.9,30.8,120.7,96.0,1.8,0.18,11.4,724.3,0.04,96.1,32.9,129.0,154.7,2.9,0.29,18.3,1166.1,0.07,154.9,53.0,207.9,474.2,8.9,0.89,56.0,3578.7,0.21,474.8,162.7,637.5,40.41,0.0,0.0,40.41,43.46,0.0,0.0,43.46,0.0,0.0,0.0,4328.5,11.9,3243.9,0.0,0.0,0.0,0.0,0.0,1072.7,0.0,0.0,0.0,0.0,0.0,0.0,0.0,11.9,0.0
2050-08-23 00:00:00,2050-08-22 22:00:00,2412.6,0.0,0.0,10.4,2423.1,2319.7,2413.8,0.0,1603.4,0.0385,0.0631,gas-cc,gas-cc,96.6,1.8,0.18,11.4,728.6,0.04,96.7,33.1,129.8,102.6,1.9,0.19,12.1,774.6,0.04,102.8,35.2,138.0,153.4,2.9,0.29,18.1,1156.5,0.07,153.6,52.6,206.2,418.5,7.9,0.79,49.4,3158.2,0.18,419.0,143.6,562.6,41.69,0.0,0.0,41.69,44.5,0.0,0.0,44.5,0.0,0.0,0.0,4026.4,9.3,2944.4,0.0,0.0,0.0,0.0,0.0,1072.7,0.0,0.0,0.0,0.0,0.0,0.0,0.0,9.3,0.0
2050-08-23 01:00:00,2050-08-22 23:00:00,2149.5,0.0,0.0,9.1,2158.6,2072.2,2155.3,0.0,1399.2,0.0359,0.0562,battery,gas-cc,109.3,2.1,0.21,12.9,824.6,0.05,109.4,37.5,146.9,115.5,2.2,0.22,13.7,871.3,0.05,115.6,39.6,155.2,236.3,4.5,0.45,27.9,1782.4,0.1,236.5,81.1,317.6,452.6,8.5,0.85,53.5,3415.2,0.2,453.1,155.3,608.3,41.42,0.0,0.0,41.42,43.88,0.0,0.0,43.88,0.0,0.0,0.0,3557.7,3.3,2481.7,0.0,0.0,0.0,0.0,0.0,1072.7,0.0,0.0,0.0,0.0,0.0,0.0,0.0,3.3,0.0
2050-08-23 02:00:00,2050-08-23 00:00:00,1853.7,0.0,0.0,0.0,1853.7,1791.9,1851.4,0.0,0.0,0.0333,0.0485,battery,gas-cc,209.7,4.0,0.4,24.8,1582.6,0.09,209.9,72.0,281.9,218.2,4.1,0.41,25.8,1646.8,0.09,218.5,74.9,293.4,251.6,4.7,0.47,29.7,1898.2,0.11,251.9,86.3,338.2,463.5,8.7,0.87,54.8,3497.7,0.2,464.0,159.0,623.0,40.93,0.0,0.0,40.93,43.02,0.0,0.0,43.02,0.0,0.0,0.0,1853.7,2.3,778.6,0.0,0.0,0.0,0.0,0.0,1072.7,0.0,0.0,0.0,0.0,0.0,0.0,0.0,2.3,0.0
2050-08-23 03:00:00,2050-08-23 01:00:00,1675.8,0.0,0.0,3.3,1679.1,1622.2,1677.2,214.8,0.0,0.032,0.0438,hydro,gas-cc,265.5,5.0,0.5,31.4,2003.5,0.12,265.8,91.1,356.9,241.2,4.5,0.45,28.5,1819.8,0.1,241.4,82.8,324.2,236.8,4.5,0.45,28.0,1786.4,0.1,237.1,81.2,318.3,394.7,7.4,0.74,46.6,2978.6,0.17,395.1,135.4,530.6,40.93,0.0,0.0,40.93,42.81,0.0,0.0,42.81,0.0,0.0,0.0,1464.3,1.9,389.6,0.0,0.0,0.0,0.0,0.0,1072.7,0.0,0.0,0.0,0.0,0.0,0.0,0.0,1.9,0.0
2050-08-23 04:00:00,2050-08-23 02:00:00,1577.9,0.0,0.0,2.1,1580.0,1528.5,1579.5,132.6,0.0,0.0313,0.0413,hydro,gas-cc,268.6,5.1,0.51,31.7,2026.9,0.12,268.9,92.2,361.1,257.2,4.8,0.48,30.4,1940.9,0.11,257.5,88.3,345.7,218.2,4.1,0.41,25.8,1645.9,0.09,218.4,74.9,293.3,393.7,7.4,0.74,46.5,2970.7,0.17,394.1,135.1,529.2,40.93,0.0,0.0,40.93,42.69,0.0,0.0,42.69,0.0,0.0,0.0,1447.3,0.4,374.2,0.0,0.0,0.0,0.0,0.0,1072.7,0.0,0.0,0.0,0.0,0.0,0.0,0.0,0.4,0.0
2050-08-23 05:00:00,2050-08-23 03:00:00,1523.2,0.0,0.0,0.0,1523.2,1476.0,1521.8,0.0,0.0,0.031,0.0398,battery,gas-cc,255.2,4.8,0.48,30.2,1926.0,0.11,255.5,87.6,343.1,264.3,5.0,0.5,31.2,1994.4,0.11,264.6,90.7,355.3,286.6,5.4,0.54,33.9,2162.1,0.12,286.9,98.3,385.2,403.0,7.6,0.76,47.6,3040.7,0.17,403.4,138.3,541.6,40.93,0.0,0.0,40.93,42.63,0.0,0.0,42.63,0.0,0.0,0.0,1523.2,1.4,449.0,0.0,0.0,0.0,0.0,0.0,1072.7,0.0,0.0,0.0,0.0,0.0,0.0,0.0,1.4,0.0
2050-08-23 06:00:00,2050-08-23 04:00:00,1517.9,0.0,0.0,0.1,1518.0,1470.9,1483.0,6.6,0.0,0.031,0.0397,battery,gas-cc,257.2,4.8,0.48,30.4,1941.0,0.11,257.5,88.3,345.8,265.1,5.0,0.5,31.3,2000.4,0.12,265.4,91.0,356.3,283.9,5.4,0.54,33.5,2142.5,0.12,284.3,97.4,381.7,402.9,7.6,0.76,47.6,3040.3,0.17,403.3,138.2,541.6,40.93,0.0,0.0,40.93,42.62,0.0,0.0,42.62,0.0,0.0,0.0,1511.4,35.0,403.6,0.0,0.0,0.0,0.0,0.0,1072.7,0.0,0.0,0.0,0.0,0.0,0.0,0.0,35.0,0.0
2050-08-23 07:00:00,2050-08-23 05:00:00,1558.9,0.0,0.0,3.8,1562.8,1510.3,1532.0,245.7,0.0,0.0312,0.0408,hydro,gas-cc,295.2,5.6,0.56,34.9,2227.4,0.13,295.5,101.3,396.8,261.2,4.9,0.49,30.9,1971.4,0.11,261.5,89.6,351.2,262.4,4.9,0.49,31.0,1979.7,0.11,262.7,90.0,352.7,393.5,7.4,0.74,46.5,2969.2,0.17,393.9,135.0,528.9,40.93,0.0,0.0,40.93,42.67,0.0,0.0,42.67,0.0,0.0,0.0,1317.1,30.8,213.6,0.0,0.0,0.0,0.0,0.1,1072.7,0.0,0.0,0.0,0.0,0.0,0.0,1.3,29.4,0.0
2050-08-23 08:00:00,2050-08-23 06:00:00,1660.0,595.6,0.0,12.1,2267.7,1607.1,1243.2,1243.2,0.0,0.0319,0.0434,battery,gas-cc,0.0,0.0,0.0,0.0,0.0,0.0,0.0,0.0,0.0,0.0,0.0,0.0,0.8,1.9,0.02,0.0,0.9,0.9,139.9,2.6,0.26,16.5,1055.0,0.06,140.1,48.0,188.1,363.6,6.9,0.69,42.9,2743.4,0.16,363.9,124.7,488.7,31.82,0.0,0.0,31.82,33.26,0.0,0.0,33.26,0.0,0.0,0.0,1024.6,1024.6,0.0,0.0,0.0,0.0,0.0,43.1,0.0,0.0,0.0,0.0,0.0,0.0,0.0,979.0,2.4,0.0
2050-08-23 09:00:00,2050-08-23 07:00:00,1822.1,1228.8,0.0,12.1,3063.0,1761.8,1243.2,1243.2,0.0,0.0331,0.0477,battery,gas-cc,0.0,0.0,0.0,0.0,0.0,0.0,0.0,0.0,0.0,0.0,0.0,0.0,0.4,0.9,0.01,0.0,0.4,0.4,140.2,2.6,0.27,16.6,1057.3,0.06,140.4,48.1,188.5,365.2,6.9,0.69,43.1,2755.7,0.16,365.6,125.3,490.9,31.82,0.0,0.0,31.82,33.41,0.0,0.0,33.41,0.0,0.0,0.0,1819.8,1819.8,0.0,0.0,0.0,0.0,0.0,76.7,0.0,0.0,0.0,0.0,0.0,0.0,0.0,1741.6,1.5,0.0
2050-08-23 10:00:00,2050-08-23 08:00:00,2023.2,1711.4,0.0,12.1,3746.7,1952.8,1243.2,1243.2,0.0,0.0348,0.0529,battery,gas-cc,0.0,0.0,0.0,0.0,0.0,0.0,0.0,0.0,0.0,0.0,0.0,0.0,0.3,0.6,0.01,0.0,0.3,0.3,142.4,2.7,0.27,16.8,1073.3,0.06,142.5,48.8,191.3,367.2,6.9,0.69,43.4,2771.0,0.16,367.6,126.0,493.6,31.82,0.0,0.0,31.82,33.6,0.0,0.0,33.6,0.0,0.0,0.0,2503.5,2503.5,0.0,0.0,0.0,0.0,0.0,105.6,0.0,0.0,0.0,0.0,0.0,0.0,0.0,2395.9,2.1,0.0
2050-08-23 11:00:00,2050-08-23 09:00:00,2113.7,2000.8,0.0,12.1,4126.5,2038.4,1243.2,1243.2,0.0,0.0356,0.0553,battery,gas-cc,0.0,0.0,0.0,0.0,0.0,0.0,0.0,0.0,0.0,0.0,0.0,0.0,0.2,0.5,0.0,0.0,0.2,0.2,154.0,2.9,0.29,18.2,1161.2,0.07,154.2,52.8,207.0,368.1,6.9,0.69,43.5,2777.9,0.16,368.5,126.3,494.8,31.82,0.0,0.0,31.82,33.68,0.0,0.0,33.68,0.0,0.0,0.0,2883.4,2883.4,0.0,0.0,0.0,0.0,0.0,121.6,0.0,0.0,0.0,0.0,0.0,0.0,0.0,2761.0,0.8,0.0
2050-08-23 12:00:00,2050-08-23 10:00:00,2165.3,2932.5,0.0,12.1,5109.9,2087.1,1243.2,1243.2,0.0,0.0361,0.0566,battery,gas-cc,0.0,0.0,0.0,0.0,0.0,0.0,0.0,0.0,0.0,0.0,0.0,0.0,0.2,0.4,0.0,0.0,0.2,0.2,171.1,3.2,0.32,20.2,1290.4,0.07,171.3,58.7,230.0,335.6,6.3,0.63,39.6,2532.6,0.15,336.0,115.2,451.1,26.94,0.0,0.0,26.94,28.56,0.0,0.0,28.56,0.0,0.0,0.0,3866.7,3866.7,0.0,0.0,0.0,0.0,0.0,163.0,0.0,0.0,0.0,0.0,0.0,0.0,0.0,3699.6,4.1,0.0
2050-08-23 13:00:00,2050-08-23 11:00:00,2195.8,3824.8,0.0,7.2,6027.8,2115.9,493.2,493.2,0.0,0.0364,0.0574,gas-cc,gas-cc,0.0,0.0,0.0,0.0,0.0,0.0,0.0,0.0,0.0,0.0,0.0,0.0,0.0,0.0,0.0,0.0,0.0,0.0,153.1,2.9,0.29,18.1,1154.4,0.07,153.3,52.5,205.8,373.2,7.0,0.7,44.1,2816.4,0.16,373.6,128.1,501.7,26.94,0.0,0.0,26.94,28.58,0.0,0.0,28.58,0.0,0.0,0.0,5534.6,5534.6,0.0,0.0,0.0,0.0,0.0,233.0,0.0,0.0,0.0,0.0,0.0,0.0,0.0,5286.1,15.5,0.0
2050-08-23 14:00:00,2050-08-23 12:00:00,2216.8,3629.9,0.0,7.1,5853.9,2135.7,476.5,476.5,0.0,0.0366,0.058,gas-cc,gas-cc,0.0,0.0,0.0,0.0,0.0,0.0,0.0,0.0,0.0,0.0,0.0,0.0,0.0,0.0,0.0,0.0,0.0,0.0,172.3,3.2,0.33,20.4,1299.2,0.07,172.5,59.1,231.6,373.4,7.0,0.7,44.1,2818.0,0.16,373.8,128.1,502.0,26.94,0.0,0.0,26.94,28.6,0.0,0.0,28.6,0.0,0.0,0.0,5377.4,5377.4,0.0,0.0,0.0,0.0,0.0,226.5,0.0,0.0,0.0,0.0,0.0,0.0,0.0,5137.5,13.5,0.0
2050-08-23 15:00:00,2050-08-23 13:00:00,2298.9,4015.6,0.0,6.9,6321.5,2213.0,445.3,445.3,0.0,0.0374,0.0601,battery,gas-cc,0.0,0.0,0.0,0.0,0.0,0.0,0.0,0.0,0.0,0.0,0.0,0.0,0.0,0.0,0.0,0.0,0.0,0.0,140.8,2.7,0.27,16.6,1061.3,0.06,140.9,48.3,189.2,336.9,6.3,0.63,39.8,2542.0,0.15,337.2,115.6,452.8,26.94,0.0,0.0,26.94,28.66,0.0,0.0,28.66,0.0,0.0,0.0,5876.2,5876.2,0.0,0.0,0.0,0.0,0.0,247.4,0.0,0.0,0.0,0.0,0.0,0.0,0.0,5615.7,13.1,0.0
2050-08-23 16:00:00,2050-08-23 14:00:00,2327.4,4019.6,0.0,3.4,6350.4,2239.7,221.2,221.2,0.0,0.0377,0.0609,battery,gas-cc,0.0,0.0,0.0,0.0,0.0,0.0,0.0,0.0,0.0,0.0,0.0,0.0,0.0,0.0,0.0,0.0,0.0,0.0,144.0,2.7,0.27,17.0,1085.6,0.06,144.1,49.4,193.5,337.1,6.4,0.64,39.8,2544.0,0.15,337.5,115.7,453.2,26.76,0.0,0.0,26.76,28.5,0.0,0.0,28.5,0.0,0.0,0.0,6129.2,6129.2,0.0,0.0,0.0,0.0,0.0,255.5,0.0,0.0,0.0,0.0,0.0,0.0,0.0,5796.6,77.0,0.0
2050-08-23 17:00:00,2050-08-23 15:00:00,2361.1,3838.9,0.0,11.4,6211.3,2271.3,1133.3,1133.3,0.0,0.038,0.0617,gas-cc,gas-cc,0.0,0.0,0.0,0.0,0.0,0.0,0.0,0.0,0.0,0.0,0.0,0.0,0.2,0.4,0.0,0.0,0.2,0.2,142.1,2.7,0.27,16.8,1071.2,0.06,142.2,48.7,191.0,374.9,7.1,0.71,44.3,2829.3,0.16,375.3,128.7,504.0,26.94,0.0,0.0,26.94,28.71,0.0,0.0,28.71,0.0,0.0,0.0,5078.1,5078.1,0.0,0.0,0.0,0.0,0.0,211.8,0.0,0.0,0.0,0.0,0.0,0.0,0.0,4807.9,58.3,0.0
2050-08-23 18:00:00,2050-08-23 16:00:00,2458.9,972.8,0.0,0.0,3431.7,2363.0,0.0,0.0,0.0,0.039,0.0643,battery,gas-cc,0.0,0.0,0.0,0.0,0.0,0.0,0.0,0.0,0.0,0.0,0.0,0.0,0.0,0.0,0.0,0.0,0.0,0.0,141.1,2.7,0.27,16.7,1063.7,0.06,141.3,48.4,189.6,371.7,7.0,0.7,43.9,2804.7,0.16,372.1,127.5,499.6,31.82,0.0,0.0,31.82,34.01,0.0,0.0,34.01,0.0,0.0,0.0,3431.7,3431.7,0.0,0.0,0.0,0.0,0.0,144.1,0.0,0.0,0.0,0.0,0.0,0.0,0.0,3269.9,17.7,0.0
2050-08-23 19:00:00,2050-08-23 17:00:00,2544.2,0.0,0.0,10.7,2554.9,2442.7,1216.8,0.0,1640.0,0.0399,0.0665,battery,gas-cc,92.7,1.7,0.17,10.9,699.3,0.04,92.8,31.8,124.6,97.8,1.8,0.18,11.6,738.2,0.04,97.9,33.6,131.5,152.3,2.9,0.29,18.0,1148.0,0.07,152.5,52.2,204.7,437.2,8.2,0.82,51.6,3299.2,0.19,437.7,150.0,587.7,37.47,0.0,0.0,37.47,40.14,0.0,0.0,40.14,0.0,0.0,0.0,4194.8,1338.1,1784.0,0.0,0.0,0.0,0.0,56.1,1072.7,0.0,0.0,0.0,0.0,0.0,0.0,1272.3,9.7,0.0
2050-08-23 20:00:00,2050-08-23 18:00:00,2569.5,0.0,0.0,10.7,2580.1,2466.3,2552.4,0.0,1640.0,0.0402,0.0672,battery,gas-cc,92.1,1.7,0.17,10.9,695.2,0.04,92.2,31.6,123.8,98.2,1.9,0.19,11.6,741.3,0.04,98.3,33.7,132.1,154.8,2.9,0.29,18.3,1166.6,0.07,154.9,53.1,208.0,437.5,8.2,0.82,51.7,3301.5,0.19,438.0,150.1,588.1,37.47,0.0,0.0,37.47,40.17,0.0,0.0,40.17,0.0,0.0,0.0,4220.1,27.8,3119.6,0.0,0.0,0.0,0.0,0.0,1072.7,0.0,0.0,0.0,0.0,0.0,0.0,0.0,27.8,0.0
2050-08-23 21:00:00,2050-08-23 19:00:00,2606.3,0.0,0.0,10.7,2617.0,2500.6,2593.2,0.0,1640.0,0.0405,0.0682,battery,gas-cc,91.3,1.7,0.17,10.8,689.1,0.04,91.4,31.3,122.8,97.4,1.8,0.18,11.5,735.4,0.04,97.6,33.5,131.0,188.4,3.6,0.36,22.3,1420.5,0.08,188.6,64.6,253.2,438.0,8.3,0.83,51.7,3304.9,0.19,438.4,150.3,588.7,37.47,0.0,0.0,37.47,40.21,0.0,0.0,40.21,0.0,0.0,0.0,4256.9,23.7,3160.5,0.0,0.0,0.0,0.0,0.0,1072.7,0.0,0.0,0.0,0.0,0.0,0.0,0.0,23.7,0.0
2050-08-23 22:00:00,2050-08-23 20:00:00,2546.3,0.0,0.0,10.7,2557.0,2444.7,2530.8,0.0,1640.0,0.0399,0.0666,battery,gas-cc,92.6,1.7,0.17,10.9,699.0,0.04,92.7,31.8,124.5,98.7,1.9,0.19,11.7,745.1,0.04,98.8,33.9,132.7,189.1,3.6,0.36,22.3,1426.3,0.08,189.3,64.9,254.2,437.2,8.2,0.82,51.6,3299.4,0.19,437.7,150.0,587.7,37.47,0.0,0.0,37.47,40.14,0.0,0.0,40.14,0.0,0.0,0.0,4196.9,26.1,3098.1,0.0,0.0,0.0,0.0,0.0,1072.7,0.0,0.0,0.0,0.0,0.0,0.0,0.0,26.1,0.0
2050-08-23 23:00:00,2050-08-23 21:00:00,2414.7,0.0,0.0,5.9,2420.6,2321.6,2409.6,0.0,900.3,0.0386,0.0631,battery,gas-cc,117.1,2.2,0.22,13.8,883.4,0.05,117.2,40.2,157.4,123.8,2.3,0.23,14.6,934.3,0.05,123.9,42.5,166.4,153.5,2.9,0.29,18.1,1157.4,0.07,153.7,52.6,206.3,435.6,8.2,0.82,51.5,3287.2,0.19,436.1,149.5,585.6,37.47,0.0,0.0,37.47,40.0,0.0,0.0,40.0,0.0,0.0,0.0,3320.8,11.0,2237.1,0.0,0.0,0.0,0.0,0.0,1072.7,0.0,0.0,0.0,0.0,0.0,0.0,0.0,11.0,0.0
2050-08-24 00:00:00,2050-08-23 22:00:00,2245.3,0.0,0.0,10.7,2255.9,2162.5,2241.6,0.0,1640.0,0.0369,0.0587,battery,gas-cc,99.8,1.9,0.19,11.8,753.0,0.04,99.9,34.2,134.1,105.8,2.0,0.2,12.5,798.4,0.05,105.9,36.3,142.2,191.2,3.6,0.36,22.6,1441.8,0.08,191.4,65.6,257.0,433.6,8.2,0.82,51.2,3271.8,0.19,434.0,148.8,582.8,37.64,0.0,0.0,37.64,39.99,0.0,0.0,39.99,0.0,0.0,0.0,3895.9,14.3,2808.8,0.0,0.0,0.0,0.0,0.0,1072.7,0.0,0.0,0.0,0.0,0.0,0.0,0.0,14.3,0.0
2050-08-24 01:00:00,2050-08-23 23:00:00,2058.9,0.0,0.0,10.7,2069.6,1986.7,2057.3,0.0,1640.0,0.0351,0.0538,battery,gas-cc,104.8,2.0,0.2,12.4,790.8,0.05,104.9,36.0,140.9,110.8,2.1,0.21,13.1,835.8,0.05,110.9,38.0,148.9,159.9,3.1,0.31,18.9,1197.2,0.07,160.1,54.6,214.7,431.3,8.1,0.81,51.0,3254.9,0.19,431.8,148.0,579.8,37.64,0.0,0.0,37.64,39.78,0.0,0.0,39.78,0.0,0.0,0.0,3709.6,12.3,2624.5,0.0,0.0,0.0,0.0,0.0,1072.7,0.0,0.0,0.0,0.0,0.0,0.0,0.0,12.3,0.0
2050-08-24 02:00:00,2050-08-24 00:00:00,1850.5,0.0,0.0,10.7,1861.2,1788.9,1851.2,0.0,1640.0,0.0333,0.0484,battery,gas-cc,111.0,2.1,0.21,13.1,837.9,0.05,111.2,38.1,149.3,117.0,2.2,0.22,13.8,882.6,0.05,117.1,40.1,157.2,154.4,2.9,0.29,18.2,1164.1,0.07,154.6,53.0,207.5,428.9,8.1,0.81,50.7,3236.3,0.19,429.3,147.2,576.5,37.64,0.0,0.0,37.64,39.55,0.0,0.0,39.55,0.0,0.0,0.0,3501.2,10.0,2418.4,0.0,0.0,0.0,0.0,0.0,1072.7,0.0,0.0,0.0,0.0,0.0,0.0,0.0,10.0,0.0
2050-08-24 03:00:00,2050-08-24 01:00:00,1727.4,0.0,0.0,1.8,1729.2,1671.5,1716.5,0.0,278.5,0.0323,0.0452,battery,gas-cc,193.6,3.6,0.36,22.9,1461.3,0.08,193.8,66.4,260.3,201.5,3.8,0.38,23.8,1520.6,0.09,201.7,69.2,270.9,153.8,2.9,0.29,18.2,1159.6,0.07,154.0,52.7,206.7,352.2,6.6,0.66,41.6,2657.8,0.15,352.6,120.9,473.4,37.64,0.0,0.0,37.64,39.42,0.0,0.0,39.42,0.0,0.0,0.0,2007.6,12.7,922.2,0.0,0.0,0.0,0.0,0.0,1072.7,0.0,0.0,0.0,0.0,0.0,0.0,0.0,12.7,0.0
2050-08-24 04:00:00,2050-08-24 02:00:00,1621.1,0.0,0.0,3.1,1624.1,1569.8,1610.6,0.0,469.4,0.0316,0.0424,battery,gas-cc,185.7,3.5,0.35,21.9,1401.3,0.08,185.9,63.7,249.6,193.2,3.6,0.36,22.8,1458.0,0.08,193.4,66.3,259.7,156.9,3.0,0.31,18.6,1170.9,0.07,157.1,53.5,210.6,426.2,8.0,0.8,50.3,3216.0,0.18,426.6,146.2,572.9,37.64,0.0,0.0,37.64,39.3,0.0,0.0,39.3,0.0,0.0,0.0,2093.5,13.5,1007.2,0.0,0.0,0.0,0.0,0.0,1072.7,0.0,0.0,0.0,0.0,0.0,0.0,0.0,13.5,0.0
2050-08-24 05:00:00,2050-08-24 03:00:00,1538.9,0.0,0.0,0.0,1538.9,1491.1,1525.8,0.0,0.0,0.0311,0.0402,battery,gas-cc,252.6,4.8,0.48,29.8,1906.3,0.11,252.9,86.7,339.6,261.6,4.9,0.49,30.9,1974.1,0.11,261.9,89.8,351.7,173.4,3.3,0.33,20.5,1307.3,0.08,173.6,59.5,233.0,425.2,8.0,0.8,50.2,3208.8,0.18,425.7,145.9,571.6,37.64,0.0,0.0,37.64,39.22,0.0,0.0,39.22,0.0,0.0,0.0,1538.9,13.2,453.0,0.0,0.0,0.0,0.0,0.0,1072.7,0.0,0.0,0.0,0.0,0.0,0.0,0.0,13.2,0.0
2050-08-24 06:00:00,2050-08-24 04:00:00,1503.2,0.0,0.0,0.0,1503.2,1456.8,1490.3,0.0,0.0,0.0309,0.0393,battery,gas-cc,258.6,4.9,0.49,30.6,1951.7,0.11,258.9,88.7,347.6,267.7,5.0,0.5,31.6,2020.2,0.12,268.0,91.9,359.9,189.7,3.6,0.36,22.4,1430.6,0.08,189.9,65.1,255.0,424.8,8.0,0.8,50.2,3205.7,0.18,425.3,145.8,571.0,37.64,0.0,0.0,37.64,39.18,0.0,0.0,39.18,0.0,0.0,0.0,1503.2,12.9,417.6,0.0,0.0,0.0,0.0,0.0,1072.7,0.0,0.0,0.0,0.0,0.0,0.0,0.0,12.9,0.0
2050-08-24 07:00:00,2050-08-24 05:00:00,1489.5,0.0,0.0,0.0,1489.5,1443.6,1476.8,0.0,0.0,0.0308,0.039,battery,gas-cc,261.0,4.9,0.49,30.8,1969.6,0.11,261.3,89.6,350.8,270.1,5.1,0.51,31.9,2038.4,0.12,270.4,92.7,363.1,153.0,2.9,0.29,18.1,1153.3,0.07,153.2,52.5,205.6,424.6,8.0,0.8,50.2,3204.5,0.18,425.1,145.7,570.8,37.64,0.0,0.0,37.64,39.16,0.0,0.0,39.16,0.0,0.0,0.0,1489.5,12.6,404.1,0.0,0.0,0.0,0.0,0.1,1072.7,0.0,0.0,0.0,0.0,0.0,0.0,1.3,11.3,0.0
2050-08-24 08:00:00,2050-08-24 06:00:00,1597.9,0.0,0.0,19.4,1617.3,1547.6,-2206.2,0.0,2206.2,0.0314,0.0418,battery,gas-cc,0.0,0.0,0.0,0.0,0.0,0.0,0.0,0.0,0.0,0.0,0.0,0.0,0.0,0.0,0.0,0.0,0.0,0.0,139.9,2.6,0.26,16.5,1054.7,0.06,140.0,48.0,188.0,376.6,7.1,0.71,44.5,2841.7,0.16,377.0,129.2,506.2,15.18,0.0,0.0,15.18,15.84,0.0,0.0,15.84,0.0,0.0,0.0,3823.6,3823.6,0.0,0.0,0.0,0.0,0.0,161.1,0.0,0.0,0.0,0.0,0.0,0.0,0.0,3657.6,4.8,0.0
2050-08-24 09:00:00,2050-08-24 07:00:00,1760.0,2821.5,0.0,0.0,4581.5,1702.6,0.0,0.0,0.0,0.0326,0.046,upv,upv,0.0,0.0,0.0,0.0,0.0,0.0,0.0,0.0,0.0,0.0,0.0,0.0,0.0,0.0,0.0,0.0,0.0,0.0,140.0,2.6,0.27,16.5,1055.8,0.06,140.2,48.0,188.2,0.0,0.0,0.0,0.0,0.0,0.0,0.0,0.0,0.0,0.0,0.0,0.0,0.0,0.0,0.0,0.0,0.0,0.0,3928.0,3928.0,4581.5,4581.5,0.0,0.0,0.0,0.0,0.0,0.0,0.0,0.0,0.0,0.0,0.0,0.0,0.0,4580.0,1.5,0.0
2050-08-24 10:00:00,2050-08-24 08:00:00,1953.7,2626.7,0.0,0.0,4580.4,1886.9,0.0,0.0,0.0,0.0342,0.0511,upv,upv,0.0,0.0,0.0,0.0,0.0,0.0,0.0,0.0,0.0,0.0,0.0,0.0,0.0,0.0,0.0,0.0,0.0,0.0,140.3,2.6,0.27,16.6,1057.5,0.06,140.4,48.1,188.5,0.0,0.0,0.0,0.0,0.0,0.0,0.0,0.0,0.0,0.0,0.0,0.0,0.0,0.0,0.0,0.0,0.0,0.4,5195.9,5196.3,4580.4,4580.4,0.0,0.0,0.0,0.0,0.0,0.0,0.0,0.0,0.0,0.0,0.0,0.0,0.0,4580.4,0.0,0.0
2050-08-24 11:00:00,2050-08-24 09:00:00,2069.5,3824.8,0.0,0.0,5894.2,1996.6,0.0,0.0,0.0,0.0352,0.0541,upv,upv,0.0,0.0,0.0,0.0,0.0,0.0,0.0,0.0,0.0,0.0,0.0,0.0,0.0,0.0,0.0,0.0,0.0,0.0,140.4,2.7,0.27,16.6,1058.7,0.06,140.6,48.2,188.7,0.0,0.0,0.0,0.0,0.0,0.0,0.0,0.0,0.0,0.0,0.0,0.0,0.0,0.0,0.0,0.0,0.0,0.6,3801.3,3801.9,5894.2,5894.2,0.0,0.0,0.0,0.0,0.0,409.2,0.0,0.0,0.0,0.0,0.0,0.0,0.0,5485.0,0.0,0.0
2050-08-24 12:00:00,2050-08-24 10:00:00,2121.1,3629.9,0.0,0.0,5751.0,2045.4,0.0,0.0,0.0,0.0357,0.0555,upv,upv,0.0,0.0,0.0,0.0,0.0,0.0,0.0,0.0,0.0,0.0,0.0,0.0,0.0,0.0,0.0,0.0,0.0,0.0,140.5,2.7,0.27,16.6,1059.2,0.06,140.6,48.2,188.8,0.0,0.0,0.0,0.0,0.0,0.0,0.0,0.0,0.0,0.0,0.0,0.0,0.0,0.0,0.0,0.0,0.0,2.9,4005.2,4008.1,5751.0,5751.0,0.0,0.0,0.0,0.0,0.0,0.0,0.0,0.0,0.0,0.0,0.0,0.0,0.0,5751.0,0.0,0.0
2050-08-24 13:00:00,2050-08-24 11:00:00,2170.5,2461.0,0.0,0.0,4631.5,2092.1,0.0,0.0,0.0,0.0361,0.0568,upv,upv,0.0,0.0,0.0,0.0,0.0,0.0,0.0,0.0,0.0,0.0,0.0,0.0,0.0,0.0,0.0,0.0,0.0,0.0,140.6,2.7,0.27,16.6,1059.7,0.06,140.7,48.2,188.9,0.0,0.0,0.0,0.0,0.0,0.0,0.0,0.0,0.0,0.0,0.0,0.0,0.0,0.0,0.0,0.0,0.0,8.1,4868.3,4876.4,4631.5,4631.5,0.0,0.0,0.0,0.0,0.0,400.9,0.0,0.0,0.0,0.0,0.0,0.0,0.0,4230.6,0.0,0.0
2050-08-24 14:00:00,2050-08-24 12:00:00,2231.6,3882.9,0.0,0.0,6114.5,2149.6,0.0,0.0,0.0,0.0367,0.0584,upv,upv,0.0,0.0,0.0,0.0,0.0,0.0,0.0,0.0,0.0,0.0,0.0,0.0,0.0,0.0,0.0,0.0,0.0,0.0,140.6,2.7,0.27,16.6,1060.3,0.06,140.8,48.2,189.0,0.0,0.0,0.0,0.0,0.0,0.0,0.0,0.0,0.0,0.0,0.0,0.0,0.0,0.0,0.0,0.0,0.0,0.0,3819.2,3819.2,6114.5,6114.5,0.0,0.0,0.0,0.0,0.0,418.3,0.0,0.0,0.0,0.0,0.0,0.0,0.0,5673.8,22.4,0.0
2050-08-24 15:00:00,2050-08-24 13:00:00,2330.5,3435.1,0.0,0.0,5765.6,2242.6,0.0,0.0,0.0,0.0377,0.0609,upv,upv,0.0,0.0,0.0,0.0,0.0,0.0,0.0,0.0,0.0,0.0,0.0,0.0,0.0,0.0,0.0,0.0,0.0,0.0,140.8,2.7,0.27,16.6,1061.4,0.06,140.9,48.3,189.2,0.0,0.0,0.0,0.0,0.0,0.0,0.0,0.0,0.0,0.0,0.0,0.0,0.0,0.0,0.0,0.0,0.0,47.5,3228.2,3275.7,5765.6,5765.6,0.0,0.0,0.0,0.0,0.0,379.7,0.0,0.0,0.0,0.0,0.0,0.0,0.0,5386.0,0.0,0.0
2050-08-24 16:00:00,2050-08-24 14:00:00,2432.6,3795.7,0.0,0.0,6228.3,2338.4,0.0,0.0,0.0,0.0387,0.0636,upv,upv,0.0,0.0,0.0,0.0,0.0,0.0,0.0,0.0,0.0,0.0,0.0,0.0,0.0,0.0,0.0,0.0,0.0,0.0,140.9,2.7,0.27,16.7,1062.5,0.06,141.1,48.3,189.4,0.0,0.0,0.0,0.0,0.0,0.0,0.0,0.0,0.0,0.0,0.0,0.0,0.0,0.0,0.0,0.0,0.0,60.8,2515.8,2576.6,6228.3,6228.3,0.0,0.0,0.0,0.0,0.0,369.0,0.0,0.0,0.0,0.0,0.0,0.0,0.0,5859.3,0.0,0.0
2050-08-24 17:00:00,2050-08-24 15:00:00,2564.2,3079.4,0.0,0.0,5643.6,2461.4,0.0,0.0,0.0,0.0401,0.0671,upv,upv,0.0,0.0,0.0,0.0,0.0,0.0,0.0,0.0,0.0,0.0,0.0,0.0,0.0,0.0,0.0,0.0,0.0,0.0,142.3,2.7,0.27,16.8,1072.8,0.06,142.5,48.8,191.3,0.0,0.0,0.0,0.0,0.0,0.0,0.0,0.0,0.0,0.0,0.0,0.0,0.0,0.0,0.0,0.0,0.0,67.8,2999.2,3067.0,5643.6,5643.6,0.0,0.0,0.0,0.0,0.0,364.7,0.0,0.0,0.0,0.0,0.0,0.0,0.0,5279.0,0.0,0.0
2050-08-24 18:00:00,2050-08-24 16:00:00,2672.6,1609.5,0.0,10.6,4292.7,2562.4,-1637.1,0.0,1637.1,0.0413,0.0699,upv,upv,0.0,0.0,0.0,0.0,0.0,0.0,0.0,0.0,0.0,0.0,0.0,0.0,0.0,0.0,0.0,0.0,0.0,0.0,141.6,2.7,0.27,16.7,1067.5,0.06,141.7,48.6,190.3,0.0,0.0,0.0,0.0,0.0,0.0,0.0,0.0,0.0,0.0,0.0,0.0,0.0,0.0,0.0,0.0,0.0,55.0,2004.6,2059.7,5929.9,5929.9,0.0,0.0,0.0,0.0,0.0,334.9,0.0,0.0,0.0,0.0,0.0,0.0,0.0,5595.0,0.0,0.0
2050-08-24 19:00:00,2050-08-24 17:00:00,2770.5,0.0,0.0,19.2,2789.7,2653.3,-1116.5,0.0,2189.3,0.0423,0.0725,hydro,hydro,78.1,1.5,0.15,9.2,589.2,0.03,78.2,26.8,105.0,81.5,1.5,0.15,9.6,615.2,0.04,81.6,28.0,109.6,149.1,2.8,0.28,17.6,1123.7,0.06,149.2,51.1,200.3,0.0,0.0,0.0,0.0,0.0,0.0,0.0,0.0,0.0,35.91,0.0,0.0,35.91,38.72,0.0,0.0,38.72,0.0,0.0,0.0,4979.0,3906.2,0.0,0.0,0.0,0.0,0.0,162.9,1072.7,0.0,0.0,0.0,0.0,0.0,0.0,3696.4,47.0,0.0
2050-08-24 20:00:00,2050-08-24 18:00:00,2825.3,0.0,0.0,9.4,2834.6,2704.0,2777.2,0.0,1441.8,0.0429,0.0739,battery,gas-cc,90.9,1.7,0.17,10.7,686.0,0.04,91.0,31.2,122.2,97.2,1.8,0.18,11.5,733.8,0.04,97.3,33.4,130.7,192.0,3.6,0.36,22.7,1447.7,0.08,192.2,65.8,258.0,379.9,7.2,0.72,44.9,2866.4,0.16,380.3,130.3,510.6,37.47,0.0,0.0,37.47,40.46,0.0,0.0,40.46,0.0,0.0,0.0,4276.5,57.5,3146.3,0.0,0.0,0.0,0.0,0.0,1072.7,0.0,0.0,0.0,0.0,0.0,0.0,0.0,57.5,0.0
2050-08-24 21:00:00,2050-08-24 19:00:00,2837.9,0.0,0.0,0.0,2837.9,2715.7,2799.7,0.0,0.0,0.043,0.0742,battery,gas-cc,137.0,2.6,0.26,16.2,1033.7,0.06,137.1,47.0,184.1,145.0,2.7,0.27,17.1,1094.3,0.06,145.2,49.8,194.9,175.4,3.3,0.33,20.7,1322.3,0.08,175.6,60.1,235.7,440.8,8.3,0.83,52.1,3326.5,0.19,441.3,151.3,592.6,37.47,0.0,0.0,37.47,40.47,0.0,0.0,40.47,0.0,0.0,0.0,2837.9,38.2,1726.9,0.0,0.0,0.0,0.0,0.0,1072.7,0.0,0.0,0.0,0.0,0.0,0.0,0.0,38.2,0.0
2050-08-24 22:00:00,2050-08-24 20:00:00,2713.7,0.0,0.0,9.8,2723.5,2600.5,2678.5,0.0,1511.4,0.0417,0.071,battery,gas-cc,91.8,1.7,0.17,10.8,692.7,0.04,91.9,31.5,123.4,98.0,1.8,0.18,11.6,739.9,0.04,98.1,33.7,131.8,158.1,3.0,0.3,18.7,1191.5,0.07,158.2,54.2,212.4,439.3,8.3,0.83,51.9,3314.9,0.19,439.8,150.7,590.5,37.47,0.0,0.0,37.47,40.33,0.0,0.0,40.33,0.0,0.0,0.0,4234.9,45.0,3117.2,0.0,0.0,0.0,0.0,0.0,1072.7,0.0,0.0,0.0,0.0,0.0,0.0,0.0,45.0,0.0
2050-08-24 23:00:00,2050-08-24 21:00:00,2541.1,0.0,0.0,1.5,2542.5,2439.8,2497.4,0.0,228.0,0.0399,0.0665,battery,gas-cc,140.3,2.6,0.26,16.6,1058.9,0.06,140.5,48.1,188.6,148.0,2.8,0.28,17.5,1116.6,0.06,148.1,50.8,198.9,154.6,2.9,0.29,18.3,1165.5,0.07,154.8,53.0,207.8,437.2,8.2,0.82,51.6,3298.9,0.19,437.6,150.0,587.6,37.47,0.0,0.0,37.47,40.14,0.0,0.0,40.14,0.0,0.0,0.0,2770.5,45.1,1652.6,0.0,0.0,0.0,0.0,0.0,1072.7,0.0,0.0,0.0,0.0,0.0,0.0,0.0,45.1,0.0
2050-08-25 00:00:00,2050-08-24 22:00:00,2330.5,0.0,0.0,10.7,2341.2,2242.6,2313.6,0.0,1640.0,0.0377,0.0609,battery,gas-cc,97.7,1.8,0.18,11.5,736.9,0.04,97.8,33.5,131.3,103.7,2.0,0.2,12.3,782.4,0.05,103.8,35.6,139.4,163.1,3.1,0.31,19.3,1230.0,0.07,163.3,55.9,219.3,434.6,8.2,0.82,51.3,3279.5,0.19,435.1,149.1,584.2,37.47,0.0,0.0,37.47,39.9,0.0,0.0,39.9,0.0,0.0,0.0,3981.2,27.6,2880.8,0.0,0.0,0.0,0.0,0.0,1072.7,0.0,0.0,0.0,0.0,0.0,0.0,0.0,27.6,0.0
2050-08-25 01:00:00,2050-08-24 23:00:00,2110.5,0.0,0.0,10.7,2121.2,2035.4,2104.4,0.0,1640.0,0.0356,0.0552,battery,gas-cc,103.4,1.9,0.19,12.2,780.0,0.04,103.5,35.5,138.9,109.3,2.1,0.21,12.9,825.1,0.05,109.4,37.5,147.0,153.6,2.9,0.29,18.1,1157.9,0.07,153.8,52.7,206.5,431.9,8.1,0.81,51.0,3259.6,0.19,432.4,148.2,580.6,37.47,0.0,0.0,37.47,39.66,0.0,0.0,39.66,0.0,0.0,0.0,3761.2,16.7,2671.7,0.0,0.0,0.0,0.0,0.0,1072.7,0.0,0.0,0.0,0.0,0.0,0.0,0.0,16.7,0.0
2050-08-25 02:00:00,2050-08-25 00:00:00,1896.8,0.0,0.0,10.7,1907.5,1832.9,1900.2,0.0,1640.0,0.0337,0.0496,battery,gas-cc,109.6,2.1,0.21,12.9,827.0,0.05,109.7,37.6,147.3,115.5,2.2,0.22,13.7,871.7,0.05,115.6,39.7,155.3,150.7,2.8,0.29,17.8,1136.0,0.07,150.9,51.7,202.5,429.4,8.1,0.81,50.7,3240.4,0.19,429.9,147.3,577.2,37.47,0.0,0.0,37.47,39.43,0.0,0.0,39.43,0.0,0.0,0.0,3547.5,7.3,2467.4,0.0,0.0,0.0,0.0,0.0,1072.7,0.0,0.0,0.0,0.0,0.0,0.0,0.0,7.3,0.0
2050-08-25 03:00:00,2050-08-25 01:00:00,1757.9,0.0,0.0,10.7,1768.6,1700.6,1762.4,0.0,1640.0,0.0326,0.046,battery,gas-cc,114.1,2.1,0.21,13.5,860.7,0.05,114.2,39.1,153.3,120.0,2.3,0.23,14.2,905.3,0.05,120.1,41.2,161.3,160.2,3.0,0.3,18.9,1207.8,0.07,160.4,54.9,215.3,427.8,8.1,0.81,50.5,3228.0,0.19,428.2,146.8,575.0,37.47,0.0,0.0,37.47,39.28,0.0,0.0,39.28,0.0,0.0,0.0,3408.5,6.1,2329.6,0.0,0.0,0.0,0.0,0.0,1072.7,0.0,0.0,0.0,0.0,0.0,0.0,0.0,6.1,0.0
2050-08-25 04:00:00,2050-08-25 02:00:00,1660.0,0.0,0.0,5.6,1665.6,1607.1,1661.5,0.0,869.0,0.0319,0.0434,gas-cc,gas-cc,153.4,2.9,0.29,18.1,1157.4,0.07,153.5,52.6,206.2,160.2,3.0,0.3,18.9,1208.6,0.07,160.3,55.0,215.3,159.1,3.0,0.3,18.8,1199.1,0.07,159.2,54.6,213.8,367.8,6.9,0.69,43.4,2775.1,0.16,368.1,126.2,494.3,37.47,0.0,0.0,37.47,39.17,0.0,0.0,39.17,0.0,0.0,0.0,2534.7,4.2,1457.8,0.0,0.0,0.0,0.0,0.0,1072.7,0.0,0.0,0.0,0.0,0.0,0.0,0.0,4.2,0.0
2050-08-25 05:00:00,2050-08-25 03:00:00,1587.4,0.0,0.0,8.6,1596.0,1537.6,1593.2,0.0,1326.9,0.0314,0.0415,gas-cc,gas-cc,133.0,2.5,0.25,15.7,1003.7,0.06,133.1,45.6,178.8,139.2,2.6,0.26,16.5,1050.6,0.06,139.4,47.8,187.2,148.9,2.8,0.28,17.6,1122.2,0.07,149.0,51.1,200.1,367.0,6.9,0.69,43.4,2769.6,0.16,367.4,125.9,493.4,37.47,0.0,0.0,37.47,39.09,0.0,0.0,39.09,0.0,0.0,0.0,2922.9,2.8,1847.4,0.0,0.0,0.0,0.0,0.0,1072.7,0.0,0.0,0.0,0.0,0.0,0.0,0.0,2.8,0.0
2050-08-25 06:00:00,2050-08-25 04:00:00,1569.5,0.0,0.0,7.5,1577.0,1520.4,1574.2,0.0,1151.2,0.0313,0.041,gas-cc,gas-cc,142.5,2.7,0.27,16.8,1075.3,0.06,142.7,48.9,191.5,148.9,2.8,0.28,17.6,1123.9,0.06,149.1,51.1,200.2,236.9,4.5,0.45,28.0,1786.9,0.1,237.1,81.3,318.4,366.8,6.9,0.69,43.3,2768.3,0.16,367.2,125.9,493.1,37.47,0.0,0.0,37.47,39.07,0.0,0.0,39.07,0.0,0.0,0.0,2728.1,2.8,1652.6,0.0,0.0,0.0,0.0,0.0,1072.7,0.0,0.0,0.0,0.0,0.0,0.0,0.0,2.8,0.0
2050-08-25 07:00:00,2050-08-25 05:00:00,1610.5,0.0,0.0,6.5,1617.0,1559.8,1615.1,0.0,998.8,0.0315,0.0421,gas-cc,gas-cc,148.6,2.8,0.28,17.6,1121.5,0.06,148.8,51.0,199.8,155.2,2.9,0.29,18.4,1171.5,0.07,155.4,53.3,208.7,262.1,4.9,0.49,31.0,1977.5,0.11,262.4,89.9,352.3,367.3,6.9,0.69,43.4,2771.4,0.16,367.7,126.0,493.7,37.47,0.0,0.0,37.47,39.12,0.0,0.0,39.12,0.0,0.0,0.0,2615.8,1.9,1541.2,0.0,0.0,0.0,0.0,0.1,1072.7,0.0,0.0,0.0,0.0,0.0,0.0,1.3,0.5,0.0
2050-08-25 08:00:00,2050-08-25 06:00:00,1708.4,1260.3,0.0,10.7,2979.4,1653.4,-1640.0,0.0,1640.0,0.0322,0.0447,battery,upv,0.0,0.0,0.0,0.0,0.0,0.0,0.0,0.0,0.0,0.0,0.0,0.0,0.0,0.0,0.0,0.0,0.0,0.0,140.0,2.6,0.26,16.5,1055.4,0.06,140.1,48.0,188.1,0.0,0.0,0.0,0.0,0.0,0.0,0.0,0.0,0.0,0.0,0.0,0.0,0.0,0.0,0.0,0.0,0.0,0.0,0.0,0.0,4619.3,4619.3,0.0,0.0,0.0,0.0,0.0,194.9,0.0,0.0,0.0,0.0,0.0,0.0,0.0,4423.4,1.0,0.0
2050-08-25 09:00:00,2050-08-25 07:00:00,1886.3,2645.3,0.0,0.0,4531.6,1822.9,0.0,0.0,0.0,0.0336,0.0493,upv,upv,0.0,0.0,0.0,0.0,0.0,0.0,0.0,0.0,0.0,0.0,0.0,0.0,0.0,0.0,0.0,0.0,0.0,0.0,140.2,2.6,0.27,16.6,1056.9,0.06,140.3,48.1,188.4,0.0,0.0,0.0,0.0,0.0,0.0,0.0,0.0,0.0,0.0,0.0,0.0,0.0,0.0,0.0,0.0,0.0,0.6,4731.9,4732.5,4531.6,4531.6,0.0,0.0,0.0,0.0,0.0,390.8,0.0,0.0,0.0,0.0,0.0,0.0,0.0,4140.7,0.0,0.0
2050-08-25 10:00:00,2050-08-25 08:00:00,2095.8,3824.8,0.0,0.0,5920.5,2021.5,0.0,0.0,0.0,0.0354,0.0548,upv,upv,0.0,0.0,0.0,0.0,0.0,0.0,0.0,0.0,0.0,0.0,0.0,0.0,0.0,0.0,0.0,0.0,0.0,0.0,142.6,2.7,0.27,16.8,1074.7,0.06,142.7,48.9,191.6,0.0,0.0,0.0,0.0,0.0,0.0,0.0,0.0,0.0,0.0,0.0,0.0,0.0,0.0,0.0,0.0,0.0,0.3,4321.5,4321.8,5920.5,5920.5,0.0,0.0,0.0,0.0,0.0,432.3,0.0,0.0,0.0,0.0,0.0,0.0,0.0,5488.2,0.0,0.0
2050-08-25 11:00:00,2050-08-25 09:00:00,2213.7,2461.0,0.0,0.0,4674.7,2132.7,0.0,0.0,0.0,0.0366,0.0579,upv,upv,0.0,0.0,0.0,0.0,0.0,0.0,0.0,0.0,0.0,0.0,0.0,0.0,0.0,0.0,0.0,0.0,0.0,0.0,140.6,2.7,0.27,16.6,1060.1,0.06,140.8,48.2,189.0,0.0,0.0,0.0,0.0,0.0,0.0,0.0,0.0,0.0,0.0,0.0,0.0,0.0,0.0,0.0,0.0,0.0,1.3,5486.2,5487.5,4674.7,4674.7,0.0,0.0,0.0,0.0,0.0,428.7,0.0,0.0,0.0,0.0,0.0,0.0,0.0,4245.9,0.0,0.0
2050-08-25 12:00:00,2050-08-25 10:00:00,2296.8,3696.8,0.0,0.0,5993.7,2211.0,-0.0,0.0,0.0,0.0374,0.0601,upv,upv,0.0,0.0,0.0,0.0,0.0,0.0,0.0,0.0,0.0,0.0,0.0,0.0,0.0,0.0,0.0,0.0,0.0,0.0,140.7,2.7,0.27,16.6,1061.0,0.06,140.9,48.3,189.2,0.0,0.0,0.0,0.0,0.0,0.0,0.0,0.0,0.0,0.0,0.0,0.0,0.0,0.0,0.0,0.0,0.0,5.5,3897.5,3903.0,5993.7,5993.7,0.0,0.0,0.0,0.0,0.0,417.5,0.0,0.0,0.0,0.0,0.0,0.0,0.0,5576.1,0.0,0.0
2050-08-25 13:00:00,2050-08-25 11:00:00,2366.3,3211.2,0.0,0.0,5577.5,2276.2,0.0,0.0,0.0,0.0381,0.0619,upv,upv,0.0,0.0,0.0,0.0,0.0,0.0,0.0,0.0,0.0,0.0,0.0,0.0,0.0,0.0,0.0,0.0,0.0,0.0,140.8,2.7,0.27,16.6,1061.8,0.06,141.0,48.3,189.3,0.0,0.0,0.0,0.0,0.0,0.0,0.0,0.0,0.0,0.0,0.0,0.0,0.0,0.0,0.0,0.0,0.0,11.6,4124.8,4136.4,5577.5,5577.5,0.0,0.0,0.0,0.0,0.0,409.6,0.0,0.0,0.0,0.0,0.0,0.0,0.0,5167.9,0.0,0.0
2050-08-25 14:00:00,2050-08-25 12:00:00,2437.9,3235.4,0.0,0.0,5673.3,2343.3,0.0,0.0,0.0,0.0388,0.0638,upv,upv,0.0,0.0,0.0,0.0,0.0,0.0,0.0,0.0,0.0,0.0,0.0,0.0,0.0,0.0,0.0,0.0,0.0,0.0,142.1,2.7,0.27,16.8,1070.9,0.06,142.2,48.7,190.9,0.0,0.0,0.0,0.0,0.0,0.0,0.0,0.0,0.0,0.0,0.0,0.0,0.0,0.0,0.0,0.0,0.0,0.0,4001.1,4001.1,5673.3,5673.3,0.0,0.0,0.0,0.0,0.0,407.4,0.0,0.0,0.0,0.0,0.0,0.0,0.0,5246.3,19.5,0.0
2050-08-25 15:00:00,2050-08-25 13:00:00,2544.2,3795.7,0.0,0.0,6339.9,2442.7,0.0,0.0,0.0,0.0399,0.0665,upv,upv,0.0,0.0,0.0,0.0,0.0,0.0,0.0,0.0,0.0,0.0,0.0,0.0,0.0,0.0,0.0,0.0,0.0,0.0,141.1,2.7,0.27,16.7,1063.8,0.06,141.3,48.4,189.7,0.0,0.0,0.0,0.0,0.0,0.0,0.0,0.0,0.0,0.0,0.0,0.0,0.0,0.0,0.0,0.0,0.0,0.0,3264.1,3264.1,6339.9,6339.9,0.0,0.0,0.0,0.0,0.0,404.2,0.0,0.0,0.0,0.0,0.0,0.0,0.0,5905.9,29.8,0.0
2050-08-25 16:00:00,2050-08-25 14:00:00,2642.1,3406.0,0.0,0.0,6048.1,2534.0,0.0,0.0,0.0,0.0409,0.0691,upv,upv,0.0,0.0,0.0,0.0,0.0,0.0,0.0,0.0,0.0,0.0,0.0,0.0,0.0,0.0,0.0,0.0,0.0,0.0,141.3,2.7,0.27,16.7,1065.0,0.06,141.4,48.4,189.9,0.0,0.0,0.0,0.0,0.0,0.0,0.0,0.0,0.0,0.0,0.0,0.0,0.0,0.0,0.0,0.0,0.0,0.0,3690.6,3690.6,6048.1,6048.1,0.0,0.0,0.0,0.0,0.0,409.2,0.0,0.0,0.0,0.0,0.0,0.0,0.0,5595.7,43.2,0.0
2050-08-25 17:00:00,2050-08-25 15:00:00,2770.5,2626.7,0.0,0.0,5397.2,2653.3,0.0,0.0,0.0,0.0423,0.0725,upv,upv,0.0,0.0,0.0,0.0,0.0,0.0,0.0,0.0,0.0,0.0,0.0,0.0,0.0,0.0,0.0,0.0,0.0,0.0,141.5,2.7,0.27,16.7,1066.5,0.06,141.6,48.5,190.1,0.0,0.0,0.0,0.0,0.0,0.0,0.0,0.0,0.0,0.0,0.0,0.0,0.0,0.0,0.0,0.0,0.0,0.0,4336.6,4336.6,5397.2,5397.2,0.0,0.0,0.0,0.0,0.0,408.9,0.0,0.0,0.0,0.0,0.0,0.0,0.0,4943.2,45.1,0.0
2050-08-25 18:00:00,2050-08-25 16:00:00,2900.0,1003.4,0.0,0.0,3903.4,2773.2,0.0,0.0,0.0,0.0437,0.0758,upv,upv,0.0,0.0,0.0,0.0,0.0,0.0,0.0,0.0,0.0,0.0,0.0,0.0,0.0,0.0,0.0,0.0,0.0,0.0,145.2,2.7,0.27,17.2,1094.7,0.06,145.4,49.8,195.2,0.0,0.0,0.0,0.0,0.0,0.0,0.0,0.0,0.0,0.0,0.0,0.0,0.0,0.0,0.0,0.0,0.0,0.0,4900.6,4900.6,3903.4,3903.4,0.0,0.0,0.0,0.0,0.0,369.6,0.0,0.0,0.0,0.0,0.0,0.0,0.0,3487.4,46.5,0.0
2050-08-25 19:00:00,2050-08-25 17:00:00,3000.0,0.0,0.0,21.3,3021.3,2865.5,-1255.3,0.0,2328.1,0.0448,0.0785,gas-cc,gas-cc,72.7,1.4,0.14,8.6,548.4,0.03,72.8,24.9,97.7,76.1,1.4,0.14,9.0,574.2,0.03,76.2,26.1,102.3,142.1,2.7,0.27,16.8,1071.4,0.06,142.3,48.7,191.0,393.3,7.4,0.74,46.5,2967.5,0.17,393.7,134.9,528.6,33.52,0.0,0.0,33.52,36.38,0.0,0.0,36.38,0.0,0.0,0.0,5349.4,4276.7,0.0,0.0,0.0,0.0,0.0,178.6,1072.7,0.0,0.0,0.0,0.0,0.0,0.0,4055.1,43.0,0.0
2050-08-25 20:00:00,2050-08-25 18:00:00,3000.0,0.0,0.0,7.4,3007.4,2865.5,2950.2,0.0,1138.9,0.0448,0.0785,gas-cc,gas-cc,93.8,1.8,0.18,11.1,707.5,0.04,93.9,32.2,126.0,100.4,1.9,0.19,11.9,757.6,0.04,100.5,34.5,135.0,156.6,3.0,0.3,18.5,1180.4,0.07,156.8,53.7,210.5,386.3,7.3,0.73,45.6,2915.4,0.17,386.8,132.6,519.3,38.75,0.0,0.0,38.75,42.05,0.0,0.0,42.05,0.0,0.0,0.0,4146.3,57.2,3016.4,0.0,0.0,0.0,0.0,0.0,1072.7,0.0,0.0,0.0,0.0,0.0,0.0,0.0,57.2,0.0
2050-08-25 21:00:00,2050-08-25 19:00:00,2953.7,0.0,0.0,10.7,2964.3,2822.7,2919.9,0.0,1640.0,0.0443,0.0772,battery,gas-cc,84.4,1.6,0.16,10.0,637.2,0.04,84.5,29.0,113.5,90.7,1.7,0.17,10.7,684.2,0.04,90.8,31.1,121.9,154.9,2.9,0.29,18.3,1167.4,0.07,155.0,53.1,208.1,486.2,9.2,0.92,57.4,3669.2,0.21,486.8,166.8,653.6,38.75,0.0,0.0,38.75,41.99,0.0,0.0,41.99,0.0,0.0,0.0,4604.3,44.5,3487.1,0.0,0.0,0.0,0.0,0.0,1072.7,0.0,0.0,0.0,0.0,0.0,0.0,0.0,44.5,0.0
2050-08-25 22:00:00,2050-08-25 20:00:00,2848.4,0.0,0.0,7.0,2855.4,2725.5,2822.3,0.0,1072.0,0.0432,0.0745,battery,gas-cc,99.0,1.9,0.19,11.7,747.0,0.04,99.1,34.0,133.1,105.6,2.0,0.2,12.5,797.3,0.05,105.8,36.3,142.0,154.6,2.9,0.29,18.3,1165.7,0.07,154.8,53.0,207.8,384.7,7.3,0.73,45.4,2902.9,0.17,385.1,132.0,517.1,38.75,0.0,0.0,38.75,41.87,0.0,0.0,41.87,0.0,0.0,0.0,3927.4,33.1,2821.5,0.0,0.0,0.0,0.0,0.0,1072.7,0.0,0.0,0.0,0.0,0.0,0.0,0.0,33.1,0.0
2050-08-25 23:00:00,2050-08-25 21:00:00,2626.3,0.0,0.0,9.6,2635.9,2519.3,2613.3,0.0,1475.8,0.0408,0.0687,battery,gas-cc,94.5,1.8,0.18,11.2,713.5,0.04,94.7,32.4,127.1,100.8,1.9,0.19,11.9,760.7,0.04,100.9,34.6,135.5,153.8,2.9,0.29,18.2,1159.1,0.07,153.9,52.7,206.7,382.3,7.2,0.72,45.2,2884.8,0.17,382.7,131.2,513.9,38.75,0.0,0.0,38.75,41.6,0.0,0.0,41.6,0.0,0.0,0.0,4111.7,22.6,3016.4,0.0,0.0,0.0,0.0,0.0,1072.7,0.0,0.0,0.0,0.0,0.0,0.0,0.0,22.6,0.0
2050-08-26 00:00:00,2050-08-25 22:00:00,2405.3,0.0,0.0,10.7,2415.9,2312.8,2403.3,0.0,1640.0,0.0385,0.0629,battery,gas-cc,95.9,1.8,0.18,11.3,723.3,0.04,96.0,32.9,128.8,101.9,1.9,0.19,12.1,769.1,0.04,102.0,35.0,137.0,152.8,2.9,0.29,18.1,1151.7,0.07,152.9,52.4,205.3,478.8,9.0,0.9,56.6,3613.0,0.21,479.3,164.3,643.6,38.22,0.0,0.0,38.22,40.78,0.0,0.0,40.78,0.0,0.0,0.0,4055.9,12.6,2970.5,0.0,0.0,0.0,0.0,0.0,1072.7,0.0,0.0,0.0,0.0,0.0,0.0,0.0,12.6,0.0
2050-08-26 01:00:00,2050-08-25 23:00:00,2190.5,0.0,0.0,10.7,2201.2,2110.9,2190.7,0.0,1640.0,0.0363,0.0573,battery,gas-cc,101.2,1.9,0.19,12.0,763.7,0.04,101.3,34.7,136.0,107.2,2.0,0.2,12.7,809.0,0.05,107.3,36.8,144.1,152.3,2.9,0.29,18.0,1147.9,0.07,152.4,52.2,204.7,475.9,9.0,0.9,56.2,3591.5,0.21,476.4,163.3,639.8,38.22,0.0,0.0,38.22,40.54,0.0,0.0,40.54,0.0,0.0,0.0,3841.2,10.4,2758.0,0.0,0.0,0.0,0.0,0.0,1072.7,0.0,0.0,0.0,0.0,0.0,0.0,0.0,10.4,0.0
2050-08-26 02:00:00,2050-08-26 00:00:00,1982.1,0.0,0.0,9.9,1992.0,1913.9,1982.3,0.0,1522.3,0.0344,0.0518,battery,gas-cc,110.6,2.1,0.21,13.1,834.8,0.05,110.7,38.0,148.7,116.7,2.2,0.22,13.8,880.4,0.05,116.8,40.0,156.8,150.7,2.8,0.29,17.8,1136.2,0.07,150.9,51.7,202.6,371.0,7.0,0.7,43.8,2799.8,0.16,371.4,127.3,498.7,38.22,0.0,0.0,38.22,40.31,0.0,0.0,40.31,0.0,0.0,0.0,3514.3,9.7,2431.9,0.0,0.0,0.0,0.0,0.0,1072.7,0.0,0.0,0.0,0.0,0.0,0.0,0.0,9.7,0.0
2050-08-26 03:00:00,2050-08-26 01:00:00,1806.3,0.0,0.0,8.8,1815.1,1746.8,1804.0,0.0,1353.2,0.033,0.0472,gas-cc,gas-cc,122.7,2.3,0.23,14.5,925.9,0.05,122.8,42.1,164.9,128.9,2.4,0.24,15.2,972.5,0.06,129.0,44.2,173.2,152.4,2.9,0.29,18.0,1149.0,0.07,152.6,52.3,204.9,369.2,7.0,0.7,43.6,2786.3,0.16,369.6,126.7,496.3,38.22,0.0,0.0,38.22,40.11,0.0,0.0,40.11,0.0,0.0,0.0,3168.4,11.1,2084.5,0.0,0.0,0.0,0.0,0.0,1072.7,0.0,0.0,0.0,0.0,0.0,0.0,0.0,11.1,0.0
2050-08-26 04:00:00,2050-08-26 02:00:00,1683.2,0.0,0.0,3.0,1686.2,1629.3,1674.6,0.0,466.3,0.032,0.044,gas-cc,gas-cc,180.6,3.4,0.34,21.3,1362.9,0.08,180.8,62.0,242.8,188.1,3.5,0.35,22.2,1419.4,0.08,188.3,64.5,252.8,146.9,2.8,0.28,17.4,1107.4,0.06,147.1,50.4,197.4,368.0,6.9,0.69,43.5,2776.9,0.16,368.4,126.3,494.6,38.22,0.0,0.0,38.22,39.98,0.0,0.0,39.98,0.0,0.0,0.0,2152.5,11.6,1068.1,0.0,0.0,0.0,0.0,0.0,1072.7,0.0,0.0,0.0,0.0,0.0,0.0,0.0,11.6,0.0
2050-08-26 05:00:00,2050-08-26 03:00:00,1597.9,0.0,0.0,0.7,1598.6,1547.6,1590.2,0.0,114.0,0.0314,0.0418,battery,gas-cc,227.0,4.3,0.43,26.8,1712.9,0.1,227.2,77.9,305.1,235.5,4.4,0.44,27.8,1776.9,0.1,235.7,80.8,316.5,152.7,2.9,0.29,18.0,1151.1,0.07,152.9,52.4,205.2,375.5,7.1,0.71,44.4,2833.5,0.16,375.9,128.8,504.7,38.22,0.0,0.0,38.22,39.88,0.0,0.0,39.88,0.0,0.0,0.0,1712.7,8.4,631.5,0.0,0.0,0.0,0.0,0.0,1072.7,0.0,0.0,0.0,0.0,0.0,0.0,0.0,8.4,0.0
2050-08-26 06:00:00,2050-08-26 04:00:00,1538.9,0.0,0.0,8.6,1547.5,1491.1,1537.6,0.0,1317.6,0.0311,0.0402,battery,gas-cc,135.7,2.6,0.26,16.0,1023.9,0.06,135.8,46.6,182.4,141.9,2.7,0.27,16.8,1071.0,0.06,142.1,48.7,190.8,151.9,2.9,0.29,17.9,1144.9,0.07,152.0,52.1,204.1,374.9,7.1,0.71,44.3,2829.0,0.16,375.3,128.6,503.9,38.22,0.0,0.0,38.22,39.82,0.0,0.0,39.82,0.0,0.0,0.0,2865.1,9.9,1782.5,0.0,0.0,0.0,0.0,0.0,1072.7,0.0,0.0,0.0,0.0,0.0,0.0,0.0,9.9,0.0
2050-08-26 07:00:00,2050-08-26 05:00:00,1505.3,0.0,0.0,0.0,1505.3,1458.8,1495.8,0.0,0.0,0.0309,0.0394,battery,gas-cc,258.3,4.9,0.49,30.5,1948.9,0.11,258.5,88.6,347.2,267.3,5.0,0.5,31.6,2017.5,0.12,267.6,91.7,359.4,211.4,4.0,0.4,25.0,1594.8,0.09,211.6,72.5,284.2,467.1,8.8,0.88,55.2,3524.5,0.2,467.6,160.3,627.8,38.22,0.0,0.0,38.22,39.78,0.0,0.0,39.78,0.0,0.0,0.0,1505.3,9.5,423.1,0.0,0.0,0.0,0.0,0.0,1072.7,0.0,0.0,0.0,0.0,0.0,0.0,0.0,9.5,0.0
2050-08-26 08:00:00,2050-08-26 06:00:00,1505.3,1836.2,0.0,0.0,3341.5,1458.8,0.0,0.0,0.0,0.0309,0.0394,upv,upv,0.0,0.0,0.0,0.0,0.0,0.0,0.0,0.0,0.0,0.0,0.0,0.0,0.0,0.0,0.0,0.0,0.0,0.0,139.8,2.6,0.26,16.5,1053.9,0.06,139.9,47.9,187.9,0.0,0.0,0.0,0.0,0.0,0.0,0.0,0.0,0.0,0.0,0.0,0.0,0.0,0.0,0.0,0.0,0.0,9.5,1185.8,1195.3,3341.5,3341.5,0.0,0.0,0.0,0.0,0.0,191.1,0.0,0.0,0.0,0.0,0.0,0.0,0.0,3150.4,0.0,0.0
2050-08-26 09:00:00,2050-08-26 07:00:00,1624.2,2461.0,0.0,0.0,4085.2,1572.9,0.0,0.0,0.0,0.0316,0.0425,upv,upv,0.0,0.0,0.0,0.0,0.0,0.0,0.0,0.0,0.0,0.0,0.0,0.0,0.0,0.0,0.0,0.0,0.0,0.0,139.9,2.6,0.26,16.5,1054.7,0.06,140.1,48.0,188.0,0.0,0.0,0.0,0.0,0.0,0.0,0.0,0.0,0.0,0.0,0.0,0.0,0.0,0.0,0.0,0.0,0.0,3.8,5003.1,5006.9,4085.2,4085.2,0.0,0.0,0.0,0.0,0.0,0.0,0.0,0.0,0.0,0.0,0.0,0.0,0.0,4085.2,0.0,0.0
2050-08-26 10:00:00,2050-08-26 08:00:00,1798.9,1847.4,0.0,0.0,3646.4,1739.8,0.0,0.0,0.0,0.0329,0.047,upv,upv,0.0,0.0,0.0,0.0,0.0,0.0,0.0,0.0,0.0,0.0,0.0,0.0,0.0,0.0,0.0,0.0,0.0,0.0,140.1,2.6,0.27,16.6,1056.1,0.06,140.2,48.0,188.3,0.0,0.0,0.0,0.0,0.0,0.0,0.0,0.0,0.0,0.0,0.0,0.0,0.0,0.0,0.0,0.0,0.0,3.8,6399.9,6403.8,3646.4,3646.4,0.0,0.0,0.0,0.0,0.0,0.0,0.0,0.0,0.0,0.0,0.0,0.0,0.0,3646.4,0.0,0.0
2050-08-26 11:00:00,2050-08-26 09:00:00,2021.1,3817.0,0.0,0.0,5838.0,1950.8,0.0,0.0,0.0,0.0348,0.0529,upv,upv,0.0,0.0,0.0,0.0,0.0,0.0,0.0,0.0,0.0,0.0,0.0,0.0,0.0,0.0,0.0,0.0,0.0,0.0,140.4,2.6,0.27,16.6,1058.2,0.06,140.5,48.1,188.6,0.0,0.0,0.0,0.0,0.0,0.0,0.0,0.0,0.0,0.0,0.0,0.0,0.0,0.0,0.0,0.0,0.0,7.1,4356.6,4363.7,5838.0,5838.0,0.0,0.0,0.0,0.0,0.0,430.2,0.0,0.0,0.0,0.0,0.0,0.0,0.0,5407.9,0.0,0.0
2050-08-26 12:00:00,2050-08-26 10:00:00,2229.5,3990.5,0.0,0.0,6220.0,2147.6,0.0,0.0,0.0,0.0367,0.0583,upv,upv,0.0,0.0,0.0,0.0,0.0,0.0,0.0,0.0,0.0,0.0,0.0,0.0,0.0,0.0,0.0,0.0,0.0,0.0,140.6,2.7,0.27,16.6,1060.3,0.06,140.8,48.2,189.0,0.0,0.0,0.0,0.0,0.0,0.0,0.0,0.0,0.0,0.0,0.0,0.0,0.0,0.0,0.0,0.0,0.0,11.9,3954.6,3966.5,6220.0,6220.0,0.0,0.0,0.0,0.0,0.0,429.5,0.0,0.0,0.0,0.0,0.0,0.0,0.0,5790.5,0.0,0.0
2050-08-26 13:00:00,2050-08-26 11:00:00,2402.1,3990.5,0.0,0.0,6392.6,2309.8,0.0,0.0,0.0,0.0384,0.0628,upv,upv,0.0,0.0,0.0,0.0,0.0,0.0,0.0,0.0,0.0,0.0,0.0,0.0,0.0,0.0,0.0,0.0,0.0,0.0,140.9,2.7,0.27,16.6,1062.2,0.06,141.0,48.3,189.4,0.0,0.0,0.0,0.0,0.0,0.0,0.0,0.0,0.0,0.0,0.0,0.0,0.0,0.0,0.0,0.0,0.0,10.2,3734.5,3744.7,6392.6,6392.6,0.0,0.0,0.0,0.0,0.0,427.3,0.0,0.0,0.0,0.0,0.0,0.0,0.0,5965.3,0.0,0.0
2050-08-26 14:00:00,2050-08-26 12:00:00,2564.2,3990.5,0.0,0.0,6554.7,2461.4,0.0,0.0,0.0,0.0401,0.0671,upv,upv,0.0,0.0,0.0,0.0,0.0,0.0,0.0,0.0,0.0,0.0,0.0,0.0,0.0,0.0,0.0,0.0,0.0,0.0,141.1,2.7,0.27,16.7,1064.1,0.06,141.3,48.4,189.7,0.0,0.0,0.0,0.0,0.0,0.0,0.0,0.0,0.0,0.0,0.0,0.0,0.0,0.0,0.0,0.0,0.0,12.3,3552.3,3564.6,6554.7,6554.7,0.0,0.0,0.0,0.0,0.0,426.6,0.0,0.0,0.0,0.0,0.0,0.0,0.0,6128.1,0.0,0.0
2050-08-26 15:00:00,2050-08-26 13:00:00,2711.6,3756.0,0.0,0.0,6467.6,2598.6,0.0,0.0,0.0,0.0417,0.0709,upv,upv,0.0,0.0,0.0,0.0,0.0,0.0,0.0,0.0,0.0,0.0,0.0,0.0,0.0,0.0,0.0,0.0,0.0,0.0,141.4,2.7,0.27,16.7,1065.8,0.06,141.5,48.5,190.0,0.0,0.0,0.0,0.0,0.0,0.0,0.0,0.0,0.0,0.0,0.0,0.0,0.0,0.0,0.0,0.0,0.0,14.9,3585.5,3600.4,6467.6,6467.6,0.0,0.0,0.0,0.0,0.0,424.4,0.0,0.0,0.0,0.0,0.0,0.0,0.0,6043.2,0.0,0.0
2050-08-26 16:00:00,2050-08-26 14:00:00,2827.4,2461.0,0.0,0.0,5288.4,2706.0,0.0,0.0,0.0,0.0429,0.0739,upv,upv,0.0,0.0,0.0,0.0,0.0,0.0,0.0,0.0,0.0,0.0,0.0,0.0,0.0,0.0,0.0,0.0,0.0,0.0,141.6,2.7,0.27,16.7,1067.2,0.06,141.7,48.5,190.3,0.0,0.0,0.0,0.0,0.0,0.0,0.0,0.0,0.0,0.0,0.0,0.0,0.0,0.0,0.0,0.0,0.0,15.5,4913.1,4928.6,5288.4,5288.4,0.0,0.0,0.0,0.0,0.0,430.5,0.0,0.0,0.0,0.0,0.0,0.0,0.0,4857.8,0.0,0.0
2050-08-26 17:00:00,2050-08-26 15:00:00,2951.6,2431.9,0.0,0.0,5383.5,2820.8,0.0,0.0,0.0,0.0443,0.0772,upv,upv,0.0,0.0,0.0,0.0,0.0,0.0,0.0,0.0,0.0,0.0,0.0,0.0,0.0,0.0,0.0,0.0,0.0,0.0,141.8,2.7,0.27,16.7,1068.7,0.06,141.9,48.6,190.5,0.0,0.0,0.0,0.0,0.0,0.0,0.0,0.0,0.0,0.0,0.0,0.0,0.0,0.0,0.0,0.0,0.0,0.0,4587.1,4587.1,5383.5,5383.5,0.0,0.0,0.0,0.0,0.0,420.1,0.0,0.0,0.0,0.0,0.0,0.0,0.0,4944.7,18.7,0.0
2050-08-26 18:00:00,2050-08-26 16:00:00,3092.6,584.5,0.0,28.9,3706.0,2950.7,-2816.0,0.0,2816.0,0.0459,0.0809,upv,upv,0.0,0.0,0.0,0.0,0.0,0.0,0.0,0.0,0.0,0.0,0.0,0.0,0.0,0.0,0.0,0.0,0.0,0.0,142.3,2.7,0.27,16.8,1072.9,0.06,142.5,48.8,191.3,0.0,0.0,0.0,0.0,0.0,0.0,0.0,0.0,0.0,0.0,0.0,0.0,0.0,0.0,0.0,0.0,0.0,0.0,2255.6,2255.6,6522.0,6522.0,0.0,0.0,0.0,0.0,0.0,369.6,0.0,0.0,0.0,0.0,0.0,0.0,0.0,6132.4,20.0,0.0
2050-08-26 19:00:00,2050-08-26 17:00:00,3149.5,0.0,0.0,16.6,3166.1,3002.9,-924.3,0.0,1997.0,0.0465,0.0824,gas-cc,gas-cc,75.3,1.4,0.14,8.9,568.2,0.03,75.4,25.8,101.2,79.0,1.5,0.15,9.3,595.9,0.03,79.1,27.1,106.2,142.9,2.7,0.27,16.9,1077.6,0.06,143.1,49.0,192.1,383.4,7.2,0.72,45.3,2892.9,0.17,383.8,131.5,515.3,37.41,0.0,0.0,37.41,40.76,0.0,0.0,40.76,0.0,0.0,0.0,5163.1,4090.3,0.0,0.0,0.0,0.0,0.0,171.4,1072.7,0.0,0.0,0.0,0.0,0.0,0.0,3890.3,28.6,0.0
2050-08-26 20:00:00,2050-08-26 18:00:00,3101.1,0.0,0.0,10.7,3111.7,2958.5,3078.8,0.0,1640.0,0.046,0.0811,battery,gas-cc,81.8,1.5,0.15,9.7,617.4,0.04,81.9,28.1,110.0,88.1,1.7,0.17,10.4,665.0,0.04,88.2,30.3,118.5,154.6,2.9,0.29,18.3,1165.6,0.07,154.8,53.0,207.8,410.8,7.7,0.77,48.5,3099.8,0.18,411.2,140.9,552.2,40.11,0.0,0.0,40.11,43.65,0.0,0.0,43.65,0.0,0.0,0.0,4751.7,32.9,3646.0,0.0,0.0,0.0,0.0,0.0,1072.7,0.0,0.0,0.0,0.0,0.0,0.0,0.0,32.9,0.0
2050-08-26 21:00:00,2050-08-26 19:00:00,3026.3,0.0,0.0,8.8,3035.1,2889.7,3010.8,0.0,1349.2,0.0451,0.0791,battery,gas-cc,88.7,1.7,0.17,10.5,669.1,0.04,88.8,30.4,119.2,95.2,1.8,0.18,11.3,718.1,0.04,95.3,32.7,127.9,154.1,2.9,0.29,18.2,1161.4,0.07,154.2,52.8,207.1,415.4,7.8,0.78,49.1,3135.0,0.18,415.9,142.5,558.4,40.11,0.0,0.0,40.11,43.56,0.0,0.0,43.56,0.0,0.0,0.0,4384.3,24.3,3287.2,0.0,0.0,0.0,0.0,0.0,1072.7,0.0,0.0,0.0,0.0,0.0,0.0,0.0,24.3,0.0
2050-08-26 22:00:00,2050-08-26 20:00:00,2891.6,0.0,0.0,10.7,2902.2,2765.4,2871.3,0.0,1640.0,0.0436,0.0756,battery,gas-cc,85.6,1.6,0.16,10.1,645.9,0.04,85.7,29.4,115.0,91.8,1.7,0.17,10.9,692.9,0.04,91.9,31.5,123.4,152.9,2.9,0.29,18.1,1152.6,0.07,153.1,52.4,205.5,408.3,7.7,0.77,48.2,3081.5,0.18,408.8,140.1,548.9,40.11,0.0,0.0,40.11,43.4,0.0,0.0,43.4,0.0,0.0,0.0,4542.2,30.9,3438.5,0.0,0.0,0.0,0.0,0.0,1072.7,0.0,0.0,0.0,0.0,0.0,0.0,0.0,30.9,0.0
2050-08-26 23:00:00,2050-08-26 21:00:00,2677.9,0.0,0.0,5.5,2683.3,2567.3,2665.8,0.0,838.8,0.0413,0.07,battery,gas-cc,110.4,2.1,0.21,13.0,832.9,0.05,110.5,37.9,148.4,117.2,2.2,0.22,13.9,884.7,0.05,117.4,40.2,157.6,153.4,2.9,0.29,18.1,1156.5,0.07,153.6,52.6,206.2,411.4,7.8,0.78,48.6,3104.3,0.18,411.8,141.2,553.0,40.11,0.0,0.0,40.11,43.13,0.0,0.0,43.13,0.0,0.0,0.0,3522.1,17.5,2431.9,0.0,0.0,0.0,0.0,0.0,1072.7,0.0,0.0,0.0,0.0,0.0,0.0,0.0,17.5,0.0
2050-08-27 00:00:00,2050-08-26 22:00:00,2451.6,0.0,0.0,7.0,2458.6,2356.1,2451.6,0.0,1082.2,0.0389,0.0641,battery,gas-cc,109.8,2.1,0.21,13.0,828.5,0.05,109.9,37.7,147.6,116.4,2.2,0.22,13.8,878.1,0.05,116.5,39.9,156.4,154.0,2.9,0.29,18.2,1160.7,0.07,154.1,52.8,206.9,408.8,7.7,0.77,48.3,3084.6,0.18,409.2,140.3,549.5,40.11,0.0,0.0,40.11,42.86,0.0,0.0,42.86,0.0,0.0,0.0,3540.8,7.1,2461.0,0.0,0.0,0.0,0.0,0.0,1072.7,0.0,0.0,0.0,0.0,0.0,0.0,0.0,7.1,0.0
2050-08-27 01:00:00,2050-08-26 23:00:00,2247.4,0.0,0.0,8.5,2255.9,2164.5,2251.6,0.0,1309.1,0.0369,0.0588,battery,gas-cc,109.0,2.1,0.21,12.9,822.9,0.05,109.2,37.4,146.6,115.3,2.2,0.22,13.6,870.5,0.05,115.5,39.6,155.1,151.8,2.9,0.29,17.9,1144.2,0.07,151.9,52.0,204.0,406.5,7.7,0.77,48.0,3067.1,0.18,406.9,139.5,546.4,40.11,0.0,0.0,40.11,42.62,0.0,0.0,42.62,0.0,0.0,0.0,3565.0,4.3,2488.0,0.0,0.0,0.0,0.0,0.0,1072.7,0.0,0.0,0.0,0.0,0.0,0.0,0.0,4.3,0.0
2050-08-27 02:00:00,2050-08-27 00:00:00,2021.1,0.0,0.0,10.3,2031.3,1950.8,2020.8,0.0,1577.8,0.0348,0.0529,battery,gas-cc,107.7,2.0,0.2,12.7,812.8,0.05,107.8,37.0,144.8,113.7,2.1,0.21,13.4,858.2,0.05,113.8,39.0,152.9,151.5,2.9,0.29,17.9,1142.1,0.07,151.7,52.0,203.6,403.9,7.6,0.76,47.7,3048.0,0.18,404.3,138.6,542.9,40.11,0.0,0.0,40.11,42.35,0.0,0.0,42.35,0.0,0.0,0.0,3609.1,10.5,2525.9,0.0,0.0,0.0,0.0,0.0,1072.7,0.0,0.0,0.0,0.0,0.0,0.0,0.0,10.5,0.0
2050-08-27 03:00:00,2050-08-27 01:00:00,1843.2,0.0,0.0,10.7,1853.8,1781.9,1841.9,0.0,1640.0,0.0332,0.0482,battery,gas-cc,111.3,2.1,0.21,13.1,839.7,0.05,111.4,38.2,149.6,117.2,2.2,0.22,13.9,884.3,0.05,117.3,40.2,157.5,152.7,2.9,0.29,18.0,1151.4,0.07,152.9,52.4,205.3,396.6,7.5,0.75,46.8,2992.7,0.17,397.0,136.1,533.1,40.11,0.0,0.0,40.11,42.15,0.0,0.0,42.15,0.0,0.0,0.0,3493.8,11.9,2409.1,0.0,0.0,0.0,0.0,0.0,1072.7,0.0,0.0,0.0,0.0,0.0,0.0,0.0,11.9,0.0
2050-08-27 04:00:00,2050-08-27 02:00:00,1718.9,0.0,0.0,10.1,1729.0,1663.5,1718.8,0.0,1549.5,0.0323,0.045,battery,gas-cc,118.6,2.2,0.22,14.0,894.8,0.05,118.7,40.7,159.4,124.6,2.3,0.23,14.7,940.0,0.05,124.7,42.8,167.4,168.0,3.2,0.32,19.8,1266.5,0.07,168.2,57.6,225.8,400.6,7.5,0.75,47.3,3022.8,0.17,401.0,137.4,538.4,40.11,0.0,0.0,40.11,42.0,0.0,0.0,42.0,0.0,0.0,0.0,3278.5,10.2,2195.6,0.0,0.0,0.0,0.0,0.0,1072.7,0.0,0.0,0.0,0.0,0.0,0.0,0.0,10.2,0.0
2050-08-27 05:00:00,2050-08-27 03:00:00,1633.7,0.0,0.0,0.9,1634.5,1581.9,1628.6,0.0,132.3,0.0317,0.0427,battery,gas-cc,220.0,4.1,0.41,26.0,1660.4,0.1,220.3,75.5,295.8,228.4,4.3,0.43,27.0,1723.6,0.1,228.7,78.4,307.0,150.8,2.8,0.29,17.8,1136.5,0.07,150.9,51.7,202.6,399.6,7.5,0.75,47.2,3015.7,0.17,400.1,137.1,537.2,40.11,0.0,0.0,40.11,41.9,0.0,0.0,41.9,0.0,0.0,0.0,1766.9,5.9,688.2,0.0,0.0,0.0,0.0,0.0,1072.7,0.0,0.0,0.0,0.0,0.0,0.0,0.0,5.9,0.0
2050-08-27 06:00:00,2050-08-27 04:00:00,1558.9,0.0,0.0,0.0,1558.9,1510.3,1556.7,0.0,0.0,0.0312,0.0408,battery,gas-cc,249.4,4.7,0.47,29.5,1881.8,0.11,249.6,85.6,335.2,258.3,4.9,0.49,30.5,1949.5,0.11,258.6,88.7,347.3,152.6,2.9,0.29,18.0,1150.3,0.07,152.8,52.3,205.1,393.5,7.4,0.74,46.5,2969.5,0.17,393.9,135.0,529.0,40.11,0.0,0.0,40.11,41.82,0.0,0.0,41.82,0.0,0.0,0.0,1558.9,2.3,483.9,0.0,0.0,0.0,0.0,0.0,1072.7,0.0,0.0,0.0,0.0,0.0,0.0,0.0,2.3,0.0
2050-08-27 07:00:00,2050-08-27 05:00:00,1510.5,0.0,0.0,0.0,1510.5,1463.8,1508.9,0.0,0.0,0.0309,0.0395,battery,gas-cc,257.4,4.9,0.49,30.4,1942.1,0.11,257.6,88.3,346.0,266.4,5.0,0.5,31.5,2010.7,0.12,266.7,91.4,358.2,172.0,3.2,0.33,20.3,1297.3,0.07,172.2,59.0,231.2,393.0,7.4,0.74,46.4,2965.6,0.17,393.4,134.8,528.3,40.11,0.0,0.0,40.11,41.76,0.0,0.0,41.76,0.0,0.0,0.0,1510.5,1.6,436.2,0.0,0.0,0.0,0.0,0.0,1072.7,0.0,0.0,0.0,0.0,0.0,0.0,0.0,1.6,0.0
2050-08-27 08:00:00,2050-08-27 06:00:00,1497.9,835.8,0.0,0.0,2333.7,1451.7,0.0,0.0,0.0,0.0308,0.0392,upv,upv,0.0,0.0,0.0,0.0,0.0,0.0,0.0,0.0,0.0,0.0,0.0,0.0,0.0,0.0,0.0,0.0,0.0,0.0,139.8,2.6,0.26,16.5,1053.9,0.06,139.9,47.9,187.9,0.0,0.0,0.0,0.0,0.0,0.0,0.0,0.0,0.0,0.0,0.0,0.0,0.0,0.0,0.0,0.0,0.0,1.6,2041.7,2043.3,2333.7,2333.7,0.0,0.0,0.0,0.0,0.0,0.0,0.0,0.0,0.0,0.0,0.0,0.0,0.0,2333.7,0.0,0.0
2050-08-27 09:00:00,2050-08-27 07:00:00,1610.5,2264.8,0.0,0.0,3875.3,1559.8,0.0,0.0,0.0,0.0315,0.0421,upv,upv,0.0,0.0,0.0,0.0,0.0,0.0,0.0,0.0,0.0,0.0,0.0,0.0,0.0,0.0,0.0,0.0,0.0,0.0,139.9,2.6,0.26,16.5,1054.6,0.06,140.0,48.0,188.0,0.0,0.0,0.0,0.0,0.0,0.0,0.0,0.0,0.0,0.0,0.0,0.0,0.0,0.0,0.0,0.0,0.0,0.6,5030.9,5031.4,3875.3,3875.3,0.0,0.0,0.0,0.0,0.0,376.0,0.0,0.0,0.0,0.0,0.0,0.0,0.0,3499.3,0.0,0.0
2050-08-27 10:00:00,2050-08-27 08:00:00,1798.9,3369.2,0.0,0.0,5168.2,1739.8,0.0,0.0,0.0,0.0329,0.047,upv,upv,0.0,0.0,0.0,0.0,0.0,0.0,0.0,0.0,0.0,0.0,0.0,0.0,0.0,0.0,0.0,0.0,0.0,0.0,140.1,2.6,0.27,16.6,1056.1,0.06,140.2,48.0,188.3,0.0,0.0,0.0,0.0,0.0,0.0,0.0,0.0,0.0,0.0,0.0,0.0,0.0,0.0,0.0,0.0,0.0,1.1,4756.8,4757.9,5168.2,5168.2,0.0,0.0,0.0,0.0,0.0,419.0,0.0,0.0,0.0,0.0,0.0,0.0,0.0,4749.2,0.0,0.0
2050-08-27 11:00:00,2050-08-27 09:00:00,2015.8,3824.8,0.0,0.0,5840.5,1945.8,0.0,0.0,0.0,0.0347,0.0527,upv,upv,0.0,0.0,0.0,0.0,0.0,0.0,0.0,0.0,0.0,0.0,0.0,0.0,0.0,0.0,0.0,0.0,0.0,0.0,140.4,2.7,0.27,16.6,1058.7,0.06,140.6,48.2,188.7,0.0,0.0,0.0,0.0,0.0,0.0,0.0,0.0,0.0,0.0,0.0,0.0,0.0,0.0,0.0,0.0,0.0,3.1,4232.7,4235.8,5840.5,5840.5,0.0,0.0,0.0,0.0,0.0,425.1,0.0,0.0,0.0,0.0,0.0,0.0,0.0,5415.4,0.0,0.0
2050-08-27 12:00:00,2050-08-27 10:00:00,2260.0,3600.8,0.0,0.0,5860.8,2176.4,0.0,0.0,0.0,0.037,0.0591,upv,upv,0.0,0.0,0.0,0.0,0.0,0.0,0.0,0.0,0.0,0.0,0.0,0.0,0.0,0.0,0.0,0.0,0.0,0.0,141.4,2.7,0.27,16.7,1065.8,0.06,141.5,48.5,190.0,0.0,0.0,0.0,0.0,0.0,0.0,0.0,0.0,0.0,0.0,0.0,0.0,0.0,0.0,0.0,0.0,0.0,4.3,4158.5,4162.9,5860.8,5860.8,0.0,0.0,0.0,0.0,0.0,423.0,0.0,0.0,0.0,0.0,0.0,0.0,0.0,5437.9,0.0,0.0
2050-08-27 13:00:00,2050-08-27 11:00:00,2455.8,3948.8,0.0,0.0,6404.6,2360.1,0.0,0.0,0.0,0.039,0.0642,upv,upv,0.0,0.0,0.0,0.0,0.0,0.0,0.0,0.0,0.0,0.0,0.0,0.0,0.0,0.0,0.0,0.0,0.0,0.0,141.0,2.7,0.27,16.7,1062.8,0.06,141.1,48.3,189.5,0.0,0.0,0.0,0.0,0.0,0.0,0.0,0.0,0.0,0.0,0.0,0.0,0.0,0.0,0.0,0.0,0.0,2.9,3473.0,3475.9,6404.6,6404.6,0.0,0.0,0.0,0.0,0.0,416.8,0.0,0.0,0.0,0.0,0.0,0.0,0.0,5987.7,0.0,0.0
2050-08-27 14:00:00,2050-08-27 12:00:00,2647.4,3597.0,0.0,0.0,6244.4,2538.9,0.0,0.0,0.0,0.041,0.0692,upv,upv,0.0,0.0,0.0,0.0,0.0,0.0,0.0,0.0,0.0,0.0,0.0,0.0,0.0,0.0,0.0,0.0,0.0,0.0,141.3,2.7,0.27,16.7,1065.6,0.06,141.5,48.5,190.0,0.0,0.0,0.0,0.0,0.0,0.0,0.0,0.0,0.0,0.0,0.0,0.0,0.0,0.0,0.0,0.0,0.0,4.8,3363.5,3368.3,6244.4,6244.4,0.0,0.0,0.0,0.0,0.0,405.6,0.0,0.0,0.0,0.0,0.0,0.0,0.0,5838.7,0.0,0.0
2050-08-27 15:00:00,2050-08-27 13:00:00,2773.7,3045.5,0.0,0.0,5819.1,2656.2,-0.0,0.0,0.0,0.0423,0.0725,upv,upv,0.0,0.0,0.0,0.0,0.0,0.0,0.0,0.0,0.0,0.0,0.0,0.0,0.0,0.0,0.0,0.0,0.0,0.0,141.5,2.7,0.27,16.7,1066.7,0.06,141.6,48.5,190.2,0.0,0.0,0.0,0.0,0.0,0.0,0.0,0.0,0.0,0.0,0.0,0.0,0.0,0.0,0.0,0.0,0.0,5.7,3721.2,3726.9,5819.1,5819.1,0.0,0.0,0.0,0.0,0.0,402.8,0.0,0.0,0.0,0.0,0.0,0.0,0.0,5416.4,0.0,0.0
2050-08-27 16:00:00,2050-08-27 14:00:00,2902.1,2917.5,0.0,0.0,5819.6,2775.1,0.0,0.0,0.0,0.0438,0.0759,upv,upv,0.0,0.0,0.0,0.0,0.0,0.0,0.0,0.0,0.0,0.0,0.0,0.0,0.0,0.0,0.0,0.0,0.0,0.0,141.7,2.7,0.27,16.7,1068.3,0.06,141.9,48.6,190.5,0.0,0.0,0.0,0.0,0.0,0.0,0.0,0.0,0.0,0.0,0.0,0.0,0.0,0.0,0.0,0.0,0.0,7.2,3585.7,3592.9,5819.6,5819.6,0.0,0.0,0.0,0.0,0.0,397.0,0.0,0.0,0.0,0.0,0.0,0.0,0.0,5422.7,0.0,0.0
2050-08-27 17:00:00,2050-08-27 15:00:00,3031.6,2821.5,0.0,10.7,5863.8,2894.5,-1640.0,0.0,1640.0,0.0452,0.0793,upv,upv,0.0,0.0,0.0,0.0,0.0,0.0,0.0,0.0,0.0,0.0,0.0,0.0,0.0,0.0,0.0,0.0,0.0,0.0,141.9,2.7,0.27,16.8,1069.7,0.06,142.0,48.7,190.7,0.0,0.0,0.0,0.0,0.0,0.0,0.0,0.0,0.0,0.0,0.0,0.0,0.0,0.0,0.0,0.0,0.0,11.7,1112.1,1123.8,7503.7,7503.7,0.0,0.0,0.0,0.0,0.0,363.6,0.0,0.0,0.0,0.0,0.0,0.0,0.0,7140.2,0.0,0.0
2050-08-27 18:00:00,2050-08-27 16:00:00,3162.1,940.7,0.0,28.9,4131.7,3014.5,-2816.0,0.0,2816.0,0.0467,0.0827,battery,upv,0.0,0.0,0.0,0.0,0.0,0.0,0.0,0.0,0.0,0.0,0.0,0.0,0.0,0.0,0.0,0.0,0.0,0.0,142.3,2.7,0.27,16.8,1073.1,0.06,142.5,48.8,191.3,0.0,0.0,0.0,0.0,0.0,0.0,0.0,0.0,0.0,0.0,0.0,0.0,0.0,0.0,0.0,0.0,0.0,0.0,0.0,0.0,6947.7,6947.7,0.0,0.0,0.0,0.0,0.0,292.5,0.0,0.0,0.0,0.0,0.0,0.0,0.0,6636.7,18.5,0.0
2050-08-27 19:00:00,2050-08-27 17:00:00,3257.9,0.0,0.0,10.9,3268.8,3102.3,69.5,0.0,1392.9,0.0478,0.0852,gas-cc,gas-cc,83.4,1.6,0.16,9.9,629.3,0.04,83.5,28.6,112.1,87.8,1.7,0.17,10.4,662.8,0.04,87.9,30.1,118.1,149.1,2.8,0.28,17.6,1123.7,0.06,149.2,51.1,200.3,418.2,7.9,0.79,49.4,3155.7,0.18,418.6,143.5,562.1,40.11,0.0,0.0,40.11,43.85,0.0,0.0,43.85,0.0,0.0,0.0,4661.7,3199.3,389.6,0.0,0.0,0.0,0.0,133.4,1072.7,0.0,0.0,0.0,0.0,0.0,0.0,3027.6,38.3,0.0
2050-08-27 20:00:00,2050-08-27 18:00:00,3204.2,0.0,0.0,10.7,3214.9,3053.1,3153.4,0.0,1640.0,0.0472,0.0838,battery,gas-cc,80.1,1.5,0.15,9.5,604.3,0.03,80.2,27.5,107.6,86.4,1.6,0.16,10.2,652.0,0.04,86.5,29.7,116.1,154.9,2.9,0.29,18.3,1168.0,0.07,155.1,53.1,208.2,412.0,7.8,0.78,48.7,3109.0,0.18,412.4,141.4,553.8,40.11,0.06,0.0,40.17,43.78,0.06,0.0,43.85,0.0,0.0,0.0,4854.8,61.4,3720.6,0.0,0.0,0.0,0.0,0.0,1072.7,0.0,0.0,0.0,0.0,0.0,0.0,0.0,61.4,0.0
2050-08-27 21:00:00,2050-08-27 19:00:00,3138.9,0.0,0.0,10.5,3149.4,2993.3,3090.0,0.0,1612.6,0.0464,0.0821,battery,gas-cc,81.6,1.5,0.15,9.6,616.0,0.04,81.7,28.0,109.7,87.9,1.7,0.17,10.4,663.7,0.04,88.0,30.2,118.2,158.4,3.0,0.3,18.7,1193.8,0.07,158.5,54.3,212.8,416.8,7.9,0.79,49.2,3145.1,0.18,417.2,143.0,560.2,40.11,0.0,0.0,40.11,43.7,0.0,0.0,43.7,0.0,0.0,0.0,4762.1,59.4,3629.9,0.0,0.0,0.0,0.0,0.0,1072.7,0.0,0.0,0.0,0.0,0.0,0.0,0.0,59.4,0.0
2050-08-27 22:00:00,2050-08-27 20:00:00,2987.4,0.0,0.0,10.7,2998.0,2853.8,2965.1,0.0,1640.0,0.0447,0.0781,battery,gas-cc,83.8,1.6,0.16,9.9,632.5,0.04,83.9,28.8,112.7,90.1,1.7,0.17,10.7,679.8,0.04,90.2,30.9,121.1,155.2,2.9,0.29,18.3,1169.9,0.07,155.4,53.2,208.6,409.5,7.7,0.77,48.4,3089.8,0.18,409.9,140.5,550.4,40.11,0.0,0.0,40.11,43.51,0.0,0.0,43.51,0.0,0.0,0.0,4638.0,32.9,3532.4,0.0,0.0,0.0,0.0,0.0,1072.7,0.0,0.0,0.0,0.0,0.0,0.0,0.0,32.9,0.0
2050-08-27 23:00:00,2050-08-27 21:00:00,2755.8,0.0,0.0,8.9,2764.7,2639.6,2745.0,0.0,1373.2,0.0422,0.0721,battery,gas-cc,94.0,1.8,0.18,11.1,709.0,0.04,94.1,32.2,126.3,100.3,1.9,0.19,11.9,757.2,0.04,100.4,34.4,134.9,154.3,2.9,0.29,18.2,1163.3,0.07,154.5,52.9,207.4,412.3,7.8,0.78,48.7,3111.1,0.18,412.7,141.5,554.2,40.11,0.0,0.0,40.11,43.23,0.0,0.0,43.23,0.0,0.0,0.0,4137.9,19.7,3045.5,0.0,0.0,0.0,0.0,0.0,1072.7,0.0,0.0,0.0,0.0,0.0,0.0,0.0,19.7,0.0
2050-08-28 00:00:00,2050-08-27 22:00:00,2487.4,0.0,0.0,9.8,2497.2,2389.6,2490.7,0.0,1507.1,0.0393,0.065,battery,gas-cc,97.1,1.8,0.18,11.5,732.6,0.04,97.2,33.3,130.5,103.3,1.9,0.19,12.2,779.4,0.05,103.4,35.5,138.9,152.4,2.9,0.29,18.0,1149.0,0.07,152.6,52.3,204.9,409.2,7.7,0.77,48.3,3087.7,0.18,409.6,140.4,550.0,40.11,0.0,0.0,40.11,42.91,0.0,0.0,42.91,0.0,0.0,0.0,4004.2,6.4,2925.1,0.0,0.0,0.0,0.0,0.0,1072.7,0.0,0.0,0.0,0.0,0.0,0.0,0.0,6.4,0.0
2050-08-28 01:00:00,2050-08-27 23:00:00,2268.4,0.0,0.0,5.8,2274.2,2184.3,2264.4,0.0,892.0,0.0371,0.0593,battery,gas-cc,122.8,2.3,0.23,14.5,926.5,0.05,122.9,42.1,165.0,129.5,2.4,0.24,15.3,977.4,0.06,129.7,44.5,174.1,153.1,2.9,0.29,18.1,1154.3,0.07,153.3,52.5,205.8,406.7,7.7,0.77,48.0,3068.9,0.18,407.1,139.5,546.7,40.11,0.0,0.0,40.11,42.64,0.0,0.0,42.64,0.0,0.0,0.0,3166.2,9.8,2083.7,0.0,0.0,0.0,0.0,0.0,1072.7,0.0,0.0,0.0,0.0,0.0,0.0,0.0,9.8,0.0
2050-08-28 02:00:00,2050-08-28 00:00:00,2021.1,0.0,0.0,3.2,2024.2,1950.8,2019.7,0.0,490.6,0.0348,0.0529,battery,gas-cc,154.6,2.9,0.29,18.3,1166.6,0.07,154.8,53.0,207.8,161.9,3.1,0.31,19.1,1221.7,0.07,162.1,55.6,217.6,159.8,3.0,0.3,18.9,1205.2,0.07,160.0,54.8,214.8,403.9,7.6,0.76,47.7,3048.0,0.18,404.3,138.6,542.9,40.11,0.0,0.0,40.11,42.35,0.0,0.0,42.35,0.0,0.0,0.0,2514.8,4.6,1437.5,0.0,0.0,0.0,0.0,0.0,1072.7,0.0,0.0,0.0,0.0,0.0,0.0,0.0,4.6,0.0
2050-08-28 03:00:00,2050-08-28 01:00:00,1878.9,0.0,0.0,7.4,1886.3,1815.9,1884.3,0.0,1135.1,0.0335,0.0491,battery,gas-cc,128.7,2.4,0.24,15.2,971.0,0.06,128.8,44.1,173.0,135.1,2.5,0.25,16.0,1019.4,0.06,135.2,46.4,181.6,259.3,5.7,0.72,31.1,1750.3,0.18,259.7,83.4,343.0,402.3,7.6,0.76,47.5,3036.1,0.17,402.8,138.1,540.8,40.11,0.0,0.0,40.11,42.19,0.0,0.0,42.19,0.0,0.0,0.0,3021.4,2.1,1946.6,0.0,0.0,0.0,0.0,0.0,1072.7,0.0,0.0,0.0,0.0,0.0,0.0,0.0,2.1,0.0
2050-08-28 04:00:00,2050-08-28 02:00:00,1760.0,0.0,0.0,2.5,1762.5,1702.6,1756.6,0.0,384.2,0.0326,0.046,gas-cc,gas-cc,181.1,3.4,0.34,21.4,1366.6,0.08,181.3,62.1,243.4,188.7,3.6,0.36,22.3,1424.0,0.08,188.9,64.8,253.7,257.9,5.2,0.59,30.7,1852.7,0.14,258.2,86.0,344.2,401.0,7.6,0.76,47.4,3026.2,0.17,401.5,137.6,539.1,40.11,0.0,0.0,40.11,42.05,0.0,0.0,42.05,0.0,0.0,0.0,2146.7,5.9,1068.1,0.0,0.0,0.0,0.0,0.0,1072.7,0.0,0.0,0.0,0.0,0.0,0.0,0.0,5.9,0.0
2050-08-28 05:00:00,2050-08-28 03:00:00,1685.3,0.0,0.0,0.8,1686.0,1631.3,1676.9,0.0,115.7,0.032,0.0441,gas-cc,gas-cc,215.8,4.1,0.41,25.5,1628.2,0.09,216.0,74.0,290.0,224.1,4.2,0.42,26.5,1691.3,0.1,224.4,76.9,301.3,211.9,4.0,0.4,25.0,1596.6,0.09,212.1,72.6,284.8,400.2,7.5,0.75,47.3,3020.0,0.17,400.6,137.3,537.9,40.11,0.0,0.0,40.11,41.96,0.0,0.0,41.96,0.0,0.0,0.0,1801.7,9.1,719.9,0.0,0.0,0.0,0.0,0.0,1072.7,0.0,0.0,0.0,0.0,0.0,0.0,0.0,9.1,0.0
2050-08-28 06:00:00,2050-08-28 04:00:00,1672.6,0.0,0.0,5.0,1677.6,1619.2,1667.0,0.0,769.5,0.032,0.0437,gas-cc,gas-cc,158.9,3.0,0.3,18.8,1198.8,0.07,159.0,54.5,213.5,165.8,3.1,0.31,19.6,1251.1,0.07,166.0,56.9,222.9,197.1,3.7,0.37,23.3,1486.7,0.09,197.3,67.6,265.0,400.1,7.5,0.75,47.3,3018.9,0.17,400.5,137.3,537.8,40.11,0.0,0.0,40.11,41.95,0.0,0.0,41.95,0.0,0.0,0.0,2447.1,10.6,1363.8,0.0,0.0,0.0,0.0,0.0,1072.7,0.0,0.0,0.0,0.0,0.0,0.0,0.0,10.6,0.0
2050-08-28 07:00:00,2050-08-28 05:00:00,1727.4,0.0,0.0,0.0,1727.4,1671.5,1701.6,0.0,0.0,0.0323,0.0452,battery,gas-cc,225.1,4.2,0.42,26.6,1698.3,0.1,225.3,77.2,302.5,233.7,4.4,0.44,27.6,1763.4,0.1,233.9,80.2,314.1,152.7,2.9,0.29,18.0,1151.3,0.07,152.9,52.4,205.3,395.3,7.5,0.75,46.7,2983.2,0.17,395.8,135.6,531.4,40.11,0.0,0.0,40.11,42.01,0.0,0.0,42.01,0.0,0.0,0.0,1727.4,25.8,628.8,0.0,0.0,0.0,0.0,0.0,1072.7,0.0,0.0,0.0,0.0,0.0,0.0,0.0,25.8,0.0
2050-08-28 08:00:00,2050-08-28 06:00:00,1814.7,481.1,0.0,9.8,2305.6,1754.8,-1505.7,0.0,1505.7,0.033,0.0475,phs,gas-cc,0.0,0.0,0.0,0.0,0.0,0.0,0.0,0.0,0.0,0.0,0.0,0.0,0.0,0.0,0.0,0.0,0.0,0.0,140.1,2.6,0.27,16.6,1056.1,0.06,140.2,48.0,188.3,340.5,6.4,0.64,40.2,2569.5,0.15,340.9,116.8,457.7,9.62,0.0,0.0,9.62,10.1,0.0,0.0,10.1,0.0,0.0,0.0,3811.3,3811.3,0.0,0.0,0.0,0.0,0.0,159.3,0.0,0.0,0.0,0.0,0.0,0.0,0.0,3615.6,36.3,0.0
2050-08-28 09:00:00,2050-08-28 07:00:00,1987.4,2917.5,0.0,0.0,4904.9,1918.9,-0.0,0.0,0.0,0.0345,0.052,upv,upv,0.0,0.0,0.0,0.0,0.0,0.0,0.0,0.0,0.0,0.0,0.0,0.0,0.0,0.0,0.0,0.0,0.0,0.0,140.5,2.7,0.27,16.6,1058.9,0.06,140.6,48.2,188.8,0.0,0.0,0.0,0.0,0.0,0.0,0.0,0.0,0.0,0.0,0.0,0.0,0.0,0.0,0.0,0.0,0.0,0.0,3822.9,3822.9,4904.9,4904.9,0.0,0.0,0.0,0.0,0.0,367.0,0.0,0.0,0.0,0.0,0.0,0.0,0.0,4507.0,30.9,0.0
2050-08-28 10:00:00,2050-08-28 08:00:00,2278.9,3040.5,0.0,0.0,5319.5,2194.2,-0.0,0.0,0.0,0.0372,0.0596,upv,upv,0.0,0.0,0.0,0.0,0.0,0.0,0.0,0.0,0.0,0.0,0.0,0.0,0.0,0.0,0.0,0.0,0.0,0.0,140.7,2.7,0.27,16.6,1060.8,0.06,140.9,48.3,189.1,0.0,0.0,0.0,0.0,0.0,0.0,0.0,0.0,0.0,0.0,0.0,0.0,0.0,0.0,0.0,0.0,0.0,0.0,4700.9,4700.9,5319.5,5319.5,0.0,0.0,0.0,0.0,0.0,421.2,0.0,0.0,0.0,0.0,0.0,0.0,0.0,4856.7,41.6,0.0
2050-08-28 11:00:00,2050-08-28 09:00:00,2476.8,3045.5,0.0,0.0,5522.3,2379.8,0.0,0.0,0.0,0.0392,0.0648,upv,upv,0.0,0.0,0.0,0.0,0.0,0.0,0.0,0.0,0.0,0.0,0.0,0.0,0.0,0.0,0.0,0.0,0.0,0.0,141.0,2.7,0.27,16.7,1063.0,0.06,141.2,48.4,189.5,0.0,0.0,0.0,0.0,0.0,0.0,0.0,0.0,0.0,0.0,0.0,0.0,0.0,0.0,0.0,0.0,0.0,0.0,4651.0,4651.0,5522.3,5522.3,0.0,0.0,0.0,0.0,0.0,427.3,0.0,0.0,0.0,0.0,0.0,0.0,0.0,5048.8,46.2,0.0
2050-08-28 12:00:00,2050-08-28 10:00:00,2618.9,3825.8,0.0,0.0,6444.7,2512.4,-0.0,0.0,0.0,0.0407,0.0685,upv,upv,0.0,0.0,0.0,0.0,0.0,0.0,0.0,0.0,0.0,0.0,0.0,0.0,0.0,0.0,0.0,0.0,0.0,0.0,141.2,2.7,0.27,16.7,1064.7,0.06,141.4,48.4,189.8,0.0,0.0,0.0,0.0,0.0,0.0,0.0,0.0,0.0,0.0,0.0,0.0,0.0,0.0,0.0,0.0,0.0,0.0,3602.5,3602.5,6444.7,6444.7,0.0,0.0,0.0,0.0,0.0,421.9,0.0,0.0,0.0,0.0,0.0,0.0,0.0,5974.5,48.3,0.0
2050-08-28 13:00:00,2050-08-28 11:00:00,2729.5,4019.6,0.0,0.0,6749.0,2615.2,0.0,0.0,0.0,0.0419,0.0714,upv,upv,0.0,0.0,0.0,0.0,0.0,0.0,0.0,0.0,0.0,0.0,0.0,0.0,0.0,0.0,0.0,0.0,0.0,0.0,141.4,2.7,0.27,16.7,1066.0,0.06,141.6,48.5,190.0,0.0,0.0,0.0,0.0,0.0,0.0,0.0,0.0,0.0,0.0,0.0,0.0,0.0,0.0,0.0,0.0,0.0,0.0,3100.2,3100.2,6749.0,6749.0,0.0,0.0,0.0,0.0,0.0,413.6,0.0,0.0,0.0,0.0,0.0,0.0,0.0,6289.4,46.0,0.0
2050-08-28 14:00:00,2050-08-28 12:00:00,2850.5,3435.1,0.0,0.0,6285.6,2727.4,0.0,0.0,0.0,0.0432,0.0745,upv,upv,0.0,0.0,0.0,0.0,0.0,0.0,0.0,0.0,0.0,0.0,0.0,0.0,0.0,0.0,0.0,0.0,0.0,0.0,141.6,2.7,0.27,16.7,1067.5,0.06,141.8,48.6,190.3,0.0,0.0,0.0,0.0,0.0,0.0,0.0,0.0,0.0,0.0,0.0,0.0,0.0,0.0,0.0,0.0,0.0,0.0,3247.2,3247.2,6285.6,6285.6,0.0,0.0,0.0,0.0,0.0,400.2,0.0,0.0,0.0,0.0,0.0,0.0,0.0,5838.7,46.7,0.0
2050-08-28 15:00:00,2050-08-28 13:00:00,2997.9,3435.1,0.0,0.0,6433.0,2863.5,0.0,0.0,0.0,0.0448,0.0784,upv,upv,0.0,0.0,0.0,0.0,0.0,0.0,0.0,0.0,0.0,0.0,0.0,0.0,0.0,0.0,0.0,0.0,0.0,0.0,141.8,2.7,0.27,16.8,1069.3,0.06,142.0,48.6,190.6,0.0,0.0,0.0,0.0,0.0,0.0,0.0,0.0,0.0,0.0,0.0,0.0,0.0,0.0,0.0,0.0,0.0,0.0,2411.9,2411.9,6433.0,6433.0,0.0,0.0,0.0,0.0,0.0,371.7,0.0,0.0,0.0,0.0,0.0,0.0,0.0,6021.3,40.0,0.0
2050-08-28 16:00:00,2050-08-28 14:00:00,3121.1,3406.0,0.0,0.0,6527.1,2976.8,0.0,0.0,0.0,0.0462,0.0816,upv,upv,0.0,0.0,0.0,0.0,0.0,0.0,0.0,0.0,0.0,0.0,0.0,0.0,0.0,0.0,0.0,0.0,0.0,0.0,142.0,2.7,0.27,16.8,1070.9,0.06,142.2,48.7,190.9,0.0,0.0,0.0,0.0,0.0,0.0,0.0,0.0,0.0,0.0,0.0,0.0,0.0,0.0,0.0,0.0,0.0,0.0,1540.5,1540.5,6527.1,6527.1,0.0,0.0,0.0,0.0,0.0,335.4,0.0,0.0,0.0,0.0,0.0,0.0,0.0,6072.0,119.6,0.0
2050-08-28 17:00:00,2050-08-28 15:00:00,3278.9,2431.9,0.0,3.7,5714.6,3121.5,-570.8,0.0,570.8,0.048,0.0857,battery,upv,0.0,0.0,0.0,0.0,0.0,0.0,0.0,0.0,0.0,0.0,0.0,0.0,0.0,0.0,0.0,0.0,0.0,0.0,142.4,2.7,0.27,16.8,1073.8,0.06,142.6,48.8,191.4,0.0,0.0,0.0,0.0,0.0,0.0,0.0,0.0,0.0,0.0,0.0,0.0,0.0,0.0,0.0,0.0,0.0,0.0,0.0,0.0,6285.3,6285.3,0.0,0.0,0.0,0.0,0.0,262.9,0.0,0.0,0.0,0.0,0.0,0.0,0.0,5964.6,57.8,0.0
2050-08-28 18:00:00,2050-08-28 16:00:00,3423.2,1128.4,0.0,4.2,4555.8,3253.1,-409.5,0.0,409.5,0.0497,0.0895,battery,upv,0.0,0.0,0.0,0.0,0.0,0.0,0.0,0.0,0.0,0.0,0.0,0.0,0.0,0.0,0.0,0.0,0.0,0.0,142.6,2.7,0.27,16.9,1075.3,0.06,142.8,48.9,191.7,0.0,0.0,0.0,0.0,0.0,0.0,0.0,0.0,0.0,9.62,0.0,0.0,9.62,10.56,0.0,0.0,10.56,0.0,0.0,0.0,4965.3,4965.3,0.0,0.0,0.0,0.0,0.0,206.2,0.0,0.0,0.0,0.0,0.0,0.0,0.0,4678.7,80.4,0.0
2050-08-28 19:00:00,2050-08-28 17:00:00,3533.7,0.0,0.0,7.2,3540.8,3353.6,1807.8,0.0,670.1,0.051,0.0924,battery,gas-cc,92.3,1.7,0.17,10.9,696.7,0.04,92.4,31.7,124.1,98.3,1.9,0.19,11.6,741.9,0.04,98.4,33.7,132.2,147.1,2.8,0.28,17.4,1108.6,0.06,147.2,50.4,197.6,583.0,11.0,1.1,68.9,4399.3,0.25,583.6,200.0,783.6,41.54,0.0,0.0,41.54,45.77,0.0,0.0,45.77,0.0,0.0,0.0,4210.9,1733.0,1405.2,0.0,0.0,0.0,0.0,71.5,1072.7,0.0,0.0,0.0,0.0,0.0,0.0,1623.6,37.8,0.0
2050-08-28 20:00:00,2050-08-28 18:00:00,3541.1,0.0,0.0,10.3,3551.3,3360.2,3515.3,0.0,1577.0,0.0511,0.0926,gas-cc,gas-cc,75.8,1.4,0.14,9.0,572.0,0.03,75.9,26.0,101.9,82.3,1.6,0.16,9.7,621.1,0.04,82.4,28.3,110.6,156.4,3.0,0.3,18.5,1179.3,0.07,156.6,53.6,210.3,432.1,8.1,0.81,51.0,3260.9,0.19,432.6,148.3,580.9,41.69,2310.18,0.0,2351.87,45.94,2545.95,0.0,2591.89,0.0,0.0,0.0,5128.3,36.0,4019.6,0.0,0.0,0.0,0.0,0.0,1072.7,0.0,0.0,0.0,0.0,0.0,0.0,0.0,36.0,0.0
2050-08-28 21:00:00,2050-08-28 19:00:00,3451.6,0.0,0.0,10.7,3462.2,3278.9,3408.4,0.0,1640.0,0.05,0.0903,battery,gas-cc,76.2,1.4,0.14,9.0,575.0,0.03,76.3,26.1,102.4,82.6,1.6,0.16,9.8,623.4,0.04,82.7,28.4,111.1,156.2,2.9,0.3,18.5,1177.4,0.07,156.4,53.6,209.9,425.3,8.0,0.8,50.2,3209.3,0.18,425.7,145.9,571.7,41.54,1589.38,0.0,1630.92,45.66,1747.08,0.0,1792.74,0.0,0.0,0.0,5102.2,53.8,3975.6,0.0,0.0,0.0,0.0,0.0,1072.7,0.0,0.0,0.0,0.0,0.0,0.0,0.0,53.8,0.0
2050-08-28 22:00:00,2050-08-28 20:00:00,3270.5,0.0,0.0,10.7,3281.2,3113.8,3233.7,0.0,1640.0,0.0479,0.0855,battery,gas-cc,79.0,1.5,0.15,9.3,596.1,0.03,79.1,27.1,106.2,85.3,1.6,0.16,10.1,644.1,0.04,85.4,29.3,114.7,229.0,4.3,0.43,27.0,1727.0,0.1,229.2,78.5,307.7,423.1,8.0,0.8,50.0,3192.7,0.18,423.5,145.2,568.7,41.54,0.0,0.0,41.54,45.42,0.0,0.0,45.42,0.0,0.0,0.0,4921.2,47.5,3800.9,0.0,0.0,0.0,0.0,0.0,1072.7,0.0,0.0,0.0,0.0,0.0,0.0,0.0,47.5,0.0
2050-08-28 23:00:00,2050-08-28 21:00:00,3015.8,0.0,0.0,10.7,3026.4,2880.0,2923.2,0.0,1640.0,0.045,0.0789,battery,gas-cc,83.3,1.6,0.16,9.8,628.7,0.04,83.4,28.6,112.0,89.5,1.7,0.17,10.6,675.6,0.04,89.6,30.7,120.4,231.9,4.4,0.44,27.4,1749.2,0.1,232.1,79.5,311.7,420.0,7.9,0.79,49.6,3169.6,0.18,420.5,144.1,564.6,41.54,0.0,0.0,41.54,45.09,0.0,0.0,45.09,0.0,0.0,0.0,4666.4,103.2,3490.5,0.0,0.0,0.0,0.0,0.0,1072.7,0.0,0.0,0.0,0.0,0.0,0.0,0.0,103.2,0.0
2050-08-29 00:00:00,2050-08-28 22:00:00,2727.4,0.0,0.0,5.5,2732.9,2613.2,2657.0,0.0,847.6,0.0418,0.0713,gas-cc,gas-cc,108.6,2.0,0.2,12.8,819.3,0.05,108.7,37.3,145.9,115.4,2.2,0.22,13.6,870.8,0.05,115.5,39.6,155.1,174.0,3.3,0.33,20.6,1311.8,0.08,174.2,59.7,233.8,422.8,8.0,0.8,49.9,3190.5,0.18,423.3,145.1,568.3,41.69,0.0,0.0,41.69,44.89,0.0,0.0,44.89,0.0,0.0,0.0,3580.5,75.9,2431.9,0.0,0.0,0.0,0.0,0.0,1072.7,0.0,0.0,0.0,0.0,0.0,0.0,0.0,75.9,0.0
2050-08-29 01:00:00,2050-08-28 23:00:00,2451.6,0.0,0.0,7.0,2458.6,2356.1,2418.9,0.0,1079.9,0.0389,0.0641,gas-cc,gas-cc,109.9,2.1,0.21,13.0,829.1,0.05,110.0,37.7,147.7,116.4,2.2,0.22,13.8,878.4,0.05,116.5,40.0,156.5,185.5,3.5,0.35,21.9,1398.5,0.08,185.7,63.6,249.3,375.9,7.1,0.71,44.4,2836.5,0.16,376.3,129.0,505.3,41.69,0.0,0.0,41.69,44.55,0.0,0.0,44.55,0.0,0.0,0.0,3538.5,39.7,2426.0,0.0,0.0,0.0,0.0,0.0,1072.7,0.0,0.0,0.0,0.0,0.0,0.0,0.0,39.7,0.0
2050-08-29 02:00:00,2050-08-29 00:00:00,2218.9,0.0,0.0,1.8,2220.7,2137.7,2181.7,0.0,274.8,0.0366,0.058,battery,gas-cc,155.8,2.9,0.29,18.4,1175.6,0.07,156.0,53.5,209.4,163.4,3.1,0.31,19.3,1233.0,0.07,163.6,56.1,219.6,165.4,3.1,0.31,19.5,1246.9,0.07,165.6,56.7,222.3,416.3,7.8,0.78,49.2,3141.2,0.18,416.7,142.8,559.5,41.69,0.0,0.0,41.69,44.26,0.0,0.0,44.26,0.0,0.0,0.0,2495.5,39.0,1383.7,0.0,0.0,0.0,0.0,0.0,1072.7,0.0,0.0,0.0,0.0,0.0,0.0,0.0,39.0,0.0
2050-08-29 03:00:00,2050-08-29 01:00:00,2056.8,0.0,0.0,0.0,2056.8,1984.7,2011.5,0.0,0.0,0.0351,0.0538,battery,gas-cc,189.0,3.6,0.36,22.3,1426.3,0.08,189.2,64.9,254.1,197.3,3.7,0.37,23.3,1488.6,0.09,197.5,67.7,265.2,205.2,3.9,0.39,24.2,1547.6,0.09,205.4,70.4,275.8,408.9,7.7,0.77,48.3,3085.6,0.18,409.3,140.3,549.6,41.69,0.0,0.0,41.69,44.06,0.0,0.0,44.06,0.0,0.0,0.0,2056.8,45.4,938.8,0.0,0.0,0.0,0.0,0.0,1072.7,0.0,0.0,0.0,0.0,0.0,0.0,0.0,45.4,0.0
2050-08-29 04:00:00,2050-08-29 02:00:00,1912.6,0.0,0.0,0.0,1912.6,1847.9,1842.4,0.0,0.0,0.0338,0.05,battery,gas-cc,203.3,3.8,0.38,24.0,1533.8,0.09,203.5,69.7,273.2,211.6,4.0,0.4,25.0,1596.7,0.09,211.8,72.6,284.4,275.3,5.2,0.52,32.5,2077.0,0.12,275.6,94.4,370.0,407.3,7.7,0.77,48.1,3073.3,0.18,407.7,139.7,547.5,41.69,0.0,0.0,41.69,43.88,0.0,0.0,43.88,0.0,0.0,0.0,1912.6,70.2,769.7,0.0,0.0,0.0,0.0,0.0,1072.7,0.0,0.0,0.0,0.0,0.0,0.0,0.0,70.2,0.0
2050-08-29 05:00:00,2050-08-29 03:00:00,1793.7,0.0,0.0,0.0,1793.7,1734.8,1711.7,0.0,0.0,0.0329,0.0469,battery,gas-cc,216.7,4.1,0.41,25.6,1635.5,0.09,217.0,74.4,291.3,225.2,4.2,0.42,26.6,1699.3,0.1,225.4,77.3,302.7,200.0,3.8,0.38,23.6,1507.9,0.09,200.2,68.6,268.8,405.9,7.7,0.77,48.0,3063.3,0.18,406.4,139.3,545.7,41.69,0.0,0.0,41.69,43.74,0.0,0.0,43.74,0.0,0.0,0.0,1793.7,82.0,639.0,0.0,0.0,0.0,0.0,0.0,1072.7,0.0,0.0,0.0,0.0,0.0,0.0,0.0,82.0,0.0
2050-08-29 06:00:00,2050-08-29 04:00:00,1773.7,0.0,0.0,0.0,1773.7,1715.7,1669.2,0.0,0.0,0.0327,0.0464,battery,gas-cc,219.2,4.1,0.41,25.9,1654.0,0.1,219.4,75.2,294.6,227.6,4.3,0.43,26.9,1717.6,0.1,227.9,78.1,306.0,165.9,3.1,0.31,19.6,1250.5,0.07,166.0,56.9,222.9,405.7,7.6,0.76,47.9,3061.6,0.18,406.2,139.2,545.4,41.69,0.0,0.0,41.69,43.72,0.0,0.0,43.72,0.0,0.0,0.0,1773.7,104.5,596.4,0.0,0.0,0.0,0.0,0.0,1072.7,0.0,0.0,0.0,0.0,0.0,0.0,0.0,104.5,0.0
2050-08-29 07:00:00,2050-08-29 05:00:00,1811.6,0.0,0.0,0.0,1811.6,1751.8,1686.9,0.0,0.0,0.033,0.0474,battery,gas-cc,214.6,4.0,0.4,25.4,1619.4,0.09,214.8,73.6,288.5,222.9,4.2,0.42,26.3,1682.4,0.1,223.2,76.5,299.7,153.3,2.9,0.29,18.1,1155.8,0.07,153.5,52.6,206.1,406.1,7.7,0.77,48.0,3064.8,0.18,406.6,139.4,545.9,41.69,0.0,0.0,41.69,43.76,0.0,0.0,43.76,0.0,0.0,0.0,1811.6,124.7,614.2,0.0,0.0,0.0,0.0,0.0,1072.7,0.0,0.0,0.0,0.0,0.0,0.0,0.0,124.7,0.0
2050-08-29 08:00:00,2050-08-29 06:00:00,1900.0,0.0,0.0,24.1,1924.1,1835.9,-2506.4,0.0,2506.4,0.0337,0.0497,battery,hydro,0.0,0.0,0.0,0.0,0.0,0.0,0.0,0.0,0.0,0.0,0.0,0.0,0.0,0.0,0.0,0.0,0.0,0.0,140.2,2.6,0.27,16.6,1057.0,0.06,140.4,48.1,188.4,0.0,0.0,0.0,0.0,0.0,0.0,0.0,0.0,0.0,7.86,0.0,0.0,7.86,8.27,0.0,0.0,8.27,0.0,0.0,0.0,4430.5,4430.5,0.0,0.0,0.0,0.0,0.0,182.1,0.0,0.0,0.0,0.0,0.0,0.0,0.0,4132.6,115.8,0.0
2050-08-29 09:00:00,2050-08-29 07:00:00,2108.4,3990.5,0.0,0.0,6098.9,2033.4,0.0,0.0,0.0,0.0356,0.0551,upv,upv,0.0,0.0,0.0,0.0,0.0,0.0,0.0,0.0,0.0,0.0,0.0,0.0,0.0,0.0,0.0,0.0,0.0,0.0,140.5,2.7,0.27,16.6,1059.0,0.06,140.6,48.2,188.8,0.0,0.0,0.0,0.0,0.0,0.0,0.0,0.0,0.0,0.0,0.0,0.0,0.0,0.0,0.0,0.0,0.0,0.0,3194.4,3194.4,6098.9,6098.9,0.0,0.0,0.0,0.0,0.0,388.0,0.0,0.0,0.0,0.0,0.0,0.0,0.0,5613.6,97.3,0.0
2050-08-29 10:00:00,2050-08-29 08:00:00,2363.2,4019.6,0.0,0.0,6382.7,2273.3,0.0,0.0,0.0,0.038,0.0618,upv,upv,0.0,0.0,0.0,0.0,0.0,0.0,0.0,0.0,0.0,0.0,0.0,0.0,0.0,0.0,0.0,0.0,0.0,0.0,140.8,2.7,0.27,16.6,1061.8,0.06,141.0,48.3,189.3,0.0,0.0,0.0,0.0,0.0,0.0,0.0,0.0,0.0,0.0,0.0,0.0,0.0,0.0,0.0,0.0,0.0,0.0,3968.1,3968.1,6382.7,6382.7,0.0,0.0,0.0,0.0,0.0,431.3,0.0,0.0,0.0,0.0,0.0,0.0,0.0,5822.1,129.3,0.0
2050-08-29 11:00:00,2050-08-29 09:00:00,2556.8,4019.6,0.0,0.0,6576.4,2454.5,0.0,0.0,0.0,0.04,0.0669,upv,upv,0.0,0.0,0.0,0.0,0.0,0.0,0.0,0.0,0.0,0.0,0.0,0.0,0.0,0.0,0.0,0.0,0.0,0.0,144.6,2.7,0.27,17.1,1090.0,0.06,144.7,49.6,194.3,0.0,0.0,0.0,0.0,0.0,0.0,0.0,0.0,0.0,0.0,0.0,0.0,0.0,0.0,0.0,0.0,0.0,0.0,3876.0,3876.0,6576.4,6576.4,0.0,0.0,0.0,0.0,0.0,434.1,0.0,0.0,0.0,0.0,0.0,0.0,0.0,5978.9,163.4,0.0
2050-08-29 12:00:00,2050-08-29 10:00:00,2706.3,2461.0,0.0,0.0,5167.3,2593.7,-0.0,0.0,0.0,0.0416,0.0708,upv,upv,0.0,0.0,0.0,0.0,0.0,0.0,0.0,0.0,0.0,0.0,0.0,0.0,0.0,0.0,0.0,0.0,0.0,0.0,141.4,2.7,0.27,16.7,1065.7,0.06,141.5,48.5,190.0,0.0,0.0,0.0,0.0,0.0,0.0,0.0,0.0,0.0,0.0,0.0,0.0,0.0,0.0,0.0,0.0,0.0,0.0,5279.4,5279.4,5167.3,5167.3,0.0,0.0,0.0,0.0,0.0,433.1,0.0,0.0,0.0,0.0,0.0,0.0,0.0,4549.7,184.6,0.0
2050-08-29 13:00:00,2050-08-29 11:00:00,2832.6,2461.0,0.0,0.0,5293.6,2710.9,0.0,0.0,0.0,0.043,0.0741,upv,upv,0.0,0.0,0.0,0.0,0.0,0.0,0.0,0.0,0.0,0.0,0.0,0.0,0.0,0.0,0.0,0.0,0.0,0.0,141.6,2.7,0.27,16.7,1067.3,0.06,141.7,48.5,190.3,0.0,0.0,0.0,0.0,0.0,0.0,0.0,0.0,0.0,0.0,0.0,0.0,0.0,0.0,0.0,0.0,0.0,0.0,5026.5,5026.5,5293.6,5293.6,0.0,0.0,0.0,0.0,0.0,427.7,0.0,0.0,0.0,0.0,0.0,0.0,0.0,4679.8,186.2,0.0
2050-08-29 14:00:00,2050-08-29 12:00:00,2953.7,2431.9,0.0,0.0,5385.6,2822.7,0.0,0.0,0.0,0.0443,0.0772,upv,upv,0.0,0.0,0.0,0.0,0.0,0.0,0.0,0.0,0.0,0.0,0.0,0.0,0.0,0.0,0.0,0.0,0.0,0.0,141.8,2.7,0.27,16.7,1068.8,0.06,141.9,48.6,190.5,0.0,0.0,0.0,0.0,0.0,0.0,0.0,0.0,0.0,0.0,0.0,0.0,0.0,0.0,0.0,0.0,0.0,0.0,4408.3,4408.3,5385.6,5385.6,0.0,0.0,0.0,0.0,0.0,407.4,0.0,0.0,0.0,0.0,0.0,0.0,0.0,4839.2,139.0,0.0
2050-08-29 15:00:00,2050-08-29 13:00:00,3106.3,3726.9,0.0,0.0,6833.3,2963.3,0.0,0.0,0.0,0.046,0.0812,upv,upv,0.0,0.0,0.0,0.0,0.0,0.0,0.0,0.0,0.0,0.0,0.0,0.0,0.0,0.0,0.0,0.0,0.0,0.0,142.0,2.7,0.27,16.8,1070.7,0.06,142.2,48.7,190.9,0.0,0.0,0.0,0.0,0.0,0.0,0.0,0.0,0.0,0.0,0.0,0.0,0.0,0.0,0.0,0.0,0.0,0.0,2636.3,2636.3,6833.3,6833.3,0.0,0.0,0.0,0.0,0.0,394.8,0.0,0.0,0.0,0.0,0.0,0.0,0.0,6320.4,118.0,0.0
2050-08-29 16:00:00,2050-08-29 14:00:00,3198.9,3990.5,0.0,0.0,7189.4,3048.3,0.0,0.0,0.0,0.0471,0.0837,upv,upv,0.0,0.0,0.0,0.0,0.0,0.0,0.0,0.0,0.0,0.0,0.0,0.0,0.0,0.0,0.0,0.0,0.0,0.0,142.2,2.7,0.27,16.8,1071.9,0.06,142.3,48.8,191.1,0.0,0.0,0.0,0.0,0.0,0.0,0.0,0.0,0.0,0.0,0.0,0.0,0.0,0.0,0.0,0.0,0.0,0.0,1627.9,1627.9,7189.4,7189.4,0.0,0.0,0.0,0.0,0.0,368.1,0.0,0.0,0.0,0.0,0.0,0.0,0.0,6727.8,93.5,0.0
2050-08-29 17:00:00,2050-08-29 15:00:00,3320.0,2456.1,0.0,0.0,5776.1,3159.0,0.0,0.0,0.0,0.0485,0.0868,upv,upv,0.0,0.0,0.0,0.0,0.0,0.0,0.0,0.0,0.0,0.0,0.0,0.0,0.0,0.0,0.0,0.0,0.0,0.0,142.4,2.7,0.27,16.8,1073.4,0.06,142.5,48.8,191.4,0.0,0.0,0.0,0.0,0.0,0.0,0.0,0.0,0.0,0.0,0.0,0.0,0.0,0.0,0.0,0.0,0.0,0.0,2747.8,2747.8,5776.1,5776.1,0.0,0.0,0.0,0.0,0.0,356.6,0.0,0.0,0.0,0.0,0.0,0.0,0.0,5342.9,76.6,0.0
2050-08-29 18:00:00,2050-08-29 16:00:00,3448.4,1609.5,0.0,18.8,5076.7,3276.1,-2164.1,0.0,2164.1,0.05,0.0902,battery,distpv,0.0,0.0,0.0,0.0,0.0,0.0,0.0,0.0,0.0,0.0,0.0,0.0,0.0,0.0,0.0,0.0,0.0,0.0,142.6,2.7,0.27,16.8,1075.1,0.06,142.8,48.9,191.7,0.0,0.0,0.0,0.0,0.0,0.0,0.0,0.0,0.0,0.01,0.0,0.0,0.01,0.01,0.0,0.0,0.01,0.0,0.0,0.0,7240.7,7240.7,0.0,0.0,0.0,0.0,0.0,302.1,0.0,0.0,0.0,0.0,0.0,0.0,0.0,6856.4,82.2,0.0
2050-08-29 19:00:00,2050-08-29 17:00:00,3567.4,0.0,0.0,10.7,3578.0,3384.1,-17.2,0.0,1640.0,0.0514,0.0933,battery,gas-cc,74.5,1.4,0.14,8.8,562.2,0.03,74.6,25.6,100.1,78.9,1.5,0.15,9.3,595.1,0.03,78.9,27.1,106.0,151.9,2.9,0.29,17.9,1145.2,0.07,152.1,52.1,204.2,426.7,8.0,0.8,50.4,3220.0,0.18,427.2,146.4,573.6,41.69,0.0,0.0,41.69,45.98,0.0,0.0,45.98,0.0,0.0,0.0,5218.0,3595.3,550.0,0.0,0.0,0.0,0.0,148.5,1072.7,0.0,0.0,0.0,0.0,0.0,0.0,3370.1,76.7,0.0
2050-08-29 20:00:00,2050-08-29 18:00:00,3597.9,0.0,0.0,10.2,3608.1,3411.8,3525.5,0.0,1566.8,0.0517,0.0941,gas-cc,gas-cc,75.1,1.4,0.14,8.9,566.9,0.03,75.2,25.8,101.0,81.6,1.5,0.15,9.7,616.0,0.04,81.7,28.0,109.7,156.4,3.0,0.3,18.5,1178.9,0.07,156.6,53.6,210.2,432.8,8.2,0.82,51.1,3266.3,0.19,433.3,148.5,581.8,41.69,2643.61,0.0,2685.3,46.02,2918.18,0.0,2964.2,0.0,0.0,0.0,5174.9,82.6,4019.6,0.0,0.0,0.0,0.0,0.0,1072.7,0.0,0.0,0.0,0.0,0.0,0.0,0.0,82.6,0.0
2050-08-29 21:00:00,2050-08-29 19:00:00,3533.7,0.0,0.0,10.4,3544.1,3353.6,3455.7,0.0,1607.5,0.051,0.0924,gas-cc,gas-cc,75.5,1.4,0.14,8.9,569.5,0.03,75.5,25.9,101.4,81.9,1.5,0.15,9.7,618.1,0.04,82.0,28.1,110.1,156.1,2.9,0.3,18.4,1176.8,0.07,156.3,53.5,209.8,432.0,8.1,0.81,51.0,3260.2,0.19,432.5,148.2,580.7,41.69,1959.79,0.0,2001.48,45.93,2159.33,0.0,2205.26,0.0,0.0,0.0,5151.7,88.4,3990.5,0.0,0.0,0.0,0.0,0.0,1072.7,0.0,0.0,0.0,0.0,0.0,0.0,0.0,88.4,0.0
2050-08-29 22:00:00,2050-08-29 20:00:00,3322.1,0.0,0.0,8.1,3330.2,3160.9,3238.2,0.0,1240.6,0.0485,0.0869,gas-cc,gas-cc,85.1,1.6,0.16,10.0,641.8,0.04,85.1,29.2,114.3,91.7,1.7,0.17,10.8,691.9,0.04,91.8,31.5,123.3,195.3,3.7,0.37,23.1,1472.5,0.08,195.5,67.0,262.4,429.4,8.1,0.81,50.7,3240.5,0.19,429.9,147.3,577.2,41.69,561.79,0.0,603.48,45.66,615.24,0.0,660.9,0.0,0.0,0.0,4570.8,92.0,3406.0,0.0,0.0,0.0,0.0,0.0,1072.7,0.0,0.0,0.0,0.0,0.0,0.0,0.0,92.0,0.0
2050-08-29 23:00:00,2050-08-29 21:00:00,3046.3,0.0,0.0,3.7,3050.0,2908.1,2965.0,0.0,568.7,0.0454,0.0797,battery,gas-cc,107.4,2.0,0.2,12.7,810.7,0.05,107.5,36.9,144.4,114.6,2.2,0.22,13.6,865.0,0.05,114.7,39.3,154.1,229.8,4.3,0.43,27.1,1733.2,0.1,230.0,78.8,308.8,426.1,8.0,0.8,50.3,3215.1,0.18,426.5,146.2,572.7,41.69,0.0,0.0,41.69,45.3,0.0,0.0,45.3,0.0,0.0,0.0,3618.8,85.0,2461.0,0.0,0.0,0.0,0.0,0.0,1072.7,0.0,0.0,0.0,0.0,0.0,0.0,0.0,85.0,0.0
2050-08-30 00:00:00,2050-08-29 22:00:00,2740.0,0.0,0.0,10.7,2750.7,2625.0,2680.2,0.0,1640.0,0.042,0.0717,battery,gas-cc,88.5,1.7,0.17,10.5,668.2,0.04,88.6,30.4,119.0,94.7,1.8,0.18,11.2,714.5,0.04,94.8,32.5,127.3,155.0,2.9,0.29,18.3,1168.1,0.07,155.1,53.1,208.3,484.7,9.1,0.91,57.3,3657.9,0.21,485.3,166.3,651.6,43.07,0.0,0.0,43.07,46.39,0.0,0.0,46.39,0.0,0.0,0.0,4390.6,70.5,3247.4,0.0,0.0,0.0,0.0,0.0,1072.7,0.0,0.0,0.0,0.0,0.0,0.0,0.0,70.5,0.0
2050-08-30 01:00:00,2050-08-29 23:00:00,2484.2,0.0,0.0,1.8,2486.0,2386.7,2426.0,0.0,277.4,0.0393,0.065,battery,gas-cc,140.7,2.7,0.27,16.6,1061.6,0.06,140.8,48.3,189.1,148.2,2.8,0.28,17.5,1118.6,0.06,148.4,50.9,199.3,154.3,2.9,0.29,18.2,1163.3,0.07,154.5,52.9,207.4,404.0,7.6,0.76,47.7,3048.9,0.18,404.5,138.6,543.1,42.06,0.0,0.0,42.06,44.98,0.0,0.0,44.98,0.0,0.0,0.0,2763.4,60.0,1630.6,0.0,0.0,0.0,0.0,0.0,1072.7,0.0,0.0,0.0,0.0,0.0,0.0,0.0,60.0,0.0
2050-08-30 02:00:00,2050-08-30 00:00:00,2204.2,0.0,0.0,0.0,2204.2,2123.8,2150.2,0.0,2.2,0.0365,0.0576,gas-cc,gas-cc,176.2,3.3,0.33,20.8,1329.6,0.08,176.4,60.5,236.8,184.3,3.5,0.35,21.8,1391.1,0.08,184.5,63.3,247.8,152.0,2.9,0.29,18.0,1146.0,0.07,152.2,52.1,204.3,453.3,8.5,0.85,53.5,3420.4,0.2,453.7,155.5,609.3,41.69,0.0,0.0,41.69,44.24,0.0,0.0,44.24,0.0,0.0,0.0,2206.5,54.0,1079.7,0.0,0.0,0.0,0.0,0.0,1072.7,0.0,0.0,0.0,0.0,0.0,0.0,0.0,54.0,0.0
2050-08-30 03:00:00,2050-08-30 01:00:00,2049.5,0.0,0.0,1.9,2051.3,1977.7,2008.5,0.0,286.3,0.035,0.0536,gas-cc,gas-cc,166.3,3.1,0.31,19.6,1255.0,0.07,166.5,57.1,223.5,173.9,3.3,0.33,20.6,1312.5,0.08,174.1,59.7,233.8,151.5,2.9,0.29,17.9,1142.2,0.07,151.7,52.0,203.6,414.3,7.8,0.78,48.9,3126.5,0.18,414.8,142.2,556.9,41.69,0.0,0.0,41.69,44.05,0.0,0.0,44.05,0.0,0.0,0.0,2337.7,42.8,1222.1,0.0,0.0,0.0,0.0,0.0,1072.7,0.0,0.0,0.0,0.0,0.0,0.0,0.0,42.8,0.0
2050-08-30 04:00:00,2050-08-30 02:00:00,1923.2,0.0,0.0,2.4,1925.6,1857.9,1889.8,0.0,371.9,0.0339,0.0503,gas-cc,gas-cc,169.2,3.2,0.32,20.0,1276.9,0.07,169.4,58.1,227.5,176.7,3.3,0.33,20.9,1333.6,0.08,176.9,60.6,237.6,219.7,4.1,0.41,26.0,1657.2,0.1,219.9,75.4,295.3,412.9,7.8,0.78,48.8,3115.7,0.18,413.3,141.7,555.0,41.69,0.0,0.0,41.69,43.9,0.0,0.0,43.9,0.0,0.0,0.0,2297.4,35.8,1188.9,0.0,0.0,0.0,0.0,0.0,1072.7,0.0,0.0,0.0,0.0,0.0,0.0,0.0,35.8,0.0
2050-08-30 05:00:00,2050-08-30 03:00:00,1822.1,0.0,0.0,6.1,1828.2,1761.8,1793.7,0.0,931.7,0.0331,0.0477,gas-cc,gas-cc,140.9,2.7,0.27,16.6,1063.0,0.06,141.0,48.3,189.3,147.5,2.8,0.28,17.4,1113.0,0.06,147.7,50.6,198.3,151.9,2.9,0.29,17.9,1144.9,0.07,152.0,52.1,204.1,411.7,7.8,0.78,48.6,3107.0,0.18,412.2,141.3,553.5,41.69,0.0,0.0,41.69,43.78,0.0,0.0,43.78,0.0,0.0,0.0,2759.8,34.5,1652.6,0.0,0.0,0.0,0.0,0.0,1072.7,0.0,0.0,0.0,0.0,0.0,0.0,0.0,34.5,0.0
2050-08-30 06:00:00,2050-08-30 04:00:00,1747.4,0.0,0.0,4.6,1752.0,1690.6,1728.6,0.0,707.9,0.0325,0.0457,gas-cc,gas-cc,158.0,3.0,0.3,18.7,1192.6,0.07,158.2,54.2,212.4,165.0,3.1,0.31,19.5,1245.3,0.07,165.2,56.6,221.8,179.4,3.4,0.34,21.2,1353.0,0.08,179.6,61.5,241.2,410.9,7.7,0.77,48.5,3100.6,0.18,411.3,141.0,552.3,41.69,0.0,0.0,41.69,43.69,0.0,0.0,43.69,0.0,0.0,0.0,2459.9,23.4,1363.8,0.0,0.0,0.0,0.0,0.0,1072.7,0.0,0.0,0.0,0.0,0.0,0.0,0.0,23.4,0.0
2050-08-30 07:00:00,2050-08-30 05:00:00,1763.2,0.0,0.0,0.0,1763.2,1705.6,1752.0,0.0,0.0,0.0326,0.0461,battery,gas-cc,220.5,4.2,0.42,26.0,1663.9,0.1,220.7,75.7,296.4,229.1,4.3,0.43,27.1,1728.8,0.1,229.3,78.6,308.0,308.9,5.8,0.58,36.5,2330.8,0.13,309.2,106.0,415.2,405.6,7.6,0.76,47.9,3060.7,0.18,406.0,139.2,545.2,41.69,0.0,0.0,41.69,43.7,0.0,0.0,43.7,0.0,0.0,0.0,1763.2,11.1,679.3,0.0,0.0,0.0,0.0,0.0,1072.7,0.0,0.0,0.0,0.0,0.0,0.0,0.0,11.1,0.0
2050-08-30 08:00:00,2050-08-30 06:00:00,1848.4,833.0,0.0,12.7,2694.2,1786.9,-1506.0,134.0,1640.0,0.0333,0.0483,battery,hydro,0.0,0.0,0.0,0.0,0.0,0.0,0.0,0.0,0.0,0.0,0.0,0.0,0.0,0.0,0.0,0.0,0.0,0.0,140.1,2.6,0.27,16.6,1056.6,0.06,140.3,48.1,188.4,0.0,0.0,0.0,0.0,0.0,0.0,0.0,0.0,0.0,5.47,0.0,0.0,5.47,5.75,0.0,0.0,5.75,0.0,0.0,0.0,4200.1,4200.1,0.0,0.0,0.0,0.0,0.0,176.8,0.0,0.0,0.0,0.0,0.0,0.0,0.0,4013.1,10.2,0.0
2050-08-30 09:00:00,2050-08-30 07:00:00,2038.9,2431.9,0.0,27.2,4498.0,1967.7,-2706.7,0.0,2706.7,0.0349,0.0533,upv,upv,0.0,0.0,0.0,0.0,0.0,0.0,0.0,0.0,0.0,0.0,0.0,0.0,0.0,0.0,0.0,0.0,0.0,0.0,140.4,2.6,0.27,16.6,1058.3,0.06,140.5,48.1,188.7,0.0,0.0,0.0,0.0,0.0,0.0,0.0,0.0,0.0,0.0,0.0,0.0,0.0,0.0,0.0,0.0,0.0,6.4,1613.5,1619.8,7204.8,7204.8,0.0,0.0,0.0,0.0,0.0,372.1,0.0,0.0,0.0,0.0,0.0,0.0,0.0,6832.7,0.0,0.0
2050-08-30 10:00:00,2050-08-30 08:00:00,2268.4,3990.5,0.0,26.8,6285.7,2184.3,-2680.4,0.0,2680.4,0.0371,0.0593,upv,upv,0.0,0.0,0.0,0.0,0.0,0.0,0.0,0.0,0.0,0.0,0.0,0.0,0.0,0.0,0.0,0.0,0.0,0.0,140.7,2.7,0.27,16.6,1060.7,0.06,140.9,48.3,189.1,0.0,0.0,0.0,0.0,0.0,0.0,0.0,0.0,0.0,0.0,0.0,0.0,0.0,0.0,0.0,0.0,0.0,10.5,985.7,996.2,8966.1,8966.1,0.0,0.0,0.0,0.0,0.0,420.1,0.0,0.0,0.0,0.0,0.0,0.0,0.0,8546.1,0.0,0.0
2050-08-30 11:00:00,2050-08-30 09:00:00,2430.5,4019.6,0.0,28.1,6478.2,2336.4,-2762.1,0.0,2762.1,0.0387,0.0636,upv,upv,0.0,0.0,0.0,0.0,0.0,0.0,0.0,0.0,0.0,0.0,0.0,0.0,0.0,0.0,0.0,0.0,0.0,0.0,140.9,2.7,0.27,16.7,1062.5,0.06,141.1,48.3,189.4,0.0,0.0,0.0,0.0,0.0,0.0,0.0,0.0,0.0,0.0,0.0,0.0,0.0,0.0,0.0,0.0,0.0,20.5,846.6,867.1,9240.3,9240.3,0.0,0.0,0.0,0.0,0.0,0.0,0.0,0.0,0.0,0.0,0.0,0.0,0.0,9240.3,0.0,0.0
2050-08-30 12:00:00,2050-08-30 10:00:00,2551.6,4019.6,0.0,28.9,6600.0,2449.6,-2816.0,0.0,2816.0,0.04,0.0667,upv,upv,0.0,0.0,0.0,0.0,0.0,0.0,0.0,0.0,0.0,0.0,0.0,0.0,0.0,0.0,0.0,0.0,0.0,0.0,141.1,2.7,0.27,16.7,1063.9,0.06,141.3,48.4,189.7,0.0,0.0,0.0,0.0,0.0,0.0,0.0,0.0,0.0,0.0,0.0,0.0,0.0,0.0,0.0,0.0,0.0,0.0,602.8,602.8,9416.1,9416.1,0.0,0.0,0.0,0.0,0.0,421.2,0.0,0.0,0.0,0.0,0.0,0.0,0.0,8954.8,40.1,0.0
2050-08-30 13:00:00,2050-08-30 11:00:00,2644.2,4019.6,0.0,28.9,6692.7,2535.9,-2816.0,0.0,2816.0,0.041,0.0691,upv,upv,0.0,0.0,0.0,0.0,0.0,0.0,0.0,0.0,0.0,0.0,0.0,0.0,0.0,0.0,0.0,0.0,0.0,0.0,141.3,2.7,0.27,16.7,1065.0,0.06,141.4,48.4,189.9,0.0,0.0,0.0,0.0,0.0,0.0,0.0,0.0,0.0,0.0,0.0,0.0,0.0,0.0,0.0,0.0,0.0,0.0,389.0,389.0,9508.7,9508.7,0.0,0.0,0.0,0.0,0.0,416.5,0.0,0.0,0.0,0.0,0.0,0.0,0.0,9058.8,33.4,0.0
2050-08-30 14:00:00,2050-08-30 12:00:00,2747.4,2772.5,0.0,28.9,5548.7,2631.8,-2816.0,0.0,2816.0,0.0421,0.0718,upv,upv,0.0,0.0,0.0,0.0,0.0,0.0,0.0,0.0,0.0,0.0,0.0,0.0,0.0,0.0,0.0,0.0,0.0,0.0,141.4,2.7,0.27,16.7,1066.2,0.06,141.6,48.5,190.1,0.0,0.0,0.0,0.0,0.0,0.0,0.0,0.0,0.0,0.0,0.0,0.0,0.0,0.0,0.0,0.0,0.0,0.0,1359.3,1359.3,8364.7,8364.7,0.0,0.0,0.0,0.0,0.0,408.5,0.0,0.0,0.0,0.0,0.0,0.0,0.0,7914.0,42.2,0.0
2050-08-30 15:00:00,2050-08-30 13:00:00,2889.5,2431.9,0.0,28.9,5350.3,2763.4,-2816.0,0.0,2816.0,0.0436,0.0756,upv,upv,0.0,0.0,0.0,0.0,0.0,0.0,0.0,0.0,0.0,0.0,0.0,0.0,0.0,0.0,0.0,0.0,0.0,0.0,141.7,2.7,0.27,16.7,1068.0,0.06,141.8,48.6,190.4,0.0,0.0,0.0,0.0,0.0,0.0,0.0,0.0,0.0,0.0,0.0,0.0,0.0,0.0,0.0,0.0,0.0,0.0,1481.2,1481.2,8166.3,8166.3,0.0,0.0,0.0,0.0,0.0,405.6,0.0,0.0,0.0,0.0,0.0,0.0,0.0,7727.4,33.2,0.0
2050-08-30 16:00:00,2050-08-30 14:00:00,3007.4,3439.6,0.0,28.9,6475.9,2872.2,-2816.0,0.0,2816.0,0.0449,0.0786,battery,upv,0.0,0.0,0.0,0.0,0.0,0.0,0.0,0.0,0.0,0.0,0.0,0.0,0.0,0.0,0.0,0.0,0.0,0.0,141.9,2.7,0.27,16.8,1069.4,0.06,142.0,48.6,190.7,0.0,0.0,0.0,0.0,0.0,0.0,0.0,0.0,0.0,0.0,0.0,0.0,0.0,0.0,0.0,0.0,0.0,0.0,0.0,0.0,9291.9,9291.9,0.0,0.0,0.0,0.0,0.0,391.2,0.0,0.0,0.0,0.0,0.0,0.0,0.0,8879.1,21.6,0.0
2050-08-30 17:00:00,2050-08-30 15:00:00,3154.7,2431.9,0.0,28.9,5615.5,3007.7,-2816.0,0.0,2816.0,0.0466,0.0825,upv,upv,0.0,0.0,0.0,0.0,0.0,0.0,0.0,0.0,0.0,0.0,0.0,0.0,0.0,0.0,0.0,0.0,0.0,0.0,142.5,2.7,0.27,16.8,1074.2,0.06,142.6,48.9,191.5,0.0,0.0,0.0,0.0,0.0,0.0,0.0,0.0,0.0,0.0,0.0,0.0,0.0,0.0,0.0,0.0,0.0,15.9,83.3,99.2,8431.5,8431.5,0.0,0.0,0.0,0.0,0.0,359.4,0.0,0.0,0.0,0.0,0.0,0.0,0.0,8072.1,0.0,0.0
2050-08-30 18:00:00,2050-08-30 16:00:00,3283.2,776.5,0.0,28.9,4088.5,3125.4,-2816.0,0.0,2816.0,0.0481,0.0859,battery,hydro,0.0,0.0,0.0,0.0,0.0,0.0,0.0,0.0,0.0,0.0,0.0,0.0,0.0,0.0,0.0,0.0,0.0,0.0,142.3,2.7,0.27,16.8,1073.0,0.06,142.5,48.8,191.3,0.0,0.0,0.0,0.0,0.0,0.0,0.0,0.0,0.0,5.47,0.0,0.0,5.47,5.99,0.0,0.0,5.99,0.0,0.0,0.0,6904.5,6904.5,0.0,0.0,0.0,0.0,0.0,290.9,0.0,0.0,0.0,0.0,0.0,0.0,0.0,6601.2,12.5,0.0
2050-08-30 19:00:00,2050-08-30 17:00:00,3371.6,0.0,0.0,7.6,3379.2,3206.1,815.6,0.0,1171.9,0.0491,0.0882,battery,gas-ct,85.4,1.6,0.16,10.1,644.6,0.04,85.5,29.3,114.8,90.4,1.7,0.17,10.7,682.6,0.04,90.5,31.0,121.6,188.6,3.6,0.36,22.3,1422.5,0.08,188.8,64.7,253.5,595.7,11.2,1.12,70.4,4495.0,0.26,596.3,204.4,800.7,45.04,0.0,0.0,45.04,49.39,0.0,0.0,49.39,0.0,0.0,0.0,4551.1,2563.6,914.7,0.0,0.0,0.0,0.0,107.1,1072.7,0.0,0.0,0.0,0.0,0.0,0.0,2429.8,26.7,0.0
2050-08-30 20:00:00,2050-08-30 18:00:00,3437.9,0.0,0.0,10.6,3448.5,3266.5,3427.0,0.0,1636.2,0.0499,0.0899,battery,gas-cc,76.5,1.4,0.14,9.0,577.0,0.03,76.5,26.2,102.8,82.9,1.6,0.16,9.8,625.5,0.04,83.0,28.5,111.4,185.8,3.5,0.35,22.0,1401.1,0.08,186.0,63.7,249.8,454.4,8.6,0.86,53.7,3429.3,0.2,454.9,155.9,610.9,45.04,1237.48,0.0,1282.52,49.49,1359.73,0.0,1409.22,0.0,0.0,0.0,5084.7,21.5,3990.5,0.0,0.0,0.0,0.0,0.0,1072.7,0.0,0.0,0.0,0.0,0.0,0.0,0.0,21.5,0.0
2050-08-30 21:00:00,2050-08-30 19:00:00,3386.3,0.0,0.0,10.7,3397.0,3219.5,3355.6,0.0,1640.0,0.0493,0.0886,battery,gas-cc,77.2,1.5,0.15,9.1,582.4,0.03,77.3,26.5,103.7,83.6,1.6,0.16,9.9,630.7,0.04,83.7,28.7,112.4,209.6,4.0,0.4,24.8,1580.6,0.09,209.8,71.9,281.7,466.4,8.8,0.88,55.1,3519.4,0.2,466.9,160.0,626.9,45.04,542.28,0.0,587.31,49.41,594.96,0.0,644.38,0.0,0.0,0.0,5036.9,41.4,3922.8,0.0,0.0,0.0,0.0,0.0,1072.7,0.0,0.0,0.0,0.0,0.0,0.0,0.0,41.4,0.0
2050-08-30 22:00:00,2050-08-30 20:00:00,3206.3,0.0,0.0,3.1,3209.4,3055.0,3135.8,0.0,469.7,0.0472,0.0838,battery,gas-cc,105.7,2.0,0.2,12.5,797.4,0.05,105.8,36.3,142.0,113.0,2.1,0.21,13.4,852.9,0.05,113.1,38.8,151.9,265.7,5.0,0.5,31.4,2004.1,0.12,265.9,91.1,357.1,451.4,8.5,0.85,53.3,3406.6,0.2,451.9,154.9,606.8,45.04,0.0,0.0,45.04,49.16,0.0,0.0,49.16,0.0,0.0,0.0,3679.1,73.6,2532.7,0.0,0.0,0.0,0.0,0.0,1072.7,0.0,0.0,0.0,0.0,0.0,0.0,0.0,73.6,0.0
2050-08-30 23:00:00,2050-08-30 21:00:00,2932.6,0.0,0.0,4.8,2937.5,2803.3,2861.7,0.0,743.8,0.0441,0.0767,battery,gas-cc,105.6,2.0,0.2,12.5,796.9,0.05,105.7,36.2,142.0,112.6,2.1,0.21,13.3,849.6,0.05,112.7,38.6,151.4,212.8,4.0,0.4,25.1,1604.7,0.09,213.0,73.0,286.0,447.9,8.4,0.84,52.9,3380.2,0.19,448.4,153.7,602.1,45.04,0.0,0.0,45.04,48.78,0.0,0.0,48.78,0.0,0.0,0.0,3681.3,75.8,2532.7,0.0,0.0,0.0,0.0,0.0,1072.7,0.0,0.0,0.0,0.0,0.0,0.0,0.0,75.8,0.0
2050-08-31 00:00:00,2050-08-30 22:00:00,2660.0,0.0,0.0,10.4,2670.4,2550.6,2625.9,0.0,1601.3,0.0411,0.0696,battery,gas-cc,91.0,1.7,0.17,10.8,686.8,0.04,91.1,31.2,122.3,97.2,1.8,0.18,11.5,733.3,0.04,97.3,33.4,130.6,226.4,4.3,0.43,26.7,1707.5,0.1,226.6,77.7,304.3,451.9,8.5,0.85,53.4,3409.8,0.2,452.3,155.0,607.4,44.63,0.0,0.0,44.63,47.96,0.0,0.0,47.96,0.0,0.0,0.0,4271.7,44.5,3154.5,0.0,0.0,0.0,0.0,0.0,1072.7,0.0,0.0,0.0,0.0,0.0,0.0,0.0,44.5,0.0
2050-08-31 01:00:00,2050-08-30 23:00:00,2435.8,0.0,0.0,10.7,2446.4,2341.4,2404.9,0.0,1640.0,0.0388,0.0637,battery,gas-cc,95.1,1.8,0.18,11.2,717.9,0.04,95.2,32.6,127.9,101.2,1.9,0.19,12.0,763.6,0.04,101.3,34.7,136.0,272.4,5.1,0.51,32.2,2054.7,0.12,272.7,93.4,366.1,454.0,8.6,0.86,53.6,3426.0,0.2,454.5,155.8,610.3,44.63,0.0,0.0,44.63,47.66,0.0,0.0,47.66,0.0,0.0,0.0,4086.4,41.5,2972.2,0.0,0.0,0.0,0.0,0.0,1072.7,0.0,0.0,0.0,0.0,0.0,0.0,0.0,41.5,0.0
2050-08-31 02:00:00,2050-08-31 00:00:00,2175.8,0.0,0.0,10.7,2186.4,2097.0,2156.2,0.0,1640.0,0.0362,0.0569,battery,gas-cc,101.6,1.9,0.19,12.0,766.7,0.04,101.7,34.9,136.6,107.6,2.0,0.2,12.7,811.8,0.05,107.7,36.9,144.6,219.4,4.1,0.41,25.9,1654.7,0.1,219.6,75.3,294.9,450.7,8.5,0.85,53.2,3401.3,0.2,451.2,154.7,605.9,44.63,0.0,0.0,44.63,47.32,0.0,0.0,47.32,0.0,0.0,0.0,3826.4,30.3,2723.4,0.0,0.0,0.0,0.0,0.0,1072.7,0.0,0.0,0.0,0.0,0.0,0.0,0.0,30.3,0.0
2050-08-31 03:00:00,2050-08-31 01:00:00,1997.9,0.0,0.0,0.3,1998.2,1928.8,1976.8,0.0,51.8,0.0346,0.0522,gas-cc,gas-cc,189.6,3.6,0.36,22.4,1431.0,0.08,189.8,65.1,254.9,197.8,3.7,0.37,23.4,1493.0,0.09,198.1,67.9,265.9,266.5,5.0,0.5,31.5,2010.7,0.12,266.8,91.4,358.2,431.6,8.1,0.81,51.0,3257.3,0.19,432.1,148.1,580.2,44.63,0.0,0.0,44.63,47.09,0.0,0.0,47.09,0.0,0.0,0.0,2050.0,21.4,955.8,0.0,0.0,0.0,0.0,0.0,1072.7,0.0,0.0,0.0,0.0,0.0,0.0,0.0,21.4,0.0
2050-08-31 04:00:00,2050-08-31 02:00:00,1855.8,0.0,0.0,0.0,1855.8,1793.9,1845.9,0.0,0.0,0.0334,0.0485,battery,gas-cc,209.5,3.9,0.39,24.7,1580.8,0.09,209.7,71.9,281.6,218.0,4.1,0.41,25.8,1644.9,0.09,218.2,74.8,293.0,295.1,5.6,0.56,34.9,2226.8,0.13,295.5,101.3,396.7,446.8,8.4,0.84,52.8,3371.3,0.19,447.2,153.3,600.5,44.63,0.0,0.0,44.63,46.9,0.0,0.0,46.9,0.0,0.0,0.0,1855.8,9.9,773.1,0.0,0.0,0.0,0.0,0.0,1072.7,0.0,0.0,0.0,0.0,0.0,0.0,0.0,9.9,0.0
2050-08-31 05:00:00,2050-08-31 03:00:00,1773.7,0.0,0.0,0.0,1773.7,1715.7,1769.9,0.0,0.0,0.0327,0.0464,battery,gas-cc,219.2,4.1,0.41,25.9,1654.0,0.1,219.4,75.2,294.6,227.8,4.3,0.43,26.9,1718.9,0.1,228.0,78.2,306.2,240.3,4.5,0.45,28.4,1812.6,0.1,240.6,82.4,323.0,445.8,8.4,0.84,52.7,3363.7,0.19,446.2,152.9,599.2,44.63,0.0,0.0,44.63,46.8,0.0,0.0,46.8,0.0,0.0,0.0,1773.7,3.8,697.2,0.0,0.0,0.0,0.0,0.0,1072.7,0.0,0.0,0.0,0.0,0.0,0.0,0.0,3.8,0.0
2050-08-31 06:00:00,2050-08-31 04:00:00,1724.2,0.0,0.0,0.0,1724.2,1668.5,1722.2,0.0,0.0,0.0323,0.0451,battery,gas-cc,225.5,4.2,0.42,26.6,1701.4,0.1,225.7,77.4,303.1,234.1,4.4,0.44,27.7,1766.9,0.1,234.4,80.3,314.7,235.9,4.4,0.45,27.9,1779.7,0.1,236.2,80.9,317.1,445.2,8.4,0.84,52.6,3359.2,0.19,445.6,152.7,598.4,44.63,0.0,0.0,44.63,46.74,0.0,0.0,46.74,0.0,0.0,0.0,1724.2,2.0,649.4,0.0,0.0,0.0,0.0,0.0,1072.7,0.0,0.0,0.0,0.0,0.0,0.0,0.0,2.0,0.0
2050-08-31 07:00:00,2050-08-31 05:00:00,1747.4,0.0,0.0,0.0,1747.4,1690.6,1745.2,0.0,0.0,0.0325,0.0457,battery,gas-cc,222.5,4.2,0.42,26.3,1678.9,0.1,222.7,76.3,299.1,231.1,4.4,0.44,27.3,1744.1,0.1,231.4,79.3,310.7,208.0,3.9,0.39,24.6,1569.0,0.09,208.3,71.4,279.6,445.4,8.4,0.84,52.6,3361.3,0.19,445.9,152.8,598.8,44.63,0.0,0.0,44.63,46.76,0.0,0.0,46.76,0.0,0.0,0.0,1747.4,2.2,672.4,0.0,0.0,0.0,0.0,0.0,1072.7,0.0,0.0,0.0,0.0,0.0,0.0,0.0,2.2,0.0
2050-08-31 08:00:00,2050-08-31 06:00:00,1834.7,2431.9,0.0,11.1,4277.8,1773.9,1094.3,1094.3,0.0,0.0332,0.048,gas-cc,gas-cc,0.0,0.0,0.0,0.0,0.0,0.0,0.0,0.0,0.0,0.0,0.0,0.0,0.3,0.6,0.01,0.0,0.3,0.3,140.1,2.6,0.27,16.6,1056.4,0.06,140.3,48.1,188.3,369.5,7.0,0.7,43.7,2788.4,0.16,369.9,126.8,496.7,32.19,0.0,0.0,32.19,33.81,0.0,0.0,33.81,0.0,0.0,0.0,3183.5,3183.5,0.0,0.0,0.0,0.0,0.0,134.3,0.0,0.0,0.0,0.0,0.0,0.0,0.0,3048.6,0.6,0.0
2050-08-31 09:00:00,2050-08-31 07:00:00,2030.5,2952.4,0.0,28.9,5011.8,1959.8,-2816.0,0.0,2816.0,0.0349,0.0531,upv,upv,0.0,0.0,0.0,0.0,0.0,0.0,0.0,0.0,0.0,0.0,0.0,0.0,0.0,0.0,0.0,0.0,0.0,0.0,140.4,2.6,0.27,16.6,1058.3,0.06,140.5,48.1,188.7,0.0,0.0,0.0,0.0,0.0,0.0,0.0,0.0,0.0,0.0,0.0,0.0,0.0,0.0,0.0,0.0,0.0,0.0,302.4,302.4,7827.8,7827.8,0.0,0.0,0.0,0.0,0.0,343.2,0.0,0.0,0.0,0.0,0.0,0.0,0.0,7484.6,0.0,0.0
2050-08-31 10:00:00,2050-08-31 08:00:00,2252.6,3946.0,0.0,28.7,6227.4,2169.4,-2806.8,0.0,2806.8,0.0369,0.0589,battery,upv,0.0,0.0,0.0,0.0,0.0,0.0,0.0,0.0,0.0,0.0,0.0,0.0,0.0,0.0,0.0,0.0,0.0,0.0,140.7,2.7,0.27,16.6,1060.6,0.06,140.8,48.2,189.1,0.0,0.0,0.0,0.0,0.0,0.0,0.0,0.0,0.0,0.0,0.0,0.0,0.0,0.0,0.0,0.0,0.0,0.0,398.1,398.1,9034.2,9034.2,0.0,0.0,0.0,0.0,0.0,0.0,0.0,0.0,0.0,0.0,0.0,0.0,0.0,9034.2,0.0,0.0
2050-08-31 11:00:00,2050-08-31 09:00:00,2400.0,3961.3,0.0,28.7,6390.0,2307.8,-2803.8,0.0,2803.8,0.0384,0.0628,upv,upv,0.0,0.0,0.0,0.0,0.0,0.0,0.0,0.0,0.0,0.0,0.0,0.0,0.0,0.0,0.0,0.0,0.0,0.0,140.9,2.7,0.27,16.6,1062.2,0.06,141.0,48.3,189.4,0.0,0.0,0.0,0.0,0.0,0.0,0.0,0.0,0.0,0.0,0.0,0.0,0.0,0.0,0.0,0.0,0.0,0.1,623.0,623.1,9193.8,9193.8,0.0,0.0,0.0,0.0,0.0,414.3,0.0,0.0,0.0,0.0,0.0,0.0,0.0,8779.5,0.0,0.0
2050-08-31 12:00:00,2050-08-31 10:00:00,2494.7,4019.6,0.0,28.9,6543.2,2396.5,-2816.0,0.0,2816.0,0.0394,0.0652,upv,upv,0.0,0.0,0.0,0.0,0.0,0.0,0.0,0.0,0.0,0.0,0.0,0.0,0.0,0.0,0.0,0.0,0.0,0.0,141.0,2.7,0.27,16.7,1063.3,0.06,141.2,48.4,189.6,0.0,0.0,0.0,0.0,0.0,0.0,0.0,0.0,0.0,0.0,0.0,0.0,0.0,0.0,0.0,0.0,0.0,0.3,329.5,329.7,9359.2,9359.2,0.0,0.0,0.0,0.0,0.0,408.9,0.0,0.0,0.0,0.0,0.0,0.0,0.0,8950.3,0.0,0.0
2050-08-31 13:00:00,2050-08-31 11:00:00,2556.8,3435.1,0.0,28.9,6020.8,2454.5,-2816.0,0.0,2816.0,0.04,0.0669,upv,upv,0.0,0.0,0.0,0.0,0.0,0.0,0.0,0.0,0.0,0.0,0.0,0.0,0.0,0.0,0.0,0.0,0.0,0.0,141.1,2.7,0.27,16.7,1064.0,0.06,141.3,48.4,189.7,0.0,0.0,0.0,0.0,0.0,0.0,0.0,0.0,0.0,0.0,0.0,0.0,0.0,0.0,0.0,0.0,0.0,3.9,602.3,606.1,8836.8,8836.8,0.0,0.0,0.0,0.0,0.0,398.4,0.0,0.0,0.0,0.0,0.0,0.0,0.0,8438.4,0.0,0.0
2050-08-31 14:00:00,2050-08-31 12:00:00,2633.7,3946.9,0.0,28.9,6609.4,2526.1,-2816.0,0.0,2816.0,0.0408,0.0689,battery,upv,0.0,0.0,0.0,0.0,0.0,0.0,0.0,0.0,0.0,0.0,0.0,0.0,0.0,0.0,0.0,0.0,0.0,0.0,141.2,2.7,0.27,16.7,1064.9,0.06,141.4,48.4,189.8,0.0,0.0,0.0,0.0,0.0,0.0,0.0,0.0,0.0,0.0,0.0,0.0,0.0,0.0,0.0,0.0,0.0,5.6,0.0,5.6,9425.4,9425.4,0.0,0.0,0.0,0.0,0.0,397.7,0.0,0.0,0.0,0.0,0.0,0.0,0.0,9027.8,0.0,0.0
2050-08-31 15:00:00,2050-08-31 13:00:00,2740.0,2431.9,0.0,28.9,5200.8,2625.0,-2816.0,0.0,2816.0,0.042,0.0717,upv,upv,0.0,0.0,0.0,0.0,0.0,0.0,0.0,0.0,0.0,0.0,0.0,0.0,0.0,0.0,0.0,0.0,0.0,0.0,141.4,2.7,0.27,16.7,1066.1,0.06,141.6,48.5,190.1,0.0,0.0,0.0,0.0,0.0,0.0,0.0,0.0,0.0,0.0,0.0,0.0,0.0,0.0,0.0,0.0,0.0,6.9,180.7,187.7,8016.8,8016.8,0.0,0.0,0.0,0.0,0.0,345.9,0.0,0.0,0.0,0.0,0.0,0.0,0.0,7670.9,0.0,0.0
2050-08-31 16:00:00,2050-08-31 14:00:00,2863.2,2431.9,0.0,5.1,5300.2,2739.1,-784.9,0.0,784.9,0.0433,0.0749,gas-cc,gas-cc,0.0,0.0,0.0,0.0,0.0,0.0,0.0,0.0,0.0,0.0,0.0,0.0,0.0,0.0,0.0,0.0,0.0,0.0,141.6,2.7,0.27,16.7,1067.6,0.06,141.8,48.6,190.3,380.3,7.2,0.72,44.9,2869.5,0.16,380.7,130.5,511.1,21.03,0.0,0.0,21.03,22.73,0.0,0.0,22.73,0.0,0.0,0.0,6085.0,6085.0,0.0,0.0,0.0,0.0,0.0,256.8,0.0,0.0,0.0,0.0,0.0,0.0,0.0,5825.7,2.5,0.0
2050-08-31 17:00:00,2050-08-31 15:00:00,2989.5,1609.5,0.0,12.1,4611.0,2855.8,1667.0,1243.2,0.0,0.0447,0.0782,gas-cc,gas-cc,45.6,0.9,0.09,5.4,344.1,0.02,45.7,15.6,61.3,34.9,0.7,0.07,4.3,263.6,0.02,34.9,12.2,47.1,154.5,2.9,0.29,18.2,1164.6,0.07,154.6,53.0,207.6,393.1,7.4,0.74,46.4,2966.7,0.17,393.6,134.9,528.5,33.36,0.0,0.0,33.36,36.18,0.0,0.0,36.18,0.0,0.0,0.0,3367.9,2944.1,0.0,0.0,0.0,0.0,0.0,124.1,423.8,0.0,0.0,0.0,0.0,0.0,0.0,2815.9,4.1,0.0
2050-08-31 18:00:00,2050-08-31 16:00:00,3106.3,0.0,0.0,0.9,3107.3,2963.3,1216.7,143.9,0.0,0.046,0.0812,gas-cc,gas-cc,131.2,2.5,0.25,15.5,990.0,0.06,131.3,45.0,176.3,134.6,2.5,0.25,16.0,1015.6,0.06,134.7,46.2,181.0,143.7,2.7,0.27,17.0,1083.1,0.06,143.8,49.3,193.1,416.4,7.8,0.78,49.2,3142.1,0.18,416.8,142.9,559.7,41.2,0.0,0.0,41.2,44.85,0.0,0.0,44.85,0.0,0.0,0.0,2963.3,1890.6,0.0,0.0,0.0,0.0,0.0,79.3,1072.7,0.0,0.0,0.0,0.0,0.0,0.0,1799.7,11.6,0.0
2050-08-31 19:00:00,2050-08-31 17:00:00,3177.9,0.0,0.0,15.9,3193.8,3029.0,2095.5,0.0,1975.3,0.0469,0.0831,battery,gas-cc,75.2,1.4,0.14,8.9,567.5,0.03,75.3,25.8,101.1,80.7,1.5,0.15,9.5,608.9,0.04,80.8,27.7,108.5,197.2,3.7,0.37,23.3,1487.0,0.09,197.4,67.6,265.0,470.0,8.9,0.89,55.5,3546.6,0.2,470.5,161.3,631.8,44.34,0.0,0.0,44.34,48.36,0.0,0.0,48.36,0.0,0.0,0.0,5169.1,1098.2,2998.1,0.0,0.0,0.0,0.0,44.3,1072.7,0.0,0.0,0.0,0.0,0.0,0.0,1005.7,48.2,0.0
2050-08-31 20:00:00,2050-08-31 18:00:00,3188.4,0.0,0.0,10.7,3199.1,3038.6,3093.4,0.0,1640.0,0.047,0.0834,battery,gas-cc,80.3,1.5,0.15,9.5,606.2,0.03,80.4,27.6,108.0,86.6,1.6,0.16,10.2,653.7,0.04,86.7,29.7,116.5,198.7,3.7,0.38,23.5,1498.8,0.09,199.0,68.2,267.1,463.7,8.7,0.87,54.8,3499.5,0.2,464.2,159.1,623.4,44.34,369.9,0.0,414.24,48.38,403.54,0.0,451.92,0.0,0.0,0.0,4839.0,105.7,3660.6,0.0,0.0,0.0,0.0,0.0,1072.7,0.0,0.0,0.0,0.0,0.0,0.0,0.0,105.7,0.0
2050-08-31 21:00:00,2050-08-31 19:00:00,3157.9,0.0,0.0,10.7,3168.6,3010.6,3071.2,0.0,1640.0,0.0466,0.0826,battery,gas-cc,80.8,1.5,0.15,9.6,610.1,0.04,80.9,27.7,108.7,87.1,1.6,0.16,10.3,657.5,0.04,87.2,29.9,117.1,222.5,4.2,0.42,26.3,1678.5,0.1,222.8,76.3,299.1,463.3,8.7,0.87,54.7,3496.5,0.2,463.8,159.0,622.8,44.34,0.0,0.0,44.34,48.34,0.0,0.0,48.34,0.0,0.0,0.0,4808.5,97.4,3638.4,0.0,0.0,0.0,0.0,0.0,1072.7,0.0,0.0,0.0,0.0,0.0,0.0,0.0,97.4,0.0
2050-08-31 22:00:00,2050-08-31 20:00:00,3007.4,0.0,0.0,8.9,3016.3,2872.2,2937.0,0.0,1376.1,0.0449,0.0786,battery,gas-cc,88.5,1.7,0.17,10.5,667.9,0.04,88.6,30.4,119.0,94.9,1.8,0.18,11.2,716.4,0.04,95.0,32.6,127.6,221.9,4.2,0.42,26.2,1673.6,0.1,222.1,76.1,298.2,456.3,8.6,0.86,53.9,3443.4,0.2,456.8,156.6,613.4,44.34,0.0,0.0,44.34,48.13,0.0,0.0,48.13,0.0,0.0,0.0,4392.4,79.4,3240.3,0.0,0.0,0.0,0.0,0.0,1072.7,0.0,0.0,0.0,0.0,0.0,0.0,0.0,79.4,0.0
2050-08-31 23:00:00,2050-08-31 21:00:00,2788.4,0.0,0.0,10.7,2799.1,2669.9,2730.5,0.0,1640.0,0.0425,0.0729,battery,gas-cc,87.6,1.7,0.17,10.3,660.9,0.04,87.7,30.1,117.7,93.7,1.8,0.18,11.1,707.4,0.04,93.8,32.2,126.0,223.4,4.2,0.42,26.4,1684.9,0.1,223.6,76.6,300.3,458.5,8.6,0.86,54.2,3460.0,0.2,459.0,157.3,616.3,44.34,0.0,0.0,44.34,47.83,0.0,0.0,47.83,0.0,0.0,0.0,4439.0,68.6,3297.7,0.0,0.0,0.0,0.0,0.0,1072.7,0.0,0.0,0.0,0.0,0.0,0.0,0.0,68.6,0.0
2050-09-01 00:00:00,2050-08-31 22:00:00,2538.9,0.0,0.0,13.8,2552.7,2437.8,2495.8,0.0,1841.6,0.0398,0.0664,gas-ct,gas-ct,88.5,1.7,0.17,10.5,667.6,0.04,88.6,30.4,118.9,94.3,1.8,0.18,11.2,711.8,0.04,94.4,32.4,126.8,270.4,5.1,0.51,31.9,2039.7,0.12,270.7,92.8,363.4,574.0,10.8,1.08,67.8,4331.6,0.25,574.6,197.0,771.6,63.07,0.0,0.0,63.07,67.55,0.0,0.0,67.55,0.0,0.0,0.0,4394.4,57.0,3264.7,0.0,0.0,0.0,0.0,0.0,1072.7,0.0,0.0,0.0,0.0,0.0,0.0,0.0,57.0,0.0
2050-09-01 01:00:00,2050-08-31 23:00:00,2304.2,0.0,0.0,13.0,2317.2,2217.9,2252.6,0.0,1789.7,0.0374,0.0603,gas-cc,gas-cc,94.7,1.8,0.18,11.2,714.3,0.04,94.8,32.5,127.2,100.5,1.9,0.19,11.9,758.2,0.04,100.6,34.5,135.1,209.1,3.9,0.4,24.7,1577.2,0.09,209.3,71.7,281.1,378.9,7.1,0.71,44.8,2859.0,0.16,379.3,130.0,509.3,52.65,0.0,0.0,52.65,56.02,0.0,0.0,56.02,0.0,0.0,0.0,4106.8,64.6,2969.5,0.0,0.0,0.0,0.0,0.0,1072.7,0.0,0.0,0.0,0.0,0.0,0.0,0.0,64.6,0.0
2050-09-01 02:00:00,2050-09-01 00:00:00,2056.8,0.0,0.0,2.2,2059.0,1984.7,2000.8,0.0,337.6,0.0351,0.0538,gas-cc,gas-cc,162.2,3.1,0.31,19.2,1224.1,0.07,162.4,55.7,218.0,169.7,3.2,0.32,20.1,1280.3,0.07,169.8,58.2,228.1,214.3,4.0,0.4,25.3,1616.2,0.09,214.5,73.5,288.0,371.8,7.0,0.7,43.9,2805.6,0.16,372.2,127.6,499.8,46.12,0.0,0.0,46.12,48.74,0.0,0.0,48.74,0.0,0.0,0.0,2396.6,58.2,1265.7,0.0,0.0,0.0,0.0,0.0,1072.7,0.0,0.0,0.0,0.0,0.0,0.0,0.0,58.2,0.0
2050-09-01 03:00:00,2050-09-01 01:00:00,1894.7,0.0,0.0,8.4,1903.2,1830.9,1858.1,716.1,0.0,0.0337,0.0495,gas-cc,gas-cc,327.5,6.2,0.62,38.7,2471.4,0.14,327.9,112.4,440.2,246.2,4.6,0.46,29.4,1858.5,0.11,246.4,84.8,331.3,243.1,4.6,0.46,28.7,1833.9,0.11,243.4,83.4,326.8,412.6,7.8,0.78,48.7,3113.2,0.18,413.0,141.6,554.6,42.82,0.0,0.0,42.82,45.05,0.0,0.0,45.05,0.0,0.0,0.0,1187.0,45.1,69.2,0.0,0.0,0.0,0.0,0.0,1072.7,0.0,0.0,0.0,0.0,0.0,0.0,0.0,45.1,0.0
2050-09-01 04:00:00,2050-09-01 02:00:00,1781.1,0.0,0.0,2.4,1783.5,1722.7,1751.6,375.6,0.0,0.0328,0.0466,gas-cc,gas-cc,276.1,5.2,0.52,32.6,2083.8,0.12,276.4,94.7,371.2,270.8,5.1,0.51,32.5,2044.5,0.13,271.1,93.4,364.5,226.7,4.3,0.43,26.8,1709.7,0.1,226.9,77.8,304.6,411.3,7.8,0.78,48.6,3103.5,0.18,411.7,141.1,552.8,42.82,0.0,0.0,42.82,44.91,0.0,0.0,44.91,0.0,0.0,0.0,1407.9,31.9,303.2,0.0,0.0,0.0,0.0,0.0,1072.7,0.0,0.0,0.0,0.0,0.0,0.0,0.0,31.9,0.0
2050-09-01 05:00:00,2050-09-01 03:00:00,1701.1,0.0,0.0,0.0,1701.1,1646.4,1677.4,0.0,0.0,0.0322,0.0445,battery,gas-cc,228.5,4.3,0.43,27.0,1724.6,0.1,228.8,78.4,307.2,237.2,4.5,0.45,28.0,1789.8,0.1,237.4,81.4,318.8,297.9,5.6,0.56,35.2,2247.4,0.13,298.2,102.2,400.4,415.1,7.8,0.78,49.0,3132.2,0.18,415.5,142.4,557.9,42.82,0.0,0.0,42.82,44.81,0.0,0.0,44.81,0.0,0.0,0.0,1701.1,23.7,604.7,0.0,0.0,0.0,0.0,0.0,1072.7,0.0,0.0,0.0,0.0,0.0,0.0,0.0,23.7,0.0
2050-09-01 06:00:00,2050-09-01 04:00:00,1662.1,0.0,0.0,0.0,1662.1,1609.1,1648.3,0.0,0.0,0.0319,0.0435,battery,gas-cc,233.9,4.4,0.44,27.6,1765.0,0.1,234.1,80.3,314.4,242.6,4.6,0.46,28.7,1830.8,0.11,242.9,83.3,326.1,300.1,5.7,0.57,35.5,2264.5,0.13,300.4,103.0,403.4,415.5,7.8,0.78,49.1,3135.1,0.18,415.9,142.6,558.5,42.82,0.0,0.0,42.82,44.77,0.0,0.0,44.77,0.0,0.0,0.0,1662.1,13.8,575.5,0.0,0.0,0.0,0.0,0.0,1072.7,0.0,0.0,0.0,0.0,0.0,0.0,0.0,13.8,0.0
2050-09-01 07:00:00,2050-09-01 05:00:00,1701.1,0.0,0.0,0.2,1701.3,1646.4,1692.4,15.8,0.0,0.0322,0.0445,battery,gas-cc,230.6,4.3,0.43,27.2,1740.5,0.1,230.9,79.1,310.0,237.1,4.5,0.45,28.0,1789.5,0.1,237.4,81.4,318.8,196.7,3.7,0.37,23.2,1483.7,0.09,196.9,67.5,264.4,478.1,9.0,0.9,56.5,3607.6,0.21,478.6,164.0,642.6,41.89,0.0,0.0,41.89,43.84,0.0,0.0,43.84,0.0,0.0,0.0,1685.5,8.9,603.9,0.0,0.0,0.0,0.0,0.0,1072.7,0.0,0.0,0.0,0.0,0.0,0.0,0.0,8.9,0.0
2050-09-01 08:00:00,2050-09-01 06:00:00,1775.8,0.0,0.0,8.9,1784.7,1717.7,-1372.5,0.0,1372.5,0.0327,0.0464,gas-cc,gas-cc,0.0,0.0,0.0,0.0,0.0,0.0,0.0,0.0,0.0,0.0,0.0,0.0,0.0,0.0,0.0,0.0,0.0,0.0,154.0,2.9,0.29,18.2,1161.0,0.07,154.1,52.8,207.0,368.9,7.0,0.7,43.6,2783.9,0.16,369.3,126.6,495.9,26.35,0.0,0.0,26.35,27.63,0.0,0.0,27.63,0.0,0.0,0.0,3157.3,3157.3,0.0,0.0,0.0,0.0,0.0,132.7,0.0,0.0,0.0,0.0,0.0,0.0,0.0,3011.4,13.1,0.0
2050-09-01 09:00:00,2050-09-01 07:00:00,1955.8,3086.6,0.0,28.9,5071.3,1888.9,-2816.0,0.0,2816.0,0.0342,0.0511,battery,upv,0.0,0.0,0.0,0.0,0.0,0.0,0.0,0.0,0.0,0.0,0.0,0.0,0.0,0.0,0.0,0.0,0.0,0.0,141.0,2.7,0.27,16.7,1063.0,0.06,141.2,48.4,189.5,0.0,0.0,0.0,0.0,0.0,0.0,0.0,0.0,0.0,0.0,0.0,0.0,0.0,0.0,0.0,0.0,0.0,10.0,0.0,10.0,7887.3,7887.3,0.0,0.0,0.0,0.0,0.0,332.9,0.0,0.0,0.0,0.0,0.0,0.0,0.0,7554.4,0.0,0.0
2050-09-01 10:00:00,2050-09-01 08:00:00,2188.4,4019.6,0.0,28.9,6236.9,2108.9,-2815.8,0.0,2815.8,0.0363,0.0572,upv,upv,0.0,0.0,0.0,0.0,0.0,0.0,0.0,0.0,0.0,0.0,0.0,0.0,0.0,0.0,0.0,0.0,0.0,0.0,140.6,2.7,0.27,16.6,1059.9,0.06,140.7,48.2,189.0,0.0,0.0,0.0,0.0,0.0,0.0,0.0,0.0,0.0,0.0,0.0,0.0,0.0,0.0,0.0,0.0,0.0,8.2,305.3,313.5,9052.6,9052.6,0.0,0.0,0.0,0.0,0.0,394.8,0.0,0.0,0.0,0.0,0.0,0.0,0.0,8657.8,0.0,0.0
2050-09-01 11:00:00,2050-09-01 09:00:00,2332.6,4014.7,0.0,28.9,6376.2,2244.6,-2816.0,0.0,2816.0,0.0377,0.061,distpv,distpv,0.0,0.0,0.0,0.0,0.0,0.0,0.0,0.0,0.0,0.0,0.0,0.0,0.0,0.0,0.0,0.0,0.0,0.0,140.8,2.7,0.27,16.6,1061.5,0.06,140.9,48.3,189.2,0.0,0.0,0.0,0.0,0.0,0.0,0.0,0.0,0.0,0.0,0.0,0.0,0.0,0.0,0.0,0.0,0.0,5.2,246.9,252.1,9192.2,9192.2,0.0,0.0,0.0,0.0,0.0,151.5,0.0,0.0,0.0,0.0,0.0,0.0,0.0,9040.7,0.0,0.0
2050-09-01 12:00:00,2050-09-01 10:00:00,2402.1,4019.6,0.0,28.9,6450.6,2309.8,-2816.0,0.0,2816.0,0.0384,0.0628,upv,upv,0.0,0.0,0.0,0.0,0.0,0.0,0.0,0.0,0.0,0.0,0.0,0.0,0.0,0.0,0.0,0.0,0.0,0.0,140.9,2.7,0.27,16.6,1062.2,0.06,141.0,48.3,189.4,0.0,0.0,0.0,0.0,0.0,0.0,0.0,0.0,0.0,0.0,0.0,0.0,0.0,0.0,0.0,0.0,0.0,5.8,57.6,63.4,9266.6,9266.6,0.0,0.0,0.0,0.0,0.0,393.4,0.0,0.0,0.0,0.0,0.0,0.0,0.0,8873.2,0.0,0.0
2050-09-01 13:00:00,2050-09-01 11:00:00,2505.3,3778.7,0.0,28.9,6312.8,2406.3,-2816.0,0.0,2816.0,0.0395,0.0655,battery,upv,0.0,0.0,0.0,0.0,0.0,0.0,0.0,0.0,0.0,0.0,0.0,0.0,0.0,0.0,0.0,0.0,0.0,0.0,141.1,2.7,0.27,16.7,1063.4,0.06,141.2,48.4,189.6,0.0,0.0,0.0,0.0,0.0,0.0,0.0,0.0,0.0,0.0,0.0,0.0,0.0,0.0,0.0,0.0,0.0,5.8,0.0,5.8,9128.8,9128.8,0.0,0.0,0.0,0.0,0.0,385.4,0.0,0.0,0.0,0.0,0.0,0.0,0.0,8743.4,0.0,0.0
2050-09-01 14:00:00,2050-09-01 12:00:00,2618.9,3291.9,0.0,28.9,5939.7,2512.4,-2816.0,0.0,2816.0,0.0407,0.0685,distpv,distpv,0.0,0.0,0.0,0.0,0.0,0.0,0.0,0.0,0.0,0.0,0.0,0.0,0.0,0.0,0.0,0.0,0.0,0.0,141.2,2.7,0.27,16.7,1064.7,0.06,141.4,48.4,189.8,0.0,0.0,0.0,0.0,0.0,0.0,0.0,0.0,0.0,0.0,0.0,0.0,0.0,0.0,0.0,0.0,0.0,5.6,76.1,81.7,8755.8,8755.8,0.0,0.0,0.0,0.0,0.0,296.7,0.0,0.0,0.0,0.0,0.0,0.0,0.0,8459.1,0.0,0.0
2050-09-01 15:00:00,2050-09-01 13:00:00,2722.1,2482.2,0.0,28.9,5233.2,2608.4,-2816.0,0.0,2816.0,0.0418,0.0712,battery,upv,0.0,0.0,0.0,0.0,0.0,0.0,0.0,0.0,0.0,0.0,0.0,0.0,0.0,0.0,0.0,0.0,0.0,0.0,141.4,2.7,0.27,16.7,1065.9,0.06,141.5,48.5,190.0,0.0,0.0,0.0,0.0,0.0,0.0,0.0,0.0,0.0,0.0,0.0,0.0,0.0,0.0,0.0,0.0,0.0,5.0,0.0,5.0,8049.2,8049.2,0.0,0.0,0.0,0.0,0.0,339.8,0.0,0.0,0.0,0.0,0.0,0.0,0.0,7709.5,0.0,0.0
2050-09-01 16:00:00,2050-09-01 14:00:00,2840.0,2431.9,0.0,10.6,5282.5,2717.7,-1629.3,0.0,1629.3,0.0431,0.0743,battery,hydro,0.0,0.0,0.0,0.0,0.0,0.0,0.0,0.0,0.0,0.0,0.0,0.0,0.0,0.0,0.0,0.0,0.0,0.0,141.7,2.7,0.27,16.7,1068.1,0.06,141.8,48.6,190.4,0.0,0.0,0.0,0.0,0.0,0.0,0.0,0.0,0.0,8.05,0.0,0.0,8.05,8.7,0.0,0.0,8.7,0.0,0.0,0.0,6911.8,6911.8,0.0,0.0,0.0,0.0,0.0,291.6,0.0,0.0,0.0,0.0,0.0,0.0,0.0,6617.3,2.9,0.0
2050-09-01 17:00:00,2050-09-01 15:00:00,3005.3,2431.9,0.0,5.8,5442.9,2870.3,-886.9,0.0,886.9,0.0449,0.0786,battery,gas-cc,0.0,0.0,0.0,0.0,0.0,0.0,0.0,0.0,0.0,0.0,0.0,0.0,0.0,0.0,0.0,0.0,0.0,0.0,141.9,2.7,0.27,16.8,1069.4,0.06,142.0,48.6,190.6,365.9,6.9,0.69,43.2,2761.0,0.16,366.3,125.5,491.8,12.84,0.0,0.0,12.84,13.94,0.0,0.0,13.94,0.0,0.0,0.0,6329.8,6329.8,0.0,0.0,0.0,0.0,0.0,267.1,0.0,0.0,0.0,0.0,0.0,0.0,0.0,6061.6,1.1,0.0
2050-09-01 18:00:00,2050-09-01 16:00:00,3124.2,1609.5,0.0,4.2,4737.9,2979.7,270.6,270.6,0.0,0.0462,0.0817,wind-ons,wind-ons,0.0,0.0,0.0,0.0,0.0,0.0,0.0,0.0,0.0,0.0,0.0,0.0,0.0,0.0,0.0,0.0,0.0,0.0,142.3,2.7,0.27,16.8,1073.0,0.06,142.5,48.8,191.3,0.0,0.0,0.0,0.0,0.0,0.0,0.0,0.0,0.0,24.63,0.0,0.0,24.63,26.83,0.0,0.0,26.83,0.0,0.0,0.0,4467.3,4467.3,0.0,0.0,0.0,0.0,0.0,188.6,0.0,0.0,0.0,0.0,0.0,0.0,0.0,4278.0,0.7,0.0
2050-09-01 19:00:00,2050-09-01 17:00:00,3208.4,0.0,0.0,0.7,3209.2,3057.0,2314.6,0.0,47.2,0.0472,0.0839,battery,gas-cc,119.4,2.3,0.23,14.1,900.9,0.05,119.5,41.0,160.5,126.5,2.4,0.24,14.9,954.4,0.05,126.6,43.4,170.0,146.6,2.8,0.28,17.3,1105.5,0.06,146.8,50.3,197.1,475.7,9.0,0.9,56.2,3589.6,0.21,476.2,163.2,639.4,39.74,0.0,0.0,39.74,43.38,0.0,0.0,43.38,0.0,0.0,0.0,3256.3,894.5,1289.1,0.0,0.0,0.0,0.0,37.7,1072.7,0.0,0.0,0.0,0.0,0.0,0.0,854.6,2.2,0.0
2050-09-01 20:00:00,2050-09-01 18:00:00,3216.8,0.0,0.0,8.4,3225.3,3064.7,3210.3,0.0,1297.6,0.0473,0.0841,battery,gas-cc,86.0,1.6,0.16,10.2,648.6,0.04,86.0,29.5,115.5,92.5,1.7,0.17,10.9,697.9,0.04,92.6,31.7,124.3,153.5,2.9,0.29,18.1,1157.5,0.07,153.7,52.7,206.4,475.8,9.0,0.9,56.2,3590.5,0.21,476.3,163.3,639.6,39.74,156.92,0.0,196.65,43.39,171.33,0.0,214.72,0.0,0.0,0.0,4522.8,15.0,3435.1,0.0,0.0,0.0,0.0,0.0,1072.7,0.0,0.0,0.0,0.0,0.0,0.0,0.0,15.0,0.0
2050-09-01 21:00:00,2050-09-01 19:00:00,3175.8,0.0,0.0,8.7,3184.5,3027.1,3169.1,0.0,1338.7,0.0468,0.0831,battery,gas-cc,85.9,1.6,0.16,10.2,648.6,0.04,86.0,29.5,115.5,92.4,1.7,0.17,10.9,697.5,0.04,92.5,31.7,124.3,154.2,2.9,0.29,18.2,1162.7,0.07,154.4,52.9,207.3,475.2,9.0,0.9,56.1,3586.3,0.21,475.8,163.1,638.8,39.74,0.0,0.0,39.74,43.34,0.0,0.0,43.34,0.0,0.0,0.0,4523.2,15.4,3435.1,0.0,0.0,0.0,0.0,0.0,1072.7,0.0,0.0,0.0,0.0,0.0,0.0,0.0,15.4,0.0
2050-09-01 22:00:00,2050-09-01 20:00:00,3012.6,0.0,0.0,0.0,3012.6,2877.1,2984.5,0.0,0.0,0.045,0.0788,battery,gas-cc,129.0,2.4,0.24,15.2,973.8,0.06,129.2,44.3,173.5,137.0,2.6,0.26,16.2,1033.9,0.06,137.1,47.0,184.2,154.4,2.9,0.29,18.2,1164.1,0.07,154.6,53.0,207.5,473.0,8.9,0.89,55.9,3569.7,0.21,473.6,162.3,635.9,39.74,0.0,0.0,39.74,43.14,0.0,0.0,43.14,0.0,0.0,0.0,3012.6,28.2,1911.7,0.0,0.0,0.0,0.0,0.0,1072.7,0.0,0.0,0.0,0.0,0.0,0.0,0.0,28.2,0.0
2050-09-01 23:00:00,2050-09-01 21:00:00,2816.8,0.0,0.0,10.7,2827.5,2696.2,2793.2,0.0,1640.0,0.0428,0.0737,battery,gas-cc,87.0,1.6,0.16,10.3,656.7,0.04,87.1,29.9,117.0,93.1,1.8,0.18,11.0,702.8,0.04,93.2,32.0,125.2,153.1,2.9,0.29,18.1,1154.2,0.07,153.3,52.5,205.8,470.4,8.9,0.89,55.6,3549.9,0.2,470.9,161.4,632.3,39.74,0.0,0.0,39.74,42.9,0.0,0.0,42.9,0.0,0.0,0.0,4467.5,34.3,3360.4,0.0,0.0,0.0,0.0,0.0,1072.7,0.0,0.0,0.0,0.0,0.0,0.0,0.0,34.3,0.0
2050-09-02 00:00:00,2050-09-01 22:00:00,2606.3,0.0,0.0,8.4,2614.7,2500.6,2579.0,0.0,1293.5,0.0405,0.0682,battery,gas-cc,99.5,1.9,0.19,11.8,750.6,0.04,99.6,34.1,133.7,105.8,2.0,0.2,12.5,798.3,0.05,105.9,36.3,142.2,152.2,2.9,0.29,18.0,1147.3,0.07,152.4,52.2,204.5,467.6,8.8,0.88,55.2,3528.9,0.2,468.2,160.5,628.6,39.56,0.0,0.0,39.56,42.45,0.0,0.0,42.45,0.0,0.0,0.0,3908.2,35.7,2799.8,0.0,0.0,0.0,0.0,0.0,1072.7,0.0,0.0,0.0,0.0,0.0,0.0,0.0,35.7,0.0
2050-09-02 01:00:00,2050-09-01 23:00:00,2381.1,0.0,0.0,10.7,2391.7,2290.1,2363.9,0.0,1640.0,0.0382,0.0623,battery,gas-cc,96.4,1.8,0.18,11.4,727.7,0.04,96.5,33.1,129.6,102.4,1.9,0.19,12.1,772.7,0.04,102.5,35.1,137.7,149.8,2.8,0.28,17.7,1129.4,0.07,150.0,51.4,201.3,464.7,8.8,0.88,54.9,3506.8,0.2,465.2,159.5,624.7,39.56,0.0,0.0,39.56,42.18,0.0,0.0,42.18,0.0,0.0,0.0,4031.7,27.8,2931.2,0.0,0.0,0.0,0.0,0.0,1072.7,0.0,0.0,0.0,0.0,0.0,0.0,0.0,27.8,0.0
2050-09-02 02:00:00,2050-09-02 00:00:00,2183.2,0.0,0.0,10.7,2193.8,2104.0,2159.2,0.0,1640.0,0.0363,0.0571,battery,gas-cc,101.4,1.9,0.19,12.0,765.2,0.04,101.5,34.8,136.3,107.3,2.0,0.2,12.7,809.8,0.05,107.4,36.8,144.3,151.1,2.9,0.29,17.9,1139.1,0.07,151.3,51.8,203.1,462.2,8.7,0.87,54.6,3487.5,0.2,462.7,158.6,621.2,39.56,0.0,0.0,39.56,41.95,0.0,0.0,41.95,0.0,0.0,0.0,3833.8,34.6,2726.5,0.0,0.0,0.0,0.0,0.0,1072.7,0.0,0.0,0.0,0.0,0.0,0.0,0.0,34.6,0.0
2050-09-02 03:00:00,2050-09-02 01:00:00,2003.2,0.0,0.0,7.0,2010.2,1933.8,1980.3,0.0,1078.5,0.0346,0.0524,battery,gas-cc,125.9,2.4,0.24,14.9,949.8,0.05,126.0,43.2,169.2,132.3,2.5,0.25,15.6,998.1,0.06,132.4,45.4,177.8,152.2,2.9,0.29,18.0,1147.4,0.07,152.4,52.2,204.5,459.9,8.7,0.87,54.3,3470.2,0.2,460.4,157.8,618.1,39.56,0.0,0.0,39.56,41.74,0.0,0.0,41.74,0.0,0.0,0.0,3088.7,29.9,1986.1,0.0,0.0,0.0,0.0,0.0,1072.7,0.0,0.0,0.0,0.0,0.0,0.0,0.0,29.9,0.0
2050-09-02 04:00:00,2050-09-02 02:00:00,1863.2,0.0,0.0,0.0,1863.2,1800.9,1846.7,0.0,0.0,0.0334,0.0487,battery,gas-cc,208.7,3.9,0.39,24.6,1574.6,0.09,208.9,71.6,280.5,217.1,4.1,0.41,25.7,1638.2,0.09,217.3,74.5,291.8,150.0,2.8,0.28,17.7,1131.1,0.07,150.2,51.4,201.6,458.1,8.6,0.86,54.1,3456.9,0.2,458.6,157.2,615.8,39.56,0.0,0.0,39.56,41.58,0.0,0.0,41.58,0.0,0.0,0.0,1863.2,16.5,773.9,0.0,0.0,0.0,0.0,0.0,1072.7,0.0,0.0,0.0,0.0,0.0,0.0,0.0,16.5,0.0
2050-09-02 05:00:00,2050-09-02 03:00:00,1760.0,0.0,0.0,0.0,1760.0,1702.6,1744.4,0.0,0.0,0.0326,0.046,battery,gas-cc,220.9,4.2,0.42,26.1,1666.8,0.1,221.1,75.8,296.9,229.4,4.3,0.43,27.1,1731.4,0.1,229.7,78.7,308.4,154.8,2.9,0.29,18.3,1167.4,0.07,155.0,53.1,208.1,456.8,8.6,0.86,54.0,3447.1,0.2,457.3,156.7,614.0,39.56,0.0,0.0,39.56,41.46,0.0,0.0,41.46,0.0,0.0,0.0,1760.0,15.6,671.6,0.0,0.0,0.0,0.0,0.0,1072.7,0.0,0.0,0.0,0.0,0.0,0.0,0.0,15.6,0.0
2050-09-02 06:00:00,2050-09-02 04:00:00,1695.8,0.0,0.0,0.0,1695.8,1641.3,1677.4,0.0,0.0,0.0321,0.0443,battery,gas-cc,229.3,4.3,0.43,27.1,1730.0,0.1,229.5,78.7,308.2,237.9,4.5,0.45,28.1,1795.2,0.1,238.2,81.6,319.8,128.5,2.4,0.24,15.2,969.1,0.06,128.7,44.1,172.8,456.0,8.6,0.86,53.9,3441.0,0.2,456.5,156.5,612.9,39.56,0.0,0.0,39.56,41.39,0.0,0.0,41.39,0.0,0.0,0.0,1695.8,18.4,604.7,0.0,0.0,0.0,0.0,0.0,1072.7,0.0,0.0,0.0,0.0,0.0,0.0,0.0,18.4,0.0
2050-09-02 07:00:00,2050-09-02 05:00:00,1660.0,0.0,0.0,0.0,1660.0,1607.1,1639.0,0.0,0.0,0.0319,0.0434,battery,gas-cc,234.2,4.4,0.44,27.7,1767.3,0.1,234.4,80.4,314.8,242.9,4.6,0.46,28.7,1833.0,0.11,243.2,83.4,326.5,230.9,4.4,0.44,27.3,1741.7,0.1,231.1,79.2,310.3,455.5,8.6,0.86,53.8,3437.7,0.2,456.0,156.3,612.3,39.56,0.0,0.0,39.56,41.35,0.0,0.0,41.35,0.0,0.0,0.0,1660.0,21.0,566.3,0.0,0.0,0.0,0.0,0.0,1072.7,0.0,0.0,0.0,0.0,0.0,0.0,0.0,21.0,0.0
2050-09-02 08:00:00,2050-09-02 06:00:00,1652.6,2431.9,0.0,7.5,4092.0,1600.1,539.9,539.9,0.0,0.0318,0.0432,upv,upv,0.0,0.0,0.0,0.0,0.0,0.0,0.0,0.0,0.0,0.0,0.0,0.0,0.0,0.1,0.0,0.0,0.1,0.1,139.9,2.6,0.26,16.5,1054.9,0.06,140.1,48.0,188.1,0.0,0.0,0.0,0.0,0.0,0.0,0.0,0.0,0.0,0.05,0.0,0.0,0.05,0.05,0.0,0.0,0.05,0.0,0.0,0.0,3552.2,3552.2,0.0,0.0,0.0,0.0,0.0,149.0,0.0,0.0,0.0,0.0,0.0,0.0,0.0,3383.0,20.1,0.0
2050-09-02 09:00:00,2050-09-02 07:00:00,1754.7,3688.1,0.0,8.4,5451.2,1697.6,-1290.0,0.0,1290.0,0.0326,0.0459,upv,upv,0.0,0.0,0.0,0.0,0.0,0.0,0.0,0.0,0.0,0.0,0.0,0.0,0.0,0.0,0.0,0.0,0.0,0.0,140.0,2.6,0.27,16.5,1055.7,0.06,140.2,48.0,188.2,0.0,0.0,0.0,0.0,0.0,0.0,0.0,0.0,0.0,0.0,0.0,0.0,0.0,0.0,0.0,0.0,0.0,12.4,1517.2,1529.6,6741.2,6741.2,0.0,0.0,0.0,0.0,0.0,0.0,0.0,0.0,0.0,0.0,0.0,0.0,0.0,6741.2,0.0,0.0
2050-09-02 10:00:00,2050-09-02 08:00:00,1917.9,3240.3,0.0,0.0,5158.2,1852.9,0.0,0.0,0.0,0.0339,0.0502,upv,upv,0.0,0.0,0.0,0.0,0.0,0.0,0.0,0.0,0.0,0.0,0.0,0.0,0.0,0.0,0.0,0.0,0.0,0.0,140.2,2.6,0.27,16.6,1057.2,0.06,140.4,48.1,188.5,0.0,0.0,0.0,0.0,0.0,0.0,0.0,0.0,0.0,0.0,0.0,0.0,0.0,0.0,0.0,0.0,0.0,11.2,4429.2,4440.4,5158.2,5158.2,0.0,0.0,0.0,0.0,0.0,0.0,0.0,0.0,0.0,0.0,0.0,0.0,0.0,5158.2,0.0,0.0
2050-09-02 11:00:00,2050-09-02 09:00:00,2110.5,3986.6,0.0,3.9,6101.1,2035.4,-602.0,0.0,602.0,0.0356,0.0552,upv,upv,0.0,0.0,0.0,0.0,0.0,0.0,0.0,0.0,0.0,0.0,0.0,0.0,0.0,0.0,0.0,0.0,0.0,0.0,140.5,2.7,0.27,16.6,1059.1,0.06,140.6,48.2,188.8,0.0,0.0,0.0,0.0,0.0,0.0,0.0,0.0,0.0,0.0,0.0,0.0,0.0,0.0,0.0,0.0,0.0,6.3,3019.3,3025.7,6703.1,6703.1,0.0,0.0,0.0,0.0,0.0,410.3,0.0,0.0,0.0,0.0,0.0,0.0,0.0,6292.8,0.0,0.0
2050-09-02 12:00:00,2050-09-02 10:00:00,2343.2,4019.6,0.0,10.7,6373.4,2254.5,-1640.0,0.0,1640.0,0.0378,0.0613,upv,upv,0.0,0.0,0.0,0.0,0.0,0.0,0.0,0.0,0.0,0.0,0.0,0.0,0.0,0.0,0.0,0.0,0.0,0.0,140.8,2.7,0.27,16.6,1061.5,0.06,141.0,48.3,189.2,0.0,0.0,0.0,0.0,0.0,0.0,0.0,0.0,0.0,0.0,0.0,0.0,0.0,0.0,0.0,0.0,0.0,5.6,1594.5,1600.1,8013.4,8013.4,0.0,0.0,0.0,0.0,0.0,405.6,0.0,0.0,0.0,0.0,0.0,0.0,0.0,7607.7,0.0,0.0
2050-09-02 13:00:00,2050-09-02 11:00:00,2544.2,4019.6,0.0,10.7,6574.4,2442.7,-1640.0,0.0,1640.0,0.0399,0.0665,upv,upv,0.0,0.0,0.0,0.0,0.0,0.0,0.0,0.0,0.0,0.0,0.0,0.0,0.0,0.0,0.0,0.0,0.0,0.0,141.1,2.7,0.27,16.7,1063.8,0.06,141.3,48.4,189.7,0.0,0.0,0.0,0.0,0.0,0.0,0.0,0.0,0.0,0.0,0.0,0.0,0.0,0.0,0.0,0.0,0.0,8.3,1211.0,1219.3,8214.4,8214.4,0.0,0.0,0.0,0.0,0.0,397.7,0.0,0.0,0.0,0.0,0.0,0.0,0.0,7816.7,0.0,0.0
2050-09-02 14:00:00,2050-09-02 12:00:00,2708.4,2593.8,0.0,10.7,5312.9,2595.6,-1640.0,0.0,1640.0,0.0416,0.0708,upv,upv,0.0,0.0,0.0,0.0,0.0,0.0,0.0,0.0,0.0,0.0,0.0,0.0,0.0,0.0,0.0,0.0,0.0,0.0,141.4,2.7,0.27,16.7,1065.8,0.06,141.5,48.5,190.0,0.0,0.0,0.0,0.0,0.0,0.0,0.0,0.0,0.0,0.0,0.0,0.0,0.0,0.0,0.0,0.0,0.0,0.0,2381.8,2381.8,6952.8,6952.8,0.0,0.0,0.0,0.0,0.0,393.4,0.0,0.0,0.0,0.0,0.0,0.0,0.0,6542.5,16.9,0.0
2050-09-02 15:00:00,2050-09-02 13:00:00,2861.1,2821.5,0.0,10.7,5693.3,2737.2,-1640.0,0.0,1640.0,0.0433,0.0748,upv,upv,0.0,0.0,0.0,0.0,0.0,0.0,0.0,0.0,0.0,0.0,0.0,0.0,0.0,0.0,0.0,0.0,0.0,0.0,141.6,2.7,0.27,16.7,1067.6,0.06,141.8,48.6,190.3,0.0,0.0,0.0,0.0,0.0,0.0,0.0,0.0,0.0,0.0,0.0,0.0,0.0,0.0,0.0,0.0,0.0,10.1,1862.8,1872.9,7333.2,7333.2,0.0,0.0,0.0,0.0,0.0,388.0,0.0,0.0,0.0,0.0,0.0,0.0,0.0,6945.3,0.0,0.0
2050-09-02 16:00:00,2050-09-02 14:00:00,3015.8,2755.7,0.0,21.7,5793.1,2880.0,-2351.0,0.0,2351.0,0.045,0.0789,distpv,distpv,0.0,0.0,0.0,0.0,0.0,0.0,0.0,0.0,0.0,0.0,0.0,0.0,0.0,0.0,0.0,0.0,0.0,0.0,141.9,2.7,0.27,16.8,1069.5,0.06,142.0,48.7,190.7,0.0,0.0,0.0,0.0,0.0,0.0,0.0,0.0,0.0,0.0,0.0,0.0,0.0,0.0,0.0,0.0,0.0,7.3,19.6,26.9,8144.2,8144.2,0.0,0.0,0.0,0.0,0.0,324.9,0.0,0.0,0.0,0.0,0.0,0.0,0.0,7819.3,0.0,0.0
2050-09-02 17:00:00,2050-09-02 15:00:00,3118.9,1609.5,0.0,11.6,4740.1,2974.9,-1703.8,0.0,1703.8,0.0462,0.0816,upv,upv,0.0,0.0,0.0,0.0,0.0,0.0,0.0,0.0,0.0,0.0,0.0,0.0,0.0,0.0,0.0,0.0,0.0,0.0,142.0,2.7,0.27,16.8,1070.8,0.06,142.2,48.7,190.9,0.0,0.0,0.0,0.0,0.0,0.0,0.0,0.0,0.0,4.49,0.0,0.0,4.49,4.89,0.0,0.0,4.89,0.0,0.0,0.0,6443.8,6443.8,0.0,0.0,0.0,0.0,0.0,271.7,0.0,0.0,0.0,0.0,0.0,0.0,0.0,6168.2,3.9,0.0
2050-09-02 18:00:00,2050-09-02 16:00:00,3236.8,0.0,0.0,6.3,3243.1,3083.0,-969.1,0.0,969.1,0.0475,0.0846,upv,upv,0.0,0.0,0.0,0.0,0.0,0.0,0.0,0.0,0.0,0.0,0.0,0.0,0.0,0.0,0.0,0.0,0.0,0.0,142.2,2.7,0.27,16.8,1072.4,0.06,142.4,48.8,191.2,0.0,0.0,0.0,0.0,0.0,0.0,0.0,0.0,0.0,4.74,0.0,0.0,4.74,5.18,0.0,0.0,5.18,0.0,0.0,0.0,4212.2,4212.2,0.0,0.0,0.0,0.0,0.0,177.6,0.0,0.0,0.0,0.0,0.0,0.0,0.0,4032.4,2.1,0.0
2050-09-02 19:00:00,2050-09-02 17:00:00,3298.9,0.0,0.0,7.5,3306.5,3139.8,2128.4,0.0,1156.2,0.0482,0.0863,battery,gas-cc,87.1,1.6,0.16,10.3,657.4,0.04,87.2,29.9,117.1,93.0,1.8,0.18,11.0,701.8,0.04,93.1,31.9,125.0,149.0,2.8,0.28,17.6,1123.1,0.06,149.1,51.1,200.2,443.9,8.4,0.84,52.4,3350.1,0.19,444.4,152.3,596.7,38.04,0.0,0.0,38.04,41.63,0.0,0.0,41.63,0.0,0.0,0.0,4462.6,1178.0,2211.9,0.0,0.0,0.0,0.0,49.2,1072.7,0.0,0.0,0.0,0.0,0.0,0.0,1115.5,13.3,0.0
2050-09-02 20:00:00,2050-09-02 18:00:00,3234.7,0.0,0.0,10.7,3245.4,3081.1,3203.4,0.0,1640.0,0.0475,0.0846,battery,gas-cc,79.6,1.5,0.15,9.4,600.5,0.03,79.7,27.3,107.0,85.8,1.6,0.16,10.2,647.8,0.04,85.9,29.5,115.4,152.7,2.9,0.29,18.0,1150.8,0.07,152.8,52.3,205.2,445.8,8.4,0.84,52.7,3364.2,0.19,446.3,153.0,599.3,38.04,0.0,0.0,38.04,41.55,0.0,0.0,41.55,0.0,0.0,0.0,4885.4,42.0,3770.7,0.0,0.0,0.0,0.0,0.0,1072.7,0.0,0.0,0.0,0.0,0.0,0.0,0.0,42.0,0.0
2050-09-02 21:00:00,2050-09-02 19:00:00,3157.9,0.0,0.0,10.7,3168.6,3010.6,3105.3,0.0,1640.0,0.0466,0.0826,battery,gas-cc,80.8,1.5,0.15,9.6,610.1,0.04,80.9,27.7,108.7,87.1,1.6,0.16,10.3,657.1,0.04,87.2,29.9,117.1,152.6,2.9,0.29,18.0,1150.3,0.07,152.7,52.3,205.1,444.8,8.4,0.84,52.5,3356.9,0.19,445.3,152.6,598.0,38.04,0.0,0.0,38.04,41.46,0.0,0.0,41.46,0.0,0.0,0.0,4808.5,63.2,3672.6,0.0,0.0,0.0,0.0,0.0,1072.7,0.0,0.0,0.0,0.0,0.0,0.0,0.0,63.2,0.0
2050-09-02 22:00:00,2050-09-02 20:00:00,3015.8,0.0,0.0,6.8,3022.6,2880.0,2948.2,0.0,1046.9,0.045,0.0789,battery,gas-cc,95.5,1.8,0.18,11.3,720.9,0.04,95.6,32.8,128.4,102.2,1.9,0.19,12.1,770.9,0.04,102.3,35.1,137.3,151.6,2.9,0.29,17.9,1143.2,0.07,151.8,52.0,203.8,466.4,8.8,0.88,55.1,3519.2,0.2,466.9,160.0,626.9,38.04,0.0,0.0,38.04,41.29,0.0,0.0,41.29,0.0,0.0,0.0,4069.5,74.4,2922.4,0.0,0.0,0.0,0.0,0.0,1072.7,0.0,0.0,0.0,0.0,0.0,0.0,0.0,74.4,0.0
2050-09-02 23:00:00,2050-09-02 21:00:00,2806.3,0.0,0.0,10.7,2817.0,2686.5,2742.4,0.0,1640.0,0.0427,0.0734,battery,gas-cc,87.2,1.6,0.16,10.3,658.2,0.04,87.3,29.9,117.2,93.3,1.8,0.18,11.0,704.2,0.04,93.4,32.0,125.4,153.4,2.9,0.29,18.1,1156.6,0.07,153.6,52.6,206.2,440.4,8.3,0.83,52.0,3323.6,0.19,440.9,151.1,592.0,38.04,0.0,0.0,38.04,41.05,0.0,0.0,41.05,0.0,0.0,0.0,4456.9,74.6,3309.6,0.0,0.0,0.0,0.0,0.0,1072.7,0.0,0.0,0.0,0.0,0.0,0.0,0.0,74.6,0.0
2050-09-03 00:00:00,2050-09-02 22:00:00,2601.1,0.0,0.0,10.7,2611.7,2495.7,2565.0,0.0,1640.0,0.0405,0.068,battery,gas-cc,91.4,1.7,0.17,10.8,690.0,0.04,91.5,31.4,122.9,97.5,1.8,0.18,11.5,735.5,0.04,97.6,33.5,131.0,153.9,2.9,0.29,18.2,1160.2,0.07,154.1,52.8,206.8,437.9,8.3,0.83,51.7,3304.4,0.19,438.4,150.3,588.6,38.77,0.0,0.0,38.77,41.6,0.0,0.0,41.6,0.0,0.0,0.0,4251.7,46.7,3132.3,0.0,0.0,0.0,0.0,0.0,1072.7,0.0,0.0,0.0,0.0,0.0,0.0,0.0,46.7,0.0
2050-09-03 01:00:00,2050-09-02 23:00:00,2420.0,0.0,0.0,5.6,2425.6,2326.6,2379.1,0.0,858.2,0.0386,0.0633,battery,gas-cc,118.4,2.2,0.22,14.0,893.4,0.05,118.5,40.6,159.1,125.1,2.4,0.24,14.8,943.9,0.05,125.2,42.9,168.1,147.8,2.8,0.28,17.5,1114.5,0.06,148.0,50.7,198.7,392.1,7.4,0.74,46.3,2958.9,0.17,392.5,134.5,527.1,38.77,0.0,0.0,38.77,41.39,0.0,0.0,41.39,0.0,0.0,0.0,3283.8,46.4,2164.6,0.0,0.0,0.0,0.0,0.0,1072.7,0.0,0.0,0.0,0.0,0.0,0.0,0.0,46.4,0.0
2050-09-03 02:00:00,2050-09-03 00:00:00,2208.4,0.0,0.0,5.9,2214.3,2127.8,2117.0,0.0,905.7,0.0365,0.0578,battery,gas-cc,124.6,2.3,0.23,14.7,940.3,0.05,124.7,42.8,167.5,131.2,2.5,0.25,15.5,989.8,0.06,131.3,45.0,176.3,153.8,2.9,0.29,18.2,1159.3,0.07,153.9,52.7,206.7,389.8,7.3,0.73,46.0,2941.6,0.17,390.2,133.8,524.0,38.77,0.0,0.0,38.77,41.15,0.0,0.0,41.15,0.0,0.0,0.0,3120.0,97.3,1950.0,0.0,0.0,0.0,0.0,0.0,1072.7,0.0,0.0,0.0,0.0,0.0,0.0,0.0,97.3,0.0
2050-09-03 03:00:00,2050-09-03 01:00:00,2026.3,0.0,0.0,3.5,2029.8,1955.8,1938.6,0.0,533.8,0.0348,0.053,battery,gas-cc,151.6,2.9,0.29,17.9,1144.4,0.07,151.8,52.0,203.8,158.7,3.0,0.3,18.8,1197.7,0.07,158.9,54.5,213.4,167.6,3.2,0.32,19.8,1263.7,0.07,167.8,57.5,225.3,387.8,7.3,0.73,45.8,2926.8,0.17,388.3,133.1,521.3,38.77,0.0,0.0,38.77,40.94,0.0,0.0,40.94,0.0,0.0,0.0,2563.5,91.2,1399.6,0.0,0.0,0.0,0.0,0.0,1072.7,0.0,0.0,0.0,0.0,0.0,0.0,0.0,91.2,0.0
2050-09-03 04:00:00,2050-09-03 02:00:00,1889.5,0.0,0.0,0.0,1889.5,1825.9,1804.9,0.0,0.0,0.0336,0.0494,battery,gas-cc,205.8,3.9,0.39,24.3,1552.6,0.09,206.0,70.6,276.6,214.0,4.0,0.4,25.3,1615.2,0.09,214.3,73.5,287.7,171.3,3.2,0.32,20.2,1291.4,0.07,171.4,58.7,230.2,429.3,8.1,0.81,50.7,3239.7,0.19,429.8,147.3,577.1,38.77,0.0,0.0,38.77,40.79,0.0,0.0,40.79,0.0,0.0,0.0,1889.5,84.6,732.2,0.0,0.0,0.0,0.0,0.0,1072.7,0.0,0.0,0.0,0.0,0.0,0.0,0.0,84.6,0.0
2050-09-03 05:00:00,2050-09-03 03:00:00,1791.6,0.0,0.0,0.0,1791.6,1732.7,1735.4,0.0,0.0,0.0328,0.0469,battery,gas-cc,217.0,4.1,0.41,25.6,1637.5,0.09,217.2,74.5,291.7,225.4,4.2,0.42,26.6,1701.2,0.1,225.7,77.4,303.0,150.5,2.8,0.28,17.8,1135.0,0.07,150.7,51.6,202.3,428.2,8.1,0.81,50.6,3231.0,0.19,428.6,146.9,575.5,38.77,0.0,0.0,38.77,40.68,0.0,0.0,40.68,0.0,0.0,0.0,1791.6,56.2,662.7,0.0,0.0,0.0,0.0,0.0,1072.7,0.0,0.0,0.0,0.0,0.0,0.0,0.0,56.2,0.0
2050-09-03 06:00:00,2050-09-03 04:00:00,1734.7,0.0,0.0,1.4,1736.1,1678.5,1722.9,87.1,0.0,0.0324,0.0454,gas-cc,gas-cc,235.8,4.4,0.44,27.9,1779.1,0.1,236.0,80.9,316.9,232.4,4.4,0.44,27.5,1753.6,0.1,232.6,79.7,312.4,141.2,2.7,0.27,16.7,1064.8,0.06,141.4,48.4,189.8,373.0,7.0,0.7,44.1,2814.4,0.16,373.4,128.0,501.3,38.77,0.0,0.0,38.77,40.62,0.0,0.0,40.62,0.0,0.0,0.0,1649.0,13.2,563.0,0.0,0.0,0.0,0.0,0.0,1072.7,0.0,0.0,0.0,0.0,0.0,0.0,0.0,13.2,0.0
2050-09-03 07:00:00,2050-09-03 05:00:00,1675.8,0.0,0.0,8.0,1683.7,1622.2,1680.3,607.6,0.0,0.032,0.0438,battery,gas-cc,361.2,6.8,0.68,42.7,2726.0,0.16,361.6,124.0,485.6,250.5,4.7,0.47,29.8,1890.6,0.11,250.7,86.2,336.9,150.8,2.8,0.29,17.8,1137.1,0.07,151.0,51.7,202.7,385.4,7.3,0.73,45.5,2908.5,0.17,385.8,132.2,518.1,38.63,0.0,0.0,38.63,40.4,0.0,0.0,40.4,0.0,0.0,0.0,1076.2,3.4,0.0,0.0,0.0,0.0,0.0,0.0,1072.7,0.0,0.0,0.0,0.0,0.0,0.0,0.0,3.4,0.0
2050-09-03 08:00:00,2050-09-03 06:00:00,1667.4,1520.2,0.0,3.4,3190.9,1614.2,-520.4,0.0,520.4,0.0319,0.0436,gas-cc,gas-cc,0.0,0.0,0.0,0.0,0.0,0.0,0.0,0.0,0.0,0.0,0.0,0.0,0.0,0.0,0.0,0.0,0.0,0.0,139.9,2.6,0.26,16.5,1055.1,0.06,140.1,48.0,188.1,367.8,6.9,0.69,43.5,2775.7,0.16,368.2,126.2,494.4,22.26,0.0,0.0,22.26,23.27,0.0,0.0,23.27,0.0,0.0,0.0,3711.4,3711.4,0.0,0.0,0.0,0.0,0.0,156.6,0.0,0.0,0.0,0.0,0.0,0.0,0.0,3554.2,0.5,0.0
2050-09-03 09:00:00,2050-09-03 07:00:00,1747.4,3784.1,0.0,10.7,5542.1,1690.6,-1640.0,0.0,1640.0,0.0325,0.0457,upv,upv,0.0,0.0,0.0,0.0,0.0,0.0,0.0,0.0,0.0,0.0,0.0,0.0,0.0,0.0,0.0,0.0,0.0,0.0,140.0,2.6,0.27,16.5,1055.7,0.06,140.2,48.0,188.2,0.0,0.0,0.0,0.0,0.0,0.0,0.0,0.0,0.0,0.0,0.0,0.0,0.0,0.0,0.0,0.0,0.0,0.3,1413.5,1413.9,7182.0,7182.0,0.0,0.0,0.0,0.0,0.0,362.7,0.0,0.0,0.0,0.0,0.0,0.0,0.0,6819.4,0.0,0.0
2050-09-03 10:00:00,2050-09-03 08:00:00,1941.1,4019.6,0.0,10.7,5971.3,1874.9,-1640.0,0.0,1640.0,0.0341,0.0508,upv,upv,0.0,0.0,0.0,0.0,0.0,0.0,0.0,0.0,0.0,0.0,0.0,0.0,0.0,0.0,0.0,0.0,0.0,0.0,140.3,2.6,0.27,16.6,1057.4,0.06,140.4,48.1,188.5,0.0,0.0,0.0,0.0,0.0,0.0,0.0,0.0,0.0,0.0,0.0,0.0,0.0,0.0,0.0,0.0,0.0,0.0,2118.0,2118.0,7611.3,7611.3,0.0,0.0,0.0,0.0,0.0,0.0,0.0,0.0,0.0,0.0,0.0,0.0,0.0,7611.3,0.0,0.0
2050-09-03 11:00:00,2050-09-03 09:00:00,2167.4,4019.6,0.0,10.7,6197.6,2089.1,-1640.0,0.0,1640.0,0.0361,0.0567,upv,upv,0.0,0.0,0.0,0.0,0.0,0.0,0.0,0.0,0.0,0.0,0.0,0.0,0.0,0.0,0.0,0.0,0.0,0.0,140.6,2.7,0.27,16.6,1059.7,0.06,140.7,48.2,188.9,0.0,0.0,0.0,0.0,0.0,0.0,0.0,0.0,0.0,0.0,0.0,0.0,0.0,0.0,0.0,0.0,0.0,0.7,2006.2,2007.0,7837.6,7837.6,0.0,0.0,0.0,0.0,0.0,0.0,0.0,0.0,0.0,0.0,0.0,0.0,0.0,7837.6,0.0,0.0
2050-09-03 12:00:00,2050-09-03 10:00:00,2386.3,3045.5,0.0,10.7,5442.4,2295.0,-1640.0,0.0,1640.0,0.0383,0.0624,upv,upv,0.0,0.0,0.0,0.0,0.0,0.0,0.0,0.0,0.0,0.0,0.0,0.0,0.0,0.0,0.0,0.0,0.0,0.0,140.9,2.7,0.27,16.6,1062.0,0.06,141.0,48.3,189.3,0.0,0.0,0.0,0.0,0.0,0.0,0.0,0.0,0.0,0.0,0.0,0.0,0.0,0.0,0.0,0.0,0.0,1.7,2680.6,2682.3,7082.4,7082.4,0.0,0.0,0.0,0.0,0.0,0.0,0.0,0.0,0.0,0.0,0.0,0.0,0.0,7082.4,0.0,0.0
2050-09-03 13:00:00,2050-09-03 11:00:00,2626.3,4019.6,0.0,10.7,6656.6,2519.3,-1640.0,0.0,1640.0,0.0408,0.0687,upv,upv,0.0,0.0,0.0,0.0,0.0,0.0,0.0,0.0,0.0,0.0,0.0,0.0,0.0,0.0,0.0,0.0,0.0,0.0,141.2,2.7,0.27,16.7,1064.8,0.06,141.4,48.4,189.8,0.0,0.0,0.0,0.0,0.0,0.0,0.0,0.0,0.0,0.0,0.0,0.0,0.0,0.0,0.0,0.0,0.0,4.3,1311.4,1315.6,8296.5,8296.5,0.0,0.0,0.0,0.0,0.0,0.0,0.0,0.0,0.0,0.0,0.0,0.0,0.0,8296.5,0.0,0.0
2050-09-03 14:00:00,2050-09-03 12:00:00,2804.2,3373.1,0.0,10.7,6187.9,2684.5,-1640.0,0.0,1640.0,0.0427,0.0733,upv,upv,0.0,0.0,0.0,0.0,0.0,0.0,0.0,0.0,0.0,0.0,0.0,0.0,0.0,0.0,0.0,0.0,0.0,0.0,141.5,2.7,0.27,16.7,1066.9,0.06,141.7,48.5,190.2,0.0,0.0,0.0,0.0,0.0,0.0,0.0,0.0,0.0,0.0,0.0,0.0,0.0,0.0,0.0,0.0,0.0,10.9,1496.3,1507.1,7827.9,7827.9,0.0,0.0,0.0,0.0,0.0,0.0,0.0,0.0,0.0,0.0,0.0,0.0,0.0,7827.9,0.0,0.0
2050-09-03 15:00:00,2050-09-03 13:00:00,2994.7,2431.9,0.0,10.7,5437.3,2860.6,-1640.0,0.0,1640.0,0.0448,0.0783,upv,upv,0.0,0.0,0.0,0.0,0.0,0.0,0.0,0.0,0.0,0.0,0.0,0.0,0.0,0.0,0.0,0.0,0.0,0.0,141.8,2.7,0.27,16.8,1069.3,0.06,142.0,48.6,190.6,0.0,0.0,0.0,0.0,0.0,0.0,0.0,0.0,0.0,0.0,0.0,0.0,0.0,0.0,0.0,0.0,0.0,30.0,1397.0,1426.9,7077.3,7077.3,0.0,0.0,0.0,0.0,0.0,357.6,0.0,0.0,0.0,0.0,0.0,0.0,0.0,6719.6,0.0,0.0
2050-09-03 16:00:00,2050-09-03 14:00:00,3154.7,2431.9,0.0,16.2,5602.9,3007.7,-2000.6,0.0,2000.6,0.0466,0.0825,upv,upv,0.0,0.0,0.0,0.0,0.0,0.0,0.0,0.0,0.0,0.0,0.0,0.0,0.0,0.0,0.0,0.0,0.0,0.0,142.2,2.7,0.27,16.8,1071.7,0.06,142.3,48.7,191.1,0.0,0.0,0.0,0.0,0.0,0.0,0.0,0.0,0.0,4.49,0.0,0.0,4.49,4.9,0.0,0.0,4.9,0.0,0.0,0.0,7603.5,7603.5,0.0,0.0,0.0,0.0,0.0,313.8,0.0,0.0,0.0,0.0,0.0,0.0,0.0,7121.4,168.3,0.0
2050-09-03 17:00:00,2050-09-03 15:00:00,3247.4,2431.9,0.0,1.4,5680.7,3092.6,-217.6,0.0,217.6,0.0477,0.0849,upv,upv,0.0,0.0,0.0,0.0,0.0,0.0,0.0,0.0,0.0,0.0,0.0,0.0,0.0,0.0,0.0,0.0,0.0,0.0,142.3,2.7,0.27,16.8,1072.6,0.06,142.4,48.8,191.2,0.0,0.0,0.0,0.0,0.0,0.0,0.0,0.0,0.0,4.7,0.0,0.0,4.7,5.14,0.0,0.0,5.14,0.0,0.0,0.0,5898.3,5898.3,0.0,0.0,0.0,0.0,0.0,244.9,0.0,0.0,0.0,0.0,0.0,0.0,0.0,5557.5,95.9,0.0
2050-09-03 18:00:00,2050-09-03 16:00:00,3343.2,89.3,0.0,0.0,3432.5,3180.2,-0.0,0.0,0.0,0.0488,0.0874,battery,gas-cc,0.0,0.0,0.0,0.0,0.0,0.0,0.0,0.0,0.0,0.0,0.0,0.0,0.0,0.0,0.0,0.0,0.0,0.0,146.9,2.8,0.28,17.4,1107.8,0.06,147.1,50.4,197.5,346.9,6.5,0.65,41.0,2618.1,0.15,347.3,119.0,466.4,22.26,0.0,0.0,22.26,24.39,0.0,0.0,24.39,0.0,0.0,0.0,3432.5,3432.5,0.0,0.0,0.0,0.0,0.0,140.8,0.0,0.0,0.0,0.0,0.0,0.0,0.0,3195.6,96.0,0.0
2050-09-03 19:00:00,2050-09-03 17:00:00,3361.1,0.0,0.0,10.7,3371.7,3196.5,2270.5,0.0,1640.0,0.049,0.0879,battery,gas-cc,77.6,1.5,0.15,9.2,585.4,0.03,77.7,26.6,104.3,83.2,1.6,0.16,9.8,628.2,0.04,83.3,28.6,111.9,150.2,2.8,0.28,17.7,1132.1,0.07,150.3,51.5,201.8,413.8,7.8,0.78,48.9,3123.0,0.18,414.3,142.0,556.3,39.26,0.0,0.0,39.26,43.04,0.0,0.0,43.04,0.0,0.0,0.0,5011.7,1101.2,2837.7,0.0,0.0,0.0,0.0,40.0,1072.7,0.0,0.0,0.0,0.0,0.0,0.0,907.9,153.2,0.0
2050-09-03 20:00:00,2050-09-03 18:00:00,3260.0,0.0,0.0,9.9,3269.9,3104.2,3182.0,0.0,1520.7,0.0478,0.0853,battery,gas-cc,81.2,1.5,0.15,9.6,612.4,0.04,81.2,27.8,109.1,87.5,1.6,0.16,10.3,660.1,0.04,87.6,30.0,117.6,166.1,3.1,0.31,19.6,1252.1,0.07,166.2,57.0,223.2,403.1,7.6,0.76,47.6,3042.1,0.17,403.6,138.3,541.9,39.26,370.89,0.0,410.15,42.92,405.46,0.0,448.38,0.0,0.0,0.0,4790.6,87.9,3629.9,0.0,0.0,0.0,0.0,0.0,1072.7,0.0,0.0,0.0,0.0,0.0,0.0,0.0,87.9,0.0
2050-09-03 21:00:00,2050-09-03 19:00:00,3157.9,0.0,0.0,0.9,3158.8,3010.6,3001.0,0.0,134.6,0.0466,0.0826,gas-cc,gas-cc,118.0,2.2,0.22,13.9,890.8,0.05,118.2,40.5,158.7,125.7,2.4,0.24,14.9,948.4,0.05,125.8,43.1,168.9,164.8,3.1,0.31,19.5,1242.8,0.07,165.0,56.5,221.5,402.0,7.6,0.76,47.5,3033.3,0.17,402.4,137.9,540.3,39.26,0.0,0.0,39.26,42.79,0.0,0.0,42.79,0.0,0.0,0.0,3293.3,157.8,2062.8,0.0,0.0,0.0,0.0,0.0,1072.7,0.0,0.0,0.0,0.0,0.0,0.0,0.0,157.8,0.0
2050-09-03 22:00:00,2050-09-03 20:00:00,3015.8,0.0,0.0,10.7,3026.4,2880.0,2872.4,0.0,1640.0,0.045,0.0789,battery,gas-cc,83.3,1.6,0.16,9.8,628.7,0.04,83.4,28.6,112.0,89.4,1.7,0.17,10.6,674.8,0.04,89.5,30.7,120.2,167.8,3.2,0.32,19.8,1265.1,0.07,168.0,57.5,225.5,409.8,7.7,0.77,48.4,3092.3,0.18,410.2,140.6,550.8,39.26,0.0,0.0,39.26,42.62,0.0,0.0,42.62,0.0,0.0,0.0,4666.4,154.1,3439.6,0.0,0.0,0.0,0.0,0.0,1072.7,0.0,0.0,0.0,0.0,0.0,0.0,0.0,154.1,0.0
2050-09-03 23:00:00,2050-09-03 21:00:00,2804.2,0.0,0.0,10.7,2814.9,2684.5,2664.4,0.0,1640.0,0.0427,0.0733,battery,gas-cc,87.3,1.6,0.16,10.3,658.5,0.04,87.4,29.9,117.3,93.3,1.8,0.18,11.0,704.1,0.04,93.4,32.0,125.4,220.6,4.2,0.42,26.1,1664.1,0.1,220.8,75.7,296.5,407.3,7.7,0.77,48.1,3073.9,0.18,407.8,139.8,547.5,39.26,0.0,0.0,39.26,42.37,0.0,0.0,42.37,0.0,0.0,0.0,4454.8,150.5,3231.6,0.0,0.0,0.0,0.0,0.0,1072.7,0.0,0.0,0.0,0.0,0.0,0.0,0.0,150.5,0.0
2050-09-04 00:00:00,2050-09-03 22:00:00,2574.7,0.0,0.0,6.6,2581.3,2471.2,2488.2,0.0,1016.4,0.0402,0.0673,gas-cc,gas-cc,108.1,2.0,0.2,12.8,815.4,0.05,108.2,37.1,145.3,114.6,2.2,0.22,13.5,864.6,0.05,114.7,39.3,154.0,155.4,2.9,0.29,18.4,1171.8,0.07,155.6,53.3,208.9,377.2,7.1,0.71,44.6,2846.3,0.16,377.6,129.4,507.0,40.11,0.0,0.0,40.11,43.01,0.0,0.0,43.01,0.0,0.0,0.0,3597.7,93.1,2431.9,0.0,0.0,0.0,0.0,0.0,1072.7,0.0,0.0,0.0,0.0,0.0,0.0,0.0,93.1,0.0
2050-09-04 01:00:00,2050-09-03 23:00:00,2378.9,0.0,0.0,8.9,2387.8,2288.1,2310.1,0.0,1362.2,0.0382,0.0622,gas-cc,gas-cc,103.7,2.0,0.2,12.2,782.3,0.04,103.8,35.6,139.4,109.8,2.1,0.21,13.0,828.8,0.05,109.9,37.7,147.6,153.0,2.9,0.29,18.1,1153.6,0.07,153.2,52.5,205.7,407.9,7.7,0.77,48.2,3078.4,0.18,408.4,140.0,548.4,40.11,0.0,0.0,40.11,42.78,0.0,0.0,42.78,0.0,0.0,0.0,3750.0,77.7,2599.5,0.0,0.0,0.0,0.0,0.0,1072.7,0.0,0.0,0.0,0.0,0.0,0.0,0.0,77.7,0.0
2050-09-04 02:00:00,2050-09-04 00:00:00,2124.2,0.0,0.0,10.7,2134.9,2048.3,2078.2,0.0,1640.0,0.0357,0.0556,battery,gas-cc,103.0,1.9,0.19,12.2,777.2,0.04,103.1,35.3,138.4,108.9,2.1,0.21,12.9,821.5,0.05,109.0,37.4,146.3,154.4,2.9,0.29,18.2,1164.0,0.07,154.6,52.9,207.5,399.7,7.5,0.75,47.2,3016.0,0.17,400.1,137.1,537.2,40.11,0.0,0.0,40.11,42.47,0.0,0.0,42.47,0.0,0.0,0.0,3774.8,56.7,2645.4,0.0,0.0,0.0,0.0,0.0,1072.7,0.0,0.0,0.0,0.0,0.0,0.0,0.0,56.7,0.0
2050-09-04 03:00:00,2050-09-04 01:00:00,1982.1,0.0,0.0,8.9,1991.0,1913.9,1946.3,0.0,1375.8,0.0344,0.0518,battery,gas-cc,115.5,2.2,0.22,13.6,871.3,0.05,115.6,39.6,155.2,121.5,2.3,0.23,14.4,917.2,0.05,121.7,41.7,163.4,245.7,4.6,0.46,29.0,1853.2,0.11,245.9,84.3,330.2,403.5,7.6,0.76,47.7,3044.7,0.17,403.9,138.4,542.4,40.11,0.0,0.0,40.11,42.31,0.0,0.0,42.31,0.0,0.0,0.0,3366.9,44.7,2249.4,0.0,0.0,0.0,0.0,0.0,1072.7,0.0,0.0,0.0,0.0,0.0,0.0,0.0,44.7,0.0
2050-09-04 04:00:00,2050-09-04 02:00:00,1848.4,0.0,0.0,4.8,1853.3,1786.9,1835.0,0.0,745.1,0.0333,0.0483,battery,gas-cc,149.6,2.8,0.28,17.7,1129.0,0.06,149.8,51.3,201.1,156.5,2.9,0.29,18.5,1180.7,0.07,156.6,53.7,210.3,202.0,3.8,0.38,23.9,1523.5,0.09,202.2,69.3,271.5,402.0,7.6,0.76,47.5,3033.5,0.17,402.4,137.9,540.4,40.11,0.0,0.0,40.11,42.15,0.0,0.0,42.15,0.0,0.0,0.0,2598.4,18.2,1507.4,0.0,0.0,0.0,0.0,0.0,1072.7,0.0,0.0,0.0,0.0,0.0,0.0,0.0,18.2,0.0
2050-09-04 05:00:00,2050-09-04 03:00:00,1763.2,0.0,0.0,0.0,1763.2,1705.6,1742.9,0.0,0.0,0.0326,0.0461,battery,gas-cc,220.5,4.2,0.42,26.0,1663.9,0.1,220.7,75.7,296.4,229.0,4.3,0.43,27.1,1728.4,0.1,229.3,78.6,307.9,263.5,5.0,0.5,31.1,1988.3,0.11,263.8,90.4,354.2,395.7,7.5,0.75,46.7,2986.1,0.17,396.1,135.8,531.9,40.11,0.0,0.0,40.11,42.05,0.0,0.0,42.05,0.0,0.0,0.0,1763.2,20.2,670.2,0.0,0.0,0.0,0.0,0.0,1072.7,0.0,0.0,0.0,0.0,0.0,0.0,0.0,20.2,0.0
2050-09-04 06:00:00,2050-09-04 04:00:00,1722.1,0.0,0.0,0.0,1722.1,1666.5,1697.9,0.0,0.0,0.0323,0.045,battery,gas-cc,225.7,4.3,0.43,26.7,1703.5,0.1,226.0,77.5,303.4,234.3,4.4,0.44,27.7,1768.4,0.1,234.6,80.4,315.0,250.3,4.7,0.47,29.6,1888.4,0.11,250.6,85.9,336.5,395.3,7.4,0.74,46.7,2982.8,0.17,395.7,135.6,531.3,40.11,0.0,0.0,40.11,42.01,0.0,0.0,42.01,0.0,0.0,0.0,1722.1,24.2,625.1,0.0,0.0,0.0,0.0,0.0,1072.7,0.0,0.0,0.0,0.0,0.0,0.0,0.0,24.2,0.0
2050-09-04 07:00:00,2050-09-04 05:00:00,1704.2,0.0,0.0,0.0,1704.2,1649.4,1677.9,0.0,0.0,0.0322,0.0446,battery,gas-cc,228.1,4.3,0.43,26.9,1721.4,0.1,228.4,78.3,306.6,236.7,4.5,0.45,28.0,1786.5,0.1,237.0,81.2,318.2,198.1,3.7,0.37,23.4,1494.1,0.09,198.3,68.0,266.3,395.1,7.4,0.74,46.7,2981.3,0.17,395.5,135.6,531.1,40.11,0.0,0.0,40.11,41.99,0.0,0.0,41.99,0.0,0.0,0.0,1704.2,26.3,605.2,0.0,0.0,0.0,0.0,0.0,1072.7,0.0,0.0,0.0,0.0,0.0,0.0,0.0,26.3,0.0
2050-09-04 08:00:00,2050-09-04 06:00:00,1736.8,0.0,0.0,1.9,1738.8,1680.5,-294.2,0.0,294.2,0.0324,0.0454,gas-cc,gas-cc,0.0,0.0,0.0,0.0,0.0,0.0,0.0,0.0,0.0,0.0,0.0,0.0,0.0,0.0,0.0,0.0,0.0,0.0,140.0,2.6,0.27,16.5,1055.6,0.06,140.2,48.0,188.2,368.5,6.9,0.69,43.5,2781.0,0.16,368.9,126.5,495.4,23.47,0.0,0.0,23.47,24.59,0.0,0.0,24.59,0.0,0.0,0.0,2033.0,2033.0,0.0,0.0,0.0,0.0,0.0,85.1,0.0,0.0,0.0,0.0,0.0,0.0,0.0,1930.6,17.3,0.0
2050-09-04 09:00:00,2050-09-04 07:00:00,1894.7,3241.3,0.0,0.0,5136.0,1830.9,0.0,0.0,0.0,0.0337,0.0495,upv,upv,0.0,0.0,0.0,0.0,0.0,0.0,0.0,0.0,0.0,0.0,0.0,0.0,0.0,0.0,0.0,0.0,0.0,0.0,140.2,2.6,0.27,16.6,1057.0,0.06,140.4,48.1,188.4,0.0,0.0,0.0,0.0,0.0,0.0,0.0,0.0,0.0,0.0,0.0,0.0,0.0,0.0,0.0,0.0,0.0,12.3,1250.1,1262.4,5136.0,5136.0,0.0,0.0,0.0,0.0,0.0,0.0,0.0,0.0,0.0,0.0,0.0,0.0,0.0,5136.0,0.0,0.0
2050-09-04 10:00:00,2050-09-04 08:00:00,2142.1,3795.7,0.0,0.0,5937.8,2065.2,0.0,0.0,0.0,0.0359,0.056,upv,upv,0.0,0.0,0.0,0.0,0.0,0.0,0.0,0.0,0.0,0.0,0.0,0.0,0.0,0.0,0.0,0.0,0.0,0.0,140.5,2.7,0.27,16.6,1059.4,0.06,140.7,48.2,188.9,0.0,0.0,0.0,0.0,0.0,0.0,0.0,0.0,0.0,0.0,0.0,0.0,0.0,0.0,0.0,0.0,0.0,0.0,2404.1,2404.1,5937.8,5937.8,0.0,0.0,0.0,0.0,0.0,350.8,0.0,0.0,0.0,0.0,0.0,0.0,0.0,5557.4,29.6,0.0
2050-09-04 11:00:00,2050-09-04 09:00:00,2314.7,2650.9,0.0,0.0,4965.6,2227.8,0.0,0.0,0.0,0.0376,0.0605,upv,upv,0.0,0.0,0.0,0.0,0.0,0.0,0.0,0.0,0.0,0.0,0.0,0.0,0.0,0.0,0.0,0.0,0.0,0.0,140.8,2.7,0.27,16.6,1061.2,0.06,140.9,48.3,189.2,0.0,0.0,0.0,0.0,0.0,0.0,0.0,0.0,0.0,0.0,0.0,0.0,0.0,0.0,0.0,0.0,0.0,0.0,3725.8,3725.8,4965.6,4965.6,0.0,0.0,0.0,0.0,0.0,364.7,0.0,0.0,0.0,0.0,0.0,0.0,0.0,4552.3,48.6,0.0
2050-09-04 12:00:00,2050-09-04 10:00:00,2448.4,3045.5,0.0,0.0,5493.9,2353.2,0.0,0.0,0.0,0.0389,0.064,upv,upv,0.0,0.0,0.0,0.0,0.0,0.0,0.0,0.0,0.0,0.0,0.0,0.0,0.0,0.0,0.0,0.0,0.0,0.0,141.0,2.7,0.27,16.7,1062.7,0.06,141.1,48.3,189.5,0.0,0.0,0.0,0.0,0.0,0.0,0.0,0.0,0.0,0.0,0.0,0.0,0.0,0.0,0.0,0.0,0.0,0.0,3363.8,3363.8,5493.9,5493.9,0.0,0.0,0.0,0.0,0.0,372.1,0.0,0.0,0.0,0.0,0.0,0.0,0.0,5082.3,39.5,0.0
2050-09-04 13:00:00,2050-09-04 11:00:00,2585.3,3045.5,0.0,0.0,5630.7,2481.0,0.0,0.0,0.0,0.0403,0.0676,upv,upv,0.0,0.0,0.0,0.0,0.0,0.0,0.0,0.0,0.0,0.0,0.0,0.0,0.0,0.0,0.0,0.0,0.0,0.0,141.2,2.7,0.27,16.7,1064.4,0.06,141.3,48.4,189.8,0.0,0.0,0.0,0.0,0.0,0.0,0.0,0.0,0.0,0.0,0.0,0.0,0.0,0.0,0.0,0.0,0.0,0.0,3394.5,3394.5,5630.7,5630.7,0.0,0.0,0.0,0.0,0.0,379.7,0.0,0.0,0.0,0.0,0.0,0.0,0.0,5219.7,31.4,0.0
2050-09-04 14:00:00,2050-09-04 12:00:00,2704.2,3406.0,0.0,0.0,6110.2,2591.7,0.0,0.0,0.0,0.0416,0.0707,upv,upv,0.0,0.0,0.0,0.0,0.0,0.0,0.0,0.0,0.0,0.0,0.0,0.0,0.0,0.0,0.0,0.0,0.0,0.0,141.4,2.7,0.27,16.7,1065.7,0.06,141.5,48.5,190.0,0.0,0.0,0.0,0.0,0.0,0.0,0.0,0.0,0.0,0.0,0.0,0.0,0.0,0.0,0.0,0.0,0.0,0.0,3169.4,3169.4,6110.2,6110.2,0.0,0.0,0.0,0.0,0.0,390.5,0.0,0.0,0.0,0.0,0.0,0.0,0.0,5690.4,29.4,0.0
2050-09-04 15:00:00,2050-09-04 13:00:00,2809.5,2979.6,0.0,0.0,5789.0,2689.4,0.0,0.0,0.0,0.0427,0.0735,upv,upv,0.0,0.0,0.0,0.0,0.0,0.0,0.0,0.0,0.0,0.0,0.0,0.0,0.0,0.0,0.0,0.0,0.0,0.0,141.5,2.7,0.27,16.7,1067.0,0.06,141.7,48.5,190.2,0.0,0.0,0.0,0.0,0.0,0.0,0.0,0.0,0.0,0.0,0.0,0.0,0.0,0.0,0.0,0.0,0.0,0.0,3331.6,3331.6,5789.0,5789.0,0.0,0.0,0.0,0.0,0.0,382.9,0.0,0.0,0.0,0.0,0.0,0.0,0.0,5360.1,46.1,0.0
2050-09-04 16:00:00,2050-09-04 14:00:00,2896.8,3986.6,0.0,0.0,6883.5,2770.3,0.0,0.0,0.0,0.0437,0.0758,upv,upv,0.0,0.0,0.0,0.0,0.0,0.0,0.0,0.0,0.0,0.0,0.0,0.0,0.0,0.0,0.0,0.0,0.0,0.0,141.7,2.7,0.27,16.7,1068.1,0.06,141.8,48.6,190.4,0.0,0.0,0.0,0.0,0.0,0.0,0.0,0.0,0.0,0.0,0.0,0.0,0.0,0.0,0.0,0.0,0.0,0.0,2175.2,2175.2,6883.5,6883.5,0.0,0.0,0.0,0.0,0.0,379.3,0.0,0.0,0.0,0.0,0.0,0.0,0.0,6432.5,71.6,0.0
2050-09-04 17:00:00,2050-09-04 15:00:00,3062.1,3406.0,0.0,10.7,6478.8,2922.6,-1640.0,0.0,1640.0,0.0455,0.0801,upv,upv,0.0,0.0,0.0,0.0,0.0,0.0,0.0,0.0,0.0,0.0,0.0,0.0,0.0,0.0,0.0,0.0,0.0,0.0,141.9,2.7,0.27,16.8,1070.1,0.06,142.1,48.7,190.8,0.0,0.0,0.0,0.0,0.0,0.0,0.0,0.0,0.0,0.0,0.0,0.0,0.0,0.0,0.0,0.0,0.0,0.0,219.3,219.3,8118.7,8118.7,0.0,0.0,0.0,0.0,0.0,345.9,0.0,0.0,0.0,0.0,0.0,0.0,0.0,7632.3,140.5,0.0
2050-09-04 18:00:00,2050-09-04 16:00:00,3181.1,1609.5,0.0,9.5,4800.0,3031.9,-1456.3,0.0,1456.3,0.0469,0.0832,battery,upv,0.0,0.0,0.0,0.0,0.0,0.0,0.0,0.0,0.0,0.0,0.0,0.0,0.0,0.0,0.0,0.0,0.0,0.0,142.2,2.7,0.27,16.8,1071.7,0.06,142.3,48.7,191.1,0.0,0.0,0.0,0.0,0.0,0.0,0.0,0.0,0.0,4.7,0.0,0.0,4.7,5.13,0.0,0.0,5.13,0.0,0.0,0.0,6256.3,6256.3,0.0,0.0,0.0,0.0,0.0,257.1,0.0,0.0,0.0,0.0,0.0,0.0,0.0,5835.4,163.8,0.0
2050-09-04 19:00:00,2050-09-04 17:00:00,3270.5,0.0,0.0,11.5,3282.0,3113.8,1356.2,0.0,1275.1,0.0479,0.0855,battery,gas-cc,85.3,1.6,0.16,10.1,643.7,0.04,85.4,29.3,114.7,90.6,1.7,0.17,10.7,683.8,0.04,90.7,31.1,121.8,209.4,3.9,0.4,24.7,1579.3,0.09,209.6,71.8,281.4,433.7,8.2,0.82,51.2,3272.8,0.19,434.2,148.8,583.0,42.75,0.0,0.0,42.75,46.75,0.0,0.0,46.75,0.0,0.0,0.0,4557.1,1925.8,1558.6,0.0,0.0,0.0,0.0,74.3,1072.7,0.0,0.0,0.0,0.0,0.0,0.0,1686.6,164.9,0.0
2050-09-04 20:00:00,2050-09-04 18:00:00,3325.3,0.0,0.0,8.2,3333.5,3163.8,3122.5,0.0,1262.2,0.0486,0.087,battery,gas-cc,84.6,1.6,0.16,10.0,638.3,0.04,84.7,29.0,113.7,91.1,1.7,0.17,10.8,687.1,0.04,91.1,31.3,122.4,208.1,3.9,0.39,24.6,1569.3,0.09,208.3,71.4,279.7,434.4,8.2,0.82,51.3,3277.9,0.19,434.8,149.0,583.9,42.75,894.41,0.0,937.16,46.82,979.59,0.0,1026.41,0.0,0.0,0.0,4595.7,210.9,3312.0,0.0,0.0,0.0,0.0,0.0,1072.7,0.0,0.0,0.0,0.0,0.0,0.0,0.0,210.9,0.0
2050-09-04 21:00:00,2050-09-04 19:00:00,3286.3,0.0,0.0,10.0,3296.3,3128.2,3077.3,0.0,1531.4,0.0481,0.0859,battery,gas-cc,80.5,1.5,0.15,9.5,607.7,0.03,80.6,27.6,108.2,86.8,1.6,0.16,10.3,654.8,0.04,86.9,29.8,116.7,214.0,4.0,0.4,25.3,1614.0,0.09,214.2,73.4,287.6,433.9,8.2,0.82,51.3,3274.2,0.19,434.4,148.9,583.2,42.75,1183.82,0.0,1226.57,46.77,1295.12,0.0,1341.89,0.0,0.0,0.0,4827.7,219.0,3535.9,0.0,0.0,0.0,0.0,0.0,1072.7,0.0,0.0,0.0,0.0,0.0,0.0,0.0,219.0,0.0
2050-09-04 22:00:00,2050-09-04 20:00:00,3085.3,0.0,0.0,2.9,3088.2,2943.9,2890.9,0.0,448.0,0.0458,0.0807,battery,gas-cc,109.9,2.1,0.21,13.0,829.6,0.05,110.1,37.7,147.8,117.1,2.2,0.22,13.8,883.8,0.05,117.2,40.2,157.4,240.0,4.5,0.45,28.4,1810.6,0.1,240.3,82.3,322.6,431.4,8.1,0.81,51.0,3255.5,0.19,431.9,148.0,579.9,42.75,251.09,0.0,293.84,46.5,273.13,0.0,319.63,0.0,0.0,0.0,3536.2,197.3,2266.2,0.0,0.0,0.0,0.0,0.0,1072.7,0.0,0.0,0.0,0.0,0.0,0.0,0.0,197.3,0.0
2050-09-04 23:00:00,2050-09-04 21:00:00,2848.4,0.0,0.0,7.5,2855.9,2725.5,2768.2,0.0,1155.2,0.0432,0.0745,battery,gas-cc,96.9,1.8,0.18,11.4,731.4,0.04,97.0,33.3,130.3,103.4,1.9,0.19,12.2,780.3,0.05,103.5,35.5,139.0,248.7,4.7,0.47,29.4,1876.2,0.11,249.0,85.3,334.3,428.5,8.1,0.81,50.6,3233.7,0.19,429.0,147.0,576.0,42.75,0.0,0.0,42.75,46.19,0.0,0.0,46.19,0.0,0.0,0.0,4011.1,87.8,2850.6,0.0,0.0,0.0,0.0,0.0,1072.7,0.0,0.0,0.0,0.0,0.0,0.0,0.0,87.8,0.0
2050-09-05 00:00:00,2050-09-04 22:00:00,2624.2,0.0,0.0,7.6,2631.8,2517.3,2554.1,0.0,1174.5,0.0407,0.0686,battery,gas-cc,102.1,1.9,0.19,12.1,770.7,0.04,102.2,35.0,137.3,108.5,2.0,0.2,12.8,819.0,0.05,108.6,37.3,145.9,197.9,3.7,0.37,23.4,1492.9,0.09,198.2,67.9,266.1,492.7,9.3,0.93,58.2,3718.1,0.21,493.2,169.1,662.3,43.83,0.0,0.0,43.83,47.06,0.0,0.0,47.06,0.0,0.0,0.0,3806.3,77.8,2655.8,0.0,0.0,0.0,0.0,0.0,1072.7,0.0,0.0,0.0,0.0,0.0,0.0,0.0,77.8,0.0
2050-09-05 01:00:00,2050-09-04 23:00:00,2407.4,0.0,0.0,10.0,2417.3,2314.7,2315.8,0.0,1534.6,0.0385,0.063,battery,gas-cc,98.4,1.9,0.19,11.6,742.3,0.04,98.5,33.8,132.2,104.4,2.0,0.2,12.3,787.7,0.05,104.5,35.8,140.3,156.3,3.0,0.3,18.5,1178.7,0.07,156.5,53.6,210.1,489.7,9.2,0.92,57.9,3695.6,0.21,490.3,168.0,658.3,43.83,0.0,0.0,43.83,46.77,0.0,0.0,46.77,0.0,0.0,0.0,3951.9,101.5,2777.7,0.0,0.0,0.0,0.0,0.0,1072.7,0.0,0.0,0.0,0.0,0.0,0.0,0.0,101.5,0.0
2050-09-05 02:00:00,2050-09-05 00:00:00,2156.8,0.0,0.0,5.5,2162.4,2079.2,2072.7,0.0,847.5,0.036,0.0564,battery,gas-cc,129.2,2.4,0.24,15.3,974.7,0.06,129.3,44.3,173.6,135.8,2.6,0.26,16.1,1024.7,0.06,135.9,46.6,182.5,176.1,3.3,0.33,20.8,1327.6,0.08,176.2,60.4,236.6,476.9,9.0,0.9,56.3,3598.8,0.21,477.4,163.6,641.1,43.83,0.0,0.0,43.83,46.45,0.0,0.0,46.45,0.0,0.0,0.0,3009.8,89.7,1847.4,0.0,0.0,0.0,0.0,0.0,1072.7,0.0,0.0,0.0,0.0,0.0,0.0,0.0,89.7,0.0
2050-09-05 03:00:00,2050-09-05 01:00:00,1989.5,0.0,0.0,10.7,2000.1,1920.9,1895.1,0.0,1640.0,0.0345,0.052,battery,gas-cc,106.8,2.0,0.2,12.6,805.9,0.05,106.9,36.6,143.6,112.6,2.1,0.21,13.3,849.7,0.05,112.7,38.6,151.4,213.4,4.0,0.4,25.2,1609.7,0.09,213.6,73.2,286.9,474.7,8.9,0.89,56.1,3582.2,0.21,475.2,162.9,638.1,43.83,0.0,0.0,43.83,46.23,0.0,0.0,46.23,0.0,0.0,0.0,3640.1,105.1,2462.3,0.0,0.0,0.0,0.0,0.0,1072.7,0.0,0.0,0.0,0.0,0.0,0.0,0.0,105.1,0.0
2050-09-05 04:00:00,2050-09-05 02:00:00,1871.6,0.0,0.0,0.0,1871.6,1808.9,1823.3,0.0,0.0,0.0335,0.0489,battery,gas-cc,207.7,3.9,0.39,24.5,1567.5,0.09,207.9,71.3,279.2,216.1,4.1,0.41,25.5,1630.6,0.09,216.3,74.2,290.5,152.9,2.9,0.29,18.1,1152.8,0.07,153.1,52.4,205.5,473.2,8.9,0.89,55.9,3570.5,0.21,473.7,162.4,636.0,43.83,0.0,0.0,43.83,46.08,0.0,0.0,46.08,0.0,0.0,0.0,1871.6,48.3,750.6,0.0,0.0,0.0,0.0,0.0,1072.7,0.0,0.0,0.0,0.0,0.0,0.0,0.0,48.3,0.0
2050-09-05 05:00:00,2050-09-05 03:00:00,1775.8,0.0,0.0,3.3,1779.1,1717.7,1748.0,0.0,513.7,0.0327,0.0464,battery,gas-cc,169.6,3.2,0.32,20.0,1279.5,0.07,169.7,58.2,227.9,176.8,3.3,0.33,20.9,1334.2,0.08,177.0,60.7,237.7,167.7,3.2,0.32,19.8,1264.6,0.07,167.9,57.5,225.4,481.2,9.1,0.91,56.8,3631.6,0.21,481.8,165.1,646.9,43.83,0.0,0.0,43.83,45.96,0.0,0.0,45.96,0.0,0.0,0.0,2292.8,31.2,1188.9,0.0,0.0,0.0,0.0,0.0,1072.7,0.0,0.0,0.0,0.0,0.0,0.0,0.0,31.2,0.0
2050-09-05 06:00:00,2050-09-05 04:00:00,1722.1,0.0,0.0,0.0,1722.1,1666.5,1704.1,0.0,0.0,0.0323,0.045,battery,gas-cc,225.7,4.3,0.43,26.7,1703.5,0.1,226.0,77.5,303.4,234.4,4.4,0.44,27.7,1768.5,0.1,234.6,80.4,315.0,165.1,3.1,0.31,19.5,1244.6,0.07,165.3,56.6,221.9,471.2,8.9,0.89,55.7,3555.9,0.2,471.7,161.7,633.4,43.83,0.0,0.0,43.83,45.9,0.0,0.0,45.9,0.0,0.0,0.0,1722.1,18.0,631.3,0.0,0.0,0.0,0.0,0.0,1072.7,0.0,0.0,0.0,0.0,0.0,0.0,0.0,18.0,0.0
2050-09-05 07:00:00,2050-09-05 05:00:00,1760.0,0.0,0.0,0.0,1760.0,1702.6,1726.9,0.0,0.0,0.0326,0.046,battery,gas-cc,220.9,4.2,0.42,26.1,1666.8,0.1,221.1,75.8,296.9,229.4,4.3,0.43,27.1,1731.2,0.1,229.7,78.7,308.4,164.5,3.1,0.31,19.4,1240.0,0.07,164.6,56.4,221.0,471.7,8.9,0.89,55.7,3559.6,0.2,472.2,161.9,634.1,43.83,0.0,0.0,43.83,45.94,0.0,0.0,45.94,0.0,0.0,0.0,1760.0,33.1,654.1,0.0,0.0,0.0,0.0,0.0,1072.7,0.0,0.0,0.0,0.0,0.0,0.0,0.0,33.1,0.0
2050-09-05 08:00:00,2050-09-05 06:00:00,1845.3,518.6,0.0,10.8,2374.6,1783.9,1395.4,1043.1,0.0,0.0333,0.0483,gas-cc,gas-cc,95.9,1.8,0.18,11.3,723.6,0.04,96.0,32.9,128.9,60.6,1.1,0.11,7.7,458.5,0.04,60.7,21.4,82.0,179.7,3.4,0.34,21.2,1355.4,0.08,179.9,61.6,241.6,380.8,7.2,0.72,45.0,2873.4,0.17,381.2,130.7,511.8,33.36,0.0,0.0,33.36,35.05,0.0,0.0,35.05,0.0,0.0,0.0,1331.5,979.2,0.0,0.0,0.0,0.0,0.0,39.1,352.3,0.0,0.0,0.0,0.0,0.0,0.0,886.9,53.2,0.0
2050-09-05 09:00:00,2050-09-05 07:00:00,2007.4,1417.5,0.0,12.1,3436.9,1937.8,1978.9,1243.2,0.0,0.0346,0.0525,gas-cc,gas-cc,121.5,2.3,0.23,14.4,917.1,0.05,121.7,41.7,163.4,80.4,1.5,0.15,9.8,607.1,0.04,80.4,27.9,108.3,153.6,2.9,0.29,18.1,1158.2,0.07,153.8,52.7,206.5,382.5,7.2,0.72,45.2,2886.2,0.17,382.9,131.2,514.1,33.36,0.0,0.0,33.36,35.2,0.0,0.0,35.2,0.0,0.0,0.0,2193.8,1458.1,0.0,0.0,0.0,0.0,0.0,58.7,735.7,0.0,0.0,0.0,0.0,0.0,0.0,1332.8,66.5,0.0
2050-09-05 10:00:00,2050-09-05 08:00:00,2195.8,2300.1,0.0,12.1,4508.0,2115.9,2300.1,1243.2,0.0,0.0364,0.0574,gas-cc,gas-cc,117.3,2.2,0.22,13.9,885.3,0.05,117.4,40.3,157.7,88.2,1.7,0.17,10.6,665.8,0.04,88.3,30.5,118.7,141.2,2.7,0.27,16.7,1064.6,0.06,141.4,48.4,189.8,384.5,7.2,0.72,45.4,2901.3,0.17,384.9,131.9,516.8,33.36,0.0,0.0,33.36,35.39,0.0,0.0,35.39,0.0,0.0,0.0,3264.8,2207.9,0.0,0.0,0.0,0.0,0.0,90.9,1056.9,0.0,0.0,0.0,0.0,0.0,0.0,2063.1,54.0,0.0
2050-09-05 11:00:00,2050-09-05 09:00:00,2327.4,2431.9,0.0,12.1,4771.4,2239.7,1536.1,1243.2,0.0,0.0377,0.0609,gas-cc,gas-cc,30.1,0.6,0.06,3.6,227.1,0.01,30.1,10.3,40.5,23.1,0.4,0.04,2.9,174.9,0.01,23.1,8.1,31.3,157.1,3.0,0.3,18.6,1184.3,0.07,157.2,53.9,211.1,385.9,7.3,0.73,45.6,2912.0,0.17,386.3,132.4,518.7,33.36,0.0,0.0,33.36,35.52,0.0,0.0,35.52,0.0,0.0,0.0,3528.2,3235.2,0.0,0.0,0.0,0.0,0.0,134.1,293.0,0.0,0.0,0.0,0.0,0.0,0.0,3042.1,59.1,0.0
2050-09-05 12:00:00,2050-09-05 10:00:00,2414.7,2593.8,0.0,7.3,5015.8,2321.6,379.2,445.3,66.1,0.0386,0.0631,battery,gas-cc,0.0,0.0,0.0,0.0,0.0,0.0,0.0,0.0,0.0,0.0,0.0,0.0,0.0,0.0,0.0,0.0,0.0,0.0,141.0,2.7,0.27,16.7,1063.0,0.06,141.2,48.4,189.5,375.3,7.1,0.71,44.3,2832.0,0.16,375.7,128.8,504.5,23.32,0.0,0.0,23.32,24.89,0.0,0.0,24.89,0.0,0.0,0.0,4636.6,4636.6,0.0,0.0,0.0,0.0,0.0,193.1,0.0,0.0,0.0,0.0,0.0,0.0,0.0,4381.4,62.2,0.0
2050-09-05 13:00:00,2050-09-05 11:00:00,2494.7,3589.2,0.0,10.3,6094.3,2396.5,-78.8,445.3,524.1,0.0394,0.0652,phs,gas-cc,0.0,0.0,0.0,0.0,0.0,0.0,0.0,0.0,0.0,0.0,0.0,0.0,0.0,0.0,0.0,0.0,0.0,0.0,150.1,2.8,0.28,17.7,1131.3,0.07,150.2,51.5,201.7,376.1,7.1,0.71,44.4,2838.4,0.16,376.5,129.1,505.6,23.32,0.0,0.0,23.32,24.94,0.0,0.0,24.94,0.0,0.0,0.0,6173.0,6173.0,0.0,0.0,0.0,0.0,0.0,258.8,0.0,0.0,0.0,0.0,0.0,0.0,0.0,5870.9,43.3,0.0
2050-09-05 14:00:00,2050-09-05 12:00:00,2572.6,4019.6,0.0,16.3,6608.5,2469.2,-2006.2,0.0,2006.2,0.0402,0.0673,battery,gas-cc,0.0,0.0,0.0,0.0,0.0,0.0,0.0,0.0,0.0,0.0,0.0,0.0,0.0,0.0,0.0,0.0,0.0,0.0,141.2,2.7,0.27,16.7,1064.2,0.06,141.3,48.4,189.7,377.0,7.1,0.71,44.5,2844.6,0.16,377.4,129.3,506.7,21.71,0.0,0.0,21.71,23.28,0.0,0.0,23.28,0.0,0.0,0.0,8614.7,8614.7,0.0,0.0,0.0,0.0,0.0,361.6,0.0,0.0,0.0,0.0,0.0,0.0,0.0,8207.0,46.1,0.0
2050-09-05 15:00:00,2050-09-05 13:00:00,2667.4,4019.6,0.0,19.2,6706.2,2557.5,-2191.8,0.0,2191.8,0.0412,0.0698,battery,gas-cc,0.0,0.0,0.0,0.0,0.0,0.0,0.0,0.0,0.0,0.0,0.0,0.0,0.0,0.0,0.0,0.0,0.0,0.0,156.1,2.9,0.3,18.4,1176.7,0.07,156.2,53.5,209.7,378.0,7.1,0.71,44.6,2852.1,0.16,378.4,129.7,508.1,21.71,0.0,0.0,21.71,23.34,0.0,0.0,23.34,0.0,0.0,0.0,8898.0,8898.0,0.0,0.0,0.0,0.0,0.0,372.4,0.0,0.0,0.0,0.0,0.0,0.0,0.0,8452.6,72.9,0.0
2050-09-05 16:00:00,2050-09-05 14:00:00,2755.8,4019.6,0.0,28.9,6804.3,2639.6,-2816.0,0.0,2816.0,0.0422,0.0721,upv,upv,0.0,0.0,0.0,0.0,0.0,0.0,0.0,0.0,0.0,0.0,0.0,0.0,0.0,0.0,0.0,0.0,0.0,0.0,141.5,2.7,0.27,16.7,1066.4,0.06,141.6,48.5,190.1,0.0,0.0,0.0,0.0,0.0,0.0,0.0,0.0,0.0,0.0,0.0,0.0,0.0,0.0,0.0,0.0,0.0,91.5,244.0,335.5,9620.3,9620.3,0.0,0.0,0.0,0.0,0.0,416.5,0.0,0.0,0.0,0.0,0.0,0.0,0.0,9203.8,0.0,0.0
2050-09-05 17:00:00,2050-09-05 15:00:00,2902.1,4019.6,0.0,24.6,6946.3,2775.1,-2541.4,0.0,2541.4,0.0438,0.0759,battery,gas-cc,0.0,0.0,0.0,0.0,0.0,0.0,0.0,0.0,0.0,0.0,0.0,0.0,0.0,0.0,0.0,0.0,0.0,0.0,146.5,2.8,0.28,17.3,1104.8,0.06,146.7,50.3,196.9,342.6,6.5,0.65,40.5,2585.4,0.15,343.0,117.6,460.5,21.98,0.0,0.0,21.98,23.79,0.0,0.0,23.79,0.0,0.0,0.0,9487.7,9487.7,0.0,0.0,0.0,0.0,0.0,395.9,0.0,0.0,0.0,0.0,0.0,0.0,0.0,8982.5,109.3,0.0
2050-09-05 18:00:00,2050-09-05 16:00:00,3035.8,2237.1,0.0,28.9,5301.8,2898.4,-2312.3,0.0,2816.0,0.0452,0.0794,gas-cc,gas-cc,22.5,0.4,0.04,2.7,169.7,0.01,22.5,7.7,30.2,23.6,0.4,0.04,2.8,177.7,0.01,23.6,8.1,31.7,141.9,2.7,0.27,16.8,1069.8,0.06,142.1,48.7,190.7,393.7,7.4,0.74,46.5,2970.6,0.17,394.1,135.1,529.1,33.36,0.0,0.0,33.36,36.23,0.0,0.0,36.23,0.0,0.0,0.0,8117.8,7614.0,0.0,0.0,0.0,0.0,0.0,316.3,503.7,0.0,0.0,0.0,0.0,0.0,0.0,7179.5,118.2,0.0
2050-09-05 19:00:00,2050-09-05 17:00:00,3074.7,0.0,0.0,10.7,3085.4,2934.3,725.0,0.0,1640.0,0.0457,0.0804,battery,gas-cc,82.3,1.6,0.16,9.7,620.8,0.04,82.4,28.2,110.6,87.0,1.6,0.16,10.3,656.7,0.04,87.1,29.9,117.0,178.9,3.4,0.34,21.1,1348.9,0.08,179.1,61.4,240.4,489.3,9.2,0.92,57.8,3692.7,0.21,489.9,167.9,657.8,43.83,0.0,0.0,43.83,47.66,0.0,0.0,47.66,0.0,0.0,0.0,4725.4,2360.4,1292.3,0.0,0.0,0.0,0.0,93.4,1072.7,0.0,0.0,0.0,0.0,0.0,0.0,2119.6,147.4,0.0
2050-09-05 20:00:00,2050-09-05 18:00:00,3054.7,0.0,0.0,10.7,3065.4,2915.9,2948.5,0.0,1642.9,0.0455,0.0799,battery,gas-cc,82.6,1.6,0.16,9.8,623.1,0.04,82.7,28.3,111.0,88.7,1.7,0.17,10.5,669.5,0.04,88.8,30.5,119.3,173.8,3.3,0.33,20.5,1310.6,0.08,174.0,59.6,233.6,456.9,8.6,0.86,54.0,3448.1,0.2,457.4,156.8,614.2,43.83,45.91,0.0,89.74,47.63,49.89,0.0,97.53,0.0,0.0,0.0,4708.4,117.0,3518.7,0.0,0.0,0.0,0.0,0.0,1072.7,0.0,0.0,0.0,0.0,0.0,0.0,0.0,117.0,0.0
2050-09-05 21:00:00,2050-09-05 19:00:00,2992.6,0.0,0.0,10.5,3003.2,2858.7,2889.0,0.0,1618.8,0.0448,0.0783,battery,gas-cc,84.1,1.6,0.16,9.9,634.7,0.04,84.2,28.9,113.1,90.3,1.7,0.17,10.7,681.1,0.04,90.3,31.0,121.3,157.3,3.0,0.3,18.6,1185.6,0.07,157.4,53.9,211.4,433.1,8.2,0.82,51.2,3268.5,0.19,433.6,148.6,582.2,43.83,0.0,0.0,43.83,47.55,0.0,0.0,47.55,0.0,0.0,0.0,4622.0,114.1,3435.1,0.0,0.0,0.0,0.0,0.0,1072.7,0.0,0.0,0.0,0.0,0.0,0.0,0.0,114.1,0.0
2050-09-05 22:00:00,2050-09-05 20:00:00,2868.4,0.0,0.0,10.6,2879.0,2744.0,2782.8,0.0,1631.0,0.0434,0.075,battery,gas-cc,86.2,1.6,0.16,10.2,650.5,0.04,86.3,29.6,115.9,92.3,1.7,0.17,10.9,696.5,0.04,92.4,31.7,124.1,153.9,2.9,0.29,18.2,1160.5,0.07,154.1,52.8,206.9,431.6,8.1,0.81,51.0,3257.0,0.19,432.1,148.1,580.2,43.83,0.0,0.0,43.83,47.38,0.0,0.0,47.38,0.0,0.0,0.0,4510.1,96.2,3341.1,0.0,0.0,0.0,0.0,0.0,1072.7,0.0,0.0,0.0,0.0,0.0,0.0,0.0,96.2,0.0
2050-09-05 23:00:00,2050-09-05 21:00:00,2690.5,0.0,0.0,6.9,2697.5,2579.0,2632.8,0.0,1066.7,0.0414,0.0704,battery,gas-cc,103.3,1.9,0.19,12.2,779.4,0.04,103.4,35.4,138.8,109.8,2.1,0.21,13.0,828.6,0.05,109.9,37.7,147.6,173.3,3.3,0.33,20.5,1306.9,0.08,173.5,59.4,233.0,429.5,8.1,0.81,50.7,3240.7,0.19,429.9,147.4,577.3,43.83,0.0,0.0,43.83,47.15,0.0,0.0,47.15,0.0,0.0,0.0,3764.1,64.7,2626.7,0.0,0.0,0.0,0.0,0.0,1072.7,0.0,0.0,0.0,0.0,0.0,0.0,0.0,64.7,0.0
2050-09-06 00:00:00,2050-09-05 22:00:00,2474.7,0.0,0.0,13.2,2487.9,2377.8,2436.4,0.0,1803.0,0.0392,0.0647,battery,gas-cc,90.6,1.7,0.17,10.7,683.7,0.04,90.7,31.1,121.8,96.5,1.8,0.18,11.4,728.0,0.04,96.6,33.1,129.7,224.7,4.2,0.42,26.5,1694.6,0.1,224.9,77.1,302.0,424.0,8.0,0.8,50.1,3199.9,0.18,424.5,145.5,570.0,42.74,0.0,0.0,42.74,45.69,0.0,0.0,45.69,0.0,0.0,0.0,4290.9,51.6,3166.6,0.0,0.0,0.0,0.0,0.0,1072.7,0.0,0.0,0.0,0.0,0.0,0.0,0.0,51.6,0.0
2050-09-06 01:00:00,2050-09-05 23:00:00,2265.3,0.0,0.0,10.7,2275.9,2181.3,2223.8,0.0,1640.0,0.0371,0.0592,battery,gas-cc,99.3,1.9,0.19,11.7,749.2,0.04,99.4,34.1,133.4,105.2,2.0,0.2,12.4,793.8,0.05,105.3,36.1,141.4,214.7,4.1,0.41,25.4,1617.3,0.09,214.9,73.6,288.5,421.6,7.9,0.79,49.8,3181.3,0.18,422.0,144.7,566.7,42.74,0.0,0.0,42.74,45.43,0.0,0.0,45.43,0.0,0.0,0.0,3915.9,52.1,2791.1,0.0,0.0,0.0,0.0,0.0,1072.7,0.0,0.0,0.0,0.0,0.0,0.0,0.0,52.1,0.0
2050-09-06 02:00:00,2050-09-06 00:00:00,2049.5,0.0,0.0,8.3,2057.8,1977.7,1982.9,0.0,1279.8,0.035,0.0536,battery,gas-cc,116.5,2.2,0.22,13.8,879.0,0.05,116.6,40.0,156.6,122.6,2.3,0.23,14.5,925.4,0.05,122.8,42.1,164.9,194.7,3.7,0.37,23.0,1467.9,0.08,194.9,66.8,261.7,419.1,7.9,0.79,49.5,3162.3,0.18,419.5,143.8,563.3,42.74,0.0,0.0,42.74,45.16,0.0,0.0,45.16,0.0,0.0,0.0,3337.6,74.9,2190.0,0.0,0.0,0.0,0.0,0.0,1072.7,0.0,0.0,0.0,0.0,0.0,0.0,0.0,74.9,0.0
2050-09-06 03:00:00,2050-09-06 01:00:00,1891.6,0.0,0.0,2.9,1894.5,1827.9,1817.2,0.0,444.4,0.0336,0.0495,battery,gas-cc,166.2,3.1,0.31,19.6,1254.3,0.07,166.4,57.0,223.4,173.5,3.3,0.33,20.5,1309.2,0.08,173.7,59.5,233.2,180.9,3.4,0.34,21.4,1364.2,0.08,181.1,62.0,243.1,417.2,7.9,0.79,49.3,3148.6,0.18,417.7,143.2,560.9,42.74,0.0,0.0,42.74,44.96,0.0,0.0,44.96,0.0,0.0,0.0,2338.9,77.2,1188.9,0.0,0.0,0.0,0.0,0.0,1072.7,0.0,0.0,0.0,0.0,0.0,0.0,0.0,77.2,0.0
2050-09-06 04:00:00,2050-09-06 02:00:00,1783.2,0.0,0.0,0.0,1783.2,1724.7,1716.5,0.0,0.0,0.0328,0.0466,battery,gas-cc,218.0,4.1,0.41,25.8,1645.2,0.09,218.3,74.8,293.1,226.5,4.3,0.43,26.8,1708.9,0.1,226.7,77.7,304.4,247.8,4.7,0.47,29.3,1869.7,0.11,248.1,85.0,333.1,416.8,7.9,0.79,49.2,3145.5,0.18,417.3,143.0,560.3,42.74,0.0,0.0,42.74,44.83,0.0,0.0,44.83,0.0,0.0,0.0,1783.2,66.6,643.8,0.0,0.0,0.0,0.0,0.0,1072.7,0.0,0.0,0.0,0.0,0.0,0.0,0.0,66.6,0.0
2050-09-06 05:00:00,2050-09-06 03:00:00,1704.2,0.0,0.0,2.3,1706.5,1649.4,1649.3,150.9,0.0,0.0322,0.0446,gas-cc,gas-cc,249.9,4.7,0.47,29.5,1885.8,0.11,250.2,85.7,335.9,237.8,4.5,0.45,28.1,1794.4,0.1,238.0,81.6,319.6,246.2,4.6,0.46,29.1,1857.6,0.11,246.5,84.5,331.0,410.4,7.7,0.77,48.5,3097.0,0.18,410.8,140.8,551.7,42.74,0.0,0.0,42.74,44.73,0.0,0.0,44.73,0.0,0.0,0.0,1555.7,57.2,425.7,0.0,0.0,0.0,0.0,0.0,1072.7,0.0,0.0,0.0,0.0,0.0,0.0,0.0,57.2,0.0
2050-09-06 06:00:00,2050-09-06 04:00:00,1685.3,0.0,0.0,0.0,1685.3,1631.3,1622.6,0.0,0.0,0.032,0.0441,battery,gas-cc,230.7,4.3,0.43,27.3,1740.8,0.1,230.9,79.2,310.1,239.3,4.5,0.45,28.3,1805.6,0.1,239.5,82.1,321.6,251.0,4.7,0.47,29.7,1893.4,0.11,251.3,86.1,337.4,415.7,7.8,0.78,49.1,3137.1,0.18,416.2,142.6,558.8,42.74,0.0,0.0,42.74,44.71,0.0,0.0,44.71,0.0,0.0,0.0,1685.3,62.7,549.8,0.0,0.0,0.0,0.0,0.0,1072.7,0.0,0.0,0.0,0.0,0.0,0.0,0.0,62.7,0.0
2050-09-06 07:00:00,2050-09-06 05:00:00,1724.2,0.0,0.0,4.8,1729.0,1668.5,1653.9,0.0,740.6,0.0323,0.0451,battery,gas-cc,157.4,3.0,0.3,18.6,1187.9,0.07,157.6,54.0,211.6,164.2,3.1,0.31,19.4,1239.4,0.07,164.4,56.4,220.8,284.6,5.4,0.54,33.6,2147.3,0.12,284.9,97.6,382.6,415.3,7.8,0.78,49.1,3134.2,0.18,415.8,142.5,558.3,42.74,0.0,0.0,42.74,44.75,0.0,0.0,44.75,0.0,0.0,0.0,2469.6,75.1,1321.7,0.0,0.0,0.0,0.0,0.0,1072.7,0.0,0.0,0.0,0.0,0.0,0.0,0.0,75.1,0.0
2050-09-06 08:00:00,2050-09-06 06:00:00,1802.1,1351.6,0.0,1.2,3154.8,1742.8,497.7,74.4,0.0,0.0329,0.0471,gas-cc,gas-cc,49.8,0.9,0.09,5.9,375.8,0.02,49.9,17.1,66.9,50.3,0.9,0.09,5.9,379.4,0.02,50.3,17.3,67.6,140.1,2.6,0.27,16.6,1056.4,0.06,140.3,48.1,188.3,380.3,7.2,0.72,44.9,2870.0,0.16,380.7,130.5,511.2,33.36,0.0,0.0,33.36,35.01,0.0,0.0,35.01,0.0,0.0,0.0,3080.5,2657.1,0.0,0.0,0.0,0.0,0.0,109.7,423.3,0.0,0.0,0.0,0.0,0.0,0.0,2489.6,57.9,0.0
2050-09-06 09:00:00,2050-09-06 07:00:00,1974.7,2626.7,0.0,20.6,4622.0,1906.9,-2278.3,0.0,2278.3,0.0344,0.0516,battery,gas-cc,0.0,0.0,0.0,0.0,0.0,0.0,0.0,0.0,0.0,0.0,0.0,0.0,0.0,0.0,0.0,0.0,0.0,0.0,140.3,2.6,0.27,16.6,1057.7,0.06,140.5,48.1,188.6,333.8,6.3,0.63,39.4,2519.3,0.14,334.2,114.6,448.8,14.91,0.0,0.0,14.91,15.72,0.0,0.0,15.72,0.0,0.0,0.0,6900.3,6900.3,0.0,0.0,0.0,0.0,0.0,289.3,0.0,0.0,0.0,0.0,0.0,0.0,0.0,6562.4,48.6,0.0
2050-09-06 10:00:00,2050-09-06 08:00:00,2172.6,3774.5,0.0,10.7,5957.8,2094.1,-1640.0,0.0,1640.0,0.0362,0.0568,battery,gas-cc,0.0,0.0,0.0,0.0,0.0,0.0,0.0,0.0,0.0,0.0,0.0,0.0,0.0,0.0,0.0,0.0,0.0,0.0,140.6,2.7,0.27,16.6,1059.7,0.06,140.7,48.2,188.9,335.7,6.3,0.63,39.7,2533.1,0.15,336.0,115.2,451.2,14.91,0.0,0.0,14.91,15.81,0.0,0.0,15.81,0.0,0.0,0.0,7597.8,7597.8,0.0,0.0,0.0,0.0,0.0,318.7,0.0,0.0,0.0,0.0,0.0,0.0,0.0,7231.2,47.8,0.0
2050-09-06 11:00:00,2050-09-06 09:00:00,2304.2,3959.7,0.0,10.7,6274.6,2217.9,-1640.0,0.0,1640.0,0.0374,0.0603,battery,gas-cc,0.0,0.0,0.0,0.0,0.0,0.0,0.0,0.0,0.0,0.0,0.0,0.0,0.0,0.0,0.0,0.0,0.0,0.0,140.8,2.7,0.27,16.6,1061.1,0.06,140.9,48.3,189.2,336.9,6.3,0.63,39.8,2542.4,0.15,337.3,115.6,452.9,14.91,0.0,0.0,14.91,15.87,0.0,0.0,15.87,0.0,0.0,0.0,7914.6,7914.6,0.0,0.0,0.0,0.0,0.0,332.4,0.0,0.0,0.0,0.0,0.0,0.0,0.0,7541.4,40.7,0.0
2050-09-06 12:00:00,2050-09-06 10:00:00,2386.3,3854.9,0.0,10.9,6252.0,2295.0,-1652.8,0.0,1652.8,0.0383,0.0624,battery,gas-cc,0.0,0.0,0.0,0.0,0.0,0.0,0.0,0.0,0.0,0.0,0.0,0.0,0.0,0.0,0.0,0.0,0.0,0.0,140.9,2.7,0.27,16.6,1062.0,0.06,141.0,48.3,189.3,337.7,6.4,0.64,39.9,2548.2,0.15,338.0,115.9,453.9,14.91,0.0,0.0,14.91,15.91,0.0,0.0,15.91,0.0,0.0,0.0,7904.8,7904.8,0.0,0.0,0.0,0.0,0.0,332.0,0.0,0.0,0.0,0.0,0.0,0.0,0.0,7535.0,37.8,0.0
2050-09-06 13:00:00,2050-09-06 11:00:00,2476.8,2850.6,0.0,25.4,5352.8,2379.8,-2587.9,0.0,2587.9,0.0392,0.0648,gas-cc,gas-cc,0.0,0.0,0.0,0.0,0.0,0.0,0.0,0.0,0.0,0.0,0.0,0.0,0.0,0.0,0.0,0.0,0.0,0.0,141.0,2.7,0.27,16.7,1063.0,0.06,141.2,48.4,189.5,376.2,7.1,0.71,44.4,2838.5,0.16,376.6,129.1,505.6,14.91,0.0,0.0,14.91,15.95,0.0,0.0,15.95,0.0,0.0,0.0,7940.7,7940.7,0.0,0.0,0.0,0.0,0.0,333.1,0.0,0.0,0.0,0.0,0.0,0.0,0.0,7560.8,46.8,0.0
2050-09-06 14:00:00,2050-09-06 12:00:00,2580.0,3597.0,0.0,15.8,6192.8,2476.1,-1973.2,0.0,1973.2,0.0403,0.0675,battery,gas-cc,0.0,0.0,0.0,0.0,0.0,0.0,0.0,0.0,0.0,0.0,0.0,0.0,0.0,0.0,0.0,0.0,0.0,0.0,141.2,2.7,0.27,16.7,1064.2,0.06,141.3,48.4,189.7,433.0,8.2,0.82,51.2,3267.5,0.19,433.5,148.6,582.0,14.91,0.0,0.0,14.91,15.99,0.0,0.0,15.99,0.0,0.0,0.0,8166.0,8166.0,0.0,0.0,0.0,0.0,0.0,341.2,0.0,0.0,0.0,0.0,0.0,0.0,0.0,7741.8,83.0,0.0
2050-09-06 15:00:00,2050-09-06 13:00:00,2698.9,3640.1,0.0,15.6,6354.7,2586.8,-1960.5,0.0,1960.5,0.0415,0.0706,battery,gas-cc,0.0,0.0,0.0,0.0,0.0,0.0,0.0,0.0,0.0,0.0,0.0,0.0,0.0,0.0,0.0,0.0,0.0,0.0,141.4,2.7,0.27,16.7,1065.6,0.06,141.5,48.5,190.0,434.5,8.2,0.82,51.3,3278.4,0.19,434.9,149.1,584.0,14.91,0.0,0.0,14.91,16.05,0.0,0.0,16.05,0.0,0.0,0.0,8315.2,8315.2,0.0,0.0,0.0,0.0,0.0,346.3,0.0,0.0,0.0,0.0,0.0,0.0,0.0,7858.1,110.9,0.0
2050-09-06 16:00:00,2050-09-06 14:00:00,2811.6,2821.5,0.0,25.1,5658.2,2691.4,-2570.4,0.0,2570.4,0.0428,0.0735,battery,distpv,0.0,0.0,0.0,0.0,0.0,0.0,0.0,0.0,0.0,0.0,0.0,0.0,0.0,0.0,0.0,0.0,0.0,0.0,141.5,2.7,0.27,16.7,1067.0,0.06,141.7,48.5,190.2,0.0,0.0,0.0,0.0,0.0,0.0,0.0,0.0,0.0,14.91,0.0,0.0,14.91,16.1,0.0,0.0,16.1,0.0,0.0,0.0,8228.6,8228.6,0.0,0.0,0.0,0.0,0.0,340.9,0.0,0.0,0.0,0.0,0.0,0.0,0.0,7735.3,152.4,0.0
2050-09-06 17:00:00,2050-09-06 15:00:00,2953.7,2431.9,0.0,15.2,5400.8,2822.7,-1344.9,295.1,1640.0,0.0443,0.0772,gas-cc,gas-cc,0.0,0.0,0.0,0.0,0.0,0.0,0.0,0.0,0.0,0.0,0.0,0.0,0.0,0.0,0.0,0.0,0.0,0.0,146.9,2.8,0.28,17.4,1107.5,0.06,147.1,50.4,197.4,381.2,7.2,0.72,45.0,2876.9,0.17,381.6,130.8,512.5,24.31,0.0,0.0,24.31,26.34,0.0,0.0,26.34,0.0,0.0,0.0,6745.7,6745.7,0.0,0.0,0.0,0.0,0.0,277.3,0.0,0.0,0.0,0.0,0.0,0.0,0.0,6294.2,174.2,0.0
2050-09-06 18:00:00,2050-09-06 16:00:00,3110.5,257.9,0.0,10.7,3379.1,2967.2,-1443.5,0.0,1640.0,0.0461,0.0813,gas-cc,gas-cc,14.2,0.3,0.03,1.7,107.1,0.01,14.2,4.9,19.1,14.9,0.3,0.03,1.8,112.2,0.01,14.9,5.1,20.0,143.6,2.7,0.27,17.0,1082.8,0.06,143.8,49.3,193.0,394.5,7.4,0.74,46.6,2976.9,0.17,394.9,135.4,530.3,33.36,0.0,0.0,33.36,36.31,0.0,0.0,36.31,0.0,0.0,0.0,5019.0,4822.5,0.0,0.0,0.0,0.0,0.0,196.1,196.5,0.0,0.0,0.0,0.0,0.0,0.0,4452.5,173.9,0.0
2050-09-06 19:00:00,2050-09-06 17:00:00,3216.8,0.0,0.0,8.1,3224.9,3064.7,2054.7,0.0,1245.3,0.0473,0.0841,battery,gas-ct,87.0,1.6,0.16,10.3,656.3,0.04,87.1,29.8,116.9,92.8,1.7,0.17,11.0,700.0,0.04,92.9,31.8,124.7,182.3,3.4,0.34,21.5,1374.9,0.08,182.5,62.5,245.0,596.7,11.2,1.12,70.5,4502.9,0.26,597.4,204.7,802.1,46.04,0.0,0.0,46.04,50.27,0.0,0.0,50.27,0.0,0.0,0.0,4470.3,1170.3,2227.3,0.0,0.0,0.0,0.0,42.6,1072.7,0.0,0.0,0.0,0.0,0.0,0.0,966.1,161.6,0.0
2050-09-06 20:00:00,2050-09-06 18:00:00,3252.6,0.0,0.0,8.7,3261.3,3097.4,3114.5,0.0,1340.0,0.0477,0.0851,battery,gas-ct,84.5,1.6,0.16,10.0,637.6,0.04,84.6,29.0,113.6,90.9,1.7,0.17,10.8,686.0,0.04,91.0,31.2,122.2,188.4,3.6,0.36,22.3,1420.4,0.08,188.6,64.6,253.2,573.6,10.8,1.08,67.8,4328.9,0.25,574.3,196.8,771.1,46.04,1112.38,0.0,1158.43,50.32,1215.8,0.0,1266.12,0.0,0.0,0.0,4601.3,146.8,3381.8,0.0,0.0,0.0,0.0,0.0,1072.7,0.0,0.0,0.0,0.0,0.0,0.0,0.0,146.8,0.0
2050-09-06 21:00:00,2050-09-06 19:00:00,3195.8,0.0,0.0,8.6,3204.4,3045.4,3154.3,0.0,1324.5,0.0471,0.0836,battery,gas-ct,85.8,1.6,0.16,10.1,647.8,0.04,85.9,29.5,115.4,92.3,1.7,0.17,10.9,696.6,0.04,92.4,31.7,124.1,199.1,3.8,0.38,23.5,1501.3,0.09,199.3,68.3,267.6,596.4,11.2,1.12,70.4,4500.2,0.26,597.0,204.6,801.6,46.04,890.18,0.0,936.22,50.24,971.36,0.0,1021.6,0.0,0.0,0.0,4528.9,50.1,3406.0,0.0,0.0,0.0,0.0,0.0,1072.7,0.0,0.0,0.0,0.0,0.0,0.0,0.0,50.1,0.0
2050-09-06 22:00:00,2050-09-06 20:00:00,3028.4,0.0,0.0,10.2,3038.6,2891.6,2942.6,0.0,1565.3,0.0452,0.0792,battery,gas-ct,84.4,1.6,0.16,10.0,637.2,0.04,84.5,29.0,113.5,90.6,1.7,0.17,10.7,684.1,0.04,90.7,31.1,121.9,201.9,3.8,0.38,23.9,1520.2,0.09,202.1,69.2,271.3,570.0,10.7,1.07,67.3,4301.3,0.25,570.6,195.6,766.2,46.04,58.24,0.0,104.28,50.0,63.25,0.0,113.25,0.0,0.0,0.0,4603.9,96.0,3435.1,0.0,0.0,0.0,0.0,0.0,1072.7,0.0,0.0,0.0,0.0,0.0,0.0,0.0,96.0,0.0
2050-09-06 23:00:00,2050-09-06 21:00:00,2816.8,0.0,0.0,8.7,2825.5,2696.2,2757.9,0.0,1331.2,0.0428,0.0737,gas-ct,gas-ct,93.5,1.8,0.18,11.0,705.8,0.04,93.6,32.1,125.7,99.9,1.9,0.19,11.8,753.5,0.04,100.0,34.3,134.2,201.3,3.8,0.38,23.8,1518.2,0.09,201.5,69.0,270.6,590.0,11.1,1.11,69.7,4452.1,0.26,590.6,202.4,793.0,46.04,0.0,0.0,46.04,49.7,0.0,0.0,49.7,0.0,0.0,0.0,4156.7,67.6,3016.4,0.0,0.0,0.0,0.0,0.0,1072.7,0.0,0.0,0.0,0.0,0.0,0.0,0.0,67.6,0.0
2050-09-07 00:00:00,2050-09-06 22:00:00,2580.0,0.0,0.0,15.5,2595.5,2476.1,2506.5,0.0,1950.1,0.0403,0.0675,battery,gas-ct,85.5,1.6,0.16,10.1,645.4,0.04,85.6,29.3,115.0,91.3,1.7,0.17,10.8,689.1,0.04,91.4,31.3,122.7,248.3,4.7,0.47,29.3,1872.9,0.11,248.5,85.2,333.7,618.8,11.7,1.17,73.1,4669.8,0.27,619.5,212.3,831.8,52.56,0.0,0.0,52.56,56.36,0.0,0.0,56.36,0.0,0.0,0.0,4545.6,88.9,3383.9,0.0,0.0,0.0,0.0,0.0,1072.7,0.0,0.0,0.0,0.0,0.0,0.0,0.0,88.9,0.0
2050-09-07 01:00:00,2050-09-06 23:00:00,2334.7,0.0,0.0,20.3,2355.0,2246.6,2280.8,0.0,2258.9,0.0377,0.0611,gas-ct,gas-ct,84.3,1.6,0.16,10.0,635.8,0.04,84.3,28.9,113.3,89.8,1.7,0.17,10.6,677.5,0.04,89.9,30.8,120.7,188.3,3.6,0.36,22.2,1419.8,0.08,188.5,64.6,253.0,571.3,10.8,1.08,67.5,4311.3,0.25,571.9,196.0,768.0,50.03,0.0,0.0,50.03,53.28,0.0,0.0,53.28,0.0,0.0,0.0,4613.9,74.2,3466.9,0.0,0.0,0.0,0.0,0.0,1072.7,0.0,0.0,0.0,0.0,0.0,0.0,0.0,74.2,0.0
2050-09-07 02:00:00,2050-09-07 00:00:00,2080.0,0.0,0.0,12.8,2092.8,2006.6,2065.4,0.0,1781.3,0.0353,0.0544,battery,gas-ct,100.3,1.9,0.19,11.9,757.2,0.04,100.5,34.4,134.9,106.1,2.0,0.2,12.5,800.8,0.05,106.2,36.4,142.7,185.0,3.5,0.35,21.9,1395.1,0.08,185.2,63.5,248.7,547.7,10.3,1.03,64.7,4132.9,0.24,548.3,187.9,736.2,45.87,0.0,0.0,45.87,48.51,0.0,0.0,48.51,0.0,0.0,0.0,3874.1,27.5,2773.9,0.0,0.0,0.0,0.0,0.0,1072.7,0.0,0.0,0.0,0.0,0.0,0.0,0.0,27.5,0.0
2050-09-07 03:00:00,2050-09-07 01:00:00,1943.2,0.0,0.0,1.1,1944.2,1876.9,1910.4,69.1,0.0,0.0341,0.0508,battery,gas-ct,207.3,3.9,0.39,24.5,1564.5,0.09,207.5,71.1,278.7,209.8,4.0,0.4,24.8,1583.2,0.09,210.0,72.0,282.0,204.6,3.9,0.39,24.2,1543.2,0.09,204.8,70.2,275.0,545.6,10.3,1.03,64.5,4117.4,0.24,546.2,187.2,733.4,45.87,0.0,0.0,45.87,48.32,0.0,0.0,48.32,0.0,0.0,0.0,1875.1,33.9,768.5,0.0,0.0,0.0,0.0,0.0,1072.7,0.0,0.0,0.0,0.0,0.0,0.0,0.0,33.9,0.0
2050-09-07 04:00:00,2050-09-07 02:00:00,1829.5,0.0,0.0,2.2,1831.6,1768.9,1795.0,139.0,0.0,0.0331,0.0478,hydro,gas-cc,229.7,4.3,0.43,27.1,1733.2,0.1,229.9,78.8,308.7,223.6,4.2,0.42,26.4,1687.4,0.1,223.8,76.7,300.6,304.8,5.7,0.57,36.0,2300.0,0.13,305.2,104.6,409.7,414.7,7.8,0.78,49.0,3129.8,0.18,415.2,142.3,557.5,45.87,0.0,0.0,45.87,48.17,0.0,0.0,48.17,0.0,0.0,0.0,1692.7,36.6,583.3,0.0,0.0,0.0,0.0,0.0,1072.7,0.0,0.0,0.0,0.0,0.0,0.0,0.0,36.6,0.0
2050-09-07 05:00:00,2050-09-07 03:00:00,1760.0,0.0,0.0,8.1,1768.1,1702.6,1707.7,634.9,0.0,0.0326,0.046,gas-cc,gas-cc,343.1,6.5,0.65,40.5,2588.8,0.15,343.4,117.7,461.1,264.4,5.0,0.5,31.5,1995.6,0.12,264.7,91.0,355.6,265.1,5.0,0.5,31.3,2000.3,0.12,265.4,91.0,356.4,428.8,8.1,0.81,50.7,3236.0,0.19,429.3,147.1,576.4,45.84,0.0,0.0,45.84,48.05,0.0,0.0,48.05,0.0,0.0,0.0,1133.2,60.5,0.0,0.0,0.0,0.0,0.0,0.0,1072.7,0.0,0.0,0.0,0.0,0.0,0.0,0.0,60.5,0.0
2050-09-07 06:00:00,2050-09-07 04:00:00,1724.2,0.0,0.0,5.8,1730.1,1668.5,1722.8,650.0,0.0,0.0323,0.0451,hydro,gas-cc,359.9,6.8,0.68,42.5,2716.2,0.16,360.3,123.5,483.8,302.5,5.7,0.57,36.4,2284.3,0.14,302.8,104.5,407.3,288.0,5.4,0.54,34.0,2173.1,0.12,288.3,98.8,387.1,410.1,7.7,0.77,48.4,3094.3,0.18,410.5,140.7,551.2,44.56,0.0,0.0,44.56,46.66,0.0,0.0,46.66,0.0,0.0,0.0,1080.0,7.3,0.0,0.0,0.0,0.0,0.0,0.0,1072.7,0.0,0.0,0.0,0.0,0.0,0.0,0.0,7.3,0.0
2050-09-07 07:00:00,2050-09-07 05:00:00,1765.3,0.0,0.0,8.2,1773.5,1707.7,1770.3,649.1,0.0,0.0326,0.0462,battery,gas-ct,345.8,6.5,0.65,40.8,2609.1,0.15,346.1,118.6,464.8,266.1,5.0,0.5,31.7,2008.6,0.12,266.4,91.6,358.0,209.2,3.9,0.4,24.7,1578.4,0.09,209.5,71.8,281.3,543.0,10.2,1.02,64.1,4097.3,0.24,543.5,186.3,729.8,44.36,0.0,0.0,44.36,46.51,0.0,0.0,46.51,0.0,0.0,0.0,1124.4,3.2,48.4,0.0,0.0,0.0,0.0,0.0,1072.7,0.0,0.0,0.0,0.0,0.0,0.0,0.0,3.2,0.0
2050-09-07 08:00:00,2050-09-07 06:00:00,1837.9,2431.9,0.0,12.1,4281.9,1776.9,1403.2,1243.2,0.0,0.0332,0.0481,gas-cc,gas-cc,19.1,0.4,0.04,2.3,144.1,0.01,19.1,6.6,25.7,17.3,0.3,0.03,2.4,131.5,0.02,17.3,6.4,23.7,176.2,3.3,0.33,20.8,1328.9,0.08,176.4,60.4,236.8,380.7,7.2,0.72,45.0,2872.8,0.17,381.1,130.6,511.7,33.36,0.0,0.0,33.36,35.04,0.0,0.0,35.04,0.0,0.0,0.0,3038.7,2878.6,0.0,0.0,0.0,0.0,0.0,121.4,160.1,0.0,0.0,0.0,0.0,0.0,0.0,2756.1,1.1,0.0
2050-09-07 09:00:00,2050-09-07 07:00:00,2015.8,3522.9,0.0,11.2,5549.9,1945.8,-1676.1,0.0,1676.1,0.0347,0.0527,battery,gas-cc,0.0,0.0,0.0,0.0,0.0,0.0,0.0,0.0,0.0,0.0,0.0,0.0,0.0,0.0,0.0,0.0,0.0,0.0,140.4,2.6,0.27,16.6,1058.1,0.06,140.5,48.1,188.6,415.9,7.8,0.78,49.1,3138.4,0.18,416.3,142.7,559.0,19.39,0.0,0.0,19.39,20.47,0.0,0.0,20.47,0.0,0.0,0.0,7226.0,7226.0,0.0,0.0,0.0,0.0,0.0,305.0,0.0,0.0,0.0,0.0,0.0,0.0,0.0,6921.1,0.0,0.0
2050-09-07 10:00:00,2050-09-07 08:00:00,2218.9,3948.7,0.0,18.8,6186.4,2137.7,-2166.5,0.0,2166.5,0.0366,0.058,battery,gas-cc,0.0,0.0,0.0,0.0,0.0,0.0,0.0,0.0,0.0,0.0,0.0,0.0,0.0,0.0,0.0,0.0,0.0,0.0,140.6,2.7,0.27,16.6,1060.2,0.06,140.8,48.2,189.0,418.2,7.9,0.79,49.4,3156.1,0.18,418.7,143.5,562.2,19.39,0.0,0.0,19.39,20.59,0.0,0.0,20.59,0.0,0.0,0.0,8353.0,8353.0,0.0,0.0,0.0,0.0,0.0,352.6,0.0,0.0,0.0,0.0,0.0,0.0,0.0,8000.3,0.1,0.0
2050-09-07 11:00:00,2050-09-07 09:00:00,2368.4,4019.6,0.0,10.8,6398.8,2278.2,-1650.6,0.0,1650.6,0.0381,0.0619,battery,gas-cc,0.0,0.0,0.0,0.0,0.0,0.0,0.0,0.0,0.0,0.0,0.0,0.0,0.0,0.0,0.0,0.0,0.0,0.0,140.8,2.7,0.27,16.6,1061.8,0.06,141.0,48.3,189.3,299.7,5.6,0.56,35.4,2261.7,0.13,300.0,102.8,402.9,19.39,0.0,0.0,19.39,20.67,0.0,0.0,20.67,0.0,0.0,0.0,8049.4,8049.4,0.0,0.0,0.0,0.0,0.0,339.8,0.0,0.0,0.0,0.0,0.0,0.0,0.0,7709.5,0.1,0.0
2050-09-07 12:00:00,2050-09-07 10:00:00,2471.6,3402.2,0.0,22.6,5896.3,2374.8,-2410.9,0.0,2410.9,0.0391,0.0646,upv,upv,0.0,0.0,0.0,0.0,0.0,0.0,0.0,0.0,0.0,0.0,0.0,0.0,0.0,0.0,0.0,0.0,0.0,0.0,141.4,2.7,0.27,16.7,1065.7,0.06,141.5,48.5,190.0,0.0,0.0,0.0,0.0,0.0,0.0,0.0,0.0,0.0,19.39,0.0,0.0,19.39,20.73,0.0,0.0,20.73,0.0,0.0,0.0,8307.3,8307.3,0.0,0.0,0.0,0.0,0.0,350.6,0.0,0.0,0.0,0.0,0.0,0.0,0.0,7955.0,1.7,0.0
2050-09-07 13:00:00,2050-09-07 11:00:00,2580.0,3994.9,0.0,13.6,6588.6,2476.1,-1831.1,0.0,1831.1,0.0403,0.0675,battery,gas-cc,0.0,0.0,0.0,0.0,0.0,0.0,0.0,0.0,0.0,0.0,0.0,0.0,0.0,0.0,0.0,0.0,0.0,0.0,141.2,2.7,0.27,16.7,1064.2,0.06,141.3,48.4,189.7,301.5,5.7,0.57,35.6,2275.1,0.13,301.8,103.4,405.3,19.39,0.0,0.0,19.39,20.79,0.0,0.0,20.79,0.0,0.0,0.0,8419.6,8419.6,0.0,0.0,0.0,0.0,0.0,355.1,0.0,0.0,0.0,0.0,0.0,0.0,0.0,8058.4,6.1,0.0
2050-09-07 14:00:00,2050-09-07 12:00:00,2683.2,3373.1,0.0,11.1,6067.3,2572.2,-1665.7,0.0,1665.7,0.0414,0.0702,battery,gas-cc,0.0,0.0,0.0,0.0,0.0,0.0,0.0,0.0,0.0,0.0,0.0,0.0,0.0,0.0,0.0,0.0,0.0,0.0,141.3,2.7,0.27,16.7,1065.5,0.06,141.5,48.5,189.9,400.3,7.5,0.75,47.3,3020.9,0.17,400.8,137.4,538.1,19.39,0.0,0.0,19.39,20.85,0.0,0.0,20.85,0.0,0.0,0.0,7733.0,7733.0,0.0,0.0,0.0,0.0,0.0,325.7,0.0,0.0,0.0,0.0,0.0,0.0,0.0,7392.8,14.4,0.0
2050-09-07 15:00:00,2050-09-07 13:00:00,2793.7,1444.9,0.0,12.1,4250.7,2674.8,2315.9,1243.2,0.0,0.0426,0.0731,battery,gas-cc,129.3,2.4,0.24,15.3,975.4,0.06,129.4,44.4,173.8,95.5,1.8,0.18,11.5,721.3,0.05,95.6,33.0,128.6,141.5,2.7,0.27,16.7,1066.8,0.06,141.7,48.5,190.2,361.6,6.8,0.68,42.7,2728.8,0.16,362.0,124.1,486.1,35.41,0.0,0.0,35.41,38.2,0.0,0.0,38.2,0.0,0.0,0.0,3007.5,1934.8,0.0,0.0,0.0,0.0,0.0,79.7,1072.7,0.0,0.0,0.0,0.0,0.0,0.0,1807.8,47.3,0.0
2050-09-07 16:00:00,2050-09-07 14:00:00,2884.2,406.0,0.0,12.1,3302.3,2758.6,2315.9,1243.2,0.0,0.0436,0.0754,battery,gas-cc,188.8,3.6,0.36,22.3,1424.7,0.08,189.0,64.8,253.8,123.1,2.3,0.23,14.8,929.5,0.06,123.2,42.5,165.7,141.7,2.7,0.27,16.7,1067.9,0.06,141.8,48.6,190.4,362.5,6.8,0.68,42.8,2735.8,0.16,362.9,124.4,487.3,35.41,0.0,0.0,35.41,38.29,0.0,0.0,38.29,0.0,0.0,0.0,2059.1,986.4,0.0,0.0,0.0,0.0,0.0,34.9,1072.7,0.0,0.0,0.0,0.0,0.0,0.0,792.8,158.6,0.0
2050-09-07 17:00:00,2050-09-07 15:00:00,3003.2,64.9,0.0,12.1,3080.2,2868.4,2315.9,1243.2,0.0,0.0449,0.0785,battery,gas-cc,211.6,4.0,0.4,25.0,1597.0,0.09,211.9,72.6,284.5,132.1,2.5,0.25,15.9,998.0,0.06,132.3,45.7,178.0,142.0,2.7,0.27,16.8,1070.3,0.06,142.1,48.7,190.8,363.8,6.9,0.69,43.0,2745.0,0.16,364.2,124.8,489.0,35.41,0.0,0.0,35.41,38.42,0.0,0.0,38.42,0.0,0.0,0.0,1837.0,764.3,0.0,0.0,0.0,0.0,0.0,29.0,1072.7,0.0,0.0,0.0,0.0,0.0,0.0,657.9,77.4,0.0
2050-09-07 18:00:00,2050-09-07 16:00:00,3067.4,0.0,0.0,12.1,3079.5,2927.5,2406.7,1243.2,0.0,0.0456,0.0802,battery,gas-cc,211.7,4.0,0.4,25.0,1597.6,0.09,211.9,72.6,284.6,135.7,2.6,0.26,16.4,1024.6,0.07,135.8,46.9,182.7,144.3,2.7,0.28,17.1,1086.2,0.06,144.5,49.4,193.9,420.6,7.9,0.79,49.7,3174.2,0.18,421.1,144.3,565.4,41.69,0.0,0.0,41.69,45.33,0.0,0.0,45.33,0.0,0.0,0.0,1836.3,672.8,90.8,0.0,0.0,0.0,0.0,25.0,1072.7,0.0,0.0,0.0,0.0,0.0,0.0,567.9,79.9,0.0
2050-09-07 19:00:00,2050-09-07 17:00:00,3074.7,0.0,0.0,10.1,3084.8,2934.3,2679.7,0.0,1366.4,0.0457,0.0804,gas-cc,gas-cc,87.3,1.6,0.16,10.3,659.1,0.04,87.4,30.0,117.4,93.5,1.8,0.18,11.1,705.6,0.04,93.6,32.1,125.7,152.3,2.9,0.29,18.0,1147.8,0.07,152.4,52.2,204.6,426.4,8.0,0.8,50.4,3217.7,0.18,426.9,146.3,573.2,41.69,0.0,0.0,41.69,45.33,0.0,0.0,45.33,0.0,0.0,0.0,4451.2,405.1,2973.4,0.0,0.0,0.0,0.0,11.0,1072.7,0.0,0.0,0.0,0.0,0.0,0.0,248.8,145.3,0.0
2050-09-07 20:00:00,2050-09-07 18:00:00,3062.1,0.0,0.0,8.3,3070.4,2922.6,3000.5,0.0,1283.4,0.0455,0.0801,gas-cc,gas-cc,89.3,1.7,0.17,10.5,673.8,0.04,89.4,30.6,120.0,95.7,1.8,0.18,11.3,722.5,0.04,95.8,32.9,128.7,152.7,2.9,0.29,18.0,1151.3,0.07,152.9,52.4,205.2,426.2,8.0,0.8,50.4,3216.5,0.18,426.7,146.3,573.0,41.69,0.0,0.0,41.69,45.32,0.0,0.0,45.32,0.0,0.0,0.0,4353.9,69.9,3211.2,0.0,0.0,0.0,0.0,0.0,1072.7,0.0,0.0,0.0,0.0,0.0,0.0,0.0,69.9,0.0
2050-09-07 21:00:00,2050-09-07 19:00:00,2953.7,0.0,0.0,10.1,2963.8,2822.7,2923.5,0.0,1555.3,0.0443,0.0772,gas-cc,gas-cc,86.0,1.6,0.16,10.2,649.2,0.04,86.1,29.5,115.6,92.2,1.7,0.17,10.9,696.1,0.04,92.3,31.7,124.0,154.0,2.9,0.29,18.2,1161.2,0.07,154.2,52.8,207.0,424.9,8.0,0.8,50.2,3206.6,0.18,425.4,145.8,571.2,41.69,0.0,0.0,41.69,45.18,0.0,0.0,45.18,0.0,0.0,0.0,4519.1,40.3,3406.0,0.0,0.0,0.0,0.0,0.0,1072.7,0.0,0.0,0.0,0.0,0.0,0.0,0.0,40.3,0.0
2050-09-07 22:00:00,2050-09-07 20:00:00,2752.6,0.0,0.0,4.5,2757.1,2636.7,2724.0,0.0,687.1,0.0421,0.072,gas-cc,gas-cc,112.9,2.1,0.21,13.3,851.8,0.05,113.0,38.7,151.7,119.8,2.3,0.23,14.2,904.4,0.05,120.0,41.1,161.1,191.1,3.6,0.36,22.6,1441.5,0.08,191.3,65.6,256.9,422.5,8.0,0.8,49.9,3188.5,0.18,423.0,145.0,568.0,41.69,0.0,0.0,41.69,44.92,0.0,0.0,44.92,0.0,0.0,0.0,3444.2,33.1,2338.3,0.0,0.0,0.0,0.0,0.0,1072.7,0.0,0.0,0.0,0.0,0.0,0.0,0.0,33.1,0.0
2050-09-07 23:00:00,2050-09-07 21:00:00,2535.8,0.0,0.0,4.5,2540.3,2434.9,2497.9,0.0,687.1,0.0398,0.0663,battery,gas-cc,120.5,2.3,0.23,14.2,909.0,0.05,120.6,41.3,161.9,127.4,2.4,0.24,15.1,961.2,0.06,127.5,43.7,171.2,157.6,3.0,0.3,18.6,1188.5,0.07,157.8,54.1,211.9,420.0,7.9,0.79,49.6,3169.1,0.18,420.4,144.1,564.5,41.69,0.0,0.0,41.69,44.65,0.0,0.0,44.65,0.0,0.0,0.0,3227.4,42.4,2112.3,0.0,0.0,0.0,0.0,0.0,1072.7,0.0,0.0,0.0,0.0,0.0,0.0,0.0,42.4,0.0
2050-09-08 00:00:00,2050-09-07 22:00:00,2345.3,0.0,0.0,7.8,2353.0,2256.5,2336.5,0.0,1197.3,0.0379,0.0613,gas-cc,gas-cc,109.5,2.1,0.21,12.9,826.3,0.05,109.6,37.6,147.2,115.8,2.2,0.22,13.7,874.2,0.05,116.0,39.8,155.7,152.3,2.9,0.29,18.0,1148.3,0.07,152.5,52.2,204.7,417.7,7.9,0.79,49.3,3152.3,0.18,418.2,143.3,561.5,41.69,0.0,0.0,41.69,44.41,0.0,0.0,44.41,0.0,0.0,0.0,3550.3,16.6,2461.0,0.0,0.0,0.0,0.0,0.0,1072.7,0.0,0.0,0.0,0.0,0.0,0.0,0.0,16.6,0.0
2050-09-08 01:00:00,2050-09-07 23:00:00,2162.1,0.0,0.0,5.9,2168.0,2084.1,2143.0,0.0,905.3,0.0361,0.0565,gas-cc,gas-cc,126.5,2.4,0.24,14.9,954.6,0.05,126.6,43.4,170.0,133.1,2.5,0.25,15.7,1004.5,0.06,133.3,45.7,178.9,150.7,2.8,0.29,17.8,1136.4,0.07,150.9,51.7,202.6,415.6,7.8,0.78,49.1,3136.3,0.18,416.1,142.6,558.7,41.69,0.0,0.0,41.69,44.19,0.0,0.0,44.19,0.0,0.0,0.0,3073.3,25.0,1975.6,0.0,0.0,0.0,0.0,0.0,1072.7,0.0,0.0,0.0,0.0,0.0,0.0,0.0,25.0,0.0
2050-09-08 02:00:00,2050-09-08 00:00:00,1930.5,0.0,0.0,0.0,1930.5,1864.9,1915.0,0.0,0.0,0.034,0.0505,battery,gas-cc,201.4,3.8,0.38,23.8,1519.6,0.09,201.6,69.1,270.7,209.7,4.0,0.4,24.8,1582.7,0.09,210.0,72.0,281.9,151.0,2.8,0.29,17.8,1138.1,0.07,151.1,51.8,202.9,407.5,7.7,0.77,48.1,3074.9,0.18,407.9,139.8,547.7,41.69,0.0,0.0,41.69,43.91,0.0,0.0,43.91,0.0,0.0,0.0,1930.5,15.5,842.3,0.0,0.0,0.0,0.0,0.0,1072.7,0.0,0.0,0.0,0.0,0.0,0.0,0.0,15.5,0.0
2050-09-08 03:00:00,2050-09-08 01:00:00,1811.6,0.0,0.0,0.0,1811.6,1751.8,1806.8,0.0,0.0,0.033,0.0474,battery,gas-cc,214.6,4.0,0.4,25.4,1619.4,0.09,214.8,73.6,288.5,223.1,4.2,0.42,26.4,1683.6,0.1,223.3,76.6,299.9,178.1,3.4,0.34,21.0,1343.1,0.08,178.3,61.1,239.4,406.1,7.7,0.77,48.0,3064.8,0.18,406.6,139.4,545.9,41.69,0.0,0.0,41.69,43.76,0.0,0.0,43.76,0.0,0.0,0.0,1811.6,4.8,734.1,0.0,0.0,0.0,0.0,0.0,1072.7,0.0,0.0,0.0,0.0,0.0,0.0,0.0,4.8,0.0
2050-09-08 04:00:00,2050-09-08 02:00:00,1727.4,0.0,0.0,0.0,1727.4,1671.5,1724.3,0.0,0.0,0.0323,0.0452,battery,gas-cc,225.1,4.2,0.42,26.6,1698.3,0.1,225.3,77.2,302.5,233.7,4.4,0.44,27.6,1763.4,0.1,233.9,80.2,314.1,216.8,4.1,0.41,25.6,1635.0,0.09,217.0,74.4,291.4,405.2,7.6,0.76,47.9,3057.7,0.18,405.6,139.0,544.7,41.69,0.0,0.0,41.69,43.66,0.0,0.0,43.66,0.0,0.0,0.0,1727.4,3.1,651.6,0.0,0.0,0.0,0.0,0.0,1072.7,0.0,0.0,0.0,0.0,0.0,0.0,0.0,3.1,0.0
2050-09-08 05:00:00,2050-09-08 03:00:00,1675.8,0.0,0.0,0.0,1675.8,1622.2,1674.3,0.0,0.0,0.032,0.0438,battery,gas-cc,232.0,4.4,0.44,27.4,1750.6,0.1,232.2,79.6,311.8,240.7,4.5,0.45,28.4,1816.4,0.1,241.0,82.6,323.6,237.6,4.5,0.45,28.1,1792.6,0.1,237.9,81.5,319.4,404.6,7.6,0.76,47.8,3053.4,0.18,405.1,138.8,543.9,41.69,0.0,0.0,41.69,43.6,0.0,0.0,43.6,0.0,0.0,0.0,1675.8,1.5,601.6,0.0,0.0,0.0,0.0,0.0,1072.7,0.0,0.0,0.0,0.0,0.0,0.0,0.0,1.5,0.0
2050-09-08 06:00:00,2050-09-08 04:00:00,1654.7,0.0,0.0,0.0,1654.7,1602.1,1654.0,0.0,0.0,0.0318,0.0433,battery,gas-cc,234.9,4.4,0.44,27.8,1772.9,0.1,235.2,80.6,315.8,243.7,4.6,0.46,28.8,1838.9,0.11,243.9,83.6,327.6,215.3,4.1,0.41,25.4,1624.2,0.09,215.6,73.9,289.4,404.4,7.6,0.76,47.8,3051.7,0.18,404.8,138.8,543.6,41.69,0.0,0.0,41.69,43.58,0.0,0.0,43.58,0.0,0.0,0.0,1654.7,0.7,581.3,0.0,0.0,0.0,0.0,0.0,1072.7,0.0,0.0,0.0,0.0,0.0,0.0,0.0,0.7,0.0
2050-09-08 07:00:00,2050-09-08 05:00:00,1711.6,0.0,0.0,0.0,1711.6,1656.4,1711.1,0.0,0.0,0.0322,0.0448,battery,gas-cc,227.1,4.3,0.43,26.8,1714.0,0.1,227.4,77.9,305.3,235.8,4.4,0.44,27.9,1779.3,0.1,236.0,80.9,317.0,243.5,4.6,0.46,28.8,1836.7,0.11,243.7,83.5,327.3,405.0,7.6,0.76,47.8,3056.4,0.18,405.5,139.0,544.4,41.69,0.0,0.0,41.69,43.64,0.0,0.0,43.64,0.0,0.0,0.0,1711.6,0.5,638.4,0.0,0.0,0.0,0.0,0.0,1072.7,0.0,0.0,0.0,0.0,0.0,0.0,0.0,0.5,0.0
2050-09-08 08:00:00,2050-09-08 06:00:00,1793.7,904.6,0.0,11.5,2709.7,1734.8,2204.5,1150.2,0.0,0.0329,0.0469,gas-cc,gas-cc,245.0,4.6,0.46,28.9,1848.8,0.11,245.3,84.1,329.3,151.4,2.9,0.29,18.5,1143.9,0.08,151.6,52.6,204.1,141.4,2.7,0.27,16.7,1066.2,0.06,141.6,48.5,190.1,380.2,7.2,0.72,44.9,2869.3,0.16,380.6,130.5,511.1,33.36,0.0,0.0,33.36,35.0,0.0,0.0,35.0,0.0,0.0,0.0,1559.5,505.2,0.0,0.0,0.0,0.0,0.0,21.3,1054.3,0.0,0.0,0.0,0.0,0.0,0.0,483.1,0.9,0.0
2050-09-08 09:00:00,2050-09-08 07:00:00,1948.4,1358.1,0.0,12.1,3318.6,1881.9,2260.6,1243.2,0.0,0.0341,0.051,gas-cc,gas-cc,177.7,3.3,0.33,21.0,1340.6,0.08,177.9,61.0,238.8,115.0,2.2,0.22,14.0,869.0,0.06,115.2,39.9,155.1,145.6,2.7,0.28,17.2,1097.7,0.06,145.8,49.9,195.7,381.9,7.2,0.72,45.1,2881.6,0.17,382.3,131.0,513.3,33.36,0.0,0.0,33.36,35.15,0.0,0.0,35.15,0.0,0.0,0.0,2075.4,1058.0,0.0,0.0,0.0,0.0,0.0,44.6,1017.4,0.0,0.0,0.0,0.0,0.0,0.0,1012.1,1.3,0.0
2050-09-08 10:00:00,2050-09-08 08:00:00,2090.5,2431.9,0.0,12.1,4534.5,2016.5,1734.7,1243.2,0.0,0.0354,0.0547,gas-cc,gas-cc,54.1,1.0,0.1,6.4,408.4,0.02,54.2,18.6,72.7,40.7,0.8,0.08,5.1,307.9,0.02,40.8,14.2,55.0,151.3,2.9,0.29,17.9,1141.1,0.07,151.5,51.9,203.4,383.4,7.2,0.72,45.3,2892.9,0.17,383.8,131.5,515.3,33.36,0.0,0.0,33.36,35.28,0.0,0.0,35.28,0.0,0.0,0.0,3291.4,2799.9,0.0,0.0,0.0,0.0,0.0,118.1,491.5,0.0,0.0,0.0,0.0,0.0,0.0,2680.2,1.5,0.0
2050-09-08 11:00:00,2050-09-08 09:00:00,2118.9,2755.7,0.0,11.4,4886.0,2043.4,1134.4,1134.4,0.0,0.0357,0.0554,battery,gas-cc,0.0,0.0,0.0,0.0,0.0,0.0,0.0,0.0,0.0,0.0,0.0,0.0,0.2,0.4,0.0,0.0,0.2,0.2,147.9,2.8,0.28,17.5,1115.2,0.06,148.1,50.7,198.8,374.8,7.1,0.71,44.3,2828.0,0.16,375.2,128.6,503.8,23.48,0.0,0.0,23.48,24.86,0.0,0.0,24.86,0.0,0.0,0.0,3751.6,3751.6,0.0,0.0,0.0,0.0,0.0,158.1,0.0,0.0,0.0,0.0,0.0,0.0,0.0,3586.5,6.9,0.0
2050-09-08 12:00:00,2050-09-08 10:00:00,2064.2,3241.3,0.0,11.9,5317.4,1991.6,1215.8,1215.8,0.0,0.0352,0.054,battery,gas-cc,0.0,0.0,0.0,0.0,0.0,0.0,0.0,0.0,0.0,0.0,0.0,0.0,0.2,0.4,0.0,0.0,0.2,0.2,161.4,3.0,0.31,19.1,1217.1,0.07,161.6,55.4,216.9,374.2,7.1,0.71,44.2,2823.7,0.16,374.6,128.4,503.0,23.48,0.0,0.0,23.48,24.82,0.0,0.0,24.82,0.0,0.0,0.0,4101.6,4101.6,0.0,0.0,0.0,0.0,0.0,172.6,0.0,0.0,0.0,0.0,0.0,0.0,0.0,3916.1,12.9,0.0
2050-09-08 13:00:00,2050-09-08 11:00:00,2017.9,4019.6,0.0,7.5,6045.0,1947.8,354.6,445.3,90.7,0.0347,0.0528,wind-ons,wind-ons,0.0,0.0,0.0,0.0,0.0,0.0,0.0,0.0,0.0,0.0,0.0,0.0,0.0,0.0,0.0,0.0,0.0,0.0,140.4,2.6,0.27,16.6,1058.1,0.06,140.5,48.1,188.6,0.0,0.0,0.0,0.0,0.0,0.0,0.0,0.0,0.0,22.85,0.0,0.0,22.85,24.12,0.0,0.0,24.12,0.0,0.0,0.0,5690.4,5690.4,0.0,0.0,0.0,0.0,0.0,239.4,0.0,0.0,0.0,0.0,0.0,0.0,0.0,5434.7,16.2,0.0
2050-09-08 14:00:00,2050-09-08 12:00:00,2023.2,4019.6,0.0,12.2,6054.9,1952.8,-371.4,445.3,816.7,0.0348,0.0529,battery,gas-cc,0.0,0.0,0.0,0.0,0.0,0.0,0.0,0.0,0.0,0.0,0.0,0.0,0.0,0.0,0.0,0.0,0.0,0.0,153.7,2.9,0.29,18.2,1158.6,0.07,153.8,52.7,206.5,373.8,7.0,0.7,44.2,2820.5,0.16,374.2,128.2,502.4,22.85,0.0,0.0,22.85,24.13,0.0,0.0,24.13,0.0,0.0,0.0,6426.3,6426.3,0.0,0.0,0.0,0.0,0.0,270.3,0.0,0.0,0.0,0.0,0.0,0.0,0.0,6135.9,20.1,0.0
2050-09-08 15:00:00,2050-09-08 13:00:00,2017.9,4019.6,0.0,8.5,6046.0,1947.8,195.7,445.3,249.6,0.0347,0.0528,battery,gas-cc,0.0,0.0,0.0,0.0,0.0,0.0,0.0,0.0,0.0,0.0,0.0,0.0,0.0,0.0,0.0,0.0,0.0,0.0,140.4,2.6,0.27,16.6,1058.1,0.06,140.5,48.1,188.6,334.2,6.3,0.63,39.5,2522.3,0.14,334.6,114.7,449.3,22.85,0.0,0.0,22.85,24.12,0.0,0.0,24.12,0.0,0.0,0.0,5850.3,5850.3,0.0,0.0,0.0,0.0,0.0,245.8,0.0,0.0,0.0,0.0,0.0,0.0,0.0,5576.9,27.6,0.0
2050-09-08 16:00:00,2050-09-08 14:00:00,2077.9,3986.6,0.0,7.0,6071.6,2004.6,466.3,466.3,0.0,0.0353,0.0543,battery,gas-cc,0.0,0.0,0.0,0.0,0.0,0.0,0.0,0.0,0.0,0.0,0.0,0.0,0.0,0.0,0.0,0.0,0.0,0.0,140.4,2.7,0.27,16.6,1058.7,0.06,140.6,48.2,188.7,334.8,6.3,0.63,39.6,2526.5,0.15,335.2,114.9,450.0,23.48,0.0,0.0,23.48,24.83,0.0,0.0,24.83,0.0,0.0,0.0,5605.3,5605.3,0.0,0.0,0.0,0.0,0.0,235.1,0.0,0.0,0.0,0.0,0.0,0.0,0.0,5337.8,32.3,0.0
2050-09-08 17:00:00,2050-09-08 15:00:00,2183.2,2650.9,0.0,9.5,4843.5,2104.0,837.4,837.4,0.0,0.0363,0.0571,battery,gas-cc,0.0,0.0,0.0,0.0,0.0,0.0,0.0,0.0,0.0,0.0,0.0,0.0,0.1,0.3,0.0,0.0,0.1,0.1,140.6,2.7,0.27,16.6,1059.8,0.06,140.7,48.2,188.9,319.8,6.0,0.6,37.8,2413.0,0.14,320.1,109.7,429.8,23.48,0.0,0.0,23.48,24.91,0.0,0.0,24.91,0.0,0.0,0.0,4006.1,4006.1,0.0,0.0,0.0,0.0,0.0,167.5,0.0,0.0,0.0,0.0,0.0,0.0,0.0,3803.0,35.5,0.0
2050-09-08 18:00:00,2050-09-08 16:00:00,2270.5,1778.7,0.0,9.6,4058.8,2186.3,1907.9,856.0,0.0,0.0371,0.0594,gas-cc,gas-cc,119.0,2.2,0.22,14.1,898.2,0.05,119.2,40.8,160.0,99.3,1.9,0.19,11.9,749.4,0.05,99.4,34.2,133.6,140.7,2.7,0.27,16.6,1060.8,0.06,140.9,48.3,189.1,385.3,7.3,0.73,45.5,2907.4,0.17,385.7,132.2,517.9,33.36,0.0,0.0,33.36,35.46,0.0,0.0,35.46,0.0,0.0,0.0,3202.8,2150.9,0.0,0.0,0.0,0.0,0.0,88.6,1051.9,0.0,0.0,0.0,0.0,0.0,0.0,2011.4,50.9,0.0
2050-09-08 19:00:00,2050-09-08 17:00:00,2400.0,0.0,0.0,2.3,2402.3,2307.8,1929.0,0.0,354.1,0.0384,0.0628,battery,gas-cc,141.0,2.7,0.27,16.7,1064.3,0.06,141.2,48.4,189.6,148.0,2.8,0.28,17.5,1116.6,0.06,148.1,50.8,198.9,151.0,2.8,0.29,17.8,1138.1,0.07,151.1,51.8,202.9,408.2,7.7,0.77,48.2,3080.2,0.18,408.6,140.1,548.7,40.11,0.0,0.0,40.11,42.8,0.0,0.0,42.8,0.0,0.0,0.0,2756.4,473.3,1210.4,0.0,0.0,0.0,0.0,17.1,1072.7,0.0,0.0,0.0,0.0,0.0,0.0,389.1,67.0,0.0
2050-09-08 20:00:00,2050-09-08 18:00:00,2482.1,0.0,0.0,7.0,2489.1,2384.7,2427.6,0.0,1077.0,0.0392,0.0649,gas-cc,gas-cc,109.0,2.1,0.21,12.9,822.6,0.05,109.1,37.4,146.5,115.5,2.2,0.22,13.7,871.4,0.05,115.6,39.6,155.2,153.4,2.9,0.29,18.1,1156.7,0.07,153.6,52.6,206.2,409.1,7.7,0.77,48.3,3087.3,0.18,409.6,140.4,549.9,40.11,0.0,0.0,40.11,42.9,0.0,0.0,42.9,0.0,0.0,0.0,3566.2,61.5,2431.9,0.0,0.0,0.0,0.0,0.0,1072.7,0.0,0.0,0.0,0.0,0.0,0.0,0.0,61.5,0.0
2050-09-08 21:00:00,2050-09-08 19:00:00,2487.4,0.0,0.0,8.9,2496.3,2389.6,2426.3,0.0,1374.0,0.0393,0.065,battery,gas-cc,100.4,1.9,0.19,11.9,758.0,0.04,100.6,34.5,135.0,106.6,2.0,0.2,12.6,804.7,0.05,106.7,36.6,143.3,152.9,2.9,0.29,18.1,1153.0,0.07,153.1,52.4,205.6,409.2,7.7,0.77,48.3,3087.7,0.18,409.6,140.4,550.0,40.11,0.0,0.0,40.11,42.91,0.0,0.0,42.91,0.0,0.0,0.0,3870.3,70.0,2727.5,0.0,0.0,0.0,0.0,0.0,1072.7,0.0,0.0,0.0,0.0,0.0,0.0,0.0,70.0,0.0
2050-09-08 22:00:00,2050-09-08 20:00:00,2405.3,0.0,0.0,5.4,2410.7,2312.8,2377.6,0.0,838.2,0.0385,0.0629,battery,gas-cc,119.7,2.3,0.23,14.1,903.0,0.05,119.8,41.1,160.8,126.4,2.4,0.24,14.9,953.8,0.06,126.5,43.4,169.9,153.7,2.9,0.29,18.2,1159.1,0.07,153.9,52.7,206.6,408.2,7.7,0.77,48.2,3080.7,0.18,408.7,140.1,548.8,40.11,0.0,0.0,40.11,42.81,0.0,0.0,42.81,0.0,0.0,0.0,3248.9,33.1,2143.1,0.0,0.0,0.0,0.0,0.0,1072.7,0.0,0.0,0.0,0.0,0.0,0.0,0.0,33.1,0.0
2050-09-08 23:00:00,2050-09-08 21:00:00,2286.3,0.0,0.0,9.4,2295.8,2201.1,2246.3,0.0,1453.2,0.0373,0.0598,battery,gas-cc,103.7,2.0,0.2,12.2,782.5,0.04,103.8,35.6,139.4,109.8,2.1,0.21,13.0,828.4,0.05,109.9,37.7,147.6,153.1,2.9,0.29,18.1,1154.4,0.07,153.3,52.5,205.8,406.9,7.7,0.77,48.1,3070.5,0.18,407.3,139.6,546.9,40.11,0.0,0.0,40.11,42.67,0.0,0.0,42.67,0.0,0.0,0.0,3748.9,49.5,2626.7,0.0,0.0,0.0,0.0,0.0,1072.7,0.0,0.0,0.0,0.0,0.0,0.0,0.0,49.5,0.0
2050-09-09 00:00:00,2050-09-08 22:00:00,2149.5,0.0,0.0,23.9,2173.4,2072.2,2161.7,0.0,2496.9,0.0359,0.0562,battery,gas-cc,83.2,1.6,0.16,9.8,628.1,0.04,83.3,28.6,111.9,88.6,1.7,0.17,10.5,668.6,0.04,88.7,30.4,119.1,199.1,3.8,0.38,23.5,1501.5,0.09,199.3,68.3,267.6,456.6,8.6,0.86,53.9,3445.6,0.2,457.1,156.7,613.8,44.64,0.0,0.0,44.64,47.3,0.0,0.0,47.3,0.0,0.0,0.0,4670.4,11.7,3585.9,0.0,0.0,0.0,0.0,0.0,1072.7,0.0,0.0,0.0,0.0,0.0,0.0,0.0,11.7,0.0
2050-09-09 01:00:00,2050-09-08 23:00:00,1976.8,0.0,0.0,19.7,1996.6,1908.9,1989.4,0.0,2226.1,0.0344,0.0517,battery,gas-cc,92.1,1.7,0.17,10.9,694.7,0.04,92.2,31.6,123.8,97.5,1.8,0.18,11.5,736.0,0.04,97.6,33.5,131.1,152.8,2.9,0.29,18.0,1151.7,0.07,152.9,52.4,205.3,454.4,8.6,0.86,53.7,3429.2,0.2,454.9,155.9,610.8,44.64,0.0,0.0,44.64,47.08,0.0,0.0,47.08,0.0,0.0,0.0,4222.7,7.2,3142.7,0.0,0.0,0.0,0.0,0.0,1072.7,0.0,0.0,0.0,0.0,0.0,0.0,0.0,7.2,0.0
2050-09-09 02:00:00,2050-09-09 00:00:00,1827.4,0.0,0.0,10.7,1838.0,1766.8,1824.8,0.0,1640.0,0.0331,0.0478,battery,gas-cc,111.8,2.1,0.21,13.2,843.5,0.05,111.9,38.4,150.3,117.6,2.2,0.22,13.9,887.6,0.05,117.7,40.4,158.1,152.5,2.9,0.29,18.0,1149.4,0.07,152.6,52.3,204.9,446.4,8.4,0.84,52.7,3368.7,0.19,446.9,153.2,600.1,44.64,0.0,0.0,44.64,46.88,0.0,0.0,46.88,0.0,0.0,0.0,3478.0,13.2,2392.0,0.0,0.0,0.0,0.0,0.0,1072.7,0.0,0.0,0.0,0.0,0.0,0.0,0.0,13.2,0.0
2050-09-09 03:00:00,2050-09-09 01:00:00,1701.1,0.0,0.0,10.7,1711.7,1646.4,1691.3,0.0,1640.0,0.0322,0.0445,battery,gas-cc,116.0,2.2,0.22,13.7,875.3,0.05,116.1,39.8,155.9,121.8,2.3,0.23,14.4,919.2,0.05,121.9,41.8,163.8,152.3,2.9,0.29,18.0,1148.2,0.07,152.5,52.2,204.7,444.9,8.4,0.84,52.6,3357.1,0.19,445.3,152.6,598.0,44.64,0.0,0.0,44.64,46.72,0.0,0.0,46.72,0.0,0.0,0.0,3351.7,20.4,2258.5,0.0,0.0,0.0,0.0,0.0,1072.7,0.0,0.0,0.0,0.0,0.0,0.0,0.0,20.4,0.0
2050-09-09 04:00:00,2050-09-09 02:00:00,1615.8,0.0,0.0,10.7,1626.4,1564.8,1588.3,0.0,1640.0,0.0316,0.0423,battery,gas-cc,119.0,2.2,0.22,14.1,898.1,0.05,119.1,40.8,160.0,124.8,2.4,0.24,14.8,942.0,0.05,125.0,42.8,167.8,178.1,3.4,0.34,21.0,1343.1,0.08,178.3,61.1,239.4,443.8,8.4,0.84,52.4,3349.2,0.19,444.3,152.3,596.6,44.64,0.0,0.0,44.64,46.61,0.0,0.0,46.61,0.0,0.0,0.0,3266.4,38.1,2155.6,0.0,0.0,0.0,0.0,0.0,1072.7,0.0,0.0,0.0,0.0,0.0,0.0,0.0,38.1,0.0
2050-09-09 05:00:00,2050-09-09 03:00:00,1549.5,0.0,0.0,1.9,1551.4,1501.2,1497.2,0.0,299.5,0.0311,0.0405,battery,gas-ct,210.0,4.0,0.4,24.8,1585.0,0.09,210.3,72.1,282.3,217.9,4.1,0.41,25.8,1644.5,0.09,218.2,74.8,292.9,152.8,2.9,0.29,18.1,1152.3,0.07,153.0,52.4,205.4,539.3,10.2,1.02,63.7,4069.5,0.23,539.9,185.0,724.9,44.64,0.0,0.0,44.64,46.53,0.0,0.0,46.53,0.0,0.0,0.0,1850.9,54.2,724.0,0.0,0.0,0.0,0.0,0.0,1072.7,0.0,0.0,0.0,0.0,0.0,0.0,0.0,54.2,0.0
2050-09-09 06:00:00,2050-09-09 04:00:00,1512.6,0.0,0.0,0.3,1512.9,1465.9,1423.4,17.0,0.0,0.0309,0.0396,hydro,gas-cc,259.9,4.9,0.49,30.7,1961.2,0.11,260.2,89.2,349.3,265.8,5.0,0.5,31.4,2005.8,0.12,266.1,91.2,357.3,291.5,5.5,0.55,34.4,2199.2,0.13,291.8,100.0,391.8,459.2,8.7,0.87,54.2,3465.2,0.2,459.7,157.6,617.3,42.87,0.0,0.0,42.87,44.64,0.0,0.0,44.64,0.0,0.0,0.0,1495.9,89.5,333.6,0.0,0.0,0.0,0.0,0.0,1072.7,0.0,0.0,0.0,0.0,0.0,0.0,0.0,89.5,0.0
2050-09-09 07:00:00,2050-09-09 05:00:00,1503.2,0.0,0.0,1.9,1505.1,1456.8,1343.2,0.0,294.4,0.0309,0.0393,hydro,gas-cc,216.0,4.1,0.41,25.5,1630.3,0.09,216.3,74.1,290.4,223.8,4.2,0.42,26.4,1689.2,0.1,224.1,76.8,300.9,297.4,5.6,0.56,35.1,2243.9,0.13,297.7,102.0,399.7,405.6,7.6,0.76,47.9,3060.7,0.18,406.0,139.2,545.2,42.01,0.0,0.0,42.01,43.73,0.0,0.0,43.73,0.0,0.0,0.0,1799.4,161.9,564.8,0.0,0.0,0.0,0.0,0.0,1072.7,0.0,0.0,0.0,0.0,0.0,0.0,0.0,161.9,0.0
2050-09-09 08:00:00,2050-09-09 06:00:00,1494.7,1350.7,0.0,12.1,2857.6,1448.7,2315.9,1243.2,0.0,0.0308,0.0391,battery,gas-cc,240.8,4.5,0.45,28.4,1817.2,0.1,241.1,82.6,323.7,145.0,2.7,0.27,17.8,1095.8,0.08,145.2,50.5,195.7,140.8,2.7,0.27,16.6,1061.1,0.06,140.9,48.3,189.2,382.7,7.2,0.72,45.2,2887.9,0.17,383.1,131.3,514.4,34.02,0.0,0.0,34.02,35.4,0.0,0.0,35.4,0.0,0.0,0.0,1614.4,541.7,0.0,0.0,0.0,0.0,0.0,14.5,1072.7,0.0,0.0,0.0,0.0,0.0,0.0,328.2,199.0,0.0
2050-09-09 09:00:00,2050-09-09 07:00:00,1577.9,2100.9,0.0,12.1,3690.9,1528.5,2315.9,1243.2,0.0,0.0313,0.0413,battery,gas-cc,158.8,3.0,0.3,18.8,1198.5,0.07,159.0,54.5,213.5,108.7,2.0,0.2,13.2,821.4,0.06,108.9,37.7,146.5,141.7,2.7,0.27,16.7,1068.0,0.06,141.8,48.6,190.4,383.6,7.2,0.72,45.3,2894.5,0.17,384.0,131.6,515.6,34.02,0.0,0.0,34.02,35.48,0.0,0.0,35.48,0.0,0.0,0.0,2447.7,1375.0,0.0,0.0,0.0,0.0,0.0,49.2,1072.7,0.0,0.0,0.0,0.0,0.0,0.0,1115.5,210.3,0.0
2050-09-09 10:00:00,2050-09-09 08:00:00,1713.7,2617.9,0.0,9.3,4340.9,1658.4,814.6,814.6,0.0,0.0322,0.0448,battery,distpv,0.0,0.0,0.0,0.0,0.0,0.0,0.0,0.0,0.0,0.0,0.0,0.0,0.1,0.3,0.0,0.0,0.1,0.1,154.1,2.9,0.29,18.2,1162.1,0.07,154.3,52.9,207.2,0.0,0.0,0.0,0.0,0.0,0.0,0.0,0.0,0.0,4.75,0.0,0.0,4.75,4.97,0.0,0.0,4.97,0.0,0.0,0.0,3526.3,3526.3,0.0,0.0,0.0,0.0,0.0,138.1,0.0,0.0,0.0,0.0,0.0,0.0,0.0,3134.2,254.0,0.0
2050-09-09 11:00:00,2050-09-09 09:00:00,1873.7,4019.6,0.0,8.8,5902.0,1810.9,729.9,729.9,0.0,0.0335,0.049,battery,hydro,0.0,0.0,0.0,0.0,0.0,0.0,0.0,0.0,0.0,0.0,0.0,0.0,0.1,0.1,0.0,0.0,0.1,0.1,141.6,2.7,0.27,16.7,1067.5,0.06,141.8,48.6,190.3,0.0,0.0,0.0,0.0,0.0,0.0,0.0,0.0,0.0,4.75,0.0,0.0,4.75,4.99,0.0,0.0,4.99,0.0,0.0,0.0,5172.1,5172.1,0.0,0.0,0.0,0.0,0.0,207.3,0.0,0.0,0.0,0.0,0.0,0.0,0.0,4704.5,260.3,0.0
2050-09-09 12:00:00,2050-09-09 10:00:00,2049.5,4019.6,0.0,3.1,6072.1,1977.7,197.4,197.4,0.0,0.035,0.0536,battery,distpv,0.0,0.0,0.0,0.0,0.0,0.0,0.0,0.0,0.0,0.0,0.0,0.0,0.0,0.0,0.0,0.0,0.0,0.0,144.0,2.7,0.27,17.0,1085.5,0.06,144.1,49.4,193.5,0.0,0.0,0.0,0.0,0.0,0.0,0.0,0.0,0.0,4.7,0.0,0.0,4.7,4.97,0.0,0.0,4.97,0.0,0.0,0.0,5874.7,5874.7,0.0,0.0,0.0,0.0,0.0,237.1,0.0,0.0,0.0,0.0,0.0,0.0,0.0,5379.8,257.8,0.0
2050-09-09 13:00:00,2050-09-09 11:00:00,2211.6,4019.6,0.0,4.4,6235.6,2130.8,-679.6,0.0,679.6,0.0365,0.0578,battery,distpv,0.0,0.0,0.0,0.0,0.0,0.0,0.0,0.0,0.0,0.0,0.0,0.0,0.0,0.0,0.0,0.0,0.0,0.0,145.0,2.7,0.27,17.1,1093.5,0.06,145.2,49.7,194.9,0.0,0.0,0.0,0.0,0.0,0.0,0.0,0.0,0.0,4.59,0.0,0.0,4.59,4.87,0.0,0.0,4.87,0.0,0.0,0.0,6915.2,6915.2,0.0,0.0,0.0,0.0,0.0,281.7,0.0,0.0,0.0,0.0,0.0,0.0,0.0,6391.2,242.4,0.0
2050-09-09 14:00:00,2050-09-09 12:00:00,2340.0,4019.6,0.0,3.2,6362.8,2251.5,-488.9,0.0,488.9,0.0378,0.0612,battery,distpv,0.0,0.0,0.0,0.0,0.0,0.0,0.0,0.0,0.0,0.0,0.0,0.0,0.0,0.0,0.0,0.0,0.0,0.0,143.0,2.7,0.27,16.9,1078.1,0.06,143.2,49.0,192.2,0.0,0.0,0.0,0.0,0.0,0.0,0.0,0.0,0.0,4.59,0.0,0.0,4.59,4.89,0.0,0.0,4.89,0.0,0.0,0.0,6851.7,6851.7,0.0,0.0,0.0,0.0,0.0,279.7,0.0,0.0,0.0,0.0,0.0,0.0,0.0,6349.2,222.8,0.0
2050-09-09 15:00:00,2050-09-09 13:00:00,2455.8,3565.1,0.0,9.0,6029.8,2360.1,767.7,767.7,0.0,0.039,0.0642,battery,upv,0.0,0.0,0.0,0.0,0.0,0.0,0.0,0.0,0.0,0.0,0.0,0.0,0.1,0.2,0.0,0.0,0.1,0.1,144.3,2.7,0.27,17.1,1088.2,0.06,144.5,49.5,194.0,0.0,0.0,0.0,0.0,0.0,0.0,0.0,0.0,0.0,4.75,0.0,0.0,4.75,5.07,0.0,0.0,5.07,0.0,0.0,0.0,5262.1,5262.1,0.0,0.0,0.0,0.0,0.0,213.6,0.0,0.0,0.0,0.0,0.0,0.0,0.0,4846.7,201.8,0.0
2050-09-09 16:00:00,2050-09-09 14:00:00,2546.3,2431.9,0.0,10.7,4988.9,2444.7,1024.7,1024.7,0.0,0.0399,0.0666,battery,hydro,0.0,0.0,0.0,0.0,0.0,0.0,0.0,0.0,0.0,0.0,0.0,0.0,0.2,0.4,0.0,0.0,0.2,0.2,147.4,2.8,0.28,17.4,1111.1,0.06,147.5,50.5,198.1,0.0,0.0,0.0,0.0,0.0,0.0,0.0,0.0,0.0,4.75,0.0,0.0,4.75,5.08,0.0,0.0,5.08,0.0,0.0,0.0,3964.2,3964.2,0.0,0.0,0.0,0.0,0.0,158.1,0.0,0.0,0.0,0.0,0.0,0.0,0.0,3586.5,219.5,0.0
2050-09-09 17:00:00,2050-09-09 15:00:00,2580.0,2305.0,0.0,12.1,4897.1,2476.1,2315.9,1243.2,0.0,0.0403,0.0675,battery,gas-cc,106.4,2.0,0.2,12.6,802.9,0.05,106.5,36.5,143.0,82.7,1.6,0.16,10.0,624.8,0.04,82.8,28.6,111.4,141.6,2.7,0.27,16.7,1067.2,0.06,141.7,48.5,190.2,394.4,7.4,0.74,46.6,2975.8,0.17,394.8,135.3,530.1,34.02,0.0,0.0,34.02,36.48,0.0,0.0,36.48,0.0,0.0,0.0,3653.9,2581.2,0.0,0.0,0.0,0.0,0.0,100.3,1072.7,0.0,0.0,0.0,0.0,0.0,0.0,2276.3,204.5,0.0
2050-09-09 18:00:00,2050-09-09 16:00:00,2610.5,487.5,0.0,5.5,3103.5,2504.6,1500.8,428.0,0.0,0.0406,0.0683,battery,gas-cc,145.3,2.7,0.27,17.2,1096.5,0.06,145.5,49.9,195.3,131.1,2.5,0.25,15.5,989.3,0.06,131.2,45.0,176.3,142.0,2.7,0.27,16.8,1070.8,0.06,142.2,48.7,190.9,422.5,8.0,0.8,49.9,3188.1,0.18,422.9,145.0,567.9,34.02,0.0,0.0,34.02,36.51,0.0,0.0,36.51,0.0,0.0,0.0,2675.4,1602.7,0.0,0.0,0.0,0.0,0.0,58.0,1072.7,0.0,0.0,0.0,0.0,0.0,0.0,1315.9,228.8,0.0
2050-09-09 19:00:00,2050-09-09 17:00:00,2618.9,0.0,0.0,13.6,2632.5,2512.4,2236.2,0.0,1827.0,0.0407,0.0685,battery,gas-cc,87.2,1.6,0.16,10.3,657.8,0.04,87.3,29.9,117.2,92.8,1.7,0.17,11.0,700.7,0.04,92.9,31.9,124.8,153.8,2.9,0.29,18.2,1159.5,0.07,154.0,52.7,206.7,451.3,8.5,0.85,53.3,3405.9,0.2,451.8,154.9,606.7,43.89,0.0,0.0,43.89,47.12,0.0,0.0,47.12,0.0,0.0,0.0,4459.5,396.3,2990.5,0.0,0.0,0.0,0.0,9.9,1072.7,0.0,0.0,0.0,0.0,0.0,0.0,225.0,161.4,0.0
2050-09-09 20:00:00,2050-09-09 18:00:00,2629.5,0.0,0.0,23.2,2652.7,2522.2,2509.8,0.0,2448.4,0.0408,0.0688,battery,gas-cc,76.2,1.4,0.14,9.0,575.1,0.03,76.3,26.2,102.4,81.7,1.5,0.15,9.7,616.5,0.04,81.8,28.0,109.8,177.2,3.3,0.33,20.9,1335.9,0.08,177.3,60.8,238.1,451.5,8.5,0.85,53.3,3406.9,0.2,452.0,154.9,606.9,43.89,0.0,0.0,43.89,47.13,0.0,0.0,47.13,0.0,0.0,0.0,5101.0,142.9,3885.4,0.0,0.0,0.0,0.0,0.0,1072.7,0.0,0.0,0.0,0.0,0.0,0.0,0.0,142.9,0.0
2050-09-09 21:00:00,2050-09-09 19:00:00,2618.9,0.0,0.0,14.7,2633.7,2512.4,2436.8,0.0,1903.0,0.0407,0.0685,battery,gas-cc,85.7,1.6,0.16,10.1,646.6,0.04,85.8,29.4,115.2,91.4,1.7,0.17,10.8,690.1,0.04,91.5,31.4,122.9,209.2,3.9,0.4,24.7,1577.7,0.09,209.4,71.8,281.2,451.3,8.5,0.85,53.3,3405.9,0.2,451.8,154.9,606.7,43.89,0.0,0.0,43.89,47.12,0.0,0.0,47.12,0.0,0.0,0.0,4536.7,196.9,3267.1,0.0,0.0,0.0,0.0,0.0,1072.7,0.0,0.0,0.0,0.0,0.0,0.0,0.0,196.9,0.0
2050-09-09 22:00:00,2050-09-09 20:00:00,2474.7,0.0,0.0,16.4,2491.1,2377.8,2305.6,0.0,2007.3,0.0392,0.0647,battery,gas-cc,86.4,1.6,0.16,10.2,652.2,0.04,86.5,29.7,116.2,92.1,1.7,0.17,10.9,694.8,0.04,92.2,31.6,123.8,199.3,3.8,0.38,23.5,1502.8,0.09,199.5,68.3,267.8,455.3,8.6,0.86,53.8,3435.4,0.2,455.7,156.2,611.9,43.89,0.0,0.0,43.89,46.93,0.0,0.0,46.93,0.0,0.0,0.0,4498.4,185.5,3240.1,0.0,0.0,0.0,0.0,0.0,1072.7,0.0,0.0,0.0,0.0,0.0,0.0,0.0,185.5,0.0
2050-09-09 23:00:00,2050-09-09 21:00:00,2316.8,0.0,0.0,12.1,2329.0,2229.8,2124.7,0.0,1734.1,0.0376,0.0606,battery,gas-cc,95.7,1.8,0.18,11.3,722.0,0.04,95.8,32.8,128.6,101.4,1.9,0.19,12.0,765.5,0.04,101.5,34.8,136.4,195.7,3.7,0.37,23.1,1475.8,0.09,195.9,67.1,263.0,453.2,8.5,0.85,53.5,3420.3,0.2,453.7,155.5,609.3,43.89,0.0,0.0,43.89,46.72,0.0,0.0,46.72,0.0,0.0,0.0,4063.0,204.2,2786.1,0.0,0.0,0.0,0.0,0.0,1072.7,0.0,0.0,0.0,0.0,0.0,0.0,0.0,204.2,0.0
2050-09-10 00:00:00,2050-09-09 22:00:00,2198.9,0.0,0.0,21.8,2220.8,2118.9,2005.5,0.0,1729.3,0.0364,0.0575,gas-cc,gas-cc,98.4,1.9,0.19,11.6,742.7,0.04,98.5,33.8,132.3,104.1,2.0,0.2,12.3,785.7,0.05,104.2,35.7,140.0,164.4,3.1,0.31,19.4,1239.4,0.07,164.6,56.4,220.9,373.3,7.0,0.7,44.1,2816.6,0.16,373.7,128.1,501.7,49.05,0.0,0.0,49.05,52.04,0.0,0.0,52.04,0.0,0.0,0.0,3950.0,215.3,2662.0,0.0,0.0,0.0,0.0,0.0,1072.7,0.0,0.0,0.0,0.0,0.0,0.0,0.0,215.3,0.0
2050-09-10 01:00:00,2050-09-09 23:00:00,2054.7,0.0,0.0,13.9,2068.7,1982.7,1862.1,0.0,1837.3,0.0351,0.0537,battery,gas-cc,99.5,1.9,0.19,11.8,751.1,0.04,99.6,34.2,133.8,105.1,2.0,0.2,12.4,793.3,0.05,105.2,36.1,141.3,155.3,2.9,0.29,18.4,1171.0,0.07,155.5,53.3,208.8,535.5,10.1,1.01,63.3,4041.2,0.23,536.1,183.8,719.9,49.05,0.0,0.0,49.05,51.84,0.0,0.0,51.84,0.0,0.0,0.0,3906.0,206.6,2626.7,0.0,0.0,0.0,0.0,0.0,1072.7,0.0,0.0,0.0,0.0,0.0,0.0,0.0,206.6,0.0
2050-09-10 02:00:00,2050-09-10 00:00:00,1866.3,0.0,0.0,16.9,1883.2,1803.9,1651.1,0.0,2041.4,0.0334,0.0488,battery,gas-cc,99.1,1.9,0.19,11.7,747.5,0.04,99.2,34.0,133.2,104.4,2.0,0.2,12.3,788.1,0.05,104.6,35.8,140.4,153.1,2.9,0.29,18.1,1154.4,0.07,153.3,52.5,205.8,458.1,8.6,0.86,54.1,3456.6,0.2,458.5,157.2,615.7,47.02,0.0,0.0,47.02,49.43,0.0,0.0,49.43,0.0,0.0,0.0,3924.6,232.1,2619.7,0.0,0.0,0.0,0.0,0.0,1072.7,0.0,0.0,0.0,0.0,0.0,0.0,0.0,232.1,0.0
2050-09-10 03:00:00,2050-09-10 01:00:00,1742.1,0.0,0.0,8.2,1750.3,1685.6,1514.5,0.0,1265.8,0.0325,0.0456,battery,gas-ct,128.9,2.4,0.24,15.2,972.6,0.06,129.0,44.2,173.3,134.9,2.5,0.25,15.9,1017.8,0.06,135.0,46.3,181.3,152.2,2.9,0.29,18.0,1147.6,0.07,152.4,52.2,204.6,542.6,10.2,1.02,64.1,4094.7,0.24,543.2,186.2,729.4,45.99,0.0,0.0,45.99,48.18,0.0,0.0,48.18,0.0,0.0,0.0,3016.2,235.8,1707.6,0.0,0.0,0.0,0.0,0.0,1072.7,0.0,0.0,0.0,0.0,0.0,0.0,0.0,235.8,0.0
2050-09-10 04:00:00,2050-09-10 02:00:00,1642.1,0.0,0.0,1.9,1644.0,1590.0,1408.9,0.0,292.3,0.0317,0.0429,battery,gas-cc,200.8,3.8,0.38,23.7,1515.1,0.09,201.0,68.9,269.9,208.3,3.9,0.39,24.6,1571.9,0.09,208.5,71.5,280.0,152.1,2.9,0.29,18.0,1146.6,0.07,152.2,52.2,204.4,444.2,8.4,0.84,52.5,3351.7,0.19,444.6,152.4,597.0,44.41,0.0,0.0,44.41,46.4,0.0,0.0,46.4,0.0,0.0,0.0,1936.3,235.1,628.4,0.0,0.0,0.0,0.0,0.0,1072.7,0.0,0.0,0.0,0.0,0.0,0.0,0.0,235.1,0.0
2050-09-10 05:00:00,2050-09-10 03:00:00,1553.7,0.0,0.0,4.0,1557.7,1505.3,1342.4,257.5,0.0,0.0312,0.0406,battery,gas-ct,299.0,5.6,0.56,35.3,2256.3,0.13,299.3,102.6,401.9,257.6,4.9,0.49,30.4,1944.1,0.11,257.9,88.4,346.3,283.0,5.3,0.53,33.4,2135.5,0.12,283.4,97.1,380.5,539.8,10.2,1.02,63.8,4073.6,0.23,540.4,185.2,725.6,44.41,0.0,0.0,44.41,46.29,0.0,0.0,46.29,0.0,0.0,0.0,1300.2,215.3,12.1,0.0,0.0,0.0,0.0,0.0,1072.7,0.0,0.0,0.0,0.0,0.0,0.0,0.0,215.3,0.0
2050-09-10 06:00:00,2050-09-10 04:00:00,1510.5,0.0,0.0,3.6,1514.1,1463.8,1302.2,229.4,0.0,0.0309,0.0395,hydro,gas-cc,302.6,5.7,0.57,35.7,2283.7,0.13,302.9,103.8,406.8,265.0,5.0,0.5,31.3,1999.4,0.11,265.2,90.9,356.2,263.1,5.0,0.5,31.1,1984.6,0.11,263.3,90.2,353.6,412.5,7.8,0.78,48.7,3112.4,0.18,412.9,141.5,554.4,42.55,0.0,0.0,42.55,44.3,0.0,0.0,44.3,0.0,0.0,0.0,1284.6,211.9,0.0,0.0,0.0,0.0,0.0,0.0,1072.7,0.0,0.0,0.0,0.0,0.0,0.0,0.0,211.9,0.0
2050-09-10 07:00:00,2050-09-10 05:00:00,1484.2,0.0,0.0,2.3,1486.5,1438.5,1287.8,149.4,0.0,0.0308,0.0388,gas-cc,gas-cc,290.7,5.5,0.55,34.3,2193.9,0.13,291.0,99.8,390.8,270.0,5.1,0.51,31.9,2037.1,0.12,270.2,92.6,362.9,188.2,3.6,0.36,22.2,1419.4,0.08,188.4,64.6,253.0,444.4,8.4,0.84,52.5,3353.4,0.19,444.9,152.5,597.3,42.27,0.0,0.0,42.27,43.98,0.0,0.0,43.98,0.0,0.0,0.0,1337.2,198.8,65.7,0.0,0.0,0.0,0.0,0.0,1072.7,0.0,0.0,0.0,0.0,0.0,0.0,0.0,198.8,0.0
2050-09-10 08:00:00,2050-09-10 06:00:00,1458.9,2431.9,0.0,11.6,3902.4,1414.3,1168.4,1168.4,0.0,0.0306,0.0382,gas-cc,gas-cc,0.0,0.0,0.0,0.0,0.0,0.0,0.0,0.0,0.0,0.0,0.0,0.0,0.4,1.0,0.01,0.0,0.5,0.5,198.7,3.7,0.38,23.5,1498.8,0.09,198.9,68.2,267.1,383.4,7.2,0.72,45.3,2893.2,0.17,383.8,131.6,515.4,25.46,0.0,0.0,25.46,26.47,0.0,0.0,26.47,0.0,0.0,0.0,2734.1,2734.1,0.0,0.0,0.0,0.0,0.0,107.6,0.0,0.0,0.0,0.0,0.0,0.0,0.0,2442.7,183.7,0.0
2050-09-10 09:00:00,2050-09-10 07:00:00,1546.3,3436.1,0.0,0.0,4982.4,1498.2,0.0,0.0,0.0,0.0311,0.0404,upv,upv,0.0,0.0,0.0,0.0,0.0,0.0,0.0,0.0,0.0,0.0,0.0,0.0,0.0,0.0,0.0,0.0,0.0,0.0,149.6,2.8,0.28,17.7,1128.2,0.07,149.8,51.3,201.1,0.0,0.0,0.0,0.0,0.0,0.0,0.0,0.0,0.0,0.0,0.0,0.0,0.0,0.0,0.0,0.0,0.0,0.0,2901.9,2901.9,4982.4,4982.4,0.0,0.0,0.0,0.0,0.0,326.1,0.0,0.0,0.0,0.0,0.0,0.0,0.0,4497.4,159.0,0.0
2050-09-10 10:00:00,2050-09-10 08:00:00,1683.2,3762.7,0.0,0.0,5445.9,1629.3,0.0,0.0,0.0,0.032,0.044,upv,upv,0.0,0.0,0.0,0.0,0.0,0.0,0.0,0.0,0.0,0.0,0.0,0.0,0.0,0.0,0.0,0.0,0.0,0.0,140.0,2.6,0.26,16.5,1055.2,0.06,140.1,48.0,188.1,0.0,0.0,0.0,0.0,0.0,0.0,0.0,0.0,0.0,0.0,0.0,0.0,0.0,0.0,0.0,0.0,0.0,0.0,4087.6,4087.6,5445.9,5445.9,0.0,0.0,0.0,0.0,0.0,395.9,0.0,0.0,0.0,0.0,0.0,0.0,0.0,4895.0,155.0,0.0
2050-09-10 11:00:00,2050-09-10 09:00:00,1837.9,3791.8,0.0,0.0,5629.7,1776.9,-0.0,0.0,0.0,0.0332,0.0481,upv,upv,0.0,0.0,0.0,0.0,0.0,0.0,0.0,0.0,0.0,0.0,0.0,0.0,0.0,0.0,0.0,0.0,0.0,0.0,140.1,2.6,0.27,16.6,1056.5,0.06,140.3,48.1,188.3,0.0,0.0,0.0,0.0,0.0,0.0,0.0,0.0,0.0,0.0,0.0,0.0,0.0,0.0,0.0,0.0,0.0,0.0,4344.7,4344.7,5629.7,5629.7,0.0,0.0,0.0,0.0,0.0,415.0,0.0,0.0,0.0,0.0,0.0,0.0,0.0,5077.2,137.5,0.0
2050-09-10 12:00:00,2050-09-10 10:00:00,2003.2,3824.8,0.0,0.0,5827.9,1933.8,0.0,0.0,0.0,0.0346,0.0524,upv,upv,0.0,0.0,0.0,0.0,0.0,0.0,0.0,0.0,0.0,0.0,0.0,0.0,0.0,0.0,0.0,0.0,0.0,0.0,141.6,2.7,0.27,16.7,1067.7,0.06,141.8,48.6,190.3,0.0,0.0,0.0,0.0,0.0,0.0,0.0,0.0,0.0,0.0,0.0,0.0,0.0,0.0,0.0,0.0,0.0,0.0,3258.8,3258.8,5827.9,5827.9,0.0,0.0,0.0,0.0,0.0,379.3,0.0,0.0,0.0,0.0,0.0,0.0,0.0,5348.9,99.7,0.0
2050-09-10 13:00:00,2050-09-10 11:00:00,2175.8,3791.8,0.0,0.0,5967.6,2097.0,0.0,0.0,0.0,0.0362,0.0569,upv,upv,0.0,0.0,0.0,0.0,0.0,0.0,0.0,0.0,0.0,0.0,0.0,0.0,0.0,0.0,0.0,0.0,0.0,0.0,140.6,2.7,0.27,16.6,1059.7,0.06,140.7,48.2,188.9,0.0,0.0,0.0,0.0,0.0,0.0,0.0,0.0,0.0,0.0,0.0,0.0,0.0,0.0,0.0,0.0,0.0,0.0,2453.1,2453.1,5967.6,5967.6,0.0,0.0,0.0,0.0,0.0,353.1,0.0,0.0,0.0,0.0,0.0,0.0,0.0,5560.1,54.4,0.0
2050-09-10 14:00:00,2050-09-10 12:00:00,2302.1,3045.5,0.0,0.0,5347.6,2215.9,0.0,0.0,0.0,0.0374,0.0602,upv,upv,0.0,0.0,0.0,0.0,0.0,0.0,0.0,0.0,0.0,0.0,0.0,0.0,0.0,0.0,0.0,0.0,0.0,0.0,140.9,2.7,0.27,16.6,1062.2,0.06,141.1,48.3,189.4,0.0,0.0,0.0,0.0,0.0,0.0,0.0,0.0,0.0,0.0,0.0,0.0,0.0,0.0,0.0,0.0,0.0,0.0,2617.7,2617.7,5347.6,5347.6,0.0,0.0,0.0,0.0,0.0,334.9,0.0,0.0,0.0,0.0,0.0,0.0,0.0,4981.9,30.7,0.0
2050-09-10 15:00:00,2050-09-10 13:00:00,2402.1,3040.5,0.0,0.0,5442.6,2309.8,0.0,0.0,0.0,0.0384,0.0628,upv,upv,0.0,0.0,0.0,0.0,0.0,0.0,0.0,0.0,0.0,0.0,0.0,0.0,0.0,0.0,0.0,0.0,0.0,0.0,140.9,2.7,0.27,16.6,1062.2,0.06,141.0,48.3,189.4,0.0,0.0,0.0,0.0,0.0,0.0,0.0,0.0,0.0,0.0,0.0,0.0,0.0,0.0,0.0,0.0,0.0,0.0,803.5,803.5,5442.6,5442.6,0.0,0.0,0.0,0.0,0.0,262.5,0.0,0.0,0.0,0.0,0.0,0.0,0.0,5154.7,25.4,0.0
2050-09-10 16:00:00,2050-09-10 14:00:00,2482.1,2431.9,0.0,3.9,4917.9,2384.7,606.8,606.8,0.0,0.0392,0.0649,upv,upv,0.0,0.0,0.0,0.0,0.0,0.0,0.0,0.0,0.0,0.0,0.0,0.0,0.2,0.4,0.0,0.0,0.2,0.2,141.0,2.7,0.27,16.7,1063.1,0.06,141.2,48.4,189.5,0.0,0.0,0.0,0.0,0.0,0.0,0.0,0.0,0.0,0.02,0.0,0.0,0.02,0.02,0.0,0.0,0.02,0.0,0.0,0.0,4311.1,4311.1,0.0,0.0,0.0,0.0,0.0,180.3,0.0,0.0,0.0,0.0,0.0,0.0,0.0,4090.6,40.3,0.0
2050-09-10 17:00:00,2050-09-10 15:00:00,2554.7,367.0,0.0,12.1,2933.8,2452.5,1243.2,1243.2,0.0,0.04,0.0668,battery,gas-cc,0.0,0.0,0.0,0.0,0.0,0.0,0.0,0.0,0.0,0.0,0.0,0.0,0.4,0.9,0.01,0.0,0.4,0.4,141.1,2.7,0.27,16.7,1063.9,0.06,141.3,48.4,189.7,349.9,6.6,0.66,41.3,2640.7,0.15,350.3,120.1,470.4,31.43,0.0,0.0,31.43,33.68,0.0,0.0,33.68,0.0,0.0,0.0,1690.6,1690.6,0.0,0.0,0.0,0.0,0.0,67.7,0.0,0.0,0.0,0.0,0.0,0.0,0.0,1536.4,86.5,0.0
2050-09-10 18:00:00,2050-09-10 16:00:00,2647.4,0.0,0.0,4.4,2651.8,2538.9,1514.2,285.7,0.0,0.041,0.0692,battery,gas-cc,164.3,3.1,0.31,19.4,1239.9,0.07,164.5,56.4,220.9,153.0,2.9,0.29,18.1,1154.9,0.07,153.2,52.5,205.7,141.5,2.7,0.27,16.7,1067.1,0.06,141.7,48.5,190.2,435.8,8.2,0.82,51.5,3288.7,0.19,436.3,149.5,585.8,37.01,0.0,0.0,37.01,39.76,0.0,0.0,39.76,0.0,0.0,0.0,2366.1,1137.6,155.7,0.0,0.0,0.0,0.0,45.5,1072.7,0.0,0.0,0.0,0.0,0.0,0.0,1032.3,59.8,0.0
2050-09-10 19:00:00,2050-09-10 17:00:00,2665.3,0.0,0.0,10.7,2675.9,2555.5,2320.6,0.0,1640.0,0.0412,0.0697,battery,gas-cc,90.1,1.7,0.17,10.6,679.7,0.04,90.2,30.9,121.1,95.9,1.8,0.18,11.3,723.8,0.04,96.0,32.9,128.9,151.6,2.9,0.29,17.9,1143.0,0.07,151.8,52.0,203.8,482.6,9.1,0.91,57.0,3641.4,0.21,483.1,165.6,648.6,37.01,0.0,0.0,37.01,39.78,0.0,0.0,39.78,0.0,0.0,0.0,4315.9,355.3,2887.8,0.0,0.0,0.0,0.0,13.5,1072.7,0.0,0.0,0.0,0.0,0.0,0.0,305.7,36.1,0.0
2050-09-10 20:00:00,2050-09-10 18:00:00,2633.7,0.0,0.0,8.9,2642.6,2526.1,2618.9,0.0,1376.2,0.0408,0.0689,battery,gas-cc,96.7,1.8,0.18,11.4,730.0,0.04,96.8,33.2,130.0,103.0,1.9,0.19,12.2,777.3,0.04,103.1,35.4,138.5,154.0,2.9,0.29,18.2,1161.0,0.07,154.2,52.8,207.0,482.1,9.1,0.91,57.0,3638.2,0.21,482.6,165.4,648.1,37.01,0.0,0.0,37.01,39.75,0.0,0.0,39.75,0.0,0.0,0.0,4018.9,23.8,2922.4,0.0,0.0,0.0,0.0,0.0,1072.7,0.0,0.0,0.0,0.0,0.0,0.0,0.0,23.8,0.0
2050-09-10 21:00:00,2050-09-10 19:00:00,2592.6,0.0,0.0,2.5,2595.1,2487.9,2581.0,0.0,380.6,0.0404,0.0678,battery,gas-cc,130.6,2.5,0.25,15.4,985.9,0.06,130.8,44.8,175.6,138.0,2.6,0.26,16.3,1041.5,0.06,138.2,47.4,185.5,161.6,3.0,0.31,19.1,1218.5,0.07,161.8,55.4,217.2,481.6,9.1,0.91,56.9,3634.0,0.21,482.1,165.2,647.3,37.01,0.0,0.0,37.01,39.7,0.0,0.0,39.7,0.0,0.0,0.0,2975.7,14.1,1888.8,0.0,0.0,0.0,0.0,0.0,1072.7,0.0,0.0,0.0,0.0,0.0,0.0,0.0,14.1,0.0
2050-09-10 22:00:00,2050-09-10 20:00:00,2448.4,0.0,0.0,3.8,2452.2,2353.2,2443.2,0.0,577.8,0.0389,0.064,battery,gas-cc,128.3,2.4,0.24,15.2,968.2,0.06,128.4,44.0,172.5,135.4,2.6,0.26,16.0,1021.7,0.06,135.5,46.5,182.0,152.2,2.9,0.29,18.0,1147.7,0.07,152.4,52.2,204.6,417.5,7.9,0.79,49.3,3150.3,0.18,417.9,143.2,561.2,37.01,0.0,0.0,37.01,39.54,0.0,0.0,39.54,0.0,0.0,0.0,3029.9,9.0,1948.2,0.0,0.0,0.0,0.0,0.0,1072.7,0.0,0.0,0.0,0.0,0.0,0.0,0.0,9.0,0.0
2050-09-10 23:00:00,2050-09-10 21:00:00,2236.8,0.0,0.0,5.2,2242.1,2154.6,2239.8,0.0,805.8,0.0368,0.0585,battery,gas-cc,127.6,2.4,0.24,15.1,962.5,0.06,127.7,43.8,171.5,134.3,2.5,0.25,15.9,1013.7,0.06,134.5,46.1,180.6,165.4,3.1,0.31,19.5,1247.5,0.07,165.6,56.7,222.4,430.4,8.1,0.81,50.8,3248.2,0.19,430.9,147.7,578.6,37.01,0.0,0.0,37.01,39.31,0.0,0.0,39.31,0.0,0.0,0.0,3047.9,2.3,1972.8,0.0,0.0,0.0,0.0,0.0,1072.7,0.0,0.0,0.0,0.0,0.0,0.0,0.0,2.3,0.0
2050-09-11 00:00:00,2050-09-10 22:00:00,2062.1,0.0,0.0,18.3,2080.4,1989.6,2078.1,0.0,2135.5,0.0351,0.0539,battery,gas-cc,92.2,1.7,0.17,10.9,695.8,0.04,92.3,31.6,124.0,97.8,1.8,0.18,11.6,737.7,0.04,97.9,33.6,131.4,152.2,2.9,0.29,18.0,1147.1,0.07,152.3,52.2,204.5,383.1,7.2,0.72,45.3,2890.6,0.17,383.5,131.4,514.9,33.36,0.0,0.0,33.36,35.26,0.0,0.0,35.26,0.0,0.0,0.0,4216.0,2.4,3140.9,0.0,0.0,0.0,0.0,0.0,1072.7,0.0,0.0,0.0,0.0,0.0,0.0,0.0,2.4,0.0
2050-09-11 01:00:00,2050-09-10 23:00:00,1871.6,0.0,0.0,16.0,1887.6,1808.9,1886.1,0.0,1983.2,0.0335,0.0489,battery,gas-cc,100.4,1.9,0.19,11.9,757.9,0.04,100.5,34.5,135.0,106.0,2.0,0.2,12.5,800.1,0.05,106.1,36.4,142.5,150.9,2.8,0.29,17.8,1137.6,0.07,151.1,51.7,202.8,381.0,7.2,0.72,45.0,2875.5,0.17,381.5,130.7,512.2,33.36,0.0,0.0,33.36,35.07,0.0,0.0,35.07,0.0,0.0,0.0,3870.8,1.4,2796.6,0.0,0.0,0.0,0.0,0.0,1072.7,0.0,0.0,0.0,0.0,0.0,0.0,0.0,1.4,0.0
2050-09-11 02:00:00,2050-09-11 00:00:00,1672.6,0.0,0.0,10.6,1683.3,1619.2,1681.8,0.0,1636.0,0.032,0.0437,battery,gas-cc,117.1,2.2,0.22,13.8,883.8,0.05,117.2,40.2,157.4,123.0,2.3,0.23,14.5,927.9,0.05,123.1,42.2,165.3,150.3,2.8,0.28,17.8,1133.3,0.07,150.5,51.5,202.0,379.0,7.1,0.71,44.8,2859.8,0.16,379.4,130.0,509.4,33.36,0.0,0.0,33.36,34.88,0.0,0.0,34.88,0.0,0.0,0.0,3319.2,1.5,2245.1,0.0,0.0,0.0,0.0,0.0,1072.7,0.0,0.0,0.0,0.0,0.0,0.0,0.0,1.5,0.0
2050-09-11 03:00:00,2050-09-11 01:00:00,1590.5,0.0,0.0,7.5,1598.1,1540.6,1595.9,0.0,1160.8,0.0314,0.0416,battery,gas-cc,140.9,2.7,0.27,16.6,1063.3,0.06,141.1,48.3,189.4,147.3,2.8,0.28,17.4,1111.3,0.06,147.4,50.5,198.0,147.8,2.8,0.28,17.5,1114.1,0.06,147.9,50.7,198.6,378.1,7.1,0.71,44.7,2853.4,0.16,378.5,129.7,508.3,33.36,0.0,0.0,33.36,34.8,0.0,0.0,34.8,0.0,0.0,0.0,2758.9,2.2,1684.0,0.0,0.0,0.0,0.0,0.0,1072.7,0.0,0.0,0.0,0.0,0.0,0.0,0.0,2.2,0.0
2050-09-11 04:00:00,2050-09-11 02:00:00,1528.4,0.0,0.0,3.6,1532.1,1481.0,1529.4,0.0,560.3,0.031,0.04,gas-cc,gas-cc,180.3,3.4,0.34,21.3,1360.7,0.08,180.5,61.9,242.4,187.5,3.5,0.35,22.2,1415.3,0.08,187.7,64.4,252.1,151.5,2.9,0.29,17.9,1142.0,0.07,151.6,51.9,203.6,377.5,7.1,0.71,44.6,2848.6,0.16,377.9,129.5,507.4,33.36,0.0,0.0,33.36,34.74,0.0,0.0,34.74,0.0,0.0,0.0,2092.3,2.7,1048.6,0.0,0.0,0.0,0.0,0.0,1041.0,0.0,0.0,0.0,0.0,0.0,0.0,0.0,2.7,0.0
2050-09-11 05:00:00,2050-09-11 03:00:00,1482.1,0.0,0.0,0.2,1482.3,1436.5,1479.0,0.0,31.9,0.0308,0.0388,gas-cc,gas-cc,100.3,1.9,0.19,11.8,756.7,0.04,100.4,34.4,134.8,105.6,2.0,0.2,12.5,796.6,0.05,105.7,36.2,141.9,168.3,3.2,0.32,19.9,1269.5,0.07,168.5,57.7,226.3,377.0,7.1,0.71,44.5,2845.0,0.16,377.4,129.4,506.8,33.36,0.0,0.0,33.36,34.7,0.0,0.0,34.7,0.0,0.0,0.0,1514.3,3.4,1091.9,0.0,0.0,0.0,0.0,0.0,419.0,0.0,0.0,0.0,0.0,0.0,0.0,0.0,3.4,0.0
2050-09-11 06:00:00,2050-09-11 04:00:00,1474.7,0.0,0.0,3.1,1477.8,1429.4,1475.3,0.0,470.7,0.0307,0.0386,battery,gas-cc,199.5,3.8,0.38,23.6,1505.6,0.09,199.7,68.5,268.2,207.1,3.9,0.39,24.5,1563.2,0.09,207.4,71.1,278.5,151.0,2.8,0.29,17.8,1138.3,0.07,151.2,51.8,202.9,376.9,7.1,0.71,44.5,2844.4,0.16,377.3,129.3,506.7,33.36,0.0,0.0,33.36,34.69,0.0,0.0,34.69,0.0,0.0,0.0,1948.5,2.5,873.3,0.0,0.0,0.0,0.0,0.0,1072.7,0.0,0.0,0.0,0.0,0.0,0.0,0.0,2.5,0.0
2050-09-11 07:00:00,2050-09-11 05:00:00,1528.4,0.0,0.0,0.0,1528.4,1481.0,1524.4,0.0,0.0,0.031,0.04,gas-cc,gas-cc,176.7,3.3,0.33,20.9,1333.2,0.08,176.9,60.6,237.5,183.8,3.5,0.35,21.7,1387.1,0.08,184.0,63.1,247.1,156.5,3.0,0.3,18.5,1180.2,0.07,156.7,53.7,210.4,377.5,7.1,0.71,44.6,2848.6,0.16,377.9,129.5,507.4,33.36,0.0,0.0,33.36,34.74,0.0,0.0,34.74,0.0,0.0,0.0,1528.4,4.0,779.3,0.0,0.0,0.0,0.0,0.0,745.1,0.0,0.0,0.0,0.0,0.0,0.0,0.0,4.0,0.0
2050-09-11 08:00:00,2050-09-11 06:00:00,1633.7,745.2,0.0,9.7,2388.6,1581.9,869.3,869.3,0.0,0.0317,0.0427,gas-cc,gas-cc,0.0,0.0,0.0,0.0,0.0,0.0,0.0,0.0,0.0,0.0,0.0,0.0,0.4,0.9,0.01,0.0,0.4,0.4,178.9,3.4,0.34,21.1,1349.5,0.08,179.1,61.4,240.5,367.5,6.9,0.69,43.4,2773.1,0.16,367.9,126.1,494.0,26.94,0.0,0.0,26.94,28.14,0.0,0.0,28.14,0.0,0.0,0.0,1519.3,1519.3,0.0,0.0,0.0,0.0,0.0,64.0,0.0,0.0,0.0,0.0,0.0,0.0,0.0,1451.6,3.8,0.0
2050-09-11 09:00:00,2050-09-11 07:00:00,1778.9,2431.9,0.0,16.7,4227.5,1720.7,-1057.6,445.3,1502.9,0.0327,0.0465,battery,upv,0.0,0.0,0.0,0.0,0.0,0.0,0.0,0.0,0.0,0.0,0.0,0.0,0.0,0.0,0.0,0.0,0.0,0.0,140.1,2.6,0.27,16.5,1056.0,0.06,140.2,48.0,188.3,0.0,0.0,0.0,0.0,0.0,0.0,0.0,0.0,0.0,0.07,0.0,0.0,0.07,0.07,0.0,0.0,0.07,0.0,0.0,0.0,5285.1,5285.1,0.0,0.0,0.0,0.0,0.0,223.0,0.0,0.0,0.0,0.0,0.0,0.0,0.0,5059.9,2.2,0.0
2050-09-11 10:00:00,2050-09-11 08:00:00,1964.2,3298.4,0.0,21.4,5284.1,1896.9,-2335.0,0.0,2335.0,0.0343,0.0514,upv,upv,0.0,0.0,0.0,0.0,0.0,0.0,0.0,0.0,0.0,0.0,0.0,0.0,0.0,0.0,0.0,0.0,0.0,0.0,140.3,2.6,0.27,16.6,1057.6,0.06,140.4,48.1,188.5,0.0,0.0,0.0,0.0,0.0,0.0,0.0,0.0,0.0,0.03,0.0,0.0,0.03,0.03,0.0,0.0,0.03,0.0,0.0,0.0,7619.1,7619.1,0.0,0.0,0.0,0.0,0.0,321.6,0.0,0.0,0.0,0.0,0.0,0.0,0.0,7295.9,1.7,0.0
2050-09-11 11:00:00,2050-09-11 09:00:00,2069.5,4019.6,0.0,22.3,6111.3,1996.6,-2390.8,0.0,2390.8,0.0352,0.0541,battery,upv,0.0,0.0,0.0,0.0,0.0,0.0,0.0,0.0,0.0,0.0,0.0,0.0,0.0,0.0,0.0,0.0,0.0,0.0,140.4,2.7,0.27,16.6,1058.7,0.06,140.6,48.2,188.7,0.0,0.0,0.0,0.0,0.0,0.0,0.0,0.0,0.0,0.03,0.0,0.0,0.03,0.03,0.0,0.0,0.03,0.0,0.0,0.0,8502.1,8502.1,0.0,0.0,0.0,0.0,0.0,358.7,0.0,0.0,0.0,0.0,0.0,0.0,0.0,8142.4,1.0,0.0
2050-09-11 12:00:00,2050-09-11 10:00:00,2167.4,4019.6,0.0,24.9,6211.9,2089.1,-2560.0,0.0,2560.0,0.0361,0.0567,upv,upv,0.0,0.0,0.0,0.0,0.0,0.0,0.0,0.0,0.0,0.0,0.0,0.0,0.0,0.0,0.0,0.0,0.0,0.0,140.6,2.7,0.27,16.6,1059.7,0.06,140.7,48.2,188.9,0.0,0.0,0.0,0.0,0.0,0.0,0.0,0.0,0.0,0.03,0.0,0.0,0.03,0.03,0.0,0.0,0.03,0.0,0.0,0.0,8771.9,8771.9,0.0,0.0,0.0,0.0,0.0,370.3,0.0,0.0,0.0,0.0,0.0,0.0,0.0,8400.9,0.7,0.0
2050-09-11 13:00:00,2050-09-11 11:00:00,2240.0,4019.6,0.0,23.7,6283.3,2157.5,-2483.0,0.0,2483.0,0.0368,0.0586,phs,upv,0.0,0.0,0.0,0.0,0.0,0.0,0.0,0.0,0.0,0.0,0.0,0.0,0.0,0.0,0.0,0.0,0.0,0.0,140.7,2.7,0.27,16.6,1060.4,0.06,140.8,48.2,189.0,0.0,0.0,0.0,0.0,0.0,0.0,0.0,0.0,0.0,0.03,0.0,0.0,0.03,0.03,0.0,0.0,0.03,0.0,0.0,0.0,8766.3,8766.3,0.0,0.0,0.0,0.0,0.0,369.9,0.0,0.0,0.0,0.0,0.0,0.0,0.0,8394.4,1.9,0.0
2050-09-11 14:00:00,2050-09-11 12:00:00,2355.8,3986.6,0.0,18.3,6360.7,2266.4,-2131.6,0.0,2131.6,0.038,0.0616,phs,upv,0.0,0.0,0.0,0.0,0.0,0.0,0.0,0.0,0.0,0.0,0.0,0.0,0.0,0.0,0.0,0.0,0.0,0.0,140.8,2.7,0.27,16.6,1061.7,0.06,141.0,48.3,189.3,0.0,0.0,0.0,0.0,0.0,0.0,0.0,0.0,0.0,0.03,0.0,0.0,0.03,0.03,0.0,0.0,0.03,0.0,0.0,0.0,8492.3,8492.3,0.0,0.0,0.0,0.0,0.0,357.3,0.0,0.0,0.0,0.0,0.0,0.0,0.0,8110.1,24.9,0.0
2050-09-11 15:00:00,2050-09-11 13:00:00,2441.1,2917.5,0.0,13.5,5372.1,2346.3,-1825.1,0.0,1825.1,0.0388,0.0638,phs,upv,0.0,0.0,0.0,0.0,0.0,0.0,0.0,0.0,0.0,0.0,0.0,0.0,0.0,0.0,0.0,0.0,0.0,0.0,141.0,2.7,0.27,16.7,1062.6,0.06,141.1,48.3,189.4,0.0,0.0,0.0,0.0,0.0,0.0,0.0,0.0,0.0,0.03,0.0,0.0,0.03,0.03,0.0,0.0,0.03,0.0,0.0,0.0,7197.2,7197.2,0.0,0.0,0.0,0.0,0.0,302.1,0.0,0.0,0.0,0.0,0.0,0.0,0.0,6856.4,38.7,0.0
2050-09-11 16:00:00,2050-09-11 14:00:00,2546.3,2431.9,0.0,7.4,4985.6,2444.7,-1139.2,0.0,1139.2,0.0399,0.0666,battery,upv,0.0,0.0,0.0,0.0,0.0,0.0,0.0,0.0,0.0,0.0,0.0,0.0,0.0,0.0,0.0,0.0,0.0,0.0,141.1,2.7,0.27,16.7,1063.8,0.06,141.3,48.4,189.7,0.0,0.0,0.0,0.0,0.0,0.0,0.0,0.0,0.0,0.07,0.0,0.0,0.07,0.07,0.0,0.0,0.07,0.0,0.0,0.0,6124.8,6124.8,0.0,0.0,0.0,0.0,0.0,257.9,0.0,0.0,0.0,0.0,0.0,0.0,0.0,5851.6,15.4,0.0
2050-09-11 17:00:00,2050-09-11 15:00:00,2642.1,2431.9,0.0,1.0,5075.0,2534.0,-157.1,0.0,157.1,0.0409,0.0691,upv,upv,0.0,0.0,0.0,0.0,0.0,0.0,0.0,0.0,0.0,0.0,0.0,0.0,0.0,0.0,0.0,0.0,0.0,0.0,141.3,2.7,0.27,16.7,1065.0,0.06,141.4,48.4,189.9,0.0,0.0,0.0,0.0,0.0,0.0,0.0,0.0,0.0,0.07,0.0,0.0,0.07,0.07,0.0,0.0,0.07,0.0,0.0,0.0,5232.1,5232.1,0.0,0.0,0.0,0.0,0.0,219.2,0.0,0.0,0.0,0.0,0.0,0.0,0.0,4975.9,36.9,0.0
2050-09-11 18:00:00,2050-09-11 16:00:00,2704.2,864.2,0.0,12.1,3580.5,2591.7,1243.2,1243.2,0.0,0.0416,0.0707,battery,gas-cc,0.0,0.0,0.0,0.0,0.0,0.0,0.0,0.0,0.0,0.0,0.0,0.0,0.3,0.8,0.01,0.0,0.3,0.3,158.4,3.0,0.3,18.7,1194.0,0.07,158.5,54.3,212.8,357.1,6.7,0.67,42.2,2695.1,0.15,357.5,122.5,480.1,26.94,0.0,0.0,26.94,28.99,0.0,0.0,28.99,0.0,0.0,0.0,2337.4,2337.4,0.0,0.0,0.0,0.0,0.0,98.0,0.0,0.0,0.0,0.0,0.0,0.0,0.0,2224.6,14.8,0.0
2050-09-11 19:00:00,2050-09-11 17:00:00,2768.4,0.0,0.0,10.7,2779.1,2651.3,2470.3,0.0,1640.0,0.0423,0.0724,gas-cc,gas-cc,57.8,1.1,0.11,6.8,435.8,0.03,57.8,19.8,77.6,62.6,1.2,0.12,7.4,472.3,0.03,62.6,21.5,84.1,162.9,3.1,0.31,19.3,1228.6,0.07,163.1,55.9,219.0,390.7,7.4,0.74,46.2,2948.2,0.17,391.1,134.1,525.2,33.36,0.0,0.0,33.36,35.96,0.0,0.0,35.96,0.0,0.0,0.0,4419.0,308.8,3406.0,0.0,0.0,0.0,0.0,11.0,704.3,0.0,0.0,0.0,0.0,0.0,0.0,248.8,49.0,0.0
2050-09-11 20:00:00,2050-09-11 18:00:00,2802.1,0.0,0.0,4.5,2806.6,2682.6,2729.2,0.0,697.5,0.0427,0.0733,battery,gas-cc,0.0,0.0,0.0,0.0,0.0,0.0,0.0,0.0,0.0,2.9,0.1,0.01,0.4,21.8,0.0,2.9,1.0,3.9,208.6,3.9,0.39,24.6,1573.5,0.09,208.8,71.6,280.4,391.1,7.4,0.74,46.2,2951.0,0.17,391.5,134.2,525.7,33.36,0.0,0.0,33.36,35.99,0.0,0.0,35.99,0.0,0.0,0.0,3504.2,77.4,3426.7,0.0,0.0,0.0,0.0,0.0,0.0,0.0,0.0,0.0,0.0,0.0,0.0,0.0,77.4,0.0
2050-09-11 21:00:00,2050-09-11 19:00:00,2783.2,0.0,0.0,10.7,2793.8,2665.0,2747.2,0.0,1640.0,0.0424,0.0728,battery,gas-cc,67.1,1.3,0.13,7.9,506.3,0.03,67.2,23.0,90.2,72.4,1.4,0.14,8.6,546.7,0.03,72.5,24.9,97.4,158.0,3.0,0.3,18.7,1191.3,0.07,158.2,54.2,212.4,390.8,7.4,0.74,46.2,2949.4,0.17,391.3,134.1,525.4,33.36,0.0,0.0,33.36,35.97,0.0,0.0,35.97,0.0,0.0,0.0,4433.8,46.6,3566.4,0.0,0.0,0.0,0.0,0.0,820.8,0.0,0.0,0.0,0.0,0.0,0.0,0.0,46.6,0.0
2050-09-11 22:00:00,2050-09-11 20:00:00,2644.2,0.0,0.0,2.5,2646.7,2535.9,2637.7,0.0,378.7,0.041,0.0691,battery,gas-cc,0.0,0.0,0.0,0.0,0.0,0.0,0.0,0.0,0.0,2.9,0.1,0.01,0.4,22.2,0.0,2.9,1.0,4.0,226.3,4.3,0.43,26.7,1707.2,0.1,226.5,77.6,304.2,389.3,7.3,0.73,46.0,2937.9,0.17,389.7,133.6,523.3,33.36,0.0,0.0,33.36,35.83,0.0,0.0,35.83,0.0,0.0,0.0,3025.4,9.0,3016.4,0.0,0.0,0.0,0.0,0.0,0.0,0.0,0.0,0.0,0.0,0.0,0.0,0.0,9.0,0.0
2050-09-11 23:00:00,2050-09-11 21:00:00,2448.4,0.0,0.0,6.2,2454.6,2353.2,2448.5,0.0,957.6,0.0389,0.064,battery,gas-cc,0.0,0.0,0.0,0.0,0.0,0.0,0.0,0.0,0.0,2.9,0.1,0.01,0.4,22.2,0.0,2.9,1.0,4.0,173.5,3.3,0.33,20.5,1308.0,0.08,173.6,59.5,233.1,387.2,7.3,0.73,45.7,2921.8,0.17,387.6,132.9,520.5,33.36,0.0,0.0,33.36,35.64,0.0,0.0,35.64,0.0,0.0,0.0,3412.2,6.2,3406.0,0.0,0.0,0.0,0.0,0.0,0.0,0.0,0.0,0.0,0.0,0.0,0.0,0.0,6.2,0.0
2050-09-12 00:00:00,2050-09-11 22:00:00,2224.2,0.0,0.0,10.1,2234.3,2142.7,2218.3,0.0,1557.9,0.0367,0.0582,battery,gas-cc,102.5,1.9,0.19,12.1,773.6,0.04,102.6,35.2,137.8,108.5,2.0,0.2,12.8,818.9,0.05,108.6,37.2,145.9,150.2,2.8,0.28,17.7,1132.0,0.07,150.3,51.5,201.8,384.8,7.3,0.73,45.5,2903.6,0.17,385.2,132.0,517.2,33.36,0.0,0.0,33.36,35.42,0.0,0.0,35.42,0.0,0.0,0.0,3792.3,16.0,2703.5,0.0,0.0,0.0,0.0,0.0,1072.7,0.0,0.0,0.0,0.0,0.0,0.0,0.0,16.0,0.0
2050-09-12 01:00:00,2050-09-11 23:00:00,1982.1,0.0,0.0,8.1,1990.2,1913.9,1965.3,0.0,1246.2,0.0344,0.0518,battery,gas-cc,120.1,2.3,0.23,14.2,906.5,0.05,120.3,41.2,161.5,126.3,2.4,0.24,14.9,953.4,0.06,126.5,43.4,169.8,150.1,2.8,0.28,17.7,1131.7,0.07,150.3,51.5,201.7,382.2,7.2,0.72,45.2,2884.2,0.17,382.6,131.1,513.8,33.36,0.0,0.0,33.36,35.18,0.0,0.0,35.18,0.0,0.0,0.0,3236.4,24.9,2138.8,0.0,0.0,0.0,0.0,0.0,1072.7,0.0,0.0,0.0,0.0,0.0,0.0,0.0,24.9,0.0
2050-09-12 02:00:00,2050-09-12 00:00:00,1754.7,0.0,0.0,10.3,1765.0,1697.6,1716.0,0.0,1581.0,0.0326,0.0459,battery,gas-cc,116.2,2.2,0.22,13.7,876.8,0.05,116.3,39.9,156.2,122.0,2.3,0.23,14.4,920.9,0.05,122.2,41.9,164.1,150.3,2.8,0.28,17.8,1133.4,0.07,150.5,51.6,202.1,379.8,7.2,0.72,44.9,2866.3,0.16,380.2,130.3,510.6,33.36,0.0,0.0,33.36,34.96,0.0,0.0,34.96,0.0,0.0,0.0,3346.1,49.0,2224.3,0.0,0.0,0.0,0.0,0.0,1072.7,0.0,0.0,0.0,0.0,0.0,0.0,0.0,49.0,0.0
2050-09-12 03:00:00,2050-09-12 01:00:00,1572.6,0.0,0.0,2.9,1575.5,1523.4,1543.8,0.0,446.3,0.0313,0.0411,battery,gas-cc,192.3,3.6,0.36,22.7,1451.0,0.08,192.5,66.0,258.5,199.8,3.8,0.38,23.6,1507.8,0.09,200.0,68.6,268.6,150.3,2.8,0.28,17.8,1132.8,0.07,150.4,51.5,201.9,377.9,7.1,0.71,44.6,2852.0,0.16,378.3,129.7,508.0,33.36,0.0,0.0,33.36,34.79,0.0,0.0,34.79,0.0,0.0,0.0,2021.9,31.7,917.4,0.0,0.0,0.0,0.0,0.0,1072.7,0.0,0.0,0.0,0.0,0.0,0.0,0.0,31.7,0.0
2050-09-12 04:00:00,2050-09-12 02:00:00,1471.6,0.0,0.0,0.0,1471.6,1426.4,1443.8,0.0,0.0,0.0307,0.0385,battery,gas-cc,264.2,5.0,0.5,31.2,1993.5,0.11,264.5,90.6,355.1,273.3,5.2,0.52,32.3,2062.2,0.12,273.6,93.8,367.4,146.5,2.8,0.28,17.3,1104.4,0.06,146.7,50.2,196.9,376.9,7.1,0.71,44.5,2844.2,0.16,377.3,129.3,506.6,33.36,0.0,0.0,33.36,34.69,0.0,0.0,34.69,0.0,0.0,0.0,1471.6,27.8,371.0,0.0,0.0,0.0,0.0,0.0,1072.7,0.0,0.0,0.0,0.0,0.0,0.0,0.0,27.8,0.0
2050-09-12 05:00:00,2050-09-12 03:00:00,1432.6,0.0,0.0,0.0,1432.6,1388.9,1419.2,0.0,0.0,0.0305,0.0375,battery,gas-cc,271.4,5.1,0.51,32.1,2047.7,0.12,271.7,93.1,364.8,280.6,5.3,0.53,33.2,2117.5,0.12,280.9,96.3,377.2,197.3,3.7,0.37,23.3,1487.9,0.09,197.5,67.7,265.2,376.5,7.1,0.71,44.5,2841.2,0.16,376.9,129.2,506.1,33.36,0.0,0.0,33.36,34.65,0.0,0.0,34.65,0.0,0.0,0.0,1432.6,13.5,346.4,0.0,0.0,0.0,0.0,0.0,1072.7,0.0,0.0,0.0,0.0,0.0,0.0,0.0,13.5,0.0
2050-09-12 06:00:00,2050-09-12 04:00:00,1428.4,0.0,0.0,0.0,1428.4,1384.9,1423.8,0.0,0.0,0.0305,0.0374,battery,gas-cc,272.2,5.1,0.51,32.2,2053.8,0.12,272.5,93.4,365.8,281.4,5.3,0.53,33.3,2123.8,0.12,281.7,96.6,378.3,160.6,3.0,0.3,19.0,1210.6,0.07,160.7,55.1,215.8,376.5,7.1,0.71,44.5,2840.9,0.16,376.9,129.2,506.0,33.36,0.0,0.0,33.36,34.65,0.0,0.0,34.65,0.0,0.0,0.0,1428.4,4.6,351.1,0.0,0.0,0.0,0.0,0.0,1072.7,0.0,0.0,0.0,0.0,0.0,0.0,0.0,4.6,0.0
2050-09-12 07:00:00,2050-09-12 05:00:00,1484.2,0.0,0.0,0.0,1484.2,1438.5,1482.8,0.0,0.0,0.0308,0.0388,battery,gas-cc,261.9,4.9,0.49,30.9,1976.6,0.11,262.2,89.9,352.1,271.1,5.1,0.51,32.0,2045.4,0.12,271.3,93.0,364.4,166.7,3.1,0.32,19.7,1256.8,0.07,166.9,57.2,224.0,377.0,7.1,0.71,44.5,2845.2,0.16,377.4,129.4,506.8,33.36,0.0,0.0,33.36,34.7,0.0,0.0,34.7,0.0,0.0,0.0,1484.2,1.4,410.0,0.0,0.0,0.0,0.0,0.0,1072.7,0.0,0.0,0.0,0.0,0.0,0.0,0.0,1.4,0.0
2050-09-12 08:00:00,2050-09-12 06:00:00,1577.9,0.0,0.0,2.6,1580.5,1528.5,1111.9,169.5,0.0,0.0313,0.0413,gas-cc,gas-cc,225.8,4.3,0.43,26.7,1704.0,0.1,226.1,77.5,303.5,208.2,3.9,0.39,24.6,1571.4,0.09,208.5,71.5,279.9,160.1,3.0,0.3,18.9,1207.1,0.07,160.3,54.9,215.2,378.0,7.1,0.71,44.7,2852.4,0.16,378.4,129.7,508.1,33.36,0.0,0.0,33.36,34.79,0.0,0.0,34.79,0.0,0.0,0.0,1411.1,468.6,63.2,0.0,0.0,0.0,0.0,19.7,879.2,0.0,0.0,0.0,0.0,0.0,0.0,447.5,1.4,0.0
2050-09-12 09:00:00,2050-09-12 07:00:00,1718.9,0.0,0.0,0.6,1719.5,1663.5,36.1,36.1,0.0,0.0323,0.045,battery,gas-cc,0.0,0.0,0.0,0.0,0.0,0.0,0.0,0.0,0.0,0.0,0.0,0.0,0.0,0.0,0.0,0.0,0.0,0.0,141.5,2.7,0.27,16.7,1066.6,0.06,141.6,48.5,190.1,347.5,6.5,0.65,41.1,2622.4,0.15,347.9,119.2,467.1,28.65,0.0,0.0,28.65,29.99,0.0,0.0,29.99,0.0,0.0,0.0,1683.4,1683.4,0.0,0.0,0.0,0.0,0.0,71.0,0.0,0.0,0.0,0.0,0.0,0.0,0.0,1612.3,0.0,0.0
2050-09-12 10:00:00,2050-09-12 08:00:00,1848.4,543.3,0.0,6.9,2398.7,1786.9,445.3,445.3,0.0,0.0333,0.0483,battery,gas-cc,0.0,0.0,0.0,0.0,0.0,0.0,0.0,0.0,0.0,0.0,0.0,0.0,0.0,0.0,0.0,0.0,0.0,0.0,140.5,2.7,0.27,16.6,1059.2,0.06,140.6,48.2,188.8,361.1,6.8,0.68,42.7,2724.8,0.16,361.5,123.9,485.4,28.32,0.0,0.0,28.32,29.76,0.0,0.0,29.76,0.0,0.0,0.0,1953.3,1953.3,0.0,0.0,0.0,0.0,0.0,82.4,0.0,0.0,0.0,0.0,0.0,0.0,0.0,1870.8,0.1,0.0
2050-09-12 11:00:00,2050-09-12 09:00:00,1878.9,1309.9,0.0,6.9,3195.8,1815.9,445.3,445.3,0.0,0.0335,0.0491,battery,gas-cc,0.0,0.0,0.0,0.0,0.0,0.0,0.0,0.0,0.0,0.0,0.0,0.0,0.0,0.0,0.0,0.0,0.0,0.0,141.1,2.7,0.27,16.7,1063.9,0.06,141.3,48.4,189.7,361.4,6.8,0.68,42.7,2727.1,0.16,361.8,124.0,485.8,28.32,0.0,0.0,28.32,29.79,0.0,0.0,29.79,0.0,0.0,0.0,2750.5,2750.5,0.0,0.0,0.0,0.0,0.0,115.9,0.0,0.0,0.0,0.0,0.0,0.0,0.0,2631.7,2.8,0.0
2050-09-12 12:00:00,2050-09-12 10:00:00,1863.2,2272.1,0.0,6.9,4142.2,1800.9,445.3,445.3,0.0,0.0334,0.0487,battery,gas-cc,0.0,0.0,0.0,0.0,0.0,0.0,0.0,0.0,0.0,0.0,0.0,0.0,0.0,0.0,0.0,0.0,0.0,0.0,140.8,2.7,0.27,16.6,1061.8,0.06,141.0,48.3,189.3,361.2,6.8,0.68,42.7,2725.9,0.16,361.6,123.9,485.6,28.32,0.0,0.0,28.32,29.77,0.0,0.0,29.77,0.0,0.0,0.0,3696.9,3696.9,0.0,0.0,0.0,0.0,0.0,155.7,0.0,0.0,0.0,0.0,0.0,0.0,0.0,3534.8,6.3,0.0
2050-09-12 13:00:00,2050-09-12 11:00:00,1857.9,2570.7,0.0,6.9,4435.5,1795.9,445.3,445.3,0.0,0.0334,0.0486,battery,gas-cc,0.0,0.0,0.0,0.0,0.0,0.0,0.0,0.0,0.0,0.0,0.0,0.0,0.0,0.0,0.0,0.0,0.0,0.0,140.4,2.7,0.27,16.6,1058.6,0.06,140.6,48.2,188.7,361.2,6.8,0.68,42.7,2725.5,0.16,361.6,123.9,485.5,28.32,0.0,0.0,28.32,29.77,0.0,0.0,29.77,0.0,0.0,0.0,3990.2,3990.2,0.0,0.0,0.0,0.0,0.0,168.0,0.0,0.0,0.0,0.0,0.0,0.0,0.0,3812.7,9.5,0.0
2050-09-12 14:00:00,2050-09-12 12:00:00,1896.8,2280.8,0.0,6.9,4184.6,1832.9,445.3,445.3,0.0,0.0337,0.0496,battery,gas-cc,0.0,0.0,0.0,0.0,0.0,0.0,0.0,0.0,0.0,0.0,0.0,0.0,0.0,0.0,0.0,0.0,0.0,0.0,142.0,2.7,0.27,16.8,1070.9,0.06,142.2,48.7,190.9,361.6,6.8,0.68,42.7,2728.4,0.16,362.0,124.1,486.0,28.32,0.0,0.0,28.32,29.8,0.0,0.0,29.8,0.0,0.0,0.0,3739.3,3739.3,0.0,0.0,0.0,0.0,0.0,157.1,0.0,0.0,0.0,0.0,0.0,0.0,0.0,3563.9,18.3,0.0
2050-09-12 15:00:00,2050-09-12 13:00:00,1937.9,2307.4,0.0,6.9,4252.2,1871.9,445.3,445.3,0.0,0.034,0.0507,battery,gas-cc,0.0,0.0,0.0,0.0,0.0,0.0,0.0,0.0,0.0,0.0,0.0,0.0,0.0,0.0,0.0,0.0,0.0,0.0,140.3,2.6,0.27,16.6,1057.8,0.06,140.5,48.1,188.6,362.0,6.8,0.68,42.8,2731.5,0.16,362.4,124.2,486.6,28.32,0.0,0.0,28.32,29.83,0.0,0.0,29.83,0.0,0.0,0.0,3806.9,3806.9,0.0,0.0,0.0,0.0,0.0,158.8,0.0,0.0,0.0,0.0,0.0,0.0,0.0,3602.7,45.4,0.0
2050-09-12 16:00:00,2050-09-12 14:00:00,1961.1,2566.2,0.0,6.9,4534.1,1893.9,445.3,445.3,0.0,0.0342,0.0513,battery,gas-cc,0.0,0.0,0.0,0.0,0.0,0.0,0.0,0.0,0.0,0.0,0.0,0.0,0.0,0.0,0.0,0.0,0.0,0.0,140.3,2.6,0.27,16.6,1057.6,0.06,140.4,48.1,188.5,362.2,6.8,0.68,42.8,2733.2,0.16,362.6,124.3,486.9,28.32,0.0,0.0,28.32,29.85,0.0,0.0,29.85,0.0,0.0,0.0,4088.8,4088.8,0.0,0.0,0.0,0.0,0.0,170.2,0.0,0.0,0.0,0.0,0.0,0.0,0.0,3864.4,54.1,0.0
2050-09-12 17:00:00,2050-09-12 15:00:00,2026.3,3528.1,0.0,6.9,5561.3,1955.8,445.3,445.3,0.0,0.0348,0.053,battery,gas-cc,0.0,0.0,0.0,0.0,0.0,0.0,0.0,0.0,0.0,0.0,0.0,0.0,0.0,0.0,0.0,0.0,0.0,0.0,140.4,2.6,0.27,16.6,1058.2,0.06,140.5,48.1,188.7,362.9,6.8,0.68,42.9,2738.2,0.16,363.2,124.5,487.7,28.32,0.0,0.0,28.32,29.91,0.0,0.0,29.91,0.0,0.0,0.0,5116.0,5116.0,0.0,0.0,0.0,0.0,0.0,213.6,0.0,0.0,0.0,0.0,0.0,0.0,0.0,4846.7,55.7,0.0
2050-09-12 18:00:00,2050-09-12 16:00:00,2077.9,2720.7,0.0,6.9,4805.5,2004.6,445.3,445.3,0.0,0.0353,0.0543,battery,gas-cc,0.0,0.0,0.0,0.0,0.0,0.0,0.0,0.0,0.0,0.0,0.0,0.0,0.0,0.0,0.0,0.0,0.0,0.0,143.3,2.7,0.27,16.9,1080.6,0.06,143.5,49.2,192.6,363.4,6.8,0.68,42.9,2742.1,0.16,363.8,124.7,488.4,28.32,0.0,0.0,28.32,29.95,0.0,0.0,29.95,0.0,0.0,0.0,4360.2,4360.2,0.0,0.0,0.0,0.0,0.0,182.8,0.0,0.0,0.0,0.0,0.0,0.0,0.0,4148.8,28.7,0.0
2050-09-12 19:00:00,2050-09-12 17:00:00,2162.1,0.0,0.0,0.0,2162.1,2084.1,1108.9,0.0,0.0,0.0361,0.0565,gas-cc,gas-cc,108.6,2.0,0.2,12.8,819.5,0.05,108.7,37.3,146.0,113.3,2.1,0.21,13.4,854.9,0.05,113.4,38.9,152.3,147.6,2.8,0.28,17.4,1112.7,0.06,147.8,50.6,198.4,384.1,7.2,0.72,45.4,2898.6,0.17,384.5,131.8,516.3,33.36,0.0,0.0,33.36,35.35,0.0,0.0,35.35,0.0,0.0,0.0,2162.1,1053.2,461.0,0.0,0.0,0.0,0.0,43.1,647.9,0.0,0.0,0.0,0.0,0.0,0.0,979.0,31.0,0.0
2050-09-12 20:00:00,2050-09-12 18:00:00,2250.5,0.0,0.0,0.0,2250.5,2167.4,2240.1,0.0,0.0,0.0369,0.0589,battery,gas-cc,172.7,3.3,0.33,20.4,1303.5,0.07,172.9,59.3,232.2,180.9,3.4,0.34,21.4,1365.0,0.08,181.1,62.1,243.2,150.4,2.8,0.28,17.8,1133.8,0.07,150.6,51.6,202.1,385.1,7.3,0.73,45.5,2905.7,0.17,385.5,132.1,517.6,33.36,0.0,0.0,33.36,35.44,0.0,0.0,35.44,0.0,0.0,0.0,2250.5,10.5,1167.3,0.0,0.0,0.0,0.0,0.0,1072.7,0.0,0.0,0.0,0.0,0.0,0.0,0.0,10.5,0.0
2050-09-12 21:00:00,2050-09-12 19:00:00,2306.3,0.0,0.0,0.0,2306.3,2219.9,2303.9,0.0,0.0,0.0375,0.0603,gas-cc,gas-cc,25.3,0.5,0.05,3.0,190.8,0.01,25.3,8.7,34.0,29.0,0.5,0.05,3.4,218.8,0.01,29.0,10.0,39.0,204.3,3.9,0.39,24.1,1540.8,0.09,204.5,70.1,274.6,385.7,7.3,0.73,45.6,2910.3,0.17,386.1,132.3,518.4,33.36,0.0,0.0,33.36,35.5,0.0,0.0,35.5,0.0,0.0,0.0,2306.3,2.4,2143.1,0.0,0.0,0.0,0.0,0.0,160.9,0.0,0.0,0.0,0.0,0.0,0.0,0.0,2.4,0.0
2050-09-12 22:00:00,2050-09-12 20:00:00,2216.8,0.0,0.0,0.0,2216.8,2135.7,2215.4,0.0,0.0,0.0366,0.058,gas-cc,gas-cc,11.8,0.2,0.02,1.4,89.3,0.01,11.8,4.1,15.9,15.1,0.3,0.03,1.8,114.1,0.01,15.1,5.2,20.3,173.2,3.3,0.33,20.5,1306.4,0.08,173.4,59.4,232.8,384.7,7.3,0.73,45.4,2903.0,0.17,385.1,132.0,517.1,33.36,0.0,0.0,33.36,35.41,0.0,0.0,35.41,0.0,0.0,0.0,2216.8,1.4,2143.1,0.0,0.0,0.0,0.0,0.0,72.4,0.0,0.0,0.0,0.0,0.0,0.0,0.0,1.4,0.0
2050-09-12 23:00:00,2050-09-12 21:00:00,2095.8,0.0,0.0,0.0,2095.8,2021.5,2094.3,0.0,0.0,0.0354,0.0548,battery,gas-cc,0.0,0.0,0.0,0.0,0.0,0.0,0.0,0.0,0.0,2.9,0.1,0.01,0.4,22.2,0.0,2.9,1.0,4.0,160.8,3.0,0.3,19.0,1212.2,0.07,161.0,55.1,216.1,383.4,7.2,0.72,45.3,2893.3,0.17,383.8,131.6,515.4,33.36,0.0,0.0,33.36,35.29,0.0,0.0,35.29,0.0,0.0,0.0,2095.8,1.5,2094.3,0.0,0.0,0.0,0.0,0.0,0.0,0.0,0.0,0.0,0.0,0.0,0.0,0.0,1.5,0.0
2050-09-13 00:00:00,2050-09-12 22:00:00,1923.2,0.0,0.0,2.6,1925.7,1857.9,1921.4,0.0,394.3,0.0339,0.0503,gas-cc,gas-cc,87.8,1.7,0.17,10.4,662.7,0.04,87.9,30.1,118.1,93.1,1.8,0.18,11.0,702.7,0.04,93.2,32.0,125.2,152.5,2.9,0.29,18.0,1149.9,0.07,152.7,52.3,205.0,381.6,7.2,0.72,45.1,2879.6,0.17,382.0,130.9,512.9,33.36,0.0,0.0,33.36,35.12,0.0,0.0,35.12,0.0,0.0,0.0,2320.0,4.3,1753.4,0.0,0.0,0.0,0.0,0.0,562.2,0.0,0.0,0.0,0.0,0.0,0.0,0.0,4.3,0.0
2050-09-13 01:00:00,2050-09-12 23:00:00,1745.3,0.0,0.0,0.0,1745.3,1688.6,1742.8,0.0,2.1,0.0325,0.0456,battery,gas-cc,0.0,0.0,0.0,0.0,0.0,0.0,0.0,0.0,0.0,2.9,0.1,0.01,0.4,22.1,0.0,2.9,1.0,3.9,191.1,3.6,0.36,22.6,1440.9,0.08,191.3,65.5,256.8,379.7,7.2,0.72,44.9,2865.5,0.16,380.1,130.3,510.4,33.36,0.0,0.0,33.36,34.95,0.0,0.0,34.95,0.0,0.0,0.0,1747.4,2.5,1744.9,0.0,0.0,0.0,0.0,0.0,0.0,0.0,0.0,0.0,0.0,0.0,0.0,0.0,2.5,0.0
2050-09-13 02:00:00,2050-09-13 00:00:00,1569.5,0.0,0.0,0.0,1569.5,1520.4,1568.5,0.0,0.0,0.0313,0.041,gas-cc,gas-cc,152.7,2.9,0.29,18.0,1152.4,0.07,152.9,52.4,205.3,159.3,3.0,0.3,18.8,1202.3,0.07,159.5,54.7,214.2,198.1,3.7,0.37,23.4,1494.3,0.09,198.3,68.0,266.3,377.9,7.1,0.71,44.6,2851.8,0.16,378.3,129.7,508.0,33.36,0.0,0.0,33.36,34.78,0.0,0.0,34.78,0.0,0.0,0.0,1569.5,1.0,907.2,0.0,0.0,0.0,0.0,0.0,661.3,0.0,0.0,0.0,0.0,0.0,0.0,0.0,1.0,0.0
2050-09-13 03:00:00,2050-09-13 01:00:00,1464.2,0.0,0.0,0.6,1464.8,1419.3,1464.3,0.0,97.7,0.0307,0.0383,gas-cc,gas-cc,50.5,1.0,0.1,6.0,381.0,0.02,50.5,17.3,67.9,54.6,1.0,0.1,6.5,412.0,0.02,54.7,18.8,73.4,173.8,3.3,0.33,20.5,1310.4,0.08,174.0,59.6,233.6,376.8,7.1,0.71,44.5,2843.6,0.16,377.2,129.3,506.5,33.36,0.0,0.0,33.36,34.68,0.0,0.0,34.68,0.0,0.0,0.0,1562.6,0.6,1344.3,0.0,0.0,0.0,0.0,0.0,217.7,0.0,0.0,0.0,0.0,0.0,0.0,0.0,0.6,0.0
2050-09-13 04:00:00,2050-09-13 02:00:00,1376.8,0.0,0.0,0.0,1376.8,1335.2,1376.8,0.0,0.0,0.0302,0.036,gas-cc,gas-cc,79.7,1.5,0.15,9.4,601.7,0.03,79.8,27.4,107.2,84.5,1.6,0.16,10.0,637.7,0.04,84.6,29.0,113.6,163.7,3.1,0.31,19.3,1234.3,0.07,163.9,56.1,220.0,375.9,7.1,0.71,44.4,2836.9,0.16,376.3,129.0,505.3,33.36,0.0,0.0,33.36,34.6,0.0,0.0,34.6,0.0,0.0,0.0,1376.8,0.1,1073.8,0.0,0.0,0.0,0.0,0.0,302.9,0.0,0.0,0.0,0.0,0.0,0.0,0.0,0.1,0.0
2050-09-13 05:00:00,2050-09-13 03:00:00,1325.3,0.0,0.0,0.0,1325.3,1285.4,1325.3,0.0,0.0,0.0301,0.0347,gas-cc,gas-cc,176.9,3.3,0.33,20.9,1334.7,0.08,177.1,60.7,237.7,183.8,3.5,0.35,21.7,1387.3,0.08,184.0,63.1,247.1,150.9,2.8,0.29,17.8,1137.3,0.07,151.0,51.7,202.7,375.4,7.1,0.71,44.3,2832.9,0.16,375.8,128.8,504.6,33.36,0.0,0.0,33.36,34.55,0.0,0.0,34.55,0.0,0.0,0.0,1325.3,0.0,678.5,0.0,0.0,0.0,0.0,0.0,646.8,0.0,0.0,0.0,0.0,0.0,0.0,0.0,0.0,0.0
2050-09-13 06:00:00,2050-09-13 04:00:00,1316.8,0.0,0.0,0.0,1316.8,1277.3,1316.8,0.0,0.0,0.03,0.0344,gas-cc,gas-cc,159.5,3.0,0.3,18.8,1203.6,0.07,159.7,54.7,214.4,166.1,3.1,0.31,19.6,1253.2,0.07,166.2,57.0,223.2,150.4,2.8,0.28,17.8,1134.0,0.07,150.6,51.6,202.2,375.3,7.1,0.71,44.3,2832.3,0.16,375.7,128.8,504.5,33.36,0.0,0.0,33.36,34.55,0.0,0.0,34.55,0.0,0.0,0.0,1316.8,0.0,737.3,0.0,0.0,0.0,0.0,0.0,579.5,0.0,0.0,0.0,0.0,0.0,0.0,0.0,0.0,0.0
2050-09-13 07:00:00,2050-09-13 05:00:00,1376.8,0.0,0.0,0.0,1376.8,1335.2,1376.6,0.0,0.0,0.0302,0.036,gas-cc,gas-cc,104.3,2.0,0.2,12.3,786.7,0.05,104.4,35.8,140.1,109.6,2.1,0.21,13.0,826.9,0.05,109.7,37.6,147.3,150.6,2.8,0.28,17.8,1135.2,0.07,150.7,51.6,202.4,375.9,7.1,0.71,44.4,2836.9,0.16,376.3,129.0,505.3,33.36,0.0,0.0,33.36,34.6,0.0,0.0,34.6,0.0,0.0,0.0,1376.8,0.2,980.6,0.0,0.0,0.0,0.0,0.0,396.1,0.0,0.0,0.0,0.0,0.0,0.0,0.0,0.2,0.0
2050-09-13 08:00:00,2050-09-13 06:00:00,1448.4,0.0,0.0,11.3,1459.7,1404.1,-1679.6,0.0,1679.6,0.0306,0.0379,battery,gas-cc,0.0,0.0,0.0,0.0,0.0,0.0,0.0,0.0,0.0,0.0,0.0,0.0,0.0,0.0,0.0,0.0,0.0,0.0,139.8,2.6,0.26,16.5,1053.6,0.06,139.9,47.9,187.8,402.2,7.6,0.76,47.5,3035.1,0.17,402.6,138.0,540.6,23.24,0.0,0.0,23.24,24.15,0.0,0.0,24.15,0.0,0.0,0.0,3139.3,3139.3,0.0,0.0,0.0,0.0,0.0,132.4,0.0,0.0,0.0,0.0,0.0,0.0,0.0,3006.6,0.3,0.0
2050-09-13 09:00:00,2050-09-13 07:00:00,1613.7,2161.0,0.0,0.0,3774.7,1562.8,0.0,0.0,0.0,0.0315,0.0422,upv,upv,0.0,0.0,0.0,0.0,0.0,0.0,0.0,0.0,0.0,0.0,0.0,0.0,0.0,0.0,0.0,0.0,0.0,0.0,139.9,2.6,0.26,16.5,1054.7,0.06,140.0,48.0,188.0,0.0,0.0,0.0,0.0,0.0,0.0,0.0,0.0,0.0,0.0,0.0,0.0,0.0,0.0,0.0,0.0,0.0,0.3,4605.1,4605.4,3774.7,3774.7,0.0,0.0,0.0,0.0,0.0,353.7,0.0,0.0,0.0,0.0,0.0,0.0,0.0,3421.0,0.0,0.0
2050-09-13 10:00:00,2050-09-13 08:00:00,1798.9,3240.3,0.0,0.0,5039.2,1739.8,0.0,0.0,0.0,0.0329,0.047,upv,upv,0.0,0.0,0.0,0.0,0.0,0.0,0.0,0.0,0.0,0.0,0.0,0.0,0.0,0.0,0.0,0.0,0.0,0.0,140.1,2.6,0.27,16.6,1056.1,0.06,140.2,48.0,188.3,0.0,0.0,0.0,0.0,0.0,0.0,0.0,0.0,0.0,0.0,0.0,0.0,0.0,0.0,0.0,0.0,0.0,0.2,4608.9,4609.0,5039.2,5039.2,0.0,0.0,0.0,0.0,0.0,407.1,0.0,0.0,0.0,0.0,0.0,0.0,0.0,4632.1,0.0,0.0
2050-09-13 11:00:00,2050-09-13 09:00:00,1896.8,3629.9,0.0,0.0,5526.8,1832.9,0.0,0.0,0.0,0.0337,0.0496,upv,upv,0.0,0.0,0.0,0.0,0.0,0.0,0.0,0.0,0.0,0.0,0.0,0.0,0.0,0.0,0.0,0.0,0.0,0.0,140.2,2.6,0.27,16.6,1057.0,0.06,140.4,48.1,188.4,0.0,0.0,0.0,0.0,0.0,0.0,0.0,0.0,0.0,0.0,0.0,0.0,0.0,0.0,0.0,0.0,0.0,0.0,4249.5,4249.5,5526.8,5526.8,0.0,0.0,0.0,0.0,0.0,412.5,0.0,0.0,0.0,0.0,0.0,0.0,0.0,5114.3,0.0,0.0
2050-09-13 12:00:00,2050-09-13 10:00:00,1971.6,3629.9,0.0,0.0,5601.5,1903.9,-0.0,0.0,0.0,0.0343,0.0516,upv,upv,0.0,0.0,0.0,0.0,0.0,0.0,0.0,0.0,0.0,0.0,0.0,0.0,0.0,0.0,0.0,0.0,0.0,0.0,140.3,2.6,0.27,16.6,1057.7,0.06,140.5,48.1,188.6,0.0,0.0,0.0,0.0,0.0,0.0,0.0,0.0,0.0,0.0,0.0,0.0,0.0,0.0,0.0,0.0,0.0,1.4,4026.5,4027.9,5601.5,5601.5,0.0,0.0,0.0,0.0,0.0,406.4,0.0,0.0,0.0,0.0,0.0,0.0,0.0,5195.1,0.0,0.0
2050-09-13 13:00:00,2050-09-13 11:00:00,2035.8,3178.2,0.0,0.0,5214.0,1964.7,0.0,0.0,0.0,0.0349,0.0532,upv,upv,0.0,0.0,0.0,0.0,0.0,0.0,0.0,0.0,0.0,0.0,0.0,0.0,0.0,0.0,0.0,0.0,0.0,0.0,140.4,2.6,0.27,16.6,1058.3,0.06,140.5,48.1,188.7,0.0,0.0,0.0,0.0,0.0,0.0,0.0,0.0,0.0,0.0,0.0,0.0,0.0,0.0,0.0,0.0,0.0,1.6,4339.6,4341.2,5214.0,5214.0,0.0,0.0,0.0,0.0,0.0,403.1,0.0,0.0,0.0,0.0,0.0,0.0,0.0,4810.9,0.0,0.0
2050-09-13 14:00:00,2050-09-13 12:00:00,2129.5,3435.1,0.0,0.0,5564.6,2053.3,0.0,0.0,0.0,0.0358,0.0557,upv,upv,0.0,0.0,0.0,0.0,0.0,0.0,0.0,0.0,0.0,0.0,0.0,0.0,0.0,0.0,0.0,0.0,0.0,0.0,140.5,2.7,0.27,16.6,1059.3,0.06,140.7,48.2,188.8,0.0,0.0,0.0,0.0,0.0,0.0,0.0,0.0,0.0,0.0,0.0,0.0,0.0,0.0,0.0,0.0,0.0,3.7,4029.6,4033.3,5564.6,5564.6,0.0,0.0,0.0,0.0,0.0,404.9,0.0,0.0,0.0,0.0,0.0,0.0,0.0,5159.7,0.0,0.0
2050-09-13 15:00:00,2050-09-13 13:00:00,2234.7,2974.6,0.0,0.0,5209.4,2152.6,0.0,0.0,0.0,0.0368,0.0584,upv,upv,0.0,0.0,0.0,0.0,0.0,0.0,0.0,0.0,0.0,0.0,0.0,0.0,0.0,0.0,0.0,0.0,0.0,0.0,142.1,2.7,0.27,16.8,1071.3,0.06,142.3,48.7,191.0,0.0,0.0,0.0,0.0,0.0,0.0,0.0,0.0,0.0,0.0,0.0,0.0,0.0,0.0,0.0,0.0,0.0,7.0,4479.3,4486.3,5209.4,5209.4,0.0,0.0,0.0,0.0,0.0,408.9,0.0,0.0,0.0,0.0,0.0,0.0,0.0,4800.5,0.0,0.0
2050-09-13 16:00:00,2050-09-13 14:00:00,2340.0,3373.1,0.0,0.0,5713.1,2251.5,0.0,0.0,0.0,0.0378,0.0612,upv,upv,0.0,0.0,0.0,0.0,0.0,0.0,0.0,0.0,0.0,0.0,0.0,0.0,0.0,0.0,0.0,0.0,0.0,0.0,140.9,2.7,0.27,16.7,1062.4,0.06,141.1,48.3,189.4,0.0,0.0,0.0,0.0,0.0,0.0,0.0,0.0,0.0,0.0,0.0,0.0,0.0,0.0,0.0,0.0,0.0,13.6,4198.2,4211.9,5713.1,5713.1,0.0,0.0,0.0,0.0,0.0,418.3,0.0,0.0,0.0,0.0,0.0,0.0,0.0,5294.8,0.0,0.0
2050-09-13 17:00:00,2050-09-13 15:00:00,2443.2,3112.4,0.0,0.0,5555.5,2348.2,0.0,0.0,0.0,0.0388,0.0639,upv,upv,0.0,0.0,0.0,0.0,0.0,0.0,0.0,0.0,0.0,0.0,0.0,0.0,0.0,0.0,0.0,0.0,0.0,0.0,141.0,2.7,0.27,16.7,1062.7,0.06,141.1,48.3,189.4,0.0,0.0,0.0,0.0,0.0,0.0,0.0,0.0,0.0,0.0,0.0,0.0,0.0,0.0,0.0,0.0,0.0,0.0,4047.5,4047.5,5555.5,5555.5,0.0,0.0,0.0,0.0,0.0,404.2,0.0,0.0,0.0,0.0,0.0,0.0,0.0,5128.9,22.5,0.0
2050-09-13 18:00:00,2050-09-13 16:00:00,2556.8,2431.9,0.0,11.6,5000.3,2454.5,-1701.2,0.0,1701.2,0.04,0.0669,upv,upv,0.0,0.0,0.0,0.0,0.0,0.0,0.0,0.0,0.0,0.0,0.0,0.0,0.0,0.0,0.0,0.0,0.0,0.0,141.7,2.7,0.27,16.7,1068.2,0.06,141.8,48.6,190.4,0.0,0.0,0.0,0.0,0.0,0.0,0.0,0.0,0.0,0.0,0.0,0.0,0.0,0.0,0.0,0.0,0.0,0.0,1018.6,1018.6,6701.5,6701.5,0.0,0.0,0.0,0.0,0.0,324.3,0.0,0.0,0.0,0.0,0.0,0.0,0.0,6341.9,35.4,0.0
2050-09-13 19:00:00,2050-09-13 17:00:00,2633.7,0.0,0.0,10.7,2644.3,2526.1,364.6,0.0,1640.0,0.0408,0.0689,gas-cc,gas-cc,29.8,0.6,0.06,3.5,224.7,0.01,29.8,10.2,40.0,32.2,0.6,0.06,3.8,242.8,0.01,32.2,11.0,43.3,147.4,2.8,0.28,17.4,1111.2,0.06,147.6,50.5,198.1,389.2,7.3,0.73,46.0,2937.0,0.17,389.6,133.5,523.2,33.36,0.0,0.0,33.36,35.82,0.0,0.0,35.82,0.0,0.0,0.0,4284.3,2279.7,1652.6,0.0,0.0,0.0,0.0,93.7,352.0,0.0,0.0,0.0,0.0,0.0,0.0,2126.1,60.0,0.0
2050-09-13 20:00:00,2050-09-13 18:00:00,2672.6,0.0,0.0,0.4,2673.0,2562.4,2571.1,0.0,55.6,0.0413,0.0699,battery,gas-cc,0.0,0.0,0.0,0.0,0.0,0.0,0.0,0.0,0.0,2.8,0.1,0.01,0.4,21.5,0.0,2.8,1.0,3.8,154.7,2.9,0.29,18.3,1166.3,0.07,154.9,53.0,207.9,389.6,7.3,0.73,46.0,2940.2,0.17,390.1,133.7,523.7,33.36,0.0,0.0,33.36,35.86,0.0,0.0,35.86,0.0,0.0,0.0,2728.6,101.8,2626.7,0.0,0.0,0.0,0.0,0.0,0.0,0.0,0.0,0.0,0.0,0.0,0.0,0.0,101.8,0.0
2050-09-13 21:00:00,2050-09-13 19:00:00,2652.6,0.0,0.0,4.3,2656.9,2543.8,2552.0,0.0,662.3,0.041,0.0694,battery,gas-cc,0.0,0.0,0.0,0.0,0.0,0.0,0.0,0.0,0.0,2.9,0.1,0.01,0.4,21.6,0.0,2.9,1.0,3.9,151.3,2.9,0.29,17.9,1140.4,0.07,151.4,51.9,203.3,389.4,7.3,0.73,46.0,2938.6,0.17,389.8,133.6,523.4,33.36,0.0,0.0,33.36,35.84,0.0,0.0,35.84,0.0,0.0,0.0,3319.2,104.9,3214.3,0.0,0.0,0.0,0.0,0.0,0.0,0.0,0.0,0.0,0.0,0.0,0.0,0.0,104.9,0.0
2050-09-13 22:00:00,2050-09-13 20:00:00,2480.0,0.0,0.0,2.9,2482.9,2382.7,2372.1,0.0,449.4,0.0392,0.0649,battery,gas-cc,0.0,0.0,0.0,0.0,0.0,0.0,0.0,0.0,0.0,2.8,0.1,0.01,0.4,21.4,0.0,2.8,1.0,3.8,221.0,4.2,0.42,26.1,1667.5,0.1,221.3,75.8,297.1,387.5,7.3,0.73,45.8,2924.4,0.17,388.0,133.0,520.9,33.36,0.0,0.0,33.36,35.67,0.0,0.0,35.67,0.0,0.0,0.0,2932.3,110.8,2821.5,0.0,0.0,0.0,0.0,0.0,0.0,0.0,0.0,0.0,0.0,0.0,0.0,0.0,110.8,0.0
2050-09-13 23:00:00,2050-09-13 21:00:00,2247.4,0.0,0.0,6.1,2253.5,2164.5,2179.9,0.0,937.3,0.0369,0.0588,battery,gas-cc,0.0,0.0,0.0,0.0,0.0,0.0,0.0,0.0,0.0,2.9,0.1,0.01,0.4,21.7,0.0,2.9,1.0,3.9,199.7,3.8,0.38,23.6,1506.3,0.09,199.9,68.5,268.4,385.0,7.3,0.73,45.5,2905.5,0.17,385.4,132.1,517.6,33.36,0.0,0.0,33.36,35.44,0.0,0.0,35.44,0.0,0.0,0.0,3190.7,73.5,3117.2,0.0,0.0,0.0,0.0,0.0,0.0,0.0,0.0,0.0,0.0,0.0,0.0,0.0,73.5,0.0
2050-09-14 00:00:00,2050-09-13 22:00:00,2095.8,0.0,0.0,8.2,2104.0,2021.5,2050.6,0.0,1259.3,0.0354,0.0548,battery,gas-cc,115.6,2.2,0.22,13.7,872.3,0.05,115.7,39.7,155.4,121.8,2.3,0.23,14.4,919.1,0.05,121.9,41.8,163.7,151.3,2.9,0.29,17.9,1140.8,0.07,151.5,51.9,203.4,390.2,7.4,0.74,46.1,2944.1,0.17,390.6,133.9,524.4,33.71,0.0,0.0,33.71,35.67,0.0,0.0,35.67,0.0,0.0,0.0,3363.2,53.4,2237.1,0.0,0.0,0.0,0.0,0.0,1072.7,0.0,0.0,0.0,0.0,0.0,0.0,0.0,53.4,0.0
2050-09-14 01:00:00,2050-09-13 23:00:00,1891.6,0.0,0.0,4.4,1896.0,1827.9,1856.2,0.0,674.3,0.0336,0.0495,gas-cc,gas-cc,151.3,2.9,0.29,17.9,1141.4,0.07,151.4,51.9,203.3,158.2,3.0,0.3,18.7,1193.7,0.07,158.4,54.3,212.6,155.2,2.9,0.29,18.3,1170.0,0.07,155.3,53.2,208.6,388.0,7.3,0.73,45.8,2927.6,0.17,388.4,133.1,521.5,33.71,0.0,0.0,33.71,35.47,0.0,0.0,35.47,0.0,0.0,0.0,2570.2,39.7,1457.8,0.0,0.0,0.0,0.0,0.0,1072.7,0.0,0.0,0.0,0.0,0.0,0.0,0.0,39.7,0.0
2050-09-14 02:00:00,2050-09-14 00:00:00,1729.5,0.0,0.0,9.8,1739.3,1673.5,1711.9,0.0,1505.6,0.0324,0.0452,battery,gas-cc,119.8,2.3,0.23,14.2,904.1,0.05,119.9,41.1,161.0,125.7,2.4,0.24,14.9,948.9,0.05,125.9,43.2,169.0,151.5,2.9,0.29,17.9,1142.5,0.07,151.7,52.0,203.7,386.2,7.3,0.73,45.6,2914.6,0.17,386.7,132.5,519.2,33.71,0.0,0.0,33.71,35.31,0.0,0.0,35.31,0.0,0.0,0.0,3244.9,27.4,2144.8,0.0,0.0,0.0,0.0,0.0,1072.7,0.0,0.0,0.0,0.0,0.0,0.0,0.0,27.4,0.0
2050-09-14 03:00:00,2050-09-14 01:00:00,1590.5,0.0,0.0,7.4,1598.0,1540.6,1579.7,0.0,1145.6,0.0314,0.0416,battery,gas-cc,141.7,2.7,0.27,16.7,1069.3,0.06,141.9,48.6,190.5,148.1,2.8,0.28,17.5,1117.2,0.06,148.2,50.8,199.0,150.7,2.8,0.29,17.8,1136.4,0.07,150.9,51.7,202.6,379.5,7.2,0.72,44.8,2863.8,0.16,379.9,130.2,510.1,33.71,0.0,0.0,33.71,35.18,0.0,0.0,35.18,0.0,0.0,0.0,2743.6,18.2,1652.6,0.0,0.0,0.0,0.0,0.0,1072.7,0.0,0.0,0.0,0.0,0.0,0.0,0.0,18.2,0.0
2050-09-14 04:00:00,2050-09-14 02:00:00,1489.5,0.0,0.0,10.7,1500.1,1443.6,1489.9,0.0,1640.0,0.0308,0.039,battery,gas-cc,123.8,2.3,0.23,14.6,934.3,0.05,123.9,42.5,166.4,129.7,2.4,0.24,15.3,978.4,0.06,129.8,44.5,174.3,151.6,2.9,0.29,17.9,1143.0,0.07,151.8,52.0,203.8,382.6,7.2,0.72,45.2,2887.5,0.17,383.1,131.3,514.4,33.71,0.0,0.0,33.71,35.08,0.0,0.0,35.08,0.0,0.0,0.0,3140.1,10.3,2057.1,0.0,0.0,0.0,0.0,0.0,1072.7,0.0,0.0,0.0,0.0,0.0,0.0,0.0,10.3,0.0
2050-09-14 05:00:00,2050-09-14 03:00:00,1430.5,0.0,0.0,5.9,1436.4,1386.9,1425.3,0.0,904.0,0.0305,0.0374,battery,gas-cc,166.1,3.1,0.31,19.6,1253.5,0.07,166.3,57.0,223.3,172.9,3.3,0.33,20.4,1304.8,0.08,173.1,59.3,232.4,153.7,2.9,0.29,18.2,1158.8,0.07,153.9,52.7,206.6,382.0,7.2,0.72,45.1,2882.9,0.17,382.4,131.1,513.5,33.71,0.0,0.0,33.71,35.02,0.0,0.0,35.02,0.0,0.0,0.0,2340.4,11.1,1256.5,0.0,0.0,0.0,0.0,0.0,1072.7,0.0,0.0,0.0,0.0,0.0,0.0,0.0,11.1,0.0
2050-09-14 06:00:00,2050-09-14 04:00:00,1423.2,0.0,0.0,7.3,1430.5,1379.8,1417.9,0.0,1129.0,0.0305,0.0372,battery,gas-cc,151.9,2.9,0.29,17.9,1146.2,0.07,152.1,52.1,204.2,158.3,3.0,0.3,18.7,1194.9,0.07,158.5,54.3,212.8,153.5,2.9,0.29,18.1,1157.4,0.07,153.7,52.6,206.3,382.0,7.2,0.72,45.1,2882.3,0.17,382.4,131.1,513.4,33.71,0.0,0.0,33.71,35.02,0.0,0.0,35.02,0.0,0.0,0.0,2559.5,12.6,1474.2,0.0,0.0,0.0,0.0,0.0,1072.7,0.0,0.0,0.0,0.0,0.0,0.0,0.0,12.6,0.0
2050-09-14 07:00:00,2050-09-14 05:00:00,1471.6,0.0,0.0,2.6,1474.1,1426.4,1458.9,0.0,393.0,0.0307,0.0385,battery,gas-cc,208.2,3.9,0.39,24.6,1571.2,0.09,208.4,71.4,279.9,216.0,4.1,0.41,25.5,1630.2,0.09,216.3,74.1,290.4,153.6,2.9,0.29,18.1,1157.7,0.07,153.7,52.7,206.4,378.3,7.1,0.71,44.7,2854.5,0.16,378.7,129.8,508.5,33.71,0.0,0.0,33.71,35.06,0.0,0.0,35.06,0.0,0.0,0.0,1867.1,15.2,779.2,0.0,0.0,0.0,0.0,0.0,1072.7,0.0,0.0,0.0,0.0,0.0,0.0,0.0,15.2,0.0
2050-09-14 08:00:00,2050-09-14 06:00:00,1503.2,413.4,0.0,10.7,1927.2,1456.8,-1644.3,0.0,1644.3,0.0309,0.0393,battery,upv,0.0,0.0,0.0,0.0,0.0,0.0,0.0,0.0,0.0,0.0,0.0,0.0,0.0,0.0,0.0,0.0,0.0,0.0,139.8,2.6,0.26,16.5,1053.9,0.06,139.9,47.9,187.9,0.0,0.0,0.0,0.0,0.0,0.0,0.0,0.0,0.0,0.0,0.0,0.0,0.0,0.0,0.0,0.0,0.0,0.0,0.0,0.0,3571.6,3571.6,0.0,0.0,0.0,0.0,0.0,149.9,0.0,0.0,0.0,0.0,0.0,0.0,0.0,3402.4,19.2,0.0
2050-09-14 09:00:00,2050-09-14 07:00:00,1670.5,2066.7,0.0,0.0,3737.2,1617.2,0.0,0.0,0.0,0.0319,0.0437,upv,upv,0.0,0.0,0.0,0.0,0.0,0.0,0.0,0.0,0.0,0.0,0.0,0.0,0.0,0.0,0.0,0.0,0.0,0.0,144.8,2.7,0.27,17.1,1091.7,0.06,145.0,49.7,194.6,0.0,0.0,0.0,0.0,0.0,0.0,0.0,0.0,0.0,0.0,0.0,0.0,0.0,0.0,0.0,0.0,0.0,9.7,5054.1,5063.8,3737.2,3737.2,0.0,0.0,0.0,0.0,0.0,371.0,0.0,0.0,0.0,0.0,0.0,0.0,0.0,3366.2,0.0,0.0
2050-09-14 10:00:00,2050-09-14 08:00:00,1868.4,2626.7,0.0,0.0,4495.1,1805.9,0.0,0.0,0.0,0.0335,0.0489,upv,upv,0.0,0.0,0.0,0.0,0.0,0.0,0.0,0.0,0.0,0.0,0.0,0.0,0.0,0.0,0.0,0.0,0.0,0.0,140.9,2.7,0.27,16.6,1062.4,0.06,141.1,48.3,189.4,0.0,0.0,0.0,0.0,0.0,0.0,0.0,0.0,0.0,0.0,0.0,0.0,0.0,0.0,0.0,0.0,0.0,8.7,5348.6,5357.4,4495.1,4495.1,0.0,0.0,0.0,0.0,0.0,0.0,0.0,0.0,0.0,0.0,0.0,0.0,0.0,4495.1,0.0,0.0
2050-09-14 11:00:00,2050-09-14 09:00:00,2003.2,3373.1,0.0,0.0,5376.2,1933.8,-0.0,0.0,0.0,0.0346,0.0524,upv,upv,0.0,0.0,0.0,0.0,0.0,0.0,0.0,0.0,0.0,0.0,0.0,0.0,0.0,0.0,0.0,0.0,0.0,0.0,141.6,2.7,0.27,16.7,1067.3,0.06,141.7,48.5,190.3,0.0,0.0,0.0,0.0,0.0,0.0,0.0,0.0,0.0,0.0,0.0,0.0,0.0,0.0,0.0,0.0,0.0,0.0,4525.2,4525.2,5376.2,5376.2,0.0,0.0,0.0,0.0,0.0,417.2,0.0,0.0,0.0,0.0,0.0,0.0,0.0,4942.0,17.1,0.0
2050-09-14 12:00:00,2050-09-14 10:00:00,2087.4,4019.6,0.0,0.0,6106.9,2013.5,0.0,0.0,0.0,0.0354,0.0546,upv,upv,0.0,0.0,0.0,0.0,0.0,0.0,0.0,0.0,0.0,0.0,0.0,0.0,0.0,0.0,0.0,0.0,0.0,0.0,141.7,2.7,0.27,16.7,1068.2,0.06,141.8,48.6,190.4,0.0,0.0,0.0,0.0,0.0,0.0,0.0,0.0,0.0,0.0,0.0,0.0,0.0,0.0,0.0,0.0,0.0,10.0,3467.2,3477.2,6106.9,6106.9,0.0,0.0,0.0,0.0,0.0,0.0,0.0,0.0,0.0,0.0,0.0,0.0,0.0,6106.9,0.0,0.0
2050-09-14 13:00:00,2050-09-14 11:00:00,2190.5,3208.5,0.0,0.0,5399.0,2110.9,0.0,0.0,0.0,0.0363,0.0573,upv,upv,0.0,0.0,0.0,0.0,0.0,0.0,0.0,0.0,0.0,0.0,0.0,0.0,0.0,0.0,0.0,0.0,0.0,0.0,141.8,2.7,0.27,16.8,1069.2,0.06,142.0,48.6,190.6,0.0,0.0,0.0,0.0,0.0,0.0,0.0,0.0,0.0,0.0,0.0,0.0,0.0,0.0,0.0,0.0,0.0,6.8,3898.2,3905.0,5399.0,5399.0,0.0,0.0,0.0,0.0,0.0,0.0,0.0,0.0,0.0,0.0,0.0,0.0,0.0,5399.0,0.0,0.0
2050-09-14 14:00:00,2050-09-14 12:00:00,2332.6,3824.8,0.0,0.0,6157.4,2244.6,0.0,0.0,0.0,0.0377,0.061,upv,upv,0.0,0.0,0.0,0.0,0.0,0.0,0.0,0.0,0.0,0.0,0.0,0.0,0.0,0.0,0.0,0.0,0.0,0.0,146.9,2.8,0.28,17.4,1107.8,0.06,147.1,50.4,197.5,0.0,0.0,0.0,0.0,0.0,0.0,0.0,0.0,0.0,0.0,0.0,0.0,0.0,0.0,0.0,0.0,0.0,2.7,3214.2,3216.9,6157.4,6157.4,0.0,0.0,0.0,0.0,0.0,395.5,0.0,0.0,0.0,0.0,0.0,0.0,0.0,5761.8,0.0,0.0
2050-09-14 15:00:00,2050-09-14 13:00:00,2455.8,3112.4,0.0,0.0,5568.2,2360.1,0.0,0.0,0.0,0.039,0.0642,upv,upv,0.0,0.0,0.0,0.0,0.0,0.0,0.0,0.0,0.0,0.0,0.0,0.0,0.0,0.0,0.0,0.0,0.0,0.0,145.0,2.7,0.27,17.1,1093.5,0.06,145.2,49.7,194.9,0.0,0.0,0.0,0.0,0.0,0.0,0.0,0.0,0.0,0.0,0.0,0.0,0.0,0.0,0.0,0.0,0.0,3.1,3520.1,3523.2,5568.2,5568.2,0.0,0.0,0.0,0.0,0.0,383.6,0.0,0.0,0.0,0.0,0.0,0.0,0.0,5184.5,0.0,0.0
2050-09-14 16:00:00,2050-09-14 14:00:00,2564.2,3795.7,0.0,0.0,6359.9,2461.4,0.0,0.0,0.0,0.0401,0.0671,upv,upv,0.0,0.0,0.0,0.0,0.0,0.0,0.0,0.0,0.0,0.0,0.0,0.0,0.0,0.0,0.0,0.0,0.0,0.0,146.0,2.8,0.28,17.2,1100.7,0.06,146.1,50.1,196.2,0.0,0.0,0.0,0.0,0.0,0.0,0.0,0.0,0.0,0.0,0.0,0.0,0.0,0.0,0.0,0.0,0.0,1.0,2559.6,2560.6,6359.9,6359.9,0.0,0.0,0.0,0.0,0.0,376.4,0.0,0.0,0.0,0.0,0.0,0.0,0.0,5983.5,0.0,0.0
2050-09-14 17:00:00,2050-09-14 15:00:00,2711.6,2333.6,0.0,0.0,5045.2,2598.6,0.0,0.0,0.0,0.0417,0.0709,upv,upv,0.0,0.0,0.0,0.0,0.0,0.0,0.0,0.0,0.0,0.0,0.0,0.0,0.0,0.0,0.0,0.0,0.0,0.0,147.8,2.8,0.28,17.5,1114.4,0.06,148.0,50.7,198.7,0.0,0.0,0.0,0.0,0.0,0.0,0.0,0.0,0.0,0.0,0.0,0.0,0.0,0.0,0.0,0.0,0.0,0.0,3570.9,3570.9,5045.2,5045.2,0.0,0.0,0.0,0.0,0.0,363.6,0.0,0.0,0.0,0.0,0.0,0.0,0.0,4681.4,0.2,0.0
2050-09-14 18:00:00,2050-09-14 16:00:00,2825.3,2392.2,0.0,10.7,5228.1,2704.0,-1640.0,0.0,1640.0,0.0429,0.0739,upv,upv,0.0,0.0,0.0,0.0,0.0,0.0,0.0,0.0,0.0,0.0,0.0,0.0,0.0,0.0,0.0,0.0,0.0,0.0,145.5,2.7,0.28,17.2,1097.0,0.06,145.7,49.9,195.6,0.0,0.0,0.0,0.0,0.0,0.0,0.0,0.0,0.0,0.0,0.0,0.0,0.0,0.0,0.0,0.0,0.0,3.7,108.4,112.1,6868.0,6868.0,0.0,0.0,0.0,0.0,0.0,294.5,0.0,0.0,0.0,0.0,0.0,0.0,0.0,6573.6,0.0,0.0
2050-09-14 19:00:00,2050-09-14 17:00:00,2905.3,0.0,0.0,15.6,2920.9,2778.0,960.9,0.0,1959.3,0.0438,0.076,battery,gas-cc,79.7,1.5,0.15,9.4,601.1,0.03,79.7,27.3,107.1,84.4,1.6,0.16,10.0,637.1,0.04,84.5,29.0,113.5,176.6,3.3,0.33,20.9,1331.8,0.08,176.8,60.6,237.4,460.0,8.7,0.87,54.3,3471.5,0.2,460.5,157.8,618.4,45.37,0.0,0.0,45.37,49.1,0.0,0.0,49.1,0.0,0.0,0.0,4880.1,1960.0,1847.4,0.0,0.0,0.0,0.0,80.0,1072.7,0.0,0.0,0.0,0.0,0.0,0.0,1815.9,64.0,0.0
2050-09-14 20:00:00,2050-09-14 18:00:00,2937.9,0.0,0.0,11.1,2949.0,2808.2,2813.2,0.0,1668.7,0.0442,0.0768,battery,gas-cc,84.2,1.6,0.16,9.9,635.3,0.04,84.3,28.9,113.2,90.3,1.7,0.17,10.7,681.2,0.04,90.4,31.0,121.3,153.9,2.9,0.29,18.2,1160.6,0.07,154.1,52.8,206.9,460.5,8.7,0.87,54.4,3474.7,0.2,461.0,158.0,618.9,45.37,0.0,0.0,45.37,49.14,0.0,0.0,49.14,0.0,0.0,0.0,4617.7,135.8,3409.1,0.0,0.0,0.0,0.0,0.0,1072.7,0.0,0.0,0.0,0.0,0.0,0.0,0.0,135.8,0.0
2050-09-14 21:00:00,2050-09-14 19:00:00,2905.3,0.0,0.0,10.7,2915.9,2778.0,2695.3,0.0,1640.0,0.0438,0.076,battery,gas-cc,85.3,1.6,0.16,10.1,643.9,0.04,85.4,29.3,114.7,91.4,1.7,0.17,10.8,689.4,0.04,91.5,31.4,122.8,200.0,3.8,0.38,23.6,1508.4,0.09,200.2,68.6,268.8,460.0,8.7,0.87,54.3,3471.5,0.2,460.5,157.8,618.4,45.37,0.0,0.0,45.37,49.1,0.0,0.0,49.1,0.0,0.0,0.0,4555.9,220.6,3262.5,0.0,0.0,0.0,0.0,0.0,1072.7,0.0,0.0,0.0,0.0,0.0,0.0,0.0,220.6,0.0
2050-09-14 22:00:00,2050-09-14 20:00:00,2695.8,0.0,0.0,16.5,2712.3,2583.9,2459.0,0.0,2019.7,0.0415,0.0705,battery,gas-cc,82.2,1.5,0.15,9.7,620.0,0.04,82.2,28.2,110.4,87.8,1.7,0.17,10.4,662.9,0.04,87.9,30.2,118.1,163.5,3.1,0.31,19.3,1232.4,0.07,163.6,56.1,219.7,457.3,8.6,0.86,54.0,3451.0,0.2,457.8,156.9,614.7,45.37,0.0,0.0,45.37,48.81,0.0,0.0,48.81,0.0,0.0,0.0,4732.1,253.3,3406.0,0.0,0.0,0.0,0.0,0.0,1072.7,0.0,0.0,0.0,0.0,0.0,0.0,0.0,253.3,0.0
2050-09-14 23:00:00,2050-09-14 21:00:00,2476.8,0.0,0.0,10.7,2487.5,2379.8,2222.3,0.0,1640.0,0.0392,0.0648,battery,gas-cc,94.2,1.8,0.18,11.1,710.8,0.04,94.3,32.3,126.6,100.0,1.9,0.19,11.8,754.8,0.04,100.1,34.3,134.5,170.4,3.2,0.32,20.1,1285.2,0.07,170.6,58.5,229.1,454.5,8.6,0.86,53.7,3429.9,0.2,455.0,156.0,611.0,45.37,0.0,0.0,45.37,48.51,0.0,0.0,48.51,0.0,0.0,0.0,4127.5,265.2,2789.5,0.0,0.0,0.0,0.0,0.0,1072.7,0.0,0.0,0.0,0.0,0.0,0.0,0.0,265.2,0.0
2050-09-15 00:00:00,2050-09-14 22:00:00,2311.6,0.0,0.0,28.0,2339.6,2224.9,2064.9,0.0,2758.2,0.0375,0.0605,battery,gas-cc,76.3,1.4,0.14,9.0,575.5,0.03,76.3,26.2,102.5,81.4,1.5,0.15,9.6,614.3,0.04,81.5,27.9,109.4,178.5,3.4,0.34,21.1,1346.1,0.08,178.7,61.2,239.9,463.7,8.7,0.87,54.8,3499.4,0.2,464.2,159.1,623.3,52.95,0.0,0.0,52.95,56.35,0.0,0.0,56.35,0.0,0.0,0.0,5097.8,274.6,3750.4,0.0,0.0,0.0,0.0,0.0,1072.7,0.0,0.0,0.0,0.0,0.0,0.0,0.0,274.6,0.0
2050-09-15 01:00:00,2050-09-14 23:00:00,2085.3,0.0,0.0,22.9,2108.1,2011.5,1834.3,0.0,2427.8,0.0354,0.0545,gas-cc,gas-cc,85.7,1.6,0.16,10.1,646.8,0.04,85.8,29.4,115.2,90.9,1.7,0.17,10.8,686.0,0.04,91.0,31.2,122.2,153.2,2.9,0.29,18.1,1154.8,0.07,153.3,52.5,205.9,383.3,7.2,0.72,45.3,2892.5,0.17,383.7,131.5,515.2,52.95,0.0,0.0,52.95,56.0,0.0,0.0,56.0,0.0,0.0,0.0,4535.9,273.8,3189.4,0.0,0.0,0.0,0.0,0.0,1072.7,0.0,0.0,0.0,0.0,0.0,0.0,0.0,273.8,0.0
2050-09-15 02:00:00,2050-09-15 00:00:00,1863.2,0.0,0.0,9.7,1872.8,1800.9,1609.7,0.0,1487.6,0.0334,0.0487,battery,gas-ct,115.7,2.2,0.22,13.7,873.0,0.05,115.8,39.7,155.5,121.4,2.3,0.23,14.4,916.5,0.05,121.6,41.7,163.3,152.8,2.9,0.29,18.1,1152.2,0.07,153.0,52.4,205.4,582.3,11.0,1.1,68.8,4393.9,0.25,582.9,199.8,782.7,50.23,0.0,0.0,50.23,52.8,0.0,0.0,52.8,0.0,0.0,0.0,3360.4,263.2,2024.5,0.0,0.0,0.0,0.0,0.0,1072.7,0.0,0.0,0.0,0.0,0.0,0.0,0.0,263.2,0.0
2050-09-15 03:00:00,2050-09-15 01:00:00,1706.3,0.0,0.0,7.8,1714.1,1651.4,1449.4,0.0,1198.0,0.0322,0.0446,battery,gas-cc,133.5,2.5,0.25,15.8,1007.4,0.06,133.6,45.8,179.4,139.5,2.6,0.26,16.5,1052.8,0.06,139.7,47.9,187.5,152.0,2.9,0.29,18.0,1146.1,0.07,152.2,52.1,204.3,541.4,10.2,1.02,64.0,4085.8,0.23,542.0,185.8,727.8,47.51,0.0,0.0,47.51,49.72,0.0,0.0,49.72,0.0,0.0,0.0,2912.1,264.7,1574.7,0.0,0.0,0.0,0.0,0.0,1072.7,0.0,0.0,0.0,0.0,0.0,0.0,0.0,264.7,0.0
2050-09-15 04:00:00,2050-09-15 02:00:00,1590.5,0.0,0.0,1.9,1592.4,1540.6,1333.8,0.0,290.3,0.0314,0.0416,battery,gas-cc,206.5,3.9,0.39,24.4,1558.2,0.09,206.7,70.9,277.6,214.0,4.0,0.4,25.3,1615.2,0.09,214.3,73.4,287.7,161.4,3.0,0.31,19.1,1216.6,0.07,161.5,55.3,216.9,452.7,8.5,0.85,53.5,3415.9,0.2,453.2,155.3,608.5,47.51,0.0,0.0,47.51,49.57,0.0,0.0,49.57,0.0,0.0,0.0,1882.7,258.6,551.3,0.0,0.0,0.0,0.0,0.0,1072.7,0.0,0.0,0.0,0.0,0.0,0.0,0.0,258.6,0.0
2050-09-15 05:00:00,2050-09-15 03:00:00,1503.2,0.0,0.0,0.0,1503.2,1456.8,1230.4,0.0,0.0,0.0309,0.0393,battery,gas-cc,258.6,4.9,0.49,30.6,1951.7,0.11,258.9,88.7,347.6,267.2,5.0,0.5,31.6,2016.1,0.12,267.5,91.7,359.1,197.5,3.7,0.37,23.3,1489.2,0.09,197.7,67.7,265.4,451.6,8.5,0.85,53.3,3407.8,0.2,452.1,155.0,607.0,47.51,0.0,0.0,47.51,49.45,0.0,0.0,49.45,0.0,0.0,0.0,1503.2,272.7,157.7,0.0,0.0,0.0,0.0,0.0,1072.7,0.0,0.0,0.0,0.0,0.0,0.0,0.0,272.7,0.0
2050-09-15 06:00:00,2050-09-15 04:00:00,1469.5,0.0,0.0,0.0,1469.5,1424.4,1196.2,0.0,0.0,0.0307,0.0384,battery,gas-cc,264.6,5.0,0.5,31.3,1996.4,0.11,264.8,90.8,355.6,273.2,5.1,0.51,32.3,2061.5,0.12,273.5,93.7,367.2,151.7,2.9,0.29,17.9,1144.0,0.07,151.9,52.0,203.9,451.2,8.5,0.85,53.3,3404.7,0.2,451.7,154.8,606.5,47.51,0.0,0.0,47.51,49.4,0.0,0.0,49.4,0.0,0.0,0.0,1469.5,273.3,123.5,0.0,0.0,0.0,0.0,0.0,1072.7,0.0,0.0,0.0,0.0,0.0,0.0,0.0,273.3,0.0
2050-09-15 07:00:00,2050-09-15 05:00:00,1503.2,0.0,0.0,1.6,1504.8,1456.8,1232.6,0.0,245.6,0.0309,0.0393,hydro,gas-cc,222.1,4.2,0.42,26.2,1676.1,0.1,222.3,76.2,298.6,229.9,4.3,0.43,27.2,1734.6,0.1,230.1,78.9,309.0,152.2,2.9,0.29,18.0,1147.5,0.07,152.4,52.2,204.6,459.6,8.7,0.87,54.3,3468.5,0.2,460.1,157.7,617.8,47.51,0.0,0.0,47.51,49.45,0.0,0.0,49.45,0.0,0.0,0.0,1750.3,272.2,405.4,0.0,0.0,0.0,0.0,0.0,1072.7,0.0,0.0,0.0,0.0,0.0,0.0,0.0,272.2,0.0
2050-09-15 08:00:00,2050-09-15 06:00:00,1530.5,0.0,0.0,23.3,1553.9,1483.0,-2458.0,0.0,2458.0,0.031,0.04,gas-cc,gas-cc,0.0,0.0,0.0,0.0,0.0,0.0,0.0,0.0,0.0,0.0,0.0,0.0,0.0,0.0,0.0,0.0,0.0,0.0,139.9,2.6,0.26,16.5,1054.9,0.06,140.1,48.0,188.1,366.5,6.9,0.69,43.3,2765.3,0.16,366.8,125.7,492.6,22.82,0.0,0.0,22.82,23.77,0.0,0.0,23.77,0.0,0.0,0.0,4011.9,4011.9,0.0,0.0,0.0,0.0,0.0,158.2,0.0,0.0,0.0,0.0,0.0,0.0,0.0,3589.8,264.0,0.0
2050-09-15 09:00:00,2050-09-15 07:00:00,1693.7,2999.5,0.0,0.0,4693.2,1639.3,0.0,0.0,0.0,0.0321,0.0443,upv,upv,0.0,0.0,0.0,0.0,0.0,0.0,0.0,0.0,0.0,0.0,0.0,0.0,0.0,0.0,0.0,0.0,0.0,0.0,270.4,5.1,0.51,31.9,2040.1,0.12,270.7,92.8,363.5,0.0,0.0,0.0,0.0,0.0,0.0,0.0,0.0,0.0,0.0,0.0,0.0,0.0,0.0,0.0,0.0,0.0,0.0,5166.8,5166.8,4693.2,4693.2,0.0,0.0,0.0,0.0,0.0,404.6,0.0,0.0,0.0,0.0,0.0,0.0,0.0,4016.0,272.6,0.0
2050-09-15 10:00:00,2050-09-15 08:00:00,1863.2,4019.6,0.0,0.0,5882.7,1800.9,-0.0,0.0,0.0,0.0334,0.0487,upv,upv,0.0,0.0,0.0,0.0,0.0,0.0,0.0,0.0,0.0,0.0,0.0,0.0,0.0,0.0,0.0,0.0,0.0,0.0,140.2,2.6,0.27,16.6,1056.7,0.06,140.3,48.1,188.4,0.0,0.0,0.0,0.0,0.0,0.0,0.0,0.0,0.0,0.0,0.0,0.0,0.0,0.0,0.0,0.0,0.0,0.0,4698.4,4698.4,5882.7,5882.7,0.0,0.0,0.0,0.0,0.0,435.2,0.0,0.0,0.0,0.0,0.0,0.0,0.0,5175.9,271.6,0.0
2050-09-15 11:00:00,2050-09-15 09:00:00,1951.6,4019.6,0.0,0.0,5971.2,1884.9,0.0,0.0,0.0,0.0342,0.051,upv,upv,0.0,0.0,0.0,0.0,0.0,0.0,0.0,0.0,0.0,0.0,0.0,0.0,0.0,0.0,0.0,0.0,0.0,0.0,227.5,4.3,0.43,26.9,1716.1,0.1,227.7,78.0,305.8,0.0,0.0,0.0,0.0,0.0,0.0,0.0,0.0,0.0,0.0,0.0,0.0,0.0,0.0,0.0,0.0,0.0,0.0,4565.4,4565.4,5971.2,5971.2,0.0,0.0,0.0,0.0,0.0,433.8,0.0,0.0,0.0,0.0,0.0,0.0,0.0,5283.1,254.3,0.0
2050-09-15 12:00:00,2050-09-15 10:00:00,1992.6,2821.5,0.0,0.0,4814.2,1923.9,0.0,0.0,0.0,0.0345,0.0521,upv,upv,0.0,0.0,0.0,0.0,0.0,0.0,0.0,0.0,0.0,0.0,0.0,0.0,0.0,0.0,0.0,0.0,0.0,0.0,140.3,2.6,0.27,16.6,1057.9,0.06,140.5,48.1,188.6,0.0,0.0,0.0,0.0,0.0,0.0,0.0,0.0,0.0,0.0,0.0,0.0,0.0,0.0,0.0,0.0,0.0,0.0,5713.5,5713.5,4814.2,4814.2,0.0,0.0,0.0,0.0,0.0,433.8,0.0,0.0,0.0,0.0,0.0,0.0,0.0,4135.0,245.4,0.0
2050-09-15 13:00:00,2050-09-15 11:00:00,2033.7,3406.0,0.0,0.0,5439.7,1962.7,0.0,0.0,0.0,0.0349,0.0532,upv,upv,0.0,0.0,0.0,0.0,0.0,0.0,0.0,0.0,0.0,0.0,0.0,0.0,0.0,0.0,0.0,0.0,0.0,0.0,150.4,2.8,0.28,17.8,1134.2,0.07,150.6,51.6,202.2,0.0,0.0,0.0,0.0,0.0,0.0,0.0,0.0,0.0,0.0,0.0,0.0,0.0,0.0,0.0,0.0,0.0,0.0,5038.7,5038.7,5439.7,5439.7,0.0,0.0,0.0,0.0,0.0,432.7,0.0,0.0,0.0,0.0,0.0,0.0,0.0,4777.5,229.5,0.0
2050-09-15 14:00:00,2050-09-15 12:00:00,2115.8,2655.8,0.0,0.0,4771.6,2040.4,0.0,0.0,0.0,0.0356,0.0553,upv,upv,0.0,0.0,0.0,0.0,0.0,0.0,0.0,0.0,0.0,0.0,0.0,0.0,0.0,0.0,0.0,0.0,0.0,0.0,145.5,2.7,0.28,17.2,1096.9,0.06,145.6,49.9,195.5,0.0,0.0,0.0,0.0,0.0,0.0,0.0,0.0,0.0,0.0,0.0,0.0,0.0,0.0,0.0,0.0,0.0,0.0,5660.7,5660.7,4771.6,4771.6,0.0,0.0,0.0,0.0,0.0,432.3,0.0,0.0,0.0,0.0,0.0,0.0,0.0,4149.0,190.3,0.0
2050-09-15 15:00:00,2050-09-15 13:00:00,2201.1,3762.7,0.0,0.0,5963.8,2120.8,0.0,0.0,0.0,0.0364,0.0576,upv,upv,0.0,0.0,0.0,0.0,0.0,0.0,0.0,0.0,0.0,0.0,0.0,0.0,0.0,0.0,0.0,0.0,0.0,0.0,143.9,2.7,0.27,17.0,1084.8,0.06,144.0,49.3,193.4,0.0,0.0,0.0,0.0,0.0,0.0,0.0,0.0,0.0,0.0,0.0,0.0,0.0,0.0,0.0,0.0,0.0,0.0,4205.3,4205.3,5963.8,5963.8,0.0,0.0,0.0,0.0,0.0,423.0,0.0,0.0,0.0,0.0,0.0,0.0,0.0,5391.1,149.7,0.0
2050-09-15 16:00:00,2050-09-15 14:00:00,2286.3,2617.9,0.0,0.0,4904.3,2201.1,0.0,0.0,0.0,0.0373,0.0598,upv,upv,0.0,0.0,0.0,0.0,0.0,0.0,0.0,0.0,0.0,0.0,0.0,0.0,0.0,0.0,0.0,0.0,0.0,0.0,140.7,2.7,0.27,16.6,1060.9,0.06,140.9,48.3,189.1,0.0,0.0,0.0,0.0,0.0,0.0,0.0,0.0,0.0,0.0,0.0,0.0,0.0,0.0,0.0,0.0,0.0,0.0,4967.7,4967.7,4904.3,4904.3,0.0,0.0,0.0,0.0,0.0,410.7,0.0,0.0,0.0,0.0,0.0,0.0,0.0,4350.8,142.7,0.0
2050-09-15 17:00:00,2050-09-15 15:00:00,2400.0,2431.9,0.0,0.0,4831.9,2307.8,-0.0,0.0,0.0,0.0384,0.0628,upv,upv,0.0,0.0,0.0,0.0,0.0,0.0,0.0,0.0,0.0,0.0,0.0,0.0,0.0,0.0,0.0,0.0,0.0,0.0,142.1,2.7,0.27,16.8,1071.5,0.06,142.3,48.7,191.0,0.0,0.0,0.0,0.0,0.0,0.0,0.0,0.0,0.0,0.0,0.0,0.0,0.0,0.0,0.0,0.0,0.0,0.0,4374.1,4374.1,4831.9,4831.9,0.0,0.0,0.0,0.0,0.0,381.8,0.0,0.0,0.0,0.0,0.0,0.0,0.0,4291.8,158.3,0.0
2050-09-15 18:00:00,2050-09-15 16:00:00,2541.1,2431.9,0.0,3.9,4976.8,2439.8,-593.0,0.0,593.0,0.0399,0.0665,upv,upv,0.0,0.0,0.0,0.0,0.0,0.0,0.0,0.0,0.0,0.0,0.0,0.0,0.0,0.0,0.0,0.0,0.0,0.0,147.8,2.8,0.28,17.5,1114.3,0.06,148.0,50.7,198.6,0.0,0.0,0.0,0.0,0.0,0.0,0.0,0.0,0.0,0.0,0.0,0.0,0.0,0.0,0.0,0.0,0.0,0.0,1814.1,1814.1,5569.8,5569.8,0.0,0.0,0.0,0.0,0.0,303.3,0.0,0.0,0.0,0.0,0.0,0.0,0.0,5068.2,198.2,0.0
2050-09-15 19:00:00,2050-09-15 17:00:00,2597.9,0.0,0.0,28.9,2626.8,2492.8,361.7,0.0,2816.0,0.0405,0.0679,battery,gas-cc,71.4,1.3,0.13,8.4,539.0,0.03,71.5,24.5,96.0,75.6,1.4,0.14,8.9,570.3,0.03,75.7,25.9,101.6,146.6,2.8,0.28,17.3,1105.1,0.06,146.7,50.3,197.0,456.1,8.6,0.86,53.9,3441.5,0.2,456.6,156.5,613.0,45.54,0.0,0.0,45.54,48.85,0.0,0.0,48.85,0.0,0.0,0.0,5442.8,2265.1,2105.0,0.0,0.0,0.0,0.0,84.7,1072.7,0.0,0.0,0.0,0.0,0.0,0.0,1922.5,257.8,0.0
2050-09-15 20:00:00,2050-09-15 18:00:00,2608.4,0.0,0.0,21.1,2629.5,2502.6,2357.7,0.0,2312.1,0.0406,0.0682,battery,gas-ct,78.7,1.5,0.15,9.3,593.7,0.03,78.8,27.0,105.7,84.1,1.6,0.16,10.0,635.0,0.04,84.2,28.9,113.1,153.6,2.9,0.29,18.1,1158.0,0.07,153.8,52.7,206.4,594.5,11.2,1.12,70.2,4485.8,0.26,595.1,204.0,799.1,45.54,0.0,0.0,45.54,48.87,0.0,0.0,48.87,0.0,0.0,0.0,4941.6,271.8,3597.1,0.0,0.0,0.0,0.0,0.0,1072.7,0.0,0.0,0.0,0.0,0.0,0.0,0.0,271.8,0.0
2050-09-15 21:00:00,2050-09-15 19:00:00,2567.4,0.0,0.0,13.3,2580.7,2464.3,2306.1,0.0,1812.1,0.0401,0.0671,battery,gas-ct,88.5,1.7,0.17,10.5,667.8,0.04,88.6,30.4,119.0,94.2,1.8,0.18,11.1,711.2,0.04,94.3,32.4,126.7,153.3,2.9,0.29,18.1,1155.5,0.07,153.4,52.6,206.0,593.8,11.2,1.12,70.1,4480.7,0.26,594.4,203.7,798.1,45.54,0.0,0.0,45.54,48.81,0.0,0.0,48.81,0.0,0.0,0.0,4392.8,274.6,3045.5,0.0,0.0,0.0,0.0,0.0,1072.7,0.0,0.0,0.0,0.0,0.0,0.0,0.0,274.6,0.0
2050-09-15 22:00:00,2050-09-15 20:00:00,2386.3,0.0,0.0,10.7,2397.0,2295.0,2123.6,0.0,1640.0,0.0383,0.0624,battery,gas-cc,96.3,1.8,0.18,11.4,726.7,0.04,96.4,33.0,129.4,102.1,1.9,0.19,12.1,770.4,0.04,102.2,35.0,137.2,153.4,2.9,0.29,18.1,1156.7,0.07,153.6,52.6,206.2,453.4,8.5,0.85,53.6,3421.2,0.2,453.9,155.6,609.4,45.54,0.0,0.0,45.54,48.57,0.0,0.0,48.57,0.0,0.0,0.0,4036.9,273.4,2690.8,0.0,0.0,0.0,0.0,0.0,1072.7,0.0,0.0,0.0,0.0,0.0,0.0,0.0,273.4,0.0
2050-09-15 23:00:00,2050-09-15 21:00:00,2188.4,0.0,0.0,24.9,2213.3,2108.9,1948.3,0.0,2559.6,0.0363,0.0572,battery,gas-ct,81.5,1.5,0.15,9.6,614.6,0.04,81.5,27.9,109.5,86.6,1.6,0.16,10.2,653.8,0.04,86.7,29.7,116.5,153.0,2.9,0.29,18.1,1153.3,0.07,153.1,52.5,205.6,587.5,11.1,1.11,69.4,4433.6,0.25,588.2,201.6,789.8,45.54,0.0,0.0,45.54,48.3,0.0,0.0,48.3,0.0,0.0,0.0,4772.9,265.1,3435.1,0.0,0.0,0.0,0.0,0.0,1072.7,0.0,0.0,0.0,0.0,0.0,0.0,0.0,265.1,0.0
2050-09-16 00:00:00,2050-09-15 22:00:00,2067.4,0.0,0.0,28.9,2096.3,1994.6,1831.2,0.0,2816.0,0.0352,0.0541,battery,gas-cc,79.1,1.5,0.15,9.3,597.2,0.03,79.2,27.2,106.4,84.2,1.6,0.16,10.0,635.1,0.04,84.3,28.9,113.1,153.4,2.9,0.29,18.1,1152.7,0.07,153.5,52.5,206.0,399.0,7.5,0.75,47.1,3011.3,0.17,399.5,136.9,536.4,40.11,0.0,0.0,40.11,42.41,0.0,0.0,42.41,0.0,0.0,0.0,4912.3,265.1,3574.5,0.0,0.0,0.0,0.0,0.0,1072.7,0.0,0.0,0.0,0.0,0.0,0.0,0.0,265.1,0.0
2050-09-16 01:00:00,2050-09-15 23:00:00,1889.5,0.0,0.0,27.8,1917.3,1825.9,1651.7,0.0,2748.4,0.0336,0.0494,battery,gas-cc,83.3,1.6,0.16,9.8,628.8,0.04,83.4,28.6,112.0,88.3,1.7,0.17,10.4,666.4,0.04,88.4,30.3,118.7,153.0,2.9,0.29,18.1,1153.2,0.07,153.1,52.5,205.6,397.1,7.5,0.75,46.9,2996.5,0.17,397.5,136.3,533.8,40.11,0.0,0.0,40.11,42.2,0.0,0.0,42.2,0.0,0.0,0.0,4665.7,265.6,3327.4,0.0,0.0,0.0,0.0,0.0,1072.7,0.0,0.0,0.0,0.0,0.0,0.0,0.0,265.6,0.0
2050-09-16 02:00:00,2050-09-16 00:00:00,1704.2,0.0,0.0,10.7,1714.9,1649.4,1445.8,0.0,1643.9,0.0322,0.0446,battery,gas-cc,115.7,2.2,0.22,13.7,873.4,0.05,115.9,39.7,155.6,121.3,2.3,0.23,14.3,915.7,0.05,121.5,41.6,163.1,153.0,2.9,0.29,18.1,1153.1,0.07,153.1,52.5,205.6,395.1,7.4,0.74,46.7,2981.3,0.17,395.5,135.6,531.1,40.11,0.0,0.0,40.11,41.99,0.0,0.0,41.99,0.0,0.0,0.0,3358.9,269.2,2016.9,0.0,0.0,0.0,0.0,0.0,1072.7,0.0,0.0,0.0,0.0,0.0,0.0,0.0,269.2,0.0
2050-09-16 03:00:00,2050-09-16 01:00:00,1553.7,0.0,0.0,10.7,1564.3,1505.3,1301.2,0.0,1640.0,0.0312,0.0406,battery,gas-cc,121.3,2.3,0.23,14.3,915.5,0.05,121.5,41.6,163.1,126.9,2.4,0.24,15.0,957.9,0.06,127.1,43.6,170.6,288.7,5.4,0.54,34.1,2178.6,0.13,289.0,99.1,388.1,393.5,7.4,0.74,46.5,2969.1,0.17,393.9,135.0,528.9,40.11,0.0,0.0,40.11,41.81,0.0,0.0,41.81,0.0,0.0,0.0,3204.3,263.2,1868.4,0.0,0.0,0.0,0.0,0.0,1072.7,0.0,0.0,0.0,0.0,0.0,0.0,0.0,263.2,0.0
2050-09-16 04:00:00,2050-09-16 02:00:00,1451.6,0.0,0.0,4.1,1455.7,1407.2,1197.1,0.0,634.3,0.0306,0.038,battery,gas-cc,186.0,3.5,0.35,22.0,1403.7,0.08,186.2,63.8,250.0,192.9,3.6,0.36,22.8,1456.0,0.08,193.1,66.2,259.4,244.4,4.6,0.46,28.9,1844.1,0.11,244.7,83.9,328.6,392.4,7.4,0.74,46.4,2960.9,0.17,392.8,134.6,527.4,40.11,0.0,0.0,40.11,41.7,0.0,0.0,41.7,0.0,0.0,0.0,2090.0,258.6,758.6,0.0,0.0,0.0,0.0,0.0,1072.7,0.0,0.0,0.0,0.0,0.0,0.0,0.0,258.6,0.0
2050-09-16 05:00:00,2050-09-16 03:00:00,1378.9,0.0,0.0,0.0,1378.9,1337.2,1125.5,0.0,0.0,0.0303,0.0361,battery,gas-cc,281.9,5.3,0.53,33.3,2127.5,0.12,282.2,96.7,379.0,290.8,5.5,0.55,34.4,2194.7,0.13,291.1,99.8,390.9,250.7,4.7,0.47,29.6,1891.7,0.11,251.0,86.0,337.0,476.5,9.0,0.9,56.3,3595.9,0.21,477.0,163.5,640.5,40.11,0.0,0.0,40.11,41.61,0.0,0.0,41.61,0.0,0.0,0.0,1378.9,253.5,52.8,0.0,0.0,0.0,0.0,0.0,1072.7,0.0,0.0,0.0,0.0,0.0,0.0,0.0,253.5,0.0
2050-09-16 06:00:00,2050-09-16 04:00:00,1340.0,0.0,0.0,0.0,1340.0,1299.7,1086.8,0.0,0.0,0.0301,0.035,battery,gas-cc,290.1,5.5,0.55,34.3,2189.3,0.13,290.4,99.5,390.0,299.2,5.6,0.56,35.3,2257.5,0.13,299.5,102.6,402.1,201.2,3.8,0.38,23.8,1516.4,0.09,201.5,69.0,270.4,476.0,9.0,0.9,56.2,3592.1,0.21,476.5,163.3,639.9,40.11,0.0,0.0,40.11,41.57,0.0,0.0,41.57,0.0,0.0,0.0,1340.0,253.2,14.1,0.0,0.0,0.0,0.0,0.0,1072.7,0.0,0.0,0.0,0.0,0.0,0.0,0.0,253.2,0.0
2050-09-16 07:00:00,2050-09-16 05:00:00,1327.4,0.0,0.0,0.0,1327.4,1287.5,1078.2,0.0,0.0,0.0301,0.0347,battery,gas-cc,292.9,5.5,0.55,34.6,2210.1,0.13,293.2,100.5,393.7,302.0,5.7,0.57,35.7,2278.7,0.13,302.3,103.6,405.9,294.0,5.5,0.55,34.7,2218.5,0.13,294.3,100.9,395.2,391.0,7.4,0.74,46.2,2950.9,0.17,391.5,134.2,525.6,40.11,0.0,0.0,40.11,41.56,0.0,0.0,41.56,0.0,0.0,0.0,1327.4,249.2,5.4,0.0,0.0,0.0,0.0,0.0,1072.7,0.0,0.0,0.0,0.0,0.0,0.0,0.0,249.2,0.0
2050-09-16 08:00:00,2050-09-16 06:00:00,1265.3,0.0,0.0,27.9,1293.2,1227.5,-2751.8,0.0,2751.8,0.0299,0.0331,wind-ons,wind-ons,0.0,0.0,0.0,0.0,0.0,0.0,0.0,0.0,0.0,0.0,0.0,0.0,0.0,0.0,0.0,0.0,0.0,0.0,139.7,2.6,0.26,16.5,1052.8,0.06,139.8,47.9,187.7,0.0,0.0,0.0,0.0,0.0,0.0,0.0,0.0,0.0,4.54,0.0,0.0,4.54,4.69,0.0,0.0,4.69,0.0,0.0,0.0,4045.0,4045.0,0.0,0.0,0.0,0.0,0.0,160.9,0.0,0.0,0.0,0.0,0.0,0.0,0.0,3651.2,232.9,0.0
2050-09-16 09:00:00,2050-09-16 07:00:00,1329.5,1609.5,0.0,0.0,2938.9,1289.5,0.0,0.0,0.0,0.0301,0.0348,upv,upv,0.0,0.0,0.0,0.0,0.0,0.0,0.0,0.0,0.0,0.0,0.0,0.0,0.0,0.0,0.0,0.0,0.0,0.0,139.7,2.6,0.26,16.5,1053.0,0.06,139.8,47.9,187.7,0.0,0.0,0.0,0.0,0.0,0.0,0.0,0.0,0.0,0.0,0.0,0.0,0.0,0.0,0.0,0.0,0.0,0.0,6995.2,6995.2,2938.9,2938.9,0.0,0.0,0.0,0.0,0.0,411.1,0.0,0.0,0.0,0.0,0.0,0.0,0.0,2329.8,198.1,0.0
2050-09-16 10:00:00,2050-09-16 08:00:00,1455.8,2431.9,0.0,0.0,3887.7,1411.2,0.0,0.0,0.0,0.0306,0.0381,upv,upv,0.0,0.0,0.0,0.0,0.0,0.0,0.0,0.0,0.0,0.0,0.0,0.0,0.0,0.0,0.0,0.0,0.0,0.0,139.8,2.6,0.26,16.5,1053.6,0.06,139.9,47.9,187.8,0.0,0.0,0.0,0.0,0.0,0.0,0.0,0.0,0.0,0.0,0.0,0.0,0.0,0.0,0.0,0.0,0.0,0.0,6605.9,6605.9,3887.7,3887.7,0.0,0.0,0.0,0.0,0.0,435.2,0.0,0.0,0.0,0.0,0.0,0.0,0.0,3268.4,184.0,0.0
2050-09-16 11:00:00,2050-09-16 09:00:00,1603.2,4019.6,0.0,0.0,5622.7,1552.7,-0.0,0.0,0.0,0.0315,0.0419,upv,upv,0.0,0.0,0.0,0.0,0.0,0.0,0.0,0.0,0.0,0.0,0.0,0.0,0.0,0.0,0.0,0.0,0.0,0.0,139.9,2.6,0.26,16.5,1054.6,0.06,140.0,48.0,188.0,0.0,0.0,0.0,0.0,0.0,0.0,0.0,0.0,0.0,0.0,0.0,0.0,0.0,0.0,0.0,0.0,0.0,0.0,4835.1,4835.1,5622.7,5622.7,0.0,0.0,0.0,0.0,0.0,435.2,0.0,0.0,0.0,0.0,0.0,0.0,0.0,5039.2,148.3,0.0
2050-09-16 12:00:00,2050-09-16 10:00:00,1760.0,4019.6,0.0,0.0,5779.6,1702.6,0.0,0.0,0.0,0.0326,0.046,upv,upv,0.0,0.0,0.0,0.0,0.0,0.0,0.0,0.0,0.0,0.0,0.0,0.0,0.0,0.0,0.0,0.0,0.0,0.0,140.0,2.6,0.27,16.5,1055.8,0.06,140.2,48.0,188.2,0.0,0.0,0.0,0.0,0.0,0.0,0.0,0.0,0.0,0.0,0.0,0.0,0.0,0.0,0.0,0.0,0.0,0.0,4561.3,4561.3,5779.6,5779.6,0.0,0.0,0.0,0.0,0.0,432.7,0.0,0.0,0.0,0.0,0.0,0.0,0.0,5254.8,92.1,0.0
2050-09-16 13:00:00,2050-09-16 11:00:00,1891.6,3045.5,0.0,0.0,4937.0,1827.9,0.0,0.0,0.0,0.0336,0.0495,upv,upv,0.0,0.0,0.0,0.0,0.0,0.0,0.0,0.0,0.0,0.0,0.0,0.0,0.0,0.0,0.0,0.0,0.0,0.0,142.3,2.7,0.27,16.8,1072.9,0.06,142.5,48.8,191.3,0.0,0.0,0.0,0.0,0.0,0.0,0.0,0.0,0.0,0.0,0.0,0.0,0.0,0.0,0.0,0.0,0.0,0.0,5223.5,5223.5,4937.0,4937.0,0.0,0.0,0.0,0.0,0.0,427.3,0.0,0.0,0.0,0.0,0.0,0.0,0.0,4469.8,39.9,0.0
2050-09-16 14:00:00,2050-09-16 12:00:00,2046.3,4019.6,0.0,0.0,6065.9,1974.7,0.0,0.0,0.0,0.035,0.0535,upv,upv,0.0,0.0,0.0,0.0,0.0,0.0,0.0,0.0,0.0,0.0,0.0,0.0,0.0,0.0,0.0,0.0,0.0,0.0,141.7,2.7,0.27,16.7,1068.4,0.06,141.9,48.6,190.5,0.0,0.0,0.0,0.0,0.0,0.0,0.0,0.0,0.0,0.0,0.0,0.0,0.0,0.0,0.0,0.0,0.0,0.0,4045.9,4045.9,6065.9,6065.9,0.0,0.0,0.0,0.0,0.0,425.8,0.0,0.0,0.0,0.0,0.0,0.0,0.0,5621.6,18.5,0.0
2050-09-16 15:00:00,2050-09-16 13:00:00,2175.8,2917.5,0.0,0.0,5093.3,2097.0,0.0,0.0,0.0,0.0362,0.0569,upv,upv,0.0,0.0,0.0,0.0,0.0,0.0,0.0,0.0,0.0,0.0,0.0,0.0,0.0,0.0,0.0,0.0,0.0,0.0,140.6,2.7,0.27,16.6,1059.7,0.06,140.7,48.2,188.9,0.0,0.0,0.0,0.0,0.0,0.0,0.0,0.0,0.0,0.0,0.0,0.0,0.0,0.0,0.0,0.0,0.0,9.6,5054.3,5063.9,5093.3,5093.3,0.0,0.0,0.0,0.0,0.0,428.4,0.0,0.0,0.0,0.0,0.0,0.0,0.0,4665.0,0.0,0.0
2050-09-16 16:00:00,2050-09-16 14:00:00,2293.7,3397.2,0.0,0.0,5690.9,2208.0,0.0,0.0,0.0,0.0373,0.06,upv,upv,0.0,0.0,0.0,0.0,0.0,0.0,0.0,0.0,0.0,0.0,0.0,0.0,0.0,0.0,0.0,0.0,0.0,0.0,140.7,2.7,0.27,16.6,1061.0,0.06,140.9,48.3,189.2,0.0,0.0,0.0,0.0,0.0,0.0,0.0,0.0,0.0,0.0,0.0,0.0,0.0,0.0,0.0,0.0,0.0,3.4,4476.8,4480.2,5690.9,5690.9,0.0,0.0,0.0,0.0,0.0,429.1,0.0,0.0,0.0,0.0,0.0,0.0,0.0,5261.8,0.0,0.0
2050-09-16 17:00:00,2050-09-16 15:00:00,2407.4,3274.2,0.0,0.0,5681.6,2314.7,0.0,0.0,0.0,0.0385,0.063,upv,upv,0.0,0.0,0.0,0.0,0.0,0.0,0.0,0.0,0.0,0.0,0.0,0.0,0.0,0.0,0.0,0.0,0.0,0.0,140.9,2.7,0.27,16.6,1062.3,0.06,141.1,48.3,189.4,0.0,0.0,0.0,0.0,0.0,0.0,0.0,0.0,0.0,0.0,0.0,0.0,0.0,0.0,0.0,0.0,0.0,1.8,4236.5,4238.3,5681.6,5681.6,0.0,0.0,0.0,0.0,0.0,418.6,0.0,0.0,0.0,0.0,0.0,0.0,0.0,5263.0,0.0,0.0
2050-09-16 18:00:00,2050-09-16 16:00:00,2517.9,2431.9,0.0,0.0,4949.8,2418.1,0.0,0.0,0.0,0.0396,0.0658,upv,upv,0.0,0.0,0.0,0.0,0.0,0.0,0.0,0.0,0.0,0.0,0.0,0.0,0.0,0.0,0.0,0.0,0.0,0.0,141.1,2.7,0.27,16.7,1063.5,0.06,141.2,48.4,189.6,0.0,0.0,0.0,0.0,0.0,0.0,0.0,0.0,0.0,0.0,0.0,0.0,0.0,0.0,0.0,0.0,0.0,1.7,2815.9,2817.6,4949.8,4949.8,0.0,0.0,0.0,0.0,0.0,327.7,0.0,0.0,0.0,0.0,0.0,0.0,0.0,4622.1,0.0,0.0
2050-09-16 19:00:00,2050-09-16 17:00:00,2577.9,0.0,0.0,14.1,2592.0,2474.1,544.5,0.0,1861.8,0.0402,0.0674,battery,gas-cc,87.3,1.6,0.16,10.3,658.7,0.04,87.4,30.0,117.3,91.8,1.7,0.17,10.9,693.0,0.04,91.9,31.5,123.4,149.7,2.8,0.28,17.7,1128.5,0.07,149.9,51.3,201.2,503.8,9.5,0.95,59.5,3801.8,0.22,504.4,172.9,677.2,37.37,0.0,0.0,37.37,40.08,0.0,0.0,40.08,0.0,0.0,0.0,4453.8,2047.5,1333.5,0.0,0.0,0.0,0.0,86.3,1072.7,0.0,0.0,0.0,0.0,0.0,0.0,1958.1,3.1,0.0
2050-09-16 20:00:00,2050-09-16 18:00:00,2535.8,0.0,0.0,18.8,2554.6,2434.9,2541.2,0.0,2166.3,0.0398,0.0663,battery,gas-cc,82.3,1.6,0.16,9.7,621.4,0.04,82.4,28.3,110.7,88.0,1.7,0.17,10.4,664.3,0.04,88.1,30.2,118.3,160.6,3.0,0.31,19.0,1207.9,0.07,160.8,55.0,215.8,503.2,9.5,0.95,59.4,3797.4,0.22,503.8,172.7,676.4,37.37,0.0,0.0,37.37,40.03,0.0,0.0,40.03,0.0,0.0,0.0,4720.9,13.4,3634.7,0.0,0.0,0.0,0.0,0.0,1072.7,0.0,0.0,0.0,0.0,0.0,0.0,0.0,13.4,0.0
2050-09-16 21:00:00,2050-09-16 19:00:00,2480.0,0.0,0.0,10.7,2490.7,2382.7,2482.1,0.0,1640.0,0.0392,0.0649,battery,gas-cc,94.1,1.8,0.18,11.1,710.2,0.04,94.2,32.3,126.5,100.1,1.9,0.19,11.8,755.6,0.04,100.2,34.4,134.6,154.3,2.9,0.29,18.2,1163.1,0.07,154.4,52.9,207.3,502.4,9.5,0.95,59.4,3791.4,0.22,503.0,172.4,675.4,37.37,0.0,0.0,37.37,39.97,0.0,0.0,39.97,0.0,0.0,0.0,4130.6,8.6,3049.3,0.0,0.0,0.0,0.0,0.0,1072.7,0.0,0.0,0.0,0.0,0.0,0.0,0.0,8.6,0.0
2050-09-16 22:00:00,2050-09-16 20:00:00,2296.8,0.0,0.0,10.7,2307.5,2211.0,2305.4,0.0,1640.0,0.0374,0.0601,battery,gas-cc,98.5,1.9,0.19,11.6,743.2,0.04,98.6,33.8,132.4,104.4,2.0,0.2,12.4,788.2,0.05,104.6,35.9,140.4,154.0,2.9,0.29,18.2,1161.0,0.07,154.2,52.8,207.0,499.9,9.4,0.94,59.0,3772.1,0.22,500.4,171.5,671.9,37.37,0.0,0.0,37.37,39.76,0.0,0.0,39.76,0.0,0.0,0.0,3947.5,2.1,2872.7,0.0,0.0,0.0,0.0,0.0,1072.7,0.0,0.0,0.0,0.0,0.0,0.0,0.0,2.1,0.0
2050-09-16 23:00:00,2050-09-16 21:00:00,2108.4,0.0,0.0,10.7,2119.1,2033.4,2117.4,0.0,1640.0,0.0356,0.0551,battery,gas-cc,103.4,1.9,0.19,12.2,780.4,0.04,103.5,35.5,139.0,109.3,2.1,0.21,12.9,825.0,0.05,109.4,37.5,147.0,190.0,3.6,0.36,22.4,1432.9,0.08,190.2,65.2,255.4,497.3,9.4,0.94,58.7,3752.4,0.22,497.8,170.6,668.4,37.37,0.0,0.0,37.37,39.56,0.0,0.0,39.56,0.0,0.0,0.0,3759.0,1.7,2684.6,0.0,0.0,0.0,0.0,0.0,1072.7,0.0,0.0,0.0,0.0,0.0,0.0,0.0,1.7,0.0
2050-09-17 00:00:00,2050-09-16 22:00:00,2000.0,0.0,0.0,14.9,2014.9,1930.8,2010.8,0.0,1914.8,0.0346,0.0523,gas-cc,gas-cc,98.9,1.9,0.19,11.7,746.5,0.04,99.0,33.9,133.0,104.6,2.0,0.2,12.4,789.3,0.05,104.7,35.9,140.6,153.2,2.9,0.29,18.1,1155.2,0.07,153.4,52.5,205.9,411.0,7.7,0.77,48.5,3101.1,0.18,411.4,141.0,552.4,38.07,0.0,0.0,38.07,40.17,0.0,0.0,40.17,0.0,0.0,0.0,3929.7,4.1,2852.9,0.0,0.0,0.0,0.0,0.0,1072.7,0.0,0.0,0.0,0.0,0.0,0.0,0.0,4.1,0.0
2050-09-17 01:00:00,2050-09-16 23:00:00,1827.4,0.0,0.0,10.7,1838.0,1766.8,1836.7,0.0,1640.0,0.0331,0.0478,battery,gas-cc,111.8,2.1,0.21,13.2,843.5,0.05,111.9,38.4,150.3,117.6,2.2,0.22,13.9,887.7,0.05,117.8,40.4,158.1,207.7,3.9,0.39,24.5,1566.8,0.09,207.9,71.3,279.2,434.9,8.2,0.82,51.4,3281.9,0.19,435.4,149.2,584.6,38.07,0.0,0.0,38.07,39.98,0.0,0.0,39.98,0.0,0.0,0.0,3478.0,1.3,2404.0,0.0,0.0,0.0,0.0,0.0,1072.7,0.0,0.0,0.0,0.0,0.0,0.0,0.0,1.3,0.0
2050-09-17 02:00:00,2050-09-17 00:00:00,1628.4,0.0,0.0,10.7,1639.1,1576.9,1638.1,0.0,1640.0,0.0316,0.0426,battery,gas-cc,118.6,2.2,0.22,14.0,894.7,0.05,118.7,40.7,159.4,124.4,2.3,0.23,14.7,938.8,0.05,124.5,42.7,167.2,156.6,3.0,0.3,18.5,1180.9,0.07,156.8,53.7,210.5,432.5,8.2,0.82,51.1,3264.1,0.19,433.0,148.4,581.4,38.07,0.0,0.0,38.07,39.76,0.0,0.0,39.76,0.0,0.0,0.0,3279.0,1.0,2205.4,0.0,0.0,0.0,0.0,0.0,1072.7,0.0,0.0,0.0,0.0,0.0,0.0,0.0,1.0,0.0
2050-09-17 03:00:00,2050-09-17 01:00:00,1492.6,0.0,0.0,10.7,1503.3,1446.6,1502.5,0.0,1640.0,0.0308,0.039,battery,gas-cc,123.7,2.3,0.23,14.6,933.3,0.05,123.8,42.4,166.3,129.5,2.4,0.24,15.3,977.5,0.06,129.7,44.5,174.1,194.5,3.7,0.37,23.0,1467.0,0.08,194.7,66.7,261.4,430.9,8.1,0.81,50.9,3252.0,0.19,431.4,147.9,579.3,38.07,0.0,0.0,38.07,39.62,0.0,0.0,39.62,0.0,0.0,0.0,3143.3,0.8,2069.7,0.0,0.0,0.0,0.0,0.0,1072.7,0.0,0.0,0.0,0.0,0.0,0.0,0.0,0.8,0.0
2050-09-17 04:00:00,2050-09-17 02:00:00,1391.6,0.0,0.0,10.7,1402.2,1349.4,1400.9,0.0,1640.0,0.0303,0.0364,battery,gas-cc,127.8,2.4,0.24,15.1,964.3,0.06,127.9,43.8,171.8,133.7,2.5,0.25,15.8,1008.7,0.06,133.8,45.9,179.7,223.6,4.2,0.42,26.4,1687.0,0.1,223.9,76.7,300.6,429.8,8.1,0.81,50.8,3243.1,0.19,430.2,147.5,577.7,38.07,0.0,0.0,38.07,39.51,0.0,0.0,39.51,0.0,0.0,0.0,3042.2,1.3,1968.1,0.0,0.0,0.0,0.0,0.0,1072.7,0.0,0.0,0.0,0.0,0.0,0.0,0.0,1.3,0.0
2050-09-17 05:00:00,2050-09-17 03:00:00,1316.8,0.0,0.0,5.5,1322.4,1277.3,1318.1,0.0,852.2,0.03,0.0344,battery,gas-cc,178.8,3.4,0.34,21.1,1349.1,0.08,179.0,61.3,240.3,185.8,3.5,0.35,22.0,1402.0,0.08,186.0,63.8,249.7,198.5,3.7,0.38,23.5,1497.5,0.09,198.8,68.1,266.9,428.9,8.1,0.81,50.7,3236.5,0.19,429.4,147.2,576.5,38.07,0.0,0.0,38.07,39.43,0.0,0.0,39.43,0.0,0.0,0.0,2174.5,4.3,1097.6,0.0,0.0,0.0,0.0,0.0,1072.7,0.0,0.0,0.0,0.0,0.0,0.0,0.0,4.3,0.0
2050-09-17 06:00:00,2050-09-17 04:00:00,1263.2,0.0,0.0,0.0,1263.2,1225.4,1255.8,0.0,0.0,0.0299,0.033,battery,gas-cc,307.8,5.8,0.58,36.4,2322.5,0.13,308.1,105.6,413.7,317.7,6.0,0.6,37.5,2397.2,0.14,318.0,109.0,427.0,215.9,4.1,0.41,25.5,1628.6,0.09,216.1,74.1,290.2,408.9,7.7,0.77,48.3,3085.4,0.18,409.3,140.3,549.6,36.31,0.0,0.0,36.31,37.55,0.0,0.0,37.55,0.0,0.0,0.0,1263.2,7.3,183.1,0.0,0.0,0.0,0.0,0.0,1072.7,0.0,0.0,0.0,0.0,0.0,0.0,0.0,7.3,0.0
2050-09-17 07:00:00,2050-09-17 05:00:00,1240.0,0.0,0.0,0.3,1240.3,1203.0,1229.7,21.0,0.0,0.0298,0.0324,battery,gas-cc,318.8,6.0,0.6,37.7,2406.0,0.14,319.2,109.4,428.6,323.4,6.1,0.61,38.2,2440.3,0.14,323.7,111.0,434.7,155.0,2.9,0.29,18.3,1168.7,0.07,155.2,53.2,208.3,408.6,7.7,0.77,48.3,3083.5,0.18,409.1,140.2,549.3,36.31,0.0,0.0,36.31,37.53,0.0,0.0,37.53,0.0,0.0,0.0,1219.3,10.6,136.0,0.0,0.0,0.0,0.0,0.0,1072.7,0.0,0.0,0.0,0.0,0.0,0.0,0.0,10.6,0.0
2050-09-17 08:00:00,2050-09-17 06:00:00,1188.4,630.5,0.0,10.7,1829.6,1153.1,-1640.0,0.0,1640.0,0.0297,0.0311,battery,upv,0.0,0.0,0.0,0.0,0.0,0.0,0.0,0.0,0.0,0.0,0.0,0.0,0.0,0.0,0.0,0.0,0.0,0.0,139.6,2.6,0.26,16.5,1052.7,0.06,139.8,47.9,187.7,0.0,0.0,0.0,0.0,0.0,0.0,0.0,0.0,0.0,0.0,0.0,0.0,0.0,0.0,0.0,0.0,0.0,0.0,152.4,152.4,3469.5,3469.5,0.0,0.0,0.0,0.0,0.0,0.0,0.0,0.0,0.0,0.0,0.0,0.0,0.0,3457.3,12.2,0.0
2050-09-17 09:00:00,2050-09-17 07:00:00,1257.9,2909.0,0.0,0.0,4166.9,1220.3,0.0,0.0,0.0,0.0299,0.0329,upv,upv,0.0,0.0,0.0,0.0,0.0,0.0,0.0,0.0,0.0,0.0,0.0,0.0,0.0,0.0,0.0,0.0,0.0,0.0,139.7,2.6,0.26,16.5,1052.8,0.06,139.8,47.9,187.7,0.0,0.0,0.0,0.0,0.0,0.0,0.0,0.0,0.0,0.0,0.0,0.0,0.0,0.0,0.0,0.0,0.0,7.1,4894.4,4901.5,4166.9,4166.9,0.0,0.0,0.0,0.0,0.0,382.5,0.0,0.0,0.0,0.0,0.0,0.0,0.0,3784.4,0.0,0.0
2050-09-17 10:00:00,2050-09-17 08:00:00,1394.7,3600.8,0.0,0.0,4995.6,1352.4,0.0,0.0,0.0,0.0303,0.0365,upv,upv,0.0,0.0,0.0,0.0,0.0,0.0,0.0,0.0,0.0,0.0,0.0,0.0,0.0,0.0,0.0,0.0,0.0,0.0,139.7,2.6,0.26,16.5,1053.3,0.06,139.9,47.9,187.8,0.0,0.0,0.0,0.0,0.0,0.0,0.0,0.0,0.0,0.0,0.0,0.0,0.0,0.0,0.0,0.0,0.0,6.2,5199.0,5205.3,4995.6,4995.6,0.0,0.0,0.0,0.0,0.0,430.2,0.0,0.0,0.0,0.0,0.0,0.0,0.0,4565.4,0.0,0.0
2050-09-17 11:00:00,2050-09-17 09:00:00,1544.2,3211.2,0.0,0.0,4755.4,1496.2,0.0,0.0,0.0,0.0311,0.0404,upv,upv,0.0,0.0,0.0,0.0,0.0,0.0,0.0,0.0,0.0,0.0,0.0,0.0,0.0,0.0,0.0,0.0,0.0,0.0,139.8,2.6,0.26,16.5,1054.2,0.06,140.0,48.0,187.9,0.0,0.0,0.0,0.0,0.0,0.0,0.0,0.0,0.0,0.0,0.0,0.0,0.0,0.0,0.0,0.0,0.0,9.6,5526.8,5536.4,4755.4,4755.4,0.0,0.0,0.0,0.0,0.0,433.8,0.0,0.0,0.0,0.0,0.0,0.0,0.0,4321.6,0.0,0.0
2050-09-17 12:00:00,2050-09-17 10:00:00,1740.0,3625.0,0.0,0.0,5365.0,1683.6,0.0,0.0,0.0,0.0324,0.0455,upv,upv,0.0,0.0,0.0,0.0,0.0,0.0,0.0,0.0,0.0,0.0,0.0,0.0,0.0,0.0,0.0,0.0,0.0,0.0,140.0,2.6,0.27,16.5,1055.6,0.06,140.2,48.0,188.2,0.0,0.0,0.0,0.0,0.0,0.0,0.0,0.0,0.0,0.0,0.0,0.0,0.0,0.0,0.0,0.0,0.0,8.3,4748.8,4757.1,5365.0,5365.0,0.0,0.0,0.0,0.0,0.0,426.9,0.0,0.0,0.0,0.0,0.0,0.0,0.0,4938.1,0.0,0.0
2050-09-17 13:00:00,2050-09-17 11:00:00,1932.6,2784.7,0.0,0.0,4717.4,1866.9,0.0,0.0,0.0,0.034,0.0505,upv,upv,0.0,0.0,0.0,0.0,0.0,0.0,0.0,0.0,0.0,0.0,0.0,0.0,0.0,0.0,0.0,0.0,0.0,0.0,140.2,2.6,0.27,16.6,1057.3,0.06,140.4,48.1,188.5,0.0,0.0,0.0,0.0,0.0,0.0,0.0,0.0,0.0,0.0,0.0,0.0,0.0,0.0,0.0,0.0,0.0,10.5,5220.9,5231.3,4717.4,4717.4,0.0,0.0,0.0,0.0,0.0,419.4,0.0,0.0,0.0,0.0,0.0,0.0,0.0,4298.0,0.0,0.0
2050-09-17 14:00:00,2050-09-17 12:00:00,2136.8,2821.5,0.0,0.0,4958.4,2060.3,0.0,0.0,0.0,0.0358,0.0559,upv,upv,0.0,0.0,0.0,0.0,0.0,0.0,0.0,0.0,0.0,0.0,0.0,0.0,0.0,0.0,0.0,0.0,0.0,0.0,140.5,2.7,0.27,16.6,1059.3,0.06,140.7,48.2,188.9,0.0,0.0,0.0,0.0,0.0,0.0,0.0,0.0,0.0,0.0,0.0,0.0,0.0,0.0,0.0,0.0,0.0,9.1,4979.8,4988.9,4958.4,4958.4,0.0,0.0,0.0,0.0,0.0,419.4,0.0,0.0,0.0,0.0,0.0,0.0,0.0,4539.0,0.0,0.0
2050-09-17 15:00:00,2050-09-17 13:00:00,2306.3,3174.4,0.0,0.0,5480.7,2219.9,0.0,0.0,0.0,0.0375,0.0603,upv,upv,0.0,0.0,0.0,0.0,0.0,0.0,0.0,0.0,0.0,0.0,0.0,0.0,0.0,0.0,0.0,0.0,0.0,0.0,140.8,2.7,0.27,16.6,1061.1,0.06,140.9,48.3,189.2,0.0,0.0,0.0,0.0,0.0,0.0,0.0,0.0,0.0,0.0,0.0,0.0,0.0,0.0,0.0,0.0,0.0,11.4,4578.9,4590.3,5480.7,5480.7,0.0,0.0,0.0,0.0,0.0,424.4,0.0,0.0,0.0,0.0,0.0,0.0,0.0,5056.3,0.0,0.0
2050-09-17 16:00:00,2050-09-17 14:00:00,2446.3,2655.8,0.0,0.0,5102.1,2351.2,0.0,0.0,0.0,0.0389,0.064,upv,upv,0.0,0.0,0.0,0.0,0.0,0.0,0.0,0.0,0.0,0.0,0.0,0.0,0.0,0.0,0.0,0.0,0.0,0.0,141.0,2.7,0.27,16.7,1062.7,0.06,141.1,48.3,189.5,0.0,0.0,0.0,0.0,0.0,0.0,0.0,0.0,0.0,0.0,0.0,0.0,0.0,0.0,0.0,0.0,0.0,15.4,5038.6,5054.1,5102.1,5102.1,0.0,0.0,0.0,0.0,0.0,428.0,0.0,0.0,0.0,0.0,0.0,0.0,0.0,4674.1,0.0,0.0
2050-09-17 17:00:00,2050-09-17 15:00:00,2574.7,2768.8,0.0,0.0,5343.6,2471.2,0.0,0.0,0.0,0.0402,0.0673,upv,upv,0.0,0.0,0.0,0.0,0.0,0.0,0.0,0.0,0.0,0.0,0.0,0.0,0.0,0.0,0.0,0.0,0.0,0.0,141.2,2.7,0.27,16.7,1064.6,0.06,141.4,48.4,189.8,0.0,0.0,0.0,0.0,0.0,0.0,0.0,0.0,0.0,0.0,0.0,0.0,0.0,0.0,0.0,0.0,0.0,0.0,4505.1,4505.1,5343.6,5343.6,0.0,0.0,0.0,0.0,0.0,415.0,0.0,0.0,0.0,0.0,0.0,0.0,0.0,4910.3,18.2,0.0
2050-09-17 18:00:00,2050-09-17 16:00:00,2713.7,2984.6,0.0,10.7,5708.9,2600.5,-1640.0,0.0,1640.0,0.0417,0.071,upv,upv,0.0,0.0,0.0,0.0,0.0,0.0,0.0,0.0,0.0,0.0,0.0,0.0,0.0,0.0,0.0,0.0,0.0,0.0,143.1,2.7,0.28,16.9,1073.1,0.06,143.2,48.9,192.2,0.0,0.0,0.0,0.0,0.0,0.0,0.0,0.0,0.0,0.0,0.0,0.0,0.0,0.0,0.0,0.0,0.0,23.6,79.5,103.1,7348.9,7348.9,0.0,0.0,0.0,0.0,0.0,313.4,0.0,0.0,0.0,0.0,0.0,0.0,0.0,7035.5,0.0,0.0
2050-09-17 19:00:00,2050-09-17 17:00:00,2778.9,0.0,0.0,18.6,2797.6,2661.1,886.7,0.0,2154.2,0.0424,0.0727,battery,gas-cc,78.5,1.5,0.15,9.3,592.4,0.03,78.6,26.9,105.5,83.2,1.6,0.16,9.8,627.5,0.04,83.2,28.5,111.8,147.1,2.8,0.28,17.4,1109.3,0.06,147.3,50.5,197.8,443.7,8.4,0.84,52.4,3348.4,0.19,444.2,152.3,596.5,34.1,0.0,0.0,34.1,36.77,0.0,0.0,36.77,0.0,0.0,0.0,4951.8,1910.8,1968.2,0.0,0.0,0.0,0.0,78.5,1072.7,0.0,0.0,0.0,0.0,0.0,0.0,1782.0,50.3,0.0
2050-09-17 20:00:00,2050-09-17 18:00:00,2731.6,0.0,0.0,19.4,2751.0,2617.2,2664.2,0.0,2204.2,0.0419,0.0714,battery,gas-cc,78.5,1.5,0.15,9.3,592.0,0.03,78.5,26.9,105.5,84.1,1.6,0.16,10.0,635.0,0.04,84.2,28.9,113.1,166.7,3.1,0.32,19.7,1257.2,0.07,166.9,57.2,224.1,443.1,8.4,0.84,52.3,3344.0,0.19,443.6,152.1,595.7,34.1,0.0,0.0,34.1,36.72,0.0,0.0,36.72,0.0,0.0,0.0,4955.1,86.7,3795.7,0.0,0.0,0.0,0.0,0.0,1072.7,0.0,0.0,0.0,0.0,0.0,0.0,0.0,86.7,0.0
2050-09-17 21:00:00,2050-09-17 19:00:00,2649.5,0.0,0.0,10.7,2660.1,2540.8,2578.0,0.0,1640.0,0.041,0.0693,battery,gas-cc,90.4,1.7,0.17,10.7,682.2,0.04,90.5,31.0,121.5,96.4,1.8,0.18,11.4,727.7,0.04,96.5,33.1,129.6,152.1,2.9,0.29,18.0,1146.4,0.07,152.2,52.1,204.4,442.1,8.3,0.83,52.2,3336.3,0.19,442.6,151.7,594.3,34.1,0.0,0.0,34.1,36.64,0.0,0.0,36.64,0.0,0.0,0.0,4300.1,82.1,3145.3,0.0,0.0,0.0,0.0,0.0,1072.7,0.0,0.0,0.0,0.0,0.0,0.0,0.0,82.1,0.0
2050-09-17 22:00:00,2050-09-17 20:00:00,2451.6,0.0,0.0,10.7,2462.2,2356.1,2395.0,0.0,1640.0,0.0389,0.0641,battery,gas-cc,94.8,1.8,0.18,11.2,715.1,0.04,94.9,32.5,127.4,100.7,1.9,0.19,11.9,760.2,0.04,100.8,34.6,135.4,164.9,3.1,0.31,19.5,1243.7,0.07,165.1,56.6,221.7,439.7,8.3,0.83,51.9,3317.8,0.19,440.1,150.9,591.0,34.1,0.0,0.0,34.1,36.43,0.0,0.0,36.43,0.0,0.0,0.0,4102.2,67.2,2962.3,0.0,0.0,0.0,0.0,0.0,1072.7,0.0,0.0,0.0,0.0,0.0,0.0,0.0,67.2,0.0
2050-09-17 23:00:00,2050-09-17 21:00:00,2231.6,0.0,0.0,10.7,2242.2,2149.6,2193.2,0.0,1640.0,0.0367,0.0584,battery,gas-cc,100.1,1.9,0.19,11.8,755.7,0.04,100.2,34.4,134.6,106.0,2.0,0.2,12.5,800.3,0.05,106.2,36.4,142.6,180.0,3.4,0.34,21.3,1357.7,0.08,180.2,61.7,242.0,437.0,8.2,0.82,51.6,3297.5,0.19,437.5,149.9,587.4,34.1,0.0,0.0,34.1,36.21,0.0,0.0,36.21,0.0,0.0,0.0,3882.2,49.1,2760.4,0.0,0.0,0.0,0.0,0.0,1072.7,0.0,0.0,0.0,0.0,0.0,0.0,0.0,49.1,0.0
2050-09-18 00:00:00,2050-09-17 22:00:00,2054.7,0.0,0.0,10.7,2065.4,1982.7,2020.1,0.0,1640.0,0.0351,0.0537,battery,gas-cc,104.9,2.0,0.2,12.4,791.7,0.05,105.0,36.0,141.0,110.8,2.1,0.21,13.1,836.0,0.05,110.9,38.0,148.9,168.5,3.2,0.32,19.9,1270.5,0.07,168.7,57.8,226.5,474.4,8.9,0.89,56.0,3580.0,0.21,474.9,162.8,637.7,36.78,0.0,0.0,36.78,38.87,0.0,0.0,38.87,0.0,0.0,0.0,3705.4,45.3,2587.3,0.0,0.0,0.0,0.0,0.0,1072.7,0.0,0.0,0.0,0.0,0.0,0.0,0.0,45.3,0.0
2050-09-18 01:00:00,2050-09-17 23:00:00,1863.2,0.0,0.0,10.7,1873.8,1800.9,1825.8,0.0,1640.0,0.0334,0.0487,battery,gas-cc,110.6,2.1,0.21,13.1,834.9,0.05,110.8,38.0,148.7,116.5,2.2,0.22,13.8,878.8,0.05,116.6,40.0,156.6,168.3,3.2,0.32,19.9,1268.8,0.07,168.5,57.7,226.2,471.9,8.9,0.89,55.7,3561.1,0.2,472.4,161.9,634.3,36.78,0.0,0.0,36.78,38.66,0.0,0.0,38.66,0.0,0.0,0.0,3513.8,48.0,2393.1,0.0,0.0,0.0,0.0,0.0,1072.7,0.0,0.0,0.0,0.0,0.0,0.0,0.0,48.0,0.0
2050-09-18 02:00:00,2050-09-18 00:00:00,1649.5,0.0,0.0,10.7,1660.1,1597.0,1617.3,0.0,1640.0,0.0318,0.0431,battery,gas-cc,117.8,2.2,0.22,13.9,889.0,0.05,117.9,40.4,158.4,123.6,2.3,0.23,14.6,932.8,0.05,123.7,42.4,166.2,165.8,3.1,0.31,19.6,1250.4,0.07,166.0,56.9,222.9,412.0,7.8,0.78,48.7,3109.2,0.18,412.5,141.4,553.8,36.78,0.0,0.0,36.78,38.44,0.0,0.0,38.44,0.0,0.0,0.0,3300.1,42.8,2184.5,0.0,0.0,0.0,0.0,0.0,1072.7,0.0,0.0,0.0,0.0,0.0,0.0,0.0,42.8,0.0
2050-09-18 03:00:00,2050-09-18 01:00:00,1533.7,0.0,0.0,10.7,1544.3,1486.1,1504.6,0.0,1640.0,0.031,0.0401,battery,gas-cc,122.1,2.3,0.23,14.4,921.3,0.05,122.2,41.9,164.1,127.9,2.4,0.24,15.1,965.2,0.06,128.0,43.9,171.9,172.6,3.3,0.33,20.4,1301.2,0.08,172.7,59.2,231.9,410.7,7.7,0.77,48.5,3099.4,0.18,411.2,140.9,552.1,36.78,0.0,0.0,36.78,38.31,0.0,0.0,38.31,0.0,0.0,0.0,3184.3,39.7,2071.8,0.0,0.0,0.0,0.0,0.0,1072.7,0.0,0.0,0.0,0.0,0.0,0.0,0.0,39.7,0.0
2050-09-18 04:00:00,2050-09-18 02:00:00,1432.6,0.0,0.0,9.6,1442.2,1388.9,1403.8,0.0,1472.1,0.0305,0.0375,battery,gas-cc,133.4,2.5,0.25,15.8,1006.6,0.06,133.5,45.8,179.3,139.4,2.6,0.26,16.5,1052.0,0.06,139.5,47.8,187.4,169.5,3.2,0.32,20.0,1278.5,0.07,169.7,58.1,227.9,409.6,7.7,0.77,48.4,3090.9,0.18,410.0,140.5,550.6,36.78,0.0,0.0,36.78,38.21,0.0,0.0,38.21,0.0,0.0,0.0,2914.3,38.4,1803.2,0.0,0.0,0.0,0.0,0.0,1072.7,0.0,0.0,0.0,0.0,0.0,0.0,0.0,38.4,0.0
2050-09-18 05:00:00,2050-09-18 03:00:00,1366.3,0.0,0.0,1.0,1367.3,1325.0,1333.8,61.5,0.0,0.0302,0.0357,battery,gas-cc,297.7,5.6,0.56,35.2,2246.7,0.13,298.0,102.2,400.2,293.6,5.5,0.55,34.7,2215.7,0.13,293.9,100.7,394.7,151.6,2.9,0.29,17.9,1143.1,0.07,151.8,52.0,203.8,408.9,7.7,0.77,48.3,3085.4,0.18,409.3,140.3,549.6,36.78,0.0,0.0,36.78,38.14,0.0,0.0,38.14,0.0,0.0,0.0,1305.8,33.5,199.5,0.0,0.0,0.0,0.0,0.0,1072.7,0.0,0.0,0.0,0.0,0.0,0.0,0.0,33.5,0.0
2050-09-18 06:00:00,2050-09-18 04:00:00,1355.8,0.0,0.0,2.8,1358.6,1314.9,1332.5,178.4,0.0,0.0302,0.0355,battery,gas-cc,329.4,6.2,0.62,38.9,2485.8,0.14,329.8,113.0,442.8,295.2,5.6,0.56,34.9,2227.9,0.13,295.5,101.3,396.9,150.0,2.8,0.28,17.7,1130.6,0.07,150.1,51.4,201.6,408.7,7.7,0.77,48.3,3084.5,0.18,409.2,140.3,549.4,36.78,0.0,0.0,36.78,38.13,0.0,0.0,38.13,0.0,0.0,0.0,1180.2,26.0,81.4,0.0,0.0,0.0,0.0,0.0,1072.7,0.0,0.0,0.0,0.0,0.0,0.0,0.0,26.0,0.0
2050-09-18 07:00:00,2050-09-18 05:00:00,1400.0,0.0,0.0,1.5,1401.5,1357.5,1374.8,0.0,236.8,0.0303,0.0366,phs,gas-cc,237.3,4.5,0.45,28.0,1790.7,0.1,237.6,81.4,319.0,245.7,4.6,0.46,29.0,1854.0,0.11,245.9,84.3,330.3,150.3,2.8,0.28,17.8,1133.1,0.07,150.5,51.5,202.0,420.7,7.9,0.79,49.7,3174.4,0.18,421.1,144.3,565.5,36.78,0.0,0.0,36.78,38.18,0.0,0.0,38.18,0.0,0.0,0.0,1638.3,26.7,538.8,0.0,0.0,0.0,0.0,0.0,1072.7,0.0,0.0,0.0,0.0,0.0,0.0,0.0,26.7,0.0
2050-09-18 08:00:00,2050-09-18 06:00:00,1461.1,129.1,0.0,10.7,1600.8,1416.3,-1640.0,0.0,1640.0,0.0306,0.0382,battery,upv,0.0,0.0,0.0,0.0,0.0,0.0,0.0,0.0,0.0,0.0,0.0,0.0,0.0,0.0,0.0,0.0,0.0,0.0,140.0,2.6,0.26,16.5,1055.5,0.06,140.2,48.0,188.2,0.0,0.0,0.0,0.0,0.0,0.0,0.0,0.0,0.0,0.0,0.0,0.0,0.0,0.0,0.0,0.0,0.0,26.1,142.8,168.9,3240.8,3240.8,0.0,0.0,0.0,0.0,0.0,0.0,0.0,0.0,0.0,0.0,0.0,0.0,0.0,3240.8,0.0,0.0
2050-09-18 09:00:00,2050-09-18 07:00:00,1626.3,2357.5,0.0,0.0,3983.8,1574.9,-0.0,0.0,0.0,0.0316,0.0425,upv,upv,0.0,0.0,0.0,0.0,0.0,0.0,0.0,0.0,0.0,0.0,0.0,0.0,0.0,0.0,0.0,0.0,0.0,0.0,139.9,2.6,0.26,16.5,1054.7,0.06,140.1,48.0,188.0,0.0,0.0,0.0,0.0,0.0,0.0,0.0,0.0,0.0,0.0,0.0,0.0,0.0,0.0,0.0,0.0,0.0,0.0,4796.8,4796.8,3983.8,3983.8,0.0,0.0,0.0,0.0,0.0,369.9,0.0,0.0,0.0,0.0,0.0,0.0,0.0,3597.6,16.3,0.0
2050-09-18 10:00:00,2050-09-18 08:00:00,1829.5,3016.4,0.0,0.0,4845.8,1768.9,0.0,0.0,0.0,0.0331,0.0478,upv,upv,0.0,0.0,0.0,0.0,0.0,0.0,0.0,0.0,0.0,0.0,0.0,0.0,0.0,0.0,0.0,0.0,0.0,0.0,140.1,2.6,0.27,16.6,1056.4,0.06,140.3,48.1,188.3,0.0,0.0,0.0,0.0,0.0,0.0,0.0,0.0,0.0,0.0,0.0,0.0,0.0,0.0,0.0,0.0,0.0,15.8,5106.0,5121.8,4845.8,4845.8,0.0,0.0,0.0,0.0,0.0,0.0,0.0,0.0,0.0,0.0,0.0,0.0,0.0,4845.8,0.0,0.0
2050-09-18 11:00:00,2050-09-18 09:00:00,1955.8,3435.1,0.0,0.0,5390.9,1888.9,0.0,0.0,0.0,0.0342,0.0511,upv,upv,0.0,0.0,0.0,0.0,0.0,0.0,0.0,0.0,0.0,0.0,0.0,0.0,0.0,0.0,0.0,0.0,0.0,0.0,140.3,2.6,0.27,16.6,1057.5,0.06,140.4,48.1,188.5,0.0,0.0,0.0,0.0,0.0,0.0,0.0,0.0,0.0,0.0,0.0,0.0,0.0,0.0,0.0,0.0,0.0,0.0,4667.1,4667.1,5390.9,5390.9,0.0,0.0,0.0,0.0,0.0,423.7,0.0,0.0,0.0,0.0,0.0,0.0,0.0,4948.7,18.5,0.0
2050-09-18 12:00:00,2050-09-18 10:00:00,2058.9,3240.3,0.0,0.0,5299.2,1986.7,0.0,0.0,0.0,0.0351,0.0538,upv,upv,0.0,0.0,0.0,0.0,0.0,0.0,0.0,0.0,0.0,0.0,0.0,0.0,0.0,0.0,0.0,0.0,0.0,0.0,140.4,2.7,0.27,16.6,1058.5,0.06,140.6,48.2,188.7,0.0,0.0,0.0,0.0,0.0,0.0,0.0,0.0,0.0,0.0,0.0,0.0,0.0,0.0,0.0,0.0,0.0,20.4,4585.1,4605.5,5299.2,5299.2,0.0,0.0,0.0,0.0,0.0,417.2,0.0,0.0,0.0,0.0,0.0,0.0,0.0,4882.0,0.0,0.0
2050-09-18 13:00:00,2050-09-18 11:00:00,2167.4,3629.9,0.0,0.0,5797.3,2089.1,0.0,0.0,0.0,0.0361,0.0567,upv,upv,0.0,0.0,0.0,0.0,0.0,0.0,0.0,0.0,0.0,0.0,0.0,0.0,0.0,0.0,0.0,0.0,0.0,0.0,140.6,2.7,0.27,16.6,1059.7,0.06,140.7,48.2,188.9,0.0,0.0,0.0,0.0,0.0,0.0,0.0,0.0,0.0,0.0,0.0,0.0,0.0,0.0,0.0,0.0,0.0,26.3,3958.9,3985.2,5797.3,5797.3,0.0,0.0,0.0,0.0,0.0,411.8,0.0,0.0,0.0,0.0,0.0,0.0,0.0,5385.5,0.0,0.0
2050-09-18 14:00:00,2050-09-18 12:00:00,2288.4,3235.4,0.0,0.0,5523.8,2203.1,0.0,0.0,0.0,0.0373,0.0598,upv,upv,0.0,0.0,0.0,0.0,0.0,0.0,0.0,0.0,0.0,0.0,0.0,0.0,0.0,0.0,0.0,0.0,0.0,0.0,140.7,2.7,0.27,16.6,1060.9,0.06,140.9,48.3,189.1,0.0,0.0,0.0,0.0,0.0,0.0,0.0,0.0,0.0,0.0,0.0,0.0,0.0,0.0,0.0,0.0,0.0,30.9,4225.6,4256.5,5523.8,5523.8,0.0,0.0,0.0,0.0,0.0,411.4,0.0,0.0,0.0,0.0,0.0,0.0,0.0,5112.4,0.0,0.0
2050-09-18 15:00:00,2050-09-18 13:00:00,2402.1,3307.2,0.0,0.0,5709.3,2309.8,0.0,0.0,0.0,0.0384,0.0628,upv,upv,0.0,0.0,0.0,0.0,0.0,0.0,0.0,0.0,0.0,0.0,0.0,0.0,0.0,0.0,0.0,0.0,0.0,0.0,140.9,2.7,0.27,16.6,1062.2,0.06,141.0,48.3,189.4,0.0,0.0,0.0,0.0,0.0,0.0,0.0,0.0,0.0,0.0,0.0,0.0,0.0,0.0,0.0,0.0,0.0,0.0,4269.3,4269.3,5709.3,5709.3,0.0,0.0,0.0,0.0,0.0,419.7,0.0,0.0,0.0,0.0,0.0,0.0,0.0,5256.1,33.5,0.0
2050-09-18 16:00:00,2050-09-18 14:00:00,2497.9,3211.2,0.0,0.0,5709.1,2399.4,0.0,0.0,0.0,0.0394,0.0653,upv,upv,0.0,0.0,0.0,0.0,0.0,0.0,0.0,0.0,0.0,0.0,0.0,0.0,0.0,0.0,0.0,0.0,0.0,0.0,141.0,2.7,0.27,16.7,1063.3,0.06,141.2,48.4,189.6,0.0,0.0,0.0,0.0,0.0,0.0,0.0,0.0,0.0,0.0,0.0,0.0,0.0,0.0,0.0,0.0,0.0,42.8,4296.7,4339.4,5709.1,5709.1,0.0,0.0,0.0,0.0,0.0,422.2,0.0,0.0,0.0,0.0,0.0,0.0,0.0,5286.8,0.0,0.0
2050-09-18 17:00:00,2050-09-18 15:00:00,2629.5,3436.1,0.0,0.0,6065.6,2522.2,0.0,0.0,0.0,0.0408,0.0688,upv,upv,0.0,0.0,0.0,0.0,0.0,0.0,0.0,0.0,0.0,0.0,0.0,0.0,0.0,0.0,0.0,0.0,0.0,0.0,141.2,2.7,0.27,16.7,1064.8,0.06,141.4,48.4,189.8,0.0,0.0,0.0,0.0,0.0,0.0,0.0,0.0,0.0,0.0,0.0,0.0,0.0,0.0,0.0,0.0,0.0,50.4,3636.7,3687.1,6065.6,6065.6,0.0,0.0,0.0,0.0,0.0,409.6,0.0,0.0,0.0,0.0,0.0,0.0,0.0,5656.0,0.0,0.0
2050-09-18 18:00:00,2050-09-18 16:00:00,2763.2,2168.3,0.0,0.0,4931.4,2646.5,0.0,0.0,0.0,0.0422,0.0723,upv,upv,0.0,0.0,0.0,0.0,0.0,0.0,0.0,0.0,0.0,0.0,0.0,0.0,0.0,0.0,0.0,0.0,0.0,0.0,141.5,2.7,0.27,16.7,1066.4,0.06,141.6,48.5,190.1,0.0,0.0,0.0,0.0,0.0,0.0,0.0,0.0,0.0,0.0,0.0,0.0,0.0,0.0,0.0,0.0,0.0,0.0,2389.0,2389.0,4931.4,4931.4,0.0,0.0,0.0,0.0,0.0,306.8,0.0,0.0,0.0,0.0,0.0,0.0,0.0,4570.9,53.8,0.0
2050-09-18 19:00:00,2050-09-18 17:00:00,2834.7,0.0,0.0,10.7,2845.4,2712.8,1080.4,0.0,1640.0,0.043,0.0741,battery,gas-cc,86.7,1.6,0.16,10.2,654.1,0.04,86.8,29.7,116.5,91.7,1.7,0.17,10.8,691.7,0.04,91.8,31.5,123.2,149.1,2.8,0.28,17.6,1123.9,0.06,149.2,51.1,200.4,407.7,7.7,0.77,48.2,3076.5,0.18,408.1,139.9,548.0,40.11,0.0,0.0,40.11,43.33,0.0,0.0,43.33,0.0,0.0,0.0,4485.4,1765.0,1647.7,0.0,0.0,0.0,0.0,72.1,1072.7,0.0,0.0,0.0,0.0,0.0,0.0,1635.8,57.1,0.0
2050-09-18 20:00:00,2050-09-18 18:00:00,2868.4,0.0,0.0,10.7,2879.1,2744.0,2814.7,0.0,1640.0,0.0434,0.075,battery,gas-cc,86.0,1.6,0.16,10.2,649.2,0.04,86.1,29.5,115.6,92.1,1.7,0.17,10.9,695.3,0.04,92.2,31.6,123.9,153.5,2.9,0.29,18.1,1157.0,0.07,153.6,52.6,206.3,408.1,7.7,0.77,48.2,3079.5,0.18,408.5,140.0,548.5,40.11,0.0,0.0,40.11,43.37,0.0,0.0,43.37,0.0,0.0,0.0,4519.0,64.4,3381.9,0.0,0.0,0.0,0.0,0.0,1072.7,0.0,0.0,0.0,0.0,0.0,0.0,0.0,64.4,0.0
2050-09-18 21:00:00,2050-09-18 19:00:00,2830.5,0.0,0.0,9.4,2840.0,2708.9,2765.9,0.0,1453.1,0.043,0.074,battery,gas-cc,90.6,1.7,0.17,10.7,683.3,0.04,90.7,31.1,121.7,96.8,1.8,0.18,11.4,730.4,0.04,96.9,33.2,130.1,153.6,2.9,0.29,18.1,1157.7,0.07,153.7,52.7,206.4,413.1,7.8,0.78,48.8,3117.7,0.18,413.6,141.8,555.3,40.11,0.0,0.0,40.11,43.32,0.0,0.0,43.32,0.0,0.0,0.0,4293.1,74.1,3146.3,0.0,0.0,0.0,0.0,0.0,1072.7,0.0,0.0,0.0,0.0,0.0,0.0,0.0,74.1,0.0
2050-09-18 22:00:00,2050-09-18 20:00:00,2629.5,0.0,0.0,8.1,2637.6,2522.2,2583.8,0.0,1245.5,0.0408,0.0688,battery,gas-cc,100.1,1.9,0.19,11.8,755.5,0.04,100.2,34.4,134.6,106.5,2.0,0.2,12.6,803.4,0.05,106.6,36.5,143.1,153.8,2.9,0.29,18.2,1159.3,0.07,153.9,52.7,206.7,410.8,7.7,0.77,48.5,3100.1,0.18,411.3,141.0,552.2,40.11,0.0,0.0,40.11,43.08,0.0,0.0,43.08,0.0,0.0,0.0,3883.1,53.8,2756.6,0.0,0.0,0.0,0.0,0.0,1072.7,0.0,0.0,0.0,0.0,0.0,0.0,0.0,53.8,0.0
2050-09-18 23:00:00,2050-09-18 21:00:00,2425.3,0.0,0.0,8.5,2433.8,2331.5,2390.2,0.0,1309.3,0.0387,0.0634,battery,gas-cc,103.9,2.0,0.2,12.3,783.8,0.05,104.0,35.6,139.6,110.1,2.1,0.21,13.0,830.9,0.05,110.2,37.8,148.0,153.8,2.9,0.29,18.2,1159.2,0.07,153.9,52.7,206.7,408.5,7.7,0.77,48.3,3082.4,0.18,408.9,140.2,549.1,40.11,0.0,0.0,40.11,42.83,0.0,0.0,42.83,0.0,0.0,0.0,3743.0,43.6,2626.7,0.0,0.0,0.0,0.0,0.0,1072.7,0.0,0.0,0.0,0.0,0.0,0.0,0.0,43.6,0.0
2050-09-19 00:00:00,2050-09-18 22:00:00,2231.6,0.0,0.0,10.7,2242.2,2149.6,2200.5,0.0,1640.0,0.0367,0.0584,battery,gas-cc,100.1,1.9,0.19,11.8,755.7,0.04,100.2,34.4,134.6,106.1,2.0,0.2,12.5,800.3,0.05,106.2,36.4,142.6,153.7,2.9,0.29,18.2,1159.0,0.07,153.9,52.7,206.6,400.9,7.6,0.76,47.4,3025.0,0.17,401.3,137.5,538.8,40.11,0.0,0.0,40.11,42.6,0.0,0.0,42.6,0.0,0.0,0.0,3882.2,41.7,2767.7,0.0,0.0,0.0,0.0,0.0,1072.7,0.0,0.0,0.0,0.0,0.0,0.0,0.0,41.7,0.0
2050-09-19 01:00:00,2050-09-18 23:00:00,2000.0,0.0,0.0,10.2,2010.2,1930.8,1983.4,0.0,1562.6,0.0346,0.0523,battery,gas-cc,108.8,2.1,0.21,12.9,821.1,0.05,108.9,37.3,146.3,114.7,2.2,0.22,13.6,865.9,0.05,114.9,39.4,154.2,153.5,2.9,0.29,18.1,1156.9,0.07,153.6,52.6,206.2,403.7,7.6,0.76,47.7,3046.2,0.17,404.1,138.5,542.6,40.11,0.0,0.0,40.11,42.33,0.0,0.0,42.33,0.0,0.0,0.0,3572.8,26.7,2473.3,0.0,0.0,0.0,0.0,0.0,1072.7,0.0,0.0,0.0,0.0,0.0,0.0,0.0,26.7,0.0
2050-09-19 02:00:00,2050-09-19 00:00:00,1778.9,0.0,0.0,7.5,1786.4,1720.7,1767.8,0.0,1153.8,0.0327,0.0465,battery,gas-cc,132.2,2.5,0.25,15.6,997.8,0.06,132.4,45.4,177.7,138.5,2.6,0.26,16.4,1045.4,0.06,138.7,47.5,186.2,153.3,2.9,0.29,18.1,1156.0,0.07,153.5,52.6,206.1,401.2,7.6,0.76,47.4,3027.7,0.17,401.7,137.7,539.3,40.11,0.0,0.0,40.11,42.07,0.0,0.0,42.07,0.0,0.0,0.0,2940.3,18.7,1848.8,0.0,0.0,0.0,0.0,0.0,1072.7,0.0,0.0,0.0,0.0,0.0,0.0,0.0,18.7,0.0
2050-09-19 03:00:00,2050-09-19 01:00:00,1628.4,0.0,0.0,4.6,1633.1,1576.9,1615.7,0.0,714.8,0.0316,0.0426,battery,gas-cc,165.6,3.1,0.31,19.6,1249.5,0.07,165.8,56.8,222.6,172.6,3.3,0.33,20.4,1302.2,0.08,172.7,59.2,232.0,153.0,2.9,0.29,18.1,1153.4,0.07,153.2,52.5,205.6,399.6,7.5,0.75,47.2,3015.3,0.17,400.0,137.1,537.1,40.11,0.0,0.0,40.11,41.9,0.0,0.0,41.9,0.0,0.0,0.0,2347.8,17.3,1257.8,0.0,0.0,0.0,0.0,0.0,1072.7,0.0,0.0,0.0,0.0,0.0,0.0,0.0,17.3,0.0
2050-09-19 04:00:00,2050-09-19 02:00:00,1517.9,0.0,0.0,9.2,1527.1,1470.9,1502.7,0.0,1417.5,0.031,0.0397,battery,gas-cc,132.0,2.5,0.25,15.6,996.3,0.06,132.2,45.3,177.5,138.1,2.6,0.26,16.3,1041.9,0.06,138.2,47.4,185.6,296.7,5.6,0.56,35.1,2239.1,0.13,297.1,101.8,398.9,398.4,7.5,0.75,47.1,3006.2,0.17,398.8,136.7,535.5,40.11,0.0,0.0,40.11,41.77,0.0,0.0,41.77,0.0,0.0,0.0,2944.6,24.4,1847.4,0.0,0.0,0.0,0.0,0.0,1072.7,0.0,0.0,0.0,0.0,0.0,0.0,0.0,24.4,0.0
2050-09-19 05:00:00,2050-09-19 03:00:00,1443.2,0.0,0.0,6.8,1449.9,1399.1,1421.1,0.0,1039.2,0.0306,0.0377,battery,gas-cc,156.2,2.9,0.29,18.4,1178.6,0.07,156.4,53.6,209.9,162.7,3.1,0.31,19.2,1228.0,0.07,162.9,55.8,218.8,195.9,3.7,0.37,23.1,1477.5,0.09,196.1,67.2,263.3,397.6,7.5,0.75,47.0,3000.1,0.17,398.0,136.4,534.4,40.11,0.0,0.0,40.11,41.69,0.0,0.0,41.69,0.0,0.0,0.0,2489.1,28.8,1387.6,0.0,0.0,0.0,0.0,0.0,1072.7,0.0,0.0,0.0,0.0,0.0,0.0,0.0,28.8,0.0
2050-09-19 06:00:00,2050-09-19 04:00:00,1417.9,0.0,0.0,1.0,1418.9,1374.7,1396.6,0.0,152.5,0.0304,0.0371,battery,gas-cc,247.4,4.7,0.47,29.2,1866.9,0.11,247.7,84.9,332.6,256.0,4.8,0.48,30.3,1932.2,0.11,256.3,87.9,344.2,236.5,4.5,0.45,27.9,1784.2,0.1,236.8,81.1,317.9,397.3,7.5,0.75,46.9,2998.1,0.17,397.7,136.3,534.0,40.11,0.0,0.0,40.11,41.66,0.0,0.0,41.66,0.0,0.0,0.0,1571.4,22.3,476.4,0.0,0.0,0.0,0.0,0.0,1072.7,0.0,0.0,0.0,0.0,0.0,0.0,0.0,22.3,0.0
2050-09-19 07:00:00,2050-09-19 05:00:00,1474.7,0.0,0.0,3.1,1477.9,1429.4,1461.5,0.0,484.5,0.0307,0.0386,battery,gas-cc,198.1,3.7,0.37,23.4,1494.9,0.09,198.3,68.0,266.3,205.7,3.9,0.39,24.3,1552.1,0.09,205.9,70.6,276.5,317.6,6.0,0.6,37.5,2396.8,0.14,318.0,109.0,426.9,392.6,7.4,0.74,46.4,2962.7,0.17,393.0,134.7,527.7,40.11,0.0,0.0,40.11,41.72,0.0,0.0,41.72,0.0,0.0,0.0,1962.4,16.4,873.3,0.0,0.0,0.0,0.0,0.0,1072.7,0.0,0.0,0.0,0.0,0.0,0.0,0.0,16.4,0.0
2050-09-19 08:00:00,2050-09-19 06:00:00,1533.7,0.0,0.0,10.6,1544.3,1486.1,-1627.4,0.0,1627.4,0.031,0.0401,gas-cc,gas-cc,0.0,0.0,0.0,0.0,0.0,0.0,0.0,0.0,0.0,0.0,0.0,0.0,0.0,0.0,0.0,0.0,0.0,0.0,139.8,2.6,0.26,16.5,1054.1,0.06,140.0,47.9,187.9,366.5,6.9,0.69,43.3,2765.6,0.16,366.9,125.8,492.6,24.5,0.0,0.0,24.5,25.53,0.0,0.0,25.53,0.0,0.0,0.0,3171.7,3171.7,0.0,0.0,0.0,0.0,0.0,133.2,0.0,0.0,0.0,0.0,0.0,0.0,0.0,3022.7,15.8,0.0
2050-09-19 09:00:00,2050-09-19 07:00:00,1695.8,3920.7,0.0,0.0,5616.5,1641.3,0.0,0.0,0.0,0.0321,0.0443,upv,upv,0.0,0.0,0.0,0.0,0.0,0.0,0.0,0.0,0.0,0.0,0.0,0.0,0.0,0.0,0.0,0.0,0.0,0.0,140.0,2.6,0.26,16.5,1055.3,0.06,140.1,48.0,188.1,0.0,0.0,0.0,0.0,0.0,0.0,0.0,0.0,0.0,0.0,0.0,0.0,0.0,0.0,0.0,0.0,0.0,12.6,2938.7,2951.2,5616.5,5616.5,0.0,0.0,0.0,0.0,0.0,361.1,0.0,0.0,0.0,0.0,0.0,0.0,0.0,5255.5,0.0,0.0
2050-09-19 10:00:00,2050-09-19 08:00:00,1868.4,4019.6,0.0,0.0,5888.0,1805.9,0.0,0.0,0.0,0.0335,0.0489,upv,upv,0.0,0.0,0.0,0.0,0.0,0.0,0.0,0.0,0.0,0.0,0.0,0.0,0.0,0.0,0.0,0.0,0.0,0.0,140.2,2.6,0.27,16.6,1056.7,0.06,140.3,48.1,188.4,0.0,0.0,0.0,0.0,0.0,0.0,0.0,0.0,0.0,0.0,0.0,0.0,0.0,0.0,0.0,0.0,0.0,6.7,3949.0,3955.7,5888.0,5888.0,0.0,0.0,0.0,0.0,0.0,415.0,0.0,0.0,0.0,0.0,0.0,0.0,0.0,5473.0,0.0,0.0
2050-09-19 11:00:00,2050-09-19 09:00:00,2003.2,4019.6,0.0,0.0,6022.7,1933.8,0.0,0.0,0.0,0.0346,0.0524,upv,upv,0.0,0.0,0.0,0.0,0.0,0.0,0.0,0.0,0.0,0.0,0.0,0.0,0.0,0.0,0.0,0.0,0.0,0.0,140.3,2.6,0.27,16.6,1058.0,0.06,140.5,48.1,188.6,0.0,0.0,0.0,0.0,0.0,0.0,0.0,0.0,0.0,0.0,0.0,0.0,0.0,0.0,0.0,0.0,0.0,7.6,3915.5,3923.1,6022.7,6022.7,0.0,0.0,0.0,0.0,0.0,419.4,0.0,0.0,0.0,0.0,0.0,0.0,0.0,5603.4,0.0,0.0
2050-09-19 12:00:00,2050-09-19 10:00:00,2110.5,2461.0,0.0,0.0,4571.5,2035.4,0.0,0.0,0.0,0.0356,0.0552,upv,upv,0.0,0.0,0.0,0.0,0.0,0.0,0.0,0.0,0.0,0.0,0.0,0.0,0.0,0.0,0.0,0.0,0.0,0.0,140.5,2.7,0.27,16.6,1059.1,0.06,140.6,48.2,188.8,0.0,0.0,0.0,0.0,0.0,0.0,0.0,0.0,0.0,0.0,0.0,0.0,0.0,0.0,0.0,0.0,0.0,7.7,5184.7,5192.4,4571.5,4571.5,0.0,0.0,0.0,0.0,0.0,411.8,0.0,0.0,0.0,0.0,0.0,0.0,0.0,4159.7,0.0,0.0
2050-09-19 13:00:00,2050-09-19 11:00:00,2231.6,3630.9,0.0,0.0,5862.5,2149.6,0.0,0.0,0.0,0.0367,0.0584,upv,upv,0.0,0.0,0.0,0.0,0.0,0.0,0.0,0.0,0.0,0.0,0.0,0.0,0.0,0.0,0.0,0.0,0.0,0.0,140.6,2.7,0.27,16.6,1060.3,0.06,140.8,48.2,189.0,0.0,0.0,0.0,0.0,0.0,0.0,0.0,0.0,0.0,0.0,0.0,0.0,0.0,0.0,0.0,0.0,0.0,12.1,3644.1,3656.2,5862.5,5862.5,0.0,0.0,0.0,0.0,0.0,401.3,0.0,0.0,0.0,0.0,0.0,0.0,0.0,5461.2,0.0,0.0
2050-09-19 14:00:00,2050-09-19 12:00:00,2376.8,2626.7,0.0,0.0,5003.6,2286.1,0.0,0.0,0.0,0.0382,0.0622,upv,upv,0.0,0.0,0.0,0.0,0.0,0.0,0.0,0.0,0.0,0.0,0.0,0.0,0.0,0.0,0.0,0.0,0.0,0.0,140.9,2.7,0.27,16.6,1061.9,0.06,141.0,48.3,189.3,0.0,0.0,0.0,0.0,0.0,0.0,0.0,0.0,0.0,0.0,0.0,0.0,0.0,0.0,0.0,0.0,0.0,6.4,4388.1,4394.5,5003.6,5003.6,0.0,0.0,0.0,0.0,0.0,396.3,0.0,0.0,0.0,0.0,0.0,0.0,0.0,4607.3,0.0,0.0
2050-09-19 15:00:00,2050-09-19 13:00:00,2507.4,2431.9,0.0,0.0,4939.3,2408.3,0.0,0.0,0.0,0.0395,0.0656,upv,upv,0.0,0.0,0.0,0.0,0.0,0.0,0.0,0.0,0.0,0.0,0.0,0.0,0.0,0.0,0.0,0.0,0.0,0.0,141.1,2.7,0.27,16.7,1063.4,0.06,141.2,48.4,189.6,0.0,0.0,0.0,0.0,0.0,0.0,0.0,0.0,0.0,0.0,0.0,0.0,0.0,0.0,0.0,0.0,0.0,2.8,4412.2,4415.0,4939.3,4939.3,0.0,0.0,0.0,0.0,0.0,394.8,0.0,0.0,0.0,0.0,0.0,0.0,0.0,4544.5,0.0,0.0
2050-09-19 16:00:00,2050-09-19 14:00:00,2624.2,2650.9,0.0,0.0,5275.1,2517.3,0.0,0.0,0.0,0.0407,0.0686,upv,upv,0.0,0.0,0.0,0.0,0.0,0.0,0.0,0.0,0.0,0.0,0.0,0.0,0.0,0.0,0.0,0.0,0.0,0.0,141.2,2.7,0.27,16.7,1064.8,0.06,141.4,48.4,189.8,0.0,0.0,0.0,0.0,0.0,0.0,0.0,0.0,0.0,0.0,0.0,0.0,0.0,0.0,0.0,0.0,0.0,1.8,4116.6,4118.4,5275.1,5275.1,0.0,0.0,0.0,0.0,0.0,396.3,0.0,0.0,0.0,0.0,0.0,0.0,0.0,4878.8,0.0,0.0
2050-09-19 17:00:00,2050-09-19 15:00:00,2788.4,3795.7,0.0,0.0,6584.1,2669.9,-0.0,0.0,0.0,0.0425,0.0729,upv,upv,0.0,0.0,0.0,0.0,0.0,0.0,0.0,0.0,0.0,0.0,0.0,0.0,0.0,0.0,0.0,0.0,0.0,0.0,141.5,2.7,0.27,16.7,1066.7,0.06,141.6,48.5,190.2,0.0,0.0,0.0,0.0,0.0,0.0,0.0,0.0,0.0,0.0,0.0,0.0,0.0,0.0,0.0,0.0,0.0,1.7,2180.3,2181.9,6584.1,6584.1,0.0,0.0,0.0,0.0,0.0,369.9,0.0,0.0,0.0,0.0,0.0,0.0,0.0,6214.2,0.0,0.0
2050-09-19 18:00:00,2050-09-19 16:00:00,2937.9,1609.5,0.0,14.9,4562.2,2808.2,-1911.2,0.0,1911.2,0.0442,0.0768,battery,upv,0.0,0.0,0.0,0.0,0.0,0.0,0.0,0.0,0.0,0.0,0.0,0.0,0.0,0.0,0.0,0.0,0.0,0.0,142.8,2.7,0.27,16.9,1076.4,0.06,142.9,49.0,191.9,0.0,0.0,0.0,0.0,0.0,0.0,0.0,0.0,0.0,0.1,0.0,0.0,0.1,0.11,0.0,0.0,0.11,0.0,0.0,0.0,6473.4,6473.4,0.0,0.0,0.0,0.0,0.0,273.0,0.0,0.0,0.0,0.0,0.0,0.0,0.0,6197.3,3.1,0.0
2050-09-19 19:00:00,2050-09-19 17:00:00,3026.3,0.0,0.0,10.7,3037.0,2889.7,1562.2,0.0,1640.0,0.0451,0.0791,battery,gas-cc,83.1,1.6,0.16,9.8,627.3,0.04,83.2,28.5,111.7,88.4,1.7,0.17,10.5,667.1,0.04,88.5,30.3,118.8,172.1,3.2,0.33,20.3,1298.0,0.07,172.3,59.0,231.4,409.9,7.7,0.77,48.4,3093.3,0.18,410.4,140.7,551.0,40.11,0.0,0.0,40.11,43.56,0.0,0.0,43.56,0.0,0.0,0.0,4676.9,1474.7,2129.5,0.0,0.0,0.0,0.0,62.0,1072.7,0.0,0.0,0.0,0.0,0.0,0.0,1408.0,4.8,0.0
2050-09-19 20:00:00,2050-09-19 18:00:00,3056.8,0.0,0.0,10.7,3067.5,2917.8,3062.7,0.0,1640.0,0.0455,0.0799,battery,gas-cc,82.6,1.6,0.16,9.8,623.2,0.04,82.7,28.3,111.0,88.8,1.7,0.17,10.5,670.2,0.04,88.9,30.5,119.4,154.8,2.9,0.29,18.3,1166.7,0.07,154.9,53.1,208.0,410.3,7.7,0.77,48.5,3095.9,0.18,410.7,140.8,551.5,40.11,0.0,0.0,40.11,43.6,0.0,0.0,43.6,0.0,0.0,0.0,4707.5,4.8,3629.9,0.0,0.0,0.0,0.0,0.0,1072.7,0.0,0.0,0.0,0.0,0.0,0.0,0.0,4.8,0.0
2050-09-19 21:00:00,2050-09-19 19:00:00,2984.2,0.0,0.0,10.7,2994.9,2850.9,2984.6,0.0,1640.0,0.0447,0.078,battery,gas-cc,83.9,1.6,0.16,9.9,633.0,0.04,84.0,28.8,112.7,90.1,1.7,0.17,10.7,679.7,0.04,90.2,30.9,121.1,154.4,2.9,0.29,18.2,1164.3,0.07,154.6,53.0,207.6,409.4,7.7,0.77,48.4,3089.6,0.18,409.9,140.5,550.3,40.11,0.0,0.0,40.11,43.51,0.0,0.0,43.51,0.0,0.0,0.0,4634.8,10.3,3551.8,0.0,0.0,0.0,0.0,0.0,1072.7,0.0,0.0,0.0,0.0,0.0,0.0,0.0,10.3,0.0
2050-09-19 22:00:00,2050-09-19 20:00:00,2742.1,0.0,0.0,10.7,2752.8,2626.9,2732.3,0.0,1640.0,0.042,0.0717,battery,gas-cc,88.5,1.7,0.17,10.5,667.8,0.04,88.6,30.4,119.0,94.6,1.8,0.18,11.2,713.9,0.04,94.7,32.5,127.2,187.7,3.5,0.35,22.2,1415.9,0.08,187.9,64.4,252.3,406.6,7.7,0.77,48.0,3068.5,0.18,407.1,139.5,546.6,40.11,0.0,0.0,40.11,43.21,0.0,0.0,43.21,0.0,0.0,0.0,4392.7,20.5,3299.5,0.0,0.0,0.0,0.0,0.0,1072.7,0.0,0.0,0.0,0.0,0.0,0.0,0.0,20.5,0.0
2050-09-19 23:00:00,2050-09-19 21:00:00,2474.7,0.0,0.0,10.4,2485.1,2377.8,2427.5,0.0,1596.7,0.0392,0.0647,battery,gas-cc,95.2,1.8,0.18,11.3,718.7,0.04,95.3,32.7,128.0,101.3,1.9,0.19,12.0,764.1,0.04,101.4,34.8,136.1,166.9,3.2,0.32,19.7,1258.8,0.07,167.1,57.3,224.4,409.0,7.7,0.77,48.3,3086.6,0.18,409.5,140.3,549.8,40.11,0.0,0.0,40.11,42.89,0.0,0.0,42.89,0.0,0.0,0.0,4081.8,57.7,2951.4,0.0,0.0,0.0,0.0,0.0,1072.7,0.0,0.0,0.0,0.0,0.0,0.0,0.0,57.7,0.0
2050-09-20 00:00:00,2050-09-19 22:00:00,2247.4,0.0,0.0,9.1,2256.4,2164.5,2213.1,0.0,1395.3,0.0369,0.0588,battery,gas-cc,106.5,2.0,0.2,12.6,803.4,0.05,106.6,36.5,143.1,112.6,2.1,0.21,13.3,849.5,0.05,112.7,38.6,151.3,151.9,2.9,0.29,17.9,1144.9,0.07,152.0,52.1,204.1,406.5,7.7,0.77,48.0,3067.1,0.18,406.9,139.5,546.4,40.11,0.0,0.0,40.11,42.62,0.0,0.0,42.62,0.0,0.0,0.0,3651.7,43.4,2535.6,0.0,0.0,0.0,0.0,0.0,1072.7,0.0,0.0,0.0,0.0,0.0,0.0,0.0,43.4,0.0
2050-09-20 01:00:00,2050-09-19 23:00:00,2026.3,0.0,0.0,10.7,2037.0,1955.8,2001.2,0.0,1640.0,0.0348,0.053,battery,gas-cc,105.7,2.0,0.2,12.5,797.9,0.05,105.8,36.3,142.1,111.6,2.1,0.21,13.2,842.1,0.05,111.7,38.3,150.0,159.4,3.0,0.3,18.8,1201.8,0.07,159.6,54.7,214.2,398.6,7.5,0.75,47.1,3007.8,0.17,399.0,136.8,535.8,40.11,0.0,0.0,40.11,42.36,0.0,0.0,42.36,0.0,0.0,0.0,3676.9,35.8,2568.4,0.0,0.0,0.0,0.0,0.0,1072.7,0.0,0.0,0.0,0.0,0.0,0.0,0.0,35.8,0.0
2050-09-20 02:00:00,2050-09-20 00:00:00,1827.4,0.0,0.0,10.7,1838.0,1766.8,1808.0,0.0,1640.0,0.0331,0.0478,battery,gas-cc,111.8,2.1,0.21,13.2,843.5,0.05,111.9,38.4,150.3,117.6,2.2,0.22,13.9,887.5,0.05,117.7,40.4,158.1,152.8,2.9,0.29,18.1,1152.1,0.07,153.0,52.4,205.4,396.4,7.5,0.75,46.8,2991.4,0.17,396.8,136.0,532.9,40.11,0.0,0.0,40.11,42.13,0.0,0.0,42.13,0.0,0.0,0.0,3478.0,30.0,2375.2,0.0,0.0,0.0,0.0,0.0,1072.7,0.0,0.0,0.0,0.0,0.0,0.0,0.0,30.0,0.0
2050-09-20 03:00:00,2050-09-20 01:00:00,1649.5,0.0,0.0,7.5,1657.0,1597.0,1638.4,0.0,1155.8,0.0318,0.0431,gas-cc,gas-cc,138.2,2.6,0.26,16.3,1043.0,0.06,138.4,47.4,185.8,144.5,2.7,0.27,17.1,1090.7,0.06,144.7,49.6,194.3,152.7,2.9,0.29,18.0,1151.4,0.07,152.9,52.4,205.3,399.8,7.5,0.75,47.2,3017.0,0.17,400.2,137.2,537.4,40.11,0.0,0.0,40.11,41.92,0.0,0.0,41.92,0.0,0.0,0.0,2812.8,18.6,1721.5,0.0,0.0,0.0,0.0,0.0,1072.7,0.0,0.0,0.0,0.0,0.0,0.0,0.0,18.6,0.0
2050-09-20 04:00:00,2050-09-20 02:00:00,1530.5,0.0,0.0,1.0,1531.5,1483.0,1521.2,0.0,150.4,0.031,0.04,gas-cc,gas-cc,231.1,4.4,0.44,27.3,1744.3,0.1,231.4,79.3,310.7,239.6,4.5,0.45,28.3,1808.0,0.1,239.8,82.2,322.1,151.8,2.9,0.29,17.9,1144.4,0.07,152.0,52.1,204.0,398.5,7.5,0.75,47.1,3007.2,0.17,398.9,136.7,535.7,40.11,0.0,0.0,40.11,41.79,0.0,0.0,41.79,0.0,0.0,0.0,1681.9,10.3,598.8,0.0,0.0,0.0,0.0,0.0,1072.7,0.0,0.0,0.0,0.0,0.0,0.0,0.0,10.3,0.0
2050-09-20 05:00:00,2050-09-20 03:00:00,1453.7,0.0,0.0,0.0,1453.7,1409.2,1442.5,0.0,0.0,0.0306,0.038,battery,gas-cc,267.4,5.0,0.5,31.6,2018.1,0.12,267.7,91.8,359.5,276.6,5.2,0.52,32.7,2087.4,0.12,276.9,94.9,371.8,150.3,2.8,0.28,17.8,1133.2,0.07,150.5,51.5,202.0,392.4,7.4,0.74,46.4,2961.0,0.17,392.8,134.6,527.4,40.11,0.0,0.0,40.11,41.7,0.0,0.0,41.7,0.0,0.0,0.0,1453.7,11.2,369.7,0.0,0.0,0.0,0.0,0.0,1072.7,0.0,0.0,0.0,0.0,0.0,0.0,0.0,11.2,0.0
2050-09-20 06:00:00,2050-09-20 04:00:00,1420.0,0.0,0.0,0.1,1420.1,1376.8,1407.8,0.0,12.4,0.0304,0.0371,battery,gas-cc,271.4,5.1,0.51,32.1,2047.9,0.12,271.7,93.1,364.8,280.6,5.3,0.53,33.2,2117.6,0.12,280.9,96.3,377.2,274.9,5.2,0.52,32.5,2073.8,0.12,275.2,94.3,369.5,392.0,7.4,0.74,46.3,2958.3,0.17,392.5,134.5,527.0,40.11,0.0,0.0,40.11,41.66,0.0,0.0,41.66,0.0,0.0,0.0,1432.5,12.3,347.5,0.0,0.0,0.0,0.0,0.0,1072.7,0.0,0.0,0.0,0.0,0.0,0.0,0.0,12.3,0.0
2050-09-20 07:00:00,2050-09-20 05:00:00,1469.5,0.0,0.0,0.2,1469.7,1424.4,1455.1,0.0,30.3,0.0307,0.0384,gas-cc,gas-cc,259.2,4.9,0.49,30.6,1955.8,0.11,259.5,88.9,348.4,268.2,5.1,0.51,31.7,2023.8,0.12,268.5,92.0,360.5,222.9,4.2,0.42,26.3,1681.4,0.1,223.1,76.5,299.6,397.9,7.5,0.75,47.0,3002.3,0.17,398.3,136.5,534.8,40.11,0.0,0.0,40.11,41.72,0.0,0.0,41.72,0.0,0.0,0.0,1500.0,14.6,412.6,0.0,0.0,0.0,0.0,0.0,1072.7,0.0,0.0,0.0,0.0,0.0,0.0,0.0,14.6,0.0
2050-09-20 08:00:00,2050-09-20 06:00:00,1535.8,306.6,0.0,17.6,1860.0,1488.1,-1194.7,445.3,1640.0,0.0311,0.0402,battery,upv,0.0,0.0,0.0,0.0,0.0,0.0,0.0,0.0,0.0,0.0,0.0,0.0,0.0,0.0,0.0,0.0,0.0,0.0,139.8,2.6,0.26,16.5,1054.1,0.06,140.0,47.9,187.9,0.0,0.0,0.0,0.0,0.0,0.0,0.0,0.0,0.0,9.62,0.0,0.0,9.62,10.02,0.0,0.0,10.02,0.0,0.0,0.0,3054.6,3054.6,0.0,0.0,0.0,0.0,0.0,128.4,0.0,0.0,0.0,0.0,0.0,0.0,0.0,2912.9,13.4,0.0
2050-09-20 09:00:00,2050-09-20 07:00:00,1688.4,2655.8,0.0,0.0,4344.2,1634.3,0.0,0.0,0.0,0.0321,0.0442,upv,upv,0.0,0.0,0.0,0.0,0.0,0.0,0.0,0.0,0.0,0.0,0.0,0.0,0.0,0.0,0.0,0.0,0.0,0.0,140.0,2.6,0.26,16.5,1055.2,0.06,140.1,48.0,188.1,0.0,0.0,0.0,0.0,0.0,0.0,0.0,0.0,0.0,0.0,0.0,0.0,0.0,0.0,0.0,0.0,0.0,15.8,4170.6,4186.4,4344.2,4344.2,0.0,0.0,0.0,0.0,0.0,359.4,0.0,0.0,0.0,0.0,0.0,0.0,0.0,3984.8,0.0,0.0
2050-09-20 10:00:00,2050-09-20 08:00:00,1889.5,2626.7,0.0,0.0,4516.2,1825.9,0.0,0.0,0.0,0.0336,0.0494,upv,upv,0.0,0.0,0.0,0.0,0.0,0.0,0.0,0.0,0.0,0.0,0.0,0.0,0.0,0.0,0.0,0.0,0.0,0.0,140.2,2.6,0.27,16.6,1056.9,0.06,140.3,48.1,188.4,0.0,0.0,0.0,0.0,0.0,0.0,0.0,0.0,0.0,0.0,0.0,0.0,0.0,0.0,0.0,0.0,0.0,11.7,5415.2,5426.9,4516.2,4516.2,0.0,0.0,0.0,0.0,0.0,419.0,0.0,0.0,0.0,0.0,0.0,0.0,0.0,4097.2,0.0,0.0
2050-09-20 11:00:00,2050-09-20 09:00:00,2041.1,3045.5,0.0,0.0,5086.5,1969.7,0.0,0.0,0.0,0.0349,0.0534,upv,upv,0.0,0.0,0.0,0.0,0.0,0.0,0.0,0.0,0.0,0.0,0.0,0.0,0.0,0.0,0.0,0.0,0.0,0.0,140.4,2.6,0.27,16.6,1058.4,0.06,140.5,48.1,188.7,0.0,0.0,0.0,0.0,0.0,0.0,0.0,0.0,0.0,0.0,0.0,0.0,0.0,0.0,0.0,0.0,0.0,12.1,4939.3,4951.5,5086.5,5086.5,0.0,0.0,0.0,0.0,0.0,423.0,0.0,0.0,0.0,0.0,0.0,0.0,0.0,4663.5,0.0,0.0
2050-09-20 12:00:00,2050-09-20 10:00:00,2156.8,3824.8,0.0,0.0,5981.6,2079.2,-0.0,0.0,0.0,0.036,0.0564,upv,upv,0.0,0.0,0.0,0.0,0.0,0.0,0.0,0.0,0.0,0.0,0.0,0.0,0.0,0.0,0.0,0.0,0.0,0.0,140.5,2.7,0.27,16.6,1059.5,0.06,140.7,48.2,188.9,0.0,0.0,0.0,0.0,0.0,0.0,0.0,0.0,0.0,0.0,0.0,0.0,0.0,0.0,0.0,0.0,0.0,0.0,3770.8,3770.8,5981.6,5981.6,0.0,0.0,0.0,0.0,0.0,410.7,0.0,0.0,0.0,0.0,0.0,0.0,0.0,5547.8,23.1,0.0
2050-09-20 13:00:00,2050-09-20 11:00:00,2291.6,3824.8,0.0,0.0,6116.3,2206.1,0.0,0.0,0.0,0.0373,0.0599,upv,upv,0.0,0.0,0.0,0.0,0.0,0.0,0.0,0.0,0.0,0.0,0.0,0.0,0.0,0.0,0.0,0.0,0.0,0.0,140.7,2.7,0.27,16.6,1061.0,0.06,140.9,48.3,189.1,0.0,0.0,0.0,0.0,0.0,0.0,0.0,0.0,0.0,0.0,0.0,0.0,0.0,0.0,0.0,0.0,0.0,0.0,3391.2,3391.2,6116.3,6116.3,0.0,0.0,0.0,0.0,0.0,400.2,0.0,0.0,0.0,0.0,0.0,0.0,0.0,5688.2,27.9,0.0
2050-09-20 14:00:00,2050-09-20 12:00:00,2448.4,3406.0,0.0,0.0,5854.4,2353.2,0.0,0.0,0.0,0.0389,0.064,upv,upv,0.0,0.0,0.0,0.0,0.0,0.0,0.0,0.0,0.0,0.0,0.0,0.0,0.0,0.0,0.0,0.0,0.0,0.0,141.0,2.7,0.27,16.7,1062.7,0.06,141.1,48.3,189.5,0.0,0.0,0.0,0.0,0.0,0.0,0.0,0.0,0.0,0.0,0.0,0.0,0.0,0.0,0.0,0.0,0.0,0.0,3503.1,3503.1,5854.4,5854.4,0.0,0.0,0.0,0.0,0.0,394.1,0.0,0.0,0.0,0.0,0.0,0.0,0.0,5440.7,19.7,0.0
2050-09-20 15:00:00,2050-09-20 13:00:00,2606.3,3795.7,0.0,0.0,6402.0,2500.6,0.0,0.0,0.0,0.0405,0.0682,upv,upv,0.0,0.0,0.0,0.0,0.0,0.0,0.0,0.0,0.0,0.0,0.0,0.0,0.0,0.0,0.0,0.0,0.0,0.0,141.2,2.7,0.27,16.7,1064.5,0.06,141.4,48.4,189.8,0.0,0.0,0.0,0.0,0.0,0.0,0.0,0.0,0.0,0.0,0.0,0.0,0.0,0.0,0.0,0.0,0.0,15.6,2915.7,2931.3,6402.0,6402.0,0.0,0.0,0.0,0.0,0.0,393.4,0.0,0.0,0.0,0.0,0.0,0.0,0.0,6008.6,0.0,0.0
2050-09-20 16:00:00,2050-09-20 14:00:00,2760.0,3726.9,0.0,0.0,6486.9,2643.5,0.0,0.0,0.0,0.0422,0.0722,upv,upv,0.0,0.0,0.0,0.0,0.0,0.0,0.0,0.0,0.0,0.0,0.0,0.0,0.0,0.0,0.0,0.0,0.0,0.0,141.5,2.7,0.27,16.7,1066.4,0.06,141.6,48.5,190.1,0.0,0.0,0.0,0.0,0.0,0.0,0.0,0.0,0.0,0.0,0.0,0.0,0.0,0.0,0.0,0.0,0.0,10.2,2641.9,2652.1,6486.9,6486.9,0.0,0.0,0.0,0.0,0.0,385.4,0.0,0.0,0.0,0.0,0.0,0.0,0.0,6101.5,0.0,0.0
2050-09-20 17:00:00,2050-09-20 15:00:00,2951.6,2650.9,0.0,0.0,5602.5,2820.8,0.0,0.0,0.0,0.0443,0.0772,upv,upv,0.0,0.0,0.0,0.0,0.0,0.0,0.0,0.0,0.0,0.0,0.0,0.0,0.0,0.0,0.0,0.0,0.0,0.0,141.8,2.7,0.27,16.7,1068.7,0.06,141.9,48.6,190.5,0.0,0.0,0.0,0.0,0.0,0.0,0.0,0.0,0.0,0.0,0.0,0.0,0.0,0.0,0.0,0.0,0.0,5.8,2811.1,2816.8,5602.5,5602.5,0.0,0.0,0.0,0.0,0.0,355.1,0.0,0.0,0.0,0.0,0.0,0.0,0.0,5247.4,0.0,0.0
2050-09-20 18:00:00,2050-09-20 16:00:00,3085.3,1302.8,0.0,10.6,4398.7,2943.9,-1629.4,0.0,1629.4,0.0458,0.0807,battery,upv,0.0,0.0,0.0,0.0,0.0,0.0,0.0,0.0,0.0,0.0,0.0,0.0,0.0,0.0,0.0,0.0,0.0,0.0,143.2,2.7,0.27,16.9,1079.5,0.06,143.3,49.1,192.5,0.0,0.0,0.0,0.0,0.0,0.0,0.0,0.0,0.0,9.62,0.0,0.0,9.62,10.46,0.0,0.0,10.46,0.0,0.0,0.0,6028.1,6028.1,0.0,0.0,0.0,0.0,0.0,254.2,0.0,0.0,0.0,0.0,0.0,0.0,0.0,5770.8,3.1,0.0
2050-09-20 19:00:00,2050-09-20 17:00:00,3144.2,0.0,0.0,10.7,3154.9,2998.1,1931.4,0.0,1640.0,0.0465,0.0822,battery,gas-cc,81.1,1.5,0.15,9.6,611.8,0.04,81.2,27.8,109.0,86.6,1.6,0.16,10.2,653.3,0.04,86.7,29.7,116.4,151.6,2.9,0.29,17.9,1142.7,0.07,151.7,52.0,203.7,411.3,7.8,0.78,48.6,3103.7,0.18,411.7,141.1,552.9,40.11,0.0,0.0,40.11,43.71,0.0,0.0,43.71,0.0,0.0,0.0,4794.8,1223.5,2498.6,0.0,0.0,0.0,0.0,51.6,1072.7,0.0,0.0,0.0,0.0,0.0,0.0,1169.7,2.3,0.0
2050-09-20 20:00:00,2050-09-20 18:00:00,3149.5,0.0,0.0,10.6,3160.1,3002.9,3157.8,0.0,1636.5,0.0465,0.0824,battery,gas-cc,81.0,1.5,0.15,9.6,611.6,0.04,81.1,27.8,108.9,87.3,1.6,0.16,10.3,658.9,0.04,87.4,30.0,117.4,155.3,2.9,0.29,18.4,1171.1,0.07,155.5,53.3,208.8,416.9,7.9,0.79,49.2,3146.0,0.18,417.3,143.0,560.4,40.11,371.96,0.0,412.08,43.71,405.35,0.0,449.06,0.0,0.0,0.0,4796.6,2.3,3721.6,0.0,0.0,0.0,0.0,0.0,1072.7,0.0,0.0,0.0,0.0,0.0,0.0,0.0,2.3,0.0
2050-09-20 21:00:00,2050-09-20 19:00:00,3049.5,0.0,0.0,6.8,3056.3,2911.0,3035.6,0.0,1053.5,0.0454,0.0797,battery,gas-cc,94.6,1.8,0.18,11.2,713.8,0.04,94.7,32.5,127.2,101.3,1.9,0.19,12.0,764.2,0.04,101.4,34.8,136.1,155.0,2.9,0.29,18.3,1168.6,0.07,155.2,53.2,208.3,415.7,7.8,0.78,49.1,3137.1,0.18,416.2,142.6,558.8,40.11,0.0,0.0,40.11,43.59,0.0,0.0,43.59,0.0,0.0,0.0,4109.9,20.7,3016.4,0.0,0.0,0.0,0.0,0.0,1072.7,0.0,0.0,0.0,0.0,0.0,0.0,0.0,20.7,0.0
2050-09-20 22:00:00,2050-09-20 20:00:00,2786.3,0.0,0.0,10.7,2797.0,2667.9,2775.7,0.0,1640.0,0.0425,0.0729,battery,gas-cc,87.6,1.7,0.17,10.4,661.2,0.04,87.7,30.1,117.8,93.7,1.8,0.18,11.1,707.3,0.04,93.8,32.2,126.0,154.7,2.9,0.29,18.3,1166.4,0.07,154.9,53.1,207.9,407.1,7.7,0.77,48.1,3072.3,0.18,407.6,139.7,547.3,40.11,0.0,0.0,40.11,43.27,0.0,0.0,43.27,0.0,0.0,0.0,4436.9,21.3,3342.9,0.0,0.0,0.0,0.0,0.0,1072.7,0.0,0.0,0.0,0.0,0.0,0.0,0.0,21.3,0.0
2050-09-20 23:00:00,2050-09-20 21:00:00,2507.4,0.0,0.0,10.7,2518.0,2408.3,2501.9,0.0,1640.0,0.0395,0.0656,battery,gas-cc,93.5,1.8,0.18,11.0,705.5,0.04,93.6,32.1,125.7,99.5,1.9,0.19,11.8,751.0,0.04,99.6,34.2,133.8,154.4,2.9,0.29,18.2,1164.0,0.07,154.6,52.9,207.5,404.0,7.6,0.76,47.7,3048.3,0.18,404.4,138.6,543.0,40.11,0.0,0.0,40.11,42.93,0.0,0.0,42.93,0.0,0.0,0.0,4158.0,16.1,3069.2,0.0,0.0,0.0,0.0,0.0,1072.7,0.0,0.0,0.0,0.0,0.0,0.0,0.0,16.1,0.0
2050-09-21 00:00:00,2050-09-20 22:00:00,2275.8,0.0,0.0,10.6,2286.4,2191.2,2261.8,0.0,1629.4,0.0372,0.0595,gas-cc,gas-cc,99.3,1.9,0.19,11.7,749.2,0.04,99.4,34.1,133.5,105.2,2.0,0.2,12.4,794.1,0.05,105.3,36.1,141.5,242.4,4.6,0.46,28.6,1828.7,0.11,242.7,83.2,325.8,416.9,7.9,0.79,49.3,3146.2,0.18,417.4,143.1,560.4,41.69,0.0,0.0,41.69,44.33,0.0,0.0,44.33,0.0,0.0,0.0,3915.8,24.6,2818.5,0.0,0.0,0.0,0.0,0.0,1072.7,0.0,0.0,0.0,0.0,0.0,0.0,0.0,24.6,0.0
2050-09-21 01:00:00,2050-09-20 23:00:00,2051.6,0.0,0.0,10.7,2062.2,1979.7,2024.8,0.0,1640.0,0.035,0.0537,battery,gas-cc,105.0,2.0,0.2,12.4,792.4,0.05,105.1,36.0,141.2,110.9,2.1,0.21,13.1,836.7,0.05,111.0,38.1,149.0,189.6,3.6,0.36,22.4,1429.8,0.08,189.8,65.0,254.8,408.8,7.7,0.77,48.3,3085.1,0.18,409.3,140.3,549.6,41.69,0.0,0.0,41.69,44.05,0.0,0.0,44.05,0.0,0.0,0.0,3702.2,37.4,2592.1,0.0,0.0,0.0,0.0,0.0,1072.7,0.0,0.0,0.0,0.0,0.0,0.0,0.0,37.4,0.0
2050-09-21 02:00:00,2050-09-21 00:00:00,1816.8,0.0,0.0,10.7,1827.5,1756.8,1800.4,0.0,1640.0,0.033,0.0475,battery,gas-cc,112.1,2.1,0.21,13.2,846.1,0.05,112.2,38.5,150.7,117.9,2.2,0.22,13.9,890.1,0.05,118.1,40.5,158.6,151.7,2.9,0.29,17.9,1143.8,0.07,151.9,52.0,203.9,404.5,7.6,0.76,47.8,3052.2,0.18,404.9,138.8,543.7,40.94,0.0,0.0,40.94,42.98,0.0,0.0,42.98,0.0,0.0,0.0,3467.5,27.1,2367.6,0.0,0.0,0.0,0.0,0.0,1072.7,0.0,0.0,0.0,0.0,0.0,0.0,0.0,27.1,0.0
2050-09-21 03:00:00,2050-09-21 01:00:00,1670.5,0.0,0.0,8.1,1678.7,1617.2,1664.0,0.0,1250.5,0.0319,0.0437,battery,gas-cc,132.7,2.5,0.25,15.7,1001.5,0.06,132.9,45.5,178.4,138.9,2.6,0.26,16.4,1048.5,0.06,139.1,47.7,186.8,148.7,2.8,0.28,17.6,1120.9,0.06,148.8,51.0,199.8,402.8,7.6,0.76,47.6,3040.0,0.17,403.3,138.2,541.5,40.94,0.0,0.0,40.94,42.81,0.0,0.0,42.81,0.0,0.0,0.0,2929.2,14.7,1841.7,0.0,0.0,0.0,0.0,0.0,1072.7,0.0,0.0,0.0,0.0,0.0,0.0,0.0,14.7,0.0
2050-09-21 04:00:00,2050-09-21 02:00:00,1562.1,0.0,0.0,1.9,1564.1,1513.3,1557.8,0.0,299.8,0.0312,0.0409,battery,gas-cc,208.6,3.9,0.39,24.6,1574.0,0.09,208.8,71.6,280.4,216.5,4.1,0.41,25.6,1634.0,0.09,216.8,74.3,291.1,151.5,2.9,0.29,17.9,1142.5,0.07,151.7,52.0,203.7,401.7,7.6,0.76,47.4,3031.0,0.17,402.1,137.8,539.9,40.94,0.0,0.0,40.94,42.68,0.0,0.0,42.68,0.0,0.0,0.0,1863.8,6.2,784.9,0.0,0.0,0.0,0.0,0.0,1072.7,0.0,0.0,0.0,0.0,0.0,0.0,0.0,6.2,0.0
2050-09-21 05:00:00,2050-09-21 03:00:00,1478.9,0.0,0.0,1.6,1480.6,1433.5,1477.6,105.8,0.0,0.0307,0.0387,battery,gas-cc,282.8,5.3,0.53,33.4,2134.0,0.12,283.1,97.0,380.1,273.2,5.1,0.51,32.3,2061.4,0.12,273.5,93.7,367.2,151.2,2.9,0.29,17.9,1139.9,0.07,151.4,51.8,203.2,477.8,9.0,0.9,56.4,3605.7,0.21,478.3,164.0,642.3,40.94,0.0,0.0,40.94,42.59,0.0,0.0,42.59,0.0,0.0,0.0,1374.7,3.0,299.0,0.0,0.0,0.0,0.0,0.0,1072.7,0.0,0.0,0.0,0.0,0.0,0.0,0.0,3.0,0.0
2050-09-21 06:00:00,2050-09-21 04:00:00,1461.1,0.0,0.0,6.1,1467.1,1416.3,1465.5,392.7,0.0,0.0306,0.0382,gas-cc,gas-cc,361.8,6.8,0.68,42.7,2730.5,0.16,362.2,124.2,486.4,279.7,5.3,0.53,33.0,2110.4,0.12,280.0,96.0,375.9,237.6,4.5,0.45,28.1,1792.4,0.1,237.9,81.5,319.4,397.8,7.5,0.75,47.0,3001.6,0.17,398.2,136.5,534.7,40.94,0.0,0.0,40.94,42.57,0.0,0.0,42.57,0.0,0.0,0.0,1074.4,1.7,0.0,0.0,0.0,0.0,0.0,0.0,1072.7,0.0,0.0,0.0,0.0,0.0,0.0,0.0,1.7,0.0
2050-09-21 07:00:00,2050-09-21 05:00:00,1517.9,0.0,0.0,4.8,1522.7,1470.9,1521.9,310.2,0.0,0.031,0.0397,gas-cc,gas-cc,320.6,6.0,0.6,37.9,2419.5,0.14,321.0,110.0,431.0,268.4,5.1,0.51,31.7,2025.4,0.12,268.7,92.1,360.8,269.6,5.1,0.51,31.8,2034.1,0.12,269.9,92.5,362.4,398.4,7.5,0.75,47.1,3006.2,0.17,398.8,136.7,535.5,40.94,0.0,0.0,40.94,42.63,0.0,0.0,42.63,0.0,0.0,0.0,1212.5,0.8,139.0,0.0,0.0,0.0,0.0,0.0,1072.7,0.0,0.0,0.0,0.0,0.0,0.0,0.0,0.8,0.0
2050-09-21 08:00:00,2050-09-21 06:00:00,1601.1,856.5,0.0,11.7,2469.2,1550.7,1176.8,1176.8,0.0,0.0315,0.0419,battery,gas-cc,0.0,0.0,0.0,0.0,0.0,0.0,0.0,0.0,0.0,0.0,0.0,0.0,0.5,1.2,0.01,0.0,0.6,0.6,139.9,2.6,0.26,16.5,1054.6,0.06,140.0,48.0,188.0,378.7,7.1,0.71,44.7,2857.5,0.16,379.1,129.9,509.0,30.39,0.0,0.0,30.39,31.72,0.0,0.0,31.72,0.0,0.0,0.0,1292.3,1292.3,0.0,0.0,0.0,0.0,0.0,54.4,0.0,0.0,0.0,0.0,0.0,0.0,0.0,1235.9,2.0,0.0
2050-09-21 09:00:00,2050-09-21 07:00:00,1763.2,2431.9,0.0,0.2,4195.2,1705.6,22.4,22.4,0.0,0.0326,0.0461,upv,upv,0.0,0.0,0.0,0.0,0.0,0.0,0.0,0.0,0.0,0.0,0.0,0.0,0.0,0.0,0.0,0.0,0.0,0.0,140.0,2.6,0.27,16.5,1055.8,0.06,140.2,48.0,188.2,0.0,0.0,0.0,0.0,0.0,0.0,0.0,0.0,0.0,0.02,0.0,0.0,0.02,0.02,0.0,0.0,0.02,0.0,0.0,0.0,4172.9,4172.9,0.0,0.0,0.0,0.0,0.0,175.9,0.0,0.0,0.0,0.0,0.0,0.0,0.0,3993.7,3.3,0.0
2050-09-21 10:00:00,2050-09-21 08:00:00,1923.2,3600.8,0.0,0.0,5524.0,1857.9,0.0,0.0,0.0,0.0339,0.0503,upv,upv,0.0,0.0,0.0,0.0,0.0,0.0,0.0,0.0,0.0,0.0,0.0,0.0,0.0,0.0,0.0,0.0,0.0,0.0,140.2,2.6,0.27,16.6,1057.2,0.06,140.4,48.1,188.5,0.0,0.0,0.0,0.0,0.0,0.0,0.0,0.0,0.0,0.0,0.0,0.0,0.0,0.0,0.0,0.0,0.0,0.0,775.9,775.9,5524.0,5524.0,0.0,0.0,0.0,0.0,0.0,265.8,0.0,0.0,0.0,0.0,0.0,0.0,0.0,5256.6,1.7,0.0
2050-09-21 11:00:00,2050-09-21 09:00:00,2033.7,3629.9,0.0,0.0,5663.6,1962.7,0.0,0.0,0.0,0.0349,0.0532,upv,upv,0.0,0.0,0.0,0.0,0.0,0.0,0.0,0.0,0.0,0.0,0.0,0.0,0.0,0.0,0.0,0.0,0.0,0.0,140.4,2.6,0.27,16.6,1058.3,0.06,140.5,48.1,188.7,0.0,0.0,0.0,0.0,0.0,0.0,0.0,0.0,0.0,0.0,0.0,0.0,0.0,0.0,0.0,0.0,0.0,1.1,2432.8,2434.0,5663.6,5663.6,0.0,0.0,0.0,0.0,0.0,341.8,0.0,0.0,0.0,0.0,0.0,0.0,0.0,5321.8,0.0,0.0
2050-09-21 12:00:00,2050-09-21 10:00:00,2126.3,3986.6,0.0,0.0,6112.9,2050.3,0.0,0.0,0.0,0.0357,0.0556,upv,upv,0.0,0.0,0.0,0.0,0.0,0.0,0.0,0.0,0.0,0.0,0.0,0.0,0.0,0.0,0.0,0.0,0.0,0.0,140.5,2.7,0.27,16.6,1059.2,0.06,140.7,48.2,188.8,0.0,0.0,0.0,0.0,0.0,0.0,0.0,0.0,0.0,0.0,0.0,0.0,0.0,0.0,0.0,0.0,0.0,0.0,2563.6,2563.6,6112.9,6112.9,0.0,0.0,0.0,0.0,0.0,366.1,0.0,0.0,0.0,0.0,0.0,0.0,0.0,5746.8,0.0,0.0
2050-09-21 13:00:00,2050-09-21 11:00:00,2250.5,4019.6,0.0,0.0,6270.1,2167.4,0.0,0.0,0.0,0.0369,0.0589,upv,upv,0.0,0.0,0.0,0.0,0.0,0.0,0.0,0.0,0.0,0.0,0.0,0.0,0.0,0.0,0.0,0.0,0.0,0.0,140.7,2.7,0.27,16.6,1060.5,0.06,140.8,48.2,189.1,0.0,0.0,0.0,0.0,0.0,0.0,0.0,0.0,0.0,0.0,0.0,0.0,0.0,0.0,0.0,0.0,0.0,0.1,2501.1,2501.2,6270.1,6270.1,0.0,0.0,0.0,0.0,0.0,370.3,0.0,0.0,0.0,0.0,0.0,0.0,0.0,5899.8,0.0,0.0
2050-09-21 14:00:00,2050-09-21 12:00:00,2443.2,2812.8,0.0,0.0,5255.9,2348.2,0.0,0.0,0.0,0.0388,0.0639,upv,upv,0.0,0.0,0.0,0.0,0.0,0.0,0.0,0.0,0.0,0.0,0.0,0.0,0.0,0.0,0.0,0.0,0.0,0.0,141.0,2.7,0.27,16.7,1062.7,0.06,141.1,48.3,189.4,0.0,0.0,0.0,0.0,0.0,0.0,0.0,0.0,0.0,0.0,0.0,0.0,0.0,0.0,0.0,0.0,0.0,2.0,3150.8,3152.8,5255.9,5255.9,0.0,0.0,0.0,0.0,0.0,354.8,0.0,0.0,0.0,0.0,0.0,0.0,0.0,4901.2,0.0,0.0
2050-09-21 15:00:00,2050-09-21 13:00:00,2610.5,2821.5,0.0,0.0,5432.1,2504.6,0.0,0.0,0.0,0.0406,0.0683,upv,upv,0.0,0.0,0.0,0.0,0.0,0.0,0.0,0.0,0.0,0.0,0.0,0.0,0.0,0.0,0.0,0.0,0.0,0.0,141.2,2.7,0.27,16.7,1064.6,0.06,141.4,48.4,189.8,0.0,0.0,0.0,0.0,0.0,0.0,0.0,0.0,0.0,0.0,0.0,0.0,0.0,0.0,0.0,0.0,0.0,3.7,3231.0,3234.7,5432.1,5432.1,0.0,0.0,0.0,0.0,0.0,365.6,0.0,0.0,0.0,0.0,0.0,0.0,0.0,5066.5,0.0,0.0
2050-09-21 16:00:00,2050-09-21 14:00:00,2755.8,3403.2,0.0,0.0,6159.0,2639.6,0.0,0.0,0.0,0.0422,0.0721,upv,upv,0.0,0.0,0.0,0.0,0.0,0.0,0.0,0.0,0.0,0.0,0.0,0.0,0.0,0.0,0.0,0.0,0.0,0.0,141.4,2.7,0.27,16.7,1066.3,0.06,141.6,48.5,190.1,0.0,0.0,0.0,0.0,0.0,0.0,0.0,0.0,0.0,0.0,0.0,0.0,0.0,0.0,0.0,0.0,0.0,3.7,1350.4,1354.1,6159.0,6159.0,0.0,0.0,0.0,0.0,0.0,316.9,0.0,0.0,0.0,0.0,0.0,0.0,0.0,5842.1,0.0,0.0
2050-09-21 17:00:00,2050-09-21 15:00:00,2948.4,2850.6,0.0,0.0,5799.1,2817.9,0.0,0.0,0.0,0.0443,0.0771,upv,upv,0.0,0.0,0.0,0.0,0.0,0.0,0.0,0.0,0.0,0.0,0.0,0.0,0.0,0.0,0.0,0.0,0.0,0.0,141.8,2.7,0.27,16.7,1068.8,0.06,141.9,48.6,190.5,0.0,0.0,0.0,0.0,0.0,0.0,0.0,0.0,0.0,0.0,0.0,0.0,0.0,0.0,0.0,0.0,0.0,5.2,651.1,656.3,5799.1,5799.1,0.0,0.0,0.0,0.0,0.0,0.0,0.0,0.0,0.0,0.0,0.0,0.0,0.0,5799.1,0.0,0.0
2050-09-21 18:00:00,2050-09-21 16:00:00,3108.4,753.0,0.0,3.9,3865.4,2965.2,-603.5,0.0,603.5,0.0461,0.0813,gas-cc,gas-cc,0.0,0.0,0.0,0.0,0.0,0.0,0.0,0.0,0.0,0.0,0.0,0.0,0.0,0.0,0.0,0.0,0.0,0.0,142.3,2.7,0.27,16.8,1072.8,0.06,142.5,48.8,191.3,382.9,7.2,0.72,45.2,2889.5,0.17,383.3,131.4,514.7,30.39,0.0,0.0,30.39,33.08,0.0,0.0,33.08,0.0,0.0,0.0,4468.8,4468.8,0.0,0.0,0.0,0.0,0.0,188.4,0.0,0.0,0.0,0.0,0.0,0.0,0.0,4274.8,5.7,0.0
2050-09-21 19:00:00,2050-09-21 17:00:00,3181.1,0.0,0.0,12.7,3193.8,3031.9,2278.5,0.0,1771.9,0.0469,0.0832,battery,gas-cc,78.3,1.5,0.15,9.2,590.8,0.03,78.4,26.9,105.2,83.9,1.6,0.16,9.9,633.3,0.04,84.0,28.8,112.8,162.5,3.1,0.31,19.2,1225.1,0.07,162.7,55.7,218.4,422.0,8.0,0.8,49.9,3184.5,0.18,422.5,144.8,567.3,41.66,0.0,0.0,41.66,45.44,0.0,0.0,45.44,0.0,0.0,0.0,4965.6,915.3,2977.6,0.0,0.0,0.0,0.0,38.0,1072.7,0.0,0.0,0.0,0.0,0.0,0.0,861.9,15.4,0.0
2050-09-21 20:00:00,2050-09-21 18:00:00,3185.3,0.0,0.0,15.4,3200.7,3035.7,3164.1,0.0,1928.3,0.0469,0.0833,gas-cc,gas-cc,75.8,1.4,0.14,9.0,572.0,0.03,75.9,26.0,101.9,81.9,1.5,0.15,9.7,617.7,0.04,81.9,28.1,110.0,154.5,2.9,0.29,18.3,1164.8,0.07,154.7,53.0,207.6,427.7,8.1,0.81,50.5,3227.8,0.19,428.2,146.8,575.0,41.69,343.95,0.0,385.64,45.48,375.21,0.0,420.68,0.0,0.0,0.0,5129.0,36.6,4019.6,0.0,0.0,0.0,0.0,0.0,1072.7,0.0,0.0,0.0,0.0,0.0,0.0,0.0,36.6,0.0
2050-09-21 21:00:00,2050-09-21 19:00:00,3069.5,0.0,0.0,7.9,3077.4,2929.4,3032.8,0.0,1215.2,0.0456,0.0803,hydro,gas-cc,90.6,1.7,0.17,10.7,683.4,0.04,90.7,31.1,121.7,97.1,1.8,0.18,11.5,732.7,0.04,97.2,33.3,130.5,155.1,2.9,0.29,18.3,1169.4,0.07,155.3,53.2,208.5,430.7,8.1,0.81,50.9,3250.4,0.19,431.2,147.8,579.0,41.66,0.0,0.0,41.66,45.3,0.0,0.0,45.3,0.0,0.0,0.0,4292.6,44.5,3175.3,0.0,0.0,0.0,0.0,0.0,1072.7,0.0,0.0,0.0,0.0,0.0,0.0,0.0,44.5,0.0
2050-09-21 22:00:00,2050-09-21 20:00:00,2816.8,0.0,0.0,10.7,2827.5,2696.2,2769.1,0.0,1640.0,0.0428,0.0737,battery,gas-cc,87.0,1.6,0.16,10.3,656.7,0.04,87.1,29.9,117.0,93.1,1.8,0.18,11.0,702.7,0.04,93.2,32.0,125.2,155.0,2.9,0.29,18.3,1168.3,0.07,155.1,53.1,208.3,417.7,7.9,0.79,49.3,3151.8,0.18,418.1,143.3,561.4,41.66,0.0,0.0,41.66,44.97,0.0,0.0,44.97,0.0,0.0,0.0,4467.5,58.4,3336.3,0.0,0.0,0.0,0.0,0.0,1072.7,0.0,0.0,0.0,0.0,0.0,0.0,0.0,58.4,0.0
2050-09-21 23:00:00,2050-09-21 21:00:00,2556.8,0.0,0.0,10.7,2567.5,2454.5,2515.2,0.0,1640.0,0.04,0.0669,battery,gas-cc,92.4,1.7,0.17,10.9,697.2,0.04,92.5,31.7,124.2,98.4,1.9,0.19,11.6,742.6,0.04,98.5,33.8,132.3,214.4,4.0,0.4,25.3,1617.0,0.09,214.6,73.5,288.1,414.6,7.8,0.78,49.0,3128.8,0.18,415.1,142.3,557.3,41.66,0.0,0.0,41.66,44.65,0.0,0.0,44.65,0.0,0.0,0.0,4207.5,52.3,3082.4,0.0,0.0,0.0,0.0,0.0,1072.7,0.0,0.0,0.0,0.0,0.0,0.0,0.0,52.3,0.0
2050-09-22 00:00:00,2050-09-21 22:00:00,2304.2,0.0,0.0,15.3,2319.5,2217.9,2271.1,0.0,1936.1,0.0374,0.0603,gas-cc,gas-cc,91.4,1.7,0.17,10.8,689.4,0.04,91.5,31.3,122.8,97.1,1.8,0.18,11.5,732.5,0.04,97.2,33.3,130.5,154.1,2.9,0.29,18.2,1162.0,0.07,154.3,52.9,207.2,444.4,8.4,0.84,52.5,3353.2,0.19,444.8,152.5,597.3,49.11,0.0,0.0,49.11,52.26,0.0,0.0,52.26,0.0,0.0,0.0,4255.6,48.4,3134.5,0.0,0.0,0.0,0.0,0.0,1072.7,0.0,0.0,0.0,0.0,0.0,0.0,0.0,48.4,0.0
2050-09-22 01:00:00,2050-09-21 23:00:00,2038.9,0.0,0.0,14.7,2053.6,1967.7,2017.0,0.0,1897.8,0.0349,0.0533,gas-cc,gas-cc,98.4,1.9,0.19,11.6,742.4,0.04,98.5,33.8,132.2,104.1,2.0,0.2,12.3,785.2,0.05,104.2,35.7,139.9,153.7,2.9,0.29,18.2,1158.6,0.07,153.8,52.7,206.6,441.1,8.3,0.83,52.1,3328.6,0.19,441.6,151.4,592.9,45.33,0.0,0.0,45.33,47.88,0.0,0.0,47.88,0.0,0.0,0.0,3951.4,36.6,2842.1,0.0,0.0,0.0,0.0,0.0,1072.7,0.0,0.0,0.0,0.0,0.0,0.0,0.0,36.6,0.0
2050-09-22 02:00:00,2050-09-22 00:00:00,1820.0,0.0,0.0,9.7,1829.7,1759.8,1797.3,0.0,1490.8,0.0331,0.0476,battery,gas-cc,117.1,2.2,0.22,13.8,883.5,0.05,117.2,40.2,157.4,123.0,2.3,0.23,14.5,928.5,0.05,123.2,42.2,165.4,186.5,3.5,0.35,22.0,1406.5,0.08,186.7,64.0,250.7,479.6,9.0,0.9,56.7,3619.4,0.21,480.2,164.6,644.7,41.43,0.0,0.0,41.43,43.5,0.0,0.0,43.5,0.0,0.0,0.0,3320.5,32.4,2215.4,0.0,0.0,0.0,0.0,0.0,1072.7,0.0,0.0,0.0,0.0,0.0,0.0,0.0,32.4,0.0
2050-09-22 03:00:00,2050-09-22 01:00:00,1667.4,0.0,0.0,0.0,1667.4,1614.2,1635.8,0.0,0.0,0.0319,0.0436,battery,gas-cc,233.2,4.4,0.44,27.5,1759.5,0.1,233.4,80.0,313.4,241.8,4.6,0.46,28.6,1824.9,0.1,242.1,83.0,325.1,152.9,2.9,0.29,18.1,1152.5,0.07,153.0,52.4,205.5,404.5,7.6,0.76,47.8,3052.7,0.18,405.0,138.8,543.8,41.43,0.0,0.0,41.43,43.32,0.0,0.0,43.32,0.0,0.0,0.0,1667.4,31.6,563.0,0.0,0.0,0.0,0.0,0.0,1072.7,0.0,0.0,0.0,0.0,0.0,0.0,0.0,31.6,0.0
2050-09-22 04:00:00,2050-09-22 02:00:00,1553.7,0.0,0.0,0.0,1553.7,1505.3,1523.1,0.0,0.0,0.0312,0.0406,battery,gas-cc,250.2,4.7,0.47,29.6,1888.2,0.11,250.5,85.9,336.3,259.1,4.9,0.49,30.6,1955.3,0.11,259.4,88.9,348.3,225.3,4.2,0.43,26.6,1699.5,0.1,225.5,77.3,302.8,403.3,7.6,0.76,47.6,3043.3,0.17,403.7,138.4,542.1,41.43,0.0,0.0,41.43,43.18,0.0,0.0,43.18,0.0,0.0,0.0,1553.7,30.5,450.4,0.0,0.0,0.0,0.0,0.0,1072.7,0.0,0.0,0.0,0.0,0.0,0.0,0.0,30.5,0.0
2050-09-22 05:00:00,2050-09-22 03:00:00,1487.4,0.0,0.0,0.0,1487.4,1441.6,1466.9,0.0,0.0,0.0308,0.0389,battery,gas-cc,261.4,4.9,0.49,30.9,1972.4,0.11,261.7,89.7,351.3,270.4,5.1,0.51,32.0,2040.9,0.12,270.7,92.8,363.5,167.4,3.2,0.32,19.8,1262.4,0.07,167.6,57.4,225.0,402.6,7.6,0.76,47.6,3037.8,0.17,403.0,138.1,541.1,41.43,0.0,0.0,41.43,43.11,0.0,0.0,43.11,0.0,0.0,0.0,1487.4,20.5,394.1,0.0,0.0,0.0,0.0,0.0,1072.7,0.0,0.0,0.0,0.0,0.0,0.0,0.0,20.5,0.0
2050-09-22 06:00:00,2050-09-22 04:00:00,1455.8,0.0,0.0,2.6,1458.3,1411.2,1441.4,164.7,0.0,0.0306,0.0381,gas-cc,gas-cc,300.5,5.7,0.57,35.5,2267.8,0.13,300.8,103.1,404.0,278.4,5.2,0.52,32.9,2100.6,0.12,278.7,95.5,374.2,251.0,4.7,0.47,29.7,1893.9,0.11,251.3,86.1,337.4,406.0,7.7,0.77,48.0,3063.6,0.18,406.4,139.3,545.7,41.43,0.0,0.0,41.43,43.07,0.0,0.0,43.07,0.0,0.0,0.0,1293.6,16.9,203.9,0.0,0.0,0.0,0.0,0.0,1072.7,0.0,0.0,0.0,0.0,0.0,0.0,0.0,16.9,0.0
2050-09-22 07:00:00,2050-09-22 05:00:00,1489.5,0.0,0.0,4.8,1494.2,1443.6,1477.1,307.6,0.0,0.0308,0.039,battery,gas-cc,327.6,6.2,0.62,38.7,2472.2,0.14,328.0,112.4,440.4,276.8,5.2,0.52,32.7,2088.8,0.12,277.1,95.0,372.1,192.5,3.6,0.36,22.7,1451.7,0.08,192.7,66.0,258.7,402.6,7.6,0.76,47.6,3037.9,0.17,403.0,138.1,541.2,41.43,0.0,0.0,41.43,43.11,0.0,0.0,43.11,0.0,0.0,0.0,1186.7,17.1,96.8,0.0,0.0,0.0,0.0,0.0,1072.7,0.0,0.0,0.0,0.0,0.0,0.0,0.0,17.1,0.0
2050-09-22 08:00:00,2050-09-22 06:00:00,1553.7,730.0,0.0,8.8,2292.5,1505.3,737.0,737.0,0.0,0.0312,0.0406,gas-cc,gas-cc,0.0,0.0,0.0,0.0,0.0,0.0,0.0,0.0,0.0,0.0,0.0,0.0,0.2,0.6,0.01,0.0,0.3,0.3,161.4,3.0,0.3,19.1,1217.2,0.07,161.6,55.4,216.9,366.7,6.9,0.69,43.3,2767.1,0.16,367.1,125.8,492.9,32.07,0.0,0.0,32.07,33.43,0.0,0.0,33.43,0.0,0.0,0.0,1555.5,1555.5,0.0,0.0,0.0,0.0,0.0,65.0,0.0,0.0,0.0,0.0,0.0,0.0,0.0,1474.2,16.3,0.0
2050-09-22 09:00:00,2050-09-22 07:00:00,1718.9,2431.9,0.0,0.7,4151.6,1663.5,-114.8,0.0,114.8,0.0323,0.045,upv,upv,0.0,0.0,0.0,0.0,0.0,0.0,0.0,0.0,0.0,0.0,0.0,0.0,0.0,0.0,0.0,0.0,0.0,0.0,140.9,2.7,0.27,16.6,1062.2,0.06,141.0,48.3,189.4,0.0,0.0,0.0,0.0,0.0,0.0,0.0,0.0,0.0,0.0,0.0,0.0,0.0,0.0,0.0,0.0,0.0,9.4,2548.1,2557.5,4266.4,4266.4,0.0,0.0,0.0,0.0,0.0,0.0,0.0,0.0,0.0,0.0,0.0,0.0,0.0,4266.4,0.0,0.0
2050-09-22 10:00:00,2050-09-22 08:00:00,1935.8,2850.6,0.0,4.3,4790.7,1869.9,-660.8,0.0,660.8,0.034,0.0506,upv,upv,0.0,0.0,0.0,0.0,0.0,0.0,0.0,0.0,0.0,0.0,0.0,0.0,0.0,0.0,0.0,0.0,0.0,0.0,140.3,2.6,0.27,16.6,1057.4,0.06,140.4,48.1,188.5,0.0,0.0,0.0,0.0,0.0,0.0,0.0,0.0,0.0,0.0,0.0,0.0,0.0,0.0,0.0,0.0,0.0,6.0,3724.4,3730.5,5451.5,5451.5,0.0,0.0,0.0,0.0,0.0,387.2,0.0,0.0,0.0,0.0,0.0,0.0,0.0,5064.2,0.0,0.0
2050-09-22 11:00:00,2050-09-22 09:00:00,2058.9,3597.0,0.0,10.7,5666.6,1986.7,-1640.0,0.0,1640.0,0.0351,0.0538,upv,upv,0.0,0.0,0.0,0.0,0.0,0.0,0.0,0.0,0.0,0.0,0.0,0.0,0.0,0.0,0.0,0.0,0.0,0.0,140.4,2.7,0.27,16.6,1058.5,0.06,140.6,48.2,188.7,0.0,0.0,0.0,0.0,0.0,0.0,0.0,0.0,0.0,0.0,0.0,0.0,0.0,0.0,0.0,0.0,0.0,5.9,2328.2,2334.2,7306.6,7306.6,0.0,0.0,0.0,0.0,0.0,0.0,0.0,0.0,0.0,0.0,0.0,0.0,0.0,7306.6,0.0,0.0
2050-09-22 12:00:00,2050-09-22 10:00:00,2190.5,3795.7,0.0,10.7,5996.9,2110.9,-1640.0,0.0,1640.0,0.0363,0.0573,upv,upv,0.0,0.0,0.0,0.0,0.0,0.0,0.0,0.0,0.0,0.0,0.0,0.0,0.0,0.0,0.0,0.0,0.0,0.0,140.6,2.7,0.27,16.6,1059.9,0.06,140.7,48.2,189.0,0.0,0.0,0.0,0.0,0.0,0.0,0.0,0.0,0.0,0.0,0.0,0.0,0.0,0.0,0.0,0.0,0.0,4.7,1727.9,1732.7,7636.8,7636.8,0.0,0.0,0.0,0.0,0.0,0.0,0.0,0.0,0.0,0.0,0.0,0.0,0.0,7636.8,0.0,0.0
2050-09-22 13:00:00,2050-09-22 11:00:00,2314.7,4019.6,0.0,10.7,6345.0,2227.8,-1640.0,0.0,1640.0,0.0376,0.0605,upv,upv,0.0,0.0,0.0,0.0,0.0,0.0,0.0,0.0,0.0,0.0,0.0,0.0,0.0,0.0,0.0,0.0,0.0,0.0,140.8,2.7,0.27,16.6,1061.2,0.06,140.9,48.3,189.2,0.0,0.0,0.0,0.0,0.0,0.0,0.0,0.0,0.0,0.0,0.0,0.0,0.0,0.0,0.0,0.0,0.0,0.0,1139.1,1139.1,7984.9,7984.9,0.0,0.0,0.0,0.0,0.0,385.1,0.0,0.0,0.0,0.0,0.0,0.0,0.0,7597.9,2.0,0.0
2050-09-22 14:00:00,2050-09-22 12:00:00,2489.5,2650.9,0.0,7.4,5147.8,2391.6,-1141.9,0.0,1141.9,0.0393,0.0651,upv,upv,0.0,0.0,0.0,0.0,0.0,0.0,0.0,0.0,0.0,0.0,0.0,0.0,0.0,0.0,0.0,0.0,0.0,0.0,141.0,2.7,0.27,16.7,1063.2,0.06,141.2,48.4,189.5,0.0,0.0,0.0,0.0,0.0,0.0,0.0,0.0,0.0,0.0,0.0,0.0,0.0,0.0,0.0,0.0,0.0,1.1,2711.0,2712.1,6289.7,6289.7,0.0,0.0,0.0,0.0,0.0,380.0,0.0,0.0,0.0,0.0,0.0,0.0,0.0,5909.7,0.0,0.0
2050-09-22 15:00:00,2050-09-22 13:00:00,2665.3,3824.8,0.0,1.4,6491.4,2555.5,-213.6,0.0,213.6,0.0412,0.0697,upv,upv,0.0,0.0,0.0,0.0,0.0,0.0,0.0,0.0,0.0,0.0,0.0,0.0,0.0,0.0,0.0,0.0,0.0,0.0,141.3,2.7,0.27,16.7,1065.2,0.06,141.5,48.5,189.9,0.0,0.0,0.0,0.0,0.0,0.0,0.0,0.0,0.0,0.0,0.0,0.0,0.0,0.0,0.0,0.0,0.0,2.1,1917.7,1919.8,6705.0,6705.0,0.0,0.0,0.0,0.0,0.0,364.0,0.0,0.0,0.0,0.0,0.0,0.0,0.0,6341.0,0.0,0.0
2050-09-22 16:00:00,2050-09-22 14:00:00,2822.1,3469.1,0.0,3.7,6294.8,2701.1,-563.8,0.0,563.8,0.0429,0.0738,upv,upv,0.0,0.0,0.0,0.0,0.0,0.0,0.0,0.0,0.0,0.0,0.0,0.0,0.0,0.0,0.0,0.0,0.0,0.0,141.6,2.7,0.27,16.7,1067.1,0.06,141.7,48.5,190.2,0.0,0.0,0.0,0.0,0.0,0.0,0.0,0.0,0.0,0.0,0.0,0.0,0.0,0.0,0.0,0.0,0.0,2.7,1494.2,1496.9,6858.6,6858.6,0.0,0.0,0.0,0.0,0.0,0.0,0.0,0.0,0.0,0.0,0.0,0.0,0.0,6858.6,0.0,0.0
2050-09-22 17:00:00,2050-09-22 15:00:00,2989.5,2917.5,0.0,7.3,5914.3,2855.8,-1119.8,0.0,1119.8,0.0447,0.0782,upv,upv,0.0,0.0,0.0,0.0,0.0,0.0,0.0,0.0,0.0,0.0,0.0,0.0,0.0,0.0,0.0,0.0,0.0,0.0,141.8,2.7,0.27,16.8,1069.2,0.06,142.0,48.6,190.6,0.0,0.0,0.0,0.0,0.0,0.0,0.0,0.0,0.0,0.0,0.0,0.0,0.0,0.0,0.0,0.0,0.0,2.4,664.3,666.7,7034.1,7034.1,0.0,0.0,0.0,0.0,0.0,0.0,0.0,0.0,0.0,0.0,0.0,0.0,0.0,7034.1,0.0,0.0
2050-09-22 18:00:00,2050-09-22 16:00:00,3126.3,879.4,0.0,10.7,4016.4,2981.7,-1640.0,0.0,1640.0,0.0463,0.0818,battery,gas-cc,0.0,0.0,0.0,0.0,0.0,0.0,0.0,0.0,0.0,0.0,0.0,0.0,0.0,0.0,0.0,0.0,0.0,0.0,142.1,2.7,0.27,16.8,1070.9,0.06,142.2,48.7,190.9,382.3,7.2,0.72,45.2,2885.2,0.17,382.8,131.2,513.9,32.07,0.0,0.0,32.07,34.93,0.0,0.0,34.93,0.0,0.0,0.0,5656.4,5656.4,0.0,0.0,0.0,0.0,0.0,238.5,0.0,0.0,0.0,0.0,0.0,0.0,0.0,5412.1,5.7,0.0
2050-09-22 19:00:00,2050-09-22 17:00:00,3177.9,0.0,0.0,10.2,3188.1,3029.0,2207.5,0.0,1562.9,0.0469,0.0831,battery,gas-cc,81.8,1.5,0.15,9.7,617.5,0.04,81.9,28.1,110.0,87.5,1.6,0.16,10.4,660.6,0.04,87.6,30.0,117.7,153.9,2.9,0.29,18.2,1160.4,0.07,154.1,52.8,206.9,501.0,9.4,0.94,59.2,3780.4,0.22,501.5,171.9,673.4,40.41,0.0,0.0,40.41,44.08,0.0,0.0,44.08,0.0,0.0,0.0,4750.9,980.6,2697.6,0.0,0.0,0.0,0.0,40.6,1072.7,0.0,0.0,0.0,0.0,0.0,0.0,922.5,17.5,0.0
2050-09-22 20:00:00,2050-09-22 18:00:00,3152.6,0.0,0.0,10.7,3163.3,3005.8,3106.1,0.0,1640.0,0.0466,0.0824,battery,gas-cc,80.9,1.5,0.15,9.6,610.8,0.04,81.0,27.8,108.8,87.2,1.6,0.16,10.3,657.7,0.04,87.3,29.9,117.2,154.3,2.9,0.29,18.2,1163.2,0.07,154.5,52.9,207.4,411.4,7.8,0.78,48.6,3104.4,0.18,411.8,141.2,553.0,40.41,713.57,0.0,753.98,44.05,777.68,0.0,821.73,0.0,0.0,0.0,4803.3,57.1,3673.4,0.0,0.0,0.0,0.0,0.0,1072.7,0.0,0.0,0.0,0.0,0.0,0.0,0.0,57.1,0.0
2050-09-22 21:00:00,2050-09-22 19:00:00,3021.1,0.0,0.0,10.7,3031.7,2884.9,2921.3,0.0,1640.0,0.0451,0.079,battery,gas-cc,83.2,1.6,0.16,9.8,628.0,0.04,83.3,28.6,111.9,89.4,1.7,0.17,10.6,674.3,0.04,89.5,30.7,120.1,154.1,2.9,0.29,18.2,1161.7,0.07,154.3,52.8,207.1,409.9,7.7,0.77,48.4,3092.8,0.18,410.3,140.6,550.9,40.41,153.34,0.0,193.76,43.88,166.5,0.0,210.38,0.0,0.0,0.0,4671.7,110.5,3488.5,0.0,0.0,0.0,0.0,0.0,1072.7,0.0,0.0,0.0,0.0,0.0,0.0,0.0,110.5,0.0
2050-09-22 22:00:00,2050-09-22 20:00:00,2755.8,0.0,0.0,10.6,2766.4,2639.6,2678.9,0.0,1634.1,0.0422,0.0721,hydro,gas-cc,88.3,1.7,0.17,10.4,666.7,0.04,88.4,30.3,118.8,94.4,1.8,0.18,11.2,712.4,0.04,94.5,32.4,126.9,184.3,3.5,0.35,21.8,1389.8,0.08,184.5,63.2,247.7,424.1,8.0,0.8,50.1,3200.6,0.18,424.6,145.5,570.1,40.41,0.0,0.0,40.41,43.55,0.0,0.0,43.55,0.0,0.0,0.0,4400.5,87.5,3240.3,0.0,0.0,0.0,0.0,0.0,1072.7,0.0,0.0,0.0,0.0,0.0,0.0,0.0,87.5,0.0
2050-09-22 23:00:00,2050-09-22 21:00:00,2494.7,0.0,0.0,10.7,2505.4,2396.5,2434.9,0.0,1640.0,0.0394,0.0652,battery,gas-cc,93.8,1.8,0.18,11.1,707.7,0.04,93.9,32.2,126.1,99.8,1.9,0.19,11.8,752.8,0.04,99.9,34.2,134.1,188.4,3.6,0.36,22.3,1421.0,0.08,188.6,64.6,253.3,403.8,7.6,0.76,47.7,3047.3,0.18,404.3,138.6,542.8,40.41,0.0,0.0,40.41,43.24,0.0,0.0,43.24,0.0,0.0,0.0,4145.4,70.5,3002.1,0.0,0.0,0.0,0.0,0.0,1072.7,0.0,0.0,0.0,0.0,0.0,0.0,0.0,70.5,0.0
2050-09-23 00:00:00,2050-09-22 22:00:00,2288.4,0.0,0.0,19.8,2308.2,2203.1,2271.5,0.0,2231.1,0.0373,0.0598,gas-cc,gas-cc,85.6,1.6,0.16,10.1,646.3,0.04,85.7,29.4,115.1,91.2,1.7,0.17,10.8,688.1,0.04,91.3,31.3,122.6,200.9,3.8,0.38,23.7,1515.4,0.09,201.2,68.9,270.1,397.9,7.5,0.75,47.0,3002.5,0.17,398.3,136.5,534.8,49.53,0.0,0.0,49.53,52.68,0.0,0.0,52.68,0.0,0.0,0.0,4539.3,36.8,3429.8,0.0,0.0,0.0,0.0,0.0,1072.7,0.0,0.0,0.0,0.0,0.0,0.0,0.0,36.8,0.0
2050-09-23 01:00:00,2050-09-22 23:00:00,2038.9,0.0,0.0,12.7,2051.7,1967.7,2029.4,0.0,1774.5,0.0349,0.0533,gas-cc,gas-cc,101.6,1.9,0.19,12.0,766.7,0.04,101.7,34.9,136.6,107.4,2.0,0.2,12.7,810.3,0.05,107.5,36.9,144.3,153.0,2.9,0.29,18.1,1153.7,0.07,153.2,52.5,205.7,414.2,7.8,0.78,48.9,3125.6,0.18,414.6,142.1,556.8,39.96,0.0,0.0,39.96,42.21,0.0,0.0,42.21,0.0,0.0,0.0,3826.1,22.3,2731.1,0.0,0.0,0.0,0.0,0.0,1072.7,0.0,0.0,0.0,0.0,0.0,0.0,0.0,22.3,0.0
2050-09-23 02:00:00,2050-09-23 00:00:00,1843.2,0.0,0.0,10.7,1853.8,1781.9,1821.9,0.0,1640.0,0.0332,0.0482,battery,gas-cc,111.3,2.1,0.21,13.1,839.7,0.05,111.4,38.2,149.6,117.1,2.2,0.22,13.8,883.7,0.05,117.2,40.2,157.4,217.6,4.1,0.41,25.7,1641.7,0.09,217.9,74.7,292.5,389.6,7.3,0.73,46.0,2940.1,0.17,390.0,133.7,523.7,39.96,0.0,0.0,39.96,41.98,0.0,0.0,41.98,0.0,0.0,0.0,3493.8,31.9,2389.1,0.0,0.0,0.0,0.0,0.0,1072.7,0.0,0.0,0.0,0.0,0.0,0.0,0.0,31.9,0.0
2050-09-23 03:00:00,2050-09-23 01:00:00,1695.8,0.0,0.0,2.2,1698.0,1641.3,1672.9,0.0,334.6,0.0321,0.0443,battery,gas-cc,191.3,3.6,0.36,22.6,1443.3,0.08,191.5,65.6,257.1,199.0,3.7,0.37,23.5,1501.3,0.09,199.2,68.3,267.4,153.1,2.9,0.29,18.1,1154.4,0.07,153.3,52.5,205.8,388.0,7.3,0.73,45.8,2928.3,0.17,388.5,133.1,521.6,39.96,0.0,0.0,39.96,41.81,0.0,0.0,41.81,0.0,0.0,0.0,2032.6,25.0,934.8,0.0,0.0,0.0,0.0,0.0,1072.7,0.0,0.0,0.0,0.0,0.0,0.0,0.0,25.0,0.0
2050-09-23 04:00:00,2050-09-23 02:00:00,1582.1,0.0,0.0,0.0,1582.1,1532.5,1562.2,0.0,0.0,0.0313,0.0414,battery,gas-cc,245.7,4.6,0.46,29.0,1854.3,0.11,246.0,84.3,330.3,254.6,4.8,0.48,30.1,1921.1,0.11,254.9,87.4,342.2,166.5,3.1,0.31,19.7,1255.4,0.07,166.7,57.1,223.8,386.8,7.3,0.73,45.7,2919.2,0.17,387.3,132.7,520.0,39.96,0.0,0.0,39.96,41.68,0.0,0.0,41.68,0.0,0.0,0.0,1582.1,19.9,489.5,0.0,0.0,0.0,0.0,0.0,1072.7,0.0,0.0,0.0,0.0,0.0,0.0,0.0,19.9,0.0
2050-09-23 05:00:00,2050-09-23 03:00:00,1507.4,0.0,0.0,0.0,1507.4,1460.8,1488.1,0.0,0.0,0.0309,0.0394,battery,gas-cc,257.9,4.9,0.49,30.5,1946.2,0.11,258.2,88.5,346.7,266.9,5.0,0.5,31.5,2014.3,0.12,267.2,91.6,358.8,244.5,4.6,0.46,28.9,1844.4,0.11,244.7,83.9,328.6,386.1,7.3,0.73,45.6,2913.2,0.17,386.5,132.5,518.9,39.96,0.0,0.0,39.96,41.6,0.0,0.0,41.6,0.0,0.0,0.0,1507.4,19.3,415.4,0.0,0.0,0.0,0.0,0.0,1072.7,0.0,0.0,0.0,0.0,0.0,0.0,0.0,19.3,0.0
2050-09-23 06:00:00,2050-09-23 04:00:00,1437.9,0.0,0.0,5.4,1443.3,1394.0,1423.9,351.2,0.0,0.0305,0.0376,hydro,gas-cc,356.0,6.7,0.67,42.1,2686.2,0.15,356.3,122.1,478.5,287.6,5.4,0.54,34.0,2170.4,0.13,287.9,98.7,386.6,243.0,4.6,0.46,28.7,1833.3,0.11,243.3,83.4,326.6,452.8,8.5,0.85,53.5,3416.9,0.2,453.3,155.4,608.7,39.95,0.0,0.0,39.95,41.52,0.0,0.0,41.52,0.0,0.0,0.0,1092.1,19.4,0.0,0.0,0.0,0.0,0.0,0.0,1072.7,0.0,0.0,0.0,0.0,0.0,0.0,0.0,19.4,0.0
2050-09-23 07:00:00,2050-09-23 05:00:00,1420.0,0.0,0.0,5.1,1425.1,1376.8,1404.8,332.1,0.0,0.0304,0.0371,gas-cc,gas-cc,355.7,6.7,0.67,42.0,2683.9,0.15,356.1,122.0,478.1,290.9,5.5,0.55,34.4,2195.5,0.13,291.2,99.8,391.1,226.1,4.3,0.43,26.7,1705.7,0.1,226.4,77.6,303.9,365.4,6.9,0.69,43.2,2757.0,0.16,365.7,125.4,491.1,39.95,0.0,0.0,39.95,41.5,0.0,0.0,41.5,0.0,0.0,0.0,1093.0,20.3,0.0,0.0,0.0,0.0,0.0,0.0,1072.7,0.0,0.0,0.0,0.0,0.0,0.0,0.0,20.3,0.0
2050-09-23 08:00:00,2050-09-23 06:00:00,1400.0,1404.7,0.0,12.1,2816.8,1357.5,1243.2,1243.2,0.0,0.0303,0.0366,battery,gas-cc,0.0,0.0,0.0,0.0,0.0,0.0,0.0,0.0,0.0,0.0,0.0,0.0,0.6,1.5,0.01,0.0,0.7,0.7,149.2,2.8,0.28,17.6,1124.9,0.06,149.3,51.2,200.5,373.9,7.0,0.7,44.2,2821.5,0.16,374.3,128.3,502.6,32.87,0.0,0.0,32.87,34.12,0.0,0.0,34.12,0.0,0.0,0.0,1573.6,1573.6,0.0,0.0,0.0,0.0,0.0,65.5,0.0,0.0,0.0,0.0,0.0,0.0,0.0,1486.3,21.8,0.0
2050-09-23 09:00:00,2050-09-23 07:00:00,1478.9,2608.7,0.0,10.7,4098.3,1433.5,-1640.0,0.0,1640.0,0.0307,0.0387,battery,upv,0.0,0.0,0.0,0.0,0.0,0.0,0.0,0.0,0.0,0.0,0.0,0.0,0.0,0.0,0.0,0.0,0.0,0.0,139.8,2.6,0.26,16.5,1053.8,0.06,139.9,47.9,187.9,0.0,0.0,0.0,0.0,0.0,0.0,0.0,0.0,0.0,12.62,0.0,0.0,12.62,13.12,0.0,0.0,13.12,0.0,0.0,0.0,5738.3,5738.3,0.0,0.0,0.0,0.0,0.0,241.3,0.0,0.0,0.0,0.0,0.0,0.0,0.0,5476.7,20.2,0.0
2050-09-23 10:00:00,2050-09-23 08:00:00,1631.6,3336.3,0.0,21.9,4989.8,1579.9,-2366.3,0.0,2366.3,0.0317,0.0427,battery,gas-cc,0.0,0.0,0.0,0.0,0.0,0.0,0.0,0.0,0.0,0.0,0.0,0.0,0.0,0.0,0.0,0.0,0.0,0.0,140.2,2.6,0.27,16.6,1056.8,0.06,140.3,48.1,188.4,330.7,6.2,0.62,39.1,2495.7,0.14,331.1,113.5,444.6,12.62,0.0,0.0,12.62,13.18,0.0,0.0,13.18,0.0,0.0,0.0,7356.1,7356.1,0.0,0.0,0.0,0.0,0.0,309.8,0.0,0.0,0.0,0.0,0.0,0.0,0.0,7030.9,15.3,0.0
2050-09-23 11:00:00,2050-09-23 09:00:00,1809.5,4019.6,0.0,21.7,5850.8,1749.8,-2354.7,0.0,2354.7,0.033,0.0473,battery,wind-ons,0.0,0.0,0.0,0.0,0.0,0.0,0.0,0.0,0.0,0.0,0.0,0.0,0.0,0.0,0.0,0.0,0.0,0.0,140.1,2.6,0.27,16.6,1056.2,0.06,140.3,48.0,188.3,0.0,0.0,0.0,0.0,0.0,0.0,0.0,0.0,0.0,4.57,0.0,0.0,4.57,4.79,0.0,0.0,4.79,0.0,0.0,0.0,8205.5,8205.5,0.0,0.0,0.0,0.0,0.0,345.7,0.0,0.0,0.0,0.0,0.0,0.0,0.0,7845.2,14.6,0.0
2050-09-23 12:00:00,2050-09-23 10:00:00,2038.9,3990.5,0.0,24.9,6054.3,1967.7,-2558.7,0.0,2558.7,0.0349,0.0533,battery,gas-cc,0.0,0.0,0.0,0.0,0.0,0.0,0.0,0.0,0.0,0.0,0.0,0.0,0.0,0.0,0.0,0.0,0.0,0.0,140.4,2.6,0.27,16.6,1058.3,0.06,140.5,48.1,188.7,371.6,7.0,0.7,43.9,2804.2,0.16,372.0,127.5,499.5,12.62,0.0,0.0,12.62,13.33,0.0,0.0,13.33,0.0,0.0,0.0,8613.1,8613.1,0.0,0.0,0.0,0.0,0.0,362.7,0.0,0.0,0.0,0.0,0.0,0.0,0.0,8232.9,17.5,0.0
2050-09-23 13:00:00,2050-09-23 11:00:00,2257.9,4019.6,0.0,21.6,6299.1,2174.4,-2348.9,0.0,2348.9,0.037,0.059,battery,gas-cc,0.0,0.0,0.0,0.0,0.0,0.0,0.0,0.0,0.0,0.0,0.0,0.0,0.0,0.0,0.0,0.0,0.0,0.0,140.7,2.7,0.27,16.6,1060.6,0.06,140.8,48.2,189.1,373.9,7.0,0.7,44.2,2821.2,0.16,374.3,128.3,502.5,12.62,0.0,0.0,12.62,13.41,0.0,0.0,13.41,0.0,0.0,0.0,8648.0,8648.0,0.0,0.0,0.0,0.0,0.0,364.1,0.0,0.0,0.0,0.0,0.0,0.0,0.0,8265.2,18.7,0.0
2050-09-23 14:00:00,2050-09-23 12:00:00,2484.2,3762.7,0.0,19.8,6266.8,2386.7,-2231.6,0.0,2231.6,0.0393,0.065,battery,gas-cc,0.0,0.0,0.0,0.0,0.0,0.0,0.0,0.0,0.0,0.0,0.0,0.0,0.0,0.0,0.0,0.0,0.0,0.0,141.0,2.7,0.27,16.7,1063.1,0.06,141.2,48.4,189.5,376.2,7.1,0.71,44.4,2839.1,0.16,376.6,129.1,505.7,12.62,0.0,0.0,12.62,13.49,0.0,0.0,13.49,0.0,0.0,0.0,8498.4,8498.4,0.0,0.0,0.0,0.0,0.0,357.1,0.0,0.0,0.0,0.0,0.0,0.0,0.0,8103.6,37.6,0.0
2050-09-23 15:00:00,2050-09-23 13:00:00,2683.2,2955.9,0.0,14.7,5653.7,2572.2,-1900.0,0.0,1900.0,0.0414,0.0702,battery,gas-cc,0.0,0.0,0.0,0.0,0.0,0.0,0.0,0.0,0.0,0.0,0.0,0.0,0.0,0.0,0.0,0.0,0.0,0.0,141.6,2.7,0.27,16.7,1067.6,0.06,141.8,48.6,190.3,378.3,7.1,0.71,44.7,2855.0,0.16,378.7,129.8,508.6,12.62,0.0,0.0,12.62,13.57,0.0,0.0,13.57,0.0,0.0,0.0,7553.8,7553.8,0.0,0.0,0.0,0.0,0.0,318.1,0.0,0.0,0.0,0.0,0.0,0.0,0.0,7218.3,17.3,0.0
2050-09-23 16:00:00,2050-09-23 14:00:00,2845.3,2431.9,0.0,15.9,5293.1,2722.5,-945.0,445.3,1390.3,0.0431,0.0744,battery,gas-cc,0.0,0.0,0.0,0.0,0.0,0.0,0.0,0.0,0.0,0.0,0.0,0.0,0.0,0.0,0.0,0.0,0.0,0.0,141.6,2.7,0.27,16.7,1067.4,0.06,141.7,48.6,190.3,380.1,7.2,0.72,44.9,2868.1,0.16,380.5,130.4,510.9,18.39,0.0,0.0,18.39,19.87,0.0,0.0,19.87,0.0,0.0,0.0,6238.1,6238.1,0.0,0.0,0.0,0.0,0.0,262.4,0.0,0.0,0.0,0.0,0.0,0.0,0.0,5955.0,20.8,0.0
2050-09-23 17:00:00,2050-09-23 15:00:00,2982.1,2431.9,0.0,10.1,5424.1,2849.0,933.7,933.7,0.0,0.0446,0.078,battery,gas-cc,0.0,0.0,0.0,0.0,0.0,0.0,0.0,0.0,0.0,0.0,0.0,0.0,0.1,0.3,0.0,0.0,0.1,0.1,144.6,2.7,0.27,17.1,1090.0,0.06,144.7,49.6,194.3,396.3,7.5,0.75,46.8,2990.5,0.17,396.7,136.0,532.7,24.77,0.0,0.0,24.77,26.86,0.0,0.0,26.86,0.0,0.0,0.0,4490.3,4490.3,0.0,0.0,0.0,0.0,0.0,188.6,0.0,0.0,0.0,0.0,0.0,0.0,0.0,4278.0,23.8,0.0
2050-09-23 18:00:00,2050-09-23 16:00:00,3103.2,0.0,0.0,13.5,3116.7,2960.4,235.8,367.4,1204.4,0.046,0.0812,hydro,gas-cc,98.3,1.9,0.19,11.6,742.0,0.04,98.4,33.7,132.2,94.3,1.8,0.18,11.1,711.8,0.04,94.4,32.4,126.8,148.9,2.8,0.28,17.6,1122.9,0.06,149.1,51.1,200.2,397.8,7.5,0.75,47.0,3002.1,0.17,398.3,136.5,534.8,37.86,0.0,0.0,37.86,41.2,0.0,0.0,41.2,0.0,0.0,0.0,3953.6,2880.9,0.0,0.0,0.0,0.0,0.0,119.8,1072.7,0.0,0.0,0.0,0.0,0.0,0.0,2719.0,42.1,0.0
2050-09-23 19:00:00,2050-09-23 17:00:00,3113.7,0.0,0.0,10.7,3124.3,2970.1,2836.8,0.0,1640.0,0.0461,0.0814,battery,gas-cc,81.6,1.5,0.15,9.6,615.8,0.04,81.7,28.0,109.7,87.7,1.7,0.17,10.4,661.5,0.04,87.8,30.1,117.9,192.5,3.6,0.36,22.7,1451.7,0.08,192.7,66.0,258.7,467.7,8.8,0.88,55.2,3529.0,0.2,468.2,160.5,628.6,38.71,0.0,0.0,38.71,42.14,0.0,0.0,42.14,0.0,0.0,0.0,4764.3,287.5,3404.0,0.0,0.0,0.0,0.0,11.1,1072.7,0.0,0.0,0.0,0.0,0.0,0.0,252.8,23.5,0.0
2050-09-23 20:00:00,2050-09-23 18:00:00,3054.7,0.0,0.0,10.6,3065.4,2915.9,3035.5,0.0,1638.1,0.0455,0.0799,battery,gas-cc,82.7,1.6,0.16,9.8,623.7,0.04,82.7,28.4,111.1,88.9,1.7,0.17,10.5,670.6,0.04,89.0,30.5,119.5,176.2,3.3,0.33,20.8,1328.3,0.08,176.3,60.4,236.8,466.9,8.8,0.88,55.2,3523.1,0.2,467.4,160.2,627.6,38.71,0.0,0.0,38.71,42.07,0.0,0.0,42.07,0.0,0.0,0.0,4703.5,29.9,3600.8,0.0,0.0,0.0,0.0,0.0,1072.7,0.0,0.0,0.0,0.0,0.0,0.0,0.0,29.9,0.0
2050-09-23 21:00:00,2050-09-23 19:00:00,2914.7,0.0,0.0,10.3,2925.0,2786.8,2907.0,0.0,1579.3,0.0439,0.0762,battery,gas-cc,86.3,1.6,0.16,10.2,651.3,0.04,86.4,29.6,116.0,92.5,1.7,0.17,10.9,698.2,0.04,92.6,31.8,124.4,151.6,2.9,0.29,17.9,1142.7,0.07,151.7,52.0,203.7,465.0,8.8,0.88,54.9,3509.1,0.2,465.5,159.6,625.1,38.71,0.0,0.0,38.71,41.9,0.0,0.0,41.9,0.0,0.0,0.0,4504.3,18.0,3413.5,0.0,0.0,0.0,0.0,0.0,1072.7,0.0,0.0,0.0,0.0,0.0,0.0,0.0,18.0,0.0
2050-09-23 22:00:00,2050-09-23 20:00:00,2675.8,0.0,0.0,9.5,2685.3,2565.3,2674.2,0.0,1456.4,0.0413,0.07,battery,gas-cc,93.9,1.8,0.18,11.1,708.3,0.04,94.0,32.2,126.2,100.1,1.9,0.19,11.8,755.3,0.04,100.2,34.4,134.6,158.5,3.0,0.3,18.7,1195.2,0.07,158.7,54.4,213.1,461.9,8.7,0.87,54.6,3485.5,0.2,462.4,158.5,620.9,38.71,0.0,0.0,38.71,41.62,0.0,0.0,41.62,0.0,0.0,0.0,4141.6,11.1,3057.8,0.0,0.0,0.0,0.0,0.0,1072.7,0.0,0.0,0.0,0.0,0.0,0.0,0.0,11.1,0.0
2050-09-23 23:00:00,2050-09-23 21:00:00,2466.3,0.0,0.0,10.7,2477.0,2369.9,2468.9,0.0,1640.0,0.0391,0.0645,battery,gas-cc,94.4,1.8,0.18,11.2,712.6,0.04,94.5,32.4,126.9,100.4,1.9,0.19,11.9,758.0,0.04,100.5,34.5,135.0,173.3,3.3,0.33,20.5,1307.0,0.08,173.5,59.4,233.0,459.2,8.7,0.87,54.2,3465.1,0.2,459.7,157.6,617.2,38.71,0.0,0.0,38.71,41.38,0.0,0.0,41.38,0.0,0.0,0.0,4116.9,8.1,3036.1,0.0,0.0,0.0,0.0,0.0,1072.7,0.0,0.0,0.0,0.0,0.0,0.0,0.0,8.1,0.0
2050-09-24 00:00:00,2050-09-23 22:00:00,2293.7,0.0,0.0,10.7,2304.3,2208.0,2295.2,0.0,1640.0,0.0373,0.06,battery,gas-cc,98.6,1.9,0.19,11.6,743.8,0.04,98.7,33.8,132.5,104.5,2.0,0.2,12.4,788.7,0.05,104.6,35.9,140.5,151.7,2.9,0.29,17.9,1143.8,0.07,151.9,52.0,203.9,457.0,8.6,0.86,54.0,3448.5,0.2,457.5,156.8,614.3,38.71,0.0,0.0,38.71,41.18,0.0,0.0,41.18,0.0,0.0,0.0,3944.3,9.2,2862.4,0.0,0.0,0.0,0.0,0.0,1072.7,0.0,0.0,0.0,0.0,0.0,0.0,0.0,9.2,0.0
2050-09-24 01:00:00,2050-09-23 23:00:00,2110.5,0.0,0.0,10.7,2121.2,2035.4,2106.6,0.0,1640.0,0.0356,0.0552,battery,gas-cc,103.4,1.9,0.19,12.2,780.0,0.04,103.5,35.5,138.9,109.3,2.1,0.21,12.9,824.5,0.05,109.4,37.5,146.9,153.8,2.9,0.29,18.2,1159.7,0.07,154.0,52.8,206.7,454.7,8.6,0.86,53.7,3431.0,0.2,455.2,156.0,611.2,38.71,0.0,0.0,38.71,40.97,0.0,0.0,40.97,0.0,0.0,0.0,3761.2,14.6,2673.9,0.0,0.0,0.0,0.0,0.0,1072.7,0.0,0.0,0.0,0.0,0.0,0.0,0.0,14.6,0.0
2050-09-24 02:00:00,2050-09-24 00:00:00,1896.8,0.0,0.0,10.5,1907.4,1832.9,1885.8,0.0,1619.6,0.0337,0.0496,hydro,gas-cc,110.2,2.1,0.21,13.0,831.8,0.05,110.3,37.8,148.2,116.1,2.2,0.22,13.7,876.0,0.05,116.2,39.8,156.1,153.0,2.9,0.29,18.1,1153.5,0.07,153.2,52.5,205.6,372.6,7.0,0.7,44.0,2811.8,0.16,373.0,127.9,500.9,38.71,0.0,0.0,38.71,40.73,0.0,0.0,40.73,0.0,0.0,0.0,3527.0,21.6,2432.6,0.0,0.0,0.0,0.0,0.0,1072.7,0.0,0.0,0.0,0.0,0.0,0.0,0.0,21.6,0.0
2050-09-24 03:00:00,2050-09-24 01:00:00,1727.4,0.0,0.0,0.8,1728.2,1671.5,1681.2,0.0,121.4,0.0323,0.0452,battery,gas-cc,210.2,4.0,0.4,24.8,1586.2,0.09,210.4,72.1,282.5,218.4,4.1,0.41,25.8,1647.9,0.09,218.6,74.9,293.5,152.7,2.9,0.29,18.0,1151.2,0.07,152.9,52.4,205.2,422.9,8.0,0.8,50.0,3191.2,0.18,423.3,145.1,568.4,38.71,0.0,0.0,38.71,40.54,0.0,0.0,40.54,0.0,0.0,0.0,1849.5,47.0,729.8,0.0,0.0,0.0,0.0,0.0,1072.7,0.0,0.0,0.0,0.0,0.0,0.0,0.0,47.0,0.0
2050-09-24 04:00:00,2050-09-24 02:00:00,1610.5,0.0,0.0,0.1,1610.6,1559.8,1546.2,0.0,8.1,0.0315,0.0421,battery,gas-cc,240.2,4.5,0.45,28.4,1812.4,0.1,240.4,82.4,322.8,248.9,4.7,0.47,29.4,1877.9,0.11,249.1,85.4,334.5,152.4,2.9,0.29,18.0,1149.1,0.07,152.6,52.3,204.9,421.5,7.9,0.79,49.8,3181.0,0.18,422.0,144.6,566.6,38.71,0.0,0.0,38.71,40.41,0.0,0.0,40.41,0.0,0.0,0.0,1618.7,64.4,481.6,0.0,0.0,0.0,0.0,0.0,1072.7,0.0,0.0,0.0,0.0,0.0,0.0,0.0,64.4,0.0
2050-09-24 05:00:00,2050-09-24 03:00:00,1533.7,0.0,0.0,0.0,1533.7,1486.1,1439.3,0.0,0.0,0.031,0.0401,battery,gas-cc,253.5,4.8,0.48,29.9,1912.8,0.11,253.8,87.0,340.7,262.3,4.9,0.49,31.0,1979.4,0.11,262.6,90.0,352.6,255.6,4.8,0.48,30.2,1928.2,0.11,255.9,87.7,343.5,447.5,8.4,0.84,52.9,3377.1,0.19,448.0,153.6,601.6,38.71,0.0,0.0,38.71,40.33,0.0,0.0,40.33,0.0,0.0,0.0,1533.7,94.4,366.5,0.0,0.0,0.0,0.0,0.0,1072.7,0.0,0.0,0.0,0.0,0.0,0.0,0.0,94.4,0.0
2050-09-24 06:00:00,2050-09-24 04:00:00,1455.8,0.0,0.0,4.9,1460.7,1411.2,1391.8,319.1,0.0,0.0306,0.0381,hydro,gas-cc,340.5,6.4,0.64,40.2,2569.7,0.15,340.9,116.8,457.7,274.6,5.2,0.52,32.4,2071.9,0.12,274.9,94.2,369.1,222.4,4.2,0.42,26.3,1677.3,0.1,222.6,76.3,298.9,481.7,9.1,0.91,56.9,3635.1,0.21,482.2,165.3,647.5,38.51,0.0,0.0,38.51,40.04,0.0,0.0,40.04,0.0,0.0,0.0,1141.6,68.9,0.0,0.0,0.0,0.0,0.0,0.0,1072.7,0.0,0.0,0.0,0.0,0.0,0.0,0.0,68.9,0.0
2050-09-24 07:00:00,2050-09-24 05:00:00,1407.4,0.0,0.0,0.0,1407.4,1364.6,1331.0,0.0,0.0,0.0304,0.0368,battery,gas-cc,276.2,5.2,0.52,32.6,2084.5,0.12,276.5,94.8,371.3,285.4,5.4,0.54,33.7,2153.9,0.12,285.7,97.9,383.7,237.3,4.5,0.45,28.0,1790.2,0.1,237.5,81.4,319.0,446.0,8.4,0.84,52.7,3365.5,0.19,446.5,153.0,599.5,38.22,0.0,0.0,38.22,39.68,0.0,0.0,39.68,0.0,0.0,0.0,1407.4,76.4,258.3,0.0,0.0,0.0,0.0,0.0,1072.7,0.0,0.0,0.0,0.0,0.0,0.0,0.0,76.4,0.0
2050-09-24 08:00:00,2050-09-24 06:00:00,1381.1,0.0,0.0,2.2,1383.2,1339.3,141.6,141.6,0.0,0.0303,0.0361,gas-cc,gas-cc,0.0,0.0,0.0,0.0,0.0,0.0,0.0,0.0,0.0,0.0,0.0,0.0,0.0,0.0,0.0,0.0,0.0,0.0,197.3,3.7,0.37,23.3,1488.5,0.09,197.5,67.7,265.2,365.0,6.9,0.69,43.1,2754.1,0.16,365.4,125.2,490.6,32.09,0.0,0.0,32.09,33.3,0.0,0.0,33.3,0.0,0.0,0.0,1241.7,1241.7,0.0,0.0,0.0,0.0,0.0,49.7,0.0,0.0,0.0,0.0,0.0,0.0,0.0,1127.7,64.4,0.0
2050-09-24 09:00:00,2050-09-24 07:00:00,1441.1,2431.9,0.0,15.1,3888.0,1397.0,-812.3,445.3,1257.6,0.0305,0.0377,gas-cc,gas-cc,0.0,0.0,0.0,0.0,0.0,0.0,0.0,0.0,0.0,0.0,0.0,0.0,0.0,0.0,0.0,0.0,0.0,0.0,151.4,2.9,0.29,17.9,1141.4,0.07,151.5,51.9,203.5,365.6,6.9,0.69,43.2,2758.6,0.16,366.0,125.4,491.4,18.34,0.0,0.0,18.34,19.06,0.0,0.0,19.06,0.0,0.0,0.0,4700.4,4700.4,0.0,0.0,0.0,0.0,0.0,196.7,0.0,0.0,0.0,0.0,0.0,0.0,0.0,4465.4,38.3,0.0
2050-09-24 10:00:00,2050-09-24 08:00:00,1585.3,3601.6,0.0,13.4,5200.2,1535.5,-1815.8,0.0,1815.8,0.0314,0.0415,battery,hydro,0.0,0.0,0.0,0.0,0.0,0.0,0.0,0.0,0.0,0.0,0.0,0.0,0.0,0.0,0.0,0.0,0.0,0.0,148.4,2.8,0.28,17.5,1118.5,0.06,148.5,50.9,199.4,0.0,0.0,0.0,0.0,0.0,0.0,0.0,0.0,0.0,4.57,0.0,0.0,4.57,4.76,0.0,0.0,4.76,0.0,0.0,0.0,7016.0,7016.0,0.0,0.0,0.0,0.0,0.0,295.0,0.0,0.0,0.0,0.0,0.0,0.0,0.0,6694.9,26.1,0.0
2050-09-24 11:00:00,2050-09-24 09:00:00,1763.2,4019.6,0.0,17.2,5799.9,1705.6,-2061.9,0.0,2061.9,0.0326,0.0461,upv,upv,0.0,0.0,0.0,0.0,0.0,0.0,0.0,0.0,0.0,0.0,0.0,0.0,0.0,0.0,0.0,0.0,0.0,0.0,140.0,2.6,0.27,16.5,1055.8,0.06,140.2,48.0,188.2,0.0,0.0,0.0,0.0,0.0,0.0,0.0,0.0,0.0,4.54,0.0,0.0,4.54,4.75,0.0,0.0,4.75,0.0,0.0,0.0,7861.9,7861.9,0.0,0.0,0.0,0.0,0.0,330.6,0.0,0.0,0.0,0.0,0.0,0.0,0.0,7502.7,28.6,0.0
2050-09-24 12:00:00,2050-09-24 10:00:00,1989.5,4019.6,0.0,21.0,6030.0,1920.9,-2306.8,0.0,2306.8,0.0345,0.052,upv,upv,0.0,0.0,0.0,0.0,0.0,0.0,0.0,0.0,0.0,0.0,0.0,0.0,0.0,0.0,0.0,0.0,0.0,0.0,140.3,2.6,0.27,16.6,1057.9,0.06,140.5,48.1,188.6,0.0,0.0,0.0,0.0,0.0,0.0,0.0,0.0,0.0,4.57,0.0,0.0,4.57,4.82,0.0,0.0,4.82,0.0,0.0,0.0,8336.8,8336.8,0.0,0.0,0.0,0.0,0.0,351.3,0.0,0.0,0.0,0.0,0.0,0.0,0.0,7974.4,11.1,0.0
2050-09-24 13:00:00,2050-09-24 11:00:00,2195.8,3986.6,0.0,20.7,6203.1,2115.9,-2287.9,0.0,2287.9,0.0364,0.0574,upv,upv,0.0,0.0,0.0,0.0,0.0,0.0,0.0,0.0,0.0,0.0,0.0,0.0,0.0,0.0,0.0,0.0,0.0,0.0,148.3,2.8,0.28,17.5,1118.0,0.06,148.4,50.9,199.3,0.0,0.0,0.0,0.0,0.0,0.0,0.0,0.0,0.0,4.57,0.0,0.0,4.57,4.84,0.0,0.0,4.84,0.0,0.0,0.0,8491.0,8491.0,0.0,0.0,0.0,0.0,0.0,357.6,0.0,0.0,0.0,0.0,0.0,0.0,0.0,8116.6,16.8,0.0
2050-09-24 14:00:00,2050-09-24 12:00:00,2384.2,3207.3,0.0,28.4,5619.9,2293.0,-2782.5,0.0,2782.5,0.0382,0.0623,battery,hydro,0.0,0.0,0.0,0.0,0.0,0.0,0.0,0.0,0.0,0.0,0.0,0.0,0.0,0.0,0.0,0.0,0.0,0.0,140.9,2.7,0.27,16.6,1062.0,0.06,141.0,48.3,189.3,0.0,0.0,0.0,0.0,0.0,0.0,0.0,0.0,0.0,4.57,0.0,0.0,4.57,4.87,0.0,0.0,4.87,0.0,0.0,0.0,8402.5,8402.5,0.0,0.0,0.0,0.0,0.0,353.3,0.0,0.0,0.0,0.0,0.0,0.0,0.0,8019.6,29.5,0.0
2050-09-24 15:00:00,2050-09-24 13:00:00,2535.8,3406.0,0.0,17.3,5959.1,2434.9,-2070.5,0.0,2070.5,0.0398,0.0663,upv,upv,0.0,0.0,0.0,0.0,0.0,0.0,0.0,0.0,0.0,0.0,0.0,0.0,0.0,0.0,0.0,0.0,0.0,0.0,141.4,2.7,0.27,16.7,1066.2,0.06,141.6,48.5,190.1,0.0,0.0,0.0,0.0,0.0,0.0,0.0,0.0,0.0,4.57,0.0,0.0,4.57,4.89,0.0,0.0,4.89,0.0,0.0,0.0,8029.6,8029.6,0.0,0.0,0.0,0.0,0.0,338.0,0.0,0.0,0.0,0.0,0.0,0.0,0.0,7670.7,21.0,0.0
2050-09-24 16:00:00,2050-09-24 14:00:00,2688.4,2452.5,0.0,19.6,5160.5,2577.1,-2217.1,0.0,2217.1,0.0414,0.0703,upv,upv,0.0,0.0,0.0,0.0,0.0,0.0,0.0,0.0,0.0,0.0,0.0,0.0,0.0,0.0,0.0,0.0,0.0,0.0,141.4,2.7,0.27,16.7,1065.7,0.06,141.5,48.5,190.0,0.0,0.0,0.0,0.0,0.0,0.0,0.0,0.0,0.0,4.57,0.0,0.0,4.57,4.91,0.0,0.0,4.91,0.0,0.0,0.0,7377.6,7377.6,0.0,0.0,0.0,0.0,0.0,310.7,0.0,0.0,0.0,0.0,0.0,0.0,0.0,7050.3,16.5,0.0
2050-09-24 17:00:00,2050-09-24 15:00:00,2853.7,2431.9,0.0,12.0,5297.6,2730.3,-1725.4,0.0,1725.4,0.0432,0.0746,hydro,gas-cc,0.0,0.0,0.0,0.0,0.0,0.0,0.0,0.0,0.0,0.0,0.0,0.0,0.0,0.0,0.0,0.0,0.0,0.0,154.8,2.9,0.29,18.3,1166.8,0.07,154.9,53.1,208.0,382.7,7.2,0.72,45.2,2887.9,0.17,383.1,131.3,514.4,21.59,0.0,0.0,21.59,23.33,0.0,0.0,23.33,0.0,0.0,0.0,7022.9,7022.9,0.0,0.0,0.0,0.0,0.0,295.9,0.0,0.0,0.0,0.0,0.0,0.0,0.0,6714.3,12.7,0.0
2050-09-24 18:00:00,2050-09-24 16:00:00,3000.0,0.0,0.0,28.9,3028.9,2865.5,-1756.0,0.0,2816.0,0.0448,0.0785,gas-cc,gas-cc,65.7,1.2,0.12,7.8,496.0,0.03,65.8,22.6,88.3,68.8,1.3,0.13,8.1,519.2,0.03,68.9,23.6,92.5,147.2,2.8,0.28,17.4,1110.0,0.06,147.4,50.5,197.9,393.3,7.4,0.74,46.5,2967.5,0.17,393.7,134.9,528.6,33.36,0.0,0.0,33.36,36.2,0.0,0.0,36.2,0.0,0.0,0.0,5844.9,4784.9,0.0,0.0,0.0,0.0,0.0,201.4,1060.0,0.0,0.0,0.0,0.0,0.0,0.0,4572.0,11.5,0.0
2050-09-24 19:00:00,2050-09-24 17:00:00,3069.5,0.0,0.0,10.7,3080.1,2929.4,2371.5,0.0,1640.0,0.0456,0.0803,battery,gas-cc,82.4,1.6,0.16,9.7,621.5,0.04,82.5,28.3,110.7,88.1,1.7,0.17,10.4,665.2,0.04,88.2,30.3,118.5,153.3,2.9,0.29,18.1,1156.0,0.07,153.5,52.6,206.1,443.7,8.4,0.84,52.4,3348.4,0.19,444.2,152.3,596.5,37.72,0.0,0.0,37.72,41.01,0.0,0.0,41.01,0.0,0.0,0.0,4720.1,708.6,2938.8,0.0,0.0,0.0,0.0,28.9,1072.7,0.0,0.0,0.0,0.0,0.0,0.0,655.1,24.6,0.0
2050-09-24 20:00:00,2050-09-24 18:00:00,3012.6,0.0,0.0,9.7,3022.3,2877.1,2993.1,0.0,1485.6,0.045,0.0788,battery,gas-cc,86.2,1.6,0.16,10.2,650.8,0.04,86.3,29.6,115.9,92.5,1.7,0.17,10.9,698.4,0.04,92.6,31.8,124.4,180.2,3.4,0.34,21.3,1359.3,0.08,180.4,61.8,242.3,440.3,8.3,0.83,52.0,3322.8,0.19,440.8,151.1,591.9,37.72,0.0,0.0,37.72,40.95,0.0,0.0,40.95,0.0,0.0,0.0,4507.9,29.2,3406.0,0.0,0.0,0.0,0.0,0.0,1072.7,0.0,0.0,0.0,0.0,0.0,0.0,0.0,29.2,0.0
2050-09-24 21:00:00,2050-09-24 19:00:00,2902.1,0.0,0.0,10.7,2912.8,2775.1,2892.9,0.0,1640.0,0.0438,0.0759,battery,gas-cc,85.4,1.6,0.16,10.1,644.4,0.04,85.5,29.3,114.8,91.5,1.7,0.17,10.8,690.9,0.04,91.6,31.4,123.1,158.1,3.0,0.3,18.7,1192.3,0.07,158.3,54.2,212.5,441.6,8.3,0.83,52.2,3332.6,0.19,442.1,151.5,593.6,37.72,0.0,0.0,37.72,40.82,0.0,0.0,40.82,0.0,0.0,0.0,4552.7,19.9,3460.1,0.0,0.0,0.0,0.0,0.0,1072.7,0.0,0.0,0.0,0.0,0.0,0.0,0.0,19.9,0.0
2050-09-24 22:00:00,2050-09-24 20:00:00,2656.8,0.0,0.0,10.7,2667.5,2547.7,2620.8,0.0,1640.0,0.0411,0.0695,battery,gas-cc,90.3,1.7,0.17,10.7,681.1,0.04,90.3,31.0,121.3,96.3,1.8,0.18,11.4,726.7,0.04,96.4,33.1,129.5,153.8,2.9,0.29,18.2,1159.8,0.07,154.0,52.8,206.8,438.6,8.3,0.83,51.8,3309.6,0.19,439.1,150.5,589.5,37.72,0.0,0.0,37.72,40.54,0.0,0.0,40.54,0.0,0.0,0.0,4307.5,46.7,3188.0,0.0,0.0,0.0,0.0,0.0,1072.7,0.0,0.0,0.0,0.0,0.0,0.0,0.0,46.7,0.0
2050-09-24 23:00:00,2050-09-24 21:00:00,2417.9,0.0,0.0,10.7,2428.6,2324.6,2362.4,0.0,1640.0,0.0386,0.0632,battery,gas-cc,95.6,1.8,0.18,11.3,721.1,0.04,95.7,32.8,128.4,101.5,1.9,0.19,12.0,766.0,0.04,101.6,34.8,136.5,172.4,3.3,0.33,20.4,1299.9,0.08,172.6,59.1,231.7,435.7,8.2,0.82,51.5,3287.5,0.19,436.1,149.5,585.6,37.72,0.0,0.0,37.72,40.27,0.0,0.0,40.27,0.0,0.0,0.0,4068.5,66.2,2929.6,0.0,0.0,0.0,0.0,0.0,1072.7,0.0,0.0,0.0,0.0,0.0,0.0,0.0,66.2,0.0
2050-09-25 00:00:00,2050-09-24 22:00:00,2213.7,0.0,0.0,6.2,2219.9,2132.7,2156.9,0.0,951.6,0.0366,0.0579,battery,gas-cc,122.6,2.3,0.23,14.5,925.0,0.05,122.7,42.1,164.8,129.1,2.4,0.24,15.3,974.4,0.06,129.3,44.3,173.6,154.9,2.9,0.29,18.3,1168.2,0.07,155.1,53.1,208.3,433.2,8.2,0.82,51.2,3268.9,0.19,433.7,148.6,582.3,37.67,0.0,0.0,37.67,39.98,0.0,0.0,39.98,0.0,0.0,0.0,3171.5,63.0,2035.8,0.0,0.0,0.0,0.0,0.0,1072.7,0.0,0.0,0.0,0.0,0.0,0.0,0.0,63.0,0.0
2050-09-25 01:00:00,2050-09-24 23:00:00,1989.5,0.0,0.0,9.6,1999.1,1920.9,1957.7,0.0,1478.1,0.0345,0.052,battery,gas-cc,111.8,2.1,0.21,13.2,843.7,0.05,111.9,38.4,150.3,117.8,2.2,0.22,13.9,888.9,0.05,117.9,40.4,158.3,156.7,3.0,0.3,18.5,1181.3,0.07,156.8,53.7,210.6,430.5,8.1,0.81,50.9,3248.7,0.19,431.0,147.7,578.7,37.67,0.0,0.0,37.67,39.74,0.0,0.0,39.74,0.0,0.0,0.0,3477.2,41.4,2363.1,0.0,0.0,0.0,0.0,0.0,1072.7,0.0,0.0,0.0,0.0,0.0,0.0,0.0,41.4,0.0
2050-09-25 02:00:00,2050-09-25 00:00:00,1770.5,0.0,0.0,10.5,1781.1,1712.7,1750.8,0.0,1620.7,0.0327,0.0463,battery,gas-cc,114.3,2.2,0.22,13.5,862.4,0.05,114.4,39.2,153.6,120.1,2.3,0.23,14.2,906.5,0.05,120.2,41.2,161.5,152.2,2.9,0.29,18.0,1147.6,0.07,152.4,52.2,204.6,425.3,8.0,0.8,50.2,3209.7,0.18,425.8,145.9,571.7,37.67,0.0,0.0,37.67,39.5,0.0,0.0,39.5,0.0,0.0,0.0,3401.8,30.2,2298.8,0.0,0.0,0.0,0.0,0.0,1072.7,0.0,0.0,0.0,0.0,0.0,0.0,0.0,30.2,0.0
2050-09-25 03:00:00,2050-09-25 01:00:00,1638.9,0.0,0.0,2.3,1641.3,1587.0,1603.6,0.0,361.0,0.0317,0.0429,battery,gas-cc,194.2,3.7,0.37,22.9,1465.1,0.08,194.4,66.6,261.0,201.8,3.8,0.38,23.8,1522.9,0.09,202.0,69.3,271.3,179.6,3.4,0.34,21.2,1354.7,0.08,179.8,61.6,241.4,385.0,7.3,0.73,45.5,2905.5,0.17,385.4,132.1,517.6,37.67,0.0,0.0,37.67,39.36,0.0,0.0,39.36,0.0,0.0,0.0,2002.3,37.7,891.9,0.0,0.0,0.0,0.0,0.0,1072.7,0.0,0.0,0.0,0.0,0.0,0.0,0.0,37.7,0.0
2050-09-25 04:00:00,2050-09-25 02:00:00,1530.5,0.0,0.0,0.6,1531.1,1483.0,1491.4,0.0,85.7,0.031,0.04,battery,gas-cc,240.4,4.5,0.45,28.4,1814.5,0.1,240.7,82.5,323.2,249.1,4.7,0.47,29.4,1879.5,0.11,249.3,85.5,334.8,162.3,3.1,0.31,19.2,1223.7,0.07,162.5,55.7,218.1,383.9,7.2,0.72,45.3,2897.0,0.17,384.3,131.7,516.0,37.67,0.0,0.0,37.67,39.24,0.0,0.0,39.24,0.0,0.0,0.0,1616.8,39.7,504.4,0.0,0.0,0.0,0.0,0.0,1072.7,0.0,0.0,0.0,0.0,0.0,0.0,0.0,39.7,0.0
2050-09-25 05:00:00,2050-09-25 03:00:00,1469.5,0.0,0.0,0.0,1469.5,1424.4,1434.2,0.0,0.0,0.0307,0.0384,battery,gas-cc,264.6,5.0,0.5,31.3,1996.4,0.11,264.8,90.8,355.6,273.7,5.2,0.52,32.3,2065.0,0.12,273.9,93.9,367.8,252.4,4.8,0.48,29.8,1904.5,0.11,252.7,86.6,339.3,424.4,8.0,0.8,50.1,3202.7,0.18,424.9,145.6,570.5,37.67,0.0,0.0,37.67,39.17,0.0,0.0,39.17,0.0,0.0,0.0,1469.5,35.2,361.5,0.0,0.0,0.0,0.0,0.0,1072.7,0.0,0.0,0.0,0.0,0.0,0.0,0.0,35.2,0.0
2050-09-25 06:00:00,2050-09-25 04:00:00,1451.6,0.0,0.0,0.0,1451.6,1407.2,1422.0,0.0,0.0,0.0306,0.038,battery,gas-cc,267.8,5.0,0.5,31.6,2021.0,0.12,268.1,91.9,360.0,277.0,5.2,0.52,32.7,2090.1,0.12,277.3,95.0,372.3,228.0,4.3,0.43,26.9,1720.1,0.1,228.2,78.2,306.5,424.2,8.0,0.8,50.1,3201.2,0.18,424.7,145.6,570.2,37.67,0.0,0.0,37.67,39.15,0.0,0.0,39.15,0.0,0.0,0.0,1451.6,29.5,349.3,0.0,0.0,0.0,0.0,0.0,1072.7,0.0,0.0,0.0,0.0,0.0,0.0,0.0,29.5,0.0
2050-09-25 07:00:00,2050-09-25 05:00:00,1492.6,0.0,0.0,0.0,1492.6,1446.6,1469.0,0.0,0.0,0.0308,0.039,battery,gas-cc,260.5,4.9,0.49,30.8,1965.4,0.11,260.7,89.4,350.1,269.5,5.1,0.51,31.8,2033.8,0.12,269.8,92.5,362.3,247.6,4.7,0.47,29.3,1868.1,0.11,247.9,84.9,332.8,424.7,8.0,0.8,50.2,3204.7,0.18,425.1,145.7,570.9,37.67,0.0,0.0,37.67,39.2,0.0,0.0,39.2,0.0,0.0,0.0,1492.6,23.7,396.2,0.0,0.0,0.0,0.0,0.0,1072.7,0.0,0.0,0.0,0.0,0.0,0.0,0.0,23.7,0.0
2050-09-25 08:00:00,2050-09-25 06:00:00,1572.6,0.0,0.0,5.4,1578.0,1523.4,-831.7,0.0,831.7,0.0313,0.0411,hydro,gas-cc,0.0,0.0,0.0,0.0,0.0,0.0,0.0,0.0,0.0,0.0,0.0,0.0,0.0,0.0,0.0,0.0,0.0,0.0,139.9,2.6,0.26,16.5,1054.4,0.06,140.0,48.0,188.0,381.2,7.2,0.72,45.0,2876.8,0.17,381.6,130.8,512.4,31.13,0.0,0.0,31.13,32.46,0.0,0.0,32.46,0.0,0.0,0.0,2409.7,2409.7,0.0,0.0,0.0,0.0,0.0,100.7,0.0,0.0,0.0,0.0,0.0,0.0,0.0,2284.4,24.6,0.0
2050-09-25 09:00:00,2050-09-25 07:00:00,1724.2,3825.8,0.0,0.0,5550.0,1668.5,0.0,0.0,0.0,0.0323,0.0451,upv,upv,0.0,0.0,0.0,0.0,0.0,0.0,0.0,0.0,0.0,0.0,0.0,0.0,0.0,0.0,0.0,0.0,0.0,0.0,140.0,2.6,0.26,16.5,1055.5,0.06,140.2,48.0,188.2,0.0,0.0,0.0,0.0,0.0,0.0,0.0,0.0,0.0,0.0,0.0,0.0,0.0,0.0,0.0,0.0,0.0,22.6,1709.8,1732.4,5550.0,5550.0,0.0,0.0,0.0,0.0,0.0,0.0,0.0,0.0,0.0,0.0,0.0,0.0,0.0,5550.0,0.0,0.0
2050-09-25 10:00:00,2050-09-25 08:00:00,1904.2,4019.6,0.0,0.0,5923.8,1839.9,0.0,0.0,0.0,0.0338,0.0498,upv,upv,0.0,0.0,0.0,0.0,0.0,0.0,0.0,0.0,0.0,0.0,0.0,0.0,0.0,0.0,0.0,0.0,0.0,0.0,140.2,2.6,0.27,16.6,1057.1,0.06,140.4,48.1,188.4,0.0,0.0,0.0,0.0,0.0,0.0,0.0,0.0,0.0,0.0,0.0,0.0,0.0,0.0,0.0,0.0,0.0,0.0,3219.5,3219.5,5923.8,5923.8,0.0,0.0,0.0,0.0,0.0,385.1,0.0,0.0,0.0,0.0,0.0,0.0,0.0,5517.4,21.3,0.0
2050-09-25 11:00:00,2050-09-25 09:00:00,2033.7,3990.5,0.0,7.6,6031.8,1962.7,-1166.4,0.0,1166.4,0.0349,0.0532,upv,upv,0.0,0.0,0.0,0.0,0.0,0.0,0.0,0.0,0.0,0.0,0.0,0.0,0.0,0.0,0.0,0.0,0.0,0.0,140.4,2.6,0.27,16.6,1058.3,0.06,140.5,48.1,188.7,0.0,0.0,0.0,0.0,0.0,0.0,0.0,0.0,0.0,0.0,0.0,0.0,0.0,0.0,0.0,0.0,0.0,0.0,2260.4,2260.4,7198.2,7198.2,0.0,0.0,0.0,0.0,0.0,398.4,0.0,0.0,0.0,0.0,0.0,0.0,0.0,6780.3,19.5,0.0
2050-09-25 12:00:00,2050-09-25 10:00:00,2124.2,4014.7,0.0,8.8,6147.6,2048.3,-1349.7,0.0,1349.7,0.0357,0.0556,upv,upv,0.0,0.0,0.0,0.0,0.0,0.0,0.0,0.0,0.0,0.0,0.0,0.0,0.0,0.0,0.0,0.0,0.0,0.0,140.5,2.7,0.27,16.6,1059.2,0.06,140.7,48.2,188.8,0.0,0.0,0.0,0.0,0.0,0.0,0.0,0.0,0.0,0.0,0.0,0.0,0.0,0.0,0.0,0.0,0.0,0.0,2011.8,2011.8,7497.4,7497.4,0.0,0.0,0.0,0.0,0.0,400.6,0.0,0.0,0.0,0.0,0.0,0.0,0.0,7080.5,16.2,0.0
2050-09-25 13:00:00,2050-09-25 11:00:00,2201.1,2461.0,0.0,3.3,4665.4,2120.8,-510.4,0.0,510.4,0.0364,0.0576,upv,upv,0.0,0.0,0.0,0.0,0.0,0.0,0.0,0.0,0.0,0.0,0.0,0.0,0.0,0.0,0.0,0.0,0.0,0.0,140.6,2.7,0.27,16.6,1060.0,0.06,140.8,48.2,189.0,0.0,0.0,0.0,0.0,0.0,0.0,0.0,0.0,0.0,0.0,0.0,0.0,0.0,0.0,0.0,0.0,0.0,13.8,3986.5,4000.3,5175.7,5175.7,0.0,0.0,0.0,0.0,0.0,386.5,0.0,0.0,0.0,0.0,0.0,0.0,0.0,4789.2,0.0,0.0
2050-09-25 14:00:00,2050-09-25 12:00:00,2316.8,2461.0,0.0,5.8,4783.6,2229.8,-893.6,0.0,893.6,0.0376,0.0606,upv,upv,0.0,0.0,0.0,0.0,0.0,0.0,0.0,0.0,0.0,0.0,0.0,0.0,0.0,0.0,0.0,0.0,0.0,0.0,140.8,2.7,0.27,16.6,1061.3,0.06,140.9,48.3,189.2,0.0,0.0,0.0,0.0,0.0,0.0,0.0,0.0,0.0,0.0,0.0,0.0,0.0,0.0,0.0,0.0,0.0,0.0,3069.5,3069.5,5677.2,5677.2,0.0,0.0,0.0,0.0,0.0,368.5,0.0,0.0,0.0,0.0,0.0,0.0,0.0,5292.7,16.1,0.0
2050-09-25 15:00:00,2050-09-25 13:00:00,2407.4,2461.0,0.0,0.0,4868.4,2314.7,-6.3,0.0,6.3,0.0385,0.063,upv,upv,0.0,0.0,0.0,0.0,0.0,0.0,0.0,0.0,0.0,0.0,0.0,0.0,0.0,0.0,0.0,0.0,0.0,0.0,140.9,2.7,0.27,16.6,1062.3,0.06,141.1,48.3,189.4,0.0,0.0,0.0,0.0,0.0,0.0,0.0,0.0,0.0,0.0,0.0,0.0,0.0,0.0,0.0,0.0,0.0,0.0,3345.0,3345.0,4874.7,4874.7,0.0,0.0,0.0,0.0,0.0,345.9,0.0,0.0,0.0,0.0,0.0,0.0,0.0,4506.6,22.1,0.0
2050-09-25 16:00:00,2050-09-25 14:00:00,2538.9,3891.7,0.0,1.4,6432.0,2437.8,-213.5,0.0,213.5,0.0398,0.0664,upv,upv,0.0,0.0,0.0,0.0,0.0,0.0,0.0,0.0,0.0,0.0,0.0,0.0,0.0,0.0,0.0,0.0,0.0,0.0,141.1,2.7,0.27,16.7,1063.8,0.06,141.3,48.4,189.6,0.0,0.0,0.0,0.0,0.0,0.0,0.0,0.0,0.0,0.0,0.0,0.0,0.0,0.0,0.0,0.0,0.0,0.0,1663.1,1663.1,6645.5,6645.5,0.0,0.0,0.0,0.0,0.0,349.2,0.0,0.0,0.0,0.0,0.0,0.0,0.0,6259.6,36.7,0.0
2050-09-25 17:00:00,2050-09-25 15:00:00,2731.6,2431.9,0.0,10.7,5174.1,2617.2,-1640.0,0.0,1640.0,0.0419,0.0714,upv,upv,0.0,0.0,0.0,0.0,0.0,0.0,0.0,0.0,0.0,0.0,0.0,0.0,0.0,0.0,0.0,0.0,0.0,0.0,141.4,2.7,0.27,16.7,1066.0,0.06,141.6,48.5,190.0,0.0,0.0,0.0,0.0,0.0,0.0,0.0,0.0,0.0,0.0,0.0,0.0,0.0,0.0,0.0,0.0,0.0,0.0,1413.0,1413.0,6814.1,6814.1,0.0,0.0,0.0,0.0,0.0,345.4,0.0,0.0,0.0,0.0,0.0,0.0,0.0,6425.7,43.0,0.0
2050-09-25 18:00:00,2050-09-25 16:00:00,2871.6,1609.5,0.0,7.9,4488.9,2746.9,-1213.3,0.0,1213.3,0.0434,0.0751,battery,gas-cc,0.0,0.0,0.0,0.0,0.0,0.0,0.0,0.0,0.0,0.0,0.0,0.0,0.0,0.0,0.0,0.0,0.0,0.0,143.7,2.7,0.27,17.0,1083.5,0.06,143.9,49.3,193.2,387.6,7.3,0.73,45.8,2925.1,0.17,388.0,133.0,521.0,18.2,0.0,0.0,18.2,19.68,0.0,0.0,19.68,0.0,0.0,0.0,5702.3,5702.3,0.0,0.0,0.0,0.0,0.0,238.5,0.0,0.0,0.0,0.0,0.0,0.0,0.0,5415.4,48.4,0.0
2050-09-25 19:00:00,2050-09-25 17:00:00,2956.8,0.0,0.0,9.1,2965.9,2825.7,2105.4,0.0,1399.2,0.0444,0.0773,battery,gas-cc,89.1,1.7,0.17,10.5,672.1,0.04,89.2,30.6,119.7,94.8,1.8,0.18,11.2,715.7,0.04,94.9,32.6,127.5,152.7,2.9,0.29,18.0,1151.0,0.07,152.8,52.4,205.2,388.7,7.3,0.73,45.9,2933.3,0.17,389.1,133.4,522.5,34.35,0.0,0.0,34.35,37.23,0.0,0.0,37.23,0.0,0.0,0.0,4365.2,860.5,2431.9,0.0,0.0,0.0,0.0,33.6,1072.7,0.0,0.0,0.0,0.0,0.0,0.0,762.1,64.8,0.0
2050-09-25 20:00:00,2050-09-25 18:00:00,2984.2,0.0,0.0,10.7,2994.9,2850.9,2921.7,0.0,1640.0,0.0447,0.078,battery,gas-cc,83.9,1.6,0.16,9.9,633.0,0.04,84.0,28.8,112.7,90.0,1.7,0.17,10.6,679.4,0.04,90.1,30.9,121.0,167.1,3.2,0.32,19.7,1259.9,0.07,167.3,57.3,224.6,443.2,8.4,0.84,52.4,3344.2,0.19,443.6,152.1,595.7,34.35,0.0,0.0,34.35,37.26,0.0,0.0,37.26,0.0,0.0,0.0,4634.8,73.1,3489.0,0.0,0.0,0.0,0.0,0.0,1072.7,0.0,0.0,0.0,0.0,0.0,0.0,0.0,73.1,0.0
2050-09-25 21:00:00,2050-09-25 19:00:00,2907.4,0.0,0.0,10.6,2917.9,2780.0,2851.1,0.0,1627.6,0.0438,0.076,battery,gas-cc,85.5,1.6,0.16,10.1,645.4,0.04,85.6,29.3,115.0,91.7,1.7,0.17,10.8,691.7,0.04,91.8,31.5,123.2,153.3,2.9,0.29,18.1,1155.7,0.07,153.5,52.6,206.0,448.2,8.4,0.84,52.9,3382.3,0.19,448.7,153.8,602.5,34.35,0.0,0.0,34.35,37.18,0.0,0.0,37.18,0.0,0.0,0.0,4545.6,66.8,3406.0,0.0,0.0,0.0,0.0,0.0,1072.7,0.0,0.0,0.0,0.0,0.0,0.0,0.0,66.8,0.0
2050-09-25 22:00:00,2050-09-25 20:00:00,2672.6,0.0,0.0,8.5,2681.1,2562.4,2587.3,0.0,1306.9,0.0413,0.0699,battery,gas-cc,97.5,1.8,0.18,11.5,735.6,0.04,97.6,33.4,131.0,103.8,2.0,0.2,12.3,783.0,0.05,103.9,35.6,139.5,168.5,3.2,0.32,19.9,1270.4,0.07,168.7,57.8,226.5,445.3,8.4,0.84,52.6,3360.0,0.19,445.7,152.8,598.5,34.35,0.0,0.0,34.35,36.93,0.0,0.0,36.93,0.0,0.0,0.0,3988.1,93.8,2821.5,0.0,0.0,0.0,0.0,0.0,1072.7,0.0,0.0,0.0,0.0,0.0,0.0,0.0,93.8,0.0
2050-09-25 23:00:00,2050-09-25 21:00:00,2443.2,0.0,0.0,10.7,2453.8,2348.2,2339.4,0.0,1640.0,0.0388,0.0639,battery,gas-cc,95.0,1.8,0.18,11.2,716.6,0.04,95.1,32.6,127.7,100.9,1.9,0.19,11.9,761.4,0.04,101.0,34.6,135.6,196.7,3.7,0.37,23.2,1483.4,0.09,196.9,67.5,264.4,436.5,8.2,0.82,51.6,3293.6,0.19,436.9,149.8,586.7,34.35,0.0,0.0,34.35,36.7,0.0,0.0,36.7,0.0,0.0,0.0,4093.8,114.4,2906.6,0.0,0.0,0.0,0.0,0.0,1072.7,0.0,0.0,0.0,0.0,0.0,0.0,0.0,114.4,0.0
2050-09-26 00:00:00,2050-09-25 22:00:00,2224.2,0.0,0.0,10.7,2234.9,2142.7,2165.7,0.0,1640.0,0.0367,0.0582,battery,gas-cc,100.3,1.9,0.19,11.9,757.1,0.04,100.4,34.4,134.9,106.2,2.0,0.2,12.6,801.6,0.05,106.3,36.5,142.8,152.6,2.9,0.29,18.0,1150.6,0.07,152.8,52.3,205.1,433.3,8.2,0.82,51.2,3269.8,0.19,433.8,148.7,582.5,37.47,0.0,0.0,37.47,39.79,0.0,0.0,39.79,0.0,0.0,0.0,3874.8,69.2,2732.9,0.0,0.0,0.0,0.0,0.0,1072.7,0.0,0.0,0.0,0.0,0.0,0.0,0.0,69.2,0.0
2050-09-26 01:00:00,2050-09-25 23:00:00,1982.1,0.0,0.0,10.7,1992.8,1913.9,1951.1,0.0,1640.0,0.0344,0.0518,battery,gas-cc,107.0,2.0,0.2,12.6,807.6,0.05,107.1,36.7,143.9,112.9,2.1,0.21,13.3,851.7,0.05,113.0,38.7,151.7,150.2,2.8,0.28,17.7,1132.1,0.07,150.3,51.5,201.8,430.4,8.1,0.81,50.8,3248.0,0.19,430.9,147.7,578.6,37.47,0.0,0.0,37.47,39.52,0.0,0.0,39.52,0.0,0.0,0.0,3632.7,41.7,2518.3,0.0,0.0,0.0,0.0,0.0,1072.7,0.0,0.0,0.0,0.0,0.0,0.0,0.0,41.7,0.0
2050-09-26 02:00:00,2050-09-26 00:00:00,1757.9,0.0,0.0,5.2,1763.0,1700.6,1727.1,0.0,792.3,0.0326,0.046,gas-cc,gas-cc,152.1,2.9,0.29,18.0,1148.0,0.07,152.3,52.2,204.5,158.9,3.0,0.3,18.8,1199.2,0.07,159.1,54.5,213.6,151.3,2.9,0.29,17.9,1140.8,0.07,151.5,51.9,203.4,368.7,6.9,0.69,43.6,2782.6,0.16,369.1,126.5,495.7,37.47,0.0,0.0,37.47,39.28,0.0,0.0,39.28,0.0,0.0,0.0,2555.4,35.9,1446.7,0.0,0.0,0.0,0.0,0.0,1072.7,0.0,0.0,0.0,0.0,0.0,0.0,0.0,35.9,0.0
2050-09-26 03:00:00,2050-09-26 01:00:00,1610.5,0.0,0.0,10.1,1620.6,1559.8,1594.5,0.0,1549.6,0.0315,0.0421,gas-cc,gas-cc,122.6,2.3,0.23,14.5,925.4,0.05,122.8,42.1,164.8,128.5,2.4,0.24,15.2,969.9,0.06,128.7,44.1,172.8,174.0,3.3,0.33,20.6,1311.8,0.08,174.1,59.7,233.8,367.3,6.9,0.69,43.4,2771.4,0.16,367.7,126.0,493.7,37.47,0.0,0.0,37.47,39.12,0.0,0.0,39.12,0.0,0.0,0.0,3170.2,26.1,2071.3,0.0,0.0,0.0,0.0,0.0,1072.7,0.0,0.0,0.0,0.0,0.0,0.0,0.0,26.1,0.0
2050-09-26 04:00:00,2050-09-26 02:00:00,1512.6,0.0,0.0,1.9,1514.5,1465.9,1494.1,0.0,286.2,0.0309,0.0396,gas-cc,gas-cc,215.9,4.1,0.41,25.5,1629.2,0.09,216.1,74.1,290.2,223.9,4.2,0.42,26.5,1689.9,0.1,224.2,76.8,301.0,150.1,2.8,0.28,17.7,1131.8,0.07,150.3,51.5,201.8,366.3,6.9,0.69,43.3,2764.0,0.16,366.7,125.7,492.3,37.47,0.0,0.0,37.47,39.01,0.0,0.0,39.01,0.0,0.0,0.0,1800.7,20.4,707.6,0.0,0.0,0.0,0.0,0.0,1072.7,0.0,0.0,0.0,0.0,0.0,0.0,0.0,20.4,0.0
2050-09-26 05:00:00,2050-09-26 03:00:00,1446.3,0.0,0.0,0.0,1446.3,1402.1,1423.4,0.0,0.0,0.0306,0.0378,battery,gas-cc,268.8,5.1,0.51,31.8,2028.4,0.12,269.1,92.2,361.3,278.0,5.2,0.52,32.8,2097.7,0.12,278.3,95.4,373.7,159.2,3.0,0.3,18.8,1200.2,0.07,159.4,54.6,213.9,424.2,8.0,0.8,50.1,3200.7,0.18,424.6,145.5,570.1,37.47,0.0,0.0,37.47,38.94,0.0,0.0,38.94,0.0,0.0,0.0,1446.3,22.9,350.6,0.0,0.0,0.0,0.0,0.0,1072.7,0.0,0.0,0.0,0.0,0.0,0.0,0.0,22.9,0.0
2050-09-26 06:00:00,2050-09-26 04:00:00,1423.2,0.0,0.0,2.3,1425.4,1379.8,1403.7,0.0,347.6,0.0305,0.0372,gas-cc,gas-cc,219.3,4.1,0.41,25.9,1654.7,0.1,219.5,75.2,294.7,227.3,4.3,0.43,26.9,1715.1,0.1,227.5,78.0,305.5,237.6,4.5,0.45,28.1,1792.6,0.1,237.9,81.5,319.4,365.4,6.9,0.69,43.2,2757.3,0.16,365.8,125.4,491.2,37.47,0.0,0.0,37.47,38.92,0.0,0.0,38.92,0.0,0.0,0.0,1773.0,21.8,678.5,0.0,0.0,0.0,0.0,0.0,1072.7,0.0,0.0,0.0,0.0,0.0,0.0,0.0,21.8,0.0
2050-09-26 07:00:00,2050-09-26 05:00:00,1446.3,0.0,0.0,3.7,1450.0,1402.1,1431.4,0.0,571.8,0.0306,0.0378,gas-cc,gas-cc,192.3,3.6,0.36,22.7,1451.0,0.08,192.5,66.0,258.5,199.7,3.8,0.38,23.6,1506.9,0.09,199.9,68.5,268.4,220.8,4.2,0.42,26.1,1665.9,0.1,221.1,75.8,296.8,365.6,6.9,0.69,43.2,2759.0,0.16,366.0,125.5,491.5,37.47,0.0,0.0,37.47,38.94,0.0,0.0,38.94,0.0,0.0,0.0,2021.8,18.6,930.5,0.0,0.0,0.0,0.0,0.0,1072.7,0.0,0.0,0.0,0.0,0.0,0.0,0.0,18.6,0.0
2050-09-26 08:00:00,2050-09-26 06:00:00,1492.6,0.0,0.0,9.5,1502.1,1446.6,-1454.8,0.0,1454.8,0.0308,0.039,gas-cc,gas-cc,0.0,0.0,0.0,0.0,0.0,0.0,0.0,0.0,0.0,0.0,0.0,0.0,0.0,0.0,0.0,0.0,0.0,0.0,141.9,2.7,0.27,16.8,1069.4,0.06,142.0,48.6,190.6,398.7,7.5,0.75,47.1,3008.3,0.17,399.1,136.8,535.9,27.04,0.0,0.0,27.04,28.13,0.0,0.0,28.13,0.0,0.0,0.0,2956.9,2956.9,0.0,0.0,0.0,0.0,0.0,124.1,0.0,0.0,0.0,0.0,0.0,0.0,0.0,2817.5,15.2,0.0
2050-09-26 09:00:00,2050-09-26 07:00:00,1644.2,2431.9,0.0,0.0,4076.1,1592.0,0.0,0.0,0.0,0.0318,0.043,upv,upv,0.0,0.0,0.0,0.0,0.0,0.0,0.0,0.0,0.0,0.0,0.0,0.0,0.0,0.0,0.0,0.0,0.0,0.0,139.9,2.6,0.26,16.5,1054.9,0.06,140.1,48.0,188.1,0.0,0.0,0.0,0.0,0.0,0.0,0.0,0.0,0.0,0.0,0.0,0.0,0.0,0.0,0.0,0.0,0.0,5.6,4472.3,4477.9,4076.1,4076.1,0.0,0.0,0.0,0.0,0.0,360.7,0.0,0.0,0.0,0.0,0.0,0.0,0.0,3715.4,0.0,0.0
2050-09-26 10:00:00,2050-09-26 08:00:00,1848.4,2431.9,0.0,0.0,4280.3,1786.9,0.0,0.0,0.0,0.0333,0.0483,upv,upv,0.0,0.0,0.0,0.0,0.0,0.0,0.0,0.0,0.0,0.0,0.0,0.0,0.0,0.0,0.0,0.0,0.0,0.0,140.1,2.6,0.27,16.6,1056.6,0.06,140.3,48.1,188.4,0.0,0.0,0.0,0.0,0.0,0.0,0.0,0.0,0.0,0.0,0.0,0.0,0.0,0.0,0.0,0.0,0.0,2.5,5637.8,5640.3,4280.3,4280.3,0.0,0.0,0.0,0.0,0.0,418.6,0.0,0.0,0.0,0.0,0.0,0.0,0.0,3861.7,0.0,0.0
2050-09-26 11:00:00,2050-09-26 09:00:00,1966.3,4019.6,0.0,0.0,5985.9,1898.9,0.0,0.0,0.0,0.0343,0.0514,upv,upv,0.0,0.0,0.0,0.0,0.0,0.0,0.0,0.0,0.0,0.0,0.0,0.0,0.0,0.0,0.0,0.0,0.0,0.0,140.3,2.6,0.27,16.6,1057.6,0.06,140.4,48.1,188.6,0.0,0.0,0.0,0.0,0.0,0.0,0.0,0.0,0.0,0.0,0.0,0.0,0.0,0.0,0.0,0.0,0.0,2.4,4060.4,4062.9,5985.9,5985.9,0.0,0.0,0.0,0.0,0.0,424.0,0.0,0.0,0.0,0.0,0.0,0.0,0.0,5561.8,0.0,0.0
2050-09-26 12:00:00,2050-09-26 10:00:00,2056.8,2461.0,0.0,0.0,4517.8,1984.7,0.0,0.0,0.0,0.0351,0.0538,upv,upv,0.0,0.0,0.0,0.0,0.0,0.0,0.0,0.0,0.0,0.0,0.0,0.0,0.0,0.0,0.0,0.0,0.0,0.0,140.4,2.7,0.27,16.6,1058.5,0.06,140.6,48.1,188.7,0.0,0.0,0.0,0.0,0.0,0.0,0.0,0.0,0.0,0.0,0.0,0.0,0.0,0.0,0.0,0.0,0.0,7.7,5285.4,5293.1,4517.8,4517.8,0.0,0.0,0.0,0.0,0.0,413.6,0.0,0.0,0.0,0.0,0.0,0.0,0.0,4104.2,0.0,0.0
2050-09-26 13:00:00,2050-09-26 11:00:00,2152.6,4019.6,0.0,0.0,6172.2,2075.2,0.0,0.0,0.0,0.036,0.0563,upv,upv,0.0,0.0,0.0,0.0,0.0,0.0,0.0,0.0,0.0,0.0,0.0,0.0,0.0,0.0,0.0,0.0,0.0,0.0,140.5,2.7,0.27,16.6,1059.5,0.06,140.7,48.2,188.9,0.0,0.0,0.0,0.0,0.0,0.0,0.0,0.0,0.0,0.0,0.0,0.0,0.0,0.0,0.0,0.0,0.0,0.0,3373.8,3373.8,6172.2,6172.2,0.0,0.0,0.0,0.0,0.0,401.7,0.0,0.0,0.0,0.0,0.0,0.0,0.0,5744.4,26.1,0.0
2050-09-26 14:00:00,2050-09-26 12:00:00,2270.5,4019.6,0.0,0.0,6290.1,2186.3,0.0,0.0,0.0,0.0371,0.0594,upv,upv,0.0,0.0,0.0,0.0,0.0,0.0,0.0,0.0,0.0,0.0,0.0,0.0,0.0,0.0,0.0,0.0,0.0,0.0,140.7,2.7,0.27,16.6,1060.8,0.06,140.9,48.3,189.1,0.0,0.0,0.0,0.0,0.0,0.0,0.0,0.0,0.0,0.0,0.0,0.0,0.0,0.0,0.0,0.0,0.0,0.0,3370.0,3370.0,6290.1,6290.1,0.0,0.0,0.0,0.0,0.0,405.6,0.0,0.0,0.0,0.0,0.0,0.0,0.0,5832.2,52.2,0.0
2050-09-26 15:00:00,2050-09-26 13:00:00,2381.1,3990.5,0.0,0.0,6371.5,2290.1,0.0,0.0,0.0,0.0382,0.0623,upv,upv,0.0,0.0,0.0,0.0,0.0,0.0,0.0,0.0,0.0,0.0,0.0,0.0,0.0,0.0,0.0,0.0,0.0,0.0,140.9,2.7,0.27,16.6,1062.0,0.06,141.0,48.3,189.3,0.0,0.0,0.0,0.0,0.0,0.0,0.0,0.0,0.0,0.0,0.0,0.0,0.0,0.0,0.0,0.0,0.0,0.0,3142.2,3142.2,6371.5,6371.5,0.0,0.0,0.0,0.0,0.0,398.8,0.0,0.0,0.0,0.0,0.0,0.0,0.0,5904.9,67.8,0.0
2050-09-26 16:00:00,2050-09-26 14:00:00,2474.7,2456.1,0.0,0.0,4930.8,2377.8,0.0,0.0,0.0,0.0392,0.0647,upv,upv,0.0,0.0,0.0,0.0,0.0,0.0,0.0,0.0,0.0,0.0,0.0,0.0,0.0,0.0,0.0,0.0,0.0,0.0,141.0,2.7,0.27,16.7,1063.0,0.06,141.2,48.4,189.5,0.0,0.0,0.0,0.0,0.0,0.0,0.0,0.0,0.0,0.0,0.0,0.0,0.0,0.0,0.0,0.0,0.0,0.0,4857.0,4857.0,4930.8,4930.8,0.0,0.0,0.0,0.0,0.0,409.6,0.0,0.0,0.0,0.0,0.0,0.0,0.0,4435.7,85.5,0.0
2050-09-26 17:00:00,2050-09-26 15:00:00,2592.6,3726.9,0.0,0.0,6319.6,2487.9,0.0,0.0,0.0,0.0404,0.0678,upv,upv,0.0,0.0,0.0,0.0,0.0,0.0,0.0,0.0,0.0,0.0,0.0,0.0,0.0,0.0,0.0,0.0,0.0,0.0,141.2,2.7,0.27,16.7,1064.5,0.06,141.4,48.4,189.8,0.0,0.0,0.0,0.0,0.0,0.0,0.0,0.0,0.0,0.0,0.0,0.0,0.0,0.0,0.0,0.0,0.0,0.0,2653.7,2653.7,6319.6,6319.6,0.0,0.0,0.0,0.0,0.0,375.0,0.0,0.0,0.0,0.0,0.0,0.0,0.0,5857.1,87.5,0.0
2050-09-26 18:00:00,2050-09-26 16:00:00,2698.9,1609.5,0.0,13.2,4321.7,2586.8,-1807.1,0.0,1807.1,0.0415,0.0706,battery,upv,0.0,0.0,0.0,0.0,0.0,0.0,0.0,0.0,0.0,0.0,0.0,0.0,0.0,0.0,0.0,0.0,0.0,0.0,141.4,2.7,0.27,16.7,1066.2,0.06,141.6,48.5,190.1,0.0,0.0,0.0,0.0,0.0,0.0,0.0,0.0,0.0,4.49,0.0,0.0,4.49,4.83,0.0,0.0,4.83,0.0,0.0,0.0,6128.7,6128.7,0.0,0.0,0.0,0.0,0.0,254.2,0.0,0.0,0.0,0.0,0.0,0.0,0.0,5770.8,103.7,0.0
2050-09-26 19:00:00,2050-09-26 17:00:00,2742.1,0.0,0.0,9.7,2751.8,2626.9,1912.2,0.0,1498.5,0.042,0.0717,battery,gas-cc,91.5,1.7,0.17,10.8,690.2,0.04,91.6,31.4,122.9,97.1,1.8,0.18,11.5,732.8,0.04,97.2,33.3,130.5,157.9,3.0,0.3,18.7,1190.3,0.07,158.0,54.1,212.2,448.2,8.4,0.84,52.9,3382.4,0.19,448.7,153.8,602.5,38.69,0.0,0.0,38.69,41.68,0.0,0.0,41.68,0.0,0.0,0.0,4250.3,839.7,2337.9,0.0,0.0,0.0,0.0,31.0,1072.7,0.0,0.0,0.0,0.0,0.0,0.0,702.8,105.9,0.0
2050-09-26 20:00:00,2050-09-26 18:00:00,2773.7,0.0,0.0,5.0,2778.7,2656.2,2654.3,0.0,776.3,0.0423,0.0725,battery,gas-cc,109.4,2.1,0.21,12.9,825.2,0.05,109.5,37.5,147.0,116.1,2.2,0.22,13.7,876.5,0.05,116.3,39.9,156.1,215.2,4.1,0.41,25.4,1623.3,0.09,215.4,73.8,289.3,463.2,8.7,0.87,54.7,3495.2,0.2,463.7,158.9,622.6,38.69,0.0,0.0,38.69,41.72,0.0,0.0,41.72,0.0,0.0,0.0,3555.0,124.4,2357.9,0.0,0.0,0.0,0.0,0.0,1072.7,0.0,0.0,0.0,0.0,0.0,0.0,0.0,124.4,0.0
2050-09-26 21:00:00,2050-09-26 19:00:00,2698.9,0.0,0.0,10.7,2709.6,2586.8,2562.4,0.0,1640.0,0.0415,0.0706,battery,gas-cc,89.4,1.7,0.17,10.6,674.5,0.04,89.5,30.7,120.1,95.4,1.8,0.18,11.3,719.7,0.04,95.5,32.7,128.2,234.3,4.4,0.44,27.7,1767.7,0.1,234.6,80.4,315.0,462.2,8.7,0.87,54.6,3487.8,0.2,462.7,158.6,621.3,38.69,0.0,0.0,38.69,41.63,0.0,0.0,41.63,0.0,0.0,0.0,4349.6,147.2,3129.6,0.0,0.0,0.0,0.0,0.0,1072.7,0.0,0.0,0.0,0.0,0.0,0.0,0.0,147.2,0.0
2050-09-26 22:00:00,2050-09-26 20:00:00,2503.2,0.0,0.0,6.6,2509.8,2404.4,2388.6,0.0,1022.0,0.0395,0.0655,battery,gas-cc,110.1,2.1,0.21,13.0,830.6,0.05,110.2,37.8,148.0,116.5,2.2,0.22,13.8,879.5,0.05,116.7,40.0,156.7,157.0,3.0,0.3,18.6,1184.0,0.07,157.2,53.9,211.1,459.7,8.7,0.87,54.3,3468.7,0.2,460.2,157.7,617.9,38.69,0.0,0.0,38.69,41.4,0.0,0.0,41.4,0.0,0.0,0.0,3531.8,121.2,2337.9,0.0,0.0,0.0,0.0,0.0,1072.7,0.0,0.0,0.0,0.0,0.0,0.0,0.0,121.2,0.0
2050-09-26 23:00:00,2050-09-26 21:00:00,2304.2,0.0,0.0,10.7,2314.9,2217.9,2234.5,0.0,1640.0,0.0374,0.0603,battery,gas-cc,98.3,1.9,0.19,11.6,741.8,0.04,98.4,33.7,132.1,104.2,2.0,0.2,12.3,786.4,0.05,104.3,35.8,140.1,211.9,4.0,0.4,25.0,1598.3,0.09,212.1,72.7,284.8,457.1,8.6,0.86,54.0,3449.5,0.2,457.6,156.8,614.5,38.69,0.0,0.0,38.69,41.17,0.0,0.0,41.17,0.0,0.0,0.0,3954.8,80.4,2801.7,0.0,0.0,0.0,0.0,0.0,1072.7,0.0,0.0,0.0,0.0,0.0,0.0,0.0,80.4,0.0
2050-09-27 00:00:00,2050-09-26 22:00:00,2101.1,0.0,0.0,10.7,2111.7,2026.5,2060.3,0.0,1640.0,0.0355,0.0549,battery,gas-cc,103.6,2.0,0.2,12.2,782.0,0.04,103.7,35.6,139.3,109.5,2.1,0.21,12.9,826.3,0.05,109.6,37.6,147.2,202.5,3.8,0.38,23.9,1527.2,0.09,202.7,69.5,272.2,454.5,8.6,0.86,53.7,3430.1,0.2,455.0,156.0,611.0,39.05,0.0,0.0,39.05,41.32,0.0,0.0,41.32,0.0,0.0,0.0,3751.7,51.4,2627.6,0.0,0.0,0.0,0.0,0.0,1072.7,0.0,0.0,0.0,0.0,0.0,0.0,0.0,51.4,0.0
2050-09-27 01:00:00,2050-09-26 23:00:00,1884.2,0.0,0.0,5.4,1889.6,1820.9,1841.7,0.0,830.2,0.0336,0.0493,battery,gas-cc,142.9,2.7,0.27,16.9,1078.6,0.06,143.1,49.0,192.1,149.6,2.8,0.28,17.7,1129.1,0.07,149.8,51.4,201.1,161.3,3.0,0.31,19.1,1216.5,0.07,161.5,55.3,216.9,387.9,7.3,0.73,45.8,2927.0,0.17,388.3,133.1,521.4,39.05,0.0,0.0,39.05,41.08,0.0,0.0,41.08,0.0,0.0,0.0,2719.8,47.9,1599.1,0.0,0.0,0.0,0.0,0.0,1072.7,0.0,0.0,0.0,0.0,0.0,0.0,0.0,47.9,0.0
2050-09-27 02:00:00,2050-09-27 00:00:00,1670.5,0.0,0.0,8.6,1679.1,1617.2,1641.8,0.0,1319.8,0.0319,0.0437,battery,gas-cc,129.6,2.4,0.24,15.3,978.2,0.06,129.8,44.5,174.3,135.7,2.6,0.26,16.0,1024.4,0.06,135.9,46.6,182.5,153.1,2.9,0.29,18.1,1154.2,0.07,153.3,52.5,205.8,385.6,7.3,0.73,45.6,2909.9,0.17,386.0,132.3,518.3,39.05,0.0,0.0,39.05,40.84,0.0,0.0,40.84,0.0,0.0,0.0,2998.9,37.3,1888.9,0.0,0.0,0.0,0.0,0.0,1072.7,0.0,0.0,0.0,0.0,0.0,0.0,0.0,37.3,0.0
2050-09-27 03:00:00,2050-09-27 01:00:00,1526.3,0.0,0.0,10.7,1537.0,1479.0,1519.9,0.0,1640.0,0.031,0.0399,battery,gas-cc,122.4,2.3,0.23,14.5,923.4,0.05,122.5,42.0,164.5,128.2,2.4,0.24,15.2,967.5,0.06,128.3,44.0,172.3,169.5,3.2,0.32,20.0,1278.3,0.07,169.7,58.1,227.9,447.4,8.4,0.84,52.9,3376.4,0.19,447.9,153.5,601.4,39.05,0.0,0.0,39.05,40.68,0.0,0.0,40.68,0.0,0.0,0.0,3176.9,17.1,2087.1,0.0,0.0,0.0,0.0,0.0,1072.7,0.0,0.0,0.0,0.0,0.0,0.0,0.0,17.1,0.0
2050-09-27 04:00:00,2050-09-27 02:00:00,1432.6,0.0,0.0,6.2,1438.9,1388.9,1426.9,0.0,960.6,0.0305,0.0375,gas-cc,gas-cc,162.0,3.1,0.31,19.1,1222.6,0.07,162.2,55.6,217.8,168.7,3.2,0.32,19.9,1273.2,0.07,168.9,57.9,226.8,188.5,3.6,0.36,22.3,1421.9,0.08,188.7,64.7,253.4,383.1,7.2,0.72,45.3,2891.1,0.17,383.5,131.5,515.0,39.05,0.0,0.0,39.05,40.57,0.0,0.0,40.57,0.0,0.0,0.0,2399.4,11.9,1314.8,0.0,0.0,0.0,0.0,0.0,1072.7,0.0,0.0,0.0,0.0,0.0,0.0,0.0,11.9,0.0
2050-09-27 05:00:00,2050-09-27 03:00:00,1373.7,0.0,0.0,5.7,1379.4,1332.2,1370.0,0.0,874.4,0.0302,0.0359,battery,gas-cc,172.5,3.3,0.33,20.4,1301.7,0.07,172.7,59.2,231.9,179.4,3.4,0.34,21.2,1353.7,0.08,179.6,61.6,241.1,153.0,2.9,0.29,18.1,1153.1,0.07,153.1,52.5,205.6,365.8,6.9,0.69,43.2,2760.2,0.16,366.2,125.5,491.7,39.05,0.0,0.0,39.05,40.51,0.0,0.0,40.51,0.0,0.0,0.0,2253.7,9.3,1171.7,0.0,0.0,0.0,0.0,0.0,1072.7,0.0,0.0,0.0,0.0,0.0,0.0,0.0,9.3,0.0
2050-09-27 06:00:00,2050-09-27 04:00:00,1337.9,0.0,0.0,5.9,1343.8,1297.6,1338.6,0.0,911.8,0.0301,0.035,battery,gas-cc,172.4,3.2,0.32,20.4,1300.6,0.07,172.5,59.1,231.7,179.2,3.4,0.34,21.2,1352.5,0.08,179.4,61.5,240.9,156.8,3.0,0.3,18.5,1182.1,0.07,157.0,53.8,210.7,365.4,6.9,0.69,43.2,2757.5,0.16,365.8,125.4,491.2,39.05,0.0,0.0,39.05,40.47,0.0,0.0,40.47,0.0,0.0,0.0,2255.6,5.3,1177.6,0.0,0.0,0.0,0.0,0.0,1072.7,0.0,0.0,0.0,0.0,0.0,0.0,0.0,5.3,0.0
2050-09-27 07:00:00,2050-09-27 05:00:00,1386.3,0.0,0.0,8.7,1395.1,1344.3,1388.4,0.0,1344.1,0.0303,0.0363,battery,gas-cc,141.9,2.7,0.27,16.8,1071.0,0.06,142.1,48.7,190.8,148.1,2.8,0.28,17.5,1117.8,0.06,148.3,50.8,199.1,211.5,4.0,0.4,25.0,1595.0,0.09,211.7,72.5,284.2,382.6,7.2,0.72,45.2,2887.5,0.17,383.1,131.3,514.3,39.05,0.0,0.0,39.05,40.52,0.0,0.0,40.52,0.0,0.0,0.0,2739.1,6.7,1659.7,0.0,0.0,0.0,0.0,0.0,1072.7,0.0,0.0,0.0,0.0,0.0,0.0,0.0,6.7,0.0
2050-09-27 08:00:00,2050-09-27 06:00:00,1458.9,0.0,0.0,9.7,1468.7,1414.3,-1499.9,0.0,1499.9,0.0306,0.0382,gas-cc,gas-cc,0.0,0.0,0.0,0.0,0.0,0.0,0.0,0.0,0.0,0.0,0.0,0.0,0.0,0.0,0.0,0.0,0.0,0.0,125.8,2.4,0.24,14.9,948.2,0.05,125.9,43.1,169.0,365.7,6.9,0.69,43.2,2760.0,0.16,366.1,125.5,491.6,31.33,0.0,0.0,31.33,32.58,0.0,0.0,32.58,0.0,0.0,0.0,2968.6,2968.6,0.0,0.0,0.0,0.0,0.0,125.0,0.0,0.0,0.0,0.0,0.0,0.0,0.0,2838.5,5.0,0.0
2050-09-27 09:00:00,2050-09-27 07:00:00,1597.9,2626.7,0.0,0.0,4224.6,1547.6,0.0,0.0,0.0,0.0314,0.0418,upv,upv,0.0,0.0,0.0,0.0,0.0,0.0,0.0,0.0,0.0,0.0,0.0,0.0,0.0,0.0,0.0,0.0,0.0,0.0,140.5,2.7,0.27,16.6,1058.9,0.06,140.6,48.2,188.8,0.0,0.0,0.0,0.0,0.0,0.0,0.0,0.0,0.0,0.0,0.0,0.0,0.0,0.0,0.0,0.0,0.0,2.7,4526.3,4529.0,4224.6,4224.6,0.0,0.0,0.0,0.0,0.0,0.0,0.0,0.0,0.0,0.0,0.0,0.0,0.0,4224.6,0.0,0.0
2050-09-27 10:00:00,2050-09-27 08:00:00,1770.5,3629.9,0.0,0.0,5400.5,1712.7,0.0,0.0,0.0,0.0327,0.0463,upv,upv,0.0,0.0,0.0,0.0,0.0,0.0,0.0,0.0,0.0,0.0,0.0,0.0,0.0,0.0,0.0,0.0,0.0,0.0,140.1,2.6,0.27,16.5,1055.9,0.06,140.2,48.0,188.2,0.0,0.0,0.0,0.0,0.0,0.0,0.0,0.0,0.0,0.0,0.0,0.0,0.0,0.0,0.0,0.0,0.0,0.9,4598.5,4599.4,5400.5,5400.5,0.0,0.0,0.0,0.0,0.0,421.9,0.0,0.0,0.0,0.0,0.0,0.0,0.0,4978.6,0.0,0.0
2050-09-27 11:00:00,2050-09-27 09:00:00,1884.2,3240.3,0.0,2.8,5127.2,1820.9,-424.6,0.0,424.7,0.0336,0.0493,upv,upv,0.0,0.0,0.0,0.0,0.0,0.0,0.0,0.0,0.0,0.0,0.0,0.0,0.0,0.0,0.0,0.0,0.0,0.0,140.2,2.6,0.27,16.6,1056.9,0.06,140.3,48.1,188.4,0.0,0.0,0.0,0.0,0.0,0.0,0.0,0.0,0.0,0.0,0.0,0.0,0.0,0.0,0.0,0.0,0.0,0.0,4563.9,4563.9,5551.9,5551.9,0.0,0.0,0.0,0.0,0.0,426.9,0.0,0.0,0.0,0.0,0.0,0.0,0.0,5123.0,2.0,0.0
2050-09-27 12:00:00,2050-09-27 10:00:00,1994.7,3824.8,0.0,10.7,5830.1,1925.8,-1640.0,0.0,1640.0,0.0345,0.0522,upv,upv,0.0,0.0,0.0,0.0,0.0,0.0,0.0,0.0,0.0,0.0,0.0,0.0,0.0,0.0,0.0,0.0,0.0,0.0,140.3,2.6,0.27,16.6,1058.0,0.06,140.5,48.1,188.6,0.0,0.0,0.0,0.0,0.0,0.0,0.0,0.0,0.0,0.0,0.0,0.0,0.0,0.0,0.0,0.0,0.0,6.0,2400.6,2406.6,7470.1,7470.1,0.0,0.0,0.0,0.0,0.0,416.5,0.0,0.0,0.0,0.0,0.0,0.0,0.0,7053.6,0.0,0.0
2050-09-27 13:00:00,2050-09-27 11:00:00,2105.3,3211.2,0.0,4.9,5321.3,2030.5,-752.1,0.0,752.1,0.0355,0.0551,upv,upv,0.0,0.0,0.0,0.0,0.0,0.0,0.0,0.0,0.0,0.0,0.0,0.0,0.0,0.0,0.0,0.0,0.0,0.0,140.5,2.7,0.27,16.6,1059.0,0.06,140.6,48.2,188.8,0.0,0.0,0.0,0.0,0.0,0.0,0.0,0.0,0.0,0.0,0.0,0.0,0.0,0.0,0.0,0.0,0.0,10.6,3595.1,3605.8,6073.4,6073.4,0.0,0.0,0.0,0.0,0.0,408.2,0.0,0.0,0.0,0.0,0.0,0.0,0.0,5665.3,0.0,0.0
2050-09-27 14:00:00,2050-09-27 12:00:00,2213.7,3240.3,0.0,8.6,5462.6,2132.7,-1323.2,0.0,1323.2,0.0366,0.0579,upv,upv,0.0,0.0,0.0,0.0,0.0,0.0,0.0,0.0,0.0,0.0,0.0,0.0,0.0,0.0,0.0,0.0,0.0,0.0,141.1,2.7,0.27,16.7,1063.8,0.06,141.3,48.4,189.6,0.0,0.0,0.0,0.0,0.0,0.0,0.0,0.0,0.0,0.0,0.0,0.0,0.0,0.0,0.0,0.0,0.0,13.0,2936.7,2949.7,6785.7,6785.7,0.0,0.0,0.0,0.0,0.0,410.3,0.0,0.0,0.0,0.0,0.0,0.0,0.0,6375.4,0.0,0.0
2050-09-27 15:00:00,2050-09-27 13:00:00,2322.1,3948.8,0.0,0.0,6270.9,2234.7,0.0,0.0,0.0,0.0376,0.0607,upv,upv,0.0,0.0,0.0,0.0,0.0,0.0,0.0,0.0,0.0,0.0,0.0,0.0,0.0,0.0,0.0,0.0,0.0,0.0,140.8,2.7,0.27,16.6,1061.3,0.06,140.9,48.3,189.2,0.0,0.0,0.0,0.0,0.0,0.0,0.0,0.0,0.0,0.0,0.0,0.0,0.0,0.0,0.0,0.0,0.0,15.7,3660.5,3676.2,6270.9,6270.9,0.0,0.0,0.0,0.0,0.0,419.0,0.0,0.0,0.0,0.0,0.0,0.0,0.0,5851.9,0.0,0.0
2050-09-27 16:00:00,2050-09-27 14:00:00,2423.2,2917.5,0.0,0.0,5340.7,2329.5,0.0,0.0,0.0,0.0386,0.0634,upv,upv,0.0,0.0,0.0,0.0,0.0,0.0,0.0,0.0,0.0,0.0,0.0,0.0,0.0,0.0,0.0,0.0,0.0,0.0,140.9,2.7,0.27,16.7,1062.4,0.06,141.1,48.3,189.4,0.0,0.0,0.0,0.0,0.0,0.0,0.0,0.0,0.0,0.0,0.0,0.0,0.0,0.0,0.0,0.0,0.0,12.7,4737.4,4750.1,5340.7,5340.7,0.0,0.0,0.0,0.0,0.0,425.1,0.0,0.0,0.0,0.0,0.0,0.0,0.0,4910.7,4.9,0.0
2050-09-27 17:00:00,2050-09-27 15:00:00,2554.7,2917.5,0.0,6.7,5479.0,2452.5,-1028.8,0.0,1028.8,0.04,0.0668,upv,upv,0.0,0.0,0.0,0.0,0.0,0.0,0.0,0.0,0.0,0.0,0.0,0.0,0.0,0.0,0.0,0.0,0.0,0.0,141.1,2.7,0.27,16.7,1063.9,0.06,141.3,48.4,189.7,0.0,0.0,0.0,0.0,0.0,0.0,0.0,0.0,0.0,0.0,0.0,0.0,0.0,0.0,0.0,0.0,0.0,0.0,3107.1,3107.1,6507.7,6507.7,0.0,0.0,0.0,0.0,0.0,404.9,0.0,0.0,0.0,0.0,0.0,0.0,0.0,6082.3,20.6,0.0
2050-09-27 18:00:00,2050-09-27 16:00:00,2662.1,1609.5,0.0,16.7,4288.3,2552.6,-1978.2,0.0,1978.2,0.0411,0.0696,gas-cc,gas-cc,0.0,0.0,0.0,0.0,0.0,0.0,0.0,0.0,0.0,0.0,0.0,0.0,0.0,0.0,0.0,0.0,0.0,0.0,159.0,3.0,0.31,18.8,1193.4,0.07,159.2,54.4,213.6,378.1,7.1,0.71,44.7,2853.3,0.16,378.5,129.7,508.3,25.89,0.0,0.0,25.89,27.83,0.0,0.0,27.83,0.0,0.0,0.0,6266.4,6266.4,0.0,0.0,0.0,0.0,0.0,263.4,0.0,0.0,0.0,0.0,0.0,0.0,0.0,5980.8,22.2,0.0
2050-09-27 19:00:00,2050-09-27 17:00:00,2716.8,0.0,0.0,10.7,2727.5,2603.5,2099.5,0.0,1640.0,0.0417,0.071,battery,gas-cc,89.0,1.7,0.17,10.5,671.7,0.04,89.1,30.5,119.7,94.7,1.8,0.18,11.2,714.6,0.04,94.8,32.5,127.3,149.7,2.8,0.28,17.7,1128.4,0.07,149.8,51.3,201.2,416.5,7.8,0.78,49.2,3142.9,0.18,416.9,142.9,559.8,41.69,0.0,0.0,41.69,44.88,0.0,0.0,44.88,0.0,0.0,0.0,4367.5,628.0,2666.8,0.0,0.0,0.0,0.0,25.4,1072.7,0.0,0.0,0.0,0.0,0.0,0.0,577.2,25.4,0.0
2050-09-27 20:00:00,2050-09-27 18:00:00,2760.0,0.0,0.0,11.6,2771.6,2643.5,2732.3,0.0,1580.7,0.0422,0.0722,gas-cc,gas-cc,89.3,1.7,0.17,10.6,674.0,0.04,89.4,30.6,120.1,95.5,1.8,0.18,11.3,720.4,0.04,95.6,32.8,128.3,265.8,5.0,0.5,31.4,2005.4,0.12,266.1,91.2,357.3,422.6,8.0,0.8,49.9,3189.1,0.18,423.1,145.0,568.1,41.69,0.0,0.0,41.69,44.93,0.0,0.0,44.93,0.0,0.0,0.0,4352.4,39.3,3240.3,0.0,0.0,0.0,0.0,0.0,1072.7,0.0,0.0,0.0,0.0,0.0,0.0,0.0,39.3,0.0
2050-09-27 21:00:00,2050-09-27 19:00:00,2685.3,0.0,0.0,8.2,2693.5,2574.1,2662.0,0.0,1261.4,0.0414,0.0702,battery,gas-cc,98.3,1.9,0.19,11.6,741.8,0.04,98.4,33.7,132.1,104.7,2.0,0.2,12.4,789.9,0.05,104.8,35.9,140.7,338.0,6.4,0.64,39.9,2550.6,0.15,338.4,116.0,454.4,421.7,7.9,0.79,49.8,3182.4,0.18,422.2,144.7,566.9,41.69,0.0,0.0,41.69,44.84,0.0,0.0,44.84,0.0,0.0,0.0,3954.8,31.5,2850.6,0.0,0.0,0.0,0.0,0.0,1072.7,0.0,0.0,0.0,0.0,0.0,0.0,0.0,31.5,0.0
2050-09-27 22:00:00,2050-09-27 20:00:00,2474.7,0.0,0.0,16.5,2491.3,2377.8,2454.4,0.0,1569.8,0.0392,0.0647,gas-cc,gas-cc,95.7,1.8,0.18,11.3,722.4,0.04,95.8,32.8,128.7,101.8,1.9,0.19,12.0,768.0,0.04,101.9,34.9,136.8,201.4,3.8,0.38,23.8,1518.9,0.09,201.6,69.1,270.7,419.2,7.9,0.79,49.5,3163.7,0.18,419.7,143.9,563.6,41.69,0.0,0.0,41.69,44.57,0.0,0.0,44.57,0.0,0.0,0.0,4061.0,36.8,2951.4,0.0,0.0,0.0,0.0,0.0,1072.7,0.0,0.0,0.0,0.0,0.0,0.0,0.0,36.8,0.0
2050-09-27 23:00:00,2050-09-27 21:00:00,2265.3,0.0,0.0,9.6,2274.9,2181.3,2249.4,0.0,1479.1,0.0371,0.0592,gas-cc,gas-cc,103.6,2.0,0.2,12.2,781.5,0.04,103.7,35.5,139.2,109.6,2.1,0.21,13.0,827.3,0.05,109.7,37.6,147.4,153.3,2.9,0.29,18.1,1155.4,0.07,153.4,52.6,206.0,416.8,7.9,0.79,49.2,3145.3,0.18,417.3,143.0,560.3,41.69,0.0,0.0,41.69,44.31,0.0,0.0,44.31,0.0,0.0,0.0,3754.0,25.4,2655.8,0.0,0.0,0.0,0.0,0.0,1072.7,0.0,0.0,0.0,0.0,0.0,0.0,0.0,25.4,0.0
2050-09-28 00:00:00,2050-09-27 22:00:00,2069.5,0.0,0.0,8.8,2078.3,1996.6,2062.2,0.0,1351.5,0.0352,0.0541,phs,gas-cc,113.3,2.1,0.21,13.4,855.3,0.05,113.5,38.9,152.4,119.5,2.3,0.23,14.1,901.7,0.05,119.6,41.0,160.6,205.1,3.9,0.39,24.2,1546.6,0.09,205.3,70.3,275.6,494.6,9.3,0.93,58.4,3732.4,0.21,495.1,169.7,664.9,44.52,0.0,0.0,44.52,47.07,0.0,0.0,47.07,0.0,0.0,0.0,3429.8,16.1,2341.0,0.0,0.0,0.0,0.0,0.0,1072.7,0.0,0.0,0.0,0.0,0.0,0.0,0.0,16.1,0.0
2050-09-28 01:00:00,2050-09-27 23:00:00,1868.4,0.0,0.0,8.1,1876.5,1805.9,1865.6,0.0,1249.3,0.0335,0.0489,battery,gas-cc,124.4,2.3,0.23,14.7,938.5,0.05,124.5,42.7,167.2,130.6,2.5,0.25,15.4,985.4,0.06,130.7,44.8,175.5,179.1,3.4,0.34,21.2,1350.4,0.08,179.3,61.4,240.7,491.9,9.3,0.93,58.1,3711.8,0.21,492.4,168.8,661.2,44.52,0.0,0.0,44.52,46.81,0.0,0.0,46.81,0.0,0.0,0.0,3125.9,10.9,2042.2,0.0,0.0,0.0,0.0,0.0,1072.7,0.0,0.0,0.0,0.0,0.0,0.0,0.0,10.9,0.0
2050-09-28 02:00:00,2050-09-28 00:00:00,1675.8,0.0,0.0,9.6,1685.4,1622.2,1679.3,0.0,1473.4,0.032,0.0438,hydro,gas-cc,123.1,2.3,0.23,14.5,928.7,0.05,123.2,42.2,165.4,129.1,2.4,0.24,15.3,973.9,0.06,129.2,44.3,173.5,173.4,3.3,0.33,20.5,1307.2,0.08,173.5,59.5,233.0,489.3,9.2,0.92,57.8,3692.2,0.21,489.8,167.9,657.7,44.52,0.0,0.0,44.52,46.57,0.0,0.0,46.57,0.0,0.0,0.0,3158.8,6.0,2080.0,0.0,0.0,0.0,0.0,0.0,1072.7,0.0,0.0,0.0,0.0,0.0,0.0,0.0,6.0,0.0
2050-09-28 03:00:00,2050-09-28 01:00:00,1538.9,0.0,0.0,5.7,1544.7,1491.1,1538.6,0.0,879.9,0.0311,0.0402,battery,gas-cc,160.3,3.0,0.3,18.9,1210.0,0.07,160.5,55.0,215.5,167.1,3.1,0.31,19.8,1261.0,0.07,167.3,57.3,224.6,153.1,2.9,0.29,18.1,1154.0,0.07,153.2,52.5,205.7,487.5,9.2,0.92,57.6,3678.5,0.21,488.0,167.3,655.2,44.52,0.0,0.0,44.52,46.39,0.0,0.0,46.39,0.0,0.0,0.0,2424.6,6.0,1345.8,0.0,0.0,0.0,0.0,0.0,1072.7,0.0,0.0,0.0,0.0,0.0,0.0,0.0,6.0,0.0
2050-09-28 04:00:00,2050-09-28 02:00:00,1451.6,0.0,0.0,5.2,1456.8,1407.2,1453.2,0.0,801.4,0.0306,0.038,battery,gas-cc,172.2,3.2,0.32,20.3,1299.1,0.07,172.3,59.1,231.4,179.1,3.4,0.34,21.2,1351.7,0.08,179.3,61.5,240.8,152.9,2.9,0.29,18.1,1152.5,0.07,153.0,52.4,205.5,486.3,9.2,0.92,57.4,3669.7,0.21,486.8,166.9,653.7,44.52,0.0,0.0,44.52,46.28,0.0,0.0,46.28,0.0,0.0,0.0,2258.2,3.6,1181.8,0.0,0.0,0.0,0.0,0.0,1072.7,0.0,0.0,0.0,0.0,0.0,0.0,0.0,3.6,0.0
2050-09-28 05:00:00,2050-09-28 03:00:00,1386.3,0.0,0.0,0.9,1387.2,1344.3,1385.5,0.0,139.0,0.0303,0.0363,battery,gas-cc,254.7,4.8,0.48,30.1,1922.2,0.11,255.0,87.4,342.4,263.5,5.0,0.5,31.1,1988.7,0.11,263.8,90.4,354.3,174.0,3.3,0.33,20.6,1312.3,0.08,174.2,59.7,233.9,485.4,9.1,0.91,57.3,3663.2,0.21,486.0,166.6,652.5,44.52,0.0,0.0,44.52,46.2,0.0,0.0,46.2,0.0,0.0,0.0,1526.2,1.7,451.8,0.0,0.0,0.0,0.0,0.0,1072.7,0.0,0.0,0.0,0.0,0.0,0.0,0.0,1.7,0.0
2050-09-28 06:00:00,2050-09-28 04:00:00,1363.2,0.0,0.0,7.8,1370.9,1322.0,1370.6,0.0,1192.5,0.0302,0.0356,battery,gas-cc,151.7,2.9,0.29,17.9,1144.4,0.07,151.8,52.0,203.9,158.1,3.0,0.3,18.7,1192.9,0.07,158.2,54.3,212.5,193.3,3.6,0.37,22.8,1457.8,0.08,193.5,66.3,259.8,424.2,8.0,0.8,50.1,3201.2,0.18,424.7,145.6,570.2,44.52,0.0,0.0,44.52,46.17,0.0,0.0,46.17,0.0,0.0,0.0,2563.4,0.3,1490.4,0.0,0.0,0.0,0.0,0.0,1072.7,0.0,0.0,0.0,0.0,0.0,0.0,0.0,0.3,0.0
2050-09-28 07:00:00,2050-09-28 05:00:00,1400.0,0.0,0.0,2.2,1402.2,1357.5,1402.1,0.0,335.9,0.0303,0.0366,battery,gas-cc,223.7,4.2,0.42,26.4,1687.8,0.1,223.9,76.7,300.7,231.8,4.4,0.44,27.4,1749.1,0.1,232.0,79.5,311.6,157.4,3.0,0.3,18.6,1186.8,0.07,157.6,54.0,211.6,485.6,9.2,0.92,57.4,3664.6,0.21,486.1,166.6,652.8,44.52,0.0,0.0,44.52,46.22,0.0,0.0,46.22,0.0,0.0,0.0,1738.1,0.1,665.3,0.0,0.0,0.0,0.0,0.0,1072.7,0.0,0.0,0.0,0.0,0.0,0.0,0.0,0.1,0.0
2050-09-28 08:00:00,2050-09-28 06:00:00,1474.7,987.9,0.0,1.6,2464.3,1429.4,1323.1,250.3,0.0,0.0307,0.0386,battery,gas-ct,175.6,3.3,0.33,20.7,1325.1,0.08,175.8,60.3,236.0,165.5,3.1,0.31,19.8,1249.3,0.08,165.6,57.1,222.7,139.8,2.6,0.26,16.5,1053.7,0.06,139.9,47.9,187.9,454.3,8.6,0.86,53.7,3428.2,0.2,454.8,155.9,610.7,37.82,0.0,0.0,37.82,39.33,0.0,0.0,39.33,0.0,0.0,0.0,2214.0,1141.2,0.0,0.0,0.0,0.0,0.0,48.2,1072.7,0.0,0.0,0.0,0.0,0.0,0.0,1092.9,0.1,0.0
2050-09-28 09:00:00,2050-09-28 07:00:00,1610.5,2705.2,0.0,1.5,4317.2,1559.8,-230.5,0.0,230.5,0.0315,0.0421,battery,upv,0.0,0.0,0.0,0.0,0.0,0.0,0.0,0.0,0.0,0.0,0.0,0.0,0.0,0.0,0.0,0.0,0.0,0.0,152.1,2.9,0.29,18.0,1146.9,0.07,152.3,52.2,204.4,0.0,0.0,0.0,0.0,0.0,0.0,0.0,0.0,0.0,4.7,0.0,0.0,4.7,4.91,0.0,0.0,4.91,0.0,0.0,0.0,4547.7,4547.7,0.0,0.0,0.0,0.0,0.0,192.0,0.0,0.0,0.0,0.0,0.0,0.0,0.0,4355.6,0.2,0.0
2050-09-28 10:00:00,2050-09-28 08:00:00,1778.9,3108.5,0.0,8.1,4895.5,1720.7,-1244.4,0.0,1244.4,0.0327,0.0465,upv,upv,0.0,0.0,0.0,0.0,0.0,0.0,0.0,0.0,0.0,0.0,0.0,0.0,0.0,0.0,0.0,0.0,0.0,0.0,140.6,2.7,0.27,16.6,1060.2,0.06,140.8,48.2,189.0,0.0,0.0,0.0,0.0,0.0,0.0,0.0,0.0,0.0,4.7,0.0,0.0,4.7,4.93,0.0,0.0,4.93,0.0,0.0,0.0,6139.9,6139.9,0.0,0.0,0.0,0.0,0.0,259.1,0.0,0.0,0.0,0.0,0.0,0.0,0.0,5880.6,0.1,0.0
2050-09-28 11:00:00,2050-09-28 09:00:00,1881.1,3762.7,0.0,9.4,5653.2,1817.9,-1452.7,0.0,1452.7,0.0336,0.0492,upv,upv,0.0,0.0,0.0,0.0,0.0,0.0,0.0,0.0,0.0,0.0,0.0,0.0,0.0,0.0,0.0,0.0,0.0,0.0,143.2,2.7,0.27,16.9,1079.2,0.06,143.3,49.1,192.4,0.0,0.0,0.0,0.0,0.0,0.0,0.0,0.0,0.0,4.7,0.0,0.0,4.7,4.94,0.0,0.0,4.94,0.0,0.0,0.0,7106.0,7106.0,0.0,0.0,0.0,0.0,0.0,299.9,0.0,0.0,0.0,0.0,0.0,0.0,0.0,6804.7,1.3,0.0
2050-09-28 12:00:00,2050-09-28 10:00:00,1961.1,4019.6,0.0,10.9,5991.5,1893.9,-1653.5,0.0,1653.5,0.0342,0.0513,upv,upv,0.0,0.0,0.0,0.0,0.0,0.0,0.0,0.0,0.0,0.0,0.0,0.0,0.0,0.0,0.0,0.0,0.0,0.0,140.3,2.6,0.27,16.6,1057.6,0.06,140.4,48.1,188.5,0.0,0.0,0.0,0.0,0.0,0.0,0.0,0.0,0.0,4.49,0.0,0.0,4.49,4.74,0.0,0.0,4.74,0.0,0.0,0.0,7645.0,7645.0,0.0,0.0,0.0,0.0,0.0,322.6,0.0,0.0,0.0,0.0,0.0,0.0,0.0,7321.7,0.6,0.0
2050-09-28 13:00:00,2050-09-28 11:00:00,2056.8,4019.6,0.0,13.1,6089.5,1984.7,-1798.2,0.0,1798.2,0.0351,0.0538,battery,upv,0.0,0.0,0.0,0.0,0.0,0.0,0.0,0.0,0.0,0.0,0.0,0.0,0.0,0.0,0.0,0.0,0.0,0.0,140.6,2.7,0.27,16.6,1059.7,0.06,140.7,48.2,188.9,0.0,0.0,0.0,0.0,0.0,0.0,0.0,0.0,0.0,4.49,0.0,0.0,4.49,4.75,0.0,0.0,4.75,0.0,0.0,0.0,7887.7,7887.7,0.0,0.0,0.0,0.0,0.0,332.9,0.0,0.0,0.0,0.0,0.0,0.0,0.0,7554.4,0.4,0.0
2050-09-28 14:00:00,2050-09-28 12:00:00,2170.5,3704.5,0.0,10.7,5885.7,2092.1,-1640.0,0.0,1640.0,0.0361,0.0568,battery,upv,0.0,0.0,0.0,0.0,0.0,0.0,0.0,0.0,0.0,0.0,0.0,0.0,0.0,0.0,0.0,0.0,0.0,0.0,142.4,2.7,0.27,16.8,1073.8,0.06,142.6,48.8,191.4,0.0,0.0,0.0,0.0,0.0,0.0,0.0,0.0,0.0,4.7,0.0,0.0,4.7,4.98,0.0,0.0,4.98,0.0,0.0,0.0,7525.7,7525.7,0.0,0.0,0.0,0.0,0.0,317.6,0.0,0.0,0.0,0.0,0.0,0.0,0.0,7205.4,2.7,0.0
2050-09-28 15:00:00,2050-09-28 13:00:00,2288.4,3016.4,0.0,10.6,5315.3,2203.1,-1624.3,0.0,1624.3,0.0373,0.0598,battery,upv,0.0,0.0,0.0,0.0,0.0,0.0,0.0,0.0,0.0,0.0,0.0,0.0,0.0,0.0,0.0,0.0,0.0,0.0,141.9,2.7,0.27,16.8,1070.1,0.06,142.1,48.7,190.8,0.0,0.0,0.0,0.0,0.0,0.0,0.0,0.0,0.0,4.7,0.0,0.0,4.7,5.0,0.0,0.0,5.0,0.0,0.0,0.0,6939.6,6939.6,0.0,0.0,0.0,0.0,0.0,292.7,0.0,0.0,0.0,0.0,0.0,0.0,0.0,6643.2,3.8,0.0
2050-09-28 16:00:00,2050-09-28 14:00:00,2391.6,2788.6,0.0,8.0,5188.2,2299.9,-1236.2,0.0,1236.2,0.0383,0.0625,battery,upv,0.0,0.0,0.0,0.0,0.0,0.0,0.0,0.0,0.0,0.0,0.0,0.0,0.0,0.0,0.0,0.0,0.0,0.0,140.9,2.7,0.27,16.6,1062.1,0.06,141.0,48.3,189.3,0.0,0.0,0.0,0.0,0.0,0.0,0.0,0.0,0.0,4.7,0.0,0.0,4.7,5.02,0.0,0.0,5.02,0.0,0.0,0.0,6424.4,6424.4,0.0,0.0,0.0,0.0,0.0,271.0,0.0,0.0,0.0,0.0,0.0,0.0,0.0,6148.8,4.6,0.0
2050-09-28 17:00:00,2050-09-28 15:00:00,2521.1,2431.9,0.0,7.5,4960.5,2421.1,538.2,538.2,0.0,0.0397,0.0659,battery,gas-cc,0.0,0.0,0.0,0.0,0.0,0.0,0.0,0.0,0.0,0.0,0.0,0.0,0.0,0.1,0.0,0.0,0.0,0.0,149.5,2.8,0.28,17.7,1127.1,0.07,149.6,51.3,200.9,339.0,6.4,0.64,40.0,2557.8,0.15,339.3,116.3,455.6,20.83,0.0,0.0,20.83,22.3,0.0,0.0,22.3,0.0,0.0,0.0,4422.3,4422.3,0.0,0.0,0.0,0.0,0.0,186.2,0.0,0.0,0.0,0.0,0.0,0.0,0.0,4226.3,9.7,0.0
2050-09-28 18:00:00,2050-09-28 16:00:00,2621.1,0.0,0.0,2.3,2623.3,2514.4,927.0,0.0,145.8,0.0407,0.0685,battery,gas-cc,140.4,2.6,0.26,16.6,1059.4,0.06,140.5,48.2,188.7,146.3,2.8,0.28,17.3,1104.4,0.06,146.5,50.2,196.7,141.9,2.7,0.27,16.8,1069.6,0.06,142.0,48.7,190.7,388.5,7.3,0.73,45.9,2931.6,0.17,388.9,133.3,522.2,40.84,0.0,0.0,40.84,43.84,0.0,0.0,43.84,0.0,0.0,0.0,2769.1,1696.4,0.0,0.0,0.0,0.0,0.0,70.8,1072.7,0.0,0.0,0.0,0.0,0.0,0.0,1606.7,18.9,0.0
2050-09-28 19:00:00,2050-09-28 17:00:00,2706.3,0.0,0.0,15.4,2721.7,2593.7,2560.1,0.0,1529.0,0.0416,0.0708,battery,gas-ct,91.5,1.7,0.17,10.8,690.2,0.04,91.6,31.4,122.9,97.5,1.8,0.18,11.5,736.0,0.04,97.6,33.5,131.1,176.0,3.3,0.33,20.8,1327.4,0.08,176.2,60.4,236.6,604.8,11.4,1.14,71.4,4563.7,0.26,605.4,207.5,812.9,49.29,0.0,0.0,49.29,53.05,0.0,0.0,53.05,0.0,0.0,0.0,4250.7,161.6,3016.4,0.0,0.0,0.0,0.0,3.4,1072.7,0.0,0.0,0.0,0.0,0.0,0.0,76.7,81.5,0.0
2050-09-28 20:00:00,2050-09-28 18:00:00,2760.0,0.0,0.0,20.4,2780.4,2643.5,2673.7,0.0,1999.9,0.0422,0.0722,battery,gas-ct,81.3,1.5,0.15,9.6,613.7,0.04,81.4,27.9,109.3,87.1,1.6,0.16,10.3,657.5,0.04,87.2,29.9,117.1,222.6,4.3,0.44,26.3,1662.1,0.1,222.8,75.9,298.7,605.7,11.4,1.14,71.5,4570.6,0.26,606.3,207.8,814.2,49.29,0.0,0.0,49.29,53.13,0.0,0.0,53.13,0.0,0.0,0.0,4780.3,106.8,3600.8,0.0,0.0,0.0,0.0,0.0,1072.7,0.0,0.0,0.0,0.0,0.0,0.0,0.0,106.8,0.0
2050-09-28 21:00:00,2050-09-28 19:00:00,2670.5,0.0,0.0,23.5,2694.0,2560.4,2599.8,0.0,2463.4,0.0412,0.0698,battery,gas-ct,75.4,1.4,0.14,8.9,568.8,0.03,75.5,25.9,101.3,80.9,1.5,0.15,9.6,610.5,0.04,81.0,27.8,108.8,210.3,4.0,0.4,24.9,1583.8,0.09,210.5,72.1,282.6,604.2,11.4,1.14,71.4,4559.1,0.26,604.8,207.3,812.1,49.29,0.0,0.0,49.29,52.99,0.0,0.0,52.99,0.0,0.0,0.0,5157.4,94.2,3990.5,0.0,0.0,0.0,0.0,0.0,1072.7,0.0,0.0,0.0,0.0,0.0,0.0,0.0,94.2,0.0
2050-09-28 22:00:00,2050-09-28 20:00:00,2482.1,0.0,0.0,10.9,2493.0,2384.7,2423.4,0.0,1081.2,0.0392,0.0649,battery,gas-ct,108.8,2.0,0.2,12.8,820.8,0.05,108.9,37.3,146.2,115.2,2.2,0.22,13.6,869.5,0.05,115.3,39.5,154.9,178.3,3.4,0.34,21.1,1344.9,0.08,178.5,61.2,239.7,601.0,11.3,1.13,71.0,4535.1,0.26,601.6,206.2,807.8,49.29,0.0,0.0,49.29,52.72,0.0,0.0,52.72,0.0,0.0,0.0,3574.2,69.5,2431.9,0.0,0.0,0.0,0.0,0.0,1072.7,0.0,0.0,0.0,0.0,0.0,0.0,0.0,69.5,0.0
2050-09-28 23:00:00,2050-09-28 21:00:00,2291.6,0.0,0.0,6.3,2297.9,2206.1,2188.6,0.0,926.4,0.0373,0.0599,battery,gas-ct,120.6,2.3,0.23,14.2,909.9,0.05,120.7,41.4,162.1,127.1,2.4,0.24,15.0,959.2,0.06,127.2,43.6,170.9,169.8,3.2,0.32,20.1,1280.1,0.07,169.9,58.2,228.2,597.8,11.3,1.13,70.6,4511.0,0.26,598.4,205.1,803.5,49.29,0.0,0.0,49.29,52.44,0.0,0.0,52.44,0.0,0.0,0.0,3224.3,109.3,2042.2,0.0,0.0,0.0,0.0,0.0,1072.7,0.0,0.0,0.0,0.0,0.0,0.0,0.0,109.3,0.0
2050-09-29 00:00:00,2050-09-28 22:00:00,2108.4,0.0,0.0,18.2,2126.6,2033.4,1997.1,0.0,1176.0,0.0356,0.0551,battery,gas-cc,117.7,2.2,0.22,13.9,888.3,0.05,117.8,40.4,158.2,123.9,2.3,0.23,14.6,935.1,0.05,124.0,42.5,166.6,214.6,4.0,0.41,25.4,1618.6,0.09,214.8,73.6,288.4,461.1,8.7,0.87,54.5,3479.7,0.2,461.6,158.2,619.8,48.72,0.0,0.0,48.72,51.56,0.0,0.0,51.56,0.0,0.0,0.0,3302.7,129.6,2100.4,0.0,0.0,0.0,0.0,0.0,1072.7,0.0,0.0,0.0,0.0,0.0,0.0,0.0,129.6,0.0
2050-09-29 01:00:00,2050-09-28 23:00:00,1891.6,0.0,0.0,12.6,1904.1,1827.9,1826.6,0.0,1241.7,0.0336,0.0495,battery,gas-ct,123.6,2.3,0.23,14.6,932.5,0.05,123.7,42.4,166.1,129.7,2.4,0.24,15.3,979.1,0.06,129.9,44.5,174.4,283.7,5.3,0.54,33.5,2140.6,0.12,284.0,97.3,381.4,582.7,11.0,1.1,68.8,4397.4,0.25,583.4,199.9,783.3,48.72,0.0,0.0,48.72,51.26,0.0,0.0,51.26,0.0,0.0,0.0,3145.8,77.6,1995.5,0.0,0.0,0.0,0.0,0.0,1072.7,0.0,0.0,0.0,0.0,0.0,0.0,0.0,77.6,0.0
2050-09-29 02:00:00,2050-09-29 00:00:00,1695.8,0.0,0.0,9.5,1705.3,1641.3,1662.0,0.0,611.2,0.0321,0.0443,battery,gas-ct,167.8,3.2,0.32,19.8,1266.5,0.07,168.0,57.6,225.6,174.9,3.3,0.33,20.7,1319.9,0.08,175.1,60.0,235.1,223.4,4.2,0.42,26.4,1685.3,0.1,223.7,76.6,300.3,579.6,10.9,1.09,68.5,4373.8,0.25,580.2,198.9,779.1,48.72,0.0,0.0,48.72,50.98,0.0,0.0,50.98,0.0,0.0,0.0,2316.4,43.2,1200.5,0.0,0.0,0.0,0.0,0.0,1072.7,0.0,0.0,0.0,0.0,0.0,0.0,0.0,43.2,0.0
2050-09-29 03:00:00,2050-09-29 01:00:00,1582.1,0.0,0.0,10.7,1592.8,1532.5,1552.0,0.0,689.5,0.0313,0.0414,battery,gas-ct,170.3,3.2,0.32,20.1,1285.4,0.07,170.5,58.4,229.0,177.3,3.3,0.33,21.0,1338.3,0.08,177.5,60.9,238.4,335.3,6.5,0.69,39.7,2481.4,0.16,335.7,113.7,449.4,577.8,10.9,1.09,68.3,4360.3,0.25,578.4,198.3,776.7,48.72,0.0,0.0,48.72,50.82,0.0,0.0,50.82,0.0,0.0,0.0,2282.3,40.8,1168.7,0.0,0.0,0.0,0.0,0.0,1072.7,0.0,0.0,0.0,0.0,0.0,0.0,0.0,40.8,0.0
2050-09-29 04:00:00,2050-09-29 02:00:00,1484.2,0.0,0.0,8.6,1492.9,1438.5,1459.3,0.0,557.8,0.0308,0.0388,battery,gas-ct,189.6,3.6,0.36,22.4,1430.6,0.08,189.8,65.1,254.8,196.9,3.7,0.37,23.3,1486.2,0.09,197.2,67.6,264.7,198.0,3.7,0.37,23.4,1493.1,0.09,198.2,67.9,266.1,576.3,10.9,1.09,68.1,4348.6,0.25,576.9,197.7,774.6,48.72,0.0,0.0,48.72,50.69,0.0,0.0,50.69,0.0,0.0,0.0,2050.6,33.5,944.3,0.0,0.0,0.0,0.0,0.0,1072.7,0.0,0.0,0.0,0.0,0.0,0.0,0.0,33.5,0.0
2050-09-29 05:00:00,2050-09-29 03:00:00,1423.2,0.0,0.0,16.7,1439.9,1379.8,1402.9,0.0,1079.3,0.0305,0.0372,battery,gas-ct,154.3,2.9,0.29,18.2,1164.5,0.07,154.5,53.0,207.4,160.8,3.0,0.3,19.0,1213.4,0.07,161.0,55.2,216.2,256.1,4.8,0.48,30.3,1932.3,0.11,256.4,87.9,344.3,575.3,10.8,1.08,68.0,4341.4,0.25,575.9,197.4,773.3,48.72,0.0,0.0,48.72,50.6,0.0,0.0,50.6,0.0,0.0,0.0,2519.2,36.9,1409.5,0.0,0.0,0.0,0.0,0.0,1072.7,0.0,0.0,0.0,0.0,0.0,0.0,0.0,36.9,0.0
2050-09-29 06:00:00,2050-09-29 04:00:00,1389.5,0.0,0.0,12.6,1402.1,1347.4,1368.4,0.0,813.2,0.0303,0.0363,phs,gas-cc,175.5,3.3,0.33,20.7,1324.3,0.08,175.7,60.2,235.9,182.4,3.4,0.34,21.6,1376.7,0.08,182.6,62.6,245.2,262.7,5.0,0.52,31.1,1960.6,0.12,263.0,89.5,352.5,525.9,9.9,0.99,62.1,3968.3,0.23,526.4,180.4,706.9,48.72,0.0,0.0,48.72,50.56,0.0,0.0,50.56,0.0,0.0,0.0,2215.3,33.6,1108.9,0.0,0.0,0.0,0.0,0.0,1072.7,0.0,0.0,0.0,0.0,0.0,0.0,0.0,33.6,0.0
2050-09-29 07:00:00,2050-09-29 05:00:00,1428.4,0.0,0.0,17.6,1446.0,1384.9,1419.2,0.0,1135.3,0.0305,0.0374,phs,gas-cc,150.6,2.8,0.28,17.8,1136.5,0.07,150.8,51.7,202.4,157.0,3.0,0.3,18.6,1184.9,0.07,157.2,53.9,211.1,248.6,4.7,0.48,29.4,1861.9,0.11,248.9,84.9,333.8,526.4,9.9,0.99,62.2,3972.5,0.23,527.0,180.6,707.6,48.72,0.0,0.0,48.72,50.61,0.0,0.0,50.61,0.0,0.0,0.0,2581.4,26.8,1481.8,0.0,0.0,0.0,0.0,0.0,1072.7,0.0,0.0,0.0,0.0,0.0,0.0,0.0,26.8,0.0
2050-09-29 08:00:00,2050-09-29 06:00:00,1492.6,0.0,0.0,6.0,1498.7,1446.6,581.7,0.0,491.0,0.0308,0.039,gas-cc,gas-cc,195.4,3.7,0.37,23.1,1474.4,0.08,195.6,67.0,262.6,201.6,3.8,0.38,23.8,1521.3,0.09,201.8,69.2,271.0,227.5,4.3,0.43,26.9,1716.5,0.1,227.8,78.1,305.8,398.1,7.5,0.75,47.0,3004.1,0.17,398.5,136.6,535.1,40.11,0.0,0.0,40.11,41.74,0.0,0.0,41.74,0.0,0.0,0.0,1989.7,917.0,0.0,0.0,0.0,0.0,0.0,37.5,1072.7,0.0,0.0,0.0,0.0,0.0,0.0,850.6,28.9,0.0
2050-09-29 09:00:00,2050-09-29 07:00:00,1618.9,2431.9,0.0,3.4,4054.3,1567.8,219.7,219.7,0.0,0.0316,0.0423,battery,gas-cc,0.0,0.0,0.0,0.0,0.0,0.0,0.0,0.0,0.0,0.0,0.0,0.0,0.0,0.0,0.0,0.0,0.0,0.0,163.1,3.1,0.31,19.3,1230.2,0.07,163.3,56.0,219.3,358.8,6.8,0.68,42.4,2707.7,0.16,359.2,123.1,482.3,25.38,0.0,0.0,25.38,26.5,0.0,0.0,26.5,0.0,0.0,0.0,3834.6,3834.6,0.0,0.0,0.0,0.0,0.0,160.3,0.0,0.0,0.0,0.0,0.0,0.0,0.0,3638.2,36.0,0.0
2050-09-29 10:00:00,2050-09-29 08:00:00,1798.9,2431.9,0.0,9.9,4240.8,1739.8,-1528.4,0.0,1528.4,0.0329,0.047,battery,gas-cc,0.0,0.0,0.0,0.0,0.0,0.0,0.0,0.0,0.0,0.0,0.0,0.0,0.0,0.0,0.0,0.0,0.0,0.0,160.8,3.0,0.3,19.0,1212.5,0.07,161.0,55.2,216.1,336.2,6.3,0.63,39.7,2537.4,0.15,336.6,115.4,452.0,24.86,0.0,0.0,24.86,26.09,0.0,0.0,26.09,0.0,0.0,0.0,5769.2,5769.2,0.0,0.0,0.0,0.0,0.0,241.3,0.0,0.0,0.0,0.0,0.0,0.0,0.0,5476.7,51.2,0.0
2050-09-29 11:00:00,2050-09-29 09:00:00,1889.5,3725.9,0.0,16.5,5631.9,1825.9,-2018.4,0.0,2018.4,0.0336,0.0494,battery,gas-cc,0.0,0.0,0.0,0.0,0.0,0.0,0.0,0.0,0.0,0.0,0.0,0.0,0.0,0.0,0.0,0.0,0.0,0.0,147.5,2.8,0.28,17.4,1112.2,0.06,147.7,50.6,198.3,361.5,6.8,0.68,42.7,2727.9,0.16,361.9,124.0,485.9,23.82,0.0,0.0,23.82,25.06,0.0,0.0,25.06,0.0,0.0,0.0,7650.3,7650.3,0.0,0.0,0.0,0.0,0.0,320.1,0.0,0.0,0.0,0.0,0.0,0.0,0.0,7263.6,66.7,0.0
2050-09-29 12:00:00,2050-09-29 10:00:00,1974.7,3629.9,0.0,21.5,5626.1,1906.9,-2337.8,0.0,2337.8,0.0344,0.0516,battery,gas-cc,0.0,0.0,0.0,0.0,0.0,0.0,0.0,0.0,0.0,0.0,0.0,0.0,0.0,0.0,0.0,0.0,0.0,0.0,144.5,2.7,0.27,17.1,1089.5,0.06,144.7,49.6,194.2,362.3,6.8,0.68,42.8,2734.3,0.16,362.7,124.3,487.1,23.82,0.0,0.0,23.82,25.12,0.0,0.0,25.12,0.0,0.0,0.0,7964.0,7964.0,0.0,0.0,0.0,0.0,0.0,333.6,0.0,0.0,0.0,0.0,0.0,0.0,0.0,7573.7,56.6,0.0
2050-09-29 13:00:00,2050-09-29 11:00:00,2035.8,3758.9,0.0,22.0,5816.6,1964.7,-2368.4,0.0,2368.4,0.0349,0.0532,battery,gas-cc,0.0,0.0,0.0,0.0,0.0,0.0,0.0,0.0,0.0,0.0,0.0,0.0,0.0,0.0,0.0,0.0,0.0,0.0,159.5,3.0,0.3,18.8,1202.8,0.07,159.7,54.7,214.4,362.9,6.8,0.68,42.9,2738.9,0.16,363.3,124.5,487.9,23.82,0.0,0.0,23.82,25.16,0.0,0.0,25.16,0.0,0.0,0.0,8185.0,8185.0,0.0,0.0,0.0,0.0,0.0,343.2,0.0,0.0,0.0,0.0,0.0,0.0,0.0,7787.0,54.8,0.0
2050-09-29 14:00:00,2050-09-29 12:00:00,2147.4,3629.9,0.0,22.8,5800.1,2070.2,-2426.1,0.0,2426.1,0.0359,0.0562,battery,gas-cc,0.0,0.0,0.0,0.0,0.0,0.0,0.0,0.0,0.0,0.0,0.0,0.0,0.0,0.0,0.0,0.0,0.0,0.0,145.0,2.7,0.27,17.1,1093.2,0.06,145.2,49.7,194.9,422.4,8.0,0.8,49.9,3187.2,0.18,422.8,144.9,567.7,23.82,0.0,0.0,23.82,25.24,0.0,0.0,25.24,0.0,0.0,0.0,8226.3,8226.3,0.0,0.0,0.0,0.0,0.0,343.9,0.0,0.0,0.0,0.0,0.0,0.0,0.0,7806.4,75.9,0.0
2050-09-29 15:00:00,2050-09-29 13:00:00,2247.4,3406.0,0.0,27.3,5680.6,2164.5,-2711.0,0.0,2711.0,0.0369,0.0588,gas-cc,gas-cc,0.0,0.0,0.0,0.0,0.0,0.0,0.0,0.0,0.0,0.0,0.0,0.0,0.0,0.0,0.0,0.0,0.0,0.0,143.7,2.7,0.27,17.0,1083.0,0.06,143.8,49.3,193.1,373.8,7.0,0.7,44.2,2820.4,0.16,374.2,128.2,502.4,23.82,0.0,0.0,23.82,25.31,0.0,0.0,25.31,0.0,0.0,0.0,8391.7,8391.7,0.0,0.0,0.0,0.0,0.0,349.7,0.0,0.0,0.0,0.0,0.0,0.0,0.0,7935.6,106.4,0.0
2050-09-29 16:00:00,2050-09-29 14:00:00,2343.2,3625.0,0.0,20.6,5988.7,2254.5,-2279.8,0.0,2279.8,0.0378,0.0613,battery,gas-cc,0.0,0.0,0.0,0.0,0.0,0.0,0.0,0.0,0.0,0.0,0.0,0.0,0.0,0.0,0.0,0.0,0.0,0.0,142.7,2.7,0.27,16.9,1076.0,0.06,142.9,48.9,191.8,366.1,6.9,0.69,43.2,2762.3,0.16,366.5,125.6,492.1,23.82,0.0,0.0,23.82,25.38,0.0,0.0,25.38,0.0,0.0,0.0,8268.5,8268.5,0.0,0.0,0.0,0.0,0.0,345.2,0.0,0.0,0.0,0.0,0.0,0.0,0.0,7832.2,91.1,0.0
2050-09-29 17:00:00,2050-09-29 15:00:00,2487.4,2917.5,0.0,24.9,5429.8,2389.6,-2560.1,0.0,2560.1,0.0393,0.065,battery,gas-cc,0.0,0.0,0.0,0.0,0.0,0.0,0.0,0.0,0.0,0.0,0.0,0.0,0.0,0.0,0.0,0.0,0.0,0.0,156.8,3.0,0.3,18.5,1182.2,0.07,157.0,53.8,210.7,426.4,8.0,0.8,50.4,3217.5,0.18,426.8,146.3,573.1,23.82,0.0,0.0,23.82,25.48,0.0,0.0,25.48,0.0,0.0,0.0,7989.9,7989.9,0.0,0.0,0.0,0.0,0.0,334.0,0.0,0.0,0.0,0.0,0.0,0.0,0.0,7580.2,75.7,0.0
2050-09-29 18:00:00,2050-09-29 16:00:00,2618.9,1609.5,0.0,18.7,4247.1,2512.4,-1083.0,0.0,2155.7,0.0407,0.0685,gas-cc,gas-cc,60.7,1.1,0.11,7.2,458.2,0.03,60.8,20.8,81.6,63.3,1.2,0.12,7.5,477.6,0.03,63.4,21.7,85.1,142.7,2.7,0.27,16.9,1076.0,0.06,142.9,48.9,191.8,377.7,7.1,0.71,44.6,2849.8,0.16,378.1,129.6,507.6,35.85,0.0,0.0,35.85,38.49,0.0,0.0,38.49,0.0,0.0,0.0,6402.8,5330.1,0.0,0.0,0.0,0.0,0.0,222.3,1072.7,0.0,0.0,0.0,0.0,0.0,0.0,5043.8,64.0,0.0
2050-09-29 19:00:00,2050-09-29 17:00:00,2670.5,0.0,0.0,17.0,2687.5,2560.4,2282.2,0.0,1674.2,0.0412,0.0698,battery,gas-cc,89.1,1.7,0.17,10.5,672.6,0.04,89.2,30.6,119.8,94.9,1.8,0.18,11.2,716.3,0.04,95.0,32.6,127.6,155.3,2.9,0.29,18.3,1170.5,0.07,155.4,53.2,208.7,435.6,8.2,0.82,51.5,3287.1,0.19,436.1,149.5,585.5,42.41,0.0,0.0,42.41,45.6,0.0,0.0,45.6,0.0,0.0,0.0,4361.7,405.3,2883.7,0.0,0.0,0.0,0.0,15.1,1072.7,0.0,0.0,0.0,0.0,0.0,0.0,342.7,47.5,0.0
2050-09-29 20:00:00,2050-09-29 18:00:00,2695.8,0.0,0.0,24.4,2720.2,2583.9,2591.9,0.0,2500.4,0.0415,0.0705,battery,gas-cc,74.5,1.4,0.14,8.8,561.9,0.03,74.5,25.6,100.1,80.0,1.5,0.15,9.5,603.4,0.03,80.0,27.5,107.5,155.4,2.9,0.29,18.4,1171.3,0.07,155.5,53.3,208.8,435.9,8.2,0.82,51.5,3289.5,0.19,436.4,149.6,586.0,42.41,0.0,0.0,42.41,45.63,0.0,0.0,45.63,0.0,0.0,0.0,5220.7,128.4,4019.6,0.0,0.0,0.0,0.0,0.0,1072.7,0.0,0.0,0.0,0.0,0.0,0.0,0.0,128.4,0.0
2050-09-29 21:00:00,2050-09-29 19:00:00,2615.8,0.0,0.0,26.3,2642.1,2509.5,2436.4,0.0,2481.8,0.0406,0.0684,battery,gas-ct,75.9,1.4,0.14,9.0,572.5,0.03,76.0,26.0,102.0,81.3,1.5,0.15,9.6,613.5,0.04,81.4,27.9,109.3,154.6,2.9,0.29,18.3,1165.6,0.07,154.8,53.0,207.8,528.0,10.0,1.0,62.4,3984.3,0.23,528.6,181.2,709.7,42.41,0.0,0.0,42.41,45.53,0.0,0.0,45.53,0.0,0.0,0.0,5123.9,205.7,3845.5,0.0,0.0,0.0,0.0,0.0,1072.7,0.0,0.0,0.0,0.0,0.0,0.0,0.0,205.7,0.0
2050-09-29 22:00:00,2050-09-29 20:00:00,2420.0,0.0,0.0,28.9,2448.9,2326.6,2235.2,0.0,2816.0,0.0386,0.0633,battery,gas-ct,73.8,1.4,0.14,8.7,557.2,0.03,73.9,25.3,99.3,79.0,1.5,0.15,9.3,596.4,0.03,79.1,27.1,106.2,154.3,2.9,0.29,18.2,1163.1,0.07,154.4,52.9,207.4,525.1,9.9,0.99,62.0,3962.5,0.23,525.7,180.2,705.8,42.41,0.0,0.0,42.41,45.28,0.0,0.0,45.28,0.0,0.0,0.0,5264.9,213.7,3978.5,0.0,0.0,0.0,0.0,0.0,1072.7,0.0,0.0,0.0,0.0,0.0,0.0,0.0,213.7,0.0
2050-09-29 23:00:00,2050-09-29 21:00:00,2242.1,0.0,0.0,27.0,2269.1,2159.5,2115.0,0.0,2587.6,0.0368,0.0586,battery,gas-ct,80.0,1.5,0.15,9.5,604.0,0.03,80.1,27.5,107.6,85.3,1.6,0.16,10.1,643.7,0.04,85.4,29.3,114.7,154.1,2.9,0.29,18.2,1161.9,0.07,154.3,52.9,207.1,522.5,9.8,0.98,61.7,3942.9,0.23,523.1,179.3,702.3,42.41,0.0,0.0,42.41,45.06,0.0,0.0,45.06,0.0,0.0,0.0,4856.7,154.1,3629.9,0.0,0.0,0.0,0.0,0.0,1072.7,0.0,0.0,0.0,0.0,0.0,0.0,0.0,154.1,0.0
2050-09-30 00:00:00,2050-09-29 22:00:00,2108.4,0.0,0.0,18.9,2127.3,2033.4,1959.4,0.0,1350.4,0.0356,0.0551,gas-cc,gas-cc,111.8,2.1,0.21,13.2,843.6,0.05,111.9,38.4,150.3,117.8,2.2,0.22,13.9,888.9,0.05,117.9,40.4,158.4,237.6,4.6,0.48,28.1,1764.8,0.11,237.9,80.8,318.7,415.0,7.8,0.78,49.0,3131.6,0.18,415.4,142.4,557.8,41.69,0.0,0.0,41.69,44.12,0.0,0.0,44.12,0.0,0.0,0.0,3477.7,167.9,2237.1,0.0,0.0,0.0,0.0,0.0,1072.7,0.0,0.0,0.0,0.0,0.0,0.0,0.0,167.9,0.0
2050-09-30 01:00:00,2050-09-29 23:00:00,1917.9,0.0,0.0,21.7,1939.6,1852.9,1781.1,0.0,1918.3,0.0339,0.0502,gas-cc,gas-cc,100.8,1.9,0.19,11.9,760.4,0.04,100.9,34.6,135.5,106.3,2.0,0.2,12.6,802.2,0.05,106.4,36.5,142.9,310.0,5.9,0.6,36.7,2326.7,0.14,310.4,106.0,416.4,370.4,7.0,0.7,43.8,2794.8,0.16,370.8,127.1,497.8,41.69,0.0,0.0,41.69,43.89,0.0,0.0,43.89,0.0,0.0,0.0,3857.9,158.4,2626.7,0.0,0.0,0.0,0.0,0.0,1072.7,0.0,0.0,0.0,0.0,0.0,0.0,0.0,158.4,0.0
2050-09-30 02:00:00,2050-09-30 00:00:00,1750.5,0.0,0.0,12.8,1763.3,1693.6,1673.1,0.0,1342.4,0.0325,0.0458,gas-cc,gas-cc,125.2,2.4,0.24,14.8,944.6,0.05,125.3,43.0,168.3,131.2,2.5,0.25,15.5,990.2,0.06,131.4,45.0,176.4,156.5,3.0,0.3,18.5,1180.0,0.07,156.7,53.7,210.4,368.7,6.9,0.69,43.6,2782.0,0.16,369.1,126.5,495.6,41.69,0.0,0.0,41.69,43.69,0.0,0.0,43.69,0.0,0.0,0.0,3105.7,90.2,1942.8,0.0,0.0,0.0,0.0,0.0,1072.7,0.0,0.0,0.0,0.0,0.0,0.0,0.0,90.2,0.0
2050-09-30 03:00:00,2050-09-30 01:00:00,1597.9,0.0,0.0,5.5,1603.4,1547.6,1544.4,0.0,619.3,0.0314,0.0418,battery,gas-cc,174.9,3.3,0.33,20.7,1319.9,0.08,175.1,60.0,235.1,182.0,3.4,0.34,21.5,1373.6,0.08,182.2,62.5,244.7,192.3,3.6,0.36,22.7,1450.2,0.08,192.5,66.0,258.5,409.2,7.7,0.77,48.3,3088.0,0.18,409.7,140.4,550.1,41.69,0.0,0.0,41.69,43.51,0.0,0.0,43.51,0.0,0.0,0.0,2222.7,59.0,1091.0,0.0,0.0,0.0,0.0,0.0,1072.7,0.0,0.0,0.0,0.0,0.0,0.0,0.0,59.0,0.0
2050-09-30 04:00:00,2050-09-30 02:00:00,1489.5,0.0,0.0,0.8,1490.3,1443.6,1430.6,121.0,0.0,0.0308,0.039,battery,gas-cc,283.9,5.4,0.54,33.5,2142.5,0.12,284.2,97.4,381.6,285.7,5.4,0.54,34.0,2156.1,0.13,286.0,98.3,384.2,257.8,4.9,0.49,30.5,1945.2,0.11,258.1,88.5,346.6,402.6,7.6,0.76,47.6,3037.9,0.17,403.0,138.1,541.2,41.69,0.0,0.0,41.69,43.38,0.0,0.0,43.38,0.0,0.0,0.0,1369.3,59.7,236.9,0.0,0.0,0.0,0.0,0.0,1072.7,0.0,0.0,0.0,0.0,0.0,0.0,0.0,59.7,0.0
2050-09-30 05:00:00,2050-09-30 03:00:00,1412.6,0.0,0.0,1.7,1414.4,1369.7,1339.9,267.2,0.0,0.0304,0.0369,gas-cc,gas-cc,338.9,6.4,0.64,40.0,2557.3,0.15,339.2,116.3,455.5,319.8,6.0,0.6,38.3,2414.4,0.15,320.1,110.3,430.4,334.8,6.3,0.63,39.6,2526.6,0.15,335.2,114.9,450.1,397.2,7.5,0.75,46.9,2997.6,0.17,397.7,136.3,534.0,41.2,0.0,0.0,41.2,42.78,0.0,0.0,42.78,0.0,0.0,0.0,1147.2,74.4,0.0,0.0,0.0,0.0,0.0,0.0,1072.7,0.0,0.0,0.0,0.0,0.0,0.0,0.0,74.4,0.0
2050-09-30 06:00:00,2050-09-30 04:00:00,1357.9,0.0,0.0,1.4,1359.3,1316.9,1287.0,214.2,0.0,0.0302,0.0355,gas-cc,gas-cc,339.5,6.4,0.64,40.1,2562.0,0.15,339.9,116.5,456.4,331.4,6.2,0.62,39.6,2502.0,0.15,331.8,114.2,446.0,253.3,4.8,0.48,29.9,1910.9,0.11,253.6,86.9,340.5,396.6,7.5,0.75,46.9,2993.2,0.17,397.1,136.1,533.2,41.2,0.0,0.0,41.2,42.72,0.0,0.0,42.72,0.0,0.0,0.0,1145.1,72.3,0.0,0.0,0.0,0.0,0.0,0.0,1072.7,0.0,0.0,0.0,0.0,0.0,0.0,0.0,72.3,0.0
2050-09-30 07:00:00,2050-09-30 05:00:00,1332.6,0.0,0.0,1.2,1333.9,1292.6,1264.7,192.0,0.0,0.0301,0.0348,gas-cc,gas-cc,340.4,6.4,0.64,40.2,2569.1,0.15,340.8,116.8,457.6,331.0,6.2,0.62,39.5,2498.7,0.15,331.3,114.0,445.4,216.5,4.1,0.41,25.6,1633.1,0.09,216.7,74.3,291.0,396.4,7.5,0.75,46.8,2991.1,0.17,396.8,136.0,532.8,41.2,0.0,0.0,41.2,42.69,0.0,0.0,42.69,0.0,0.0,0.0,1141.9,69.2,0.0,0.0,0.0,0.0,0.0,0.0,1072.7,0.0,0.0,0.0,0.0,0.0,0.0,0.0,69.2,0.0
2050-09-30 08:00:00,2050-09-30 06:00:00,1302.1,0.0,0.0,9.5,1311.6,1263.1,-1459.3,0.0,1459.3,0.03,0.0341,hydro,gas-cc,0.0,0.0,0.0,0.0,0.0,0.0,0.0,0.0,0.0,0.0,0.0,0.0,0.0,0.0,0.0,0.0,0.0,0.0,139.7,2.6,0.26,16.5,1052.9,0.06,139.8,47.9,187.7,369.4,7.0,0.7,43.6,2787.5,0.16,369.8,126.7,496.5,31.0,0.0,0.0,31.0,32.1,0.0,0.0,32.1,0.0,0.0,0.0,2770.9,2770.9,0.0,0.0,0.0,0.0,0.0,114.3,0.0,0.0,0.0,0.0,0.0,0.0,0.0,2594.6,62.0,0.0
2050-09-30 09:00:00,2050-09-30 07:00:00,1381.1,2431.9,0.0,0.0,3813.0,1339.3,0.0,0.0,0.0,0.0303,0.0361,upv,upv,0.0,0.0,0.0,0.0,0.0,0.0,0.0,0.0,0.0,0.0,0.0,0.0,0.0,0.0,0.0,0.0,0.0,0.0,139.8,2.6,0.26,16.5,1053.8,0.06,139.9,47.9,187.9,0.0,0.0,0.0,0.0,0.0,0.0,0.0,0.0,0.0,0.0,0.0,0.0,0.0,0.0,0.0,0.0,0.0,40.4,4708.5,4748.9,3813.0,3813.0,0.0,0.0,0.0,0.0,0.0,359.6,0.0,0.0,0.0,0.0,0.0,0.0,0.0,3453.3,0.0,0.0
2050-09-30 10:00:00,2050-09-30 08:00:00,1510.5,2626.7,0.0,0.0,4137.2,1463.8,0.0,0.0,0.0,0.0309,0.0395,upv,upv,0.0,0.0,0.0,0.0,0.0,0.0,0.0,0.0,0.0,0.0,0.0,0.0,0.0,0.0,0.0,0.0,0.0,0.0,139.9,2.6,0.26,16.5,1054.5,0.06,140.0,48.0,188.0,0.0,0.0,0.0,0.0,0.0,0.0,0.0,0.0,0.0,0.0,0.0,0.0,0.0,0.0,0.0,0.0,0.0,34.7,5760.8,5795.4,4137.2,4137.2,0.0,0.0,0.0,0.0,0.0,417.9,0.0,0.0,0.0,0.0,0.0,0.0,0.0,3719.3,0.0,0.0
2050-09-30 11:00:00,2050-09-30 09:00:00,1660.0,3397.2,0.0,0.0,5057.2,1607.1,0.0,0.0,0.0,0.0319,0.0434,upv,upv,0.0,0.0,0.0,0.0,0.0,0.0,0.0,0.0,0.0,0.0,0.0,0.0,0.0,0.0,0.0,0.0,0.0,0.0,139.9,2.6,0.26,16.5,1055.0,0.06,140.1,48.0,188.1,0.0,0.0,0.0,0.0,0.0,0.0,0.0,0.0,0.0,0.0,0.0,0.0,0.0,0.0,0.0,0.0,0.0,0.0,4835.4,4835.4,5057.2,5057.2,0.0,0.0,0.0,0.0,0.0,415.7,0.0,0.0,0.0,0.0,0.0,0.0,0.0,4599.5,42.0,0.0
2050-09-30 12:00:00,2050-09-30 10:00:00,1837.9,4019.6,0.0,0.0,5857.5,1776.9,0.0,0.0,0.0,0.0332,0.0481,upv,upv,0.0,0.0,0.0,0.0,0.0,0.0,0.0,0.0,0.0,0.0,0.0,0.0,0.0,0.0,0.0,0.0,0.0,0.0,140.1,2.6,0.27,16.6,1056.5,0.06,140.3,48.1,188.3,0.0,0.0,0.0,0.0,0.0,0.0,0.0,0.0,0.0,0.0,0.0,0.0,0.0,0.0,0.0,0.0,0.0,48.7,3594.9,3643.6,5857.5,5857.5,0.0,0.0,0.0,0.0,0.0,398.8,0.0,0.0,0.0,0.0,0.0,0.0,0.0,5458.7,0.0,0.0
2050-09-30 13:00:00,2050-09-30 11:00:00,2003.2,3824.8,0.0,0.0,5827.9,1933.8,0.0,0.0,0.0,0.0346,0.0524,upv,upv,0.0,0.0,0.0,0.0,0.0,0.0,0.0,0.0,0.0,0.0,0.0,0.0,0.0,0.0,0.0,0.0,0.0,0.0,140.3,2.6,0.27,16.6,1058.0,0.06,140.5,48.1,188.6,0.0,0.0,0.0,0.0,0.0,0.0,0.0,0.0,0.0,0.0,0.0,0.0,0.0,0.0,0.0,0.0,0.0,39.0,3456.1,3495.1,5827.9,5827.9,0.0,0.0,0.0,0.0,0.0,391.9,0.0,0.0,0.0,0.0,0.0,0.0,0.0,5436.0,0.0,0.0
2050-09-30 14:00:00,2050-09-30 12:00:00,2177.9,4019.6,0.0,0.0,6197.5,2099.0,-0.0,0.0,0.0,0.0362,0.057,upv,upv,0.0,0.0,0.0,0.0,0.0,0.0,0.0,0.0,0.0,0.0,0.0,0.0,0.0,0.0,0.0,0.0,0.0,0.0,140.6,2.7,0.27,16.6,1059.8,0.06,140.7,48.2,188.9,0.0,0.0,0.0,0.0,0.0,0.0,0.0,0.0,0.0,0.0,0.0,0.0,0.0,0.0,0.0,0.0,0.0,22.3,3174.1,3196.4,6197.5,6197.5,0.0,0.0,0.0,0.0,0.0,395.5,0.0,0.0,0.0,0.0,0.0,0.0,0.0,5801.9,0.0,0.0
2050-09-30 15:00:00,2050-09-30 13:00:00,2330.5,3207.3,0.0,0.0,5537.9,2242.6,0.0,0.0,0.0,0.0377,0.0609,upv,upv,0.0,0.0,0.0,0.0,0.0,0.0,0.0,0.0,0.0,0.0,0.0,0.0,0.0,0.0,0.0,0.0,0.0,0.0,140.8,2.7,0.27,16.6,1061.4,0.06,140.9,48.3,189.2,0.0,0.0,0.0,0.0,0.0,0.0,0.0,0.0,0.0,0.0,0.0,0.0,0.0,0.0,0.0,0.0,0.0,13.3,4029.4,4042.8,5537.9,5537.9,0.0,0.0,0.0,0.0,0.0,403.8,0.0,0.0,0.0,0.0,0.0,0.0,0.0,5134.0,0.0,0.0
2050-09-30 16:00:00,2050-09-30 14:00:00,2448.4,3598.0,0.0,0.0,6046.4,2353.2,-0.0,0.0,0.0,0.0389,0.064,upv,upv,0.0,0.0,0.0,0.0,0.0,0.0,0.0,0.0,0.0,0.0,0.0,0.0,0.0,0.0,0.0,0.0,0.0,0.0,141.0,2.7,0.27,16.7,1062.7,0.06,141.1,48.3,189.5,0.0,0.0,0.0,0.0,0.0,0.0,0.0,0.0,0.0,0.0,0.0,0.0,0.0,0.0,0.0,0.0,0.0,8.5,3588.4,3596.9,6046.4,6046.4,0.0,0.0,0.0,0.0,0.0,406.7,0.0,0.0,0.0,0.0,0.0,0.0,0.0,5639.7,0.0,0.0
2050-09-30 17:00:00,2050-09-30 15:00:00,2551.6,2431.9,0.0,0.0,4983.5,2449.6,0.0,0.0,0.0,0.04,0.0667,upv,upv,0.0,0.0,0.0,0.0,0.0,0.0,0.0,0.0,0.0,0.0,0.0,0.0,0.0,0.0,0.0,0.0,0.0,0.0,141.1,2.7,0.27,16.7,1063.9,0.06,141.3,48.4,189.7,0.0,0.0,0.0,0.0,0.0,0.0,0.0,0.0,0.0,0.0,0.0,0.0,0.0,0.0,0.0,0.0,0.0,4.2,3936.0,3940.2,4983.5,4983.5,0.0,0.0,0.0,0.0,0.0,376.4,0.0,0.0,0.0,0.0,0.0,0.0,0.0,4607.1,0.0,0.0
2050-09-30 18:00:00,2050-09-30 16:00:00,2670.5,1609.5,0.0,8.0,4288.0,2560.4,-1229.3,0.0,1229.3,0.0412,0.0698,battery,gas-cc,0.0,0.0,0.0,0.0,0.0,0.0,0.0,0.0,0.0,0.0,0.0,0.0,0.0,0.0,0.0,0.0,0.0,0.0,145.4,2.7,0.28,17.2,1096.1,0.06,145.5,49.9,195.4,383.0,7.2,0.72,45.2,2890.0,0.17,383.4,131.4,514.8,29.83,0.0,0.0,29.83,32.07,0.0,0.0,32.07,0.0,0.0,0.0,5517.3,5517.3,0.0,0.0,0.0,0.0,0.0,232.6,0.0,0.0,0.0,0.0,0.0,0.0,0.0,5279.7,5.0,0.0
2050-09-30 19:00:00,2050-09-30 17:00:00,2706.3,0.0,0.0,10.7,2717.0,2593.7,2394.0,0.0,1640.0,0.0416,0.0708,battery,gas-cc,89.2,1.7,0.17,10.5,673.3,0.04,89.3,30.6,119.9,95.1,1.8,0.18,11.2,717.7,0.04,95.2,32.6,127.9,158.3,3.0,0.3,18.7,1193.5,0.07,158.5,54.3,212.8,439.2,8.3,0.83,51.9,3314.2,0.19,439.7,150.7,590.4,38.71,0.0,0.0,38.71,41.66,0.0,0.0,41.66,0.0,0.0,0.0,4356.9,323.0,2961.2,0.0,0.0,0.0,0.0,13.4,1072.7,0.0,0.0,0.0,0.0,0.0,0.0,303.1,6.6,0.0
2050-09-30 20:00:00,2050-09-30 18:00:00,2683.2,0.0,0.0,10.7,2693.8,2572.2,2671.4,0.0,1640.0,0.0414,0.0702,battery,gas-cc,89.7,1.7,0.17,10.6,676.9,0.04,89.8,30.8,120.6,95.8,1.8,0.18,11.3,722.8,0.04,95.9,32.9,128.8,154.6,2.9,0.29,18.3,1165.3,0.07,154.7,53.0,207.7,438.9,8.3,0.83,51.8,3312.1,0.19,439.4,150.6,590.0,38.71,0.0,0.0,38.71,41.63,0.0,0.0,41.63,0.0,0.0,0.0,4333.8,22.4,3238.6,0.0,0.0,0.0,0.0,0.0,1072.7,0.0,0.0,0.0,0.0,0.0,0.0,0.0,22.4,0.0
2050-09-30 21:00:00,2050-09-30 19:00:00,2580.0,0.0,0.0,10.7,2590.7,2476.1,2574.8,0.0,1640.0,0.0403,0.0675,battery,gas-cc,91.9,1.7,0.17,10.9,693.4,0.04,92.0,31.5,123.5,97.9,1.8,0.18,11.6,739.1,0.04,98.0,33.6,131.7,204.5,3.9,0.39,24.2,1542.3,0.09,204.7,70.1,274.9,437.6,8.2,0.82,51.7,3302.5,0.19,438.1,150.2,588.3,38.71,0.0,0.0,38.71,41.51,0.0,0.0,41.51,0.0,0.0,0.0,4230.6,15.9,3142.0,0.0,0.0,0.0,0.0,0.0,1072.7,0.0,0.0,0.0,0.0,0.0,0.0,0.0,15.9,0.0
2050-09-30 22:00:00,2050-09-30 20:00:00,2389.5,0.0,0.0,10.7,2400.1,2298.0,2384.7,0.0,1640.0,0.0383,0.0625,battery,gas-cc,96.2,1.8,0.18,11.4,726.1,0.04,96.3,33.0,129.3,102.2,1.9,0.19,12.1,771.3,0.04,102.3,35.1,137.4,226.3,4.3,0.43,26.7,1707.3,0.1,226.6,77.6,304.2,435.3,8.2,0.82,51.4,3284.9,0.19,435.8,149.4,585.1,38.71,0.0,0.0,38.71,41.29,0.0,0.0,41.29,0.0,0.0,0.0,4040.1,15.5,2951.9,0.0,0.0,0.0,0.0,0.0,1072.7,0.0,0.0,0.0,0.0,0.0,0.0,0.0,15.5,0.0
2050-09-30 23:00:00,2050-09-30 21:00:00,2208.4,0.0,0.0,10.7,2219.1,2127.8,2202.9,0.0,1640.0,0.0365,0.0578,battery,gas-cc,100.7,1.9,0.19,11.9,760.2,0.04,100.8,34.6,135.4,106.7,2.0,0.2,12.6,804.9,0.05,106.8,36.6,143.4,203.8,3.8,0.38,24.1,1537.0,0.09,204.0,69.9,273.9,433.1,8.2,0.82,51.2,3268.4,0.19,433.6,148.6,582.2,38.71,0.0,0.0,38.71,41.08,0.0,0.0,41.08,0.0,0.0,0.0,3859.0,16.2,2770.1,0.0,0.0,0.0,0.0,0.0,1072.7,0.0,0.0,0.0,0.0,0.0,0.0,0.0,16.2,0.0
2050-10-01 00:00:00,2050-09-30 22:00:00,2069.5,0.0,0.0,17.0,2086.5,1996.6,2068.0,0.0,2050.2,0.0352,0.0541,gas-cc,gas-cc,94.0,1.8,0.18,11.1,709.2,0.04,94.1,32.2,126.3,97.4,1.8,0.18,11.5,735.1,0.04,97.5,33.4,130.9,146.4,2.8,0.28,17.3,1104.0,0.06,146.6,50.2,196.8,414.5,7.8,0.78,49.0,3128.3,0.18,415.0,142.2,557.2,39.96,0.0,0.0,39.96,42.25,0.0,0.0,42.25,0.0,0.0,0.0,4136.7,18.5,3045.5,0.0,0.0,0.0,0.0,0.0,1072.7,0.0,0.0,0.0,0.0,0.0,0.0,0.0,18.5,0.0
2050-10-01 01:00:00,2050-09-30 23:00:00,1900.0,0.0,0.0,13.0,1913.0,1835.9,1902.7,0.0,1789.9,0.0337,0.0497,battery,gas-cc,105.0,2.0,0.2,12.4,792.3,0.05,105.1,36.0,141.1,108.7,2.0,0.2,12.8,819.9,0.05,108.8,37.3,146.1,145.9,2.8,0.28,17.2,1100.0,0.06,146.1,50.0,196.1,412.6,7.8,0.78,48.7,3113.7,0.18,413.1,141.6,554.6,39.96,0.0,0.0,39.96,42.05,0.0,0.0,42.05,0.0,0.0,0.0,3702.9,10.3,2619.9,0.0,0.0,0.0,0.0,0.0,1072.7,0.0,0.0,0.0,0.0,0.0,0.0,0.0,10.3,0.0
2050-10-01 02:00:00,2050-10-01 00:00:00,1704.2,0.0,0.0,13.1,1717.3,1649.4,1708.6,0.0,1799.1,0.0322,0.0446,gas-ct,gas-ct,110.6,2.1,0.21,13.1,834.3,0.05,110.7,37.9,148.6,114.2,2.2,0.22,13.5,862.0,0.05,114.4,39.2,153.5,145.6,2.7,0.28,17.2,1098.0,0.06,145.8,49.9,195.7,572.0,10.8,1.08,67.6,4316.5,0.25,572.6,196.3,768.9,39.26,0.0,0.0,39.26,41.1,0.0,0.0,41.1,0.0,0.0,0.0,3516.5,8.7,2435.0,0.0,0.0,0.0,0.0,0.0,1072.7,0.0,0.0,0.0,0.0,0.0,0.0,0.0,8.7,0.0
2050-10-01 03:00:00,2050-10-01 01:00:00,1546.3,0.0,0.0,12.2,1558.5,1498.2,1551.9,0.0,1442.1,0.0311,0.0404,battery,gas-cc,129.6,2.4,0.24,15.3,977.7,0.06,129.7,44.5,174.2,133.7,2.5,0.25,15.8,1009.1,0.06,133.9,45.9,179.8,167.3,3.2,0.32,19.8,1261.3,0.07,167.4,57.4,224.8,449.5,8.5,0.85,53.1,3392.0,0.19,450.0,154.2,604.2,39.05,0.0,0.0,39.05,40.7,0.0,0.0,40.7,0.0,0.0,0.0,3000.6,6.5,1921.3,0.0,0.0,0.0,0.0,0.0,1072.7,0.0,0.0,0.0,0.0,0.0,0.0,0.0,6.5,0.0
2050-10-01 04:00:00,2050-10-01 02:00:00,1446.3,0.0,0.0,1.4,1447.7,1402.1,1439.9,0.0,212.2,0.0306,0.0378,phs,gas-cc,234.2,4.4,0.44,27.7,1767.4,0.1,234.5,80.4,314.8,241.6,4.6,0.46,28.5,1823.1,0.1,241.9,82.9,324.7,145.3,2.7,0.27,17.2,1095.4,0.06,145.4,49.8,195.3,452.9,8.5,0.85,53.5,3417.7,0.2,453.4,155.4,608.8,39.05,0.0,0.0,39.05,40.59,0.0,0.0,40.59,0.0,0.0,0.0,1659.9,7.8,579.4,0.0,0.0,0.0,0.0,0.0,1072.7,0.0,0.0,0.0,0.0,0.0,0.0,0.0,7.8,0.0
2050-10-01 05:00:00,2050-10-01 03:00:00,1363.2,0.0,0.0,0.8,1363.9,1322.0,1355.1,0.0,120.3,0.0302,0.0356,battery,gas-cc,261.9,4.9,0.49,30.9,1976.5,0.11,262.2,89.9,352.1,270.1,5.1,0.51,31.9,2038.1,0.12,270.4,92.7,363.0,214.7,4.0,0.41,25.4,1619.6,0.09,214.9,73.7,288.6,394.5,7.4,0.74,46.6,2976.9,0.17,394.9,135.4,530.3,39.05,0.0,0.0,39.05,40.5,0.0,0.0,40.5,0.0,0.0,0.0,1484.2,8.8,402.7,0.0,0.0,0.0,0.0,0.0,1072.7,0.0,0.0,0.0,0.0,0.0,0.0,0.0,8.8,0.0
2050-10-01 06:00:00,2050-10-01 04:00:00,1309.5,0.0,0.0,0.0,1309.5,1270.2,1294.3,0.0,0.0,0.03,0.0342,battery,gas-cc,296.9,5.6,0.56,35.1,2240.3,0.13,297.2,101.9,399.1,306.1,5.8,0.58,36.2,2309.6,0.13,306.4,105.0,411.4,263.5,5.0,0.5,31.1,1988.1,0.11,263.8,90.4,354.2,451.2,8.5,0.85,53.3,3405.0,0.2,451.7,154.8,606.5,39.05,0.0,0.0,39.05,40.44,0.0,0.0,40.44,0.0,0.0,0.0,1309.5,15.2,221.5,0.0,0.0,0.0,0.0,0.0,1072.7,0.0,0.0,0.0,0.0,0.0,0.0,0.0,15.2,0.0
2050-10-01 07:00:00,2050-10-01 05:00:00,1288.4,0.0,0.0,0.0,1288.4,1249.9,1275.1,0.0,0.0,0.0299,0.0337,battery,gas-cc,301.7,5.7,0.57,35.6,2276.9,0.13,302.1,103.5,405.6,311.0,5.9,0.59,36.7,2347.2,0.13,311.4,106.7,418.1,222.3,4.2,0.42,26.3,1677.2,0.1,222.6,76.3,298.9,451.0,8.5,0.85,53.3,3403.1,0.2,451.5,154.7,606.2,39.05,0.0,0.0,39.05,40.42,0.0,0.0,40.42,0.0,0.0,0.0,1288.4,13.3,202.4,0.0,0.0,0.0,0.0,0.0,1072.7,0.0,0.0,0.0,0.0,0.0,0.0,0.0,13.3,0.0
2050-10-01 08:00:00,2050-10-01 06:00:00,1252.6,1103.2,0.0,1.9,2357.8,1215.3,-299.2,0.0,299.2,0.0298,0.0328,hydro,gas-cc,0.0,0.0,0.0,0.0,0.0,0.0,0.0,0.0,0.0,0.0,0.0,0.0,0.0,0.0,0.0,0.0,0.0,0.0,139.6,2.6,0.26,16.5,1052.8,0.06,139.8,47.9,187.7,363.7,6.9,0.69,43.0,2744.6,0.16,364.1,124.8,488.9,24.07,0.0,0.0,24.07,24.89,0.0,0.0,24.89,0.0,0.0,0.0,2657.0,2657.0,0.0,0.0,0.0,0.0,0.0,111.8,0.0,0.0,0.0,0.0,0.0,0.0,0.0,2536.4,8.8,0.0
2050-10-01 09:00:00,2050-10-01 07:00:00,1311.6,3274.2,0.0,0.0,4585.8,1272.2,-0.0,0.0,0.0,0.03,0.0343,upv,upv,0.0,0.0,0.0,0.0,0.0,0.0,0.0,0.0,0.0,0.0,0.0,0.0,0.0,0.0,0.0,0.0,0.0,0.0,139.7,2.6,0.26,16.5,1053.0,0.06,139.8,47.9,187.7,0.0,0.0,0.0,0.0,0.0,0.0,0.0,0.0,0.0,0.0,0.0,0.0,0.0,0.0,0.0,0.0,0.0,6.5,3672.6,3679.1,4585.8,4585.8,0.0,0.0,0.0,0.0,0.0,348.6,0.0,0.0,0.0,0.0,0.0,0.0,0.0,4237.2,0.0,0.0
2050-10-01 10:00:00,2050-10-01 08:00:00,1441.1,3040.5,0.0,0.0,4481.6,1397.0,0.0,0.0,0.0,0.0305,0.0377,upv,upv,0.0,0.0,0.0,0.0,0.0,0.0,0.0,0.0,0.0,0.0,0.0,0.0,0.0,0.0,0.0,0.0,0.0,0.0,139.7,2.6,0.26,16.5,1053.6,0.06,139.9,47.9,187.8,0.0,0.0,0.0,0.0,0.0,0.0,0.0,0.0,0.0,0.0,0.0,0.0,0.0,0.0,0.0,0.0,0.0,2.9,5187.0,5189.9,4481.6,4481.6,0.0,0.0,0.0,0.0,0.0,408.2,0.0,0.0,0.0,0.0,0.0,0.0,0.0,4073.4,0.0,0.0
2050-10-01 11:00:00,2050-10-01 09:00:00,1592.6,3240.3,0.0,0.0,4832.9,1542.6,0.0,0.0,0.0,0.0314,0.0416,upv,upv,0.0,0.0,0.0,0.0,0.0,0.0,0.0,0.0,0.0,0.0,0.0,0.0,0.0,0.0,0.0,0.0,0.0,0.0,139.9,2.6,0.26,16.5,1054.5,0.06,140.0,48.0,188.0,0.0,0.0,0.0,0.0,0.0,0.0,0.0,0.0,0.0,0.0,0.0,0.0,0.0,0.0,0.0,0.0,0.0,3.2,4950.2,4953.4,4832.9,4832.9,0.0,0.0,0.0,0.0,0.0,412.9,0.0,0.0,0.0,0.0,0.0,0.0,0.0,4420.1,0.0,0.0
2050-10-01 12:00:00,2050-10-01 10:00:00,1793.7,3629.9,0.0,0.0,5423.6,1734.8,0.0,0.0,0.0,0.0329,0.0469,upv,upv,0.0,0.0,0.0,0.0,0.0,0.0,0.0,0.0,0.0,0.0,0.0,0.0,0.0,0.0,0.0,0.0,0.0,0.0,140.1,2.6,0.27,16.6,1056.1,0.06,140.2,48.0,188.3,0.0,0.0,0.0,0.0,0.0,0.0,0.0,0.0,0.0,0.0,0.0,0.0,0.0,0.0,0.0,0.0,0.0,8.1,4028.8,4036.9,5423.6,5423.6,0.0,0.0,0.0,0.0,0.0,398.8,0.0,0.0,0.0,0.0,0.0,0.0,0.0,5024.8,0.0,0.0
2050-10-01 13:00:00,2050-10-01 11:00:00,1946.3,3791.8,0.0,0.0,5738.1,1879.9,0.0,0.0,0.0,0.0341,0.0509,upv,upv,0.0,0.0,0.0,0.0,0.0,0.0,0.0,0.0,0.0,0.0,0.0,0.0,0.0,0.0,0.0,0.0,0.0,0.0,140.3,2.6,0.27,16.6,1057.5,0.06,140.4,48.1,188.5,0.0,0.0,0.0,0.0,0.0,0.0,0.0,0.0,0.0,0.0,0.0,0.0,0.0,0.0,0.0,0.0,0.0,0.0,3559.4,3559.4,5738.1,5738.1,0.0,0.0,0.0,0.0,0.0,391.6,0.0,0.0,0.0,0.0,0.0,0.0,0.0,5326.2,20.4,0.0
2050-10-01 14:00:00,2050-10-01 12:00:00,2142.1,3435.1,0.0,0.0,5577.2,2065.2,0.0,0.0,0.0,0.0359,0.056,upv,upv,0.0,0.0,0.0,0.0,0.0,0.0,0.0,0.0,0.0,0.0,0.0,0.0,0.0,0.0,0.0,0.0,0.0,0.0,140.5,2.7,0.27,16.6,1059.4,0.06,140.7,48.2,188.9,0.0,0.0,0.0,0.0,0.0,0.0,0.0,0.0,0.0,0.0,0.0,0.0,0.0,0.0,0.0,0.0,0.0,0.0,3808.5,3808.5,5577.2,5577.2,0.0,0.0,0.0,0.0,0.0,394.8,0.0,0.0,0.0,0.0,0.0,0.0,0.0,5154.6,27.8,0.0
2050-10-01 15:00:00,2050-10-01 13:00:00,2330.5,2821.5,0.0,0.0,5152.1,2242.6,-0.0,0.0,0.0,0.0377,0.0609,upv,upv,0.0,0.0,0.0,0.0,0.0,0.0,0.0,0.0,0.0,0.0,0.0,0.0,0.0,0.0,0.0,0.0,0.0,0.0,140.8,2.7,0.27,16.6,1061.4,0.06,140.9,48.3,189.2,0.0,0.0,0.0,0.0,0.0,0.0,0.0,0.0,0.0,0.0,0.0,0.0,0.0,0.0,0.0,0.0,0.0,0.0,4518.2,4518.2,5152.1,5152.1,0.0,0.0,0.0,0.0,0.0,406.4,0.0,0.0,0.0,0.0,0.0,0.0,0.0,4703.4,42.3,0.0
2050-10-01 16:00:00,2050-10-01 14:00:00,2484.2,3406.0,0.0,0.0,5890.2,2386.7,-0.0,0.0,0.0,0.0393,0.065,upv,upv,0.0,0.0,0.0,0.0,0.0,0.0,0.0,0.0,0.0,0.0,0.0,0.0,0.0,0.0,0.0,0.0,0.0,0.0,141.0,2.7,0.27,16.7,1063.1,0.06,141.2,48.4,189.5,0.0,0.0,0.0,0.0,0.0,0.0,0.0,0.0,0.0,0.0,0.0,0.0,0.0,0.0,0.0,0.0,0.0,0.0,3961.7,3961.7,5890.2,5890.2,0.0,0.0,0.0,0.0,0.0,413.6,0.0,0.0,0.0,0.0,0.0,0.0,0.0,5428.0,48.7,0.0
2050-10-01 17:00:00,2050-10-01 15:00:00,2647.4,2917.5,0.0,0.0,5564.9,2538.9,0.0,0.0,0.0,0.041,0.0692,upv,upv,0.0,0.0,0.0,0.0,0.0,0.0,0.0,0.0,0.0,0.0,0.0,0.0,0.0,0.0,0.0,0.0,0.0,0.0,141.3,2.7,0.27,16.7,1065.0,0.06,141.4,48.4,189.9,0.0,0.0,0.0,0.0,0.0,0.0,0.0,0.0,0.0,0.0,0.0,0.0,0.0,0.0,0.0,0.0,0.0,0.0,3728.1,3728.1,5564.9,5564.9,0.0,0.0,0.0,0.0,0.0,389.8,0.0,0.0,0.0,0.0,0.0,0.0,0.0,5118.7,56.4,0.0
2050-10-01 18:00:00,2050-10-01 16:00:00,2796.8,506.2,0.0,19.8,3322.9,2677.7,-2230.8,0.0,2230.8,0.0426,0.0731,battery,gas-cc,0.0,0.0,0.0,0.0,0.0,0.0,0.0,0.0,0.0,0.0,0.0,0.0,0.0,0.0,0.0,0.0,0.0,0.0,141.5,2.7,0.27,16.7,1066.8,0.06,141.7,48.5,190.2,345.7,6.5,0.65,40.8,2608.8,0.15,346.1,118.6,464.7,24.07,0.0,0.0,24.07,25.97,0.0,0.0,25.97,0.0,0.0,0.0,5553.7,5553.7,0.0,0.0,0.0,0.0,0.0,231.1,0.0,0.0,0.0,0.0,0.0,0.0,0.0,5247.3,75.2,0.0
2050-10-01 19:00:00,2050-10-01 17:00:00,2834.7,0.0,0.0,21.7,2856.5,2712.8,2564.8,0.0,2353.4,0.043,0.0741,battery,gas-cc,74.6,1.4,0.14,8.8,563.1,0.03,74.7,25.6,100.3,78.0,1.5,0.15,9.2,588.4,0.03,78.1,26.8,104.8,146.4,2.8,0.28,17.3,1103.7,0.06,146.6,50.2,196.8,433.8,8.2,0.82,51.2,3273.7,0.19,434.3,148.9,583.1,34.82,0.0,0.0,34.82,37.6,0.0,0.0,37.6,0.0,0.0,0.0,5209.9,291.7,3845.5,0.0,0.0,0.0,0.0,8.5,1072.7,0.0,0.0,0.0,0.0,0.0,0.0,191.9,91.3,0.0
2050-10-01 20:00:00,2050-10-01 18:00:00,2788.4,0.0,0.0,22.5,2811.0,2669.9,2685.4,0.0,2406.9,0.0425,0.0729,battery,gas-cc,74.5,1.4,0.14,8.8,562.2,0.03,74.6,25.6,100.2,77.8,1.5,0.15,9.2,587.2,0.03,77.9,26.7,104.6,163.2,3.1,0.31,19.3,1230.5,0.07,163.4,56.0,219.3,433.3,8.2,0.82,51.2,3269.4,0.19,433.7,148.7,582.4,34.82,0.0,0.0,34.82,37.55,0.0,0.0,37.55,0.0,0.0,0.0,5217.9,125.6,4019.6,0.0,0.0,0.0,0.0,0.0,1072.7,0.0,0.0,0.0,0.0,0.0,0.0,0.0,125.6,0.0
2050-10-01 21:00:00,2050-10-01 19:00:00,2656.8,0.0,0.0,12.4,2669.2,2547.7,2557.2,0.0,1750.8,0.0411,0.0695,battery,gas-cc,88.0,1.7,0.17,10.4,663.7,0.04,88.0,30.2,118.2,91.7,1.7,0.17,10.8,692.2,0.04,91.8,31.5,123.3,163.6,3.1,0.31,19.3,1233.8,0.07,163.8,56.1,219.9,415.1,7.8,0.78,49.0,3132.3,0.18,415.5,142.4,558.0,34.82,0.0,0.0,34.82,37.42,0.0,0.0,37.42,0.0,0.0,0.0,4420.0,112.0,3235.2,0.0,0.0,0.0,0.0,0.0,1072.7,0.0,0.0,0.0,0.0,0.0,0.0,0.0,112.0,0.0
2050-10-01 22:00:00,2050-10-01 20:00:00,2435.8,0.0,0.0,13.0,2448.8,2341.4,2326.6,0.0,1791.7,0.0388,0.0637,battery,gas-cc,91.7,1.7,0.17,10.8,691.8,0.04,91.8,31.5,123.2,95.4,1.8,0.18,11.3,719.7,0.04,95.5,32.7,128.2,146.0,2.8,0.28,17.3,1100.8,0.06,146.2,50.1,196.2,412.5,7.8,0.78,48.7,3113.0,0.18,413.0,141.5,554.5,34.82,0.0,0.0,34.82,37.18,0.0,0.0,37.18,0.0,0.0,0.0,4240.5,122.2,3045.5,0.0,0.0,0.0,0.0,0.0,1072.7,0.0,0.0,0.0,0.0,0.0,0.0,0.0,122.2,0.0
2050-10-01 23:00:00,2050-10-01 21:00:00,2190.5,0.0,0.0,13.3,2203.8,2110.9,2082.7,0.0,1811.6,0.0363,0.0573,battery,gas-cc,96.8,1.8,0.18,11.4,730.6,0.04,96.9,33.2,130.1,100.5,1.9,0.19,11.9,758.2,0.04,100.6,34.5,135.1,145.8,2.8,0.28,17.2,1099.5,0.06,146.0,50.0,196.0,426.1,8.0,0.8,50.3,3215.2,0.18,426.5,146.2,572.7,34.82,0.0,0.0,34.82,36.93,0.0,0.0,36.93,0.0,0.0,0.0,4015.4,121.1,2821.5,0.0,0.0,0.0,0.0,0.0,1072.7,0.0,0.0,0.0,0.0,0.0,0.0,0.0,121.1,0.0
2050-10-02 00:00:00,2050-10-01 22:00:00,1982.1,0.0,0.0,19.5,2001.6,1913.9,1900.1,0.0,2208.8,0.0344,0.0518,phs,gas-cc,92.3,1.7,0.17,10.9,696.8,0.04,92.4,31.7,124.1,95.6,1.8,0.18,11.3,721.6,0.04,95.7,32.8,128.5,145.9,2.8,0.28,17.2,1099.7,0.06,146.0,50.0,196.0,463.6,8.7,0.87,54.8,3498.6,0.2,464.1,159.1,623.2,42.62,0.0,0.0,42.62,44.95,0.0,0.0,44.95,0.0,0.0,0.0,4210.4,101.4,3036.3,0.0,0.0,0.0,0.0,0.0,1072.7,0.0,0.0,0.0,0.0,0.0,0.0,0.0,101.4,0.0
2050-10-02 01:00:00,2050-10-01 23:00:00,1788.4,0.0,0.0,14.8,1803.2,1729.7,1725.8,0.0,1907.0,0.0328,0.0468,battery,gas-ct,104.8,2.0,0.2,12.4,790.7,0.05,104.9,36.0,140.8,108.3,2.0,0.2,12.8,817.5,0.05,108.5,37.2,145.6,145.5,2.7,0.28,17.2,1097.0,0.06,145.7,49.9,195.6,516.0,9.7,0.97,61.0,3893.8,0.22,516.6,177.1,693.6,40.97,0.0,0.0,40.97,42.98,0.0,0.0,42.98,0.0,0.0,0.0,3710.2,77.4,2560.0,0.0,0.0,0.0,0.0,0.0,1072.7,0.0,0.0,0.0,0.0,0.0,0.0,0.0,77.4,0.0
2050-10-02 02:00:00,2050-10-02 00:00:00,1572.6,0.0,0.0,10.7,1583.3,1523.4,1530.1,0.0,1640.0,0.0313,0.0411,battery,gas-cc,120.6,2.3,0.23,14.2,910.2,0.05,120.7,41.4,162.1,124.5,2.3,0.23,14.7,939.5,0.05,124.6,42.7,167.4,144.9,2.7,0.27,17.1,1092.4,0.06,145.1,49.7,194.7,425.6,8.0,0.8,50.3,3211.7,0.18,426.1,146.0,572.1,38.32,0.0,0.0,38.32,39.96,0.0,0.0,39.96,0.0,0.0,0.0,3223.3,53.1,2097.4,0.0,0.0,0.0,0.0,0.0,1072.7,0.0,0.0,0.0,0.0,0.0,0.0,0.0,53.1,0.0
2050-10-02 03:00:00,2050-10-02 01:00:00,1430.5,0.0,0.0,9.0,1439.5,1386.9,1399.6,209.3,888.7,0.0305,0.0374,battery,gas-cc,183.5,3.5,0.35,21.7,1384.5,0.08,183.7,63.0,246.6,172.2,3.2,0.32,20.3,1299.7,0.07,172.4,59.1,231.5,148.3,2.8,0.28,17.5,1117.8,0.06,148.4,50.8,199.3,425.0,8.0,0.8,50.2,3207.1,0.18,425.4,145.8,571.3,38.32,0.0,0.0,38.32,39.81,0.0,0.0,39.81,0.0,0.0,0.0,2119.0,39.9,1006.3,0.0,0.0,0.0,0.0,0.0,1072.7,0.0,0.0,0.0,0.0,0.0,0.0,0.0,39.9,0.0
2050-10-02 04:00:00,2050-10-02 02:00:00,1316.8,0.0,0.0,1.2,1318.1,1277.3,1285.2,61.9,44.2,0.03,0.0344,battery,gas-cc,298.9,5.6,0.56,35.3,2255.9,0.13,299.3,102.6,401.8,294.2,5.5,0.55,34.8,2220.1,0.13,294.5,100.9,395.5,147.2,2.8,0.28,17.4,1110.1,0.06,147.4,50.5,197.9,423.7,8.0,0.8,50.0,3197.2,0.18,424.1,145.4,569.5,38.32,0.0,0.0,38.32,39.69,0.0,0.0,39.69,0.0,0.0,0.0,1300.5,32.9,194.8,0.0,0.0,0.0,0.0,0.0,1072.7,0.0,0.0,0.0,0.0,0.0,0.0,0.0,32.9,0.0
2050-10-02 05:00:00,2050-10-02 03:00:00,1260.0,0.0,0.0,1.1,1261.1,1222.4,1216.4,0.0,166.9,0.0299,0.033,battery,gas-cc,272.2,5.1,0.51,32.2,2054.4,0.12,272.5,93.4,366.0,280.6,5.3,0.53,33.2,2117.6,0.12,280.9,96.3,377.2,154.9,2.9,0.29,18.3,1167.8,0.07,155.0,53.1,208.2,423.0,8.0,0.8,50.0,3192.3,0.18,423.5,145.2,568.6,38.32,0.0,0.0,38.32,39.62,0.0,0.0,39.62,0.0,0.0,0.0,1428.0,44.7,310.6,0.0,0.0,0.0,0.0,0.0,1072.7,0.0,0.0,0.0,0.0,0.0,0.0,0.0,44.7,0.0
2050-10-02 06:00:00,2050-10-02 04:00:00,1260.0,0.0,0.0,0.3,1260.3,1222.4,1185.1,0.0,45.8,0.0299,0.033,battery,gas-cc,297.7,5.6,0.56,35.2,2246.2,0.13,298.0,102.1,400.1,306.8,5.8,0.58,36.2,2315.3,0.13,307.1,105.3,412.4,148.2,2.8,0.28,17.5,1117.2,0.06,148.3,50.8,199.2,423.0,8.0,0.8,50.0,3192.3,0.18,423.5,145.2,568.6,38.32,0.0,0.0,38.32,39.62,0.0,0.0,39.62,0.0,0.0,0.0,1306.1,75.2,158.1,0.0,0.0,0.0,0.0,0.0,1072.7,0.0,0.0,0.0,0.0,0.0,0.0,0.0,75.2,0.0
2050-10-02 07:00:00,2050-10-02 05:00:00,1293.7,0.0,0.0,0.2,1293.8,1254.9,1209.4,0.0,23.9,0.0299,0.0338,battery,gas-cc,295.0,5.6,0.56,34.8,2226.2,0.13,295.3,101.2,396.6,304.1,5.7,0.57,35.9,2294.9,0.13,304.4,104.4,408.8,178.2,3.4,0.34,21.1,1344.2,0.08,178.4,61.1,239.6,418.2,7.9,0.79,49.4,3155.8,0.18,418.6,143.5,562.1,38.32,0.0,0.0,38.32,39.66,0.0,0.0,39.66,0.0,0.0,0.0,1317.8,84.4,160.6,0.0,0.0,0.0,0.0,0.0,1072.7,0.0,0.0,0.0,0.0,0.0,0.0,0.0,84.4,0.0
2050-10-02 08:00:00,2050-10-02 06:00:00,1384.2,520.2,0.0,16.0,1920.4,1342.3,-960.1,445.3,1405.4,0.0303,0.0362,gas-cc,gas-cc,0.0,0.0,0.0,0.0,0.0,0.0,0.0,0.0,0.0,0.0,0.0,0.0,0.0,0.0,0.0,0.0,0.0,0.0,178.7,3.4,0.34,21.1,1348.2,0.08,178.9,61.3,240.3,365.0,6.9,0.69,43.1,2754.4,0.16,365.4,125.2,490.6,26.32,0.0,0.0,26.32,27.31,0.0,0.0,27.31,0.0,0.0,0.0,2880.5,2880.5,0.0,0.0,0.0,0.0,0.0,117.6,0.0,0.0,0.0,0.0,0.0,0.0,0.0,2670.5,92.3,0.0
2050-10-02 09:00:00,2050-10-02 07:00:00,1535.8,3406.0,0.0,0.0,4941.8,1488.1,0.0,0.0,0.0,0.0311,0.0402,upv,upv,0.0,0.0,0.0,0.0,0.0,0.0,0.0,0.0,0.0,0.0,0.0,0.0,0.0,0.0,0.0,0.0,0.0,0.0,139.9,2.6,0.26,16.5,1054.6,0.06,140.0,48.0,188.0,0.0,0.0,0.0,0.0,0.0,0.0,0.0,0.0,0.0,0.0,0.0,0.0,0.0,0.0,0.0,0.0,0.0,0.0,4042.3,4042.3,4941.8,4941.8,0.0,0.0,0.0,0.0,0.0,375.7,0.0,0.0,0.0,0.0,0.0,0.0,0.0,4481.4,84.8,0.0
2050-10-02 10:00:00,2050-10-02 08:00:00,1750.5,3795.7,0.0,0.0,5546.2,1693.6,0.0,0.0,0.0,0.0325,0.0458,upv,upv,0.0,0.0,0.0,0.0,0.0,0.0,0.0,0.0,0.0,0.0,0.0,0.0,0.0,0.0,0.0,0.0,0.0,0.0,140.0,2.6,0.27,16.5,1055.7,0.06,140.2,48.0,188.2,0.0,0.0,0.0,0.0,0.0,0.0,0.0,0.0,0.0,0.0,0.0,0.0,0.0,0.0,0.0,0.0,0.0,57.7,4635.1,4692.8,5546.2,5546.2,0.0,0.0,0.0,0.0,0.0,0.0,0.0,0.0,0.0,0.0,0.0,0.0,0.0,5546.2,0.0,0.0
2050-10-02 11:00:00,2050-10-02 09:00:00,1896.8,3240.3,0.0,0.0,5137.1,1832.9,0.0,0.0,0.0,0.0337,0.0496,upv,upv,0.0,0.0,0.0,0.0,0.0,0.0,0.0,0.0,0.0,0.0,0.0,0.0,0.0,0.0,0.0,0.0,0.0,0.0,140.2,2.6,0.27,16.6,1057.0,0.06,140.4,48.1,188.4,0.0,0.0,0.0,0.0,0.0,0.0,0.0,0.0,0.0,0.0,0.0,0.0,0.0,0.0,0.0,0.0,0.0,62.2,5044.2,5106.4,5137.1,5137.1,0.0,0.0,0.0,0.0,0.0,0.0,0.0,0.0,0.0,0.0,0.0,0.0,0.0,5137.1,0.0,0.0
2050-10-02 12:00:00,2050-10-02 10:00:00,2035.8,3240.3,0.0,0.0,5276.1,1964.7,0.0,0.0,0.0,0.0349,0.0532,upv,upv,0.0,0.0,0.0,0.0,0.0,0.0,0.0,0.0,0.0,0.0,0.0,0.0,0.0,0.0,0.0,0.0,0.0,0.0,140.7,2.7,0.27,16.6,1060.5,0.06,140.8,48.2,189.1,0.0,0.0,0.0,0.0,0.0,0.0,0.0,0.0,0.0,0.0,0.0,0.0,0.0,0.0,0.0,0.0,0.0,59.3,4486.9,4546.3,5276.1,5276.1,0.0,0.0,0.0,0.0,0.0,412.1,0.0,0.0,0.0,0.0,0.0,0.0,0.0,4863.9,0.0,0.0
2050-10-02 13:00:00,2050-10-02 11:00:00,2188.4,3758.9,0.0,0.0,5947.3,2108.9,0.0,0.0,0.0,0.0363,0.0572,upv,upv,0.0,0.0,0.0,0.0,0.0,0.0,0.0,0.0,0.0,0.0,0.0,0.0,0.0,0.0,0.0,0.0,0.0,0.0,140.6,2.7,0.27,16.6,1059.9,0.06,140.7,48.2,189.0,0.0,0.0,0.0,0.0,0.0,0.0,0.0,0.0,0.0,0.0,0.0,0.0,0.0,0.0,0.0,0.0,0.0,0.0,3567.0,3567.0,5947.3,5947.3,0.0,0.0,0.0,0.0,0.0,399.5,0.0,0.0,0.0,0.0,0.0,0.0,0.0,5499.6,48.2,0.0
2050-10-02 14:00:00,2050-10-02 12:00:00,2325.3,3887.8,0.0,0.0,6213.1,2237.7,0.0,0.0,0.0,0.0377,0.0608,upv,upv,0.0,0.0,0.0,0.0,0.0,0.0,0.0,0.0,0.0,0.0,0.0,0.0,0.0,0.0,0.0,0.0,0.0,0.0,140.8,2.7,0.27,16.6,1061.3,0.06,140.9,48.3,189.2,0.0,0.0,0.0,0.0,0.0,0.0,0.0,0.0,0.0,0.0,0.0,0.0,0.0,0.0,0.0,0.0,0.0,29.1,3219.2,3248.3,6213.1,6213.1,0.0,0.0,0.0,0.0,0.0,398.1,0.0,0.0,0.0,0.0,0.0,0.0,0.0,5815.0,0.0,0.0
2050-10-02 15:00:00,2050-10-02 13:00:00,2476.8,3202.4,0.0,0.0,5679.3,2379.8,-0.0,0.0,0.0,0.0392,0.0648,upv,upv,0.0,0.0,0.0,0.0,0.0,0.0,0.0,0.0,0.0,0.0,0.0,0.0,0.0,0.0,0.0,0.0,0.0,0.0,141.0,2.7,0.27,16.7,1063.0,0.06,141.2,48.4,189.5,0.0,0.0,0.0,0.0,0.0,0.0,0.0,0.0,0.0,0.0,0.0,0.0,0.0,0.0,0.0,0.0,0.0,16.6,3881.2,3897.8,5679.3,5679.3,0.0,0.0,0.0,0.0,0.0,403.5,0.0,0.0,0.0,0.0,0.0,0.0,0.0,5275.8,0.0,0.0
2050-10-02 16:00:00,2050-10-02 14:00:00,2603.2,2593.8,0.0,0.0,5196.9,2497.7,0.0,0.0,0.0,0.0405,0.0681,upv,upv,0.0,0.0,0.0,0.0,0.0,0.0,0.0,0.0,0.0,0.0,0.0,0.0,0.0,0.0,0.0,0.0,0.0,0.0,141.2,2.7,0.27,16.7,1064.5,0.06,141.4,48.4,189.8,0.0,0.0,0.0,0.0,0.0,0.0,0.0,0.0,0.0,0.0,0.0,0.0,0.0,0.0,0.0,0.0,0.0,10.0,4498.6,4508.6,5196.9,5196.9,0.0,0.0,0.0,0.0,0.0,0.0,0.0,0.0,0.0,0.0,0.0,0.0,0.0,5196.9,0.0,0.0
2050-10-02 17:00:00,2050-10-02 15:00:00,2773.7,2431.9,0.0,0.0,5205.6,2656.2,0.0,0.0,0.0,0.0423,0.0725,upv,upv,0.0,0.0,0.0,0.0,0.0,0.0,0.0,0.0,0.0,0.0,0.0,0.0,0.0,0.0,0.0,0.0,0.0,0.0,141.5,2.7,0.27,16.7,1066.5,0.06,141.6,48.5,190.1,0.0,0.0,0.0,0.0,0.0,0.0,0.0,0.0,0.0,0.0,0.0,0.0,0.0,0.0,0.0,0.0,0.0,7.7,4031.0,4038.7,5205.6,5205.6,0.0,0.0,0.0,0.0,0.0,0.0,0.0,0.0,0.0,0.0,0.0,0.0,0.0,5205.6,0.0,0.0
2050-10-02 18:00:00,2050-10-02 16:00:00,2914.7,1089.3,0.0,10.7,4014.7,2786.8,-1640.0,0.0,1640.0,0.0439,0.0762,battery,gas-cc,0.0,0.0,0.0,0.0,0.0,0.0,0.0,0.0,0.0,0.0,0.0,0.0,0.0,0.0,0.0,0.0,0.0,0.0,141.7,2.7,0.27,16.7,1068.3,0.06,141.9,48.6,190.4,346.9,6.5,0.65,41.0,2617.5,0.15,347.2,119.0,466.3,26.32,0.0,0.0,26.32,28.5,0.0,0.0,28.5,0.0,0.0,0.0,5654.6,5654.6,0.0,0.0,0.0,0.0,0.0,238.4,0.0,0.0,0.0,0.0,0.0,0.0,0.0,5408.9,7.4,0.0
2050-10-02 19:00:00,2050-10-02 17:00:00,2964.2,0.0,0.0,10.7,2974.9,2832.5,2788.3,0.0,1640.0,0.0444,0.0775,battery,gas-ct,84.2,1.6,0.16,10.0,635.7,0.04,84.3,28.9,113.2,88.2,1.7,0.17,10.4,665.3,0.04,88.3,30.3,118.5,147.1,2.8,0.28,17.4,1109.0,0.06,147.2,50.4,197.7,600.4,11.3,1.13,70.9,4531.1,0.26,601.1,206.0,807.1,51.47,0.0,0.0,51.47,55.79,0.0,0.0,55.79,0.0,0.0,0.0,4614.8,186.6,3355.5,0.0,0.0,0.0,0.0,7.1,1072.7,0.0,0.0,0.0,0.0,0.0,0.0,161.5,18.0,0.0
2050-10-02 20:00:00,2050-10-02 18:00:00,2974.7,0.0,0.0,18.1,2992.9,2842.2,2971.4,0.0,2121.0,0.0446,0.0778,battery,gas-cc,76.0,1.4,0.14,9.0,573.7,0.03,76.1,26.1,102.2,79.6,1.5,0.15,9.4,600.4,0.03,79.7,27.3,107.0,146.7,2.8,0.28,17.3,1106.2,0.06,146.9,50.3,197.2,508.8,9.6,0.96,60.1,3839.5,0.22,509.3,174.6,683.9,51.47,0.0,0.0,51.47,55.81,0.0,0.0,55.81,0.0,0.0,0.0,5113.8,21.5,4019.6,0.0,0.0,0.0,0.0,0.0,1072.7,0.0,0.0,0.0,0.0,0.0,0.0,0.0,21.5,0.0
2050-10-02 21:00:00,2050-10-02 19:00:00,2840.0,0.0,0.0,10.7,2850.7,2717.7,2811.7,0.0,1640.0,0.0431,0.0743,battery,gas-ct,86.6,1.6,0.16,10.2,653.3,0.04,86.7,29.7,116.4,90.5,1.7,0.17,10.7,682.7,0.04,90.6,31.0,121.6,146.5,2.8,0.28,17.3,1104.7,0.06,146.7,50.2,196.9,598.3,11.3,1.13,70.7,4515.2,0.26,599.0,205.3,804.3,51.47,0.0,0.0,51.47,55.59,0.0,0.0,55.59,0.0,0.0,0.0,4490.6,38.9,3379.0,0.0,0.0,0.0,0.0,0.0,1072.7,0.0,0.0,0.0,0.0,0.0,0.0,0.0,38.9,0.0
2050-10-02 22:00:00,2050-10-02 20:00:00,2546.3,0.0,0.0,10.7,2557.0,2444.7,2508.9,0.0,1640.0,0.0399,0.0666,battery,gas-ct,92.6,1.7,0.17,10.9,699.0,0.04,92.7,31.8,124.5,96.5,1.8,0.18,11.4,728.1,0.04,96.6,33.1,129.7,146.2,2.8,0.28,17.3,1102.5,0.06,146.4,50.2,196.5,593.4,11.2,1.12,70.1,4478.0,0.26,594.1,203.6,797.7,51.47,0.0,0.0,51.47,55.14,0.0,0.0,55.14,0.0,0.0,0.0,4196.9,48.1,3076.1,0.0,0.0,0.0,0.0,0.0,1072.7,0.0,0.0,0.0,0.0,0.0,0.0,0.0,48.1,0.0
2050-10-02 23:00:00,2050-10-02 21:00:00,2291.6,0.0,0.0,10.7,2302.2,2206.1,2198.5,0.0,1640.0,0.0373,0.0599,battery,gas-ct,98.6,1.9,0.19,11.6,744.2,0.04,98.7,33.8,132.6,102.4,1.9,0.19,12.1,773.0,0.04,102.5,35.1,137.7,153.9,2.9,0.29,18.2,1160.1,0.07,154.0,52.8,206.8,589.2,11.1,1.11,69.6,4446.3,0.26,589.8,202.2,792.0,51.47,0.0,0.0,51.47,54.75,0.0,0.0,54.75,0.0,0.0,0.0,3942.2,103.8,2765.7,0.0,0.0,0.0,0.0,0.0,1072.7,0.0,0.0,0.0,0.0,0.0,0.0,0.0,103.8,0.0
2050-10-03 00:00:00,2050-10-02 22:00:00,2056.8,0.0,0.0,21.1,2077.9,1984.7,2013.9,0.0,2313.2,0.0351,0.0538,battery,gas-ct,88.5,1.7,0.17,10.5,668.1,0.04,88.6,30.4,119.0,91.8,1.7,0.17,10.8,692.4,0.04,91.9,31.5,123.3,146.0,2.8,0.28,17.3,1101.0,0.06,146.2,50.1,196.3,650.4,12.3,1.23,76.8,4908.3,0.28,651.1,223.2,874.3,70.96,0.0,0.0,70.96,75.0,0.0,0.0,75.0,0.0,0.0,0.0,4391.2,64.1,3254.3,0.0,0.0,0.0,0.0,0.0,1072.7,0.0,0.0,0.0,0.0,0.0,0.0,0.0,64.1,0.0
2050-10-03 01:00:00,2050-10-02 23:00:00,1811.6,0.0,0.0,21.0,1832.6,1751.8,1781.8,0.0,2310.2,0.033,0.0474,gas-ct,gas-ct,93.8,1.8,0.18,11.1,708.1,0.04,93.9,32.2,126.1,97.0,1.8,0.18,11.5,732.3,0.04,97.1,33.3,130.4,145.7,2.7,0.28,17.2,1098.4,0.06,145.9,50.0,195.8,573.7,10.8,1.08,67.8,4329.2,0.25,574.3,196.8,771.2,54.16,0.0,0.0,54.16,56.86,0.0,0.0,56.86,0.0,0.0,0.0,4142.8,50.9,3019.2,0.0,0.0,0.0,0.0,0.0,1072.7,0.0,0.0,0.0,0.0,0.0,0.0,0.0,50.9,0.0
2050-10-03 02:00:00,2050-10-03 00:00:00,1597.9,0.0,0.0,10.2,1608.1,1547.6,1566.1,0.0,1565.2,0.0314,0.0418,battery,gas-cc,122.5,2.3,0.23,14.5,924.5,0.05,122.6,42.0,164.7,126.5,2.4,0.24,14.9,954.5,0.05,126.6,43.4,170.0,145.4,2.7,0.28,17.2,1096.3,0.06,145.6,49.9,195.4,399.2,7.5,0.75,47.2,3012.8,0.17,399.7,137.0,536.7,40.39,0.0,0.0,40.39,42.16,0.0,0.0,42.16,0.0,0.0,0.0,3173.3,42.0,2058.5,0.0,0.0,0.0,0.0,0.0,1072.7,0.0,0.0,0.0,0.0,0.0,0.0,0.0,42.0,0.0
2050-10-03 03:00:00,2050-10-03 01:00:00,1448.4,0.0,0.0,2.6,1451.0,1404.1,1414.9,0.0,394.3,0.0306,0.0379,battery,gas-cc,210.7,4.0,0.4,24.9,1589.8,0.09,210.9,72.3,283.2,217.3,4.1,0.41,25.7,1640.0,0.09,217.6,74.6,292.1,144.8,2.7,0.27,17.1,1091.4,0.06,144.9,49.6,194.6,458.4,8.6,0.86,54.2,3459.1,0.2,458.9,157.3,616.2,39.7,0.0,0.0,39.7,41.26,0.0,0.0,41.26,0.0,0.0,0.0,1845.2,36.1,736.4,0.0,0.0,0.0,0.0,0.0,1072.7,0.0,0.0,0.0,0.0,0.0,0.0,0.0,36.1,0.0
2050-10-03 04:00:00,2050-10-03 02:00:00,1329.5,0.0,0.0,1.1,1330.6,1289.5,1298.5,0.0,167.9,0.0301,0.0348,battery,gas-cc,259.4,4.9,0.49,30.6,1957.8,0.11,259.7,89.0,348.7,267.5,5.0,0.5,31.6,2018.5,0.12,267.8,91.8,359.6,285.8,5.4,0.54,33.8,2156.5,0.12,286.1,98.1,384.2,451.5,8.5,0.85,53.3,3406.9,0.2,452.0,154.9,606.9,39.7,0.0,0.0,39.7,41.13,0.0,0.0,41.13,0.0,0.0,0.0,1498.4,32.0,393.7,0.0,0.0,0.0,0.0,0.0,1072.7,0.0,0.0,0.0,0.0,0.0,0.0,0.0,32.0,0.0
2050-10-03 05:00:00,2050-10-03 03:00:00,1268.4,0.0,0.0,0.0,1268.4,1230.5,1236.1,0.0,0.0,0.0299,0.0332,battery,gas-cc,306.5,5.8,0.58,36.2,2312.8,0.13,306.8,105.2,412.0,315.9,6.0,0.6,37.3,2384.1,0.14,316.3,108.4,424.7,256.3,4.8,0.48,30.3,1933.4,0.11,256.5,87.9,344.5,450.7,8.5,0.85,53.2,3401.2,0.2,451.2,154.7,605.9,39.37,0.0,0.0,39.37,40.72,0.0,0.0,40.72,0.0,0.0,0.0,1268.4,32.4,163.3,0.0,0.0,0.0,0.0,0.0,1072.7,0.0,0.0,0.0,0.0,0.0,0.0,0.0,32.4,0.0
2050-10-03 06:00:00,2050-10-03 04:00:00,1229.5,0.0,0.0,0.0,1229.5,1192.8,1193.2,0.0,0.0,0.0298,0.0322,battery,gas-cc,316.2,6.0,0.6,37.4,2386.1,0.14,316.5,108.5,425.0,325.9,6.1,0.61,38.5,2459.4,0.14,326.3,111.8,438.1,231.6,4.4,0.44,27.4,1747.2,0.1,231.8,79.5,311.3,450.2,8.5,0.85,53.2,3397.7,0.2,450.7,154.5,605.2,39.37,0.0,0.0,39.37,40.68,0.0,0.0,40.68,0.0,0.0,0.0,1229.5,36.2,120.5,0.0,0.0,0.0,0.0,0.0,1072.7,0.0,0.0,0.0,0.0,0.0,0.0,0.0,36.2,0.0
2050-10-03 07:00:00,2050-10-03 05:00:00,1265.3,0.0,0.0,0.0,1265.3,1227.5,1222.4,0.0,0.0,0.0299,0.0331,battery,gas-cc,307.3,5.8,0.58,36.3,2318.6,0.13,307.6,105.4,413.0,316.7,6.0,0.6,37.4,2390.0,0.14,317.1,108.7,425.7,231.4,4.4,0.44,27.3,1746.0,0.1,231.7,79.4,311.1,450.7,8.5,0.85,53.2,3401.0,0.2,451.2,154.6,605.8,39.17,0.0,0.0,39.17,40.51,0.0,0.0,40.51,0.0,0.0,0.0,1265.3,42.9,149.6,0.0,0.0,0.0,0.0,0.0,1072.7,0.0,0.0,0.0,0.0,0.0,0.0,0.0,42.9,0.0
2050-10-03 08:00:00,2050-10-03 06:00:00,1350.5,902.6,0.0,6.2,2259.3,1309.8,-437.3,152.1,589.4,0.0301,0.0353,gas-cc,gas-cc,0.0,0.0,0.0,0.0,0.0,0.0,0.0,0.0,0.0,0.0,0.0,0.0,0.0,0.0,0.0,0.0,0.0,0.0,139.7,2.6,0.26,16.5,1053.1,0.06,139.8,47.9,187.7,364.7,6.9,0.69,43.1,2751.8,0.16,365.1,125.1,490.2,26.22,0.0,0.0,26.22,27.18,0.0,0.0,27.18,0.0,0.0,0.0,2696.6,2696.6,0.0,0.0,0.0,0.0,0.0,112.0,0.0,0.0,0.0,0.0,0.0,0.0,0.0,2541.3,43.3,0.0
2050-10-03 09:00:00,2050-10-03 07:00:00,1482.1,3079.4,0.0,0.0,4561.5,1436.5,0.0,0.0,0.0,0.0308,0.0388,upv,upv,0.0,0.0,0.0,0.0,0.0,0.0,0.0,0.0,0.0,0.0,0.0,0.0,0.0,0.0,0.0,0.0,0.0,0.0,139.8,2.6,0.26,16.5,1053.8,0.06,139.9,47.9,187.9,0.0,0.0,0.0,0.0,0.0,0.0,0.0,0.0,0.0,0.0,0.0,0.0,0.0,0.0,0.0,0.0,0.0,0.0,4060.5,4060.5,4561.5,4561.5,0.0,0.0,0.0,0.0,0.0,362.7,0.0,0.0,0.0,0.0,0.0,0.0,0.0,4172.4,26.4,0.0
2050-10-03 10:00:00,2050-10-03 08:00:00,1683.2,3567.9,0.0,0.0,5251.1,1629.3,0.0,0.0,0.0,0.032,0.044,upv,upv,0.0,0.0,0.0,0.0,0.0,0.0,0.0,0.0,0.0,0.0,0.0,0.0,0.0,0.0,0.0,0.0,0.0,0.0,140.0,2.6,0.26,16.5,1055.2,0.06,140.1,48.0,188.1,0.0,0.0,0.0,0.0,0.0,0.0,0.0,0.0,0.0,0.0,0.0,0.0,0.0,0.0,0.0,0.0,0.0,0.0,4693.5,4693.5,5251.1,5251.1,0.0,0.0,0.0,0.0,0.0,419.0,0.0,0.0,0.0,0.0,0.0,0.0,0.0,4812.5,19.6,0.0
2050-10-03 11:00:00,2050-10-03 09:00:00,1820.0,3953.7,0.0,0.0,5773.7,1759.8,0.0,0.0,0.0,0.0331,0.0476,upv,upv,0.0,0.0,0.0,0.0,0.0,0.0,0.0,0.0,0.0,0.0,0.0,0.0,0.0,0.0,0.0,0.0,0.0,0.0,140.1,2.6,0.27,16.6,1056.3,0.06,140.3,48.0,188.3,0.0,0.0,0.0,0.0,0.0,0.0,0.0,0.0,0.0,0.0,0.0,0.0,0.0,0.0,0.0,0.0,0.0,0.0,4266.9,4266.9,5773.7,5773.7,0.0,0.0,0.0,0.0,0.0,422.6,0.0,0.0,0.0,0.0,0.0,0.0,0.0,5323.0,28.1,0.0
2050-10-03 12:00:00,2050-10-03 10:00:00,1951.6,3240.3,0.0,0.0,5191.9,1884.9,0.0,0.0,0.0,0.0342,0.051,upv,upv,0.0,0.0,0.0,0.0,0.0,0.0,0.0,0.0,0.0,0.0,0.0,0.0,0.0,0.0,0.0,0.0,0.0,0.0,140.3,2.6,0.27,16.6,1057.5,0.06,140.4,48.1,188.5,0.0,0.0,0.0,0.0,0.0,0.0,0.0,0.0,0.0,0.0,0.0,0.0,0.0,0.0,0.0,0.0,0.0,0.0,4513.6,4513.6,5191.9,5191.9,0.0,0.0,0.0,0.0,0.0,408.2,0.0,0.0,0.0,0.0,0.0,0.0,0.0,4746.7,36.9,0.0
2050-10-03 13:00:00,2050-10-03 11:00:00,2090.5,3824.8,0.0,0.0,5915.3,2016.5,0.0,0.0,0.0,0.0354,0.0547,upv,upv,0.0,0.0,0.0,0.0,0.0,0.0,0.0,0.0,0.0,0.0,0.0,0.0,0.0,0.0,0.0,0.0,0.0,0.0,140.5,2.7,0.27,16.6,1058.9,0.06,140.6,48.2,188.8,0.0,0.0,0.0,0.0,0.0,0.0,0.0,0.0,0.0,0.0,0.0,0.0,0.0,0.0,0.0,0.0,0.0,0.0,3628.9,3628.9,5915.3,5915.3,0.0,0.0,0.0,0.0,0.0,400.2,0.0,0.0,0.0,0.0,0.0,0.0,0.0,5457.1,58.0,0.0
2050-10-03 14:00:00,2050-10-03 12:00:00,2236.8,4019.6,0.0,0.0,6256.4,2154.6,-0.0,0.0,0.0,0.0368,0.0585,upv,upv,0.0,0.0,0.0,0.0,0.0,0.0,0.0,0.0,0.0,0.0,0.0,0.0,0.0,0.0,0.0,0.0,0.0,0.0,140.7,2.7,0.27,16.6,1060.4,0.06,140.8,48.2,189.0,0.0,0.0,0.0,0.0,0.0,0.0,0.0,0.0,0.0,0.0,0.0,0.0,0.0,0.0,0.0,0.0,0.0,0.0,3350.1,3350.1,6256.4,6256.4,0.0,0.0,0.0,0.0,0.0,402.8,0.0,0.0,0.0,0.0,0.0,0.0,0.0,5794.0,59.7,0.0
2050-10-03 15:00:00,2050-10-03 13:00:00,2376.8,2617.9,0.0,0.0,4994.8,2286.1,0.0,0.0,0.0,0.0382,0.0622,upv,upv,0.0,0.0,0.0,0.0,0.0,0.0,0.0,0.0,0.0,0.0,0.0,0.0,0.0,0.0,0.0,0.0,0.0,0.0,140.9,2.7,0.27,16.6,1061.9,0.06,141.0,48.3,189.3,0.0,0.0,0.0,0.0,0.0,0.0,0.0,0.0,0.0,0.0,0.0,0.0,0.0,0.0,0.0,0.0,0.0,0.0,4860.9,4860.9,4994.8,4994.8,0.0,0.0,0.0,0.0,0.0,412.9,0.0,0.0,0.0,0.0,0.0,0.0,0.0,4509.3,72.6,0.0
2050-10-03 16:00:00,2050-10-03 14:00:00,2507.4,2821.5,0.0,0.0,5328.9,2408.3,0.0,0.0,0.0,0.0395,0.0656,upv,upv,0.0,0.0,0.0,0.0,0.0,0.0,0.0,0.0,0.0,0.0,0.0,0.0,0.0,0.0,0.0,0.0,0.0,0.0,141.1,2.7,0.27,16.7,1063.4,0.06,141.2,48.4,189.6,0.0,0.0,0.0,0.0,0.0,0.0,0.0,0.0,0.0,0.0,0.0,0.0,0.0,0.0,0.0,0.0,0.0,0.0,4713.4,4713.4,5328.9,5328.9,0.0,0.0,0.0,0.0,0.0,420.1,0.0,0.0,0.0,0.0,0.0,0.0,0.0,4818.4,90.4,0.0
2050-10-03 17:00:00,2050-10-03 15:00:00,2701.1,2431.9,0.0,0.0,5133.0,2588.8,0.0,0.0,0.0,0.0416,0.0706,upv,upv,0.0,0.0,0.0,0.0,0.0,0.0,0.0,0.0,0.0,0.0,0.0,0.0,0.0,0.0,0.0,0.0,0.0,0.0,141.4,2.7,0.27,16.7,1065.7,0.06,141.5,48.5,190.0,0.0,0.0,0.0,0.0,0.0,0.0,0.0,0.0,0.0,0.0,0.0,0.0,0.0,0.0,0.0,0.0,0.0,0.0,4223.4,4223.4,5133.0,5133.0,0.0,0.0,0.0,0.0,0.0,390.8,0.0,0.0,0.0,0.0,0.0,0.0,0.0,4649.3,92.8,0.0
2050-10-03 18:00:00,2050-10-03 16:00:00,2834.7,706.9,0.0,15.1,3556.7,2712.8,-1924.8,0.0,1924.8,0.043,0.0741,phs,gas-cc,0.0,0.0,0.0,0.0,0.0,0.0,0.0,0.0,0.0,0.0,0.0,0.0,0.0,0.0,0.0,0.0,0.0,0.0,162.5,3.1,0.31,19.2,1225.5,0.07,162.7,55.7,218.4,380.0,7.2,0.72,44.9,2867.2,0.16,380.4,130.4,510.7,23.97,0.0,0.0,23.97,25.89,0.0,0.0,25.89,0.0,0.0,0.0,5481.5,5481.5,0.0,0.0,0.0,0.0,0.0,227.4,0.0,0.0,0.0,0.0,0.0,0.0,0.0,5160.1,94.1,0.0
2050-10-03 19:00:00,2050-10-03 17:00:00,2912.6,0.0,0.0,22.8,2935.4,2784.8,2671.2,0.0,2421.1,0.0439,0.0762,wind-ons,wind-ons,72.6,1.4,0.14,8.6,547.7,0.03,72.7,24.9,97.6,75.9,1.4,0.14,9.0,572.8,0.03,76.0,26.0,102.0,146.9,2.8,0.28,17.4,1107.3,0.06,147.0,50.4,197.4,0.0,0.0,0.0,0.0,0.0,0.0,0.0,0.0,0.0,37.33,0.0,0.0,37.33,40.41,0.0,0.0,40.41,0.0,0.0,0.0,5356.5,264.2,4019.6,0.0,0.0,0.0,0.0,4.1,1072.7,0.0,0.0,0.0,0.0,0.0,0.0,94.0,166.1,0.0
2050-10-03 20:00:00,2050-10-03 18:00:00,2941.1,0.0,0.0,10.7,2951.7,2811.1,2770.6,0.0,1640.0,0.0442,0.0769,battery,gas-cc,64.8,1.2,0.12,7.7,488.9,0.03,64.9,22.2,87.1,67.8,1.3,0.13,8.0,511.5,0.03,67.8,23.3,91.1,147.3,2.8,0.28,17.4,1110.2,0.06,147.4,50.5,197.9,392.6,7.4,0.74,46.4,2962.6,0.17,393.0,134.7,527.7,33.36,0.0,0.0,33.36,36.13,0.0,0.0,36.13,0.0,0.0,0.0,4591.7,181.1,3589.7,0.0,0.0,0.0,0.0,0.0,820.8,0.0,0.0,0.0,0.0,0.0,0.0,0.0,181.1,0.0
2050-10-03 21:00:00,2050-10-03 19:00:00,2788.4,0.0,0.0,10.7,2799.1,2669.9,2617.3,0.0,1640.0,0.0425,0.0729,gas-cc,gas-cc,65.8,1.2,0.12,7.8,496.2,0.03,65.8,22.6,88.4,68.7,1.3,0.13,8.1,518.3,0.03,68.8,23.6,92.3,146.8,2.8,0.28,17.3,1106.6,0.06,146.9,50.3,197.3,390.9,7.4,0.74,46.2,2949.8,0.17,391.3,134.1,525.5,33.36,0.0,0.0,33.36,35.98,0.0,0.0,35.98,0.0,0.0,0.0,4439.0,181.8,3451.7,0.0,0.0,0.0,0.0,0.0,805.5,0.0,0.0,0.0,0.0,0.0,0.0,0.0,181.8,0.0
2050-10-03 22:00:00,2050-10-03 20:00:00,2530.5,0.0,0.0,10.7,2541.2,2429.9,2351.4,0.0,1640.0,0.0398,0.0662,battery,gas-cc,71.1,1.3,0.13,8.4,536.9,0.03,71.2,24.4,95.6,74.1,1.4,0.14,8.8,559.1,0.03,74.2,25.4,99.6,146.8,2.8,0.28,17.4,1102.5,0.07,146.9,50.2,197.2,388.1,7.3,0.73,45.8,2928.5,0.17,388.5,133.2,521.7,33.36,0.0,0.0,33.36,35.72,0.0,0.0,35.72,0.0,0.0,0.0,4181.2,189.7,3170.6,0.0,0.0,0.0,0.0,0.0,820.8,0.0,0.0,0.0,0.0,0.0,0.0,0.0,189.7,0.0
2050-10-03 23:00:00,2050-10-03 21:00:00,2257.9,0.0,0.0,10.7,2268.6,2174.4,2102.7,0.0,1640.0,0.037,0.059,battery,gas-cc,0.0,0.0,0.0,0.0,0.0,0.0,0.0,0.0,0.0,0.0,0.0,0.0,0.0,0.0,0.0,0.0,0.0,0.0,148.5,2.8,0.28,17.5,1119.3,0.06,148.6,50.9,199.5,385.1,7.3,0.73,45.5,2906.3,0.17,385.6,132.2,517.7,33.36,0.0,0.0,33.36,35.45,0.0,0.0,35.45,0.0,0.0,0.0,3908.5,165.8,3742.7,0.0,0.0,0.0,0.0,0.0,0.0,0.0,0.0,0.0,0.0,0.0,0.0,0.0,165.8,0.0
2050-10-04 00:00:00,2050-10-03 22:00:00,2010.5,0.0,0.0,11.0,2021.5,1940.8,1869.5,0.0,1660.2,0.0347,0.0526,battery,gas-cc,105.6,2.0,0.2,12.5,796.8,0.05,105.7,36.2,141.9,109.4,2.1,0.21,12.9,825.4,0.05,109.5,37.5,147.0,145.3,2.7,0.27,17.2,1095.4,0.06,145.5,49.8,195.3,382.5,7.2,0.72,45.2,2886.5,0.17,382.9,131.2,514.2,33.36,0.0,0.0,33.36,35.21,0.0,0.0,35.21,0.0,0.0,0.0,3681.7,152.0,2456.9,0.0,0.0,0.0,0.0,0.0,1072.7,0.0,0.0,0.0,0.0,0.0,0.0,0.0,152.0,0.0
2050-10-04 01:00:00,2050-10-03 23:00:00,1765.3,0.0,0.0,13.6,1778.9,1707.7,1647.5,0.0,1831.7,0.0326,0.0462,gas-cc,gas-cc,96.9,1.8,0.18,11.5,731.4,0.04,97.0,33.3,130.3,100.2,1.9,0.19,11.8,756.1,0.04,100.3,34.4,134.7,145.0,2.7,0.27,17.1,1093.0,0.06,145.1,49.7,194.8,379.9,7.2,0.72,44.9,2867.1,0.16,380.3,130.4,510.7,33.36,0.0,0.0,33.36,34.97,0.0,0.0,34.97,0.0,0.0,0.0,3610.6,131.4,2513.5,0.0,0.0,0.0,0.0,0.0,965.7,0.0,0.0,0.0,0.0,0.0,0.0,0.0,131.4,0.0
2050-10-04 02:00:00,2050-10-04 00:00:00,1512.6,0.0,0.0,1.7,1514.4,1465.9,1410.9,0.0,268.0,0.0309,0.0396,battery,gas-cc,0.0,0.0,0.0,0.0,0.0,0.0,0.0,0.0,0.0,0.0,0.0,0.0,0.0,0.0,0.0,0.0,0.0,0.0,144.3,2.7,0.27,17.0,1087.6,0.06,144.4,49.5,193.9,371.2,7.0,0.7,43.9,2801.3,0.16,371.6,127.4,499.0,33.04,0.0,0.0,33.04,34.4,0.0,0.0,34.4,0.0,0.0,0.0,1782.3,103.5,1678.8,0.0,0.0,0.0,0.0,0.0,0.0,0.0,0.0,0.0,0.0,0.0,0.0,0.0,103.5,0.0
2050-10-04 03:00:00,2050-10-04 01:00:00,1373.7,0.0,0.0,6.9,1380.6,1332.2,1283.8,445.3,0.0,0.0302,0.0359,battery,gas-cc,0.0,0.0,0.0,0.0,0.0,0.0,0.0,0.0,0.0,0.0,0.0,0.0,0.0,0.0,0.0,0.0,0.0,0.0,170.9,3.2,0.32,20.2,1288.7,0.07,171.1,58.6,229.7,411.0,7.7,0.77,48.6,3101.8,0.18,411.5,141.0,552.5,33.04,0.0,0.0,33.04,34.27,0.0,0.0,34.27,0.0,0.0,0.0,935.3,96.8,838.5,0.0,0.0,0.0,0.0,0.0,0.0,0.0,0.0,0.0,0.0,0.0,0.0,0.0,96.8,0.0
2050-10-04 04:00:00,2050-10-04 02:00:00,1286.3,0.0,0.0,7.6,1294.0,1247.8,1199.4,559.3,0.0,0.0299,0.0336,battery,gas-cc,0.0,0.0,0.0,0.0,0.0,0.0,0.0,0.0,0.0,2.1,0.0,0.0,0.5,16.5,0.01,2.1,1.0,3.1,210.6,4.0,0.4,24.9,1588.5,0.09,210.8,72.2,283.1,444.5,8.4,0.84,52.5,3354.5,0.19,445.0,152.5,597.5,33.04,0.0,0.0,33.04,34.19,0.0,0.0,34.19,0.0,0.0,0.0,734.6,94.6,640.0,0.0,0.0,0.0,0.0,0.0,0.0,0.0,0.0,0.0,0.0,0.0,0.0,0.0,94.6,0.0
2050-10-04 05:00:00,2050-10-04 03:00:00,1203.2,0.0,0.0,11.4,1214.5,1167.4,1133.1,1133.1,0.0,0.0297,0.0315,gas-cc,gas-cc,0.0,0.0,0.0,0.0,0.0,0.0,0.0,0.0,0.0,14.0,0.3,0.03,3.3,109.3,0.04,14.0,6.6,20.6,142.8,2.7,0.27,16.9,1076.4,0.06,142.9,49.0,191.9,367.6,6.9,0.69,43.4,2774.0,0.16,368.0,126.1,494.1,32.82,0.0,0.0,32.82,33.88,0.0,0.0,33.88,0.0,0.0,0.0,81.4,81.4,0.0,0.0,0.0,0.0,0.0,0.0,0.0,0.0,0.0,0.0,0.0,0.0,0.0,0.0,81.4,0.0
2050-10-04 06:00:00,2050-10-04 04:00:00,1175.8,0.0,0.0,11.2,1187.0,1140.9,1110.2,1110.2,0.0,0.0297,0.0307,hydro,gas-cc,0.0,0.0,0.0,0.0,0.0,0.0,0.0,0.0,0.0,15.1,0.3,0.03,3.6,118.3,0.05,15.1,7.1,22.3,206.1,3.9,0.39,24.4,1555.0,0.09,206.4,70.7,277.1,363.0,6.8,0.68,42.9,2739.4,0.16,363.4,124.6,488.0,32.82,0.0,0.0,32.82,33.86,0.0,0.0,33.86,0.0,0.0,0.0,76.8,76.8,0.0,0.0,0.0,0.0,0.0,0.0,0.0,0.0,0.0,0.0,0.0,0.0,0.0,0.0,76.8,0.0
2050-10-04 07:00:00,2050-10-04 05:00:00,1240.0,0.0,0.0,11.7,1251.7,1203.0,1178.9,1178.9,0.0,0.0298,0.0324,hydro,gas-cc,0.0,0.0,0.0,0.0,0.0,0.0,0.0,0.0,0.0,15.0,0.3,0.03,3.6,117.0,0.05,15.0,7.1,22.0,153.1,2.9,0.29,18.1,1154.1,0.07,153.2,52.5,205.7,363.6,6.9,0.69,43.0,2744.2,0.16,364.0,124.8,488.8,32.82,0.0,0.0,32.82,33.91,0.0,0.0,33.91,0.0,0.0,0.0,72.8,72.8,0.0,0.0,0.0,0.0,0.0,0.0,0.0,0.0,0.0,0.0,0.0,0.0,0.0,0.0,72.8,0.0
2050-10-04 08:00:00,2050-10-04 06:00:00,1340.0,0.0,0.0,17.2,1357.2,1299.7,-1138.0,445.3,1583.3,0.0301,0.035,gas-cc,gas-cc,0.0,0.0,0.0,0.0,0.0,0.0,0.0,0.0,0.0,0.0,0.0,0.0,0.0,0.0,0.0,0.0,0.0,0.0,139.7,2.6,0.26,16.5,1053.1,0.06,139.8,47.9,187.7,364.6,6.9,0.69,43.1,2751.1,0.16,365.0,125.1,490.0,26.22,0.0,0.0,26.22,27.17,0.0,0.0,27.17,0.0,0.0,0.0,2495.2,2495.2,0.0,0.0,0.0,0.0,0.0,101.8,0.0,0.0,0.0,0.0,0.0,0.0,0.0,2308.6,84.8,0.0
2050-10-04 09:00:00,2050-10-04 07:00:00,1492.6,2917.5,0.0,0.0,4410.2,1446.6,0.0,0.0,0.0,0.0308,0.039,upv,upv,0.0,0.0,0.0,0.0,0.0,0.0,0.0,0.0,0.0,0.0,0.0,0.0,0.0,0.0,0.0,0.0,0.0,0.0,139.8,2.6,0.26,16.5,1053.9,0.06,139.9,47.9,187.9,0.0,0.0,0.0,0.0,0.0,0.0,0.0,0.0,0.0,0.0,0.0,0.0,0.0,0.0,0.0,0.0,0.0,0.0,3839.0,3839.0,4410.2,4410.2,0.0,0.0,0.0,0.0,0.0,345.4,0.0,0.0,0.0,0.0,0.0,0.0,0.0,3999.7,65.1,0.0
2050-10-04 10:00:00,2050-10-04 08:00:00,1656.8,3016.4,0.0,0.0,4673.2,1604.1,0.0,0.0,0.0,0.0318,0.0433,upv,upv,0.0,0.0,0.0,0.0,0.0,0.0,0.0,0.0,0.0,0.0,0.0,0.0,0.0,0.0,0.0,0.0,0.0,0.0,139.9,2.6,0.26,16.5,1055.0,0.06,140.1,48.0,188.1,0.0,0.0,0.0,0.0,0.0,0.0,0.0,0.0,0.0,0.0,0.0,0.0,0.0,0.0,0.0,0.0,0.0,0.0,5192.8,5192.8,4673.2,4673.2,0.0,0.0,0.0,0.0,0.0,415.0,0.0,0.0,0.0,0.0,0.0,0.0,0.0,4229.2,29.0,0.0
2050-10-04 11:00:00,2050-10-04 09:00:00,1768.4,3265.5,0.0,0.0,5033.9,1710.7,0.0,0.0,0.0,0.0327,0.0462,upv,upv,0.0,0.0,0.0,0.0,0.0,0.0,0.0,0.0,0.0,0.0,0.0,0.0,0.0,0.0,0.0,0.0,0.0,0.0,140.1,2.6,0.27,16.5,1055.9,0.06,140.2,48.0,188.2,0.0,0.0,0.0,0.0,0.0,0.0,0.0,0.0,0.0,0.0,0.0,0.0,0.0,0.0,0.0,0.0,0.0,31.6,4897.5,4929.2,5033.9,5033.9,0.0,0.0,0.0,0.0,0.0,0.0,0.0,0.0,0.0,0.0,0.0,0.0,0.0,5033.9,0.0,0.0
2050-10-04 12:00:00,2050-10-04 10:00:00,1912.6,4019.6,0.0,0.0,5932.2,1847.9,0.0,0.0,0.0,0.0338,0.05,upv,upv,0.0,0.0,0.0,0.0,0.0,0.0,0.0,0.0,0.0,0.0,0.0,0.0,0.0,0.0,0.0,0.0,0.0,0.0,140.2,2.6,0.27,16.6,1057.1,0.06,140.4,48.1,188.5,0.0,0.0,0.0,0.0,0.0,0.0,0.0,0.0,0.0,0.0,0.0,0.0,0.0,0.0,0.0,0.0,0.0,0.0,3710.3,3710.3,5932.2,5932.2,0.0,0.0,0.0,0.0,0.0,405.3,0.0,0.0,0.0,0.0,0.0,0.0,0.0,5485.4,41.5,0.0
2050-10-04 13:00:00,2050-10-04 11:00:00,2026.3,4019.6,0.0,0.0,6045.9,1955.8,0.0,0.0,0.0,0.0348,0.053,upv,upv,0.0,0.0,0.0,0.0,0.0,0.0,0.0,0.0,0.0,0.0,0.0,0.0,0.0,0.0,0.0,0.0,0.0,0.0,140.4,2.7,0.27,16.6,1058.5,0.06,140.6,48.2,188.7,0.0,0.0,0.0,0.0,0.0,0.0,0.0,0.0,0.0,0.0,0.0,0.0,0.0,0.0,0.0,0.0,0.0,0.0,3395.7,3395.7,6045.9,6045.9,0.0,0.0,0.0,0.0,0.0,396.3,0.0,0.0,0.0,0.0,0.0,0.0,0.0,5599.7,49.9,0.0
2050-10-04 14:00:00,2050-10-04 12:00:00,2154.7,3435.1,0.0,0.0,5589.8,2077.2,0.0,0.0,0.0,0.036,0.0563,upv,upv,0.0,0.0,0.0,0.0,0.0,0.0,0.0,0.0,0.0,0.0,0.0,0.0,0.0,0.0,0.0,0.0,0.0,0.0,140.8,2.7,0.27,16.6,1061.6,0.06,141.0,48.3,189.3,0.0,0.0,0.0,0.0,0.0,0.0,0.0,0.0,0.0,0.0,0.0,0.0,0.0,0.0,0.0,0.0,0.0,0.0,3908.1,3908.1,5589.8,5589.8,0.0,0.0,0.0,0.0,0.0,398.8,0.0,0.0,0.0,0.0,0.0,0.0,0.0,5139.0,52.0,0.0
2050-10-04 15:00:00,2050-10-04 13:00:00,2286.3,3435.1,0.0,0.0,5721.4,2201.1,0.0,0.0,0.0,0.0373,0.0598,upv,upv,0.0,0.0,0.0,0.0,0.0,0.0,0.0,0.0,0.0,0.0,0.0,0.0,0.0,0.0,0.0,0.0,0.0,0.0,140.7,2.7,0.27,16.6,1060.9,0.06,140.9,48.3,189.1,0.0,0.0,0.0,0.0,0.0,0.0,0.0,0.0,0.0,0.0,0.0,0.0,0.0,0.0,0.0,0.0,0.0,0.0,4089.2,4089.2,5721.4,5721.4,0.0,0.0,0.0,0.0,0.0,411.8,0.0,0.0,0.0,0.0,0.0,0.0,0.0,5255.2,54.4,0.0
2050-10-04 16:00:00,2050-10-04 14:00:00,2412.6,3016.4,0.0,0.0,5429.0,2319.7,0.0,0.0,0.0,0.0385,0.0631,upv,upv,0.0,0.0,0.0,0.0,0.0,0.0,0.0,0.0,0.0,0.0,0.0,0.0,0.0,0.0,0.0,0.0,0.0,0.0,140.9,2.7,0.27,16.6,1062.4,0.06,141.1,48.3,189.4,0.0,0.0,0.0,0.0,0.0,0.0,0.0,0.0,0.0,0.0,0.0,0.0,0.0,0.0,0.0,0.0,0.0,0.0,4540.9,4540.9,5429.0,5429.0,0.0,0.0,0.0,0.0,0.0,417.9,0.0,0.0,0.0,0.0,0.0,0.0,0.0,4945.7,65.4,0.0
2050-10-04 17:00:00,2050-10-04 15:00:00,2592.6,2431.9,0.0,0.0,5024.5,2487.9,0.0,0.0,0.0,0.0404,0.0678,upv,upv,0.0,0.0,0.0,0.0,0.0,0.0,0.0,0.0,0.0,0.0,0.0,0.0,0.0,0.0,0.0,0.0,0.0,0.0,141.2,2.7,0.27,16.7,1064.4,0.06,141.3,48.4,189.8,0.0,0.0,0.0,0.0,0.0,0.0,0.0,0.0,0.0,0.0,0.0,0.0,0.0,0.0,0.0,0.0,0.0,0.0,4299.6,4299.6,5024.5,5024.5,0.0,0.0,0.0,0.0,0.0,390.5,0.0,0.0,0.0,0.0,0.0,0.0,0.0,4560.2,73.9,0.0
2050-10-04 18:00:00,2050-10-04 16:00:00,2727.4,1609.5,0.0,16.2,4353.1,2613.2,-990.5,445.3,1435.8,0.0418,0.0713,gas-cc,gas-cc,0.0,0.0,0.0,0.0,0.0,0.0,0.0,0.0,0.0,0.0,0.0,0.0,0.0,0.0,0.0,0.0,0.0,0.0,144.4,2.7,0.27,17.1,1088.7,0.06,144.6,49.5,194.1,383.4,7.2,0.72,45.3,2893.0,0.17,383.8,131.5,515.3,23.88,0.0,0.0,23.88,25.71,0.0,0.0,25.71,0.0,0.0,0.0,5343.6,5343.6,0.0,0.0,0.0,0.0,0.0,222.3,0.0,0.0,0.0,0.0,0.0,0.0,0.0,5043.8,77.5,0.0
2050-10-04 19:00:00,2050-10-04 17:00:00,2791.6,0.0,0.0,17.6,2809.1,2672.8,2646.1,445.3,1640.0,0.0425,0.073,battery,gas-cc,0.0,0.0,0.0,0.0,0.0,0.0,0.0,0.0,0.0,0.0,0.0,0.0,0.0,0.0,0.0,0.0,0.0,0.0,175.7,3.3,0.33,20.8,1324.8,0.08,175.9,60.3,236.1,377.5,7.1,0.71,44.6,2849.0,0.16,378.0,129.5,507.5,31.71,0.0,0.0,31.71,34.2,0.0,0.0,34.2,0.0,0.0,0.0,4003.8,163.1,3840.7,0.0,0.0,0.0,0.0,2.6,0.0,0.0,0.0,0.0,0.0,0.0,0.0,59.6,100.9,0.0
2050-10-04 20:00:00,2050-10-04 18:00:00,2832.6,0.0,0.0,17.6,2850.2,2710.9,2721.9,445.3,1640.0,0.043,0.0741,battery,gas-cc,0.0,0.0,0.0,0.0,0.0,0.0,0.0,0.0,0.0,0.0,0.0,0.0,0.0,0.0,0.0,0.0,0.0,0.0,168.1,3.2,0.32,19.9,1267.6,0.07,168.3,57.7,225.9,378.0,7.1,0.71,44.7,2852.3,0.16,378.4,129.7,508.1,31.71,0.0,0.0,31.71,34.24,0.0,0.0,34.24,0.0,0.0,0.0,4044.9,128.3,3916.6,0.0,0.0,0.0,0.0,0.0,0.0,0.0,0.0,0.0,0.0,0.0,0.0,0.0,128.3,0.0
2050-10-04 21:00:00,2050-10-04 19:00:00,2708.4,0.0,0.0,17.6,2726.0,2595.6,2583.5,445.3,1640.0,0.0416,0.0708,battery,gas-cc,0.0,0.0,0.0,0.0,0.0,0.0,0.0,0.0,0.0,0.0,0.0,0.0,0.0,0.0,0.0,0.0,0.0,0.0,160.6,3.0,0.3,19.0,1211.4,0.07,160.8,55.1,215.9,376.7,7.1,0.71,44.5,2842.4,0.16,377.1,129.2,506.3,31.71,0.0,0.0,31.71,34.12,0.0,0.0,34.12,0.0,0.0,0.0,3920.6,142.4,3778.2,0.0,0.0,0.0,0.0,0.0,0.0,0.0,0.0,0.0,0.0,0.0,0.0,0.0,142.4,0.0
2050-10-04 22:00:00,2050-10-04 20:00:00,2471.6,0.0,0.0,6.9,2478.5,2374.8,2325.1,445.3,0.0,0.0391,0.0646,battery,gas-cc,0.0,0.0,0.0,0.0,0.0,0.0,0.0,0.0,0.0,0.0,0.0,0.0,0.0,0.0,0.0,0.0,0.0,0.0,154.1,2.9,0.29,18.2,1161.8,0.07,154.2,52.8,207.1,374.2,7.1,0.71,44.2,2823.5,0.16,374.6,128.4,503.0,31.71,0.0,0.0,31.71,33.9,0.0,0.0,33.9,0.0,0.0,0.0,2033.2,153.4,1879.8,0.0,0.0,0.0,0.0,0.0,0.0,0.0,0.0,0.0,0.0,0.0,0.0,0.0,153.4,0.0
2050-10-04 23:00:00,2050-10-04 21:00:00,2222.1,0.0,0.0,10.9,2233.0,2140.7,2123.9,445.3,620.6,0.0366,0.0581,battery,gas-cc,0.0,0.0,0.0,0.0,0.0,0.0,0.0,0.0,0.0,0.0,0.0,0.0,0.0,0.0,0.0,0.0,0.0,0.0,184.7,3.5,0.35,21.8,1393.3,0.08,184.9,63.4,248.3,371.6,7.0,0.7,43.9,2804.0,0.16,372.0,127.5,499.5,31.71,0.0,0.0,31.71,33.66,0.0,0.0,33.66,0.0,0.0,0.0,2408.3,109.2,2299.2,0.0,0.0,0.0,0.0,0.0,0.0,0.0,0.0,0.0,0.0,0.0,0.0,0.0,109.2,0.0
2050-10-05 00:00:00,2050-10-04 22:00:00,1984.2,0.0,0.0,17.6,2001.8,1915.9,1927.8,445.3,1640.0,0.0344,0.0519,battery,gas-cc,0.0,0.0,0.0,0.0,0.0,0.0,0.0,0.0,0.0,0.0,0.0,0.0,0.0,0.0,0.0,0.0,0.0,0.0,159.6,3.0,0.3,18.9,1203.7,0.07,159.8,54.7,214.5,376.1,7.1,0.71,44.4,2837.8,0.16,376.5,129.0,505.5,32.44,0.0,0.0,32.44,34.22,0.0,0.0,34.22,0.0,0.0,0.0,3196.4,74.0,3122.5,0.0,0.0,0.0,0.0,0.0,0.0,0.0,0.0,0.0,0.0,0.0,0.0,0.0,74.0,0.0
2050-10-05 01:00:00,2050-10-04 23:00:00,1760.0,0.0,0.0,14.3,1774.3,1702.6,1715.4,445.3,1131.6,0.0326,0.046,battery,gas-cc,0.0,0.0,0.0,0.0,0.0,0.0,0.0,0.0,0.0,0.0,0.0,0.0,0.0,0.0,0.0,0.0,0.0,0.0,178.1,3.4,0.34,21.0,1343.1,0.08,178.3,61.1,239.3,376.8,7.1,0.71,44.5,2843.2,0.16,377.2,129.3,506.5,32.44,0.0,0.0,32.44,34.01,0.0,0.0,34.01,0.0,0.0,0.0,2460.5,58.9,2401.6,0.0,0.0,0.0,0.0,0.0,0.0,0.0,0.0,0.0,0.0,0.0,0.0,0.0,58.9,0.0
2050-10-05 02:00:00,2050-10-05 00:00:00,1528.4,0.0,0.0,9.6,1538.0,1481.0,1490.1,445.3,417.9,0.031,0.04,battery,gas-cc,0.0,0.0,0.0,0.0,0.0,0.0,0.0,0.0,0.0,0.0,0.0,0.0,0.0,0.0,0.0,0.0,0.0,0.0,161.2,3.0,0.3,19.0,1215.3,0.07,161.3,55.3,216.6,368.6,6.9,0.69,43.5,2781.8,0.16,369.0,126.5,495.5,32.44,0.0,0.0,32.44,33.79,0.0,0.0,33.79,0.0,0.0,0.0,1510.7,48.0,1462.7,0.0,0.0,0.0,0.0,0.0,0.0,0.0,0.0,0.0,0.0,0.0,0.0,0.0,48.0,0.0
2050-10-05 03:00:00,2050-10-05 01:00:00,1396.8,0.0,0.0,6.9,1403.7,1354.5,1359.1,445.3,0.0,0.0303,0.0365,battery,gas-cc,0.0,0.0,0.0,0.0,0.0,0.0,0.0,0.0,0.0,0.0,0.0,0.0,0.0,0.0,0.0,0.0,0.0,0.0,158.5,3.0,0.3,18.7,1194.9,0.07,158.6,54.3,213.0,370.1,7.0,0.7,43.7,2792.5,0.16,370.5,127.0,497.4,32.44,0.0,0.0,32.44,33.67,0.0,0.0,33.67,0.0,0.0,0.0,958.4,44.7,913.8,0.0,0.0,0.0,0.0,0.0,0.0,0.0,0.0,0.0,0.0,0.0,0.0,0.0,44.7,0.0
2050-10-05 04:00:00,2050-10-05 02:00:00,1288.4,0.0,0.0,6.9,1295.3,1249.9,1256.6,445.3,0.0,0.0299,0.0337,battery,gas-cc,0.0,0.0,0.0,0.0,0.0,0.0,0.0,0.0,0.0,0.0,0.0,0.0,0.0,0.0,0.0,0.0,0.0,0.0,154.6,2.9,0.29,18.3,1165.7,0.07,154.8,53.0,207.8,369.0,7.0,0.7,43.6,2784.3,0.16,369.4,126.6,496.0,32.44,0.0,0.0,32.44,33.57,0.0,0.0,33.57,0.0,0.0,0.0,850.0,38.8,811.3,0.0,0.0,0.0,0.0,0.0,0.0,0.0,0.0,0.0,0.0,0.0,0.0,0.0,38.8,0.0
2050-10-05 05:00:00,2050-10-05 03:00:00,1224.2,0.0,0.0,7.4,1231.6,1187.8,1191.3,515.5,0.0,0.0298,0.032,battery,gas-cc,0.0,0.0,0.0,0.0,0.0,0.0,0.0,0.0,0.0,0.0,0.0,0.0,0.2,0.4,0.0,0.0,0.2,0.2,172.2,3.2,0.33,20.3,1298.8,0.07,172.4,59.1,231.5,368.3,6.9,0.69,43.5,2779.5,0.16,368.7,126.4,495.1,32.44,0.0,0.0,32.44,33.52,0.0,0.0,33.52,0.0,0.0,0.0,716.1,40.3,675.8,0.0,0.0,0.0,0.0,0.0,0.0,0.0,0.0,0.0,0.0,0.0,0.0,0.0,40.3,0.0
2050-10-05 06:00:00,2050-10-05 04:00:00,1211.6,0.0,0.0,7.7,1219.3,1175.5,1184.2,573.3,0.0,0.0298,0.0317,battery,gas-cc,0.0,0.0,0.0,0.0,0.0,0.0,0.0,0.0,0.0,0.0,0.0,0.0,0.3,0.8,0.01,0.0,0.4,0.4,195.9,3.7,0.37,23.1,1477.7,0.09,196.1,67.2,263.3,368.2,6.9,0.69,43.5,2778.6,0.16,368.6,126.3,494.9,32.44,0.0,0.0,32.44,33.5,0.0,0.0,33.5,0.0,0.0,0.0,646.0,35.1,610.9,0.0,0.0,0.0,0.0,0.0,0.0,0.0,0.0,0.0,0.0,0.0,0.0,0.0,35.1,0.0
2050-10-05 07:00:00,2050-10-05 05:00:00,1254.7,0.0,0.0,6.9,1261.6,1217.3,1223.8,445.3,0.0,0.0298,0.0328,battery,gas-cc,0.0,0.0,0.0,0.0,0.0,0.0,0.0,0.0,0.0,0.0,0.0,0.0,0.0,0.0,0.0,0.0,0.0,0.0,182.0,3.4,0.34,21.5,1372.8,0.08,182.2,62.4,244.6,368.6,6.9,0.69,43.5,2781.8,0.16,369.0,126.5,495.5,32.44,0.0,0.0,32.44,33.54,0.0,0.0,33.54,0.0,0.0,0.0,816.3,37.8,778.5,0.0,0.0,0.0,0.0,0.0,0.0,0.0,0.0,0.0,0.0,0.0,0.0,0.0,37.8,0.0
2050-10-05 08:00:00,2050-10-05 06:00:00,1348.4,837.3,0.0,7.7,2193.4,1307.8,573.6,573.6,0.0,0.0301,0.0353,gas-cc,gas-cc,0.0,0.0,0.0,0.0,0.0,0.0,0.0,0.0,0.0,0.0,0.0,0.0,0.1,0.3,0.0,0.0,0.1,0.1,140.4,2.7,0.27,16.6,1058.8,0.06,140.6,48.2,188.8,364.6,6.9,0.69,43.1,2751.7,0.16,365.0,125.1,490.2,26.99,0.0,0.0,26.99,27.97,0.0,0.0,27.97,0.0,0.0,0.0,1619.8,1619.8,0.0,0.0,0.0,0.0,0.0,67.0,0.0,0.0,0.0,0.0,0.0,0.0,0.0,1521.0,31.7,0.0
2050-10-05 09:00:00,2050-10-05 07:00:00,1484.2,2431.9,0.0,0.0,3916.1,1438.5,-0.0,0.0,0.0,0.0308,0.0388,upv,upv,0.0,0.0,0.0,0.0,0.0,0.0,0.0,0.0,0.0,0.0,0.0,0.0,0.0,0.0,0.0,0.0,0.0,0.0,139.8,2.6,0.26,16.5,1053.8,0.06,139.9,47.9,187.9,0.0,0.0,0.0,0.0,0.0,0.0,0.0,0.0,0.0,0.0,0.0,0.0,0.0,0.0,0.0,0.0,0.0,0.0,3781.4,3781.4,3916.1,3916.1,0.0,0.0,0.0,0.0,0.0,324.1,0.0,0.0,0.0,0.0,0.0,0.0,0.0,3572.6,19.4,0.0
2050-10-05 10:00:00,2050-10-05 08:00:00,1670.5,2431.9,0.0,0.0,4102.4,1617.2,0.0,0.0,0.0,0.0319,0.0437,upv,upv,0.0,0.0,0.0,0.0,0.0,0.0,0.0,0.0,0.0,0.0,0.0,0.0,0.0,0.0,0.0,0.0,0.0,0.0,140.0,2.6,0.26,16.5,1055.1,0.06,140.1,48.0,188.1,0.0,0.0,0.0,0.0,0.0,0.0,0.0,0.0,0.0,0.0,0.0,0.0,0.0,0.0,0.0,0.0,0.0,5.0,5221.8,5226.8,4102.4,4102.4,0.0,0.0,0.0,0.0,0.0,393.4,0.0,0.0,0.0,0.0,0.0,0.0,0.0,3709.1,0.0,0.0
2050-10-05 11:00:00,2050-10-05 09:00:00,1798.9,3854.9,0.0,0.0,5653.8,1739.8,0.0,0.0,0.0,0.0329,0.047,upv,upv,0.0,0.0,0.0,0.0,0.0,0.0,0.0,0.0,0.0,0.0,0.0,0.0,0.0,0.0,0.0,0.0,0.0,0.0,140.1,2.6,0.27,16.6,1056.1,0.06,140.2,48.0,188.3,0.0,0.0,0.0,0.0,0.0,0.0,0.0,0.0,0.0,0.0,0.0,0.0,0.0,0.0,0.0,0.0,0.0,8.8,4028.0,4036.8,5653.8,5653.8,0.0,0.0,0.0,0.0,0.0,408.5,0.0,0.0,0.0,0.0,0.0,0.0,0.0,5245.3,0.0,0.0
2050-10-05 12:00:00,2050-10-05 10:00:00,1881.1,4019.6,0.0,0.0,5900.6,1817.9,0.0,0.0,0.0,0.0336,0.0492,upv,upv,0.0,0.0,0.0,0.0,0.0,0.0,0.0,0.0,0.0,0.0,0.0,0.0,0.0,0.0,0.0,0.0,0.0,0.0,140.2,2.6,0.27,16.6,1056.8,0.06,140.3,48.1,188.4,0.0,0.0,0.0,0.0,0.0,0.0,0.0,0.0,0.0,0.0,0.0,0.0,0.0,0.0,0.0,0.0,0.0,0.0,3656.7,3656.7,5900.6,5900.6,0.0,0.0,0.0,0.0,0.0,402.4,0.0,0.0,0.0,0.0,0.0,0.0,0.0,5474.4,23.8,0.0
2050-10-05 13:00:00,2050-10-05 11:00:00,1976.8,4019.6,0.0,0.0,5996.4,1908.9,0.0,0.0,0.0,0.0344,0.0517,upv,upv,0.0,0.0,0.0,0.0,0.0,0.0,0.0,0.0,0.0,0.0,0.0,0.0,0.0,0.0,0.0,0.0,0.0,0.0,140.3,2.6,0.27,16.6,1057.7,0.06,140.5,48.1,188.6,0.0,0.0,0.0,0.0,0.0,0.0,0.0,0.0,0.0,0.0,0.0,0.0,0.0,0.0,0.0,0.0,0.0,0.0,3422.4,3422.4,5996.4,5996.4,0.0,0.0,0.0,0.0,0.0,395.9,0.0,0.0,0.0,0.0,0.0,0.0,0.0,5560.1,40.4,0.0
2050-10-05 14:00:00,2050-10-05 12:00:00,2077.9,2461.0,0.0,0.0,4538.9,2004.6,0.0,0.0,0.0,0.0353,0.0543,upv,upv,0.0,0.0,0.0,0.0,0.0,0.0,0.0,0.0,0.0,0.0,0.0,0.0,0.0,0.0,0.0,0.0,0.0,0.0,140.4,2.7,0.27,16.6,1058.7,0.06,140.6,48.2,188.7,0.0,0.0,0.0,0.0,0.0,0.0,0.0,0.0,0.0,0.0,0.0,0.0,0.0,0.0,0.0,0.0,0.0,0.0,5035.4,5035.4,4538.9,4538.9,0.0,0.0,0.0,0.0,0.0,401.7,0.0,0.0,0.0,0.0,0.0,0.0,0.0,4082.8,54.4,0.0
2050-10-05 15:00:00,2050-10-05 13:00:00,2193.7,3990.5,0.0,0.0,6184.2,2113.9,-0.0,0.0,0.0,0.0364,0.0574,upv,upv,0.0,0.0,0.0,0.0,0.0,0.0,0.0,0.0,0.0,0.0,0.0,0.0,0.0,0.0,0.0,0.0,0.0,0.0,140.6,2.7,0.27,16.6,1059.9,0.06,140.7,48.2,189.0,0.0,0.0,0.0,0.0,0.0,0.0,0.0,0.0,0.0,0.0,0.0,0.0,0.0,0.0,0.0,0.0,0.0,0.0,3613.0,3613.0,6184.2,6184.2,0.0,0.0,0.0,0.0,0.0,410.3,0.0,0.0,0.0,0.0,0.0,0.0,0.0,5699.1,74.8,0.0
2050-10-05 16:00:00,2050-10-05 14:00:00,2322.1,2941.7,0.0,0.0,5263.8,2234.7,0.0,0.0,0.0,0.0376,0.0607,upv,upv,0.0,0.0,0.0,0.0,0.0,0.0,0.0,0.0,0.0,0.0,0.0,0.0,0.0,0.0,0.0,0.0,0.0,0.0,140.8,2.7,0.27,16.6,1061.3,0.06,140.9,48.3,189.2,0.0,0.0,0.0,0.0,0.0,0.0,0.0,0.0,0.0,0.0,0.0,0.0,0.0,0.0,0.0,0.0,0.0,0.0,4805.0,4805.0,5263.8,5263.8,0.0,0.0,0.0,0.0,0.0,420.4,0.0,0.0,0.0,0.0,0.0,0.0,0.0,4739.7,103.7,0.0
2050-10-05 17:00:00,2050-10-05 15:00:00,2443.2,3406.0,0.0,0.0,5849.2,2348.2,0.0,0.0,0.0,0.0388,0.0639,upv,upv,0.0,0.0,0.0,0.0,0.0,0.0,0.0,0.0,0.0,0.0,0.0,0.0,0.0,0.0,0.0,0.0,0.0,0.0,141.0,2.7,0.27,16.7,1062.7,0.06,141.1,48.3,189.4,0.0,0.0,0.0,0.0,0.0,0.0,0.0,0.0,0.0,0.0,0.0,0.0,0.0,0.0,0.0,0.0,0.0,0.0,3440.2,3440.2,5849.2,5849.2,0.0,0.0,0.0,0.0,0.0,387.6,0.0,0.0,0.0,0.0,0.0,0.0,0.0,5354.9,106.7,0.0
2050-10-05 18:00:00,2050-10-05 16:00:00,2546.3,772.2,0.0,10.7,3329.2,2444.7,-1640.0,0.0,1640.0,0.0399,0.0666,battery,gas-cc,0.0,0.0,0.0,0.0,0.0,0.0,0.0,0.0,0.0,0.0,0.0,0.0,0.0,0.0,0.0,0.0,0.0,0.0,142.0,2.7,0.27,16.8,1070.8,0.06,142.2,48.7,190.9,343.3,6.5,0.65,40.6,2590.5,0.15,343.7,117.8,461.4,26.99,0.0,0.0,26.99,28.91,0.0,0.0,28.91,0.0,0.0,0.0,4969.1,4969.1,0.0,0.0,0.0,0.0,0.0,204.4,0.0,0.0,0.0,0.0,0.0,0.0,0.0,4639.9,124.8,0.0
2050-10-05 19:00:00,2050-10-05 17:00:00,2595.8,0.0,0.0,10.7,2606.5,2490.8,2412.8,10.1,1616.8,0.0404,0.0679,gas-cc,gas-cc,0.0,0.0,0.0,0.0,0.0,0.0,0.0,0.0,0.0,0.0,0.0,0.0,0.0,0.0,0.0,0.0,0.0,0.0,165.0,3.1,0.31,19.5,1244.2,0.07,165.2,56.6,221.8,377.4,7.1,0.71,44.6,2848.0,0.16,377.8,129.5,507.3,32.31,0.0,0.0,32.31,34.67,0.0,0.0,34.67,0.0,0.0,0.0,4213.2,193.6,4019.6,0.0,0.0,0.0,0.0,1.3,0.0,0.0,0.0,0.0,0.0,0.0,0.0,29.1,163.2,0.0
2050-10-05 20:00:00,2050-10-05 18:00:00,2638.9,0.0,0.0,3.0,2642.0,2531.0,2444.0,196.6,0.0,0.0409,0.069,battery,gas-cc,0.0,0.0,0.0,0.0,0.0,0.0,0.0,0.0,0.0,0.0,0.0,0.0,0.0,0.0,0.0,0.0,0.0,0.0,169.4,3.2,0.32,20.0,1277.6,0.07,169.6,58.1,227.7,366.9,6.9,0.69,43.3,2768.5,0.16,367.3,125.9,493.2,32.31,0.0,0.0,32.31,34.71,0.0,0.0,34.71,0.0,0.0,0.0,2445.4,198.0,2247.5,0.0,0.0,0.0,0.0,0.0,0.0,0.0,0.0,0.0,0.0,0.0,0.0,0.0,198.0,0.0
2050-10-05 21:00:00,2050-10-05 19:00:00,2549.5,0.0,0.0,0.9,2550.4,2447.6,2369.8,57.2,0.0,0.0399,0.0667,battery,gas-cc,0.0,0.0,0.0,0.0,0.0,0.0,0.0,0.0,0.0,0.0,0.0,0.0,0.0,0.0,0.0,0.0,0.0,0.0,173.4,3.3,0.33,20.5,1307.4,0.08,173.5,59.5,233.0,377.7,7.1,0.71,44.6,2850.0,0.16,378.1,129.6,507.7,32.31,0.0,0.0,32.31,34.62,0.0,0.0,34.62,0.0,0.0,0.0,2493.1,180.6,2312.5,0.0,0.0,0.0,0.0,0.0,0.0,0.0,0.0,0.0,0.0,0.0,0.0,0.0,180.6,0.0
2050-10-05 22:00:00,2050-10-05 20:00:00,2330.5,0.0,0.0,4.8,2335.3,2242.6,2205.0,71.4,563.6,0.0377,0.0609,battery,gas-cc,0.0,0.0,0.0,0.0,0.0,0.0,0.0,0.0,0.0,0.0,0.0,0.0,0.0,0.0,0.0,0.0,0.0,0.0,178.4,3.4,0.34,21.1,1345.6,0.08,178.6,61.2,239.8,374.6,7.1,0.71,44.3,2826.9,0.16,375.0,128.5,503.6,32.31,0.0,0.0,32.31,34.41,0.0,0.0,34.41,0.0,0.0,0.0,2827.5,130.3,2697.2,0.0,0.0,0.0,0.0,0.0,0.0,0.0,0.0,0.0,0.0,0.0,0.0,0.0,130.3,0.0
2050-10-05 23:00:00,2050-10-05 21:00:00,2113.7,0.0,0.0,9.3,2122.9,2038.4,2010.2,35.9,1337.6,0.0356,0.0553,battery,gas-cc,0.0,0.0,0.0,0.0,0.0,0.0,0.0,0.0,0.0,0.0,0.0,0.0,0.0,0.0,0.0,0.0,0.0,0.0,175.8,3.3,0.33,20.8,1325.6,0.08,176.0,60.3,236.2,373.1,7.0,0.7,44.1,2815.6,0.16,373.5,128.0,501.5,32.31,0.0,0.0,32.31,34.2,0.0,0.0,34.2,0.0,0.0,0.0,3424.7,112.7,3312.0,0.0,0.0,0.0,0.0,0.0,0.0,0.0,0.0,0.0,0.0,0.0,0.0,0.0,112.7,0.0
2050-10-06 00:00:00,2050-10-05 22:00:00,1902.1,0.0,0.0,15.1,1917.2,1837.9,1813.2,445.3,1258.8,0.0337,0.0497,battery,gas-cc,0.0,0.0,0.0,0.0,0.0,0.0,0.0,0.0,0.0,0.0,0.0,0.0,0.0,0.0,0.0,0.0,0.0,0.0,144.7,2.7,0.27,17.1,1090.9,0.06,144.9,49.6,194.5,381.4,7.2,0.72,45.1,2877.9,0.17,381.8,130.9,512.6,33.25,0.0,0.0,33.25,34.99,0.0,0.0,34.99,0.0,0.0,0.0,2730.6,104.0,2626.6,0.0,0.0,0.0,0.0,0.0,0.0,0.0,0.0,0.0,0.0,0.0,0.0,0.0,104.0,0.0
2050-10-06 01:00:00,2050-10-05 23:00:00,1698.9,0.0,0.0,15.0,1714.0,1644.3,1627.3,445.3,1253.0,0.0321,0.0444,battery,gas-cc,0.0,0.0,0.0,0.0,0.0,0.0,0.0,0.0,0.0,0.0,0.0,0.0,0.0,0.0,0.0,0.0,0.0,0.0,145.1,2.7,0.27,17.1,1094.3,0.06,145.3,49.8,195.1,406.3,7.7,0.77,48.0,3066.2,0.18,406.8,139.4,546.2,33.25,0.0,0.0,33.25,34.79,0.0,0.0,34.79,0.0,0.0,0.0,2521.7,86.7,2435.0,0.0,0.0,0.0,0.0,0.0,0.0,0.0,0.0,0.0,0.0,0.0,0.0,0.0,86.7,0.0
2050-10-06 02:00:00,2050-10-06 00:00:00,1469.5,0.0,0.0,1.9,1471.4,1424.4,1398.4,0.0,294.2,0.0307,0.0384,battery,gas-cc,0.0,0.0,0.0,0.0,0.0,0.0,0.0,0.0,0.0,0.0,0.0,0.0,0.0,0.0,0.0,0.0,0.0,0.0,144.7,2.7,0.27,17.1,1090.6,0.06,144.8,49.6,194.4,376.9,7.1,0.71,44.5,2844.0,0.16,377.3,129.3,506.6,32.98,0.0,0.0,32.98,34.3,0.0,0.0,34.3,0.0,0.0,0.0,1765.6,73.0,1692.6,0.0,0.0,0.0,0.0,0.0,0.0,0.0,0.0,0.0,0.0,0.0,0.0,0.0,73.0,0.0
2050-10-06 03:00:00,2050-10-06 01:00:00,1325.3,0.0,0.0,0.0,1325.3,1285.4,1273.2,0.0,0.0,0.0301,0.0347,battery,gas-cc,0.0,0.0,0.0,0.0,0.0,0.0,0.0,0.0,0.0,0.0,0.0,0.0,0.0,0.0,0.0,0.0,0.0,0.0,144.9,2.7,0.27,17.1,1092.8,0.06,145.1,49.7,194.8,369.3,7.0,0.7,43.6,2787.1,0.16,369.7,126.7,496.5,32.98,0.0,0.0,32.98,34.17,0.0,0.0,34.17,0.0,0.0,0.0,1325.3,52.1,1273.2,0.0,0.0,0.0,0.0,0.0,0.0,0.0,0.0,0.0,0.0,0.0,0.0,0.0,52.1,0.0
2050-10-06 04:00:00,2050-10-06 02:00:00,1216.8,0.0,0.0,3.7,1220.5,1180.6,1188.5,235.8,0.0,0.0298,0.0318,battery,gas-cc,0.0,0.0,0.0,0.0,0.0,0.0,0.0,0.0,0.0,0.0,0.0,0.0,0.0,0.0,0.0,0.0,0.0,0.0,144.6,2.7,0.27,17.1,1090.4,0.06,144.8,49.6,194.4,368.3,6.9,0.69,43.5,2779.0,0.16,368.7,126.4,495.0,32.98,0.0,0.0,32.98,34.07,0.0,0.0,34.07,0.0,0.0,0.0,984.7,32.0,952.7,0.0,0.0,0.0,0.0,0.0,0.0,0.0,0.0,0.0,0.0,0.0,0.0,0.0,32.0,0.0
2050-10-06 05:00:00,2050-10-06 03:00:00,1147.4,0.0,0.0,3.0,1150.4,1113.3,1129.9,195.0,0.0,0.0297,0.03,battery,gas-cc,0.0,0.0,0.0,0.0,0.0,0.0,0.0,0.0,0.0,0.0,0.0,0.0,0.0,0.0,0.0,0.0,0.0,0.0,144.7,2.7,0.27,17.1,1091.1,0.06,144.9,49.6,194.5,362.7,6.8,0.68,42.8,2736.8,0.16,363.1,124.4,487.5,32.98,0.0,0.0,32.98,34.0,0.0,0.0,34.0,0.0,0.0,0.0,955.4,20.5,934.9,0.0,0.0,0.0,0.0,0.0,0.0,0.0,0.0,0.0,0.0,0.0,0.0,0.0,20.5,0.0
2050-10-06 06:00:00,2050-10-06 04:00:00,1136.8,0.0,0.0,0.7,1137.6,1103.1,1126.3,48.4,0.0,0.0297,0.0297,battery,gas-cc,0.0,0.0,0.0,0.0,0.0,0.0,0.0,0.0,0.0,0.0,0.0,0.0,0.0,0.0,0.0,0.0,0.0,0.0,144.8,2.7,0.27,17.1,1091.6,0.06,144.9,49.7,194.6,367.5,6.9,0.69,43.4,2773.0,0.16,367.9,126.1,493.9,32.98,0.0,0.0,32.98,33.99,0.0,0.0,33.99,0.0,0.0,0.0,1089.2,11.3,1077.9,0.0,0.0,0.0,0.0,0.0,0.0,0.0,0.0,0.0,0.0,0.0,0.0,0.0,11.3,0.0
2050-10-06 07:00:00,2050-10-06 05:00:00,1175.8,0.0,0.0,4.1,1179.9,1140.9,1172.9,263.1,0.0,0.0297,0.0307,battery,gas-cc,0.0,0.0,0.0,0.0,0.0,0.0,0.0,0.0,0.0,0.0,0.0,0.0,0.0,0.0,0.0,0.0,0.0,0.0,144.9,2.7,0.27,17.1,1092.5,0.06,145.1,49.7,194.8,362.9,6.8,0.68,42.9,2738.9,0.16,363.3,124.5,487.9,32.98,0.0,0.0,32.98,34.03,0.0,0.0,34.03,0.0,0.0,0.0,916.8,7.0,909.8,0.0,0.0,0.0,0.0,0.0,0.0,0.0,0.0,0.0,0.0,0.0,0.0,0.0,7.0,0.0
2050-10-06 08:00:00,2050-10-06 06:00:00,1257.9,1609.5,0.0,7.3,2874.7,1220.3,381.9,445.3,63.4,0.0299,0.0329,gas-cc,gas-cc,0.0,0.0,0.0,0.0,0.0,0.0,0.0,0.0,0.0,0.0,0.0,0.0,0.0,0.0,0.0,0.0,0.0,0.0,168.2,3.2,0.32,19.9,1268.3,0.07,168.3,57.7,226.0,363.8,6.9,0.69,43.0,2744.9,0.16,364.1,124.8,489.0,26.22,0.0,0.0,26.22,27.11,0.0,0.0,27.11,0.0,0.0,0.0,2492.7,2492.7,0.0,0.0,0.0,0.0,0.0,105.0,0.0,0.0,0.0,0.0,0.0,0.0,0.0,2383.0,4.8,0.0
2050-10-06 09:00:00,2050-10-06 07:00:00,1412.6,4014.7,0.0,10.7,5437.9,1369.7,-1640.0,0.0,1640.0,0.0304,0.0369,upv,upv,0.0,0.0,0.0,0.0,0.0,0.0,0.0,0.0,0.0,0.0,0.0,0.0,0.0,0.0,0.0,0.0,0.0,0.0,139.7,2.6,0.26,16.5,1053.4,0.06,139.9,47.9,187.8,0.0,0.0,0.0,0.0,0.0,0.0,0.0,0.0,0.0,0.0,0.0,0.0,0.0,0.0,0.0,0.0,0.0,1.4,1396.3,1397.7,7077.9,7077.9,0.0,0.0,0.0,0.0,0.0,357.6,0.0,0.0,0.0,0.0,0.0,0.0,0.0,6720.3,0.0,0.0
2050-10-06 10:00:00,2050-10-06 08:00:00,1603.2,3789.0,0.0,8.4,5400.5,1552.7,-1289.9,0.0,1289.9,0.0315,0.0419,upv,upv,0.0,0.0,0.0,0.0,0.0,0.0,0.0,0.0,0.0,0.0,0.0,0.0,0.0,0.0,0.0,0.0,0.0,0.0,139.9,2.6,0.26,16.5,1054.6,0.06,140.0,48.0,188.0,0.0,0.0,0.0,0.0,0.0,0.0,0.0,0.0,0.0,0.0,0.0,0.0,0.0,0.0,0.0,0.0,0.0,0.0,3180.3,3180.3,6690.4,6690.4,0.0,0.0,0.0,0.0,0.0,416.5,0.0,0.0,0.0,0.0,0.0,0.0,0.0,6273.9,0.0,0.0
2050-10-06 11:00:00,2050-10-06 09:00:00,1698.9,3824.8,0.0,10.5,5534.2,1644.3,-1608.9,0.0,1608.9,0.0321,0.0444,upv,upv,0.0,0.0,0.0,0.0,0.0,0.0,0.0,0.0,0.0,0.0,0.0,0.0,0.0,0.0,0.0,0.0,0.0,0.0,140.0,2.6,0.26,16.5,1055.3,0.06,140.1,48.0,188.1,0.0,0.0,0.0,0.0,0.0,0.0,0.0,0.0,0.0,0.0,0.0,0.0,0.0,0.0,0.0,0.0,0.0,0.0,2815.7,2815.7,7143.0,7143.0,0.0,0.0,0.0,0.0,0.0,420.4,0.0,0.0,0.0,0.0,0.0,0.0,0.0,6722.6,0.0,0.0
2050-10-06 12:00:00,2050-10-06 10:00:00,1778.9,3986.6,0.0,10.7,5776.2,1720.7,-1640.0,0.0,1640.0,0.0327,0.0465,upv,upv,0.0,0.0,0.0,0.0,0.0,0.0,0.0,0.0,0.0,0.0,0.0,0.0,0.0,0.0,0.0,0.0,0.0,0.0,140.1,2.6,0.27,16.5,1056.0,0.06,140.2,48.0,188.3,0.0,0.0,0.0,0.0,0.0,0.0,0.0,0.0,0.0,0.0,0.0,0.0,0.0,0.0,0.0,0.0,0.0,0.5,2258.8,2259.3,7416.2,7416.2,0.0,0.0,0.0,0.0,0.0,408.2,0.0,0.0,0.0,0.0,0.0,0.0,0.0,7008.0,0.0,0.0
2050-10-06 13:00:00,2050-10-06 11:00:00,1857.9,2431.9,0.0,10.7,4300.5,1795.9,-1640.0,0.0,1640.0,0.0334,0.0486,upv,upv,0.0,0.0,0.0,0.0,0.0,0.0,0.0,0.0,0.0,0.0,0.0,0.0,0.0,0.0,0.0,0.0,0.0,0.0,140.2,2.6,0.27,16.6,1056.6,0.06,140.3,48.1,188.4,0.0,0.0,0.0,0.0,0.0,0.0,0.0,0.0,0.0,0.0,0.0,0.0,0.0,0.0,0.0,0.0,0.0,4.0,3518.8,3522.8,5940.4,5940.4,0.0,0.0,0.0,0.0,0.0,399.1,0.0,0.0,0.0,0.0,0.0,0.0,0.0,5541.3,0.0,0.0
2050-10-06 14:00:00,2050-10-06 12:00:00,1951.6,4019.6,0.0,10.7,5981.8,1884.9,-1640.0,0.0,1640.0,0.0342,0.051,upv,upv,0.0,0.0,0.0,0.0,0.0,0.0,0.0,0.0,0.0,0.0,0.0,0.0,0.0,0.0,0.0,0.0,0.0,0.0,140.4,2.6,0.27,16.6,1058.1,0.06,140.5,48.1,188.6,0.0,0.0,0.0,0.0,0.0,0.0,0.0,0.0,0.0,0.0,0.0,0.0,0.0,0.0,0.0,0.0,0.0,14.5,1628.4,1642.9,7621.8,7621.8,0.0,0.0,0.0,0.0,0.0,390.5,0.0,0.0,0.0,0.0,0.0,0.0,0.0,7231.3,0.0,0.0
2050-10-06 15:00:00,2050-10-06 13:00:00,2064.2,2431.9,0.0,10.7,4506.8,1991.6,-1640.0,0.0,1640.0,0.0352,0.054,upv,upv,0.0,0.0,0.0,0.0,0.0,0.0,0.0,0.0,0.0,0.0,0.0,0.0,0.0,0.0,0.0,0.0,0.0,0.0,140.4,2.7,0.27,16.6,1058.6,0.06,140.6,48.2,188.7,0.0,0.0,0.0,0.0,0.0,0.0,0.0,0.0,0.0,0.0,0.0,0.0,0.0,0.0,0.0,0.0,0.0,0.0,2858.9,2858.9,6146.7,6146.7,0.0,0.0,0.0,0.0,0.0,378.6,0.0,0.0,0.0,0.0,0.0,0.0,0.0,5735.9,32.2,0.0
2050-10-06 16:00:00,2050-10-06 14:00:00,2162.1,2626.7,0.0,3.1,4791.9,2084.1,-470.4,0.0,470.4,0.0361,0.0565,upv,upv,0.0,0.0,0.0,0.0,0.0,0.0,0.0,0.0,0.0,0.0,0.0,0.0,0.0,0.0,0.0,0.0,0.0,0.0,143.8,2.7,0.27,17.0,1083.9,0.06,143.9,49.3,193.2,0.0,0.0,0.0,0.0,0.0,0.0,0.0,0.0,0.0,0.0,0.0,0.0,0.0,0.0,0.0,0.0,0.0,0.0,3194.8,3194.8,5262.3,5262.3,0.0,0.0,0.0,0.0,0.0,355.1,0.0,0.0,0.0,0.0,0.0,0.0,0.0,4863.6,43.6,0.0
2050-10-06 17:00:00,2050-10-06 15:00:00,2286.3,2431.9,0.0,10.7,4728.9,2201.1,-1640.0,0.0,1640.0,0.0373,0.0598,upv,upv,0.0,0.0,0.0,0.0,0.0,0.0,0.0,0.0,0.0,0.0,0.0,0.0,0.0,0.0,0.0,0.0,0.0,0.0,140.7,2.7,0.27,16.6,1060.9,0.06,140.9,48.3,189.1,0.0,0.0,0.0,0.0,0.0,0.0,0.0,0.0,0.0,0.0,0.0,0.0,0.0,0.0,0.0,0.0,0.0,0.0,163.3,163.3,6368.8,6368.8,0.0,0.0,0.0,0.0,0.0,273.4,0.0,0.0,0.0,0.0,0.0,0.0,0.0,6040.4,55.1,0.0
2050-10-06 18:00:00,2050-10-06 16:00:00,2409.5,0.0,0.0,11.0,2420.4,2316.7,-305.0,91.8,1469.5,0.0385,0.063,battery,gas-cc,102.4,1.9,0.19,12.1,772.4,0.04,102.5,35.1,137.6,103.9,2.0,0.2,12.3,784.4,0.05,104.1,35.7,139.7,147.2,2.8,0.28,17.4,1110.0,0.06,147.4,50.5,197.9,482.5,9.1,0.91,57.0,3641.0,0.21,483.0,165.6,648.6,35.8,0.0,0.0,35.8,38.21,0.0,0.0,38.21,0.0,0.0,0.0,3798.2,2725.4,0.0,0.0,0.0,0.0,0.0,111.9,1072.7,0.0,0.0,0.0,0.0,0.0,0.0,2539.7,73.9,0.0
2050-10-06 19:00:00,2050-10-06 17:00:00,2448.4,0.0,0.0,10.7,2459.1,2353.2,2363.7,0.0,1640.0,0.0389,0.064,battery,gas-cc,94.8,1.8,0.18,11.2,715.7,0.04,94.9,32.5,127.5,98.7,1.9,0.19,11.7,744.7,0.04,98.8,33.9,132.6,146.6,2.8,0.28,17.3,1105.6,0.06,146.8,50.3,197.1,436.0,8.2,0.82,51.5,3290.3,0.19,436.5,149.6,586.1,37.47,0.0,0.0,37.47,40.03,0.0,0.0,40.03,0.0,0.0,0.0,4099.0,95.4,2931.0,0.0,0.0,0.0,0.0,0.0,1072.7,0.0,0.0,0.0,0.0,0.0,0.0,0.0,95.4,0.0
2050-10-06 20:00:00,2050-10-06 18:00:00,2482.1,0.0,0.0,10.7,2492.8,2384.7,2383.9,0.0,1640.0,0.0392,0.0649,battery,gas-cc,94.1,1.8,0.18,11.1,709.9,0.04,94.2,32.3,126.4,97.9,1.8,0.18,11.6,738.9,0.04,98.0,33.6,131.6,146.3,2.8,0.28,17.3,1102.6,0.06,146.4,50.2,196.6,436.4,8.2,0.82,51.6,3293.4,0.19,436.9,149.8,586.7,37.47,0.0,0.0,37.47,40.07,0.0,0.0,40.07,0.0,0.0,0.0,4132.7,108.8,2951.2,0.0,0.0,0.0,0.0,0.0,1072.7,0.0,0.0,0.0,0.0,0.0,0.0,0.0,108.8,0.0
2050-10-06 21:00:00,2050-10-06 19:00:00,2373.7,0.0,0.0,9.4,2383.1,2283.2,2275.4,0.0,1453.1,0.0381,0.0621,battery,gas-cc,101.3,1.9,0.19,12.0,764.7,0.04,101.4,34.8,136.2,105.4,2.0,0.2,12.4,795.0,0.05,105.5,36.2,141.6,145.9,2.8,0.28,17.2,1099.8,0.06,146.0,50.0,196.1,423.7,8.0,0.8,50.1,3197.6,0.18,424.2,145.4,569.6,37.47,0.0,0.0,37.47,39.95,0.0,0.0,39.95,0.0,0.0,0.0,3836.3,107.7,2655.8,0.0,0.0,0.0,0.0,0.0,1072.7,0.0,0.0,0.0,0.0,0.0,0.0,0.0,107.7,0.0
2050-10-06 22:00:00,2050-10-06 20:00:00,2183.2,0.0,0.0,5.4,2188.6,2104.0,2112.2,0.0,837.0,0.0363,0.0571,battery,gas-cc,128.5,2.4,0.24,15.2,969.6,0.06,128.6,44.1,172.7,133.3,2.5,0.25,15.8,1006.1,0.06,133.5,45.7,179.2,145.7,2.7,0.28,17.2,1098.4,0.06,145.8,50.0,195.8,421.5,7.9,0.79,49.8,3180.7,0.18,422.0,144.6,566.6,37.47,0.0,0.0,37.47,39.74,0.0,0.0,39.74,0.0,0.0,0.0,3025.6,76.4,1876.5,0.0,0.0,0.0,0.0,0.0,1072.7,0.0,0.0,0.0,0.0,0.0,0.0,0.0,76.4,0.0
2050-10-06 23:00:00,2050-10-06 21:00:00,1994.7,0.0,0.0,8.5,2003.2,1925.8,1947.5,0.0,1308.1,0.0345,0.0522,battery,gas-cc,117.4,2.2,0.22,13.9,885.9,0.05,117.5,40.3,157.8,121.6,2.3,0.23,14.4,917.6,0.05,121.7,41.7,163.5,149.1,2.8,0.28,17.6,1124.1,0.06,149.3,51.1,200.4,430.6,8.1,0.81,50.9,3249.1,0.19,431.0,147.7,578.8,37.47,0.0,0.0,37.47,39.53,0.0,0.0,39.53,0.0,0.0,0.0,3311.4,55.7,2182.9,0.0,0.0,0.0,0.0,0.0,1072.7,0.0,0.0,0.0,0.0,0.0,0.0,0.0,55.7,0.0
2050-10-07 00:00:00,2050-10-06 22:00:00,1822.1,0.0,0.0,5.7,1827.8,1761.8,1787.5,0.0,879.0,0.0331,0.0477,battery,gas-cc,143.6,2.7,0.27,17.0,1083.8,0.06,143.8,49.3,193.1,148.5,2.8,0.28,17.5,1120.9,0.06,148.7,51.0,199.7,144.4,2.7,0.27,17.1,1088.3,0.06,144.5,49.5,194.0,369.4,7.0,0.7,43.6,2787.5,0.16,369.8,126.7,496.5,37.47,0.0,0.0,37.47,39.35,0.0,0.0,39.35,0.0,0.0,0.0,2706.8,40.4,1593.7,0.0,0.0,0.0,0.0,0.0,1072.7,0.0,0.0,0.0,0.0,0.0,0.0,0.0,40.4,0.0
2050-10-07 01:00:00,2050-10-06 23:00:00,1633.7,0.0,0.0,10.7,1644.3,1581.9,1610.7,0.0,1640.0,0.0317,0.0427,battery,gas-cc,118.4,2.2,0.22,14.0,893.2,0.05,118.5,40.6,159.1,122.2,2.3,0.23,14.4,922.5,0.05,122.4,41.9,164.3,144.6,2.7,0.27,17.1,1089.9,0.06,144.7,49.6,194.3,426.3,8.0,0.8,50.4,3217.1,0.18,426.8,146.3,573.1,37.47,0.0,0.0,37.47,39.14,0.0,0.0,39.14,0.0,0.0,0.0,3284.3,33.6,2177.9,0.0,0.0,0.0,0.0,0.0,1072.7,0.0,0.0,0.0,0.0,0.0,0.0,0.0,33.6,0.0
2050-10-07 02:00:00,2050-10-07 00:00:00,1455.8,0.0,0.0,9.7,1465.5,1411.2,1435.9,0.0,1499.6,0.0306,0.0381,gas-cc,gas-cc,131.1,2.5,0.25,15.5,989.4,0.06,131.3,45.0,176.2,135.3,2.5,0.25,16.0,1020.6,0.06,135.4,46.4,181.8,144.0,2.7,0.27,17.0,1085.6,0.06,144.2,49.4,193.5,365.7,6.9,0.69,43.2,2759.7,0.16,366.1,125.5,491.6,37.47,0.0,0.0,37.47,38.95,0.0,0.0,38.95,0.0,0.0,0.0,2965.2,29.6,1862.8,0.0,0.0,0.0,0.0,0.0,1072.7,0.0,0.0,0.0,0.0,0.0,0.0,0.0,29.6,0.0
2050-10-07 03:00:00,2050-10-07 01:00:00,1306.3,0.0,0.0,9.6,1316.0,1267.1,1292.2,0.0,1484.2,0.03,0.0342,battery,gas-cc,138.8,2.6,0.26,16.4,1047.7,0.06,139.0,47.6,186.6,143.1,2.7,0.27,16.9,1080.0,0.06,143.3,49.1,192.4,182.3,3.4,0.34,21.5,1374.6,0.08,182.5,62.5,245.0,422.5,8.0,0.8,49.9,3188.6,0.18,423.0,145.0,568.0,37.47,0.0,0.0,37.47,38.8,0.0,0.0,38.8,0.0,0.0,0.0,2800.2,23.7,1703.7,0.0,0.0,0.0,0.0,0.0,1072.7,0.0,0.0,0.0,0.0,0.0,0.0,0.0,23.7,0.0
2050-10-07 04:00:00,2050-10-07 02:00:00,1211.6,0.0,0.0,10.0,1221.5,1175.5,1199.4,0.0,1532.9,0.0298,0.0317,battery,gas-cc,141.1,2.7,0.27,16.7,1065.1,0.06,141.3,48.4,189.7,145.5,2.7,0.27,17.2,1097.7,0.06,145.6,49.9,195.5,143.7,2.7,0.27,17.0,1083.8,0.06,143.9,49.3,193.2,363.3,6.8,0.68,42.9,2741.5,0.16,363.7,124.7,488.3,37.47,0.0,0.0,37.47,38.7,0.0,0.0,38.7,0.0,0.0,0.0,2754.4,22.1,1659.6,0.0,0.0,0.0,0.0,0.0,1072.7,0.0,0.0,0.0,0.0,0.0,0.0,0.0,22.1,0.0
2050-10-07 05:00:00,2050-10-07 03:00:00,1154.7,0.0,0.0,10.3,1165.0,1120.4,1146.4,0.0,1579.0,0.0297,0.0302,gas-cc,gas-cc,141.7,2.7,0.27,16.7,1069.1,0.06,141.8,48.6,190.4,146.0,2.8,0.28,17.2,1101.9,0.06,146.2,50.1,196.3,143.2,2.7,0.27,16.9,1079.9,0.06,143.4,49.1,192.5,362.7,6.8,0.68,42.9,2737.3,0.16,363.1,124.5,487.6,37.47,0.0,0.0,37.47,38.64,0.0,0.0,38.64,0.0,0.0,0.0,2744.0,18.6,1652.6,0.0,0.0,0.0,0.0,0.0,1072.7,0.0,0.0,0.0,0.0,0.0,0.0,0.0,18.6,0.0
2050-10-07 06:00:00,2050-10-07 04:00:00,1101.1,0.0,0.0,8.2,1109.2,1068.3,1097.2,0.0,1259.2,0.0297,0.0288,battery,gas-cc,164.1,3.1,0.31,19.4,1238.6,0.07,164.3,56.3,220.6,169.2,3.2,0.32,20.0,1276.6,0.07,169.3,58.0,227.4,143.6,2.7,0.27,17.0,1082.5,0.06,143.7,49.2,193.0,420.2,7.9,0.79,49.6,3171.0,0.18,420.7,144.2,564.8,37.47,0.0,0.0,37.47,38.58,0.0,0.0,38.58,0.0,0.0,0.0,2368.5,12.1,1283.7,0.0,0.0,0.0,0.0,0.0,1072.7,0.0,0.0,0.0,0.0,0.0,0.0,0.0,12.1,0.0
2050-10-07 07:00:00,2050-10-07 05:00:00,1082.1,0.0,0.0,6.3,1088.4,1049.9,1080.3,0.0,966.5,0.0297,0.0283,gas-cc,gas-cc,189.2,3.6,0.36,22.3,1427.6,0.08,189.4,64.9,254.3,195.0,3.7,0.37,23.0,1471.4,0.08,195.2,66.9,262.1,143.8,2.7,0.27,17.0,1083.9,0.06,143.9,49.3,193.2,362.0,6.8,0.68,42.8,2732.0,0.16,362.4,124.2,486.6,37.47,0.0,0.0,37.47,38.56,0.0,0.0,38.56,0.0,0.0,0.0,2054.9,8.1,974.1,0.0,0.0,0.0,0.0,0.0,1072.7,0.0,0.0,0.0,0.0,0.0,0.0,0.0,8.1,0.0
2050-10-07 08:00:00,2050-10-07 06:00:00,1095.8,0.0,0.0,4.2,1100.0,1063.2,-653.5,0.0,653.5,0.0297,0.0287,battery,gas-cc,0.0,0.0,0.0,0.0,0.0,0.0,0.0,0.0,0.0,0.0,0.0,0.0,0.0,0.0,0.0,0.0,0.0,0.0,188.7,3.6,0.36,22.3,1423.3,0.08,188.9,64.7,253.6,341.7,6.4,0.64,40.4,2578.4,0.15,342.0,117.2,459.3,32.23,0.0,0.0,32.23,33.18,0.0,0.0,33.18,0.0,0.0,0.0,1753.5,1753.5,0.0,0.0,0.0,0.0,0.0,73.8,0.0,0.0,0.0,0.0,0.0,0.0,0.0,1673.7,6.0,0.0
2050-10-07 09:00:00,2050-10-07 07:00:00,1162.1,2821.5,0.0,11.0,3994.7,1127.6,-901.0,0.0,901.0,0.0297,0.0304,upv,upv,0.0,0.0,0.0,0.0,0.0,0.0,0.0,0.0,0.0,0.0,0.0,0.0,0.0,0.0,0.0,0.0,0.0,0.0,139.6,2.6,0.26,16.5,1052.6,0.06,139.8,47.9,187.7,0.0,0.0,0.0,0.0,0.0,0.0,0.0,0.0,0.0,0.0,0.0,0.0,0.0,0.0,0.0,0.0,0.0,5.4,2303.5,2308.9,4895.6,4895.6,0.0,0.0,0.0,0.0,0.0,0.0,0.0,0.0,0.0,0.0,0.0,0.0,0.0,4895.6,0.0,0.0
2050-10-07 10:00:00,2050-10-07 08:00:00,1293.7,4014.7,0.0,0.0,5308.3,1254.9,0.0,0.0,0.0,0.0299,0.0338,upv,upv,0.0,0.0,0.0,0.0,0.0,0.0,0.0,0.0,0.0,0.0,0.0,0.0,0.0,0.0,0.0,0.0,0.0,0.0,139.7,2.6,0.26,16.5,1052.9,0.06,139.8,47.9,187.7,0.0,0.0,0.0,0.0,0.0,0.0,0.0,0.0,0.0,0.0,0.0,0.0,0.0,0.0,0.0,0.0,0.0,3.9,3260.3,3264.3,5308.3,5308.3,0.0,0.0,0.0,0.0,0.0,361.6,0.0,0.0,0.0,0.0,0.0,0.0,0.0,4946.7,0.0,0.0
2050-10-07 11:00:00,2050-10-07 09:00:00,1409.5,3795.7,0.0,0.3,5205.4,1366.6,-39.9,0.0,39.9,0.0304,0.0369,upv,upv,0.0,0.0,0.0,0.0,0.0,0.0,0.0,0.0,0.0,0.0,0.0,0.0,0.0,0.0,0.0,0.0,0.0,0.0,139.7,2.6,0.26,16.5,1053.4,0.06,139.9,47.9,187.8,0.0,0.0,0.0,0.0,0.0,0.0,0.0,0.0,0.0,0.0,0.0,0.0,0.0,0.0,0.0,0.0,0.0,10.3,4578.4,4588.7,5245.3,5245.3,0.0,0.0,0.0,0.0,0.0,414.7,0.0,0.0,0.0,0.0,0.0,0.0,0.0,4830.6,0.0,0.0
2050-10-07 12:00:00,2050-10-07 10:00:00,1585.3,3791.8,0.0,0.0,5377.1,1535.5,0.0,0.0,0.0,0.0314,0.0415,upv,upv,0.0,0.0,0.0,0.0,0.0,0.0,0.0,0.0,0.0,0.0,0.0,0.0,0.0,0.0,0.0,0.0,0.0,0.0,139.9,2.6,0.26,16.5,1054.5,0.06,140.0,48.0,188.0,0.0,0.0,0.0,0.0,0.0,0.0,0.0,0.0,0.0,0.0,0.0,0.0,0.0,0.0,0.0,0.0,0.0,15.7,4142.8,4158.5,5377.1,5377.1,0.0,0.0,0.0,0.0,0.0,401.7,0.0,0.0,0.0,0.0,0.0,0.0,0.0,4975.4,0.0,0.0
2050-10-07 13:00:00,2050-10-07 11:00:00,1734.7,3629.9,0.0,1.1,5365.7,1678.5,-165.6,0.0,165.6,0.0324,0.0454,upv,upv,0.0,0.0,0.0,0.0,0.0,0.0,0.0,0.0,0.0,0.0,0.0,0.0,0.0,0.0,0.0,0.0,0.0,0.0,140.0,2.6,0.27,16.5,1055.6,0.06,140.2,48.0,188.2,0.0,0.0,0.0,0.0,0.0,0.0,0.0,0.0,0.0,0.0,0.0,0.0,0.0,0.0,0.0,0.0,0.0,0.0,3701.8,3701.8,5531.4,5531.4,0.0,0.0,0.0,0.0,0.0,388.7,0.0,0.0,0.0,0.0,0.0,0.0,0.0,5119.1,23.6,0.0
2050-10-07 14:00:00,2050-10-07 12:00:00,1876.8,2593.8,0.0,0.0,4470.6,1813.9,0.0,0.0,0.0,0.0335,0.0491,upv,upv,0.0,0.0,0.0,0.0,0.0,0.0,0.0,0.0,0.0,0.0,0.0,0.0,0.0,0.0,0.0,0.0,0.0,0.0,140.2,2.6,0.27,16.6,1056.8,0.06,140.3,48.1,188.4,0.0,0.0,0.0,0.0,0.0,0.0,0.0,0.0,0.0,0.0,0.0,0.0,0.0,0.0,0.0,0.0,0.0,0.0,4499.7,4499.7,4470.6,4470.6,0.0,0.0,0.0,0.0,0.0,377.1,0.0,0.0,0.0,0.0,0.0,0.0,0.0,4056.3,37.2,0.0
2050-10-07 15:00:00,2050-10-07 13:00:00,2007.4,2850.6,0.0,0.5,4858.5,1937.8,-72.2,0.0,72.2,0.0346,0.0525,upv,upv,0.0,0.0,0.0,0.0,0.0,0.0,0.0,0.0,0.0,0.0,0.0,0.0,0.0,0.0,0.0,0.0,0.0,0.0,140.3,2.6,0.27,16.6,1058.0,0.06,140.5,48.1,188.6,0.0,0.0,0.0,0.0,0.0,0.0,0.0,0.0,0.0,0.0,0.0,0.0,0.0,0.0,0.0,0.0,0.0,0.0,3262.8,3262.8,4930.6,4930.6,0.0,0.0,0.0,0.0,0.0,343.7,0.0,0.0,0.0,0.0,0.0,0.0,0.0,4537.2,49.7,0.0
2050-10-07 16:00:00,2050-10-07 14:00:00,2087.4,3432.3,0.0,0.0,5519.6,2013.5,0.0,0.0,0.0,0.0354,0.0546,upv,upv,0.0,0.0,0.0,0.0,0.0,0.0,0.0,0.0,0.0,0.0,0.0,0.0,0.0,0.0,0.0,0.0,0.0,0.0,140.4,2.7,0.27,16.6,1058.8,0.06,140.6,48.2,188.8,0.0,0.0,0.0,0.0,0.0,0.0,0.0,0.0,0.0,0.0,0.0,0.0,0.0,0.0,0.0,0.0,0.0,0.0,1171.4,1171.4,5519.6,5519.6,0.0,0.0,0.0,0.0,0.0,279.7,0.0,0.0,0.0,0.0,0.0,0.0,0.0,5177.7,62.2,0.0
2050-10-07 17:00:00,2050-10-07 15:00:00,2167.4,2626.7,0.0,0.0,4794.1,2089.1,0.0,0.0,0.0,0.0361,0.0567,upv,upv,0.0,0.0,0.0,0.0,0.0,0.0,0.0,0.0,0.0,0.0,0.0,0.0,0.0,0.0,0.0,0.0,0.0,0.0,140.6,2.7,0.27,16.6,1059.7,0.06,140.7,48.2,188.9,0.0,0.0,0.0,0.0,0.0,0.0,0.0,0.0,0.0,0.0,0.0,0.0,0.0,0.0,0.0,0.0,0.0,0.0,2622.2,2622.2,4794.1,4794.1,0.0,0.0,0.0,0.0,0.0,309.5,0.0,0.0,0.0,0.0,0.0,0.0,0.0,4402.3,82.4,0.0
2050-10-07 18:00:00,2050-10-07 16:00:00,2242.1,0.0,0.0,28.9,2271.0,2159.5,-2486.3,0.0,2816.0,0.0368,0.0586,gas-cc,gas-cc,23.5,0.4,0.04,2.8,177.2,0.01,23.5,8.1,31.6,24.4,0.5,0.05,2.9,184.0,0.01,24.4,8.4,32.8,141.1,2.7,0.27,16.7,1063.8,0.06,141.3,48.4,189.7,385.0,7.3,0.73,45.5,2905.1,0.17,385.4,132.1,517.5,33.36,0.0,0.0,33.36,35.43,0.0,0.0,35.43,0.0,0.0,0.0,5087.0,4757.3,0.0,0.0,0.0,0.0,0.0,196.5,329.7,0.0,0.0,0.0,0.0,0.0,0.0,4458.9,101.8,0.0
2050-10-07 19:00:00,2050-10-07 17:00:00,2255.8,0.0,0.0,24.8,2280.6,2172.4,2139.7,0.0,2339.0,0.037,0.059,battery,gas-cc,84.2,1.6,0.16,9.9,635.0,0.04,84.2,28.9,113.1,87.4,1.6,0.16,10.3,659.4,0.04,87.5,30.0,117.5,145.4,2.7,0.28,17.2,1096.2,0.06,145.6,49.9,195.4,373.8,7.0,0.7,44.2,2821.1,0.16,374.2,128.3,502.5,37.47,0.0,0.0,37.47,39.82,0.0,0.0,39.82,0.0,0.0,0.0,4619.6,140.9,3406.0,0.0,0.0,0.0,0.0,0.2,1072.7,0.0,0.0,0.0,0.0,0.0,0.0,5.3,135.3,0.0
2050-10-07 20:00:00,2050-10-07 18:00:00,2236.8,0.0,0.0,18.6,2255.5,2154.6,2101.3,0.0,1699.0,0.0368,0.0585,battery,gas-cc,98.3,1.9,0.19,11.6,741.9,0.04,98.4,33.7,132.1,102.1,1.9,0.19,12.1,770.2,0.04,102.2,35.0,137.2,146.0,2.8,0.28,17.2,1100.4,0.06,146.1,50.1,196.2,433.5,8.2,0.82,51.2,3271.0,0.19,433.9,148.7,582.7,37.47,0.0,0.0,37.47,39.8,0.0,0.0,39.8,0.0,0.0,0.0,3954.5,154.2,2727.5,0.0,0.0,0.0,0.0,0.0,1072.7,0.0,0.0,0.0,0.0,0.0,0.0,0.0,154.2,0.0
2050-10-07 21:00:00,2050-10-07 19:00:00,2152.6,0.0,0.0,20.8,2173.4,2075.2,2024.9,0.0,1970.2,0.036,0.0563,gas-cc,gas-cc,93.8,1.8,0.18,11.1,708.0,0.04,93.9,32.2,126.1,97.3,1.8,0.18,11.5,734.4,0.04,97.4,33.4,130.8,145.9,2.8,0.28,17.2,1100.3,0.06,146.1,50.1,196.2,372.8,7.0,0.7,44.0,2813.0,0.16,373.2,127.9,501.1,37.47,0.0,0.0,37.47,39.71,0.0,0.0,39.71,0.0,0.0,0.0,4143.6,148.5,2922.4,0.0,0.0,0.0,0.0,0.0,1072.7,0.0,0.0,0.0,0.0,0.0,0.0,0.0,148.5,0.0
2050-10-07 22:00:00,2050-10-07 20:00:00,2026.3,0.0,0.0,11.6,2037.9,1955.8,1936.1,0.0,1698.4,0.0348,0.053,battery,gas-cc,104.0,2.0,0.2,12.3,785.2,0.05,104.2,35.7,139.9,107.8,2.0,0.2,12.7,813.5,0.05,107.9,37.0,144.9,145.4,2.7,0.28,17.2,1096.3,0.06,145.6,49.9,195.4,430.9,8.1,0.81,50.9,3252.0,0.19,431.4,147.9,579.3,37.47,0.0,0.0,37.47,39.57,0.0,0.0,39.57,0.0,0.0,0.0,3736.3,101.8,2561.8,0.0,0.0,0.0,0.0,0.0,1072.7,0.0,0.0,0.0,0.0,0.0,0.0,0.0,101.8,0.0
2050-10-07 23:00:00,2050-10-07 21:00:00,1881.1,0.0,0.0,17.0,1898.0,1817.9,1842.8,0.0,1856.7,0.0336,0.0492,gas-cc,gas-cc,103.5,2.0,0.2,12.2,781.3,0.04,103.7,35.5,139.2,107.1,2.0,0.2,12.7,808.5,0.05,107.3,36.8,144.0,145.5,2.7,0.28,17.2,1097.2,0.06,145.7,49.9,195.6,370.0,7.0,0.7,43.7,2792.0,0.16,370.4,127.0,497.3,37.47,0.0,0.0,37.47,39.41,0.0,0.0,39.41,0.0,0.0,0.0,3754.7,55.2,2626.7,0.0,0.0,0.0,0.0,0.0,1072.7,0.0,0.0,0.0,0.0,0.0,0.0,0.0,55.2,0.0
2050-10-08 00:00:00,2050-10-07 22:00:00,1727.4,0.0,0.0,10.5,1737.8,1671.5,1698.8,0.0,1611.0,0.0323,0.0452,battery,gas-cc,116.1,2.2,0.22,13.7,876.0,0.05,116.2,39.8,156.0,120.0,2.3,0.23,14.2,905.3,0.05,120.1,41.2,161.3,145.6,2.7,0.28,17.2,1097.4,0.06,145.7,49.9,195.6,368.4,6.9,0.69,43.5,2780.2,0.16,368.8,126.4,495.2,37.47,0.0,0.0,37.47,39.24,0.0,0.0,39.24,0.0,0.0,0.0,3348.8,39.0,2237.1,0.0,0.0,0.0,0.0,0.0,1072.7,0.0,0.0,0.0,0.0,0.0,0.0,0.0,39.0,0.0
2050-10-08 01:00:00,2050-10-07 23:00:00,1577.9,0.0,0.0,9.8,1587.6,1528.5,1544.2,0.0,1500.2,0.0313,0.0413,battery,gas-cc,125.9,2.4,0.24,14.9,950.1,0.05,126.0,43.2,169.2,130.0,2.4,0.24,15.4,980.8,0.06,130.1,44.6,174.7,145.4,2.7,0.28,17.2,1096.2,0.06,145.5,49.9,195.4,366.9,6.9,0.69,43.3,2768.9,0.16,367.3,125.9,493.2,37.47,0.0,0.0,37.47,39.08,0.0,0.0,39.08,0.0,0.0,0.0,3087.8,43.4,1971.6,0.0,0.0,0.0,0.0,0.0,1072.7,0.0,0.0,0.0,0.0,0.0,0.0,0.0,43.4,0.0
2050-10-08 02:00:00,2050-10-08 00:00:00,1412.6,0.0,0.0,8.4,1421.0,1369.7,1390.9,0.0,1286.9,0.0304,0.0369,battery,gas-cc,143.6,2.7,0.27,17.0,1083.4,0.06,143.7,49.3,193.0,148.1,2.8,0.28,17.5,1117.4,0.06,148.2,50.8,199.0,145.3,2.7,0.27,17.2,1095.1,0.06,145.4,49.8,195.2,365.3,6.9,0.69,43.2,2756.5,0.16,365.7,125.3,491.0,37.47,0.0,0.0,37.47,38.91,0.0,0.0,38.91,0.0,0.0,0.0,2707.9,30.1,1605.0,0.0,0.0,0.0,0.0,0.0,1072.7,0.0,0.0,0.0,0.0,0.0,0.0,0.0,30.1,0.0
2050-10-08 03:00:00,2050-10-08 01:00:00,1283.2,0.0,0.0,9.5,1292.6,1244.8,1267.2,0.0,1458.1,0.0299,0.0336,battery,gas-cc,141.3,2.7,0.27,16.7,1066.5,0.06,141.5,48.5,190.0,145.7,2.7,0.27,17.2,1099.4,0.06,145.8,50.0,195.8,145.4,2.7,0.28,17.2,1096.2,0.06,145.6,49.9,195.4,364.0,6.9,0.69,43.0,2746.8,0.16,364.4,124.9,489.3,37.47,0.0,0.0,37.47,38.77,0.0,0.0,38.77,0.0,0.0,0.0,2750.8,25.4,1652.6,0.0,0.0,0.0,0.0,0.0,1072.7,0.0,0.0,0.0,0.0,0.0,0.0,0.0,25.4,0.0
2050-10-08 04:00:00,2050-10-08 02:00:00,1208.4,0.0,0.0,7.6,1216.0,1172.5,1190.1,0.0,1171.0,0.0298,0.0316,battery,gas-cc,162.9,3.1,0.31,19.2,1229.0,0.07,163.0,55.9,218.9,167.9,3.2,0.32,19.8,1266.7,0.07,168.0,57.6,225.6,151.6,2.9,0.29,17.9,1143.2,0.07,151.8,52.0,203.8,363.3,6.8,0.68,42.9,2741.3,0.16,363.7,124.6,488.3,37.47,0.0,0.0,37.47,38.69,0.0,0.0,38.69,0.0,0.0,0.0,2387.0,25.9,1288.4,0.0,0.0,0.0,0.0,0.0,1072.7,0.0,0.0,0.0,0.0,0.0,0.0,0.0,25.9,0.0
2050-10-08 05:00:00,2050-10-08 03:00:00,1144.2,0.0,0.0,8.8,1153.0,1110.2,1133.2,0.0,1355.8,0.0297,0.0299,battery,gas-cc,155.0,2.9,0.29,18.3,1169.4,0.07,155.1,53.2,208.3,159.7,3.0,0.3,18.9,1205.1,0.07,159.9,54.8,214.7,160.5,3.0,0.3,19.0,1210.6,0.07,160.7,55.1,215.8,362.6,6.8,0.68,42.8,2736.5,0.16,363.0,124.4,487.5,37.47,0.0,0.0,37.47,38.63,0.0,0.0,38.63,0.0,0.0,0.0,2508.8,19.8,1416.3,0.0,0.0,0.0,0.0,0.0,1072.7,0.0,0.0,0.0,0.0,0.0,0.0,0.0,19.8,0.0
2050-10-08 06:00:00,2050-10-08 04:00:00,1085.3,0.0,0.0,9.9,1095.2,1053.0,1080.6,0.0,1525.3,0.0297,0.0284,battery,gas-cc,148.4,2.8,0.28,17.5,1119.5,0.06,148.5,50.9,199.4,152.9,2.9,0.29,18.1,1153.8,0.07,153.1,52.5,205.5,216.0,4.1,0.41,25.5,1629.3,0.09,216.2,74.1,290.3,362.1,6.8,0.68,42.8,2732.2,0.16,362.5,124.2,486.7,37.47,0.0,0.0,37.47,38.57,0.0,0.0,38.57,0.0,0.0,0.0,2620.5,14.6,1533.2,0.0,0.0,0.0,0.0,0.0,1072.7,0.0,0.0,0.0,0.0,0.0,0.0,0.0,14.6,0.0
2050-10-08 07:00:00,2050-10-08 05:00:00,1064.2,0.0,0.0,1.2,1065.4,1032.5,1055.9,0.0,177.7,0.0298,0.0278,battery,gas-cc,312.7,5.9,0.59,36.9,2360.0,0.14,313.1,107.3,420.4,322.3,6.1,0.61,38.1,2432.4,0.14,322.7,110.6,433.3,145.8,2.8,0.28,17.2,1099.4,0.06,146.0,50.0,196.0,361.9,6.8,0.68,42.7,2730.6,0.16,362.2,124.2,486.4,37.47,0.0,0.0,37.47,38.54,0.0,0.0,38.54,0.0,0.0,0.0,1243.1,9.4,160.9,0.0,0.0,0.0,0.0,0.0,1072.7,0.0,0.0,0.0,0.0,0.0,0.0,0.0,9.4,0.0
2050-10-08 08:00:00,2050-10-08 06:00:00,1080.0,0.0,0.0,0.1,1080.1,1047.9,-21.2,0.0,21.2,0.0297,0.0282,hydro,gas-cc,0.0,0.0,0.0,0.0,0.0,0.0,0.0,0.0,0.0,0.0,0.0,0.0,0.0,0.0,0.0,0.0,0.0,0.0,139.6,2.6,0.26,16.5,1052.7,0.06,139.8,47.9,187.7,396.0,7.5,0.75,46.8,2988.1,0.17,396.4,135.9,532.3,30.66,0.0,0.0,30.66,31.55,0.0,0.0,31.55,0.0,0.0,0.0,1101.4,1101.4,0.0,0.0,0.0,0.0,0.0,46.4,0.0,0.0,0.0,0.0,0.0,0.0,0.0,1052.5,2.5,0.0
2050-10-08 09:00:00,2050-10-08 07:00:00,1131.6,4019.6,0.0,0.0,5151.2,1098.0,0.0,0.0,0.0,0.0297,0.0296,upv,upv,0.0,0.0,0.0,0.0,0.0,0.0,0.0,0.0,0.0,0.0,0.0,0.0,0.0,0.0,0.0,0.0,0.0,0.0,139.6,2.6,0.26,16.5,1052.6,0.06,139.8,47.9,187.7,0.0,0.0,0.0,0.0,0.0,0.0,0.0,0.0,0.0,0.0,0.0,0.0,0.0,0.0,0.0,0.0,0.0,0.0,1666.7,1666.7,5151.2,5151.2,0.0,0.0,0.0,0.0,0.0,287.8,0.0,0.0,0.0,0.0,0.0,0.0,0.0,4863.3,0.0,0.0
2050-10-08 10:00:00,2050-10-08 08:00:00,1273.7,4019.6,0.0,0.0,5293.3,1235.6,0.0,0.0,0.0,0.0299,0.0333,upv,upv,0.0,0.0,0.0,0.0,0.0,0.0,0.0,0.0,0.0,0.0,0.0,0.0,0.0,0.0,0.0,0.0,0.0,0.0,140.1,2.6,0.27,16.6,1056.5,0.06,140.3,48.1,188.4,0.0,0.0,0.0,0.0,0.0,0.0,0.0,0.0,0.0,0.0,0.0,0.0,0.0,0.0,0.0,0.0,0.0,0.0,3511.7,3511.7,5293.3,5293.3,0.0,0.0,0.0,0.0,0.0,371.7,0.0,0.0,0.0,0.0,0.0,0.0,0.0,4921.5,0.0,0.0
2050-10-08 11:00:00,2050-10-08 09:00:00,1402.1,3629.9,0.0,0.0,5032.0,1359.5,0.0,0.0,0.0,0.0304,0.0367,upv,upv,0.0,0.0,0.0,0.0,0.0,0.0,0.0,0.0,0.0,0.0,0.0,0.0,0.0,0.0,0.0,0.0,0.0,0.0,139.7,2.6,0.26,16.5,1053.4,0.06,139.9,47.9,187.8,0.0,0.0,0.0,0.0,0.0,0.0,0.0,0.0,0.0,0.0,0.0,0.0,0.0,0.0,0.0,0.0,0.0,0.0,4353.2,4353.2,5032.0,5032.0,0.0,0.0,0.0,0.0,0.0,396.3,0.0,0.0,0.0,0.0,0.0,0.0,0.0,4635.8,0.0,0.0
2050-10-08 12:00:00,2050-10-08 10:00:00,1564.2,2821.5,0.0,0.0,4385.8,1515.4,0.0,0.0,0.0,0.0312,0.0409,upv,upv,0.0,0.0,0.0,0.0,0.0,0.0,0.0,0.0,0.0,0.0,0.0,0.0,0.0,0.0,0.0,0.0,0.0,0.0,139.9,2.6,0.26,16.5,1055.0,0.06,140.1,48.0,188.1,0.0,0.0,0.0,0.0,0.0,0.0,0.0,0.0,0.0,0.0,0.0,0.0,0.0,0.0,0.0,0.0,0.0,0.0,4891.4,4891.4,4385.8,4385.8,0.0,0.0,0.0,0.0,0.0,391.6,0.0,0.0,0.0,0.0,0.0,0.0,0.0,3994.2,0.0,0.0
2050-10-08 13:00:00,2050-10-08 11:00:00,1729.5,3629.9,0.0,0.0,5359.4,1673.5,0.0,0.0,0.0,0.0324,0.0452,upv,upv,0.0,0.0,0.0,0.0,0.0,0.0,0.0,0.0,0.0,0.0,0.0,0.0,0.0,0.0,0.0,0.0,0.0,0.0,140.0,2.6,0.27,16.5,1055.5,0.06,140.2,48.0,188.2,0.0,0.0,0.0,0.0,0.0,0.0,0.0,0.0,0.0,0.0,0.0,0.0,0.0,0.0,0.0,0.0,0.0,0.1,3735.7,3735.8,5359.4,5359.4,0.0,0.0,0.0,0.0,0.0,384.0,0.0,0.0,0.0,0.0,0.0,0.0,0.0,4975.4,0.0,0.0
2050-10-08 14:00:00,2050-10-08 12:00:00,1902.1,2431.9,0.0,0.0,4334.0,1837.9,0.0,0.0,0.0,0.0337,0.0497,upv,upv,0.0,0.0,0.0,0.0,0.0,0.0,0.0,0.0,0.0,0.0,0.0,0.0,0.0,0.0,0.0,0.0,0.0,0.0,140.2,2.6,0.27,16.6,1057.0,0.06,140.4,48.1,188.4,0.0,0.0,0.0,0.0,0.0,0.0,0.0,0.0,0.0,0.0,0.0,0.0,0.0,0.0,0.0,0.0,0.0,1.1,4605.6,4606.7,4334.0,4334.0,0.0,0.0,0.0,0.0,0.0,377.1,0.0,0.0,0.0,0.0,0.0,0.0,0.0,3956.9,0.0,0.0
2050-10-08 15:00:00,2050-10-08 13:00:00,2049.5,2821.5,0.0,0.0,4871.0,1977.7,0.0,0.0,0.0,0.035,0.0536,upv,upv,0.0,0.0,0.0,0.0,0.0,0.0,0.0,0.0,0.0,0.0,0.0,0.0,0.0,0.0,0.0,0.0,0.0,0.0,140.4,2.6,0.27,16.6,1058.5,0.06,140.6,48.1,188.7,0.0,0.0,0.0,0.0,0.0,0.0,0.0,0.0,0.0,0.0,0.0,0.0,0.0,0.0,0.0,0.0,0.0,5.3,4224.1,4229.4,4871.0,4871.0,0.0,0.0,0.0,0.0,0.0,384.0,0.0,0.0,0.0,0.0,0.0,0.0,0.0,4487.0,0.0,0.0
2050-10-08 16:00:00,2050-10-08 14:00:00,2154.7,3427.3,0.0,0.0,5582.1,2077.2,-0.0,0.0,0.0,0.036,0.0563,upv,upv,0.0,0.0,0.0,0.0,0.0,0.0,0.0,0.0,0.0,0.0,0.0,0.0,0.0,0.0,0.0,0.0,0.0,0.0,140.5,2.7,0.27,16.6,1059.5,0.06,140.7,48.2,188.9,0.0,0.0,0.0,0.0,0.0,0.0,0.0,0.0,0.0,0.0,0.0,0.0,0.0,0.0,0.0,0.0,0.0,15.9,3465.6,3481.5,5582.1,5582.1,0.0,0.0,0.0,0.0,0.0,381.8,0.0,0.0,0.0,0.0,0.0,0.0,0.0,5200.3,0.0,0.0
2050-10-08 17:00:00,2050-10-08 15:00:00,2270.5,2755.7,0.0,0.0,5026.2,2186.3,0.0,0.0,0.0,0.0371,0.0594,upv,upv,0.0,0.0,0.0,0.0,0.0,0.0,0.0,0.0,0.0,0.0,0.0,0.0,0.0,0.0,0.0,0.0,0.0,0.0,140.7,2.7,0.27,16.6,1060.8,0.06,140.9,48.3,189.1,0.0,0.0,0.0,0.0,0.0,0.0,0.0,0.0,0.0,0.0,0.0,0.0,0.0,0.0,0.0,0.0,0.0,0.0,3155.3,3155.3,5026.2,5026.2,0.0,0.0,0.0,0.0,0.0,344.5,0.0,0.0,0.0,0.0,0.0,0.0,0.0,4664.0,17.8,0.0
2050-10-08 18:00:00,2050-10-08 16:00:00,2363.2,0.0,0.0,13.2,2376.4,2273.3,-1729.0,0.0,1729.0,0.038,0.0618,gas-cc,gas-cc,0.0,0.0,0.0,0.0,0.0,0.0,0.0,0.0,0.0,0.0,0.0,0.0,0.0,0.0,0.0,0.0,0.0,0.0,141.1,2.7,0.27,16.7,1063.5,0.06,141.2,48.4,189.6,379.5,7.2,0.72,44.8,2863.7,0.16,379.9,130.2,510.1,29.6,0.0,0.0,29.6,31.55,0.0,0.0,31.55,0.0,0.0,0.0,4105.4,4105.4,0.0,0.0,0.0,0.0,0.0,172.0,0.0,0.0,0.0,0.0,0.0,0.0,0.0,3903.2,30.2,0.0
2050-10-08 19:00:00,2050-10-08 17:00:00,2381.1,0.0,0.0,26.0,2407.1,2290.1,2371.3,0.0,2630.8,0.0382,0.0623,battery,gas-cc,77.2,1.5,0.15,9.1,582.3,0.03,77.3,26.5,103.7,80.2,1.5,0.15,9.5,605.5,0.03,80.3,27.5,107.9,153.2,2.9,0.29,18.1,1155.3,0.07,153.4,52.6,205.9,407.4,7.7,0.77,48.1,3074.3,0.18,407.8,139.8,547.6,34.04,0.0,0.0,34.04,36.31,0.0,0.0,36.31,0.0,0.0,0.0,5037.8,35.8,3929.3,0.0,0.0,0.0,0.0,0.0,1072.7,0.0,0.0,0.0,0.0,0.0,0.0,0.0,35.8,0.0
2050-10-08 20:00:00,2050-10-08 18:00:00,2357.9,0.0,0.0,27.7,2385.6,2268.3,2354.0,0.0,2738.3,0.038,0.0617,battery,gas-cc,75.9,1.4,0.14,9.0,572.5,0.03,76.0,26.0,102.0,78.9,1.5,0.15,9.3,595.2,0.03,79.0,27.1,106.0,175.9,3.3,0.33,20.8,1326.4,0.08,176.1,60.3,236.4,419.7,7.9,0.79,49.6,3167.5,0.18,420.2,144.0,564.2,34.04,0.0,0.0,34.04,36.28,0.0,0.0,36.28,0.0,0.0,0.0,5123.9,31.6,4019.6,0.0,0.0,0.0,0.0,0.0,1072.7,0.0,0.0,0.0,0.0,0.0,0.0,0.0,31.6,0.0
2050-10-08 21:00:00,2050-10-08 19:00:00,2252.6,0.0,0.0,10.7,2263.3,2169.4,2224.8,0.0,1640.0,0.0369,0.0589,battery,gas-cc,99.6,1.9,0.19,11.8,751.6,0.04,99.7,34.2,133.9,103.4,1.9,0.19,12.2,780.4,0.04,103.5,35.5,139.0,146.1,2.8,0.28,17.3,1101.6,0.06,146.3,50.1,196.4,385.1,7.3,0.73,45.5,2905.9,0.17,385.5,132.1,517.6,34.04,0.0,0.0,34.04,36.18,0.0,0.0,36.18,0.0,0.0,0.0,3903.3,38.5,2792.0,0.0,0.0,0.0,0.0,0.0,1072.7,0.0,0.0,0.0,0.0,0.0,0.0,0.0,38.5,0.0
2050-10-08 22:00:00,2050-10-08 20:00:00,2082.1,0.0,0.0,12.5,2094.6,2008.6,2043.0,0.0,1757.2,0.0353,0.0544,battery,gas-cc,100.9,1.9,0.19,11.9,761.6,0.04,101.0,34.6,135.7,104.6,2.0,0.2,12.4,789.5,0.05,104.7,35.9,140.6,146.0,2.8,0.28,17.2,1100.4,0.06,146.1,50.1,196.2,416.5,7.9,0.79,49.2,3143.3,0.18,417.0,142.9,559.9,34.04,0.0,0.0,34.04,36.0,0.0,0.0,36.0,0.0,0.0,0.0,3851.8,51.5,2727.5,0.0,0.0,0.0,0.0,0.0,1072.7,0.0,0.0,0.0,0.0,0.0,0.0,0.0,51.5,0.0
2050-10-08 23:00:00,2050-10-08 21:00:00,1920.0,0.0,0.0,10.7,1930.7,1854.9,1886.6,0.0,1640.0,0.0339,0.0502,battery,gas-cc,108.9,2.1,0.21,12.9,821.6,0.05,109.0,37.4,146.4,112.7,2.1,0.21,13.3,850.4,0.05,112.8,38.7,151.5,145.6,2.7,0.28,17.2,1097.9,0.06,145.8,49.9,195.7,381.6,7.2,0.72,45.1,2879.3,0.17,382.0,130.9,512.9,34.04,0.0,0.0,34.04,35.84,0.0,0.0,35.84,0.0,0.0,0.0,3570.6,44.0,2453.9,0.0,0.0,0.0,0.0,0.0,1072.7,0.0,0.0,0.0,0.0,0.0,0.0,0.0,44.0,0.0
2050-10-09 00:00:00,2050-10-08 22:00:00,1731.6,0.0,0.0,28.9,1760.5,1675.5,1724.5,0.0,2816.0,0.0324,0.0453,battery,gas-cc,84.9,1.6,0.16,10.0,641.0,0.04,85.0,29.1,114.2,87.8,1.7,0.17,10.4,662.5,0.04,87.9,30.1,118.0,145.3,2.7,0.27,17.2,1095.4,0.06,145.5,49.8,195.3,405.3,7.6,0.76,47.9,3058.6,0.18,405.8,139.1,544.8,35.03,0.0,0.0,35.03,36.69,0.0,0.0,36.69,0.0,0.0,0.0,4576.5,36.0,3467.8,0.0,0.0,0.0,0.0,0.0,1072.7,0.0,0.0,0.0,0.0,0.0,0.0,0.0,36.0,0.0
2050-10-09 01:00:00,2050-10-08 23:00:00,1564.2,0.0,0.0,20.7,1584.9,1515.4,1552.3,0.0,2287.3,0.0312,0.0409,battery,gas-cc,100.4,1.9,0.19,11.9,757.6,0.04,100.5,34.4,135.0,103.6,2.0,0.2,12.2,782.0,0.04,103.7,35.6,139.3,145.3,2.7,0.27,17.2,1095.5,0.06,145.5,49.8,195.3,422.0,8.0,0.8,49.9,3184.7,0.18,422.5,144.8,567.3,35.03,0.0,0.0,35.03,36.52,0.0,0.0,36.52,0.0,0.0,0.0,3872.2,32.6,2766.8,0.0,0.0,0.0,0.0,0.0,1072.7,0.0,0.0,0.0,0.0,0.0,0.0,0.0,32.6,0.0
2050-10-09 02:00:00,2050-10-09 00:00:00,1363.2,0.0,0.0,2.0,1365.2,1322.0,1337.9,0.0,313.7,0.0302,0.0356,battery,gas-cc,54.4,1.0,0.1,6.4,410.4,0.02,54.4,18.7,73.1,56.1,1.1,0.11,6.6,423.2,0.02,56.1,19.2,75.4,147.4,2.8,0.28,17.4,1111.6,0.06,147.6,50.6,198.2,375.8,7.1,0.71,44.4,2835.8,0.16,376.2,128.9,505.1,33.36,0.0,0.0,33.36,34.59,0.0,0.0,34.59,0.0,0.0,0.0,1678.9,27.3,1399.7,0.0,0.0,0.0,0.0,0.0,251.9,0.0,0.0,0.0,0.0,0.0,0.0,0.0,27.3,0.0
2050-10-09 03:00:00,2050-10-09 01:00:00,1254.7,0.0,0.0,8.1,1262.8,1217.3,1239.1,626.3,0.0,0.0298,0.0328,battery,gas-cc,0.0,0.0,0.0,0.0,0.0,0.0,0.0,0.0,0.0,3.8,0.1,0.01,0.9,29.8,0.01,3.8,1.8,5.6,163.0,3.1,0.31,19.3,1229.5,0.07,163.2,55.9,219.1,374.7,7.1,0.71,44.3,2827.5,0.16,375.1,128.6,503.7,33.36,0.0,0.0,33.36,34.49,0.0,0.0,34.49,0.0,0.0,0.0,636.5,23.7,612.8,0.0,0.0,0.0,0.0,0.0,0.0,0.0,0.0,0.0,0.0,0.0,0.0,0.0,23.7,0.0
2050-10-09 04:00:00,2050-10-09 02:00:00,1177.9,0.0,0.0,10.0,1187.9,1142.9,1169.4,915.9,0.0,0.0297,0.0308,gas-cc,gas-cc,50.7,1.0,0.1,6.0,382.8,0.02,50.8,17.4,68.2,22.8,0.4,0.04,4.0,175.4,0.04,22.9,9.2,32.1,164.1,3.1,0.31,19.4,1237.6,0.07,164.3,56.3,220.6,373.9,7.0,0.7,44.2,2821.6,0.16,374.3,128.3,502.6,33.36,0.0,0.0,33.36,34.42,0.0,0.0,34.42,0.0,0.0,0.0,272.0,18.5,215.4,0.0,0.0,0.0,0.0,0.0,38.1,0.0,0.0,0.0,0.0,0.0,0.0,0.0,18.5,0.0
2050-10-09 05:00:00,2050-10-09 03:00:00,1126.3,0.0,0.0,7.4,1133.7,1092.9,1122.6,521.6,0.0,0.0297,0.0295,battery,gas-cc,149.2,2.8,0.28,17.6,1125.6,0.06,149.3,51.2,200.5,85.0,1.6,0.16,10.3,642.1,0.04,85.1,29.4,114.5,157.0,3.0,0.3,18.6,1184.0,0.07,157.2,53.9,211.0,373.4,7.0,0.7,44.1,2817.7,0.16,373.8,128.1,501.9,33.36,0.0,0.0,33.36,34.37,0.0,0.0,34.37,0.0,0.0,0.0,612.1,11.1,349.0,0.0,0.0,0.0,0.0,0.0,251.9,0.0,0.0,0.0,0.0,0.0,0.0,0.0,11.1,0.0
2050-10-09 06:00:00,2050-10-09 04:00:00,1105.3,0.0,0.0,9.6,1114.8,1072.4,1108.5,856.6,0.0,0.0297,0.0289,hydro,gas-cc,353.5,6.7,0.67,41.8,2667.7,0.15,353.9,121.3,475.2,95.2,1.8,0.18,12.5,721.7,0.07,95.3,34.1,129.4,167.8,3.2,0.32,19.8,1265.3,0.07,168.0,57.6,225.5,368.2,6.9,0.69,43.5,2778.4,0.16,368.6,126.3,494.9,33.36,0.0,0.0,33.36,34.35,0.0,0.0,34.35,0.0,0.0,0.0,258.3,6.3,0.0,0.0,0.0,0.0,0.0,0.0,251.9,0.0,0.0,0.0,0.0,0.0,0.0,0.0,6.3,0.0
2050-10-09 07:00:00,2050-10-09 05:00:00,1131.6,0.0,0.0,7.5,1139.1,1098.0,1136.7,535.5,0.0,0.0297,0.0296,gas-cc,gas-cc,127.0,2.4,0.24,15.0,958.6,0.06,127.2,43.6,170.8,71.7,1.4,0.14,8.8,541.9,0.04,71.8,24.9,96.7,144.7,2.7,0.27,17.1,1090.6,0.06,144.8,49.6,194.4,373.5,7.0,0.7,44.1,2818.1,0.16,373.9,128.1,502.0,33.36,0.0,0.0,33.36,34.37,0.0,0.0,34.37,0.0,0.0,0.0,603.6,2.4,389.6,0.0,0.0,0.0,0.0,0.0,211.6,0.0,0.0,0.0,0.0,0.0,0.0,0.0,2.4,0.0
2050-10-09 08:00:00,2050-10-09 06:00:00,1231.6,0.0,0.0,6.0,1237.5,1194.9,24.0,278.0,254.0,0.0298,0.0322,battery,gas-cc,0.0,0.0,0.0,0.0,0.0,0.0,0.0,0.0,0.0,0.0,0.0,0.0,0.0,0.0,0.0,0.0,0.0,0.0,164.9,3.1,0.31,19.5,1243.7,0.07,165.1,56.6,221.6,450.3,8.5,0.85,53.2,3397.9,0.2,450.8,154.5,605.3,26.74,0.0,0.0,26.74,27.63,0.0,0.0,27.63,0.0,0.0,0.0,1213.5,1213.5,0.0,0.0,0.0,0.0,0.0,51.2,0.0,0.0,0.0,0.0,0.0,0.0,0.0,1160.8,1.6,0.0
2050-10-09 09:00:00,2050-10-09 07:00:00,1381.1,3957.5,0.0,0.0,5338.6,1339.3,0.0,0.0,0.0,0.0303,0.0361,upv,upv,0.0,0.0,0.0,0.0,0.0,0.0,0.0,0.0,0.0,0.0,0.0,0.0,0.0,0.0,0.0,0.0,0.0,0.0,139.7,2.6,0.26,16.5,1053.3,0.06,139.9,47.9,187.8,0.0,0.0,0.0,0.0,0.0,0.0,0.0,0.0,0.0,0.0,0.0,0.0,0.0,0.0,0.0,0.0,0.0,1.5,1185.7,1187.2,5338.6,5338.6,0.0,0.0,0.0,0.0,0.0,275.4,0.0,0.0,0.0,0.0,0.0,0.0,0.0,5063.2,0.0,0.0
2050-10-09 10:00:00,2050-10-09 08:00:00,1551.6,3990.5,0.0,0.0,5542.1,1503.2,0.0,0.0,0.0,0.0312,0.0406,upv,upv,0.0,0.0,0.0,0.0,0.0,0.0,0.0,0.0,0.0,0.0,0.0,0.0,0.0,0.0,0.0,0.0,0.0,0.0,139.8,2.6,0.26,16.5,1054.2,0.06,140.0,48.0,187.9,0.0,0.0,0.0,0.0,0.0,0.0,0.0,0.0,0.0,0.0,0.0,0.0,0.0,0.0,0.0,0.0,0.0,0.6,3485.5,3486.2,5542.1,5542.1,0.0,0.0,0.0,0.0,0.0,0.0,0.0,0.0,0.0,0.0,0.0,0.0,0.0,5542.1,0.0,0.0
2050-10-09 11:00:00,2050-10-09 09:00:00,1642.1,3625.0,0.0,0.0,5267.1,1590.0,0.0,0.0,0.0,0.0317,0.0429,upv,upv,0.0,0.0,0.0,0.0,0.0,0.0,0.0,0.0,0.0,0.0,0.0,0.0,0.0,0.0,0.0,0.0,0.0,0.0,139.9,2.6,0.26,16.5,1054.9,0.06,140.1,48.0,188.1,0.0,0.0,0.0,0.0,0.0,0.0,0.0,0.0,0.0,0.0,0.0,0.0,0.0,0.0,0.0,0.0,0.0,0.5,4266.4,4267.0,5267.1,5267.1,0.0,0.0,0.0,0.0,0.0,402.4,0.0,0.0,0.0,0.0,0.0,0.0,0.0,4864.7,0.0,0.0
2050-10-09 12:00:00,2050-10-09 10:00:00,1708.4,2655.8,0.0,0.0,4364.2,1653.4,0.0,0.0,0.0,0.0322,0.0447,upv,upv,0.0,0.0,0.0,0.0,0.0,0.0,0.0,0.0,0.0,0.0,0.0,0.0,0.0,0.0,0.0,0.0,0.0,0.0,140.0,2.6,0.26,16.5,1055.4,0.06,140.1,48.0,188.1,0.0,0.0,0.0,0.0,0.0,0.0,0.0,0.0,0.0,0.0,0.0,0.0,0.0,0.0,0.0,0.0,0.0,1.3,4993.7,4995.1,4364.2,4364.2,0.0,0.0,0.0,0.0,0.0,394.8,0.0,0.0,0.0,0.0,0.0,0.0,0.0,3969.4,0.0,0.0
2050-10-09 13:00:00,2050-10-09 11:00:00,1811.6,3629.9,0.0,0.0,5441.5,1751.8,0.0,0.0,0.0,0.033,0.0474,upv,upv,0.0,0.0,0.0,0.0,0.0,0.0,0.0,0.0,0.0,0.0,0.0,0.0,0.0,0.0,0.0,0.0,0.0,0.0,140.1,2.6,0.27,16.6,1056.2,0.06,140.3,48.0,188.3,0.0,0.0,0.0,0.0,0.0,0.0,0.0,0.0,0.0,0.0,0.0,0.0,0.0,0.0,0.0,0.0,0.0,4.5,3761.3,3765.8,5441.5,5441.5,0.0,0.0,0.0,0.0,0.0,0.0,0.0,0.0,0.0,0.0,0.0,0.0,0.0,5441.5,0.0,0.0
2050-10-09 14:00:00,2050-10-09 12:00:00,1912.6,2784.7,0.0,0.0,4697.4,1847.9,0.0,0.0,0.0,0.0338,0.05,upv,upv,0.0,0.0,0.0,0.0,0.0,0.0,0.0,0.0,0.0,0.0,0.0,0.0,0.0,0.0,0.0,0.0,0.0,0.0,140.2,2.6,0.27,16.6,1057.1,0.06,140.4,48.1,188.5,0.0,0.0,0.0,0.0,0.0,0.0,0.0,0.0,0.0,0.0,0.0,0.0,0.0,0.0,0.0,0.0,0.0,13.9,4626.8,4640.7,4697.4,4697.4,0.0,0.0,0.0,0.0,0.0,393.4,0.0,0.0,0.0,0.0,0.0,0.0,0.0,4304.0,0.0,0.0
2050-10-09 15:00:00,2050-10-09 13:00:00,2021.1,2850.6,0.0,0.0,4871.7,1950.8,0.0,0.0,0.0,0.0348,0.0529,upv,upv,0.0,0.0,0.0,0.0,0.0,0.0,0.0,0.0,0.0,0.0,0.0,0.0,0.0,0.0,0.0,0.0,0.0,0.0,140.4,2.6,0.27,16.6,1058.2,0.06,140.5,48.1,188.6,0.0,0.0,0.0,0.0,0.0,0.0,0.0,0.0,0.0,0.0,0.0,0.0,0.0,0.0,0.0,0.0,0.0,30.9,4594.3,4625.3,4871.7,4871.7,0.0,0.0,0.0,0.0,0.0,399.5,0.0,0.0,0.0,0.0,0.0,0.0,0.0,4472.2,0.0,0.0
2050-10-09 16:00:00,2050-10-09 14:00:00,2110.5,3630.9,0.0,0.0,5741.5,2035.4,-0.0,0.0,0.0,0.0356,0.0552,upv,upv,0.0,0.0,0.0,0.0,0.0,0.0,0.0,0.0,0.0,0.0,0.0,0.0,0.0,0.0,0.0,0.0,0.0,0.0,142.4,2.7,0.27,16.8,1073.7,0.06,142.6,48.8,191.4,0.0,0.0,0.0,0.0,0.0,0.0,0.0,0.0,0.0,0.0,0.0,0.0,0.0,0.0,0.0,0.0,0.0,44.8,4001.1,4045.8,5741.5,5741.5,0.0,0.0,0.0,0.0,0.0,411.1,0.0,0.0,0.0,0.0,0.0,0.0,0.0,5330.4,0.0,0.0
2050-10-09 17:00:00,2050-10-09 15:00:00,2236.8,2431.9,0.0,0.0,4668.7,2154.6,0.0,0.0,0.0,0.0368,0.0585,upv,upv,0.0,0.0,0.0,0.0,0.0,0.0,0.0,0.0,0.0,0.0,0.0,0.0,0.0,0.0,0.0,0.0,0.0,0.0,140.7,2.7,0.27,16.6,1060.4,0.06,140.8,48.2,189.0,0.0,0.0,0.0,0.0,0.0,0.0,0.0,0.0,0.0,0.0,0.0,0.0,0.0,0.0,0.0,0.0,0.0,62.8,4405.9,4468.7,4668.7,4668.7,0.0,0.0,0.0,0.0,0.0,382.9,0.0,0.0,0.0,0.0,0.0,0.0,0.0,4285.8,0.0,0.0
2050-10-09 18:00:00,2050-10-09 16:00:00,2381.1,1609.5,0.0,5.4,3995.9,2290.1,-830.1,0.0,830.1,0.0382,0.0623,gas-cc,gas-cc,0.0,0.0,0.0,0.0,0.0,0.0,0.0,0.0,0.0,0.0,0.0,0.0,0.0,0.0,0.0,0.0,0.0,0.0,143.3,2.7,0.27,16.9,1080.4,0.06,143.5,49.1,192.6,375.1,7.1,0.71,44.3,2830.9,0.16,375.6,128.7,504.3,16.55,0.0,0.0,16.55,17.65,0.0,0.0,17.65,0.0,0.0,0.0,4826.0,4826.0,0.0,0.0,0.0,0.0,0.0,200.1,0.0,0.0,0.0,0.0,0.0,0.0,0.0,4539.7,86.2,0.0
2050-10-09 19:00:00,2050-10-09 17:00:00,2437.9,0.0,0.0,3.3,2441.2,2343.3,2315.2,0.0,509.5,0.0388,0.0638,battery,gas-cc,0.0,0.0,0.0,0.0,0.0,0.0,0.0,0.0,0.0,0.0,0.0,0.0,0.0,0.0,0.0,0.0,0.0,0.0,148.3,2.8,0.28,17.5,1117.8,0.06,148.4,50.8,199.3,380.8,7.2,0.72,45.0,2873.7,0.17,381.2,130.7,511.9,32.11,0.0,0.0,32.11,34.3,0.0,0.0,34.3,0.0,0.0,0.0,2950.7,126.0,2824.6,0.0,0.0,0.0,0.0,0.0,0.0,0.0,0.0,0.0,0.0,0.0,0.0,0.0,126.0,0.0
2050-10-09 20:00:00,2050-10-09 18:00:00,2492.6,0.0,0.0,9.5,2502.1,2394.5,2347.9,0.0,1463.5,0.0394,0.0652,battery,gas-cc,0.0,0.0,0.0,0.0,0.0,0.0,0.0,0.0,0.0,0.0,0.0,0.0,0.0,0.0,0.0,0.0,0.0,0.0,145.0,2.7,0.27,17.1,1093.2,0.06,145.2,49.7,194.9,381.4,7.2,0.72,45.1,2878.1,0.17,381.8,130.9,512.7,32.11,0.0,0.0,32.11,34.35,0.0,0.0,34.35,0.0,0.0,0.0,3965.7,154.2,3811.5,0.0,0.0,0.0,0.0,0.0,0.0,0.0,0.0,0.0,0.0,0.0,0.0,0.0,154.2,0.0
2050-10-09 21:00:00,2050-10-09 19:00:00,2396.8,0.0,0.0,6.3,2403.1,2304.9,2274.5,0.0,965.7,0.0384,0.0627,battery,gas-cc,0.0,0.0,0.0,0.0,0.0,0.0,0.0,0.0,0.0,0.0,0.0,0.0,0.0,0.0,0.0,0.0,0.0,0.0,148.2,2.8,0.28,17.5,1117.6,0.06,148.4,50.8,199.2,380.4,7.2,0.72,44.9,2870.4,0.16,380.8,130.5,511.3,32.11,0.0,0.0,32.11,34.26,0.0,0.0,34.26,0.0,0.0,0.0,3368.8,128.6,3240.3,0.0,0.0,0.0,0.0,0.0,0.0,0.0,0.0,0.0,0.0,0.0,0.0,0.0,128.6,0.0
2050-10-09 22:00:00,2050-10-09 20:00:00,2206.3,0.0,0.0,6.2,2212.5,2125.8,2126.0,0.0,953.5,0.0365,0.0577,battery,gas-cc,0.0,0.0,0.0,0.0,0.0,0.0,0.0,0.0,0.0,0.0,0.0,0.0,0.0,0.0,0.0,0.0,0.0,0.0,159.7,3.0,0.3,18.9,1204.6,0.07,159.9,54.8,214.7,378.4,7.1,0.71,44.7,2855.3,0.16,378.8,129.8,508.6,32.11,0.0,0.0,32.11,34.08,0.0,0.0,34.08,0.0,0.0,0.0,3166.0,86.5,3079.4,0.0,0.0,0.0,0.0,0.0,0.0,0.0,0.0,0.0,0.0,0.0,0.0,0.0,86.5,0.0
2050-10-09 23:00:00,2050-10-09 21:00:00,2000.0,0.0,0.0,12.9,2012.9,1930.8,1952.5,206.0,1493.8,0.0346,0.0523,hydro,gas-cc,0.0,0.0,0.0,0.0,0.0,0.0,0.0,0.0,0.0,0.0,0.0,0.0,0.0,0.0,0.0,0.0,0.0,0.0,143.4,2.7,0.27,16.9,1081.5,0.06,143.6,49.2,192.8,420.8,7.9,0.79,49.7,3175.3,0.18,421.2,144.4,565.6,32.11,0.0,0.0,32.11,33.88,0.0,0.0,33.88,0.0,0.0,0.0,3300.7,60.4,3240.3,0.0,0.0,0.0,0.0,0.0,0.0,0.0,0.0,0.0,0.0,0.0,0.0,0.0,60.4,0.0
2050-10-10 00:00:00,2050-10-09 22:00:00,1788.4,0.0,0.0,12.5,1801.0,1729.7,1746.4,445.3,868.8,0.0328,0.0468,gas-cc,gas-cc,0.0,0.0,0.0,0.0,0.0,0.0,0.0,0.0,0.0,0.0,0.0,0.0,0.0,0.0,0.0,0.0,0.0,0.0,144.1,2.7,0.27,17.0,1086.2,0.06,144.2,49.4,193.6,369.0,7.0,0.7,43.6,2784.9,0.16,369.4,126.6,496.1,32.08,0.0,0.0,32.08,33.66,0.0,0.0,33.66,0.0,0.0,0.0,2224.5,54.6,2169.9,0.0,0.0,0.0,0.0,0.0,0.0,0.0,0.0,0.0,0.0,0.0,0.0,0.0,54.6,0.0
2050-10-10 01:00:00,2050-10-09 23:00:00,1582.1,0.0,0.0,10.5,1592.6,1532.5,1545.8,445.3,552.1,0.0313,0.0414,battery,gas-cc,0.0,0.0,0.0,0.0,0.0,0.0,0.0,0.0,0.0,0.0,0.0,0.0,0.0,0.0,0.0,0.0,0.0,0.0,145.4,2.7,0.28,17.2,1096.0,0.06,145.5,49.9,195.4,370.1,7.0,0.7,43.7,2792.5,0.16,370.4,127.0,497.4,32.08,0.0,0.0,32.08,33.47,0.0,0.0,33.47,0.0,0.0,0.0,1699.4,46.8,1652.6,0.0,0.0,0.0,0.0,0.0,0.0,0.0,0.0,0.0,0.0,0.0,0.0,0.0,46.8,0.0
2050-10-10 02:00:00,2050-10-10 00:00:00,1389.5,0.0,0.0,7.1,1396.6,1347.4,1361.3,429.9,72.9,0.0303,0.0363,battery,gas-cc,0.0,0.0,0.0,0.0,0.0,0.0,0.0,0.0,0.0,0.0,0.0,0.0,0.0,0.0,0.0,0.0,0.0,0.0,144.3,2.7,0.27,17.0,1087.8,0.06,144.4,49.5,193.9,368.1,6.9,0.69,43.5,2777.9,0.16,368.5,126.3,494.8,32.08,0.0,0.0,32.08,33.29,0.0,0.0,33.29,0.0,0.0,0.0,1039.6,35.3,1004.3,0.0,0.0,0.0,0.0,0.0,0.0,0.0,0.0,0.0,0.0,0.0,0.0,0.0,35.3,0.0
2050-10-10 03:00:00,2050-10-10 01:00:00,1286.3,0.0,0.0,3.6,1289.9,1247.8,1259.9,234.0,0.0,0.0299,0.0336,battery,gas-cc,0.0,0.0,0.0,0.0,0.0,0.0,0.0,0.0,0.0,0.0,0.0,0.0,0.0,0.0,0.0,0.0,0.0,0.0,144.6,2.7,0.27,17.1,1090.1,0.06,144.7,49.6,194.3,362.2,6.8,0.68,42.8,2733.0,0.16,362.6,124.3,486.8,32.08,0.0,0.0,32.08,33.2,0.0,0.0,33.2,0.0,0.0,0.0,1055.9,30.0,1025.9,0.0,0.0,0.0,0.0,0.0,0.0,0.0,0.0,0.0,0.0,0.0,0.0,0.0,30.0,0.0
2050-10-10 04:00:00,2050-10-10 02:00:00,1201.1,0.0,0.0,4.4,1205.4,1165.3,1188.1,282.2,0.0,0.0297,0.0314,battery,gas-cc,0.0,0.0,0.0,0.0,0.0,0.0,0.0,0.0,0.0,0.0,0.0,0.0,0.0,0.0,0.0,0.0,0.0,0.0,152.5,2.9,0.29,18.0,1150.1,0.07,152.7,52.3,205.0,361.3,6.8,0.68,42.7,2726.7,0.16,361.7,124.0,485.7,32.08,0.0,0.0,32.08,33.12,0.0,0.0,33.12,0.0,0.0,0.0,923.3,17.3,905.9,0.0,0.0,0.0,0.0,0.0,0.0,0.0,0.0,0.0,0.0,0.0,0.0,0.0,17.3,0.0
2050-10-10 05:00:00,2050-10-10 03:00:00,1144.2,0.0,0.0,2.1,1146.3,1110.2,1137.0,132.3,0.0,0.0297,0.0299,battery,gas-cc,0.0,0.0,0.0,0.0,0.0,0.0,0.0,0.0,0.0,0.0,0.0,0.0,0.0,0.0,0.0,0.0,0.0,0.0,144.3,2.7,0.27,17.0,1087.8,0.06,144.4,49.5,193.9,360.8,6.8,0.68,42.6,2722.5,0.16,361.2,123.8,485.0,32.08,0.0,0.0,32.08,33.07,0.0,0.0,33.07,0.0,0.0,0.0,1014.0,9.2,1004.8,0.0,0.0,0.0,0.0,0.0,0.0,0.0,0.0,0.0,0.0,0.0,0.0,0.0,9.2,0.0
2050-10-10 06:00:00,2050-10-10 04:00:00,1121.1,0.0,0.0,1.8,1122.9,1087.8,1118.7,116.4,0.0,0.0297,0.0293,battery,gas-cc,0.0,0.0,0.0,0.0,0.0,0.0,0.0,0.0,0.0,0.0,0.0,0.0,0.0,0.0,0.0,0.0,0.0,0.0,142.3,2.7,0.27,16.8,1073.1,0.06,142.5,48.8,191.3,360.6,6.8,0.68,42.6,2720.8,0.16,360.9,123.7,484.7,32.08,0.0,0.0,32.08,33.05,0.0,0.0,33.05,0.0,0.0,0.0,1006.4,4.1,1002.3,0.0,0.0,0.0,0.0,0.0,0.0,0.0,0.0,0.0,0.0,0.0,0.0,0.0,4.1,0.0
2050-10-10 07:00:00,2050-10-10 05:00:00,1156.8,0.0,0.0,5.2,1162.0,1122.5,1160.6,335.1,0.0,0.0297,0.0303,battery,gas-cc,0.0,0.0,0.0,0.0,0.0,0.0,0.0,0.0,0.0,0.0,0.0,0.0,0.0,0.0,0.0,0.0,0.0,0.0,142.5,2.7,0.27,16.8,1074.1,0.06,142.6,48.9,191.5,360.9,6.8,0.68,42.6,2723.4,0.16,361.3,123.8,485.1,32.08,0.0,0.0,32.08,33.08,0.0,0.0,33.08,0.0,0.0,0.0,826.9,1.4,825.5,0.0,0.0,0.0,0.0,0.0,0.0,0.0,0.0,0.0,0.0,0.0,0.0,0.0,1.4,0.0
2050-10-10 08:00:00,2050-10-10 06:00:00,1252.6,781.0,0.0,5.1,2038.7,1215.3,-204.7,172.5,377.1,0.0298,0.0328,battery,gas-cc,0.0,0.0,0.0,0.0,0.0,0.0,0.0,0.0,0.0,0.0,0.0,0.0,0.0,0.0,0.0,0.0,0.0,0.0,159.9,3.0,0.3,18.9,1205.7,0.07,160.1,54.8,214.9,331.3,6.2,0.62,39.1,2499.9,0.14,331.6,113.7,445.3,27.24,0.0,0.0,27.24,28.16,0.0,0.0,28.16,0.0,0.0,0.0,2243.4,2243.4,0.0,0.0,0.0,0.0,0.0,94.6,0.0,0.0,0.0,0.0,0.0,0.0,0.0,2148.7,0.0,0.0
2050-10-10 09:00:00,2050-10-10 07:00:00,1407.4,2431.9,0.0,0.0,3839.3,1364.6,-0.0,0.0,0.0,0.0304,0.0368,upv,upv,0.0,0.0,0.0,0.0,0.0,0.0,0.0,0.0,0.0,0.0,0.0,0.0,0.0,0.0,0.0,0.0,0.0,0.0,140.1,2.6,0.27,16.6,1056.2,0.06,140.3,48.0,188.3,0.0,0.0,0.0,0.0,0.0,0.0,0.0,0.0,0.0,0.0,0.0,0.0,0.0,0.0,0.0,0.0,0.0,0.1,4398.8,4398.9,3839.3,3839.3,0.0,0.0,0.0,0.0,0.0,347.7,0.0,0.0,0.0,0.0,0.0,0.0,0.0,3491.6,0.0,0.0
2050-10-10 10:00:00,2050-10-10 08:00:00,1595.8,2431.9,0.0,0.0,4027.7,1545.6,0.0,0.0,0.0,0.0314,0.0417,upv,upv,0.0,0.0,0.0,0.0,0.0,0.0,0.0,0.0,0.0,0.0,0.0,0.0,0.0,0.0,0.0,0.0,0.0,0.0,139.9,2.6,0.26,16.5,1054.5,0.06,140.0,48.0,188.0,0.0,0.0,0.0,0.0,0.0,0.0,0.0,0.0,0.0,0.0,0.0,0.0,0.0,0.0,0.0,0.0,0.0,0.4,5883.6,5884.1,4027.7,4027.7,0.0,0.0,0.0,0.0,0.0,418.3,0.0,0.0,0.0,0.0,0.0,0.0,0.0,3609.4,0.0,0.0
2050-10-10 11:00:00,2050-10-10 09:00:00,1677.9,2655.8,0.0,0.0,4333.7,1624.2,-0.0,0.0,0.0,0.032,0.0439,upv,upv,0.0,0.0,0.0,0.0,0.0,0.0,0.0,0.0,0.0,0.0,0.0,0.0,0.0,0.0,0.0,0.0,0.0,0.0,140.0,2.6,0.26,16.5,1055.1,0.06,140.1,48.0,188.1,0.0,0.0,0.0,0.0,0.0,0.0,0.0,0.0,0.0,0.0,0.0,0.0,0.0,0.0,0.0,0.0,0.0,0.8,5631.5,5632.2,4333.7,4333.7,0.0,0.0,0.0,0.0,0.0,420.4,0.0,0.0,0.0,0.0,0.0,0.0,0.0,3913.3,0.0,0.0
2050-10-10 12:00:00,2050-10-10 10:00:00,1754.7,3789.0,0.0,0.0,5543.7,1697.6,0.0,0.0,0.0,0.0326,0.0459,upv,upv,0.0,0.0,0.0,0.0,0.0,0.0,0.0,0.0,0.0,0.0,0.0,0.0,0.0,0.0,0.0,0.0,0.0,0.0,140.0,2.6,0.27,16.5,1055.7,0.06,140.2,48.0,188.2,0.0,0.0,0.0,0.0,0.0,0.0,0.0,0.0,0.0,0.0,0.0,0.0,0.0,0.0,0.0,0.0,0.0,1.0,4030.4,4031.4,5543.7,5543.7,0.0,0.0,0.0,0.0,0.0,404.2,0.0,0.0,0.0,0.0,0.0,0.0,0.0,5139.5,0.0,0.0
2050-10-10 13:00:00,2050-10-10 11:00:00,1843.2,2655.8,0.0,0.0,4499.0,1781.9,0.0,0.0,0.0,0.0332,0.0482,upv,upv,0.0,0.0,0.0,0.0,0.0,0.0,0.0,0.0,0.0,0.0,0.0,0.0,0.0,0.0,0.0,0.0,0.0,0.0,140.1,2.6,0.27,16.6,1056.5,0.06,140.3,48.1,188.4,0.0,0.0,0.0,0.0,0.0,0.0,0.0,0.0,0.0,0.0,0.0,0.0,0.0,0.0,0.0,0.0,0.0,2.6,4852.5,4855.1,4499.0,4499.0,0.0,0.0,0.0,0.0,0.0,394.8,0.0,0.0,0.0,0.0,0.0,0.0,0.0,4104.2,0.0,0.0
2050-10-10 14:00:00,2050-10-10 12:00:00,1920.0,3824.8,0.0,0.0,5744.8,1854.9,0.0,0.0,0.0,0.0339,0.0502,upv,upv,0.0,0.0,0.0,0.0,0.0,0.0,0.0,0.0,0.0,0.0,0.0,0.0,0.0,0.0,0.0,0.0,0.0,0.0,140.2,2.6,0.27,16.6,1057.2,0.06,140.4,48.1,188.5,0.0,0.0,0.0,0.0,0.0,0.0,0.0,0.0,0.0,0.0,0.0,0.0,0.0,0.0,0.0,0.0,0.0,3.4,3687.5,3690.9,5744.8,5744.8,0.0,0.0,0.0,0.0,0.0,398.1,0.0,0.0,0.0,0.0,0.0,0.0,0.0,5346.7,0.0,0.0
2050-10-10 15:00:00,2050-10-10 13:00:00,2035.8,3990.5,0.0,0.0,6026.3,1964.7,0.0,0.0,0.0,0.0349,0.0532,upv,upv,0.0,0.0,0.0,0.0,0.0,0.0,0.0,0.0,0.0,0.0,0.0,0.0,0.0,0.0,0.0,0.0,0.0,0.0,263.5,5.0,0.5,31.1,1988.4,0.11,263.8,90.4,354.2,0.0,0.0,0.0,0.0,0.0,0.0,0.0,0.0,0.0,0.0,0.0,0.0,0.0,0.0,0.0,0.0,0.0,5.4,3648.7,3654.2,6026.3,6026.3,0.0,0.0,0.0,0.0,0.0,408.2,0.0,0.0,0.0,0.0,0.0,0.0,0.0,5618.1,0.0,0.0
2050-10-10 16:00:00,2050-10-10 14:00:00,2105.3,3981.7,0.0,0.0,6087.0,2030.5,0.0,0.0,0.0,0.0355,0.0551,upv,upv,0.0,0.0,0.0,0.0,0.0,0.0,0.0,0.0,0.0,0.0,0.0,0.0,0.0,0.0,0.0,0.0,0.0,0.0,140.5,2.7,0.27,16.6,1059.0,0.06,140.6,48.2,188.8,0.0,0.0,0.0,0.0,0.0,0.0,0.0,0.0,0.0,0.0,0.0,0.0,0.0,0.0,0.0,0.0,0.0,10.9,3790.6,3801.4,6087.0,6087.0,0.0,0.0,0.0,0.0,0.0,416.8,0.0,0.0,0.0,0.0,0.0,0.0,0.0,5670.1,0.0,0.0
2050-10-10 17:00:00,2050-10-10 15:00:00,2227.4,3795.7,0.0,0.0,6023.0,2145.6,0.0,0.0,0.0,0.0367,0.0582,upv,upv,0.0,0.0,0.0,0.0,0.0,0.0,0.0,0.0,0.0,0.0,0.0,0.0,0.0,0.0,0.0,0.0,0.0,0.0,141.7,2.7,0.27,16.7,1068.5,0.06,141.9,48.6,190.5,0.0,0.0,0.0,0.0,0.0,0.0,0.0,0.0,0.0,0.0,0.0,0.0,0.0,0.0,0.0,0.0,0.0,15.1,3206.7,3221.8,6023.0,6023.0,0.0,0.0,0.0,0.0,0.0,389.4,0.0,0.0,0.0,0.0,0.0,0.0,0.0,5633.6,0.0,0.0
2050-10-10 18:00:00,2050-10-10 16:00:00,2345.3,0.0,0.0,22.4,2367.6,2256.5,-2396.0,0.0,2396.0,0.0379,0.0613,gas-cc,gas-cc,0.0,0.0,0.0,0.0,0.0,0.0,0.0,0.0,0.0,0.0,0.0,0.0,0.0,0.0,0.0,0.0,0.0,0.0,141.7,2.7,0.27,16.7,1068.2,0.06,141.8,48.6,190.4,374.8,7.1,0.71,44.3,2828.1,0.16,375.2,128.6,503.8,29.94,0.0,0.0,29.94,31.89,0.0,0.0,31.89,0.0,0.0,0.0,4763.6,4763.6,0.0,0.0,0.0,0.0,0.0,200.1,0.0,0.0,0.0,0.0,0.0,0.0,0.0,4539.7,23.8,0.0
2050-10-10 19:00:00,2050-10-10 17:00:00,2420.0,0.0,0.0,15.9,2435.9,2326.6,2377.2,0.0,1980.4,0.0386,0.0633,hydro,gas-cc,88.0,1.7,0.17,10.4,664.3,0.04,88.1,30.2,118.3,91.6,1.7,0.17,10.8,690.9,0.04,91.7,31.4,123.1,145.4,2.7,0.28,17.2,1096.1,0.06,145.5,49.9,195.4,422.9,8.0,0.8,50.0,3191.4,0.18,423.4,145.1,568.5,39.68,0.0,0.0,39.68,42.36,0.0,0.0,42.36,0.0,0.0,0.0,4416.4,58.7,3284.9,0.0,0.0,0.0,0.0,0.0,1072.7,0.0,0.0,0.0,0.0,0.0,0.0,0.0,58.7,0.0
2050-10-10 20:00:00,2050-10-10 18:00:00,2482.1,0.0,0.0,10.7,2492.8,2384.7,2393.9,0.0,1640.0,0.0392,0.0649,battery,gas-cc,94.1,1.8,0.18,11.1,709.9,0.04,94.2,32.3,126.4,97.9,1.8,0.18,11.6,738.9,0.04,98.0,33.6,131.6,145.9,2.8,0.28,17.2,1099.7,0.06,146.0,50.0,196.0,466.0,8.8,0.88,55.1,3516.7,0.2,466.5,159.9,626.4,39.68,0.0,0.0,39.68,42.43,0.0,0.0,42.43,0.0,0.0,0.0,4132.7,98.8,2961.2,0.0,0.0,0.0,0.0,0.0,1072.7,0.0,0.0,0.0,0.0,0.0,0.0,0.0,98.8,0.0
2050-10-10 21:00:00,2050-10-10 19:00:00,2396.8,0.0,0.0,20.4,2417.2,2304.9,2336.4,0.0,2267.6,0.0384,0.0627,battery,gas-cc,83.0,1.6,0.16,9.8,626.2,0.04,83.1,28.5,111.5,86.3,1.6,0.16,10.2,651.2,0.04,86.4,29.6,116.0,146.1,2.8,0.28,17.3,1101.6,0.06,146.3,50.1,196.4,464.9,8.8,0.88,54.9,3508.3,0.2,465.4,159.5,624.9,39.68,0.0,0.0,39.68,42.33,0.0,0.0,42.33,0.0,0.0,0.0,4684.9,80.9,3531.3,0.0,0.0,0.0,0.0,0.0,1072.7,0.0,0.0,0.0,0.0,0.0,0.0,0.0,80.9,0.0
2050-10-10 22:00:00,2050-10-10 20:00:00,2208.4,0.0,0.0,20.9,2229.3,2127.8,2177.4,0.0,2301.3,0.0365,0.0578,battery,gas-cc,85.8,1.6,0.16,10.1,647.5,0.04,85.9,29.4,115.3,89.1,1.7,0.17,10.5,672.1,0.04,89.2,30.6,119.7,144.7,2.7,0.27,17.1,1091.0,0.06,144.9,49.6,194.5,462.5,8.7,0.87,54.6,3490.0,0.2,463.0,158.7,621.7,39.68,0.0,0.0,39.68,42.11,0.0,0.0,42.11,0.0,0.0,0.0,4530.6,51.9,3405.9,0.0,0.0,0.0,0.0,0.0,1072.7,0.0,0.0,0.0,0.0,0.0,0.0,0.0,51.9,0.0
2050-10-10 23:00:00,2050-10-10 21:00:00,2015.8,0.0,0.0,28.9,2044.7,1945.8,1985.4,0.0,2816.0,0.0347,0.0527,battery,gas-cc,61.2,1.2,0.12,7.2,461.8,0.03,61.3,21.0,82.3,63.4,1.2,0.12,7.5,478.4,0.03,63.5,21.8,85.2,177.6,3.4,0.34,21.0,1339.6,0.08,177.8,60.9,238.8,460.0,8.7,0.87,54.3,3471.4,0.2,460.5,157.8,618.4,39.68,0.0,0.0,39.68,41.89,0.0,0.0,41.89,0.0,0.0,0.0,4860.7,59.3,3980.6,0.0,0.0,0.0,0.0,0.0,820.8,0.0,0.0,0.0,0.0,0.0,0.0,0.0,59.3,0.0
2050-10-11 00:00:00,2050-10-10 22:00:00,1825.3,0.0,0.0,22.7,1848.0,1764.8,1790.1,0.0,1862.7,0.0331,0.0477,battery,gas-cc,80.2,1.5,0.15,9.5,604.9,0.03,80.2,27.5,107.8,82.9,1.6,0.16,9.8,625.6,0.04,83.0,28.4,111.4,145.5,2.7,0.28,17.2,1097.1,0.06,145.7,49.9,195.6,457.6,8.6,0.86,54.1,3453.3,0.2,458.1,157.0,615.1,39.92,0.0,0.0,39.92,41.92,0.0,0.0,41.92,0.0,0.0,0.0,3710.7,57.9,2832.0,0.0,0.0,0.0,0.0,0.0,820.8,0.0,0.0,0.0,0.0,0.0,0.0,0.0,57.9,0.0
2050-10-11 01:00:00,2050-10-10 23:00:00,1624.2,0.0,0.0,11.0,1635.2,1572.9,1588.6,0.0,1664.1,0.0316,0.0425,battery,gas-cc,90.2,1.7,0.17,10.7,680.3,0.04,90.3,30.9,121.2,93.1,1.8,0.18,11.0,702.6,0.04,93.2,31.9,125.1,144.8,2.7,0.27,17.1,1091.7,0.06,145.0,49.7,194.6,455.1,8.6,0.86,53.8,3434.3,0.2,455.6,156.2,611.8,37.63,0.0,0.0,37.63,39.3,0.0,0.0,39.3,0.0,0.0,0.0,3299.3,46.6,2431.9,0.0,0.0,0.0,0.0,0.0,820.8,0.0,0.0,0.0,0.0,0.0,0.0,0.0,46.6,0.0
2050-10-11 02:00:00,2050-10-11 00:00:00,1423.2,0.0,0.0,10.7,1433.8,1379.8,1398.9,0.0,1640.0,0.0305,0.0372,battery,gas-cc,96.8,1.8,0.18,11.4,730.3,0.04,96.9,33.2,130.1,99.8,1.9,0.19,11.8,753.2,0.04,99.9,34.2,134.2,179.8,3.4,0.34,21.2,1355.7,0.08,180.0,61.7,241.6,403.3,7.6,0.76,47.6,3043.2,0.17,403.7,138.4,542.1,34.08,0.0,0.0,34.08,35.4,0.0,0.0,35.4,0.0,0.0,0.0,3073.8,34.9,2218.1,0.0,0.0,0.0,0.0,0.0,820.8,0.0,0.0,0.0,0.0,0.0,0.0,0.0,34.9,0.0
2050-10-11 03:00:00,2050-10-11 01:00:00,1296.8,0.0,0.0,0.7,1297.6,1258.0,1275.8,0.0,112.1,0.03,0.0339,battery,gas-cc,211.0,4.0,0.4,24.9,1592.4,0.09,211.2,72.4,283.6,217.5,4.1,0.41,25.7,1641.5,0.09,217.8,74.6,292.4,144.5,2.7,0.27,17.1,1089.4,0.06,144.6,49.6,194.2,451.1,8.5,0.85,53.3,3403.9,0.2,451.6,154.8,606.3,34.08,0.0,0.0,34.08,35.28,0.0,0.0,35.28,0.0,0.0,0.0,1409.6,21.8,567.1,0.0,0.0,0.0,0.0,0.0,820.8,0.0,0.0,0.0,0.0,0.0,0.0,0.0,21.8,0.0
2050-10-11 04:00:00,2050-10-11 02:00:00,1188.4,0.0,0.0,0.0,1188.4,1153.1,1179.4,0.0,0.0,0.0297,0.0311,battery,gas-cc,250.3,4.7,0.47,29.6,1888.8,0.11,250.6,85.9,336.4,258.0,4.9,0.49,30.5,1946.6,0.11,258.2,88.5,346.8,143.2,2.7,0.27,16.9,1079.3,0.06,143.3,49.1,192.4,400.7,7.6,0.76,47.3,3023.9,0.17,401.2,137.5,538.7,34.08,0.0,0.0,34.08,35.18,0.0,0.0,35.18,0.0,0.0,0.0,1188.4,9.0,358.6,0.0,0.0,0.0,0.0,0.0,820.8,0.0,0.0,0.0,0.0,0.0,0.0,0.0,9.0,0.0
2050-10-11 05:00:00,2050-10-11 03:00:00,1128.4,0.0,0.0,0.0,1128.4,1094.9,1123.6,0.0,0.0,0.0297,0.0295,battery,gas-cc,263.6,5.0,0.5,31.1,1989.2,0.11,263.9,90.4,354.3,271.7,5.1,0.51,32.1,2050.1,0.12,272.0,93.2,365.2,143.7,2.7,0.27,17.0,1083.3,0.06,143.8,49.3,193.1,400.1,7.5,0.75,47.3,3019.0,0.17,400.5,137.3,537.8,34.08,0.0,0.0,34.08,35.12,0.0,0.0,35.12,0.0,0.0,0.0,1128.4,4.9,302.8,0.0,0.0,0.0,0.0,0.0,820.8,0.0,0.0,0.0,0.0,0.0,0.0,0.0,4.9,0.0
2050-10-11 06:00:00,2050-10-11 04:00:00,1110.5,0.0,0.0,0.0,1110.5,1077.5,1107.0,0.0,0.0,0.0297,0.029,battery,gas-cc,267.9,5.0,0.5,31.6,2021.3,0.12,268.1,91.9,360.0,276.1,5.2,0.52,32.6,2083.1,0.12,276.3,94.7,371.1,143.4,2.7,0.27,16.9,1081.5,0.06,143.6,49.2,192.8,399.9,7.5,0.75,47.2,3017.6,0.17,400.3,137.2,537.5,34.08,0.0,0.0,34.08,35.1,0.0,0.0,35.1,0.0,0.0,0.0,1110.5,3.5,286.2,0.0,0.0,0.0,0.0,0.0,820.8,0.0,0.0,0.0,0.0,0.0,0.0,0.0,3.5,0.0
2050-10-11 07:00:00,2050-10-11 05:00:00,1156.8,0.0,0.0,0.0,1156.8,1122.5,1151.8,0.0,0.0,0.0297,0.0303,battery,gas-cc,257.1,4.8,0.48,30.4,1940.3,0.11,257.4,88.2,345.6,265.0,5.0,0.5,31.3,1999.7,0.11,265.3,90.9,356.2,143.4,2.7,0.27,16.9,1081.4,0.06,143.6,49.2,192.8,400.4,7.5,0.75,47.3,3021.4,0.17,400.8,137.4,538.2,34.08,0.0,0.0,34.08,35.15,0.0,0.0,35.15,0.0,0.0,0.0,1156.8,5.1,331.0,0.0,0.0,0.0,0.0,0.0,820.8,0.0,0.0,0.0,0.0,0.0,0.0,0.0,5.1,0.0
2050-10-11 08:00:00,2050-10-11 06:00:00,1250.5,0.0,0.0,5.6,1256.1,1213.2,-857.8,0.0,857.8,0.0298,0.0327,gas-cc,gas-cc,0.0,0.0,0.0,0.0,0.0,0.0,0.0,0.0,0.0,0.0,0.0,0.0,0.0,0.0,0.0,0.0,0.0,0.0,139.6,2.6,0.26,16.5,1052.8,0.06,139.8,47.9,187.7,363.7,6.9,0.69,43.0,2744.4,0.16,364.1,124.8,488.9,31.71,0.0,0.0,31.71,32.78,0.0,0.0,32.78,0.0,0.0,0.0,2113.9,2113.9,0.0,0.0,0.0,0.0,0.0,88.8,0.0,0.0,0.0,0.0,0.0,0.0,0.0,2016.2,8.8,0.0
2050-10-11 09:00:00,2050-10-11 07:00:00,1400.0,2821.5,0.0,10.7,4232.2,1357.5,-1640.0,0.0,1640.0,0.0303,0.0366,upv,upv,0.0,0.0,0.0,0.0,0.0,0.0,0.0,0.0,0.0,0.0,0.0,0.0,0.0,0.0,0.0,0.0,0.0,0.0,139.7,2.6,0.26,16.5,1053.3,0.06,139.9,47.9,187.8,0.0,0.0,0.0,0.0,0.0,0.0,0.0,0.0,0.0,0.0,0.0,0.0,0.0,0.0,0.0,0.0,0.0,14.5,2048.9,2063.4,5872.2,5872.2,0.0,0.0,0.0,0.0,0.0,334.4,0.0,0.0,0.0,0.0,0.0,0.0,0.0,5537.8,0.0,0.0
2050-10-11 10:00:00,2050-10-11 08:00:00,1574.7,2626.7,0.0,10.7,4212.1,1525.5,-1640.0,0.0,1640.0,0.0313,0.0412,upv,upv,0.0,0.0,0.0,0.0,0.0,0.0,0.0,0.0,0.0,0.0,0.0,0.0,0.0,0.0,0.0,0.0,0.0,0.0,147.0,2.8,0.28,17.4,1108.3,0.06,147.2,50.4,197.6,0.0,0.0,0.0,0.0,0.0,0.0,0.0,0.0,0.0,0.0,0.0,0.0,0.0,0.0,0.0,0.0,0.0,11.5,3944.7,3956.2,5852.1,5852.1,0.0,0.0,0.0,0.0,0.0,0.0,0.0,0.0,0.0,0.0,0.0,0.0,0.0,5852.1,0.0,0.0
2050-10-11 11:00:00,2050-10-11 09:00:00,1672.6,3465.2,0.0,10.7,5148.5,1619.2,-1640.0,0.0,1640.0,0.032,0.0437,upv,upv,0.0,0.0,0.0,0.0,0.0,0.0,0.0,0.0,0.0,0.0,0.0,0.0,0.0,0.0,0.0,0.0,0.0,0.0,140.5,2.7,0.27,16.6,1059.4,0.06,140.7,48.2,188.9,0.0,0.0,0.0,0.0,0.0,0.0,0.0,0.0,0.0,0.0,0.0,0.0,0.0,0.0,0.0,0.0,0.0,0.0,3109.8,3109.8,6788.5,6788.5,0.0,0.0,0.0,0.0,0.0,416.8,0.0,0.0,0.0,0.0,0.0,0.0,0.0,6350.9,20.7,0.0
2050-10-11 12:00:00,2050-10-11 10:00:00,1745.3,3435.1,0.0,10.7,5191.0,1688.6,-1640.0,0.0,1640.0,0.0325,0.0456,upv,upv,0.0,0.0,0.0,0.0,0.0,0.0,0.0,0.0,0.0,0.0,0.0,0.0,0.0,0.0,0.0,0.0,0.0,0.0,140.0,2.6,0.27,16.5,1055.7,0.06,140.2,48.0,188.2,0.0,0.0,0.0,0.0,0.0,0.0,0.0,0.0,0.0,0.0,0.0,0.0,0.0,0.0,0.0,0.0,0.0,0.0,2684.1,2684.1,6831.0,6831.0,0.0,0.0,0.0,0.0,0.0,400.6,0.0,0.0,0.0,0.0,0.0,0.0,0.0,6408.3,22.1,0.0
2050-10-11 13:00:00,2050-10-11 11:00:00,1822.1,3920.7,0.0,10.7,5753.5,1761.8,-1640.0,0.0,1640.0,0.0331,0.0477,upv,upv,0.0,0.0,0.0,0.0,0.0,0.0,0.0,0.0,0.0,0.0,0.0,0.0,0.0,0.0,0.0,0.0,0.0,0.0,140.1,2.6,0.27,16.6,1056.3,0.06,140.3,48.0,188.3,0.0,0.0,0.0,0.0,0.0,0.0,0.0,0.0,0.0,0.0,0.0,0.0,0.0,0.0,0.0,0.0,0.0,0.0,1920.5,1920.5,7393.5,7393.5,0.0,0.0,0.0,0.0,0.0,391.9,0.0,0.0,0.0,0.0,0.0,0.0,0.0,6971.5,30.0,0.0
2050-10-11 14:00:00,2050-10-11 12:00:00,1904.2,4019.6,0.0,10.7,5934.4,1839.9,-1640.0,0.0,1640.0,0.0338,0.0498,upv,upv,0.0,0.0,0.0,0.0,0.0,0.0,0.0,0.0,0.0,0.0,0.0,0.0,0.0,0.0,0.0,0.0,0.0,0.0,140.2,2.6,0.27,16.6,1057.1,0.06,140.4,48.1,188.4,0.0,0.0,0.0,0.0,0.0,0.0,0.0,0.0,0.0,0.0,0.0,0.0,0.0,0.0,0.0,0.0,0.0,0.0,1841.7,1841.7,7574.4,7574.4,0.0,0.0,0.0,0.0,0.0,395.5,0.0,0.0,0.0,0.0,0.0,0.0,0.0,7134.3,44.6,0.0
2050-10-11 15:00:00,2050-10-11 13:00:00,1997.9,3040.5,0.0,10.7,5049.1,1928.8,-1640.0,0.0,1640.0,0.0346,0.0522,upv,upv,0.0,0.0,0.0,0.0,0.0,0.0,0.0,0.0,0.0,0.0,0.0,0.0,0.0,0.0,0.0,0.0,0.0,0.0,140.3,2.6,0.27,16.6,1057.9,0.06,140.5,48.1,188.6,0.0,0.0,0.0,0.0,0.0,0.0,0.0,0.0,0.0,0.0,0.0,0.0,0.0,0.0,0.0,0.0,0.0,0.0,3029.6,3029.6,6689.1,6689.1,0.0,0.0,0.0,0.0,0.0,407.8,0.0,0.0,0.0,0.0,0.0,0.0,0.0,6224.3,56.9,0.0
2050-10-11 16:00:00,2050-10-11 14:00:00,2080.0,3795.7,0.0,10.7,5886.3,2006.6,-1640.0,0.0,1640.0,0.0353,0.0544,upv,upv,0.0,0.0,0.0,0.0,0.0,0.0,0.0,0.0,0.0,0.0,0.0,0.0,0.0,0.0,0.0,0.0,0.0,0.0,142.9,2.7,0.27,16.9,1077.5,0.06,143.1,49.0,192.1,0.0,0.0,0.0,0.0,0.0,0.0,0.0,0.0,0.0,0.0,0.0,0.0,0.0,0.0,0.0,0.0,0.0,0.0,2392.0,2392.0,7526.3,7526.3,0.0,0.0,0.0,0.0,0.0,416.5,0.0,0.0,0.0,0.0,0.0,0.0,0.0,7055.8,54.0,0.0
2050-10-11 17:00:00,2050-10-11 15:00:00,2172.6,2431.9,0.0,10.7,4615.2,2094.1,-1640.0,0.0,1640.0,0.0362,0.0568,upv,upv,0.0,0.0,0.0,0.0,0.0,0.0,0.0,0.0,0.0,0.0,0.0,0.0,0.0,0.0,0.0,0.0,0.0,0.0,140.7,2.7,0.27,16.6,1060.9,0.06,140.9,48.3,189.1,0.0,0.0,0.0,0.0,0.0,0.0,0.0,0.0,0.0,0.0,0.0,0.0,0.0,0.0,0.0,0.0,0.0,0.0,2973.1,2973.1,6255.2,6255.2,0.0,0.0,0.0,0.0,0.0,386.5,0.0,0.0,0.0,0.0,0.0,0.0,0.0,5802.6,66.0,0.0
2050-10-11 18:00:00,2050-10-11 16:00:00,2268.4,0.0,0.0,22.1,2290.6,2184.3,-2380.8,0.0,2380.8,0.0371,0.0593,wind-ons,wind-ons,0.0,0.0,0.0,0.0,0.0,0.0,0.0,0.0,0.0,0.0,0.0,0.0,0.0,0.0,0.0,0.0,0.0,0.0,148.5,2.8,0.28,17.5,1119.6,0.06,148.7,50.9,199.6,0.0,0.0,0.0,0.0,0.0,0.0,0.0,0.0,0.0,28.65,0.0,0.0,28.65,30.45,0.0,0.0,30.45,0.0,0.0,0.0,4671.4,4671.4,0.0,0.0,0.0,0.0,0.0,193.6,0.0,0.0,0.0,0.0,0.0,0.0,0.0,4394.3,83.5,0.0
2050-10-11 19:00:00,2050-10-11 17:00:00,2348.4,0.0,0.0,4.9,2353.3,2259.4,2238.6,0.0,747.5,0.0379,0.0614,battery,gas-cc,0.0,0.0,0.0,0.0,0.0,0.0,0.0,0.0,0.0,0.0,0.0,0.0,0.0,0.0,0.0,0.0,0.0,0.0,145.4,2.7,0.28,17.2,1095.9,0.06,145.5,49.8,195.4,413.7,7.8,0.78,48.9,3121.7,0.18,414.1,141.9,556.1,33.17,0.0,0.0,33.17,35.34,0.0,0.0,35.34,0.0,0.0,0.0,3100.8,114.7,2986.1,0.0,0.0,0.0,0.0,0.0,0.0,0.0,0.0,0.0,0.0,0.0,0.0,0.0,114.7,0.0
2050-10-11 20:00:00,2050-10-11 18:00:00,2425.3,0.0,0.0,0.0,2425.3,2331.5,2294.4,0.0,0.0,0.0387,0.0634,battery,gas-cc,0.0,0.0,0.0,0.0,0.0,0.0,0.0,0.0,0.0,0.0,0.0,0.0,0.0,0.0,0.0,0.0,0.0,0.0,145.6,2.7,0.28,17.2,1097.7,0.06,145.8,49.9,195.7,423.1,8.0,0.8,50.0,3192.9,0.18,423.6,145.2,568.7,33.17,0.0,0.0,33.17,35.41,0.0,0.0,35.41,0.0,0.0,0.0,2425.3,130.8,2294.4,0.0,0.0,0.0,0.0,0.0,0.0,0.0,0.0,0.0,0.0,0.0,0.0,0.0,130.8,0.0
2050-10-11 21:00:00,2050-10-11 19:00:00,2345.3,0.0,0.0,9.8,2355.1,2256.5,2231.5,0.0,1509.7,0.0379,0.0613,battery,gas-cc,0.0,0.0,0.0,0.0,0.0,0.0,0.0,0.0,0.0,0.0,0.0,0.0,0.0,0.0,0.0,0.0,0.0,0.0,156.7,3.0,0.3,18.5,1181.2,0.07,156.8,53.7,210.6,464.2,8.7,0.87,54.8,3503.3,0.2,464.7,159.3,624.0,33.17,0.0,0.0,33.17,35.33,0.0,0.0,35.33,0.0,0.0,0.0,3864.7,123.6,3741.2,0.0,0.0,0.0,0.0,0.0,0.0,0.0,0.0,0.0,0.0,0.0,0.0,0.0,123.6,0.0
2050-10-11 22:00:00,2050-10-11 20:00:00,2165.3,0.0,0.0,7.6,2172.8,2087.1,2074.7,0.0,1165.6,0.0361,0.0566,hydro,gas-cc,0.0,0.0,0.0,0.0,0.0,0.0,0.0,0.0,0.0,0.0,0.0,0.0,0.0,0.0,0.0,0.0,0.0,0.0,144.9,2.7,0.27,17.1,1092.6,0.06,145.1,49.7,194.8,461.9,8.7,0.87,54.6,3485.8,0.2,462.4,158.5,620.9,33.17,0.0,0.0,33.17,35.16,0.0,0.0,35.16,0.0,0.0,0.0,3338.4,98.2,3240.3,0.0,0.0,0.0,0.0,0.0,0.0,0.0,0.0,0.0,0.0,0.0,0.0,0.0,98.2,0.0
2050-10-11 23:00:00,2050-10-11 21:00:00,1994.7,0.0,0.0,3.5,1998.2,1925.8,1916.8,0.0,538.9,0.0345,0.0522,battery,gas-cc,0.0,0.0,0.0,0.0,0.0,0.0,0.0,0.0,0.0,0.0,0.0,0.0,0.0,0.0,0.0,0.0,0.0,0.0,145.5,2.7,0.28,17.2,1096.7,0.06,145.6,49.9,195.5,459.8,8.7,0.87,54.3,3469.4,0.2,460.3,157.8,618.0,33.17,0.0,0.0,33.17,34.99,0.0,0.0,34.99,0.0,0.0,0.0,2537.2,81.5,2455.7,0.0,0.0,0.0,0.0,0.0,0.0,0.0,0.0,0.0,0.0,0.0,0.0,0.0,81.5,0.0
2050-10-12 00:00:00,2050-10-11 22:00:00,1811.6,0.0,0.0,3.5,1815.1,1751.8,1741.9,0.0,536.6,0.033,0.0474,battery,gas-cc,0.0,0.0,0.0,0.0,0.0,0.0,0.0,0.0,0.0,0.0,0.0,0.0,0.0,0.0,0.0,0.0,0.0,0.0,154.3,2.9,0.29,18.2,1163.5,0.07,154.5,52.9,207.4,416.0,7.8,0.78,49.1,3139.1,0.18,416.4,142.7,559.2,33.32,0.0,0.0,33.32,34.98,0.0,0.0,34.98,0.0,0.0,0.0,2351.7,73.2,2278.5,0.0,0.0,0.0,0.0,0.0,0.0,0.0,0.0,0.0,0.0,0.0,0.0,0.0,73.2,0.0
2050-10-12 01:00:00,2050-10-11 23:00:00,1628.4,0.0,0.0,1.8,1630.3,1576.9,1586.3,0.0,281.8,0.0316,0.0426,battery,gas-cc,0.0,0.0,0.0,0.0,0.0,0.0,0.0,0.0,0.0,0.0,0.0,0.0,0.0,0.0,0.0,0.0,0.0,0.0,148.0,2.8,0.28,17.5,1116.1,0.06,148.2,50.8,199.0,413.9,7.8,0.78,48.9,3123.4,0.18,414.3,142.0,556.4,33.32,0.0,0.0,33.32,34.81,0.0,0.0,34.81,0.0,0.0,0.0,1912.1,44.0,1868.1,0.0,0.0,0.0,0.0,0.0,0.0,0.0,0.0,0.0,0.0,0.0,0.0,0.0,44.0,0.0
2050-10-12 02:00:00,2050-10-12 00:00:00,1430.5,0.0,0.0,0.3,1430.8,1386.9,1398.3,0.0,44.8,0.0305,0.0374,battery,gas-cc,0.0,0.0,0.0,0.0,0.0,0.0,0.0,0.0,0.0,0.0,0.0,0.0,0.0,0.0,0.0,0.0,0.0,0.0,145.4,2.7,0.28,17.2,1096.3,0.06,145.6,49.9,195.4,411.7,7.8,0.78,48.6,3106.6,0.18,412.1,141.3,553.4,33.32,0.0,0.0,33.32,34.62,0.0,0.0,34.62,0.0,0.0,0.0,1475.6,32.5,1443.1,0.0,0.0,0.0,0.0,0.0,0.0,0.0,0.0,0.0,0.0,0.0,0.0,0.0,32.5,0.0
2050-10-12 03:00:00,2050-10-12 01:00:00,1291.6,0.0,0.0,0.0,1291.6,1252.9,1248.8,0.0,0.0,0.0299,0.0338,battery,gas-cc,0.0,0.0,0.0,0.0,0.0,0.0,0.0,0.0,0.0,0.0,0.0,0.0,0.0,0.0,0.0,0.0,0.0,0.0,144.7,2.7,0.27,17.1,1090.8,0.06,144.8,49.6,194.5,410.1,7.7,0.77,48.4,3094.9,0.18,410.6,140.7,551.3,33.32,0.0,0.0,33.32,34.49,0.0,0.0,34.49,0.0,0.0,0.0,1291.6,42.8,1248.8,0.0,0.0,0.0,0.0,0.0,0.0,0.0,0.0,0.0,0.0,0.0,0.0,0.0,42.8,0.0
2050-10-12 04:00:00,2050-10-12 02:00:00,1201.1,0.0,0.0,2.8,1203.9,1165.3,1156.1,182.0,0.0,0.0297,0.0314,battery,gas-cc,0.0,0.0,0.0,0.0,0.0,0.0,0.0,0.0,0.0,0.0,0.0,0.0,0.0,0.0,0.0,0.0,0.0,0.0,144.3,2.7,0.27,17.1,1088.1,0.06,144.5,49.5,194.0,409.1,7.7,0.77,48.3,3087.3,0.18,409.6,140.4,549.9,33.32,0.0,0.0,33.32,34.41,0.0,0.0,34.41,0.0,0.0,0.0,1021.9,47.8,974.1,0.0,0.0,0.0,0.0,0.0,0.0,0.0,0.0,0.0,0.0,0.0,0.0,0.0,47.8,0.0
2050-10-12 05:00:00,2050-10-12 03:00:00,1136.8,0.0,0.0,0.0,1136.8,1103.1,1084.7,0.0,0.0,0.0297,0.0297,battery,gas-cc,0.0,0.0,0.0,0.0,0.0,0.0,0.0,0.0,0.0,0.0,0.0,0.0,0.0,0.0,0.0,0.0,0.0,0.0,146.5,2.8,0.28,17.3,1104.2,0.06,146.6,50.2,196.8,408.4,7.7,0.77,48.2,3082.0,0.18,408.9,140.1,549.0,33.32,0.0,0.0,33.32,34.35,0.0,0.0,34.35,0.0,0.0,0.0,1136.8,52.2,1084.7,0.0,0.0,0.0,0.0,0.0,0.0,0.0,0.0,0.0,0.0,0.0,0.0,0.0,52.2,0.0
2050-10-12 06:00:00,2050-10-12 04:00:00,1121.1,0.0,0.0,6.8,1127.9,1087.8,1084.5,441.8,0.0,0.0297,0.0293,battery,gas-cc,0.0,0.0,0.0,0.0,0.0,0.0,0.0,0.0,0.0,0.0,0.0,0.0,0.0,0.0,0.0,0.0,0.0,0.0,144.5,2.7,0.27,17.1,1089.2,0.06,144.6,49.5,194.2,408.2,7.7,0.77,48.2,3080.7,0.18,408.7,140.1,548.8,33.32,0.0,0.0,33.32,34.33,0.0,0.0,34.33,0.0,0.0,0.0,686.1,43.4,642.7,0.0,0.0,0.0,0.0,0.0,0.0,0.0,0.0,0.0,0.0,0.0,0.0,0.0,43.4,0.0
2050-10-12 07:00:00,2050-10-12 05:00:00,1172.6,0.0,0.0,4.0,1176.6,1137.8,1124.7,258.8,0.0,0.0297,0.0307,battery,gas-cc,0.0,0.0,0.0,0.0,0.0,0.0,0.0,0.0,0.0,0.0,0.0,0.0,0.0,0.0,0.0,0.0,0.0,0.0,144.8,2.7,0.27,17.1,1091.9,0.06,145.0,49.7,194.6,408.8,7.7,0.77,48.3,3085.0,0.18,409.3,140.3,549.5,33.32,0.0,0.0,33.32,34.38,0.0,0.0,34.38,0.0,0.0,0.0,917.9,52.0,865.9,0.0,0.0,0.0,0.0,0.0,0.0,0.0,0.0,0.0,0.0,0.0,0.0,0.0,52.0,0.0
2050-10-12 08:00:00,2050-10-12 06:00:00,1304.2,0.0,0.0,8.7,1312.9,1265.1,716.6,716.6,0.0,0.03,0.0341,gas-cc,gas-cc,0.0,0.0,0.0,0.0,0.0,0.0,0.0,0.0,0.0,4.3,0.1,0.01,1.0,33.5,0.01,4.3,2.0,6.3,141.8,2.7,0.27,16.8,1069.3,0.06,142.0,48.6,190.6,364.2,6.9,0.69,43.0,2748.4,0.16,364.6,125.0,489.6,33.11,0.0,0.0,33.11,34.27,0.0,0.0,34.27,0.0,0.0,0.0,596.2,596.2,0.0,0.0,0.0,0.0,0.0,22.9,0.0,0.0,0.0,0.0,0.0,0.0,0.0,519.0,54.4,0.0
2050-10-12 09:00:00,2050-10-12 07:00:00,1441.1,2431.9,0.0,12.5,3885.4,1397.0,-683.4,366.1,1049.5,0.0305,0.0377,battery,gas-cc,0.0,0.0,0.0,0.0,0.0,0.0,0.0,0.0,0.0,0.0,0.0,0.0,0.0,0.0,0.0,0.0,0.0,0.0,139.7,2.6,0.26,16.5,1053.6,0.06,139.9,47.9,187.8,318.2,6.0,0.6,37.6,2400.9,0.14,318.5,109.2,427.7,26.22,0.0,0.0,26.22,27.24,0.0,0.0,27.24,0.0,0.0,0.0,4568.8,4568.8,0.0,0.0,0.0,0.0,0.0,190.7,0.0,0.0,0.0,0.0,0.0,0.0,0.0,4326.5,51.6,0.0
2050-10-12 10:00:00,2050-10-12 08:00:00,1592.6,4019.6,0.0,12.7,5624.9,1542.6,-1769.0,0.0,1769.0,0.0314,0.0416,battery,gas-cc,0.0,0.0,0.0,0.0,0.0,0.0,0.0,0.0,0.0,0.0,0.0,0.0,0.0,0.0,0.0,0.0,0.0,0.0,141.1,2.7,0.27,16.7,1063.8,0.06,141.3,48.4,189.6,319.5,6.0,0.6,37.7,2410.8,0.14,319.8,109.6,429.4,24.41,0.0,0.0,24.41,25.47,0.0,0.0,25.47,0.0,0.0,0.0,7393.8,7393.8,0.0,0.0,0.0,0.0,0.0,310.0,0.0,0.0,0.0,0.0,0.0,0.0,0.0,7037.4,46.4,0.0
2050-10-12 11:00:00,2050-10-12 09:00:00,1649.5,3770.5,0.0,11.8,5431.8,1597.0,-1713.2,0.0,1713.2,0.0318,0.0431,battery,gas-cc,0.0,0.0,0.0,0.0,0.0,0.0,0.0,0.0,0.0,0.0,0.0,0.0,0.0,0.0,0.0,0.0,0.0,0.0,177.3,3.3,0.34,20.9,1337.0,0.08,177.5,60.8,238.3,315.1,5.9,0.59,37.2,2377.8,0.14,315.4,108.1,423.6,25.12,0.0,0.0,25.12,26.25,0.0,0.0,26.25,0.0,0.0,0.0,7145.0,7145.0,0.0,0.0,0.0,0.0,0.0,299.0,0.0,0.0,0.0,0.0,0.0,0.0,0.0,6785.4,60.7,0.0
2050-10-12 12:00:00,2050-10-12 10:00:00,1670.5,3319.7,0.0,10.9,5001.1,1617.2,-1653.2,0.0,1653.2,0.0319,0.0437,battery,gas-cc,0.0,0.0,0.0,0.0,0.0,0.0,0.0,0.0,0.0,0.0,0.0,0.0,0.0,0.0,0.0,0.0,0.0,0.0,145.4,2.7,0.28,17.2,1096.2,0.06,145.6,49.9,195.4,320.2,6.0,0.6,37.8,2415.9,0.14,320.5,109.9,430.4,25.12,0.0,0.0,25.12,26.27,0.0,0.0,26.27,0.0,0.0,0.0,6654.3,6654.3,0.0,0.0,0.0,0.0,0.0,276.8,0.0,0.0,0.0,0.0,0.0,0.0,0.0,6281.3,96.2,0.0
2050-10-12 13:00:00,2050-10-12 11:00:00,1713.7,3341.5,0.0,11.3,5066.5,1658.4,-1684.1,0.0,1684.1,0.0322,0.0448,battery,gas-cc,0.0,0.0,0.0,0.0,0.0,0.0,0.0,0.0,0.0,0.0,0.0,0.0,0.0,0.0,0.0,0.0,0.0,0.0,140.0,2.6,0.26,16.5,1055.4,0.06,140.1,48.0,188.2,320.5,6.0,0.6,37.9,2418.8,0.14,320.9,110.0,430.9,25.12,0.0,0.0,25.12,26.3,0.0,0.0,26.3,0.0,0.0,0.0,6750.6,6750.6,0.0,0.0,0.0,0.0,0.0,278.6,0.0,0.0,0.0,0.0,0.0,0.0,0.0,6323.3,148.7,0.0
2050-10-12 14:00:00,2050-10-12 12:00:00,1788.4,3600.8,0.0,11.6,5400.9,1729.7,-1700.0,0.0,1700.0,0.0328,0.0468,battery,gas-cc,0.0,0.0,0.0,0.0,0.0,0.0,0.0,0.0,0.0,0.0,0.0,0.0,0.0,0.0,0.0,0.0,0.0,0.0,140.1,2.6,0.27,16.6,1056.0,0.06,140.2,48.0,188.3,316.3,6.0,0.6,37.4,2386.8,0.14,316.6,108.5,425.2,25.12,0.0,0.0,25.12,26.35,0.0,0.0,26.35,0.0,0.0,0.0,7100.8,7100.8,0.0,0.0,0.0,0.0,0.0,290.9,0.0,0.0,0.0,0.0,0.0,0.0,0.0,6601.2,208.8,0.0
2050-10-12 15:00:00,2050-10-12 13:00:00,1855.8,2431.9,0.0,20.2,4307.9,1793.9,-2258.4,0.0,2258.4,0.0334,0.0485,gas-cc,gas-cc,0.0,0.0,0.0,0.0,0.0,0.0,0.0,0.0,0.0,0.0,0.0,0.0,0.0,0.0,0.0,0.0,0.0,0.0,152.2,2.9,0.29,18.0,1147.6,0.07,152.4,52.2,204.6,369.7,7.0,0.7,43.7,2790.1,0.16,370.1,126.9,497.0,25.12,0.0,0.0,25.12,26.4,0.0,0.0,26.4,0.0,0.0,0.0,6566.4,6566.4,0.0,0.0,0.0,0.0,0.0,267.6,0.0,0.0,0.0,0.0,0.0,0.0,0.0,6071.3,227.5,0.0
2050-10-12 16:00:00,2050-10-12 14:00:00,1902.1,3395.3,0.0,10.7,5308.1,1837.9,-1640.0,0.0,1640.0,0.0337,0.0497,battery,gas-cc,0.0,0.0,0.0,0.0,0.0,0.0,0.0,0.0,0.0,0.0,0.0,0.0,0.0,0.0,0.0,0.0,0.0,0.0,147.7,2.8,0.28,17.4,1113.6,0.06,147.9,50.7,198.5,317.3,6.0,0.6,37.5,2394.3,0.14,317.6,108.9,426.5,25.12,0.0,0.0,25.12,26.44,0.0,0.0,26.44,0.0,0.0,0.0,6948.0,6948.0,0.0,0.0,0.0,0.0,0.0,282.8,0.0,0.0,0.0,0.0,0.0,0.0,0.0,6417.0,248.3,0.0
2050-10-12 17:00:00,2050-10-12 15:00:00,1969.5,3245.8,0.0,15.5,5230.8,1901.9,-1954.3,0.0,1954.3,0.0343,0.0515,battery,gas-cc,0.0,0.0,0.0,0.0,0.0,0.0,0.0,0.0,0.0,0.0,0.0,0.0,0.0,0.0,0.0,0.0,0.0,0.0,153.0,2.9,0.29,18.1,1153.9,0.07,153.2,52.5,205.7,322.8,6.1,0.61,38.1,2435.9,0.14,323.1,110.8,433.9,25.12,0.0,0.0,25.12,26.49,0.0,0.0,26.49,0.0,0.0,0.0,7185.1,7185.1,0.0,0.0,0.0,0.0,0.0,292.5,0.0,0.0,0.0,0.0,0.0,0.0,0.0,6636.7,255.9,0.0
2050-10-12 18:00:00,2050-10-12 16:00:00,2051.6,0.0,0.0,12.7,2064.3,1979.7,-1769.8,0.0,1769.8,0.035,0.0537,hydro,hydro,0.0,0.0,0.0,0.0,0.0,0.0,0.0,0.0,0.0,0.0,0.0,0.0,0.0,0.0,0.0,0.0,0.0,0.0,144.9,2.7,0.27,17.1,1092.7,0.06,145.1,49.7,194.8,0.0,0.0,0.0,0.0,0.0,0.0,0.0,0.0,0.0,31.29,0.0,0.0,31.29,33.06,0.0,0.0,33.06,0.0,0.0,0.0,3834.0,3834.0,0.0,0.0,0.0,0.0,0.0,150.8,0.0,0.0,0.0,0.0,0.0,0.0,0.0,3421.8,261.5,0.0
2050-10-12 19:00:00,2050-10-12 17:00:00,2095.8,0.0,0.0,10.7,2106.4,2021.5,1884.2,0.0,1640.0,0.0354,0.0548,battery,gas-cc,0.0,0.0,0.0,0.0,0.0,0.0,0.0,0.0,0.0,0.0,0.0,0.0,0.0,0.0,0.0,0.0,0.0,0.0,153.1,2.9,0.29,18.1,1154.5,0.07,153.3,52.5,205.8,377.2,7.1,0.71,44.6,2846.5,0.16,377.6,129.4,507.1,32.65,0.0,0.0,32.65,34.54,0.0,0.0,34.54,0.0,0.0,0.0,3746.4,222.3,3524.1,0.0,0.0,0.0,0.0,0.0,0.0,0.0,0.0,0.0,0.0,0.0,0.0,0.0,222.3,0.0
2050-10-12 20:00:00,2050-10-12 18:00:00,2180.0,0.0,0.0,17.0,2197.0,2101.0,2028.8,416.8,1628.3,0.0362,0.057,battery,gas-cc,0.0,0.0,0.0,0.0,0.0,0.0,0.0,0.0,0.0,0.0,0.0,0.0,0.0,0.0,0.0,0.0,0.0,0.0,145.1,2.7,0.27,17.1,1093.9,0.06,145.2,49.8,195.0,378.1,7.1,0.71,44.7,2853.2,0.16,378.5,129.7,508.2,32.65,0.0,0.0,32.65,34.62,0.0,0.0,34.62,0.0,0.0,0.0,3408.6,168.3,3240.3,0.0,0.0,0.0,0.0,0.0,0.0,0.0,0.0,0.0,0.0,0.0,0.0,0.0,168.3,0.0
2050-10-12 21:00:00,2050-10-12 19:00:00,2149.5,0.0,0.0,15.1,2164.5,2072.2,2011.0,445.3,1255.8,0.0359,0.0562,battery,gas-cc,0.0,0.0,0.0,0.0,0.0,0.0,0.0,0.0,0.0,0.0,0.0,0.0,0.0,0.0,0.0,0.0,0.0,0.0,145.2,2.7,0.27,17.2,1094.6,0.06,145.3,49.8,195.1,377.8,7.1,0.71,44.6,2850.8,0.16,378.2,129.6,507.8,32.65,0.0,0.0,32.65,34.59,0.0,0.0,34.59,0.0,0.0,0.0,2975.1,153.5,2821.5,0.0,0.0,0.0,0.0,0.0,0.0,0.0,0.0,0.0,0.0,0.0,0.0,0.0,153.5,0.0
2050-10-12 22:00:00,2050-10-12 20:00:00,2023.2,0.0,0.0,10.0,2033.2,1952.8,1942.5,445.3,480.2,0.0348,0.0529,battery,gas-cc,0.0,0.0,0.0,0.0,0.0,0.0,0.0,0.0,0.0,0.0,0.0,0.0,0.0,0.0,0.0,0.0,0.0,0.0,144.4,2.7,0.27,17.1,1088.4,0.06,144.5,49.5,194.0,376.5,7.1,0.71,44.5,2840.8,0.16,376.9,129.2,506.0,32.65,0.0,0.0,32.65,34.47,0.0,0.0,34.47,0.0,0.0,0.0,2068.0,90.7,1977.3,0.0,0.0,0.0,0.0,0.0,0.0,0.0,0.0,0.0,0.0,0.0,0.0,0.0,90.7,0.0
2050-10-12 23:00:00,2050-10-12 21:00:00,1873.7,0.0,0.0,10.7,1884.3,1810.9,1806.0,0.0,1640.0,0.0335,0.049,battery,gas-cc,0.0,0.0,0.0,0.0,0.0,0.0,0.0,0.0,0.0,0.0,0.0,0.0,0.0,0.0,0.0,0.0,0.0,0.0,145.8,2.8,0.28,17.2,1099.6,0.06,146.0,50.0,196.0,374.9,7.1,0.71,44.3,2829.2,0.16,375.3,128.6,504.0,32.65,0.0,0.0,32.65,34.33,0.0,0.0,34.33,0.0,0.0,0.0,3524.3,78.3,3446.0,0.0,0.0,0.0,0.0,0.0,0.0,0.0,0.0,0.0,0.0,0.0,0.0,0.0,78.3,0.0
2050-10-13 00:00:00,2050-10-12 22:00:00,1698.9,0.0,0.0,21.1,1720.1,1644.3,1646.3,0.0,2314.7,0.0321,0.0444,gas-cc,gas-cc,52.8,1.0,0.1,6.2,398.2,0.02,52.8,18.1,70.9,54.5,1.0,0.1,6.4,411.4,0.02,54.6,18.7,73.3,145.3,2.7,0.27,17.2,1095.4,0.06,145.4,49.8,195.3,379.2,7.1,0.71,44.8,2861.9,0.16,379.7,130.1,509.8,39.24,0.0,0.0,39.24,41.07,0.0,0.0,41.07,0.0,0.0,0.0,4034.8,73.8,3373.5,0.0,0.0,0.0,0.0,0.0,587.5,0.0,0.0,0.0,0.0,0.0,0.0,0.0,73.8,0.0
2050-10-13 01:00:00,2050-10-12 23:00:00,1521.1,0.0,0.0,17.0,1538.0,1473.9,1443.9,408.6,1640.0,0.031,0.0398,battery,gas-cc,0.0,0.0,0.0,0.0,0.0,0.0,0.0,0.0,0.0,0.0,0.0,0.0,0.0,0.0,0.0,0.0,0.0,0.0,147.8,2.8,0.28,17.5,1114.1,0.06,147.9,50.7,198.6,371.3,7.0,0.7,43.9,2802.0,0.16,371.7,127.4,499.1,32.76,0.0,0.0,32.76,34.11,0.0,0.0,34.11,0.0,0.0,0.0,2769.4,94.1,2675.3,0.0,0.0,0.0,0.0,0.0,0.0,0.0,0.0,0.0,0.0,0.0,0.0,0.0,94.1,0.0
2050-10-13 02:00:00,2050-10-13 00:00:00,1329.5,0.0,0.0,17.0,1346.5,1289.5,1208.5,445.3,1557.7,0.0301,0.0348,gas-cc,gas-cc,0.0,0.0,0.0,0.0,0.0,0.0,0.0,0.0,0.0,0.0,0.0,0.0,0.0,0.0,0.0,0.0,0.0,0.0,147.9,2.8,0.28,17.5,1115.4,0.06,148.1,50.7,198.8,364.5,6.9,0.69,43.1,2750.3,0.16,364.9,125.1,489.9,32.16,0.0,0.0,32.16,33.32,0.0,0.0,33.32,0.0,0.0,0.0,2458.9,138.0,2320.9,0.0,0.0,0.0,0.0,0.0,0.0,0.0,0.0,0.0,0.0,0.0,0.0,0.0,138.0,0.0
2050-10-13 03:00:00,2050-10-13 01:00:00,1227.4,0.0,0.0,6.9,1234.3,1190.8,1087.9,445.3,0.0,0.0298,0.0321,battery,gas-cc,0.0,0.0,0.0,0.0,0.0,0.0,0.0,0.0,0.0,0.0,0.0,0.0,0.0,0.0,0.0,0.0,0.0,0.0,171.5,3.2,0.32,20.3,1293.9,0.07,171.7,58.8,230.6,362.4,6.8,0.68,42.8,2735.1,0.16,362.8,124.4,487.2,32.16,0.0,0.0,32.16,33.23,0.0,0.0,33.23,0.0,0.0,0.0,789.0,146.4,642.6,0.0,0.0,0.0,0.0,0.0,0.0,0.0,0.0,0.0,0.0,0.0,0.0,0.0,146.4,0.0
2050-10-13 04:00:00,2050-10-13 02:00:00,1133.7,0.0,0.0,6.9,1140.6,1100.0,1023.5,445.3,0.0,0.0297,0.0296,battery,gas-cc,0.0,0.0,0.0,0.0,0.0,0.0,0.0,0.0,0.0,0.0,0.0,0.0,0.0,0.0,0.0,0.0,0.0,0.0,197.4,3.7,0.37,23.3,1489.5,0.09,197.7,67.7,265.4,361.5,6.8,0.68,42.7,2728.2,0.16,361.9,124.1,486.0,32.16,0.0,0.0,32.16,33.14,0.0,0.0,33.14,0.0,0.0,0.0,695.3,117.1,578.2,0.0,0.0,0.0,0.0,0.0,0.0,0.0,0.0,0.0,0.0,0.0,0.0,0.0,117.1,0.0
2050-10-13 05:00:00,2050-10-13 03:00:00,1090.5,0.0,0.0,8.6,1099.2,1058.1,1002.7,712.5,0.0,0.0297,0.0285,battery,gas-cc,0.0,0.0,0.0,0.0,0.0,0.0,0.0,0.0,0.0,0.0,0.0,0.0,0.8,1.8,0.02,0.0,0.8,0.8,211.8,4.0,0.4,25.0,1598.3,0.09,212.1,72.7,284.7,361.1,6.8,0.68,42.7,2725.0,0.16,361.5,123.9,485.4,32.16,0.0,0.0,32.16,33.1,0.0,0.0,33.1,0.0,0.0,0.0,386.7,96.4,290.2,0.0,0.0,0.0,0.0,0.0,0.0,0.0,0.0,0.0,0.0,0.0,0.0,0.0,96.4,0.0
2050-10-13 06:00:00,2050-10-13 04:00:00,1080.0,0.0,0.0,10.1,1090.1,1047.9,975.2,943.7,0.0,0.0297,0.0282,battery,gas-cc,0.0,0.0,0.0,0.0,0.0,0.0,0.0,0.0,0.0,0.0,0.0,0.0,1.6,3.7,0.04,0.0,1.7,1.7,231.1,4.4,0.44,27.3,1743.2,0.1,231.3,79.3,310.6,361.0,6.8,0.68,42.6,2724.3,0.16,361.4,123.9,485.3,32.16,0.0,0.0,32.16,33.09,0.0,0.0,33.09,0.0,0.0,0.0,146.5,115.0,31.5,0.0,0.0,0.0,0.0,0.0,0.0,0.0,0.0,0.0,0.0,0.0,0.0,0.0,115.0,0.0
2050-10-13 07:00:00,2050-10-13 05:00:00,1124.2,0.0,0.0,9.4,1133.6,1090.8,1025.0,823.0,0.0,0.0297,0.0294,battery,gas-cc,0.0,0.0,0.0,0.0,0.0,0.0,0.0,0.0,0.0,0.0,0.0,0.0,1.1,2.7,0.03,0.0,1.2,1.2,210.9,4.0,0.4,24.9,1591.3,0.09,211.1,72.4,283.5,361.4,6.8,0.68,42.7,2727.5,0.16,361.8,124.0,485.9,32.16,0.0,0.0,32.16,33.13,0.0,0.0,33.13,0.0,0.0,0.0,310.6,108.6,202.0,0.0,0.0,0.0,0.0,0.0,0.0,0.0,0.0,0.0,0.0,0.0,0.0,0.0,108.6,0.0
2050-10-13 08:00:00,2050-10-13 06:00:00,1203.2,0.0,0.0,6.0,1209.1,1167.4,-921.1,0.0,921.1,0.0297,0.0315,hydro,gas-cc,0.0,0.0,0.0,0.0,0.0,0.0,0.0,0.0,0.0,0.0,0.0,0.0,0.0,0.0,0.0,0.0,0.0,0.0,142.7,2.7,0.27,16.9,1076.1,0.06,142.9,48.9,191.8,357.3,6.7,0.67,42.2,2695.9,0.15,357.6,122.6,480.2,30.1,0.0,0.0,30.1,31.07,0.0,0.0,31.07,0.0,0.0,0.0,2130.2,2130.2,0.0,0.0,0.0,0.0,0.0,85.6,0.0,0.0,0.0,0.0,0.0,0.0,0.0,1943.5,101.1,0.0
2050-10-13 09:00:00,2050-10-13 07:00:00,1334.7,2946.6,0.0,28.9,4310.2,1294.6,-2816.0,0.0,2816.0,0.0301,0.0349,distpv,distpv,0.0,0.0,0.0,0.0,0.0,0.0,0.0,0.0,0.0,0.0,0.0,0.0,0.0,0.0,0.0,0.0,0.0,0.0,140.7,2.7,0.27,16.6,1061.0,0.06,140.9,48.3,189.2,0.0,0.0,0.0,0.0,0.0,0.0,0.0,0.0,0.0,0.0,0.0,0.0,0.0,0.0,0.0,0.0,0.0,62.5,221.1,283.6,7126.3,7126.3,0.0,0.0,0.0,0.0,0.0,88.9,0.0,0.0,0.0,0.0,0.0,0.0,0.0,7037.4,0.0,0.0
2050-10-13 10:00:00,2050-10-13 08:00:00,1474.7,3435.1,0.0,25.7,4935.6,1429.4,-2611.5,0.0,2611.5,0.0307,0.0386,upv,upv,0.0,0.0,0.0,0.0,0.0,0.0,0.0,0.0,0.0,0.0,0.0,0.0,0.0,0.0,0.0,0.0,0.0,0.0,142.4,2.7,0.27,16.8,1073.4,0.06,142.5,48.8,191.4,0.0,0.0,0.0,0.0,0.0,0.0,0.0,0.0,0.0,0.0,0.0,0.0,0.0,0.0,0.0,0.0,0.0,67.4,2168.6,2235.9,7547.0,7547.0,0.0,0.0,0.0,0.0,0.0,0.0,0.0,0.0,0.0,0.0,0.0,0.0,0.0,7547.0,0.0,0.0
2050-10-13 11:00:00,2050-10-13 09:00:00,1503.2,4019.6,0.0,10.7,5533.4,1456.8,-1640.0,0.0,1640.0,0.0309,0.0393,upv,upv,0.0,0.0,0.0,0.0,0.0,0.0,0.0,0.0,0.0,0.0,0.0,0.0,0.0,0.0,0.0,0.0,0.0,0.0,139.6,2.6,0.26,16.5,1052.3,0.06,139.7,47.9,187.6,0.0,0.0,0.0,0.0,0.0,0.0,0.0,0.0,0.0,0.0,0.0,0.0,0.0,0.0,0.0,0.0,0.0,0.0,2860.6,2860.6,7173.4,7173.4,0.0,0.0,0.0,0.0,0.0,420.4,0.0,0.0,0.0,0.0,0.0,0.0,0.0,6684.1,68.8,0.0
2050-10-13 12:00:00,2050-10-13 10:00:00,1489.5,3990.5,0.0,10.7,5490.6,1443.6,-1640.0,0.0,1640.0,0.0308,0.039,upv,upv,0.0,0.0,0.0,0.0,0.0,0.0,0.0,0.0,0.0,0.0,0.0,0.0,0.0,0.0,0.0,0.0,0.0,0.0,140.0,2.6,0.26,16.5,1055.1,0.06,140.1,48.0,188.1,0.0,0.0,0.0,0.0,0.0,0.0,0.0,0.0,0.0,0.0,0.0,0.0,0.0,0.0,0.0,0.0,0.0,0.0,1847.5,1847.5,7130.6,7130.6,0.0,0.0,0.0,0.0,0.0,375.0,0.0,0.0,0.0,0.0,0.0,0.0,0.0,6663.3,92.3,0.0
2050-10-13 13:00:00,2050-10-13 11:00:00,1466.3,3045.5,0.0,10.7,4522.4,1421.3,-1640.0,0.0,1640.0,0.0307,0.0383,upv,upv,0.0,0.0,0.0,0.0,0.0,0.0,0.0,0.0,0.0,0.0,0.0,0.0,0.0,0.0,0.0,0.0,0.0,0.0,139.8,2.6,0.26,16.5,1053.7,0.06,139.9,47.9,187.8,0.0,0.0,0.0,0.0,0.0,0.0,0.0,0.0,0.0,0.0,0.0,0.0,0.0,0.0,0.0,0.0,0.0,0.0,2783.9,2783.9,6162.4,6162.4,0.0,0.0,0.0,0.0,0.0,372.1,0.0,0.0,0.0,0.0,0.0,0.0,0.0,5662.3,128.0,0.0
2050-10-13 14:00:00,2050-10-13 12:00:00,1471.6,3373.1,0.0,10.7,4855.3,1426.4,-1640.0,0.0,1640.0,0.0307,0.0385,upv,upv,0.0,0.0,0.0,0.0,0.0,0.0,0.0,0.0,0.0,0.0,0.0,0.0,0.0,0.0,0.0,0.0,0.0,0.0,139.8,2.6,0.26,16.5,1053.7,0.06,139.9,47.9,187.9,0.0,0.0,0.0,0.0,0.0,0.0,0.0,0.0,0.0,0.0,0.0,0.0,0.0,0.0,0.0,0.0,0.0,0.0,2814.7,2814.7,6495.3,6495.3,0.0,0.0,0.0,0.0,0.0,386.5,0.0,0.0,0.0,0.0,0.0,0.0,0.0,5954.6,154.2,0.0
2050-10-13 15:00:00,2050-10-13 13:00:00,1510.5,3373.1,0.0,10.7,4894.3,1463.8,-1640.0,0.0,1640.0,0.0309,0.0395,upv,upv,0.0,0.0,0.0,0.0,0.0,0.0,0.0,0.0,0.0,0.0,0.0,0.0,0.0,0.0,0.0,0.0,0.0,0.0,139.8,2.6,0.26,16.5,1054.0,0.06,140.0,47.9,187.9,0.0,0.0,0.0,0.0,0.0,0.0,0.0,0.0,0.0,0.0,0.0,0.0,0.0,0.0,0.0,0.0,0.0,0.0,3222.7,3222.7,6534.2,6534.2,0.0,0.0,0.0,0.0,0.0,404.9,0.0,0.0,0.0,0.0,0.0,0.0,0.0,5966.6,162.7,0.0
2050-10-13 16:00:00,2050-10-13 14:00:00,1528.4,2941.7,0.0,10.7,4480.8,1481.0,-1640.0,0.0,1640.0,0.031,0.04,upv,upv,0.0,0.0,0.0,0.0,0.0,0.0,0.0,0.0,0.0,0.0,0.0,0.0,0.0,0.0,0.0,0.0,0.0,0.0,171.8,3.2,0.32,20.3,1295.9,0.07,172.0,58.9,231.0,0.0,0.0,0.0,0.0,0.0,0.0,0.0,0.0,0.0,0.0,0.0,0.0,0.0,0.0,0.0,0.0,0.0,0.0,3880.1,3880.1,6120.8,6120.8,0.0,0.0,0.0,0.0,0.0,415.0,0.0,0.0,0.0,0.0,0.0,0.0,0.0,5541.8,163.9,0.0
2050-10-13 17:00:00,2050-10-13 15:00:00,1605.3,2431.9,0.0,10.7,4047.8,1554.7,-1640.0,0.0,1640.0,0.0315,0.042,upv,upv,0.0,0.0,0.0,0.0,0.0,0.0,0.0,0.0,0.0,0.0,0.0,0.0,0.0,0.0,0.0,0.0,0.0,0.0,139.9,2.6,0.26,16.5,1054.6,0.06,140.0,48.0,188.0,0.0,0.0,0.0,0.0,0.0,0.0,0.0,0.0,0.0,0.0,0.0,0.0,0.0,0.0,0.0,0.0,0.0,0.0,3605.5,3605.5,5687.8,5687.8,0.0,0.0,0.0,0.0,0.0,386.2,0.0,0.0,0.0,0.0,0.0,0.0,0.0,5157.3,144.4,0.0
2050-10-13 18:00:00,2050-10-13 16:00:00,1683.2,1609.5,0.0,16.0,3308.6,1629.3,-1297.5,342.5,1640.0,0.032,0.044,upv,upv,0.0,0.0,0.0,0.0,0.0,0.0,0.0,0.0,0.0,0.0,0.0,0.0,0.0,0.0,0.0,0.0,0.0,0.0,152.3,2.9,0.29,18.0,1148.7,0.07,152.5,52.2,204.8,0.0,0.0,0.0,0.0,0.0,0.0,0.0,0.0,0.0,0.02,0.0,0.0,0.02,0.02,0.0,0.0,0.02,0.0,0.0,0.0,4606.1,4606.1,0.0,0.0,0.0,0.0,0.0,188.6,0.0,0.0,0.0,0.0,0.0,0.0,0.0,4278.0,139.5,0.0
2050-10-13 19:00:00,2050-10-13 17:00:00,1750.5,0.0,0.0,14.3,1764.8,1693.6,1649.5,445.3,1139.4,0.0325,0.0458,battery,gas-cc,0.0,0.0,0.0,0.0,0.0,0.0,0.0,0.0,0.0,0.0,0.0,0.0,0.0,0.0,0.0,0.0,0.0,0.0,159.3,3.0,0.3,18.8,1201.5,0.07,159.5,54.6,214.2,355.8,6.7,0.67,42.0,2685.1,0.15,356.2,122.1,478.3,27.21,0.0,0.0,27.21,28.51,0.0,0.0,28.51,0.0,0.0,0.0,2458.9,115.4,2343.5,0.0,0.0,0.0,0.0,0.0,0.0,0.0,0.0,0.0,0.0,0.0,0.0,0.0,115.4,0.0
2050-10-13 20:00:00,2050-10-13 18:00:00,1853.7,0.0,0.0,10.3,1863.9,1791.9,1764.2,326.7,799.5,0.0333,0.0485,battery,gas-cc,0.0,0.0,0.0,0.0,0.0,0.0,0.0,0.0,0.0,0.0,0.0,0.0,0.0,0.0,0.0,0.0,0.0,0.0,165.6,3.1,0.31,19.6,1249.1,0.07,165.8,56.8,222.6,356.8,6.7,0.67,42.2,2692.7,0.15,357.2,122.4,479.6,27.21,0.0,0.0,27.21,28.59,0.0,0.0,28.59,0.0,0.0,0.0,2336.8,99.7,2237.1,0.0,0.0,0.0,0.0,0.0,0.0,0.0,0.0,0.0,0.0,0.0,0.0,0.0,99.7,0.0
2050-10-13 21:00:00,2050-10-13 19:00:00,1843.2,0.0,0.0,4.2,1847.4,1781.9,1766.5,58.0,510.2,0.0332,0.0482,battery,gas-cc,0.0,0.0,0.0,0.0,0.0,0.0,0.0,0.0,0.0,0.0,0.0,0.0,0.0,0.0,0.0,0.0,0.0,0.0,145.0,2.7,0.27,17.1,1092.9,0.06,145.1,49.7,194.8,356.7,6.7,0.67,42.1,2691.9,0.15,357.1,122.4,479.5,27.21,0.0,0.0,27.21,28.58,0.0,0.0,28.58,0.0,0.0,0.0,2299.6,80.9,2218.7,0.0,0.0,0.0,0.0,0.0,0.0,0.0,0.0,0.0,0.0,0.0,0.0,0.0,80.9,0.0
2050-10-13 22:00:00,2050-10-13 20:00:00,1747.4,0.0,0.0,16.9,1764.3,1690.6,1701.8,402.0,1640.0,0.0325,0.0457,battery,gas-cc,0.0,0.0,0.0,0.0,0.0,0.0,0.0,0.0,0.0,0.0,0.0,0.0,0.0,0.0,0.0,0.0,0.0,0.0,152.7,2.9,0.29,18.0,1151.5,0.07,152.9,52.4,205.3,355.8,6.7,0.67,42.0,2684.8,0.15,356.2,122.1,478.3,27.21,0.0,0.0,27.21,28.51,0.0,0.0,28.51,0.0,0.0,0.0,3002.2,62.5,2939.8,0.0,0.0,0.0,0.0,0.0,0.0,0.0,0.0,0.0,0.0,0.0,0.0,0.0,62.5,0.0
2050-10-13 23:00:00,2050-10-13 21:00:00,1638.9,0.0,0.0,1.9,1640.8,1587.0,1588.3,120.6,0.0,0.0317,0.0429,battery,gas-cc,0.0,0.0,0.0,0.0,0.0,0.0,0.0,0.0,0.0,0.0,0.0,0.0,0.0,0.0,0.0,0.0,0.0,0.0,145.2,2.7,0.27,17.2,1094.7,0.06,145.4,49.8,195.2,354.7,6.7,0.67,41.9,2676.9,0.15,355.1,121.7,476.8,27.21,0.0,0.0,27.21,28.42,0.0,0.0,28.42,0.0,0.0,0.0,1520.2,52.5,1467.7,0.0,0.0,0.0,0.0,0.0,0.0,0.0,0.0,0.0,0.0,0.0,0.0,0.0,52.5,0.0
2050-10-14 00:00:00,2050-10-13 22:00:00,1521.1,0.0,0.0,11.4,1532.5,1473.9,1453.9,48.4,1640.0,0.031,0.0398,battery,gas-cc,0.0,0.0,0.0,0.0,0.0,0.0,0.0,0.0,0.0,0.0,0.0,0.0,0.0,0.0,0.0,0.0,0.0,0.0,139.8,2.6,0.26,16.5,1054.4,0.06,140.0,48.0,188.0,353.6,6.7,0.67,41.8,2668.3,0.15,354.0,121.3,475.3,27.21,0.0,0.0,27.21,28.33,0.0,0.0,28.33,0.0,0.0,0.0,3124.0,78.5,3045.5,0.0,0.0,0.0,0.0,0.0,0.0,0.0,0.0,0.0,0.0,0.0,0.0,0.0,78.5,0.0
2050-10-14 01:00:00,2050-10-13 23:00:00,1373.7,0.0,0.0,12.1,1385.8,1332.2,1315.0,91.4,1640.0,0.0302,0.0359,battery,gas-cc,0.0,0.0,0.0,0.0,0.0,0.0,0.0,0.0,0.0,0.0,0.0,0.0,0.0,0.0,0.0,0.0,0.0,0.0,162.9,3.1,0.31,19.3,1228.8,0.07,163.1,55.9,219.0,352.2,6.6,0.66,41.6,2657.6,0.15,352.6,120.8,473.4,27.21,0.0,0.0,27.21,28.22,0.0,0.0,28.22,0.0,0.0,0.0,2934.3,70.7,2863.6,0.0,0.0,0.0,0.0,0.0,0.0,0.0,0.0,0.0,0.0,0.0,0.0,0.0,70.7,0.0
2050-10-14 02:00:00,2050-10-14 00:00:00,1254.7,0.0,0.0,9.7,1264.4,1217.3,1201.5,0.0,1488.1,0.0298,0.0328,battery,gas-cc,0.0,0.0,0.0,0.0,0.0,0.0,0.0,0.0,0.0,0.0,0.0,0.0,0.0,0.0,0.0,0.0,0.0,0.0,158.8,3.0,0.3,18.8,1197.5,0.07,159.0,54.5,213.4,351.0,6.6,0.66,41.5,2649.1,0.15,351.4,120.5,471.9,27.21,0.0,0.0,27.21,28.13,0.0,0.0,28.13,0.0,0.0,0.0,2752.5,63.0,2689.6,0.0,0.0,0.0,0.0,0.0,0.0,0.0,0.0,0.0,0.0,0.0,0.0,0.0,63.0,0.0
2050-10-14 03:00:00,2050-10-14 01:00:00,1133.7,0.0,0.0,12.1,1145.8,1100.0,1097.1,275.8,1207.2,0.0297,0.0296,battery,gas-cc,0.0,0.0,0.0,0.0,0.0,0.0,0.0,0.0,0.0,0.0,0.0,0.0,0.0,0.0,0.0,0.0,0.0,0.0,185.4,3.5,0.35,21.9,1398.2,0.08,185.6,63.6,249.1,413.2,7.8,0.78,48.8,3118.0,0.18,413.6,141.8,555.4,27.21,0.0,0.0,27.21,28.04,0.0,0.0,28.04,0.0,0.0,0.0,2077.2,48.7,2028.5,0.0,0.0,0.0,0.0,0.0,0.0,0.0,0.0,0.0,0.0,0.0,0.0,0.0,48.7,0.0
2050-10-14 04:00:00,2050-10-14 02:00:00,1058.9,0.0,0.0,4.4,1063.4,1027.4,1035.8,0.0,679.4,0.0298,0.0277,hydro,gas-cc,0.0,0.0,0.0,0.0,0.0,0.0,0.0,0.0,0.0,0.0,0.0,0.0,0.0,0.0,0.0,0.0,0.0,0.0,144.2,2.7,0.27,17.0,1086.9,0.06,144.3,49.4,193.8,388.0,7.3,0.73,45.8,2927.9,0.17,388.4,133.1,521.6,27.21,0.0,0.0,27.21,27.98,0.0,0.0,27.98,0.0,0.0,0.0,1742.7,27.6,1715.1,0.0,0.0,0.0,0.0,0.0,0.0,0.0,0.0,0.0,0.0,0.0,0.0,0.0,27.6,0.0
2050-10-14 05:00:00,2050-10-14 03:00:00,1015.8,0.0,0.0,0.7,1016.5,985.4,988.3,43.6,0.0,0.0299,0.0266,battery,gas-cc,0.0,0.0,0.0,0.0,0.0,0.0,0.0,0.0,0.0,0.0,0.0,0.0,0.0,0.0,0.0,0.0,0.0,0.0,144.3,2.7,0.27,17.0,1088.0,0.06,144.5,49.5,193.9,348.8,6.6,0.66,41.2,2632.1,0.15,349.2,119.7,468.9,27.21,0.0,0.0,27.21,27.95,0.0,0.0,27.95,0.0,0.0,0.0,972.8,28.2,944.7,0.0,0.0,0.0,0.0,0.0,0.0,0.0,0.0,0.0,0.0,0.0,0.0,0.0,28.2,0.0
2050-10-14 06:00:00,2050-10-14 04:00:00,978.9,0.0,0.0,0.7,979.7,949.6,954.2,0.0,113.9,0.03,0.0256,gas-cc,gas-cc,0.0,0.0,0.0,0.0,0.0,0.0,0.0,0.0,0.0,0.0,0.0,0.0,0.0,0.0,0.0,0.0,0.0,0.0,144.6,2.7,0.27,17.1,1090.0,0.06,144.7,49.6,194.3,387.2,7.3,0.73,45.7,2921.6,0.17,387.6,132.8,520.4,27.21,0.0,0.0,27.21,27.92,0.0,0.0,27.92,0.0,0.0,0.0,1093.6,25.5,1068.1,0.0,0.0,0.0,0.0,0.0,0.0,0.0,0.0,0.0,0.0,0.0,0.0,0.0,25.5,0.0
2050-10-14 07:00:00,2050-10-14 05:00:00,976.8,0.0,0.0,0.3,977.2,947.5,949.9,20.2,0.0,0.03,0.0255,battery,gas-cc,0.0,0.0,0.0,0.0,0.0,0.0,0.0,0.0,0.0,0.0,0.0,0.0,0.0,0.0,0.0,0.0,0.0,0.0,144.7,2.7,0.27,17.1,1091.3,0.06,144.9,49.6,194.5,348.4,6.6,0.66,41.2,2629.3,0.15,348.8,119.6,468.4,27.21,0.0,0.0,27.21,27.92,0.0,0.0,27.92,0.0,0.0,0.0,956.9,27.3,929.7,0.0,0.0,0.0,0.0,0.0,0.0,0.0,0.0,0.0,0.0,0.0,0.0,0.0,27.3,0.0
2050-10-14 08:00:00,2050-10-14 06:00:00,1010.5,0.0,0.0,6.7,1017.3,980.3,-1037.4,0.0,1037.4,0.0299,0.0264,gas-cc,gas-cc,0.0,0.0,0.0,0.0,0.0,0.0,0.0,0.0,0.0,0.0,0.0,0.0,0.0,0.0,0.0,0.0,0.0,0.0,141.8,2.7,0.27,16.8,1069.2,0.06,142.0,48.6,190.6,361.3,6.8,0.68,42.7,2726.7,0.16,361.7,124.0,485.7,26.22,0.0,0.0,26.22,26.93,0.0,0.0,26.93,0.0,0.0,0.0,2054.7,2054.7,0.0,0.0,0.0,0.0,0.0,85.6,0.0,0.0,0.0,0.0,0.0,0.0,0.0,1941.9,27.2,0.0
2050-10-14 09:00:00,2050-10-14 07:00:00,1074.7,2593.8,0.0,0.0,3668.5,1042.8,0.0,0.0,0.0,0.0297,0.0281,upv,upv,0.0,0.0,0.0,0.0,0.0,0.0,0.0,0.0,0.0,0.0,0.0,0.0,0.0,0.0,0.0,0.0,0.0,0.0,139.6,2.6,0.26,16.5,1052.7,0.06,139.8,47.9,187.7,0.0,0.0,0.0,0.0,0.0,0.0,0.0,0.0,0.0,0.0,0.0,0.0,0.0,0.0,0.0,0.0,0.0,0.0,4443.7,4443.7,3668.5,3668.5,0.0,0.0,0.0,0.0,0.0,341.4,0.0,0.0,0.0,0.0,0.0,0.0,0.0,3304.5,22.6,0.0
2050-10-14 10:00:00,2050-10-14 08:00:00,1188.4,3990.5,0.0,0.0,5178.9,1153.1,0.0,0.0,0.0,0.0297,0.0311,upv,upv,0.0,0.0,0.0,0.0,0.0,0.0,0.0,0.0,0.0,0.0,0.0,0.0,0.0,0.0,0.0,0.0,0.0,0.0,140.3,2.6,0.27,16.6,1058.0,0.06,140.5,48.1,188.6,0.0,0.0,0.0,0.0,0.0,0.0,0.0,0.0,0.0,0.0,0.0,0.0,0.0,0.0,0.0,0.0,0.0,0.0,4919.3,4919.3,5178.9,5178.9,0.0,0.0,0.0,0.0,0.0,425.5,0.0,0.0,0.0,0.0,0.0,0.0,0.0,4735.3,18.1,0.0
2050-10-14 11:00:00,2050-10-14 09:00:00,1252.6,3040.5,0.0,0.0,4293.2,1215.3,-0.0,0.0,0.0,0.0298,0.0328,upv,upv,0.0,0.0,0.0,0.0,0.0,0.0,0.0,0.0,0.0,0.0,0.0,0.0,0.0,0.0,0.0,0.0,0.0,0.0,139.6,2.6,0.26,16.5,1052.8,0.06,139.8,47.9,187.7,0.0,0.0,0.0,0.0,0.0,0.0,0.0,0.0,0.0,0.0,0.0,0.0,0.0,0.0,0.0,0.0,0.0,0.0,5859.2,5859.2,4293.2,4293.2,0.0,0.0,0.0,0.0,0.0,427.7,0.0,0.0,0.0,0.0,0.0,0.0,0.0,3847.1,18.5,0.0
2050-10-14 12:00:00,2050-10-14 10:00:00,1322.1,3887.8,0.0,0.0,5209.9,1282.4,0.0,0.0,0.0,0.03,0.0346,upv,upv,0.0,0.0,0.0,0.0,0.0,0.0,0.0,0.0,0.0,0.0,0.0,0.0,0.0,0.0,0.0,0.0,0.0,0.0,140.0,2.6,0.26,16.5,1055.2,0.06,140.1,48.0,188.1,0.0,0.0,0.0,0.0,0.0,0.0,0.0,0.0,0.0,0.0,0.0,0.0,0.0,0.0,0.0,0.0,0.0,0.0,4566.6,4566.6,5209.9,5209.9,0.0,0.0,0.0,0.0,0.0,411.8,0.0,0.0,0.0,0.0,0.0,0.0,0.0,4777.8,20.3,0.0
2050-10-14 13:00:00,2050-10-14 11:00:00,1384.2,4019.6,0.0,0.0,5403.8,1342.3,0.0,0.0,0.0,0.0303,0.0362,upv,upv,0.0,0.0,0.0,0.0,0.0,0.0,0.0,0.0,0.0,0.0,0.0,0.0,0.0,0.0,0.0,0.0,0.0,0.0,139.7,2.6,0.26,16.5,1053.3,0.06,139.9,47.9,187.8,0.0,0.0,0.0,0.0,0.0,0.0,0.0,0.0,0.0,0.0,0.0,0.0,0.0,0.0,0.0,0.0,0.0,0.0,4067.1,4067.1,5403.8,5403.8,0.0,0.0,0.0,0.0,0.0,398.8,0.0,0.0,0.0,0.0,0.0,0.0,0.0,4986.5,18.5,0.0
2050-10-14 14:00:00,2050-10-14 12:00:00,1478.9,3435.1,0.0,0.0,4914.0,1433.5,0.0,0.0,0.0,0.0307,0.0387,upv,upv,0.0,0.0,0.0,0.0,0.0,0.0,0.0,0.0,0.0,0.0,0.0,0.0,0.0,0.0,0.0,0.0,0.0,0.0,139.8,2.6,0.26,16.5,1053.8,0.06,139.9,47.9,187.9,0.0,0.0,0.0,0.0,0.0,0.0,0.0,0.0,0.0,0.0,0.0,0.0,0.0,0.0,0.0,0.0,0.0,12.7,4572.1,4584.8,4914.0,4914.0,0.0,0.0,0.0,0.0,0.0,400.2,0.0,0.0,0.0,0.0,0.0,0.0,0.0,4513.8,0.0,0.0
2050-10-14 15:00:00,2050-10-14 13:00:00,1546.3,2461.0,0.0,0.0,4007.3,1498.2,0.0,0.0,0.0,0.0311,0.0404,upv,upv,0.0,0.0,0.0,0.0,0.0,0.0,0.0,0.0,0.0,0.0,0.0,0.0,0.0,0.0,0.0,0.0,0.0,0.0,139.8,2.6,0.26,16.5,1054.2,0.06,140.0,48.0,187.9,0.0,0.0,0.0,0.0,0.0,0.0,0.0,0.0,0.0,0.0,0.0,0.0,0.0,0.0,0.0,0.0,0.0,14.4,5708.3,5722.7,4007.3,4007.3,0.0,0.0,0.0,0.0,0.0,410.0,0.0,0.0,0.0,0.0,0.0,0.0,0.0,3597.3,0.0,0.0
2050-10-14 16:00:00,2050-10-14 14:00:00,1624.2,2431.9,0.0,0.0,4056.1,1572.9,0.0,0.0,0.0,0.0316,0.0425,upv,upv,0.0,0.0,0.0,0.0,0.0,0.0,0.0,0.0,0.0,0.0,0.0,0.0,0.0,0.0,0.0,0.0,0.0,0.0,139.9,2.6,0.26,16.5,1054.7,0.06,140.1,48.0,188.0,0.0,0.0,0.0,0.0,0.0,0.0,0.0,0.0,0.0,0.0,0.0,0.0,0.0,0.0,0.0,0.0,0.0,0.0,5837.5,5837.5,4056.1,4056.1,0.0,0.0,0.0,0.0,0.0,416.8,0.0,0.0,0.0,0.0,0.0,0.0,0.0,3623.2,16.0,0.0
2050-10-14 17:00:00,2050-10-14 15:00:00,1706.3,3696.8,0.0,0.0,5403.2,1651.4,-0.0,0.0,0.0,0.0322,0.0446,upv,upv,0.0,0.0,0.0,0.0,0.0,0.0,0.0,0.0,0.0,0.0,0.0,0.0,0.0,0.0,0.0,0.0,0.0,0.0,140.0,2.6,0.26,16.5,1055.4,0.06,140.1,48.0,188.1,0.0,0.0,0.0,0.0,0.0,0.0,0.0,0.0,0.0,0.0,0.0,0.0,0.0,0.0,0.0,0.0,0.0,0.0,3729.8,3729.8,5403.2,5403.2,0.0,0.0,0.0,0.0,0.0,384.7,0.0,0.0,0.0,0.0,0.0,0.0,0.0,5000.7,17.7,0.0
2050-10-14 18:00:00,2050-10-14 16:00:00,1781.1,1609.5,0.0,5.9,3396.4,1722.7,-904.5,0.0,904.5,0.0328,0.0466,wind-ons,wind-ons,0.0,0.0,0.0,0.0,0.0,0.0,0.0,0.0,0.0,0.0,0.0,0.0,0.0,0.0,0.0,0.0,0.0,0.0,140.1,2.6,0.27,16.6,1056.3,0.06,140.3,48.0,188.3,0.0,0.0,0.0,0.0,0.0,0.0,0.0,0.0,0.0,0.0,0.0,0.0,0.0,0.0,0.0,0.0,0.0,0.0,0.0,0.0,4300.9,4300.9,0.0,0.0,0.0,0.0,0.0,180.5,0.0,0.0,0.0,0.0,0.0,0.0,0.0,4097.1,23.3,0.0
2050-10-14 19:00:00,2050-10-14 17:00:00,1827.4,0.0,0.0,6.2,1833.5,1766.8,1791.6,0.0,947.0,0.0331,0.0478,battery,gas-cc,0.0,0.0,0.0,0.0,0.0,0.0,0.0,0.0,0.0,0.0,0.0,0.0,0.0,0.0,0.0,0.0,0.0,0.0,145.5,2.7,0.28,17.2,1096.8,0.06,145.6,49.9,195.5,356.6,6.7,0.67,42.1,2690.7,0.15,357.0,122.3,479.3,27.04,0.0,0.0,27.04,28.39,0.0,0.0,28.39,0.0,0.0,0.0,2780.5,41.9,2738.6,0.0,0.0,0.0,0.0,0.0,0.0,0.0,0.0,0.0,0.0,0.0,0.0,0.0,41.9,0.0
2050-10-14 20:00:00,2050-10-14 18:00:00,1886.3,0.0,0.0,1.0,1887.4,1822.9,1836.6,0.0,160.7,0.0336,0.0493,battery,gas-cc,0.0,0.0,0.0,0.0,0.0,0.0,0.0,0.0,0.0,0.0,0.0,0.0,0.0,0.0,0.0,0.0,0.0,0.0,146.5,2.8,0.28,17.3,1104.4,0.06,146.6,50.2,196.9,403.0,7.6,0.76,47.6,3040.9,0.17,403.4,138.3,541.7,27.04,0.0,0.0,27.04,28.44,0.0,0.0,28.44,0.0,0.0,0.0,2048.1,50.8,1997.3,0.0,0.0,0.0,0.0,0.0,0.0,0.0,0.0,0.0,0.0,0.0,0.0,0.0,50.8,0.0
2050-10-14 21:00:00,2050-10-14 19:00:00,1840.0,0.0,0.0,4.3,1844.3,1778.9,1805.5,0.0,655.5,0.0332,0.0481,battery,gas-cc,0.0,0.0,0.0,0.0,0.0,0.0,0.0,0.0,0.0,0.0,0.0,0.0,0.0,0.0,0.0,0.0,0.0,0.0,145.4,2.7,0.28,17.2,1095.9,0.06,145.5,49.8,195.4,402.5,7.6,0.76,47.5,3037.0,0.17,402.9,138.1,541.0,27.04,0.0,0.0,27.04,28.4,0.0,0.0,28.4,0.0,0.0,0.0,2499.8,38.8,2461.0,0.0,0.0,0.0,0.0,0.0,0.0,0.0,0.0,0.0,0.0,0.0,0.0,0.0,38.8,0.0
2050-10-14 22:00:00,2050-10-14 20:00:00,1734.7,0.0,0.0,1.4,1736.1,1678.5,1706.3,0.0,211.7,0.0324,0.0454,battery,gas-cc,0.0,0.0,0.0,0.0,0.0,0.0,0.0,0.0,0.0,0.0,0.0,0.0,0.0,0.0,0.0,0.0,0.0,0.0,160.4,3.0,0.3,18.9,1209.3,0.07,160.6,55.0,215.6,355.7,6.7,0.67,42.0,2683.9,0.15,356.0,122.0,478.1,27.04,0.0,0.0,27.04,28.32,0.0,0.0,28.32,0.0,0.0,0.0,1947.8,29.9,1917.9,0.0,0.0,0.0,0.0,0.0,0.0,0.0,0.0,0.0,0.0,0.0,0.0,0.0,29.9,0.0
2050-10-14 23:00:00,2050-10-14 21:00:00,1638.9,0.0,0.0,6.6,1645.5,1587.0,1618.6,0.0,1008.1,0.0317,0.0429,battery,gas-cc,0.0,0.0,0.0,0.0,0.0,0.0,0.0,0.0,0.0,0.0,0.0,0.0,0.0,0.0,0.0,0.0,0.0,0.0,145.1,2.7,0.27,17.1,1094.3,0.06,145.3,49.8,195.1,400.2,7.5,0.75,47.3,3020.3,0.17,400.7,137.3,538.0,27.04,0.0,0.0,27.04,28.25,0.0,0.0,28.25,0.0,0.0,0.0,2653.6,26.9,2626.7,0.0,0.0,0.0,0.0,0.0,0.0,0.0,0.0,0.0,0.0,0.0,0.0,0.0,26.9,0.0
2050-10-15 00:00:00,2050-10-14 22:00:00,1517.9,0.0,0.0,4.8,1522.7,1470.9,1497.0,0.0,740.1,0.031,0.0397,battery,gas-cc,0.0,0.0,0.0,0.0,0.0,0.0,0.0,0.0,0.0,0.0,0.0,0.0,0.0,0.0,0.0,0.0,0.0,0.0,144.3,2.7,0.27,17.1,1088.1,0.06,144.5,49.5,194.0,401.7,7.6,0.76,47.5,3031.2,0.17,402.1,137.8,540.0,27.56,0.0,0.0,27.56,28.69,0.0,0.0,28.69,0.0,0.0,0.0,2262.8,25.8,2237.1,0.0,0.0,0.0,0.0,0.0,0.0,0.0,0.0,0.0,0.0,0.0,0.0,0.0,25.8,0.0
2050-10-15 01:00:00,2050-10-14 23:00:00,1384.2,0.0,0.0,4.7,1388.9,1342.3,1361.4,0.0,719.1,0.0303,0.0362,hydro,gas-cc,0.0,0.0,0.0,0.0,0.0,0.0,0.0,0.0,0.0,0.0,0.0,0.0,0.0,0.0,0.0,0.0,0.0,0.0,176.8,3.3,0.33,20.9,1333.2,0.08,177.0,60.6,237.6,352.3,6.6,0.66,41.6,2658.4,0.15,352.7,120.9,473.5,27.56,0.0,0.0,27.56,28.59,0.0,0.0,28.59,0.0,0.0,0.0,2108.0,27.5,2080.5,0.0,0.0,0.0,0.0,0.0,0.0,0.0,0.0,0.0,0.0,0.0,0.0,0.0,27.5,0.0
2050-10-15 02:00:00,2050-10-15 00:00:00,1245.3,0.0,0.0,10.7,1255.9,1208.1,1225.0,0.0,1640.0,0.0298,0.0326,battery,gas-cc,0.0,0.0,0.0,0.0,0.0,0.0,0.0,0.0,0.0,0.0,0.0,0.0,0.0,0.0,0.0,0.0,0.0,0.0,149.6,2.8,0.28,17.7,1128.3,0.07,149.8,51.3,201.1,351.0,6.6,0.66,41.5,2648.4,0.15,351.3,120.4,471.8,27.56,0.0,0.0,27.56,28.48,0.0,0.0,28.48,0.0,0.0,0.0,2895.9,30.9,2865.0,0.0,0.0,0.0,0.0,0.0,0.0,0.0,0.0,0.0,0.0,0.0,0.0,0.0,30.9,0.0
2050-10-15 03:00:00,2050-10-15 01:00:00,1138.9,0.0,0.0,6.1,1145.0,1105.1,1111.7,0.0,933.7,0.0297,0.0298,battery,gas-cc,0.0,0.0,0.0,0.0,0.0,0.0,0.0,0.0,0.0,0.0,0.0,0.0,0.0,0.0,0.0,0.0,0.0,0.0,144.9,2.7,0.27,17.1,1092.3,0.06,145.0,49.7,194.7,398.8,7.5,0.75,47.1,3009.8,0.17,399.3,136.9,536.1,27.56,0.0,0.0,27.56,28.4,0.0,0.0,28.4,0.0,0.0,0.0,2078.7,33.3,2045.3,0.0,0.0,0.0,0.0,0.0,0.0,0.0,0.0,0.0,0.0,0.0,0.0,0.0,33.3,0.0
2050-10-15 04:00:00,2050-10-15 02:00:00,1058.9,0.0,0.0,1.5,1060.5,1027.4,1013.2,0.0,232.7,0.0298,0.0277,battery,gas-cc,0.0,0.0,0.0,0.0,0.0,0.0,0.0,0.0,0.0,0.0,0.0,0.0,0.0,0.0,0.0,0.0,0.0,0.0,150.2,2.8,0.28,17.8,1132.8,0.07,150.4,51.5,201.9,412.4,7.8,0.78,48.7,3111.7,0.18,412.8,141.5,554.3,27.56,0.0,0.0,27.56,28.34,0.0,0.0,28.34,0.0,0.0,0.0,1293.2,47.3,1245.9,0.0,0.0,0.0,0.0,0.0,0.0,0.0,0.0,0.0,0.0,0.0,0.0,0.0,47.3,0.0
2050-10-15 05:00:00,2050-10-15 03:00:00,1010.5,0.0,0.0,2.4,1012.9,980.3,944.7,0.0,367.4,0.0299,0.0264,battery,gas-cc,0.0,0.0,0.0,0.0,0.0,0.0,0.0,0.0,0.0,0.0,0.0,0.0,0.0,0.0,0.0,0.0,0.0,0.0,144.7,2.7,0.27,17.1,1091.0,0.06,144.9,49.6,194.5,397.5,7.5,0.75,47.0,2999.4,0.17,397.9,136.4,534.3,27.56,0.0,0.0,27.56,28.3,0.0,0.0,28.3,0.0,0.0,0.0,1380.3,68.3,1312.1,0.0,0.0,0.0,0.0,0.0,0.0,0.0,0.0,0.0,0.0,0.0,0.0,0.0,68.3,0.0
2050-10-15 06:00:00,2050-10-15 04:00:00,974.7,0.0,0.0,0.0,974.7,945.5,893.9,0.0,0.0,0.03,0.0255,battery,gas-cc,0.0,0.0,0.0,0.0,0.0,0.0,0.0,0.0,0.0,0.0,0.0,0.0,0.0,0.0,0.0,0.0,0.0,0.0,145.2,2.7,0.27,17.2,1095.0,0.06,145.4,49.8,195.2,348.4,6.6,0.66,41.2,2629.2,0.15,348.8,119.5,468.3,27.56,0.0,0.0,27.56,28.28,0.0,0.0,28.28,0.0,0.0,0.0,974.7,80.9,893.9,0.0,0.0,0.0,0.0,0.0,0.0,0.0,0.0,0.0,0.0,0.0,0.0,0.0,80.9,0.0
2050-10-15 07:00:00,2050-10-15 05:00:00,966.3,0.0,0.0,0.0,966.3,937.2,870.3,0.0,0.0,0.0301,0.0253,battery,gas-cc,0.0,0.0,0.0,0.0,0.0,0.0,0.0,0.0,0.0,0.0,0.0,0.0,0.0,0.0,0.0,0.0,0.0,0.0,148.8,2.8,0.28,17.6,1122.2,0.06,149.0,51.0,200.0,348.3,6.6,0.66,41.1,2628.6,0.15,348.7,119.5,468.2,27.56,0.0,0.0,27.56,28.27,0.0,0.0,28.27,0.0,0.0,0.0,966.3,96.0,870.3,0.0,0.0,0.0,0.0,0.0,0.0,0.0,0.0,0.0,0.0,0.0,0.0,0.0,96.0,0.0
2050-10-15 08:00:00,2050-10-15 06:00:00,987.4,197.8,0.0,13.7,1198.9,957.8,-866.6,367.7,1234.3,0.03,0.0258,battery,gas-cc,0.0,0.0,0.0,0.0,0.0,0.0,0.0,0.0,0.0,0.0,0.0,0.0,0.0,0.0,0.0,0.0,0.0,0.0,139.7,2.6,0.26,16.5,1053.0,0.06,139.8,47.9,187.7,309.5,5.8,0.58,36.6,2335.5,0.13,309.8,106.2,416.0,23.39,0.0,0.0,23.39,24.01,0.0,0.0,24.01,0.0,0.0,0.0,2065.5,2065.5,0.0,0.0,0.0,0.0,0.0,82.1,0.0,0.0,0.0,0.0,0.0,0.0,0.0,1862.7,120.7,0.0
2050-10-15 09:00:00,2050-10-15 07:00:00,1051.6,3759.9,0.0,0.0,4811.5,1020.3,0.0,0.0,0.0,0.0298,0.0275,upv,upv,0.0,0.0,0.0,0.0,0.0,0.0,0.0,0.0,0.0,0.0,0.0,0.0,0.0,0.0,0.0,0.0,0.0,0.0,141.0,2.7,0.27,16.7,1062.8,0.06,141.1,48.3,189.5,0.0,0.0,0.0,0.0,0.0,0.0,0.0,0.0,0.0,0.0,0.0,0.0,0.0,0.0,0.0,0.0,0.0,0.0,3393.4,3393.4,4811.5,4811.5,0.0,0.0,0.0,0.0,0.0,340.9,0.0,0.0,0.0,0.0,0.0,0.0,0.0,4341.9,128.7,0.0
2050-10-15 10:00:00,2050-10-15 08:00:00,1172.6,3211.2,0.0,0.0,4383.8,1137.8,0.0,0.0,0.0,0.0297,0.0307,upv,upv,0.0,0.0,0.0,0.0,0.0,0.0,0.0,0.0,0.0,0.0,0.0,0.0,0.0,0.0,0.0,0.0,0.0,0.0,139.6,2.6,0.26,16.5,1052.7,0.06,139.8,47.9,187.7,0.0,0.0,0.0,0.0,0.0,0.0,0.0,0.0,0.0,0.0,0.0,0.0,0.0,0.0,0.0,0.0,0.0,0.0,5724.8,5724.8,4383.8,4383.8,0.0,0.0,0.0,0.0,0.0,422.2,0.0,0.0,0.0,0.0,0.0,0.0,0.0,3858.7,102.9,0.0
2050-10-15 11:00:00,2050-10-15 09:00:00,1260.0,3819.8,0.0,0.0,5079.8,1222.4,-0.0,0.0,0.0,0.0299,0.033,upv,upv,0.0,0.0,0.0,0.0,0.0,0.0,0.0,0.0,0.0,0.0,0.0,0.0,0.0,0.0,0.0,0.0,0.0,0.0,139.7,2.6,0.26,16.5,1052.8,0.06,139.8,47.9,187.7,0.0,0.0,0.0,0.0,0.0,0.0,0.0,0.0,0.0,0.0,0.0,0.0,0.0,0.0,0.0,0.0,0.0,0.0,5014.3,5014.3,5079.8,5079.8,0.0,0.0,0.0,0.0,0.0,421.9,0.0,0.0,0.0,0.0,0.0,0.0,0.0,4556.3,101.6,0.0
2050-10-15 12:00:00,2050-10-15 10:00:00,1378.9,3240.3,0.0,0.0,4619.2,1337.2,0.0,0.0,0.0,0.0303,0.0361,upv,upv,0.0,0.0,0.0,0.0,0.0,0.0,0.0,0.0,0.0,0.0,0.0,0.0,0.0,0.0,0.0,0.0,0.0,0.0,139.7,2.6,0.26,16.5,1053.3,0.06,139.9,47.9,187.8,0.0,0.0,0.0,0.0,0.0,0.0,0.0,0.0,0.0,0.0,0.0,0.0,0.0,0.0,0.0,0.0,0.0,0.0,4951.6,4951.6,4619.2,4619.2,0.0,0.0,0.0,0.0,0.0,399.1,0.0,0.0,0.0,0.0,0.0,0.0,0.0,4108.5,111.6,0.0
2050-10-15 13:00:00,2050-10-15 11:00:00,1497.9,2622.9,0.0,0.0,4120.8,1451.7,0.0,0.0,0.0,0.0308,0.0392,upv,upv,0.0,0.0,0.0,0.0,0.0,0.0,0.0,0.0,0.0,0.0,0.0,0.0,0.0,0.0,0.0,0.0,0.0,0.0,139.8,2.6,0.26,16.5,1053.9,0.06,139.9,47.9,187.9,0.0,0.0,0.0,0.0,0.0,0.0,0.0,0.0,0.0,0.0,0.0,0.0,0.0,0.0,0.0,0.0,0.0,0.0,5104.7,5104.7,4120.8,4120.8,0.0,0.0,0.0,0.0,0.0,385.1,0.0,0.0,0.0,0.0,0.0,0.0,0.0,3632.3,103.4,0.0
2050-10-15 14:00:00,2050-10-15 12:00:00,1644.2,4019.6,0.0,0.0,5663.8,1592.0,0.0,0.0,0.0,0.0318,0.043,upv,upv,0.0,0.0,0.0,0.0,0.0,0.0,0.0,0.0,0.0,0.0,0.0,0.0,0.0,0.0,0.0,0.0,0.0,0.0,139.9,2.6,0.26,16.5,1054.9,0.06,140.1,48.0,188.1,0.0,0.0,0.0,0.0,0.0,0.0,0.0,0.0,0.0,0.0,0.0,0.0,0.0,0.0,0.0,0.0,0.0,0.0,3562.6,3562.6,5663.8,5663.8,0.0,0.0,0.0,0.0,0.0,385.8,0.0,0.0,0.0,0.0,0.0,0.0,0.0,5193.8,84.2,0.0
2050-10-15 15:00:00,2050-10-15 13:00:00,1791.6,2626.7,0.0,0.0,4418.3,1732.7,0.0,0.0,0.0,0.0328,0.0469,upv,upv,0.0,0.0,0.0,0.0,0.0,0.0,0.0,0.0,0.0,0.0,0.0,0.0,0.0,0.0,0.0,0.0,0.0,0.0,140.1,2.6,0.27,16.6,1056.1,0.06,140.2,48.0,188.3,0.0,0.0,0.0,0.0,0.0,0.0,0.0,0.0,0.0,0.0,0.0,0.0,0.0,0.0,0.0,0.0,0.0,0.0,5036.4,5036.4,4418.3,4418.3,0.0,0.0,0.0,0.0,0.0,396.3,0.0,0.0,0.0,0.0,0.0,0.0,0.0,3959.0,63.0,0.0
2050-10-15 16:00:00,2050-10-15 14:00:00,1920.0,3240.3,0.0,0.0,5160.3,1854.9,0.0,0.0,0.0,0.0339,0.0502,upv,upv,0.0,0.0,0.0,0.0,0.0,0.0,0.0,0.0,0.0,0.0,0.0,0.0,0.0,0.0,0.0,0.0,0.0,0.0,140.2,2.6,0.27,16.6,1057.2,0.06,140.4,48.1,188.5,0.0,0.0,0.0,0.0,0.0,0.0,0.0,0.0,0.0,0.0,0.0,0.0,0.0,0.0,0.0,0.0,0.0,0.0,4476.4,4476.4,5160.3,5160.3,0.0,0.0,0.0,0.0,0.0,404.2,0.0,0.0,0.0,0.0,0.0,0.0,0.0,4700.0,56.1,0.0
2050-10-15 17:00:00,2050-10-15 15:00:00,2058.9,3016.4,0.0,0.0,5075.3,1986.7,-0.0,0.0,0.0,0.0351,0.0538,upv,upv,0.0,0.0,0.0,0.0,0.0,0.0,0.0,0.0,0.0,0.0,0.0,0.0,0.0,0.0,0.0,0.0,0.0,0.0,140.4,2.7,0.27,16.6,1058.5,0.06,140.6,48.2,188.7,0.0,0.0,0.0,0.0,0.0,0.0,0.0,0.0,0.0,0.0,0.0,0.0,0.0,0.0,0.0,0.0,0.0,0.0,3848.1,3848.1,5075.3,5075.3,0.0,0.0,0.0,0.0,0.0,374.2,0.0,0.0,0.0,0.0,0.0,0.0,0.0,4643.2,57.8,0.0
2050-10-15 18:00:00,2050-10-15 16:00:00,2147.4,0.0,0.0,19.4,2166.7,2070.2,-2030.7,0.0,2030.7,0.0359,0.0562,battery,gas-cc,0.0,0.0,0.0,0.0,0.0,0.0,0.0,0.0,0.0,0.0,0.0,0.0,0.0,0.0,0.0,0.0,0.0,0.0,141.0,2.7,0.27,16.7,1063.1,0.06,141.2,48.4,189.5,329.6,6.2,0.62,38.9,2487.2,0.14,330.0,113.1,443.1,28.38,0.0,0.0,28.38,30.07,0.0,0.0,30.07,0.0,0.0,0.0,4197.5,4197.5,0.0,0.0,0.0,0.0,0.0,173.9,0.0,0.0,0.0,0.0,0.0,0.0,0.0,3945.2,78.4,0.0
2050-10-15 19:00:00,2050-10-15 17:00:00,2172.6,0.0,0.0,21.7,2194.3,2094.1,2052.7,0.0,1966.9,0.0362,0.0568,gas-cc,gas-cc,0.0,0.0,0.0,0.0,0.0,0.0,0.0,0.0,0.0,0.0,0.0,0.0,0.0,0.0,0.0,0.0,0.0,0.0,178.7,3.4,0.34,21.1,1347.5,0.08,178.9,61.3,240.2,373.0,7.0,0.7,44.1,2814.6,0.16,373.4,128.0,501.4,32.31,0.0,0.0,32.31,34.26,0.0,0.0,34.26,0.0,0.0,0.0,4161.2,141.6,4019.6,0.0,0.0,0.0,0.0,0.0,0.0,0.0,0.0,0.0,0.0,0.0,0.0,0.0,141.6,0.0
2050-10-15 20:00:00,2050-10-15 18:00:00,2208.4,0.0,0.0,18.8,2227.2,2127.8,2053.6,0.0,1966.0,0.0365,0.0578,battery,gas-cc,0.0,0.0,0.0,0.0,0.0,0.0,0.0,0.0,0.0,0.0,0.0,0.0,0.0,0.0,0.0,0.0,0.0,0.0,205.2,3.9,0.39,24.2,1547.9,0.09,205.4,70.4,275.8,386.1,7.3,0.73,45.6,2913.3,0.17,386.5,132.5,519.0,32.31,0.0,0.0,32.31,34.29,0.0,0.0,34.29,0.0,0.0,0.0,4193.2,173.6,4019.6,0.0,0.0,0.0,0.0,0.0,0.0,0.0,0.0,0.0,0.0,0.0,0.0,0.0,173.6,0.0
2050-10-15 21:00:00,2050-10-15 19:00:00,2133.7,0.0,0.0,9.4,2143.1,2057.3,1975.8,0.0,1064.4,0.0358,0.0558,battery,gas-cc,0.0,0.0,0.0,0.0,0.0,0.0,0.0,0.0,0.0,0.0,0.0,0.0,0.0,0.0,0.0,0.0,0.0,0.0,205.8,3.9,0.39,24.3,1552.2,0.09,206.0,70.6,276.6,385.3,7.3,0.73,45.5,2907.3,0.17,385.7,132.2,517.9,32.31,0.0,0.0,32.31,34.22,0.0,0.0,34.22,0.0,0.0,0.0,3207.5,167.3,3040.2,0.0,0.0,0.0,0.0,0.0,0.0,0.0,0.0,0.0,0.0,0.0,0.0,0.0,167.3,0.0
2050-10-15 22:00:00,2050-10-15 20:00:00,1987.4,0.0,0.0,11.8,1999.2,1918.9,1844.2,0.0,1396.1,0.0345,0.052,battery,gas-cc,0.0,0.0,0.0,0.0,0.0,0.0,0.0,0.0,0.0,0.0,0.0,0.0,0.0,0.0,0.0,0.0,0.0,0.0,213.7,4.0,0.4,25.2,1611.8,0.09,213.9,73.3,287.2,383.7,7.2,0.72,45.3,2895.6,0.17,384.1,131.7,515.8,32.31,0.0,0.0,32.31,34.09,0.0,0.0,34.09,0.0,0.0,0.0,3395.3,155.0,3240.3,0.0,0.0,0.0,0.0,0.0,0.0,0.0,0.0,0.0,0.0,0.0,0.0,0.0,155.0,0.0
2050-10-15 23:00:00,2050-10-15 21:00:00,1820.0,0.0,0.0,6.9,1826.9,1759.8,1654.9,0.0,1063.0,0.0331,0.0476,battery,gas-cc,0.0,0.0,0.0,0.0,0.0,0.0,0.0,0.0,0.0,0.0,0.0,0.0,0.0,0.0,0.0,0.0,0.0,0.0,143.9,2.7,0.27,17.0,1084.8,0.06,144.0,49.3,193.4,370.1,7.0,0.7,43.7,2792.9,0.16,370.5,127.0,497.5,32.31,0.0,0.0,32.31,33.93,0.0,0.0,33.93,0.0,0.0,0.0,2889.9,172.0,2717.9,0.0,0.0,0.0,0.0,0.0,0.0,0.0,0.0,0.0,0.0,0.0,0.0,0.0,172.0,0.0
2050-10-16 00:00:00,2050-10-15 22:00:00,1652.6,0.0,0.0,11.7,1664.3,1600.1,1505.5,0.0,1705.7,0.0318,0.0432,gas-cc,gas-cc,0.0,0.0,0.0,0.0,0.0,0.0,0.0,0.0,0.0,0.0,0.0,0.0,0.0,0.0,0.0,0.0,0.0,0.0,145.4,2.7,0.28,17.2,1096.4,0.06,145.6,49.9,195.5,367.7,6.9,0.69,43.4,2774.6,0.16,368.1,126.2,494.2,35.91,0.0,0.0,35.91,37.54,0.0,0.0,37.54,0.0,0.0,0.0,3370.0,158.9,3211.2,0.0,0.0,0.0,0.0,0.0,0.0,0.0,0.0,0.0,0.0,0.0,0.0,0.0,158.9,0.0
2050-10-16 01:00:00,2050-10-15 23:00:00,1478.9,0.0,0.0,10.7,1489.6,1433.5,1336.2,0.0,1640.0,0.0307,0.0387,battery,gas-cc,0.0,0.0,0.0,0.0,0.0,0.0,0.0,0.0,0.0,0.0,0.0,0.0,0.0,0.0,0.0,0.0,0.0,0.0,145.2,2.7,0.27,17.1,1094.4,0.06,145.3,49.8,195.1,364.9,6.9,0.69,43.1,2753.8,0.16,365.3,125.2,490.5,32.19,0.0,0.0,32.19,33.49,0.0,0.0,33.49,0.0,0.0,0.0,3129.6,153.4,2976.2,0.0,0.0,0.0,0.0,0.0,0.0,0.0,0.0,0.0,0.0,0.0,0.0,0.0,153.4,0.0
2050-10-16 02:00:00,2050-10-16 00:00:00,1322.1,0.0,0.0,0.0,1322.1,1282.4,1186.8,0.0,0.0,0.03,0.0346,battery,gas-cc,0.0,0.0,0.0,0.0,0.0,0.0,0.0,0.0,0.0,0.0,0.0,0.0,0.0,0.0,0.0,0.0,0.0,0.0,144.6,2.7,0.27,17.1,1089.9,0.06,144.7,49.6,194.3,363.4,6.8,0.68,42.9,2742.1,0.16,363.8,124.7,488.5,32.19,0.0,0.0,32.19,33.34,0.0,0.0,33.34,0.0,0.0,0.0,1322.1,135.3,1186.8,0.0,0.0,0.0,0.0,0.0,0.0,0.0,0.0,0.0,0.0,0.0,0.0,0.0,135.3,0.0
2050-10-16 03:00:00,2050-10-16 01:00:00,1229.5,0.0,0.0,7.6,1237.0,1192.8,1098.8,547.6,0.0,0.0298,0.0322,battery,gas-cc,0.0,0.0,0.0,0.0,0.0,0.0,0.0,0.0,0.0,0.0,0.0,0.0,0.3,0.6,0.01,0.0,0.3,0.3,145.5,2.7,0.28,17.2,1097.1,0.06,145.7,49.9,195.6,362.5,6.8,0.68,42.8,2735.3,0.16,362.9,124.4,487.2,32.19,0.0,0.0,32.19,33.26,0.0,0.0,33.26,0.0,0.0,0.0,689.5,138.3,551.2,0.0,0.0,0.0,0.0,0.0,0.0,0.0,0.0,0.0,0.0,0.0,0.0,0.0,138.3,0.0
2050-10-16 04:00:00,2050-10-16 02:00:00,1147.4,0.0,0.0,10.0,1157.3,1113.3,1012.0,918.0,0.0,0.0297,0.03,hydro,gas-cc,0.0,0.0,0.0,0.0,0.0,0.0,0.0,0.0,0.0,0.0,0.0,0.0,1.4,3.2,0.03,0.0,1.5,1.5,147.7,2.8,0.28,17.5,1113.6,0.06,147.9,50.7,198.5,358.4,6.8,0.68,42.3,2704.6,0.16,358.8,123.0,481.8,32.19,0.0,0.0,32.19,33.19,0.0,0.0,33.19,0.0,0.0,0.0,239.3,145.3,94.0,0.0,0.0,0.0,0.0,0.0,0.0,0.0,0.0,0.0,0.0,0.0,0.0,0.0,145.3,0.0
2050-10-16 05:00:00,2050-10-16 03:00:00,1095.8,0.0,0.0,8.3,1104.1,1063.2,967.4,657.0,0.0,0.0297,0.0287,battery,gas-cc,0.0,0.0,0.0,0.0,0.0,0.0,0.0,0.0,0.0,0.0,0.0,0.0,0.7,1.6,0.02,0.0,0.8,0.8,144.5,2.7,0.27,17.1,1089.5,0.06,144.7,49.6,194.2,357.9,6.7,0.67,42.3,2700.9,0.16,358.3,122.8,481.1,32.19,0.0,0.0,32.19,33.14,0.0,0.0,33.14,0.0,0.0,0.0,447.1,136.6,310.4,0.0,0.0,0.0,0.0,0.0,0.0,0.0,0.0,0.0,0.0,0.0,0.0,0.0,136.6,0.0
2050-10-16 06:00:00,2050-10-16 04:00:00,1085.3,0.0,0.0,6.9,1092.2,1053.0,975.8,445.3,0.0,0.0297,0.0284,battery,gas-cc,0.0,0.0,0.0,0.0,0.0,0.0,0.0,0.0,0.0,0.0,0.0,0.0,0.0,0.0,0.0,0.0,0.0,0.0,142.1,2.7,0.27,16.8,1071.3,0.06,142.2,48.7,191.0,361.1,6.8,0.68,42.7,2724.6,0.16,361.5,123.9,485.3,32.19,0.0,0.0,32.19,33.13,0.0,0.0,33.13,0.0,0.0,0.0,646.9,116.4,530.5,0.0,0.0,0.0,0.0,0.0,0.0,0.0,0.0,0.0,0.0,0.0,0.0,0.0,116.4,0.0
2050-10-16 07:00:00,2050-10-16 05:00:00,1131.6,0.0,0.0,6.9,1138.5,1098.0,1039.0,445.3,0.0,0.0297,0.0296,battery,gas-cc,0.0,0.0,0.0,0.0,0.0,0.0,0.0,0.0,0.0,0.0,0.0,0.0,0.0,0.0,0.0,0.0,0.0,0.0,144.5,2.7,0.27,17.1,1089.1,0.06,144.6,49.5,194.2,361.5,6.8,0.68,42.7,2728.0,0.16,361.9,124.0,485.9,32.19,0.0,0.0,32.19,33.17,0.0,0.0,33.17,0.0,0.0,0.0,693.2,99.5,593.7,0.0,0.0,0.0,0.0,0.0,0.0,0.0,0.0,0.0,0.0,0.0,0.0,0.0,99.5,0.0
2050-10-16 08:00:00,2050-10-16 06:00:00,1245.3,0.0,0.0,5.2,1250.4,1208.1,-231.5,166.2,397.7,0.0298,0.0326,battery,gas-cc,0.0,0.0,0.0,0.0,0.0,0.0,0.0,0.0,0.0,0.0,0.0,0.0,0.0,0.0,0.0,0.0,0.0,0.0,140.3,2.6,0.27,16.6,1057.9,0.06,140.5,48.1,188.6,458.2,8.6,0.86,54.1,3457.7,0.2,458.7,157.2,615.9,31.22,0.0,0.0,31.22,32.27,0.0,0.0,32.27,0.0,0.0,0.0,1481.9,1481.9,0.0,0.0,0.0,0.0,0.0,59.0,0.0,0.0,0.0,0.0,0.0,0.0,0.0,1337.7,85.2,0.0
2050-10-16 09:00:00,2050-10-16 07:00:00,1389.5,3887.8,0.0,0.0,5277.3,1347.4,0.0,0.0,0.0,0.0303,0.0363,upv,upv,0.0,0.0,0.0,0.0,0.0,0.0,0.0,0.0,0.0,0.0,0.0,0.0,0.0,0.0,0.0,0.0,0.0,0.0,139.7,2.6,0.26,16.5,1053.3,0.06,139.9,47.9,187.8,0.0,0.0,0.0,0.0,0.0,0.0,0.0,0.0,0.0,0.0,0.0,0.0,0.0,0.0,0.0,0.0,0.0,0.0,958.4,958.4,5277.3,5277.3,0.0,0.0,0.0,0.0,0.0,259.7,0.0,0.0,0.0,0.0,0.0,0.0,0.0,4935.2,82.4,0.0
2050-10-16 10:00:00,2050-10-16 08:00:00,1549.5,4019.6,0.0,0.0,5569.0,1501.2,0.0,0.0,0.0,0.0311,0.0405,upv,upv,0.0,0.0,0.0,0.0,0.0,0.0,0.0,0.0,0.0,0.0,0.0,0.0,0.0,0.0,0.0,0.0,0.0,0.0,139.8,2.6,0.26,16.5,1054.2,0.06,140.0,48.0,187.9,0.0,0.0,0.0,0.0,0.0,0.0,0.0,0.0,0.0,0.0,0.0,0.0,0.0,0.0,0.0,0.0,0.0,55.0,3222.2,3277.2,5569.0,5569.0,0.0,0.0,0.0,0.0,0.0,371.0,0.0,0.0,0.0,0.0,0.0,0.0,0.0,5198.1,0.0,0.0
2050-10-16 11:00:00,2050-10-16 09:00:00,1638.9,4019.6,0.0,0.0,5658.5,1587.0,0.0,0.0,0.0,0.0317,0.0429,upv,upv,0.0,0.0,0.0,0.0,0.0,0.0,0.0,0.0,0.0,0.0,0.0,0.0,0.0,0.0,0.0,0.0,0.0,0.0,139.9,2.6,0.26,16.5,1054.8,0.06,140.1,48.0,188.1,0.0,0.0,0.0,0.0,0.0,0.0,0.0,0.0,0.0,0.0,0.0,0.0,0.0,0.0,0.0,0.0,0.0,33.4,3443.0,3476.4,5658.5,5658.5,0.0,0.0,0.0,0.0,0.0,0.0,0.0,0.0,0.0,0.0,0.0,0.0,0.0,5658.5,0.0,0.0
2050-10-16 12:00:00,2050-10-16 10:00:00,1718.9,2461.0,0.0,0.0,4179.9,1663.5,-0.0,0.0,0.0,0.0323,0.045,upv,upv,0.0,0.0,0.0,0.0,0.0,0.0,0.0,0.0,0.0,0.0,0.0,0.0,0.0,0.0,0.0,0.0,0.0,0.0,140.0,2.6,0.26,16.5,1055.5,0.06,140.2,48.0,188.2,0.0,0.0,0.0,0.0,0.0,0.0,0.0,0.0,0.0,0.0,0.0,0.0,0.0,0.0,0.0,0.0,0.0,0.0,5000.2,5000.2,4179.9,4179.9,0.0,0.0,0.0,0.0,0.0,386.5,0.0,0.0,0.0,0.0,0.0,0.0,0.0,3775.5,17.9,0.0
2050-10-16 13:00:00,2050-10-16 11:00:00,1796.8,3990.5,0.0,0.0,5787.3,1737.8,0.0,0.0,0.0,0.0329,0.047,upv,upv,0.0,0.0,0.0,0.0,0.0,0.0,0.0,0.0,0.0,0.0,0.0,0.0,0.0,0.0,0.0,0.0,0.0,0.0,140.1,2.6,0.27,16.6,1056.1,0.06,140.2,48.0,188.3,0.0,0.0,0.0,0.0,0.0,0.0,0.0,0.0,0.0,0.0,0.0,0.0,0.0,0.0,0.0,0.0,0.0,10.6,3064.6,3075.2,5787.3,5787.3,0.0,0.0,0.0,0.0,0.0,0.0,0.0,0.0,0.0,0.0,0.0,0.0,0.0,5787.3,0.0,0.0
2050-10-16 14:00:00,2050-10-16 12:00:00,1886.3,2431.9,0.0,0.0,4318.2,1822.9,0.0,0.0,0.0,0.0336,0.0493,upv,upv,0.0,0.0,0.0,0.0,0.0,0.0,0.0,0.0,0.0,0.0,0.0,0.0,0.0,0.0,0.0,0.0,0.0,0.0,140.2,2.6,0.27,16.6,1056.9,0.06,140.3,48.1,188.4,0.0,0.0,0.0,0.0,0.0,0.0,0.0,0.0,0.0,0.0,0.0,0.0,0.0,0.0,0.0,0.0,0.0,7.2,4702.5,4709.8,4318.2,4318.2,0.0,0.0,0.0,0.0,0.0,380.7,0.0,0.0,0.0,0.0,0.0,0.0,0.0,3937.5,0.0,0.0
2050-10-16 15:00:00,2050-10-16 13:00:00,1989.5,2456.1,0.0,0.0,4445.5,1920.9,-0.0,0.0,0.0,0.0345,0.052,upv,upv,0.0,0.0,0.0,0.0,0.0,0.0,0.0,0.0,0.0,0.0,0.0,0.0,0.0,0.0,0.0,0.0,0.0,0.0,140.3,2.6,0.27,16.6,1057.9,0.06,140.5,48.1,188.6,0.0,0.0,0.0,0.0,0.0,0.0,0.0,0.0,0.0,0.0,0.0,0.0,0.0,0.0,0.0,0.0,0.0,10.2,4872.2,4882.3,4445.5,4445.5,0.0,0.0,0.0,0.0,0.0,393.4,0.0,0.0,0.0,0.0,0.0,0.0,0.0,4052.2,0.0,0.0
2050-10-16 16:00:00,2050-10-16 14:00:00,2085.3,3858.7,0.0,0.0,5944.0,2011.5,0.0,0.0,0.0,0.0354,0.0545,upv,upv,0.0,0.0,0.0,0.0,0.0,0.0,0.0,0.0,0.0,0.0,0.0,0.0,0.0,0.0,0.0,0.0,0.0,0.0,140.4,2.7,0.27,16.6,1058.8,0.06,140.6,48.2,188.8,0.0,0.0,0.0,0.0,0.0,0.0,0.0,0.0,0.0,0.0,0.0,0.0,0.0,0.0,0.0,0.0,0.0,0.0,3551.8,3551.8,5944.0,5944.0,0.0,0.0,0.0,0.0,0.0,400.2,0.0,0.0,0.0,0.0,0.0,0.0,0.0,5527.7,16.1,0.0
2050-10-16 17:00:00,2050-10-16 15:00:00,2208.4,2431.9,0.0,0.0,4640.3,2127.8,0.0,0.0,0.0,0.0365,0.0578,upv,upv,0.0,0.0,0.0,0.0,0.0,0.0,0.0,0.0,0.0,0.0,0.0,0.0,0.0,0.0,0.0,0.0,0.0,0.0,140.8,2.7,0.27,16.6,1061.2,0.06,140.9,48.3,189.2,0.0,0.0,0.0,0.0,0.0,0.0,0.0,0.0,0.0,0.0,0.0,0.0,0.0,0.0,0.0,0.0,0.0,0.0,4067.3,4067.3,4640.3,4640.3,0.0,0.0,0.0,0.0,0.0,366.5,0.0,0.0,0.0,0.0,0.0,0.0,0.0,4249.6,24.2,0.0
2050-10-16 18:00:00,2050-10-16 16:00:00,2330.5,0.0,0.0,10.1,2340.6,2242.6,-1550.2,0.0,1550.2,0.0377,0.0609,gas-cc,gas-cc,0.0,0.0,0.0,0.0,0.0,0.0,0.0,0.0,0.0,0.0,0.0,0.0,0.0,0.0,0.0,0.0,0.0,0.0,141.3,2.7,0.27,16.7,1065.6,0.06,141.5,48.5,190.0,408.0,7.7,0.77,48.2,3078.5,0.18,408.4,140.0,548.4,27.79,0.0,0.0,27.79,29.6,0.0,0.0,29.6,0.0,0.0,0.0,3890.8,3890.8,0.0,0.0,0.0,0.0,0.0,162.3,0.0,0.0,0.0,0.0,0.0,0.0,0.0,3683.5,45.0,0.0
2050-10-16 19:00:00,2050-10-16 17:00:00,2396.8,0.0,0.0,7.5,2404.4,2304.9,2303.5,0.0,1157.3,0.0384,0.0627,battery,gas-cc,0.0,0.0,0.0,0.0,0.0,0.0,0.0,0.0,0.0,0.0,0.0,0.0,0.0,0.0,0.0,0.0,0.0,0.0,146.0,2.8,0.28,17.2,1100.5,0.06,146.1,50.1,196.2,365.9,6.9,0.69,43.2,2761.3,0.16,366.3,125.6,491.9,31.33,0.0,0.0,31.33,33.43,0.0,0.0,33.43,0.0,0.0,0.0,3561.7,100.9,3460.8,0.0,0.0,0.0,0.0,0.0,0.0,0.0,0.0,0.0,0.0,0.0,0.0,0.0,100.9,0.0
2050-10-16 20:00:00,2050-10-16 18:00:00,2466.3,0.0,0.0,7.5,2473.8,2369.9,2338.0,0.0,1155.1,0.0391,0.0645,battery,gas-cc,0.0,0.0,0.0,0.0,0.0,0.0,0.0,0.0,0.0,0.0,0.0,0.0,0.0,0.0,0.0,0.0,0.0,0.0,145.8,2.8,0.28,17.2,1099.5,0.06,146.0,50.0,196.0,366.6,6.9,0.69,43.3,2766.7,0.16,367.0,125.8,492.8,31.33,0.0,0.0,31.33,33.49,0.0,0.0,33.49,0.0,0.0,0.0,3628.9,135.8,3493.1,0.0,0.0,0.0,0.0,0.0,0.0,0.0,0.0,0.0,0.0,0.0,0.0,0.0,135.8,0.0
2050-10-16 21:00:00,2050-10-16 19:00:00,2345.3,0.0,0.0,1.0,2346.2,2256.5,2220.4,0.0,146.6,0.0379,0.0613,battery,gas-cc,0.0,0.0,0.0,0.0,0.0,0.0,0.0,0.0,0.0,0.0,0.0,0.0,0.0,0.0,0.0,0.0,0.0,0.0,145.8,2.8,0.28,17.2,1099.0,0.06,145.9,50.0,195.9,365.4,6.9,0.69,43.2,2757.4,0.16,365.8,125.4,491.2,31.33,0.0,0.0,31.33,33.38,0.0,0.0,33.38,0.0,0.0,0.0,2492.8,125.8,2367.0,0.0,0.0,0.0,0.0,0.0,0.0,0.0,0.0,0.0,0.0,0.0,0.0,0.0,125.8,0.0
2050-10-16 22:00:00,2050-10-16 20:00:00,2142.1,0.0,0.0,2.1,2144.2,2065.2,2039.9,0.0,327.0,0.0359,0.056,battery,gas-cc,0.0,0.0,0.0,0.0,0.0,0.0,0.0,0.0,0.0,0.0,0.0,0.0,0.0,0.0,0.0,0.0,0.0,0.0,145.9,2.8,0.28,17.2,1099.8,0.06,146.0,50.0,196.1,363.3,6.8,0.68,42.9,2741.9,0.16,363.7,124.7,488.4,31.33,0.0,0.0,31.33,33.19,0.0,0.0,33.19,0.0,0.0,0.0,2471.3,104.3,2367.0,0.0,0.0,0.0,0.0,0.0,0.0,0.0,0.0,0.0,0.0,0.0,0.0,0.0,104.3,0.0
2050-10-16 23:00:00,2050-10-16 21:00:00,1943.2,0.0,0.0,2.2,1945.4,1876.9,1870.0,0.0,339.6,0.0341,0.0508,battery,gas-cc,0.0,0.0,0.0,0.0,0.0,0.0,0.0,0.0,0.0,0.0,0.0,0.0,0.0,0.0,0.0,0.0,0.0,0.0,144.9,2.7,0.27,17.1,1092.3,0.06,145.0,49.7,194.7,361.4,6.8,0.68,42.7,2726.8,0.16,361.7,124.0,485.7,31.33,0.0,0.0,31.33,33.01,0.0,0.0,33.01,0.0,0.0,0.0,2285.0,75.3,2209.7,0.0,0.0,0.0,0.0,0.0,0.0,0.0,0.0,0.0,0.0,0.0,0.0,0.0,75.3,0.0
2050-10-17 00:00:00,2050-10-16 22:00:00,1742.1,0.0,0.0,3.2,1745.3,1685.6,1687.6,0.0,489.8,0.0325,0.0456,battery,gas-cc,0.0,0.0,0.0,0.0,0.0,0.0,0.0,0.0,0.0,0.0,0.0,0.0,0.0,0.0,0.0,0.0,0.0,0.0,145.2,2.7,0.27,17.2,1094.9,0.06,145.4,49.8,195.2,368.6,6.9,0.69,43.5,2781.4,0.16,369.0,126.5,495.4,31.44,0.0,0.0,31.44,32.94,0.0,0.0,32.94,0.0,0.0,0.0,2235.1,57.7,2177.4,0.0,0.0,0.0,0.0,0.0,0.0,0.0,0.0,0.0,0.0,0.0,0.0,0.0,57.7,0.0
2050-10-17 01:00:00,2050-10-16 23:00:00,1526.3,0.0,0.0,3.8,1530.1,1479.0,1482.8,0.0,586.9,0.031,0.0399,battery,gas-cc,0.0,0.0,0.0,0.0,0.0,0.0,0.0,0.0,0.0,0.0,0.0,0.0,0.0,0.0,0.0,0.0,0.0,0.0,165.6,3.1,0.31,19.6,1248.7,0.07,165.8,56.8,222.6,366.4,6.9,0.69,43.3,2765.0,0.16,366.8,125.7,492.5,31.44,0.0,0.0,31.44,32.75,0.0,0.0,32.75,0.0,0.0,0.0,2117.0,47.3,2069.7,0.0,0.0,0.0,0.0,0.0,0.0,0.0,0.0,0.0,0.0,0.0,0.0,0.0,47.3,0.0
2050-10-17 02:00:00,2050-10-17 00:00:00,1345.3,0.0,0.0,0.9,1346.2,1304.7,1313.2,0.0,144.6,0.0301,0.0352,battery,gas-cc,0.0,0.0,0.0,0.0,0.0,0.0,0.0,0.0,0.0,0.0,0.0,0.0,0.0,0.0,0.0,0.0,0.0,0.0,177.2,3.3,0.33,20.9,1336.6,0.08,177.4,60.8,238.2,364.6,6.9,0.69,43.1,2751.4,0.16,365.0,125.1,490.1,31.44,0.0,0.0,31.44,32.59,0.0,0.0,32.59,0.0,0.0,0.0,1490.8,33.0,1457.8,0.0,0.0,0.0,0.0,0.0,0.0,0.0,0.0,0.0,0.0,0.0,0.0,0.0,33.0,0.0
2050-10-17 03:00:00,2050-10-17 01:00:00,1208.4,0.0,0.0,0.0,1208.4,1172.5,1181.5,0.0,0.0,0.0298,0.0316,battery,gas-cc,0.0,0.0,0.0,0.0,0.0,0.0,0.0,0.0,0.0,0.0,0.0,0.0,0.0,0.0,0.0,0.0,0.0,0.0,162.6,3.1,0.31,19.2,1226.0,0.07,162.8,55.8,218.5,354.2,6.7,0.67,41.8,2672.7,0.15,354.6,121.5,476.1,31.44,0.0,0.0,31.44,32.47,0.0,0.0,32.47,0.0,0.0,0.0,1208.4,26.9,1181.5,0.0,0.0,0.0,0.0,0.0,0.0,0.0,0.0,0.0,0.0,0.0,0.0,0.0,26.9,0.0
2050-10-17 04:00:00,2050-10-17 02:00:00,1126.3,0.0,0.0,0.0,1126.3,1092.9,1106.7,0.0,0.0,0.0297,0.0295,battery,gas-cc,0.0,0.0,0.0,0.0,0.0,0.0,0.0,0.0,0.0,0.0,0.0,0.0,0.0,0.0,0.0,0.0,0.0,0.0,144.8,2.7,0.27,17.1,1091.9,0.06,145.0,49.7,194.7,353.4,6.7,0.67,41.7,2666.8,0.15,353.8,121.3,475.0,31.44,0.0,0.0,31.44,32.4,0.0,0.0,32.4,0.0,0.0,0.0,1126.3,19.7,1106.7,0.0,0.0,0.0,0.0,0.0,0.0,0.0,0.0,0.0,0.0,0.0,0.0,0.0,19.7,0.0
2050-10-17 05:00:00,2050-10-17 03:00:00,1085.3,0.0,0.0,0.0,1085.3,1053.0,1072.6,0.0,0.0,0.0297,0.0284,battery,gas-cc,0.0,0.0,0.0,0.0,0.0,0.0,0.0,0.0,0.0,0.0,0.0,0.0,0.0,0.0,0.0,0.0,0.0,0.0,144.6,2.7,0.27,17.1,1090.4,0.06,144.8,49.6,194.4,353.0,6.7,0.67,41.7,2663.9,0.15,353.4,121.1,474.5,31.44,0.0,0.0,31.44,32.36,0.0,0.0,32.36,0.0,0.0,0.0,1085.3,12.6,1072.6,0.0,0.0,0.0,0.0,0.0,0.0,0.0,0.0,0.0,0.0,0.0,0.0,0.0,12.6,0.0
2050-10-17 06:00:00,2050-10-17 04:00:00,1067.4,0.0,0.0,0.0,1067.4,1035.6,1057.9,0.0,0.0,0.0298,0.0279,battery,gas-cc,0.0,0.0,0.0,0.0,0.0,0.0,0.0,0.0,0.0,0.0,0.0,0.0,0.0,0.0,0.0,0.0,0.0,0.0,144.7,2.7,0.27,17.1,1091.3,0.06,144.9,49.6,194.5,352.8,6.6,0.66,41.7,2662.6,0.15,353.2,121.1,474.3,31.44,0.0,0.0,31.44,32.35,0.0,0.0,32.35,0.0,0.0,0.0,1067.4,9.5,1057.9,0.0,0.0,0.0,0.0,0.0,0.0,0.0,0.0,0.0,0.0,0.0,0.0,0.0,9.5,0.0
2050-10-17 07:00:00,2050-10-17 05:00:00,1113.7,0.0,0.0,0.0,1113.7,1080.6,1102.4,0.0,0.0,0.0297,0.0291,battery,gas-cc,0.0,0.0,0.0,0.0,0.0,0.0,0.0,0.0,0.0,0.0,0.0,0.0,0.0,0.0,0.0,0.0,0.0,0.0,144.9,2.7,0.27,17.1,1092.3,0.06,145.0,49.7,194.7,353.3,6.7,0.67,41.7,2665.9,0.15,353.7,121.2,474.9,31.44,0.0,0.0,31.44,32.39,0.0,0.0,32.39,0.0,0.0,0.0,1113.7,11.3,1102.4,0.0,0.0,0.0,0.0,0.0,0.0,0.0,0.0,0.0,0.0,0.0,0.0,0.0,11.3,0.0
2050-10-17 08:00:00,2050-10-17 06:00:00,1216.8,0.0,0.0,5.0,1221.8,1180.6,-498.1,79.1,577.2,0.0298,0.0318,gas-cc,gas-cc,0.0,0.0,0.0,0.0,0.0,0.0,0.0,0.0,0.0,0.0,0.0,0.0,0.0,0.0,0.0,0.0,0.0,0.0,144.0,2.7,0.27,17.0,1085.4,0.06,144.1,49.4,193.5,363.4,6.8,0.68,42.9,2741.9,0.16,363.7,124.7,488.4,26.26,0.0,0.0,26.26,27.13,0.0,0.0,27.13,0.0,0.0,0.0,1719.9,1719.9,0.0,0.0,0.0,0.0,0.0,72.0,0.0,0.0,0.0,0.0,0.0,0.0,0.0,1634.1,13.8,0.0
2050-10-17 09:00:00,2050-10-17 07:00:00,1350.5,2788.6,0.0,0.0,4139.1,1309.8,0.0,0.0,0.0,0.0301,0.0353,upv,upv,0.0,0.0,0.0,0.0,0.0,0.0,0.0,0.0,0.0,0.0,0.0,0.0,0.0,0.0,0.0,0.0,0.0,0.0,139.7,2.6,0.26,16.5,1053.1,0.06,139.8,47.9,187.7,0.0,0.0,0.0,0.0,0.0,0.0,0.0,0.0,0.0,0.0,0.0,0.0,0.0,0.0,0.0,0.0,0.0,11.8,3404.0,3415.7,4139.1,4139.1,0.0,0.0,0.0,0.0,0.0,318.3,0.0,0.0,0.0,0.0,0.0,0.0,0.0,3820.8,0.0,0.0
2050-10-17 10:00:00,2050-10-17 08:00:00,1500.0,3012.5,0.0,0.0,4512.5,1453.7,0.0,0.0,0.0,0.0309,0.0392,upv,upv,0.0,0.0,0.0,0.0,0.0,0.0,0.0,0.0,0.0,0.0,0.0,0.0,0.0,0.0,0.0,0.0,0.0,0.0,139.8,2.6,0.26,16.5,1053.9,0.06,139.9,47.9,187.9,0.0,0.0,0.0,0.0,0.0,0.0,0.0,0.0,0.0,0.0,0.0,0.0,0.0,0.0,0.0,0.0,0.0,7.4,4912.9,4920.4,4512.5,4512.5,0.0,0.0,0.0,0.0,0.0,397.7,0.0,0.0,0.0,0.0,0.0,0.0,0.0,4114.8,0.0,0.0
2050-10-17 11:00:00,2050-10-17 09:00:00,1558.9,3854.9,0.0,0.0,5413.8,1510.3,0.0,0.0,0.0,0.0312,0.0408,upv,upv,0.0,0.0,0.0,0.0,0.0,0.0,0.0,0.0,0.0,0.0,0.0,0.0,0.0,0.0,0.0,0.0,0.0,0.0,139.8,2.6,0.26,16.5,1054.3,0.06,140.0,48.0,188.0,0.0,0.0,0.0,0.0,0.0,0.0,0.0,0.0,0.0,0.0,0.0,0.0,0.0,0.0,0.0,0.0,0.0,8.9,3951.0,3959.9,5413.8,5413.8,0.0,0.0,0.0,0.0,0.0,395.2,0.0,0.0,0.0,0.0,0.0,0.0,0.0,5018.6,0.0,0.0
2050-10-17 12:00:00,2050-10-17 10:00:00,1601.1,4019.6,0.0,0.0,5620.6,1550.7,0.0,0.0,0.0,0.0315,0.0419,upv,upv,0.0,0.0,0.0,0.0,0.0,0.0,0.0,0.0,0.0,0.0,0.0,0.0,0.0,0.0,0.0,0.0,0.0,0.0,139.9,2.6,0.26,16.5,1054.6,0.06,140.0,48.0,188.0,0.0,0.0,0.0,0.0,0.0,0.0,0.0,0.0,0.0,0.0,0.0,0.0,0.0,0.0,0.0,0.0,0.0,6.9,3346.3,3353.2,5620.6,5620.6,0.0,0.0,0.0,0.0,0.0,378.6,0.0,0.0,0.0,0.0,0.0,0.0,0.0,5242.1,0.0,0.0
2050-10-17 13:00:00,2050-10-17 11:00:00,1670.5,3600.8,0.0,0.0,5271.4,1617.2,0.0,0.0,0.0,0.0319,0.0437,upv,upv,0.0,0.0,0.0,0.0,0.0,0.0,0.0,0.0,0.0,0.0,0.0,0.0,0.0,0.0,0.0,0.0,0.0,0.0,140.0,2.6,0.26,16.5,1055.1,0.06,140.1,48.0,188.1,0.0,0.0,0.0,0.0,0.0,0.0,0.0,0.0,0.0,0.0,0.0,0.0,0.0,0.0,0.0,0.0,0.0,4.1,2825.1,2829.2,5271.4,5271.4,0.0,0.0,0.0,0.0,0.0,341.8,0.0,0.0,0.0,0.0,0.0,0.0,0.0,4929.6,0.0,0.0
2050-10-17 14:00:00,2050-10-17 12:00:00,1740.0,3791.8,0.0,0.0,5531.8,1683.6,0.0,0.0,0.0,0.0324,0.0455,upv,upv,0.0,0.0,0.0,0.0,0.0,0.0,0.0,0.0,0.0,0.0,0.0,0.0,0.0,0.0,0.0,0.0,0.0,0.0,140.0,2.6,0.27,16.5,1055.6,0.06,140.2,48.0,188.2,0.0,0.0,0.0,0.0,0.0,0.0,0.0,0.0,0.0,0.0,0.0,0.0,0.0,0.0,0.0,0.0,0.0,2.0,1599.8,1601.8,5531.8,5531.8,0.0,0.0,0.0,0.0,0.0,301.0,0.0,0.0,0.0,0.0,0.0,0.0,0.0,5230.8,0.0,0.0
2050-10-17 15:00:00,2050-10-17 13:00:00,1850.5,3600.8,0.0,0.0,5451.4,1788.9,0.0,0.0,0.0,0.0333,0.0484,upv,upv,0.0,0.0,0.0,0.0,0.0,0.0,0.0,0.0,0.0,0.0,0.0,0.0,0.0,0.0,0.0,0.0,0.0,0.0,140.1,2.6,0.27,16.6,1056.6,0.06,140.3,48.1,188.4,0.0,0.0,0.0,0.0,0.0,0.0,0.0,0.0,0.0,0.0,0.0,0.0,0.0,0.0,0.0,0.0,0.0,2.4,1032.6,1035.0,5451.4,5451.4,0.0,0.0,0.0,0.0,0.0,273.7,0.0,0.0,0.0,0.0,0.0,0.0,0.0,5177.6,0.0,0.0
2050-10-17 16:00:00,2050-10-17 14:00:00,1948.4,2456.1,0.0,0.0,4404.5,1881.9,0.0,0.0,0.0,0.0341,0.051,upv,upv,0.0,0.0,0.0,0.0,0.0,0.0,0.0,0.0,0.0,0.0,0.0,0.0,0.0,0.0,0.0,0.0,0.0,0.0,140.3,2.6,0.27,16.6,1057.5,0.06,140.4,48.1,188.5,0.0,0.0,0.0,0.0,0.0,0.0,0.0,0.0,0.0,0.0,0.0,0.0,0.0,0.0,0.0,0.0,0.0,3.6,979.6,983.1,4404.5,4404.5,0.0,0.0,0.0,0.0,0.0,227.2,0.0,0.0,0.0,0.0,0.0,0.0,0.0,4177.3,0.0,0.0
2050-10-17 17:00:00,2050-10-17 15:00:00,2077.9,2431.9,0.0,2.9,4512.7,2004.6,451.7,451.7,0.0,0.0353,0.0543,upv,upv,0.0,0.0,0.0,0.0,0.0,0.0,0.0,0.0,0.0,0.0,0.0,0.0,0.1,0.3,0.0,0.0,0.1,0.1,140.4,2.7,0.27,16.6,1058.7,0.06,140.6,48.2,188.7,0.0,0.0,0.0,0.0,0.0,0.0,0.0,0.0,0.0,0.02,0.0,0.0,0.02,0.02,0.0,0.0,0.02,0.0,0.0,0.0,4061.0,4061.0,0.0,0.0,0.0,0.0,0.0,171.2,0.0,0.0,0.0,0.0,0.0,0.0,0.0,3883.8,6.1,0.0
2050-10-17 18:00:00,2050-10-17 16:00:00,2201.1,835.8,0.0,12.1,3049.0,2120.8,1243.2,1243.2,0.0,0.0364,0.0576,battery,gas-cc,0.0,0.0,0.0,0.0,0.0,0.0,0.0,0.0,0.0,0.0,0.0,0.0,0.5,1.1,0.01,0.0,0.5,0.5,140.7,2.7,0.27,16.6,1060.6,0.06,140.8,48.2,189.1,319.9,6.0,0.6,37.8,2414.2,0.14,320.3,109.8,430.0,22.95,0.0,0.0,22.95,24.35,0.0,0.0,24.35,0.0,0.0,0.0,1805.8,1805.8,0.0,0.0,0.0,0.0,0.0,75.6,0.0,0.0,0.0,0.0,0.0,0.0,0.0,1715.7,14.5,0.0
2050-10-17 19:00:00,2050-10-17 17:00:00,2286.3,0.0,0.0,17.6,2303.9,2201.1,2242.5,445.3,1640.0,0.0373,0.0598,battery,gas-cc,0.0,0.0,0.0,0.0,0.0,0.0,0.0,0.0,0.0,0.0,0.0,0.0,0.0,0.0,0.0,0.0,0.0,0.0,149.6,2.8,0.28,17.7,1128.0,0.07,149.8,51.3,201.1,361.1,6.8,0.68,42.7,2725.1,0.16,361.5,123.9,485.4,27.04,0.0,0.0,27.04,28.76,0.0,0.0,28.76,0.0,0.0,0.0,3498.5,61.4,3437.1,0.0,0.0,0.0,0.0,0.0,0.0,0.0,0.0,0.0,0.0,0.0,0.0,0.0,61.4,0.0
2050-10-17 20:00:00,2050-10-17 18:00:00,2350.5,0.0,0.0,13.1,2363.6,2261.4,2310.8,445.3,956.1,0.0379,0.0615,battery,gas-cc,0.0,0.0,0.0,0.0,0.0,0.0,0.0,0.0,0.0,0.0,0.0,0.0,0.0,0.0,0.0,0.0,0.0,0.0,146.2,2.8,0.28,17.3,1102.1,0.06,146.3,50.1,196.5,408.2,7.7,0.77,48.2,3080.2,0.18,408.6,140.1,548.7,27.04,0.0,0.0,27.04,28.81,0.0,0.0,28.81,0.0,0.0,0.0,2874.4,52.9,2821.5,0.0,0.0,0.0,0.0,0.0,0.0,0.0,0.0,0.0,0.0,0.0,0.0,0.0,52.9,0.0
2050-10-17 21:00:00,2050-10-17 19:00:00,2255.8,0.0,0.0,17.6,2273.4,2172.4,2241.2,445.3,1640.0,0.037,0.059,battery,gas-cc,0.0,0.0,0.0,0.0,0.0,0.0,0.0,0.0,0.0,0.0,0.0,0.0,0.0,0.0,0.0,0.0,0.0,0.0,174.2,3.3,0.33,20.6,1313.6,0.08,174.4,59.7,234.1,360.8,6.8,0.68,42.6,2722.8,0.16,361.2,123.8,485.0,27.04,0.0,0.0,27.04,28.73,0.0,0.0,28.73,0.0,0.0,0.0,3468.0,32.2,3435.8,0.0,0.0,0.0,0.0,0.0,0.0,0.0,0.0,0.0,0.0,0.0,0.0,0.0,32.2,0.0
2050-10-17 22:00:00,2050-10-17 20:00:00,2072.6,0.0,0.0,13.4,2086.1,1999.6,2068.8,445.3,1003.2,0.0352,0.0542,gas-cc,gas-cc,0.0,0.0,0.0,0.0,0.0,0.0,0.0,0.0,0.0,0.0,0.0,0.0,0.0,0.0,0.0,0.0,0.0,0.0,172.6,3.3,0.33,20.4,1301.8,0.08,172.8,59.2,232.0,405.0,7.6,0.76,47.8,3056.6,0.18,405.5,139.0,544.5,27.04,0.0,0.0,27.04,28.59,0.0,0.0,28.59,0.0,0.0,0.0,2643.9,17.2,2626.7,0.0,0.0,0.0,0.0,0.0,0.0,0.0,0.0,0.0,0.0,0.0,0.0,0.0,17.2,0.0
2050-10-17 23:00:00,2050-10-17 21:00:00,1889.5,0.0,0.0,17.1,1906.6,1825.9,1894.1,445.3,1567.6,0.0336,0.0494,gas-cc,gas-cc,0.0,0.0,0.0,0.0,0.0,0.0,0.0,0.0,0.0,0.0,0.0,0.0,0.0,0.0,0.0,0.0,0.0,0.0,224.9,4.2,0.42,26.6,1696.8,0.1,225.2,77.2,302.4,403.0,7.6,0.76,47.6,3041.2,0.17,403.4,138.3,541.7,27.04,0.0,0.0,27.04,28.44,0.0,0.0,28.44,0.0,0.0,0.0,3028.9,12.5,3016.4,0.0,0.0,0.0,0.0,0.0,0.0,0.0,0.0,0.0,0.0,0.0,0.0,0.0,12.5,0.0
2050-10-18 00:00:00,2050-10-17 22:00:00,1688.4,0.0,0.0,16.7,1705.1,1634.3,1691.4,445.3,1510.5,0.0321,0.0442,battery,gas-cc,0.0,0.0,0.0,0.0,0.0,0.0,0.0,0.0,0.0,0.0,0.0,0.0,0.0,0.0,0.0,0.0,0.0,0.0,145.6,2.7,0.28,17.2,1097.4,0.06,145.7,49.9,195.6,368.0,6.9,0.69,43.5,2777.3,0.16,368.4,126.3,494.7,31.33,0.0,0.0,31.33,32.78,0.0,0.0,32.78,0.0,0.0,0.0,2770.4,13.7,2756.6,0.0,0.0,0.0,0.0,0.0,0.0,0.0,0.0,0.0,0.0,0.0,0.0,0.0,13.7,0.0
2050-10-18 01:00:00,2050-10-17 23:00:00,1482.1,0.0,0.0,15.7,1497.8,1436.5,1466.3,445.3,1346.0,0.0308,0.0388,battery,gas-cc,0.0,0.0,0.0,0.0,0.0,0.0,0.0,0.0,0.0,0.0,0.0,0.0,0.0,0.0,0.0,0.0,0.0,0.0,145.5,2.7,0.28,17.2,1096.9,0.06,145.6,49.9,195.5,356.8,6.7,0.67,42.2,2692.6,0.15,357.2,122.4,479.6,31.33,0.0,0.0,31.33,32.6,0.0,0.0,32.6,0.0,0.0,0.0,2398.5,31.5,2367.0,0.0,0.0,0.0,0.0,0.0,0.0,0.0,0.0,0.0,0.0,0.0,0.0,0.0,31.5,0.0
2050-10-18 02:00:00,2050-10-18 00:00:00,1309.5,0.0,0.0,10.2,1319.7,1270.2,1279.4,445.3,512.8,0.03,0.0342,gas-cc,gas-cc,0.0,0.0,0.0,0.0,0.0,0.0,0.0,0.0,0.0,0.0,0.0,0.0,0.0,0.0,0.0,0.0,0.0,0.0,156.5,3.0,0.3,18.5,1180.1,0.07,156.7,53.7,210.3,364.3,6.9,0.69,43.0,2748.8,0.16,364.7,125.0,489.6,31.33,0.0,0.0,31.33,32.44,0.0,0.0,32.44,0.0,0.0,0.0,1387.2,40.3,1347.0,0.0,0.0,0.0,0.0,0.0,0.0,0.0,0.0,0.0,0.0,0.0,0.0,0.0,40.3,0.0
2050-10-18 03:00:00,2050-10-18 01:00:00,1183.2,0.0,0.0,14.3,1197.5,1148.0,1155.1,445.3,1142.4,0.0297,0.0309,battery,gas-cc,0.0,0.0,0.0,0.0,0.0,0.0,0.0,0.0,0.0,0.0,0.0,0.0,0.0,0.0,0.0,0.0,0.0,0.0,144.6,2.7,0.27,17.1,1090.6,0.06,144.8,49.6,194.4,363.0,6.8,0.68,42.9,2739.4,0.16,363.4,124.6,488.0,31.33,0.0,0.0,31.33,32.33,0.0,0.0,32.33,0.0,0.0,0.0,1894.6,42.4,1852.1,0.0,0.0,0.0,0.0,0.0,0.0,0.0,0.0,0.0,0.0,0.0,0.0,0.0,42.4,0.0
2050-10-18 04:00:00,2050-10-18 02:00:00,1113.7,0.0,0.0,8.0,1121.7,1080.6,1086.1,445.3,166.4,0.0297,0.0291,battery,gas-cc,0.0,0.0,0.0,0.0,0.0,0.0,0.0,0.0,0.0,0.0,0.0,0.0,0.0,0.0,0.0,0.0,0.0,0.0,145.2,2.7,0.27,17.2,1094.7,0.06,145.4,49.8,195.2,362.3,6.8,0.68,42.8,2734.3,0.16,362.7,124.3,487.1,31.33,0.0,0.0,31.33,32.27,0.0,0.0,32.27,0.0,0.0,0.0,842.7,35.6,807.1,0.0,0.0,0.0,0.0,0.0,0.0,0.0,0.0,0.0,0.0,0.0,0.0,0.0,35.6,0.0
2050-10-18 05:00:00,2050-10-18 03:00:00,1056.8,0.0,0.0,8.8,1065.6,1025.4,1043.6,735.2,0.0,0.0298,0.0276,battery,gas-cc,0.0,0.0,0.0,0.0,0.0,0.0,0.0,0.0,0.0,0.0,0.0,0.0,0.9,2.1,0.02,0.0,1.0,1.0,144.9,2.7,0.27,17.1,1092.7,0.06,145.1,49.7,194.8,352.7,6.6,0.66,41.7,2661.8,0.15,353.1,121.0,474.2,31.33,0.0,0.0,31.33,32.22,0.0,0.0,32.22,0.0,0.0,0.0,330.5,22.1,308.4,0.0,0.0,0.0,0.0,0.0,0.0,0.0,0.0,0.0,0.0,0.0,0.0,0.0,22.1,0.0
2050-10-18 06:00:00,2050-10-18 04:00:00,1058.9,0.0,0.0,10.9,1069.8,1027.4,1052.8,1052.8,0.0,0.0298,0.0277,hydro,gas-cc,0.0,0.0,0.0,0.0,0.0,0.0,0.0,0.0,0.0,0.0,0.0,0.0,1.9,4.5,0.04,0.0,2.1,2.1,143.8,2.7,0.27,17.0,1084.2,0.06,144.0,49.3,193.3,364.2,6.9,0.69,43.0,2748.2,0.16,364.6,125.0,489.5,28.67,0.0,0.0,28.67,29.48,0.0,0.0,29.48,0.0,0.0,0.0,17.0,17.0,0.0,0.0,0.0,0.0,0.0,0.0,0.0,0.0,0.0,0.0,0.0,0.0,0.0,0.0,17.0,0.0
2050-10-18 07:00:00,2050-10-18 05:00:00,1105.3,0.0,0.0,11.1,1116.4,1072.4,1100.8,1096.6,0.0,0.0297,0.0289,battery,gas-cc,0.0,0.0,0.0,0.0,0.0,0.0,0.0,0.0,0.0,0.0,0.0,0.0,2.0,4.6,0.04,0.0,2.1,2.1,143.4,2.7,0.27,16.9,1080.8,0.06,143.5,49.2,192.7,363.0,6.8,0.68,42.9,2739.1,0.16,363.4,124.5,487.9,31.33,0.0,0.0,31.33,32.27,0.0,0.0,32.27,0.0,0.0,0.0,19.8,15.6,4.2,0.0,0.0,0.0,0.0,0.0,0.0,0.0,0.0,0.0,0.0,0.0,0.0,0.0,15.6,0.0
2050-10-18 08:00:00,2050-10-18 06:00:00,1213.7,369.6,0.0,9.4,1592.7,1177.6,58.9,445.3,386.4,0.0298,0.0317,battery,gas-cc,0.0,0.0,0.0,0.0,0.0,0.0,0.0,0.0,0.0,0.0,0.0,0.0,0.0,0.0,0.0,0.0,0.0,0.0,139.6,2.6,0.26,16.5,1052.7,0.06,139.8,47.9,187.7,316.2,6.0,0.6,37.4,2386.1,0.14,316.5,108.5,425.0,26.6,0.0,0.0,26.6,27.47,0.0,0.0,27.47,0.0,0.0,0.0,1533.8,1533.8,0.0,0.0,0.0,0.0,0.0,64.3,0.0,0.0,0.0,0.0,0.0,0.0,0.0,1459.7,9.8,0.0
2050-10-18 09:00:00,2050-10-18 07:00:00,1357.9,2431.9,0.0,0.0,3789.8,1316.9,0.0,0.0,0.0,0.0302,0.0355,upv,upv,0.0,0.0,0.0,0.0,0.0,0.0,0.0,0.0,0.0,0.0,0.0,0.0,0.0,0.0,0.0,0.0,0.0,0.0,139.7,2.6,0.26,16.5,1053.2,0.06,139.8,47.9,187.8,0.0,0.0,0.0,0.0,0.0,0.0,0.0,0.0,0.0,0.0,0.0,0.0,0.0,0.0,0.0,0.0,0.0,6.0,3422.8,3428.7,3789.8,3789.8,0.0,0.0,0.0,0.0,0.0,304.4,0.0,0.0,0.0,0.0,0.0,0.0,0.0,3485.4,0.0,0.0
2050-10-18 10:00:00,2050-10-18 08:00:00,1503.2,3792.8,0.0,0.0,5296.0,1456.8,0.0,0.0,0.0,0.0309,0.0393,upv,upv,0.0,0.0,0.0,0.0,0.0,0.0,0.0,0.0,0.0,0.0,0.0,0.0,0.0,0.0,0.0,0.0,0.0,0.0,139.8,2.6,0.26,16.5,1053.9,0.06,139.9,47.9,187.9,0.0,0.0,0.0,0.0,0.0,0.0,0.0,0.0,0.0,0.0,0.0,0.0,0.0,0.0,0.0,0.0,0.0,1.3,4136.3,4137.5,5296.0,5296.0,0.0,0.0,0.0,0.0,0.0,398.1,0.0,0.0,0.0,0.0,0.0,0.0,0.0,4897.9,0.0,0.0
2050-10-18 11:00:00,2050-10-18 09:00:00,1574.7,3625.0,0.0,0.0,5199.7,1525.5,0.0,0.0,0.0,0.0313,0.0412,upv,upv,0.0,0.0,0.0,0.0,0.0,0.0,0.0,0.0,0.0,0.0,0.0,0.0,0.0,0.0,0.0,0.0,0.0,0.0,139.9,2.6,0.26,16.5,1054.4,0.06,140.0,48.0,188.0,0.0,0.0,0.0,0.0,0.0,0.0,0.0,0.0,0.0,0.0,0.0,0.0,0.0,0.0,0.0,0.0,0.0,0.6,4205.6,4206.2,5199.7,5199.7,0.0,0.0,0.0,0.0,0.0,397.0,0.0,0.0,0.0,0.0,0.0,0.0,0.0,4802.8,0.0,0.0
2050-10-18 12:00:00,2050-10-18 10:00:00,1615.8,3791.8,0.0,0.0,5407.6,1564.8,0.0,0.0,0.0,0.0316,0.0423,upv,upv,0.0,0.0,0.0,0.0,0.0,0.0,0.0,0.0,0.0,0.0,0.0,0.0,0.0,0.0,0.0,0.0,0.0,0.0,139.9,2.6,0.26,16.5,1054.7,0.06,140.0,48.0,188.0,0.0,0.0,0.0,0.0,0.0,0.0,0.0,0.0,0.0,0.0,0.0,0.0,0.0,0.0,0.0,0.0,0.0,0.9,3471.3,3472.2,5407.6,5407.6,0.0,0.0,0.0,0.0,0.0,374.6,0.0,0.0,0.0,0.0,0.0,0.0,0.0,5033.0,0.0,0.0
2050-10-18 13:00:00,2050-10-18 11:00:00,1675.8,3986.6,0.0,0.0,5662.4,1622.2,0.0,0.0,0.0,0.032,0.0438,upv,upv,0.0,0.0,0.0,0.0,0.0,0.0,0.0,0.0,0.0,0.0,0.0,0.0,0.0,0.0,0.0,0.0,0.0,0.0,140.0,2.6,0.26,16.5,1055.1,0.06,140.1,48.0,188.1,0.0,0.0,0.0,0.0,0.0,0.0,0.0,0.0,0.0,0.0,0.0,0.0,0.0,0.0,0.0,0.0,0.0,3.5,2845.5,2849.0,5662.4,5662.4,0.0,0.0,0.0,0.0,0.0,359.1,0.0,0.0,0.0,0.0,0.0,0.0,0.0,5303.3,0.0,0.0
2050-10-18 14:00:00,2050-10-18 12:00:00,1747.4,4019.6,0.0,0.0,5766.9,1690.6,0.0,0.0,0.0,0.0325,0.0457,upv,upv,0.0,0.0,0.0,0.0,0.0,0.0,0.0,0.0,0.0,0.0,0.0,0.0,0.0,0.0,0.0,0.0,0.0,0.0,140.0,2.6,0.27,16.5,1055.7,0.06,140.2,48.0,188.2,0.0,0.0,0.0,0.0,0.0,0.0,0.0,0.0,0.0,0.0,0.0,0.0,0.0,0.0,0.0,0.0,0.0,4.9,2444.1,2449.0,5766.9,5766.9,0.0,0.0,0.0,0.0,0.0,346.5,0.0,0.0,0.0,0.0,0.0,0.0,0.0,5420.5,0.0,0.0
2050-10-18 15:00:00,2050-10-18 13:00:00,1855.8,2821.5,0.0,0.0,4677.3,1793.9,0.0,0.0,0.0,0.0334,0.0485,upv,upv,0.0,0.0,0.0,0.0,0.0,0.0,0.0,0.0,0.0,0.0,0.0,0.0,0.0,0.0,0.0,0.0,0.0,0.0,140.2,2.6,0.27,16.6,1056.6,0.06,140.3,48.1,188.4,0.0,0.0,0.0,0.0,0.0,0.0,0.0,0.0,0.0,0.0,0.0,0.0,0.0,0.0,0.0,0.0,0.0,5.3,3243.7,3249.0,4677.3,4677.3,0.0,0.0,0.0,0.0,0.0,334.4,0.0,0.0,0.0,0.0,0.0,0.0,0.0,4343.0,0.0,0.0
2050-10-18 16:00:00,2050-10-18 14:00:00,1951.6,2461.0,0.0,0.0,4412.6,1884.9,0.0,0.0,0.0,0.0342,0.051,upv,upv,0.0,0.0,0.0,0.0,0.0,0.0,0.0,0.0,0.0,0.0,0.0,0.0,0.0,0.0,0.0,0.0,0.0,0.0,140.3,2.6,0.27,16.6,1057.5,0.06,140.4,48.1,188.5,0.0,0.0,0.0,0.0,0.0,0.0,0.0,0.0,0.0,0.0,0.0,0.0,0.0,0.0,0.0,0.0,0.0,7.2,3171.1,3178.4,4412.6,4412.6,0.0,0.0,0.0,0.0,0.0,320.1,0.0,0.0,0.0,0.0,0.0,0.0,0.0,4092.5,0.0,0.0
2050-10-18 17:00:00,2050-10-18 15:00:00,2074.7,2626.7,0.0,0.0,4701.5,2001.6,0.0,0.0,0.0,0.0353,0.0543,upv,upv,0.0,0.0,0.0,0.0,0.0,0.0,0.0,0.0,0.0,0.0,0.0,0.0,0.0,0.0,0.0,0.0,0.0,0.0,140.4,2.7,0.27,16.6,1058.7,0.06,140.6,48.2,188.7,0.0,0.0,0.0,0.0,0.0,0.0,0.0,0.0,0.0,0.0,0.0,0.0,0.0,0.0,0.0,0.0,0.0,10.0,1586.8,1596.8,4701.5,4701.5,0.0,0.0,0.0,0.0,0.0,265.4,0.0,0.0,0.0,0.0,0.0,0.0,0.0,4436.0,0.0,0.0
2050-10-18 18:00:00,2050-10-18 16:00:00,2206.3,0.0,0.0,1.1,2207.4,2125.8,-166.7,0.0,166.7,0.0365,0.0577,gas-cc,gas-cc,0.0,0.0,0.0,0.0,0.0,0.0,0.0,0.0,0.0,0.0,0.0,0.0,0.0,0.0,0.0,0.0,0.0,0.0,142.1,2.7,0.27,16.8,1071.3,0.06,142.2,48.7,191.0,373.3,7.0,0.7,44.1,2817.2,0.16,373.7,128.1,501.8,26.78,0.0,0.0,26.78,28.42,0.0,0.0,28.42,0.0,0.0,0.0,2374.1,2374.1,0.0,0.0,0.0,0.0,0.0,99.1,0.0,0.0,0.0,0.0,0.0,0.0,0.0,2247.2,27.8,0.0
2050-10-18 19:00:00,2050-10-18 17:00:00,2281.1,0.0,0.0,1.6,2282.6,2196.2,2208.0,0.0,244.6,0.0372,0.0597,battery,gas-cc,0.0,0.0,0.0,0.0,0.0,0.0,0.0,0.0,0.0,0.0,0.0,0.0,0.0,0.0,0.0,0.0,0.0,0.0,145.6,2.7,0.28,17.2,1097.7,0.06,145.8,49.9,195.7,431.6,8.1,0.81,51.0,3257.1,0.19,432.1,148.1,580.2,37.28,0.0,0.0,37.28,39.64,0.0,0.0,39.64,0.0,0.0,0.0,2527.2,74.6,2452.6,0.0,0.0,0.0,0.0,0.0,0.0,0.0,0.0,0.0,0.0,0.0,0.0,0.0,74.6,0.0
2050-10-18 20:00:00,2050-10-18 18:00:00,2353.7,0.0,0.0,4.8,2358.5,2264.4,2274.2,0.0,742.2,0.0379,0.0616,battery,gas-cc,0.0,0.0,0.0,0.0,0.0,0.0,0.0,0.0,0.0,0.0,0.0,0.0,0.0,0.0,0.0,0.0,0.0,0.0,145.3,2.7,0.28,17.2,1095.7,0.06,145.5,49.8,195.3,432.5,8.2,0.82,51.1,3263.6,0.19,433.0,148.4,581.4,37.28,0.0,0.0,37.28,39.72,0.0,0.0,39.72,0.0,0.0,0.0,3100.7,84.3,3016.4,0.0,0.0,0.0,0.0,0.0,0.0,0.0,0.0,0.0,0.0,0.0,0.0,0.0,84.3,0.0
2050-10-18 21:00:00,2050-10-18 19:00:00,2265.3,0.0,0.0,5.4,2270.7,2181.3,2207.7,0.0,837.7,0.0371,0.0592,battery,gas-cc,0.0,0.0,0.0,0.0,0.0,0.0,0.0,0.0,0.0,0.0,0.0,0.0,0.0,0.0,0.0,0.0,0.0,0.0,144.8,2.7,0.27,17.1,1091.6,0.06,145.0,49.7,194.6,431.4,8.1,0.81,51.0,3255.6,0.19,431.9,148.0,579.9,37.28,0.0,0.0,37.28,39.63,0.0,0.0,39.63,0.0,0.0,0.0,3108.4,63.0,3045.5,0.0,0.0,0.0,0.0,0.0,0.0,0.0,0.0,0.0,0.0,0.0,0.0,0.0,63.0,0.0
2050-10-18 22:00:00,2050-10-18 20:00:00,2090.5,0.0,0.0,10.5,2101.1,2016.5,2027.7,0.0,1623.0,0.0354,0.0547,battery,gas-cc,0.0,0.0,0.0,0.0,0.0,0.0,0.0,0.0,0.0,0.0,0.0,0.0,0.0,0.0,0.0,0.0,0.0,0.0,144.5,2.7,0.27,17.1,1089.1,0.06,144.6,49.5,194.1,429.3,8.1,0.81,50.7,3239.9,0.19,429.8,147.3,577.1,37.28,0.0,0.0,37.28,39.43,0.0,0.0,39.43,0.0,0.0,0.0,3724.0,73.4,3650.6,0.0,0.0,0.0,0.0,0.0,0.0,0.0,0.0,0.0,0.0,0.0,0.0,0.0,73.4,0.0
2050-10-18 23:00:00,2050-10-18 21:00:00,1909.5,0.0,0.0,1.4,1910.9,1844.9,1829.8,0.0,212.5,0.0338,0.0499,battery,gas-cc,0.0,0.0,0.0,0.0,0.0,0.0,0.0,0.0,0.0,0.0,0.0,0.0,0.0,0.0,0.0,0.0,0.0,0.0,194.1,3.7,0.37,22.9,1463.6,0.08,194.3,66.6,260.8,427.2,8.1,0.81,50.5,3223.7,0.19,427.7,146.6,574.2,37.28,0.0,0.0,37.28,39.24,0.0,0.0,39.24,0.0,0.0,0.0,2123.3,81.1,2042.2,0.0,0.0,0.0,0.0,0.0,0.0,0.0,0.0,0.0,0.0,0.0,0.0,0.0,81.1,0.0
2050-10-19 00:00:00,2050-10-18 22:00:00,1724.2,0.0,0.0,0.0,1724.2,1668.5,1630.4,0.0,0.0,0.0323,0.0451,battery,gas-cc,0.0,0.0,0.0,0.0,0.0,0.0,0.0,0.0,0.0,0.0,0.0,0.0,0.0,0.0,0.0,0.0,0.0,0.0,151.3,2.9,0.29,17.9,1141.0,0.07,151.5,51.9,203.4,447.1,8.4,0.84,52.8,3373.8,0.19,447.6,153.4,601.0,39.47,0.0,0.0,39.47,41.34,0.0,0.0,41.34,0.0,0.0,0.0,1724.2,93.8,1630.4,0.0,0.0,0.0,0.0,0.0,0.0,0.0,0.0,0.0,0.0,0.0,0.0,0.0,93.8,0.0
2050-10-19 01:00:00,2050-10-18 23:00:00,1515.8,0.0,0.0,1.7,1517.5,1468.9,1422.9,0.0,262.3,0.0309,0.0396,battery,gas-cc,0.0,0.0,0.0,0.0,0.0,0.0,0.0,0.0,0.0,0.0,0.0,0.0,0.0,0.0,0.0,0.0,0.0,0.0,150.1,2.8,0.28,17.7,1131.4,0.07,150.2,51.5,201.7,453.8,8.6,0.86,53.6,3424.2,0.2,454.2,155.7,609.9,39.47,0.0,0.0,39.47,41.1,0.0,0.0,41.1,0.0,0.0,0.0,1779.8,94.6,1685.2,0.0,0.0,0.0,0.0,0.0,0.0,0.0,0.0,0.0,0.0,0.0,0.0,0.0,94.6,0.0
2050-10-19 02:00:00,2050-10-19 00:00:00,1329.5,0.0,0.0,3.1,1332.6,1289.5,1227.6,0.0,480.1,0.0301,0.0348,hydro,gas-cc,0.0,0.0,0.0,0.0,0.0,0.0,0.0,0.0,0.0,0.0,0.0,0.0,0.0,0.0,0.0,0.0,0.0,0.0,147.0,2.8,0.28,17.4,1108.7,0.06,147.2,50.4,197.6,422.8,8.0,0.8,49.9,3190.6,0.18,423.3,145.1,568.3,39.47,0.0,0.0,39.47,40.89,0.0,0.0,40.89,0.0,0.0,0.0,1812.7,105.0,1707.7,0.0,0.0,0.0,0.0,0.0,0.0,0.0,0.0,0.0,0.0,0.0,0.0,0.0,105.0,0.0
2050-10-19 03:00:00,2050-10-19 01:00:00,1229.5,0.0,0.0,0.0,1229.5,1192.8,1144.9,0.0,0.0,0.0298,0.0322,battery,gas-cc,0.0,0.0,0.0,0.0,0.0,0.0,0.0,0.0,0.0,0.0,0.0,0.0,0.0,0.0,0.0,0.0,0.0,0.0,144.9,2.7,0.27,17.1,1092.2,0.06,145.0,49.7,194.7,441.1,8.3,0.83,52.1,3328.7,0.19,441.6,151.4,592.9,39.47,0.0,0.0,39.47,40.78,0.0,0.0,40.78,0.0,0.0,0.0,1229.5,84.6,1144.9,0.0,0.0,0.0,0.0,0.0,0.0,0.0,0.0,0.0,0.0,0.0,0.0,0.0,84.6,0.0
2050-10-19 04:00:00,2050-10-19 02:00:00,1138.9,0.0,0.0,0.9,1139.9,1105.1,1083.6,0.0,142.6,0.0297,0.0298,battery,gas-cc,0.0,0.0,0.0,0.0,0.0,0.0,0.0,0.0,0.0,0.0,0.0,0.0,0.0,0.0,0.0,0.0,0.0,0.0,145.2,2.7,0.27,17.2,1094.4,0.06,145.3,49.8,195.1,449.2,8.5,0.85,53.1,3389.4,0.19,449.6,154.1,603.7,39.47,0.0,0.0,39.47,40.68,0.0,0.0,40.68,0.0,0.0,0.0,1282.5,56.3,1226.2,0.0,0.0,0.0,0.0,0.0,0.0,0.0,0.0,0.0,0.0,0.0,0.0,0.0,56.3,0.0
2050-10-19 05:00:00,2050-10-19 03:00:00,1097.9,0.0,0.0,2.0,1099.9,1065.3,1056.9,0.0,306.9,0.0297,0.0287,hydro,gas-cc,0.0,0.0,0.0,0.0,0.0,0.0,0.0,0.0,0.0,0.0,0.0,0.0,0.0,0.0,0.0,0.0,0.0,0.0,145.4,2.7,0.28,17.2,1096.5,0.06,145.6,49.9,195.5,448.7,8.5,0.85,53.0,3385.6,0.19,449.1,153.9,603.1,39.47,0.0,0.0,39.47,40.64,0.0,0.0,40.64,0.0,0.0,0.0,1406.8,43.0,1363.8,0.0,0.0,0.0,0.0,0.0,0.0,0.0,0.0,0.0,0.0,0.0,0.0,0.0,43.0,0.0
2050-10-19 06:00:00,2050-10-19 04:00:00,1087.4,0.0,0.0,0.0,1087.4,1055.0,1052.7,0.0,0.0,0.0297,0.0284,battery,gas-cc,0.0,0.0,0.0,0.0,0.0,0.0,0.0,0.0,0.0,0.0,0.0,0.0,0.0,0.0,0.0,0.0,0.0,0.0,144.0,2.7,0.27,17.0,1085.9,0.06,144.2,49.4,193.6,439.4,8.3,0.83,51.9,3315.9,0.19,439.9,150.8,590.7,39.47,0.0,0.0,39.47,40.63,0.0,0.0,40.63,0.0,0.0,0.0,1087.4,34.7,1052.7,0.0,0.0,0.0,0.0,0.0,0.0,0.0,0.0,0.0,0.0,0.0,0.0,0.0,34.7,0.0
2050-10-19 07:00:00,2050-10-19 05:00:00,1128.4,0.0,0.0,0.0,1128.4,1094.9,1105.3,0.0,0.0,0.0297,0.0295,battery,gas-cc,0.0,0.0,0.0,0.0,0.0,0.0,0.0,0.0,0.0,0.0,0.0,0.0,0.0,0.0,0.0,0.0,0.0,0.0,143.4,2.7,0.27,16.9,1081.2,0.06,143.6,49.2,192.8,439.9,8.3,0.83,52.0,3319.6,0.19,440.4,150.9,591.3,39.47,0.0,0.0,39.47,40.67,0.0,0.0,40.67,0.0,0.0,0.0,1128.4,23.1,1105.3,0.0,0.0,0.0,0.0,0.0,0.0,0.0,0.0,0.0,0.0,0.0,0.0,0.0,23.1,0.0
2050-10-19 08:00:00,2050-10-19 06:00:00,1240.0,0.0,0.0,9.6,1249.6,1203.0,29.5,445.3,415.8,0.0298,0.0324,battery,gas-cc,0.0,0.0,0.0,0.0,0.0,0.0,0.0,0.0,0.0,0.0,0.0,0.0,0.0,0.0,0.0,0.0,0.0,0.0,139.8,2.6,0.26,16.5,1054.2,0.06,140.0,48.0,187.9,423.6,8.0,0.8,50.0,3196.4,0.18,424.0,145.3,569.4,39.32,0.0,0.0,39.32,40.64,0.0,0.0,40.64,0.0,0.0,0.0,1220.1,1220.1,0.0,0.0,0.0,0.0,0.0,50.7,0.0,0.0,0.0,0.0,0.0,0.0,0.0,1150.3,19.1,0.0
2050-10-19 09:00:00,2050-10-19 07:00:00,1384.2,2788.6,0.0,0.0,4172.8,1342.3,0.0,0.0,0.0,0.0303,0.0362,upv,upv,0.0,0.0,0.0,0.0,0.0,0.0,0.0,0.0,0.0,0.0,0.0,0.0,0.0,0.0,0.0,0.0,0.0,0.0,281.3,5.3,0.53,33.2,2122.5,0.12,281.6,96.5,378.1,0.0,0.0,0.0,0.0,0.0,0.0,0.0,0.0,0.0,0.0,0.0,0.0,0.0,0.0,0.0,0.0,0.0,0.0,1661.5,1661.5,4172.8,4172.8,0.0,0.0,0.0,0.0,0.0,245.4,0.0,0.0,0.0,0.0,0.0,0.0,0.0,3909.0,18.5,0.0
2050-10-19 10:00:00,2050-10-19 08:00:00,1546.3,2821.5,0.0,0.0,4367.9,1498.2,0.0,0.0,0.0,0.0311,0.0404,upv,upv,0.0,0.0,0.0,0.0,0.0,0.0,0.0,0.0,0.0,0.0,0.0,0.0,0.0,0.0,0.0,0.0,0.0,0.0,139.8,2.6,0.26,16.5,1054.2,0.06,140.0,48.0,187.9,0.0,0.0,0.0,0.0,0.0,0.0,0.0,0.0,0.0,0.0,0.0,0.0,0.0,0.0,0.0,0.0,0.0,15.3,4315.5,4330.8,4367.9,4367.9,0.0,0.0,0.0,0.0,0.0,366.5,0.0,0.0,0.0,0.0,0.0,0.0,0.0,4001.4,0.0,0.0
2050-10-19 11:00:00,2050-10-19 09:00:00,1610.5,3824.8,0.0,0.0,5435.3,1559.8,0.0,0.0,0.0,0.0315,0.0421,upv,upv,0.0,0.0,0.0,0.0,0.0,0.0,0.0,0.0,0.0,0.0,0.0,0.0,0.0,0.0,0.0,0.0,0.0,0.0,139.9,2.6,0.26,16.5,1054.6,0.06,140.0,48.0,188.0,0.0,0.0,0.0,0.0,0.0,0.0,0.0,0.0,0.0,0.0,0.0,0.0,0.0,0.0,0.0,0.0,0.0,22.2,3491.0,3513.3,5435.3,5435.3,0.0,0.0,0.0,0.0,0.0,0.0,0.0,0.0,0.0,0.0,0.0,0.0,0.0,5435.3,0.0,0.0
2050-10-19 12:00:00,2050-10-19 10:00:00,1680.0,4019.6,0.0,0.0,5699.6,1626.2,0.0,0.0,0.0,0.032,0.0439,upv,upv,0.0,0.0,0.0,0.0,0.0,0.0,0.0,0.0,0.0,0.0,0.0,0.0,0.0,0.0,0.0,0.0,0.0,0.0,140.0,2.6,0.26,16.5,1055.1,0.06,140.1,48.0,188.1,0.0,0.0,0.0,0.0,0.0,0.0,0.0,0.0,0.0,0.0,0.0,0.0,0.0,0.0,0.0,0.0,0.0,0.0,2851.8,2851.8,5699.6,5699.6,0.0,0.0,0.0,0.0,0.0,360.0,0.0,0.0,0.0,0.0,0.0,0.0,0.0,5316.4,23.2,0.0
2050-10-19 13:00:00,2050-10-19 11:00:00,1722.1,3824.8,0.0,0.0,5546.9,1666.5,0.0,0.0,0.0,0.0323,0.045,upv,upv,0.0,0.0,0.0,0.0,0.0,0.0,0.0,0.0,0.0,0.0,0.0,0.0,0.0,0.0,0.0,0.0,0.0,0.0,140.0,2.6,0.26,16.5,1055.5,0.06,140.2,48.0,188.2,0.0,0.0,0.0,0.0,0.0,0.0,0.0,0.0,0.0,0.0,0.0,0.0,0.0,0.0,0.0,0.0,0.0,20.0,2819.5,2839.5,5546.9,5546.9,0.0,0.0,0.0,0.0,0.0,353.1,0.0,0.0,0.0,0.0,0.0,0.0,0.0,5193.7,0.0,0.0
2050-10-19 14:00:00,2050-10-19 12:00:00,1788.4,3791.8,0.0,0.0,5580.2,1729.7,0.0,0.0,0.0,0.0328,0.0468,upv,upv,0.0,0.0,0.0,0.0,0.0,0.0,0.0,0.0,0.0,0.0,0.0,0.0,0.0,0.0,0.0,0.0,0.0,0.0,140.1,2.6,0.27,16.6,1056.0,0.06,140.2,48.0,188.3,0.0,0.0,0.0,0.0,0.0,0.0,0.0,0.0,0.0,0.0,0.0,0.0,0.0,0.0,0.0,0.0,0.0,27.8,2995.3,3023.1,5580.2,5580.2,0.0,0.0,0.0,0.0,0.0,362.0,0.0,0.0,0.0,0.0,0.0,0.0,0.0,5218.3,0.0,0.0
2050-10-19 15:00:00,2050-10-19 13:00:00,1876.8,2650.9,0.0,0.0,4527.7,1813.9,0.0,0.0,0.0,0.0335,0.0491,upv,upv,0.0,0.0,0.0,0.0,0.0,0.0,0.0,0.0,0.0,0.0,0.0,0.0,0.0,0.0,0.0,0.0,0.0,0.0,140.2,2.6,0.27,16.6,1056.8,0.06,140.3,48.1,188.4,0.0,0.0,0.0,0.0,0.0,0.0,0.0,0.0,0.0,0.0,0.0,0.0,0.0,0.0,0.0,0.0,0.0,33.2,3676.6,3709.8,4527.7,4527.7,0.0,0.0,0.0,0.0,0.0,346.3,0.0,0.0,0.0,0.0,0.0,0.0,0.0,4181.5,0.0,0.0
2050-10-19 16:00:00,2050-10-19 14:00:00,1932.6,3403.2,0.0,0.0,5335.8,1866.9,0.0,0.0,0.0,0.034,0.0505,upv,upv,0.0,0.0,0.0,0.0,0.0,0.0,0.0,0.0,0.0,0.0,0.0,0.0,0.0,0.0,0.0,0.0,0.0,0.0,140.2,2.6,0.27,16.6,1057.3,0.06,140.4,48.1,188.5,0.0,0.0,0.0,0.0,0.0,0.0,0.0,0.0,0.0,0.0,0.0,0.0,0.0,0.0,0.0,0.0,0.0,38.9,2322.0,2360.9,5335.8,5335.8,0.0,0.0,0.0,0.0,0.0,323.2,0.0,0.0,0.0,0.0,0.0,0.0,0.0,5012.6,0.0,0.0
2050-10-19 17:00:00,2050-10-19 15:00:00,2049.5,2431.9,0.0,0.0,4481.4,1977.7,-0.0,0.0,0.0,0.035,0.0536,upv,upv,0.0,0.0,0.0,0.0,0.0,0.0,0.0,0.0,0.0,0.0,0.0,0.0,0.0,0.0,0.0,0.0,0.0,0.0,140.4,2.6,0.27,16.6,1058.5,0.06,140.6,48.1,188.7,0.0,0.0,0.0,0.0,0.0,0.0,0.0,0.0,0.0,0.0,0.0,0.0,0.0,0.0,0.0,0.0,0.0,42.4,1594.3,1636.7,4481.4,4481.4,0.0,0.0,0.0,0.0,0.0,256.4,0.0,0.0,0.0,0.0,0.0,0.0,0.0,4225.0,0.0,0.0
2050-10-19 18:00:00,2050-10-19 16:00:00,2142.1,0.0,0.0,1.7,2143.8,2065.2,-256.1,0.0,256.1,0.0359,0.056,gas-cc,gas-cc,0.0,0.0,0.0,0.0,0.0,0.0,0.0,0.0,0.0,0.0,0.0,0.0,0.0,0.0,0.0,0.0,0.0,0.0,141.1,2.7,0.27,16.7,1063.7,0.06,141.2,48.4,189.6,372.7,7.0,0.7,44.0,2812.2,0.16,373.1,127.9,500.9,37.47,0.0,0.0,37.47,39.69,0.0,0.0,39.69,0.0,0.0,0.0,2399.9,2399.9,0.0,0.0,0.0,0.0,0.0,98.7,0.0,0.0,0.0,0.0,0.0,0.0,0.0,2239.2,62.0,0.0
2050-10-19 19:00:00,2050-10-19 17:00:00,2206.3,0.0,0.0,6.2,2212.5,2125.8,2111.0,0.0,946.6,0.0365,0.0577,battery,gas-cc,0.0,0.0,0.0,0.0,0.0,0.0,0.0,0.0,0.0,0.0,0.0,0.0,0.0,0.0,0.0,0.0,0.0,0.0,145.4,2.7,0.28,17.2,1095.9,0.06,145.5,49.8,195.4,462.5,8.7,0.87,54.6,3489.8,0.2,463.0,158.7,621.6,40.55,0.0,0.0,40.55,43.04,0.0,0.0,43.04,0.0,0.0,0.0,3159.1,101.4,3057.6,0.0,0.0,0.0,0.0,0.0,0.0,0.0,0.0,0.0,0.0,0.0,0.0,0.0,101.4,0.0
2050-10-19 20:00:00,2050-10-19 18:00:00,2291.6,0.0,0.0,10.7,2302.2,2206.1,2186.7,0.0,1640.0,0.0373,0.0599,battery,gas-cc,0.0,0.0,0.0,0.0,0.0,0.0,0.0,0.0,0.0,0.0,0.0,0.0,0.0,0.0,0.0,0.0,0.0,0.0,146.1,2.8,0.28,17.3,1101.8,0.06,146.3,50.1,196.4,463.6,8.7,0.87,54.8,3498.0,0.2,464.1,159.1,623.1,40.55,0.0,0.0,40.55,43.14,0.0,0.0,43.14,0.0,0.0,0.0,3942.2,115.6,3826.6,0.0,0.0,0.0,0.0,0.0,0.0,0.0,0.0,0.0,0.0,0.0,0.0,0.0,115.6,0.0
2050-10-19 21:00:00,2050-10-19 19:00:00,2224.2,0.0,0.0,10.7,2234.9,2142.7,2122.6,0.0,1640.0,0.0367,0.0582,battery,gas-cc,0.0,0.0,0.0,0.0,0.0,0.0,0.0,0.0,0.0,0.0,0.0,0.0,0.0,0.0,0.0,0.0,0.0,0.0,145.8,2.8,0.28,17.2,1099.5,0.06,146.0,50.0,196.0,462.7,8.7,0.87,54.7,3491.5,0.2,463.2,158.8,621.9,40.55,0.0,0.0,40.55,43.06,0.0,0.0,43.06,0.0,0.0,0.0,3874.8,112.2,3762.6,0.0,0.0,0.0,0.0,0.0,0.0,0.0,0.0,0.0,0.0,0.0,0.0,0.0,112.2,0.0
2050-10-19 22:00:00,2050-10-19 20:00:00,2051.6,0.0,0.0,3.3,2054.9,1979.7,1953.8,0.0,507.2,0.035,0.0537,battery,gas-cc,0.0,0.0,0.0,0.0,0.0,0.0,0.0,0.0,0.0,0.0,0.0,0.0,0.0,0.0,0.0,0.0,0.0,0.0,145.6,2.7,0.28,17.2,1097.4,0.06,145.7,49.9,195.6,460.5,8.7,0.87,54.4,3474.9,0.2,461.0,158.0,619.0,40.55,0.0,0.0,40.55,42.85,0.0,0.0,42.85,0.0,0.0,0.0,2562.1,101.1,2461.0,0.0,0.0,0.0,0.0,0.0,0.0,0.0,0.0,0.0,0.0,0.0,0.0,0.0,101.1,0.0
2050-10-19 23:00:00,2050-10-19 21:00:00,1886.3,0.0,0.0,9.3,1895.6,1822.9,1810.0,0.0,1430.4,0.0336,0.0493,battery,gas-cc,0.0,0.0,0.0,0.0,0.0,0.0,0.0,0.0,0.0,0.0,0.0,0.0,0.0,0.0,0.0,0.0,0.0,0.0,145.4,2.7,0.28,17.2,1096.4,0.06,145.6,49.9,195.4,458.4,8.6,0.86,54.1,3459.1,0.2,458.9,157.3,616.2,40.55,0.0,0.0,40.55,42.66,0.0,0.0,42.66,0.0,0.0,0.0,3326.0,85.6,3240.4,0.0,0.0,0.0,0.0,0.0,0.0,0.0,0.0,0.0,0.0,0.0,0.0,0.0,85.6,0.0
2050-10-20 00:00:00,2050-10-19 22:00:00,1711.6,0.0,0.0,8.0,1719.6,1656.4,1639.5,0.0,1226.5,0.0322,0.0448,battery,gas-cc,0.0,0.0,0.0,0.0,0.0,0.0,0.0,0.0,0.0,0.0,0.0,0.0,0.0,0.0,0.0,0.0,0.0,0.0,145.4,2.7,0.28,17.2,1096.2,0.06,145.5,49.9,195.4,446.9,8.4,0.84,52.8,3372.6,0.19,447.4,153.4,600.8,39.67,0.0,0.0,39.67,41.52,0.0,0.0,41.52,0.0,0.0,0.0,2946.1,80.0,2866.0,0.0,0.0,0.0,0.0,0.0,0.0,0.0,0.0,0.0,0.0,0.0,0.0,0.0,80.0,0.0
2050-10-20 01:00:00,2050-10-19 23:00:00,1526.3,0.0,0.0,2.4,1528.7,1479.0,1451.1,0.0,365.5,0.031,0.0399,battery,gas-cc,0.0,0.0,0.0,0.0,0.0,0.0,0.0,0.0,0.0,0.0,0.0,0.0,0.0,0.0,0.0,0.0,0.0,0.0,145.0,2.7,0.27,17.1,1093.3,0.06,145.2,49.7,194.9,444.7,8.4,0.84,52.5,3355.6,0.19,445.2,152.6,597.7,39.67,0.0,0.0,39.67,41.31,0.0,0.0,41.31,0.0,0.0,0.0,1894.2,77.6,1816.6,0.0,0.0,0.0,0.0,0.0,0.0,0.0,0.0,0.0,0.0,0.0,0.0,0.0,77.6,0.0
2050-10-20 02:00:00,2050-10-20 00:00:00,1334.7,0.0,0.0,2.8,1337.5,1294.6,1272.1,0.0,423.9,0.0301,0.0349,battery,gas-cc,0.0,0.0,0.0,0.0,0.0,0.0,0.0,0.0,0.0,0.0,0.0,0.0,0.0,0.0,0.0,0.0,0.0,0.0,145.1,2.7,0.27,17.1,1093.7,0.06,145.2,49.7,195.0,442.4,8.3,0.83,52.3,3338.2,0.19,442.8,151.8,594.6,39.67,0.0,0.0,39.67,41.1,0.0,0.0,41.1,0.0,0.0,0.0,1761.4,65.4,1696.0,0.0,0.0,0.0,0.0,0.0,0.0,0.0,0.0,0.0,0.0,0.0,0.0,0.0,65.4,0.0
2050-10-20 03:00:00,2050-10-20 01:00:00,1216.8,0.0,0.0,5.3,1222.2,1180.6,1185.9,343.1,0.0,0.0298,0.0318,battery,gas-cc,0.0,0.0,0.0,0.0,0.0,0.0,0.0,0.0,0.0,0.0,0.0,0.0,0.0,0.0,0.0,0.0,0.0,0.0,145.1,2.7,0.27,17.1,1094.3,0.06,145.3,49.8,195.1,441.0,8.3,0.83,52.1,3327.5,0.19,441.4,151.3,592.7,39.67,0.0,0.0,39.67,40.97,0.0,0.0,40.97,0.0,0.0,0.0,879.0,36.3,842.7,0.0,0.0,0.0,0.0,0.0,0.0,0.0,0.0,0.0,0.0,0.0,0.0,0.0,36.3,0.0
2050-10-20 04:00:00,2050-10-20 02:00:00,1149.5,0.0,0.0,3.7,1153.1,1115.3,1125.4,236.8,0.0,0.0297,0.0301,battery,gas-cc,0.0,0.0,0.0,0.0,0.0,0.0,0.0,0.0,0.0,0.0,0.0,0.0,0.0,0.0,0.0,0.0,0.0,0.0,144.3,2.7,0.27,17.0,1087.8,0.06,144.4,49.5,193.9,440.2,8.3,0.83,52.0,3321.5,0.19,440.6,151.0,591.7,39.67,0.0,0.0,39.67,40.89,0.0,0.0,40.89,0.0,0.0,0.0,916.4,27.8,888.6,0.0,0.0,0.0,0.0,0.0,0.0,0.0,0.0,0.0,0.0,0.0,0.0,0.0,27.8,0.0
2050-10-20 05:00:00,2050-10-20 03:00:00,1090.5,0.0,0.0,5.3,1095.8,1058.1,1071.6,342.2,0.0,0.0297,0.0285,gas-cc,gas-cc,0.0,0.0,0.0,0.0,0.0,0.0,0.0,0.0,0.0,0.0,0.0,0.0,0.0,0.0,0.0,0.0,0.0,0.0,144.9,2.7,0.27,17.1,1092.4,0.06,145.0,49.7,194.7,415.6,7.8,0.78,49.1,3136.5,0.18,416.1,142.6,558.7,39.67,0.0,0.0,39.67,40.83,0.0,0.0,40.83,0.0,0.0,0.0,753.6,24.2,729.4,0.0,0.0,0.0,0.0,0.0,0.0,0.0,0.0,0.0,0.0,0.0,0.0,0.0,24.2,0.0
2050-10-20 06:00:00,2050-10-20 04:00:00,1067.4,0.0,0.0,6.3,1073.7,1035.6,1051.2,407.3,0.0,0.0298,0.0279,gas-cc,gas-cc,0.0,0.0,0.0,0.0,0.0,0.0,0.0,0.0,0.0,0.0,0.0,0.0,0.0,0.0,0.0,0.0,0.0,0.0,187.5,3.5,0.35,22.2,1414.2,0.08,187.7,64.3,252.0,415.4,7.8,0.78,49.1,3134.5,0.18,415.8,142.5,558.4,39.67,0.0,0.0,39.67,40.8,0.0,0.0,40.8,0.0,0.0,0.0,666.4,22.5,643.9,0.0,0.0,0.0,0.0,0.0,0.0,0.0,0.0,0.0,0.0,0.0,0.0,0.0,22.5,0.0
2050-10-20 07:00:00,2050-10-20 05:00:00,1121.1,0.0,0.0,6.9,1128.0,1087.8,1105.2,445.3,0.0,0.0297,0.0293,battery,gas-cc,0.0,0.0,0.0,0.0,0.0,0.0,0.0,0.0,0.0,0.0,0.0,0.0,0.0,0.0,0.0,0.0,0.0,0.0,211.1,4.0,0.4,24.9,1592.0,0.09,211.3,72.4,283.7,439.8,8.3,0.83,52.0,3319.0,0.19,440.3,150.9,591.2,39.67,0.0,0.0,39.67,40.86,0.0,0.0,40.86,0.0,0.0,0.0,682.6,22.8,659.9,0.0,0.0,0.0,0.0,0.0,0.0,0.0,0.0,0.0,0.0,0.0,0.0,0.0,22.8,0.0
2050-10-20 08:00:00,2050-10-20 06:00:00,1227.4,0.0,0.0,1.1,1228.4,1190.8,69.0,69.0,0.0,0.0298,0.0321,gas-cc,gas-cc,0.0,0.0,0.0,0.0,0.0,0.0,0.0,0.0,0.0,0.0,0.0,0.0,0.0,0.0,0.0,0.0,0.0,0.0,148.8,2.8,0.28,17.6,1121.9,0.06,149.0,51.0,200.0,363.5,6.8,0.68,42.9,2742.7,0.16,363.8,124.7,488.6,32.09,0.0,0.0,32.09,33.16,0.0,0.0,33.16,0.0,0.0,0.0,1159.5,1159.5,0.0,0.0,0.0,0.0,0.0,48.0,0.0,0.0,0.0,0.0,0.0,0.0,0.0,1088.1,23.4,0.0
2050-10-20 09:00:00,2050-10-20 07:00:00,1368.4,3564.0,0.0,0.0,4932.5,1327.1,0.0,0.0,0.0,0.0302,0.0358,upv,upv,0.0,0.0,0.0,0.0,0.0,0.0,0.0,0.0,0.0,0.0,0.0,0.0,0.0,0.0,0.0,0.0,0.0,0.0,139.7,2.6,0.26,16.5,1053.2,0.06,139.9,47.9,187.8,0.0,0.0,0.0,0.0,0.0,0.0,0.0,0.0,0.0,0.0,0.0,0.0,0.0,0.0,0.0,0.0,0.0,0.0,1802.0,1802.0,4932.5,4932.5,0.0,0.0,0.0,0.0,0.0,283.3,0.0,0.0,0.0,0.0,0.0,0.0,0.0,4627.9,21.3,0.0
2050-10-20 10:00:00,2050-10-20 08:00:00,1521.1,3824.8,0.0,0.0,5345.8,1473.9,0.0,0.0,0.0,0.031,0.0398,upv,upv,0.0,0.0,0.0,0.0,0.0,0.0,0.0,0.0,0.0,0.0,0.0,0.0,0.0,0.0,0.0,0.0,0.0,0.0,139.8,2.6,0.26,16.5,1054.0,0.06,140.0,47.9,187.9,0.0,0.0,0.0,0.0,0.0,0.0,0.0,0.0,0.0,0.0,0.0,0.0,0.0,0.0,0.0,0.0,0.0,10.5,3769.4,3779.9,5345.8,5345.8,0.0,0.0,0.0,0.0,0.0,384.7,0.0,0.0,0.0,0.0,0.0,0.0,0.0,4961.1,0.0,0.0
2050-10-20 11:00:00,2050-10-20 09:00:00,1574.7,3240.3,0.0,0.0,4815.0,1525.5,0.0,0.0,0.0,0.0313,0.0412,upv,upv,0.0,0.0,0.0,0.0,0.0,0.0,0.0,0.0,0.0,0.0,0.0,0.0,0.0,0.0,0.0,0.0,0.0,0.0,139.9,2.6,0.26,16.5,1054.4,0.06,140.0,48.0,188.0,0.0,0.0,0.0,0.0,0.0,0.0,0.0,0.0,0.0,0.0,0.0,0.0,0.0,0.0,0.0,0.0,0.0,8.8,4381.0,4389.8,4815.0,4815.0,0.0,0.0,0.0,0.0,0.0,388.0,0.0,0.0,0.0,0.0,0.0,0.0,0.0,4427.1,0.0,0.0
2050-10-20 12:00:00,2050-10-20 10:00:00,1621.1,2626.7,0.0,0.0,4247.8,1569.8,0.0,0.0,0.0,0.0316,0.0424,upv,upv,0.0,0.0,0.0,0.0,0.0,0.0,0.0,0.0,0.0,0.0,0.0,0.0,0.0,0.0,0.0,0.0,0.0,0.0,139.9,2.6,0.26,16.5,1054.7,0.06,140.1,48.0,188.0,0.0,0.0,0.0,0.0,0.0,0.0,0.0,0.0,0.0,0.0,0.0,0.0,0.0,0.0,0.0,0.0,0.0,5.1,4469.4,4474.5,4247.8,4247.8,0.0,0.0,0.0,0.0,0.0,367.9,0.0,0.0,0.0,0.0,0.0,0.0,0.0,3879.8,0.0,0.0
2050-10-20 13:00:00,2050-10-20 11:00:00,1670.5,3369.2,0.0,0.0,5039.7,1617.2,0.0,0.0,0.0,0.0319,0.0437,upv,upv,0.0,0.0,0.0,0.0,0.0,0.0,0.0,0.0,0.0,0.0,0.0,0.0,0.0,0.0,0.0,0.0,0.0,0.0,140.0,2.6,0.26,16.5,1055.1,0.06,140.1,48.0,188.1,0.0,0.0,0.0,0.0,0.0,0.0,0.0,0.0,0.0,0.0,0.0,0.0,0.0,0.0,0.0,0.0,0.0,2.2,3387.3,3389.5,5039.7,5039.7,0.0,0.0,0.0,0.0,0.0,355.7,0.0,0.0,0.0,0.0,0.0,0.0,0.0,4684.1,0.0,0.0
2050-10-20 14:00:00,2050-10-20 12:00:00,1778.9,3016.4,0.0,0.0,4795.3,1720.7,-0.0,0.0,0.0,0.0327,0.0465,upv,upv,0.0,0.0,0.0,0.0,0.0,0.0,0.0,0.0,0.0,0.0,0.0,0.0,0.0,0.0,0.0,0.0,0.0,0.0,140.1,2.6,0.27,16.5,1056.0,0.06,140.2,48.0,188.3,0.0,0.0,0.0,0.0,0.0,0.0,0.0,0.0,0.0,0.0,0.0,0.0,0.0,0.0,0.0,0.0,0.0,0.0,3712.7,3712.7,4795.3,4795.3,0.0,0.0,0.0,0.0,0.0,359.1,0.0,0.0,0.0,0.0,0.0,0.0,0.0,4436.2,0.0,0.0
2050-10-20 15:00:00,2050-10-20 13:00:00,1881.1,3211.2,0.0,0.0,5092.2,1817.9,0.0,0.0,0.0,0.0336,0.0492,upv,upv,0.0,0.0,0.0,0.0,0.0,0.0,0.0,0.0,0.0,0.0,0.0,0.0,0.0,0.0,0.0,0.0,0.0,0.0,140.2,2.6,0.27,16.6,1056.8,0.06,140.3,48.1,188.4,0.0,0.0,0.0,0.0,0.0,0.0,0.0,0.0,0.0,0.0,0.0,0.0,0.0,0.0,0.0,0.0,0.0,0.2,3712.7,3712.9,5092.2,5092.2,0.0,0.0,0.0,0.0,0.0,371.7,0.0,0.0,0.0,0.0,0.0,0.0,0.0,4720.5,0.0,0.0
2050-10-20 16:00:00,2050-10-20 14:00:00,1980.0,3688.1,0.0,0.0,5668.1,1911.9,0.0,0.0,0.0,0.0344,0.0518,upv,upv,0.0,0.0,0.0,0.0,0.0,0.0,0.0,0.0,0.0,0.0,0.0,0.0,0.0,0.0,0.0,0.0,0.0,0.0,140.3,2.6,0.27,16.6,1057.8,0.06,140.5,48.1,188.6,0.0,0.0,0.0,0.0,0.0,0.0,0.0,0.0,0.0,0.0,0.0,0.0,0.0,0.0,0.0,0.0,0.0,1.1,3197.6,3198.6,5668.1,5668.1,0.0,0.0,0.0,0.0,0.0,374.2,0.0,0.0,0.0,0.0,0.0,0.0,0.0,5293.8,0.0,0.0
2050-10-20 17:00:00,2050-10-20 15:00:00,2097.9,3016.4,0.0,0.0,5114.3,2023.5,0.0,0.0,0.0,0.0355,0.0549,upv,upv,0.0,0.0,0.0,0.0,0.0,0.0,0.0,0.0,0.0,0.0,0.0,0.0,0.0,0.0,0.0,0.0,0.0,0.0,140.5,2.7,0.27,16.6,1058.9,0.06,140.6,48.2,188.8,0.0,0.0,0.0,0.0,0.0,0.0,0.0,0.0,0.0,0.0,0.0,0.0,0.0,0.0,0.0,0.0,0.0,1.4,2570.5,2571.9,5114.3,5114.3,0.0,0.0,0.0,0.0,0.0,324.3,0.0,0.0,0.0,0.0,0.0,0.0,0.0,4790.0,0.0,0.0
2050-10-20 18:00:00,2050-10-20 16:00:00,2206.3,0.0,0.0,10.4,2216.7,2125.8,-330.7,0.0,1594.2,0.0365,0.0577,battery,gas-cc,0.0,0.0,0.0,0.0,0.0,0.0,0.0,0.0,0.0,0.0,0.0,0.0,0.0,0.0,0.0,0.0,0.0,0.0,160.7,3.0,0.3,19.0,1211.5,0.07,160.8,55.1,216.0,401.2,7.6,0.76,47.4,3027.3,0.17,401.6,137.7,539.3,27.21,0.0,0.0,27.21,28.87,0.0,0.0,28.87,0.0,0.0,0.0,3810.9,2547.4,1263.5,0.0,0.0,0.0,0.0,107.3,0.0,0.0,0.0,0.0,0.0,0.0,0.0,2434.6,5.5,0.0
2050-10-20 19:00:00,2050-10-20 17:00:00,2281.1,0.0,0.0,6.2,2287.3,2196.2,2252.6,0.0,958.6,0.0372,0.0597,gas-cc,gas-cc,0.0,0.0,0.0,0.0,0.0,0.0,0.0,0.0,0.0,0.0,0.0,0.0,0.0,0.0,0.0,0.0,0.0,0.0,163.2,3.1,0.31,19.3,1230.4,0.07,163.3,56.0,219.3,410.8,7.7,0.77,48.5,3099.8,0.18,411.2,140.9,552.2,27.21,0.0,0.0,27.21,28.93,0.0,0.0,28.93,0.0,0.0,0.0,3245.9,34.7,3211.2,0.0,0.0,0.0,0.0,0.0,0.0,0.0,0.0,0.0,0.0,0.0,0.0,0.0,34.7,0.0
2050-10-20 20:00:00,2050-10-20 18:00:00,2343.2,0.0,0.0,2.2,2345.4,2254.5,2284.1,0.0,342.6,0.0378,0.0613,battery,gas-cc,0.0,0.0,0.0,0.0,0.0,0.0,0.0,0.0,0.0,0.0,0.0,0.0,0.0,0.0,0.0,0.0,0.0,0.0,146.3,2.8,0.28,17.3,1103.3,0.06,146.5,50.2,196.7,361.7,6.8,0.68,42.7,2729.4,0.16,362.1,124.1,486.2,27.21,0.0,0.0,27.21,28.98,0.0,0.0,28.98,0.0,0.0,0.0,2688.0,61.3,2626.7,0.0,0.0,0.0,0.0,0.0,0.0,0.0,0.0,0.0,0.0,0.0,0.0,0.0,61.3,0.0
2050-10-20 21:00:00,2050-10-20 19:00:00,2222.1,0.0,0.0,5.3,2227.4,2140.7,2202.8,0.0,813.6,0.0366,0.0581,battery,gas-cc,0.0,0.0,0.0,0.0,0.0,0.0,0.0,0.0,0.0,0.0,0.0,0.0,0.0,0.0,0.0,0.0,0.0,0.0,152.0,2.9,0.29,18.0,1146.2,0.07,152.2,52.1,204.3,406.7,7.7,0.77,48.0,3069.2,0.18,407.2,139.6,546.7,27.21,0.0,0.0,27.21,28.88,0.0,0.0,28.88,0.0,0.0,0.0,3041.0,24.6,3016.4,0.0,0.0,0.0,0.0,0.0,0.0,0.0,0.0,0.0,0.0,0.0,0.0,0.0,24.6,0.0
2050-10-20 22:00:00,2050-10-20 20:00:00,2038.9,0.0,0.0,0.3,2039.3,1967.7,2020.7,0.0,50.6,0.0349,0.0533,battery,gas-cc,0.0,0.0,0.0,0.0,0.0,0.0,0.0,0.0,0.0,0.0,0.0,0.0,0.0,0.0,0.0,0.0,0.0,0.0,145.5,2.7,0.28,17.2,1096.7,0.06,145.6,49.9,195.5,358.7,6.8,0.68,42.4,2706.5,0.16,359.0,123.1,482.1,27.21,0.0,0.0,27.21,28.74,0.0,0.0,28.74,0.0,0.0,0.0,2089.9,18.5,2071.3,0.0,0.0,0.0,0.0,0.0,0.0,0.0,0.0,0.0,0.0,0.0,0.0,0.0,18.5,0.0
2050-10-20 23:00:00,2050-10-20 21:00:00,1853.7,0.0,0.0,7.6,1861.3,1791.9,1848.4,0.0,1168.0,0.0333,0.0485,battery,gas-cc,0.0,0.0,0.0,0.0,0.0,0.0,0.0,0.0,0.0,0.0,0.0,0.0,0.0,0.0,0.0,0.0,0.0,0.0,152.4,2.9,0.29,18.0,1148.8,0.07,152.5,52.3,204.8,396.5,7.5,0.75,46.8,2991.9,0.17,396.9,136.0,532.9,27.21,0.0,0.0,27.21,28.59,0.0,0.0,28.59,0.0,0.0,0.0,3029.2,12.9,3016.4,0.0,0.0,0.0,0.0,0.0,0.0,0.0,0.0,0.0,0.0,0.0,0.0,0.0,12.9,0.0
2050-10-21 00:00:00,2050-10-20 22:00:00,1698.9,0.0,0.0,6.9,1705.9,1644.3,1689.4,0.0,1067.2,0.0321,0.0444,battery,gas-cc,0.0,0.0,0.0,0.0,0.0,0.0,0.0,0.0,0.0,0.0,0.0,0.0,0.0,0.0,0.0,0.0,0.0,0.0,173.4,3.3,0.33,20.5,1307.6,0.08,173.6,59.5,233.0,405.0,7.6,0.76,47.8,3055.9,0.18,405.4,139.0,544.3,27.78,0.0,0.0,27.78,29.07,0.0,0.0,29.07,0.0,0.0,0.0,2773.1,16.5,2756.6,0.0,0.0,0.0,0.0,0.0,0.0,0.0,0.0,0.0,0.0,0.0,0.0,0.0,16.5,0.0
2050-10-21 01:00:00,2050-10-20 23:00:00,1523.2,0.0,0.0,9.7,1532.9,1476.0,1512.2,0.0,1495.6,0.031,0.0398,battery,gas-cc,0.0,0.0,0.0,0.0,0.0,0.0,0.0,0.0,0.0,0.0,0.0,0.0,0.0,0.0,0.0,0.0,0.0,0.0,143.7,2.7,0.27,17.0,1083.6,0.06,143.9,49.3,193.2,403.0,7.6,0.76,47.6,3041.3,0.17,403.5,138.3,541.7,27.78,0.0,0.0,27.78,28.93,0.0,0.0,28.93,0.0,0.0,0.0,3028.5,20.7,3007.8,0.0,0.0,0.0,0.0,0.0,0.0,0.0,0.0,0.0,0.0,0.0,0.0,0.0,20.7,0.0
2050-10-21 02:00:00,2050-10-21 00:00:00,1343.2,0.0,0.0,10.1,1353.2,1302.7,1332.2,0.0,1552.6,0.0301,0.0351,battery,gas-cc,0.0,0.0,0.0,0.0,0.0,0.0,0.0,0.0,0.0,0.0,0.0,0.0,0.0,0.0,0.0,0.0,0.0,0.0,145.3,2.7,0.27,17.2,1095.5,0.06,145.5,49.8,195.3,328.1,6.2,0.62,38.8,2476.2,0.14,328.5,112.6,441.1,27.78,0.0,0.0,27.78,28.79,0.0,0.0,28.79,0.0,0.0,0.0,2905.9,21.0,2884.9,0.0,0.0,0.0,0.0,0.0,0.0,0.0,0.0,0.0,0.0,0.0,0.0,0.0,21.0,0.0
2050-10-21 03:00:00,2050-10-21 01:00:00,1201.1,0.0,0.0,0.0,1201.1,1165.3,1186.0,0.0,0.0,0.0297,0.0314,battery,gas-cc,0.0,0.0,0.0,0.0,0.0,0.0,0.0,0.0,0.0,0.0,0.0,0.0,0.0,0.0,0.0,0.0,0.0,0.0,151.8,2.9,0.29,17.9,1144.7,0.07,152.0,52.1,204.0,350.5,6.6,0.66,41.4,2645.2,0.15,350.9,120.3,471.2,27.78,0.0,0.0,27.78,28.68,0.0,0.0,28.68,0.0,0.0,0.0,1201.1,15.1,1186.0,0.0,0.0,0.0,0.0,0.0,0.0,0.0,0.0,0.0,0.0,0.0,0.0,0.0,15.1,0.0
2050-10-21 04:00:00,2050-10-21 02:00:00,1121.1,0.0,0.0,10.8,1131.8,1087.8,1124.5,1041.8,0.0,0.0297,0.0293,gas-cc,gas-cc,0.0,0.0,0.0,0.0,0.0,0.0,0.0,0.0,0.0,0.0,0.0,0.0,1.8,4.2,0.04,0.0,1.9,1.9,145.3,2.7,0.27,17.2,1095.7,0.06,145.5,49.8,195.3,394.7,7.4,0.74,46.6,2978.2,0.17,395.1,135.4,530.5,27.78,0.0,0.0,27.78,28.62,0.0,0.0,28.62,0.0,0.0,0.0,90.0,7.3,82.7,0.0,0.0,0.0,0.0,0.0,0.0,0.0,0.0,0.0,0.0,0.0,0.0,0.0,7.3,0.0
2050-10-21 05:00:00,2050-10-21 03:00:00,1069.5,0.0,0.0,11.0,1080.5,1037.7,1077.4,1077.4,0.0,0.0297,0.028,hydro,gas-cc,0.0,0.0,0.0,0.0,0.0,0.0,0.0,0.0,0.0,0.0,0.0,0.0,2.0,4.6,0.04,0.0,2.1,2.1,159.8,3.0,0.3,18.9,1204.6,0.07,159.9,54.8,214.7,361.9,6.8,0.68,42.8,2731.0,0.16,362.3,124.2,486.5,27.03,0.0,0.0,27.03,27.8,0.0,0.0,27.8,0.0,0.0,0.0,3.1,3.1,0.0,0.0,0.0,0.0,0.0,0.0,0.0,0.0,0.0,0.0,0.0,0.0,0.0,0.0,3.1,0.0
2050-10-21 06:00:00,2050-10-21 04:00:00,1023.2,0.0,0.0,10.7,1033.9,992.6,1032.2,1032.2,0.0,0.0299,0.0268,hydro,gas-cc,0.0,0.0,0.0,0.0,0.0,0.0,0.0,0.0,0.0,0.0,0.0,0.0,2.1,4.9,0.05,0.0,2.2,2.2,145.0,2.7,0.27,17.1,1093.2,0.06,145.2,49.7,194.9,348.9,6.6,0.66,41.2,2632.6,0.15,349.2,119.7,468.9,26.94,0.0,0.0,26.94,27.68,0.0,0.0,27.68,0.0,0.0,0.0,1.7,1.7,0.0,0.0,0.0,0.0,0.0,0.0,0.0,0.0,0.0,0.0,0.0,0.0,0.0,0.0,1.7,0.0
2050-10-21 07:00:00,2050-10-21 05:00:00,1015.8,0.0,0.0,10.7,1026.5,985.4,1025.6,1025.6,0.0,0.0299,0.0266,gas-cc,gas-cc,0.0,0.0,0.0,0.0,0.0,0.0,0.0,0.0,0.0,0.0,0.0,0.0,2.1,4.9,0.05,0.0,2.3,2.3,151.2,2.9,0.29,17.9,1140.0,0.07,151.4,51.9,203.2,361.4,6.8,0.68,42.7,2727.1,0.16,361.8,124.0,485.8,26.94,0.0,0.0,26.94,27.67,0.0,0.0,27.67,0.0,0.0,0.0,0.9,0.9,0.0,0.0,0.0,0.0,0.0,0.0,0.0,0.0,0.0,0.0,0.0,0.0,0.0,0.0,0.9,0.0
2050-10-21 08:00:00,2050-10-21 06:00:00,1049.5,0.0,0.0,3.7,1053.2,1018.2,-252.6,93.4,346.0,0.0298,0.0274,gas-cc,gas-cc,0.0,0.0,0.0,0.0,0.0,0.0,0.0,0.0,0.0,0.0,0.0,0.0,0.0,0.0,0.0,0.0,0.0,0.0,170.2,3.2,0.32,20.1,1283.8,0.07,170.4,58.4,228.8,361.7,6.8,0.68,42.7,2729.6,0.16,362.1,124.1,486.2,24.64,0.0,0.0,24.64,25.34,0.0,0.0,25.34,0.0,0.0,0.0,1305.8,1305.8,0.0,0.0,0.0,0.0,0.0,55.1,0.0,0.0,0.0,0.0,0.0,0.0,0.0,1249.6,1.0,0.0
2050-10-21 09:00:00,2050-10-21 07:00:00,1110.5,2431.9,0.0,0.0,3542.4,1077.5,0.0,0.0,0.0,0.0297,0.029,upv,upv,0.0,0.0,0.0,0.0,0.0,0.0,0.0,0.0,0.0,0.0,0.0,0.0,0.0,0.0,0.0,0.0,0.0,0.0,139.6,2.6,0.26,16.5,1052.6,0.06,139.8,47.9,187.7,0.0,0.0,0.0,0.0,0.0,0.0,0.0,0.0,0.0,0.0,0.0,0.0,0.0,0.0,0.0,0.0,0.0,0.7,3373.3,3374.0,3542.4,3542.4,0.0,0.0,0.0,0.0,0.0,292.0,0.0,0.0,0.0,0.0,0.0,0.0,0.0,3250.5,0.0,0.0
2050-10-21 10:00:00,2050-10-21 08:00:00,1227.4,3629.9,0.0,0.0,4857.3,1190.8,0.0,0.0,0.0,0.0298,0.0321,upv,upv,0.0,0.0,0.0,0.0,0.0,0.0,0.0,0.0,0.0,0.0,0.0,0.0,0.0,0.0,0.0,0.0,0.0,0.0,139.6,2.6,0.26,16.5,1052.7,0.06,139.8,47.9,187.7,0.0,0.0,0.0,0.0,0.0,0.0,0.0,0.0,0.0,0.0,0.0,0.0,0.0,0.0,0.0,0.0,0.0,0.3,4366.0,4366.3,4857.3,4857.3,0.0,0.0,0.0,0.0,0.0,389.4,0.0,0.0,0.0,0.0,0.0,0.0,0.0,4467.9,0.0,0.0
2050-10-21 11:00:00,2050-10-21 09:00:00,1325.3,2626.7,0.0,0.0,3952.0,1285.4,0.0,0.0,0.0,0.0301,0.0347,upv,upv,0.0,0.0,0.0,0.0,0.0,0.0,0.0,0.0,0.0,0.0,0.0,0.0,0.0,0.0,0.0,0.0,0.0,0.0,139.7,2.6,0.26,16.5,1053.0,0.06,139.8,47.9,187.7,0.0,0.0,0.0,0.0,0.0,0.0,0.0,0.0,0.0,0.0,0.0,0.0,0.0,0.0,0.0,0.0,0.0,0.3,5345.3,5345.5,3952.0,3952.0,0.0,0.0,0.0,0.0,0.0,392.3,0.0,0.0,0.0,0.0,0.0,0.0,0.0,3559.7,0.0,0.0
2050-10-21 12:00:00,2050-10-21 10:00:00,1466.3,2941.7,0.0,0.0,4408.0,1421.3,0.0,0.0,0.0,0.0307,0.0383,upv,upv,0.0,0.0,0.0,0.0,0.0,0.0,0.0,0.0,0.0,0.0,0.0,0.0,0.0,0.0,0.0,0.0,0.0,0.0,139.8,2.6,0.26,16.5,1053.7,0.06,139.9,47.9,187.8,0.0,0.0,0.0,0.0,0.0,0.0,0.0,0.0,0.0,0.0,0.0,0.0,0.0,0.0,0.0,0.0,0.0,3.2,4558.9,4562.1,4408.0,4408.0,0.0,0.0,0.0,0.0,0.0,378.6,0.0,0.0,0.0,0.0,0.0,0.0,0.0,4029.4,0.0,0.0
2050-10-21 13:00:00,2050-10-21 11:00:00,1608.4,3854.9,0.0,0.0,5463.3,1557.7,0.0,0.0,0.0,0.0315,0.0421,upv,upv,0.0,0.0,0.0,0.0,0.0,0.0,0.0,0.0,0.0,0.0,0.0,0.0,0.0,0.0,0.0,0.0,0.0,0.0,139.9,2.6,0.26,16.5,1054.6,0.06,140.0,48.0,188.0,0.0,0.0,0.0,0.0,0.0,0.0,0.0,0.0,0.0,0.0,0.0,0.0,0.0,0.0,0.0,0.0,0.0,9.6,3287.6,3297.2,5463.3,5463.3,0.0,0.0,0.0,0.0,0.0,369.4,0.0,0.0,0.0,0.0,0.0,0.0,0.0,5093.9,0.0,0.0
2050-10-21 14:00:00,2050-10-21 12:00:00,1745.3,3629.9,0.0,0.0,5375.2,1688.6,0.0,0.0,0.0,0.0325,0.0456,upv,upv,0.0,0.0,0.0,0.0,0.0,0.0,0.0,0.0,0.0,0.0,0.0,0.0,0.0,0.0,0.0,0.0,0.0,0.0,140.0,2.6,0.27,16.5,1055.7,0.06,140.2,48.0,188.2,0.0,0.0,0.0,0.0,0.0,0.0,0.0,0.0,0.0,0.0,0.0,0.0,0.0,0.0,0.0,0.0,0.0,0.0,3471.8,3471.8,5375.2,5375.2,0.0,0.0,0.0,0.0,0.0,372.4,0.0,0.0,0.0,0.0,0.0,0.0,0.0,4980.8,22.0,0.0
2050-10-21 15:00:00,2050-10-21 13:00:00,1871.6,4019.6,0.0,0.0,5891.2,1808.9,-0.0,0.0,0.0,0.0335,0.0489,upv,upv,0.0,0.0,0.0,0.0,0.0,0.0,0.0,0.0,0.0,0.0,0.0,0.0,0.0,0.0,0.0,0.0,0.0,0.0,140.2,2.6,0.27,16.6,1056.8,0.06,140.3,48.1,188.4,0.0,0.0,0.0,0.0,0.0,0.0,0.0,0.0,0.0,0.0,0.0,0.0,0.0,0.0,0.0,0.0,0.0,0.0,3092.8,3092.8,5891.2,5891.2,0.0,0.0,0.0,0.0,0.0,377.1,0.0,0.0,0.0,0.0,0.0,0.0,0.0,5469.6,44.4,0.0
2050-10-21 16:00:00,2050-10-21 14:00:00,1964.2,3600.8,0.0,0.0,5565.1,1896.9,0.0,0.0,0.0,0.0343,0.0514,upv,upv,0.0,0.0,0.0,0.0,0.0,0.0,0.0,0.0,0.0,0.0,0.0,0.0,0.0,0.0,0.0,0.0,0.0,0.0,140.3,2.6,0.27,16.6,1057.6,0.06,140.4,48.1,188.5,0.0,0.0,0.0,0.0,0.0,0.0,0.0,0.0,0.0,0.0,0.0,0.0,0.0,0.0,0.0,0.0,0.0,0.0,3501.5,3501.5,5565.1,5565.1,0.0,0.0,0.0,0.0,0.0,380.4,0.0,0.0,0.0,0.0,0.0,0.0,0.0,5132.0,52.7,0.0
2050-10-21 17:00:00,2050-10-21 15:00:00,2051.6,2821.5,0.0,0.0,4873.1,1979.7,0.0,0.0,0.0,0.035,0.0537,upv,upv,0.0,0.0,0.0,0.0,0.0,0.0,0.0,0.0,0.0,0.0,0.0,0.0,0.0,0.0,0.0,0.0,0.0,0.0,140.6,2.7,0.27,16.6,1059.7,0.06,140.7,48.2,188.9,0.0,0.0,0.0,0.0,0.0,0.0,0.0,0.0,0.0,0.0,0.0,0.0,0.0,0.0,0.0,0.0,0.0,0.0,3440.7,3440.7,4873.1,4873.1,0.0,0.0,0.0,0.0,0.0,347.9,0.0,0.0,0.0,0.0,0.0,0.0,0.0,4456.2,69.0,0.0
2050-10-21 18:00:00,2050-10-21 16:00:00,2131.6,1609.5,0.0,5.8,3746.8,2055.3,371.2,371.2,0.0,0.0358,0.0557,battery,gas-cc,0.0,0.0,0.0,0.0,0.0,0.0,0.0,0.0,0.0,0.0,0.0,0.0,0.0,0.0,0.0,0.0,0.0,0.0,143.9,2.7,0.27,17.0,1085.2,0.06,144.1,49.4,193.5,429.6,8.1,0.81,50.7,3241.8,0.19,430.1,147.4,577.5,12.02,0.0,0.0,12.02,12.73,0.0,0.0,12.73,0.0,0.0,0.0,3375.6,3375.6,0.0,0.0,0.0,0.0,0.0,138.8,0.0,0.0,0.0,0.0,0.0,0.0,0.0,3148.7,88.1,0.0
2050-10-21 19:00:00,2050-10-21 17:00:00,2133.7,0.0,0.0,6.1,2139.8,2057.3,2006.9,202.7,461.9,0.0358,0.0558,gas-cc,gas-cc,0.0,0.0,0.0,0.0,0.0,0.0,0.0,0.0,0.0,0.0,0.0,0.0,0.0,0.0,0.0,0.0,0.0,0.0,151.0,2.9,0.29,17.8,1138.7,0.07,151.2,51.8,203.0,372.6,7.0,0.7,44.0,2811.5,0.16,373.0,127.8,500.8,26.22,0.0,0.0,26.22,27.76,0.0,0.0,27.76,0.0,0.0,0.0,2399.1,132.9,2266.2,0.0,0.0,0.0,0.0,0.0,0.0,0.0,0.0,0.0,0.0,0.0,0.0,0.0,132.9,0.0
2050-10-21 20:00:00,2050-10-21 18:00:00,2144.2,0.0,0.0,17.6,2161.8,2067.2,2000.0,445.3,1640.0,0.0359,0.0561,battery,gas-cc,0.0,0.0,0.0,0.0,0.0,0.0,0.0,0.0,0.0,0.0,0.0,0.0,0.0,0.0,0.0,0.0,0.0,0.0,155.2,2.9,0.29,18.3,1169.9,0.07,155.3,53.2,208.5,335.4,6.3,0.63,39.6,2531.1,0.15,335.8,115.1,450.9,26.22,0.0,0.0,26.22,27.77,0.0,0.0,27.77,0.0,0.0,0.0,3356.4,161.7,3194.7,0.0,0.0,0.0,0.0,0.0,0.0,0.0,0.0,0.0,0.0,0.0,0.0,0.0,161.7,0.0
2050-10-21 21:00:00,2050-10-21 19:00:00,2062.1,0.0,0.0,17.6,2079.7,1989.6,1949.2,445.3,1640.0,0.0351,0.0539,battery,gas-cc,0.0,0.0,0.0,0.0,0.0,0.0,0.0,0.0,0.0,0.0,0.0,0.0,0.0,0.0,0.0,0.0,0.0,0.0,145.1,2.7,0.27,17.1,1093.8,0.06,145.2,49.8,195.0,334.7,6.3,0.63,39.5,2525.4,0.15,335.0,114.8,449.8,26.22,0.0,0.0,26.22,27.71,0.0,0.0,27.71,0.0,0.0,0.0,3274.3,130.4,3143.9,0.0,0.0,0.0,0.0,0.0,0.0,0.0,0.0,0.0,0.0,0.0,0.0,0.0,130.4,0.0
2050-10-21 22:00:00,2050-10-21 20:00:00,1917.9,0.0,0.0,16.3,1934.2,1852.9,1844.1,445.3,1451.8,0.0339,0.0502,gas-cc,gas-cc,0.0,0.0,0.0,0.0,0.0,0.0,0.0,0.0,0.0,0.0,0.0,0.0,0.0,0.0,0.0,0.0,0.0,0.0,145.3,2.7,0.28,17.2,1095.8,0.06,145.5,49.8,195.3,370.4,7.0,0.7,43.8,2794.8,0.16,370.8,127.1,497.8,26.22,0.0,0.0,26.22,27.6,0.0,0.0,27.6,0.0,0.0,0.0,2940.7,90.1,2850.6,0.0,0.0,0.0,0.0,0.0,0.0,0.0,0.0,0.0,0.0,0.0,0.0,0.0,90.1,0.0
2050-10-21 23:00:00,2050-10-21 21:00:00,1791.6,0.0,0.0,10.5,1802.0,1732.7,1746.5,445.3,546.2,0.0328,0.0469,battery,gas-cc,0.0,0.0,0.0,0.0,0.0,0.0,0.0,0.0,0.0,0.0,0.0,0.0,0.0,0.0,0.0,0.0,0.0,0.0,145.2,2.7,0.27,17.2,1094.7,0.06,145.4,49.8,195.1,369.1,7.0,0.7,43.6,2785.1,0.16,369.5,126.6,496.1,26.22,0.0,0.0,26.22,27.5,0.0,0.0,27.5,0.0,0.0,0.0,1902.9,55.5,1847.4,0.0,0.0,0.0,0.0,0.0,0.0,0.0,0.0,0.0,0.0,0.0,0.0,0.0,55.5,0.0
2050-10-22 00:00:00,2050-10-21 22:00:00,1654.7,0.0,0.0,12.5,1667.3,1602.1,1623.6,445.3,863.9,0.0318,0.0433,battery,gas-cc,0.0,0.0,0.0,0.0,0.0,0.0,0.0,0.0,0.0,0.0,0.0,0.0,0.0,0.0,0.0,0.0,0.0,0.0,146.7,2.8,0.28,17.3,1106.3,0.06,146.9,50.3,197.2,367.7,6.9,0.69,43.4,2774.7,0.16,368.1,126.2,494.3,26.32,0.0,0.0,26.32,27.51,0.0,0.0,27.51,0.0,0.0,0.0,2085.9,43.6,2042.2,0.0,0.0,0.0,0.0,0.0,0.0,0.0,0.0,0.0,0.0,0.0,0.0,0.0,43.6,0.0
2050-10-22 01:00:00,2050-10-21 23:00:00,1530.5,0.0,0.0,6.9,1537.4,1483.0,1515.5,445.3,0.0,0.031,0.04,battery,gas-cc,0.0,0.0,0.0,0.0,0.0,0.0,0.0,0.0,0.0,0.0,0.0,0.0,0.0,0.0,0.0,0.0,0.0,0.0,155.3,2.9,0.29,18.4,1171.3,0.07,155.5,53.3,208.8,329.8,6.2,0.62,39.0,2488.8,0.14,330.2,113.2,443.3,26.32,0.0,0.0,26.32,27.42,0.0,0.0,27.42,0.0,0.0,0.0,1092.1,22.0,1070.2,0.0,0.0,0.0,0.0,0.0,0.0,0.0,0.0,0.0,0.0,0.0,0.0,0.0,22.0,0.0
2050-10-22 02:00:00,2050-10-22 00:00:00,1384.2,0.0,0.0,7.4,1391.6,1342.3,1369.1,445.3,74.1,0.0303,0.0362,battery,gas-cc,0.0,0.0,0.0,0.0,0.0,0.0,0.0,0.0,0.0,0.0,0.0,0.0,0.0,0.0,0.0,0.0,0.0,0.0,148.6,2.8,0.28,17.6,1120.3,0.06,148.8,51.0,199.7,352.7,6.6,0.66,41.7,2661.8,0.15,353.1,121.0,474.2,26.32,0.0,0.0,26.32,27.31,0.0,0.0,27.31,0.0,0.0,0.0,1020.3,22.5,997.8,0.0,0.0,0.0,0.0,0.0,0.0,0.0,0.0,0.0,0.0,0.0,0.0,0.0,22.5,0.0
2050-10-22 03:00:00,2050-10-22 01:00:00,1257.9,0.0,0.0,8.1,1266.0,1220.3,1247.5,445.3,189.3,0.0299,0.0329,gas-cc,gas-cc,0.0,0.0,0.0,0.0,0.0,0.0,0.0,0.0,0.0,0.0,0.0,0.0,0.0,0.0,0.0,0.0,0.0,0.0,227.7,4.3,0.43,26.9,1717.5,0.1,227.9,78.1,306.0,363.8,6.9,0.69,43.0,2744.9,0.16,364.1,124.8,489.0,26.32,0.0,0.0,26.32,27.22,0.0,0.0,27.22,0.0,0.0,0.0,1010.0,18.6,991.5,0.0,0.0,0.0,0.0,0.0,0.0,0.0,0.0,0.0,0.0,0.0,0.0,0.0,18.6,0.0
2050-10-22 04:00:00,2050-10-22 02:00:00,1180.0,0.0,0.0,17.0,1197.0,1144.9,1178.5,445.3,1559.9,0.0297,0.0309,battery,gas-cc,0.0,0.0,0.0,0.0,0.0,0.0,0.0,0.0,0.0,0.0,0.0,0.0,0.0,0.0,0.0,0.0,0.0,0.0,166.1,3.1,0.31,19.6,1252.5,0.07,166.3,57.0,223.2,350.8,6.6,0.66,41.4,2647.2,0.15,351.2,120.4,471.5,26.32,0.0,0.0,26.32,27.16,0.0,0.0,27.16,0.0,0.0,0.0,2311.7,18.5,2293.1,0.0,0.0,0.0,0.0,0.0,0.0,0.0,0.0,0.0,0.0,0.0,0.0,0.0,18.5,0.0
2050-10-22 05:00:00,2050-10-22 03:00:00,1101.1,0.0,0.0,8.9,1110.0,1068.3,1095.6,445.3,313.2,0.0297,0.0288,battery,gas-cc,0.0,0.0,0.0,0.0,0.0,0.0,0.0,0.0,0.0,0.0,0.0,0.0,0.0,0.0,0.0,0.0,0.0,0.0,137.6,2.6,0.26,16.3,1037.7,0.06,137.8,47.2,185.0,350.1,6.6,0.66,41.4,2641.5,0.15,350.4,120.1,470.5,26.32,0.0,0.0,26.32,27.1,0.0,0.0,27.1,0.0,0.0,0.0,977.9,14.4,963.5,0.0,0.0,0.0,0.0,0.0,0.0,0.0,0.0,0.0,0.0,0.0,0.0,0.0,14.4,0.0
2050-10-22 06:00:00,2050-10-22 04:00:00,1044.2,0.0,0.0,14.8,1059.0,1013.1,1044.3,445.3,1209.8,0.0298,0.0273,battery,gas-cc,0.0,0.0,0.0,0.0,0.0,0.0,0.0,0.0,0.0,0.0,0.0,0.0,0.0,0.0,0.0,0.0,0.0,0.0,171.0,3.2,0.32,20.2,1289.5,0.07,171.2,58.6,229.8,361.7,6.8,0.68,42.7,2729.2,0.16,362.1,124.1,486.1,26.32,0.0,0.0,26.32,27.06,0.0,0.0,27.06,0.0,0.0,0.0,1823.5,14.7,1808.8,0.0,0.0,0.0,0.0,0.0,0.0,0.0,0.0,0.0,0.0,0.0,0.0,0.0,14.7,0.0
2050-10-22 07:00:00,2050-10-22 05:00:00,1030.5,0.0,0.0,13.8,1044.4,999.8,1032.5,445.3,1066.3,0.0298,0.0269,battery,gas-cc,0.0,0.0,0.0,0.0,0.0,0.0,0.0,0.0,0.0,0.0,0.0,0.0,0.0,0.0,0.0,0.0,0.0,0.0,213.4,4.0,0.4,25.2,1610.0,0.09,213.7,73.2,286.9,349.4,6.6,0.66,41.3,2636.5,0.15,349.8,119.9,469.6,26.32,0.0,0.0,26.32,27.05,0.0,0.0,27.05,0.0,0.0,0.0,1665.4,11.9,1653.5,0.0,0.0,0.0,0.0,0.0,0.0,0.0,0.0,0.0,0.0,0.0,0.0,0.0,11.9,0.0
2050-10-22 08:00:00,2050-10-22 06:00:00,1028.4,0.0,0.0,11.4,1039.9,997.7,-252.8,445.3,698.1,0.0298,0.0269,hydro,gas-cc,0.0,0.0,0.0,0.0,0.0,0.0,0.0,0.0,0.0,0.0,0.0,0.0,0.0,0.0,0.0,0.0,0.0,0.0,140.3,2.6,0.27,16.6,1057.6,0.06,140.4,48.1,188.5,366.4,6.9,0.69,43.3,2764.9,0.16,366.8,125.7,492.5,26.24,0.0,0.0,26.24,26.96,0.0,0.0,26.96,0.0,0.0,0.0,1292.6,1292.6,0.0,0.0,0.0,0.0,0.0,54.2,0.0,0.0,0.0,0.0,0.0,0.0,0.0,1231.1,7.4,0.0
2050-10-22 09:00:00,2050-10-22 07:00:00,1095.8,3567.9,0.0,0.0,4663.7,1063.2,0.0,0.0,0.0,0.0297,0.0287,upv,upv,0.0,0.0,0.0,0.0,0.0,0.0,0.0,0.0,0.0,0.0,0.0,0.0,0.0,0.0,0.0,0.0,0.0,0.0,139.6,2.6,0.26,16.5,1052.7,0.06,139.8,47.9,187.7,0.0,0.0,0.0,0.0,0.0,0.0,0.0,0.0,0.0,0.0,0.0,0.0,0.0,0.0,0.0,0.0,0.0,0.0,2350.7,2350.7,4663.7,4663.7,0.0,0.0,0.0,0.0,0.0,295.2,0.0,0.0,0.0,0.0,0.0,0.0,0.0,4350.6,17.9,0.0
2050-10-22 10:00:00,2050-10-22 08:00:00,1227.4,3240.3,0.0,0.0,4467.6,1190.8,0.0,0.0,0.0,0.0298,0.0321,upv,upv,0.0,0.0,0.0,0.0,0.0,0.0,0.0,0.0,0.0,0.0,0.0,0.0,0.0,0.0,0.0,0.0,0.0,0.0,139.6,2.6,0.26,16.5,1052.7,0.06,139.8,47.9,187.7,0.0,0.0,0.0,0.0,0.0,0.0,0.0,0.0,0.0,0.0,0.0,0.0,0.0,0.0,0.0,0.0,0.0,12.2,5079.2,5091.4,4467.6,4467.6,0.0,0.0,0.0,0.0,0.0,402.8,0.0,0.0,0.0,0.0,0.0,0.0,0.0,4064.9,0.0,0.0
2050-10-22 11:00:00,2050-10-22 09:00:00,1340.0,4019.6,0.0,0.0,5359.6,1299.7,0.0,0.0,0.0,0.0301,0.035,upv,upv,0.0,0.0,0.0,0.0,0.0,0.0,0.0,0.0,0.0,0.0,0.0,0.0,0.0,0.0,0.0,0.0,0.0,0.0,139.7,2.6,0.26,16.5,1053.1,0.06,139.8,47.9,187.7,0.0,0.0,0.0,0.0,0.0,0.0,0.0,0.0,0.0,0.0,0.0,0.0,0.0,0.0,0.0,0.0,0.0,24.6,3789.4,3814.0,5359.6,5359.6,0.0,0.0,0.0,0.0,0.0,386.2,0.0,0.0,0.0,0.0,0.0,0.0,0.0,4973.4,0.0,0.0
2050-10-22 12:00:00,2050-10-22 10:00:00,1466.3,2431.9,0.0,0.0,3898.2,1421.3,0.0,0.0,0.0,0.0307,0.0383,upv,upv,0.0,0.0,0.0,0.0,0.0,0.0,0.0,0.0,0.0,0.0,0.0,0.0,0.0,0.0,0.0,0.0,0.0,0.0,139.8,2.6,0.26,16.5,1053.7,0.06,139.9,47.9,187.8,0.0,0.0,0.0,0.0,0.0,0.0,0.0,0.0,0.0,0.0,0.0,0.0,0.0,0.0,0.0,0.0,0.0,50.8,4420.9,4471.6,3898.2,3898.2,0.0,0.0,0.0,0.0,0.0,351.1,0.0,0.0,0.0,0.0,0.0,0.0,0.0,3547.1,0.0,0.0
2050-10-22 13:00:00,2050-10-22 11:00:00,1592.6,2850.6,0.0,0.0,4443.3,1542.6,0.0,0.0,0.0,0.0314,0.0416,upv,upv,0.0,0.0,0.0,0.0,0.0,0.0,0.0,0.0,0.0,0.0,0.0,0.0,0.0,0.0,0.0,0.0,0.0,0.0,139.9,2.6,0.26,16.5,1054.5,0.06,140.0,48.0,188.0,0.0,0.0,0.0,0.0,0.0,0.0,0.0,0.0,0.0,0.0,0.0,0.0,0.0,0.0,0.0,0.0,0.0,67.0,2917.8,2984.8,4443.3,4443.3,0.0,0.0,0.0,0.0,0.0,310.7,0.0,0.0,0.0,0.0,0.0,0.0,0.0,4132.5,0.0,0.0
2050-10-22 14:00:00,2050-10-22 12:00:00,1724.2,2788.6,0.0,0.0,4512.8,1668.5,0.0,0.0,0.0,0.0323,0.0451,upv,upv,0.0,0.0,0.0,0.0,0.0,0.0,0.0,0.0,0.0,0.0,0.0,0.0,0.0,0.0,0.0,0.0,0.0,0.0,140.0,2.6,0.26,16.5,1055.5,0.06,140.2,48.0,188.2,0.0,0.0,0.0,0.0,0.0,0.0,0.0,0.0,0.0,0.0,0.0,0.0,0.0,0.0,0.0,0.0,0.0,87.6,2477.1,2564.7,4512.8,4512.8,0.0,0.0,0.0,0.0,0.0,295.0,0.0,0.0,0.0,0.0,0.0,0.0,0.0,4217.8,0.0,0.0
2050-10-22 15:00:00,2050-10-22 13:00:00,1834.7,3854.9,0.0,0.0,5689.6,1773.9,0.0,0.0,0.0,0.0332,0.048,upv,upv,0.0,0.0,0.0,0.0,0.0,0.0,0.0,0.0,0.0,0.0,0.0,0.0,0.0,0.0,0.0,0.0,0.0,0.0,140.1,2.6,0.27,16.6,1056.4,0.06,140.3,48.1,188.3,0.0,0.0,0.0,0.0,0.0,0.0,0.0,0.0,0.0,0.0,0.0,0.0,0.0,0.0,0.0,0.0,0.0,0.0,1668.3,1668.3,5689.6,5689.6,0.0,0.0,0.0,0.0,0.0,305.9,0.0,0.0,0.0,0.0,0.0,0.0,0.0,5272.2,111.6,0.0
2050-10-22 16:00:00,2050-10-22 14:00:00,1923.2,3592.1,0.0,0.0,5515.2,1857.9,0.0,0.0,0.0,0.0339,0.0503,upv,upv,0.0,0.0,0.0,0.0,0.0,0.0,0.0,0.0,0.0,0.0,0.0,0.0,0.0,0.0,0.0,0.0,0.0,0.0,140.2,2.6,0.27,16.6,1057.2,0.06,140.4,48.1,188.5,0.0,0.0,0.0,0.0,0.0,0.0,0.0,0.0,0.0,0.0,0.0,0.0,0.0,0.0,0.0,0.0,0.0,131.3,2864.6,2995.9,5515.2,5515.2,0.0,0.0,0.0,0.0,0.0,353.7,0.0,0.0,0.0,0.0,0.0,0.0,0.0,5161.6,0.0,0.0
2050-10-22 17:00:00,2050-10-22 15:00:00,1992.6,3211.2,0.0,0.0,5203.8,1923.9,0.0,0.0,0.0,0.0345,0.0521,upv,upv,0.0,0.0,0.0,0.0,0.0,0.0,0.0,0.0,0.0,0.0,0.0,0.0,0.0,0.0,0.0,0.0,0.0,0.0,140.7,2.7,0.27,16.6,1061.0,0.06,140.9,48.3,189.1,0.0,0.0,0.0,0.0,0.0,0.0,0.0,0.0,0.0,0.0,0.0,0.0,0.0,0.0,0.0,0.0,0.0,134.0,2406.8,2540.7,5203.8,5203.8,0.0,0.0,0.0,0.0,0.0,321.2,0.0,0.0,0.0,0.0,0.0,0.0,0.0,4882.6,0.0,0.0
2050-10-22 18:00:00,2050-10-22 16:00:00,2056.8,0.0,0.0,16.2,2073.0,1984.7,-979.7,445.3,1425.0,0.0351,0.0538,hydro,gas-cc,0.0,0.0,0.0,0.0,0.0,0.0,0.0,0.0,0.0,0.0,0.0,0.0,0.0,0.0,0.0,0.0,0.0,0.0,142.2,2.7,0.27,16.8,1071.9,0.06,142.3,48.8,191.1,418.7,7.9,0.79,49.5,3159.4,0.18,419.1,143.7,562.8,23.8,0.0,0.0,23.8,25.16,0.0,0.0,25.16,0.0,0.0,0.0,3052.7,3052.7,0.0,0.0,0.0,0.0,0.0,124.1,0.0,0.0,0.0,0.0,0.0,0.0,0.0,2815.9,112.7,0.0
2050-10-22 19:00:00,2050-10-22 17:00:00,2069.5,0.0,0.0,8.0,2077.4,1996.6,1959.7,395.2,282.9,0.0352,0.0541,battery,gas-cc,0.0,0.0,0.0,0.0,0.0,0.0,0.0,0.0,0.0,0.0,0.0,0.0,0.0,0.0,0.0,0.0,0.0,0.0,145.0,2.7,0.27,17.1,1092.9,0.06,145.1,49.7,194.8,376.9,7.1,0.71,44.5,2844.5,0.16,377.3,129.3,506.7,29.8,0.0,0.0,29.8,31.51,0.0,0.0,31.51,0.0,0.0,0.0,1965.1,117.7,1847.4,0.0,0.0,0.0,0.0,0.0,0.0,0.0,0.0,0.0,0.0,0.0,0.0,0.0,117.7,0.0
2050-10-22 20:00:00,2050-10-22 18:00:00,2110.5,0.0,0.0,17.6,2128.1,2035.4,2027.8,445.3,1640.0,0.0356,0.0552,battery,gas-cc,0.0,0.0,0.0,0.0,0.0,0.0,0.0,0.0,0.0,0.0,0.0,0.0,0.0,0.0,0.0,0.0,0.0,0.0,145.2,2.7,0.27,17.2,1094.7,0.06,145.4,49.8,195.2,377.4,7.1,0.71,44.6,2847.7,0.16,377.8,129.5,507.3,29.8,0.0,0.0,29.8,31.54,0.0,0.0,31.54,0.0,0.0,0.0,3322.7,100.3,3222.5,0.0,0.0,0.0,0.0,0.0,0.0,0.0,0.0,0.0,0.0,0.0,0.0,0.0,100.3,0.0
2050-10-22 21:00:00,2050-10-22 19:00:00,2017.9,0.0,0.0,17.6,2035.5,1947.8,1967.4,445.3,1640.0,0.0347,0.0528,battery,gas-cc,0.0,0.0,0.0,0.0,0.0,0.0,0.0,0.0,0.0,0.0,0.0,0.0,0.0,0.0,0.0,0.0,0.0,0.0,144.4,2.7,0.27,17.1,1089.0,0.06,144.6,49.5,194.1,376.4,7.1,0.71,44.5,2840.4,0.16,376.8,129.2,506.0,29.8,0.0,0.0,29.8,31.46,0.0,0.0,31.46,0.0,0.0,0.0,3230.1,68.0,3162.1,0.0,0.0,0.0,0.0,0.0,0.0,0.0,0.0,0.0,0.0,0.0,0.0,0.0,68.0,0.0
2050-10-22 22:00:00,2050-10-22 20:00:00,1912.6,0.0,0.0,15.8,1928.5,1847.9,1890.3,445.3,1376.5,0.0338,0.05,battery,gas-cc,0.0,0.0,0.0,0.0,0.0,0.0,0.0,0.0,0.0,0.0,0.0,0.0,0.0,0.0,0.0,0.0,0.0,0.0,144.5,2.7,0.27,17.1,1089.4,0.06,144.6,49.6,194.2,375.3,7.1,0.71,44.3,2832.2,0.16,375.7,128.8,504.5,29.8,0.0,0.0,29.8,31.37,0.0,0.0,31.37,0.0,0.0,0.0,2859.7,38.1,2821.5,0.0,0.0,0.0,0.0,0.0,0.0,0.0,0.0,0.0,0.0,0.0,0.0,0.0,38.1,0.0
2050-10-22 23:00:00,2050-10-22 21:00:00,1791.6,0.0,0.0,12.9,1804.5,1732.7,1787.8,445.3,923.6,0.0328,0.0469,battery,gas-cc,0.0,0.0,0.0,0.0,0.0,0.0,0.0,0.0,0.0,0.0,0.0,0.0,0.0,0.0,0.0,0.0,0.0,0.0,144.6,2.7,0.27,17.1,1089.8,0.06,144.7,49.6,194.3,374.1,7.0,0.7,44.2,2822.8,0.16,374.5,128.4,502.8,29.8,0.0,0.0,29.8,31.27,0.0,0.0,31.27,0.0,0.0,0.0,2282.8,16.7,2266.2,0.0,0.0,0.0,0.0,0.0,0.0,0.0,0.0,0.0,0.0,0.0,0.0,0.0,16.7,0.0
2050-10-23 00:00:00,2050-10-22 22:00:00,1672.6,0.0,0.0,9.9,1682.6,1619.2,1663.5,445.3,467.0,0.032,0.0437,battery,gas-cc,0.0,0.0,0.0,0.0,0.0,0.0,0.0,0.0,0.0,0.0,0.0,0.0,0.0,0.0,0.0,0.0,0.0,0.0,163.2,3.1,0.31,19.3,1230.6,0.07,163.4,56.0,219.3,331.1,6.2,0.62,39.1,2498.5,0.14,331.4,113.6,445.1,28.66,0.0,0.0,28.66,29.97,0.0,0.0,29.97,0.0,0.0,0.0,1704.3,19.1,1685.2,0.0,0.0,0.0,0.0,0.0,0.0,0.0,0.0,0.0,0.0,0.0,0.0,0.0,19.1,0.0
2050-10-23 01:00:00,2050-10-22 23:00:00,1515.8,0.0,0.0,10.2,1526.0,1468.9,1509.1,445.3,513.8,0.0309,0.0396,battery,gas-cc,0.0,0.0,0.0,0.0,0.0,0.0,0.0,0.0,0.0,0.0,0.0,0.0,0.0,0.0,0.0,0.0,0.0,0.0,143.5,2.7,0.27,17.0,1081.7,0.06,143.6,49.2,192.8,329.7,6.2,0.62,38.9,2487.8,0.14,330.0,113.1,443.2,28.66,0.0,0.0,28.66,29.84,0.0,0.0,29.84,0.0,0.0,0.0,1594.5,16.9,1577.6,0.0,0.0,0.0,0.0,0.0,0.0,0.0,0.0,0.0,0.0,0.0,0.0,0.0,16.9,0.0
2050-10-23 02:00:00,2050-10-23 00:00:00,1309.5,0.0,0.0,8.0,1317.5,1270.2,1305.6,445.3,165.6,0.03,0.0342,battery,gas-cc,0.0,0.0,0.0,0.0,0.0,0.0,0.0,0.0,0.0,0.0,0.0,0.0,0.0,0.0,0.0,0.0,0.0,0.0,186.8,3.5,0.35,22.1,1408.7,0.08,187.0,64.1,251.1,327.8,6.2,0.62,38.7,2473.9,0.14,328.2,112.5,440.7,28.66,0.0,0.0,28.66,29.68,0.0,0.0,29.68,0.0,0.0,0.0,1037.7,11.9,1025.8,0.0,0.0,0.0,0.0,0.0,0.0,0.0,0.0,0.0,0.0,0.0,0.0,0.0,11.9,0.0
2050-10-23 03:00:00,2050-10-23 01:00:00,1211.6,0.0,0.0,13.7,1225.2,1175.5,1216.3,445.3,1040.9,0.0298,0.0317,battery,gas-cc,0.0,0.0,0.0,0.0,0.0,0.0,0.0,0.0,0.0,0.0,0.0,0.0,0.0,0.0,0.0,0.0,0.0,0.0,144.2,2.7,0.27,17.0,1087.5,0.06,144.4,49.5,193.9,327.0,6.2,0.62,38.6,2467.4,0.14,327.3,112.2,439.5,28.66,0.0,0.0,28.66,29.6,0.0,0.0,29.6,0.0,0.0,0.0,1820.8,8.9,1811.9,0.0,0.0,0.0,0.0,0.0,0.0,0.0,0.0,0.0,0.0,0.0,0.0,0.0,8.9,0.0
2050-10-23 04:00:00,2050-10-23 02:00:00,1136.8,0.0,0.0,13.2,1150.0,1103.1,1138.7,445.3,967.7,0.0297,0.0297,battery,gas-cc,0.0,0.0,0.0,0.0,0.0,0.0,0.0,0.0,0.0,0.0,0.0,0.0,0.0,0.0,0.0,0.0,0.0,0.0,144.1,2.7,0.27,17.0,1086.6,0.06,144.3,49.4,193.7,326.3,6.1,0.61,38.5,2462.4,0.14,326.7,112.0,438.6,28.66,0.0,0.0,28.66,29.54,0.0,0.0,29.54,0.0,0.0,0.0,1672.4,11.3,1661.1,0.0,0.0,0.0,0.0,0.0,0.0,0.0,0.0,0.0,0.0,0.0,0.0,0.0,11.3,0.0
2050-10-23 05:00:00,2050-10-23 03:00:00,1087.4,0.0,0.0,16.2,1103.5,1055.0,1090.1,445.3,1426.6,0.0297,0.0284,gas-cc,gas-cc,0.0,0.0,0.0,0.0,0.0,0.0,0.0,0.0,0.0,0.0,0.0,0.0,0.0,0.0,0.0,0.0,0.0,0.0,144.3,2.7,0.27,17.1,1088.3,0.06,144.5,49.5,194.0,362.1,6.8,0.68,42.8,2732.3,0.16,362.5,124.2,486.7,28.66,0.0,0.0,28.66,29.5,0.0,0.0,29.5,0.0,0.0,0.0,2084.8,13.5,2071.3,0.0,0.0,0.0,0.0,0.0,0.0,0.0,0.0,0.0,0.0,0.0,0.0,0.0,13.5,0.0
2050-10-23 06:00:00,2050-10-23 04:00:00,1072.6,0.0,0.0,11.2,1083.9,1040.7,1071.4,444.9,665.5,0.0297,0.0281,battery,gas-cc,0.0,0.0,0.0,0.0,0.0,0.0,0.0,0.0,0.0,0.0,0.0,0.0,0.0,0.0,0.0,0.0,0.0,0.0,151.6,2.9,0.29,17.9,1143.1,0.07,151.8,52.0,203.8,325.7,6.1,0.61,38.5,2458.1,0.14,326.1,111.8,437.9,28.66,0.0,0.0,28.66,29.49,0.0,0.0,29.49,0.0,0.0,0.0,1304.5,12.4,1292.0,0.0,0.0,0.0,0.0,0.0,0.0,0.0,0.0,0.0,0.0,0.0,0.0,0.0,12.4,0.0
2050-10-23 07:00:00,2050-10-23 05:00:00,1126.3,0.0,0.0,6.9,1133.2,1092.9,1124.1,445.3,0.0,0.0297,0.0295,battery,gas-cc,0.0,0.0,0.0,0.0,0.0,0.0,0.0,0.0,0.0,0.0,0.0,0.0,0.0,0.0,0.0,0.0,0.0,0.0,153.6,2.9,0.29,18.1,1158.0,0.07,153.7,52.7,206.4,326.2,6.1,0.61,38.5,2461.7,0.14,326.6,111.9,438.5,28.66,0.0,0.0,28.66,29.53,0.0,0.0,29.53,0.0,0.0,0.0,687.9,9.1,678.8,0.0,0.0,0.0,0.0,0.0,0.0,0.0,0.0,0.0,0.0,0.0,0.0,0.0,9.1,0.0
2050-10-23 08:00:00,2050-10-23 06:00:00,1218.9,0.0,0.0,9.6,1228.6,1182.7,26.8,445.3,418.5,0.0298,0.0319,battery,gas-cc,0.0,0.0,0.0,0.0,0.0,0.0,0.0,0.0,0.0,0.0,0.0,0.0,0.0,0.0,0.0,0.0,0.0,0.0,142.9,2.7,0.27,16.9,1077.3,0.06,143.0,49.0,192.0,327.0,6.2,0.62,38.6,2467.9,0.14,327.4,112.2,439.6,28.66,0.0,0.0,28.66,29.61,0.0,0.0,29.61,0.0,0.0,0.0,1201.8,1201.8,0.0,0.0,0.0,0.0,0.0,50.4,0.0,0.0,0.0,0.0,0.0,0.0,0.0,1143.8,7.6,0.0
2050-10-23 09:00:00,2050-10-23 07:00:00,1361.1,3953.7,0.0,0.0,5314.7,1320.0,0.0,0.0,0.0,0.0302,0.0356,upv,upv,0.0,0.0,0.0,0.0,0.0,0.0,0.0,0.0,0.0,0.0,0.0,0.0,0.0,0.0,0.0,0.0,0.0,0.0,139.7,2.6,0.26,16.5,1053.2,0.06,139.8,47.9,187.8,0.0,0.0,0.0,0.0,0.0,0.0,0.0,0.0,0.0,0.0,0.0,0.0,0.0,0.0,0.0,0.0,0.0,8.7,1702.1,1710.8,5314.7,5314.7,0.0,0.0,0.0,0.0,0.0,0.0,0.0,0.0,0.0,0.0,0.0,0.0,0.0,5314.7,0.0,0.0
2050-10-23 10:00:00,2050-10-23 08:00:00,1500.0,3887.8,0.0,0.0,5387.8,1453.7,0.0,0.0,0.0,0.0309,0.0392,upv,upv,0.0,0.0,0.0,0.0,0.0,0.0,0.0,0.0,0.0,0.0,0.0,0.0,0.0,0.0,0.0,0.0,0.0,0.0,139.8,2.6,0.26,16.5,1053.9,0.06,139.9,47.9,187.9,0.0,0.0,0.0,0.0,0.0,0.0,0.0,0.0,0.0,0.0,0.0,0.0,0.0,0.0,0.0,0.0,0.0,2.0,4030.8,4032.9,5387.8,5387.8,0.0,0.0,0.0,0.0,0.0,397.3,0.0,0.0,0.0,0.0,0.0,0.0,0.0,4990.5,0.0,0.0
2050-10-23 11:00:00,2050-10-23 09:00:00,1546.3,4019.6,0.0,0.0,5565.9,1498.2,0.0,0.0,0.0,0.0311,0.0404,upv,upv,0.0,0.0,0.0,0.0,0.0,0.0,0.0,0.0,0.0,0.0,0.0,0.0,0.0,0.0,0.0,0.0,0.0,0.0,139.8,2.6,0.26,16.5,1054.2,0.06,140.0,48.0,187.9,0.0,0.0,0.0,0.0,0.0,0.0,0.0,0.0,0.0,0.0,0.0,0.0,0.0,0.0,0.0,0.0,0.0,3.5,3920.2,3923.7,5565.9,5565.9,0.0,0.0,0.0,0.0,0.0,400.2,0.0,0.0,0.0,0.0,0.0,0.0,0.0,5165.7,0.0,0.0
2050-10-23 12:00:00,2050-10-23 10:00:00,1553.7,4019.6,0.0,0.0,5573.3,1505.3,0.0,0.0,0.0,0.0312,0.0406,upv,upv,0.0,0.0,0.0,0.0,0.0,0.0,0.0,0.0,0.0,0.0,0.0,0.0,0.0,0.0,0.0,0.0,0.0,0.0,139.8,2.6,0.26,16.5,1054.2,0.06,140.0,48.0,187.9,0.0,0.0,0.0,0.0,0.0,0.0,0.0,0.0,0.0,0.0,0.0,0.0,0.0,0.0,0.0,0.0,0.0,2.6,3454.3,3456.9,5573.3,5573.3,0.0,0.0,0.0,0.0,0.0,381.1,0.0,0.0,0.0,0.0,0.0,0.0,0.0,5192.2,0.0,0.0
2050-10-23 13:00:00,2050-10-23 11:00:00,1590.5,2626.7,0.0,0.0,4217.2,1540.6,0.0,0.0,0.0,0.0314,0.0416,upv,upv,0.0,0.0,0.0,0.0,0.0,0.0,0.0,0.0,0.0,0.0,0.0,0.0,0.0,0.0,0.0,0.0,0.0,0.0,139.9,2.6,0.26,16.5,1054.5,0.06,140.0,48.0,188.0,0.0,0.0,0.0,0.0,0.0,0.0,0.0,0.0,0.0,0.0,0.0,0.0,0.0,0.0,0.0,0.0,0.0,2.5,4540.3,4542.8,4217.2,4217.2,0.0,0.0,0.0,0.0,0.0,369.6,0.0,0.0,0.0,0.0,0.0,0.0,0.0,3847.7,0.0,0.0
2050-10-23 14:00:00,2050-10-23 12:00:00,1644.2,2974.6,0.0,0.0,4618.9,1592.0,-0.0,0.0,0.0,0.0318,0.043,upv,upv,0.0,0.0,0.0,0.0,0.0,0.0,0.0,0.0,0.0,0.0,0.0,0.0,0.0,0.0,0.0,0.0,0.0,0.0,139.9,2.6,0.26,16.5,1054.9,0.06,140.1,48.0,188.1,0.0,0.0,0.0,0.0,0.0,0.0,0.0,0.0,0.0,0.0,0.0,0.0,0.0,0.0,0.0,0.0,0.0,6.6,4239.9,4246.6,4618.9,4618.9,0.0,0.0,0.0,0.0,0.0,373.9,0.0,0.0,0.0,0.0,0.0,0.0,0.0,4245.0,0.0,0.0
2050-10-23 15:00:00,2050-10-23 13:00:00,1727.4,2431.9,0.0,0.0,4159.3,1671.5,0.0,0.0,0.0,0.0323,0.0452,upv,upv,0.0,0.0,0.0,0.0,0.0,0.0,0.0,0.0,0.0,0.0,0.0,0.0,0.0,0.0,0.0,0.0,0.0,0.0,140.0,2.6,0.26,16.5,1055.5,0.06,140.2,48.0,188.2,0.0,0.0,0.0,0.0,0.0,0.0,0.0,0.0,0.0,0.0,0.0,0.0,0.0,0.0,0.0,0.0,0.0,0.0,5000.5,5000.5,4159.3,4159.3,0.0,0.0,0.0,0.0,0.0,385.8,0.0,0.0,0.0,0.0,0.0,0.0,0.0,3755.8,17.7,0.0
2050-10-23 16:00:00,2050-10-23 14:00:00,1778.9,3211.2,0.0,0.0,4990.1,1720.7,0.0,0.0,0.0,0.0327,0.0465,upv,upv,0.0,0.0,0.0,0.0,0.0,0.0,0.0,0.0,0.0,0.0,0.0,0.0,0.0,0.0,0.0,0.0,0.0,0.0,140.1,2.6,0.27,16.6,1056.1,0.06,140.2,48.0,188.3,0.0,0.0,0.0,0.0,0.0,0.0,0.0,0.0,0.0,0.0,0.0,0.0,0.0,0.0,0.0,0.0,0.0,0.0,4337.8,4337.8,4990.1,4990.1,0.0,0.0,0.0,0.0,0.0,392.6,0.0,0.0,0.0,0.0,0.0,0.0,0.0,4573.6,23.9,0.0
2050-10-23 17:00:00,2050-10-23 15:00:00,1884.2,2431.9,0.0,0.0,4316.1,1820.9,0.0,0.0,0.0,0.0336,0.0493,upv,upv,0.0,0.0,0.0,0.0,0.0,0.0,0.0,0.0,0.0,0.0,0.0,0.0,0.0,0.0,0.0,0.0,0.0,0.0,140.2,2.6,0.27,16.6,1056.9,0.06,140.3,48.1,188.4,0.0,0.0,0.0,0.0,0.0,0.0,0.0,0.0,0.0,0.0,0.0,0.0,0.0,0.0,0.0,0.0,0.0,0.0,4151.2,4151.2,4316.1,4316.1,0.0,0.0,0.0,0.0,0.0,356.2,0.0,0.0,0.0,0.0,0.0,0.0,0.0,3933.1,26.8,0.0
2050-10-23 18:00:00,2050-10-23 16:00:00,1974.7,0.0,0.0,16.8,1991.5,1906.9,-1243.7,396.2,1640.0,0.0344,0.0516,hydro,gas-cc,0.0,0.0,0.0,0.0,0.0,0.0,0.0,0.0,0.0,0.0,0.0,0.0,0.0,0.0,0.0,0.0,0.0,0.0,140.7,2.7,0.27,16.6,1061.0,0.06,140.9,48.3,189.2,418.6,7.9,0.79,49.4,3158.6,0.18,419.0,143.6,562.6,25.79,0.0,0.0,25.79,27.2,0.0,0.0,27.2,0.0,0.0,0.0,3235.3,3235.3,0.0,0.0,0.0,0.0,0.0,135.4,0.0,0.0,0.0,0.0,0.0,0.0,0.0,3072.8,27.1,0.0
2050-10-23 19:00:00,2050-10-23 17:00:00,2064.2,0.0,0.0,17.5,2081.7,1991.6,2050.9,445.3,1634.7,0.0352,0.054,battery,gas-cc,0.0,0.0,0.0,0.0,0.0,0.0,0.0,0.0,0.0,0.0,0.0,0.0,0.0,0.0,0.0,0.0,0.0,0.0,145.1,2.7,0.27,17.1,1093.9,0.06,145.2,49.8,195.0,426.8,8.0,0.8,50.4,3220.9,0.19,427.3,146.5,573.7,29.59,0.0,0.0,29.59,31.28,0.0,0.0,31.28,0.0,0.0,0.0,3271.1,30.8,3240.3,0.0,0.0,0.0,0.0,0.0,0.0,0.0,0.0,0.0,0.0,0.0,0.0,0.0,30.8,0.0
2050-10-23 20:00:00,2050-10-23 18:00:00,2165.3,0.0,0.0,16.9,2182.1,2087.1,2149.9,445.3,1535.7,0.0361,0.0566,battery,gas-cc,0.0,0.0,0.0,0.0,0.0,0.0,0.0,0.0,0.0,0.0,0.0,0.0,0.0,0.0,0.0,0.0,0.0,0.0,163.5,3.1,0.31,19.3,1232.9,0.07,163.7,56.1,219.8,428.0,8.1,0.81,50.6,3229.9,0.19,428.5,146.9,575.3,29.59,0.0,0.0,29.59,31.37,0.0,0.0,31.37,0.0,0.0,0.0,3272.6,32.3,3240.3,0.0,0.0,0.0,0.0,0.0,0.0,0.0,0.0,0.0,0.0,0.0,0.0,0.0,32.3,0.0
2050-10-23 21:00:00,2050-10-23 19:00:00,2108.4,0.0,0.0,17.2,2125.6,2033.4,2099.7,445.3,1585.9,0.0356,0.0551,battery,gas-cc,0.0,0.0,0.0,0.0,0.0,0.0,0.0,0.0,0.0,0.0,0.0,0.0,0.0,0.0,0.0,0.0,0.0,0.0,144.6,2.7,0.27,17.1,1090.2,0.06,144.8,49.6,194.4,409.6,7.7,0.77,48.4,3090.8,0.18,410.0,140.5,550.6,29.59,0.0,0.0,29.59,31.32,0.0,0.0,31.32,0.0,0.0,0.0,3266.2,25.9,3240.3,0.0,0.0,0.0,0.0,0.0,0.0,0.0,0.0,0.0,0.0,0.0,0.0,0.0,25.9,0.0
2050-10-23 22:00:00,2050-10-23 20:00:00,1958.9,0.0,0.0,16.7,1975.6,1891.9,1961.0,445.3,1500.6,0.0342,0.0512,gas-cc,gas-cc,0.0,0.0,0.0,0.0,0.0,0.0,0.0,0.0,0.0,0.0,0.0,0.0,0.0,0.0,0.0,0.0,0.0,0.0,144.9,2.7,0.27,17.1,1092.4,0.06,145.1,49.7,194.7,425.6,8.0,0.8,50.3,3211.6,0.18,426.0,146.0,572.1,29.59,0.0,0.0,29.59,31.19,0.0,0.0,31.19,0.0,0.0,0.0,3030.9,14.6,3016.4,0.0,0.0,0.0,0.0,0.0,0.0,0.0,0.0,0.0,0.0,0.0,0.0,0.0,14.6,0.0
2050-10-23 23:00:00,2050-10-23 21:00:00,1804.2,0.0,0.0,14.5,1818.7,1744.8,1813.1,445.3,1164.9,0.0329,0.0472,battery,gas-cc,0.0,0.0,0.0,0.0,0.0,0.0,0.0,0.0,0.0,0.0,0.0,0.0,0.0,0.0,0.0,0.0,0.0,0.0,144.9,2.7,0.27,17.1,1092.5,0.06,145.1,49.7,194.8,423.8,8.0,0.8,50.1,3197.9,0.18,424.2,145.4,569.6,29.59,0.0,0.0,29.59,31.06,0.0,0.0,31.06,0.0,0.0,0.0,2538.3,5.5,2532.7,0.0,0.0,0.0,0.0,0.0,0.0,0.0,0.0,0.0,0.0,0.0,0.0,0.0,5.5,0.0
2050-10-24 00:00:00,2050-10-23 22:00:00,1654.7,0.0,0.0,15.4,1670.2,1602.1,1668.0,445.3,1310.0,0.0318,0.0433,battery,gas-cc,0.0,0.0,0.0,0.0,0.0,0.0,0.0,0.0,0.0,0.0,0.0,0.0,0.0,0.0,0.0,0.0,0.0,0.0,143.9,2.7,0.27,17.0,1084.8,0.06,144.0,49.3,193.4,360.4,6.8,0.68,42.6,2719.5,0.16,360.8,123.7,484.4,29.59,0.0,0.0,29.59,30.93,0.0,0.0,30.93,0.0,0.0,0.0,2534.9,2.2,2532.7,0.0,0.0,0.0,0.0,0.0,0.0,0.0,0.0,0.0,0.0,0.0,0.0,0.0,2.2,0.0
2050-10-24 01:00:00,2050-10-23 23:00:00,1476.8,0.0,0.0,6.9,1483.7,1431.5,1482.9,445.3,0.0,0.0307,0.0386,battery,gas-cc,0.0,0.0,0.0,0.0,0.0,0.0,0.0,0.0,0.0,0.0,0.0,0.0,0.0,0.0,0.0,0.0,0.0,0.0,145.6,2.7,0.28,17.2,1097.8,0.06,145.8,49.9,195.7,370.9,7.0,0.7,43.8,2798.6,0.16,371.3,127.3,498.5,29.59,0.0,0.0,29.59,30.78,0.0,0.0,30.78,0.0,0.0,0.0,1038.4,0.9,1037.6,0.0,0.0,0.0,0.0,0.0,0.0,0.0,0.0,0.0,0.0,0.0,0.0,0.0,0.9,0.0
2050-10-24 02:00:00,2050-10-24 00:00:00,1293.7,0.0,0.0,12.4,1306.1,1254.9,1303.3,445.3,844.0,0.0299,0.0338,battery,gas-cc,0.0,0.0,0.0,0.0,0.0,0.0,0.0,0.0,0.0,0.0,0.0,0.0,0.0,0.0,0.0,0.0,0.0,0.0,169.5,3.2,0.32,20.0,1278.2,0.07,169.7,58.1,227.8,356.9,6.7,0.67,42.2,2692.9,0.15,357.2,122.4,479.7,29.59,0.0,0.0,29.59,30.63,0.0,0.0,30.63,0.0,0.0,0.0,1704.8,2.8,1702.0,0.0,0.0,0.0,0.0,0.0,0.0,0.0,0.0,0.0,0.0,0.0,0.0,0.0,2.8,0.0
2050-10-24 03:00:00,2050-10-24 01:00:00,1201.1,0.0,0.0,13.8,1214.8,1165.3,1206.4,445.3,1055.6,0.0297,0.0314,battery,gas-cc,0.0,0.0,0.0,0.0,0.0,0.0,0.0,0.0,0.0,0.0,0.0,0.0,0.0,0.0,0.0,0.0,0.0,0.0,145.3,2.7,0.28,17.2,1095.8,0.06,145.5,49.8,195.3,356.0,6.7,0.67,42.1,2686.2,0.15,356.3,122.1,478.5,29.59,0.0,0.0,29.59,30.55,0.0,0.0,30.55,0.0,0.0,0.0,1825.1,8.4,1816.7,0.0,0.0,0.0,0.0,0.0,0.0,0.0,0.0,0.0,0.0,0.0,0.0,0.0,8.4,0.0
2050-10-24 04:00:00,2050-10-24 02:00:00,1124.2,0.0,0.0,6.9,1131.1,1090.8,1122.8,445.3,0.0,0.0297,0.0294,battery,gas-cc,0.0,0.0,0.0,0.0,0.0,0.0,0.0,0.0,0.0,0.0,0.0,0.0,0.0,0.0,0.0,0.0,0.0,0.0,173.6,3.3,0.33,20.5,1308.8,0.08,173.7,59.5,233.3,367.3,6.9,0.69,43.4,2772.0,0.16,367.7,126.0,493.8,29.59,0.0,0.0,29.59,30.49,0.0,0.0,30.49,0.0,0.0,0.0,685.8,8.3,677.5,0.0,0.0,0.0,0.0,0.0,0.0,0.0,0.0,0.0,0.0,0.0,0.0,0.0,8.3,0.0
2050-10-24 05:00:00,2050-10-24 03:00:00,1087.4,0.0,0.0,6.9,1094.3,1055.0,1084.7,445.3,0.0,0.0297,0.0284,battery,gas-cc,0.0,0.0,0.0,0.0,0.0,0.0,0.0,0.0,0.0,0.0,0.0,0.0,0.0,0.0,0.0,0.0,0.0,0.0,150.3,2.8,0.28,17.8,1132.9,0.07,150.4,51.5,202.0,367.0,6.9,0.69,43.4,2769.3,0.16,367.4,125.9,493.3,29.59,0.0,0.0,29.59,30.46,0.0,0.0,30.46,0.0,0.0,0.0,649.0,9.6,639.4,0.0,0.0,0.0,0.0,0.0,0.0,0.0,0.0,0.0,0.0,0.0,0.0,0.0,9.6,0.0
2050-10-24 06:00:00,2050-10-24 04:00:00,1072.6,0.0,0.0,6.9,1079.5,1040.7,1067.1,445.3,0.0,0.0297,0.0281,battery,gas-cc,0.0,0.0,0.0,0.0,0.0,0.0,0.0,0.0,0.0,0.0,0.0,0.0,0.0,0.0,0.0,0.0,0.0,0.0,162.1,3.1,0.31,19.2,1222.3,0.07,162.3,55.6,217.9,366.8,6.9,0.69,43.3,2768.2,0.16,367.2,125.9,493.1,29.59,0.0,0.0,29.59,30.44,0.0,0.0,30.44,0.0,0.0,0.0,634.2,12.4,621.8,0.0,0.0,0.0,0.0,0.0,0.0,0.0,0.0,0.0,0.0,0.0,0.0,0.0,12.4,0.0
2050-10-24 07:00:00,2050-10-24 05:00:00,1124.2,0.0,0.0,6.9,1131.1,1090.8,1123.2,445.3,0.6,0.0297,0.0294,gas-cc,gas-cc,0.0,0.0,0.0,0.0,0.0,0.0,0.0,0.0,0.0,0.0,0.0,0.0,0.0,0.0,0.0,0.0,0.0,0.0,149.7,2.8,0.28,17.7,1129.0,0.07,149.9,51.4,201.3,416.0,7.8,0.78,49.1,3139.3,0.18,416.5,142.7,559.2,29.59,0.0,0.0,29.59,30.49,0.0,0.0,30.49,0.0,0.0,0.0,686.4,8.0,678.5,0.0,0.0,0.0,0.0,0.0,0.0,0.0,0.0,0.0,0.0,0.0,0.0,0.0,8.0,0.0
2050-10-24 08:00:00,2050-10-24 06:00:00,1216.8,0.0,0.0,10.0,1226.8,1180.6,115.5,445.3,477.2,0.0298,0.0318,battery,gas-cc,0.0,0.0,0.0,0.0,0.0,0.0,0.0,0.0,0.0,0.0,0.0,0.0,0.0,0.0,0.0,0.0,0.0,0.0,141.6,2.7,0.27,16.7,1067.5,0.06,141.7,48.6,190.3,417.1,7.9,0.79,49.3,3147.2,0.18,417.5,143.1,560.6,29.59,0.0,0.0,29.59,30.56,0.0,0.0,30.56,0.0,0.0,0.0,1258.8,1111.3,147.5,0.0,0.0,0.0,0.0,46.6,0.0,0.0,0.0,0.0,0.0,0.0,0.0,1059.0,5.7,0.0
2050-10-24 09:00:00,2050-10-24 07:00:00,1350.5,3854.9,0.0,0.0,5205.4,1309.8,0.0,0.0,0.0,0.0301,0.0353,upv,upv,0.0,0.0,0.0,0.0,0.0,0.0,0.0,0.0,0.0,0.0,0.0,0.0,0.0,0.0,0.0,0.0,0.0,0.0,142.2,2.7,0.27,16.8,1072.3,0.06,142.4,48.8,191.2,0.0,0.0,0.0,0.0,0.0,0.0,0.0,0.0,0.0,0.0,0.0,0.0,0.0,0.0,0.0,0.0,0.0,0.0,1408.1,1408.1,5205.4,5205.4,0.0,0.0,0.0,0.0,0.0,0.0,0.0,0.0,0.0,0.0,0.0,0.0,0.0,5197.2,8.1,0.0
2050-10-24 10:00:00,2050-10-24 08:00:00,1494.7,4019.6,0.0,0.0,5514.3,1448.7,0.0,0.0,0.0,0.0308,0.0391,upv,upv,0.0,0.0,0.0,0.0,0.0,0.0,0.0,0.0,0.0,0.0,0.0,0.0,0.0,0.0,0.0,0.0,0.0,0.0,139.8,2.6,0.26,16.5,1053.9,0.06,139.9,47.9,187.9,0.0,0.0,0.0,0.0,0.0,0.0,0.0,0.0,0.0,0.0,0.0,0.0,0.0,0.0,0.0,0.0,0.0,1.4,3600.9,3602.3,5514.3,5514.3,0.0,0.0,0.0,0.0,0.0,384.7,0.0,0.0,0.0,0.0,0.0,0.0,0.0,5129.6,0.0,0.0
2050-10-24 11:00:00,2050-10-24 09:00:00,1544.2,4019.6,0.0,0.0,5563.8,1496.2,0.0,0.0,0.0,0.0311,0.0404,upv,upv,0.0,0.0,0.0,0.0,0.0,0.0,0.0,0.0,0.0,0.0,0.0,0.0,0.0,0.0,0.0,0.0,0.0,0.0,139.8,2.6,0.26,16.5,1054.2,0.06,140.0,48.0,187.9,0.0,0.0,0.0,0.0,0.0,0.0,0.0,0.0,0.0,0.0,0.0,0.0,0.0,0.0,0.0,0.0,0.0,2.8,3841.6,3844.4,5563.8,5563.8,0.0,0.0,0.0,0.0,0.0,397.0,0.0,0.0,0.0,0.0,0.0,0.0,0.0,5166.8,0.0,0.0
2050-10-24 12:00:00,2050-10-24 10:00:00,1544.2,2655.8,0.0,0.0,4200.0,1496.2,0.0,0.0,0.0,0.0311,0.0404,upv,upv,0.0,0.0,0.0,0.0,0.0,0.0,0.0,0.0,0.0,0.0,0.0,0.0,0.0,0.0,0.0,0.0,0.0,0.0,139.8,2.6,0.26,16.5,1054.2,0.06,140.0,48.0,187.9,0.0,0.0,0.0,0.0,0.0,0.0,0.0,0.0,0.0,0.0,0.0,0.0,0.0,0.0,0.0,0.0,0.0,5.1,4813.9,4819.0,4200.0,4200.0,0.0,0.0,0.0,0.0,0.0,380.4,0.0,0.0,0.0,0.0,0.0,0.0,0.0,3819.6,0.0,0.0
2050-10-24 13:00:00,2050-10-24 11:00:00,1569.5,3795.7,0.0,0.0,5365.1,1520.4,-0.0,0.0,0.0,0.0313,0.041,upv,upv,0.0,0.0,0.0,0.0,0.0,0.0,0.0,0.0,0.0,0.0,0.0,0.0,0.0,0.0,0.0,0.0,0.0,0.0,139.9,2.6,0.26,16.5,1054.3,0.06,140.0,48.0,188.0,0.0,0.0,0.0,0.0,0.0,0.0,0.0,0.0,0.0,0.0,0.0,0.0,0.0,0.0,0.0,0.0,0.0,13.0,3399.2,3412.2,5365.1,5365.1,0.0,0.0,0.0,0.0,0.0,369.9,0.0,0.0,0.0,0.0,0.0,0.0,0.0,4995.2,0.0,0.0
2050-10-24 14:00:00,2050-10-24 12:00:00,1615.8,2431.9,0.0,0.0,4047.7,1564.8,0.0,0.0,0.0,0.0316,0.0423,upv,upv,0.0,0.0,0.0,0.0,0.0,0.0,0.0,0.0,0.0,0.0,0.0,0.0,0.0,0.0,0.0,0.0,0.0,0.0,139.9,2.6,0.26,16.5,1054.7,0.06,140.0,48.0,188.0,0.0,0.0,0.0,0.0,0.0,0.0,0.0,0.0,0.0,0.0,0.0,0.0,0.0,0.0,0.0,0.0,0.0,0.0,4651.4,4651.4,4047.7,4047.7,0.0,0.0,0.0,0.0,0.0,366.1,0.0,0.0,0.0,0.0,0.0,0.0,0.0,3659.0,22.6,0.0
2050-10-24 15:00:00,2050-10-24 13:00:00,1711.6,3915.8,0.0,0.0,5627.4,1656.4,0.0,0.0,0.0,0.0322,0.0448,upv,upv,0.0,0.0,0.0,0.0,0.0,0.0,0.0,0.0,0.0,0.0,0.0,0.0,0.0,0.0,0.0,0.0,0.0,0.0,140.0,2.6,0.26,16.5,1055.4,0.06,140.1,48.0,188.2,0.0,0.0,0.0,0.0,0.0,0.0,0.0,0.0,0.0,0.0,0.0,0.0,0.0,0.0,0.0,0.0,0.0,0.0,2095.7,2095.7,5627.4,5627.4,0.0,0.0,0.0,0.0,0.0,324.6,0.0,0.0,0.0,0.0,0.0,0.0,0.0,5271.3,31.5,0.0
2050-10-24 16:00:00,2050-10-24 14:00:00,1754.7,2431.9,0.0,0.0,4186.6,1697.6,0.0,0.0,0.0,0.0326,0.0459,upv,upv,0.0,0.0,0.0,0.0,0.0,0.0,0.0,0.0,0.0,0.0,0.0,0.0,0.0,0.0,0.0,0.0,0.0,0.0,140.0,2.6,0.27,16.5,1055.7,0.06,140.2,48.0,188.2,0.0,0.0,0.0,0.0,0.0,0.0,0.0,0.0,0.0,0.0,0.0,0.0,0.0,0.0,0.0,0.0,0.0,0.0,1831.5,1831.5,4186.6,4186.6,0.0,0.0,0.0,0.0,0.0,252.6,0.0,0.0,0.0,0.0,0.0,0.0,0.0,3900.5,33.5,0.0
2050-10-24 17:00:00,2050-10-24 15:00:00,1822.1,2431.9,0.0,0.0,4254.0,1761.8,0.0,0.0,0.0,0.0331,0.0477,upv,upv,0.0,0.0,0.0,0.0,0.0,0.0,0.0,0.0,0.0,0.0,0.0,0.0,0.0,0.0,0.0,0.0,0.0,0.0,156.8,3.0,0.3,18.5,1182.1,0.07,156.9,53.8,210.7,0.0,0.0,0.0,0.0,0.0,0.0,0.0,0.0,0.0,0.0,0.0,0.0,0.0,0.0,0.0,0.0,0.0,0.0,152.0,152.0,4254.0,4254.0,0.0,0.0,0.0,0.0,0.0,184.7,0.0,0.0,0.0,0.0,0.0,0.0,0.0,4038.7,30.6,0.0
2050-10-24 18:00:00,2050-10-24 16:00:00,1907.4,0.0,0.0,8.8,1916.1,1842.9,808.7,732.3,0.0,0.0338,0.0499,battery,gas-cc,0.0,0.0,0.0,0.0,0.0,0.0,0.0,0.0,0.0,0.0,0.0,0.0,0.3,0.7,0.01,0.0,0.3,0.3,145.0,2.7,0.27,17.1,1093.2,0.06,145.2,49.7,194.9,375.3,7.1,0.71,44.3,2831.8,0.16,375.7,128.8,504.4,29.59,0.0,0.0,29.59,31.14,0.0,0.0,31.14,0.0,0.0,0.0,1183.9,1107.5,76.4,0.0,0.0,0.0,0.0,45.4,0.0,0.0,0.0,0.0,0.0,0.0,0.0,1030.7,31.3,0.0
2050-10-24 19:00:00,2050-10-24 17:00:00,1987.4,0.0,0.0,12.4,1999.7,1918.9,1963.8,445.3,839.3,0.0345,0.052,battery,gas-cc,0.0,0.0,0.0,0.0,0.0,0.0,0.0,0.0,0.0,0.0,0.0,0.0,0.0,0.0,0.0,0.0,0.0,0.0,163.0,3.1,0.31,19.3,1229.0,0.07,163.2,55.9,219.1,425.9,8.0,0.8,50.3,3214.1,0.18,426.4,146.1,572.5,29.59,0.0,0.0,29.59,31.21,0.0,0.0,31.21,0.0,0.0,0.0,2393.8,35.9,2357.9,0.0,0.0,0.0,0.0,0.0,0.0,0.0,0.0,0.0,0.0,0.0,0.0,0.0,35.9,0.0
2050-10-24 20:00:00,2050-10-24 18:00:00,2101.1,0.0,0.0,11.5,2112.6,2026.5,2075.7,445.3,707.4,0.0355,0.0549,battery,gas-cc,0.0,0.0,0.0,0.0,0.0,0.0,0.0,0.0,0.0,0.0,0.0,0.0,0.0,0.0,0.0,0.0,0.0,0.0,150.3,2.8,0.28,17.8,1133.3,0.07,150.5,51.5,202.0,427.3,8.1,0.81,50.5,3224.2,0.19,427.7,146.6,574.3,29.59,0.0,0.0,29.59,31.31,0.0,0.0,31.31,0.0,0.0,0.0,2374.7,36.8,2337.9,0.0,0.0,0.0,0.0,0.0,0.0,0.0,0.0,0.0,0.0,0.0,0.0,0.0,36.8,0.0
2050-10-24 21:00:00,2050-10-24 19:00:00,2054.7,0.0,0.0,15.5,2070.2,1982.7,2048.9,445.3,1318.8,0.0351,0.0537,battery,gas-cc,0.0,0.0,0.0,0.0,0.0,0.0,0.0,0.0,0.0,0.0,0.0,0.0,0.0,0.0,0.0,0.0,0.0,0.0,144.4,2.7,0.27,17.1,1088.4,0.06,144.5,49.5,194.0,426.7,8.0,0.8,50.4,3220.1,0.18,427.2,146.4,573.6,29.59,0.0,0.0,29.59,31.27,0.0,0.0,31.27,0.0,0.0,0.0,2943.7,21.3,2922.4,0.0,0.0,0.0,0.0,0.0,0.0,0.0,0.0,0.0,0.0,0.0,0.0,0.0,21.3,0.0
2050-10-24 22:00:00,2050-10-24 20:00:00,1932.6,0.0,0.0,16.3,1948.9,1866.9,1925.3,445.3,1442.3,0.034,0.0505,battery,gas-cc,0.0,0.0,0.0,0.0,0.0,0.0,0.0,0.0,0.0,0.0,0.0,0.0,0.0,0.0,0.0,0.0,0.0,0.0,152.1,2.9,0.29,18.0,1146.6,0.07,152.2,52.2,204.4,425.3,8.0,0.8,50.2,3209.2,0.18,425.7,145.9,571.7,29.59,0.0,0.0,29.59,31.16,0.0,0.0,31.16,0.0,0.0,0.0,2945.9,23.6,2922.4,0.0,0.0,0.0,0.0,0.0,0.0,0.0,0.0,0.0,0.0,0.0,0.0,0.0,23.6,0.0
2050-10-24 23:00:00,2050-10-24 21:00:00,1798.9,0.0,0.0,14.6,1813.6,1739.8,1791.9,445.3,1186.1,0.0329,0.047,battery,gas-cc,0.0,0.0,0.0,0.0,0.0,0.0,0.0,0.0,0.0,0.0,0.0,0.0,0.0,0.0,0.0,0.0,0.0,0.0,144.1,2.7,0.27,17.0,1086.3,0.06,144.2,49.4,193.7,361.8,6.8,0.68,42.7,2730.2,0.16,362.2,124.1,486.3,29.59,0.0,0.0,29.59,31.05,0.0,0.0,31.05,0.0,0.0,0.0,2554.3,21.6,2532.7,0.0,0.0,0.0,0.0,0.0,0.0,0.0,0.0,0.0,0.0,0.0,0.0,0.0,21.6,0.0
2050-10-25 00:00:00,2050-10-24 22:00:00,1665.3,0.0,0.0,17.6,1682.8,1612.1,1663.0,445.3,1640.0,0.0319,0.0435,battery,gas-cc,0.0,0.0,0.0,0.0,0.0,0.0,0.0,0.0,0.0,0.0,0.0,0.0,0.0,0.0,0.0,0.0,0.0,0.0,156.0,2.9,0.3,18.4,1176.0,0.07,156.1,53.5,209.6,360.5,6.8,0.68,42.6,2720.3,0.16,360.9,123.7,484.6,30.12,0.0,0.0,30.12,31.49,0.0,0.0,31.49,0.0,0.0,0.0,2877.5,19.9,2857.6,0.0,0.0,0.0,0.0,0.0,0.0,0.0,0.0,0.0,0.0,0.0,0.0,0.0,19.9,0.0
2050-10-25 01:00:00,2050-10-24 23:00:00,1492.6,0.0,0.0,17.6,1510.2,1446.6,1486.0,445.3,1640.0,0.0308,0.039,battery,gas-cc,0.0,0.0,0.0,0.0,0.0,0.0,0.0,0.0,0.0,0.0,0.0,0.0,0.0,0.0,0.0,0.0,0.0,0.0,160.2,3.0,0.3,18.9,1207.6,0.07,160.3,54.9,215.3,358.8,6.8,0.68,42.4,2707.5,0.16,359.2,123.1,482.3,30.12,0.0,0.0,30.12,31.34,0.0,0.0,31.34,0.0,0.0,0.0,2704.9,24.2,2680.7,0.0,0.0,0.0,0.0,0.0,0.0,0.0,0.0,0.0,0.0,0.0,0.0,0.0,24.2,0.0
2050-10-25 02:00:00,2050-10-25 00:00:00,1320.0,0.0,0.0,15.1,1335.1,1280.4,1311.3,445.3,1264.4,0.03,0.0345,battery,gas-cc,0.0,0.0,0.0,0.0,0.0,0.0,0.0,0.0,0.0,0.0,0.0,0.0,0.0,0.0,0.0,0.0,0.0,0.0,178.5,3.4,0.34,21.1,1345.7,0.08,178.6,61.2,239.8,408.6,7.7,0.77,48.3,3083.5,0.18,409.1,140.2,549.3,30.12,0.0,0.0,30.12,31.2,0.0,0.0,31.2,0.0,0.0,0.0,2154.2,23.8,2130.4,0.0,0.0,0.0,0.0,0.0,0.0,0.0,0.0,0.0,0.0,0.0,0.0,0.0,23.8,0.0
2050-10-25 03:00:00,2050-10-25 01:00:00,1206.3,0.0,0.0,9.6,1215.9,1170.4,1199.5,445.3,410.3,0.0297,0.0315,battery,gas-cc,0.0,0.0,0.0,0.0,0.0,0.0,0.0,0.0,0.0,0.0,0.0,0.0,0.0,0.0,0.0,0.0,0.0,0.0,144.6,2.7,0.27,17.1,1090.5,0.06,144.8,49.6,194.4,407.4,7.7,0.77,48.1,3074.1,0.18,407.8,139.8,547.6,30.12,0.0,0.0,30.12,31.1,0.0,0.0,31.1,0.0,0.0,0.0,1180.9,16.4,1164.5,0.0,0.0,0.0,0.0,0.0,0.0,0.0,0.0,0.0,0.0,0.0,0.0,0.0,16.4,0.0
2050-10-25 04:00:00,2050-10-25 02:00:00,1121.1,0.0,0.0,8.2,1129.3,1087.8,1113.1,445.3,205.5,0.0297,0.0293,battery,gas-cc,0.0,0.0,0.0,0.0,0.0,0.0,0.0,0.0,0.0,0.0,0.0,0.0,0.0,0.0,0.0,0.0,0.0,0.0,151.7,2.9,0.29,17.9,1144.0,0.07,151.9,52.0,203.9,406.4,7.7,0.77,48.0,3067.0,0.18,406.9,139.5,546.3,30.12,0.0,0.0,30.12,31.03,0.0,0.0,31.03,0.0,0.0,0.0,889.5,16.2,873.3,0.0,0.0,0.0,0.0,0.0,0.0,0.0,0.0,0.0,0.0,0.0,0.0,0.0,16.2,0.0
2050-10-25 05:00:00,2050-10-25 03:00:00,1077.9,0.0,0.0,13.8,1091.7,1045.8,1070.8,445.3,1056.2,0.0297,0.0282,battery,gas-cc,0.0,0.0,0.0,0.0,0.0,0.0,0.0,0.0,0.0,0.0,0.0,0.0,0.0,0.0,0.0,0.0,0.0,0.0,163.6,3.1,0.31,19.3,1234.0,0.07,163.8,56.1,219.9,406.0,7.7,0.77,48.0,3063.4,0.18,406.4,139.3,545.7,30.12,0.0,0.0,30.12,30.99,0.0,0.0,30.99,0.0,0.0,0.0,1702.6,20.9,1681.7,0.0,0.0,0.0,0.0,0.0,0.0,0.0,0.0,0.0,0.0,0.0,0.0,0.0,20.9,0.0
2050-10-25 06:00:00,2050-10-25 04:00:00,1072.6,0.0,0.0,6.9,1079.5,1040.7,1060.0,445.3,0.0,0.0297,0.0281,battery,gas-cc,0.0,0.0,0.0,0.0,0.0,0.0,0.0,0.0,0.0,0.0,0.0,0.0,0.0,0.0,0.0,0.0,0.0,0.0,154.0,2.9,0.29,18.2,1160.8,0.07,154.1,52.8,206.9,354.7,6.7,0.67,41.9,2676.9,0.15,355.1,121.7,476.8,30.12,0.0,0.0,30.12,30.99,0.0,0.0,30.99,0.0,0.0,0.0,634.2,19.6,614.7,0.0,0.0,0.0,0.0,0.0,0.0,0.0,0.0,0.0,0.0,0.0,0.0,0.0,19.6,0.0
2050-10-25 07:00:00,2050-10-25 05:00:00,1124.2,0.0,0.0,6.9,1131.1,1090.8,1105.9,445.3,0.0,0.0297,0.0294,battery,gas-cc,0.0,0.0,0.0,0.0,0.0,0.0,0.0,0.0,0.0,0.0,0.0,0.0,0.0,0.0,0.0,0.0,0.0,0.0,144.5,2.7,0.27,17.1,1089.4,0.06,144.7,49.6,194.2,355.2,6.7,0.67,42.0,2680.6,0.15,355.6,121.9,477.5,30.12,0.0,0.0,30.12,31.03,0.0,0.0,31.03,0.0,0.0,0.0,685.8,25.3,660.5,0.0,0.0,0.0,0.0,0.0,0.0,0.0,0.0,0.0,0.0,0.0,0.0,0.0,25.3,0.0
2050-10-25 08:00:00,2050-10-25 06:00:00,1216.8,0.0,0.0,12.7,1229.5,1180.6,236.0,445.3,887.8,0.0298,0.0318,battery,gas-cc,0.0,0.0,0.0,0.0,0.0,0.0,0.0,0.0,0.0,0.0,0.0,0.0,0.0,0.0,0.0,0.0,0.0,0.0,157.4,3.0,0.3,18.6,1187.1,0.07,157.6,54.0,211.6,407.5,7.7,0.77,48.1,3074.9,0.18,407.9,139.8,547.7,30.12,0.0,0.0,30.12,31.11,0.0,0.0,31.11,0.0,0.0,0.0,1672.0,993.6,678.5,0.0,0.0,0.0,0.0,40.4,0.0,0.0,0.0,0.0,0.0,0.0,0.0,916.8,36.3,0.0
2050-10-25 09:00:00,2050-10-25 07:00:00,1340.0,3887.8,0.0,0.0,5227.8,1299.7,-0.0,0.0,0.0,0.0301,0.035,upv,upv,0.0,0.0,0.0,0.0,0.0,0.0,0.0,0.0,0.0,0.0,0.0,0.0,0.0,0.0,0.0,0.0,0.0,0.0,139.7,2.6,0.26,16.5,1053.1,0.06,139.8,47.9,187.7,0.0,0.0,0.0,0.0,0.0,0.0,0.0,0.0,0.0,0.0,0.0,0.0,0.0,0.0,0.0,0.0,0.0,0.0,1373.3,1373.3,5227.8,5227.8,0.0,0.0,0.0,0.0,0.0,277.2,0.0,0.0,0.0,0.0,0.0,0.0,0.0,4917.7,32.9,0.0
2050-10-25 10:00:00,2050-10-25 08:00:00,1478.9,3824.8,0.0,0.0,5303.7,1433.5,0.0,0.0,0.0,0.0307,0.0387,upv,upv,0.0,0.0,0.0,0.0,0.0,0.0,0.0,0.0,0.0,0.0,0.0,0.0,0.0,0.0,0.0,0.0,0.0,0.0,140.3,2.6,0.27,16.6,1057.4,0.06,140.4,48.1,188.5,0.0,0.0,0.0,0.0,0.0,0.0,0.0,0.0,0.0,0.0,0.0,0.0,0.0,0.0,0.0,0.0,0.0,0.0,3866.3,3866.3,5303.7,5303.7,0.0,0.0,0.0,0.0,0.0,386.2,0.0,0.0,0.0,0.0,0.0,0.0,0.0,4896.5,21.1,0.0
2050-10-25 11:00:00,2050-10-25 09:00:00,1510.5,3406.0,0.0,0.0,4916.5,1463.8,0.0,0.0,0.0,0.0309,0.0395,upv,upv,0.0,0.0,0.0,0.0,0.0,0.0,0.0,0.0,0.0,0.0,0.0,0.0,0.0,0.0,0.0,0.0,0.0,0.0,139.8,2.6,0.26,16.5,1054.0,0.06,140.0,47.9,187.9,0.0,0.0,0.0,0.0,0.0,0.0,0.0,0.0,0.0,0.0,0.0,0.0,0.0,0.0,0.0,0.0,0.0,0.0,4487.6,4487.6,4916.5,4916.5,0.0,0.0,0.0,0.0,0.0,395.2,0.0,0.0,0.0,0.0,0.0,0.0,0.0,4482.0,39.4,0.0
2050-10-25 12:00:00,2050-10-25 10:00:00,1505.3,3141.4,0.0,0.0,4646.7,1458.8,0.0,0.0,0.0,0.0309,0.0394,upv,upv,0.0,0.0,0.0,0.0,0.0,0.0,0.0,0.0,0.0,0.0,0.0,0.0,0.0,0.0,0.0,0.0,0.0,0.0,139.8,2.6,0.26,16.5,1053.9,0.06,139.9,47.9,187.9,0.0,0.0,0.0,0.0,0.0,0.0,0.0,0.0,0.0,0.0,0.0,0.0,0.0,0.0,0.0,0.0,0.0,0.0,4388.8,4388.8,4646.7,4646.7,0.0,0.0,0.0,0.0,0.0,378.9,0.0,0.0,0.0,0.0,0.0,0.0,0.0,4212.4,55.4,0.0
2050-10-25 13:00:00,2050-10-25 11:00:00,1528.4,4019.6,0.0,0.0,5548.0,1481.0,0.0,0.0,0.0,0.031,0.04,upv,upv,0.0,0.0,0.0,0.0,0.0,0.0,0.0,0.0,0.0,0.0,0.0,0.0,0.0,0.0,0.0,0.0,0.0,0.0,139.8,2.6,0.26,16.5,1054.1,0.06,140.0,47.9,187.9,0.0,0.0,0.0,0.0,0.0,0.0,0.0,0.0,0.0,0.0,0.0,0.0,0.0,0.0,0.0,0.0,0.0,0.0,3312.7,3312.7,5548.0,5548.0,0.0,0.0,0.0,0.0,0.0,370.6,0.0,0.0,0.0,0.0,0.0,0.0,0.0,5094.7,82.7,0.0
2050-10-25 14:00:00,2050-10-25 12:00:00,1564.2,3600.8,0.0,0.0,5165.1,1515.4,0.0,0.0,0.0,0.0312,0.0409,upv,upv,0.0,0.0,0.0,0.0,0.0,0.0,0.0,0.0,0.0,0.0,0.0,0.0,0.0,0.0,0.0,0.0,0.0,0.0,139.8,2.6,0.26,16.5,1054.3,0.06,140.0,48.0,188.0,0.0,0.0,0.0,0.0,0.0,0.0,0.0,0.0,0.0,0.0,0.0,0.0,0.0,0.0,0.0,0.0,0.0,0.0,3866.6,3866.6,5165.1,5165.1,0.0,0.0,0.0,0.0,0.0,377.1,0.0,0.0,0.0,0.0,0.0,0.0,0.0,4689.4,98.5,0.0
2050-10-25 15:00:00,2050-10-25 13:00:00,1624.2,2788.6,0.0,0.0,4412.8,1572.9,0.0,0.0,0.0,0.0316,0.0425,upv,upv,0.0,0.0,0.0,0.0,0.0,0.0,0.0,0.0,0.0,0.0,0.0,0.0,0.0,0.0,0.0,0.0,0.0,0.0,139.9,2.6,0.26,16.5,1054.7,0.06,140.1,48.0,188.0,0.0,0.0,0.0,0.0,0.0,0.0,0.0,0.0,0.0,0.0,0.0,0.0,0.0,0.0,0.0,0.0,0.0,0.0,5040.8,5040.8,4412.8,4412.8,0.0,0.0,0.0,0.0,0.0,394.5,0.0,0.0,0.0,0.0,0.0,0.0,0.0,3909.4,109.0,0.0
2050-10-25 16:00:00,2050-10-25 14:00:00,1656.8,2456.1,0.0,0.0,4112.9,1604.1,0.0,0.0,0.0,0.0318,0.0433,upv,upv,0.0,0.0,0.0,0.0,0.0,0.0,0.0,0.0,0.0,0.0,0.0,0.0,0.0,0.0,0.0,0.0,0.0,0.0,139.9,2.6,0.26,16.5,1055.0,0.06,140.1,48.0,188.1,0.0,0.0,0.0,0.0,0.0,0.0,0.0,0.0,0.0,0.0,0.0,0.0,0.0,0.0,0.0,0.0,0.0,0.0,5544.0,5544.0,4112.9,4112.9,0.0,0.0,0.0,0.0,0.0,402.4,0.0,0.0,0.0,0.0,0.0,0.0,0.0,3587.1,123.4,0.0
2050-10-25 17:00:00,2050-10-25 15:00:00,1752.6,2431.9,0.0,0.0,4184.5,1695.6,0.0,0.0,0.0,0.0325,0.0458,upv,upv,0.0,0.0,0.0,0.0,0.0,0.0,0.0,0.0,0.0,0.0,0.0,0.0,0.0,0.0,0.0,0.0,0.0,0.0,140.0,2.6,0.27,16.5,1055.7,0.06,140.2,48.0,188.2,0.0,0.0,0.0,0.0,0.0,0.0,0.0,0.0,0.0,0.0,0.0,0.0,0.0,0.0,0.0,0.0,0.0,0.0,4513.0,4513.0,4184.5,4184.5,0.0,0.0,0.0,0.0,0.0,362.2,0.0,0.0,0.0,0.0,0.0,0.0,0.0,3707.0,115.4,0.0
2050-10-25 18:00:00,2050-10-25 16:00:00,1837.9,1609.5,0.0,7.9,3455.3,1776.9,284.3,445.3,161.0,0.0332,0.0481,gas-cc,gas-cc,0.0,0.0,0.0,0.0,0.0,0.0,0.0,0.0,0.0,0.0,0.0,0.0,0.0,0.0,0.0,0.0,0.0,0.0,161.0,3.0,0.3,19.0,1214.1,0.07,161.2,55.2,216.4,387.4,7.3,0.73,45.8,2923.3,0.17,387.8,132.9,520.7,24.78,0.0,0.0,24.78,26.03,0.0,0.0,26.03,0.0,0.0,0.0,3171.0,3171.0,0.0,0.0,0.0,0.0,0.0,129.0,0.0,0.0,0.0,0.0,0.0,0.0,0.0,2927.4,114.6,0.0
2050-10-25 19:00:00,2050-10-25 17:00:00,1923.2,0.0,0.0,9.0,1932.1,1857.9,1782.1,445.3,315.8,0.0339,0.0503,battery,gas-cc,0.0,0.0,0.0,0.0,0.0,0.0,0.0,0.0,0.0,0.0,0.0,0.0,0.0,0.0,0.0,0.0,0.0,0.0,171.2,3.2,0.32,20.2,1290.8,0.07,171.4,58.7,230.1,375.4,7.1,0.71,44.3,2833.0,0.16,375.8,128.8,504.6,32.3,0.0,0.0,32.3,34.01,0.0,0.0,34.01,0.0,0.0,0.0,1802.6,150.0,1652.6,0.0,0.0,0.0,0.0,0.0,0.0,0.0,0.0,0.0,0.0,0.0,0.0,0.0,150.0,0.0
2050-10-25 20:00:00,2050-10-25 18:00:00,2021.1,0.0,0.0,8.2,2029.3,1950.8,1891.7,445.3,206.2,0.0348,0.0529,battery,gas-cc,0.0,0.0,0.0,0.0,0.0,0.0,0.0,0.0,0.0,0.0,0.0,0.0,0.0,0.0,0.0,0.0,0.0,0.0,144.9,2.7,0.27,17.1,1092.4,0.06,145.1,49.7,194.7,376.4,7.1,0.71,44.5,2840.7,0.16,376.8,129.2,506.0,32.3,0.0,0.0,32.3,34.11,0.0,0.0,34.11,0.0,0.0,0.0,1790.2,137.6,1652.6,0.0,0.0,0.0,0.0,0.0,0.0,0.0,0.0,0.0,0.0,0.0,0.0,0.0,137.6,0.0
2050-10-25 21:00:00,2050-10-25 19:00:00,1961.1,0.0,0.0,17.3,1978.4,1893.9,1859.5,445.3,1602.2,0.0342,0.0513,battery,gas-cc,0.0,0.0,0.0,0.0,0.0,0.0,0.0,0.0,0.0,0.0,0.0,0.0,0.0,0.0,0.0,0.0,0.0,0.0,151.2,2.9,0.29,17.9,1140.4,0.07,151.4,51.9,203.3,403.0,7.6,0.76,47.6,3041.3,0.17,403.5,138.3,541.7,32.3,0.0,0.0,32.3,34.05,0.0,0.0,34.05,0.0,0.0,0.0,3135.2,118.9,3016.4,0.0,0.0,0.0,0.0,0.0,0.0,0.0,0.0,0.0,0.0,0.0,0.0,0.0,118.9,0.0
2050-10-25 22:00:00,2050-10-25 20:00:00,1843.2,0.0,0.0,9.3,1852.4,1781.9,1734.8,445.3,363.1,0.0332,0.0482,battery,gas-cc,0.0,0.0,0.0,0.0,0.0,0.0,0.0,0.0,0.0,0.0,0.0,0.0,0.0,0.0,0.0,0.0,0.0,0.0,152.0,2.9,0.29,18.0,1146.4,0.07,152.2,52.1,204.4,374.6,7.1,0.71,44.3,2826.8,0.16,375.0,128.5,503.5,32.3,0.0,0.0,32.3,33.94,0.0,0.0,33.94,0.0,0.0,0.0,1770.2,117.6,1652.6,0.0,0.0,0.0,0.0,0.0,0.0,0.0,0.0,0.0,0.0,0.0,0.0,0.0,117.6,0.0
2050-10-25 23:00:00,2050-10-25 21:00:00,1695.8,0.0,0.0,15.4,1711.2,1641.3,1595.1,445.3,1311.2,0.0321,0.0443,battery,gas-cc,0.0,0.0,0.0,0.0,0.0,0.0,0.0,0.0,0.0,0.0,0.0,0.0,0.0,0.0,0.0,0.0,0.0,0.0,144.8,2.7,0.27,17.1,1091.9,0.06,145.0,49.7,194.7,373.1,7.0,0.7,44.1,2815.4,0.16,373.5,128.0,501.5,32.3,0.0,0.0,32.3,33.8,0.0,0.0,33.8,0.0,0.0,0.0,2577.1,116.1,2461.0,0.0,0.0,0.0,0.0,0.0,0.0,0.0,0.0,0.0,0.0,0.0,0.0,0.0,116.1,0.0
2050-10-26 00:00:00,2050-10-25 22:00:00,1592.6,0.0,0.0,17.6,1610.2,1542.6,1511.8,445.3,1640.0,0.0314,0.0416,battery,gas-cc,0.0,0.0,0.0,0.0,0.0,0.0,0.0,0.0,0.0,0.0,0.0,0.0,0.0,0.0,0.0,0.0,0.0,0.0,144.1,2.7,0.27,17.0,1086.7,0.06,144.3,49.4,193.7,379.2,7.1,0.71,44.8,2861.5,0.16,379.6,130.1,509.7,34.58,0.0,0.0,34.58,36.09,0.0,0.0,36.09,0.0,0.0,0.0,2804.9,98.4,2706.5,0.0,0.0,0.0,0.0,0.0,0.0,0.0,0.0,0.0,0.0,0.0,0.0,0.0,98.4,0.0
2050-10-26 01:00:00,2050-10-25 23:00:00,1423.2,0.0,0.0,7.1,1430.2,1379.8,1359.8,302.8,368.9,0.0305,0.0372,battery,gas-cc,0.0,0.0,0.0,0.0,0.0,0.0,0.0,0.0,0.0,0.0,0.0,0.0,0.0,0.0,0.0,0.0,0.0,0.0,144.1,2.7,0.27,17.0,1086.4,0.06,144.3,49.4,193.7,377.5,7.1,0.71,44.6,2848.3,0.16,377.9,129.5,507.4,34.58,0.0,0.0,34.58,35.92,0.0,0.0,35.92,0.0,0.0,0.0,1496.4,70.5,1425.9,0.0,0.0,0.0,0.0,0.0,0.0,0.0,0.0,0.0,0.0,0.0,0.0,0.0,70.5,0.0
2050-10-26 02:00:00,2050-10-26 00:00:00,1277.9,0.0,0.0,11.0,1288.9,1239.7,1229.7,24.9,1640.0,0.0299,0.0334,battery,gas-cc,0.0,0.0,0.0,0.0,0.0,0.0,0.0,0.0,0.0,0.0,0.0,0.0,0.0,0.0,0.0,0.0,0.0,0.0,144.2,2.7,0.27,17.0,1087.5,0.06,144.4,49.5,193.9,401.7,7.6,0.76,47.5,3031.3,0.17,402.1,137.8,540.0,34.58,0.0,0.0,34.58,35.78,0.0,0.0,35.78,0.0,0.0,0.0,2904.0,59.3,2844.7,0.0,0.0,0.0,0.0,0.0,0.0,0.0,0.0,0.0,0.0,0.0,0.0,0.0,59.3,0.0
2050-10-26 03:00:00,2050-10-26 01:00:00,1183.2,0.0,0.0,10.5,1193.7,1148.0,1160.0,417.1,624.8,0.0297,0.0309,battery,gas-cc,0.0,0.0,0.0,0.0,0.0,0.0,0.0,0.0,0.0,0.0,0.0,0.0,0.0,0.0,0.0,0.0,0.0,0.0,144.6,2.7,0.27,17.1,1090.4,0.06,144.8,49.6,194.4,400.7,7.6,0.76,47.3,3023.5,0.17,401.1,137.5,538.6,34.58,0.0,0.0,34.58,35.69,0.0,0.0,35.69,0.0,0.0,0.0,1401.4,33.7,1367.7,0.0,0.0,0.0,0.0,0.0,0.0,0.0,0.0,0.0,0.0,0.0,0.0,0.0,33.7,0.0
2050-10-26 04:00:00,2050-10-26 02:00:00,1115.8,0.0,0.0,10.6,1126.4,1082.7,1102.3,397.8,688.4,0.0297,0.0292,battery,gas-cc,0.0,0.0,0.0,0.0,0.0,0.0,0.0,0.0,0.0,0.0,0.0,0.0,0.0,0.0,0.0,0.0,0.0,0.0,144.3,2.7,0.27,17.1,1088.3,0.06,144.5,49.5,194.0,399.9,7.5,0.75,47.2,3018.0,0.17,400.4,137.2,537.6,34.58,0.0,0.0,34.58,35.62,0.0,0.0,35.62,0.0,0.0,0.0,1417.0,24.2,1392.9,0.0,0.0,0.0,0.0,0.0,0.0,0.0,0.0,0.0,0.0,0.0,0.0,0.0,24.2,0.0
2050-10-26 05:00:00,2050-10-26 03:00:00,1082.1,0.0,0.0,7.2,1089.3,1049.9,1063.9,0.0,1110.9,0.0297,0.0283,battery,gas-cc,0.0,0.0,0.0,0.0,0.0,0.0,0.0,0.0,0.0,0.0,0.0,0.0,0.0,0.0,0.0,0.0,0.0,0.0,144.0,2.7,0.27,17.0,1085.7,0.06,144.2,49.4,193.6,424.5,8.0,0.8,50.2,3203.7,0.18,425.0,145.7,570.7,34.58,0.0,0.0,34.58,35.59,0.0,0.0,35.59,0.0,0.0,0.0,2200.2,25.4,2174.9,0.0,0.0,0.0,0.0,0.0,0.0,0.0,0.0,0.0,0.0,0.0,0.0,0.0,25.4,0.0
2050-10-26 06:00:00,2050-10-26 04:00:00,1080.0,0.0,0.0,9.9,1089.9,1047.9,1064.2,295.8,819.2,0.0297,0.0282,battery,gas-cc,0.0,0.0,0.0,0.0,0.0,0.0,0.0,0.0,0.0,0.0,0.0,0.0,0.0,0.0,0.0,0.0,0.0,0.0,155.4,2.9,0.29,18.4,1171.8,0.07,155.6,53.3,208.9,399.6,7.5,0.75,47.2,3015.1,0.17,400.0,137.1,537.1,34.58,0.0,0.0,34.58,35.59,0.0,0.0,35.59,0.0,0.0,0.0,1613.3,25.7,1587.7,0.0,0.0,0.0,0.0,0.0,0.0,0.0,0.0,0.0,0.0,0.0,0.0,0.0,25.7,0.0
2050-10-26 07:00:00,2050-10-26 05:00:00,1133.7,0.0,0.0,0.5,1134.2,1100.0,1115.2,0.0,72.9,0.0297,0.0296,battery,gas-cc,0.0,0.0,0.0,0.0,0.0,0.0,0.0,0.0,0.0,0.0,0.0,0.0,0.0,0.0,0.0,0.0,0.0,0.0,148.3,2.8,0.28,17.5,1118.3,0.06,148.5,50.9,199.4,405.8,7.6,0.76,47.9,3062.4,0.18,406.3,139.2,545.5,34.58,0.0,0.0,34.58,35.64,0.0,0.0,35.64,0.0,0.0,0.0,1207.0,18.9,1188.1,0.0,0.0,0.0,0.0,0.0,0.0,0.0,0.0,0.0,0.0,0.0,0.0,0.0,18.9,0.0
2050-10-26 08:00:00,2050-10-26 06:00:00,1208.4,0.0,0.0,2.1,1210.5,1172.5,133.9,133.9,0.0,0.0298,0.0316,battery,gas-cc,0.0,0.0,0.0,0.0,0.0,0.0,0.0,0.0,0.0,0.0,0.0,0.0,0.0,0.0,0.0,0.0,0.0,0.0,142.4,2.7,0.27,16.8,1073.7,0.06,142.6,48.8,191.4,400.9,7.6,0.76,47.4,3025.6,0.17,401.4,137.6,538.9,34.58,0.0,0.0,34.58,35.71,0.0,0.0,35.71,0.0,0.0,0.0,1076.6,1076.6,0.0,0.0,0.0,0.0,0.0,44.6,0.0,0.0,0.0,0.0,0.0,0.0,0.0,1011.3,20.7,0.0
2050-10-26 09:00:00,2050-10-26 07:00:00,1353.7,2431.9,0.0,0.0,3785.6,1312.9,0.0,0.0,0.0,0.0302,0.0354,upv,upv,0.0,0.0,0.0,0.0,0.0,0.0,0.0,0.0,0.0,0.0,0.0,0.0,0.0,0.0,0.0,0.0,0.0,0.0,139.7,2.6,0.26,16.5,1053.1,0.06,139.8,47.9,187.7,0.0,0.0,0.0,0.0,0.0,0.0,0.0,0.0,0.0,0.0,0.0,0.0,0.0,0.0,0.0,0.0,0.0,24.4,3447.3,3471.7,3785.6,3785.6,0.0,0.0,0.0,0.0,0.0,305.3,0.0,0.0,0.0,0.0,0.0,0.0,0.0,3480.3,0.0,0.0
2050-10-26 10:00:00,2050-10-26 08:00:00,1482.1,3729.8,0.0,0.0,5211.9,1436.5,0.0,0.0,0.0,0.0308,0.0388,upv,upv,0.0,0.0,0.0,0.0,0.0,0.0,0.0,0.0,0.0,0.0,0.0,0.0,0.0,0.0,0.0,0.0,0.0,0.0,139.8,2.6,0.26,16.5,1053.8,0.06,139.9,47.9,187.9,0.0,0.0,0.0,0.0,0.0,0.0,0.0,0.0,0.0,0.0,0.0,0.0,0.0,0.0,0.0,0.0,0.0,25.2,4591.3,4616.5,5211.9,5211.9,0.0,0.0,0.0,0.0,0.0,413.6,0.0,0.0,0.0,0.0,0.0,0.0,0.0,4798.3,0.0,0.0
2050-10-26 11:00:00,2050-10-26 09:00:00,1494.7,4019.6,0.0,0.0,5514.3,1448.7,0.0,0.0,0.0,0.0308,0.0391,upv,upv,0.0,0.0,0.0,0.0,0.0,0.0,0.0,0.0,0.0,0.0,0.0,0.0,0.0,0.0,0.0,0.0,0.0,0.0,141.0,2.7,0.27,16.7,1063.0,0.06,141.2,48.4,189.5,0.0,0.0,0.0,0.0,0.0,0.0,0.0,0.0,0.0,0.0,0.0,0.0,0.0,0.0,0.0,0.0,0.0,19.9,4309.4,4329.2,5514.3,5514.3,0.0,0.0,0.0,0.0,0.0,414.7,0.0,0.0,0.0,0.0,0.0,0.0,0.0,5099.6,0.0,0.0
2050-10-26 12:00:00,2050-10-26 10:00:00,1466.3,2461.0,0.0,0.0,3927.3,1421.3,0.0,0.0,0.0,0.0307,0.0383,upv,upv,0.0,0.0,0.0,0.0,0.0,0.0,0.0,0.0,0.0,0.0,0.0,0.0,0.0,0.0,0.0,0.0,0.0,0.0,139.8,2.6,0.26,16.5,1053.7,0.06,139.9,47.9,187.8,0.0,0.0,0.0,0.0,0.0,0.0,0.0,0.0,0.0,0.0,0.0,0.0,0.0,0.0,0.0,0.0,0.0,0.0,5420.3,5420.3,3927.3,3927.3,0.0,0.0,0.0,0.0,0.0,393.7,0.0,0.0,0.0,0.0,0.0,0.0,0.0,3517.0,16.6,0.0
2050-10-26 13:00:00,2050-10-26 11:00:00,1458.9,3849.9,0.0,0.0,5308.9,1414.3,0.0,0.0,0.0,0.0306,0.0382,upv,upv,0.0,0.0,0.0,0.0,0.0,0.0,0.0,0.0,0.0,0.0,0.0,0.0,0.0,0.0,0.0,0.0,0.0,0.0,139.8,2.6,0.26,16.5,1053.7,0.06,139.9,47.9,187.8,0.0,0.0,0.0,0.0,0.0,0.0,0.0,0.0,0.0,0.0,0.0,0.0,0.0,0.0,0.0,0.0,0.0,15.3,3698.2,3713.6,5308.9,5308.9,0.0,0.0,0.0,0.0,0.0,380.0,0.0,0.0,0.0,0.0,0.0,0.0,0.0,4928.9,0.0,0.0
2050-10-26 14:00:00,2050-10-26 12:00:00,1474.7,4019.6,0.0,0.0,5494.3,1429.4,0.0,0.0,0.0,0.0307,0.0386,upv,upv,0.0,0.0,0.0,0.0,0.0,0.0,0.0,0.0,0.0,0.0,0.0,0.0,0.0,0.0,0.0,0.0,0.0,0.0,139.8,2.6,0.26,16.5,1053.7,0.06,139.9,47.9,187.9,0.0,0.0,0.0,0.0,0.0,0.0,0.0,0.0,0.0,0.0,0.0,0.0,0.0,0.0,0.0,0.0,0.0,14.0,3620.9,3634.9,5494.3,5494.3,0.0,0.0,0.0,0.0,0.0,384.7,0.0,0.0,0.0,0.0,0.0,0.0,0.0,5109.6,0.0,0.0
2050-10-26 15:00:00,2050-10-26 13:00:00,1544.2,4019.6,0.0,0.0,5563.8,1496.2,0.0,0.0,0.0,0.0311,0.0404,upv,upv,0.0,0.0,0.0,0.0,0.0,0.0,0.0,0.0,0.0,0.0,0.0,0.0,0.0,0.0,0.0,0.0,0.0,0.0,139.8,2.6,0.26,16.5,1054.2,0.06,140.0,48.0,187.9,0.0,0.0,0.0,0.0,0.0,0.0,0.0,0.0,0.0,0.0,0.0,0.0,0.0,0.0,0.0,0.0,0.0,14.7,3875.3,3890.0,5563.8,5563.8,0.0,0.0,0.0,0.0,0.0,398.4,0.0,0.0,0.0,0.0,0.0,0.0,0.0,5165.4,0.0,0.0
2050-10-26 16:00:00,2050-10-26 14:00:00,1595.8,2593.8,0.0,0.0,4189.6,1545.6,0.0,0.0,0.0,0.0314,0.0417,upv,upv,0.0,0.0,0.0,0.0,0.0,0.0,0.0,0.0,0.0,0.0,0.0,0.0,0.0,0.0,0.0,0.0,0.0,0.0,139.9,2.6,0.26,16.5,1054.5,0.06,140.0,48.0,188.0,0.0,0.0,0.0,0.0,0.0,0.0,0.0,0.0,0.0,0.0,0.0,0.0,0.0,0.0,0.0,0.0,0.0,0.0,5443.4,5443.4,4189.6,4189.6,0.0,0.0,0.0,0.0,0.0,405.6,0.0,0.0,0.0,0.0,0.0,0.0,0.0,3765.3,18.6,0.0
2050-10-26 17:00:00,2050-10-26 15:00:00,1683.2,2431.9,0.0,0.0,4115.1,1629.3,0.0,0.0,0.0,0.032,0.044,upv,upv,0.0,0.0,0.0,0.0,0.0,0.0,0.0,0.0,0.0,0.0,0.0,0.0,0.0,0.0,0.0,0.0,0.0,0.0,140.0,2.6,0.26,16.5,1055.2,0.06,140.1,48.0,188.1,0.0,0.0,0.0,0.0,0.0,0.0,0.0,0.0,0.0,0.0,0.0,0.0,0.0,0.0,0.0,0.0,0.0,0.0,4677.2,4677.2,4115.1,4115.1,0.0,0.0,0.0,0.0,0.0,369.9,0.0,0.0,0.0,0.0,0.0,0.0,0.0,3717.2,27.9,0.0
2050-10-26 18:00:00,2050-10-26 16:00:00,1788.4,0.0,0.0,13.3,1801.7,1729.7,-1341.5,0.0,1341.5,0.0328,0.0468,battery,gas-cc,0.0,0.0,0.0,0.0,0.0,0.0,0.0,0.0,0.0,0.0,0.0,0.0,0.0,0.0,0.0,0.0,0.0,0.0,140.5,2.7,0.27,16.6,1059.5,0.06,140.7,48.2,188.9,406.0,7.7,0.77,48.0,3063.4,0.18,406.4,139.3,545.7,34.58,0.0,0.0,34.58,36.28,0.0,0.0,36.28,0.0,0.0,0.0,3143.2,3143.2,0.0,0.0,0.0,0.0,0.0,130.8,0.0,0.0,0.0,0.0,0.0,0.0,0.0,2969.4,43.0,0.0
2050-10-26 19:00:00,2050-10-26 17:00:00,1891.6,0.0,0.0,10.7,1902.2,1827.9,1823.4,0.0,1640.0,0.0336,0.0495,battery,gas-cc,0.0,0.0,0.0,0.0,0.0,0.0,0.0,0.0,0.0,0.0,0.0,0.0,0.0,0.0,0.0,0.0,0.0,0.0,145.1,2.7,0.27,17.1,1093.7,0.06,145.2,49.7,195.0,414.8,7.8,0.78,49.0,3130.0,0.18,415.2,142.3,557.5,36.44,0.0,0.0,36.44,38.34,0.0,0.0,38.34,0.0,0.0,0.0,3542.2,78.8,3463.4,0.0,0.0,0.0,0.0,0.0,0.0,0.0,0.0,0.0,0.0,0.0,0.0,0.0,78.8,0.0
2050-10-26 20:00:00,2050-10-26 18:00:00,2017.9,0.0,0.0,10.7,2028.6,1947.8,1965.0,0.0,1640.0,0.0347,0.0528,battery,gas-cc,0.0,0.0,0.0,0.0,0.0,0.0,0.0,0.0,0.0,0.0,0.0,0.0,0.0,0.0,0.0,0.0,0.0,0.0,145.0,2.7,0.27,17.1,1093.1,0.06,145.1,49.7,194.9,416.2,7.8,0.78,49.2,3140.9,0.18,416.7,142.8,559.5,36.44,0.0,0.0,36.44,38.47,0.0,0.0,38.47,0.0,0.0,0.0,3668.5,63.6,3605.0,0.0,0.0,0.0,0.0,0.0,0.0,0.0,0.0,0.0,0.0,0.0,0.0,0.0,63.6,0.0
2050-10-26 21:00:00,2050-10-26 19:00:00,1980.0,0.0,0.0,4.8,1984.8,1911.9,1936.9,0.0,731.2,0.0344,0.0518,battery,gas-cc,0.0,0.0,0.0,0.0,0.0,0.0,0.0,0.0,0.0,0.0,0.0,0.0,0.0,0.0,0.0,0.0,0.0,0.0,149.2,2.8,0.28,17.6,1125.0,0.06,149.4,51.2,200.5,415.8,7.8,0.78,49.1,3137.6,0.18,416.2,142.7,558.9,36.44,0.0,0.0,36.44,38.43,0.0,0.0,38.43,0.0,0.0,0.0,2715.9,47.8,2668.1,0.0,0.0,0.0,0.0,0.0,0.0,0.0,0.0,0.0,0.0,0.0,0.0,0.0,47.8,0.0
2050-10-26 22:00:00,2050-10-26 20:00:00,1848.4,0.0,0.0,3.0,1851.4,1786.9,1810.1,0.0,456.1,0.0333,0.0483,battery,gas-cc,0.0,0.0,0.0,0.0,0.0,0.0,0.0,0.0,0.0,0.0,0.0,0.0,0.0,0.0,0.0,0.0,0.0,0.0,146.7,2.8,0.28,17.3,1105.7,0.06,146.8,50.3,197.1,410.6,7.7,0.77,48.5,3098.4,0.18,411.0,140.9,551.9,36.44,0.0,0.0,36.44,38.3,0.0,0.0,38.3,0.0,0.0,0.0,2307.4,41.3,2266.2,0.0,0.0,0.0,0.0,0.0,0.0,0.0,0.0,0.0,0.0,0.0,0.0,0.0,41.3,0.0
2050-10-26 23:00:00,2050-10-26 21:00:00,1731.6,0.0,0.0,5.6,1737.2,1675.5,1697.6,0.0,864.2,0.0324,0.0453,battery,gas-cc,0.0,0.0,0.0,0.0,0.0,0.0,0.0,0.0,0.0,0.0,0.0,0.0,0.0,0.0,0.0,0.0,0.0,0.0,186.6,3.5,0.35,22.0,1407.6,0.08,186.8,64.0,250.8,409.3,7.7,0.77,48.3,3088.4,0.18,409.7,140.4,550.1,36.44,0.0,0.0,36.44,38.17,0.0,0.0,38.17,0.0,0.0,0.0,2601.4,39.6,2561.8,0.0,0.0,0.0,0.0,0.0,0.0,0.0,0.0,0.0,0.0,0.0,0.0,0.0,39.6,0.0
2050-10-27 00:00:00,2050-10-26 22:00:00,1597.9,0.0,0.0,2.3,1600.2,1547.6,1559.2,0.0,354.6,0.0314,0.0418,battery,gas-cc,0.0,0.0,0.0,0.0,0.0,0.0,0.0,0.0,0.0,0.0,0.0,0.0,0.0,0.0,0.0,0.0,0.0,0.0,168.1,3.2,0.32,19.9,1268.0,0.07,168.3,57.7,226.0,496.0,9.3,0.93,58.6,3743.2,0.22,496.6,170.2,666.8,43.6,0.0,0.0,43.6,45.5,0.0,0.0,45.5,0.0,0.0,0.0,1954.8,41.0,1913.8,0.0,0.0,0.0,0.0,0.0,0.0,0.0,0.0,0.0,0.0,0.0,0.0,0.0,41.0,0.0
2050-10-27 01:00:00,2050-10-26 23:00:00,1455.8,0.0,0.0,0.0,1455.8,1411.2,1416.1,0.0,0.0,0.0306,0.0381,battery,gas-cc,0.0,0.0,0.0,0.0,0.0,0.0,0.0,0.0,0.0,0.0,0.0,0.0,0.0,0.0,0.0,0.0,0.0,0.0,172.8,3.3,0.33,20.4,1303.1,0.08,173.0,59.3,232.2,499.8,9.4,0.94,59.0,3771.6,0.22,500.3,171.5,671.8,43.6,0.0,0.0,43.6,45.33,0.0,0.0,45.33,0.0,0.0,0.0,1455.8,39.6,1416.1,0.0,0.0,0.0,0.0,0.0,0.0,0.0,0.0,0.0,0.0,0.0,0.0,0.0,39.6,0.0
2050-10-27 02:00:00,2050-10-27 00:00:00,1304.2,0.0,0.0,3.1,1307.3,1265.1,1264.9,0.0,471.7,0.03,0.0341,battery,gas-cc,0.0,0.0,0.0,0.0,0.0,0.0,0.0,0.0,0.0,0.0,0.0,0.0,0.0,0.0,0.0,0.0,0.0,0.0,169.6,3.2,0.32,20.0,1278.8,0.07,169.8,58.2,227.9,492.1,9.3,0.93,58.1,3713.5,0.21,492.6,168.9,661.5,43.6,0.0,0.0,43.6,45.14,0.0,0.0,45.14,0.0,0.0,0.0,1779.0,42.4,1736.6,0.0,0.0,0.0,0.0,0.0,0.0,0.0,0.0,0.0,0.0,0.0,0.0,0.0,42.4,0.0
2050-10-27 03:00:00,2050-10-27 01:00:00,1218.9,0.0,0.0,0.1,1219.0,1182.7,1169.0,0.0,12.5,0.0298,0.0319,battery,gas-cc,0.0,0.0,0.0,0.0,0.0,0.0,0.0,0.0,0.0,0.0,0.0,0.0,0.0,0.0,0.0,0.0,0.0,0.0,179.1,3.4,0.34,21.2,1350.8,0.08,179.3,61.4,240.8,491.0,9.3,0.93,58.0,3704.9,0.21,491.5,168.5,660.0,43.6,0.0,0.0,43.6,45.04,0.0,0.0,45.04,0.0,0.0,0.0,1231.6,50.1,1181.5,0.0,0.0,0.0,0.0,0.0,0.0,0.0,0.0,0.0,0.0,0.0,0.0,0.0,50.1,0.0
2050-10-27 04:00:00,2050-10-27 02:00:00,1156.8,0.0,0.0,5.4,1162.3,1122.5,1112.3,0.0,835.9,0.0297,0.0303,battery,gas-cc,0.0,0.0,0.0,0.0,0.0,0.0,0.0,0.0,0.0,0.0,0.0,0.0,0.0,0.0,0.0,0.0,0.0,0.0,168.6,3.2,0.32,19.9,1271.1,0.07,168.7,57.8,226.6,490.1,9.2,0.92,57.9,3698.7,0.21,490.7,168.2,658.9,43.6,0.0,0.0,43.6,44.96,0.0,0.0,44.96,0.0,0.0,0.0,1998.2,49.9,1948.2,0.0,0.0,0.0,0.0,0.0,0.0,0.0,0.0,0.0,0.0,0.0,0.0,0.0,49.9,0.0
2050-10-27 05:00:00,2050-10-27 03:00:00,1118.9,0.0,0.0,0.7,1119.7,1085.7,1061.6,0.0,110.1,0.0297,0.0293,battery,gas-cc,0.0,0.0,0.0,0.0,0.0,0.0,0.0,0.0,0.0,0.0,0.0,0.0,0.0,0.0,0.0,0.0,0.0,0.0,178.6,3.4,0.34,21.1,1346.9,0.08,178.8,61.3,240.1,489.6,9.2,0.92,57.8,3694.9,0.21,490.2,168.0,658.2,43.6,0.0,0.0,43.6,44.91,0.0,0.0,44.91,0.0,0.0,0.0,1229.7,58.1,1171.6,0.0,0.0,0.0,0.0,0.0,0.0,0.0,0.0,0.0,0.0,0.0,0.0,0.0,58.1,0.0
2050-10-27 06:00:00,2050-10-27 04:00:00,1101.1,0.0,0.0,2.3,1103.4,1068.3,1005.3,0.0,358.5,0.0297,0.0288,battery,gas-cc,0.0,0.0,0.0,0.0,0.0,0.0,0.0,0.0,0.0,0.0,0.0,0.0,0.0,0.0,0.0,0.0,0.0,0.0,167.7,3.2,0.32,19.8,1264.5,0.07,167.9,57.5,225.4,489.4,9.2,0.92,57.8,3693.1,0.21,489.9,167.9,657.9,43.6,0.0,0.0,43.6,44.89,0.0,0.0,44.89,0.0,0.0,0.0,1461.9,98.1,1363.8,0.0,0.0,0.0,0.0,0.0,0.0,0.0,0.0,0.0,0.0,0.0,0.0,0.0,98.1,0.0
2050-10-27 07:00:00,2050-10-27 05:00:00,1160.0,0.0,0.0,0.5,1160.5,1125.5,988.1,0.0,80.0,0.0297,0.0303,battery,gas-cc,0.0,0.0,0.0,0.0,0.0,0.0,0.0,0.0,0.0,0.0,0.0,0.0,0.0,0.0,0.0,0.0,0.0,0.0,143.9,2.7,0.27,17.0,1085.0,0.06,144.1,49.4,193.4,490.2,9.2,0.92,57.9,3699.0,0.21,490.7,168.2,658.9,43.6,0.0,0.0,43.6,44.96,0.0,0.0,44.96,0.0,0.0,0.0,1240.5,172.4,1068.1,0.0,0.0,0.0,0.0,0.0,0.0,0.0,0.0,0.0,0.0,0.0,0.0,0.0,172.4,0.0
2050-10-27 08:00:00,2050-10-27 06:00:00,1240.0,0.0,0.0,0.0,1240.0,1203.0,127.2,0.0,0.0,0.0298,0.0324,battery,gas-cc,0.0,0.0,0.0,0.0,0.0,0.0,0.0,0.0,0.0,0.0,0.0,0.0,0.0,0.0,0.0,0.0,0.0,0.0,144.7,2.7,0.27,17.1,1090.8,0.06,144.8,49.6,194.5,478.4,9.0,0.9,56.5,3609.8,0.21,478.9,164.1,643.0,43.6,0.0,0.0,43.6,45.06,0.0,0.0,45.06,0.0,0.0,0.0,1240.0,1112.8,127.2,0.0,0.0,0.0,0.0,39.9,0.0,0.0,0.0,0.0,0.0,0.0,0.0,906.3,166.5,0.0
2050-10-27 09:00:00,2050-10-27 07:00:00,1371.6,4014.7,0.0,0.0,5386.2,1330.1,-0.0,0.0,0.0,0.0302,0.0359,upv,upv,0.0,0.0,0.0,0.0,0.0,0.0,0.0,0.0,0.0,0.0,0.0,0.0,0.0,0.0,0.0,0.0,0.0,0.0,139.7,2.6,0.26,16.5,1053.2,0.06,139.9,47.9,187.8,0.0,0.0,0.0,0.0,0.0,0.0,0.0,0.0,0.0,0.0,0.0,0.0,0.0,0.0,0.0,0.0,0.0,0.0,1967.0,1967.0,5386.2,5386.2,0.0,0.0,0.0,0.0,0.0,304.0,0.0,0.0,0.0,0.0,0.0,0.0,0.0,4934.7,147.5,0.0
2050-10-27 10:00:00,2050-10-27 08:00:00,1500.0,4019.6,0.0,0.0,5519.6,1453.7,0.0,0.0,0.0,0.0309,0.0392,upv,upv,0.0,0.0,0.0,0.0,0.0,0.0,0.0,0.0,0.0,0.0,0.0,0.0,0.0,0.0,0.0,0.0,0.0,0.0,139.8,2.6,0.26,16.5,1053.9,0.06,139.9,47.9,187.9,0.0,0.0,0.0,0.0,0.0,0.0,0.0,0.0,0.0,0.0,0.0,0.0,0.0,0.0,0.0,0.0,0.0,0.0,4462.9,4462.9,5519.6,5519.6,0.0,0.0,0.0,0.0,0.0,417.5,0.0,0.0,0.0,0.0,0.0,0.0,0.0,5010.8,91.3,0.0
2050-10-27 11:00:00,2050-10-27 09:00:00,1528.4,2655.8,0.0,0.0,4184.2,1481.0,0.0,0.0,0.0,0.031,0.04,upv,upv,0.0,0.0,0.0,0.0,0.0,0.0,0.0,0.0,0.0,0.0,0.0,0.0,0.0,0.0,0.0,0.0,0.0,0.0,139.8,2.6,0.26,16.5,1054.1,0.06,140.0,47.9,187.9,0.0,0.0,0.0,0.0,0.0,0.0,0.0,0.0,0.0,0.0,0.0,0.0,0.0,0.0,0.0,0.0,0.0,0.0,5764.4,5764.4,4184.2,4184.2,0.0,0.0,0.0,0.0,0.0,417.9,0.0,0.0,0.0,0.0,0.0,0.0,0.0,3715.7,50.6,0.0
2050-10-27 12:00:00,2050-10-27 10:00:00,1505.3,2655.8,0.0,0.0,4161.1,1458.8,0.0,0.0,0.0,0.0309,0.0394,upv,upv,0.0,0.0,0.0,0.0,0.0,0.0,0.0,0.0,0.0,0.0,0.0,0.0,0.0,0.0,0.0,0.0,0.0,0.0,139.8,2.6,0.26,16.5,1053.9,0.06,139.9,47.9,187.9,0.0,0.0,0.0,0.0,0.0,0.0,0.0,0.0,0.0,0.0,0.0,0.0,0.0,0.0,0.0,0.0,0.0,0.0,5260.1,5260.1,4161.1,4161.1,0.0,0.0,0.0,0.0,0.0,395.5,0.0,0.0,0.0,0.0,0.0,0.0,0.0,3715.9,49.6,0.0
2050-10-27 13:00:00,2050-10-27 11:00:00,1503.2,3630.9,0.0,0.0,5134.1,1456.8,0.0,0.0,0.0,0.0309,0.0393,upv,upv,0.0,0.0,0.0,0.0,0.0,0.0,0.0,0.0,0.0,0.0,0.0,0.0,0.0,0.0,0.0,0.0,0.0,0.0,139.8,2.6,0.26,16.5,1053.9,0.06,139.9,47.9,187.9,0.0,0.0,0.0,0.0,0.0,0.0,0.0,0.0,0.0,0.0,0.0,0.0,0.0,0.0,0.0,0.0,0.0,0.0,3926.2,3926.2,5134.1,5134.1,0.0,0.0,0.0,0.0,0.0,380.4,0.0,0.0,0.0,0.0,0.0,0.0,0.0,4707.3,46.4,0.0
2050-10-27 14:00:00,2050-10-27 12:00:00,1526.3,3986.6,0.0,0.0,5512.9,1479.0,0.0,0.0,0.0,0.031,0.0399,upv,upv,0.0,0.0,0.0,0.0,0.0,0.0,0.0,0.0,0.0,0.0,0.0,0.0,0.0,0.0,0.0,0.0,0.0,0.0,139.8,2.6,0.26,16.5,1054.1,0.06,140.0,47.9,187.9,0.0,0.0,0.0,0.0,0.0,0.0,0.0,0.0,0.0,0.0,0.0,0.0,0.0,0.0,0.0,0.0,0.0,0.0,3585.9,3585.9,5512.9,5512.9,0.0,0.0,0.0,0.0,0.0,382.5,0.0,0.0,0.0,0.0,0.0,0.0,0.0,5092.9,37.5,0.0
2050-10-27 15:00:00,2050-10-27 13:00:00,1587.4,3406.0,0.0,0.0,4993.4,1537.6,0.0,0.0,0.0,0.0314,0.0415,upv,upv,0.0,0.0,0.0,0.0,0.0,0.0,0.0,0.0,0.0,0.0,0.0,0.0,0.0,0.0,0.0,0.0,0.0,0.0,139.9,2.6,0.26,16.5,1054.5,0.06,140.0,48.0,188.0,0.0,0.0,0.0,0.0,0.0,0.0,0.0,0.0,0.0,0.0,0.0,0.0,0.0,0.0,0.0,0.0,0.0,0.0,4399.3,4399.3,4993.4,4993.4,0.0,0.0,0.0,0.0,0.0,395.2,0.0,0.0,0.0,0.0,0.0,0.0,0.0,4570.3,27.9,0.0
2050-10-27 16:00:00,2050-10-27 14:00:00,1628.4,2593.8,0.0,0.0,4222.2,1576.9,0.0,0.0,0.0,0.0316,0.0426,upv,upv,0.0,0.0,0.0,0.0,0.0,0.0,0.0,0.0,0.0,0.0,0.0,0.0,0.0,0.0,0.0,0.0,0.0,0.0,139.9,2.6,0.26,16.5,1054.8,0.06,140.1,48.0,188.0,0.0,0.0,0.0,0.0,0.0,0.0,0.0,0.0,0.0,0.0,0.0,0.0,0.0,0.0,0.0,0.0,0.0,0.0,5333.4,5333.4,4222.2,4222.2,0.0,0.0,0.0,0.0,0.0,402.0,0.0,0.0,0.0,0.0,0.0,0.0,0.0,3791.3,28.9,0.0
2050-10-27 17:00:00,2050-10-27 15:00:00,1729.5,2593.8,0.0,0.0,4323.3,1673.5,0.0,0.0,0.0,0.0324,0.0452,upv,upv,0.0,0.0,0.0,0.0,0.0,0.0,0.0,0.0,0.0,0.0,0.0,0.0,0.0,0.0,0.0,0.0,0.0,0.0,140.0,2.6,0.27,16.5,1055.5,0.06,140.2,48.0,188.2,0.0,0.0,0.0,0.0,0.0,0.0,0.0,0.0,0.0,0.0,0.0,0.0,0.0,0.0,0.0,0.0,0.0,0.0,4328.2,4328.2,4323.3,4323.3,0.0,0.0,0.0,0.0,0.0,363.6,0.0,0.0,0.0,0.0,0.0,0.0,0.0,3924.0,35.6,0.0
2050-10-27 18:00:00,2050-10-27 16:00:00,1811.6,0.0,0.0,8.0,1819.6,1751.8,-1230.1,0.0,1230.1,0.033,0.0474,battery,gas-cc,0.0,0.0,0.0,0.0,0.0,0.0,0.0,0.0,0.0,0.0,0.0,0.0,0.0,0.0,0.0,0.0,0.0,0.0,141.1,2.7,0.27,16.7,1063.7,0.06,141.2,48.4,189.6,392.3,7.4,0.74,46.3,2960.6,0.17,392.8,134.6,527.4,31.44,0.0,0.0,31.44,33.01,0.0,0.0,33.01,0.0,0.0,0.0,3049.6,3049.6,0.0,0.0,0.0,0.0,0.0,126.0,0.0,0.0,0.0,0.0,0.0,0.0,0.0,2859.5,64.0,0.0
2050-10-27 19:00:00,2050-10-27 17:00:00,1912.6,0.0,0.0,3.6,1916.2,1847.9,1704.1,0.0,553.7,0.0338,0.05,battery,gas-cc,0.0,0.0,0.0,0.0,0.0,0.0,0.0,0.0,0.0,0.0,0.0,0.0,0.0,0.0,0.0,0.0,0.0,0.0,144.9,2.7,0.27,17.1,1092.6,0.06,145.1,49.7,194.8,393.4,7.4,0.74,46.5,2968.9,0.17,393.9,135.0,528.8,31.44,0.0,0.0,31.44,33.1,0.0,0.0,33.1,0.0,0.0,0.0,2469.9,212.2,2257.8,0.0,0.0,0.0,0.0,0.0,0.0,0.0,0.0,0.0,0.0,0.0,0.0,0.0,212.2,0.0
2050-10-27 20:00:00,2050-10-27 18:00:00,2021.1,0.0,0.0,9.8,2030.8,1950.8,1811.5,0.0,1500.5,0.0348,0.0529,battery,gas-cc,0.0,0.0,0.0,0.0,0.0,0.0,0.0,0.0,0.0,0.0,0.0,0.0,0.0,0.0,0.0,0.0,0.0,0.0,145.6,2.7,0.28,17.2,1097.4,0.06,145.7,49.9,195.6,394.6,7.4,0.74,46.6,2977.8,0.17,395.0,135.4,530.4,31.44,0.0,0.0,31.44,33.2,0.0,0.0,33.2,0.0,0.0,0.0,3531.3,219.3,3312.0,0.0,0.0,0.0,0.0,0.0,0.0,0.0,0.0,0.0,0.0,0.0,0.0,0.0,219.3,0.0
2050-10-27 21:00:00,2050-10-27 19:00:00,1966.3,0.0,0.0,5.0,1971.3,1898.9,1758.8,0.0,773.9,0.0343,0.0514,battery,gas-cc,0.0,0.0,0.0,0.0,0.0,0.0,0.0,0.0,0.0,0.0,0.0,0.0,0.0,0.0,0.0,0.0,0.0,0.0,145.1,2.7,0.27,17.1,1094.0,0.06,145.3,49.8,195.0,394.0,7.4,0.74,46.5,2973.3,0.17,394.4,135.2,529.6,31.44,0.0,0.0,31.44,33.15,0.0,0.0,33.15,0.0,0.0,0.0,2745.3,212.6,2532.7,0.0,0.0,0.0,0.0,0.0,0.0,0.0,0.0,0.0,0.0,0.0,0.0,0.0,212.6,0.0
2050-10-27 22:00:00,2050-10-27 20:00:00,1832.6,0.0,0.0,1.0,1833.6,1771.9,1600.4,0.0,153.0,0.0332,0.0479,battery,gas-cc,0.0,0.0,0.0,0.0,0.0,0.0,0.0,0.0,0.0,0.0,0.0,0.0,0.0,0.0,0.0,0.0,0.0,0.0,143.9,2.7,0.27,17.0,1084.7,0.06,144.0,49.3,193.4,392.6,7.4,0.74,46.4,2962.4,0.17,393.0,134.7,527.7,31.44,0.0,0.0,31.44,33.03,0.0,0.0,33.03,0.0,0.0,0.0,1986.6,233.2,1753.4,0.0,0.0,0.0,0.0,0.0,0.0,0.0,0.0,0.0,0.0,0.0,0.0,0.0,233.2,0.0
2050-10-27 23:00:00,2050-10-27 21:00:00,1724.2,0.0,0.0,0.5,1724.7,1668.5,1478.8,0.0,79.8,0.0323,0.0451,battery,gas-cc,0.0,0.0,0.0,0.0,0.0,0.0,0.0,0.0,0.0,0.0,0.0,0.0,0.0,0.0,0.0,0.0,0.0,0.0,145.0,2.7,0.27,17.1,1093.5,0.06,145.2,49.7,194.9,391.4,7.4,0.74,46.2,2953.6,0.17,391.8,134.3,526.1,31.44,0.0,0.0,31.44,32.93,0.0,0.0,32.93,0.0,0.0,0.0,1804.5,245.9,1558.6,0.0,0.0,0.0,0.0,0.0,0.0,0.0,0.0,0.0,0.0,0.0,0.0,0.0,245.9,0.0
2050-10-28 00:00:00,2050-10-27 22:00:00,1636.8,0.0,0.0,10.7,1647.5,1584.9,1407.2,0.0,1640.0,0.0317,0.0428,battery,gas-cc,0.0,0.0,0.0,0.0,0.0,0.0,0.0,0.0,0.0,0.0,0.0,0.0,0.0,0.0,0.0,0.0,0.0,0.0,144.7,2.7,0.27,17.1,1091.2,0.06,144.9,49.6,194.5,426.4,8.0,0.8,50.4,3217.4,0.18,426.8,146.3,573.1,37.67,0.0,0.0,37.67,39.36,0.0,0.0,39.36,0.0,0.0,0.0,3287.5,240.3,3047.1,0.0,0.0,0.0,0.0,0.0,0.0,0.0,0.0,0.0,0.0,0.0,0.0,0.0,240.3,0.0
2050-10-28 01:00:00,2050-10-27 23:00:00,1476.8,0.0,0.0,9.1,1486.0,1431.5,1239.3,0.0,1401.6,0.0307,0.0386,gas-cc,gas-cc,0.0,0.0,0.0,0.0,0.0,0.0,0.0,0.0,0.0,0.0,0.0,0.0,0.0,0.0,0.0,0.0,0.0,0.0,144.8,2.7,0.27,17.1,1092.0,0.06,145.0,49.7,194.7,365.9,6.9,0.69,43.2,2761.3,0.16,366.3,125.6,491.9,32.22,0.0,0.0,32.22,33.52,0.0,0.0,33.52,0.0,0.0,0.0,2887.5,246.6,2640.9,0.0,0.0,0.0,0.0,0.0,0.0,0.0,0.0,0.0,0.0,0.0,0.0,0.0,246.6,0.0
2050-10-28 02:00:00,2050-10-28 00:00:00,1337.9,0.0,0.0,5.2,1343.1,1297.6,1098.5,0.0,800.3,0.0301,0.035,battery,gas-cc,0.0,0.0,0.0,0.0,0.0,0.0,0.0,0.0,0.0,0.0,0.0,0.0,0.0,0.0,0.0,0.0,0.0,0.0,144.0,2.7,0.27,17.0,1085.9,0.06,144.2,49.4,193.6,387.3,7.3,0.73,45.8,2922.6,0.17,387.7,132.9,520.6,31.68,0.0,0.0,31.68,32.83,0.0,0.0,32.83,0.0,0.0,0.0,2143.3,244.6,1898.8,0.0,0.0,0.0,0.0,0.0,0.0,0.0,0.0,0.0,0.0,0.0,0.0,0.0,244.6,0.0
2050-10-28 03:00:00,2050-10-28 01:00:00,1213.7,0.0,0.0,0.0,1213.7,1177.6,978.1,0.0,0.0,0.0298,0.0317,battery,gas-cc,0.0,0.0,0.0,0.0,0.0,0.0,0.0,0.0,0.0,0.0,0.0,0.0,0.0,0.0,0.0,0.0,0.0,0.0,143.4,2.7,0.27,16.9,1080.9,0.06,143.5,49.2,192.7,386.0,7.3,0.73,45.6,2912.8,0.17,386.4,132.4,518.9,31.68,0.0,0.0,31.68,32.72,0.0,0.0,32.72,0.0,0.0,0.0,1213.7,235.5,978.1,0.0,0.0,0.0,0.0,0.0,0.0,0.0,0.0,0.0,0.0,0.0,0.0,0.0,235.5,0.0
2050-10-28 04:00:00,2050-10-28 02:00:00,1149.5,0.0,0.0,1.9,1151.3,1115.3,939.2,0.0,285.6,0.0297,0.0301,battery,gas-cc,0.0,0.0,0.0,0.0,0.0,0.0,0.0,0.0,0.0,0.0,0.0,0.0,0.0,0.0,0.0,0.0,0.0,0.0,148.8,2.8,0.28,17.6,1122.0,0.06,149.0,51.0,200.0,385.3,7.3,0.73,45.5,2907.8,0.17,385.7,132.2,518.0,31.68,0.0,0.0,31.68,32.66,0.0,0.0,32.66,0.0,0.0,0.0,1436.9,212.2,1224.7,0.0,0.0,0.0,0.0,0.0,0.0,0.0,0.0,0.0,0.0,0.0,0.0,0.0,212.2,0.0
2050-10-28 05:00:00,2050-10-28 03:00:00,1097.9,0.0,0.0,0.0,1097.9,1065.3,873.0,0.0,0.0,0.0297,0.0287,battery,gas-cc,0.0,0.0,0.0,0.0,0.0,0.0,0.0,0.0,0.0,0.0,0.0,0.0,0.0,0.0,0.0,0.0,0.0,0.0,142.5,2.7,0.27,16.8,1074.3,0.06,142.6,48.9,191.5,384.8,7.3,0.73,45.5,2903.8,0.17,385.2,132.0,517.2,31.68,0.0,0.0,31.68,32.62,0.0,0.0,32.62,0.0,0.0,0.0,1097.9,224.9,873.0,0.0,0.0,0.0,0.0,0.0,0.0,0.0,0.0,0.0,0.0,0.0,0.0,0.0,224.9,0.0
2050-10-28 06:00:00,2050-10-28 04:00:00,1058.9,0.0,0.0,0.0,1058.9,1027.4,830.9,0.0,0.0,0.0298,0.0277,battery,gas-cc,0.0,0.0,0.0,0.0,0.0,0.0,0.0,0.0,0.0,0.0,0.0,0.0,0.0,0.0,0.0,0.0,0.0,0.0,141.8,2.7,0.27,16.8,1069.1,0.06,142.0,48.6,190.6,384.4,7.2,0.72,45.4,2900.7,0.17,384.8,131.9,516.7,31.68,0.0,0.0,31.68,32.58,0.0,0.0,32.58,0.0,0.0,0.0,1058.9,228.0,830.9,0.0,0.0,0.0,0.0,0.0,0.0,0.0,0.0,0.0,0.0,0.0,0.0,0.0,228.0,0.0
2050-10-28 07:00:00,2050-10-28 05:00:00,1053.7,0.0,0.0,0.0,1053.7,1022.3,847.3,0.0,0.0,0.0298,0.0276,battery,gas-cc,0.0,0.0,0.0,0.0,0.0,0.0,0.0,0.0,0.0,0.0,0.0,0.0,0.0,0.0,0.0,0.0,0.0,0.0,142.2,2.7,0.27,16.8,1072.3,0.06,142.4,48.8,191.2,384.3,7.2,0.72,45.4,2900.3,0.17,384.8,131.9,516.6,31.68,0.0,0.0,31.68,32.58,0.0,0.0,32.58,0.0,0.0,0.0,1053.7,206.4,847.3,0.0,0.0,0.0,0.0,0.0,0.0,0.0,0.0,0.0,0.0,0.0,0.0,0.0,206.4,0.0
2050-10-28 08:00:00,2050-10-28 06:00:00,1053.7,0.0,0.0,0.1,1053.8,1022.3,-17.4,0.0,17.4,0.0298,0.0276,hydro,gas-cc,0.0,0.0,0.0,0.0,0.0,0.0,0.0,0.0,0.0,0.0,0.0,0.0,0.0,0.0,0.0,0.0,0.0,0.0,139.7,2.6,0.26,16.5,1052.9,0.06,139.8,47.9,187.7,355.8,6.7,0.67,42.0,2685.1,0.15,356.2,122.1,478.3,29.96,0.0,0.0,29.96,30.81,0.0,0.0,30.81,0.0,0.0,0.0,1071.2,1071.2,0.0,0.0,0.0,0.0,0.0,36.8,0.0,0.0,0.0,0.0,0.0,0.0,0.0,835.2,199.2,0.0
2050-10-28 09:00:00,2050-10-28 07:00:00,1113.7,2593.8,0.0,0.0,3707.5,1080.6,0.0,0.0,0.0,0.0297,0.0291,upv,upv,0.0,0.0,0.0,0.0,0.0,0.0,0.0,0.0,0.0,0.0,0.0,0.0,0.0,0.0,0.0,0.0,0.0,0.0,139.6,2.6,0.26,16.5,1052.6,0.06,139.8,47.9,187.7,0.0,0.0,0.0,0.0,0.0,0.0,0.0,0.0,0.0,0.0,0.0,0.0,0.0,0.0,0.0,0.0,0.0,194.0,3107.0,3301.0,3707.5,3707.5,0.0,0.0,0.0,0.0,0.0,0.0,0.0,0.0,0.0,0.0,0.0,0.0,0.0,3707.5,0.0,0.0
2050-10-28 10:00:00,2050-10-28 08:00:00,1218.9,2626.7,0.0,0.0,3845.7,1182.7,0.0,0.0,0.0,0.0298,0.0319,upv,upv,0.0,0.0,0.0,0.0,0.0,0.0,0.0,0.0,0.0,0.0,0.0,0.0,0.0,0.0,0.0,0.0,0.0,0.0,139.6,2.6,0.26,16.5,1052.7,0.06,139.8,47.9,187.7,0.0,0.0,0.0,0.0,0.0,0.0,0.0,0.0,0.0,0.0,0.0,0.0,0.0,0.0,0.0,0.0,0.0,0.0,5917.5,5917.5,3845.7,3845.7,0.0,0.0,0.0,0.0,0.0,406.0,0.0,0.0,0.0,0.0,0.0,0.0,0.0,3297.6,142.0,0.0
2050-10-28 11:00:00,2050-10-28 09:00:00,1298.9,3784.1,0.0,0.0,5083.0,1260.0,0.0,0.0,0.0,0.03,0.034,upv,upv,0.0,0.0,0.0,0.0,0.0,0.0,0.0,0.0,0.0,0.0,0.0,0.0,0.0,0.0,0.0,0.0,0.0,0.0,139.7,2.6,0.26,16.5,1052.9,0.06,139.8,47.9,187.7,0.0,0.0,0.0,0.0,0.0,0.0,0.0,0.0,0.0,0.0,0.0,0.0,0.0,0.0,0.0,0.0,0.0,0.0,4567.1,4567.1,5083.0,5083.0,0.0,0.0,0.0,0.0,0.0,402.0,0.0,0.0,0.0,0.0,0.0,0.0,0.0,4557.6,123.4,0.0
2050-10-28 12:00:00,2050-10-28 10:00:00,1384.2,3990.5,0.0,0.0,5374.7,1342.3,0.0,0.0,0.0,0.0303,0.0362,upv,upv,0.0,0.0,0.0,0.0,0.0,0.0,0.0,0.0,0.0,0.0,0.0,0.0,0.0,0.0,0.0,0.0,0.0,0.0,139.7,2.6,0.26,16.5,1053.3,0.06,139.9,47.9,187.8,0.0,0.0,0.0,0.0,0.0,0.0,0.0,0.0,0.0,0.0,0.0,0.0,0.0,0.0,0.0,0.0,0.0,0.0,3634.1,3634.1,5374.7,5374.7,0.0,0.0,0.0,0.0,0.0,375.7,0.0,0.0,0.0,0.0,0.0,0.0,0.0,4889.6,109.4,0.0
2050-10-28 13:00:00,2050-10-28 11:00:00,1469.5,3824.8,0.0,0.0,5294.2,1424.4,-0.0,0.0,0.0,0.0307,0.0384,upv,upv,0.0,0.0,0.0,0.0,0.0,0.0,0.0,0.0,0.0,0.0,0.0,0.0,0.0,0.0,0.0,0.0,0.0,0.0,139.8,2.6,0.26,16.5,1053.7,0.06,139.9,47.9,187.9,0.0,0.0,0.0,0.0,0.0,0.0,0.0,0.0,0.0,0.0,0.0,0.0,0.0,0.0,0.0,0.0,0.0,0.0,3309.6,3309.6,5294.2,5294.2,0.0,0.0,0.0,0.0,0.0,359.4,0.0,0.0,0.0,0.0,0.0,0.0,0.0,4845.7,89.1,0.0
2050-10-28 14:00:00,2050-10-28 12:00:00,1564.2,3824.8,0.0,0.0,5389.0,1515.4,-0.0,0.0,0.0,0.0312,0.0409,upv,upv,0.0,0.0,0.0,0.0,0.0,0.0,0.0,0.0,0.0,0.0,0.0,0.0,0.0,0.0,0.0,0.0,0.0,0.0,139.8,2.6,0.26,16.5,1054.3,0.06,140.0,48.0,188.0,0.0,0.0,0.0,0.0,0.0,0.0,0.0,0.0,0.0,0.0,0.0,0.0,0.0,0.0,0.0,0.0,0.0,0.0,3273.7,3273.7,5389.0,5389.0,0.0,0.0,0.0,0.0,0.0,362.7,0.0,0.0,0.0,0.0,0.0,0.0,0.0,4959.1,67.1,0.0
2050-10-28 15:00:00,2050-10-28 13:00:00,1642.1,2850.6,0.0,0.0,4492.7,1590.0,0.0,0.0,0.0,0.0317,0.0429,upv,upv,0.0,0.0,0.0,0.0,0.0,0.0,0.0,0.0,0.0,0.0,0.0,0.0,0.0,0.0,0.0,0.0,0.0,0.0,139.9,2.6,0.26,16.5,1054.9,0.06,140.1,48.0,188.1,0.0,0.0,0.0,0.0,0.0,0.0,0.0,0.0,0.0,0.0,0.0,0.0,0.0,0.0,0.0,0.0,0.0,0.0,4491.3,4491.3,4492.7,4492.7,0.0,0.0,0.0,0.0,0.0,377.1,0.0,0.0,0.0,0.0,0.0,0.0,0.0,4071.2,44.4,0.0
2050-10-28 16:00:00,2050-10-28 14:00:00,1722.1,3629.9,0.0,0.0,5352.0,1666.5,0.0,0.0,0.0,0.0323,0.045,upv,upv,0.0,0.0,0.0,0.0,0.0,0.0,0.0,0.0,0.0,0.0,0.0,0.0,0.0,0.0,0.0,0.0,0.0,0.0,140.0,2.6,0.26,16.5,1055.5,0.06,140.2,48.0,188.2,0.0,0.0,0.0,0.0,0.0,0.0,0.0,0.0,0.0,0.0,0.0,0.0,0.0,0.0,0.0,0.0,0.0,0.0,3808.4,3808.4,5352.0,5352.0,0.0,0.0,0.0,0.0,0.0,385.4,0.0,0.0,0.0,0.0,0.0,0.0,0.0,4935.0,31.6,0.0
2050-10-28 17:00:00,2050-10-28 15:00:00,1806.3,2431.9,0.0,0.0,4238.2,1746.8,0.0,0.0,0.0,0.033,0.0472,upv,upv,0.0,0.0,0.0,0.0,0.0,0.0,0.0,0.0,0.0,0.0,0.0,0.0,0.0,0.0,0.0,0.0,0.0,0.0,148.2,2.8,0.28,17.5,1117.5,0.06,148.4,50.8,199.2,0.0,0.0,0.0,0.0,0.0,0.0,0.0,0.0,0.0,0.0,0.0,0.0,0.0,0.0,0.0,0.0,0.0,0.0,3919.3,3919.3,4238.2,4238.2,0.0,0.0,0.0,0.0,0.0,343.2,0.0,0.0,0.0,0.0,0.0,0.0,0.0,3867.7,27.3,0.0
2050-10-28 18:00:00,2050-10-28 16:00:00,1891.6,0.0,0.0,18.3,1909.9,1827.9,-882.3,0.0,1950.4,0.0336,0.0495,battery,gas-cc,0.0,0.0,0.0,0.0,0.0,0.0,0.0,0.0,0.0,0.0,0.0,0.0,0.0,0.0,0.0,0.0,0.0,0.0,140.8,2.7,0.27,16.6,1061.6,0.06,141.0,48.3,189.3,402.3,7.6,0.76,47.5,3035.5,0.17,402.7,138.0,540.7,31.68,0.0,0.0,31.68,33.33,0.0,0.0,33.33,0.0,0.0,0.0,3860.3,2792.1,1068.1,0.0,0.0,0.0,0.0,116.2,0.0,0.0,0.0,0.0,0.0,0.0,0.0,2638.2,37.7,0.0
2050-10-28 19:00:00,2050-10-28 17:00:00,1937.9,0.0,0.0,10.7,1948.6,1871.9,1892.9,0.0,1640.0,0.034,0.0507,battery,gas-cc,0.0,0.0,0.0,0.0,0.0,0.0,0.0,0.0,0.0,0.0,0.0,0.0,0.0,0.0,0.0,0.0,0.0,0.0,145.4,2.7,0.28,17.2,1096.2,0.06,145.6,49.9,195.4,393.7,7.4,0.74,46.5,2970.9,0.17,394.1,135.1,529.2,31.68,0.0,0.0,31.68,33.37,0.0,0.0,33.37,0.0,0.0,0.0,3588.5,55.6,3532.9,0.0,0.0,0.0,0.0,0.0,0.0,0.0,0.0,0.0,0.0,0.0,0.0,0.0,55.6,0.0
2050-10-28 20:00:00,2050-10-28 18:00:00,1980.0,0.0,0.0,4.6,1984.6,1911.9,1941.5,0.0,705.9,0.0344,0.0518,battery,gas-cc,0.0,0.0,0.0,0.0,0.0,0.0,0.0,0.0,0.0,0.0,0.0,0.0,0.0,0.0,0.0,0.0,0.0,0.0,145.4,2.7,0.28,17.2,1096.2,0.06,145.6,49.9,195.4,394.2,7.4,0.74,46.6,2974.4,0.17,394.6,135.2,529.8,31.68,0.0,0.0,31.68,33.41,0.0,0.0,33.41,0.0,0.0,0.0,2690.5,43.1,2647.4,0.0,0.0,0.0,0.0,0.0,0.0,0.0,0.0,0.0,0.0,0.0,0.0,0.0,43.1,0.0
2050-10-28 21:00:00,2050-10-28 19:00:00,1896.8,0.0,0.0,2.6,1899.5,1832.9,1855.5,0.0,402.2,0.0337,0.0496,battery,gas-cc,0.0,0.0,0.0,0.0,0.0,0.0,0.0,0.0,0.0,0.0,0.0,0.0,0.0,0.0,0.0,0.0,0.0,0.0,145.4,2.7,0.28,17.2,1096.3,0.06,145.6,49.9,195.4,393.3,7.4,0.74,46.5,2967.6,0.17,393.7,134.9,528.6,31.68,0.0,0.0,31.68,33.33,0.0,0.0,33.33,0.0,0.0,0.0,2301.7,43.9,2257.8,0.0,0.0,0.0,0.0,0.0,0.0,0.0,0.0,0.0,0.0,0.0,0.0,0.0,43.9,0.0
2050-10-28 22:00:00,2050-10-28 20:00:00,1770.5,0.0,0.0,3.5,1774.0,1712.7,1727.2,0.0,538.9,0.0327,0.0463,battery,gas-cc,0.0,0.0,0.0,0.0,0.0,0.0,0.0,0.0,0.0,0.0,0.0,0.0,0.0,0.0,0.0,0.0,0.0,0.0,144.3,2.7,0.27,17.0,1087.7,0.06,144.4,49.5,193.9,391.9,7.4,0.74,46.3,2957.3,0.17,392.3,134.5,526.8,31.68,0.0,0.0,31.68,33.22,0.0,0.0,33.22,0.0,0.0,0.0,2312.9,46.8,2266.2,0.0,0.0,0.0,0.0,0.0,0.0,0.0,0.0,0.0,0.0,0.0,0.0,0.0,46.8,0.0
2050-10-28 23:00:00,2050-10-28 21:00:00,1672.6,0.0,0.0,3.5,1676.2,1619.2,1639.9,0.0,544.5,0.032,0.0437,battery,gas-cc,0.0,0.0,0.0,0.0,0.0,0.0,0.0,0.0,0.0,0.0,0.0,0.0,0.0,0.0,0.0,0.0,0.0,0.0,185.7,3.5,0.35,21.9,1400.2,0.08,185.9,63.7,249.6,390.8,7.4,0.74,46.2,2949.4,0.17,391.3,134.1,525.4,31.68,0.0,0.0,31.68,33.13,0.0,0.0,33.13,0.0,0.0,0.0,2220.7,36.2,2184.5,0.0,0.0,0.0,0.0,0.0,0.0,0.0,0.0,0.0,0.0,0.0,0.0,0.0,36.2,0.0
2050-10-29 00:00:00,2050-10-28 22:00:00,1595.8,0.0,0.0,10.4,1606.2,1545.6,1577.7,0.0,1604.5,0.0314,0.0417,battery,gas-cc,0.0,0.0,0.0,0.0,0.0,0.0,0.0,0.0,0.0,0.0,0.0,0.0,0.0,0.0,0.0,0.0,0.0,0.0,194.5,3.7,0.37,23.0,1466.9,0.08,194.7,66.7,261.4,399.0,7.5,0.75,47.1,3011.0,0.17,399.4,136.9,536.3,32.83,0.0,0.0,32.83,34.26,0.0,0.0,34.26,0.0,0.0,0.0,3210.7,28.6,3182.1,0.0,0.0,0.0,0.0,0.0,0.0,0.0,0.0,0.0,0.0,0.0,0.0,0.0,28.6,0.0
2050-10-29 01:00:00,2050-10-28 23:00:00,1455.8,0.0,0.0,7.9,1463.7,1411.2,1439.3,0.0,1216.5,0.0306,0.0381,gas-cc,gas-cc,0.0,0.0,0.0,0.0,0.0,0.0,0.0,0.0,0.0,0.0,0.0,0.0,0.0,0.0,0.0,0.0,0.0,0.0,177.0,3.3,0.33,20.9,1335.2,0.08,177.2,60.7,237.9,365.7,6.9,0.69,43.2,2759.7,0.16,366.1,125.5,491.6,32.83,0.0,0.0,32.83,34.13,0.0,0.0,34.13,0.0,0.0,0.0,2680.2,24.4,2655.8,0.0,0.0,0.0,0.0,0.0,0.0,0.0,0.0,0.0,0.0,0.0,0.0,0.0,24.4,0.0
2050-10-29 02:00:00,2050-10-29 00:00:00,1316.8,0.0,0.0,0.4,1317.2,1277.3,1288.6,0.0,59.9,0.03,0.0344,battery,gas-cc,0.0,0.0,0.0,0.0,0.0,0.0,0.0,0.0,0.0,0.0,0.0,0.0,0.0,0.0,0.0,0.0,0.0,0.0,191.6,3.6,0.36,22.6,1445.0,0.08,191.8,65.7,257.5,369.3,7.0,0.7,43.6,2786.5,0.16,369.7,126.7,496.4,32.83,0.0,0.0,32.83,34.01,0.0,0.0,34.01,0.0,0.0,0.0,1377.1,28.6,1348.5,0.0,0.0,0.0,0.0,0.0,0.0,0.0,0.0,0.0,0.0,0.0,0.0,0.0,28.6,0.0
2050-10-29 03:00:00,2050-10-29 01:00:00,1216.8,0.0,0.0,0.0,1216.8,1180.6,1177.2,0.0,0.0,0.0298,0.0318,battery,gas-cc,0.0,0.0,0.0,0.0,0.0,0.0,0.0,0.0,0.0,0.0,0.0,0.0,0.0,0.0,0.0,0.0,0.0,0.0,181.5,3.4,0.34,21.4,1368.9,0.08,181.7,62.3,243.9,368.3,6.9,0.69,43.5,2779.0,0.16,368.7,126.4,495.0,32.83,0.0,0.0,32.83,33.91,0.0,0.0,33.91,0.0,0.0,0.0,1216.8,39.6,1177.2,0.0,0.0,0.0,0.0,0.0,0.0,0.0,0.0,0.0,0.0,0.0,0.0,0.0,39.6,0.0
2050-10-29 04:00:00,2050-10-29 02:00:00,1144.2,0.0,0.0,0.0,1144.2,1110.2,1103.7,0.0,0.0,0.0297,0.0299,battery,gas-cc,0.0,0.0,0.0,0.0,0.0,0.0,0.0,0.0,0.0,0.0,0.0,0.0,0.0,0.0,0.0,0.0,0.0,0.0,179.7,3.4,0.34,21.2,1355.3,0.08,179.9,61.6,241.5,394.1,7.4,0.74,46.6,2974.3,0.17,394.6,135.2,529.8,32.83,0.0,0.0,32.83,33.85,0.0,0.0,33.85,0.0,0.0,0.0,1144.2,40.5,1103.7,0.0,0.0,0.0,0.0,0.0,0.0,0.0,0.0,0.0,0.0,0.0,0.0,0.0,40.5,0.0
2050-10-29 05:00:00,2050-10-29 03:00:00,1095.8,0.0,0.0,0.0,1095.8,1063.2,1044.0,0.0,0.0,0.0297,0.0287,battery,gas-cc,0.0,0.0,0.0,0.0,0.0,0.0,0.0,0.0,0.0,0.0,0.0,0.0,0.0,0.0,0.0,0.0,0.0,0.0,187.8,3.5,0.35,22.2,1416.8,0.08,188.0,64.4,252.5,393.6,7.4,0.74,46.5,2970.4,0.17,394.1,135.1,529.1,32.83,0.0,0.0,32.83,33.8,0.0,0.0,33.8,0.0,0.0,0.0,1095.8,51.8,1044.0,0.0,0.0,0.0,0.0,0.0,0.0,0.0,0.0,0.0,0.0,0.0,0.0,0.0,51.8,0.0
2050-10-29 06:00:00,2050-10-29 04:00:00,1058.9,0.0,0.0,0.0,1058.9,1027.4,1018.2,0.0,0.0,0.0298,0.0277,battery,gas-cc,0.0,0.0,0.0,0.0,0.0,0.0,0.0,0.0,0.0,0.0,0.0,0.0,0.0,0.0,0.0,0.0,0.0,0.0,144.8,2.7,0.27,17.1,1091.4,0.06,144.9,49.6,194.6,393.2,7.4,0.74,46.5,2967.5,0.17,393.7,134.9,528.6,32.83,0.0,0.0,32.83,33.77,0.0,0.0,33.77,0.0,0.0,0.0,1058.9,40.7,1018.2,0.0,0.0,0.0,0.0,0.0,0.0,0.0,0.0,0.0,0.0,0.0,0.0,0.0,40.7,0.0
2050-10-29 07:00:00,2050-10-29 05:00:00,1051.6,0.0,0.0,0.0,1051.6,1020.3,1005.0,0.0,0.0,0.0298,0.0275,battery,gas-cc,0.0,0.0,0.0,0.0,0.0,0.0,0.0,0.0,0.0,0.0,0.0,0.0,0.0,0.0,0.0,0.0,0.0,0.0,144.6,2.7,0.27,17.1,1089.8,0.06,144.7,49.6,194.3,393.2,7.4,0.74,46.4,2966.9,0.17,393.6,134.9,528.5,32.83,0.0,0.0,32.83,33.76,0.0,0.0,33.76,0.0,0.0,0.0,1051.6,46.5,1005.0,0.0,0.0,0.0,0.0,0.0,0.0,0.0,0.0,0.0,0.0,0.0,0.0,0.0,46.5,0.0
2050-10-29 08:00:00,2050-10-29 06:00:00,1033.7,0.0,0.0,3.0,1036.7,1002.9,191.9,191.9,0.0,0.0298,0.027,gas-cc,gas-cc,0.0,0.0,0.0,0.0,0.0,0.0,0.0,0.0,0.0,0.0,0.0,0.0,0.0,0.0,0.0,0.0,0.0,0.0,182.3,3.4,0.34,21.5,1375.2,0.08,182.5,62.5,245.1,387.7,7.3,0.73,45.8,2925.9,0.17,388.2,133.0,521.2,27.9,0.0,0.0,27.9,28.67,0.0,0.0,28.67,0.0,0.0,0.0,844.8,844.8,0.0,0.0,0.0,0.0,0.0,33.8,0.0,0.0,0.0,0.0,0.0,0.0,0.0,766.2,44.8,0.0
2050-10-29 09:00:00,2050-10-29 07:00:00,1095.8,2431.9,0.0,0.0,3527.7,1063.2,0.0,0.0,0.0,0.0297,0.0287,upv,upv,0.0,0.0,0.0,0.0,0.0,0.0,0.0,0.0,0.0,0.0,0.0,0.0,0.0,0.0,0.0,0.0,0.0,0.0,139.6,2.6,0.26,16.5,1052.7,0.06,139.8,47.9,187.7,0.0,0.0,0.0,0.0,0.0,0.0,0.0,0.0,0.0,0.0,0.0,0.0,0.0,0.0,0.0,0.0,0.0,39.4,3016.9,3056.4,3527.7,3527.7,0.0,0.0,0.0,0.0,0.0,0.0,0.0,0.0,0.0,0.0,0.0,0.0,0.0,3527.7,0.0,0.0
2050-10-29 10:00:00,2050-10-29 08:00:00,1201.1,2431.9,0.0,0.0,3633.0,1165.3,0.0,0.0,0.0,0.0297,0.0314,upv,upv,0.0,0.0,0.0,0.0,0.0,0.0,0.0,0.0,0.0,0.0,0.0,0.0,0.0,0.0,0.0,0.0,0.0,0.0,139.6,2.6,0.26,16.5,1052.7,0.06,139.8,47.9,187.7,0.0,0.0,0.0,0.0,0.0,0.0,0.0,0.0,0.0,0.0,0.0,0.0,0.0,0.0,0.0,0.0,0.0,0.0,5645.6,5645.6,3633.0,3633.0,0.0,0.0,0.0,0.0,0.0,390.5,0.0,0.0,0.0,0.0,0.0,0.0,0.0,3214.2,28.3,0.0
2050-10-29 11:00:00,2050-10-29 09:00:00,1283.2,2617.9,0.0,0.0,3901.1,1244.8,0.0,0.0,0.0,0.0299,0.0336,upv,upv,0.0,0.0,0.0,0.0,0.0,0.0,0.0,0.0,0.0,0.0,0.0,0.0,0.0,0.0,0.0,0.0,0.0,0.0,139.7,2.6,0.26,16.5,1052.9,0.06,139.8,47.9,187.7,0.0,0.0,0.0,0.0,0.0,0.0,0.0,0.0,0.0,0.0,0.0,0.0,0.0,0.0,0.0,0.0,0.0,0.0,5095.0,5095.0,3901.1,3901.1,0.0,0.0,0.0,0.0,0.0,378.6,0.0,0.0,0.0,0.0,0.0,0.0,0.0,3499.8,22.7,0.0
2050-10-29 12:00:00,2050-10-29 10:00:00,1389.5,4019.6,0.0,0.0,5409.0,1347.4,0.0,0.0,0.0,0.0303,0.0363,upv,upv,0.0,0.0,0.0,0.0,0.0,0.0,0.0,0.0,0.0,0.0,0.0,0.0,0.0,0.0,0.0,0.0,0.0,0.0,139.7,2.6,0.26,16.5,1053.3,0.06,139.9,47.9,187.8,0.0,0.0,0.0,0.0,0.0,0.0,0.0,0.0,0.0,0.0,0.0,0.0,0.0,0.0,0.0,0.0,0.0,0.0,3101.7,3101.7,5409.0,5409.0,0.0,0.0,0.0,0.0,0.0,358.5,0.0,0.0,0.0,0.0,0.0,0.0,0.0,5034.2,16.3,0.0
2050-10-29 13:00:00,2050-10-29 11:00:00,1482.1,4019.6,0.0,0.0,5501.7,1436.5,0.0,0.0,0.0,0.0308,0.0388,upv,upv,0.0,0.0,0.0,0.0,0.0,0.0,0.0,0.0,0.0,0.0,0.0,0.0,0.0,0.0,0.0,0.0,0.0,0.0,139.8,2.6,0.26,16.5,1053.8,0.06,139.9,47.9,187.9,0.0,0.0,0.0,0.0,0.0,0.0,0.0,0.0,0.0,0.0,0.0,0.0,0.0,0.0,0.0,0.0,0.0,7.6,2803.9,2811.6,5501.7,5501.7,0.0,0.0,0.0,0.0,0.0,350.6,0.0,0.0,0.0,0.0,0.0,0.0,0.0,5151.1,0.0,0.0
2050-10-29 14:00:00,2050-10-29 12:00:00,1603.2,3824.8,0.0,0.0,5427.9,1552.7,0.0,0.0,0.0,0.0315,0.0419,upv,upv,0.0,0.0,0.0,0.0,0.0,0.0,0.0,0.0,0.0,0.0,0.0,0.0,0.0,0.0,0.0,0.0,0.0,0.0,139.9,2.6,0.26,16.5,1054.6,0.06,140.0,48.0,188.0,0.0,0.0,0.0,0.0,0.0,0.0,0.0,0.0,0.0,0.0,0.0,0.0,0.0,0.0,0.0,0.0,0.0,1.5,3066.6,3068.1,5427.9,5427.9,0.0,0.0,0.0,0.0,0.0,358.5,0.0,0.0,0.0,0.0,0.0,0.0,0.0,5069.4,0.0,0.0
2050-10-29 15:00:00,2050-10-29 13:00:00,1711.6,4019.6,0.0,0.0,5731.2,1656.4,-0.0,0.0,0.0,0.0322,0.0448,upv,upv,0.0,0.0,0.0,0.0,0.0,0.0,0.0,0.0,0.0,0.0,0.0,0.0,0.0,0.0,0.0,0.0,0.0,0.0,140.0,2.6,0.26,16.5,1055.4,0.06,140.1,48.0,188.2,0.0,0.0,0.0,0.0,0.0,0.0,0.0,0.0,0.0,0.0,0.0,0.0,0.0,0.0,0.0,0.0,0.0,0.4,3147.8,3148.2,5731.2,5731.2,0.0,0.0,0.0,0.0,0.0,374.6,0.0,0.0,0.0,0.0,0.0,0.0,0.0,5356.6,0.0,0.0
2050-10-29 16:00:00,2050-10-29 14:00:00,1811.6,3759.9,0.0,0.0,5571.5,1751.8,0.0,0.0,0.0,0.033,0.0474,upv,upv,0.0,0.0,0.0,0.0,0.0,0.0,0.0,0.0,0.0,0.0,0.0,0.0,0.0,0.0,0.0,0.0,0.0,0.0,140.1,2.6,0.27,16.6,1056.2,0.06,140.3,48.0,188.3,0.0,0.0,0.0,0.0,0.0,0.0,0.0,0.0,0.0,0.0,0.0,0.0,0.0,0.0,0.0,0.0,0.0,1.1,3496.3,3497.4,5571.5,5571.5,0.0,0.0,0.0,0.0,0.0,382.5,0.0,0.0,0.0,0.0,0.0,0.0,0.0,5188.9,0.0,0.0
2050-10-29 17:00:00,2050-10-29 15:00:00,1914.7,2431.9,0.0,0.0,4346.6,1849.9,0.0,0.0,0.0,0.0338,0.0501,upv,upv,0.0,0.0,0.0,0.0,0.0,0.0,0.0,0.0,0.0,0.0,0.0,0.0,0.0,0.0,0.0,0.0,0.0,0.0,140.2,2.6,0.27,16.6,1057.2,0.06,140.4,48.1,188.5,0.0,0.0,0.0,0.0,0.0,0.0,0.0,0.0,0.0,0.0,0.0,0.0,0.0,0.0,0.0,0.0,0.0,2.5,3722.7,3725.2,4346.6,4346.6,0.0,0.0,0.0,0.0,0.0,340.5,0.0,0.0,0.0,0.0,0.0,0.0,0.0,4006.1,0.0,0.0
2050-10-29 18:00:00,2050-10-29 16:00:00,2028.4,0.0,0.0,4.1,2032.5,1957.8,-626.6,0.0,626.6,0.0348,0.053,battery,gas-cc,0.0,0.0,0.0,0.0,0.0,0.0,0.0,0.0,0.0,0.0,0.0,0.0,0.0,0.0,0.0,0.0,0.0,0.0,140.4,2.6,0.27,16.6,1058.2,0.06,140.5,48.1,188.7,340.4,6.4,0.64,40.2,2568.7,0.15,340.8,116.8,457.6,31.44,0.0,0.0,31.44,33.2,0.0,0.0,33.2,0.0,0.0,0.0,2659.1,2659.1,0.0,0.0,0.0,0.0,0.0,111.8,0.0,0.0,0.0,0.0,0.0,0.0,0.0,2536.4,10.9,0.0
2050-10-29 19:00:00,2050-10-29 17:00:00,2058.9,0.0,0.0,0.3,2059.2,1986.7,2028.5,0.0,42.8,0.0351,0.0538,battery,gas-cc,0.0,0.0,0.0,0.0,0.0,0.0,0.0,0.0,0.0,0.0,0.0,0.0,0.0,0.0,0.0,0.0,0.0,0.0,145.2,2.7,0.27,17.2,1095.0,0.06,145.4,49.8,195.2,395.0,7.4,0.74,46.7,2980.9,0.17,395.4,135.5,531.0,31.44,0.0,0.0,31.44,33.23,0.0,0.0,33.23,0.0,0.0,0.0,2102.0,30.7,2071.3,0.0,0.0,0.0,0.0,0.0,0.0,0.0,0.0,0.0,0.0,0.0,0.0,0.0,30.7,0.0
2050-10-29 20:00:00,2050-10-29 18:00:00,2087.4,0.0,0.0,1.3,2088.6,2013.5,2040.1,0.0,197.0,0.0354,0.0546,battery,gas-cc,0.0,0.0,0.0,0.0,0.0,0.0,0.0,0.0,0.0,0.0,0.0,0.0,0.0,0.0,0.0,0.0,0.0,0.0,145.8,2.8,0.28,17.2,1099.6,0.06,146.0,50.0,196.0,395.3,7.5,0.75,46.7,2983.2,0.17,395.8,135.6,531.4,31.44,0.0,0.0,31.44,33.26,0.0,0.0,33.26,0.0,0.0,0.0,2285.6,48.5,2237.1,0.0,0.0,0.0,0.0,0.0,0.0,0.0,0.0,0.0,0.0,0.0,0.0,0.0,48.5,0.0
2050-10-29 21:00:00,2050-10-29 19:00:00,2005.3,0.0,0.0,9.3,2014.6,1935.8,1974.5,0.0,1431.5,0.0346,0.0524,battery,gas-cc,0.0,0.0,0.0,0.0,0.0,0.0,0.0,0.0,0.0,0.0,0.0,0.0,0.0,0.0,0.0,0.0,0.0,0.0,145.7,2.7,0.28,17.2,1098.5,0.06,145.9,50.0,195.8,371.3,7.0,0.7,43.9,2801.6,0.16,371.7,127.4,499.0,31.44,0.0,0.0,31.44,33.18,0.0,0.0,33.18,0.0,0.0,0.0,3446.0,40.0,3406.0,0.0,0.0,0.0,0.0,0.0,0.0,0.0,0.0,0.0,0.0,0.0,0.0,0.0,40.0,0.0
2050-10-29 22:00:00,2050-10-29 20:00:00,1848.4,0.0,0.0,7.2,1855.6,1786.9,1816.2,0.0,1106.1,0.0333,0.0483,battery,gas-cc,0.0,0.0,0.0,0.0,0.0,0.0,0.0,0.0,0.0,0.0,0.0,0.0,0.0,0.0,0.0,0.0,0.0,0.0,145.4,2.7,0.28,17.2,1096.4,0.06,145.6,49.9,195.5,369.7,7.0,0.7,43.7,2789.5,0.16,370.1,126.8,496.9,31.44,0.0,0.0,31.44,33.04,0.0,0.0,33.04,0.0,0.0,0.0,2961.7,39.4,2922.4,0.0,0.0,0.0,0.0,0.0,0.0,0.0,0.0,0.0,0.0,0.0,0.0,0.0,39.4,0.0
2050-10-29 23:00:00,2050-10-29 21:00:00,1722.1,0.0,0.0,6.0,1728.1,1666.5,1703.7,0.0,923.1,0.0323,0.045,battery,gas-cc,0.0,0.0,0.0,0.0,0.0,0.0,0.0,0.0,0.0,0.0,0.0,0.0,0.0,0.0,0.0,0.0,0.0,0.0,145.1,2.7,0.27,17.1,1094.2,0.06,145.3,49.8,195.1,391.4,7.4,0.74,46.2,2953.4,0.17,391.8,134.3,526.1,31.44,0.0,0.0,31.44,32.93,0.0,0.0,32.93,0.0,0.0,0.0,2651.2,24.4,2626.7,0.0,0.0,0.0,0.0,0.0,0.0,0.0,0.0,0.0,0.0,0.0,0.0,0.0,24.4,0.0
2050-10-30 00:00:00,2050-10-29 22:00:00,1603.2,0.0,0.0,0.0,1603.2,1552.7,1585.0,0.0,0.0,0.0315,0.0419,battery,gas-cc,0.0,0.0,0.0,0.0,0.0,0.0,0.0,0.0,0.0,0.0,0.0,0.0,0.0,0.0,0.0,0.0,0.0,0.0,213.7,4.0,0.4,25.2,1612.0,0.09,213.9,73.3,287.2,399.1,7.5,0.75,47.1,3011.6,0.17,399.5,136.9,536.5,32.76,0.0,0.0,32.76,34.19,0.0,0.0,34.19,0.0,0.0,0.0,1603.2,18.1,1585.0,0.0,0.0,0.0,0.0,0.0,0.0,0.0,0.0,0.0,0.0,0.0,0.0,0.0,18.1,0.0
2050-10-30 01:00:00,2050-10-29 23:00:00,1476.8,0.0,0.0,0.0,1476.8,1431.5,1462.6,0.0,0.0,0.0307,0.0386,battery,gas-cc,0.0,0.0,0.0,0.0,0.0,0.0,0.0,0.0,0.0,0.0,0.0,0.0,0.0,0.0,0.0,0.0,0.0,0.0,161.4,3.0,0.31,19.1,1217.4,0.07,161.6,55.4,217.0,397.7,7.5,0.75,47.0,3001.2,0.17,398.1,136.5,534.6,32.76,0.0,0.0,32.76,34.08,0.0,0.0,34.08,0.0,0.0,0.0,1476.8,14.3,1462.6,0.0,0.0,0.0,0.0,0.0,0.0,0.0,0.0,0.0,0.0,0.0,0.0,0.0,14.3,0.0
2050-10-30 02:00:00,2050-10-30 00:00:00,1298.9,0.0,0.0,0.0,1298.9,1260.0,1284.0,0.0,0.0,0.03,0.034,battery,gas-cc,0.0,0.0,0.0,0.0,0.0,0.0,0.0,0.0,0.0,0.0,0.0,0.0,0.0,0.0,0.0,0.0,0.0,0.0,182.8,3.4,0.35,21.6,1378.9,0.08,183.0,62.7,245.7,395.8,7.5,0.75,46.8,2986.8,0.17,396.2,135.8,532.0,32.76,0.0,0.0,32.76,33.91,0.0,0.0,33.91,0.0,0.0,0.0,1298.9,14.9,1284.0,0.0,0.0,0.0,0.0,0.0,0.0,0.0,0.0,0.0,0.0,0.0,0.0,0.0,14.9,0.0
2050-10-30 03:00:00,2050-10-30 01:00:00,1216.8,0.0,0.0,0.0,1216.8,1180.6,1208.8,0.0,0.0,0.0298,0.0318,battery,gas-cc,0.0,0.0,0.0,0.0,0.0,0.0,0.0,0.0,0.0,0.0,0.0,0.0,0.0,0.0,0.0,0.0,0.0,0.0,201.9,3.8,0.38,23.8,1522.7,0.09,202.1,69.2,271.3,394.9,7.4,0.74,46.7,2980.1,0.17,395.3,135.5,530.9,32.76,0.0,0.0,32.76,33.84,0.0,0.0,33.84,0.0,0.0,0.0,1216.8,8.1,1208.8,0.0,0.0,0.0,0.0,0.0,0.0,0.0,0.0,0.0,0.0,0.0,0.0,0.0,8.1,0.0
2050-10-30 04:00:00,2050-10-30 02:00:00,1149.5,0.0,0.0,0.0,1149.5,1115.3,1142.8,0.0,0.0,0.0297,0.0301,battery,gas-cc,0.0,0.0,0.0,0.0,0.0,0.0,0.0,0.0,0.0,0.0,0.0,0.0,0.0,0.0,0.0,0.0,0.0,0.0,166.2,3.1,0.31,19.6,1253.6,0.07,166.4,57.0,223.4,394.2,7.4,0.74,46.6,2974.7,0.17,394.6,135.3,529.9,32.76,0.0,0.0,32.76,33.78,0.0,0.0,33.78,0.0,0.0,0.0,1149.5,6.7,1142.8,0.0,0.0,0.0,0.0,0.0,0.0,0.0,0.0,0.0,0.0,0.0,0.0,0.0,6.7,0.0
2050-10-30 05:00:00,2050-10-30 03:00:00,1108.4,0.0,0.0,0.0,1108.4,1075.5,1102.4,0.0,0.0,0.0297,0.029,battery,gas-cc,0.0,0.0,0.0,0.0,0.0,0.0,0.0,0.0,0.0,0.0,0.0,0.0,0.0,0.0,0.0,0.0,0.0,0.0,178.5,3.4,0.34,21.1,1346.5,0.08,178.7,61.2,240.0,393.8,7.4,0.74,46.5,2971.4,0.17,394.2,135.1,529.3,32.76,0.0,0.0,32.76,33.74,0.0,0.0,33.74,0.0,0.0,0.0,1108.4,6.0,1102.4,0.0,0.0,0.0,0.0,0.0,0.0,0.0,0.0,0.0,0.0,0.0,0.0,0.0,6.0,0.0
2050-10-30 06:00:00,2050-10-30 04:00:00,1097.9,0.0,0.0,0.0,1097.9,1065.3,1090.5,0.0,0.0,0.0297,0.0287,battery,gas-cc,0.0,0.0,0.0,0.0,0.0,0.0,0.0,0.0,0.0,0.0,0.0,0.0,0.0,0.0,0.0,0.0,0.0,0.0,193.2,3.6,0.36,22.8,1457.1,0.08,193.4,66.3,259.6,393.7,7.4,0.74,46.5,2970.6,0.17,394.1,135.1,529.2,32.76,0.0,0.0,32.76,33.73,0.0,0.0,33.73,0.0,0.0,0.0,1097.9,7.4,1090.5,0.0,0.0,0.0,0.0,0.0,0.0,0.0,0.0,0.0,0.0,0.0,0.0,0.0,7.4,0.0
2050-10-30 07:00:00,2050-10-30 05:00:00,1160.0,0.0,0.0,1.0,1161.0,1125.5,1153.0,64.7,0.0,0.0297,0.0303,battery,gas-cc,0.0,0.0,0.0,0.0,0.0,0.0,0.0,0.0,0.0,0.0,0.0,0.0,0.0,0.0,0.0,0.0,0.0,0.0,165.7,3.1,0.31,19.6,1249.6,0.07,165.9,56.8,222.7,377.8,7.1,0.71,44.6,2850.8,0.16,378.2,129.6,507.8,32.76,0.0,0.0,32.76,33.79,0.0,0.0,33.79,0.0,0.0,0.0,1096.3,8.0,1088.3,0.0,0.0,0.0,0.0,0.0,0.0,0.0,0.0,0.0,0.0,0.0,0.0,0.0,8.0,0.0
2050-10-30 08:00:00,2050-10-30 06:00:00,1254.7,0.0,0.0,0.0,1254.7,1217.3,527.5,0.0,0.0,0.0298,0.0328,battery,gas-cc,0.0,0.0,0.0,0.0,0.0,0.0,0.0,0.0,0.0,0.0,0.0,0.0,0.0,0.0,0.0,0.0,0.0,0.0,159.5,3.0,0.3,18.8,1202.9,0.07,159.7,54.7,214.4,395.3,7.5,0.75,46.7,2983.2,0.17,395.8,135.6,531.4,32.76,0.0,0.0,32.76,33.87,0.0,0.0,33.87,0.0,0.0,0.0,1254.7,727.2,527.5,0.0,0.0,0.0,0.0,30.3,0.0,0.0,0.0,0.0,0.0,0.0,0.0,688.2,8.7,0.0
2050-10-30 09:00:00,2050-10-30 07:00:00,1400.0,2431.9,0.0,0.0,3831.9,1357.5,0.0,0.0,0.0,0.0303,0.0366,upv,upv,0.0,0.0,0.0,0.0,0.0,0.0,0.0,0.0,0.0,0.0,0.0,0.0,0.0,0.0,0.0,0.0,0.0,0.0,139.7,2.6,0.26,16.5,1053.3,0.06,139.9,47.9,187.8,0.0,0.0,0.0,0.0,0.0,0.0,0.0,0.0,0.0,0.0,0.0,0.0,0.0,0.0,0.0,0.0,0.0,9.0,2503.6,2512.6,3831.9,3831.9,0.0,0.0,0.0,0.0,0.0,0.0,0.0,0.0,0.0,0.0,0.0,0.0,0.0,3831.9,0.0,0.0
2050-10-30 10:00:00,2050-10-30 08:00:00,1535.8,3436.1,0.0,0.0,4971.9,1488.1,0.0,0.0,0.0,0.0311,0.0402,upv,upv,0.0,0.0,0.0,0.0,0.0,0.0,0.0,0.0,0.0,0.0,0.0,0.0,0.0,0.0,0.0,0.0,0.0,0.0,139.8,2.6,0.26,16.5,1054.1,0.06,140.0,47.9,187.9,0.0,0.0,0.0,0.0,0.0,0.0,0.0,0.0,0.0,0.0,0.0,0.0,0.0,0.0,0.0,0.0,0.0,8.0,4048.8,4056.8,4971.9,4971.9,0.0,0.0,0.0,0.0,0.0,380.7,0.0,0.0,0.0,0.0,0.0,0.0,0.0,4591.2,0.0,0.0
2050-10-30 11:00:00,2050-10-30 09:00:00,1564.2,2974.6,0.0,0.0,4538.9,1515.4,-0.0,0.0,0.0,0.0312,0.0409,upv,upv,0.0,0.0,0.0,0.0,0.0,0.0,0.0,0.0,0.0,0.0,0.0,0.0,0.0,0.0,0.0,0.0,0.0,0.0,139.8,2.6,0.26,16.5,1054.3,0.06,140.0,48.0,188.0,0.0,0.0,0.0,0.0,0.0,0.0,0.0,0.0,0.0,0.0,0.0,0.0,0.0,0.0,0.0,0.0,0.0,3.8,4232.3,4236.1,4538.9,4538.9,0.0,0.0,0.0,0.0,0.0,370.3,0.0,0.0,0.0,0.0,0.0,0.0,0.0,4168.6,0.0,0.0
2050-10-30 12:00:00,2050-10-30 10:00:00,1558.9,3824.8,0.0,0.0,5383.7,1510.3,-0.0,0.0,0.0,0.0312,0.0408,upv,upv,0.0,0.0,0.0,0.0,0.0,0.0,0.0,0.0,0.0,0.0,0.0,0.0,0.0,0.0,0.0,0.0,0.0,0.0,139.8,2.6,0.26,16.5,1054.3,0.06,140.0,48.0,188.0,0.0,0.0,0.0,0.0,0.0,0.0,0.0,0.0,0.0,0.0,0.0,0.0,0.0,0.0,0.0,0.0,0.0,0.4,3063.6,3063.9,5383.7,5383.7,0.0,0.0,0.0,0.0,0.0,356.6,0.0,0.0,0.0,0.0,0.0,0.0,0.0,5027.1,0.0,0.0
2050-10-30 13:00:00,2050-10-30 11:00:00,1587.4,3986.6,0.0,0.0,5574.0,1537.6,0.0,0.0,0.0,0.0314,0.0415,upv,upv,0.0,0.0,0.0,0.0,0.0,0.0,0.0,0.0,0.0,0.0,0.0,0.0,0.0,0.0,0.0,0.0,0.0,0.0,139.9,2.6,0.26,16.5,1054.5,0.06,140.0,48.0,188.0,0.0,0.0,0.0,0.0,0.0,0.0,0.0,0.0,0.0,0.0,0.0,0.0,0.0,0.0,0.0,0.0,0.0,0.0,2738.3,2738.3,5574.0,5574.0,0.0,0.0,0.0,0.0,0.0,350.8,0.0,0.0,0.0,0.0,0.0,0.0,0.0,5223.2,0.0,0.0
2050-10-30 14:00:00,2050-10-30 12:00:00,1647.4,3045.5,0.0,0.0,4692.8,1595.0,0.0,0.0,0.0,0.0318,0.0431,upv,upv,0.0,0.0,0.0,0.0,0.0,0.0,0.0,0.0,0.0,0.0,0.0,0.0,0.0,0.0,0.0,0.0,0.0,0.0,139.9,2.6,0.26,16.5,1054.9,0.06,140.1,48.0,188.1,0.0,0.0,0.0,0.0,0.0,0.0,0.0,0.0,0.0,0.0,0.0,0.0,0.0,0.0,0.0,0.0,0.0,0.0,3808.3,3808.3,4692.8,4692.8,0.0,0.0,0.0,0.0,0.0,358.7,0.0,0.0,0.0,0.0,0.0,0.0,0.0,4334.1,0.0,0.0
2050-10-30 15:00:00,2050-10-30 13:00:00,1745.3,3629.9,0.0,0.0,5375.2,1688.6,0.0,0.0,0.0,0.0325,0.0456,upv,upv,0.0,0.0,0.0,0.0,0.0,0.0,0.0,0.0,0.0,0.0,0.0,0.0,0.0,0.0,0.0,0.0,0.0,0.0,140.0,2.6,0.27,16.5,1055.7,0.06,140.2,48.0,188.2,0.0,0.0,0.0,0.0,0.0,0.0,0.0,0.0,0.0,0.0,0.0,0.0,0.0,0.0,0.0,0.0,0.0,2.6,3443.0,3445.7,5375.2,5375.2,0.0,0.0,0.0,0.0,0.0,372.1,0.0,0.0,0.0,0.0,0.0,0.0,0.0,5003.1,0.0,0.0
2050-10-30 16:00:00,2050-10-30 14:00:00,1820.0,3600.8,0.0,0.0,5420.8,1759.8,0.0,0.0,0.0,0.0331,0.0476,upv,upv,0.0,0.0,0.0,0.0,0.0,0.0,0.0,0.0,0.0,0.0,0.0,0.0,0.0,0.0,0.0,0.0,0.0,0.0,140.1,2.6,0.27,16.6,1056.3,0.06,140.3,48.0,188.3,0.0,0.0,0.0,0.0,0.0,0.0,0.0,0.0,0.0,0.0,0.0,0.0,0.0,0.0,0.0,0.0,0.0,3.2,3559.3,3562.6,5420.8,5420.8,0.0,0.0,0.0,0.0,0.0,378.9,0.0,0.0,0.0,0.0,0.0,0.0,0.0,5041.9,0.0,0.0
2050-10-30 17:00:00,2050-10-30 15:00:00,1953.7,2626.7,0.0,0.0,4580.4,1886.9,0.0,0.0,0.0,0.0342,0.0511,upv,upv,0.0,0.0,0.0,0.0,0.0,0.0,0.0,0.0,0.0,0.0,0.0,0.0,0.0,0.0,0.0,0.0,0.0,0.0,140.3,2.6,0.27,16.6,1057.5,0.06,140.4,48.1,188.5,0.0,0.0,0.0,0.0,0.0,0.0,0.0,0.0,0.0,0.0,0.0,0.0,0.0,0.0,0.0,0.0,0.0,7.0,3286.6,3293.6,4580.4,4580.4,0.0,0.0,0.0,0.0,0.0,332.0,0.0,0.0,0.0,0.0,0.0,0.0,0.0,4248.4,0.0,0.0
2050-10-30 18:00:00,2050-10-30 16:00:00,2058.9,0.0,0.0,3.3,2062.2,1986.7,-462.3,0.0,503.7,0.0351,0.0538,battery,gas-cc,0.0,0.0,0.0,0.0,0.0,0.0,0.0,0.0,0.0,0.0,0.0,0.0,0.0,0.0,0.0,0.0,0.0,0.0,141.6,2.7,0.27,16.7,1067.5,0.06,141.8,48.6,190.3,404.1,7.6,0.76,47.7,3049.5,0.18,404.5,138.7,543.2,33.21,0.0,0.0,33.21,35.1,0.0,0.0,35.1,0.0,0.0,0.0,2565.9,2524.5,41.4,0.0,0.0,0.0,0.0,105.3,0.0,0.0,0.0,0.0,0.0,0.0,0.0,2389.4,29.8,0.0
2050-10-30 19:00:00,2050-10-30 17:00:00,2154.7,0.0,0.0,5.0,2159.7,2077.2,2080.4,0.0,770.2,0.036,0.0563,battery,gas-cc,0.0,0.0,0.0,0.0,0.0,0.0,0.0,0.0,0.0,0.0,0.0,0.0,0.0,0.0,0.0,0.0,0.0,0.0,184.8,3.5,0.35,21.8,1393.8,0.08,185.0,63.4,248.4,411.5,7.8,0.78,48.6,3104.9,0.18,411.9,141.2,553.1,33.21,0.0,0.0,33.21,35.19,0.0,0.0,35.19,0.0,0.0,0.0,2930.0,79.4,2850.6,0.0,0.0,0.0,0.0,0.0,0.0,0.0,0.0,0.0,0.0,0.0,0.0,0.0,79.4,0.0
2050-10-30 20:00:00,2050-10-30 18:00:00,2240.0,0.0,0.0,2.2,2242.2,2157.5,2167.9,0.0,334.5,0.0368,0.0586,battery,gas-cc,0.0,0.0,0.0,0.0,0.0,0.0,0.0,0.0,0.0,0.0,0.0,0.0,0.0,0.0,0.0,0.0,0.0,0.0,155.5,2.9,0.29,18.4,1172.7,0.07,155.7,53.3,209.0,412.4,7.8,0.78,48.7,3112.3,0.18,412.9,141.5,554.4,33.21,0.0,0.0,33.21,35.28,0.0,0.0,35.28,0.0,0.0,0.0,2576.7,74.3,2502.4,0.0,0.0,0.0,0.0,0.0,0.0,0.0,0.0,0.0,0.0,0.0,0.0,0.0,74.3,0.0
2050-10-30 21:00:00,2050-10-30 19:00:00,2154.7,0.0,0.0,8.5,2163.2,2077.2,2100.5,0.0,1305.5,0.036,0.0563,battery,gas-cc,0.0,0.0,0.0,0.0,0.0,0.0,0.0,0.0,0.0,0.0,0.0,0.0,0.0,0.0,0.0,0.0,0.0,0.0,210.0,4.0,0.4,24.8,1584.5,0.09,210.3,72.1,282.3,411.5,7.8,0.78,48.6,3104.9,0.18,411.9,141.2,553.1,33.21,0.0,0.0,33.21,35.19,0.0,0.0,35.19,0.0,0.0,0.0,3468.7,62.7,3406.0,0.0,0.0,0.0,0.0,0.0,0.0,0.0,0.0,0.0,0.0,0.0,0.0,0.0,62.7,0.0
2050-10-30 22:00:00,2050-10-30 20:00:00,1982.1,0.0,0.0,0.0,1982.1,1913.9,1941.2,0.0,0.0,0.0344,0.0518,battery,gas-cc,0.0,0.0,0.0,0.0,0.0,0.0,0.0,0.0,0.0,0.0,0.0,0.0,0.0,0.0,0.0,0.0,0.0,0.0,222.2,4.2,0.42,26.2,1676.0,0.1,222.4,76.2,298.6,382.2,7.2,0.72,45.2,2884.2,0.17,382.6,131.1,513.8,33.21,0.0,0.0,33.21,35.03,0.0,0.0,35.03,0.0,0.0,0.0,1982.1,40.9,1941.2,0.0,0.0,0.0,0.0,0.0,0.0,0.0,0.0,0.0,0.0,0.0,0.0,0.0,40.9,0.0
2050-10-30 23:00:00,2050-10-30 21:00:00,1829.5,0.0,0.0,1.0,1830.4,1768.9,1799.0,0.0,149.3,0.0331,0.0478,battery,gas-cc,0.0,0.0,0.0,0.0,0.0,0.0,0.0,0.0,0.0,0.0,0.0,0.0,0.0,0.0,0.0,0.0,0.0,0.0,159.8,3.0,0.3,18.9,1204.7,0.07,159.9,54.8,214.7,407.8,7.7,0.77,48.2,3077.2,0.18,408.2,139.9,548.1,33.21,0.0,0.0,33.21,34.88,0.0,0.0,34.88,0.0,0.0,0.0,1979.7,31.5,1948.2,0.0,0.0,0.0,0.0,0.0,0.0,0.0,0.0,0.0,0.0,0.0,0.0,0.0,31.5,0.0
2050-10-31 00:00:00,2050-10-30 22:00:00,1665.3,0.0,0.0,5.6,1670.9,1612.1,1647.5,0.0,861.0,0.0319,0.0435,battery,gas-cc,0.0,0.0,0.0,0.0,0.0,0.0,0.0,0.0,0.0,0.0,0.0,0.0,0.0,0.0,0.0,0.0,0.0,0.0,180.9,3.4,0.34,21.4,1364.6,0.08,181.1,62.1,243.2,399.8,7.5,0.75,47.2,3016.7,0.17,400.2,137.2,537.4,32.93,0.0,0.0,32.93,34.43,0.0,0.0,34.43,0.0,0.0,0.0,2531.9,23.4,2508.5,0.0,0.0,0.0,0.0,0.0,0.0,0.0,0.0,0.0,0.0,0.0,0.0,0.0,23.4,0.0
2050-10-31 01:00:00,2050-10-30 23:00:00,1500.0,0.0,0.0,0.7,1500.7,1453.7,1479.1,0.0,108.6,0.0309,0.0392,battery,gas-cc,0.0,0.0,0.0,0.0,0.0,0.0,0.0,0.0,0.0,0.0,0.0,0.0,0.0,0.0,0.0,0.0,0.0,0.0,168.2,3.2,0.32,19.9,1268.6,0.07,168.4,57.7,226.1,378.2,7.1,0.71,44.7,2854.3,0.16,378.7,129.8,508.4,32.93,0.0,0.0,32.93,34.28,0.0,0.0,34.28,0.0,0.0,0.0,1609.3,21.6,1587.7,0.0,0.0,0.0,0.0,0.0,0.0,0.0,0.0,0.0,0.0,0.0,0.0,0.0,21.6,0.0
2050-10-31 02:00:00,2050-10-31 00:00:00,1337.9,0.0,0.0,3.9,1341.8,1297.6,1326.0,0.0,606.8,0.0301,0.035,battery,gas-cc,0.0,0.0,0.0,0.0,0.0,0.0,0.0,0.0,0.0,0.0,0.0,0.0,0.0,0.0,0.0,0.0,0.0,0.0,212.4,4.0,0.4,25.1,1602.1,0.09,212.6,72.9,285.5,376.6,7.1,0.71,44.5,2841.8,0.16,377.0,129.2,506.2,32.93,0.0,0.0,32.93,34.13,0.0,0.0,34.13,0.0,0.0,0.0,1948.6,15.8,1932.8,0.0,0.0,0.0,0.0,0.0,0.0,0.0,0.0,0.0,0.0,0.0,0.0,0.0,15.8,0.0
2050-10-31 03:00:00,2050-10-31 01:00:00,1240.0,0.0,0.0,0.0,1240.0,1203.0,1228.9,0.0,0.0,0.0298,0.0324,battery,gas-cc,0.0,0.0,0.0,0.0,0.0,0.0,0.0,0.0,0.0,0.0,0.0,0.0,0.0,0.0,0.0,0.0,0.0,0.0,204.9,3.9,0.39,24.2,1545.4,0.09,205.1,70.3,275.4,374.5,7.1,0.71,44.2,2826.4,0.16,374.9,128.5,503.5,32.93,0.0,0.0,32.93,34.04,0.0,0.0,34.04,0.0,0.0,0.0,1240.0,11.1,1228.9,0.0,0.0,0.0,0.0,0.0,0.0,0.0,0.0,0.0,0.0,0.0,0.0,0.0,11.1,0.0
2050-10-31 04:00:00,2050-10-31 02:00:00,1165.3,0.0,0.0,0.0,1165.3,1130.6,1156.9,0.0,0.0,0.0297,0.0305,battery,gas-cc,0.0,0.0,0.0,0.0,0.0,0.0,0.0,0.0,0.0,0.0,0.0,0.0,0.0,0.0,0.0,0.0,0.0,0.0,236.0,4.4,0.45,27.9,1780.5,0.1,236.3,81.0,317.2,373.8,7.0,0.7,44.2,2820.7,0.16,374.2,128.3,502.4,32.93,0.0,0.0,32.93,33.97,0.0,0.0,33.97,0.0,0.0,0.0,1165.3,8.3,1156.9,0.0,0.0,0.0,0.0,0.0,0.0,0.0,0.0,0.0,0.0,0.0,0.0,0.0,8.3,0.0
2050-10-31 05:00:00,2050-10-31 03:00:00,1133.7,0.0,0.0,0.0,1133.7,1100.0,1126.9,0.0,0.0,0.0297,0.0296,battery,gas-cc,0.0,0.0,0.0,0.0,0.0,0.0,0.0,0.0,0.0,0.0,0.0,0.0,0.0,0.0,0.0,0.0,0.0,0.0,197.6,3.7,0.37,23.3,1490.3,0.09,197.8,67.8,265.6,373.5,7.0,0.7,44.1,2818.3,0.16,373.9,128.1,502.0,32.93,0.0,0.0,32.93,33.94,0.0,0.0,33.94,0.0,0.0,0.0,1133.7,6.8,1126.9,0.0,0.0,0.0,0.0,0.0,0.0,0.0,0.0,0.0,0.0,0.0,0.0,0.0,6.8,0.0
2050-10-31 06:00:00,2050-10-31 04:00:00,1118.9,0.0,0.0,0.0,1118.9,1085.7,1112.0,0.0,0.0,0.0297,0.0293,battery,gas-cc,0.0,0.0,0.0,0.0,0.0,0.0,0.0,0.0,0.0,0.0,0.0,0.0,0.0,0.0,0.0,0.0,0.0,0.0,239.2,4.5,0.45,28.3,1804.7,0.1,239.5,82.1,321.5,373.3,7.0,0.7,44.1,2817.2,0.16,373.7,128.1,501.8,32.93,0.0,0.0,32.93,33.92,0.0,0.0,33.92,0.0,0.0,0.0,1118.9,7.0,1112.0,0.0,0.0,0.0,0.0,0.0,0.0,0.0,0.0,0.0,0.0,0.0,0.0,0.0,7.0,0.0
2050-10-31 07:00:00,2050-10-31 05:00:00,1170.5,0.0,0.0,0.0,1170.5,1135.8,1163.8,0.0,0.0,0.0297,0.0306,battery,gas-cc,0.0,0.0,0.0,0.0,0.0,0.0,0.0,0.0,0.0,0.0,0.0,0.0,0.0,0.0,0.0,0.0,0.0,0.0,204.5,3.9,0.39,24.2,1542.8,0.09,204.8,70.2,274.9,373.8,7.0,0.7,44.2,2821.1,0.16,374.2,128.3,502.5,32.93,0.0,0.0,32.93,33.97,0.0,0.0,33.97,0.0,0.0,0.0,1170.5,6.7,1163.8,0.0,0.0,0.0,0.0,0.0,0.0,0.0,0.0,0.0,0.0,0.0,0.0,0.0,6.7,0.0
2050-10-31 08:00:00,2050-10-31 06:00:00,1283.2,0.0,0.0,0.0,1283.2,1244.8,616.0,0.0,0.0,0.0299,0.0336,battery,gas-cc,0.0,0.0,0.0,0.0,0.0,0.0,0.0,0.0,0.0,0.0,0.0,0.0,0.0,0.0,0.0,0.0,0.0,0.0,237.0,4.5,0.45,28.0,1787.7,0.1,237.2,81.3,318.5,375.0,7.1,0.71,44.3,2829.7,0.16,375.4,128.7,504.1,32.93,0.0,0.0,32.93,34.07,0.0,0.0,34.07,0.0,0.0,0.0,1283.2,667.1,616.0,0.0,0.0,0.0,0.0,27.9,0.0,0.0,0.0,0.0,0.0,0.0,0.0,632.5,6.8,0.0
2050-10-31 09:00:00,2050-10-31 07:00:00,1425.3,3775.9,0.0,5.5,5206.7,1381.8,-851.7,0.0,851.7,0.0305,0.0373,battery,upv,0.0,0.0,0.0,0.0,0.0,0.0,0.0,0.0,0.0,0.0,0.0,0.0,0.0,0.0,0.0,0.0,0.0,0.0,139.7,2.6,0.26,16.5,1053.5,0.06,139.9,47.9,187.8,0.0,0.0,0.0,0.0,0.0,0.0,0.0,0.0,0.0,0.0,0.0,0.0,0.0,0.0,0.0,0.0,0.0,6.2,266.9,273.0,6058.4,6058.4,0.0,0.0,0.0,0.0,0.0,0.0,0.0,0.0,0.0,0.0,0.0,0.0,0.0,6058.4,0.0,0.0
2050-10-31 10:00:00,2050-10-31 08:00:00,1549.5,3994.8,0.0,0.0,5544.3,1501.2,0.0,0.0,0.0,0.0311,0.0405,upv,upv,0.0,0.0,0.0,0.0,0.0,0.0,0.0,0.0,0.0,0.0,0.0,0.0,0.0,0.0,0.0,0.0,0.0,0.0,139.8,2.6,0.26,16.5,1054.2,0.06,140.0,48.0,187.9,0.0,0.0,0.0,0.0,0.0,0.0,0.0,0.0,0.0,0.0,0.0,0.0,0.0,0.0,0.0,0.0,0.0,5.0,3537.2,3542.2,5544.3,5544.3,0.0,0.0,0.0,0.0,0.0,0.0,0.0,0.0,0.0,0.0,0.0,0.0,0.0,5544.3,0.0,0.0
2050-10-31 11:00:00,2050-10-31 09:00:00,1574.7,4019.6,0.0,0.0,5594.3,1525.5,0.0,0.0,0.0,0.0313,0.0412,upv,upv,0.0,0.0,0.0,0.0,0.0,0.0,0.0,0.0,0.0,0.0,0.0,0.0,0.0,0.0,0.0,0.0,0.0,0.0,139.9,2.6,0.26,16.5,1054.4,0.06,140.0,48.0,188.0,0.0,0.0,0.0,0.0,0.0,0.0,0.0,0.0,0.0,0.0,0.0,0.0,0.0,0.0,0.0,0.0,0.0,1.5,3217.1,3218.5,5594.3,5594.3,0.0,0.0,0.0,0.0,0.0,371.7,0.0,0.0,0.0,0.0,0.0,0.0,0.0,5222.6,0.0,0.0
2050-10-31 12:00:00,2050-10-31 10:00:00,1567.4,3211.2,0.0,0.0,4778.6,1518.4,0.0,0.0,0.0,0.0313,0.041,upv,upv,0.0,0.0,0.0,0.0,0.0,0.0,0.0,0.0,0.0,0.0,0.0,0.0,0.0,0.0,0.0,0.0,0.0,0.0,142.4,2.7,0.27,16.8,1073.7,0.06,142.6,48.8,191.4,0.0,0.0,0.0,0.0,0.0,0.0,0.0,0.0,0.0,0.0,0.0,0.0,0.0,0.0,0.0,0.0,0.0,0.0,3661.9,3661.9,4778.6,4778.6,0.0,0.0,0.0,0.0,0.0,356.2,0.0,0.0,0.0,0.0,0.0,0.0,0.0,4422.4,0.0,0.0
2050-10-31 13:00:00,2050-10-31 11:00:00,1582.1,4019.6,0.0,0.0,5601.7,1532.5,0.0,0.0,0.0,0.0313,0.0414,upv,upv,0.0,0.0,0.0,0.0,0.0,0.0,0.0,0.0,0.0,0.0,0.0,0.0,0.0,0.0,0.0,0.0,0.0,0.0,139.9,2.6,0.26,16.5,1054.4,0.06,140.0,48.0,188.0,0.0,0.0,0.0,0.0,0.0,0.0,0.0,0.0,0.0,0.0,0.0,0.0,0.0,0.0,0.0,0.0,0.0,0.1,2676.8,2676.9,5601.7,5601.7,0.0,0.0,0.0,0.0,0.0,349.3,0.0,0.0,0.0,0.0,0.0,0.0,0.0,5252.3,0.0,0.0
2050-10-31 14:00:00,2050-10-31 12:00:00,1644.2,2431.9,0.0,0.0,4076.1,1592.0,0.0,0.0,0.0,0.0318,0.043,upv,upv,0.0,0.0,0.0,0.0,0.0,0.0,0.0,0.0,0.0,0.0,0.0,0.0,0.0,0.0,0.0,0.0,0.0,0.0,142.3,2.7,0.27,16.8,1072.8,0.06,142.5,48.8,191.3,0.0,0.0,0.0,0.0,0.0,0.0,0.0,0.0,0.0,0.0,0.0,0.0,0.0,0.0,0.0,0.0,0.0,0.8,4371.2,4372.0,4076.1,4076.1,0.0,0.0,0.0,0.0,0.0,356.6,0.0,0.0,0.0,0.0,0.0,0.0,0.0,3719.6,0.0,0.0
2050-10-31 15:00:00,2050-10-31 13:00:00,1731.6,2431.9,0.0,0.0,4163.5,1675.5,0.0,0.0,0.0,0.0324,0.0453,upv,upv,0.0,0.0,0.0,0.0,0.0,0.0,0.0,0.0,0.0,0.0,0.0,0.0,0.0,0.0,0.0,0.0,0.0,0.0,140.0,2.6,0.27,16.5,1055.6,0.06,140.2,48.0,188.2,0.0,0.0,0.0,0.0,0.0,0.0,0.0,0.0,0.0,0.0,0.0,0.0,0.0,0.0,0.0,0.0,0.0,6.0,4782.9,4789.0,4163.5,4163.5,0.0,0.0,0.0,0.0,0.0,377.5,0.0,0.0,0.0,0.0,0.0,0.0,0.0,3786.0,0.0,0.0
2050-10-31 16:00:00,2050-10-31 14:00:00,1814.7,3240.3,0.0,0.0,5055.0,1754.8,0.0,0.0,0.0,0.033,0.0475,upv,upv,0.0,0.0,0.0,0.0,0.0,0.0,0.0,0.0,0.0,0.0,0.0,0.0,0.0,0.0,0.0,0.0,0.0,0.0,140.1,2.6,0.27,16.6,1056.3,0.06,140.3,48.0,188.3,0.0,0.0,0.0,0.0,0.0,0.0,0.0,0.0,0.0,0.0,0.0,0.0,0.0,0.0,0.0,0.0,0.0,7.9,4053.4,4061.2,5055.0,5055.0,0.0,0.0,0.0,0.0,0.0,384.3,0.0,0.0,0.0,0.0,0.0,0.0,0.0,4670.7,0.0,0.0
2050-10-31 17:00:00,2050-10-31 15:00:00,1935.8,2431.9,0.0,0.0,4367.7,1869.9,0.0,0.0,0.0,0.034,0.0506,upv,upv,0.0,0.0,0.0,0.0,0.0,0.0,0.0,0.0,0.0,0.0,0.0,0.0,0.0,0.0,0.0,0.0,0.0,0.0,147.9,2.8,0.28,17.5,1114.9,0.06,148.0,50.7,198.7,0.0,0.0,0.0,0.0,0.0,0.0,0.0,0.0,0.0,0.0,0.0,0.0,0.0,0.0,0.0,0.0,0.0,10.5,3620.7,3631.2,4367.7,4367.7,0.0,0.0,0.0,0.0,0.0,337.1,0.0,0.0,0.0,0.0,0.0,0.0,0.0,4030.6,0.0,0.0
2050-10-31 18:00:00,2050-10-31 16:00:00,2049.5,0.0,0.0,20.7,2070.2,1977.7,-452.1,0.0,1554.0,0.035,0.0536,battery,gas-cc,107.3,2.0,0.2,12.7,809.5,0.05,107.4,36.8,144.2,111.2,2.1,0.21,13.1,838.9,0.05,111.3,38.1,149.4,164.9,3.1,0.31,19.5,1243.2,0.07,165.0,56.5,221.6,489.1,9.2,0.92,57.8,3690.6,0.21,489.6,167.8,657.4,42.48,0.0,0.0,42.48,44.88,0.0,0.0,44.88,0.0,0.0,0.0,3624.1,2522.3,29.1,0.0,0.0,0.0,0.0,105.0,1072.7,0.0,0.0,0.0,0.0,0.0,0.0,2383.0,34.3,0.0
2050-10-31 19:00:00,2050-10-31 17:00:00,2138.9,0.0,0.0,28.8,2167.7,2062.3,2102.3,0.0,2795.2,0.0359,0.0559,hydro,gas-cc,78.3,1.5,0.15,9.3,591.1,0.03,78.4,26.9,105.3,81.2,1.5,0.15,9.6,613.1,0.04,81.3,27.9,109.2,162.0,3.1,0.31,19.1,1220.3,0.07,162.2,55.5,217.7,429.2,8.1,0.81,50.7,3238.7,0.19,429.7,147.3,576.9,42.48,0.0,0.0,42.48,44.99,0.0,0.0,44.99,0.0,0.0,0.0,4962.9,65.4,3824.8,0.0,0.0,0.0,0.0,0.0,1072.7,0.0,0.0,0.0,0.0,0.0,0.0,0.0,65.4,0.0
2050-10-31 20:00:00,2050-10-31 18:00:00,2227.4,0.0,0.0,19.3,2246.7,2145.6,2194.5,0.0,1339.2,0.0367,0.0582,battery,gas-cc,108.4,2.0,0.2,12.8,818.1,0.05,108.5,37.2,145.7,112.5,2.1,0.21,13.3,849.3,0.05,112.7,38.6,151.3,164.1,3.1,0.31,19.4,1237.3,0.07,164.3,56.3,220.5,430.2,8.1,0.81,50.8,3246.7,0.19,430.7,147.6,578.3,42.48,0.0,0.0,42.48,45.1,0.0,0.0,45.1,0.0,0.0,0.0,3585.8,52.1,2461.0,0.0,0.0,0.0,0.0,0.0,1072.7,0.0,0.0,0.0,0.0,0.0,0.0,0.0,52.1,0.0
2050-10-31 21:00:00,2050-10-31 19:00:00,2138.9,0.0,0.0,19.6,2158.5,2062.3,2120.2,0.0,1384.4,0.0359,0.0559,battery,gas-cc,109.7,2.1,0.21,13.0,828.0,0.05,109.8,37.7,147.5,113.8,2.1,0.21,13.4,858.8,0.05,113.9,39.1,153.0,159.9,3.0,0.3,18.9,1205.5,0.07,160.0,54.8,214.9,490.3,9.2,0.92,57.9,3699.7,0.21,490.8,168.2,659.0,42.48,0.0,0.0,42.48,44.99,0.0,0.0,44.99,0.0,0.0,0.0,3542.9,38.3,2431.9,0.0,0.0,0.0,0.0,0.0,1072.7,0.0,0.0,0.0,0.0,0.0,0.0,0.0,38.3,0.0
2050-10-31 22:00:00,2050-10-31 20:00:00,1969.5,0.0,0.0,25.6,1995.1,1901.9,1966.7,0.0,2317.2,0.0343,0.0515,battery,gas-cc,90.2,1.7,0.17,10.6,680.3,0.04,90.2,30.9,121.2,93.4,1.8,0.18,11.0,704.5,0.04,93.5,32.0,125.5,257.2,4.9,0.49,30.4,1936.6,0.11,257.5,88.1,345.7,427.2,8.1,0.81,50.5,3223.6,0.19,427.6,146.6,574.2,42.48,0.0,0.0,42.48,44.78,0.0,0.0,44.78,0.0,0.0,0.0,4312.3,28.4,3211.2,0.0,0.0,0.0,0.0,0.0,1072.7,0.0,0.0,0.0,0.0,0.0,0.0,0.0,28.4,0.0
2050-10-31 23:00:00,2050-10-31 21:00:00,1802.1,0.0,0.0,27.6,1829.7,1742.8,1808.5,0.0,2624.1,0.0329,0.0471,battery,gas-cc,87.3,1.6,0.16,10.3,658.7,0.04,87.4,30.0,117.3,90.3,1.7,0.17,10.7,681.1,0.04,90.4,31.0,121.3,204.4,3.9,0.39,24.1,1541.8,0.09,204.6,70.1,274.7,485.7,9.2,0.92,57.4,3665.5,0.21,486.3,166.7,652.9,42.48,0.0,0.0,42.48,44.58,0.0,0.0,44.58,0.0,0.0,0.0,4453.9,21.3,3359.8,0.0,0.0,0.0,0.0,0.0,1072.7,0.0,0.0,0.0,0.0,0.0,0.0,0.0,21.3,0.0
2050-11-01 00:00:00,2050-10-31 22:00:00,1652.6,0.0,0.0,18.6,1671.3,1600.1,1653.4,0.0,1238.3,0.0318,0.0432,hydro,gas-cc,133.6,2.5,0.25,15.8,1008.3,0.06,133.8,45.8,179.6,138.0,2.6,0.26,16.3,1041.4,0.06,138.2,47.4,185.5,155.3,2.9,0.29,18.4,1171.1,0.07,155.5,53.3,208.8,407.7,7.7,0.77,48.2,3076.4,0.18,408.1,139.9,548.0,41.24,0.0,0.0,41.24,43.11,0.0,0.0,43.11,0.0,0.0,0.0,2909.6,17.8,1819.0,0.0,0.0,0.0,0.0,0.0,1072.7,0.0,0.0,0.0,0.0,0.0,0.0,0.0,17.8,0.0
2050-11-01 01:00:00,2050-10-31 23:00:00,1474.7,0.0,0.0,19.3,1494.0,1429.4,1480.6,0.0,1950.7,0.0307,0.0386,battery,gas-cc,112.9,2.1,0.21,13.3,851.6,0.05,113.0,38.7,151.7,116.4,2.2,0.22,13.8,878.7,0.05,116.6,40.0,156.5,155.1,2.9,0.29,18.3,1169.7,0.07,155.3,53.2,208.5,409.6,7.7,0.77,48.4,3090.8,0.18,410.0,140.5,550.6,41.24,0.0,0.0,41.24,42.9,0.0,0.0,42.9,0.0,0.0,0.0,3444.7,13.4,2358.6,0.0,0.0,0.0,0.0,0.0,1072.7,0.0,0.0,0.0,0.0,0.0,0.0,0.0,13.4,0.0
2050-11-01 02:00:00,2050-11-01 00:00:00,1332.6,0.0,0.0,14.5,1347.1,1292.6,1336.9,0.0,1747.5,0.0301,0.0348,battery,gas-cc,125.6,2.4,0.24,14.8,948.0,0.05,125.8,43.1,168.9,129.5,2.4,0.24,15.3,977.4,0.06,129.7,44.5,174.1,153.3,2.9,0.29,18.1,1155.5,0.07,153.4,52.6,206.0,443.9,8.4,0.84,52.4,3349.6,0.19,444.4,152.3,596.7,41.24,0.0,0.0,41.24,42.73,0.0,0.0,42.73,0.0,0.0,0.0,3094.6,10.2,2011.6,0.0,0.0,0.0,0.0,0.0,1072.7,0.0,0.0,0.0,0.0,0.0,0.0,0.0,10.2,0.0
2050-11-01 03:00:00,2050-11-01 01:00:00,1229.5,0.0,0.0,4.3,1233.8,1192.8,1227.8,0.0,291.9,0.0298,0.0322,hydro,gas-cc,254.8,4.8,0.48,30.1,1922.9,0.11,255.1,87.4,342.5,262.6,4.9,0.49,31.0,1981.9,0.11,262.9,90.1,353.0,155.0,2.9,0.29,18.3,1168.5,0.07,155.2,53.2,208.3,406.9,7.7,0.77,48.1,3070.3,0.18,407.3,139.6,546.9,41.24,0.0,0.0,41.24,42.61,0.0,0.0,42.61,0.0,0.0,0.0,1525.7,6.0,446.9,0.0,0.0,0.0,0.0,0.0,1072.7,0.0,0.0,0.0,0.0,0.0,0.0,0.0,6.0,0.0
2050-11-01 04:00:00,2050-11-01 02:00:00,1167.4,0.0,0.0,3.1,1170.5,1132.7,1167.6,0.0,201.1,0.0297,0.0305,battery,gas-cc,283.4,5.3,0.53,33.5,2138.9,0.12,283.7,97.3,381.0,292.1,5.5,0.55,34.5,2204.4,0.13,292.4,100.2,392.7,155.0,2.9,0.29,18.3,1168.5,0.07,155.1,53.1,208.3,441.9,8.3,0.83,52.2,3334.6,0.19,442.4,151.6,594.0,41.24,0.0,0.0,41.24,42.54,0.0,0.0,42.54,0.0,0.0,0.0,1371.6,2.9,296.0,0.0,0.0,0.0,0.0,0.0,1072.7,0.0,0.0,0.0,0.0,0.0,0.0,0.0,2.9,0.0
2050-11-01 05:00:00,2050-11-01 03:00:00,1118.9,0.0,0.0,21.4,1140.3,1085.7,1137.0,0.0,1978.0,0.0297,0.0293,battery,gas-cc,124.7,2.3,0.23,14.7,940.8,0.05,124.8,42.8,167.6,128.5,2.4,0.24,15.2,969.6,0.06,128.6,44.1,172.7,162.4,3.1,0.31,19.2,1224.8,0.07,162.6,55.7,218.3,405.7,7.6,0.76,47.9,3061.2,0.18,406.1,139.2,545.3,41.24,0.0,0.0,41.24,42.49,0.0,0.0,42.49,0.0,0.0,0.0,3118.3,3.3,2042.2,0.0,0.0,0.0,0.0,0.0,1072.7,0.0,0.0,0.0,0.0,0.0,0.0,0.0,3.3,0.0
2050-11-01 06:00:00,2050-11-01 04:00:00,1113.7,0.0,0.0,12.3,1126.0,1080.6,1122.4,0.0,791.7,0.0297,0.0291,battery,gas-cc,202.7,3.8,0.38,23.9,1529.8,0.09,202.9,69.6,272.5,208.9,3.9,0.39,24.7,1576.6,0.09,209.2,71.7,280.9,154.9,2.9,0.29,18.3,1168.1,0.07,155.1,53.1,208.2,441.3,8.3,0.83,52.1,3329.8,0.19,441.7,151.4,593.1,41.24,0.0,0.0,41.24,42.48,0.0,0.0,42.48,0.0,0.0,0.0,1917.7,3.5,841.4,0.0,0.0,0.0,0.0,0.0,1072.7,0.0,0.0,0.0,0.0,0.0,0.0,0.0,3.5,0.0
2050-11-01 07:00:00,2050-11-01 05:00:00,1172.6,0.0,0.0,18.0,1190.6,1137.8,1187.1,0.0,1159.2,0.0297,0.0307,battery,gas-cc,165.4,3.1,0.31,19.5,1248.5,0.07,165.6,56.8,222.4,170.5,3.2,0.32,20.2,1286.7,0.07,170.7,58.5,229.2,154.9,2.9,0.29,18.3,1167.9,0.07,155.1,53.1,208.2,442.0,8.3,0.83,52.2,3335.1,0.19,442.4,151.6,594.1,41.24,0.0,0.0,41.24,42.55,0.0,0.0,42.55,0.0,0.0,0.0,2349.8,3.5,1273.5,0.0,0.0,0.0,0.0,0.0,1072.7,0.0,0.0,0.0,0.0,0.0,0.0,0.0,3.5,0.0
2050-11-01 08:00:00,2050-11-01 06:00:00,1298.9,0.0,0.0,2.2,1301.2,1260.0,730.3,0.0,342.5,0.03,0.034,gas-cc,gas-cc,236.5,4.5,0.45,27.9,1784.9,0.1,236.8,81.2,317.9,243.8,4.6,0.46,28.8,1840.0,0.11,244.1,83.7,327.8,185.3,3.5,0.35,21.9,1397.8,0.08,185.5,63.6,249.1,364.2,6.9,0.69,43.0,2748.0,0.16,364.5,125.0,489.5,38.69,0.0,0.0,38.69,40.05,0.0,0.0,40.05,0.0,0.0,0.0,1643.6,570.9,0.0,0.0,0.0,0.0,0.0,23.9,1072.7,0.0,0.0,0.0,0.0,0.0,0.0,542.4,4.6,0.0
2050-11-01 09:00:00,2050-11-01 07:00:00,1435.8,2617.9,0.0,10.7,4064.4,1392.0,-1640.0,0.0,1640.0,0.0305,0.0375,upv,upv,0.0,0.0,0.0,0.0,0.0,0.0,0.0,0.0,0.0,0.0,0.0,0.0,0.0,0.0,0.0,0.0,0.0,0.0,139.7,2.6,0.26,16.5,1053.5,0.06,139.9,47.9,187.8,0.0,0.0,0.0,0.0,0.0,0.0,0.0,0.0,0.0,0.0,0.0,0.0,0.0,0.0,0.0,0.0,0.0,6.1,293.7,299.8,5704.4,5704.4,0.0,0.0,0.0,0.0,0.0,253.2,0.0,0.0,0.0,0.0,0.0,0.0,0.0,5451.2,0.0,0.0
2050-11-01 10:00:00,2050-11-01 08:00:00,1556.8,4019.6,0.0,4.8,5581.3,1508.3,-744.9,0.0,744.9,0.0312,0.0407,upv,upv,0.0,0.0,0.0,0.0,0.0,0.0,0.0,0.0,0.0,0.0,0.0,0.0,0.0,0.0,0.0,0.0,0.0,0.0,139.8,2.6,0.26,16.5,1054.3,0.06,140.0,48.0,187.9,0.0,0.0,0.0,0.0,0.0,0.0,0.0,0.0,0.0,0.0,0.0,0.0,0.0,0.0,0.0,0.0,0.0,4.6,2492.0,2496.7,6326.2,6326.2,0.0,0.0,0.0,0.0,0.0,0.0,0.0,0.0,0.0,0.0,0.0,0.0,0.0,6326.2,0.0,0.0
2050-11-01 11:00:00,2050-11-01 09:00:00,1580.0,3824.8,0.0,10.7,5415.4,1530.5,-1640.0,0.0,1640.0,0.0313,0.0413,upv,upv,0.0,0.0,0.0,0.0,0.0,0.0,0.0,0.0,0.0,0.0,0.0,0.0,0.0,0.0,0.0,0.0,0.0,0.0,139.9,2.6,0.26,16.5,1054.4,0.06,140.0,48.0,188.0,0.0,0.0,0.0,0.0,0.0,0.0,0.0,0.0,0.0,0.0,0.0,0.0,0.0,0.0,0.0,0.0,0.0,1.6,1817.1,1818.6,7055.4,7055.4,0.0,0.0,0.0,0.0,0.0,0.0,0.0,0.0,0.0,0.0,0.0,0.0,0.0,7055.4,0.0,0.0
2050-11-01 12:00:00,2050-11-01 10:00:00,1574.7,3240.3,0.0,0.0,4815.0,1525.5,0.0,0.0,0.0,0.0313,0.0412,upv,upv,0.0,0.0,0.0,0.0,0.0,0.0,0.0,0.0,0.0,0.0,0.0,0.0,0.0,0.0,0.0,0.0,0.0,0.0,140.6,2.7,0.27,16.6,1059.8,0.06,140.7,48.2,188.9,0.0,0.0,0.0,0.0,0.0,0.0,0.0,0.0,0.0,0.0,0.0,0.0,0.0,0.0,0.0,0.0,0.0,0.8,3402.8,3403.6,4815.0,4815.0,0.0,0.0,0.0,0.0,0.0,346.8,0.0,0.0,0.0,0.0,0.0,0.0,0.0,4468.2,0.0,0.0
2050-11-01 13:00:00,2050-11-01 11:00:00,1582.1,3406.0,0.0,9.1,4997.3,1532.5,-1407.6,0.0,1407.6,0.0313,0.0414,upv,upv,0.0,0.0,0.0,0.0,0.0,0.0,0.0,0.0,0.0,0.0,0.0,0.0,0.0,0.0,0.0,0.0,0.0,0.0,141.8,2.7,0.27,16.7,1068.7,0.06,141.9,48.6,190.5,0.0,0.0,0.0,0.0,0.0,0.0,0.0,0.0,0.0,0.0,0.0,0.0,0.0,0.0,0.0,0.0,0.0,0.0,1516.2,1516.2,6404.8,6404.8,0.0,0.0,0.0,0.0,0.0,334.4,0.0,0.0,0.0,0.0,0.0,0.0,0.0,6070.5,0.0,0.0
2050-11-01 14:00:00,2050-11-01 12:00:00,1633.7,3986.6,0.0,2.1,5622.5,1581.9,-330.7,0.0,330.7,0.0317,0.0427,upv,upv,0.0,0.0,0.0,0.0,0.0,0.0,0.0,0.0,0.0,0.0,0.0,0.0,0.0,0.0,0.0,0.0,0.0,0.0,140.1,2.6,0.27,16.6,1056.5,0.06,140.3,48.1,188.3,0.0,0.0,0.0,0.0,0.0,0.0,0.0,0.0,0.0,0.0,0.0,0.0,0.0,0.0,0.0,0.0,0.0,0.0,2116.2,2116.2,5953.1,5953.1,0.0,0.0,0.0,0.0,0.0,340.5,0.0,0.0,0.0,0.0,0.0,0.0,0.0,5612.6,0.0,0.0
2050-11-01 15:00:00,2050-11-01 13:00:00,1711.6,2917.5,0.0,10.7,4639.8,1656.4,-1640.0,0.0,1640.0,0.0322,0.0448,upv,upv,0.0,0.0,0.0,0.0,0.0,0.0,0.0,0.0,0.0,0.0,0.0,0.0,0.0,0.0,0.0,0.0,0.0,0.0,140.0,2.6,0.27,16.5,1055.7,0.06,140.2,48.0,188.2,0.0,0.0,0.0,0.0,0.0,0.0,0.0,0.0,0.0,0.0,0.0,0.0,0.0,0.0,0.0,0.0,0.0,0.3,1897.7,1898.0,6279.7,6279.7,0.0,0.0,0.0,0.0,0.0,345.2,0.0,0.0,0.0,0.0,0.0,0.0,0.0,5934.6,0.0,0.0
2050-11-01 16:00:00,2050-11-01 14:00:00,1804.2,2431.9,0.0,5.6,4241.7,1744.8,-859.9,0.0,859.9,0.0329,0.0472,upv,upv,0.0,0.0,0.0,0.0,0.0,0.0,0.0,0.0,0.0,0.0,0.0,0.0,0.0,0.0,0.0,0.0,0.0,0.0,140.1,2.6,0.27,16.6,1056.2,0.06,140.2,48.0,188.3,0.0,0.0,0.0,0.0,0.0,0.0,0.0,0.0,0.0,0.0,0.0,0.0,0.0,0.0,0.0,0.0,0.0,0.4,2805.8,2806.1,5101.6,5101.6,0.0,0.0,0.0,0.0,0.0,333.6,0.0,0.0,0.0,0.0,0.0,0.0,0.0,4768.0,0.0,0.0
2050-11-01 17:00:00,2050-11-01 15:00:00,1923.2,3112.4,0.0,6.1,5041.6,1857.9,-936.1,0.0,936.1,0.0339,0.0503,distpv,distpv,0.0,0.0,0.0,0.0,0.0,0.0,0.0,0.0,0.0,0.0,0.0,0.0,0.0,0.0,0.0,0.0,0.0,0.0,152.6,2.9,0.29,18.0,1150.4,0.07,152.7,52.3,205.1,0.0,0.0,0.0,0.0,0.0,0.0,0.0,0.0,0.0,0.0,0.0,0.0,0.0,0.0,0.0,0.0,0.0,0.0,191.3,191.3,5977.7,5977.7,0.0,0.0,0.0,0.0,0.0,68.9,0.0,0.0,0.0,0.0,0.0,0.0,0.0,5906.5,2.3,0.0
2050-11-01 18:00:00,2050-11-01 16:00:00,2041.1,0.0,0.0,28.9,2069.9,1969.7,384.6,0.0,2816.0,0.0349,0.0534,battery,gas-cc,79.6,1.5,0.15,9.4,600.4,0.03,79.7,27.3,107.0,82.4,1.6,0.16,9.7,622.2,0.04,82.5,28.3,110.8,148.1,2.8,0.28,17.5,1116.3,0.06,148.2,50.8,199.0,452.6,8.5,0.85,53.5,3415.1,0.2,453.0,155.3,608.3,41.24,0.0,0.0,41.24,43.57,0.0,0.0,43.57,0.0,0.0,0.0,4886.0,1685.4,2127.9,0.0,0.0,0.0,0.0,70.7,1072.7,0.0,0.0,0.0,0.0,0.0,0.0,1604.3,10.4,0.0
2050-11-01 19:00:00,2050-11-01 17:00:00,2113.7,0.0,0.0,22.6,2136.3,2038.4,2091.1,0.0,2408.4,0.0356,0.0553,battery,gas-cc,85.5,1.6,0.16,10.1,645.5,0.04,85.6,29.4,115.0,88.7,1.7,0.17,10.5,669.4,0.04,88.8,30.4,119.2,155.4,2.9,0.3,18.4,1170.5,0.07,155.6,53.3,208.9,453.5,8.5,0.85,53.6,3422.0,0.2,454.0,155.6,609.6,41.24,0.0,0.0,41.24,43.66,0.0,0.0,43.66,0.0,0.0,0.0,4544.6,45.2,3426.7,0.0,0.0,0.0,0.0,0.0,1072.7,0.0,0.0,0.0,0.0,0.0,0.0,0.0,45.2,0.0
2050-11-01 20:00:00,2050-11-01 18:00:00,2170.5,0.0,0.0,23.2,2193.7,2092.1,2158.1,0.0,2320.7,0.0361,0.0568,battery,gas-cc,86.1,1.6,0.16,10.2,649.8,0.04,86.2,29.5,115.8,89.3,1.7,0.17,10.6,674.2,0.04,89.4,30.7,120.1,155.6,2.9,0.29,18.4,1173.1,0.07,155.8,53.4,209.1,454.2,8.6,0.86,53.7,3427.4,0.2,454.7,155.8,610.5,41.24,0.0,0.0,41.24,43.72,0.0,0.0,43.72,0.0,0.0,0.0,4514.4,35.6,3406.0,0.0,0.0,0.0,0.0,0.0,1072.7,0.0,0.0,0.0,0.0,0.0,0.0,0.0,35.6,0.0
2050-11-01 21:00:00,2050-11-01 19:00:00,2069.5,0.0,0.0,24.6,2094.1,1996.6,2069.1,0.0,2541.5,0.0352,0.0541,battery,gas-cc,83.9,1.6,0.16,9.9,632.8,0.04,84.0,28.8,112.7,86.9,1.6,0.16,10.3,656.0,0.04,87.0,29.8,116.9,154.4,2.9,0.29,18.2,1163.9,0.07,154.5,52.9,207.5,452.9,8.5,0.85,53.5,3417.8,0.2,453.4,155.4,608.8,41.24,0.0,0.0,41.24,43.6,0.0,0.0,43.6,0.0,0.0,0.0,4635.6,25.0,3537.9,0.0,0.0,0.0,0.0,0.0,1072.7,0.0,0.0,0.0,0.0,0.0,0.0,0.0,25.0,0.0
2050-11-01 22:00:00,2050-11-01 20:00:00,1937.9,0.0,0.0,10.3,1948.2,1871.9,1936.7,0.0,1084.3,0.034,0.0507,battery,gas-cc,128.2,2.4,0.24,15.1,967.4,0.06,128.3,44.0,172.3,132.7,2.5,0.25,15.7,1001.5,0.06,132.9,45.5,178.4,155.3,2.9,0.29,18.4,1171.1,0.07,155.5,53.3,208.8,414.8,7.8,0.78,49.0,3130.2,0.18,415.3,142.3,557.6,41.24,0.0,0.0,41.24,43.44,0.0,0.0,43.44,0.0,0.0,0.0,3032.4,11.4,1948.2,0.0,0.0,0.0,0.0,0.0,1072.7,0.0,0.0,0.0,0.0,0.0,0.0,0.0,11.4,0.0
2050-11-01 23:00:00,2050-11-01 21:00:00,1791.6,0.0,0.0,22.6,1814.1,1732.7,1808.7,0.0,2407.5,0.0328,0.0469,battery,gas-cc,92.1,1.7,0.17,10.9,694.9,0.04,92.2,31.6,123.8,95.2,1.8,0.18,11.3,718.5,0.04,95.3,32.7,128.0,154.8,2.9,0.29,18.3,1166.8,0.07,154.9,53.1,208.0,449.5,8.5,0.85,53.1,3391.7,0.19,449.9,154.2,604.2,41.24,0.0,0.0,41.24,43.27,0.0,0.0,43.27,0.0,0.0,0.0,4221.6,5.5,3143.4,0.0,0.0,0.0,0.0,0.0,1072.7,0.0,0.0,0.0,0.0,0.0,0.0,0.0,5.5,0.0
2050-11-02 00:00:00,2050-11-01 22:00:00,1649.5,0.0,0.0,28.6,1678.0,1597.0,1673.6,0.0,2764.5,0.0318,0.0431,battery,gas-cc,87.5,1.6,0.16,10.3,660.4,0.04,87.6,30.0,117.6,90.4,1.7,0.17,10.7,682.1,0.04,90.5,31.0,121.5,154.5,2.9,0.29,18.3,1165.2,0.07,154.7,53.0,207.7,455.4,8.6,0.86,53.8,3436.7,0.2,455.9,156.3,612.2,38.89,0.0,0.0,38.89,40.64,0.0,0.0,40.64,0.0,0.0,0.0,4442.5,4.4,3365.3,0.0,0.0,0.0,0.0,0.0,1072.7,0.0,0.0,0.0,0.0,0.0,0.0,0.0,4.4,0.0
2050-11-02 01:00:00,2050-11-01 23:00:00,1478.9,0.0,0.0,13.5,1492.5,1433.5,1488.8,0.0,1587.7,0.0307,0.0387,battery,gas-cc,126.2,2.4,0.24,14.9,952.4,0.05,126.3,43.3,169.7,130.2,2.5,0.25,15.4,982.6,0.06,130.4,44.7,175.0,154.0,2.9,0.29,18.2,1161.5,0.07,154.2,52.8,207.0,403.9,7.6,0.76,47.7,3047.8,0.18,404.3,138.6,542.9,38.89,0.0,0.0,38.89,40.45,0.0,0.0,40.45,0.0,0.0,0.0,3080.2,3.7,2003.8,0.0,0.0,0.0,0.0,0.0,1072.7,0.0,0.0,0.0,0.0,0.0,0.0,0.0,3.7,0.0
2050-11-02 02:00:00,2050-11-02 00:00:00,1316.8,0.0,0.0,11.1,1327.9,1277.3,1323.6,0.0,1572.1,0.03,0.0344,battery,gas-cc,134.1,2.5,0.25,15.8,1011.6,0.06,134.2,46.0,180.2,138.2,2.6,0.26,16.3,1042.9,0.06,138.4,47.4,185.8,151.3,2.9,0.29,17.9,1140.7,0.07,151.5,51.9,203.4,402.1,7.6,0.76,47.5,3034.5,0.17,402.6,138.0,540.5,38.89,0.0,0.0,38.89,40.27,0.0,0.0,40.27,0.0,0.0,0.0,2900.0,4.3,1822.9,0.0,0.0,0.0,0.0,0.0,1072.7,0.0,0.0,0.0,0.0,0.0,0.0,0.0,4.3,0.0
2050-11-02 03:00:00,2050-11-02 01:00:00,1213.7,0.0,0.0,0.6,1214.3,1177.6,1208.4,0.0,38.7,0.0298,0.0317,gas-cc,gas-cc,310.3,5.8,0.58,36.7,2341.4,0.13,310.6,106.5,417.1,319.8,6.0,0.6,37.8,2413.3,0.14,320.1,109.7,429.9,152.5,2.9,0.29,18.0,1150.0,0.07,152.7,52.3,205.0,363.3,6.8,0.68,42.9,2741.7,0.16,363.7,124.7,488.4,38.44,0.0,0.0,38.44,39.7,0.0,0.0,39.7,0.0,0.0,0.0,1252.9,5.9,174.3,0.0,0.0,0.0,0.0,0.0,1072.7,0.0,0.0,0.0,0.0,0.0,0.0,0.0,5.9,0.0
2050-11-02 04:00:00,2050-11-02 02:00:00,1160.0,0.0,0.0,0.0,1160.0,1125.5,1154.9,0.0,0.0,0.0297,0.0303,battery,gas-cc,335.1,6.3,0.63,39.6,2529.0,0.15,335.5,115.0,450.5,345.4,6.5,0.65,40.8,2606.4,0.15,345.8,118.5,464.3,152.5,2.9,0.29,18.0,1149.7,0.07,152.7,52.3,205.0,427.4,8.1,0.81,50.5,3224.9,0.19,427.8,146.6,574.5,38.44,0.0,0.0,38.44,39.64,0.0,0.0,39.64,0.0,0.0,0.0,1160.0,5.1,82.2,0.0,0.0,0.0,0.0,0.0,1072.7,0.0,0.0,0.0,0.0,0.0,0.0,0.0,5.1,0.0
2050-11-02 05:00:00,2050-11-02 03:00:00,1118.9,0.0,0.0,0.0,1118.9,1085.7,1114.8,0.0,0.0,0.0297,0.0293,battery,gas-cc,347.4,6.5,0.65,41.0,2621.8,0.15,347.8,119.2,467.0,358.1,6.7,0.67,42.3,2702.0,0.16,358.5,122.9,481.3,153.2,2.9,0.29,18.1,1155.0,0.07,153.4,52.5,205.9,426.9,8.0,0.8,50.4,3221.4,0.19,427.3,146.5,573.8,38.44,0.0,0.0,38.44,39.6,0.0,0.0,39.6,0.0,0.0,0.0,1118.9,4.1,42.1,0.0,0.0,0.0,0.0,0.0,1072.7,0.0,0.0,0.0,0.0,0.0,0.0,0.0,4.1,0.0
2050-11-02 06:00:00,2050-11-02 04:00:00,1113.7,0.0,0.0,0.0,1113.7,1080.6,1111.4,0.0,0.0,0.0297,0.0291,battery,gas-cc,349.1,6.6,0.66,41.2,2634.2,0.15,349.5,119.8,469.2,359.8,6.8,0.68,42.5,2714.8,0.16,360.1,123.4,483.6,153.8,2.9,0.29,18.2,1159.6,0.07,154.0,52.7,206.7,426.8,8.0,0.8,50.4,3220.9,0.19,427.3,146.5,573.7,38.44,0.0,0.0,38.44,39.59,0.0,0.0,39.59,0.0,0.0,0.0,1113.7,2.2,38.7,0.0,0.0,0.0,0.0,0.0,1072.7,0.0,0.0,0.0,0.0,0.0,0.0,0.0,2.2,0.0
2050-11-02 07:00:00,2050-11-02 05:00:00,1165.3,0.0,0.0,0.0,1165.3,1130.6,1161.1,0.0,0.0,0.0297,0.0305,battery,gas-cc,333.6,6.3,0.63,39.4,2517.6,0.14,334.0,114.5,448.5,343.8,6.5,0.65,40.6,2594.7,0.15,344.2,118.0,462.2,193.2,3.6,0.36,22.8,1457.1,0.08,193.4,66.3,259.7,427.4,8.1,0.81,50.5,3225.4,0.19,427.9,146.7,574.5,38.44,0.0,0.0,38.44,39.65,0.0,0.0,39.65,0.0,0.0,0.0,1165.3,4.1,88.4,0.0,0.0,0.0,0.0,0.0,1072.7,0.0,0.0,0.0,0.0,0.0,0.0,0.0,4.1,0.0
2050-11-02 08:00:00,2050-11-02 06:00:00,1288.4,0.0,0.0,2.0,1290.4,1249.9,771.2,0.0,301.5,0.0299,0.0337,gas-cc,gas-cc,244.2,4.6,0.46,28.8,1842.9,0.11,244.5,83.8,328.3,251.7,4.7,0.47,29.7,1899.7,0.11,252.0,86.4,338.4,232.7,4.4,0.44,27.5,1755.9,0.1,233.0,79.8,312.8,415.7,7.8,0.78,49.1,3136.7,0.18,416.1,142.6,558.7,37.57,0.0,0.0,37.57,38.88,0.0,0.0,38.88,0.0,0.0,0.0,1591.9,519.2,0.0,0.0,0.0,0.0,0.0,21.6,1072.7,0.0,0.0,0.0,0.0,0.0,0.0,491.1,6.4,0.0
2050-11-02 09:00:00,2050-11-02 07:00:00,1414.7,2431.9,0.0,22.2,3868.8,1371.7,-2381.3,0.0,2381.3,0.0304,0.037,battery,hydro,0.0,0.0,0.0,0.0,0.0,0.0,0.0,0.0,0.0,0.0,0.0,0.0,0.0,0.0,0.0,0.0,0.0,0.0,143.2,2.7,0.27,16.9,1079.9,0.06,143.4,49.1,192.5,0.0,0.0,0.0,0.0,0.0,0.0,0.0,0.0,0.0,4.48,0.0,0.0,4.48,4.65,0.0,0.0,4.65,0.0,0.0,0.0,6250.1,6250.1,0.0,0.0,0.0,0.0,0.0,263.4,0.0,0.0,0.0,0.0,0.0,0.0,0.0,5980.8,5.9,0.0
2050-11-02 10:00:00,2050-11-02 08:00:00,1530.5,3207.3,0.0,22.2,4760.1,1483.0,-2384.6,0.0,2384.6,0.031,0.04,upv,upv,0.0,0.0,0.0,0.0,0.0,0.0,0.0,0.0,0.0,0.0,0.0,0.0,0.0,0.0,0.0,0.0,0.0,0.0,139.8,2.6,0.26,16.5,1054.1,0.06,140.0,47.9,187.9,0.0,0.0,0.0,0.0,0.0,0.0,0.0,0.0,0.0,0.0,0.0,0.0,0.0,0.0,0.0,0.0,0.0,4.5,1984.2,1988.7,7144.7,7144.7,0.0,0.0,0.0,0.0,0.0,385.4,0.0,0.0,0.0,0.0,0.0,0.0,0.0,6759.2,0.0,0.0
2050-11-02 11:00:00,2050-11-02 09:00:00,1556.8,3406.0,0.0,25.2,4988.1,1508.3,-2581.0,0.0,2581.0,0.0312,0.0407,upv,upv,0.0,0.0,0.0,0.0,0.0,0.0,0.0,0.0,0.0,0.0,0.0,0.0,0.0,0.0,0.0,0.0,0.0,0.0,140.3,2.6,0.27,16.6,1057.4,0.06,140.4,48.1,188.5,0.0,0.0,0.0,0.0,0.0,0.0,0.0,0.0,0.0,0.0,0.0,0.0,0.0,0.0,0.0,0.0,0.0,3.6,1519.1,1522.7,7569.1,7569.1,0.0,0.0,0.0,0.0,0.0,383.6,0.0,0.0,0.0,0.0,0.0,0.0,0.0,7185.5,0.0,0.0
2050-11-02 12:00:00,2050-11-02 10:00:00,1546.3,3235.4,0.0,14.4,4796.1,1498.2,-1882.4,0.0,1882.4,0.0311,0.0404,upv,upv,0.0,0.0,0.0,0.0,0.0,0.0,0.0,0.0,0.0,0.0,0.0,0.0,0.0,0.0,0.0,0.0,0.0,0.0,139.8,2.6,0.26,16.5,1054.2,0.06,140.0,48.0,187.9,0.0,0.0,0.0,0.0,0.0,0.0,0.0,0.0,0.0,0.0,0.0,0.0,0.0,0.0,0.0,0.0,0.0,1.2,1964.3,1965.5,6678.5,6678.5,0.0,0.0,0.0,0.0,0.0,364.7,0.0,0.0,0.0,0.0,0.0,0.0,0.0,6313.8,0.0,0.0
2050-11-02 13:00:00,2050-11-02 11:00:00,1556.8,3531.1,0.0,27.3,5115.3,1508.3,-2716.3,0.0,2716.3,0.0312,0.0407,upv,upv,0.0,0.0,0.0,0.0,0.0,0.0,0.0,0.0,0.0,0.0,0.0,0.0,0.0,0.0,0.0,0.0,0.0,0.0,139.8,2.6,0.26,16.5,1054.3,0.06,140.0,48.0,187.9,0.0,0.0,0.0,0.0,0.0,0.0,0.0,0.0,0.0,0.0,0.0,0.0,0.0,0.0,0.0,0.0,0.0,2.1,555.0,557.1,7831.6,7831.6,0.0,0.0,0.0,0.0,0.0,354.0,0.0,0.0,0.0,0.0,0.0,0.0,0.0,7477.6,0.0,0.0
2050-11-02 14:00:00,2050-11-02 12:00:00,1610.5,3986.6,0.0,24.2,5621.3,1559.8,-2510.7,0.0,2510.7,0.0315,0.0421,upv,upv,0.0,0.0,0.0,0.0,0.0,0.0,0.0,0.0,0.0,0.0,0.0,0.0,0.0,0.0,0.0,0.0,0.0,0.0,139.9,2.6,0.26,16.5,1054.6,0.06,140.0,48.0,188.0,0.0,0.0,0.0,0.0,0.0,0.0,0.0,0.0,0.0,0.0,0.0,0.0,0.0,0.0,0.0,0.0,0.0,6.0,382.8,388.7,8132.0,8132.0,0.0,0.0,0.0,0.0,0.0,359.4,0.0,0.0,0.0,0.0,0.0,0.0,0.0,7772.6,0.0,0.0
2050-11-02 15:00:00,2050-11-02 13:00:00,1690.5,3824.8,0.0,19.6,5534.9,1636.3,-2217.8,0.0,2217.8,0.0321,0.0442,upv,upv,0.0,0.0,0.0,0.0,0.0,0.0,0.0,0.0,0.0,0.0,0.0,0.0,0.0,0.0,0.0,0.0,0.0,0.0,140.0,2.6,0.26,16.5,1055.2,0.06,140.1,48.0,188.1,0.0,0.0,0.0,0.0,0.0,0.0,0.0,0.0,0.0,0.0,0.0,0.0,0.0,0.0,0.0,0.0,0.0,9.3,1099.2,1108.6,7752.7,7752.7,0.0,0.0,0.0,0.0,0.0,373.5,0.0,0.0,0.0,0.0,0.0,0.0,0.0,7379.2,0.0,0.0
2050-11-02 16:00:00,2050-11-02 14:00:00,1773.7,2950.5,0.0,21.9,4746.1,1715.7,-2365.3,0.0,2365.3,0.0327,0.0464,upv,upv,0.0,0.0,0.0,0.0,0.0,0.0,0.0,0.0,0.0,0.0,0.0,0.0,0.0,0.0,0.0,0.0,0.0,0.0,149.1,2.8,0.28,17.6,1124.4,0.06,149.3,51.1,200.4,0.0,0.0,0.0,0.0,0.0,0.0,0.0,0.0,0.0,0.0,0.0,0.0,0.0,0.0,0.0,0.0,0.0,11.9,1895.7,1907.6,7111.4,7111.4,0.0,0.0,0.0,0.0,0.0,380.0,0.0,0.0,0.0,0.0,0.0,0.0,0.0,6731.4,0.0,0.0
2050-11-02 17:00:00,2050-11-02 15:00:00,1884.2,2983.4,0.0,28.7,4896.3,1820.9,-2804.5,0.0,2804.5,0.0336,0.0493,distpv,distpv,0.0,0.0,0.0,0.0,0.0,0.0,0.0,0.0,0.0,0.0,0.0,0.0,0.0,0.0,0.0,0.0,0.0,0.0,141.6,2.7,0.27,16.7,1067.9,0.06,141.8,48.6,190.4,0.0,0.0,0.0,0.0,0.0,0.0,0.0,0.0,0.0,0.0,0.0,0.0,0.0,0.0,0.0,0.0,0.0,15.3,71.7,87.1,7700.8,7700.8,0.0,0.0,0.0,0.0,0.0,256.3,0.0,0.0,0.0,0.0,0.0,0.0,0.0,7444.5,0.0,0.0
2050-11-02 18:00:00,2050-11-02 16:00:00,1992.6,0.0,0.0,10.7,2003.3,1923.9,-343.0,0.0,1640.0,0.0345,0.0521,battery,gas-cc,0.0,0.0,0.0,0.0,0.0,0.0,0.0,0.0,0.0,0.0,0.0,0.0,0.0,0.0,0.0,0.0,0.0,0.0,150.1,2.8,0.28,17.7,1132.0,0.07,150.3,51.5,201.8,425.8,8.0,0.8,50.3,3212.8,0.18,426.2,146.1,572.3,31.85,0.0,0.0,31.85,33.6,0.0,0.0,33.6,0.0,0.0,0.0,3643.3,2346.3,1297.0,0.0,0.0,0.0,0.0,98.0,0.0,0.0,0.0,0.0,0.0,0.0,0.0,2224.6,23.7,0.0
2050-11-02 19:00:00,2050-11-02 17:00:00,2080.0,0.0,0.0,5.2,2085.2,2006.6,2026.6,0.0,795.0,0.0353,0.0544,battery,gas-cc,0.0,0.0,0.0,0.0,0.0,0.0,0.0,0.0,0.0,0.0,0.0,0.0,0.0,0.0,0.0,0.0,0.0,0.0,149.6,2.8,0.28,17.7,1127.6,0.07,149.7,51.3,201.0,521.6,9.8,0.98,61.6,3935.8,0.23,522.1,179.0,701.1,31.85,0.0,0.0,31.85,33.68,0.0,0.0,33.68,0.0,0.0,0.0,2880.2,58.6,2821.5,0.0,0.0,0.0,0.0,0.0,0.0,0.0,0.0,0.0,0.0,0.0,0.0,0.0,58.6,0.0
2050-11-02 20:00:00,2050-11-02 18:00:00,2180.0,0.0,0.0,6.6,2186.6,2101.0,2134.2,0.0,1008.8,0.0362,0.057,battery,gas-cc,0.0,0.0,0.0,0.0,0.0,0.0,0.0,0.0,0.0,0.0,0.0,0.0,0.0,0.0,0.0,0.0,0.0,0.0,154.9,2.9,0.29,18.3,1168.2,0.07,155.1,53.1,208.2,523.0,9.9,0.99,61.8,3946.7,0.23,523.6,179.5,703.0,31.85,0.0,0.0,31.85,33.77,0.0,0.0,33.77,0.0,0.0,0.0,3195.4,52.4,3143.0,0.0,0.0,0.0,0.0,0.0,0.0,0.0,0.0,0.0,0.0,0.0,0.0,0.0,52.4,0.0
2050-11-02 21:00:00,2050-11-02 19:00:00,2103.2,0.0,0.0,0.0,2103.2,2028.5,2027.1,0.0,0.0,0.0355,0.055,battery,gas-cc,0.0,0.0,0.0,0.0,0.0,0.0,0.0,0.0,0.0,0.0,0.0,0.0,0.0,0.0,0.0,0.0,0.0,0.0,154.8,2.9,0.29,18.3,1166.8,0.07,154.9,53.1,208.0,427.1,8.0,0.8,50.4,3222.6,0.19,427.5,146.5,574.0,31.85,0.0,0.0,31.85,33.7,0.0,0.0,33.7,0.0,0.0,0.0,2103.2,76.1,2027.1,0.0,0.0,0.0,0.0,0.0,0.0,0.0,0.0,0.0,0.0,0.0,0.0,0.0,76.1,0.0
2050-11-02 22:00:00,2050-11-02 20:00:00,1941.1,0.0,0.0,3.5,1944.5,1874.9,1897.1,0.0,534.8,0.0341,0.0508,battery,gas-cc,0.0,0.0,0.0,0.0,0.0,0.0,0.0,0.0,0.0,0.0,0.0,0.0,0.0,0.0,0.0,0.0,0.0,0.0,154.9,2.9,0.29,18.3,1167.8,0.07,155.1,53.1,208.2,402.8,7.6,0.76,47.6,3039.6,0.17,403.2,138.2,541.4,31.85,0.0,0.0,31.85,33.55,0.0,0.0,33.55,0.0,0.0,0.0,2479.3,47.4,2431.9,0.0,0.0,0.0,0.0,0.0,0.0,0.0,0.0,0.0,0.0,0.0,0.0,0.0,47.4,0.0
2050-11-02 23:00:00,2050-11-02 21:00:00,1798.9,0.0,0.0,5.5,1804.5,1739.8,1775.3,0.0,851.4,0.0329,0.047,battery,gas-cc,0.0,0.0,0.0,0.0,0.0,0.0,0.0,0.0,0.0,0.0,0.0,0.0,0.0,0.0,0.0,0.0,0.0,0.0,150.7,2.8,0.29,17.8,1136.4,0.07,150.9,51.7,202.6,401.2,7.6,0.76,47.4,3027.8,0.17,401.7,137.7,539.3,31.85,0.0,0.0,31.85,33.42,0.0,0.0,33.42,0.0,0.0,0.0,2655.9,29.2,2626.7,0.0,0.0,0.0,0.0,0.0,0.0,0.0,0.0,0.0,0.0,0.0,0.0,0.0,29.2,0.0
2050-11-03 00:00:00,2050-11-02 22:00:00,1633.7,0.0,0.0,0.0,1633.7,1581.9,1614.4,0.0,0.0,0.0317,0.0427,gas-cc,gas-cc,92.4,1.7,0.17,10.9,697.0,0.04,92.5,31.7,124.2,95.4,1.8,0.18,11.3,719.9,0.04,95.5,32.7,128.2,190.0,3.6,0.36,22.4,1432.7,0.08,190.2,65.2,255.3,378.6,7.1,0.71,44.7,2856.8,0.16,379.0,129.9,508.9,33.36,0.0,0.0,33.36,34.84,0.0,0.0,34.84,0.0,0.0,0.0,1633.7,19.3,1198.0,0.0,0.0,0.0,0.0,0.0,416.4,0.0,0.0,0.0,0.0,0.0,0.0,0.0,19.3,0.0
2050-11-03 01:00:00,2050-11-02 23:00:00,1461.1,0.0,0.0,0.0,1461.1,1416.3,1441.1,0.0,0.0,0.0306,0.0382,gas-cc,gas-cc,181.9,3.4,0.34,21.5,1373.0,0.08,182.1,62.4,244.6,187.7,3.5,0.35,22.2,1416.4,0.08,187.9,64.4,252.3,159.4,3.0,0.3,18.8,1201.6,0.07,159.5,54.7,214.2,376.8,7.1,0.71,44.5,2843.4,0.16,377.2,129.3,506.5,33.36,0.0,0.0,33.36,34.68,0.0,0.0,34.68,0.0,0.0,0.0,1461.1,20.0,707.6,0.0,0.0,0.0,0.0,0.0,733.5,0.0,0.0,0.0,0.0,0.0,0.0,0.0,20.0,0.0
2050-11-03 02:00:00,2050-11-03 00:00:00,1311.6,0.0,0.0,0.0,1311.6,1272.2,1292.6,0.0,0.0,0.03,0.0343,battery,gas-cc,0.0,0.0,0.0,0.0,0.0,0.0,0.0,0.0,0.0,0.0,0.0,0.0,0.0,0.0,0.0,0.0,0.0,0.0,219.4,4.1,0.41,25.9,1654.8,0.1,219.6,75.3,294.9,375.3,7.1,0.71,44.3,2831.9,0.16,375.7,128.8,504.4,33.36,0.0,0.0,33.36,34.54,0.0,0.0,34.54,0.0,0.0,0.0,1311.6,19.0,1292.6,0.0,0.0,0.0,0.0,0.0,0.0,0.0,0.0,0.0,0.0,0.0,0.0,0.0,19.0,0.0
2050-11-03 03:00:00,2050-11-03 01:00:00,1224.2,0.0,0.0,0.0,1224.2,1187.8,1213.4,0.0,0.0,0.0298,0.032,gas-cc,gas-cc,88.6,1.7,0.17,10.5,668.3,0.04,88.7,30.4,119.0,91.3,1.7,0.17,10.8,688.8,0.04,91.4,31.3,122.7,161.4,3.0,0.31,19.1,1217.1,0.07,161.6,55.4,216.9,374.4,7.1,0.71,44.2,2825.2,0.16,374.8,128.5,503.2,33.36,0.0,0.0,33.36,34.46,0.0,0.0,34.46,0.0,0.0,0.0,1224.2,10.8,914.2,0.0,0.0,0.0,0.0,0.0,299.2,0.0,0.0,0.0,0.0,0.0,0.0,0.0,10.8,0.0
2050-11-03 04:00:00,2050-11-03 02:00:00,1167.4,0.0,0.0,0.0,1167.4,1132.7,1162.9,0.0,0.0,0.0297,0.0305,gas-cc,gas-cc,9.0,0.2,0.02,1.1,68.2,0.0,9.1,3.1,12.2,9.3,0.2,0.02,1.1,70.4,0.0,9.3,3.2,12.5,206.2,3.9,0.39,24.4,1555.3,0.09,206.4,70.7,277.1,373.8,7.0,0.7,44.2,2820.8,0.16,374.2,128.3,502.5,33.36,0.0,0.0,33.36,34.41,0.0,0.0,34.41,0.0,0.0,0.0,1167.4,4.5,1133.7,0.0,0.0,0.0,0.0,0.0,29.1,0.0,0.0,0.0,0.0,0.0,0.0,0.0,4.5,0.0
2050-11-03 05:00:00,2050-11-03 03:00:00,1128.4,0.0,0.0,0.0,1128.4,1094.9,1127.7,0.0,0.0,0.0297,0.0295,gas-cc,gas-cc,48.6,0.9,0.09,5.7,366.5,0.02,48.6,16.7,65.3,50.1,0.9,0.09,5.9,377.8,0.02,50.1,17.2,67.3,202.7,3.8,0.38,23.9,1529.1,0.09,202.9,69.5,272.5,373.4,7.0,0.7,44.1,2817.9,0.16,373.8,128.1,502.0,33.36,0.0,0.0,33.36,34.37,0.0,0.0,34.37,0.0,0.0,0.0,1128.4,0.7,976.5,0.0,0.0,0.0,0.0,0.0,151.2,0.0,0.0,0.0,0.0,0.0,0.0,0.0,0.7,0.0
2050-11-03 06:00:00,2050-11-03 04:00:00,1126.3,0.0,0.0,0.0,1126.3,1092.9,1126.3,0.0,0.0,0.0297,0.0295,battery,gas-cc,0.0,0.0,0.0,0.0,0.0,0.0,0.0,0.0,0.0,0.0,0.0,0.0,0.0,0.0,0.0,0.0,0.0,0.0,188.9,3.6,0.36,22.3,1424.5,0.08,189.1,64.8,253.9,373.4,7.0,0.7,44.1,2817.7,0.16,373.8,128.1,501.9,33.36,0.0,0.0,33.36,34.37,0.0,0.0,34.37,0.0,0.0,0.0,1126.3,0.0,1126.3,0.0,0.0,0.0,0.0,0.0,0.0,0.0,0.0,0.0,0.0,0.0,0.0,0.0,0.0,0.0
2050-11-03 07:00:00,2050-11-03 05:00:00,1167.4,0.0,0.0,0.0,1167.4,1132.7,1166.9,0.0,0.0,0.0297,0.0305,gas-cc,gas-cc,98.4,1.9,0.19,11.6,742.9,0.04,98.5,33.8,132.3,101.5,1.9,0.19,12.0,765.6,0.04,101.6,34.8,136.4,175.9,3.3,0.33,20.8,1326.4,0.08,176.1,60.3,236.4,373.8,7.0,0.7,44.2,2820.8,0.16,374.2,128.3,502.5,33.36,0.0,0.0,33.36,34.41,0.0,0.0,34.41,0.0,0.0,0.0,1167.4,0.5,849.8,0.0,0.0,0.0,0.0,0.0,317.1,0.0,0.0,0.0,0.0,0.0,0.0,0.0,0.5,0.0
2050-11-03 08:00:00,2050-11-03 06:00:00,1291.6,0.0,0.0,0.0,1291.6,1252.9,1209.4,0.0,0.0,0.0299,0.0338,battery,gas-cc,0.0,0.0,0.0,0.0,0.0,0.0,0.0,0.0,0.0,0.0,0.0,0.0,0.0,0.0,0.0,0.0,0.0,0.0,185.2,3.5,0.35,21.9,1397.1,0.08,185.4,63.5,249.0,375.1,7.1,0.71,44.3,2830.3,0.16,375.5,128.7,504.2,33.36,0.0,0.0,33.36,34.52,0.0,0.0,34.52,0.0,0.0,0.0,1291.6,82.2,1209.4,0.0,0.0,0.0,0.0,3.4,0.0,0.0,0.0,0.0,0.0,0.0,0.0,78.1,0.6,0.0
2050-11-03 09:00:00,2050-11-03 07:00:00,1425.3,2431.9,0.0,8.3,3865.5,1381.8,660.0,660.0,0.0,0.0305,0.0373,battery,gas-cc,0.0,0.0,0.0,0.0,0.0,0.0,0.0,0.0,0.0,0.0,0.0,0.0,0.1,0.2,0.0,0.0,0.1,0.1,174.6,3.3,0.33,20.6,1316.5,0.08,174.8,59.9,234.6,376.4,7.1,0.71,44.5,2840.6,0.16,376.8,129.2,506.0,20.13,0.0,0.0,20.13,20.91,0.0,0.0,20.91,0.0,0.0,0.0,3205.5,3205.5,0.0,0.0,0.0,0.0,0.0,135.2,0.0,0.0,0.0,0.0,0.0,0.0,0.0,3069.6,0.6,0.0
2050-11-03 10:00:00,2050-11-03 08:00:00,1544.2,2431.9,0.0,24.8,4000.9,1496.2,-2554.0,0.0,2554.0,0.0311,0.0404,upv,upv,0.0,0.0,0.0,0.0,0.0,0.0,0.0,0.0,0.0,0.0,0.0,0.0,0.0,0.0,0.0,0.0,0.0,0.0,139.8,2.6,0.26,16.5,1054.2,0.06,140.0,48.0,187.9,0.0,0.0,0.0,0.0,0.0,0.0,0.0,0.0,0.0,0.0,0.0,0.0,0.0,0.0,0.0,0.0,0.0,0.5,185.2,185.8,6554.9,6554.9,0.0,0.0,0.0,0.0,0.0,284.4,0.0,0.0,0.0,0.0,0.0,0.0,0.0,6270.5,0.0,0.0
2050-11-03 11:00:00,2050-11-03 09:00:00,1577.9,3849.9,0.0,14.1,5441.9,1528.5,-1861.9,0.0,1861.9,0.0313,0.0413,upv,upv,0.0,0.0,0.0,0.0,0.0,0.0,0.0,0.0,0.0,0.0,0.0,0.0,0.0,0.0,0.0,0.0,0.0,0.0,139.9,2.6,0.26,16.5,1054.4,0.06,140.0,48.0,188.0,0.0,0.0,0.0,0.0,0.0,0.0,0.0,0.0,0.0,0.0,0.0,0.0,0.0,0.0,0.0,0.0,0.0,0.3,630.7,631.0,7303.8,7303.8,0.0,0.0,0.0,0.0,0.0,334.9,0.0,0.0,0.0,0.0,0.0,0.0,0.0,6968.9,0.0,0.0
2050-11-03 12:00:00,2050-11-03 10:00:00,1556.8,3920.7,0.0,22.9,5500.5,1508.3,-2431.6,0.0,2431.6,0.0312,0.0407,battery,upv,0.0,0.0,0.0,0.0,0.0,0.0,0.0,0.0,0.0,0.0,0.0,0.0,0.0,0.0,0.0,0.0,0.0,0.0,142.8,2.7,0.27,16.9,1076.9,0.06,143.0,49.0,192.0,0.0,0.0,0.0,0.0,0.0,0.0,0.0,0.0,0.0,0.0,0.0,0.0,0.0,0.0,0.0,0.0,0.0,0.0,0.0,0.0,7932.1,7932.1,0.0,0.0,0.0,0.0,0.0,334.5,0.0,0.0,0.0,0.0,0.0,0.0,0.0,7593.1,4.4,0.0
2050-11-03 13:00:00,2050-11-03 11:00:00,1556.8,3795.7,0.0,21.3,5373.8,1508.3,-2328.0,0.0,2328.0,0.0312,0.0407,upv,upv,0.0,0.0,0.0,0.0,0.0,0.0,0.0,0.0,0.0,0.0,0.0,0.0,0.0,0.0,0.0,0.0,0.0,0.0,149.2,2.8,0.28,17.6,1125.3,0.07,149.4,51.2,200.6,0.0,0.0,0.0,0.0,0.0,0.0,0.0,0.0,0.0,0.0,0.0,0.0,0.0,0.0,0.0,0.0,0.0,6.6,448.5,455.1,7701.8,7701.8,0.0,0.0,0.0,0.0,0.0,343.9,0.0,0.0,0.0,0.0,0.0,0.0,0.0,7357.9,0.0,0.0
2050-11-03 14:00:00,2050-11-03 12:00:00,1615.8,2655.8,0.0,10.7,4282.3,1564.8,-1640.0,0.0,1640.0,0.0316,0.0423,upv,upv,0.0,0.0,0.0,0.0,0.0,0.0,0.0,0.0,0.0,0.0,0.0,0.0,0.0,0.0,0.0,0.0,0.0,0.0,147.5,2.8,0.28,17.4,1112.3,0.06,147.7,50.6,198.3,0.0,0.0,0.0,0.0,0.0,0.0,0.0,0.0,0.0,0.0,0.0,0.0,0.0,0.0,0.0,0.0,0.0,8.8,2390.0,2398.8,5922.2,5922.2,0.0,0.0,0.0,0.0,0.0,350.8,0.0,0.0,0.0,0.0,0.0,0.0,0.0,5571.4,0.0,0.0
2050-11-03 15:00:00,2050-11-03 13:00:00,1690.5,4019.6,0.0,12.2,5722.3,1636.3,-1739.5,0.0,1739.5,0.0321,0.0442,upv,upv,0.0,0.0,0.0,0.0,0.0,0.0,0.0,0.0,0.0,0.0,0.0,0.0,0.0,0.0,0.0,0.0,0.0,0.0,145.4,2.7,0.28,17.2,1096.2,0.06,145.6,49.9,195.4,0.0,0.0,0.0,0.0,0.0,0.0,0.0,0.0,0.0,0.0,0.0,0.0,0.0,0.0,0.0,0.0,0.0,12.4,1127.2,1139.6,7461.8,7461.8,0.0,0.0,0.0,0.0,0.0,362.5,0.0,0.0,0.0,0.0,0.0,0.0,0.0,7099.3,0.0,0.0
2050-11-03 16:00:00,2050-11-03 14:00:00,1750.5,4019.6,0.0,13.2,5783.3,1693.6,-1800.7,0.0,1800.7,0.0325,0.0458,upv,upv,0.0,0.0,0.0,0.0,0.0,0.0,0.0,0.0,0.0,0.0,0.0,0.0,0.0,0.0,0.0,0.0,0.0,0.0,140.4,2.7,0.27,16.6,1058.5,0.06,140.6,48.2,188.7,0.0,0.0,0.0,0.0,0.0,0.0,0.0,0.0,0.0,0.0,0.0,0.0,0.0,0.0,0.0,0.0,0.0,12.9,1106.2,1119.2,7584.0,7584.0,0.0,0.0,0.0,0.0,0.0,366.8,0.0,0.0,0.0,0.0,0.0,0.0,0.0,7217.1,0.0,0.0
2050-11-03 17:00:00,2050-11-03 15:00:00,1845.3,2431.9,0.0,28.4,4305.6,1783.9,-2786.2,0.0,2786.2,0.0333,0.0483,upv,upv,0.0,0.0,0.0,0.0,0.0,0.0,0.0,0.0,0.0,0.0,0.0,0.0,0.0,0.0,0.0,0.0,0.0,0.0,146.9,2.8,0.28,17.4,1107.6,0.06,147.1,50.4,197.4,0.0,0.0,0.0,0.0,0.0,0.0,0.0,0.0,0.0,0.0,0.0,0.0,0.0,0.0,0.0,0.0,0.0,12.0,309.6,321.6,7091.8,7091.8,0.0,0.0,0.0,0.0,0.0,312.3,0.0,0.0,0.0,0.0,0.0,0.0,0.0,6779.5,0.0,0.0
2050-11-03 18:00:00,2050-11-03 16:00:00,1958.9,0.0,0.0,13.6,1972.6,1891.9,-221.6,0.0,1830.6,0.0342,0.0512,battery,gas-cc,78.2,1.5,0.15,9.2,590.2,0.03,78.3,26.8,105.1,81.0,1.5,0.15,9.6,611.1,0.04,81.1,27.8,108.9,144.5,2.7,0.27,17.1,1089.2,0.06,144.6,49.5,194.2,387.1,7.3,0.73,45.7,2921.3,0.17,387.5,132.8,520.4,34.09,0.0,0.0,34.09,35.94,0.0,0.0,35.94,0.0,0.0,0.0,3803.2,2194.2,788.2,0.0,0.0,0.0,0.0,91.7,820.8,0.0,0.0,0.0,0.0,0.0,0.0,2080.8,21.6,0.0
2050-11-03 19:00:00,2050-11-03 17:00:00,2041.1,0.0,0.0,10.7,2051.7,1969.7,1994.9,0.0,1640.0,0.0349,0.0534,battery,gas-cc,80.6,1.5,0.15,9.5,608.0,0.03,80.7,27.6,108.3,83.5,1.6,0.16,9.9,630.1,0.04,83.6,28.7,112.2,154.7,2.9,0.29,18.3,1166.1,0.07,154.8,53.0,207.9,388.7,7.3,0.73,45.9,2933.4,0.17,389.2,133.4,522.5,34.09,0.0,0.0,34.09,36.02,0.0,0.0,36.02,0.0,0.0,0.0,3691.7,56.8,2814.1,0.0,0.0,0.0,0.0,0.0,820.8,0.0,0.0,0.0,0.0,0.0,0.0,0.0,56.8,0.0
2050-11-03 20:00:00,2050-11-03 18:00:00,2121.1,0.0,0.0,10.7,2131.7,2045.4,2072.2,0.0,1640.0,0.0357,0.0555,battery,gas-cc,78.9,1.5,0.15,9.3,595.1,0.03,79.0,27.1,106.0,81.8,1.5,0.15,9.7,617.2,0.04,81.9,28.1,109.9,154.0,2.9,0.29,18.2,1161.3,0.07,154.2,52.8,207.0,411.1,7.7,0.77,48.6,3102.0,0.18,411.5,141.0,552.6,34.09,0.0,0.0,34.09,36.1,0.0,0.0,36.1,0.0,0.0,0.0,3771.7,59.5,2891.4,0.0,0.0,0.0,0.0,0.0,820.8,0.0,0.0,0.0,0.0,0.0,0.0,0.0,59.5,0.0
2050-11-03 21:00:00,2050-11-03 19:00:00,2035.8,0.0,0.0,10.7,2046.4,1964.7,1996.8,0.0,1640.0,0.0349,0.0532,battery,gas-cc,80.7,1.5,0.15,9.5,608.9,0.03,80.8,27.7,108.5,83.6,1.6,0.16,9.9,630.9,0.04,83.7,28.7,112.4,150.6,2.8,0.29,17.8,1135.6,0.07,150.8,51.7,202.4,410.1,7.7,0.77,48.4,3094.7,0.18,410.5,140.7,551.3,34.09,0.0,0.0,34.09,36.01,0.0,0.0,36.01,0.0,0.0,0.0,3686.4,49.6,2816.0,0.0,0.0,0.0,0.0,0.0,820.8,0.0,0.0,0.0,0.0,0.0,0.0,0.0,49.6,0.0
2050-11-03 22:00:00,2050-11-03 20:00:00,1902.1,0.0,0.0,10.7,1912.8,1837.9,1884.9,0.0,1640.0,0.0337,0.0497,battery,gas-cc,83.7,1.6,0.16,9.9,631.8,0.04,83.8,28.7,112.5,86.6,1.6,0.16,10.2,653.9,0.04,86.7,29.7,116.5,152.7,2.9,0.29,18.0,1150.9,0.07,152.8,52.4,205.2,408.6,7.7,0.77,48.3,3083.3,0.18,409.0,140.2,549.2,34.09,0.0,0.0,34.09,35.88,0.0,0.0,35.88,0.0,0.0,0.0,3552.7,27.9,2704.0,0.0,0.0,0.0,0.0,0.0,820.8,0.0,0.0,0.0,0.0,0.0,0.0,0.0,27.9,0.0
2050-11-03 23:00:00,2050-11-03 21:00:00,1775.8,0.0,0.0,5.9,1781.7,1717.7,1765.1,0.0,903.2,0.0327,0.0464,battery,gas-cc,110.8,2.1,0.21,13.1,836.1,0.05,110.9,38.0,148.9,114.5,2.2,0.22,13.5,864.4,0.05,114.7,39.3,154.0,154.5,2.9,0.29,18.3,1164.7,0.07,154.6,53.0,207.6,407.2,7.7,0.77,48.1,3072.6,0.18,407.6,139.7,547.3,34.09,0.0,0.0,34.09,35.75,0.0,0.0,35.75,0.0,0.0,0.0,2684.8,16.6,1847.4,0.0,0.0,0.0,0.0,0.0,820.8,0.0,0.0,0.0,0.0,0.0,0.0,0.0,16.6,0.0
2050-11-04 00:00:00,2050-11-03 22:00:00,1633.7,0.0,0.0,7.1,1640.8,1581.9,1629.6,0.0,1098.8,0.0317,0.0427,battery,gas-cc,141.9,2.7,0.27,16.8,1070.8,0.06,142.1,48.7,190.7,146.5,2.8,0.28,17.3,1105.9,0.06,146.7,50.3,197.0,158.1,3.0,0.3,18.7,1191.9,0.07,158.2,54.2,212.5,378.6,7.1,0.71,44.7,2856.8,0.16,379.0,129.9,508.9,33.36,0.0,0.0,33.36,34.84,0.0,0.0,34.84,0.0,0.0,0.0,2739.7,11.2,1655.7,0.0,0.0,0.0,0.0,0.0,1072.7,0.0,0.0,0.0,0.0,0.0,0.0,0.0,11.2,0.0
2050-11-04 01:00:00,2050-11-03 23:00:00,1484.2,0.0,0.0,6.4,1490.6,1438.5,1483.4,0.0,984.8,0.0308,0.0388,battery,gas-cc,157.0,3.0,0.3,18.6,1185.1,0.07,157.2,53.9,211.1,162.0,3.1,0.31,19.1,1222.8,0.07,162.2,55.6,217.8,154.0,2.9,0.29,18.2,1161.3,0.07,154.2,52.8,207.0,377.0,7.1,0.71,44.5,2845.2,0.16,377.4,129.4,506.8,33.36,0.0,0.0,33.36,34.7,0.0,0.0,34.7,0.0,0.0,0.0,2475.4,7.2,1395.5,0.0,0.0,0.0,0.0,0.0,1072.7,0.0,0.0,0.0,0.0,0.0,0.0,0.0,7.2,0.0
2050-11-04 02:00:00,2050-11-04 00:00:00,1355.8,0.0,0.0,6.9,1362.7,1314.9,1357.2,0.0,1064.1,0.0302,0.0355,battery,gas-cc,160.2,3.0,0.3,18.9,1208.9,0.07,160.4,55.0,215.3,165.2,3.1,0.31,19.5,1246.5,0.07,165.4,56.7,222.0,153.1,2.9,0.29,18.1,1154.1,0.07,153.2,52.5,205.7,375.7,7.1,0.71,44.4,2835.3,0.16,376.1,128.9,505.0,33.36,0.0,0.0,33.36,34.58,0.0,0.0,34.58,0.0,0.0,0.0,2426.8,5.5,1348.5,0.0,0.0,0.0,0.0,0.0,1072.7,0.0,0.0,0.0,0.0,0.0,0.0,0.0,5.5,0.0
2050-11-04 03:00:00,2050-11-04 01:00:00,1229.5,0.0,0.0,1.7,1231.2,1192.8,1227.4,0.0,267.4,0.0298,0.0322,gas-cc,gas-cc,215.1,4.1,0.41,25.4,1623.4,0.09,215.4,73.8,289.2,221.7,4.2,0.42,26.2,1673.2,0.1,222.0,76.1,298.1,173.0,3.3,0.33,20.4,1304.8,0.08,173.2,59.3,232.6,374.4,7.1,0.71,44.2,2825.6,0.16,374.8,128.5,503.3,33.36,0.0,0.0,33.36,34.46,0.0,0.0,34.46,0.0,0.0,0.0,1498.6,3.8,605.2,0.0,0.0,0.0,0.0,0.0,889.6,0.0,0.0,0.0,0.0,0.0,0.0,0.0,3.8,0.0
2050-11-04 04:00:00,2050-11-04 02:00:00,1147.4,0.0,0.0,4.5,1151.8,1113.3,1150.1,0.0,685.8,0.0297,0.03,battery,gas-cc,211.6,4.0,0.4,25.0,1596.5,0.09,211.8,72.6,284.4,218.0,4.1,0.41,25.8,1645.3,0.09,218.3,74.8,293.1,152.3,2.9,0.29,18.0,1148.3,0.07,152.5,52.2,204.7,373.6,7.0,0.7,44.1,2819.3,0.16,374.0,128.2,502.2,33.36,0.0,0.0,33.36,34.39,0.0,0.0,34.39,0.0,0.0,0.0,1837.6,1.7,763.2,0.0,0.0,0.0,0.0,0.0,1072.7,0.0,0.0,0.0,0.0,0.0,0.0,0.0,1.7,0.0
2050-11-04 05:00:00,2050-11-04 03:00:00,1108.4,0.0,0.0,5.8,1114.2,1075.5,1114.1,0.0,885.1,0.0297,0.029,gas-cc,gas-cc,9.2,0.2,0.02,1.1,69.7,0.0,9.3,3.2,12.4,9.5,0.2,0.02,1.1,71.9,0.0,9.5,3.3,12.8,236.5,4.5,0.45,27.9,1784.6,0.1,236.8,81.2,317.9,373.2,7.0,0.7,44.1,2816.4,0.16,373.6,128.1,501.7,33.36,0.0,0.0,33.36,34.35,0.0,0.0,34.35,0.0,0.0,0.0,1999.3,0.1,1948.2,0.0,0.0,0.0,0.0,0.0,51.0,0.0,0.0,0.0,0.0,0.0,0.0,0.0,0.1,0.0
2050-11-04 06:00:00,2050-11-04 04:00:00,1067.4,0.0,0.0,3.8,1071.2,1035.6,1070.7,0.0,583.2,0.0298,0.0279,battery,gas-cc,175.1,3.3,0.33,20.7,1321.0,0.08,175.2,60.1,235.3,180.4,3.4,0.34,21.3,1361.5,0.08,180.6,61.9,242.5,149.6,2.8,0.28,17.7,1128.1,0.07,149.8,51.3,201.1,372.8,7.0,0.7,44.0,2813.3,0.16,373.2,127.9,501.1,33.36,0.0,0.0,33.36,34.31,0.0,0.0,34.31,0.0,0.0,0.0,1654.4,0.5,854.8,0.0,0.0,0.0,0.0,0.0,799.1,0.0,0.0,0.0,0.0,0.0,0.0,0.0,0.5,0.0
2050-11-04 07:00:00,2050-11-04 05:00:00,1067.4,0.0,0.0,0.0,1067.4,1035.6,1066.6,0.0,0.0,0.0298,0.0279,battery,gas-cc,271.3,5.1,0.51,32.1,2047.5,0.12,271.6,93.1,364.7,279.6,5.3,0.53,33.0,2110.3,0.12,280.0,96.0,375.9,150.1,2.8,0.28,17.7,1131.3,0.07,150.2,51.5,201.7,372.8,7.0,0.7,44.0,2813.3,0.16,373.2,127.9,501.1,33.36,0.0,0.0,33.36,34.31,0.0,0.0,34.31,0.0,0.0,0.0,1067.4,0.7,267.5,0.0,0.0,0.0,0.0,0.0,799.1,0.0,0.0,0.0,0.0,0.0,0.0,0.0,0.7,0.0
2050-11-04 08:00:00,2050-11-04 06:00:00,1110.5,0.0,0.0,0.0,1110.5,1077.5,749.3,0.0,0.0,0.0297,0.029,gas-cc,gas-cc,22.5,0.4,0.04,2.7,169.7,0.01,22.5,7.7,30.2,23.2,0.4,0.04,2.7,174.9,0.01,23.2,8.0,31.2,162.4,3.1,0.31,19.2,1224.9,0.07,162.6,55.7,218.3,373.2,7.0,0.7,44.1,2816.5,0.16,373.6,128.1,501.7,33.36,0.0,0.0,33.36,34.35,0.0,0.0,34.35,0.0,0.0,0.0,1110.5,361.2,680.4,0.0,0.0,0.0,0.0,15.2,68.9,0.0,0.0,0.0,0.0,0.0,0.0,345.3,0.6,0.0
2050-11-04 09:00:00,2050-11-04 07:00:00,1170.5,2896.0,0.0,13.4,4079.8,1135.8,-1813.6,0.0,1813.6,0.0297,0.0306,battery,upv,0.0,0.0,0.0,0.0,0.0,0.0,0.0,0.0,0.0,0.0,0.0,0.0,0.0,0.0,0.0,0.0,0.0,0.0,139.6,2.6,0.26,16.5,1052.7,0.06,139.8,47.9,187.7,0.0,0.0,0.0,0.0,0.0,0.0,0.0,0.0,0.0,0.0,0.0,0.0,0.0,0.0,0.0,0.0,0.0,1.4,0.0,1.4,5893.4,5893.4,0.0,0.0,0.0,0.0,0.0,248.7,0.0,0.0,0.0,0.0,0.0,0.0,0.0,5644.8,0.0,0.0
2050-11-04 10:00:00,2050-11-04 08:00:00,1250.5,3819.8,0.0,0.0,5070.4,1213.2,0.0,0.0,0.0,0.0298,0.0327,upv,upv,0.0,0.0,0.0,0.0,0.0,0.0,0.0,0.0,0.0,0.0,0.0,0.0,0.0,0.0,0.0,0.0,0.0,0.0,139.6,2.6,0.26,16.5,1052.8,0.06,139.8,47.9,187.7,0.0,0.0,0.0,0.0,0.0,0.0,0.0,0.0,0.0,0.0,0.0,0.0,0.0,0.0,0.0,0.0,0.0,0.8,3720.9,3721.7,5070.4,5070.4,0.0,0.0,0.0,0.0,0.0,371.0,0.0,0.0,0.0,0.0,0.0,0.0,0.0,4699.4,0.0,0.0
2050-11-04 11:00:00,2050-11-04 09:00:00,1334.7,3986.6,0.0,0.0,5321.4,1294.6,-0.0,0.0,0.0,0.0301,0.0349,upv,upv,0.0,0.0,0.0,0.0,0.0,0.0,0.0,0.0,0.0,0.0,0.0,0.0,0.0,0.0,0.0,0.0,0.0,0.0,139.7,2.6,0.26,16.5,1053.1,0.06,139.8,47.9,187.7,0.0,0.0,0.0,0.0,0.0,0.0,0.0,0.0,0.0,0.0,0.0,0.0,0.0,0.0,0.0,0.0,0.0,0.1,3328.3,3328.4,5321.4,5321.4,0.0,0.0,0.0,0.0,0.0,365.0,0.0,0.0,0.0,0.0,0.0,0.0,0.0,4956.3,0.0,0.0
2050-11-04 12:00:00,2050-11-04 10:00:00,1402.1,3758.9,0.0,0.6,5161.6,1359.5,-95.5,0.0,95.5,0.0304,0.0367,upv,upv,0.0,0.0,0.0,0.0,0.0,0.0,0.0,0.0,0.0,0.0,0.0,0.0,0.0,0.0,0.0,0.0,0.0,0.0,139.7,2.6,0.26,16.5,1053.4,0.06,139.9,47.9,187.8,0.0,0.0,0.0,0.0,0.0,0.0,0.0,0.0,0.0,0.0,0.0,0.0,0.0,0.0,0.0,0.0,0.0,0.0,2481.7,2481.7,5257.1,5257.1,0.0,0.0,0.0,0.0,0.0,326.6,0.0,0.0,0.0,0.0,0.0,0.0,0.0,4930.5,0.0,0.0
2050-11-04 13:00:00,2050-11-04 11:00:00,1505.3,3207.3,0.0,1.3,4713.9,1458.8,-201.1,0.0,201.1,0.0309,0.0394,upv,upv,0.0,0.0,0.0,0.0,0.0,0.0,0.0,0.0,0.0,0.0,0.0,0.0,0.0,0.0,0.0,0.0,0.0,0.0,139.8,2.6,0.26,16.5,1054.0,0.06,140.0,47.9,187.9,0.0,0.0,0.0,0.0,0.0,0.0,0.0,0.0,0.0,0.0,0.0,0.0,0.0,0.0,0.0,0.0,0.0,0.3,1855.7,1855.9,4915.0,4915.0,0.0,0.0,0.0,0.0,0.0,285.8,0.0,0.0,0.0,0.0,0.0,0.0,0.0,4629.2,0.0,0.0
2050-11-04 14:00:00,2050-11-04 12:00:00,1603.2,2821.5,0.0,8.9,4433.6,1552.7,-1376.2,0.0,1376.2,0.0315,0.0419,battery,upv,0.0,0.0,0.0,0.0,0.0,0.0,0.0,0.0,0.0,0.0,0.0,0.0,0.0,0.0,0.0,0.0,0.0,0.0,139.9,2.6,0.26,16.5,1054.6,0.06,140.0,48.0,188.0,0.0,0.0,0.0,0.0,0.0,0.0,0.0,0.0,0.0,0.0,0.0,0.0,0.0,0.0,0.0,0.0,0.0,0.0,256.1,256.1,5809.8,5809.8,0.0,0.0,0.0,0.0,0.0,0.0,0.0,0.0,0.0,0.0,0.0,0.0,0.0,5809.6,0.3,0.0
2050-11-04 15:00:00,2050-11-04 13:00:00,1683.2,2850.6,0.0,3.0,4536.8,1629.3,-459.2,0.0,459.2,0.032,0.044,upv,upv,0.0,0.0,0.0,0.0,0.0,0.0,0.0,0.0,0.0,0.0,0.0,0.0,0.0,0.0,0.0,0.0,0.0,0.0,139.8,2.6,0.26,16.5,1053.6,0.06,139.9,47.9,187.8,0.0,0.0,0.0,0.0,0.0,0.0,0.0,0.0,0.0,0.0,0.0,0.0,0.0,0.0,0.0,0.0,0.0,0.0,1218.0,1218.0,4995.9,4995.9,0.0,0.0,0.0,0.0,0.0,0.0,0.0,0.0,0.0,0.0,0.0,0.0,0.0,4995.9,0.0,0.0
2050-11-04 16:00:00,2050-11-04 14:00:00,1763.2,3394.6,0.0,8.9,5166.8,1705.6,-1376.3,0.0,1376.3,0.0326,0.0461,battery,upv,0.0,0.0,0.0,0.0,0.0,0.0,0.0,0.0,0.0,0.0,0.0,0.0,0.0,0.0,0.0,0.0,0.0,0.0,142.3,2.7,0.27,16.8,1072.6,0.06,142.4,48.8,191.2,0.0,0.0,0.0,0.0,0.0,0.0,0.0,0.0,0.0,0.0,0.0,0.0,0.0,0.0,0.0,0.0,0.0,0.1,288.4,288.5,6543.0,6543.0,0.0,0.0,0.0,0.0,0.0,0.0,0.0,0.0,0.0,0.0,0.0,0.0,0.0,6543.0,0.0,0.0
2050-11-04 17:00:00,2050-11-04 15:00:00,1850.5,2821.5,0.0,8.4,4680.5,1788.9,-1294.3,0.0,1294.3,0.0333,0.0484,battery,upv,0.0,0.0,0.0,0.0,0.0,0.0,0.0,0.0,0.0,0.0,0.0,0.0,0.0,0.0,0.0,0.0,0.0,0.0,141.4,2.7,0.27,16.7,1065.8,0.06,141.5,48.5,190.0,0.0,0.0,0.0,0.0,0.0,0.0,0.0,0.0,0.0,0.0,0.0,0.0,0.0,0.0,0.0,0.0,0.0,0.0,263.3,263.3,5974.8,5974.8,0.0,0.0,0.0,0.0,0.0,0.0,0.0,0.0,0.0,0.0,0.0,0.0,0.0,5974.3,0.5,0.0
2050-11-04 18:00:00,2050-11-04 16:00:00,1928.4,0.0,0.0,19.1,1947.5,1862.9,-28.7,0.0,2181.6,0.034,0.0504,battery,gas-cc,70.1,1.3,0.13,8.3,529.3,0.03,70.2,24.1,94.3,72.6,1.4,0.14,8.6,547.9,0.03,72.7,24.9,97.6,141.0,2.7,0.27,16.7,1062.8,0.06,141.1,48.3,189.5,407.5,7.7,0.77,48.1,3075.2,0.18,408.0,139.8,547.8,35.42,0.0,0.0,35.42,37.3,0.0,0.0,37.3,0.0,0.0,0.0,4129.1,1976.2,1353.7,0.0,0.0,0.0,0.0,83.3,799.1,0.0,0.0,0.0,0.0,0.0,0.0,1890.2,2.7,0.0
2050-11-04 19:00:00,2050-11-04 17:00:00,1966.3,0.0,0.0,10.7,1977.0,1898.9,1970.2,0.0,1640.0,0.0343,0.0514,battery,gas-cc,80.1,1.5,0.15,9.5,604.2,0.03,80.2,27.5,107.6,82.9,1.6,0.16,9.8,625.7,0.04,83.0,28.5,111.5,155.0,2.9,0.29,18.3,1168.4,0.07,155.1,53.1,208.3,407.9,7.7,0.77,48.2,3078.4,0.18,408.4,140.0,548.4,35.42,0.0,0.0,35.42,37.34,0.0,0.0,37.34,0.0,0.0,0.0,3616.9,6.8,2811.0,0.0,0.0,0.0,0.0,0.0,799.1,0.0,0.0,0.0,0.0,0.0,0.0,0.0,6.8,0.0
2050-11-04 20:00:00,2050-11-04 18:00:00,2003.2,0.0,0.0,10.7,2013.8,1933.8,1999.0,0.0,1640.0,0.0346,0.0524,battery,gas-cc,79.3,1.5,0.15,9.4,598.1,0.03,79.3,27.2,106.5,82.1,1.5,0.15,9.7,619.6,0.04,82.2,28.2,110.4,155.1,2.9,0.29,18.3,1169.2,0.07,155.2,53.2,208.4,408.4,7.7,0.77,48.2,3081.5,0.18,408.8,140.1,548.9,35.42,0.0,0.0,35.42,37.38,0.0,0.0,37.38,0.0,0.0,0.0,3653.8,14.8,2839.9,0.0,0.0,0.0,0.0,0.0,799.1,0.0,0.0,0.0,0.0,0.0,0.0,0.0,14.8,0.0
2050-11-04 21:00:00,2050-11-04 19:00:00,1925.3,0.0,0.0,10.6,1935.9,1859.9,1920.1,0.0,1635.7,0.0339,0.0503,battery,gas-cc,81.1,1.5,0.15,9.6,611.9,0.04,81.2,27.8,109.0,83.9,1.6,0.16,9.9,633.4,0.04,84.0,28.8,112.8,155.0,2.9,0.29,18.3,1168.7,0.07,155.2,53.2,208.3,412.3,7.8,0.78,48.7,3111.0,0.18,412.7,141.5,554.2,35.42,0.0,0.0,35.42,37.3,0.0,0.0,37.3,0.0,0.0,0.0,3571.6,15.8,2756.6,0.0,0.0,0.0,0.0,0.0,799.1,0.0,0.0,0.0,0.0,0.0,0.0,0.0,15.8,0.0
2050-11-04 22:00:00,2050-11-04 20:00:00,1806.3,0.0,0.0,1.8,1808.2,1746.8,1792.3,0.0,283.7,0.033,0.0472,battery,gas-cc,138.4,2.6,0.26,16.4,1044.7,0.06,138.6,47.5,186.1,143.2,2.7,0.27,16.9,1080.4,0.06,143.3,49.1,192.4,154.4,2.9,0.29,18.2,1164.3,0.07,154.6,53.0,207.5,410.9,7.7,0.77,48.5,3100.8,0.18,411.4,141.0,552.4,35.42,0.0,0.0,35.42,37.18,0.0,0.0,37.18,0.0,0.0,0.0,2091.9,15.8,1276.9,0.0,0.0,0.0,0.0,0.0,799.1,0.0,0.0,0.0,0.0,0.0,0.0,0.0,15.8,0.0
2050-11-04 23:00:00,2050-11-04 21:00:00,1706.3,0.0,0.0,10.7,1717.0,1651.4,1700.8,0.0,1640.0,0.0322,0.0446,battery,gas-cc,86.3,1.6,0.16,10.2,651.0,0.04,86.4,29.6,116.0,89.1,1.7,0.17,10.5,672.7,0.04,89.2,30.6,119.8,151.6,2.9,0.29,17.9,1143.2,0.07,151.8,52.0,203.8,405.0,7.6,0.76,47.8,3056.5,0.18,405.5,139.0,544.5,35.42,0.0,0.0,35.42,37.08,0.0,0.0,37.08,0.0,0.0,0.0,3356.9,16.2,2541.6,0.0,0.0,0.0,0.0,0.0,799.1,0.0,0.0,0.0,0.0,0.0,0.0,0.0,16.2,0.0
2050-11-05 00:00:00,2050-11-04 22:00:00,1592.6,0.0,0.0,10.7,1603.3,1542.6,1585.7,0.0,1640.0,0.0314,0.0416,battery,gas-cc,89.3,1.7,0.17,10.5,673.8,0.04,89.4,30.6,120.0,92.2,1.7,0.17,10.9,695.7,0.04,92.3,31.6,123.9,186.7,3.5,0.35,22.1,1408.4,0.08,186.9,64.1,251.0,425.8,8.0,0.8,50.3,3213.5,0.18,426.3,146.1,572.4,37.24,0.0,0.0,37.24,38.86,0.0,0.0,38.86,0.0,0.0,0.0,3243.3,17.6,2426.5,0.0,0.0,0.0,0.0,0.0,799.1,0.0,0.0,0.0,0.0,0.0,0.0,0.0,17.6,0.0
2050-11-05 01:00:00,2050-11-04 23:00:00,1458.9,0.0,0.0,10.4,1469.3,1414.3,1446.3,0.0,1593.0,0.0306,0.0382,battery,gas-cc,94.6,1.8,0.18,11.2,713.7,0.04,94.7,32.4,127.1,97.6,1.8,0.18,11.5,736.2,0.04,97.7,33.5,131.2,190.5,3.6,0.36,22.5,1436.9,0.08,190.7,65.4,256.1,427.8,8.1,0.81,50.5,3228.5,0.19,428.3,146.8,575.1,37.24,0.0,0.0,37.24,38.72,0.0,0.0,38.72,0.0,0.0,0.0,3062.3,23.0,2240.2,0.0,0.0,0.0,0.0,0.0,799.1,0.0,0.0,0.0,0.0,0.0,0.0,0.0,23.0,0.0
2050-11-05 02:00:00,2050-11-05 00:00:00,1325.3,0.0,0.0,10.7,1335.9,1285.4,1309.0,0.0,1640.0,0.0301,0.0347,battery,gas-cc,97.3,1.8,0.18,11.5,734.4,0.04,97.4,33.4,130.8,100.3,1.9,0.19,11.9,757.2,0.04,100.4,34.4,134.9,163.8,3.1,0.31,19.3,1235.0,0.07,164.0,56.2,220.1,422.8,8.0,0.8,49.9,3190.2,0.18,423.2,145.1,568.3,37.24,0.0,0.0,37.24,38.58,0.0,0.0,38.58,0.0,0.0,0.0,2975.9,26.9,2149.8,0.0,0.0,0.0,0.0,0.0,799.1,0.0,0.0,0.0,0.0,0.0,0.0,0.0,26.9,0.0
2050-11-05 03:00:00,2050-11-05 01:00:00,1224.2,0.0,0.0,10.7,1234.9,1187.8,1206.0,0.0,1640.0,0.0298,0.032,battery,gas-cc,100.7,1.9,0.19,11.9,760.2,0.04,100.8,34.6,135.4,103.8,2.0,0.2,12.3,783.6,0.05,103.9,35.6,139.6,189.0,3.6,0.36,22.3,1425.5,0.08,189.2,64.8,254.0,421.6,7.9,0.79,49.8,3181.5,0.18,422.1,144.7,566.7,37.24,0.0,0.0,37.24,38.47,0.0,0.0,38.47,0.0,0.0,0.0,2874.8,28.8,2046.9,0.0,0.0,0.0,0.0,0.0,799.1,0.0,0.0,0.0,0.0,0.0,0.0,0.0,28.8,0.0
2050-11-05 04:00:00,2050-11-05 02:00:00,1154.7,0.0,0.0,9.0,1163.7,1120.4,1130.1,0.0,1384.1,0.0297,0.0302,battery,gas-cc,113.7,2.1,0.21,13.4,857.8,0.05,113.8,39.0,152.8,117.1,2.2,0.22,13.8,884.0,0.05,117.3,40.2,157.5,179.3,3.4,0.34,21.2,1352.3,0.08,179.5,61.5,241.0,424.3,8.0,0.8,50.1,3202.0,0.18,424.8,145.6,570.4,37.24,0.0,0.0,37.24,38.4,0.0,0.0,38.4,0.0,0.0,0.0,2547.8,33.7,1715.0,0.0,0.0,0.0,0.0,0.0,799.1,0.0,0.0,0.0,0.0,0.0,0.0,0.0,33.7,0.0
2050-11-05 05:00:00,2050-11-05 03:00:00,1101.1,0.0,0.0,8.1,1109.2,1068.3,1065.6,0.0,1247.3,0.0297,0.0288,battery,gas-cc,122.9,2.3,0.23,14.5,927.4,0.05,123.0,42.2,165.2,126.7,2.4,0.24,15.0,955.8,0.06,126.8,43.5,170.3,167.2,3.2,0.32,19.8,1261.1,0.07,167.4,57.4,224.8,423.7,8.0,0.8,50.1,3197.4,0.18,424.2,145.4,569.5,37.24,0.0,0.0,37.24,38.35,0.0,0.0,38.35,0.0,0.0,0.0,2356.5,43.6,1513.8,0.0,0.0,0.0,0.0,0.0,799.1,0.0,0.0,0.0,0.0,0.0,0.0,0.0,43.6,0.0
2050-11-05 06:00:00,2050-11-05 04:00:00,1072.6,0.0,0.0,0.1,1072.7,1040.7,1026.1,0.0,13.1,0.0297,0.0281,battery,gas-cc,266.7,5.0,0.5,31.5,2012.7,0.12,267.0,91.5,358.5,274.9,5.2,0.52,32.5,2074.4,0.12,275.2,94.3,369.5,152.3,2.9,0.29,18.0,1148.1,0.07,152.4,52.2,204.7,423.4,8.0,0.8,50.0,3194.9,0.18,423.8,145.3,569.1,37.24,0.0,0.0,37.24,38.32,0.0,0.0,38.32,0.0,0.0,0.0,1085.8,46.7,240.0,0.0,0.0,0.0,0.0,0.0,799.1,0.0,0.0,0.0,0.0,0.0,0.0,0.0,46.7,0.0
2050-11-05 07:00:00,2050-11-05 05:00:00,1062.1,0.0,0.0,2.4,1064.5,1030.5,1016.2,0.0,362.5,0.0298,0.0278,battery,gas-cc,203.0,3.8,0.38,24.0,1531.5,0.09,203.2,69.6,272.8,209.2,3.9,0.39,24.7,1578.5,0.09,209.4,71.8,281.2,164.3,3.1,0.31,19.4,1238.8,0.07,164.5,56.3,220.8,404.1,7.6,0.76,47.7,3049.6,0.18,404.6,138.7,543.2,36.73,0.0,0.0,36.73,37.78,0.0,0.0,37.78,0.0,0.0,0.0,1427.0,48.2,579.6,0.0,0.0,0.0,0.0,0.0,799.1,0.0,0.0,0.0,0.0,0.0,0.0,0.0,48.2,0.0
2050-11-05 08:00:00,2050-11-05 06:00:00,1082.1,0.0,0.0,8.7,1090.8,1049.9,720.7,720.7,0.0,0.0297,0.0283,battery,gas-cc,0.0,0.0,0.0,0.0,0.0,0.0,0.0,0.0,0.0,0.0,0.0,0.0,0.9,2.1,0.02,0.0,1.0,1.0,152.4,2.9,0.29,18.0,1148.8,0.07,152.5,52.3,204.8,386.7,7.3,0.73,45.7,2918.5,0.17,387.2,132.7,519.9,30.01,0.0,0.0,30.01,30.89,0.0,0.0,30.89,0.0,0.0,0.0,370.1,370.1,0.0,0.0,0.0,0.0,0.0,13.5,0.0,0.0,0.0,0.0,0.0,0.0,0.0,305.7,50.9,0.0
2050-11-05 09:00:00,2050-11-05 07:00:00,1128.4,4019.6,0.0,0.0,5148.0,1094.9,0.0,0.0,0.0,0.0297,0.0295,upv,upv,0.0,0.0,0.0,0.0,0.0,0.0,0.0,0.0,0.0,0.0,0.0,0.0,0.0,0.0,0.0,0.0,0.0,0.0,139.6,2.6,0.26,16.5,1052.6,0.06,139.8,47.9,187.7,0.0,0.0,0.0,0.0,0.0,0.0,0.0,0.0,0.0,0.0,0.0,0.0,0.0,0.0,0.0,0.0,0.0,44.1,705.0,749.1,5148.0,5148.0,0.0,0.0,0.0,0.0,0.0,0.0,0.0,0.0,0.0,0.0,0.0,0.0,0.0,5148.0,0.0,0.0
2050-11-05 10:00:00,2050-11-05 08:00:00,1224.2,4019.6,0.0,0.0,5243.8,1187.8,0.0,0.0,0.0,0.0298,0.032,upv,upv,0.0,0.0,0.0,0.0,0.0,0.0,0.0,0.0,0.0,0.0,0.0,0.0,0.0,0.0,0.0,0.0,0.0,0.0,144.7,2.7,0.27,17.1,1090.6,0.06,144.8,49.6,194.4,0.0,0.0,0.0,0.0,0.0,0.0,0.0,0.0,0.0,0.0,0.0,0.0,0.0,0.0,0.0,0.0,0.0,0.0,3708.9,3708.9,5243.8,5243.8,0.0,0.0,0.0,0.0,0.0,376.4,0.0,0.0,0.0,0.0,0.0,0.0,0.0,4834.2,33.2,0.0
2050-11-05 11:00:00,2050-11-05 09:00:00,1320.0,4019.6,0.0,0.0,5339.6,1280.4,0.0,0.0,0.0,0.03,0.0345,upv,upv,0.0,0.0,0.0,0.0,0.0,0.0,0.0,0.0,0.0,0.0,0.0,0.0,0.0,0.0,0.0,0.0,0.0,0.0,139.7,2.6,0.26,16.5,1053.0,0.06,139.8,47.9,187.7,0.0,0.0,0.0,0.0,0.0,0.0,0.0,0.0,0.0,0.0,0.0,0.0,0.0,0.0,0.0,0.0,0.0,0.0,3656.3,3656.3,5339.6,5339.6,0.0,0.0,0.0,0.0,0.0,378.6,0.0,0.0,0.0,0.0,0.0,0.0,0.0,4938.5,22.5,0.0
2050-11-05 12:00:00,2050-11-05 10:00:00,1404.2,3016.4,0.0,0.0,4420.6,1361.6,-0.0,0.0,0.0,0.0304,0.0367,upv,upv,0.0,0.0,0.0,0.0,0.0,0.0,0.0,0.0,0.0,0.0,0.0,0.0,0.0,0.0,0.0,0.0,0.0,0.0,139.7,2.6,0.26,16.5,1053.4,0.06,139.9,47.9,187.8,0.0,0.0,0.0,0.0,0.0,0.0,0.0,0.0,0.0,0.0,0.0,0.0,0.0,0.0,0.0,0.0,0.0,0.0,4070.3,4070.3,4420.6,4420.6,0.0,0.0,0.0,0.0,0.0,357.6,0.0,0.0,0.0,0.0,0.0,0.0,0.0,4046.3,16.7,0.0
2050-11-05 13:00:00,2050-11-05 11:00:00,1503.2,3435.1,0.0,0.0,4938.3,1456.8,0.0,0.0,0.0,0.0309,0.0393,upv,upv,0.0,0.0,0.0,0.0,0.0,0.0,0.0,0.0,0.0,0.0,0.0,0.0,0.0,0.0,0.0,0.0,0.0,0.0,139.8,2.6,0.26,16.5,1053.9,0.06,139.9,47.9,187.9,0.0,0.0,0.0,0.0,0.0,0.0,0.0,0.0,0.0,0.0,0.0,0.0,0.0,0.0,0.0,0.0,0.0,0.0,3231.7,3231.7,4938.3,4938.3,0.0,0.0,0.0,0.0,0.0,343.9,0.0,0.0,0.0,0.0,0.0,0.0,0.0,4574.7,19.6,0.0
2050-11-05 14:00:00,2050-11-05 12:00:00,1621.1,2431.9,0.0,0.0,4053.0,1569.8,0.0,0.0,0.0,0.0316,0.0424,upv,upv,0.0,0.0,0.0,0.0,0.0,0.0,0.0,0.0,0.0,0.0,0.0,0.0,0.0,0.0,0.0,0.0,0.0,0.0,139.9,2.6,0.26,16.5,1054.7,0.06,140.1,48.0,188.0,0.0,0.0,0.0,0.0,0.0,0.0,0.0,0.0,0.0,0.0,0.0,0.0,0.0,0.0,0.0,0.0,0.0,0.0,4236.8,4236.8,4053.0,4053.0,0.0,0.0,0.0,0.0,0.0,349.2,0.0,0.0,0.0,0.0,0.0,0.0,0.0,3685.9,17.9,0.0
2050-11-05 15:00:00,2050-11-05 13:00:00,1731.6,2917.5,0.0,0.0,4649.1,1675.5,0.0,0.0,0.0,0.0324,0.0453,upv,upv,0.0,0.0,0.0,0.0,0.0,0.0,0.0,0.0,0.0,0.0,0.0,0.0,0.0,0.0,0.0,0.0,0.0,0.0,140.0,2.6,0.27,16.5,1055.6,0.06,140.2,48.0,188.2,0.0,0.0,0.0,0.0,0.0,0.0,0.0,0.0,0.0,0.0,0.0,0.0,0.0,0.0,0.0,0.0,0.0,11.4,3993.7,4005.1,4649.1,4649.1,0.0,0.0,0.0,0.0,0.0,364.7,0.0,0.0,0.0,0.0,0.0,0.0,0.0,4284.4,0.0,0.0
2050-11-05 16:00:00,2050-11-05 14:00:00,1840.0,3265.5,0.0,0.0,5105.5,1778.9,0.0,0.0,0.0,0.0332,0.0481,upv,upv,0.0,0.0,0.0,0.0,0.0,0.0,0.0,0.0,0.0,0.0,0.0,0.0,0.0,0.0,0.0,0.0,0.0,0.0,140.1,2.6,0.27,16.6,1056.5,0.06,140.3,48.1,188.3,0.0,0.0,0.0,0.0,0.0,0.0,0.0,0.0,0.0,0.0,0.0,0.0,0.0,0.0,0.0,0.0,0.0,6.5,3726.4,3732.9,5105.5,5105.5,0.0,0.0,0.0,0.0,0.0,372.8,0.0,0.0,0.0,0.0,0.0,0.0,0.0,4732.7,0.0,0.0
2050-11-05 17:00:00,2050-11-05 15:00:00,1937.9,2431.9,0.0,0.0,4369.8,1871.9,0.0,0.0,0.0,0.034,0.0507,upv,upv,0.0,0.0,0.0,0.0,0.0,0.0,0.0,0.0,0.0,0.0,0.0,0.0,0.0,0.0,0.0,0.0,0.0,0.0,140.3,2.6,0.27,16.6,1057.4,0.06,140.4,48.1,188.5,0.0,0.0,0.0,0.0,0.0,0.0,0.0,0.0,0.0,0.0,0.0,0.0,0.0,0.0,0.0,0.0,0.0,7.5,3159.8,3167.3,4369.8,4369.8,0.0,0.0,0.0,0.0,0.0,317.8,0.0,0.0,0.0,0.0,0.0,0.0,0.0,4052.0,0.0,0.0
2050-11-05 18:00:00,2050-11-05 16:00:00,2049.5,0.0,0.0,5.6,2055.1,1977.7,-86.5,0.0,865.8,0.035,0.0536,battery,gas-cc,0.0,0.0,0.0,0.0,0.0,0.0,0.0,0.0,0.0,0.0,0.0,0.0,0.0,0.0,0.0,0.0,0.0,0.0,145.3,2.7,0.27,17.2,1095.4,0.06,145.4,49.8,195.3,367.3,6.9,0.69,43.4,2772.1,0.16,367.7,126.0,493.8,31.23,0.0,0.0,31.23,33.0,0.0,0.0,33.0,0.0,0.0,0.0,2920.9,2141.6,779.3,0.0,0.0,0.0,0.0,89.8,0.0,0.0,0.0,0.0,0.0,0.0,0.0,2037.2,14.6,0.0
2050-11-05 19:00:00,2050-11-05 17:00:00,2101.1,0.0,0.0,10.7,2111.7,2026.5,2076.2,0.0,1640.0,0.0355,0.0549,battery,gas-cc,0.0,0.0,0.0,0.0,0.0,0.0,0.0,0.0,0.0,0.0,0.0,0.0,0.0,0.0,0.0,0.0,0.0,0.0,178.5,3.4,0.34,21.1,1346.4,0.08,178.7,61.2,240.0,389.9,7.3,0.73,46.1,2942.3,0.17,390.3,133.8,524.1,31.23,0.0,0.0,31.23,33.04,0.0,0.0,33.04,0.0,0.0,0.0,3751.7,35.5,3716.2,0.0,0.0,0.0,0.0,0.0,0.0,0.0,0.0,0.0,0.0,0.0,0.0,0.0,35.5,0.0
2050-11-05 20:00:00,2050-11-05 18:00:00,2121.1,0.0,0.0,0.0,2121.1,2045.4,2045.6,0.0,0.0,0.0357,0.0555,battery,gas-cc,0.0,0.0,0.0,0.0,0.0,0.0,0.0,0.0,0.0,0.0,0.0,0.0,0.0,0.0,0.0,0.0,0.0,0.0,163.6,3.1,0.31,19.3,1233.2,0.07,163.7,56.1,219.8,390.1,7.4,0.74,46.1,2943.9,0.17,390.5,133.9,524.4,31.23,0.0,0.0,31.23,33.06,0.0,0.0,33.06,0.0,0.0,0.0,2121.1,75.5,2045.6,0.0,0.0,0.0,0.0,0.0,0.0,0.0,0.0,0.0,0.0,0.0,0.0,0.0,75.5,0.0
2050-11-05 21:00:00,2050-11-05 19:00:00,2010.5,0.0,0.0,6.3,2016.8,1940.8,1955.0,0.0,967.4,0.0347,0.0526,battery,gas-cc,0.0,0.0,0.0,0.0,0.0,0.0,0.0,0.0,0.0,0.0,0.0,0.0,0.0,0.0,0.0,0.0,0.0,0.0,153.0,2.9,0.29,18.1,1153.2,0.07,153.1,52.5,205.6,367.0,6.9,0.69,43.3,2769.1,0.16,367.3,125.9,493.3,31.23,0.0,0.0,31.23,32.96,0.0,0.0,32.96,0.0,0.0,0.0,2984.2,61.9,2922.4,0.0,0.0,0.0,0.0,0.0,0.0,0.0,0.0,0.0,0.0,0.0,0.0,0.0,61.9,0.0
2050-11-05 22:00:00,2050-11-05 20:00:00,1866.3,0.0,0.0,10.7,1877.0,1803.9,1827.0,0.0,1640.0,0.0334,0.0488,battery,gas-cc,0.0,0.0,0.0,0.0,0.0,0.0,0.0,0.0,0.0,0.0,0.0,0.0,0.0,0.0,0.0,0.0,0.0,0.0,154.3,2.9,0.29,18.2,1163.5,0.07,154.5,52.9,207.4,387.4,7.3,0.73,45.8,2923.3,0.17,387.8,132.9,520.7,31.23,0.0,0.0,31.23,32.83,0.0,0.0,32.83,0.0,0.0,0.0,3516.9,49.9,3467.0,0.0,0.0,0.0,0.0,0.0,0.0,0.0,0.0,0.0,0.0,0.0,0.0,0.0,49.9,0.0
2050-11-05 23:00:00,2050-11-05 21:00:00,1750.5,0.0,0.0,0.3,1750.8,1693.6,1710.0,0.0,43.4,0.0325,0.0458,battery,gas-cc,0.0,0.0,0.0,0.0,0.0,0.0,0.0,0.0,0.0,0.0,0.0,0.0,0.0,0.0,0.0,0.0,0.0,0.0,153.9,2.9,0.29,18.2,1160.4,0.07,154.1,52.8,206.9,470.5,8.9,0.89,55.6,3550.1,0.2,471.0,161.4,632.4,31.23,0.0,0.0,31.23,32.73,0.0,0.0,32.73,0.0,0.0,0.0,1794.2,40.8,1753.4,0.0,0.0,0.0,0.0,0.0,0.0,0.0,0.0,0.0,0.0,0.0,0.0,0.0,40.8,0.0
2050-11-06 00:00:00,2050-11-05 22:00:00,1621.1,0.0,0.0,3.1,1624.2,1569.8,1592.7,0.0,478.6,0.0316,0.0424,battery,gas-cc,0.0,0.0,0.0,0.0,0.0,0.0,0.0,0.0,0.0,0.0,0.0,0.0,0.0,0.0,0.0,0.0,0.0,0.0,147.3,2.8,0.28,17.4,1110.8,0.06,147.5,50.5,198.0,374.2,7.1,0.71,44.2,2824.0,0.16,374.6,128.4,503.0,28.84,0.0,0.0,28.84,30.12,0.0,0.0,30.12,0.0,0.0,0.0,2102.8,31.5,2071.3,0.0,0.0,0.0,0.0,0.0,0.0,0.0,0.0,0.0,0.0,0.0,0.0,0.0,31.5,0.0
2050-11-06 01:00:00,2050-11-05 23:00:00,1476.8,0.0,0.0,6.5,1483.3,1431.5,1461.3,0.0,999.7,0.0307,0.0386,battery,gas-cc,0.0,0.0,0.0,0.0,0.0,0.0,0.0,0.0,0.0,0.0,0.0,0.0,0.0,0.0,0.0,0.0,0.0,0.0,176.4,3.3,0.33,20.8,1330.1,0.08,176.6,60.5,237.1,372.8,7.0,0.7,44.0,2812.9,0.16,373.2,127.9,501.1,28.84,0.0,0.0,28.84,30.0,0.0,0.0,30.0,0.0,0.0,0.0,2483.0,22.0,2461.0,0.0,0.0,0.0,0.0,0.0,0.0,0.0,0.0,0.0,0.0,0.0,0.0,0.0,22.0,0.0
2050-11-06 02:00:00,2050-11-06 00:00:00,1293.7,0.0,0.0,4.6,1298.3,1254.9,1279.9,0.0,708.1,0.0299,0.0338,gas-cc,gas-cc,0.0,0.0,0.0,0.0,0.0,0.0,0.0,0.0,0.0,0.0,0.0,0.0,0.0,0.0,0.0,0.0,0.0,0.0,153.0,2.9,0.29,18.1,1153.4,0.07,153.1,52.5,205.6,375.1,7.1,0.71,44.3,2830.5,0.16,375.5,128.7,504.2,28.84,0.0,0.0,28.84,29.85,0.0,0.0,29.85,0.0,0.0,0.0,2006.4,18.4,1988.0,0.0,0.0,0.0,0.0,0.0,0.0,0.0,0.0,0.0,0.0,0.0,0.0,0.0,18.4,0.0
2050-11-06 03:00:00,2050-11-06 01:00:00,1222.1,0.0,0.0,5.2,1227.3,1185.7,1202.3,335.6,0.0,0.0298,0.032,battery,gas-cc,0.0,0.0,0.0,0.0,0.0,0.0,0.0,0.0,0.0,0.0,0.0,0.0,0.0,0.0,0.0,0.0,0.0,0.0,172.1,3.2,0.33,20.3,1297.7,0.07,172.3,59.0,231.3,370.2,7.0,0.7,43.7,2793.6,0.16,370.6,127.0,497.6,28.84,0.0,0.0,28.84,29.8,0.0,0.0,29.8,0.0,0.0,0.0,891.7,25.0,866.7,0.0,0.0,0.0,0.0,0.0,0.0,0.0,0.0,0.0,0.0,0.0,0.0,0.0,25.0,0.0
2050-11-06 04:00:00,2050-11-06 02:00:00,1149.5,0.0,0.0,10.0,1159.5,1115.3,1120.9,925.9,0.0,0.0297,0.0301,battery,gas-cc,0.0,0.0,0.0,0.0,0.0,0.0,0.0,0.0,0.0,0.1,0.0,0.0,1.4,3.7,0.03,0.1,1.5,1.6,159.3,3.0,0.3,18.8,1201.5,0.07,159.5,54.6,214.2,369.5,7.0,0.7,43.6,2788.1,0.16,369.9,126.8,496.6,28.84,0.0,0.0,28.84,29.74,0.0,0.0,29.74,0.0,0.0,0.0,233.6,38.6,195.0,0.0,0.0,0.0,0.0,0.0,0.0,0.0,0.0,0.0,0.0,0.0,0.0,0.0,38.6,0.0
2050-11-06 05:00:00,2050-11-06 03:00:00,1115.8,0.0,0.0,11.1,1126.9,1082.7,1089.5,1089.5,0.0,0.0297,0.0292,battery,gas-cc,0.0,0.0,0.0,0.0,0.0,0.0,0.0,0.0,0.0,0.1,0.0,0.0,1.9,5.1,0.04,0.1,2.1,2.2,151.8,2.9,0.29,17.9,1144.7,0.07,152.0,52.1,204.1,367.3,6.9,0.69,43.4,2771.4,0.16,367.7,126.0,493.7,28.56,0.0,0.0,28.56,29.41,0.0,0.0,29.41,0.0,0.0,0.0,37.4,37.4,0.0,0.0,0.0,0.0,0.0,0.0,0.0,0.0,0.0,0.0,0.0,0.0,0.0,0.0,37.4,0.0
2050-11-06 06:00:00,2050-11-06 04:00:00,1110.5,0.0,0.0,11.0,1121.5,1077.5,1077.4,1077.4,0.0,0.0297,0.029,gas-cc,gas-cc,0.0,0.0,0.0,0.0,0.0,0.0,0.0,0.0,0.0,0.1,0.0,0.0,1.9,5.1,0.04,0.1,2.1,2.2,193.7,3.7,0.37,22.9,1461.3,0.08,194.0,66.5,260.4,394.6,7.4,0.74,46.6,2977.4,0.17,395.0,135.4,530.4,28.56,0.0,0.0,28.56,29.41,0.0,0.0,29.41,0.0,0.0,0.0,44.2,44.2,0.0,0.0,0.0,0.0,0.0,0.0,0.0,0.0,0.0,0.0,0.0,0.0,0.0,0.0,44.2,0.0
2050-11-06 07:00:00,2050-11-06 05:00:00,1165.3,0.0,0.0,7.5,1172.8,1130.6,1117.9,544.3,0.0,0.0297,0.0305,battery,gas-cc,0.0,0.0,0.0,0.0,0.0,0.0,0.0,0.0,0.0,0.0,0.0,0.0,0.3,0.7,0.01,0.0,0.3,0.3,179.3,3.4,0.34,21.2,1352.1,0.08,179.5,61.5,241.0,369.6,7.0,0.7,43.7,2789.3,0.16,370.0,126.8,496.9,28.84,0.0,0.0,28.84,29.75,0.0,0.0,29.75,0.0,0.0,0.0,628.5,55.0,573.5,0.0,0.0,0.0,0.0,0.0,0.0,0.0,0.0,0.0,0.0,0.0,0.0,0.0,55.0,0.0
2050-11-06 08:00:00,2050-11-06 06:00:00,1291.6,0.0,0.0,0.2,1291.8,1252.9,931.3,15.3,0.0,0.0299,0.0338,battery,gas-cc,0.0,0.0,0.0,0.0,0.0,0.0,0.0,0.0,0.0,0.0,0.0,0.0,0.0,0.0,0.0,0.0,0.0,0.0,145.6,2.7,0.28,17.2,1097.7,0.06,145.8,49.9,195.7,370.9,7.0,0.7,43.8,2798.8,0.16,371.3,127.3,498.6,28.84,0.0,0.0,28.84,29.85,0.0,0.0,29.85,0.0,0.0,0.0,1276.5,360.5,916.0,0.0,0.0,0.0,0.0,13.1,0.0,0.0,0.0,0.0,0.0,0.0,0.0,297.9,49.5,0.0
2050-11-06 09:00:00,2050-11-06 07:00:00,1435.8,2784.7,0.0,10.7,4231.2,1392.0,-1640.0,0.0,1640.0,0.0305,0.0375,upv,upv,0.0,0.0,0.0,0.0,0.0,0.0,0.0,0.0,0.0,0.0,0.0,0.0,0.0,0.0,0.0,0.0,0.0,0.0,139.7,2.6,0.26,16.5,1053.5,0.06,139.9,47.9,187.8,0.0,0.0,0.0,0.0,0.0,0.0,0.0,0.0,0.0,0.0,0.0,0.0,0.0,0.0,0.0,0.0,0.0,0.0,218.8,218.8,5871.2,5871.2,0.0,0.0,0.0,0.0,0.0,254.8,0.0,0.0,0.0,0.0,0.0,0.0,0.0,5564.9,51.5,0.0
2050-11-06 10:00:00,2050-11-06 08:00:00,1556.8,3854.9,0.0,0.0,5411.7,1508.3,0.0,0.0,0.0,0.0312,0.0407,upv,upv,0.0,0.0,0.0,0.0,0.0,0.0,0.0,0.0,0.0,0.0,0.0,0.0,0.0,0.0,0.0,0.0,0.0,0.0,139.8,2.6,0.26,16.5,1054.3,0.06,140.0,48.0,187.9,0.0,0.0,0.0,0.0,0.0,0.0,0.0,0.0,0.0,0.0,0.0,0.0,0.0,0.0,0.0,0.0,0.0,0.0,3766.9,3766.9,5411.7,5411.7,0.0,0.0,0.0,0.0,0.0,385.4,0.0,0.0,0.0,0.0,0.0,0.0,0.0,4983.0,43.3,0.0
2050-11-06 11:00:00,2050-11-06 09:00:00,1585.3,4014.7,0.0,0.0,5599.9,1535.5,0.0,0.0,0.0,0.0314,0.0415,upv,upv,0.0,0.0,0.0,0.0,0.0,0.0,0.0,0.0,0.0,0.0,0.0,0.0,0.0,0.0,0.0,0.0,0.0,0.0,139.9,2.6,0.26,16.5,1054.5,0.06,140.0,48.0,188.0,0.0,0.0,0.0,0.0,0.0,0.0,0.0,0.0,0.0,0.0,0.0,0.0,0.0,0.0,0.0,0.0,0.0,0.0,3534.7,3534.7,5599.9,5599.9,0.0,0.0,0.0,0.0,0.0,384.3,0.0,0.0,0.0,0.0,0.0,0.0,0.0,5189.3,26.3,0.0
2050-11-06 12:00:00,2050-11-06 10:00:00,1595.8,3824.8,0.0,0.0,5420.5,1545.6,0.0,0.0,0.0,0.0314,0.0417,upv,upv,0.0,0.0,0.0,0.0,0.0,0.0,0.0,0.0,0.0,0.0,0.0,0.0,0.0,0.0,0.0,0.0,0.0,0.0,140.3,2.6,0.27,16.6,1057.4,0.06,140.4,48.1,188.5,0.0,0.0,0.0,0.0,0.0,0.0,0.0,0.0,0.0,0.0,0.0,0.0,0.0,0.0,0.0,0.0,0.0,0.0,3151.8,3151.8,5420.5,5420.5,0.0,0.0,0.0,0.0,0.0,360.7,0.0,0.0,0.0,0.0,0.0,0.0,0.0,5035.8,24.0,0.0
2050-11-06 13:00:00,2050-11-06 11:00:00,1638.9,2655.8,0.0,0.0,4294.8,1587.0,0.0,0.0,0.0,0.0317,0.0429,upv,upv,0.0,0.0,0.0,0.0,0.0,0.0,0.0,0.0,0.0,0.0,0.0,0.0,0.0,0.0,0.0,0.0,0.0,0.0,140.6,2.7,0.27,16.6,1060.2,0.06,140.8,48.2,189.0,0.0,0.0,0.0,0.0,0.0,0.0,0.0,0.0,0.0,0.0,0.0,0.0,0.0,0.0,0.0,0.0,0.0,0.0,3903.0,3903.0,4294.8,4294.8,0.0,0.0,0.0,0.0,0.0,345.2,0.0,0.0,0.0,0.0,0.0,0.0,0.0,3929.2,20.4,0.0
2050-11-06 14:00:00,2050-11-06 12:00:00,1722.1,3795.7,0.0,0.0,5517.8,1666.5,0.0,0.0,0.0,0.0323,0.045,upv,upv,0.0,0.0,0.0,0.0,0.0,0.0,0.0,0.0,0.0,0.0,0.0,0.0,0.0,0.0,0.0,0.0,0.0,0.0,141.2,2.7,0.27,16.7,1064.5,0.06,141.4,48.4,189.8,0.0,0.0,0.0,0.0,0.0,0.0,0.0,0.0,0.0,0.0,0.0,0.0,0.0,0.0,0.0,0.0,0.0,12.8,2727.0,2739.8,5517.8,5517.8,0.0,0.0,0.0,0.0,0.0,347.9,0.0,0.0,0.0,0.0,0.0,0.0,0.0,5169.9,0.0,0.0
2050-11-06 15:00:00,2050-11-06 13:00:00,1793.7,3762.7,0.0,0.0,5556.4,1734.8,0.0,0.0,0.0,0.0329,0.0469,upv,upv,0.0,0.0,0.0,0.0,0.0,0.0,0.0,0.0,0.0,0.0,0.0,0.0,0.0,0.0,0.0,0.0,0.0,0.0,140.3,2.6,0.27,16.6,1057.4,0.06,140.4,48.1,188.5,0.0,0.0,0.0,0.0,0.0,0.0,0.0,0.0,0.0,0.0,0.0,0.0,0.0,0.0,0.0,0.0,0.0,5.9,3005.6,3011.5,5556.4,5556.4,0.0,0.0,0.0,0.0,0.0,361.4,0.0,0.0,0.0,0.0,0.0,0.0,0.0,5195.0,0.0,0.0
2050-11-06 16:00:00,2050-11-06 14:00:00,1873.7,2431.9,0.0,0.0,4305.6,1810.9,-0.0,0.0,0.0,0.0335,0.049,upv,upv,0.0,0.0,0.0,0.0,0.0,0.0,0.0,0.0,0.0,0.0,0.0,0.0,0.0,0.0,0.0,0.0,0.0,0.0,140.2,2.6,0.27,16.6,1056.9,0.06,140.3,48.1,188.4,0.0,0.0,0.0,0.0,0.0,0.0,0.0,0.0,0.0,0.0,0.0,0.0,0.0,0.0,0.0,0.0,0.0,3.1,4465.6,4468.7,4305.6,4305.6,0.0,0.0,0.0,0.0,0.0,370.3,0.0,0.0,0.0,0.0,0.0,0.0,0.0,3935.3,0.0,0.0
2050-11-06 17:00:00,2050-11-06 15:00:00,1989.5,2431.9,0.0,3.8,4425.1,1920.9,-578.3,0.0,578.3,0.0345,0.052,upv,upv,0.0,0.0,0.0,0.0,0.0,0.0,0.0,0.0,0.0,0.0,0.0,0.0,0.0,0.0,0.0,0.0,0.0,0.0,141.4,2.7,0.27,16.7,1065.8,0.06,141.5,48.5,190.0,0.0,0.0,0.0,0.0,0.0,0.0,0.0,0.0,0.0,0.0,0.0,0.0,0.0,0.0,0.0,0.0,0.0,2.9,2485.8,2488.7,5003.4,5003.4,0.0,0.0,0.0,0.0,0.0,316.1,0.0,0.0,0.0,0.0,0.0,0.0,0.0,4687.3,0.0,0.0
2050-11-06 18:00:00,2050-11-06 16:00:00,2090.5,0.0,0.0,11.1,2101.6,2016.5,19.9,0.0,1208.3,0.0354,0.0547,battery,gas-cc,0.0,0.0,0.0,0.0,0.0,0.0,0.0,0.0,0.0,0.0,0.0,0.0,0.0,0.0,0.0,0.0,0.0,0.0,173.0,3.3,0.33,20.4,1304.5,0.08,173.2,59.3,232.5,461.0,8.7,0.87,54.5,3478.6,0.2,461.5,158.2,619.6,44.15,0.0,0.0,44.15,46.7,0.0,0.0,46.7,0.0,0.0,0.0,3309.9,2081.7,1228.2,0.0,0.0,0.0,0.0,87.6,0.0,0.0,0.0,0.0,0.0,0.0,0.0,1987.1,7.0,0.0
2050-11-06 19:00:00,2050-11-06 17:00:00,2175.8,0.0,0.0,14.3,2190.1,2097.0,2174.0,0.0,1455.9,0.0362,0.0569,battery,gas-cc,0.0,0.0,0.0,0.0,0.0,0.0,0.0,0.0,0.0,0.0,0.0,0.0,0.0,0.0,0.0,0.0,0.0,0.0,201.1,3.8,0.38,23.8,1516.7,0.09,201.3,69.0,270.3,511.5,9.6,0.96,60.4,3860.2,0.22,512.1,175.5,687.6,44.15,0.0,0.0,44.15,46.81,0.0,0.0,46.81,0.0,0.0,0.0,3645.9,16.0,3629.9,0.0,0.0,0.0,0.0,0.0,0.0,0.0,0.0,0.0,0.0,0.0,0.0,0.0,16.0,0.0
2050-11-06 20:00:00,2050-11-06 18:00:00,2245.3,0.0,0.0,10.7,2255.9,2162.5,2235.8,0.0,1640.0,0.0369,0.0587,battery,gas-cc,0.0,0.0,0.0,0.0,0.0,0.0,0.0,0.0,0.0,0.0,0.0,0.0,0.0,0.0,0.0,0.0,0.0,0.0,191.3,3.6,0.36,22.6,1443.0,0.08,191.5,65.6,257.2,491.7,9.3,0.93,58.1,3710.6,0.21,492.3,168.7,661.0,44.15,0.0,0.0,44.15,46.9,0.0,0.0,46.9,0.0,0.0,0.0,3895.9,20.1,3875.8,0.0,0.0,0.0,0.0,0.0,0.0,0.0,0.0,0.0,0.0,0.0,0.0,0.0,20.1,0.0
2050-11-06 21:00:00,2050-11-06 19:00:00,2147.4,0.0,0.0,9.9,2157.2,2070.2,2132.1,0.0,1518.5,0.0359,0.0562,battery,gas-cc,0.0,0.0,0.0,0.0,0.0,0.0,0.0,0.0,0.0,0.0,0.0,0.0,0.0,0.0,0.0,0.0,0.0,0.0,213.8,4.0,0.4,25.3,1612.5,0.09,214.0,73.3,287.3,511.1,9.6,0.96,60.4,3857.2,0.22,511.7,175.4,687.1,44.15,0.0,0.0,44.15,46.77,0.0,0.0,46.77,0.0,0.0,0.0,3675.8,25.1,3650.6,0.0,0.0,0.0,0.0,0.0,0.0,0.0,0.0,0.0,0.0,0.0,0.0,0.0,25.1,0.0
2050-11-06 22:00:00,2050-11-06 20:00:00,1951.6,0.0,0.0,8.4,1960.0,1884.9,1942.0,0.0,1295.6,0.0342,0.051,battery,gas-cc,0.0,0.0,0.0,0.0,0.0,0.0,0.0,0.0,0.0,0.0,0.0,0.0,0.0,0.0,0.0,0.0,0.0,0.0,199.9,3.8,0.38,23.6,1507.8,0.09,200.1,68.6,268.7,508.4,9.6,0.96,60.1,3836.4,0.22,508.9,174.4,683.4,44.15,0.0,0.0,44.15,46.52,0.0,0.0,46.52,0.0,0.0,0.0,3255.6,18.0,3237.7,0.0,0.0,0.0,0.0,0.0,0.0,0.0,0.0,0.0,0.0,0.0,0.0,0.0,18.0,0.0
2050-11-06 23:00:00,2050-11-06 21:00:00,1802.1,0.0,0.0,2.5,1804.6,1742.8,1790.6,0.0,381.6,0.0329,0.0471,battery,gas-cc,0.0,0.0,0.0,0.0,0.0,0.0,0.0,0.0,0.0,0.0,0.0,0.0,0.0,0.0,0.0,0.0,0.0,0.0,189.2,3.6,0.36,22.4,1427.3,0.08,189.5,64.9,254.4,506.3,9.5,0.95,59.8,3820.6,0.22,506.8,173.7,680.6,44.15,0.0,0.0,44.15,46.33,0.0,0.0,46.33,0.0,0.0,0.0,2186.1,14.0,2172.1,0.0,0.0,0.0,0.0,0.0,0.0,0.0,0.0,0.0,0.0,0.0,0.0,0.0,14.0,0.0
2050-11-07 00:00:00,2050-11-06 22:00:00,1638.9,0.0,0.0,17.4,1656.3,1587.0,1647.1,0.0,2073.1,0.0317,0.0429,battery,gas-cc,104.2,2.0,0.2,12.3,786.6,0.05,104.4,35.8,140.1,107.7,2.0,0.2,12.7,812.4,0.05,107.8,37.0,144.7,153.9,2.9,0.29,18.2,1160.2,0.07,154.1,52.8,206.8,384.6,7.2,0.72,45.4,2902.0,0.17,385.0,132.0,516.9,58.28,0.0,0.0,58.28,60.89,0.0,0.0,60.89,0.0,0.0,0.0,3729.4,9.3,2647.4,0.0,0.0,0.0,0.0,0.0,1072.7,0.0,0.0,0.0,0.0,0.0,0.0,0.0,9.3,0.0
2050-11-07 01:00:00,2050-11-06 23:00:00,1466.3,0.0,0.0,17.0,1483.3,1421.3,1477.0,0.0,2048.3,0.0307,0.0383,gas-cc,gas-cc,110.1,2.1,0.21,13.0,830.7,0.05,110.2,37.8,148.0,113.6,2.1,0.21,13.4,857.0,0.05,113.7,39.0,152.7,154.2,2.9,0.29,18.2,1162.9,0.07,154.4,52.9,207.3,405.0,7.6,0.76,47.8,3056.1,0.18,405.4,139.0,544.4,43.95,0.0,0.0,43.95,45.7,0.0,0.0,45.7,0.0,0.0,0.0,3531.6,6.3,2452.6,0.0,0.0,0.0,0.0,0.0,1072.7,0.0,0.0,0.0,0.0,0.0,0.0,0.0,6.3,0.0
2050-11-07 02:00:00,2050-11-07 00:00:00,1322.1,0.0,0.0,8.1,1330.2,1282.4,1323.3,0.0,1250.9,0.03,0.0346,battery,gas-cc,150.6,2.8,0.28,17.8,1136.6,0.07,150.8,51.7,202.5,155.3,2.9,0.29,18.4,1171.8,0.07,155.4,53.3,208.7,153.4,2.9,0.29,18.1,1156.5,0.07,153.6,52.6,206.2,381.2,7.2,0.72,45.0,2876.3,0.17,381.6,130.8,512.4,33.73,0.0,0.0,33.73,34.94,0.0,0.0,34.94,0.0,0.0,0.0,2581.1,6.9,1501.5,0.0,0.0,0.0,0.0,0.0,1072.7,0.0,0.0,0.0,0.0,0.0,0.0,0.0,6.9,0.0
2050-11-07 03:00:00,2050-11-07 01:00:00,1231.6,0.0,0.0,2.1,1233.7,1194.9,1228.2,138.1,0.0,0.0298,0.0322,gas-cc,gas-cc,354.8,6.7,0.67,41.9,2677.5,0.15,355.2,121.7,476.9,324.8,6.1,0.61,38.4,2450.9,0.14,325.1,111.4,436.6,153.0,2.9,0.29,18.1,1153.2,0.07,153.1,52.5,205.6,363.5,6.9,0.69,42.9,2743.0,0.16,363.9,124.7,488.6,33.73,0.0,0.0,33.73,34.86,0.0,0.0,34.86,0.0,0.0,0.0,1095.7,5.5,17.4,0.0,0.0,0.0,0.0,0.0,1072.7,0.0,0.0,0.0,0.0,0.0,0.0,0.0,5.5,0.0
2050-11-07 04:00:00,2050-11-07 02:00:00,1152.6,0.0,0.0,7.2,1159.8,1118.4,1155.3,486.5,0.0,0.0297,0.0301,gas-cc,gas-cc,360.0,6.8,0.68,42.5,2716.5,0.16,360.4,123.5,483.9,216.4,4.1,0.41,25.7,1633.4,0.1,216.6,74.4,291.0,177.2,3.3,0.33,20.9,1336.0,0.08,177.3,60.8,238.1,373.7,7.0,0.7,44.1,2819.7,0.16,374.1,128.2,502.3,33.36,0.0,0.0,33.36,34.39,0.0,0.0,34.39,0.0,0.0,0.0,673.3,4.5,0.0,0.0,0.0,0.0,0.0,0.0,668.8,0.0,0.0,0.0,0.0,0.0,0.0,0.0,4.5,0.0
2050-11-07 05:00:00,2050-11-07 03:00:00,1121.1,0.0,0.0,8.6,1129.7,1087.8,1126.4,710.9,0.0,0.0297,0.0293,gas-cc,gas-cc,359.6,6.8,0.68,42.5,2713.3,0.16,360.0,123.4,483.3,144.3,2.7,0.27,17.9,1090.7,0.08,144.4,50.4,194.8,199.1,3.8,0.38,23.5,1502.0,0.09,199.4,68.3,267.7,373.3,7.0,0.7,44.1,2817.3,0.16,373.7,128.1,501.9,33.36,0.0,0.0,33.36,34.36,0.0,0.0,34.36,0.0,0.0,0.0,418.8,3.3,0.0,0.0,0.0,0.0,0.0,0.0,415.5,0.0,0.0,0.0,0.0,0.0,0.0,0.0,3.3,0.0
2050-11-07 06:00:00,2050-11-07 04:00:00,1124.2,0.0,0.0,7.7,1131.9,1090.8,1128.4,560.5,0.0,0.0297,0.0294,gas-cc,gas-cc,360.2,6.8,0.68,42.5,2718.0,0.16,360.6,123.6,484.2,190.4,3.6,0.36,22.9,1437.8,0.09,190.6,65.7,256.4,152.0,2.9,0.29,18.0,1146.1,0.07,152.2,52.1,204.3,373.4,7.0,0.7,44.1,2817.6,0.16,373.8,128.1,501.9,33.36,0.0,0.0,33.36,34.37,0.0,0.0,34.37,0.0,0.0,0.0,571.4,3.5,0.0,0.0,0.0,0.0,0.0,0.0,567.9,0.0,0.0,0.0,0.0,0.0,0.0,0.0,3.5,0.0
2050-11-07 07:00:00,2050-11-07 05:00:00,1175.8,0.0,0.0,1.0,1176.8,1140.9,1171.3,0.0,158.0,0.0297,0.0307,battery,gas-cc,217.0,4.1,0.41,25.6,1637.3,0.09,217.2,74.4,291.6,223.6,4.2,0.42,26.4,1687.4,0.1,223.9,76.7,300.6,198.5,3.7,0.38,23.5,1497.4,0.09,198.8,68.1,266.9,379.7,7.2,0.72,44.8,2865.0,0.16,380.1,130.3,510.3,33.73,0.0,0.0,33.73,34.8,0.0,0.0,34.8,0.0,0.0,0.0,1334.8,5.5,530.2,0.0,0.0,0.0,0.0,0.0,799.1,0.0,0.0,0.0,0.0,0.0,0.0,0.0,5.5,0.0
2050-11-07 08:00:00,2050-11-07 06:00:00,1296.8,0.0,0.0,0.9,1297.8,1258.0,1038.0,58.9,0.0,0.03,0.0339,battery,gas-cc,233.8,4.4,0.44,27.6,1764.1,0.1,234.0,80.2,314.2,230.1,4.3,0.43,27.2,1736.0,0.1,230.3,78.9,309.2,172.7,3.3,0.33,20.4,1302.3,0.08,172.9,59.2,232.1,380.9,7.2,0.72,45.0,2874.3,0.17,381.3,130.7,512.0,33.73,0.0,0.0,33.73,34.92,0.0,0.0,34.92,0.0,0.0,0.0,1238.8,259.7,180.0,0.0,0.0,0.0,0.0,10.6,799.1,0.0,0.0,0.0,0.0,0.0,0.0,240.9,8.2,0.0
2050-11-07 09:00:00,2050-11-07 07:00:00,1420.0,2431.9,0.0,10.7,3862.6,1376.8,-1640.0,0.0,1640.0,0.0304,0.0371,upv,upv,0.0,0.0,0.0,0.0,0.0,0.0,0.0,0.0,0.0,0.0,0.0,0.0,0.0,0.0,0.0,0.0,0.0,0.0,139.7,2.6,0.26,16.5,1053.4,0.06,139.9,47.9,187.8,0.0,0.0,0.0,0.0,0.0,0.0,0.0,0.0,0.0,0.0,0.0,0.0,0.0,0.0,0.0,0.0,0.0,8.7,299.9,308.5,5502.5,5502.5,0.0,0.0,0.0,0.0,0.0,244.9,0.0,0.0,0.0,0.0,0.0,0.0,0.0,5257.7,0.0,0.0
2050-11-07 10:00:00,2050-11-07 08:00:00,1535.8,2431.9,0.0,0.0,3967.7,1488.1,0.0,0.0,0.0,0.0311,0.0402,upv,upv,0.0,0.0,0.0,0.0,0.0,0.0,0.0,0.0,0.0,0.0,0.0,0.0,0.0,0.0,0.0,0.0,0.0,0.0,139.8,2.6,0.26,16.5,1054.1,0.06,140.0,47.9,187.9,0.0,0.0,0.0,0.0,0.0,0.0,0.0,0.0,0.0,0.0,0.0,0.0,0.0,0.0,0.0,0.0,0.0,8.9,4978.7,4987.6,3967.7,3967.7,0.0,0.0,0.0,0.0,0.0,0.0,0.0,0.0,0.0,0.0,0.0,0.0,0.0,3967.7,0.0,0.0
2050-11-07 11:00:00,2050-11-07 09:00:00,1572.6,3629.9,0.0,0.8,5203.4,1523.4,-124.7,0.0,124.7,0.0313,0.0411,upv,upv,0.0,0.0,0.0,0.0,0.0,0.0,0.0,0.0,0.0,0.0,0.0,0.0,0.0,0.0,0.0,0.0,0.0,0.0,139.9,2.6,0.26,16.5,1054.4,0.06,140.0,48.0,188.0,0.0,0.0,0.0,0.0,0.0,0.0,0.0,0.0,0.0,0.0,0.0,0.0,0.0,0.0,0.0,0.0,0.0,5.7,3449.9,3455.6,5328.1,5328.1,0.0,0.0,0.0,0.0,0.0,0.0,0.0,0.0,0.0,0.0,0.0,0.0,0.0,5328.1,0.0,0.0
2050-11-07 12:00:00,2050-11-07 10:00:00,1564.2,4019.6,0.0,0.0,5583.8,1515.4,0.0,0.0,0.0,0.0312,0.0409,upv,upv,0.0,0.0,0.0,0.0,0.0,0.0,0.0,0.0,0.0,0.0,0.0,0.0,0.0,0.0,0.0,0.0,0.0,0.0,139.8,2.6,0.26,16.5,1054.3,0.06,140.0,48.0,188.0,0.0,0.0,0.0,0.0,0.0,0.0,0.0,0.0,0.0,0.0,0.0,0.0,0.0,0.0,0.0,0.0,0.0,3.5,2539.6,2543.1,5583.8,5583.8,0.0,0.0,0.0,0.0,0.0,0.0,0.0,0.0,0.0,0.0,0.0,0.0,0.0,5583.8,0.0,0.0
2050-11-07 13:00:00,2050-11-07 11:00:00,1582.1,4019.6,0.0,0.3,5602.0,1532.5,-45.0,0.0,45.0,0.0313,0.0414,upv,upv,0.0,0.0,0.0,0.0,0.0,0.0,0.0,0.0,0.0,0.0,0.0,0.0,0.0,0.0,0.0,0.0,0.0,0.0,143.8,2.7,0.27,17.0,1083.9,0.06,143.9,49.3,193.2,0.0,0.0,0.0,0.0,0.0,0.0,0.0,0.0,0.0,0.0,0.0,0.0,0.0,0.0,0.0,0.0,0.0,1.0,2193.1,2194.1,5646.9,5646.9,0.0,0.0,0.0,0.0,0.0,330.9,0.0,0.0,0.0,0.0,0.0,0.0,0.0,5316.0,0.0,0.0
2050-11-07 14:00:00,2050-11-07 12:00:00,1652.6,4019.6,0.0,1.3,5673.5,1600.1,-201.6,0.0,201.6,0.0318,0.0432,upv,upv,0.0,0.0,0.0,0.0,0.0,0.0,0.0,0.0,0.0,0.0,0.0,0.0,0.0,0.0,0.0,0.0,0.0,0.0,139.9,2.6,0.26,16.5,1054.9,0.06,140.1,48.0,188.1,0.0,0.0,0.0,0.0,0.0,0.0,0.0,0.0,0.0,0.0,0.0,0.0,0.0,0.0,0.0,0.0,0.0,0.0,2099.8,2099.8,5875.1,5875.1,0.0,0.0,0.0,0.0,0.0,336.5,0.0,0.0,0.0,0.0,0.0,0.0,0.0,5538.6,0.0,0.0
2050-11-07 15:00:00,2050-11-07 13:00:00,1763.2,2983.4,0.0,2.5,4749.0,1705.6,-377.3,0.0,377.3,0.0326,0.0461,upv,upv,0.0,0.0,0.0,0.0,0.0,0.0,0.0,0.0,0.0,0.0,0.0,0.0,0.0,0.0,0.0,0.0,0.0,0.0,141.9,2.7,0.27,16.8,1070.1,0.06,142.1,48.7,190.8,0.0,0.0,0.0,0.0,0.0,0.0,0.0,0.0,0.0,0.0,0.0,0.0,0.0,0.0,0.0,0.0,0.0,0.0,3246.6,3246.6,5126.3,5126.3,0.0,0.0,0.0,0.0,0.0,353.3,0.0,0.0,0.0,0.0,0.0,0.0,0.0,4773.0,0.0,0.0
2050-11-07 16:00:00,2050-11-07 14:00:00,1850.5,3589.2,0.0,7.8,5447.5,1788.9,-1194.7,0.0,1194.7,0.0333,0.0484,upv,upv,0.0,0.0,0.0,0.0,0.0,0.0,0.0,0.0,0.0,0.0,0.0,0.0,0.0,0.0,0.0,0.0,0.0,0.0,148.6,2.8,0.28,17.6,1120.5,0.06,148.8,51.0,199.7,0.0,0.0,0.0,0.0,0.0,0.0,0.0,0.0,0.0,0.0,0.0,0.0,0.0,0.0,0.0,0.0,0.0,0.0,1960.2,1960.2,6642.2,6642.2,0.0,0.0,0.0,0.0,0.0,363.1,0.0,0.0,0.0,0.0,0.0,0.0,0.0,6279.1,0.0,0.0
2050-11-07 17:00:00,2050-11-07 15:00:00,1971.6,2431.9,0.0,14.3,4417.8,1903.9,-1875.7,0.0,1875.7,0.0343,0.0516,upv,upv,0.0,0.0,0.0,0.0,0.0,0.0,0.0,0.0,0.0,0.0,0.0,0.0,0.0,0.0,0.0,0.0,0.0,0.0,141.2,2.7,0.27,16.7,1064.6,0.06,141.4,48.4,189.8,0.0,0.0,0.0,0.0,0.0,0.0,0.0,0.0,0.0,0.0,0.0,0.0,0.0,0.0,0.0,0.0,0.0,0.8,1013.5,1014.4,6293.5,6293.5,0.0,0.0,0.0,0.0,0.0,308.4,0.0,0.0,0.0,0.0,0.0,0.0,0.0,5985.1,0.0,0.0
2050-11-07 18:00:00,2050-11-07 16:00:00,2072.6,0.0,0.0,21.5,2094.2,1999.6,111.1,0.0,2341.7,0.0352,0.0542,battery,gas-cc,65.3,1.2,0.12,7.7,492.7,0.03,65.4,22.4,87.8,67.7,1.3,0.13,8.0,510.7,0.03,67.7,23.2,91.0,187.6,3.5,0.35,22.2,1415.0,0.08,187.8,64.4,252.2,431.5,8.1,0.81,51.0,3256.1,0.19,432.0,148.1,580.0,37.5,0.0,0.0,37.5,39.65,0.0,0.0,39.65,0.0,0.0,0.0,4435.9,1983.1,1653.7,0.0,0.0,0.0,0.0,83.6,799.1,0.0,0.0,0.0,0.0,0.0,0.0,1896.7,2.8,0.0
2050-11-07 19:00:00,2050-11-07 17:00:00,2170.5,0.0,0.0,23.7,2194.2,2092.1,2185.0,0.0,2480.6,0.0361,0.0568,hydro,gas-cc,62.0,1.2,0.12,7.3,467.5,0.03,62.0,21.3,83.3,64.3,1.2,0.12,7.6,485.1,0.03,64.3,22.1,86.4,155.0,2.9,0.29,18.3,1168.3,0.07,155.1,53.1,208.3,335.7,6.3,0.63,39.7,2533.0,0.15,336.0,115.2,451.2,37.5,0.0,0.0,37.5,39.76,0.0,0.0,39.76,0.0,0.0,0.0,4674.8,9.2,3866.4,0.0,0.0,0.0,0.0,0.0,799.1,0.0,0.0,0.0,0.0,0.0,0.0,0.0,9.2,0.0
2050-11-07 20:00:00,2050-11-07 18:00:00,2268.4,0.0,0.0,10.7,2279.1,2184.3,2266.5,0.0,1640.0,0.0371,0.0593,battery,gas-cc,73.9,1.4,0.14,8.7,557.6,0.03,74.0,25.4,99.3,76.7,1.4,0.14,9.1,579.2,0.03,76.8,26.3,103.2,155.4,2.9,0.29,18.4,1171.6,0.07,155.6,53.3,208.9,433.8,8.2,0.82,51.3,3273.9,0.19,434.3,148.9,583.2,37.5,0.0,0.0,37.5,39.86,0.0,0.0,39.86,0.0,0.0,0.0,3919.0,12.6,3107.3,0.0,0.0,0.0,0.0,0.0,799.1,0.0,0.0,0.0,0.0,0.0,0.0,0.0,12.6,0.0
2050-11-07 21:00:00,2050-11-07 19:00:00,2162.1,0.0,0.0,10.7,2172.8,2084.1,2166.9,0.0,1640.0,0.0361,0.0565,battery,gas-cc,76.0,1.4,0.14,9.0,573.2,0.03,76.0,26.1,102.1,78.8,1.5,0.15,9.3,594.7,0.03,78.9,27.1,105.9,154.7,2.9,0.29,18.3,1166.5,0.07,154.9,53.1,207.9,432.6,8.2,0.82,51.1,3264.2,0.19,433.0,148.4,581.5,37.5,0.0,0.0,37.5,39.75,0.0,0.0,39.75,0.0,0.0,0.0,3812.7,5.9,3007.7,0.0,0.0,0.0,0.0,0.0,799.1,0.0,0.0,0.0,0.0,0.0,0.0,0.0,5.9,0.0
2050-11-07 22:00:00,2050-11-07 20:00:00,1969.5,0.0,0.0,13.5,1983.0,1901.9,1978.7,0.0,1821.9,0.0343,0.0515,battery,gas-cc,76.1,1.4,0.14,9.0,574.4,0.03,76.2,26.1,102.3,78.8,1.5,0.15,9.3,594.8,0.03,78.9,27.1,106.0,154.3,2.9,0.29,18.2,1163.6,0.07,154.5,52.9,207.4,430.3,8.1,0.81,50.8,3246.9,0.19,430.7,147.6,578.4,37.5,0.0,0.0,37.5,39.54,0.0,0.0,39.54,0.0,0.0,0.0,3804.8,4.3,3001.4,0.0,0.0,0.0,0.0,0.0,799.1,0.0,0.0,0.0,0.0,0.0,0.0,0.0,4.3,0.0
2050-11-07 23:00:00,2050-11-07 21:00:00,1822.1,0.0,0.0,12.0,1834.1,1761.8,1831.0,0.0,1725.5,0.0331,0.0477,battery,gas-cc,81.4,1.5,0.15,9.6,614.0,0.04,81.4,27.9,109.4,84.1,1.6,0.16,10.0,635.0,0.04,84.2,28.9,113.1,181.3,3.4,0.34,21.4,1367.3,0.08,181.5,62.2,243.7,428.5,8.1,0.81,50.6,3233.7,0.19,429.0,147.0,576.0,37.5,0.0,0.0,37.5,39.38,0.0,0.0,39.38,0.0,0.0,0.0,3559.6,3.1,2757.4,0.0,0.0,0.0,0.0,0.0,799.1,0.0,0.0,0.0,0.0,0.0,0.0,0.0,3.1,0.0
2050-11-08 00:00:00,2050-11-07 22:00:00,1652.6,0.0,0.0,10.5,1663.1,1600.1,1659.8,0.0,1612.6,0.0318,0.0432,battery,gas-cc,88.4,1.7,0.17,10.4,667.2,0.04,88.5,30.3,118.8,91.3,1.7,0.17,10.8,689.1,0.04,91.4,31.3,122.8,154.9,2.9,0.29,18.3,1168.0,0.07,155.1,53.1,208.2,455.5,8.6,0.86,53.8,3437.0,0.2,455.9,156.3,612.2,39.7,0.0,0.0,39.7,41.49,0.0,0.0,41.49,0.0,0.0,0.0,3275.7,3.3,2473.3,0.0,0.0,0.0,0.0,0.0,799.1,0.0,0.0,0.0,0.0,0.0,0.0,0.0,3.3,0.0
2050-11-08 01:00:00,2050-11-07 23:00:00,1497.9,0.0,0.0,12.0,1509.9,1451.7,1506.7,0.0,1724.3,0.0308,0.0392,battery,gas-cc,89.5,1.7,0.17,10.6,675.7,0.04,89.6,30.7,120.4,92.4,1.7,0.17,10.9,697.3,0.04,92.5,31.7,124.2,154.1,2.9,0.29,18.2,1161.8,0.07,154.3,52.8,207.1,453.5,8.5,0.85,53.6,3422.5,0.2,454.0,155.6,609.6,38.22,0.0,0.0,38.22,39.78,0.0,0.0,39.78,0.0,0.0,0.0,3234.2,3.2,2431.9,0.0,0.0,0.0,0.0,0.0,799.1,0.0,0.0,0.0,0.0,0.0,0.0,0.0,3.2,0.0
2050-11-08 02:00:00,2050-11-08 00:00:00,1332.6,0.0,0.0,12.2,1344.8,1292.6,1341.1,0.0,1736.6,0.0301,0.0348,gas-cc,gas-cc,94.0,1.8,0.18,11.1,709.2,0.04,94.1,32.2,126.3,96.9,1.8,0.18,11.5,731.3,0.04,97.0,33.3,130.3,153.3,2.9,0.29,18.1,1155.8,0.07,153.5,52.6,206.0,412.3,7.8,0.78,48.7,3111.4,0.18,412.8,141.5,554.2,38.05,0.0,0.0,38.05,39.42,0.0,0.0,39.42,0.0,0.0,0.0,3081.3,3.7,2278.5,0.0,0.0,0.0,0.0,0.0,799.1,0.0,0.0,0.0,0.0,0.0,0.0,0.0,3.7,0.0
2050-11-08 03:00:00,2050-11-08 01:00:00,1222.1,0.0,0.0,4.7,1226.8,1185.7,1223.4,0.0,722.7,0.0298,0.032,battery,gas-cc,148.6,2.8,0.28,17.5,1121.0,0.06,148.7,51.0,199.7,153.1,2.9,0.29,18.1,1155.4,0.07,153.3,52.5,205.8,178.9,3.4,0.34,21.1,1348.8,0.08,179.1,61.4,240.4,421.6,7.9,0.79,49.8,3181.3,0.18,422.0,144.7,566.7,37.47,0.0,0.0,37.47,38.71,0.0,0.0,38.71,0.0,0.0,0.0,1949.5,3.4,1147.0,0.0,0.0,0.0,0.0,0.0,799.1,0.0,0.0,0.0,0.0,0.0,0.0,0.0,3.4,0.0
2050-11-08 04:00:00,2050-11-08 02:00:00,1154.7,0.0,0.0,0.2,1154.9,1120.4,1151.9,0.0,26.6,0.0297,0.0302,battery,gas-cc,245.1,4.6,0.46,29.0,1849.7,0.11,245.4,84.1,329.5,252.6,4.8,0.48,29.8,1906.4,0.11,252.9,86.7,339.6,223.6,4.2,0.42,26.4,1686.8,0.1,223.9,76.7,300.6,420.8,7.9,0.79,49.7,3175.5,0.18,421.3,144.4,565.7,37.47,0.0,0.0,37.47,38.64,0.0,0.0,38.64,0.0,0.0,0.0,1181.5,3.0,379.3,0.0,0.0,0.0,0.0,0.0,799.1,0.0,0.0,0.0,0.0,0.0,0.0,0.0,3.0,0.0
2050-11-08 05:00:00,2050-11-08 03:00:00,1113.7,0.0,0.0,4.9,1118.6,1080.6,1115.2,316.0,0.0,0.0297,0.0291,hydro,gas-cc,360.9,6.8,0.68,42.6,2723.1,0.16,361.2,123.8,485.1,266.8,5.0,0.5,31.5,2013.6,0.12,267.1,91.6,358.7,291.3,5.5,0.55,34.4,2198.0,0.13,291.6,99.9,391.6,414.7,7.8,0.78,49.0,3129.5,0.18,415.2,142.3,557.5,37.47,0.0,0.0,37.47,38.59,0.0,0.0,38.59,0.0,0.0,0.0,802.6,3.4,0.0,0.0,0.0,0.0,0.0,0.0,799.1,0.0,0.0,0.0,0.0,0.0,0.0,0.0,3.4,0.0
2050-11-08 06:00:00,2050-11-08 04:00:00,1110.5,0.0,0.0,4.8,1115.4,1077.5,1110.3,311.2,0.0,0.0297,0.029,gas-cc,gas-cc,360.1,6.8,0.68,42.5,2717.7,0.16,360.5,123.6,484.1,267.6,5.0,0.5,31.6,2019.4,0.12,267.9,91.8,359.7,268.6,5.1,0.51,31.7,2026.9,0.12,268.9,92.2,361.1,397.8,7.5,0.75,47.0,3002.1,0.17,398.3,136.5,534.8,37.47,0.0,0.0,37.47,38.59,0.0,0.0,38.59,0.0,0.0,0.0,804.2,5.0,0.0,0.0,0.0,0.0,0.0,0.0,799.1,0.0,0.0,0.0,0.0,0.0,0.0,0.0,5.0,0.0
2050-11-08 07:00:00,2050-11-08 05:00:00,1156.8,0.0,0.0,0.2,1157.1,1122.5,1149.9,0.0,36.9,0.0297,0.0303,gas-cc,gas-cc,242.6,4.6,0.46,28.7,1830.4,0.11,242.8,83.2,326.1,250.0,4.7,0.47,29.5,1886.5,0.11,250.3,85.8,336.0,280.3,5.3,0.53,33.1,2115.1,0.12,280.6,96.2,376.8,362.8,6.8,0.68,42.9,2737.5,0.16,363.2,124.5,487.6,37.47,0.0,0.0,37.47,38.64,0.0,0.0,38.64,0.0,0.0,0.0,1193.9,7.2,387.6,0.0,0.0,0.0,0.0,0.0,799.1,0.0,0.0,0.0,0.0,0.0,0.0,0.0,7.2,0.0
2050-11-08 08:00:00,2050-11-08 06:00:00,1281.1,0.0,0.0,4.4,1285.5,1242.7,1085.3,286.2,0.0,0.0299,0.0335,hydro,gas-cc,289.8,5.5,0.55,34.2,2186.9,0.13,290.1,99.4,389.6,232.2,4.4,0.44,27.4,1752.5,0.1,232.5,79.7,312.2,256.5,4.8,0.48,30.3,1935.0,0.11,256.7,88.0,344.7,401.7,7.6,0.76,47.5,3031.5,0.17,402.2,137.8,540.0,34.74,0.0,0.0,34.74,35.94,0.0,0.0,35.94,0.0,0.0,0.0,999.3,200.2,0.0,0.0,0.0,0.0,0.0,8.2,799.1,0.0,0.0,0.0,0.0,0.0,0.0,185.3,6.7,0.0
2050-11-08 09:00:00,2050-11-08 07:00:00,1404.2,2431.9,0.0,10.7,3846.8,1361.6,-1640.0,0.0,1640.0,0.0304,0.0367,upv,upv,0.0,0.0,0.0,0.0,0.0,0.0,0.0,0.0,0.0,0.0,0.0,0.0,0.0,0.0,0.0,0.0,0.0,0.0,139.7,2.6,0.26,16.5,1053.4,0.06,139.9,47.9,187.8,0.0,0.0,0.0,0.0,0.0,0.0,0.0,0.0,0.0,0.0,0.0,0.0,0.0,0.0,0.0,0.0,0.0,5.2,123.4,128.6,5486.7,5486.7,0.0,0.0,0.0,0.0,0.0,236.7,0.0,0.0,0.0,0.0,0.0,0.0,0.0,5250.0,0.0,0.0
2050-11-08 10:00:00,2050-11-08 08:00:00,1523.2,2431.9,0.0,0.0,3955.1,1476.0,0.0,0.0,0.0,0.031,0.0398,upv,upv,0.0,0.0,0.0,0.0,0.0,0.0,0.0,0.0,0.0,0.0,0.0,0.0,0.0,0.0,0.0,0.0,0.0,0.0,139.8,2.6,0.26,16.5,1054.0,0.06,140.0,47.9,187.9,0.0,0.0,0.0,0.0,0.0,0.0,0.0,0.0,0.0,0.0,0.0,0.0,0.0,0.0,0.0,0.0,0.0,5.6,4843.1,4848.6,3955.1,3955.1,0.0,0.0,0.0,0.0,0.0,0.0,0.0,0.0,0.0,0.0,0.0,0.0,0.0,3955.1,0.0,0.0
2050-11-08 11:00:00,2050-11-08 09:00:00,1562.1,3629.9,0.0,0.0,5192.0,1513.3,0.0,0.0,0.0,0.0312,0.0409,upv,upv,0.0,0.0,0.0,0.0,0.0,0.0,0.0,0.0,0.0,0.0,0.0,0.0,0.0,0.0,0.0,0.0,0.0,0.0,139.8,2.6,0.26,16.5,1054.3,0.06,140.0,48.0,188.0,0.0,0.0,0.0,0.0,0.0,0.0,0.0,0.0,0.0,0.0,0.0,0.0,0.0,0.0,0.0,0.0,0.0,4.0,3437.3,3441.3,5192.0,5192.0,0.0,0.0,0.0,0.0,0.0,0.0,0.0,0.0,0.0,0.0,0.0,0.0,0.0,5192.0,0.0,0.0
2050-11-08 12:00:00,2050-11-08 10:00:00,1556.8,4019.6,0.0,0.0,5576.4,1508.3,0.0,0.0,0.0,0.0312,0.0407,upv,upv,0.0,0.0,0.0,0.0,0.0,0.0,0.0,0.0,0.0,0.0,0.0,0.0,0.0,0.0,0.0,0.0,0.0,0.0,139.8,2.6,0.26,16.5,1054.3,0.06,140.0,48.0,187.9,0.0,0.0,0.0,0.0,0.0,0.0,0.0,0.0,0.0,0.0,0.0,0.0,0.0,0.0,0.0,0.0,0.0,2.4,2573.9,2576.2,5576.4,5576.4,0.0,0.0,0.0,0.0,0.0,343.9,0.0,0.0,0.0,0.0,0.0,0.0,0.0,5232.5,0.0,0.0
2050-11-08 13:00:00,2050-11-08 11:00:00,1587.4,4019.6,0.0,0.0,5606.9,1537.6,0.0,0.0,0.0,0.0314,0.0415,upv,upv,0.0,0.0,0.0,0.0,0.0,0.0,0.0,0.0,0.0,0.0,0.0,0.0,0.0,0.0,0.0,0.0,0.0,0.0,140.1,2.6,0.27,16.6,1056.2,0.06,140.3,48.0,188.3,0.0,0.0,0.0,0.0,0.0,0.0,0.0,0.0,0.0,0.0,0.0,0.0,0.0,0.0,0.0,0.0,0.0,3.4,2354.5,2357.9,5606.9,5606.9,0.0,0.0,0.0,0.0,0.0,336.0,0.0,0.0,0.0,0.0,0.0,0.0,0.0,5271.0,0.0,0.0
2050-11-08 14:00:00,2050-11-08 12:00:00,1649.5,4019.6,0.0,0.0,5669.0,1597.0,0.0,0.0,0.0,0.0318,0.0431,upv,upv,0.0,0.0,0.0,0.0,0.0,0.0,0.0,0.0,0.0,0.0,0.0,0.0,0.0,0.0,0.0,0.0,0.0,0.0,139.9,2.6,0.26,16.5,1054.9,0.06,140.1,48.0,188.1,0.0,0.0,0.0,0.0,0.0,0.0,0.0,0.0,0.0,0.0,0.0,0.0,0.0,0.0,0.0,0.0,0.0,9.9,2481.3,2491.2,5669.0,5669.0,0.0,0.0,0.0,0.0,0.0,343.9,0.0,0.0,0.0,0.0,0.0,0.0,0.0,5325.1,0.0,0.0
2050-11-08 15:00:00,2050-11-08 13:00:00,1724.2,3817.0,0.0,0.0,5541.2,1668.5,0.0,0.0,0.0,0.0323,0.0451,upv,upv,0.0,0.0,0.0,0.0,0.0,0.0,0.0,0.0,0.0,0.0,0.0,0.0,0.0,0.0,0.0,0.0,0.0,0.0,140.0,2.6,0.26,16.5,1055.5,0.06,140.2,48.0,188.2,0.0,0.0,0.0,0.0,0.0,0.0,0.0,0.0,0.0,0.0,0.0,0.0,0.0,0.0,0.0,0.0,0.0,14.3,2959.9,2974.2,5541.2,5541.2,0.0,0.0,0.0,0.0,0.0,358.7,0.0,0.0,0.0,0.0,0.0,0.0,0.0,5182.5,0.0,0.0
2050-11-08 16:00:00,2050-11-08 14:00:00,1827.4,2755.7,0.0,0.0,4583.0,1766.8,0.0,0.0,0.0,0.0331,0.0478,upv,upv,0.0,0.0,0.0,0.0,0.0,0.0,0.0,0.0,0.0,0.0,0.0,0.0,0.0,0.0,0.0,0.0,0.0,0.0,140.1,2.6,0.27,16.6,1056.4,0.06,140.3,48.1,188.3,0.0,0.0,0.0,0.0,0.0,0.0,0.0,0.0,0.0,0.0,0.0,0.0,0.0,0.0,0.0,0.0,0.0,0.0,4066.5,4066.5,4583.0,4583.0,0.0,0.0,0.0,0.0,0.0,364.1,0.0,0.0,0.0,0.0,0.0,0.0,0.0,4198.7,20.2,0.0
2050-11-08 17:00:00,2050-11-08 15:00:00,1951.6,2431.9,0.0,0.0,4383.5,1884.9,0.0,0.0,0.0,0.0342,0.051,upv,upv,0.0,0.0,0.0,0.0,0.0,0.0,0.0,0.0,0.0,0.0,0.0,0.0,0.0,0.0,0.0,0.0,0.0,0.0,140.3,2.6,0.27,16.6,1057.5,0.06,140.4,48.1,188.5,0.0,0.0,0.0,0.0,0.0,0.0,0.0,0.0,0.0,0.0,0.0,0.0,0.0,0.0,0.0,0.0,0.0,0.0,2591.0,2591.0,4383.5,4383.5,0.0,0.0,0.0,0.0,0.0,293.2,0.0,0.0,0.0,0.0,0.0,0.0,0.0,4065.1,25.2,0.0
2050-11-08 18:00:00,2050-11-08 16:00:00,2054.7,0.0,0.0,2.9,2057.7,1982.7,453.3,0.0,449.0,0.0351,0.0537,battery,gas-cc,0.0,0.0,0.0,0.0,0.0,0.0,0.0,0.0,0.0,0.0,0.0,0.0,0.0,0.0,0.0,0.0,0.0,0.0,146.3,2.8,0.28,17.3,1102.8,0.06,146.4,50.2,196.6,376.8,7.1,0.71,44.5,2843.3,0.16,377.2,129.3,506.5,32.65,0.0,0.0,32.65,34.5,0.0,0.0,34.5,0.0,0.0,0.0,2506.7,1604.3,902.4,0.0,0.0,0.0,0.0,66.0,0.0,0.0,0.0,0.0,0.0,0.0,0.0,1499.2,39.0,0.0
2050-11-08 19:00:00,2050-11-08 17:00:00,2133.7,0.0,0.0,6.7,2140.4,2057.3,2063.7,0.0,1035.4,0.0358,0.0558,battery,gas-cc,0.0,0.0,0.0,0.0,0.0,0.0,0.0,0.0,0.0,0.0,0.0,0.0,0.0,0.0,0.0,0.0,0.0,0.0,165.9,3.1,0.31,19.6,1250.9,0.07,166.1,56.9,223.0,377.6,7.1,0.71,44.6,2849.5,0.16,378.0,129.6,507.6,32.65,0.0,0.0,32.65,34.58,0.0,0.0,34.58,0.0,0.0,0.0,3175.8,76.8,3099.0,0.0,0.0,0.0,0.0,0.0,0.0,0.0,0.0,0.0,0.0,0.0,0.0,0.0,76.8,0.0
2050-11-08 20:00:00,2050-11-08 18:00:00,2216.8,0.0,0.0,13.0,2229.8,2135.7,2140.4,381.1,1091.4,0.0366,0.058,battery,gas-cc,0.0,0.0,0.0,0.0,0.0,0.0,0.0,0.0,0.0,0.0,0.0,0.0,0.0,0.0,0.0,0.0,0.0,0.0,164.8,3.1,0.31,19.5,1242.7,0.07,165.0,56.5,221.5,378.5,7.1,0.71,44.7,2856.1,0.16,378.9,129.9,508.8,32.65,0.0,0.0,32.65,34.66,0.0,0.0,34.66,0.0,0.0,0.0,2940.1,89.5,2850.6,0.0,0.0,0.0,0.0,0.0,0.0,0.0,0.0,0.0,0.0,0.0,0.0,0.0,89.5,0.0
2050-11-08 21:00:00,2050-11-08 19:00:00,2124.2,0.0,0.0,1.7,2125.9,2048.3,2063.0,0.0,267.0,0.0357,0.0556,battery,gas-cc,0.0,0.0,0.0,0.0,0.0,0.0,0.0,0.0,0.0,0.0,0.0,0.0,0.0,0.0,0.0,0.0,0.0,0.0,174.4,3.3,0.33,20.6,1315.5,0.08,174.6,59.8,234.5,377.5,7.1,0.71,44.6,2848.8,0.16,377.9,129.5,507.5,32.65,0.0,0.0,32.65,34.57,0.0,0.0,34.57,0.0,0.0,0.0,2393.0,63.0,2330.0,0.0,0.0,0.0,0.0,0.0,0.0,0.0,0.0,0.0,0.0,0.0,0.0,0.0,63.0,0.0
2050-11-08 22:00:00,2050-11-08 20:00:00,1948.4,0.0,0.0,3.9,1952.3,1881.9,1924.2,0.0,597.4,0.0341,0.051,battery,gas-cc,0.0,0.0,0.0,0.0,0.0,0.0,0.0,0.0,0.0,0.0,0.0,0.0,0.0,0.0,0.0,0.0,0.0,0.0,174.8,3.3,0.33,20.6,1318.0,0.08,175.0,59.9,234.9,375.7,7.1,0.71,44.4,2835.0,0.16,376.1,128.9,505.0,32.65,0.0,0.0,32.65,34.4,0.0,0.0,34.4,0.0,0.0,0.0,2549.7,28.1,2521.5,0.0,0.0,0.0,0.0,0.0,0.0,0.0,0.0,0.0,0.0,0.0,0.0,0.0,28.1,0.0
2050-11-08 23:00:00,2050-11-08 21:00:00,1809.5,0.0,0.0,6.8,1816.3,1749.8,1800.2,0.0,1050.5,0.033,0.0473,battery,gas-cc,0.0,0.0,0.0,0.0,0.0,0.0,0.0,0.0,0.0,0.0,0.0,0.0,0.0,0.0,0.0,0.0,0.0,0.0,175.9,3.3,0.33,20.8,1326.9,0.08,176.1,60.3,236.5,374.3,7.1,0.71,44.2,2824.2,0.16,374.7,128.4,503.1,32.65,0.0,0.0,32.65,34.27,0.0,0.0,34.27,0.0,0.0,0.0,2866.8,16.1,2850.6,0.0,0.0,0.0,0.0,0.0,0.0,0.0,0.0,0.0,0.0,0.0,0.0,0.0,16.1,0.0
2050-11-09 00:00:00,2050-11-08 22:00:00,1638.9,0.0,0.0,0.0,1638.9,1587.0,1631.6,0.0,0.0,0.0317,0.0429,battery,gas-cc,0.0,0.0,0.0,0.0,0.0,0.0,0.0,0.0,0.0,0.0,0.0,0.0,0.0,0.0,0.0,0.0,0.0,0.0,171.3,3.2,0.32,20.2,1292.1,0.07,171.5,58.8,230.3,385.0,7.3,0.73,45.5,2905.1,0.17,385.4,132.1,517.5,31.44,0.0,0.0,31.44,32.85,0.0,0.0,32.85,0.0,0.0,0.0,1638.9,7.3,1631.6,0.0,0.0,0.0,0.0,0.0,0.0,0.0,0.0,0.0,0.0,0.0,0.0,0.0,7.3,0.0
2050-11-09 01:00:00,2050-11-08 23:00:00,1471.6,0.0,0.0,0.4,1472.0,1426.4,1466.9,25.1,0.0,0.0307,0.0385,battery,gas-cc,0.0,0.0,0.0,0.0,0.0,0.0,0.0,0.0,0.0,0.0,0.0,0.0,0.0,0.0,0.0,0.0,0.0,0.0,182.7,3.4,0.35,21.6,1377.6,0.08,182.9,62.7,245.5,383.2,7.2,0.72,45.3,2891.9,0.17,383.6,131.5,515.1,31.44,0.0,0.0,31.44,32.7,0.0,0.0,32.7,0.0,0.0,0.0,1446.8,5.1,1441.8,0.0,0.0,0.0,0.0,0.0,0.0,0.0,0.0,0.0,0.0,0.0,0.0,0.0,5.1,0.0
2050-11-09 02:00:00,2050-11-09 00:00:00,1291.6,0.0,0.0,0.0,1291.6,1252.9,1286.0,0.0,0.0,0.0299,0.0338,battery,gas-cc,0.0,0.0,0.0,0.0,0.0,0.0,0.0,0.0,0.0,0.0,0.0,0.0,0.0,0.0,0.0,0.0,0.0,0.0,185.6,3.5,0.35,21.9,1399.7,0.08,185.8,63.7,249.4,381.4,7.2,0.72,45.1,2877.8,0.17,381.8,130.9,512.6,31.44,0.0,0.0,31.44,32.54,0.0,0.0,32.54,0.0,0.0,0.0,1291.6,5.6,1286.0,0.0,0.0,0.0,0.0,0.0,0.0,0.0,0.0,0.0,0.0,0.0,0.0,0.0,5.6,0.0
2050-11-09 03:00:00,2050-11-09 01:00:00,1195.8,0.0,0.0,0.0,1195.8,1160.2,1187.6,0.0,0.0,0.0297,0.0313,battery,gas-cc,0.0,0.0,0.0,0.0,0.0,0.0,0.0,0.0,0.0,0.0,0.0,0.0,0.0,0.0,0.0,0.0,0.0,0.0,171.8,3.2,0.32,20.3,1295.6,0.07,172.0,58.9,230.9,380.4,7.2,0.72,44.9,2870.4,0.16,380.8,130.5,511.3,31.44,0.0,0.0,31.44,32.46,0.0,0.0,32.46,0.0,0.0,0.0,1195.8,8.2,1187.6,0.0,0.0,0.0,0.0,0.0,0.0,0.0,0.0,0.0,0.0,0.0,0.0,0.0,8.2,0.0
2050-11-09 04:00:00,2050-11-09 02:00:00,1121.1,0.0,0.0,2.1,1123.2,1087.8,1111.2,136.7,0.0,0.0297,0.0293,battery,gas-cc,0.0,0.0,0.0,0.0,0.0,0.0,0.0,0.0,0.0,0.0,0.0,0.0,0.0,0.0,0.0,0.0,0.0,0.0,209.6,4.0,0.4,24.8,1581.0,0.09,209.8,71.9,281.7,379.6,7.2,0.72,44.8,2864.6,0.16,380.0,130.3,510.3,31.44,0.0,0.0,31.44,32.39,0.0,0.0,32.39,0.0,0.0,0.0,986.4,12.0,974.5,0.0,0.0,0.0,0.0,0.0,0.0,0.0,0.0,0.0,0.0,0.0,0.0,0.0,12.0,0.0
2050-11-09 05:00:00,2050-11-09 03:00:00,1087.4,0.0,0.0,4.0,1091.4,1055.0,1074.8,260.1,0.0,0.0297,0.0284,battery,gas-cc,0.0,0.0,0.0,0.0,0.0,0.0,0.0,0.0,0.0,0.0,0.0,0.0,0.0,0.0,0.0,0.0,0.0,0.0,202.5,3.8,0.38,23.9,1527.9,0.09,202.8,69.5,272.2,379.3,7.1,0.71,44.8,2862.0,0.16,379.7,130.1,509.8,31.44,0.0,0.0,31.44,32.36,0.0,0.0,32.36,0.0,0.0,0.0,831.3,16.6,814.7,0.0,0.0,0.0,0.0,0.0,0.0,0.0,0.0,0.0,0.0,0.0,0.0,0.0,16.6,0.0
2050-11-09 06:00:00,2050-11-09 04:00:00,1087.4,0.0,0.0,6.2,1093.6,1055.0,1065.5,401.1,0.0,0.0297,0.0284,battery,gas-cc,0.0,0.0,0.0,0.0,0.0,0.0,0.0,0.0,0.0,0.0,0.0,0.0,0.0,0.0,0.0,0.0,0.0,0.0,211.1,4.0,0.4,24.9,1592.6,0.09,211.4,72.4,283.8,379.3,7.1,0.71,44.8,2862.0,0.16,379.7,130.1,509.8,31.44,0.0,0.0,31.44,32.36,0.0,0.0,32.36,0.0,0.0,0.0,692.5,28.1,664.4,0.0,0.0,0.0,0.0,0.0,0.0,0.0,0.0,0.0,0.0,0.0,0.0,0.0,28.1,0.0
2050-11-09 07:00:00,2050-11-09 05:00:00,1154.7,0.0,0.0,6.9,1161.6,1120.4,1098.9,445.3,0.0,0.0297,0.0302,battery,gas-cc,0.0,0.0,0.0,0.0,0.0,0.0,0.0,0.0,0.0,0.0,0.0,0.0,0.0,0.0,0.0,0.0,0.0,0.0,232.6,4.4,0.44,27.5,1754.8,0.1,232.8,79.8,312.6,380.0,7.2,0.72,44.9,2867.2,0.16,380.4,130.4,510.7,31.44,0.0,0.0,31.44,32.42,0.0,0.0,32.42,0.0,0.0,0.0,716.3,62.8,653.5,0.0,0.0,0.0,0.0,0.0,0.0,0.0,0.0,0.0,0.0,0.0,0.0,0.0,62.8,0.0
2050-11-09 08:00:00,2050-11-09 06:00:00,1268.4,0.0,0.0,6.9,1275.3,1230.5,1233.2,445.3,0.0,0.0299,0.0332,battery,gas-cc,0.0,0.0,0.0,0.0,0.0,0.0,0.0,0.0,0.0,0.0,0.0,0.0,0.0,0.0,0.0,0.0,0.0,0.0,236.9,4.5,0.45,28.0,1787.2,0.1,237.1,81.3,318.4,381.1,7.2,0.72,45.0,2876.0,0.17,381.5,130.8,512.3,31.44,0.0,0.0,31.44,32.52,0.0,0.0,32.52,0.0,0.0,0.0,830.0,42.1,787.9,0.0,0.0,0.0,0.0,0.6,0.0,0.0,0.0,0.0,0.0,0.0,0.0,13.2,28.3,0.0
2050-11-09 09:00:00,2050-11-09 07:00:00,1345.3,2431.9,0.0,10.7,3787.9,1304.7,1035.7,1035.7,0.0,0.0301,0.0352,battery,gas-cc,0.0,0.0,0.0,0.0,0.0,0.0,0.0,0.0,0.0,0.0,0.0,0.0,0.2,0.6,0.01,0.0,0.3,0.3,176.7,3.3,0.33,20.9,1332.5,0.08,176.9,60.6,237.5,317.3,6.0,0.6,37.5,2394.6,0.14,317.7,108.9,426.6,22.26,0.0,0.0,22.26,23.07,0.0,0.0,23.07,0.0,0.0,0.0,2752.2,2752.2,0.0,0.0,0.0,0.0,0.0,115.2,0.0,0.0,0.0,0.0,0.0,0.0,0.0,2615.6,21.4,0.0
2050-11-09 10:00:00,2050-11-09 08:00:00,1455.8,3725.3,0.0,12.3,5193.4,1411.2,-1746.4,0.0,1746.4,0.0306,0.0381,battery,distpv,0.0,0.0,0.0,0.0,0.0,0.0,0.0,0.0,0.0,0.0,0.0,0.0,0.0,0.0,0.0,0.0,0.0,0.0,147.4,2.8,0.28,17.4,1111.3,0.06,147.6,50.5,198.1,0.0,0.0,0.0,0.0,0.0,0.0,0.0,0.0,0.0,4.57,0.0,0.0,4.57,4.75,0.0,0.0,4.75,0.0,0.0,0.0,6939.8,6939.8,0.0,0.0,0.0,0.0,0.0,291.6,0.0,0.0,0.0,0.0,0.0,0.0,0.0,6617.3,30.9,0.0
2050-11-09 11:00:00,2050-11-09 09:00:00,1478.9,4019.6,0.0,18.4,5516.9,1433.5,-2137.8,0.0,2137.8,0.0307,0.0387,upv,upv,0.0,0.0,0.0,0.0,0.0,0.0,0.0,0.0,0.0,0.0,0.0,0.0,0.0,0.0,0.0,0.0,0.0,0.0,140.4,2.7,0.27,16.6,1058.7,0.06,140.6,48.2,188.7,0.0,0.0,0.0,0.0,0.0,0.0,0.0,0.0,0.0,0.0,0.0,0.0,0.0,0.0,0.0,0.0,0.0,0.0,610.4,610.4,7654.7,7654.7,0.0,0.0,0.0,0.0,0.0,346.5,0.0,0.0,0.0,0.0,0.0,0.0,0.0,7254.2,54.1,0.0
2050-11-09 12:00:00,2050-11-09 10:00:00,1461.1,4019.6,0.0,16.9,5497.6,1416.3,-2044.9,0.0,2044.9,0.0306,0.0382,upv,upv,0.0,0.0,0.0,0.0,0.0,0.0,0.0,0.0,0.0,0.0,0.0,0.0,0.0,0.0,0.0,0.0,0.0,0.0,140.0,2.6,0.27,16.5,1055.7,0.06,140.2,48.0,188.2,0.0,0.0,0.0,0.0,0.0,0.0,0.0,0.0,0.0,0.0,0.0,0.0,0.0,0.0,0.0,0.0,0.0,0.0,692.9,692.9,7542.5,7542.5,0.0,0.0,0.0,0.0,0.0,345.2,0.0,0.0,0.0,0.0,0.0,0.0,0.0,7139.3,58.0,0.0
2050-11-09 13:00:00,2050-11-09 11:00:00,1474.7,4019.6,0.0,12.9,5507.2,1429.4,-1784.7,0.0,1784.7,0.0307,0.0386,upv,upv,0.0,0.0,0.0,0.0,0.0,0.0,0.0,0.0,0.0,0.0,0.0,0.0,0.0,0.0,0.0,0.0,0.0,0.0,150.6,2.8,0.28,17.8,1135.2,0.07,150.7,51.6,202.4,0.0,0.0,0.0,0.0,0.0,0.0,0.0,0.0,0.0,0.0,0.0,0.0,0.0,0.0,0.0,0.0,0.0,0.0,674.7,674.7,7291.9,7291.9,0.0,0.0,0.0,0.0,0.0,333.5,0.0,0.0,0.0,0.0,0.0,0.0,0.0,6892.6,65.8,0.0
2050-11-09 14:00:00,2050-11-09 12:00:00,1528.4,4019.6,0.0,10.7,5558.7,1481.0,-1640.0,0.0,1640.0,0.031,0.04,distpv,distpv,0.0,0.0,0.0,0.0,0.0,0.0,0.0,0.0,0.0,0.0,0.0,0.0,0.0,0.0,0.0,0.0,0.0,0.0,139.9,2.6,0.26,16.5,1054.5,0.06,140.0,48.0,188.0,0.0,0.0,0.0,0.0,0.0,0.0,0.0,0.0,0.0,0.0,0.0,0.0,0.0,0.0,0.0,0.0,0.0,75.1,108.4,183.4,7198.6,7198.6,0.0,0.0,0.0,0.0,0.0,200.0,0.0,0.0,0.0,0.0,0.0,0.0,0.0,6998.6,0.0,0.0
2050-11-09 15:00:00,2050-11-09 13:00:00,1605.3,2457.7,0.0,17.6,4080.5,1554.7,-1194.7,445.3,1640.0,0.0315,0.042,battery,distpv,0.0,0.0,0.0,0.0,0.0,0.0,0.0,0.0,0.0,0.0,0.0,0.0,0.0,0.0,0.0,0.0,0.0,0.0,139.9,2.6,0.26,16.5,1054.6,0.06,140.0,48.0,188.0,0.0,0.0,0.0,0.0,0.0,0.0,0.0,0.0,0.0,4.57,0.0,0.0,4.57,4.77,0.0,0.0,4.77,0.0,0.0,0.0,5275.1,5275.1,0.0,0.0,0.0,0.0,0.0,218.5,0.0,0.0,0.0,0.0,0.0,0.0,0.0,4959.8,96.9,0.0
2050-11-09 16:00:00,2050-11-09 14:00:00,1652.6,1482.7,0.0,12.1,3147.5,1600.1,1243.2,1243.2,0.0,0.0318,0.0432,battery,gas-cc,0.0,0.0,0.0,0.0,0.0,0.0,0.0,0.0,0.0,0.0,0.0,0.0,0.4,0.9,0.01,0.0,0.4,0.4,139.9,2.6,0.26,16.5,1054.9,0.06,140.1,48.0,188.1,342.0,6.4,0.64,40.4,2580.7,0.15,342.4,117.3,459.7,26.7,0.0,0.0,26.7,27.9,0.0,0.0,27.9,0.0,0.0,0.0,1904.3,1904.3,0.0,0.0,0.0,0.0,0.0,75.5,0.0,0.0,0.0,0.0,0.0,0.0,0.0,1712.5,116.3,0.0
2050-11-09 17:00:00,2050-11-09 15:00:00,1698.9,0.0,0.0,9.0,1707.9,1644.3,760.6,760.6,0.0,0.0321,0.0444,battery,gas-cc,0.0,0.0,0.0,0.0,0.0,0.0,0.0,0.0,0.0,0.0,0.0,0.0,0.4,0.8,0.01,0.0,0.4,0.4,177.1,3.3,0.33,20.9,1335.5,0.08,177.3,60.7,238.0,359.6,6.8,0.68,42.5,2713.6,0.16,360.0,123.4,483.4,26.73,0.0,0.0,26.73,27.97,0.0,0.0,27.97,0.0,0.0,0.0,947.3,947.3,0.0,0.0,0.0,0.0,0.0,34.6,0.0,0.0,0.0,0.0,0.0,0.0,0.0,786.0,126.7,0.0
2050-11-09 18:00:00,2050-11-09 16:00:00,1778.9,0.0,0.0,11.8,1790.7,1720.7,1373.1,445.3,753.9,0.0327,0.0465,battery,gas-cc,0.0,0.0,0.0,0.0,0.0,0.0,0.0,0.0,0.0,0.0,0.0,0.0,0.0,0.0,0.0,0.0,0.0,0.0,175.0,3.3,0.33,20.7,1319.6,0.08,175.2,60.0,235.2,369.0,7.0,0.7,43.6,2784.2,0.16,369.3,126.6,495.9,31.44,0.0,0.0,31.44,32.98,0.0,0.0,32.98,0.0,0.0,0.0,2099.3,417.6,1681.7,0.0,0.0,0.0,0.0,12.9,0.0,0.0,0.0,0.0,0.0,0.0,0.0,292.4,112.3,0.0
2050-11-09 19:00:00,2050-11-09 17:00:00,1868.4,0.0,0.0,16.9,1885.3,1805.9,1761.3,445.3,1534.6,0.0335,0.0489,battery,gas-cc,0.0,0.0,0.0,0.0,0.0,0.0,0.0,0.0,0.0,0.0,0.0,0.0,0.0,0.0,0.0,0.0,0.0,0.0,210.6,4.0,0.4,24.9,1589.0,0.09,210.9,72.3,283.1,387.4,7.3,0.73,45.8,2923.4,0.17,387.8,132.9,520.8,31.44,0.0,0.0,31.44,33.06,0.0,0.0,33.06,0.0,0.0,0.0,2974.6,124.0,2850.6,0.0,0.0,0.0,0.0,0.0,0.0,0.0,0.0,0.0,0.0,0.0,0.0,0.0,124.0,0.0
2050-11-09 20:00:00,2050-11-09 18:00:00,1971.6,0.0,0.0,8.4,1979.9,1903.9,1903.4,445.3,223.6,0.0343,0.0516,battery,gas-cc,0.0,0.0,0.0,0.0,0.0,0.0,0.0,0.0,0.0,0.0,0.0,0.0,0.0,0.0,0.0,0.0,0.0,0.0,190.0,3.6,0.36,22.5,1433.4,0.08,190.2,65.2,255.4,370.9,7.0,0.7,43.8,2799.0,0.16,371.3,127.3,498.6,31.44,0.0,0.0,31.44,33.15,0.0,0.0,33.15,0.0,0.0,0.0,1758.2,76.6,1681.7,0.0,0.0,0.0,0.0,0.0,0.0,0.0,0.0,0.0,0.0,0.0,0.0,0.0,76.6,0.0
2050-11-09 21:00:00,2050-11-09 19:00:00,1932.6,0.0,0.0,17.6,1950.2,1866.9,1856.3,445.3,1640.0,0.034,0.0505,battery,gas-cc,0.0,0.0,0.0,0.0,0.0,0.0,0.0,0.0,0.0,0.0,0.0,0.0,0.0,0.0,0.0,0.0,0.0,0.0,179.8,3.4,0.34,21.2,1355.7,0.08,180.0,61.7,241.6,388.1,7.3,0.73,45.8,2928.6,0.17,388.5,133.2,521.7,31.44,0.0,0.0,31.44,33.12,0.0,0.0,33.12,0.0,0.0,0.0,3144.9,93.8,3051.0,0.0,0.0,0.0,0.0,0.0,0.0,0.0,0.0,0.0,0.0,0.0,0.0,0.0,93.8,0.0
2050-11-09 22:00:00,2050-11-09 20:00:00,1816.8,0.0,0.0,14.9,1831.8,1756.8,1643.1,445.3,1237.2,0.033,0.0475,battery,gas-cc,0.0,0.0,0.0,0.0,0.0,0.0,0.0,0.0,0.0,0.0,0.0,0.0,0.0,0.0,0.0,0.0,0.0,0.0,186.1,3.5,0.35,22.0,1403.8,0.08,186.3,63.8,250.2,365.0,6.9,0.69,43.1,2754.3,0.16,365.4,125.2,490.6,31.44,0.0,0.0,31.44,33.01,0.0,0.0,33.01,0.0,0.0,0.0,2623.6,188.7,2435.0,0.0,0.0,0.0,0.0,0.0,0.0,0.0,0.0,0.0,0.0,0.0,0.0,0.0,188.7,0.0
2050-11-09 23:00:00,2050-11-09 21:00:00,1672.6,0.0,0.0,17.6,1690.2,1619.2,1504.5,445.3,1640.0,0.032,0.0437,battery,gas-cc,0.0,0.0,0.0,0.0,0.0,0.0,0.0,0.0,0.0,0.0,0.0,0.0,0.0,0.0,0.0,0.0,0.0,0.0,169.1,3.2,0.32,20.0,1274.8,0.07,169.2,58.0,227.2,385.3,7.3,0.73,45.5,2907.8,0.17,385.7,132.2,518.0,31.44,0.0,0.0,31.44,32.88,0.0,0.0,32.88,0.0,0.0,0.0,2884.9,185.6,2699.2,0.0,0.0,0.0,0.0,0.0,0.0,0.0,0.0,0.0,0.0,0.0,0.0,0.0,185.6,0.0
2050-11-10 00:00:00,2050-11-09 22:00:00,1526.3,0.0,0.0,8.3,1534.6,1479.0,1415.7,445.3,219.2,0.031,0.0399,battery,gas-cc,0.0,0.0,0.0,0.0,0.0,0.0,0.0,0.0,0.0,0.0,0.0,0.0,0.0,0.0,0.0,0.0,0.0,0.0,193.7,3.7,0.37,22.9,1461.1,0.08,193.9,66.5,260.4,461.7,8.7,0.87,54.5,3484.2,0.2,462.2,158.4,620.6,31.22,0.0,0.0,31.22,32.52,0.0,0.0,32.52,0.0,0.0,0.0,1308.6,118.9,1189.6,0.0,0.0,0.0,0.0,0.0,0.0,0.0,0.0,0.0,0.0,0.0,0.0,0.0,118.9,0.0
2050-11-10 01:00:00,2050-11-09 23:00:00,1437.9,0.0,0.0,13.0,1450.9,1394.0,1316.8,445.3,935.8,0.0305,0.0376,battery,gas-cc,0.0,0.0,0.0,0.0,0.0,0.0,0.0,0.0,0.0,0.0,0.0,0.0,0.0,0.0,0.0,0.0,0.0,0.0,188.4,3.6,0.36,22.3,1420.9,0.08,188.6,64.6,253.2,382.9,7.2,0.72,45.2,2889.2,0.17,383.3,131.4,514.7,31.22,0.0,0.0,31.22,32.44,0.0,0.0,32.44,0.0,0.0,0.0,1941.4,134.1,1807.3,0.0,0.0,0.0,0.0,0.0,0.0,0.0,0.0,0.0,0.0,0.0,0.0,0.0,134.1,0.0
2050-11-10 02:00:00,2050-11-10 00:00:00,1281.1,0.0,0.0,10.0,1291.0,1242.7,1125.5,445.3,473.7,0.0299,0.0335,battery,gas-cc,0.0,0.0,0.0,0.0,0.0,0.0,0.0,0.0,0.0,0.0,0.0,0.0,0.0,0.0,0.0,0.0,0.0,0.0,222.4,4.2,0.42,26.3,1677.8,0.1,222.6,76.3,298.9,381.3,7.2,0.72,45.0,2877.0,0.17,381.7,130.8,512.5,31.22,0.0,0.0,31.22,32.3,0.0,0.0,32.3,0.0,0.0,0.0,1319.4,165.6,1153.8,0.0,0.0,0.0,0.0,0.0,0.0,0.0,0.0,0.0,0.0,0.0,0.0,0.0,165.6,0.0
2050-11-10 03:00:00,2050-11-10 01:00:00,1190.5,0.0,0.0,7.4,1197.9,1155.1,1034.3,445.3,77.3,0.0297,0.0311,battery,gas-cc,0.0,0.0,0.0,0.0,0.0,0.0,0.0,0.0,0.0,0.0,0.0,0.0,0.0,0.0,0.0,0.0,0.0,0.0,224.3,4.2,0.42,26.5,1692.5,0.1,224.6,77.0,301.6,457.5,8.6,0.86,54.0,3452.6,0.2,458.0,157.0,615.0,31.22,0.0,0.0,31.22,32.22,0.0,0.0,32.22,0.0,0.0,0.0,829.9,163.6,666.3,0.0,0.0,0.0,0.0,0.0,0.0,0.0,0.0,0.0,0.0,0.0,0.0,0.0,163.6,0.0
2050-11-10 04:00:00,2050-11-10 02:00:00,1128.4,0.0,0.0,8.1,1136.5,1094.9,1001.8,445.3,179.3,0.0297,0.0295,battery,gas-cc,0.0,0.0,0.0,0.0,0.0,0.0,0.0,0.0,0.0,0.0,0.0,0.0,0.0,0.0,0.0,0.0,0.0,0.0,181.5,3.4,0.34,21.4,1368.9,0.08,181.7,62.3,244.0,456.8,8.6,0.86,54.0,3446.8,0.2,457.3,156.7,614.0,31.22,0.0,0.0,31.22,32.17,0.0,0.0,32.17,0.0,0.0,0.0,870.5,134.7,735.7,0.0,0.0,0.0,0.0,0.0,0.0,0.0,0.0,0.0,0.0,0.0,0.0,0.0,134.7,0.0
2050-11-10 05:00:00,2050-11-10 03:00:00,1090.5,0.0,0.0,6.9,1097.4,1058.1,909.6,445.3,0.0,0.0297,0.0285,battery,gas-cc,0.0,0.0,0.0,0.0,0.0,0.0,0.0,0.0,0.0,0.0,0.0,0.0,0.0,0.0,0.0,0.0,0.0,0.0,182.4,3.4,0.34,21.5,1375.5,0.08,182.6,62.6,245.1,379.3,7.1,0.71,44.8,2862.2,0.16,379.7,130.1,509.8,31.22,0.0,0.0,31.22,32.13,0.0,0.0,32.13,0.0,0.0,0.0,652.1,187.8,464.3,0.0,0.0,0.0,0.0,0.0,0.0,0.0,0.0,0.0,0.0,0.0,0.0,0.0,187.8,0.0
2050-11-10 06:00:00,2050-11-10 04:00:00,1092.6,0.0,0.0,7.9,1100.5,1060.2,882.7,445.3,147.1,0.0297,0.0286,battery,gas-cc,0.0,0.0,0.0,0.0,0.0,0.0,0.0,0.0,0.0,0.0,0.0,0.0,0.0,0.0,0.0,0.0,0.0,0.0,188.7,3.6,0.36,22.3,1423.5,0.08,188.9,64.7,253.7,456.3,8.6,0.86,53.9,3443.5,0.2,456.8,156.6,613.4,31.22,0.0,0.0,31.22,32.14,0.0,0.0,32.14,0.0,0.0,0.0,802.2,217.8,584.5,0.0,0.0,0.0,0.0,0.0,0.0,0.0,0.0,0.0,0.0,0.0,0.0,0.0,217.8,0.0
2050-11-10 07:00:00,2050-11-10 05:00:00,1154.7,0.0,0.0,7.6,1162.3,1120.4,1016.2,445.3,107.6,0.0297,0.0302,battery,gas-cc,0.0,0.0,0.0,0.0,0.0,0.0,0.0,0.0,0.0,0.0,0.0,0.0,0.0,0.0,0.0,0.0,0.0,0.0,181.2,3.4,0.34,21.4,1366.9,0.08,181.4,62.2,243.6,457.1,8.6,0.86,54.0,3449.2,0.2,457.6,156.8,614.4,31.22,0.0,0.0,31.22,32.19,0.0,0.0,32.19,0.0,0.0,0.0,824.6,146.1,678.5,0.0,0.0,0.0,0.0,0.0,0.0,0.0,0.0,0.0,0.0,0.0,0.0,0.0,146.1,0.0
2050-11-10 08:00:00,2050-11-10 06:00:00,1283.2,0.0,0.0,10.6,1293.8,1244.8,1082.8,445.3,568.8,0.0299,0.0336,battery,gas-cc,0.0,0.0,0.0,0.0,0.0,0.0,0.0,0.0,0.0,0.0,0.0,0.0,0.0,0.0,0.0,0.0,0.0,0.0,172.7,3.3,0.33,20.4,1302.7,0.08,172.9,59.2,232.2,458.7,8.6,0.86,54.2,3461.2,0.2,459.2,157.4,616.6,31.22,0.0,0.0,31.22,32.3,0.0,0.0,32.3,0.0,0.0,0.0,1417.2,211.0,1206.2,0.0,0.0,0.0,0.0,1.3,0.0,0.0,0.0,0.0,0.0,0.0,0.0,29.1,180.6,0.0
2050-11-10 09:00:00,2050-11-10 07:00:00,1368.4,2431.9,0.0,9.8,3810.1,1327.1,6.9,445.3,438.4,0.0302,0.0358,gas-cc,gas-cc,0.0,0.0,0.0,0.0,0.0,0.0,0.0,0.0,0.0,0.0,0.0,0.0,0.0,0.0,0.0,0.0,0.0,0.0,148.7,2.8,0.28,17.6,1121.3,0.06,148.9,51.0,199.9,364.8,6.9,0.69,43.1,2753.2,0.16,365.2,125.2,490.4,26.26,0.0,0.0,26.26,27.24,0.0,0.0,27.24,0.0,0.0,0.0,3803.2,3803.2,0.0,0.0,0.0,0.0,0.0,151.2,0.0,0.0,0.0,0.0,0.0,0.0,0.0,3431.4,220.5,0.0
2050-11-10 10:00:00,2050-11-10 08:00:00,1497.9,3406.0,0.0,10.7,4914.6,1451.7,-1640.0,0.0,1640.0,0.0308,0.0392,upv,upv,0.0,0.0,0.0,0.0,0.0,0.0,0.0,0.0,0.0,0.0,0.0,0.0,0.0,0.0,0.0,0.0,0.0,0.0,167.7,3.2,0.32,19.8,1264.7,0.07,167.9,57.5,225.4,0.0,0.0,0.0,0.0,0.0,0.0,0.0,0.0,0.0,0.0,0.0,0.0,0.0,0.0,0.0,0.0,0.0,212.2,907.6,1119.7,6554.5,6554.5,0.0,0.0,0.0,0.0,0.0,0.0,0.0,0.0,0.0,0.0,0.0,0.0,0.0,6554.5,0.0,0.0
2050-11-10 11:00:00,2050-11-10 09:00:00,1526.3,3948.8,0.0,10.7,5485.7,1479.0,-1640.0,0.0,1640.0,0.031,0.0399,upv,upv,0.0,0.0,0.0,0.0,0.0,0.0,0.0,0.0,0.0,0.0,0.0,0.0,0.0,0.0,0.0,0.0,0.0,0.0,144.1,2.7,0.27,17.0,1086.4,0.06,144.3,49.4,193.7,0.0,0.0,0.0,0.0,0.0,0.0,0.0,0.0,0.0,0.0,0.0,0.0,0.0,0.0,0.0,0.0,0.0,0.0,808.9,808.9,7125.7,7125.7,0.0,0.0,0.0,0.0,0.0,325.0,0.0,0.0,0.0,0.0,0.0,0.0,0.0,6564.5,236.2,0.0
2050-11-10 12:00:00,2050-11-10 10:00:00,1494.7,3435.1,0.0,10.7,4940.5,1448.7,-1640.0,0.0,1640.0,0.0308,0.0391,upv,upv,0.0,0.0,0.0,0.0,0.0,0.0,0.0,0.0,0.0,0.0,0.0,0.0,0.0,0.0,0.0,0.0,0.0,0.0,147.3,2.8,0.28,17.4,1110.3,0.06,147.4,50.5,197.9,0.0,0.0,0.0,0.0,0.0,0.0,0.0,0.0,0.0,0.0,0.0,0.0,0.0,0.0,0.0,0.0,0.0,0.0,1311.5,1311.5,6580.5,6580.5,0.0,0.0,0.0,0.0,0.0,322.1,0.0,0.0,0.0,0.0,0.0,0.0,0.0,5997.3,261.1,0.0
2050-11-10 13:00:00,2050-11-10 11:00:00,1482.1,4019.6,0.0,10.7,5512.3,1436.5,-1640.0,0.0,1640.0,0.0308,0.0388,upv,upv,0.0,0.0,0.0,0.0,0.0,0.0,0.0,0.0,0.0,0.0,0.0,0.0,0.0,0.0,0.0,0.0,0.0,0.0,140.3,2.6,0.27,16.6,1058.0,0.06,140.5,48.1,188.6,0.0,0.0,0.0,0.0,0.0,0.0,0.0,0.0,0.0,0.0,0.0,0.0,0.0,0.0,0.0,0.0,0.0,0.0,472.3,472.3,7152.3,7152.3,0.0,0.0,0.0,0.0,0.0,310.0,0.0,0.0,0.0,0.0,0.0,0.0,0.0,6565.1,277.2,0.0
2050-11-10 14:00:00,2050-11-10 12:00:00,1494.7,3435.1,0.0,10.7,4940.5,1448.7,-1640.0,0.0,1640.0,0.0308,0.0391,upv,upv,0.0,0.0,0.0,0.0,0.0,0.0,0.0,0.0,0.0,0.0,0.0,0.0,0.0,0.0,0.0,0.0,0.0,0.0,153.7,2.9,0.29,18.2,1158.5,0.07,153.8,52.7,206.5,0.0,0.0,0.0,0.0,0.0,0.0,0.0,0.0,0.0,0.0,0.0,0.0,0.0,0.0,0.0,0.0,0.0,0.0,722.2,722.2,6580.5,6580.5,0.0,0.0,0.0,0.0,0.0,296.5,0.0,0.0,0.0,0.0,0.0,0.0,0.0,6005.0,279.0,0.0
2050-11-10 15:00:00,2050-11-10 13:00:00,1515.8,3045.5,0.0,10.7,4571.9,1468.9,-1640.0,0.0,1640.0,0.0309,0.0396,upv,upv,0.0,0.0,0.0,0.0,0.0,0.0,0.0,0.0,0.0,0.0,0.0,0.0,0.0,0.0,0.0,0.0,0.0,0.0,142.6,2.7,0.27,16.9,1075.3,0.06,142.8,48.9,191.7,0.0,0.0,0.0,0.0,0.0,0.0,0.0,0.0,0.0,0.0,0.0,0.0,0.0,0.0,0.0,0.0,0.0,0.0,1387.6,1387.6,6211.9,6211.9,0.0,0.0,0.0,0.0,0.0,308.9,0.0,0.0,0.0,0.0,0.0,0.0,0.0,5623.9,279.0,0.0
2050-11-10 16:00:00,2050-11-10 14:00:00,1521.1,2917.5,0.0,10.7,4449.3,1473.9,-1640.0,0.0,1640.0,0.031,0.0398,upv,upv,0.0,0.0,0.0,0.0,0.0,0.0,0.0,0.0,0.0,0.0,0.0,0.0,0.0,0.0,0.0,0.0,0.0,0.0,139.8,2.6,0.26,16.5,1054.0,0.06,140.0,47.9,187.9,0.0,0.0,0.0,0.0,0.0,0.0,0.0,0.0,0.0,0.0,0.0,0.0,0.0,0.0,0.0,0.0,0.0,0.0,1831.4,1831.4,6089.2,6089.2,0.0,0.0,0.0,0.0,0.0,322.6,0.0,0.0,0.0,0.0,0.0,0.0,0.0,5490.3,276.3,0.0
2050-11-10 17:00:00,2050-11-10 15:00:00,1569.5,2917.5,0.0,10.7,4497.7,1520.4,-1640.0,0.0,1640.0,0.0313,0.041,upv,upv,0.0,0.0,0.0,0.0,0.0,0.0,0.0,0.0,0.0,0.0,0.0,0.0,0.0,0.0,0.0,0.0,0.0,0.0,140.2,2.6,0.27,16.6,1057.3,0.06,140.4,48.1,188.5,0.0,0.0,0.0,0.0,0.0,0.0,0.0,0.0,0.0,0.0,0.0,0.0,0.0,0.0,0.0,0.0,0.0,0.0,460.4,460.4,6137.6,6137.6,0.0,0.0,0.0,0.0,0.0,267.6,0.0,0.0,0.0,0.0,0.0,0.0,0.0,5610.8,259.2,0.0
2050-11-10 18:00:00,2050-11-10 16:00:00,1652.6,0.0,0.0,17.6,1670.2,1600.1,-173.1,445.3,1640.0,0.0318,0.0432,battery,gas-cc,0.0,0.0,0.0,0.0,0.0,0.0,0.0,0.0,0.0,0.0,0.0,0.0,0.0,0.0,0.0,0.0,0.0,0.0,150.9,2.8,0.29,17.8,1137.5,0.07,151.0,51.7,202.8,385.1,7.3,0.73,45.5,2906.2,0.17,385.5,132.1,517.7,31.22,0.0,0.0,31.22,32.63,0.0,0.0,32.63,0.0,0.0,0.0,2864.9,1843.3,1021.5,0.0,0.0,0.0,0.0,67.9,0.0,0.0,0.0,0.0,0.0,0.0,0.0,1540.4,235.0,0.0
2050-11-10 19:00:00,2050-11-10 17:00:00,1754.7,0.0,0.0,17.6,1772.3,1697.6,1533.9,445.3,1640.0,0.0326,0.0459,battery,gas-cc,0.0,0.0,0.0,0.0,0.0,0.0,0.0,0.0,0.0,0.0,0.0,0.0,0.0,0.0,0.0,0.0,0.0,0.0,193.2,3.6,0.36,22.8,1457.6,0.08,193.5,66.3,259.7,386.2,7.3,0.73,45.6,2914.3,0.17,386.6,132.5,519.1,31.22,0.0,0.0,31.22,32.72,0.0,0.0,32.72,0.0,0.0,0.0,2967.0,238.4,2728.5,0.0,0.0,0.0,0.0,0.0,0.0,0.0,0.0,0.0,0.0,0.0,0.0,0.0,238.4,0.0
2050-11-10 20:00:00,2050-11-10 18:00:00,1848.4,0.0,0.0,15.1,1863.5,1786.9,1621.7,445.3,1255.6,0.0333,0.0483,battery,gas-cc,0.0,0.0,0.0,0.0,0.0,0.0,0.0,0.0,0.0,0.0,0.0,0.0,0.0,0.0,0.0,0.0,0.0,0.0,186.7,3.5,0.35,22.1,1408.1,0.08,186.9,64.0,250.9,387.2,7.3,0.73,45.7,2921.8,0.17,387.6,132.9,520.5,31.22,0.0,0.0,31.22,32.8,0.0,0.0,32.8,0.0,0.0,0.0,2673.7,241.8,2431.9,0.0,0.0,0.0,0.0,0.0,0.0,0.0,0.0,0.0,0.0,0.0,0.0,0.0,241.8,0.0
2050-11-10 21:00:00,2050-11-10 19:00:00,1814.7,0.0,0.0,6.9,1821.6,1754.8,1587.1,445.3,0.0,0.033,0.0475,battery,gas-cc,0.0,0.0,0.0,0.0,0.0,0.0,0.0,0.0,0.0,0.0,0.0,0.0,0.0,0.0,0.0,0.0,0.0,0.0,177.8,3.4,0.34,21.0,1341.0,0.08,178.0,61.0,239.0,386.8,7.3,0.73,45.7,2919.1,0.17,387.3,132.7,520.0,31.22,0.0,0.0,31.22,32.77,0.0,0.0,32.77,0.0,0.0,0.0,1376.3,234.6,1141.7,0.0,0.0,0.0,0.0,0.0,0.0,0.0,0.0,0.0,0.0,0.0,0.0,0.0,234.6,0.0
2050-11-10 22:00:00,2050-11-10 20:00:00,1708.4,0.0,0.0,15.4,1723.9,1653.4,1469.7,445.3,1313.5,0.0322,0.0447,battery,gas-cc,0.0,0.0,0.0,0.0,0.0,0.0,0.0,0.0,0.0,0.0,0.0,0.0,0.0,0.0,0.0,0.0,0.0,0.0,190.0,3.6,0.36,22.4,1432.8,0.08,190.2,65.2,255.3,385.7,7.3,0.73,45.6,2910.6,0.17,386.1,132.3,518.5,31.22,0.0,0.0,31.22,32.68,0.0,0.0,32.68,0.0,0.0,0.0,2592.0,254.1,2337.9,0.0,0.0,0.0,0.0,0.0,0.0,0.0,0.0,0.0,0.0,0.0,0.0,0.0,254.1,0.0
2050-11-10 23:00:00,2050-11-10 21:00:00,1621.1,0.0,0.0,6.9,1628.0,1569.8,1379.7,445.3,0.0,0.0316,0.0424,battery,gas-cc,0.0,0.0,0.0,0.0,0.0,0.0,0.0,0.0,0.0,0.0,0.0,0.0,0.0,0.0,0.0,0.0,0.0,0.0,188.7,3.6,0.36,22.3,1423.0,0.08,188.9,64.7,253.6,362.4,6.8,0.68,42.8,2735.0,0.16,362.8,124.4,487.2,31.22,0.0,0.0,31.22,32.6,0.0,0.0,32.6,0.0,0.0,0.0,1182.6,248.3,934.4,0.0,0.0,0.0,0.0,0.0,0.0,0.0,0.0,0.0,0.0,0.0,0.0,0.0,248.3,0.0
2050-11-11 00:00:00,2050-11-10 22:00:00,1505.3,0.0,0.0,16.2,1521.5,1458.8,1253.6,445.3,1428.7,0.0309,0.0394,battery,gas-cc,0.0,0.0,0.0,0.0,0.0,0.0,0.0,0.0,0.0,0.0,0.0,0.0,0.0,0.0,0.0,0.0,0.0,0.0,207.1,3.9,0.39,24.5,1562.2,0.09,207.3,71.0,278.4,383.6,7.2,0.72,45.3,2894.5,0.17,384.0,131.6,515.6,31.0,0.0,0.0,31.0,32.27,0.0,0.0,32.27,0.0,0.0,0.0,2504.9,267.8,2237.1,0.0,0.0,0.0,0.0,0.0,0.0,0.0,0.0,0.0,0.0,0.0,0.0,0.0,267.8,0.0
2050-11-11 01:00:00,2050-11-10 23:00:00,1409.5,0.0,0.0,16.3,1425.8,1366.6,1179.3,445.3,1452.3,0.0304,0.0369,battery,gas-cc,0.0,0.0,0.0,0.0,0.0,0.0,0.0,0.0,0.0,0.0,0.0,0.0,0.0,0.0,0.0,0.0,0.0,0.0,185.9,3.5,0.35,22.0,1402.0,0.08,186.1,63.8,249.8,382.6,7.2,0.72,45.2,2887.0,0.17,383.0,131.3,514.3,31.0,0.0,0.0,31.0,32.19,0.0,0.0,32.19,0.0,0.0,0.0,2432.8,246.5,2186.4,0.0,0.0,0.0,0.0,0.0,0.0,0.0,0.0,0.0,0.0,0.0,0.0,0.0,246.5,0.0
2050-11-11 02:00:00,2050-11-11 00:00:00,1306.3,0.0,0.0,17.6,1323.9,1267.1,1067.4,445.3,1640.0,0.03,0.0342,battery,gas-cc,0.0,0.0,0.0,0.0,0.0,0.0,0.0,0.0,0.0,0.0,0.0,0.0,0.0,0.0,0.0,0.0,0.0,0.0,252.9,4.8,0.48,29.9,1908.0,0.11,253.1,86.8,339.9,381.5,7.2,0.72,45.1,2879.0,0.17,381.9,130.9,512.8,31.0,0.0,0.0,31.0,32.1,0.0,0.0,32.1,0.0,0.0,0.0,2518.5,256.5,2262.1,0.0,0.0,0.0,0.0,0.0,0.0,0.0,0.0,0.0,0.0,0.0,0.0,0.0,256.5,0.0
2050-11-11 03:00:00,2050-11-11 01:00:00,1198.9,0.0,0.0,15.6,1214.5,1163.3,947.1,445.3,1334.3,0.0297,0.0314,battery,gas-cc,0.0,0.0,0.0,0.0,0.0,0.0,0.0,0.0,0.0,0.0,0.0,0.0,0.0,0.0,0.0,0.0,0.0,0.0,197.5,3.7,0.37,23.3,1489.4,0.09,197.7,67.7,265.4,380.4,7.2,0.72,44.9,2870.6,0.16,380.8,130.5,511.3,31.0,0.0,0.0,31.0,32.01,0.0,0.0,32.01,0.0,0.0,0.0,2103.5,267.4,1836.1,0.0,0.0,0.0,0.0,0.0,0.0,0.0,0.0,0.0,0.0,0.0,0.0,0.0,267.4,0.0
2050-11-11 04:00:00,2050-11-11 02:00:00,1144.2,0.0,0.0,16.9,1161.1,1110.2,889.7,445.3,1532.9,0.0297,0.0299,battery,gas-cc,0.0,0.0,0.0,0.0,0.0,0.0,0.0,0.0,0.0,0.0,0.0,0.0,0.0,0.0,0.0,0.0,0.0,0.0,194.4,3.7,0.37,23.0,1466.0,0.08,194.6,66.7,261.2,379.8,7.2,0.72,44.9,2866.4,0.16,380.3,130.3,510.6,31.0,0.0,0.0,31.0,31.96,0.0,0.0,31.96,0.0,0.0,0.0,2248.7,271.4,1977.3,0.0,0.0,0.0,0.0,0.0,0.0,0.0,0.0,0.0,0.0,0.0,0.0,0.0,271.4,0.0
2050-11-11 05:00:00,2050-11-11 03:00:00,1092.6,0.0,0.0,13.8,1106.4,1060.2,875.1,445.3,1057.1,0.0297,0.0286,battery,gas-cc,0.0,0.0,0.0,0.0,0.0,0.0,0.0,0.0,0.0,0.0,0.0,0.0,0.0,0.0,0.0,0.0,0.0,0.0,192.2,3.6,0.36,22.7,1449.9,0.08,192.4,65.9,258.4,379.3,7.1,0.71,44.8,2862.4,0.16,379.7,130.2,509.9,31.0,0.0,0.0,31.0,31.91,0.0,0.0,31.91,0.0,0.0,0.0,1718.2,231.3,1486.9,0.0,0.0,0.0,0.0,0.0,0.0,0.0,0.0,0.0,0.0,0.0,0.0,0.0,231.3,0.0
2050-11-11 06:00:00,2050-11-11 04:00:00,1067.4,0.0,0.0,13.7,1081.1,1035.6,885.1,445.3,1050.6,0.0298,0.0279,gas-cc,gas-cc,0.0,0.0,0.0,0.0,0.0,0.0,0.0,0.0,0.0,0.0,0.0,0.0,0.0,0.0,0.0,0.0,0.0,0.0,215.9,4.1,0.41,25.5,1629.0,0.09,216.2,74.1,290.2,372.8,7.0,0.7,44.0,2813.3,0.16,373.2,127.9,501.1,31.0,0.0,0.0,31.0,31.89,0.0,0.0,31.89,0.0,0.0,0.0,1686.4,196.0,1490.4,0.0,0.0,0.0,0.0,0.0,0.0,0.0,0.0,0.0,0.0,0.0,0.0,0.0,196.0,0.0
2050-11-11 07:00:00,2050-11-11 05:00:00,1069.5,0.0,0.0,11.1,1080.5,1037.7,884.4,445.3,641.7,0.0297,0.028,battery,gas-cc,0.0,0.0,0.0,0.0,0.0,0.0,0.0,0.0,0.0,0.0,0.0,0.0,0.0,0.0,0.0,0.0,0.0,0.0,148.4,2.8,0.28,17.5,1118.8,0.06,148.5,50.9,199.4,379.1,7.1,0.71,44.8,2860.6,0.16,379.5,130.1,509.6,31.0,0.0,0.0,31.0,31.89,0.0,0.0,31.89,0.0,0.0,0.0,1277.0,196.2,1080.8,0.0,0.0,0.0,0.0,0.0,0.0,0.0,0.0,0.0,0.0,0.0,0.0,0.0,196.2,0.0
2050-11-11 08:00:00,2050-11-11 06:00:00,1113.7,0.0,0.0,6.9,1120.6,1080.6,907.1,445.3,0.0,0.0297,0.0291,battery,gas-cc,0.0,0.0,0.0,0.0,0.0,0.0,0.0,0.0,0.0,0.0,0.0,0.0,0.0,0.0,0.0,0.0,0.0,0.0,124.8,2.4,0.24,14.7,941.3,0.05,125.0,42.8,167.8,379.5,7.2,0.72,44.8,2864.0,0.16,379.9,130.2,510.2,31.0,0.0,0.0,31.0,31.93,0.0,0.0,31.93,0.0,0.0,0.0,675.3,213.5,461.8,0.0,0.0,0.0,0.0,1.0,0.0,0.0,0.0,0.0,0.0,0.0,0.0,23.8,188.7,0.0
2050-11-11 09:00:00,2050-11-11 07:00:00,1177.9,2431.9,0.0,11.2,3621.0,1142.9,1103.6,1103.6,0.0,0.0297,0.0308,battery,distpv,0.0,0.0,0.0,0.0,0.0,0.0,0.0,0.0,0.0,0.0,0.0,0.0,0.3,0.6,0.01,0.0,0.3,0.3,139.6,2.6,0.26,16.5,1052.7,0.06,139.8,47.9,187.7,0.0,0.0,0.0,0.0,0.0,0.0,0.0,0.0,0.0,0.03,0.0,0.0,0.03,0.03,0.0,0.0,0.03,0.0,0.0,0.0,2517.4,2517.4,0.0,0.0,0.0,0.0,0.0,99.2,0.0,0.0,0.0,0.0,0.0,0.0,0.0,2250.5,167.7,0.0
2050-11-11 10:00:00,2050-11-11 08:00:00,1288.4,3663.9,0.0,6.8,4959.1,1249.9,-1046.3,0.0,1046.3,0.0299,0.0337,upv,upv,0.0,0.0,0.0,0.0,0.0,0.0,0.0,0.0,0.0,0.0,0.0,0.0,0.0,0.0,0.0,0.0,0.0,0.0,139.7,2.6,0.26,16.5,1053.0,0.06,139.8,47.9,187.7,0.0,0.0,0.0,0.0,0.0,0.0,0.0,0.0,0.0,0.0,0.0,0.0,0.0,0.0,0.0,0.0,0.0,0.0,553.1,553.1,6005.4,6005.4,0.0,0.0,0.0,0.0,0.0,271.2,0.0,0.0,0.0,0.0,0.0,0.0,0.0,5602.2,132.0,0.0
2050-11-11 11:00:00,2050-11-11 09:00:00,1355.8,3824.8,0.0,0.8,5181.3,1314.9,-116.0,0.0,116.0,0.0302,0.0355,upv,upv,0.0,0.0,0.0,0.0,0.0,0.0,0.0,0.0,0.0,0.0,0.0,0.0,0.0,0.0,0.0,0.0,0.0,0.0,139.7,2.6,0.26,16.5,1053.1,0.06,139.8,47.9,187.8,0.0,0.0,0.0,0.0,0.0,0.0,0.0,0.0,0.0,0.0,0.0,0.0,0.0,0.0,0.0,0.0,0.0,0.0,3051.7,3051.7,5297.3,5297.3,0.0,0.0,0.0,0.0,0.0,346.8,0.0,0.0,0.0,0.0,0.0,0.0,0.0,4819.3,131.2,0.0
2050-11-11 12:00:00,2050-11-11 10:00:00,1389.5,3435.1,0.0,10.7,4835.2,1347.4,-1640.0,0.0,1640.0,0.0303,0.0363,upv,upv,0.0,0.0,0.0,0.0,0.0,0.0,0.0,0.0,0.0,0.0,0.0,0.0,0.0,0.0,0.0,0.0,0.0,0.0,139.7,2.6,0.26,16.5,1053.3,0.06,139.9,47.9,187.8,0.0,0.0,0.0,0.0,0.0,0.0,0.0,0.0,0.0,0.0,0.0,0.0,0.0,0.0,0.0,0.0,0.0,155.0,2174.4,2329.5,6475.2,6475.2,0.0,0.0,0.0,0.0,0.0,365.0,0.0,0.0,0.0,0.0,0.0,0.0,0.0,6110.2,0.0,0.0
2050-11-11 13:00:00,2050-11-11 11:00:00,1414.7,3211.2,0.0,10.7,4636.6,1371.7,-1640.0,0.0,1640.0,0.0304,0.037,upv,upv,0.0,0.0,0.0,0.0,0.0,0.0,0.0,0.0,0.0,0.0,0.0,0.0,0.0,0.0,0.0,0.0,0.0,0.0,139.7,2.6,0.26,16.5,1053.5,0.06,139.9,47.9,187.8,0.0,0.0,0.0,0.0,0.0,0.0,0.0,0.0,0.0,0.0,0.0,0.0,0.0,0.0,0.0,0.0,0.0,165.4,2373.1,2538.5,6276.6,6276.6,0.0,0.0,0.0,0.0,0.0,365.0,0.0,0.0,0.0,0.0,0.0,0.0,0.0,5911.5,0.0,0.0
2050-11-11 14:00:00,2050-11-11 12:00:00,1453.7,3240.3,0.0,10.7,4704.6,1409.2,-1640.0,0.0,1640.0,0.0306,0.038,upv,upv,0.0,0.0,0.0,0.0,0.0,0.0,0.0,0.0,0.0,0.0,0.0,0.0,0.0,0.0,0.0,0.0,0.0,0.0,153.0,2.9,0.29,18.1,1153.9,0.07,153.2,52.5,205.7,0.0,0.0,0.0,0.0,0.0,0.0,0.0,0.0,0.0,0.0,0.0,0.0,0.0,0.0,0.0,0.0,0.0,165.4,2433.4,2598.8,6344.6,6344.6,0.0,0.0,0.0,0.0,0.0,370.6,0.0,0.0,0.0,0.0,0.0,0.0,0.0,5974.0,0.0,0.0
2050-11-11 15:00:00,2050-11-11 13:00:00,1474.7,3207.3,0.0,10.7,4692.7,1429.4,-1640.0,0.0,1640.0,0.0307,0.0386,upv,upv,0.0,0.0,0.0,0.0,0.0,0.0,0.0,0.0,0.0,0.0,0.0,0.0,0.0,0.0,0.0,0.0,0.0,0.0,139.8,2.6,0.26,16.5,1053.7,0.06,139.9,47.9,187.9,0.0,0.0,0.0,0.0,0.0,0.0,0.0,0.0,0.0,0.0,0.0,0.0,0.0,0.0,0.0,0.0,0.0,0.0,2950.4,2950.4,6332.7,6332.7,0.0,0.0,0.0,0.0,0.0,383.6,0.0,0.0,0.0,0.0,0.0,0.0,0.0,5754.3,194.8,0.0
2050-11-11 16:00:00,2050-11-11 14:00:00,1482.1,3364.3,0.0,10.7,4857.1,1436.5,-1640.0,0.0,1640.0,0.0308,0.0388,upv,upv,0.0,0.0,0.0,0.0,0.0,0.0,0.0,0.0,0.0,0.0,0.0,0.0,0.0,0.0,0.0,0.0,0.0,0.0,139.8,2.6,0.26,16.5,1053.8,0.06,139.9,47.9,187.9,0.0,0.0,0.0,0.0,0.0,0.0,0.0,0.0,0.0,0.0,0.0,0.0,0.0,0.0,0.0,0.0,0.0,239.5,2726.3,2965.8,6497.0,6497.0,0.0,0.0,0.0,0.0,0.0,389.4,0.0,0.0,0.0,0.0,0.0,0.0,0.0,6107.6,0.0,0.0
2050-11-11 17:00:00,2050-11-11 15:00:00,1512.6,3178.2,0.0,10.7,4701.5,1465.9,-1640.0,0.0,1640.0,0.0309,0.0396,upv,upv,0.0,0.0,0.0,0.0,0.0,0.0,0.0,0.0,0.0,0.0,0.0,0.0,0.0,0.0,0.0,0.0,0.0,0.0,145.6,2.7,0.28,17.2,1097.5,0.06,145.7,49.9,195.6,0.0,0.0,0.0,0.0,0.0,0.0,0.0,0.0,0.0,0.0,0.0,0.0,0.0,0.0,0.0,0.0,0.0,245.9,688.8,934.7,6341.5,6341.5,0.0,0.0,0.0,0.0,0.0,296.7,0.0,0.0,0.0,0.0,0.0,0.0,0.0,6044.9,0.0,0.0
2050-11-11 18:00:00,2050-11-11 16:00:00,1562.1,0.0,0.0,11.6,1573.7,1513.3,-188.9,445.3,728.3,0.0312,0.0409,battery,gas-cc,0.0,0.0,0.0,0.0,0.0,0.0,0.0,0.0,0.0,0.0,0.0,0.0,0.0,0.0,0.0,0.0,0.0,0.0,151.4,2.9,0.29,17.9,1141.3,0.07,151.5,51.9,203.5,371.7,7.0,0.7,43.9,2805.1,0.16,372.1,127.5,499.7,28.85,0.0,0.0,28.85,30.08,0.0,0.0,30.08,0.0,0.0,0.0,1856.7,1762.7,94.0,0.0,0.0,0.0,0.0,64.3,0.0,0.0,0.0,0.0,0.0,0.0,0.0,1459.7,238.7,0.0
2050-11-11 19:00:00,2050-11-11 17:00:00,1647.4,0.0,0.0,7.4,1654.7,1595.0,1440.9,445.3,72.5,0.0318,0.0431,battery,gas-cc,0.0,0.0,0.0,0.0,0.0,0.0,0.0,0.0,0.0,0.0,0.0,0.0,0.0,0.0,0.0,0.0,0.0,0.0,154.0,2.9,0.29,18.2,1161.0,0.07,154.2,52.8,207.0,437.2,8.2,0.82,51.6,3299.1,0.19,437.7,150.0,587.7,28.85,0.0,0.0,28.85,30.15,0.0,0.0,30.15,0.0,0.0,0.0,1281.9,213.8,1068.1,0.0,0.0,0.0,0.0,0.0,0.0,0.0,0.0,0.0,0.0,0.0,0.0,0.0,213.8,0.0
2050-11-11 20:00:00,2050-11-11 18:00:00,1716.8,0.0,0.0,14.2,1731.0,1661.4,1532.9,445.3,1117.8,0.0323,0.0449,battery,gas-cc,0.0,0.0,0.0,0.0,0.0,0.0,0.0,0.0,0.0,0.0,0.0,0.0,0.0,0.0,0.0,0.0,0.0,0.0,153.3,2.9,0.29,18.1,1155.6,0.07,153.4,52.6,206.0,375.2,7.1,0.71,44.3,2831.4,0.16,375.6,128.7,504.4,28.85,0.0,0.0,28.85,30.21,0.0,0.0,30.21,0.0,0.0,0.0,2403.5,198.1,2205.4,0.0,0.0,0.0,0.0,0.0,0.0,0.0,0.0,0.0,0.0,0.0,0.0,0.0,198.1,0.0
2050-11-11 21:00:00,2050-11-11 19:00:00,1695.8,0.0,0.0,17.6,1713.4,1641.3,1543.7,445.3,1640.0,0.0321,0.0443,battery,gas-cc,0.0,0.0,0.0,0.0,0.0,0.0,0.0,0.0,0.0,0.0,0.0,0.0,0.0,0.0,0.0,0.0,0.0,0.0,150.9,2.8,0.29,17.8,1137.8,0.07,151.1,51.8,202.8,375.0,7.1,0.71,44.3,2829.8,0.16,375.4,128.7,504.1,28.85,0.0,0.0,28.85,30.19,0.0,0.0,30.19,0.0,0.0,0.0,2908.0,169.7,2738.4,0.0,0.0,0.0,0.0,0.0,0.0,0.0,0.0,0.0,0.0,0.0,0.0,0.0,169.7,0.0
2050-11-11 22:00:00,2050-11-11 20:00:00,1654.7,0.0,0.0,17.1,1671.9,1602.1,1504.3,416.7,1640.0,0.0318,0.0433,battery,gas-cc,0.0,0.0,0.0,0.0,0.0,0.0,0.0,0.0,0.0,0.0,0.0,0.0,0.0,0.0,0.0,0.0,0.0,0.0,152.8,2.9,0.29,18.0,1151.7,0.07,152.9,52.4,205.3,374.6,7.1,0.71,44.2,2826.6,0.16,375.0,128.5,503.5,28.85,0.0,0.0,28.85,30.16,0.0,0.0,30.16,0.0,0.0,0.0,2895.1,167.6,2727.5,0.0,0.0,0.0,0.0,0.0,0.0,0.0,0.0,0.0,0.0,0.0,0.0,0.0,167.6,0.0
2050-11-11 23:00:00,2050-11-11 21:00:00,1592.6,0.0,0.0,10.5,1603.1,1542.6,1455.6,445.3,548.3,0.0314,0.0416,battery,gas-cc,0.0,0.0,0.0,0.0,0.0,0.0,0.0,0.0,0.0,0.0,0.0,0.0,0.0,0.0,0.0,0.0,0.0,0.0,153.9,2.9,0.29,18.2,1160.5,0.07,154.1,52.8,206.9,373.9,7.0,0.7,44.2,2821.8,0.16,374.3,128.3,502.7,28.85,0.0,0.0,28.85,30.11,0.0,0.0,30.11,0.0,0.0,0.0,1706.1,147.5,1558.6,0.0,0.0,0.0,0.0,0.0,0.0,0.0,0.0,0.0,0.0,0.0,0.0,0.0,147.5,0.0
2050-11-12 00:00:00,2050-11-11 22:00:00,1510.5,0.0,0.0,13.0,1523.5,1463.8,1404.3,384.1,1085.2,0.0309,0.0395,battery,gas-cc,0.0,0.0,0.0,0.0,0.0,0.0,0.0,0.0,0.0,0.0,0.0,0.0,0.0,0.0,0.0,0.0,0.0,0.0,156.5,3.0,0.3,18.5,1180.1,0.07,156.7,53.7,210.4,443.6,8.4,0.84,52.4,3347.3,0.19,444.1,152.2,596.3,30.16,0.0,0.0,30.16,31.4,0.0,0.0,31.4,0.0,0.0,0.0,2224.6,119.2,2105.4,0.0,0.0,0.0,0.0,0.0,0.0,0.0,0.0,0.0,0.0,0.0,0.0,0.0,119.2,0.0
2050-11-12 01:00:00,2050-11-11 23:00:00,1407.4,0.0,0.0,17.6,1424.9,1364.6,1358.0,445.3,1640.0,0.0304,0.0368,battery,gas-cc,0.0,0.0,0.0,0.0,0.0,0.0,0.0,0.0,0.0,0.0,0.0,0.0,0.0,0.0,0.0,0.0,0.0,0.0,161.1,3.0,0.3,19.0,1214.5,0.07,161.2,55.2,216.5,358.0,6.7,0.67,42.3,2701.2,0.16,358.3,122.8,481.2,30.16,0.0,0.0,30.16,31.31,0.0,0.0,31.31,0.0,0.0,0.0,2619.6,66.9,2552.7,0.0,0.0,0.0,0.0,0.0,0.0,0.0,0.0,0.0,0.0,0.0,0.0,0.0,66.9,0.0
2050-11-12 02:00:00,2050-11-12 00:00:00,1304.2,0.0,0.0,12.2,1316.4,1265.1,1270.3,445.3,813.8,0.03,0.0341,battery,gas-cc,0.0,0.0,0.0,0.0,0.0,0.0,0.0,0.0,0.0,0.0,0.0,0.0,0.0,0.0,0.0,0.0,0.0,0.0,155.3,2.9,0.29,18.3,1170.7,0.07,155.4,53.3,208.7,357.0,6.7,0.67,42.2,2693.7,0.15,357.3,122.5,479.8,30.16,0.0,0.0,30.16,31.23,0.0,0.0,31.23,0.0,0.0,0.0,1684.9,46.1,1638.8,0.0,0.0,0.0,0.0,0.0,0.0,0.0,0.0,0.0,0.0,0.0,0.0,0.0,46.1,0.0
2050-11-12 03:00:00,2050-11-12 01:00:00,1216.8,0.0,0.0,13.1,1229.9,1180.6,1182.5,445.3,948.0,0.0298,0.0318,battery,gas-cc,0.0,0.0,0.0,0.0,0.0,0.0,0.0,0.0,0.0,0.0,0.0,0.0,0.0,0.0,0.0,0.0,0.0,0.0,159.0,3.0,0.3,18.8,1198.7,0.07,159.1,54.5,213.7,356.1,6.7,0.67,42.1,2687.3,0.15,356.5,122.2,478.7,30.16,0.0,0.0,30.16,31.15,0.0,0.0,31.15,0.0,0.0,0.0,1732.6,47.4,1685.2,0.0,0.0,0.0,0.0,0.0,0.0,0.0,0.0,0.0,0.0,0.0,0.0,0.0,47.4,0.0
2050-11-12 04:00:00,2050-11-12 02:00:00,1156.8,0.0,0.0,8.6,1165.4,1122.5,1128.9,445.3,259.0,0.0297,0.0303,phs,gas-cc,0.0,0.0,0.0,0.0,0.0,0.0,0.0,0.0,0.0,0.0,0.0,0.0,0.0,0.0,0.0,0.0,0.0,0.0,160.1,3.0,0.3,18.9,1207.3,0.07,160.3,54.9,215.2,356.8,6.7,0.67,42.1,2692.5,0.15,357.2,122.4,479.6,30.16,0.0,0.0,30.16,31.1,0.0,0.0,31.1,0.0,0.0,0.0,979.2,36.6,942.6,0.0,0.0,0.0,0.0,0.0,0.0,0.0,0.0,0.0,0.0,0.0,0.0,0.0,36.6,0.0
2050-11-12 05:00:00,2050-11-12 03:00:00,1115.8,0.0,0.0,8.7,1124.5,1082.7,1099.1,329.9,555.8,0.0297,0.0292,battery,gas-cc,0.0,0.0,0.0,0.0,0.0,0.0,0.0,0.0,0.0,0.0,0.0,0.0,0.0,0.0,0.0,0.0,0.0,0.0,151.6,2.9,0.29,17.9,1143.2,0.07,151.8,52.0,203.8,355.1,6.7,0.67,42.0,2680.0,0.15,355.5,121.9,477.4,30.16,0.0,0.0,30.16,31.07,0.0,0.0,31.07,0.0,0.0,0.0,1350.5,25.4,1325.1,0.0,0.0,0.0,0.0,0.0,0.0,0.0,0.0,0.0,0.0,0.0,0.0,0.0,25.4,0.0
2050-11-12 06:00:00,2050-11-12 04:00:00,1103.2,0.0,0.0,12.2,1115.4,1070.4,1086.0,445.3,820.2,0.0297,0.0288,battery,gas-cc,0.0,0.0,0.0,0.0,0.0,0.0,0.0,0.0,0.0,0.0,0.0,0.0,0.0,0.0,0.0,0.0,0.0,0.0,152.0,2.9,0.29,18.0,1145.6,0.07,152.1,52.1,204.2,355.0,6.7,0.67,41.9,2679.1,0.15,355.4,121.8,477.2,30.16,0.0,0.0,30.16,31.06,0.0,0.0,31.06,0.0,0.0,0.0,1490.2,29.4,1460.9,0.0,0.0,0.0,0.0,0.0,0.0,0.0,0.0,0.0,0.0,0.0,0.0,0.0,29.4,0.0
2050-11-12 07:00:00,2050-11-12 05:00:00,1108.4,0.0,0.0,1.9,1110.3,1075.5,1073.6,121.8,0.0,0.0297,0.029,battery,gas-cc,0.0,0.0,0.0,0.0,0.0,0.0,0.0,0.0,0.0,0.0,0.0,0.0,0.0,0.0,0.0,0.0,0.0,0.0,153.2,2.9,0.29,18.1,1155.3,0.07,153.4,52.6,206.0,355.1,6.7,0.67,41.9,2679.5,0.15,355.5,121.8,477.3,30.16,0.0,0.0,30.16,31.06,0.0,0.0,31.06,0.0,0.0,0.0,988.5,36.7,951.8,0.0,0.0,0.0,0.0,0.0,0.0,0.0,0.0,0.0,0.0,0.0,0.0,0.0,36.7,0.0
2050-11-12 08:00:00,2050-11-12 06:00:00,1152.6,0.0,0.0,9.4,1162.0,1118.4,1026.1,445.3,377.2,0.0297,0.0301,battery,gas-cc,0.0,0.0,0.0,0.0,0.0,0.0,0.0,0.0,0.0,0.0,0.0,0.0,0.0,0.0,0.0,0.0,0.0,0.0,176.9,3.3,0.33,20.9,1334.1,0.08,177.1,60.7,237.8,439.3,8.3,0.83,51.9,3315.0,0.19,439.8,150.7,590.5,30.16,0.0,0.0,30.16,31.1,0.0,0.0,31.1,0.0,0.0,0.0,1093.9,135.9,958.0,0.0,0.0,0.0,0.0,3.9,0.0,0.0,0.0,0.0,0.0,0.0,0.0,88.7,43.3,0.0
2050-11-12 09:00:00,2050-11-12 07:00:00,1242.1,2431.9,0.0,9.0,3683.0,1205.1,-1377.1,0.0,1377.1,0.0298,0.0325,upv,upv,0.0,0.0,0.0,0.0,0.0,0.0,0.0,0.0,0.0,0.0,0.0,0.0,0.0,0.0,0.0,0.0,0.0,0.0,139.6,2.6,0.26,16.5,1052.8,0.06,139.8,47.9,187.7,0.0,0.0,0.0,0.0,0.0,0.0,0.0,0.0,0.0,0.0,0.0,0.0,0.0,0.0,0.0,0.0,0.0,45.9,735.7,781.6,5060.1,5060.1,0.0,0.0,0.0,0.0,0.0,244.7,0.0,0.0,0.0,0.0,0.0,0.0,0.0,4815.4,0.0,0.0
2050-11-12 10:00:00,2050-11-12 08:00:00,1337.9,3016.4,0.0,0.0,4354.3,1297.6,-0.0,0.0,0.0,0.0301,0.035,upv,upv,0.0,0.0,0.0,0.0,0.0,0.0,0.0,0.0,0.0,0.0,0.0,0.0,0.0,0.0,0.0,0.0,0.0,0.0,139.7,2.6,0.26,16.5,1053.1,0.06,139.8,47.9,187.7,0.0,0.0,0.0,0.0,0.0,0.0,0.0,0.0,0.0,0.0,0.0,0.0,0.0,0.0,0.0,0.0,0.0,0.0,5214.4,5214.4,4354.3,4354.3,0.0,0.0,0.0,0.0,0.0,402.4,0.0,0.0,0.0,0.0,0.0,0.0,0.0,3916.7,35.1,0.0
2050-11-12 11:00:00,2050-11-12 09:00:00,1396.8,3629.9,0.0,0.0,5026.8,1354.5,0.0,0.0,0.0,0.0303,0.0365,upv,upv,0.0,0.0,0.0,0.0,0.0,0.0,0.0,0.0,0.0,0.0,0.0,0.0,0.0,0.0,0.0,0.0,0.0,0.0,139.7,2.6,0.26,16.5,1053.3,0.06,139.9,47.9,187.8,0.0,0.0,0.0,0.0,0.0,0.0,0.0,0.0,0.0,0.0,0.0,0.0,0.0,0.0,0.0,0.0,0.0,0.0,4699.3,4699.3,5026.8,5026.8,0.0,0.0,0.0,0.0,0.0,408.9,0.0,0.0,0.0,0.0,0.0,0.0,0.0,4580.5,37.4,0.0
2050-11-12 12:00:00,2050-11-12 10:00:00,1425.3,3207.3,0.0,0.0,4632.6,1381.8,-0.0,0.0,0.0,0.0305,0.0373,upv,upv,0.0,0.0,0.0,0.0,0.0,0.0,0.0,0.0,0.0,0.0,0.0,0.0,0.0,0.0,0.0,0.0,0.0,0.0,139.7,2.6,0.26,16.5,1053.5,0.06,139.9,47.9,187.8,0.0,0.0,0.0,0.0,0.0,0.0,0.0,0.0,0.0,0.0,0.0,0.0,0.0,0.0,0.0,0.0,0.0,0.0,4527.7,4527.7,4632.6,4632.6,0.0,0.0,0.0,0.0,0.0,385.1,0.0,0.0,0.0,0.0,0.0,0.0,0.0,4209.2,38.3,0.0
2050-11-12 13:00:00,2050-11-12 11:00:00,1435.8,4019.6,0.0,0.0,5455.4,1392.0,0.0,0.0,0.0,0.0305,0.0375,upv,upv,0.0,0.0,0.0,0.0,0.0,0.0,0.0,0.0,0.0,0.0,0.0,0.0,0.0,0.0,0.0,0.0,0.0,0.0,139.8,2.6,0.26,16.5,1053.6,0.06,139.9,47.9,187.8,0.0,0.0,0.0,0.0,0.0,0.0,0.0,0.0,0.0,0.0,0.0,0.0,0.0,0.0,0.0,0.0,0.0,0.0,3357.6,3357.6,5455.4,5455.4,0.0,0.0,0.0,0.0,0.0,370.6,0.0,0.0,0.0,0.0,0.0,0.0,0.0,5049.8,34.9,0.0
2050-11-12 14:00:00,2050-11-12 12:00:00,1478.9,3430.2,0.0,0.0,4909.1,1433.5,-0.0,0.0,0.0,0.0307,0.0387,upv,upv,0.0,0.0,0.0,0.0,0.0,0.0,0.0,0.0,0.0,0.0,0.0,0.0,0.0,0.0,0.0,0.0,0.0,0.0,139.9,2.6,0.26,16.5,1054.8,0.06,140.1,48.0,188.1,0.0,0.0,0.0,0.0,0.0,0.0,0.0,0.0,0.0,0.0,0.0,0.0,0.0,0.0,0.0,0.0,0.0,0.0,4062.6,4062.6,4909.1,4909.1,0.0,0.0,0.0,0.0,0.0,377.1,0.0,0.0,0.0,0.0,0.0,0.0,0.0,4499.9,32.1,0.0
2050-11-12 15:00:00,2050-11-12 13:00:00,1494.7,3336.3,0.0,0.0,4831.0,1448.7,0.0,0.0,0.0,0.0308,0.0391,upv,upv,0.0,0.0,0.0,0.0,0.0,0.0,0.0,0.0,0.0,0.0,0.0,0.0,0.0,0.0,0.0,0.0,0.0,0.0,139.9,2.6,0.26,16.5,1054.5,0.06,140.0,48.0,188.0,0.0,0.0,0.0,0.0,0.0,0.0,0.0,0.0,0.0,0.0,0.0,0.0,0.0,0.0,0.0,0.0,0.0,0.0,4595.4,4595.4,4831.0,4831.0,0.0,0.0,0.0,0.0,0.0,396.3,0.0,0.0,0.0,0.0,0.0,0.0,0.0,4400.0,34.7,0.0
2050-11-12 16:00:00,2050-11-12 14:00:00,1503.2,3891.7,0.0,0.0,5394.8,1456.8,0.0,0.0,0.0,0.0309,0.0393,upv,upv,0.0,0.0,0.0,0.0,0.0,0.0,0.0,0.0,0.0,0.0,0.0,0.0,0.0,0.0,0.0,0.0,0.0,0.0,144.7,2.7,0.27,17.1,1091.0,0.06,144.9,49.6,194.5,0.0,0.0,0.0,0.0,0.0,0.0,0.0,0.0,0.0,0.0,0.0,0.0,0.0,0.0,0.0,0.0,0.0,0.0,4243.9,4243.9,5394.8,5394.8,0.0,0.0,0.0,0.0,0.0,405.3,0.0,0.0,0.0,0.0,0.0,0.0,0.0,4951.9,37.6,0.0
2050-11-12 17:00:00,2050-11-12 15:00:00,1528.4,2593.8,0.0,0.0,4122.2,1481.0,0.0,0.0,0.0,0.031,0.04,upv,upv,0.0,0.0,0.0,0.0,0.0,0.0,0.0,0.0,0.0,0.0,0.0,0.0,0.0,0.0,0.0,0.0,0.0,0.0,139.8,2.6,0.26,16.5,1054.1,0.06,140.0,47.9,187.9,0.0,0.0,0.0,0.0,0.0,0.0,0.0,0.0,0.0,0.0,0.0,0.0,0.0,0.0,0.0,0.0,0.0,0.0,3822.0,3822.0,4122.2,4122.2,0.0,0.0,0.0,0.0,0.0,333.5,0.0,0.0,0.0,0.0,0.0,0.0,0.0,3745.3,43.4,0.0
2050-11-12 18:00:00,2050-11-12 16:00:00,1587.4,0.0,0.0,1.9,1589.3,1537.6,-299.5,0.0,299.5,0.0314,0.0415,battery,gas-cc,0.0,0.0,0.0,0.0,0.0,0.0,0.0,0.0,0.0,0.0,0.0,0.0,0.0,0.0,0.0,0.0,0.0,0.0,143.2,2.7,0.27,16.9,1079.4,0.06,143.3,49.1,192.4,452.1,8.5,0.85,53.4,3411.5,0.2,452.6,155.1,607.7,30.16,0.0,0.0,30.16,31.47,0.0,0.0,31.47,0.0,0.0,0.0,1888.8,1888.8,0.0,0.0,0.0,0.0,0.0,77.2,0.0,0.0,0.0,0.0,0.0,0.0,0.0,1751.3,60.4,0.0
2050-11-12 19:00:00,2050-11-12 17:00:00,1685.3,0.0,0.0,0.2,1685.4,1631.3,1596.8,0.0,24.9,0.032,0.0441,battery,gas-cc,0.0,0.0,0.0,0.0,0.0,0.0,0.0,0.0,0.0,0.0,0.0,0.0,0.0,0.0,0.0,0.0,0.0,0.0,149.1,2.8,0.28,17.6,1123.9,0.06,149.2,51.1,200.4,360.7,6.8,0.68,42.6,2721.8,0.16,361.1,123.8,484.8,30.16,0.0,0.0,30.16,31.55,0.0,0.0,31.55,0.0,0.0,0.0,1710.3,88.7,1621.7,0.0,0.0,0.0,0.0,0.0,0.0,0.0,0.0,0.0,0.0,0.0,0.0,0.0,88.7,0.0
2050-11-12 20:00:00,2050-11-12 18:00:00,1765.3,0.0,0.0,0.0,1765.3,1707.7,1640.2,0.0,0.0,0.0326,0.0462,battery,gas-cc,0.0,0.0,0.0,0.0,0.0,0.0,0.0,0.0,0.0,0.0,0.0,0.0,0.0,0.0,0.0,0.0,0.0,0.0,153.5,2.9,0.29,18.1,1157.3,0.07,153.7,52.6,206.3,361.5,6.8,0.68,42.7,2727.7,0.16,361.9,124.0,485.9,30.16,0.0,0.0,30.16,31.62,0.0,0.0,31.62,0.0,0.0,0.0,1765.3,125.1,1640.2,0.0,0.0,0.0,0.0,0.0,0.0,0.0,0.0,0.0,0.0,0.0,0.0,0.0,125.1,0.0
2050-11-12 21:00:00,2050-11-12 19:00:00,1754.7,0.0,0.0,2.4,1757.1,1697.6,1582.5,0.0,365.7,0.0326,0.0459,battery,gas-cc,0.0,0.0,0.0,0.0,0.0,0.0,0.0,0.0,0.0,0.0,0.0,0.0,0.0,0.0,0.0,0.0,0.0,0.0,148.7,2.8,0.28,17.6,1121.3,0.06,148.9,51.0,199.9,446.5,8.4,0.84,52.8,3369.7,0.19,447.0,153.2,600.3,30.16,0.0,0.0,30.16,31.61,0.0,0.0,31.61,0.0,0.0,0.0,2122.8,174.6,1948.2,0.0,0.0,0.0,0.0,0.0,0.0,0.0,0.0,0.0,0.0,0.0,0.0,0.0,174.6,0.0
2050-11-12 22:00:00,2050-11-12 20:00:00,1701.1,0.0,0.0,3.0,1704.1,1646.4,1481.0,0.0,467.3,0.0322,0.0445,battery,gas-cc,0.0,0.0,0.0,0.0,0.0,0.0,0.0,0.0,0.0,0.0,0.0,0.0,0.0,0.0,0.0,0.0,0.0,0.0,149.9,2.8,0.28,17.7,1130.0,0.07,150.0,51.4,201.4,445.9,8.4,0.84,52.7,3364.8,0.19,446.4,153.0,599.4,30.16,0.0,0.0,30.16,31.57,0.0,0.0,31.57,0.0,0.0,0.0,2171.3,223.1,1948.2,0.0,0.0,0.0,0.0,0.0,0.0,0.0,0.0,0.0,0.0,0.0,0.0,0.0,223.1,0.0
2050-11-12 23:00:00,2050-11-12 21:00:00,1642.1,0.0,0.0,3.4,1645.5,1590.0,1421.1,0.0,527.2,0.0317,0.0429,battery,gas-cc,0.0,0.0,0.0,0.0,0.0,0.0,0.0,0.0,0.0,0.0,0.0,0.0,0.0,0.0,0.0,0.0,0.0,0.0,150.5,2.8,0.28,17.8,1134.5,0.07,150.6,51.6,202.2,445.2,8.4,0.84,52.6,3359.4,0.19,445.7,152.8,598.4,30.16,0.0,0.0,30.16,31.51,0.0,0.0,31.51,0.0,0.0,0.0,2172.7,224.5,1948.2,0.0,0.0,0.0,0.0,0.0,0.0,0.0,0.0,0.0,0.0,0.0,0.0,0.0,224.5,0.0
2050-11-13 00:00:00,2050-11-12 22:00:00,1553.7,0.0,0.0,7.3,1561.0,1505.3,1377.8,0.0,1122.5,0.0312,0.0406,hydro,gas-cc,0.0,0.0,0.0,0.0,0.0,0.0,0.0,0.0,0.0,0.0,0.0,0.0,0.0,0.0,0.0,0.0,0.0,0.0,152.2,2.9,0.29,18.0,1147.6,0.07,152.4,52.2,204.6,366.7,6.9,0.69,43.3,2767.1,0.16,367.1,125.8,492.9,30.16,0.0,0.0,30.16,31.44,0.0,0.0,31.44,0.0,0.0,0.0,2683.5,183.2,2500.3,0.0,0.0,0.0,0.0,0.0,0.0,0.0,0.0,0.0,0.0,0.0,0.0,0.0,183.2,0.0
2050-11-13 01:00:00,2050-11-12 23:00:00,1443.2,0.0,0.0,8.8,1452.0,1399.1,1267.8,0.0,1358.9,0.0306,0.0377,hydro,gas-cc,0.0,0.0,0.0,0.0,0.0,0.0,0.0,0.0,0.0,0.0,0.0,0.0,0.0,0.0,0.0,0.0,0.0,0.0,167.5,3.2,0.32,19.8,1263.2,0.07,167.7,57.5,225.2,359.6,6.8,0.68,42.5,2713.5,0.16,360.0,123.4,483.4,30.16,0.0,0.0,30.16,31.34,0.0,0.0,31.34,0.0,0.0,0.0,2810.9,184.1,2626.7,0.0,0.0,0.0,0.0,0.0,0.0,0.0,0.0,0.0,0.0,0.0,0.0,0.0,184.1,0.0
2050-11-13 02:00:00,2050-11-13 00:00:00,1298.9,0.0,0.0,2.6,1301.6,1260.0,1071.2,0.0,403.6,0.03,0.034,battery,gas-cc,0.0,0.0,0.0,0.0,0.0,0.0,0.0,0.0,0.0,0.0,0.0,0.0,0.0,0.0,0.0,0.0,0.0,0.0,150.7,2.8,0.29,17.8,1136.2,0.07,150.9,51.7,202.5,356.9,6.7,0.67,42.2,2693.3,0.15,357.3,122.5,479.8,30.16,0.0,0.0,30.16,31.22,0.0,0.0,31.22,0.0,0.0,0.0,1705.2,230.3,1474.8,0.0,0.0,0.0,0.0,0.0,0.0,0.0,0.0,0.0,0.0,0.0,0.0,0.0,230.3,0.0
2050-11-13 03:00:00,2050-11-13 01:00:00,1245.3,0.0,0.0,3.3,1248.6,1208.1,995.5,0.0,507.3,0.0298,0.0326,hydro,gas-cc,0.0,0.0,0.0,0.0,0.0,0.0,0.0,0.0,0.0,0.0,0.0,0.0,0.0,0.0,0.0,0.0,0.0,0.0,152.9,2.9,0.29,18.1,1152.6,0.07,153.0,52.4,205.5,363.6,6.9,0.69,43.0,2744.0,0.16,364.0,124.8,488.8,30.16,0.0,0.0,30.16,31.18,0.0,0.0,31.18,0.0,0.0,0.0,1755.9,253.0,1502.8,0.0,0.0,0.0,0.0,0.0,0.0,0.0,0.0,0.0,0.0,0.0,0.0,0.0,253.0,0.0
2050-11-13 04:00:00,2050-11-13 02:00:00,1188.4,0.0,0.0,5.5,1193.9,1153.1,935.8,0.0,849.6,0.0297,0.0311,battery,gas-cc,0.0,0.0,0.0,0.0,0.0,0.0,0.0,0.0,0.0,0.0,0.0,0.0,0.0,0.0,0.0,0.0,0.0,0.0,153.0,2.9,0.29,18.1,1153.3,0.07,153.1,52.5,205.6,355.8,6.7,0.67,42.0,2685.3,0.15,356.2,122.1,478.3,30.16,0.0,0.0,30.16,31.13,0.0,0.0,31.13,0.0,0.0,0.0,2043.6,258.1,1785.5,0.0,0.0,0.0,0.0,0.0,0.0,0.0,0.0,0.0,0.0,0.0,0.0,0.0,258.1,0.0
2050-11-13 05:00:00,2050-11-13 03:00:00,1162.1,0.0,0.0,5.7,1167.8,1127.6,903.4,0.0,879.1,0.0297,0.0304,hydro,gas-cc,0.0,0.0,0.0,0.0,0.0,0.0,0.0,0.0,0.0,0.0,0.0,0.0,0.0,0.0,0.0,0.0,0.0,0.0,148.2,2.8,0.28,17.5,1117.6,0.06,148.4,50.8,199.2,362.6,6.8,0.68,42.8,2736.6,0.16,363.0,124.4,487.5,30.16,0.0,0.0,30.16,31.11,0.0,0.0,31.11,0.0,0.0,0.0,2046.9,264.4,1782.5,0.0,0.0,0.0,0.0,0.0,0.0,0.0,0.0,0.0,0.0,0.0,0.0,0.0,264.4,0.0
2050-11-13 06:00:00,2050-11-13 04:00:00,1167.4,0.0,0.0,4.5,1171.9,1132.7,901.5,0.0,696.1,0.0297,0.0305,hydro,gas-cc,0.0,0.0,0.0,0.0,0.0,0.0,0.0,0.0,0.0,0.0,0.0,0.0,0.0,0.0,0.0,0.0,0.0,0.0,151.7,2.9,0.29,17.9,1143.5,0.07,151.8,52.0,203.8,375.8,7.1,0.71,44.4,2836.0,0.16,376.2,129.0,505.2,30.16,0.0,0.0,30.16,31.11,0.0,0.0,31.11,0.0,0.0,0.0,1868.0,270.4,1597.6,0.0,0.0,0.0,0.0,0.0,0.0,0.0,0.0,0.0,0.0,0.0,0.0,0.0,270.4,0.0
2050-11-13 07:00:00,2050-11-13 05:00:00,1222.1,0.0,0.0,0.9,1223.0,1185.7,947.7,0.0,141.4,0.0298,0.032,battery,gas-cc,0.0,0.0,0.0,0.0,0.0,0.0,0.0,0.0,0.0,0.0,0.0,0.0,0.0,0.0,0.0,0.0,0.0,0.0,149.0,2.8,0.28,17.6,1123.5,0.06,149.2,51.1,200.3,356.2,6.7,0.67,42.1,2687.7,0.15,356.6,122.2,478.8,30.16,0.0,0.0,30.16,31.16,0.0,0.0,31.16,0.0,0.0,0.0,1364.4,275.3,1089.1,0.0,0.0,0.0,0.0,0.0,0.0,0.0,0.0,0.0,0.0,0.0,0.0,0.0,275.3,0.0
2050-11-13 08:00:00,2050-11-13 06:00:00,1343.2,0.0,0.0,1.0,1344.2,1302.7,1008.8,0.0,155.4,0.0301,0.0351,battery,gas-cc,0.0,0.0,0.0,0.0,0.0,0.0,0.0,0.0,0.0,0.0,0.0,0.0,0.0,0.0,0.0,0.0,0.0,0.0,145.4,2.7,0.28,17.2,1096.4,0.06,145.6,49.9,195.5,357.3,6.7,0.67,42.2,2696.5,0.15,357.7,122.6,480.3,30.16,0.0,0.0,30.16,31.26,0.0,0.0,31.26,0.0,0.0,0.0,1499.6,335.3,1164.2,0.0,0.0,0.0,0.0,2.6,0.0,0.0,0.0,0.0,0.0,0.0,0.0,59.6,273.1,0.0
2050-11-13 09:00:00,2050-11-13 07:00:00,1497.9,2431.9,0.0,7.0,3936.8,1451.7,-637.2,129.0,766.2,0.0308,0.0392,wind-ons,wind-ons,0.0,0.0,0.0,0.0,0.0,0.0,0.0,0.0,0.0,0.0,0.0,0.0,0.0,0.0,0.0,0.0,0.0,0.0,139.8,2.6,0.26,16.5,1053.9,0.06,139.9,47.9,187.9,0.0,0.0,0.0,0.0,0.0,0.0,0.0,0.0,0.0,0.02,0.0,0.0,0.02,0.02,0.0,0.0,0.02,0.0,0.0,0.0,4573.9,4573.9,0.0,0.0,0.0,0.0,0.0,181.7,0.0,0.0,0.0,0.0,0.0,0.0,0.0,4122.9,269.3,0.0
2050-11-13 10:00:00,2050-11-13 08:00:00,1642.1,2456.1,0.0,0.0,4098.2,1590.0,0.0,0.0,0.0,0.0317,0.0429,upv,upv,0.0,0.0,0.0,0.0,0.0,0.0,0.0,0.0,0.0,0.0,0.0,0.0,0.0,0.0,0.0,0.0,0.0,0.0,139.9,2.6,0.26,16.5,1054.9,0.06,140.1,48.0,188.1,0.0,0.0,0.0,0.0,0.0,0.0,0.0,0.0,0.0,0.0,0.0,0.0,0.0,0.0,0.0,0.0,0.0,0.0,4171.0,4171.0,4098.2,4098.2,0.0,0.0,0.0,0.0,0.0,338.3,0.0,0.0,0.0,0.0,0.0,0.0,0.0,3506.1,253.7,0.0
2050-11-13 11:00:00,2050-11-13 09:00:00,1654.7,3986.6,0.0,0.0,5641.4,1602.1,0.0,0.0,0.0,0.0318,0.0433,upv,upv,0.0,0.0,0.0,0.0,0.0,0.0,0.0,0.0,0.0,0.0,0.0,0.0,0.0,0.0,0.0,0.0,0.0,0.0,139.9,2.6,0.26,16.5,1055.0,0.06,140.1,48.0,188.1,0.0,0.0,0.0,0.0,0.0,0.0,0.0,0.0,0.0,0.0,0.0,0.0,0.0,0.0,0.0,0.0,0.0,0.0,3201.7,3201.7,5641.4,5641.4,0.0,0.0,0.0,0.0,0.0,362.7,0.0,0.0,0.0,0.0,0.0,0.0,0.0,5031.2,247.4,0.0
2050-11-13 12:00:00,2050-11-13 10:00:00,1595.8,4019.6,0.0,0.0,5615.4,1545.6,0.0,0.0,0.0,0.0314,0.0417,upv,upv,0.0,0.0,0.0,0.0,0.0,0.0,0.0,0.0,0.0,0.0,0.0,0.0,0.0,0.0,0.0,0.0,0.0,0.0,139.9,2.6,0.26,16.5,1054.5,0.06,140.0,48.0,188.0,0.0,0.0,0.0,0.0,0.0,0.0,0.0,0.0,0.0,0.0,0.0,0.0,0.0,0.0,0.0,0.0,0.0,0.0,3401.4,3401.4,5615.4,5615.4,0.0,0.0,0.0,0.0,0.0,370.6,0.0,0.0,0.0,0.0,0.0,0.0,0.0,5012.5,232.3,0.0
2050-11-13 13:00:00,2050-11-13 11:00:00,1526.3,3824.8,0.0,0.0,5351.1,1479.0,0.0,0.0,0.0,0.031,0.0399,upv,upv,0.0,0.0,0.0,0.0,0.0,0.0,0.0,0.0,0.0,0.0,0.0,0.0,0.0,0.0,0.0,0.0,0.0,0.0,139.8,2.6,0.26,16.5,1054.1,0.06,140.0,47.9,187.9,0.0,0.0,0.0,0.0,0.0,0.0,0.0,0.0,0.0,0.0,0.0,0.0,0.0,0.0,0.0,0.0,0.0,0.0,3293.3,3293.3,5351.1,5351.1,0.0,0.0,0.0,0.0,0.0,355.7,0.0,0.0,0.0,0.0,0.0,0.0,0.0,4778.0,217.4,0.0
2050-11-13 14:00:00,2050-11-13 12:00:00,1503.2,4019.6,0.0,0.0,5522.7,1456.8,0.0,0.0,0.0,0.0309,0.0393,upv,upv,0.0,0.0,0.0,0.0,0.0,0.0,0.0,0.0,0.0,0.0,0.0,0.0,0.0,0.0,0.0,0.0,0.0,0.0,139.8,2.6,0.26,16.5,1053.9,0.06,139.9,47.9,187.9,0.0,0.0,0.0,0.0,0.0,0.0,0.0,0.0,0.0,0.0,0.0,0.0,0.0,0.0,0.0,0.0,0.0,0.0,2379.6,2379.6,5522.7,5522.7,0.0,0.0,0.0,0.0,0.0,325.2,0.0,0.0,0.0,0.0,0.0,0.0,0.0,5000.3,197.3,0.0
2050-11-13 15:00:00,2050-11-13 13:00:00,1503.2,3112.4,0.0,0.0,4615.5,1456.8,0.0,0.0,0.0,0.0309,0.0393,upv,upv,0.0,0.0,0.0,0.0,0.0,0.0,0.0,0.0,0.0,0.0,0.0,0.0,0.0,0.0,0.0,0.0,0.0,0.0,139.8,2.6,0.26,16.5,1053.9,0.06,139.9,47.9,187.9,0.0,0.0,0.0,0.0,0.0,0.0,0.0,0.0,0.0,0.0,0.0,0.0,0.0,0.0,0.0,0.0,0.0,178.1,2158.4,2336.5,4615.5,4615.5,0.0,0.0,0.0,0.0,0.0,0.0,0.0,0.0,0.0,0.0,0.0,0.0,0.0,4615.5,0.0,0.0
2050-11-13 16:00:00,2050-11-13 14:00:00,1510.5,3274.2,0.0,0.0,4784.8,1463.8,0.0,0.0,0.0,0.0309,0.0395,upv,upv,0.0,0.0,0.0,0.0,0.0,0.0,0.0,0.0,0.0,0.0,0.0,0.0,0.0,0.0,0.0,0.0,0.0,0.0,139.8,2.6,0.26,16.5,1054.0,0.06,140.0,47.9,187.9,0.0,0.0,0.0,0.0,0.0,0.0,0.0,0.0,0.0,0.0,0.0,0.0,0.0,0.0,0.0,0.0,0.0,0.0,185.1,185.1,4784.8,4784.8,0.0,0.0,0.0,0.0,0.0,203.0,0.0,0.0,0.0,0.0,0.0,0.0,0.0,4422.5,159.3,0.0
2050-11-13 17:00:00,2050-11-13 15:00:00,1553.7,2154.0,0.0,12.1,3719.7,1505.3,1243.2,1243.2,0.0,0.0312,0.0406,battery,gas-cc,0.0,0.0,0.0,0.0,0.0,0.0,0.0,0.0,0.0,0.0,0.0,0.0,0.3,0.8,0.01,0.0,0.3,0.3,151.1,2.9,0.29,17.9,1139.5,0.07,151.3,51.8,203.1,293.1,5.5,0.55,34.6,2211.5,0.13,293.4,100.6,393.9,25.61,0.0,0.0,25.61,26.69,0.0,0.0,26.69,0.0,0.0,0.0,2476.6,2476.6,0.0,0.0,0.0,0.0,0.0,97.8,0.0,0.0,0.0,0.0,0.0,0.0,0.0,2219.8,159.0,0.0
2050-11-13 18:00:00,2050-11-13 16:00:00,1642.1,0.0,0.0,11.8,1653.9,1590.0,1121.1,0.0,1310.8,0.0317,0.0429,battery,gas-cc,0.0,0.0,0.0,0.0,0.0,0.0,0.0,0.0,0.0,0.0,0.0,0.0,0.0,0.0,0.0,0.0,0.0,0.0,165.9,3.1,0.31,19.6,1251.2,0.07,166.1,56.9,223.0,401.4,7.6,0.76,47.4,3029.4,0.17,401.9,137.7,539.6,35.9,0.0,0.0,35.9,37.51,0.0,0.0,37.51,0.0,0.0,0.0,2964.7,532.8,2431.9,0.0,0.0,0.0,0.0,14.3,0.0,0.0,0.0,0.0,0.0,0.0,0.0,325.5,192.9,0.0
2050-11-13 19:00:00,2050-11-13 17:00:00,1786.3,0.0,0.0,1.6,1787.9,1727.7,1555.8,0.0,246.7,0.0328,0.0467,battery,gas-cc,0.0,0.0,0.0,0.0,0.0,0.0,0.0,0.0,0.0,0.0,0.0,0.0,0.0,0.0,0.0,0.0,0.0,0.0,152.7,2.9,0.29,18.0,1151.5,0.07,152.9,52.4,205.3,414.3,7.8,0.78,48.9,3126.6,0.18,414.8,142.2,557.0,35.9,0.0,0.0,35.9,37.66,0.0,0.0,37.66,0.0,0.0,0.0,2034.6,232.1,1802.5,0.0,0.0,0.0,0.0,0.0,0.0,0.0,0.0,0.0,0.0,0.0,0.0,0.0,232.1,0.0
2050-11-13 20:00:00,2050-11-13 18:00:00,1914.7,0.0,0.0,2.5,1917.2,1849.9,1678.7,0.0,381.5,0.0338,0.0501,battery,gas-cc,0.0,0.0,0.0,0.0,0.0,0.0,0.0,0.0,0.0,0.0,0.0,0.0,0.0,0.0,0.0,0.0,0.0,0.0,152.5,2.9,0.29,18.0,1149.9,0.07,152.7,52.3,205.0,386.1,7.3,0.73,45.6,2913.4,0.17,386.5,132.5,519.0,35.9,0.0,0.0,35.9,37.79,0.0,0.0,37.79,0.0,0.0,0.0,2298.7,238.6,2060.1,0.0,0.0,0.0,0.0,0.0,0.0,0.0,0.0,0.0,0.0,0.0,0.0,0.0,238.6,0.0
2050-11-13 21:00:00,2050-11-13 19:00:00,1902.1,0.0,0.0,10.7,1912.8,1837.9,1692.0,0.0,1640.0,0.0337,0.0497,battery,gas-cc,0.0,0.0,0.0,0.0,0.0,0.0,0.0,0.0,0.0,0.0,0.0,0.0,0.0,0.0,0.0,0.0,0.0,0.0,154.0,2.9,0.29,18.2,1161.0,0.07,154.2,52.8,207.0,460.7,8.7,0.87,54.4,3476.2,0.2,461.2,158.1,619.2,35.9,0.0,0.0,35.9,37.78,0.0,0.0,37.78,0.0,0.0,0.0,3552.7,220.8,3332.0,0.0,0.0,0.0,0.0,0.0,0.0,0.0,0.0,0.0,0.0,0.0,0.0,0.0,220.8,0.0
2050-11-13 22:00:00,2050-11-13 20:00:00,1788.4,0.0,0.0,6.8,1795.2,1729.7,1607.3,0.0,1048.5,0.0328,0.0468,battery,gas-cc,0.0,0.0,0.0,0.0,0.0,0.0,0.0,0.0,0.0,0.0,0.0,0.0,0.0,0.0,0.0,0.0,0.0,0.0,169.7,3.2,0.32,20.0,1279.6,0.07,169.9,58.2,228.1,384.7,7.3,0.73,45.5,2903.4,0.17,385.2,132.0,517.2,35.9,0.0,0.0,35.9,37.66,0.0,0.0,37.66,0.0,0.0,0.0,2843.8,188.0,2655.8,0.0,0.0,0.0,0.0,0.0,0.0,0.0,0.0,0.0,0.0,0.0,0.0,0.0,188.0,0.0
2050-11-13 23:00:00,2050-11-13 21:00:00,1695.8,0.0,0.0,0.0,1695.8,1641.3,1544.0,0.0,0.0,0.0321,0.0443,battery,gas-cc,0.0,0.0,0.0,0.0,0.0,0.0,0.0,0.0,0.0,0.0,0.0,0.0,0.0,0.0,0.0,0.0,0.0,0.0,153.5,2.9,0.29,18.1,1157.3,0.07,153.7,52.6,206.3,458.1,8.6,0.86,54.1,3456.6,0.2,458.6,157.2,615.7,35.9,0.0,0.0,35.9,37.56,0.0,0.0,37.56,0.0,0.0,0.0,1695.8,151.7,1544.0,0.0,0.0,0.0,0.0,0.0,0.0,0.0,0.0,0.0,0.0,0.0,0.0,0.0,151.7,0.0
2050-11-14 00:00:00,2050-11-13 22:00:00,1582.1,0.0,0.0,0.0,1582.1,1532.5,1442.7,0.0,0.0,0.0313,0.0414,battery,gas-cc,0.0,0.0,0.0,0.0,0.0,0.0,0.0,0.0,0.0,0.0,0.0,0.0,0.0,0.0,0.0,0.0,0.0,0.0,177.5,3.3,0.34,21.0,1338.4,0.08,177.7,60.9,238.5,378.0,7.1,0.71,44.7,2852.8,0.16,378.4,129.7,508.2,33.36,0.0,0.0,33.36,34.8,0.0,0.0,34.8,0.0,0.0,0.0,1582.1,139.4,1442.7,0.0,0.0,0.0,0.0,0.0,0.0,0.0,0.0,0.0,0.0,0.0,0.0,0.0,139.4,0.0
2050-11-14 01:00:00,2050-11-13 23:00:00,1441.1,0.0,0.0,0.3,1441.3,1397.0,1320.4,0.0,44.3,0.0305,0.0377,battery,gas-cc,0.0,0.0,0.0,0.0,0.0,0.0,0.0,0.0,0.0,0.0,0.0,0.0,0.0,0.0,0.0,0.0,0.0,0.0,156.2,2.9,0.3,18.5,1177.6,0.07,156.4,53.6,209.9,376.6,7.1,0.71,44.5,2841.8,0.16,377.0,129.2,506.2,33.36,0.0,0.0,33.36,34.66,0.0,0.0,34.66,0.0,0.0,0.0,1485.7,120.9,1364.8,0.0,0.0,0.0,0.0,0.0,0.0,0.0,0.0,0.0,0.0,0.0,0.0,0.0,120.9,0.0
2050-11-14 02:00:00,2050-11-14 00:00:00,1314.7,0.0,0.0,2.4,1317.1,1275.3,1197.1,0.0,367.6,0.03,0.0344,battery,gas-cc,0.0,0.0,0.0,0.0,0.0,0.0,0.0,0.0,0.0,0.0,0.0,0.0,0.0,0.0,0.0,0.0,0.0,0.0,176.2,3.3,0.33,20.8,1329.1,0.08,176.4,60.4,236.9,375.3,7.1,0.71,44.3,2832.1,0.16,375.7,128.8,504.5,33.36,0.0,0.0,33.36,34.54,0.0,0.0,34.54,0.0,0.0,0.0,1684.8,120.0,1564.7,0.0,0.0,0.0,0.0,0.0,0.0,0.0,0.0,0.0,0.0,0.0,0.0,0.0,120.0,0.0
2050-11-14 03:00:00,2050-11-14 01:00:00,1236.8,0.0,0.0,0.9,1237.8,1200.0,1140.2,0.0,143.4,0.0298,0.0323,battery,gas-cc,0.0,0.0,0.0,0.0,0.0,0.0,0.0,0.0,0.0,0.0,0.0,0.0,0.0,0.0,0.0,0.0,0.0,0.0,194.5,3.7,0.37,23.0,1467.2,0.08,194.7,66.7,261.4,374.5,7.1,0.71,44.2,2826.1,0.16,374.9,128.5,503.4,33.36,0.0,0.0,33.36,34.47,0.0,0.0,34.47,0.0,0.0,0.0,1381.2,97.5,1283.7,0.0,0.0,0.0,0.0,0.0,0.0,0.0,0.0,0.0,0.0,0.0,0.0,0.0,97.5,0.0
2050-11-14 04:00:00,2050-11-14 02:00:00,1185.3,0.0,0.0,0.0,1185.3,1150.0,1097.5,0.0,0.0,0.0297,0.031,battery,gas-cc,0.0,0.0,0.0,0.0,0.0,0.0,0.0,0.0,0.0,0.0,0.0,0.0,0.0,0.0,0.0,0.0,0.0,0.0,153.0,2.9,0.29,18.1,1153.6,0.07,153.2,52.5,205.7,374.0,7.0,0.7,44.2,2822.2,0.16,374.4,128.3,502.7,33.36,0.0,0.0,33.36,34.42,0.0,0.0,34.42,0.0,0.0,0.0,1185.3,87.8,1097.5,0.0,0.0,0.0,0.0,0.0,0.0,0.0,0.0,0.0,0.0,0.0,0.0,0.0,87.8,0.0
2050-11-14 05:00:00,2050-11-14 03:00:00,1156.8,0.0,0.0,1.4,1158.2,1122.5,1073.6,0.0,212.9,0.0297,0.0303,gas-cc,gas-cc,31.1,0.6,0.06,3.7,234.4,0.01,31.1,10.7,41.8,32.0,0.6,0.06,3.8,241.6,0.01,32.0,11.0,43.0,217.0,4.1,0.41,25.6,1637.1,0.09,217.2,74.4,291.7,373.7,7.0,0.7,44.1,2820.0,0.16,374.1,128.2,502.3,33.36,0.0,0.0,33.36,34.4,0.0,0.0,34.4,0.0,0.0,0.0,1371.1,84.6,1168.9,0.0,0.0,0.0,0.0,0.0,117.5,0.0,0.0,0.0,0.0,0.0,0.0,0.0,84.6,0.0
2050-11-14 06:00:00,2050-11-14 04:00:00,1167.4,0.0,0.0,1.2,1168.6,1132.7,1081.4,0.0,185.1,0.0297,0.0305,battery,gas-cc,67.4,1.3,0.13,8.0,509.0,0.03,67.5,23.1,90.7,69.5,1.3,0.13,8.2,524.6,0.03,69.6,23.9,93.5,203.9,3.8,0.38,24.1,1537.8,0.09,204.1,69.9,274.0,373.8,7.0,0.7,44.2,2820.8,0.16,374.2,128.3,502.5,33.36,0.0,0.0,33.36,34.41,0.0,0.0,34.41,0.0,0.0,0.0,1353.6,87.2,1014.5,0.0,0.0,0.0,0.0,0.0,251.9,0.0,0.0,0.0,0.0,0.0,0.0,0.0,87.2,0.0
2050-11-14 07:00:00,2050-11-14 05:00:00,1234.7,0.0,0.0,1.4,1236.2,1197.9,1142.6,0.0,221.2,0.0298,0.0323,battery,gas-cc,0.0,0.0,0.0,0.0,0.0,0.0,0.0,0.0,0.0,0.0,0.0,0.0,0.0,0.0,0.0,0.0,0.0,0.0,220.3,4.2,0.42,26.0,1662.3,0.1,220.6,75.6,296.2,374.5,7.1,0.71,44.2,2826.0,0.16,374.9,128.5,503.4,33.36,0.0,0.0,33.36,34.47,0.0,0.0,34.47,0.0,0.0,0.0,1457.3,93.6,1363.8,0.0,0.0,0.0,0.0,0.0,0.0,0.0,0.0,0.0,0.0,0.0,0.0,0.0,93.6,0.0
2050-11-14 08:00:00,2050-11-14 06:00:00,1391.6,0.0,0.0,0.0,1391.6,1349.4,1243.2,0.0,0.0,0.0303,0.0364,gas-cc,gas-cc,64.2,1.2,0.12,7.6,484.8,0.03,64.3,22.0,86.4,66.3,1.2,0.12,7.8,500.0,0.03,66.3,22.7,89.1,152.6,2.9,0.29,18.0,1150.9,0.07,152.8,52.3,205.2,376.1,7.1,0.71,44.4,2838.0,0.16,376.5,129.0,505.5,33.36,0.0,0.0,33.36,34.62,0.0,0.0,34.62,0.0,0.0,0.0,1391.6,148.4,996.5,0.0,0.0,0.0,0.0,2.0,246.7,0.0,0.0,0.0,0.0,0.0,0.0,46.3,100.0,0.0
2050-11-14 09:00:00,2050-11-14 07:00:00,1535.8,2467.5,0.0,10.7,4013.9,1488.1,-1640.0,0.0,1640.0,0.0311,0.0402,battery,upv,0.0,0.0,0.0,0.0,0.0,0.0,0.0,0.0,0.0,0.0,0.0,0.0,0.0,0.0,0.0,0.0,0.0,0.0,139.8,2.6,0.26,16.5,1054.1,0.06,140.0,47.9,187.9,0.0,0.0,0.0,0.0,0.0,0.0,0.0,0.0,0.0,0.0,0.0,0.0,0.0,0.0,0.0,0.0,0.0,103.0,0.0,103.0,5653.9,5653.9,0.0,0.0,0.0,0.0,0.0,238.5,0.0,0.0,0.0,0.0,0.0,0.0,0.0,5415.4,0.0,0.0
2050-11-14 10:00:00,2050-11-14 08:00:00,1633.7,2431.9,0.0,0.0,4065.6,1581.9,0.0,0.0,0.0,0.0317,0.0427,upv,upv,0.0,0.0,0.0,0.0,0.0,0.0,0.0,0.0,0.0,0.0,0.0,0.0,0.0,0.0,0.0,0.0,0.0,0.0,139.9,2.6,0.26,16.5,1054.8,0.06,140.1,48.0,188.0,0.0,0.0,0.0,0.0,0.0,0.0,0.0,0.0,0.0,0.0,0.0,0.0,0.0,0.0,0.0,0.0,0.0,0.0,5549.4,5549.4,4065.6,4065.6,0.0,0.0,0.0,0.0,0.0,401.3,0.0,0.0,0.0,0.0,0.0,0.0,0.0,3555.9,108.3,0.0
2050-11-14 11:00:00,2050-11-14 09:00:00,1631.6,3781.4,0.0,0.0,5413.0,1579.9,0.0,0.0,0.0,0.0317,0.0427,upv,upv,0.0,0.0,0.0,0.0,0.0,0.0,0.0,0.0,0.0,0.0,0.0,0.0,0.0,0.0,0.0,0.0,0.0,0.0,140.1,2.6,0.27,16.5,1055.8,0.06,140.2,48.0,188.2,0.0,0.0,0.0,0.0,0.0,0.0,0.0,0.0,0.0,0.0,0.0,0.0,0.0,0.0,0.0,0.0,0.0,0.0,4162.1,4162.1,5413.0,5413.0,0.0,0.0,0.0,0.0,0.0,400.6,0.0,0.0,0.0,0.0,0.0,0.0,0.0,4930.3,82.1,0.0
2050-11-14 12:00:00,2050-11-14 10:00:00,1556.8,3986.6,0.0,0.0,5543.5,1508.3,0.0,0.0,0.0,0.0312,0.0407,upv,upv,0.0,0.0,0.0,0.0,0.0,0.0,0.0,0.0,0.0,0.0,0.0,0.0,0.0,0.0,0.0,0.0,0.0,0.0,139.8,2.6,0.26,16.5,1054.3,0.06,140.0,48.0,187.9,0.0,0.0,0.0,0.0,0.0,0.0,0.0,0.0,0.0,0.0,0.0,0.0,0.0,0.0,0.0,0.0,0.0,0.0,3454.7,3454.7,5543.5,5543.5,0.0,0.0,0.0,0.0,0.0,376.4,0.0,0.0,0.0,0.0,0.0,0.0,0.0,5088.4,78.7,0.0
2050-11-14 13:00:00,2050-11-14 11:00:00,1507.4,4019.6,0.0,0.0,5526.9,1460.8,0.0,0.0,0.0,0.0309,0.0394,upv,upv,0.0,0.0,0.0,0.0,0.0,0.0,0.0,0.0,0.0,0.0,0.0,0.0,0.0,0.0,0.0,0.0,0.0,0.0,139.8,2.6,0.26,16.5,1053.9,0.06,140.0,47.9,187.9,0.0,0.0,0.0,0.0,0.0,0.0,0.0,0.0,0.0,0.0,0.0,0.0,0.0,0.0,0.0,0.0,0.0,0.0,3044.6,3044.6,5526.9,5526.9,0.0,0.0,0.0,0.0,0.0,358.5,0.0,0.0,0.0,0.0,0.0,0.0,0.0,5091.4,77.0,0.0
2050-11-14 14:00:00,2050-11-14 12:00:00,1503.2,4019.6,0.0,0.0,5522.7,1456.8,0.0,0.0,0.0,0.0309,0.0393,upv,upv,0.0,0.0,0.0,0.0,0.0,0.0,0.0,0.0,0.0,0.0,0.0,0.0,0.0,0.0,0.0,0.0,0.0,0.0,139.8,2.6,0.26,16.5,1053.9,0.06,139.9,47.9,187.9,0.0,0.0,0.0,0.0,0.0,0.0,0.0,0.0,0.0,0.0,0.0,0.0,0.0,0.0,0.0,0.0,0.0,0.0,3123.0,3123.0,5522.7,5522.7,0.0,0.0,0.0,0.0,0.0,362.0,0.0,0.0,0.0,0.0,0.0,0.0,0.0,5090.5,70.3,0.0
2050-11-14 15:00:00,2050-11-14 13:00:00,1517.9,3986.6,0.0,0.0,5504.5,1470.9,0.0,0.0,0.0,0.031,0.0397,upv,upv,0.0,0.0,0.0,0.0,0.0,0.0,0.0,0.0,0.0,0.0,0.0,0.0,0.0,0.0,0.0,0.0,0.0,0.0,139.8,2.6,0.26,16.5,1054.0,0.06,140.0,47.9,187.9,0.0,0.0,0.0,0.0,0.0,0.0,0.0,0.0,0.0,0.0,0.0,0.0,0.0,0.0,0.0,0.0,0.0,0.0,3526.1,3526.1,5504.5,5504.5,0.0,0.0,0.0,0.0,0.0,378.6,0.0,0.0,0.0,0.0,0.0,0.0,0.0,5062.2,63.7,0.0
2050-11-14 16:00:00,2050-11-14 14:00:00,1530.5,2431.9,0.0,0.0,3962.4,1483.0,0.0,0.0,0.0,0.031,0.04,upv,upv,0.0,0.0,0.0,0.0,0.0,0.0,0.0,0.0,0.0,0.0,0.0,0.0,0.0,0.0,0.0,0.0,0.0,0.0,139.8,2.6,0.26,16.5,1054.1,0.06,140.0,47.9,187.9,0.0,0.0,0.0,0.0,0.0,0.0,0.0,0.0,0.0,0.0,0.0,0.0,0.0,0.0,0.0,0.0,0.0,0.0,5264.0,5264.0,3962.4,3962.4,0.0,0.0,0.0,0.0,0.0,386.9,0.0,0.0,0.0,0.0,0.0,0.0,0.0,3518.1,57.4,0.0
2050-11-14 17:00:00,2050-11-14 15:00:00,1601.1,2431.9,0.0,0.0,4033.0,1550.7,0.0,0.0,0.0,0.0315,0.0419,upv,upv,0.0,0.0,0.0,0.0,0.0,0.0,0.0,0.0,0.0,0.0,0.0,0.0,0.0,0.0,0.0,0.0,0.0,0.0,147.7,2.8,0.28,17.5,1113.6,0.06,147.9,50.7,198.5,0.0,0.0,0.0,0.0,0.0,0.0,0.0,0.0,0.0,0.0,0.0,0.0,0.0,0.0,0.0,0.0,0.0,0.0,3461.3,3461.3,4033.0,4033.0,0.0,0.0,0.0,0.0,0.0,313.8,0.0,0.0,0.0,0.0,0.0,0.0,0.0,3660.1,59.0,0.0
2050-11-14 18:00:00,2050-11-14 16:00:00,1675.8,0.0,0.0,10.7,1686.4,1622.2,-34.6,0.0,1640.0,0.032,0.0438,battery,gas-cc,116.9,2.2,0.22,13.8,881.9,0.05,117.0,40.1,157.1,120.7,2.3,0.23,14.3,911.1,0.05,120.9,41.4,162.3,143.7,2.7,0.27,17.0,1083.3,0.06,143.8,49.3,193.1,457.8,8.6,0.86,54.1,3454.7,0.2,458.3,157.1,615.4,36.2,0.0,0.0,36.2,37.85,0.0,0.0,37.85,0.0,0.0,0.0,3326.4,1721.0,532.6,0.0,0.0,0.0,0.0,69.2,1072.7,0.0,0.0,0.0,0.0,0.0,0.0,1571.1,80.7,0.0
2050-11-14 19:00:00,2050-11-14 17:00:00,1814.7,0.0,0.0,10.7,1825.4,1754.8,1714.5,0.0,1640.0,0.033,0.0475,battery,gas-cc,112.2,2.1,0.21,13.3,846.6,0.05,112.3,38.5,150.8,116.0,2.2,0.22,13.7,875.5,0.05,116.1,39.8,156.0,150.9,2.8,0.29,17.8,1137.5,0.07,151.0,51.7,202.8,459.6,8.7,0.87,54.3,3467.9,0.2,460.0,157.7,617.7,36.2,0.0,0.0,36.2,38.0,0.0,0.0,38.0,0.0,0.0,0.0,3465.4,110.9,2281.8,0.0,0.0,0.0,0.0,0.0,1072.7,0.0,0.0,0.0,0.0,0.0,0.0,0.0,110.9,0.0
2050-11-14 20:00:00,2050-11-14 18:00:00,1961.1,0.0,0.0,10.7,1971.7,1893.9,1865.5,0.0,1640.0,0.0342,0.0513,battery,gas-cc,107.6,2.0,0.2,12.7,812.3,0.05,107.8,36.9,144.7,111.5,2.1,0.21,13.2,841.1,0.05,111.6,38.3,149.8,152.7,2.9,0.29,18.0,1151.1,0.07,152.8,52.4,205.2,461.4,8.7,0.87,54.5,3481.9,0.2,461.9,158.3,620.2,36.2,0.0,0.0,36.2,38.15,0.0,0.0,38.15,0.0,0.0,0.0,3611.7,106.2,2432.7,0.0,0.0,0.0,0.0,0.0,1072.7,0.0,0.0,0.0,0.0,0.0,0.0,0.0,106.2,0.0
2050-11-14 21:00:00,2050-11-14 19:00:00,1920.0,0.0,0.0,10.7,1930.7,1854.9,1823.3,0.0,1640.0,0.0339,0.0502,battery,gas-cc,108.9,2.1,0.21,12.9,821.6,0.05,109.0,37.4,146.4,112.7,2.1,0.21,13.3,850.4,0.05,112.8,38.7,151.5,153.8,2.9,0.29,18.2,1159.8,0.07,154.0,52.8,206.8,460.9,8.7,0.87,54.4,3477.9,0.2,461.4,158.1,619.5,36.2,0.0,0.0,36.2,38.11,0.0,0.0,38.11,0.0,0.0,0.0,3570.6,107.3,2390.6,0.0,0.0,0.0,0.0,0.0,1072.7,0.0,0.0,0.0,0.0,0.0,0.0,0.0,107.3,0.0
2050-11-14 22:00:00,2050-11-14 20:00:00,1798.9,0.0,0.0,10.7,1809.6,1739.8,1688.1,0.0,1640.0,0.0329,0.047,battery,gas-cc,112.7,2.1,0.21,13.3,850.4,0.05,112.8,38.7,151.5,116.5,2.2,0.22,13.8,879.4,0.05,116.7,40.0,156.7,154.2,2.9,0.29,18.2,1162.8,0.07,154.4,52.9,207.3,459.4,8.7,0.87,54.3,3466.4,0.2,459.8,157.6,617.5,36.2,0.0,0.0,36.2,37.98,0.0,0.0,37.98,0.0,0.0,0.0,3449.6,121.5,2255.4,0.0,0.0,0.0,0.0,0.0,1072.7,0.0,0.0,0.0,0.0,0.0,0.0,0.0,121.5,0.0
2050-11-14 23:00:00,2050-11-14 21:00:00,1698.9,0.0,0.0,10.7,1709.6,1644.3,1579.7,0.0,1640.0,0.0321,0.0444,battery,gas-cc,116.1,2.2,0.22,13.7,875.8,0.05,116.2,39.8,156.0,119.9,2.3,0.23,14.2,904.9,0.05,120.0,41.2,161.2,152.9,2.9,0.29,18.1,1153.0,0.07,153.1,52.4,205.5,458.1,8.6,0.86,54.1,3456.9,0.2,458.6,157.2,615.8,36.2,0.0,0.0,36.2,37.88,0.0,0.0,37.88,0.0,0.0,0.0,3349.6,129.9,2146.9,0.0,0.0,0.0,0.0,0.0,1072.7,0.0,0.0,0.0,0.0,0.0,0.0,0.0,129.9,0.0
2050-11-15 00:00:00,2050-11-14 22:00:00,1569.5,0.0,0.0,7.8,1577.2,1520.4,1438.1,0.0,1193.3,0.0313,0.041,battery,gas-cc,140.3,2.6,0.26,16.6,1058.9,0.06,140.5,48.1,188.6,144.9,2.7,0.27,17.1,1093.1,0.06,145.0,49.7,194.7,203.7,3.8,0.38,24.1,1536.2,0.09,203.9,69.9,273.8,499.0,9.4,0.94,58.9,3765.4,0.22,499.5,171.2,670.7,37.38,0.0,0.0,37.38,38.98,0.0,0.0,38.98,0.0,0.0,0.0,2770.5,139.2,1558.6,0.0,0.0,0.0,0.0,0.0,1072.7,0.0,0.0,0.0,0.0,0.0,0.0,0.0,139.2,0.0
2050-11-15 01:00:00,2050-11-14 23:00:00,1435.8,0.0,0.0,10.1,1445.9,1392.0,1276.2,0.0,1549.9,0.0305,0.0375,battery,gas-cc,129.8,2.4,0.24,15.3,979.3,0.06,129.9,44.5,174.4,133.9,2.5,0.25,15.8,1010.1,0.06,134.0,45.9,179.9,179.5,3.4,0.34,21.2,1353.8,0.08,179.7,61.6,241.3,497.2,9.4,0.94,58.7,3751.7,0.22,497.7,170.6,668.3,37.38,0.0,0.0,37.38,38.83,0.0,0.0,38.83,0.0,0.0,0.0,2995.8,169.7,1753.4,0.0,0.0,0.0,0.0,0.0,1072.7,0.0,0.0,0.0,0.0,0.0,0.0,0.0,169.7,0.0
2050-11-15 02:00:00,2050-11-15 00:00:00,1298.9,0.0,0.0,10.7,1309.6,1260.0,1149.9,0.0,1640.0,0.03,0.034,battery,gas-cc,131.8,2.5,0.25,15.6,994.6,0.06,131.9,45.2,177.2,135.9,2.6,0.26,16.1,1025.3,0.06,136.0,46.6,182.7,174.4,3.3,0.33,20.6,1315.3,0.08,174.6,59.8,234.4,422.5,8.0,0.8,49.9,3187.9,0.18,422.9,145.0,567.9,37.38,0.0,0.0,37.38,38.69,0.0,0.0,38.69,0.0,0.0,0.0,2949.6,159.7,1717.2,0.0,0.0,0.0,0.0,0.0,1072.7,0.0,0.0,0.0,0.0,0.0,0.0,0.0,159.7,0.0
2050-11-15 03:00:00,2050-11-15 01:00:00,1213.7,0.0,0.0,8.9,1222.6,1177.6,1071.4,0.0,1365.1,0.0298,0.0317,battery,gas-cc,150.2,2.8,0.28,17.7,1133.7,0.07,150.4,51.5,201.9,154.8,2.9,0.29,18.3,1168.5,0.07,155.0,53.1,208.1,223.8,4.2,0.42,26.4,1688.2,0.1,224.0,76.8,300.8,494.2,9.3,0.93,58.4,3729.2,0.21,494.7,169.6,664.3,37.38,0.0,0.0,37.38,38.6,0.0,0.0,38.6,0.0,0.0,0.0,2587.7,151.2,1363.8,0.0,0.0,0.0,0.0,0.0,1072.7,0.0,0.0,0.0,0.0,0.0,0.0,0.0,151.2,0.0
2050-11-15 04:00:00,2050-11-15 02:00:00,1162.1,0.0,0.0,8.7,1170.8,1127.6,1019.7,0.0,1332.7,0.0297,0.0304,battery,gas-cc,155.3,2.9,0.29,18.3,1171.8,0.07,155.5,53.3,208.7,160.0,3.0,0.3,18.9,1207.7,0.07,160.2,54.9,215.1,174.5,3.3,0.33,20.6,1316.0,0.08,174.7,59.9,234.5,493.5,9.3,0.93,58.3,3724.0,0.21,494.0,169.3,663.4,37.38,0.0,0.0,37.38,38.55,0.0,0.0,38.55,0.0,0.0,0.0,2503.4,151.1,1279.6,0.0,0.0,0.0,0.0,0.0,1072.7,0.0,0.0,0.0,0.0,0.0,0.0,0.0,151.1,0.0
2050-11-15 05:00:00,2050-11-15 03:00:00,1138.9,0.0,0.0,7.2,1146.1,1105.1,999.5,0.0,1108.0,0.0297,0.0298,gas-cc,gas-cc,172.5,3.3,0.33,20.4,1301.4,0.07,172.6,59.2,231.8,177.7,3.3,0.33,21.0,1341.3,0.08,177.9,61.0,238.9,173.5,3.3,0.33,20.5,1308.4,0.08,173.7,59.5,233.2,362.6,6.8,0.68,42.8,2736.1,0.16,363.0,124.4,487.4,37.38,0.0,0.0,37.38,38.52,0.0,0.0,38.52,0.0,0.0,0.0,2254.2,146.7,1034.8,0.0,0.0,0.0,0.0,0.0,1072.7,0.0,0.0,0.0,0.0,0.0,0.0,0.0,146.7,0.0
2050-11-15 06:00:00,2050-11-15 04:00:00,1142.1,0.0,0.0,10.5,1152.6,1108.2,1001.0,0.0,1608.0,0.0297,0.0299,battery,gas-cc,140.8,2.7,0.27,16.6,1062.7,0.06,141.0,48.3,189.3,145.1,2.7,0.27,17.2,1095.3,0.06,145.3,49.8,195.1,191.9,3.6,0.36,22.7,1447.4,0.08,192.1,65.8,257.9,493.2,9.3,0.93,58.3,3722.0,0.21,493.8,169.2,663.0,37.38,0.0,0.0,37.38,38.53,0.0,0.0,38.53,0.0,0.0,0.0,2760.5,151.6,1536.2,0.0,0.0,0.0,0.0,0.0,1072.7,0.0,0.0,0.0,0.0,0.0,0.0,0.0,151.6,0.0
2050-11-15 07:00:00,2050-11-15 05:00:00,1216.8,0.0,0.0,9.1,1226.0,1180.6,1080.1,0.0,1401.4,0.0298,0.0318,battery,gas-cc,148.0,2.8,0.28,17.5,1116.6,0.06,148.1,50.8,198.9,152.5,2.9,0.29,18.0,1150.9,0.07,152.7,52.3,205.0,196.2,3.7,0.37,23.2,1480.0,0.09,196.4,67.3,263.7,418.5,7.9,0.79,49.4,3158.1,0.18,418.9,143.6,562.5,37.38,0.0,0.0,37.38,38.6,0.0,0.0,38.6,0.0,0.0,0.0,2627.3,145.9,1408.7,0.0,0.0,0.0,0.0,0.0,1072.7,0.0,0.0,0.0,0.0,0.0,0.0,0.0,145.9,0.0
2050-11-15 08:00:00,2050-11-15 06:00:00,1366.3,0.0,0.0,8.4,1374.7,1325.0,1218.0,0.0,1286.0,0.0302,0.0357,battery,gas-cc,146.1,2.8,0.28,17.3,1102.6,0.06,146.3,50.1,196.4,150.7,2.8,0.28,17.8,1137.0,0.07,150.8,51.7,202.5,196.0,3.7,0.37,23.2,1478.4,0.09,196.2,67.2,263.5,412.2,7.8,0.78,48.7,3110.3,0.18,412.6,141.4,554.0,37.38,0.0,0.0,37.38,38.76,0.0,0.0,38.76,0.0,0.0,0.0,2660.7,156.6,1431.3,0.0,0.0,0.0,0.0,0.8,1072.7,0.0,0.0,0.0,0.0,0.0,0.0,17.2,138.7,0.0
2050-11-15 09:00:00,2050-11-15 07:00:00,1497.9,2431.9,0.0,8.6,3938.4,1451.7,707.7,707.7,0.0,0.0308,0.0392,battery,gas-cc,0.0,0.0,0.0,0.0,0.0,0.0,0.0,0.0,0.0,0.0,0.0,0.0,0.1,0.3,0.0,0.0,0.1,0.1,185.4,3.5,0.35,21.9,1398.4,0.08,185.6,63.6,249.2,318.7,6.0,0.6,37.6,2404.6,0.14,319.0,109.3,428.3,26.99,0.0,0.0,26.99,28.09,0.0,0.0,28.09,0.0,0.0,0.0,3230.7,3230.7,0.0,0.0,0.0,0.0,0.0,130.9,0.0,0.0,0.0,0.0,0.0,0.0,0.0,2971.0,128.8,0.0
2050-11-15 10:00:00,2050-11-15 08:00:00,1601.1,4019.6,0.0,28.9,5649.5,1550.7,-2816.0,0.0,2816.0,0.0315,0.0419,upv,upv,0.0,0.0,0.0,0.0,0.0,0.0,0.0,0.0,0.0,0.0,0.0,0.0,0.0,0.0,0.0,0.0,0.0,0.0,139.9,2.6,0.26,16.5,1054.6,0.06,140.0,48.0,188.0,0.0,0.0,0.0,0.0,0.0,0.0,0.0,0.0,0.0,0.0,0.0,0.0,0.0,0.0,0.0,0.0,0.0,0.0,640.9,640.9,8465.5,8465.5,0.0,0.0,0.0,0.0,0.0,0.0,0.0,0.0,0.0,0.0,0.0,0.0,0.0,8359.8,105.7,0.0
2050-11-15 11:00:00,2050-11-15 09:00:00,1605.3,3824.8,0.0,28.9,5458.9,1554.7,-2816.0,0.0,2816.0,0.0315,0.042,upv,upv,0.0,0.0,0.0,0.0,0.0,0.0,0.0,0.0,0.0,0.0,0.0,0.0,0.0,0.0,0.0,0.0,0.0,0.0,139.9,2.6,0.26,16.5,1054.6,0.06,140.0,48.0,188.0,0.0,0.0,0.0,0.0,0.0,0.0,0.0,0.0,0.0,0.0,0.0,0.0,0.0,0.0,0.0,0.0,0.0,0.0,808.2,808.2,8274.9,8274.9,0.0,0.0,0.0,0.0,0.0,0.0,0.0,0.0,0.0,0.0,0.0,0.0,0.0,8198.9,76.0,0.0
2050-11-15 12:00:00,2050-11-15 10:00:00,1551.6,3435.1,0.0,28.9,5015.6,1503.2,-2816.0,0.0,2816.0,0.0312,0.0406,upv,upv,0.0,0.0,0.0,0.0,0.0,0.0,0.0,0.0,0.0,0.0,0.0,0.0,0.0,0.0,0.0,0.0,0.0,0.0,146.2,2.8,0.28,17.3,1102.2,0.06,146.4,50.1,196.5,0.0,0.0,0.0,0.0,0.0,0.0,0.0,0.0,0.0,0.0,0.0,0.0,0.0,0.0,0.0,0.0,0.0,0.0,572.4,572.4,7831.6,7831.6,0.0,0.0,0.0,0.0,0.0,0.0,0.0,0.0,0.0,0.0,0.0,0.0,0.0,7773.7,57.9,0.0
2050-11-15 13:00:00,2050-11-15 11:00:00,1510.5,3611.2,0.0,28.9,5150.6,1463.8,-2816.0,0.0,2816.0,0.0309,0.0395,battery,upv,0.0,0.0,0.0,0.0,0.0,0.0,0.0,0.0,0.0,0.0,0.0,0.0,0.0,0.0,0.0,0.0,0.0,0.0,141.4,2.7,0.27,16.7,1065.8,0.06,141.5,48.5,190.0,0.0,0.0,0.0,0.0,0.0,0.0,0.0,0.0,0.0,0.0,0.0,0.0,0.0,0.0,0.0,0.0,0.0,0.0,0.0,0.0,7966.6,7966.6,0.0,0.0,0.0,0.0,0.0,334.5,0.0,0.0,0.0,0.0,0.0,0.0,0.0,7593.1,38.9,0.0
2050-11-15 14:00:00,2050-11-15 12:00:00,1533.7,3412.6,0.0,28.9,4975.1,1486.1,-2816.0,0.0,2816.0,0.031,0.0401,distpv,distpv,0.0,0.0,0.0,0.0,0.0,0.0,0.0,0.0,0.0,0.0,0.0,0.0,0.0,0.0,0.0,0.0,0.0,0.0,139.8,2.6,0.26,16.5,1054.1,0.06,140.0,47.9,187.9,0.0,0.0,0.0,0.0,0.0,0.0,0.0,0.0,0.0,0.0,0.0,0.0,0.0,0.0,0.0,0.0,0.0,0.0,257.8,257.8,7791.2,7791.2,0.0,0.0,0.0,0.0,0.0,80.7,0.0,0.0,0.0,0.0,0.0,0.0,0.0,7683.6,26.9,0.0
2050-11-15 15:00:00,2050-11-15 13:00:00,1556.8,3634.4,0.0,28.9,5220.1,1508.3,-2816.0,0.0,2816.0,0.0312,0.0407,battery,wind-ons,0.0,0.0,0.0,0.0,0.0,0.0,0.0,0.0,0.0,0.0,0.0,0.0,0.0,0.0,0.0,0.0,0.0,0.0,139.9,2.6,0.26,16.5,1054.9,0.06,140.1,48.0,188.1,0.0,0.0,0.0,0.0,0.0,0.0,0.0,0.0,0.0,0.0,0.0,0.0,0.0,0.0,0.0,0.0,0.0,0.0,353.3,353.3,8036.1,8036.1,0.0,0.0,0.0,0.0,0.0,0.0,0.0,0.0,0.0,0.0,0.0,0.0,0.0,8019.6,16.5,0.0
2050-11-15 16:00:00,2050-11-15 14:00:00,1595.8,2755.7,0.0,28.9,4380.3,1545.6,-2816.0,0.0,2816.0,0.0314,0.0417,upv,upv,0.0,0.0,0.0,0.0,0.0,0.0,0.0,0.0,0.0,0.0,0.0,0.0,0.0,0.0,0.0,0.0,0.0,0.0,171.5,3.2,0.32,20.3,1293.5,0.07,171.7,58.8,230.6,0.0,0.0,0.0,0.0,0.0,0.0,0.0,0.0,0.0,0.0,0.0,0.0,0.0,0.0,0.0,0.0,0.0,0.0,1349.4,1349.4,7196.3,7196.3,0.0,0.0,0.0,0.0,0.0,0.0,0.0,0.0,0.0,0.0,0.0,0.0,0.0,7185.5,10.8,0.0
2050-11-15 17:00:00,2050-11-15 15:00:00,1675.8,2431.9,0.0,22.7,4130.4,1622.2,-2419.9,0.0,2419.9,0.032,0.0438,battery,gas-cc,0.0,0.0,0.0,0.0,0.0,0.0,0.0,0.0,0.0,0.0,0.0,0.0,0.0,0.0,0.0,0.0,0.0,0.0,160.0,3.0,0.3,18.9,1206.7,0.07,160.2,54.9,215.1,422.3,8.0,0.8,49.9,3186.7,0.18,422.7,144.9,567.6,22.82,0.0,0.0,22.82,23.86,0.0,0.0,23.86,0.0,0.0,0.0,6550.4,6550.4,0.0,0.0,0.0,0.0,0.0,276.1,0.0,0.0,0.0,0.0,0.0,0.0,0.0,6265.1,9.2,0.0
2050-11-15 18:00:00,2050-11-15 16:00:00,1770.5,0.0,0.0,6.0,1776.6,1712.7,1018.1,0.0,928.0,0.0327,0.0463,battery,gas-cc,143.7,2.7,0.27,17.0,1084.7,0.06,143.9,49.3,193.2,148.6,2.8,0.28,17.6,1121.4,0.06,148.8,51.0,199.8,151.4,2.9,0.29,17.9,1141.3,0.07,151.5,51.9,203.5,422.4,8.0,0.8,49.9,3187.4,0.18,422.8,144.9,567.8,39.51,0.0,0.0,39.51,41.42,0.0,0.0,41.42,0.0,0.0,0.0,2704.5,758.5,873.3,0.0,0.0,0.0,0.0,31.5,1072.7,0.0,0.0,0.0,0.0,0.0,0.0,714.5,12.5,0.0
2050-11-15 19:00:00,2050-11-15 17:00:00,1900.0,0.0,0.0,10.7,1910.7,1835.9,1896.4,0.0,1640.0,0.0337,0.0497,battery,gas-cc,109.5,2.1,0.21,12.9,826.2,0.05,109.6,37.6,147.2,113.3,2.1,0.21,13.4,855.1,0.05,113.4,38.9,152.3,173.1,3.3,0.33,20.5,1305.4,0.08,173.3,59.4,232.7,423.9,8.0,0.8,50.1,3198.8,0.18,424.3,145.4,569.8,39.51,0.0,0.0,39.51,41.57,0.0,0.0,41.57,0.0,0.0,0.0,3550.6,14.3,2463.6,0.0,0.0,0.0,0.0,0.0,1072.7,0.0,0.0,0.0,0.0,0.0,0.0,0.0,14.3,0.0
2050-11-15 20:00:00,2050-11-15 18:00:00,2012.6,0.0,0.0,7.9,2020.5,1942.8,2011.0,0.0,1211.4,0.0347,0.0526,battery,gas-cc,120.3,2.3,0.23,14.2,907.7,0.05,120.4,41.3,161.7,124.6,2.3,0.23,14.7,940.4,0.05,124.7,42.8,167.5,158.9,3.0,0.3,18.8,1197.8,0.07,159.0,54.5,213.5,436.0,8.2,0.82,51.5,3289.8,0.19,436.4,149.6,586.0,39.51,0.0,0.0,39.51,41.7,0.0,0.0,41.7,0.0,0.0,0.0,3231.9,9.5,2149.7,0.0,0.0,0.0,0.0,0.0,1072.7,0.0,0.0,0.0,0.0,0.0,0.0,0.0,9.5,0.0
2050-11-15 21:00:00,2050-11-15 19:00:00,1958.9,0.0,0.0,5.6,1964.6,1891.9,1960.9,0.0,865.3,0.0342,0.0512,battery,gas-cc,137.4,2.6,0.26,16.2,1036.7,0.06,137.5,47.1,184.7,142.2,2.7,0.27,16.8,1073.4,0.06,142.4,48.8,191.2,161.8,3.1,0.31,19.1,1220.2,0.07,162.0,55.5,217.5,502.9,9.5,0.95,59.4,3795.3,0.22,503.5,172.6,676.1,39.51,0.0,0.0,39.51,41.64,0.0,0.0,41.64,0.0,0.0,0.0,2829.8,3.7,1753.4,0.0,0.0,0.0,0.0,0.0,1072.7,0.0,0.0,0.0,0.0,0.0,0.0,0.0,3.7,0.0
2050-11-15 22:00:00,2050-11-15 20:00:00,1827.4,0.0,0.0,8.3,1835.7,1766.8,1835.4,0.0,1282.3,0.0331,0.0478,battery,gas-cc,124.7,2.3,0.23,14.7,940.9,0.05,124.8,42.8,167.6,129.0,2.4,0.24,15.2,973.1,0.06,129.1,44.3,173.4,156.7,3.0,0.3,18.5,1181.5,0.07,156.9,53.7,210.6,433.7,8.2,0.82,51.2,3273.0,0.19,434.2,148.8,583.0,39.51,0.0,0.0,39.51,41.49,0.0,0.0,41.49,0.0,0.0,0.0,3118.0,0.3,2044.9,0.0,0.0,0.0,0.0,0.0,1072.7,0.0,0.0,0.0,0.0,0.0,0.0,0.0,0.3,0.0
2050-11-15 23:00:00,2050-11-15 21:00:00,1718.9,0.0,0.0,7.2,1726.1,1663.5,1726.1,0.0,1100.1,0.0323,0.045,battery,gas-cc,137.6,2.6,0.26,16.2,1038.0,0.06,137.7,47.2,184.9,142.1,2.7,0.27,16.8,1072.7,0.06,142.3,48.8,191.1,158.0,3.0,0.3,18.7,1191.6,0.07,158.2,54.2,212.4,432.4,8.2,0.82,51.1,3263.3,0.19,432.9,148.4,581.3,39.51,0.0,0.0,39.51,41.37,0.0,0.0,41.37,0.0,0.0,0.0,2826.2,0.0,1753.4,0.0,0.0,0.0,0.0,0.0,1072.7,0.0,0.0,0.0,0.0,0.0,0.0,0.0,0.0,0.0
2050-11-16 00:00:00,2050-11-15 22:00:00,1590.5,0.0,0.0,0.0,1590.5,1540.6,1590.1,0.0,0.0,0.0314,0.0416,battery,gas-cc,244.4,4.6,0.46,28.9,1844.5,0.11,244.7,83.9,328.6,252.3,4.8,0.48,29.8,1904.3,0.11,252.6,86.6,339.2,156.8,3.0,0.3,18.5,1182.3,0.07,157.0,53.8,210.8,420.3,7.9,0.79,49.7,3171.7,0.18,420.8,144.2,565.0,39.21,0.0,0.0,39.21,40.91,0.0,0.0,40.91,0.0,0.0,0.0,1590.5,0.4,517.4,0.0,0.0,0.0,0.0,0.0,1072.7,0.0,0.0,0.0,0.0,0.0,0.0,0.0,0.4,0.0
2050-11-16 01:00:00,2050-11-15 23:00:00,1437.9,0.0,0.0,0.0,1437.9,1394.0,1435.8,0.0,0.0,0.0305,0.0376,battery,gas-cc,270.4,5.1,0.51,31.9,2040.2,0.12,270.7,92.8,363.4,278.9,5.3,0.53,32.9,2104.5,0.12,279.2,95.7,374.9,159.7,3.0,0.3,18.9,1204.1,0.07,159.9,54.8,214.6,424.1,8.0,0.8,50.1,3200.0,0.18,424.5,145.5,570.0,39.21,0.0,0.0,39.21,40.74,0.0,0.0,40.74,0.0,0.0,0.0,1437.9,2.1,363.0,0.0,0.0,0.0,0.0,0.0,1072.7,0.0,0.0,0.0,0.0,0.0,0.0,0.0,2.1,0.0
2050-11-16 02:00:00,2050-11-16 00:00:00,1298.9,0.0,0.0,0.0,1298.9,1260.0,1295.1,0.0,0.0,0.03,0.034,battery,gas-cc,299.3,5.6,0.56,35.4,2258.5,0.13,299.6,102.7,402.3,308.5,5.8,0.58,36.4,2328.3,0.13,308.9,105.9,414.7,155.1,2.9,0.29,18.3,1169.5,0.07,155.3,53.2,208.5,444.7,8.4,0.84,52.5,3355.6,0.19,445.2,152.6,597.7,39.21,0.0,0.0,39.21,40.59,0.0,0.0,40.59,0.0,0.0,0.0,1298.9,3.8,222.4,0.0,0.0,0.0,0.0,0.0,1072.7,0.0,0.0,0.0,0.0,0.0,0.0,0.0,3.8,0.0
2050-11-16 03:00:00,2050-11-16 01:00:00,1216.8,0.0,0.0,0.0,1216.8,1180.6,1212.1,0.0,0.0,0.0298,0.0318,battery,gas-cc,319.5,6.0,0.6,37.7,2410.9,0.14,319.8,109.6,429.4,329.3,6.2,0.62,38.9,2484.8,0.14,329.6,113.0,442.6,165.9,3.1,0.31,19.6,1250.9,0.07,166.1,56.9,223.0,421.5,7.9,0.79,49.8,3180.9,0.18,422.0,144.6,566.6,39.21,0.0,0.0,39.21,40.5,0.0,0.0,40.5,0.0,0.0,0.0,1216.8,4.8,139.3,0.0,0.0,0.0,0.0,0.0,1072.7,0.0,0.0,0.0,0.0,0.0,0.0,0.0,4.8,0.0
2050-11-16 04:00:00,2050-11-16 02:00:00,1162.1,0.0,0.0,2.1,1164.2,1127.6,1156.4,0.0,316.7,0.0297,0.0304,battery,gas-cc,262.5,4.9,0.49,31.0,1981.0,0.11,262.8,90.1,352.9,270.6,5.1,0.51,32.0,2041.7,0.12,270.8,92.8,363.7,158.0,3.0,0.3,18.7,1191.6,0.07,158.2,54.2,212.4,426.0,8.0,0.8,50.3,3214.3,0.18,426.4,146.2,572.6,39.21,0.0,0.0,39.21,40.44,0.0,0.0,40.44,0.0,0.0,0.0,1480.9,7.8,400.4,0.0,0.0,0.0,0.0,0.0,1072.7,0.0,0.0,0.0,0.0,0.0,0.0,0.0,7.8,0.0
2050-11-16 05:00:00,2050-11-16 03:00:00,1124.2,0.0,0.0,0.0,1124.2,1090.8,1113.7,0.0,0.0,0.0297,0.0294,battery,gas-cc,345.8,6.5,0.65,40.9,2609.5,0.15,346.2,118.7,464.8,356.4,6.7,0.67,42.1,2689.4,0.15,356.8,122.3,479.1,155.9,2.9,0.29,18.4,1175.4,0.07,156.1,53.5,209.5,442.6,8.3,0.83,52.3,3339.8,0.19,443.1,151.9,594.9,39.21,0.0,0.0,39.21,40.4,0.0,0.0,40.4,0.0,0.0,0.0,1124.2,10.6,40.9,0.0,0.0,0.0,0.0,0.0,1072.7,0.0,0.0,0.0,0.0,0.0,0.0,0.0,10.6,0.0
2050-11-16 06:00:00,2050-11-16 04:00:00,1136.8,0.0,0.0,0.8,1137.7,1103.1,1126.7,53.9,0.0,0.0297,0.0297,hydro,gas-cc,358.7,6.8,0.68,42.4,2707.0,0.16,359.1,123.1,482.2,352.2,6.6,0.66,41.6,2657.6,0.15,352.6,120.8,473.4,165.3,3.1,0.31,19.5,1246.1,0.07,165.4,56.7,222.1,378.0,7.1,0.71,44.7,2852.4,0.16,378.4,129.7,508.1,39.15,0.0,0.0,39.15,40.35,0.0,0.0,40.35,0.0,0.0,0.0,1083.7,11.0,0.0,0.0,0.0,0.0,0.0,0.0,1072.7,0.0,0.0,0.0,0.0,0.0,0.0,0.0,11.0,0.0
2050-11-16 07:00:00,2050-11-16 05:00:00,1206.3,0.0,0.0,0.1,1206.4,1170.4,1193.4,0.0,12.6,0.0297,0.0315,battery,gas-cc,318.9,6.0,0.6,37.7,2406.7,0.14,319.3,109.4,428.7,328.7,6.2,0.62,38.8,2480.5,0.14,329.1,112.8,441.8,152.1,2.9,0.29,18.0,1146.8,0.07,152.3,52.2,204.4,443.6,8.4,0.84,52.4,3347.2,0.19,444.0,152.2,596.2,39.21,0.0,0.0,39.21,40.49,0.0,0.0,40.49,0.0,0.0,0.0,1219.0,13.0,133.2,0.0,0.0,0.0,0.0,0.0,1072.7,0.0,0.0,0.0,0.0,0.0,0.0,0.0,13.0,0.0
2050-11-16 08:00:00,2050-11-16 06:00:00,1353.7,0.0,0.0,2.1,1355.8,1312.9,1325.4,0.0,329.9,0.0302,0.0354,battery,gas-cc,230.6,4.3,0.43,27.2,1740.3,0.1,230.9,79.1,310.0,237.8,4.5,0.45,28.1,1794.4,0.1,238.0,81.6,319.6,153.6,2.9,0.29,18.1,1158.2,0.07,153.8,52.7,206.5,441.1,8.3,0.83,52.1,3328.9,0.19,441.6,151.4,593.0,39.21,0.0,0.0,39.21,40.65,0.0,0.0,40.65,0.0,0.0,0.0,1685.7,30.5,582.5,0.0,0.0,0.0,0.0,0.6,1072.7,0.0,0.0,0.0,0.0,0.0,0.0,14.6,15.3,0.0
2050-11-16 09:00:00,2050-11-16 07:00:00,1492.6,438.7,0.0,6.9,1938.3,1446.6,445.3,445.3,0.0,0.0308,0.039,battery,gas-cc,0.0,0.0,0.0,0.0,0.0,0.0,0.0,0.0,0.0,0.0,0.0,0.0,0.0,0.0,0.0,0.0,0.0,0.0,182.7,3.4,0.35,21.6,1378.2,0.08,182.9,62.7,245.6,377.1,7.1,0.71,44.5,2845.8,0.16,377.5,129.4,506.9,33.3,0.0,0.0,33.3,34.65,0.0,0.0,34.65,0.0,0.0,0.0,1493.0,1493.0,0.0,0.0,0.0,0.0,0.0,62.4,0.0,0.0,0.0,0.0,0.0,0.0,0.0,1416.0,14.5,0.0
2050-11-16 10:00:00,2050-11-16 08:00:00,1605.3,2256.0,0.0,6.9,3868.2,1554.7,445.3,445.3,0.0,0.0315,0.042,battery,gas-cc,0.0,0.0,0.0,0.0,0.0,0.0,0.0,0.0,0.0,0.0,0.0,0.0,0.0,0.0,0.0,0.0,0.0,0.0,173.2,3.3,0.33,20.5,1305.9,0.08,173.3,59.4,232.7,378.3,7.1,0.71,44.7,2854.6,0.16,378.7,129.8,508.5,33.3,0.0,0.0,33.3,34.76,0.0,0.0,34.76,0.0,0.0,0.0,3422.9,3422.9,0.0,0.0,0.0,0.0,0.0,143.9,0.0,0.0,0.0,0.0,0.0,0.0,0.0,3265.0,13.9,0.0
2050-11-16 11:00:00,2050-11-16 09:00:00,1618.9,1237.7,0.0,6.9,2863.5,1567.8,445.3,445.3,0.0,0.0316,0.0423,battery,gas-cc,0.0,0.0,0.0,0.0,0.0,0.0,0.0,0.0,0.0,0.0,0.0,0.0,0.0,0.0,0.0,0.0,0.0,0.0,184.2,3.5,0.35,21.8,1389.0,0.08,184.4,63.2,247.5,378.4,7.1,0.71,44.7,2855.6,0.16,378.8,129.8,508.7,33.3,0.0,0.0,33.3,34.77,0.0,0.0,34.77,0.0,0.0,0.0,2418.2,2418.2,0.0,0.0,0.0,0.0,0.0,101.5,0.0,0.0,0.0,0.0,0.0,0.0,0.0,2303.8,12.9,0.0
2050-11-16 12:00:00,2050-11-16 10:00:00,1564.2,1813.2,0.0,6.9,3384.3,1515.4,445.3,445.3,0.0,0.0312,0.0409,battery,gas-cc,0.0,0.0,0.0,0.0,0.0,0.0,0.0,0.0,0.0,0.0,0.0,0.0,0.0,0.0,0.0,0.0,0.0,0.0,168.9,3.2,0.32,20.0,1274.0,0.07,169.1,57.9,227.1,377.9,7.1,0.71,44.6,2851.4,0.16,378.3,129.7,507.9,33.3,0.0,0.0,33.3,34.72,0.0,0.0,34.72,0.0,0.0,0.0,2939.0,2939.0,0.0,0.0,0.0,0.0,0.0,123.7,0.0,0.0,0.0,0.0,0.0,0.0,0.0,2806.2,9.0,0.0
2050-11-16 13:00:00,2050-11-16 11:00:00,1526.3,3744.7,0.0,6.9,5277.9,1479.0,445.3,445.3,0.0,0.031,0.0399,battery,gas-cc,0.0,0.0,0.0,0.0,0.0,0.0,0.0,0.0,0.0,0.0,0.0,0.0,0.0,0.0,0.0,0.0,0.0,0.0,190.6,3.6,0.36,22.5,1437.1,0.08,190.8,65.4,256.1,377.5,7.1,0.71,44.6,2848.4,0.16,377.9,129.5,507.4,33.3,0.0,0.0,33.3,34.68,0.0,0.0,34.68,0.0,0.0,0.0,4832.6,4832.6,0.0,0.0,0.0,0.0,0.0,203.7,0.0,0.0,0.0,0.0,0.0,0.0,0.0,4623.7,5.1,0.0
2050-11-16 14:00:00,2050-11-16 12:00:00,1517.9,3422.3,0.0,6.9,4947.1,1470.9,445.3,445.3,0.0,0.031,0.0397,battery,gas-cc,0.0,0.0,0.0,0.0,0.0,0.0,0.0,0.0,0.0,0.0,0.0,0.0,0.0,0.0,0.0,0.0,0.0,0.0,170.7,3.2,0.32,20.2,1287.3,0.07,170.9,58.5,229.4,377.4,7.1,0.71,44.6,2847.8,0.16,377.8,129.5,507.3,33.3,0.0,0.0,33.3,34.68,0.0,0.0,34.68,0.0,0.0,0.0,4501.8,4501.8,0.0,0.0,0.0,0.0,0.0,190.0,0.0,0.0,0.0,0.0,0.0,0.0,0.0,4310.3,1.5,0.0
2050-11-16 15:00:00,2050-11-16 13:00:00,1538.9,1968.3,0.0,6.9,3514.2,1491.1,445.3,445.3,0.0,0.0311,0.0402,battery,gas-cc,0.0,0.0,0.0,0.0,0.0,0.0,0.0,0.0,0.0,0.0,0.0,0.0,0.0,0.0,0.0,0.0,0.0,0.0,177.7,3.4,0.34,21.0,1340.0,0.08,177.9,60.9,238.8,377.6,7.1,0.71,44.6,2849.4,0.16,378.0,129.6,507.6,33.3,0.0,0.0,33.3,34.7,0.0,0.0,34.7,0.0,0.0,0.0,3068.9,3068.9,0.0,0.0,0.0,0.0,0.0,129.5,0.0,0.0,0.0,0.0,0.0,0.0,0.0,2938.7,0.7,0.0
2050-11-16 16:00:00,2050-11-16 14:00:00,1521.1,928.0,0.0,6.9,2456.0,1473.9,445.3,445.3,0.0,0.031,0.0398,battery,gas-cc,0.0,0.0,0.0,0.0,0.0,0.0,0.0,0.0,0.0,0.0,0.0,0.0,0.0,0.0,0.0,0.0,0.0,0.0,196.1,3.7,0.37,23.2,1479.2,0.09,196.3,67.3,263.6,377.4,7.1,0.71,44.6,2848.0,0.16,377.8,129.5,507.3,33.3,0.0,0.0,33.3,34.68,0.0,0.0,34.68,0.0,0.0,0.0,2010.7,2010.7,0.0,0.0,0.0,0.0,0.0,84.9,0.0,0.0,0.0,0.0,0.0,0.0,0.0,1925.7,0.1,0.0
2050-11-16 17:00:00,2050-11-16 15:00:00,1562.1,0.0,0.0,10.7,1572.8,1513.3,702.3,0.0,1640.0,0.0312,0.0409,battery,gas-cc,121.0,2.3,0.23,14.3,913.1,0.05,121.1,41.5,162.7,124.9,2.4,0.24,14.8,942.6,0.05,125.0,42.9,167.9,200.7,3.8,0.38,23.7,1512.3,0.09,200.9,68.8,269.7,420.0,7.9,0.79,49.6,3169.3,0.18,420.4,144.1,564.5,39.83,0.0,0.0,39.83,41.53,0.0,0.0,41.53,0.0,0.0,0.0,3212.7,870.5,1269.5,0.0,0.0,0.0,0.0,36.7,1072.7,0.0,0.0,0.0,0.0,0.0,0.0,832.8,1.0,0.0
2050-11-16 18:00:00,2050-11-16 16:00:00,1647.4,0.0,0.0,26.2,1673.6,1595.0,1548.5,0.0,2644.6,0.0318,0.0431,battery,gas-cc,90.0,1.7,0.17,10.6,679.4,0.04,90.1,30.9,121.0,93.0,1.8,0.18,11.0,701.7,0.04,93.1,31.9,125.0,180.8,3.4,0.34,21.4,1363.2,0.08,181.0,62.0,243.0,449.3,8.5,0.85,53.1,3390.3,0.19,449.8,154.2,603.9,39.83,0.0,0.0,39.83,41.63,0.0,0.0,41.63,0.0,0.0,0.0,4318.2,125.1,3120.4,0.0,0.0,0.0,0.0,5.2,1072.7,0.0,0.0,0.0,0.0,0.0,0.0,119.1,0.7,0.0
2050-11-16 19:00:00,2050-11-16 17:00:00,1786.3,0.0,0.0,10.7,1797.0,1727.7,1793.2,0.0,1640.0,0.0328,0.0467,battery,gas-cc,113.1,2.1,0.21,13.4,853.6,0.05,113.2,38.8,152.0,116.9,2.2,0.22,13.8,882.5,0.05,117.1,40.1,157.2,154.5,2.9,0.29,18.3,1164.9,0.07,154.7,53.0,207.7,450.6,8.5,0.85,53.2,3400.5,0.2,451.1,154.6,605.7,39.83,0.0,0.0,39.83,41.79,0.0,0.0,41.79,0.0,0.0,0.0,3436.9,3.8,2360.4,0.0,0.0,0.0,0.0,0.0,1072.7,0.0,0.0,0.0,0.0,0.0,0.0,0.0,3.8,0.0
2050-11-16 20:00:00,2050-11-16 18:00:00,1904.2,0.0,0.0,10.7,1914.9,1839.9,1906.1,0.0,1640.0,0.0338,0.0498,battery,gas-cc,109.4,2.1,0.21,12.9,825.3,0.05,109.5,37.5,147.0,113.2,2.1,0.21,13.4,854.1,0.05,113.3,38.8,152.1,161.1,3.0,0.31,19.0,1212.6,0.07,161.3,55.2,216.5,423.9,8.0,0.8,50.1,3199.1,0.18,424.4,145.5,569.9,39.83,0.0,0.0,39.83,41.92,0.0,0.0,41.92,0.0,0.0,0.0,3554.8,8.8,2473.3,0.0,0.0,0.0,0.0,0.0,1072.7,0.0,0.0,0.0,0.0,0.0,0.0,0.0,8.8,0.0
2050-11-16 21:00:00,2050-11-16 19:00:00,1876.8,0.0,0.0,10.7,1887.5,1813.9,1877.2,0.0,1640.0,0.0335,0.0491,battery,gas-cc,110.2,2.1,0.21,13.0,831.7,0.05,110.3,37.8,148.1,114.0,2.1,0.21,13.5,860.5,0.05,114.2,39.1,153.3,172.9,3.3,0.34,20.4,1293.7,0.08,173.1,59.0,232.1,423.6,8.0,0.8,50.0,3196.7,0.18,424.1,145.4,569.4,39.83,0.0,0.0,39.83,41.89,0.0,0.0,41.89,0.0,0.0,0.0,3527.5,10.3,2444.4,0.0,0.0,0.0,0.0,0.0,1072.7,0.0,0.0,0.0,0.0,0.0,0.0,0.0,10.3,0.0
2050-11-16 22:00:00,2050-11-16 20:00:00,1791.6,0.0,0.0,10.7,1802.2,1732.7,1794.3,0.0,1640.0,0.0328,0.0469,battery,gas-cc,112.9,2.1,0.21,13.3,852.3,0.05,113.1,38.8,151.8,116.8,2.2,0.22,13.8,881.2,0.05,116.9,40.1,157.0,153.0,2.9,0.29,18.1,1153.4,0.07,153.1,52.5,205.6,422.6,8.0,0.8,49.9,3189.2,0.18,423.1,145.0,568.1,39.83,0.0,0.0,39.83,41.79,0.0,0.0,41.79,0.0,0.0,0.0,3442.2,7.9,2361.6,0.0,0.0,0.0,0.0,0.0,1072.7,0.0,0.0,0.0,0.0,0.0,0.0,0.0,7.9,0.0
2050-11-16 23:00:00,2050-11-16 21:00:00,1695.8,0.0,0.0,10.7,1706.4,1641.3,1703.2,0.0,1640.0,0.0321,0.0443,battery,gas-cc,116.2,2.2,0.22,13.7,876.7,0.05,116.3,39.9,156.2,120.0,2.3,0.23,14.2,905.8,0.05,120.2,41.2,161.4,157.4,3.0,0.3,18.6,1186.9,0.07,157.6,54.0,211.6,421.5,7.9,0.79,49.8,3180.9,0.18,422.0,144.6,566.6,39.83,0.0,0.0,39.83,41.68,0.0,0.0,41.68,0.0,0.0,0.0,3346.4,3.2,2270.5,0.0,0.0,0.0,0.0,0.0,1072.7,0.0,0.0,0.0,0.0,0.0,0.0,0.0,3.2,0.0
2050-11-17 00:00:00,2050-11-16 22:00:00,1580.0,0.0,0.0,22.0,1602.0,1530.5,1595.8,0.0,2370.3,0.0313,0.0413,gas-cc,gas-cc,97.9,1.8,0.18,11.6,738.5,0.04,98.0,33.6,131.6,101.0,1.9,0.19,11.9,762.4,0.04,101.1,34.7,135.8,154.5,2.9,0.29,18.3,1164.9,0.07,154.7,53.0,207.7,425.1,8.0,0.8,50.2,3207.6,0.18,425.5,145.8,571.4,49.41,0.0,0.0,49.41,51.54,0.0,0.0,51.54,0.0,0.0,0.0,3972.3,6.2,2893.4,0.0,0.0,0.0,0.0,0.0,1072.7,0.0,0.0,0.0,0.0,0.0,0.0,0.0,6.2,0.0
2050-11-17 01:00:00,2050-11-16 23:00:00,1443.2,0.0,0.0,23.4,1466.5,1399.1,1459.6,0.0,2460.4,0.0306,0.0377,hydro,gas-cc,99.0,1.9,0.19,11.7,747.1,0.04,99.1,34.0,133.1,102.1,1.9,0.19,12.1,770.6,0.04,102.2,35.1,137.3,154.6,2.9,0.29,18.3,1166.0,0.07,154.8,53.0,207.9,381.7,7.2,0.72,45.1,2880.4,0.17,382.1,131.0,513.1,42.52,0.0,0.0,42.52,44.19,0.0,0.0,44.19,0.0,0.0,0.0,3926.9,6.9,2847.3,0.0,0.0,0.0,0.0,0.0,1072.7,0.0,0.0,0.0,0.0,0.0,0.0,0.0,6.9,0.0
2050-11-17 02:00:00,2050-11-17 00:00:00,1293.7,0.0,0.0,10.7,1304.3,1254.9,1294.9,0.0,1640.0,0.0299,0.0338,battery,gas-cc,132.0,2.5,0.25,15.6,996.4,0.06,132.2,45.3,177.5,136.1,2.6,0.26,16.1,1027.2,0.06,136.3,46.7,183.0,197.7,3.7,0.37,23.4,1491.4,0.09,198.0,67.8,265.8,444.6,8.4,0.84,52.5,3355.1,0.19,445.1,152.6,597.7,40.75,0.0,0.0,40.75,42.17,0.0,0.0,42.17,0.0,0.0,0.0,2944.3,9.4,1862.1,0.0,0.0,0.0,0.0,0.0,1072.7,0.0,0.0,0.0,0.0,0.0,0.0,0.0,9.4,0.0
2050-11-17 03:00:00,2050-11-17 01:00:00,1211.6,0.0,0.0,3.7,1215.3,1175.5,1201.1,0.0,574.6,0.0298,0.0317,gas-cc,gas-cc,217.2,4.1,0.41,25.7,1639.0,0.09,217.4,74.5,292.0,223.9,4.2,0.42,26.5,1689.3,0.1,224.1,76.8,300.9,183.6,3.5,0.35,21.7,1384.2,0.08,183.8,63.0,246.7,403.3,7.6,0.76,47.6,3043.4,0.17,403.7,138.4,542.1,40.41,0.0,0.0,40.41,41.74,0.0,0.0,41.74,0.0,0.0,0.0,1789.9,14.2,702.9,0.0,0.0,0.0,0.0,0.0,1072.7,0.0,0.0,0.0,0.0,0.0,0.0,0.0,14.2,0.0
2050-11-17 04:00:00,2050-11-17 02:00:00,1149.5,0.0,0.0,1.0,1150.5,1115.3,1129.6,0.0,150.3,0.0297,0.0301,battery,gas-cc,298.9,5.6,0.56,35.3,2255.3,0.13,299.2,102.6,401.7,308.0,5.8,0.58,36.4,2324.4,0.13,308.4,105.7,414.0,245.8,4.6,0.46,29.0,1854.6,0.11,246.1,84.3,330.4,402.6,7.6,0.76,47.6,3038.3,0.17,403.1,138.2,541.2,40.41,0.0,0.0,40.41,41.67,0.0,0.0,41.67,0.0,0.0,0.0,1300.8,20.8,207.2,0.0,0.0,0.0,0.0,0.0,1072.7,0.0,0.0,0.0,0.0,0.0,0.0,0.0,20.8,0.0
2050-11-17 05:00:00,2050-11-17 03:00:00,1118.9,0.0,0.0,0.2,1119.1,1085.7,1102.9,30.2,0.0,0.0297,0.0293,gas-cc,gas-cc,357.0,6.7,0.67,42.2,2693.9,0.15,357.4,122.5,479.9,361.7,6.8,0.68,42.8,2729.5,0.16,362.1,124.2,486.3,277.6,5.3,0.53,32.8,2089.5,0.12,277.9,95.1,373.0,362.4,6.8,0.68,42.8,2734.7,0.16,362.8,124.3,487.1,40.01,0.0,0.0,40.01,41.22,0.0,0.0,41.22,0.0,0.0,0.0,1089.0,16.2,0.0,0.0,0.0,0.0,0.0,0.0,1072.7,0.0,0.0,0.0,0.0,0.0,0.0,0.0,16.2,0.0
2050-11-17 06:00:00,2050-11-17 04:00:00,1118.9,0.0,0.0,0.2,1119.1,1085.7,1103.1,30.4,0.0,0.0297,0.0293,gas-cc,gas-cc,357.1,6.7,0.67,42.2,2694.5,0.15,357.5,122.5,480.0,362.7,6.8,0.68,42.9,2737.2,0.16,363.1,124.5,487.6,237.1,4.5,0.45,28.0,1788.6,0.1,237.3,81.3,318.7,362.4,6.8,0.68,42.8,2734.7,0.16,362.8,124.3,487.1,40.01,0.0,0.0,40.01,41.22,0.0,0.0,41.22,0.0,0.0,0.0,1088.8,16.0,0.0,0.0,0.0,0.0,0.0,0.0,1072.7,0.0,0.0,0.0,0.0,0.0,0.0,0.0,16.0,0.0
2050-11-17 07:00:00,2050-11-17 05:00:00,1177.9,0.0,0.0,0.6,1178.5,1142.9,1169.3,96.6,0.0,0.0297,0.0308,battery,gas-cc,359.3,6.8,0.68,42.4,2711.5,0.16,359.7,123.3,483.0,354.5,6.7,0.67,42.1,2675.9,0.16,354.9,121.9,476.8,190.6,3.6,0.36,22.5,1437.5,0.08,190.8,65.4,256.2,379.0,7.1,0.71,44.8,2859.8,0.16,379.4,130.0,509.4,40.13,0.0,0.0,40.13,41.4,0.0,0.0,41.4,0.0,0.0,0.0,1082.0,9.2,0.0,0.0,0.0,0.0,0.0,0.0,1072.7,0.0,0.0,0.0,0.0,0.0,0.0,0.0,9.2,0.0
2050-11-17 08:00:00,2050-11-17 06:00:00,1327.4,0.0,0.0,9.2,1336.6,1287.5,1330.2,0.0,1421.1,0.0301,0.0347,gas-cc,gas-cc,141.0,2.7,0.27,16.7,1063.8,0.06,141.1,48.4,189.5,145.3,2.7,0.27,17.2,1096.8,0.06,145.5,49.9,195.4,288.8,5.4,0.54,34.1,2179.0,0.13,289.1,99.1,388.2,422.2,8.0,0.8,49.9,3185.7,0.18,422.6,144.9,567.5,38.95,0.0,0.0,38.95,40.35,0.0,0.0,40.35,0.0,0.0,0.0,2757.7,6.4,1678.6,0.0,0.0,0.0,0.0,0.0,1072.7,0.0,0.0,0.0,0.0,0.0,0.0,0.0,6.4,0.0
2050-11-17 09:00:00,2050-11-17 07:00:00,1455.8,0.0,0.0,5.6,1461.4,1411.2,527.7,362.0,0.0,0.0306,0.0381,gas-cc,gas-cc,54.6,1.0,0.1,6.5,412.1,0.02,54.7,18.7,73.4,42.4,0.8,0.08,5.0,319.8,0.02,42.4,14.5,57.0,139.8,2.6,0.26,16.5,1053.6,0.06,139.9,47.9,187.8,376.7,7.1,0.71,44.5,2843.0,0.16,377.1,129.3,506.4,34.44,0.0,0.0,34.44,35.81,0.0,0.0,35.81,0.0,0.0,0.0,1099.4,933.7,0.0,0.0,0.0,0.0,0.0,39.3,165.7,0.0,0.0,0.0,0.0,0.0,0.0,891.8,2.6,0.0
2050-11-17 10:00:00,2050-11-17 08:00:00,1574.7,2755.7,0.0,8.9,4339.3,1525.5,-293.9,317.4,611.2,0.0313,0.0412,battery,gas-cc,0.0,0.0,0.0,0.0,0.0,0.0,0.0,0.0,0.0,0.0,0.0,0.0,0.0,0.0,0.0,0.0,0.0,0.0,139.9,2.6,0.26,16.5,1054.4,0.06,140.0,48.0,188.0,350.0,6.6,0.66,41.3,2641.3,0.15,350.4,120.1,470.5,22.51,0.0,0.0,22.51,23.47,0.0,0.0,23.47,0.0,0.0,0.0,4633.2,4633.2,0.0,0.0,0.0,0.0,0.0,195.4,0.0,0.0,0.0,0.0,0.0,0.0,0.0,4436.3,1.4,0.0
2050-11-17 11:00:00,2050-11-17 09:00:00,1577.9,3435.1,0.0,0.1,5013.1,1528.5,-20.7,0.0,20.7,0.0313,0.0413,battery,gas-cc,0.0,0.0,0.0,0.0,0.0,0.0,0.0,0.0,0.0,0.0,0.0,0.0,0.0,0.0,0.0,0.0,0.0,0.0,139.9,2.6,0.26,16.5,1054.4,0.06,140.0,48.0,188.0,325.8,6.1,0.61,38.5,2458.8,0.14,326.2,111.8,438.0,22.51,0.0,0.0,22.51,23.47,0.0,0.0,23.47,0.0,0.0,0.0,5033.9,5033.9,0.0,0.0,0.0,0.0,0.0,212.4,0.0,0.0,0.0,0.0,0.0,0.0,0.0,4820.8,0.6,0.0
2050-11-17 12:00:00,2050-11-17 10:00:00,1521.1,3178.2,0.0,4.2,4703.5,1473.9,255.9,266.0,10.2,0.031,0.0398,battery,gas-cc,0.0,0.0,0.0,0.0,0.0,0.0,0.0,0.0,0.0,0.0,0.0,0.0,0.0,0.0,0.0,0.0,0.0,0.0,139.8,2.6,0.26,16.5,1054.0,0.06,140.0,47.9,187.9,325.3,6.1,0.61,38.4,2455.0,0.14,325.7,111.6,437.3,22.51,0.0,0.0,22.51,23.44,0.0,0.0,23.44,0.0,0.0,0.0,4447.6,4447.6,0.0,0.0,0.0,0.0,0.0,187.7,0.0,0.0,0.0,0.0,0.0,0.0,0.0,4258.6,1.3,0.0
2050-11-17 13:00:00,2050-11-17 11:00:00,1487.4,3240.3,0.0,8.2,4735.9,1441.6,-405.6,253.3,658.9,0.0308,0.0389,battery,gas-cc,0.0,0.0,0.0,0.0,0.0,0.0,0.0,0.0,0.0,0.0,0.0,0.0,0.0,0.0,0.0,0.0,0.0,0.0,164.8,3.1,0.31,19.5,1242.7,0.07,165.0,56.5,221.5,349.2,6.6,0.66,41.2,2635.0,0.15,349.6,119.8,469.4,22.51,0.0,0.0,22.51,23.42,0.0,0.0,23.42,0.0,0.0,0.0,5141.5,5141.5,0.0,0.0,0.0,0.0,0.0,216.7,0.0,0.0,0.0,0.0,0.0,0.0,0.0,4917.8,7.0,0.0
2050-11-17 14:00:00,2050-11-17 12:00:00,1510.5,3753.9,0.0,4.0,5268.4,1463.8,25.1,187.2,162.1,0.0309,0.0395,battery,gas-cc,0.0,0.0,0.0,0.0,0.0,0.0,0.0,0.0,0.0,0.0,0.0,0.0,0.0,0.0,0.0,0.0,0.0,0.0,170.3,3.2,0.32,20.1,1284.1,0.07,170.5,58.4,228.9,349.4,6.6,0.66,41.3,2636.7,0.15,349.8,119.9,469.7,22.51,0.0,0.0,22.51,23.43,0.0,0.0,23.43,0.0,0.0,0.0,5243.3,5243.3,0.0,0.0,0.0,0.0,0.0,221.0,0.0,0.0,0.0,0.0,0.0,0.0,0.0,5014.7,7.6,0.0
2050-11-17 15:00:00,2050-11-17 13:00:00,1535.8,3564.0,0.0,7.0,5106.8,1488.1,252.6,392.6,140.0,0.0311,0.0402,battery,gas-cc,0.0,0.0,0.0,0.0,0.0,0.0,0.0,0.0,0.0,0.0,0.0,0.0,0.0,0.0,0.0,0.0,0.0,0.0,158.0,3.0,0.3,18.7,1191.5,0.07,158.2,54.2,212.4,349.6,6.6,0.66,41.3,2638.5,0.15,350.0,120.0,470.0,22.51,0.0,0.0,22.51,23.45,0.0,0.0,23.45,0.0,0.0,0.0,4854.2,4854.2,0.0,0.0,0.0,0.0,0.0,204.6,0.0,0.0,0.0,0.0,0.0,0.0,0.0,4643.1,6.4,0.0
2050-11-17 16:00:00,2050-11-17 14:00:00,1553.7,4019.6,0.0,10.7,5583.9,1505.3,-137.1,445.3,582.4,0.0312,0.0406,battery,gas-cc,0.0,0.0,0.0,0.0,0.0,0.0,0.0,0.0,0.0,0.0,0.0,0.0,0.0,0.0,0.0,0.0,0.0,0.0,147.3,2.8,0.28,17.4,1110.4,0.06,147.4,50.5,197.9,349.8,6.6,0.66,41.3,2639.8,0.15,350.2,120.0,470.2,22.51,0.0,0.0,22.51,23.46,0.0,0.0,23.46,0.0,0.0,0.0,5721.0,5721.0,0.0,0.0,0.0,0.0,0.0,241.3,0.0,0.0,0.0,0.0,0.0,0.0,0.0,5473.5,6.2,0.0
2050-11-17 17:00:00,2050-11-17 15:00:00,1626.3,3178.2,0.0,5.3,4809.9,1574.9,-554.1,77.8,631.9,0.0316,0.0425,gas-cc,gas-cc,0.0,0.0,0.0,0.0,0.0,0.0,0.0,0.0,0.0,0.0,0.0,0.0,0.0,0.0,0.0,0.0,0.0,0.0,164.3,3.1,0.31,19.4,1238.7,0.07,164.4,56.3,220.8,367.4,6.9,0.69,43.4,2772.6,0.16,367.8,126.1,493.9,22.51,0.0,0.0,22.51,23.51,0.0,0.0,23.51,0.0,0.0,0.0,5364.0,5364.0,0.0,0.0,0.0,0.0,0.0,226.1,0.0,0.0,0.0,0.0,0.0,0.0,0.0,5131.0,6.9,0.0
2050-11-17 18:00:00,2050-11-17 16:00:00,1711.6,0.0,0.0,10.7,1722.2,1656.4,466.6,0.0,1640.0,0.0322,0.0448,battery,gas-cc,0.0,0.0,0.0,0.0,0.0,0.0,0.0,0.0,0.0,0.0,0.0,0.0,0.0,0.0,0.0,0.0,0.0,0.0,251.6,4.7,0.47,29.7,1898.6,0.11,251.9,86.3,338.3,363.3,6.8,0.68,42.9,2741.8,0.16,363.7,124.7,488.4,31.71,0.0,0.0,31.71,33.19,0.0,0.0,33.19,0.0,0.0,0.0,3362.2,1255.6,2106.6,0.0,0.0,0.0,0.0,52.6,0.0,0.0,0.0,0.0,0.0,0.0,0.0,1192.3,10.8,0.0
2050-11-17 19:00:00,2050-11-17 17:00:00,1820.0,0.0,0.0,5.9,1825.9,1759.8,1818.0,251.6,301.7,0.0331,0.0476,battery,gas-cc,0.0,0.0,0.0,0.0,0.0,0.0,0.0,0.0,0.0,0.0,0.0,0.0,0.0,0.0,0.0,0.0,0.0,0.0,201.7,3.8,0.38,23.8,1521.2,0.09,201.9,69.2,271.1,369.4,7.0,0.7,43.6,2787.3,0.16,369.8,126.7,496.5,31.71,0.0,0.0,31.71,33.29,0.0,0.0,33.29,0.0,0.0,0.0,1876.0,7.8,1868.1,0.0,0.0,0.0,0.0,0.0,0.0,0.0,0.0,0.0,0.0,0.0,0.0,0.0,7.8,0.0
2050-11-17 20:00:00,2050-11-17 18:00:00,1914.7,0.0,0.0,6.5,1921.3,1849.9,1920.1,88.3,795.0,0.0338,0.0501,gas-cc,gas-cc,0.0,0.0,0.0,0.0,0.0,0.0,0.0,0.0,0.0,0.0,0.0,0.0,0.0,0.0,0.0,0.0,0.0,0.0,153.0,2.9,0.29,18.1,1153.3,0.07,153.1,52.5,205.6,370.3,7.0,0.7,43.7,2794.6,0.16,370.7,127.1,497.8,31.71,0.0,0.0,31.71,33.38,0.0,0.0,33.38,0.0,0.0,0.0,2627.9,1.2,2626.7,0.0,0.0,0.0,0.0,0.0,0.0,0.0,0.0,0.0,0.0,0.0,0.0,0.0,1.2,0.0
2050-11-17 21:00:00,2050-11-17 19:00:00,1878.9,0.0,0.0,7.2,1886.2,1815.9,1885.7,52.0,987.8,0.0335,0.0491,gas-cc,gas-cc,0.0,0.0,0.0,0.0,0.0,0.0,0.0,0.0,0.0,0.0,0.0,0.0,0.0,0.0,0.0,0.0,0.0,0.0,168.4,3.2,0.32,19.9,1270.1,0.07,168.6,57.8,226.4,370.0,7.0,0.7,43.7,2791.8,0.16,370.4,126.9,497.3,31.71,0.0,0.0,31.71,33.34,0.0,0.0,33.34,0.0,0.0,0.0,2822.0,0.4,2821.5,0.0,0.0,0.0,0.0,0.0,0.0,0.0,0.0,0.0,0.0,0.0,0.0,0.0,0.4,0.0
2050-11-17 22:00:00,2050-11-17 20:00:00,1754.7,0.0,0.0,10.4,1765.2,1697.6,1765.0,105.0,1356.3,0.0326,0.0459,battery,gas-cc,0.0,0.0,0.0,0.0,0.0,0.0,0.0,0.0,0.0,0.0,0.0,0.0,0.0,0.0,0.0,0.0,0.0,0.0,174.2,3.3,0.33,20.6,1313.8,0.08,174.4,59.8,234.1,368.7,6.9,0.69,43.6,2782.3,0.16,369.1,126.5,495.6,31.71,0.0,0.0,31.71,33.23,0.0,0.0,33.23,0.0,0.0,0.0,3016.6,0.2,3016.4,0.0,0.0,0.0,0.0,0.0,0.0,0.0,0.0,0.0,0.0,0.0,0.0,0.0,0.2,0.0
2050-11-17 23:00:00,2050-11-17 21:00:00,1665.3,0.0,0.0,7.0,1672.3,1612.1,1672.3,0.0,1084.3,0.0319,0.0435,battery,gas-cc,0.0,0.0,0.0,0.0,0.0,0.0,0.0,0.0,0.0,0.0,0.0,0.0,0.0,0.0,0.0,0.0,0.0,0.0,158.4,3.0,0.3,18.7,1194.7,0.07,158.6,54.3,213.0,367.8,6.9,0.69,43.4,2775.5,0.16,368.2,126.2,494.4,31.71,0.0,0.0,31.71,33.15,0.0,0.0,33.15,0.0,0.0,0.0,2756.6,0.0,2756.6,0.0,0.0,0.0,0.0,0.0,0.0,0.0,0.0,0.0,0.0,0.0,0.0,0.0,0.0,0.0
2050-11-18 00:00:00,2050-11-17 22:00:00,1546.3,0.0,0.0,17.6,1563.9,1498.2,1563.9,445.3,1640.0,0.0311,0.0404,battery,gas-cc,0.0,0.0,0.0,0.0,0.0,0.0,0.0,0.0,0.0,0.0,0.0,0.0,0.0,0.0,0.0,0.0,0.0,0.0,152.3,2.9,0.29,18.0,1148.2,0.07,152.5,52.2,204.7,357.4,6.7,0.67,42.2,2697.4,0.15,357.8,122.6,480.5,31.44,0.0,0.0,31.44,32.77,0.0,0.0,32.77,0.0,0.0,0.0,2758.5,0.0,2758.5,0.0,0.0,0.0,0.0,0.0,0.0,0.0,0.0,0.0,0.0,0.0,0.0,0.0,0.0,0.0
2050-11-18 01:00:00,2050-11-17 23:00:00,1420.0,0.0,0.0,16.7,1436.7,1376.8,1436.5,391.0,1640.0,0.0304,0.0371,battery,gas-cc,0.0,0.0,0.0,0.0,0.0,0.0,0.0,0.0,0.0,0.0,0.0,0.0,0.0,0.0,0.0,0.0,0.0,0.0,151.0,2.9,0.29,17.8,1137.5,0.07,151.1,51.8,202.9,356.2,6.7,0.67,42.1,2688.1,0.15,356.6,122.2,478.8,31.46,0.0,0.0,31.46,32.68,0.0,0.0,32.68,0.0,0.0,0.0,2685.6,0.2,2685.4,0.0,0.0,0.0,0.0,0.0,0.0,0.0,0.0,0.0,0.0,0.0,0.0,0.0,0.2,0.0
2050-11-18 02:00:00,2050-11-18 00:00:00,1311.6,0.0,0.0,12.7,1324.3,1272.2,1323.9,445.3,890.7,0.03,0.0343,gas-cc,gas-cc,0.0,0.0,0.0,0.0,0.0,0.0,0.0,0.0,0.0,0.0,0.0,0.0,0.0,0.0,0.0,0.0,0.0,0.0,163.0,3.1,0.31,19.3,1229.1,0.07,163.2,55.9,219.1,364.3,6.9,0.69,43.0,2748.9,0.16,364.7,125.0,489.7,31.44,0.0,0.0,31.44,32.56,0.0,0.0,32.56,0.0,0.0,0.0,1769.6,0.4,1769.2,0.0,0.0,0.0,0.0,0.0,0.0,0.0,0.0,0.0,0.0,0.0,0.0,0.0,0.4,0.0
2050-11-18 03:00:00,2050-11-18 01:00:00,1195.8,0.0,0.0,7.6,1203.4,1160.2,1202.9,555.7,0.0,0.0297,0.0313,battery,gas-cc,0.0,0.0,0.0,0.0,0.0,0.0,0.0,0.0,0.0,0.0,0.0,0.0,0.3,0.7,0.01,0.0,0.3,0.3,150.6,2.8,0.28,17.8,1135.6,0.07,150.8,51.7,202.4,369.7,7.0,0.7,43.7,2789.9,0.16,370.1,126.9,497.0,30.65,0.0,0.0,30.65,31.64,0.0,0.0,31.64,0.0,0.0,0.0,647.7,0.5,647.2,0.0,0.0,0.0,0.0,0.0,0.0,0.0,0.0,0.0,0.0,0.0,0.0,0.0,0.5,0.0
2050-11-18 04:00:00,2050-11-18 02:00:00,1138.9,0.0,0.0,11.5,1150.4,1105.1,1149.8,1149.8,0.0,0.0297,0.0298,hydro,gas-cc,0.0,0.0,0.0,0.0,0.0,0.0,0.0,0.0,0.0,0.0,0.0,0.0,2.0,4.7,0.04,0.0,2.2,2.2,194.3,3.7,0.37,22.9,1465.1,0.08,194.5,66.6,261.1,408.3,7.7,0.77,48.2,3081.2,0.18,408.8,140.1,548.9,27.78,0.0,0.0,27.78,28.63,0.0,0.0,28.63,0.0,0.0,0.0,0.6,0.6,0.0,0.0,0.0,0.0,0.0,0.0,0.0,0.0,0.0,0.0,0.0,0.0,0.0,0.0,0.6,0.0
2050-11-18 05:00:00,2050-11-18 03:00:00,1105.3,0.0,0.0,11.3,1116.5,1072.4,1115.3,1115.3,0.0,0.0297,0.0289,hydro,gas-cc,0.0,0.0,0.0,0.0,0.0,0.0,0.0,0.0,0.0,0.0,0.0,0.0,2.1,4.8,0.05,0.0,2.2,2.2,145.7,2.8,0.28,17.2,1098.7,0.06,145.9,50.0,195.9,367.2,6.9,0.69,43.4,2770.6,0.16,367.5,126.0,493.5,27.78,0.0,0.0,27.78,28.61,0.0,0.0,28.61,0.0,0.0,0.0,1.2,1.2,0.0,0.0,0.0,0.0,0.0,0.0,0.0,0.0,0.0,0.0,0.0,0.0,0.0,0.0,1.2,0.0
2050-11-18 06:00:00,2050-11-18 04:00:00,1077.9,0.0,0.0,11.1,1089.0,1045.8,1086.4,1086.4,0.0,0.0297,0.0282,hydro,gas-cc,0.0,0.0,0.0,0.0,0.0,0.0,0.0,0.0,0.0,0.0,0.0,0.0,2.1,4.8,0.05,0.0,2.2,2.2,152.4,2.9,0.29,18.0,1149.2,0.07,152.6,52.3,204.9,366.9,6.9,0.69,43.3,2768.6,0.16,367.3,125.9,493.2,27.78,0.0,0.0,27.78,28.59,0.0,0.0,28.59,0.0,0.0,0.0,2.6,2.6,0.0,0.0,0.0,0.0,0.0,0.0,0.0,0.0,0.0,0.0,0.0,0.0,0.0,0.0,2.6,0.0
2050-11-18 07:00:00,2050-11-18 05:00:00,1087.4,0.0,0.0,11.1,1098.5,1055.0,1095.4,1095.4,0.0,0.0297,0.0284,hydro,gas-cc,0.0,0.0,0.0,0.0,0.0,0.0,0.0,0.0,0.0,0.0,0.0,0.0,2.1,4.8,0.05,0.0,2.2,2.2,180.6,3.4,0.34,21.3,1361.7,0.08,180.8,61.9,242.7,367.0,6.9,0.69,43.4,2769.3,0.16,367.4,125.9,493.3,27.78,0.0,0.0,27.78,28.59,0.0,0.0,28.59,0.0,0.0,0.0,3.1,3.1,0.0,0.0,0.0,0.0,0.0,0.0,0.0,0.0,0.0,0.0,0.0,0.0,0.0,0.0,3.1,0.0
2050-11-18 08:00:00,2050-11-18 06:00:00,1133.7,0.0,0.0,11.4,1145.1,1100.0,1141.4,1141.4,0.0,0.0297,0.0296,hydro,gas-cc,0.0,0.0,0.0,0.0,0.0,0.0,0.0,0.0,0.0,0.0,0.0,0.0,2.0,4.7,0.04,0.0,2.2,2.2,146.8,2.8,0.28,17.3,1106.5,0.06,146.9,50.3,197.3,367.4,6.9,0.69,43.4,2772.7,0.16,367.8,126.1,493.9,27.78,0.0,0.0,27.78,28.63,0.0,0.0,28.63,0.0,0.0,0.0,3.7,3.7,0.0,0.0,0.0,0.0,0.0,0.0,0.0,0.0,0.0,0.0,0.0,0.0,0.0,0.0,3.7,0.0
2050-11-18 09:00:00,2050-11-18 07:00:00,1201.1,0.0,0.0,9.1,1210.2,1165.3,789.9,789.9,0.0,0.0297,0.0314,canada,gas-cc,0.0,0.0,0.0,0.0,0.0,0.0,0.0,0.0,0.0,0.0,0.0,0.0,0.6,1.4,0.01,0.0,0.6,0.6,192.6,3.6,0.36,22.8,1453.0,0.08,192.9,66.1,258.9,363.2,6.8,0.68,42.9,2740.7,0.16,363.6,124.6,488.2,23.82,0.0,0.0,23.82,24.59,0.0,0.0,24.59,0.0,0.0,0.0,420.3,420.3,0.0,0.0,0.0,0.0,0.0,17.6,0.0,0.0,0.0,0.0,0.0,0.0,0.0,398.4,4.3,0.0
2050-11-18 10:00:00,2050-11-18 08:00:00,1291.6,1580.5,0.0,12.1,2884.2,1252.9,1243.2,1243.2,0.0,0.0299,0.0338,battery,gas-cc,0.0,0.0,0.0,0.0,0.0,0.0,0.0,0.0,0.0,0.0,0.0,0.0,0.4,0.9,0.01,0.0,0.4,0.4,142.6,2.7,0.27,16.9,1075.2,0.06,142.8,48.9,191.7,291.0,5.5,0.55,34.4,2195.8,0.13,291.3,99.8,391.1,22.95,0.0,0.0,22.95,23.75,0.0,0.0,23.75,0.0,0.0,0.0,1641.0,1641.0,0.0,0.0,0.0,0.0,0.0,69.1,0.0,0.0,0.0,0.0,0.0,0.0,0.0,1567.1,4.8,0.0
2050-11-18 11:00:00,2050-11-18 09:00:00,1355.8,2762.4,0.0,12.1,4130.2,1314.9,1243.2,1243.2,0.0,0.0302,0.0355,battery,gas-cc,0.0,0.0,0.0,0.0,0.0,0.0,0.0,0.0,0.0,0.0,0.0,0.0,0.3,0.6,0.01,0.0,0.3,0.3,140.9,2.7,0.27,16.6,1062.2,0.06,141.0,48.3,189.4,291.5,5.5,0.55,34.4,2199.6,0.13,291.8,100.0,391.8,22.95,0.0,0.0,22.95,23.79,0.0,0.0,23.79,0.0,0.0,0.0,2887.1,2887.1,0.0,0.0,0.0,0.0,0.0,121.7,0.0,0.0,0.0,0.0,0.0,0.0,0.0,2762.6,2.8,0.0
2050-11-18 12:00:00,2050-11-18 10:00:00,1389.5,4003.1,0.0,12.1,5404.7,1347.4,1243.2,1243.2,0.0,0.0303,0.0363,battery,gas-cc,0.0,0.0,0.0,0.0,0.0,0.0,0.0,0.0,0.0,0.0,0.0,0.0,0.2,0.4,0.0,0.0,0.2,0.2,141.5,2.7,0.27,16.7,1066.6,0.06,141.6,48.5,190.2,291.7,5.5,0.55,34.5,2201.6,0.13,292.1,100.1,392.2,22.95,0.0,0.0,22.95,23.82,0.0,0.0,23.82,0.0,0.0,0.0,4161.5,4161.5,0.0,0.0,0.0,0.0,0.0,175.6,0.0,0.0,0.0,0.0,0.0,0.0,0.0,3984.0,2.0,0.0
2050-11-18 13:00:00,2050-11-18 11:00:00,1425.3,4019.6,0.0,8.2,5453.0,1381.8,644.8,644.8,0.0,0.0305,0.0373,battery,gas-cc,0.0,0.0,0.0,0.0,0.0,0.0,0.0,0.0,0.0,0.0,0.0,0.0,0.0,0.1,0.0,0.0,0.0,0.0,145.0,2.7,0.27,17.1,1093.0,0.06,145.1,49.7,194.8,292.0,5.5,0.55,34.5,2203.7,0.13,292.3,100.2,392.6,21.11,0.0,0.0,21.11,21.93,0.0,0.0,21.93,0.0,0.0,0.0,4808.3,4808.3,0.0,0.0,0.0,0.0,0.0,202.6,0.0,0.0,0.0,0.0,0.0,0.0,0.0,4597.9,7.7,0.0
2050-11-18 14:00:00,2050-11-18 12:00:00,1464.2,4019.6,0.0,8.4,5492.2,1419.3,673.3,673.3,0.0,0.0307,0.0383,battery,gas-cc,0.0,0.0,0.0,0.0,0.0,0.0,0.0,0.0,0.0,0.0,0.0,0.0,0.1,0.1,0.0,0.0,0.1,0.1,140.7,2.7,0.27,16.6,1060.9,0.06,140.9,48.3,189.1,292.3,5.5,0.55,34.5,2206.1,0.13,292.7,100.3,393.0,21.11,0.0,0.0,21.11,21.95,0.0,0.0,21.95,0.0,0.0,0.0,4818.9,4818.9,0.0,0.0,0.0,0.0,0.0,202.5,0.0,0.0,0.0,0.0,0.0,0.0,0.0,4594.7,21.8,0.0
2050-11-18 15:00:00,2050-11-18 13:00:00,1500.0,3160.5,0.0,12.1,4672.6,1453.7,1243.2,1243.2,0.0,0.0309,0.0392,battery,gas-cc,0.0,0.0,0.0,0.0,0.0,0.0,0.0,0.0,0.0,0.0,0.0,0.0,0.2,0.5,0.0,0.0,0.2,0.2,139.8,2.6,0.26,16.5,1053.9,0.06,139.9,47.9,187.9,292.6,5.5,0.55,34.6,2208.2,0.13,292.9,100.4,393.4,22.95,0.0,0.0,22.95,23.89,0.0,0.0,23.89,0.0,0.0,0.0,3429.5,3429.5,0.0,0.0,0.0,0.0,0.0,141.9,0.0,0.0,0.0,0.0,0.0,0.0,0.0,3219.8,67.7,0.0
2050-11-18 16:00:00,2050-11-18 14:00:00,1535.8,1750.5,0.0,12.1,3298.4,1488.1,1243.2,1243.2,0.0,0.0311,0.0402,battery,gas-cc,0.0,0.0,0.0,0.0,0.0,0.0,0.0,0.0,0.0,0.0,0.0,0.0,0.3,0.7,0.01,0.0,0.3,0.3,149.4,2.8,0.28,17.6,1126.3,0.07,149.5,51.2,200.8,292.9,5.5,0.55,34.6,2210.4,0.13,293.2,100.5,393.7,22.95,0.0,0.0,22.95,23.91,0.0,0.0,23.91,0.0,0.0,0.0,2055.2,2055.2,0.0,0.0,0.0,0.0,0.0,83.0,0.0,0.0,0.0,0.0,0.0,0.0,0.0,1883.7,88.4,0.0
2050-11-18 17:00:00,2050-11-18 15:00:00,1580.0,728.1,0.0,12.1,2320.2,1530.5,1243.2,1243.2,0.0,0.0313,0.0413,battery,gas-cc,0.0,0.0,0.0,0.0,0.0,0.0,0.0,0.0,0.0,0.0,0.0,0.0,0.6,1.3,0.01,0.0,0.6,0.6,139.9,2.6,0.26,16.5,1054.4,0.06,140.0,48.0,188.0,293.3,5.5,0.55,34.6,2213.0,0.13,293.6,100.6,394.2,22.95,0.0,0.0,22.95,23.94,0.0,0.0,23.94,0.0,0.0,0.0,1077.1,1077.1,0.0,0.0,0.0,0.0,0.0,39.9,0.0,0.0,0.0,0.0,0.0,0.0,0.0,905.5,131.6,0.0
2050-11-18 18:00:00,2050-11-18 16:00:00,1654.7,0.0,0.0,3.8,1658.5,1602.1,1458.6,0.0,583.7,0.0318,0.0433,gas-cc,gas-cc,0.0,0.0,0.0,0.0,0.0,0.0,0.0,0.0,0.0,0.0,0.0,0.0,0.0,0.0,0.0,0.0,0.0,0.0,163.4,3.1,0.31,19.3,1232.4,0.07,163.6,56.1,219.7,400.4,7.5,0.75,47.3,3021.6,0.17,400.9,137.4,538.2,27.04,0.0,0.0,27.04,28.26,0.0,0.0,28.26,0.0,0.0,0.0,2242.2,199.9,2042.2,0.0,0.0,0.0,0.0,3.4,0.0,0.0,0.0,0.0,0.0,0.0,0.0,78.1,118.4,0.0
2050-11-18 19:00:00,2050-11-18 17:00:00,1740.0,0.0,0.0,0.9,1740.9,1683.6,1633.3,33.2,52.5,0.0324,0.0455,battery,gas-cc,0.0,0.0,0.0,0.0,0.0,0.0,0.0,0.0,0.0,0.0,0.0,0.0,0.0,0.0,0.0,0.0,0.0,0.0,152.6,2.9,0.29,18.0,1150.5,0.07,152.8,52.3,205.1,331.7,6.3,0.63,39.2,2503.1,0.14,332.1,113.8,445.9,27.04,0.0,0.0,27.04,28.33,0.0,0.0,28.33,0.0,0.0,0.0,1760.1,107.5,1652.6,0.0,0.0,0.0,0.0,0.0,0.0,0.0,0.0,0.0,0.0,0.0,0.0,0.0,107.5,0.0
2050-11-18 20:00:00,2050-11-18 18:00:00,1802.1,0.0,0.0,7.8,1809.9,1742.8,1724.5,445.3,139.6,0.0329,0.0471,battery,gas-cc,0.0,0.0,0.0,0.0,0.0,0.0,0.0,0.0,0.0,0.0,0.0,0.0,0.0,0.0,0.0,0.0,0.0,0.0,183.3,3.5,0.35,21.7,1382.3,0.08,183.5,62.9,246.4,402.0,7.6,0.76,47.5,3033.9,0.17,402.5,137.9,540.4,27.04,0.0,0.0,27.04,28.37,0.0,0.0,28.37,0.0,0.0,0.0,1504.2,85.4,1418.8,0.0,0.0,0.0,0.0,0.0,0.0,0.0,0.0,0.0,0.0,0.0,0.0,0.0,85.4,0.0
2050-11-18 21:00:00,2050-11-18 19:00:00,1750.5,0.0,0.0,14.8,1765.3,1693.6,1697.0,445.3,1212.8,0.0325,0.0458,gas-cc,gas-cc,0.0,0.0,0.0,0.0,0.0,0.0,0.0,0.0,0.0,0.0,0.0,0.0,0.0,0.0,0.0,0.0,0.0,0.0,151.1,2.9,0.29,17.8,1139.0,0.07,151.2,51.8,203.0,401.5,7.6,0.76,47.4,3029.6,0.17,401.9,137.8,539.7,27.04,0.0,0.0,27.04,28.33,0.0,0.0,28.33,0.0,0.0,0.0,2532.8,68.3,2464.5,0.0,0.0,0.0,0.0,0.0,0.0,0.0,0.0,0.0,0.0,0.0,0.0,0.0,68.3,0.0
2050-11-18 22:00:00,2050-11-18 20:00:00,1680.0,0.0,0.0,6.9,1686.9,1626.2,1624.0,445.3,0.0,0.032,0.0439,battery,gas-cc,0.0,0.0,0.0,0.0,0.0,0.0,0.0,0.0,0.0,0.0,0.0,0.0,0.0,0.0,0.0,0.0,0.0,0.0,151.2,2.9,0.29,17.9,1139.9,0.07,151.4,51.8,203.2,331.2,6.2,0.62,39.1,2499.0,0.14,331.5,113.6,445.1,27.04,0.0,0.0,27.04,28.28,0.0,0.0,28.28,0.0,0.0,0.0,1241.6,62.9,1178.7,0.0,0.0,0.0,0.0,0.0,0.0,0.0,0.0,0.0,0.0,0.0,0.0,0.0,62.9,0.0
2050-11-18 23:00:00,2050-11-18 21:00:00,1595.8,0.0,0.0,9.8,1605.6,1545.6,1554.6,445.3,449.3,0.0314,0.0417,battery,gas-cc,0.0,0.0,0.0,0.0,0.0,0.0,0.0,0.0,0.0,0.0,0.0,0.0,0.0,0.0,0.0,0.0,0.0,0.0,193.7,3.7,0.37,22.9,1461.2,0.08,193.9,66.5,260.4,330.4,6.2,0.62,39.0,2493.2,0.14,330.8,113.4,444.1,27.04,0.0,0.0,27.04,28.21,0.0,0.0,28.21,0.0,0.0,0.0,1609.6,51.0,1558.6,0.0,0.0,0.0,0.0,0.0,0.0,0.0,0.0,0.0,0.0,0.0,0.0,0.0,51.0,0.0
2050-11-19 00:00:00,2050-11-18 22:00:00,1500.0,0.0,0.0,7.4,1507.4,1453.7,1470.1,445.3,72.4,0.0309,0.0392,battery,gas-cc,0.0,0.0,0.0,0.0,0.0,0.0,0.0,0.0,0.0,0.0,0.0,0.0,0.0,0.0,0.0,0.0,0.0,0.0,171.4,3.2,0.32,20.2,1292.3,0.07,171.6,58.8,230.3,398.7,7.5,0.75,47.1,3008.9,0.17,399.2,136.8,536.0,27.11,0.0,0.0,27.11,28.22,0.0,0.0,28.22,0.0,0.0,0.0,1134.5,37.3,1097.2,0.0,0.0,0.0,0.0,0.0,0.0,0.0,0.0,0.0,0.0,0.0,0.0,0.0,37.3,0.0
2050-11-19 01:00:00,2050-11-18 23:00:00,1400.0,0.0,0.0,6.6,1406.6,1357.5,1372.8,157.8,638.2,0.0303,0.0366,battery,gas-cc,0.0,0.0,0.0,0.0,0.0,0.0,0.0,0.0,0.0,0.0,0.0,0.0,0.0,0.0,0.0,0.0,0.0,0.0,177.5,3.3,0.34,21.0,1338.6,0.08,177.7,60.9,238.6,328.6,6.2,0.62,38.8,2480.0,0.14,329.0,112.8,441.8,27.11,0.0,0.0,27.11,28.14,0.0,0.0,28.14,0.0,0.0,0.0,1886.9,33.8,1853.2,0.0,0.0,0.0,0.0,0.0,0.0,0.0,0.0,0.0,0.0,0.0,0.0,0.0,33.8,0.0
2050-11-19 02:00:00,2050-11-19 00:00:00,1288.4,0.0,0.0,8.2,1296.6,1249.9,1273.5,249.7,665.5,0.0299,0.0337,battery,gas-cc,0.0,0.0,0.0,0.0,0.0,0.0,0.0,0.0,0.0,0.0,0.0,0.0,0.0,0.0,0.0,0.0,0.0,0.0,178.4,3.4,0.34,21.1,1345.4,0.08,178.6,61.2,239.8,396.5,7.5,0.75,46.8,2991.7,0.17,396.9,136.0,532.9,27.11,0.0,0.0,27.11,28.06,0.0,0.0,28.06,0.0,0.0,0.0,1712.3,23.1,1689.2,0.0,0.0,0.0,0.0,0.0,0.0,0.0,0.0,0.0,0.0,0.0,0.0,0.0,23.1,0.0
2050-11-19 03:00:00,2050-11-19 01:00:00,1185.3,0.0,0.0,6.4,1191.6,1150.0,1181.8,410.5,0.0,0.0297,0.031,battery,gas-cc,0.0,0.0,0.0,0.0,0.0,0.0,0.0,0.0,0.0,0.0,0.0,0.0,0.0,0.0,0.0,0.0,0.0,0.0,153.6,2.9,0.29,18.1,1157.8,0.07,153.7,52.7,206.4,326.7,6.2,0.62,38.6,2465.6,0.14,327.1,112.1,439.2,27.11,0.0,0.0,27.11,27.98,0.0,0.0,27.98,0.0,0.0,0.0,781.1,9.9,771.2,0.0,0.0,0.0,0.0,0.0,0.0,0.0,0.0,0.0,0.0,0.0,0.0,0.0,9.9,0.0
2050-11-19 04:00:00,2050-11-19 02:00:00,1121.1,0.0,0.0,6.9,1128.0,1087.8,1124.9,445.3,0.0,0.0297,0.0293,battery,gas-cc,0.0,0.0,0.0,0.0,0.0,0.0,0.0,0.0,0.0,0.0,0.0,0.0,0.0,0.0,0.0,0.0,0.0,0.0,250.9,4.7,0.47,29.6,1892.9,0.11,251.2,86.1,337.3,326.2,6.1,0.61,38.5,2461.3,0.14,326.5,111.9,438.4,27.11,0.0,0.0,27.11,27.93,0.0,0.0,27.93,0.0,0.0,0.0,682.6,3.1,679.6,0.0,0.0,0.0,0.0,0.0,0.0,0.0,0.0,0.0,0.0,0.0,0.0,0.0,3.1,0.0
2050-11-19 05:00:00,2050-11-19 03:00:00,1087.4,0.0,0.0,6.9,1094.3,1055.0,1092.7,445.3,0.0,0.0297,0.0284,battery,gas-cc,0.0,0.0,0.0,0.0,0.0,0.0,0.0,0.0,0.0,0.0,0.0,0.0,0.0,0.0,0.0,0.0,0.0,0.0,248.6,4.7,0.47,29.4,1875.5,0.11,248.9,85.3,334.2,325.9,6.1,0.61,38.5,2459.1,0.14,326.2,111.8,438.0,27.11,0.0,0.0,27.11,27.9,0.0,0.0,27.9,0.0,0.0,0.0,649.0,1.5,647.4,0.0,0.0,0.0,0.0,0.0,0.0,0.0,0.0,0.0,0.0,0.0,0.0,0.0,1.5,0.0
2050-11-19 06:00:00,2050-11-19 04:00:00,1056.8,0.0,0.0,5.8,1062.6,1025.4,1061.4,372.9,0.0,0.0298,0.0276,battery,gas-cc,0.0,0.0,0.0,0.0,0.0,0.0,0.0,0.0,0.0,0.0,0.0,0.0,0.0,0.0,0.0,0.0,0.0,0.0,302.6,5.7,0.57,35.8,2283.5,0.13,303.0,103.8,406.8,325.6,6.1,0.61,38.5,2457.1,0.14,326.0,111.7,437.7,27.11,0.0,0.0,27.11,27.88,0.0,0.0,27.88,0.0,0.0,0.0,689.7,1.2,688.5,0.0,0.0,0.0,0.0,0.0,0.0,0.0,0.0,0.0,0.0,0.0,0.0,0.0,1.2,0.0
2050-11-19 07:00:00,2050-11-19 05:00:00,1051.6,0.0,0.0,8.8,1060.4,1020.3,1060.1,735.2,0.0,0.0298,0.0275,battery,gas-cc,0.0,0.0,0.0,0.0,0.0,0.0,0.0,0.0,0.0,0.0,0.0,0.0,0.9,2.1,0.02,0.0,1.0,1.0,202.9,3.8,0.38,24.0,1530.3,0.09,203.1,69.6,272.7,325.6,6.1,0.61,38.5,2456.7,0.14,325.9,111.7,437.6,27.11,0.0,0.0,27.11,27.88,0.0,0.0,27.88,0.0,0.0,0.0,325.2,0.3,324.9,0.0,0.0,0.0,0.0,0.0,0.0,0.0,0.0,0.0,0.0,0.0,0.0,0.0,0.3,0.0
2050-11-19 08:00:00,2050-11-19 06:00:00,1092.6,0.0,0.0,6.9,1099.5,1060.2,1099.1,445.3,0.0,0.0297,0.0286,battery,gas-cc,0.0,0.0,0.0,0.0,0.0,0.0,0.0,0.0,0.0,0.0,0.0,0.0,0.0,0.0,0.0,0.0,0.0,0.0,211.0,4.0,0.4,24.9,1591.8,0.09,211.3,72.4,283.7,354.9,6.7,0.67,41.9,2678.3,0.15,355.3,121.8,477.1,27.0,0.0,0.0,27.0,27.8,0.0,0.0,27.8,0.0,0.0,0.0,654.2,0.4,653.8,0.0,0.0,0.0,0.0,0.0,0.0,0.0,0.0,0.0,0.0,0.0,0.0,0.0,0.4,0.0
2050-11-19 09:00:00,2050-11-19 07:00:00,1154.7,2431.9,0.0,8.4,3595.1,1120.4,-839.5,135.2,974.7,0.0297,0.0302,wind-ons,wind-ons,0.0,0.0,0.0,0.0,0.0,0.0,0.0,0.0,0.0,0.0,0.0,0.0,0.0,0.0,0.0,0.0,0.0,0.0,141.5,2.7,0.27,16.7,1066.9,0.06,141.7,48.5,190.2,0.0,0.0,0.0,0.0,0.0,0.0,0.0,0.0,0.0,4.92,0.0,0.0,4.92,5.07,0.0,0.0,5.07,0.0,0.0,0.0,4434.5,4434.5,0.0,0.0,0.0,0.0,0.0,187.1,0.0,0.0,0.0,0.0,0.0,0.0,0.0,4245.7,1.7,0.0
2050-11-19 10:00:00,2050-11-19 08:00:00,1240.0,2821.5,0.0,10.7,4072.2,1203.0,-1640.0,0.0,1640.0,0.0298,0.0324,upv,upv,0.0,0.0,0.0,0.0,0.0,0.0,0.0,0.0,0.0,0.0,0.0,0.0,0.0,0.0,0.0,0.0,0.0,0.0,140.6,2.7,0.27,16.6,1060.1,0.06,140.8,48.2,189.0,0.0,0.0,0.0,0.0,0.0,0.0,0.0,0.0,0.0,0.0,0.0,0.0,0.0,0.0,0.0,0.0,0.0,1.2,2465.3,2466.5,5712.2,5712.2,0.0,0.0,0.0,0.0,0.0,345.2,0.0,0.0,0.0,0.0,0.0,0.0,0.0,5367.0,0.0,0.0
2050-11-19 11:00:00,2050-11-19 09:00:00,1311.6,3592.1,0.0,10.7,4914.3,1272.2,-1640.0,0.0,1640.0,0.03,0.0343,upv,upv,0.0,0.0,0.0,0.0,0.0,0.0,0.0,0.0,0.0,0.0,0.0,0.0,0.0,0.0,0.0,0.0,0.0,0.0,139.7,2.6,0.26,16.5,1053.0,0.06,139.8,47.9,187.7,0.0,0.0,0.0,0.0,0.0,0.0,0.0,0.0,0.0,0.0,0.0,0.0,0.0,0.0,0.0,0.0,0.0,1.0,1899.7,1900.7,6554.3,6554.3,0.0,0.0,0.0,0.0,0.0,356.7,0.0,0.0,0.0,0.0,0.0,0.0,0.0,6197.5,0.0,0.0
2050-11-19 12:00:00,2050-11-19 10:00:00,1373.7,4019.6,0.0,10.7,5403.9,1332.2,-1640.0,0.0,1640.0,0.0302,0.0359,upv,upv,0.0,0.0,0.0,0.0,0.0,0.0,0.0,0.0,0.0,0.0,0.0,0.0,0.0,0.0,0.0,0.0,0.0,0.0,139.7,2.6,0.26,16.5,1053.2,0.06,139.9,47.9,187.8,0.0,0.0,0.0,0.0,0.0,0.0,0.0,0.0,0.0,0.0,0.0,0.0,0.0,0.0,0.0,0.0,0.0,0.0,870.3,870.3,7043.9,7043.9,0.0,0.0,0.0,0.0,0.0,0.0,0.0,0.0,0.0,0.0,0.0,0.0,0.0,7043.9,0.0,0.0
2050-11-19 13:00:00,2050-11-19 11:00:00,1420.0,4019.6,0.0,10.7,5450.2,1376.8,-1640.0,0.0,1640.0,0.0304,0.0371,upv,upv,0.0,0.0,0.0,0.0,0.0,0.0,0.0,0.0,0.0,0.0,0.0,0.0,0.0,0.0,0.0,0.0,0.0,0.0,139.7,2.6,0.26,16.5,1053.4,0.06,139.9,47.9,187.8,0.0,0.0,0.0,0.0,0.0,0.0,0.0,0.0,0.0,0.0,0.0,0.0,0.0,0.0,0.0,0.0,0.0,0.0,486.6,486.6,7090.2,7090.2,0.0,0.0,0.0,0.0,0.0,0.0,0.0,0.0,0.0,0.0,0.0,0.0,0.0,7090.2,0.0,0.0
2050-11-19 14:00:00,2050-11-19 12:00:00,1503.2,3045.5,0.0,10.7,4559.3,1456.8,-1640.0,0.0,1640.0,0.0309,0.0393,upv,upv,0.0,0.0,0.0,0.0,0.0,0.0,0.0,0.0,0.0,0.0,0.0,0.0,0.0,0.0,0.0,0.0,0.0,0.0,142.2,2.7,0.27,16.8,1072.2,0.06,142.4,48.8,191.1,0.0,0.0,0.0,0.0,0.0,0.0,0.0,0.0,0.0,0.0,0.0,0.0,0.0,0.0,0.0,0.0,0.0,1.8,1485.5,1487.3,6199.2,6199.2,0.0,0.0,0.0,0.0,0.0,0.0,0.0,0.0,0.0,0.0,0.0,0.0,0.0,6199.2,0.0,0.0
2050-11-19 15:00:00,2050-11-19 13:00:00,1546.3,3240.3,0.0,10.7,4797.3,1498.2,-1640.0,0.0,1640.0,0.0311,0.0404,upv,upv,0.0,0.0,0.0,0.0,0.0,0.0,0.0,0.0,0.0,0.0,0.0,0.0,0.0,0.0,0.0,0.0,0.0,0.0,141.8,2.7,0.27,16.8,1068.9,0.06,141.9,48.6,190.6,0.0,0.0,0.0,0.0,0.0,0.0,0.0,0.0,0.0,0.0,0.0,0.0,0.0,0.0,0.0,0.0,0.0,10.5,1632.1,1642.6,6437.2,6437.2,0.0,0.0,0.0,0.0,0.0,0.0,0.0,0.0,0.0,0.0,0.0,0.0,0.0,6437.2,0.0,0.0
2050-11-19 16:00:00,2050-11-19 14:00:00,1590.5,3630.9,0.0,10.7,5232.1,1540.6,-1640.0,0.0,1640.0,0.0314,0.0416,upv,upv,0.0,0.0,0.0,0.0,0.0,0.0,0.0,0.0,0.0,0.0,0.0,0.0,0.0,0.0,0.0,0.0,0.0,0.0,142.7,2.7,0.27,16.9,1076.1,0.06,142.9,48.9,191.8,0.0,0.0,0.0,0.0,0.0,0.0,0.0,0.0,0.0,0.0,0.0,0.0,0.0,0.0,0.0,0.0,0.0,0.0,1329.3,1329.3,6872.1,6872.1,0.0,0.0,0.0,0.0,0.0,345.4,0.0,0.0,0.0,0.0,0.0,0.0,0.0,6509.4,17.3,0.0
2050-11-19 17:00:00,2050-11-19 15:00:00,1647.4,2755.7,0.0,10.7,4413.7,1595.0,-1640.0,0.0,1640.0,0.0318,0.0431,upv,upv,0.0,0.0,0.0,0.0,0.0,0.0,0.0,0.0,0.0,0.0,0.0,0.0,0.0,0.0,0.0,0.0,0.0,0.0,142.3,2.7,0.27,16.8,1073.1,0.06,142.5,48.8,191.3,0.0,0.0,0.0,0.0,0.0,0.0,0.0,0.0,0.0,0.0,0.0,0.0,0.0,0.0,0.0,0.0,0.0,17.5,318.8,336.3,6053.7,6053.7,0.0,0.0,0.0,0.0,0.0,268.9,0.0,0.0,0.0,0.0,0.0,0.0,0.0,5784.8,0.0,0.0
2050-11-19 18:00:00,2050-11-19 16:00:00,1722.1,0.0,0.0,0.0,1722.1,1666.5,774.0,0.0,5.3,0.0323,0.045,battery,gas-cc,0.0,0.0,0.0,0.0,0.0,0.0,0.0,0.0,0.0,0.0,0.0,0.0,0.0,0.0,0.0,0.0,0.0,0.0,172.2,3.2,0.33,20.3,1298.9,0.07,172.4,59.1,231.5,397.6,7.5,0.75,47.0,3000.0,0.17,398.0,136.4,534.4,26.35,0.0,0.0,26.35,27.59,0.0,0.0,27.59,0.0,0.0,0.0,1727.5,948.2,779.3,0.0,0.0,0.0,0.0,39.4,0.0,0.0,0.0,0.0,0.0,0.0,0.0,893.4,15.4,0.0
2050-11-19 19:00:00,2050-11-19 17:00:00,1796.8,0.0,0.0,0.0,1796.8,1737.8,1777.4,0.0,0.0,0.0329,0.047,battery,gas-cc,0.0,0.0,0.0,0.0,0.0,0.0,0.0,0.0,0.0,0.0,0.0,0.0,0.0,0.0,0.0,0.0,0.0,0.0,219.5,4.1,0.41,25.9,1655.7,0.1,219.7,75.3,295.0,332.2,6.3,0.63,39.2,2507.0,0.14,332.6,114.0,446.6,26.35,0.0,0.0,26.35,27.65,0.0,0.0,27.65,0.0,0.0,0.0,1796.8,19.4,1777.4,0.0,0.0,0.0,0.0,0.0,0.0,0.0,0.0,0.0,0.0,0.0,0.0,0.0,19.4,0.0
2050-11-19 20:00:00,2050-11-19 18:00:00,1853.7,0.0,0.0,0.0,1853.7,1791.9,1835.7,0.0,0.0,0.0333,0.0485,battery,gas-cc,0.0,0.0,0.0,0.0,0.0,0.0,0.0,0.0,0.0,0.0,0.0,0.0,0.0,0.0,0.0,0.0,0.0,0.0,151.5,2.9,0.29,17.9,1142.3,0.07,151.7,52.0,203.6,332.7,6.3,0.63,39.3,2510.9,0.14,333.1,114.2,447.3,26.35,0.0,0.0,26.35,27.69,0.0,0.0,27.69,0.0,0.0,0.0,1853.7,18.0,1835.7,0.0,0.0,0.0,0.0,0.0,0.0,0.0,0.0,0.0,0.0,0.0,0.0,0.0,18.0,0.0
2050-11-19 21:00:00,2050-11-19 19:00:00,1796.8,0.0,0.0,4.2,1801.0,1737.8,1789.3,0.0,642.6,0.0329,0.047,battery,gas-cc,0.0,0.0,0.0,0.0,0.0,0.0,0.0,0.0,0.0,0.0,0.0,0.0,0.0,0.0,0.0,0.0,0.0,0.0,150.5,2.8,0.28,17.8,1134.7,0.07,150.7,51.6,202.3,398.4,7.5,0.75,47.1,3006.2,0.17,398.8,136.7,535.5,26.35,0.0,0.0,26.35,27.65,0.0,0.0,27.65,0.0,0.0,0.0,2443.6,11.7,2431.9,0.0,0.0,0.0,0.0,0.0,0.0,0.0,0.0,0.0,0.0,0.0,0.0,0.0,11.7,0.0
2050-11-19 22:00:00,2050-11-19 20:00:00,1722.1,0.0,0.0,9.7,1731.8,1666.5,1722.9,0.0,1488.3,0.0323,0.045,battery,gas-cc,0.0,0.0,0.0,0.0,0.0,0.0,0.0,0.0,0.0,0.0,0.0,0.0,0.0,0.0,0.0,0.0,0.0,0.0,172.7,3.3,0.33,20.4,1302.1,0.08,172.8,59.2,232.1,368.4,6.9,0.69,43.5,2779.8,0.16,368.8,126.4,495.2,26.35,0.0,0.0,26.35,27.59,0.0,0.0,27.59,0.0,0.0,0.0,3220.1,8.9,3211.2,0.0,0.0,0.0,0.0,0.0,0.0,0.0,0.0,0.0,0.0,0.0,0.0,0.0,8.9,0.0
2050-11-19 23:00:00,2050-11-19 21:00:00,1638.9,0.0,0.0,0.0,1638.9,1587.0,1626.4,0.0,0.0,0.0317,0.0429,battery,gas-cc,0.0,0.0,0.0,0.0,0.0,0.0,0.0,0.0,0.0,0.0,0.0,0.0,0.0,0.0,0.0,0.0,0.0,0.0,265.9,5.0,0.5,31.4,2006.2,0.12,266.2,91.2,357.4,330.8,6.2,0.62,39.1,2496.2,0.14,331.1,113.5,444.6,26.35,0.0,0.0,26.35,27.53,0.0,0.0,27.53,0.0,0.0,0.0,1638.9,12.5,1626.4,0.0,0.0,0.0,0.0,0.0,0.0,0.0,0.0,0.0,0.0,0.0,0.0,0.0,12.5,0.0
2050-11-20 00:00:00,2050-11-19 22:00:00,1510.5,0.0,0.0,0.0,1510.5,1463.8,1502.2,0.0,0.0,0.0309,0.0395,battery,gas-cc,0.0,0.0,0.0,0.0,0.0,0.0,0.0,0.0,0.0,0.0,0.0,0.0,0.0,0.0,0.0,0.0,0.0,0.0,153.0,2.9,0.29,18.1,1153.5,0.07,153.2,52.5,205.6,329.6,6.2,0.62,38.9,2487.4,0.14,330.0,113.1,443.1,26.22,0.0,0.0,26.22,27.29,0.0,0.0,27.29,0.0,0.0,0.0,1510.5,8.3,1502.2,0.0,0.0,0.0,0.0,0.0,0.0,0.0,0.0,0.0,0.0,0.0,0.0,0.0,8.3,0.0
2050-11-20 01:00:00,2050-11-19 23:00:00,1381.1,0.0,0.0,5.1,1386.1,1339.3,1382.0,0.0,777.7,0.0303,0.0361,battery,gas-cc,0.0,0.0,0.0,0.0,0.0,0.0,0.0,0.0,0.0,0.0,0.0,0.0,0.0,0.0,0.0,0.0,0.0,0.0,153.6,2.9,0.29,18.1,1158.1,0.07,153.8,52.7,206.4,365.0,6.9,0.69,43.1,2754.1,0.16,365.4,125.2,490.6,26.22,0.0,0.0,26.22,27.2,0.0,0.0,27.2,0.0,0.0,0.0,2163.8,4.1,2159.6,0.0,0.0,0.0,0.0,0.0,0.0,0.0,0.0,0.0,0.0,0.0,0.0,0.0,4.1,0.0
2050-11-20 02:00:00,2050-11-20 00:00:00,1247.4,0.0,0.0,0.0,1247.4,1210.2,1246.4,0.0,0.0,0.0298,0.0326,battery,gas-cc,0.0,0.0,0.0,0.0,0.0,0.0,0.0,0.0,0.0,0.0,0.0,0.0,0.0,0.0,0.0,0.0,0.0,0.0,152.9,2.9,0.29,18.1,1152.7,0.07,153.1,52.4,205.5,327.3,6.2,0.62,38.7,2469.8,0.14,327.6,112.3,439.9,26.22,0.0,0.0,26.22,27.1,0.0,0.0,27.1,0.0,0.0,0.0,1247.4,1.0,1246.4,0.0,0.0,0.0,0.0,0.0,0.0,0.0,0.0,0.0,0.0,0.0,0.0,0.0,1.0,0.0
2050-11-20 03:00:00,2050-11-20 01:00:00,1175.8,0.0,0.0,0.0,1175.8,1140.9,1175.5,0.0,0.0,0.0297,0.0307,battery,gas-cc,0.0,0.0,0.0,0.0,0.0,0.0,0.0,0.0,0.0,0.0,0.0,0.0,0.0,0.0,0.0,0.0,0.0,0.0,152.4,2.9,0.29,18.0,1148.9,0.07,152.5,52.3,204.8,326.7,6.2,0.62,38.6,2465.0,0.14,327.0,112.1,439.1,26.22,0.0,0.0,26.22,27.05,0.0,0.0,27.05,0.0,0.0,0.0,1175.8,0.3,1175.5,0.0,0.0,0.0,0.0,0.0,0.0,0.0,0.0,0.0,0.0,0.0,0.0,0.0,0.3,0.0
2050-11-20 04:00:00,2050-11-20 02:00:00,1128.4,0.0,0.0,0.9,1129.3,1094.9,1129.0,0.0,134.0,0.0297,0.0295,gas-cc,gas-cc,0.0,0.0,0.0,0.0,0.0,0.0,0.0,0.0,0.0,0.0,0.0,0.0,0.0,0.0,0.0,0.0,0.0,0.0,155.0,2.9,0.29,18.3,1168.5,0.07,155.1,53.1,208.3,362.5,6.8,0.68,42.8,2735.4,0.16,362.9,124.4,487.3,26.22,0.0,0.0,26.22,27.01,0.0,0.0,27.01,0.0,0.0,0.0,1263.3,0.3,1263.0,0.0,0.0,0.0,0.0,0.0,0.0,0.0,0.0,0.0,0.0,0.0,0.0,0.0,0.3,0.0
2050-11-20 05:00:00,2050-11-20 03:00:00,1095.8,0.0,0.0,0.7,1096.5,1063.2,1095.6,0.0,102.4,0.0297,0.0287,gas-cc,gas-cc,0.0,0.0,0.0,0.0,0.0,0.0,0.0,0.0,0.0,0.0,0.0,0.0,0.0,0.0,0.0,0.0,0.0,0.0,153.7,2.9,0.29,18.2,1158.9,0.07,153.9,52.7,206.6,362.2,6.8,0.68,42.8,2733.0,0.16,362.6,124.3,486.8,26.22,0.0,0.0,26.22,26.99,0.0,0.0,26.99,0.0,0.0,0.0,1198.9,0.9,1198.0,0.0,0.0,0.0,0.0,0.0,0.0,0.0,0.0,0.0,0.0,0.0,0.0,0.0,0.9,0.0
2050-11-20 06:00:00,2050-11-20 04:00:00,1097.9,0.0,0.0,0.0,1097.9,1065.3,1097.3,0.0,0.0,0.0297,0.0287,battery,gas-cc,0.0,0.0,0.0,0.0,0.0,0.0,0.0,0.0,0.0,0.0,0.0,0.0,0.0,0.0,0.0,0.0,0.0,0.0,153.3,2.9,0.29,18.1,1155.9,0.07,153.5,52.6,206.1,326.0,6.1,0.61,38.5,2459.8,0.14,326.3,111.8,438.2,26.22,0.0,0.0,26.22,26.99,0.0,0.0,26.99,0.0,0.0,0.0,1097.9,0.6,1097.3,0.0,0.0,0.0,0.0,0.0,0.0,0.0,0.0,0.0,0.0,0.0,0.0,0.0,0.6,0.0
2050-11-20 07:00:00,2050-11-20 05:00:00,1162.1,0.0,0.0,0.0,1162.1,1127.6,1160.7,0.0,2.7,0.0297,0.0304,gas-cc,gas-cc,0.0,0.0,0.0,0.0,0.0,0.0,0.0,0.0,0.0,0.0,0.0,0.0,0.0,0.0,0.0,0.0,0.0,0.0,152.9,2.9,0.29,18.1,1151.2,0.07,153.1,52.4,205.5,362.8,6.8,0.68,42.9,2737.9,0.16,363.2,124.5,487.7,26.22,0.0,0.0,26.22,27.04,0.0,0.0,27.04,0.0,0.0,0.0,1164.9,1.5,1163.4,0.0,0.0,0.0,0.0,0.0,0.0,0.0,0.0,0.0,0.0,0.0,0.0,0.0,1.5,0.0
2050-11-20 08:00:00,2050-11-20 06:00:00,1288.4,0.0,0.0,0.0,1288.4,1249.9,1285.5,0.0,0.0,0.0299,0.0337,battery,gas-cc,0.0,0.0,0.0,0.0,0.0,0.0,0.0,0.0,0.0,0.0,0.0,0.0,0.0,0.0,0.0,0.0,0.0,0.0,153.2,2.9,0.29,18.1,1155.2,0.07,153.4,52.5,205.9,327.6,6.2,0.62,38.7,2472.5,0.14,328.0,112.4,440.4,26.22,0.0,0.0,26.22,27.13,0.0,0.0,27.13,0.0,0.0,0.0,1288.4,2.9,1285.5,0.0,0.0,0.0,0.0,0.0,0.0,0.0,0.0,0.0,0.0,0.0,0.0,0.0,2.9,0.0
2050-11-20 09:00:00,2050-11-20 07:00:00,1446.3,2428.9,0.0,12.1,3887.3,1402.1,1243.2,1243.2,0.0,0.0306,0.0378,battery,gas-cc,0.0,0.0,0.0,0.0,0.0,0.0,0.0,0.0,0.0,0.0,0.0,0.0,0.3,0.7,0.01,0.0,0.3,0.3,154.8,2.9,0.29,18.3,1167.1,0.07,154.9,53.1,208.0,292.2,5.5,0.55,34.5,2205.0,0.13,292.5,100.3,392.8,22.25,0.0,0.0,22.25,23.13,0.0,0.0,23.13,0.0,0.0,0.0,2644.2,2644.2,0.0,0.0,0.0,0.0,0.0,111.3,0.0,0.0,0.0,0.0,0.0,0.0,0.0,2526.7,6.1,0.0
2050-11-20 10:00:00,2050-11-20 08:00:00,1580.0,3016.4,0.0,10.7,4607.0,1530.5,-1640.0,0.0,1640.0,0.0313,0.0413,upv,upv,0.0,0.0,0.0,0.0,0.0,0.0,0.0,0.0,0.0,0.0,0.0,0.0,0.0,0.0,0.0,0.0,0.0,0.0,139.9,2.6,0.26,16.5,1054.7,0.06,140.1,48.0,188.0,0.0,0.0,0.0,0.0,0.0,0.0,0.0,0.0,0.0,0.0,0.0,0.0,0.0,0.0,0.0,0.0,0.0,7.1,742.9,750.1,6247.0,6247.0,0.0,0.0,0.0,0.0,0.0,0.0,0.0,0.0,0.0,0.0,0.0,0.0,0.0,6247.0,0.0,0.0
2050-11-20 11:00:00,2050-11-20 09:00:00,1582.1,3824.8,0.0,10.7,5417.5,1532.5,-1640.0,0.0,1640.0,0.0313,0.0414,upv,upv,0.0,0.0,0.0,0.0,0.0,0.0,0.0,0.0,0.0,0.0,0.0,0.0,0.0,0.0,0.0,0.0,0.0,0.0,139.9,2.6,0.26,16.5,1054.7,0.06,140.0,48.0,188.0,0.0,0.0,0.0,0.0,0.0,0.0,0.0,0.0,0.0,0.0,0.0,0.0,0.0,0.0,0.0,0.0,0.0,4.2,1200.9,1205.1,7057.5,7057.5,0.0,0.0,0.0,0.0,0.0,0.0,0.0,0.0,0.0,0.0,0.0,0.0,0.0,7057.5,0.0,0.0
2050-11-20 12:00:00,2050-11-20 10:00:00,1533.7,4019.6,0.0,10.7,5563.9,1486.1,-1640.0,0.0,1640.0,0.031,0.0401,upv,upv,0.0,0.0,0.0,0.0,0.0,0.0,0.0,0.0,0.0,0.0,0.0,0.0,0.0,0.0,0.0,0.0,0.0,0.0,140.1,2.6,0.27,16.6,1056.5,0.06,140.3,48.1,188.4,0.0,0.0,0.0,0.0,0.0,0.0,0.0,0.0,0.0,0.0,0.0,0.0,0.0,0.0,0.0,0.0,0.0,4.2,568.7,572.8,7203.9,7203.9,0.0,0.0,0.0,0.0,0.0,0.0,0.0,0.0,0.0,0.0,0.0,0.0,0.0,7203.9,0.0,0.0
2050-11-20 13:00:00,2050-11-20 11:00:00,1503.2,3655.1,0.0,10.7,5168.9,1456.8,-1640.0,0.0,1640.0,0.0309,0.0393,upv,upv,0.0,0.0,0.0,0.0,0.0,0.0,0.0,0.0,0.0,0.0,0.0,0.0,0.0,0.0,0.0,0.0,0.0,0.0,139.8,2.6,0.26,16.5,1054.1,0.06,140.0,47.9,187.9,0.0,0.0,0.0,0.0,0.0,0.0,0.0,0.0,0.0,0.0,0.0,0.0,0.0,0.0,0.0,0.0,0.0,1.9,714.1,716.0,6808.9,6808.9,0.0,0.0,0.0,0.0,0.0,0.0,0.0,0.0,0.0,0.0,0.0,0.0,0.0,6808.9,0.0,0.0
2050-11-20 14:00:00,2050-11-20 12:00:00,1517.9,3824.8,0.0,10.7,5353.3,1470.9,-1640.0,0.0,1640.0,0.031,0.0397,upv,upv,0.0,0.0,0.0,0.0,0.0,0.0,0.0,0.0,0.0,0.0,0.0,0.0,0.0,0.0,0.0,0.0,0.0,0.0,139.8,2.6,0.26,16.5,1054.0,0.06,140.0,47.9,187.9,0.0,0.0,0.0,0.0,0.0,0.0,0.0,0.0,0.0,0.0,0.0,0.0,0.0,0.0,0.0,0.0,0.0,1.5,360.9,362.5,6993.3,6993.3,0.0,0.0,0.0,0.0,0.0,0.0,0.0,0.0,0.0,0.0,0.0,0.0,0.0,6993.3,0.0,0.0
2050-11-20 15:00:00,2050-11-20 13:00:00,1544.2,3597.0,0.0,10.7,5151.9,1496.2,-1640.0,0.0,1640.0,0.0311,0.0404,upv,upv,0.0,0.0,0.0,0.0,0.0,0.0,0.0,0.0,0.0,0.0,0.0,0.0,0.0,0.0,0.0,0.0,0.0,0.0,140.1,2.6,0.27,16.6,1056.1,0.06,140.2,48.0,188.3,0.0,0.0,0.0,0.0,0.0,0.0,0.0,0.0,0.0,0.0,0.0,0.0,0.0,0.0,0.0,0.0,0.0,1.3,663.7,665.0,6791.8,6791.8,0.0,0.0,0.0,0.0,0.0,314.7,0.0,0.0,0.0,0.0,0.0,0.0,0.0,6477.1,0.0,0.0
2050-11-20 16:00:00,2050-11-20 14:00:00,1587.4,2755.7,0.0,10.7,4353.7,1537.6,-1640.0,0.0,1640.0,0.0314,0.0415,upv,upv,0.0,0.0,0.0,0.0,0.0,0.0,0.0,0.0,0.0,0.0,0.0,0.0,0.0,0.0,0.0,0.0,0.0,0.0,139.9,2.6,0.26,16.5,1055.0,0.06,140.1,48.0,188.1,0.0,0.0,0.0,0.0,0.0,0.0,0.0,0.0,0.0,0.0,0.0,0.0,0.0,0.0,0.0,0.0,0.0,1.1,1306.5,1307.7,5993.7,5993.7,0.0,0.0,0.0,0.0,0.0,0.0,0.0,0.0,0.0,0.0,0.0,0.0,0.0,5993.7,0.0,0.0
2050-11-20 17:00:00,2050-11-20 15:00:00,1660.0,2431.9,0.0,9.4,4101.3,1607.1,-1440.9,0.0,1440.9,0.0319,0.0434,battery,gas-cc,0.0,0.0,0.0,0.0,0.0,0.0,0.0,0.0,0.0,0.0,0.0,0.0,0.0,0.0,0.0,0.0,0.0,0.0,140.3,2.6,0.27,16.6,1058.0,0.06,140.5,48.1,188.6,328.1,6.2,0.62,38.8,2475.7,0.14,328.4,112.6,441.0,11.14,0.0,0.0,11.14,11.64,0.0,0.0,11.64,0.0,0.0,0.0,5542.2,5542.2,0.0,0.0,0.0,0.0,0.0,233.9,0.0,0.0,0.0,0.0,0.0,0.0,0.0,5305.5,2.9,0.0
2050-11-20 18:00:00,2050-11-20 16:00:00,1736.8,0.0,0.0,18.2,1755.1,1680.5,782.8,0.0,1176.0,0.0324,0.0454,battery,gas-cc,0.0,0.0,0.0,0.0,0.0,0.0,0.0,0.0,0.0,0.0,0.0,0.0,0.0,0.0,0.0,0.0,0.0,0.0,218.1,4.1,0.42,25.8,1641.7,0.1,218.3,74.7,293.0,450.0,8.5,0.85,53.2,3395.9,0.2,450.5,154.4,604.9,38.46,0.0,0.0,38.46,40.29,0.0,0.0,40.29,0.0,0.0,0.0,2931.1,972.2,1958.9,0.0,0.0,0.0,0.0,40.5,0.0,0.0,0.0,0.0,0.0,0.0,0.0,918.4,13.3,0.0
2050-11-20 19:00:00,2050-11-20 17:00:00,1857.9,0.0,0.0,18.5,1876.4,1795.9,1845.8,0.0,1386.1,0.0334,0.0486,battery,gas-cc,0.0,0.0,0.0,0.0,0.0,0.0,0.0,0.0,0.0,0.0,0.0,0.0,0.0,0.0,0.0,0.0,0.0,0.0,274.3,5.2,0.53,32.4,2062.6,0.12,274.6,93.9,368.6,451.5,8.5,0.85,53.3,3407.2,0.2,452.0,154.9,606.9,38.46,0.0,0.0,38.46,40.42,0.0,0.0,40.42,0.0,0.0,0.0,3262.5,30.6,3231.9,0.0,0.0,0.0,0.0,0.0,0.0,0.0,0.0,0.0,0.0,0.0,0.0,0.0,30.6,0.0
2050-11-20 20:00:00,2050-11-20 18:00:00,1974.7,0.0,0.0,11.8,1986.5,1906.9,1930.0,0.0,1086.4,0.0344,0.0516,battery,gas-cc,0.0,0.0,0.0,0.0,0.0,0.0,0.0,0.0,0.0,0.0,0.0,0.0,0.0,0.0,0.0,0.0,0.0,0.0,151.1,2.9,0.29,17.8,1138.9,0.07,151.2,51.8,203.0,453.0,8.5,0.85,53.5,3418.2,0.2,453.5,155.4,608.9,38.46,0.0,0.0,38.46,40.55,0.0,0.0,40.55,0.0,0.0,0.0,3072.9,56.5,3016.4,0.0,0.0,0.0,0.0,0.0,0.0,0.0,0.0,0.0,0.0,0.0,0.0,0.0,56.5,0.0
2050-11-20 21:00:00,2050-11-20 19:00:00,1928.4,0.0,0.0,6.4,1934.8,1862.9,1868.0,0.0,982.6,0.034,0.0504,battery,gas-cc,0.0,0.0,0.0,0.0,0.0,0.0,0.0,0.0,0.0,0.0,0.0,0.0,0.0,0.0,0.0,0.0,0.0,0.0,153.1,2.9,0.29,18.1,1154.5,0.07,153.3,52.5,205.8,452.4,8.5,0.85,53.4,3413.8,0.2,452.9,155.2,608.1,38.46,0.0,0.0,38.46,40.5,0.0,0.0,40.5,0.0,0.0,0.0,2917.4,66.8,2850.6,0.0,0.0,0.0,0.0,0.0,0.0,0.0,0.0,0.0,0.0,0.0,0.0,0.0,66.8,0.0
2050-11-20 22:00:00,2050-11-20 20:00:00,1809.5,0.0,0.0,3.5,1812.9,1749.8,1755.7,0.0,531.1,0.033,0.0473,battery,gas-cc,0.0,0.0,0.0,0.0,0.0,0.0,0.0,0.0,0.0,0.0,0.0,0.0,0.0,0.0,0.0,0.0,0.0,0.0,154.8,2.9,0.29,18.3,1166.8,0.07,154.9,53.1,208.0,450.9,8.5,0.85,53.3,3402.7,0.2,451.4,154.7,606.1,38.46,0.0,0.0,38.46,40.37,0.0,0.0,40.37,0.0,0.0,0.0,2344.1,57.2,2286.9,0.0,0.0,0.0,0.0,0.0,0.0,0.0,0.0,0.0,0.0,0.0,0.0,0.0,57.2,0.0
2050-11-20 23:00:00,2050-11-20 21:00:00,1706.3,0.0,0.0,4.8,1711.1,1651.4,1663.5,0.0,508.7,0.0322,0.0446,battery,gas-cc,0.0,0.0,0.0,0.0,0.0,0.0,0.0,0.0,0.0,0.0,0.0,0.0,0.0,0.0,0.0,0.0,0.0,0.0,154.4,2.9,0.29,18.2,1163.9,0.07,154.5,52.9,207.5,449.6,8.5,0.85,53.1,3393.0,0.19,450.1,154.3,604.4,38.46,0.0,0.0,38.46,40.26,0.0,0.0,40.26,0.0,0.0,0.0,2219.8,47.6,2172.1,0.0,0.0,0.0,0.0,0.0,0.0,0.0,0.0,0.0,0.0,0.0,0.0,0.0,47.6,0.0
2050-11-21 00:00:00,2050-11-20 22:00:00,1574.7,0.0,0.0,7.3,1582.0,1525.5,1534.7,0.0,468.3,0.0313,0.0412,battery,gas-cc,0.0,0.0,0.0,0.0,0.0,0.0,0.0,0.0,0.0,0.0,0.0,0.0,0.0,0.0,0.0,0.0,0.0,0.0,183.3,3.5,0.35,21.7,1382.1,0.08,183.5,62.9,246.3,448.0,8.4,0.84,52.9,3380.9,0.19,448.5,153.7,602.2,38.44,0.0,0.0,38.44,40.09,0.0,0.0,40.09,0.0,0.0,0.0,2050.3,47.3,2003.1,0.0,0.0,0.0,0.0,0.0,0.0,0.0,0.0,0.0,0.0,0.0,0.0,0.0,47.3,0.0
2050-11-21 01:00:00,2050-11-20 23:00:00,1430.5,0.0,0.0,0.0,1430.5,1386.9,1373.8,0.0,0.0,0.0305,0.0374,battery,gas-cc,0.0,0.0,0.0,0.0,0.0,0.0,0.0,0.0,0.0,0.0,0.0,0.0,0.0,0.0,0.0,0.0,0.0,0.0,163.8,3.1,0.31,19.4,1235.2,0.07,164.0,56.2,220.2,446.3,8.4,0.84,52.7,3367.6,0.19,446.7,153.1,599.9,38.44,0.0,0.0,38.44,39.94,0.0,0.0,39.94,0.0,0.0,0.0,1430.5,56.8,1373.8,0.0,0.0,0.0,0.0,0.0,0.0,0.0,0.0,0.0,0.0,0.0,0.0,0.0,56.8,0.0
2050-11-21 02:00:00,2050-11-21 00:00:00,1286.3,0.0,0.0,0.0,1286.3,1247.8,1215.9,0.0,0.0,0.0299,0.0336,battery,gas-cc,0.0,0.0,0.0,0.0,0.0,0.0,0.0,0.0,0.0,0.0,0.0,0.0,0.0,0.0,0.0,0.0,0.0,0.0,154.4,2.9,0.29,18.2,1164.1,0.07,154.6,52.9,207.5,444.5,8.4,0.84,52.5,3354.5,0.19,445.0,152.5,597.5,38.44,0.0,0.0,38.44,39.78,0.0,0.0,39.78,0.0,0.0,0.0,1286.3,70.4,1215.9,0.0,0.0,0.0,0.0,0.0,0.0,0.0,0.0,0.0,0.0,0.0,0.0,0.0,70.4,0.0
2050-11-21 03:00:00,2050-11-21 01:00:00,1203.2,0.0,0.0,0.0,1203.2,1167.4,1111.9,0.0,0.0,0.0297,0.0315,battery,gas-cc,0.0,0.0,0.0,0.0,0.0,0.0,0.0,0.0,0.0,0.0,0.0,0.0,0.0,0.0,0.0,0.0,0.0,0.0,154.0,2.9,0.29,18.2,1161.3,0.07,154.2,52.8,207.0,443.5,8.4,0.84,52.4,3346.9,0.19,444.0,152.2,596.2,38.44,0.0,0.0,38.44,39.69,0.0,0.0,39.69,0.0,0.0,0.0,1203.2,91.3,1111.9,0.0,0.0,0.0,0.0,0.0,0.0,0.0,0.0,0.0,0.0,0.0,0.0,0.0,91.3,0.0
2050-11-21 04:00:00,2050-11-21 02:00:00,1144.2,0.0,0.0,0.0,1144.2,1110.2,1030.3,0.0,0.0,0.0297,0.0299,battery,gas-cc,0.0,0.0,0.0,0.0,0.0,0.0,0.0,0.0,0.0,0.0,0.0,0.0,0.0,0.0,0.0,0.0,0.0,0.0,229.6,4.3,0.43,27.1,1731.9,0.1,229.8,78.8,308.6,442.8,8.3,0.83,52.3,3341.6,0.19,443.3,151.9,595.2,38.44,0.0,0.0,38.44,39.63,0.0,0.0,39.63,0.0,0.0,0.0,1144.2,113.9,1030.3,0.0,0.0,0.0,0.0,0.0,0.0,0.0,0.0,0.0,0.0,0.0,0.0,0.0,113.9,0.0
2050-11-21 05:00:00,2050-11-21 03:00:00,1115.8,0.0,0.0,0.0,1115.8,1082.7,992.3,0.0,0.0,0.0297,0.0292,battery,gas-cc,0.0,0.0,0.0,0.0,0.0,0.0,0.0,0.0,0.0,0.0,0.0,0.0,0.0,0.0,0.0,0.0,0.0,0.0,154.0,2.9,0.29,18.2,1160.8,0.07,154.1,52.8,206.9,442.5,8.3,0.83,52.3,3339.1,0.19,443.0,151.8,594.8,38.44,0.0,0.0,38.44,39.6,0.0,0.0,39.6,0.0,0.0,0.0,1115.8,123.5,992.3,0.0,0.0,0.0,0.0,0.0,0.0,0.0,0.0,0.0,0.0,0.0,0.0,0.0,123.5,0.0
2050-11-21 06:00:00,2050-11-21 04:00:00,1121.1,0.0,0.0,0.0,1121.1,1087.8,965.2,0.0,0.0,0.0297,0.0293,battery,gas-cc,0.0,0.0,0.0,0.0,0.0,0.0,0.0,0.0,0.0,0.0,0.0,0.0,0.0,0.0,0.0,0.0,0.0,0.0,152.8,2.9,0.29,18.1,1152.0,0.07,153.0,52.4,205.4,442.5,8.3,0.83,52.3,3339.5,0.19,443.0,151.8,594.9,38.44,0.0,0.0,38.44,39.6,0.0,0.0,39.6,0.0,0.0,0.0,1121.1,155.8,965.2,0.0,0.0,0.0,0.0,0.0,0.0,0.0,0.0,0.0,0.0,0.0,0.0,0.0,155.8,0.0
2050-11-21 07:00:00,2050-11-21 05:00:00,1188.4,0.0,0.0,1.8,1190.2,1153.1,1015.9,0.0,114.9,0.0297,0.0311,battery,gas-cc,0.0,0.0,0.0,0.0,0.0,0.0,0.0,0.0,0.0,0.0,0.0,0.0,0.0,0.0,0.0,0.0,0.0,0.0,171.2,3.2,0.32,20.2,1290.6,0.07,171.3,58.7,230.0,443.4,8.4,0.84,52.4,3345.6,0.19,443.8,152.1,596.0,38.44,0.0,0.0,38.44,39.68,0.0,0.0,39.68,0.0,0.0,0.0,1305.1,174.3,1130.8,0.0,0.0,0.0,0.0,0.0,0.0,0.0,0.0,0.0,0.0,0.0,0.0,0.0,174.3,0.0
2050-11-21 08:00:00,2050-11-21 06:00:00,1329.5,0.0,0.0,0.0,1329.5,1289.5,1151.5,0.0,0.0,0.0301,0.0348,battery,gas-cc,0.0,0.0,0.0,0.0,0.0,0.0,0.0,0.0,0.0,0.0,0.0,0.0,0.0,0.0,0.0,0.0,0.0,0.0,153.0,2.9,0.29,18.1,1153.4,0.07,153.1,52.5,205.6,445.0,8.4,0.84,52.6,3358.4,0.19,445.5,152.7,598.2,38.44,0.0,0.0,38.44,39.83,0.0,0.0,39.83,0.0,0.0,0.0,1329.5,178.0,1151.5,0.0,0.0,0.0,0.0,0.0,0.0,0.0,0.0,0.0,0.0,0.0,0.0,0.0,178.0,0.0
2050-11-21 09:00:00,2050-11-21 07:00:00,1469.5,2431.9,0.0,2.4,3903.8,1424.4,-370.4,0.0,370.4,0.0307,0.0384,upv,upv,0.0,0.0,0.0,0.0,0.0,0.0,0.0,0.0,0.0,0.0,0.0,0.0,0.0,0.0,0.0,0.0,0.0,0.0,169.2,3.2,0.32,20.0,1275.8,0.07,169.4,58.0,227.4,0.0,0.0,0.0,0.0,0.0,0.0,0.0,0.0,0.0,21.02,0.0,0.0,21.02,21.86,0.0,0.0,21.86,0.0,0.0,0.0,4274.2,4274.2,0.0,0.0,0.0,0.0,0.0,172.6,0.0,0.0,0.0,0.0,0.0,0.0,0.0,3916.1,185.5,0.0
2050-11-21 10:00:00,2050-11-21 08:00:00,1580.0,4019.6,0.0,10.7,5610.2,1530.5,-1640.0,0.0,1640.0,0.0313,0.0413,upv,upv,0.0,0.0,0.0,0.0,0.0,0.0,0.0,0.0,0.0,0.0,0.0,0.0,0.0,0.0,0.0,0.0,0.0,0.0,139.9,2.6,0.26,16.5,1054.4,0.06,140.0,48.0,188.0,0.0,0.0,0.0,0.0,0.0,0.0,0.0,0.0,0.0,0.0,0.0,0.0,0.0,0.0,0.0,0.0,0.0,0.0,1317.3,1317.3,7250.2,7250.2,0.0,0.0,0.0,0.0,0.0,354.2,0.0,0.0,0.0,0.0,0.0,0.0,0.0,6721.7,174.3,0.0
2050-11-21 11:00:00,2050-11-21 09:00:00,1585.3,4007.2,0.0,10.7,5603.1,1535.5,-1640.0,0.0,1640.0,0.0314,0.0415,upv,upv,0.0,0.0,0.0,0.0,0.0,0.0,0.0,0.0,0.0,0.0,0.0,0.0,0.0,0.0,0.0,0.0,0.0,0.0,139.9,2.6,0.26,16.5,1054.5,0.06,140.0,48.0,188.0,0.0,0.0,0.0,0.0,0.0,0.0,0.0,0.0,0.0,0.0,0.0,0.0,0.0,0.0,0.0,0.0,0.0,134.2,1143.5,1277.7,7243.1,7243.1,0.0,0.0,0.0,0.0,0.0,354.0,0.0,0.0,0.0,0.0,0.0,0.0,0.0,6889.1,0.0,0.0
2050-11-21 12:00:00,2050-11-21 10:00:00,1541.1,3795.7,0.0,10.7,5347.4,1493.1,-1640.0,0.0,1640.0,0.0311,0.0403,upv,upv,0.0,0.0,0.0,0.0,0.0,0.0,0.0,0.0,0.0,0.0,0.0,0.0,0.0,0.0,0.0,0.0,0.0,0.0,139.8,2.6,0.26,16.5,1054.2,0.06,140.0,48.0,187.9,0.0,0.0,0.0,0.0,0.0,0.0,0.0,0.0,0.0,0.0,0.0,0.0,0.0,0.0,0.0,0.0,0.0,137.1,1102.3,1239.4,6987.3,6987.3,0.0,0.0,0.0,0.0,0.0,341.4,0.0,0.0,0.0,0.0,0.0,0.0,0.0,6645.9,0.0,0.0
2050-11-21 13:00:00,2050-11-21 11:00:00,1517.9,4019.6,0.0,10.7,5548.1,1470.9,-1640.0,0.0,1640.0,0.031,0.0397,upv,upv,0.0,0.0,0.0,0.0,0.0,0.0,0.0,0.0,0.0,0.0,0.0,0.0,0.0,0.0,0.0,0.0,0.0,0.0,139.8,2.6,0.26,16.5,1054.2,0.06,140.0,48.0,187.9,0.0,0.0,0.0,0.0,0.0,0.0,0.0,0.0,0.0,0.0,0.0,0.0,0.0,0.0,0.0,0.0,0.0,129.2,395.6,524.8,7188.1,7188.1,0.0,0.0,0.0,0.0,0.0,320.1,0.0,0.0,0.0,0.0,0.0,0.0,0.0,6868.0,0.0,0.0
2050-11-21 14:00:00,2050-11-21 12:00:00,1530.5,3763.5,0.0,10.7,5304.7,1483.0,-1640.0,0.0,1640.0,0.031,0.04,upv,upv,0.0,0.0,0.0,0.0,0.0,0.0,0.0,0.0,0.0,0.0,0.0,0.0,0.0,0.0,0.0,0.0,0.0,0.0,139.8,2.6,0.26,16.5,1054.3,0.06,140.0,48.0,188.0,0.0,0.0,0.0,0.0,0.0,0.0,0.0,0.0,0.0,0.0,0.0,0.0,0.0,0.0,0.0,0.0,0.0,110.1,45.3,155.4,6944.6,6944.6,0.0,0.0,0.0,0.0,0.0,295.0,0.0,0.0,0.0,0.0,0.0,0.0,0.0,6649.6,0.0,0.0
2050-11-21 15:00:00,2050-11-21 13:00:00,1577.9,2655.8,0.0,10.7,4244.4,1528.5,-1640.0,0.0,1640.0,0.0313,0.0413,upv,upv,0.0,0.0,0.0,0.0,0.0,0.0,0.0,0.0,0.0,0.0,0.0,0.0,0.0,0.0,0.0,0.0,0.0,0.0,139.9,2.6,0.26,16.5,1054.4,0.06,140.0,48.0,188.0,0.0,0.0,0.0,0.0,0.0,0.0,0.0,0.0,0.0,0.0,0.0,0.0,0.0,0.0,0.0,0.0,0.0,0.0,258.7,258.7,5884.3,5884.3,0.0,0.0,0.0,0.0,0.0,0.0,0.0,0.0,0.0,0.0,0.0,0.0,0.0,5793.4,90.9,0.0
2050-11-21 16:00:00,2050-11-21 14:00:00,1628.4,2431.9,0.0,2.5,4062.8,1576.9,159.1,159.1,0.0,0.0316,0.0426,battery,upv,0.0,0.0,0.0,0.0,0.0,0.0,0.0,0.0,0.0,0.0,0.0,0.0,0.0,0.0,0.0,0.0,0.0,0.0,140.2,2.6,0.27,16.6,1056.6,0.06,140.3,48.1,188.4,0.0,0.0,0.0,0.0,0.0,0.0,0.0,0.0,0.0,0.02,0.0,0.0,0.02,0.02,0.0,0.0,0.02,0.0,0.0,0.0,3903.7,3903.7,0.0,0.0,0.0,0.0,0.0,161.8,0.0,0.0,0.0,0.0,0.0,0.0,0.0,3670.6,71.4,0.0
2050-11-21 17:00:00,2050-11-21 15:00:00,1711.6,1871.8,0.0,12.1,3595.4,1656.4,1243.2,1243.2,0.0,0.0322,0.0448,battery,gas-cc,0.0,0.0,0.0,0.0,0.0,0.0,0.0,0.0,0.0,0.0,0.0,0.0,0.4,0.9,0.01,0.0,0.4,0.4,140.7,2.7,0.27,16.6,1061.0,0.06,140.9,48.3,189.2,318.8,6.0,0.6,37.7,2406.1,0.14,319.2,109.4,428.6,27.44,0.0,0.0,27.44,28.72,0.0,0.0,28.72,0.0,0.0,0.0,2352.3,2352.3,0.0,0.0,0.0,0.0,0.0,96.9,0.0,0.0,0.0,0.0,0.0,0.0,0.0,2198.8,56.6,0.0
2050-11-21 18:00:00,2050-11-21 16:00:00,1791.6,0.0,0.0,13.9,1805.4,1732.7,1443.8,0.0,1817.2,0.0328,0.0469,battery,gas-cc,0.0,0.0,0.0,0.0,0.0,0.0,0.0,0.0,0.0,0.0,0.0,0.0,0.0,0.0,0.0,0.0,0.0,0.0,153.0,2.9,0.29,18.1,1153.5,0.07,153.2,52.5,205.6,373.1,7.0,0.7,44.1,2815.2,0.16,373.5,128.0,501.5,32.31,0.0,0.0,32.31,33.9,0.0,0.0,33.9,0.0,0.0,0.0,3622.6,361.6,3261.0,0.0,0.0,0.0,0.0,12.1,0.0,0.0,0.0,0.0,0.0,0.0,0.0,275.3,74.2,0.0
2050-11-21 19:00:00,2050-11-21 17:00:00,1912.6,0.0,0.0,10.7,1923.3,1847.9,1841.8,0.0,1640.0,0.0338,0.05,battery,gas-cc,0.0,0.0,0.0,0.0,0.0,0.0,0.0,0.0,0.0,0.0,0.0,0.0,0.0,0.0,0.0,0.0,0.0,0.0,154.4,2.9,0.29,18.2,1164.1,0.07,154.6,52.9,207.5,375.3,7.1,0.71,44.3,2832.2,0.16,375.7,128.8,504.5,32.31,0.0,0.0,32.31,34.02,0.0,0.0,34.02,0.0,0.0,0.0,3563.3,81.5,3481.8,0.0,0.0,0.0,0.0,0.0,0.0,0.0,0.0,0.0,0.0,0.0,0.0,0.0,81.5,0.0
2050-11-21 20:00:00,2050-11-21 18:00:00,2015.8,0.0,0.0,3.6,2019.4,1945.8,1927.7,0.0,554.0,0.0347,0.0527,gas-cc,gas-cc,0.0,0.0,0.0,0.0,0.0,0.0,0.0,0.0,0.0,0.0,0.0,0.0,0.0,0.0,0.0,0.0,0.0,0.0,167.9,3.2,0.32,19.8,1266.1,0.07,168.1,57.6,225.7,420.1,7.9,0.79,49.6,3170.1,0.18,420.5,144.1,564.7,32.31,0.0,0.0,32.31,34.11,0.0,0.0,34.11,0.0,0.0,0.0,2573.4,91.7,2481.7,0.0,0.0,0.0,0.0,0.0,0.0,0.0,0.0,0.0,0.0,0.0,0.0,0.0,91.7,0.0
2050-11-21 21:00:00,2050-11-21 19:00:00,1969.5,0.0,0.0,8.2,1977.7,1901.9,1865.6,0.0,1266.6,0.0343,0.0515,battery,gas-cc,0.0,0.0,0.0,0.0,0.0,0.0,0.0,0.0,0.0,0.0,0.0,0.0,0.0,0.0,0.0,0.0,0.0,0.0,289.9,5.5,0.55,34.2,2187.3,0.13,290.2,99.5,389.7,374.9,7.1,0.71,44.3,2829.0,0.16,375.3,128.6,503.9,32.31,0.0,0.0,32.31,34.07,0.0,0.0,34.07,0.0,0.0,0.0,3244.3,112.1,3132.2,0.0,0.0,0.0,0.0,0.0,0.0,0.0,0.0,0.0,0.0,0.0,0.0,0.0,112.1,0.0
2050-11-21 22:00:00,2050-11-21 20:00:00,1837.9,0.0,0.0,6.7,1844.6,1776.9,1718.7,0.0,1037.9,0.0332,0.0481,battery,gas-cc,0.0,0.0,0.0,0.0,0.0,0.0,0.0,0.0,0.0,0.0,0.0,0.0,0.0,0.0,0.0,0.0,0.0,0.0,162.1,3.1,0.31,19.2,1222.2,0.07,162.3,55.6,217.9,373.5,7.0,0.7,44.1,2818.8,0.16,373.9,128.2,502.1,32.31,0.0,0.0,32.31,33.95,0.0,0.0,33.95,0.0,0.0,0.0,2882.5,125.9,2756.6,0.0,0.0,0.0,0.0,0.0,0.0,0.0,0.0,0.0,0.0,0.0,0.0,0.0,125.9,0.0
2050-11-21 23:00:00,2050-11-21 21:00:00,1716.8,0.0,0.0,4.6,1721.4,1661.4,1629.9,0.0,708.0,0.0323,0.0449,battery,gas-cc,0.0,0.0,0.0,0.0,0.0,0.0,0.0,0.0,0.0,0.0,0.0,0.0,0.0,0.0,0.0,0.0,0.0,0.0,260.0,4.9,0.49,30.7,1961.4,0.11,260.3,89.2,349.5,372.3,7.0,0.7,44.0,2809.4,0.16,372.7,127.7,500.4,32.31,0.0,0.0,32.31,33.83,0.0,0.0,33.83,0.0,0.0,0.0,2429.4,91.5,2337.9,0.0,0.0,0.0,0.0,0.0,0.0,0.0,0.0,0.0,0.0,0.0,0.0,0.0,91.5,0.0
2050-11-22 00:00:00,2050-11-21 22:00:00,1577.9,0.0,0.0,1.9,1579.8,1528.5,1496.3,0.0,296.8,0.0313,0.0413,battery,gas-cc,0.0,0.0,0.0,0.0,0.0,0.0,0.0,0.0,0.0,0.0,0.0,0.0,0.0,0.0,0.0,0.0,0.0,0.0,154.5,2.9,0.29,18.3,1165.0,0.07,154.7,53.0,207.7,371.9,7.0,0.7,43.9,2806.3,0.16,372.3,127.6,499.9,32.97,0.0,0.0,32.97,34.39,0.0,0.0,34.39,0.0,0.0,0.0,1876.7,83.5,1793.1,0.0,0.0,0.0,0.0,0.0,0.0,0.0,0.0,0.0,0.0,0.0,0.0,0.0,83.5,0.0
2050-11-22 01:00:00,2050-11-21 23:00:00,1437.9,0.0,0.0,0.0,1437.9,1394.0,1357.8,0.0,0.0,0.0305,0.0376,battery,gas-cc,0.0,0.0,0.0,0.0,0.0,0.0,0.0,0.0,0.0,0.0,0.0,0.0,0.0,0.0,0.0,0.0,0.0,0.0,154.0,2.9,0.29,18.2,1160.4,0.07,154.2,52.8,207.0,419.1,7.9,0.79,49.5,3162.5,0.18,419.5,143.8,563.3,32.97,0.0,0.0,32.97,34.26,0.0,0.0,34.26,0.0,0.0,0.0,1437.9,80.1,1357.8,0.0,0.0,0.0,0.0,0.0,0.0,0.0,0.0,0.0,0.0,0.0,0.0,0.0,80.1,0.0
2050-11-22 02:00:00,2050-11-22 00:00:00,1296.8,0.0,0.0,0.1,1297.0,1258.0,1225.3,7.8,0.0,0.03,0.0339,battery,gas-cc,0.0,0.0,0.0,0.0,0.0,0.0,0.0,0.0,0.0,0.0,0.0,0.0,0.0,0.0,0.0,0.0,0.0,0.0,155.8,2.9,0.29,18.4,1174.9,0.07,156.0,53.4,209.4,369.1,7.0,0.7,43.6,2785.0,0.16,369.5,126.6,496.1,32.97,0.0,0.0,32.97,34.13,0.0,0.0,34.13,0.0,0.0,0.0,1289.2,71.7,1217.5,0.0,0.0,0.0,0.0,0.0,0.0,0.0,0.0,0.0,0.0,0.0,0.0,0.0,71.7,0.0
2050-11-22 03:00:00,2050-11-22 01:00:00,1222.1,0.0,0.0,8.3,1230.4,1185.7,1190.4,657.9,0.0,0.0298,0.032,battery,gas-cc,0.0,0.0,0.0,0.0,0.0,0.0,0.0,0.0,0.0,0.0,0.0,0.0,0.6,1.4,0.01,0.0,0.6,0.6,155.4,2.9,0.29,18.4,1171.4,0.07,155.5,53.3,208.8,416.6,7.9,0.79,49.2,3144.1,0.18,417.1,143.0,560.1,32.97,0.0,0.0,32.97,34.06,0.0,0.0,34.06,0.0,0.0,0.0,572.5,40.0,532.5,0.0,0.0,0.0,0.0,0.0,0.0,0.0,0.0,0.0,0.0,0.0,0.0,0.0,40.0,0.0
2050-11-22 04:00:00,2050-11-22 02:00:00,1160.0,0.0,0.0,8.9,1168.9,1125.5,1148.8,759.2,0.0,0.0297,0.0303,hydro,gas-cc,0.0,0.0,0.0,0.0,0.0,0.0,0.0,0.0,0.0,0.0,0.0,0.0,0.9,2.5,0.02,0.0,1.0,1.1,156.3,2.9,0.3,18.5,1178.4,0.07,156.5,53.6,210.1,367.7,6.9,0.69,43.4,2774.7,0.16,368.1,126.2,494.3,32.97,0.0,0.0,32.97,34.01,0.0,0.0,34.01,0.0,0.0,0.0,409.7,20.1,389.6,0.0,0.0,0.0,0.0,0.0,0.0,0.0,0.0,0.0,0.0,0.0,0.0,0.0,20.1,0.0
2050-11-22 05:00:00,2050-11-22 03:00:00,1118.9,0.0,0.0,6.9,1125.9,1085.7,1104.4,447.3,0.0,0.0297,0.0293,hydro,gas-cc,0.0,0.0,0.0,0.0,0.0,0.0,0.0,0.0,0.0,0.0,0.0,0.0,0.0,0.0,0.0,0.0,0.0,0.0,159.6,3.0,0.3,18.9,1203.7,0.07,159.8,54.8,214.6,367.3,6.9,0.69,43.4,2771.6,0.16,367.7,126.0,493.7,32.97,0.0,0.0,32.97,33.97,0.0,0.0,33.97,0.0,0.0,0.0,678.6,21.5,657.1,0.0,0.0,0.0,0.0,0.0,0.0,0.0,0.0,0.0,0.0,0.0,0.0,0.0,21.5,0.0
2050-11-22 06:00:00,2050-11-22 04:00:00,1121.1,0.0,0.0,8.6,1129.6,1087.8,1109.7,699.2,0.0,0.0297,0.0293,battery,gas-cc,0.0,0.0,0.0,0.0,0.0,0.0,0.0,0.0,0.0,0.0,0.0,0.0,0.8,2.2,0.02,0.0,0.9,0.9,158.4,3.0,0.3,18.7,1190.1,0.07,158.6,54.2,212.8,415.5,7.8,0.78,49.1,3135.5,0.18,416.0,142.6,558.5,32.97,0.0,0.0,32.97,33.97,0.0,0.0,33.97,0.0,0.0,0.0,430.4,19.9,410.5,0.0,0.0,0.0,0.0,0.0,0.0,0.0,0.0,0.0,0.0,0.0,0.0,0.0,19.9,0.0
2050-11-22 07:00:00,2050-11-22 05:00:00,1175.8,0.0,0.0,11.2,1187.0,1140.9,1111.6,1111.6,0.0,0.0297,0.0307,hydro,gas-cc,0.0,0.0,0.0,0.0,0.0,0.0,0.0,0.0,0.0,0.1,0.0,0.0,1.8,5.0,0.04,0.1,2.0,2.1,150.7,2.8,0.29,17.8,1136.0,0.07,150.8,51.7,202.5,367.9,6.9,0.69,43.5,2775.9,0.16,368.2,126.2,494.5,32.97,0.0,0.0,32.97,34.02,0.0,0.0,34.02,0.0,0.0,0.0,75.4,75.4,0.0,0.0,0.0,0.0,0.0,0.0,0.0,0.0,0.0,0.0,0.0,0.0,0.0,0.0,75.4,0.0
2050-11-22 08:00:00,2050-11-22 06:00:00,1304.2,0.0,0.0,6.9,1311.1,1265.1,1288.7,450.7,0.0,0.03,0.0341,hydro,gas-cc,0.0,0.0,0.0,0.0,0.0,0.0,0.0,0.0,0.0,0.0,0.0,0.0,0.0,0.1,0.0,0.0,0.0,0.0,151.6,2.9,0.29,17.9,1142.6,0.07,151.7,52.0,203.7,369.1,7.0,0.7,43.6,2785.5,0.16,369.5,126.7,496.2,32.97,0.0,0.0,32.97,34.14,0.0,0.0,34.14,0.0,0.0,0.0,860.5,22.4,838.0,0.0,0.0,0.0,0.0,0.0,0.0,0.0,0.0,0.0,0.0,0.0,0.0,0.0,22.4,0.0
2050-11-22 09:00:00,2050-11-22 07:00:00,1446.3,2431.9,0.0,8.7,3886.9,1402.1,167.3,445.3,278.0,0.0306,0.0378,battery,gas-cc,0.0,0.0,0.0,0.0,0.0,0.0,0.0,0.0,0.0,0.0,0.0,0.0,0.0,0.0,0.0,0.0,0.0,0.0,201.6,3.8,0.38,23.8,1520.5,0.09,201.8,69.2,271.0,383.3,7.2,0.72,45.3,2892.2,0.17,383.7,131.5,515.2,19.64,0.0,0.0,19.64,20.42,0.0,0.0,20.42,0.0,0.0,0.0,3719.6,3719.6,0.0,0.0,0.0,0.0,0.0,155.7,0.0,0.0,0.0,0.0,0.0,0.0,0.0,3534.8,29.1,0.0
2050-11-22 10:00:00,2050-11-22 08:00:00,1574.7,2431.9,0.0,10.7,4017.3,1525.5,-1640.0,0.0,1640.0,0.0313,0.0412,upv,upv,0.0,0.0,0.0,0.0,0.0,0.0,0.0,0.0,0.0,0.0,0.0,0.0,0.0,0.0,0.0,0.0,0.0,0.0,140.3,2.6,0.27,16.6,1057.8,0.06,140.5,48.1,188.6,0.0,0.0,0.0,0.0,0.0,0.0,0.0,0.0,0.0,0.0,0.0,0.0,0.0,0.0,0.0,0.0,0.0,7.8,2290.7,2298.5,5657.3,5657.3,0.0,0.0,0.0,0.0,0.0,335.4,0.0,0.0,0.0,0.0,0.0,0.0,0.0,5321.8,0.0,0.0
2050-11-22 11:00:00,2050-11-22 09:00:00,1597.9,3178.2,0.0,10.7,4786.8,1547.6,-1640.0,0.0,1640.0,0.0314,0.0418,upv,upv,0.0,0.0,0.0,0.0,0.0,0.0,0.0,0.0,0.0,0.0,0.0,0.0,0.0,0.0,0.0,0.0,0.0,0.0,139.9,2.6,0.26,16.5,1054.7,0.06,140.1,48.0,188.0,0.0,0.0,0.0,0.0,0.0,0.0,0.0,0.0,0.0,0.0,0.0,0.0,0.0,0.0,0.0,0.0,0.0,9.1,1534.7,1543.7,6426.8,6426.8,0.0,0.0,0.0,0.0,0.0,336.0,0.0,0.0,0.0,0.0,0.0,0.0,0.0,6090.8,0.0,0.0
2050-11-22 12:00:00,2050-11-22 10:00:00,1562.1,3898.4,0.0,10.7,5471.1,1513.3,-1640.0,0.0,1640.0,0.0312,0.0409,upv,upv,0.0,0.0,0.0,0.0,0.0,0.0,0.0,0.0,0.0,0.0,0.0,0.0,0.0,0.0,0.0,0.0,0.0,0.0,142.0,2.7,0.27,16.8,1070.2,0.06,142.1,48.7,190.8,0.0,0.0,0.0,0.0,0.0,0.0,0.0,0.0,0.0,0.0,0.0,0.0,0.0,0.0,0.0,0.0,0.0,6.9,459.1,466.0,7111.1,7111.1,0.0,0.0,0.0,0.0,0.0,319.6,0.0,0.0,0.0,0.0,0.0,0.0,0.0,6791.5,0.0,0.0
2050-11-22 13:00:00,2050-11-22 11:00:00,1533.7,4007.9,0.0,10.7,5552.3,1486.1,-1640.0,0.0,1640.0,0.031,0.0401,battery,upv,0.0,0.0,0.0,0.0,0.0,0.0,0.0,0.0,0.0,0.0,0.0,0.0,0.0,0.0,0.0,0.0,0.0,0.0,139.8,2.6,0.26,16.5,1054.1,0.06,140.0,47.9,187.9,0.0,0.0,0.0,0.0,0.0,0.0,0.0,0.0,0.0,0.0,0.0,0.0,0.0,0.0,0.0,0.0,0.0,6.2,0.0,6.2,7192.3,7192.3,0.0,0.0,0.0,0.0,0.0,303.5,0.0,0.0,0.0,0.0,0.0,0.0,0.0,6888.7,0.0,0.0
2050-11-22 14:00:00,2050-11-22 12:00:00,1551.6,3544.8,0.0,10.7,5107.0,1503.2,-1640.0,0.0,1640.0,0.0312,0.0406,battery,upv,0.0,0.0,0.0,0.0,0.0,0.0,0.0,0.0,0.0,0.0,0.0,0.0,0.0,0.0,0.0,0.0,0.0,0.0,139.8,2.6,0.26,16.5,1054.2,0.06,140.0,48.0,187.9,0.0,0.0,0.0,0.0,0.0,0.0,0.0,0.0,0.0,0.0,0.0,0.0,0.0,0.0,0.0,0.0,0.0,12.3,0.0,12.3,6747.0,6747.0,0.0,0.0,0.0,0.0,0.0,284.7,0.0,0.0,0.0,0.0,0.0,0.0,0.0,6462.2,0.0,0.0
2050-11-22 15:00:00,2050-11-22 13:00:00,1585.3,3421.4,0.0,10.7,5017.3,1535.5,-1640.0,0.0,1640.0,0.0314,0.0415,distpv,distpv,0.0,0.0,0.0,0.0,0.0,0.0,0.0,0.0,0.0,0.0,0.0,0.0,0.0,0.0,0.0,0.0,0.0,0.0,140.7,2.7,0.27,16.6,1061.1,0.06,140.9,48.3,189.2,0.0,0.0,0.0,0.0,0.0,0.0,0.0,0.0,0.0,0.0,0.0,0.0,0.0,0.0,0.0,0.0,0.0,0.0,222.5,222.5,6657.3,6657.3,0.0,0.0,0.0,0.0,0.0,66.9,0.0,0.0,0.0,0.0,0.0,0.0,0.0,6568.9,21.5,0.0
2050-11-22 16:00:00,2050-11-22 14:00:00,1618.9,3791.8,0.0,10.7,5421.4,1567.8,-1640.0,0.0,1640.0,0.0316,0.0423,upv,upv,0.0,0.0,0.0,0.0,0.0,0.0,0.0,0.0,0.0,0.0,0.0,0.0,0.0,0.0,0.0,0.0,0.0,0.0,140.4,2.7,0.27,16.6,1058.8,0.06,140.6,48.2,188.8,0.0,0.0,0.0,0.0,0.0,0.0,0.0,0.0,0.0,0.0,0.0,0.0,0.0,0.0,0.0,0.0,0.0,0.0,615.8,615.8,7061.4,7061.4,0.0,0.0,0.0,0.0,0.0,323.0,0.0,0.0,0.0,0.0,0.0,0.0,0.0,6712.4,26.0,0.0
2050-11-22 17:00:00,2050-11-22 15:00:00,1701.1,2850.6,0.0,10.7,4562.3,1646.4,-1640.0,0.0,1640.0,0.0322,0.0445,distpv,distpv,0.0,0.0,0.0,0.0,0.0,0.0,0.0,0.0,0.0,0.0,0.0,0.0,0.0,0.0,0.0,0.0,0.0,0.0,140.7,2.7,0.27,16.6,1060.5,0.06,140.8,48.2,189.1,0.0,0.0,0.0,0.0,0.0,0.0,0.0,0.0,0.0,0.0,0.0,0.0,0.0,0.0,0.0,0.0,0.0,7.9,35.3,43.2,6202.3,6202.3,0.0,0.0,0.0,0.0,0.0,228.0,0.0,0.0,0.0,0.0,0.0,0.0,0.0,5974.3,0.0,0.0
2050-11-22 18:00:00,2050-11-22 16:00:00,1788.4,0.0,0.0,4.5,1792.9,1729.7,674.9,0.0,688.9,0.0328,0.0468,battery,gas-cc,0.0,0.0,0.0,0.0,0.0,0.0,0.0,0.0,0.0,0.0,0.0,0.0,0.0,0.0,0.0,0.0,0.0,0.0,151.1,2.9,0.29,17.9,1139.5,0.07,151.3,51.8,203.1,374.0,7.0,0.7,44.2,2822.5,0.16,374.4,128.3,502.8,32.1,0.0,0.0,32.1,33.67,0.0,0.0,33.67,0.0,0.0,0.0,2481.8,1118.0,1363.8,0.0,0.0,0.0,0.0,46.8,0.0,0.0,0.0,0.0,0.0,0.0,0.0,1061.4,9.8,0.0
2050-11-22 19:00:00,2050-11-22 17:00:00,1900.0,0.0,0.0,0.0,1900.0,1835.9,1886.1,0.0,0.0,0.0337,0.0497,battery,gas-cc,0.0,0.0,0.0,0.0,0.0,0.0,0.0,0.0,0.0,0.0,0.0,0.0,0.0,0.0,0.0,0.0,0.0,0.0,213.7,4.0,0.4,25.2,1611.5,0.09,213.9,73.3,287.2,365.2,6.9,0.69,43.1,2756.0,0.16,365.6,125.3,490.9,32.1,0.0,0.0,32.1,33.77,0.0,0.0,33.77,0.0,0.0,0.0,1900.0,13.9,1886.1,0.0,0.0,0.0,0.0,0.0,0.0,0.0,0.0,0.0,0.0,0.0,0.0,0.0,13.9,0.0
2050-11-22 20:00:00,2050-11-22 18:00:00,2000.0,0.0,0.0,2.2,2002.2,1930.8,1994.9,0.0,343.0,0.0346,0.0523,battery,gas-cc,0.0,0.0,0.0,0.0,0.0,0.0,0.0,0.0,0.0,0.0,0.0,0.0,0.0,0.0,0.0,0.0,0.0,0.0,244.8,4.6,0.46,28.9,1846.9,0.11,245.1,84.0,329.1,376.2,7.1,0.71,44.4,2839.0,0.16,376.6,129.1,505.7,32.1,0.0,0.0,32.1,33.87,0.0,0.0,33.87,0.0,0.0,0.0,2345.2,7.3,2337.9,0.0,0.0,0.0,0.0,0.0,0.0,0.0,0.0,0.0,0.0,0.0,0.0,0.0,7.3,0.0
2050-11-22 21:00:00,2050-11-22 19:00:00,1951.6,0.0,0.0,0.6,1952.2,1884.9,1950.2,0.0,92.0,0.0342,0.051,battery,gas-cc,0.0,0.0,0.0,0.0,0.0,0.0,0.0,0.0,0.0,0.0,0.0,0.0,0.0,0.0,0.0,0.0,0.0,0.0,153.3,2.9,0.29,18.1,1156.1,0.07,153.5,52.6,206.1,375.7,7.1,0.71,44.4,2835.2,0.16,376.1,128.9,505.0,32.1,0.0,0.0,32.1,33.82,0.0,0.0,33.82,0.0,0.0,0.0,2044.2,1.9,2042.2,0.0,0.0,0.0,0.0,0.0,0.0,0.0,0.0,0.0,0.0,0.0,0.0,0.0,1.9,0.0
2050-11-22 22:00:00,2050-11-22 20:00:00,1814.7,0.0,0.0,7.9,1822.6,1754.8,1822.4,0.0,1214.6,0.033,0.0475,battery,gas-cc,0.0,0.0,0.0,0.0,0.0,0.0,0.0,0.0,0.0,0.0,0.0,0.0,0.0,0.0,0.0,0.0,0.0,0.0,217.2,4.1,0.41,25.7,1638.3,0.09,217.4,74.5,291.9,374.3,7.1,0.71,44.2,2824.6,0.16,374.7,128.4,503.1,32.1,0.0,0.0,32.1,33.69,0.0,0.0,33.69,0.0,0.0,0.0,3037.3,0.2,3037.1,0.0,0.0,0.0,0.0,0.0,0.0,0.0,0.0,0.0,0.0,0.0,0.0,0.0,0.2,0.0
2050-11-22 23:00:00,2050-11-22 21:00:00,1713.7,0.0,0.0,5.9,1719.6,1658.4,1719.5,0.0,907.2,0.0322,0.0448,battery,gas-cc,0.0,0.0,0.0,0.0,0.0,0.0,0.0,0.0,0.0,0.0,0.0,0.0,0.0,0.0,0.0,0.0,0.0,0.0,159.1,3.0,0.3,18.8,1199.4,0.07,159.2,54.6,213.8,373.3,7.0,0.7,44.1,2816.8,0.16,373.7,128.1,501.7,32.1,0.0,0.0,32.1,33.6,0.0,0.0,33.6,0.0,0.0,0.0,2626.8,0.1,2626.7,0.0,0.0,0.0,0.0,0.0,0.0,0.0,0.0,0.0,0.0,0.0,0.0,0.0,0.1,0.0
2050-11-23 00:00:00,2050-11-22 22:00:00,1595.8,0.0,0.0,0.0,1595.8,1545.6,1595.8,0.0,0.0,0.0314,0.0417,battery,gas-cc,0.0,0.0,0.0,0.0,0.0,0.0,0.0,0.0,0.0,0.0,0.0,0.0,0.0,0.0,0.0,0.0,0.0,0.0,159.0,3.0,0.3,18.8,1199.1,0.07,159.2,54.5,213.8,357.9,6.7,0.67,42.3,2701.0,0.16,358.3,122.8,481.1,31.44,0.0,0.0,31.44,32.81,0.0,0.0,32.81,0.0,0.0,0.0,1595.8,0.0,1595.8,0.0,0.0,0.0,0.0,0.0,0.0,0.0,0.0,0.0,0.0,0.0,0.0,0.0,0.0,0.0
2050-11-23 01:00:00,2050-11-22 23:00:00,1437.9,0.0,0.0,1.2,1439.1,1394.0,1439.1,0.0,191.3,0.0305,0.0376,battery,gas-cc,0.0,0.0,0.0,0.0,0.0,0.0,0.0,0.0,0.0,0.0,0.0,0.0,0.0,0.0,0.0,0.0,0.0,0.0,163.6,3.1,0.31,19.3,1233.9,0.07,163.8,56.1,219.9,365.5,6.9,0.69,43.2,2758.4,0.16,365.9,125.4,491.3,31.44,0.0,0.0,31.44,32.67,0.0,0.0,32.67,0.0,0.0,0.0,1630.4,0.0,1630.4,0.0,0.0,0.0,0.0,0.0,0.0,0.0,0.0,0.0,0.0,0.0,0.0,0.0,0.0,0.0
2050-11-23 02:00:00,2050-11-23 00:00:00,1306.3,0.0,0.0,0.0,1306.3,1267.1,1305.9,0.0,0.0,0.03,0.0342,battery,gas-cc,0.0,0.0,0.0,0.0,0.0,0.0,0.0,0.0,0.0,0.0,0.0,0.0,0.0,0.0,0.0,0.0,0.0,0.0,161.2,3.0,0.3,19.1,1215.8,0.07,161.4,55.3,216.7,355.1,6.7,0.67,42.0,2679.8,0.15,355.5,121.9,477.4,31.44,0.0,0.0,31.44,32.56,0.0,0.0,32.56,0.0,0.0,0.0,1306.3,0.4,1305.9,0.0,0.0,0.0,0.0,0.0,0.0,0.0,0.0,0.0,0.0,0.0,0.0,0.0,0.4,0.0
2050-11-23 03:00:00,2050-11-23 01:00:00,1213.7,0.0,0.0,0.0,1213.7,1177.6,1212.5,0.0,0.0,0.0298,0.0317,battery,gas-cc,0.0,0.0,0.0,0.0,0.0,0.0,0.0,0.0,0.0,0.0,0.0,0.0,0.0,0.0,0.0,0.0,0.0,0.0,161.9,3.1,0.31,19.1,1220.6,0.07,162.1,55.5,217.6,354.2,6.7,0.67,41.8,2673.1,0.15,354.6,121.5,476.2,31.44,0.0,0.0,31.44,32.47,0.0,0.0,32.47,0.0,0.0,0.0,1213.7,1.2,1212.5,0.0,0.0,0.0,0.0,0.0,0.0,0.0,0.0,0.0,0.0,0.0,0.0,0.0,1.2,0.0
2050-11-23 04:00:00,2050-11-23 02:00:00,1144.2,0.0,0.0,2.2,1146.4,1110.2,1143.2,0.0,334.1,0.0297,0.0299,battery,gas-cc,0.0,0.0,0.0,0.0,0.0,0.0,0.0,0.0,0.0,0.0,0.0,0.0,0.0,0.0,0.0,0.0,0.0,0.0,152.3,2.9,0.29,18.0,1148.6,0.07,152.5,52.2,204.8,362.6,6.8,0.68,42.8,2736.5,0.16,363.0,124.4,487.5,31.44,0.0,0.0,31.44,32.41,0.0,0.0,32.41,0.0,0.0,0.0,1480.5,3.1,1477.4,0.0,0.0,0.0,0.0,0.0,0.0,0.0,0.0,0.0,0.0,0.0,0.0,0.0,3.1,0.0
2050-11-23 05:00:00,2050-11-23 03:00:00,1113.7,0.0,0.0,0.6,1114.3,1080.6,1109.9,0.0,88.1,0.0297,0.0291,battery,gas-cc,0.0,0.0,0.0,0.0,0.0,0.0,0.0,0.0,0.0,0.0,0.0,0.0,0.0,0.0,0.0,0.0,0.0,0.0,152.3,2.9,0.29,18.0,1148.4,0.07,152.5,52.2,204.7,362.3,6.8,0.68,42.8,2734.3,0.16,362.7,124.3,487.1,31.44,0.0,0.0,31.44,32.39,0.0,0.0,32.39,0.0,0.0,0.0,1202.4,4.4,1198.0,0.0,0.0,0.0,0.0,0.0,0.0,0.0,0.0,0.0,0.0,0.0,0.0,0.0,4.4,0.0
2050-11-23 06:00:00,2050-11-23 04:00:00,1090.5,0.0,0.0,0.0,1090.5,1058.1,1086.7,0.0,0.0,0.0297,0.0285,battery,gas-cc,0.0,0.0,0.0,0.0,0.0,0.0,0.0,0.0,0.0,0.0,0.0,0.0,0.0,0.0,0.0,0.0,0.0,0.0,151.0,2.8,0.29,17.8,1138.1,0.07,151.1,51.8,202.9,353.1,6.7,0.67,41.7,2664.3,0.15,353.4,121.1,474.6,31.44,0.0,0.0,31.44,32.37,0.0,0.0,32.37,0.0,0.0,0.0,1090.5,3.9,1086.7,0.0,0.0,0.0,0.0,0.0,0.0,0.0,0.0,0.0,0.0,0.0,0.0,0.0,3.9,0.0
2050-11-23 07:00:00,2050-11-23 05:00:00,1121.1,0.0,0.0,0.0,1121.1,1087.8,1118.4,0.0,0.0,0.0297,0.0293,battery,gas-cc,0.0,0.0,0.0,0.0,0.0,0.0,0.0,0.0,0.0,0.0,0.0,0.0,0.0,0.0,0.0,0.0,0.0,0.0,152.8,2.9,0.29,18.1,1152.1,0.07,153.0,52.4,205.4,353.4,6.7,0.67,41.7,2666.4,0.15,353.7,121.2,475.0,31.44,0.0,0.0,31.44,32.39,0.0,0.0,32.39,0.0,0.0,0.0,1121.1,2.7,1118.4,0.0,0.0,0.0,0.0,0.0,0.0,0.0,0.0,0.0,0.0,0.0,0.0,0.0,2.7,0.0
2050-11-23 08:00:00,2050-11-23 06:00:00,1206.3,0.0,0.0,0.0,1206.3,1170.4,1204.7,0.0,0.0,0.0297,0.0315,battery,gas-cc,0.0,0.0,0.0,0.0,0.0,0.0,0.0,0.0,0.0,0.0,0.0,0.0,0.0,0.0,0.0,0.0,0.0,0.0,204.4,3.9,0.39,24.1,1541.7,0.09,204.6,70.1,274.7,354.2,6.7,0.67,41.8,2672.6,0.15,354.5,121.5,476.1,31.44,0.0,0.0,31.44,32.47,0.0,0.0,32.47,0.0,0.0,0.0,1206.3,1.7,1204.7,0.0,0.0,0.0,0.0,0.0,0.0,0.0,0.0,0.0,0.0,0.0,0.0,0.0,1.7,0.0
2050-11-23 09:00:00,2050-11-23 07:00:00,1363.2,2431.9,0.0,12.2,3807.3,1322.0,-370.6,445.3,815.9,0.0302,0.0356,hydro,gas-cc,0.0,0.0,0.0,0.0,0.0,0.0,0.0,0.0,0.0,0.0,0.0,0.0,0.0,0.0,0.0,0.0,0.0,0.0,157.2,3.0,0.3,18.6,1185.6,0.07,157.4,53.9,211.3,328.3,6.2,0.62,38.8,2477.5,0.14,328.7,112.7,441.3,23.76,0.0,0.0,23.76,24.64,0.0,0.0,24.64,0.0,0.0,0.0,4177.9,4177.9,0.0,0.0,0.0,0.0,0.0,176.3,0.0,0.0,0.0,0.0,0.0,0.0,0.0,4000.1,1.5,0.0
2050-11-23 10:00:00,2050-11-23 08:00:00,1528.4,2593.8,0.0,10.7,4132.9,1481.0,-1640.0,0.0,1640.0,0.031,0.04,upv,upv,0.0,0.0,0.0,0.0,0.0,0.0,0.0,0.0,0.0,0.0,0.0,0.0,0.0,0.0,0.0,0.0,0.0,0.0,139.8,2.6,0.26,16.5,1054.2,0.06,140.0,48.0,187.9,0.0,0.0,0.0,0.0,0.0,0.0,0.0,0.0,0.0,0.0,0.0,0.0,0.0,0.0,0.0,0.0,0.0,0.8,2445.0,2445.8,5772.8,5772.8,0.0,0.0,0.0,0.0,0.0,0.0,0.0,0.0,0.0,0.0,0.0,0.0,0.0,5772.8,0.0,0.0
2050-11-23 11:00:00,2050-11-23 09:00:00,1574.7,3789.0,0.0,10.7,5374.4,1525.5,-1640.0,0.0,1640.0,0.0313,0.0412,upv,upv,0.0,0.0,0.0,0.0,0.0,0.0,0.0,0.0,0.0,0.0,0.0,0.0,0.0,0.0,0.0,0.0,0.0,0.0,139.9,2.6,0.26,16.5,1054.5,0.06,140.0,48.0,188.0,0.0,0.0,0.0,0.0,0.0,0.0,0.0,0.0,0.0,0.0,0.0,0.0,0.0,0.0,0.0,0.0,0.0,0.0,1217.0,1217.0,7014.3,7014.3,0.0,0.0,0.0,0.0,0.0,347.4,0.0,0.0,0.0,0.0,0.0,0.0,0.0,6667.0,0.0,0.0
2050-11-23 12:00:00,2050-11-23 10:00:00,1549.5,4019.6,0.0,10.7,5579.7,1501.2,-1640.0,0.0,1640.0,0.0311,0.0405,upv,upv,0.0,0.0,0.0,0.0,0.0,0.0,0.0,0.0,0.0,0.0,0.0,0.0,0.0,0.0,0.0,0.0,0.0,0.0,139.8,2.6,0.26,16.5,1054.2,0.06,140.0,48.0,187.9,0.0,0.0,0.0,0.0,0.0,0.0,0.0,0.0,0.0,0.0,0.0,0.0,0.0,0.0,0.0,0.0,0.0,0.0,539.4,539.4,7219.7,7219.7,0.0,0.0,0.0,0.0,0.0,327.5,0.0,0.0,0.0,0.0,0.0,0.0,0.0,6892.2,0.0,0.0
2050-11-23 13:00:00,2050-11-23 11:00:00,1523.2,3824.8,0.0,10.7,5358.6,1476.0,-1640.0,0.0,1640.0,0.031,0.0398,upv,upv,0.0,0.0,0.0,0.0,0.0,0.0,0.0,0.0,0.0,0.0,0.0,0.0,0.0,0.0,0.0,0.0,0.0,0.0,143.3,2.7,0.27,16.9,1080.1,0.06,143.4,49.1,192.6,0.0,0.0,0.0,0.0,0.0,0.0,0.0,0.0,0.0,0.0,0.0,0.0,0.0,0.0,0.0,0.0,0.0,0.1,470.4,470.5,6998.5,6998.5,0.0,0.0,0.0,0.0,0.0,315.2,0.0,0.0,0.0,0.0,0.0,0.0,0.0,6683.3,0.0,0.0
2050-11-23 14:00:00,2050-11-23 12:00:00,1526.3,4019.6,0.0,10.7,5556.5,1479.0,-1640.0,0.0,1640.0,0.031,0.0399,upv,upv,0.0,0.0,0.0,0.0,0.0,0.0,0.0,0.0,0.0,0.0,0.0,0.0,0.0,0.0,0.0,0.0,0.0,0.0,139.8,2.6,0.26,16.5,1054.1,0.06,140.0,47.9,187.9,0.0,0.0,0.0,0.0,0.0,0.0,0.0,0.0,0.0,0.0,0.0,0.0,0.0,0.0,0.0,0.0,0.0,0.1,427.5,427.7,7196.5,7196.5,0.0,0.0,0.0,0.0,0.0,321.7,0.0,0.0,0.0,0.0,0.0,0.0,0.0,6874.8,0.0,0.0
2050-11-23 15:00:00,2050-11-23 13:00:00,1535.8,2626.7,0.0,10.7,4173.2,1488.1,-1640.0,0.0,1640.0,0.0311,0.0402,upv,upv,0.0,0.0,0.0,0.0,0.0,0.0,0.0,0.0,0.0,0.0,0.0,0.0,0.0,0.0,0.0,0.0,0.0,0.0,140.2,2.6,0.27,16.6,1056.9,0.06,140.3,48.1,188.4,0.0,0.0,0.0,0.0,0.0,0.0,0.0,0.0,0.0,0.0,0.0,0.0,0.0,0.0,0.0,0.0,0.0,2.6,2229.3,2231.8,5813.1,5813.1,0.0,0.0,0.0,0.0,0.0,339.4,0.0,0.0,0.0,0.0,0.0,0.0,0.0,5473.7,0.0,0.0
2050-11-23 16:00:00,2050-11-23 14:00:00,1538.9,3819.8,0.0,10.7,5369.4,1491.1,-1640.0,0.0,1640.0,0.0311,0.0402,upv,upv,0.0,0.0,0.0,0.0,0.0,0.0,0.0,0.0,0.0,0.0,0.0,0.0,0.0,0.0,0.0,0.0,0.0,0.0,141.8,2.7,0.27,16.8,1069.4,0.06,142.0,48.6,190.6,0.0,0.0,0.0,0.0,0.0,0.0,0.0,0.0,0.0,0.0,0.0,0.0,0.0,0.0,0.0,0.0,0.0,3.2,1208.4,1211.7,7009.4,7009.4,0.0,0.0,0.0,0.0,0.0,346.8,0.0,0.0,0.0,0.0,0.0,0.0,0.0,6662.6,0.0,0.0
2050-11-23 17:00:00,2050-11-23 15:00:00,1608.4,2431.9,0.0,10.7,4051.0,1557.7,-1640.0,0.0,1640.0,0.0315,0.0421,upv,upv,0.0,0.0,0.0,0.0,0.0,0.0,0.0,0.0,0.0,0.0,0.0,0.0,0.0,0.0,0.0,0.0,0.0,0.0,140.3,2.6,0.27,16.6,1057.9,0.06,140.5,48.1,188.6,0.0,0.0,0.0,0.0,0.0,0.0,0.0,0.0,0.0,0.0,0.0,0.0,0.0,0.0,0.0,0.0,0.0,7.0,658.0,665.0,5690.9,5690.9,0.0,0.0,0.0,0.0,0.0,268.0,0.0,0.0,0.0,0.0,0.0,0.0,0.0,5423.0,0.0,0.0
2050-11-23 18:00:00,2050-11-23 16:00:00,1660.0,0.0,0.0,6.9,1666.9,1607.1,593.7,0.0,1058.9,0.0319,0.0434,battery,gas-cc,0.0,0.0,0.0,0.0,0.0,0.0,0.0,0.0,0.0,0.0,0.0,0.0,0.0,0.0,0.0,0.0,0.0,0.0,149.5,2.8,0.28,17.7,1127.2,0.07,149.7,51.3,200.9,360.4,6.8,0.68,42.6,2719.9,0.16,360.8,123.7,484.5,30.19,0.0,0.0,30.19,31.56,0.0,0.0,31.56,0.0,0.0,0.0,2725.8,1073.2,1652.6,0.0,0.0,0.0,0.0,44.4,0.0,0.0,0.0,0.0,0.0,0.0,0.0,1008.1,20.7,0.0
2050-11-23 19:00:00,2050-11-23 17:00:00,1757.9,0.0,0.0,0.1,1758.0,1700.6,1728.0,0.0,18.3,0.0326,0.046,battery,gas-cc,0.0,0.0,0.0,0.0,0.0,0.0,0.0,0.0,0.0,0.0,0.0,0.0,0.0,0.0,0.0,0.0,0.0,0.0,153.2,2.9,0.29,18.1,1155.4,0.07,153.4,52.6,206.0,361.4,6.8,0.68,42.7,2727.2,0.16,361.8,124.0,485.8,30.19,0.0,0.0,30.19,31.64,0.0,0.0,31.64,0.0,0.0,0.0,1776.3,30.0,1746.3,0.0,0.0,0.0,0.0,0.0,0.0,0.0,0.0,0.0,0.0,0.0,0.0,0.0,30.0,0.0
2050-11-23 20:00:00,2050-11-23 18:00:00,1845.3,0.0,0.0,5.9,1851.1,1783.9,1824.1,0.0,903.4,0.0333,0.0483,battery,gas-cc,0.0,0.0,0.0,0.0,0.0,0.0,0.0,0.0,0.0,0.0,0.0,0.0,0.0,0.0,0.0,0.0,0.0,0.0,148.6,2.8,0.28,17.6,1120.1,0.06,148.7,50.9,199.7,362.3,6.8,0.68,42.8,2733.7,0.16,362.7,124.3,487.0,30.19,0.0,0.0,30.19,31.72,0.0,0.0,31.72,0.0,0.0,0.0,2754.6,27.0,2727.5,0.0,0.0,0.0,0.0,0.0,0.0,0.0,0.0,0.0,0.0,0.0,0.0,0.0,27.0,0.0
2050-11-23 21:00:00,2050-11-23 19:00:00,1793.7,0.0,0.0,8.0,1801.7,1734.8,1778.8,0.0,1237.5,0.0329,0.0469,battery,gas-cc,0.0,0.0,0.0,0.0,0.0,0.0,0.0,0.0,0.0,0.0,0.0,0.0,0.0,0.0,0.0,0.0,0.0,0.0,149.2,2.8,0.28,17.6,1124.8,0.06,149.3,51.2,200.5,361.8,6.8,0.68,42.7,2729.8,0.16,362.1,124.1,486.3,30.19,0.0,0.0,30.19,31.67,0.0,0.0,31.67,0.0,0.0,0.0,3039.3,22.9,3016.4,0.0,0.0,0.0,0.0,0.0,0.0,0.0,0.0,0.0,0.0,0.0,0.0,0.0,22.9,0.0
2050-11-23 22:00:00,2050-11-23 20:00:00,1683.2,0.0,0.0,8.8,1692.0,1629.3,1678.3,0.0,1358.8,0.032,0.044,battery,gas-cc,0.0,0.0,0.0,0.0,0.0,0.0,0.0,0.0,0.0,0.0,0.0,0.0,0.0,0.0,0.0,0.0,0.0,0.0,151.8,2.9,0.29,17.9,1144.2,0.07,151.9,52.0,204.0,360.7,6.8,0.68,42.6,2721.6,0.16,361.0,123.8,484.8,30.19,0.0,0.0,30.19,31.58,0.0,0.0,31.58,0.0,0.0,0.0,3050.8,13.7,3037.1,0.0,0.0,0.0,0.0,0.0,0.0,0.0,0.0,0.0,0.0,0.0,0.0,0.0,13.7,0.0
2050-11-23 23:00:00,2050-11-23 21:00:00,1603.2,0.0,0.0,6.3,1609.4,1552.7,1597.6,0.0,964.2,0.0315,0.0419,battery,gas-cc,0.0,0.0,0.0,0.0,0.0,0.0,0.0,0.0,0.0,0.0,0.0,0.0,0.0,0.0,0.0,0.0,0.0,0.0,148.7,2.8,0.28,17.6,1121.3,0.06,148.9,51.0,199.9,359.9,6.8,0.68,42.5,2715.7,0.16,360.3,123.5,483.7,30.19,0.0,0.0,30.19,31.51,0.0,0.0,31.51,0.0,0.0,0.0,2573.7,11.9,2561.8,0.0,0.0,0.0,0.0,0.0,0.0,0.0,0.0,0.0,0.0,0.0,0.0,0.0,11.9,0.0
2050-11-24 00:00:00,2050-11-23 22:00:00,1503.2,0.0,0.0,0.0,1503.2,1456.8,1489.9,0.0,0.0,0.0309,0.0393,battery,gas-cc,0.0,0.0,0.0,0.0,0.0,0.0,0.0,0.0,0.0,0.0,0.0,0.0,0.0,0.0,0.0,0.0,0.0,0.0,152.5,2.9,0.29,18.0,1149.7,0.07,152.7,52.3,204.9,360.4,6.8,0.68,42.6,2719.4,0.16,360.8,123.7,484.4,31.67,0.0,0.0,31.67,32.97,0.0,0.0,32.97,0.0,0.0,0.0,1503.2,13.3,1489.9,0.0,0.0,0.0,0.0,0.0,0.0,0.0,0.0,0.0,0.0,0.0,0.0,0.0,13.3,0.0
2050-11-24 01:00:00,2050-11-23 23:00:00,1386.3,0.0,0.0,0.0,1386.3,1344.3,1370.7,0.0,0.0,0.0303,0.0363,battery,gas-cc,0.0,0.0,0.0,0.0,0.0,0.0,0.0,0.0,0.0,0.0,0.0,0.0,0.0,0.0,0.0,0.0,0.0,0.0,151.2,2.9,0.29,17.9,1139.9,0.07,151.4,51.9,203.2,359.2,6.8,0.68,42.4,2710.8,0.16,359.6,123.3,482.9,31.67,0.0,0.0,31.67,32.86,0.0,0.0,32.86,0.0,0.0,0.0,1386.3,15.7,1370.7,0.0,0.0,0.0,0.0,0.0,0.0,0.0,0.0,0.0,0.0,0.0,0.0,0.0,15.7,0.0
2050-11-24 02:00:00,2050-11-24 00:00:00,1265.3,0.0,0.0,0.0,1265.3,1227.5,1245.1,0.0,0.0,0.0299,0.0331,battery,gas-cc,0.0,0.0,0.0,0.0,0.0,0.0,0.0,0.0,0.0,0.0,0.0,0.0,0.0,0.0,0.0,0.0,0.0,0.0,152.2,2.9,0.29,18.0,1147.3,0.07,152.3,52.2,204.5,358.0,6.7,0.67,42.3,2701.9,0.16,358.4,122.9,481.3,31.67,0.0,0.0,31.67,32.76,0.0,0.0,32.76,0.0,0.0,0.0,1265.3,20.1,1245.1,0.0,0.0,0.0,0.0,0.0,0.0,0.0,0.0,0.0,0.0,0.0,0.0,0.0,20.1,0.0
2050-11-24 03:00:00,2050-11-24 01:00:00,1188.4,0.0,0.0,0.0,1188.4,1153.1,1164.7,0.0,0.0,0.0297,0.0311,battery,gas-cc,0.0,0.0,0.0,0.0,0.0,0.0,0.0,0.0,0.0,0.0,0.0,0.0,0.0,0.0,0.0,0.0,0.0,0.0,151.4,2.9,0.29,17.9,1141.4,0.07,151.5,51.9,203.5,357.3,6.7,0.67,42.2,2696.3,0.15,357.7,122.6,480.3,31.67,0.0,0.0,31.67,32.69,0.0,0.0,32.69,0.0,0.0,0.0,1188.4,23.8,1164.7,0.0,0.0,0.0,0.0,0.0,0.0,0.0,0.0,0.0,0.0,0.0,0.0,0.0,23.8,0.0
2050-11-24 04:00:00,2050-11-24 02:00:00,1131.6,0.0,0.0,0.0,1131.6,1098.0,1092.7,0.0,0.0,0.0297,0.0296,battery,gas-cc,0.0,0.0,0.0,0.0,0.0,0.0,0.0,0.0,0.0,0.0,0.0,0.0,0.0,0.0,0.0,0.0,0.0,0.0,152.3,2.9,0.29,18.0,1148.2,0.07,152.5,52.2,204.7,356.8,6.7,0.67,42.1,2692.1,0.15,357.1,122.4,479.6,31.67,0.0,0.0,31.67,32.64,0.0,0.0,32.64,0.0,0.0,0.0,1131.6,38.9,1092.7,0.0,0.0,0.0,0.0,0.0,0.0,0.0,0.0,0.0,0.0,0.0,0.0,0.0,38.9,0.0
2050-11-24 05:00:00,2050-11-24 03:00:00,1097.9,0.0,0.0,0.0,1097.9,1065.3,1042.4,0.0,0.0,0.0297,0.0287,battery,gas-cc,0.0,0.0,0.0,0.0,0.0,0.0,0.0,0.0,0.0,0.0,0.0,0.0,0.0,0.0,0.0,0.0,0.0,0.0,152.4,2.9,0.29,18.0,1148.7,0.07,152.5,52.3,204.8,356.4,6.7,0.67,42.1,2689.7,0.15,356.8,122.3,479.1,31.67,0.0,0.0,31.67,32.61,0.0,0.0,32.61,0.0,0.0,0.0,1097.9,55.5,1042.4,0.0,0.0,0.0,0.0,0.0,0.0,0.0,0.0,0.0,0.0,0.0,0.0,0.0,55.5,0.0
2050-11-24 06:00:00,2050-11-24 04:00:00,1090.5,0.0,0.0,3.2,1093.7,1058.1,1024.0,206.1,0.0,0.0297,0.0285,battery,gas-cc,0.0,0.0,0.0,0.0,0.0,0.0,0.0,0.0,0.0,0.0,0.0,0.0,0.0,0.0,0.0,0.0,0.0,0.0,151.9,2.9,0.29,17.9,1145.0,0.07,152.0,52.1,204.1,356.4,6.7,0.67,42.1,2689.2,0.15,356.7,122.3,479.0,31.67,0.0,0.0,31.67,32.6,0.0,0.0,32.6,0.0,0.0,0.0,887.6,69.8,817.9,0.0,0.0,0.0,0.0,0.0,0.0,0.0,0.0,0.0,0.0,0.0,0.0,0.0,69.8,0.0
2050-11-24 07:00:00,2050-11-24 05:00:00,1128.4,0.0,0.0,0.6,1129.0,1094.9,1057.6,36.5,0.0,0.0297,0.0295,gas-cc,gas-cc,0.0,0.0,0.0,0.0,0.0,0.0,0.0,0.0,0.0,0.0,0.0,0.0,0.0,0.0,0.0,0.0,0.0,0.0,153.9,2.9,0.29,18.2,1160.1,0.07,154.0,52.8,206.8,362.5,6.8,0.68,42.8,2735.4,0.16,362.9,124.4,487.3,31.67,0.0,0.0,31.67,32.64,0.0,0.0,32.64,0.0,0.0,0.0,1092.5,71.4,1021.1,0.0,0.0,0.0,0.0,0.0,0.0,0.0,0.0,0.0,0.0,0.0,0.0,0.0,71.4,0.0
2050-11-24 08:00:00,2050-11-24 06:00:00,1213.7,0.0,0.0,0.0,1213.7,1177.6,1137.3,0.0,0.0,0.0298,0.0317,battery,gas-cc,0.0,0.0,0.0,0.0,0.0,0.0,0.0,0.0,0.0,0.0,0.0,0.0,0.0,0.0,0.0,0.0,0.0,0.0,152.7,2.9,0.29,18.0,1151.1,0.07,152.8,52.4,205.2,357.5,6.7,0.67,42.2,2698.1,0.15,357.9,122.7,480.6,31.67,0.0,0.0,31.67,32.71,0.0,0.0,32.71,0.0,0.0,0.0,1213.7,76.4,1137.3,0.0,0.0,0.0,0.0,0.0,0.0,0.0,0.0,0.0,0.0,0.0,0.0,0.0,76.4,0.0
2050-11-24 09:00:00,2050-11-24 07:00:00,1355.8,2431.9,0.0,10.2,3797.9,1314.9,-470.0,326.3,796.3,0.0302,0.0355,battery,gas-cc,0.0,0.0,0.0,0.0,0.0,0.0,0.0,0.0,0.0,0.0,0.0,0.0,0.0,0.0,0.0,0.0,0.0,0.0,157.8,3.0,0.3,18.6,1190.2,0.07,158.0,54.1,212.1,317.4,6.0,0.6,37.5,2395.3,0.14,317.8,108.9,426.7,21.31,0.0,0.0,21.31,22.1,0.0,0.0,22.1,0.0,0.0,0.0,4267.9,4267.9,0.0,0.0,0.0,0.0,0.0,174.9,0.0,0.0,0.0,0.0,0.0,0.0,0.0,3967.8,125.2,0.0
2050-11-24 10:00:00,2050-11-24 08:00:00,1505.3,3981.7,0.0,7.9,5494.9,1458.8,-1221.6,0.0,1221.6,0.0309,0.0394,upv,upv,0.0,0.0,0.0,0.0,0.0,0.0,0.0,0.0,0.0,0.0,0.0,0.0,0.0,0.0,0.0,0.0,0.0,0.0,139.8,2.6,0.26,16.5,1053.9,0.06,139.9,47.9,187.9,0.0,0.0,0.0,0.0,0.0,0.0,0.0,0.0,0.0,0.0,0.0,0.0,0.0,0.0,0.0,0.0,0.0,174.2,1622.7,1796.9,6716.5,6716.5,0.0,0.0,0.0,0.0,0.0,0.0,0.0,0.0,0.0,0.0,0.0,0.0,0.0,6716.5,0.0,0.0
2050-11-24 11:00:00,2050-11-24 09:00:00,1530.5,3789.0,0.0,10.6,5330.1,1483.0,-1625.8,0.0,1625.8,0.031,0.04,upv,upv,0.0,0.0,0.0,0.0,0.0,0.0,0.0,0.0,0.0,0.0,0.0,0.0,0.0,0.0,0.0,0.0,0.0,0.0,139.8,2.6,0.26,16.5,1054.1,0.06,140.0,47.9,187.9,0.0,0.0,0.0,0.0,0.0,0.0,0.0,0.0,0.0,0.0,0.0,0.0,0.0,0.0,0.0,0.0,0.0,0.0,1721.9,1721.9,6955.9,6955.9,0.0,0.0,0.0,0.0,0.0,359.6,0.0,0.0,0.0,0.0,0.0,0.0,0.0,6439.9,156.4,0.0
2050-11-24 12:00:00,2050-11-24 10:00:00,1478.9,4019.6,0.0,10.7,5509.2,1433.5,-1640.0,0.0,1640.0,0.0307,0.0387,upv,upv,0.0,0.0,0.0,0.0,0.0,0.0,0.0,0.0,0.0,0.0,0.0,0.0,0.0,0.0,0.0,0.0,0.0,0.0,139.8,2.6,0.26,16.5,1053.8,0.06,139.9,47.9,187.9,0.0,0.0,0.0,0.0,0.0,0.0,0.0,0.0,0.0,0.0,0.0,0.0,0.0,0.0,0.0,0.0,0.0,0.0,951.2,951.2,7149.1,7149.1,0.0,0.0,0.0,0.0,0.0,334.9,0.0,0.0,0.0,0.0,0.0,0.0,0.0,6648.4,165.8,0.0
2050-11-24 13:00:00,2050-11-24 11:00:00,1458.9,3990.5,0.0,9.1,5458.6,1414.3,-1407.6,0.0,1407.6,0.0306,0.0382,upv,upv,0.0,0.0,0.0,0.0,0.0,0.0,0.0,0.0,0.0,0.0,0.0,0.0,0.0,0.0,0.0,0.0,0.0,0.0,139.8,2.6,0.26,16.5,1053.7,0.06,139.9,47.9,187.8,0.0,0.0,0.0,0.0,0.0,0.0,0.0,0.0,0.0,0.0,0.0,0.0,0.0,0.0,0.0,0.0,0.0,150.2,663.4,813.7,6866.2,6866.2,0.0,0.0,0.0,0.0,0.0,0.0,0.0,0.0,0.0,0.0,0.0,0.0,0.0,6866.2,0.0,0.0
2050-11-24 14:00:00,2050-11-24 12:00:00,1474.7,2655.8,0.0,9.6,4140.1,1429.4,-1474.8,0.0,1474.8,0.0307,0.0386,upv,upv,0.0,0.0,0.0,0.0,0.0,0.0,0.0,0.0,0.0,0.0,0.0,0.0,0.0,0.0,0.0,0.0,0.0,0.0,139.8,2.6,0.26,16.5,1054.3,0.06,140.0,48.0,188.0,0.0,0.0,0.0,0.0,0.0,0.0,0.0,0.0,0.0,0.0,0.0,0.0,0.0,0.0,0.0,0.0,0.0,0.0,2164.3,2164.3,5614.9,5614.9,0.0,0.0,0.0,0.0,0.0,322.6,0.0,0.0,0.0,0.0,0.0,0.0,0.0,5157.4,134.9,0.0
2050-11-24 15:00:00,2050-11-24 13:00:00,1526.3,3824.8,0.0,10.0,5361.1,1479.0,-1545.6,0.0,1545.6,0.031,0.0399,upv,upv,0.0,0.0,0.0,0.0,0.0,0.0,0.0,0.0,0.0,0.0,0.0,0.0,0.0,0.0,0.0,0.0,0.0,0.0,139.8,2.6,0.26,16.5,1054.1,0.06,140.0,47.9,187.9,0.0,0.0,0.0,0.0,0.0,0.0,0.0,0.0,0.0,0.0,0.0,0.0,0.0,0.0,0.0,0.0,0.0,0.0,1272.1,1272.1,6906.7,6906.7,0.0,0.0,0.0,0.0,0.0,339.4,0.0,0.0,0.0,0.0,0.0,0.0,0.0,6430.9,136.4,0.0
2050-11-24 16:00:00,2050-11-24 14:00:00,1574.7,2431.9,0.0,9.9,4016.5,1525.5,-1523.1,0.0,1523.1,0.0313,0.0412,upv,upv,0.0,0.0,0.0,0.0,0.0,0.0,0.0,0.0,0.0,0.0,0.0,0.0,0.0,0.0,0.0,0.0,0.0,0.0,140.0,2.6,0.26,16.5,1055.2,0.06,140.1,48.0,188.1,0.0,0.0,0.0,0.0,0.0,0.0,0.0,0.0,0.0,0.0,0.0,0.0,0.0,0.0,0.0,0.0,0.0,0.0,2827.7,2827.7,5539.7,5539.7,0.0,0.0,0.0,0.0,0.0,346.5,0.0,0.0,0.0,0.0,0.0,0.0,0.0,5036.8,156.4,0.0
2050-11-24 17:00:00,2050-11-24 15:00:00,1680.0,2431.9,0.0,20.3,4132.2,1626.2,-2263.5,0.0,2263.5,0.032,0.0439,hydro,gas-cc,0.0,0.0,0.0,0.0,0.0,0.0,0.0,0.0,0.0,0.0,0.0,0.0,0.0,0.0,0.0,0.0,0.0,0.0,140.3,2.6,0.27,16.6,1057.4,0.06,140.4,48.1,188.5,372.9,7.0,0.7,44.1,2814.2,0.16,373.3,128.0,501.3,10.23,0.0,0.0,10.23,10.7,0.0,0.0,10.7,0.0,0.0,0.0,6395.7,6395.7,0.0,0.0,0.0,0.0,0.0,262.7,0.0,0.0,0.0,0.0,0.0,0.0,0.0,5961.4,171.6,0.0
2050-11-24 18:00:00,2050-11-24 16:00:00,1775.8,0.0,0.0,3.5,1779.3,1717.7,557.6,0.0,539.6,0.0327,0.0464,battery,gas-cc,0.0,0.0,0.0,0.0,0.0,0.0,0.0,0.0,0.0,0.0,0.0,0.0,0.0,0.0,0.0,0.0,0.0,0.0,152.5,2.9,0.29,18.0,1149.7,0.07,152.6,52.3,204.9,359.7,6.8,0.68,42.5,2714.3,0.16,360.1,123.4,483.5,31.38,0.0,0.0,31.38,32.91,0.0,0.0,32.91,0.0,0.0,0.0,2318.9,1221.7,1097.2,0.0,0.0,0.0,0.0,42.4,0.0,0.0,0.0,0.0,0.0,0.0,0.0,962.1,217.2,0.0
2050-11-24 19:00:00,2050-11-24 17:00:00,1902.1,0.0,0.0,10.7,1912.8,1837.9,1656.4,0.0,1640.0,0.0337,0.0497,battery,gas-cc,0.0,0.0,0.0,0.0,0.0,0.0,0.0,0.0,0.0,0.0,0.0,0.0,0.0,0.0,0.0,0.0,0.0,0.0,151.8,2.9,0.29,17.9,1144.3,0.07,151.9,52.1,204.0,360.9,6.8,0.68,42.6,2723.8,0.16,361.3,123.8,485.2,31.38,0.0,0.0,31.38,33.02,0.0,0.0,33.02,0.0,0.0,0.0,3552.7,256.3,3296.4,0.0,0.0,0.0,0.0,0.0,0.0,0.0,0.0,0.0,0.0,0.0,0.0,0.0,256.3,0.0
2050-11-24 20:00:00,2050-11-24 18:00:00,1997.9,0.0,0.0,6.6,2004.5,1928.8,1756.7,0.0,1017.8,0.0346,0.0522,battery,gas-cc,0.0,0.0,0.0,0.0,0.0,0.0,0.0,0.0,0.0,0.0,0.0,0.0,0.0,0.0,0.0,0.0,0.0,0.0,161.3,3.0,0.31,19.1,1216.2,0.07,161.5,55.3,216.8,371.2,7.0,0.7,43.8,2801.0,0.16,371.6,127.4,498.9,31.38,0.0,0.0,31.38,33.11,0.0,0.0,33.11,0.0,0.0,0.0,3022.3,247.8,2774.4,0.0,0.0,0.0,0.0,0.0,0.0,0.0,0.0,0.0,0.0,0.0,0.0,0.0,247.8,0.0
2050-11-24 21:00:00,2050-11-24 19:00:00,1941.1,0.0,0.0,9.8,1950.9,1874.9,1700.3,0.0,1512.7,0.0341,0.0508,battery,gas-cc,0.0,0.0,0.0,0.0,0.0,0.0,0.0,0.0,0.0,0.0,0.0,0.0,0.0,0.0,0.0,0.0,0.0,0.0,166.1,3.1,0.31,19.6,1252.4,0.07,166.3,57.0,223.2,370.6,7.0,0.7,43.8,2796.6,0.16,371.0,127.2,498.2,31.38,0.0,0.0,31.38,33.06,0.0,0.0,33.06,0.0,0.0,0.0,3463.6,250.6,3213.0,0.0,0.0,0.0,0.0,0.0,0.0,0.0,0.0,0.0,0.0,0.0,0.0,0.0,250.6,0.0
2050-11-24 22:00:00,2050-11-24 20:00:00,1806.3,0.0,0.0,7.1,1813.5,1746.8,1556.3,0.0,1099.5,0.033,0.0472,battery,gas-cc,0.0,0.0,0.0,0.0,0.0,0.0,0.0,0.0,0.0,0.0,0.0,0.0,0.0,0.0,0.0,0.0,0.0,0.0,159.1,3.0,0.3,18.8,1199.3,0.07,159.2,54.5,213.8,369.2,7.0,0.7,43.6,2786.3,0.16,369.6,126.7,496.3,31.38,0.0,0.0,31.38,32.94,0.0,0.0,32.94,0.0,0.0,0.0,2913.0,257.1,2655.8,0.0,0.0,0.0,0.0,0.0,0.0,0.0,0.0,0.0,0.0,0.0,0.0,0.0,257.1,0.0
2050-11-24 23:00:00,2050-11-24 21:00:00,1693.7,0.0,0.0,2.7,1696.4,1639.3,1434.5,0.0,416.1,0.0321,0.0443,battery,gas-cc,0.0,0.0,0.0,0.0,0.0,0.0,0.0,0.0,0.0,0.0,0.0,0.0,0.0,0.0,0.0,0.0,0.0,0.0,154.9,2.9,0.29,18.3,1167.6,0.07,155.0,53.1,208.1,368.1,6.9,0.69,43.5,2777.7,0.16,368.5,126.3,494.8,31.38,0.0,0.0,31.38,32.83,0.0,0.0,32.83,0.0,0.0,0.0,2112.4,261.9,1850.5,0.0,0.0,0.0,0.0,0.0,0.0,0.0,0.0,0.0,0.0,0.0,0.0,0.0,261.9,0.0
2050-11-25 00:00:00,2050-11-24 22:00:00,1597.9,0.0,0.0,0.7,1598.6,1547.6,1332.8,0.0,115.2,0.0314,0.0418,battery,gas-cc,0.0,0.0,0.0,0.0,0.0,0.0,0.0,0.0,0.0,0.0,0.0,0.0,0.0,0.0,0.0,0.0,0.0,0.0,156.3,2.9,0.3,18.5,1178.3,0.07,156.4,53.6,210.0,362.8,6.8,0.68,42.9,2737.9,0.16,363.2,124.5,487.7,31.44,0.0,0.0,31.44,32.81,0.0,0.0,32.81,0.0,0.0,0.0,1713.8,265.9,1447.9,0.0,0.0,0.0,0.0,0.0,0.0,0.0,0.0,0.0,0.0,0.0,0.0,0.0,265.9,0.0
2050-11-25 01:00:00,2050-11-24 23:00:00,1469.5,0.0,0.0,3.0,1472.5,1424.4,1205.7,0.0,467.0,0.0307,0.0384,battery,gas-cc,0.0,0.0,0.0,0.0,0.0,0.0,0.0,0.0,0.0,0.0,0.0,0.0,0.0,0.0,0.0,0.0,0.0,0.0,157.7,3.0,0.3,18.6,1188.8,0.07,157.8,54.1,211.9,361.6,6.8,0.68,42.7,2728.3,0.16,361.9,124.1,486.0,31.44,0.0,0.0,31.44,32.7,0.0,0.0,32.7,0.0,0.0,0.0,1939.5,266.9,1672.7,0.0,0.0,0.0,0.0,0.0,0.0,0.0,0.0,0.0,0.0,0.0,0.0,0.0,266.9,0.0
2050-11-25 02:00:00,2050-11-25 00:00:00,1343.2,0.0,0.0,0.9,1344.0,1302.7,1087.5,0.0,131.0,0.0301,0.0351,battery,gas-cc,0.0,0.0,0.0,0.0,0.0,0.0,0.0,0.0,0.0,0.0,0.0,0.0,0.0,0.0,0.0,0.0,0.0,0.0,158.0,3.0,0.3,18.7,1191.5,0.07,158.2,54.2,212.4,360.3,6.8,0.68,42.6,2719.0,0.16,360.7,123.6,484.3,31.44,0.0,0.0,31.44,32.59,0.0,0.0,32.59,0.0,0.0,0.0,1475.0,256.5,1218.6,0.0,0.0,0.0,0.0,0.0,0.0,0.0,0.0,0.0,0.0,0.0,0.0,0.0,256.5,0.0
2050-11-25 03:00:00,2050-11-25 01:00:00,1227.4,0.0,0.0,0.0,1227.4,1190.8,997.4,0.0,0.0,0.0298,0.0321,battery,gas-cc,0.0,0.0,0.0,0.0,0.0,0.0,0.0,0.0,0.0,0.0,0.0,0.0,0.0,0.0,0.0,0.0,0.0,0.0,241.9,4.6,0.46,28.6,1825.0,0.1,242.2,83.0,325.2,354.4,6.7,0.67,41.9,2674.1,0.15,354.7,121.6,476.3,31.44,0.0,0.0,31.44,32.49,0.0,0.0,32.49,0.0,0.0,0.0,1227.4,229.9,997.4,0.0,0.0,0.0,0.0,0.0,0.0,0.0,0.0,0.0,0.0,0.0,0.0,0.0,229.9,0.0
2050-11-25 04:00:00,2050-11-25 02:00:00,1149.5,0.0,0.0,0.0,1149.5,1115.3,914.5,0.0,0.0,0.0297,0.0301,battery,gas-cc,0.0,0.0,0.0,0.0,0.0,0.0,0.0,0.0,0.0,0.0,0.0,0.0,0.0,0.0,0.0,0.0,0.0,0.0,159.0,3.0,0.3,18.8,1198.6,0.07,159.1,54.5,213.6,353.6,6.7,0.67,41.8,2668.5,0.15,354.0,121.3,475.3,31.44,0.0,0.0,31.44,32.42,0.0,0.0,32.42,0.0,0.0,0.0,1149.5,235.0,914.5,0.0,0.0,0.0,0.0,0.0,0.0,0.0,0.0,0.0,0.0,0.0,0.0,0.0,235.0,0.0
2050-11-25 05:00:00,2050-11-25 03:00:00,1105.3,0.0,0.0,0.0,1105.3,1072.4,884.9,0.0,0.0,0.0297,0.0289,battery,gas-cc,0.0,0.0,0.0,0.0,0.0,0.0,0.0,0.0,0.0,0.0,0.0,0.0,0.0,0.0,0.0,0.0,0.0,0.0,156.6,3.0,0.3,18.5,1180.7,0.07,156.7,53.7,210.4,353.2,6.7,0.67,41.7,2665.3,0.15,353.6,121.2,474.8,31.44,0.0,0.0,31.44,32.38,0.0,0.0,32.38,0.0,0.0,0.0,1105.3,220.4,884.9,0.0,0.0,0.0,0.0,0.0,0.0,0.0,0.0,0.0,0.0,0.0,0.0,0.0,220.4,0.0
2050-11-25 06:00:00,2050-11-25 04:00:00,1080.0,0.0,0.0,0.0,1080.0,1047.9,884.5,0.0,0.0,0.0297,0.0282,battery,gas-cc,0.0,0.0,0.0,0.0,0.0,0.0,0.0,0.0,0.0,0.0,0.0,0.0,0.0,0.0,0.0,0.0,0.0,0.0,159.9,3.0,0.3,18.9,1205.4,0.07,160.0,54.8,214.9,353.0,6.7,0.67,41.7,2663.5,0.15,353.3,121.1,474.5,31.44,0.0,0.0,31.44,32.36,0.0,0.0,32.36,0.0,0.0,0.0,1080.0,195.5,884.5,0.0,0.0,0.0,0.0,0.0,0.0,0.0,0.0,0.0,0.0,0.0,0.0,0.0,195.5,0.0
2050-11-25 07:00:00,2050-11-25 05:00:00,1090.5,0.0,0.0,0.4,1091.0,1058.1,902.3,0.0,68.8,0.0297,0.0285,battery,gas-cc,0.0,0.0,0.0,0.0,0.0,0.0,0.0,0.0,0.0,0.0,0.0,0.0,0.0,0.0,0.0,0.0,0.0,0.0,157.0,3.0,0.3,18.5,1183.8,0.07,157.1,53.8,211.0,353.1,6.7,0.67,41.7,2664.3,0.15,353.4,121.1,474.6,31.44,0.0,0.0,31.44,32.37,0.0,0.0,32.37,0.0,0.0,0.0,1159.7,188.7,971.1,0.0,0.0,0.0,0.0,0.0,0.0,0.0,0.0,0.0,0.0,0.0,0.0,0.0,188.7,0.0
2050-11-25 08:00:00,2050-11-25 06:00:00,1131.6,0.0,0.0,0.0,1131.6,1098.0,948.9,0.0,0.0,0.0297,0.0296,battery,gas-cc,0.0,0.0,0.0,0.0,0.0,0.0,0.0,0.0,0.0,0.0,0.0,0.0,0.0,0.0,0.0,0.0,0.0,0.0,149.4,2.8,0.28,17.6,1126.4,0.07,149.5,51.2,200.8,353.5,6.7,0.67,41.8,2667.2,0.15,353.8,121.3,475.1,31.44,0.0,0.0,31.44,32.4,0.0,0.0,32.4,0.0,0.0,0.0,1131.6,182.6,948.9,0.0,0.0,0.0,0.0,0.0,0.0,0.0,0.0,0.0,0.0,0.0,0.0,0.0,182.6,0.0
2050-11-25 09:00:00,2050-11-25 07:00:00,1167.4,2431.9,0.0,3.9,3603.2,1132.7,-601.9,0.0,601.9,0.0297,0.0305,wind-ons,wind-ons,0.0,0.0,0.0,0.0,0.0,0.0,0.0,0.0,0.0,0.0,0.0,0.0,0.0,0.0,0.0,0.0,0.0,0.0,152.5,2.9,0.29,18.0,1150.2,0.07,152.7,52.3,205.0,0.0,0.0,0.0,0.0,0.0,0.0,0.0,0.0,0.0,0.0,0.0,0.0,0.0,0.0,0.0,0.0,0.0,0.0,0.0,0.0,4205.0,4205.0,0.0,0.0,0.0,0.0,0.0,170.7,0.0,0.0,0.0,0.0,0.0,0.0,0.0,3874.1,160.2,0.0
2050-11-25 10:00:00,2050-11-25 08:00:00,1254.7,2788.6,0.0,10.3,4053.7,1217.3,-1589.5,0.0,1589.5,0.0298,0.0328,upv,upv,0.0,0.0,0.0,0.0,0.0,0.0,0.0,0.0,0.0,0.0,0.0,0.0,0.0,0.0,0.0,0.0,0.0,0.0,143.4,2.7,0.27,16.9,1081.4,0.06,143.6,49.2,192.8,0.0,0.0,0.0,0.0,0.0,0.0,0.0,0.0,0.0,0.0,0.0,0.0,0.0,0.0,0.0,0.0,0.0,0.0,2768.2,2768.2,5643.1,5643.1,0.0,0.0,0.0,0.0,0.0,349.7,0.0,0.0,0.0,0.0,0.0,0.0,0.0,5167.5,126.0,0.0
2050-11-25 11:00:00,2050-11-25 09:00:00,1337.9,3791.8,0.0,6.4,5136.1,1297.6,-982.8,0.0,982.8,0.0301,0.035,upv,upv,0.0,0.0,0.0,0.0,0.0,0.0,0.0,0.0,0.0,0.0,0.0,0.0,0.0,0.0,0.0,0.0,0.0,0.0,139.7,2.6,0.26,16.5,1053.4,0.06,139.9,47.9,187.8,0.0,0.0,0.0,0.0,0.0,0.0,0.0,0.0,0.0,0.0,0.0,0.0,0.0,0.0,0.0,0.0,0.0,0.0,2358.3,2358.3,6118.9,6118.9,0.0,0.0,0.0,0.0,0.0,354.2,0.0,0.0,0.0,0.0,0.0,0.0,0.0,5680.7,83.9,0.0
2050-11-25 12:00:00,2050-11-25 10:00:00,1407.4,3435.1,0.0,10.6,4853.1,1364.6,-1630.3,0.0,1630.3,0.0304,0.0368,upv,upv,0.0,0.0,0.0,0.0,0.0,0.0,0.0,0.0,0.0,0.0,0.0,0.0,0.0,0.0,0.0,0.0,0.0,0.0,139.8,2.6,0.26,16.5,1054.3,0.06,140.0,48.0,188.0,0.0,0.0,0.0,0.0,0.0,0.0,0.0,0.0,0.0,0.0,0.0,0.0,0.0,0.0,0.0,0.0,0.0,0.0,1294.2,1294.2,6483.4,6483.4,0.0,0.0,0.0,0.0,0.0,325.7,0.0,0.0,0.0,0.0,0.0,0.0,0.0,6098.6,59.1,0.0
2050-11-25 13:00:00,2050-11-25 11:00:00,1494.7,3597.0,0.0,10.7,5102.4,1448.7,-1640.0,0.0,1640.0,0.0308,0.0391,upv,upv,0.0,0.0,0.0,0.0,0.0,0.0,0.0,0.0,0.0,0.0,0.0,0.0,0.0,0.0,0.0,0.0,0.0,0.0,143.8,2.7,0.27,17.0,1083.9,0.06,143.9,49.3,193.2,0.0,0.0,0.0,0.0,0.0,0.0,0.0,0.0,0.0,0.0,0.0,0.0,0.0,0.0,0.0,0.0,0.0,0.0,601.4,601.4,6742.3,6742.3,0.0,0.0,0.0,0.0,0.0,308.4,0.0,0.0,0.0,0.0,0.0,0.0,0.0,6397.2,36.8,0.0
2050-11-25 14:00:00,2050-11-25 12:00:00,1582.1,3045.5,0.0,10.7,4638.2,1532.5,-1640.0,0.0,1640.0,0.0313,0.0414,upv,upv,0.0,0.0,0.0,0.0,0.0,0.0,0.0,0.0,0.0,0.0,0.0,0.0,0.0,0.0,0.0,0.0,0.0,0.0,139.5,2.6,0.26,16.5,1051.6,0.06,139.6,47.8,187.5,0.0,0.0,0.0,0.0,0.0,0.0,0.0,0.0,0.0,0.0,0.0,0.0,0.0,0.0,0.0,0.0,0.0,0.0,1166.0,1166.0,6278.2,6278.2,0.0,0.0,0.0,0.0,0.0,313.3,0.0,0.0,0.0,0.0,0.0,0.0,0.0,5942.4,22.5,0.0
2050-11-25 15:00:00,2050-11-25 13:00:00,1647.4,3882.9,0.0,10.7,5540.9,1595.0,-1640.0,0.0,1640.0,0.0318,0.0431,upv,upv,0.0,0.0,0.0,0.0,0.0,0.0,0.0,0.0,0.0,0.0,0.0,0.0,0.0,0.0,0.0,0.0,0.0,0.0,139.9,2.6,0.26,16.5,1054.9,0.06,140.1,48.0,188.1,0.0,0.0,0.0,0.0,0.0,0.0,0.0,0.0,0.0,0.0,0.0,0.0,0.0,0.0,0.0,0.0,0.0,13.7,659.2,672.9,7180.9,7180.9,0.0,0.0,0.0,0.0,0.0,330.9,0.0,0.0,0.0,0.0,0.0,0.0,0.0,6849.9,0.0,0.0
2050-11-25 16:00:00,2050-11-25 14:00:00,1688.4,3957.5,0.0,10.7,5656.6,1634.3,-1640.0,0.0,1640.0,0.0321,0.0442,upv,upv,0.0,0.0,0.0,0.0,0.0,0.0,0.0,0.0,0.0,0.0,0.0,0.0,0.0,0.0,0.0,0.0,0.0,0.0,140.1,2.6,0.27,16.5,1055.8,0.06,140.2,48.0,188.2,0.0,0.0,0.0,0.0,0.0,0.0,0.0,0.0,0.0,0.0,0.0,0.0,0.0,0.0,0.0,0.0,0.0,10.4,678.3,688.7,7296.6,7296.6,0.0,0.0,0.0,0.0,0.0,336.5,0.0,0.0,0.0,0.0,0.0,0.0,0.0,6960.1,0.0,0.0
2050-11-25 17:00:00,2050-11-25 15:00:00,1760.0,2626.7,0.0,10.7,4397.4,1702.6,-1640.0,0.0,1640.0,0.0326,0.046,distpv,distpv,0.0,0.0,0.0,0.0,0.0,0.0,0.0,0.0,0.0,0.0,0.0,0.0,0.0,0.0,0.0,0.0,0.0,0.0,140.0,2.6,0.27,16.5,1055.8,0.06,140.2,48.0,188.2,0.0,0.0,0.0,0.0,0.0,0.0,0.0,0.0,0.0,0.0,0.0,0.0,0.0,0.0,0.0,0.0,0.0,10.4,14.8,25.2,6037.3,6037.3,0.0,0.0,0.0,0.0,0.0,240.7,0.0,0.0,0.0,0.0,0.0,0.0,0.0,5796.6,0.0,0.0
2050-11-25 18:00:00,2050-11-25 16:00:00,1829.5,0.0,0.0,2.6,1832.1,1768.9,855.8,0.0,407.1,0.0331,0.0478,battery,gas-cc,0.0,0.0,0.0,0.0,0.0,0.0,0.0,0.0,0.0,0.0,0.0,0.0,0.0,0.0,0.0,0.0,0.0,0.0,163.0,3.1,0.31,19.3,1228.9,0.07,163.1,55.9,219.0,369.5,7.0,0.7,43.6,2788.0,0.16,369.9,126.8,496.6,31.44,0.0,0.0,31.44,33.02,0.0,0.0,33.02,0.0,0.0,0.0,2239.2,976.3,1263.0,0.0,0.0,0.0,0.0,40.6,0.0,0.0,0.0,0.0,0.0,0.0,0.0,922.5,13.2,0.0
2050-11-25 19:00:00,2050-11-25 17:00:00,1889.5,0.0,0.0,2.4,1891.8,1825.9,1871.5,0.0,365.5,0.0336,0.0494,battery,gas-cc,0.0,0.0,0.0,0.0,0.0,0.0,0.0,0.0,0.0,0.0,0.0,0.0,0.0,0.0,0.0,0.0,0.0,0.0,161.2,3.0,0.3,19.0,1215.5,0.07,161.4,55.3,216.7,370.1,7.0,0.7,43.7,2792.6,0.16,370.5,127.0,497.5,31.44,0.0,0.0,31.44,33.08,0.0,0.0,33.08,0.0,0.0,0.0,2257.4,20.3,2237.1,0.0,0.0,0.0,0.0,0.0,0.0,0.0,0.0,0.0,0.0,0.0,0.0,0.0,20.3,0.0
2050-11-25 20:00:00,2050-11-25 18:00:00,1925.3,0.0,0.0,0.0,1925.3,1859.9,1904.2,0.0,0.0,0.0339,0.0503,battery,gas-cc,0.0,0.0,0.0,0.0,0.0,0.0,0.0,0.0,0.0,0.0,0.0,0.0,0.0,0.0,0.0,0.0,0.0,0.0,175.5,3.3,0.33,20.7,1323.6,0.08,175.7,60.2,235.9,361.2,6.8,0.68,42.7,2725.5,0.16,361.6,123.9,485.5,31.44,0.0,0.0,31.44,33.11,0.0,0.0,33.11,0.0,0.0,0.0,1925.3,21.1,1904.2,0.0,0.0,0.0,0.0,0.0,0.0,0.0,0.0,0.0,0.0,0.0,0.0,0.0,21.1,0.0
2050-11-25 21:00:00,2050-11-25 19:00:00,1855.8,0.0,0.0,4.7,1860.5,1793.9,1843.8,0.0,718.0,0.0334,0.0485,battery,gas-cc,0.0,0.0,0.0,0.0,0.0,0.0,0.0,0.0,0.0,0.0,0.0,0.0,0.0,0.0,0.0,0.0,0.0,0.0,170.3,3.2,0.32,20.1,1284.2,0.07,170.5,58.4,228.9,369.7,7.0,0.7,43.7,2790.1,0.16,370.1,126.9,497.0,31.44,0.0,0.0,31.44,33.05,0.0,0.0,33.05,0.0,0.0,0.0,2578.5,16.7,2561.8,0.0,0.0,0.0,0.0,0.0,0.0,0.0,0.0,0.0,0.0,0.0,0.0,0.0,16.7,0.0
2050-11-25 22:00:00,2050-11-25 20:00:00,1760.0,0.0,0.0,7.6,1767.6,1702.6,1756.1,0.0,1166.2,0.0326,0.046,battery,gas-cc,0.0,0.0,0.0,0.0,0.0,0.0,0.0,0.0,0.0,0.0,0.0,0.0,0.0,0.0,0.0,0.0,0.0,0.0,161.4,3.0,0.31,19.1,1216.6,0.07,161.5,55.3,216.9,368.8,6.9,0.69,43.6,2782.7,0.16,369.2,126.5,495.7,31.44,0.0,0.0,31.44,32.96,0.0,0.0,32.96,0.0,0.0,0.0,2933.8,11.4,2922.4,0.0,0.0,0.0,0.0,0.0,0.0,0.0,0.0,0.0,0.0,0.0,0.0,0.0,11.4,0.0
2050-11-25 23:00:00,2050-11-25 21:00:00,1670.5,0.0,0.0,3.1,1673.6,1617.2,1665.1,0.0,477.9,0.0319,0.0437,battery,gas-cc,0.0,0.0,0.0,0.0,0.0,0.0,0.0,0.0,0.0,0.0,0.0,0.0,0.0,0.0,0.0,0.0,0.0,0.0,154.6,2.9,0.29,18.3,1165.9,0.07,154.8,53.0,207.8,367.9,6.9,0.69,43.5,2775.9,0.16,368.3,126.2,494.5,31.44,0.0,0.0,31.44,32.88,0.0,0.0,32.88,0.0,0.0,0.0,2151.5,8.5,2143.1,0.0,0.0,0.0,0.0,0.0,0.0,0.0,0.0,0.0,0.0,0.0,0.0,0.0,8.5,0.0
2050-11-26 00:00:00,2050-11-25 22:00:00,1562.1,0.0,0.0,0.0,1562.1,1513.3,1555.9,0.0,0.0,0.0312,0.0409,battery,gas-cc,0.0,0.0,0.0,0.0,0.0,0.0,0.0,0.0,0.0,0.0,0.0,0.0,0.0,0.0,0.0,0.0,0.0,0.0,157.3,3.0,0.3,18.6,1186.0,0.07,157.5,53.9,211.4,357.6,6.7,0.67,42.2,2698.5,0.16,358.0,122.7,480.7,31.44,0.0,0.0,31.44,32.78,0.0,0.0,32.78,0.0,0.0,0.0,1562.1,6.2,1555.9,0.0,0.0,0.0,0.0,0.0,0.0,0.0,0.0,0.0,0.0,0.0,0.0,0.0,6.2,0.0
2050-11-26 01:00:00,2050-11-25 23:00:00,1441.1,0.0,0.0,0.0,1441.1,1397.0,1434.4,0.0,0.0,0.0305,0.0377,battery,gas-cc,0.0,0.0,0.0,0.0,0.0,0.0,0.0,0.0,0.0,0.0,0.0,0.0,0.0,0.0,0.0,0.0,0.0,0.0,186.7,3.5,0.35,22.1,1407.8,0.08,186.9,64.0,250.9,356.4,6.7,0.67,42.1,2689.6,0.15,356.8,122.3,479.1,31.44,0.0,0.0,31.44,32.67,0.0,0.0,32.67,0.0,0.0,0.0,1441.1,6.6,1434.4,0.0,0.0,0.0,0.0,0.0,0.0,0.0,0.0,0.0,0.0,0.0,0.0,0.0,6.6,0.0
2050-11-26 02:00:00,2050-11-26 00:00:00,1298.9,0.0,0.0,0.3,1299.2,1260.0,1293.7,0.0,39.6,0.03,0.034,battery,gas-cc,0.0,0.0,0.0,0.0,0.0,0.0,0.0,0.0,0.0,0.0,0.0,0.0,0.0,0.0,0.0,0.0,0.0,0.0,161.4,3.0,0.31,19.1,1217.2,0.07,161.6,55.4,216.9,364.2,6.9,0.69,43.0,2748.0,0.16,364.5,125.0,489.5,31.44,0.0,0.0,31.44,32.55,0.0,0.0,32.55,0.0,0.0,0.0,1338.8,5.5,1333.3,0.0,0.0,0.0,0.0,0.0,0.0,0.0,0.0,0.0,0.0,0.0,0.0,0.0,5.5,0.0
2050-11-26 03:00:00,2050-11-26 01:00:00,1203.2,0.0,0.0,0.0,1203.2,1167.4,1199.3,0.0,0.0,0.0297,0.0315,battery,gas-cc,0.0,0.0,0.0,0.0,0.0,0.0,0.0,0.0,0.0,0.0,0.0,0.0,0.0,0.0,0.0,0.0,0.0,0.0,243.8,4.6,0.46,28.8,1839.1,0.11,244.0,83.6,327.7,354.1,6.7,0.67,41.8,2672.4,0.15,354.5,121.5,476.0,31.44,0.0,0.0,31.44,32.46,0.0,0.0,32.46,0.0,0.0,0.0,1203.2,3.8,1199.3,0.0,0.0,0.0,0.0,0.0,0.0,0.0,0.0,0.0,0.0,0.0,0.0,0.0,3.8,0.0
2050-11-26 04:00:00,2050-11-26 02:00:00,1142.1,0.0,0.0,0.0,1142.1,1108.2,1139.5,0.0,0.0,0.0297,0.0299,battery,gas-cc,0.0,0.0,0.0,0.0,0.0,0.0,0.0,0.0,0.0,0.0,0.0,0.0,0.0,0.0,0.0,0.0,0.0,0.0,171.7,3.2,0.32,20.3,1295.1,0.07,171.9,58.9,230.8,353.6,6.7,0.67,41.8,2668.0,0.15,353.9,121.3,475.2,31.44,0.0,0.0,31.44,32.41,0.0,0.0,32.41,0.0,0.0,0.0,1142.1,2.6,1139.5,0.0,0.0,0.0,0.0,0.0,0.0,0.0,0.0,0.0,0.0,0.0,0.0,0.0,2.6,0.0
2050-11-26 05:00:00,2050-11-26 03:00:00,1090.5,0.0,0.0,0.0,1090.5,1058.1,1087.4,0.0,0.0,0.0297,0.0285,battery,gas-cc,0.0,0.0,0.0,0.0,0.0,0.0,0.0,0.0,0.0,0.0,0.0,0.0,0.0,0.0,0.0,0.0,0.0,0.0,165.3,3.1,0.31,19.5,1247.0,0.07,165.5,56.7,222.2,353.1,6.7,0.67,41.7,2664.3,0.15,353.4,121.1,474.6,31.44,0.0,0.0,31.44,32.37,0.0,0.0,32.37,0.0,0.0,0.0,1090.5,3.2,1087.4,0.0,0.0,0.0,0.0,0.0,0.0,0.0,0.0,0.0,0.0,0.0,0.0,0.0,3.2,0.0
2050-11-26 06:00:00,2050-11-26 04:00:00,1064.2,0.0,0.0,0.5,1064.7,1032.5,1057.0,0.0,78.4,0.0298,0.0278,gas-cc,gas-cc,0.0,0.0,0.0,0.0,0.0,0.0,0.0,0.0,0.0,0.0,0.0,0.0,0.0,0.0,0.0,0.0,0.0,0.0,160.1,3.0,0.3,18.9,1207.1,0.07,160.3,54.9,215.2,361.9,6.8,0.68,42.7,2730.6,0.16,362.2,124.2,486.4,31.44,0.0,0.0,31.44,32.34,0.0,0.0,32.34,0.0,0.0,0.0,1143.1,7.7,1135.5,0.0,0.0,0.0,0.0,0.0,0.0,0.0,0.0,0.0,0.0,0.0,0.0,0.0,7.7,0.0
2050-11-26 07:00:00,2050-11-26 05:00:00,1064.2,0.0,0.0,0.0,1064.2,1032.5,1053.1,0.0,0.0,0.0298,0.0278,battery,gas-cc,0.0,0.0,0.0,0.0,0.0,0.0,0.0,0.0,0.0,0.0,0.0,0.0,0.0,0.0,0.0,0.0,0.0,0.0,203.8,3.8,0.38,24.1,1537.6,0.09,204.1,69.9,274.0,352.8,6.6,0.66,41.7,2662.4,0.15,353.2,121.1,474.2,31.44,0.0,0.0,31.44,32.34,0.0,0.0,32.34,0.0,0.0,0.0,1064.2,11.1,1053.1,0.0,0.0,0.0,0.0,0.0,0.0,0.0,0.0,0.0,0.0,0.0,0.0,0.0,11.1,0.0
2050-11-26 08:00:00,2050-11-26 06:00:00,1095.8,0.0,0.0,0.0,1095.8,1063.2,1081.3,0.0,0.0,0.0297,0.0287,battery,gas-cc,0.0,0.0,0.0,0.0,0.0,0.0,0.0,0.0,0.0,0.0,0.0,0.0,0.0,0.0,0.0,0.0,0.0,0.0,201.9,3.8,0.38,23.9,1523.2,0.09,202.1,69.3,271.4,353.1,6.7,0.67,41.7,2664.6,0.15,353.5,121.2,474.7,31.44,0.0,0.0,31.44,32.37,0.0,0.0,32.37,0.0,0.0,0.0,1095.8,14.5,1081.3,0.0,0.0,0.0,0.0,0.0,0.0,0.0,0.0,0.0,0.0,0.0,0.0,0.0,14.5,0.0
2050-11-26 09:00:00,2050-11-26 07:00:00,1149.5,2431.9,0.0,4.1,3585.4,1115.3,-402.9,66.0,468.9,0.0297,0.0301,upv,upv,0.0,0.0,0.0,0.0,0.0,0.0,0.0,0.0,0.0,0.0,0.0,0.0,0.0,0.0,0.0,0.0,0.0,0.0,163.4,3.1,0.31,19.3,1232.5,0.07,163.6,56.1,219.7,0.0,0.0,0.0,0.0,0.0,0.0,0.0,0.0,0.0,0.06,0.0,0.0,0.06,0.06,0.0,0.0,0.06,0.0,0.0,0.0,3988.3,3988.3,0.0,0.0,0.0,0.0,0.0,167.5,0.0,0.0,0.0,0.0,0.0,0.0,0.0,3803.0,17.8,0.0
2050-11-26 10:00:00,2050-11-26 08:00:00,1240.0,2821.5,0.0,10.7,4072.2,1203.0,-1640.0,0.0,1640.0,0.0298,0.0324,upv,upv,0.0,0.0,0.0,0.0,0.0,0.0,0.0,0.0,0.0,0.0,0.0,0.0,0.0,0.0,0.0,0.0,0.0,0.0,139.6,2.6,0.26,16.5,1052.8,0.06,139.8,47.9,187.7,0.0,0.0,0.0,0.0,0.0,0.0,0.0,0.0,0.0,0.0,0.0,0.0,0.0,0.0,0.0,0.0,0.0,0.0,2544.8,2544.8,5712.2,5712.2,0.0,0.0,0.0,0.0,0.0,347.7,0.0,0.0,0.0,0.0,0.0,0.0,0.0,5345.6,18.9,0.0
2050-11-26 11:00:00,2050-11-26 09:00:00,1311.6,4019.6,0.0,10.7,5341.8,1272.2,-1640.0,0.0,1640.0,0.03,0.0343,upv,upv,0.0,0.0,0.0,0.0,0.0,0.0,0.0,0.0,0.0,0.0,0.0,0.0,0.0,0.0,0.0,0.0,0.0,0.0,139.7,2.6,0.26,16.5,1053.0,0.06,139.8,47.9,187.7,0.0,0.0,0.0,0.0,0.0,0.0,0.0,0.0,0.0,0.0,0.0,0.0,0.0,0.0,0.0,0.0,0.0,9.2,1492.4,1501.6,6981.8,6981.8,0.0,0.0,0.0,0.0,0.0,357.6,0.0,0.0,0.0,0.0,0.0,0.0,0.0,6624.1,0.0,0.0
2050-11-26 12:00:00,2050-11-26 10:00:00,1366.3,4019.6,0.0,10.7,5396.5,1325.0,-1640.0,0.0,1640.0,0.0302,0.0357,upv,upv,0.0,0.0,0.0,0.0,0.0,0.0,0.0,0.0,0.0,0.0,0.0,0.0,0.0,0.0,0.0,0.0,0.0,0.0,139.7,2.6,0.26,16.5,1053.2,0.06,139.9,47.9,187.8,0.0,0.0,0.0,0.0,0.0,0.0,0.0,0.0,0.0,0.0,0.0,0.0,0.0,0.0,0.0,0.0,0.0,20.2,918.3,938.4,7036.5,7036.5,0.0,0.0,0.0,0.0,0.0,335.8,0.0,0.0,0.0,0.0,0.0,0.0,0.0,6700.7,0.0,0.0
2050-11-26 13:00:00,2050-11-26 11:00:00,1414.7,2461.0,0.0,10.7,3886.4,1371.7,-1640.0,0.0,1640.0,0.0304,0.037,upv,upv,0.0,0.0,0.0,0.0,0.0,0.0,0.0,0.0,0.0,0.0,0.0,0.0,0.0,0.0,0.0,0.0,0.0,0.0,141.6,2.7,0.27,16.7,1067.5,0.06,141.7,48.6,190.3,0.0,0.0,0.0,0.0,0.0,0.0,0.0,0.0,0.0,0.0,0.0,0.0,0.0,0.0,0.0,0.0,0.0,41.8,2104.5,2146.3,5526.3,5526.3,0.0,0.0,0.0,0.0,0.0,322.1,0.0,0.0,0.0,0.0,0.0,0.0,0.0,5204.3,0.0,0.0
2050-11-26 14:00:00,2050-11-26 12:00:00,1512.6,3784.1,0.0,10.7,5307.3,1465.9,-1640.0,0.0,1640.0,0.0309,0.0396,upv,upv,0.0,0.0,0.0,0.0,0.0,0.0,0.0,0.0,0.0,0.0,0.0,0.0,0.0,0.0,0.0,0.0,0.0,0.0,140.1,2.6,0.27,16.5,1055.9,0.06,140.2,48.0,188.2,0.0,0.0,0.0,0.0,0.0,0.0,0.0,0.0,0.0,0.0,0.0,0.0,0.0,0.0,0.0,0.0,0.0,67.1,831.9,899.0,6947.3,6947.3,0.0,0.0,0.0,0.0,0.0,328.2,0.0,0.0,0.0,0.0,0.0,0.0,0.0,6619.1,0.0,0.0
2050-11-26 15:00:00,2050-11-26 13:00:00,1577.9,3824.8,0.0,10.7,5413.3,1528.5,-1640.0,0.0,1640.0,0.0313,0.0413,upv,upv,0.0,0.0,0.0,0.0,0.0,0.0,0.0,0.0,0.0,0.0,0.0,0.0,0.0,0.0,0.0,0.0,0.0,0.0,139.9,2.6,0.26,16.5,1054.4,0.06,140.0,48.0,188.0,0.0,0.0,0.0,0.0,0.0,0.0,0.0,0.0,0.0,0.0,0.0,0.0,0.0,0.0,0.0,0.0,0.0,89.1,1171.4,1260.5,7053.3,7053.3,0.0,0.0,0.0,0.0,0.0,347.2,0.0,0.0,0.0,0.0,0.0,0.0,0.0,6706.1,0.0,0.0
2050-11-26 16:00:00,2050-11-26 14:00:00,1621.1,3762.7,0.0,10.7,5394.4,1569.8,-1640.0,0.0,1640.0,0.0316,0.0424,upv,upv,0.0,0.0,0.0,0.0,0.0,0.0,0.0,0.0,0.0,0.0,0.0,0.0,0.0,0.0,0.0,0.0,0.0,0.0,140.0,2.6,0.27,16.5,1055.8,0.06,140.2,48.0,188.2,0.0,0.0,0.0,0.0,0.0,0.0,0.0,0.0,0.0,0.0,0.0,0.0,0.0,0.0,0.0,0.0,0.0,88.3,1331.9,1420.2,7034.4,7034.4,0.0,0.0,0.0,0.0,0.0,353.1,0.0,0.0,0.0,0.0,0.0,0.0,0.0,6681.3,0.0,0.0
2050-11-26 17:00:00,2050-11-26 15:00:00,1683.2,2431.9,0.0,10.7,4125.7,1629.3,-1640.0,0.0,1640.0,0.032,0.044,upv,upv,0.0,0.0,0.0,0.0,0.0,0.0,0.0,0.0,0.0,0.0,0.0,0.0,0.0,0.0,0.0,0.0,0.0,0.0,147.7,2.8,0.28,17.5,1113.7,0.06,147.9,50.7,198.5,0.0,0.0,0.0,0.0,0.0,0.0,0.0,0.0,0.0,0.0,0.0,0.0,0.0,0.0,0.0,0.0,0.0,93.5,421.3,514.8,5765.7,5765.7,0.0,0.0,0.0,0.0,0.0,261.1,0.0,0.0,0.0,0.0,0.0,0.0,0.0,5504.6,0.0,0.0
2050-11-26 18:00:00,2050-11-26 16:00:00,1760.0,0.0,0.0,2.1,1762.1,1702.6,767.6,0.0,318.8,0.0326,0.046,battery,gas-cc,0.0,0.0,0.0,0.0,0.0,0.0,0.0,0.0,0.0,0.0,0.0,0.0,0.0,0.0,0.0,0.0,0.0,0.0,148.7,2.8,0.28,17.6,1120.8,0.06,148.8,51.0,199.8,373.7,7.0,0.7,44.2,2820.3,0.16,374.1,128.2,502.4,32.65,0.0,0.0,32.65,34.22,0.0,0.0,34.22,0.0,0.0,0.0,2080.9,994.5,1086.4,0.0,0.0,0.0,0.0,37.9,0.0,0.0,0.0,0.0,0.0,0.0,0.0,860.3,96.3,0.0
2050-11-26 19:00:00,2050-11-26 17:00:00,1863.2,0.0,0.0,3.5,1866.7,1800.9,1761.5,0.0,541.2,0.0334,0.0487,hydro,gas-cc,0.0,0.0,0.0,0.0,0.0,0.0,0.0,0.0,0.0,0.0,0.0,0.0,0.0,0.0,0.0,0.0,0.0,0.0,154.3,2.9,0.29,18.2,1163.0,0.07,154.4,52.9,207.3,382.8,7.2,0.72,45.2,2888.6,0.17,383.2,131.3,514.5,32.65,0.0,0.0,32.65,34.32,0.0,0.0,34.32,0.0,0.0,0.0,2407.8,105.1,2302.7,0.0,0.0,0.0,0.0,0.0,0.0,0.0,0.0,0.0,0.0,0.0,0.0,0.0,105.1,0.0
2050-11-26 20:00:00,2050-11-26 18:00:00,1914.7,0.0,0.0,4.3,1919.1,1849.9,1840.7,0.0,663.8,0.0338,0.0501,hydro,gas-cc,0.0,0.0,0.0,0.0,0.0,0.0,0.0,0.0,0.0,0.0,0.0,0.0,0.0,0.0,0.0,0.0,0.0,0.0,153.5,2.9,0.29,18.1,1157.0,0.07,153.6,52.6,206.2,383.3,7.2,0.72,45.3,2892.7,0.17,383.7,131.5,515.3,32.65,0.0,0.0,32.65,34.37,0.0,0.0,34.37,0.0,0.0,0.0,2582.9,78.4,2504.5,0.0,0.0,0.0,0.0,0.0,0.0,0.0,0.0,0.0,0.0,0.0,0.0,0.0,78.4,0.0
2050-11-26 21:00:00,2050-11-26 19:00:00,1855.8,0.0,0.0,6.7,1862.5,1793.9,1820.0,0.0,1030.6,0.0334,0.0485,battery,gas-cc,0.0,0.0,0.0,0.0,0.0,0.0,0.0,0.0,0.0,0.0,0.0,0.0,0.0,0.0,0.0,0.0,0.0,0.0,193.5,3.6,0.37,22.9,1459.3,0.08,193.7,66.4,260.1,374.7,7.1,0.71,44.3,2827.8,0.16,375.1,128.6,503.7,32.65,0.0,0.0,32.65,34.31,0.0,0.0,34.31,0.0,0.0,0.0,2893.1,42.4,2850.6,0.0,0.0,0.0,0.0,0.0,0.0,0.0,0.0,0.0,0.0,0.0,0.0,0.0,42.4,0.0
2050-11-26 22:00:00,2050-11-26 20:00:00,1754.7,0.0,0.0,1.4,1756.1,1697.6,1736.9,0.0,211.4,0.0326,0.0459,hydro,gas-cc,0.0,0.0,0.0,0.0,0.0,0.0,0.0,0.0,0.0,0.0,0.0,0.0,0.0,0.0,0.0,0.0,0.0,0.0,194.3,3.7,0.37,23.0,1465.3,0.08,194.5,66.6,261.1,381.6,7.2,0.72,45.1,2880.0,0.17,382.1,131.0,513.0,32.65,0.0,0.0,32.65,34.22,0.0,0.0,34.22,0.0,0.0,0.0,1967.5,19.2,1948.2,0.0,0.0,0.0,0.0,0.0,0.0,0.0,0.0,0.0,0.0,0.0,0.0,0.0,19.2,0.0
2050-11-26 23:00:00,2050-11-26 21:00:00,1652.6,0.0,0.0,5.8,1658.4,1600.1,1640.8,0.0,891.9,0.0318,0.0432,battery,gas-cc,0.0,0.0,0.0,0.0,0.0,0.0,0.0,0.0,0.0,0.0,0.0,0.0,0.0,0.0,0.0,0.0,0.0,0.0,174.4,3.3,0.33,20.6,1315.1,0.08,174.6,59.8,234.4,372.6,7.0,0.7,44.0,2812.1,0.16,373.0,127.9,500.9,32.65,0.0,0.0,32.65,34.12,0.0,0.0,34.12,0.0,0.0,0.0,2550.3,17.6,2532.7,0.0,0.0,0.0,0.0,0.0,0.0,0.0,0.0,0.0,0.0,0.0,0.0,0.0,17.6,0.0
2050-11-27 00:00:00,2050-11-26 22:00:00,1523.2,0.0,0.0,0.0,1523.2,1476.0,1505.4,0.0,0.0,0.031,0.0398,battery,gas-cc,0.0,0.0,0.0,0.0,0.0,0.0,0.0,0.0,0.0,0.0,0.0,0.0,0.0,0.0,0.0,0.0,0.0,0.0,175.2,3.3,0.33,20.7,1321.6,0.08,175.4,60.1,235.5,357.2,6.7,0.67,42.2,2695.7,0.15,357.6,122.6,480.2,31.51,0.0,0.0,31.51,32.81,0.0,0.0,32.81,0.0,0.0,0.0,1523.2,17.7,1505.4,0.0,0.0,0.0,0.0,0.0,0.0,0.0,0.0,0.0,0.0,0.0,0.0,0.0,17.7,0.0
2050-11-27 01:00:00,2050-11-26 23:00:00,1391.6,0.0,0.0,0.0,1391.6,1349.4,1376.1,0.0,0.0,0.0303,0.0364,battery,gas-cc,0.0,0.0,0.0,0.0,0.0,0.0,0.0,0.0,0.0,0.0,0.0,0.0,0.0,0.0,0.0,0.0,0.0,0.0,201.6,3.8,0.38,23.8,1520.9,0.09,201.9,69.2,271.0,355.9,6.7,0.67,42.0,2686.0,0.15,356.3,122.1,478.5,31.51,0.0,0.0,31.51,32.7,0.0,0.0,32.7,0.0,0.0,0.0,1391.6,15.5,1376.1,0.0,0.0,0.0,0.0,0.0,0.0,0.0,0.0,0.0,0.0,0.0,0.0,0.0,15.5,0.0
2050-11-27 02:00:00,2050-11-27 00:00:00,1254.7,0.0,0.0,0.5,1255.3,1217.3,1246.0,0.0,82.2,0.0298,0.0328,battery,gas-cc,0.0,0.0,0.0,0.0,0.0,0.0,0.0,0.0,0.0,0.0,0.0,0.0,0.0,0.0,0.0,0.0,0.0,0.0,168.4,3.2,0.32,19.9,1269.7,0.07,168.6,57.7,226.3,359.5,6.8,0.68,42.5,2712.5,0.16,359.8,123.3,483.2,31.51,0.0,0.0,31.51,32.57,0.0,0.0,32.57,0.0,0.0,0.0,1337.5,9.2,1328.2,0.0,0.0,0.0,0.0,0.0,0.0,0.0,0.0,0.0,0.0,0.0,0.0,0.0,9.2,0.0
2050-11-27 03:00:00,2050-11-27 01:00:00,1193.7,0.0,0.0,0.0,1193.7,1158.2,1190.3,0.0,0.0,0.0297,0.0312,battery,gas-cc,0.0,0.0,0.0,0.0,0.0,0.0,0.0,0.0,0.0,0.0,0.0,0.0,0.0,0.0,0.0,0.0,0.0,0.0,191.9,3.6,0.36,22.7,1447.3,0.08,192.1,65.8,257.9,354.0,6.7,0.67,41.8,2671.7,0.15,354.4,121.5,475.9,31.51,0.0,0.0,31.51,32.52,0.0,0.0,32.52,0.0,0.0,0.0,1193.7,3.4,1190.3,0.0,0.0,0.0,0.0,0.0,0.0,0.0,0.0,0.0,0.0,0.0,0.0,0.0,3.4,0.0
2050-11-27 04:00:00,2050-11-27 02:00:00,1152.6,0.0,0.0,0.0,1152.6,1118.4,1149.2,0.0,0.0,0.0297,0.0301,battery,gas-cc,0.0,0.0,0.0,0.0,0.0,0.0,0.0,0.0,0.0,0.0,0.0,0.0,0.0,0.0,0.0,0.0,0.0,0.0,167.1,3.2,0.32,19.7,1260.4,0.07,167.3,57.3,224.6,353.7,6.7,0.67,41.8,2668.7,0.15,354.0,121.3,475.4,31.51,0.0,0.0,31.51,32.49,0.0,0.0,32.49,0.0,0.0,0.0,1152.6,3.4,1149.2,0.0,0.0,0.0,0.0,0.0,0.0,0.0,0.0,0.0,0.0,0.0,0.0,0.0,3.4,0.0
2050-11-27 05:00:00,2050-11-27 03:00:00,1108.4,0.0,0.0,0.0,1108.4,1075.5,1105.3,0.0,0.0,0.0297,0.029,battery,gas-cc,0.0,0.0,0.0,0.0,0.0,0.0,0.0,0.0,0.0,0.0,0.0,0.0,0.0,0.0,0.0,0.0,0.0,0.0,174.0,3.3,0.33,20.6,1311.9,0.08,174.1,59.7,233.8,353.2,6.7,0.67,41.7,2665.5,0.15,353.6,121.2,474.8,31.51,0.0,0.0,31.51,32.45,0.0,0.0,32.45,0.0,0.0,0.0,1108.4,3.1,1105.3,0.0,0.0,0.0,0.0,0.0,0.0,0.0,0.0,0.0,0.0,0.0,0.0,0.0,3.1,0.0
2050-11-27 06:00:00,2050-11-27 04:00:00,1097.9,0.0,0.0,0.0,1097.9,1065.3,1097.2,0.0,0.0,0.0297,0.0287,battery,gas-cc,0.0,0.0,0.0,0.0,0.0,0.0,0.0,0.0,0.0,0.0,0.0,0.0,0.0,0.0,0.0,0.0,0.0,0.0,167.0,3.1,0.32,19.7,1259.0,0.07,167.1,57.3,224.4,353.1,6.7,0.67,41.7,2664.8,0.15,353.5,121.2,474.7,31.51,0.0,0.0,31.51,32.44,0.0,0.0,32.44,0.0,0.0,0.0,1097.9,0.7,1097.2,0.0,0.0,0.0,0.0,0.0,0.0,0.0,0.0,0.0,0.0,0.0,0.0,0.0,0.7,0.0
2050-11-27 07:00:00,2050-11-27 05:00:00,1170.5,0.0,0.0,0.0,1170.5,1135.8,1170.5,0.0,0.0,0.0297,0.0306,battery,gas-cc,0.0,0.0,0.0,0.0,0.0,0.0,0.0,0.0,0.0,0.0,0.0,0.0,0.0,0.0,0.0,0.0,0.0,0.0,180.2,3.4,0.34,21.3,1359.1,0.08,180.4,61.8,242.2,353.8,6.7,0.67,41.8,2670.0,0.15,354.2,121.4,475.6,31.51,0.0,0.0,31.51,32.5,0.0,0.0,32.5,0.0,0.0,0.0,1170.5,0.0,1170.5,0.0,0.0,0.0,0.0,0.0,0.0,0.0,0.0,0.0,0.0,0.0,0.0,0.0,0.0,0.0
2050-11-27 08:00:00,2050-11-27 06:00:00,1314.7,0.0,0.0,0.0,1314.7,1275.3,1314.7,0.0,0.0,0.03,0.0344,battery,gas-cc,0.0,0.0,0.0,0.0,0.0,0.0,0.0,0.0,0.0,0.0,0.0,0.0,0.0,0.0,0.0,0.0,0.0,0.0,186.3,3.5,0.35,22.0,1405.4,0.08,186.5,63.9,250.5,355.2,6.7,0.67,42.0,2680.4,0.15,355.6,121.9,477.5,31.51,0.0,0.0,31.51,32.63,0.0,0.0,32.63,0.0,0.0,0.0,1314.7,0.0,1314.7,0.0,0.0,0.0,0.0,0.0,0.0,0.0,0.0,0.0,0.0,0.0,0.0,0.0,0.0,0.0
2050-11-27 09:00:00,2050-11-27 07:00:00,1466.3,1653.9,0.0,4.2,3124.5,1421.3,-650.5,0.0,650.5,0.0307,0.0383,battery,gas-cc,0.0,0.0,0.0,0.0,0.0,0.0,0.0,0.0,0.0,0.0,0.0,0.0,0.0,0.0,0.0,0.0,0.0,0.0,158.5,3.0,0.3,18.7,1195.4,0.07,158.7,54.4,213.1,330.7,6.2,0.62,39.1,2495.7,0.14,331.1,113.5,444.6,26.75,0.0,0.0,26.75,27.82,0.0,0.0,27.82,0.0,0.0,0.0,3775.0,3775.0,0.0,0.0,0.0,0.0,0.0,159.3,0.0,0.0,0.0,0.0,0.0,0.0,0.0,3615.6,0.0,0.0
2050-11-27 10:00:00,2050-11-27 08:00:00,1592.6,4019.6,0.0,10.7,5622.9,1542.6,-1640.0,0.0,1640.0,0.0314,0.0416,upv,upv,0.0,0.0,0.0,0.0,0.0,0.0,0.0,0.0,0.0,0.0,0.0,0.0,0.0,0.0,0.0,0.0,0.0,0.0,139.9,2.6,0.26,16.5,1054.5,0.06,140.0,48.0,188.0,0.0,0.0,0.0,0.0,0.0,0.0,0.0,0.0,0.0,0.0,0.0,0.0,0.0,0.0,0.0,0.0,0.0,0.0,705.4,705.4,7262.8,7262.8,0.0,0.0,0.0,0.0,0.0,336.3,0.0,0.0,0.0,0.0,0.0,0.0,0.0,6926.5,0.0,0.0
2050-11-27 11:00:00,2050-11-27 09:00:00,1597.9,3625.0,0.0,28.9,5251.8,1547.6,-2816.0,0.0,2816.0,0.0314,0.0418,upv,upv,0.0,0.0,0.0,0.0,0.0,0.0,0.0,0.0,0.0,0.0,0.0,0.0,0.0,0.0,0.0,0.0,0.0,0.0,140.3,2.6,0.27,16.6,1057.8,0.06,140.5,48.1,188.6,0.0,0.0,0.0,0.0,0.0,0.0,0.0,0.0,0.0,0.0,0.0,0.0,0.0,0.0,0.0,0.0,0.0,0.0,15.2,15.2,8067.8,8067.8,0.0,0.0,0.0,0.0,0.0,341.2,0.0,0.0,0.0,0.0,0.0,0.0,0.0,7726.6,0.0,0.0
2050-11-27 12:00:00,2050-11-27 10:00:00,1546.3,3211.2,0.0,28.9,4786.4,1498.2,-2816.0,0.0,2816.0,0.0311,0.0404,upv,upv,0.0,0.0,0.0,0.0,0.0,0.0,0.0,0.0,0.0,0.0,0.0,0.0,0.0,0.0,0.0,0.0,0.0,0.0,148.6,2.8,0.28,17.6,1120.3,0.06,148.7,51.0,199.7,0.0,0.0,0.0,0.0,0.0,0.0,0.0,0.0,0.0,0.0,0.0,0.0,0.0,0.0,0.0,0.0,0.0,0.2,21.7,21.9,7602.4,7602.4,0.0,0.0,0.0,0.0,0.0,321.7,0.0,0.0,0.0,0.0,0.0,0.0,0.0,7280.7,0.0,0.0
2050-11-27 13:00:00,2050-11-27 11:00:00,1505.3,3916.0,0.0,14.7,5435.9,1458.8,-1898.6,0.0,1898.6,0.0309,0.0394,battery,upv,0.0,0.0,0.0,0.0,0.0,0.0,0.0,0.0,0.0,0.0,0.0,0.0,0.0,0.0,0.0,0.0,0.0,0.0,145.2,2.7,0.27,17.2,1094.5,0.06,145.3,49.8,195.1,0.0,0.0,0.0,0.0,0.0,0.0,0.0,0.0,0.0,0.0,0.0,0.0,0.0,0.0,0.0,0.0,0.0,0.0,0.0,0.0,7334.5,7334.5,0.0,0.0,0.0,0.0,0.0,309.5,0.0,0.0,0.0,0.0,0.0,0.0,0.0,7024.5,0.6,0.0
2050-11-27 14:00:00,2050-11-27 12:00:00,1521.1,3045.5,0.0,19.4,4585.9,1473.9,-2205.7,0.0,2205.7,0.031,0.0398,upv,upv,0.0,0.0,0.0,0.0,0.0,0.0,0.0,0.0,0.0,0.0,0.0,0.0,0.0,0.0,0.0,0.0,0.0,0.0,141.8,2.7,0.27,16.7,1068.7,0.06,141.9,48.6,190.5,0.0,0.0,0.0,0.0,0.0,0.0,0.0,0.0,0.0,0.0,0.0,0.0,0.0,0.0,0.0,0.0,0.0,0.4,616.7,617.1,6791.6,6791.6,0.0,0.0,0.0,0.0,0.0,312.7,0.0,0.0,0.0,0.0,0.0,0.0,0.0,6478.9,0.0,0.0
2050-11-27 15:00:00,2050-11-27 13:00:00,1541.1,3435.1,0.0,28.9,5005.0,1493.1,-2814.9,0.0,2814.9,0.0311,0.0403,battery,upv,0.0,0.0,0.0,0.0,0.0,0.0,0.0,0.0,0.0,0.0,0.0,0.0,0.0,0.0,0.0,0.0,0.0,0.0,141.2,2.7,0.27,16.7,1064.8,0.06,141.4,48.4,189.8,0.0,0.0,0.0,0.0,0.0,0.0,0.0,0.0,0.0,0.0,0.0,0.0,0.0,0.0,0.0,0.0,0.0,0.0,0.0,0.0,7819.9,7819.9,0.0,0.0,0.0,0.0,0.0,330.0,0.0,0.0,0.0,0.0,0.0,0.0,0.0,7489.7,0.2,0.0
2050-11-27 16:00:00,2050-11-27 14:00:00,1556.8,3440.9,0.0,28.9,5026.6,1508.3,-2816.0,0.0,2816.0,0.0312,0.0407,upv,upv,0.0,0.0,0.0,0.0,0.0,0.0,0.0,0.0,0.0,0.0,0.0,0.0,0.0,0.0,0.0,0.0,0.0,0.0,141.4,2.7,0.27,16.7,1066.2,0.06,141.6,48.5,190.1,0.0,0.0,0.0,0.0,0.0,0.0,0.0,0.0,0.0,0.0,0.0,0.0,0.0,0.0,0.0,0.0,0.0,0.3,166.0,166.3,7842.7,7842.7,0.0,0.0,0.0,0.0,0.0,338.0,0.0,0.0,0.0,0.0,0.0,0.0,0.0,7504.7,0.0,0.0
2050-11-27 17:00:00,2050-11-27 15:00:00,1638.9,2431.9,0.0,16.6,4087.5,1587.0,-2025.9,0.0,2025.9,0.0317,0.0429,battery,distpv,0.0,0.0,0.0,0.0,0.0,0.0,0.0,0.0,0.0,0.0,0.0,0.0,0.0,0.0,0.0,0.0,0.0,0.0,142.3,2.7,0.27,16.8,1072.8,0.06,142.4,48.8,191.2,0.0,0.0,0.0,0.0,0.0,0.0,0.0,0.0,0.0,0.42,0.0,0.0,0.42,0.44,0.0,0.0,0.44,0.0,0.0,0.0,6113.4,6113.4,0.0,0.0,0.0,0.0,0.0,258.0,0.0,0.0,0.0,0.0,0.0,0.0,0.0,5854.8,0.6,0.0
2050-11-27 18:00:00,2050-11-27 16:00:00,1731.6,0.0,0.0,10.7,1742.2,1675.5,787.0,0.0,1640.0,0.0324,0.0453,battery,gas-cc,0.0,0.0,0.0,0.0,0.0,0.0,0.0,0.0,0.0,0.0,0.0,0.0,0.0,0.0,0.0,0.0,0.0,0.0,149.3,2.8,0.28,17.6,1125.8,0.07,149.5,51.2,200.7,413.0,7.8,0.78,48.8,3116.2,0.18,413.4,141.7,555.1,38.58,0.0,0.0,38.58,40.41,0.0,0.0,40.41,0.0,0.0,0.0,3382.2,955.2,2427.0,0.0,0.0,0.0,0.0,39.9,0.0,0.0,0.0,0.0,0.0,0.0,0.0,905.5,9.8,0.0
2050-11-27 19:00:00,2050-11-27 17:00:00,1873.7,0.0,0.0,3.7,1877.4,1810.9,1856.8,0.0,575.1,0.0335,0.049,battery,gas-cc,0.0,0.0,0.0,0.0,0.0,0.0,0.0,0.0,0.0,0.0,0.0,0.0,0.0,0.0,0.0,0.0,0.0,0.0,161.5,3.0,0.31,19.1,1217.6,0.07,161.7,55.4,217.0,424.1,8.0,0.8,50.1,3200.4,0.18,424.6,145.5,570.1,38.58,0.0,0.0,38.58,40.57,0.0,0.0,40.57,0.0,0.0,0.0,2452.6,20.7,2431.9,0.0,0.0,0.0,0.0,0.0,0.0,0.0,0.0,0.0,0.0,0.0,0.0,0.0,20.7,0.0
2050-11-27 20:00:00,2050-11-27 18:00:00,1989.5,0.0,0.0,1.3,1990.8,1920.9,1972.2,0.0,199.9,0.0345,0.052,battery,gas-cc,0.0,0.0,0.0,0.0,0.0,0.0,0.0,0.0,0.0,0.0,0.0,0.0,0.0,0.0,0.0,0.0,0.0,0.0,149.6,2.8,0.28,17.7,1127.9,0.07,149.8,51.3,201.1,425.5,8.0,0.8,50.3,3210.6,0.18,425.9,146.0,571.9,38.58,0.0,0.0,38.58,40.7,0.0,0.0,40.7,0.0,0.0,0.0,2190.7,18.6,2172.1,0.0,0.0,0.0,0.0,0.0,0.0,0.0,0.0,0.0,0.0,0.0,0.0,0.0,18.6,0.0
2050-11-27 21:00:00,2050-11-27 19:00:00,1958.9,0.0,0.0,6.9,1965.9,1891.9,1953.5,0.0,1066.0,0.0342,0.0512,battery,gas-cc,0.0,0.0,0.0,0.0,0.0,0.0,0.0,0.0,0.0,0.0,0.0,0.0,0.0,0.0,0.0,0.0,0.0,0.0,154.6,2.9,0.29,18.3,1165.9,0.07,154.8,53.0,207.8,425.1,8.0,0.8,50.2,3207.9,0.18,425.6,145.9,571.4,38.58,0.0,0.0,38.58,40.66,0.0,0.0,40.66,0.0,0.0,0.0,3031.8,12.4,3019.5,0.0,0.0,0.0,0.0,0.0,0.0,0.0,0.0,0.0,0.0,0.0,0.0,0.0,12.4,0.0
2050-11-27 22:00:00,2050-11-27 20:00:00,1820.0,0.0,0.0,8.0,1828.0,1759.8,1821.0,0.0,1224.5,0.0331,0.0476,battery,gas-cc,0.0,0.0,0.0,0.0,0.0,0.0,0.0,0.0,0.0,0.0,0.0,0.0,0.0,0.0,0.0,0.0,0.0,0.0,156.0,2.9,0.3,18.4,1176.5,0.07,156.2,53.5,209.7,423.5,8.0,0.8,50.0,3195.7,0.18,423.9,145.3,569.2,38.58,0.0,0.0,38.58,40.51,0.0,0.0,40.51,0.0,0.0,0.0,3052.5,7.0,3045.5,0.0,0.0,0.0,0.0,0.0,0.0,0.0,0.0,0.0,0.0,0.0,0.0,0.0,7.0,0.0
2050-11-27 23:00:00,2050-11-27 21:00:00,1711.6,0.0,0.0,9.9,1721.5,1656.4,1718.7,0.0,1521.6,0.0322,0.0448,battery,gas-cc,0.0,0.0,0.0,0.0,0.0,0.0,0.0,0.0,0.0,0.0,0.0,0.0,0.0,0.0,0.0,0.0,0.0,0.0,157.0,3.0,0.3,18.6,1177.1,0.07,157.2,53.7,210.8,412.7,7.8,0.78,48.8,3114.5,0.18,413.2,141.6,554.8,38.58,0.0,0.0,38.58,40.39,0.0,0.0,40.39,0.0,0.0,0.0,3243.1,2.8,3240.3,0.0,0.0,0.0,0.0,0.0,0.0,0.0,0.0,0.0,0.0,0.0,0.0,0.0,2.8,0.0
2050-11-28 00:00:00,2050-11-27 22:00:00,1580.0,0.0,0.0,0.3,1580.3,1530.5,1576.7,18.1,0.0,0.0313,0.0413,battery,gas-cc,0.0,0.0,0.0,0.0,0.0,0.0,0.0,0.0,0.0,0.0,0.0,0.0,0.0,0.0,0.0,0.0,0.0,0.0,154.9,2.9,0.29,18.3,1167.5,0.07,155.0,53.1,208.1,398.5,7.5,0.75,47.1,3007.1,0.17,398.9,136.7,535.7,39.71,0.0,0.0,39.71,41.42,0.0,0.0,41.42,0.0,0.0,0.0,1562.2,3.6,1558.6,0.0,0.0,0.0,0.0,0.0,0.0,0.0,0.0,0.0,0.0,0.0,0.0,0.0,3.6,0.0
2050-11-28 01:00:00,2050-11-27 23:00:00,1430.5,0.0,0.0,0.3,1430.9,1386.9,1427.7,22.5,0.0,0.0305,0.0374,battery,gas-cc,0.0,0.0,0.0,0.0,0.0,0.0,0.0,0.0,0.0,0.0,0.0,0.0,0.0,0.0,0.0,0.0,0.0,0.0,154.7,2.9,0.29,18.3,1166.2,0.07,154.8,53.0,207.9,396.9,7.5,0.75,46.9,2994.9,0.17,397.3,136.2,533.5,39.71,0.0,0.0,39.71,41.26,0.0,0.0,41.26,0.0,0.0,0.0,1408.4,3.2,1405.2,0.0,0.0,0.0,0.0,0.0,0.0,0.0,0.0,0.0,0.0,0.0,0.0,0.0,3.2,0.0
2050-11-28 02:00:00,2050-11-28 00:00:00,1302.1,0.0,0.0,0.0,1302.1,1263.1,1299.6,0.0,0.0,0.03,0.0341,battery,gas-cc,0.0,0.0,0.0,0.0,0.0,0.0,0.0,0.0,0.0,0.0,0.0,0.0,0.0,0.0,0.0,0.0,0.0,0.0,154.4,2.9,0.29,18.2,1163.9,0.07,154.5,52.9,207.5,408.2,7.7,0.77,48.2,3080.0,0.18,408.6,140.0,548.6,39.71,0.0,0.0,39.71,41.11,0.0,0.0,41.11,0.0,0.0,0.0,1302.1,2.5,1299.6,0.0,0.0,0.0,0.0,0.0,0.0,0.0,0.0,0.0,0.0,0.0,0.0,0.0,2.5,0.0
2050-11-28 03:00:00,2050-11-28 01:00:00,1211.6,0.0,0.0,5.3,1216.9,1175.5,1214.2,340.9,0.0,0.0298,0.0317,battery,gas-cc,0.0,0.0,0.0,0.0,0.0,0.0,0.0,0.0,0.0,3.0,0.1,0.01,0.4,22.9,0.0,3.0,1.1,4.1,154.0,2.9,0.29,18.2,1161.4,0.07,154.2,52.8,207.0,489.9,9.2,0.92,57.9,3697.2,0.21,490.5,168.1,658.6,39.71,0.0,0.0,39.71,41.01,0.0,0.0,41.01,0.0,0.0,0.0,876.0,2.7,873.3,0.0,0.0,0.0,0.0,0.0,0.0,0.0,0.0,0.0,0.0,0.0,0.0,0.0,2.7,0.0
2050-11-28 04:00:00,2050-11-28 02:00:00,1160.0,0.0,0.0,4.8,1164.8,1125.5,1160.8,312.7,0.0,0.0297,0.0303,battery,gas-cc,0.0,0.0,0.0,0.0,0.0,0.0,0.0,0.0,0.0,1.8,0.0,0.0,0.2,14.0,0.0,1.9,0.6,2.5,173.9,3.3,0.33,20.5,1311.0,0.08,174.0,59.6,233.7,415.9,7.8,0.78,49.1,3138.8,0.18,416.4,142.7,559.1,39.71,0.0,0.0,39.71,40.96,0.0,0.0,40.96,0.0,0.0,0.0,852.1,4.1,848.0,0.0,0.0,0.0,0.0,0.0,0.0,0.0,0.0,0.0,0.0,0.0,0.0,0.0,4.1,0.0
2050-11-28 05:00:00,2050-11-28 03:00:00,1131.6,0.0,0.0,2.1,1133.7,1098.0,1127.0,137.5,0.0,0.0297,0.0296,battery,gas-cc,0.0,0.0,0.0,0.0,0.0,0.0,0.0,0.0,0.0,1.1,0.0,0.0,0.1,8.0,0.0,1.1,0.4,1.4,153.4,2.9,0.29,18.1,1156.5,0.07,153.6,52.6,206.2,403.4,7.6,0.76,47.7,3044.5,0.17,403.9,138.4,542.3,39.71,0.0,0.0,39.71,40.92,0.0,0.0,40.92,0.0,0.0,0.0,996.3,6.7,989.5,0.0,0.0,0.0,0.0,0.0,0.0,0.0,0.0,0.0,0.0,0.0,0.0,0.0,6.7,0.0
2050-11-28 06:00:00,2050-11-28 04:00:00,1142.1,0.0,0.0,6.9,1149.0,1108.2,1134.5,445.3,0.0,0.0297,0.0299,battery,gas-cc,0.0,0.0,0.0,0.0,0.0,0.0,0.0,0.0,0.0,2.2,0.0,0.0,0.3,16.3,0.0,2.2,0.8,2.9,153.2,2.9,0.29,18.1,1154.8,0.07,153.3,52.5,205.9,406.4,7.7,0.77,48.0,3066.7,0.18,406.8,139.4,546.3,39.71,0.0,0.0,39.71,40.94,0.0,0.0,40.94,0.0,0.0,0.0,703.7,14.5,689.2,0.0,0.0,0.0,0.0,0.0,0.0,0.0,0.0,0.0,0.0,0.0,0.0,0.0,14.5,0.0
2050-11-28 07:00:00,2050-11-28 05:00:00,1198.9,0.0,0.0,0.2,1199.1,1163.3,1179.5,10.5,0.0,0.0297,0.0314,battery,gas-cc,0.0,0.0,0.0,0.0,0.0,0.0,0.0,0.0,0.0,0.0,0.0,0.0,0.0,0.0,0.0,0.0,0.0,0.0,153.2,2.9,0.29,18.1,1155.3,0.07,153.4,52.6,205.9,394.4,7.4,0.74,46.6,2976.2,0.17,394.8,135.3,530.1,39.71,0.0,0.0,39.71,41.0,0.0,0.0,41.0,0.0,0.0,0.0,1188.6,19.6,1168.9,0.0,0.0,0.0,0.0,0.0,0.0,0.0,0.0,0.0,0.0,0.0,0.0,0.0,19.6,0.0
2050-11-28 08:00:00,2050-11-28 06:00:00,1353.7,0.0,0.0,0.0,1353.7,1312.9,1322.8,0.0,0.0,0.0302,0.0354,battery,gas-cc,0.0,0.0,0.0,0.0,0.0,0.0,0.0,0.0,0.0,0.0,0.0,0.0,0.0,0.0,0.0,0.0,0.0,0.0,153.3,2.9,0.29,18.1,1155.6,0.07,153.4,52.6,206.0,408.7,7.7,0.77,48.3,3084.3,0.18,409.2,140.2,549.4,39.71,0.0,0.0,39.71,41.17,0.0,0.0,41.17,0.0,0.0,0.0,1353.7,30.9,1322.8,0.0,0.0,0.0,0.0,0.0,0.0,0.0,0.0,0.0,0.0,0.0,0.0,0.0,30.9,0.0
2050-11-28 09:00:00,2050-11-28 07:00:00,1484.2,2431.9,0.0,8.7,3924.8,1438.5,166.1,445.3,279.3,0.0308,0.0388,battery,gas-cc,0.0,0.0,0.0,0.0,0.0,0.0,0.0,0.0,0.0,0.0,0.0,0.0,0.0,0.0,0.0,0.0,0.0,0.0,196.6,3.7,0.38,23.2,1479.6,0.09,196.8,67.4,264.2,374.3,7.1,0.71,44.2,2824.8,0.16,374.7,128.4,503.2,26.88,0.0,0.0,26.88,27.97,0.0,0.0,27.97,0.0,0.0,0.0,3758.8,3758.8,0.0,0.0,0.0,0.0,0.0,157.4,0.0,0.0,0.0,0.0,0.0,0.0,0.0,3573.6,27.7,0.0
2050-11-28 10:00:00,2050-11-28 08:00:00,1597.9,3795.7,0.0,28.6,5422.2,1547.6,-2798.2,0.0,2798.2,0.0314,0.0418,battery,wind-ons,0.0,0.0,0.0,0.0,0.0,0.0,0.0,0.0,0.0,0.0,0.0,0.0,0.0,0.0,0.0,0.0,0.0,0.0,148.4,2.8,0.28,17.5,1119.0,0.06,148.6,50.9,199.5,0.0,0.0,0.0,0.0,0.0,0.0,0.0,0.0,0.0,4.57,0.0,0.0,4.57,4.76,0.0,0.0,4.76,0.0,0.0,0.0,8220.4,8220.4,0.0,0.0,0.0,0.0,0.0,345.7,0.0,0.0,0.0,0.0,0.0,0.0,0.0,7845.2,29.5,0.0
2050-11-28 11:00:00,2050-11-28 09:00:00,1590.5,3981.7,0.0,28.5,5600.7,1540.6,-2791.4,0.0,2791.4,0.0314,0.0416,battery,wind-ons,0.0,0.0,0.0,0.0,0.0,0.0,0.0,0.0,0.0,0.0,0.0,0.0,0.0,0.0,0.0,0.0,0.0,0.0,139.9,2.6,0.26,16.5,1054.5,0.06,140.0,48.0,188.0,0.0,0.0,0.0,0.0,0.0,0.0,0.0,0.0,0.0,4.57,0.0,0.0,4.57,4.76,0.0,0.0,4.76,0.0,0.0,0.0,8392.1,8392.1,0.0,0.0,0.0,0.0,0.0,353.1,0.0,0.0,0.0,0.0,0.0,0.0,0.0,8013.2,25.8,0.0
2050-11-28 12:00:00,2050-11-28 10:00:00,1544.2,4019.6,0.0,19.7,5583.5,1496.2,-2225.1,0.0,2225.1,0.0311,0.0404,battery,wind-ons,0.0,0.0,0.0,0.0,0.0,0.0,0.0,0.0,0.0,0.0,0.0,0.0,0.0,0.0,0.0,0.0,0.0,0.0,148.7,2.8,0.28,17.6,1121.0,0.06,148.8,51.0,199.8,0.0,0.0,0.0,0.0,0.0,0.0,0.0,0.0,0.0,4.57,0.0,0.0,4.57,4.76,0.0,0.0,4.76,0.0,0.0,0.0,7808.6,7808.6,0.0,0.0,0.0,0.0,0.0,328.2,0.0,0.0,0.0,0.0,0.0,0.0,0.0,7451.0,29.4,0.0
2050-11-28 13:00:00,2050-11-28 11:00:00,1505.3,3240.3,0.0,26.4,4771.9,1458.8,-2655.7,0.0,2655.7,0.0309,0.0394,upv,upv,0.0,0.0,0.0,0.0,0.0,0.0,0.0,0.0,0.0,0.0,0.0,0.0,0.0,0.0,0.0,0.0,0.0,0.0,139.8,2.6,0.26,16.5,1053.9,0.06,139.9,47.9,187.9,0.0,0.0,0.0,0.0,0.0,0.0,0.0,0.0,0.0,4.57,0.0,0.0,4.57,4.75,0.0,0.0,4.75,0.0,0.0,0.0,7427.7,7427.7,0.0,0.0,0.0,0.0,0.0,312.3,0.0,0.0,0.0,0.0,0.0,0.0,0.0,7089.1,26.2,0.0
2050-11-28 14:00:00,2050-11-28 12:00:00,1510.5,3597.0,0.0,20.3,5127.8,1463.8,-2262.4,0.0,2262.4,0.0309,0.0395,upv,upv,0.0,0.0,0.0,0.0,0.0,0.0,0.0,0.0,0.0,0.0,0.0,0.0,0.0,0.0,0.0,0.0,0.0,0.0,152.5,2.9,0.29,18.0,1149.5,0.07,152.6,52.3,204.9,0.0,0.0,0.0,0.0,0.0,0.0,0.0,0.0,0.0,4.57,0.0,0.0,4.57,4.75,0.0,0.0,4.75,0.0,0.0,0.0,7390.3,7390.3,0.0,0.0,0.0,0.0,0.0,310.9,0.0,0.0,0.0,0.0,0.0,0.0,0.0,7056.8,22.6,0.0
2050-11-28 15:00:00,2050-11-28 13:00:00,1551.6,3627.1,0.0,11.0,5189.7,1503.2,-1662.1,0.0,1662.1,0.0312,0.0406,upv,upv,0.0,0.0,0.0,0.0,0.0,0.0,0.0,0.0,0.0,0.0,0.0,0.0,0.0,0.0,0.0,0.0,0.0,0.0,148.5,2.8,0.28,17.5,1119.6,0.06,148.6,50.9,199.6,0.0,0.0,0.0,0.0,0.0,0.0,0.0,0.0,0.0,4.57,0.0,0.0,4.57,4.76,0.0,0.0,4.76,0.0,0.0,0.0,6851.8,6851.8,0.0,0.0,0.0,0.0,0.0,288.0,0.0,0.0,0.0,0.0,0.0,0.0,0.0,6536.6,27.3,0.0
2050-11-28 16:00:00,2050-11-28 14:00:00,1603.2,2431.9,0.0,22.6,4057.6,1552.7,-2409.0,0.0,2409.0,0.0315,0.0419,upv,upv,0.0,0.0,0.0,0.0,0.0,0.0,0.0,0.0,0.0,0.0,0.0,0.0,0.0,0.0,0.0,0.0,0.0,0.0,154.1,2.9,0.29,18.2,1161.7,0.07,154.2,52.8,207.1,0.0,0.0,0.0,0.0,0.0,0.0,0.0,0.0,0.0,4.57,0.0,0.0,4.57,4.77,0.0,0.0,4.77,0.0,0.0,0.0,6466.7,6466.7,0.0,0.0,0.0,0.0,0.0,271.6,0.0,0.0,0.0,0.0,0.0,0.0,0.0,6165.0,30.1,0.0
2050-11-28 17:00:00,2050-11-28 15:00:00,1688.4,2431.9,0.0,4.2,4124.6,1634.3,-652.6,0.0,652.6,0.0321,0.0442,gas-cc,gas-cc,0.0,0.0,0.0,0.0,0.0,0.0,0.0,0.0,0.0,0.0,0.0,0.0,0.0,0.0,0.0,0.0,0.0,0.0,170.8,3.2,0.32,20.2,1288.0,0.07,171.0,58.6,229.5,368.0,6.9,0.69,43.5,2777.3,0.16,368.4,126.3,494.7,31.38,0.0,0.0,31.38,32.83,0.0,0.0,32.83,0.0,0.0,0.0,4777.2,4777.2,0.0,0.0,0.0,0.0,0.0,200.1,0.0,0.0,0.0,0.0,0.0,0.0,0.0,4543.0,34.1,0.0
2050-11-28 18:00:00,2050-11-28 16:00:00,1778.9,0.0,0.0,10.7,1789.6,1720.7,1101.2,0.0,1640.0,0.0327,0.0465,battery,gas-cc,0.0,0.0,0.0,0.0,0.0,0.0,0.0,0.0,0.0,0.0,0.0,0.0,0.0,0.0,0.0,0.0,0.0,0.0,183.6,3.5,0.35,21.7,1384.5,0.08,183.8,63.0,246.7,413.5,7.8,0.78,48.8,3120.3,0.18,413.9,141.9,555.8,37.7,0.0,0.0,37.7,39.54,0.0,0.0,39.54,0.0,0.0,0.0,3429.6,688.4,2741.1,0.0,0.0,0.0,0.0,26.7,0.0,0.0,0.0,0.0,0.0,0.0,0.0,606.2,55.5,0.0
2050-11-28 19:00:00,2050-11-28 17:00:00,1923.2,0.0,0.0,10.7,1933.8,1857.9,1847.7,0.0,1640.0,0.0339,0.0503,battery,gas-cc,0.0,0.0,0.0,0.0,0.0,0.0,0.0,0.0,0.0,0.0,0.0,0.0,0.0,0.0,0.0,0.0,0.0,0.0,164.1,3.1,0.31,19.4,1237.6,0.07,164.3,56.3,220.6,415.1,7.8,0.78,49.0,3132.7,0.18,415.6,142.4,558.0,37.7,0.0,0.0,37.7,39.7,0.0,0.0,39.7,0.0,0.0,0.0,3573.8,86.1,3487.7,0.0,0.0,0.0,0.0,0.0,0.0,0.0,0.0,0.0,0.0,0.0,0.0,0.0,86.1,0.0
2050-11-28 20:00:00,2050-11-28 18:00:00,2028.4,0.0,0.0,3.1,2031.6,1957.8,1948.0,0.0,483.9,0.0348,0.053,battery,gas-cc,0.0,0.0,0.0,0.0,0.0,0.0,0.0,0.0,0.0,0.0,0.0,0.0,0.0,0.0,0.0,0.0,0.0,0.0,165.7,3.2,0.32,19.6,1241.8,0.07,165.9,56.6,222.5,449.3,8.5,0.85,53.1,3390.3,0.19,449.8,154.2,603.9,37.7,0.0,0.0,37.7,39.82,0.0,0.0,39.82,0.0,0.0,0.0,2515.5,83.6,2431.9,0.0,0.0,0.0,0.0,0.0,0.0,0.0,0.0,0.0,0.0,0.0,0.0,0.0,83.6,0.0
2050-11-28 21:00:00,2050-11-28 19:00:00,1987.4,0.0,0.0,0.1,1987.5,1918.9,1882.2,0.0,21.7,0.0345,0.052,battery,gas-cc,0.0,0.0,0.0,0.0,0.0,0.0,0.0,0.0,0.0,0.0,0.0,0.0,0.0,0.0,0.0,0.0,0.0,0.0,165.3,3.1,0.31,19.5,1246.5,0.07,165.5,56.7,222.2,448.8,8.5,0.85,53.0,3386.4,0.19,449.2,154.0,603.2,37.7,0.0,0.0,37.7,39.77,0.0,0.0,39.77,0.0,0.0,0.0,2009.2,105.3,1903.9,0.0,0.0,0.0,0.0,0.0,0.0,0.0,0.0,0.0,0.0,0.0,0.0,0.0,105.3,0.0
2050-11-28 22:00:00,2050-11-28 20:00:00,1845.3,0.0,0.0,7.3,1852.5,1783.9,1703.1,0.0,1118.4,0.0333,0.0483,battery,gas-cc,0.0,0.0,0.0,0.0,0.0,0.0,0.0,0.0,0.0,0.0,0.0,0.0,0.0,0.0,0.0,0.0,0.0,0.0,170.8,3.3,0.36,20.3,1257.7,0.08,171.0,57.8,228.7,498.5,9.4,0.94,58.9,3761.6,0.22,499.0,171.0,670.1,37.7,0.0,0.0,37.7,39.61,0.0,0.0,39.61,0.0,0.0,0.0,2971.0,149.4,2821.5,0.0,0.0,0.0,0.0,0.0,0.0,0.0,0.0,0.0,0.0,0.0,0.0,0.0,149.4,0.0
2050-11-28 23:00:00,2050-11-28 21:00:00,1734.7,0.0,0.0,5.3,1740.0,1678.5,1622.0,0.0,809.9,0.0324,0.0454,battery,gas-cc,0.0,0.0,0.0,0.0,0.0,0.0,0.0,0.0,0.0,0.0,0.0,0.0,0.0,0.0,0.0,0.0,0.0,0.0,153.0,2.9,0.29,18.1,1153.7,0.07,153.2,52.5,205.7,435.0,8.2,0.82,51.4,3282.7,0.19,435.5,149.3,584.7,37.7,0.0,0.0,37.7,39.49,0.0,0.0,39.49,0.0,0.0,0.0,2549.9,118.0,2431.9,0.0,0.0,0.0,0.0,0.0,0.0,0.0,0.0,0.0,0.0,0.0,0.0,0.0,118.0,0.0
2050-11-29 00:00:00,2050-11-28 22:00:00,1613.7,0.0,0.0,12.7,1626.4,1562.8,1525.8,0.0,1771.3,0.0315,0.0422,gas-ct,gas-ct,58.4,1.1,0.11,6.9,440.4,0.03,58.4,20.0,78.5,60.3,1.1,0.11,7.1,454.8,0.03,60.3,20.7,81.0,164.9,3.1,0.31,19.5,1243.7,0.07,165.1,56.6,221.7,570.6,10.8,1.08,67.4,4305.8,0.25,571.2,195.8,767.0,47.68,0.0,0.0,47.68,49.78,0.0,0.0,49.78,0.0,0.0,0.0,3397.7,100.5,2749.9,0.0,0.0,0.0,0.0,0.0,547.2,0.0,0.0,0.0,0.0,0.0,0.0,0.0,100.5,0.0
2050-11-29 01:00:00,2050-11-28 23:00:00,1466.3,0.0,0.0,7.6,1473.9,1421.3,1399.2,0.0,1168.4,0.0307,0.0383,gas-cc,gas-cc,75.0,1.4,0.14,8.9,566.3,0.03,75.1,25.8,100.9,77.4,1.5,0.15,9.2,584.3,0.03,77.5,26.6,104.1,159.2,3.0,0.3,18.8,1200.3,0.07,159.4,54.6,214.0,401.1,7.6,0.76,47.4,3027.0,0.17,401.6,137.6,539.2,41.76,0.0,0.0,41.76,43.42,0.0,0.0,43.42,0.0,0.0,0.0,2642.4,74.7,2020.4,0.0,0.0,0.0,0.0,0.0,547.2,0.0,0.0,0.0,0.0,0.0,0.0,0.0,74.7,0.0
2050-11-29 02:00:00,2050-11-29 00:00:00,1322.1,0.0,0.0,1.2,1323.3,1282.4,1271.2,75.5,0.0,0.03,0.0346,battery,gas-cc,158.9,3.0,0.3,18.8,1199.3,0.07,159.1,54.5,213.6,154.5,2.9,0.29,18.3,1165.9,0.07,154.7,53.0,207.7,148.8,2.8,0.28,17.6,1121.7,0.06,148.9,51.0,200.0,403.8,7.6,0.76,47.7,3047.3,0.18,404.3,138.6,542.8,35.85,0.0,0.0,35.85,37.13,0.0,0.0,37.13,0.0,0.0,0.0,1247.8,52.1,648.4,0.0,0.0,0.0,0.0,0.0,547.2,0.0,0.0,0.0,0.0,0.0,0.0,0.0,52.1,0.0
2050-11-29 03:00:00,2050-11-29 01:00:00,1229.5,0.0,0.0,8.2,1237.7,1192.8,1194.2,647.0,0.0,0.0298,0.0322,battery,gas-cc,335.7,6.3,0.63,39.7,2533.5,0.15,336.1,115.2,451.3,169.8,3.2,0.32,20.6,1282.8,0.09,170.0,58.8,228.8,170.9,3.2,0.32,20.2,1288.8,0.07,171.1,58.6,229.7,403.9,7.6,0.76,47.7,3048.3,0.18,404.4,138.6,543.0,35.32,0.0,0.0,35.32,36.5,0.0,0.0,36.5,0.0,0.0,0.0,590.7,43.5,0.0,0.0,0.0,0.0,0.0,0.0,547.2,0.0,0.0,0.0,0.0,0.0,0.0,0.0,43.5,0.0
2050-11-29 04:00:00,2050-11-29 02:00:00,1160.0,0.0,0.0,7.7,1167.7,1125.5,1122.5,575.3,0.0,0.0297,0.0303,hydro,gas-cc,334.7,6.3,0.63,39.5,2525.9,0.15,335.1,114.9,449.9,179.1,3.4,0.34,21.5,1352.7,0.09,179.3,61.9,241.2,152.2,2.9,0.29,18.0,1147.8,0.07,152.4,52.2,204.6,399.3,7.5,0.75,47.2,3012.9,0.17,399.7,137.0,536.7,35.26,0.0,0.0,35.26,36.36,0.0,0.0,36.36,0.0,0.0,0.0,592.4,45.2,0.0,0.0,0.0,0.0,0.0,0.0,547.2,0.0,0.0,0.0,0.0,0.0,0.0,0.0,45.2,0.0
2050-11-29 05:00:00,2050-11-29 03:00:00,1128.4,0.0,0.0,7.6,1136.0,1094.9,1098.0,550.8,0.0,0.0297,0.0295,hydro,gas-cc,338.9,6.4,0.64,40.0,2557.1,0.15,339.2,116.3,455.5,183.3,3.5,0.35,22.0,1384.3,0.09,183.5,63.3,246.8,152.2,2.9,0.29,18.0,1147.8,0.07,152.4,52.2,204.6,398.9,7.5,0.75,47.1,3010.3,0.17,399.3,136.9,536.2,35.26,0.0,0.0,35.26,36.33,0.0,0.0,36.33,0.0,0.0,0.0,585.2,38.0,0.0,0.0,0.0,0.0,0.0,0.0,547.2,0.0,0.0,0.0,0.0,0.0,0.0,0.0,38.0,0.0
2050-11-29 06:00:00,2050-11-29 04:00:00,1124.2,0.0,0.0,4.9,1129.1,1090.8,1098.9,317.8,0.0,0.0297,0.0294,battery,gas-cc,122.2,2.3,0.23,14.4,922.2,0.05,122.3,41.9,164.3,90.5,1.7,0.17,10.7,682.9,0.04,90.6,31.1,121.7,274.8,5.2,0.52,32.5,2072.6,0.12,275.1,94.3,369.3,449.0,8.5,0.85,53.0,3388.0,0.19,449.5,154.1,603.5,35.85,0.0,0.0,35.85,36.93,0.0,0.0,36.93,0.0,0.0,0.0,811.4,30.3,507.5,0.0,0.0,0.0,0.0,0.0,273.6,0.0,0.0,0.0,0.0,0.0,0.0,0.0,30.3,0.0
2050-11-29 07:00:00,2050-11-29 05:00:00,1188.4,0.0,0.0,5.6,1194.0,1153.1,1169.3,0.0,863.3,0.0297,0.0311,battery,gas-cc,48.2,0.9,0.09,5.7,363.7,0.02,48.2,16.5,64.8,49.7,0.9,0.09,5.9,374.9,0.02,49.7,17.1,66.8,284.0,5.4,0.54,33.5,2142.5,0.12,284.3,97.4,381.7,402.4,7.6,0.76,47.5,3036.4,0.17,402.8,138.1,540.9,35.85,0.0,0.0,35.85,37.0,0.0,0.0,37.0,0.0,0.0,0.0,2057.3,24.7,1759.0,0.0,0.0,0.0,0.0,0.0,273.6,0.0,0.0,0.0,0.0,0.0,0.0,0.0,24.7,0.0
2050-11-29 08:00:00,2050-11-29 06:00:00,1332.6,0.0,0.0,3.8,1336.4,1292.6,1313.1,0.0,580.6,0.0301,0.0348,battery,gas-cc,51.7,1.0,0.1,6.1,390.3,0.02,51.8,17.7,69.5,53.3,1.0,0.1,6.3,402.4,0.02,53.4,18.3,71.7,313.2,5.9,0.59,37.0,2363.1,0.14,313.5,107.5,421.0,395.8,7.5,0.75,46.8,2986.9,0.17,396.2,135.8,532.1,37.37,0.0,0.0,37.37,38.72,0.0,0.0,38.72,0.0,0.0,0.0,1917.0,23.3,1620.1,0.0,0.0,0.0,0.0,0.0,273.6,0.0,0.0,0.0,0.0,0.0,0.0,0.0,23.3,0.0
2050-11-29 09:00:00,2050-11-29 07:00:00,1461.1,1139.3,0.0,12.1,2612.4,1416.3,1243.2,1243.2,0.0,0.0306,0.0382,battery,gas-cc,0.0,0.0,0.0,0.0,0.0,0.0,0.0,0.0,0.0,0.0,0.0,0.0,0.6,1.3,0.01,0.0,0.6,0.6,139.8,2.6,0.26,16.5,1053.7,0.06,139.9,47.9,187.8,316.7,6.0,0.6,37.4,2389.7,0.14,317.0,108.7,425.7,27.69,0.0,0.0,27.69,28.79,0.0,0.0,28.79,0.0,0.0,0.0,1369.3,1369.3,0.0,0.0,0.0,0.0,0.0,56.9,0.0,0.0,0.0,0.0,0.0,0.0,0.0,1291.6,20.7,0.0
2050-11-29 10:00:00,2050-11-29 08:00:00,1574.7,2329.8,0.0,12.1,3916.6,1525.5,1243.2,1243.2,0.0,0.0313,0.0412,battery,gas-cc,0.0,0.0,0.0,0.0,0.0,0.0,0.0,0.0,0.0,0.0,0.0,0.0,0.2,0.5,0.01,0.0,0.2,0.2,177.0,3.3,0.33,20.9,1335.1,0.08,177.2,60.7,237.9,317.7,6.0,0.6,37.5,2397.1,0.14,318.0,109.0,427.0,27.69,0.0,0.0,27.69,28.88,0.0,0.0,28.88,0.0,0.0,0.0,2673.5,2673.5,0.0,0.0,0.0,0.0,0.0,112.1,0.0,0.0,0.0,0.0,0.0,0.0,0.0,2544.5,16.8,0.0
2050-11-29 11:00:00,2050-11-29 09:00:00,1585.3,3775.7,0.0,6.9,5367.9,1535.5,446.3,446.3,0.0,0.0314,0.0415,battery,gas-cc,0.0,0.0,0.0,0.0,0.0,0.0,0.0,0.0,0.0,0.0,0.0,0.0,0.0,0.0,0.0,0.0,0.0,0.0,143.6,2.7,0.27,17.0,1082.5,0.06,143.7,49.2,193.0,346.2,6.5,0.65,40.9,2612.8,0.15,346.6,118.8,465.4,17.57,0.0,0.0,17.57,18.33,0.0,0.0,18.33,0.0,0.0,0.0,4921.6,4921.6,0.0,0.0,0.0,0.0,0.0,207.3,0.0,0.0,0.0,0.0,0.0,0.0,0.0,4704.5,9.7,0.0
2050-11-29 12:00:00,2050-11-29 10:00:00,1530.5,4019.6,0.0,1.9,5552.0,1483.0,-297.3,0.0,297.3,0.031,0.04,battery,gas-cc,0.0,0.0,0.0,0.0,0.0,0.0,0.0,0.0,0.0,0.0,0.0,0.0,0.0,0.0,0.0,0.0,0.0,0.0,140.0,2.6,0.26,16.5,1055.2,0.06,140.1,48.0,188.1,399.1,7.5,0.75,47.1,3011.4,0.17,399.5,136.9,536.4,17.09,0.0,0.0,17.09,17.8,0.0,0.0,17.8,0.0,0.0,0.0,5849.3,5849.3,0.0,0.0,0.0,0.0,0.0,246.7,0.0,0.0,0.0,0.0,0.0,0.0,0.0,5596.3,6.3,0.0
2050-11-29 13:00:00,2050-11-29 11:00:00,1503.2,4019.6,0.0,2.6,5525.3,1456.8,-393.2,0.0,393.2,0.0309,0.0393,battery,gas-cc,0.0,0.0,0.0,0.0,0.0,0.0,0.0,0.0,0.0,0.0,0.0,0.0,0.0,0.0,0.0,0.0,0.0,0.0,140.1,2.6,0.27,16.6,1056.5,0.06,140.3,48.1,188.3,398.8,7.5,0.75,47.1,3009.2,0.17,399.2,136.8,536.0,17.09,0.0,0.0,17.09,17.79,0.0,0.0,17.79,0.0,0.0,0.0,5918.5,5918.5,0.0,0.0,0.0,0.0,0.0,249.6,0.0,0.0,0.0,0.0,0.0,0.0,0.0,5664.2,4.8,0.0
2050-11-29 14:00:00,2050-11-29 12:00:00,1515.8,4019.6,0.0,0.6,5535.9,1468.9,-86.9,0.0,86.9,0.0309,0.0396,battery,gas-cc,0.0,0.0,0.0,0.0,0.0,0.0,0.0,0.0,0.0,0.0,0.0,0.0,0.0,0.0,0.0,0.0,0.0,0.0,139.8,2.6,0.26,16.5,1054.0,0.06,140.0,47.9,187.9,398.9,7.5,0.75,47.1,3010.2,0.17,399.3,136.9,536.2,17.09,0.0,0.0,17.09,17.8,0.0,0.0,17.8,0.0,0.0,0.0,5622.8,5622.8,0.0,0.0,0.0,0.0,0.0,237.1,0.0,0.0,0.0,0.0,0.0,0.0,0.0,5379.8,5.9,0.0
2050-11-29 15:00:00,2050-11-29 13:00:00,1564.2,3285.4,0.0,6.9,4856.5,1515.4,445.3,445.3,0.0,0.0312,0.0409,battery,gas-cc,0.0,0.0,0.0,0.0,0.0,0.0,0.0,0.0,0.0,0.0,0.0,0.0,0.0,0.0,0.0,0.0,0.0,0.0,139.9,2.6,0.26,16.5,1054.6,0.06,140.0,48.0,188.0,317.6,6.0,0.6,37.5,2396.4,0.14,317.9,109.0,426.9,17.57,0.0,0.0,17.57,18.32,0.0,0.0,18.32,0.0,0.0,0.0,4411.2,4411.2,0.0,0.0,0.0,0.0,0.0,185.9,0.0,0.0,0.0,0.0,0.0,0.0,0.0,4219.8,5.5,0.0
2050-11-29 16:00:00,2050-11-29 14:00:00,1601.1,3141.4,0.0,8.1,4750.6,1550.7,633.9,633.9,0.0,0.0315,0.0419,battery,gas-cc,0.0,0.0,0.0,0.0,0.0,0.0,0.0,0.0,0.0,0.0,0.0,0.0,0.0,0.1,0.0,0.0,0.0,0.0,148.9,2.8,0.28,17.6,1123.0,0.06,149.1,51.1,200.2,399.8,7.5,0.75,47.2,3017.2,0.17,400.3,137.2,537.5,17.57,0.0,0.0,17.57,18.34,0.0,0.0,18.34,0.0,0.0,0.0,4116.7,4116.7,0.0,0.0,0.0,0.0,0.0,173.4,0.0,0.0,0.0,0.0,0.0,0.0,0.0,3935.5,7.8,0.0
2050-11-29 17:00:00,2050-11-29 15:00:00,1660.0,2431.9,0.0,10.8,4102.7,1607.1,1038.6,1038.6,0.0,0.0319,0.0434,battery,gas-cc,0.0,0.0,0.0,0.0,0.0,0.0,0.0,0.0,0.0,0.0,0.0,0.0,0.2,0.5,0.0,0.0,0.2,0.2,153.4,2.9,0.29,18.1,1156.3,0.07,153.5,52.6,206.1,400.5,7.5,0.75,47.3,3022.1,0.17,400.9,137.4,538.3,22.58,0.0,0.0,22.58,23.61,0.0,0.0,23.61,0.0,0.0,0.0,3064.1,3064.1,0.0,0.0,0.0,0.0,0.0,128.7,0.0,0.0,0.0,0.0,0.0,0.0,0.0,2922.5,12.8,0.0
2050-11-29 18:00:00,2050-11-29 16:00:00,1752.6,0.0,0.0,6.4,1759.0,1695.6,1366.2,0.0,978.7,0.0325,0.0458,battery,gas-cc,0.0,0.0,0.0,0.0,0.0,0.0,0.0,0.0,0.0,0.0,0.0,0.0,0.0,0.0,0.0,0.0,0.0,0.0,153.6,2.9,0.29,18.1,1158.1,0.07,153.8,52.7,206.4,373.7,7.0,0.7,44.1,2819.8,0.16,374.1,128.2,502.3,32.62,0.0,0.0,32.62,34.18,0.0,0.0,34.18,0.0,0.0,0.0,2737.7,392.8,2344.9,0.0,0.0,0.0,0.0,14.9,0.0,0.0,0.0,0.0,0.0,0.0,0.0,338.9,39.0,0.0
2050-11-29 19:00:00,2050-11-29 17:00:00,1878.9,0.0,0.0,7.2,1886.1,1815.9,1820.5,0.0,1101.8,0.0335,0.0491,battery,gas-cc,0.0,0.0,0.0,0.0,0.0,0.0,0.0,0.0,0.0,0.0,0.0,0.0,0.0,0.0,0.0,0.0,0.0,0.0,152.3,2.9,0.29,18.0,1148.0,0.07,152.4,52.2,204.7,375.0,7.1,0.71,44.3,2829.6,0.16,375.4,128.7,504.0,32.62,0.0,0.0,32.62,34.3,0.0,0.0,34.3,0.0,0.0,0.0,2987.9,65.6,2922.4,0.0,0.0,0.0,0.0,0.0,0.0,0.0,0.0,0.0,0.0,0.0,0.0,0.0,65.6,0.0
2050-11-29 20:00:00,2050-11-29 18:00:00,1989.5,0.0,0.0,6.9,1996.4,1920.9,1947.6,0.0,1059.9,0.0345,0.052,battery,gas-cc,0.0,0.0,0.0,0.0,0.0,0.0,0.0,0.0,0.0,0.0,0.0,0.0,0.0,0.0,0.0,0.0,0.0,0.0,151.1,2.9,0.29,17.8,1139.1,0.07,151.2,51.8,203.1,376.1,7.1,0.71,44.4,2838.2,0.16,376.5,129.1,505.6,32.62,0.0,0.0,32.62,34.41,0.0,0.0,34.41,0.0,0.0,0.0,3056.3,48.8,3007.5,0.0,0.0,0.0,0.0,0.0,0.0,0.0,0.0,0.0,0.0,0.0,0.0,0.0,48.8,0.0
2050-11-29 21:00:00,2050-11-29 19:00:00,1964.2,0.0,0.0,13.0,1977.2,1896.9,1948.4,286.2,1310.7,0.0343,0.0514,battery,gas-cc,0.0,0.0,0.0,0.0,0.0,0.0,0.0,0.0,0.0,0.0,0.0,0.0,0.0,0.0,0.0,0.0,0.0,0.0,156.7,3.0,0.3,18.5,1181.5,0.07,156.9,53.7,210.6,375.8,7.1,0.71,44.4,2836.2,0.16,376.3,129.0,505.2,32.62,0.0,0.0,32.62,34.38,0.0,0.0,34.38,0.0,0.0,0.0,3001.6,28.8,2972.8,0.0,0.0,0.0,0.0,0.0,0.0,0.0,0.0,0.0,0.0,0.0,0.0,0.0,28.8,0.0
2050-11-29 22:00:00,2050-11-29 20:00:00,1829.5,0.0,0.0,8.3,1837.8,1768.9,1819.8,157.8,899.8,0.0331,0.0478,battery,gas-cc,0.0,0.0,0.0,0.0,0.0,0.0,0.0,0.0,0.0,0.0,0.0,0.0,0.0,0.0,0.0,0.0,0.0,0.0,161.4,3.1,0.31,19.1,1209.6,0.07,161.6,55.2,216.8,374.5,7.1,0.71,44.2,2825.7,0.16,374.9,128.5,503.3,32.62,0.0,0.0,32.62,34.26,0.0,0.0,34.26,0.0,0.0,0.0,2579.7,17.9,2561.8,0.0,0.0,0.0,0.0,0.0,0.0,0.0,0.0,0.0,0.0,0.0,0.0,0.0,17.9,0.0
2050-11-29 23:00:00,2050-11-29 21:00:00,1716.8,0.0,0.0,12.9,1729.7,1661.4,1719.6,345.1,1158.2,0.0323,0.0449,battery,gas-cc,0.0,0.0,0.0,0.0,0.0,0.0,0.0,0.0,0.0,0.0,0.0,0.0,0.0,0.0,0.0,0.0,0.0,0.0,155.2,2.9,0.29,18.3,1170.1,0.07,155.4,53.2,208.6,373.3,7.0,0.7,44.1,2817.0,0.16,373.7,128.1,501.8,32.62,0.0,0.0,32.62,34.15,0.0,0.0,34.15,0.0,0.0,0.0,2542.8,10.1,2532.7,0.0,0.0,0.0,0.0,0.0,0.0,0.0,0.0,0.0,0.0,0.0,0.0,0.0,10.1,0.0
2050-11-30 00:00:00,2050-11-29 22:00:00,1587.4,0.0,0.0,3.2,1590.5,1537.6,1580.9,205.3,0.0,0.0314,0.0415,battery,gas-cc,0.0,0.0,0.0,0.0,0.0,0.0,0.0,0.0,0.0,0.0,0.0,0.0,0.0,0.0,0.0,0.0,0.0,0.0,167.2,3.2,0.32,19.8,1261.2,0.07,167.4,57.4,224.8,365.3,6.9,0.69,43.1,2756.3,0.16,365.7,125.3,491.0,32.09,0.0,0.0,32.09,33.48,0.0,0.0,33.48,0.0,0.0,0.0,1385.3,9.6,1375.7,0.0,0.0,0.0,0.0,0.0,0.0,0.0,0.0,0.0,0.0,0.0,0.0,0.0,9.6,0.0
2050-11-30 01:00:00,2050-11-29 23:00:00,1435.8,0.0,0.0,0.3,1436.1,1392.0,1432.7,20.0,0.0,0.0305,0.0375,gas-cc,gas-cc,0.0,0.0,0.0,0.0,0.0,0.0,0.0,0.0,0.0,0.0,0.0,0.0,0.0,0.0,0.0,0.0,0.0,0.0,167.5,3.2,0.32,19.8,1263.1,0.07,167.7,57.5,225.1,365.5,6.9,0.69,43.2,2758.2,0.16,365.9,125.4,491.3,32.09,0.0,0.0,32.09,33.35,0.0,0.0,33.35,0.0,0.0,0.0,1416.1,3.4,1412.7,0.0,0.0,0.0,0.0,0.0,0.0,0.0,0.0,0.0,0.0,0.0,0.0,0.0,3.4,0.0
2050-11-30 02:00:00,2050-11-30 00:00:00,1286.3,0.0,0.0,0.0,1286.3,1247.8,1285.6,0.0,0.0,0.0299,0.0336,battery,gas-cc,0.0,0.0,0.0,0.0,0.0,0.0,0.0,0.0,0.0,0.0,0.0,0.0,0.0,0.0,0.0,0.0,0.0,0.0,172.8,3.3,0.33,20.4,1303.4,0.08,173.0,59.3,232.3,362.3,6.8,0.68,42.8,2733.9,0.16,362.7,124.3,487.0,32.09,0.0,0.0,32.09,33.21,0.0,0.0,33.21,0.0,0.0,0.0,1286.3,0.7,1285.6,0.0,0.0,0.0,0.0,0.0,0.0,0.0,0.0,0.0,0.0,0.0,0.0,0.0,0.7,0.0
2050-11-30 03:00:00,2050-11-30 01:00:00,1203.2,0.0,0.0,6.9,1210.1,1167.4,1209.9,445.3,0.0,0.0297,0.0315,battery,gas-cc,0.0,0.0,0.0,0.0,0.0,0.0,0.0,0.0,0.0,0.0,0.0,0.0,0.0,0.0,0.0,0.0,0.0,0.0,169.1,3.2,0.32,20.0,1275.4,0.07,169.3,58.0,227.3,357.4,6.7,0.67,42.2,2697.4,0.15,357.8,122.6,480.5,32.09,0.0,0.0,32.09,33.14,0.0,0.0,33.14,0.0,0.0,0.0,764.8,0.1,764.6,0.0,0.0,0.0,0.0,0.0,0.0,0.0,0.0,0.0,0.0,0.0,0.0,0.0,0.1,0.0
2050-11-30 04:00:00,2050-11-30 02:00:00,1154.7,0.0,0.0,6.9,1161.6,1120.4,1161.6,445.3,0.0,0.0297,0.0302,battery,gas-cc,0.0,0.0,0.0,0.0,0.0,0.0,0.0,0.0,0.0,0.0,0.0,0.0,0.0,0.0,0.0,0.0,0.0,0.0,194.0,3.7,0.37,22.9,1463.4,0.08,194.2,66.6,260.8,361.0,6.8,0.68,42.6,2724.2,0.16,361.4,123.9,485.3,32.09,0.0,0.0,32.09,33.09,0.0,0.0,33.09,0.0,0.0,0.0,716.3,0.1,716.2,0.0,0.0,0.0,0.0,0.0,0.0,0.0,0.0,0.0,0.0,0.0,0.0,0.0,0.1,0.0
2050-11-30 05:00:00,2050-11-30 03:00:00,1118.9,0.0,0.0,10.2,1129.1,1085.7,1128.8,949.0,0.0,0.0297,0.0293,battery,gas-cc,0.0,0.0,0.0,0.0,0.0,0.0,0.0,0.0,0.0,0.0,0.0,0.0,1.5,3.6,0.03,0.0,1.7,1.7,145.5,2.7,0.28,17.2,1097.3,0.06,145.7,49.9,195.6,356.6,6.7,0.67,42.1,2691.2,0.15,357.0,122.4,479.4,32.09,0.0,0.0,32.09,33.06,0.0,0.0,33.06,0.0,0.0,0.0,180.2,0.3,179.8,0.0,0.0,0.0,0.0,0.0,0.0,0.0,0.0,0.0,0.0,0.0,0.0,0.0,0.3,0.0
2050-11-30 06:00:00,2050-11-30 04:00:00,1113.7,0.0,0.0,10.1,1123.8,1080.6,1123.1,940.4,0.0,0.0297,0.0291,battery,gas-cc,0.0,0.0,0.0,0.0,0.0,0.0,0.0,0.0,0.0,0.0,0.0,0.0,1.5,3.6,0.03,0.0,1.6,1.6,145.2,2.7,0.27,17.2,1094.8,0.06,145.4,49.8,195.2,367.2,6.9,0.69,43.4,2771.2,0.16,367.6,126.0,493.6,32.09,0.0,0.0,32.09,33.06,0.0,0.0,33.06,0.0,0.0,0.0,183.4,0.7,182.7,0.0,0.0,0.0,0.0,0.0,0.0,0.0,0.0,0.0,0.0,0.0,0.0,0.0,0.7,0.0
2050-11-30 07:00:00,2050-11-30 05:00:00,1185.3,0.0,0.0,6.3,1191.6,1150.0,1190.7,409.6,0.0,0.0297,0.031,battery,gas-cc,0.0,0.0,0.0,0.0,0.0,0.0,0.0,0.0,0.0,0.0,0.0,0.0,0.0,0.0,0.0,0.0,0.0,0.0,147.5,2.8,0.28,17.4,1111.7,0.06,147.6,50.6,198.2,357.3,6.7,0.67,42.2,2696.0,0.15,357.7,122.6,480.2,32.09,0.0,0.0,32.09,33.12,0.0,0.0,33.12,0.0,0.0,0.0,782.0,0.9,781.1,0.0,0.0,0.0,0.0,0.0,0.0,0.0,0.0,0.0,0.0,0.0,0.0,0.0,0.9,0.0
2050-11-30 08:00:00,2050-11-30 06:00:00,1337.9,0.0,0.0,6.9,1344.8,1297.6,1342.7,445.3,0.0,0.0301,0.035,battery,gas-cc,0.0,0.0,0.0,0.0,0.0,0.0,0.0,0.0,0.0,0.0,0.0,0.0,0.0,0.0,0.0,0.0,0.0,0.0,146.8,2.8,0.28,17.3,1106.5,0.06,146.9,50.3,197.2,362.8,6.8,0.68,42.9,2737.7,0.16,363.2,124.5,487.7,32.09,0.0,0.0,32.09,33.26,0.0,0.0,33.26,0.0,0.0,0.0,899.5,2.1,897.4,0.0,0.0,0.0,0.0,0.0,0.0,0.0,0.0,0.0,0.0,0.0,0.0,0.0,2.1,0.0
2050-11-30 09:00:00,2050-11-30 07:00:00,1478.9,1947.6,0.0,10.0,3436.6,1433.5,-36.6,445.3,481.9,0.0307,0.0387,battery,gas-cc,0.0,0.0,0.0,0.0,0.0,0.0,0.0,0.0,0.0,0.0,0.0,0.0,0.0,0.0,0.0,0.0,0.0,0.0,139.8,2.6,0.26,16.5,1053.8,0.06,139.9,47.9,187.9,316.8,6.0,0.6,37.4,2390.9,0.14,317.2,108.7,425.9,26.7,0.0,0.0,26.7,27.77,0.0,0.0,27.77,0.0,0.0,0.0,3473.2,3473.2,0.0,0.0,0.0,0.0,0.0,146.5,0.0,0.0,0.0,0.0,0.0,0.0,0.0,3324.8,1.8,0.0
2050-11-30 10:00:00,2050-11-30 08:00:00,1590.5,3284.6,0.0,28.9,4904.0,1540.6,-2816.0,0.0,2816.0,0.0314,0.0416,battery,upv,0.0,0.0,0.0,0.0,0.0,0.0,0.0,0.0,0.0,0.0,0.0,0.0,0.0,0.0,0.0,0.0,0.0,0.0,139.9,2.6,0.26,16.5,1054.5,0.06,140.0,48.0,188.0,0.0,0.0,0.0,0.0,0.0,0.0,0.0,0.0,0.0,0.0,0.0,0.0,0.0,0.0,0.0,0.0,0.0,0.0,0.0,0.0,7720.0,7720.0,0.0,0.0,0.0,0.0,0.0,325.7,0.0,0.0,0.0,0.0,0.0,0.0,0.0,7392.8,1.5,0.0
2050-11-30 11:00:00,2050-11-30 09:00:00,1597.9,3693.2,0.0,27.3,5318.4,1547.6,-2716.7,0.0,2716.7,0.0314,0.0418,upv,upv,0.0,0.0,0.0,0.0,0.0,0.0,0.0,0.0,0.0,0.0,0.0,0.0,0.0,0.0,0.0,0.0,0.0,0.0,153.7,2.9,0.29,18.2,1159.3,0.07,153.9,52.7,206.6,0.0,0.0,0.0,0.0,0.0,0.0,0.0,0.0,0.0,0.0,0.0,0.0,0.0,0.0,0.0,0.0,0.0,0.0,144.2,144.2,8035.1,8035.1,0.0,0.0,0.0,0.0,0.0,345.2,0.0,0.0,0.0,0.0,0.0,0.0,0.0,7688.1,1.8,0.0
2050-11-30 12:00:00,2050-11-30 10:00:00,1535.8,3366.5,0.0,28.9,4931.1,1488.1,-2816.0,0.0,2816.0,0.0311,0.0402,battery,upv,0.0,0.0,0.0,0.0,0.0,0.0,0.0,0.0,0.0,0.0,0.0,0.0,0.0,0.0,0.0,0.0,0.0,0.0,139.8,2.6,0.26,16.5,1054.1,0.06,140.0,47.9,187.9,0.0,0.0,0.0,0.0,0.0,0.0,0.0,0.0,0.0,0.0,0.0,0.0,0.0,0.0,0.0,0.0,0.0,0.0,0.0,0.0,7747.2,7747.2,0.0,0.0,0.0,0.0,0.0,327.0,0.0,0.0,0.0,0.0,0.0,0.0,0.0,7418.7,1.5,0.0
2050-11-30 13:00:00,2050-11-30 11:00:00,1492.6,3073.3,0.0,28.9,4594.8,1446.6,-2816.0,0.0,2816.0,0.0308,0.039,battery,upv,0.0,0.0,0.0,0.0,0.0,0.0,0.0,0.0,0.0,0.0,0.0,0.0,0.0,0.0,0.0,0.0,0.0,0.0,158.5,3.0,0.3,18.7,1194.9,0.07,158.6,54.3,213.0,0.0,0.0,0.0,0.0,0.0,0.0,0.0,0.0,0.0,0.0,0.0,0.0,0.0,0.0,0.0,0.0,0.0,0.0,0.0,0.0,7410.8,7410.8,0.0,0.0,0.0,0.0,0.0,312.7,0.0,0.0,0.0,0.0,0.0,0.0,0.0,7095.5,2.5,0.0
2050-11-30 14:00:00,2050-11-30 12:00:00,1494.7,3319.3,0.0,27.2,4841.2,1448.7,-2707.0,0.0,2707.0,0.0308,0.0391,battery,upv,0.0,0.0,0.0,0.0,0.0,0.0,0.0,0.0,0.0,0.0,0.0,0.0,0.0,0.0,0.0,0.0,0.0,0.0,139.8,2.6,0.26,16.5,1053.9,0.06,139.9,47.9,187.9,0.0,0.0,0.0,0.0,0.0,0.0,0.0,0.0,0.0,0.0,0.0,0.0,0.0,0.0,0.0,0.0,0.0,0.0,0.0,0.0,7548.2,7548.2,0.0,0.0,0.0,0.0,0.0,318.3,0.0,0.0,0.0,0.0,0.0,0.0,0.0,7224.8,5.1,0.0
2050-11-30 15:00:00,2050-11-30 13:00:00,1526.3,3989.4,0.0,20.9,5536.7,1479.0,-2303.8,0.0,2303.8,0.031,0.0399,upv,upv,0.0,0.0,0.0,0.0,0.0,0.0,0.0,0.0,0.0,0.0,0.0,0.0,0.0,0.0,0.0,0.0,0.0,0.0,141.4,2.7,0.27,16.7,1066.3,0.06,141.6,48.5,190.1,0.0,0.0,0.0,0.0,0.0,0.0,0.0,0.0,0.0,0.0,0.0,0.0,0.0,0.0,0.0,0.0,0.0,13.1,175.0,188.0,7840.5,7840.5,0.0,0.0,0.0,0.0,0.0,338.3,0.0,0.0,0.0,0.0,0.0,0.0,0.0,7502.2,0.0,0.0
2050-11-30 16:00:00,2050-11-30 14:00:00,1523.2,3967.0,0.0,27.1,5517.2,1476.0,-2699.5,0.0,2699.5,0.031,0.0398,battery,upv,0.0,0.0,0.0,0.0,0.0,0.0,0.0,0.0,0.0,0.0,0.0,0.0,0.0,0.0,0.0,0.0,0.0,0.0,139.8,2.6,0.26,16.5,1054.0,0.06,140.0,47.9,187.9,0.0,0.0,0.0,0.0,0.0,0.0,0.0,0.0,0.0,0.0,0.0,0.0,0.0,0.0,0.0,0.0,0.0,0.0,0.0,0.0,8216.8,8216.8,0.0,0.0,0.0,0.0,0.0,345.9,0.0,0.0,0.0,0.0,0.0,0.0,0.0,7851.6,19.2,0.0
2050-11-30 17:00:00,2050-11-30 15:00:00,1590.5,2431.9,0.0,19.0,4041.5,1540.6,-2180.4,0.0,2180.4,0.0314,0.0416,battery,gas-cc,0.0,0.0,0.0,0.0,0.0,0.0,0.0,0.0,0.0,0.0,0.0,0.0,0.0,0.0,0.0,0.0,0.0,0.0,185.3,3.5,0.35,21.9,1397.3,0.08,185.5,63.6,249.0,401.5,7.6,0.76,47.4,3029.7,0.17,401.9,137.8,539.7,19.54,0.0,0.0,19.54,20.39,0.0,0.0,20.39,0.0,0.0,0.0,6221.8,6221.8,0.0,0.0,0.0,0.0,0.0,261.5,0.0,0.0,0.0,0.0,0.0,0.0,0.0,5935.6,24.8,0.0
2050-11-30 18:00:00,2050-11-30 16:00:00,1675.8,0.0,0.0,2.9,1678.7,1622.2,717.2,0.0,451.8,0.032,0.0438,battery,gas-cc,0.0,0.0,0.0,0.0,0.0,0.0,0.0,0.0,0.0,0.0,0.0,0.0,0.0,0.0,0.0,0.0,0.0,0.0,170.4,3.2,0.32,20.1,1285.1,0.07,170.6,58.4,229.0,363.6,6.9,0.69,43.0,2743.7,0.16,364.0,124.8,488.7,31.44,0.0,0.0,31.44,32.88,0.0,0.0,32.88,0.0,0.0,0.0,2130.5,961.5,1168.9,0.0,0.0,0.0,0.0,38.7,0.0,0.0,0.0,0.0,0.0,0.0,0.0,877.2,45.6,0.0
2050-11-30 19:00:00,2050-11-30 17:00:00,1816.8,0.0,0.0,3.2,1820.0,1756.8,1772.9,0.0,493.2,0.033,0.0475,gas-cc,gas-cc,0.0,0.0,0.0,0.0,0.0,0.0,0.0,0.0,0.0,0.0,0.0,0.0,0.0,0.0,0.0,0.0,0.0,0.0,165.2,3.1,0.31,19.5,1245.9,0.07,165.4,56.7,222.1,369.3,7.0,0.7,43.6,2787.1,0.16,369.7,126.7,496.5,31.44,0.0,0.0,31.44,33.01,0.0,0.0,33.01,0.0,0.0,0.0,2313.3,47.1,2266.2,0.0,0.0,0.0,0.0,0.0,0.0,0.0,0.0,0.0,0.0,0.0,0.0,0.0,47.1,0.0
2050-11-30 20:00:00,2050-11-30 18:00:00,1951.6,0.0,0.0,9.8,1961.4,1884.9,1924.0,0.0,1511.1,0.0342,0.051,battery,gas-cc,0.0,0.0,0.0,0.0,0.0,0.0,0.0,0.0,0.0,0.0,0.0,0.0,0.0,0.0,0.0,0.0,0.0,0.0,166.5,3.1,0.31,19.7,1255.4,0.07,166.7,57.1,223.8,370.7,7.0,0.7,43.8,2797.4,0.16,371.1,127.2,498.3,31.44,0.0,0.0,31.44,33.13,0.0,0.0,33.13,0.0,0.0,0.0,3472.5,37.4,3435.1,0.0,0.0,0.0,0.0,0.0,0.0,0.0,0.0,0.0,0.0,0.0,0.0,0.0,37.4,0.0
2050-11-30 21:00:00,2050-11-30 19:00:00,1917.9,0.0,0.0,5.5,1923.4,1852.9,1904.1,0.0,852.5,0.0339,0.0502,battery,gas-cc,0.0,0.0,0.0,0.0,0.0,0.0,0.0,0.0,0.0,0.0,0.0,0.0,0.0,0.0,0.0,0.0,0.0,0.0,203.9,3.8,0.38,24.1,1538.0,0.09,204.1,69.9,274.0,366.0,6.9,0.69,43.2,2762.0,0.16,366.4,125.6,492.0,31.44,0.0,0.0,31.44,33.1,0.0,0.0,33.1,0.0,0.0,0.0,2775.9,19.3,2756.6,0.0,0.0,0.0,0.0,0.0,0.0,0.0,0.0,0.0,0.0,0.0,0.0,0.0,19.3,0.0
2050-11-30 22:00:00,2050-11-30 20:00:00,1809.5,0.0,0.0,4.9,1814.4,1749.8,1801.5,0.0,760.3,0.033,0.0473,battery,gas-cc,0.0,0.0,0.0,0.0,0.0,0.0,0.0,0.0,0.0,0.0,0.0,0.0,0.0,0.0,0.0,0.0,0.0,0.0,198.0,3.7,0.37,23.4,1493.3,0.09,198.2,67.9,266.1,364.9,6.9,0.69,43.1,2753.8,0.16,365.3,125.2,490.5,31.44,0.0,0.0,31.44,33.0,0.0,0.0,33.0,0.0,0.0,0.0,2574.7,12.9,2561.8,0.0,0.0,0.0,0.0,0.0,0.0,0.0,0.0,0.0,0.0,0.0,0.0,0.0,12.9,0.0
2050-11-30 23:00:00,2050-11-30 21:00:00,1716.8,0.0,0.0,7.2,1724.1,1661.4,1713.2,0.0,1111.4,0.0323,0.0449,gas-cc,gas-cc,0.0,0.0,0.0,0.0,0.0,0.0,0.0,0.0,0.0,0.0,0.0,0.0,0.0,0.0,0.0,0.0,0.0,0.0,208.2,3.9,0.39,24.6,1571.0,0.09,208.5,71.4,279.9,368.3,6.9,0.69,43.5,2779.4,0.16,368.7,126.4,495.1,31.44,0.0,0.0,31.44,32.92,0.0,0.0,32.92,0.0,0.0,0.0,2835.5,10.9,2824.6,0.0,0.0,0.0,0.0,0.0,0.0,0.0,0.0,0.0,0.0,0.0,0.0,0.0,10.9,0.0
2050-12-01 00:00:00,2050-11-30 22:00:00,1582.1,0.0,0.0,0.0,1582.1,1532.5,1572.1,0.0,0.0,0.0313,0.0414,battery,gas-cc,0.0,0.0,0.0,0.0,0.0,0.0,0.0,0.0,0.0,0.0,0.0,0.0,0.0,0.0,0.0,0.0,0.0,0.0,163.2,3.1,0.31,19.3,1230.6,0.07,163.4,56.0,219.4,365.2,6.9,0.69,43.1,2755.9,0.16,365.6,125.3,490.9,31.98,0.0,0.0,31.98,33.36,0.0,0.0,33.36,0.0,0.0,0.0,1582.1,10.0,1572.1,0.0,0.0,0.0,0.0,0.0,0.0,0.0,0.0,0.0,0.0,0.0,0.0,0.0,10.0,0.0
2050-12-01 01:00:00,2050-11-30 23:00:00,1430.5,0.0,0.0,0.0,1430.5,1386.9,1420.9,0.0,0.0,0.0305,0.0374,battery,gas-cc,0.0,0.0,0.0,0.0,0.0,0.0,0.0,0.0,0.0,0.0,0.0,0.0,0.0,0.0,0.0,0.0,0.0,0.0,162.4,3.1,0.31,19.2,1224.6,0.07,162.6,55.7,218.3,363.7,6.9,0.69,43.0,2744.6,0.16,364.1,124.8,488.9,31.98,0.0,0.0,31.98,33.22,0.0,0.0,33.22,0.0,0.0,0.0,1430.5,9.7,1420.9,0.0,0.0,0.0,0.0,0.0,0.0,0.0,0.0,0.0,0.0,0.0,0.0,0.0,9.7,0.0
2050-12-01 02:00:00,2050-12-01 00:00:00,1286.3,0.0,0.0,0.0,1286.3,1247.8,1277.9,0.0,0.0,0.0299,0.0336,battery,gas-cc,0.0,0.0,0.0,0.0,0.0,0.0,0.0,0.0,0.0,0.0,0.0,0.0,0.0,0.0,0.0,0.0,0.0,0.0,158.3,3.0,0.3,18.7,1193.4,0.07,158.5,54.3,212.8,362.3,6.8,0.68,42.8,2733.9,0.16,362.7,124.3,487.0,31.98,0.0,0.0,31.98,33.1,0.0,0.0,33.1,0.0,0.0,0.0,1286.3,8.4,1277.9,0.0,0.0,0.0,0.0,0.0,0.0,0.0,0.0,0.0,0.0,0.0,0.0,0.0,8.4,0.0
2050-12-01 03:00:00,2050-12-01 01:00:00,1198.9,0.0,0.0,1.8,1200.7,1163.3,1192.5,115.5,0.0,0.0297,0.0314,hydro,gas-cc,0.0,0.0,0.0,0.0,0.0,0.0,0.0,0.0,0.0,0.0,0.0,0.0,0.0,0.0,0.0,0.0,0.0,0.0,163.0,3.1,0.31,19.3,1228.5,0.07,163.1,55.9,219.0,358.9,6.8,0.68,42.4,2708.4,0.16,359.3,123.2,482.4,31.98,0.0,0.0,31.98,33.02,0.0,0.0,33.02,0.0,0.0,0.0,1085.3,8.2,1077.0,0.0,0.0,0.0,0.0,0.0,0.0,0.0,0.0,0.0,0.0,0.0,0.0,0.0,8.2,0.0
2050-12-01 04:00:00,2050-12-01 02:00:00,1147.4,0.0,0.0,6.9,1154.3,1113.3,1145.2,445.3,0.0,0.0297,0.03,battery,gas-cc,0.0,0.0,0.0,0.0,0.0,0.0,0.0,0.0,0.0,0.0,0.0,0.0,0.0,0.0,0.0,0.0,0.0,0.0,147.2,2.8,0.28,17.4,1109.4,0.06,147.3,50.5,197.8,360.9,6.8,0.68,42.6,2723.6,0.16,361.3,123.8,485.2,31.98,0.0,0.0,31.98,32.97,0.0,0.0,32.97,0.0,0.0,0.0,709.0,9.0,699.9,0.0,0.0,0.0,0.0,0.0,0.0,0.0,0.0,0.0,0.0,0.0,0.0,0.0,9.0,0.0
2050-12-01 05:00:00,2050-12-01 03:00:00,1110.5,0.0,0.0,7.7,1118.3,1077.5,1108.3,572.1,0.0,0.0297,0.029,battery,gas-cc,0.0,0.0,0.0,0.0,0.0,0.0,0.0,0.0,0.0,0.0,0.0,0.0,0.4,0.9,0.01,0.0,0.4,0.4,150.0,2.8,0.28,17.7,1130.7,0.07,150.1,51.4,201.6,360.6,6.8,0.68,42.6,2720.9,0.16,361.0,123.7,484.7,31.98,0.0,0.0,31.98,32.94,0.0,0.0,32.94,0.0,0.0,0.0,546.2,9.9,536.3,0.0,0.0,0.0,0.0,0.0,0.0,0.0,0.0,0.0,0.0,0.0,0.0,0.0,9.9,0.0
2050-12-01 06:00:00,2050-12-01 04:00:00,1115.8,0.0,0.0,7.0,1122.8,1082.7,1113.0,467.5,0.0,0.0297,0.0292,battery,gas-cc,0.0,0.0,0.0,0.0,0.0,0.0,0.0,0.0,0.0,0.0,0.0,0.0,0.1,0.2,0.0,0.0,0.1,0.1,162.0,3.1,0.31,19.1,1221.6,0.07,162.2,55.6,217.8,360.6,6.8,0.68,42.6,2721.3,0.16,361.0,123.7,484.7,31.98,0.0,0.0,31.98,32.94,0.0,0.0,32.94,0.0,0.0,0.0,655.4,9.9,645.5,0.0,0.0,0.0,0.0,0.0,0.0,0.0,0.0,0.0,0.0,0.0,0.0,0.0,9.9,0.0
2050-12-01 07:00:00,2050-12-01 05:00:00,1183.2,0.0,0.0,0.5,1183.7,1148.0,1173.9,33.7,0.0,0.0297,0.0309,battery,gas-cc,0.0,0.0,0.0,0.0,0.0,0.0,0.0,0.0,0.0,0.0,0.0,0.0,0.0,0.0,0.0,0.0,0.0,0.0,147.7,2.8,0.28,17.4,1113.1,0.06,147.8,50.6,198.4,361.3,6.8,0.68,42.7,2726.3,0.16,361.7,124.0,485.6,31.98,0.0,0.0,31.98,33.0,0.0,0.0,33.0,0.0,0.0,0.0,1150.0,9.8,1140.2,0.0,0.0,0.0,0.0,0.0,0.0,0.0,0.0,0.0,0.0,0.0,0.0,0.0,9.8,0.0
2050-12-01 08:00:00,2050-12-01 06:00:00,1337.9,0.0,0.0,0.0,1337.9,1297.6,1328.7,0.0,0.0,0.0301,0.035,battery,gas-cc,0.0,0.0,0.0,0.0,0.0,0.0,0.0,0.0,0.0,0.0,0.0,0.0,0.0,0.0,0.0,0.0,0.0,0.0,147.7,2.8,0.28,17.5,1113.5,0.06,147.9,50.7,198.5,362.8,6.8,0.68,42.9,2737.7,0.16,363.2,124.5,487.7,31.98,0.0,0.0,31.98,33.14,0.0,0.0,33.14,0.0,0.0,0.0,1337.9,9.2,1328.7,0.0,0.0,0.0,0.0,0.0,0.0,0.0,0.0,0.0,0.0,0.0,0.0,0.0,9.2,0.0
2050-12-01 09:00:00,2050-12-01 07:00:00,1469.5,343.3,0.0,11.0,1823.7,1424.4,-1618.2,21.8,1640.0,0.0307,0.0384,battery,gas-cc,0.0,0.0,0.0,0.0,0.0,0.0,0.0,0.0,0.0,0.0,0.0,0.0,0.0,0.0,0.0,0.0,0.0,0.0,139.8,2.6,0.26,16.5,1053.8,0.06,139.9,47.9,187.9,316.7,6.0,0.6,37.4,2390.2,0.14,317.1,108.7,425.8,26.6,0.0,0.0,26.6,27.67,0.0,0.0,27.67,0.0,0.0,0.0,3441.9,3441.9,0.0,0.0,0.0,0.0,0.0,144.9,0.0,0.0,0.0,0.0,0.0,0.0,0.0,3289.3,7.8,0.0
2050-12-01 10:00:00,2050-12-01 08:00:00,1582.1,3642.3,0.0,28.9,5253.3,1532.5,-2816.0,0.0,2816.0,0.0313,0.0414,battery,gas-cc,0.0,0.0,0.0,0.0,0.0,0.0,0.0,0.0,0.0,0.0,0.0,0.0,0.0,0.0,0.0,0.0,0.0,0.0,146.0,2.8,0.28,17.3,1101.1,0.06,146.2,50.1,196.3,317.7,6.0,0.6,37.5,2397.6,0.14,318.1,109.0,427.1,15.35,0.0,0.0,15.35,16.01,0.0,0.0,16.01,0.0,0.0,0.0,8069.3,8069.3,0.0,0.0,0.0,0.0,0.0,340.3,0.0,0.0,0.0,0.0,0.0,0.0,0.0,7722.4,6.6,0.0
2050-12-01 11:00:00,2050-12-01 09:00:00,1590.5,3867.2,0.0,28.9,5486.6,1540.6,-2816.0,0.0,2816.0,0.0314,0.0416,battery,gas-cc,0.0,0.0,0.0,0.0,0.0,0.0,0.0,0.0,0.0,0.0,0.0,0.0,0.0,0.0,0.0,0.0,0.0,0.0,141.4,2.7,0.27,16.7,1065.7,0.06,141.5,48.5,190.0,317.8,6.0,0.6,37.5,2398.1,0.14,318.1,109.0,427.2,15.35,0.0,0.0,15.35,16.02,0.0,0.0,16.02,0.0,0.0,0.0,8302.6,8302.6,0.0,0.0,0.0,0.0,0.0,350.2,0.0,0.0,0.0,0.0,0.0,0.0,0.0,7948.6,3.8,0.0
2050-12-01 12:00:00,2050-12-01 10:00:00,1533.7,3375.5,0.0,28.9,4938.1,1486.1,-2816.0,0.0,2816.0,0.031,0.0401,battery,gas-cc,0.0,0.0,0.0,0.0,0.0,0.0,0.0,0.0,0.0,0.0,0.0,0.0,0.0,0.0,0.0,0.0,0.0,0.0,140.1,2.6,0.27,16.6,1056.4,0.06,140.3,48.1,188.3,317.3,6.0,0.6,37.5,2394.4,0.14,317.6,108.9,426.5,15.35,0.0,0.0,15.35,15.99,0.0,0.0,15.99,0.0,0.0,0.0,7754.1,7754.1,0.0,0.0,0.0,0.0,0.0,327.1,0.0,0.0,0.0,0.0,0.0,0.0,0.0,7425.1,1.8,0.0
2050-12-01 13:00:00,2050-12-01 11:00:00,1494.7,3075.7,0.0,28.9,4599.3,1448.7,-2816.0,0.0,2816.0,0.0308,0.0391,battery,gas-cc,0.0,0.0,0.0,0.0,0.0,0.0,0.0,0.0,0.0,0.0,0.0,0.0,0.0,0.0,0.0,0.0,0.0,0.0,139.8,2.6,0.26,16.5,1053.9,0.06,139.9,47.9,187.9,317.0,6.0,0.6,37.4,2391.9,0.14,317.3,108.8,426.1,15.35,0.0,0.0,15.35,15.97,0.0,0.0,15.97,0.0,0.0,0.0,7415.3,7415.3,0.0,0.0,0.0,0.0,0.0,312.9,0.0,0.0,0.0,0.0,0.0,0.0,0.0,7102.0,0.4,0.0
2050-12-01 14:00:00,2050-12-01 12:00:00,1497.9,3193.8,0.0,28.9,4720.6,1451.7,-2816.0,0.0,2816.0,0.0308,0.0392,battery,gas-cc,0.0,0.0,0.0,0.0,0.0,0.0,0.0,0.0,0.0,0.0,0.0,0.0,0.0,0.0,0.0,0.0,0.0,0.0,139.8,2.6,0.26,16.5,1053.9,0.06,139.9,47.9,187.9,317.0,6.0,0.6,37.4,2392.1,0.14,317.3,108.8,426.1,15.35,0.0,0.0,15.35,15.98,0.0,0.0,15.98,0.0,0.0,0.0,7536.6,7536.6,0.0,0.0,0.0,0.0,0.0,318.1,0.0,0.0,0.0,0.0,0.0,0.0,0.0,7218.3,0.2,0.0
2050-12-01 15:00:00,2050-12-01 13:00:00,1523.2,3691.7,0.0,27.8,5242.7,1476.0,-2746.1,0.0,2746.1,0.031,0.0398,hydro,gas-cc,0.0,0.0,0.0,0.0,0.0,0.0,0.0,0.0,0.0,0.0,0.0,0.0,0.0,0.0,0.0,0.0,0.0,0.0,138.7,2.6,0.26,16.4,1045.8,0.06,138.9,47.6,186.4,411.6,7.8,0.78,48.6,3106.2,0.18,412.1,141.2,553.3,15.35,0.0,0.0,15.35,15.99,0.0,0.0,15.99,0.0,0.0,0.0,7988.8,7988.8,0.0,0.0,0.0,0.0,0.0,337.1,0.0,0.0,0.0,0.0,0.0,0.0,0.0,7651.3,0.4,0.0
2050-12-01 16:00:00,2050-12-01 14:00:00,1521.1,3847.0,0.0,28.9,5397.0,1473.9,-2816.0,0.0,2816.0,0.031,0.0398,battery,gas-cc,0.0,0.0,0.0,0.0,0.0,0.0,0.0,0.0,0.0,0.0,0.0,0.0,0.0,0.0,0.0,0.0,0.0,0.0,144.5,2.7,0.27,17.1,1089.3,0.06,144.6,49.5,194.2,317.2,6.0,0.6,37.5,2393.6,0.14,317.5,108.8,426.4,15.35,0.0,0.0,15.35,15.99,0.0,0.0,15.99,0.0,0.0,0.0,8213.0,8213.0,0.0,0.0,0.0,0.0,0.0,346.5,0.0,0.0,0.0,0.0,0.0,0.0,0.0,7864.5,2.0,0.0
2050-12-01 17:00:00,2050-12-01 15:00:00,1590.5,2431.9,0.0,18.9,4041.4,1540.6,-2174.2,0.0,2174.2,0.0314,0.0416,gas-cc,gas-cc,0.0,0.0,0.0,0.0,0.0,0.0,0.0,0.0,0.0,0.0,0.0,0.0,0.0,0.0,0.0,0.0,0.0,0.0,141.6,2.7,0.27,16.7,1067.8,0.06,141.8,48.6,190.4,367.1,6.9,0.69,43.4,2769.9,0.16,367.5,125.9,493.4,25.17,0.0,0.0,25.17,26.26,0.0,0.0,26.26,0.0,0.0,0.0,6215.5,6215.5,0.0,0.0,0.0,0.0,0.0,262.2,0.0,0.0,0.0,0.0,0.0,0.0,0.0,5948.5,4.9,0.0
2050-12-01 18:00:00,2050-12-01 16:00:00,1677.9,0.0,0.0,15.4,1693.3,1624.2,785.2,445.3,1312.7,0.032,0.0439,battery,gas-cc,0.0,0.0,0.0,0.0,0.0,0.0,0.0,0.0,0.0,0.0,0.0,0.0,0.0,0.0,0.0,0.0,0.0,0.0,175.0,3.3,0.33,20.7,1319.7,0.08,175.2,60.0,235.2,358.7,6.8,0.68,42.4,2707.1,0.16,359.1,123.1,482.2,31.33,0.0,0.0,31.33,32.77,0.0,0.0,32.77,0.0,0.0,0.0,2560.7,908.1,1652.6,0.0,0.0,0.0,0.0,37.7,0.0,0.0,0.0,0.0,0.0,0.0,0.0,856.2,14.1,0.0
2050-12-01 19:00:00,2050-12-01 17:00:00,1804.2,0.0,0.0,15.3,1819.5,1744.8,1803.5,445.3,1297.7,0.0329,0.0472,battery,gas-cc,0.0,0.0,0.0,0.0,0.0,0.0,0.0,0.0,0.0,0.0,0.0,0.0,0.0,0.0,0.0,0.0,0.0,0.0,152.5,2.9,0.29,18.0,1149.3,0.07,152.6,52.3,204.9,360.0,6.8,0.68,42.5,2716.4,0.16,360.4,123.5,483.9,31.33,0.0,0.0,31.33,32.88,0.0,0.0,32.88,0.0,0.0,0.0,2671.9,16.1,2655.8,0.0,0.0,0.0,0.0,0.0,0.0,0.0,0.0,0.0,0.0,0.0,0.0,0.0,16.1,0.0
2050-12-01 20:00:00,2050-12-01 18:00:00,1907.4,0.0,0.0,17.6,1924.9,1842.9,1904.5,445.3,1640.0,0.0338,0.0499,battery,gas-cc,0.0,0.0,0.0,0.0,0.0,0.0,0.0,0.0,0.0,0.0,0.0,0.0,0.0,0.0,0.0,0.0,0.0,0.0,188.9,3.6,0.36,22.3,1425.0,0.08,189.1,64.8,253.9,361.0,6.8,0.68,42.6,2724.2,0.16,361.4,123.9,485.3,31.33,0.0,0.0,31.33,32.98,0.0,0.0,32.98,0.0,0.0,0.0,3119.6,20.4,3099.2,0.0,0.0,0.0,0.0,0.0,0.0,0.0,0.0,0.0,0.0,0.0,0.0,0.0,20.4,0.0
2050-12-01 21:00:00,2050-12-01 19:00:00,1878.9,0.0,0.0,17.6,1896.5,1815.9,1874.2,445.3,1640.0,0.0335,0.0491,battery,gas-cc,0.0,0.0,0.0,0.0,0.0,0.0,0.0,0.0,0.0,0.0,0.0,0.0,0.0,0.0,0.0,0.0,0.0,0.0,159.6,3.0,0.3,18.9,1203.0,0.07,159.7,54.7,214.5,360.7,6.8,0.68,42.6,2722.0,0.16,361.1,123.8,484.9,31.33,0.0,0.0,31.33,32.95,0.0,0.0,32.95,0.0,0.0,0.0,3091.2,22.3,3068.9,0.0,0.0,0.0,0.0,0.0,0.0,0.0,0.0,0.0,0.0,0.0,0.0,0.0,22.3,0.0
2050-12-01 22:00:00,2050-12-01 20:00:00,1783.2,0.0,0.0,16.5,1799.7,1724.7,1783.7,445.3,1483.2,0.0328,0.0466,battery,gas-cc,0.0,0.0,0.0,0.0,0.0,0.0,0.0,0.0,0.0,0.0,0.0,0.0,0.0,0.0,0.0,0.0,0.0,0.0,159.9,3.0,0.3,18.9,1205.2,0.07,160.0,54.8,214.8,359.8,6.8,0.68,42.5,2714.9,0.16,360.2,123.4,483.6,31.33,0.0,0.0,31.33,32.87,0.0,0.0,32.87,0.0,0.0,0.0,2837.6,16.0,2821.5,0.0,0.0,0.0,0.0,0.0,0.0,0.0,0.0,0.0,0.0,0.0,0.0,0.0,16.0,0.0
2050-12-01 23:00:00,2050-12-01 21:00:00,1688.4,0.0,0.0,7.7,1696.1,1634.3,1684.6,445.3,124.5,0.0321,0.0442,battery,gas-cc,0.0,0.0,0.0,0.0,0.0,0.0,0.0,0.0,0.0,0.0,0.0,0.0,0.0,0.0,0.0,0.0,0.0,0.0,174.1,3.3,0.33,20.6,1312.7,0.08,174.3,59.7,234.0,358.8,6.8,0.68,42.4,2707.8,0.16,359.2,123.1,482.3,31.33,0.0,0.0,31.33,32.78,0.0,0.0,32.78,0.0,0.0,0.0,1375.3,11.6,1363.8,0.0,0.0,0.0,0.0,0.0,0.0,0.0,0.0,0.0,0.0,0.0,0.0,0.0,11.6,0.0
2050-12-02 00:00:00,2050-12-01 22:00:00,1582.1,0.0,0.0,17.6,1599.7,1532.5,1589.5,445.3,1640.0,0.0313,0.0414,battery,gas-cc,0.0,0.0,0.0,0.0,0.0,0.0,0.0,0.0,0.0,0.0,0.0,0.0,0.0,0.0,0.0,0.0,0.0,0.0,170.4,3.2,0.32,20.1,1284.6,0.07,170.6,58.4,229.0,357.8,6.7,0.67,42.3,2700.0,0.16,358.2,122.8,480.9,29.83,0.0,0.0,29.83,31.12,0.0,0.0,31.12,0.0,0.0,0.0,2794.3,10.2,2784.2,0.0,0.0,0.0,0.0,0.0,0.0,0.0,0.0,0.0,0.0,0.0,0.0,0.0,10.2,0.0
2050-12-02 01:00:00,2050-12-01 23:00:00,1437.9,0.0,0.0,17.6,1455.5,1394.0,1447.5,445.3,1640.0,0.0305,0.0376,battery,gas-cc,0.0,0.0,0.0,0.0,0.0,0.0,0.0,0.0,0.0,0.0,0.0,0.0,0.0,0.0,0.0,0.0,0.0,0.0,162.0,3.1,0.31,19.1,1221.0,0.07,162.1,55.5,217.7,356.4,6.7,0.67,42.1,2689.4,0.15,356.8,122.3,479.1,29.83,0.0,0.0,29.83,31.0,0.0,0.0,31.0,0.0,0.0,0.0,2650.1,8.0,2642.2,0.0,0.0,0.0,0.0,0.0,0.0,0.0,0.0,0.0,0.0,0.0,0.0,0.0,8.0,0.0
2050-12-02 02:00:00,2050-12-02 00:00:00,1322.1,0.0,0.0,14.3,1336.4,1282.4,1327.3,445.3,1135.4,0.03,0.0346,hydro,gas-cc,0.0,0.0,0.0,0.0,0.0,0.0,0.0,0.0,0.0,0.0,0.0,0.0,0.0,0.0,0.0,0.0,0.0,0.0,182.0,3.4,0.34,21.5,1372.6,0.08,182.2,62.4,244.6,430.2,8.1,0.81,50.8,3246.0,0.19,430.6,147.6,578.2,29.83,0.0,0.0,29.83,30.9,0.0,0.0,30.9,0.0,0.0,0.0,2026.5,9.0,2017.5,0.0,0.0,0.0,0.0,0.0,0.0,0.0,0.0,0.0,0.0,0.0,0.0,0.0,9.0,0.0
2050-12-02 03:00:00,2050-12-02 01:00:00,1203.2,0.0,0.0,7.7,1210.9,1167.4,1205.2,574.4,0.0,0.0297,0.0315,battery,gas-cc,0.0,0.0,0.0,0.0,0.0,0.0,0.0,0.0,0.0,0.0,0.0,0.0,0.4,0.8,0.01,0.0,0.4,0.4,153.8,2.9,0.29,18.2,1159.5,0.07,154.0,52.7,206.7,354.1,6.7,0.67,41.8,2672.4,0.15,354.5,121.5,476.0,29.83,0.0,0.0,29.83,30.8,0.0,0.0,30.8,0.0,0.0,0.0,636.5,5.7,630.8,0.0,0.0,0.0,0.0,0.0,0.0,0.0,0.0,0.0,0.0,0.0,0.0,0.0,5.7,0.0
2050-12-02 04:00:00,2050-12-02 02:00:00,1144.2,0.0,0.0,10.5,1154.7,1110.2,1151.0,1004.4,0.0,0.0297,0.0299,battery,gas-cc,0.0,0.0,0.0,0.0,0.0,0.0,0.0,0.0,0.0,0.0,0.0,0.0,1.6,3.8,0.04,0.0,1.7,1.7,152.9,2.9,0.29,18.1,1152.7,0.07,153.1,52.4,205.5,353.6,6.7,0.67,41.8,2668.1,0.15,354.0,121.3,475.3,29.83,0.0,0.0,29.83,30.75,0.0,0.0,30.75,0.0,0.0,0.0,150.4,3.8,146.6,0.0,0.0,0.0,0.0,0.0,0.0,0.0,0.0,0.0,0.0,0.0,0.0,0.0,3.8,0.0
2050-12-02 05:00:00,2050-12-02 03:00:00,1097.9,0.0,0.0,11.2,1109.1,1065.3,1105.6,1105.6,0.0,0.0297,0.0287,battery,gas-cc,0.0,0.0,0.0,0.0,0.0,0.0,0.0,0.0,0.0,0.0,0.0,0.0,2.0,4.8,0.04,0.0,2.2,2.2,216.0,4.1,0.41,25.5,1629.3,0.09,216.2,74.1,290.3,326.0,6.1,0.61,38.5,2459.8,0.14,326.3,111.8,438.2,29.83,0.0,0.0,29.83,30.71,0.0,0.0,30.71,0.0,0.0,0.0,3.5,3.5,0.0,0.0,0.0,0.0,0.0,0.0,0.0,0.0,0.0,0.0,0.0,0.0,0.0,0.0,3.5,0.0
2050-12-02 06:00:00,2050-12-02 04:00:00,1077.9,0.0,0.0,11.1,1089.0,1045.8,1084.4,1084.4,0.0,0.0297,0.0282,battery,gas-cc,0.0,0.0,0.0,0.0,0.0,0.0,0.0,0.0,0.0,0.0,0.0,0.0,2.0,4.8,0.04,0.0,2.2,2.2,158.4,3.0,0.3,18.7,1193.9,0.07,158.5,54.3,212.9,325.8,6.1,0.61,38.5,2458.5,0.14,326.1,111.8,437.9,29.83,0.0,0.0,29.83,30.7,0.0,0.0,30.7,0.0,0.0,0.0,4.6,4.6,0.0,0.0,0.0,0.0,0.0,0.0,0.0,0.0,0.0,0.0,0.0,0.0,0.0,0.0,4.6,0.0
2050-12-02 07:00:00,2050-12-02 05:00:00,1077.9,0.0,0.0,11.0,1088.9,1045.8,1084.7,1070.1,0.0,0.0297,0.0282,battery,gas-cc,0.0,0.0,0.0,0.0,0.0,0.0,0.0,0.0,0.0,0.0,0.0,0.0,2.0,4.6,0.04,0.0,2.1,2.1,152.6,2.9,0.29,18.0,1150.5,0.07,152.8,52.3,205.1,325.8,6.1,0.61,38.5,2458.5,0.14,326.1,111.8,437.9,29.83,0.0,0.0,29.83,30.7,0.0,0.0,30.7,0.0,0.0,0.0,18.8,4.1,14.6,0.0,0.0,0.0,0.0,0.0,0.0,0.0,0.0,0.0,0.0,0.0,0.0,0.0,4.1,0.0
2050-12-02 08:00:00,2050-12-02 06:00:00,1136.8,0.0,0.0,8.5,1145.4,1103.1,1142.1,692.7,0.0,0.0297,0.0297,battery,gas-cc,0.0,0.0,0.0,0.0,0.0,0.0,0.0,0.0,0.0,0.0,0.0,0.0,0.7,1.7,0.02,0.0,0.8,0.8,200.5,3.8,0.38,23.7,1511.9,0.09,200.7,68.8,269.5,326.3,6.1,0.61,38.5,2462.4,0.14,326.7,112.0,438.6,29.83,0.0,0.0,29.83,30.74,0.0,0.0,30.74,0.0,0.0,0.0,452.6,3.3,449.4,0.0,0.0,0.0,0.0,0.0,0.0,0.0,0.0,0.0,0.0,0.0,0.0,0.0,3.3,0.0
2050-12-02 09:00:00,2050-12-02 07:00:00,1180.0,2431.9,0.0,8.6,3620.5,1144.9,179.7,445.3,265.6,0.0297,0.0309,battery,gas-cc,0.0,0.0,0.0,0.0,0.0,0.0,0.0,0.0,0.0,0.0,0.0,0.0,0.0,0.0,0.0,0.0,0.0,0.0,139.6,2.6,0.26,16.5,1052.7,0.06,139.8,47.9,187.7,378.8,7.1,0.71,44.7,2858.2,0.16,379.2,130.0,509.1,24.64,0.0,0.0,24.64,25.43,0.0,0.0,25.43,0.0,0.0,0.0,3440.9,3440.9,0.0,0.0,0.0,0.0,0.0,145.1,0.0,0.0,0.0,0.0,0.0,0.0,0.0,3292.5,3.3,0.0
2050-12-02 10:00:00,2050-12-02 08:00:00,1273.7,2431.9,0.0,10.7,3716.2,1235.6,-1640.0,0.0,1640.0,0.0299,0.0333,upv,upv,0.0,0.0,0.0,0.0,0.0,0.0,0.0,0.0,0.0,0.0,0.0,0.0,0.0,0.0,0.0,0.0,0.0,0.0,139.7,2.6,0.26,16.5,1052.9,0.06,139.8,47.9,187.7,0.0,0.0,0.0,0.0,0.0,0.0,0.0,0.0,0.0,0.0,0.0,0.0,0.0,0.0,0.0,0.0,0.0,3.4,2612.0,2615.5,5356.2,5356.2,0.0,0.0,0.0,0.0,0.0,0.0,0.0,0.0,0.0,0.0,0.0,0.0,0.0,5356.2,0.0,0.0
2050-12-02 11:00:00,2050-12-02 09:00:00,1337.9,2755.7,0.0,10.7,4104.2,1297.6,-1640.0,0.0,1640.0,0.0301,0.035,upv,upv,0.0,0.0,0.0,0.0,0.0,0.0,0.0,0.0,0.0,0.0,0.0,0.0,0.0,0.0,0.0,0.0,0.0,0.0,139.7,2.6,0.26,16.5,1053.1,0.06,139.8,47.9,187.7,0.0,0.0,0.0,0.0,0.0,0.0,0.0,0.0,0.0,0.0,0.0,0.0,0.0,0.0,0.0,0.0,0.0,2.0,2574.9,2576.9,5744.2,5744.2,0.0,0.0,0.0,0.0,0.0,0.0,0.0,0.0,0.0,0.0,0.0,0.0,0.0,5744.2,0.0,0.0
2050-12-02 12:00:00,2050-12-02 10:00:00,1373.7,3854.9,0.0,10.7,5239.2,1332.2,-1640.0,0.0,1640.0,0.0302,0.0359,upv,upv,0.0,0.0,0.0,0.0,0.0,0.0,0.0,0.0,0.0,0.0,0.0,0.0,0.0,0.0,0.0,0.0,0.0,0.0,139.7,2.6,0.26,16.5,1053.2,0.06,139.9,47.9,187.8,0.0,0.0,0.0,0.0,0.0,0.0,0.0,0.0,0.0,0.0,0.0,0.0,0.0,0.0,0.0,0.0,0.0,0.8,920.3,921.1,6879.2,6879.2,0.0,0.0,0.0,0.0,0.0,329.1,0.0,0.0,0.0,0.0,0.0,0.0,0.0,6550.0,0.0,0.0
2050-12-02 13:00:00,2050-12-02 11:00:00,1396.8,3629.9,0.0,11.9,5038.7,1354.5,-1721.9,0.0,1721.9,0.0303,0.0365,upv,upv,0.0,0.0,0.0,0.0,0.0,0.0,0.0,0.0,0.0,0.0,0.0,0.0,0.0,0.0,0.0,0.0,0.0,0.0,139.7,2.6,0.26,16.5,1053.3,0.06,139.9,47.9,187.8,0.0,0.0,0.0,0.0,0.0,0.0,0.0,0.0,0.0,0.0,0.0,0.0,0.0,0.0,0.0,0.0,0.0,0.0,640.8,640.8,6760.6,6760.6,0.0,0.0,0.0,0.0,0.0,0.0,0.0,0.0,0.0,0.0,0.0,0.0,0.0,6760.6,0.0,0.0
2050-12-02 14:00:00,2050-12-02 12:00:00,1443.2,4019.6,0.0,10.7,5473.4,1399.1,-1640.0,0.0,1640.0,0.0306,0.0377,upv,upv,0.0,0.0,0.0,0.0,0.0,0.0,0.0,0.0,0.0,0.0,0.0,0.0,0.0,0.0,0.0,0.0,0.0,0.0,165.7,3.1,0.31,19.6,1249.6,0.07,165.9,56.8,222.7,0.0,0.0,0.0,0.0,0.0,0.0,0.0,0.0,0.0,0.0,0.0,0.0,0.0,0.0,0.0,0.0,0.0,0.0,402.8,402.8,7113.4,7113.4,0.0,0.0,0.0,0.0,0.0,317.2,0.0,0.0,0.0,0.0,0.0,0.0,0.0,6796.1,0.0,0.0
2050-12-02 15:00:00,2050-12-02 13:00:00,1492.6,4019.6,0.0,12.8,5525.0,1446.6,-1775.5,0.0,1775.5,0.0308,0.039,upv,upv,0.0,0.0,0.0,0.0,0.0,0.0,0.0,0.0,0.0,0.0,0.0,0.0,0.0,0.0,0.0,0.0,0.0,0.0,155.9,2.9,0.29,18.4,1175.6,0.07,156.1,53.5,209.5,0.0,0.0,0.0,0.0,0.0,0.0,0.0,0.0,0.0,0.0,0.0,0.0,0.0,0.0,0.0,0.0,0.0,0.3,667.8,668.0,7300.5,7300.5,0.0,0.0,0.0,0.0,0.0,336.3,0.0,0.0,0.0,0.0,0.0,0.0,0.0,6964.1,0.0,0.0
2050-12-02 16:00:00,2050-12-02 14:00:00,1523.2,3981.7,0.0,18.7,5523.6,1476.0,-2157.7,0.0,2157.7,0.031,0.0398,upv,upv,0.0,0.0,0.0,0.0,0.0,0.0,0.0,0.0,0.0,0.0,0.0,0.0,0.0,0.0,0.0,0.0,0.0,0.0,139.8,2.6,0.26,16.5,1054.0,0.06,140.0,47.9,187.9,0.0,0.0,0.0,0.0,0.0,0.0,0.0,0.0,0.0,0.0,0.0,0.0,0.0,0.0,0.0,0.0,0.0,1.0,523.1,524.1,7681.3,7681.3,0.0,0.0,0.0,0.0,0.0,346.3,0.0,0.0,0.0,0.0,0.0,0.0,0.0,7335.0,0.0,0.0
2050-12-02 17:00:00,2050-12-02 15:00:00,1567.4,2431.9,0.0,19.6,4018.9,1518.4,-2217.3,0.0,2217.3,0.0313,0.041,battery,wind-ons,0.0,0.0,0.0,0.0,0.0,0.0,0.0,0.0,0.0,0.0,0.0,0.0,0.0,0.0,0.0,0.0,0.0,0.0,139.9,2.6,0.26,16.5,1054.8,0.06,140.1,48.0,188.1,0.0,0.0,0.0,0.0,0.0,0.0,0.0,0.0,0.0,9.98,0.0,0.0,9.98,10.4,0.0,0.0,10.4,0.0,0.0,0.0,6236.2,6236.2,0.0,0.0,0.0,0.0,0.0,263.1,0.0,0.0,0.0,0.0,0.0,0.0,0.0,5971.1,2.0,0.0
2050-12-02 18:00:00,2050-12-02 16:00:00,1626.3,0.0,0.0,6.0,1632.3,1574.9,755.2,0.0,917.9,0.0316,0.0425,battery,gas-cc,0.0,0.0,0.0,0.0,0.0,0.0,0.0,0.0,0.0,0.0,0.0,0.0,0.0,0.0,0.0,0.0,0.0,0.0,157.0,3.0,0.3,18.5,1183.4,0.07,157.2,53.8,211.0,330.7,6.2,0.62,39.1,2495.3,0.14,331.0,113.5,444.5,29.83,0.0,0.0,29.83,31.16,0.0,0.0,31.16,0.0,0.0,0.0,2550.2,877.1,1673.1,0.0,0.0,0.0,0.0,36.8,0.0,0.0,0.0,0.0,0.0,0.0,0.0,836.1,4.2,0.0
2050-12-02 19:00:00,2050-12-02 17:00:00,1736.8,0.0,0.0,8.5,1745.3,1680.5,1742.6,0.0,1302.8,0.0324,0.0454,battery,gas-cc,0.0,0.0,0.0,0.0,0.0,0.0,0.0,0.0,0.0,0.0,0.0,0.0,0.0,0.0,0.0,0.0,0.0,0.0,211.8,4.0,0.4,25.0,1597.5,0.09,212.0,72.7,284.7,331.7,6.3,0.63,39.2,2502.9,0.14,332.0,113.8,445.8,29.83,0.0,0.0,29.83,31.25,0.0,0.0,31.25,0.0,0.0,0.0,3048.1,2.7,3045.5,0.0,0.0,0.0,0.0,0.0,0.0,0.0,0.0,0.0,0.0,0.0,0.0,0.0,2.7,0.0
2050-12-02 20:00:00,2050-12-02 18:00:00,1786.3,0.0,0.0,5.5,1791.8,1727.7,1788.1,0.0,841.7,0.0328,0.0467,battery,gas-cc,0.0,0.0,0.0,0.0,0.0,0.0,0.0,0.0,0.0,0.0,0.0,0.0,0.0,0.0,0.0,0.0,0.0,0.0,210.7,4.0,0.4,24.9,1589.5,0.09,210.9,72.3,283.2,332.1,6.3,0.63,39.2,2506.3,0.14,332.5,114.0,446.4,29.83,0.0,0.0,29.83,31.29,0.0,0.0,31.29,0.0,0.0,0.0,2633.5,3.7,2629.8,0.0,0.0,0.0,0.0,0.0,0.0,0.0,0.0,0.0,0.0,0.0,0.0,0.0,3.7,0.0
2050-12-02 21:00:00,2050-12-02 19:00:00,1745.3,0.0,0.0,8.2,1753.5,1688.6,1751.9,0.0,1264.5,0.0325,0.0456,battery,gas-cc,0.0,0.0,0.0,0.0,0.0,0.0,0.0,0.0,0.0,0.0,0.0,0.0,0.0,0.0,0.0,0.0,0.0,0.0,156.6,3.0,0.3,18.5,1180.3,0.07,156.8,53.7,210.4,331.8,6.3,0.63,39.2,2503.4,0.14,332.1,113.8,445.9,29.83,0.0,0.0,29.83,31.26,0.0,0.0,31.26,0.0,0.0,0.0,3017.9,1.6,3016.4,0.0,0.0,0.0,0.0,0.0,0.0,0.0,0.0,0.0,0.0,0.0,0.0,0.0,1.6,0.0
2050-12-02 22:00:00,2050-12-02 20:00:00,1672.6,0.0,0.0,3.2,1675.9,1619.2,1675.6,0.0,496.5,0.032,0.0437,hydro,gas-cc,0.0,0.0,0.0,0.0,0.0,0.0,0.0,0.0,0.0,0.0,0.0,0.0,0.0,0.0,0.0,0.0,0.0,0.0,179.0,3.4,0.34,21.1,1349.6,0.08,179.2,61.4,240.6,434.3,8.2,0.82,51.3,3277.1,0.19,434.7,149.0,583.8,29.83,0.0,0.0,29.83,31.19,0.0,0.0,31.19,0.0,0.0,0.0,2172.4,0.3,2172.1,0.0,0.0,0.0,0.0,0.0,0.0,0.0,0.0,0.0,0.0,0.0,0.0,0.0,0.3,0.0
2050-12-02 23:00:00,2050-12-02 21:00:00,1605.3,0.0,0.0,9.3,1614.6,1554.7,1614.5,0.0,1431.0,0.0315,0.042,battery,gas-cc,0.0,0.0,0.0,0.0,0.0,0.0,0.0,0.0,0.0,0.0,0.0,0.0,0.0,0.0,0.0,0.0,0.0,0.0,171.3,3.2,0.32,20.2,1291.6,0.07,171.5,58.7,230.2,330.5,6.2,0.62,39.0,2493.9,0.14,330.8,113.4,444.2,29.83,0.0,0.0,29.83,31.14,0.0,0.0,31.14,0.0,0.0,0.0,3045.5,0.1,3045.5,0.0,0.0,0.0,0.0,0.0,0.0,0.0,0.0,0.0,0.0,0.0,0.0,0.0,0.1,0.0
2050-12-03 00:00:00,2050-12-02 22:00:00,1512.6,0.0,0.0,9.6,1522.3,1465.9,1522.3,0.0,1481.4,0.0309,0.0396,hydro,gas-cc,0.0,0.0,0.0,0.0,0.0,0.0,0.0,0.0,0.0,0.0,0.0,0.0,0.0,0.0,0.0,0.0,0.0,0.0,215.2,4.1,0.41,25.4,1622.9,0.09,215.4,73.8,289.2,432.4,8.1,0.81,51.1,3262.8,0.19,432.8,148.4,581.2,29.88,0.0,0.0,29.88,31.11,0.0,0.0,31.11,0.0,0.0,0.0,3003.7,0.0,3003.7,0.0,0.0,0.0,0.0,0.0,0.0,0.0,0.0,0.0,0.0,0.0,0.0,0.0,0.0,0.0
2050-12-03 01:00:00,2050-12-02 23:00:00,1402.1,0.0,0.0,10.4,1412.5,1359.5,1412.1,0.0,1604.3,0.0304,0.0367,battery,gas-cc,0.0,0.0,0.0,0.0,0.0,0.0,0.0,0.0,0.0,0.0,0.0,0.0,0.0,0.0,0.0,0.0,0.0,0.0,191.9,3.6,0.36,22.7,1447.1,0.08,192.1,65.8,257.9,328.7,6.2,0.62,38.8,2480.1,0.14,329.0,112.8,441.8,29.88,0.0,0.0,29.88,31.02,0.0,0.0,31.02,0.0,0.0,0.0,3016.8,0.4,3016.4,0.0,0.0,0.0,0.0,0.0,0.0,0.0,0.0,0.0,0.0,0.0,0.0,0.0,0.4,0.0
2050-12-03 02:00:00,2050-12-03 00:00:00,1296.8,0.0,0.0,0.0,1296.8,1258.0,1295.6,0.0,0.0,0.03,0.0339,battery,gas-cc,0.0,0.0,0.0,0.0,0.0,0.0,0.0,0.0,0.0,0.0,0.0,0.0,0.0,0.0,0.0,0.0,0.0,0.0,186.9,3.5,0.35,22.1,1409.1,0.08,187.1,64.1,251.2,355.0,6.7,0.67,41.9,2679.1,0.15,355.4,121.8,477.2,29.88,0.0,0.0,29.88,30.93,0.0,0.0,30.93,0.0,0.0,0.0,1296.8,1.3,1295.6,0.0,0.0,0.0,0.0,0.0,0.0,0.0,0.0,0.0,0.0,0.0,0.0,0.0,1.3,0.0
2050-12-03 03:00:00,2050-12-03 01:00:00,1201.1,0.0,0.0,0.8,1201.9,1165.3,1199.3,0.0,124.0,0.0297,0.0314,battery,gas-cc,0.0,0.0,0.0,0.0,0.0,0.0,0.0,0.0,0.0,0.0,0.0,0.0,0.0,0.0,0.0,0.0,0.0,0.0,154.4,2.9,0.29,18.2,1163.6,0.07,154.5,52.9,207.4,372.5,7.0,0.7,44.0,2811.3,0.16,372.9,127.8,500.8,29.88,0.0,0.0,29.88,30.85,0.0,0.0,30.85,0.0,0.0,0.0,1325.9,2.6,1323.2,0.0,0.0,0.0,0.0,0.0,0.0,0.0,0.0,0.0,0.0,0.0,0.0,0.0,2.6,0.0
2050-12-03 04:00:00,2050-12-03 02:00:00,1144.2,0.0,0.0,6.9,1151.1,1110.2,1146.1,445.3,0.0,0.0297,0.0299,battery,gas-cc,0.0,0.0,0.0,0.0,0.0,0.0,0.0,0.0,0.0,0.0,0.0,0.0,0.0,0.1,0.0,0.0,0.0,0.0,161.8,3.1,0.31,19.1,1220.0,0.07,162.0,55.5,217.5,353.6,6.7,0.67,41.8,2668.1,0.15,354.0,121.3,475.3,29.88,0.0,0.0,29.88,30.8,0.0,0.0,30.8,0.0,0.0,0.0,705.8,5.0,700.8,0.0,0.0,0.0,0.0,0.0,0.0,0.0,0.0,0.0,0.0,0.0,0.0,0.0,5.0,0.0
2050-12-03 05:00:00,2050-12-03 03:00:00,1097.9,0.0,0.0,9.9,1107.7,1065.3,1099.2,899.4,0.0,0.0297,0.0287,battery,gas-cc,0.0,0.0,0.0,0.0,0.0,0.0,0.0,0.0,0.0,0.0,0.0,0.0,1.4,3.4,0.03,0.0,1.6,1.6,151.1,2.9,0.29,17.9,1138.9,0.07,151.2,51.8,203.1,353.1,6.7,0.67,41.7,2664.8,0.15,353.5,121.2,474.7,29.88,0.0,0.0,29.88,30.76,0.0,0.0,30.76,0.0,0.0,0.0,208.4,8.5,199.8,0.0,0.0,0.0,0.0,0.0,0.0,0.0,0.0,0.0,0.0,0.0,0.0,0.0,8.5,0.0
2050-12-03 06:00:00,2050-12-03 04:00:00,1069.5,0.0,0.0,11.0,1080.4,1037.7,1071.5,1071.5,0.0,0.0297,0.028,gas-cc,gas-cc,0.0,0.0,0.0,0.0,0.0,0.0,0.0,0.0,0.0,0.0,0.0,0.0,2.0,4.8,0.05,0.0,2.2,2.2,158.0,3.0,0.3,18.7,1190.9,0.07,158.1,54.2,212.3,361.9,6.8,0.68,42.8,2731.0,0.16,362.3,124.2,486.5,26.99,0.0,0.0,26.99,27.76,0.0,0.0,27.76,0.0,0.0,0.0,9.0,9.0,0.0,0.0,0.0,0.0,0.0,0.0,0.0,0.0,0.0,0.0,0.0,0.0,0.0,0.0,9.0,0.0
2050-12-03 07:00:00,2050-12-03 05:00:00,1072.6,0.0,0.0,11.0,1083.6,1040.7,1076.0,1076.0,0.0,0.0297,0.0281,gas-cc,gas-cc,0.0,0.0,0.0,0.0,0.0,0.0,0.0,0.0,0.0,0.0,0.0,0.0,2.0,4.7,0.04,0.0,2.2,2.2,220.4,4.2,0.42,26.0,1662.7,0.1,220.7,75.6,296.3,361.9,6.8,0.68,42.8,2731.3,0.16,362.3,124.2,486.5,26.99,0.0,0.0,26.99,27.77,0.0,0.0,27.77,0.0,0.0,0.0,7.7,7.7,0.0,0.0,0.0,0.0,0.0,0.0,0.0,0.0,0.0,0.0,0.0,0.0,0.0,0.0,7.7,0.0
2050-12-03 08:00:00,2050-12-03 06:00:00,1110.5,0.0,0.0,11.3,1121.8,1077.5,1117.3,1114.5,0.0,0.0297,0.029,battery,gas-cc,0.0,0.0,0.0,0.0,0.0,0.0,0.0,0.0,0.0,0.0,0.0,0.0,2.0,4.8,0.04,0.0,2.2,2.2,148.2,2.8,0.28,17.5,1117.5,0.06,148.4,50.8,199.2,353.3,6.7,0.67,41.7,2665.7,0.15,353.6,121.2,474.8,29.88,0.0,0.0,29.88,30.77,0.0,0.0,30.77,0.0,0.0,0.0,7.2,4.5,2.8,0.0,0.0,0.0,0.0,0.0,0.0,0.0,0.0,0.0,0.0,0.0,0.0,0.0,4.5,0.0
2050-12-03 09:00:00,2050-12-03 07:00:00,1180.0,2431.9,0.0,8.3,3620.2,1144.9,228.2,445.3,217.1,0.0297,0.0309,battery,gas-cc,0.0,0.0,0.0,0.0,0.0,0.0,0.0,0.0,0.0,0.0,0.0,0.0,0.0,0.0,0.0,0.0,0.0,0.0,139.6,2.6,0.26,16.5,1052.7,0.06,139.8,47.9,187.7,335.7,6.3,0.63,39.7,2532.9,0.15,336.0,115.2,451.2,21.6,0.0,0.0,21.6,22.29,0.0,0.0,22.29,0.0,0.0,0.0,3392.0,3392.0,0.0,0.0,0.0,0.0,0.0,143.0,0.0,0.0,0.0,0.0,0.0,0.0,0.0,3245.7,3.4,0.0
2050-12-03 10:00:00,2050-12-03 08:00:00,1277.9,3274.2,0.0,10.7,4562.8,1239.7,-1640.0,0.0,1640.0,0.0299,0.0334,upv,upv,0.0,0.0,0.0,0.0,0.0,0.0,0.0,0.0,0.0,0.0,0.0,0.0,0.0,0.0,0.0,0.0,0.0,0.0,139.7,2.6,0.26,16.5,1052.9,0.06,139.8,47.9,187.7,0.0,0.0,0.0,0.0,0.0,0.0,0.0,0.0,0.0,0.0,0.0,0.0,0.0,0.0,0.0,0.0,0.0,3.6,1745.2,1748.8,6202.8,6202.8,0.0,0.0,0.0,0.0,0.0,335.4,0.0,0.0,0.0,0.0,0.0,0.0,0.0,5867.3,0.0,0.0
2050-12-03 11:00:00,2050-12-03 09:00:00,1348.4,3915.8,0.0,10.7,5274.9,1307.8,-1640.0,0.0,1640.0,0.0301,0.0353,upv,upv,0.0,0.0,0.0,0.0,0.0,0.0,0.0,0.0,0.0,0.0,0.0,0.0,0.0,0.0,0.0,0.0,0.0,0.0,139.7,2.6,0.26,16.5,1053.1,0.06,139.8,47.9,187.7,0.0,0.0,0.0,0.0,0.0,0.0,0.0,0.0,0.0,0.0,0.0,0.0,0.0,0.0,0.0,0.0,0.0,1.9,1168.1,1170.0,6914.9,6914.9,0.0,0.0,0.0,0.0,0.0,341.2,0.0,0.0,0.0,0.0,0.0,0.0,0.0,6573.7,0.0,0.0
2050-12-03 12:00:00,2050-12-03 10:00:00,1391.6,3824.8,0.0,10.7,5227.0,1349.4,-1640.0,0.0,1640.0,0.0303,0.0364,upv,upv,0.0,0.0,0.0,0.0,0.0,0.0,0.0,0.0,0.0,0.0,0.0,0.0,0.0,0.0,0.0,0.0,0.0,0.0,139.7,2.6,0.26,16.5,1053.3,0.06,139.9,47.9,187.8,0.0,0.0,0.0,0.0,0.0,0.0,0.0,0.0,0.0,0.0,0.0,0.0,0.0,0.0,0.0,0.0,0.0,4.9,763.9,768.8,6867.0,6867.0,0.0,0.0,0.0,0.0,0.0,322.1,0.0,0.0,0.0,0.0,0.0,0.0,0.0,6544.9,0.0,0.0
2050-12-03 13:00:00,2050-12-03 11:00:00,1409.5,3986.6,0.0,10.7,5406.8,1366.6,-1640.0,0.0,1640.0,0.0304,0.0369,upv,upv,0.0,0.0,0.0,0.0,0.0,0.0,0.0,0.0,0.0,0.0,0.0,0.0,0.0,0.0,0.0,0.0,0.0,0.0,139.7,2.6,0.26,16.5,1053.4,0.06,139.9,47.9,187.8,0.0,0.0,0.0,0.0,0.0,0.0,0.0,0.0,0.0,0.0,0.0,0.0,0.0,0.0,0.0,0.0,0.0,11.4,307.5,318.9,7046.7,7046.7,0.0,0.0,0.0,0.0,0.0,310.4,0.0,0.0,0.0,0.0,0.0,0.0,0.0,6736.4,0.0,0.0
2050-12-03 14:00:00,2050-12-03 12:00:00,1464.2,4019.6,0.0,10.7,5494.4,1419.3,-1640.0,0.0,1640.0,0.0307,0.0383,upv,upv,0.0,0.0,0.0,0.0,0.0,0.0,0.0,0.0,0.0,0.0,0.0,0.0,0.0,0.0,0.0,0.0,0.0,0.0,139.8,2.6,0.26,16.5,1053.7,0.06,139.9,47.9,187.8,0.0,0.0,0.0,0.0,0.0,0.0,0.0,0.0,0.0,0.0,0.0,0.0,0.0,0.0,0.0,0.0,0.0,0.0,405.2,405.2,7134.4,7134.4,0.0,0.0,0.0,0.0,0.0,317.2,0.0,0.0,0.0,0.0,0.0,0.0,0.0,6793.8,23.4,0.0
2050-12-03 15:00:00,2050-12-03 13:00:00,1512.6,2461.0,0.0,10.7,3984.3,1465.9,-1640.0,0.0,1640.0,0.0309,0.0396,upv,upv,0.0,0.0,0.0,0.0,0.0,0.0,0.0,0.0,0.0,0.0,0.0,0.0,0.0,0.0,0.0,0.0,0.0,0.0,139.8,2.6,0.26,16.5,1054.0,0.06,140.0,47.9,187.9,0.0,0.0,0.0,0.0,0.0,0.0,0.0,0.0,0.0,0.0,0.0,0.0,0.0,0.0,0.0,0.0,0.0,0.0,2419.7,2419.7,5624.2,5624.2,0.0,0.0,0.0,0.0,0.0,337.8,0.0,0.0,0.0,0.0,0.0,0.0,0.0,5244.5,41.9,0.0
2050-12-03 16:00:00,2050-12-03 14:00:00,1541.1,2626.7,0.0,10.7,4178.4,1493.1,-1640.0,0.0,1640.0,0.0311,0.0403,upv,upv,0.0,0.0,0.0,0.0,0.0,0.0,0.0,0.0,0.0,0.0,0.0,0.0,0.0,0.0,0.0,0.0,0.0,0.0,139.8,2.6,0.26,16.5,1054.2,0.06,140.0,48.0,187.9,0.0,0.0,0.0,0.0,0.0,0.0,0.0,0.0,0.0,0.0,0.0,0.0,0.0,0.0,0.0,0.0,0.0,0.0,2427.5,2427.5,5818.4,5818.4,0.0,0.0,0.0,0.0,0.0,345.9,0.0,0.0,0.0,0.0,0.0,0.0,0.0,5424.1,48.4,0.0
2050-12-03 17:00:00,2050-12-03 15:00:00,1587.4,3016.4,0.0,10.7,4614.4,1537.6,-1640.0,0.0,1640.0,0.0314,0.0415,upv,upv,0.0,0.0,0.0,0.0,0.0,0.0,0.0,0.0,0.0,0.0,0.0,0.0,0.0,0.0,0.0,0.0,0.0,0.0,160.0,3.0,0.3,18.9,1206.6,0.07,160.2,54.9,215.1,0.0,0.0,0.0,0.0,0.0,0.0,0.0,0.0,0.0,0.0,0.0,0.0,0.0,0.0,0.0,0.0,0.0,0.0,56.2,56.2,6254.4,6254.4,0.0,0.0,0.0,0.0,0.0,263.8,0.0,0.0,0.0,0.0,0.0,0.0,0.0,5931.0,59.5,0.0
2050-12-03 18:00:00,2050-12-03 16:00:00,1654.7,0.0,0.0,17.6,1672.3,1602.1,696.5,445.3,1640.0,0.0318,0.0433,battery,gas-cc,0.0,0.0,0.0,0.0,0.0,0.0,0.0,0.0,0.0,0.0,0.0,0.0,0.0,0.0,0.0,0.0,0.0,0.0,189.3,3.6,0.36,22.4,1427.7,0.08,189.5,64.9,254.5,358.5,6.8,0.68,42.4,2705.3,0.16,358.9,123.0,481.9,29.08,0.0,0.0,29.08,30.4,0.0,0.0,30.4,0.0,0.0,0.0,2867.0,975.8,1891.2,0.0,0.0,0.0,0.0,38.0,0.0,0.0,0.0,0.0,0.0,0.0,0.0,862.7,75.1,0.0
2050-12-03 19:00:00,2050-12-03 17:00:00,1778.9,0.0,0.0,15.8,1794.8,1720.7,1713.8,445.3,1370.7,0.0327,0.0465,battery,gas-cc,0.0,0.0,0.0,0.0,0.0,0.0,0.0,0.0,0.0,0.0,0.0,0.0,0.0,0.0,0.0,0.0,0.0,0.0,216.5,4.1,0.41,25.6,1633.2,0.09,216.7,74.3,291.0,359.7,6.8,0.68,42.5,2714.6,0.16,360.1,123.4,483.5,29.08,0.0,0.0,29.08,30.5,0.0,0.0,30.5,0.0,0.0,0.0,2720.2,80.9,2639.3,0.0,0.0,0.0,0.0,0.0,0.0,0.0,0.0,0.0,0.0,0.0,0.0,0.0,80.9,0.0
2050-12-03 20:00:00,2050-12-03 18:00:00,1861.1,0.0,0.0,13.3,1874.4,1798.9,1792.3,445.3,987.3,0.0334,0.0487,battery,gas-cc,0.0,0.0,0.0,0.0,0.0,0.0,0.0,0.0,0.0,0.0,0.0,0.0,0.0,0.0,0.0,0.0,0.0,0.0,242.8,4.6,0.46,28.7,1832.1,0.11,243.1,83.3,326.4,360.5,6.8,0.68,42.6,2720.7,0.16,360.9,123.7,484.6,29.08,0.0,0.0,29.08,30.57,0.0,0.0,30.57,0.0,0.0,0.0,2416.3,82.0,2334.3,0.0,0.0,0.0,0.0,0.0,0.0,0.0,0.0,0.0,0.0,0.0,0.0,0.0,82.0,0.0
2050-12-03 21:00:00,2050-12-03 19:00:00,1825.3,0.0,0.0,11.8,1837.0,1764.8,1769.6,445.3,747.0,0.0331,0.0477,battery,gas-cc,0.0,0.0,0.0,0.0,0.0,0.0,0.0,0.0,0.0,0.0,0.0,0.0,0.0,0.0,0.0,0.0,0.0,0.0,203.4,3.8,0.38,24.0,1533.8,0.09,203.6,69.8,273.3,360.2,6.8,0.68,42.5,2718.0,0.16,360.6,123.6,484.2,29.08,0.0,0.0,29.08,30.54,0.0,0.0,30.54,0.0,0.0,0.0,2138.7,67.4,2071.3,0.0,0.0,0.0,0.0,0.0,0.0,0.0,0.0,0.0,0.0,0.0,0.0,0.0,67.4,0.0
2050-12-03 22:00:00,2050-12-03 20:00:00,1745.3,0.0,0.0,12.1,1757.4,1688.6,1718.6,445.3,798.0,0.0325,0.0456,battery,gas-cc,0.0,0.0,0.0,0.0,0.0,0.0,0.0,0.0,0.0,0.0,0.0,0.0,0.0,0.0,0.0,0.0,0.0,0.0,215.2,4.1,0.41,25.4,1622.9,0.09,215.4,73.8,289.2,359.4,6.8,0.68,42.5,2712.1,0.16,359.8,123.3,483.1,29.08,0.0,0.0,29.08,30.47,0.0,0.0,30.47,0.0,0.0,0.0,2110.1,38.8,2071.3,0.0,0.0,0.0,0.0,0.0,0.0,0.0,0.0,0.0,0.0,0.0,0.0,0.0,38.8,0.0
2050-12-03 23:00:00,2050-12-03 21:00:00,1652.6,0.0,0.0,16.2,1668.9,1600.1,1638.3,445.3,1436.8,0.0318,0.0432,battery,gas-cc,0.0,0.0,0.0,0.0,0.0,0.0,0.0,0.0,0.0,0.0,0.0,0.0,0.0,0.0,0.0,0.0,0.0,0.0,225.7,4.3,0.43,26.7,1702.7,0.1,226.0,77.4,303.4,358.5,6.8,0.68,42.3,2705.2,0.16,358.9,123.0,481.9,29.08,0.0,0.0,29.08,30.4,0.0,0.0,30.4,0.0,0.0,0.0,2660.3,30.5,2629.8,0.0,0.0,0.0,0.0,0.0,0.0,0.0,0.0,0.0,0.0,0.0,0.0,0.0,30.5,0.0
2050-12-04 00:00:00,2050-12-03 22:00:00,1526.3,0.0,0.0,12.8,1539.1,1479.0,1512.2,445.3,910.4,0.031,0.0399,battery,gas-cc,0.0,0.0,0.0,0.0,0.0,0.0,0.0,0.0,0.0,0.0,0.0,0.0,0.0,0.0,0.0,0.0,0.0,0.0,154.8,2.9,0.29,18.3,1167.1,0.07,155.0,53.1,208.1,417.6,7.9,0.79,49.3,3151.3,0.18,418.1,143.3,561.3,27.54,0.0,0.0,27.54,28.68,0.0,0.0,28.68,0.0,0.0,0.0,2004.2,26.9,1977.3,0.0,0.0,0.0,0.0,0.0,0.0,0.0,0.0,0.0,0.0,0.0,0.0,0.0,26.9,0.0
2050-12-04 01:00:00,2050-12-03 23:00:00,1389.5,0.0,0.0,6.9,1396.4,1347.4,1365.0,445.3,0.0,0.0303,0.0363,battery,gas-cc,0.0,0.0,0.0,0.0,0.0,0.0,0.0,0.0,0.0,0.0,0.0,0.0,0.0,0.0,0.0,0.0,0.0,0.0,156.4,3.0,0.3,18.5,1179.0,0.07,156.6,53.6,210.2,355.9,6.7,0.67,42.0,2685.9,0.15,356.3,122.1,478.4,27.54,0.0,0.0,27.54,28.58,0.0,0.0,28.58,0.0,0.0,0.0,951.1,31.4,919.7,0.0,0.0,0.0,0.0,0.0,0.0,0.0,0.0,0.0,0.0,0.0,0.0,0.0,31.4,0.0
2050-12-04 02:00:00,2050-12-04 00:00:00,1247.4,0.0,0.0,9.3,1256.6,1210.2,1224.7,445.3,362.4,0.0298,0.0326,battery,gas-cc,0.0,0.0,0.0,0.0,0.0,0.0,0.0,0.0,0.0,0.0,0.0,0.0,0.0,0.0,0.0,0.0,0.0,0.0,152.7,2.9,0.29,18.0,1150.7,0.07,152.8,52.3,205.2,414.5,7.8,0.78,49.0,3127.6,0.18,414.9,142.2,557.1,27.54,0.0,0.0,27.54,28.47,0.0,0.0,28.47,0.0,0.0,0.0,1173.8,31.9,1141.8,0.0,0.0,0.0,0.0,0.0,0.0,0.0,0.0,0.0,0.0,0.0,0.0,0.0,31.9,0.0
2050-12-04 03:00:00,2050-12-04 01:00:00,1190.5,0.0,0.0,7.7,1198.2,1155.1,1173.5,445.3,117.9,0.0297,0.0311,battery,gas-cc,0.0,0.0,0.0,0.0,0.0,0.0,0.0,0.0,0.0,0.0,0.0,0.0,0.0,0.0,0.0,0.0,0.0,0.0,156.5,3.0,0.3,18.5,1180.0,0.07,156.7,53.7,210.4,413.8,7.8,0.78,48.9,3122.8,0.18,414.3,142.0,556.3,27.54,0.0,0.0,27.54,28.42,0.0,0.0,28.42,0.0,0.0,0.0,870.8,24.7,846.1,0.0,0.0,0.0,0.0,0.0,0.0,0.0,0.0,0.0,0.0,0.0,0.0,0.0,24.7,0.0
2050-12-04 04:00:00,2050-12-04 02:00:00,1136.8,0.0,0.0,6.9,1143.7,1103.1,1119.4,445.3,0.0,0.0297,0.0297,battery,gas-cc,0.0,0.0,0.0,0.0,0.0,0.0,0.0,0.0,0.0,0.0,0.0,0.0,0.0,0.0,0.0,0.0,0.0,0.0,163.8,3.1,0.31,19.4,1234.9,0.07,164.0,56.2,220.2,353.5,6.7,0.67,41.8,2667.6,0.15,353.9,121.3,475.2,27.54,0.0,0.0,27.54,28.38,0.0,0.0,28.38,0.0,0.0,0.0,698.4,24.3,674.1,0.0,0.0,0.0,0.0,0.0,0.0,0.0,0.0,0.0,0.0,0.0,0.0,0.0,24.3,0.0
2050-12-04 05:00:00,2050-12-04 03:00:00,1103.2,0.0,0.0,6.9,1110.1,1070.4,1076.1,445.3,0.0,0.0297,0.0288,battery,gas-cc,0.0,0.0,0.0,0.0,0.0,0.0,0.0,0.0,0.0,0.0,0.0,0.0,0.0,0.0,0.0,0.0,0.0,0.0,155.3,2.9,0.29,18.4,1170.9,0.07,155.5,53.3,208.8,353.2,6.7,0.67,41.7,2665.2,0.15,353.6,121.2,474.7,27.54,0.0,0.0,27.54,28.36,0.0,0.0,28.36,0.0,0.0,0.0,664.8,33.9,630.8,0.0,0.0,0.0,0.0,0.0,0.0,0.0,0.0,0.0,0.0,0.0,0.0,0.0,33.9,0.0
2050-12-04 06:00:00,2050-12-04 04:00:00,1108.4,0.0,0.0,6.9,1115.3,1075.5,1072.1,445.3,0.0,0.0297,0.029,battery,gas-cc,0.0,0.0,0.0,0.0,0.0,0.0,0.0,0.0,0.0,0.0,0.0,0.0,0.0,0.0,0.0,0.0,0.0,0.0,152.1,2.9,0.29,18.0,1146.6,0.07,152.3,52.2,204.4,353.2,6.7,0.67,41.7,2665.5,0.15,353.6,121.2,474.8,27.54,0.0,0.0,27.54,28.36,0.0,0.0,28.36,0.0,0.0,0.0,670.0,43.2,626.8,0.0,0.0,0.0,0.0,0.0,0.0,0.0,0.0,0.0,0.0,0.0,0.0,0.0,43.2,0.0
2050-12-04 07:00:00,2050-12-04 05:00:00,1185.3,0.0,0.0,6.9,1192.2,1150.0,1167.0,445.3,0.0,0.0297,0.031,battery,gas-cc,0.0,0.0,0.0,0.0,0.0,0.0,0.0,0.0,0.0,0.0,0.0,0.0,0.0,0.0,0.0,0.0,0.0,0.0,154.4,2.9,0.29,18.2,1164.3,0.07,154.6,53.0,207.6,354.0,6.7,0.67,41.8,2671.1,0.15,354.3,121.5,475.8,27.54,0.0,0.0,27.54,28.42,0.0,0.0,28.42,0.0,0.0,0.0,746.9,25.1,721.7,0.0,0.0,0.0,0.0,0.0,0.0,0.0,0.0,0.0,0.0,0.0,0.0,0.0,25.1,0.0
2050-12-04 08:00:00,2050-12-04 06:00:00,1329.5,0.0,0.0,6.9,1336.4,1289.5,1323.6,445.3,0.0,0.0301,0.0348,battery,gas-cc,0.0,0.0,0.0,0.0,0.0,0.0,0.0,0.0,0.0,0.0,0.0,0.0,0.0,0.0,0.0,0.0,0.0,0.0,223.7,4.2,0.42,26.4,1687.6,0.1,224.0,76.7,300.7,355.3,6.7,0.67,42.0,2681.5,0.15,355.7,121.9,477.7,27.54,0.0,0.0,27.54,28.53,0.0,0.0,28.53,0.0,0.0,0.0,891.1,12.8,878.3,0.0,0.0,0.0,0.0,0.0,0.0,0.0,0.0,0.0,0.0,0.0,0.0,0.0,12.8,0.0
2050-12-04 09:00:00,2050-12-04 07:00:00,1453.7,298.0,0.0,17.6,1769.2,1409.2,-1194.7,445.3,1640.0,0.0306,0.038,battery,gas-cc,0.0,0.0,0.0,0.0,0.0,0.0,0.0,0.0,0.0,0.0,0.0,0.0,0.0,0.0,0.0,0.0,0.0,0.0,148.5,2.8,0.28,17.5,1119.6,0.06,148.7,50.9,199.6,316.6,6.0,0.6,37.4,2389.2,0.14,317.0,108.6,425.6,23.38,0.0,0.0,23.38,24.3,0.0,0.0,24.3,0.0,0.0,0.0,2963.9,2963.9,0.0,0.0,0.0,0.0,0.0,125.0,0.0,0.0,0.0,0.0,0.0,0.0,0.0,2835.3,3.6,0.0
2050-12-04 10:00:00,2050-12-04 08:00:00,1553.7,2917.5,0.0,10.7,4481.9,1505.3,-1640.0,0.0,1640.0,0.0312,0.0406,upv,upv,0.0,0.0,0.0,0.0,0.0,0.0,0.0,0.0,0.0,0.0,0.0,0.0,0.0,0.0,0.0,0.0,0.0,0.0,143.6,2.7,0.27,17.0,1082.9,0.06,143.8,49.3,193.1,0.0,0.0,0.0,0.0,0.0,0.0,0.0,0.0,0.0,0.0,0.0,0.0,0.0,0.0,0.0,0.0,0.0,3.1,480.1,483.1,6121.8,6121.8,0.0,0.0,0.0,0.0,0.0,0.0,0.0,0.0,0.0,0.0,0.0,0.0,0.0,6121.8,0.0,0.0
2050-12-04 11:00:00,2050-12-04 09:00:00,1572.6,3994.2,0.0,10.7,5577.5,1523.4,-1640.0,0.0,1640.0,0.0313,0.0411,upv,upv,0.0,0.0,0.0,0.0,0.0,0.0,0.0,0.0,0.0,0.0,0.0,0.0,0.0,0.0,0.0,0.0,0.0,0.0,141.1,2.7,0.27,16.7,1063.9,0.06,141.3,48.4,189.7,0.0,0.0,0.0,0.0,0.0,0.0,0.0,0.0,0.0,0.0,0.0,0.0,0.0,0.0,0.0,0.0,0.0,2.6,305.6,308.2,7217.4,7217.4,0.0,0.0,0.0,0.0,0.0,317.6,0.0,0.0,0.0,0.0,0.0,0.0,0.0,6899.8,0.0,0.0
2050-12-04 12:00:00,2050-12-04 10:00:00,1512.6,4019.6,0.0,10.7,5542.9,1465.9,-1640.0,0.0,1640.0,0.0309,0.0396,upv,upv,0.0,0.0,0.0,0.0,0.0,0.0,0.0,0.0,0.0,0.0,0.0,0.0,0.0,0.0,0.0,0.0,0.0,0.0,139.8,2.6,0.26,16.5,1054.0,0.06,140.0,47.9,187.9,0.0,0.0,0.0,0.0,0.0,0.0,0.0,0.0,0.0,0.0,0.0,0.0,0.0,0.0,0.0,0.0,0.0,3.0,9.4,12.4,7182.8,7182.8,0.0,0.0,0.0,0.0,0.0,303.5,0.0,0.0,0.0,0.0,0.0,0.0,0.0,6879.3,0.0,0.0
2050-12-04 13:00:00,2050-12-04 11:00:00,1469.5,4019.6,0.0,10.7,5499.7,1424.4,-1640.0,0.0,1640.0,0.0307,0.0384,upv,upv,0.0,0.0,0.0,0.0,0.0,0.0,0.0,0.0,0.0,0.0,0.0,0.0,0.0,0.0,0.0,0.0,0.0,0.0,147.8,2.8,0.28,17.5,1114.2,0.06,147.9,50.7,198.6,0.0,0.0,0.0,0.0,0.0,0.0,0.0,0.0,0.0,0.0,0.0,0.0,0.0,0.0,0.0,0.0,0.0,5.5,32.3,37.8,7139.7,7139.7,0.0,0.0,0.0,0.0,0.0,302.6,0.0,0.0,0.0,0.0,0.0,0.0,0.0,6837.1,0.0,0.0
2050-12-04 14:00:00,2050-12-04 12:00:00,1476.8,3290.9,0.0,24.1,4791.8,1431.5,-2508.3,0.0,2508.3,0.0307,0.0386,battery,upv,0.0,0.0,0.0,0.0,0.0,0.0,0.0,0.0,0.0,0.0,0.0,0.0,0.0,0.0,0.0,0.0,0.0,0.0,139.8,2.6,0.26,16.5,1053.8,0.06,139.9,47.9,187.9,0.0,0.0,0.0,0.0,0.0,0.0,0.0,0.0,0.0,0.0,0.0,0.0,0.0,0.0,0.0,0.0,0.0,7.5,0.0,7.5,7300.2,7300.2,0.0,0.0,0.0,0.0,0.0,308.0,0.0,0.0,0.0,0.0,0.0,0.0,0.0,6992.1,0.0,0.0
2050-12-04 15:00:00,2050-12-04 13:00:00,1489.5,3045.5,0.0,18.5,4553.5,1443.6,-2147.4,0.0,2147.4,0.0308,0.039,upv,upv,0.0,0.0,0.0,0.0,0.0,0.0,0.0,0.0,0.0,0.0,0.0,0.0,0.0,0.0,0.0,0.0,0.0,0.0,139.8,2.6,0.26,16.5,1053.8,0.06,139.9,47.9,187.9,0.0,0.0,0.0,0.0,0.0,0.0,0.0,0.0,0.0,0.0,0.0,0.0,0.0,0.0,0.0,0.0,0.0,10.0,1118.9,1128.9,6700.9,6700.9,0.0,0.0,0.0,0.0,0.0,330.0,0.0,0.0,0.0,0.0,0.0,0.0,0.0,6370.8,0.0,0.0
2050-12-04 16:00:00,2050-12-04 14:00:00,1497.9,3406.0,0.0,17.8,4921.7,1451.7,-2100.4,0.0,2100.4,0.0308,0.0392,upv,upv,0.0,0.0,0.0,0.0,0.0,0.0,0.0,0.0,0.0,0.0,0.0,0.0,0.0,0.0,0.0,0.0,0.0,0.0,160.8,3.0,0.3,19.0,1212.7,0.07,161.0,55.2,216.2,0.0,0.0,0.0,0.0,0.0,0.0,0.0,0.0,0.0,0.0,0.0,0.0,0.0,0.0,0.0,0.0,0.0,9.4,892.1,901.5,7022.1,7022.1,0.0,0.0,0.0,0.0,0.0,334.0,0.0,0.0,0.0,0.0,0.0,0.0,0.0,6688.1,0.0,0.0
2050-12-04 17:00:00,2050-12-04 15:00:00,1558.9,2431.9,0.0,15.5,4006.3,1510.3,-1951.9,0.0,1951.9,0.0312,0.0408,wind-ons,wind-ons,0.0,0.0,0.0,0.0,0.0,0.0,0.0,0.0,0.0,0.0,0.0,0.0,0.0,0.0,0.0,0.0,0.0,0.0,152.9,2.9,0.29,18.1,1152.7,0.07,153.0,52.4,205.5,0.0,0.0,0.0,0.0,0.0,0.0,0.0,0.0,0.0,4.76,0.0,0.0,4.76,4.97,0.0,0.0,4.97,0.0,0.0,0.0,5958.3,5958.3,0.0,0.0,0.0,0.0,0.0,251.0,0.0,0.0,0.0,0.0,0.0,0.0,0.0,5696.5,10.8,0.0
2050-12-04 18:00:00,2050-12-04 16:00:00,1631.6,0.0,0.0,4.5,1636.1,1579.9,1181.3,0.0,695.2,0.0317,0.0427,battery,gas-cc,0.0,0.0,0.0,0.0,0.0,0.0,0.0,0.0,0.0,0.0,0.0,0.0,0.0,0.0,0.0,0.0,0.0,0.0,155.6,2.9,0.29,18.4,1172.6,0.07,155.7,53.3,209.1,475.0,9.0,0.9,56.1,3584.3,0.21,475.5,163.0,638.5,37.83,0.0,0.0,37.83,39.52,0.0,0.0,39.52,0.0,0.0,0.0,2331.3,454.8,1876.5,0.0,0.0,0.0,0.0,18.4,0.0,0.0,0.0,0.0,0.0,0.0,0.0,418.0,18.3,0.0
2050-12-04 19:00:00,2050-12-04 17:00:00,1793.7,0.0,0.0,1.1,1794.8,1734.8,1774.5,0.0,173.7,0.0329,0.0469,battery,gas-cc,0.0,0.0,0.0,0.0,0.0,0.0,0.0,0.0,0.0,0.0,0.0,0.0,0.0,0.0,0.0,0.0,0.0,0.0,208.8,3.9,0.39,24.7,1574.9,0.09,209.0,71.6,280.7,477.1,9.0,0.9,56.4,3600.2,0.21,477.6,163.7,641.3,37.83,0.0,0.0,37.83,39.69,0.0,0.0,39.69,0.0,0.0,0.0,1968.5,20.3,1948.2,0.0,0.0,0.0,0.0,0.0,0.0,0.0,0.0,0.0,0.0,0.0,0.0,0.0,20.3,0.0
2050-12-04 20:00:00,2050-12-04 18:00:00,1932.6,0.0,0.0,1.0,1933.7,1866.9,1912.0,0.0,159.3,0.034,0.0505,battery,gas-cc,0.0,0.0,0.0,0.0,0.0,0.0,0.0,0.0,0.0,0.0,0.0,0.0,0.0,0.0,0.0,0.0,0.0,0.0,153.3,2.9,0.29,18.1,1155.9,0.07,153.5,52.6,206.1,411.5,7.8,0.78,48.6,3105.5,0.18,412.0,141.2,553.2,37.83,0.0,0.0,37.83,39.85,0.0,0.0,39.85,0.0,0.0,0.0,2093.0,21.7,2071.3,0.0,0.0,0.0,0.0,0.0,0.0,0.0,0.0,0.0,0.0,0.0,0.0,0.0,21.7,0.0
2050-12-04 21:00:00,2050-12-04 19:00:00,1902.1,0.0,0.0,0.0,1902.1,1837.9,1886.3,0.0,0.0,0.0337,0.0497,battery,gas-cc,0.0,0.0,0.0,0.0,0.0,0.0,0.0,0.0,0.0,0.0,0.0,0.0,0.0,0.0,0.0,0.0,0.0,0.0,155.3,2.9,0.29,18.4,1171.1,0.07,155.5,53.3,208.8,415.7,7.8,0.78,49.1,3137.3,0.18,416.2,142.7,558.8,37.83,0.0,0.0,37.83,39.81,0.0,0.0,39.81,0.0,0.0,0.0,1902.1,15.8,1886.3,0.0,0.0,0.0,0.0,0.0,0.0,0.0,0.0,0.0,0.0,0.0,0.0,0.0,15.8,0.0
2050-12-04 22:00:00,2050-12-04 20:00:00,1804.2,0.0,0.0,4.3,1808.5,1744.8,1800.5,0.0,660.5,0.0329,0.0472,battery,gas-cc,0.0,0.0,0.0,0.0,0.0,0.0,0.0,0.0,0.0,0.0,0.0,0.0,0.0,0.0,0.0,0.0,0.0,0.0,154.9,2.9,0.29,18.3,1167.7,0.07,155.1,53.1,208.2,410.1,7.7,0.77,48.4,3094.6,0.18,410.5,140.7,551.2,37.83,0.0,0.0,37.83,39.71,0.0,0.0,39.71,0.0,0.0,0.0,2469.0,8.0,2461.0,0.0,0.0,0.0,0.0,0.0,0.0,0.0,0.0,0.0,0.0,0.0,0.0,0.0,8.0,0.0
2050-12-04 23:00:00,2050-12-04 21:00:00,1693.7,0.0,0.0,0.0,1693.7,1639.3,1684.5,0.0,0.0,0.0321,0.0443,battery,gas-cc,0.0,0.0,0.0,0.0,0.0,0.0,0.0,0.0,0.0,0.0,0.0,0.0,0.0,0.0,0.0,0.0,0.0,0.0,154.8,2.9,0.29,18.3,1166.7,0.07,154.9,53.1,208.0,413.4,7.8,0.78,48.8,3119.4,0.18,413.8,141.8,555.7,37.83,0.0,0.0,37.83,39.59,0.0,0.0,39.59,0.0,0.0,0.0,1693.7,9.2,1684.5,0.0,0.0,0.0,0.0,0.0,0.0,0.0,0.0,0.0,0.0,0.0,0.0,0.0,9.2,0.0
2050-12-05 00:00:00,2050-12-04 22:00:00,1562.1,0.0,0.0,1.5,1563.6,1513.3,1552.9,0.0,223.5,0.0312,0.0409,battery,gas-cc,55.5,1.0,0.1,6.6,418.7,0.02,55.5,19.0,74.6,57.3,1.1,0.11,6.8,432.2,0.02,57.3,19.7,77.0,171.7,3.2,0.32,20.3,1294.6,0.07,171.9,58.9,230.8,494.6,9.3,0.93,58.4,3732.5,0.21,495.2,169.7,664.9,37.7,0.0,0.0,37.7,39.31,0.0,0.0,39.31,0.0,0.0,0.0,1787.1,10.7,1502.8,0.0,0.0,0.0,0.0,0.0,273.6,0.0,0.0,0.0,0.0,0.0,0.0,0.0,10.7,0.0
2050-12-05 01:00:00,2050-12-04 23:00:00,1437.9,0.0,0.0,0.0,1437.9,1394.0,1425.9,0.0,0.0,0.0305,0.0376,battery,gas-cc,69.0,1.3,0.13,8.1,520.4,0.03,69.0,23.7,92.7,71.1,1.3,0.13,8.4,536.7,0.03,71.2,24.4,95.6,173.8,3.3,0.33,20.5,1310.7,0.08,174.0,59.6,233.7,410.5,7.7,0.77,48.5,3097.7,0.18,410.9,140.9,551.8,37.7,0.0,0.0,37.7,39.18,0.0,0.0,39.18,0.0,0.0,0.0,1437.9,12.0,1152.3,0.0,0.0,0.0,0.0,0.0,273.6,0.0,0.0,0.0,0.0,0.0,0.0,0.0,12.0,0.0
2050-12-05 02:00:00,2050-12-05 00:00:00,1298.9,0.0,0.0,0.0,1298.9,1260.0,1286.1,0.0,0.0,0.03,0.034,battery,gas-cc,76.3,1.4,0.14,9.0,576.0,0.03,76.4,26.2,102.6,78.7,1.5,0.15,9.3,593.8,0.03,78.8,27.0,105.8,170.6,3.2,0.32,20.2,1286.2,0.07,170.8,58.5,229.3,409.0,7.7,0.77,48.3,3086.0,0.18,409.4,140.3,549.7,37.7,0.0,0.0,37.7,39.03,0.0,0.0,39.03,0.0,0.0,0.0,1298.9,12.9,1012.5,0.0,0.0,0.0,0.0,0.0,273.6,0.0,0.0,0.0,0.0,0.0,0.0,0.0,12.9,0.0
2050-12-05 03:00:00,2050-12-05 01:00:00,1208.4,0.0,0.0,3.5,1211.9,1172.5,1195.9,0.0,535.5,0.0298,0.0316,battery,gas-cc,56.7,1.1,0.11,6.7,428.2,0.02,56.8,19.5,76.3,58.5,1.1,0.11,6.9,441.3,0.03,58.5,20.1,78.6,241.9,4.6,0.46,28.6,1825.1,0.11,242.2,83.0,325.2,428.8,8.1,0.81,50.7,3236.0,0.19,429.3,147.1,576.4,37.7,0.0,0.0,37.7,38.93,0.0,0.0,38.93,0.0,0.0,0.0,1747.4,16.0,1457.8,0.0,0.0,0.0,0.0,0.0,273.6,0.0,0.0,0.0,0.0,0.0,0.0,0.0,16.0,0.0
2050-12-05 04:00:00,2050-12-05 02:00:00,1149.5,0.0,0.0,1.9,1151.4,1115.3,1130.0,0.0,296.0,0.0297,0.0301,battery,gas-cc,68.5,1.3,0.13,8.1,516.9,0.03,68.6,23.5,92.1,70.6,1.3,0.13,8.3,532.8,0.03,70.7,24.2,94.9,217.4,4.1,0.41,25.7,1639.7,0.09,217.6,74.6,292.2,428.1,8.1,0.81,50.6,3230.9,0.19,428.6,146.9,575.5,37.7,0.0,0.0,37.7,38.87,0.0,0.0,38.87,0.0,0.0,0.0,1447.4,21.4,1152.5,0.0,0.0,0.0,0.0,0.0,273.6,0.0,0.0,0.0,0.0,0.0,0.0,0.0,21.4,0.0
2050-12-05 05:00:00,2050-12-05 03:00:00,1118.9,0.0,0.0,0.0,1118.9,1085.7,1093.7,0.0,0.0,0.0297,0.0293,battery,gas-cc,88.6,1.7,0.17,10.5,668.7,0.04,88.7,30.4,119.1,91.3,1.7,0.17,10.8,689.2,0.04,91.4,31.3,122.8,238.9,4.5,0.45,28.2,1802.1,0.1,239.1,81.9,321.1,407.0,7.7,0.77,48.1,3071.1,0.18,407.4,139.6,547.1,37.7,0.0,0.0,37.7,38.84,0.0,0.0,38.84,0.0,0.0,0.0,1118.9,25.2,820.1,0.0,0.0,0.0,0.0,0.0,273.6,0.0,0.0,0.0,0.0,0.0,0.0,0.0,25.2,0.0
2050-12-05 06:00:00,2050-12-05 04:00:00,1115.8,0.0,0.0,0.0,1115.8,1082.7,1078.5,0.0,0.0,0.0297,0.0292,battery,gas-cc,0.0,0.0,0.0,0.0,0.0,0.0,0.0,0.0,0.0,0.0,0.0,0.0,0.0,0.0,0.0,0.0,0.0,0.0,210.4,4.0,0.4,24.9,1586.8,0.09,210.6,72.2,282.7,406.9,7.7,0.77,48.1,3070.8,0.18,407.4,139.6,547.0,37.7,0.0,0.0,37.7,38.84,0.0,0.0,38.84,0.0,0.0,0.0,1115.8,37.3,1078.5,0.0,0.0,0.0,0.0,0.0,0.0,0.0,0.0,0.0,0.0,0.0,0.0,0.0,37.3,0.0
2050-12-05 07:00:00,2050-12-05 05:00:00,1183.2,0.0,0.0,0.0,1183.2,1148.0,1139.8,0.0,0.0,0.0297,0.0309,battery,gas-cc,0.0,0.0,0.0,0.0,0.0,0.0,0.0,0.0,0.0,0.0,0.0,0.0,0.0,0.0,0.0,0.0,0.0,0.0,227.8,4.3,0.43,26.9,1718.4,0.1,228.0,78.1,306.2,407.7,7.7,0.77,48.2,3076.4,0.18,408.1,139.9,548.0,37.7,0.0,0.0,37.7,38.91,0.0,0.0,38.91,0.0,0.0,0.0,1183.2,43.4,1139.8,0.0,0.0,0.0,0.0,0.0,0.0,0.0,0.0,0.0,0.0,0.0,0.0,0.0,43.4,0.0
2050-12-05 08:00:00,2050-12-05 06:00:00,1340.0,0.0,0.0,0.0,1340.0,1299.7,1305.3,0.0,0.0,0.0301,0.035,battery,gas-cc,0.0,0.0,0.0,0.0,0.0,0.0,0.0,0.0,0.0,0.0,0.0,0.0,0.0,0.0,0.0,0.0,0.0,0.0,256.7,4.8,0.48,30.3,1936.7,0.11,257.0,88.1,345.0,409.4,7.7,0.77,48.4,3089.5,0.18,409.9,140.5,550.3,37.7,0.0,0.0,37.7,39.07,0.0,0.0,39.07,0.0,0.0,0.0,1340.0,34.7,1305.3,0.0,0.0,0.0,0.0,0.0,0.0,0.0,0.0,0.0,0.0,0.0,0.0,0.0,34.7,0.0
2050-12-05 09:00:00,2050-12-05 07:00:00,1451.6,0.0,0.0,0.0,1451.6,1407.2,615.1,0.0,0.0,0.0306,0.038,battery,gas-cc,0.0,0.0,0.0,0.0,0.0,0.0,0.0,0.0,0.0,0.0,0.0,0.0,0.0,0.0,0.0,0.0,0.0,0.0,183.4,3.5,0.35,21.7,1382.8,0.08,183.6,62.9,246.4,410.7,7.7,0.77,48.5,3098.8,0.18,411.1,140.9,552.0,37.7,0.0,0.0,37.7,39.19,0.0,0.0,39.19,0.0,0.0,0.0,1451.6,836.5,615.1,0.0,0.0,0.0,0.0,33.7,0.0,0.0,0.0,0.0,0.0,0.0,0.0,763.8,39.1,0.0
2050-12-05 10:00:00,2050-12-05 08:00:00,1569.5,1698.8,0.0,6.9,3275.2,1520.4,445.3,445.3,0.0,0.0313,0.041,battery,gas-cc,0.0,0.0,0.0,0.0,0.0,0.0,0.0,0.0,0.0,0.0,0.0,0.0,0.0,0.0,0.0,0.0,0.0,0.0,139.9,2.6,0.26,16.5,1054.3,0.06,140.0,48.0,188.0,365.1,6.9,0.69,43.1,2755.0,0.16,365.5,125.3,490.7,32.02,0.0,0.0,32.02,33.39,0.0,0.0,33.39,0.0,0.0,0.0,2829.9,2829.9,0.0,0.0,0.0,0.0,0.0,117.2,0.0,0.0,0.0,0.0,0.0,0.0,0.0,2659.2,53.5,0.0
2050-12-05 11:00:00,2050-12-05 09:00:00,1572.6,2431.9,0.0,3.0,4007.5,1523.4,-462.4,0.0,462.4,0.0313,0.0411,battery,gas-cc,0.0,0.0,0.0,0.0,0.0,0.0,0.0,0.0,0.0,0.0,0.0,0.0,0.0,0.0,0.0,0.0,0.0,0.0,140.8,2.7,0.27,16.6,1061.4,0.06,140.9,48.3,189.2,366.9,6.9,0.69,43.3,2768.5,0.16,367.3,125.9,493.2,31.33,0.0,0.0,31.33,32.68,0.0,0.0,32.68,0.0,0.0,0.0,4469.9,4469.9,0.0,0.0,0.0,0.0,0.0,185.9,0.0,0.0,0.0,0.0,0.0,0.0,0.0,4216.6,67.4,0.0
2050-12-05 12:00:00,2050-12-05 10:00:00,1515.8,3775.8,0.0,9.0,5300.6,1468.9,-1383.5,0.0,1383.5,0.0309,0.0396,battery,gas-cc,0.0,0.0,0.0,0.0,0.0,0.0,0.0,0.0,0.0,0.0,0.0,0.0,0.0,0.0,0.0,0.0,0.0,0.0,139.8,2.6,0.26,16.5,1054.0,0.06,140.0,47.9,187.9,366.3,6.9,0.69,43.3,2764.2,0.16,366.7,125.7,492.4,31.33,0.0,0.0,31.33,32.63,0.0,0.0,32.63,0.0,0.0,0.0,6684.1,6684.1,0.0,0.0,0.0,0.0,0.0,278.6,0.0,0.0,0.0,0.0,0.0,0.0,0.0,6323.3,82.2,0.0
2050-12-05 13:00:00,2050-12-05 11:00:00,1471.6,3994.8,0.0,10.7,5477.1,1426.4,-1640.0,0.0,1640.0,0.0307,0.0385,battery,gas-cc,0.0,0.0,0.0,0.0,0.0,0.0,0.0,0.0,0.0,0.0,0.0,0.0,0.0,0.0,0.0,0.0,0.0,0.0,154.7,2.9,0.29,18.3,1166.1,0.07,154.8,53.0,207.9,356.7,6.7,0.67,42.1,2691.9,0.15,357.1,122.4,479.5,31.33,0.0,0.0,31.33,32.59,0.0,0.0,32.59,0.0,0.0,0.0,7117.0,7117.0,0.0,0.0,0.0,0.0,0.0,297.2,0.0,0.0,0.0,0.0,0.0,0.0,0.0,6746.6,73.3,0.0
2050-12-05 14:00:00,2050-12-05 12:00:00,1464.2,4019.6,0.0,10.8,5494.6,1419.3,-1652.1,0.0,1652.1,0.0307,0.0383,battery,gas-cc,0.0,0.0,0.0,0.0,0.0,0.0,0.0,0.0,0.0,0.0,0.0,0.0,0.0,0.0,0.0,0.0,0.0,0.0,159.1,3.0,0.3,18.8,1199.5,0.07,159.2,54.6,213.8,348.5,6.6,0.66,41.2,2630.1,0.15,348.9,119.6,468.5,30.03,0.0,0.0,30.03,31.22,0.0,0.0,31.22,0.0,0.0,0.0,7146.8,7146.8,0.0,0.0,0.0,0.0,0.0,299.0,0.0,0.0,0.0,0.0,0.0,0.0,0.0,6785.4,62.4,0.0
2050-12-05 15:00:00,2050-12-05 13:00:00,1489.5,4019.6,0.0,15.7,5524.8,1443.6,-1967.4,0.0,1967.4,0.0308,0.039,battery,gas-cc,0.0,0.0,0.0,0.0,0.0,0.0,0.0,0.0,0.0,0.0,0.0,0.0,0.0,0.0,0.0,0.0,0.0,0.0,139.8,2.6,0.26,16.5,1053.8,0.06,139.9,47.9,187.9,348.8,6.6,0.66,41.2,2631.9,0.15,349.1,119.7,468.8,30.03,0.0,0.0,30.03,31.24,0.0,0.0,31.24,0.0,0.0,0.0,7492.2,7492.2,0.0,0.0,0.0,0.0,0.0,313.4,0.0,0.0,0.0,0.0,0.0,0.0,0.0,7114.9,63.8,0.0
2050-12-05 16:00:00,2050-12-05 14:00:00,1500.0,4019.6,0.0,20.2,5539.8,1453.7,-2257.5,0.0,2257.5,0.0309,0.0392,battery,gas-cc,0.0,0.0,0.0,0.0,0.0,0.0,0.0,0.0,0.0,0.0,0.0,0.0,0.0,0.0,0.0,0.0,0.0,0.0,139.8,2.6,0.26,16.5,1053.9,0.06,139.9,47.9,187.9,351.8,6.6,0.66,41.6,2654.6,0.15,352.2,120.7,472.9,29.82,0.0,0.0,29.82,31.04,0.0,0.0,31.04,0.0,0.0,0.0,7797.3,7797.3,0.0,0.0,0.0,0.0,0.0,326.2,0.0,0.0,0.0,0.0,0.0,0.0,0.0,7405.7,65.3,0.0
2050-12-05 17:00:00,2050-12-05 15:00:00,1582.1,2431.9,0.0,22.9,4036.9,1532.5,-1904.3,0.0,1904.3,0.0313,0.0414,battery,gas-cc,0.0,0.0,0.0,0.0,0.0,0.0,0.0,0.0,0.0,0.0,0.0,0.0,0.0,0.0,0.0,0.0,0.0,0.0,173.6,3.3,0.33,20.5,1309.0,0.08,173.7,59.5,233.3,362.7,6.8,0.68,42.8,2736.7,0.16,363.1,124.4,487.5,31.33,0.0,0.0,31.33,32.69,0.0,0.0,32.69,0.0,0.0,0.0,5941.2,5941.2,0.0,0.0,0.0,0.0,0.0,248.3,0.0,0.0,0.0,0.0,0.0,0.0,0.0,5635.1,57.8,0.0
2050-12-05 18:00:00,2050-12-05 16:00:00,1685.3,0.0,0.0,3.3,1688.5,1631.3,771.0,0.0,501.4,0.032,0.0441,battery,gas-cc,0.0,0.0,0.0,0.0,0.0,0.0,0.0,0.0,0.0,0.0,0.0,0.0,0.0,0.0,0.0,0.0,0.0,0.0,253.9,4.8,0.48,30.0,1915.8,0.11,254.2,87.1,341.3,413.3,7.8,0.78,48.8,3118.7,0.18,413.7,141.8,555.5,37.7,0.0,0.0,37.7,39.44,0.0,0.0,39.44,0.0,0.0,0.0,2190.0,917.5,1272.5,0.0,0.0,0.0,0.0,35.6,0.0,0.0,0.0,0.0,0.0,0.0,0.0,808.6,73.3,0.0
2050-12-05 19:00:00,2050-12-05 17:00:00,1855.8,0.0,0.0,9.5,1865.3,1793.9,1749.5,0.0,1461.7,0.0334,0.0485,hydro,gas-cc,0.0,0.0,0.0,0.0,0.0,0.0,0.0,0.0,0.0,0.0,0.0,0.0,0.0,0.0,0.0,0.0,0.0,0.0,231.4,4.4,0.44,27.3,1745.6,0.1,231.6,79.4,311.0,462.3,8.7,0.87,54.6,3488.4,0.2,462.8,158.6,621.4,37.7,0.0,0.0,37.7,39.63,0.0,0.0,39.63,0.0,0.0,0.0,3327.0,115.8,3211.2,0.0,0.0,0.0,0.0,0.0,0.0,0.0,0.0,0.0,0.0,0.0,0.0,0.0,115.8,0.0
2050-12-05 20:00:00,2050-12-05 18:00:00,1987.4,0.0,0.0,4.2,1991.6,1918.9,1870.6,0.0,644.1,0.0345,0.052,battery,gas-cc,0.0,0.0,0.0,0.0,0.0,0.0,0.0,0.0,0.0,0.0,0.0,0.0,0.0,0.0,0.0,0.0,0.0,0.0,240.6,4.5,0.45,28.4,1815.6,0.1,240.9,82.6,323.5,484.1,9.1,0.91,57.2,3652.8,0.21,484.6,166.1,650.7,37.7,0.0,0.0,37.7,39.77,0.0,0.0,39.77,0.0,0.0,0.0,2635.6,120.9,2514.7,0.0,0.0,0.0,0.0,0.0,0.0,0.0,0.0,0.0,0.0,0.0,0.0,0.0,120.9,0.0
2050-12-05 21:00:00,2050-12-05 19:00:00,1958.9,0.0,0.0,10.7,1969.6,1891.9,1822.5,0.0,1640.0,0.0342,0.0512,battery,gas-cc,0.0,0.0,0.0,0.0,0.0,0.0,0.0,0.0,0.0,0.0,0.0,0.0,0.0,0.0,0.0,0.0,0.0,0.0,189.1,3.6,0.36,22.3,1425.7,0.08,189.3,64.8,254.1,416.4,7.8,0.78,49.2,3142.2,0.18,416.8,142.9,559.7,37.7,0.0,0.0,37.7,39.74,0.0,0.0,39.74,0.0,0.0,0.0,3609.6,147.1,3462.5,0.0,0.0,0.0,0.0,0.0,0.0,0.0,0.0,0.0,0.0,0.0,0.0,0.0,147.1,0.0
2050-12-05 22:00:00,2050-12-05 20:00:00,1825.3,0.0,0.0,10.7,1835.9,1764.8,1670.6,0.0,1640.0,0.0331,0.0477,battery,gas-cc,0.0,0.0,0.0,0.0,0.0,0.0,0.0,0.0,0.0,0.0,0.0,0.0,0.0,0.0,0.0,0.0,0.0,0.0,247.6,4.7,0.47,29.3,1868.2,0.11,247.9,85.0,332.8,414.9,7.8,0.78,49.0,3130.6,0.18,415.3,142.4,557.7,37.7,0.0,0.0,37.7,39.59,0.0,0.0,39.59,0.0,0.0,0.0,3475.9,165.3,3310.6,0.0,0.0,0.0,0.0,0.0,0.0,0.0,0.0,0.0,0.0,0.0,0.0,0.0,165.3,0.0
2050-12-05 23:00:00,2050-12-05 21:00:00,1708.4,0.0,0.0,8.5,1716.9,1653.4,1544.7,0.0,1306.0,0.0322,0.0447,battery,gas-cc,0.0,0.0,0.0,0.0,0.0,0.0,0.0,0.0,0.0,0.0,0.0,0.0,0.0,0.0,0.0,0.0,0.0,0.0,185.5,3.5,0.35,21.9,1399.0,0.08,185.7,63.6,249.4,480.4,9.1,0.91,56.7,3624.9,0.21,480.9,164.8,645.7,37.7,0.0,0.0,37.7,39.47,0.0,0.0,39.47,0.0,0.0,0.0,3022.9,172.2,2850.6,0.0,0.0,0.0,0.0,0.0,0.0,0.0,0.0,0.0,0.0,0.0,0.0,0.0,172.2,0.0
2050-12-06 00:00:00,2050-12-05 22:00:00,1564.2,0.0,0.0,10.7,1574.9,1515.4,1386.1,0.0,1640.0,0.0312,0.0409,battery,gas-cc,0.0,0.0,0.0,0.0,0.0,0.0,0.0,0.0,0.0,0.0,0.0,0.0,0.0,0.0,0.0,0.0,0.0,0.0,180.8,3.4,0.34,21.4,1363.1,0.08,181.0,62.0,243.0,402.7,7.6,0.76,47.6,3039.0,0.17,403.2,138.2,541.3,34.16,0.0,0.0,34.16,35.61,0.0,0.0,35.61,0.0,0.0,0.0,3214.8,188.8,3026.0,0.0,0.0,0.0,0.0,0.0,0.0,0.0,0.0,0.0,0.0,0.0,0.0,0.0,188.8,0.0
2050-12-06 01:00:00,2050-12-05 23:00:00,1443.2,0.0,0.0,8.9,1452.0,1399.1,1296.3,0.0,1367.3,0.0306,0.0377,battery,gas-cc,0.0,0.0,0.0,0.0,0.0,0.0,0.0,0.0,0.0,0.0,0.0,0.0,0.0,0.0,0.0,0.0,0.0,0.0,167.7,3.2,0.32,19.8,1264.5,0.07,167.9,57.5,225.4,452.9,8.5,0.85,53.5,3417.4,0.2,453.4,155.4,608.7,34.16,0.0,0.0,34.16,35.5,0.0,0.0,35.5,0.0,0.0,0.0,2819.3,155.7,2663.6,0.0,0.0,0.0,0.0,0.0,0.0,0.0,0.0,0.0,0.0,0.0,0.0,0.0,155.7,0.0
2050-12-06 02:00:00,2050-12-06 00:00:00,1302.1,0.0,0.0,0.1,1302.2,1263.1,1154.0,0.0,17.0,0.03,0.0341,battery,gas-cc,0.0,0.0,0.0,0.0,0.0,0.0,0.0,0.0,0.0,0.0,0.0,0.0,0.0,0.0,0.0,0.0,0.0,0.0,167.5,3.2,0.32,19.8,1262.8,0.07,167.7,57.4,225.1,375.2,7.1,0.71,44.3,2831.1,0.16,375.6,128.7,504.3,34.15,0.0,0.0,34.15,35.35,0.0,0.0,35.35,0.0,0.0,0.0,1319.2,148.2,1171.0,0.0,0.0,0.0,0.0,0.0,0.0,0.0,0.0,0.0,0.0,0.0,0.0,0.0,148.2,0.0
2050-12-06 03:00:00,2050-12-06 01:00:00,1211.6,0.0,0.0,8.3,1219.9,1175.5,1091.5,656.6,0.0,0.0298,0.0317,battery,gas-cc,0.0,0.0,0.0,0.0,0.0,0.0,0.0,0.0,0.0,4.5,0.1,0.01,1.1,35.4,0.01,4.5,2.1,6.7,195.0,3.7,0.37,23.0,1470.8,0.08,195.2,66.9,262.1,450.0,8.5,0.85,53.2,3396.0,0.2,450.5,154.4,604.9,34.15,0.0,0.0,34.15,35.27,0.0,0.0,35.27,0.0,0.0,0.0,563.2,128.4,434.9,0.0,0.0,0.0,0.0,0.0,0.0,0.0,0.0,0.0,0.0,0.0,0.0,0.0,128.4,0.0
2050-12-06 04:00:00,2050-12-06 02:00:00,1152.6,0.0,0.0,8.2,1160.9,1118.4,1042.5,649.7,0.0,0.0297,0.0301,hydro,gas-cc,0.0,0.0,0.0,0.0,0.0,0.0,0.0,0.0,0.0,5.1,0.1,0.01,1.2,39.7,0.02,5.1,2.4,7.5,191.2,3.6,0.36,22.6,1441.7,0.08,191.4,65.6,256.9,378.7,7.1,0.71,44.7,2858.0,0.16,379.1,130.0,509.1,34.15,0.0,0.0,34.15,35.21,0.0,0.0,35.21,0.0,0.0,0.0,511.2,118.3,392.9,0.0,0.0,0.0,0.0,0.0,0.0,0.0,0.0,0.0,0.0,0.0,0.0,0.0,118.3,0.0
2050-12-06 05:00:00,2050-12-06 03:00:00,1121.1,0.0,0.0,7.4,1128.5,1087.8,1013.7,527.1,0.0,0.0297,0.0293,battery,gas-cc,0.0,0.0,0.0,0.0,0.0,0.0,0.0,0.0,0.0,2.2,0.0,0.0,0.5,17.0,0.01,2.2,1.0,3.2,211.3,4.0,0.4,25.0,1593.6,0.09,211.5,72.5,284.0,373.3,7.0,0.7,44.1,2817.3,0.16,373.7,128.1,501.9,34.15,0.0,0.0,34.15,35.18,0.0,0.0,35.18,0.0,0.0,0.0,601.4,114.8,486.5,0.0,0.0,0.0,0.0,0.0,0.0,0.0,0.0,0.0,0.0,0.0,0.0,0.0,114.8,0.0
2050-12-06 06:00:00,2050-12-06 04:00:00,1124.2,0.0,0.0,10.6,1134.8,1090.8,1016.6,1016.6,0.0,0.0297,0.0294,hydro,gas-cc,0.0,0.0,0.0,0.0,0.0,0.0,0.0,0.0,0.0,14.3,0.3,0.03,3.4,111.9,0.04,14.3,6.7,21.1,201.3,3.8,0.38,23.8,1518.2,0.09,201.5,69.0,270.5,378.4,7.1,0.71,44.7,2855.8,0.16,378.9,129.9,508.7,34.15,0.0,0.0,34.15,35.18,0.0,0.0,35.18,0.0,0.0,0.0,118.2,118.2,0.0,0.0,0.0,0.0,0.0,0.0,0.0,0.0,0.0,0.0,0.0,0.0,0.0,0.0,118.2,0.0
2050-12-06 07:00:00,2050-12-06 05:00:00,1193.7,0.0,0.0,9.8,1203.5,1158.2,1093.3,898.5,0.0,0.0297,0.0312,hydro,gas-cc,0.0,0.0,0.0,0.0,0.0,0.0,0.0,0.0,0.0,10.2,0.2,0.02,2.4,80.1,0.03,10.2,4.8,15.1,200.6,3.8,0.38,23.7,1513.2,0.09,200.8,68.8,269.7,379.2,7.1,0.71,44.8,2861.2,0.16,379.6,130.1,509.7,34.15,0.0,0.0,34.15,35.25,0.0,0.0,35.25,0.0,0.0,0.0,305.0,110.2,194.8,0.0,0.0,0.0,0.0,0.0,0.0,0.0,0.0,0.0,0.0,0.0,0.0,0.0,110.2,0.0
2050-12-06 08:00:00,2050-12-06 06:00:00,1309.5,0.0,0.0,6.9,1316.4,1270.2,1213.6,445.3,0.0,0.03,0.0342,battery,gas-cc,0.0,0.0,0.0,0.0,0.0,0.0,0.0,0.0,0.0,0.0,0.0,0.0,0.0,0.0,0.0,0.0,0.0,0.0,222.9,4.2,0.42,26.3,1681.6,0.1,223.1,76.5,299.6,375.2,7.1,0.71,44.3,2831.7,0.16,375.7,128.8,504.4,34.15,0.0,0.0,34.15,35.36,0.0,0.0,35.36,0.0,0.0,0.0,871.1,102.7,768.3,0.0,0.0,0.0,0.0,0.0,0.0,0.0,0.0,0.0,0.0,0.0,0.0,0.0,102.7,0.0
2050-12-06 09:00:00,2050-12-06 07:00:00,1446.3,0.0,0.0,3.7,1450.0,1402.1,-567.3,0.0,567.3,0.0306,0.0378,gas-cc,gas-cc,0.0,0.0,0.0,0.0,0.0,0.0,0.0,0.0,0.0,0.0,0.0,0.0,0.0,0.0,0.0,0.0,0.0,0.0,139.8,2.6,0.26,16.5,1053.6,0.06,139.9,47.9,187.8,365.6,6.9,0.69,43.2,2759.0,0.16,366.0,125.5,491.5,32.16,0.0,0.0,32.16,33.42,0.0,0.0,33.42,0.0,0.0,0.0,2017.3,2017.3,0.0,0.0,0.0,0.0,0.0,81.2,0.0,0.0,0.0,0.0,0.0,0.0,0.0,1841.7,94.4,0.0
2050-12-06 10:00:00,2050-12-06 08:00:00,1556.8,3857.1,0.0,23.3,5437.2,1508.3,-2453.0,0.0,2453.0,0.0312,0.0407,battery,wind-ons,0.0,0.0,0.0,0.0,0.0,0.0,0.0,0.0,0.0,0.0,0.0,0.0,0.0,0.0,0.0,0.0,0.0,0.0,139.8,2.6,0.26,16.5,1054.3,0.06,140.0,48.0,187.9,0.0,0.0,0.0,0.0,0.0,0.0,0.0,0.0,0.0,4.57,0.0,0.0,4.57,4.76,0.0,0.0,4.76,0.0,0.0,0.0,7890.3,7890.3,0.0,0.0,0.0,0.0,0.0,329.7,0.0,0.0,0.0,0.0,0.0,0.0,0.0,7483.3,77.3,0.0
2050-12-06 11:00:00,2050-12-06 09:00:00,1558.9,4014.7,0.0,25.2,5598.8,1510.3,-2579.6,0.0,2579.6,0.0312,0.0408,battery,upv,0.0,0.0,0.0,0.0,0.0,0.0,0.0,0.0,0.0,0.0,0.0,0.0,0.0,0.0,0.0,0.0,0.0,0.0,139.8,2.6,0.26,16.5,1054.3,0.06,140.0,48.0,188.0,0.0,0.0,0.0,0.0,0.0,0.0,0.0,0.0,0.0,4.57,0.0,0.0,4.57,4.76,0.0,0.0,4.76,0.0,0.0,0.0,8178.4,8178.4,0.0,0.0,0.0,0.0,0.0,342.5,0.0,0.0,0.0,0.0,0.0,0.0,0.0,7774.1,61.9,0.0
2050-12-06 12:00:00,2050-12-06 10:00:00,1500.0,3469.7,0.0,20.3,4990.0,1453.7,-2262.8,0.0,2262.8,0.0309,0.0392,upv,upv,0.0,0.0,0.0,0.0,0.0,0.0,0.0,0.0,0.0,0.0,0.0,0.0,0.0,0.0,0.0,0.0,0.0,0.0,157.9,3.0,0.3,18.7,1190.3,0.07,158.0,54.1,212.2,0.0,0.0,0.0,0.0,0.0,0.0,0.0,0.0,0.0,4.57,0.0,0.0,4.57,4.75,0.0,0.0,4.75,0.0,0.0,0.0,7252.8,7252.8,0.0,0.0,0.0,0.0,0.0,304.4,0.0,0.0,0.0,0.0,0.0,0.0,0.0,6908.1,40.2,0.0
2050-12-06 13:00:00,2050-12-06 11:00:00,1466.3,3318.5,0.0,18.0,4802.9,1421.3,-2114.4,0.0,2114.4,0.0307,0.0383,wind-ons,wind-ons,0.0,0.0,0.0,0.0,0.0,0.0,0.0,0.0,0.0,0.0,0.0,0.0,0.0,0.0,0.0,0.0,0.0,0.0,156.5,3.0,0.3,18.5,1180.1,0.07,156.7,53.7,210.4,0.0,0.0,0.0,0.0,0.0,0.0,0.0,0.0,0.0,4.57,0.0,0.0,4.57,4.75,0.0,0.0,4.75,0.0,0.0,0.0,6917.2,6917.2,0.0,0.0,0.0,0.0,0.0,290.7,0.0,0.0,0.0,0.0,0.0,0.0,0.0,6597.9,28.6,0.0
2050-12-06 14:00:00,2050-12-06 12:00:00,1478.9,3435.1,0.0,15.8,4929.8,1433.5,-1969.9,0.0,1969.9,0.0307,0.0387,wind-ons,wind-ons,0.0,0.0,0.0,0.0,0.0,0.0,0.0,0.0,0.0,0.0,0.0,0.0,0.0,0.0,0.0,0.0,0.0,0.0,139.8,2.6,0.26,16.5,1054.2,0.06,140.0,48.0,187.9,0.0,0.0,0.0,0.0,0.0,0.0,0.0,0.0,0.0,4.57,0.0,0.0,4.57,4.75,0.0,0.0,4.75,0.0,0.0,0.0,6899.7,6899.7,0.0,0.0,0.0,0.0,0.0,290.5,0.0,0.0,0.0,0.0,0.0,0.0,0.0,6591.5,17.7,0.0
2050-12-06 15:00:00,2050-12-06 13:00:00,1530.5,3369.2,0.0,22.3,4922.1,1483.0,-2393.7,0.0,2393.7,0.031,0.04,battery,wind-ons,0.0,0.0,0.0,0.0,0.0,0.0,0.0,0.0,0.0,0.0,0.0,0.0,0.0,0.0,0.0,0.0,0.0,0.0,139.8,2.6,0.26,16.5,1054.1,0.06,140.0,47.9,187.9,0.0,0.0,0.0,0.0,0.0,0.0,0.0,0.0,0.0,4.57,0.0,0.0,4.57,4.76,0.0,0.0,4.76,0.0,0.0,0.0,7315.8,7315.8,0.0,0.0,0.0,0.0,0.0,308.4,0.0,0.0,0.0,0.0,0.0,0.0,0.0,6998.6,8.8,0.0
2050-12-06 16:00:00,2050-12-06 14:00:00,1541.1,3228.9,0.0,27.9,4797.9,1493.1,-2751.6,0.0,2751.6,0.0311,0.0403,battery,upv,0.0,0.0,0.0,0.0,0.0,0.0,0.0,0.0,0.0,0.0,0.0,0.0,0.0,0.0,0.0,0.0,0.0,0.0,146.6,2.8,0.28,17.3,1105.2,0.06,146.8,50.3,197.0,0.0,0.0,0.0,0.0,0.0,0.0,0.0,0.0,0.0,4.57,0.0,0.0,4.57,4.76,0.0,0.0,4.76,0.0,0.0,0.0,7549.4,7549.4,0.0,0.0,0.0,0.0,0.0,318.3,0.0,0.0,0.0,0.0,0.0,0.0,0.0,7224.8,6.4,0.0
2050-12-06 17:00:00,2050-12-06 15:00:00,1626.3,2431.9,0.0,11.9,4070.1,1574.9,-1509.9,95.3,1605.2,0.0316,0.0425,battery,gas-cc,0.0,0.0,0.0,0.0,0.0,0.0,0.0,0.0,0.0,0.0,0.0,0.0,0.0,0.0,0.0,0.0,0.0,0.0,160.5,3.0,0.3,19.0,1210.5,0.07,160.7,55.1,215.8,407.9,7.7,0.77,48.2,3078.4,0.18,408.4,140.0,548.4,22.49,0.0,0.0,22.49,23.49,0.0,0.0,23.49,0.0,0.0,0.0,5580.0,5580.0,0.0,0.0,0.0,0.0,0.0,235.3,0.0,0.0,0.0,0.0,0.0,0.0,0.0,5341.0,3.6,0.0
2050-12-06 18:00:00,2050-12-06 16:00:00,1734.7,0.0,0.0,5.3,1740.1,1678.5,1025.6,0.0,821.8,0.0324,0.0454,battery,gas-cc,0.0,0.0,0.0,0.0,0.0,0.0,0.0,0.0,0.0,0.0,0.0,0.0,0.0,0.0,0.0,0.0,0.0,0.0,178.5,3.4,0.34,21.1,1346.4,0.08,178.7,61.2,240.0,456.5,8.6,0.86,53.9,3444.7,0.2,457.0,156.6,613.6,33.24,0.0,0.0,33.24,34.82,0.0,0.0,34.82,0.0,0.0,0.0,2561.9,714.4,1847.4,0.0,0.0,0.0,0.0,30.0,0.0,0.0,0.0,0.0,0.0,0.0,0.0,681.8,2.6,0.0
2050-12-06 19:00:00,2050-12-06 17:00:00,1889.5,0.0,0.0,3.0,1892.5,1825.9,1890.7,0.0,467.9,0.0336,0.0494,battery,gas-cc,0.0,0.0,0.0,0.0,0.0,0.0,0.0,0.0,0.0,0.0,0.0,0.0,0.0,0.0,0.0,0.0,0.0,0.0,176.0,3.3,0.33,20.8,1326.8,0.08,176.2,60.3,236.5,381.2,7.2,0.72,45.0,2876.9,0.17,381.6,130.8,512.5,33.24,0.0,0.0,33.24,34.97,0.0,0.0,34.97,0.0,0.0,0.0,2360.4,1.8,2358.6,0.0,0.0,0.0,0.0,0.0,0.0,0.0,0.0,0.0,0.0,0.0,0.0,0.0,1.8,0.0
2050-12-06 20:00:00,2050-12-06 18:00:00,2007.4,0.0,0.0,5.3,2012.6,1937.8,2010.4,0.0,811.2,0.0346,0.0525,battery,gas-cc,0.0,0.0,0.0,0.0,0.0,0.0,0.0,0.0,0.0,0.0,0.0,0.0,0.0,0.0,0.0,0.0,0.0,0.0,180.8,3.4,0.34,21.4,1363.6,0.08,181.0,62.0,243.0,382.5,7.2,0.72,45.2,2886.2,0.17,382.9,131.2,514.1,33.24,0.0,0.0,33.24,35.08,0.0,0.0,35.08,0.0,0.0,0.0,2823.8,2.3,2821.5,0.0,0.0,0.0,0.0,0.0,0.0,0.0,0.0,0.0,0.0,0.0,0.0,0.0,2.3,0.0
2050-12-06 21:00:00,2050-12-06 19:00:00,1946.3,0.0,0.0,0.7,1947.0,1879.9,1937.1,0.0,105.2,0.0341,0.0509,battery,gas-cc,0.0,0.0,0.0,0.0,0.0,0.0,0.0,0.0,0.0,0.0,0.0,0.0,0.0,0.0,0.0,0.0,0.0,0.0,175.8,3.3,0.33,20.8,1325.9,0.08,176.0,60.3,236.3,381.8,7.2,0.72,45.1,2881.4,0.17,382.2,131.0,513.3,33.24,0.0,0.0,33.24,35.02,0.0,0.0,35.02,0.0,0.0,0.0,2052.2,9.9,2042.2,0.0,0.0,0.0,0.0,0.0,0.0,0.0,0.0,0.0,0.0,0.0,0.0,0.0,9.9,0.0
2050-12-06 22:00:00,2050-12-06 20:00:00,1811.6,0.0,0.0,0.5,1812.1,1751.8,1795.1,0.0,73.1,0.033,0.0474,battery,gas-cc,0.0,0.0,0.0,0.0,0.0,0.0,0.0,0.0,0.0,0.0,0.0,0.0,0.0,0.0,0.0,0.0,0.0,0.0,186.8,3.5,0.35,22.1,1408.5,0.08,187.0,64.1,251.0,380.4,7.2,0.72,44.9,2870.7,0.16,380.8,130.5,511.4,33.24,0.0,0.0,33.24,34.89,0.0,0.0,34.89,0.0,0.0,0.0,1885.1,17.0,1868.1,0.0,0.0,0.0,0.0,0.0,0.0,0.0,0.0,0.0,0.0,0.0,0.0,0.0,17.0,0.0
2050-12-06 23:00:00,2050-12-06 21:00:00,1690.5,0.0,0.0,2.4,1692.9,1636.3,1678.3,0.0,364.0,0.0321,0.0442,battery,gas-cc,0.0,0.0,0.0,0.0,0.0,0.0,0.0,0.0,0.0,0.0,0.0,0.0,0.0,0.0,0.0,0.0,0.0,0.0,171.5,3.2,0.32,20.3,1293.4,0.07,171.7,58.8,230.6,455.9,8.6,0.86,53.9,3440.5,0.2,456.4,156.4,612.9,33.24,0.0,0.0,33.24,34.78,0.0,0.0,34.78,0.0,0.0,0.0,2056.9,14.6,2042.2,0.0,0.0,0.0,0.0,0.0,0.0,0.0,0.0,0.0,0.0,0.0,0.0,0.0,14.6,0.0
2050-12-07 00:00:00,2050-12-06 22:00:00,1551.6,0.0,0.0,6.9,1558.5,1503.2,1546.5,445.3,0.0,0.0312,0.0406,battery,gas-cc,0.0,0.0,0.0,0.0,0.0,0.0,0.0,0.0,0.0,0.0,0.0,0.0,0.0,0.0,0.0,0.0,0.0,0.0,158.7,3.0,0.3,18.7,1196.1,0.07,158.8,54.4,213.3,371.6,7.0,0.7,43.9,2804.3,0.16,372.0,127.5,499.5,32.92,0.0,0.0,32.92,34.31,0.0,0.0,34.31,0.0,0.0,0.0,1113.2,12.0,1101.2,0.0,0.0,0.0,0.0,0.0,0.0,0.0,0.0,0.0,0.0,0.0,0.0,0.0,12.0,0.0
2050-12-07 01:00:00,2050-12-06 23:00:00,1430.5,0.0,0.0,6.9,1437.4,1386.9,1425.2,445.3,0.0,0.0305,0.0374,battery,gas-cc,0.0,0.0,0.0,0.0,0.0,0.0,0.0,0.0,0.0,0.0,0.0,0.0,0.0,0.0,0.0,0.0,0.0,0.0,160.1,3.0,0.3,18.9,1206.8,0.07,160.3,54.9,215.2,370.4,7.0,0.7,43.8,2795.1,0.16,370.8,127.1,497.9,32.92,0.0,0.0,32.92,34.2,0.0,0.0,34.2,0.0,0.0,0.0,992.1,12.3,979.9,0.0,0.0,0.0,0.0,0.0,0.0,0.0,0.0,0.0,0.0,0.0,0.0,0.0,12.3,0.0
2050-12-07 02:00:00,2050-12-07 00:00:00,1302.1,0.0,0.0,6.9,1309.0,1263.1,1293.1,445.3,0.0,0.03,0.0341,battery,gas-cc,0.0,0.0,0.0,0.0,0.0,0.0,0.0,0.0,0.0,0.0,0.0,0.0,0.0,0.0,0.0,0.0,0.0,0.0,163.2,3.1,0.31,19.3,1230.4,0.07,163.4,56.0,219.3,369.1,7.0,0.7,43.6,2785.4,0.16,369.5,126.7,496.2,32.92,0.0,0.0,32.92,34.08,0.0,0.0,34.08,0.0,0.0,0.0,863.7,15.9,847.8,0.0,0.0,0.0,0.0,0.0,0.0,0.0,0.0,0.0,0.0,0.0,0.0,0.0,15.9,0.0
2050-12-07 03:00:00,2050-12-07 01:00:00,1211.6,0.0,0.0,6.9,1218.5,1175.5,1193.7,445.3,0.0,0.0298,0.0317,battery,gas-cc,0.0,0.0,0.0,0.0,0.0,0.0,0.0,0.0,0.0,0.0,0.0,0.0,0.0,0.0,0.0,0.0,0.0,0.0,154.8,2.9,0.29,18.3,1167.2,0.07,155.0,53.1,208.1,368.2,6.9,0.69,43.5,2778.6,0.16,368.6,126.3,494.9,32.92,0.0,0.0,32.92,34.0,0.0,0.0,34.0,0.0,0.0,0.0,773.2,24.8,748.3,0.0,0.0,0.0,0.0,0.0,0.0,0.0,0.0,0.0,0.0,0.0,0.0,0.0,24.8,0.0
2050-12-07 04:00:00,2050-12-07 02:00:00,1156.8,0.0,0.0,6.9,1163.7,1122.5,1136.0,445.3,0.0,0.0297,0.0303,battery,gas-cc,0.0,0.0,0.0,0.0,0.0,0.0,0.0,0.0,0.0,0.0,0.0,0.0,0.0,0.0,0.0,0.0,0.0,0.0,234.7,4.4,0.44,27.7,1770.3,0.1,234.9,80.5,315.4,367.7,6.9,0.69,43.4,2774.5,0.16,368.1,126.2,494.2,32.92,0.0,0.0,32.92,33.94,0.0,0.0,33.94,0.0,0.0,0.0,718.4,27.8,690.7,0.0,0.0,0.0,0.0,0.0,0.0,0.0,0.0,0.0,0.0,0.0,0.0,0.0,27.8,0.0
2050-12-07 05:00:00,2050-12-07 03:00:00,1124.2,0.0,0.0,6.9,1131.1,1090.8,1103.6,445.3,0.0,0.0297,0.0294,battery,gas-cc,0.0,0.0,0.0,0.0,0.0,0.0,0.0,0.0,0.0,0.0,0.0,0.0,0.0,0.0,0.0,0.0,0.0,0.0,201.1,3.8,0.38,23.8,1516.5,0.09,201.3,69.0,270.2,367.3,6.9,0.69,43.4,2772.0,0.16,367.7,126.0,493.8,32.92,0.0,0.0,32.92,33.92,0.0,0.0,33.92,0.0,0.0,0.0,685.8,27.5,658.3,0.0,0.0,0.0,0.0,0.0,0.0,0.0,0.0,0.0,0.0,0.0,0.0,0.0,27.5,0.0
2050-12-07 06:00:00,2050-12-07 04:00:00,1124.2,0.0,0.0,11.1,1135.3,1090.8,1106.1,1088.4,0.0,0.0297,0.0294,battery,gas-cc,0.0,0.0,0.0,0.0,0.0,0.0,0.0,0.0,0.0,15.9,0.3,0.03,3.8,124.8,0.05,16.0,7.5,23.5,153.7,2.9,0.29,18.2,1158.8,0.07,153.9,52.7,206.6,370.7,7.0,0.7,43.8,2797.4,0.16,371.1,127.2,498.3,32.92,0.0,0.0,32.92,33.92,0.0,0.0,33.92,0.0,0.0,0.0,46.9,29.2,17.6,0.0,0.0,0.0,0.0,0.0,0.0,0.0,0.0,0.0,0.0,0.0,0.0,0.0,29.2,0.0
2050-12-07 07:00:00,2050-12-07 05:00:00,1188.4,0.0,0.0,6.9,1195.3,1153.1,1166.9,445.3,0.0,0.0297,0.0311,battery,gas-cc,0.0,0.0,0.0,0.0,0.0,0.0,0.0,0.0,0.0,0.0,0.0,0.0,0.0,0.0,0.0,0.0,0.0,0.0,151.1,2.9,0.29,17.9,1139.0,0.07,151.3,51.8,203.1,368.0,6.9,0.69,43.5,2776.8,0.16,368.4,126.3,494.6,32.92,0.0,0.0,32.92,33.97,0.0,0.0,33.97,0.0,0.0,0.0,750.0,28.5,721.6,0.0,0.0,0.0,0.0,0.0,0.0,0.0,0.0,0.0,0.0,0.0,0.0,0.0,28.5,0.0
2050-12-07 08:00:00,2050-12-07 06:00:00,1343.2,0.0,0.0,6.9,1350.1,1302.7,1320.9,445.3,0.0,0.0301,0.0351,battery,gas-cc,0.0,0.0,0.0,0.0,0.0,0.0,0.0,0.0,0.0,0.0,0.0,0.0,0.0,0.0,0.0,0.0,0.0,0.0,154.1,2.9,0.29,18.2,1161.5,0.07,154.2,52.8,207.1,369.5,7.0,0.7,43.7,2788.5,0.16,369.9,126.8,496.7,32.92,0.0,0.0,32.92,34.12,0.0,0.0,34.12,0.0,0.0,0.0,904.8,29.2,875.6,0.0,0.0,0.0,0.0,0.0,0.0,0.0,0.0,0.0,0.0,0.0,0.0,0.0,29.2,0.0
2050-12-07 09:00:00,2050-12-07 07:00:00,1453.7,0.0,0.0,7.1,1460.8,1409.2,-526.5,168.1,694.6,0.0306,0.038,hydro,gas-cc,0.0,0.0,0.0,0.0,0.0,0.0,0.0,0.0,0.0,0.0,0.0,0.0,0.0,0.0,0.0,0.0,0.0,0.0,139.8,2.6,0.26,16.5,1053.6,0.06,139.9,47.9,187.8,369.1,7.0,0.7,43.6,2785.0,0.16,369.5,126.6,496.1,32.16,0.0,0.0,32.16,33.43,0.0,0.0,33.43,0.0,0.0,0.0,1987.3,1987.3,0.0,0.0,0.0,0.0,0.0,82.4,0.0,0.0,0.0,0.0,0.0,0.0,0.0,1870.8,34.1,0.0
2050-12-07 10:00:00,2050-12-07 08:00:00,1562.1,2626.7,0.0,4.7,4193.6,1513.3,-730.1,0.0,730.1,0.0312,0.0409,battery,gas-cc,0.0,0.0,0.0,0.0,0.0,0.0,0.0,0.0,0.0,0.0,0.0,0.0,0.0,0.0,0.0,0.0,0.0,0.0,170.1,3.2,0.32,20.1,1282.6,0.07,170.3,58.3,228.6,397.2,7.5,0.75,46.9,2997.2,0.17,397.6,136.3,533.9,21.59,0.0,0.0,21.59,22.51,0.0,0.0,22.51,0.0,0.0,0.0,4923.7,4923.7,0.0,0.0,0.0,0.0,0.0,206.2,0.0,0.0,0.0,0.0,0.0,0.0,0.0,4681.9,35.5,0.0
2050-12-07 11:00:00,2050-12-07 09:00:00,1562.1,2650.9,0.0,9.8,4222.8,1513.3,-1509.5,0.0,1509.5,0.0312,0.0409,battery,gas-cc,0.0,0.0,0.0,0.0,0.0,0.0,0.0,0.0,0.0,0.0,0.0,0.0,0.0,0.0,0.0,0.0,0.0,0.0,164.2,3.1,0.31,19.4,1238.2,0.07,164.4,56.3,220.7,397.2,7.5,0.75,46.9,2997.2,0.17,397.6,136.3,533.9,21.59,0.0,0.0,21.59,22.51,0.0,0.0,22.51,0.0,0.0,0.0,5732.3,5732.3,0.0,0.0,0.0,0.0,0.0,241.3,0.0,0.0,0.0,0.0,0.0,0.0,0.0,5473.5,17.5,0.0
2050-12-07 12:00:00,2050-12-07 10:00:00,1512.6,3432.3,0.0,9.9,4954.8,1465.9,-1519.4,0.0,1519.4,0.0309,0.0396,battery,gas-cc,0.0,0.0,0.0,0.0,0.0,0.0,0.0,0.0,0.0,0.0,0.0,0.0,0.0,0.0,0.0,0.0,0.0,0.0,139.8,2.6,0.26,16.5,1054.0,0.06,140.0,47.9,187.9,396.6,7.5,0.75,46.9,2993.2,0.17,397.1,136.1,533.2,21.59,0.0,0.0,21.59,22.48,0.0,0.0,22.48,0.0,0.0,0.0,6474.2,6474.2,0.0,0.0,0.0,0.0,0.0,272.1,0.0,0.0,0.0,0.0,0.0,0.0,0.0,6174.7,27.4,0.0
2050-12-07 13:00:00,2050-12-07 11:00:00,1455.8,3924.6,0.0,10.5,5390.9,1411.2,-1613.1,0.0,1613.1,0.0306,0.0381,battery,gas-cc,0.0,0.0,0.0,0.0,0.0,0.0,0.0,0.0,0.0,0.0,0.0,0.0,0.0,0.0,0.0,0.0,0.0,0.0,145.1,2.7,0.27,17.1,1094.1,0.06,145.3,49.8,195.0,396.0,7.5,0.75,46.8,2988.6,0.17,396.5,135.9,532.4,21.59,0.0,0.0,21.59,22.44,0.0,0.0,22.44,0.0,0.0,0.0,7003.9,7003.9,0.0,0.0,0.0,0.0,0.0,293.2,0.0,0.0,0.0,0.0,0.0,0.0,0.0,6656.1,54.6,0.0
2050-12-07 14:00:00,2050-12-07 12:00:00,1455.8,4019.6,0.0,13.3,5488.6,1411.2,-1808.3,0.0,1808.3,0.0306,0.0381,battery,gas-cc,0.0,0.0,0.0,0.0,0.0,0.0,0.0,0.0,0.0,0.0,0.0,0.0,0.0,0.0,0.0,0.0,0.0,0.0,139.8,2.6,0.26,16.5,1053.6,0.06,139.9,47.9,187.8,292.3,5.5,0.55,34.5,2205.6,0.13,292.6,100.3,392.9,20.68,0.0,0.0,20.68,21.5,0.0,0.0,21.5,0.0,0.0,0.0,7297.0,7297.0,0.0,0.0,0.0,0.0,0.0,304.4,0.0,0.0,0.0,0.0,0.0,0.0,0.0,6908.1,84.4,0.0
2050-12-07 15:00:00,2050-12-07 13:00:00,1478.9,4019.6,0.0,19.3,5517.8,1433.5,-2194.9,0.0,2194.9,0.0307,0.0387,battery,gas-cc,0.0,0.0,0.0,0.0,0.0,0.0,0.0,0.0,0.0,0.0,0.0,0.0,0.0,0.0,0.0,0.0,0.0,0.0,142.6,2.7,0.27,16.9,1075.3,0.06,142.8,48.9,191.7,396.3,7.5,0.75,46.8,2990.4,0.17,396.7,136.0,532.7,20.68,0.0,0.0,20.68,21.52,0.0,0.0,21.52,0.0,0.0,0.0,7712.7,7712.7,0.0,0.0,0.0,0.0,0.0,321.6,0.0,0.0,0.0,0.0,0.0,0.0,0.0,7295.9,95.3,0.0
2050-12-07 16:00:00,2050-12-07 14:00:00,1489.5,4019.6,0.0,18.7,5527.8,1443.6,-2160.1,0.0,2160.1,0.0308,0.039,battery,gas-cc,0.0,0.0,0.0,0.0,0.0,0.0,0.0,0.0,0.0,0.0,0.0,0.0,0.0,0.0,0.0,0.0,0.0,0.0,140.2,2.6,0.27,16.6,1057.0,0.06,140.4,48.1,188.4,396.4,7.5,0.75,46.8,2991.3,0.17,396.8,136.0,532.8,20.68,0.0,0.0,20.68,21.52,0.0,0.0,21.52,0.0,0.0,0.0,7687.9,7687.9,0.0,0.0,0.0,0.0,0.0,319.7,0.0,0.0,0.0,0.0,0.0,0.0,0.0,7257.1,111.1,0.0
2050-12-07 17:00:00,2050-12-07 15:00:00,1551.6,2431.9,0.0,23.5,4007.0,1503.2,-2025.5,0.0,2025.5,0.0312,0.0406,battery,gas-cc,0.0,0.0,0.0,0.0,0.0,0.0,0.0,0.0,0.0,0.0,0.0,0.0,0.0,0.0,0.0,0.0,0.0,0.0,141.6,2.7,0.27,16.7,1067.8,0.06,141.8,48.6,190.4,397.1,7.5,0.75,46.9,2996.4,0.17,397.5,136.2,533.7,26.62,0.0,0.0,26.62,27.75,0.0,0.0,27.75,0.0,0.0,0.0,6032.4,6032.4,0.0,0.0,0.0,0.0,0.0,249.7,0.0,0.0,0.0,0.0,0.0,0.0,0.0,5667.4,115.3,0.0
2050-12-07 18:00:00,2050-12-07 16:00:00,1644.2,0.0,0.0,10.7,1654.9,1592.0,702.4,0.0,1640.0,0.0318,0.043,battery,gas-cc,0.0,0.0,0.0,0.0,0.0,0.0,0.0,0.0,0.0,0.0,0.0,0.0,0.0,0.0,0.0,0.0,0.0,0.0,220.1,4.1,0.42,26.0,1660.3,0.1,220.3,75.5,295.8,403.6,7.6,0.76,47.7,3045.7,0.17,404.0,138.5,542.5,34.42,0.0,0.0,34.42,35.96,0.0,0.0,35.96,0.0,0.0,0.0,3294.8,952.5,2342.4,0.0,0.0,0.0,0.0,35.2,0.0,0.0,0.0,0.0,0.0,0.0,0.0,798.1,119.2,0.0
2050-12-07 19:00:00,2050-12-07 17:00:00,1814.7,0.0,0.0,4.9,1819.6,1754.8,1709.2,0.0,751.7,0.033,0.0475,battery,gas-cc,0.0,0.0,0.0,0.0,0.0,0.0,0.0,0.0,0.0,0.0,0.0,0.0,0.0,0.0,0.0,0.0,0.0,0.0,158.5,3.0,0.3,18.7,1194.5,0.07,158.6,54.3,213.0,394.4,7.4,0.74,46.6,2976.3,0.17,394.8,135.3,530.2,34.42,0.0,0.0,34.42,36.13,0.0,0.0,36.13,0.0,0.0,0.0,2571.4,110.4,2461.0,0.0,0.0,0.0,0.0,0.0,0.0,0.0,0.0,0.0,0.0,0.0,0.0,0.0,110.4,0.0
2050-12-07 20:00:00,2050-12-07 18:00:00,1932.6,0.0,0.0,5.0,1937.6,1866.9,1860.8,0.0,765.9,0.034,0.0505,battery,gas-cc,0.0,0.0,0.0,0.0,0.0,0.0,0.0,0.0,0.0,0.0,0.0,0.0,0.0,0.0,0.0,0.0,0.0,0.0,175.8,3.3,0.33,20.8,1325.6,0.08,176.0,60.3,236.3,395.7,7.5,0.75,46.7,2986.0,0.17,396.1,135.8,531.9,34.42,0.0,0.0,34.42,36.25,0.0,0.0,36.25,0.0,0.0,0.0,2703.5,76.8,2626.7,0.0,0.0,0.0,0.0,0.0,0.0,0.0,0.0,0.0,0.0,0.0,0.0,0.0,76.8,0.0
2050-12-07 21:00:00,2050-12-07 19:00:00,1902.1,0.0,0.0,2.2,1904.3,1837.9,1848.9,0.0,343.2,0.0337,0.0497,battery,gas-cc,0.0,0.0,0.0,0.0,0.0,0.0,0.0,0.0,0.0,0.0,0.0,0.0,0.0,0.0,0.0,0.0,0.0,0.0,185.6,3.5,0.35,21.9,1399.7,0.08,185.8,63.7,249.5,395.4,7.5,0.75,46.7,2983.4,0.17,395.8,135.7,531.4,34.42,0.0,0.0,34.42,36.22,0.0,0.0,36.22,0.0,0.0,0.0,2247.5,55.4,2192.1,0.0,0.0,0.0,0.0,0.0,0.0,0.0,0.0,0.0,0.0,0.0,0.0,0.0,55.4,0.0
2050-12-07 22:00:00,2050-12-07 20:00:00,1796.8,0.0,0.0,1.9,1798.7,1737.8,1750.1,0.0,292.1,0.0329,0.047,battery,gas-cc,0.0,0.0,0.0,0.0,0.0,0.0,0.0,0.0,0.0,0.0,0.0,0.0,0.0,0.0,0.0,0.0,0.0,0.0,163.6,3.1,0.31,19.3,1233.4,0.07,163.8,56.1,219.9,394.2,7.4,0.74,46.6,2974.8,0.17,394.6,135.3,529.9,34.42,0.0,0.0,34.42,36.11,0.0,0.0,36.11,0.0,0.0,0.0,2090.8,48.6,2042.2,0.0,0.0,0.0,0.0,0.0,0.0,0.0,0.0,0.0,0.0,0.0,0.0,0.0,48.6,0.0
2050-12-07 23:00:00,2050-12-07 21:00:00,1698.9,0.0,0.0,10.7,1709.6,1644.3,1665.6,0.0,1640.0,0.0321,0.0444,battery,gas-cc,0.0,0.0,0.0,0.0,0.0,0.0,0.0,0.0,0.0,0.0,0.0,0.0,0.0,0.0,0.0,0.0,0.0,0.0,162.6,3.1,0.31,19.2,1225.6,0.07,162.7,55.7,218.5,404.2,7.6,0.76,47.7,3050.2,0.18,404.6,138.7,543.3,34.42,0.0,0.0,34.42,36.02,0.0,0.0,36.02,0.0,0.0,0.0,3349.6,44.1,3305.5,0.0,0.0,0.0,0.0,0.0,0.0,0.0,0.0,0.0,0.0,0.0,0.0,0.0,44.1,0.0
2050-12-08 00:00:00,2050-12-07 22:00:00,1572.6,0.0,0.0,0.0,1572.6,1523.4,1531.5,0.0,0.0,0.0313,0.0411,battery,gas-cc,0.0,0.0,0.0,0.0,0.0,0.0,0.0,0.0,0.0,0.0,0.0,0.0,0.0,0.0,0.0,0.0,0.0,0.0,240.1,4.5,0.45,28.4,1811.1,0.1,240.3,82.4,322.7,425.6,8.0,0.8,50.3,3211.7,0.18,426.1,146.0,572.1,37.55,0.0,0.0,37.55,39.16,0.0,0.0,39.16,0.0,0.0,0.0,1572.6,41.1,1531.5,0.0,0.0,0.0,0.0,0.0,0.0,0.0,0.0,0.0,0.0,0.0,0.0,0.0,41.1,0.0
2050-12-08 01:00:00,2050-12-07 23:00:00,1441.1,0.0,0.0,0.0,1441.1,1397.0,1394.1,0.0,0.0,0.0305,0.0377,battery,gas-cc,0.0,0.0,0.0,0.0,0.0,0.0,0.0,0.0,0.0,0.0,0.0,0.0,0.0,0.0,0.0,0.0,0.0,0.0,239.1,4.5,0.45,28.2,1803.4,0.1,239.3,82.0,321.3,424.1,8.0,0.8,50.1,3200.3,0.18,424.5,145.5,570.1,37.55,0.0,0.0,37.55,39.02,0.0,0.0,39.02,0.0,0.0,0.0,1441.1,47.0,1394.1,0.0,0.0,0.0,0.0,0.0,0.0,0.0,0.0,0.0,0.0,0.0,0.0,0.0,47.0,0.0
2050-12-08 02:00:00,2050-12-08 00:00:00,1306.3,0.0,0.0,0.0,1306.3,1267.1,1260.4,0.0,0.0,0.03,0.0342,battery,gas-cc,0.0,0.0,0.0,0.0,0.0,0.0,0.0,0.0,0.0,0.0,0.0,0.0,0.0,0.0,0.0,0.0,0.0,0.0,161.5,3.0,0.31,19.1,1217.8,0.07,161.7,55.4,217.1,422.5,8.0,0.8,49.9,3188.6,0.18,423.0,145.0,568.0,37.55,0.0,0.0,37.55,38.87,0.0,0.0,38.87,0.0,0.0,0.0,1306.3,45.9,1260.4,0.0,0.0,0.0,0.0,0.0,0.0,0.0,0.0,0.0,0.0,0.0,0.0,0.0,45.9,0.0
2050-12-08 03:00:00,2050-12-08 01:00:00,1208.4,0.0,0.0,0.0,1208.4,1172.5,1168.3,0.0,0.0,0.0298,0.0316,battery,gas-cc,0.0,0.0,0.0,0.0,0.0,0.0,0.0,0.0,0.0,0.0,0.0,0.0,0.0,0.0,0.0,0.0,0.0,0.0,163.8,3.1,0.31,19.4,1235.2,0.07,164.0,56.2,220.2,421.4,7.9,0.79,49.8,3180.2,0.18,421.9,144.6,566.5,37.55,0.0,0.0,37.55,38.77,0.0,0.0,38.77,0.0,0.0,0.0,1208.4,40.1,1168.3,0.0,0.0,0.0,0.0,0.0,0.0,0.0,0.0,0.0,0.0,0.0,0.0,0.0,40.1,0.0
2050-12-08 04:00:00,2050-12-08 02:00:00,1154.7,0.0,0.0,0.0,1154.7,1120.4,1126.6,0.0,0.0,0.0297,0.0302,battery,gas-cc,0.0,0.0,0.0,0.0,0.0,0.0,0.0,0.0,0.0,0.0,0.0,0.0,0.0,0.0,0.0,0.0,0.0,0.0,163.1,3.1,0.31,19.3,1229.3,0.07,163.2,55.9,219.1,420.8,7.9,0.79,49.7,3175.5,0.18,421.3,144.4,565.7,37.55,0.0,0.0,37.55,38.72,0.0,0.0,38.72,0.0,0.0,0.0,1154.7,28.1,1126.6,0.0,0.0,0.0,0.0,0.0,0.0,0.0,0.0,0.0,0.0,0.0,0.0,0.0,28.1,0.0
2050-12-08 05:00:00,2050-12-08 03:00:00,1124.2,0.0,0.0,0.0,1124.2,1090.8,1105.3,0.0,0.0,0.0297,0.0294,battery,gas-cc,0.0,0.0,0.0,0.0,0.0,0.0,0.0,0.0,0.0,0.0,0.0,0.0,0.0,0.0,0.0,0.0,0.0,0.0,164.6,3.1,0.31,19.4,1241.1,0.07,164.8,56.5,221.2,420.5,7.9,0.79,49.7,3172.9,0.18,420.9,144.3,565.2,37.55,0.0,0.0,37.55,38.68,0.0,0.0,38.68,0.0,0.0,0.0,1124.2,18.9,1105.3,0.0,0.0,0.0,0.0,0.0,0.0,0.0,0.0,0.0,0.0,0.0,0.0,0.0,18.9,0.0
2050-12-08 06:00:00,2050-12-08 04:00:00,1128.4,0.0,0.0,0.0,1128.4,1094.9,1117.4,0.0,0.0,0.0297,0.0295,battery,gas-cc,0.0,0.0,0.0,0.0,0.0,0.0,0.0,0.0,0.0,0.0,0.0,0.0,0.0,0.0,0.0,0.0,0.0,0.0,204.0,3.8,0.39,24.1,1538.9,0.09,204.2,70.0,274.2,420.5,7.9,0.79,49.7,3173.3,0.18,421.0,144.3,565.3,37.55,0.0,0.0,37.55,38.69,0.0,0.0,38.69,0.0,0.0,0.0,1128.4,11.0,1117.4,0.0,0.0,0.0,0.0,0.0,0.0,0.0,0.0,0.0,0.0,0.0,0.0,0.0,11.0,0.0
2050-12-08 07:00:00,2050-12-08 05:00:00,1195.8,0.0,0.0,0.0,1195.8,1160.2,1187.8,0.0,0.0,0.0297,0.0313,battery,gas-cc,0.0,0.0,0.0,0.0,0.0,0.0,0.0,0.0,0.0,0.0,0.0,0.0,0.0,0.0,0.0,0.0,0.0,0.0,166.5,3.1,0.32,19.7,1255.4,0.07,166.7,57.1,223.8,421.3,7.9,0.79,49.8,3179.1,0.18,421.7,144.6,566.3,37.55,0.0,0.0,37.55,38.76,0.0,0.0,38.76,0.0,0.0,0.0,1195.8,8.0,1187.8,0.0,0.0,0.0,0.0,0.0,0.0,0.0,0.0,0.0,0.0,0.0,0.0,0.0,8.0,0.0
2050-12-08 08:00:00,2050-12-08 06:00:00,1348.4,0.0,0.0,0.0,1348.4,1307.8,1343.1,0.0,0.0,0.0301,0.0353,battery,gas-cc,0.0,0.0,0.0,0.0,0.0,0.0,0.0,0.0,0.0,0.0,0.0,0.0,0.0,0.0,0.0,0.0,0.0,0.0,174.6,3.3,0.33,20.6,1316.8,0.08,174.8,59.9,234.7,423.0,8.0,0.8,50.0,3192.2,0.18,423.5,145.2,568.6,37.55,0.0,0.0,37.55,38.92,0.0,0.0,38.92,0.0,0.0,0.0,1348.4,5.3,1343.1,0.0,0.0,0.0,0.0,0.0,0.0,0.0,0.0,0.0,0.0,0.0,0.0,0.0,5.3,0.0
2050-12-08 09:00:00,2050-12-08 07:00:00,1469.5,1555.0,0.0,0.0,3024.5,1424.4,0.0,0.0,0.0,0.0307,0.0384,battery,gas-cc,0.0,0.0,0.0,0.0,0.0,0.0,0.0,0.0,0.0,0.0,0.0,0.0,0.0,0.0,0.0,0.0,0.0,0.0,178.3,3.4,0.34,21.1,1344.7,0.08,178.5,61.2,239.6,360.9,6.8,0.68,42.6,2723.7,0.16,361.3,123.8,485.2,31.88,0.0,0.0,31.88,33.16,0.0,0.0,33.16,0.0,0.0,0.0,3024.5,3024.5,0.0,0.0,0.0,0.0,0.0,127.6,0.0,0.0,0.0,0.0,0.0,0.0,0.0,2895.1,1.8,0.0
2050-12-08 10:00:00,2050-12-08 08:00:00,1595.8,3435.1,0.0,26.4,5057.3,1545.6,-2656.0,0.0,2656.0,0.0314,0.0417,battery,hydro,0.0,0.0,0.0,0.0,0.0,0.0,0.0,0.0,0.0,0.0,0.0,0.0,0.0,0.0,0.0,0.0,0.0,0.0,146.6,2.8,0.28,17.3,1105.3,0.06,146.8,50.3,197.0,0.0,0.0,0.0,0.0,0.0,0.0,0.0,0.0,0.0,13.08,0.0,0.0,13.08,13.65,0.0,0.0,13.65,0.0,0.0,0.0,7713.3,7713.3,0.0,0.0,0.0,0.0,0.0,325.5,0.0,0.0,0.0,0.0,0.0,0.0,0.0,7386.3,1.5,0.0
2050-12-08 11:00:00,2050-12-08 09:00:00,1595.8,3655.8,0.0,28.9,5280.5,1545.6,-2816.0,0.0,2816.0,0.0314,0.0417,battery,wind-ons,0.0,0.0,0.0,0.0,0.0,0.0,0.0,0.0,0.0,0.0,0.0,0.0,0.0,0.0,0.0,0.0,0.0,0.0,139.9,2.6,0.26,16.5,1054.5,0.06,140.0,48.0,188.0,0.0,0.0,0.0,0.0,0.0,0.0,0.0,0.0,0.0,13.08,0.0,0.0,13.08,13.65,0.0,0.0,13.65,0.0,0.0,0.0,8096.5,8096.5,0.0,0.0,0.0,0.0,0.0,341.8,0.0,0.0,0.0,0.0,0.0,0.0,0.0,7754.7,0.1,0.0
2050-12-08 12:00:00,2050-12-08 10:00:00,1528.4,3343.3,0.0,28.8,4900.6,1481.0,-2811.3,0.0,2811.3,0.031,0.04,battery,hydro,0.0,0.0,0.0,0.0,0.0,0.0,0.0,0.0,0.0,0.0,0.0,0.0,0.0,0.0,0.0,0.0,0.0,0.0,139.8,2.6,0.26,16.5,1054.1,0.06,140.0,47.9,187.9,0.0,0.0,0.0,0.0,0.0,0.0,0.0,0.0,0.0,13.08,0.0,0.0,13.08,13.62,0.0,0.0,13.62,0.0,0.0,0.0,7711.9,7711.9,0.0,0.0,0.0,0.0,0.0,325.5,0.0,0.0,0.0,0.0,0.0,0.0,0.0,7386.3,0.0,0.0
2050-12-08 13:00:00,2050-12-08 11:00:00,1471.6,3045.5,0.0,28.8,4545.9,1426.4,-2812.0,0.0,2812.0,0.0307,0.0385,battery,hydro,0.0,0.0,0.0,0.0,0.0,0.0,0.0,0.0,0.0,0.0,0.0,0.0,0.0,0.0,0.0,0.0,0.0,0.0,139.8,2.6,0.26,16.5,1054.2,0.06,140.0,48.0,187.9,0.0,0.0,0.0,0.0,0.0,0.0,0.0,0.0,0.0,13.08,0.0,0.0,13.08,13.6,0.0,0.0,13.6,0.0,0.0,0.0,7357.8,7357.8,0.0,0.0,0.0,0.0,0.0,310.4,0.0,0.0,0.0,0.0,0.0,0.0,0.0,7043.8,3.6,0.0
2050-12-08 14:00:00,2050-12-08 12:00:00,1461.1,3600.4,0.0,22.5,5083.9,1416.3,-2400.8,0.0,2400.8,0.0306,0.0382,battery,gas-cc,0.0,0.0,0.0,0.0,0.0,0.0,0.0,0.0,0.0,0.0,0.0,0.0,0.0,0.0,0.0,0.0,0.0,0.0,143.6,2.7,0.27,17.0,1082.4,0.06,143.7,49.2,193.0,370.2,7.0,0.7,43.7,2793.4,0.16,370.6,127.0,497.6,13.08,0.0,0.0,13.08,13.6,0.0,0.0,13.6,0.0,0.0,0.0,7484.7,7484.7,0.0,0.0,0.0,0.0,0.0,315.4,0.0,0.0,0.0,0.0,0.0,0.0,0.0,7160.2,9.1,0.0
2050-12-08 15:00:00,2050-12-08 13:00:00,1474.7,3753.9,0.0,27.0,5255.7,1429.4,-2692.8,0.0,2692.8,0.0307,0.0386,battery,gas-cc,0.0,0.0,0.0,0.0,0.0,0.0,0.0,0.0,0.0,0.0,0.0,0.0,0.0,0.0,0.0,0.0,0.0,0.0,140.3,2.6,0.27,16.6,1057.6,0.06,140.4,48.1,188.5,333.3,6.3,0.63,39.4,2515.0,0.14,333.6,114.4,448.0,13.08,0.0,0.0,13.08,13.6,0.0,0.0,13.6,0.0,0.0,0.0,7948.4,7948.4,0.0,0.0,0.0,0.0,0.0,334.5,0.0,0.0,0.0,0.0,0.0,0.0,0.0,7593.1,20.7,0.0
2050-12-08 16:00:00,2050-12-08 14:00:00,1476.8,3859.2,0.0,28.9,5364.9,1431.5,-2816.0,0.0,2816.0,0.0307,0.0386,battery,upv,0.0,0.0,0.0,0.0,0.0,0.0,0.0,0.0,0.0,0.0,0.0,0.0,0.0,0.0,0.0,0.0,0.0,0.0,142.6,2.7,0.27,16.8,1073.2,0.06,142.7,48.8,191.6,0.0,0.0,0.0,0.0,0.0,0.0,0.0,0.0,0.0,13.08,0.0,0.0,13.08,13.6,0.0,0.0,13.6,0.0,0.0,0.0,8180.9,8180.9,0.0,0.0,0.0,0.0,0.0,343.9,0.0,0.0,0.0,0.0,0.0,0.0,0.0,7806.4,30.6,0.0
2050-12-08 17:00:00,2050-12-08 15:00:00,1533.7,2431.9,0.0,20.1,3985.6,1486.1,-2246.7,0.0,2246.7,0.031,0.0401,battery,gas-cc,0.0,0.0,0.0,0.0,0.0,0.0,0.0,0.0,0.0,0.0,0.0,0.0,0.0,0.0,0.0,0.0,0.0,0.0,142.2,2.7,0.27,16.8,1072.2,0.06,142.4,48.8,191.1,370.9,7.0,0.7,43.8,2798.9,0.16,371.3,127.3,498.6,18.1,0.0,0.0,18.1,18.86,0.0,0.0,18.86,0.0,0.0,0.0,6232.4,6232.4,0.0,0.0,0.0,0.0,0.0,261.5,0.0,0.0,0.0,0.0,0.0,0.0,0.0,5932.3,38.6,0.0
2050-12-08 18:00:00,2050-12-08 16:00:00,1615.8,0.0,0.0,18.2,1634.0,1564.8,679.8,0.0,1176.0,0.0316,0.0423,battery,gas-cc,0.0,0.0,0.0,0.0,0.0,0.0,0.0,0.0,0.0,0.0,0.0,0.0,0.0,0.0,0.0,0.0,0.0,0.0,163.2,3.1,0.31,19.3,1230.4,0.07,163.4,56.0,219.3,426.1,8.0,0.8,50.3,3215.5,0.18,426.6,146.2,572.8,37.55,0.0,0.0,37.55,39.2,0.0,0.0,39.2,0.0,0.0,0.0,2810.1,954.2,1855.9,0.0,0.0,0.0,0.0,38.2,0.0,0.0,0.0,0.0,0.0,0.0,0.0,866.7,49.2,0.0
2050-12-08 19:00:00,2050-12-08 17:00:00,1775.8,0.0,0.0,14.7,1790.5,1717.7,1733.4,0.0,946.2,0.0327,0.0464,battery,gas-cc,0.0,0.0,0.0,0.0,0.0,0.0,0.0,0.0,0.0,0.0,0.0,0.0,0.0,0.0,0.0,0.0,0.0,0.0,165.1,3.1,0.31,19.5,1244.3,0.07,165.2,56.6,221.8,428.0,8.1,0.81,50.6,3229.6,0.19,428.4,146.9,575.3,37.55,0.0,0.0,37.55,39.37,0.0,0.0,39.37,0.0,0.0,0.0,2736.6,57.0,2679.6,0.0,0.0,0.0,0.0,0.0,0.0,0.0,0.0,0.0,0.0,0.0,0.0,0.0,57.0,0.0
2050-12-08 20:00:00,2050-12-08 18:00:00,1902.1,0.0,0.0,18.2,1920.3,1837.9,1878.6,0.0,1176.0,0.0337,0.0497,battery,gas-cc,0.0,0.0,0.0,0.0,0.0,0.0,0.0,0.0,0.0,0.0,0.0,0.0,0.0,0.0,0.0,0.0,0.0,0.0,170.2,3.2,0.32,20.1,1283.5,0.07,170.4,58.4,228.8,429.5,8.1,0.81,50.7,3240.9,0.19,429.9,147.4,577.3,37.55,0.0,0.0,37.55,39.51,0.0,0.0,39.51,0.0,0.0,0.0,3096.4,41.7,3054.7,0.0,0.0,0.0,0.0,0.0,0.0,0.0,0.0,0.0,0.0,0.0,0.0,0.0,41.7,0.0
2050-12-08 21:00:00,2050-12-08 19:00:00,1871.6,0.0,0.0,18.2,1889.8,1808.9,1859.6,0.0,1176.0,0.0335,0.0489,battery,gas-cc,0.0,0.0,0.0,0.0,0.0,0.0,0.0,0.0,0.0,0.0,0.0,0.0,0.0,0.0,0.0,0.0,0.0,0.0,188.9,3.6,0.36,22.3,1424.6,0.08,189.1,64.8,253.9,429.1,8.1,0.81,50.7,3238.1,0.19,429.6,147.2,576.8,37.55,0.0,0.0,37.55,39.48,0.0,0.0,39.48,0.0,0.0,0.0,3065.9,30.2,3035.6,0.0,0.0,0.0,0.0,0.0,0.0,0.0,0.0,0.0,0.0,0.0,0.0,0.0,30.2,0.0
2050-12-08 22:00:00,2050-12-08 20:00:00,1773.7,0.0,0.0,18.2,1791.9,1715.7,1770.9,0.0,1176.0,0.0327,0.0464,battery,gas-cc,0.0,0.0,0.0,0.0,0.0,0.0,0.0,0.0,0.0,0.0,0.0,0.0,0.0,0.0,0.0,0.0,0.0,0.0,177.2,3.3,0.34,20.9,1336.0,0.08,177.4,60.8,238.2,428.0,8.1,0.81,50.6,3229.4,0.19,428.4,146.8,575.3,37.55,0.0,0.0,37.55,39.37,0.0,0.0,39.37,0.0,0.0,0.0,2968.0,21.0,2947.0,0.0,0.0,0.0,0.0,0.0,0.0,0.0,0.0,0.0,0.0,0.0,0.0,0.0,21.0,0.0
2050-12-08 23:00:00,2050-12-08 21:00:00,1675.8,0.0,0.0,18.2,1694.0,1622.2,1678.2,0.0,1176.0,0.032,0.0438,battery,gas-cc,0.0,0.0,0.0,0.0,0.0,0.0,0.0,0.0,0.0,0.0,0.0,0.0,0.0,0.0,0.0,0.0,0.0,0.0,164.3,3.1,0.31,19.4,1238.6,0.07,164.5,56.3,220.8,426.8,8.0,0.8,50.4,3220.8,0.19,427.3,146.4,573.7,37.55,0.0,0.0,37.55,39.27,0.0,0.0,39.27,0.0,0.0,0.0,2870.1,15.8,2854.2,0.0,0.0,0.0,0.0,0.0,0.0,0.0,0.0,0.0,0.0,0.0,0.0,0.0,15.8,0.0
2050-12-09 00:00:00,2050-12-08 22:00:00,1569.5,0.0,0.0,7.9,1577.3,1520.4,1564.7,0.0,507.5,0.0313,0.041,gas-cc,gas-cc,0.0,0.0,0.0,0.0,0.0,0.0,0.0,0.0,0.0,0.0,0.0,0.0,0.0,0.0,0.0,0.0,0.0,0.0,165.7,3.1,0.31,19.6,1249.4,0.07,165.9,56.8,222.7,366.8,6.9,0.69,43.3,2768.3,0.16,367.2,125.9,493.1,37.55,0.0,0.0,37.55,39.15,0.0,0.0,39.15,0.0,0.0,0.0,2084.8,12.6,2072.2,0.0,0.0,0.0,0.0,0.0,0.0,0.0,0.0,0.0,0.0,0.0,0.0,0.0,12.6,0.0
2050-12-09 01:00:00,2050-12-08 23:00:00,1448.4,0.0,0.0,0.0,1448.4,1404.1,1438.8,0.0,0.0,0.0306,0.0379,battery,gas-cc,0.0,0.0,0.0,0.0,0.0,0.0,0.0,0.0,0.0,0.0,0.0,0.0,0.0,0.0,0.0,0.0,0.0,0.0,165.3,3.1,0.31,19.5,1246.4,0.07,165.5,56.7,222.2,424.2,8.0,0.8,50.1,3200.9,0.18,424.6,145.5,570.2,37.55,0.0,0.0,37.55,39.02,0.0,0.0,39.02,0.0,0.0,0.0,1448.4,9.7,1438.8,0.0,0.0,0.0,0.0,0.0,0.0,0.0,0.0,0.0,0.0,0.0,0.0,0.0,9.7,0.0
2050-12-09 02:00:00,2050-12-09 00:00:00,1320.0,0.0,0.0,0.0,1320.0,1280.4,1312.4,0.0,0.0,0.03,0.0345,battery,gas-cc,0.0,0.0,0.0,0.0,0.0,0.0,0.0,0.0,0.0,0.0,0.0,0.0,0.0,0.0,0.0,0.0,0.0,0.0,201.2,3.8,0.38,23.8,1517.2,0.09,201.4,69.0,270.4,422.7,8.0,0.8,49.9,3189.8,0.18,423.2,145.0,568.2,37.55,0.0,0.0,37.55,38.89,0.0,0.0,38.89,0.0,0.0,0.0,1320.0,7.6,1312.4,0.0,0.0,0.0,0.0,0.0,0.0,0.0,0.0,0.0,0.0,0.0,0.0,0.0,7.6,0.0
2050-12-09 03:00:00,2050-12-09 01:00:00,1213.7,0.0,0.0,0.0,1213.7,1177.6,1205.3,0.0,0.0,0.0298,0.0317,battery,gas-cc,0.0,0.0,0.0,0.0,0.0,0.0,0.0,0.0,0.0,0.0,0.0,0.0,0.0,0.0,0.0,0.0,0.0,0.0,172.7,3.3,0.33,20.4,1302.0,0.08,172.9,59.2,232.1,421.5,7.9,0.79,49.8,3180.6,0.18,421.9,144.6,566.6,37.55,0.0,0.0,37.55,38.78,0.0,0.0,38.78,0.0,0.0,0.0,1213.7,8.4,1205.3,0.0,0.0,0.0,0.0,0.0,0.0,0.0,0.0,0.0,0.0,0.0,0.0,0.0,8.4,0.0
2050-12-09 04:00:00,2050-12-09 02:00:00,1154.7,0.0,0.0,0.0,1154.7,1120.4,1146.1,0.0,0.0,0.0297,0.0302,battery,gas-cc,0.0,0.0,0.0,0.0,0.0,0.0,0.0,0.0,0.0,0.0,0.0,0.0,0.0,0.0,0.0,0.0,0.0,0.0,168.9,3.2,0.32,20.0,1273.3,0.07,169.1,57.9,227.0,420.8,7.9,0.79,49.7,3175.5,0.18,421.3,144.4,565.7,37.55,0.0,0.0,37.55,38.72,0.0,0.0,38.72,0.0,0.0,0.0,1154.7,8.7,1146.1,0.0,0.0,0.0,0.0,0.0,0.0,0.0,0.0,0.0,0.0,0.0,0.0,0.0,8.7,0.0
2050-12-09 05:00:00,2050-12-09 03:00:00,1118.9,0.0,0.0,4.9,1123.9,1085.7,1113.5,319.2,0.0,0.0297,0.0293,battery,gas-cc,0.0,0.0,0.0,0.0,0.0,0.0,0.0,0.0,0.0,0.0,0.0,0.0,0.0,0.0,0.0,0.0,0.0,0.0,259.4,4.9,0.49,30.6,1957.0,0.11,259.7,89.0,348.7,420.4,7.9,0.79,49.7,3172.5,0.18,420.9,144.3,565.1,37.55,0.0,0.0,37.55,38.68,0.0,0.0,38.68,0.0,0.0,0.0,804.7,10.4,794.3,0.0,0.0,0.0,0.0,0.0,0.0,0.0,0.0,0.0,0.0,0.0,0.0,0.0,10.4,0.0
2050-12-09 06:00:00,2050-12-09 04:00:00,1090.5,0.0,0.0,9.3,1099.9,1058.1,1088.3,819.2,0.0,0.0297,0.0285,battery,gas-cc,0.0,0.0,0.0,0.0,0.0,0.0,0.0,0.0,0.0,11.8,0.2,0.02,2.6,91.7,0.03,11.8,5.4,17.1,275.7,5.2,0.52,32.6,2080.1,0.12,276.0,94.6,370.6,420.1,7.9,0.79,49.6,3170.1,0.18,420.5,144.1,564.7,37.55,0.0,0.0,37.55,38.65,0.0,0.0,38.65,0.0,0.0,0.0,280.7,11.6,269.1,0.0,0.0,0.0,0.0,0.0,0.0,0.0,0.0,0.0,0.0,0.0,0.0,0.0,11.6,0.0
2050-12-09 07:00:00,2050-12-09 05:00:00,1105.3,0.0,0.0,11.2,1116.4,1072.4,1102.6,1102.6,0.0,0.0297,0.0289,hydro,gas-cc,0.0,0.0,0.0,0.0,0.0,0.0,0.0,0.0,0.0,23.2,0.4,0.04,4.8,179.7,0.05,23.2,10.1,33.3,172.8,3.3,0.33,20.4,1302.7,0.08,173.0,59.3,232.2,501.0,9.4,0.94,59.2,3780.9,0.22,501.6,171.9,673.5,35.01,0.0,0.0,35.01,36.05,0.0,0.0,36.05,0.0,0.0,0.0,13.8,13.8,0.0,0.0,0.0,0.0,0.0,0.0,0.0,0.0,0.0,0.0,0.0,0.0,0.0,0.0,13.8,0.0
2050-12-09 08:00:00,2050-12-09 06:00:00,1160.0,0.0,0.0,11.5,1171.5,1125.5,1158.4,1158.4,0.0,0.0297,0.0303,battery,gas-cc,0.0,0.0,0.0,0.0,0.0,0.0,0.0,0.0,0.0,22.7,0.4,0.04,4.7,176.2,0.05,22.8,9.9,32.7,177.6,3.4,0.34,21.0,1339.3,0.08,177.8,60.9,238.7,407.8,7.7,0.77,48.2,3077.4,0.18,408.2,139.9,548.2,35.01,0.0,0.0,35.01,36.11,0.0,0.0,36.11,0.0,0.0,0.0,13.1,13.1,0.0,0.0,0.0,0.0,0.0,0.0,0.0,0.0,0.0,0.0,0.0,0.0,0.0,0.0,13.1,0.0
2050-12-09 09:00:00,2050-12-09 07:00:00,1208.4,1382.2,0.0,2.5,2593.1,1172.5,-380.2,0.0,380.2,0.0298,0.0316,hydro,gas-cc,0.0,0.0,0.0,0.0,0.0,0.0,0.0,0.0,0.0,0.0,0.0,0.0,0.0,0.0,0.0,0.0,0.0,0.0,139.6,2.6,0.26,16.5,1052.7,0.06,139.8,47.9,187.7,368.2,6.9,0.69,43.5,2778.3,0.16,368.6,126.3,494.9,26.7,0.0,0.0,26.7,27.57,0.0,0.0,27.57,0.0,0.0,0.0,2973.3,2973.3,0.0,0.0,0.0,0.0,0.0,124.9,0.0,0.0,0.0,0.0,0.0,0.0,0.0,2833.7,14.7,0.0
2050-12-09 10:00:00,2050-12-09 08:00:00,1311.6,2431.9,0.0,10.7,3754.1,1272.2,-1640.0,0.0,1640.0,0.03,0.0343,upv,upv,0.0,0.0,0.0,0.0,0.0,0.0,0.0,0.0,0.0,0.0,0.0,0.0,0.0,0.0,0.0,0.0,0.0,0.0,147.9,2.8,0.28,17.5,1115.4,0.06,148.1,50.7,198.8,0.0,0.0,0.0,0.0,0.0,0.0,0.0,0.0,0.0,0.0,0.0,0.0,0.0,0.0,0.0,0.0,0.0,0.0,2503.5,2503.5,5394.1,5394.1,0.0,0.0,0.0,0.0,0.0,332.6,0.0,0.0,0.0,0.0,0.0,0.0,0.0,5044.4,17.1,0.0
2050-12-09 11:00:00,2050-12-09 09:00:00,1357.9,3627.1,0.0,10.7,4995.6,1316.9,-1640.0,0.0,1640.0,0.0302,0.0355,upv,upv,0.0,0.0,0.0,0.0,0.0,0.0,0.0,0.0,0.0,0.0,0.0,0.0,0.0,0.0,0.0,0.0,0.0,0.0,139.7,2.6,0.26,16.5,1053.2,0.06,139.9,47.9,187.8,0.0,0.0,0.0,0.0,0.0,0.0,0.0,0.0,0.0,0.0,0.0,0.0,0.0,0.0,0.0,0.0,0.0,15.7,1642.9,1658.6,6635.6,6635.6,0.0,0.0,0.0,0.0,0.0,349.3,0.0,0.0,0.0,0.0,0.0,0.0,0.0,6286.3,0.0,0.0
2050-12-09 12:00:00,2050-12-09 10:00:00,1389.5,3986.6,0.0,10.7,5386.8,1347.4,-1640.0,0.0,1640.0,0.0303,0.0363,upv,upv,0.0,0.0,0.0,0.0,0.0,0.0,0.0,0.0,0.0,0.0,0.0,0.0,0.0,0.0,0.0,0.0,0.0,0.0,141.8,2.7,0.27,16.8,1069.3,0.06,142.0,48.6,190.6,0.0,0.0,0.0,0.0,0.0,0.0,0.0,0.0,0.0,0.0,0.0,0.0,0.0,0.0,0.0,0.0,0.0,24.3,820.0,844.3,7026.7,7026.7,0.0,0.0,0.0,0.0,0.0,0.0,0.0,0.0,0.0,0.0,0.0,0.0,0.0,7026.7,0.0,0.0
2050-12-09 13:00:00,2050-12-09 11:00:00,1396.8,4019.6,0.0,10.7,5427.1,1354.5,-1640.0,0.0,1640.0,0.0303,0.0365,upv,upv,0.0,0.0,0.0,0.0,0.0,0.0,0.0,0.0,0.0,0.0,0.0,0.0,0.0,0.0,0.0,0.0,0.0,0.0,145.4,2.7,0.28,17.2,1096.5,0.06,145.6,49.9,195.5,0.0,0.0,0.0,0.0,0.0,0.0,0.0,0.0,0.0,0.0,0.0,0.0,0.0,0.0,0.0,0.0,0.0,0.0,428.0,428.0,7067.0,7067.0,0.0,0.0,0.0,0.0,0.0,314.9,0.0,0.0,0.0,0.0,0.0,0.0,0.0,6719.3,32.9,0.0
2050-12-09 14:00:00,2050-12-09 12:00:00,1428.4,3406.0,0.0,10.7,4845.1,1384.9,-1640.0,0.0,1640.0,0.0305,0.0374,upv,upv,0.0,0.0,0.0,0.0,0.0,0.0,0.0,0.0,0.0,0.0,0.0,0.0,0.0,0.0,0.0,0.0,0.0,0.0,139.7,2.6,0.26,16.5,1053.5,0.06,139.9,47.9,187.8,0.0,0.0,0.0,0.0,0.0,0.0,0.0,0.0,0.0,0.0,0.0,0.0,0.0,0.0,0.0,0.0,0.0,0.0,1124.2,1124.2,6485.1,6485.1,0.0,0.0,0.0,0.0,0.0,319.2,0.0,0.0,0.0,0.0,0.0,0.0,0.0,6120.0,45.9,0.0
2050-12-09 15:00:00,2050-12-09 13:00:00,1471.6,3235.4,0.0,10.7,4717.6,1426.4,-1640.0,0.0,1640.0,0.0307,0.0385,upv,upv,0.0,0.0,0.0,0.0,0.0,0.0,0.0,0.0,0.0,0.0,0.0,0.0,0.0,0.0,0.0,0.0,0.0,0.0,144.1,2.7,0.27,17.0,1086.3,0.06,144.2,49.4,193.7,0.0,0.0,0.0,0.0,0.0,0.0,0.0,0.0,0.0,0.0,0.0,0.0,0.0,0.0,0.0,0.0,0.0,0.0,1738.8,1738.8,6357.6,6357.6,0.0,0.0,0.0,0.0,0.0,339.1,0.0,0.0,0.0,0.0,0.0,0.0,0.0,5957.8,60.7,0.0
2050-12-09 16:00:00,2050-12-09 14:00:00,1484.2,3986.6,0.0,10.7,5481.5,1438.5,-1640.0,0.0,1640.0,0.0308,0.0388,upv,upv,0.0,0.0,0.0,0.0,0.0,0.0,0.0,0.0,0.0,0.0,0.0,0.0,0.0,0.0,0.0,0.0,0.0,0.0,139.8,2.6,0.26,16.5,1053.8,0.06,139.9,47.9,187.9,0.0,0.0,0.0,0.0,0.0,0.0,0.0,0.0,0.0,0.0,0.0,0.0,0.0,0.0,0.0,0.0,0.0,0.0,973.8,973.8,7121.5,7121.5,0.0,0.0,0.0,0.0,0.0,338.9,0.0,0.0,0.0,0.0,0.0,0.0,0.0,6716.2,66.4,0.0
2050-12-09 17:00:00,2050-12-09 15:00:00,1526.3,2431.9,0.0,3.3,3961.6,1479.0,-514.5,0.0,514.5,0.031,0.0399,wind-ons,wind-ons,0.0,0.0,0.0,0.0,0.0,0.0,0.0,0.0,0.0,0.0,0.0,0.0,0.0,0.0,0.0,0.0,0.0,0.0,162.2,3.1,0.31,19.2,1216.7,0.07,162.4,55.5,217.8,0.0,0.0,0.0,0.0,0.0,0.0,0.0,0.0,0.0,0.0,0.0,0.0,0.0,0.0,0.0,0.0,0.0,0.0,0.0,0.0,4476.1,4476.1,0.0,0.0,0.0,0.0,0.0,185.9,0.0,0.0,0.0,0.0,0.0,0.0,0.0,4219.8,70.4,0.0
2050-12-09 18:00:00,2050-12-09 16:00:00,1572.6,0.0,0.0,17.0,1589.6,1523.4,1258.4,445.3,1553.9,0.0313,0.0411,battery,gas-cc,0.0,0.0,0.0,0.0,0.0,0.0,0.0,0.0,0.0,0.0,0.0,0.0,0.0,0.0,0.0,0.0,0.0,0.0,213.9,4.0,0.4,25.3,1613.6,0.09,214.1,73.4,287.5,366.9,6.9,0.69,43.3,2768.5,0.16,367.3,125.9,493.2,31.44,0.0,0.0,31.44,32.79,0.0,0.0,32.79,0.0,0.0,0.0,2698.2,331.3,2367.0,0.0,0.0,0.0,0.0,11.2,0.0,0.0,0.0,0.0,0.0,0.0,0.0,254.0,66.0,0.0
2050-12-09 19:00:00,2050-12-09 17:00:00,1698.9,0.0,0.0,13.9,1712.8,1644.3,1659.7,445.3,1072.4,0.0321,0.0444,battery,gas-cc,0.0,0.0,0.0,0.0,0.0,0.0,0.0,0.0,0.0,0.0,0.0,0.0,0.0,0.0,0.0,0.0,0.0,0.0,182.9,3.5,0.35,21.6,1379.5,0.08,183.1,62.7,245.9,368.1,6.9,0.69,43.5,2778.1,0.16,368.5,126.3,494.9,31.44,0.0,0.0,31.44,32.9,0.0,0.0,32.9,0.0,0.0,0.0,2339.9,53.1,2286.9,0.0,0.0,0.0,0.0,0.0,0.0,0.0,0.0,0.0,0.0,0.0,0.0,0.0,53.1,0.0
2050-12-09 20:00:00,2050-12-09 18:00:00,1763.2,0.0,0.0,16.3,1779.5,1705.6,1724.0,445.3,1448.8,0.0326,0.0461,battery,gas-cc,0.0,0.0,0.0,0.0,0.0,0.0,0.0,0.0,0.0,0.0,0.0,0.0,0.0,0.0,0.0,0.0,0.0,0.0,186.9,3.5,0.35,22.1,1409.9,0.08,187.1,64.1,251.2,359.6,6.8,0.68,42.5,2713.4,0.16,360.0,123.4,483.3,31.44,0.0,0.0,31.44,32.96,0.0,0.0,32.96,0.0,0.0,0.0,2783.0,55.5,2727.5,0.0,0.0,0.0,0.0,0.0,0.0,0.0,0.0,0.0,0.0,0.0,0.0,0.0,55.5,0.0
2050-12-09 21:00:00,2050-12-09 19:00:00,1724.2,0.0,0.0,11.0,1735.2,1668.5,1689.7,445.3,632.2,0.0323,0.0451,battery,gas-cc,0.0,0.0,0.0,0.0,0.0,0.0,0.0,0.0,0.0,0.0,0.0,0.0,0.0,0.0,0.0,0.0,0.0,0.0,193.2,3.6,0.36,22.8,1457.1,0.08,193.4,66.3,259.6,368.4,6.9,0.69,43.5,2780.0,0.16,368.8,126.4,495.2,31.44,0.0,0.0,31.44,32.93,0.0,0.0,32.93,0.0,0.0,0.0,1922.1,45.6,1876.5,0.0,0.0,0.0,0.0,0.0,0.0,0.0,0.0,0.0,0.0,0.0,0.0,0.0,45.6,0.0
2050-12-09 22:00:00,2050-12-09 20:00:00,1667.4,0.0,0.0,17.6,1684.9,1614.2,1653.2,445.3,1640.0,0.0319,0.0436,battery,gas-cc,0.0,0.0,0.0,0.0,0.0,0.0,0.0,0.0,0.0,0.0,0.0,0.0,0.0,0.0,0.0,0.0,0.0,0.0,168.5,3.2,0.32,19.9,1270.8,0.07,168.7,57.8,226.5,358.6,6.8,0.68,42.4,2706.3,0.16,359.0,123.1,482.1,31.44,0.0,0.0,31.44,32.88,0.0,0.0,32.88,0.0,0.0,0.0,2879.6,31.7,2847.9,0.0,0.0,0.0,0.0,0.0,0.0,0.0,0.0,0.0,0.0,0.0,0.0,0.0,31.7,0.0
2050-12-09 23:00:00,2050-12-09 21:00:00,1595.8,0.0,0.0,10.9,1606.7,1545.6,1581.8,445.3,617.0,0.0314,0.0417,battery,gas-cc,0.0,0.0,0.0,0.0,0.0,0.0,0.0,0.0,0.0,0.0,0.0,0.0,0.0,0.0,0.0,0.0,0.0,0.0,168.6,3.2,0.32,19.9,1271.0,0.07,168.7,57.8,226.6,357.9,6.7,0.67,42.3,2701.0,0.16,358.3,122.8,481.1,31.44,0.0,0.0,31.44,32.81,0.0,0.0,32.81,0.0,0.0,0.0,1778.4,24.9,1753.4,0.0,0.0,0.0,0.0,0.0,0.0,0.0,0.0,0.0,0.0,0.0,0.0,0.0,24.9,0.0
2050-12-10 00:00:00,2050-12-09 22:00:00,1512.6,0.0,0.0,10.5,1523.1,1465.9,1497.6,445.3,552.6,0.0309,0.0396,battery,gas-cc,0.0,0.0,0.0,0.0,0.0,0.0,0.0,0.0,0.0,0.0,0.0,0.0,0.0,0.0,0.0,0.0,0.0,0.0,182.5,3.4,0.34,21.6,1376.0,0.08,182.7,62.6,245.2,366.3,6.9,0.69,43.3,2764.0,0.16,366.7,125.7,492.3,31.44,0.0,0.0,31.44,32.74,0.0,0.0,32.74,0.0,0.0,0.0,1630.4,25.5,1604.9,0.0,0.0,0.0,0.0,0.0,0.0,0.0,0.0,0.0,0.0,0.0,0.0,0.0,25.5,0.0
2050-12-10 01:00:00,2050-12-09 23:00:00,1417.9,0.0,0.0,11.1,1429.0,1374.7,1399.4,445.3,645.6,0.0304,0.0371,battery,gas-cc,0.0,0.0,0.0,0.0,0.0,0.0,0.0,0.0,0.0,0.0,0.0,0.0,0.0,0.0,0.0,0.0,0.0,0.0,170.5,3.2,0.32,20.1,1285.9,0.07,170.7,58.5,229.2,365.3,6.9,0.69,43.2,2756.9,0.16,365.7,125.4,491.1,31.44,0.0,0.0,31.44,32.65,0.0,0.0,32.65,0.0,0.0,0.0,1629.3,29.5,1599.7,0.0,0.0,0.0,0.0,0.0,0.0,0.0,0.0,0.0,0.0,0.0,0.0,0.0,29.5,0.0
2050-12-10 02:00:00,2050-12-10 00:00:00,1314.7,0.0,0.0,7.9,1322.7,1275.3,1281.1,445.3,156.4,0.03,0.0344,battery,gas-cc,0.0,0.0,0.0,0.0,0.0,0.0,0.0,0.0,0.0,0.0,0.0,0.0,0.0,0.0,0.0,0.0,0.0,0.0,178.6,3.4,0.34,21.1,1346.6,0.08,178.7,61.2,240.0,355.2,6.7,0.67,42.0,2680.4,0.15,355.6,121.9,477.5,31.44,0.0,0.0,31.44,32.56,0.0,0.0,32.56,0.0,0.0,0.0,1033.7,41.6,992.1,0.0,0.0,0.0,0.0,0.0,0.0,0.0,0.0,0.0,0.0,0.0,0.0,0.0,41.6,0.0
2050-12-10 03:00:00,2050-12-10 01:00:00,1227.4,0.0,0.0,9.2,1236.6,1190.8,1179.4,445.3,356.9,0.0298,0.0321,battery,gas-cc,0.0,0.0,0.0,0.0,0.0,0.0,0.0,0.0,0.0,0.0,0.0,0.0,0.0,0.0,0.0,0.0,0.0,0.0,174.8,3.3,0.33,20.7,1318.0,0.08,175.0,59.9,234.9,363.5,6.8,0.68,42.9,2742.7,0.16,363.8,124.7,488.6,31.44,0.0,0.0,31.44,32.49,0.0,0.0,32.49,0.0,0.0,0.0,1148.2,57.2,1091.0,0.0,0.0,0.0,0.0,0.0,0.0,0.0,0.0,0.0,0.0,0.0,0.0,0.0,57.2,0.0
2050-12-10 04:00:00,2050-12-10 02:00:00,1175.8,0.0,0.0,6.9,1182.7,1140.9,1117.6,445.3,0.0,0.0297,0.0307,battery,gas-cc,0.0,0.0,0.0,0.0,0.0,0.0,0.0,0.0,0.0,0.0,0.0,0.0,0.0,0.0,0.0,0.0,0.0,0.0,168.8,3.2,0.32,19.9,1272.5,0.07,169.0,57.9,226.8,353.9,6.7,0.67,41.8,2670.4,0.15,354.3,121.4,475.7,31.44,0.0,0.0,31.44,32.44,0.0,0.0,32.44,0.0,0.0,0.0,737.4,65.1,672.3,0.0,0.0,0.0,0.0,0.0,0.0,0.0,0.0,0.0,0.0,0.0,0.0,0.0,65.1,0.0
2050-12-10 05:00:00,2050-12-10 03:00:00,1126.3,0.0,0.0,6.9,1133.2,1092.9,1057.7,445.3,0.0,0.0297,0.0295,battery,gas-cc,0.0,0.0,0.0,0.0,0.0,0.0,0.0,0.0,0.0,0.0,0.0,0.0,0.0,0.0,0.0,0.0,0.0,0.0,168.8,3.2,0.32,19.9,1272.7,0.07,169.0,57.9,226.9,353.4,6.7,0.67,41.7,2666.8,0.15,353.8,121.3,475.0,31.44,0.0,0.0,31.44,32.4,0.0,0.0,32.4,0.0,0.0,0.0,687.9,75.5,612.4,0.0,0.0,0.0,0.0,0.0,0.0,0.0,0.0,0.0,0.0,0.0,0.0,0.0,75.5,0.0
2050-12-10 06:00:00,2050-12-10 04:00:00,1103.2,0.0,0.0,6.9,1110.1,1070.4,1043.4,445.3,0.0,0.0297,0.0288,battery,gas-cc,0.0,0.0,0.0,0.0,0.0,0.0,0.0,0.0,0.0,0.0,0.0,0.0,0.0,0.0,0.0,0.0,0.0,0.0,174.8,3.3,0.33,20.7,1318.0,0.08,175.0,59.9,234.9,367.1,6.9,0.69,43.4,2770.4,0.16,367.5,126.0,493.5,31.44,0.0,0.0,31.44,32.38,0.0,0.0,32.38,0.0,0.0,0.0,664.8,66.7,598.1,0.0,0.0,0.0,0.0,0.0,0.0,0.0,0.0,0.0,0.0,0.0,0.0,0.0,66.7,0.0
2050-12-10 07:00:00,2050-12-10 05:00:00,1108.4,0.0,0.0,10.5,1118.9,1075.5,1059.2,445.3,555.0,0.0297,0.029,gas-cc,gas-cc,0.0,0.0,0.0,0.0,0.0,0.0,0.0,0.0,0.0,0.0,0.0,0.0,0.0,0.0,0.0,0.0,0.0,0.0,174.8,3.3,0.33,20.6,1317.9,0.08,174.9,59.9,234.9,362.3,6.8,0.68,42.8,2733.9,0.16,362.7,124.3,487.0,31.44,0.0,0.0,31.44,32.38,0.0,0.0,32.38,0.0,0.0,0.0,1228.7,59.7,1168.9,0.0,0.0,0.0,0.0,0.0,0.0,0.0,0.0,0.0,0.0,0.0,0.0,0.0,59.7,0.0
2050-12-10 08:00:00,2050-12-10 06:00:00,1175.8,0.0,0.0,6.9,1182.7,1140.9,1125.0,445.3,0.0,0.0297,0.0307,battery,gas-cc,0.0,0.0,0.0,0.0,0.0,0.0,0.0,0.0,0.0,0.0,0.0,0.0,0.0,0.0,0.0,0.0,0.0,0.0,174.9,3.3,0.33,20.7,1319.2,0.08,175.1,60.0,235.1,353.9,6.7,0.67,41.8,2670.4,0.15,354.3,121.4,475.7,31.44,0.0,0.0,31.44,32.44,0.0,0.0,32.44,0.0,0.0,0.0,737.4,57.7,679.7,0.0,0.0,0.0,0.0,0.0,0.0,0.0,0.0,0.0,0.0,0.0,0.0,0.0,57.7,0.0
2050-12-10 09:00:00,2050-12-10 07:00:00,1252.6,2159.2,0.0,6.9,3418.7,1215.3,445.3,445.3,0.0,0.0298,0.0328,battery,gas-cc,0.0,0.0,0.0,0.0,0.0,0.0,0.0,0.0,0.0,0.0,0.0,0.0,0.0,0.0,0.0,0.0,0.0,0.0,186.2,3.5,0.35,22.0,1404.4,0.08,186.4,63.9,250.3,314.9,5.9,0.59,37.2,2376.2,0.14,315.2,108.0,423.3,26.7,0.0,0.0,26.7,27.6,0.0,0.0,27.6,0.0,0.0,0.0,2973.4,2973.4,0.0,0.0,0.0,0.0,0.0,122.9,0.0,0.0,0.0,0.0,0.0,0.0,0.0,2788.5,62.1,0.0
2050-12-10 10:00:00,2050-12-10 08:00:00,1355.8,3953.7,0.0,16.2,5325.7,1314.9,-1999.5,0.0,1999.5,0.0302,0.0355,upv,upv,0.0,0.0,0.0,0.0,0.0,0.0,0.0,0.0,0.0,0.0,0.0,0.0,0.0,0.0,0.0,0.0,0.0,0.0,139.7,2.6,0.26,16.5,1053.1,0.06,139.8,47.9,187.8,0.0,0.0,0.0,0.0,0.0,0.0,0.0,0.0,0.0,0.0,0.0,0.0,0.0,0.0,0.0,0.0,0.0,0.0,681.2,681.2,7325.2,7325.2,0.0,0.0,0.0,0.0,0.0,335.8,0.0,0.0,0.0,0.0,0.0,0.0,0.0,6937.7,51.7,0.0
2050-12-10 11:00:00,2050-12-10 09:00:00,1412.6,2431.9,0.0,28.9,3873.4,1369.7,-2816.0,0.0,2816.0,0.0304,0.0369,upv,upv,0.0,0.0,0.0,0.0,0.0,0.0,0.0,0.0,0.0,0.0,0.0,0.0,0.0,0.0,0.0,0.0,0.0,0.0,140.3,2.6,0.27,16.6,1057.8,0.06,140.5,48.1,188.6,0.0,0.0,0.0,0.0,0.0,0.0,0.0,0.0,0.0,0.0,0.0,0.0,0.0,0.0,0.0,0.0,0.0,0.0,1773.7,1773.7,6689.4,6689.4,0.0,0.0,0.0,0.0,0.0,354.8,0.0,0.0,0.0,0.0,0.0,0.0,0.0,6278.3,56.4,0.0
2050-12-10 12:00:00,2050-12-10 10:00:00,1428.4,3336.3,0.0,13.6,4778.3,1384.9,-1829.4,0.0,1829.4,0.0305,0.0374,upv,upv,0.0,0.0,0.0,0.0,0.0,0.0,0.0,0.0,0.0,0.0,0.0,0.0,0.0,0.0,0.0,0.0,0.0,0.0,140.5,2.7,0.27,16.6,1059.1,0.06,140.6,48.2,188.8,0.0,0.0,0.0,0.0,0.0,0.0,0.0,0.0,0.0,0.0,0.0,0.0,0.0,0.0,0.0,0.0,0.0,71.0,1347.1,1418.1,6607.7,6607.7,0.0,0.0,0.0,0.0,0.0,335.8,0.0,0.0,0.0,0.0,0.0,0.0,0.0,6271.9,0.0,0.0
2050-12-10 13:00:00,2050-12-10 11:00:00,1437.9,3406.0,0.0,26.9,4870.8,1394.0,-2685.8,0.0,2685.8,0.0305,0.0376,battery,upv,0.0,0.0,0.0,0.0,0.0,0.0,0.0,0.0,0.0,0.0,0.0,0.0,0.0,0.0,0.0,0.0,0.0,0.0,139.8,2.6,0.26,16.5,1053.7,0.06,139.9,47.9,187.9,0.0,0.0,0.0,0.0,0.0,0.0,0.0,0.0,0.0,0.0,0.0,0.0,0.0,0.0,0.0,0.0,0.0,95.6,0.0,95.6,7556.6,7556.6,0.0,0.0,0.0,0.0,0.0,318.8,0.0,0.0,0.0,0.0,0.0,0.0,0.0,7237.7,0.0,0.0
2050-12-10 14:00:00,2050-12-10 12:00:00,1469.5,3915.8,0.0,21.7,5407.0,1424.4,-2351.0,0.0,2351.0,0.0307,0.0384,battery,upv,0.0,0.0,0.0,0.0,0.0,0.0,0.0,0.0,0.0,0.0,0.0,0.0,0.0,0.0,0.0,0.0,0.0,0.0,139.9,2.6,0.26,16.5,1054.6,0.06,140.0,48.0,188.0,0.0,0.0,0.0,0.0,0.0,0.0,0.0,0.0,0.0,0.0,0.0,0.0,0.0,0.0,0.0,0.0,0.0,0.0,0.0,0.0,7758.0,7758.0,0.0,0.0,0.0,0.0,0.0,323.0,0.0,0.0,0.0,0.0,0.0,0.0,0.0,7328.2,106.8,0.0
2050-12-10 15:00:00,2050-12-10 13:00:00,1489.5,4019.6,0.0,25.4,5534.4,1443.6,-2589.0,0.0,2589.0,0.0308,0.039,battery,upv,0.0,0.0,0.0,0.0,0.0,0.0,0.0,0.0,0.0,0.0,0.0,0.0,0.0,0.0,0.0,0.0,0.0,0.0,141.7,2.7,0.27,16.7,1068.5,0.06,141.9,48.6,190.5,0.0,0.0,0.0,0.0,0.0,0.0,0.0,0.0,0.0,0.0,0.0,0.0,0.0,0.0,0.0,0.0,0.0,134.7,0.0,134.7,8123.4,8123.4,0.0,0.0,0.0,0.0,0.0,342.8,0.0,0.0,0.0,0.0,0.0,0.0,0.0,7780.5,0.0,0.0
2050-12-10 16:00:00,2050-12-10 14:00:00,1512.6,3045.5,0.0,10.7,4568.7,1465.9,-1640.0,0.0,1640.0,0.0309,0.0396,upv,upv,0.0,0.0,0.0,0.0,0.0,0.0,0.0,0.0,0.0,0.0,0.0,0.0,0.0,0.0,0.0,0.0,0.0,0.0,139.8,2.6,0.26,16.5,1054.3,0.06,140.0,48.0,188.0,0.0,0.0,0.0,0.0,0.0,0.0,0.0,0.0,0.0,0.0,0.0,0.0,0.0,0.0,0.0,0.0,0.0,0.0,2310.8,2310.8,6208.7,6208.7,0.0,0.0,0.0,0.0,0.0,353.7,0.0,0.0,0.0,0.0,0.0,0.0,0.0,5715.3,139.7,0.0
2050-12-10 17:00:00,2050-12-10 15:00:00,1541.1,3016.4,0.0,15.5,4572.9,1493.1,-1952.5,0.0,1952.5,0.0311,0.0403,battery,upv,0.0,0.0,0.0,0.0,0.0,0.0,0.0,0.0,0.0,0.0,0.0,0.0,0.0,0.0,0.0,0.0,0.0,0.0,150.5,2.8,0.28,17.8,1134.7,0.07,150.7,51.6,202.3,0.0,0.0,0.0,0.0,0.0,0.0,0.0,0.0,0.0,0.0,0.0,0.0,0.0,0.0,0.0,0.0,0.0,0.0,0.0,0.0,6525.4,6525.4,0.0,0.0,0.0,0.0,0.0,269.2,0.0,0.0,0.0,0.0,0.0,0.0,0.0,6110.0,146.1,0.0
2050-12-10 18:00:00,2050-12-10 16:00:00,1597.9,0.0,0.0,4.8,1602.7,1547.6,520.6,0.0,742.4,0.0314,0.0418,battery,gas-cc,0.0,0.0,0.0,0.0,0.0,0.0,0.0,0.0,0.0,0.0,0.0,0.0,0.0,0.0,0.0,0.0,0.0,0.0,161.9,3.1,0.31,19.1,1220.4,0.07,162.0,55.5,217.5,367.1,6.9,0.69,43.4,2770.4,0.16,367.5,126.0,493.5,31.44,0.0,0.0,31.44,32.81,0.0,0.0,32.81,0.0,0.0,0.0,2345.1,1082.1,1263.0,0.0,0.0,0.0,0.0,39.5,0.0,0.0,0.0,0.0,0.0,0.0,0.0,895.8,146.8,0.0
2050-12-10 19:00:00,2050-12-10 17:00:00,1750.5,0.0,0.0,1.8,1752.4,1693.6,1607.9,0.0,281.0,0.0325,0.0458,battery,gas-cc,0.0,0.0,0.0,0.0,0.0,0.0,0.0,0.0,0.0,0.0,0.0,0.0,0.0,0.0,0.0,0.0,0.0,0.0,164.1,3.1,0.31,19.4,1237.4,0.07,164.3,56.3,220.6,359.4,6.8,0.68,42.5,2712.4,0.16,359.8,123.3,483.2,31.44,0.0,0.0,31.44,32.95,0.0,0.0,32.95,0.0,0.0,0.0,2033.3,144.5,1888.8,0.0,0.0,0.0,0.0,0.0,0.0,0.0,0.0,0.0,0.0,0.0,0.0,0.0,144.5,0.0
2050-12-10 20:00:00,2050-12-10 18:00:00,1855.8,0.0,0.0,0.0,1855.8,1793.9,1717.7,0.0,0.0,0.0334,0.0485,battery,gas-cc,0.0,0.0,0.0,0.0,0.0,0.0,0.0,0.0,0.0,0.0,0.0,0.0,0.0,0.0,0.0,0.0,0.0,0.0,166.3,3.1,0.31,19.6,1253.9,0.07,166.5,57.0,223.5,360.5,6.8,0.68,42.6,2720.3,0.16,360.9,123.7,484.6,31.44,0.0,0.0,31.44,33.05,0.0,0.0,33.05,0.0,0.0,0.0,1855.8,138.1,1717.7,0.0,0.0,0.0,0.0,0.0,0.0,0.0,0.0,0.0,0.0,0.0,0.0,0.0,138.1,0.0
2050-12-10 21:00:00,2050-12-10 19:00:00,1834.7,0.0,0.0,0.8,1835.5,1773.9,1723.4,0.0,124.0,0.0332,0.048,battery,gas-cc,0.0,0.0,0.0,0.0,0.0,0.0,0.0,0.0,0.0,0.0,0.0,0.0,0.0,0.0,0.0,0.0,0.0,0.0,168.7,3.2,0.32,19.9,1272.5,0.07,168.9,57.9,226.8,369.5,7.0,0.7,43.7,2788.4,0.16,369.9,126.8,496.7,31.44,0.0,0.0,31.44,33.03,0.0,0.0,33.03,0.0,0.0,0.0,1959.6,112.2,1847.4,0.0,0.0,0.0,0.0,0.0,0.0,0.0,0.0,0.0,0.0,0.0,0.0,0.0,112.2,0.0
2050-12-10 22:00:00,2050-12-10 20:00:00,1783.2,0.0,0.0,0.3,1783.4,1724.7,1709.8,0.0,43.7,0.0328,0.0466,battery,gas-cc,0.0,0.0,0.0,0.0,0.0,0.0,0.0,0.0,0.0,0.0,0.0,0.0,0.0,0.0,0.0,0.0,0.0,0.0,165.5,3.1,0.31,19.6,1247.8,0.07,165.7,56.8,222.4,369.0,7.0,0.7,43.6,2784.5,0.16,369.4,126.6,496.0,31.44,0.0,0.0,31.44,32.98,0.0,0.0,32.98,0.0,0.0,0.0,1827.1,73.7,1753.4,0.0,0.0,0.0,0.0,0.0,0.0,0.0,0.0,0.0,0.0,0.0,0.0,0.0,73.7,0.0
2050-12-10 23:00:00,2050-12-10 21:00:00,1698.9,0.0,0.0,0.0,1698.9,1644.3,1658.7,0.0,0.0,0.0321,0.0444,battery,gas-cc,0.0,0.0,0.0,0.0,0.0,0.0,0.0,0.0,0.0,0.0,0.0,0.0,0.0,0.0,0.0,0.0,0.0,0.0,166.6,3.1,0.32,19.7,1256.1,0.07,166.8,57.1,223.9,358.9,6.8,0.68,42.4,2708.6,0.16,359.3,123.2,482.5,31.44,0.0,0.0,31.44,32.9,0.0,0.0,32.9,0.0,0.0,0.0,1698.9,40.3,1658.7,0.0,0.0,0.0,0.0,0.0,0.0,0.0,0.0,0.0,0.0,0.0,0.0,0.0,40.3,0.0
2050-12-11 00:00:00,2050-12-10 22:00:00,1592.6,0.0,0.0,0.0,1592.6,1542.6,1569.1,0.0,0.0,0.0314,0.0416,battery,gas-cc,0.0,0.0,0.0,0.0,0.0,0.0,0.0,0.0,0.0,0.0,0.0,0.0,0.0,0.0,0.0,0.0,0.0,0.0,152.9,2.9,0.29,18.1,1152.6,0.07,153.1,52.4,205.5,357.9,6.7,0.67,42.3,2700.8,0.16,358.3,122.8,481.1,31.71,0.0,0.0,31.71,33.08,0.0,0.0,33.08,0.0,0.0,0.0,1592.6,23.5,1569.1,0.0,0.0,0.0,0.0,0.0,0.0,0.0,0.0,0.0,0.0,0.0,0.0,0.0,23.5,0.0
2050-12-11 01:00:00,2050-12-10 23:00:00,1451.6,0.0,0.0,0.0,1451.6,1407.2,1429.3,0.0,0.0,0.0306,0.038,battery,gas-cc,0.0,0.0,0.0,0.0,0.0,0.0,0.0,0.0,0.0,0.0,0.0,0.0,0.0,0.0,0.0,0.0,0.0,0.0,156.4,3.0,0.3,18.5,1179.0,0.07,156.6,53.6,210.2,356.5,6.7,0.67,42.1,2690.4,0.15,356.9,122.3,479.2,31.71,0.0,0.0,31.71,32.96,0.0,0.0,32.96,0.0,0.0,0.0,1451.6,22.3,1429.3,0.0,0.0,0.0,0.0,0.0,0.0,0.0,0.0,0.0,0.0,0.0,0.0,0.0,22.3,0.0
2050-12-11 02:00:00,2050-12-11 00:00:00,1311.6,0.0,0.0,3.3,1314.9,1272.2,1288.2,0.0,504.9,0.03,0.0343,battery,gas-cc,0.0,0.0,0.0,0.0,0.0,0.0,0.0,0.0,0.0,0.0,0.0,0.0,0.0,0.0,0.0,0.0,0.0,0.0,150.6,2.8,0.29,17.8,1135.6,0.07,150.8,51.7,202.5,364.3,6.9,0.69,43.0,2748.9,0.16,364.7,125.0,489.7,31.71,0.0,0.0,31.71,32.83,0.0,0.0,32.83,0.0,0.0,0.0,1819.8,26.7,1793.0,0.0,0.0,0.0,0.0,0.0,0.0,0.0,0.0,0.0,0.0,0.0,0.0,0.0,26.7,0.0
2050-12-11 03:00:00,2050-12-11 01:00:00,1247.4,0.0,0.0,0.0,1247.4,1210.2,1218.5,0.0,0.0,0.0298,0.0326,battery,gas-cc,0.0,0.0,0.0,0.0,0.0,0.0,0.0,0.0,0.0,0.0,0.0,0.0,0.0,0.0,0.0,0.0,0.0,0.0,141.6,2.7,0.27,16.7,1067.6,0.06,141.8,48.6,190.3,354.6,6.7,0.67,41.9,2675.6,0.15,354.9,121.7,476.6,31.71,0.0,0.0,31.71,32.77,0.0,0.0,32.77,0.0,0.0,0.0,1247.4,28.9,1218.5,0.0,0.0,0.0,0.0,0.0,0.0,0.0,0.0,0.0,0.0,0.0,0.0,0.0,28.9,0.0
2050-12-11 04:00:00,2050-12-11 02:00:00,1206.3,0.0,0.0,7.3,1213.6,1170.4,1165.4,0.0,1121.5,0.0297,0.0315,battery,gas-cc,0.0,0.0,0.0,0.0,0.0,0.0,0.0,0.0,0.0,0.0,0.0,0.0,0.0,0.0,0.0,0.0,0.0,0.0,154.5,2.9,0.29,18.3,1164.9,0.07,154.7,53.0,207.7,363.2,6.8,0.68,42.9,2741.1,0.16,363.6,124.6,488.3,31.71,0.0,0.0,31.71,32.74,0.0,0.0,32.74,0.0,0.0,0.0,2335.1,48.2,2286.9,0.0,0.0,0.0,0.0,0.0,0.0,0.0,0.0,0.0,0.0,0.0,0.0,0.0,48.2,0.0
2050-12-11 05:00:00,2050-12-11 03:00:00,1175.8,0.0,0.0,0.4,1176.2,1140.9,1126.5,0.0,63.1,0.0297,0.0307,battery,gas-cc,0.0,0.0,0.0,0.0,0.0,0.0,0.0,0.0,0.0,0.0,0.0,0.0,0.0,0.0,0.0,0.0,0.0,0.0,145.8,2.8,0.28,17.2,1099.1,0.06,146.0,50.0,195.9,362.9,6.8,0.68,42.9,2738.9,0.16,363.3,124.5,487.9,31.71,0.0,0.0,31.71,32.71,0.0,0.0,32.71,0.0,0.0,0.0,1239.3,49.7,1189.6,0.0,0.0,0.0,0.0,0.0,0.0,0.0,0.0,0.0,0.0,0.0,0.0,0.0,49.7,0.0
2050-12-11 06:00:00,2050-12-11 04:00:00,1185.3,0.0,0.0,2.4,1187.7,1150.0,1160.7,0.0,371.6,0.0297,0.031,battery,gas-cc,0.0,0.0,0.0,0.0,0.0,0.0,0.0,0.0,0.0,0.0,0.0,0.0,0.0,0.0,0.0,0.0,0.0,0.0,151.8,2.9,0.29,17.9,1144.7,0.07,152.0,52.1,204.1,363.0,6.8,0.68,42.9,2739.6,0.16,363.4,124.6,488.0,31.71,0.0,0.0,31.71,32.72,0.0,0.0,32.72,0.0,0.0,0.0,1559.3,27.0,1532.3,0.0,0.0,0.0,0.0,0.0,0.0,0.0,0.0,0.0,0.0,0.0,0.0,0.0,27.0,0.0
2050-12-11 07:00:00,2050-12-11 05:00:00,1273.7,0.0,0.0,0.0,1273.7,1235.6,1199.2,0.0,0.0,0.0299,0.0333,battery,gas-cc,0.0,0.0,0.0,0.0,0.0,0.0,0.0,0.0,0.0,0.0,0.0,0.0,0.0,0.0,0.0,0.0,0.0,0.0,155.1,2.9,0.29,18.3,1169.3,0.07,155.3,53.2,208.5,354.8,6.7,0.67,41.9,2677.5,0.15,355.2,121.7,476.9,31.71,0.0,0.0,31.71,32.8,0.0,0.0,32.8,0.0,0.0,0.0,1273.7,74.4,1199.2,0.0,0.0,0.0,0.0,0.0,0.0,0.0,0.0,0.0,0.0,0.0,0.0,0.0,74.4,0.0
2050-12-11 08:00:00,2050-12-11 06:00:00,1435.8,0.0,0.0,0.0,1435.8,1392.0,1379.6,0.0,0.0,0.0305,0.0375,battery,gas-cc,0.0,0.0,0.0,0.0,0.0,0.0,0.0,0.0,0.0,0.0,0.0,0.0,0.0,0.0,0.0,0.0,0.0,0.0,153.1,2.9,0.29,18.1,1154.4,0.07,153.3,52.5,205.8,356.4,6.7,0.67,42.1,2689.3,0.15,356.8,122.3,479.0,31.71,0.0,0.0,31.71,32.94,0.0,0.0,32.94,0.0,0.0,0.0,1435.8,56.2,1379.6,0.0,0.0,0.0,0.0,0.0,0.0,0.0,0.0,0.0,0.0,0.0,0.0,0.0,56.2,0.0
2050-12-11 09:00:00,2050-12-11 07:00:00,1582.1,1079.0,0.0,12.8,2673.9,1532.5,-462.2,445.3,907.5,0.0313,0.0414,battery,gas-cc,0.0,0.0,0.0,0.0,0.0,0.0,0.0,0.0,0.0,0.0,0.0,0.0,0.0,0.0,0.0,0.0,0.0,0.0,141.4,2.7,0.27,16.7,1066.0,0.06,141.5,48.5,190.0,317.7,6.0,0.6,37.5,2397.6,0.14,318.1,109.0,427.1,26.92,0.0,0.0,26.92,28.08,0.0,0.0,28.08,0.0,0.0,0.0,3136.1,3136.1,0.0,0.0,0.0,0.0,0.0,130.5,0.0,0.0,0.0,0.0,0.0,0.0,0.0,2961.3,44.4,0.0
2050-12-11 10:00:00,2050-12-11 08:00:00,1706.3,4019.6,0.0,10.7,5736.5,1651.4,-1640.0,0.0,1640.0,0.0322,0.0446,upv,upv,0.0,0.0,0.0,0.0,0.0,0.0,0.0,0.0,0.0,0.0,0.0,0.0,0.0,0.0,0.0,0.0,0.0,0.0,142.4,2.7,0.27,16.8,1073.7,0.06,142.6,48.8,191.4,0.0,0.0,0.0,0.0,0.0,0.0,0.0,0.0,0.0,0.0,0.0,0.0,0.0,0.0,0.0,0.0,0.0,0.0,1005.2,1005.2,7376.5,7376.5,0.0,0.0,0.0,0.0,0.0,0.0,0.0,0.0,0.0,0.0,0.0,0.0,0.0,7340.8,35.7,0.0
2050-12-11 11:00:00,2050-12-11 09:00:00,1698.9,4019.6,0.0,10.7,5729.2,1644.3,-1640.0,0.0,1640.0,0.0321,0.0444,upv,upv,0.0,0.0,0.0,0.0,0.0,0.0,0.0,0.0,0.0,0.0,0.0,0.0,0.0,0.0,0.0,0.0,0.0,0.0,141.7,2.7,0.27,16.7,1068.5,0.06,141.9,48.6,190.5,0.0,0.0,0.0,0.0,0.0,0.0,0.0,0.0,0.0,0.0,0.0,0.0,0.0,0.0,0.0,0.0,0.0,0.0,1352.0,1352.0,7369.1,7369.1,0.0,0.0,0.0,0.0,0.0,0.0,0.0,0.0,0.0,0.0,0.0,0.0,0.0,7344.8,24.3,0.0
2050-12-11 12:00:00,2050-12-11 10:00:00,1624.2,4019.6,0.0,10.7,5654.4,1572.9,-1640.0,0.0,1640.0,0.0316,0.0425,upv,upv,0.0,0.0,0.0,0.0,0.0,0.0,0.0,0.0,0.0,0.0,0.0,0.0,0.0,0.0,0.0,0.0,0.0,0.0,139.9,2.6,0.26,16.5,1054.7,0.06,140.1,48.0,188.0,0.0,0.0,0.0,0.0,0.0,0.0,0.0,0.0,0.0,0.0,0.0,0.0,0.0,0.0,0.0,0.0,0.0,0.0,809.1,809.1,7294.4,7294.4,0.0,0.0,0.0,0.0,0.0,0.0,0.0,0.0,0.0,0.0,0.0,0.0,0.0,7273.9,20.5,0.0
2050-12-11 13:00:00,2050-12-11 11:00:00,1541.1,3206.6,0.0,10.7,4758.4,1493.1,-1640.0,0.0,1640.0,0.0311,0.0403,upv,upv,0.0,0.0,0.0,0.0,0.0,0.0,0.0,0.0,0.0,0.0,0.0,0.0,0.0,0.0,0.0,0.0,0.0,0.0,139.8,2.6,0.26,16.5,1054.2,0.06,140.0,48.0,187.9,0.0,0.0,0.0,0.0,0.0,0.0,0.0,0.0,0.0,0.0,0.0,0.0,0.0,0.0,0.0,0.0,0.0,0.0,1257.4,1257.4,6398.3,6398.3,0.0,0.0,0.0,0.0,0.0,0.0,0.0,0.0,0.0,0.0,0.0,0.0,0.0,6387.0,11.4,0.0
2050-12-11 14:00:00,2050-12-11 12:00:00,1510.5,2655.8,0.0,10.7,4177.0,1463.8,-1640.0,0.0,1640.0,0.0309,0.0395,upv,upv,0.0,0.0,0.0,0.0,0.0,0.0,0.0,0.0,0.0,0.0,0.0,0.0,0.0,0.0,0.0,0.0,0.0,0.0,139.8,2.6,0.26,16.5,1054.0,0.06,140.0,47.9,187.9,0.0,0.0,0.0,0.0,0.0,0.0,0.0,0.0,0.0,0.0,0.0,0.0,0.0,0.0,0.0,0.0,0.0,0.0,1942.7,1942.7,5817.0,5817.0,0.0,0.0,0.0,0.0,0.0,0.0,0.0,0.0,0.0,0.0,0.0,0.0,0.0,5809.5,7.4,0.0
2050-12-11 15:00:00,2050-12-11 13:00:00,1487.4,3696.8,0.0,10.7,5194.9,1441.6,-1640.0,0.0,1640.0,0.0308,0.0389,upv,upv,0.0,0.0,0.0,0.0,0.0,0.0,0.0,0.0,0.0,0.0,0.0,0.0,0.0,0.0,0.0,0.0,0.0,0.0,142.2,2.7,0.27,16.8,1071.8,0.06,142.3,48.8,191.1,0.0,0.0,0.0,0.0,0.0,0.0,0.0,0.0,0.0,0.0,0.0,0.0,0.0,0.0,0.0,0.0,0.0,0.0,1448.2,1448.2,6834.8,6834.8,0.0,0.0,0.0,0.0,0.0,0.0,0.0,0.0,0.0,0.0,0.0,0.0,0.0,6830.3,4.5,0.0
2050-12-11 16:00:00,2050-12-11 14:00:00,1471.6,2617.9,0.0,10.7,4100.2,1426.4,-1640.0,0.0,1640.0,0.0307,0.0385,upv,upv,0.0,0.0,0.0,0.0,0.0,0.0,0.0,0.0,0.0,0.0,0.0,0.0,0.0,0.0,0.0,0.0,0.0,0.0,139.8,2.6,0.26,16.5,1053.7,0.06,139.9,47.9,187.9,0.0,0.0,0.0,0.0,0.0,0.0,0.0,0.0,0.0,0.0,0.0,0.0,0.0,0.0,0.0,0.0,0.0,0.0,2846.6,2846.6,5740.1,5740.1,0.0,0.0,0.0,0.0,0.0,0.0,0.0,0.0,0.0,0.0,0.0,0.0,0.0,5735.5,4.6,0.0
2050-12-11 17:00:00,2050-12-11 15:00:00,1517.9,2889.1,0.0,15.3,4422.3,1470.9,-1939.2,0.0,1939.2,0.031,0.0397,battery,upv,0.0,0.0,0.0,0.0,0.0,0.0,0.0,0.0,0.0,0.0,0.0,0.0,0.0,0.0,0.0,0.0,0.0,0.0,139.8,2.6,0.26,16.5,1054.0,0.06,140.0,47.9,187.9,0.0,0.0,0.0,0.0,0.0,0.0,0.0,0.0,0.0,0.0,0.0,0.0,0.0,0.0,0.0,0.0,0.0,0.0,280.0,280.0,6361.5,6361.5,0.0,0.0,0.0,0.0,0.0,0.0,0.0,0.0,0.0,0.0,0.0,0.0,0.0,6355.6,5.9,0.0
2050-12-11 18:00:00,2050-12-11 16:00:00,1601.1,0.0,0.0,10.1,1611.1,1550.7,592.6,0.0,1550.4,0.0315,0.0419,battery,gas-cc,0.0,0.0,0.0,0.0,0.0,0.0,0.0,0.0,0.0,0.0,0.0,0.0,0.0,0.0,0.0,0.0,0.0,0.0,170.5,3.2,0.32,20.1,1285.7,0.07,170.7,58.5,229.2,421.3,7.9,0.79,49.8,3179.1,0.18,421.7,144.6,566.3,37.7,0.0,0.0,37.7,39.35,0.0,0.0,39.35,0.0,0.0,0.0,3161.6,1018.5,2143.1,0.0,0.0,0.0,0.0,42.6,0.0,0.0,0.0,0.0,0.0,0.0,0.0,966.1,9.8,0.0
2050-12-11 19:00:00,2050-12-11 17:00:00,1798.9,0.0,0.0,3.1,1802.0,1739.8,1784.8,0.0,473.0,0.0329,0.047,battery,gas-cc,0.0,0.0,0.0,0.0,0.0,0.0,0.0,0.0,0.0,0.0,0.0,0.0,0.0,0.0,0.0,0.0,0.0,0.0,168.6,3.2,0.32,19.9,1271.2,0.07,168.8,57.8,226.6,434.1,8.2,0.82,51.3,3275.5,0.19,434.5,148.9,583.5,37.7,0.0,0.0,37.7,39.56,0.0,0.0,39.56,0.0,0.0,0.0,2275.0,17.2,2257.8,0.0,0.0,0.0,0.0,0.0,0.0,0.0,0.0,0.0,0.0,0.0,0.0,0.0,17.2,0.0
2050-12-11 20:00:00,2050-12-11 18:00:00,1966.3,0.0,0.0,6.3,1972.6,1898.9,1956.1,0.0,966.3,0.0343,0.0514,battery,gas-cc,0.0,0.0,0.0,0.0,0.0,0.0,0.0,0.0,0.0,0.0,0.0,0.0,0.0,0.0,0.0,0.0,0.0,0.0,184.9,3.5,0.35,21.8,1394.0,0.08,185.1,63.4,248.5,436.1,8.2,0.82,51.5,3290.7,0.19,436.5,149.6,586.2,37.7,0.0,0.0,37.7,39.75,0.0,0.0,39.75,0.0,0.0,0.0,2938.9,16.5,2922.4,0.0,0.0,0.0,0.0,0.0,0.0,0.0,0.0,0.0,0.0,0.0,0.0,0.0,16.5,0.0
2050-12-11 21:00:00,2050-12-11 19:00:00,1958.9,0.0,0.0,1.4,1960.3,1891.9,1945.1,0.0,211.1,0.0342,0.0512,battery,gas-cc,0.0,0.0,0.0,0.0,0.0,0.0,0.0,0.0,0.0,0.0,0.0,0.0,0.0,0.0,0.0,0.0,0.0,0.0,174.9,3.3,0.33,20.7,1318.9,0.08,175.1,60.0,235.1,425.4,8.0,0.8,50.3,3210.4,0.18,425.9,146.0,571.9,37.7,0.0,0.0,37.7,39.74,0.0,0.0,39.74,0.0,0.0,0.0,2171.4,15.3,2156.2,0.0,0.0,0.0,0.0,0.0,0.0,0.0,0.0,0.0,0.0,0.0,0.0,0.0,15.3,0.0
2050-12-11 22:00:00,2050-12-11 20:00:00,1876.8,0.0,0.0,3.3,1880.1,1813.9,1864.1,0.0,503.5,0.0335,0.0491,battery,gas-cc,0.0,0.0,0.0,0.0,0.0,0.0,0.0,0.0,0.0,0.0,0.0,0.0,0.0,0.0,0.0,0.0,0.0,0.0,178.6,3.4,0.34,21.1,1347.0,0.08,178.8,61.3,240.1,424.5,8.0,0.8,50.1,3203.2,0.18,424.9,145.6,570.6,37.7,0.0,0.0,37.7,39.65,0.0,0.0,39.65,0.0,0.0,0.0,2383.6,16.0,2367.6,0.0,0.0,0.0,0.0,0.0,0.0,0.0,0.0,0.0,0.0,0.0,0.0,0.0,16.0,0.0
2050-12-11 23:00:00,2050-12-11 21:00:00,1791.6,0.0,0.0,1.3,1792.9,1732.7,1775.0,0.0,202.3,0.0328,0.0469,battery,gas-cc,0.0,0.0,0.0,0.0,0.0,0.0,0.0,0.0,0.0,0.0,0.0,0.0,0.0,0.0,0.0,0.0,0.0,0.0,169.8,3.2,0.32,20.1,1280.3,0.07,170.0,58.2,228.2,423.5,8.0,0.8,50.0,3195.7,0.18,423.9,145.3,569.2,37.7,0.0,0.0,37.7,39.56,0.0,0.0,39.56,0.0,0.0,0.0,1995.2,17.9,1977.3,0.0,0.0,0.0,0.0,0.0,0.0,0.0,0.0,0.0,0.0,0.0,0.0,0.0,17.9,0.0
2050-12-12 00:00:00,2050-12-11 22:00:00,1665.3,0.0,0.0,8.0,1673.3,1612.1,1657.0,0.0,1237.8,0.0319,0.0435,battery,gas-cc,133.5,2.5,0.25,15.8,1007.7,0.06,133.7,45.8,179.5,137.9,2.6,0.26,16.3,1041.0,0.06,138.1,47.3,185.4,177.0,3.3,0.33,20.9,1334.7,0.08,177.2,60.7,237.9,380.0,7.2,0.72,44.9,2867.2,0.16,380.4,130.4,510.7,34.15,0.0,0.0,34.15,35.7,0.0,0.0,35.7,0.0,0.0,0.0,2911.1,16.3,1822.1,0.0,0.0,0.0,0.0,0.0,1072.7,0.0,0.0,0.0,0.0,0.0,0.0,0.0,16.3,0.0
2050-12-12 01:00:00,2050-12-11 23:00:00,1544.2,0.0,0.0,6.8,1551.0,1496.2,1529.4,0.0,1041.5,0.0311,0.0404,battery,gas-cc,150.0,2.8,0.28,17.7,1131.6,0.07,150.1,51.5,201.6,154.8,2.9,0.29,18.3,1167.9,0.07,154.9,53.1,208.0,172.5,3.3,0.33,20.4,1300.6,0.08,172.7,59.2,231.9,378.7,7.1,0.71,44.7,2857.7,0.16,379.1,129.9,509.1,34.15,0.0,0.0,34.15,35.58,0.0,0.0,35.58,0.0,0.0,0.0,2592.5,21.6,1498.2,0.0,0.0,0.0,0.0,0.0,1072.7,0.0,0.0,0.0,0.0,0.0,0.0,0.0,21.6,0.0
2050-12-12 02:00:00,2050-12-12 00:00:00,1402.1,0.0,0.0,3.4,1405.5,1359.5,1368.1,0.0,529.4,0.0304,0.0367,battery,gas-cc,200.9,3.8,0.38,23.7,1516.1,0.09,201.1,68.9,270.1,207.2,3.9,0.39,24.5,1563.6,0.09,207.4,71.1,278.5,181.0,3.4,0.34,21.4,1364.1,0.08,181.1,62.1,243.2,452.4,8.5,0.85,53.4,3413.6,0.2,452.8,155.2,608.1,34.15,0.0,0.0,34.15,35.45,0.0,0.0,35.45,0.0,0.0,0.0,1935.0,37.4,824.8,0.0,0.0,0.0,0.0,0.0,1072.7,0.0,0.0,0.0,0.0,0.0,0.0,0.0,37.4,0.0
2050-12-12 03:00:00,2050-12-12 01:00:00,1316.8,0.0,0.0,2.5,1319.4,1277.3,1265.1,0.0,390.8,0.03,0.0344,battery,gas-cc,227.3,4.3,0.43,26.9,1715.4,0.1,227.6,78.0,305.6,234.4,4.4,0.44,27.7,1768.5,0.1,234.6,80.4,315.0,159.3,3.0,0.3,18.8,1201.0,0.07,159.5,54.6,214.1,375.3,7.1,0.71,44.3,2832.3,0.16,375.7,128.8,504.5,34.15,0.0,0.0,34.15,35.37,0.0,0.0,35.37,0.0,0.0,0.0,1710.2,54.3,583.2,0.0,0.0,0.0,0.0,0.0,1072.7,0.0,0.0,0.0,0.0,0.0,0.0,0.0,54.3,0.0
2050-12-12 04:00:00,2050-12-12 02:00:00,1270.5,0.0,0.0,1.3,1271.8,1232.6,1207.1,0.0,194.0,0.0299,0.0332,battery,gas-cc,265.2,5.0,0.5,31.3,2001.4,0.11,265.5,91.0,356.5,273.4,5.2,0.52,32.3,2063.1,0.12,273.7,93.8,367.5,171.5,3.2,0.32,20.3,1293.4,0.07,171.7,58.8,230.6,374.9,7.1,0.71,44.3,2828.7,0.16,375.3,128.6,503.9,34.15,0.0,0.0,34.15,35.32,0.0,0.0,35.32,0.0,0.0,0.0,1465.8,64.7,328.3,0.0,0.0,0.0,0.0,0.0,1072.7,0.0,0.0,0.0,0.0,0.0,0.0,0.0,64.7,0.0
2050-12-12 05:00:00,2050-12-12 03:00:00,1245.3,0.0,0.0,1.9,1247.1,1208.1,1198.2,0.0,285.9,0.0298,0.0326,battery,gas-cc,253.6,4.8,0.48,30.0,1913.6,0.11,253.9,87.0,340.9,261.4,4.9,0.49,30.9,1972.5,0.11,261.7,89.7,351.4,170.6,3.2,0.32,20.2,1286.6,0.07,170.8,58.5,229.3,374.6,7.1,0.71,44.3,2826.8,0.16,375.0,128.5,503.5,34.15,0.0,0.0,34.15,35.3,0.0,0.0,35.3,0.0,0.0,0.0,1533.0,48.9,411.4,0.0,0.0,0.0,0.0,0.0,1072.7,0.0,0.0,0.0,0.0,0.0,0.0,0.0,48.9,0.0
2050-12-12 06:00:00,2050-12-12 04:00:00,1260.0,0.0,0.0,4.2,1264.2,1222.4,1211.8,0.0,644.1,0.0299,0.033,battery,gas-cc,203.7,3.8,0.38,24.1,1537.3,0.09,203.9,69.9,273.8,210.0,4.0,0.4,24.8,1584.6,0.09,210.2,72.1,282.3,183.3,3.5,0.35,21.7,1381.8,0.08,183.5,62.9,246.3,374.7,7.1,0.71,44.3,2827.9,0.16,375.2,128.6,503.7,34.15,0.0,0.0,34.15,35.31,0.0,0.0,35.31,0.0,0.0,0.0,1908.3,52.4,783.2,0.0,0.0,0.0,0.0,0.0,1072.7,0.0,0.0,0.0,0.0,0.0,0.0,0.0,52.4,0.0
2050-12-12 07:00:00,2050-12-12 05:00:00,1343.2,0.0,0.0,6.8,1349.9,1302.7,1294.6,0.0,1041.1,0.0301,0.0351,battery,gas-cc,162.6,3.1,0.31,19.2,1227.0,0.07,162.8,55.8,218.6,167.6,3.2,0.32,19.8,1265.1,0.07,167.8,57.5,225.3,176.3,3.3,0.33,20.8,1328.9,0.08,176.4,60.4,236.9,376.6,7.1,0.71,44.5,2842.2,0.16,377.0,129.2,506.3,34.15,0.0,0.0,34.15,35.39,0.0,0.0,35.39,0.0,0.0,0.0,2391.0,55.3,1263.0,0.0,0.0,0.0,0.0,0.0,1072.7,0.0,0.0,0.0,0.0,0.0,0.0,0.0,55.3,0.0
2050-12-12 08:00:00,2050-12-12 06:00:00,1535.8,0.0,0.0,8.5,1544.3,1488.1,1483.8,0.0,1306.9,0.0311,0.0402,battery,gas-cc,136.3,2.6,0.26,16.1,1028.9,0.06,136.5,46.8,183.3,140.7,2.7,0.27,16.6,1061.9,0.06,140.9,48.3,189.2,162.3,3.1,0.31,19.2,1223.4,0.07,162.5,55.7,218.2,391.4,7.4,0.74,46.2,2953.7,0.17,391.8,134.3,526.1,34.15,0.0,0.0,34.15,35.58,0.0,0.0,35.58,0.0,0.0,0.0,2851.2,60.5,1718.0,0.0,0.0,0.0,0.0,0.0,1072.7,0.0,0.0,0.0,0.0,0.0,0.0,0.0,60.5,0.0
2050-12-12 09:00:00,2050-12-12 07:00:00,1662.1,0.0,0.0,9.0,1671.2,1609.1,-1391.6,0.0,1391.6,0.0319,0.0435,gas-cc,gas-cc,0.0,0.0,0.0,0.0,0.0,0.0,0.0,0.0,0.0,0.0,0.0,0.0,0.0,0.0,0.0,0.0,0.0,0.0,139.9,2.6,0.26,16.5,1055.0,0.06,140.1,48.0,188.1,367.8,6.9,0.69,43.4,2775.3,0.16,368.2,126.2,494.4,32.86,0.0,0.0,32.86,34.36,0.0,0.0,34.36,0.0,0.0,0.0,3062.8,3062.8,0.0,0.0,0.0,0.0,0.0,126.9,0.0,0.0,0.0,0.0,0.0,0.0,0.0,2878.9,57.0,0.0
2050-12-12 10:00:00,2050-12-12 08:00:00,1781.1,3757.6,0.0,28.9,5567.6,1722.7,-2816.0,0.0,2816.0,0.0328,0.0466,battery,upv,0.0,0.0,0.0,0.0,0.0,0.0,0.0,0.0,0.0,0.0,0.0,0.0,0.0,0.0,0.0,0.0,0.0,0.0,147.1,2.8,0.28,17.4,1108.7,0.06,147.2,50.4,197.6,0.0,0.0,0.0,0.0,0.0,0.0,0.0,0.0,0.0,0.0,0.0,0.0,0.0,0.0,0.0,0.0,0.0,0.0,0.0,0.0,8383.6,8383.6,0.0,0.0,0.0,0.0,0.0,351.3,0.0,0.0,0.0,0.0,0.0,0.0,0.0,7974.4,57.9,0.0
2050-12-12 11:00:00,2050-12-12 09:00:00,1754.7,4019.6,0.0,28.9,5803.2,1697.6,-2816.0,0.0,2816.0,0.0326,0.0459,upv,upv,0.0,0.0,0.0,0.0,0.0,0.0,0.0,0.0,0.0,0.0,0.0,0.0,0.0,0.0,0.0,0.0,0.0,0.0,140.6,2.7,0.27,16.6,1060.0,0.06,140.8,48.2,189.0,0.0,0.0,0.0,0.0,0.0,0.0,0.0,0.0,0.0,0.0,0.0,0.0,0.0,0.0,0.0,0.0,0.0,40.1,104.6,144.6,8619.2,8619.2,0.0,0.0,0.0,0.0,0.0,368.1,0.0,0.0,0.0,0.0,0.0,0.0,0.0,8251.1,0.0,0.0
2050-12-12 12:00:00,2050-12-12 10:00:00,1662.1,3589.4,0.0,28.9,5280.4,1609.1,-2816.0,0.0,2816.0,0.0319,0.0435,battery,upv,0.0,0.0,0.0,0.0,0.0,0.0,0.0,0.0,0.0,0.0,0.0,0.0,0.0,0.0,0.0,0.0,0.0,0.0,152.6,2.9,0.29,18.0,1150.2,0.07,152.7,52.3,205.0,0.0,0.0,0.0,0.0,0.0,0.0,0.0,0.0,0.0,0.0,0.0,0.0,0.0,0.0,0.0,0.0,0.0,33.5,0.0,33.5,8096.4,8096.4,0.0,0.0,0.0,0.0,0.0,341.8,0.0,0.0,0.0,0.0,0.0,0.0,0.0,7754.7,0.0,0.0
2050-12-12 13:00:00,2050-12-12 11:00:00,1558.9,3233.7,0.0,28.9,4821.5,1510.3,-2816.0,0.0,2816.0,0.0312,0.0408,battery,upv,0.0,0.0,0.0,0.0,0.0,0.0,0.0,0.0,0.0,0.0,0.0,0.0,0.0,0.0,0.0,0.0,0.0,0.0,150.5,2.8,0.28,17.8,1134.6,0.07,150.6,51.6,202.3,0.0,0.0,0.0,0.0,0.0,0.0,0.0,0.0,0.0,0.0,0.0,0.0,0.0,0.0,0.0,0.0,0.0,28.8,0.0,28.8,7637.5,7637.5,0.0,0.0,0.0,0.0,0.0,322.3,0.0,0.0,0.0,0.0,0.0,0.0,0.0,7315.3,0.0,0.0
2050-12-12 14:00:00,2050-12-12 12:00:00,1512.6,3354.3,0.0,28.9,4895.9,1465.9,-2816.0,0.0,2816.0,0.0309,0.0396,battery,upv,0.0,0.0,0.0,0.0,0.0,0.0,0.0,0.0,0.0,0.0,0.0,0.0,0.0,0.0,0.0,0.0,0.0,0.0,139.8,2.6,0.26,16.5,1054.0,0.06,140.0,47.9,187.9,0.0,0.0,0.0,0.0,0.0,0.0,0.0,0.0,0.0,0.0,0.0,0.0,0.0,0.0,0.0,0.0,0.0,19.5,0.0,19.5,7711.9,7711.9,0.0,0.0,0.0,0.0,0.0,325.5,0.0,0.0,0.0,0.0,0.0,0.0,0.0,7386.3,0.0,0.0
2050-12-12 15:00:00,2050-12-12 13:00:00,1484.2,3527.3,0.0,28.9,5040.4,1438.5,-2816.0,0.0,2816.0,0.0308,0.0388,upv,upv,0.0,0.0,0.0,0.0,0.0,0.0,0.0,0.0,0.0,0.0,0.0,0.0,0.0,0.0,0.0,0.0,0.0,0.0,150.3,2.8,0.28,17.8,1133.2,0.07,150.5,51.5,202.0,0.0,0.0,0.0,0.0,0.0,0.0,0.0,0.0,0.0,0.0,0.0,0.0,0.0,0.0,0.0,0.0,0.0,14.6,327.6,342.2,7856.4,7856.4,0.0,0.0,0.0,0.0,0.0,345.4,0.0,0.0,0.0,0.0,0.0,0.0,0.0,7511.1,0.0,0.0
2050-12-12 16:00:00,2050-12-12 14:00:00,1466.3,3211.2,0.0,28.9,4706.4,1421.3,-2816.0,0.0,2816.0,0.0307,0.0383,upv,upv,0.0,0.0,0.0,0.0,0.0,0.0,0.0,0.0,0.0,0.0,0.0,0.0,0.0,0.0,0.0,0.0,0.0,0.0,139.8,2.6,0.26,16.5,1053.7,0.06,139.9,47.9,187.8,0.0,0.0,0.0,0.0,0.0,0.0,0.0,0.0,0.0,0.0,0.0,0.0,0.0,0.0,0.0,0.0,0.0,0.0,455.5,455.5,7522.4,7522.4,0.0,0.0,0.0,0.0,0.0,336.0,0.0,0.0,0.0,0.0,0.0,0.0,0.0,7169.9,16.5,0.0
2050-12-12 17:00:00,2050-12-12 15:00:00,1512.6,2431.9,0.0,19.7,3964.2,1465.9,-1405.1,0.0,1405.1,0.0309,0.0396,gas-cc,gas-cc,0.0,0.0,0.0,0.0,0.0,0.0,0.0,0.0,0.0,0.0,0.0,0.0,0.0,0.0,0.0,0.0,0.0,0.0,155.7,2.9,0.29,18.4,1173.6,0.07,155.8,53.4,209.2,366.3,6.9,0.69,43.3,2764.0,0.16,366.7,125.7,492.3,24.58,0.0,0.0,24.58,25.59,0.0,0.0,25.59,0.0,0.0,0.0,5369.4,5369.4,0.0,0.0,0.0,0.0,0.0,226.1,0.0,0.0,0.0,0.0,0.0,0.0,0.0,5131.0,12.3,0.0
2050-12-12 18:00:00,2050-12-12 16:00:00,1605.3,0.0,0.0,25.4,1630.7,1554.7,644.5,0.0,2592.0,0.0315,0.042,battery,gas-cc,92.1,1.7,0.17,10.9,694.7,0.04,92.2,31.6,123.8,95.1,1.8,0.18,11.2,717.3,0.04,95.2,32.6,127.8,153.0,2.9,0.29,18.1,1153.6,0.07,153.2,52.5,205.7,403.9,7.6,0.76,47.7,3048.1,0.18,404.4,138.6,543.0,34.49,0.0,0.0,34.49,36.0,0.0,0.0,36.0,0.0,0.0,0.0,4222.7,986.2,2163.8,0.0,0.0,0.0,0.0,41.0,1072.7,0.0,0.0,0.0,0.0,0.0,0.0,931.4,13.8,0.0
2050-12-12 19:00:00,2050-12-12 17:00:00,1786.3,0.0,0.0,14.9,1801.2,1727.7,1787.4,0.0,1912.0,0.0328,0.0467,battery,gas-cc,104.7,2.0,0.2,12.4,790.1,0.05,104.8,35.9,140.7,108.2,2.0,0.2,12.8,816.9,0.05,108.4,37.1,145.5,180.4,3.4,0.34,21.3,1360.3,0.08,180.6,61.9,242.5,405.9,7.7,0.77,48.0,3063.2,0.18,406.4,139.3,545.7,34.49,0.0,0.0,34.49,36.18,0.0,0.0,36.18,0.0,0.0,0.0,3713.2,13.7,2626.7,0.0,0.0,0.0,0.0,0.0,1072.7,0.0,0.0,0.0,0.0,0.0,0.0,0.0,13.7,0.0
2050-12-12 20:00:00,2050-12-12 18:00:00,1951.6,0.0,0.0,16.2,1967.8,1884.9,1950.8,0.0,1999.7,0.0342,0.051,battery,gas-cc,98.0,1.8,0.18,11.6,739.4,0.04,98.1,33.6,131.7,101.5,1.9,0.19,12.0,765.6,0.04,101.6,34.8,136.4,226.1,4.3,0.43,26.7,1705.3,0.1,226.3,77.6,303.9,407.8,7.7,0.77,48.2,3077.2,0.18,408.2,139.9,548.1,34.49,0.0,0.0,34.49,36.34,0.0,0.0,36.34,0.0,0.0,0.0,3967.5,17.0,2877.8,0.0,0.0,0.0,0.0,0.0,1072.7,0.0,0.0,0.0,0.0,0.0,0.0,0.0,17.0,0.0
2050-12-12 21:00:00,2050-12-12 19:00:00,1955.8,0.0,0.0,27.2,1983.0,1888.9,1963.4,0.0,2710.2,0.0342,0.0511,battery,gas-cc,82.8,1.6,0.16,9.8,625.1,0.04,82.9,28.4,111.3,85.8,1.6,0.16,10.1,647.2,0.04,85.9,29.4,115.3,202.7,3.8,0.38,23.9,1528.9,0.09,202.9,69.5,272.5,407.8,7.7,0.77,48.2,3077.5,0.18,408.3,139.9,548.2,34.49,0.0,0.0,34.49,36.35,0.0,0.0,36.35,0.0,0.0,0.0,4693.3,19.7,3600.8,0.0,0.0,0.0,0.0,0.0,1072.7,0.0,0.0,0.0,0.0,0.0,0.0,0.0,19.7,0.0
2050-12-12 22:00:00,2050-12-12 20:00:00,1871.6,0.0,0.0,21.5,1893.1,1808.9,1881.5,0.0,2340.6,0.0335,0.0489,battery,gas-cc,91.8,1.7,0.17,10.8,692.9,0.04,91.9,31.5,123.4,95.0,1.8,0.18,11.2,716.9,0.04,95.1,32.6,127.7,148.6,2.8,0.28,17.6,1120.5,0.06,148.8,51.0,199.8,406.9,7.7,0.77,48.1,3070.4,0.18,407.3,139.6,546.9,34.49,0.0,0.0,34.49,36.26,0.0,0.0,36.26,0.0,0.0,0.0,4233.7,11.6,3149.3,0.0,0.0,0.0,0.0,0.0,1072.7,0.0,0.0,0.0,0.0,0.0,0.0,0.0,11.6,0.0
2050-12-12 23:00:00,2050-12-12 21:00:00,1791.6,0.0,0.0,10.7,1802.2,1732.7,1791.3,0.0,1640.0,0.0328,0.0469,battery,gas-cc,112.9,2.1,0.21,13.3,852.3,0.05,113.1,38.8,151.8,116.8,2.2,0.22,13.8,881.2,0.05,116.9,40.1,157.0,164.0,3.1,0.31,19.4,1236.1,0.07,164.2,56.2,220.4,405.2,7.6,0.76,47.9,3058.0,0.18,405.7,139.0,544.7,34.49,0.0,0.0,34.49,36.18,0.0,0.0,36.18,0.0,0.0,0.0,3442.2,10.9,2358.5,0.0,0.0,0.0,0.0,0.0,1072.7,0.0,0.0,0.0,0.0,0.0,0.0,0.0,10.9,0.0
2050-12-13 00:00:00,2050-12-12 22:00:00,1670.5,0.0,0.0,4.4,1675.0,1617.2,1662.2,0.0,683.8,0.0319,0.0437,battery,gas-cc,164.8,3.1,0.31,19.5,1243.7,0.07,165.0,56.6,221.5,170.3,3.2,0.32,20.1,1284.8,0.07,170.4,58.4,228.9,165.9,3.1,0.31,19.6,1250.9,0.07,166.1,56.9,223.0,379.0,7.1,0.71,44.8,2859.7,0.16,379.4,130.0,509.4,33.36,0.0,0.0,33.36,34.88,0.0,0.0,34.88,0.0,0.0,0.0,2358.8,12.8,1273.2,0.0,0.0,0.0,0.0,0.0,1072.7,0.0,0.0,0.0,0.0,0.0,0.0,0.0,12.8,0.0
2050-12-13 01:00:00,2050-12-12 23:00:00,1535.8,0.0,0.0,5.8,1541.6,1488.1,1528.3,0.0,898.4,0.0311,0.0402,battery,gas-cc,159.3,3.0,0.3,18.8,1202.3,0.07,159.5,54.7,214.2,164.4,3.1,0.31,19.4,1240.9,0.07,164.6,56.4,221.0,159.0,3.0,0.3,18.8,1198.6,0.07,159.2,54.5,213.7,377.6,7.1,0.71,44.6,2849.2,0.16,378.0,129.6,507.5,33.36,0.0,0.0,33.36,34.75,0.0,0.0,34.75,0.0,0.0,0.0,2440.0,13.4,1353.9,0.0,0.0,0.0,0.0,0.0,1072.7,0.0,0.0,0.0,0.0,0.0,0.0,0.0,13.4,0.0
2050-12-13 02:00:00,2050-12-13 00:00:00,1389.5,0.0,0.0,7.5,1397.0,1347.4,1381.8,0.0,1152.2,0.0303,0.0363,gas-cc,gas-cc,74.5,1.4,0.14,8.8,562.1,0.03,74.6,25.6,100.1,76.8,1.4,0.14,9.1,579.7,0.03,76.9,26.4,103.3,162.9,3.1,0.31,19.2,1228.3,0.07,163.1,55.9,219.0,376.1,7.1,0.71,44.4,2837.8,0.16,376.5,129.0,505.5,33.36,0.0,0.0,33.36,34.61,0.0,0.0,34.61,0.0,0.0,0.0,2549.2,15.1,2010.1,0.0,0.0,0.0,0.0,0.0,524.0,0.0,0.0,0.0,0.0,0.0,0.0,0.0,15.1,0.0
2050-12-13 03:00:00,2050-12-13 01:00:00,1304.2,0.0,0.0,1.9,1306.1,1265.1,1289.8,124.7,0.0,0.03,0.0341,battery,gas-cc,77.3,1.5,0.15,9.1,583.2,0.03,77.4,26.5,103.9,72.1,1.4,0.14,8.5,543.8,0.03,72.1,24.7,96.9,183.9,3.5,0.35,21.7,1386.7,0.08,184.1,63.1,247.2,375.2,7.1,0.71,44.3,2831.3,0.16,375.6,128.7,504.3,33.36,0.0,0.0,33.36,34.53,0.0,0.0,34.53,0.0,0.0,0.0,1181.5,16.4,913.2,0.0,0.0,0.0,0.0,0.0,251.9,0.0,0.0,0.0,0.0,0.0,0.0,0.0,16.4,0.0
2050-12-13 04:00:00,2050-12-13 02:00:00,1257.9,0.0,0.0,11.9,1269.7,1220.3,1248.6,1206.8,0.0,0.0299,0.0329,battery,gas-cc,0.0,0.0,0.0,0.0,0.0,0.0,0.0,0.0,0.0,15.0,0.3,0.03,3.6,117.8,0.05,15.1,7.1,22.2,174.3,3.3,0.33,20.6,1314.0,0.08,174.4,59.8,234.2,374.7,7.1,0.71,44.3,2827.8,0.16,375.1,128.6,503.7,33.36,0.0,0.0,33.36,34.49,0.0,0.0,34.49,0.0,0.0,0.0,62.9,21.2,41.8,0.0,0.0,0.0,0.0,0.0,0.0,0.0,0.0,0.0,0.0,0.0,0.0,0.0,21.2,0.0
2050-12-13 05:00:00,2050-12-13 03:00:00,1234.7,0.0,0.0,12.0,1246.7,1197.9,1223.6,1223.6,0.0,0.0298,0.0323,gas-cc,gas-cc,0.0,0.0,0.0,0.0,0.0,0.0,0.0,0.0,0.0,14.4,0.3,0.03,3.6,112.9,0.05,14.4,7.0,21.4,196.8,3.7,0.37,23.3,1484.5,0.09,197.1,67.5,264.6,363.5,6.9,0.69,42.9,2743.2,0.16,363.9,124.7,488.7,32.57,0.0,0.0,32.57,33.66,0.0,0.0,33.66,0.0,0.0,0.0,23.1,23.1,0.0,0.0,0.0,0.0,0.0,0.0,0.0,0.0,0.0,0.0,0.0,0.0,0.0,0.0,23.1,0.0
2050-12-13 06:00:00,2050-12-13 04:00:00,1242.1,0.0,0.0,12.0,1254.1,1205.1,1232.1,1232.1,0.0,0.0298,0.0325,gas-cc,gas-cc,0.0,0.0,0.0,0.0,0.0,0.0,0.0,0.0,0.0,15.8,0.3,0.03,3.8,123.6,0.05,15.8,7.5,23.3,190.6,3.6,0.36,22.5,1437.6,0.08,190.8,65.4,256.2,363.6,6.9,0.69,43.0,2743.8,0.16,364.0,124.8,488.7,32.57,0.0,0.0,32.57,33.67,0.0,0.0,33.67,0.0,0.0,0.0,22.1,22.1,0.0,0.0,0.0,0.0,0.0,0.0,0.0,0.0,0.0,0.0,0.0,0.0,0.0,0.0,22.1,0.0
2050-12-13 07:00:00,2050-12-13 05:00:00,1334.7,0.0,0.0,8.4,1343.2,1294.6,1323.7,680.0,0.0,0.0301,0.0349,battery,gas-cc,0.0,0.0,0.0,0.0,0.0,0.0,0.0,0.0,0.0,4.4,0.1,0.01,1.0,34.1,0.01,4.4,2.1,6.4,211.6,4.0,0.4,25.0,1596.0,0.09,211.8,72.6,284.4,375.5,7.1,0.71,44.4,2833.6,0.16,375.9,128.8,504.8,33.36,0.0,0.0,33.36,34.56,0.0,0.0,34.56,0.0,0.0,0.0,663.2,19.4,643.8,0.0,0.0,0.0,0.0,0.0,0.0,0.0,0.0,0.0,0.0,0.0,0.0,0.0,19.4,0.0
2050-12-13 08:00:00,2050-12-13 06:00:00,1505.3,0.0,0.0,7.0,1512.2,1458.8,1492.0,445.3,12.8,0.0309,0.0394,gas-cc,gas-cc,314.5,5.9,0.59,37.2,2373.2,0.14,314.8,107.9,422.7,229.8,4.3,0.43,27.1,1733.8,0.1,230.0,78.8,308.8,162.2,3.1,0.31,19.2,1222.9,0.07,162.4,55.6,218.0,377.2,7.1,0.71,44.6,2846.8,0.16,377.7,129.4,507.1,33.36,0.0,0.0,33.36,34.72,0.0,0.0,34.72,0.0,0.0,0.0,1079.7,20.2,122.5,0.0,0.0,0.0,0.0,0.0,937.0,0.0,0.0,0.0,0.0,0.0,0.0,0.0,20.2,0.0
2050-12-13 09:00:00,2050-12-13 07:00:00,1644.2,93.0,0.0,17.6,1754.8,1592.0,-1194.7,445.3,1640.0,0.0318,0.043,battery,gas-cc,0.0,0.0,0.0,0.0,0.0,0.0,0.0,0.0,0.0,0.0,0.0,0.0,0.0,0.0,0.0,0.0,0.0,0.0,139.9,2.6,0.26,16.5,1054.9,0.06,140.1,48.0,188.1,330.8,6.2,0.62,39.1,2496.5,0.14,331.2,113.5,444.7,28.32,0.0,0.0,28.32,29.6,0.0,0.0,29.6,0.0,0.0,0.0,2949.4,2949.4,0.0,0.0,0.0,0.0,0.0,123.3,0.0,0.0,0.0,0.0,0.0,0.0,0.0,2799.8,26.3,0.0
2050-12-13 10:00:00,2050-12-13 08:00:00,1747.4,2954.9,0.0,10.7,4712.9,1690.6,-1640.0,0.0,1640.0,0.0325,0.0457,upv,upv,0.0,0.0,0.0,0.0,0.0,0.0,0.0,0.0,0.0,0.0,0.0,0.0,0.0,0.0,0.0,0.0,0.0,0.0,152.8,2.9,0.29,18.1,1152.5,0.07,153.0,52.4,205.4,0.0,0.0,0.0,0.0,0.0,0.0,0.0,0.0,0.0,0.0,0.0,0.0,0.0,0.0,0.0,0.0,0.0,0.0,1926.4,1926.4,6352.9,6352.9,0.0,0.0,0.0,0.0,0.0,348.3,0.0,0.0,0.0,0.0,0.0,0.0,0.0,5976.9,27.7,0.0
2050-12-13 11:00:00,2050-12-13 09:00:00,1704.2,3953.7,0.0,13.8,5671.7,1649.4,-1844.1,0.0,1844.1,0.0322,0.0446,upv,upv,0.0,0.0,0.0,0.0,0.0,0.0,0.0,0.0,0.0,0.0,0.0,0.0,0.0,0.0,0.0,0.0,0.0,0.0,140.0,2.6,0.26,16.5,1055.3,0.06,140.1,48.0,188.1,0.0,0.0,0.0,0.0,0.0,0.0,0.0,0.0,0.0,0.0,0.0,0.0,0.0,0.0,0.0,0.0,0.0,14.8,1106.9,1121.7,7515.8,7515.8,0.0,0.0,0.0,0.0,0.0,364.0,0.0,0.0,0.0,0.0,0.0,0.0,0.0,7151.8,0.0,0.0
2050-12-13 12:00:00,2050-12-13 10:00:00,1615.8,4019.6,0.0,21.7,5657.1,1564.8,-2352.3,0.0,2352.3,0.0316,0.0423,upv,upv,0.0,0.0,0.0,0.0,0.0,0.0,0.0,0.0,0.0,0.0,0.0,0.0,0.0,0.0,0.0,0.0,0.0,0.0,138.6,2.6,0.26,16.4,1044.7,0.06,138.7,47.5,186.2,0.0,0.0,0.0,0.0,0.0,0.0,0.0,0.0,0.0,0.0,0.0,0.0,0.0,0.0,0.0,0.0,0.0,0.0,62.6,62.6,8009.4,8009.4,0.0,0.0,0.0,0.0,0.0,340.0,0.0,0.0,0.0,0.0,0.0,0.0,0.0,7653.3,16.2,0.0
2050-12-13 13:00:00,2050-12-13 11:00:00,1521.1,3567.9,0.0,24.0,5112.9,1473.9,-2497.7,0.0,2497.7,0.031,0.0398,battery,wind-ons,0.0,0.0,0.0,0.0,0.0,0.0,0.0,0.0,0.0,0.0,0.0,0.0,0.0,0.0,0.0,0.0,0.0,0.0,139.8,2.6,0.26,16.5,1054.0,0.06,140.0,47.9,187.9,0.0,0.0,0.0,0.0,0.0,0.0,0.0,0.0,0.0,0.0,0.0,0.0,0.0,0.0,0.0,0.0,0.0,14.7,0.0,14.7,7610.6,7610.6,0.0,0.0,0.0,0.0,0.0,321.2,0.0,0.0,0.0,0.0,0.0,0.0,0.0,7289.4,0.0,0.0
2050-12-13 14:00:00,2050-12-13 12:00:00,1474.7,3887.3,0.0,21.3,5383.3,1429.4,-2326.4,0.0,2326.4,0.0307,0.0386,battery,upv,0.0,0.0,0.0,0.0,0.0,0.0,0.0,0.0,0.0,0.0,0.0,0.0,0.0,0.0,0.0,0.0,0.0,0.0,139.8,2.6,0.26,16.5,1053.7,0.06,139.9,47.9,187.9,0.0,0.0,0.0,0.0,0.0,0.0,0.0,0.0,0.0,0.0,0.0,0.0,0.0,0.0,0.0,0.0,0.0,0.0,0.0,0.0,7709.7,7709.7,0.0,0.0,0.0,0.0,0.0,324.6,0.0,0.0,0.0,0.0,0.0,0.0,0.0,7367.0,18.1,0.0
2050-12-13 15:00:00,2050-12-13 13:00:00,1478.9,3430.2,0.0,10.7,4919.8,1433.5,-1640.0,0.0,1640.0,0.0307,0.0387,upv,upv,0.0,0.0,0.0,0.0,0.0,0.0,0.0,0.0,0.0,0.0,0.0,0.0,0.0,0.0,0.0,0.0,0.0,0.0,144.3,2.7,0.27,17.0,1088.1,0.06,144.5,49.5,194.0,0.0,0.0,0.0,0.0,0.0,0.0,0.0,0.0,0.0,0.0,0.0,0.0,0.0,0.0,0.0,0.0,0.0,0.0,1632.5,1632.5,6559.8,6559.8,0.0,0.0,0.0,0.0,0.0,344.8,0.0,0.0,0.0,0.0,0.0,0.0,0.0,6193.3,21.7,0.0
2050-12-13 16:00:00,2050-12-13 14:00:00,1469.5,2850.6,0.0,10.7,4330.8,1424.4,-1643.1,0.0,1643.1,0.0307,0.0384,upv,upv,0.0,0.0,0.0,0.0,0.0,0.0,0.0,0.0,0.0,0.0,0.0,0.0,0.0,0.0,0.0,0.0,0.0,0.0,153.8,2.9,0.29,18.2,1159.8,0.07,154.0,52.8,206.7,0.0,0.0,0.0,0.0,0.0,0.0,0.0,0.0,0.0,0.0,0.0,0.0,0.0,0.0,0.0,0.0,0.0,0.0,2503.5,2503.5,5974.0,5974.0,0.0,0.0,0.0,0.0,0.0,356.6,0.0,0.0,0.0,0.0,0.0,0.0,0.0,5587.2,30.2,0.0
2050-12-13 17:00:00,2050-12-13 15:00:00,1500.0,2461.0,0.0,24.9,3985.9,1453.7,-2561.5,0.0,2561.5,0.0309,0.0392,upv,upv,0.0,0.0,0.0,0.0,0.0,0.0,0.0,0.0,0.0,0.0,0.0,0.0,0.0,0.0,0.0,0.0,0.0,0.0,163.8,3.1,0.31,19.4,1235.5,0.07,164.0,56.2,220.2,0.0,0.0,0.0,0.0,0.0,0.0,0.0,0.0,0.0,0.0,0.0,0.0,0.0,0.0,0.0,0.0,0.0,0.0,73.8,73.8,6547.4,6547.4,0.0,0.0,0.0,0.0,0.0,277.7,0.0,0.0,0.0,0.0,0.0,0.0,0.0,6230.2,39.6,0.0
2050-12-13 18:00:00,2050-12-13 16:00:00,1595.8,0.0,0.0,13.4,1609.2,1545.6,517.8,445.3,1000.2,0.0314,0.0417,hydro,gas-cc,179.6,3.4,0.34,21.2,1355.6,0.08,179.8,61.6,241.5,153.8,2.9,0.29,18.2,1160.7,0.07,154.0,52.8,206.8,151.2,2.9,0.29,17.9,1137.0,0.07,151.4,51.8,203.1,473.0,8.9,0.89,55.9,3569.3,0.21,473.5,162.3,635.8,37.29,0.0,0.0,37.29,38.91,0.0,0.0,38.91,0.0,0.0,0.0,2164.1,1091.4,0.0,0.0,0.0,0.0,0.0,43.6,1072.7,0.0,0.0,0.0,0.0,0.0,0.0,990.3,57.4,0.0
2050-12-13 19:00:00,2050-12-13 17:00:00,1781.1,0.0,0.0,17.6,1798.6,1722.7,1707.2,445.3,1640.0,0.0328,0.0466,battery,gas-cc,129.9,2.4,0.24,15.3,980.1,0.06,130.0,44.6,174.6,116.9,2.2,0.22,13.8,882.1,0.05,117.0,40.1,157.1,147.4,2.8,0.28,17.4,1110.8,0.06,147.5,50.5,198.0,433.2,8.2,0.82,51.2,3268.9,0.19,433.6,148.6,582.3,39.28,0.0,0.0,39.28,41.2,0.0,0.0,41.2,0.0,0.0,0.0,2993.3,91.5,1829.1,0.0,0.0,0.0,0.0,0.0,1072.7,0.0,0.0,0.0,0.0,0.0,0.0,0.0,91.5,0.0
2050-12-13 20:00:00,2050-12-13 18:00:00,1937.9,0.0,0.0,17.6,1955.5,1871.9,1828.0,445.3,1640.0,0.034,0.0507,battery,gas-cc,123.4,2.3,0.23,14.6,931.3,0.05,123.5,42.3,165.9,111.9,2.1,0.21,13.2,844.7,0.05,112.1,38.4,150.5,148.3,2.8,0.28,17.5,1118.3,0.06,148.5,50.9,199.4,435.1,8.2,0.82,51.4,3283.0,0.19,435.5,149.3,584.8,39.28,0.0,0.0,39.28,41.37,0.0,0.0,41.37,0.0,0.0,0.0,3150.1,127.4,1950.0,0.0,0.0,0.0,0.0,0.0,1072.7,0.0,0.0,0.0,0.0,0.0,0.0,0.0,127.4,0.0
2050-12-13 21:00:00,2050-12-13 19:00:00,1941.1,0.0,0.0,17.6,1958.6,1874.9,1811.8,445.3,1640.0,0.0341,0.0508,battery,gas-cc,123.3,2.3,0.23,14.6,930.4,0.05,123.4,42.3,165.7,111.8,2.1,0.21,13.2,844.0,0.05,112.0,38.4,150.3,148.2,2.8,0.28,17.5,1117.2,0.06,148.4,50.8,199.2,435.1,8.2,0.82,51.4,3283.3,0.19,435.6,149.3,584.9,39.28,0.0,0.0,39.28,41.38,0.0,0.0,41.38,0.0,0.0,0.0,3153.3,146.8,1933.7,0.0,0.0,0.0,0.0,0.0,1072.7,0.0,0.0,0.0,0.0,0.0,0.0,0.0,146.8,0.0
2050-12-13 22:00:00,2050-12-13 20:00:00,1853.7,0.0,0.0,17.6,1871.2,1791.9,1720.9,445.3,1640.0,0.0333,0.0485,battery,gas-cc,126.8,2.4,0.24,15.0,956.9,0.05,126.9,43.5,170.4,114.5,2.2,0.22,13.5,864.3,0.05,114.7,39.3,154.0,147.6,2.8,0.28,17.4,1112.8,0.06,147.8,50.6,198.4,434.0,8.2,0.82,51.3,3275.4,0.19,434.5,148.9,583.4,39.28,0.0,0.0,39.28,41.28,0.0,0.0,41.28,0.0,0.0,0.0,3065.9,150.4,1842.8,0.0,0.0,0.0,0.0,0.0,1072.7,0.0,0.0,0.0,0.0,0.0,0.0,0.0,150.4,0.0
2050-12-13 23:00:00,2050-12-13 21:00:00,1754.7,0.0,0.0,17.6,1772.3,1697.6,1616.3,445.3,1640.0,0.0326,0.0459,battery,gas-cc,131.0,2.5,0.25,15.5,988.8,0.06,131.2,45.0,176.1,117.8,2.2,0.22,13.9,888.7,0.05,117.9,40.4,158.3,146.9,2.8,0.28,17.4,1107.5,0.06,147.1,50.4,197.4,432.9,8.2,0.82,51.1,3266.5,0.19,433.3,148.5,581.9,39.28,0.0,0.0,39.28,41.17,0.0,0.0,41.17,0.0,0.0,0.0,2967.0,156.0,1738.2,0.0,0.0,0.0,0.0,0.0,1072.7,0.0,0.0,0.0,0.0,0.0,0.0,0.0,156.0,0.0
2050-12-14 00:00:00,2050-12-13 22:00:00,1624.2,0.0,0.0,17.6,1641.8,1572.9,1491.1,445.3,1640.0,0.0316,0.0425,battery,gas-cc,137.1,2.6,0.26,16.2,1034.3,0.06,137.2,47.0,184.2,122.3,2.3,0.23,14.5,923.1,0.05,122.5,42.0,164.4,147.8,2.8,0.28,17.5,1114.4,0.06,148.0,50.7,198.7,423.9,8.0,0.8,50.1,3198.6,0.18,424.3,145.4,569.8,37.34,0.0,0.0,37.34,38.99,0.0,0.0,38.99,0.0,0.0,0.0,2836.4,150.6,1613.0,0.0,0.0,0.0,0.0,0.0,1072.7,0.0,0.0,0.0,0.0,0.0,0.0,0.0,150.6,0.0
2050-12-14 01:00:00,2050-12-13 23:00:00,1503.2,0.0,0.0,17.6,1520.7,1456.8,1377.3,445.3,1640.0,0.0309,0.0393,battery,gas-cc,143.2,2.7,0.27,16.9,1080.4,0.06,143.3,49.1,192.4,126.9,2.4,0.24,15.0,957.7,0.06,127.1,43.5,170.6,160.6,3.0,0.3,19.0,1210.9,0.07,160.8,55.1,215.9,422.5,8.0,0.8,49.9,3188.1,0.18,422.9,145.0,567.9,37.34,0.0,0.0,37.34,38.86,0.0,0.0,38.86,0.0,0.0,0.0,2715.4,143.4,1499.2,0.0,0.0,0.0,0.0,0.0,1072.7,0.0,0.0,0.0,0.0,0.0,0.0,0.0,143.4,0.0
2050-12-14 02:00:00,2050-12-14 00:00:00,1357.9,0.0,0.0,17.6,1375.5,1316.9,1244.8,445.3,1640.0,0.0302,0.0355,battery,gas-cc,151.3,2.9,0.29,17.9,1141.4,0.07,151.4,51.9,203.3,132.9,2.5,0.25,15.7,1003.2,0.06,133.1,45.6,178.7,160.7,3.0,0.3,19.0,1211.4,0.07,160.9,55.1,216.0,420.8,7.9,0.79,49.7,3175.5,0.18,421.3,144.4,565.7,37.34,0.0,0.0,37.34,38.71,0.0,0.0,38.71,0.0,0.0,0.0,2570.1,130.7,1366.7,0.0,0.0,0.0,0.0,0.0,1072.7,0.0,0.0,0.0,0.0,0.0,0.0,0.0,130.7,0.0
2050-12-14 03:00:00,2050-12-14 01:00:00,1275.8,0.0,0.0,17.6,1293.4,1237.6,1164.0,445.3,1640.0,0.0299,0.0334,battery,gas-cc,156.3,2.9,0.29,18.5,1179.1,0.07,156.4,53.6,210.0,136.6,2.6,0.26,16.1,1030.9,0.06,136.8,46.9,183.6,149.5,2.8,0.28,17.7,1127.4,0.07,149.7,51.3,201.0,419.9,7.9,0.79,49.6,3168.5,0.18,420.3,144.1,564.4,37.34,0.0,0.0,37.34,38.62,0.0,0.0,38.62,0.0,0.0,0.0,2488.0,129.4,1285.9,0.0,0.0,0.0,0.0,0.0,1072.7,0.0,0.0,0.0,0.0,0.0,0.0,0.0,129.4,0.0
2050-12-14 04:00:00,2050-12-14 02:00:00,1218.9,0.0,0.0,9.8,1228.7,1182.7,1072.8,445.3,445.3,0.0298,0.0319,gas-cc,gas-cc,316.4,6.0,0.6,37.4,2387.6,0.14,316.7,108.6,425.3,239.4,4.5,0.45,28.3,1806.2,0.1,239.6,82.1,321.7,165.3,3.1,0.31,19.5,1245.9,0.07,165.5,56.7,222.1,410.0,7.7,0.77,48.4,3093.6,0.18,410.4,140.7,551.1,35.82,0.0,0.0,35.82,37.0,0.0,0.0,37.0,0.0,0.0,0.0,1228.7,156.0,0.0,0.0,0.0,0.0,0.0,0.0,1072.7,0.0,0.0,0.0,0.0,0.0,0.0,0.0,156.0,0.0
2050-12-14 05:00:00,2050-12-14 03:00:00,1195.8,0.0,0.0,10.0,1205.8,1160.2,1045.8,445.3,472.2,0.0297,0.0313,battery,gas-cc,315.4,5.9,0.59,37.3,2379.9,0.14,315.7,108.2,423.9,238.8,4.5,0.45,28.2,1801.9,0.1,239.0,81.9,321.0,172.5,3.3,0.33,20.4,1300.5,0.08,172.6,59.2,231.8,380.7,7.2,0.72,45.0,2872.6,0.17,381.1,130.6,511.7,34.17,0.0,0.0,34.17,35.27,0.0,0.0,35.27,0.0,0.0,0.0,1232.7,159.9,0.0,0.0,0.0,0.0,0.0,0.0,1072.7,0.0,0.0,0.0,0.0,0.0,0.0,0.0,159.9,0.0
2050-12-14 06:00:00,2050-12-14 04:00:00,1208.4,0.0,0.0,9.9,1218.3,1172.5,1064.5,445.3,453.6,0.0298,0.0316,gas-cc,gas-cc,317.0,6.0,0.6,37.4,2391.8,0.14,317.3,108.8,426.1,239.7,4.5,0.45,28.3,1808.6,0.1,239.9,82.2,322.2,141.3,2.7,0.27,16.7,1065.2,0.06,141.5,48.5,189.9,380.8,7.2,0.72,45.0,2873.6,0.17,381.2,130.7,511.9,33.71,0.0,0.0,33.71,34.81,0.0,0.0,34.81,0.0,0.0,0.0,1226.5,153.8,0.0,0.0,0.0,0.0,0.0,0.0,1072.7,0.0,0.0,0.0,0.0,0.0,0.0,0.0,153.8,0.0
2050-12-14 07:00:00,2050-12-14 05:00:00,1296.8,0.0,0.0,9.1,1306.0,1258.0,1172.3,445.3,345.8,0.03,0.0339,battery,gas-cc,322.2,6.1,0.61,38.1,2431.7,0.14,322.6,110.6,433.2,242.6,4.6,0.46,28.7,1830.9,0.11,242.9,83.3,326.1,176.3,3.3,0.33,20.8,1329.4,0.08,176.5,60.5,236.9,381.7,7.2,0.72,45.1,2880.5,0.17,382.1,131.0,513.1,33.71,0.0,0.0,33.71,34.9,0.0,0.0,34.9,0.0,0.0,0.0,1206.4,133.7,0.0,0.0,0.0,0.0,0.0,0.0,1072.7,0.0,0.0,0.0,0.0,0.0,0.0,0.0,133.7,0.0
2050-12-14 08:00:00,2050-12-14 06:00:00,1464.2,0.0,0.0,12.2,1476.4,1419.3,1341.9,445.3,820.5,0.0307,0.0383,hydro,gas-cc,210.0,4.0,0.4,24.8,1584.4,0.09,210.2,72.0,282.2,174.6,3.3,0.33,20.6,1317.6,0.08,174.8,59.9,234.7,151.1,2.9,0.29,17.8,1138.9,0.07,151.2,51.8,203.0,405.6,7.6,0.76,47.9,3060.7,0.18,406.0,139.2,545.2,37.34,0.0,0.0,37.34,38.82,0.0,0.0,38.82,0.0,0.0,0.0,1851.6,134.6,644.3,0.0,0.0,0.0,0.0,0.0,1072.7,0.0,0.0,0.0,0.0,0.0,0.0,0.0,134.6,0.0
2050-12-14 09:00:00,2050-12-14 07:00:00,1585.3,0.0,0.0,17.6,1602.8,1535.5,-983.0,445.3,1640.0,0.0314,0.0415,gas-cc,gas-cc,27.4,0.5,0.05,3.2,206.9,0.01,27.5,9.4,36.9,24.4,0.5,0.05,2.9,184.3,0.01,24.4,8.4,32.8,161.9,3.1,0.31,19.1,1220.8,0.07,162.1,55.5,217.6,378.1,7.1,0.71,44.7,2853.0,0.16,378.5,129.7,508.2,33.36,0.0,0.0,33.36,34.8,0.0,0.0,34.8,0.0,0.0,0.0,2797.5,2585.8,0.0,0.0,0.0,0.0,0.0,103.0,211.7,0.0,0.0,0.0,0.0,0.0,0.0,2337.7,145.0,0.0
2050-12-14 10:00:00,2050-12-14 08:00:00,1685.3,4019.6,0.0,11.9,5716.7,1631.3,-1561.8,78.2,1640.0,0.032,0.0441,battery,gas-cc,0.0,0.0,0.0,0.0,0.0,0.0,0.0,0.0,0.0,0.0,0.0,0.0,0.0,0.0,0.0,0.0,0.0,0.0,157.3,3.0,0.3,18.6,1186.2,0.07,157.5,54.0,211.4,318.6,6.0,0.6,37.6,2404.4,0.14,319.0,109.3,428.3,23.85,0.0,0.0,23.85,24.95,0.0,0.0,24.95,0.0,0.0,0.0,7278.5,7278.5,0.0,0.0,0.0,0.0,0.0,301.3,0.0,0.0,0.0,0.0,0.0,0.0,0.0,6837.0,140.1,0.0
2050-12-14 11:00:00,2050-12-14 09:00:00,1672.6,4019.6,0.0,11.3,5703.5,1619.2,-1600.8,39.2,1640.0,0.032,0.0437,battery,gas-cc,0.0,0.0,0.0,0.0,0.0,0.0,0.0,0.0,0.0,0.0,0.0,0.0,0.0,0.0,0.0,0.0,0.0,0.0,149.6,2.8,0.28,17.7,1128.1,0.07,149.8,51.3,201.1,367.9,6.9,0.69,43.5,2776.1,0.16,368.3,126.2,494.5,31.45,0.0,0.0,31.45,32.89,0.0,0.0,32.89,0.0,0.0,0.0,7304.2,7304.2,0.0,0.0,0.0,0.0,0.0,302.6,0.0,0.0,0.0,0.0,0.0,0.0,0.0,6869.4,132.3,0.0
2050-12-14 12:00:00,2050-12-14 10:00:00,1582.1,3577.4,0.0,10.9,5170.5,1532.5,-175.7,445.3,621.0,0.0313,0.0414,battery,gas-cc,0.0,0.0,0.0,0.0,0.0,0.0,0.0,0.0,0.0,0.0,0.0,0.0,0.0,0.0,0.0,0.0,0.0,0.0,160.4,3.0,0.3,19.0,1210.0,0.07,160.6,55.0,215.7,367.0,6.9,0.69,43.4,2769.2,0.16,367.4,125.9,493.3,31.71,0.0,0.0,31.71,33.07,0.0,0.0,33.07,0.0,0.0,0.0,5346.2,5346.2,0.0,0.0,0.0,0.0,0.0,218.3,0.0,0.0,0.0,0.0,0.0,0.0,0.0,4956.5,171.3,0.0
2050-12-14 13:00:00,2050-12-14 11:00:00,1497.9,2821.5,0.0,8.5,4328.0,1451.7,193.0,445.3,252.4,0.0308,0.0392,battery,gas-cc,0.0,0.0,0.0,0.0,0.0,0.0,0.0,0.0,0.0,0.0,0.0,0.0,0.0,0.0,0.0,0.0,0.0,0.0,157.2,3.0,0.3,18.6,1185.5,0.07,157.4,53.9,211.3,366.1,6.9,0.69,43.3,2762.9,0.16,366.5,125.6,492.2,31.71,0.0,0.0,31.71,33.0,0.0,0.0,33.0,0.0,0.0,0.0,4135.0,4135.0,0.0,0.0,0.0,0.0,0.0,166.5,0.0,0.0,0.0,0.0,0.0,0.0,0.0,3777.2,191.4,0.0
2050-12-14 14:00:00,2050-12-14 12:00:00,1482.1,2477.3,0.0,7.1,3966.6,1436.5,408.1,445.3,37.2,0.0308,0.0388,battery,gas-cc,0.0,0.0,0.0,0.0,0.0,0.0,0.0,0.0,0.0,0.0,0.0,0.0,0.0,0.0,0.0,0.0,0.0,0.0,140.1,2.6,0.27,16.5,1056.0,0.06,140.2,48.0,188.3,366.0,6.9,0.69,43.2,2761.7,0.16,366.4,125.6,491.9,31.71,0.0,0.0,31.71,32.98,0.0,0.0,32.98,0.0,0.0,0.0,3558.4,3558.4,0.0,0.0,0.0,0.0,0.0,141.5,0.0,0.0,0.0,0.0,0.0,0.0,0.0,3210.1,206.8,0.0
2050-12-14 15:00:00,2050-12-14 13:00:00,1487.4,1363.8,0.0,7.9,2859.1,1441.6,288.8,445.3,156.5,0.0308,0.0389,gas-cc,gas-cc,0.0,0.0,0.0,0.0,0.0,0.0,0.0,0.0,0.0,0.0,0.0,0.0,0.0,0.0,0.0,0.0,0.0,0.0,162.1,3.1,0.31,19.2,1222.4,0.07,162.3,55.6,217.9,366.0,6.9,0.69,43.2,2762.1,0.16,366.4,125.6,492.0,31.71,0.0,0.0,31.71,32.99,0.0,0.0,32.99,0.0,0.0,0.0,2570.3,2570.3,0.0,0.0,0.0,0.0,0.0,99.8,0.0,0.0,0.0,0.0,0.0,0.0,0.0,2265.0,205.5,0.0
2050-12-14 16:00:00,2050-12-14 14:00:00,1469.5,194.8,0.0,12.0,1676.3,1424.4,-342.7,445.3,788.0,0.0307,0.0384,gas-cc,gas-cc,0.0,0.0,0.0,0.0,0.0,0.0,0.0,0.0,0.0,0.0,0.0,0.0,0.0,0.0,0.0,0.0,0.0,0.0,155.8,2.9,0.29,18.4,1175.2,0.07,156.0,53.5,209.5,365.8,6.9,0.69,43.2,2760.7,0.16,366.2,125.5,491.8,31.71,0.0,0.0,31.71,32.97,0.0,0.0,32.97,0.0,0.0,0.0,2019.0,2019.0,0.0,0.0,0.0,0.0,0.0,74.9,0.0,0.0,0.0,0.0,0.0,0.0,0.0,1699.6,244.6,0.0
2050-12-14 17:00:00,2050-12-14 15:00:00,1526.3,0.0,0.0,21.8,1548.1,1479.0,-1285.8,0.0,2358.5,0.031,0.0399,battery,gas-cc,99.5,1.9,0.19,11.8,750.9,0.04,99.6,34.1,133.8,102.7,1.9,0.19,12.1,775.0,0.04,102.8,35.2,138.0,164.2,3.1,0.31,19.4,1238.0,0.07,164.4,56.3,220.7,454.7,8.6,0.86,53.7,3431.5,0.2,455.2,156.0,611.2,34.12,0.0,0.0,34.12,35.54,0.0,0.0,35.54,0.0,0.0,0.0,3906.6,2833.9,0.0,0.0,0.0,0.0,0.0,109.5,1072.7,0.0,0.0,0.0,0.0,0.0,0.0,2486.3,238.0,0.0
2050-12-14 18:00:00,2050-12-14 16:00:00,1601.1,0.0,0.0,10.7,1611.7,1550.7,796.4,0.0,1640.0,0.0315,0.0419,battery,gas-cc,119.6,2.3,0.23,14.1,902.2,0.05,119.7,41.0,160.7,123.4,2.3,0.23,14.6,931.5,0.05,123.6,42.4,165.9,151.4,2.9,0.29,17.9,1141.3,0.07,151.6,51.9,203.5,431.1,8.1,0.81,50.9,3252.8,0.19,431.5,147.9,579.4,39.7,0.0,0.0,39.7,41.43,0.0,0.0,41.43,0.0,0.0,0.0,3251.7,815.4,1363.6,0.0,0.0,0.0,0.0,26.8,1072.7,0.0,0.0,0.0,0.0,0.0,0.0,607.5,181.1,0.0
2050-12-14 19:00:00,2050-12-14 17:00:00,1788.4,0.0,0.0,10.7,1799.1,1729.7,1633.0,0.0,1640.0,0.0328,0.0468,battery,gas-cc,113.0,2.1,0.21,13.4,853.0,0.05,113.2,38.8,152.0,116.9,2.2,0.22,13.8,882.0,0.05,117.0,40.1,157.1,146.2,2.8,0.28,17.3,1102.4,0.06,146.4,50.1,196.5,433.3,8.2,0.82,51.2,3269.5,0.19,433.7,148.7,582.4,39.7,0.0,0.0,39.7,41.64,0.0,0.0,41.64,0.0,0.0,0.0,3439.0,166.1,2200.2,0.0,0.0,0.0,0.0,0.0,1072.7,0.0,0.0,0.0,0.0,0.0,0.0,0.0,166.1,0.0
2050-12-14 20:00:00,2050-12-14 18:00:00,1925.3,0.0,0.0,10.7,1935.9,1859.9,1745.4,0.0,1640.0,0.0339,0.0503,battery,gas-cc,108.7,2.0,0.2,12.8,820.4,0.05,108.8,37.3,146.1,112.5,2.1,0.21,13.3,849.2,0.05,112.7,38.6,151.3,156.6,3.0,0.3,18.5,1180.7,0.07,156.8,53.7,210.5,434.9,8.2,0.82,51.4,3281.9,0.19,435.4,149.2,584.6,39.7,0.0,0.0,39.7,41.8,0.0,0.0,41.8,0.0,0.0,0.0,3575.9,190.6,2312.6,0.0,0.0,0.0,0.0,0.0,1072.7,0.0,0.0,0.0,0.0,0.0,0.0,0.0,190.6,0.0
2050-12-14 21:00:00,2050-12-14 19:00:00,1917.9,0.0,0.0,10.7,1928.6,1852.9,1708.6,0.0,1640.0,0.0339,0.0502,battery,gas-cc,108.9,2.1,0.21,12.9,822.1,0.05,109.1,37.4,146.4,112.8,2.1,0.21,13.3,850.9,0.05,112.9,38.7,151.6,158.0,3.0,0.3,18.7,1190.7,0.07,158.1,54.2,212.3,434.8,8.2,0.82,51.4,3281.2,0.19,435.3,149.2,584.5,39.7,0.0,0.0,39.7,41.79,0.0,0.0,41.79,0.0,0.0,0.0,3568.5,220.0,2275.8,0.0,0.0,0.0,0.0,0.0,1072.7,0.0,0.0,0.0,0.0,0.0,0.0,0.0,220.0,0.0
2050-12-14 22:00:00,2050-12-14 20:00:00,1829.5,0.0,0.0,10.7,1840.1,1768.9,1582.4,0.0,1640.0,0.0331,0.0478,battery,gas-cc,111.7,2.1,0.21,13.2,843.0,0.05,111.8,38.3,150.2,115.5,2.2,0.22,13.6,871.9,0.05,115.7,39.6,155.3,156.5,3.0,0.3,18.5,1179.8,0.07,156.7,53.7,210.4,433.8,8.2,0.82,51.2,3273.2,0.19,434.2,148.8,583.1,39.7,0.0,0.0,39.7,41.69,0.0,0.0,41.69,0.0,0.0,0.0,3480.1,257.7,2149.7,0.0,0.0,0.0,0.0,0.0,1072.7,0.0,0.0,0.0,0.0,0.0,0.0,0.0,257.7,0.0
2050-12-14 23:00:00,2050-12-14 21:00:00,1734.7,0.0,0.0,10.7,1745.4,1678.5,1474.9,0.0,1640.0,0.0324,0.0454,battery,gas-cc,114.8,2.2,0.22,13.6,866.6,0.05,115.0,39.4,154.4,118.7,2.2,0.22,14.0,895.6,0.05,118.8,40.7,159.5,153.4,2.9,0.29,18.1,1156.5,0.07,153.6,52.6,206.2,432.6,8.2,0.82,51.1,3264.7,0.19,433.1,148.4,581.5,39.7,0.0,0.0,39.7,41.58,0.0,0.0,41.58,0.0,0.0,0.0,3385.4,270.5,2042.1,0.0,0.0,0.0,0.0,0.0,1072.7,0.0,0.0,0.0,0.0,0.0,0.0,0.0,270.5,0.0
2050-12-15 00:00:00,2050-12-14 22:00:00,1608.4,0.0,0.0,11.1,1619.5,1557.7,1377.8,28.8,1640.0,0.0315,0.0421,battery,gas-cc,120.3,2.3,0.23,14.2,908.1,0.05,120.5,41.3,161.8,123.2,2.3,0.23,14.5,929.4,0.05,123.3,42.3,165.5,152.4,2.9,0.29,18.0,1149.1,0.07,152.6,52.3,204.9,431.1,8.1,0.81,50.9,3253.5,0.19,431.6,147.9,579.5,39.02,0.0,0.0,39.02,40.74,0.0,0.0,40.74,0.0,0.0,0.0,3230.7,241.7,1916.2,0.0,0.0,0.0,0.0,0.0,1072.7,0.0,0.0,0.0,0.0,0.0,0.0,0.0,241.7,0.0
2050-12-15 01:00:00,2050-12-14 23:00:00,1478.9,0.0,0.0,17.6,1496.5,1433.5,1268.8,445.3,1640.0,0.0307,0.0387,battery,gas-cc,144.5,2.7,0.27,17.1,1090.1,0.06,144.6,49.6,194.2,128.0,2.4,0.24,15.1,965.6,0.06,128.1,43.9,172.0,173.8,3.3,0.33,20.5,1310.9,0.08,174.0,59.6,233.7,429.6,8.1,0.81,50.8,3242.0,0.19,430.1,147.4,577.5,39.02,0.0,0.0,39.02,40.59,0.0,0.0,40.59,0.0,0.0,0.0,2691.2,227.8,1390.7,0.0,0.0,0.0,0.0,0.0,1072.7,0.0,0.0,0.0,0.0,0.0,0.0,0.0,227.8,0.0
2050-12-15 02:00:00,2050-12-15 00:00:00,1355.8,0.0,0.0,17.6,1373.4,1314.9,1157.1,445.3,1640.0,0.0302,0.0355,battery,gas-cc,151.4,2.9,0.29,17.9,1142.4,0.07,151.5,51.9,203.5,133.3,2.5,0.25,15.7,1005.6,0.06,133.4,45.7,179.1,152.5,2.9,0.29,18.0,1149.7,0.07,152.7,52.3,205.0,428.2,8.1,0.81,50.6,3231.2,0.19,428.6,146.9,575.6,39.02,0.0,0.0,39.02,40.46,0.0,0.0,40.46,0.0,0.0,0.0,2568.0,216.3,1279.0,0.0,0.0,0.0,0.0,0.0,1072.7,0.0,0.0,0.0,0.0,0.0,0.0,0.0,216.3,0.0
2050-12-15 03:00:00,2050-12-15 01:00:00,1268.4,0.0,0.0,15.5,1284.0,1230.5,1045.4,315.4,1640.0,0.0299,0.0332,battery,gas-cc,149.0,2.8,0.28,17.6,1124.6,0.06,149.2,51.1,200.3,137.2,2.6,0.26,16.2,1035.5,0.06,137.4,47.1,184.5,157.3,3.0,0.3,18.6,1185.4,0.07,157.4,53.9,211.3,427.2,8.1,0.81,50.5,3223.6,0.19,427.6,146.6,574.2,39.02,0.0,0.0,39.02,40.36,0.0,0.0,40.36,0.0,0.0,0.0,2608.5,238.6,1297.2,0.0,0.0,0.0,0.0,0.0,1072.7,0.0,0.0,0.0,0.0,0.0,0.0,0.0,238.6,0.0
2050-12-15 04:00:00,2050-12-15 02:00:00,1211.6,0.0,0.0,13.7,1225.3,1175.5,984.5,194.5,1640.0,0.0298,0.0317,battery,gas-cc,145.6,2.7,0.27,17.2,1098.5,0.06,145.7,49.9,195.7,139.9,2.6,0.26,16.5,1055.7,0.06,140.1,48.0,188.1,155.2,2.9,0.29,18.3,1170.0,0.07,155.4,53.2,208.6,426.5,8.0,0.8,50.4,3218.6,0.18,427.0,146.4,573.3,39.02,0.0,0.0,39.02,40.3,0.0,0.0,40.3,0.0,0.0,0.0,2670.7,240.7,1357.2,0.0,0.0,0.0,0.0,0.0,1072.7,0.0,0.0,0.0,0.0,0.0,0.0,0.0,240.7,0.0
2050-12-15 05:00:00,2050-12-15 03:00:00,1175.8,0.0,0.0,15.8,1191.6,1140.9,953.4,445.3,1375.8,0.0297,0.0307,battery,gas-cc,183.2,3.5,0.35,21.6,1382.4,0.08,183.4,62.9,246.3,156.2,2.9,0.29,18.4,1178.4,0.07,156.3,53.6,209.9,174.4,3.3,0.33,20.6,1313.4,0.08,174.6,59.8,234.3,426.1,8.0,0.8,50.3,3215.5,0.18,426.6,146.2,572.8,39.02,0.0,0.0,39.02,40.26,0.0,0.0,40.26,0.0,0.0,0.0,2122.1,238.3,811.1,0.0,0.0,0.0,0.0,0.0,1072.7,0.0,0.0,0.0,0.0,0.0,0.0,0.0,238.3,0.0
2050-12-15 06:00:00,2050-12-15 04:00:00,1170.5,0.0,0.0,10.9,1181.4,1135.8,910.4,445.3,607.6,0.0297,0.0306,gas-cc,gas-cc,289.3,5.5,0.55,34.2,2183.3,0.13,289.6,99.3,388.9,224.0,4.2,0.42,26.5,1690.0,0.1,224.2,76.8,301.0,161.6,3.0,0.31,19.1,1218.3,0.07,161.8,55.4,217.2,422.0,8.0,0.8,49.9,3184.6,0.18,422.5,144.8,567.3,38.32,0.0,0.0,38.32,39.53,0.0,0.0,39.53,0.0,0.0,0.0,1343.7,271.0,0.0,0.0,0.0,0.0,0.0,0.0,1072.7,0.0,0.0,0.0,0.0,0.0,0.0,0.0,271.0,0.0
2050-12-15 07:00:00,2050-12-15 05:00:00,1231.6,0.0,0.0,3.1,1234.6,1194.9,1052.3,133.2,153.7,0.0298,0.0322,gas-cc,gas-cc,309.7,5.8,0.58,36.6,2337.4,0.13,310.1,106.3,416.4,288.9,5.4,0.54,34.1,2179.8,0.13,289.2,99.1,388.3,154.6,2.9,0.29,18.3,1165.2,0.07,154.7,53.0,207.7,381.0,7.2,0.72,45.0,2875.4,0.17,381.4,130.7,512.2,38.32,0.0,0.0,38.32,39.59,0.0,0.0,39.59,0.0,0.0,0.0,1255.1,182.4,0.0,0.0,0.0,0.0,0.0,0.0,1072.7,0.0,0.0,0.0,0.0,0.0,0.0,0.0,182.4,0.0
2050-12-15 08:00:00,2050-12-15 06:00:00,1389.5,0.0,0.0,10.7,1400.1,1347.4,1124.0,0.0,1640.0,0.0303,0.0363,battery,gas-cc,127.9,2.4,0.24,15.1,965.0,0.06,128.0,43.9,171.9,131.9,2.5,0.25,15.6,995.1,0.06,132.0,45.2,177.3,189.5,3.6,0.36,22.4,1429.0,0.08,189.7,65.0,254.7,428.6,8.1,0.81,50.6,3234.1,0.19,429.0,147.1,576.1,39.02,0.0,0.0,39.02,40.49,0.0,0.0,40.49,0.0,0.0,0.0,3040.1,276.1,1691.2,0.0,0.0,0.0,0.0,0.0,1072.7,0.0,0.0,0.0,0.0,0.0,0.0,0.0,276.1,0.0
2050-12-15 09:00:00,2050-12-15 07:00:00,1533.7,0.0,0.0,10.7,1544.3,1486.1,972.6,0.0,1640.0,0.031,0.0401,battery,gas-cc,122.1,2.3,0.23,14.4,921.3,0.05,122.2,41.9,164.1,126.0,2.4,0.24,14.9,950.8,0.05,126.1,43.2,169.4,153.5,2.9,0.29,18.1,1156.9,0.07,153.6,52.6,206.3,430.3,8.1,0.81,50.8,3246.9,0.19,430.7,147.6,578.4,39.02,0.0,0.0,39.02,40.65,0.0,0.0,40.65,0.0,0.0,0.0,3184.3,571.8,1539.8,0.0,0.0,0.0,0.0,13.0,1072.7,0.0,0.0,0.0,0.0,0.0,0.0,295.0,263.7,0.0
2050-12-15 10:00:00,2050-12-15 08:00:00,1685.3,821.6,0.0,10.7,2517.5,1631.3,-1640.0,0.0,1640.0,0.032,0.0441,battery,gas-cc,0.0,0.0,0.0,0.0,0.0,0.0,0.0,0.0,0.0,0.0,0.0,0.0,0.0,0.0,0.0,0.0,0.0,0.0,179.8,3.4,0.34,21.2,1356.1,0.08,180.0,61.7,241.7,377.0,7.1,0.71,44.5,2845.1,0.16,377.4,129.4,506.8,33.14,0.0,0.0,33.14,34.67,0.0,0.0,34.67,0.0,0.0,0.0,4157.5,4157.5,0.0,0.0,0.0,0.0,0.0,164.8,0.0,0.0,0.0,0.0,0.0,0.0,0.0,3741.6,251.0,0.0
2050-12-15 11:00:00,2050-12-15 09:00:00,1688.4,3443.2,0.0,14.8,5146.4,1634.3,-1373.8,266.2,1640.0,0.0321,0.0442,battery,gas-cc,0.0,0.0,0.0,0.0,0.0,0.0,0.0,0.0,0.0,0.0,0.0,0.0,0.0,0.0,0.0,0.0,0.0,0.0,141.0,2.7,0.27,16.7,1063.4,0.06,141.2,48.4,189.6,377.1,7.1,0.71,44.5,2845.4,0.16,377.5,129.4,506.8,33.14,0.0,0.0,33.14,34.67,0.0,0.0,34.67,0.0,0.0,0.0,6520.2,6520.2,0.0,0.0,0.0,0.0,0.0,264.9,0.0,0.0,0.0,0.0,0.0,0.0,0.0,6009.9,245.4,0.0
2050-12-15 12:00:00,2050-12-15 10:00:00,1633.7,3485.1,0.0,17.6,5136.4,1581.9,-1194.7,445.3,1640.0,0.0317,0.0427,battery,gas-cc,0.0,0.0,0.0,0.0,0.0,0.0,0.0,0.0,0.0,0.0,0.0,0.0,0.0,0.0,0.0,0.0,0.0,0.0,142.1,2.7,0.27,16.8,1071.1,0.06,142.2,48.7,190.9,376.5,7.1,0.71,44.5,2841.1,0.16,376.9,129.2,506.1,33.14,0.0,0.0,33.14,34.62,0.0,0.0,34.62,0.0,0.0,0.0,6331.0,6331.0,0.0,0.0,0.0,0.0,0.0,256.1,0.0,0.0,0.0,0.0,0.0,0.0,0.0,5812.8,262.2,0.0
2050-12-15 13:00:00,2050-12-15 11:00:00,1564.2,2324.4,0.0,17.6,3906.2,1515.4,-1194.7,445.3,1640.0,0.0312,0.0409,battery,gas-cc,0.0,0.0,0.0,0.0,0.0,0.0,0.0,0.0,0.0,0.0,0.0,0.0,0.0,0.0,0.0,0.0,0.0,0.0,139.8,2.6,0.26,16.5,1054.3,0.06,140.0,48.0,188.0,375.8,7.1,0.71,44.4,2835.7,0.16,376.2,128.9,505.1,33.14,0.0,0.0,33.14,34.55,0.0,0.0,34.55,0.0,0.0,0.0,5100.9,5100.9,0.0,0.0,0.0,0.0,0.0,205.0,0.0,0.0,0.0,0.0,0.0,0.0,0.0,4652.8,243.1,0.0
2050-12-15 14:00:00,2050-12-15 12:00:00,1530.5,1719.4,0.0,17.6,3267.5,1483.0,-1194.7,445.3,1640.0,0.031,0.04,battery,gas-cc,0.0,0.0,0.0,0.0,0.0,0.0,0.0,0.0,0.0,0.0,0.0,0.0,0.0,0.0,0.0,0.0,0.0,0.0,139.8,2.6,0.26,16.5,1054.1,0.06,140.0,47.9,187.9,375.4,7.1,0.71,44.4,2833.1,0.16,375.8,128.8,504.7,33.14,0.0,0.0,33.14,34.52,0.0,0.0,34.52,0.0,0.0,0.0,4462.1,4462.1,0.0,0.0,0.0,0.0,0.0,177.4,0.0,0.0,0.0,0.0,0.0,0.0,0.0,4026.0,258.8,0.0
2050-12-15 15:00:00,2050-12-15 13:00:00,1517.9,1988.8,0.0,17.6,3524.3,1470.9,-1194.7,445.3,1640.0,0.031,0.0397,battery,gas-cc,0.0,0.0,0.0,0.0,0.0,0.0,0.0,0.0,0.0,0.0,0.0,0.0,0.0,0.0,0.0,0.0,0.0,0.0,139.8,2.6,0.26,16.5,1054.0,0.06,140.0,47.9,187.9,375.3,7.1,0.71,44.3,2832.2,0.16,375.7,128.8,504.5,33.14,0.0,0.0,33.14,34.51,0.0,0.0,34.51,0.0,0.0,0.0,4718.9,4718.9,0.0,0.0,0.0,0.0,0.0,188.0,0.0,0.0,0.0,0.0,0.0,0.0,0.0,4268.3,262.6,0.0
2050-12-15 16:00:00,2050-12-15 14:00:00,1494.7,1719.9,0.0,17.6,3232.2,1448.7,-1194.7,445.3,1640.0,0.0308,0.0391,battery,gas-cc,0.0,0.0,0.0,0.0,0.0,0.0,0.0,0.0,0.0,0.0,0.0,0.0,0.0,0.0,0.0,0.0,0.0,0.0,163.1,3.1,0.31,19.3,1230.2,0.07,163.3,56.0,219.3,375.1,7.1,0.71,44.3,2830.4,0.16,375.5,128.7,504.2,33.14,0.0,0.0,33.14,34.49,0.0,0.0,34.49,0.0,0.0,0.0,4426.9,4426.9,0.0,0.0,0.0,0.0,0.0,176.1,0.0,0.0,0.0,0.0,0.0,0.0,0.0,3996.9,253.9,0.0
2050-12-15 17:00:00,2050-12-15 15:00:00,1526.3,151.6,0.0,17.6,1695.5,1479.0,-1194.7,445.3,1640.0,0.031,0.0399,battery,gas-cc,0.0,0.0,0.0,0.0,0.0,0.0,0.0,0.0,0.0,0.0,0.0,0.0,0.0,0.0,0.0,0.0,0.0,0.0,149.7,2.8,0.28,17.7,1128.6,0.07,149.8,51.3,201.2,375.4,7.1,0.71,44.3,2832.8,0.16,375.8,128.8,504.6,33.14,0.0,0.0,33.14,34.52,0.0,0.0,34.52,0.0,0.0,0.0,2890.1,2890.1,0.0,0.0,0.0,0.0,0.0,111.9,0.0,0.0,0.0,0.0,0.0,0.0,0.0,2538.0,240.2,0.0
2050-12-15 18:00:00,2050-12-15 16:00:00,1610.5,0.0,0.0,17.6,1628.1,1559.8,908.0,445.3,1640.0,0.0315,0.0421,battery,gas-cc,137.7,2.6,0.26,16.3,1039.3,0.06,137.9,47.3,185.1,122.8,2.3,0.23,14.5,926.9,0.05,123.0,42.1,165.1,158.4,3.0,0.3,18.7,1194.0,0.07,158.5,54.3,212.9,431.2,8.1,0.81,50.9,3253.7,0.19,431.6,147.9,579.6,39.02,0.0,0.0,39.02,40.74,0.0,0.0,40.74,0.0,0.0,0.0,2822.7,720.1,1030.0,0.0,0.0,0.0,0.0,22.7,1072.7,0.0,0.0,0.0,0.0,0.0,0.0,516.2,181.1,0.0
2050-12-15 19:00:00,2050-12-15 17:00:00,1768.4,0.0,0.0,17.6,1786.0,1710.7,1660.5,445.3,1640.0,0.0327,0.0462,battery,gas-cc,130.4,2.5,0.25,15.4,984.2,0.06,130.6,44.8,175.3,117.3,2.2,0.22,13.9,885.2,0.05,117.4,40.3,157.7,157.9,3.0,0.3,18.7,1190.4,0.07,158.1,54.1,212.2,433.0,8.2,0.82,51.2,3267.7,0.19,433.5,148.6,582.1,39.02,0.0,0.0,39.02,40.91,0.0,0.0,40.91,0.0,0.0,0.0,2980.6,125.5,1782.4,0.0,0.0,0.0,0.0,0.0,1072.7,0.0,0.0,0.0,0.0,0.0,0.0,0.0,125.5,0.0
2050-12-15 20:00:00,2050-12-15 18:00:00,1914.7,0.0,0.0,17.6,1932.3,1849.9,1782.3,445.3,1640.0,0.0338,0.0501,battery,gas-cc,124.3,2.3,0.23,14.7,938.2,0.05,124.5,42.7,167.1,112.6,2.1,0.21,13.3,850.0,0.05,112.8,38.7,151.4,154.7,2.9,0.29,18.3,1166.2,0.07,154.9,53.0,207.9,434.8,8.2,0.82,51.4,3280.9,0.19,435.2,149.2,584.4,39.02,0.0,0.0,39.02,41.08,0.0,0.0,41.08,0.0,0.0,0.0,3127.0,150.0,1904.3,0.0,0.0,0.0,0.0,0.0,1072.7,0.0,0.0,0.0,0.0,0.0,0.0,0.0,150.0,0.0
2050-12-15 21:00:00,2050-12-15 19:00:00,1914.7,0.0,0.0,17.6,1932.3,1849.9,1835.4,445.3,1640.0,0.0338,0.0501,battery,gas-cc,124.3,2.3,0.23,14.7,938.2,0.05,124.5,42.7,167.1,112.6,2.1,0.21,13.3,850.0,0.05,112.8,38.7,151.4,159.2,3.0,0.3,18.8,1200.5,0.07,159.4,54.6,214.0,434.8,8.2,0.82,51.4,3280.9,0.19,435.2,149.2,584.4,39.02,0.0,0.0,39.02,41.08,0.0,0.0,41.08,0.0,0.0,0.0,3127.0,96.9,1957.4,0.0,0.0,0.0,0.0,0.0,1072.7,0.0,0.0,0.0,0.0,0.0,0.0,0.0,96.9,0.0
2050-12-15 22:00:00,2050-12-15 20:00:00,1829.5,0.0,0.0,17.6,1847.0,1768.9,1762.6,445.3,1640.0,0.0331,0.0478,battery,gas-cc,127.8,2.4,0.24,15.1,964.5,0.06,127.9,43.9,171.8,115.3,2.2,0.22,13.6,870.1,0.05,115.4,39.6,155.0,154.3,2.9,0.29,18.2,1162.8,0.07,154.4,52.9,207.3,433.8,8.2,0.82,51.2,3273.2,0.19,434.2,148.8,583.1,39.02,0.0,0.0,39.02,40.98,0.0,0.0,40.98,0.0,0.0,0.0,3041.7,84.5,1884.5,0.0,0.0,0.0,0.0,0.0,1072.7,0.0,0.0,0.0,0.0,0.0,0.0,0.0,84.5,0.0
2050-12-15 23:00:00,2050-12-15 21:00:00,1750.5,0.0,0.0,17.6,1768.1,1693.6,1655.4,445.3,1640.0,0.0325,0.0458,battery,gas-cc,131.2,2.5,0.25,15.5,990.2,0.06,131.4,45.0,176.4,117.9,2.2,0.22,13.9,889.7,0.05,118.0,40.5,158.5,149.5,2.8,0.28,17.7,1127.0,0.07,149.7,51.3,200.9,432.8,8.2,0.82,51.1,3266.1,0.19,433.3,148.5,581.8,39.02,0.0,0.0,39.02,40.89,0.0,0.0,40.89,0.0,0.0,0.0,2962.7,112.7,1777.3,0.0,0.0,0.0,0.0,0.0,1072.7,0.0,0.0,0.0,0.0,0.0,0.0,0.0,112.7,0.0
2050-12-16 00:00:00,2050-12-15 22:00:00,1654.7,0.0,0.0,17.6,1672.3,1602.1,1531.8,445.3,1640.0,0.0318,0.0433,battery,gas-cc,135.6,2.6,0.26,16.0,1023.3,0.06,135.7,46.5,182.3,121.2,2.3,0.23,14.3,914.8,0.05,121.4,41.6,163.0,160.1,3.0,0.3,18.9,1207.1,0.07,160.3,54.9,215.2,378.8,7.1,0.71,44.7,2858.4,0.16,379.2,130.0,509.2,34.02,0.0,0.0,34.02,35.55,0.0,0.0,35.55,0.0,0.0,0.0,2867.0,140.5,1653.7,0.0,0.0,0.0,0.0,0.0,1072.7,0.0,0.0,0.0,0.0,0.0,0.0,0.0,140.5,0.0
2050-12-16 01:00:00,2050-12-15 23:00:00,1544.2,0.0,0.0,17.6,1561.8,1496.2,1409.2,445.3,1640.0,0.0311,0.0404,battery,gas-cc,141.0,2.7,0.27,16.7,1064.3,0.06,141.2,48.4,189.6,125.3,2.4,0.24,14.8,945.7,0.05,125.5,43.0,168.5,156.2,2.9,0.3,18.5,1177.6,0.07,156.4,53.6,209.9,377.7,7.1,0.71,44.6,2849.8,0.16,378.1,129.6,507.6,34.02,0.0,0.0,34.02,35.45,0.0,0.0,35.45,0.0,0.0,0.0,2756.4,152.6,1531.1,0.0,0.0,0.0,0.0,0.0,1072.7,0.0,0.0,0.0,0.0,0.0,0.0,0.0,152.6,0.0
2050-12-16 02:00:00,2050-12-16 00:00:00,1425.3,0.0,0.0,17.6,1442.8,1381.8,1280.7,445.3,1640.0,0.0305,0.0373,battery,gas-cc,147.4,2.8,0.28,17.4,1112.3,0.06,147.6,50.6,198.1,130.1,2.5,0.25,15.4,981.5,0.06,130.2,44.6,174.8,166.7,3.1,0.32,19.7,1257.0,0.07,166.9,57.2,224.1,376.4,7.1,0.71,44.5,2840.6,0.16,376.8,129.2,506.0,34.02,0.0,0.0,34.02,35.33,0.0,0.0,35.33,0.0,0.0,0.0,2637.5,162.1,1402.6,0.0,0.0,0.0,0.0,0.0,1072.7,0.0,0.0,0.0,0.0,0.0,0.0,0.0,162.1,0.0
2050-12-16 03:00:00,2050-12-16 01:00:00,1298.9,0.0,0.0,17.4,1316.3,1260.0,1125.8,445.3,1610.9,0.03,0.034,battery,gas-cc,156.6,3.0,0.3,18.5,1182.0,0.07,156.8,53.7,210.5,136.9,2.6,0.26,16.2,1033.1,0.06,137.1,47.0,184.0,231.8,4.4,0.45,27.4,1738.2,0.1,232.1,79.2,311.3,464.7,8.8,0.88,54.9,3506.7,0.2,465.2,159.5,624.7,34.02,0.0,0.0,34.02,35.21,0.0,0.0,35.21,0.0,0.0,0.0,2481.9,190.6,1218.6,0.0,0.0,0.0,0.0,0.0,1072.7,0.0,0.0,0.0,0.0,0.0,0.0,0.0,190.6,0.0
2050-12-16 04:00:00,2050-12-16 02:00:00,1240.0,0.0,0.0,10.0,1250.0,1203.0,1046.0,445.3,472.0,0.0298,0.0324,hydro,gas-cc,304.5,5.7,0.57,36.0,2297.8,0.13,304.8,104.5,409.3,232.7,4.4,0.44,27.5,1756.0,0.1,232.9,79.8,312.8,170.9,3.2,0.32,20.2,1288.3,0.07,171.1,58.6,229.7,427.6,8.1,0.81,50.5,3226.5,0.19,428.0,146.7,574.7,34.02,0.0,0.0,34.02,35.16,0.0,0.0,35.16,0.0,0.0,0.0,1276.7,204.0,0.0,0.0,0.0,0.0,0.0,0.0,1072.7,0.0,0.0,0.0,0.0,0.0,0.0,0.0,204.0,0.0
2050-12-16 05:00:00,2050-12-16 03:00:00,1203.2,0.0,0.0,10.0,1213.2,1167.4,1038.1,445.3,480.0,0.0297,0.0315,hydro,gas-cc,311.5,5.9,0.59,36.8,2350.9,0.14,311.9,106.9,418.8,236.6,4.5,0.45,28.0,1785.8,0.1,236.9,81.2,318.1,178.9,3.4,0.34,21.1,1348.7,0.08,179.1,61.3,240.4,427.1,8.1,0.81,50.5,3223.3,0.19,427.6,146.6,574.2,34.02,0.0,0.0,34.02,35.12,0.0,0.0,35.12,0.0,0.0,0.0,1247.9,175.1,0.0,0.0,0.0,0.0,0.0,0.0,1072.7,0.0,0.0,0.0,0.0,0.0,0.0,0.0,175.1,0.0
2050-12-16 06:00:00,2050-12-16 04:00:00,1185.3,0.0,0.0,10.2,1195.4,1150.0,1015.7,445.3,502.4,0.0297,0.031,hydro,gas-cc,310.4,5.8,0.58,36.7,2342.2,0.13,310.7,106.5,417.2,236.0,4.4,0.44,27.9,1780.8,0.1,236.2,81.0,317.2,197.9,3.8,0.38,23.4,1486.4,0.09,198.1,67.7,265.8,426.9,8.0,0.8,50.4,3221.7,0.19,427.4,146.5,573.9,33.66,0.0,0.0,33.66,34.73,0.0,0.0,34.73,0.0,0.0,0.0,1252.5,179.8,0.0,0.0,0.0,0.0,0.0,0.0,1072.7,0.0,0.0,0.0,0.0,0.0,0.0,0.0,179.8,0.0
2050-12-16 07:00:00,2050-12-16 05:00:00,1185.3,0.0,0.0,0.0,1185.3,1150.0,981.0,0.0,0.0,0.0297,0.031,gas-cc,gas-cc,300.0,5.7,0.57,35.4,2263.5,0.13,300.3,102.9,403.2,309.1,5.8,0.58,36.5,2332.8,0.13,309.5,106.1,415.5,189.7,3.6,0.36,22.4,1430.7,0.08,189.9,65.1,255.0,374.0,7.0,0.7,44.2,2822.2,0.16,374.4,128.3,502.7,33.36,0.0,0.0,33.36,34.42,0.0,0.0,34.42,0.0,0.0,0.0,1185.3,204.2,0.0,0.0,0.0,0.0,0.0,0.0,981.0,0.0,0.0,0.0,0.0,0.0,0.0,0.0,204.2,0.0
2050-12-16 08:00:00,2050-12-16 06:00:00,1240.0,0.0,0.0,0.0,1240.0,1203.0,1033.6,0.0,0.0,0.0298,0.0324,gas-cc,gas-cc,302.1,5.7,0.57,35.7,2279.5,0.13,302.4,103.6,406.0,311.4,5.9,0.59,36.8,2349.5,0.13,311.7,106.8,418.5,193.5,3.7,0.37,22.9,1459.4,0.08,193.7,66.4,260.1,374.5,7.1,0.71,44.2,2826.4,0.16,374.9,128.5,503.5,33.36,0.0,0.0,33.36,34.47,0.0,0.0,34.47,0.0,0.0,0.0,1240.0,206.4,0.0,0.0,0.0,0.0,0.0,0.0,1033.6,0.0,0.0,0.0,0.0,0.0,0.0,0.0,206.4,0.0
2050-12-16 09:00:00,2050-12-16 07:00:00,1304.2,0.0,0.0,0.0,1304.2,1265.1,7.3,0.0,0.0,0.03,0.0341,gas-cc,gas-cc,2.0,0.0,0.0,0.2,15.2,0.0,2.0,0.7,2.7,2.1,0.0,0.0,0.2,15.7,0.0,2.1,0.7,2.8,176.9,3.3,0.33,20.9,1334.2,0.08,177.1,60.7,237.8,375.2,7.1,0.71,44.3,2831.3,0.16,375.6,128.7,504.3,33.36,0.0,0.0,33.36,34.53,0.0,0.0,34.53,0.0,0.0,0.0,1304.2,1296.9,0.0,0.0,0.0,0.0,0.0,45.9,7.3,0.0,0.0,0.0,0.0,0.0,0.0,1040.4,210.7,0.0
2050-12-16 10:00:00,2050-12-16 08:00:00,1420.0,587.9,0.0,3.8,2011.7,1376.8,243.0,243.0,0.0,0.0304,0.0371,battery,gas-cc,0.0,0.0,0.0,0.0,0.0,0.0,0.0,0.0,0.0,0.0,0.0,0.0,0.0,0.0,0.0,0.0,0.0,0.0,139.7,2.6,0.26,16.5,1053.4,0.06,139.9,47.9,187.8,328.8,6.2,0.62,38.8,2481.3,0.14,329.2,112.8,442.0,28.88,0.0,0.0,28.88,30.0,0.0,0.0,30.0,0.0,0.0,0.0,1768.7,1768.7,0.0,0.0,0.0,0.0,0.0,66.0,0.0,0.0,0.0,0.0,0.0,0.0,0.0,1498.4,204.2,0.0
2050-12-16 11:00:00,2050-12-16 09:00:00,1500.0,2314.7,0.0,6.9,3821.6,1453.7,445.3,445.3,0.0,0.0309,0.0392,battery,gas-cc,0.0,0.0,0.0,0.0,0.0,0.0,0.0,0.0,0.0,0.0,0.0,0.0,0.0,0.0,0.0,0.0,0.0,0.0,140.0,2.6,0.26,16.5,1055.5,0.06,140.2,48.0,188.2,329.5,6.2,0.62,38.9,2486.7,0.14,329.9,113.1,443.0,28.88,0.0,0.0,28.88,30.06,0.0,0.0,30.06,0.0,0.0,0.0,3376.3,3376.3,0.0,0.0,0.0,0.0,0.0,134.4,0.0,0.0,0.0,0.0,0.0,0.0,0.0,3050.2,191.7,0.0
2050-12-16 12:00:00,2050-12-16 10:00:00,1546.3,2043.6,0.0,6.9,3596.9,1498.2,445.3,445.3,0.0,0.0311,0.0404,battery,gas-cc,0.0,0.0,0.0,0.0,0.0,0.0,0.0,0.0,0.0,0.0,0.0,0.0,0.0,0.0,0.0,0.0,0.0,0.0,139.8,2.6,0.26,16.5,1054.2,0.06,140.0,48.0,187.9,330.0,6.2,0.62,39.0,2489.9,0.14,330.3,113.2,443.5,28.88,0.0,0.0,28.88,30.1,0.0,0.0,30.1,0.0,0.0,0.0,3151.6,3151.6,0.0,0.0,0.0,0.0,0.0,125.2,0.0,0.0,0.0,0.0,0.0,0.0,0.0,2841.8,184.6,0.0
2050-12-16 13:00:00,2050-12-16 11:00:00,1567.4,1889.9,0.0,6.9,3464.2,1518.4,445.3,445.3,0.0,0.0313,0.041,battery,gas-cc,0.0,0.0,0.0,0.0,0.0,0.0,0.0,0.0,0.0,0.0,0.0,0.0,0.0,0.0,0.0,0.0,0.0,0.0,139.9,2.6,0.26,16.5,1054.3,0.06,140.0,48.0,188.0,330.1,6.2,0.62,39.0,2491.3,0.14,330.5,113.3,443.8,28.88,0.0,0.0,28.88,30.12,0.0,0.0,30.12,0.0,0.0,0.0,3018.9,3018.9,0.0,0.0,0.0,0.0,0.0,119.3,0.0,0.0,0.0,0.0,0.0,0.0,0.0,2707.7,191.9,0.0
2050-12-16 14:00:00,2050-12-16 12:00:00,1603.2,1410.5,0.0,6.9,3020.6,1552.7,445.3,445.3,0.0,0.0315,0.0419,battery,gas-cc,0.0,0.0,0.0,0.0,0.0,0.0,0.0,0.0,0.0,0.0,0.0,0.0,0.0,0.0,0.0,0.0,0.0,0.0,139.9,2.6,0.26,16.5,1054.6,0.06,140.0,48.0,188.0,330.5,6.2,0.62,39.0,2493.7,0.14,330.8,113.4,444.2,28.88,0.0,0.0,28.88,30.15,0.0,0.0,30.15,0.0,0.0,0.0,2575.3,2575.3,0.0,0.0,0.0,0.0,0.0,98.9,0.0,0.0,0.0,0.0,0.0,0.0,0.0,2244.0,232.4,0.0
2050-12-16 15:00:00,2050-12-16 13:00:00,1610.5,496.4,0.0,6.9,2113.8,1559.8,445.3,445.3,0.0,0.0315,0.0421,battery,gas-cc,0.0,0.0,0.0,0.0,0.0,0.0,0.0,0.0,0.0,0.0,0.0,0.0,0.0,0.0,0.0,0.0,0.0,0.0,143.5,2.7,0.27,17.0,1081.6,0.06,143.6,49.2,192.8,330.5,6.2,0.62,39.0,2494.2,0.14,330.9,113.4,444.3,28.88,0.0,0.0,28.88,30.15,0.0,0.0,30.15,0.0,0.0,0.0,1668.5,1668.5,0.0,0.0,0.0,0.0,0.0,59.7,0.0,0.0,0.0,0.0,0.0,0.0,0.0,1355.5,253.3,0.0
2050-12-16 16:00:00,2050-12-16 14:00:00,1601.1,13.9,0.0,6.9,1621.8,1550.7,445.3,445.3,0.0,0.0315,0.0419,battery,gas-cc,0.0,0.0,0.0,0.0,0.0,0.0,0.0,0.0,0.0,0.0,0.0,0.0,0.0,0.0,0.0,0.0,0.0,0.0,140.1,2.6,0.27,16.6,1056.5,0.06,140.3,48.1,188.3,330.4,6.2,0.62,39.0,2493.6,0.14,330.8,113.4,444.2,28.88,0.0,0.0,28.88,30.15,0.0,0.0,30.15,0.0,0.0,0.0,1176.5,1176.5,0.0,0.0,0.0,0.0,0.0,39.2,0.0,0.0,0.0,0.0,0.0,0.0,0.0,889.4,248.0,0.0
2050-12-16 17:00:00,2050-12-16 15:00:00,1621.1,88.5,0.0,6.9,1716.4,1569.8,445.3,445.3,0.0,0.0316,0.0424,battery,gas-cc,0.0,0.0,0.0,0.0,0.0,0.0,0.0,0.0,0.0,0.0,0.0,0.0,0.0,0.0,0.0,0.0,0.0,0.0,140.4,2.6,0.27,16.6,1058.2,0.06,140.5,48.1,188.7,330.6,6.2,0.62,39.1,2495.0,0.14,331.0,113.4,444.4,28.88,0.0,0.0,28.88,30.16,0.0,0.0,30.16,0.0,0.0,0.0,1271.1,1271.1,0.0,0.0,0.0,0.0,0.0,43.6,0.0,0.0,0.0,0.0,0.0,0.0,0.0,988.7,238.8,0.0
2050-12-16 18:00:00,2050-12-16 16:00:00,1677.9,0.0,0.0,15.4,1693.3,1624.2,714.4,445.3,1310.2,0.032,0.0439,battery,gas-cc,152.0,2.9,0.29,18.0,1146.8,0.07,152.1,52.1,204.3,133.7,2.5,0.25,15.8,1009.0,0.06,133.9,45.9,179.7,169.4,3.2,0.32,20.0,1277.3,0.07,169.6,58.1,227.7,395.1,7.4,0.74,46.7,2981.7,0.17,395.6,135.6,531.1,34.02,0.0,0.0,34.02,35.58,0.0,0.0,35.58,0.0,0.0,0.0,2558.2,978.9,506.5,0.0,0.0,0.0,0.0,31.9,1072.7,0.0,0.0,0.0,0.0,0.0,0.0,723.8,223.2,0.0
2050-12-16 19:00:00,2050-12-16 17:00:00,1793.7,0.0,0.0,12.3,1806.0,1734.8,1589.2,445.3,832.1,0.0329,0.0469,battery,gas-cc,177.3,3.3,0.33,20.9,1337.9,0.08,177.5,60.8,238.3,152.4,2.9,0.29,18.0,1149.8,0.07,152.5,52.3,204.8,182.6,3.5,0.35,21.6,1375.7,0.08,182.8,62.6,245.4,396.4,7.5,0.75,46.8,2991.2,0.17,396.8,136.0,532.8,34.02,0.0,0.0,34.02,35.69,0.0,0.0,35.69,0.0,0.0,0.0,2192.8,216.8,903.2,0.0,0.0,0.0,0.0,0.0,1072.7,0.0,0.0,0.0,0.0,0.0,0.0,0.0,216.8,0.0
2050-12-16 20:00:00,2050-12-16 18:00:00,1845.3,0.0,0.0,17.4,1862.7,1783.9,1655.3,445.3,1621.2,0.0333,0.0483,battery,gas-cc,127.9,2.4,0.24,15.1,965.4,0.06,128.1,43.9,172.0,115.4,2.2,0.22,13.6,871.0,0.05,115.6,39.6,155.2,261.6,5.0,0.51,30.9,1959.3,0.12,261.9,89.4,351.2,396.9,7.5,0.75,46.9,2995.4,0.17,397.4,136.2,533.6,34.02,0.0,0.0,34.02,35.74,0.0,0.0,35.74,0.0,0.0,0.0,3038.6,207.4,1758.5,0.0,0.0,0.0,0.0,0.0,1072.7,0.0,0.0,0.0,0.0,0.0,0.0,0.0,207.4,0.0
2050-12-16 21:00:00,2050-12-16 19:00:00,1837.9,0.0,0.0,17.3,1855.2,1776.9,1644.0,445.3,1598.3,0.0332,0.0481,battery,gas-cc,129.2,2.4,0.24,15.3,975.2,0.06,129.4,44.3,173.7,116.4,2.2,0.22,13.8,878.7,0.05,116.6,40.0,156.5,171.1,3.2,0.32,20.2,1289.6,0.07,171.2,58.7,229.9,396.9,7.5,0.75,46.9,2994.8,0.17,397.3,136.2,533.5,34.02,0.0,0.0,34.02,35.73,0.0,0.0,35.73,0.0,0.0,0.0,3008.1,211.2,1724.2,0.0,0.0,0.0,0.0,0.0,1072.7,0.0,0.0,0.0,0.0,0.0,0.0,0.0,211.2,0.0
2050-12-16 22:00:00,2050-12-16 20:00:00,1781.1,0.0,0.0,13.7,1794.8,1722.7,1569.5,445.3,1045.8,0.0328,0.0466,gas-cc,gas-cc,162.3,3.1,0.31,19.2,1224.8,0.07,162.5,55.7,218.2,141.5,2.7,0.27,16.7,1067.8,0.06,141.6,48.6,190.2,202.5,3.8,0.38,23.9,1525.5,0.09,202.7,69.4,272.1,396.2,7.5,0.75,46.8,2990.1,0.17,396.7,136.0,532.6,34.02,0.0,0.0,34.02,35.68,0.0,0.0,35.68,0.0,0.0,0.0,2395.2,225.3,1097.2,0.0,0.0,0.0,0.0,0.0,1072.7,0.0,0.0,0.0,0.0,0.0,0.0,0.0,225.3,0.0
2050-12-16 23:00:00,2050-12-16 21:00:00,1716.8,0.0,0.0,14.7,1731.5,1661.4,1493.6,445.3,1193.4,0.0323,0.0449,battery,gas-cc,156.8,3.0,0.3,18.5,1183.1,0.07,157.0,53.8,210.8,137.3,2.6,0.26,16.2,1036.5,0.06,137.5,47.1,184.6,272.3,5.2,0.53,32.2,2040.5,0.12,272.6,93.0,365.6,395.5,7.5,0.75,46.7,2984.9,0.17,396.0,135.7,531.7,34.02,0.0,0.0,34.02,35.61,0.0,0.0,35.61,0.0,0.0,0.0,2479.6,237.9,1168.9,0.0,0.0,0.0,0.0,0.0,1072.7,0.0,0.0,0.0,0.0,0.0,0.0,0.0,237.9,0.0
2050-12-17 00:00:00,2050-12-16 22:00:00,1631.6,0.0,0.0,9.0,1640.6,1579.9,1380.7,383.9,465.3,0.0317,0.0427,gas-cc,gas-cc,225.8,4.3,0.43,26.7,1703.8,0.1,226.0,77.5,303.5,190.7,3.6,0.36,22.5,1438.7,0.08,190.9,65.4,256.3,155.3,2.9,0.29,18.3,1170.4,0.07,155.4,53.2,208.7,402.4,7.6,0.76,47.5,3036.5,0.17,402.8,138.1,540.9,43.33,0.0,0.0,43.33,45.26,0.0,0.0,45.26,0.0,0.0,0.0,1721.9,259.9,389.3,0.0,0.0,0.0,0.0,0.0,1072.7,0.0,0.0,0.0,0.0,0.0,0.0,0.0,259.9,0.0
2050-12-17 01:00:00,2050-12-16 23:00:00,1530.5,0.0,0.0,3.9,1534.4,1483.0,1290.9,240.2,22.0,0.031,0.04,hydro,gas-cc,295.4,5.6,0.56,34.9,2228.9,0.13,295.7,101.3,397.0,257.8,4.9,0.49,30.5,1945.2,0.11,258.1,88.5,346.5,227.8,4.3,0.43,26.9,1718.2,0.1,228.0,78.1,306.2,432.6,8.2,0.82,51.1,3264.4,0.19,433.1,148.4,581.5,38.2,0.0,0.0,38.2,39.8,0.0,0.0,39.8,0.0,0.0,0.0,1316.2,243.5,0.0,0.0,0.0,0.0,0.0,0.0,1072.7,0.0,0.0,0.0,0.0,0.0,0.0,0.0,243.5,0.0
2050-12-17 02:00:00,2050-12-17 00:00:00,1420.0,0.0,0.0,1.5,1421.5,1376.8,1171.5,98.8,0.0,0.0304,0.0371,hydro,gas-cc,293.9,5.5,0.55,34.7,2217.8,0.13,294.2,100.8,395.1,282.1,5.3,0.53,33.3,2128.5,0.12,282.4,96.8,379.2,169.0,3.2,0.32,20.0,1274.0,0.07,169.1,57.9,227.1,481.2,9.1,0.91,56.9,3631.6,0.21,481.8,165.1,646.9,34.11,0.0,0.0,34.11,35.43,0.0,0.0,35.43,0.0,0.0,0.0,1322.8,250.0,0.0,0.0,0.0,0.0,0.0,0.0,1072.7,0.0,0.0,0.0,0.0,0.0,0.0,0.0,250.0,0.0
2050-12-17 03:00:00,2050-12-17 01:00:00,1329.5,0.0,0.0,6.9,1336.4,1289.5,1084.0,445.3,0.0,0.0301,0.0348,gas-cc,gas-cc,259.8,4.9,0.49,30.7,1960.2,0.11,260.0,89.1,349.2,178.6,3.4,0.34,21.1,1347.6,0.08,178.8,61.3,240.0,192.9,3.6,0.36,22.8,1454.6,0.08,193.1,66.2,259.2,375.5,7.1,0.71,44.4,2833.2,0.16,375.9,128.8,504.7,33.36,0.0,0.0,33.36,34.56,0.0,0.0,34.56,0.0,0.0,0.0,891.1,252.4,0.0,0.0,0.0,0.0,0.0,0.0,638.7,0.0,0.0,0.0,0.0,0.0,0.0,0.0,252.4,0.0
2050-12-17 04:00:00,2050-12-17 02:00:00,1268.4,0.0,0.0,6.9,1275.3,1230.5,1066.2,445.3,0.0,0.0299,0.0332,gas-cc,gas-cc,271.1,5.1,0.51,32.0,2045.6,0.12,271.4,93.0,364.4,181.9,3.4,0.34,21.5,1372.3,0.08,182.1,62.4,244.5,181.6,3.4,0.34,21.4,1369.2,0.08,181.7,62.3,244.0,374.8,7.1,0.71,44.3,2828.6,0.16,375.2,128.6,503.9,33.36,0.0,0.0,33.36,34.5,0.0,0.0,34.5,0.0,0.0,0.0,830.0,209.2,0.0,0.0,0.0,0.0,0.0,0.0,620.9,0.0,0.0,0.0,0.0,0.0,0.0,0.0,209.2,0.0
2050-12-17 05:00:00,2050-12-17 03:00:00,1227.4,0.0,0.0,6.9,1234.3,1190.8,1026.6,445.3,0.0,0.0298,0.0321,gas-cc,gas-cc,267.0,5.0,0.5,31.5,2014.9,0.12,267.3,91.6,358.9,175.9,3.3,0.33,20.8,1327.5,0.08,176.1,60.4,236.5,209.5,4.0,0.4,24.7,1580.3,0.09,209.7,71.9,281.6,374.4,7.1,0.71,44.2,2825.4,0.16,374.8,128.5,503.3,33.36,0.0,0.0,33.36,34.46,0.0,0.0,34.46,0.0,0.0,0.0,789.0,207.7,0.0,0.0,0.0,0.0,0.0,0.0,581.3,0.0,0.0,0.0,0.0,0.0,0.0,0.0,207.7,0.0
2050-12-17 06:00:00,2050-12-17 04:00:00,1185.3,0.0,0.0,8.6,1193.8,1150.0,1002.7,703.1,0.0,0.0297,0.031,gas-cc,gas-cc,221.3,4.2,0.42,26.1,1669.8,0.1,221.5,75.9,297.4,99.7,1.9,0.19,12.5,753.9,0.06,99.8,35.0,134.8,203.3,3.8,0.38,24.0,1533.3,0.09,203.5,69.7,273.2,374.0,7.0,0.7,44.2,2822.2,0.16,374.4,128.3,502.7,33.36,0.0,0.0,33.36,34.42,0.0,0.0,34.42,0.0,0.0,0.0,490.8,191.1,0.0,0.0,0.0,0.0,0.0,0.0,299.7,0.0,0.0,0.0,0.0,0.0,0.0,0.0,191.1,0.0
2050-12-17 07:00:00,2050-12-17 05:00:00,1206.3,0.0,0.0,7.9,1214.3,1170.4,1051.4,604.7,0.0,0.0297,0.0315,gas-cc,gas-cc,265.6,5.0,0.5,31.4,2004.3,0.12,265.9,91.1,357.0,141.0,2.7,0.27,17.1,1065.0,0.07,141.1,48.8,190.0,213.3,4.0,0.4,25.2,1609.2,0.09,213.5,73.2,286.7,374.2,7.1,0.71,44.2,2823.8,0.16,374.6,128.4,503.0,33.36,0.0,0.0,33.36,34.44,0.0,0.0,34.44,0.0,0.0,0.0,609.6,162.8,0.0,0.0,0.0,0.0,0.0,0.0,446.7,0.0,0.0,0.0,0.0,0.0,0.0,0.0,162.8,0.0
2050-12-17 08:00:00,2050-12-17 06:00:00,1250.5,0.0,0.0,6.9,1257.4,1213.2,1121.5,445.3,0.0,0.0298,0.0327,gas-cc,gas-cc,301.7,5.7,0.57,35.6,2276.9,0.13,302.1,103.5,405.6,200.9,3.8,0.38,23.7,1515.8,0.09,201.1,68.9,270.0,191.5,3.6,0.36,22.6,1444.0,0.08,191.7,65.7,257.3,374.7,7.1,0.71,44.3,2827.2,0.16,375.1,128.6,503.6,33.36,0.0,0.0,33.36,34.48,0.0,0.0,34.48,0.0,0.0,0.0,812.1,136.0,0.0,0.0,0.0,0.0,0.0,0.0,676.2,0.0,0.0,0.0,0.0,0.0,0.0,0.0,136.0,0.0
2050-12-17 09:00:00,2050-12-17 07:00:00,1340.0,0.0,0.0,9.5,1349.5,1299.7,-529.0,275.8,804.8,0.0301,0.035,hydro,gas-cc,0.0,0.0,0.0,0.0,0.0,0.0,0.0,0.0,0.0,0.0,0.0,0.0,0.0,0.0,0.0,0.0,0.0,0.0,138.2,2.6,0.26,16.3,1042.3,0.06,138.4,47.4,185.8,358.6,6.8,0.68,42.4,2705.9,0.16,359.0,123.0,482.0,29.96,0.0,0.0,29.96,31.05,0.0,0.0,31.05,0.0,0.0,0.0,1878.5,1878.5,0.0,0.0,0.0,0.0,0.0,75.0,0.0,0.0,0.0,0.0,0.0,0.0,0.0,1701.2,102.3,0.0
2050-12-17 10:00:00,2050-12-17 08:00:00,1458.9,2845.7,0.0,25.8,4330.4,1414.3,-2615.7,0.0,2615.7,0.0306,0.0382,battery,hydro,0.0,0.0,0.0,0.0,0.0,0.0,0.0,0.0,0.0,0.0,0.0,0.0,0.0,0.0,0.0,0.0,0.0,0.0,151.3,2.9,0.29,17.9,1140.6,0.07,151.4,51.9,203.3,0.0,0.0,0.0,0.0,0.0,0.0,0.0,0.0,0.0,4.75,0.0,0.0,4.75,4.93,0.0,0.0,4.93,0.0,0.0,0.0,6946.1,6946.1,0.0,0.0,0.0,0.0,0.0,290.5,0.0,0.0,0.0,0.0,0.0,0.0,0.0,6594.7,60.9,0.0
2050-12-17 11:00:00,2050-12-17 09:00:00,1515.8,3770.6,0.0,26.2,5312.6,1468.9,-2644.9,0.0,2644.9,0.0309,0.0396,battery,hydro,0.0,0.0,0.0,0.0,0.0,0.0,0.0,0.0,0.0,0.0,0.0,0.0,0.0,0.0,0.0,0.0,0.0,0.0,140.2,2.6,0.27,16.6,1056.8,0.06,140.3,48.1,188.4,0.0,0.0,0.0,0.0,0.0,0.0,0.0,0.0,0.0,4.75,0.0,0.0,4.75,4.94,0.0,0.0,4.94,0.0,0.0,0.0,7957.6,7957.6,0.0,0.0,0.0,0.0,0.0,333.1,0.0,0.0,0.0,0.0,0.0,0.0,0.0,7560.8,63.7,0.0
2050-12-17 12:00:00,2050-12-17 10:00:00,1535.8,3326.9,0.0,28.9,4891.5,1488.1,-2816.0,0.0,2816.0,0.0311,0.0402,wind-ons,wind-ons,0.0,0.0,0.0,0.0,0.0,0.0,0.0,0.0,0.0,0.0,0.0,0.0,0.0,0.0,0.0,0.0,0.0,0.0,139.7,2.6,0.26,16.5,1052.9,0.06,139.8,47.9,187.7,0.0,0.0,0.0,0.0,0.0,0.0,0.0,0.0,0.0,4.75,0.0,0.0,4.75,4.95,0.0,0.0,4.95,0.0,0.0,0.0,7707.5,7707.5,0.0,0.0,0.0,0.0,0.0,322.3,0.0,0.0,0.0,0.0,0.0,0.0,0.0,7315.3,70.0,0.0
2050-12-17 13:00:00,2050-12-17 11:00:00,1528.4,3373.1,0.0,24.4,4925.9,1481.0,-2525.9,0.0,2525.9,0.031,0.04,wind-ons,wind-ons,0.0,0.0,0.0,0.0,0.0,0.0,0.0,0.0,0.0,0.0,0.0,0.0,0.0,0.0,0.0,0.0,0.0,0.0,138.9,2.6,0.26,16.4,1047.1,0.06,139.0,47.6,186.7,0.0,0.0,0.0,0.0,0.0,0.0,0.0,0.0,0.0,4.75,0.0,0.0,4.75,4.94,0.0,0.0,4.94,0.0,0.0,0.0,7451.8,7451.8,0.0,0.0,0.0,0.0,0.0,310.9,0.0,0.0,0.0,0.0,0.0,0.0,0.0,7056.8,84.1,0.0
2050-12-17 14:00:00,2050-12-17 12:00:00,1549.5,3430.3,0.0,22.8,5002.5,1501.2,-2420.6,0.0,2420.6,0.0311,0.0405,battery,hydro,0.0,0.0,0.0,0.0,0.0,0.0,0.0,0.0,0.0,0.0,0.0,0.0,0.0,0.0,0.0,0.0,0.0,0.0,139.6,2.6,0.26,16.5,1052.5,0.06,139.8,47.9,187.6,0.0,0.0,0.0,0.0,0.0,0.0,0.0,0.0,0.0,4.75,0.0,0.0,4.75,4.95,0.0,0.0,4.95,0.0,0.0,0.0,7423.1,7423.1,0.0,0.0,0.0,0.0,0.0,310.0,0.0,0.0,0.0,0.0,0.0,0.0,0.0,7037.4,75.7,0.0
2050-12-17 15:00:00,2050-12-17 13:00:00,1562.1,3927.1,0.0,24.9,5514.1,1513.3,-2555.7,0.0,2555.7,0.0312,0.0409,battery,hydro,0.0,0.0,0.0,0.0,0.0,0.0,0.0,0.0,0.0,0.0,0.0,0.0,0.0,0.0,0.0,0.0,0.0,0.0,139.3,2.6,0.26,16.5,1050.2,0.06,139.5,47.8,187.2,0.0,0.0,0.0,0.0,0.0,0.0,0.0,0.0,0.0,4.75,0.0,0.0,4.75,4.95,0.0,0.0,4.95,0.0,0.0,0.0,8069.8,8069.8,0.0,0.0,0.0,0.0,0.0,337.4,0.0,0.0,0.0,0.0,0.0,0.0,0.0,7657.8,74.6,0.0
2050-12-17 16:00:00,2050-12-17 14:00:00,1553.7,4019.6,0.0,28.3,5601.6,1505.3,-2781.2,0.0,2781.2,0.0312,0.0406,wind-ons,wind-ons,0.0,0.0,0.0,0.0,0.0,0.0,0.0,0.0,0.0,0.0,0.0,0.0,0.0,0.0,0.0,0.0,0.0,0.0,142.5,2.7,0.27,16.8,1074.5,0.06,142.7,48.9,191.5,0.0,0.0,0.0,0.0,0.0,0.0,0.0,0.0,0.0,4.75,0.0,0.0,4.75,4.95,0.0,0.0,4.95,0.0,0.0,0.0,8382.8,8382.8,0.0,0.0,0.0,0.0,0.0,350.8,0.0,0.0,0.0,0.0,0.0,0.0,0.0,7961.5,70.5,0.0
2050-12-17 17:00:00,2050-12-17 15:00:00,1569.5,2431.9,0.0,24.2,4025.6,1520.4,-2514.5,0.0,2514.5,0.0313,0.041,battery,gas-cc,0.0,0.0,0.0,0.0,0.0,0.0,0.0,0.0,0.0,0.0,0.0,0.0,0.0,0.0,0.0,0.0,0.0,0.0,165.8,3.1,0.31,19.6,1250.0,0.07,165.9,56.9,222.8,325.8,6.1,0.61,38.5,2458.2,0.14,326.1,111.8,437.9,21.08,0.0,0.0,21.08,21.98,0.0,0.0,21.98,0.0,0.0,0.0,6540.0,6540.0,0.0,0.0,0.0,0.0,0.0,273.7,0.0,0.0,0.0,0.0,0.0,0.0,0.0,6213.4,52.9,0.0
2050-12-17 18:00:00,2050-12-17 16:00:00,1631.6,0.0,0.0,0.9,1632.5,1579.9,468.8,0.0,142.4,0.0317,0.0427,battery,gas-cc,0.0,0.0,0.0,0.0,0.0,0.0,0.0,0.0,0.0,0.0,0.0,0.0,0.0,0.0,0.0,0.0,0.0,0.0,171.8,3.2,0.32,20.3,1295.3,0.07,172.0,58.9,230.9,372.4,7.0,0.7,44.0,2810.4,0.16,372.8,127.8,500.6,32.62,0.0,0.0,32.62,34.07,0.0,0.0,34.07,0.0,0.0,0.0,1774.9,1163.7,611.3,0.0,0.0,0.0,0.0,47.1,0.0,0.0,0.0,0.0,0.0,0.0,0.0,1069.5,47.0,0.0
2050-12-17 19:00:00,2050-12-17 17:00:00,1775.8,0.0,0.0,0.9,1776.7,1717.7,1738.3,0.0,140.9,0.0327,0.0464,battery,gas-cc,0.0,0.0,0.0,0.0,0.0,0.0,0.0,0.0,0.0,0.0,0.0,0.0,0.0,0.0,0.0,0.0,0.0,0.0,162.1,3.1,0.31,19.1,1221.7,0.07,162.2,55.6,217.8,373.9,7.0,0.7,44.2,2821.6,0.16,374.3,128.3,502.6,32.62,0.0,0.0,32.62,34.2,0.0,0.0,34.2,0.0,0.0,0.0,1917.6,38.4,1879.2,0.0,0.0,0.0,0.0,0.0,0.0,0.0,0.0,0.0,0.0,0.0,0.0,0.0,38.4,0.0
2050-12-17 20:00:00,2050-12-17 18:00:00,1876.8,0.0,0.0,7.9,1884.7,1813.9,1864.5,100.4,972.0,0.0335,0.0491,battery,gas-cc,0.0,0.0,0.0,0.0,0.0,0.0,0.0,0.0,0.0,0.0,0.0,0.0,0.0,0.0,0.0,0.0,0.0,0.0,163.3,3.1,0.31,19.3,1231.0,0.07,163.5,56.0,219.5,374.9,7.1,0.71,44.3,2829.4,0.16,375.3,128.7,504.0,32.62,0.0,0.0,32.62,34.3,0.0,0.0,34.3,0.0,0.0,0.0,2756.2,20.2,2736.0,0.0,0.0,0.0,0.0,0.0,0.0,0.0,0.0,0.0,0.0,0.0,0.0,0.0,20.2,0.0
2050-12-17 21:00:00,2050-12-17 19:00:00,1896.8,0.0,0.0,16.2,1913.0,1832.9,1906.5,355.8,1640.0,0.0337,0.0496,battery,gas-cc,0.0,0.0,0.0,0.0,0.0,0.0,0.0,0.0,0.0,0.0,0.0,0.0,0.0,0.0,0.0,0.0,0.0,0.0,163.2,3.1,0.31,19.3,1230.2,0.07,163.3,56.0,219.3,375.2,7.1,0.71,44.3,2831.0,0.16,375.6,128.7,504.3,32.62,0.0,0.0,32.62,34.32,0.0,0.0,34.32,0.0,0.0,0.0,3197.1,6.5,3190.7,0.0,0.0,0.0,0.0,0.0,0.0,0.0,0.0,0.0,0.0,0.0,0.0,0.0,6.5,0.0
2050-12-17 22:00:00,2050-12-17 20:00:00,1866.3,0.0,0.0,2.8,1869.1,1803.9,1867.0,124.6,134.1,0.0334,0.0488,battery,gas-cc,0.0,0.0,0.0,0.0,0.0,0.0,0.0,0.0,0.0,0.0,0.0,0.0,0.0,0.0,0.0,0.0,0.0,0.0,169.8,3.2,0.32,20.1,1279.9,0.07,169.9,58.2,228.2,374.8,7.1,0.71,44.3,2828.6,0.16,375.2,128.6,503.9,32.62,0.0,0.0,32.62,34.29,0.0,0.0,34.29,0.0,0.0,0.0,1878.7,2.2,1876.5,0.0,0.0,0.0,0.0,0.0,0.0,0.0,0.0,0.0,0.0,0.0,0.0,0.0,2.2,0.0
2050-12-17 23:00:00,2050-12-17 21:00:00,1783.2,0.0,0.0,12.3,1795.5,1724.7,1793.6,313.2,1146.4,0.0328,0.0466,battery,gas-cc,0.0,0.0,0.0,0.0,0.0,0.0,0.0,0.0,0.0,0.0,0.0,0.0,0.0,0.0,0.0,0.0,0.0,0.0,165.0,3.1,0.31,19.5,1243.9,0.07,165.2,56.6,221.7,374.0,7.0,0.7,44.2,2822.1,0.16,374.4,128.3,502.7,32.62,0.0,0.0,32.62,34.21,0.0,0.0,34.21,0.0,0.0,0.0,2628.6,1.9,2626.7,0.0,0.0,0.0,0.0,0.0,0.0,0.0,0.0,0.0,0.0,0.0,0.0,0.0,1.9,0.0
2050-12-18 00:00:00,2050-12-17 22:00:00,1680.0,0.0,0.0,0.0,1680.0,1626.2,1677.9,0.0,0.0,0.032,0.0439,battery,gas-cc,0.0,0.0,0.0,0.0,0.0,0.0,0.0,0.0,0.0,0.0,0.0,0.0,0.0,0.0,0.0,0.0,0.0,0.0,205.1,3.9,0.39,24.2,1547.1,0.09,205.3,70.4,275.7,372.9,7.0,0.7,44.1,2814.2,0.16,373.3,128.0,501.3,32.86,0.0,0.0,32.86,34.37,0.0,0.0,34.37,0.0,0.0,0.0,1680.0,2.1,1677.9,0.0,0.0,0.0,0.0,0.0,0.0,0.0,0.0,0.0,0.0,0.0,0.0,0.0,2.1,0.0
2050-12-18 01:00:00,2050-12-17 23:00:00,1535.8,0.0,0.0,2.7,1538.5,1488.1,1538.0,174.2,0.0,0.0311,0.0402,battery,gas-cc,0.0,0.0,0.0,0.0,0.0,0.0,0.0,0.0,0.0,0.0,0.0,0.0,0.0,0.0,0.0,0.0,0.0,0.0,178.3,3.4,0.34,21.1,1344.8,0.08,178.5,61.2,239.7,371.5,7.0,0.7,43.9,2803.1,0.16,371.9,127.5,499.3,32.86,0.0,0.0,32.86,34.24,0.0,0.0,34.24,0.0,0.0,0.0,1364.3,0.5,1363.8,0.0,0.0,0.0,0.0,0.0,0.0,0.0,0.0,0.0,0.0,0.0,0.0,0.0,0.5,0.0
2050-12-18 02:00:00,2050-12-18 00:00:00,1391.6,0.0,0.0,3.6,1395.2,1349.4,1395.2,234.6,0.0,0.0303,0.0364,battery,gas-cc,0.0,0.0,0.0,0.0,0.0,0.0,0.0,0.0,0.0,0.0,0.0,0.0,0.0,0.0,0.0,0.0,0.0,0.0,258.9,4.9,0.49,30.6,1953.1,0.11,259.2,88.8,348.0,370.0,7.0,0.7,43.7,2792.1,0.16,370.4,127.0,497.4,32.86,0.0,0.0,32.86,34.11,0.0,0.0,34.11,0.0,0.0,0.0,1160.6,0.0,1160.6,0.0,0.0,0.0,0.0,0.0,0.0,0.0,0.0,0.0,0.0,0.0,0.0,0.0,0.0,0.0
2050-12-18 03:00:00,2050-12-18 01:00:00,1325.3,0.0,0.0,6.9,1332.2,1285.4,1332.2,445.3,0.0,0.0301,0.0347,battery,gas-cc,0.0,0.0,0.0,0.0,0.0,0.0,0.0,0.0,0.0,0.0,0.0,0.0,0.0,0.0,0.0,0.0,0.0,0.0,152.4,2.9,0.29,18.0,1148.5,0.07,152.5,52.2,204.8,369.3,7.0,0.7,43.6,2787.1,0.16,369.7,126.7,496.5,32.86,0.0,0.0,32.86,34.04,0.0,0.0,34.04,0.0,0.0,0.0,886.9,0.0,886.9,0.0,0.0,0.0,0.0,0.0,0.0,0.0,0.0,0.0,0.0,0.0,0.0,0.0,0.0,0.0
2050-12-18 04:00:00,2050-12-18 02:00:00,1277.9,0.0,0.0,6.6,1284.5,1239.7,1284.5,428.3,0.0,0.0299,0.0334,battery,gas-cc,0.0,0.0,0.0,0.0,0.0,0.0,0.0,0.0,0.0,0.0,0.0,0.0,0.0,0.0,0.0,0.0,0.0,0.0,162.8,3.1,0.31,19.2,1227.7,0.07,163.0,55.8,218.8,368.9,7.0,0.7,43.6,2783.5,0.16,369.3,126.6,495.8,32.86,0.0,0.0,32.86,34.0,0.0,0.0,34.0,0.0,0.0,0.0,856.2,0.0,856.2,0.0,0.0,0.0,0.0,0.0,0.0,0.0,0.0,0.0,0.0,0.0,0.0,0.0,0.0,0.0
2050-12-18 05:00:00,2050-12-18 03:00:00,1250.5,0.0,0.0,8.0,1258.5,1213.2,1258.5,612.6,0.0,0.0298,0.0327,battery,gas-cc,0.0,0.0,0.0,0.0,0.0,0.0,0.0,0.0,0.0,3.5,0.1,0.01,0.8,27.8,0.01,3.6,1.7,5.2,148.2,2.8,0.28,17.5,1117.0,0.06,148.4,50.8,199.2,368.6,6.9,0.69,43.5,2781.5,0.16,369.0,126.5,495.5,32.86,0.0,0.0,32.86,33.98,0.0,0.0,33.98,0.0,0.0,0.0,646.0,0.0,646.0,0.0,0.0,0.0,0.0,0.0,0.0,0.0,0.0,0.0,0.0,0.0,0.0,0.0,0.0,0.0
2050-12-18 06:00:00,2050-12-18 04:00:00,1273.7,0.0,0.0,6.9,1280.6,1235.6,1280.6,445.3,0.0,0.0299,0.0333,battery,gas-cc,0.0,0.0,0.0,0.0,0.0,0.0,0.0,0.0,0.0,0.0,0.0,0.0,0.0,0.0,0.0,0.0,0.0,0.0,151.0,2.9,0.29,17.8,1138.5,0.07,151.2,51.8,203.0,368.8,7.0,0.7,43.6,2783.2,0.16,369.2,126.6,495.8,32.86,0.0,0.0,32.86,34.0,0.0,0.0,34.0,0.0,0.0,0.0,835.3,0.0,835.3,0.0,0.0,0.0,0.0,0.0,0.0,0.0,0.0,0.0,0.0,0.0,0.0,0.0,0.0,0.0
2050-12-18 07:00:00,2050-12-18 05:00:00,1363.2,0.0,0.0,6.9,1370.1,1322.0,1369.6,445.3,0.0,0.0302,0.0356,battery,gas-cc,0.0,0.0,0.0,0.0,0.0,0.0,0.0,0.0,0.0,0.0,0.0,0.0,0.0,0.0,0.0,0.0,0.0,0.0,154.9,2.9,0.29,18.3,1167.6,0.07,155.0,53.1,208.2,369.7,7.0,0.7,43.7,2790.0,0.16,370.1,126.9,497.0,32.86,0.0,0.0,32.86,34.08,0.0,0.0,34.08,0.0,0.0,0.0,924.8,0.5,924.2,0.0,0.0,0.0,0.0,0.0,0.0,0.0,0.0,0.0,0.0,0.0,0.0,0.0,0.5,0.0
2050-12-18 08:00:00,2050-12-18 06:00:00,1533.7,0.0,0.0,2.3,1535.9,1486.1,1534.4,145.8,0.0,0.031,0.0401,battery,gas-cc,0.0,0.0,0.0,0.0,0.0,0.0,0.0,0.0,0.0,0.0,0.0,0.0,0.0,0.0,0.0,0.0,0.0,0.0,154.7,2.9,0.29,18.3,1166.2,0.07,154.9,53.0,207.9,371.4,7.0,0.7,43.9,2802.9,0.16,371.8,127.4,499.3,32.86,0.0,0.0,32.86,34.24,0.0,0.0,34.24,0.0,0.0,0.0,1390.1,1.5,1388.6,0.0,0.0,0.0,0.0,0.0,0.0,0.0,0.0,0.0,0.0,0.0,0.0,0.0,1.5,0.0
2050-12-18 09:00:00,2050-12-18 07:00:00,1660.0,0.0,0.0,14.8,1674.8,1607.1,-765.8,445.3,1211.1,0.0319,0.0434,battery,gas-cc,0.0,0.0,0.0,0.0,0.0,0.0,0.0,0.0,0.0,0.0,0.0,0.0,0.0,0.0,0.0,0.0,0.0,0.0,136.8,2.6,0.26,16.2,1031.3,0.06,136.9,46.9,183.8,430.2,8.1,0.81,50.8,3246.0,0.19,430.6,147.6,578.2,29.34,0.0,0.0,29.34,30.67,0.0,0.0,30.67,0.0,0.0,0.0,2440.6,2440.6,0.0,0.0,0.0,0.0,0.0,102.9,0.0,0.0,0.0,0.0,0.0,0.0,0.0,2336.1,1.5,0.0
2050-12-18 10:00:00,2050-12-18 08:00:00,1781.1,3838.3,0.0,10.7,5630.1,1722.7,-1640.0,0.0,1640.0,0.0328,0.0466,battery,upv,0.0,0.0,0.0,0.0,0.0,0.0,0.0,0.0,0.0,0.0,0.0,0.0,0.0,0.0,0.0,0.0,0.0,0.0,140.0,2.6,0.26,16.5,1055.6,0.06,140.2,48.0,188.2,0.0,0.0,0.0,0.0,0.0,0.0,0.0,0.0,0.0,0.0,0.0,0.0,0.0,0.0,0.0,0.0,0.0,1.4,320.3,321.7,7270.0,7270.0,0.0,0.0,0.0,0.0,0.0,0.0,0.0,0.0,0.0,0.0,0.0,0.0,0.0,7270.0,0.0,0.0
2050-12-18 11:00:00,2050-12-18 09:00:00,1763.2,3913.5,0.0,10.7,5687.3,1705.6,-1640.0,0.0,1640.0,0.0326,0.0461,upv,upv,0.0,0.0,0.0,0.0,0.0,0.0,0.0,0.0,0.0,0.0,0.0,0.0,0.0,0.0,0.0,0.0,0.0,0.0,140.0,2.6,0.27,16.5,1055.8,0.06,140.2,48.0,188.2,0.0,0.0,0.0,0.0,0.0,0.0,0.0,0.0,0.0,0.0,0.0,0.0,0.0,0.0,0.0,0.0,0.0,1.5,796.1,797.6,7327.3,7327.3,0.0,0.0,0.0,0.0,0.0,342.8,0.0,0.0,0.0,0.0,0.0,0.0,0.0,6984.4,0.0,0.0
2050-12-18 12:00:00,2050-12-18 10:00:00,1667.4,3629.9,0.0,10.7,5308.0,1614.2,-1640.0,0.0,1640.0,0.0319,0.0436,upv,upv,0.0,0.0,0.0,0.0,0.0,0.0,0.0,0.0,0.0,0.0,0.0,0.0,0.0,0.0,0.0,0.0,0.0,0.0,137.8,2.6,0.26,16.3,1038.9,0.06,138.0,47.3,185.2,0.0,0.0,0.0,0.0,0.0,0.0,0.0,0.0,0.0,0.0,0.0,0.0,0.0,0.0,0.0,0.0,0.0,0.9,763.9,764.8,6947.9,6947.9,0.0,0.0,0.0,0.0,0.0,325.5,0.0,0.0,0.0,0.0,0.0,0.0,0.0,6622.4,0.0,0.0
2050-12-18 13:00:00,2050-12-18 11:00:00,1572.6,2622.9,0.0,10.7,4206.2,1523.4,-1640.0,0.0,1640.0,0.0313,0.0411,upv,upv,0.0,0.0,0.0,0.0,0.0,0.0,0.0,0.0,0.0,0.0,0.0,0.0,0.0,0.0,0.0,0.0,0.0,0.0,134.4,2.5,0.25,15.9,1013.1,0.06,134.5,46.1,180.6,0.0,0.0,0.0,0.0,0.0,0.0,0.0,0.0,0.0,0.0,0.0,0.0,0.0,0.0,0.0,0.0,0.0,0.6,1494.6,1495.3,5846.1,5846.1,0.0,0.0,0.0,0.0,0.0,309.8,0.0,0.0,0.0,0.0,0.0,0.0,0.0,5536.3,0.0,0.0
2050-12-18 14:00:00,2050-12-18 12:00:00,1517.9,3600.8,0.0,10.7,5129.4,1470.9,-1640.0,0.0,1640.0,0.031,0.0397,upv,upv,0.0,0.0,0.0,0.0,0.0,0.0,0.0,0.0,0.0,0.0,0.0,0.0,0.0,0.0,0.0,0.0,0.0,0.0,139.8,2.6,0.26,16.5,1054.0,0.06,140.0,47.9,187.9,0.0,0.0,0.0,0.0,0.0,0.0,0.0,0.0,0.0,0.0,0.0,0.0,0.0,0.0,0.0,0.0,0.0,0.7,645.5,646.2,6769.4,6769.4,0.0,0.0,0.0,0.0,0.0,312.9,0.0,0.0,0.0,0.0,0.0,0.0,0.0,6456.5,0.0,0.0
2050-12-18 15:00:00,2050-12-18 13:00:00,1492.6,4019.6,0.0,10.7,5522.9,1446.6,-1640.0,0.0,1640.0,0.0308,0.039,upv,upv,0.0,0.0,0.0,0.0,0.0,0.0,0.0,0.0,0.0,0.0,0.0,0.0,0.0,0.0,0.0,0.0,0.0,0.0,159.1,3.0,0.3,18.8,1199.7,0.07,159.3,54.6,213.8,0.0,0.0,0.0,0.0,0.0,0.0,0.0,0.0,0.0,0.0,0.0,0.0,0.0,0.0,0.0,0.0,0.0,0.6,704.2,704.7,7162.8,7162.8,0.0,0.0,0.0,0.0,0.0,332.0,0.0,0.0,0.0,0.0,0.0,0.0,0.0,6830.8,0.0,0.0
2050-12-18 16:00:00,2050-12-18 14:00:00,1458.9,2431.9,0.0,10.7,3901.5,1414.3,-1640.0,0.0,1640.0,0.0306,0.0382,upv,upv,0.0,0.0,0.0,0.0,0.0,0.0,0.0,0.0,0.0,0.0,0.0,0.0,0.0,0.0,0.0,0.0,0.0,0.0,139.8,2.6,0.26,16.5,1053.7,0.06,139.9,47.9,187.8,0.0,0.0,0.0,0.0,0.0,0.0,0.0,0.0,0.0,0.0,0.0,0.0,0.0,0.0,0.0,0.0,0.0,0.4,2608.8,2609.2,5541.5,5541.5,0.0,0.0,0.0,0.0,0.0,343.9,0.0,0.0,0.0,0.0,0.0,0.0,0.0,5197.5,0.0,0.0
2050-12-18 17:00:00,2050-12-18 15:00:00,1497.9,3068.2,0.0,10.7,4576.7,1451.7,-1640.0,0.0,1640.0,0.0308,0.0392,battery,upv,0.0,0.0,0.0,0.0,0.0,0.0,0.0,0.0,0.0,0.0,0.0,0.0,0.0,0.0,0.0,0.0,0.0,0.0,139.8,2.6,0.26,16.5,1053.9,0.06,139.9,47.9,187.9,0.0,0.0,0.0,0.0,0.0,0.0,0.0,0.0,0.0,0.0,0.0,0.0,0.0,0.0,0.0,0.0,0.0,0.0,273.9,273.9,6216.7,6216.7,0.0,0.0,0.0,0.0,0.0,0.0,0.0,0.0,0.0,0.0,0.0,0.0,0.0,6216.7,0.0,0.0
2050-12-18 18:00:00,2050-12-18 16:00:00,1585.3,0.0,0.0,3.8,1589.0,1535.5,428.4,242.8,0.0,0.0314,0.0415,battery,gas-cc,0.0,0.0,0.0,0.0,0.0,0.0,0.0,0.0,0.0,0.0,0.0,0.0,0.0,0.0,0.0,0.0,0.0,0.0,144.5,2.7,0.27,17.1,1089.2,0.06,144.6,49.5,194.2,372.0,7.0,0.7,43.9,2806.9,0.16,372.4,127.6,500.0,32.86,0.0,0.0,32.86,34.29,0.0,0.0,34.29,0.0,0.0,0.0,1346.2,1160.7,185.5,0.0,0.0,0.0,0.0,48.9,0.0,0.0,0.0,0.0,0.0,0.0,0.0,1110.7,1.0,0.0
2050-12-18 19:00:00,2050-12-18 17:00:00,1773.7,0.0,0.0,11.3,1784.9,1715.7,1781.2,377.1,833.0,0.0327,0.0464,battery,gas-cc,0.0,0.0,0.0,0.0,0.0,0.0,0.0,0.0,0.0,0.0,0.0,0.0,0.0,0.0,0.0,0.0,0.0,0.0,154.8,2.9,0.29,18.3,1166.7,0.07,154.9,53.1,208.0,427.3,8.1,0.81,50.5,3224.6,0.19,427.8,146.6,574.4,32.86,0.0,0.0,32.86,34.46,0.0,0.0,34.46,0.0,0.0,0.0,2240.8,3.8,2237.1,0.0,0.0,0.0,0.0,0.0,0.0,0.0,0.0,0.0,0.0,0.0,0.0,0.0,3.8,0.0
2050-12-18 20:00:00,2050-12-18 18:00:00,1948.4,0.0,0.0,4.9,1953.4,1881.9,1948.9,196.9,290.3,0.0341,0.051,battery,gas-cc,0.0,0.0,0.0,0.0,0.0,0.0,0.0,0.0,0.0,0.0,0.0,0.0,0.0,0.0,0.0,0.0,0.0,0.0,154.5,2.9,0.29,18.3,1164.8,0.07,154.7,53.0,207.7,429.4,8.1,0.81,50.7,3240.2,0.19,429.8,147.3,577.2,32.86,0.0,0.0,32.86,34.63,0.0,0.0,34.63,0.0,0.0,0.0,2046.7,4.5,2042.2,0.0,0.0,0.0,0.0,0.0,0.0,0.0,0.0,0.0,0.0,0.0,0.0,0.0,4.5,0.0
2050-12-18 21:00:00,2050-12-18 19:00:00,1955.8,0.0,0.0,3.8,1959.5,1888.9,1958.5,30.7,504.0,0.0342,0.0511,battery,gas-cc,0.0,0.0,0.0,0.0,0.0,0.0,0.0,0.0,0.0,0.0,0.0,0.0,0.0,0.0,0.0,0.0,0.0,0.0,156.5,3.0,0.3,18.5,1179.9,0.07,156.7,53.7,210.4,429.5,8.1,0.81,50.7,3240.8,0.19,429.9,147.4,577.3,32.86,0.0,0.0,32.86,34.64,0.0,0.0,34.64,0.0,0.0,0.0,2432.9,1.0,2431.9,0.0,0.0,0.0,0.0,0.0,0.0,0.0,0.0,0.0,0.0,0.0,0.0,0.0,1.0,0.0
2050-12-18 22:00:00,2050-12-18 20:00:00,1876.8,0.0,0.0,1.0,1877.9,1813.9,1875.6,25.0,97.7,0.0335,0.0491,gas-cc,gas-cc,0.0,0.0,0.0,0.0,0.0,0.0,0.0,0.0,0.0,0.0,0.0,0.0,0.0,0.0,0.0,0.0,0.0,0.0,148.7,2.8,0.28,17.6,1121.1,0.06,148.9,51.0,199.9,428.5,8.1,0.81,50.6,3233.8,0.19,429.0,147.0,576.0,32.86,0.0,0.0,32.86,34.56,0.0,0.0,34.56,0.0,0.0,0.0,1950.5,2.3,1948.2,0.0,0.0,0.0,0.0,0.0,0.0,0.0,0.0,0.0,0.0,0.0,0.0,0.0,2.3,0.0
2050-12-18 23:00:00,2050-12-18 21:00:00,1798.9,0.0,0.0,13.5,1812.5,1739.8,1808.3,200.6,1603.6,0.0329,0.047,battery,gas-cc,0.0,0.0,0.0,0.0,0.0,0.0,0.0,0.0,0.0,0.0,0.0,0.0,0.0,0.0,0.0,0.0,0.0,0.0,153.6,2.9,0.29,18.1,1157.6,0.07,153.7,52.7,206.4,427.6,8.1,0.81,50.5,3226.9,0.19,428.1,146.7,574.8,32.86,0.0,0.0,32.86,34.49,0.0,0.0,34.49,0.0,0.0,0.0,3215.4,4.2,3211.2,0.0,0.0,0.0,0.0,0.0,0.0,0.0,0.0,0.0,0.0,0.0,0.0,0.0,4.2,0.0
2050-12-19 00:00:00,2050-12-18 22:00:00,1672.6,0.0,0.0,12.0,1684.6,1619.2,1679.3,445.3,784.7,0.032,0.0437,battery,gas-cc,0.0,0.0,0.0,0.0,0.0,0.0,0.0,0.0,0.0,0.0,0.0,0.0,0.0,0.0,0.0,0.0,0.0,0.0,187.3,3.5,0.35,22.1,1412.1,0.08,187.5,64.2,251.7,379.0,7.1,0.71,44.8,2859.8,0.16,379.4,130.0,509.4,33.36,0.0,0.0,33.36,34.88,0.0,0.0,34.88,0.0,0.0,0.0,2024.1,5.3,2018.7,0.0,0.0,0.0,0.0,0.0,0.0,0.0,0.0,0.0,0.0,0.0,0.0,0.0,5.3,0.0
2050-12-19 01:00:00,2050-12-18 23:00:00,1549.5,0.0,0.0,14.6,1564.0,1501.2,1559.5,445.3,1179.7,0.0311,0.0405,battery,gas-cc,0.0,0.0,0.0,0.0,0.0,0.0,0.0,0.0,0.0,0.0,0.0,0.0,0.0,0.0,0.0,0.0,0.0,0.0,178.4,3.4,0.34,21.1,1345.0,0.08,178.6,61.2,239.7,377.7,7.1,0.71,44.6,2850.2,0.16,378.1,129.6,507.7,33.36,0.0,0.0,33.36,34.76,0.0,0.0,34.76,0.0,0.0,0.0,2298.4,4.6,2293.8,0.0,0.0,0.0,0.0,0.0,0.0,0.0,0.0,0.0,0.0,0.0,0.0,0.0,4.6,0.0
2050-12-19 02:00:00,2050-12-19 00:00:00,1396.8,0.0,0.0,8.6,1405.4,1354.5,1397.2,445.3,258.5,0.0303,0.0365,battery,gas-cc,0.0,0.0,0.0,0.0,0.0,0.0,0.0,0.0,0.0,0.0,0.0,0.0,0.0,0.0,0.0,0.0,0.0,0.0,255.0,4.8,0.48,30.1,1924.0,0.11,255.3,87.5,342.8,376.1,7.1,0.71,44.4,2838.4,0.16,376.5,129.1,505.6,33.36,0.0,0.0,33.36,34.62,0.0,0.0,34.62,0.0,0.0,0.0,1218.6,8.2,1210.4,0.0,0.0,0.0,0.0,0.0,0.0,0.0,0.0,0.0,0.0,0.0,0.0,0.0,8.2,0.0
2050-12-19 03:00:00,2050-12-19 01:00:00,1316.8,0.0,0.0,6.3,1323.2,1277.3,1306.5,336.2,171.2,0.03,0.0344,battery,gas-cc,0.0,0.0,0.0,0.0,0.0,0.0,0.0,0.0,0.0,0.0,0.0,0.0,0.0,0.0,0.0,0.0,0.0,0.0,165.5,3.1,0.31,19.5,1247.5,0.07,165.6,56.7,222.4,375.3,7.1,0.71,44.3,2832.3,0.16,375.7,128.8,504.5,33.36,0.0,0.0,33.36,34.55,0.0,0.0,34.55,0.0,0.0,0.0,1158.2,16.6,1141.6,0.0,0.0,0.0,0.0,0.0,0.0,0.0,0.0,0.0,0.0,0.0,0.0,0.0,16.6,0.0
2050-12-19 04:00:00,2050-12-19 02:00:00,1275.8,0.0,0.0,6.1,1281.9,1237.6,1257.3,393.1,0.0,0.0299,0.0334,battery,gas-cc,0.0,0.0,0.0,0.0,0.0,0.0,0.0,0.0,0.0,0.0,0.0,0.0,0.0,0.0,0.0,0.0,0.0,0.0,151.2,2.9,0.29,17.9,1139.7,0.07,151.4,51.8,203.2,374.9,7.1,0.71,44.3,2829.1,0.16,375.3,128.6,504.0,33.36,0.0,0.0,33.36,34.51,0.0,0.0,34.51,0.0,0.0,0.0,888.8,24.6,864.2,0.0,0.0,0.0,0.0,0.0,0.0,0.0,0.0,0.0,0.0,0.0,0.0,0.0,24.6,0.0
2050-12-19 05:00:00,2050-12-19 03:00:00,1240.0,0.0,0.0,7.4,1247.4,1203.0,1211.9,524.6,0.0,0.0298,0.0324,battery,gas-cc,0.0,0.0,0.0,0.0,0.0,0.0,0.0,0.0,0.0,1.7,0.0,0.0,0.4,13.5,0.01,1.7,0.8,2.5,163.4,3.1,0.31,19.3,1232.1,0.07,163.6,56.0,219.7,374.5,7.1,0.71,44.2,2826.4,0.16,374.9,128.5,503.5,33.36,0.0,0.0,33.36,34.47,0.0,0.0,34.47,0.0,0.0,0.0,722.9,35.5,687.3,0.0,0.0,0.0,0.0,0.0,0.0,0.0,0.0,0.0,0.0,0.0,0.0,0.0,35.5,0.0
2050-12-19 06:00:00,2050-12-19 04:00:00,1250.5,0.0,0.0,6.9,1257.4,1213.2,1219.6,445.3,0.0,0.0298,0.0327,battery,gas-cc,0.0,0.0,0.0,0.0,0.0,0.0,0.0,0.0,0.0,0.0,0.0,0.0,0.0,0.0,0.0,0.0,0.0,0.0,159.4,3.0,0.3,18.8,1201.9,0.07,159.6,54.7,214.3,374.7,7.1,0.71,44.3,2827.2,0.16,375.1,128.6,503.6,33.36,0.0,0.0,33.36,34.48,0.0,0.0,34.48,0.0,0.0,0.0,812.1,37.8,774.3,0.0,0.0,0.0,0.0,0.0,0.0,0.0,0.0,0.0,0.0,0.0,0.0,0.0,37.8,0.0
2050-12-19 07:00:00,2050-12-19 05:00:00,1340.0,0.0,0.0,6.9,1346.9,1299.7,1309.2,445.3,0.0,0.0301,0.035,gas-cc,gas-cc,63.7,1.2,0.12,7.5,480.4,0.03,63.7,21.8,85.6,43.9,0.8,0.08,5.2,331.5,0.02,44.0,15.1,59.1,155.1,2.9,0.29,18.3,1168.9,0.07,155.2,53.2,208.4,375.6,7.1,0.71,44.4,2834.0,0.16,376.0,128.9,504.8,33.36,0.0,0.0,33.36,34.57,0.0,0.0,34.57,0.0,0.0,0.0,901.6,37.7,705.5,0.0,0.0,0.0,0.0,0.0,158.4,0.0,0.0,0.0,0.0,0.0,0.0,0.0,37.7,0.0
2050-12-19 08:00:00,2050-12-19 06:00:00,1505.3,0.0,0.0,6.9,1512.2,1458.8,1474.5,445.3,0.0,0.0309,0.0394,battery,gas-cc,0.0,0.0,0.0,0.0,0.0,0.0,0.0,0.0,0.0,0.0,0.0,0.0,0.0,0.0,0.0,0.0,0.0,0.0,151.4,2.9,0.29,17.9,1141.3,0.07,151.6,51.9,203.5,377.3,7.1,0.71,44.6,2846.8,0.16,377.7,129.4,507.1,33.36,0.0,0.0,33.36,34.72,0.0,0.0,34.72,0.0,0.0,0.0,1066.9,37.6,1029.2,0.0,0.0,0.0,0.0,0.0,0.0,0.0,0.0,0.0,0.0,0.0,0.0,0.0,37.6,0.0
2050-12-19 09:00:00,2050-12-19 07:00:00,1608.4,0.0,0.0,6.9,1615.3,1557.7,972.9,445.3,0.0,0.0315,0.0421,gas-cc,gas-cc,115.7,2.2,0.22,13.7,873.2,0.05,115.8,39.7,155.5,86.5,1.6,0.16,10.2,653.0,0.04,86.6,29.7,116.3,194.8,3.7,0.37,23.0,1469.3,0.08,195.0,66.8,261.9,378.3,7.1,0.71,44.7,2854.8,0.16,378.7,129.8,508.5,33.36,0.0,0.0,33.36,34.82,0.0,0.0,34.82,0.0,0.0,0.0,1170.0,642.4,154.0,0.0,0.0,0.0,0.0,25.6,373.6,0.0,0.0,0.0,0.0,0.0,0.0,581.2,35.6,0.0
2050-12-19 10:00:00,2050-12-19 08:00:00,1734.7,3110.1,0.0,17.6,4862.4,1678.5,-1194.7,445.3,1640.0,0.0324,0.0454,battery,gas-cc,0.0,0.0,0.0,0.0,0.0,0.0,0.0,0.0,0.0,0.0,0.0,0.0,0.0,0.0,0.0,0.0,0.0,0.0,140.0,2.6,0.27,16.5,1055.6,0.06,140.2,48.0,188.2,329.5,6.2,0.62,38.9,2486.7,0.14,329.9,113.1,443.0,28.32,0.0,0.0,28.32,29.67,0.0,0.0,29.67,0.0,0.0,0.0,6057.0,6057.0,0.0,0.0,0.0,0.0,0.0,254.4,0.0,0.0,0.0,0.0,0.0,0.0,0.0,5774.0,28.6,0.0
2050-12-19 11:00:00,2050-12-19 09:00:00,1706.3,4019.6,0.0,17.2,5743.1,1651.4,-1219.8,420.1,1640.0,0.0322,0.0446,upv,upv,0.0,0.0,0.0,0.0,0.0,0.0,0.0,0.0,0.0,0.0,0.0,0.0,0.0,0.0,0.0,0.0,0.0,0.0,140.0,2.6,0.26,16.5,1055.4,0.06,140.1,48.0,188.1,0.0,0.0,0.0,0.0,0.0,0.0,0.0,0.0,0.0,5.08,0.0,0.0,5.08,5.32,0.0,0.0,5.32,0.0,0.0,0.0,6962.9,6962.9,0.0,0.0,0.0,0.0,0.0,293.2,0.0,0.0,0.0,0.0,0.0,0.0,0.0,6656.1,13.6,0.0
2050-12-19 12:00:00,2050-12-19 10:00:00,1621.1,4019.6,0.0,14.4,5655.0,1569.8,-701.1,445.3,1146.4,0.0316,0.0424,battery,gas-cc,0.0,0.0,0.0,0.0,0.0,0.0,0.0,0.0,0.0,0.0,0.0,0.0,0.0,0.0,0.0,0.0,0.0,0.0,139.9,2.6,0.26,16.5,1054.7,0.06,140.1,48.0,188.0,329.7,6.2,0.62,39.0,2488.2,0.14,330.1,113.1,443.2,28.32,0.0,0.0,28.32,29.57,0.0,0.0,29.57,0.0,0.0,0.0,6356.0,6356.0,0.0,0.0,0.0,0.0,0.0,267.6,0.0,0.0,0.0,0.0,0.0,0.0,0.0,6071.3,17.2,0.0
2050-12-19 13:00:00,2050-12-19 11:00:00,1533.7,4019.6,0.0,14.3,5567.5,1486.1,-686.3,445.3,1131.6,0.031,0.0401,battery,gas-cc,0.0,0.0,0.0,0.0,0.0,0.0,0.0,0.0,0.0,0.0,0.0,0.0,0.0,0.0,0.0,0.0,0.0,0.0,139.8,2.6,0.26,16.5,1054.1,0.06,140.0,47.9,187.9,329.0,6.2,0.62,38.9,2482.3,0.14,329.3,112.9,442.2,28.32,0.0,0.0,28.32,29.5,0.0,0.0,29.5,0.0,0.0,0.0,6253.8,6253.8,0.0,0.0,0.0,0.0,0.0,262.9,0.0,0.0,0.0,0.0,0.0,0.0,0.0,5964.6,26.2,0.0
2050-12-19 14:00:00,2050-12-19 12:00:00,1484.2,4019.6,0.0,7.6,5511.4,1438.5,334.9,445.3,110.4,0.0308,0.0388,battery,gas-cc,0.0,0.0,0.0,0.0,0.0,0.0,0.0,0.0,0.0,0.0,0.0,0.0,0.0,0.0,0.0,0.0,0.0,0.0,139.8,2.6,0.26,16.5,1053.8,0.06,139.9,47.9,187.9,328.5,6.2,0.62,38.8,2479.0,0.14,328.9,112.7,441.6,28.32,0.0,0.0,28.32,29.46,0.0,0.0,29.46,0.0,0.0,0.0,5176.5,5176.5,0.0,0.0,0.0,0.0,0.0,215.8,0.0,0.0,0.0,0.0,0.0,0.0,0.0,4898.4,62.3,0.0
2050-12-19 15:00:00,2050-12-19 13:00:00,1482.1,2923.5,0.0,6.9,4412.5,1436.5,445.3,445.3,0.0,0.0308,0.0388,battery,gas-cc,0.0,0.0,0.0,0.0,0.0,0.0,0.0,0.0,0.0,0.0,0.0,0.0,0.0,0.0,0.0,0.0,0.0,0.0,140.4,2.6,0.27,16.6,1058.4,0.06,140.5,48.1,188.7,327.3,6.2,0.62,38.7,2469.6,0.14,327.6,112.3,439.9,28.32,0.0,0.0,28.32,29.46,0.0,0.0,29.46,0.0,0.0,0.0,3967.2,3967.2,0.0,0.0,0.0,0.0,0.0,162.8,0.0,0.0,0.0,0.0,0.0,0.0,0.0,3693.2,111.3,0.0
2050-12-19 16:00:00,2050-12-19 14:00:00,1466.3,1463.3,0.0,6.9,2936.5,1421.3,445.3,445.3,0.0,0.0307,0.0383,battery,gas-cc,0.0,0.0,0.0,0.0,0.0,0.0,0.0,0.0,0.0,0.0,0.0,0.0,0.0,0.0,0.0,0.0,0.0,0.0,140.5,2.7,0.27,16.6,1059.3,0.06,140.7,48.2,188.9,327.1,6.2,0.62,38.6,2468.5,0.14,327.5,112.2,439.7,28.32,0.0,0.0,28.32,29.45,0.0,0.0,29.45,0.0,0.0,0.0,2491.2,2491.2,0.0,0.0,0.0,0.0,0.0,98.4,0.0,0.0,0.0,0.0,0.0,0.0,0.0,2234.3,158.4,0.0
2050-12-19 17:00:00,2050-12-19 15:00:00,1515.8,0.0,0.0,8.5,1524.3,1468.9,393.4,445.3,246.8,0.0309,0.0396,battery,gas-cc,0.0,0.0,0.0,0.0,0.0,0.0,0.0,0.0,0.0,0.0,0.0,0.0,0.0,0.0,0.0,0.0,0.0,0.0,147.5,2.8,0.28,17.4,1107.1,0.07,147.7,50.4,198.1,377.4,7.1,0.71,44.6,2847.6,0.16,377.8,129.5,507.2,33.36,0.0,0.0,33.36,34.73,0.0,0.0,34.73,0.0,0.0,0.0,1325.7,1130.9,194.8,0.0,0.0,0.0,0.0,40.1,0.0,0.0,0.0,0.0,0.0,0.0,0.0,910.4,180.5,0.0
2050-12-19 18:00:00,2050-12-19 16:00:00,1597.9,0.0,0.0,16.1,1614.0,1547.6,1371.0,445.3,1412.2,0.0314,0.0418,battery,gas-cc,0.0,0.0,0.0,0.0,0.0,0.0,0.0,0.0,0.0,0.0,0.0,0.0,0.0,0.0,0.0,0.0,0.0,0.0,155.7,2.9,0.3,18.4,1171.4,0.07,155.9,53.3,209.2,378.2,7.1,0.71,44.7,2854.0,0.16,378.6,129.8,508.4,33.36,0.0,0.0,33.36,34.81,0.0,0.0,34.81,0.0,0.0,0.0,2580.9,243.0,2337.9,0.0,0.0,0.0,0.0,4.0,0.0,0.0,0.0,0.0,0.0,0.0,0.0,90.0,149.0,0.0
2050-12-19 19:00:00,2050-12-19 17:00:00,1783.2,0.0,0.0,17.6,1800.7,1724.7,1678.0,445.3,1640.0,0.0328,0.0466,gas-cc,gas-cc,76.9,1.4,0.14,9.1,580.2,0.03,77.0,26.4,103.4,69.2,1.3,0.13,8.2,522.3,0.03,69.3,23.7,93.0,153.1,2.9,0.29,18.1,1154.5,0.07,153.3,52.5,205.8,380.1,7.2,0.72,44.9,2868.5,0.16,380.5,130.4,511.0,33.36,0.0,0.0,33.36,34.99,0.0,0.0,34.99,0.0,0.0,0.0,2995.4,122.8,2237.1,0.0,0.0,0.0,0.0,0.0,635.5,0.0,0.0,0.0,0.0,0.0,0.0,0.0,122.8,0.0
2050-12-19 20:00:00,2050-12-19 18:00:00,1923.2,0.0,0.0,17.6,1940.7,1857.9,1802.1,445.3,1640.0,0.0339,0.0503,gas-cc,gas-cc,87.8,1.7,0.17,10.4,662.6,0.04,87.9,30.1,118.0,79.6,1.5,0.15,9.4,600.6,0.03,79.7,27.3,107.0,154.2,2.9,0.29,18.2,1162.6,0.07,154.4,52.9,207.3,381.6,7.2,0.72,45.1,2879.6,0.17,382.0,130.9,512.9,33.36,0.0,0.0,33.36,35.12,0.0,0.0,35.12,0.0,0.0,0.0,3135.4,138.6,2237.1,0.0,0.0,0.0,0.0,0.0,759.7,0.0,0.0,0.0,0.0,0.0,0.0,0.0,138.6,0.0
2050-12-19 21:00:00,2050-12-19 19:00:00,1917.9,0.0,0.0,15.7,1933.6,1852.9,1786.2,445.3,1346.8,0.0339,0.0502,battery,gas-cc,104.9,2.0,0.2,12.4,791.7,0.05,105.0,36.0,141.0,93.9,1.8,0.18,11.1,708.3,0.04,94.0,32.2,126.2,157.0,3.0,0.3,18.5,1183.4,0.07,157.2,53.8,211.0,381.5,7.2,0.72,45.1,2879.1,0.17,381.9,130.9,512.9,33.36,0.0,0.0,33.36,35.12,0.0,0.0,35.12,0.0,0.0,0.0,2835.1,147.4,1866.9,0.0,0.0,0.0,0.0,0.0,820.8,0.0,0.0,0.0,0.0,0.0,0.0,0.0,147.4,0.0
2050-12-19 22:00:00,2050-12-19 20:00:00,1837.9,0.0,0.0,17.6,1855.5,1776.9,1702.8,445.3,1640.0,0.0332,0.0481,gas-cc,gas-cc,9.0,0.2,0.02,1.1,68.0,0.0,9.0,3.1,12.1,8.1,0.2,0.02,1.0,61.4,0.0,8.1,2.8,10.9,167.1,3.2,0.32,19.7,1259.8,0.07,167.3,57.3,224.6,380.7,7.2,0.72,45.0,2872.8,0.17,381.1,130.6,511.7,33.36,0.0,0.0,33.36,35.04,0.0,0.0,35.04,0.0,0.0,0.0,3050.1,152.7,2821.5,0.0,0.0,0.0,0.0,0.0,75.9,0.0,0.0,0.0,0.0,0.0,0.0,0.0,152.7,0.0
2050-12-19 23:00:00,2050-12-19 21:00:00,1752.6,0.0,0.0,17.6,1770.2,1695.6,1572.8,445.3,1640.0,0.0325,0.0458,gas-cc,gas-cc,85.1,1.6,0.16,10.1,642.1,0.04,85.2,29.2,114.4,76.5,1.4,0.14,9.0,577.0,0.03,76.5,26.2,102.8,152.3,2.9,0.29,18.0,1148.2,0.07,152.5,52.2,204.7,379.8,7.2,0.72,44.9,2866.1,0.16,380.2,130.3,510.5,33.36,0.0,0.0,33.36,34.96,0.0,0.0,34.96,0.0,0.0,0.0,2964.9,197.4,2071.3,0.0,0.0,0.0,0.0,0.0,696.1,0.0,0.0,0.0,0.0,0.0,0.0,0.0,197.4,0.0
2050-12-20 00:00:00,2050-12-19 22:00:00,1628.4,0.0,0.0,14.8,1643.2,1576.9,1404.8,0.0,1905.7,0.0316,0.0426,battery,gas-ct,83.8,1.6,0.16,9.9,632.5,0.04,83.9,28.8,112.7,86.6,1.6,0.16,10.2,653.2,0.04,86.7,29.7,116.4,158.3,3.0,0.3,18.7,1193.2,0.07,158.5,54.3,212.7,642.8,12.1,1.21,75.9,4850.9,0.28,643.5,220.6,864.1,43.18,0.0,0.0,43.18,45.1,0.0,0.0,45.1,0.0,0.0,0.0,3548.9,238.4,2489.6,0.0,0.0,0.0,0.0,0.0,820.8,0.0,0.0,0.0,0.0,0.0,0.0,0.0,238.4,0.0
2050-12-20 01:00:00,2050-12-19 23:00:00,1515.8,0.0,0.0,11.1,1526.9,1468.9,1267.1,27.4,1640.0,0.0309,0.0396,gas-cc,gas-cc,51.4,1.0,0.1,6.1,387.7,0.02,51.4,17.6,69.1,52.6,1.0,0.1,6.2,396.6,0.02,52.6,18.0,70.6,154.8,2.9,0.29,18.3,1166.9,0.07,155.0,53.1,208.0,377.4,7.1,0.71,44.6,2847.6,0.16,377.8,129.5,507.2,38.61,0.0,0.0,38.61,40.2,0.0,0.0,40.2,0.0,0.0,0.0,3139.5,259.7,2434.7,0.0,0.0,0.0,0.0,0.0,445.0,0.0,0.0,0.0,0.0,0.0,0.0,0.0,259.7,0.0
2050-12-20 02:00:00,2050-12-20 00:00:00,1378.9,0.0,0.0,6.9,1385.8,1337.2,1148.8,445.3,0.0,0.0303,0.0361,gas-cc,gas-cc,172.1,3.2,0.32,20.3,1298.4,0.07,172.2,59.0,231.3,120.4,2.3,0.23,14.2,908.7,0.05,120.5,41.3,161.9,149.2,2.8,0.28,17.6,1124.8,0.07,149.4,51.2,200.5,376.0,7.1,0.71,44.4,2837.0,0.16,376.4,129.0,505.4,33.36,0.0,0.0,33.36,34.6,0.0,0.0,34.6,0.0,0.0,0.0,940.5,237.0,256.9,0.0,0.0,0.0,0.0,0.0,446.6,0.0,0.0,0.0,0.0,0.0,0.0,0.0,237.0,0.0
2050-12-20 03:00:00,2050-12-20 01:00:00,1286.3,0.0,0.0,6.9,1293.2,1247.8,1069.4,445.3,0.0,0.0299,0.0336,gas-cc,gas-cc,161.1,3.0,0.3,19.0,1215.9,0.07,161.3,55.3,216.6,108.9,2.1,0.21,12.9,821.8,0.05,109.0,37.4,146.4,267.9,5.1,0.51,31.6,2020.9,0.12,268.2,91.9,360.1,375.0,7.1,0.71,44.3,2829.9,0.16,375.4,128.7,504.1,33.36,0.0,0.0,33.36,34.52,0.0,0.0,34.52,0.0,0.0,0.0,847.9,223.8,247.1,0.0,0.0,0.0,0.0,0.0,377.0,0.0,0.0,0.0,0.0,0.0,0.0,0.0,223.8,0.0
2050-12-20 04:00:00,2050-12-20 02:00:00,1247.4,0.0,0.0,10.4,1257.8,1210.2,982.2,982.2,0.0,0.0298,0.0326,gas-cc,gas-cc,0.0,0.0,0.0,0.0,0.0,0.0,0.0,0.0,0.0,9.7,0.2,0.02,2.3,75.6,0.03,9.7,4.6,14.2,157.3,3.0,0.3,18.6,1186.3,0.07,157.5,54.0,211.4,363.7,6.9,0.69,43.0,2744.2,0.16,364.0,124.8,488.8,33.11,0.0,0.0,33.11,34.22,0.0,0.0,34.22,0.0,0.0,0.0,275.6,275.6,0.0,0.0,0.0,0.0,0.0,0.0,0.0,0.0,0.0,0.0,0.0,0.0,0.0,0.0,275.6,0.0
2050-12-20 05:00:00,2050-12-20 03:00:00,1227.4,0.0,0.0,10.3,1237.6,1190.8,960.8,960.8,0.0,0.0298,0.0321,hydro,hydro,0.0,0.0,0.0,0.0,0.0,0.0,0.0,0.0,0.0,10.6,0.2,0.02,2.5,83.2,0.03,10.6,5.0,15.7,150.9,2.8,0.29,17.8,1137.5,0.07,151.0,51.7,202.8,0.0,0.0,0.0,0.0,0.0,0.0,0.0,0.0,0.0,33.04,0.0,0.0,33.04,34.14,0.0,0.0,34.14,0.0,0.0,0.0,276.8,276.8,0.0,0.0,0.0,0.0,0.0,0.0,0.0,0.0,0.0,0.0,0.0,0.0,0.0,0.0,276.8,0.0
2050-12-20 06:00:00,2050-12-20 04:00:00,1240.0,0.0,0.0,10.4,1250.4,1203.0,984.4,984.4,0.0,0.0298,0.0324,hydro,gas-cc,0.0,0.0,0.0,0.0,0.0,0.0,0.0,0.0,0.0,11.0,0.2,0.02,2.6,86.2,0.03,11.0,5.2,16.2,153.2,2.9,0.29,18.1,1154.7,0.07,153.3,52.5,205.9,371.9,7.0,0.7,43.9,2806.1,0.16,372.3,127.6,499.9,33.04,0.0,0.0,33.04,34.15,0.0,0.0,34.15,0.0,0.0,0.0,266.0,266.0,0.0,0.0,0.0,0.0,0.0,0.0,0.0,0.0,0.0,0.0,0.0,0.0,0.0,0.0,266.0,0.0
2050-12-20 07:00:00,2050-12-20 05:00:00,1325.3,0.0,0.0,11.1,1336.4,1285.4,1093.3,1093.3,0.0,0.0301,0.0347,hydro,gas-cc,0.0,0.0,0.0,0.0,0.0,0.0,0.0,0.0,0.0,11.7,0.2,0.02,2.8,91.6,0.04,11.7,5.5,17.2,220.6,4.2,0.42,26.1,1664.4,0.1,220.9,75.7,296.6,368.3,6.9,0.69,43.5,2779.6,0.16,368.7,126.4,495.1,33.04,0.0,0.0,33.04,34.23,0.0,0.0,34.23,0.0,0.0,0.0,243.1,243.1,0.0,0.0,0.0,0.0,0.0,0.0,0.0,0.0,0.0,0.0,0.0,0.0,0.0,0.0,243.1,0.0
2050-12-20 08:00:00,2050-12-20 06:00:00,1492.6,0.0,0.0,6.9,1499.5,1446.6,1264.4,445.3,0.0,0.0308,0.039,battery,gas-cc,0.0,0.0,0.0,0.0,0.0,0.0,0.0,0.0,0.0,0.0,0.0,0.0,0.0,0.0,0.0,0.0,0.0,0.0,155.0,2.9,0.29,18.3,1168.5,0.07,155.1,53.2,208.3,377.1,7.1,0.71,44.5,2845.8,0.16,377.5,129.4,506.9,33.36,0.0,0.0,33.36,34.71,0.0,0.0,34.71,0.0,0.0,0.0,1054.2,235.1,819.1,0.0,0.0,0.0,0.0,0.0,0.0,0.0,0.0,0.0,0.0,0.0,0.0,0.0,235.1,0.0
2050-12-20 09:00:00,2050-12-20 07:00:00,1633.7,0.0,0.0,17.6,1651.2,1581.9,-652.4,445.3,1640.0,0.0317,0.0427,battery,gas-cc,0.0,0.0,0.0,0.0,0.0,0.0,0.0,0.0,0.0,0.0,0.0,0.0,0.0,0.0,0.0,0.0,0.0,0.0,140.3,2.6,0.27,16.6,1057.6,0.06,140.4,48.1,188.6,378.6,7.1,0.71,44.7,2856.8,0.16,379.0,129.9,508.9,32.63,0.0,0.0,32.63,34.09,0.0,0.0,34.09,0.0,0.0,0.0,2845.9,2303.6,542.3,0.0,0.0,0.0,0.0,87.4,0.0,0.0,0.0,0.0,0.0,0.0,0.0,1983.9,232.3,0.0
2050-12-20 10:00:00,2050-12-20 08:00:00,1765.3,2431.9,0.0,10.7,4207.8,1707.7,-1640.0,0.0,1640.0,0.0326,0.0462,upv,upv,0.0,0.0,0.0,0.0,0.0,0.0,0.0,0.0,0.0,0.0,0.0,0.0,0.0,0.0,0.0,0.0,0.0,0.0,140.1,2.6,0.27,16.5,1055.8,0.06,140.2,48.0,188.2,0.0,0.0,0.0,0.0,0.0,0.0,0.0,0.0,0.0,0.0,0.0,0.0,0.0,0.0,0.0,0.0,0.0,0.0,2357.1,2357.1,5847.8,5847.8,0.0,0.0,0.0,0.0,0.0,336.5,0.0,0.0,0.0,0.0,0.0,0.0,0.0,5281.3,229.9,0.0
2050-12-20 11:00:00,2050-12-20 09:00:00,1760.0,3758.9,0.0,10.7,5529.5,1702.6,-1640.0,0.0,1640.0,0.0326,0.046,upv,upv,0.0,0.0,0.0,0.0,0.0,0.0,0.0,0.0,0.0,0.0,0.0,0.0,0.0,0.0,0.0,0.0,0.0,0.0,140.1,2.6,0.27,16.5,1055.9,0.06,140.2,48.0,188.2,0.0,0.0,0.0,0.0,0.0,0.0,0.0,0.0,0.0,0.0,0.0,0.0,0.0,0.0,0.0,0.0,0.0,0.0,1976.0,1976.0,7169.5,7169.5,0.0,0.0,0.0,0.0,0.0,376.8,0.0,0.0,0.0,0.0,0.0,0.0,0.0,6573.6,219.1,0.0
2050-12-20 12:00:00,2050-12-20 10:00:00,1675.8,4019.6,0.0,10.7,5706.0,1622.2,-1640.0,0.0,1640.0,0.032,0.0438,upv,upv,0.0,0.0,0.0,0.0,0.0,0.0,0.0,0.0,0.0,0.0,0.0,0.0,0.0,0.0,0.0,0.0,0.0,0.0,140.0,2.6,0.26,16.5,1055.1,0.06,140.1,48.0,188.1,0.0,0.0,0.0,0.0,0.0,0.0,0.0,0.0,0.0,0.0,0.0,0.0,0.0,0.0,0.0,0.0,0.0,0.0,1346.0,1346.0,7346.0,7346.0,0.0,0.0,0.0,0.0,0.0,357.3,0.0,0.0,0.0,0.0,0.0,0.0,0.0,6764.1,224.6,0.0
2050-12-20 13:00:00,2050-12-20 11:00:00,1577.9,3406.0,0.0,10.7,4994.6,1528.5,-1640.0,0.0,1640.0,0.0313,0.0413,upv,upv,0.0,0.0,0.0,0.0,0.0,0.0,0.0,0.0,0.0,0.0,0.0,0.0,0.0,0.0,0.0,0.0,0.0,0.0,140.0,2.6,0.26,16.5,1055.1,0.06,140.1,48.0,188.1,0.0,0.0,0.0,0.0,0.0,0.0,0.0,0.0,0.0,0.0,0.0,0.0,0.0,0.0,0.0,0.0,0.0,0.0,1598.2,1598.2,6634.5,6634.5,0.0,0.0,0.0,0.0,0.0,338.0,0.0,0.0,0.0,0.0,0.0,0.0,0.0,6072.5,224.1,0.0
2050-12-20 14:00:00,2050-12-20 12:00:00,1528.4,2941.7,0.0,10.7,4480.8,1481.0,-1640.0,0.0,1640.0,0.031,0.04,upv,upv,0.0,0.0,0.0,0.0,0.0,0.0,0.0,0.0,0.0,0.0,0.0,0.0,0.0,0.0,0.0,0.0,0.0,0.0,139.8,2.6,0.26,16.5,1054.1,0.06,140.0,47.9,187.9,0.0,0.0,0.0,0.0,0.0,0.0,0.0,0.0,0.0,0.0,0.0,0.0,0.0,0.0,0.0,0.0,0.0,0.0,2137.8,2137.8,6120.8,6120.8,0.0,0.0,0.0,0.0,0.0,340.5,0.0,0.0,0.0,0.0,0.0,0.0,0.0,5591.1,189.2,0.0
2050-12-20 15:00:00,2050-12-20 13:00:00,1512.6,3953.7,0.0,10.7,5477.0,1465.9,-1640.0,0.0,1640.0,0.0309,0.0396,upv,upv,0.0,0.0,0.0,0.0,0.0,0.0,0.0,0.0,0.0,0.0,0.0,0.0,0.0,0.0,0.0,0.0,0.0,0.0,139.8,2.6,0.26,16.5,1054.0,0.06,140.0,47.9,187.9,0.0,0.0,0.0,0.0,0.0,0.0,0.0,0.0,0.0,0.0,0.0,0.0,0.0,0.0,0.0,0.0,0.0,0.0,1588.9,1588.9,7116.9,7116.9,0.0,0.0,0.0,0.0,0.0,362.2,0.0,0.0,0.0,0.0,0.0,0.0,0.0,6631.1,123.7,0.0
2050-12-20 16:00:00,2050-12-20 14:00:00,1487.4,3986.6,0.0,10.7,5484.7,1441.6,-1640.0,0.0,1640.0,0.0308,0.0389,upv,upv,0.0,0.0,0.0,0.0,0.0,0.0,0.0,0.0,0.0,0.0,0.0,0.0,0.0,0.0,0.0,0.0,0.0,0.0,139.8,2.6,0.26,16.5,1053.8,0.06,139.9,47.9,187.9,0.0,0.0,0.0,0.0,0.0,0.0,0.0,0.0,0.0,0.0,0.0,0.0,0.0,0.0,0.0,0.0,0.0,0.0,1861.7,1861.7,7124.6,7124.6,0.0,0.0,0.0,0.0,0.0,376.4,0.0,0.0,0.0,0.0,0.0,0.0,0.0,6681.4,66.8,0.0
2050-12-20 17:00:00,2050-12-20 15:00:00,1521.1,2626.7,0.0,10.7,4158.4,1473.9,-1640.0,0.0,1640.0,0.031,0.0398,upv,upv,0.0,0.0,0.0,0.0,0.0,0.0,0.0,0.0,0.0,0.0,0.0,0.0,0.0,0.0,0.0,0.0,0.0,0.0,156.1,3.0,0.3,18.5,1174.5,0.07,156.3,53.5,209.8,0.0,0.0,0.0,0.0,0.0,0.0,0.0,0.0,0.0,0.0,0.0,0.0,0.0,0.0,0.0,0.0,0.0,0.0,1478.5,1478.5,5798.4,5798.4,0.0,0.0,0.0,0.0,0.0,305.5,0.0,0.0,0.0,0.0,0.0,0.0,0.0,5455.5,37.4,0.0
2050-12-20 18:00:00,2050-12-20 16:00:00,1613.7,0.0,0.0,8.2,1621.9,1562.8,249.0,445.3,196.3,0.0315,0.0422,gas-cc,gas-cc,0.0,0.0,0.0,0.0,0.0,0.0,0.0,0.0,0.0,0.0,0.0,0.0,0.0,0.0,0.0,0.0,0.0,0.0,152.2,2.9,0.29,18.0,1147.4,0.07,152.3,52.2,204.5,367.3,6.9,0.69,43.4,2771.6,0.16,367.7,126.0,493.7,31.71,0.0,0.0,31.71,33.1,0.0,0.0,33.1,0.0,0.0,0.0,1372.8,1372.8,0.0,0.0,0.0,0.0,0.0,56.6,0.0,0.0,0.0,0.0,0.0,0.0,0.0,1285.2,31.0,0.0
2050-12-20 19:00:00,2050-12-20 17:00:00,1809.5,0.0,0.0,8.8,1818.3,1749.8,1780.7,445.3,298.4,0.033,0.0473,battery,gas-cc,0.0,0.0,0.0,0.0,0.0,0.0,0.0,0.0,0.0,0.0,0.0,0.0,0.0,0.0,0.0,0.0,0.0,0.0,156.8,3.0,0.3,18.5,1182.3,0.07,157.0,53.8,210.8,373.2,7.0,0.7,44.1,2816.6,0.16,373.6,128.1,501.7,32.16,0.0,0.0,32.16,33.76,0.0,0.0,33.76,0.0,0.0,0.0,1671.4,37.6,1633.8,0.0,0.0,0.0,0.0,0.0,0.0,0.0,0.0,0.0,0.0,0.0,0.0,0.0,37.6,0.0
2050-12-20 20:00:00,2050-12-20 18:00:00,1992.6,0.0,0.0,7.3,1999.9,1923.9,1945.6,445.3,58.3,0.0345,0.0521,battery,gas-cc,0.0,0.0,0.0,0.0,0.0,0.0,0.0,0.0,0.0,0.0,0.0,0.0,0.0,0.0,0.0,0.0,0.0,0.0,230.4,4.3,0.43,27.2,1737.7,0.1,230.6,79.0,309.6,375.1,7.1,0.71,44.3,2830.8,0.16,375.5,128.7,504.3,32.16,0.0,0.0,32.16,33.93,0.0,0.0,33.93,0.0,0.0,0.0,1612.9,54.3,1558.6,0.0,0.0,0.0,0.0,0.0,0.0,0.0,0.0,0.0,0.0,0.0,0.0,0.0,54.3,0.0
2050-12-20 21:00:00,2050-12-20 19:00:00,2012.6,0.0,0.0,12.5,2025.2,1942.8,1945.3,445.3,866.9,0.0347,0.0526,battery,gas-cc,0.0,0.0,0.0,0.0,0.0,0.0,0.0,0.0,0.0,0.0,0.0,0.0,0.0,0.0,0.0,0.0,0.0,0.0,155.6,2.9,0.29,18.4,1172.9,0.07,155.8,53.4,209.1,375.3,7.1,0.71,44.3,2832.4,0.16,375.7,128.8,504.5,32.16,0.0,0.0,32.16,33.95,0.0,0.0,33.95,0.0,0.0,0.0,2446.8,79.8,2367.0,0.0,0.0,0.0,0.0,0.0,0.0,0.0,0.0,0.0,0.0,0.0,0.0,0.0,79.8,0.0
2050-12-20 22:00:00,2050-12-20 20:00:00,1943.2,0.0,0.0,7.2,1950.3,1876.9,1864.8,265.2,471.7,0.0341,0.0508,battery,gas-cc,0.0,0.0,0.0,0.0,0.0,0.0,0.0,0.0,0.0,0.0,0.0,0.0,0.0,0.0,0.0,0.0,0.0,0.0,156.9,3.0,0.3,18.5,1182.8,0.07,157.1,53.8,210.9,374.6,7.1,0.71,44.3,2826.9,0.16,375.0,128.5,503.6,32.16,0.0,0.0,32.16,33.88,0.0,0.0,33.88,0.0,0.0,0.0,2156.8,85.5,2071.3,0.0,0.0,0.0,0.0,0.0,0.0,0.0,0.0,0.0,0.0,0.0,0.0,0.0,85.5,0.0
2050-12-20 23:00:00,2050-12-20 21:00:00,1873.7,0.0,0.0,1.8,1875.5,1810.9,1790.4,0.0,280.9,0.0335,0.049,battery,gas-cc,0.0,0.0,0.0,0.0,0.0,0.0,0.0,0.0,0.0,0.0,0.0,0.0,0.0,0.0,0.0,0.0,0.0,0.0,156.9,3.0,0.3,18.5,1182.8,0.07,157.1,53.8,210.9,373.9,7.0,0.7,44.2,2821.5,0.16,374.3,128.3,502.6,32.16,0.0,0.0,32.16,33.82,0.0,0.0,33.82,0.0,0.0,0.0,2156.4,85.1,2071.3,0.0,0.0,0.0,0.0,0.0,0.0,0.0,0.0,0.0,0.0,0.0,0.0,0.0,85.1,0.0
2050-12-21 00:00:00,2050-12-20 22:00:00,1754.7,0.0,0.0,0.0,1754.7,1697.6,1661.2,0.0,0.0,0.0326,0.0459,battery,gas-cc,0.0,0.0,0.0,0.0,0.0,0.0,0.0,0.0,0.0,0.0,0.0,0.0,0.0,0.0,0.0,0.0,0.0,0.0,156.8,3.0,0.3,18.5,1181.7,0.07,156.9,53.8,210.7,371.3,7.0,0.7,43.9,2801.9,0.16,371.7,127.4,499.1,32.22,0.0,0.0,32.22,33.77,0.0,0.0,33.77,0.0,0.0,0.0,1754.7,93.5,1661.2,0.0,0.0,0.0,0.0,0.0,0.0,0.0,0.0,0.0,0.0,0.0,0.0,0.0,93.5,0.0
2050-12-21 01:00:00,2050-12-20 23:00:00,1633.7,0.0,0.0,0.0,1633.7,1581.9,1503.1,0.0,0.0,0.0317,0.0427,battery,gas-cc,0.0,0.0,0.0,0.0,0.0,0.0,0.0,0.0,0.0,0.0,0.0,0.0,0.0,0.0,0.0,0.0,0.0,0.0,163.4,3.1,0.31,19.3,1232.2,0.07,163.6,56.1,219.7,370.1,7.0,0.7,43.7,2792.6,0.16,370.5,127.0,497.4,32.22,0.0,0.0,32.22,33.66,0.0,0.0,33.66,0.0,0.0,0.0,1633.7,130.6,1503.1,0.0,0.0,0.0,0.0,0.0,0.0,0.0,0.0,0.0,0.0,0.0,0.0,0.0,130.6,0.0
2050-12-21 02:00:00,2050-12-21 00:00:00,1500.0,0.0,0.0,0.0,1500.0,1453.7,1366.4,0.0,0.0,0.0309,0.0392,battery,gas-cc,0.0,0.0,0.0,0.0,0.0,0.0,0.0,0.0,0.0,0.0,0.0,0.0,0.0,0.0,0.0,0.0,0.0,0.0,151.2,2.9,0.29,17.9,1140.2,0.07,151.4,51.9,203.3,368.7,6.9,0.69,43.6,2782.4,0.16,369.1,126.5,495.6,32.22,0.0,0.0,32.22,33.54,0.0,0.0,33.54,0.0,0.0,0.0,1500.0,133.6,1366.4,0.0,0.0,0.0,0.0,0.0,0.0,0.0,0.0,0.0,0.0,0.0,0.0,0.0,133.6,0.0
2050-12-21 03:00:00,2050-12-21 01:00:00,1414.7,0.0,0.0,0.0,1414.7,1371.7,1263.4,0.0,0.0,0.0304,0.037,battery,gas-cc,0.0,0.0,0.0,0.0,0.0,0.0,0.0,0.0,0.0,0.0,0.0,0.0,0.0,0.0,0.0,0.0,0.0,0.0,169.4,3.2,0.32,20.0,1277.2,0.07,169.6,58.1,227.7,367.9,6.9,0.69,43.5,2776.0,0.16,368.3,126.2,494.5,32.22,0.0,0.0,32.22,33.46,0.0,0.0,33.46,0.0,0.0,0.0,1414.7,151.3,1263.4,0.0,0.0,0.0,0.0,0.0,0.0,0.0,0.0,0.0,0.0,0.0,0.0,0.0,151.3,0.0
2050-12-21 04:00:00,2050-12-21 02:00:00,1366.3,0.0,0.0,0.0,1366.3,1325.0,1141.8,0.0,0.0,0.0302,0.0357,battery,gas-cc,0.0,0.0,0.0,0.0,0.0,0.0,0.0,0.0,0.0,0.0,0.0,0.0,0.0,0.0,0.0,0.0,0.0,0.0,153.4,2.9,0.29,18.1,1156.3,0.07,153.6,52.6,206.2,367.4,6.9,0.69,43.4,2772.4,0.16,367.8,126.1,493.8,32.22,0.0,0.0,32.22,33.42,0.0,0.0,33.42,0.0,0.0,0.0,1366.3,224.5,1141.8,0.0,0.0,0.0,0.0,0.0,0.0,0.0,0.0,0.0,0.0,0.0,0.0,0.0,224.5,0.0
2050-12-21 05:00:00,2050-12-21 03:00:00,1337.9,0.0,0.0,0.0,1337.9,1297.6,1095.2,0.0,0.0,0.0301,0.035,battery,gas-cc,0.0,0.0,0.0,0.0,0.0,0.0,0.0,0.0,0.0,0.0,0.0,0.0,0.0,0.0,0.0,0.0,0.0,0.0,150.0,2.8,0.28,17.7,1130.9,0.07,150.2,51.4,201.6,367.1,6.9,0.69,43.4,2770.2,0.16,367.5,126.0,493.5,32.22,0.0,0.0,32.22,33.39,0.0,0.0,33.39,0.0,0.0,0.0,1337.9,242.7,1095.2,0.0,0.0,0.0,0.0,0.0,0.0,0.0,0.0,0.0,0.0,0.0,0.0,0.0,242.7,0.0
2050-12-21 06:00:00,2050-12-21 04:00:00,1357.9,0.0,0.0,0.0,1357.9,1316.9,1091.9,0.0,0.0,0.0302,0.0355,battery,gas-cc,0.0,0.0,0.0,0.0,0.0,0.0,0.0,0.0,0.0,0.0,0.0,0.0,0.0,0.0,0.0,0.0,0.0,0.0,153.1,2.9,0.29,18.1,1154.5,0.07,153.3,52.5,205.8,367.3,6.9,0.69,43.4,2771.7,0.16,367.7,126.0,493.7,32.22,0.0,0.0,32.22,33.41,0.0,0.0,33.41,0.0,0.0,0.0,1357.9,266.0,1091.9,0.0,0.0,0.0,0.0,0.0,0.0,0.0,0.0,0.0,0.0,0.0,0.0,0.0,266.0,0.0
2050-12-21 07:00:00,2050-12-21 05:00:00,1446.3,0.0,0.0,0.0,1446.3,1402.1,1186.8,0.0,0.0,0.0306,0.0378,battery,gas-cc,0.0,0.0,0.0,0.0,0.0,0.0,0.0,0.0,0.0,0.0,0.0,0.0,0.0,0.0,0.0,0.0,0.0,0.0,155.5,2.9,0.29,18.4,1172.0,0.07,155.6,53.3,209.0,368.2,6.9,0.69,43.5,2778.4,0.16,368.6,126.3,494.9,32.22,0.0,0.0,32.22,33.49,0.0,0.0,33.49,0.0,0.0,0.0,1446.3,259.5,1186.8,0.0,0.0,0.0,0.0,0.0,0.0,0.0,0.0,0.0,0.0,0.0,0.0,0.0,259.5,0.0
2050-12-21 08:00:00,2050-12-21 06:00:00,1626.3,0.0,0.0,0.0,1626.3,1574.9,1369.2,0.0,0.0,0.0316,0.0425,battery,gas-cc,0.0,0.0,0.0,0.0,0.0,0.0,0.0,0.0,0.0,0.0,0.0,0.0,0.0,0.0,0.0,0.0,0.0,0.0,153.5,2.9,0.29,18.1,1157.5,0.07,153.7,52.7,206.4,370.0,7.0,0.7,43.7,2792.0,0.16,370.4,127.0,497.3,32.22,0.0,0.0,32.22,33.66,0.0,0.0,33.66,0.0,0.0,0.0,1626.3,257.1,1369.2,0.0,0.0,0.0,0.0,0.0,0.0,0.0,0.0,0.0,0.0,0.0,0.0,0.0,257.1,0.0
2050-12-21 09:00:00,2050-12-21 07:00:00,1752.6,0.0,0.0,12.3,1764.9,1695.6,-1038.9,252.6,1291.5,0.0325,0.0458,battery,gas-cc,0.0,0.0,0.0,0.0,0.0,0.0,0.0,0.0,0.0,0.0,0.0,0.0,0.0,0.0,0.0,0.0,0.0,0.0,140.0,2.6,0.27,16.5,1055.7,0.06,140.2,48.0,188.2,427.1,8.0,0.8,50.5,3222.8,0.19,427.5,146.5,574.1,32.16,0.0,0.0,32.16,33.7,0.0,0.0,33.7,0.0,0.0,0.0,2803.9,2803.9,0.0,0.0,0.0,0.0,0.0,106.9,0.0,0.0,0.0,0.0,0.0,0.0,0.0,2426.6,270.4,0.0
2050-12-21 10:00:00,2050-12-21 08:00:00,1871.6,3705.2,0.0,10.7,5587.5,1808.9,-1640.0,0.0,1640.0,0.0335,0.0489,upv,upv,0.0,0.0,0.0,0.0,0.0,0.0,0.0,0.0,0.0,0.0,0.0,0.0,0.0,0.0,0.0,0.0,0.0,0.0,153.3,2.9,0.29,18.1,1155.7,0.07,153.4,52.6,206.0,0.0,0.0,0.0,0.0,0.0,0.0,0.0,0.0,0.0,0.0,0.0,0.0,0.0,0.0,0.0,0.0,0.0,0.0,931.5,931.5,7227.4,7227.4,0.0,0.0,0.0,0.0,0.0,333.1,0.0,0.0,0.0,0.0,0.0,0.0,0.0,6629.3,265.1,0.0
2050-12-21 11:00:00,2050-12-21 09:00:00,1829.5,3990.5,0.0,28.9,5848.9,1768.9,-2816.0,0.0,2816.0,0.0331,0.0478,upv,upv,0.0,0.0,0.0,0.0,0.0,0.0,0.0,0.0,0.0,0.0,0.0,0.0,0.0,0.0,0.0,0.0,0.0,0.0,145.2,2.7,0.27,17.2,1095.0,0.06,145.4,49.8,195.2,0.0,0.0,0.0,0.0,0.0,0.0,0.0,0.0,0.0,0.0,0.0,0.0,0.0,0.0,0.0,0.0,0.0,0.0,607.7,607.7,8664.9,8664.9,0.0,0.0,0.0,0.0,0.0,380.4,0.0,0.0,0.0,0.0,0.0,0.0,0.0,8025.8,258.6,0.0
2050-12-21 12:00:00,2050-12-21 10:00:00,1722.1,3795.7,0.0,28.9,5546.7,1666.5,-2816.0,0.0,2816.0,0.0323,0.045,upv,upv,0.0,0.0,0.0,0.0,0.0,0.0,0.0,0.0,0.0,0.0,0.0,0.0,0.0,0.0,0.0,0.0,0.0,0.0,140.6,2.7,0.27,16.6,1060.1,0.06,140.8,48.2,189.0,0.0,0.0,0.0,0.0,0.0,0.0,0.0,0.0,0.0,0.0,0.0,0.0,0.0,0.0,0.0,0.0,0.0,0.0,240.4,240.4,8362.7,8362.7,0.0,0.0,0.0,0.0,0.0,352.2,0.0,0.0,0.0,0.0,0.0,0.0,0.0,7753.4,257.0,0.0
2050-12-21 13:00:00,2050-12-21 11:00:00,1613.7,3623.3,0.0,28.9,5265.8,1562.8,-2816.0,0.0,2816.0,0.0315,0.0422,battery,upv,0.0,0.0,0.0,0.0,0.0,0.0,0.0,0.0,0.0,0.0,0.0,0.0,0.0,0.0,0.0,0.0,0.0,0.0,139.9,2.6,0.26,16.5,1054.8,0.06,140.1,48.0,188.0,0.0,0.0,0.0,0.0,0.0,0.0,0.0,0.0,0.0,0.0,0.0,0.0,0.0,0.0,0.0,0.0,0.0,0.0,0.0,0.0,8081.8,8081.8,0.0,0.0,0.0,0.0,0.0,330.0,0.0,0.0,0.0,0.0,0.0,0.0,0.0,7489.7,262.1,0.0
2050-12-21 14:00:00,2050-12-21 12:00:00,1549.5,3435.1,0.0,28.9,5013.5,1501.2,-2816.0,0.0,2816.0,0.0311,0.0405,upv,upv,0.0,0.0,0.0,0.0,0.0,0.0,0.0,0.0,0.0,0.0,0.0,0.0,0.0,0.0,0.0,0.0,0.0,0.0,152.9,2.9,0.29,18.1,1152.5,0.07,153.0,52.4,205.4,0.0,0.0,0.0,0.0,0.0,0.0,0.0,0.0,0.0,0.0,0.0,0.0,0.0,0.0,0.0,0.0,0.0,0.0,137.8,137.8,7829.5,7829.5,0.0,0.0,0.0,0.0,0.0,325.5,0.0,0.0,0.0,0.0,0.0,0.0,0.0,7248.6,255.4,0.0
2050-12-21 15:00:00,2050-12-21 13:00:00,1512.6,3428.4,0.0,28.9,4969.9,1465.9,-2816.0,0.0,2816.0,0.0309,0.0396,battery,wind-ons,0.0,0.0,0.0,0.0,0.0,0.0,0.0,0.0,0.0,0.0,0.0,0.0,0.0,0.0,0.0,0.0,0.0,0.0,140.1,2.6,0.27,16.6,1056.2,0.06,140.2,48.0,188.3,0.0,0.0,0.0,0.0,0.0,0.0,0.0,0.0,0.0,0.0,0.0,0.0,0.0,0.0,0.0,0.0,0.0,0.0,0.0,0.0,7785.9,7785.9,0.0,0.0,0.0,0.0,0.0,317.8,0.0,0.0,0.0,0.0,0.0,0.0,0.0,7211.9,256.3,0.0
2050-12-21 16:00:00,2050-12-21 14:00:00,1487.4,2715.0,0.0,28.9,4231.3,1441.6,-2816.0,0.0,2816.0,0.0308,0.0389,battery,upv,0.0,0.0,0.0,0.0,0.0,0.0,0.0,0.0,0.0,0.0,0.0,0.0,0.0,0.0,0.0,0.0,0.0,0.0,140.2,2.6,0.27,16.6,1057.0,0.06,140.4,48.1,188.4,0.0,0.0,0.0,0.0,0.0,0.0,0.0,0.0,0.0,0.0,0.0,0.0,0.0,0.0,0.0,0.0,0.0,0.0,0.0,0.0,7047.3,7047.3,0.0,0.0,0.0,0.0,0.0,286.5,0.0,0.0,0.0,0.0,0.0,0.0,0.0,6501.0,259.7,0.0
2050-12-21 17:00:00,2050-12-21 15:00:00,1523.2,2431.9,0.0,4.6,3959.6,1476.0,-702.6,0.0,702.6,0.031,0.0398,wind-ons,wind-ons,0.0,0.0,0.0,0.0,0.0,0.0,0.0,0.0,0.0,0.0,0.0,0.0,0.0,0.0,0.0,0.0,0.0,0.0,166.6,3.1,0.32,19.7,1256.5,0.07,166.8,57.1,223.9,0.0,0.0,0.0,0.0,0.0,0.0,0.0,0.0,0.0,10.08,0.0,0.0,10.08,10.5,0.0,0.0,10.5,0.0,0.0,0.0,4662.2,4662.2,0.0,0.0,0.0,0.0,0.0,185.3,0.0,0.0,0.0,0.0,0.0,0.0,0.0,4206.9,270.0,0.0
2050-12-21 18:00:00,2050-12-21 16:00:00,1621.1,0.0,0.0,1.7,1622.8,1569.8,511.3,0.0,267.9,0.0316,0.0424,battery,gas-cc,0.0,0.0,0.0,0.0,0.0,0.0,0.0,0.0,0.0,0.0,0.0,0.0,0.0,0.0,0.0,0.0,0.0,0.0,157.3,3.0,0.3,18.6,1185.5,0.07,157.4,53.9,211.4,369.9,7.0,0.7,43.7,2791.6,0.16,370.3,126.9,497.3,32.22,0.0,0.0,32.22,33.65,0.0,0.0,33.65,0.0,0.0,0.0,1890.7,1111.4,779.3,0.0,0.0,0.0,0.0,35.2,0.0,0.0,0.0,0.0,0.0,0.0,0.0,798.1,278.2,0.0
2050-12-21 19:00:00,2050-12-21 17:00:00,1804.2,0.0,0.0,0.0,1804.2,1744.8,1526.2,0.0,0.0,0.0329,0.0472,battery,gas-cc,0.0,0.0,0.0,0.0,0.0,0.0,0.0,0.0,0.0,0.0,0.0,0.0,0.0,0.0,0.0,0.0,0.0,0.0,160.1,3.0,0.3,18.9,1206.9,0.07,160.3,54.9,215.2,371.8,7.0,0.7,43.9,2805.7,0.16,372.2,127.6,499.8,32.22,0.0,0.0,32.22,33.82,0.0,0.0,33.82,0.0,0.0,0.0,1804.2,278.1,1526.2,0.0,0.0,0.0,0.0,0.0,0.0,0.0,0.0,0.0,0.0,0.0,0.0,0.0,278.1,0.0
2050-12-21 20:00:00,2050-12-21 18:00:00,1974.7,0.0,0.0,4.5,1979.2,1906.9,1701.3,0.0,685.8,0.0344,0.0516,battery,gas-cc,0.0,0.0,0.0,0.0,0.0,0.0,0.0,0.0,0.0,0.0,0.0,0.0,0.0,0.0,0.0,0.0,0.0,0.0,174.8,3.3,0.33,20.6,1317.8,0.08,175.0,59.9,234.9,374.9,7.1,0.71,44.3,2829.4,0.16,375.3,128.7,504.0,32.22,0.0,0.0,32.22,33.98,0.0,0.0,33.98,0.0,0.0,0.0,2665.0,277.9,2387.0,0.0,0.0,0.0,0.0,0.0,0.0,0.0,0.0,0.0,0.0,0.0,0.0,0.0,277.9,0.0
2050-12-21 21:00:00,2050-12-21 19:00:00,1984.2,0.0,0.0,5.3,1989.5,1915.9,1711.9,0.0,820.8,0.0344,0.0519,battery,gas-cc,0.0,0.0,0.0,0.0,0.0,0.0,0.0,0.0,0.0,0.0,0.0,0.0,0.0,0.0,0.0,0.0,0.0,0.0,160.1,3.0,0.3,18.9,1206.8,0.07,160.3,54.9,215.1,375.0,7.1,0.71,44.3,2830.1,0.16,375.4,128.7,504.1,32.22,0.0,0.0,32.22,33.99,0.0,0.0,33.99,0.0,0.0,0.0,2810.4,277.6,2532.7,0.0,0.0,0.0,0.0,0.0,0.0,0.0,0.0,0.0,0.0,0.0,0.0,0.0,277.6,0.0
2050-12-21 22:00:00,2050-12-21 20:00:00,1904.2,0.0,0.0,7.7,1911.9,1839.9,1634.5,0.0,1187.0,0.0338,0.0498,battery,gas-cc,0.0,0.0,0.0,0.0,0.0,0.0,0.0,0.0,0.0,0.0,0.0,0.0,0.0,0.0,0.0,0.0,0.0,0.0,160.1,3.0,0.3,18.9,1206.8,0.07,160.3,54.9,215.1,370.2,7.0,0.7,43.7,2793.8,0.16,370.6,127.0,497.7,32.22,0.0,0.0,32.22,33.91,0.0,0.0,33.91,0.0,0.0,0.0,3098.9,277.4,2821.5,0.0,0.0,0.0,0.0,0.0,0.0,0.0,0.0,0.0,0.0,0.0,0.0,0.0,277.4,0.0
2050-12-21 23:00:00,2050-12-21 21:00:00,1832.6,0.0,0.0,4.5,1837.2,1771.9,1567.3,0.0,698.8,0.0332,0.0479,battery,gas-cc,0.0,0.0,0.0,0.0,0.0,0.0,0.0,0.0,0.0,0.0,0.0,0.0,0.0,0.0,0.0,0.0,0.0,0.0,161.0,3.0,0.3,19.0,1213.5,0.07,161.1,55.2,216.3,377.9,7.1,0.71,44.6,2851.8,0.16,378.3,129.7,508.0,32.22,0.0,0.0,32.22,33.85,0.0,0.0,33.85,0.0,0.0,0.0,2536.0,269.9,2266.2,0.0,0.0,0.0,0.0,0.0,0.0,0.0,0.0,0.0,0.0,0.0,0.0,0.0,269.9,0.0
2050-12-22 00:00:00,2050-12-21 22:00:00,1711.6,0.0,0.0,0.0,1711.6,1656.4,1444.3,0.0,0.0,0.0322,0.0448,battery,gas-cc,0.0,0.0,0.0,0.0,0.0,0.0,0.0,0.0,0.0,0.0,0.0,0.0,0.0,0.0,0.0,0.0,0.0,0.0,156.5,3.0,0.3,18.5,1179.7,0.07,156.7,53.7,210.3,370.9,7.0,0.7,43.8,2798.6,0.16,371.3,127.3,498.5,32.16,0.0,0.0,32.16,33.67,0.0,0.0,33.67,0.0,0.0,0.0,1711.6,267.3,1444.3,0.0,0.0,0.0,0.0,0.0,0.0,0.0,0.0,0.0,0.0,0.0,0.0,0.0,267.3,0.0
2050-12-22 01:00:00,2050-12-21 23:00:00,1601.1,0.0,0.0,0.0,1601.1,1550.7,1342.3,0.0,0.0,0.0315,0.0419,battery,gas-cc,0.0,0.0,0.0,0.0,0.0,0.0,0.0,0.0,0.0,0.0,0.0,0.0,0.0,0.0,0.0,0.0,0.0,0.0,208.3,3.9,0.39,24.6,1570.9,0.09,208.5,71.4,279.9,378.2,7.1,0.71,44.7,2854.2,0.16,378.6,129.8,508.4,32.16,0.0,0.0,32.16,33.57,0.0,0.0,33.57,0.0,0.0,0.0,1601.1,258.8,1342.3,0.0,0.0,0.0,0.0,0.0,0.0,0.0,0.0,0.0,0.0,0.0,0.0,0.0,258.8,0.0
2050-12-22 02:00:00,2050-12-22 00:00:00,1441.1,0.0,0.0,0.2,1441.3,1397.0,1195.6,14.2,0.0,0.0305,0.0377,battery,gas-cc,0.0,0.0,0.0,0.0,0.0,0.0,0.0,0.0,0.0,0.0,0.0,0.0,0.0,0.0,0.0,0.0,0.0,0.0,183.3,3.5,0.35,21.7,1382.0,0.08,183.5,62.9,246.3,368.1,6.9,0.69,43.5,2778.0,0.16,368.5,126.3,494.8,32.16,0.0,0.0,32.16,33.42,0.0,0.0,33.42,0.0,0.0,0.0,1427.1,245.7,1181.4,0.0,0.0,0.0,0.0,0.0,0.0,0.0,0.0,0.0,0.0,0.0,0.0,0.0,245.7,0.0
2050-12-22 03:00:00,2050-12-22 01:00:00,1353.7,0.0,0.0,0.3,1354.0,1312.9,1124.9,21.3,0.0,0.0302,0.0354,battery,gas-cc,0.0,0.0,0.0,0.0,0.0,0.0,0.0,0.0,0.0,0.0,0.0,0.0,0.0,0.0,0.0,0.0,0.0,0.0,268.7,5.1,0.51,31.7,2027.3,0.12,269.0,92.2,361.2,367.3,6.9,0.69,43.4,2771.4,0.16,367.7,126.0,493.7,32.16,0.0,0.0,32.16,33.34,0.0,0.0,33.34,0.0,0.0,0.0,1332.7,229.1,1103.6,0.0,0.0,0.0,0.0,0.0,0.0,0.0,0.0,0.0,0.0,0.0,0.0,0.0,229.1,0.0
2050-12-22 04:00:00,2050-12-22 02:00:00,1302.1,0.0,0.0,0.3,1302.5,1263.1,1078.1,22.4,0.0,0.03,0.0341,battery,gas-cc,0.0,0.0,0.0,0.0,0.0,0.0,0.0,0.0,0.0,0.0,0.0,0.0,0.0,0.0,0.0,0.0,0.0,0.0,156.5,3.0,0.3,18.5,1179.8,0.07,156.7,53.7,210.3,375.2,7.1,0.71,44.3,2831.1,0.16,375.6,128.7,504.3,32.16,0.0,0.0,32.16,33.29,0.0,0.0,33.29,0.0,0.0,0.0,1280.1,224.3,1055.7,0.0,0.0,0.0,0.0,0.0,0.0,0.0,0.0,0.0,0.0,0.0,0.0,0.0,224.3,0.0
2050-12-22 05:00:00,2050-12-22 03:00:00,1275.8,0.0,0.0,0.4,1276.2,1237.6,1058.9,28.0,0.0,0.0299,0.0334,battery,gas-cc,0.0,0.0,0.0,0.0,0.0,0.0,0.0,0.0,0.0,0.0,0.0,0.0,0.0,0.0,0.0,0.0,0.0,0.0,158.5,3.0,0.3,18.7,1194.5,0.07,158.6,54.3,213.0,374.9,7.1,0.71,44.3,2829.1,0.16,375.3,128.6,504.0,32.16,0.0,0.0,32.16,33.27,0.0,0.0,33.27,0.0,0.0,0.0,1248.3,217.4,1030.9,0.0,0.0,0.0,0.0,0.0,0.0,0.0,0.0,0.0,0.0,0.0,0.0,0.0,217.4,0.0
2050-12-22 06:00:00,2050-12-22 04:00:00,1293.7,0.0,0.0,0.0,1293.7,1254.9,1076.7,0.0,0.0,0.0299,0.0338,battery,gas-cc,0.0,0.0,0.0,0.0,0.0,0.0,0.0,0.0,0.0,0.0,0.0,0.0,0.0,0.0,0.0,0.0,0.0,0.0,157.7,3.0,0.3,18.6,1188.6,0.07,157.8,54.1,211.9,366.7,6.9,0.69,43.3,2766.9,0.16,367.1,125.8,492.9,32.16,0.0,0.0,32.16,33.29,0.0,0.0,33.29,0.0,0.0,0.0,1293.7,217.0,1076.7,0.0,0.0,0.0,0.0,0.0,0.0,0.0,0.0,0.0,0.0,0.0,0.0,0.0,217.0,0.0
2050-12-22 07:00:00,2050-12-22 05:00:00,1366.3,0.0,0.0,3.5,1369.8,1325.0,1163.9,0.0,532.5,0.0302,0.0357,battery,gas-cc,0.0,0.0,0.0,0.0,0.0,0.0,0.0,0.0,0.0,0.0,0.0,0.0,0.0,0.0,0.0,0.0,0.0,0.0,227.8,4.3,0.43,26.9,1718.6,0.1,228.1,78.2,306.2,368.8,6.9,0.69,43.6,2782.7,0.16,369.2,126.5,495.7,32.16,0.0,0.0,32.16,33.35,0.0,0.0,33.35,0.0,0.0,0.0,1902.3,205.9,1696.4,0.0,0.0,0.0,0.0,0.0,0.0,0.0,0.0,0.0,0.0,0.0,0.0,0.0,205.9,0.0
2050-12-22 08:00:00,2050-12-22 06:00:00,1533.7,0.0,0.0,0.0,1533.7,1486.1,1339.0,0.0,0.0,0.031,0.0401,battery,gas-cc,0.0,0.0,0.0,0.0,0.0,0.0,0.0,0.0,0.0,0.0,0.0,0.0,0.0,0.0,0.0,0.0,0.0,0.0,169.4,3.2,0.32,20.0,1277.6,0.07,169.6,58.1,227.7,369.1,7.0,0.7,43.6,2785.0,0.16,369.5,126.6,496.1,32.16,0.0,0.0,32.16,33.5,0.0,0.0,33.5,0.0,0.0,0.0,1533.7,194.7,1339.0,0.0,0.0,0.0,0.0,0.0,0.0,0.0,0.0,0.0,0.0,0.0,0.0,0.0,194.7,0.0
2050-12-22 09:00:00,2050-12-22 07:00:00,1660.0,0.0,0.0,6.4,1666.4,1607.1,-989.2,0.0,989.2,0.0319,0.0434,battery,gas-cc,0.0,0.0,0.0,0.0,0.0,0.0,0.0,0.0,0.0,0.0,0.0,0.0,0.0,0.0,0.0,0.0,0.0,0.0,153.2,2.9,0.29,18.1,1155.0,0.07,153.4,52.5,205.9,371.7,7.0,0.7,43.9,2805.1,0.16,372.1,127.5,499.7,32.16,0.0,0.0,32.16,33.62,0.0,0.0,33.62,0.0,0.0,0.0,2655.6,2655.6,0.0,0.0,0.0,0.0,0.0,104.0,0.0,0.0,0.0,0.0,0.0,0.0,0.0,2360.3,191.3,0.0
2050-12-22 10:00:00,2050-12-22 08:00:00,1768.4,3597.6,0.0,22.5,5388.5,1710.7,-2403.3,0.0,2403.3,0.0327,0.0462,battery,hydro,0.0,0.0,0.0,0.0,0.0,0.0,0.0,0.0,0.0,0.0,0.0,0.0,0.0,0.0,0.0,0.0,0.0,0.0,141.1,2.7,0.27,16.7,1063.9,0.06,141.3,48.4,189.7,0.0,0.0,0.0,0.0,0.0,0.0,0.0,0.0,0.0,12.25,0.0,0.0,12.25,12.84,0.0,0.0,12.84,0.0,0.0,0.0,7791.9,7791.9,0.0,0.0,0.0,0.0,0.0,321.6,0.0,0.0,0.0,0.0,0.0,0.0,0.0,7295.9,174.4,0.0
2050-12-22 11:00:00,2050-12-22 09:00:00,1729.5,3924.0,0.0,12.6,5666.0,1673.5,-1764.0,0.0,1764.0,0.0324,0.0452,phs,gas-cc,0.0,0.0,0.0,0.0,0.0,0.0,0.0,0.0,0.0,0.0,0.0,0.0,0.0,0.0,0.0,0.0,0.0,0.0,140.0,2.6,0.27,16.5,1055.5,0.06,140.2,48.0,188.2,303.1,5.7,0.57,35.8,2287.2,0.13,303.4,104.0,407.4,12.25,0.0,0.0,12.25,12.83,0.0,0.0,12.83,0.0,0.0,0.0,7430.0,7430.0,0.0,0.0,0.0,0.0,0.0,307.3,0.0,0.0,0.0,0.0,0.0,0.0,0.0,6972.8,150.0,0.0
2050-12-22 12:00:00,2050-12-22 10:00:00,1626.3,4019.6,0.0,20.2,5666.1,1574.9,-2255.8,0.0,2255.8,0.0316,0.0425,phs,gas-cc,0.0,0.0,0.0,0.0,0.0,0.0,0.0,0.0,0.0,0.0,0.0,0.0,0.0,0.0,0.0,0.0,0.0,0.0,139.9,2.6,0.26,16.5,1054.7,0.06,140.1,48.0,188.0,302.2,5.7,0.57,35.7,2280.7,0.13,302.6,103.7,406.3,12.25,0.0,0.0,12.25,12.8,0.0,0.0,12.8,0.0,0.0,0.0,7921.9,7921.9,0.0,0.0,0.0,0.0,0.0,329.1,0.0,0.0,0.0,0.0,0.0,0.0,0.0,7470.4,122.4,0.0
2050-12-22 13:00:00,2050-12-22 11:00:00,1533.7,3990.5,0.0,15.2,5539.4,1486.1,-1931.7,0.0,1931.7,0.031,0.0401,phs,gas-cc,0.0,0.0,0.0,0.0,0.0,0.0,0.0,0.0,0.0,0.0,0.0,0.0,0.0,0.0,0.0,0.0,0.0,0.0,140.4,2.7,0.27,16.6,1058.5,0.06,140.6,48.1,188.7,301.5,5.7,0.57,35.6,2275.0,0.13,301.8,103.4,405.2,12.25,0.0,0.0,12.25,12.76,0.0,0.0,12.76,0.0,0.0,0.0,7471.0,7471.0,0.0,0.0,0.0,0.0,0.0,310.9,0.0,0.0,0.0,0.0,0.0,0.0,0.0,7056.8,103.3,0.0
2050-12-22 14:00:00,2050-12-22 12:00:00,1482.1,3438.4,0.0,13.9,4934.4,1436.5,-1849.3,0.0,1849.3,0.0308,0.0388,battery,gas-cc,0.0,0.0,0.0,0.0,0.0,0.0,0.0,0.0,0.0,0.0,0.0,0.0,0.0,0.0,0.0,0.0,0.0,0.0,139.8,2.6,0.26,16.5,1053.8,0.06,139.9,47.9,187.9,292.5,5.5,0.55,34.6,2207.1,0.13,292.8,100.4,393.2,12.25,0.0,0.0,12.25,12.74,0.0,0.0,12.74,0.0,0.0,0.0,6783.7,6783.7,0.0,0.0,0.0,0.0,0.0,282.6,0.0,0.0,0.0,0.0,0.0,0.0,0.0,6413.8,87.4,0.0
2050-12-22 15:00:00,2050-12-22 13:00:00,1466.3,3262.1,0.0,10.7,4739.1,1421.3,-1640.0,0.0,1640.0,0.0307,0.0383,battery,hydro,0.0,0.0,0.0,0.0,0.0,0.0,0.0,0.0,0.0,0.0,0.0,0.0,0.0,0.0,0.0,0.0,0.0,0.0,140.4,2.6,0.27,16.6,1058.3,0.06,140.5,48.1,188.7,0.0,0.0,0.0,0.0,0.0,0.0,0.0,0.0,0.0,12.25,0.0,0.0,12.25,12.74,0.0,0.0,12.74,0.0,0.0,0.0,6379.1,6379.1,0.0,0.0,0.0,0.0,0.0,266.0,0.0,0.0,0.0,0.0,0.0,0.0,0.0,6035.7,77.4,0.0
2050-12-22 16:00:00,2050-12-22 14:00:00,1455.8,2461.0,0.0,19.7,3936.4,1411.2,-2221.3,0.0,2221.3,0.0306,0.0381,battery,hydro,0.0,0.0,0.0,0.0,0.0,0.0,0.0,0.0,0.0,0.0,0.0,0.0,0.0,0.0,0.0,0.0,0.0,0.0,140.0,2.6,0.26,16.5,1055.4,0.06,140.1,48.0,188.2,0.0,0.0,0.0,0.0,0.0,0.0,0.0,0.0,0.0,12.25,0.0,0.0,12.25,12.74,0.0,0.0,12.74,0.0,0.0,0.0,6157.7,6157.7,0.0,0.0,0.0,0.0,0.0,257.5,0.0,0.0,0.0,0.0,0.0,0.0,0.0,5841.9,58.3,0.0
2050-12-22 17:00:00,2050-12-22 15:00:00,1503.2,2431.9,0.0,10.0,3945.1,1456.8,-1497.2,14.2,1511.4,0.0309,0.0393,battery,gas-cc,0.0,0.0,0.0,0.0,0.0,0.0,0.0,0.0,0.0,0.0,0.0,0.0,0.0,0.0,0.0,0.0,0.0,0.0,149.4,2.8,0.28,17.7,1126.4,0.07,149.6,51.2,200.8,402.8,7.6,0.76,47.6,3039.6,0.17,403.2,138.2,541.4,21.59,0.0,0.0,21.59,22.47,0.0,0.0,22.47,0.0,0.0,0.0,5442.3,5442.3,0.0,0.0,0.0,0.0,0.0,227.2,0.0,0.0,0.0,0.0,0.0,0.0,0.0,5156.9,58.3,0.0
2050-12-22 18:00:00,2050-12-22 16:00:00,1587.4,0.0,0.0,5.9,1593.3,1537.6,944.5,0.0,906.0,0.0314,0.0415,battery,gas-cc,0.0,0.0,0.0,0.0,0.0,0.0,0.0,0.0,0.0,0.0,0.0,0.0,0.0,0.0,0.0,0.0,0.0,0.0,153.2,2.9,0.29,18.1,1154.7,0.07,153.3,52.5,205.9,371.0,7.0,0.7,43.8,2799.5,0.16,371.4,127.3,498.7,32.16,0.0,0.0,32.16,33.55,0.0,0.0,33.55,0.0,0.0,0.0,2499.3,648.7,1850.5,0.0,0.0,0.0,0.0,24.7,0.0,0.0,0.0,0.0,0.0,0.0,0.0,561.0,63.0,0.0
2050-12-22 19:00:00,2050-12-22 17:00:00,1757.9,0.0,0.0,5.4,1763.3,1700.6,1703.4,0.0,829.3,0.0326,0.046,battery,gas-cc,0.0,0.0,0.0,0.0,0.0,0.0,0.0,0.0,0.0,0.0,0.0,0.0,0.0,0.0,0.0,0.0,0.0,0.0,156.7,3.0,0.3,18.5,1181.3,0.07,156.9,53.7,210.6,372.7,7.0,0.7,44.0,2812.6,0.16,373.1,127.9,501.0,32.16,0.0,0.0,32.16,33.71,0.0,0.0,33.71,0.0,0.0,0.0,2592.6,59.8,2532.7,0.0,0.0,0.0,0.0,0.0,0.0,0.0,0.0,0.0,0.0,0.0,0.0,0.0,59.8,0.0
2050-12-22 20:00:00,2050-12-22 18:00:00,1909.5,0.0,0.0,3.1,1912.6,1844.9,1861.6,0.0,476.2,0.0338,0.0499,battery,gas-cc,0.0,0.0,0.0,0.0,0.0,0.0,0.0,0.0,0.0,0.0,0.0,0.0,0.0,0.0,0.0,0.0,0.0,0.0,164.4,3.1,0.31,19.4,1239.3,0.07,164.6,56.4,220.9,374.3,7.1,0.71,44.2,2824.3,0.16,374.7,128.4,503.1,32.16,0.0,0.0,32.16,33.85,0.0,0.0,33.85,0.0,0.0,0.0,2388.8,50.9,2337.9,0.0,0.0,0.0,0.0,0.0,0.0,0.0,0.0,0.0,0.0,0.0,0.0,0.0,50.9,0.0
2050-12-22 21:00:00,2050-12-22 19:00:00,1902.1,0.0,0.0,6.2,1908.3,1837.9,1864.4,0.0,957.1,0.0337,0.0497,battery,gas-cc,0.0,0.0,0.0,0.0,0.0,0.0,0.0,0.0,0.0,0.0,0.0,0.0,0.0,0.0,0.0,0.0,0.0,0.0,168.5,3.2,0.32,19.9,1270.3,0.07,168.7,57.8,226.4,374.2,7.1,0.71,44.2,2823.8,0.16,374.6,128.4,503.0,32.16,0.0,0.0,32.16,33.84,0.0,0.0,33.84,0.0,0.0,0.0,2865.4,43.9,2821.5,0.0,0.0,0.0,0.0,0.0,0.0,0.0,0.0,0.0,0.0,0.0,0.0,0.0,43.9,0.0
2050-12-22 22:00:00,2050-12-22 20:00:00,1806.3,0.0,0.0,3.0,1809.3,1746.8,1773.3,0.0,463.8,0.033,0.0472,battery,gas-cc,0.0,0.0,0.0,0.0,0.0,0.0,0.0,0.0,0.0,0.0,0.0,0.0,0.0,0.0,0.0,0.0,0.0,0.0,158.7,3.0,0.3,18.7,1196.1,0.07,158.8,54.4,213.3,373.2,7.0,0.7,44.1,2816.3,0.16,373.6,128.1,501.7,32.16,0.0,0.0,32.16,33.75,0.0,0.0,33.75,0.0,0.0,0.0,2273.1,36.1,2237.1,0.0,0.0,0.0,0.0,0.0,0.0,0.0,0.0,0.0,0.0,0.0,0.0,0.0,36.1,0.0
2050-12-22 23:00:00,2050-12-22 21:00:00,1729.5,0.0,0.0,1.0,1730.4,1673.5,1700.6,0.0,146.9,0.0324,0.0452,battery,gas-cc,0.0,0.0,0.0,0.0,0.0,0.0,0.0,0.0,0.0,0.0,0.0,0.0,0.0,0.0,0.0,0.0,0.0,0.0,158.0,3.0,0.3,18.7,1191.0,0.07,158.2,54.2,212.3,372.4,7.0,0.7,44.0,2810.4,0.16,372.8,127.8,500.6,32.16,0.0,0.0,32.16,33.68,0.0,0.0,33.68,0.0,0.0,0.0,1877.3,29.9,1847.4,0.0,0.0,0.0,0.0,0.0,0.0,0.0,0.0,0.0,0.0,0.0,0.0,0.0,29.9,0.0
2050-12-23 00:00:00,2050-12-22 22:00:00,1642.1,0.0,0.0,0.0,1642.1,1590.0,1616.8,0.0,0.0,0.0317,0.0429,battery,gas-cc,0.0,0.0,0.0,0.0,0.0,0.0,0.0,0.0,0.0,0.0,0.0,0.0,0.0,0.0,0.0,0.0,0.0,0.0,173.7,3.3,0.33,20.5,1309.9,0.08,173.9,59.6,233.5,370.2,7.0,0.7,43.7,2793.2,0.16,370.6,127.0,497.6,32.36,0.0,0.0,32.36,33.81,0.0,0.0,33.81,0.0,0.0,0.0,1642.1,25.3,1616.8,0.0,0.0,0.0,0.0,0.0,0.0,0.0,0.0,0.0,0.0,0.0,0.0,0.0,25.3,0.0
2050-12-23 01:00:00,2050-12-22 23:00:00,1530.5,0.0,0.0,0.0,1530.5,1483.0,1502.6,0.0,0.0,0.031,0.04,battery,gas-cc,0.0,0.0,0.0,0.0,0.0,0.0,0.0,0.0,0.0,0.0,0.0,0.0,0.0,0.0,0.0,0.0,0.0,0.0,172.1,3.2,0.33,20.3,1297.8,0.07,172.3,59.0,231.4,369.0,7.0,0.7,43.6,2784.8,0.16,369.4,126.6,496.0,32.36,0.0,0.0,32.36,33.71,0.0,0.0,33.71,0.0,0.0,0.0,1530.5,27.9,1502.6,0.0,0.0,0.0,0.0,0.0,0.0,0.0,0.0,0.0,0.0,0.0,0.0,0.0,27.9,0.0
2050-12-23 02:00:00,2050-12-23 00:00:00,1407.4,0.0,0.0,0.0,1407.4,1364.6,1375.4,0.0,0.0,0.0304,0.0368,battery,gas-cc,0.0,0.0,0.0,0.0,0.0,0.0,0.0,0.0,0.0,0.0,0.0,0.0,0.0,0.0,0.0,0.0,0.0,0.0,164.2,3.1,0.31,19.4,1237.7,0.07,164.4,56.3,220.7,367.8,6.9,0.69,43.4,2775.4,0.16,368.2,126.2,494.4,32.36,0.0,0.0,32.36,33.6,0.0,0.0,33.6,0.0,0.0,0.0,1407.4,31.9,1375.4,0.0,0.0,0.0,0.0,0.0,0.0,0.0,0.0,0.0,0.0,0.0,0.0,0.0,31.9,0.0
2050-12-23 03:00:00,2050-12-23 01:00:00,1298.9,0.0,0.0,0.0,1298.9,1260.0,1263.6,0.0,0.0,0.03,0.034,battery,gas-cc,0.0,0.0,0.0,0.0,0.0,0.0,0.0,0.0,0.0,0.0,0.0,0.0,0.0,0.0,0.0,0.0,0.0,0.0,158.7,3.0,0.3,18.7,1196.0,0.07,158.8,54.4,213.2,366.7,6.9,0.69,43.3,2767.3,0.16,367.1,125.8,492.9,32.36,0.0,0.0,32.36,33.5,0.0,0.0,33.5,0.0,0.0,0.0,1298.9,35.3,1263.6,0.0,0.0,0.0,0.0,0.0,0.0,0.0,0.0,0.0,0.0,0.0,0.0,0.0,35.3,0.0
2050-12-23 04:00:00,2050-12-23 02:00:00,1240.0,0.0,0.0,0.0,1240.0,1203.0,1205.5,0.0,0.0,0.0298,0.0324,battery,gas-cc,0.0,0.0,0.0,0.0,0.0,0.0,0.0,0.0,0.0,0.0,0.0,0.0,0.0,0.0,0.0,0.0,0.0,0.0,156.5,3.0,0.3,18.5,1179.6,0.07,156.7,53.7,210.3,366.1,6.9,0.69,43.3,2762.9,0.16,366.5,125.6,492.2,32.36,0.0,0.0,32.36,33.45,0.0,0.0,33.45,0.0,0.0,0.0,1240.0,34.5,1205.5,0.0,0.0,0.0,0.0,0.0,0.0,0.0,0.0,0.0,0.0,0.0,0.0,0.0,34.5,0.0
2050-12-23 05:00:00,2050-12-23 03:00:00,1203.2,0.0,0.0,0.0,1203.2,1167.4,1166.7,0.0,0.0,0.0297,0.0315,battery,gas-cc,0.0,0.0,0.0,0.0,0.0,0.0,0.0,0.0,0.0,0.0,0.0,0.0,0.0,0.0,0.0,0.0,0.0,0.0,159.8,3.0,0.3,18.9,1205.1,0.07,160.0,54.8,214.8,374.2,7.1,0.71,44.2,2823.6,0.16,374.6,128.4,503.0,32.36,0.0,0.0,32.36,33.41,0.0,0.0,33.41,0.0,0.0,0.0,1203.2,36.4,1166.7,0.0,0.0,0.0,0.0,0.0,0.0,0.0,0.0,0.0,0.0,0.0,0.0,0.0,36.4,0.0
2050-12-23 06:00:00,2050-12-23 04:00:00,1180.0,0.0,0.0,2.5,1182.5,1144.9,1144.0,161.2,0.0,0.0297,0.0309,battery,gas-cc,0.0,0.0,0.0,0.0,0.0,0.0,0.0,0.0,0.0,0.0,0.0,0.0,0.0,0.0,0.0,0.0,0.0,0.0,172.1,3.2,0.33,20.3,1297.9,0.07,172.3,59.0,231.4,373.9,7.0,0.7,44.2,2821.8,0.16,374.3,128.3,502.6,32.36,0.0,0.0,32.36,33.39,0.0,0.0,33.39,0.0,0.0,0.0,1021.3,38.5,982.8,0.0,0.0,0.0,0.0,0.0,0.0,0.0,0.0,0.0,0.0,0.0,0.0,0.0,38.5,0.0
2050-12-23 07:00:00,2050-12-23 05:00:00,1188.4,0.0,0.0,6.9,1195.3,1153.1,1149.4,445.3,0.0,0.0297,0.0311,battery,gas-cc,0.0,0.0,0.0,0.0,0.0,0.0,0.0,0.0,0.0,0.0,0.0,0.0,0.0,0.0,0.0,0.0,0.0,0.0,236.5,4.5,0.45,27.9,1784.1,0.1,236.7,81.1,317.9,365.6,6.9,0.69,43.2,2759.0,0.16,366.0,125.5,491.5,32.36,0.0,0.0,32.36,33.4,0.0,0.0,33.4,0.0,0.0,0.0,750.0,45.9,704.1,0.0,0.0,0.0,0.0,0.0,0.0,0.0,0.0,0.0,0.0,0.0,0.0,0.0,45.9,0.0
2050-12-23 08:00:00,2050-12-23 06:00:00,1242.1,0.0,0.0,6.8,1248.9,1205.1,1199.9,439.9,0.0,0.0298,0.0325,gas-cc,gas-cc,0.0,0.0,0.0,0.0,0.0,0.0,0.0,0.0,0.0,0.0,0.0,0.0,0.0,0.0,0.0,0.0,0.0,0.0,165.5,3.1,0.31,19.6,1247.9,0.07,165.7,56.8,222.5,363.6,6.9,0.69,43.0,2743.8,0.16,364.0,124.8,488.7,32.36,0.0,0.0,32.36,33.45,0.0,0.0,33.45,0.0,0.0,0.0,809.0,49.0,760.0,0.0,0.0,0.0,0.0,0.0,0.0,0.0,0.0,0.0,0.0,0.0,0.0,0.0,49.0,0.0
2050-12-23 09:00:00,2050-12-23 07:00:00,1296.8,0.0,0.0,2.9,1299.8,1258.0,187.9,187.9,0.0,0.03,0.0339,gas-cc,gas-cc,0.0,0.0,0.0,0.0,0.0,0.0,0.0,0.0,0.0,0.0,0.0,0.0,0.0,0.0,0.0,0.0,0.0,0.0,204.4,3.9,0.39,24.1,1542.0,0.09,204.6,70.1,274.8,364.1,6.9,0.69,43.0,2747.8,0.16,364.5,124.9,489.5,32.09,0.0,0.0,32.09,33.22,0.0,0.0,33.22,0.0,0.0,0.0,1111.9,1111.9,0.0,0.0,0.0,0.0,0.0,44.6,0.0,0.0,0.0,0.0,0.0,0.0,0.0,1011.3,56.0,0.0
2050-12-23 10:00:00,2050-12-23 08:00:00,1394.7,2431.9,0.0,10.6,3837.2,1352.4,-1076.0,162.3,1238.3,0.0303,0.0365,battery,gas-cc,0.0,0.0,0.0,0.0,0.0,0.0,0.0,0.0,0.0,0.0,0.0,0.0,0.0,0.0,0.0,0.0,0.0,0.0,142.1,2.7,0.27,16.8,1071.0,0.06,142.2,48.7,190.9,427.1,8.0,0.8,50.4,3222.6,0.19,427.5,146.5,574.1,21.64,0.0,0.0,21.64,22.46,0.0,0.0,22.46,0.0,0.0,0.0,4913.2,4913.2,0.0,0.0,0.0,0.0,0.0,205.2,0.0,0.0,0.0,0.0,0.0,0.0,0.0,4656.0,52.0,0.0
2050-12-23 11:00:00,2050-12-23 09:00:00,1443.2,3753.2,0.0,17.6,5213.9,1399.1,-1194.7,445.3,1640.0,0.0306,0.0377,battery,gas-cc,0.0,0.0,0.0,0.0,0.0,0.0,0.0,0.0,0.0,0.0,0.0,0.0,0.0,0.0,0.0,0.0,0.0,0.0,151.4,2.9,0.29,17.9,1141.6,0.07,151.6,51.9,203.5,326.9,6.2,0.62,38.6,2467.0,0.14,327.3,112.2,439.4,20.31,0.0,0.0,20.31,21.11,0.0,0.0,21.11,0.0,0.0,0.0,6408.6,6408.6,0.0,0.0,0.0,0.0,0.0,268.5,0.0,0.0,0.0,0.0,0.0,0.0,0.0,6093.9,46.2,0.0
2050-12-23 12:00:00,2050-12-23 10:00:00,1443.2,4019.6,0.0,17.0,5479.8,1399.1,-2052.1,0.0,2052.1,0.0306,0.0377,battery,hydro,0.0,0.0,0.0,0.0,0.0,0.0,0.0,0.0,0.0,0.0,0.0,0.0,0.0,0.0,0.0,0.0,0.0,0.0,144.8,2.7,0.27,17.1,1091.6,0.06,145.0,49.7,194.6,0.0,0.0,0.0,0.0,0.0,0.0,0.0,0.0,0.0,9.64,0.0,0.0,9.64,10.02,0.0,0.0,10.02,0.0,0.0,0.0,7531.9,7531.9,0.0,0.0,0.0,0.0,0.0,315.8,0.0,0.0,0.0,0.0,0.0,0.0,0.0,7166.6,49.5,0.0
2050-12-23 13:00:00,2050-12-23 11:00:00,1443.2,3961.7,0.0,13.9,5418.8,1399.1,-1846.4,0.0,1846.4,0.0306,0.0377,battery,gas-cc,0.0,0.0,0.0,0.0,0.0,0.0,0.0,0.0,0.0,0.0,0.0,0.0,0.0,0.0,0.0,0.0,0.0,0.0,155.3,2.9,0.29,18.3,1170.8,0.07,155.4,53.3,208.7,326.9,6.2,0.62,38.6,2467.0,0.14,327.3,112.2,439.4,20.31,0.0,0.0,20.31,21.11,0.0,0.0,21.11,0.0,0.0,0.0,7265.2,7265.2,0.0,0.0,0.0,0.0,0.0,304.0,0.0,0.0,0.0,0.0,0.0,0.0,0.0,6901.7,59.4,0.0
2050-12-23 14:00:00,2050-12-23 12:00:00,1455.8,4019.6,0.0,11.9,5487.3,1411.2,-1721.5,0.0,1721.5,0.0306,0.0381,battery,gas-cc,0.0,0.0,0.0,0.0,0.0,0.0,0.0,0.0,0.0,0.0,0.0,0.0,0.0,0.0,0.0,0.0,0.0,0.0,139.8,2.6,0.26,16.5,1053.8,0.06,139.9,47.9,187.9,327.0,6.2,0.62,38.6,2467.8,0.14,327.4,112.2,439.6,20.31,0.0,0.0,20.31,21.11,0.0,0.0,21.11,0.0,0.0,0.0,7208.7,7208.7,0.0,0.0,0.0,0.0,0.0,301.0,0.0,0.0,0.0,0.0,0.0,0.0,0.0,6830.6,77.2,0.0
2050-12-23 15:00:00,2050-12-23 13:00:00,1464.2,3629.9,0.0,17.9,5112.0,1419.3,-2107.4,0.0,2107.4,0.0307,0.0383,battery,gas-cc,0.0,0.0,0.0,0.0,0.0,0.0,0.0,0.0,0.0,0.0,0.0,0.0,0.0,0.0,0.0,0.0,0.0,0.0,146.2,2.8,0.28,17.3,1101.9,0.06,146.3,50.1,196.4,327.1,6.2,0.62,38.6,2468.4,0.14,327.5,112.2,439.7,20.31,0.0,0.0,20.31,21.12,0.0,0.0,21.12,0.0,0.0,0.0,7219.4,7219.4,0.0,0.0,0.0,0.0,0.0,301.9,0.0,0.0,0.0,0.0,0.0,0.0,0.0,6850.0,67.6,0.0
2050-12-23 16:00:00,2050-12-23 14:00:00,1466.3,2877.3,0.0,11.6,4355.2,1421.3,-1700.0,0.0,1700.0,0.0307,0.0383,battery,gas-cc,0.0,0.0,0.0,0.0,0.0,0.0,0.0,0.0,0.0,0.0,0.0,0.0,0.0,0.0,0.0,0.0,0.0,0.0,140.8,2.7,0.27,16.6,1061.4,0.06,140.9,48.3,189.2,327.1,6.2,0.62,38.6,2468.5,0.14,327.5,112.2,439.7,20.31,0.0,0.0,20.31,21.12,0.0,0.0,21.12,0.0,0.0,0.0,6055.2,6055.2,0.0,0.0,0.0,0.0,0.0,252.8,0.0,0.0,0.0,0.0,0.0,0.0,0.0,5738.5,63.9,0.0
2050-12-23 17:00:00,2050-12-23 15:00:00,1494.7,2431.9,0.0,6.0,3932.7,1448.7,-926.3,0.0,926.3,0.0308,0.0391,battery,gas-cc,0.0,0.0,0.0,0.0,0.0,0.0,0.0,0.0,0.0,0.0,0.0,0.0,0.0,0.0,0.0,0.0,0.0,0.0,144.5,2.7,0.27,17.1,1089.6,0.06,144.7,49.6,194.3,428.2,8.1,0.81,50.6,3231.4,0.19,428.7,146.9,575.6,21.64,0.0,0.0,21.64,22.52,0.0,0.0,22.52,0.0,0.0,0.0,4858.9,4858.9,0.0,0.0,0.0,0.0,0.0,202.3,0.0,0.0,0.0,0.0,0.0,0.0,0.0,4591.4,65.2,0.0
2050-12-23 18:00:00,2050-12-23 16:00:00,1558.9,0.0,0.0,7.7,1566.6,1510.3,1018.5,418.5,179.2,0.0312,0.0408,battery,gas-cc,0.0,0.0,0.0,0.0,0.0,0.0,0.0,0.0,0.0,0.0,0.0,0.0,0.0,0.0,0.0,0.0,0.0,0.0,152.1,2.9,0.29,18.0,1146.9,0.07,152.3,52.2,204.5,370.7,7.0,0.7,43.8,2797.3,0.16,371.1,127.2,498.3,31.71,0.0,0.0,31.71,33.05,0.0,0.0,33.05,0.0,0.0,0.0,1327.4,548.1,779.3,0.0,0.0,0.0,0.0,20.5,0.0,0.0,0.0,0.0,0.0,0.0,0.0,465.7,61.9,0.0
2050-12-23 19:00:00,2050-12-23 17:00:00,1690.5,0.0,0.0,15.6,1706.1,1636.3,1645.5,445.3,1339.7,0.0321,0.0442,battery,gas-cc,0.0,0.0,0.0,0.0,0.0,0.0,0.0,0.0,0.0,0.0,0.0,0.0,0.0,0.0,0.0,0.0,0.0,0.0,154.1,2.9,0.29,18.2,1161.7,0.07,154.3,52.8,207.1,372.0,7.0,0.7,43.9,2807.4,0.16,372.4,127.7,500.1,31.71,0.0,0.0,31.71,33.17,0.0,0.0,33.17,0.0,0.0,0.0,2600.5,60.6,2539.9,0.0,0.0,0.0,0.0,0.0,0.0,0.0,0.0,0.0,0.0,0.0,0.0,0.0,60.6,0.0
2050-12-23 20:00:00,2050-12-23 18:00:00,1778.9,0.0,0.0,14.2,1793.2,1720.7,1748.2,445.3,1129.0,0.0327,0.0465,battery,gas-cc,0.0,0.0,0.0,0.0,0.0,0.0,0.0,0.0,0.0,0.0,0.0,0.0,0.0,0.0,0.0,0.0,0.0,0.0,155.2,2.9,0.29,18.3,1169.8,0.07,155.4,53.2,208.6,372.9,7.0,0.7,44.1,2814.2,0.16,373.3,128.0,501.3,31.71,0.0,0.0,31.71,33.25,0.0,0.0,33.25,0.0,0.0,0.0,2476.9,45.0,2431.9,0.0,0.0,0.0,0.0,0.0,0.0,0.0,0.0,0.0,0.0,0.0,0.0,0.0,45.0,0.0
2050-12-23 21:00:00,2050-12-23 19:00:00,1765.3,0.0,0.0,8.8,1774.1,1707.7,1745.2,445.3,290.1,0.0326,0.0462,battery,gas-cc,0.0,0.0,0.0,0.0,0.0,0.0,0.0,0.0,0.0,0.0,0.0,0.0,0.0,0.0,0.0,0.0,0.0,0.0,153.7,2.9,0.29,18.2,1158.6,0.07,153.9,52.7,206.6,372.8,7.0,0.7,44.0,2813.2,0.16,373.2,127.9,501.1,31.71,0.0,0.0,31.71,33.24,0.0,0.0,33.24,0.0,0.0,0.0,1618.9,28.8,1590.0,0.0,0.0,0.0,0.0,0.0,0.0,0.0,0.0,0.0,0.0,0.0,0.0,0.0,28.8,0.0
2050-12-23 22:00:00,2050-12-23 20:00:00,1716.8,0.0,0.0,2.8,1719.7,1661.4,1696.4,111.1,168.1,0.0323,0.0449,battery,gas-cc,0.0,0.0,0.0,0.0,0.0,0.0,0.0,0.0,0.0,0.0,0.0,0.0,0.0,0.0,0.0,0.0,0.0,0.0,156.5,3.0,0.3,18.5,1179.9,0.07,156.7,53.7,210.4,372.3,7.0,0.7,44.0,2809.4,0.16,372.7,127.7,500.4,31.71,0.0,0.0,31.71,33.2,0.0,0.0,33.2,0.0,0.0,0.0,1776.7,23.2,1753.4,0.0,0.0,0.0,0.0,0.0,0.0,0.0,0.0,0.0,0.0,0.0,0.0,0.0,23.2,0.0
2050-12-23 23:00:00,2050-12-23 21:00:00,1654.7,0.0,0.0,10.4,1665.2,1602.1,1644.9,356.6,753.9,0.0318,0.0433,battery,gas-cc,0.0,0.0,0.0,0.0,0.0,0.0,0.0,0.0,0.0,0.0,0.0,0.0,0.0,0.0,0.0,0.0,0.0,0.0,154.5,2.9,0.29,18.2,1164.3,0.07,154.6,53.0,207.6,371.7,7.0,0.7,43.9,2804.7,0.16,372.1,127.5,499.6,31.71,0.0,0.0,31.71,33.14,0.0,0.0,33.14,0.0,0.0,0.0,2062.5,20.3,2042.2,0.0,0.0,0.0,0.0,0.0,0.0,0.0,0.0,0.0,0.0,0.0,0.0,0.0,20.3,0.0
2050-12-24 00:00:00,2050-12-23 22:00:00,1580.0,0.0,0.0,0.0,1580.0,1530.5,1562.0,0.0,0.0,0.0313,0.0413,battery,gas-cc,0.0,0.0,0.0,0.0,0.0,0.0,0.0,0.0,0.0,0.0,0.0,0.0,0.0,0.0,0.0,0.0,0.0,0.0,176.7,3.3,0.33,20.9,1332.5,0.08,176.9,60.6,237.5,369.5,7.0,0.7,43.7,2788.5,0.16,369.9,126.8,496.7,32.29,0.0,0.0,32.29,33.68,0.0,0.0,33.68,0.0,0.0,0.0,1580.0,18.0,1562.0,0.0,0.0,0.0,0.0,0.0,0.0,0.0,0.0,0.0,0.0,0.0,0.0,0.0,18.0,0.0
2050-12-24 01:00:00,2050-12-23 23:00:00,1494.7,0.0,0.0,6.9,1501.6,1448.7,1487.1,445.3,0.0,0.0308,0.0391,battery,gas-cc,0.0,0.0,0.0,0.0,0.0,0.0,0.0,0.0,0.0,0.0,0.0,0.0,0.0,0.0,0.0,0.0,0.0,0.0,175.9,3.3,0.33,20.8,1326.3,0.08,176.1,60.3,236.4,377.1,7.1,0.71,44.6,2846.0,0.16,377.5,129.4,507.0,32.29,0.0,0.0,32.29,33.6,0.0,0.0,33.6,0.0,0.0,0.0,1056.3,14.5,1041.8,0.0,0.0,0.0,0.0,0.0,0.0,0.0,0.0,0.0,0.0,0.0,0.0,0.0,14.5,0.0
2050-12-24 02:00:00,2050-12-24 00:00:00,1378.9,0.0,0.0,6.9,1385.8,1337.2,1372.7,445.3,0.0,0.0303,0.0361,battery,gas-cc,0.0,0.0,0.0,0.0,0.0,0.0,0.0,0.0,0.0,0.0,0.0,0.0,0.0,0.0,0.0,0.0,0.0,0.0,178.6,3.4,0.34,21.1,1346.8,0.08,178.8,61.3,240.1,367.5,6.9,0.69,43.4,2773.3,0.16,367.9,126.1,494.0,32.29,0.0,0.0,32.29,33.5,0.0,0.0,33.5,0.0,0.0,0.0,940.5,13.2,927.4,0.0,0.0,0.0,0.0,0.0,0.0,0.0,0.0,0.0,0.0,0.0,0.0,0.0,13.2,0.0
2050-12-24 03:00:00,2050-12-24 01:00:00,1291.6,0.0,0.0,6.9,1298.5,1252.9,1291.0,445.3,0.0,0.0299,0.0338,battery,gas-cc,0.0,0.0,0.0,0.0,0.0,0.0,0.0,0.0,0.0,0.0,0.0,0.0,0.0,0.0,0.0,0.0,0.0,0.0,196.6,3.7,0.37,23.2,1482.7,0.09,196.8,67.4,264.2,366.6,6.9,0.69,43.3,2766.7,0.16,367.0,125.8,492.8,32.29,0.0,0.0,32.29,33.42,0.0,0.0,33.42,0.0,0.0,0.0,853.2,7.5,845.7,0.0,0.0,0.0,0.0,0.0,0.0,0.0,0.0,0.0,0.0,0.0,0.0,0.0,7.5,0.0
2050-12-24 04:00:00,2050-12-24 02:00:00,1236.8,0.0,0.0,6.9,1243.7,1200.0,1240.3,445.3,0.0,0.0298,0.0323,battery,gas-cc,0.0,0.0,0.0,0.0,0.0,0.0,0.0,0.0,0.0,0.0,0.0,0.0,0.0,0.0,0.0,0.0,0.0,0.0,204.8,3.9,0.39,24.2,1545.3,0.09,205.1,70.3,275.3,374.5,7.1,0.71,44.2,2826.1,0.16,374.9,128.5,503.4,32.29,0.0,0.0,32.29,33.37,0.0,0.0,33.37,0.0,0.0,0.0,798.4,3.4,795.0,0.0,0.0,0.0,0.0,0.0,0.0,0.0,0.0,0.0,0.0,0.0,0.0,0.0,3.4,0.0
2050-12-24 05:00:00,2050-12-24 03:00:00,1206.3,0.0,0.0,6.9,1213.2,1170.4,1210.9,445.3,0.0,0.0297,0.0315,battery,gas-cc,0.0,0.0,0.0,0.0,0.0,0.0,0.0,0.0,0.0,0.0,0.0,0.0,0.0,0.0,0.0,0.0,0.0,0.0,190.4,3.6,0.36,22.5,1435.8,0.08,190.6,65.3,255.9,374.2,7.1,0.71,44.2,2823.8,0.16,374.6,128.4,503.0,32.29,0.0,0.0,32.29,33.34,0.0,0.0,33.34,0.0,0.0,0.0,767.9,2.3,765.6,0.0,0.0,0.0,0.0,0.0,0.0,0.0,0.0,0.0,0.0,0.0,0.0,0.0,2.3,0.0
2050-12-24 06:00:00,2050-12-24 04:00:00,1201.1,0.0,0.0,6.9,1208.0,1165.3,1207.4,445.3,0.0,0.0297,0.0314,battery,gas-cc,0.0,0.0,0.0,0.0,0.0,0.0,0.0,0.0,0.0,0.0,0.0,0.0,0.0,0.0,0.0,0.0,0.0,0.0,155.4,2.9,0.29,18.4,1171.8,0.07,155.6,53.3,208.9,365.7,6.9,0.69,43.2,2760.0,0.16,366.1,125.5,491.6,32.29,0.0,0.0,32.29,33.33,0.0,0.0,33.33,0.0,0.0,0.0,762.6,0.6,762.1,0.0,0.0,0.0,0.0,0.0,0.0,0.0,0.0,0.0,0.0,0.0,0.0,0.0,0.6,0.0
2050-12-24 07:00:00,2050-12-24 05:00:00,1216.8,0.0,0.0,4.4,1221.2,1180.6,1221.1,281.1,0.0,0.0298,0.0318,battery,gas-cc,0.0,0.0,0.0,0.0,0.0,0.0,0.0,0.0,0.0,0.0,0.0,0.0,0.0,0.0,0.0,0.0,0.0,0.0,153.7,2.9,0.29,18.2,1158.7,0.07,153.9,52.7,206.6,367.3,6.9,0.69,43.4,2771.5,0.16,367.7,126.0,493.7,32.29,0.0,0.0,32.29,33.35,0.0,0.0,33.35,0.0,0.0,0.0,940.1,0.1,940.1,0.0,0.0,0.0,0.0,0.0,0.0,0.0,0.0,0.0,0.0,0.0,0.0,0.0,0.1,0.0
2050-12-24 08:00:00,2050-12-24 06:00:00,1283.2,0.0,0.0,6.9,1290.1,1244.8,1290.1,445.3,0.0,0.0299,0.0336,battery,gas-cc,0.0,0.0,0.0,0.0,0.0,0.0,0.0,0.0,0.0,0.0,0.0,0.0,0.0,0.0,0.0,0.0,0.0,0.0,179.0,3.4,0.34,21.1,1349.8,0.08,179.2,61.4,240.6,375.0,7.1,0.71,44.3,2829.7,0.16,375.4,128.7,504.1,32.29,0.0,0.0,32.29,33.41,0.0,0.0,33.41,0.0,0.0,0.0,844.8,0.0,844.8,0.0,0.0,0.0,0.0,0.0,0.0,0.0,0.0,0.0,0.0,0.0,0.0,0.0,0.0,0.0
2050-12-24 09:00:00,2050-12-24 07:00:00,1337.9,0.0,0.0,7.0,1344.9,1297.6,-75.9,293.8,369.7,0.0301,0.035,battery,gas-cc,0.0,0.0,0.0,0.0,0.0,0.0,0.0,0.0,0.0,0.0,0.0,0.0,0.0,0.0,0.0,0.0,0.0,0.0,143.3,2.7,0.27,16.9,1080.4,0.06,143.5,49.1,192.6,359.4,6.8,0.68,42.5,2712.1,0.16,359.8,123.3,483.1,28.9,0.0,0.0,28.9,29.95,0.0,0.0,29.95,0.0,0.0,0.0,1420.7,1420.7,0.0,0.0,0.0,0.0,0.0,60.0,0.0,0.0,0.0,0.0,0.0,0.0,0.0,1360.3,0.5,0.0
2050-12-24 10:00:00,2050-12-24 08:00:00,1448.4,3823.6,0.0,10.7,5282.7,1404.1,-1640.0,0.0,1640.0,0.0306,0.0379,battery,hydro,0.0,0.0,0.0,0.0,0.0,0.0,0.0,0.0,0.0,0.0,0.0,0.0,0.0,0.0,0.0,0.0,0.0,0.0,144.9,2.7,0.27,17.1,1092.6,0.06,145.1,49.7,194.8,0.0,0.0,0.0,0.0,0.0,0.0,0.0,0.0,0.0,1.59,0.0,0.0,1.59,1.65,0.0,0.0,1.65,0.0,0.0,0.0,6922.6,6922.6,0.0,0.0,0.0,0.0,0.0,292.1,0.0,0.0,0.0,0.0,0.0,0.0,0.0,6630.3,0.3,0.0
2050-12-24 11:00:00,2050-12-24 09:00:00,1482.1,3957.5,0.0,26.7,5466.4,1436.5,-2677.3,0.0,2677.3,0.0308,0.0388,battery,hydro,0.0,0.0,0.0,0.0,0.0,0.0,0.0,0.0,0.0,0.0,0.0,0.0,0.0,0.0,0.0,0.0,0.0,0.0,139.8,2.6,0.26,16.5,1053.8,0.06,139.9,47.9,187.9,0.0,0.0,0.0,0.0,0.0,0.0,0.0,0.0,0.0,1.59,0.0,0.0,1.59,1.65,0.0,0.0,1.65,0.0,0.0,0.0,8143.7,8143.7,0.0,0.0,0.0,0.0,0.0,343.7,0.0,0.0,0.0,0.0,0.0,0.0,0.0,7799.9,0.0,0.0
2050-12-24 12:00:00,2050-12-24 10:00:00,1478.9,3448.7,0.0,28.9,4956.5,1433.5,-2816.0,0.0,2816.0,0.0307,0.0387,battery,hydro,0.0,0.0,0.0,0.0,0.0,0.0,0.0,0.0,0.0,0.0,0.0,0.0,0.0,0.0,0.0,0.0,0.0,0.0,139.8,2.6,0.26,16.5,1053.8,0.06,139.9,47.9,187.9,0.0,0.0,0.0,0.0,0.0,0.0,0.0,0.0,0.0,1.59,0.0,0.0,1.59,1.65,0.0,0.0,1.65,0.0,0.0,0.0,7772.5,7772.5,0.0,0.0,0.0,0.0,0.0,328.0,0.0,0.0,0.0,0.0,0.0,0.0,0.0,7444.5,0.0,0.0
2050-12-24 13:00:00,2050-12-24 11:00:00,1451.6,3017.3,0.0,28.9,4497.8,1407.2,-2816.0,0.0,2816.0,0.0306,0.038,battery,hydro,0.0,0.0,0.0,0.0,0.0,0.0,0.0,0.0,0.0,0.0,0.0,0.0,0.0,0.0,0.0,0.0,0.0,0.0,155.5,2.9,0.29,18.4,1172.6,0.07,155.7,53.3,209.0,0.0,0.0,0.0,0.0,0.0,0.0,0.0,0.0,0.0,1.59,0.0,0.0,1.59,1.65,0.0,0.0,1.65,0.0,0.0,0.0,7313.8,7313.8,0.0,0.0,0.0,0.0,0.0,308.7,0.0,0.0,0.0,0.0,0.0,0.0,0.0,7005.1,0.0,0.0
2050-12-24 14:00:00,2050-12-24 12:00:00,1471.6,3044.6,0.0,28.9,4545.0,1426.4,-2816.0,0.0,2816.0,0.0307,0.0385,battery,hydro,0.0,0.0,0.0,0.0,0.0,0.0,0.0,0.0,0.0,0.0,0.0,0.0,0.0,0.0,0.0,0.0,0.0,0.0,139.8,2.6,0.26,16.5,1053.7,0.06,139.9,47.9,187.9,0.0,0.0,0.0,0.0,0.0,0.0,0.0,0.0,0.0,1.59,0.0,0.0,1.59,1.65,0.0,0.0,1.65,0.0,0.0,0.0,7361.0,7361.0,0.0,0.0,0.0,0.0,0.0,310.7,0.0,0.0,0.0,0.0,0.0,0.0,0.0,7050.3,0.0,0.0
2050-12-24 15:00:00,2050-12-24 13:00:00,1474.7,3556.3,0.0,28.9,5059.9,1429.4,-2814.0,0.0,2814.0,0.0307,0.0386,battery,hydro,0.0,0.0,0.0,0.0,0.0,0.0,0.0,0.0,0.0,0.0,0.0,0.0,0.0,0.0,0.0,0.0,0.0,0.0,139.8,2.6,0.26,16.5,1053.7,0.06,139.9,47.9,187.9,0.0,0.0,0.0,0.0,0.0,0.0,0.0,0.0,0.0,1.59,0.0,0.0,1.59,1.65,0.0,0.0,1.65,0.0,0.0,0.0,7873.9,7873.9,0.0,0.0,0.0,0.0,0.0,332.4,0.0,0.0,0.0,0.0,0.0,0.0,0.0,7541.4,0.1,0.0
2050-12-24 16:00:00,2050-12-24 14:00:00,1474.7,3845.2,0.0,28.9,5348.8,1429.4,-2816.0,0.0,2816.0,0.0307,0.0386,battery,hydro,0.0,0.0,0.0,0.0,0.0,0.0,0.0,0.0,0.0,0.0,0.0,0.0,0.0,0.0,0.0,0.0,0.0,0.0,139.8,2.6,0.26,16.5,1053.7,0.06,139.9,47.9,187.9,0.0,0.0,0.0,0.0,0.0,0.0,0.0,0.0,0.0,1.59,0.0,0.0,1.59,1.65,0.0,0.0,1.65,0.0,0.0,0.0,8164.8,8164.8,0.0,0.0,0.0,0.0,0.0,344.5,0.0,0.0,0.0,0.0,0.0,0.0,0.0,7819.3,1.0,0.0
2050-12-24 17:00:00,2050-12-24 15:00:00,1489.5,2431.9,0.0,4.0,3925.4,1443.6,-620.5,0.0,620.5,0.0308,0.039,gas-cc,gas-cc,0.0,0.0,0.0,0.0,0.0,0.0,0.0,0.0,0.0,0.0,0.0,0.0,0.0,0.0,0.0,0.0,0.0,0.0,169.1,3.2,0.32,20.0,1275.6,0.07,169.3,58.0,227.3,366.0,6.9,0.69,43.2,2762.2,0.16,366.4,125.6,492.0,26.22,0.0,0.0,26.22,27.28,0.0,0.0,27.28,0.0,0.0,0.0,4545.9,4545.9,0.0,0.0,0.0,0.0,0.0,191.8,0.0,0.0,0.0,0.0,0.0,0.0,0.0,4352.3,1.7,0.0
2050-12-24 18:00:00,2050-12-24 16:00:00,1544.2,0.0,0.0,10.7,1554.9,1496.2,1004.6,0.0,1640.0,0.0311,0.0404,battery,gas-cc,121.7,2.3,0.23,14.4,918.2,0.05,121.8,41.8,163.6,125.6,2.4,0.24,14.8,947.7,0.05,125.7,43.1,168.8,164.8,3.1,0.31,19.5,1242.1,0.07,164.9,56.5,221.4,377.7,7.1,0.71,44.6,2849.8,0.16,378.1,129.6,507.6,33.55,0.0,0.0,33.55,34.96,0.0,0.0,34.96,0.0,0.0,0.0,3194.8,550.2,1571.9,0.0,0.0,0.0,0.0,23.1,1072.7,0.0,0.0,0.0,0.0,0.0,0.0,524.2,2.9,0.0
2050-12-24 19:00:00,2050-12-24 17:00:00,1670.5,0.0,0.0,10.7,1681.2,1617.2,1678.7,0.0,1640.0,0.0319,0.0437,battery,gas-cc,117.1,2.2,0.22,13.8,883.3,0.05,117.2,40.2,157.3,120.9,2.3,0.23,14.3,912.5,0.05,121.0,41.5,162.5,218.8,4.1,0.41,25.8,1650.3,0.1,219.0,75.1,294.1,379.0,7.1,0.71,44.8,2859.7,0.16,379.4,130.0,509.4,33.55,0.0,0.0,33.55,35.08,0.0,0.0,35.08,0.0,0.0,0.0,3321.2,2.5,2245.9,0.0,0.0,0.0,0.0,0.0,1072.7,0.0,0.0,0.0,0.0,0.0,0.0,0.0,2.5,0.0
2050-12-24 20:00:00,2050-12-24 18:00:00,1760.0,0.0,0.0,10.7,1770.7,1702.6,1769.4,0.0,1640.0,0.0326,0.046,battery,gas-cc,114.0,2.1,0.21,13.5,860.2,0.05,114.1,39.1,153.2,117.8,2.2,0.22,13.9,889.1,0.05,118.0,40.4,158.4,200.3,3.8,0.38,23.7,1510.4,0.09,200.5,68.7,269.2,379.9,7.2,0.72,44.9,2866.7,0.16,380.3,130.3,510.6,33.55,0.0,0.0,33.55,35.17,0.0,0.0,35.17,0.0,0.0,0.0,3410.6,1.3,2336.6,0.0,0.0,0.0,0.0,0.0,1072.7,0.0,0.0,0.0,0.0,0.0,0.0,0.0,1.3,0.0
2050-12-24 21:00:00,2050-12-24 19:00:00,1768.4,0.0,0.0,10.7,1779.1,1710.7,1777.5,0.0,1640.0,0.0327,0.0462,battery,gas-cc,113.7,2.1,0.21,13.4,858.0,0.05,113.8,39.0,152.8,117.5,2.2,0.22,13.9,887.0,0.05,117.7,40.3,158.0,157.8,3.0,0.3,18.6,1189.3,0.07,157.9,54.1,212.0,380.0,7.2,0.72,44.9,2867.3,0.16,380.4,130.4,510.8,33.55,0.0,0.0,33.55,35.18,0.0,0.0,35.18,0.0,0.0,0.0,3419.0,1.5,2344.8,0.0,0.0,0.0,0.0,0.0,1072.7,0.0,0.0,0.0,0.0,0.0,0.0,0.0,1.5,0.0
2050-12-24 22:00:00,2050-12-24 20:00:00,1711.6,0.0,0.0,10.7,1722.2,1656.4,1718.4,0.0,1640.0,0.0322,0.0448,battery,gas-cc,115.6,2.2,0.22,13.7,872.5,0.05,115.8,39.7,155.4,119.5,2.3,0.23,14.1,901.6,0.05,119.6,41.0,160.6,151.9,2.9,0.29,17.9,1144.7,0.07,152.0,52.1,204.1,379.4,7.2,0.72,44.8,2862.9,0.16,379.8,130.2,510.0,33.55,0.0,0.0,33.55,35.12,0.0,0.0,35.12,0.0,0.0,0.0,3362.2,3.8,2285.6,0.0,0.0,0.0,0.0,0.0,1072.7,0.0,0.0,0.0,0.0,0.0,0.0,0.0,3.8,0.0
2050-12-24 23:00:00,2050-12-24 21:00:00,1654.7,0.0,0.0,9.7,1664.5,1602.1,1657.9,0.0,1497.8,0.0318,0.0433,battery,gas-cc,122.9,2.3,0.23,14.5,927.7,0.05,123.1,42.2,165.3,127.0,2.4,0.24,15.0,958.2,0.06,127.1,43.6,170.7,205.6,3.9,0.39,24.3,1550.7,0.09,205.8,70.5,276.3,378.8,7.1,0.71,44.7,2858.4,0.16,379.2,130.0,509.2,33.55,0.0,0.0,33.55,35.07,0.0,0.0,35.07,0.0,0.0,0.0,3162.2,6.6,2082.9,0.0,0.0,0.0,0.0,0.0,1072.7,0.0,0.0,0.0,0.0,0.0,0.0,0.0,6.6,0.0
2050-12-25 00:00:00,2050-12-24 22:00:00,1574.7,0.0,0.0,0.9,1575.7,1525.5,1565.0,59.1,0.0,0.0313,0.0412,battery,gas-cc,0.0,0.0,0.0,0.0,0.0,0.0,0.0,0.0,0.0,0.0,0.0,0.0,0.0,0.0,0.0,0.0,0.0,0.0,185.4,3.5,0.35,21.9,1397.9,0.08,185.6,63.6,249.1,378.0,7.1,0.71,44.6,2852.2,0.16,378.4,129.7,508.1,33.19,0.0,0.0,33.19,34.61,0.0,0.0,34.61,0.0,0.0,0.0,1516.6,10.7,1505.9,0.0,0.0,0.0,0.0,0.0,0.0,0.0,0.0,0.0,0.0,0.0,0.0,0.0,10.7,0.0
2050-12-25 01:00:00,2050-12-24 23:00:00,1497.9,0.0,0.0,2.1,1500.0,1451.7,1480.9,134.5,0.0,0.0308,0.0392,battery,gas-cc,0.0,0.0,0.0,0.0,0.0,0.0,0.0,0.0,0.0,0.0,0.0,0.0,0.0,0.0,0.0,0.0,0.0,0.0,171.4,3.2,0.32,20.2,1292.0,0.07,171.5,58.8,230.3,377.2,7.1,0.71,44.6,2846.2,0.16,377.6,129.4,507.0,33.19,0.0,0.0,33.19,34.54,0.0,0.0,34.54,0.0,0.0,0.0,1365.5,19.0,1346.4,0.0,0.0,0.0,0.0,0.0,0.0,0.0,0.0,0.0,0.0,0.0,0.0,0.0,19.0,0.0
2050-12-25 02:00:00,2050-12-25 00:00:00,1361.1,0.0,0.0,0.0,1361.1,1320.0,1332.5,0.0,0.0,0.0302,0.0356,battery,gas-cc,0.0,0.0,0.0,0.0,0.0,0.0,0.0,0.0,0.0,0.0,0.0,0.0,0.0,0.0,0.0,0.0,0.0,0.0,171.1,3.2,0.32,20.2,1290.3,0.07,171.3,58.7,230.0,375.8,7.1,0.71,44.4,2835.7,0.16,376.2,128.9,505.1,33.19,0.0,0.0,33.19,34.41,0.0,0.0,34.41,0.0,0.0,0.0,1361.1,28.5,1332.5,0.0,0.0,0.0,0.0,0.0,0.0,0.0,0.0,0.0,0.0,0.0,0.0,0.0,28.5,0.0
2050-12-25 03:00:00,2050-12-25 01:00:00,1288.4,0.0,0.0,6.3,1294.8,1249.9,1262.2,408.8,0.0,0.0299,0.0337,battery,gas-cc,0.0,0.0,0.0,0.0,0.0,0.0,0.0,0.0,0.0,0.0,0.0,0.0,0.0,0.0,0.0,0.0,0.0,0.0,170.5,3.2,0.32,20.1,1285.3,0.07,170.7,58.5,229.1,375.0,7.1,0.71,44.3,2830.1,0.16,375.4,128.7,504.1,33.19,0.0,0.0,33.19,34.35,0.0,0.0,34.35,0.0,0.0,0.0,885.9,32.5,853.4,0.0,0.0,0.0,0.0,0.0,0.0,0.0,0.0,0.0,0.0,0.0,0.0,0.0,32.5,0.0
2050-12-25 04:00:00,2050-12-25 02:00:00,1242.1,0.0,0.0,6.9,1249.0,1205.1,1222.1,442.8,0.0,0.0298,0.0325,battery,gas-cc,0.0,0.0,0.0,0.0,0.0,0.0,0.0,0.0,0.0,0.0,0.0,0.0,0.0,0.0,0.0,0.0,0.0,0.0,178.4,3.4,0.34,21.1,1345.2,0.08,178.6,61.2,239.8,374.6,7.1,0.71,44.2,2826.5,0.16,375.0,128.5,503.5,33.19,0.0,0.0,33.19,34.3,0.0,0.0,34.3,0.0,0.0,0.0,806.2,26.9,779.3,0.0,0.0,0.0,0.0,0.0,0.0,0.0,0.0,0.0,0.0,0.0,0.0,0.0,26.9,0.0
2050-12-25 05:00:00,2050-12-25 03:00:00,1208.4,0.0,0.0,4.8,1213.3,1172.5,1193.3,312.8,0.0,0.0298,0.0316,battery,gas-cc,0.0,0.0,0.0,0.0,0.0,0.0,0.0,0.0,0.0,0.0,0.0,0.0,0.0,0.0,0.0,0.0,0.0,0.0,184.5,3.5,0.35,21.8,1391.8,0.08,184.7,63.3,248.0,374.2,7.1,0.71,44.2,2824.0,0.16,374.6,128.4,503.0,33.19,0.0,0.0,33.19,34.27,0.0,0.0,34.27,0.0,0.0,0.0,900.5,19.9,880.5,0.0,0.0,0.0,0.0,0.0,0.0,0.0,0.0,0.0,0.0,0.0,0.0,0.0,19.9,0.0
2050-12-25 06:00:00,2050-12-25 04:00:00,1198.9,0.0,0.0,6.4,1205.3,1163.3,1190.7,411.4,0.0,0.0297,0.0314,battery,gas-cc,0.0,0.0,0.0,0.0,0.0,0.0,0.0,0.0,0.0,0.0,0.0,0.0,0.0,0.0,0.0,0.0,0.0,0.0,159.7,3.0,0.3,18.9,1204.4,0.07,159.9,54.8,214.7,374.1,7.1,0.71,44.2,2823.3,0.16,374.5,128.4,502.9,33.19,0.0,0.0,33.19,34.26,0.0,0.0,34.26,0.0,0.0,0.0,793.9,14.6,779.3,0.0,0.0,0.0,0.0,0.0,0.0,0.0,0.0,0.0,0.0,0.0,0.0,0.0,14.6,0.0
2050-12-25 07:00:00,2050-12-25 05:00:00,1242.1,0.0,0.0,6.9,1249.0,1205.1,1237.0,445.3,0.0,0.0298,0.0325,battery,gas-cc,0.0,0.0,0.0,0.0,0.0,0.0,0.0,0.0,0.0,0.0,0.0,0.0,0.0,0.0,0.0,0.0,0.0,0.0,185.2,3.5,0.35,21.9,1396.8,0.08,185.4,63.5,248.9,374.6,7.1,0.71,44.2,2826.5,0.16,375.0,128.5,503.5,33.19,0.0,0.0,33.19,34.3,0.0,0.0,34.3,0.0,0.0,0.0,803.7,12.0,791.7,0.0,0.0,0.0,0.0,0.0,0.0,0.0,0.0,0.0,0.0,0.0,0.0,0.0,12.0,0.0
2050-12-25 08:00:00,2050-12-25 06:00:00,1357.9,0.0,0.0,6.9,1364.8,1316.9,1353.2,445.3,0.0,0.0302,0.0355,battery,gas-cc,0.0,0.0,0.0,0.0,0.0,0.0,0.0,0.0,0.0,0.0,0.0,0.0,0.0,0.0,0.0,0.0,0.0,0.0,214.4,4.1,0.41,25.3,1615.6,0.09,214.7,73.5,288.2,375.7,7.1,0.71,44.4,2835.4,0.16,376.1,128.9,505.1,33.19,0.0,0.0,33.19,34.41,0.0,0.0,34.41,0.0,0.0,0.0,919.5,11.6,907.9,0.0,0.0,0.0,0.0,0.0,0.0,0.0,0.0,0.0,0.0,0.0,0.0,0.0,11.6,0.0
2050-12-25 09:00:00,2050-12-25 07:00:00,1484.2,0.0,0.0,6.9,1491.1,1438.5,1147.9,445.3,0.0,0.0308,0.0388,battery,gas-cc,0.0,0.0,0.0,0.0,0.0,0.0,0.0,0.0,0.0,0.0,0.0,0.0,0.0,0.0,0.0,0.0,0.0,0.0,157.5,3.0,0.3,18.6,1187.3,0.07,157.7,54.0,211.7,377.0,7.1,0.71,44.5,2845.2,0.16,377.4,129.4,506.8,33.19,0.0,0.0,33.19,34.53,0.0,0.0,34.53,0.0,0.0,0.0,1045.8,343.2,702.6,0.0,0.0,0.0,0.0,14.0,0.0,0.0,0.0,0.0,0.0,0.0,0.0,317.7,11.5,0.0
2050-12-25 10:00:00,2050-12-25 08:00:00,1667.4,2068.3,0.0,12.1,3747.8,1614.2,1243.2,1243.2,0.0,0.0319,0.0436,battery,gas-cc,0.0,0.0,0.0,0.0,0.0,0.0,0.0,0.0,0.0,0.0,0.0,0.0,0.4,1.0,0.01,0.0,0.5,0.5,147.0,2.8,0.28,17.4,1107.9,0.06,147.1,50.4,197.5,328.9,6.2,0.62,38.9,2482.1,0.14,329.3,112.9,442.1,28.18,0.0,0.0,28.18,29.46,0.0,0.0,29.46,0.0,0.0,0.0,2504.6,2504.6,0.0,0.0,0.0,0.0,0.0,105.3,0.0,0.0,0.0,0.0,0.0,0.0,0.0,2389.4,9.9,0.0
2050-12-25 11:00:00,2050-12-25 09:00:00,1693.7,2431.9,0.0,8.6,4134.2,1639.3,-1319.6,0.0,1319.6,0.0321,0.0443,battery,gas-cc,0.0,0.0,0.0,0.0,0.0,0.0,0.0,0.0,0.0,0.0,0.0,0.0,0.0,0.0,0.0,0.0,0.0,0.0,140.0,2.6,0.26,16.5,1055.3,0.06,140.1,48.0,188.1,330.4,6.2,0.62,39.0,2493.2,0.14,330.7,113.4,444.1,25.24,0.0,0.0,25.24,26.41,0.0,0.0,26.41,0.0,0.0,0.0,5453.8,5453.8,0.0,0.0,0.0,0.0,0.0,229.7,0.0,0.0,0.0,0.0,0.0,0.0,0.0,5211.8,12.3,0.0
2050-12-25 12:00:00,2050-12-25 10:00:00,1615.8,3986.6,0.0,13.7,5616.1,1564.8,-1836.1,0.0,1836.1,0.0316,0.0423,battery,gas-cc,0.0,0.0,0.0,0.0,0.0,0.0,0.0,0.0,0.0,0.0,0.0,0.0,0.0,0.0,0.0,0.0,0.0,0.0,140.5,2.7,0.27,16.6,1059.3,0.06,140.7,48.2,188.8,358.8,6.8,0.68,42.4,2707.5,0.16,359.2,123.1,482.3,23.5,0.0,0.0,23.5,24.54,0.0,0.0,24.54,0.0,0.0,0.0,7452.2,7452.2,0.0,0.0,0.0,0.0,0.0,313.3,0.0,0.0,0.0,0.0,0.0,0.0,0.0,7108.5,30.5,0.0
2050-12-25 13:00:00,2050-12-25 11:00:00,1528.4,3502.0,0.0,24.1,5054.5,1481.0,-2504.5,0.0,2504.5,0.031,0.04,battery,gas-cc,0.0,0.0,0.0,0.0,0.0,0.0,0.0,0.0,0.0,0.0,0.0,0.0,0.0,0.0,0.0,0.0,0.0,0.0,140.5,2.7,0.27,16.6,1059.5,0.06,140.7,48.2,188.9,357.9,6.7,0.67,42.3,2701.0,0.16,358.3,122.8,481.1,23.5,0.0,0.0,23.5,24.48,0.0,0.0,24.48,0.0,0.0,0.0,7559.0,7559.0,0.0,0.0,0.0,0.0,0.0,316.7,0.0,0.0,0.0,0.0,0.0,0.0,0.0,7186.0,56.3,0.0
2050-12-25 14:00:00,2050-12-25 12:00:00,1469.5,3791.8,0.0,22.0,5283.2,1424.4,-2368.6,0.0,2368.6,0.0307,0.0384,battery,gas-cc,0.0,0.0,0.0,0.0,0.0,0.0,0.0,0.0,0.0,0.0,0.0,0.0,0.0,0.0,0.0,0.0,0.0,0.0,152.3,2.9,0.29,18.0,1148.2,0.07,152.5,52.2,204.7,357.4,6.7,0.67,42.2,2696.7,0.15,357.7,122.6,480.4,23.5,0.0,0.0,23.5,24.44,0.0,0.0,24.44,0.0,0.0,0.0,7651.8,7651.8,0.0,0.0,0.0,0.0,0.0,318.7,0.0,0.0,0.0,0.0,0.0,0.0,0.0,7231.2,101.9,0.0
2050-12-25 15:00:00,2050-12-25 13:00:00,1451.6,4019.6,0.0,26.1,5497.3,1407.2,-2636.7,0.0,2636.7,0.0306,0.038,battery,gas-cc,0.0,0.0,0.0,0.0,0.0,0.0,0.0,0.0,0.0,0.0,0.0,0.0,0.0,0.0,0.0,0.0,0.0,0.0,139.9,2.6,0.26,16.5,1054.8,0.06,140.1,48.0,188.1,357.2,6.7,0.67,42.2,2695.4,0.15,357.6,122.6,480.1,23.5,0.0,0.0,23.5,24.43,0.0,0.0,24.43,0.0,0.0,0.0,8133.9,8133.9,0.0,0.0,0.0,0.0,0.0,338.3,0.0,0.0,0.0,0.0,0.0,0.0,0.0,7677.1,118.5,0.0
2050-12-25 16:00:00,2050-12-25 14:00:00,1428.4,4019.6,0.0,28.9,5476.9,1384.9,-2816.0,0.0,2816.0,0.0305,0.0374,upv,upv,0.0,0.0,0.0,0.0,0.0,0.0,0.0,0.0,0.0,0.0,0.0,0.0,0.0,0.0,0.0,0.0,0.0,0.0,145.6,2.7,0.28,17.2,1098.0,0.06,145.8,49.9,195.7,0.0,0.0,0.0,0.0,0.0,0.0,0.0,0.0,0.0,0.0,0.0,0.0,0.0,0.0,0.0,0.0,0.0,0.0,166.5,166.5,8292.9,8292.9,0.0,0.0,0.0,0.0,0.0,351.7,0.0,0.0,0.0,0.0,0.0,0.0,0.0,7814.3,126.9,0.0
2050-12-25 17:00:00,2050-12-25 15:00:00,1458.9,2941.7,0.0,24.9,4425.6,1414.3,-2560.0,0.0,2560.0,0.0306,0.0382,battery,gas-cc,0.0,0.0,0.0,0.0,0.0,0.0,0.0,0.0,0.0,0.0,0.0,0.0,0.0,0.0,0.0,0.0,0.0,0.0,141.2,2.7,0.27,16.7,1064.5,0.06,141.3,48.4,189.8,409.6,7.7,0.77,48.4,3090.9,0.18,410.0,140.5,550.6,23.5,0.0,0.0,23.5,24.44,0.0,0.0,24.44,0.0,0.0,0.0,6985.6,6985.6,0.0,0.0,0.0,0.0,0.0,288.4,0.0,0.0,0.0,0.0,0.0,0.0,0.0,6543.0,154.2,0.0
2050-12-25 18:00:00,2050-12-25 16:00:00,1541.1,0.0,0.0,0.3,1541.4,1493.1,-53.4,0.0,53.4,0.0311,0.0403,hydro,gas-cc,0.0,0.0,0.0,0.0,0.0,0.0,0.0,0.0,0.0,0.0,0.0,0.0,0.0,0.0,0.0,0.0,0.0,0.0,141.1,2.7,0.27,16.7,1063.5,0.06,141.2,48.4,189.6,384.3,7.2,0.72,45.4,2899.6,0.17,384.7,131.8,516.5,32.51,0.0,0.0,32.51,33.88,0.0,0.0,33.88,0.0,0.0,0.0,1594.8,1594.8,0.0,0.0,0.0,0.0,0.0,60.1,0.0,0.0,0.0,0.0,0.0,0.0,0.0,1364.3,170.3,0.0
2050-12-25 19:00:00,2050-12-25 17:00:00,1701.1,0.0,0.0,17.6,1718.6,1646.4,1550.3,445.3,1640.0,0.0322,0.0445,battery,gas-cc,133.4,2.5,0.25,15.8,1007.0,0.06,133.6,45.8,179.4,120.0,2.3,0.23,14.2,905.2,0.05,120.1,41.2,161.2,154.7,2.9,0.29,18.3,1166.5,0.07,154.9,53.1,208.0,432.2,8.1,0.81,51.1,3261.7,0.19,432.7,148.3,581.0,39.28,0.0,0.0,39.28,41.11,0.0,0.0,41.11,0.0,0.0,0.0,2913.3,168.3,1672.2,0.0,0.0,0.0,0.0,0.0,1072.7,0.0,0.0,0.0,0.0,0.0,0.0,0.0,168.3,0.0
2050-12-25 20:00:00,2050-12-25 18:00:00,1829.5,0.0,0.0,17.6,1847.0,1768.9,1681.5,445.3,1640.0,0.0331,0.0478,battery,gas-cc,127.8,2.4,0.24,15.1,964.5,0.06,127.9,43.9,171.8,115.4,2.2,0.22,13.6,871.0,0.05,115.5,39.6,155.2,156.0,2.9,0.3,18.4,1175.7,0.07,156.1,53.5,209.6,433.8,8.2,0.82,51.2,3273.2,0.19,434.2,148.8,583.1,39.28,0.0,0.0,39.28,41.25,0.0,0.0,41.25,0.0,0.0,0.0,3041.7,165.6,1803.4,0.0,0.0,0.0,0.0,0.0,1072.7,0.0,0.0,0.0,0.0,0.0,0.0,0.0,165.6,0.0
2050-12-25 21:00:00,2050-12-25 19:00:00,1806.3,0.0,0.0,17.6,1823.9,1746.8,1635.1,445.3,1640.0,0.033,0.0472,battery,gas-cc,128.8,2.4,0.24,15.2,971.9,0.06,128.9,44.2,173.1,116.5,2.2,0.22,13.8,878.8,0.05,116.6,40.0,156.5,156.5,3.0,0.3,18.5,1179.5,0.07,156.6,53.7,210.3,433.5,8.2,0.82,51.2,3271.1,0.19,434.0,148.7,582.7,39.28,0.0,0.0,39.28,41.22,0.0,0.0,41.22,0.0,0.0,0.0,3018.5,188.8,1757.0,0.0,0.0,0.0,0.0,0.0,1072.7,0.0,0.0,0.0,0.0,0.0,0.0,0.0,188.8,0.0
2050-12-25 22:00:00,2050-12-25 20:00:00,1722.1,0.0,0.0,17.6,1739.7,1666.5,1545.8,445.3,1640.0,0.0323,0.045,battery,gas-cc,132.5,2.5,0.25,15.7,999.8,0.06,132.6,45.5,178.1,118.9,2.2,0.22,14.0,897.0,0.05,119.0,40.8,159.8,155.5,2.9,0.29,18.4,1172.0,0.07,155.6,53.3,209.0,432.5,8.2,0.82,51.1,3263.6,0.19,432.9,148.4,581.3,39.28,0.0,0.0,39.28,41.13,0.0,0.0,41.13,0.0,0.0,0.0,2934.3,193.8,1667.7,0.0,0.0,0.0,0.0,0.0,1072.7,0.0,0.0,0.0,0.0,0.0,0.0,0.0,193.8,0.0
2050-12-25 23:00:00,2050-12-25 21:00:00,1660.0,0.0,0.0,17.6,1677.6,1607.1,1470.6,445.3,1640.0,0.0319,0.0434,battery,gas-cc,135.4,2.6,0.26,16.0,1021.4,0.06,135.5,46.4,181.9,121.2,2.3,0.23,14.3,914.4,0.05,121.3,41.6,162.9,151.0,2.9,0.29,17.8,1138.3,0.07,151.2,51.8,202.9,426.6,8.0,0.8,50.4,3219.4,0.18,427.1,146.4,573.5,39.28,0.0,0.0,39.28,41.06,0.0,0.0,41.06,0.0,0.0,0.0,2872.2,207.0,1592.5,0.0,0.0,0.0,0.0,0.0,1072.7,0.0,0.0,0.0,0.0,0.0,0.0,0.0,207.0,0.0
2050-12-26 00:00:00,2050-12-25 22:00:00,1582.1,0.0,0.0,17.6,1599.7,1532.5,1384.2,445.3,1640.0,0.0313,0.0414,battery,gas-cc,139.1,2.6,0.26,16.4,1049.9,0.06,139.3,47.7,187.0,123.9,2.3,0.23,14.6,934.9,0.05,124.0,42.5,166.5,225.8,4.3,0.43,26.7,1703.2,0.1,226.0,77.5,303.5,378.0,7.1,0.71,44.7,2852.8,0.16,378.4,129.7,508.2,34.24,0.0,0.0,34.24,35.72,0.0,0.0,35.72,0.0,0.0,0.0,2794.3,215.4,1506.1,0.0,0.0,0.0,0.0,0.0,1072.7,0.0,0.0,0.0,0.0,0.0,0.0,0.0,215.4,0.0
2050-12-26 01:00:00,2050-12-25 23:00:00,1500.0,0.0,0.0,17.6,1517.6,1453.7,1287.5,445.3,1640.0,0.0309,0.0392,battery,gas-cc,143.3,2.7,0.27,16.9,1081.6,0.06,143.5,49.2,192.7,127.0,2.4,0.24,15.0,958.7,0.06,127.2,43.6,170.8,187.8,3.5,0.35,22.2,1416.2,0.08,188.0,64.4,252.4,377.2,7.1,0.71,44.6,2846.4,0.16,377.6,129.4,507.0,34.24,0.0,0.0,34.24,35.64,0.0,0.0,35.64,0.0,0.0,0.0,2712.2,230.1,1409.4,0.0,0.0,0.0,0.0,0.0,1072.7,0.0,0.0,0.0,0.0,0.0,0.0,0.0,230.1,0.0
2050-12-26 02:00:00,2050-12-26 00:00:00,1376.8,0.0,0.0,17.6,1394.4,1335.2,1176.1,445.3,1640.0,0.0302,0.036,battery,gas-cc,150.2,2.8,0.28,17.7,1133.1,0.07,150.3,51.5,201.8,132.1,2.5,0.25,15.6,997.0,0.06,132.3,45.3,177.6,203.2,3.9,0.4,24.0,1518.0,0.09,203.4,69.3,272.7,375.9,7.1,0.71,44.4,2836.9,0.16,376.3,129.0,505.3,34.24,0.0,0.0,34.24,35.52,0.0,0.0,35.52,0.0,0.0,0.0,2589.1,218.3,1298.0,0.0,0.0,0.0,0.0,0.0,1072.7,0.0,0.0,0.0,0.0,0.0,0.0,0.0,218.3,0.0
2050-12-26 03:00:00,2050-12-26 01:00:00,1288.4,0.0,0.0,17.6,1306.0,1249.9,1091.5,445.3,1640.0,0.0299,0.0337,battery,gas-cc,155.5,2.9,0.29,18.4,1173.2,0.07,155.6,53.3,209.0,136.0,2.6,0.26,16.1,1026.6,0.06,136.2,46.7,182.9,175.3,3.3,0.33,20.7,1322.1,0.08,175.5,60.1,235.6,375.0,7.1,0.71,44.3,2830.1,0.16,375.4,128.7,504.1,34.24,0.0,0.0,34.24,35.44,0.0,0.0,35.44,0.0,0.0,0.0,2500.6,214.5,1213.4,0.0,0.0,0.0,0.0,0.0,1072.7,0.0,0.0,0.0,0.0,0.0,0.0,0.0,214.5,0.0
2050-12-26 04:00:00,2050-12-26 02:00:00,1229.5,0.0,0.0,17.6,1247.0,1192.8,1028.0,445.3,1640.0,0.0298,0.0322,battery,gas-cc,159.2,3.0,0.3,18.8,1201.5,0.07,159.4,54.6,214.0,138.8,2.6,0.26,16.4,1047.4,0.06,138.9,47.6,186.6,151.8,2.9,0.29,17.9,1144.3,0.07,152.0,52.1,204.0,374.4,7.1,0.71,44.2,2825.6,0.16,374.8,128.5,503.3,34.24,0.0,0.0,34.24,35.38,0.0,0.0,35.38,0.0,0.0,0.0,2441.7,219.0,1150.0,0.0,0.0,0.0,0.0,0.0,1072.7,0.0,0.0,0.0,0.0,0.0,0.0,0.0,219.0,0.0
2050-12-26 05:00:00,2050-12-26 03:00:00,1195.8,0.0,0.0,12.7,1208.4,1160.2,1001.6,445.3,884.8,0.0297,0.0313,battery,gas-cc,235.9,4.4,0.44,27.9,1780.2,0.1,236.2,80.9,317.1,191.4,3.6,0.36,22.6,1444.4,0.08,191.6,65.7,257.3,201.8,3.8,0.38,23.8,1521.7,0.09,202.0,69.2,271.2,374.1,7.1,0.71,44.2,2823.0,0.16,374.5,128.4,502.9,34.24,0.0,0.0,34.24,35.35,0.0,0.0,35.35,0.0,0.0,0.0,1647.9,206.8,368.4,0.0,0.0,0.0,0.0,0.0,1072.7,0.0,0.0,0.0,0.0,0.0,0.0,0.0,206.8,0.0
2050-12-26 06:00:00,2050-12-26 04:00:00,1195.8,0.0,0.0,6.9,1202.7,1160.2,1040.4,445.3,0.0,0.0297,0.0313,gas-cc,gas-cc,284.8,5.4,0.54,33.6,2148.8,0.12,285.1,97.7,382.8,184.8,3.5,0.35,21.8,1394.7,0.08,185.0,63.4,248.4,192.9,3.6,0.36,22.8,1454.6,0.08,193.1,66.2,259.2,374.1,7.1,0.71,44.2,2823.0,0.16,374.5,128.4,502.9,33.36,0.0,0.0,33.36,34.43,0.0,0.0,34.43,0.0,0.0,0.0,757.4,162.3,0.0,0.0,0.0,0.0,0.0,0.0,595.1,0.0,0.0,0.0,0.0,0.0,0.0,0.0,162.3,0.0
2050-12-26 07:00:00,2050-12-26 05:00:00,1231.6,0.0,0.0,0.7,1232.3,1194.9,1116.7,44.0,0.0,0.0298,0.0322,battery,gas-cc,327.2,6.2,0.62,38.6,2468.9,0.14,327.5,112.3,439.8,325.2,6.1,0.61,38.4,2453.8,0.14,325.5,111.6,437.1,201.7,3.8,0.38,23.8,1521.4,0.09,201.9,69.2,271.1,421.1,7.9,0.79,49.7,3177.4,0.18,421.5,144.5,566.0,33.55,0.0,0.0,33.55,34.66,0.0,0.0,34.66,0.0,0.0,0.0,1188.3,115.5,0.0,0.0,0.0,0.0,0.0,0.0,1072.7,0.0,0.0,0.0,0.0,0.0,0.0,0.0,115.5,0.0
2050-12-26 08:00:00,2050-12-26 06:00:00,1332.6,0.0,0.0,5.6,1338.3,1292.6,1260.1,93.6,641.4,0.0301,0.0348,battery,gas-cc,206.1,3.9,0.39,24.3,1555.5,0.09,206.3,70.7,277.1,202.5,3.8,0.38,23.9,1527.8,0.09,202.7,69.5,272.2,197.6,3.7,0.37,23.3,1490.3,0.09,197.8,67.8,265.6,375.5,7.1,0.71,44.4,2833.5,0.16,375.9,128.8,504.7,34.24,0.0,0.0,34.24,35.48,0.0,0.0,35.48,0.0,0.0,0.0,1886.0,78.2,735.1,0.0,0.0,0.0,0.0,0.0,1072.7,0.0,0.0,0.0,0.0,0.0,0.0,0.0,78.2,0.0
2050-12-26 09:00:00,2050-12-26 07:00:00,1455.8,0.0,0.0,17.6,1473.4,1411.2,717.8,445.3,1640.0,0.0306,0.0381,battery,gas-cc,145.7,2.7,0.27,17.2,1099.6,0.06,145.9,50.0,195.9,128.8,2.4,0.24,15.2,972.1,0.06,129.0,44.2,173.2,213.3,4.0,0.4,25.2,1609.2,0.09,213.6,73.2,286.8,376.7,7.1,0.71,44.5,2843.0,0.16,377.1,129.3,506.4,34.24,0.0,0.0,34.24,35.6,0.0,0.0,35.6,0.0,0.0,0.0,2668.0,755.5,839.7,0.0,0.0,0.0,0.0,29.9,1072.7,0.0,0.0,0.0,0.0,0.0,0.0,677.7,47.9,0.0
2050-12-26 10:00:00,2050-12-26 08:00:00,1647.4,2717.6,0.0,16.3,4381.3,1595.0,-1003.7,445.3,1449.0,0.0318,0.0431,battery,gas-cc,0.0,0.0,0.0,0.0,0.0,0.0,0.0,0.0,0.0,0.0,0.0,0.0,0.0,0.0,0.0,0.0,0.0,0.0,159.2,3.0,0.3,18.8,1200.8,0.07,159.4,54.6,214.0,388.3,7.3,0.73,45.9,2929.9,0.17,388.7,133.2,521.9,29.08,0.0,0.0,29.08,30.38,0.0,0.0,30.38,0.0,0.0,0.0,5384.9,5384.9,0.0,0.0,0.0,0.0,0.0,225.7,0.0,0.0,0.0,0.0,0.0,0.0,0.0,5124.6,34.7,0.0
2050-12-26 11:00:00,2050-12-26 09:00:00,1683.2,2708.7,0.0,17.6,4409.4,1629.3,-1194.7,445.3,1640.0,0.032,0.044,battery,gas-cc,0.0,0.0,0.0,0.0,0.0,0.0,0.0,0.0,0.0,0.0,0.0,0.0,0.0,0.0,0.0,0.0,0.0,0.0,204.0,3.8,0.39,24.1,1538.8,0.09,204.2,70.0,274.2,329.1,6.2,0.62,38.9,2483.2,0.14,329.4,112.9,442.3,29.08,0.0,0.0,29.08,30.41,0.0,0.0,30.41,0.0,0.0,0.0,5604.1,5604.1,0.0,0.0,0.0,0.0,0.0,235.8,0.0,0.0,0.0,0.0,0.0,0.0,0.0,5354.0,14.3,0.0
2050-12-26 12:00:00,2050-12-26 10:00:00,1621.1,3534.2,0.0,17.5,5172.7,1569.8,-1177.6,445.3,1623.0,0.0316,0.0424,battery,gas-cc,0.0,0.0,0.0,0.0,0.0,0.0,0.0,0.0,0.0,0.0,0.0,0.0,0.0,0.0,0.0,0.0,0.0,0.0,150.2,2.8,0.28,17.7,1132.8,0.07,150.4,51.5,201.9,328.5,6.2,0.62,38.8,2479.0,0.14,328.9,112.7,441.6,29.08,0.0,0.0,29.08,30.36,0.0,0.0,30.36,0.0,0.0,0.0,6350.3,6350.3,0.0,0.0,0.0,0.0,0.0,267.8,0.0,0.0,0.0,0.0,0.0,0.0,0.0,6077.7,4.8,0.0
2050-12-26 13:00:00,2050-12-26 11:00:00,1544.2,3977.1,0.0,17.6,5538.9,1496.2,-1194.7,445.3,1640.0,0.0311,0.0404,battery,gas-cc,0.0,0.0,0.0,0.0,0.0,0.0,0.0,0.0,0.0,0.0,0.0,0.0,0.0,0.0,0.0,0.0,0.0,0.0,149.8,2.8,0.28,17.7,1129.2,0.07,149.9,51.4,201.3,327.8,6.2,0.62,38.7,2473.8,0.14,328.2,112.5,440.7,29.08,0.0,0.0,29.08,30.3,0.0,0.0,30.3,0.0,0.0,0.0,6733.5,6733.5,0.0,0.0,0.0,0.0,0.0,284.0,0.0,0.0,0.0,0.0,0.0,0.0,0.0,6446.1,3.4,0.0
2050-12-26 14:00:00,2050-12-26 12:00:00,1500.0,3611.8,0.0,17.3,5129.1,1453.7,-1154.6,445.3,1599.9,0.0309,0.0392,battery,gas-cc,0.0,0.0,0.0,0.0,0.0,0.0,0.0,0.0,0.0,0.0,0.0,0.0,0.0,0.0,0.0,0.0,0.0,0.0,150.0,2.8,0.28,17.7,1131.3,0.07,150.2,51.5,201.7,327.4,6.2,0.62,38.7,2470.8,0.14,327.8,112.3,440.1,29.08,0.0,0.0,29.08,30.26,0.0,0.0,30.26,0.0,0.0,0.0,6283.7,6283.7,0.0,0.0,0.0,0.0,0.0,265.1,0.0,0.0,0.0,0.0,0.0,0.0,0.0,6016.3,2.3,0.0
2050-12-26 15:00:00,2050-12-26 13:00:00,1466.3,2172.1,0.0,13.7,3652.2,1421.3,-738.3,405.8,1144.1,0.0307,0.0383,battery,gas-cc,0.0,0.0,0.0,0.0,0.0,0.0,0.0,0.0,0.0,0.0,0.0,0.0,0.0,0.0,0.0,0.0,0.0,0.0,151.2,2.9,0.29,17.9,1139.8,0.07,151.3,51.8,203.2,327.1,6.2,0.62,38.6,2468.5,0.14,327.5,112.2,439.7,29.08,0.0,0.0,29.08,30.24,0.0,0.0,30.24,0.0,0.0,0.0,4390.5,4390.5,0.0,0.0,0.0,0.0,0.0,185.3,0.0,0.0,0.0,0.0,0.0,0.0,0.0,4203.7,1.5,0.0
2050-12-26 16:00:00,2050-12-26 14:00:00,1432.6,1293.8,0.0,0.2,2726.6,1388.9,-24.0,0.0,24.0,0.0305,0.0375,battery,gas-cc,0.0,0.0,0.0,0.0,0.0,0.0,0.0,0.0,0.0,0.0,0.0,0.0,0.0,0.0,0.0,0.0,0.0,0.0,153.6,2.9,0.29,18.1,1158.1,0.07,153.7,52.7,206.4,326.8,6.2,0.62,38.6,2466.3,0.14,327.2,112.1,439.3,29.08,0.0,0.0,29.08,30.21,0.0,0.0,30.21,0.0,0.0,0.0,2750.6,2750.6,0.0,0.0,0.0,0.0,0.0,116.0,0.0,0.0,0.0,0.0,0.0,0.0,0.0,2633.4,1.2,0.0
2050-12-26 17:00:00,2050-12-26 15:00:00,1453.7,0.0,0.0,6.7,1460.4,1409.2,37.4,0.0,1035.4,0.0306,0.038,hydro,gas-cc,155.8,2.9,0.29,18.4,1175.4,0.07,155.9,53.4,209.4,160.7,3.0,0.3,19.0,1212.6,0.07,160.9,55.1,216.0,171.8,3.2,0.32,20.3,1295.3,0.07,172.0,58.9,230.9,411.8,7.8,0.78,48.6,3107.6,0.18,412.3,141.3,553.6,34.24,0.0,0.0,34.24,35.6,0.0,0.0,35.6,0.0,0.0,0.0,2495.8,1423.0,0.0,0.0,0.0,0.0,0.0,60.0,1072.7,0.0,0.0,0.0,0.0,0.0,0.0,1361.9,1.1,0.0
2050-12-26 18:00:00,2050-12-26 16:00:00,1538.9,0.0,0.0,18.9,1557.8,1491.1,1323.5,0.0,2087.1,0.0311,0.0402,battery,gas-cc,106.7,2.0,0.2,12.6,804.9,0.05,106.8,36.6,143.4,110.1,2.1,0.21,13.0,830.7,0.05,110.2,37.8,148.0,159.6,3.0,0.3,18.9,1202.8,0.07,159.7,54.7,214.4,482.3,9.1,0.91,57.0,3639.2,0.21,482.8,165.5,648.3,45.85,0.0,0.0,45.85,47.78,0.0,0.0,47.78,0.0,0.0,0.0,3644.9,234.3,2337.9,0.0,0.0,0.0,0.0,9.7,1072.7,0.0,0.0,0.0,0.0,0.0,0.0,219.7,4.9,0.0
2050-12-26 19:00:00,2050-12-26 17:00:00,1695.8,0.0,0.0,23.5,1719.3,1641.3,1710.4,0.0,1989.1,0.0321,0.0443,battery,gas-cc,104.8,2.0,0.2,12.4,791.1,0.05,104.9,36.0,140.9,108.3,2.0,0.2,12.8,817.3,0.05,108.4,37.2,145.6,160.1,3.0,0.3,18.9,1206.0,0.07,160.2,54.9,215.1,484.3,9.1,0.91,57.2,3654.8,0.21,484.9,166.2,651.0,45.85,0.0,0.0,45.85,47.98,0.0,0.0,47.98,0.0,0.0,0.0,3708.4,8.9,2626.7,0.0,0.0,0.0,0.0,0.0,1072.7,0.0,0.0,0.0,0.0,0.0,0.0,0.0,8.9,0.0
2050-12-26 20:00:00,2050-12-26 18:00:00,1845.3,0.0,0.0,21.8,1867.0,1783.9,1854.1,0.0,1721.0,0.0333,0.0483,battery,gas-cc,108.3,2.0,0.2,12.8,817.6,0.05,108.5,37.2,145.6,112.1,2.1,0.21,13.2,845.8,0.05,112.2,38.5,150.7,160.3,3.0,0.3,18.9,1208.7,0.07,160.5,55.0,215.5,486.3,9.2,0.92,57.4,3669.9,0.21,486.8,166.9,653.7,45.85,0.0,0.0,45.85,48.18,0.0,0.0,48.18,0.0,0.0,0.0,3588.0,12.9,2502.4,0.0,0.0,0.0,0.0,0.0,1072.7,0.0,0.0,0.0,0.0,0.0,0.0,0.0,12.9,0.0
2050-12-26 21:00:00,2050-12-26 19:00:00,1855.8,0.0,0.0,20.2,1876.0,1793.9,1860.9,0.0,1478.0,0.0334,0.0485,battery,gas-cc,115.9,2.2,0.22,13.7,874.7,0.05,116.0,39.8,155.8,119.9,2.3,0.23,14.2,904.9,0.05,120.0,41.1,161.2,161.5,3.0,0.31,19.1,1217.1,0.07,161.6,55.4,217.0,486.5,9.2,0.92,57.5,3670.9,0.21,487.0,166.9,653.9,45.85,0.0,0.0,45.85,48.19,0.0,0.0,48.19,0.0,0.0,0.0,3354.0,15.1,2266.2,0.0,0.0,0.0,0.0,0.0,1072.7,0.0,0.0,0.0,0.0,0.0,0.0,0.0,15.1,0.0
2050-12-26 22:00:00,2050-12-26 20:00:00,1796.8,0.0,0.0,26.6,1823.5,1737.8,1809.6,0.0,2465.8,0.0329,0.047,battery,gas-cc,90.6,1.7,0.17,10.7,684.0,0.04,90.7,31.1,121.8,93.7,1.8,0.18,11.1,707.2,0.04,93.8,32.2,126.0,187.2,3.6,0.38,22.2,1390.6,0.09,187.5,63.6,251.1,485.7,9.2,0.92,57.4,3665.0,0.21,486.2,166.6,652.8,45.85,0.0,0.0,45.85,48.11,0.0,0.0,48.11,0.0,0.0,0.0,4289.2,13.8,3202.6,0.0,0.0,0.0,0.0,0.0,1072.7,0.0,0.0,0.0,0.0,0.0,0.0,0.0,13.8,0.0
2050-12-26 23:00:00,2050-12-26 21:00:00,1731.6,0.0,0.0,28.6,1760.2,1675.5,1740.4,0.0,2767.4,0.0324,0.0453,battery,gas-cc,85.9,1.6,0.16,10.1,648.0,0.04,86.0,29.5,115.4,88.7,1.7,0.17,10.5,669.6,0.04,88.8,30.4,119.3,171.5,3.2,0.32,20.3,1293.3,0.07,171.7,58.8,230.6,484.8,9.1,0.91,57.3,3658.4,0.21,485.3,166.3,651.7,45.85,0.0,0.0,45.85,48.03,0.0,0.0,48.03,0.0,0.0,0.0,4527.6,19.7,3435.1,0.0,0.0,0.0,0.0,0.0,1072.7,0.0,0.0,0.0,0.0,0.0,0.0,0.0,19.7,0.0
2050-12-27 00:00:00,2050-12-26 22:00:00,1633.7,0.0,0.0,23.0,1656.7,1581.9,1638.4,0.0,1907.7,0.0317,0.0427,battery,gas-cc,109.1,2.1,0.21,12.9,823.1,0.05,109.2,37.4,146.6,112.6,2.1,0.21,13.3,850.0,0.05,112.8,38.7,151.4,191.9,3.6,0.36,22.7,1446.4,0.08,192.1,65.8,257.9,431.4,8.1,0.81,51.0,3255.7,0.19,431.9,148.0,579.9,45.63,0.0,0.0,45.63,47.66,0.0,0.0,47.66,0.0,0.0,0.0,3564.3,18.3,2473.3,0.0,0.0,0.0,0.0,0.0,1072.7,0.0,0.0,0.0,0.0,0.0,0.0,0.0,18.3,0.0
2050-12-27 01:00:00,2050-12-26 23:00:00,1535.8,0.0,0.0,23.2,1559.0,1488.1,1537.4,0.0,1937.7,0.0311,0.0402,battery,gas-cc,111.2,2.1,0.21,13.1,839.0,0.05,111.3,38.1,149.4,114.7,2.2,0.22,13.6,865.9,0.05,114.9,39.4,154.2,191.5,3.6,0.36,22.6,1444.0,0.08,191.7,65.7,257.4,430.3,8.1,0.81,50.8,3247.0,0.19,430.8,147.6,578.4,45.63,0.0,0.0,45.63,47.53,0.0,0.0,47.53,0.0,0.0,0.0,3496.7,21.6,2402.4,0.0,0.0,0.0,0.0,0.0,1072.7,0.0,0.0,0.0,0.0,0.0,0.0,0.0,21.6,0.0
2050-12-27 02:00:00,2050-12-27 00:00:00,1404.2,0.0,0.0,18.2,1422.4,1361.6,1403.8,0.0,1176.5,0.0304,0.0367,battery,gas-cc,149.6,2.8,0.28,17.7,1128.8,0.06,149.7,51.3,201.1,154.3,2.9,0.29,18.2,1164.1,0.07,154.4,52.9,207.4,176.4,3.3,0.33,20.8,1330.1,0.08,176.6,60.5,237.1,428.8,8.1,0.81,50.6,3235.4,0.19,429.2,147.1,576.3,45.63,0.0,0.0,45.63,47.36,0.0,0.0,47.36,0.0,0.0,0.0,2599.0,18.7,1507.6,0.0,0.0,0.0,0.0,0.0,1072.7,0.0,0.0,0.0,0.0,0.0,0.0,0.0,18.7,0.0
2050-12-27 03:00:00,2050-12-27 01:00:00,1320.0,0.0,0.0,13.4,1333.4,1280.4,1315.0,0.0,1063.1,0.03,0.0345,battery,gas-cc,162.2,3.1,0.31,19.2,1224.2,0.07,162.4,55.7,218.1,167.2,3.2,0.32,19.8,1262.1,0.07,167.4,57.4,224.8,228.2,4.3,0.43,27.0,1721.4,0.1,228.5,78.3,306.7,427.8,8.1,0.81,50.5,3228.1,0.19,428.2,146.8,575.0,45.63,0.0,0.0,45.63,47.26,0.0,0.0,47.26,0.0,0.0,0.0,2396.4,18.4,1305.3,0.0,0.0,0.0,0.0,0.0,1072.7,0.0,0.0,0.0,0.0,0.0,0.0,0.0,18.4,0.0
2050-12-27 04:00:00,2050-12-27 02:00:00,1275.8,0.0,0.0,6.7,1282.5,1237.6,1267.4,0.0,1036.4,0.0299,0.0334,battery,gas-cc,167.6,3.2,0.32,19.8,1265.1,0.07,167.8,57.5,225.3,172.8,3.3,0.33,20.4,1304.1,0.07,173.0,59.3,232.3,186.3,3.5,0.35,22.0,1404.8,0.08,186.5,63.9,250.4,427.3,8.1,0.81,50.5,3224.2,0.19,427.7,146.6,574.3,45.63,0.0,0.0,45.63,47.2,0.0,0.0,47.2,0.0,0.0,0.0,2319.0,15.1,1231.1,0.0,0.0,0.0,0.0,0.0,1072.7,0.0,0.0,0.0,0.0,0.0,0.0,0.0,15.1,0.0
2050-12-27 05:00:00,2050-12-27 03:00:00,1245.3,0.0,0.0,1.9,1247.1,1208.1,1237.4,0.0,286.2,0.0298,0.0326,battery,gas-cc,253.5,4.8,0.48,30.0,1913.3,0.11,253.8,87.0,340.8,261.3,4.9,0.49,30.9,1972.1,0.11,261.6,89.7,351.3,233.1,4.4,0.45,27.5,1753.2,0.1,233.3,79.8,313.2,426.9,8.0,0.8,50.4,3221.5,0.19,427.4,146.5,573.9,45.63,0.0,0.0,45.63,47.16,0.0,0.0,47.16,0.0,0.0,0.0,1533.3,9.7,450.8,0.0,0.0,0.0,0.0,0.0,1072.7,0.0,0.0,0.0,0.0,0.0,0.0,0.0,9.7,0.0
2050-12-27 06:00:00,2050-12-27 04:00:00,1263.2,0.0,0.0,2.8,1266.0,1225.4,1254.9,182.1,0.0,0.0299,0.033,hydro,gas-cc,358.7,6.8,0.68,42.4,2706.7,0.16,359.1,123.1,482.1,316.5,6.0,0.6,37.4,2388.6,0.14,316.9,108.6,425.5,255.3,4.8,0.48,30.2,1926.4,0.11,255.6,87.6,343.2,485.1,9.1,0.91,57.3,3660.9,0.21,485.7,166.5,652.1,43.05,0.0,0.0,43.05,44.52,0.0,0.0,44.52,0.0,0.0,0.0,1083.9,11.1,0.0,0.0,0.0,0.0,0.0,0.0,1072.7,0.0,0.0,0.0,0.0,0.0,0.0,0.0,11.1,0.0
2050-12-27 07:00:00,2050-12-27 05:00:00,1325.3,0.0,0.0,3.9,1329.1,1285.4,1322.0,249.3,0.0,0.0301,0.0347,hydro,gas-cc,360.0,6.8,0.68,42.5,2716.8,0.16,360.4,123.5,483.9,301.6,5.7,0.57,35.6,2275.6,0.13,301.9,103.5,405.4,210.0,4.0,0.4,24.8,1581.9,0.09,210.2,72.0,282.2,486.0,9.2,0.92,57.4,3667.1,0.21,486.5,166.7,653.2,43.05,0.0,0.0,43.05,44.59,0.0,0.0,44.59,0.0,0.0,0.0,1079.8,7.1,0.0,0.0,0.0,0.0,0.0,0.0,1072.7,0.0,0.0,0.0,0.0,0.0,0.0,0.0,7.1,0.0
2050-12-27 08:00:00,2050-12-27 06:00:00,1455.8,0.0,0.0,5.9,1461.7,1411.2,1454.8,382.1,0.0,0.0306,0.0381,gas-cc,gas-cc,360.1,6.8,0.68,42.5,2717.3,0.16,360.5,123.6,484.0,274.4,5.2,0.52,32.4,2070.4,0.12,274.7,94.1,368.8,231.0,4.4,0.44,27.3,1742.1,0.1,231.3,79.2,310.5,419.8,7.9,0.79,49.6,3167.6,0.18,420.2,144.0,564.3,43.31,0.0,0.0,43.31,45.03,0.0,0.0,45.03,0.0,0.0,0.0,1079.6,6.9,0.0,0.0,0.0,0.0,0.0,0.0,1072.7,0.0,0.0,0.0,0.0,0.0,0.0,0.0,6.9,0.0
2050-12-27 09:00:00,2050-12-27 07:00:00,1595.8,0.0,0.0,5.8,1601.6,1545.6,926.3,0.0,896.5,0.0314,0.0417,battery,gas-cc,155.6,2.9,0.29,18.4,1174.3,0.07,155.8,53.4,209.2,160.7,3.0,0.3,19.0,1212.4,0.07,160.8,55.1,216.0,198.0,3.7,0.38,23.4,1490.7,0.09,198.2,67.8,266.1,431.0,8.1,0.81,50.9,3252.4,0.19,431.5,147.9,579.3,45.63,0.0,0.0,45.63,47.61,0.0,0.0,47.61,0.0,0.0,0.0,2498.1,675.3,750.1,0.0,0.0,0.0,0.0,28.1,1072.7,0.0,0.0,0.0,0.0,0.0,0.0,636.5,10.7,0.0
2050-12-27 10:00:00,2050-12-27 08:00:00,1757.9,1186.1,0.0,0.0,2944.0,1700.6,0.0,0.0,0.0,0.0326,0.046,battery,gas-cc,0.0,0.0,0.0,0.0,0.0,0.0,0.0,0.0,0.0,0.0,0.0,0.0,0.0,0.0,0.0,0.0,0.0,0.0,190.8,3.6,0.36,22.5,1434.7,0.08,191.0,65.3,256.3,379.9,7.2,0.72,44.9,2866.5,0.16,380.3,130.3,510.6,33.36,0.0,0.0,33.36,34.96,0.0,0.0,34.96,0.0,0.0,0.0,2944.0,2944.0,0.0,0.0,0.0,0.0,0.0,123.7,0.0,0.0,0.0,0.0,0.0,0.0,0.0,2806.2,14.1,0.0
2050-12-27 11:00:00,2050-12-27 09:00:00,1770.5,2917.5,0.0,3.0,4691.1,1712.7,-463.9,0.0,463.9,0.0327,0.0463,battery,gas-cc,0.0,0.0,0.0,0.0,0.0,0.0,0.0,0.0,0.0,0.0,0.0,0.0,0.0,0.0,0.0,0.0,0.0,0.0,175.2,3.3,0.33,20.7,1321.4,0.08,175.4,60.1,235.5,380.0,7.2,0.72,44.9,2867.5,0.16,380.4,130.4,510.8,33.13,0.0,0.0,33.13,34.74,0.0,0.0,34.74,0.0,0.0,0.0,5155.0,5155.0,0.0,0.0,0.0,0.0,0.0,216.9,0.0,0.0,0.0,0.0,0.0,0.0,0.0,4921.0,17.1,0.0
2050-12-27 12:00:00,2050-12-27 10:00:00,1690.5,3981.7,0.0,2.0,5674.3,1636.3,6.1,94.7,88.6,0.0321,0.0442,battery,gas-cc,0.0,0.0,0.0,0.0,0.0,0.0,0.0,0.0,0.0,0.0,0.0,0.0,0.0,0.0,0.0,0.0,0.0,0.0,174.2,3.3,0.33,20.6,1313.5,0.08,174.4,59.7,234.1,379.2,7.1,0.71,44.8,2861.2,0.16,379.6,130.1,509.7,33.13,0.0,0.0,33.13,34.66,0.0,0.0,34.66,0.0,0.0,0.0,5668.1,5668.1,0.0,0.0,0.0,0.0,0.0,237.8,0.0,0.0,0.0,0.0,0.0,0.0,0.0,5396.0,34.3,0.0
2050-12-27 13:00:00,2050-12-27 11:00:00,1595.8,3824.8,0.0,16.4,5437.0,1545.6,-1021.1,445.3,1466.4,0.0314,0.0417,battery,gas-cc,0.0,0.0,0.0,0.0,0.0,0.0,0.0,0.0,0.0,0.0,0.0,0.0,0.0,0.0,0.0,0.0,0.0,0.0,165.4,3.1,0.31,19.5,1247.0,0.07,165.5,56.7,222.2,378.2,7.1,0.71,44.7,2853.8,0.16,378.6,129.8,508.4,33.13,0.0,0.0,33.13,34.58,0.0,0.0,34.58,0.0,0.0,0.0,6458.1,6458.1,0.0,0.0,0.0,0.0,0.0,269.6,0.0,0.0,0.0,0.0,0.0,0.0,0.0,6116.5,72.0,0.0
2050-12-27 14:00:00,2050-12-27 12:00:00,1533.7,3629.9,0.0,10.2,5173.9,1486.1,-1576.4,0.0,1576.4,0.031,0.0401,battery,gas-cc,0.0,0.0,0.0,0.0,0.0,0.0,0.0,0.0,0.0,0.0,0.0,0.0,0.0,0.0,0.0,0.0,0.0,0.0,164.0,3.1,0.31,19.4,1237.1,0.07,164.2,56.3,220.5,377.5,7.1,0.71,44.6,2849.0,0.16,377.9,129.5,507.5,33.13,0.0,0.0,33.13,34.52,0.0,0.0,34.52,0.0,0.0,0.0,6750.2,6750.2,0.0,0.0,0.0,0.0,0.0,279.0,0.0,0.0,0.0,0.0,0.0,0.0,0.0,6329.8,141.5,0.0
2050-12-27 15:00:00,2050-12-27 13:00:00,1494.7,3814.1,0.0,3.9,5312.8,1448.7,-606.2,0.0,606.2,0.0308,0.0391,battery,gas-cc,0.0,0.0,0.0,0.0,0.0,0.0,0.0,0.0,0.0,0.0,0.0,0.0,0.0,0.0,0.0,0.0,0.0,0.0,168.5,3.2,0.32,19.9,1271.1,0.07,168.7,57.8,226.5,377.1,7.1,0.71,44.6,2846.0,0.16,377.5,129.4,507.0,33.13,0.0,0.0,33.13,34.48,0.0,0.0,34.48,0.0,0.0,0.0,5918.9,5918.9,0.0,0.0,0.0,0.0,0.0,243.2,0.0,0.0,0.0,0.0,0.0,0.0,0.0,5518.8,156.9,0.0
2050-12-27 16:00:00,2050-12-27 14:00:00,1458.9,3123.0,0.0,0.0,4582.0,1414.3,-0.0,0.0,0.0,0.0306,0.0382,battery,gas-cc,0.0,0.0,0.0,0.0,0.0,0.0,0.0,0.0,0.0,0.0,0.0,0.0,0.0,0.0,0.0,0.0,0.0,0.0,183.7,3.5,0.35,21.7,1385.9,0.08,183.9,63.0,247.0,376.8,7.1,0.71,44.5,2843.2,0.16,377.2,129.3,506.5,33.13,0.0,0.0,33.13,34.45,0.0,0.0,34.45,0.0,0.0,0.0,4582.0,4582.0,0.0,0.0,0.0,0.0,0.0,185.9,0.0,0.0,0.0,0.0,0.0,0.0,0.0,4216.6,179.5,0.0
2050-12-27 17:00:00,2050-12-27 15:00:00,1489.5,3402.2,0.0,1.8,4893.5,1443.6,-283.9,0.0,283.9,0.0308,0.039,battery,gas-cc,0.0,0.0,0.0,0.0,0.0,0.0,0.0,0.0,0.0,0.0,0.0,0.0,0.0,0.0,0.0,0.0,0.0,0.0,183.1,3.5,0.35,21.6,1380.8,0.08,183.3,62.8,246.1,377.1,7.1,0.71,44.5,2845.6,0.16,377.5,129.4,506.9,33.13,0.0,0.0,33.13,34.47,0.0,0.0,34.47,0.0,0.0,0.0,5177.4,5177.4,0.0,0.0,0.0,0.0,0.0,210.6,0.0,0.0,0.0,0.0,0.0,0.0,0.0,4778.8,188.0,0.0
2050-12-27 18:00:00,2050-12-27 16:00:00,1572.6,0.0,0.0,8.3,1581.0,1523.4,-211.2,0.0,1283.9,0.0313,0.0411,gas-cc,gas-cc,135.7,2.6,0.26,16.0,1024.0,0.06,135.8,46.6,182.4,140.1,2.6,0.26,16.5,1057.1,0.06,140.2,48.1,188.3,159.8,3.0,0.3,18.9,1204.7,0.07,160.0,54.8,214.8,418.9,7.9,0.79,49.5,3161.0,0.18,419.3,143.7,563.1,37.37,0.0,0.0,37.37,38.98,0.0,0.0,38.98,0.0,0.0,0.0,2864.9,1792.2,0.0,0.0,0.0,0.0,0.0,68.3,1072.7,0.0,0.0,0.0,0.0,0.0,0.0,1548.5,175.4,0.0
2050-12-27 19:00:00,2050-12-27 17:00:00,1765.3,0.0,0.0,9.9,1775.1,1707.7,1601.7,29.3,1448.7,0.0326,0.0462,battery,gas-ct,121.7,2.3,0.23,14.4,918.4,0.05,121.8,41.8,163.6,124.7,2.3,0.23,14.7,940.7,0.05,124.8,42.8,167.6,169.9,3.2,0.32,20.1,1281.3,0.07,170.1,58.3,228.4,570.0,10.7,1.07,67.3,4301.3,0.25,570.6,195.6,766.2,39.28,0.0,0.0,39.28,41.18,0.0,0.0,41.18,0.0,0.0,0.0,3194.5,173.5,1948.2,0.0,0.0,0.0,0.0,0.0,1072.7,0.0,0.0,0.0,0.0,0.0,0.0,0.0,173.5,0.0
2050-12-27 20:00:00,2050-12-27 18:00:00,1937.9,0.0,0.0,10.5,1948.4,1871.9,1788.1,0.0,1622.5,0.034,0.0507,battery,gas-ct,108.9,2.1,0.21,12.9,821.5,0.05,109.0,37.4,146.3,112.7,2.1,0.21,13.3,850.5,0.05,112.8,38.7,151.5,155.4,2.9,0.29,18.4,1171.8,0.07,155.6,53.3,208.9,572.1,10.8,1.08,67.6,4317.5,0.25,572.8,196.3,769.1,39.28,0.0,0.0,39.28,41.37,0.0,0.0,41.37,0.0,0.0,0.0,3571.0,160.4,2337.9,0.0,0.0,0.0,0.0,0.0,1072.7,0.0,0.0,0.0,0.0,0.0,0.0,0.0,160.4,0.0
2050-12-27 21:00:00,2050-12-27 19:00:00,1937.9,0.0,0.0,7.6,1945.5,1871.9,1786.5,10.6,1144.2,0.034,0.0507,battery,gas-ct,126.3,2.4,0.24,14.9,952.7,0.05,126.4,43.3,169.7,130.3,2.5,0.25,15.4,983.0,0.06,130.4,44.7,175.1,160.5,3.0,0.3,19.0,1209.5,0.07,160.6,55.0,215.7,572.1,10.8,1.08,67.6,4317.5,0.25,572.8,196.3,769.1,39.28,0.0,0.0,39.28,41.37,0.0,0.0,41.37,0.0,0.0,0.0,3079.2,159.0,1847.4,0.0,0.0,0.0,0.0,0.0,1072.7,0.0,0.0,0.0,0.0,0.0,0.0,0.0,159.0,0.0
2050-12-27 22:00:00,2050-12-27 20:00:00,1868.4,0.0,0.0,8.3,1876.8,1805.9,1737.7,0.0,1283.3,0.0335,0.0489,battery,gas-cc,123.0,2.3,0.23,14.5,928.3,0.05,123.2,42.2,165.4,127.3,2.4,0.24,15.0,960.5,0.06,127.4,43.7,171.1,162.7,3.1,0.31,19.2,1226.1,0.07,162.9,55.8,218.6,434.2,8.2,0.82,51.3,3276.7,0.19,434.7,149.0,583.7,39.28,0.0,0.0,39.28,41.29,0.0,0.0,41.29,0.0,0.0,0.0,3160.1,139.1,1948.2,0.0,0.0,0.0,0.0,0.0,1072.7,0.0,0.0,0.0,0.0,0.0,0.0,0.0,139.1,0.0
2050-12-27 23:00:00,2050-12-27 21:00:00,1798.9,0.0,0.0,10.7,1809.6,1739.8,1687.1,0.0,1640.0,0.0329,0.047,battery,gas-cc,112.7,2.1,0.21,13.3,850.4,0.05,112.8,38.7,151.5,116.5,2.2,0.22,13.8,879.4,0.05,116.7,40.0,156.6,204.2,3.9,0.39,24.1,1537.6,0.09,204.4,70.0,274.4,428.3,8.1,0.81,50.6,3231.7,0.19,428.7,146.9,575.7,39.28,0.0,0.0,39.28,41.22,0.0,0.0,41.22,0.0,0.0,0.0,3449.6,122.5,2254.3,0.0,0.0,0.0,0.0,0.0,1072.7,0.0,0.0,0.0,0.0,0.0,0.0,0.0,122.5,0.0
2050-12-28 00:00:00,2050-12-27 22:00:00,1698.9,0.0,0.0,6.6,1705.6,1644.3,1608.3,0.0,1023.0,0.0321,0.0444,battery,gas-cc,142.5,2.7,0.27,16.8,1075.2,0.06,142.6,48.9,191.5,147.2,2.8,0.28,17.4,1110.9,0.06,147.4,50.5,197.9,155.7,2.9,0.3,18.4,1171.8,0.07,155.9,53.3,209.2,427.1,8.0,0.8,50.5,3222.8,0.19,427.5,146.5,574.1,37.7,0.0,0.0,37.7,39.46,0.0,0.0,39.46,0.0,0.0,0.0,2728.6,97.3,1558.6,0.0,0.0,0.0,0.0,0.0,1072.7,0.0,0.0,0.0,0.0,0.0,0.0,0.0,97.3,0.0
2050-12-28 01:00:00,2050-12-27 23:00:00,1603.2,0.0,0.0,3.8,1607.0,1552.7,1541.6,0.0,584.5,0.0315,0.0419,battery,gas-cc,177.4,3.3,0.33,21.0,1338.7,0.08,177.6,60.9,238.5,183.2,3.5,0.35,21.6,1382.2,0.08,183.4,62.8,246.2,157.3,3.0,0.3,18.6,1185.3,0.07,157.5,53.9,211.4,426.0,8.0,0.8,50.3,3214.4,0.18,426.4,146.2,572.6,37.7,0.0,0.0,37.7,39.35,0.0,0.0,39.35,0.0,0.0,0.0,2191.5,65.4,1053.4,0.0,0.0,0.0,0.0,0.0,1072.7,0.0,0.0,0.0,0.0,0.0,0.0,0.0,65.4,0.0
2050-12-28 02:00:00,2050-12-28 00:00:00,1464.2,0.0,0.0,7.8,1472.0,1419.3,1430.6,42.0,1105.3,0.0307,0.0383,battery,gas-cc,153.3,2.9,0.29,18.1,1157.1,0.07,153.5,52.6,206.1,155.6,2.9,0.29,18.4,1174.3,0.07,155.8,53.4,209.2,175.9,3.3,0.33,20.8,1326.5,0.08,176.1,60.3,236.5,483.1,9.1,0.91,57.1,3645.7,0.21,483.6,165.8,649.4,37.7,0.0,0.0,37.7,39.2,0.0,0.0,39.2,0.0,0.0,0.0,2535.3,41.4,1421.2,0.0,0.0,0.0,0.0,0.0,1072.7,0.0,0.0,0.0,0.0,0.0,0.0,0.0,41.4,0.0
2050-12-28 03:00:00,2050-12-28 01:00:00,1384.2,0.0,0.0,3.5,1387.7,1342.3,1362.7,30.6,463.2,0.0303,0.0362,battery,gas-cc,213.6,4.0,0.4,25.2,1611.6,0.09,213.8,73.3,287.1,216.6,4.1,0.41,25.6,1634.5,0.09,216.8,74.3,291.2,166.1,3.1,0.31,19.6,1252.5,0.07,166.3,57.0,223.3,482.1,9.1,0.91,56.9,3637.8,0.21,482.6,165.4,648.0,37.7,0.0,0.0,37.7,39.12,0.0,0.0,39.12,0.0,0.0,0.0,1820.3,25.0,722.6,0.0,0.0,0.0,0.0,0.0,1072.7,0.0,0.0,0.0,0.0,0.0,0.0,0.0,25.0,0.0
2050-12-28 04:00:00,2050-12-28 02:00:00,1340.0,0.0,0.0,5.9,1345.9,1299.7,1329.9,0.0,911.8,0.0301,0.035,battery,gas-cc,172.2,3.2,0.32,20.3,1299.4,0.07,172.4,59.1,231.5,177.5,3.3,0.33,21.0,1339.7,0.08,177.7,60.9,238.6,176.9,3.3,0.33,20.9,1333.6,0.08,177.1,60.7,237.7,481.5,9.1,0.91,56.9,3633.5,0.21,482.0,165.2,647.2,37.7,0.0,0.0,37.7,39.07,0.0,0.0,39.07,0.0,0.0,0.0,2257.8,16.1,1168.9,0.0,0.0,0.0,0.0,0.0,1072.7,0.0,0.0,0.0,0.0,0.0,0.0,0.0,16.1,0.0
2050-12-28 05:00:00,2050-12-28 03:00:00,1306.3,0.0,0.0,0.2,1306.5,1267.1,1296.1,0.0,33.1,0.03,0.0342,battery,gas-cc,290.2,5.5,0.55,34.3,2189.9,0.13,290.5,99.6,390.1,299.2,5.6,0.56,35.3,2257.6,0.13,299.5,102.7,402.1,179.0,3.4,0.34,21.1,1349.6,0.08,179.2,61.4,240.6,422.5,8.0,0.8,49.9,3188.6,0.18,423.0,145.0,568.0,37.7,0.0,0.0,37.7,39.04,0.0,0.0,39.04,0.0,0.0,0.0,1339.6,10.4,256.5,0.0,0.0,0.0,0.0,0.0,1072.7,0.0,0.0,0.0,0.0,0.0,0.0,0.0,10.4,0.0
2050-12-28 06:00:00,2050-12-28 04:00:00,1311.6,0.0,0.0,0.0,1311.6,1272.2,1303.4,0.0,0.0,0.03,0.0343,battery,gas-cc,296.4,5.6,0.56,35.0,2236.7,0.13,296.7,101.7,398.4,305.6,5.8,0.58,36.1,2305.9,0.13,305.9,104.9,410.8,170.4,3.2,0.32,20.1,1285.0,0.07,170.6,58.4,229.1,422.6,8.0,0.8,49.9,3189.0,0.18,423.1,145.0,568.1,37.7,0.0,0.0,37.7,39.04,0.0,0.0,39.04,0.0,0.0,0.0,1311.6,8.2,230.7,0.0,0.0,0.0,0.0,0.0,1072.7,0.0,0.0,0.0,0.0,0.0,0.0,0.0,8.2,0.0
2050-12-28 07:00:00,2050-12-28 05:00:00,1386.3,0.0,0.0,1.9,1388.2,1344.3,1379.4,0.0,288.0,0.0303,0.0363,battery,gas-cc,231.9,4.4,0.44,27.4,1750.2,0.1,232.2,79.6,311.8,239.2,4.5,0.45,28.3,1804.9,0.1,239.4,82.1,321.5,154.1,2.9,0.29,18.2,1161.5,0.07,154.2,52.8,207.1,423.5,8.0,0.8,50.0,3195.5,0.18,423.9,145.3,569.2,37.7,0.0,0.0,37.7,39.12,0.0,0.0,39.12,0.0,0.0,0.0,1676.1,8.8,594.6,0.0,0.0,0.0,0.0,0.0,1072.7,0.0,0.0,0.0,0.0,0.0,0.0,0.0,8.8,0.0
2050-12-28 08:00:00,2050-12-28 06:00:00,1521.1,0.0,0.0,3.5,1524.5,1473.9,1516.0,0.0,530.9,0.031,0.0398,battery,gas-cc,189.1,3.6,0.36,22.3,1427.3,0.08,189.3,64.9,254.2,195.2,3.7,0.37,23.1,1472.9,0.08,195.4,67.0,262.4,154.9,2.9,0.29,18.3,1167.6,0.07,155.1,53.1,208.2,425.0,8.0,0.8,50.2,3207.2,0.18,425.5,145.8,571.3,37.7,0.0,0.0,37.7,39.27,0.0,0.0,39.27,0.0,0.0,0.0,2055.4,8.5,974.1,0.0,0.0,0.0,0.0,0.0,1072.7,0.0,0.0,0.0,0.0,0.0,0.0,0.0,8.5,0.0
2050-12-28 09:00:00,2050-12-28 07:00:00,1647.4,0.0,0.0,5.8,1653.1,1595.0,248.2,0.0,886.6,0.0318,0.0431,battery,gas-cc,153.1,2.9,0.29,18.1,1155.1,0.07,153.2,52.5,205.8,158.1,3.0,0.3,18.7,1193.0,0.07,158.3,54.2,212.5,176.6,3.3,0.34,20.9,1330.8,0.08,176.8,60.5,237.3,439.1,8.3,0.83,51.9,3313.6,0.19,439.6,150.7,590.2,37.7,0.0,0.0,37.7,39.4,0.0,0.0,39.4,0.0,0.0,0.0,2539.8,1404.9,62.1,0.0,0.0,0.0,0.0,58.8,1072.7,0.0,0.0,0.0,0.0,0.0,0.0,1335.3,10.8,0.0
2050-12-28 10:00:00,2050-12-28 08:00:00,1825.3,2431.9,0.0,5.0,4262.2,1764.8,-772.3,0.0,772.3,0.0331,0.0477,battery,gas-cc,0.0,0.0,0.0,0.0,0.0,0.0,0.0,0.0,0.0,0.0,0.0,0.0,0.0,0.0,0.0,0.0,0.0,0.0,150.3,2.8,0.28,17.8,1133.5,0.07,150.5,51.6,202.0,373.4,7.0,0.7,44.1,2817.8,0.16,373.8,128.1,501.9,32.02,0.0,0.0,32.02,33.62,0.0,0.0,33.62,0.0,0.0,0.0,5034.5,5034.5,0.0,0.0,0.0,0.0,0.0,212.0,0.0,0.0,0.0,0.0,0.0,0.0,0.0,4811.1,11.4,0.0
2050-12-28 11:00:00,2050-12-28 09:00:00,1850.5,3990.5,0.0,9.6,5850.6,1788.9,-1480.0,0.0,1480.0,0.0333,0.0484,battery,gas-cc,0.0,0.0,0.0,0.0,0.0,0.0,0.0,0.0,0.0,0.0,0.0,0.0,0.0,0.0,0.0,0.0,0.0,0.0,148.8,2.8,0.28,17.6,1122.0,0.06,149.0,51.0,200.0,373.7,7.0,0.7,44.1,2819.8,0.16,374.1,128.2,502.3,32.02,0.0,0.0,32.02,33.64,0.0,0.0,33.64,0.0,0.0,0.0,7330.6,7330.6,0.0,0.0,0.0,0.0,0.0,308.7,0.0,0.0,0.0,0.0,0.0,0.0,0.0,7005.1,16.8,0.0
2050-12-28 12:00:00,2050-12-28 10:00:00,1778.9,4019.6,0.0,19.9,5818.4,1720.7,-2233.6,0.0,2233.6,0.0327,0.0465,battery,gas-cc,0.0,0.0,0.0,0.0,0.0,0.0,0.0,0.0,0.0,0.0,0.0,0.0,0.0,0.0,0.0,0.0,0.0,0.0,148.9,2.8,0.28,17.6,1122.6,0.06,149.0,51.1,200.1,372.9,7.0,0.7,44.1,2814.2,0.16,373.3,128.0,501.3,30.68,0.0,0.0,30.68,32.18,0.0,0.0,32.18,0.0,0.0,0.0,8052.0,8052.0,0.0,0.0,0.0,0.0,0.0,338.3,0.0,0.0,0.0,0.0,0.0,0.0,0.0,7677.1,36.5,0.0
2050-12-28 13:00:00,2050-12-28 11:00:00,1677.9,4019.6,0.0,14.2,5711.6,1624.2,-1865.4,0.0,1865.4,0.032,0.0439,battery,gas-cc,0.0,0.0,0.0,0.0,0.0,0.0,0.0,0.0,0.0,0.0,0.0,0.0,0.0,0.0,0.0,0.0,0.0,0.0,148.9,2.8,0.28,17.6,1122.5,0.06,149.0,51.1,200.1,359.0,6.8,0.68,42.4,2709.3,0.16,359.4,123.2,482.6,30.68,0.0,0.0,30.68,32.09,0.0,0.0,32.09,0.0,0.0,0.0,7577.1,7577.1,0.0,0.0,0.0,0.0,0.0,316.9,0.0,0.0,0.0,0.0,0.0,0.0,0.0,7192.5,67.7,0.0
2050-12-28 14:00:00,2050-12-28 12:00:00,1605.3,4019.6,0.0,13.1,5638.0,1554.7,-1798.4,0.0,1798.4,0.0315,0.042,battery,gas-cc,0.0,0.0,0.0,0.0,0.0,0.0,0.0,0.0,0.0,0.0,0.0,0.0,0.0,0.0,0.0,0.0,0.0,0.0,139.9,2.6,0.26,16.5,1054.6,0.06,140.0,48.0,188.0,371.2,7.0,0.7,43.8,2800.9,0.16,371.6,127.4,498.9,30.68,0.0,0.0,30.68,32.03,0.0,0.0,32.03,0.0,0.0,0.0,7436.3,7436.3,0.0,0.0,0.0,0.0,0.0,309.5,0.0,0.0,0.0,0.0,0.0,0.0,0.0,7024.5,102.4,0.0
2050-12-28 15:00:00,2050-12-28 13:00:00,1549.5,2879.6,0.0,13.1,4442.2,1501.2,-891.2,0.0,891.2,0.0311,0.0405,battery,gas-cc,0.0,0.0,0.0,0.0,0.0,0.0,0.0,0.0,0.0,0.0,0.0,0.0,0.0,0.0,0.0,0.0,0.0,0.0,151.4,2.9,0.29,17.9,1141.8,0.07,151.6,51.9,203.5,370.6,7.0,0.7,43.8,2796.6,0.16,371.0,127.2,498.2,32.02,0.0,0.0,32.02,33.37,0.0,0.0,33.37,0.0,0.0,0.0,5333.4,5333.4,0.0,0.0,0.0,0.0,0.0,220.0,0.0,0.0,0.0,0.0,0.0,0.0,0.0,4992.1,121.4,0.0
2050-12-28 16:00:00,2050-12-28 14:00:00,1512.6,3332.5,0.0,0.0,4845.1,1465.9,-0.0,0.0,0.0,0.0309,0.0396,battery,gas-cc,0.0,0.0,0.0,0.0,0.0,0.0,0.0,0.0,0.0,0.0,0.0,0.0,0.0,0.0,0.0,0.0,0.0,0.0,157.5,3.2,0.35,18.7,1138.5,0.08,157.7,52.7,210.4,368.8,7.0,0.7,43.6,2783.4,0.16,369.2,126.6,495.8,32.02,0.0,0.0,32.02,33.33,0.0,0.0,33.33,0.0,0.0,0.0,4845.1,4845.1,0.0,0.0,0.0,0.0,0.0,199.4,0.0,0.0,0.0,0.0,0.0,0.0,0.0,4523.6,122.1,0.0
2050-12-28 17:00:00,2050-12-28 15:00:00,1549.5,2216.1,0.0,9.1,3774.7,1501.2,-588.5,0.0,588.5,0.0311,0.0405,battery,gas-cc,0.0,0.0,0.0,0.0,0.0,0.0,0.0,0.0,0.0,0.0,0.0,0.0,0.0,0.0,0.0,0.0,0.0,0.0,153.7,2.9,0.29,18.2,1158.7,0.07,153.8,52.7,206.5,369.2,7.0,0.7,43.6,2786.2,0.16,369.6,126.7,496.3,32.02,0.0,0.0,32.02,33.37,0.0,0.0,33.37,0.0,0.0,0.0,4363.2,4363.2,0.0,0.0,0.0,0.0,0.0,179.8,0.0,0.0,0.0,0.0,0.0,0.0,0.0,4080.9,102.5,0.0
2050-12-28 18:00:00,2050-12-28 16:00:00,1633.7,0.0,0.0,9.0,1642.7,1581.9,239.6,0.0,833.2,0.0317,0.0427,hydro,gas-cc,157.0,3.0,0.3,18.5,1184.9,0.07,157.2,53.9,211.1,162.2,3.1,0.31,19.2,1223.7,0.07,162.3,55.6,218.0,186.4,3.5,0.35,22.0,1405.9,0.08,186.6,63.9,250.6,513.6,9.7,0.97,60.7,3875.6,0.22,514.1,176.2,690.4,43.99,0.0,0.0,43.99,45.95,0.0,0.0,45.95,0.0,0.0,0.0,2475.8,1403.1,0.0,0.0,0.0,0.0,0.0,53.7,1072.7,0.0,0.0,0.0,0.0,0.0,0.0,1218.9,130.4,0.0
2050-12-28 19:00:00,2050-12-28 17:00:00,1816.8,0.0,0.0,10.7,1827.5,1756.8,1702.6,0.0,1640.0,0.033,0.0475,battery,gas-cc,112.1,2.1,0.21,13.2,846.1,0.05,112.2,38.5,150.7,115.9,2.2,0.22,13.7,875.0,0.05,116.1,39.8,155.9,190.8,3.6,0.36,22.5,1438.8,0.08,191.0,65.4,256.4,485.9,9.2,0.92,57.4,3667.0,0.21,486.5,166.7,653.2,45.1,0.0,0.0,45.1,47.35,0.0,0.0,47.35,0.0,0.0,0.0,3467.5,124.9,2269.8,0.0,0.0,0.0,0.0,0.0,1072.7,0.0,0.0,0.0,0.0,0.0,0.0,0.0,124.9,0.0
2050-12-28 20:00:00,2050-12-28 18:00:00,1997.9,0.0,0.0,10.7,2008.6,1928.8,1872.0,0.0,1640.0,0.0346,0.0522,battery,gas-cc,106.6,2.0,0.2,12.6,804.1,0.05,106.7,36.6,143.2,110.4,2.1,0.21,13.0,832.9,0.05,110.5,37.9,148.4,232.0,4.4,0.44,27.4,1749.5,0.1,232.3,79.6,311.8,488.4,9.2,0.92,57.7,3685.3,0.21,488.9,167.6,656.5,45.1,0.0,0.0,45.1,47.58,0.0,0.0,47.58,0.0,0.0,0.0,3648.5,136.6,2439.2,0.0,0.0,0.0,0.0,0.0,1072.7,0.0,0.0,0.0,0.0,0.0,0.0,0.0,136.6,0.0
2050-12-28 21:00:00,2050-12-28 19:00:00,2012.6,0.0,0.0,10.7,2023.3,1942.8,1908.9,0.0,1640.0,0.0347,0.0526,battery,gas-cc,106.1,2.0,0.2,12.5,800.8,0.05,106.2,36.4,142.7,109.9,2.1,0.21,13.0,829.6,0.05,110.1,37.7,147.8,207.7,3.9,0.39,24.5,1566.3,0.09,207.9,71.2,279.1,488.6,9.2,0.92,57.7,3686.8,0.21,489.1,167.6,656.7,45.1,0.0,0.0,45.1,47.6,0.0,0.0,47.6,0.0,0.0,0.0,3663.3,114.4,2476.1,0.0,0.0,0.0,0.0,0.0,1072.7,0.0,0.0,0.0,0.0,0.0,0.0,0.0,114.4,0.0
2050-12-28 22:00:00,2050-12-28 20:00:00,1937.9,0.0,0.0,9.7,1947.6,1871.9,1852.3,0.0,1486.6,0.034,0.0507,battery,gas-cc,113.2,2.1,0.21,13.4,854.3,0.05,113.3,38.8,152.2,117.2,2.2,0.22,13.8,884.4,0.05,117.3,40.2,157.5,210.6,4.0,0.4,24.9,1588.4,0.09,210.8,72.2,283.1,487.6,9.2,0.92,57.6,3679.2,0.21,488.1,167.3,655.4,45.1,0.0,0.0,45.1,47.5,0.0,0.0,47.5,0.0,0.0,0.0,3434.1,95.2,2266.2,0.0,0.0,0.0,0.0,0.0,1072.7,0.0,0.0,0.0,0.0,0.0,0.0,0.0,95.2,0.0
2050-12-28 23:00:00,2050-12-28 21:00:00,1861.1,0.0,0.0,10.7,1871.7,1798.9,1774.8,0.0,1640.0,0.0334,0.0487,battery,gas-cc,110.7,2.1,0.21,13.1,835.4,0.05,110.8,38.0,148.8,114.5,2.2,0.22,13.5,864.3,0.05,114.7,39.3,154.0,198.2,3.7,0.37,23.4,1494.7,0.09,198.4,68.0,266.4,486.5,9.2,0.92,57.5,3671.5,0.21,487.1,166.9,654.0,45.1,0.0,0.0,45.1,47.4,0.0,0.0,47.4,0.0,0.0,0.0,3511.7,96.9,2342.0,0.0,0.0,0.0,0.0,0.0,1072.7,0.0,0.0,0.0,0.0,0.0,0.0,0.0,96.9,0.0
2050-12-29 00:00:00,2050-12-28 22:00:00,1745.3,0.0,0.0,24.8,1770.1,1688.6,1676.4,0.0,2542.6,0.0325,0.0456,battery,gas-cc,90.1,1.7,0.17,10.6,680.2,0.04,90.2,30.9,121.2,93.2,1.8,0.18,11.0,703.1,0.04,93.3,32.0,125.2,164.2,3.1,0.31,19.4,1237.6,0.07,164.3,56.3,220.6,485.0,9.1,0.91,57.3,3659.8,0.21,485.5,166.4,651.9,44.69,0.0,0.0,44.69,46.83,0.0,0.0,46.83,0.0,0.0,0.0,4312.7,93.6,3146.3,0.0,0.0,0.0,0.0,0.0,1072.7,0.0,0.0,0.0,0.0,0.0,0.0,0.0,93.6,0.0
2050-12-29 01:00:00,2050-12-28 23:00:00,1633.7,0.0,0.0,10.7,1644.3,1581.9,1586.9,0.0,1640.0,0.0317,0.0427,battery,gas-cc,118.4,2.2,0.22,14.0,893.2,0.05,118.5,40.6,159.1,122.2,2.3,0.23,14.4,922.5,0.05,122.4,41.9,164.3,157.2,3.0,0.3,18.6,1183.7,0.07,157.4,53.9,211.2,483.5,9.1,0.91,57.1,3648.6,0.21,484.0,165.9,649.9,44.69,0.0,0.0,44.69,46.69,0.0,0.0,46.69,0.0,0.0,0.0,3284.3,57.4,2154.2,0.0,0.0,0.0,0.0,0.0,1072.7,0.0,0.0,0.0,0.0,0.0,0.0,0.0,57.4,0.0
2050-12-29 02:00:00,2050-12-29 00:00:00,1505.3,0.0,0.0,10.7,1515.9,1458.8,1476.8,0.0,1640.0,0.0309,0.0394,battery,gas-cc,123.2,2.3,0.23,14.6,929.6,0.05,123.3,42.3,165.6,127.1,2.4,0.24,15.0,959.2,0.06,127.2,43.6,170.9,153.5,2.9,0.29,18.1,1156.8,0.07,153.6,52.6,206.2,481.8,9.1,0.91,56.9,3635.9,0.21,482.3,165.3,647.7,44.69,0.0,0.0,44.69,46.53,0.0,0.0,46.53,0.0,0.0,0.0,3155.9,39.1,2044.1,0.0,0.0,0.0,0.0,0.0,1072.7,0.0,0.0,0.0,0.0,0.0,0.0,0.0,39.1,0.0
2050-12-29 03:00:00,2050-12-29 01:00:00,1420.0,0.0,0.0,10.7,1430.7,1376.8,1383.8,0.0,1640.0,0.0304,0.0371,battery,gas-cc,126.6,2.4,0.24,15.0,955.4,0.05,126.7,43.4,170.2,130.6,2.5,0.25,15.4,985.4,0.06,130.7,44.8,175.5,227.7,4.3,0.43,26.9,1717.3,0.1,228.0,78.1,306.1,480.7,9.1,0.91,56.8,3627.5,0.21,481.2,164.9,646.2,44.69,0.0,0.0,44.69,46.42,0.0,0.0,46.42,0.0,0.0,0.0,3070.6,46.9,1951.0,0.0,0.0,0.0,0.0,0.0,1072.7,0.0,0.0,0.0,0.0,0.0,0.0,0.0,46.9,0.0
2050-12-29 04:00:00,2050-12-29 02:00:00,1384.2,0.0,0.0,7.4,1391.6,1342.3,1344.2,0.0,1135.7,0.0303,0.0362,battery,gas-cc,153.8,2.9,0.29,18.2,1160.8,0.07,154.0,52.8,206.8,158.6,3.0,0.3,18.7,1197.0,0.07,158.8,54.4,213.2,208.2,4.0,0.41,24.6,1559.1,0.09,208.4,71.1,279.6,480.2,9.1,0.91,56.7,3623.9,0.21,480.8,164.8,645.5,44.69,0.0,0.0,44.69,46.37,0.0,0.0,46.37,0.0,0.0,0.0,2527.3,47.4,1407.2,0.0,0.0,0.0,0.0,0.0,1072.7,0.0,0.0,0.0,0.0,0.0,0.0,0.0,47.4,0.0
2050-12-29 05:00:00,2050-12-29 03:00:00,1357.9,0.0,0.0,0.2,1358.1,1316.9,1316.8,15.0,0.0,0.0302,0.0355,hydro,gas-cc,289.4,5.5,0.55,34.2,2184.2,0.13,289.8,99.3,389.1,295.2,5.6,0.56,34.9,2227.3,0.13,295.5,101.3,396.7,163.8,3.1,0.33,19.4,1220.8,0.08,164.0,55.8,219.8,486.4,9.2,0.92,57.5,3670.3,0.21,486.9,166.9,653.8,44.69,0.0,0.0,44.69,46.34,0.0,0.0,46.34,0.0,0.0,0.0,1343.1,41.4,229.1,0.0,0.0,0.0,0.0,0.0,1072.7,0.0,0.0,0.0,0.0,0.0,0.0,0.0,41.4,0.0
2050-12-29 06:00:00,2050-12-29 04:00:00,1366.3,0.0,0.0,1.3,1367.7,1325.0,1339.5,0.0,206.7,0.0302,0.0357,battery,gas-cc,246.9,4.7,0.47,29.2,1863.4,0.11,247.2,84.7,331.9,254.6,4.8,0.48,30.1,1921.5,0.11,254.9,87.4,342.3,173.9,3.3,0.33,20.5,1310.9,0.08,174.1,59.6,233.7,480.0,9.0,0.9,56.7,3622.2,0.21,480.5,164.7,645.2,44.69,0.0,0.0,44.69,46.35,0.0,0.0,46.35,0.0,0.0,0.0,1574.3,28.1,473.5,0.0,0.0,0.0,0.0,0.0,1072.7,0.0,0.0,0.0,0.0,0.0,0.0,0.0,28.1,0.0
2050-12-29 07:00:00,2050-12-29 05:00:00,1441.1,0.0,0.0,7.6,1448.6,1397.0,1429.4,0.0,1166.3,0.0305,0.0377,battery,gas-cc,148.7,2.8,0.28,17.6,1121.9,0.06,148.8,51.0,199.8,153.4,2.9,0.29,18.1,1157.2,0.07,153.5,52.6,206.1,180.2,3.4,0.34,21.3,1358.5,0.08,180.4,61.8,242.2,481.0,9.1,0.91,56.8,3629.5,0.21,481.5,165.0,646.5,44.69,0.0,0.0,44.69,46.44,0.0,0.0,46.44,0.0,0.0,0.0,2615.0,19.2,1523.0,0.0,0.0,0.0,0.0,0.0,1072.7,0.0,0.0,0.0,0.0,0.0,0.0,0.0,19.2,0.0
2050-12-29 08:00:00,2050-12-29 06:00:00,1577.9,0.0,0.0,8.3,1586.2,1528.5,1570.5,0.0,1272.3,0.0313,0.0413,battery,gas-ct,136.0,2.6,0.26,16.1,1026.3,0.06,136.1,46.7,182.8,140.4,2.6,0.26,16.6,1059.5,0.06,140.6,48.2,188.7,176.6,3.3,0.33,20.9,1331.5,0.08,176.8,60.6,237.4,719.8,13.6,1.36,85.0,5431.4,0.31,720.5,247.0,967.5,44.69,0.0,0.0,44.69,46.62,0.0,0.0,46.62,0.0,0.0,0.0,2858.5,15.7,1770.0,0.0,0.0,0.0,0.0,0.0,1072.7,0.0,0.0,0.0,0.0,0.0,0.0,0.0,15.7,0.0
2050-12-29 09:00:00,2050-12-29 07:00:00,1724.2,0.0,0.0,10.2,1734.4,1668.5,-410.8,24.5,1508.0,0.0323,0.0451,battery,gas-cc,120.8,2.3,0.23,14.3,911.7,0.05,120.9,41.5,162.4,124.0,2.3,0.23,14.7,936.0,0.05,124.2,42.6,166.7,155.7,2.9,0.3,18.4,1173.6,0.07,155.9,53.4,209.3,454.3,8.6,0.86,53.7,3428.1,0.2,454.8,155.9,610.7,43.79,0.0,0.0,43.79,45.86,0.0,0.0,45.86,0.0,0.0,0.0,3217.9,2145.2,0.0,0.0,0.0,0.0,0.0,90.0,1072.7,0.0,0.0,0.0,0.0,0.0,0.0,2042.1,13.1,0.0
2050-12-29 10:00:00,2050-12-29 08:00:00,1881.1,3693.0,0.0,10.7,5584.7,1817.9,-1640.0,0.0,1640.0,0.0336,0.0492,upv,upv,0.0,0.0,0.0,0.0,0.0,0.0,0.0,0.0,0.0,0.0,0.0,0.0,0.0,0.0,0.0,0.0,0.0,0.0,144.7,2.7,0.28,17.1,1089.1,0.06,144.9,49.6,194.5,0.0,0.0,0.0,0.0,0.0,0.0,0.0,0.0,0.0,0.0,0.0,0.0,0.0,0.0,0.0,0.0,0.0,11.7,541.1,552.8,7224.7,7224.7,0.0,0.0,0.0,0.0,0.0,0.0,0.0,0.0,0.0,0.0,0.0,0.0,0.0,7224.7,0.0,0.0
2050-12-29 11:00:00,2050-12-29 09:00:00,1871.6,3629.9,0.0,10.7,5512.2,1808.9,-1640.0,0.0,1640.0,0.0335,0.0489,upv,upv,0.0,0.0,0.0,0.0,0.0,0.0,0.0,0.0,0.0,0.0,0.0,0.0,0.0,0.0,0.0,0.0,0.0,0.0,140.2,2.6,0.27,16.6,1056.8,0.06,140.3,48.1,188.4,0.0,0.0,0.0,0.0,0.0,0.0,0.0,0.0,0.0,0.0,0.0,0.0,0.0,0.0,0.0,0.0,0.0,9.5,1612.2,1621.7,7152.1,7152.1,0.0,0.0,0.0,0.0,0.0,369.9,0.0,0.0,0.0,0.0,0.0,0.0,0.0,6782.2,0.0,0.0
2050-12-29 12:00:00,2050-12-29 10:00:00,1760.0,3597.0,0.0,10.7,5367.6,1702.6,-1640.0,0.0,1640.0,0.0326,0.046,upv,upv,0.0,0.0,0.0,0.0,0.0,0.0,0.0,0.0,0.0,0.0,0.0,0.0,0.0,0.0,0.0,0.0,0.0,0.0,140.0,2.6,0.27,16.5,1055.8,0.06,140.2,48.0,188.2,0.0,0.0,0.0,0.0,0.0,0.0,0.0,0.0,0.0,0.0,0.0,0.0,0.0,0.0,0.0,0.0,0.0,10.1,1338.4,1348.5,7007.6,7007.6,0.0,0.0,0.0,0.0,0.0,352.2,0.0,0.0,0.0,0.0,0.0,0.0,0.0,6655.4,0.0,0.0
2050-12-29 13:00:00,2050-12-29 11:00:00,1644.2,3629.9,0.0,10.7,5284.8,1592.0,-1640.0,0.0,1640.0,0.0318,0.043,upv,upv,0.0,0.0,0.0,0.0,0.0,0.0,0.0,0.0,0.0,0.0,0.0,0.0,0.0,0.0,0.0,0.0,0.0,0.0,139.9,2.6,0.26,16.5,1054.9,0.06,140.1,48.0,188.1,0.0,0.0,0.0,0.0,0.0,0.0,0.0,0.0,0.0,0.0,0.0,0.0,0.0,0.0,0.0,0.0,0.0,10.7,955.7,966.4,6924.8,6924.8,0.0,0.0,0.0,0.0,0.0,332.6,0.0,0.0,0.0,0.0,0.0,0.0,0.0,6592.2,0.0,0.0
2050-12-29 14:00:00,2050-12-29 12:00:00,1572.6,3211.2,0.0,10.7,4794.5,1523.4,-1640.0,0.0,1640.0,0.0313,0.0411,upv,upv,0.0,0.0,0.0,0.0,0.0,0.0,0.0,0.0,0.0,0.0,0.0,0.0,0.0,0.0,0.0,0.0,0.0,0.0,154.2,2.9,0.29,18.2,1162.9,0.07,154.4,52.9,207.3,0.0,0.0,0.0,0.0,0.0,0.0,0.0,0.0,0.0,0.0,0.0,0.0,0.0,0.0,0.0,0.0,0.0,8.4,1452.8,1461.3,6434.4,6434.4,0.0,0.0,0.0,0.0,0.0,332.9,0.0,0.0,0.0,0.0,0.0,0.0,0.0,6101.5,0.0,0.0
2050-12-29 15:00:00,2050-12-29 13:00:00,1530.5,3795.7,0.0,10.7,5336.9,1483.0,-1640.0,0.0,1640.0,0.031,0.04,upv,upv,0.0,0.0,0.0,0.0,0.0,0.0,0.0,0.0,0.0,0.0,0.0,0.0,0.0,0.0,0.0,0.0,0.0,0.0,145.4,2.7,0.28,17.2,1096.1,0.06,145.5,49.9,195.4,0.0,0.0,0.0,0.0,0.0,0.0,0.0,0.0,0.0,0.0,0.0,0.0,0.0,0.0,0.0,0.0,0.0,7.9,1369.2,1377.1,6976.8,6976.8,0.0,0.0,0.0,0.0,0.0,352.2,0.0,0.0,0.0,0.0,0.0,0.0,0.0,6624.6,0.0,0.0
2050-12-29 16:00:00,2050-12-29 14:00:00,1492.6,2456.1,0.0,10.7,3959.4,1446.6,-1640.0,0.0,1640.0,0.0308,0.039,upv,upv,0.0,0.0,0.0,0.0,0.0,0.0,0.0,0.0,0.0,0.0,0.0,0.0,0.0,0.0,0.0,0.0,0.0,0.0,412.1,7.8,0.79,48.7,3101.8,0.18,412.6,141.2,553.8,0.0,0.0,0.0,0.0,0.0,0.0,0.0,0.0,0.0,0.0,0.0,0.0,0.0,0.0,0.0,0.0,0.0,10.0,3111.0,3121.0,5599.3,5599.3,0.0,0.0,0.0,0.0,0.0,367.6,0.0,0.0,0.0,0.0,0.0,0.0,0.0,5231.8,0.0,0.0
2050-12-29 17:00:00,2050-12-29 15:00:00,1517.9,3112.4,0.0,14.3,4644.6,1470.9,-1874.6,0.0,1874.6,0.031,0.0397,upv,upv,0.0,0.0,0.0,0.0,0.0,0.0,0.0,0.0,0.0,0.0,0.0,0.0,0.0,0.0,0.0,0.0,0.0,0.0,180.0,3.4,0.34,21.3,1357.5,0.08,180.2,61.7,241.9,0.0,0.0,0.0,0.0,0.0,0.0,0.0,0.0,0.0,0.0,0.0,0.0,0.0,0.0,0.0,0.0,0.0,10.3,970.0,980.4,6519.2,6519.2,0.0,0.0,0.0,0.0,0.0,316.1,0.0,0.0,0.0,0.0,0.0,0.0,0.0,6203.1,0.0,0.0
2050-12-29 18:00:00,2050-12-29 16:00:00,1603.2,0.0,0.0,10.7,1613.8,1552.7,-298.8,0.0,1640.0,0.0315,0.0419,battery,gas-cc,119.5,2.3,0.23,14.1,901.6,0.05,119.6,41.0,160.6,123.4,2.3,0.23,14.6,930.9,0.05,123.5,42.3,165.8,161.2,3.1,0.31,19.1,1212.9,0.07,161.4,55.2,216.6,483.1,9.1,0.91,57.1,3645.6,0.21,483.6,165.8,649.4,43.79,0.0,0.0,43.79,45.71,0.0,0.0,45.71,0.0,0.0,0.0,3253.8,1912.6,268.5,0.0,0.0,0.0,0.0,80.0,1072.7,0.0,0.0,0.0,0.0,0.0,0.0,1815.9,16.7,0.0
2050-12-29 19:00:00,2050-12-29 17:00:00,1783.2,0.0,0.0,8.8,1791.9,1724.7,1768.1,0.0,1346.9,0.0328,0.0466,battery,gas-ct,123.9,2.3,0.23,14.6,934.6,0.05,124.0,42.5,166.5,128.1,2.4,0.24,15.1,966.3,0.06,128.2,43.9,172.1,179.3,3.4,0.34,21.2,1351.6,0.08,179.5,61.5,241.0,593.7,11.2,1.12,70.1,4480.1,0.26,594.3,203.7,798.0,43.79,0.0,0.0,43.79,45.94,0.0,0.0,45.94,0.0,0.0,0.0,3138.8,23.8,2042.2,0.0,0.0,0.0,0.0,0.0,1072.7,0.0,0.0,0.0,0.0,0.0,0.0,0.0,23.8,0.0
2050-12-29 20:00:00,2050-12-29 18:00:00,1966.3,0.0,0.0,10.7,1977.0,1898.9,1947.8,0.0,1640.0,0.0343,0.0514,battery,gas-cc,107.5,2.0,0.2,12.7,811.1,0.05,107.6,36.9,144.5,111.3,2.1,0.21,13.1,839.9,0.05,111.4,38.2,149.6,158.5,3.0,0.3,18.7,1195.0,0.07,158.7,54.4,213.1,487.9,9.2,0.92,57.6,3682.1,0.21,488.5,167.4,655.9,43.79,0.0,0.0,43.79,46.17,0.0,0.0,46.17,0.0,0.0,0.0,3616.9,29.2,2515.0,0.0,0.0,0.0,0.0,0.0,1072.7,0.0,0.0,0.0,0.0,0.0,0.0,0.0,29.2,0.0
2050-12-29 21:00:00,2050-12-29 19:00:00,1980.0,0.0,0.0,6.6,1986.6,1911.9,1939.8,0.0,1009.5,0.0344,0.0518,battery,gas-ct,129.8,2.4,0.24,15.3,979.2,0.06,129.9,44.5,174.4,134.4,2.5,0.25,15.9,1014.1,0.06,134.5,46.1,180.6,167.6,3.2,0.32,19.8,1263.4,0.07,167.8,57.5,225.2,596.9,11.2,1.12,70.5,4504.4,0.26,597.6,204.8,802.4,43.79,0.0,0.0,43.79,46.18,0.0,0.0,46.18,0.0,0.0,0.0,2996.0,46.8,1876.5,0.0,0.0,0.0,0.0,0.0,1072.7,0.0,0.0,0.0,0.0,0.0,0.0,0.0,46.8,0.0
2050-12-29 22:00:00,2050-12-29 20:00:00,1920.0,0.0,0.0,0.2,1920.2,1854.9,1848.3,0.0,25.5,0.0339,0.0502,battery,gas-ct,199.8,3.8,0.38,23.6,1507.8,0.09,200.0,68.6,268.6,206.8,3.9,0.39,24.4,1560.6,0.09,207.0,71.0,278.0,160.9,3.0,0.3,19.0,1213.0,0.07,161.1,55.2,216.3,605.2,11.4,1.14,71.5,4566.6,0.26,605.8,207.6,813.5,43.79,0.0,0.0,43.79,46.11,0.0,0.0,46.11,0.0,0.0,0.0,1945.7,71.8,801.1,0.0,0.0,0.0,0.0,0.0,1072.7,0.0,0.0,0.0,0.0,0.0,0.0,0.0,71.8,0.0
2050-12-29 23:00:00,2050-12-29 21:00:00,1855.8,0.0,0.0,10.7,1866.4,1793.9,1764.2,0.0,1640.0,0.0334,0.0485,battery,gas-cc,110.9,2.1,0.21,13.1,836.7,0.05,111.0,38.0,149.0,114.7,2.2,0.22,13.6,865.5,0.05,114.8,39.4,154.2,166.0,3.1,0.31,19.6,1251.4,0.07,166.2,56.9,223.1,486.5,9.2,0.92,57.5,3670.9,0.21,487.0,166.9,653.9,43.79,0.0,0.0,43.79,46.03,0.0,0.0,46.03,0.0,0.0,0.0,3506.4,102.3,2331.4,0.0,0.0,0.0,0.0,0.0,1072.7,0.0,0.0,0.0,0.0,0.0,0.0,0.0,102.3,0.0
2050-12-30 00:00:00,2050-12-29 22:00:00,1698.9,0.0,0.0,6.6,1705.6,1644.3,1608.3,0.0,1023.0,0.0321,0.0444,battery,gas-cc,142.5,2.7,0.27,16.8,1075.2,0.06,142.6,48.9,191.5,147.2,2.8,0.28,17.4,1110.9,0.06,147.4,50.5,197.9,155.7,2.9,0.3,18.4,1171.8,0.07,155.9,53.3,209.2,427.1,8.0,0.8,50.5,3222.8,0.19,427.5,146.5,574.1,37.7,0.0,0.0,37.7,39.46,0.0,0.0,39.46,0.0,0.0,0.0,2728.6,97.3,1558.6,0.0,0.0,0.0,0.0,0.0,1072.7,0.0,0.0,0.0,0.0,0.0,0.0,0.0,97.3,0.0
2050-12-30 01:00:00,2050-12-29 23:00:00,1603.2,0.0,0.0,3.8,1607.0,1552.7,1541.6,0.0,584.5,0.0315,0.0419,battery,gas-cc,177.4,3.3,0.33,21.0,1338.7,0.08,177.6,60.9,238.5,183.2,3.5,0.35,21.6,1382.2,0.08,183.4,62.8,246.2,157.3,3.0,0.3,18.6,1185.3,0.07,157.5,53.9,211.4,426.0,8.0,0.8,50.3,3214.4,0.18,426.4,146.2,572.6,37.7,0.0,0.0,37.7,39.35,0.0,0.0,39.35,0.0,0.0,0.0,2191.5,65.4,1053.4,0.0,0.0,0.0,0.0,0.0,1072.7,0.0,0.0,0.0,0.0,0.0,0.0,0.0,65.4,0.0
2050-12-30 02:00:00,2050-12-30 00:00:00,1464.2,0.0,0.0,7.8,1472.0,1419.3,1430.6,42.0,1105.3,0.0307,0.0383,battery,gas-cc,153.3,2.9,0.29,18.1,1157.1,0.07,153.5,52.6,206.1,155.6,2.9,0.29,18.4,1174.3,0.07,155.8,53.4,209.2,175.9,3.3,0.33,20.8,1326.5,0.08,176.1,60.3,236.5,483.1,9.1,0.91,57.1,3645.7,0.21,483.6,165.8,649.4,37.7,0.0,0.0,37.7,39.2,0.0,0.0,39.2,0.0,0.0,0.0,2535.3,41.4,1421.2,0.0,0.0,0.0,0.0,0.0,1072.7,0.0,0.0,0.0,0.0,0.0,0.0,0.0,41.4,0.0
2050-12-30 03:00:00,2050-12-30 01:00:00,1384.2,0.0,0.0,3.5,1387.7,1342.3,1362.7,30.6,463.2,0.0303,0.0362,battery,gas-cc,213.6,4.0,0.4,25.2,1611.6,0.09,213.8,73.3,287.1,216.6,4.1,0.41,25.6,1634.5,0.09,216.8,74.3,291.2,166.1,3.1,0.31,19.6,1252.5,0.07,166.3,57.0,223.3,482.1,9.1,0.91,56.9,3637.8,0.21,482.6,165.4,648.0,37.7,0.0,0.0,37.7,39.12,0.0,0.0,39.12,0.0,0.0,0.0,1820.3,25.0,722.6,0.0,0.0,0.0,0.0,0.0,1072.7,0.0,0.0,0.0,0.0,0.0,0.0,0.0,25.0,0.0
2050-12-30 04:00:00,2050-12-30 02:00:00,1340.0,0.0,0.0,5.9,1345.9,1299.7,1329.9,0.0,911.8,0.0301,0.035,battery,gas-cc,172.2,3.2,0.32,20.3,1299.4,0.07,172.4,59.1,231.5,177.5,3.3,0.33,21.0,1339.7,0.08,177.7,60.9,238.6,176.9,3.3,0.33,20.9,1333.6,0.08,177.1,60.7,237.7,481.5,9.1,0.91,56.9,3633.5,0.21,482.0,165.2,647.2,37.7,0.0,0.0,37.7,39.07,0.0,0.0,39.07,0.0,0.0,0.0,2257.8,16.1,1168.9,0.0,0.0,0.0,0.0,0.0,1072.7,0.0,0.0,0.0,0.0,0.0,0.0,0.0,16.1,0.0
2050-12-30 05:00:00,2050-12-30 03:00:00,1306.3,0.0,0.0,0.2,1306.5,1267.1,1296.1,0.0,33.1,0.03,0.0342,battery,gas-cc,290.2,5.5,0.55,34.3,2189.9,0.13,290.5,99.6,390.1,299.2,5.6,0.56,35.3,2257.6,0.13,299.5,102.7,402.1,179.0,3.4,0.34,21.1,1349.6,0.08,179.2,61.4,240.6,422.5,8.0,0.8,49.9,3188.6,0.18,423.0,145.0,568.0,37.7,0.0,0.0,37.7,39.04,0.0,0.0,39.04,0.0,0.0,0.0,1339.6,10.4,256.5,0.0,0.0,0.0,0.0,0.0,1072.7,0.0,0.0,0.0,0.0,0.0,0.0,0.0,10.4,0.0
2050-12-30 06:00:00,2050-12-30 04:00:00,1311.6,0.0,0.0,0.0,1311.6,1272.2,1303.4,0.0,0.0,0.03,0.0343,battery,gas-cc,296.4,5.6,0.56,35.0,2236.7,0.13,296.7,101.7,398.4,305.6,5.8,0.58,36.1,2305.9,0.13,305.9,104.9,410.8,170.4,3.2,0.32,20.1,1285.0,0.07,170.6,58.4,229.1,422.6,8.0,0.8,49.9,3189.0,0.18,423.1,145.0,568.1,37.7,0.0,0.0,37.7,39.04,0.0,0.0,39.04,0.0,0.0,0.0,1311.6,8.2,230.7,0.0,0.0,0.0,0.0,0.0,1072.7,0.0,0.0,0.0,0.0,0.0,0.0,0.0,8.2,0.0
2050-12-30 07:00:00,2050-12-30 05:00:00,1386.3,0.0,0.0,1.9,1388.2,1344.3,1379.4,0.0,288.0,0.0303,0.0363,battery,gas-cc,231.9,4.4,0.44,27.4,1750.2,0.1,232.2,79.6,311.8,239.2,4.5,0.45,28.3,1804.9,0.1,239.4,82.1,321.5,154.1,2.9,0.29,18.2,1161.5,0.07,154.2,52.8,207.1,423.5,8.0,0.8,50.0,3195.5,0.18,423.9,145.3,569.2,37.7,0.0,0.0,37.7,39.12,0.0,0.0,39.12,0.0,0.0,0.0,1676.1,8.8,594.6,0.0,0.0,0.0,0.0,0.0,1072.7,0.0,0.0,0.0,0.0,0.0,0.0,0.0,8.8,0.0
2050-12-30 08:00:00,2050-12-30 06:00:00,1521.1,0.0,0.0,3.5,1524.5,1473.9,1516.0,0.0,530.9,0.031,0.0398,battery,gas-cc,189.1,3.6,0.36,22.3,1427.3,0.08,189.3,64.9,254.2,195.2,3.7,0.37,23.1,1472.9,0.08,195.4,67.0,262.4,154.9,2.9,0.29,18.3,1167.6,0.07,155.1,53.1,208.2,425.0,8.0,0.8,50.2,3207.2,0.18,425.5,145.8,571.3,37.7,0.0,0.0,37.7,39.27,0.0,0.0,39.27,0.0,0.0,0.0,2055.4,8.5,974.1,0.0,0.0,0.0,0.0,0.0,1072.7,0.0,0.0,0.0,0.0,0.0,0.0,0.0,8.5,0.0
2050-12-30 09:00:00,2050-12-30 07:00:00,1647.4,0.0,0.0,5.8,1653.1,1595.0,248.2,0.0,886.6,0.0318,0.0431,battery,gas-cc,153.1,2.9,0.29,18.1,1155.1,0.07,153.2,52.5,205.8,158.1,3.0,0.3,18.7,1193.0,0.07,158.3,54.2,212.5,176.6,3.3,0.34,20.9,1330.8,0.08,176.8,60.5,237.3,439.1,8.3,0.83,51.9,3313.6,0.19,439.6,150.7,590.2,37.7,0.0,0.0,37.7,39.4,0.0,0.0,39.4,0.0,0.0,0.0,2539.8,1404.9,62.1,0.0,0.0,0.0,0.0,58.8,1072.7,0.0,0.0,0.0,0.0,0.0,0.0,1335.3,10.8,0.0
2050-12-30 10:00:00,2050-12-30 08:00:00,1825.3,2431.9,0.0,5.0,4262.2,1764.8,-772.3,0.0,772.3,0.0331,0.0477,battery,gas-cc,0.0,0.0,0.0,0.0,0.0,0.0,0.0,0.0,0.0,0.0,0.0,0.0,0.0,0.0,0.0,0.0,0.0,0.0,150.3,2.8,0.28,17.8,1133.5,0.07,150.5,51.6,202.0,373.4,7.0,0.7,44.1,2817.8,0.16,373.8,128.1,501.9,32.02,0.0,0.0,32.02,33.62,0.0,0.0,33.62,0.0,0.0,0.0,5034.5,5034.5,0.0,0.0,0.0,0.0,0.0,212.0,0.0,0.0,0.0,0.0,0.0,0.0,0.0,4811.1,11.4,0.0
2050-12-30 11:00:00,2050-12-30 09:00:00,1850.5,3990.5,0.0,9.6,5850.6,1788.9,-1480.0,0.0,1480.0,0.0333,0.0484,battery,gas-cc,0.0,0.0,0.0,0.0,0.0,0.0,0.0,0.0,0.0,0.0,0.0,0.0,0.0,0.0,0.0,0.0,0.0,0.0,148.8,2.8,0.28,17.6,1122.0,0.06,149.0,51.0,200.0,373.7,7.0,0.7,44.1,2819.8,0.16,374.1,128.2,502.3,32.02,0.0,0.0,32.02,33.64,0.0,0.0,33.64,0.0,0.0,0.0,7330.6,7330.6,0.0,0.0,0.0,0.0,0.0,308.7,0.0,0.0,0.0,0.0,0.0,0.0,0.0,7005.1,16.8,0.0
2050-12-30 12:00:00,2050-12-30 10:00:00,1778.9,4019.6,0.0,19.9,5818.4,1720.7,-2233.6,0.0,2233.6,0.0327,0.0465,battery,gas-cc,0.0,0.0,0.0,0.0,0.0,0.0,0.0,0.0,0.0,0.0,0.0,0.0,0.0,0.0,0.0,0.0,0.0,0.0,148.9,2.8,0.28,17.6,1122.6,0.06,149.0,51.1,200.1,372.9,7.0,0.7,44.1,2814.2,0.16,373.3,128.0,501.3,30.68,0.0,0.0,30.68,32.18,0.0,0.0,32.18,0.0,0.0,0.0,8052.0,8052.0,0.0,0.0,0.0,0.0,0.0,338.3,0.0,0.0,0.0,0.0,0.0,0.0,0.0,7677.1,36.5,0.0
2050-12-30 13:00:00,2050-12-30 11:00:00,1677.9,4019.6,0.0,14.2,5711.6,1624.2,-1865.4,0.0,1865.4,0.032,0.0439,battery,gas-cc,0.0,0.0,0.0,0.0,0.0,0.0,0.0,0.0,0.0,0.0,0.0,0.0,0.0,0.0,0.0,0.0,0.0,0.0,148.9,2.8,0.28,17.6,1122.5,0.06,149.0,51.1,200.1,359.0,6.8,0.68,42.4,2709.3,0.16,359.4,123.2,482.6,30.68,0.0,0.0,30.68,32.09,0.0,0.0,32.09,0.0,0.0,0.0,7577.1,7577.1,0.0,0.0,0.0,0.0,0.0,316.9,0.0,0.0,0.0,0.0,0.0,0.0,0.0,7192.5,67.7,0.0
2050-12-30 14:00:00,2050-12-30 12:00:00,1605.3,4019.6,0.0,13.1,5638.0,1554.7,-1798.4,0.0,1798.4,0.0315,0.042,battery,gas-cc,0.0,0.0,0.0,0.0,0.0,0.0,0.0,0.0,0.0,0.0,0.0,0.0,0.0,0.0,0.0,0.0,0.0,0.0,139.9,2.6,0.26,16.5,1054.6,0.06,140.0,48.0,188.0,371.2,7.0,0.7,43.8,2800.9,0.16,371.6,127.4,498.9,30.68,0.0,0.0,30.68,32.03,0.0,0.0,32.03,0.0,0.0,0.0,7436.3,7436.3,0.0,0.0,0.0,0.0,0.0,309.5,0.0,0.0,0.0,0.0,0.0,0.0,0.0,7024.5,102.4,0.0
2050-12-30 15:00:00,2050-12-30 13:00:00,1549.5,2879.6,0.0,13.1,4442.2,1501.2,-891.2,0.0,891.2,0.0311,0.0405,battery,gas-cc,0.0,0.0,0.0,0.0,0.0,0.0,0.0,0.0,0.0,0.0,0.0,0.0,0.0,0.0,0.0,0.0,0.0,0.0,151.4,2.9,0.29,17.9,1141.8,0.07,151.6,51.9,203.5,370.6,7.0,0.7,43.8,2796.6,0.16,371.0,127.2,498.2,32.02,0.0,0.0,32.02,33.37,0.0,0.0,33.37,0.0,0.0,0.0,5333.4,5333.4,0.0,0.0,0.0,0.0,0.0,220.0,0.0,0.0,0.0,0.0,0.0,0.0,0.0,4992.1,121.4,0.0
2050-12-30 16:00:00,2050-12-30 14:00:00,1512.6,3332.5,0.0,0.0,4845.1,1465.9,-0.0,0.0,0.0,0.0309,0.0396,battery,gas-cc,0.0,0.0,0.0,0.0,0.0,0.0,0.0,0.0,0.0,0.0,0.0,0.0,0.0,0.0,0.0,0.0,0.0,0.0,157.5,3.2,0.35,18.7,1138.5,0.08,157.7,52.7,210.4,368.8,7.0,0.7,43.6,2783.4,0.16,369.2,126.6,495.8,32.02,0.0,0.0,32.02,33.33,0.0,0.0,33.33,0.0,0.0,0.0,4845.1,4845.1,0.0,0.0,0.0,0.0,0.0,199.4,0.0,0.0,0.0,0.0,0.0,0.0,0.0,4523.6,122.1,0.0
2050-12-30 17:00:00,2050-12-30 15:00:00,1549.5,2216.1,0.0,9.1,3774.7,1501.2,-588.5,0.0,588.5,0.0311,0.0405,battery,gas-cc,0.0,0.0,0.0,0.0,0.0,0.0,0.0,0.0,0.0,0.0,0.0,0.0,0.0,0.0,0.0,0.0,0.0,0.0,153.7,2.9,0.29,18.2,1158.7,0.07,153.8,52.7,206.5,369.2,7.0,0.7,43.6,2786.2,0.16,369.6,126.7,496.3,32.02,0.0,0.0,32.02,33.37,0.0,0.0,33.37,0.0,0.0,0.0,4363.2,4363.2,0.0,0.0,0.0,0.0,0.0,179.8,0.0,0.0,0.0,0.0,0.0,0.0,0.0,4080.9,102.5,0.0
2050-12-30 18:00:00,2050-12-30 16:00:00,1633.7,0.0,0.0,9.0,1642.7,1581.9,239.6,0.0,833.2,0.0317,0.0427,hydro,gas-cc,157.0,3.0,0.3,18.5,1184.9,0.07,157.2,53.9,211.1,162.2,3.1,0.31,19.2,1223.7,0.07,162.3,55.6,218.0,186.4,3.5,0.35,22.0,1405.9,0.08,186.6,63.9,250.6,513.6,9.7,0.97,60.7,3875.6,0.22,514.1,176.2,690.4,43.99,0.0,0.0,43.99,45.95,0.0,0.0,45.95,0.0,0.0,0.0,2475.8,1403.1,0.0,0.0,0.0,0.0,0.0,53.7,1072.7,0.0,0.0,0.0,0.0,0.0,0.0,1218.9,130.4,0.0
2050-12-30 19:00:00,2050-12-30 17:00:00,1816.8,0.0,0.0,10.7,1827.5,1756.8,1702.6,0.0,1640.0,0.033,0.0475,battery,gas-cc,112.1,2.1,0.21,13.2,846.1,0.05,112.2,38.5,150.7,115.9,2.2,0.22,13.7,875.0,0.05,116.1,39.8,155.9,190.8,3.6,0.36,22.5,1438.8,0.08,191.0,65.4,256.4,485.9,9.2,0.92,57.4,3667.0,0.21,486.5,166.7,653.2,45.1,0.0,0.0,45.1,47.35,0.0,0.0,47.35,0.0,0.0,0.0,3467.5,124.9,2269.8,0.0,0.0,0.0,0.0,0.0,1072.7,0.0,0.0,0.0,0.0,0.0,0.0,0.0,124.9,0.0
2050-12-30 20:00:00,2050-12-30 18:00:00,1997.9,0.0,0.0,10.7,2008.6,1928.8,1872.0,0.0,1640.0,0.0346,0.0522,battery,gas-cc,106.6,2.0,0.2,12.6,804.1,0.05,106.7,36.6,143.2,110.4,2.1,0.21,13.0,832.9,0.05,110.5,37.9,148.4,232.0,4.4,0.44,27.4,1749.5,0.1,232.3,79.6,311.8,488.4,9.2,0.92,57.7,3685.3,0.21,488.9,167.6,656.5,45.1,0.0,0.0,45.1,47.58,0.0,0.0,47.58,0.0,0.0,0.0,3648.5,136.6,2439.2,0.0,0.0,0.0,0.0,0.0,1072.7,0.0,0.0,0.0,0.0,0.0,0.0,0.0,136.6,0.0
2050-12-30 21:00:00,2050-12-30 19:00:00,2012.6,0.0,0.0,10.7,2023.3,1942.8,1908.9,0.0,1640.0,0.0347,0.0526,battery,gas-cc,106.1,2.0,0.2,12.5,800.8,0.05,106.2,36.4,142.7,109.9,2.1,0.21,13.0,829.6,0.05,110.1,37.7,147.8,207.7,3.9,0.39,24.5,1566.3,0.09,207.9,71.2,279.1,488.6,9.2,0.92,57.7,3686.8,0.21,489.1,167.6,656.7,45.1,0.0,0.0,45.1,47.6,0.0,0.0,47.6,0.0,0.0,0.0,3663.3,114.4,2476.1,0.0,0.0,0.0,0.0,0.0,1072.7,0.0,0.0,0.0,0.0,0.0,0.0,0.0,114.4,0.0
2050-12-30 22:00:00,2050-12-30 20:00:00,1937.9,0.0,0.0,9.7,1947.6,1871.9,1852.3,0.0,1486.6,0.034,0.0507,battery,gas-cc,113.2,2.1,0.21,13.4,854.3,0.05,113.3,38.8,152.2,117.2,2.2,0.22,13.8,884.4,0.05,117.3,40.2,157.5,210.6,4.0,0.4,24.9,1588.4,0.09,210.8,72.2,283.1,487.6,9.2,0.92,57.6,3679.2,0.21,488.1,167.3,655.4,45.1,0.0,0.0,45.1,47.5,0.0,0.0,47.5,0.0,0.0,0.0,3434.1,95.2,2266.2,0.0,0.0,0.0,0.0,0.0,1072.7,0.0,0.0,0.0,0.0,0.0,0.0,0.0,95.2,0.0
2050-12-30 23:00:00,2050-12-30 21:00:00,1861.1,0.0,0.0,10.7,1871.7,1798.9,1774.8,0.0,1640.0,0.0334,0.0487,battery,gas-cc,110.7,2.1,0.21,13.1,835.4,0.05,110.8,38.0,148.8,114.5,2.2,0.22,13.5,864.3,0.05,114.7,39.3,154.0,198.2,3.7,0.37,23.4,1494.7,0.09,198.4,68.0,266.4,486.5,9.2,0.92,57.5,3671.5,0.21,487.1,166.9,654.0,45.1,0.0,0.0,45.1,47.4,0.0,0.0,47.4,0.0,0.0,0.0,3511.7,96.9,2342.0,0.0,0.0,0.0,0.0,0.0,1072.7,0.0,0.0,0.0,0.0,0.0,0.0,0.0,96.9,0.0
2050-12-31 00:00:00,2050-12-30 22:00:00,1745.3,0.0,0.0,24.8,1770.1,1688.6,1676.4,0.0,2542.6,0.0325,0.0456,battery,gas-cc,90.1,1.7,0.17,10.6,680.2,0.04,90.2,30.9,121.2,93.2,1.8,0.18,11.0,703.1,0.04,93.3,32.0,125.2,164.2,3.1,0.31,19.4,1237.6,0.07,164.3,56.3,220.6,485.0,9.1,0.91,57.3,3659.8,0.21,485.5,166.4,651.9,44.69,0.0,0.0,44.69,46.83,0.0,0.0,46.83,0.0,0.0,0.0,4312.7,93.6,3146.3,0.0,0.0,0.0,0.0,0.0,1072.7,0.0,0.0,0.0,0.0,0.0,0.0,0.0,93.6,0.0
2050-12-31 01:00:00,2050-12-30 23:00:00,1633.7,0.0,0.0,10.7,1644.3,1581.9,1586.9,0.0,1640.0,0.0317,0.0427,battery,gas-cc,118.4,2.2,0.22,14.0,893.2,0.05,118.5,40.6,159.1,122.2,2.3,0.23,14.4,922.5,0.05,122.4,41.9,164.3,157.2,3.0,0.3,18.6,1183.7,0.07,157.4,53.9,211.2,483.5,9.1,0.91,57.1,3648.6,0.21,484.0,165.9,649.9,44.69,0.0,0.0,44.69,46.69,0.0,0.0,46.69,0.0,0.0,0.0,3284.3,57.4,2154.2,0.0,0.0,0.0,0.0,0.0,1072.7,0.0,0.0,0.0,0.0,0.0,0.0,0.0,57.4,0.0
2050-12-31 02:00:00,2050-12-31 00:00:00,1505.3,0.0,0.0,10.7,1515.9,1458.8,1476.8,0.0,1640.0,0.0309,0.0394,battery,gas-cc,123.2,2.3,0.23,14.6,929.6,0.05,123.3,42.3,165.6,127.1,2.4,0.24,15.0,959.2,0.06,127.2,43.6,170.9,153.5,2.9,0.29,18.1,1156.8,0.07,153.6,52.6,206.2,481.8,9.1,0.91,56.9,3635.9,0.21,482.3,165.3,647.7,44.69,0.0,0.0,44.69,46.53,0.0,0.0,46.53,0.0,0.0,0.0,3155.9,39.1,2044.1,0.0,0.0,0.0,0.0,0.0,1072.7,0.0,0.0,0.0,0.0,0.0,0.0,0.0,39.1,0.0
2050-12-31 03:00:00,2050-12-31 01:00:00,1420.0,0.0,0.0,10.7,1430.7,1376.8,1383.8,0.0,1640.0,0.0304,0.0371,battery,gas-cc,126.6,2.4,0.24,15.0,955.4,0.05,126.7,43.4,170.2,130.6,2.5,0.25,15.4,985.4,0.06,130.7,44.8,175.5,227.7,4.3,0.43,26.9,1717.3,0.1,228.0,78.1,306.1,480.7,9.1,0.91,56.8,3627.5,0.21,481.2,164.9,646.2,44.69,0.0,0.0,44.69,46.42,0.0,0.0,46.42,0.0,0.0,0.0,3070.6,46.9,1951.0,0.0,0.0,0.0,0.0,0.0,1072.7,0.0,0.0,0.0,0.0,0.0,0.0,0.0,46.9,0.0
2050-12-31 04:00:00,2050-12-31 02:00:00,1384.2,0.0,0.0,7.4,1391.6,1342.3,1344.2,0.0,1135.7,0.0303,0.0362,battery,gas-cc,153.8,2.9,0.29,18.2,1160.8,0.07,154.0,52.8,206.8,158.6,3.0,0.3,18.7,1197.0,0.07,158.8,54.4,213.2,208.2,4.0,0.41,24.6,1559.1,0.09,208.4,71.1,279.6,480.2,9.1,0.91,56.7,3623.9,0.21,480.8,164.8,645.5,44.69,0.0,0.0,44.69,46.37,0.0,0.0,46.37,0.0,0.0,0.0,2527.3,47.4,1407.2,0.0,0.0,0.0,0.0,0.0,1072.7,0.0,0.0,0.0,0.0,0.0,0.0,0.0,47.4,0.0
2050-12-31 05:00:00,2050-12-31 03:00:00,1357.9,0.0,0.0,0.2,1358.1,1316.9,1316.8,15.0,0.0,0.0302,0.0355,hydro,gas-cc,289.4,5.5,0.55,34.2,2184.2,0.13,289.8,99.3,389.1,295.2,5.6,0.56,34.9,2227.3,0.13,295.5,101.3,396.7,163.8,3.1,0.33,19.4,1220.8,0.08,164.0,55.8,219.8,486.4,9.2,0.92,57.5,3670.3,0.21,486.9,166.9,653.8,44.69,0.0,0.0,44.69,46.34,0.0,0.0,46.34,0.0,0.0,0.0,1343.1,41.4,229.1,0.0,0.0,0.0,0.0,0.0,1072.7,0.0,0.0,0.0,0.0,0.0,0.0,0.0,41.4,0.0
2050-12-31 06:00:00,2050-12-31 04:00:00,1366.3,0.0,0.0,1.3,1367.7,1325.0,1339.5,0.0,206.7,0.0302,0.0357,battery,gas-cc,246.9,4.7,0.47,29.2,1863.4,0.11,247.2,84.7,331.9,254.6,4.8,0.48,30.1,1921.5,0.11,254.9,87.4,342.3,173.9,3.3,0.33,20.5,1310.9,0.08,174.1,59.6,233.7,480.0,9.0,0.9,56.7,3622.2,0.21,480.5,164.7,645.2,44.69,0.0,0.0,44.69,46.35,0.0,0.0,46.35,0.0,0.0,0.0,1574.3,28.1,473.5,0.0,0.0,0.0,0.0,0.0,1072.7,0.0,0.0,0.0,0.0,0.0,0.0,0.0,28.1,0.0
2050-12-31 07:00:00,2050-12-31 05:00:00,1441.1,0.0,0.0,7.6,1448.6,1397.0,1429.4,0.0,1166.3,0.0305,0.0377,battery,gas-cc,148.7,2.8,0.28,17.6,1121.9,0.06,148.8,51.0,199.8,153.4,2.9,0.29,18.1,1157.2,0.07,153.5,52.6,206.1,180.2,3.4,0.34,21.3,1358.5,0.08,180.4,61.8,242.2,481.0,9.1,0.91,56.8,3629.5,0.21,481.5,165.0,646.5,44.69,0.0,0.0,44.69,46.44,0.0,0.0,46.44,0.0,0.0,0.0,2615.0,19.2,1523.0,0.0,0.0,0.0,0.0,0.0,1072.7,0.0,0.0,0.0,0.0,0.0,0.0,0.0,19.2,0.0
2050-12-31 08:00:00,2050-12-31 06:00:00,1577.9,0.0,0.0,8.3,1586.2,1528.5,1570.5,0.0,1272.3,0.0313,0.0413,battery,gas-ct,136.0,2.6,0.26,16.1,1026.3,0.06,136.1,46.7,182.8,140.4,2.6,0.26,16.6,1059.5,0.06,140.6,48.2,188.7,176.6,3.3,0.33,20.9,1331.5,0.08,176.8,60.6,237.4,719.8,13.6,1.36,85.0,5431.4,0.31,720.5,247.0,967.5,44.69,0.0,0.0,44.69,46.62,0.0,0.0,46.62,0.0,0.0,0.0,2858.5,15.7,1770.0,0.0,0.0,0.0,0.0,0.0,1072.7,0.0,0.0,0.0,0.0,0.0,0.0,0.0,15.7,0.0
2050-12-31 09:00:00,2050-12-31 07:00:00,1724.2,0.0,0.0,10.2,1734.4,1668.5,-410.8,24.5,1508.0,0.0323,0.0451,battery,gas-cc,120.8,2.3,0.23,14.3,911.7,0.05,120.9,41.5,162.4,124.0,2.3,0.23,14.7,936.0,0.05,124.2,42.6,166.7,155.7,2.9,0.3,18.4,1173.6,0.07,155.9,53.4,209.3,454.3,8.6,0.86,53.7,3428.1,0.2,454.8,155.9,610.7,43.79,0.0,0.0,43.79,45.86,0.0,0.0,45.86,0.0,0.0,0.0,3217.9,2145.2,0.0,0.0,0.0,0.0,0.0,90.0,1072.7,0.0,0.0,0.0,0.0,0.0,0.0,2042.1,13.1,0.0
2050-12-31 10:00:00,2050-12-31 08:00:00,1881.1,3693.0,0.0,10.7,5584.7,1817.9,-1640.0,0.0,1640.0,0.0336,0.0492,upv,upv,0.0,0.0,0.0,0.0,0.0,0.0,0.0,0.0,0.0,0.0,0.0,0.0,0.0,0.0,0.0,0.0,0.0,0.0,144.7,2.7,0.28,17.1,1089.1,0.06,144.9,49.6,194.5,0.0,0.0,0.0,0.0,0.0,0.0,0.0,0.0,0.0,0.0,0.0,0.0,0.0,0.0,0.0,0.0,0.0,11.7,541.1,552.8,7224.7,7224.7,0.0,0.0,0.0,0.0,0.0,0.0,0.0,0.0,0.0,0.0,0.0,0.0,0.0,7224.7,0.0,0.0
2050-12-31 11:00:00,2050-12-31 09:00:00,1871.6,3629.9,0.0,10.7,5512.2,1808.9,-1640.0,0.0,1640.0,0.0335,0.0489,upv,upv,0.0,0.0,0.0,0.0,0.0,0.0,0.0,0.0,0.0,0.0,0.0,0.0,0.0,0.0,0.0,0.0,0.0,0.0,140.2,2.6,0.27,16.6,1056.8,0.06,140.3,48.1,188.4,0.0,0.0,0.0,0.0,0.0,0.0,0.0,0.0,0.0,0.0,0.0,0.0,0.0,0.0,0.0,0.0,0.0,9.5,1612.2,1621.7,7152.1,7152.1,0.0,0.0,0.0,0.0,0.0,369.9,0.0,0.0,0.0,0.0,0.0,0.0,0.0,6782.2,0.0,0.0
2050-12-31 12:00:00,2050-12-31 10:00:00,1760.0,3597.0,0.0,10.7,5367.6,1702.6,-1640.0,0.0,1640.0,0.0326,0.046,upv,upv,0.0,0.0,0.0,0.0,0.0,0.0,0.0,0.0,0.0,0.0,0.0,0.0,0.0,0.0,0.0,0.0,0.0,0.0,140.0,2.6,0.27,16.5,1055.8,0.06,140.2,48.0,188.2,0.0,0.0,0.0,0.0,0.0,0.0,0.0,0.0,0.0,0.0,0.0,0.0,0.0,0.0,0.0,0.0,0.0,10.1,1338.4,1348.5,7007.6,7007.6,0.0,0.0,0.0,0.0,0.0,352.2,0.0,0.0,0.0,0.0,0.0,0.0,0.0,6655.4,0.0,0.0
2050-12-31 13:00:00,2050-12-31 11:00:00,1644.2,3629.9,0.0,10.7,5284.8,1592.0,-1640.0,0.0,1640.0,0.0318,0.043,upv,upv,0.0,0.0,0.0,0.0,0.0,0.0,0.0,0.0,0.0,0.0,0.0,0.0,0.0,0.0,0.0,0.0,0.0,0.0,139.9,2.6,0.26,16.5,1054.9,0.06,140.1,48.0,188.1,0.0,0.0,0.0,0.0,0.0,0.0,0.0,0.0,0.0,0.0,0.0,0.0,0.0,0.0,0.0,0.0,0.0,10.7,955.7,966.4,6924.8,6924.8,0.0,0.0,0.0,0.0,0.0,332.6,0.0,0.0,0.0,0.0,0.0,0.0,0.0,6592.2,0.0,0.0
2050-12-31 14:00:00,2050-12-31 12:00:00,1572.6,3211.2,0.0,10.7,4794.5,1523.4,-1640.0,0.0,1640.0,0.0313,0.0411,upv,upv,0.0,0.0,0.0,0.0,0.0,0.0,0.0,0.0,0.0,0.0,0.0,0.0,0.0,0.0,0.0,0.0,0.0,0.0,154.2,2.9,0.29,18.2,1162.9,0.07,154.4,52.9,207.3,0.0,0.0,0.0,0.0,0.0,0.0,0.0,0.0,0.0,0.0,0.0,0.0,0.0,0.0,0.0,0.0,0.0,8.4,1452.8,1461.3,6434.4,6434.4,0.0,0.0,0.0,0.0,0.0,332.9,0.0,0.0,0.0,0.0,0.0,0.0,0.0,6101.5,0.0,0.0
2050-12-31 15:00:00,2050-12-31 13:00:00,1530.5,3795.7,0.0,10.7,5336.9,1483.0,-1640.0,0.0,1640.0,0.031,0.04,upv,upv,0.0,0.0,0.0,0.0,0.0,0.0,0.0,0.0,0.0,0.0,0.0,0.0,0.0,0.0,0.0,0.0,0.0,0.0,145.4,2.7,0.28,17.2,1096.1,0.06,145.5,49.9,195.4,0.0,0.0,0.0,0.0,0.0,0.0,0.0,0.0,0.0,0.0,0.0,0.0,0.0,0.0,0.0,0.0,0.0,7.9,1369.2,1377.1,6976.8,6976.8,0.0,0.0,0.0,0.0,0.0,352.2,0.0,0.0,0.0,0.0,0.0,0.0,0.0,6624.6,0.0,0.0
2050-12-31 16:00:00,2050-12-31 14:00:00,1492.6,2456.1,0.0,10.7,3959.4,1446.6,-1640.0,0.0,1640.0,0.0308,0.039,upv,upv,0.0,0.0,0.0,0.0,0.0,0.0,0.0,0.0,0.0,0.0,0.0,0.0,0.0,0.0,0.0,0.0,0.0,0.0,412.1,7.8,0.79,48.7,3101.8,0.18,412.6,141.2,553.8,0.0,0.0,0.0,0.0,0.0,0.0,0.0,0.0,0.0,0.0,0.0,0.0,0.0,0.0,0.0,0.0,0.0,10.0,3111.0,3121.0,5599.3,5599.3,0.0,0.0,0.0,0.0,0.0,367.6,0.0,0.0,0.0,0.0,0.0,0.0,0.0,5231.8,0.0,0.0
2050-12-31 17:00:00,2050-12-31 15:00:00,1517.9,3112.4,0.0,14.3,4644.6,1470.9,-1874.6,0.0,1874.6,0.031,0.0397,upv,upv,0.0,0.0,0.0,0.0,0.0,0.0,0.0,0.0,0.0,0.0,0.0,0.0,0.0,0.0,0.0,0.0,0.0,0.0,180.0,3.4,0.34,21.3,1357.5,0.08,180.2,61.7,241.9,0.0,0.0,0.0,0.0,0.0,0.0,0.0,0.0,0.0,0.0,0.0,0.0,0.0,0.0,0.0,0.0,0.0,10.3,970.0,980.4,6519.2,6519.2,0.0,0.0,0.0,0.0,0.0,316.1,0.0,0.0,0.0,0.0,0.0,0.0,0.0,6203.1,0.0,0.0
2050-12-31 18:00:00,2050-12-31 16:00:00,1603.2,0.0,0.0,10.7,1613.8,1552.7,-298.8,0.0,1640.0,0.0315,0.0419,battery,gas-cc,119.5,2.3,0.23,14.1,901.6,0.05,119.6,41.0,160.6,123.4,2.3,0.23,14.6,930.9,0.05,123.5,42.3,165.8,161.2,3.1,0.31,19.1,1212.9,0.07,161.4,55.2,216.6,483.1,9.1,0.91,57.1,3645.6,0.21,483.6,165.8,649.4,43.79,0.0,0.0,43.79,45.71,0.0,0.0,45.71,0.0,0.0,0.0,3253.8,1912.6,268.5,0.0,0.0,0.0,0.0,80.0,1072.7,0.0,0.0,0.0,0.0,0.0,0.0,1815.9,16.7,0.0
2050-12-31 19:00:00,2050-12-31 17:00:00,1783.2,0.0,0.0,8.8,1791.9,1724.7,1768.1,0.0,1346.9,0.0328,0.0466,battery,gas-ct,123.9,2.3,0.23,14.6,934.6,0.05,124.0,42.5,166.5,128.1,2.4,0.24,15.1,966.3,0.06,128.2,43.9,172.1,179.3,3.4,0.34,21.2,1351.6,0.08,179.5,61.5,241.0,593.7,11.2,1.12,70.1,4480.1,0.26,594.3,203.7,798.0,43.79,0.0,0.0,43.79,45.94,0.0,0.0,45.94,0.0,0.0,0.0,3138.8,23.8,2042.2,0.0,0.0,0.0,0.0,0.0,1072.7,0.0,0.0,0.0,0.0,0.0,0.0,0.0,23.8,0.0
2050-12-31 20:00:00,2050-12-31 18:00:00,1966.3,0.0,0.0,10.7,1977.0,1898.9,1947.8,0.0,1640.0,0.0343,0.0514,battery,gas-cc,107.5,2.0,0.2,12.7,811.1,0.05,107.6,36.9,144.5,111.3,2.1,0.21,13.1,839.9,0.05,111.4,38.2,149.6,158.5,3.0,0.3,18.7,1195.0,0.07,158.7,54.4,213.1,487.9,9.2,0.92,57.6,3682.1,0.21,488.5,167.4,655.9,43.79,0.0,0.0,43.79,46.17,0.0,0.0,46.17,0.0,0.0,0.0,3616.9,29.2,2515.0,0.0,0.0,0.0,0.0,0.0,1072.7,0.0,0.0,0.0,0.0,0.0,0.0,0.0,29.2,0.0
2050-12-31 21:00:00,2050-12-31 19:00:00,1980.0,0.0,0.0,6.6,1986.6,1911.9,1939.8,0.0,1009.5,0.0344,0.0518,battery,gas-ct,129.8,2.4,0.24,15.3,979.2,0.06,129.9,44.5,174.4,134.4,2.5,0.25,15.9,1014.1,0.06,134.5,46.1,180.6,167.6,3.2,0.32,19.8,1263.4,0.07,167.8,57.5,225.2,596.9,11.2,1.12,70.5,4504.4,0.26,597.6,204.8,802.4,43.79,0.0,0.0,43.79,46.18,0.0,0.0,46.18,0.0,0.0,0.0,2996.0,46.8,1876.5,0.0,0.0,0.0,0.0,0.0,1072.7,0.0,0.0,0.0,0.0,0.0,0.0,0.0,46.8,0.0
2050-12-31 22:00:00,2050-12-31 20:00:00,1920.0,0.0,0.0,0.2,1920.2,1854.9,1848.3,0.0,25.5,0.0339,0.0502,battery,gas-ct,199.8,3.8,0.38,23.6,1507.8,0.09,200.0,68.6,268.6,206.8,3.9,0.39,24.4,1560.6,0.09,207.0,71.0,278.0,160.9,3.0,0.3,19.0,1213.0,0.07,161.1,55.2,216.3,605.2,11.4,1.14,71.5,4566.6,0.26,605.8,207.6,813.5,43.79,0.0,0.0,43.79,46.11,0.0,0.0,46.11,0.0,0.0,0.0,1945.7,71.8,801.1,0.0,0.0,0.0,0.0,0.0,1072.7,0.0,0.0,0.0,0.0,0.0,0.0,0.0,71.8,0.0
2050-12-31 23:00:00,2050-12-31 21:00:00,1855.8,0.0,0.0,10.7,1866.4,1793.9,1764.2,0.0,1640.0,0.0334,0.0485,battery,gas-cc,110.9,2.1,0.21,13.1,836.7,0.05,111.0,38.0,149.0,114.7,2.2,0.22,13.6,865.5,0.05,114.8,39.4,154.2,166.0,3.1,0.31,19.6,1251.4,0.07,166.2,56.9,223.1,486.5,9.2,0.92,57.5,3670.9,0.21,487.0,166.9,653.9,43.79,0.0,0.0,43.79,46.03,0.0,0.0,46.03,0.0,0.0,0.0,3506.4,102.3,2331.4,0.0,0.0,0.0,0.0,0.0,1072.7,0.0,0.0,0.0,0.0,0.0,0.0,0.0,102.3,0.0
2050-01-01 00:00:00,2050-12-31 22:00:00,1782.1,0.0,0.0,3.0,1785.1,1723.7,1751.0,192.5,0.0,0.0328,0.0466,gas-cc,gas-cc,0.0,0.0,0.0,0.0,0.0,0.0,0.0,0.0,0.0,0.0,0.0,0.0,0.0,0.0,0.0,0.0,0.0,0.0,155.0,2.9,0.29,18.3,1168.4,0.07,155.1,53.1,208.3,369.0,7.0,0.7,43.6,2784.4,0.16,369.4,126.6,496.0,27.6,0.0,0.0,27.6,28.95,0.0,0.0,28.95,0.0,0.0,0.0,1592.6,34.0,1558.6,0.0,0.0,0.0,0.0,0.0,0.0,0.0,0.0,0.0,0.0,0.0,0.0,0.0,34.0,0.0
2050-01-01 01:00:00,2050-12-31 23:00:00,1761.1,0.0,0.0,2.5,1763.5,1703.6,1719.3,160.7,0.0,0.0326,0.0461,gas-cc,gas-cc,0.0,0.0,0.0,0.0,0.0,0.0,0.0,0.0,0.0,0.0,0.0,0.0,0.0,0.0,0.0,0.0,0.0,0.0,181.4,3.4,0.34,21.4,1368.1,0.08,181.6,62.2,243.8,368.8,7.0,0.7,43.6,2782.8,0.16,369.2,126.5,495.7,27.6,0.0,0.0,27.6,28.93,0.0,0.0,28.93,0.0,0.0,0.0,1602.9,44.3,1558.6,0.0,0.0,0.0,0.0,0.0,0.0,0.0,0.0,0.0,0.0,0.0,0.0,0.0,44.3,0.0
